snapshot_utc,snapshot_date,snapshot_kind,event,deadline_time,id,web_name,team,position,now_cost,cost_change_event,cost_change_start,selected_by_percent,transfers_in_event,transfers_out_event,transfers_in,transfers_out,status,news,news_added,chance_of_playing_this_round,chance_of_playing_next_round,penalties_order,direct_freekicks_order,corners_and_indirect_freekicks_order,form,event_points,total_points,minutes,starts,goals_scored,assists,clean_sheets,goals_conceded,saves,defensive_contribution,clearances_blocks_interceptions,tackles,recoveries,expected_goals,expected_assists,expected_goal_involvements,expected_goals_conceded,ep_this,ep_next
2026-09-04T17:26:04+00:00,2026-09-04,deadline,3,2026-09-04T17:30:00Z,1,Raya,ARS,GKP,60,0,0,37.3,201552,226121,308286,308099,a,,,,,,,,6.0,6,12,180,2,0,0,2,0,1,0,2,0,19,0.00,0.00,0.00,0.53,6.0,6.0
2026-09-04T17:26:04+00:00,2026-09-04,deadline,3,2026-09-04T17:30:00Z,2,Arrizabalaga,ARS,GKP,50,0,0,0.1,597,1207,919,2596,a,,,,,,,,0.0,0,0,0,0,0,0,0,0,0,0,0,0,0,0.00,0.00,0.00,0.00,0.0,0.0
2026-09-04T17:26:04+00:00,2026-09-04,deadline,3,2026-09-04T17:30:00Z,3,Meslier,ARS,GKP,50,0,0,0.0,170,457,271,949,a,,,,,,,,0.0,0,0,0,0,0,0,0,0,0,0,0,0,0,0.00,0.00,0.00,0.00,0.0,0.0
2026-09-04T17:26:04+00:00,2026-09-04,deadline,3,2026-09-04T17:30:00Z,4,Gabriel,ARS,DEF,80,0,0,24.9,46586,341975,105351,466083,a,,,,,,,,6.5,8,13,180,2,0,0,2,0,0,14,12,2,7,0.18,0.03,0.21,0.53,6.5,6.5
2026-09-04T17:26:04+00:00,2026-09-04,deadline,3,2026-09-04T17:30:00Z,5,J.Timber,ARS,DEF,65,0,0,0.1,546,2433,947,5537,d,Groin injury - 25% chance of playing,2026-07-23T12:01:23.272929Z,0,25,,,,0.0,0,0,0,0,0,0,0,0,0,0,0,0,0,0.00,0.00,0.00,0.00,0.0,0.0
2026-09-04T17:26:04+00:00,2026-09-04,deadline,3,2026-09-04T17:30:00Z,6,Saliba,ARS,DEF,60,0,0,0.2,1100,5469,1946,12285,i,Back injury - Unknown return date,2026-07-23T12:01:23.289376Z,0,0,,,,0.0,0,0,0,0,0,0,0,0,0,0,0,0,0,0.00,0.00,0.00,0.00,0.0,0.0
2026-09-04T17:26:04+00:00,2026-09-04,deadline,3,2026-09-04T17:30:00Z,7,Lewis-Skelly,ARS,MID,55,0,0,0.7,8804,13388,18497,22439,a,,,,,,,,3.0,3,6,160,2,0,0,2,0,0,12,5,1,6,0.13,0.13,0.26,0.53,3.0,3.0
2026-09-04T17:26:04+00:00,2026-09-04,deadline,3,2026-09-04T17:30:00Z,8,Calafiori,ARS,DEF,57,1,2,44.5,511524,116842,821629,158475,a,,,,,,,,10.0,11,20,170,2,0,2,2,0,0,8,6,2,5,0.15,0.55,0.70,0.39,10.0,10.0
2026-09-04T17:26:04+00:00,2026-09-04,deadline,3,2026-09-04T17:30:00Z,9,Hincapie,ARS,DEF,54,0,-1,1.1,4411,35414,8321,76460,a,,,,,,,,0.5,0,1,9,0,0,0,0,0,0,0,0,0,0,0.00,0.00,0.00,0.15,0.5,0.5
2026-09-04T17:26:04+00:00,2026-09-04,deadline,3,2026-09-04T17:30:00Z,10,White,ARS,DEF,55,0,0,7.2,162029,115207,306970,140262,a,,2026-07-23T12:01:23.305229Z,100,100,,,,9.0,7,18,180,2,0,1,2,0,0,9,7,2,5,0.18,0.26,0.44,0.53,9.0,9.0
2026-09-04T17:26:04+00:00,2026-09-04,deadline,3,2026-09-04T17:30:00Z,11,Mosquera,ARS,DEF,55,0,0,4.2,13538,125199,28948,171148,d,Unspecified injury - 75% chance of playing,2026-09-04T14:00:08.080310Z,,75,,,,6.0,6,12,168,2,0,0,2,0,0,10,10,0,3,0.00,0.01,0.01,0.53,6.0,4.5
2026-09-04T17:26:04+00:00,2026-09-04,deadline,3,2026-09-04T17:30:00Z,12,Saka,ARS,MID,95,0,0,11.1,152908,99687,241821,134917,a,,,,,1,2,2,10.0,11,20,157,2,2,0,2,0,0,18,5,3,10,1.27,0.12,1.39,0.39,10.0,10.0
2026-09-04T17:26:04+00:00,2026-09-04,deadline,3,2026-09-04T17:30:00Z,13,Rice,ARS,MID,75,0,0,14.1,21677,247083,57164,404805,a,,,,,,1,1,4.0,5,8,151,2,0,0,2,0,0,18,5,3,10,0.07,0.18,0.25,0.39,4.0,4.0
2026-09-04T17:26:04+00:00,2026-09-04,deadline,3,2026-09-04T17:30:00Z,14,Eze,ARS,MID,64,-1,-1,1.4,8203,40340,13919,84832,a,,,,,,3,,1.0,1,2,59,0,0,0,0,0,0,5,0,0,5,0.04,0.07,0.11,0.39,1.0,1.0
2026-09-04T17:26:04+00:00,2026-09-04,deadline,3,2026-09-04T17:30:00Z,15,Ødegaard,ARS,MID,66,0,1,10.8,118874,170912,408433,207772,a,,,,,3,4,4,7.0,3,14,145,2,1,0,2,0,0,13,3,5,5,0.29,0.17,0.46,0.39,7.0,7.0
2026-09-04T17:26:04+00:00,2026-09-04,deadline,3,2026-09-04T17:30:00Z,16,Madueke,ARS,MID,63,-1,-2,0.2,1272,8027,2684,16258,a,,,,,,,6,0.5,0,1,22,0,0,0,0,0,0,2,0,0,2,0.00,0.04,0.04,0.15,0.5,0.5
2026-09-04T17:26:04+00:00,2026-09-04,deadline,3,2026-09-04T17:30:00Z,17,Merino,ARS,MID,59,-1,-1,0.5,3048,13822,5470,29079,a,,,,,,,,1.0,1,2,33,0,0,0,0,0,0,6,0,0,6,0.14,0.02,0.16,0.15,1.0,1.0
2026-09-04T17:26:04+00:00,2026-09-04,deadline,3,2026-09-04T17:30:00Z,18,Martinelli,ARS,MID,63,-1,-2,0.1,1165,6559,2483,13595,u,Has joined Al Hilal permanently,2026-09-04T12:34:46.738449Z,,0,,,,0.0,0,0,0,0,0,0,0,0,0,0,0,0,0,0.00,0.00,0.00,0.00,0.0,0.0
2026-09-04T17:26:04+00:00,2026-09-04,deadline,3,2026-09-04T17:30:00Z,19,Zubimendi,ARS,MID,54,-1,-1,0.8,3480,19895,5059,40487,a,,,,,,,,1.0,1,2,27,0,0,0,0,0,0,5,0,3,2,0.00,0.02,0.02,0.15,1.0,1.0
2026-09-04T17:26:04+00:00,2026-09-04,deadline,3,2026-09-04T17:30:00Z,20,Dowman,ARS,MID,54,0,-1,0.1,607,1983,1080,4313,a,,,,,,,,0.0,0,0,0,0,0,0,0,0,0,0,0,0,0,0.00,0.00,0.00,0.00,0.0,0.0
2026-09-04T17:26:04+00:00,2026-09-04,deadline,3,2026-09-04T17:30:00Z,22,Nwaneri,ARS,MID,54,-1,-1,0.0,157,420,233,744,u,Has joined Borussia Dortmund on loan for the rest of the season,2026-09-02T16:01:07.058827Z,,0,,,,0.0,0,0,0,0,0,0,0,0,0,0,0,0,0,0.00,0.00,0.00,0.00,0.0,0.0
2026-09-04T17:26:04+00:00,2026-09-04,deadline,3,2026-09-04T17:30:00Z,23,Fábio Vieira,ARS,MID,55,0,0,0.0,175,309,255,524,u,Has joined Hamburger SV permanently,2026-09-02T16:00:28.446370Z,,0,,,,0.0,0,0,0,0,0,0,0,0,0,0,0,0,0,0.00,0.00,0.00,0.00,0.0,0.0
2026-09-04T17:26:04+00:00,2026-09-04,deadline,3,2026-09-04T17:30:00Z,24,Nelson,ARS,MID,55,0,0,0.0,4,301,68,473,u,has departed the club as a free agent.,2026-08-29T00:33:08.556767Z,,0,,,,0.0,0,0,0,0,0,0,0,0,0,0,0,0,0,0.00,0.00,0.00,0.00,0.0,0.0
2026-09-04T17:26:04+00:00,2026-09-04,deadline,3,2026-09-04T17:30:00Z,25,Gyökeres,ARS,FWD,73,-1,-2,4.5,8126,199462,16902,437591,a,,,,,2,,,0.0,0,0,0,0,0,0,0,0,0,0,0,0,0,0.00,0.00,0.00,0.00,0.0,0.0
2026-09-04T17:26:04+00:00,2026-09-04,deadline,3,2026-09-04T17:30:00Z,26,Havertz,ARS,FWD,75,0,0,6.6,72086,139956,259694,178781,a,,,,,,,,4.0,2,8,180,2,1,0,2,0,0,7,2,0,5,0.28,0.06,0.34,0.53,4.0,4.0
2026-09-04T17:26:04+00:00,2026-09-04,deadline,3,2026-09-04T17:30:00Z,27,G.Jesus,ARS,FWD,59,-1,-1,0.3,2250,11054,4164,18232,u,Has joined FC Barcelona permanently,2026-09-02T16:00:28.475184Z,,0,,,,0.0,0,0,0,0,0,0,0,0,0,0,0,0,0,0.00,0.00,0.00,0.00,0.0,0.0
2026-09-04T17:26:04+00:00,2026-09-04,deadline,3,2026-09-04T17:30:00Z,31,Konsa,ARS,DEF,44,-1,-1,10.9,265143,197541,314964,427128,a,,,,,,,,0.5,1,1,11,0,0,0,0,0,0,1,1,0,0,0.00,0.00,0.00,0.00,0.5,0.5
2026-09-04T17:26:04+00:00,2026-09-04,deadline,3,2026-09-04T17:30:00Z,452,Bruno G.,ARS,MID,68,-1,-2,2.0,5532,62325,6382,188880,d,Knock - 75% chance of playing,2026-09-04T14:00:08.328779Z,75,75,4,,5,0.5,1,1,19,0,0,0,0,0,0,3,0,0,3,0.00,0.01,0.01,0.00,0.4,0.4
2026-09-04T17:26:04+00:00,2026-09-04,deadline,3,2026-09-04T17:30:00Z,557,Tzolis,ARS,MID,65,0,0,18.3,91075,678775,327762,734475,a,,,,,,,3,3.0,0,6,120,2,0,1,1,0,0,9,3,1,5,0.19,0.15,0.34,0.16,3.0,3.0
2026-09-04T17:26:04+00:00,2026-09-04,deadline,3,2026-09-04T17:30:00Z,29,M.Bizot,AVL,GKP,45,0,0,0.1,2298,2361,3143,3242,a,,,,,,,,0.5,0,1,90,1,0,0,0,4,3,0,2,0,6,0.00,0.00,0.00,3.77,0.5,0.5
2026-09-04T17:26:04+00:00,2026-09-04,deadline,3,2026-09-04T17:30:00Z,30,Digne,AVL,DEF,45,0,0,0.1,0,2065,0,7042,u,Has joined Paris Saint-Germain permanently,2026-08-10T14:03:30.089007Z,0,0,,,,0.0,0,0,0,0,0,0,0,0,0,0,0,0,0,0.00,0.00,0.00,0.00,0.0,0.0
2026-09-04T17:26:04+00:00,2026-09-04,deadline,3,2026-09-04T17:30:00Z,32,Cash,AVL,DEF,45,0,0,7.0,41240,76765,68218,183092,a,,,,,,,1,0.5,2,1,167,2,0,0,0,5,0,13,7,6,1,0.15,0.01,0.16,4.81,0.5,0.5
2026-09-04T17:26:04+00:00,2026-09-04,deadline,3,2026-09-04T17:30:00Z,33,Mings,AVL,DEF,45,0,0,0.4,2605,4822,5858,8329,a,,,,,,,,0.5,0,1,16,0,0,0,0,0,0,1,0,1,0,0.00,0.00,0.00,0.22,0.5,0.5
2026-09-04T17:26:04+00:00,2026-09-04,deadline,3,2026-09-04T17:30:00Z,34,Pau,AVL,DEF,45,0,0,0.4,5201,4307,7032,9367,a,,,,,,,,1.0,2,2,163,2,0,0,0,5,0,9,8,1,9,0.00,0.01,0.01,4.59,1.0,1.0
2026-09-04T17:26:04+00:00,2026-09-04,deadline,3,2026-09-04T17:30:00Z,35,Bogarde,AVL,MID,50,0,0,0.1,937,1248,1573,2233,a,,,,,,,,0.5,0,1,16,0,0,0,0,0,0,1,1,0,0,0.00,0.00,0.00,0.22,0.5,0.5
2026-09-04T17:26:04+00:00,2026-09-04,deadline,3,2026-09-04T17:30:00Z,36,Maatsen,AVL,DEF,45,0,0,0.8,11129,8562,13675,17420,a,,,,,,,,0.5,1,1,171,2,0,0,0,5,0,17,12,5,4,0.10,0.00,0.10,4.66,0.5,0.5
2026-09-04T17:26:04+00:00,2026-09-04,deadline,3,2026-09-04T17:30:00Z,37,Lindelöf,AVL,DEF,45,0,0,0.3,3193,2978,4968,6989,a,,,,,,,,0.0,2,0,180,2,0,0,0,5,0,10,9,1,2,0.00,0.08,0.08,4.81,0.0,0.0
2026-09-04T17:26:04+00:00,2026-09-04,deadline,3,2026-09-04T17:30:00Z,38,A.García,AVL,DEF,40,0,0,1.8,16036,16579,23375,30502,a,,,,,,,,0.0,0,0,0,0,0,0,0,0,0,0,0,0,0,0.00,0.00,0.00,0.00,0.0,0.0
2026-09-04T17:26:04+00:00,2026-09-04,deadline,3,2026-09-04T17:30:00Z,39,Nedeljkovic,AVL,DEF,40,0,0,0.2,0,3968,0,11206,u,Has joined Rangers on loan for the rest of the season,2026-08-19T13:56:46.385411Z,0,0,,,,0.0,0,0,0,0,0,0,0,0,0,0,0,0,0,0.00,0.00,0.00,0.00,0.0,0.0
2026-09-04T17:26:04+00:00,2026-09-04,deadline,3,2026-09-04T17:30:00Z,41,Buendía,AVL,MID,60,0,0,1.2,20252,23926,25272,45812,a,,,,,1,1,3,2.0,2,4,175,2,0,0,0,5,0,12,3,2,7,0.17,0.11,0.28,4.66,2.0,2.0
2026-09-04T17:26:04+00:00,2026-09-04,deadline,3,2026-09-04T17:30:00Z,44,Bailey,AVL,MID,54,-1,-1,0.1,1094,3694,2096,6351,u,Has joined Olympiakos permanently,2026-09-04T12:35:14.472260Z,,0,,,,0.0,0,0,0,0,0,0,0,0,0,0,0,0,0,0.00,0.00,0.00,0.00,0.0,0.0
2026-09-04T17:26:04+00:00,2026-09-04,deadline,3,2026-09-04T17:30:00Z,45,McGinn,AVL,MID,54,-1,-1,2.4,16729,44193,24335,88846,a,,,,,,,2,1.0,1,2,171,2,0,0,0,5,0,10,3,2,5,0.09,0.06,0.15,4.66,1.0,1.0
2026-09-04T17:26:04+00:00,2026-09-04,deadline,3,2026-09-04T17:30:00Z,46,Barkley,AVL,MID,50,0,0,0.3,5696,3984,7571,6700,a,,,,,,,4,2.0,2,4,150,2,0,0,0,5,0,11,2,3,6,0.13,0.04,0.17,4.59,2.0,2.0
2026-09-04T17:26:04+00:00,2026-09-04,deadline,3,2026-09-04T17:30:00Z,47,Kamara,AVL,MID,50,0,0,0.3,5036,5743,7525,10482,a,,2026-07-23T12:01:23.337269Z,100,100,,,,2.0,2,4,180,2,0,0,0,5,0,15,6,3,6,0.00,0.03,0.03,4.81,2.0,2.0
2026-09-04T17:26:04+00:00,2026-09-04,deadline,3,2026-09-04T17:30:00Z,48,Onana,AVL,MID,50,0,0,0.0,140,568,297,1097,i,Knee injury - Unknown return date,2026-07-23T12:01:23.352497Z,0,0,,,,0.0,0,0,0,0,0,0,0,0,0,0,0,0,0,0.00,0.00,0.00,0.00,0.0,0.0
2026-09-04T17:26:04+00:00,2026-09-04,deadline,3,2026-09-04T17:30:00Z,49,Iling Jr,AVL,MID,50,0,0,0.0,0,63,0,183,u,Has joined Bolton Wanderers on loan for the rest of the season,2026-08-17T13:52:28.532616Z,0,0,,,,0.0,0,0,0,0,0,0,0,0,0,0,0,0,0,0.00,0.00,0.00,0.00,0.0,0.0
2026-09-04T17:26:04+00:00,2026-09-04,deadline,3,2026-09-04T17:30:00Z,50,Burrowes,AVL,MID,45,0,0,0.7,8641,9062,12154,15830,a,,,,,,,,0.0,0,0,0,0,0,0,0,0,0,0,0,0,0,0.00,0.00,0.00,0.00,0.0,0.0
2026-09-04T17:26:04+00:00,2026-09-04,deadline,3,2026-09-04T17:30:00Z,51,George Hemmings,AVL,MID,45,0,0,1.1,36011,14297,44754,19781,a,,,,,,,,2.0,2,4,160,2,0,0,0,5,0,11,0,5,6,0.00,0.01,0.01,4.78,2.0,2.0
2026-09-04T17:26:04+00:00,2026-09-04,deadline,3,2026-09-04T17:30:00Z,52,Alysson,AVL,MID,50,0,0,0.0,822,927,1165,1523,a,,,,,,,,0.5,0,1,27,0,0,0,0,0,0,5,1,2,2,0.00,0.00,0.00,0.16,0.5,0.5
2026-09-04T17:26:04+00:00,2026-09-04,deadline,3,2026-09-04T17:30:00Z,53,Manzambi,AVL,MID,59,-1,-1,0.1,338,5036,570,13826,i,Knee injury - Expected back 12 Sep,2026-08-15T15:30:06.388335Z,0,0,,,,0.0,0,0,0,0,0,0,0,0,0,0,0,0,0,0.00,0.00,0.00,0.00,0.0,0.0
2026-09-04T17:26:04+00:00,2026-09-04,deadline,3,2026-09-04T17:30:00Z,54,Gomes,AVL,MID,55,0,0,0.0,88,1180,242,3063,s,Suspended until 19 Sep,2026-08-23T17:30:08.367415Z,0,0,,,,-1.0,0,-2,39,1,0,0,0,4,0,7,1,4,2,0.00,0.01,0.01,2.58,0.0,0.0
2026-09-04T17:26:04+00:00,2026-09-04,deadline,3,2026-09-04T17:30:00Z,55,Watkins,AVL,FWD,78,-1,-2,4.2,4250,307343,14882,583803,u,Has joined Al Hilal permanently,2026-09-01T13:15:16.698799Z,,0,2,,,0.0,0,0,0,0,0,0,0,0,0,0,0,0,0,0.00,0.00,0.00,0.00,0.0,0.0
2026-09-04T17:26:04+00:00,2026-09-04,deadline,3,2026-09-04T17:30:00Z,56,Abraham,AVL,FWD,55,0,0,0.1,4895,2734,5492,5417,a,,2026-08-15T16:00:07.558543Z,50,100,,,,0.5,1,1,19,0,0,0,0,0,0,0,0,0,0,0.00,0.00,0.00,0.02,0.2,0.5
2026-09-04T17:26:04+00:00,2026-09-04,deadline,3,2026-09-04T17:30:00Z,160,Garnacho,AVL,MID,59,-1,-1,0.4,2540,12007,4561,22582,a,,,,,,,,1.0,1,2,16,0,0,0,0,0,0,2,0,0,2,0.00,0.00,0.00,0.14,1.0,1.0
2026-09-04T17:26:04+00:00,2026-09-04,deadline,3,2026-09-04T17:30:00Z,166,N.Jackson,AVL,FWD,65,0,0,1.1,46271,8946,78599,22338,a,,,,,,,,1.0,2,2,70,1,0,0,0,1,0,3,0,0,3,0.00,0.10,0.10,1.01,1.0,1.0
2026-09-04T17:26:04+00:00,2026-09-04,deadline,3,2026-09-04T17:30:00Z,582,Madjo,AVL,FWD,55,0,0,0.3,894,9294,2060,18217,i,Unspecified injury - Unknown return date,2026-08-15T16:00:07.974271Z,0,0,,,,0.0,0,0,0,0,0,0,0,0,0,0,0,0,0,0.00,0.00,0.00,0.00,0.0,0.0
2026-09-04T17:26:04+00:00,2026-09-04,deadline,3,2026-09-04T17:30:00Z,596,Ruggeri,AVL,DEF,45,0,0,0.1,733,1715,1589,2814,a,,,,,,,,0.5,0,1,8,0,0,0,0,0,0,2,0,2,0,0.00,0.00,0.00,0.14,0.5,0.5
2026-09-04T17:26:04+00:00,2026-09-04,deadline,3,2026-09-04T17:30:00Z,597,Suzuki,AVL,GKP,50,0,0,1.4,32780,11174,37009,17945,a,,,,,,,,1.0,2,2,90,1,0,0,0,1,1,0,2,0,9,0.00,0.00,0.00,1.04,1.0,1.0
2026-09-04T17:26:04+00:00,2026-09-04,deadline,3,2026-09-04T17:30:00Z,606,Rowe,AVL,DEF,40,0,0,0.2,6371,1677,7931,1923,a,,,,,,,,0.0,0,0,0,0,0,0,0,0,0,0,0,0,0,0.00,0.00,0.00,0.00,0.0,0.0
2026-09-04T17:26:04+00:00,2026-09-04,deadline,3,2026-09-04T17:30:00Z,607,Lynch,AVL,MID,45,0,0,0.1,3500,2309,7103,3141,u,Has joined Oxford United on loan until January,2026-09-04T12:35:39.820426Z,,0,,,,0.0,0,0,0,0,0,0,0,0,0,0,0,0,0,0.00,0.00,0.00,0.00,0.0,0.0
2026-09-04T17:26:04+00:00,2026-09-04,deadline,3,2026-09-04T17:30:00Z,611,Wan-Bissaka,AVL,DEF,45,0,0,0.2,6598,1610,8147,1776,a,,,,,,,,1.0,1,1,12,0,0,0,0,0,0,2,0,2,0,0.00,0.00,0.00,0.00,1.8,1.8
2026-09-04T17:26:04+00:00,2026-09-04,deadline,3,2026-09-04T17:30:00Z,618,Goretzka,AVL,MID,60,0,0,0.0,3428,838,3640,845,a,,,,,,,,0.0,0,0,0,0,0,0,0,0,0,0,0,0,0,0.00,0.00,0.00,0.00,2.2,2.2
2026-09-04T17:26:04+00:00,2026-09-04,deadline,3,2026-09-04T17:30:00Z,630,Harwood-Bellis,AVL,DEF,45,0,0,0.0,931,184,931,184,a,,,,,,,,0.0,0,0,0,0,0,0,0,0,0,0,0,0,0,0.00,0.00,0.00,0.00,1.8,1.8
2026-09-04T17:26:04+00:00,2026-09-04,deadline,3,2026-09-04T17:30:00Z,631,Mbaye,AVL,MID,60,0,0,0.0,3995,618,3995,618,a,,,,,,,,0.0,0,0,0,0,0,0,0,0,0,0,0,0,0,0.00,0.00,0.00,0.00,2.2,2.2
2026-09-04T17:26:04+00:00,2026-09-04,deadline,3,2026-09-04T17:30:00Z,57,Petrović,BOU,GKP,45,0,0,3.3,45634,34662,71012,48715,a,,,,,,,,2.5,3,5,180,2,0,0,0,3,9,0,5,0,13,0.00,0.00,0.00,4.09,2.5,2.5
2026-09-04T17:26:04+00:00,2026-09-04,deadline,3,2026-09-04T17:30:00Z,58,Forster,BOU,GKP,40,0,0,3.6,37843,21052,47405,31705,a,,,,,,,,0.0,0,0,0,0,0,0,0,0,0,0,0,0,0,0.00,0.00,0.00,0.00,0.0,0.0
2026-09-04T17:26:04+00:00,2026-09-04,deadline,3,2026-09-04T17:30:00Z,59,Dennis,BOU,GKP,40,0,0,0.2,0,2771,1133,4288,u,Has joined MK Dons permanently,2026-08-27T14:53:48.692835Z,0,0,,,,0.0,0,0,0,0,0,0,0,0,0,0,0,0,0,0.00,0.00,0.00,0.00,0.0,0.0
2026-09-04T17:26:04+00:00,2026-09-04,deadline,3,2026-09-04T17:30:00Z,60,Hill,BOU,DEF,55,0,0,0.8,7060,11590,16213,18331,a,,,,,,,,2.5,4,5,180,2,0,0,0,3,0,18,14,4,4,0.00,0.74,0.74,4.09,2.5,2.5
2026-09-04T17:26:04+00:00,2026-09-04,deadline,3,2026-09-04T17:30:00Z,61,Truffert,BOU,DEF,55,0,0,3.7,11829,41765,32430,67586,a,,,,,,,,2.5,4,5,180,2,0,0,0,3,0,16,12,4,13,0.00,0.07,0.07,4.09,2.5,2.5
2026-09-04T17:26:04+00:00,2026-09-04,deadline,3,2026-09-04T17:30:00Z,62,Diakité,BOU,DEF,50,0,0,0.2,1707,3847,4429,6168,a,,,,,,,,0.0,0,0,0,0,0,0,0,0,0,0,0,0,0,0.00,0.00,0.00,0.00,0.0,0.0
2026-09-04T17:26:04+00:00,2026-09-04,deadline,3,2026-09-04T17:30:00Z,63,Milosavljević,BOU,DEF,50,0,0,0.0,87,240,161,536,i,Unspecified injury - Unknown return date,2026-08-06T10:00:10.456051Z,0,0,,,,0.0,0,0,0,0,0,0,0,0,0,0,0,0,0,0.00,0.00,0.00,0.00,0.0,0.0
2026-09-04T17:26:04+00:00,2026-09-04,deadline,3,2026-09-04T17:30:00Z,64,Smith,BOU,DEF,45,0,0,0.1,1622,2082,4467,3100,a,,,,,,,,1.0,1,2,180,2,0,0,0,3,0,11,8,3,3,0.00,0.02,0.02,4.09,1.0,1.0
2026-09-04T17:26:04+00:00,2026-09-04,deadline,3,2026-09-04T17:30:00Z,65,J.Araujo,BOU,DEF,45,0,0,0.0,95,364,183,870,i,Thigh injury - Unknown return date,2026-08-09T08:00:05.645826Z,0,0,,,,0.0,0,0,0,0,0,0,0,0,0,0,0,0,0,0.00,0.00,0.00,0.00,0.0,0.0
2026-09-04T17:26:04+00:00,2026-09-04,deadline,3,2026-09-04T17:30:00Z,66,Soler,BOU,DEF,40,0,0,0.3,6000,2342,6416,4769,a,,2026-08-15T16:30:07.021055Z,75,100,,,,0.0,0,0,0,0,0,0,0,0,0,0,0,0,0,0.00,0.00,0.00,0.00,0.0,0.0
2026-09-04T17:26:04+00:00,2026-09-04,deadline,3,2026-09-04T17:30:00Z,67,Rayan,BOU,MID,65,0,0,2.2,11636,59645,35316,81824,a,,,,,,,,2.0,2,4,178,2,0,0,0,2,0,6,2,1,3,0.44,0.05,0.49,3.90,2.0,2.0
2026-09-04T17:26:04+00:00,2026-09-04,deadline,3,2026-09-04T17:30:00Z,68,Tavernier,BOU,MID,60,0,0,2.2,28004,49461,115211,61892,a,,,,,3,1,1,5.5,1,11,180,2,1,0,0,3,0,19,3,6,10,0.49,0.29,0.78,4.09,5.5,5.5
2026-09-04T17:26:04+00:00,2026-09-04,deadline,3,2026-09-04T17:30:00Z,69,Scott,BOU,MID,60,0,0,2.0,56552,17665,65072,30551,a,,,,,,4,2,7.0,12,14,176,2,1,0,1,2,0,26,4,7,15,0.26,0.28,0.54,3.96,7.0,7.0
2026-09-04T17:26:04+00:00,2026-09-04,deadline,3,2026-09-04T17:30:00Z,70,Kluivert,BOU,MID,60,0,0,1.1,10764,23377,27085,32967,a,,,,,2,2,3,3.0,3,6,154,2,0,0,2,0,0,14,1,3,10,0.72,0.05,0.77,3.61,3.0,3.0
2026-09-04T17:26:04+00:00,2026-09-04,deadline,3,2026-09-04T17:30:00Z,71,Cook,BOU,MID,50,0,0,0.2,6548,3822,9807,5529,a,,,,,,,5,3.0,3,6,143,2,0,0,2,0,0,9,3,1,5,0.00,0.01,0.01,3.61,3.0,3.0
2026-09-04T17:26:04+00:00,2026-09-04,deadline,3,2026-09-04T17:30:00Z,72,Gannon-Doak,BOU,MID,50,0,0,0.1,382,1540,747,2373,a,,,,,,,,0.5,0,1,1,0,0,0,0,1,0,1,0,0,1,0.00,0.00,0.00,0.19,0.5,0.5
2026-09-04T17:26:04+00:00,2026-09-04,deadline,3,2026-09-04T17:30:00Z,73,Adams,BOU,MID,50,0,0,0.2,5553,4674,8585,7529,a,,2026-08-15T16:30:07.029928Z,100,100,,,,1.0,1,2,36,0,0,0,0,3,0,6,3,0,3,0.00,0.00,0.00,0.47,1.0,1.0
2026-09-04T17:26:04+00:00,2026-09-04,deadline,3,2026-09-04T17:30:00Z,74,Brooks,BOU,MID,50,0,0,0.1,1279,995,1881,1690,a,,2026-08-15T16:30:07.037929Z,100,100,,3,4,0.5,1,1,9,0,0,0,0,1,0,0,0,0,0,0.00,0.01,0.01,0.16,0.5,0.5
2026-09-04T17:26:04+00:00,2026-09-04,deadline,3,2026-09-04T17:30:00Z,75,Christie,BOU,MID,50,0,0,0.0,1036,514,1596,710,a,,2026-07-24T17:30:10.035483Z,100,100,,,6,0.5,1,1,3,0,0,0,0,1,0,2,0,1,1,0.00,0.00,0.00,0.13,0.5,0.5
2026-09-04T17:26:04+00:00,2026-09-04,deadline,3,2026-09-04T17:30:00Z,76,Tóth.A,BOU,MID,50,0,0,0.0,123,231,223,377,a,,,,,,,,0.5,0,1,15,0,0,0,0,2,0,2,0,1,1,0.00,0.00,0.00,0.31,0.5,0.5
2026-09-04T17:26:04+00:00,2026-09-04,deadline,3,2026-09-04T17:30:00Z,77,Adli,BOU,MID,49,-1,-1,0.0,136,625,190,1601,i,Unspecified injury - Unknown return date,2026-08-15T16:00:07.590566Z,0,0,,,,0.0,0,0,0,0,0,0,0,0,0,0,0,0,0,0.00,0.00,0.00,0.00,0.0,0.0
2026-09-04T17:26:04+00:00,2026-09-04,deadline,3,2026-09-04T17:30:00Z,78,Kroupi.Jr,BOU,MID,74,-1,-1,0.2,246,7935,708,21343,i,Foot injury - Unknown return date,2026-07-29T17:30:09.796802Z,0,0,1,,,0.0,0,0,0,0,0,0,0,0,0,0,0,0,0,0.00,0.00,0.00,0.00,0.0,0.0
2026-09-04T17:26:04+00:00,2026-09-04,deadline,3,2026-09-04T17:30:00Z,79,Evanilson,BOU,FWD,60,0,0,3.2,69199,43176,141824,62202,a,,,,,,,,4.5,5,9,154,2,0,2,2,0,0,11,5,1,5,0.58,0.25,0.83,3.61,4.5,4.5
2026-09-04T17:26:04+00:00,2026-09-04,deadline,3,2026-09-04T17:30:00Z,80,Enes Ünal,BOU,FWD,55,0,0,0.0,0,520,0,1590,u,Has joined Getafe permanently,2026-08-14T14:14:21.881112Z,0,0,,,,0.0,0,0,0,0,0,0,0,0,0,0,0,0,0,0.00,0.00,0.00,0.00,0.0,0.0
2026-09-04T17:26:04+00:00,2026-09-04,deadline,3,2026-09-04T17:30:00Z,81,Rodríguez,BOU,FWD,60,0,0,0.1,1518,1913,2518,3095,a,,2026-08-15T16:30:07.054142Z,100,100,,,,0.5,1,1,9,0,0,0,0,1,0,1,0,0,1,0.00,0.00,0.00,0.16,0.5,0.5
2026-09-04T17:26:04+00:00,2026-09-04,deadline,3,2026-09-04T17:30:00Z,566,Silva,BOU,DEF,50,0,0,0.4,9675,6625,17040,8815,a,,,,,,,,3.0,4,6,180,2,0,0,0,3,0,23,21,2,5,0.25,0.03,0.28,4.09,3.0,3.0
2026-09-04T17:26:04+00:00,2026-09-04,deadline,3,2026-09-04T17:30:00Z,573,Sanchez,BOU,DEF,45,0,0,0.2,368,2276,820,3741,a,,,,,,,,0.0,0,0,0,0,0,0,0,0,0,0,0,0,0,0.00,0.00,0.00,0.00,0.0,0.0
2026-09-04T17:26:04+00:00,2026-09-04,deadline,3,2026-09-04T17:30:00Z,608,Jebbison,BOU,FWD,50,0,0,0.1,4488,1992,6965,2413,a,,,,,,,,0.5,0,1,15,0,0,0,0,2,0,1,0,0,1,0.10,0.00,0.10,0.31,0.5,0.5
2026-09-04T17:26:04+00:00,2026-09-04,deadline,3,2026-09-04T17:30:00Z,615,Di Gregorio,BOU,GKP,45,0,0,0.0,1400,453,1641,480,a,,,,,,,,0.0,0,0,0,0,0,0,0,0,0,0,0,0,0,0.00,0.00,0.00,0.00,2.0,2.0
2026-09-04T17:26:04+00:00,2026-09-04,deadline,3,2026-09-04T17:30:00Z,82,Kelleher,BRE,GKP,50,0,0,7.9,112552,58426,186986,78350,a,,,,,,,,4.5,2,9,180,2,0,0,1,1,5,0,2,0,9,0.00,0.01,0.01,2.03,4.5,4.5
2026-09-04T17:26:04+00:00,2026-09-04,deadline,3,2026-09-04T17:30:00Z,83,Valdimarsson,BRE,GKP,45,0,0,0.1,965,1388,1607,2278,a,,,,,,,,0.0,0,0,0,0,0,0,0,0,0,0,0,0,0,0.00,0.00,0.00,0.00,0.0,0.0
2026-09-04T17:26:04+00:00,2026-09-04,deadline,3,2026-09-04T17:30:00Z,84,Collins,BRE,DEF,55,0,0,2.6,31705,20427,56794,29800,a,,,,,,,,4.5,3,9,180,2,0,0,1,1,0,16,14,2,11,0.51,0.05,0.56,2.03,4.5,4.5
2026-09-04T17:26:04+00:00,2026-09-04,deadline,3,2026-09-04T17:30:00Z,85,Van den Berg,BRE,DEF,49,-1,-1,0.1,118,2454,263,6577,i,Groin injury - Unknown return date,2026-08-15T15:30:06.416627Z,0,0,,,,0.0,0,0,0,0,0,0,0,0,0,0,0,0,0,0.00,0.00,0.00,0.00,0.0,0.0
2026-09-04T17:26:04+00:00,2026-09-04,deadline,3,2026-09-04T17:30:00Z,86,Lewis-Potter,BRE,MID,55,0,0,2.2,100257,26101,152799,32817,a,,,,,,1,,8.0,6,16,177,2,1,1,1,1,0,21,7,3,11,0.79,0.25,1.04,2.03,8.0,8.0
2026-09-04T17:26:04+00:00,2026-09-04,deadline,3,2026-09-04T17:30:00Z,87,Ajer,BRE,DEF,45,0,0,5.8,170845,60753,240823,74655,a,,,,,,,,5.5,3,11,180,2,0,0,1,1,0,27,25,2,5,0.11,0.03,0.14,2.03,5.5,5.5
2026-09-04T17:26:04+00:00,2026-09-04,deadline,3,2026-09-04T17:30:00Z,88,Kayode,BRE,DEF,46,0,1,10.0,199693,79005,510496,100165,a,,,,,,,,7.5,2,15,162,2,1,0,1,1,0,8,7,1,9,0.52,0.21,0.73,1.93,7.5,7.5
2026-09-04T17:26:04+00:00,2026-09-04,deadline,3,2026-09-04T17:30:00Z,89,Henry,BRE,DEF,45,0,0,0.2,560,2188,1104,4334,a,,,,,,,,0.5,1,1,2,0,0,0,0,0,0,0,0,0,0,0.00,0.00,0.00,0.00,0.5,0.5
2026-09-04T17:26:04+00:00,2026-09-04,deadline,3,2026-09-04T17:30:00Z,90,Hickey,BRE,DEF,45,0,0,0.1,645,886,1268,1426,a,,,,,,,,1.0,1,2,16,0,0,0,0,0,0,1,0,1,2,0.00,0.02,0.02,0.10,1.0,1.0
2026-09-04T17:26:04+00:00,2026-09-04,deadline,3,2026-09-04T17:30:00Z,92,Ji-soo,BRE,DEF,45,0,0,0.0,150,281,262,479,a,,,,,,,,0.0,0,0,0,0,0,0,0,0,0,0,0,0,0,0.00,0.00,0.00,0.00,0.0,0.0
2026-09-04T17:26:04+00:00,2026-09-04,deadline,3,2026-09-04T17:30:00Z,93,Schuster,BRE,DEF,45,0,0,0.1,165,1460,307,2666,a,,,,,,,,0.0,0,0,0,0,0,0,0,0,0,0,0,0,0,0.00,0.00,0.00,0.00,0.0,0.0
2026-09-04T17:26:04+00:00,2026-09-04,deadline,3,2026-09-04T17:30:00Z,94,Schade,BRE,MID,60,0,0,4.7,137377,46901,162375,72690,a,,,,,2,,,6.5,10,13,177,2,1,0,1,1,0,18,4,5,9,0.77,0.03,0.80,2.03,6.5,6.5
2026-09-04T17:26:04+00:00,2026-09-04,deadline,3,2026-09-04T17:30:00Z,95,O.Dango,BRE,MID,65,0,0,0.8,4566,29271,11914,40223,a,,,,,,,2,2.0,1,4,95,1,0,0,1,1,0,13,5,1,7,0.07,0.37,0.44,1.83,2.0,2.0
2026-09-04T17:26:04+00:00,2026-09-04,deadline,3,2026-09-04T17:30:00Z,96,Damsgaard,BRE,MID,55,0,0,0.5,3912,7592,6230,15136,a,,,,,,3,3,2.0,3,4,82,1,0,0,1,0,0,13,2,3,8,0.03,0.24,0.27,0.23,2.0,2.0
2026-09-04T17:26:04+00:00,2026-09-04,deadline,3,2026-09-04T17:30:00Z,97,Jensen,BRE,MID,55,0,0,0.2,568,6845,4426,8182,i,Unspecified injury - Expected back 18 Sep,2026-08-30T12:30:08.176795Z,,0,3,2,1,3.0,0,6,66,1,0,1,1,0,0,5,0,2,3,0.08,0.34,0.42,0.47,3.0,0.0
2026-09-04T17:26:04+00:00,2026-09-04,deadline,3,2026-09-04T17:30:00Z,98,Janelt,BRE,MID,50,0,0,0.7,29384,13507,63143,17792,a,,,,,,,4,5.0,1,10,180,2,1,0,1,1,0,23,11,7,5,0.39,0.31,0.70,2.03,5.0,5.0
2026-09-04T17:26:04+00:00,2026-09-04,deadline,3,2026-09-04T17:30:00Z,99,Milambo,BRE,MID,50,0,0,0.0,34,40,62,85,i,Knee injury - Unknown return date,2026-07-23T12:01:23.384798Z,0,0,,,,0.0,0,0,0,0,0,0,0,0,0,0,0,0,0,0.00,0.00,0.00,0.00,0.0,0.0
2026-09-04T17:26:04+00:00,2026-09-04,deadline,3,2026-09-04T17:30:00Z,100,Carvalho,BRE,MID,50,0,0,0.0,541,357,696,603,a,,2026-08-18T13:58:17.442072Z,100,100,,,,0.0,0,0,0,0,0,0,0,0,0,0,0,0,0,0.00,0.00,0.00,0.00,0.0,0.0
2026-09-04T17:26:04+00:00,2026-09-04,deadline,3,2026-09-04T17:30:00Z,102,Yarmoliuk,BRE,MID,49,-1,-1,0.9,1068,19174,1813,32353,a,,,,,,,,1.0,1,2,44,0,0,0,0,1,0,6,1,2,3,0.04,0.01,0.05,1.42,1.0,1.0
2026-09-04T17:26:04+00:00,2026-09-04,deadline,3,2026-09-04T17:30:00Z,103,Dasilva,BRE,MID,50,0,0,0.0,179,545,343,898,i,Hamstring injury - Expected back 10 Oct,2026-09-04T13:30:08.371955Z,,0,,,,0.0,0,0,0,0,0,0,0,0,0,0,0,0,0,0.00,0.00,0.00,0.00,0.0,0.0
2026-09-04T17:26:04+00:00,2026-09-04,deadline,3,2026-09-04T17:30:00Z,105,Anthony,BRE,MID,60,0,0,0.2,1633,3330,3591,5721,a,,,,,,,,1.5,2,3,83,1,0,0,1,0,0,9,0,2,7,0.14,0.41,0.55,0.19,1.5,1.5
2026-09-04T17:26:04+00:00,2026-09-04,deadline,3,2026-09-04T17:30:00Z,106,Thiago,BRE,FWD,80,0,0,14.0,71243,310236,163015,451403,a,,,,,1,,,1.0,2,2,172,2,0,0,1,1,0,9,1,1,7,1.80,0.09,1.89,1.96,1.0,1.0
2026-09-04T17:26:04+00:00,2026-09-04,deadline,3,2026-09-04T17:30:00Z,107,Furo,BRE,FWD,45,0,0,1.1,27078,13682,35269,22125,a,,,,,,,,0.0,0,0,0,0,0,0,0,0,0,0,0,0,0,0.00,0.00,0.00,0.00,0.0,0.0
2026-09-04T17:26:04+00:00,2026-09-04,deadline,3,2026-09-04T17:30:00Z,108,Wilson,BRE,FWD,55,0,0,0.4,5526,7241,9877,12049,a,,,,,,,,1.0,1,2,9,0,0,0,0,0,0,1,0,0,1,0.07,0.04,0.11,0.07,1.0,1.0
2026-09-04T17:26:04+00:00,2026-09-04,deadline,3,2026-09-04T17:30:00Z,565,M.Sangaré,BRE,MID,57,1,2,15.6,630936,128114,1074698,151454,a,,,,,,,,9.0,4,18,165,2,0,2,1,1,0,27,9,6,12,0.26,0.36,0.62,1.93,9.0,9.0
2026-09-04T17:26:04+00:00,2026-09-04,deadline,3,2026-09-04T17:30:00Z,620,Diouf,BRE,DEF,45,0,0,0.1,9503,2969,10103,3006,a,,,,,,,,0.0,0,0,0,0,0,0,0,0,0,0,0,0,0,0.00,0.00,0.00,0.00,1.8,1.8
2026-09-04T17:26:04+00:00,2026-09-04,deadline,3,2026-09-04T17:30:00Z,109,Verbruggen,BHA,GKP,45,0,0,22.0,267375,153685,352131,199165,a,,,,,,,,3.0,0,6,180,2,0,0,1,4,1,0,0,0,18,0.00,0.00,0.00,3.22,3.0,3.0
2026-09-04T17:26:04+00:00,2026-09-04,deadline,3,2026-09-04T17:30:00Z,111,Steele,BHA,GKP,40,0,0,4.4,61247,33683,71961,47727,a,,,,,,,,0.0,0,0,0,0,0,0,0,0,0,0,0,0,0,0.00,0.00,0.00,0.00,0.0,0.0
2026-09-04T17:26:04+00:00,2026-09-04,deadline,3,2026-09-04T17:30:00Z,113,F.Kadıoğlu,BHA,DEF,44,-1,-1,1.9,12615,32333,15195,83737,a,,2026-08-23T13:00:07.595211Z,100,100,,,3,0.0,0,0,90,1,0,0,0,4,0,0,0,0,2,0.02,0.01,0.03,2.93,0.0,0.0
2026-09-04T17:26:04+00:00,2026-09-04,deadline,3,2026-09-04T17:30:00Z,114,Boscagli,BHA,DEF,45,0,0,0.3,6248,3963,10351,5522,a,,,,,,,,2.5,-1,5,180,2,0,0,1,4,0,9,8,1,6,0.05,0.15,0.20,3.22,2.5,2.5
2026-09-04T17:26:04+00:00,2026-09-04,deadline,3,2026-09-04T17:30:00Z,115,De Cuyper,BHA,DEF,47,1,2,18.8,858753,108889,1353751,130047,a,,,,,,4,2,8.5,0,17,167,2,1,1,1,4,0,6,3,3,6,1.50,0.26,1.76,3.22,8.5,8.5
2026-09-04T17:26:04+00:00,2026-09-04,deadline,3,2026-09-04T17:30:00Z,116,Dunk,BHA,DEF,45,0,0,1.3,20151,13669,33494,18979,a,,,,,,3,,2.5,-1,5,180,2,0,0,1,4,0,5,3,2,6,0.00,0.05,0.05,3.22,2.5,2.5
2026-09-04T17:26:04+00:00,2026-09-04,deadline,3,2026-09-04T17:30:00Z,117,Coppola,BHA,DEF,45,0,0,0.0,260,295,451,519,a,,,,,,,,0.0,0,0,0,0,0,0,0,0,0,0,0,0,0,0.00,0.00,0.00,0.00,0.0,0.0
2026-09-04T17:26:04+00:00,2026-09-04,deadline,3,2026-09-04T17:30:00Z,118,Igor,BHA,DEF,45,0,0,0.1,444,1879,915,2754,u,Has joined Burnley permanently,2026-09-02T15:38:15.529699Z,,0,,,,0.0,0,0,0,0,0,0,0,0,0,0,0,0,0,0.00,0.00,0.00,0.00,0.0,0.0
2026-09-04T17:26:04+00:00,2026-09-04,deadline,3,2026-09-04T17:30:00Z,119,Costinha,BHA,DEF,45,0,0,0.0,394,469,679,695,a,,,,,,,,0.5,0,1,36,0,0,0,0,0,0,4,3,1,0,0.12,0.00,0.12,0.14,0.5,0.5
2026-09-04T17:26:04+00:00,2026-09-04,deadline,3,2026-09-04T17:30:00Z,120,Svoboda,BHA,DEF,50,0,0,0.1,858,980,1626,1664,a,,,,,,,,0.0,0,0,0,0,0,0,0,0,0,0,0,0,0,0.00,0.00,0.00,0.00,0.0,0.0
2026-09-04T17:26:04+00:00,2026-09-04,deadline,3,2026-09-04T17:30:00Z,121,Mitoma,BHA,MID,60,0,0,0.0,130,948,289,2185,i,Hamstring injury - Unknown return date,2026-07-24T18:30:10.661894Z,0,0,,,,0.0,0,0,0,0,0,0,0,0,0,0,0,0,0,0.00,0.00,0.00,0.00,0.0,0.0
2026-09-04T17:26:04+00:00,2026-09-04,deadline,3,2026-09-04T17:30:00Z,122,Minteh,BHA,MID,59,-1,-1,0.0,86,1924,226,5445,i,Leg injury - Expected back 28 Nov,2026-08-14T18:00:06.418033Z,0,0,,,5,0.0,0,0,0,0,0,0,0,0,0,0,0,0,0,0.00,0.00,0.00,0.00,0.0,0.0
2026-09-04T17:26:04+00:00,2026-09-04,deadline,3,2026-09-04T17:30:00Z,123,Hinshelwood,BHA,MID,60,0,0,1.2,6608,98181,146436,136266,d,Unspecified injury - 50% chance of playing,2026-08-27T19:30:07.780933Z,25,50,,,,8.0,0,16,63,1,2,0,1,0,0,3,0,2,1,1.41,0.02,1.43,0.19,2.0,4.0
2026-09-04T17:26:04+00:00,2026-09-04,deadline,3,2026-09-04T17:30:00Z,124,Groß,BHA,MID,55,0,0,16.1,440694,105876,464873,211749,a,,,,,1,1,1,7.5,13,15,180,2,1,1,1,4,0,11,2,4,5,0.05,0.38,0.43,3.22,7.5,7.5
2026-09-04T17:26:04+00:00,2026-09-04,deadline,3,2026-09-04T17:30:00Z,125,Georginio,BHA,FWD,55,0,0,0.7,4522,26259,28409,41266,d,Unspecified injury - 75% chance of playing,2026-08-26T16:00:07.608056Z,75,75,,,,2.5,0,5,90,1,0,1,1,0,0,7,1,2,4,0.08,0.44,0.52,0.29,1.9,1.9
2026-09-04T17:26:04+00:00,2026-09-04,deadline,3,2026-09-04T17:30:00Z,126,O'Riley,BHA,MID,55,0,0,0.1,1037,1939,1693,3291,a,,,,,3,,,0.0,0,0,0,0,0,0,0,0,0,0,0,0,0,0.00,0.00,0.00,0.00,0.0,0.0
2026-09-04T17:26:04+00:00,2026-09-04,deadline,3,2026-09-04T17:30:00Z,127,Gomez,BHA,MID,50,0,0,5.0,174589,59066,198541,75938,a,,,,,,5,,5.5,5,11,175,2,0,2,1,4,0,11,3,5,3,0.56,0.65,1.21,3.22,5.5,5.5
2026-09-04T17:26:04+00:00,2026-09-04,deadline,3,2026-09-04T17:30:00Z,128,Buonanotte,BHA,MID,50,0,0,0.0,0,94,0,267,u,Has joined Elche on loan for the rest of the season,2026-08-10T14:03:07.561436Z,0,0,,,,0.0,0,0,0,0,0,0,0,0,0,0,0,0,0,0.00,0.00,0.00,0.00,0.0,0.0
2026-09-04T17:26:04+00:00,2026-09-04,deadline,3,2026-09-04T17:30:00Z,129,Ayari,BHA,MID,54,-1,-1,0.4,1442,21158,4776,28769,d,Ankle injury - 75% chance of playing,2026-08-30T18:00:07.935334Z,,75,,2,4,1.0,0,2,63,1,0,0,1,0,0,4,1,0,3,0.11,0.03,0.14,0.19,1.0,0.8
2026-09-04T17:26:04+00:00,2026-09-04,deadline,3,2026-09-04T17:30:00Z,130,Wieffer,BHA,DEF,50,0,0,0.4,12361,12652,25789,15709,i,Knee injury - Unknown return date,2026-09-04T09:30:08.612904Z,,0,,,,3.5,0,7,156,2,0,0,1,4,0,15,11,4,9,0.12,0.13,0.25,3.18,3.5,0.0
2026-09-04T17:26:04+00:00,2026-09-04,deadline,3,2026-09-04T17:30:00Z,132,Howell,BHA,MID,45,0,0,0.0,0,974,0,2506,u,Has joined Leicester City on loan for the rest of the season,2026-08-17T13:53:19.019938Z,0,0,,,,0.0,0,0,0,0,0,0,0,0,0,0,0,0,0,0.00,0.00,0.00,0.00,0.0,0.0
2026-09-04T17:26:04+00:00,2026-09-04,deadline,3,2026-09-04T17:30:00Z,133,Watson,BHA,MID,50,0,0,0.0,0,46,0,102,u,Has joined Leicester City on loan for the rest of the season,2026-08-03T14:05:44.459483Z,0,0,,,,0.0,0,0,0,0,0,0,0,0,0,0,0,0,0,0.00,0.00,0.00,0.00,0.0,0.0
2026-09-04T17:26:04+00:00,2026-09-04,deadline,3,2026-09-04T17:30:00Z,134,Oriola,BHA,MID,45,0,0,0.3,3589,3738,5297,6518,a,,,,,,,,0.0,0,0,0,0,0,0,0,0,0,0,0,0,0,0.00,0.00,0.00,0.00,0.0,0.0
2026-09-04T17:26:04+00:00,2026-09-04,deadline,3,2026-09-04T17:30:00Z,135,Yohanna,BHA,MID,50,0,0,0.1,514,1570,887,2449,a,,,,,,,,0.5,0,1,12,0,0,0,0,0,0,0,0,0,0,0.00,0.03,0.03,0.00,0.5,0.5
2026-09-04T17:26:04+00:00,2026-09-04,deadline,3,2026-09-04T17:30:00Z,137,Tzimas,BHA,FWD,55,0,0,0.0,79,209,163,461,i,Knee injury - Unknown return date,2026-07-23T12:01:23.432796Z,0,0,,,,0.0,0,0,0,0,0,0,0,0,0,0,0,0,0,0.00,0.00,0.00,0.00,0.0,0.0
2026-09-04T17:26:04+00:00,2026-09-04,deadline,3,2026-09-04T17:30:00Z,138,Kostoulas,BHA,FWD,55,0,0,0.5,29462,6068,30846,8219,a,,,,,,,,3.0,5,6,105,1,0,1,0,4,0,8,0,1,7,0.35,0.02,0.37,2.99,3.0,3.0
2026-09-04T17:26:04+00:00,2026-09-04,deadline,3,2026-09-04T17:30:00Z,139,Ferguson,BHA,FWD,50,0,0,0.0,543,715,861,1338,i,Ankle injury - Expected back 10 Oct,2026-07-23T12:01:23.448357Z,0,0,,,,0.0,0,0,0,0,0,0,0,0,0,0,0,0,0,0.00,0.00,0.00,0.00,0.0,0.0
2026-09-04T17:26:04+00:00,2026-09-04,deadline,3,2026-09-04T17:30:00Z,328,Struijk,BHA,DEF,50,0,0,0.2,1533,3657,2949,6211,a,,2026-08-15T20:30:07.523574Z,100,100,,,,0.0,0,0,0,0,0,0,0,0,0,0,0,0,0,0.00,0.00,0.00,0.00,0.0,0.0
2026-09-04T17:26:04+00:00,2026-09-04,deadline,3,2026-09-04T17:30:00Z,504,Vuskovic,BHA,DEF,50,0,0,2.3,22534,32248,43720,44595,a,,,,,,,,3.0,0,6,180,2,0,0,1,4,0,12,11,1,5,0.16,0.05,0.21,3.22,3.0,3.0
2026-09-04T17:26:04+00:00,2026-09-04,deadline,3,2026-09-04T17:30:00Z,594,David,BHA,FWD,60,0,0,0.2,4420,5675,6939,9816,a,,,,,2,,,0.5,1,1,10,0,0,0,0,0,0,0,0,0,0,0.00,0.00,0.00,0.04,0.5,0.5
2026-09-04T17:26:04+00:00,2026-09-04,deadline,3,2026-09-04T17:30:00Z,600,Osman,BHA,MID,50,0,0,0.0,310,281,528,424,a,,,,,,,,1.0,1,2,28,0,0,0,0,1,0,3,0,1,2,0.00,0.06,0.06,0.10,1.0,1.0
2026-09-04T17:26:04+00:00,2026-09-04,deadline,3,2026-09-04T17:30:00Z,605,Yalcouyé,BHA,MID,45,0,0,2.4,206218,33232,210557,34184,a,,,,,,,,4.5,8,9,77,1,1,0,0,3,0,7,2,3,2,0.70,0.17,0.87,2.83,4.5,4.5
2026-09-04T17:26:04+00:00,2026-09-04,deadline,3,2026-09-04T17:30:00Z,614,Hadjam,BHA,DEF,45,0,0,0.0,1789,484,2795,538,a,,,,,,,,0.0,0,0,0,0,0,0,0,0,0,0,0,0,0,0.00,0.00,0.00,0.00,1.8,1.8
2026-09-04T17:26:04+00:00,2026-09-04,deadline,3,2026-09-04T17:30:00Z,624,Cozier-Duberry,BHA,MID,50,0,0,0.0,117,56,117,56,u,Has joined Middlesbrough on loan for the rest of the season,2026-09-02T15:38:15.552951Z,,0,,,,0.0,0,0,0,0,0,0,0,0,0,0,0,0,0,0.00,0.00,0.00,0.00,1.5,0.0
2026-09-04T17:26:04+00:00,2026-09-04,deadline,3,2026-09-04T17:30:00Z,639,Andrés,BHA,MID,55,0,0,0.0,257,41,257,41,a,,,,,,,,0.0,0,0,0,0,0,0,0,0,0,0,0,0,0,0.00,0.00,0.00,0.00,2.0,2.0
2026-09-04T17:26:04+00:00,2026-09-04,deadline,3,2026-09-04T17:30:00Z,652,Azeez,BHA,MID,55,0,0,0.0,246,32,246,32,i,Unspecified injury - Expected back 13 Sep,2026-09-04T11:30:08.661589Z,,0,,,,0.0,0,0,0,0,0,0,0,0,0,0,0,0,0,0.00,0.00,0.00,0.00,2.0,0.0
2026-09-04T17:26:04+00:00,2026-09-04,deadline,3,2026-09-04T17:30:00Z,28,Martinez,CHE,GKP,50,0,0,4.4,68028,54899,97414,119813,a,,,,,,,,1.0,2,2,90,1,0,0,0,3,4,0,1,0,13,0.00,0.01,0.01,1.41,1.0,1.0
2026-09-04T17:26:04+00:00,2026-09-04,deadline,3,2026-09-04T17:30:00Z,40,Rogers,CHE,MID,75,0,0,23.7,210291,318596,462142,390345,a,,,,,,,4,6.5,5,13,171,2,1,1,0,5,0,12,1,3,8,1.10,1.11,2.21,2.65,6.5,6.5
2026-09-04T17:26:04+00:00,2026-09-04,deadline,3,2026-09-04T17:30:00Z,101,Henderson,CHE,MID,50,0,0,0.0,209,762,423,1453,d,Wrist injury - 75% chance of playing,2026-08-09T09:30:07.136250Z,75,75,,,,0.0,0,0,0,0,0,0,0,0,0,0,0,0,0,0.00,0.00,0.00,0.00,0.0,0.0
2026-09-04T17:26:04+00:00,2026-09-04,deadline,3,2026-09-04T17:30:00Z,136,Welbeck,CHE,FWD,59,-1,-1,0.8,7834,24270,10970,46695,a,,2026-08-20T14:00:07.949090Z,100,100,,,,0.0,0,0,0,0,0,0,0,0,0,0,0,0,0,0.00,0.00,0.00,0.00,0.0,0.0
2026-09-04T17:26:04+00:00,2026-09-04,deadline,3,2026-09-04T17:30:00Z,140,Sánchez,CHE,GKP,49,-1,-1,1.3,1923,83772,10847,110963,u,Has joined Como on loan for the rest of the season,2026-09-02T16:20:41.841936Z,,0,,,,1.0,0,2,90,1,0,0,0,2,4,0,1,0,5,0.00,0.01,0.01,1.33,1.0,0.0
2026-09-04T17:26:04+00:00,2026-09-04,deadline,3,2026-09-04T17:30:00Z,141,Jörgensen,CHE,GKP,50,0,0,0.0,0,269,0,770,u,Has joined RC Strasbourg on loan for the rest of the season,2026-08-12T14:07:02.607115Z,0,0,,,,0.0,0,0,0,0,0,0,0,0,0,0,0,0,0,0.00,0.00,0.00,0.00,0.0,0.0
2026-09-04T17:26:04+00:00,2026-09-04,deadline,3,2026-09-04T17:30:00Z,142,James,CHE,DEF,55,0,0,7.8,26933,209580,89458,290898,a,,,,,,1,1,0.5,1,1,112,1,0,0,0,3,0,6,6,0,5,0.10,0.07,0.17,1.47,0.5,0.5
2026-09-04T17:26:04+00:00,2026-09-04,deadline,3,2026-09-04T17:30:00Z,143,Chalobah,CHE,DEF,55,0,0,0.1,0,3517,0,11575,u,Has joined Como permanently,2026-08-10T14:03:50.769483Z,0,0,,,,0.0,0,0,0,0,0,0,0,0,0,0,0,0,0,0.00,0.00,0.00,0.00,0.0,0.0
2026-09-04T17:26:04+00:00,2026-09-04,deadline,3,2026-09-04T17:30:00Z,144,Gusto,CHE,DEF,50,0,0,1.1,9888,21396,23213,32343,a,,,,,,,,1.0,1,2,165,2,0,0,0,5,0,8,6,2,7,0.00,0.04,0.04,2.52,1.0,1.0
2026-09-04T17:26:04+00:00,2026-09-04,deadline,3,2026-09-04T17:30:00Z,145,Fofana,CHE,DEF,50,0,0,0.1,2571,1224,3384,1485,a,,2026-07-23T12:01:23.464591Z,100,100,,,,0.0,0,0,67,1,0,0,0,2,0,9,9,0,0,0.00,0.01,0.01,1.26,0.0,0.0
2026-09-04T17:26:04+00:00,2026-09-04,deadline,3,2026-09-04T17:30:00Z,146,B.Badiashile,CHE,DEF,45,0,0,0.0,0,717,232,1517,u,Has joined Napoli on loan for the rest of the season,2026-08-25T14:03:47.079414Z,0,0,,,,0.0,0,0,0,0,0,0,0,0,0,0,0,0,0,0.00,0.00,0.00,0.00,0.0,0.0
2026-09-04T17:26:04+00:00,2026-09-04,deadline,3,2026-09-04T17:30:00Z,148,Hato,CHE,DEF,45,0,0,0.6,22388,10359,26746,14843,a,,,,,,,,2.5,4,5,154,2,0,1,0,5,0,9,5,4,5,0.01,0.09,0.10,2.46,2.5,2.5
2026-09-04T17:26:04+00:00,2026-09-04,deadline,3,2026-09-04T17:30:00Z,149,Colwill,CHE,DEF,50,0,0,1.2,7679,33306,18250,51085,a,,,,,,,,0.5,1,1,161,2,0,0,0,4,0,13,10,3,5,0.01,0.03,0.04,2.64,0.5,0.5
2026-09-04T17:26:04+00:00,2026-09-04,deadline,3,2026-09-04T17:30:00Z,150,M.Sarr,CHE,DEF,45,0,0,0.0,24,3340,429,4289,u,Has joined Real Sociedad on loan for the rest of the season,2026-08-29T00:34:23.077418Z,,0,,,,0.0,0,0,0,0,0,0,0,0,0,0,0,0,0,0.00,0.00,0.00,0.00,0.0,0.0
2026-09-04T17:26:04+00:00,2026-09-04,deadline,3,2026-09-04T17:30:00Z,151,Acheampong,CHE,DEF,45,0,0,0.4,4776,6738,12841,9872,a,,,,,,,,2.0,1,4,112,1,0,0,0,3,0,18,12,6,6,0.00,0.01,0.01,1.47,2.0,2.0
2026-09-04T17:26:04+00:00,2026-09-04,deadline,3,2026-09-04T17:30:00Z,152,Palestra,CHE,DEF,54,-1,-1,1.2,815,79120,5775,149057,d,Unspecified injury - 75% chance of playing,2026-08-24T18:30:07.421239Z,75,75,,,,0.0,0,0,0,0,0,0,0,0,0,0,0,0,0,0.00,0.00,0.00,0.00,0.0,0.0
2026-09-04T17:26:04+00:00,2026-09-04,deadline,3,2026-09-04T17:30:00Z,154,Palmer,CHE,MID,96,1,1,18.3,384008,190457,760880,222417,a,,2026-08-24T22:00:07.971542Z,100,100,1,3,,10.0,7,20,172,2,2,1,0,5,0,17,2,4,11,0.94,0.32,1.26,2.65,10.0,10.0
2026-09-04T17:26:04+00:00,2026-09-04,deadline,3,2026-09-04T17:30:00Z,156,Neto,CHE,MID,65,0,0,1.2,21789,19447,27424,42809,a,,,,,,4,2,4.0,7,8,81,1,1,0,0,2,0,8,3,1,4,0.44,0.40,0.84,1.48,4.0,4.0
2026-09-04T17:26:04+00:00,2026-09-04,deadline,3,2026-09-04T17:30:00Z,157,Estêvão,CHE,MID,64,-1,-1,0.8,3475,34587,9039,58371,a,,,,,3,,5,0.5,0,1,7,0,0,0,0,0,0,1,0,0,1,0.00,0.00,0.00,0.09,0.5,0.5
2026-09-04T17:26:04+00:00,2026-09-04,deadline,3,2026-09-04T17:30:00Z,158,Gittens,CHE,MID,59,-1,-1,0.0,256,965,527,1738,a,,,,,,,,0.0,0,0,0,0,0,0,0,0,0,0,0,0,0,0.00,0.00,0.00,0.00,0.0,0.0
2026-09-04T17:26:04+00:00,2026-09-04,deadline,3,2026-09-04T17:30:00Z,159,Caicedo,CHE,MID,54,-1,-1,1.9,3218,91621,12699,189944,d,Unspecified injury - 75% chance of playing,2026-08-30T16:00:08.393562Z,75,75,,,,0.5,1,1,13,0,0,0,0,0,0,0,0,0,0,0.00,0.00,0.00,0.07,0.4,0.4
2026-09-04T17:26:04+00:00,2026-09-04,deadline,3,2026-09-04T17:30:00Z,161,Lavia,CHE,MID,50,0,0,0.2,13632,3735,14805,4654,a,,,,,,,,4.0,7,8,131,2,1,0,0,4,0,16,5,4,7,0.75,0.03,0.78,2.31,4.0,4.0
2026-09-04T17:26:04+00:00,2026-09-04,deadline,3,2026-09-04T17:30:00Z,163,D.Essugo,CHE,MID,45,0,0,0.2,1446,4550,2698,7437,u,Has joined RC Strasbourg on loan for the rest of the season,2026-09-02T16:20:41.865225Z,,0,,,,0.0,0,0,0,0,0,0,0,0,0,0,0,0,0,0.00,0.00,0.00,0.00,0.0,0.0
2026-09-04T17:26:04+00:00,2026-09-04,deadline,3,2026-09-04T17:30:00Z,164,Quenda,CHE,MID,54,-1,-1,0.0,290,1190,521,2010,a,,2026-07-24T20:30:10.609931Z,100,100,,,,0.5,0,1,8,0,0,0,0,0,0,1,1,0,0,0.00,0.00,0.00,0.09,0.5,0.5
2026-09-04T17:26:04+00:00,2026-09-04,deadline,3,2026-09-04T17:30:00Z,165,João Pedro,CHE,FWD,77,1,2,68.8,443829,187692,849017,215857,a,,,,,,,,10.0,9,20,180,2,2,2,0,5,0,6,1,1,4,1.86,0.10,1.96,2.74,10.0,10.0
2026-09-04T17:26:04+00:00,2026-09-04,deadline,3,2026-09-04T17:30:00Z,168,Marc Guiu,CHE,FWD,50,0,0,0.3,1924,12705,4102,18851,u,Has joined RB Leipzig permanently,2026-09-01T13:24:48.857362Z,,0,,,,0.0,0,0,0,0,0,0,0,0,0,0,0,0,0,0.00,0.00,0.00,0.00,0.0,0.0
2026-09-04T17:26:04+00:00,2026-09-04,deadline,3,2026-09-04T17:30:00Z,169,Mheuka,CHE,FWD,45,0,0,0.4,8392,5735,11321,10144,a,,,,,,,,0.0,0,0,0,0,0,0,0,0,0,0,0,0,0,0.00,0.00,0.00,0.00,0.0,0.0
2026-09-04T17:26:04+00:00,2026-09-04,deadline,3,2026-09-04T17:30:00Z,170,Emegha,CHE,FWD,50,0,0,0.2,2689,3228,4139,5562,a,,2026-07-24T20:30:10.622380Z,100,100,,,,0.0,0,0,0,0,0,0,0,0,0,0,0,0,0,0.00,0.00,0.00,0.00,0.0,0.0
2026-09-04T17:26:04+00:00,2026-09-04,deadline,3,2026-09-04T17:30:00Z,200,Lacroix,CHE,DEF,60,0,0,8.1,32790,149212,96312,194019,a,,,,,,,,3.5,1,7,180,2,0,1,0,5,0,21,15,6,3,0.02,0.20,0.22,2.74,3.5,3.5
2026-09-04T17:26:04+00:00,2026-09-04,deadline,3,2026-09-04T17:30:00Z,560,Penders,CHE,GKP,45,0,0,0.1,363,1128,758,1893,a,,,,,,,,0.0,0,0,0,0,0,0,0,0,0,0,0,0,0,0.00,0.00,0.00,0.00,0.0,0.0
2026-09-04T17:26:04+00:00,2026-09-04,deadline,3,2026-09-04T17:30:00Z,561,Anselmino,CHE,DEF,45,0,0,0.0,223,271,345,717,a,,2026-08-23T19:00:08.536705Z,100,100,,,,0.0,0,0,0,0,0,0,0,0,0,0,0,0,0,0.00,0.00,0.00,0.00,0.0,0.0
2026-09-04T17:26:04+00:00,2026-09-04,deadline,3,2026-09-04T17:30:00Z,568,Barco,CHE,MID,55,0,0,0.1,1051,2061,1579,3722,a,,,,,,,,0.5,1,1,8,0,0,0,0,1,0,1,1,0,0,0.04,0.00,0.04,0.07,0.5,0.5
2026-09-04T17:26:04+00:00,2026-09-04,deadline,3,2026-09-04T17:30:00Z,583,Chavarria,CHE,DEF,50,0,0,0.2,664,4049,1745,6607,a,,,,,,,,1.0,1,2,43,0,0,0,0,1,0,4,3,1,2,0.00,0.02,0.02,0.37,1.0,1.0
2026-09-04T17:26:04+00:00,2026-09-04,deadline,3,2026-09-04T17:30:00Z,91,Pinnock,COV,DEF,45,0,0,0.1,503,1303,1077,2274,a,,,,,,,,0.5,1,1,12,0,0,0,0,1,0,2,2,0,0,0.00,0.00,0.00,0.54,0.5,0.5
2026-09-04T17:26:04+00:00,2026-09-04,deadline,3,2026-09-04T17:30:00Z,104,Onyeka,COV,MID,50,0,0,0.1,375,4171,2831,5771,a,,,,,,,,1.0,0,2,90,1,0,0,0,3,0,9,3,1,5,0.00,0.01,0.01,1.88,1.0,1.0
2026-09-04T17:26:04+00:00,2026-09-04,deadline,3,2026-09-04T17:30:00Z,110,Rushworth,COV,GKP,45,0,0,0.9,2906,18712,14837,23384,a,,,,,,,,1.5,2,3,180,2,0,0,0,4,3,0,2,0,20,0.00,0.01,0.01,2.60,1.5,1.5
2026-09-04T17:26:04+00:00,2026-09-04,deadline,3,2026-09-04T17:30:00Z,171,Dovin,COV,GKP,40,0,0,1.4,6290,18110,8924,24521,u,Has joined Leyton Orient on loan for the rest of the season,2026-09-02T15:44:14.839336Z,,0,,,,0.0,0,0,0,0,0,0,0,0,0,0,0,0,0,0.00,0.00,0.00,0.00,0.0,0.0
2026-09-04T17:26:04+00:00,2026-09-04,deadline,3,2026-09-04T17:30:00Z,172,Wilson,COV,GKP,45,0,0,0.4,261,4179,488,7619,a,,,,,,,,0.0,0,0,0,0,0,0,0,0,0,0,0,0,0,0.00,0.00,0.00,0.00,0.0,0.0
2026-09-04T17:26:04+00:00,2026-09-04,deadline,3,2026-09-04T17:30:00Z,173,Thomas,COV,DEF,40,0,0,8.5,113258,68916,151369,92806,a,,,,,,,,5.5,8,11,167,2,0,0,1,3,0,19,18,1,8,0.02,0.02,0.04,2.06,5.5,5.5
2026-09-04T17:26:04+00:00,2026-09-04,deadline,3,2026-09-04T17:30:00Z,174,Kitching,COV,DEF,40,0,0,0.5,461,10301,981,15087,u,Has joined Sheffield United on loan for the rest of the season,2026-09-02T16:21:03.612394Z,,0,,,,0.0,0,0,0,0,0,0,0,0,0,0,0,0,0,0.00,0.00,0.00,0.00,0.0,0.0
2026-09-04T17:26:04+00:00,2026-09-04,deadline,3,2026-09-04T17:30:00Z,175,van Ewijk,COV,DEF,40,0,0,11.6,41428,120714,75879,170572,a,,,,,,,,1.5,2,3,180,2,0,0,0,4,0,9,7,2,6,0.00,0.20,0.20,2.60,1.5,1.5
2026-09-04T17:26:04+00:00,2026-09-04,deadline,3,2026-09-04T17:30:00Z,176,Dasilva,COV,DEF,40,0,0,0.8,2645,7121,5869,11175,a,,,,,,,,1.5,2,3,180,2,0,0,0,4,0,9,7,2,4,0.18,0.07,0.25,2.60,1.5,1.5
2026-09-04T17:26:04+00:00,2026-09-04,deadline,3,2026-09-04T17:30:00Z,177,Kesler-Hayden,COV,DEF,40,0,0,0.0,129,1257,297,2007,i,Hamstring injury - Unknown return date,2026-08-27T14:56:28.704361Z,0,0,,,,0.0,0,0,0,0,0,0,0,0,0,0,0,0,0,0.00,0.00,0.00,0.00,0.0,0.0
2026-09-04T17:26:04+00:00,2026-09-04,deadline,3,2026-09-04T17:30:00Z,178,Bidwell,COV,DEF,40,0,0,0.1,658,970,1164,1714,a,,,,,,,,0.0,0,0,0,0,0,0,0,0,0,0,0,0,0,0.00,0.00,0.00,0.00,0.0,0.0
2026-09-04T17:26:04+00:00,2026-09-04,deadline,3,2026-09-04T17:30:00Z,179,Latibeaudiere,COV,DEF,40,0,0,0.0,314,477,474,897,a,,,,,,,,0.0,0,0,0,0,0,0,0,0,0,0,0,0,0,0.00,0.00,0.00,0.00,0.0,0.0
2026-09-04T17:26:04+00:00,2026-09-04,deadline,3,2026-09-04T17:30:00Z,180,Woolfenden,COV,DEF,40,0,0,0.1,657,3167,1603,5395,i,Knee injury - Unknown return date,2026-08-27T14:56:28.718566Z,0,0,,,,0.0,0,0,0,0,0,0,0,0,0,0,0,0,0,0.00,0.00,0.00,0.00,0.0,0.0
2026-09-04T17:26:04+00:00,2026-09-04,deadline,3,2026-09-04T17:30:00Z,181,Brau,COV,DEF,40,0,0,0.0,19,969,275,1307,u,Has joined Academico de Viseu on loan for the rest of the season,2026-08-29T00:35:59.980316Z,,0,,,,0.0,0,0,0,0,0,0,0,0,0,0,0,0,0,0.00,0.00,0.00,0.00,0.0,0.0
2026-09-04T17:26:04+00:00,2026-09-04,deadline,3,2026-09-04T17:30:00Z,182,Amenda,COV,DEF,40,0,0,0.8,3097,8026,6425,12537,a,,,,,,,,1.0,1,2,180,2,0,0,0,4,0,13,13,0,5,0.02,0.05,0.07,2.60,1.0,1.0
2026-09-04T17:26:04+00:00,2026-09-04,deadline,3,2026-09-04T17:30:00Z,183,Rudoni,COV,MID,50,0,0,0.1,704,2541,1954,3840,a,,2026-07-23T12:01:23.481435Z,100,100,,1,4,2.0,3,4,90,1,0,0,1,0,0,11,1,2,8,0.21,0.09,0.30,0.31,2.0,2.0
2026-09-04T17:26:04+00:00,2026-09-04,deadline,3,2026-09-04T17:30:00Z,184,Grimes,COV,MID,50,0,0,0.2,478,3882,2768,5498,a,,,,,3,,1,2.0,2,4,180,2,0,0,0,4,0,17,5,0,12,0.01,0.05,0.06,2.60,2.0,2.0
2026-09-04T17:26:04+00:00,2026-09-04,deadline,3,2026-09-04T17:30:00Z,185,Sakamoto,COV,MID,49,-1,-1,0.1,400,1732,537,3187,a,,,,,,,,0.5,1,1,31,0,0,0,0,1,0,4,0,2,2,0.02,0.02,0.04,0.69,0.5,0.5
2026-09-04T17:26:04+00:00,2026-09-04,deadline,3,2026-09-04T17:30:00Z,186,Mason-Clark,COV,MID,54,-1,-1,0.1,226,2065,715,3643,a,,2026-08-19T18:00:08.310507Z,100,100,,,,0.5,1,1,57,1,0,0,0,0,0,4,2,0,2,0.00,0.06,0.06,0.02,0.5,0.5
2026-09-04T17:26:04+00:00,2026-09-04,deadline,3,2026-09-04T17:30:00Z,187,Eccles,COV,MID,49,-1,-1,0.0,434,403,503,702,a,,,,,,,,0.0,0,0,0,0,0,0,0,0,0,0,0,0,0,0.00,0.00,0.00,0.00,0.0,0.0
2026-09-04T17:26:04+00:00,2026-09-04,deadline,3,2026-09-04T17:30:00Z,188,Torp,COV,MID,54,-1,-1,0.1,99,2956,648,4780,a,,,,,2,2,2,1.0,1,2,47,0,0,0,0,1,0,3,1,0,2,0.00,0.12,0.12,1.01,1.0,1.0
2026-09-04T17:26:04+00:00,2026-09-04,deadline,3,2026-09-04T17:30:00Z,189,Shepherd,COV,MID,45,0,0,0.3,1689,3709,2702,6880,a,,,,,,,,0.0,0,0,0,0,0,0,0,0,0,0,0,0,0,0.00,0.00,0.00,0.00,0.0,0.0
2026-09-04T17:26:04+00:00,2026-09-04,deadline,3,2026-09-04T17:30:00Z,190,Tchaouna,COV,MID,55,0,0,0.1,127,3718,2889,5169,a,,,,,,,,1.5,1,3,139,2,0,0,0,3,0,14,5,1,8,0.09,0.15,0.24,1.78,1.5,1.5
2026-09-04T17:26:04+00:00,2026-09-04,deadline,3,2026-09-04T17:30:00Z,191,Borges Rodrigues,COV,MID,45,0,0,0.1,1263,3667,1943,5540,u,Has joined Burton Albion on loan for the rest of the season,2026-09-02T15:44:14.868001Z,,0,,,,0.0,0,0,0,0,0,0,0,0,0,0,0,0,0,0.00,0.00,0.00,0.00,0.0,0.0
2026-09-04T17:26:04+00:00,2026-09-04,deadline,3,2026-09-04T17:30:00Z,192,Andrews,COV,MID,45,0,0,0.4,142,17680,2718,24874,u,Has joined Oxford United on loan for the rest of the season,2026-08-29T00:35:59.998520Z,,0,,,,0.0,0,0,0,0,0,0,0,0,0,0,0,0,0,0.00,0.00,0.00,0.00,0.0,0.0
2026-09-04T17:26:04+00:00,2026-09-04,deadline,3,2026-09-04T17:30:00Z,193,Wright,COV,FWD,54,-1,-1,0.1,244,3333,351,8758,i,Thigh injury - Unknown return date,2026-08-14T22:00:07.214508Z,0,0,1,,,0.0,0,0,0,0,0,0,0,0,0,0,0,0,0,0.00,0.00,0.00,0.00,0.0,0.0
2026-09-04T17:26:04+00:00,2026-09-04,deadline,3,2026-09-04T17:30:00Z,194,Thomas-Asante,COV,FWD,50,0,0,0.8,16297,17399,30891,25287,a,,,,,4,,,1.5,1,3,101,1,0,0,0,4,0,8,5,0,3,0.00,0.02,0.02,2.29,1.5,1.5
2026-09-04T17:26:04+00:00,2026-09-04,deadline,3,2026-09-04T17:30:00Z,195,Simms,COV,FWD,50,0,0,0.8,10013,21832,29949,31435,a,,,,,,,,1.0,0,2,69,1,0,0,0,3,0,3,1,0,2,0.00,0.01,0.01,1.60,1.0,1.0
2026-09-04T17:26:04+00:00,2026-09-04,deadline,3,2026-09-04T17:30:00Z,196,Markelo,COV,FWD,50,0,0,0.0,0,294,0,884,u,Has joined Shabab Al-Ahli Dubai permanently,2026-08-17T13:53:55.791223Z,0,0,,,,0.0,0,0,0,0,0,0,0,0,0,0,0,0,0,0.00,0.00,0.00,0.00,0.0,0.0
2026-09-04T17:26:04+00:00,2026-09-04,deadline,3,2026-09-04T17:30:00Z,197,Bassette,COV,FWD,45,0,0,0.0,0,547,0,1335,u,Has joined KVC Westerlo on loan for the rest of the season,2026-07-28T12:58:50.001768Z,0,0,,,,0.0,0,0,0,0,0,0,0,0,0,0,0,0,0,0.00,0.00,0.00,0.00,0.0,0.0
2026-09-04T17:26:04+00:00,2026-09-04,deadline,3,2026-09-04T17:30:00Z,492,Awoniyi,COV,FWD,55,0,0,0.7,4815,17997,13469,27290,a,,,,,5,,,1.5,2,3,110,1,0,0,0,1,0,4,1,0,3,0.93,0.03,0.96,1.01,1.5,1.5
2026-09-04T17:26:04+00:00,2026-09-04,deadline,3,2026-09-04T17:30:00Z,575,Yirenkyi,COV,MID,50,0,0,0.2,774,4173,1771,6748,a,,,,,,,,2.0,3,4,131,2,0,0,1,3,0,10,3,0,7,0.03,0.13,0.16,1.58,2.0,2.0
2026-09-04T17:26:04+00:00,2026-09-04,deadline,3,2026-09-04T17:30:00Z,584,Hamer,COV,MID,55,0,0,0.1,153,2262,539,3690,a,,,,,,,3,1.0,1,2,27,0,0,0,0,1,0,1,0,0,1,0.00,0.02,0.02,0.82,1.0,1.0
2026-09-04T17:26:04+00:00,2026-09-04,deadline,3,2026-09-04T17:30:00Z,599,Cherif,COV,FWD,50,0,0,0.1,2213,2347,3937,3741,a,,,,,,,,0.0,0,0,0,0,0,0,0,0,0,0,0,0,0,0.00,0.00,0.00,0.00,0.0,0.0
2026-09-04T17:26:04+00:00,2026-09-04,deadline,3,2026-09-04T17:30:00Z,623,Bentley,COV,GKP,40,0,0,0.3,18464,2702,18464,2702,a,,,,,,,,0.0,0,0,0,0,0,0,0,0,0,0,0,0,0,0.00,0.00,0.00,0.00,1.0,1.0
2026-09-04T17:26:04+00:00,2026-09-04,deadline,3,2026-09-04T17:30:00Z,42,Guessand,CRY,MID,55,0,0,0.0,554,974,1037,1597,a,,,,,,,,1.0,1,2,54,0,0,0,0,1,0,2,1,1,0,0.03,0.03,0.06,0.34,1.0,1.0
2026-09-04T17:26:04+00:00,2026-09-04,deadline,3,2026-09-04T17:30:00Z,153,Disasi,CRY,DEF,45,0,0,0.1,1491,1005,2016,1853,a,,,,,,,,0.5,1,1,16,0,0,0,0,1,0,1,0,1,1,0.00,0.00,0.00,0.20,0.5,0.5
2026-09-04T17:26:04+00:00,2026-09-04,deadline,3,2026-09-04T17:30:00Z,198,Henderson,CRY,GKP,50,0,0,1.8,14890,18258,20794,32032,a,,2026-08-20T14:00:08.018379Z,100,100,,,,1.5,1,3,180,2,0,0,0,6,7,0,5,0,24,0.00,0.00,0.00,3.33,1.5,1.5
2026-09-04T17:26:04+00:00,2026-09-04,deadline,3,2026-09-04T17:30:00Z,199,Benitez,CRY,GKP,45,0,0,0.1,645,1287,1113,2663,a,,,,,,,,0.0,0,0,0,0,0,0,0,0,0,0,0,0,0,0.00,0.00,0.00,0.00,0.0,0.0
2026-09-04T17:26:04+00:00,2026-09-04,deadline,3,2026-09-04T17:30:00Z,202,Richards,CRY,DEF,50,0,0,0.7,5687,11103,9895,17557,a,,,,,,,,1.5,0,3,180,2,0,0,0,6,0,22,18,4,3,0.04,0.00,0.04,3.33,1.5,1.5
2026-09-04T17:26:04+00:00,2026-09-04,deadline,3,2026-09-04T17:30:00Z,203,Canvot,CRY,DEF,49,-1,-1,0.2,1681,5722,2502,9743,a,,,,,,,,0.5,0,1,180,2,0,0,0,6,0,15,10,5,4,0.05,0.01,0.06,3.33,0.5,0.5
2026-09-04T17:26:04+00:00,2026-09-04,deadline,3,2026-09-04T17:30:00Z,204,Mitchell,CRY,DEF,45,0,0,4.6,8974,77016,14939,127355,a,,,,,,,,0.5,0,1,180,2,0,0,0,6,0,10,6,4,5,0.11,0.17,0.28,3.33,0.5,0.5
2026-09-04T17:26:04+00:00,2026-09-04,deadline,3,2026-09-04T17:30:00Z,205,Sosa,CRY,DEF,45,0,0,0.0,110,697,236,1049,u,Has joined FC Cologne on loan for the rest of the season,2026-09-02T16:03:25.710518Z,,0,,,,0.0,0,0,0,0,0,0,0,0,0,0,0,0,0,0.00,0.00,0.00,0.00,0.0,0.0
2026-09-04T17:26:04+00:00,2026-09-04,deadline,3,2026-09-04T17:30:00Z,206,Chadi Riad,CRY,DEF,44,-1,-1,0.0,192,1608,512,4451,i,Knee injury - Unknown return date,2026-08-22T18:00:07.352049Z,0,0,,,,0.5,0,1,72,1,0,0,0,2,0,7,6,1,3,0.00,0.01,0.01,0.98,0.0,0.0
2026-09-04T17:26:04+00:00,2026-09-04,deadline,3,2026-09-04T17:30:00Z,207,Mingueza,CRY,DEF,44,-1,-1,0.1,765,1304,964,2584,a,,,,,,,,0.5,1,1,15,0,0,0,0,1,0,1,0,1,0,0.00,0.00,0.00,0.20,0.5,0.5
2026-09-04T17:26:04+00:00,2026-09-04,deadline,3,2026-09-04T17:30:00Z,208,Sarr,CRY,MID,63,-1,-2,1.1,325,117499,2427,324077,i,Groin injury - Unknown return date,2026-08-22T18:00:07.363165Z,0,0,2,,,0.0,0,0,0,0,0,0,0,0,0,0,0,0,0,0.00,0.00,0.00,0.00,0.0,0.0
2026-09-04T17:26:04+00:00,2026-09-04,deadline,3,2026-09-04T17:30:00Z,210,Wharton,CRY,MID,55,0,0,0.9,10032,13647,16742,21447,a,,2026-07-23T12:01:23.498963Z,100,100,,,2,3.0,2,6,180,2,0,0,0,6,0,21,4,6,11,0.00,0.31,0.31,3.33,3.0,3.0
2026-09-04T17:26:04+00:00,2026-09-04,deadline,3,2026-09-04T17:30:00Z,211,Yeremy,CRY,MID,55,0,0,0.2,5429,2561,5743,5019,a,,,,,,1,1,3.0,5,6,102,1,0,1,0,3,0,15,2,4,9,0.11,0.09,0.20,2.28,3.0,3.0
2026-09-04T17:26:04+00:00,2026-09-04,deadline,3,2026-09-04T17:30:00Z,212,Hughes,CRY,MID,45,0,0,9.3,37363,132623,57545,222803,a,,,,,,,4,0.0,0,0,0,0,0,0,0,0,0,0,0,0,0,0.00,0.00,0.00,0.00,0.0,0.0
2026-09-04T17:26:04+00:00,2026-09-04,deadline,3,2026-09-04T17:30:00Z,213,Lerma,CRY,MID,49,-1,-1,0.1,490,1727,694,3177,a,,,,,,,,0.0,0,0,0,0,0,0,0,0,0,0,0,0,0,0.00,0.00,0.00,0.00,0.0,0.0
2026-09-04T17:26:04+00:00,2026-09-04,deadline,3,2026-09-04T17:30:00Z,214,Kamada,CRY,MID,50,0,0,0.3,4272,4515,6216,7609,a,,,,,,,3,2.5,2,5,180,2,0,0,0,6,0,23,4,9,10,0.05,0.29,0.34,3.33,2.5,2.5
2026-09-04T17:26:04+00:00,2026-09-04,deadline,3,2026-09-04T17:30:00Z,215,Devenny,CRY,MID,50,0,0,0.0,63,337,132,513,u,Has joined Stoke City permanently,2026-09-02T15:41:07.346849Z,,0,3,2,,0.0,0,0,0,0,0,0,0,0,0,0,0,0,0,0.00,0.00,0.00,0.00,0.0,0.0
2026-09-04T17:26:04+00:00,2026-09-04,deadline,3,2026-09-04T17:30:00Z,216,Esse,CRY,MID,50,0,0,0.0,188,1145,399,1735,u,Has joined Millwall on loan for the rest of the season,2026-09-02T15:41:07.376544Z,,0,,,,0.0,0,0,0,0,0,0,0,0,0,0,0,0,0,0.00,0.00,0.00,0.00,0.0,0.0
2026-09-04T17:26:04+00:00,2026-09-04,deadline,3,2026-09-04T17:30:00Z,217,M.França,CRY,MID,49,-1,-1,0.0,933,1096,950,1810,a,,,,,,,,0.0,0,0,0,0,0,0,0,0,0,0,0,0,0,0.00,0.00,0.00,0.00,0.0,0.0
2026-09-04T17:26:04+00:00,2026-09-04,deadline,3,2026-09-04T17:30:00Z,218,Doucouré,CRY,MID,49,-1,-1,0.1,977,1316,1225,2375,a,,,,,,,,0.0,0,0,0,0,0,0,0,0,0,0,0,0,0,0.00,0.00,0.00,0.00,0.0,0.0
2026-09-04T17:26:04+00:00,2026-09-04,deadline,3,2026-09-04T17:30:00Z,219,J.Rak-Sakyi,CRY,MID,50,0,0,0.0,51,111,90,201,a,,,,,,,,0.0,0,0,0,0,0,0,0,0,0,0,0,0,0,0.00,0.00,0.00,0.00,0.0,0.0
2026-09-04T17:26:04+00:00,2026-09-04,deadline,3,2026-09-04T17:30:00Z,220,Cardines,CRY,DEF,45,0,0,0.0,0,39,0,104,u,Has joined Bristol City on loan for the rest of the season,2026-08-12T14:08:46.501813Z,0,0,,,,0.0,0,0,0,0,0,0,0,0,0,0,0,0,0,0.00,0.00,0.00,0.00,0.0,0.0
2026-09-04T17:26:04+00:00,2026-09-04,deadline,3,2026-09-04T17:30:00Z,221,Drakes-Thomas,CRY,MID,45,0,0,0.1,933,1185,1332,2173,a,,,,,,,,0.0,0,0,0,0,0,0,0,0,0,0,0,0,0,0.00,0.00,0.00,0.00,0.0,0.0
2026-09-04T17:26:04+00:00,2026-09-04,deadline,3,2026-09-04T17:30:00Z,222,Strand Larsen,CRY,FWD,60,0,0,0.5,7478,8446,8988,16217,a,,,,,,,,1.5,2,3,89,1,0,0,0,3,0,4,2,1,1,0.30,0.01,0.31,2.15,1.5,1.5
2026-09-04T17:26:04+00:00,2026-09-04,deadline,3,2026-09-04T17:30:00Z,223,Mateta,CRY,FWD,64,-1,-1,2.3,1223,269164,25174,341597,i,Hamstring injury - Expected back 11 Oct,2026-08-28T21:00:08.020382Z,,0,1,,,1.0,0,2,62,1,0,0,0,2,0,5,1,2,2,0.70,0.02,0.72,0.98,1.0,0.0
2026-09-04T17:26:04+00:00,2026-09-04,deadline,3,2026-09-04T17:30:00Z,224,Nketiah,CRY,FWD,55,0,0,0.5,11808,8232,15071,14012,a,,,,,,,,1.5,2,3,122,2,0,0,0,5,0,9,2,3,4,0.96,0.58,1.54,2.85,1.5,1.5
2026-09-04T17:26:04+00:00,2026-09-04,deadline,3,2026-09-04T17:30:00Z,225,Uche,CRY,FWD,50,0,0,0.0,0,0,0,0,u,has returned to Getafe CF,2026-07-23T12:18:56.275922Z,0,0,,,,0.0,0,0,0,0,0,0,0,0,0,0,0,0,0,0.00,0.00,0.00,0.00,0.0,0.0
2026-09-04T17:26:04+00:00,2026-09-04,deadline,3,2026-09-04T17:30:00Z,241,McNeil,CRY,MID,55,0,0,0.1,534,2467,1006,4295,a,,,,,,,,1.5,1,3,84,1,0,0,0,3,0,7,4,0,3,0.05,0.02,0.07,1.18,1.5,1.5
2026-09-04T17:26:04+00:00,2026-09-04,deadline,3,2026-09-04T17:30:00Z,555,Matthews,CRY,GKP,40,0,0,1.8,7479,8607,13424,14842,a,,,,,,,,0.0,0,0,0,0,0,0,0,0,0,0,0,0,0,0.00,0.00,0.00,0.00,0.0,0.0
2026-09-04T17:26:04+00:00,2026-09-04,deadline,3,2026-09-04T17:30:00Z,577,Tomiyasu,CRY,DEF,45,0,0,0.3,1374,3404,2203,6071,a,,,,,,,,1.0,1,2,91,1,0,0,0,3,0,9,8,1,4,0.00,0.01,0.01,2.15,1.0,1.0
2026-09-04T17:26:04+00:00,2026-09-04,deadline,3,2026-09-04T17:30:00Z,588,Khalaili,CRY,DEF,50,0,0,0.1,3982,1534,4444,2361,a,,,,,,,,1.5,2,3,109,1,0,0,0,3,0,23,9,14,8,0.02,0.16,0.18,2.28,1.5,1.5
2026-09-04T17:26:04+00:00,2026-09-04,deadline,3,2026-09-04T17:30:00Z,595,Gozo,CRY,MID,50,0,0,0.0,157,222,258,395,a,,,,,,,,0.5,1,1,22,0,0,0,0,1,0,1,0,1,0,0.00,0.00,0.00,0.20,0.5,0.5
2026-09-04T17:26:04+00:00,2026-09-04,deadline,3,2026-09-04T17:30:00Z,633,Ahanor,CRY,DEF,45,0,0,0.0,214,32,214,32,a,,,,,,,,0.0,0,0,0,0,0,0,0,0,0,0,0,0,0,0.00,0.00,0.00,0.00,1.8,1.8
2026-09-04T17:26:04+00:00,2026-09-04,deadline,3,2026-09-04T17:30:00Z,643,Chilwell,CRY,DEF,45,0,0,0.0,757,84,757,84,a,,,,,,,,0.0,0,0,0,0,0,0,0,0,0,0,0,0,0,0.00,0.00,0.00,0.00,1.8,1.8
2026-09-04T17:26:04+00:00,2026-09-04,deadline,3,2026-09-04T17:30:00Z,644,Timber,CRY,MID,50,0,0,0.0,644,94,644,94,a,,,,,,,,0.0,0,0,0,0,0,0,0,0,0,0,0,0,0,0.00,0.00,0.00,0.00,1.5,1.5
2026-09-04T17:26:04+00:00,2026-09-04,deadline,3,2026-09-04T17:30:00Z,647,Osorio,CRY,MID,55,0,0,0.0,456,49,456,49,a,,,,,,,,0.0,0,0,0,0,0,0,0,0,0,0,0,0,0,0.00,0.00,0.00,0.00,2.0,2.0
2026-09-04T17:26:04+00:00,2026-09-04,deadline,3,2026-09-04T17:30:00Z,21,Nørgaard,EVE,MID,49,-1,-1,0.1,207,2162,309,5028,i,Groin injury - Unknown return date,2026-08-15T20:00:06.779594Z,0,0,,,,0.0,0,0,0,0,0,0,0,0,0,0,0,0,0,0.00,0.00,0.00,0.00,0.0,0.0
2026-09-04T17:26:04+00:00,2026-09-04,deadline,3,2026-09-04T17:30:00Z,209,Johnson,EVE,MID,59,-1,-1,0.1,780,3458,1512,6038,a,,,,,,,,1.0,1,2,34,0,0,0,0,0,0,4,2,1,1,0.00,0.00,0.00,1.87,1.0,1.0
2026-09-04T17:26:04+00:00,2026-09-04,deadline,3,2026-09-04T17:30:00Z,226,Pickford,EVE,GKP,55,0,0,8.5,56243,81393,119782,109583,a,,,,,,,,5.0,3,10,180,2,0,0,1,1,8,0,4,0,23,0.00,0.02,0.02,4.12,5.0,5.0
2026-09-04T17:26:04+00:00,2026-09-04,deadline,3,2026-09-04T17:30:00Z,227,Travers,EVE,GKP,50,0,0,0.0,282,556,572,959,a,,,,,,,,0.0,0,0,0,0,0,0,0,0,0,0,0,0,0,0.00,0.00,0.00,0.00,0.0,0.0
2026-09-04T17:26:04+00:00,2026-09-04,deadline,3,2026-09-04T17:30:00Z,228,King,EVE,GKP,45,0,0,0.0,301,514,544,893,a,,,,,,,,0.0,0,0,0,0,0,0,0,0,0,0,0,0,0,0.00,0.00,0.00,0.00,0.0,0.0
2026-09-04T17:26:04+00:00,2026-09-04,deadline,3,2026-09-04T17:30:00Z,229,Tarkowski,EVE,DEF,60,0,0,10.7,210667,84598,253403,121664,a,,,,,,,,9.0,12,18,180,2,1,0,1,1,0,19,17,2,7,0.15,0.01,0.16,4.12,9.0,9.0
2026-09-04T17:26:04+00:00,2026-09-04,deadline,3,2026-09-04T17:30:00Z,230,Branthwaite,EVE,DEF,55,0,0,1.8,15433,21223,34536,30141,a,,,,,,,,5.0,4,10,180,2,0,0,1,1,0,20,17,3,5,0.09,0.02,0.11,4.12,5.0,5.0
2026-09-04T17:26:04+00:00,2026-09-04,deadline,3,2026-09-04T17:30:00Z,231,Keane,EVE,DEF,49,-1,-1,1.0,2282,32832,5542,57717,a,,,,,,,,0.0,0,0,0,0,0,0,0,0,0,0,0,0,0,0.00,0.00,0.00,0.00,0.0,0.0
2026-09-04T17:26:04+00:00,2026-09-04,deadline,3,2026-09-04T17:30:00Z,232,O'Brien,EVE,DEF,49,-1,-1,0.3,926,8381,2329,16110,a,,,,,,,,0.0,0,0,0,0,0,0,0,0,0,0,0,0,0,0.00,0.00,0.00,0.00,0.0,0.0
2026-09-04T17:26:04+00:00,2026-09-04,deadline,3,2026-09-04T17:30:00Z,233,Mykolenko,EVE,DEF,45,0,0,1.7,39828,26025,61612,35095,a,,,,,,,,5.0,4,10,180,2,0,0,1,1,0,16,15,1,11,0.00,0.06,0.06,4.12,5.0,5.0
2026-09-04T17:26:04+00:00,2026-09-04,deadline,3,2026-09-04T17:30:00Z,234,Patterson,EVE,DEF,45,0,0,0.0,164,874,371,1243,u,Has joined Torino permanently,2026-09-02T16:05:23.326971Z,,0,,,,0.0,0,0,0,0,0,0,0,0,0,0,0,0,0,0.00,0.00,0.00,0.00,0.0,0.0
2026-09-04T17:26:04+00:00,2026-09-04,deadline,3,2026-09-04T17:30:00Z,235,Aznou,EVE,DEF,40,0,0,0.1,719,4154,1728,5842,u,Has joined Malaga on loan for the rest of the season,2026-09-01T13:23:16.934847Z,,0,,,,0.0,0,0,0,0,0,0,0,0,0,0,0,0,0,0.00,0.00,0.00,0.00,0.0,0.0
2026-09-04T17:26:04+00:00,2026-09-04,deadline,3,2026-09-04T17:30:00Z,236,Dewsbury-Hall,EVE,MID,65,0,0,4.2,60191,92230,192838,119181,a,,,,,,,2,6.5,2,13,180,2,1,0,1,1,0,18,1,5,12,0.18,0.33,0.51,4.08,6.5,6.5
2026-09-04T17:26:04+00:00,2026-09-04,deadline,3,2026-09-04T17:30:00Z,238,Grealish,EVE,MID,65,0,0,0.3,9422,5496,10624,7899,a,,2026-07-29T10:00:10.492904Z,100,100,,,,0.5,0,1,8,0,0,0,0,0,0,1,0,1,0,0.00,0.00,0.00,0.00,0.5,0.5
2026-09-04T17:26:04+00:00,2026-09-04,deadline,3,2026-09-04T17:30:00Z,239,Garner,EVE,MID,60,0,0,0.1,2947,3301,4480,4950,a,,2026-07-25T14:30:10.455878Z,100,100,3,1,1,1.0,1,2,72,1,0,0,0,1,0,11,0,4,7,0.00,0.03,0.03,0.92,1.0,1.0
2026-09-04T17:26:04+00:00,2026-09-04,deadline,3,2026-09-04T17:30:00Z,242,George,EVE,MID,55,0,0,0.2,1746,4762,4019,7244,a,,,,,,,,2.5,2,5,144,2,0,0,1,1,0,9,3,1,5,0.23,0.09,0.32,2.25,2.5,2.5
2026-09-04T17:26:04+00:00,2026-09-04,deadline,3,2026-09-04T17:30:00Z,243,Alcaraz,EVE,MID,50,0,0,0.1,808,1935,1561,3073,a,,,,,,,,0.5,0,1,5,0,0,0,0,0,0,3,0,1,2,0.05,0.02,0.07,0.04,0.5,0.5
2026-09-04T17:26:04+00:00,2026-09-04,deadline,3,2026-09-04T17:30:00Z,244,Armstrong,EVE,MID,50,0,0,0.4,21241,9131,34027,11598,a,,,,,,,,5.0,2,10,176,2,0,1,1,1,0,25,6,5,14,0.00,0.07,0.07,4.12,5.0,5.0
2026-09-04T17:26:04+00:00,2026-09-04,deadline,3,2026-09-04T17:30:00Z,245,Dibling,EVE,MID,54,-1,-1,0.0,353,861,554,1612,a,,,,,,,,0.0,0,0,0,0,0,0,0,0,0,0,0,0,0,0.00,0.00,0.00,0.00,0.0,0.0
2026-09-04T17:26:04+00:00,2026-09-04,deadline,3,2026-09-04T17:30:00Z,246,Röhl,EVE,MID,50,0,0,0.1,575,1158,1093,1794,a,,,,,,,,2.5,2,5,175,2,0,0,1,1,0,18,4,5,9,0.00,0.07,0.07,4.12,2.5,2.5
2026-09-04T17:26:04+00:00,2026-09-04,deadline,3,2026-09-04T17:30:00Z,247,Hackney,EVE,MID,55,0,0,0.2,499,3689,1343,6891,a,,2026-08-26T22:00:07.797766Z,50,100,,,3,2.0,1,4,106,1,0,0,1,0,0,10,3,2,5,0.01,0.02,0.03,3.20,1.0,2.0
2026-09-04T17:26:04+00:00,2026-09-04,deadline,3,2026-09-04T17:30:00Z,248,Beto,EVE,FWD,54,-1,-1,1.5,8513,81440,16222,124251,u,Has joined Fiorentina permanently,2026-09-02T16:05:23.357221Z,,0,4,,,1.0,1,2,31,0,0,0,0,0,0,1,1,0,0,0.09,0.00,0.09,1.92,1.0,0.0
2026-09-04T17:26:04+00:00,2026-09-04,deadline,3,2026-09-04T17:30:00Z,249,Barry,EVE,FWD,55,0,0,4.8,194049,90585,344314,113013,a,,,,,2,,,5.0,2,10,147,2,1,0,1,1,0,6,2,1,3,1.93,0.09,2.02,2.20,5.0,5.0
2026-09-04T17:26:04+00:00,2026-09-04,deadline,3,2026-09-04T17:30:00Z,649,Maitland-Niles,EVE,DEF,45,0,0,0.0,552,127,552,127,a,,,,,,,,0.0,0,0,0,0,0,0,0,0,0,0,0,0,0,0.00,0.00,0.00,0.00,1.8,1.8
2026-09-04T17:26:04+00:00,2026-09-04,deadline,3,2026-09-04T17:30:00Z,250,Leno,FUL,GKP,45,0,0,3.2,41066,26785,53240,38314,a,,,,,,,,2.5,3,5,180,2,0,0,0,4,6,0,3,0,17,0.00,0.00,0.00,4.26,2.5,2.5
2026-09-04T17:26:04+00:00,2026-09-04,deadline,3,2026-09-04T17:30:00Z,251,Lecomte,FUL,GKP,40,0,0,1.2,9083,7695,10575,11823,a,,,,,,,,0.0,0,0,0,0,0,0,0,0,0,0,0,0,0,0.00,0.00,0.00,0.00,0.0,0.0
2026-09-04T17:26:04+00:00,2026-09-04,deadline,3,2026-09-04T17:30:00Z,252,McNally,FUL,GKP,40,0,0,0.1,1784,2572,2589,3192,u,Has joined York City on loan for the rest of the season,2026-09-01T13:25:11.231240Z,,0,,,,0.0,0,0,0,0,0,0,0,0,0,0,0,0,0,0.00,0.00,0.00,0.00,0.0,0.0
2026-09-04T17:26:04+00:00,2026-09-04,deadline,3,2026-09-04T17:30:00Z,253,Andersen,FUL,DEF,50,0,0,0.1,5784,2124,8098,2754,a,,2026-07-23T12:01:23.516350Z,100,100,,,,0.5,1,1,90,1,0,0,0,1,0,8,8,0,2,0.00,0.04,0.04,2.02,0.5,0.5
2026-09-04T17:26:04+00:00,2026-09-04,deadline,3,2026-09-04T17:30:00Z,254,Robinson,FUL,DEF,45,0,0,1.7,14835,17062,26016,26491,a,,,,,2,,,1.5,2,3,171,2,0,0,0,4,0,10,4,6,7,0.13,0.06,0.19,4.23,1.5,1.5
2026-09-04T17:26:04+00:00,2026-09-04,deadline,3,2026-09-04T17:30:00Z,255,J.Cuenca,FUL,DEF,45,0,0,0.0,504,686,1285,945,a,,,,,,,,1.5,0,3,90,1,0,0,0,3,0,10,9,1,3,0.00,0.03,0.03,2.24,1.5,1.5
2026-09-04T17:26:04+00:00,2026-09-04,deadline,3,2026-09-04T17:30:00Z,256,Tete,FUL,DEF,45,0,0,0.2,427,3001,765,5062,a,,,,,,,,0.0,0,0,0,0,0,0,0,0,0,0,0,0,0,0.00,0.00,0.00,0.00,0.0,0.0
2026-09-04T17:26:04+00:00,2026-09-04,deadline,3,2026-09-04T17:30:00Z,257,Bassey,FUL,DEF,45,0,0,0.8,8136,7922,14999,13964,a,,,,,,,,1.0,2,2,180,2,0,0,0,4,0,11,9,2,10,0.02,0.03,0.05,4.26,1.0,1.0
2026-09-04T17:26:04+00:00,2026-09-04,deadline,3,2026-09-04T17:30:00Z,258,Castagne,FUL,DEF,45,0,0,1.0,43848,10740,55944,13355,a,,,,,,,,6.0,6,12,157,2,0,2,1,3,0,8,6,2,6,0.09,0.18,0.27,2.50,6.0,6.0
2026-09-04T17:26:04+00:00,2026-09-04,deadline,3,2026-09-04T17:30:00Z,261,Iwobi,FUL,MID,55,0,0,0.9,7296,16767,13391,26163,a,,,,,3,1,1,2.0,2,4,180,2,0,0,0,4,0,14,4,2,8,0.01,0.44,0.45,4.26,2.0,2.0
2026-09-04T17:26:04+00:00,2026-09-04,deadline,3,2026-09-04T17:30:00Z,262,Smith Rowe,FUL,MID,55,0,0,0.3,1418,6492,2832,11240,a,,,,,,,,0.5,1,1,14,0,0,0,0,0,0,1,0,0,1,0.06,0.02,0.08,0.41,0.5,0.5
2026-09-04T17:26:04+00:00,2026-09-04,deadline,3,2026-09-04T17:30:00Z,263,Kevin,FUL,MID,54,-1,-1,0.0,548,1338,967,2200,a,,,,,,,3,1.0,1,2,24,0,0,0,0,0,0,3,0,2,1,0.00,0.05,0.05,0.20,1.0,1.0
2026-09-04T17:26:04+00:00,2026-09-04,deadline,3,2026-09-04T17:30:00Z,264,Bobb,FUL,MID,55,0,0,0.3,4603,5965,9123,8962,a,,,,,,,2,2.5,3,5,133,2,0,0,1,3,0,11,2,5,4,0.00,0.27,0.27,2.47,2.5,2.5
2026-09-04T17:26:04+00:00,2026-09-04,deadline,3,2026-09-04T17:30:00Z,265,Berge,FUL,MID,50,0,0,0.3,1859,5148,3324,8481,a,,,,,,,,2.0,2,4,154,2,0,0,0,4,0,6,1,1,4,0.03,0.23,0.26,4.06,2.0,2.0
2026-09-04T17:26:04+00:00,2026-09-04,deadline,3,2026-09-04T17:30:00Z,266,Cairney,FUL,MID,50,0,0,0.0,24,81,36,196,i,Knee injury - Expected back 10 Oct,2026-08-14T18:00:06.460944Z,0,0,,,,0.0,0,0,0,0,0,0,0,0,0,0,0,0,0,0.00,0.00,0.00,0.00,0.0,0.0
2026-09-04T17:26:04+00:00,2026-09-04,deadline,3,2026-09-04T17:30:00Z,268,King,FUL,MID,55,0,0,0.7,22947,13372,57630,17536,a,,,,,,,,4.5,2,9,180,2,1,0,0,4,0,12,3,4,5,0.64,0.07,0.71,4.26,4.5,4.5
2026-09-04T17:26:04+00:00,2026-09-04,deadline,3,2026-09-04T17:30:00Z,269,Sessegnon,FUL,DEF,45,0,0,0.4,878,4802,1837,7816,a,,,,,,,,1.0,1,2,39,0,0,0,0,1,0,2,1,1,2,0.05,0.12,0.17,1.80,1.0,1.0
2026-09-04T17:26:04+00:00,2026-09-04,deadline,3,2026-09-04T17:30:00Z,270,Reed,FUL,MID,45,0,0,1.3,8022,18958,13604,33461,a,,,,,,,,0.0,0,0,0,0,0,0,0,0,0,0,0,0,0,0.00,0.00,0.00,0.00,0.0,0.0
2026-09-04T17:26:04+00:00,2026-09-04,deadline,3,2026-09-04T17:30:00Z,271,Muniz,FUL,FWD,55,0,0,0.5,4380,11245,7192,18135,a,,,,,,,,0.5,0,1,8,0,0,0,0,0,0,1,1,0,0,0.02,0.00,0.02,0.03,0.5,0.5
2026-09-04T17:26:04+00:00,2026-09-04,deadline,3,2026-09-04T17:30:00Z,272,Kusi-Asare,FUL,FWD,45,0,0,6.6,60219,71415,83907,115692,a,,,,,,,,0.0,0,0,0,0,0,0,0,0,0,0,0,0,0,0.00,0.00,0.00,0.00,0.0,0.0
2026-09-04T17:26:04+00:00,2026-09-04,deadline,3,2026-09-04T17:30:00Z,569,Gonzalo,FUL,FWD,60,0,0,4.7,127967,78519,280185,95726,a,,,,,1,,,4.0,2,8,180,2,1,0,0,4,0,6,2,1,3,1.00,0.02,1.02,4.26,4.0,4.0
2026-09-04T17:26:04+00:00,2026-09-04,deadline,3,2026-09-04T17:30:00Z,570,Palacios,FUL,MID,55,0,0,0.2,1009,3336,1919,5120,a,,,,,,,,1.5,1,3,147,2,0,0,0,4,0,13,3,2,8,0.18,0.01,0.19,3.83,1.5,1.5
2026-09-04T17:26:04+00:00,2026-09-04,deadline,3,2026-09-04T17:30:00Z,580,Charles,FUL,MID,50,0,0,0.1,334,1238,693,2046,a,,,,,,,,1.0,1,2,45,0,0,0,0,1,0,5,1,1,3,0.09,0.03,0.12,1.80,1.0,1.0
2026-09-04T17:26:04+00:00,2026-09-04,deadline,3,2026-09-04T17:30:00Z,610,De Fougerolles,FUL,DEF,40,0,0,0.1,2214,1834,5265,2308,d,Unspecified injury - 75% chance of playing,2026-08-28T11:30:08.336405Z,75,75,,,,0.0,0,0,0,0,0,0,0,0,0,0,0,0,0,0.00,0.00,0.00,0.00,0.0,0.0
2026-09-04T17:26:04+00:00,2026-09-04,deadline,3,2026-09-04T17:30:00Z,626,Zepa,FUL,MID,45,0,0,0.4,21865,4800,21865,4800,a,,,,,,,,0.0,0,0,0,0,0,0,0,0,0,0,0,0,0,0.00,0.00,0.00,0.00,1.0,1.0
2026-09-04T17:26:04+00:00,2026-09-04,deadline,3,2026-09-04T17:30:00Z,635,Larsson,FUL,MID,50,0,0,0.0,283,26,283,26,a,,,,,,,,0.0,0,0,0,0,0,0,0,0,0,0,0,0,0,0.00,0.00,0.00,0.00,1.5,1.5
2026-09-04T17:26:04+00:00,2026-09-04,deadline,3,2026-09-04T17:30:00Z,636,Ángel,FUL,MID,50,0,0,0.0,117,13,117,13,a,,,,,,,,0.0,0,0,0,0,0,0,0,0,0,0,0,0,0,0.00,0.00,0.00,0.00,1.5,1.5
2026-09-04T17:26:04+00:00,2026-09-04,deadline,3,2026-09-04T17:30:00Z,650,Affengruber,FUL,DEF,45,0,0,0.0,202,27,202,27,a,,,,,,,,0.0,0,0,0,0,0,0,0,0,0,0,0,0,0,0.00,0.00,0.00,0.00,1.8,1.8
2026-09-04T17:26:04+00:00,2026-09-04,deadline,3,2026-09-04T17:30:00Z,240,Iroegbunam,HUL,MID,50,0,0,0.0,306,184,327,532,a,,2026-08-15T20:00:06.878792Z,0,100,,,,0.5,1,1,4,0,0,0,0,0,0,0,0,0,0,0.00,0.00,0.00,0.00,0.0,0.5
2026-09-04T17:26:04+00:00,2026-09-04,deadline,3,2026-09-04T17:30:00Z,273,Phillips,HUL,GKP,40,0,0,1.5,9209,11136,12324,18230,a,,,,,,,,0.0,0,0,0,0,0,0,0,0,0,0,0,0,0,0.00,0.00,0.00,0.00,0.0,0.0
2026-09-04T17:26:04+00:00,2026-09-04,deadline,3,2026-09-04T17:30:00Z,274,Butland,HUL,GKP,45,0,0,0.1,164,1462,288,3200,i,Arm injury - Unknown return date,2026-08-08T19:00:05.601633Z,0,0,,,,0.0,0,0,0,0,0,0,0,0,0,0,0,0,0,0.00,0.00,0.00,0.00,0.0,0.0
2026-09-04T17:26:04+00:00,2026-09-04,deadline,3,2026-09-04T17:30:00Z,275,Cartwright,HUL,GKP,40,0,0,0.0,0,82,0,193,u,Has joined Grimsby Town on loan for the rest of the season,2026-07-29T13:00:27.959925Z,0,0,,,,0.0,0,0,0,0,0,0,0,0,0,0,0,0,0,0.00,0.00,0.00,0.00,0.0,0.0
2026-09-04T17:26:04+00:00,2026-09-04,deadline,3,2026-09-04T17:30:00Z,276,Lo-Tutala,HUL,GKP,40,0,0,0.0,0,269,0,652,u,Has joined Colchester United on loan for the rest of the season,2026-08-17T13:50:27.125537Z,0,0,,,,0.0,0,0,0,0,0,0,0,0,0,0,0,0,0,0.00,0.00,0.00,0.00,0.0,0.0
2026-09-04T17:26:04+00:00,2026-09-04,deadline,3,2026-09-04T17:30:00Z,277,Egan,HUL,DEF,40,0,0,5.9,331514,56732,374451,67939,a,,,,,,,,8.5,9,17,180,2,0,0,2,0,0,34,32,2,4,0.00,0.00,0.00,3.12,8.5,8.5
2026-09-04T17:26:04+00:00,2026-09-04,deadline,3,2026-09-04T17:30:00Z,278,Hughes,HUL,DEF,40,0,0,0.1,136,1816,235,4136,i,Groin injury - Unknown return date,2026-08-02T09:00:11.030017Z,0,0,,,,0.0,0,0,0,0,0,0,0,0,0,0,0,0,0,0.00,0.00,0.00,0.00,0.0,0.0
2026-09-04T17:26:04+00:00,2026-09-04,deadline,3,2026-09-04T17:30:00Z,279,Ajayi,HUL,DEF,41,1,1,10.1,627749,67922,707155,83515,a,,2026-08-22T17:30:07.668197Z,100,100,,,,10.0,6,20,153,2,1,0,2,0,0,14,12,2,8,0.52,0.00,0.52,2.15,10.0,10.0
2026-09-04T17:26:04+00:00,2026-09-04,deadline,3,2026-09-04T17:30:00Z,280,Coyle,HUL,DEF,40,0,0,0.5,1520,10101,4143,15182,d,Unspecified injury - 75% chance of playing,2026-08-29T16:30:08.151841Z,100,75,,,,3.0,0,6,114,2,0,0,1,0,0,6,5,1,4,0.00,0.01,0.01,2.25,3.0,2.2
2026-09-04T17:26:04+00:00,2026-09-04,deadline,3,2026-09-04T17:30:00Z,281,Drameh,HUL,DEF,40,0,0,0.1,1010,1662,2118,2075,u,Has joined Genoa permanently,2026-09-02T16:09:06.479140Z,100,0,,,,1.0,1,2,65,0,0,0,0,0,0,6,5,1,4,0.05,0.00,0.05,0.87,1.0,0.0
2026-09-04T17:26:04+00:00,2026-09-04,deadline,3,2026-09-04T17:30:00Z,282,Giles,HUL,DEF,40,0,0,1.2,26588,8275,39480,12466,a,,,,,,1,1,6.0,6,12,174,2,0,0,2,0,0,8,6,2,5,0.02,0.14,0.16,3.05,6.0,6.0
2026-09-04T17:26:04+00:00,2026-09-04,deadline,3,2026-09-04T17:30:00Z,283,Jacob,HUL,DEF,40,0,0,0.0,57,209,114,437,u,Has joined Newport County on loan until January,2026-08-02T09:00:11.038361Z,0,0,,,,0.0,0,0,0,0,0,0,0,0,0,0,0,0,0,0.00,0.00,0.00,0.00,0.0,0.0
2026-09-04T17:26:04+00:00,2026-09-04,deadline,3,2026-09-04T17:30:00Z,284,McCarthy,HUL,DEF,40,0,0,0.1,1495,1205,2170,2164,a,,,,,,,,0.0,0,0,0,0,0,0,0,0,0,0,0,0,0,0.00,0.00,0.00,0.00,0.0,0.0
2026-09-04T17:26:04+00:00,2026-09-04,deadline,3,2026-09-04T17:30:00Z,285,McNair,HUL,DEF,40,0,0,0.1,997,1490,1643,2180,a,,,,,,,,0.5,0,1,26,0,0,0,0,0,0,2,2,0,1,0.00,0.00,0.00,0.96,0.5,0.5
2026-09-04T17:26:04+00:00,2026-09-04,deadline,3,2026-09-04T17:30:00Z,286,Belloumi,HUL,MID,50,0,0,0.8,26435,10376,40325,14407,a,,,,,,2,3,4.5,6,9,172,2,0,1,2,0,0,20,6,6,8,0.17,0.05,0.22,2.94,4.5,4.5
2026-09-04T17:26:04+00:00,2026-09-04,deadline,3,2026-09-04T17:30:00Z,287,Millar,HUL,MID,50,0,0,0.1,2873,2717,3178,3704,u,Has joined Birmingham on loan for the rest of the season,2026-09-02T15:36:41.038103Z,,0,,,,3.0,6,6,50,0,1,0,0,0,0,4,2,1,1,0.58,0.00,0.58,0.87,3.0,0.0
2026-09-04T17:26:04+00:00,2026-09-04,deadline,3,2026-09-04T17:30:00Z,288,Dowell,HUL,MID,45,0,0,0.4,5735,5898,7451,10156,a,,,,,,,,0.0,0,0,0,0,0,0,0,0,0,0,0,0,0,0.00,0.00,0.00,0.00,0.0,0.0
2026-09-04T17:26:04+00:00,2026-09-04,deadline,3,2026-09-04T17:30:00Z,289,Crooks,HUL,MID,45,0,0,0.6,2875,15146,13016,20836,d,Thigh injury - 75% chance of playing,2026-08-29T15:00:08.569326Z,,75,,,,1.0,0,2,90,1,0,0,1,0,0,9,4,4,1,0.00,0.00,0.00,1.83,1.0,0.8
2026-09-04T17:26:04+00:00,2026-09-04,deadline,3,2026-09-04T17:30:00Z,290,Slater,HUL,MID,45,0,0,5.0,156036,65605,248407,87979,a,,,,,,,2,4.0,2,8,180,2,0,1,2,0,0,13,2,5,6,0.00,0.45,0.45,3.12,4.0,4.0
2026-09-04T17:26:04+00:00,2026-09-04,deadline,3,2026-09-04T17:30:00Z,291,Matazo,HUL,MID,45,0,0,0.0,102,133,166,229,i,Knee injury - Unknown return date,2026-07-23T12:01:23.532635Z,0,0,,,,0.0,0,0,0,0,0,0,0,0,0,0,0,0,0,0.00,0.00,0.00,0.00,0.0,0.0
2026-09-04T17:26:04+00:00,2026-09-04,deadline,3,2026-09-04T17:30:00Z,292,Ömür,HUL,MID,49,-1,-1,0.0,315,450,524,837,a,,,,,,,,0.0,0,0,0,0,0,0,0,0,0,0,0,0,0,0.00,0.00,0.00,0.00,0.0,0.0
2026-09-04T17:26:04+00:00,2026-09-04,deadline,3,2026-09-04T17:30:00Z,293,Kamara,HUL,MID,50,0,0,0.0,0,96,0,293,u,Has joined Portsmouth permanently,2026-08-12T14:08:23.542043Z,0,0,,,,0.0,0,0,0,0,0,0,0,0,0,0,0,0,0,0.00,0.00,0.00,0.00,0.0,0.0
2026-09-04T17:26:04+00:00,2026-09-04,deadline,3,2026-09-04T17:30:00Z,294,Zambrano,HUL,MID,45,0,0,0.1,645,1905,1136,4054,i,Thigh injury - Unknown return date,2026-08-04T18:30:11.016909Z,0,0,,,,0.0,0,0,0,0,0,0,0,0,0,0,0,0,0,0.00,0.00,0.00,0.00,0.0,0.0
2026-09-04T17:26:04+00:00,2026-09-04,deadline,3,2026-09-04T17:30:00Z,295,McBurnie,HUL,FWD,55,0,0,2.0,40421,49544,123062,65485,a,,,,,1,,,3.0,1,6,180,2,0,1,2,0,0,9,3,0,6,0.16,0.02,0.18,3.12,3.0,3.0
2026-09-04T17:26:04+00:00,2026-09-04,deadline,3,2026-09-04T17:30:00Z,296,Akintola,HUL,MID,50,0,0,0.0,1265,1332,2179,2272,a,,,,,,,,0.0,0,0,0,0,0,0,0,0,0,0,0,0,0,0.00,0.00,0.00,0.00,0.0,0.0
2026-09-04T17:26:04+00:00,2026-09-04,deadline,3,2026-09-04T17:30:00Z,297,Gyabi,HUL,MID,45,0,0,0.0,140,442,204,968,i,Thigh injury - Unknown return date,2026-08-04T18:30:11.027155Z,0,0,,,,0.0,0,0,0,0,0,0,0,0,0,0,0,0,0,0.00,0.00,0.00,0.00,0.0,0.0
2026-09-04T17:26:04+00:00,2026-09-04,deadline,3,2026-09-04T17:30:00Z,298,Destan,HUL,FWD,45,0,0,0.2,0,5560,0,14426,u,Has joined Konyaspor permanently,2026-08-17T13:50:27.145733Z,0,0,,,,0.0,0,0,0,0,0,0,0,0,0,0,0,0,0,0.00,0.00,0.00,0.00,0.0,0.0
2026-09-04T17:26:04+00:00,2026-09-04,deadline,3,2026-09-04T17:30:00Z,299,Burstow,HUL,FWD,45,0,0,0.0,0,777,0,1987,u,Has joined Sheffield Wednesday on loan for the rest of the season,2026-08-03T14:05:20.234842Z,0,0,,,,0.0,0,0,0,0,0,0,0,0,0,0,0,0,0,0.00,0.00,0.00,0.00,0.0,0.0
2026-09-04T17:26:04+00:00,2026-09-04,deadline,3,2026-09-04T17:30:00Z,340,Gelhardt,HUL,MID,50,0,0,0.0,97,223,142,511,a,,2026-08-17T21:30:07.799839Z,0,100,,,,0.0,0,0,0,0,0,0,0,0,0,0,0,0,0,0.00,0.00,0.00,0.00,0.0,0.0
2026-09-04T17:26:04+00:00,2026-09-04,deadline,3,2026-09-04T17:30:00Z,556,Targett,HUL,DEF,40,0,0,2.1,10365,23001,15758,38442,a,,,,,,,,0.5,0,1,5,0,0,0,0,0,0,0,0,0,1,0.00,0.00,0.00,0.07,0.5,0.5
2026-09-04T17:26:04+00:00,2026-09-04,deadline,3,2026-09-04T17:30:00Z,563,Morita,HUL,MID,50,0,0,0.0,418,314,536,642,a,,2026-08-15T16:00:07.961518Z,100,100,,,,0.5,1,1,45,1,0,0,0,0,0,3,2,0,1,0.00,0.00,0.00,1.09,0.5,0.5
2026-09-04T17:26:04+00:00,2026-09-04,deadline,3,2026-09-04T17:30:00Z,572,Tzolakis,HUL,GKP,46,1,1,8.2,365722,59741,467692,72156,a,,,,,,,,10.0,10,20,180,2,0,0,2,0,8,0,0,0,33,0.00,0.00,0.00,3.12,10.0,10.0
2026-09-04T17:26:04+00:00,2026-09-04,deadline,3,2026-09-04T17:30:00Z,574,Hjertø-Dahl,HUL,MID,50,0,0,0.1,321,1450,628,2419,a,,,,,,,,0.0,0,0,0,0,0,0,0,0,0,0,0,0,0,0.00,0.00,0.00,0.00,0.0,0.0
2026-09-04T17:26:04+00:00,2026-09-04,deadline,3,2026-09-04T17:30:00Z,576,Stroud,HUL,MID,50,0,0,0.1,768,1676,2198,2273,a,,,,,,,,1.5,0,3,128,2,0,0,1,0,0,13,3,3,7,0.01,0.04,0.05,2.25,1.5,1.5
2026-09-04T17:26:04+00:00,2026-09-04,deadline,3,2026-09-04T17:30:00Z,585,Herrington,HUL,DEF,40,0,0,0.6,3424,5063,6195,8665,a,,,,,,,,1.0,1,2,57,0,0,0,0,0,0,5,5,0,0,0.00,0.00,0.00,1.16,1.0,1.0
2026-09-04T17:26:04+00:00,2026-09-04,deadline,3,2026-09-04T17:30:00Z,586,Mendy,HUL,DEF,40,0,0,5.9,165195,68328,344775,87788,a,,2026-08-22T17:30:08.045208Z,100,100,,,,8.0,1,16,121,2,1,0,1,0,0,22,20,2,4,0.29,0.00,0.29,1.95,8.0,8.0
2026-09-04T17:26:04+00:00,2026-09-04,deadline,3,2026-09-04T17:30:00Z,589,Gourna-Douath,HUL,MID,50,0,0,0.0,212,342,347,655,a,,,,,,,,0.5,1,1,45,0,0,0,0,0,0,6,1,3,2,0.00,0.01,0.01,0.20,0.5,0.5
2026-09-04T17:26:04+00:00,2026-09-04,deadline,3,2026-09-04T17:30:00Z,617,Cho,HUL,MID,50,0,0,0.0,667,189,692,191,a,,,,,,,,1.0,1,1,7,0,0,0,0,0,0,0,0,0,0,0.00,0.00,0.00,0.18,1.5,1.5
2026-09-04T17:26:04+00:00,2026-09-04,deadline,3,2026-09-04T17:30:00Z,632,Ansah,HUL,FWD,50,0,0,0.0,2183,207,2183,207,a,,,,,,,,0.0,0,0,0,0,0,0,0,0,0,0,0,0,0,0.00,0.00,0.00,0.00,1.4,1.4
2026-09-04T17:26:04+00:00,2026-09-04,deadline,3,2026-09-04T17:30:00Z,637,Vaz,HUL,FWD,50,0,0,0.0,1581,196,1581,196,a,,,,,,,,0.0,0,0,0,0,0,0,0,0,0,0,0,0,0,0.00,0.00,0.00,0.00,1.4,1.4
2026-09-04T17:26:04+00:00,2026-09-04,deadline,3,2026-09-04T17:30:00Z,638,Norton-Cuffy,HUL,DEF,40,0,0,0.2,6321,756,6321,756,a,,,,,,,,0.0,0,0,0,0,0,0,0,0,0,0,0,0,0,0.00,0.00,0.00,0.00,1.0,1.0
2026-09-04T17:26:04+00:00,2026-09-04,deadline,3,2026-09-04T17:30:00Z,642,Thomas,HUL,MID,55,0,0,0.0,435,56,435,56,a,,,,,,,,0.0,0,0,0,0,0,0,0,0,0,0,0,0,0,0.00,0.00,0.00,0.00,2.0,2.0
2026-09-04T17:26:04+00:00,2026-09-04,deadline,3,2026-09-04T17:30:00Z,645,Mouzakitis,HUL,MID,50,0,0,0.0,209,23,209,23,a,,,,,,,,0.0,0,0,0,0,0,0,0,0,0,0,0,0,0,0.00,0.00,0.00,0.00,1.5,1.5
2026-09-04T17:26:04+00:00,2026-09-04,deadline,3,2026-09-04T17:30:00Z,259,Diop,IPS,DEF,40,0,0,15.4,43157,123584,69670,194508,a,,,,,,,,2.0,2,4,180,2,0,0,0,6,0,17,16,1,10,0.00,0.01,0.01,5.43,2.0,2.0
2026-09-04T17:26:04+00:00,2026-09-04,deadline,3,2026-09-04T17:30:00Z,267,Lukić,IPS,MID,50,0,0,0.1,804,1798,1982,3143,a,,,,,,,4,3.0,1,6,162,2,0,1,0,5,0,17,9,4,4,0.02,0.04,0.06,4.57,3.0,3.0
2026-09-04T17:26:04+00:00,2026-09-04,deadline,3,2026-09-04T17:30:00Z,300,Walton,IPS,GKP,45,0,0,0.4,347,4435,556,9007,a,,,,,,,,0.0,0,0,0,0,0,0,0,0,0,0,0,0,0,0.00,0.00,0.00,0.00,0.0,0.0
2026-09-04T17:26:04+00:00,2026-09-04,deadline,3,2026-09-04T17:30:00Z,301,Palmer,IPS,GKP,40,0,0,4.3,29136,30452,36822,47800,a,,,,,,,,0.0,0,0,0,0,0,0,0,0,0,0,0,0,0,0.00,0.00,0.00,0.00,0.0,0.0
2026-09-04T17:26:04+00:00,2026-09-04,deadline,3,2026-09-04T17:30:00Z,302,Button,IPS,GKP,40,0,0,0.5,7416,3810,9375,5629,a,,,,,,,,0.0,0,0,0,0,0,0,0,0,0,0,0,0,0,0.00,0.00,0.00,0.00,0.0,0.0
2026-09-04T17:26:04+00:00,2026-09-04,deadline,3,2026-09-04T17:30:00Z,303,Kipré,IPS,DEF,40,0,0,0.5,627,5371,959,10318,a,,,,,,,,0.0,0,0,0,0,0,0,0,0,0,0,0,0,0,0.00,0.00,0.00,0.00,0.0,0.0
2026-09-04T17:26:04+00:00,2026-09-04,deadline,3,2026-09-04T17:30:00Z,304,O'Shea,IPS,DEF,40,0,0,3.2,21861,36302,37500,50286,a,,,,,,,,2.0,0,4,180,2,0,0,0,6,0,19,17,2,8,0.07,0.17,0.24,5.43,2.0,2.0
2026-09-04T17:26:04+00:00,2026-09-04,deadline,3,2026-09-04T17:30:00Z,305,Davis,IPS,DEF,40,0,0,5.2,62243,39468,69565,60758,a,,,,,,2,2,4.0,6,8,180,2,1,0,0,6,0,11,11,0,5,0.54,0.13,0.67,5.43,4.0,4.0
2026-09-04T17:26:04+00:00,2026-09-04,deadline,3,2026-09-04T17:30:00Z,306,Greaves,IPS,DEF,40,0,0,1.3,2652,11151,4288,17262,a,,,,,,,,0.5,-1,1,180,2,0,0,0,6,0,17,13,4,5,0.00,0.01,0.01,5.43,0.5,0.5
2026-09-04T17:26:04+00:00,2026-09-04,deadline,3,2026-09-04T17:30:00Z,307,Johnson,IPS,DEF,40,0,0,0.1,710,1349,1137,2371,u,Has joined Stoke City on loan for the rest of the season,2026-09-04T12:36:56.236331Z,,0,,,,0.0,0,0,0,0,0,0,0,0,0,0,0,0,0,0.00,0.00,0.00,0.00,0.0,0.0
2026-09-04T17:26:04+00:00,2026-09-04,deadline,3,2026-09-04T17:30:00Z,308,Furlong,IPS,DEF,40,0,0,0.5,605,4499,874,8915,a,,,,,,,,0.5,1,1,17,0,0,0,0,1,0,3,2,1,0,0.00,0.00,0.00,0.86,0.5,0.5
2026-09-04T17:26:04+00:00,2026-09-04,deadline,3,2026-09-04T17:30:00Z,309,Núñez,IPS,MID,50,0,0,0.1,1099,1971,2296,3364,a,,,,,,1,1,3.0,2,6,140,2,0,0,0,4,0,21,8,3,10,0.03,0.05,0.08,3.48,3.0,3.0
2026-09-04T17:26:04+00:00,2026-09-04,deadline,3,2026-09-04T17:30:00Z,310,Matusiwa,IPS,MID,50,0,0,0.0,12,67,20,179,i,Muscular injury - Unknown return date,2026-07-29T18:00:10.305484Z,0,0,,,,0.0,0,0,0,0,0,0,0,0,0,0,0,0,0,0.00,0.00,0.00,0.00,0.0,0.0
2026-09-04T17:26:04+00:00,2026-09-04,deadline,3,2026-09-04T17:30:00Z,311,Burns,IPS,MID,50,0,0,0.0,0,88,0,279,u,Has joined Leicester City permanently,2026-08-10T14:02:47.597478Z,0,0,,,,0.0,0,0,0,0,0,0,0,0,0,0,0,0,0,0.00,0.00,0.00,0.00,0.0,0.0
2026-09-04T17:26:04+00:00,2026-09-04,deadline,3,2026-09-04T17:30:00Z,312,Taylor,IPS,MID,45,0,0,0.0,187,691,298,1574,i,Knee injury - Unknown return date,2026-07-29T18:00:10.319370Z,0,0,,,,0.0,0,0,0,0,0,0,0,0,0,0,0,0,0,0.00,0.00,0.00,0.00,0.0,0.0
2026-09-04T17:26:04+00:00,2026-09-04,deadline,3,2026-09-04T17:30:00Z,313,Clarke,IPS,MID,55,0,0,0.2,1162,5684,4364,8127,a,,,,,1,3,3,3.5,0,7,19,0,1,0,0,0,0,2,0,1,1,0.10,0.00,0.10,0.03,3.5,3.5
2026-09-04T17:26:04+00:00,2026-09-04,deadline,3,2026-09-04T17:30:00Z,314,Ogbene,IPS,MID,49,-1,-1,0.0,67,412,104,655,u,Has joined Lincoln City on loan until January,2026-09-02T16:04:17.497385Z,,0,,,,0.0,0,0,0,0,0,0,0,0,0,0,0,0,0,0.00,0.00,0.00,0.00,0.0,0.0
2026-09-04T17:26:04+00:00,2026-09-04,deadline,3,2026-09-04T17:30:00Z,315,Fatawu,IPS,MID,55,0,0,0.2,2110,2955,2680,5723,a,,,,,,,,3.0,4,6,147,2,0,1,0,6,0,11,2,5,4,0.00,0.63,0.63,5.22,3.0,3.0
2026-09-04T17:26:04+00:00,2026-09-04,deadline,3,2026-09-04T17:30:00Z,316,Emersonn,IPS,FWD,55,0,0,1.6,20571,51072,97378,67882,a,,2026-08-31T09:30:08.306145Z,,100,2,,,5.0,1,10,110,2,1,0,0,2,0,4,2,1,1,0.82,0.06,0.88,1.40,5.0,5.0
2026-09-04T17:26:04+00:00,2026-09-04,deadline,3,2026-09-04T17:30:00Z,317,Hirst,IPS,FWD,50,0,0,0.1,0,4343,0,13038,u,Has joined Stoke City permanently,2026-08-21T13:06:08.606019Z,0,0,,,,0.0,0,0,0,0,0,0,0,0,0,0,0,0,0,0.00,0.00,0.00,0.00,0.0,0.0
2026-09-04T17:26:04+00:00,2026-09-04,deadline,3,2026-09-04T17:30:00Z,318,Philogene,IPS,MID,54,-1,-1,0.1,41,3431,147,7359,i,Ankle injury - Unknown return date,2026-08-25T11:30:07.532993Z,0,0,3,,5,0.0,0,0,0,0,0,0,0,0,0,0,0,0,0,0.00,0.00,0.00,0.00,0.0,0.0
2026-09-04T17:26:04+00:00,2026-09-04,deadline,3,2026-09-04T17:30:00Z,319,Szmodics,IPS,MID,50,0,0,0.0,0,189,0,598,u,Has joined Derby County on loan for the rest of the season,2026-08-17T13:51:41.713979Z,0,0,,,,0.0,0,0,0,0,0,0,0,0,0,0,0,0,0,0.00,0.00,0.00,0.00,0.0,0.0
2026-09-04T17:26:04+00:00,2026-09-04,deadline,3,2026-09-04T17:30:00Z,320,Akpom,IPS,FWD,50,0,0,1.1,62128,17105,66753,23355,a,,,,,,,,3.0,5,6,69,0,1,0,0,4,0,3,0,1,2,0.97,0.00,0.97,4.04,3.0,3.0
2026-09-04T17:26:04+00:00,2026-09-04,deadline,3,2026-09-04T17:30:00Z,321,Walle Egeli,IPS,FWD,45,0,0,3.5,126775,53710,167487,77151,a,,,,,,,,0.5,0,1,10,0,0,0,0,0,0,0,0,0,0,0.00,0.00,0.00,0.03,0.5,0.5
2026-09-04T17:26:04+00:00,2026-09-04,deadline,3,2026-09-04T17:30:00Z,322,Al-Hamadi,IPS,FWD,50,0,0,0.1,0,3862,755,6864,u,Has joined Sheffield Wednesday on loan for the rest of the season,2026-08-27T14:54:10.215357Z,0,0,,,,0.0,0,0,0,0,0,0,0,0,0,0,0,0,0,0.00,0.00,0.00,0.00,0.0,0.0
2026-09-04T17:26:04+00:00,2026-09-04,deadline,3,2026-09-04T17:30:00Z,323,McAteer,IPS,MID,45,0,0,1.3,11543,15868,17158,27433,a,,,,,,,,1.0,1,2,31,0,0,0,0,0,0,4,0,1,3,0.00,0.00,0.00,0.21,1.0,1.0
2026-09-04T17:26:04+00:00,2026-09-04,deadline,3,2026-09-04T17:30:00Z,324,Mehmeti,IPS,MID,49,-1,-1,0.0,109,756,156,1442,a,,,,,,,,0.0,0,0,0,0,0,0,0,0,0,0,0,0,0,0.00,0.00,0.00,0.00,0.0,0.0
2026-09-04T17:26:04+00:00,2026-09-04,deadline,3,2026-09-04T17:30:00Z,554,Van Oevelen,IPS,GKP,45,0,0,0.0,0,698,54,1335,u,Has joined Valencia on loan for the rest of the season,2026-08-25T14:04:09.529320Z,0,0,,,,0.0,0,0,0,0,0,0,0,0,0,0,0,0,0,0.00,0.00,0.00,0.00,0.0,0.0
2026-09-04T17:26:04+00:00,2026-09-04,deadline,3,2026-09-04T17:30:00Z,562,Maeda,IPS,MID,55,0,0,0.3,893,5792,1633,9834,a,,,,,,,,2.0,2,4,151,2,0,0,0,5,0,14,6,5,3,0.67,0.01,0.68,4.54,2.0,2.0
2026-09-04T17:26:04+00:00,2026-09-04,deadline,3,2026-09-04T17:30:00Z,564,Scherpen,IPS,GKP,45,0,0,0.6,4343,7029,5672,10605,a,,,,,,,,2.0,2,4,180,2,0,0,0,6,8,0,5,0,23,0.00,0.01,0.01,5.43,2.0,2.0
2026-09-04T17:26:04+00:00,2026-09-04,deadline,3,2026-09-04T17:30:00Z,571,Florentino,IPS,MID,49,-1,-1,0.1,220,2341,434,4548,a,,2026-08-25T11:30:07.678802Z,75,100,,,,0.0,0,0,0,0,0,0,0,0,0,0,0,0,0,0.00,0.00,0.00,0.00,0.0,0.0
2026-09-04T17:26:04+00:00,2026-09-04,deadline,3,2026-09-04T17:30:00Z,591,Enciso,IPS,MID,55,0,0,0.8,35498,10709,53167,15163,a,,2026-08-22T18:00:07.551930Z,100,100,,,,5.0,5,10,160,2,0,2,0,6,0,16,2,2,12,0.63,0.62,1.25,5.40,5.0,5.0
2026-09-04T17:26:04+00:00,2026-09-04,deadline,3,2026-09-04T17:30:00Z,592,Ouattara,IPS,DEF,40,0,0,1.0,4381,7101,7150,12967,a,,,,,,,,1.0,1,2,27,0,0,0,0,1,0,2,2,0,1,0.00,0.00,0.00,0.89,1.0,1.0
2026-09-04T17:26:04+00:00,2026-09-04,deadline,3,2026-09-04T17:30:00Z,602,Humphreys,IPS,MID,45,0,0,0.0,1586,1200,2861,1533,u,Has joined Huddersfield Town on loan for the rest of the season,2026-09-02T16:04:17.524642Z,,0,,,,0.0,0,0,0,0,0,0,0,0,0,0,0,0,0,0.00,0.00,0.00,0.00,0.0,0.0
2026-09-04T17:26:04+00:00,2026-09-04,deadline,3,2026-09-04T17:30:00Z,619,Palacios,IPS,MID,50,0,0,0.0,1323,347,1412,352,a,,,,,,,,1.0,1,1,28,0,0,0,0,2,0,6,2,1,3,0.00,0.01,0.01,1.92,1.5,1.5
2026-09-04T17:26:04+00:00,2026-09-04,deadline,3,2026-09-04T17:30:00Z,640,Flemming,IPS,FWD,55,0,0,0.0,1734,229,1734,229,a,,,,,,,,0.0,0,0,0,0,0,0,0,0,0,0,0,0,0,0.00,0.00,0.00,0.00,1.8,1.8
2026-09-04T17:26:04+00:00,2026-09-04,deadline,3,2026-09-04T17:30:00Z,260,Wilson,LEE,MID,64,-1,-1,3.9,7290,154349,22219,212117,a,,,,,,,2,2.0,1,4,110,1,0,0,1,0,0,8,2,3,3,0.01,0.06,0.07,1.66,2.0,2.0
2026-09-04T17:26:04+00:00,2026-09-04,deadline,3,2026-09-04T17:30:00Z,326,Perri,LEE,GKP,45,0,0,0.4,204,9397,532,14756,u,Has joined Torino on loan for the rest of the season,2026-09-01T13:12:39.210133Z,,0,,,,0.0,0,0,0,0,0,0,0,0,0,0,0,0,0,0.00,0.00,0.00,0.00,0.0,0.0
2026-09-04T17:26:04+00:00,2026-09-04,deadline,3,2026-09-04T17:30:00Z,327,Bijol,LEE,DEF,50,0,0,0.9,14845,17425,60064,25609,a,,,,,,,,5.5,1,11,135,2,0,0,1,1,0,17,16,1,7,0.11,0.00,0.11,1.21,5.5,5.5
2026-09-04T17:26:04+00:00,2026-09-04,deadline,3,2026-09-04T17:30:00Z,329,Rodon,LEE,DEF,45,0,0,2.2,5062,124327,26662,136901,i,Hamstring injury - Expected back 21 Nov,2026-08-30T16:00:08.564382Z,,0,,,,3.5,1,7,123,2,0,0,1,0,0,11,10,1,2,0.03,0.06,0.09,1.01,3.5,0.0
2026-09-04T17:26:04+00:00,2026-09-04,deadline,3,2026-09-04T17:30:00Z,330,Bogle,LEE,DEF,45,0,0,0.5,5046,5469,10971,8593,a,,,,,,,,4.0,2,8,157,2,0,0,1,1,0,10,7,3,8,0.00,0.01,0.01,1.40,4.0,4.0
2026-09-04T17:26:04+00:00,2026-09-04,deadline,3,2026-09-04T17:30:00Z,331,Gudmundsson,LEE,DEF,45,0,0,0.0,637,390,703,1382,a,,2026-08-08T20:00:07.546568Z,75,100,,,,0.0,0,0,0,0,0,0,0,0,0,0,0,0,0,0.00,0.00,0.00,0.00,0.0,0.0
2026-09-04T17:26:04+00:00,2026-09-04,deadline,3,2026-09-04T17:30:00Z,332,Justin,LEE,DEF,45,0,0,1.4,35358,21263,78892,30654,a,,,,,,,,6.0,2,12,180,2,0,0,1,1,0,20,12,8,7,0.03,0.02,0.05,2.33,6.0,6.0
2026-09-04T17:26:04+00:00,2026-09-04,deadline,3,2026-09-04T17:30:00Z,333,Bornauw,LEE,DEF,45,0,0,0.0,0,62,0,232,u,Has joined Hamburg SV on loan for the rest of the season,2026-08-19T13:56:14.645970Z,0,0,,,,0.0,0,0,0,0,0,0,0,0,0,0,0,0,0,0.00,0.00,0.00,0.00,0.0,0.0
2026-09-04T17:26:04+00:00,2026-09-04,deadline,3,2026-09-04T17:30:00Z,334,Muharemović,LEE,DEF,50,0,0,3.1,40086,41861,61625,53703,a,,,,,,,,5.0,4,10,180,2,0,0,1,1,0,26,24,2,4,0.09,0.01,0.10,2.33,5.0,5.0
2026-09-04T17:26:04+00:00,2026-09-04,deadline,3,2026-09-04T17:30:00Z,335,Stach,LEE,MID,60,0,0,2.9,61645,49173,142989,62852,a,,,,,,1,1,8.5,4,17,180,2,1,0,1,1,0,32,16,7,9,0.17,0.06,0.23,2.33,8.5,8.5
2026-09-04T17:26:04+00:00,2026-09-04,deadline,3,2026-09-04T17:30:00Z,336,Okafor,LEE,MID,59,-1,-1,0.3,2507,10803,3862,19971,a,,,,,,,,1.5,2,3,92,1,0,0,0,1,0,7,2,3,2,0.08,0.17,0.25,0.87,1.5,1.5
2026-09-04T17:26:04+00:00,2026-09-04,deadline,3,2026-09-04T17:30:00Z,337,Aaronson,LEE,MID,55,0,0,0.7,2014,15961,4607,24394,a,,,,,,3,,2.0,1,4,126,2,0,0,1,1,0,10,1,2,7,0.01,0.02,0.03,1.13,2.0,2.0
2026-09-04T17:26:04+00:00,2026-09-04,deadline,3,2026-09-04T17:30:00Z,338,Ampadu,LEE,MID,55,0,0,1.1,3548,19081,8139,28522,a,,,,,,,,3.5,2,7,180,2,0,0,1,1,0,23,11,4,8,0.01,0.13,0.14,2.33,3.5,3.5
2026-09-04T17:26:04+00:00,2026-09-04,deadline,3,2026-09-04T17:30:00Z,339,Longstaff,LEE,MID,50,0,0,0.1,636,2584,1211,4215,a,,,,,,2,3,0.5,0,1,8,0,0,0,0,0,0,0,0,0,0,0.00,0.00,0.00,0.07,0.5,0.5
2026-09-04T17:26:04+00:00,2026-09-04,deadline,3,2026-09-04T17:30:00Z,341,Gnonto,LEE,MID,50,0,0,0.0,226,447,244,1143,u,Has joined ACF Fiorentina on loan for the rest of the season,2026-09-02T16:04:47.189648Z,75,0,,,,0.0,0,0,0,0,0,0,0,0,0,0,0,0,0,0.00,0.00,0.00,0.00,0.0,0.0
2026-09-04T17:26:04+00:00,2026-09-04,deadline,3,2026-09-04T17:30:00Z,342,Harrison,LEE,MID,50,0,0,0.0,0,17,0,53,u,Has joined New England Revolution permanently,2026-07-28T12:59:09.492431Z,0,0,,,,0.0,0,0,0,0,0,0,0,0,0,0,0,0,0,0.00,0.00,0.00,0.00,0.0,0.0
2026-09-04T17:26:04+00:00,2026-09-04,deadline,3,2026-09-04T17:30:00Z,343,James,LEE,MID,50,0,0,0.1,1589,2273,2452,4009,a,,,,,,,,0.5,1,1,22,0,0,0,0,0,0,2,0,0,2,0.24,0.01,0.25,0.93,0.5,0.5
2026-09-04T17:26:04+00:00,2026-09-04,deadline,3,2026-09-04T17:30:00Z,344,Gruev,LEE,MID,50,0,0,0.0,33,71,42,200,d,Knee injury - 25% chance of playing,2026-08-14T23:00:06.272027Z,0,25,,,,0.0,0,0,0,0,0,0,0,0,0,0,0,0,0,0.00,0.00,0.00,0.00,0.0,0.0
2026-09-04T17:26:04+00:00,2026-09-04,deadline,3,2026-09-04T17:30:00Z,345,Tanaka,LEE,MID,49,-1,-1,0.2,3453,4480,4352,8713,a,,,,,,,4,0.5,1,1,45,0,0,0,0,0,0,11,5,3,3,0.00,0.01,0.01,1.13,0.5,0.5
2026-09-04T17:26:04+00:00,2026-09-04,deadline,3,2026-09-04T17:30:00Z,346,Calvert-Lewin,LEE,FWD,60,0,0,25.1,197313,337555,281627,526491,a,,,,,1,,,4.5,8,9,180,2,1,0,1,1,0,6,3,0,3,1.05,0.02,1.07,2.33,4.5,4.5
2026-09-04T17:26:04+00:00,2026-09-04,deadline,3,2026-09-04T17:30:00Z,347,Nmecha,LEE,FWD,55,0,0,0.5,5389,8485,7306,18029,a,,,,,2,,,2.0,4,4,21,0,0,1,0,0,0,1,0,0,1,0.10,0.00,0.10,0.93,2.0,2.0
2026-09-04T17:26:04+00:00,2026-09-04,deadline,3,2026-09-04T17:30:00Z,348,Piroe,LEE,FWD,50,0,0,0.1,0,2935,0,8286,u,Has joined West Ham United on loan for the rest of the season,2026-08-19T13:56:14.666726Z,0,0,3,,,0.0,0,0,0,0,0,0,0,0,0,0,0,0,0,0.00,0.00,0.00,0.00,0.0,0.0
2026-09-04T17:26:04+00:00,2026-09-04,deadline,3,2026-09-04T17:30:00Z,349,Mateo Joseph,LEE,FWD,45,0,0,0.1,933,1075,1258,2126,i,Knee injury - Unknown return date,2026-07-29T18:00:10.338170Z,0,0,,,,0.0,0,0,0,0,0,0,0,0,0,0,0,0,0,0.00,0.00,0.00,0.00,0.0,0.0
2026-09-04T17:26:04+00:00,2026-09-04,deadline,3,2026-09-04T17:30:00Z,385,Trafford,LEE,GKP,50,0,0,5.1,80966,48402,144760,63506,a,,,,,,,,6.0,3,12,180,2,0,0,1,1,7,0,0,0,20,0.00,0.00,0.00,2.33,6.0,6.0
2026-09-04T17:26:04+00:00,2026-09-04,deadline,3,2026-09-04T17:30:00Z,598,Elvedi,LEE,DEF,45,0,0,0.0,718,523,1072,802,a,,,,,,,,0.5,1,1,56,0,0,0,0,1,0,6,5,1,4,0.00,0.00,0.00,1.32,0.5,0.5
2026-09-04T17:26:04+00:00,2026-09-04,deadline,3,2026-09-04T17:30:00Z,603,Lienou,LEE,DEF,40,0,0,0.1,2520,1130,4008,1449,a,,,,,,,,0.0,0,0,0,0,0,0,0,0,0,0,0,0,0,0.00,0.00,0.00,0.00,0.0,0.0
2026-09-04T17:26:04+00:00,2026-09-04,deadline,3,2026-09-04T17:30:00Z,604,Cresswell,LEE,MID,45,0,0,0.1,5887,2185,8916,2895,a,,,,,,,,0.0,0,0,0,0,0,0,0,0,0,0,0,0,0,0.00,0.00,0.00,0.00,0.0,0.0
2026-09-04T17:26:04+00:00,2026-09-04,deadline,3,2026-09-04T17:30:00Z,625,Cairns,LEE,GKP,40,0,0,0.2,9316,1361,9316,1361,a,,,,,,,,0.0,0,0,0,0,0,0,0,0,0,0,0,0,0,0.00,0.00,0.00,0.00,1.0,1.0
2026-09-04T17:26:04+00:00,2026-09-04,deadline,3,2026-09-04T17:30:00Z,629,Zetterer,LEE,GKP,40,0,0,0.4,13035,1279,13035,1279,a,,,,,,,,0.0,0,0,0,0,0,0,0,0,0,0,0,0,0,0.00,0.00,0.00,0.00,1.0,1.0
2026-09-04T17:26:04+00:00,2026-09-04,deadline,3,2026-09-04T17:30:00Z,641,Bard,LEE,DEF,45,0,0,0.0,175,28,175,28,a,,,,,,,,0.0,0,0,0,0,0,0,0,0,0,0,0,0,0,0.00,0.00,0.00,0.00,1.8,1.8
2026-09-04T17:26:04+00:00,2026-09-04,deadline,3,2026-09-04T17:30:00Z,648,Bahoya,LEE,MID,50,0,0,0.0,1005,194,1005,194,a,,,,,,,,0.0,0,0,0,0,0,0,0,0,0,0,0,0,0,0.00,0.00,0.00,0.00,1.5,1.5
2026-09-04T17:26:04+00:00,2026-09-04,deadline,3,2026-09-04T17:30:00Z,350,A.Becker,LIV,GKP,55,0,0,3.9,42137,57646,67444,78869,a,,,,,,,,1.0,0,2,180,2,0,0,0,4,4,0,4,0,10,0.00,0.00,0.00,3.88,1.0,1.0
2026-09-04T17:26:04+00:00,2026-09-04,deadline,3,2026-09-04T17:30:00Z,351,Mamardashvili,LIV,GKP,49,-1,-1,0.1,994,2836,1652,4874,a,,,,,,,,0.0,0,0,0,0,0,0,0,0,0,0,0,0,0,0.00,0.00,0.00,0.00,0.0,0.0
2026-09-04T17:26:04+00:00,2026-09-04,deadline,3,2026-09-04T17:30:00Z,352,Woodman,LIV,GKP,40,0,0,1.1,8195,7897,11458,13420,a,,,,,,,,0.0,0,0,0,0,0,0,0,0,0,0,0,0,0,0.00,0.00,0.00,0.00,0.0,0.0
2026-09-04T17:26:04+00:00,2026-09-04,deadline,3,2026-09-04T17:30:00Z,353,Pecsi,LIV,GKP,40,0,0,0.0,0,282,0,730,u,Has joined TSV Hartberg on loan for the rest of the season,2026-08-18T14:11:18.638344Z,0,0,,,,0.0,0,0,0,0,0,0,0,0,0,0,0,0,0,0.00,0.00,0.00,0.00,0.0,0.0
2026-09-04T17:26:04+00:00,2026-09-04,deadline,3,2026-09-04T17:30:00Z,354,Jaros,LIV,GKP,40,0,0,0.0,520,325,683,504,i,Knee injury - Unknown return date,2026-07-29T18:00:10.351066Z,0,0,,,,0.0,0,0,0,0,0,0,0,0,0,0,0,0,0,0.00,0.00,0.00,0.00,0.0,0.0
2026-09-04T17:26:04+00:00,2026-09-04,deadline,3,2026-09-04T17:30:00Z,355,Davies,LIV,GKP,40,0,0,0.2,1698,1128,2342,1841,a,,,,,,,,0.0,0,0,0,0,0,0,0,0,0,0,0,0,0,0.00,0.00,0.00,0.00,0.0,0.0
2026-09-04T17:26:04+00:00,2026-09-04,deadline,3,2026-09-04T17:30:00Z,356,Virgil,LIV,DEF,65,0,0,17.6,66890,271679,141504,350799,a,,,,,,,,1.5,1,3,180,2,0,0,0,4,0,18,16,2,11,0.25,0.04,0.29,3.88,1.5,1.5
2026-09-04T17:26:04+00:00,2026-09-04,deadline,3,2026-09-04T17:30:00Z,357,Frimpong,LIV,DEF,55,0,0,3.0,24842,69516,49362,103085,a,,,,,,,,0.5,1,1,160,2,0,0,0,4,0,8,5,3,6,0.01,0.11,0.12,3.81,0.5,0.5
2026-09-04T17:26:04+00:00,2026-09-04,deadline,3,2026-09-04T17:30:00Z,358,Kerkez,LIV,DEF,55,0,0,2.9,13804,64580,29449,98967,a,,,,,,,,0.5,1,1,160,2,0,0,0,4,0,15,11,4,7,0.02,0.03,0.05,3.81,0.5,0.5
2026-09-04T17:26:04+00:00,2026-09-04,deadline,3,2026-09-04T17:30:00Z,359,Gomez,LIV,DEF,50,0,0,0.0,70,324,149,733,i,Muscular injury - Unknown return date,2026-07-26T08:30:10.078473Z,0,0,,,,0.0,0,0,0,0,0,0,0,0,0,0,0,0,0,0.00,0.00,0.00,0.00,0.0,0.0
2026-09-04T17:26:04+00:00,2026-09-04,deadline,3,2026-09-04T17:30:00Z,360,Bradley,LIV,DEF,50,0,0,0.0,113,217,192,436,i,Knee injury - Unknown return date,2026-07-23T12:01:23.565711Z,0,0,,,,0.0,0,0,0,0,0,0,0,0,0,0,0,0,0,0.00,0.00,0.00,0.00,0.0,0.0
2026-09-04T17:26:04+00:00,2026-09-04,deadline,3,2026-09-04T17:30:00Z,361,Lucky,LIV,DEF,40,0,0,0.1,1412,1421,2020,2558,a,,,,,,,,0.0,0,0,0,0,0,0,0,0,0,0,0,0,0,0.00,0.00,0.00,0.00,0.0,0.0
2026-09-04T17:26:04+00:00,2026-09-04,deadline,3,2026-09-04T17:30:00Z,362,Jacquet,LIV,DEF,50,0,0,2.7,56196,40148,78908,58304,a,,2026-07-23T12:01:23.581126Z,100,100,,,,2.0,3,4,145,2,0,0,0,4,0,14,10,4,7,0.00,0.07,0.07,3.27,2.0,2.0
2026-09-04T17:26:04+00:00,2026-09-04,deadline,3,2026-09-04T17:30:00Z,363,Leoni,LIV,DEF,40,0,0,0.0,329,612,511,1131,i,Knee injury - Unknown return date,2026-07-23T12:01:23.596909Z,0,0,,,,0.0,0,0,0,0,0,0,0,0,0,0,0,0,0,0.00,0.00,0.00,0.00,0.0,0.0
2026-09-04T17:26:04+00:00,2026-09-04,deadline,3,2026-09-04T17:30:00Z,364,Tsimikas,LIV,DEF,50,0,0,0.1,483,1076,822,2058,a,,,,,,,,0.5,1,1,19,0,0,0,0,0,0,0,0,0,0,0.04,0.01,0.05,0.07,0.5,0.5
2026-09-04T17:26:04+00:00,2026-09-04,deadline,3,2026-09-04T17:30:00Z,365,Ramsay,LIV,DEF,40,0,0,0.1,0,5190,638,8942,u,Has joined St Mirren on loan for the rest of the season,2026-08-26T14:05:26.748768Z,0,0,,,,0.0,0,0,0,0,0,0,0,0,0,0,0,0,0,0.00,0.00,0.00,0.00,0.0,0.0
2026-09-04T17:26:04+00:00,2026-09-04,deadline,3,2026-09-04T17:30:00Z,366,Wirtz,LIV,MID,75,0,0,10.0,67553,188826,92476,312088,a,,,,,4,2,3,3.0,4,6,152,2,0,1,0,4,0,15,0,4,11,0.49,0.24,0.73,2.81,3.0,3.0
2026-09-04T17:26:04+00:00,2026-09-04,deadline,3,2026-09-04T17:30:00Z,367,Gakpo,LIV,MID,71,1,1,8.9,232029,129589,437733,157340,a,,,,,3,,2,8.5,5,17,160,2,1,1,0,4,0,15,5,3,7,0.30,0.80,1.10,3.81,8.5,8.5
2026-09-04T17:26:04+00:00,2026-09-04,deadline,3,2026-09-04T17:30:00Z,368,Szoboszlai,LIV,MID,70,0,0,41.3,276369,383214,521372,450619,a,,,,,1,1,1,6.0,4,12,180,2,1,0,0,4,0,20,5,4,11,1.01,0.44,1.45,3.88,6.0,6.0
2026-09-04T17:26:04+00:00,2026-09-04,deadline,3,2026-09-04T17:30:00Z,369,Ngumoha,LIV,MID,59,-1,-1,0.7,3443,35158,8990,50035,a,,,,,,,,1.5,1,3,81,1,0,0,0,2,0,3,0,1,2,0.04,0.05,0.09,0.58,1.5,1.5
2026-09-04T17:26:04+00:00,2026-09-04,deadline,3,2026-09-04T17:30:00Z,370,Chiesa,LIV,MID,54,-1,-1,0.1,50,4234,635,7784,i,Back injury - Unknown return date,2026-08-27T13:30:07.598926Z,0,0,,,,0.0,0,0,0,0,0,0,0,0,0,0,0,0,0,0.00,0.00,0.00,0.00,0.0,0.0
2026-09-04T17:26:04+00:00,2026-09-04,deadline,3,2026-09-04T17:30:00Z,371,Gravenberch,LIV,MID,60,0,0,1.6,10699,44771,25704,59954,a,,,,,,,,3.0,1,6,96,1,0,1,0,2,0,12,2,2,8,0.06,0.06,0.12,1.17,3.0,3.0
2026-09-04T17:26:04+00:00,2026-09-04,deadline,3,2026-09-04T17:30:00Z,372,Mac Allister,LIV,MID,55,0,0,1.4,10551,27915,17118,49423,a,,,,,5,,,1.5,2,3,103,1,0,0,0,2,0,13,2,5,6,0.00,0.40,0.40,3.30,1.5,1.5
2026-09-04T17:26:04+00:00,2026-09-04,deadline,3,2026-09-04T17:30:00Z,373,C.Jones,LIV,MID,55,0,0,0.0,1,925,34,2053,u,Has joined Internazionale permanently,2026-08-16T18:30:07.426408Z,75,0,,,,0.0,0,0,0,0,0,0,0,0,0,0,0,0,0,0.00,0.00,0.00,0.00,0.0,0.0
2026-09-04T17:26:04+00:00,2026-09-04,deadline,3,2026-09-04T17:30:00Z,374,Endo,LIV,MID,50,0,0,0.1,795,1439,1280,2424,a,,2026-07-23T12:01:23.612529Z,100,100,,,,0.0,0,0,0,0,0,0,0,0,0,0,0,0,0,0.00,0.00,0.00,0.00,0.0,0.0
2026-09-04T17:26:04+00:00,2026-09-04,deadline,3,2026-09-04T17:30:00Z,375,Nyoni,LIV,MID,50,0,0,0.0,499,819,638,1492,a,,,,,,,,0.5,1,1,13,0,0,0,0,0,0,5,1,2,2,0.00,0.00,0.00,0.07,0.5,0.5
2026-09-04T17:26:04+00:00,2026-09-04,deadline,3,2026-09-04T17:30:00Z,376,Bajcetic,LIV,MID,50,0,0,0.0,11,43,19,72,u,Has joined Celta Vigo permanently,2026-07-23T12:01:23.628373Z,0,0,,,,0.0,0,0,0,0,0,0,0,0,0,0,0,0,0,0.00,0.00,0.00,0.00,0.0,0.0
2026-09-04T17:26:04+00:00,2026-09-04,deadline,3,2026-09-04T17:30:00Z,377,Munoz,LIV,MID,65,0,0,1.4,82183,23024,88669,28937,a,,,,,,,,5.0,6,10,117,1,1,1,0,2,0,7,4,2,1,0.42,0.23,0.65,3.37,5.0,5.0
2026-09-04T17:26:04+00:00,2026-09-04,deadline,3,2026-09-04T17:30:00Z,378,McConnell,LIV,MID,45,0,0,0.2,1393,3306,2276,6206,a,,,,,,,,0.0,0,0,0,0,0,0,0,0,0,0,0,0,0,0.00,0.00,0.00,0.00,0.0,0.0
2026-09-04T17:26:04+00:00,2026-09-04,deadline,3,2026-09-04T17:30:00Z,379,Isak,LIV,FWD,90,0,0,17.3,179184,204496,252220,305629,a,,,,,2,,,5.0,8,10,180,2,1,0,0,4,0,2,1,1,0,2.08,0.01,2.09,3.88,5.0,5.0
2026-09-04T17:26:04+00:00,2026-09-04,deadline,3,2026-09-04T17:30:00Z,380,Ekitiké,LIV,FWD,75,0,0,0.1,693,3425,1402,7232,i,Achilles injury - Unknown return date,2026-07-23T12:01:23.643771Z,0,0,,,,0.0,0,0,0,0,0,0,0,0,0,0,0,0,0,0.00,0.00,0.00,0.00,0.0,0.0
2026-09-04T17:26:04+00:00,2026-09-04,deadline,3,2026-09-04T17:30:00Z,381,Koumas,LIV,MID,50,0,0,0.0,161,376,317,586,a,,,,,,,,0.5,0,1,12,0,0,0,0,0,0,1,0,0,1,0.03,0.00,0.03,0.48,0.5,0.5
2026-09-04T17:26:04+00:00,2026-09-04,deadline,3,2026-09-04T17:30:00Z,382,Danns,LIV,FWD,45,0,0,0.1,2849,939,3158,1501,a,,2026-07-23T12:01:23.659279Z,0,100,,,,0.0,0,0,0,0,0,0,0,0,0,0,0,0,0,0.00,0.00,0.00,0.00,0.0,0.0
2026-09-04T17:26:04+00:00,2026-09-04,deadline,3,2026-09-04T17:30:00Z,383,Elliott,LIV,MID,54,-1,-1,0.1,527,2445,907,3661,u,Has joined Valencia on loan for the rest of the season,2026-09-02T16:05:49.104326Z,,0,,,,0.0,0,0,0,0,0,0,0,0,0,0,0,0,0,0.00,0.00,0.00,0.00,0.0,0.0
2026-09-04T17:26:04+00:00,2026-09-04,deadline,3,2026-09-04T17:30:00Z,579,Araujo,LIV,DEF,54,-1,-1,2.0,11315,80191,35222,113965,a,,,,,,,,0.5,0,1,33,0,0,0,0,0,0,5,4,1,3,0.00,0.04,0.04,0.61,0.5,0.5
2026-09-04T17:26:04+00:00,2026-09-04,deadline,3,2026-09-04T17:30:00Z,627,Barcola,LIV,MID,80,0,0,1.4,134537,19275,134537,19275,a,,,,,,,,0.0,0,0,0,0,0,0,0,0,0,0,0,0,0,0.00,0.00,0.00,0.00,2.8,2.8
2026-09-04T17:26:04+00:00,2026-09-04,deadline,3,2026-09-04T17:30:00Z,155,Enzo,MCI,MID,69,-1,-1,3.3,30743,132327,45697,221492,a,,,,,,,,0.5,0,1,25,0,0,0,0,0,0,3,0,0,3,0.00,0.02,0.02,0.28,0.5,0.5
2026-09-04T17:26:04+00:00,2026-09-04,deadline,3,2026-09-04T17:30:00Z,237,Ndiaye,MCI,MID,60,0,0,11.1,81325,463788,204013,523808,a,,,,,,,,6.5,4,13,180,2,0,1,1,1,0,25,5,5,15,0.26,0.39,0.65,4.12,6.5,6.5
2026-09-04T17:26:04+00:00,2026-09-04,deadline,3,2026-09-04T17:30:00Z,384,Donnarumma,MCI,GKP,55,0,0,8.0,70567,119455,104575,164407,a,,,,,,,,1.5,0,3,180,2,0,0,0,2,4,0,1,0,12,0.00,0.00,0.00,1.31,1.5,1.5
2026-09-04T17:26:04+00:00,2026-09-04,deadline,3,2026-09-04T17:30:00Z,386,Bettinelli,MCI,GKP,45,0,0,0.0,171,370,306,606,a,,,,,,,,0.0,0,0,0,0,0,0,0,0,0,0,0,0,0,0.00,0.00,0.00,0.00,0.0,0.0
2026-09-04T17:26:04+00:00,2026-09-04,deadline,3,2026-09-04T17:30:00Z,387,O'Reilly,MCI,DEF,65,0,0,18.5,95948,288517,164732,395847,a,,,,,,,,2.0,2,4,150,2,0,0,0,2,0,3,1,2,7,0.09,0.43,0.52,1.21,2.0,2.0
2026-09-04T17:26:04+00:00,2026-09-04,deadline,3,2026-09-04T17:30:00Z,388,Guéhi,MCI,DEF,60,0,0,18.7,122128,181006,304873,222764,a,,,,,,,,6.0,2,12,180,2,1,0,0,2,0,9,6,3,8,0.89,0.36,1.25,1.31,6.0,6.0
2026-09-04T17:26:04+00:00,2026-09-04,deadline,3,2026-09-04T17:30:00Z,389,Matheus N.,MCI,DEF,59,-1,-1,1.0,465,38265,3496,55758,a,,2026-08-27T11:30:08.171622Z,75,100,4,,,0.5,0,1,33,0,0,0,0,0,0,1,1,0,2,0.00,0.04,0.04,0.10,0.4,0.5
2026-09-04T17:26:04+00:00,2026-09-04,deadline,3,2026-09-04T17:30:00Z,390,Rúben,MCI,DEF,55,0,0,1.8,20194,23822,30052,36379,a,,,,,,,,2.0,2,4,180,2,0,0,0,2,0,12,11,1,14,0.09,0.71,0.80,1.31,2.0,2.0
2026-09-04T17:26:04+00:00,2026-09-04,deadline,3,2026-09-04T17:30:00Z,391,Gvardiol,MCI,DEF,56,1,1,19.3,541727,118953,770145,154310,a,,,,,,,,7.0,5,14,164,2,1,1,0,2,0,9,6,3,5,0.19,0.09,0.28,1.31,7.0,7.0
2026-09-04T17:26:04+00:00,2026-09-04,deadline,3,2026-09-04T17:30:00Z,392,Aït-Nouri,MCI,DEF,54,-1,-1,0.5,2014,24930,4630,41709,a,,,,,,,,0.0,0,0,0,0,0,0,0,0,0,0,0,0,0,0.00,0.00,0.00,0.00,0.0,0.0
2026-09-04T17:26:04+00:00,2026-09-04,deadline,3,2026-09-04T17:30:00Z,393,Khusanov,MCI,DEF,55,0,0,1.6,9722,24152,15808,38689,a,,,,,,,,2.0,2,4,178,2,0,0,0,2,0,11,5,6,9,0.00,0.04,0.04,1.31,2.0,2.0
2026-09-04T17:26:04+00:00,2026-09-04,deadline,3,2026-09-04T17:30:00Z,394,Alleyne,MCI,DEF,50,0,0,0.0,0,142,0,499,u,Has joined Burnley on loan for the rest of the season,2026-08-18T14:11:56.324656Z,0,0,,,,0.0,0,0,0,0,0,0,0,0,0,0,0,0,0,0.00,0.00,0.00,0.00,0.0,0.0
2026-09-04T17:26:04+00:00,2026-09-04,deadline,3,2026-09-04T17:30:00Z,395,Lewis,MCI,DEF,45,0,0,0.2,2142,5695,5762,8218,a,,,,,,,,0.5,0,1,56,1,0,0,0,1,0,2,2,0,0,0.17,0.02,0.19,0.55,0.5,0.5
2026-09-04T17:26:04+00:00,2026-09-04,deadline,3,2026-09-04T17:30:00Z,396,Vitor Reis,MCI,DEF,45,0,0,0.0,130,259,232,499,a,,,,,,,,0.5,1,1,1,0,0,0,0,0,0,0,0,0,0,0.00,0.00,0.00,0.00,0.5,0.5
2026-09-04T17:26:04+00:00,2026-09-04,deadline,3,2026-09-04T17:30:00Z,397,Semenyo,MCI,MID,85,0,0,19.3,67722,426795,116822,600005,a,,,,,2,,,3.5,5,7,180,2,0,1,0,2,0,8,0,2,6,0.12,0.59,0.71,1.31,3.5,3.5
2026-09-04T17:26:04+00:00,2026-09-04,deadline,3,2026-09-04T17:30:00Z,398,Foden,MCI,MID,70,0,0,6.5,254445,73917,274592,120438,a,,,,,,2,3,5.0,9,10,171,2,0,2,0,2,0,13,2,4,7,0.99,0.85,1.84,1.31,5.0,5.0
2026-09-04T17:26:04+00:00,2026-09-04,deadline,3,2026-09-04T17:30:00Z,399,Cherki,MCI,MID,77,2,2,32.6,1842159,80391,2045477,121793,a,,,,,,1,1,11.0,14,22,108,1,2,2,0,1,0,3,0,0,3,0.35,1.05,1.40,0.76,11.0,11.0
2026-09-04T17:26:04+00:00,2026-09-04,deadline,3,2026-09-04T17:30:00Z,400,Doku,MCI,MID,74,-1,-1,0.9,450,34236,944,104251,i,Calf injury - Expected back 5 Sep,2026-08-18T17:00:08.385597Z,0,0,3,,,0.0,0,0,0,0,0,0,0,0,0,0,0,0,0,0.00,0.00,0.00,0.00,0.0,0.0
2026-09-04T17:26:04+00:00,2026-09-04,deadline,3,2026-09-04T17:30:00Z,402,Rodrigo,MCI,MID,65,0,0,0.0,0,268,0,1064,u,Has joined Barcelona permanently,2026-07-23T12:01:23.675537Z,0,0,,,,0.0,0,0,0,0,0,0,0,0,0,0,0,0,0,0.00,0.00,0.00,0.00,0.0,0.0
2026-09-04T17:26:04+00:00,2026-09-04,deadline,3,2026-09-04T17:30:00Z,404,Reijnders,MCI,MID,60,0,0,0.0,0,1690,0,7314,u,Has joined Al Qadsiah permanently,2026-08-20T14:02:58.154273Z,0,0,,,,0.0,0,0,0,0,0,0,0,0,0,0,0,0,0,0.00,0.00,0.00,0.00,0.0,0.0
2026-09-04T17:26:04+00:00,2026-09-04,deadline,3,2026-09-04T17:30:00Z,406,Kovačić,MCI,MID,55,0,0,0.1,644,2139,1473,3428,a,,,,,,,,1.0,1,2,42,0,0,0,0,0,0,2,0,0,2,0.00,0.02,0.02,0.10,1.0,1.0
2026-09-04T17:26:04+00:00,2026-09-04,deadline,3,2026-09-04T17:30:00Z,407,Echeverri,MCI,MID,49,-1,-1,0.0,157,504,250,801,u,Has joined Benfica on loan for the rest of the season,2026-09-03T15:41:24.710479Z,,0,,,,0.0,0,0,0,0,0,0,0,0,0,0,0,0,0,0.00,0.00,0.00,0.00,0.0,0.0
2026-09-04T17:26:04+00:00,2026-09-04,deadline,3,2026-09-04T17:30:00Z,408,Phillips,MCI,MID,50,0,0,0.0,0,154,0,459,u,Has joined Sheffield United on loan for the rest of the season,2026-08-18T14:11:56.348781Z,0,0,,,,0.0,0,0,0,0,0,0,0,0,0,0,0,0,0,0.00,0.00,0.00,0.00,0.0,0.0
2026-09-04T17:26:04+00:00,2026-09-04,deadline,3,2026-09-04T17:30:00Z,409,Mukasa,MCI,MID,45,0,0,0.1,694,3944,1621,6430,u,has joined West Ham on loan for the rest of the seaon.,2026-09-03T10:34:10.733520Z,,0,,,,0.0,0,0,0,0,0,0,0,0,0,0,0,0,0,0.00,0.00,0.00,0.00,0.0,0.0
2026-09-04T17:26:04+00:00,2026-09-04,deadline,3,2026-09-04T17:30:00Z,410,Monga,MCI,MID,49,-1,-1,0.0,143,448,219,731,u,Has joined Swansea City on loan for the rest of the season,2026-09-02T16:02:01.136760Z,,0,,,,0.0,0,0,0,0,0,0,0,0,0,0,0,0,0,0.00,0.00,0.00,0.00,0.0,0.0
2026-09-04T17:26:04+00:00,2026-09-04,deadline,3,2026-09-04T17:30:00Z,411,Haaland,MCI,FWD,155,0,0,72.7,395397,40343,465002,144195,a,,,,,1,,,7.5,13,15,180,2,2,0,0,2,0,8,3,0,5,1.40,0.02,1.42,1.31,7.5,7.5
2026-09-04T17:26:04+00:00,2026-09-04,deadline,3,2026-09-04T17:30:00Z,481,Anderson,MCI,MID,64,0,-1,4.9,40646,131698,50882,285003,a,,2026-08-23T17:00:07.952697Z,100,100,,,2,2.5,3,5,143,2,0,0,0,2,0,20,5,7,8,0.07,0.47,0.54,1.21,2.5,2.5
2026-09-04T17:26:04+00:00,2026-09-04,deadline,3,2026-09-04T17:30:00Z,587,Rulli,MCI,GKP,50,0,0,0.0,147,337,241,561,a,,,,,,,,0.0,0,0,0,0,0,0,0,0,0,0,0,0,0,0.00,0.00,0.00,0.00,0.0,0.0
2026-09-04T17:26:04+00:00,2026-09-04,deadline,3,2026-09-04T17:30:00Z,616,Bouaddi,MCI,MID,55,0,0,0.1,9275,3237,12330,3586,a,,,,,,,,1.0,1,1,8,0,0,0,0,0,0,1,1,0,0,0.00,0.12,0.12,0.00,2.0,2.0
2026-09-04T17:26:04+00:00,2026-09-04,deadline,3,2026-09-04T17:30:00Z,621,McAidoo,MCI,MID,45,0,0,0.1,6657,1922,6657,1922,a,,,,,,,,1.0,1,1,8,0,0,0,0,0,0,0,0,0,0,0.10,0.00,0.10,0.00,1.0,1.0
2026-09-04T17:26:04+00:00,2026-09-04,deadline,3,2026-09-04T17:30:00Z,622,Braithwaite,MCI,DEF,40,0,0,0.1,9252,2192,9252,2192,a,,,,,,,,1.0,1,1,1,0,0,0,0,0,0,0,0,0,1,0.00,0.00,0.00,0.00,1.0,1.0
2026-09-04T17:26:04+00:00,2026-09-04,deadline,3,2026-09-04T17:30:00Z,628,Allan,MCI,MID,60,0,0,0.0,299,86,299,86,a,,,,,,,,0.0,0,0,0,0,0,0,0,0,0,0,0,0,0,0.00,0.00,0.00,0.00,2.2,2.2
2026-09-04T17:26:04+00:00,2026-09-04,deadline,3,2026-09-04T17:30:00Z,43,Tielemans,MUN,MID,59,-1,-1,1.9,12696,51211,25327,86915,a,,2026-07-23T12:01:23.321726Z,100,100,3,,,3.0,4,6,156,2,0,0,0,4,0,18,4,2,12,0.51,0.22,0.73,3.00,3.0,3.0
2026-09-04T17:26:04+00:00,2026-09-04,deadline,3,2026-09-04T17:30:00Z,131,Baleba,MUN,MID,50,0,0,0.1,1691,4955,4015,9376,i,Ankle injury - Expected back 19 Sep,2026-08-06T16:00:10.997714Z,0,0,,,,0.0,0,0,0,0,0,0,0,0,0,0,0,0,0,0.00,0.00,0.00,0.00,0.0,0.0
2026-09-04T17:26:04+00:00,2026-09-04,deadline,3,2026-09-04T17:30:00Z,162,Andrey Santos,MUN,MID,49,-1,-1,0.8,7304,24162,14760,39311,a,,,,,,,,1.5,1,3,76,1,0,0,0,3,0,14,3,4,7,0.00,0.23,0.23,1.94,1.5,1.5
2026-09-04T17:26:04+00:00,2026-09-04,deadline,3,2026-09-04T17:30:00Z,325,Darlow,MUN,GKP,45,0,0,0.0,340,459,582,716,a,,2026-07-23T12:01:23.549136Z,100,100,,,,0.0,0,0,0,0,0,0,0,0,0,0,0,0,0,0.00,0.00,0.00,0.00,0.0,0.0
2026-09-04T17:26:04+00:00,2026-09-04,deadline,3,2026-09-04T17:30:00Z,412,Lammens,MUN,GKP,50,0,0,13.2,32031,188932,66745,277542,a,,,,,,,,1.5,2,3,180,2,0,0,0,4,5,0,3,0,14,0.00,0.00,0.00,3.07,1.5,1.5
2026-09-04T17:26:04+00:00,2026-09-04,deadline,3,2026-09-04T17:30:00Z,413,Bayindir,MUN,GKP,45,0,0,0.0,0,291,0,879,u,Has joined Celta Vigo on loan for the rest of the season,2026-08-10T14:02:28.608415Z,0,0,,,,0.0,0,0,0,0,0,0,0,0,0,0,0,0,0,0.00,0.00,0.00,0.00,0.0,0.0
2026-09-04T17:26:04+00:00,2026-09-04,deadline,3,2026-09-04T17:30:00Z,414,Heaton,MUN,GKP,40,0,0,0.1,610,966,825,1971,i,Hamstring injury - Unknown return date,2026-08-15T16:00:07.854151Z,0,0,,,,0.0,0,0,0,0,0,0,0,0,0,0,0,0,0,0.00,0.00,0.00,0.00,0.0,0.0
2026-09-04T17:26:04+00:00,2026-09-04,deadline,3,2026-09-04T17:30:00Z,415,Dorgu,MUN,MID,59,-1,-1,0.7,3127,36385,7935,65046,a,,,,,,,,0.5,1,1,55,1,0,0,0,3,0,3,2,1,0,0.65,0.04,0.69,1.92,0.5,0.5
2026-09-04T17:26:04+00:00,2026-09-04,deadline,3,2026-09-04T17:30:00Z,416,De Ligt,MUN,DEF,50,0,0,0.0,94,462,211,960,i,Back injury - Unknown return date,2026-07-23T12:01:23.690880Z,0,0,,,,0.0,0,0,0,0,0,0,0,0,0,0,0,0,0,0.00,0.00,0.00,0.00,0.0,0.0
2026-09-04T17:26:04+00:00,2026-09-04,deadline,3,2026-09-04T17:30:00Z,417,Dalot,MUN,DEF,50,0,0,2.1,8970,38370,17160,72002,a,,,,,,,,1.5,2,3,83,1,0,0,0,1,0,7,5,2,2,0.15,0.12,0.27,1.06,1.5,1.5
2026-09-04T17:26:04+00:00,2026-09-04,deadline,3,2026-09-04T17:30:00Z,418,Maguire,MUN,DEF,50,0,0,13.6,49548,284957,102501,391268,a,,,,,,,,2.5,4,5,180,2,0,1,0,4,0,9,8,1,9,0.07,0.41,0.48,3.07,2.5,2.5
2026-09-04T17:26:04+00:00,2026-09-04,deadline,3,2026-09-04T17:30:00Z,419,Martinez,MUN,DEF,50,0,0,1.2,8139,18007,14914,37582,a,,2026-07-24T20:00:10.337107Z,100,100,,,,0.5,1,1,90,1,0,0,0,2,0,0,0,0,6,0.03,0.06,0.09,2.06,0.5,0.5
2026-09-04T17:26:04+00:00,2026-09-04,deadline,3,2026-09-04T17:30:00Z,420,Yoro,MUN,DEF,49,-1,-1,0.5,1733,11131,3269,21875,a,,,,,,,,0.5,1,1,16,0,0,0,0,1,0,2,2,0,1,0.00,0.01,0.01,1.00,0.5,0.5
2026-09-04T17:26:04+00:00,2026-09-04,deadline,3,2026-09-04T17:30:00Z,421,Heaven,MUN,DEF,45,0,0,0.3,1298,8886,4386,13077,a,,,,,,,,0.5,0,1,90,1,0,0,0,2,0,2,1,1,4,0.12,0.04,0.16,1.01,0.5,0.5
2026-09-04T17:26:04+00:00,2026-09-04,deadline,3,2026-09-04T17:30:00Z,422,Mazraoui,MUN,DEF,45,0,0,0.6,3230,12957,9084,19049,a,,,,,,,,1.0,1,2,96,1,0,0,0,3,0,5,4,1,3,0.22,0.05,0.27,2.01,1.0,1.0
2026-09-04T17:26:04+00:00,2026-09-04,deadline,3,2026-09-04T17:30:00Z,423,Shaw,MUN,DEF,45,0,0,15.2,30297,329129,73224,446218,a,,,,,,,3,1.5,2,3,162,2,0,0,0,3,0,12,7,5,5,0.00,0.28,0.28,2.07,1.5,1.5
2026-09-04T17:26:04+00:00,2026-09-04,deadline,3,2026-09-04T17:30:00Z,424,Amass,MUN,DEF,40,0,0,0.2,1926,2337,2814,4318,a,,,,,,,,0.0,0,0,0,0,0,0,0,0,0,0,0,0,0,0.00,0.00,0.00,0.00,0.0,0.0
2026-09-04T17:26:04+00:00,2026-09-04,deadline,3,2026-09-04T17:30:00Z,425,Fredricson,MUN,DEF,40,0,0,0.0,0,328,0,1008,u,Has joined Lausanne-Sport permanently,2026-08-18T14:12:31.904433Z,0,0,,,,0.0,0,0,0,0,0,0,0,0,0,0,0,0,0,0.00,0.00,0.00,0.00,0.0,0.0
2026-09-04T17:26:04+00:00,2026-09-04,deadline,3,2026-09-04T17:30:00Z,426,B.Fernandes,MUN,MID,120,0,0,48.2,369928,329791,418446,558371,a,,,,,1,1,1,12.5,23,25,180,2,3,1,0,4,0,14,2,2,10,2.10,0.74,2.84,3.07,12.5,12.5
2026-09-04T17:26:04+00:00,2026-09-04,deadline,3,2026-09-04T17:30:00Z,427,Mbeumo,MUN,MID,80,0,0,26.1,91877,827420,174102,1047608,a,,,,,2,2,2,6.5,11,13,180,2,1,1,0,4,0,9,0,3,6,2.26,0.44,2.70,3.07,6.5,6.5
2026-09-04T17:26:04+00:00,2026-09-04,deadline,3,2026-09-04T17:30:00Z,428,Cunha,MUN,MID,80,0,0,7.7,23449,156446,50303,249403,a,,,,,,,,5.5,9,11,158,2,0,2,0,3,0,5,0,0,5,0.35,0.36,0.71,2.07,5.5,5.5
2026-09-04T17:26:04+00:00,2026-09-04,deadline,3,2026-09-04T17:30:00Z,429,Rashford,MUN,MID,70,0,0,1.6,22628,37653,37692,59731,a,,,,,,3,,1.5,2,3,124,1,0,0,0,1,0,7,0,3,4,0.26,0.15,0.41,1.15,1.5,1.5
2026-09-04T17:26:04+00:00,2026-09-04,deadline,3,2026-09-04T17:30:00Z,430,Mount,MUN,MID,54,-1,-1,0.0,60,590,95,1285,d,Foot injury - 75% chance of playing,2026-08-15T16:00:07.879135Z,75,75,,4,,0.0,0,0,0,0,0,0,0,0,0,0,0,0,0,0.00,0.00,0.00,0.00,0.0,0.0
2026-09-04T17:26:04+00:00,2026-09-04,deadline,3,2026-09-04T17:30:00Z,431,Amad,MUN,MID,58,-1,-2,0.5,242,42526,1818,101985,i,Unspecified injury - Unknown return date,2026-08-22T11:00:08.617283Z,0,0,,,4,0.0,0,0,0,0,0,0,0,0,0,0,0,0,0,0.00,0.00,0.00,0.00,0.0,0.0
2026-09-04T17:26:04+00:00,2026-09-04,deadline,3,2026-09-04T17:30:00Z,432,Mainoo,MUN,MID,55,0,0,1.1,19409,13072,22869,26765,a,,,,,,,,2.5,4,5,102,1,0,0,0,1,0,16,2,3,11,0.21,0.28,0.49,1.13,2.5,2.5
2026-09-04T17:26:04+00:00,2026-09-04,deadline,3,2026-09-04T17:30:00Z,433,Ugarte,MUN,MID,50,0,0,0.0,32,69,56,157,i,Knee injury - Unknown return date,2026-07-23T12:01:23.706702Z,0,0,,,,0.0,0,0,0,0,0,0,0,0,0,0,0,0,0,0.00,0.00,0.00,0.00,0.0,0.0
2026-09-04T17:26:04+00:00,2026-09-04,deadline,3,2026-09-04T17:30:00Z,434,J.Fletcher,MUN,MID,50,0,0,0.0,83,185,124,354,a,,,,,,,,0.0,0,0,0,0,0,0,0,0,0,0,0,0,0,0.00,0.00,0.00,0.00,0.0,0.0
2026-09-04T17:26:04+00:00,2026-09-04,deadline,3,2026-09-04T17:30:00Z,435,Lacey,MUN,MID,50,0,0,0.1,297,1034,624,1624,a,,,,,,,,0.5,0,1,10,0,0,0,0,0,0,1,0,0,1,0.00,0.00,0.00,0.00,0.5,0.5
2026-09-04T17:26:04+00:00,2026-09-04,deadline,3,2026-09-04T17:30:00Z,436,Collyer,MUN,MID,50,0,0,0.0,90,379,150,613,u,Has joined West Brom permanently,2026-09-01T13:16:48.584385Z,,0,,,,0.0,0,0,0,0,0,0,0,0,0,0,0,0,0,0.00,0.00,0.00,0.00,0.0,0.0
2026-09-04T17:26:04+00:00,2026-09-04,deadline,3,2026-09-04T17:30:00Z,437,Bendito Mantato,MUN,MID,45,0,0,0.2,1753,2689,2714,5060,a,,,,,,,,0.0,0,0,0,0,0,0,0,0,0,0,0,0,0,0.00,0.00,0.00,0.00,0.0,0.0
2026-09-04T17:26:04+00:00,2026-09-04,deadline,3,2026-09-04T17:30:00Z,438,Fletcher,MUN,MID,45,0,0,0.3,1873,4295,3201,8279,a,,,,,,,,0.0,0,0,0,0,0,0,0,0,0,0,0,0,0,0.00,0.00,0.00,0.00,0.0,0.0
2026-09-04T17:26:04+00:00,2026-09-04,deadline,3,2026-09-04T17:30:00Z,439,Šeško,MUN,FWD,70,0,0,1.6,15503,48251,46057,63377,a,,2026-07-23T12:01:23.722029Z,100,100,,,,1.0,1,2,33,0,0,0,0,1,0,3,0,0,3,0.04,0.01,0.05,1.07,1.0,1.0
2026-09-04T17:26:04+00:00,2026-09-04,deadline,3,2026-09-04T17:30:00Z,440,Zirkzee,MUN,FWD,54,-1,-1,0.5,5585,12840,7630,25971,a,,,,,,,,0.0,0,0,0,0,0,0,0,0,0,0,0,0,0,0.00,0.00,0.00,0.00,0.0,0.0
2026-09-04T17:26:04+00:00,2026-09-04,deadline,3,2026-09-04T17:30:00Z,441,Obi,MUN,FWD,45,0,0,1.2,19000,15749,25316,27318,a,,,,,,,,0.0,0,0,0,0,0,0,0,0,0,0,0,0,0,0.00,0.00,0.00,0.00,0.0,0.0
2026-09-04T17:26:04+00:00,2026-09-04,deadline,3,2026-09-04T17:30:00Z,405,N.Gonzalez,NEW,MID,55,0,0,0.2,10082,2954,12469,4696,a,,,,,,,,1.0,2,2,70,1,0,0,1,0,0,4,2,0,2,0.00,0.20,0.20,0.74,1.0,1.0
2026-09-04T17:26:04+00:00,2026-09-04,deadline,3,2026-09-04T17:30:00Z,442,Pope,NEW,GKP,50,0,0,1.1,4933,19117,7639,31421,a,,,,,,,,0.0,0,0,0,0,0,0,0,0,0,0,0,0,0,0.00,0.00,0.00,0.00,0.0,0.0
2026-09-04T17:26:04+00:00,2026-09-04,deadline,3,2026-09-04T17:30:00Z,443,Gillespie,NEW,GKP,45,0,0,0.0,237,382,399,613,a,,,,,,,,0.0,0,0,0,0,0,0,0,0,0,0,0,0,0,0.00,0.00,0.00,0.00,0.0,0.0
2026-09-04T17:26:04+00:00,2026-09-04,deadline,3,2026-09-04T17:30:00Z,444,Jaouen,NEW,GKP,45,0,0,0.0,182,459,306,807,a,,,,,,,,0.0,0,0,0,0,0,0,0,0,0,0,0,0,0,0.00,0.00,0.00,0.00,0.0,0.0
2026-09-04T17:26:04+00:00,2026-09-04,deadline,3,2026-09-04T17:30:00Z,445,Thiaw,NEW,DEF,50,0,0,2.3,70514,31568,90312,42466,a,,,,,,,,4.5,6,9,180,2,0,0,1,2,0,18,18,0,3,0.00,0.02,0.02,4.10,4.5,4.5
2026-09-04T17:26:04+00:00,2026-09-04,deadline,3,2026-09-04T17:30:00Z,446,Schär,NEW,DEF,50,0,0,0.2,2035,4876,3930,6761,a,,2026-08-15T16:30:07.209742Z,100,100,,2,,0.5,0,1,1,0,0,0,0,1,0,0,0,0,0,0.00,0.00,0.00,0.79,0.5,0.5
2026-09-04T17:26:04+00:00,2026-09-04,deadline,3,2026-09-04T17:30:00Z,447,Botman,NEW,DEF,50,0,0,0.7,15289,6802,24174,10084,a,,,,,,,,4.0,5,8,180,2,0,0,1,2,0,15,14,1,6,0.01,0.01,0.02,4.10,4.0,4.0
2026-09-04T17:26:04+00:00,2026-09-04,deadline,3,2026-09-04T17:30:00Z,448,Burn,NEW,DEF,49,-1,-1,1.1,549,46775,6796,122086,i,Ankle injury - Expected back 14 Sep,2026-08-23T18:00:08.367241Z,0,0,,,,0.0,0,0,0,0,0,0,0,0,0,0,0,0,0,0.00,0.00,0.00,0.00,0.0,0.0
2026-09-04T17:26:04+00:00,2026-09-04,deadline,3,2026-09-04T17:30:00Z,449,Hall,NEW,DEF,51,1,1,10.5,570500,78534,623201,97970,a,,,,,,1,1,7.0,11,14,180,2,0,0,1,2,0,24,17,7,14,0.03,0.66,0.69,4.10,7.0,7.0
2026-09-04T17:26:04+00:00,2026-09-04,deadline,3,2026-09-04T17:30:00Z,450,Livramento,NEW,DEF,49,-1,-1,0.0,113,859,204,2087,i,Calf injury - Unknown return date,2026-07-23T12:01:23.753221Z,0,0,,,,0.0,0,0,0,0,0,0,0,0,0,0,0,0,0,0.00,0.00,0.00,0.00,0.0,0.0
2026-09-04T17:26:04+00:00,2026-09-04,deadline,3,2026-09-04T17:30:00Z,451,A.Murphy,NEW,DEF,40,0,0,0.1,0,1824,0,5100,u,Has joined FC Kaiserslautern on loan for the rest of the season,2026-08-12T14:05:29.224600Z,0,0,,,,0.0,0,0,0,0,0,0,0,0,0,0,0,0,0,0.00,0.00,0.00,0.00,0.0,0.0
2026-09-04T17:26:04+00:00,2026-09-04,deadline,3,2026-09-04T17:30:00Z,453,Barnes,NEW,MID,60,0,0,1.2,24481,22576,39476,32906,a,,,,,,,5,2.5,3,5,180,2,0,0,1,2,0,12,5,3,4,0.11,0.03,0.14,4.10,2.5,2.5
2026-09-04T17:26:04+00:00,2026-09-04,deadline,3,2026-09-04T17:30:00Z,454,Elanga,NEW,MID,61,1,1,10.9,803228,93091,898669,104964,a,,,,,,,4,8.5,8,17,156,2,2,0,1,1,0,5,1,2,2,0.42,0.11,0.53,2.68,8.5,8.5
2026-09-04T17:26:04+00:00,2026-09-04,deadline,3,2026-09-04T17:30:00Z,456,J.Ramsey,NEW,MID,50,0,0,0.3,1785,6505,3227,11185,a,,,,,,,,0.5,1,1,42,0,0,0,0,1,0,7,3,2,2,0.06,0.14,0.20,1.88,0.5,0.5
2026-09-04T17:26:04+00:00,2026-09-04,deadline,3,2026-09-04T17:30:00Z,457,J.Murphy,NEW,MID,59,-1,-1,0.1,1106,3449,1823,6131,a,,,,,,,2,0.5,1,1,22,0,0,0,0,1,0,5,1,1,3,0.00,0.20,0.20,1.42,0.5,0.5
2026-09-04T17:26:04+00:00,2026-09-04,deadline,3,2026-09-04T17:30:00Z,458,Joelinton,NEW,MID,54,-1,-1,0.0,85,630,133,1698,i,Unspecified injury - Unknown return date,2026-08-16T08:00:08.074045Z,0,0,,,,0.0,0,0,0,0,0,0,0,0,0,0,0,0,0,0.00,0.00,0.00,0.00,0.0,0.0
2026-09-04T17:26:04+00:00,2026-09-04,deadline,3,2026-09-04T17:30:00Z,459,L.Miley,NEW,MID,55,0,0,0.1,2195,1571,3586,2105,a,,2026-07-23T12:01:23.785456Z,100,100,,,3,3.0,3,6,165,2,0,0,1,1,0,22,9,1,12,0.05,0.05,0.10,3.06,3.0,3.0
2026-09-04T17:26:04+00:00,2026-09-04,deadline,3,2026-09-04T17:30:00Z,460,Willock,NEW,MID,50,0,0,0.4,22062,7705,30825,9637,a,,,,,,,,4.5,3,9,104,1,1,0,1,1,0,5,1,2,2,0.16,0.19,0.35,2.24,4.5,4.5
2026-09-04T17:26:04+00:00,2026-09-04,deadline,3,2026-09-04T17:30:00Z,461,Touré,NEW,MID,59,-1,-1,0.2,653,6197,1166,10655,a,,,,,,,,0.5,1,1,1,0,0,0,0,0,0,0,0,0,0,0.00,0.00,0.00,0.00,0.5,0.5
2026-09-04T17:26:04+00:00,2026-09-04,deadline,3,2026-09-04T17:30:00Z,462,Steur,NEW,MID,50,0,0,0.1,581,2337,1343,3337,a,,,,,,,,1.0,1,2,74,1,0,0,0,1,0,5,3,0,2,0.00,0.00,0.00,1.86,1.0,1.0
2026-09-04T17:26:04+00:00,2026-09-04,deadline,3,2026-09-04T17:30:00Z,463,Woltemade,NEW,FWD,59,-1,-1,1.0,7327,56435,14520,87219,u,Has joined Juventus on loan for the rest of the season,2026-09-02T16:07:16.549304Z,,0,1,,,2.0,4,4,19,0,0,1,0,0,0,0,0,0,0,0.02,0.01,0.03,0.38,2.0,0.0
2026-09-04T17:26:04+00:00,2026-09-04,deadline,3,2026-09-04T17:30:00Z,464,Wissa,NEW,FWD,61,1,1,16.1,1105922,88619,1264879,112707,a,,,,,3,,,6.0,8,12,171,2,1,1,1,1,0,14,2,5,7,1.35,0.02,1.37,2.93,6.0,6.0
2026-09-04T17:26:04+00:00,2026-09-04,deadline,3,2026-09-04T17:30:00Z,465,Osula,NEW,FWD,59,-1,-1,0.5,554,38089,20898,64596,i,Foot injury - Unknown return date,2026-08-25T19:00:08.004915Z,0,0,2,,,2.0,0,4,55,1,0,1,0,1,0,5,2,1,2,0.06,0.14,0.20,1.48,0.0,0.0
2026-09-04T17:26:04+00:00,2026-09-04,deadline,3,2026-09-04T17:30:00Z,466,Neave,NEW,FWD,45,0,0,0.8,17327,13273,23805,21398,u,Has joined Wolves on loan for the rest of the season,2026-09-04T12:37:43.515176Z,,0,,,,0.0,0,0,0,0,0,0,0,0,0,0,0,0,0,0.00,0.00,0.00,0.00,0.0,0.0
2026-09-04T17:26:04+00:00,2026-09-04,deadline,3,2026-09-04T17:30:00Z,559,Bamba,NEW,MID,50,0,0,0.1,831,2609,1521,4276,a,,,,,,,,0.5,0,1,14,0,0,0,0,1,0,2,1,1,0,0.00,0.00,0.00,1.04,0.5,0.5
2026-09-04T17:26:04+00:00,2026-09-04,deadline,3,2026-09-04T17:30:00Z,567,Horníček,NEW,GKP,50,0,0,1.2,57699,18917,63236,23175,a,,,,,,,,4.0,7,8,180,2,0,0,1,2,9,0,5,0,9,0.00,0.00,0.00,4.10,4.0,4.0
2026-09-04T17:26:04+00:00,2026-09-04,deadline,3,2026-09-04T17:30:00Z,593,Dedić,NEW,DEF,45,0,0,3.4,313496,48390,323855,50546,a,,,,,,,,6.0,11,12,180,2,0,1,1,2,0,17,12,5,7,0.03,0.06,0.09,4.10,6.0,6.0
2026-09-04T17:26:04+00:00,2026-09-04,deadline,3,2026-09-04T17:30:00Z,609,Shahar,NEW,DEF,40,0,0,0.3,10839,3305,14832,3950,a,,,,,,,,0.0,0,0,0,0,0,0,0,0,0,0,0,0,0,0.00,0.00,0.00,0.00,0.0,0.0
2026-09-04T17:26:04+00:00,2026-09-04,deadline,3,2026-09-04T17:30:00Z,634,Fernandez-Pardo,NEW,FWD,60,0,0,0.1,5322,573,5322,573,a,,,,,,,,0.0,0,0,0,0,0,0,0,0,0,0,0,0,0,0.00,0.00,0.00,0.00,2.1,2.1
2026-09-04T17:26:04+00:00,2026-09-04,deadline,3,2026-09-04T17:30:00Z,167,Delap,NFO,FWD,55,0,0,0.8,36750,11905,44490,19470,a,,,,,3,,,0.5,1,1,24,0,0,0,0,1,0,0,0,0,0,0.07,0.00,0.07,0.33,0.5,0.5
2026-09-04T17:26:04+00:00,2026-09-04,deadline,3,2026-09-04T17:30:00Z,201,Muñoz,NFO,DEF,54,-1,-1,6.3,23115,180797,38760,306223,a,,,,,,,,0.0,0,0,54,1,0,0,0,2,0,4,3,1,1,0.23,0.01,0.24,0.84,0.0,0.0
2026-09-04T17:26:04+00:00,2026-09-04,deadline,3,2026-09-04T17:30:00Z,467,Sels,NFO,GKP,50,0,0,1.4,8331,18094,11681,29840,a,,,,,,,,1.5,1,3,180,2,0,0,0,3,4,0,3,0,15,0.00,0.01,0.01,2.22,1.5,1.5
2026-09-04T17:26:04+00:00,2026-09-04,deadline,3,2026-09-04T17:30:00Z,468,John,NFO,GKP,45,0,0,0.1,258,647,436,1113,a,,,,,,,,0.0,0,0,0,0,0,0,0,0,0,0,0,0,0,0.00,0.00,0.00,0.00,0.0,0.0
2026-09-04T17:26:04+00:00,2026-09-04,deadline,3,2026-09-04T17:30:00Z,469,N.Williams,NFO,DEF,50,0,0,8.2,53056,87489,67206,169623,a,,,,,,2,2,4.0,6,8,180,2,0,1,0,3,0,18,9,9,11,0.12,0.17,0.29,2.22,4.0,4.0
2026-09-04T17:26:04+00:00,2026-09-04,deadline,3,2026-09-04T17:30:00Z,470,Morato,NFO,DEF,50,0,0,0.0,194,1358,424,2025,u,Has joined West Ham on loan for the rest of the season,2026-09-02T16:19:54.503286Z,,0,,,,0.0,0,0,0,0,0,0,0,0,0,0,0,0,0,0.00,0.00,0.00,0.00,0.0,0.0
2026-09-04T17:26:04+00:00,2026-09-04,deadline,3,2026-09-04T17:30:00Z,471,Milenković,NFO,DEF,55,0,0,1.6,5584,17705,8175,34746,a,,,,,,,,2.5,3,5,180,2,0,0,0,3,0,20,17,3,9,0.11,0.02,0.13,2.22,2.5,2.5
2026-09-04T17:26:04+00:00,2026-09-04,deadline,3,2026-09-04T17:30:00Z,472,Murillo,NFO,DEF,55,0,0,1.5,9559,20018,18139,31855,a,,2026-07-23T12:01:23.801183Z,100,100,,3,,2.5,1,5,180,2,0,0,0,3,0,20,18,2,6,0.18,0.28,0.46,2.22,2.5,2.5
2026-09-04T17:26:04+00:00,2026-09-04,deadline,3,2026-09-04T17:30:00Z,473,Aina,NFO,DEF,45,0,0,3.0,20496,50447,38266,73284,a,,,,,,,,2.5,0,5,158,2,0,0,1,2,0,7,5,2,8,0.04,0.52,0.56,2.09,2.5,2.5
2026-09-04T17:26:04+00:00,2026-09-04,deadline,3,2026-09-04T17:30:00Z,474,Jair Cunha,NFO,DEF,45,0,0,0.2,917,1974,1176,3533,a,,,,,,,,1.0,1,2,180,2,0,0,0,3,0,16,13,3,3,0.00,0.00,0.00,2.22,1.0,1.0
2026-09-04T17:26:04+00:00,2026-09-04,deadline,3,2026-09-04T17:30:00Z,475,Savona,NFO,DEF,45,0,0,0.0,34,131,147,179,i,Knee injury - Unknown return date,2026-07-23T12:01:23.816304Z,0,0,,,,0.0,0,0,0,0,0,0,0,0,0,0,0,0,0,0.00,0.00,0.00,0.00,0.0,0.0
2026-09-04T17:26:04+00:00,2026-09-04,deadline,3,2026-09-04T17:30:00Z,476,O.Richards,NFO,DEF,40,0,0,0.2,1252,2103,1747,4111,a,,,,,,,,0.0,0,0,0,0,0,0,0,0,0,0,0,0,0,0.00,0.00,0.00,0.00,0.0,0.0
2026-09-04T17:26:04+00:00,2026-09-04,deadline,3,2026-09-04T17:30:00Z,477,Abbott,NFO,DEF,40,0,0,0.2,1463,4233,2459,6456,u,Has joined Southampton on loan for the rest of the season,2026-09-02T16:19:54.536676Z,,0,,,,0.0,0,0,0,0,0,0,0,0,0,0,0,0,0,0.00,0.00,0.00,0.00,0.0,0.0
2026-09-04T17:26:04+00:00,2026-09-04,deadline,3,2026-09-04T17:30:00Z,478,Netz,NFO,DEF,45,0,0,0.0,168,469,280,757,a,,,,,,,,1.0,1,2,20,0,0,0,0,1,0,1,0,1,1,0.00,0.00,0.00,0.13,1.0,1.0
2026-09-04T17:26:04+00:00,2026-09-04,deadline,3,2026-09-04T17:30:00Z,479,Bindon,NFO,DEF,40,0,0,0.2,434,2924,799,4341,u,Has joined Charlton Athletic on loan for the rest of the season,2026-09-01T13:16:05.383880Z,,0,,,,0.0,0,0,0,0,0,0,0,0,0,0,0,0,0,0.00,0.00,0.00,0.00,0.0,0.0
2026-09-04T17:26:04+00:00,2026-09-04,deadline,3,2026-09-04T17:30:00Z,480,Gibbs-White,NFO,MID,79,-1,-1,10.2,212129,111427,220909,394520,a,,2026-08-24T15:30:08.350159Z,100,100,1,1,,7.5,13,15,180,2,1,1,0,3,0,8,2,2,4,0.92,0.10,1.02,2.22,7.5,7.5
2026-09-04T17:26:04+00:00,2026-09-04,deadline,3,2026-09-04T17:30:00Z,482,Hudson-Odoi,NFO,MID,59,-1,-1,0.2,1601,4898,2327,10382,a,,2026-07-23T12:01:23.832709Z,100,100,,4,,0.5,1,1,1,0,0,0,0,0,0,0,0,0,0,0.00,0.00,0.00,0.00,0.5,0.5
2026-09-04T17:26:04+00:00,2026-09-04,deadline,3,2026-09-04T17:30:00Z,483,Ndoye,NFO,MID,55,0,0,0.7,33451,11201,34942,16463,a,,,,,,,,6.0,9,12,126,2,1,0,1,1,0,12,2,1,9,0.35,0.63,0.98,1.67,6.0,6.0
2026-09-04T17:26:04+00:00,2026-09-04,deadline,3,2026-09-04T17:30:00Z,484,Hutchinson,NFO,MID,54,-1,-1,0.1,213,4567,427,6813,u,Has joined AC Milan on loan for the rest of the season,2026-09-01T13:23:52.340206Z,,0,,,,0.0,0,0,0,0,0,0,0,0,0,0,0,0,0,0.00,0.00,0.00,0.00,0.0,0.0
2026-09-04T17:26:04+00:00,2026-09-04,deadline,3,2026-09-04T17:30:00Z,485,Bakwa,NFO,MID,55,0,0,0.0,0,531,107,936,u,Has joined Lille on loan for the rest of the season,2026-08-27T14:53:03.381941Z,0,0,,,,0.0,0,0,0,0,0,0,0,0,0,0,0,0,0,0.00,0.00,0.00,0.00,0.0,0.0
2026-09-04T17:26:04+00:00,2026-09-04,deadline,3,2026-09-04T17:30:00Z,486,McAtee,NFO,MID,55,0,0,0.1,3378,1520,4052,1995,a,,,,,,,1,2.5,2,5,163,2,0,0,1,2,0,16,4,2,10,0.00,0.32,0.32,2.09,2.5,2.5
2026-09-04T17:26:04+00:00,2026-09-04,deadline,3,2026-09-04T17:30:00Z,487,Dominguez,NFO,MID,50,0,0,0.1,354,1138,568,2200,a,,,,,,,,0.5,1,1,1,0,0,0,0,0,0,0,0,0,0,0.00,0.00,0.00,0.00,0.5,0.5
2026-09-04T17:26:04+00:00,2026-09-04,deadline,3,2026-09-04T17:30:00Z,488,I.Sangaré,NFO,MID,49,-1,-1,0.6,1754,28330,4604,46307,a,,2026-08-28T09:30:07.471668Z,0,100,,,,1.0,0,2,90,1,0,0,0,1,0,6,3,0,3,0.03,0.01,0.04,0.47,0.0,1.0
2026-09-04T17:26:04+00:00,2026-09-04,deadline,3,2026-09-04T17:30:00Z,489,Yates,NFO,MID,45,0,0,1.5,17249,18095,18992,55178,a,,2026-08-17T20:30:08.195072Z,100,100,,,,0.0,0,0,0,0,0,0,0,0,0,0,0,0,0,0.00,0.00,0.00,0.00,0.0,0.0
2026-09-04T17:26:04+00:00,2026-09-04,deadline,3,2026-09-04T17:30:00Z,490,Wood,NFO,FWD,59,-1,-1,1.2,7735,42654,12304,72005,a,,,,,2,,,0.5,0,1,28,0,0,0,0,1,0,1,0,0,1,0.12,0.01,0.13,0.22,0.5,0.5
2026-09-04T17:26:04+00:00,2026-09-04,deadline,3,2026-09-04T17:30:00Z,491,Igor Jesus,NFO,FWD,59,-1,-1,3.0,25209,81164,35446,139714,a,,,,,4,,,1.5,1,3,180,2,0,0,0,3,0,8,5,1,2,0.96,0.06,1.02,2.22,1.5,1.5
2026-09-04T17:26:04+00:00,2026-09-04,deadline,3,2026-09-04T17:30:00Z,493,Kalimuendo,NFO,FWD,54,-1,-1,0.0,826,1242,1165,1999,a,,,,,,,,0.5,0,1,1,0,0,0,0,0,0,0,0,0,0,0.00,0.00,0.00,0.00,0.5,0.5
2026-09-04T17:26:04+00:00,2026-09-04,deadline,3,2026-09-04T17:30:00Z,558,Schlager,NFO,MID,50,0,0,0.1,1408,1307,1566,2451,a,,,,,,,3,2.5,4,5,106,1,0,0,0,3,0,16,3,5,8,0.05,0.00,0.05,1.88,2.5,2.5
2026-09-04T17:26:04+00:00,2026-09-04,deadline,3,2026-09-04T17:30:00Z,581,Diomande,NFO,DEF,54,-1,-1,0.6,3130,15852,6614,27953,a,,,,,,,,0.0,0,0,0,0,0,0,0,0,0,0,0,0,0,0.00,0.00,0.00,0.00,0.0,0.0
2026-09-04T17:26:04+00:00,2026-09-04,deadline,3,2026-09-04T17:30:00Z,590,Benda,NFO,GKP,45,0,0,0.1,947,867,1572,1411,a,,,,,,,,0.0,0,0,0,0,0,0,0,0,0,0,0,0,0,0.00,0.00,0.00,0.00,0.0,0.0
2026-09-04T17:26:04+00:00,2026-09-04,deadline,3,2026-09-04T17:30:00Z,112,Van Hecke,TOT,DEF,49,-1,-1,7.0,20624,217681,57228,316449,a,,,,,,,,1.0,1,2,180,2,0,0,0,5,0,17,13,4,7,0.11,0.06,0.17,4.59,1.0,1.0
2026-09-04T17:26:04+00:00,2026-09-04,deadline,3,2026-09-04T17:30:00Z,147,Tosin,TOT,DEF,45,0,0,0.2,552,2537,815,4657,a,,,,,,,,0.0,0,0,0,0,0,0,0,0,0,0,0,0,0,0.00,0.00,0.00,0.00,0.0,0.0
2026-09-04T17:26:04+00:00,2026-09-04,deadline,3,2026-09-04T17:30:00Z,401,Marmoush,TOT,FWD,70,0,0,2.2,99959,35386,139767,54747,a,,,,,2,,,1.0,2,2,90,1,0,0,0,2,0,4,0,1,3,0.17,0.07,0.24,0.72,1.0,1.0
2026-09-04T17:26:04+00:00,2026-09-04,deadline,3,2026-09-04T17:30:00Z,403,Sávio,TOT,MID,65,0,0,0.7,14967,38610,70714,45474,a,,2026-08-29T16:30:08.380416Z,,100,,,,0.0,0,0,0,0,0,0,0,0,0,0,0,0,0,0.00,0.00,0.00,0.00,0.0,0.0
2026-09-04T17:26:04+00:00,2026-09-04,deadline,3,2026-09-04T17:30:00Z,455,Tonali,TOT,MID,54,-1,-1,2.8,13945,96674,28064,148890,a,,,,,,5,,2.0,2,4,164,2,0,0,0,5,0,8,1,1,6,0.09,0.08,0.17,4.59,2.0,2.0
2026-09-04T17:26:04+00:00,2026-09-04,deadline,3,2026-09-04T17:30:00Z,494,Vicario,TOT,GKP,45,0,0,0.2,0,5744,0,17181,u,Has joined Juventus on loan for the rest of the season,2026-08-19T13:55:33.193962Z,0,0,,,,0.0,0,0,0,0,0,0,0,0,0,0,0,0,0,0.00,0.00,0.00,0.00,0.0,0.0
2026-09-04T17:26:04+00:00,2026-09-04,deadline,3,2026-09-04T17:30:00Z,495,Austin,TOT,GKP,40,0,0,1.0,9620,5759,12832,9461,a,,,,,,,,0.0,0,0,0,0,0,0,0,0,0,0,0,0,0,0.00,0.00,0.00,0.00,0.0,0.0
2026-09-04T17:26:04+00:00,2026-09-04,deadline,3,2026-09-04T17:30:00Z,496,Kinsky,TOT,GKP,45,0,0,18.7,45914,268300,86539,350451,a,,,,,,,,1.5,1,3,180,2,0,0,0,5,5,0,4,0,18,0.00,0.00,0.00,4.59,1.5,1.5
2026-09-04T17:26:04+00:00,2026-09-04,deadline,3,2026-09-04T17:30:00Z,497,Dubravka,TOT,GKP,40,0,0,18.3,129147,117512,164233,181329,a,,,,,,,,0.0,0,0,0,0,0,0,0,0,0,0,0,0,0,0.00,0.00,0.00,0.00,0.0,0.0
2026-09-04T17:26:04+00:00,2026-09-04,deadline,3,2026-09-04T17:30:00Z,498,Senesi,TOT,DEF,59,-1,-1,5.4,5358,189396,21300,253631,a,,,,,,,,1.5,0,3,90,1,0,0,0,3,0,16,11,5,2,0.00,0.02,0.02,3.87,1.5,1.5
2026-09-04T17:26:04+00:00,2026-09-04,deadline,3,2026-09-04T17:30:00Z,499,Pedro Porro,TOT,DEF,55,0,0,11.3,48145,226684,68719,544202,a,,2026-08-21T15:22:48.149081Z,100,100,,1,3,0.5,1,1,90,1,0,0,0,2,0,4,3,1,2,0.33,0.10,0.43,0.72,0.5,0.5
2026-09-04T17:26:04+00:00,2026-09-04,deadline,3,2026-09-04T17:30:00Z,500,Romero,TOT,DEF,50,0,0,0.1,0,3756,0,14535,u,Has joined Atletico Madrid permanently,2026-08-17T13:49:05.465401Z,0,0,,,,0.0,0,0,0,0,0,0,0,0,0,0,0,0,0,0.00,0.00,0.00,0.00,0.0,0.0
2026-09-04T17:26:04+00:00,2026-09-04,deadline,3,2026-09-04T17:30:00Z,502,Robertson,TOT,DEF,45,0,0,3.2,13629,60731,35800,84029,a,,,,,,,1,2.5,2,5,157,2,0,0,0,4,0,14,11,3,4,0.06,0.08,0.14,4.35,2.5,2.5
2026-09-04T17:26:04+00:00,2026-09-04,deadline,3,2026-09-04T17:30:00Z,503,Van de Ven,TOT,DEF,50,0,0,3.6,16484,77615,24858,202318,a,,2026-08-21T15:00:07.610517Z,100,100,,,,0.0,0,0,90,1,0,0,0,2,0,8,7,1,4,0.00,0.02,0.02,0.72,0.0,0.0
2026-09-04T17:26:04+00:00,2026-09-04,deadline,3,2026-09-04T17:30:00Z,505,Spence,TOT,DEF,45,0,0,0.3,0,14251,0,60033,u,Has joined Internazionale permanently,2026-08-18T14:13:08.454214Z,0,0,,,,0.0,0,0,0,0,0,0,0,0,0,0,0,0,0,0.00,0.00,0.00,0.00,0.0,0.0
2026-09-04T17:26:04+00:00,2026-09-04,deadline,3,2026-09-04T17:30:00Z,506,Udogie,TOT,DEF,45,0,0,0.4,1119,6745,2804,11437,a,,,,,,,,1.0,1,2,26,0,0,0,0,1,0,1,0,1,3,0.00,0.21,0.21,0.68,1.0,1.0
2026-09-04T17:26:04+00:00,2026-09-04,deadline,3,2026-09-04T17:30:00Z,507,Phillips,TOT,DEF,45,0,0,0.0,0,312,0,970,u,Has joined Middlesbrough permanently,2026-08-18T14:13:08.474144Z,0,0,,,,0.0,0,0,0,0,0,0,0,0,0,0,0,0,0,0.00,0.00,0.00,0.00,0.0,0.0
2026-09-04T17:26:04+00:00,2026-09-04,deadline,3,2026-09-04T17:30:00Z,508,Davies,TOT,DEF,40,0,0,0.9,4273,11701,7150,20684,a,,,,,,,,0.0,0,0,0,0,0,0,0,0,0,0,0,0,0,0.00,0.00,0.00,0.00,0.0,0.0
2026-09-04T17:26:04+00:00,2026-09-04,deadline,3,2026-09-04T17:30:00Z,509,Byfield,TOT,DEF,40,0,0,0.1,708,645,1027,1203,a,,,,,,,,0.0,0,0,0,0,0,0,0,0,0,0,0,0,0,0.00,0.00,0.00,0.00,0.0,0.0
2026-09-04T17:26:04+00:00,2026-09-04,deadline,3,2026-09-04T17:30:00Z,510,Rowswell,TOT,DEF,40,0,0,0.1,886,917,1221,1612,a,,,,,,,,0.0,0,0,0,0,0,0,0,0,0,0,0,0,0,0.00,0.00,0.00,0.00,0.0,0.0
2026-09-04T17:26:04+00:00,2026-09-04,deadline,3,2026-09-04T17:30:00Z,511,Souza,TOT,DEF,40,0,0,0.2,1362,6108,2555,8802,u,Has joined FC Porto on loan for the rest of the season,2026-09-01T13:24:26.858636Z,,0,,,,0.0,0,0,0,0,0,0,0,0,0,0,0,0,0,0.00,0.00,0.00,0.00,0.0,0.0
2026-09-04T17:26:04+00:00,2026-09-04,deadline,3,2026-09-04T17:30:00Z,512,Kudus,TOT,MID,65,0,0,0.1,4570,2067,4839,4473,a,,2026-07-23T12:01:23.848657Z,75,100,3,3,,0.5,1,1,22,0,0,0,0,1,0,2,0,0,2,0.04,0.01,0.05,0.24,0.4,0.5
2026-09-04T17:26:04+00:00,2026-09-04,deadline,3,2026-09-04T17:30:00Z,513,Xavi,TOT,MID,60,0,0,0.0,78,369,155,725,i,Knee injury - Unknown return date,2026-07-23T12:01:23.864304Z,0,0,4,2,,0.0,0,0,0,0,0,0,0,0,0,0,0,0,0,0.00,0.00,0.00,0.00,0.0,0.0
2026-09-04T17:26:04+00:00,2026-09-04,deadline,3,2026-09-04T17:30:00Z,514,Tel,TOT,MID,59,-1,-1,0.3,2036,19540,6210,30001,a,,,,,,4,,2.0,2,4,157,2,0,0,0,4,0,11,1,1,9,0.20,0.09,0.29,4.35,2.0,2.0
2026-09-04T17:26:04+00:00,2026-09-04,deadline,3,2026-09-04T17:30:00Z,515,Maddison,TOT,MID,64,-1,-1,0.6,175,38818,2861,75804,d,Shoulder injury - 75% chance of playing,2026-08-25T14:30:07.623508Z,75,75,,,,0.5,0,1,22,0,0,0,0,0,0,2,1,0,1,0.00,0.01,0.01,0.85,0.4,0.4
2026-09-04T17:26:04+00:00,2026-09-04,deadline,3,2026-09-04T17:30:00Z,516,Bentancur,TOT,MID,55,0,0,0.2,825,2601,1427,4632,a,,,,,,,,1.5,2,3,135,1,0,0,0,3,0,16,3,5,8,0.00,0.03,0.03,2.90,1.5,1.5
2026-09-04T17:26:04+00:00,2026-09-04,deadline,3,2026-09-04T17:30:00Z,517,Odobert,TOT,MID,55,0,0,0.0,26,38,42,57,i,Knee injury - Unknown return date,2026-07-23T12:01:23.879434Z,0,0,,,,0.0,0,0,0,0,0,0,0,0,0,0,0,0,0,0.00,0.00,0.00,0.00,0.0,0.0
2026-09-04T17:26:04+00:00,2026-09-04,deadline,3,2026-09-04T17:30:00Z,518,P.M.Sarr,TOT,MID,49,0,-1,0.1,4025,5776,4138,16240,u,Has joined Juventus on loan for the rest of the season,2026-09-02T16:02:43.386849Z,0,0,,,,0.0,0,0,0,0,0,0,0,0,0,0,0,0,0,0.00,0.00,0.00,0.00,0.0,0.0
2026-09-04T17:26:04+00:00,2026-09-04,deadline,3,2026-09-04T17:30:00Z,519,Gallagher,TOT,MID,54,-1,-1,0.2,1018,6551,2226,11198,a,,,,,,,,0.0,0,0,45,1,0,0,0,2,0,3,0,1,2,0.02,0.06,0.08,1.70,0.0,0.0
2026-09-04T17:26:04+00:00,2026-09-04,deadline,3,2026-09-04T17:30:00Z,520,Bergvall,TOT,MID,54,-1,-1,0.2,480,3471,1115,5670,a,,,,,,,,0.5,0,1,45,1,0,0,0,2,0,8,0,1,7,0.00,0.01,0.01,1.70,0.5,0.5
2026-09-04T17:26:04+00:00,2026-09-04,deadline,3,2026-09-04T17:30:00Z,521,Kulusevski,TOT,MID,65,0,0,0.0,86,177,161,418,i,Knee injury - Unknown return date,2026-07-23T12:01:23.895175Z,0,0,,,,0.0,0,0,0,0,0,0,0,0,0,0,0,0,0,0.00,0.00,0.00,0.00,0.0,0.0
2026-09-04T17:26:04+00:00,2026-09-04,deadline,3,2026-09-04T17:30:00Z,522,Gray,TOT,MID,50,0,0,0.2,2151,4024,3862,6568,a,,,,,,,,2.0,2,4,152,2,0,0,0,4,0,11,5,1,5,0.00,0.01,0.01,3.91,2.0,2.0
2026-09-04T17:26:04+00:00,2026-09-04,deadline,3,2026-09-04T17:30:00Z,523,Moore,TOT,MID,50,0,0,0.1,839,6403,3258,8929,u,Has joined FC Köln on loan for the rest of the season,2026-09-04T12:39:48.098158Z,,0,,,,1.5,1,3,89,1,0,0,0,4,0,3,0,1,2,0.40,0.02,0.42,3.26,1.5,0.0
2026-09-04T17:26:04+00:00,2026-09-04,deadline,3,2026-09-04T17:30:00Z,524,Olusesi,TOT,MID,45,0,0,0.7,1600,9423,3614,18735,a,,,,,,,,0.0,0,0,0,0,0,0,0,0,0,0,0,0,0,0.00,0.00,0.00,0.00,0.0,0.0
2026-09-04T17:26:04+00:00,2026-09-04,deadline,3,2026-09-04T17:30:00Z,525,Fernandes,TOT,MID,59,-1,-1,1.2,4910,42730,9439,74059,a,,,,,,,2,1.5,2,3,135,1,0,0,0,3,0,10,0,4,6,0.01,0.23,0.24,2.90,1.5,1.5
2026-09-04T17:26:04+00:00,2026-09-04,deadline,3,2026-09-04T17:30:00Z,526,Solanke,TOT,FWD,59,-1,-1,1.0,7489,35127,15701,55945,a,,,,,1,,,1.0,1,2,37,0,0,0,0,0,0,0,0,0,0,0.27,0.00,0.27,0.85,1.0,1.0
2026-09-04T17:26:04+00:00,2026-09-04,deadline,3,2026-09-04T17:30:00Z,527,Richarlison,TOT,FWD,59,-1,-1,1.5,6716,122915,21439,169386,u,not included in squad.,2026-09-04T12:32:39.183614Z,,0,5,,,1.0,0,2,67,1,0,0,0,3,0,1,1,0,0,0.00,0.00,0.00,3.02,1.0,0.0
2026-09-04T17:26:04+00:00,2026-09-04,deadline,3,2026-09-04T17:30:00Z,528,Scarlett,TOT,FWD,45,0,0,1.7,29341,34531,42525,51711,u,Has joined Leyton Orient permanently,2026-09-02T16:02:43.413625Z,,0,,,,0.0,0,0,0,0,0,0,0,0,0,0,0,0,0,0.00,0.00,0.00,0.00,0.0,0.0
2026-09-04T17:26:04+00:00,2026-09-04,deadline,3,2026-09-04T17:30:00Z,578,Mudryk,TOT,MID,54,-1,-1,0.1,3506,1633,3740,2609,a,,,,,,,,0.0,0,0,0,0,0,0,0,0,0,0,0,0,0,0.00,0.00,0.00,0.00,0.0,0.0
2026-09-04T17:26:04+00:00,2026-09-04,deadline,3,2026-09-04T17:30:00Z,601,Williams-Barnett,TOT,MID,45,0,0,0.1,4448,2160,7084,2744,a,,,,,,,,0.0,0,0,0,0,0,0,0,0,0,0,0,0,0,0.00,0.00,0.00,0.00,0.0,0.0
2026-09-04T17:26:04+00:00,2026-09-04,deadline,3,2026-09-04T17:30:00Z,501,Danso,SUN,DEF,50,0,0,0.2,1295,3295,2315,5727,a,,,,,,,,0.0,0,0,0,0,0,0,0,0,0,0,0,0,0,0.00,0.00,0.00,0.00,0.0,0.0
2026-09-04T17:26:04+00:00,2026-09-04,deadline,3,2026-09-04T17:30:00Z,529,Roefs,SUN,GKP,50,0,0,3.3,10164,48575,14930,78909,a,,,,,,,,3.5,6,7,180,2,0,0,1,2,1,0,3,0,15,0.00,0.00,0.00,2.75,3.5,3.5
2026-09-04T17:26:04+00:00,2026-09-04,deadline,3,2026-09-04T17:30:00Z,530,Patterson,SUN,GKP,40,0,0,0.1,0,1611,0,3918,u,Has joined Wrexham permanently,2026-08-12T14:08:03.064533Z,0,0,,,,0.0,0,0,0,0,0,0,0,0,0,0,0,0,0,0.00,0.00,0.00,0.00,0.0,0.0
2026-09-04T17:26:04+00:00,2026-09-04,deadline,3,2026-09-04T17:30:00Z,531,Ellborg,SUN,GKP,45,0,0,0.1,403,946,612,1800,a,,,,,,,,0.0,0,0,0,0,0,0,0,0,0,0,0,0,0,0.00,0.00,0.00,0.00,0.0,0.0
2026-09-04T17:26:04+00:00,2026-09-04,deadline,3,2026-09-04T17:30:00Z,532,Ballard,SUN,DEF,50,0,0,3.8,15532,92400,28330,142104,a,,,,,,,,4.0,8,8,180,2,0,0,1,2,0,19,16,3,1,0.03,0.01,0.04,2.75,4.0,4.0
2026-09-04T17:26:04+00:00,2026-09-04,deadline,3,2026-09-04T17:30:00Z,533,Mukiele,SUN,DEF,55,0,0,2.4,21311,24534,26899,63121,a,,2026-08-09T08:30:05.954750Z,100,100,,,,4.5,9,9,90,1,0,0,1,0,0,19,17,2,4,0.00,0.01,0.01,0.95,4.5,4.5
2026-09-04T17:26:04+00:00,2026-09-04,deadline,3,2026-09-04T17:30:00Z,534,Hume,SUN,DEF,45,0,0,5.1,17475,84883,31094,122254,a,,,,,,,3,4.0,6,8,169,2,0,0,1,1,0,10,3,7,10,0.04,0.28,0.32,2.64,4.0,4.0
2026-09-04T17:26:04+00:00,2026-09-04,deadline,3,2026-09-04T17:30:00Z,535,Alderete,SUN,DEF,50,0,0,0.3,1471,9940,4068,15204,a,,2026-08-09T08:30:05.962393Z,100,100,,,,0.5,0,1,23,0,0,0,0,1,0,0,0,0,2,0.00,0.01,0.01,0.10,0.5,0.5
2026-09-04T17:26:04+00:00,2026-09-04,deadline,3,2026-09-04T17:30:00Z,536,Reinildo,SUN,DEF,45,0,0,0.4,1955,4281,2930,7859,a,,,,,,,,3.5,6,7,180,2,0,0,1,2,0,15,11,4,8,0.00,0.30,0.30,2.75,3.5,3.5
2026-09-04T17:26:04+00:00,2026-09-04,deadline,3,2026-09-04T17:30:00Z,537,Seelt,SUN,DEF,45,0,0,0.0,3,359,61,486,u,Has joined Swansea City on loan for the rest of the season,2026-08-29T00:34:52.425076Z,,0,,,,0.0,0,0,0,0,0,0,0,0,0,0,0,0,0,0.00,0.00,0.00,0.00,0.0,0.0
2026-09-04T17:26:04+00:00,2026-09-04,deadline,3,2026-09-04T17:30:00Z,538,Hjelde,SUN,DEF,40,0,0,0.0,0,678,0,1668,u,Has joined KV Mechelen on loan for the rest of the season,2026-08-12T14:08:03.081789Z,0,0,,,,0.0,0,0,0,0,0,0,0,0,0,0,0,0,0,0.00,0.00,0.00,0.00,0.0,0.0
2026-09-04T17:26:04+00:00,2026-09-04,deadline,3,2026-09-04T17:30:00Z,539,O'Nien,SUN,DEF,40,0,0,3.0,5274,32800,9876,50339,a,,,,,,,,0.5,0,1,66,1,0,0,0,1,0,5,4,1,4,0.01,0.01,0.02,1.69,0.5,0.5
2026-09-04T17:26:04+00:00,2026-09-04,deadline,3,2026-09-04T17:30:00Z,540,Masuaku,SUN,DEF,40,0,0,0.2,0,3057,0,7925,u,Has joined Konyaspor permanently,2026-08-12T14:08:03.097784Z,0,0,,,,0.0,0,0,0,0,0,0,0,0,0,0,0,0,0,0.00,0.00,0.00,0.00,0.0,0.0
2026-09-04T17:26:04+00:00,2026-09-04,deadline,3,2026-09-04T17:30:00Z,541,Meunier,SUN,DEF,45,0,0,0.3,2622,2320,3632,4038,a,,2026-08-16T08:30:07.830062Z,100,100,,,,3.5,6,7,180,2,0,0,1,2,0,12,10,2,8,0.10,0.13,0.23,2.75,3.5,3.5
2026-09-04T17:26:04+00:00,2026-09-04,deadline,3,2026-09-04T17:30:00Z,542,E.Le Fée,SUN,MID,59,-1,-1,5.4,7274,260422,18660,375532,a,,,,,2,2,1,2.5,3,5,168,2,0,0,1,1,0,8,1,2,5,0.37,0.20,0.57,2.55,2.5,2.5
2026-09-04T17:26:04+00:00,2026-09-04,deadline,3,2026-09-04T17:30:00Z,543,Diarra,SUN,MID,55,0,0,0.0,164,2281,499,3458,i,Hamstring injury - Unknown return date,2026-08-30T16:30:08.428960Z,,0,1,,,2.5,4,5,28,0,0,1,0,1,0,0,0,0,0,0.03,0.16,0.19,0.12,2.5,0.0
2026-09-04T17:26:04+00:00,2026-09-04,deadline,3,2026-09-04T17:30:00Z,544,Xhaka,SUN,MID,55,0,0,4.6,44864,46693,87645,64908,a,,,,,,1,2,7.5,6,15,180,2,0,1,1,2,0,20,3,3,14,0.00,0.45,0.45,2.75,7.5,7.5
2026-09-04T17:26:04+00:00,2026-09-04,deadline,3,2026-09-04T17:30:00Z,545,Sadiki,SUN,MID,50,0,0,0.3,1869,4918,3034,8415,a,,,,,,,,2.5,3,5,180,2,0,0,1,2,0,13,6,3,4,0.08,0.05,0.13,2.75,2.5,2.5
2026-09-04T17:26:04+00:00,2026-09-04,deadline,3,2026-09-04T17:30:00Z,546,Adingra,SUN,MID,49,-1,-1,0.0,187,1921,240,5480,u,Has joined Ajax on loan for the rest of the season,2026-08-20T14:00:08.416985Z,0,0,,,,0.0,0,0,0,0,0,0,0,0,0,0,0,0,0,0.00,0.00,0.00,0.00,0.0,0.0
2026-09-04T17:26:04+00:00,2026-09-04,deadline,3,2026-09-04T17:30:00Z,547,Mundle,SUN,MID,50,0,0,0.0,82,134,122,284,a,,,,,,,,0.5,1,1,1,0,0,0,0,0,0,1,1,0,0,0.17,0.00,0.17,0.09,0.5,0.5
2026-09-04T17:26:04+00:00,2026-09-04,deadline,3,2026-09-04T17:30:00Z,548,Rigg,SUN,MID,50,0,0,0.1,143,857,242,1477,a,,,,,,,,1.0,1,2,17,0,0,0,0,1,0,1,0,0,1,0.00,0.00,0.00,0.44,1.0,1.0
2026-09-04T17:26:04+00:00,2026-09-04,deadline,3,2026-09-04T17:30:00Z,549,Talbi,SUN,MID,54,-1,-1,0.2,427,4104,711,6948,a,,,,,,,,0.5,0,1,31,0,0,0,0,1,0,2,0,0,2,0.00,0.00,0.00,0.14,0.5,0.5
2026-09-04T17:26:04+00:00,2026-09-04,deadline,3,2026-09-04T17:30:00Z,550,Jocelin.T,SUN,MID,50,0,0,0.0,80,101,131,202,a,,,,,,,,0.0,0,0,0,0,0,0,0,0,0,0,0,0,0,0.00,0.00,0.00,0.00,0.0,0.0
2026-09-04T17:26:04+00:00,2026-09-04,deadline,3,2026-09-04T17:30:00Z,551,N.Angulo,SUN,MID,50,0,0,0.1,4751,3097,10094,4476,a,,,,,,3,,4.0,3,8,122,2,1,0,1,1,0,12,1,2,9,0.15,0.05,0.20,2.24,4.0,4.0
2026-09-04T17:26:04+00:00,2026-09-04,deadline,3,2026-09-04T17:30:00Z,552,Brobbey,SUN,FWD,59,-1,-1,8.8,27141,344849,65410,464476,a,,,,,,,,2.0,2,4,129,2,0,0,1,1,0,4,1,0,3,0.33,0.00,0.33,2.27,2.0,2.0
2026-09-04T17:26:04+00:00,2026-09-04,deadline,3,2026-09-04T17:30:00Z,553,Isidor,SUN,FWD,55,0,0,1.1,35579,14453,38049,27374,a,,,,,,,,4.5,8,9,49,0,1,0,0,1,0,0,0,0,0,1.39,0.00,1.39,0.47,4.5,4.5
2026-09-04T17:26:04+00:00,2026-09-04,deadline,3,2026-09-04T17:30:00Z,612,Methalie,SUN,DEF,45,0,0,0.0,360,100,455,127,a,,2026-08-28T13:00:08.950445Z,0,100,,,,0.0,0,0,0,0,0,0,0,0,0,0,0,0,0,0.00,0.00,0.00,0.00,0.0,1.8
2026-09-04T17:26:04+00:00,2026-09-04,deadline,3,2026-09-04T17:30:00Z,613,Ahoka,SUN,MID,45,0,0,0.3,13094,4278,15569,4676,a,,,,,,,,0.0,0,0,0,0,0,0,0,0,0,0,0,0,0,0.00,0.00,0.00,0.00,1.0,1.0
2026-09-04T17:26:04+00:00,2026-09-04,deadline,3,2026-09-04T17:30:00Z,646,Fofana,SUN,MID,55,0,0,0.0,2048,238,2048,238,a,,,,,,,,0.0,0,0,0,0,0,0,0,0,0,0,0,0,0,0.00,0.00,0.00,0.00,2.0,2.0
2026-09-04T17:26:04+00:00,2026-09-04,deadline,3,2026-09-04T17:30:00Z,651,J.Angulo,SUN,FWD,45,0,0,0.3,15620,1794,15620,1794,a,,,,,,,,0.0,0,0,0,0,0,0,0,0,0,0,0,0,0,0.00,0.00,0.00,0.00,1.0,1.0
