snapshot_utc,snapshot_date,snapshot_kind,event,deadline_time,id,web_name,team,position,now_cost,cost_change_event,cost_change_start,selected_by_percent,transfers_in_event,transfers_out_event,transfers_in,transfers_out,status,news,news_added,chance_of_playing_this_round,chance_of_playing_next_round,penalties_order,direct_freekicks_order,corners_and_indirect_freekicks_order,form,event_points,total_points,minutes,starts,goals_scored,assists,clean_sheets,goals_conceded,saves,defensive_contribution,clearances_blocks_interceptions,tackles,recoveries,expected_goals,expected_assists,expected_goal_involvements,expected_goals_conceded,ep_this,ep_next
2026-09-18T16:59:08+00:00,2026-09-18,deadline,5,2026-09-18T17:30:00Z,1,Raya,ARS,GKP,60,0,0,41.2,270547,64313,831348,589689,a,,,,,,,,7.2,14,29,360,4,0,0,3,1,7,0,6,0,44,0.00,0.01,0.01,2.72,7.2,7.2
2026-09-18T16:59:08+00:00,2026-09-18,deadline,5,2026-09-18T17:30:00Z,2,Arrizabalaga,ARS,GKP,49,0,-1,0.1,176,548,1372,4002,a,,,,,,,,0.0,0,0,0,0,0,0,0,0,0,0,0,0,0,0.00,0.00,0.00,0.00,0.0,0.0
2026-09-18T16:59:08+00:00,2026-09-18,deadline,5,2026-09-18T17:30:00Z,3,Meslier,ARS,GKP,49,0,-1,0.0,82,198,463,1457,a,,,,,,,,0.0,0,0,0,0,0,0,0,0,0,0,0,0,0,0.00,0.00,0.00,0.00,0.0,0.0
2026-09-18T16:59:08+00:00,2026-09-18,deadline,5,2026-09-18T17:30:00Z,4,Gabriel,ARS,DEF,80,0,0,23.0,46813,114042,209023,838121,a,,,,,,,,6.0,9,24,360,4,0,0,3,1,0,32,29,3,13,0.51,0.06,0.57,2.72,6.0,6.0
2026-09-18T16:59:08+00:00,2026-09-18,deadline,5,2026-09-18T17:30:00Z,5,J.Timber,ARS,DEF,65,0,0,0.3,19497,3717,21065,10652,a,,2026-07-23T12:01:23.272929Z,25,100,,,,0.2,1,1,45,0,0,0,0,0,0,3,2,1,5,0.00,0.01,0.01,1.57,0.1,0.2
2026-09-18T16:59:08+00:00,2026-09-18,deadline,5,2026-09-18T17:30:00Z,6,Saliba,ARS,DEF,59,0,-1,0.2,395,1970,3078,17519,i,Back injury - Unknown return date,2026-07-23T12:01:23.289376Z,0,0,,,,0.0,0,0,0,0,0,0,0,0,0,0,0,0,0,0.00,0.00,0.00,0.00,0.0,0.0
2026-09-18T16:59:08+00:00,2026-09-18,deadline,5,2026-09-18T17:30:00Z,7,Lewis-Skelly,ARS,MID,55,0,0,0.6,3155,10811,28605,44472,a,,,,,,,,2.2,1,9,271,4,0,0,2,1,0,14,5,1,8,0.16,0.23,0.39,1.02,2.2,2.2
2026-09-18T16:59:08+00:00,2026-09-18,deadline,5,2026-09-18T17:30:00Z,8,Calafiori,ARS,DEF,58,0,3,50.2,259186,80117,1572294,335021,a,,,,,,,,7.0,6,28,326,4,0,2,3,1,0,13,10,3,8,0.60,0.59,1.19,2.45,7.0,7.0
2026-09-18T16:59:08+00:00,2026-09-18,deadline,5,2026-09-18T17:30:00Z,9,Hincapie,ARS,DEF,53,0,-2,0.9,2516,15303,14776,111366,a,,,,,,,,0.5,0,2,32,0,0,0,0,0,0,3,2,1,0,0.00,0.00,0.00,0.28,0.5,0.5
2026-09-18T16:59:08+00:00,2026-09-18,deadline,5,2026-09-18T17:30:00Z,10,White,ARS,DEF,55,0,0,5.4,20561,230069,452152,489456,a,,2026-09-15T19:30:09.494382Z,100,100,,,,5.2,1,21,315,4,0,1,2,1,0,18,12,6,9,0.18,0.29,0.47,1.15,5.2,5.2
2026-09-18T16:59:08+00:00,2026-09-18,deadline,5,2026-09-18T17:30:00Z,11,Mosquera,ARS,DEF,53,-1,-2,1.7,409,80236,30098,457088,a,,2026-09-04T14:00:08.080310Z,50,100,,,,3.0,0,12,168,2,0,0,2,0,0,10,10,0,3,0.00,0.01,0.01,0.53,1.5,3.0
2026-09-18T16:59:08+00:00,2026-09-18,deadline,5,2026-09-18T17:30:00Z,12,Saka,ARS,MID,95,0,0,13.3,210713,62473,669089,347395,a,,,,,1,2,2,7.5,8,30,336,4,3,0,3,1,0,29,8,5,16,2.88,0.43,3.31,2.58,7.5,7.5
2026-09-18T16:59:08+00:00,2026-09-18,deadline,5,2026-09-18T17:30:00Z,13,Rice,ARS,MID,74,0,-1,12.4,27942,80801,111103,639970,a,,,,,,1,1,4.8,6,19,321,4,0,2,3,1,0,34,16,5,13,0.10,0.63,0.73,2.19,4.8,4.8
2026-09-18T16:59:08+00:00,2026-09-18,deadline,5,2026-09-18T17:30:00Z,14,Eze,ARS,MID,63,0,-2,1.0,2945,17582,20838,132385,a,,,,,,3,,0.8,1,3,68,0,0,0,0,0,0,5,0,0,5,0.04,0.07,0.11,0.79,0.8,0.8
2026-09-18T16:59:08+00:00,2026-09-18,deadline,5,2026-09-18T17:30:00Z,15,Ødegaard,ARS,MID,68,1,3,19.9,315437,126836,1544881,454257,a,,,,,3,4,,6.8,3,27,305,4,2,0,3,1,0,21,4,6,11,1.01,1.30,2.31,2.46,6.8,6.8
2026-09-18T16:59:08+00:00,2026-09-18,deadline,5,2026-09-18T17:30:00Z,16,Madueke,ARS,MID,62,-1,-3,0.2,1153,3553,5240,24337,a,,,,,,,5,0.5,0,2,23,0,0,0,0,0,0,3,0,1,2,0.00,0.05,0.05,0.15,0.5,0.5
2026-09-18T16:59:08+00:00,2026-09-18,deadline,5,2026-09-18T17:30:00Z,17,Merino,ARS,MID,58,0,-2,0.4,1321,6193,8713,45169,a,,,,,,,,0.8,1,3,51,0,0,0,0,0,0,6,0,0,6,0.14,0.02,0.16,0.26,0.8,0.8
2026-09-18T16:59:08+00:00,2026-09-18,deadline,5,2026-09-18T17:30:00Z,18,Martinelli,ARS,MID,63,0,-2,0.1,0,1475,2483,21277,u,Has joined Al Hilal permanently,2026-09-04T12:34:46.738449Z,0,0,,,,0.0,0,0,0,0,0,0,0,0,0,0,0,0,0,0.00,0.00,0.00,0.00,0.0,0.0
2026-09-18T16:59:08+00:00,2026-09-18,deadline,5,2026-09-18T17:30:00Z,19,Zubimendi,ARS,MID,53,-1,-2,0.6,1413,9105,7984,62686,a,,,,,,,,1.0,1,4,59,0,0,0,0,0,0,11,4,4,3,0.08,0.04,0.12,0.68,1.0,1.0
2026-09-18T16:59:08+00:00,2026-09-18,deadline,5,2026-09-18T17:30:00Z,20,Dowman,ARS,MID,53,0,-2,0.1,855,1028,2565,6697,a,,,,,,,,0.0,0,0,0,0,0,0,0,0,0,0,0,0,0,0.00,0.00,0.00,0.00,0.0,0.0
2026-09-18T16:59:08+00:00,2026-09-18,deadline,5,2026-09-18T17:30:00Z,22,Nwaneri,ARS,MID,54,0,-1,0.0,0,116,233,1200,u,Has joined Borussia Dortmund on loan for the rest of the season,2026-09-02T16:01:07.058827Z,0,0,,,,0.0,0,0,0,0,0,0,0,0,0,0,0,0,0,0.00,0.00,0.00,0.00,0.0,0.0
2026-09-18T16:59:08+00:00,2026-09-18,deadline,5,2026-09-18T17:30:00Z,23,Fábio Vieira,ARS,MID,55,0,0,0.0,0,86,255,877,u,Has joined Hamburger SV permanently,2026-09-02T16:00:28.446370Z,0,0,,,,0.0,0,0,0,0,0,0,0,0,0,0,0,0,0,0.00,0.00,0.00,0.00,0.0,0.0
2026-09-18T16:59:08+00:00,2026-09-18,deadline,5,2026-09-18T17:30:00Z,24,Nelson,ARS,MID,55,0,0,0.0,0,65,68,653,u,has departed the club as a free agent.,2026-08-29T00:33:08.556767Z,0,0,,,,0.0,0,0,0,0,0,0,0,0,0,0,0,0,0,0.00,0.00,0.00,0.00,0.0,0.0
2026-09-18T16:59:08+00:00,2026-09-18,deadline,5,2026-09-18T17:30:00Z,25,Gyökeres,ARS,FWD,72,0,-3,3.2,4973,55137,28040,592435,a,,,,,2,,,0.2,0,1,12,0,0,0,0,0,0,1,0,0,1,0.00,0.00,0.00,0.11,0.2,0.2
2026-09-18T16:59:08+00:00,2026-09-18,deadline,5,2026-09-18T17:30:00Z,26,Havertz,ARS,FWD,76,1,1,8.4,138618,99789,594509,357290,a,,,,,,,,4.2,1,17,347,4,2,0,3,1,0,10,4,0,6,0.89,0.35,1.24,2.60,4.2,4.2
2026-09-18T16:59:08+00:00,2026-09-18,deadline,5,2026-09-18T17:30:00Z,27,G.Jesus,ARS,FWD,59,0,-1,0.2,0,2240,4164,28223,u,Has joined FC Barcelona permanently,2026-09-02T16:00:28.475184Z,0,0,,,,0.0,0,0,0,0,0,0,0,0,0,0,0,0,0,0.00,0.00,0.00,0.00,0.0,0.0
2026-09-18T16:59:08+00:00,2026-09-18,deadline,5,2026-09-18T17:30:00Z,31,Konsa,ARS,DEF,45,0,0,18.9,327390,62942,1357603,588520,a,,,,,,,,2.8,6,11,191,2,0,0,1,1,0,19,14,5,6,0.00,0.01,0.01,2.19,2.8,2.8
2026-09-18T16:59:08+00:00,2026-09-18,deadline,5,2026-09-18T17:30:00Z,452,Bruno G.,ARS,MID,67,-1,-3,1.8,15831,9600,24578,236790,a,,2026-09-04T14:00:08.328779Z,100,100,4,,4,2.0,7,8,64,0,1,0,0,0,0,6,1,1,4,0.09,0.15,0.24,1.57,2.0,2.0
2026-09-18T16:59:08+00:00,2026-09-18,deadline,5,2026-09-18T17:30:00Z,557,Tzolis,ARS,MID,64,0,-1,13.2,38207,284635,448969,1444905,a,,,,,,,3,3.5,3,14,290,4,0,2,2,1,0,20,6,3,11,0.19,0.48,0.67,1.96,3.5,3.5
2026-09-18T16:59:08+00:00,2026-09-18,deadline,5,2026-09-18T17:30:00Z,29,M.Bizot,AVL,GKP,45,0,0,0.1,415,1421,4593,6305,i,Back injury - Expected back 10 Oct,2026-09-17T07:30:09.058151Z,,0,,,,0.2,0,1,90,1,0,0,0,4,3,0,2,0,6,0.00,0.00,0.00,3.77,0.2,0.0
2026-09-18T16:59:08+00:00,2026-09-18,deadline,5,2026-09-18T17:30:00Z,30,Digne,AVL,DEF,45,0,0,0.1,0,425,0,8405,u,Has joined Paris Saint-Germain permanently,2026-08-10T14:03:30.089007Z,0,0,,,,0.0,0,0,0,0,0,0,0,0,0,0,0,0,0,0.00,0.00,0.00,0.00,0.0,0.0
2026-09-18T16:59:08+00:00,2026-09-18,deadline,5,2026-09-18T17:30:00Z,32,Cash,AVL,DEF,44,-1,-1,5.0,4850,108842,92237,392139,a,,2026-09-09T14:30:08.192142Z,75,100,,,1,1.8,0,7,251,3,0,0,1,5,0,14,8,6,2,0.15,0.04,0.19,5.03,1.4,1.8
2026-09-18T16:59:08+00:00,2026-09-18,deadline,5,2026-09-18T17:30:00Z,33,Mings,AVL,DEF,45,0,0,0.4,3411,5034,14598,15901,a,,,,,,,,1.8,0,7,171,1,0,0,1,2,0,11,8,3,4,0.20,0.02,0.22,2.87,1.8,1.8
2026-09-18T16:59:08+00:00,2026-09-18,deadline,5,2026-09-18T17:30:00Z,34,Pau,AVL,DEF,45,0,0,0.3,237,8917,11193,23900,i,Hamstring injury - Expected back 10 Oct,2026-09-12T18:00:08.712707Z,,0,,,,0.8,1,3,187,3,0,0,0,5,0,9,8,1,9,0.00,0.01,0.01,4.79,0.8,0.0
2026-09-18T16:59:08+00:00,2026-09-18,deadline,5,2026-09-18T17:30:00Z,35,Bogarde,AVL,MID,50,0,0,0.1,461,937,2728,4304,a,,,,,,,,0.2,0,1,16,0,0,0,0,0,0,1,1,0,0,0.00,0.00,0.00,0.22,0.2,0.2
2026-09-18T16:59:08+00:00,2026-09-18,deadline,5,2026-09-18T17:30:00Z,36,Maatsen,AVL,DEF,45,0,0,0.6,547,29923,31841,54418,i,Ankle injury - Unknown return date,2026-09-12T18:00:08.729468Z,,0,,,,2.2,1,9,335,4,0,0,1,7,0,24,17,7,10,0.28,0.45,0.73,6.54,2.2,0.0
2026-09-18T16:59:08+00:00,2026-09-18,deadline,5,2026-09-18T17:30:00Z,37,Lindelöf,AVL,DEF,45,0,0,0.3,3399,3796,13497,12902,a,,,,,,,,1.8,1,7,360,4,0,0,1,7,0,16,15,1,5,0.44,0.17,0.61,7.66,1.8,1.8
2026-09-18T16:59:08+00:00,2026-09-18,deadline,5,2026-09-18T17:30:00Z,38,A.García,AVL,DEF,40,0,0,1.6,7012,13796,43306,61523,a,,,,,,,,0.0,0,0,0,0,0,0,0,0,0,0,0,0,0,0.00,0.00,0.00,0.00,0.0,0.0
2026-09-18T16:59:08+00:00,2026-09-18,deadline,5,2026-09-18T17:30:00Z,39,Nedeljkovic,AVL,DEF,40,0,0,0.1,0,1226,0,14638,u,Has joined Rangers on loan for the rest of the season,2026-08-19T13:56:46.385411Z,0,0,,,,0.0,0,0,0,0,0,0,0,0,0,0,0,0,0,0.00,0.00,0.00,0.00,0.0,0.0
2026-09-18T16:59:08+00:00,2026-09-18,deadline,5,2026-09-18T17:30:00Z,41,Buendía,AVL,MID,59,0,-1,0.9,6152,22308,47731,90172,a,,,,,1,1,3,2.2,2,9,311,4,0,0,1,6,0,19,3,2,14,0.78,0.17,0.95,6.30,2.2,2.2
2026-09-18T16:59:08+00:00,2026-09-18,deadline,5,2026-09-18T17:30:00Z,44,Bailey,AVL,MID,54,0,-1,0.1,0,1610,2096,12693,u,Has joined Olympiakos permanently,2026-09-04T12:35:14.472260Z,0,0,,,,0.0,0,0,0,0,0,0,0,0,0,0,0,0,0,0.00,0.00,0.00,0.00,0.0,0.0
2026-09-18T16:59:08+00:00,2026-09-18,deadline,5,2026-09-18T17:30:00Z,45,McGinn,AVL,MID,54,0,-1,2.2,18215,23566,63232,145942,a,,,,,,,2,2.8,6,11,351,4,0,1,1,7,0,24,6,5,13,0.77,0.20,0.97,7.51,2.8,2.8
2026-09-18T16:59:08+00:00,2026-09-18,deadline,5,2026-09-18T17:30:00Z,46,Barkley,AVL,MID,50,0,0,0.3,2618,3887,15481,14360,a,,,,,,,4,2.2,2,9,302,4,0,0,1,6,0,24,4,7,13,0.38,0.14,0.52,6.58,2.2,2.2
2026-09-18T16:59:08+00:00,2026-09-18,deadline,5,2026-09-18T17:30:00Z,47,Kamara,AVL,MID,50,0,0,0.3,1945,4569,13166,19783,a,,2026-07-23T12:01:23.337269Z,100,100,,,,2.2,2,9,360,4,0,0,1,7,0,30,10,7,13,0.00,0.15,0.15,7.66,2.2,2.2
2026-09-18T16:59:08+00:00,2026-09-18,deadline,5,2026-09-18T17:30:00Z,48,Onana,AVL,MID,49,-1,-1,0.0,63,201,468,1568,i,Knee injury - Unknown return date,2026-07-23T12:01:23.352497Z,0,0,,,,0.0,0,0,0,0,0,0,0,0,0,0,0,0,0,0.00,0.00,0.00,0.00,0.0,0.0
2026-09-18T16:59:08+00:00,2026-09-18,deadline,5,2026-09-18T17:30:00Z,49,Iling Jr,AVL,MID,50,0,0,0.0,0,20,0,225,u,Has joined Bolton Wanderers on loan for the rest of the season,2026-08-17T13:52:28.532616Z,0,0,,,,0.0,0,0,0,0,0,0,0,0,0,0,0,0,0,0.00,0.00,0.00,0.00,0.0,0.0
2026-09-18T16:59:08+00:00,2026-09-18,deadline,5,2026-09-18T17:30:00Z,50,Burrowes,AVL,MID,45,0,0,0.6,1924,7018,20788,31512,a,,,,,,,,0.0,0,0,0,0,0,0,0,0,0,0,0,0,0,0.00,0.00,0.00,0.00,0.0,0.0
2026-09-18T16:59:08+00:00,2026-09-18,deadline,5,2026-09-18T17:30:00Z,51,George Hemmings,AVL,MID,45,0,0,1.2,13642,16563,112249,59222,a,,,,,,,,2.0,1,8,279,4,0,0,1,5,0,19,3,6,10,0.07,0.16,0.23,5.39,2.0,2.0
2026-09-18T16:59:08+00:00,2026-09-18,deadline,5,2026-09-18T17:30:00Z,52,Alysson,AVL,MID,50,0,0,0.1,1563,610,3241,2848,a,,,,,,,,2.0,6,8,87,0,1,0,0,2,0,8,2,2,4,0.06,0.00,0.06,2.40,2.0,2.0
2026-09-18T16:59:08+00:00,2026-09-18,deadline,5,2026-09-18T17:30:00Z,53,Manzambi,AVL,MID,59,0,-1,0.1,1795,963,2938,16592,a,,2026-08-15T15:30:06.388335Z,50,100,,,,0.2,1,1,27,0,0,0,0,1,0,2,0,1,1,0.00,0.08,0.08,0.86,0.1,0.2
2026-09-18T16:59:08+00:00,2026-09-18,deadline,5,2026-09-18T17:30:00Z,54,Gomes,AVL,MID,55,0,0,0.0,436,317,811,3899,a,,2026-09-16T19:30:08.742410Z,0,100,,,,-0.5,0,-2,39,1,0,0,0,4,0,7,1,4,2,0.00,0.01,0.01,2.58,0.0,-0.5
2026-09-18T16:59:08+00:00,2026-09-18,deadline,5,2026-09-18T17:30:00Z,55,Watkins,AVL,FWD,78,0,-2,2.6,0,34050,14882,746181,u,Has joined Al Hilal permanently,2026-09-01T13:15:16.698799Z,0,0,,,,0.0,0,0,0,0,0,0,0,0,0,0,0,0,0,0.00,0.00,0.00,0.00,0.0,0.0
2026-09-18T16:59:08+00:00,2026-09-18,deadline,5,2026-09-18T17:30:00Z,56,Abraham,AVL,FWD,55,0,0,0.2,4173,2823,13881,11074,a,,2026-08-15T16:00:07.558543Z,100,100,,,,0.8,1,3,69,0,0,0,0,2,0,2,0,1,1,0.00,0.00,0.00,2.26,0.8,0.8
2026-09-18T16:59:08+00:00,2026-09-18,deadline,5,2026-09-18T17:30:00Z,160,Garnacho,AVL,MID,58,-1,-2,0.3,833,6863,6942,38275,a,,,,,,,,0.8,0,3,31,0,0,0,0,0,0,2,0,0,2,0.00,0.00,0.00,0.49,0.8,0.8
2026-09-18T16:59:08+00:00,2026-09-18,deadline,5,2026-09-18T17:30:00Z,166,N.Jackson,AVL,FWD,65,0,0,1.2,17923,34948,144351,75749,a,,,,,2,,,1.0,0,4,199,3,0,0,1,1,0,5,0,0,5,0.24,0.58,0.82,1.62,1.0,1.0
2026-09-18T16:59:08+00:00,2026-09-18,deadline,5,2026-09-18T17:30:00Z,582,Madjo,AVL,FWD,54,-1,-1,0.2,263,4483,2680,28609,i,Unspecified injury - Unknown return date,2026-08-15T16:00:07.974271Z,0,0,,,,0.0,0,0,0,0,0,0,0,0,0,0,0,0,0,0.00,0.00,0.00,0.00,0.0,0.0
2026-09-18T16:59:08+00:00,2026-09-18,deadline,5,2026-09-18T17:30:00Z,596,Ruggeri,AVL,DEF,45,0,0,0.1,750,1145,2614,5235,a,,,,,,,,0.5,0,2,23,0,0,0,0,0,0,3,1,2,2,0.00,0.01,0.01,0.49,0.5,0.5
2026-09-18T16:59:08+00:00,2026-09-18,deadline,5,2026-09-18T17:30:00Z,597,Suzuki,AVL,GKP,50,0,0,1.8,16113,18270,137091,55319,a,,,,,,,,3.5,2,14,270,3,0,0,1,3,10,0,5,0,31,0.00,0.01,0.01,3.89,3.5,3.5
2026-09-18T16:59:08+00:00,2026-09-18,deadline,5,2026-09-18T17:30:00Z,606,Rowe,AVL,DEF,40,0,0,0.2,1784,1572,12658,5228,a,,,,,,,,0.0,0,0,0,0,0,0,0,0,0,0,0,0,0,0.00,0.00,0.00,0.00,0.0,0.0
2026-09-18T16:59:08+00:00,2026-09-18,deadline,5,2026-09-18T17:30:00Z,607,Lynch,AVL,MID,45,0,0,0.1,0,1342,7103,7419,u,Has joined Oxford United on loan until January,2026-09-04T12:35:39.820426Z,0,0,,,,0.0,0,0,0,0,0,0,0,0,0,0,0,0,0,0.00,0.00,0.00,0.00,0.0,0.0
2026-09-18T16:59:08+00:00,2026-09-18,deadline,5,2026-09-18T17:30:00Z,611,Wan-Bissaka,AVL,DEF,45,0,0,0.2,4478,2247,16736,6268,a,,,,,,,,1.7,3,5,107,1,0,0,0,2,0,15,8,7,1,0.00,0.06,0.06,2.63,1.7,1.7
2026-09-18T16:59:08+00:00,2026-09-18,deadline,5,2026-09-18T17:30:00Z,618,Goretzka,AVL,MID,59,-1,-1,0.0,47,1344,4609,4294,i,Knee injury - Expected back 10 Oct,2026-09-09T09:30:08.229436Z,0,0,,,,0.0,0,0,0,0,0,0,0,0,0,0,0,0,0,0.00,0.00,0.00,0.00,0.0,0.0
2026-09-18T16:59:08+00:00,2026-09-18,deadline,5,2026-09-18T17:30:00Z,630,Harwood-Bellis,AVL,DEF,45,0,0,0.0,365,344,1963,799,a,,,,,,,,0.0,0,0,0,0,0,0,0,0,0,0,0,0,0,0.00,0.00,0.00,0.00,0.0,0.0
2026-09-18T16:59:08+00:00,2026-09-18,deadline,5,2026-09-18T17:30:00Z,631,Mbaye,AVL,MID,60,0,0,0.1,2546,1424,9389,3634,a,,,,,,,,0.5,1,1,27,0,0,0,0,1,0,2,0,1,1,0.02,0.13,0.15,0.86,0.5,0.5
2026-09-18T16:59:08+00:00,2026-09-18,deadline,5,2026-09-18T17:30:00Z,57,Petrović,BOU,GKP,45,0,0,3.0,6858,25716,105722,111847,a,,,,,,,,1.8,1,7,360,4,0,0,0,7,9,0,6,0,31,0.00,0.00,0.00,5.30,1.8,1.8
2026-09-18T16:59:08+00:00,2026-09-18,deadline,5,2026-09-18T17:30:00Z,58,Forster,BOU,GKP,40,0,0,3.6,21719,15155,108408,71357,a,,,,,,,,0.0,0,0,0,0,0,0,0,0,0,0,0,0,0,0.00,0.00,0.00,0.00,0.0,0.0
2026-09-18T16:59:08+00:00,2026-09-18,deadline,5,2026-09-18T17:30:00Z,59,Dennis,BOU,GKP,40,0,0,0.1,0,1033,1133,6942,u,Has joined MK Dons permanently,2026-08-27T14:53:48.692835Z,0,0,,,,0.0,0,0,0,0,0,0,0,0,0,0,0,0,0,0.00,0.00,0.00,0.00,0.0,0.0
2026-09-18T16:59:08+00:00,2026-09-18,deadline,5,2026-09-18T17:30:00Z,60,Hill,BOU,DEF,55,0,0,0.7,3212,11262,27632,40226,a,,,,,,,,2.0,2,8,360,4,0,0,0,7,0,35,30,5,8,0.00,0.77,0.77,5.30,2.0,2.0
2026-09-18T16:59:08+00:00,2026-09-18,deadline,5,2026-09-18T17:30:00Z,61,Truffert,BOU,DEF,55,0,0,3.1,6278,33295,51627,147080,a,,,,,,,,2.0,3,8,360,4,0,0,0,7,0,38,23,15,21,0.09,0.23,0.32,5.30,2.0,2.0
2026-09-18T16:59:08+00:00,2026-09-18,deadline,5,2026-09-18T17:30:00Z,62,Diakité,BOU,DEF,50,0,0,0.2,893,2170,6635,11007,a,,,,,,,,0.0,0,0,0,0,0,0,0,0,0,0,0,0,0,0.00,0.00,0.00,0.00,0.0,0.0
2026-09-18T16:59:08+00:00,2026-09-18,deadline,5,2026-09-18T17:30:00Z,63,Milosavljević,BOU,DEF,49,-1,-1,0.0,70,93,302,795,i,Thigh injury - Unknown return date,2026-08-06T10:00:10.456051Z,0,0,,,,0.0,0,0,0,0,0,0,0,0,0,0,0,0,0,0.00,0.00,0.00,0.00,0.0,0.0
2026-09-18T16:59:08+00:00,2026-09-18,deadline,5,2026-09-18T17:30:00Z,64,Smith,BOU,DEF,45,0,0,0.1,796,1929,6776,6776,a,,,,,,,,0.5,0,2,360,4,0,0,0,7,0,21,16,5,13,0.01,0.07,0.08,5.30,0.5,0.5
2026-09-18T16:59:08+00:00,2026-09-18,deadline,5,2026-09-18T17:30:00Z,65,J.Araujo,BOU,DEF,44,0,-1,0.0,97,148,380,1236,i,Thigh injury - Unknown return date,2026-08-09T08:00:05.645826Z,0,0,,,,0.0,0,0,0,0,0,0,0,0,0,0,0,0,0,0.00,0.00,0.00,0.00,0.0,0.0
2026-09-18T16:59:08+00:00,2026-09-18,deadline,5,2026-09-18T17:30:00Z,66,Soler,BOU,DEF,40,0,0,0.3,2295,2353,13039,9834,a,,2026-08-15T16:30:07.021055Z,100,100,,,,0.0,0,0,0,0,0,0,0,0,0,0,0,0,0,0.00,0.00,0.00,0.00,0.0,0.0
2026-09-18T16:59:08+00:00,2026-09-18,deadline,5,2026-09-18T17:30:00Z,67,Rayan,BOU,MID,64,0,-1,1.6,4473,34241,48410,158377,a,,,,,,,,2.0,2,8,347,4,0,0,0,6,0,11,5,3,3,0.87,0.08,0.95,4.95,2.0,2.0
2026-09-18T16:59:08+00:00,2026-09-18,deadline,5,2026-09-18T17:30:00Z,68,Tavernier,BOU,MID,61,1,1,6.5,307431,58317,600321,172056,a,,,,,3,1,1,7.2,8,29,350,4,3,0,0,7,0,36,5,8,23,1.70,0.81,2.51,5.14,7.2,7.2
2026-09-18T16:59:08+00:00,2026-09-18,deadline,5,2026-09-18T17:30:00Z,69,Scott,BOU,MID,61,0,1,5.8,70172,74817,522012,167873,a,,,,,,4,2,7.0,4,28,356,4,1,2,1,6,0,52,15,9,28,0.52,0.35,0.87,5.17,7.0,7.0
2026-09-18T16:59:08+00:00,2026-09-18,deadline,5,2026-09-18T17:30:00Z,70,Kluivert,BOU,MID,60,0,0,1.0,13932,10662,49748,64465,a,,,,,2,2,3,3.8,8,15,294,4,1,0,2,3,0,22,2,4,16,0.99,0.08,1.07,4.48,3.8,3.8
2026-09-18T16:59:08+00:00,2026-09-18,deadline,5,2026-09-18T17:30:00Z,71,Cook,BOU,MID,50,0,0,0.2,809,3634,12802,12676,a,,,,,,,,1.8,0,7,165,2,0,0,2,1,0,12,6,1,5,0.00,0.01,0.01,3.95,1.8,1.8
2026-09-18T16:59:08+00:00,2026-09-18,deadline,5,2026-09-18T17:30:00Z,72,Gannon-Doak,BOU,MID,49,0,-1,0.1,331,823,1493,4230,a,,,,,,,,0.8,1,3,10,0,0,0,0,1,0,7,0,2,5,0.12,0.03,0.15,0.35,0.8,0.8
2026-09-18T16:59:08+00:00,2026-09-18,deadline,5,2026-09-18T17:30:00Z,73,Adams,BOU,MID,50,0,0,0.3,2919,3786,17133,14911,a,,2026-08-15T16:30:07.029928Z,100,100,,,,2.0,2,8,192,2,0,0,0,6,0,28,7,5,16,0.03,0.03,0.06,1.34,2.0,2.0
2026-09-18T16:59:08+00:00,2026-09-18,deadline,5,2026-09-18T17:30:00Z,74,Brooks,BOU,MID,50,0,0,0.1,482,878,3161,3439,a,,2026-08-15T16:30:07.037929Z,100,100,,3,4,0.5,0,2,30,0,0,0,0,2,0,3,2,0,1,0.00,0.01,0.01,0.50,0.5,0.5
2026-09-18T16:59:08+00:00,2026-09-18,deadline,5,2026-09-18T17:30:00Z,75,Christie,BOU,MID,50,0,0,0.0,529,639,3243,1925,a,,2026-07-24T17:30:10.035483Z,100,100,,,,0.8,1,3,28,0,0,0,0,1,0,9,3,1,5,0.00,0.12,0.12,0.24,0.8,0.8
2026-09-18T16:59:08+00:00,2026-09-18,deadline,5,2026-09-18T17:30:00Z,76,Tóth.A,BOU,MID,49,-1,-1,0.0,59,138,354,725,a,,,,,,,,0.2,0,1,15,0,0,0,0,2,0,2,0,1,1,0.00,0.00,0.00,0.31,0.2,0.2
2026-09-18T16:59:08+00:00,2026-09-18,deadline,5,2026-09-18T17:30:00Z,77,Adli,BOU,MID,49,0,-1,0.0,24,206,268,2138,i,Calf injury - Unknown return date,2026-08-15T16:00:07.590566Z,0,0,,,,0.0,0,0,0,0,0,0,0,0,0,0,0,0,0,0.00,0.00,0.00,0.00,0.0,0.0
2026-09-18T16:59:08+00:00,2026-09-18,deadline,5,2026-09-18T17:30:00Z,78,Kroupi.Jr,BOU,MID,74,0,-1,0.2,136,1779,1041,26468,i,Foot injury - Expected back 7 Nov,2026-07-29T17:30:09.796802Z,0,0,1,,,0.0,0,0,0,0,0,0,0,0,0,0,0,0,0,0.00,0.00,0.00,0.00,0.0,0.0
2026-09-18T16:59:08+00:00,2026-09-18,deadline,5,2026-09-18T17:30:00Z,79,Evanilson,BOU,FWD,60,0,0,3.2,42862,45352,233919,153197,a,,,,,,,,4.0,5,16,334,4,0,3,2,4,0,22,10,1,11,0.71,0.51,1.22,4.80,4.0,4.0
2026-09-18T16:59:08+00:00,2026-09-18,deadline,5,2026-09-18T17:30:00Z,80,Enes Ünal,BOU,FWD,55,0,0,0.0,0,120,0,1931,u,Has joined Getafe permanently,2026-08-14T14:14:21.881112Z,0,0,,,,0.0,0,0,0,0,0,0,0,0,0,0,0,0,0,0.00,0.00,0.00,0.00,0.0,0.0
2026-09-18T16:59:08+00:00,2026-09-18,deadline,5,2026-09-18T17:30:00Z,81,Rodríguez,BOU,FWD,60,0,0,0.1,900,1339,4668,6096,a,,2026-08-15T16:30:07.054142Z,100,100,,,,0.5,1,2,10,0,0,0,0,1,0,1,0,0,1,0.00,0.00,0.00,0.18,0.5,0.5
2026-09-18T16:59:08+00:00,2026-09-18,deadline,5,2026-09-18T17:30:00Z,566,Silva,BOU,DEF,50,0,0,0.4,2486,6355,25276,21221,a,,,,,,,,2.5,3,10,360,4,0,0,0,7,0,41,38,3,12,0.85,0.27,1.12,5.30,2.5,2.5
2026-09-18T16:59:08+00:00,2026-09-18,deadline,5,2026-09-18T17:30:00Z,573,Sanchez,BOU,DEF,44,-1,-1,0.2,305,1245,1411,6606,a,,,,,,,,0.0,0,0,0,0,0,0,0,0,0,0,0,0,0,0.00,0.00,0.00,0.00,0.0,0.0
2026-09-18T16:59:08+00:00,2026-09-18,deadline,5,2026-09-18T17:30:00Z,608,Jebbison,BOU,FWD,50,0,0,0.1,1932,2001,12309,6308,a,,,,,,,,0.5,0,2,16,0,0,0,0,2,0,1,0,0,1,0.10,0.00,0.10,0.36,0.5,0.5
2026-09-18T16:59:08+00:00,2026-09-18,deadline,5,2026-09-18T17:30:00Z,615,Di Gregorio,BOU,GKP,45,0,0,0.0,336,529,2736,1537,a,,,,,,,,0.0,0,0,0,0,0,0,0,0,0,0,0,0,0,0.00,0.00,0.00,0.00,0.0,0.0
2026-09-18T16:59:08+00:00,2026-09-18,deadline,5,2026-09-18T17:30:00Z,82,Kelleher,BRE,GKP,50,0,0,6.0,8877,61099,231388,198315,a,,,,,,,,3.5,3,14,360,4,0,0,1,4,15,0,5,0,26,0.00,0.01,0.01,5.49,3.5,3.5
2026-09-18T16:59:08+00:00,2026-09-18,deadline,5,2026-09-18T17:30:00Z,83,Valdimarsson,BRE,GKP,45,0,0,0.1,302,845,2550,4211,a,,,,,,,,0.0,0,0,0,0,0,0,0,0,0,0,0,0,0,0.00,0.00,0.00,0.00,0.0,0.0
2026-09-18T16:59:08+00:00,2026-09-18,deadline,5,2026-09-18T17:30:00Z,84,Collins,BRE,DEF,54,-1,-1,1.0,103,38143,58618,146107,i,Calf injury - Unknown return date,2026-09-05T18:00:06.182495Z,0,0,,,,2.5,0,10,196,3,0,0,1,1,0,17,15,2,11,0.51,0.05,0.56,2.13,0.0,0.0
2026-09-18T16:59:08+00:00,2026-09-18,deadline,5,2026-09-18T17:30:00Z,85,Van den Berg,BRE,DEF,49,0,-1,0.1,35,750,371,8590,i,Groin injury - Unknown return date,2026-08-15T15:30:06.416627Z,0,0,,,,0.0,0,0,0,0,0,0,0,0,0,0,0,0,0,0.00,0.00,0.00,0.00,0.0,0.0
2026-09-18T16:59:08+00:00,2026-09-18,deadline,5,2026-09-18T17:30:00Z,86,Lewis-Potter,BRE,MID,55,0,0,1.7,6013,41161,186407,107040,a,,,,,,1,,4.8,1,19,326,4,1,1,1,4,0,29,12,5,12,1.06,0.78,1.84,4.99,4.8,4.8
2026-09-18T16:59:08+00:00,2026-09-18,deadline,5,2026-09-18T17:30:00Z,87,Ajer,BRE,DEF,45,0,0,3.9,8677,66059,305217,245781,a,,,,,,,,3.5,1,14,360,4,0,0,1,4,0,41,37,4,8,0.13,0.03,0.16,5.49,3.5,3.5
2026-09-18T16:59:08+00:00,2026-09-18,deadline,5,2026-09-18T17:30:00Z,88,Kayode,BRE,DEF,46,0,1,7.6,17766,130746,582228,342369,a,,,,,,,,4.2,1,17,226,3,1,0,1,1,0,14,13,1,12,0.55,0.36,0.91,2.69,4.2,4.2
2026-09-18T16:59:08+00:00,2026-09-18,deadline,5,2026-09-18T17:30:00Z,89,Henry,BRE,DEF,44,-1,-1,0.2,393,1596,1807,7946,a,,,,,,,,0.2,0,1,2,0,0,0,0,0,0,0,0,0,0,0.00,0.00,0.00,0.00,0.2,0.2
2026-09-18T16:59:08+00:00,2026-09-18,deadline,5,2026-09-18T17:30:00Z,90,Hickey,BRE,DEF,45,0,0,0.1,316,569,1901,2712,a,,,,,,,,1.0,1,4,131,1,0,0,0,3,0,13,9,4,8,0.03,0.05,0.08,2.79,1.0,1.0
2026-09-18T16:59:08+00:00,2026-09-18,deadline,5,2026-09-18T17:30:00Z,92,Ji-soo,BRE,DEF,45,0,0,0.0,66,158,431,867,a,,,,,,,,0.0,0,0,0,0,0,0,0,0,0,0,0,0,0,0.00,0.00,0.00,0.00,0.0,0.0
2026-09-18T16:59:08+00:00,2026-09-18,deadline,5,2026-09-18T17:30:00Z,93,Schuster,BRE,DEF,45,0,0,0.1,336,1024,1549,4437,a,,,,,,,,1.8,3,7,163,1,0,0,0,3,0,22,20,2,3,0.10,0.02,0.12,3.36,1.8,1.8
2026-09-18T16:59:08+00:00,2026-09-18,deadline,5,2026-09-18T17:30:00Z,94,Schade,BRE,MID,61,1,1,7.6,409169,55817,603445,217263,a,,,,,2,,,7.5,15,30,357,4,3,0,1,4,0,27,4,6,17,0.98,0.30,1.28,5.49,7.5,7.5
2026-09-18T16:59:08+00:00,2026-09-18,deadline,5,2026-09-18T17:30:00Z,95,O.Dango,BRE,MID,63,-1,-2,0.5,958,13989,14290,77920,a,,,,,,,4,1.5,1,6,170,2,0,0,1,1,0,28,9,2,17,0.09,0.39,0.48,2.68,1.5,1.5
2026-09-18T16:59:08+00:00,2026-09-18,deadline,5,2026-09-18T17:30:00Z,96,Damsgaard,BRE,MID,54,-1,-1,0.4,1450,7695,13435,27833,a,,,,,,3,2,3.2,1,13,197,2,0,1,1,1,0,21,4,3,14,0.13,0.45,0.58,2.36,3.2,3.2
2026-09-18T16:59:08+00:00,2026-09-18,deadline,5,2026-09-18T17:30:00Z,97,Jensen,BRE,MID,54,0,-1,0.1,14,1813,4483,14350,i,Unspecified injury - Expected back 10 Oct,2026-08-30T12:30:08.176795Z,0,0,3,2,1,1.5,0,6,66,1,0,1,1,0,0,5,0,2,3,0.08,0.34,0.42,0.47,0.0,0.0
2026-09-18T16:59:08+00:00,2026-09-18,deadline,5,2026-09-18T17:30:00Z,98,Janelt,BRE,MID,50,0,0,2.5,45242,32592,285067,87921,a,,,,,,,3,6.2,4,25,360,4,2,0,1,4,0,55,25,14,16,0.50,0.40,0.90,5.49,6.2,6.2
2026-09-18T16:59:08+00:00,2026-09-18,deadline,5,2026-09-18T17:30:00Z,99,Milambo,BRE,MID,50,0,0,0.0,20,33,109,152,i,Knee injury - Unknown return date,2026-07-23T12:01:23.384798Z,0,0,,,,0.0,0,0,0,0,0,0,0,0,0,0,0,0,0,0.00,0.00,0.00,0.00,0.0,0.0
2026-09-18T16:59:08+00:00,2026-09-18,deadline,5,2026-09-18T17:30:00Z,100,Carvalho,BRE,MID,50,0,0,0.0,260,337,1293,1273,a,,2026-08-18T13:58:17.442072Z,100,100,,,,0.0,0,0,0,0,0,0,0,0,0,0,0,0,0,0.00,0.00,0.00,0.00,0.0,0.0
2026-09-18T16:59:08+00:00,2026-09-18,deadline,5,2026-09-18T17:30:00Z,102,Yarmoliuk,BRE,MID,48,-1,-2,0.7,1835,9087,4362,57987,a,,,,,,,,1.5,4,6,148,1,0,1,0,4,0,16,4,3,9,0.07,0.24,0.31,4.03,1.5,1.5
2026-09-18T16:59:08+00:00,2026-09-18,deadline,5,2026-09-18T17:30:00Z,103,Dasilva,BRE,MID,49,0,-1,0.0,11,291,391,1843,i,Hamstring injury - Expected back 10 Oct,2026-09-04T13:30:08.371955Z,0,0,,,,0.0,0,0,0,0,0,0,0,0,0,0,0,0,0,0.00,0.00,0.00,0.00,0.0,0.0
2026-09-18T16:59:08+00:00,2026-09-18,deadline,5,2026-09-18T17:30:00Z,105,Anthony,BRE,MID,59,-1,-1,0.1,587,2036,4950,10340,a,,,,,,,,1.2,1,5,187,2,0,0,1,3,0,24,5,4,15,0.19,0.52,0.71,2.80,1.2,1.2
2026-09-18T16:59:08+00:00,2026-09-18,deadline,5,2026-09-18T17:30:00Z,106,Thiago,BRE,FWD,78,-1,-2,8.9,28758,213763,216742,988740,a,,,,,1,,,1.2,1,5,352,4,0,0,1,4,0,16,4,2,10,2.41,0.13,2.54,5.42,1.2,1.2
2026-09-18T16:59:08+00:00,2026-09-18,deadline,5,2026-09-18T17:30:00Z,107,Furo,BRE,FWD,45,0,0,1.0,6486,19719,61024,56488,i,Unspecified injury - Unknown return date,2026-09-14T14:00:09.985723Z,,0,,,,0.0,0,0,0,0,0,0,0,0,0,0,0,0,0,0.00,0.00,0.00,0.00,0.0,0.0
2026-09-18T16:59:08+00:00,2026-09-18,deadline,5,2026-09-18T17:30:00Z,108,Wilson,BRE,FWD,55,0,0,0.3,1614,5880,14292,23903,a,,,,,,,,0.8,0,3,13,0,0,0,0,0,0,2,1,0,1,0.07,0.04,0.11,0.15,0.8,0.8
2026-09-18T16:59:08+00:00,2026-09-18,deadline,5,2026-09-18T17:30:00Z,565,M.Sangaré,BRE,MID,57,0,2,11.0,27954,203674,1218073,671657,a,,,,,,,,5.5,4,22,300,4,0,2,1,3,0,45,11,13,21,0.41,0.65,1.06,4.03,5.5,5.5
2026-09-18T16:59:08+00:00,2026-09-18,deadline,5,2026-09-18T17:30:00Z,620,Diouf,BRE,DEF,45,0,0,0.1,1042,1633,13124,6623,a,,,,,,,,0.3,1,1,30,0,0,0,0,0,0,1,1,0,1,0.00,0.01,0.01,0.50,0.3,0.3
2026-09-18T16:59:08+00:00,2026-09-18,deadline,5,2026-09-18T17:30:00Z,657,Nunes,BRE,MID,45,0,0,0.0,1720,390,1720,390,a,,,,,,,,0.0,0,0,0,0,0,0,0,0,0,0,0,0,0,0.00,0.00,0.00,0.00,1.1,1.1
2026-09-18T16:59:08+00:00,2026-09-18,deadline,5,2026-09-18T17:30:00Z,109,Verbruggen,BHA,GKP,45,0,0,21.2,86311,129948,690714,529298,a,,,,,,,,4.2,8,17,360,4,0,0,2,5,10,0,3,0,30,0.00,0.20,0.20,7.04,4.2,4.2
2026-09-18T16:59:08+00:00,2026-09-18,deadline,5,2026-09-18T17:30:00Z,111,Steele,BHA,GKP,40,0,0,4.3,19580,20715,139343,105058,a,,,,,,,,0.0,0,0,0,0,0,0,0,0,0,0,0,0,0,0.00,0.00,0.00,0.00,0.0,0.0
2026-09-18T16:59:08+00:00,2026-09-18,deadline,5,2026-09-18T17:30:00Z,113,F.Kadıoğlu,BHA,DEF,44,0,-1,1.6,4129,17388,26265,126671,a,,2026-08-23T13:00:07.595211Z,100,100,,,3,2.0,6,8,257,3,0,0,1,5,0,7,6,1,5,0.08,0.11,0.19,6.66,2.0,2.0
2026-09-18T16:59:08+00:00,2026-09-18,deadline,5,2026-09-18T17:30:00Z,114,Boscagli,BHA,DEF,45,0,0,0.3,1344,2413,14179,10991,a,,,,,,,,3.2,6,13,347,4,0,0,2,5,0,22,20,2,15,0.06,0.51,0.57,6.82,3.2,3.2
2026-09-18T16:59:08+00:00,2026-09-18,deadline,5,2026-09-18T17:30:00Z,115,De Cuyper,BHA,DEF,49,1,4,24.4,399383,116700,2407164,378736,a,,,,,,4,2,8.0,11,32,333,4,1,3,2,5,0,9,5,4,14,1.53,0.44,1.97,6.95,8.0,8.0
2026-09-18T16:59:08+00:00,2026-09-18,deadline,5,2026-09-18T17:30:00Z,116,Dunk,BHA,DEF,45,0,0,1.5,27356,11229,80804,40672,a,,,,,,3,,5.5,12,22,360,4,1,0,2,5,0,23,20,3,13,0.03,0.09,0.12,7.04,5.5,5.5
2026-09-18T16:59:08+00:00,2026-09-18,deadline,5,2026-09-18T17:30:00Z,117,Coppola,BHA,DEF,45,0,0,0.0,177,209,809,959,a,,,,,,,,0.0,0,0,0,0,0,0,0,0,0,0,0,0,0,0.00,0.00,0.00,0.00,0.0,0.0
2026-09-18T16:59:08+00:00,2026-09-18,deadline,5,2026-09-18T17:30:00Z,118,Igor,BHA,DEF,45,0,0,0.0,0,855,915,5615,u,Has joined Burnley permanently,2026-09-02T15:38:15.529699Z,0,0,,,,0.0,0,0,0,0,0,0,0,0,0,0,0,0,0,0.00,0.00,0.00,0.00,0.0,0.0
2026-09-18T16:59:08+00:00,2026-09-18,deadline,5,2026-09-18T17:30:00Z,119,Costinha,BHA,DEF,45,0,0,0.0,210,298,1099,1317,a,,,,,,,,0.8,1,3,54,0,0,0,0,0,0,6,5,1,1,0.12,0.16,0.28,0.28,0.8,0.8
2026-09-18T16:59:08+00:00,2026-09-18,deadline,5,2026-09-18T17:30:00Z,120,Svoboda,BHA,DEF,50,0,0,0.1,630,931,3159,3496,a,,,,,,,,0.0,0,0,0,0,0,0,0,0,0,0,0,0,0,0.00,0.00,0.00,0.00,0.0,0.0
2026-09-18T16:59:08+00:00,2026-09-18,deadline,5,2026-09-18T17:30:00Z,121,Mitoma,BHA,MID,59,0,-1,0.0,63,288,426,2933,i,Hamstring injury - Expected back 10 Oct,2026-07-24T18:30:10.661894Z,0,0,,,,0.0,0,0,0,0,0,0,0,0,0,0,0,0,0,0.00,0.00,0.00,0.00,0.0,0.0
2026-09-18T16:59:08+00:00,2026-09-18,deadline,5,2026-09-18T17:30:00Z,122,Minteh,BHA,MID,59,0,-1,0.0,28,472,290,6670,i,Leg injury - Expected back 28 Nov,2026-08-14T18:00:06.418033Z,0,0,,,5,0.0,0,0,0,0,0,0,0,0,0,0,0,0,0,0.00,0.00,0.00,0.00,0.0,0.0
2026-09-18T16:59:08+00:00,2026-09-18,deadline,5,2026-09-18T17:30:00Z,123,Hinshelwood,BHA,MID,59,-1,-1,0.6,128,25983,147621,208540,i,Ankle injury - Expected back 10 Oct,2026-08-27T19:30:07.780933Z,0,0,,,,4.0,0,16,63,1,2,0,1,0,0,3,0,2,1,1.41,0.02,1.43,0.19,0.0,0.0
2026-09-18T16:59:08+00:00,2026-09-18,deadline,5,2026-09-18T17:30:00Z,124,Groß,BHA,MID,57,1,2,20.7,584319,99851,1340403,524276,a,,,,,1,1,1,8.2,17,33,360,4,2,3,2,5,0,21,6,6,9,1.66,0.61,2.27,7.04,8.2,8.2
2026-09-18T16:59:08+00:00,2026-09-18,deadline,5,2026-09-18T17:30:00Z,125,Georginio,BHA,FWD,54,0,-1,0.5,2213,11995,31895,72139,a,,2026-08-26T16:00:07.608056Z,75,100,,,,1.2,0,5,90,1,0,1,1,0,0,7,1,2,4,0.08,0.44,0.52,0.29,0.9,1.2
2026-09-18T16:59:08+00:00,2026-09-18,deadline,5,2026-09-18T17:30:00Z,126,O'Riley,BHA,MID,54,-1,-1,0.1,565,1220,3162,5937,a,,,,,3,,,0.2,1,1,6,0,0,0,0,0,0,1,0,0,1,0.00,0.01,0.01,0.04,0.2,0.2
2026-09-18T16:59:08+00:00,2026-09-18,deadline,5,2026-09-18T17:30:00Z,127,Gomez,BHA,MID,50,0,0,4.1,12949,76818,322079,256403,a,,,,,,5,,4.0,3,16,348,4,0,2,2,5,0,23,6,8,9,0.79,0.76,1.55,7.01,4.0,4.0
2026-09-18T16:59:08+00:00,2026-09-18,deadline,5,2026-09-18T17:30:00Z,128,Buonanotte,BHA,MID,50,0,0,0.0,0,17,0,323,u,Has joined Elche on loan for the rest of the season,2026-08-10T14:03:07.561436Z,0,0,,,,0.0,0,0,0,0,0,0,0,0,0,0,0,0,0,0.00,0.00,0.00,0.00,0.0,0.0
2026-09-18T16:59:08+00:00,2026-09-18,deadline,5,2026-09-18T17:30:00Z,129,Ayari,BHA,MID,54,0,-1,0.4,3383,4210,10171,39373,a,,2026-08-30T18:00:07.935334Z,100,100,,2,4,3.0,8,12,243,3,1,0,2,1,0,14,2,1,11,0.59,0.10,0.69,4.01,3.0,3.0
2026-09-18T16:59:08+00:00,2026-09-18,deadline,5,2026-09-18T17:30:00Z,130,Wieffer,BHA,DEF,49,-1,-1,0.2,56,6776,25914,41249,i,Knee injury - Unknown return date,2026-09-04T09:30:08.612904Z,0,0,,,,1.8,0,7,156,2,0,0,1,4,0,15,11,4,9,0.12,0.13,0.25,3.18,0.0,0.0
2026-09-18T16:59:08+00:00,2026-09-18,deadline,5,2026-09-18T17:30:00Z,132,Howell,BHA,MID,45,0,0,0.0,0,388,0,3471,u,Has joined Leicester City on loan for the rest of the season,2026-08-17T13:53:19.019938Z,0,0,,,,0.0,0,0,0,0,0,0,0,0,0,0,0,0,0,0.00,0.00,0.00,0.00,0.0,0.0
2026-09-18T16:59:08+00:00,2026-09-18,deadline,5,2026-09-18T17:30:00Z,133,Watson,BHA,MID,50,0,0,0.0,0,10,0,131,u,Has joined Leicester City on loan for the rest of the season,2026-08-03T14:05:44.459483Z,0,0,,,,0.0,0,0,0,0,0,0,0,0,0,0,0,0,0,0.00,0.00,0.00,0.00,0.0,0.0
2026-09-18T16:59:08+00:00,2026-09-18,deadline,5,2026-09-18T17:30:00Z,134,Oriola,BHA,MID,45,0,0,0.2,879,2935,8393,12761,a,,,,,,,,0.0,0,0,0,0,0,0,0,0,0,0,0,0,0,0.00,0.00,0.00,0.00,0.0,0.0
2026-09-18T16:59:08+00:00,2026-09-18,deadline,5,2026-09-18T17:30:00Z,135,Yohanna,BHA,MID,49,0,-1,0.0,33,1156,1241,5067,i,Unspecified injury - Expected back 10 Oct,2026-09-10T13:00:08.617941Z,0,0,,,,0.2,0,1,12,0,0,0,0,0,0,0,0,0,0,0.00,0.03,0.03,0.00,0.0,0.0
2026-09-18T16:59:08+00:00,2026-09-18,deadline,5,2026-09-18T17:30:00Z,137,Tzimas,BHA,FWD,54,-1,-1,0.0,62,83,296,697,i,Knee injury - Unknown return date,2026-07-23T12:01:23.432796Z,0,0,,,,0.0,0,0,0,0,0,0,0,0,0,0,0,0,0,0.00,0.00,0.00,0.00,0.0,0.0
2026-09-18T16:59:08+00:00,2026-09-18,deadline,5,2026-09-18T17:30:00Z,138,Kostoulas,BHA,FWD,55,0,0,1.0,55112,14492,102645,31923,a,,,,,,,,4.5,10,18,278,3,1,2,1,5,0,23,5,3,15,1.17,0.05,1.22,6.78,4.5,4.5
2026-09-18T16:59:08+00:00,2026-09-18,deadline,5,2026-09-18T17:30:00Z,139,Ferguson,BHA,FWD,50,0,0,0.0,238,398,1447,2263,i,Ankle injury - Expected back 10 Oct,2026-07-23T12:01:23.448357Z,0,0,,,,0.0,0,0,0,0,0,0,0,0,0,0,0,0,0,0.00,0.00,0.00,0.00,0.0,0.0
2026-09-18T16:59:08+00:00,2026-09-18,deadline,5,2026-09-18T17:30:00Z,328,Struijk,BHA,DEF,49,-1,-1,0.2,566,2439,5024,11170,a,,2026-08-15T20:30:07.523574Z,100,100,,,,0.5,1,2,13,0,0,0,0,0,0,4,4,0,0,0.00,0.01,0.01,0.22,0.5,0.5
2026-09-18T16:59:08+00:00,2026-09-18,deadline,5,2026-09-18T17:30:00Z,504,Vuskovic,BHA,DEF,50,0,0,3.1,27116,33274,202528,123146,a,,,,,,,,6.0,6,24,347,4,1,0,2,5,0,31,27,4,13,0.46,0.07,0.53,6.82,6.0,6.0
2026-09-18T16:59:08+00:00,2026-09-18,deadline,5,2026-09-18T17:30:00Z,594,David,BHA,FWD,60,0,0,0.2,2050,5043,11812,20120,a,,,,,2,,,0.2,0,1,23,0,0,0,0,0,0,0,0,0,0,0.42,0.00,0.42,0.14,0.2,0.2
2026-09-18T16:59:08+00:00,2026-09-18,deadline,5,2026-09-18T17:30:00Z,600,Osman,BHA,MID,50,0,0,0.0,148,233,831,959,a,,,,,,,,0.8,1,3,40,0,0,0,0,1,0,4,0,1,3,0.05,0.07,0.12,0.32,0.8,0.8
2026-09-18T16:59:08+00:00,2026-09-18,deadline,5,2026-09-18T17:30:00Z,605,Yalcouyé,BHA,MID,45,0,0,4.1,125866,41389,524062,136278,a,,,,,,,,4.8,8,19,231,3,2,0,1,4,0,18,6,5,7,1.42,0.27,1.69,6.43,4.8,4.8
2026-09-18T16:59:08+00:00,2026-09-18,deadline,5,2026-09-18T17:30:00Z,614,Hadjam,BHA,DEF,45,0,0,0.0,505,601,3731,1700,a,,,,,,,,0.0,0,0,0,0,0,0,0,0,0,0,0,0,0,0.00,0.00,0.00,0.00,0.0,0.0
2026-09-18T16:59:08+00:00,2026-09-18,deadline,5,2026-09-18T17:30:00Z,624,Cozier-Duberry,BHA,MID,50,0,0,0.0,0,12,117,108,u,Has joined Middlesbrough on loan for the rest of the season,2026-09-02T15:38:15.552951Z,0,0,,,,0.0,0,0,0,0,0,0,0,0,0,0,0,0,0,0.00,0.00,0.00,0.00,0.0,0.0
2026-09-18T16:59:08+00:00,2026-09-18,deadline,5,2026-09-18T17:30:00Z,639,Andrés,BHA,MID,55,0,0,0.0,460,229,1234,466,a,,,,,,,,2.0,4,4,25,0,0,1,0,0,0,4,2,1,1,0.24,0.01,0.25,0.22,2.0,2.0
2026-09-18T16:59:08+00:00,2026-09-18,deadline,5,2026-09-18T17:30:00Z,652,Azeez,BHA,MID,55,0,0,0.0,54,61,423,154,i,Hamstring injury - Expected back 10 Oct,2026-09-04T11:30:08.661589Z,75,0,,,,0.0,0,0,0,0,0,0,0,0,0,0,0,0,0,0.00,0.00,0.00,0.00,0.0,0.0
2026-09-18T16:59:08+00:00,2026-09-18,deadline,5,2026-09-18T17:30:00Z,658,Ibrahim,BHA,MID,45,0,0,0.0,1145,255,1145,255,a,,,,,,,,0.0,0,0,0,0,0,0,0,0,0,0,0,0,0,0.00,0.00,0.00,0.00,1.1,1.1
2026-09-18T16:59:08+00:00,2026-09-18,deadline,5,2026-09-18T17:30:00Z,28,Martinez,CHE,GKP,50,0,0,4.8,20345,52538,237131,223335,a,,,,,,,,1.8,2,7,270,3,0,0,0,7,15,0,1,0,31,0.00,0.01,0.01,4.84,1.8,1.8
2026-09-18T16:59:08+00:00,2026-09-18,deadline,5,2026-09-18T17:30:00Z,40,Rogers,CHE,MID,77,1,2,40.1,669414,66227,2301323,588530,a,,,,,,,3,6.8,8,27,347,4,3,1,0,9,0,23,1,5,17,1.39,1.16,2.55,6.08,6.8,6.8
2026-09-18T16:59:08+00:00,2026-09-18,deadline,5,2026-09-18T17:30:00Z,101,Henderson,CHE,MID,49,0,-1,0.0,44,417,612,2463,d,Wrist injury - 50% chance of playing,2026-08-09T09:30:07.136250Z,0,50,,,,0.0,0,0,0,0,0,0,0,0,0,0,0,0,0,0.00,0.00,0.00,0.00,0.0,0.0
2026-09-18T16:59:08+00:00,2026-09-18,deadline,5,2026-09-18T17:30:00Z,136,Welbeck,CHE,FWD,59,0,-1,1.0,30603,13390,49630,73321,a,,2026-08-20T14:00:07.949090Z,100,100,,,,0.5,1,2,15,0,0,0,0,0,0,1,1,0,0,0.00,0.06,0.06,0.54,0.5,0.5
2026-09-18T16:59:08+00:00,2026-09-18,deadline,5,2026-09-18T17:30:00Z,140,Sánchez,CHE,GKP,49,0,-1,0.7,0,15014,10847,171074,u,Has joined Como on loan for the rest of the season,2026-09-02T16:20:41.841936Z,0,0,,,,0.5,0,2,90,1,0,0,0,2,4,0,1,0,5,0.00,0.01,0.01,1.33,0.0,0.0
2026-09-18T16:59:08+00:00,2026-09-18,deadline,5,2026-09-18T17:30:00Z,141,Jörgensen,CHE,GKP,50,0,0,0.0,0,52,0,918,u,Has joined RC Strasbourg on loan for the rest of the season,2026-08-12T14:07:02.607115Z,0,0,,,,0.0,0,0,0,0,0,0,0,0,0,0,0,0,0,0.00,0.00,0.00,0.00,0.0,0.0
2026-09-18T16:59:08+00:00,2026-09-18,deadline,5,2026-09-18T17:30:00Z,142,James,CHE,DEF,54,0,-1,6.6,18161,130013,168168,513870,d,Unspecified injury - 75% chance of playing,2026-09-18T10:30:09.719371Z,,75,,1,1,0.8,1,3,292,3,0,0,0,7,0,13,11,2,15,0.33,0.26,0.59,4.90,0.8,0.6
2026-09-18T16:59:08+00:00,2026-09-18,deadline,5,2026-09-18T17:30:00Z,143,Chalobah,CHE,DEF,55,0,0,0.1,0,691,0,13616,u,Has joined Como permanently,2026-08-10T14:03:50.769483Z,0,0,,,,0.0,0,0,0,0,0,0,0,0,0,0,0,0,0,0.00,0.00,0.00,0.00,0.0,0.0
2026-09-18T16:59:08+00:00,2026-09-18,deadline,5,2026-09-18T17:30:00Z,144,Gusto,CHE,DEF,50,0,0,1.0,4411,13502,35131,60094,a,,,,,,,,1.0,1,4,272,3,0,0,0,7,0,15,11,4,13,0.08,0.12,0.20,3.50,1.0,1.0
2026-09-18T16:59:08+00:00,2026-09-18,deadline,5,2026-09-18T17:30:00Z,145,Fofana,CHE,DEF,50,0,0,0.2,3196,3348,15965,6840,a,,2026-07-23T12:01:23.464591Z,100,100,,,,1.0,1,4,242,3,0,0,0,6,0,32,27,5,7,0.00,0.08,0.08,4.20,1.0,1.0
2026-09-18T16:59:08+00:00,2026-09-18,deadline,5,2026-09-18T17:30:00Z,146,B.Badiashile,CHE,DEF,45,0,0,0.0,0,125,232,1894,u,Has joined Napoli on loan for the rest of the season,2026-08-25T14:03:47.079414Z,0,0,,,,0.0,0,0,0,0,0,0,0,0,0,0,0,0,0,0.00,0.00,0.00,0.00,0.0,0.0
2026-09-18T16:59:08+00:00,2026-09-18,deadline,5,2026-09-18T17:30:00Z,148,Hato,CHE,DEF,45,0,0,0.9,4681,21045,90209,51647,a,,,,,,,,2.0,0,8,258,4,0,2,0,9,0,18,11,7,9,0.01,0.21,0.22,4.81,2.0,2.0
2026-09-18T16:59:08+00:00,2026-09-18,deadline,5,2026-09-18T17:30:00Z,149,Colwill,CHE,DEF,49,0,-1,0.9,1918,18272,25571,92342,a,,,,,,,,0.5,1,2,251,3,0,0,0,6,0,19,16,3,11,0.01,0.04,0.05,4.02,0.5,0.5
2026-09-18T16:59:08+00:00,2026-09-18,deadline,5,2026-09-18T17:30:00Z,150,M.Sarr,CHE,DEF,45,0,0,0.0,0,444,429,5805,u,Has joined Real Sociedad on loan for the rest of the season,2026-08-29T00:34:23.077418Z,0,0,,,,0.0,0,0,0,0,0,0,0,0,0,0,0,0,0,0.00,0.00,0.00,0.00,0.0,0.0
2026-09-18T16:59:08+00:00,2026-09-18,deadline,5,2026-09-18T17:30:00Z,151,Acheampong,CHE,DEF,45,0,0,0.4,1477,5877,20660,20402,a,,,,,,,,1.2,0,5,202,2,0,0,0,5,0,19,13,6,7,0.00,0.02,0.02,3.52,1.2,1.2
2026-09-18T16:59:08+00:00,2026-09-18,deadline,5,2026-09-18T17:30:00Z,152,Palestra,CHE,DEF,53,-1,-2,0.6,252,20130,6452,215746,d,Thigh injury - 50% chance of playing,2026-08-24T18:30:07.421239Z,0,50,,,,0.0,0,0,0,0,0,0,0,0,0,0,0,0,0,0.00,0.00,0.00,0.00,0.0,0.0
2026-09-18T16:59:08+00:00,2026-09-18,deadline,5,2026-09-18T17:30:00Z,154,Palmer,CHE,MID,97,0,2,27.0,181985,160656,1892821,489375,a,,2026-08-24T22:00:07.971542Z,100,100,1,2,,6.5,5,26,352,4,2,2,0,9,0,23,2,4,17,1.18,0.61,1.79,6.08,6.5,6.5
2026-09-18T16:59:08+00:00,2026-09-18,deadline,5,2026-09-18T17:30:00Z,156,Neto,CHE,MID,65,0,0,1.4,15217,21574,76357,81019,a,,,,,,3,2,3.0,2,12,246,3,1,0,0,6,0,22,8,3,11,0.52,0.53,1.05,4.42,3.0,3.0
2026-09-18T16:59:08+00:00,2026-09-18,deadline,5,2026-09-18T17:30:00Z,157,Estêvão,CHE,MID,63,-1,-2,0.7,2884,9892,15801,82478,a,,,,,2,,4,0.8,1,3,20,0,0,0,0,0,0,2,0,1,1,0.07,0.07,0.14,0.58,0.8,0.8
2026-09-18T16:59:08+00:00,2026-09-18,deadline,5,2026-09-18T17:30:00Z,158,Gittens,CHE,MID,59,0,-1,0.0,187,397,968,2620,a,,,,,,,,0.0,0,0,0,0,0,0,0,0,0,0,0,0,0,0.00,0.00,0.00,0.00,0.0,0.0
2026-09-18T16:59:08+00:00,2026-09-18,deadline,5,2026-09-18T17:30:00Z,159,Caicedo,CHE,MID,53,-1,-2,1.1,575,30826,14629,271499,d,Calf injury - 50% chance of playing,2026-08-30T16:00:08.393562Z,0,50,,,,0.2,0,1,13,0,0,0,0,0,0,0,0,0,0,0.00,0.00,0.00,0.07,0.0,0.1
2026-09-18T16:59:08+00:00,2026-09-18,deadline,5,2026-09-18T17:30:00Z,161,Lavia,CHE,MID,50,0,0,0.2,2815,4284,25259,12981,a,,,,,,,,2.8,2,11,258,4,1,0,0,8,0,31,10,6,15,0.75,0.11,0.86,5.06,2.8,2.8
2026-09-18T16:59:08+00:00,2026-09-18,deadline,5,2026-09-18T17:30:00Z,163,D.Essugo,CHE,MID,45,0,0,0.1,0,1993,2698,13647,u,Has joined RC Strasbourg on loan for the rest of the season,2026-09-02T16:20:41.865225Z,0,0,,,,0.0,0,0,0,0,0,0,0,0,0,0,0,0,0,0.00,0.00,0.00,0.00,0.0,0.0
2026-09-18T16:59:08+00:00,2026-09-18,deadline,5,2026-09-18T17:30:00Z,164,Quenda,CHE,MID,53,-1,-2,0.0,150,525,827,3212,a,,2026-07-24T20:30:10.609931Z,100,100,,,,0.2,0,1,8,0,0,0,0,0,0,1,1,0,0,0.00,0.00,0.00,0.09,0.2,0.2
2026-09-18T16:59:08+00:00,2026-09-18,deadline,5,2026-09-18T17:30:00Z,165,João Pedro,CHE,FWD,78,1,3,68.2,257799,656342,1511149,980035,d,Unspecified injury - 75% chance of playing,2026-09-16T19:00:09.919929Z,,75,,,,8.2,12,33,360,4,3,3,0,9,0,9,3,1,5,2.17,0.19,2.36,6.17,8.2,6.1
2026-09-18T16:59:08+00:00,2026-09-18,deadline,5,2026-09-18T17:30:00Z,168,Marc Guiu,CHE,FWD,50,0,0,0.2,0,3940,4102,31583,u,Has joined RB Leipzig permanently,2026-09-01T13:24:48.857362Z,0,0,,,,0.0,0,0,0,0,0,0,0,0,0,0,0,0,0,0.00,0.00,0.00,0.00,0.0,0.0
2026-09-18T16:59:08+00:00,2026-09-18,deadline,5,2026-09-18T17:30:00Z,169,Mheuka,CHE,FWD,45,0,0,0.5,9081,5718,27333,21617,a,,,,,,,,0.0,0,0,0,0,0,0,0,0,0,0,0,0,0,0.00,0.00,0.00,0.00,0.0,0.0
2026-09-18T16:59:08+00:00,2026-09-18,deadline,5,2026-09-18T17:30:00Z,170,Emegha,CHE,FWD,50,0,0,0.1,120,2716,5998,11442,i,Hamstring injury - Expected back 18 Sep,2026-09-09T15:00:09.063849Z,0,0,,,,0.0,0,0,0,0,0,0,0,0,0,0,0,0,0,0.00,0.00,0.00,0.00,0.0,0.0
2026-09-18T16:59:08+00:00,2026-09-18,deadline,5,2026-09-18T17:30:00Z,200,Lacroix,CHE,DEF,60,0,0,6.9,9153,117336,166310,392232,a,,,,,,,,2.5,1,10,274,3,0,1,0,7,0,35,26,9,5,0.02,0.21,0.23,5.28,2.5,2.5
2026-09-18T16:59:08+00:00,2026-09-18,deadline,5,2026-09-18T17:30:00Z,560,Penders,CHE,GKP,44,0,-1,0.1,664,597,1743,3297,a,,,,,,,,0.0,0,0,0,0,0,0,0,0,0,0,0,0,0,0.00,0.00,0.00,0.00,0.0,0.0
2026-09-18T16:59:08+00:00,2026-09-18,deadline,5,2026-09-18T17:30:00Z,561,Anselmino,CHE,DEF,45,0,0,0.0,184,209,753,1141,a,,2026-08-23T19:00:08.536705Z,100,100,,,,0.0,0,0,0,0,0,0,0,0,0,0,0,0,0,0.00,0.00,0.00,0.00,0.0,0.0
2026-09-18T16:59:08+00:00,2026-09-18,deadline,5,2026-09-18T17:30:00Z,568,Barco,CHE,MID,54,-1,-1,0.1,461,1336,2907,6524,a,,,,,,,,0.2,0,1,29,0,0,0,0,1,0,3,2,0,1,0.04,0.09,0.13,0.61,0.2,0.2
2026-09-18T16:59:08+00:00,2026-09-18,deadline,5,2026-09-18T17:30:00Z,583,Chavarria,CHE,DEF,49,0,-1,0.1,501,1612,2932,10544,a,,,,,,,,1.0,1,4,118,0,0,0,0,1,0,7,5,2,4,0.00,0.03,0.03,1.45,1.0,1.0
2026-09-18T16:59:08+00:00,2026-09-18,deadline,5,2026-09-18T17:30:00Z,91,Pinnock,COV,DEF,45,0,0,0.1,383,692,2150,3749,a,,,,,,,,1.5,2,6,192,2,0,0,0,7,0,25,22,3,3,0.12,0.00,0.12,5.47,1.5,1.5
2026-09-18T16:59:08+00:00,2026-09-18,deadline,5,2026-09-18T17:30:00Z,104,Onyeka,COV,MID,49,0,-1,0.1,326,1549,3790,9067,a,,2026-09-15T09:00:07.851220Z,,100,,,,1.5,2,6,224,3,0,0,0,7,0,19,5,3,11,0.03,0.02,0.05,5.21,1.5,1.5
2026-09-18T16:59:08+00:00,2026-09-18,deadline,5,2026-09-18T17:30:00Z,110,Rushworth,COV,GKP,45,0,0,0.8,916,11895,21135,52207,a,,,,,,,,1.2,0,5,360,4,0,0,0,10,7,0,4,0,40,0.00,0.02,0.02,7.53,1.2,1.2
2026-09-18T16:59:08+00:00,2026-09-18,deadline,5,2026-09-18T17:30:00Z,171,Dovin,COV,GKP,40,0,0,1.0,0,10062,8924,52851,u,Has joined Leyton Orient on loan for the rest of the season,2026-09-02T15:44:14.839336Z,0,0,,,,0.0,0,0,0,0,0,0,0,0,0,0,0,0,0,0.00,0.00,0.00,0.00,0.0,0.0
2026-09-18T16:59:08+00:00,2026-09-18,deadline,5,2026-09-18T17:30:00Z,172,Wilson,COV,GKP,44,-1,-1,0.4,410,1684,1144,11645,a,,,,,,,,0.0,0,0,0,0,0,0,0,0,0,0,0,0,0,0.00,0.00,0.00,0.00,0.0,0.0
2026-09-18T16:59:08+00:00,2026-09-18,deadline,5,2026-09-18T17:30:00Z,173,Thomas,COV,DEF,40,0,0,8.6,29923,72465,336383,249288,a,,,,,,,,3.8,0,15,347,4,0,0,1,9,0,39,37,2,13,0.43,0.26,0.69,6.99,3.8,3.8
2026-09-18T16:59:08+00:00,2026-09-18,deadline,5,2026-09-18T17:30:00Z,174,Kitching,COV,DEF,40,0,0,0.4,0,5145,981,30901,u,Has joined Sheffield United on loan for the rest of the season,2026-09-02T16:21:03.612394Z,0,0,,,,0.0,0,0,0,0,0,0,0,0,0,0,0,0,0,0.00,0.00,0.00,0.00,0.0,0.0
2026-09-18T16:59:08+00:00,2026-09-18,deadline,5,2026-09-18T17:30:00Z,175,van Ewijk,COV,DEF,40,0,0,9.4,12825,108758,121571,419492,a,,,,,,,,1.5,0,6,360,4,0,0,0,10,0,27,21,6,13,0.00,0.30,0.30,7.53,1.5,1.5
2026-09-18T16:59:08+00:00,2026-09-18,deadline,5,2026-09-18T17:30:00Z,176,Dasilva,COV,DEF,40,0,0,0.7,872,4710,9252,20763,a,,,,,,,,1.2,0,5,354,4,0,0,0,10,0,19,15,4,10,0.18,0.48,0.66,7.53,1.2,1.2
2026-09-18T16:59:08+00:00,2026-09-18,deadline,5,2026-09-18T17:30:00Z,177,Kesler-Hayden,COV,DEF,40,0,0,0.0,173,489,586,3211,i,Hamstring injury - Unknown return date,2026-08-27T14:56:28.704361Z,0,0,,,,0.0,0,0,0,0,0,0,0,0,0,0,0,0,0,0.00,0.00,0.00,0.00,0.0,0.0
2026-09-18T16:59:08+00:00,2026-09-18,deadline,5,2026-09-18T17:30:00Z,178,Bidwell,COV,DEF,40,0,0,0.1,476,687,2290,3214,a,,,,,,,,0.0,0,0,0,0,0,0,0,0,0,0,0,0,0,0.00,0.00,0.00,0.00,0.0,0.0
2026-09-18T16:59:08+00:00,2026-09-18,deadline,5,2026-09-18T17:30:00Z,179,Latibeaudiere,COV,DEF,40,0,0,0.0,151,317,907,1595,a,,,,,,,,0.0,0,0,0,0,0,0,0,0,0,0,0,0,0,0.00,0.00,0.00,0.00,0.0,0.0
2026-09-18T16:59:08+00:00,2026-09-18,deadline,5,2026-09-18T17:30:00Z,180,Woolfenden,COV,DEF,40,0,0,0.1,243,1233,2223,8464,i,Knee injury - Unknown return date,2026-08-27T14:56:28.718566Z,0,0,,,,0.0,0,0,0,0,0,0,0,0,0,0,0,0,0,0.00,0.00,0.00,0.00,0.0,0.0
2026-09-18T16:59:08+00:00,2026-09-18,deadline,5,2026-09-18T17:30:00Z,181,Brau,COV,DEF,40,0,0,0.0,0,271,275,2061,u,Has joined Academico de Viseu on loan for the rest of the season,2026-08-29T00:35:59.980316Z,0,0,,,,0.0,0,0,0,0,0,0,0,0,0,0,0,0,0,0.00,0.00,0.00,0.00,0.0,0.0
2026-09-18T16:59:08+00:00,2026-09-18,deadline,5,2026-09-18T17:30:00Z,182,Amenda,COV,DEF,40,0,0,0.7,1395,8179,11443,26398,d,Calf injury - 25% chance of playing,2026-09-17T07:30:09.329041Z,,25,,,,1.0,0,4,360,4,0,0,0,10,0,24,23,1,11,0.02,0.39,0.41,7.53,1.0,0.2
2026-09-18T16:59:08+00:00,2026-09-18,deadline,5,2026-09-18T17:30:00Z,183,Rudoni,COV,MID,49,-1,-1,0.1,520,1680,3441,7325,a,,2026-07-23T12:01:23.481435Z,100,100,,1,5,2.0,2,8,224,3,0,0,1,4,0,21,5,3,13,0.83,0.91,1.74,3.64,2.0,2.0
2026-09-18T16:59:08+00:00,2026-09-18,deadline,5,2026-09-18T17:30:00Z,184,Grimes,COV,MID,49,-1,-1,0.1,576,2120,3879,10293,a,,,,,3,,1,2.0,2,8,353,4,0,0,0,9,0,28,9,6,13,0.10,0.07,0.17,7.32,2.0,2.0
2026-09-18T16:59:08+00:00,2026-09-18,deadline,5,2026-09-18T17:30:00Z,185,Sakamoto,COV,MID,48,-1,-2,0.1,132,950,880,5330,a,,,,,,,,0.2,0,1,31,0,0,0,0,1,0,4,0,2,2,0.02,0.02,0.04,0.69,0.2,0.2
2026-09-18T16:59:08+00:00,2026-09-18,deadline,5,2026-09-18T17:30:00Z,186,Mason-Clark,COV,MID,54,0,-1,0.1,93,896,1032,5564,a,,2026-08-19T18:00:08.310507Z,100,100,,,,1.0,1,4,186,3,0,0,0,3,0,13,6,0,7,0.49,0.07,0.56,2.56,1.0,1.0
2026-09-18T16:59:08+00:00,2026-09-18,deadline,5,2026-09-18T17:30:00Z,187,Eccles,COV,MID,49,0,-1,0.0,16,321,612,1366,i,Unspecified injury - Expected back 12 Oct,2026-09-10T18:30:08.877110Z,0,0,,,,0.0,0,0,0,0,0,0,0,0,0,0,0,0,0,0.00,0.00,0.00,0.00,0.0,0.0
2026-09-18T16:59:08+00:00,2026-09-18,deadline,5,2026-09-18T17:30:00Z,188,Torp,COV,MID,54,0,-1,0.1,48,1101,749,7491,a,,,,,2,2,2,0.8,1,3,53,0,0,0,0,2,0,3,1,0,2,0.00,0.12,0.12,1.22,0.8,0.8
2026-09-18T16:59:08+00:00,2026-09-18,deadline,5,2026-09-18T17:30:00Z,189,Shepherd,COV,MID,44,-1,-1,0.3,2343,2812,6355,12724,a,,,,,,,,0.0,0,0,0,0,0,0,0,0,0,0,0,0,0,0.00,0.00,0.00,0.00,0.0,0.0
2026-09-18T16:59:08+00:00,2026-09-18,deadline,5,2026-09-18T17:30:00Z,190,Tchaouna,COV,MID,54,0,-1,0.1,37,1040,3114,7820,a,,,,,,,3,1.0,0,4,166,2,0,0,0,3,0,15,5,1,9,0.19,0.18,0.37,2.73,1.0,1.0
2026-09-18T16:59:08+00:00,2026-09-18,deadline,5,2026-09-18T17:30:00Z,191,Borges Rodrigues,COV,MID,45,0,0,0.1,0,1875,1943,10764,u,Has joined Burton Albion on loan for the rest of the season,2026-09-02T15:44:14.868001Z,0,0,,,,0.0,0,0,0,0,0,0,0,0,0,0,0,0,0,0.00,0.00,0.00,0.00,0.0,0.0
2026-09-18T16:59:08+00:00,2026-09-18,deadline,5,2026-09-18T17:30:00Z,192,Andrews,COV,MID,45,0,0,0.3,0,5584,2718,38886,u,Has joined Oxford United on loan for the rest of the season,2026-08-29T00:35:59.998520Z,0,0,,,,0.0,0,0,0,0,0,0,0,0,0,0,0,0,0,0.00,0.00,0.00,0.00,0.0,0.0
2026-09-18T16:59:08+00:00,2026-09-18,deadline,5,2026-09-18T17:30:00Z,193,Wright,COV,FWD,54,0,-1,0.1,94,1209,564,11888,i,Thigh injury - Unknown return date,2026-08-14T22:00:07.214508Z,0,0,1,,,0.0,0,0,0,0,0,0,0,0,0,0,0,0,0,0.00,0.00,0.00,0.00,0.0,0.0
2026-09-18T16:59:08+00:00,2026-09-18,deadline,5,2026-09-18T17:30:00Z,194,Thomas-Asante,COV,FWD,50,0,0,0.8,8213,12468,50350,50529,a,,,,,4,,,1.2,1,5,137,1,0,0,0,6,0,11,6,0,5,0.21,0.05,0.26,3.88,1.2,1.2
2026-09-18T16:59:08+00:00,2026-09-18,deadline,5,2026-09-18T17:30:00Z,195,Simms,COV,FWD,50,0,0,0.7,2798,12778,38397,58571,a,,,,,,,,0.8,0,3,88,1,0,0,0,3,0,3,1,0,2,0.30,0.01,0.31,2.55,0.8,0.8
2026-09-18T16:59:08+00:00,2026-09-18,deadline,5,2026-09-18T17:30:00Z,196,Markelo,COV,FWD,50,0,0,0.0,0,103,0,1125,u,Has joined Shabab Al-Ahli Dubai permanently,2026-08-17T13:53:55.791223Z,0,0,,,,0.0,0,0,0,0,0,0,0,0,0,0,0,0,0,0.00,0.00,0.00,0.00,0.0,0.0
2026-09-18T16:59:08+00:00,2026-09-18,deadline,5,2026-09-18T17:30:00Z,197,Bassette,COV,FWD,45,0,0,0.0,0,263,0,1949,u,Has joined KVC Westerlo on loan for the rest of the season,2026-07-28T12:58:50.001768Z,0,0,,,,0.0,0,0,0,0,0,0,0,0,0,0,0,0,0,0.00,0.00,0.00,0.00,0.0,0.0
2026-09-18T16:59:08+00:00,2026-09-18,deadline,5,2026-09-18T17:30:00Z,492,Awoniyi,COV,FWD,55,0,0,0.4,573,21119,21260,58867,s,Suspended until 19 Oct,2026-09-13T15:00:09.305127Z,,0,5,,,0.8,-2,3,232,3,0,0,0,7,0,11,3,1,7,1.30,0.04,1.34,3.55,0.8,0.0
2026-09-18T16:59:08+00:00,2026-09-18,deadline,5,2026-09-18T17:30:00Z,575,Yirenkyi,COV,MID,49,0,-1,0.1,234,2591,2650,12512,a,,,,,,,,1.5,1,6,175,2,0,0,1,5,0,16,5,0,11,0.03,0.14,0.17,3.17,1.5,1.5
2026-09-18T16:59:08+00:00,2026-09-18,deadline,5,2026-09-18T17:30:00Z,584,Hamer,COV,MID,54,0,-1,0.1,64,958,750,5954,a,,,,,,,4,0.8,0,3,32,0,0,0,0,1,0,3,0,1,2,0.00,0.02,0.02,0.82,0.8,0.8
2026-09-18T16:59:08+00:00,2026-09-18,deadline,5,2026-09-18T17:30:00Z,599,Cherif,COV,FWD,50,0,0,0.1,1601,1437,6875,6796,a,,,,,,,,0.2,1,1,30,0,0,0,0,3,0,1,1,0,0,0.00,0.00,0.00,1.43,0.2,0.2
2026-09-18T16:59:08+00:00,2026-09-18,deadline,5,2026-09-18T17:30:00Z,623,Bentley,COV,GKP,40,0,0,0.6,12090,2777,69153,16698,a,,,,,,,,0.0,0,0,0,0,0,0,0,0,0,0,0,0,0,0.00,0.00,0.00,0.00,0.0,0.0
2026-09-18T16:59:08+00:00,2026-09-18,deadline,5,2026-09-18T17:30:00Z,655,Gboho,COV,MID,55,0,0,0.0,129,41,194,48,a,,,,,,,,0.0,0,0,0,0,0,0,0,0,0,0,0,0,0,0.00,0.00,0.00,0.00,2.0,2.0
2026-09-18T16:59:08+00:00,2026-09-18,deadline,5,2026-09-18T17:30:00Z,656,Mfuni,COV,DEF,40,0,0,0.1,5459,1505,8270,1772,a,,,,,,,,0.0,0,0,0,0,0,0,0,0,0,0,0,0,0,0.00,0.00,0.00,0.00,1.1,1.1
2026-09-18T16:59:08+00:00,2026-09-18,deadline,5,2026-09-18T17:30:00Z,42,Guessand,CRY,MID,54,-1,-1,0.0,310,780,2284,3349,a,,,,,,,,0.5,0,2,54,0,0,0,0,1,0,2,1,1,0,0.03,0.03,0.06,0.34,0.5,0.5
2026-09-18T16:59:08+00:00,2026-09-18,deadline,5,2026-09-18T17:30:00Z,153,Disasi,CRY,DEF,45,0,0,0.1,152,5093,9396,9436,s,Suspended until 25 Oct,2026-09-12T15:30:09.445078Z,,0,,,,0.2,-3,1,139,2,0,0,0,6,0,20,15,5,11,0.00,0.04,0.04,3.72,0.2,0.0
2026-09-18T16:59:08+00:00,2026-09-18,deadline,5,2026-09-18T17:30:00Z,198,Henderson,CRY,GKP,50,0,0,1.4,208,58455,55124,107441,i,Foot injury - Expected back 11 Oct,2026-09-12T14:00:09.378740Z,100,0,,,,1.2,0,5,270,3,0,0,0,8,12,0,6,0,31,0.00,0.00,0.00,6.47,1.2,0.0
2026-09-18T16:59:08+00:00,2026-09-18,deadline,5,2026-09-18T17:30:00Z,199,Benitez,CRY,GKP,45,0,0,0.1,1361,775,3040,4397,a,,,,,,,,0.5,2,2,90,1,0,0,0,3,3,0,1,0,7,0.00,0.00,0.00,1.68,0.5,0.5
2026-09-18T16:59:08+00:00,2026-09-18,deadline,5,2026-09-18T17:30:00Z,202,Richards,CRY,DEF,50,0,0,0.6,1813,9195,20871,35428,a,,,,,,,,1.5,2,6,360,4,0,0,0,11,0,44,38,6,13,0.08,0.06,0.14,8.15,1.5,1.5
2026-09-18T16:59:08+00:00,2026-09-18,deadline,5,2026-09-18T17:30:00Z,203,Canvot,CRY,DEF,49,0,-1,0.2,256,4516,5339,18450,a,,,,,,,,0.5,0,2,270,3,0,0,0,8,0,24,17,7,6,0.05,0.01,0.06,6.47,0.5,0.5
2026-09-18T16:59:08+00:00,2026-09-18,deadline,5,2026-09-18T17:30:00Z,204,Mitchell,CRY,DEF,45,0,0,6.0,21255,70968,296009,245650,a,,,,,,,,4.2,1,17,329,4,2,0,0,10,0,17,11,6,15,0.77,0.24,1.01,7.03,4.2,4.2
2026-09-18T16:59:08+00:00,2026-09-18,deadline,5,2026-09-18T17:30:00Z,205,Sosa,CRY,DEF,45,0,0,0.0,0,267,236,1962,u,Has joined FC Cologne on loan for the rest of the season,2026-09-02T16:03:25.710518Z,0,0,,,,0.0,0,0,0,0,0,0,0,0,0,0,0,0,0,0.00,0.00,0.00,0.00,0.0,0.0
2026-09-18T16:59:08+00:00,2026-09-18,deadline,5,2026-09-18T17:30:00Z,206,Chadi Riad,CRY,DEF,44,0,-1,0.0,52,373,623,5541,i,Knee injury - Unknown return date,2026-08-22T18:00:07.352049Z,0,0,,,,0.2,0,1,72,1,0,0,0,2,0,7,6,1,3,0.00,0.01,0.01,0.98,0.0,0.0
2026-09-18T16:59:08+00:00,2026-09-18,deadline,5,2026-09-18T17:30:00Z,207,Mingueza,CRY,DEF,44,0,-1,0.1,246,924,1906,4522,a,,,,,,,,0.5,0,2,16,0,0,0,0,1,0,2,0,2,1,0.00,0.00,0.00,0.33,0.5,0.5
2026-09-18T16:59:08+00:00,2026-09-18,deadline,5,2026-09-18T17:30:00Z,208,Sarr,CRY,MID,62,-1,-3,0.6,1245,12030,3856,374093,a,,2026-08-22T18:00:07.363165Z,0,100,2,,,0.0,0,0,0,0,0,0,0,0,0,0,0,0,0,0.00,0.00,0.00,0.00,0.0,0.0
2026-09-18T16:59:08+00:00,2026-09-18,deadline,5,2026-09-18T17:30:00Z,210,Wharton,CRY,MID,55,0,0,0.8,2743,11528,28323,43643,a,,2026-07-23T12:01:23.498963Z,100,100,,,2,2.5,2,10,346,4,0,0,0,10,0,34,12,8,14,0.08,0.36,0.44,7.60,2.5,2.5
2026-09-18T16:59:08+00:00,2026-09-18,deadline,5,2026-09-18T17:30:00Z,211,Yeremy,CRY,MID,55,0,0,0.4,1837,13540,44453,27776,a,,,,,,1,1,3.0,1,12,226,3,0,2,0,6,0,21,3,5,13,0.36,0.40,0.76,5.67,3.0,3.0
2026-09-18T16:59:08+00:00,2026-09-18,deadline,5,2026-09-18T17:30:00Z,212,Hughes,CRY,MID,44,-1,-1,7.7,27692,96579,112080,434259,a,,,,,,,4,0.5,1,2,29,0,0,0,0,1,0,7,3,1,3,0.00,0.04,0.04,1.12,0.5,0.5
2026-09-18T16:59:08+00:00,2026-09-18,deadline,5,2026-09-18T17:30:00Z,213,Lerma,CRY,MID,49,0,-1,0.1,176,826,1203,5151,a,,,,,,,,0.2,1,1,6,0,0,0,0,1,0,1,1,0,0,0.00,0.00,0.00,0.48,0.2,0.2
2026-09-18T16:59:08+00:00,2026-09-18,deadline,5,2026-09-18T17:30:00Z,214,Kamada,CRY,MID,50,0,0,0.5,21662,7596,46008,21366,a,,,,,,,3,4.5,8,18,351,4,0,3,0,10,0,28,4,10,14,0.05,0.35,0.40,7.54,4.5,4.5
2026-09-18T16:59:08+00:00,2026-09-18,deadline,5,2026-09-18T17:30:00Z,215,Devenny,CRY,MID,50,0,0,0.0,0,120,132,910,u,Has joined Stoke City permanently,2026-09-02T15:41:07.346849Z,0,0,3,2,,0.0,0,0,0,0,0,0,0,0,0,0,0,0,0,0.00,0.00,0.00,0.00,0.0,0.0
2026-09-18T16:59:08+00:00,2026-09-18,deadline,5,2026-09-18T17:30:00Z,216,Esse,CRY,MID,50,0,0,0.0,0,395,399,3101,u,Has joined Millwall on loan for the rest of the season,2026-09-02T15:41:07.376544Z,0,0,,,,0.0,0,0,0,0,0,0,0,0,0,0,0,0,0,0.00,0.00,0.00,0.00,0.0,0.0
2026-09-18T16:59:08+00:00,2026-09-18,deadline,5,2026-09-18T17:30:00Z,217,M.França,CRY,MID,49,0,-1,0.0,0,659,1007,3266,u,Has joined Alverca on loan for the rest of the season,2026-09-11T14:42:19.322912Z,0,0,,,,0.0,0,0,0,0,0,0,0,0,0,0,0,0,0,0.00,0.00,0.00,0.00,0.0,0.0
2026-09-18T16:59:08+00:00,2026-09-18,deadline,5,2026-09-18T17:30:00Z,218,Doucouré,CRY,MID,49,0,-1,0.0,263,819,1965,4136,a,,,,,,,,0.0,0,0,0,0,0,0,0,0,0,0,0,0,0,0.00,0.00,0.00,0.00,0.0,0.0
2026-09-18T16:59:08+00:00,2026-09-18,deadline,5,2026-09-18T17:30:00Z,219,J.Rak-Sakyi,CRY,MID,49,0,-1,0.0,0,98,145,439,u,has joined  Kasimpasa on loan for the rest of the seaon.,2026-09-10T09:12:47.224598Z,0,0,,,,0.0,0,0,0,0,0,0,0,0,0,0,0,0,0,0.00,0.00,0.00,0.00,0.0,0.0
2026-09-18T16:59:08+00:00,2026-09-18,deadline,5,2026-09-18T17:30:00Z,220,Cardines,CRY,DEF,45,0,0,0.0,0,8,0,125,u,Has joined Bristol City on loan for the rest of the season,2026-08-12T14:08:46.501813Z,0,0,,,,0.0,0,0,0,0,0,0,0,0,0,0,0,0,0,0.00,0.00,0.00,0.00,0.0,0.0
2026-09-18T16:59:08+00:00,2026-09-18,deadline,5,2026-09-18T17:30:00Z,221,Drakes-Thomas,CRY,MID,45,0,0,0.1,350,963,2538,4218,a,,,,,,,,0.0,0,0,0,0,0,0,0,0,0,0,0,0,0,0.00,0.00,0.00,0.00,0.0,0.0
2026-09-18T16:59:08+00:00,2026-09-18,deadline,5,2026-09-18T17:30:00Z,222,Strand Larsen,CRY,FWD,60,0,0,0.6,14583,10658,44617,36574,a,,,,,,,,3.0,8,12,217,2,1,0,0,5,0,10,3,2,5,0.39,0.03,0.42,4.89,3.0,3.0
2026-09-18T16:59:08+00:00,2026-09-18,deadline,5,2026-09-18T17:30:00Z,223,Mateta,CRY,FWD,63,-1,-2,1.4,225,28296,25746,444249,i,Hamstring injury - Expected back 11 Oct,2026-08-28T21:00:08.020382Z,0,0,1,,,0.5,0,2,62,1,0,0,0,2,0,5,1,2,2,0.70,0.02,0.72,0.98,0.0,0.0
2026-09-18T16:59:08+00:00,2026-09-18,deadline,5,2026-09-18T17:30:00Z,224,Nketiah,CRY,FWD,55,0,0,0.5,948,22469,45903,46137,a,,2026-09-12T14:00:09.427136Z,,100,,,,1.8,0,7,167,3,0,1,0,7,0,11,2,4,5,1.10,0.58,1.68,4.45,1.8,1.8
2026-09-18T16:59:08+00:00,2026-09-18,deadline,5,2026-09-18T17:30:00Z,225,Uche,CRY,FWD,50,0,0,0.0,0,0,0,0,u,has returned to Getafe CF,2026-07-23T12:18:56.275922Z,0,0,,,,0.0,0,0,0,0,0,0,0,0,0,0,0,0,0,0.00,0.00,0.00,0.00,0.0,0.0
2026-09-18T16:59:08+00:00,2026-09-18,deadline,5,2026-09-18T17:30:00Z,241,McNeil,CRY,MID,54,0,-1,0.1,181,1503,1703,7673,a,,,,,,,,0.8,0,3,84,1,0,0,0,3,0,7,4,0,3,0.05,0.02,0.07,1.18,0.8,0.8
2026-09-18T16:59:08+00:00,2026-09-18,deadline,5,2026-09-18T17:30:00Z,555,Matthews,CRY,GKP,40,0,0,1.7,3360,5668,22083,28315,a,,,,,,,,0.0,0,0,0,0,0,0,0,0,0,0,0,0,0,0.00,0.00,0.00,0.00,0.0,0.0
2026-09-18T16:59:08+00:00,2026-09-18,deadline,5,2026-09-18T17:30:00Z,577,Tomiyasu,CRY,DEF,44,-1,-1,0.3,470,2745,3302,12041,a,,,,,,,,0.5,0,2,144,1,0,0,0,5,0,14,12,2,7,0.00,0.02,0.02,3.44,0.5,0.5
2026-09-18T16:59:08+00:00,2026-09-18,deadline,5,2026-09-18T17:30:00Z,588,Khalaili,CRY,DEF,50,0,0,0.3,5664,6244,32543,13967,a,,,,,,,,3.2,7,13,289,3,1,0,0,8,0,38,19,19,15,0.96,0.31,1.27,7.10,3.2,3.2
2026-09-18T16:59:08+00:00,2026-09-18,deadline,5,2026-09-18T17:30:00Z,595,Gozo,CRY,MID,50,0,0,0.0,78,189,447,784,a,,,,,,,,0.5,1,2,28,0,0,0,0,2,0,1,0,1,0,0.00,0.00,0.00,0.68,0.5,0.5
2026-09-18T16:59:08+00:00,2026-09-18,deadline,5,2026-09-18T17:30:00Z,633,Ahanor,CRY,DEF,45,0,0,0.0,693,236,1758,448,a,,,,,,,,1.5,3,3,90,1,0,0,0,3,0,11,9,2,4,0.00,0.01,0.01,1.68,1.5,1.5
2026-09-18T16:59:08+00:00,2026-09-18,deadline,5,2026-09-18T17:30:00Z,643,Chilwell,CRY,DEF,45,0,0,0.5,3186,9184,42471,14937,a,,,,,,,,4.0,1,8,29,0,1,0,0,1,0,1,1,0,0,0.27,0.01,0.28,1.12,4.0,4.0
2026-09-18T16:59:08+00:00,2026-09-18,deadline,5,2026-09-18T17:30:00Z,644,Timber,CRY,MID,50,0,0,0.0,1369,612,3782,1176,a,,,,,,,,3.0,4,6,163,2,0,0,0,5,0,22,4,9,9,0.12,0.03,0.15,4.25,3.0,3.0
2026-09-18T16:59:08+00:00,2026-09-18,deadline,5,2026-09-18T17:30:00Z,647,Osorio,CRY,MID,55,0,0,0.0,78,164,917,329,a,,,,,,,,0.5,0,1,1,0,0,0,0,0,0,1,0,1,0,0.00,0.00,0.00,0.13,0.5,0.5
2026-09-18T16:59:08+00:00,2026-09-18,deadline,5,2026-09-18T17:30:00Z,21,Nørgaard,EVE,MID,49,0,-1,0.0,43,748,437,7067,i,Groin injury - Unknown return date,2026-08-15T20:00:06.779594Z,0,0,,,,0.0,0,0,0,0,0,0,0,0,0,0,0,0,0,0.00,0.00,0.00,0.00,0.0,0.0
2026-09-18T16:59:08+00:00,2026-09-18,deadline,5,2026-09-18T17:30:00Z,209,Johnson,EVE,MID,59,0,-1,0.1,2210,1400,4797,9654,a,,,,,,,,1.5,3,6,173,2,0,0,1,1,0,18,7,4,7,0.21,0.22,0.43,2.67,1.5,1.5
2026-09-18T16:59:08+00:00,2026-09-18,deadline,5,2026-09-18T17:30:00Z,226,Pickford,EVE,GKP,55,0,0,9.3,74451,39910,264239,219003,a,,,,,,,,4.2,6,17,360,4,0,0,2,3,11,0,6,0,46,0.00,0.02,0.02,5.50,4.2,4.2
2026-09-18T16:59:08+00:00,2026-09-18,deadline,5,2026-09-18T17:30:00Z,227,Travers,EVE,GKP,50,0,0,0.0,558,449,1540,1849,a,,,,,,,,0.0,0,0,0,0,0,0,0,0,0,0,0,0,0,0.00,0.00,0.00,0.00,0.0,0.0
2026-09-18T16:59:08+00:00,2026-09-18,deadline,5,2026-09-18T17:30:00Z,228,King,EVE,GKP,45,0,0,0.0,234,285,1058,1556,a,,,,,,,,0.0,0,0,0,0,0,0,0,0,0,0,0,0,0,0.00,0.00,0.00,0.00,0.0,0.0
2026-09-18T16:59:08+00:00,2026-09-18,deadline,5,2026-09-18T17:30:00Z,229,Tarkowski,EVE,DEF,61,1,1,14.7,282831,47408,700774,261793,a,,,,,,,,7.2,8,29,360,4,1,0,2,3,0,39,29,10,13,0.17,0.03,0.20,5.50,7.2,7.2
2026-09-18T16:59:08+00:00,2026-09-18,deadline,5,2026-09-18T17:30:00Z,230,Branthwaite,EVE,DEF,55,0,0,2.3,48089,12745,118165,64017,a,,,,,,,,4.8,6,19,360,4,0,0,2,3,0,40,35,5,11,0.17,0.02,0.19,5.50,4.8,4.8
2026-09-18T16:59:08+00:00,2026-09-18,deadline,5,2026-09-18T17:30:00Z,231,Keane,EVE,DEF,48,-1,-2,0.8,2004,11835,8826,86425,a,,,,,,,,0.0,0,0,0,0,0,0,0,0,0,0,0,0,0,0.00,0.00,0.00,0.00,0.0,0.0
2026-09-18T16:59:08+00:00,2026-09-18,deadline,5,2026-09-18T17:30:00Z,232,O'Brien,EVE,DEF,49,0,-1,0.3,1203,2660,4201,23358,a,,,,,,,,0.2,1,1,15,0,0,0,0,0,0,1,1,0,1,0.00,0.00,0.00,0.26,0.2,0.2
2026-09-18T16:59:08+00:00,2026-09-18,deadline,5,2026-09-18T17:30:00Z,233,Mykolenko,EVE,DEF,45,0,0,4.1,224985,23122,357571,95453,a,,,,,,,,5.5,11,22,360,4,0,0,2,3,0,33,22,11,19,0.00,0.14,0.14,5.50,5.5,5.5
2026-09-18T16:59:08+00:00,2026-09-18,deadline,5,2026-09-18T17:30:00Z,234,Patterson,EVE,DEF,45,0,0,0.0,0,313,371,2305,u,Has joined Torino permanently,2026-09-02T16:05:23.326971Z,0,0,,,,0.0,0,0,0,0,0,0,0,0,0,0,0,0,0,0.00,0.00,0.00,0.00,0.0,0.0
2026-09-18T16:59:08+00:00,2026-09-18,deadline,5,2026-09-18T17:30:00Z,235,Aznou,EVE,DEF,40,0,0,0.1,0,1602,1728,10549,u,Has joined Malaga on loan for the rest of the season,2026-09-01T13:23:16.934847Z,0,0,,,,0.0,0,0,0,0,0,0,0,0,0,0,0,0,0,0.00,0.00,0.00,0.00,0.0,0.0
2026-09-18T16:59:08+00:00,2026-09-18,deadline,5,2026-09-18T17:30:00Z,236,Dewsbury-Hall,EVE,MID,65,0,0,6.6,201637,57530,536285,277334,a,,,,,,,2,4.2,2,17,360,4,1,0,2,3,0,35,5,9,21,0.62,0.49,1.11,5.46,4.2,4.2
2026-09-18T16:59:08+00:00,2026-09-18,deadline,5,2026-09-18T17:30:00Z,238,Grealish,EVE,MID,65,0,0,0.4,9824,5860,36555,20106,a,,2026-07-29T10:00:10.492904Z,100,100,,,,0.8,1,3,57,0,0,0,0,1,0,6,2,3,1,0.02,0.14,0.16,0.61,0.8,0.8
2026-09-18T16:59:08+00:00,2026-09-18,deadline,5,2026-09-18T17:30:00Z,239,Garner,EVE,MID,60,0,0,0.2,11751,3128,18951,11804,a,,2026-09-06T18:00:08.301702Z,100,100,2,1,1,2.0,4,8,238,3,0,0,1,2,0,36,5,11,20,0.04,0.13,0.17,2.01,2.0,2.0
2026-09-18T16:59:08+00:00,2026-09-18,deadline,5,2026-09-18T17:30:00Z,242,George,EVE,MID,55,0,0,1.0,48301,10587,102406,31294,a,,,,,,,,4.5,3,18,298,4,1,0,2,3,0,16,5,1,10,0.32,0.31,0.63,3.33,4.5,4.5
2026-09-18T16:59:08+00:00,2026-09-18,deadline,5,2026-09-18T17:30:00Z,243,Alcaraz,EVE,MID,49,0,-1,0.1,518,996,2680,5398,a,,,,,,,,0.2,0,1,5,0,0,0,0,0,0,3,0,1,2,0.05,0.02,0.07,0.04,0.2,0.2
2026-09-18T16:59:08+00:00,2026-09-18,deadline,5,2026-09-18T17:30:00Z,244,Armstrong,EVE,MID,50,0,0,0.4,5913,8492,53023,28988,d,Unspecified injury - 75% chance of playing,2026-09-17T08:30:08.942299Z,,75,,,,3.5,3,14,356,4,0,1,2,3,0,35,12,6,17,0.09,0.12,0.21,5.50,3.5,2.6
2026-09-18T16:59:08+00:00,2026-09-18,deadline,5,2026-09-18T17:30:00Z,245,Dibling,EVE,MID,54,0,-1,0.0,278,364,1045,2488,a,,,,,,,,0.0,0,0,0,0,0,0,0,0,0,0,0,0,0,0.00,0.00,0.00,0.00,0.0,0.0
2026-09-18T16:59:08+00:00,2026-09-18,deadline,5,2026-09-18T17:30:00Z,246,Röhl,EVE,MID,49,-1,-1,0.0,284,1189,1954,4033,i,Unspecified injury - Expected back 11 Oct,2026-09-16T18:00:09.541933Z,,0,,,,1.5,0,6,249,3,0,0,1,2,0,24,6,5,13,0.00,0.20,0.20,4.52,1.5,0.0
2026-09-18T16:59:08+00:00,2026-09-18,deadline,5,2026-09-18T17:30:00Z,247,Hackney,EVE,MID,55,0,0,0.2,710,1904,3535,10782,a,,2026-08-26T22:00:07.797766Z,100,100,,,3,2.2,1,9,136,1,0,1,1,1,0,12,4,3,5,0.05,0.13,0.18,3.75,2.2,2.2
2026-09-18T16:59:08+00:00,2026-09-18,deadline,5,2026-09-18T17:30:00Z,248,Beto,EVE,FWD,54,0,-1,0.7,0,24385,16222,211391,u,Has joined Fiorentina permanently,2026-09-02T16:05:23.357221Z,0,0,,,,0.5,0,2,31,0,0,0,0,0,0,1,1,0,0,0.09,0.00,0.09,1.92,0.0,0.0
2026-09-18T16:59:08+00:00,2026-09-18,deadline,5,2026-09-18T17:30:00Z,249,Barry,EVE,FWD,56,0,1,8.1,234978,81399,854922,315245,a,,,,,1,,,3.5,2,14,327,4,1,0,2,3,0,12,3,1,8,2.98,0.14,3.12,3.58,3.5,3.5
2026-09-18T16:59:08+00:00,2026-09-18,deadline,5,2026-09-18T17:30:00Z,649,Maitland-Niles,EVE,DEF,45,0,0,1.0,51415,5869,70379,9699,a,,,,,,,,6.5,6,13,87,1,1,0,1,1,0,5,3,2,4,0.06,0.14,0.20,0.72,6.5,6.5
2026-09-18T16:59:08+00:00,2026-09-18,deadline,5,2026-09-18T17:30:00Z,654,Graham,EVE,MID,45,0,0,0.1,1565,2208,11026,4269,a,,,,,,,,0.0,0,0,0,0,0,0,0,0,0,0,0,0,0,0.00,0.00,0.00,0.00,0.0,0.0
2026-09-18T16:59:08+00:00,2026-09-18,deadline,5,2026-09-18T17:30:00Z,250,Leno,FUL,GKP,45,0,0,3.1,35942,16726,109466,90356,a,,,,,,,,3.8,9,15,360,4,0,0,1,7,11,0,4,0,33,0.00,0.00,0.00,7.51,3.8,3.8
2026-09-18T16:59:08+00:00,2026-09-18,deadline,5,2026-09-18T17:30:00Z,251,Lecomte,FUL,GKP,40,0,0,1.1,3472,4106,22565,23255,a,,,,,,,,0.0,0,0,0,0,0,0,0,0,0,0,0,0,0,0.00,0.00,0.00,0.00,0.0,0.0
2026-09-18T16:59:08+00:00,2026-09-18,deadline,5,2026-09-18T17:30:00Z,252,McNally,FUL,GKP,40,0,0,0.1,0,877,2589,5965,u,Has joined York City on loan for the rest of the season,2026-09-01T13:25:11.231240Z,0,0,,,,0.0,0,0,0,0,0,0,0,0,0,0,0,0,0,0.00,0.00,0.00,0.00,0.0,0.0
2026-09-18T16:59:08+00:00,2026-09-18,deadline,5,2026-09-18T17:30:00Z,253,Andersen,FUL,DEF,50,0,0,0.1,1772,2017,11815,8050,a,,2026-07-23T12:01:23.516350Z,100,100,,,,0.5,0,2,180,2,0,0,0,4,0,15,13,2,9,0.00,0.10,0.10,3.99,0.5,0.5
2026-09-18T16:59:08+00:00,2026-09-18,deadline,5,2026-09-18T17:30:00Z,254,Robinson,FUL,DEF,45,0,0,1.4,10999,10873,41915,63569,a,,,,,2,,,2.5,6,10,339,4,0,0,1,7,0,24,14,10,16,0.26,0.21,0.47,7.48,2.5,2.5
2026-09-18T16:59:08+00:00,2026-09-18,deadline,5,2026-09-18T17:30:00Z,255,J.Cuenca,FUL,DEF,45,0,0,0.0,86,324,1477,1885,a,,,,,,,,0.8,0,3,90,1,0,0,0,3,0,10,9,1,3,0.00,0.03,0.03,2.24,0.8,0.8
2026-09-18T16:59:08+00:00,2026-09-18,deadline,5,2026-09-18T17:30:00Z,256,Tete,FUL,DEF,44,0,-1,0.2,324,1930,1329,9302,i,Concussion - Expected back 10 Oct,2026-09-18T12:30:09.546158Z,,0,,,,0.0,0,0,27,0,0,0,0,0,0,3,3,0,0,0.00,0.00,0.00,0.65,0.0,0.0
2026-09-18T16:59:08+00:00,2026-09-18,deadline,5,2026-09-18T17:30:00Z,257,Bassey,FUL,DEF,45,0,0,0.7,3557,3776,20913,28009,a,,,,,,,,2.2,6,9,360,4,0,0,1,7,0,21,17,4,15,0.07,0.07,0.14,7.51,2.2,2.2
2026-09-18T16:59:08+00:00,2026-09-18,deadline,5,2026-09-18T17:30:00Z,258,Castagne,FUL,DEF,45,0,0,0.8,13545,7362,76058,38477,a,,,,,,,,4.8,6,19,318,4,0,2,2,6,0,20,14,6,14,0.67,0.38,1.05,5.21,4.8,4.8
2026-09-18T16:59:08+00:00,2026-09-18,deadline,5,2026-09-18T17:30:00Z,261,Iwobi,FUL,MID,54,0,-1,0.7,2993,9218,18838,52000,a,,,,,3,1,1,2.2,3,9,338,4,0,0,1,7,0,22,4,4,14,0.20,0.81,1.01,7.04,2.2,2.2
2026-09-18T16:59:08+00:00,2026-09-18,deadline,5,2026-09-18T17:30:00Z,262,Smith Rowe,FUL,MID,54,0,-1,0.2,565,3374,4181,19542,a,,,,,,,,0.8,1,3,38,0,0,0,0,0,0,3,1,0,2,0.06,0.02,0.08,0.87,0.8,0.8
2026-09-18T16:59:08+00:00,2026-09-18,deadline,5,2026-09-18T17:30:00Z,263,Kevin,FUL,MID,53,-1,-2,0.0,574,648,1782,3914,a,,,,,,,4,0.8,1,3,42,0,0,0,0,0,0,6,0,3,3,0.03,0.12,0.15,0.74,0.8,0.8
2026-09-18T16:59:08+00:00,2026-09-18,deadline,5,2026-09-18T17:30:00Z,264,Bobb,FUL,MID,55,0,0,0.3,2637,3759,13898,18989,a,,,,,,,2,2.5,3,10,273,4,0,0,2,6,0,22,4,6,12,0.32,1.05,1.37,5.07,2.5,2.5
2026-09-18T16:59:08+00:00,2026-09-18,deadline,5,2026-09-18T17:30:00Z,265,Berge,FUL,MID,49,0,-1,0.3,1596,3080,5684,16640,a,,,,,,,,2.0,3,8,273,3,0,0,1,5,0,17,5,4,8,0.03,0.34,0.37,6.18,2.0,2.0
2026-09-18T16:59:08+00:00,2026-09-18,deadline,5,2026-09-18T17:30:00Z,266,Cairney,FUL,MID,49,-1,-1,0.0,15,58,101,308,i,Knee injury - Expected back 10 Oct,2026-08-14T18:00:06.460944Z,0,0,,,,0.0,0,0,0,0,0,0,0,0,0,0,0,0,0,0.00,0.00,0.00,0.00,0.0,0.0
2026-09-18T16:59:08+00:00,2026-09-18,deadline,5,2026-09-18T17:30:00Z,268,King,FUL,MID,55,0,0,1.9,98941,25366,238355,77484,a,,,,,,,,5.5,3,22,346,4,2,0,1,7,0,23,4,7,12,1.16,0.43,1.59,7.04,5.5,5.5
2026-09-18T16:59:08+00:00,2026-09-18,deadline,5,2026-09-18T17:30:00Z,269,Sessegnon,FUL,DEF,44,0,-1,0.3,228,5089,2443,17497,d,Groin injury - 75% chance of playing,2026-09-14T11:30:07.403957Z,,75,,,3,0.8,0,3,50,0,0,0,0,1,0,3,2,1,3,0.13,0.44,0.57,1.80,0.8,0.6
2026-09-18T16:59:08+00:00,2026-09-18,deadline,5,2026-09-18T17:30:00Z,270,Reed,FUL,MID,44,-1,-1,1.2,15921,16026,33198,65606,a,,,,,,,,0.0,0,0,0,0,0,0,0,0,0,0,0,0,0,0.00,0.00,0.00,0.00,0.0,0.0
2026-09-18T16:59:08+00:00,2026-09-18,deadline,5,2026-09-18T17:30:00Z,271,Muniz,FUL,FWD,54,0,-1,0.4,3370,6101,14215,32215,a,,,,,,,,0.8,1,3,28,0,0,0,0,0,0,2,2,0,0,0.40,0.00,0.40,0.49,0.8,0.8
2026-09-18T16:59:08+00:00,2026-09-18,deadline,5,2026-09-18T17:30:00Z,272,Kusi-Asare,FUL,FWD,45,0,0,5.6,29201,67568,148486,264529,a,,,,,,,,0.0,0,0,0,0,0,0,0,0,0,0,0,0,0,0.00,0.00,0.00,0.00,0.0,0.0
2026-09-18T16:59:08+00:00,2026-09-18,deadline,5,2026-09-18T17:30:00Z,569,Gonzalo,FUL,FWD,60,0,0,3.6,39782,71748,359220,276965,a,,,,,1,,,3.0,2,12,346,4,1,0,1,7,0,16,6,2,8,1.64,0.25,1.89,7.04,3.0,3.0
2026-09-18T16:59:08+00:00,2026-09-18,deadline,5,2026-09-18T17:30:00Z,570,Palacios,FUL,MID,54,-1,-1,0.2,1846,2292,5217,9564,a,,,,,,,,2.8,0,11,207,3,1,0,0,6,0,13,3,2,8,0.98,0.03,1.01,4.97,2.8,2.8
2026-09-18T16:59:08+00:00,2026-09-18,deadline,5,2026-09-18T17:30:00Z,580,Charles,FUL,MID,50,0,0,0.1,722,664,1710,3647,a,,,,,,,,2.2,5,9,213,2,0,0,1,4,0,33,12,2,19,0.09,0.14,0.23,5.05,2.2,2.2
2026-09-18T16:59:08+00:00,2026-09-18,deadline,5,2026-09-18T17:30:00Z,610,De Fougerolles,FUL,DEF,40,0,0,0.1,0,1151,5787,4729,u,has joined  Real Salt Lake on loan for the rest of the seaon.,2026-08-28T11:30:08.336405Z,0,0,,,,0.0,0,0,0,0,0,0,0,0,0,0,0,0,0,0.00,0.00,0.00,0.00,0.0,0.0
2026-09-18T16:59:08+00:00,2026-09-18,deadline,5,2026-09-18T17:30:00Z,626,Zepa,FUL,MID,45,0,0,0.3,989,4763,34160,16120,a,,,,,,,,0.0,0,0,0,0,0,0,0,0,0,0,0,0,0,0.00,0.00,0.00,0.00,0.0,0.0
2026-09-18T16:59:08+00:00,2026-09-18,deadline,5,2026-09-18T17:30:00Z,635,Larsson,FUL,MID,50,0,0,0.0,187,120,741,228,a,,,,,,,,1.0,1,2,24,0,0,0,0,0,0,2,0,1,1,0.13,0.23,0.36,0.46,1.0,1.0
2026-09-18T16:59:08+00:00,2026-09-18,deadline,5,2026-09-18T17:30:00Z,636,Ángel,FUL,MID,50,0,0,0.0,80,71,333,139,a,,,,,,,,0.0,0,0,0,0,0,0,0,0,0,0,0,0,0,0.00,0.00,0.00,0.00,0.0,0.0
2026-09-18T16:59:08+00:00,2026-09-18,deadline,5,2026-09-18T17:30:00Z,650,Affengruber,FUL,DEF,45,0,0,0.0,2326,479,2804,608,a,,,,,,,,4.0,8,8,90,1,0,0,1,0,0,12,11,1,3,0.00,0.00,0.00,1.28,4.0,4.0
2026-09-18T16:59:08+00:00,2026-09-18,deadline,5,2026-09-18T17:30:00Z,240,Iroegbunam,HUL,MID,50,0,0,0.0,368,267,1032,1008,a,,2026-08-15T20:00:06.878792Z,100,100,,,,0.2,0,1,25,0,0,0,0,0,0,2,1,1,0,0.00,0.00,0.00,0.35,0.2,0.2
2026-09-18T16:59:08+00:00,2026-09-18,deadline,5,2026-09-18T17:30:00Z,273,Phillips,HUL,GKP,40,0,0,1.4,4945,6555,25974,34702,a,,,,,,,,0.0,0,0,0,0,0,0,0,0,0,0,0,0,0,0.00,0.00,0.00,0.00,0.0,0.0
2026-09-18T16:59:08+00:00,2026-09-18,deadline,5,2026-09-18T17:30:00Z,274,Butland,HUL,GKP,45,0,0,0.1,108,552,568,4596,i,Arm injury - Unknown return date,2026-08-08T19:00:05.601633Z,0,0,,,,0.0,0,0,0,0,0,0,0,0,0,0,0,0,0,0.00,0.00,0.00,0.00,0.0,0.0
2026-09-18T16:59:08+00:00,2026-09-18,deadline,5,2026-09-18T17:30:00Z,275,Cartwright,HUL,GKP,40,0,0,0.0,0,41,0,302,u,Has joined Grimsby Town on loan for the rest of the season,2026-07-29T13:00:27.959925Z,0,0,,,,0.0,0,0,0,0,0,0,0,0,0,0,0,0,0,0.00,0.00,0.00,0.00,0.0,0.0
2026-09-18T16:59:08+00:00,2026-09-18,deadline,5,2026-09-18T17:30:00Z,276,Lo-Tutala,HUL,GKP,40,0,0,0.0,0,132,0,991,u,Has joined Colchester United on loan for the rest of the season,2026-08-17T13:50:27.125537Z,0,0,,,,0.0,0,0,0,0,0,0,0,0,0,0,0,0,0,0.00,0.00,0.00,0.00,0.0,0.0
2026-09-18T16:59:08+00:00,2026-09-18,deadline,5,2026-09-18T17:30:00Z,277,Egan,HUL,DEF,41,0,1,7.1,115559,42856,717937,185280,a,,,,,,,,6.2,2,25,360,4,0,0,3,2,0,55,48,7,11,0.04,0.00,0.04,5.96,6.2,6.2
2026-09-18T16:59:08+00:00,2026-09-18,deadline,5,2026-09-18T17:30:00Z,278,Hughes,HUL,DEF,39,-1,-1,0.3,15141,5508,15552,10838,i,Groin injury - Unknown return date,2026-08-02T09:00:11.030017Z,0,0,,,,0.0,0,0,0,0,0,0,0,0,0,0,0,0,0,0.00,0.00,0.00,0.00,0.0,0.0
2026-09-18T16:59:08+00:00,2026-09-18,deadline,5,2026-09-18T17:30:00Z,279,Ajayi,HUL,DEF,42,0,2,14.2,242598,84702,1303917,248087,a,,2026-08-22T17:30:07.668197Z,100,100,,,,6.5,1,26,333,4,1,0,3,2,0,23,19,4,11,0.65,0.00,0.65,4.99,6.5,6.5
2026-09-18T16:59:08+00:00,2026-09-18,deadline,5,2026-09-18T17:30:00Z,280,Coyle,HUL,DEF,40,0,0,0.7,11576,4277,25219,23672,a,,2026-08-29T16:30:08.151841Z,100,100,,,,3.2,1,13,258,4,0,0,2,2,0,9,7,2,8,0.13,0.03,0.16,4.78,3.2,3.2
2026-09-18T16:59:08+00:00,2026-09-18,deadline,5,2026-09-18T17:30:00Z,281,Drameh,HUL,DEF,40,0,0,0.0,0,647,2118,4236,u,Has joined Genoa permanently,2026-09-02T16:09:06.479140Z,0,0,,,,0.5,0,2,65,0,0,0,0,0,0,6,5,1,4,0.05,0.00,0.05,0.87,0.0,0.0
2026-09-18T16:59:08+00:00,2026-09-18,deadline,5,2026-09-18T17:30:00Z,282,Giles,HUL,DEF,40,0,0,3.0,136405,21995,252021,51451,a,,,,,,1,3,6.0,4,24,354,4,0,1,3,2,0,19,15,4,12,0.02,0.35,0.37,5.89,6.0,6.0
2026-09-18T16:59:08+00:00,2026-09-18,deadline,5,2026-09-18T17:30:00Z,283,Jacob,HUL,DEF,40,0,0,0.0,0,93,114,656,u,Has joined Newport County on loan until January,2026-08-02T09:00:11.038361Z,0,0,,,,0.0,0,0,0,0,0,0,0,0,0,0,0,0,0,0.00,0.00,0.00,0.00,0.0,0.0
2026-09-18T16:59:08+00:00,2026-09-18,deadline,5,2026-09-18T17:30:00Z,284,McCarthy,HUL,DEF,40,0,0,0.1,1341,917,4509,4128,a,,,,,,,,0.0,0,0,0,0,0,0,0,0,0,0,0,0,0,0.00,0.00,0.00,0.00,0.0,0.0
2026-09-18T16:59:08+00:00,2026-09-18,deadline,5,2026-09-18T17:30:00Z,285,McNair,HUL,DEF,40,0,0,0.1,701,893,2929,4285,a,,2026-09-09T13:30:08.327907Z,100,100,,,,0.2,0,1,26,0,0,0,0,0,0,2,2,0,1,0.00,0.00,0.00,0.96,0.2,0.2
2026-09-18T16:59:08+00:00,2026-09-18,deadline,5,2026-09-18T17:30:00Z,286,Belloumi,HUL,MID,51,1,1,4.5,352180,32654,419198,58782,a,,,,,,2,2,6.8,13,27,312,4,2,1,3,1,0,33,14,10,9,0.37,0.12,0.49,5.13,6.8,6.8
2026-09-18T16:59:08+00:00,2026-09-18,deadline,5,2026-09-18T17:30:00Z,287,Millar,HUL,MID,50,0,0,0.0,0,977,3178,7189,u,Has joined Birmingham on loan for the rest of the season,2026-09-02T15:36:41.038103Z,0,0,,,,1.5,0,6,50,0,1,0,0,0,0,4,2,1,1,0.58,0.00,0.58,0.87,0.0,0.0
2026-09-18T16:59:08+00:00,2026-09-18,deadline,5,2026-09-18T17:30:00Z,288,Dowell,HUL,MID,45,0,0,0.3,1520,4332,11724,19441,a,,,,,,,,0.0,0,0,0,0,0,0,0,0,0,0,0,0,0,0.00,0.00,0.00,0.00,0.0,0.0
2026-09-18T16:59:08+00:00,2026-09-18,deadline,5,2026-09-18T17:30:00Z,289,Crooks,HUL,MID,45,0,0,0.5,3977,6025,19260,35948,a,,2026-08-29T15:00:08.569326Z,100,100,,,,0.8,1,3,158,2,0,0,1,2,0,19,9,6,4,0.00,0.00,0.00,2.38,0.8,0.8
2026-09-18T16:59:08+00:00,2026-09-18,deadline,5,2026-09-18T17:30:00Z,290,Slater,HUL,MID,45,0,0,5.5,60725,60753,480972,238180,a,,,,,,,1,3.2,2,13,360,4,0,1,3,2,0,30,8,9,13,0.08,0.56,0.64,5.96,3.2,3.2
2026-09-18T16:59:08+00:00,2026-09-18,deadline,5,2026-09-18T17:30:00Z,291,Matazo,HUL,MID,45,0,0,0.0,65,86,349,434,i,Knee injury - Unknown return date,2026-07-23T12:01:23.532635Z,0,0,,,,0.0,0,0,0,0,0,0,0,0,0,0,0,0,0,0.00,0.00,0.00,0.00,0.0,0.0
2026-09-18T16:59:08+00:00,2026-09-18,deadline,5,2026-09-18T17:30:00Z,292,Ömür,HUL,MID,49,0,-1,0.0,284,308,1114,1477,a,,,,,,,,0.0,0,0,0,0,0,0,0,0,0,0,0,0,0,0.00,0.00,0.00,0.00,0.0,0.0
2026-09-18T16:59:08+00:00,2026-09-18,deadline,5,2026-09-18T17:30:00Z,293,Kamara,HUL,MID,50,0,0,0.0,0,22,0,362,u,Has joined Portsmouth permanently,2026-08-12T14:08:23.542043Z,0,0,,,,0.0,0,0,0,0,0,0,0,0,0,0,0,0,0,0.00,0.00,0.00,0.00,0.0,0.0
2026-09-18T16:59:08+00:00,2026-09-18,deadline,5,2026-09-18T17:30:00Z,294,Zambrano,HUL,MID,45,0,0,0.1,1192,1121,3707,6299,a,,2026-08-04T18:30:11.016909Z,100,100,,,,0.0,0,0,0,0,0,0,0,0,0,0,0,0,0,0.00,0.00,0.00,0.00,0.0,0.0
2026-09-18T16:59:08+00:00,2026-09-18,deadline,5,2026-09-18T17:30:00Z,295,McBurnie,HUL,FWD,55,0,0,2.0,34581,27692,180069,134364,a,,,,,1,,,3.0,4,12,351,4,0,2,3,2,0,15,6,3,6,0.87,0.11,0.98,5.77,3.0,3.0
2026-09-18T16:59:08+00:00,2026-09-18,deadline,5,2026-09-18T17:30:00Z,296,Akintola,HUL,MID,50,0,0,0.0,0,1172,2704,4572,u,Has joined Omonoia FC permanently,2026-09-11T14:42:38.120231Z,0,0,,,,0.0,0,0,0,0,0,0,0,0,0,0,0,0,0,0.00,0.00,0.00,0.00,0.0,0.0
2026-09-18T16:59:08+00:00,2026-09-18,deadline,5,2026-09-18T17:30:00Z,297,Gyabi,HUL,MID,45,0,0,0.0,60,215,388,1466,i,Thigh injury - Unknown return date,2026-08-04T18:30:11.027155Z,0,0,,,,0.0,0,0,0,0,0,0,0,0,0,0,0,0,0,0.00,0.00,0.00,0.00,0.0,0.0
2026-09-18T16:59:08+00:00,2026-09-18,deadline,5,2026-09-18T17:30:00Z,298,Destan,HUL,FWD,45,0,0,0.2,0,2696,0,20888,u,Has joined Konyaspor permanently,2026-08-17T13:50:27.145733Z,0,0,,,,0.0,0,0,0,0,0,0,0,0,0,0,0,0,0,0.00,0.00,0.00,0.00,0.0,0.0
2026-09-18T16:59:08+00:00,2026-09-18,deadline,5,2026-09-18T17:30:00Z,299,Burstow,HUL,FWD,45,0,0,0.0,0,354,0,2839,u,Has joined Sheffield Wednesday on loan for the rest of the season,2026-08-03T14:05:20.234842Z,0,0,,,,0.0,0,0,0,0,0,0,0,0,0,0,0,0,0,0.00,0.00,0.00,0.00,0.0,0.0
2026-09-18T16:59:08+00:00,2026-09-18,deadline,5,2026-09-18T17:30:00Z,340,Gelhardt,HUL,MID,50,0,0,0.0,272,231,601,905,a,,2026-08-17T21:30:07.799839Z,100,100,,,,0.0,0,0,0,0,0,0,0,0,0,0,0,0,0,0.00,0.00,0.00,0.00,0.0,0.0
2026-09-18T16:59:08+00:00,2026-09-18,deadline,5,2026-09-18T17:30:00Z,556,Targett,HUL,DEF,40,0,0,1.7,3664,18658,24714,76457,d,Ankle injury - 75% chance of playing,2026-09-17T14:00:26.419938Z,,75,,,,0.2,0,1,5,0,0,0,0,0,0,0,0,0,1,0.00,0.00,0.00,0.07,0.2,0.2
2026-09-18T16:59:08+00:00,2026-09-18,deadline,5,2026-09-18T17:30:00Z,563,Morita,HUL,MID,50,0,0,0.0,23,424,703,1579,i,Calf injury - Expected back 11 Oct,2026-09-09T14:00:08.474217Z,0,0,,,,0.2,0,1,45,1,0,0,0,0,0,3,2,0,1,0.00,0.00,0.00,1.09,0.0,0.0
2026-09-18T16:59:08+00:00,2026-09-18,deadline,5,2026-09-18T17:30:00Z,572,Tzolakis,HUL,GKP,46,0,1,11.4,158142,53203,866752,194239,a,,,,,,,,7.0,2,28,360,4,0,0,3,2,14,0,2,0,58,0.00,0.00,0.00,5.96,7.0,7.0
2026-09-18T16:59:08+00:00,2026-09-18,deadline,5,2026-09-18T17:30:00Z,574,Hjertø-Dahl,HUL,MID,49,0,-1,0.1,287,794,1359,4088,a,,,,,,,,0.2,0,1,8,0,0,0,0,0,0,1,0,0,1,0.00,0.00,0.00,0.00,0.2,0.2
2026-09-18T16:59:08+00:00,2026-09-18,deadline,5,2026-09-18T17:30:00Z,576,Stroud,HUL,MID,50,0,0,0.1,681,873,3502,4187,a,,,,,,,,1.8,1,7,249,4,0,0,2,1,0,20,3,5,12,0.06,0.05,0.11,4.32,1.8,1.8
2026-09-18T16:59:08+00:00,2026-09-18,deadline,5,2026-09-18T17:30:00Z,585,Herrington,HUL,DEF,40,0,0,0.6,3389,3495,11730,16788,a,,,,,,,,1.0,1,4,107,0,0,0,0,1,0,8,7,1,1,0.00,0.01,0.01,1.92,1.0,1.0
2026-09-18T16:59:08+00:00,2026-09-18,deadline,5,2026-09-18T17:30:00Z,586,Mendy,HUL,DEF,41,0,1,6.4,13341,160243,676211,318929,i,Concussion - Expected back 11 Oct,2026-09-12T18:00:09.334142Z,100,0,,,,6.2,1,25,249,4,1,0,2,1,0,39,32,7,6,0.32,0.00,0.32,4.02,6.2,0.0
2026-09-18T16:59:08+00:00,2026-09-18,deadline,5,2026-09-18T17:30:00Z,589,Gourna-Douath,HUL,MID,50,0,0,0.0,148,281,668,1224,a,,,,,,,,0.8,0,3,126,1,0,0,1,0,0,16,5,4,7,0.00,0.02,0.02,2.13,0.8,0.8
2026-09-18T16:59:08+00:00,2026-09-18,deadline,5,2026-09-18T17:30:00Z,617,Cho,HUL,MID,50,0,0,0.0,391,228,1426,611,a,,,,,,,,1.0,1,3,45,0,0,0,0,1,0,2,1,0,1,0.52,0.16,0.68,0.82,1.0,1.0
2026-09-18T16:59:08+00:00,2026-09-18,deadline,5,2026-09-18T17:30:00Z,632,Ansah,HUL,FWD,50,0,0,0.0,149,1293,5045,3055,i,Back injury - Unknown return date,2026-09-09T10:00:08.919489Z,0,0,,,,0.0,0,0,0,0,0,0,0,0,0,0,0,0,0,0.00,0.00,0.00,0.00,0.0,0.0
2026-09-18T16:59:08+00:00,2026-09-18,deadline,5,2026-09-18T17:30:00Z,637,Vaz,HUL,FWD,50,0,0,0.1,5455,1672,10374,2775,a,,,,,,,,0.5,1,1,8,0,0,0,0,0,0,1,0,0,1,0.00,0.00,0.00,0.18,0.5,0.5
2026-09-18T16:59:08+00:00,2026-09-18,deadline,5,2026-09-18T17:30:00Z,638,Norton-Cuffy,HUL,DEF,40,0,0,0.3,4910,3517,25512,7766,a,,,,,,,,0.5,0,1,34,0,0,0,0,0,0,1,1,0,4,0.05,0.00,0.05,0.30,0.5,0.5
2026-09-18T16:59:08+00:00,2026-09-18,deadline,5,2026-09-18T17:30:00Z,642,Thomas,HUL,MID,55,0,0,0.0,1247,502,2576,837,a,,,,,,,,1.0,1,2,57,0,0,0,0,1,0,5,0,0,5,0.02,0.07,0.09,0.76,1.0,1.0
2026-09-18T16:59:08+00:00,2026-09-18,deadline,5,2026-09-18T17:30:00Z,645,Mouzakitis,HUL,MID,50,0,0,0.0,209,111,689,225,a,,,,,,,,0.0,0,0,0,0,0,0,0,0,0,0,0,0,0,0.00,0.00,0.00,0.00,0.0,0.0
2026-09-18T16:59:08+00:00,2026-09-18,deadline,5,2026-09-18T17:30:00Z,259,Diop,IPS,DEF,40,0,0,13.2,19077,108068,128440,447744,a,,,,,,,,2.0,1,8,360,4,0,0,0,10,0,35,31,4,17,0.00,0.15,0.15,6.74,2.0,2.0
2026-09-18T16:59:08+00:00,2026-09-18,deadline,5,2026-09-18T17:30:00Z,267,Lukić,IPS,MID,50,0,0,0.1,457,1343,3216,5911,a,,,,,,,1,2.2,1,9,328,4,0,1,0,9,0,31,15,6,10,0.02,0.16,0.18,5.61,2.2,2.2
2026-09-18T16:59:08+00:00,2026-09-18,deadline,5,2026-09-18T17:30:00Z,300,Walton,IPS,GKP,44,0,-1,0.4,751,2042,1673,13849,a,,,,,,,,0.0,0,0,0,0,0,0,0,0,0,0,0,0,0,0.00,0.00,0.00,0.00,0.0,0.0
2026-09-18T16:59:08+00:00,2026-09-18,deadline,5,2026-09-18T17:30:00Z,301,Palmer,IPS,GKP,40,0,0,4.0,8844,19457,70257,100556,a,,,,,,,,0.0,0,0,0,0,0,0,0,0,0,0,0,0,0,0.00,0.00,0.00,0.00,0.0,0.0
2026-09-18T16:59:08+00:00,2026-09-18,deadline,5,2026-09-18T17:30:00Z,302,Button,IPS,GKP,40,0,0,0.6,2779,2257,29838,13769,a,,,,,,,,0.0,0,0,0,0,0,0,0,0,0,0,0,0,0,0.00,0.00,0.00,0.00,0.0,0.0
2026-09-18T16:59:08+00:00,2026-09-18,deadline,5,2026-09-18T17:30:00Z,303,Kipré,IPS,DEF,39,-1,-1,1.2,41712,9881,43265,24382,a,,,,,,,,0.0,0,0,0,0,0,0,0,0,0,0,0,0,0,0.00,0.00,0.00,0.00,0.0,0.0
2026-09-18T16:59:08+00:00,2026-09-18,deadline,5,2026-09-18T17:30:00Z,304,O'Shea,IPS,DEF,40,0,0,2.8,7095,20447,63092,112175,a,,,,,,,,2.0,1,8,360,4,0,0,0,10,0,39,32,7,13,0.07,0.26,0.33,6.74,2.0,2.0
2026-09-18T16:59:08+00:00,2026-09-18,deadline,5,2026-09-18T17:30:00Z,305,Davis,IPS,DEF,40,0,0,6.9,196936,34276,312762,156049,a,,,,,,2,,5.8,14,23,360,4,2,2,0,10,0,19,17,2,8,1.17,0.44,1.61,6.74,5.8,5.8
2026-09-18T16:59:08+00:00,2026-09-18,deadline,5,2026-09-18T17:30:00Z,306,Greaves,IPS,DEF,40,0,0,1.1,1371,7259,7681,34305,a,,,,,,,,0.8,1,3,357,4,0,0,0,10,0,30,25,5,12,0.00,0.06,0.06,6.74,0.8,0.8
2026-09-18T16:59:08+00:00,2026-09-18,deadline,5,2026-09-18T17:30:00Z,307,Johnson,IPS,DEF,40,0,0,0.1,0,1135,1137,5905,u,Has joined Stoke City on loan for the rest of the season,2026-09-04T12:36:56.236331Z,0,0,,,,0.0,0,0,0,0,0,0,0,0,0,0,0,0,0,0.00,0.00,0.00,0.00,0.0,0.0
2026-09-18T16:59:08+00:00,2026-09-18,deadline,5,2026-09-18T17:30:00Z,308,Furlong,IPS,DEF,39,-1,-1,0.7,9642,3828,10954,16508,a,,,,,,,,0.2,0,1,17,0,0,0,0,1,0,3,2,1,0,0.00,0.00,0.00,0.86,0.2,0.2
2026-09-18T16:59:08+00:00,2026-09-18,deadline,5,2026-09-18T17:30:00Z,309,Núñez,IPS,MID,49,-1,-1,0.1,326,1717,3006,6957,a,,,,,,1,3,1.5,0,6,140,2,0,0,0,4,0,21,8,3,10,0.03,0.05,0.08,3.48,1.5,1.5
2026-09-18T16:59:08+00:00,2026-09-18,deadline,5,2026-09-18T17:30:00Z,310,Matusiwa,IPS,MID,49,0,-1,0.0,51,35,111,260,a,,2026-07-29T18:00:10.305484Z,100,100,,,,0.0,0,0,0,0,0,0,0,0,0,0,0,0,0,0.00,0.00,0.00,0.00,0.0,0.0
2026-09-18T16:59:08+00:00,2026-09-18,deadline,5,2026-09-18T17:30:00Z,311,Burns,IPS,MID,50,0,0,0.0,0,20,0,338,u,Has joined Leicester City permanently,2026-08-10T14:02:47.597478Z,0,0,,,,0.0,0,0,0,0,0,0,0,0,0,0,0,0,0,0.00,0.00,0.00,0.00,0.0,0.0
2026-09-18T16:59:08+00:00,2026-09-18,deadline,5,2026-09-18T17:30:00Z,312,Taylor,IPS,MID,45,0,0,0.0,96,343,573,2375,i,Knee injury - Unknown return date,2026-07-29T18:00:10.319370Z,0,0,,,,0.0,0,0,0,0,0,0,0,0,0,0,0,0,0,0.00,0.00,0.00,0.00,0.0,0.0
2026-09-18T16:59:08+00:00,2026-09-18,deadline,5,2026-09-18T17:30:00Z,313,Clarke,IPS,MID,54,0,-1,0.2,497,2813,5334,14704,a,,,,,1,3,4,2.2,1,9,105,1,1,0,0,1,0,6,1,2,3,0.30,0.04,0.34,0.29,2.2,2.2
2026-09-18T16:59:08+00:00,2026-09-18,deadline,5,2026-09-18T17:30:00Z,314,Ogbene,IPS,MID,49,0,-1,0.0,0,151,104,1138,u,Has joined Lincoln City on loan until January,2026-09-02T16:04:17.497385Z,0,0,,,,0.0,0,0,0,0,0,0,0,0,0,0,0,0,0,0.00,0.00,0.00,0.00,0.0,0.0
2026-09-18T16:59:08+00:00,2026-09-18,deadline,5,2026-09-18T17:30:00Z,315,Fatawu,IPS,MID,54,-1,-1,0.2,625,2578,5291,10755,a,,,,,,,2,2.2,1,9,286,4,0,1,0,9,0,24,6,9,9,0.03,0.83,0.86,6.11,2.2,2.2
2026-09-18T16:59:08+00:00,2026-09-18,deadline,5,2026-09-18T17:30:00Z,316,Emersonn,IPS,FWD,55,0,0,3.3,155242,26045,278880,118452,a,,2026-08-31T09:30:08.306145Z,100,100,2,,,6.0,12,24,237,4,2,1,0,5,0,9,3,2,4,1.48,0.11,1.59,2.22,6.0,6.0
2026-09-18T16:59:08+00:00,2026-09-18,deadline,5,2026-09-18T17:30:00Z,317,Hirst,IPS,FWD,50,0,0,0.1,0,1349,0,16581,u,Has joined Stoke City permanently,2026-08-21T13:06:08.606019Z,0,0,,,,0.0,0,0,0,0,0,0,0,0,0,0,0,0,0,0.00,0.00,0.00,0.00,0.0,0.0
2026-09-18T16:59:08+00:00,2026-09-18,deadline,5,2026-09-18T17:30:00Z,318,Philogene,IPS,MID,54,0,-1,0.1,81,382,266,9101,a,,2026-08-25T11:30:07.532993Z,100,100,3,,5,0.2,1,1,28,0,0,0,0,1,0,3,0,0,3,0.02,0.00,0.01,0.41,0.2,0.2
2026-09-18T16:59:08+00:00,2026-09-18,deadline,5,2026-09-18T17:30:00Z,319,Szmodics,IPS,MID,50,0,0,0.0,0,56,0,743,u,Has joined Derby County on loan for the rest of the season,2026-08-17T13:51:41.713979Z,0,0,,,,0.0,0,0,0,0,0,0,0,0,0,0,0,0,0,0.00,0.00,0.00,0.00,0.0,0.0
2026-09-18T16:59:08+00:00,2026-09-18,deadline,5,2026-09-18T17:30:00Z,320,Akpom,IPS,FWD,50,0,0,1.2,21481,20969,125231,63793,a,,,,,,,,1.5,0,6,69,0,1,0,0,4,0,3,0,1,2,0.97,0.00,0.97,4.04,1.5,1.5
2026-09-18T16:59:08+00:00,2026-09-18,deadline,5,2026-09-18T17:30:00Z,321,Walle Egeli,IPS,FWD,45,0,0,3.7,59993,47341,310491,182442,a,,,,,,,,0.2,0,1,10,0,0,0,0,0,0,0,0,0,0,0.00,0.00,0.00,0.03,0.2,0.2
2026-09-18T16:59:08+00:00,2026-09-18,deadline,5,2026-09-18T17:30:00Z,322,Al-Hamadi,IPS,FWD,50,0,0,0.1,0,969,755,9526,u,Has joined Sheffield Wednesday on loan for the rest of the season,2026-08-27T14:54:10.215357Z,0,0,,,,0.0,0,0,0,0,0,0,0,0,0,0,0,0,0,0.00,0.00,0.00,0.00,0.0,0.0
2026-09-18T16:59:08+00:00,2026-09-18,deadline,5,2026-09-18T17:30:00Z,323,McAteer,IPS,MID,45,0,0,1.1,2322,13464,26683,55286,a,,,,,,,,0.8,0,3,42,0,0,0,0,0,0,5,0,1,4,0.05,0.00,0.05,0.21,0.8,0.8
2026-09-18T16:59:08+00:00,2026-09-18,deadline,5,2026-09-18T17:30:00Z,324,Mehmeti,IPS,MID,49,0,-1,0.0,78,333,324,2322,a,,,,,,,,0.0,0,0,0,0,0,0,0,0,0,0,0,0,0,0.00,0.00,0.00,0.00,0.0,0.0
2026-09-18T16:59:08+00:00,2026-09-18,deadline,5,2026-09-18T17:30:00Z,554,Van Oevelen,IPS,GKP,45,0,0,0.0,0,233,54,1870,u,Has joined Valencia on loan for the rest of the season,2026-08-25T14:04:09.529320Z,0,0,,,,0.0,0,0,0,0,0,0,0,0,0,0,0,0,0,0.00,0.00,0.00,0.00,0.0,0.0
2026-09-18T16:59:08+00:00,2026-09-18,deadline,5,2026-09-18T17:30:00Z,562,Maeda,IPS,MID,54,0,-1,0.2,221,4191,2725,18590,a,,,,,,,,1.8,1,7,243,3,0,0,0,8,0,19,8,7,4,0.71,0.01,0.72,5.57,1.8,1.8
2026-09-18T16:59:08+00:00,2026-09-18,deadline,5,2026-09-18T17:30:00Z,564,Scherpen,IPS,GKP,45,0,0,0.6,2806,4095,14470,20434,a,,,,,,,,1.8,1,7,360,4,0,0,0,10,15,0,8,0,39,0.00,0.01,0.01,6.74,1.8,1.8
2026-09-18T16:59:08+00:00,2026-09-18,deadline,5,2026-09-18T17:30:00Z,571,Florentino,IPS,MID,49,0,-1,0.1,176,888,940,6679,a,,2026-08-25T11:30:07.678802Z,100,100,,,,0.2,1,1,13,0,0,0,0,0,0,2,1,1,0,0.00,0.01,0.01,0.27,0.2,0.2
2026-09-18T16:59:08+00:00,2026-09-18,deadline,5,2026-09-18T17:30:00Z,591,Enciso,IPS,MID,55,0,0,0.8,9126,14951,91225,45772,a,,2026-08-22T18:00:07.551930Z,100,100,,,,3.2,2,13,340,4,0,2,0,10,0,26,5,2,19,0.92,0.84,1.76,6.71,3.2,3.2
2026-09-18T16:59:08+00:00,2026-09-18,deadline,5,2026-09-18T17:30:00Z,592,Ouattara,IPS,DEF,40,0,0,0.9,2500,5263,12716,23921,a,,,,,,,,1.0,1,4,41,0,0,0,0,1,0,3,2,1,4,0.00,0.02,0.02,0.89,1.0,1.0
2026-09-18T16:59:08+00:00,2026-09-18,deadline,5,2026-09-18T17:30:00Z,602,Humphreys,IPS,MID,45,0,0,0.0,0,479,2861,2984,u,Has joined Huddersfield Town on loan for the rest of the season,2026-09-02T16:04:17.524642Z,0,0,,,,0.0,0,0,0,0,0,0,0,0,0,0,0,0,0,0.00,0.00,0.00,0.00,0.0,0.0
2026-09-18T16:59:08+00:00,2026-09-18,deadline,5,2026-09-18T17:30:00Z,619,Palacios,IPS,MID,50,0,0,0.1,4529,1297,8261,2558,a,,,,,,,,3.0,4,9,195,2,0,0,0,6,0,38,10,8,20,0.00,0.07,0.07,3.23,3.0,3.0
2026-09-18T16:59:08+00:00,2026-09-18,deadline,5,2026-09-18T17:30:00Z,640,Flemming,IPS,FWD,55,0,0,0.1,3947,1252,8232,2174,a,,,,,,,,3.0,5,6,51,0,1,0,0,1,0,2,1,0,1,0.54,0.01,0.55,0.47,3.0,3.0
2026-09-18T16:59:08+00:00,2026-09-18,deadline,5,2026-09-18T17:30:00Z,260,Wilson,LEE,MID,62,-1,-3,2.1,3453,72489,28967,410644,i,Thigh injury - Unknown return date,2026-09-18T13:30:09.626858Z,,0,,2,2,1.2,1,5,145,1,0,0,1,1,0,11,3,4,4,0.01,0.09,0.10,3.28,1.2,0.0
2026-09-18T16:59:08+00:00,2026-09-18,deadline,5,2026-09-18T17:30:00Z,326,Perri,LEE,GKP,45,0,0,0.3,0,3355,532,25096,u,Has joined Torino on loan for the rest of the season,2026-09-01T13:12:39.210133Z,0,0,,,,0.0,0,0,0,0,0,0,0,0,0,0,0,0,0,0.00,0.00,0.00,0.00,0.0,0.0
2026-09-18T16:59:08+00:00,2026-09-18,deadline,5,2026-09-18T17:30:00Z,327,Bijol,LEE,DEF,50,0,0,0.7,3698,12684,68196,53234,a,,,,,,,,3.0,0,12,164,2,0,0,1,2,0,21,18,3,7,0.11,0.00,0.11,3.16,3.0,3.0
2026-09-18T16:59:08+00:00,2026-09-18,deadline,5,2026-09-18T17:30:00Z,329,Rodon,LEE,DEF,44,0,-1,0.9,54,31801,26892,284846,i,Hamstring injury - Expected back 21 Nov,2026-08-30T16:00:08.564382Z,0,0,,,,1.8,0,7,123,2,0,0,1,0,0,11,10,1,2,0.03,0.06,0.09,1.01,0.0,0.0
2026-09-18T16:59:08+00:00,2026-09-18,deadline,5,2026-09-18T17:30:00Z,330,Bogle,LEE,DEF,46,1,1,6.2,374026,25263,506996,57841,a,,,,,,,,9.2,15,37,299,4,2,0,3,1,0,15,10,5,9,1.31,0.08,1.39,2.23,9.2,9.2
2026-09-18T16:59:08+00:00,2026-09-18,deadline,5,2026-09-18T17:30:00Z,331,Gudmundsson,LEE,DEF,45,0,0,0.1,1647,511,3505,2421,a,,2026-08-08T20:00:07.546568Z,100,100,,,,2.0,6,8,162,2,0,0,1,1,0,9,3,6,11,0.00,0.18,0.18,2.77,2.0,2.0
2026-09-18T16:59:08+00:00,2026-09-18,deadline,5,2026-09-18T17:30:00Z,332,Justin,LEE,DEF,45,0,0,1.5,9633,11544,116551,64489,a,,,,,,,,4.5,2,18,360,4,0,0,1,3,0,35,22,13,12,0.17,0.30,0.47,5.40,4.5,4.5
2026-09-18T16:59:08+00:00,2026-09-18,deadline,5,2026-09-18T17:30:00Z,333,Bornauw,LEE,DEF,45,0,0,0.0,0,21,0,293,u,Has joined Hamburg SV on loan for the rest of the season,2026-08-19T13:56:14.645970Z,0,0,,,,0.0,0,0,0,0,0,0,0,0,0,0,0,0,0,0.00,0.00,0.00,0.00,0.0,0.0
2026-09-18T16:59:08+00:00,2026-09-18,deadline,5,2026-09-18T17:30:00Z,334,Muharemović,LEE,DEF,50,0,0,4.5,69190,24862,266386,147804,a,,,,,,,,5.2,7,21,360,4,0,1,1,3,0,50,46,4,11,0.09,0.04,0.13,5.40,5.2,5.2
2026-09-18T16:59:08+00:00,2026-09-18,deadline,5,2026-09-18T17:30:00Z,335,Stach,LEE,MID,60,0,0,2.7,22973,31415,196214,143737,a,,,,,,1,1,5.5,3,22,357,4,1,0,2,2,0,48,21,11,16,0.92,0.23,1.15,5.11,5.5,5.5
2026-09-18T16:59:08+00:00,2026-09-18,deadline,5,2026-09-18T17:30:00Z,336,Okafor,LEE,MID,58,-1,-2,0.5,18166,4880,24101,31605,a,,,,,,,,3.8,9,15,224,3,1,0,2,1,0,13,3,5,5,0.15,0.26,0.41,1.69,3.8,3.8
2026-09-18T16:59:08+00:00,2026-09-18,deadline,5,2026-09-18T17:30:00Z,337,Aaronson,LEE,MID,54,0,-1,0.5,829,8411,6543,44350,a,,,,,,4,,1.5,1,6,172,2,0,0,1,3,0,11,1,2,8,0.01,0.02,0.03,3.38,1.5,1.5
2026-09-18T16:59:08+00:00,2026-09-18,deadline,5,2026-09-18T17:30:00Z,338,Ampadu,LEE,MID,54,0,-1,0.9,5527,9616,16209,55344,a,,,,,,,,4.0,7,16,360,4,0,1,1,3,0,46,19,9,18,0.08,0.16,0.24,5.40,4.0,4.0
2026-09-18T16:59:08+00:00,2026-09-18,deadline,5,2026-09-18T17:30:00Z,339,Longstaff,LEE,MID,49,0,-1,0.1,452,1406,2359,7447,a,,,,,,3,3,0.5,1,2,10,0,0,0,0,1,0,0,0,0,0,0.00,0.00,0.00,0.35,0.5,0.5
2026-09-18T16:59:08+00:00,2026-09-18,deadline,5,2026-09-18T17:30:00Z,341,Gnonto,LEE,MID,50,0,0,0.0,0,173,244,1752,u,Has joined ACF Fiorentina on loan for the rest of the season,2026-09-02T16:04:47.189648Z,0,0,,,,0.0,0,0,0,0,0,0,0,0,0,0,0,0,0,0.00,0.00,0.00,0.00,0.0,0.0
2026-09-18T16:59:08+00:00,2026-09-18,deadline,5,2026-09-18T17:30:00Z,342,Harrison,LEE,MID,50,0,0,0.0,0,10,0,74,u,Has joined New England Revolution permanently,2026-07-28T12:59:09.492431Z,0,0,,,,0.0,0,0,0,0,0,0,0,0,0,0,0,0,0,0.00,0.00,0.00,0.00,0.0,0.0
2026-09-18T16:59:08+00:00,2026-09-18,deadline,5,2026-09-18T17:30:00Z,343,James,LEE,MID,49,-1,-1,0.1,697,1390,3945,7410,a,,,,,,,,0.5,1,2,29,0,0,0,0,1,0,4,0,0,4,0.35,0.01,0.36,1.21,0.5,0.5
2026-09-18T16:59:08+00:00,2026-09-18,deadline,5,2026-09-18T17:30:00Z,344,Gruev,LEE,MID,50,0,0,0.0,18,36,73,294,a,,2026-08-14T23:00:06.272027Z,25,100,,,,0.0,0,0,0,0,0,0,0,0,0,0,0,0,0,0.00,0.00,0.00,0.00,0.0,0.0
2026-09-18T16:59:08+00:00,2026-09-18,deadline,5,2026-09-18T17:30:00Z,345,Tanaka,LEE,MID,49,0,-1,0.3,9929,3244,20041,15146,a,,,,,,,4,3.0,6,12,188,2,0,2,1,1,0,24,9,7,8,0.59,0.05,0.64,2.58,3.0,3.0
2026-09-18T16:59:08+00:00,2026-09-18,deadline,5,2026-09-18T17:30:00Z,346,Calvert-Lewin,LEE,FWD,60,0,0,26.2,497177,138754,880373,1148722,a,,,,,1,,,5.0,10,20,329,4,2,1,2,2,0,14,5,0,9,2.48,0.08,2.56,3.79,5.0,5.0
2026-09-18T16:59:08+00:00,2026-09-18,deadline,5,2026-09-18T17:30:00Z,347,Nmecha,LEE,FWD,54,0,-1,0.5,6018,7375,19985,33135,a,,,,,2,,,1.5,1,6,50,0,0,1,0,1,0,2,0,0,2,0.27,0.15,0.42,2.53,1.5,1.5
2026-09-18T16:59:08+00:00,2026-09-18,deadline,5,2026-09-18T17:30:00Z,348,Piroe,LEE,FWD,50,0,0,0.1,0,970,0,10782,u,Has joined West Ham United on loan for the rest of the season,2026-08-19T13:56:14.666726Z,0,0,3,,,0.0,0,0,0,0,0,0,0,0,0,0,0,0,0,0.00,0.00,0.00,0.00,0.0,0.0
2026-09-18T16:59:08+00:00,2026-09-18,deadline,5,2026-09-18T17:30:00Z,349,Mateo Joseph,LEE,FWD,45,0,0,0.1,713,777,2760,3942,i,Knee injury - Unknown return date,2026-07-29T18:00:10.338170Z,0,0,,,,0.0,0,0,0,0,0,0,0,0,0,0,0,0,0,0.00,0.00,0.00,0.00,0.0,0.0
2026-09-18T16:59:08+00:00,2026-09-18,deadline,5,2026-09-18T17:30:00Z,385,Trafford,LEE,GKP,50,0,0,5.5,31042,30529,240701,143576,a,,,,,,,,4.5,3,18,360,4,0,0,1,3,15,0,6,0,39,0.00,0.00,0.00,5.40,4.5,4.5
2026-09-18T16:59:08+00:00,2026-09-18,deadline,5,2026-09-18T17:30:00Z,598,Elvedi,LEE,DEF,45,0,0,0.1,1171,463,5028,2546,a,,,,,,,,1.8,2,7,236,2,0,0,0,3,0,25,23,2,7,0.05,0.57,0.62,4.39,1.8,1.8
2026-09-18T16:59:08+00:00,2026-09-18,deadline,5,2026-09-18T17:30:00Z,603,Lienou,LEE,DEF,40,0,0,0.1,1184,948,6634,3441,a,,,,,,,,0.0,0,0,0,0,0,0,0,0,0,0,0,0,0,0.00,0.00,0.00,0.00,0.0,0.0
2026-09-18T16:59:08+00:00,2026-09-18,deadline,5,2026-09-18T17:30:00Z,604,Cresswell,LEE,MID,45,0,0,0.1,1325,1889,13719,6984,a,,,,,,,,0.0,0,0,0,0,0,0,0,0,0,0,0,0,0,0.00,0.00,0.00,0.00,0.0,0.0
2026-09-18T16:59:08+00:00,2026-09-18,deadline,5,2026-09-18T17:30:00Z,625,Cairns,LEE,GKP,40,0,0,0.2,3360,1427,18852,5124,a,,,,,,,,0.0,0,0,0,0,0,0,0,0,0,0,0,0,0,0.00,0.00,0.00,0.00,0.0,0.0
2026-09-18T16:59:08+00:00,2026-09-18,deadline,5,2026-09-18T17:30:00Z,629,Zetterer,LEE,GKP,40,0,0,0.8,18476,4841,54960,11246,a,,,,,,,,0.0,0,0,0,0,0,0,0,0,0,0,0,0,0,0.00,0.00,0.00,0.00,0.0,0.0
2026-09-18T16:59:08+00:00,2026-09-18,deadline,5,2026-09-18T17:30:00Z,641,Bard,LEE,DEF,45,0,0,0.0,357,141,856,274,a,,,,,,,,0.5,1,1,18,0,0,0,0,1,0,2,1,1,2,0.00,0.00,0.00,0.30,0.5,0.5
2026-09-18T16:59:08+00:00,2026-09-18,deadline,5,2026-09-18T17:30:00Z,648,Bahoya,LEE,MID,50,0,0,0.0,357,394,2126,952,a,,,,,,,,0.0,0,0,0,0,0,0,0,0,0,0,0,0,0,0.00,0.00,0.00,0.00,0.0,0.0
2026-09-18T16:59:08+00:00,2026-09-18,deadline,5,2026-09-18T17:30:00Z,350,A.Becker,LIV,GKP,55,0,0,3.9,19635,23656,132884,132698,a,,,,,,,,4.8,9,19,360,4,0,0,2,4,12,0,6,0,38,0.00,0.00,0.00,5.33,4.8,4.8
2026-09-18T16:59:08+00:00,2026-09-18,deadline,5,2026-09-18T17:30:00Z,351,Mamardashvili,LIV,GKP,49,0,-1,0.1,430,1265,2603,7998,a,,,,,,,,0.0,0,0,0,0,0,0,0,0,0,0,0,0,0,0.00,0.00,0.00,0.00,0.0,0.0
2026-09-18T16:59:08+00:00,2026-09-18,deadline,5,2026-09-18T17:30:00Z,352,Woodman,LIV,GKP,40,0,0,1.0,2442,4336,17441,24738,a,,,,,,,,0.0,0,0,0,0,0,0,0,0,0,0,0,0,0,0.00,0.00,0.00,0.00,0.0,0.0
2026-09-18T16:59:08+00:00,2026-09-18,deadline,5,2026-09-18T17:30:00Z,353,Pecsi,LIV,GKP,40,0,0,0.0,0,107,0,1025,u,Has joined TSV Hartberg on loan for the rest of the season,2026-08-18T14:11:18.638344Z,0,0,,,,0.0,0,0,0,0,0,0,0,0,0,0,0,0,0,0.00,0.00,0.00,0.00,0.0,0.0
2026-09-18T16:59:08+00:00,2026-09-18,deadline,5,2026-09-18T17:30:00Z,354,Jaros,LIV,GKP,40,0,0,0.0,254,150,1533,1075,i,Knee injury - Unknown return date,2026-07-29T18:00:10.351066Z,0,0,,,,0.0,0,0,0,0,0,0,0,0,0,0,0,0,0,0.00,0.00,0.00,0.00,0.0,0.0
2026-09-18T16:59:08+00:00,2026-09-18,deadline,5,2026-09-18T17:30:00Z,355,Davies,LIV,GKP,40,0,0,0.2,865,777,4421,3757,a,,,,,,,,0.0,0,0,0,0,0,0,0,0,0,0,0,0,0,0.00,0.00,0.00,0.00,0.0,0.0
2026-09-18T16:59:08+00:00,2026-09-18,deadline,5,2026-09-18T17:30:00Z,356,Virgil,LIV,DEF,65,0,0,16.3,34182,88407,256221,569042,a,,,,,,,,4.2,8,17,360,4,0,0,2,4,0,35,30,5,16,0.25,0.07,0.32,5.33,4.2,4.2
2026-09-18T16:59:08+00:00,2026-09-18,deadline,5,2026-09-18T17:30:00Z,357,Frimpong,LIV,DEF,53,-1,-2,1.8,2949,41355,57292,231935,a,,,,,,,,0.5,1,2,178,2,0,0,0,4,0,12,8,4,7,0.01,0.23,0.24,3.91,0.5,0.5
2026-09-18T16:59:08+00:00,2026-09-18,deadline,5,2026-09-18T17:30:00Z,358,Kerkez,LIV,DEF,54,0,-1,2.3,2913,41893,44895,175793,a,,,,,,,,1.8,1,7,295,3,0,0,1,4,0,23,16,7,8,0.02,0.07,0.09,4.86,1.8,1.8
2026-09-18T16:59:08+00:00,2026-09-18,deadline,5,2026-09-18T17:30:00Z,359,Gomez,LIV,DEF,49,-1,-1,0.0,186,115,409,1060,a,,2026-07-26T08:30:10.078473Z,0,100,,,,0.0,0,0,0,0,0,0,0,0,0,0,0,0,0,0.00,0.00,0.00,0.00,0.0,0.0
2026-09-18T16:59:08+00:00,2026-09-18,deadline,5,2026-09-18T17:30:00Z,360,Bradley,LIV,DEF,50,0,0,0.0,56,111,316,709,i,Knee injury - Unknown return date,2026-07-23T12:01:23.565711Z,0,0,,,,0.0,0,0,0,0,0,0,0,0,0,0,0,0,0,0.00,0.00,0.00,0.00,0.0,0.0
2026-09-18T16:59:08+00:00,2026-09-18,deadline,5,2026-09-18T17:30:00Z,361,Lucky,LIV,DEF,40,0,0,0.1,704,1147,3564,5189,a,,,,,,,,0.0,0,0,0,0,0,0,0,0,0,0,0,0,0,0.00,0.00,0.00,0.00,0.0,0.0
2026-09-18T16:59:08+00:00,2026-09-18,deadline,5,2026-09-18T17:30:00Z,362,Jacquet,LIV,DEF,50,0,0,3.3,68246,18306,196374,109328,a,,2026-07-23T12:01:23.581126Z,100,100,,,,4.5,9,18,325,4,0,0,2,4,0,28,20,8,15,0.00,0.12,0.12,4.72,4.5,4.5
2026-09-18T16:59:08+00:00,2026-09-18,deadline,5,2026-09-18T17:30:00Z,363,Leoni,LIV,DEF,40,0,0,0.0,123,331,798,1925,i,Knee injury - Unknown return date,2026-07-23T12:01:23.596909Z,0,0,,,,0.0,0,0,0,0,0,0,0,0,0,0,0,0,0,0.00,0.00,0.00,0.00,0.0,0.0
2026-09-18T16:59:08+00:00,2026-09-18,deadline,5,2026-09-18T17:30:00Z,364,Tsimikas,LIV,DEF,49,0,-1,0.1,294,649,1482,4014,a,,,,,,,,0.5,1,2,64,1,0,0,0,0,0,3,2,1,3,0.04,0.02,0.06,0.47,0.5,0.5
2026-09-18T16:59:08+00:00,2026-09-18,deadline,5,2026-09-18T17:30:00Z,365,Ramsay,LIV,DEF,40,0,0,0.1,0,1158,638,12192,u,Has joined St Mirren on loan for the rest of the season,2026-08-26T14:05:26.748768Z,0,0,,,,0.0,0,0,0,0,0,0,0,0,0,0,0,0,0,0.00,0.00,0.00,0.00,0.0,0.0
2026-09-18T16:59:08+00:00,2026-09-18,deadline,5,2026-09-18T17:30:00Z,366,Wirtz,LIV,MID,73,-1,-2,6.1,5572,171555,130103,715366,a,,,,,4,2,3,3.0,3,12,332,4,0,1,2,4,0,28,2,5,21,0.78,0.35,1.13,4.16,3.0,3.0
2026-09-18T16:59:08+00:00,2026-09-18,deadline,5,2026-09-18T17:30:00Z,367,Gakpo,LIV,MID,72,0,2,12.7,168400,152387,1279136,623851,a,,2026-09-09T18:30:08.772955Z,75,100,3,,2,7.2,1,29,280,3,1,3,1,4,0,27,7,6,14,0.44,1.22,1.66,4.72,5.4,7.2
2026-09-18T16:59:08+00:00,2026-09-18,deadline,5,2026-09-18T17:30:00Z,368,Szoboszlai,LIV,MID,70,0,0,34.2,88100,475401,888764,1446038,a,,,,,1,1,1,4.5,3,18,360,4,1,0,2,4,0,35,11,4,20,1.29,0.80,2.09,5.33,4.5,4.5
2026-09-18T16:59:08+00:00,2026-09-18,deadline,5,2026-09-18T17:30:00Z,369,Ngumoha,LIV,MID,58,0,-2,0.5,1678,10857,13720,84556,a,,,,,,,,1.0,1,4,99,1,0,0,0,2,0,4,1,1,2,0.15,0.05,0.20,0.68,1.0,1.0
2026-09-18T16:59:08+00:00,2026-09-18,deadline,5,2026-09-18T17:30:00Z,370,Chiesa,LIV,MID,54,0,-1,0.0,16,641,665,9817,i,Back injury - Unknown return date,2026-08-27T13:30:07.598926Z,0,0,,,,0.0,0,0,0,0,0,0,0,0,0,0,0,0,0,0.00,0.00,0.00,0.00,0.0,0.0
2026-09-18T16:59:08+00:00,2026-09-18,deadline,5,2026-09-18T17:30:00Z,371,Gravenberch,LIV,MID,59,0,-1,1.2,3516,22300,34450,120725,a,,,,,,,,2.0,1,8,181,2,0,1,0,2,0,24,10,4,10,0.10,0.07,0.17,1.88,2.0,2.0
2026-09-18T16:59:08+00:00,2026-09-18,deadline,5,2026-09-18T17:30:00Z,372,Mac Allister,LIV,MID,54,0,-1,1.3,11121,18835,41306,89214,a,,,,,5,,,1.5,1,6,216,2,0,0,1,2,0,28,7,9,12,0.10,0.44,0.54,4.06,1.5,1.5
2026-09-18T16:59:08+00:00,2026-09-18,deadline,5,2026-09-18T17:30:00Z,373,C.Jones,LIV,MID,55,0,0,0.0,0,154,34,2584,u,Has joined Internazionale permanently,2026-08-16T18:30:07.426408Z,0,0,,,,0.0,0,0,0,0,0,0,0,0,0,0,0,0,0,0.00,0.00,0.00,0.00,0.0,0.0
2026-09-18T16:59:08+00:00,2026-09-18,deadline,5,2026-09-18T17:30:00Z,374,Endo,LIV,MID,49,0,-1,0.1,343,813,2157,4343,a,,2026-07-23T12:01:23.612529Z,100,100,,,,0.0,0,0,0,0,0,0,0,0,0,0,0,0,0,0.00,0.00,0.00,0.00,0.0,0.0
2026-09-18T16:59:08+00:00,2026-09-18,deadline,5,2026-09-18T17:30:00Z,375,Nyoni,LIV,MID,49,0,-1,0.0,182,522,1251,2729,a,,,,,,,,0.5,0,2,19,0,0,0,0,0,0,5,1,2,2,0.00,0.00,0.00,0.22,0.5,0.5
2026-09-18T16:59:08+00:00,2026-09-18,deadline,5,2026-09-18T17:30:00Z,376,Bajcetic,LIV,MID,50,0,0,0.0,0,9,19,104,u,Has joined Celta Vigo permanently,2026-07-23T12:01:23.628373Z,0,0,,,,0.0,0,0,0,0,0,0,0,0,0,0,0,0,0,0.00,0.00,0.00,0.00,0.0,0.0
2026-09-18T16:59:08+00:00,2026-09-18,deadline,5,2026-09-18T17:30:00Z,377,Munoz,LIV,MID,65,0,0,1.0,5458,29523,115819,89254,a,,,,,,,,3.5,1,14,239,3,1,1,1,2,0,13,4,2,7,0.52,0.25,0.77,4.49,3.5,3.5
2026-09-18T16:59:08+00:00,2026-09-18,deadline,5,2026-09-18T17:30:00Z,378,McConnell,LIV,MID,44,-1,-1,0.2,2643,2534,5800,11371,a,,,,,,,,0.0,0,0,0,0,0,0,0,0,0,0,0,0,0,0.00,0.00,0.00,0.00,0.0,0.0
2026-09-18T16:59:08+00:00,2026-09-18,deadline,5,2026-09-18T17:30:00Z,379,Isak,LIV,FWD,91,0,1,21.7,133501,234079,1120764,651116,a,,,,,2,,,6.2,2,25,333,4,3,0,2,4,0,6,2,1,3,2.79,0.06,2.85,5.16,6.2,6.2
2026-09-18T16:59:08+00:00,2026-09-18,deadline,5,2026-09-18T17:30:00Z,380,Ekitiké,LIV,FWD,74,0,-1,0.1,382,1164,2261,10444,i,Achilles injury - Unknown return date,2026-07-23T12:01:23.643771Z,0,0,,,,0.0,0,0,0,0,0,0,0,0,0,0,0,0,0,0.00,0.00,0.00,0.00,0.0,0.0
2026-09-18T16:59:08+00:00,2026-09-18,deadline,5,2026-09-18T17:30:00Z,381,Koumas,LIV,MID,50,0,0,0.0,200,290,672,1196,a,,,,,,,,0.5,0,2,13,0,0,0,0,0,0,1,0,0,1,0.03,0.00,0.03,0.58,0.5,0.5
2026-09-18T16:59:08+00:00,2026-09-18,deadline,5,2026-09-18T17:30:00Z,382,Danns,LIV,FWD,45,0,0,0.2,9235,3231,19475,7169,a,,2026-07-23T12:01:23.659279Z,100,100,,,,0.0,0,0,0,0,0,0,0,0,0,0,0,0,0,0.00,0.00,0.00,0.00,0.0,0.0
2026-09-18T16:59:08+00:00,2026-09-18,deadline,5,2026-09-18T17:30:00Z,383,Elliott,LIV,MID,54,0,-1,0.0,0,562,907,5906,u,Has joined Valencia on loan for the rest of the season,2026-09-02T16:05:49.104326Z,0,0,,,,0.0,0,0,0,0,0,0,0,0,0,0,0,0,0,0.00,0.00,0.00,0.00,0.0,0.0
2026-09-18T16:59:08+00:00,2026-09-18,deadline,5,2026-09-18T17:30:00Z,579,Araujo,LIV,DEF,54,0,-1,2.9,36135,16970,131278,149171,a,,,,,,,,3.8,6,15,194,2,0,0,2,0,0,19,16,3,9,0.00,0.05,0.05,1.96,3.8,3.8
2026-09-18T16:59:08+00:00,2026-09-18,deadline,5,2026-09-18T17:30:00Z,627,Barcola,LIV,MID,80,0,0,1.9,24114,44282,276706,109761,a,,,,,,,,2.0,3,4,97,1,0,0,1,0,0,5,0,3,2,0.21,0.10,0.31,0.77,2.0,2.0
2026-09-18T16:59:08+00:00,2026-09-18,deadline,5,2026-09-18T17:30:00Z,155,Enzo,MCI,MID,69,0,-1,3.5,54352,31897,139468,305880,a,,,,,,,,1.5,2,6,181,2,0,0,2,0,0,16,5,3,8,0.31,0.27,0.58,1.78,1.5,1.5
2026-09-18T16:59:08+00:00,2026-09-18,deadline,5,2026-09-18T17:30:00Z,237,Ndiaye,MCI,MID,59,0,-1,7.3,41464,183106,288845,1059969,a,,,,,,,,4.2,1,17,311,3,0,1,2,1,0,40,9,8,23,0.28,0.44,0.72,6.27,4.2,4.2
2026-09-18T16:59:08+00:00,2026-09-18,deadline,5,2026-09-18T17:30:00Z,384,Donnarumma,MCI,GKP,55,0,0,8.0,56170,41271,193552,284764,a,,,,,,,,4.2,7,17,360,4,0,0,2,2,10,0,2,0,24,0.00,0.00,0.00,3.68,4.2,4.2
2026-09-18T16:59:08+00:00,2026-09-18,deadline,5,2026-09-18T17:30:00Z,386,Bettinelli,MCI,GKP,45,0,0,0.0,75,183,510,1033,a,,,,,,,,0.0,0,0,0,0,0,0,0,0,0,0,0,0,0,0.00,0.00,0.00,0.00,0.0,0.0
2026-09-18T16:59:08+00:00,2026-09-18,deadline,5,2026-09-18T17:30:00Z,387,O'Reilly,MCI,DEF,64,0,-1,11.5,12384,182132,186910,1127582,a,,2026-09-05T18:00:06.379802Z,100,100,,,,1.2,1,5,158,2,0,0,0,2,0,3,1,2,8,0.09,0.43,0.52,1.71,1.2,1.2
2026-09-18T16:59:08+00:00,2026-09-18,deadline,5,2026-09-18T17:30:00Z,388,Guéhi,MCI,DEF,60,0,0,18.6,83243,70713,479114,409977,a,,,,,,,,6.5,6,26,360,4,1,0,2,2,0,25,22,3,17,0.89,0.38,1.27,3.68,6.5,6.5
2026-09-18T16:59:08+00:00,2026-09-18,deadline,5,2026-09-18T17:30:00Z,389,Matheus N.,MCI,DEF,59,0,-1,1.0,6952,4087,12863,71006,a,,2026-08-27T11:30:08.171622Z,100,100,4,,,2.5,9,10,123,1,0,0,1,0,0,12,10,2,10,0.00,0.05,0.05,1.10,2.5,2.5
2026-09-18T16:59:08+00:00,2026-09-18,deadline,5,2026-09-18T17:30:00Z,390,Rúben,MCI,DEF,55,0,0,1.9,20626,10458,61932,64512,a,,,,,,,,4.0,6,16,360,4,0,0,2,2,0,22,21,1,16,0.09,0.74,0.83,3.68,4.0,4.0
2026-09-18T16:59:08+00:00,2026-09-18,deadline,5,2026-09-18T17:30:00Z,391,Gvardiol,MCI,DEF,57,1,2,26.3,562874,39602,1655366,358729,a,,,,,,,,8.2,11,33,344,4,1,2,2,2,0,24,13,11,15,0.22,0.11,0.33,3.68,8.2,8.2
2026-09-18T16:59:08+00:00,2026-09-18,deadline,5,2026-09-18T17:30:00Z,392,Aït-Nouri,MCI,DEF,53,0,-2,0.4,1319,6059,7310,59238,a,,,,,,,,0.0,0,0,0,0,0,0,0,0,0,0,0,0,0,0.00,0.00,0.00,0.00,0.0,0.0
2026-09-18T16:59:08+00:00,2026-09-18,deadline,5,2026-09-18T17:30:00Z,393,Khusanov,MCI,DEF,54,-1,-1,1.4,3327,18232,25320,71222,a,,,,,,,,2.2,0,9,268,3,0,0,1,2,0,17,9,8,13,0.00,0.06,0.06,2.68,2.2,2.2
2026-09-18T16:59:08+00:00,2026-09-18,deadline,5,2026-09-18T17:30:00Z,394,Alleyne,MCI,DEF,50,0,0,0.0,0,39,0,598,u,Has joined Burnley on loan for the rest of the season,2026-08-18T14:11:56.324656Z,0,0,,,,0.0,0,0,0,0,0,0,0,0,0,0,0,0,0,0.00,0.00,0.00,0.00,0.0,0.0
2026-09-18T16:59:08+00:00,2026-09-18,deadline,5,2026-09-18T17:30:00Z,395,Lewis,MCI,DEF,44,0,-1,0.2,1111,2661,7920,14996,a,,,,,,,,0.2,0,1,56,1,0,0,0,1,0,2,2,0,0,0.17,0.02,0.19,0.55,0.2,0.2
2026-09-18T16:59:08+00:00,2026-09-18,deadline,5,2026-09-18T17:30:00Z,396,Vitor Reis,MCI,DEF,45,0,0,0.0,154,235,478,1020,a,,,,,,,,0.2,0,1,1,0,0,0,0,0,0,0,0,0,0,0.00,0.00,0.00,0.00,0.2,0.2
2026-09-18T16:59:08+00:00,2026-09-18,deadline,5,2026-09-18T17:30:00Z,397,Semenyo,MCI,MID,84,0,-1,14.8,35759,169561,189251,1135424,a,,,,,2,,,4.0,3,16,360,4,0,2,2,2,0,15,0,4,11,0.17,0.99,1.16,3.68,4.0,4.0
2026-09-18T16:59:08+00:00,2026-09-18,deadline,5,2026-09-18T17:30:00Z,398,Foden,MCI,MID,69,-1,-1,2.0,2047,195922,303237,527009,s,Suspended until 17 Oct,2026-09-13T17:00:09.433455Z,,0,,2,2,2.2,-2,9,217,3,0,2,0,2,0,14,2,4,8,1.61,0.88,2.49,1.91,2.2,0.0
2026-09-18T16:59:08+00:00,2026-09-18,deadline,5,2026-09-18T17:30:00Z,399,Cherki,MCI,MID,78,0,3,28.0,155438,279224,2539595,856931,a,,,,,,1,1,6.5,1,26,218,3,2,2,1,1,0,7,1,0,6,0.59,1.41,2.00,1.82,6.5,6.5
2026-09-18T16:59:08+00:00,2026-09-18,deadline,5,2026-09-18T17:30:00Z,400,Doku,MCI,MID,74,0,-1,0.7,259,6842,1455,125957,d,Calf injury - 75% chance of playing,2026-08-18T17:00:08.385597Z,0,75,3,,,0.0,0,0,0,0,0,0,0,0,0,0,0,0,0,0.00,0.00,0.00,0.00,0.0,0.0
2026-09-18T16:59:08+00:00,2026-09-18,deadline,5,2026-09-18T17:30:00Z,402,Rodrigo,MCI,MID,65,0,0,0.0,0,52,0,1204,u,Has joined Barcelona permanently,2026-07-23T12:01:23.675537Z,0,0,,,,0.0,0,0,0,0,0,0,0,0,0,0,0,0,0,0.00,0.00,0.00,0.00,0.0,0.0
2026-09-18T16:59:08+00:00,2026-09-18,deadline,5,2026-09-18T17:30:00Z,404,Reijnders,MCI,MID,60,0,0,0.0,0,221,0,8082,u,Has joined Al Qadsiah permanently,2026-08-20T14:02:58.154273Z,0,0,,,,0.0,0,0,0,0,0,0,0,0,0,0,0,0,0,0.00,0.00,0.00,0.00,0.0,0.0
2026-09-18T16:59:08+00:00,2026-09-18,deadline,5,2026-09-18T17:30:00Z,406,Kovačić,MCI,MID,54,0,-1,0.1,238,951,2139,5808,a,,,,,,,,0.5,0,2,42,0,0,0,0,0,0,2,0,0,2,0.00,0.02,0.02,0.10,0.5,0.5
2026-09-18T16:59:08+00:00,2026-09-18,deadline,5,2026-09-18T17:30:00Z,407,Echeverri,MCI,MID,49,0,-1,0.0,0,131,250,1284,u,Has joined Benfica on loan for the rest of the season,2026-09-03T15:41:24.710479Z,0,0,,,,0.0,0,0,0,0,0,0,0,0,0,0,0,0,0,0.00,0.00,0.00,0.00,0.0,0.0
2026-09-18T16:59:08+00:00,2026-09-18,deadline,5,2026-09-18T17:30:00Z,408,Phillips,MCI,MID,50,0,0,0.0,0,36,0,556,u,Has joined Sheffield United on loan for the rest of the season,2026-08-18T14:11:56.348781Z,0,0,,,,0.0,0,0,0,0,0,0,0,0,0,0,0,0,0,0.00,0.00,0.00,0.00,0.0,0.0
2026-09-18T16:59:08+00:00,2026-09-18,deadline,5,2026-09-18T17:30:00Z,409,Mukasa,MCI,MID,45,0,0,0.1,0,1638,1621,11507,u,has joined West Ham on loan for the rest of the seaon.,2026-09-03T10:34:10.733520Z,0,0,,,,0.0,0,0,0,0,0,0,0,0,0,0,0,0,0,0.00,0.00,0.00,0.00,0.0,0.0
2026-09-18T16:59:08+00:00,2026-09-18,deadline,5,2026-09-18T17:30:00Z,410,Monga,MCI,MID,49,0,-1,0.0,0,118,219,1216,u,Has joined Swansea City on loan for the rest of the season,2026-09-02T16:02:01.136760Z,0,0,,,,0.0,0,0,0,0,0,0,0,0,0,0,0,0,0,0.00,0.00,0.00,0.00,0.0,0.0
2026-09-18T16:59:08+00:00,2026-09-18,deadline,5,2026-09-18T17:30:00Z,411,Haaland,MCI,FWD,156,1,1,73.4,188404,23853,836769,301090,a,,,,,1,,,8.2,9,33,360,4,4,0,2,2,0,18,8,0,10,3.33,0.51,3.84,3.68,8.2,8.2
2026-09-18T16:59:08+00:00,2026-09-18,deadline,5,2026-09-18T17:30:00Z,481,Anderson,MCI,MID,63,0,-2,4.2,28816,37059,96561,416388,a,,2026-08-23T17:00:07.952697Z,100,100,,,3,3.2,5,13,323,4,0,0,2,2,0,45,14,11,20,0.09,0.65,0.74,3.58,3.2,3.2
2026-09-18T16:59:08+00:00,2026-09-18,deadline,5,2026-09-18T17:30:00Z,587,Rulli,MCI,GKP,50,0,0,0.0,157,189,527,1009,a,,,,,,,,0.0,0,0,0,0,0,0,0,0,0,0,0,0,0,0.00,0.00,0.00,0.00,0.0,0.0
2026-09-18T16:59:08+00:00,2026-09-18,deadline,5,2026-09-18T17:30:00Z,616,Bouaddi,MCI,MID,55,0,0,0.2,2896,3793,20149,11362,a,,,,,,,,0.7,0,2,22,0,0,0,0,0,0,6,3,0,3,0.00,0.12,0.12,0.37,0.7,0.7
2026-09-18T16:59:08+00:00,2026-09-18,deadline,5,2026-09-18T17:30:00Z,621,McAidoo,MCI,MID,45,0,0,0.1,887,1840,11151,5991,a,,,,,,,,0.7,0,2,11,0,0,0,0,0,0,4,0,2,2,0.10,0.00,0.10,0.02,0.7,0.7
2026-09-18T16:59:08+00:00,2026-09-18,deadline,5,2026-09-18T17:30:00Z,622,Braithwaite,MCI,DEF,40,0,0,0.2,2261,2580,16165,7506,a,,,,,,,,0.3,0,1,1,0,0,0,0,0,0,0,0,0,1,0.00,0.00,0.00,0.00,0.3,0.3
2026-09-18T16:59:08+00:00,2026-09-18,deadline,5,2026-09-18T17:30:00Z,628,Allan,MCI,MID,60,0,0,0.0,340,239,949,518,a,,,,,,,,0.0,0,0,0,0,0,0,0,0,0,0,0,0,0,0.00,0.00,0.00,0.00,0.0,0.0
2026-09-18T16:59:08+00:00,2026-09-18,deadline,5,2026-09-18T17:30:00Z,653,Samba,MCI,MID,45,0,0,0.0,719,859,3617,1667,a,,,,,,,,0.0,0,0,0,0,0,0,0,0,0,0,0,0,0,0.00,0.00,0.00,0.00,0.0,0.0
2026-09-18T16:59:08+00:00,2026-09-18,deadline,5,2026-09-18T17:30:00Z,43,Tielemans,MUN,MID,58,-1,-2,1.5,7993,24369,41270,149816,a,,2026-07-23T12:01:23.321726Z,100,100,3,,,2.5,2,10,312,4,0,0,0,7,0,30,9,4,17,0.56,0.32,0.88,4.54,2.5,2.5
2026-09-18T16:59:08+00:00,2026-09-18,deadline,5,2026-09-18T17:30:00Z,131,Baleba,MUN,MID,49,-1,-1,0.1,618,1672,5421,13597,d,Ankle injury - 50% chance of playing,2026-08-06T16:00:10.997714Z,0,50,,,,0.0,0,0,0,0,0,0,0,0,0,0,0,0,0,0.00,0.00,0.00,0.00,0.0,0.0
2026-09-18T16:59:08+00:00,2026-09-18,deadline,5,2026-09-18T17:30:00Z,162,Andrey Santos,MUN,MID,48,-1,-2,0.6,2793,12079,21122,68237,a,,,,,,,,1.0,0,4,82,1,0,0,0,4,0,18,7,4,7,0.00,0.24,0.24,2.03,1.0,1.0
2026-09-18T16:59:08+00:00,2026-09-18,deadline,5,2026-09-18T17:30:00Z,325,Darlow,MUN,GKP,45,0,0,0.0,168,310,1006,1374,a,,2026-07-23T12:01:23.549136Z,100,100,,,,0.0,0,0,0,0,0,0,0,0,0,0,0,0,0,0.00,0.00,0.00,0.00,0.0,0.0
2026-09-18T16:59:08+00:00,2026-09-18,deadline,5,2026-09-18T17:30:00Z,412,Lammens,MUN,GKP,49,-1,-1,10.2,13634,116000,91927,634267,a,,,,,,,,1.8,2,7,360,4,0,0,0,7,10,0,5,0,33,0.00,0.00,0.00,5.18,1.8,1.8
2026-09-18T16:59:08+00:00,2026-09-18,deadline,5,2026-09-18T17:30:00Z,413,Bayindir,MUN,GKP,45,0,0,0.0,0,93,0,1110,u,Has joined Celta Vigo on loan for the rest of the season,2026-08-10T14:02:28.608415Z,0,0,,,,0.0,0,0,0,0,0,0,0,0,0,0,0,0,0,0.00,0.00,0.00,0.00,0.0,0.0
2026-09-18T16:59:08+00:00,2026-09-18,deadline,5,2026-09-18T17:30:00Z,414,Heaton,MUN,GKP,40,0,0,0.1,361,478,1906,3274,i,Hamstring injury - Unknown return date,2026-08-15T16:00:07.854151Z,0,0,,,,0.0,0,0,0,0,0,0,0,0,0,0,0,0,0,0.00,0.00,0.00,0.00,0.0,0.0
2026-09-18T16:59:08+00:00,2026-09-18,deadline,5,2026-09-18T17:30:00Z,415,Dorgu,MUN,MID,58,0,-2,0.5,2815,8808,12916,93200,a,,,,,,,,1.5,4,6,165,2,0,0,0,6,0,18,6,8,4,0.65,0.08,0.73,3.38,1.5,1.5
2026-09-18T16:59:08+00:00,2026-09-18,deadline,5,2026-09-18T17:30:00Z,416,De Ligt,MUN,DEF,50,0,0,0.0,76,196,376,1421,i,Back injury - Unknown return date,2026-07-23T12:01:23.690880Z,0,0,,,,0.0,0,0,0,0,0,0,0,0,0,0,0,0,0,0.00,0.00,0.00,0.00,0.0,0.0
2026-09-18T16:59:08+00:00,2026-09-18,deadline,5,2026-09-18T17:30:00Z,417,Dalot,MUN,DEF,49,0,-1,1.7,3617,19428,24700,127747,a,,,,,,,,1.5,2,6,256,3,0,0,0,3,0,14,9,5,14,0.18,0.18,0.36,3.08,1.5,1.5
2026-09-18T16:59:08+00:00,2026-09-18,deadline,5,2026-09-18T17:30:00Z,418,Maguire,MUN,DEF,49,0,-1,9.3,13632,146004,133652,919239,a,,,,,,,,2.0,1,8,360,4,0,1,0,7,0,26,24,2,17,0.19,0.43,0.62,5.18,2.0,2.0
2026-09-18T16:59:08+00:00,2026-09-18,deadline,5,2026-09-18T17:30:00Z,419,Martinez,MUN,DEF,50,0,0,1.3,10349,9395,32759,60555,a,,2026-07-24T20:00:10.337107Z,100,100,,,,1.5,2,6,270,3,0,0,0,5,0,16,13,3,13,0.06,0.14,0.20,4.17,1.5,1.5
2026-09-18T16:59:08+00:00,2026-09-18,deadline,5,2026-09-18T17:30:00Z,420,Yoro,MUN,DEF,49,0,-1,0.5,606,4803,4771,33706,a,,,,,,,,0.5,0,2,22,0,0,0,0,2,0,5,3,2,1,0.00,0.02,0.02,1.09,0.5,0.5
2026-09-18T16:59:08+00:00,2026-09-18,deadline,5,2026-09-18T17:30:00Z,421,Heaven,MUN,DEF,44,0,-1,0.3,591,3500,5748,22450,a,,,,,,,,0.2,0,1,90,1,0,0,0,2,0,2,1,1,4,0.12,0.04,0.16,1.01,0.2,0.2
2026-09-18T16:59:08+00:00,2026-09-18,deadline,5,2026-09-18T17:30:00Z,422,Mazraoui,MUN,DEF,44,0,-1,0.5,2519,7706,13719,37877,a,,,,,,,,0.8,0,3,97,1,0,0,0,4,0,6,4,2,3,0.22,0.06,0.28,2.08,0.8,0.8
2026-09-18T16:59:08+00:00,2026-09-18,deadline,5,2026-09-18T17:30:00Z,423,Shaw,MUN,DEF,44,0,-1,8.3,2199,339347,97456,1208366,d,Unspecified injury - 50% chance of playing,2026-09-11T13:00:09.030120Z,75,50,,,3,1.8,0,7,252,3,0,1,0,4,0,20,14,6,6,0.02,0.51,0.53,3.01,1.4,0.9
2026-09-18T16:59:08+00:00,2026-09-18,deadline,5,2026-09-18T17:30:00Z,424,Amass,MUN,DEF,40,0,0,0.2,1352,1663,5862,7980,a,,,,,,,,0.0,0,0,0,0,0,0,0,0,0,0,0,0,0,0.00,0.00,0.00,0.00,0.0,0.0
2026-09-18T16:59:08+00:00,2026-09-18,deadline,5,2026-09-18T17:30:00Z,425,Fredricson,MUN,DEF,40,0,0,0.0,0,104,0,1265,u,Has joined Lausanne-Sport permanently,2026-08-18T14:12:31.904433Z,0,0,,,,0.0,0,0,0,0,0,0,0,0,0,0,0,0,0,0.00,0.00,0.00,0.00,0.0,0.0
2026-09-18T16:59:08+00:00,2026-09-18,deadline,5,2026-09-18T17:30:00Z,426,B.Fernandes,MUN,MID,120,0,0,39.9,66316,330836,609688,1633327,a,,,,,1,1,1,7.2,2,29,360,4,3,1,0,7,0,23,3,4,16,2.28,1.13,3.41,5.18,7.2,7.2
2026-09-18T16:59:08+00:00,2026-09-18,deadline,5,2026-09-18T17:30:00Z,427,Mbeumo,MUN,MID,79,0,-1,21.5,91860,284968,423363,1869463,a,,,,,2,2,2,5.8,2,23,360,4,2,1,0,7,0,22,5,4,13,2.80,0.55,3.35,5.18,5.8,5.8
2026-09-18T16:59:08+00:00,2026-09-18,deadline,5,2026-09-18T17:30:00Z,428,Cunha,MUN,MID,79,0,-1,5.7,11271,83598,73460,484578,a,,,,,,,,4.0,2,16,317,4,0,2,1,4,0,10,0,3,7,0.58,0.44,1.02,3.82,4.0,4.0
2026-09-18T16:59:08+00:00,2026-09-18,deadline,5,2026-09-18T17:30:00Z,429,Rashford,MUN,MID,70,0,0,1.6,17897,22074,80536,110250,a,,,,,,3,,2.0,2,8,275,3,0,0,1,2,0,16,2,4,10,0.38,0.29,0.67,2.88,2.0,2.0
2026-09-18T16:59:08+00:00,2026-09-18,deadline,5,2026-09-18T17:30:00Z,430,Mount,MUN,MID,54,0,-1,0.0,356,270,723,1773,a,,2026-08-15T16:00:07.879135Z,100,100,,4,,0.0,0,0,0,0,0,0,0,0,0,0,0,0,0,0.00,0.00,0.00,0.00,0.0,0.0
2026-09-18T16:59:08+00:00,2026-09-18,deadline,5,2026-09-18T17:30:00Z,431,Amad,MUN,MID,57,-1,-3,0.3,72,5636,2039,121478,i,Unspecified injury - Unknown return date,2026-08-22T11:00:08.617283Z,0,0,,,4,0.0,0,0,0,0,0,0,0,0,0,0,0,0,0,0.00,0.00,0.00,0.00,0.0,0.0
2026-09-18T16:59:08+00:00,2026-09-18,deadline,5,2026-09-18T17:30:00Z,432,Mainoo,MUN,MID,55,0,0,1.6,33232,12883,86331,51895,a,,,,,,,,4.5,4,18,275,3,0,1,0,3,0,44,9,5,30,0.24,0.42,0.66,3.15,4.5,4.5
2026-09-18T16:59:08+00:00,2026-09-18,deadline,5,2026-09-18T17:30:00Z,433,Ugarte,MUN,MID,50,0,0,0.0,14,36,95,240,i,Knee injury - Unknown return date,2026-07-23T12:01:23.706702Z,0,0,,,,0.0,0,0,0,0,0,0,0,0,0,0,0,0,0,0.00,0.00,0.00,0.00,0.0,0.0
2026-09-18T16:59:08+00:00,2026-09-18,deadline,5,2026-09-18T17:30:00Z,434,J.Fletcher,MUN,MID,49,0,-1,0.0,53,122,279,645,a,,,,,,,,0.0,0,0,0,0,0,0,0,0,0,0,0,0,0,0.00,0.00,0.00,0.00,0.0,0.0
2026-09-18T16:59:08+00:00,2026-09-18,deadline,5,2026-09-18T17:30:00Z,435,Lacey,MUN,MID,49,0,-1,0.1,501,552,1323,2954,a,,,,,,,,0.2,0,1,10,0,0,0,0,0,0,1,0,0,1,0.00,0.00,0.00,0.00,0.2,0.2
2026-09-18T16:59:08+00:00,2026-09-18,deadline,5,2026-09-18T17:30:00Z,436,Collyer,MUN,MID,50,0,0,0.0,0,134,150,1006,u,Has joined West Brom permanently,2026-09-01T13:16:48.584385Z,0,0,,,,0.0,0,0,0,0,0,0,0,0,0,0,0,0,0,0.00,0.00,0.00,0.00,0.0,0.0
2026-09-18T16:59:08+00:00,2026-09-18,deadline,5,2026-09-18T17:30:00Z,437,Bendito Mantato,MUN,MID,45,0,0,0.2,609,1664,4649,8742,a,,,,,,,,0.0,0,0,0,0,0,0,0,0,0,0,0,0,0,0.00,0.00,0.00,0.00,0.0,0.0
2026-09-18T16:59:08+00:00,2026-09-18,deadline,5,2026-09-18T17:30:00Z,438,Fletcher,MUN,MID,44,-1,-1,0.3,3337,3171,7869,14653,a,,,,,,,,0.0,0,0,0,0,0,0,0,0,0,0,0,0,0,0.00,0.00,0.00,0.00,0.0,0.0
2026-09-18T16:59:08+00:00,2026-09-18,deadline,5,2026-09-18T17:30:00Z,439,Šeško,MUN,FWD,70,0,0,1.8,24029,22630,96509,108974,a,,2026-07-23T12:01:23.722029Z,100,100,,,,2.0,1,8,76,0,1,0,0,3,0,5,0,0,5,0.39,0.01,0.40,2.00,2.0,2.0
2026-09-18T16:59:08+00:00,2026-09-18,deadline,5,2026-09-18T17:30:00Z,440,Zirkzee,MUN,FWD,54,0,-1,0.4,2534,5869,13808,40369,a,,,,,,,,0.2,1,1,7,0,0,0,0,0,0,3,1,0,2,0.00,0.01,0.01,0.02,0.2,0.2
2026-09-18T16:59:08+00:00,2026-09-18,deadline,5,2026-09-18T17:30:00Z,441,Obi,MUN,FWD,45,0,0,1.0,5061,20654,45543,62334,u,Has joined Willem II on loan for the rest of the season,2026-09-14T16:12:42.090874Z,,0,,,,0.0,0,0,0,0,0,0,0,0,0,0,0,0,0,0.00,0.00,0.00,0.00,0.0,0.0
2026-09-18T16:59:08+00:00,2026-09-18,deadline,5,2026-09-18T17:30:00Z,405,N.Gonzalez,NEW,MID,55,0,0,0.2,1104,6559,17461,14893,i,Concussion - Expected back 12 Oct,2026-09-14T21:30:07.343728Z,,0,,,,1.2,1,5,164,3,0,0,1,2,0,12,3,0,9,0.00,0.21,0.21,2.34,1.2,0.0
2026-09-18T16:59:08+00:00,2026-09-18,deadline,5,2026-09-18T17:30:00Z,442,Pope,NEW,GKP,49,0,-1,1.0,1779,7043,12441,50531,a,,,,,,,,0.0,0,0,0,0,0,0,0,0,0,0,0,0,0,0.00,0.00,0.00,0.00,0.0,0.0
2026-09-18T16:59:08+00:00,2026-09-18,deadline,5,2026-09-18T17:30:00Z,443,Gillespie,NEW,GKP,45,0,0,0.0,180,210,722,1114,a,,,,,,,,0.0,0,0,0,0,0,0,0,0,0,0,0,0,0,0.00,0.00,0.00,0.00,0.0,0.0
2026-09-18T16:59:08+00:00,2026-09-18,deadline,5,2026-09-18T17:30:00Z,444,Jaouen,NEW,GKP,45,0,0,0.0,30,249,433,1399,d,Ankle injury - 50% chance of playing,2026-09-10T16:00:09.127466Z,50,50,,,,0.0,0,0,0,0,0,0,0,0,0,0,0,0,0,0.00,0.00,0.00,0.00,0.0,0.0
2026-09-18T16:59:08+00:00,2026-09-18,deadline,5,2026-09-18T17:30:00Z,445,Thiaw,NEW,DEF,50,0,0,2.2,27454,24054,167786,112217,a,,,,,,,,2.5,2,10,360,4,0,0,1,8,0,32,32,0,7,0.00,0.07,0.07,7.55,2.5,2.5
2026-09-18T16:59:08+00:00,2026-09-18,deadline,5,2026-09-18T17:30:00Z,446,Schär,NEW,DEF,49,-1,-1,0.2,1087,2450,6477,12884,a,,2026-08-15T16:30:07.209742Z,100,100,,2,,0.2,0,1,1,0,0,0,0,1,0,0,0,0,0,0.00,0.00,0.00,0.79,0.2,0.2
2026-09-18T16:59:08+00:00,2026-09-18,deadline,5,2026-09-18T17:30:00Z,447,Botman,NEW,DEF,50,0,0,0.7,7992,6245,42301,25132,a,,,,,,,,2.8,2,11,360,4,0,0,1,8,0,41,37,4,13,0.01,0.17,0.18,7.55,2.8,2.8
2026-09-18T16:59:08+00:00,2026-09-18,deadline,5,2026-09-18T17:30:00Z,448,Burn,NEW,DEF,49,0,-1,0.8,179,11579,7214,154414,i,Ankle injury - Expected back 12 Oct,2026-08-23T18:00:08.367241Z,0,0,,,,0.0,0,0,0,0,0,0,0,0,0,0,0,0,0,0.00,0.00,0.00,0.00,0.0,0.0
2026-09-18T16:59:08+00:00,2026-09-18,deadline,5,2026-09-18T17:30:00Z,449,Hall,NEW,DEF,52,0,2,14.9,209642,109587,1402751,324715,a,,,,,,1,1,4.5,0,18,359,4,0,1,1,8,0,36,24,12,31,0.06,0.68,0.74,7.53,4.5,4.5
2026-09-18T16:59:08+00:00,2026-09-18,deadline,5,2026-09-18T17:30:00Z,450,Livramento,NEW,DEF,49,0,-1,0.1,5641,1260,9340,4389,a,,2026-07-23T12:01:23.753221Z,100,100,,,,1.0,3,4,33,0,0,1,0,1,0,3,1,2,4,0.00,0.01,0.01,0.18,1.0,1.0
2026-09-18T16:59:08+00:00,2026-09-18,deadline,5,2026-09-18T17:30:00Z,451,A.Murphy,NEW,DEF,40,0,0,0.1,0,587,0,6646,u,Has joined FC Kaiserslautern on loan for the rest of the season,2026-08-12T14:05:29.224600Z,0,0,,,,0.0,0,0,0,0,0,0,0,0,0,0,0,0,0,0.00,0.00,0.00,0.00,0.0,0.0
2026-09-18T16:59:08+00:00,2026-09-18,deadline,5,2026-09-18T17:30:00Z,453,Barnes,NEW,MID,60,0,0,4.4,204930,39392,455639,130322,a,,,,,,,3,4.8,2,19,360,4,1,1,1,8,0,24,10,3,11,0.51,0.37,0.88,7.55,4.8,4.8
2026-09-18T16:59:08+00:00,2026-09-18,deadline,5,2026-09-18T17:30:00Z,454,Elanga,NEW,MID,62,0,2,6.0,53632,590261,1285816,891946,i,Unspecified injury - Unknown return date,2026-09-14T20:00:09.505598Z,,0,,,2,4.5,0,18,232,3,2,0,1,3,0,9,2,4,3,0.42,0.34,0.76,4.01,4.5,0.0
2026-09-18T16:59:08+00:00,2026-09-18,deadline,5,2026-09-18T17:30:00Z,456,J.Ramsey,NEW,MID,49,0,-1,0.3,1788,9551,16545,25759,i,Thigh injury - Unknown return date,2026-09-15T09:00:08.191022Z,,0,,,,1.8,0,7,69,0,1,0,0,1,0,11,3,2,6,0.17,0.16,0.33,1.92,1.8,0.0
2026-09-18T16:59:08+00:00,2026-09-18,deadline,5,2026-09-18T17:30:00Z,457,J.Murphy,NEW,MID,59,0,-1,0.1,2098,1804,4992,10123,a,,,,,,,4,0.5,0,2,91,1,0,0,0,4,0,10,1,2,7,0.00,0.34,0.34,3.37,0.5,0.5
2026-09-18T16:59:08+00:00,2026-09-18,deadline,5,2026-09-18T17:30:00Z,458,Joelinton,NEW,MID,54,0,-1,0.0,44,175,211,2157,i,Unspecified injury - Unknown return date,2026-08-16T08:00:08.074045Z,0,0,,,,0.0,0,0,0,0,0,0,0,0,0,0,0,0,0,0.00,0.00,0.00,0.00,0.0,0.0
2026-09-18T16:59:08+00:00,2026-09-18,deadline,5,2026-09-18T17:30:00Z,459,L.Miley,NEW,MID,55,0,0,0.1,1179,1278,5826,4967,a,,2026-07-23T12:01:23.785456Z,100,100,,,5,2.0,0,8,306,4,0,0,1,7,0,36,13,2,21,0.05,0.10,0.15,6.36,2.0,2.0
2026-09-18T16:59:08+00:00,2026-09-18,deadline,5,2026-09-18T17:30:00Z,460,Willock,NEW,MID,50,0,0,0.5,6984,8168,54505,27733,a,,,,,,,,3.0,1,12,198,2,1,0,1,4,0,12,3,4,5,0.64,0.26,0.90,3.73,3.0,3.0
2026-09-18T16:59:08+00:00,2026-09-18,deadline,5,2026-09-18T17:30:00Z,461,Touré,NEW,MID,58,0,-2,0.1,1748,1469,3294,15564,a,,,,,,,,1.8,6,7,34,0,1,0,0,1,0,2,0,0,2,0.28,0.01,0.29,0.16,1.8,1.8
2026-09-18T16:59:08+00:00,2026-09-18,deadline,5,2026-09-18T17:30:00Z,462,Steur,NEW,MID,49,0,-1,0.1,403,966,2139,5767,a,,,,,,,,1.2,2,5,158,1,0,0,0,5,0,14,7,2,5,0.00,0.03,0.03,3.71,1.2,1.2
2026-09-18T16:59:08+00:00,2026-09-18,deadline,5,2026-09-18T17:30:00Z,463,Woltemade,NEW,FWD,59,0,-1,0.5,0,11256,14520,138156,u,Has joined Juventus on loan for the rest of the season,2026-09-02T16:07:16.549304Z,0,0,,,,1.0,0,4,19,0,0,1,0,0,0,0,0,0,0,0.02,0.01,0.03,0.38,0.0,0.0
2026-09-18T16:59:08+00:00,2026-09-18,deadline,5,2026-09-18T17:30:00Z,464,Wissa,NEW,FWD,62,0,2,19.1,313752,207405,2170354,579991,a,,,,,2,,,3.8,2,15,351,4,1,1,1,7,0,22,4,6,12,1.51,0.05,1.56,6.38,3.8,3.8
2026-09-18T16:59:08+00:00,2026-09-18,deadline,5,2026-09-18T17:30:00Z,465,Osula,NEW,FWD,59,0,-1,0.3,187,6433,21322,84075,i,Foot injury - Unknown return date,2026-08-25T19:00:08.004915Z,0,0,1,4,,1.0,0,4,55,1,0,1,0,1,0,5,2,1,2,0.06,0.14,0.20,1.48,0.0,0.0
2026-09-18T16:59:08+00:00,2026-09-18,deadline,5,2026-09-18T17:30:00Z,466,Neave,NEW,FWD,45,0,0,0.5,0,8970,23805,48348,u,Has joined Wolves on loan for the rest of the season,2026-09-04T12:37:43.515176Z,0,0,,,,0.0,0,0,0,0,0,0,0,0,0,0,0,0,0,0.00,0.00,0.00,0.00,0.0,0.0
2026-09-18T16:59:08+00:00,2026-09-18,deadline,5,2026-09-18T17:30:00Z,559,Bamba,NEW,MID,49,0,-1,0.1,365,1118,2428,7044,a,,,,,,,,0.5,1,2,24,0,0,0,0,1,0,4,1,2,1,0.00,0.00,0.00,1.15,0.5,0.5
2026-09-18T16:59:08+00:00,2026-09-18,deadline,5,2026-09-18T17:30:00Z,567,Horníček,NEW,GKP,50,0,0,1.5,21896,14116,143777,66098,a,,,,,,,,2.8,1,11,360,4,0,0,1,8,16,0,8,0,19,0.00,0.00,0.00,7.55,2.8,2.8
2026-09-18T16:59:08+00:00,2026-09-18,deadline,5,2026-09-18T17:30:00Z,593,Dedić,NEW,DEF,45,0,0,2.1,11080,95971,447606,262401,i,Unspecified injury - Unknown return date,2026-09-17T14:30:09.823731Z,75,0,,3,,3.2,0,13,327,4,0,1,1,7,0,24,16,8,15,0.14,0.08,0.22,7.38,2.4,0.0
2026-09-18T16:59:08+00:00,2026-09-18,deadline,5,2026-09-18T17:30:00Z,609,Shahar,NEW,DEF,40,0,0,0.2,0,5437,18236,13814,u,has joined Arouca on loan for the rest of the seaon.,2026-09-11T14:41:57.406766Z,0,0,,,,0.0,0,0,0,0,0,0,0,0,0,0,0,0,0,0.00,0.00,0.00,0.00,0.0,0.0
2026-09-18T16:59:08+00:00,2026-09-18,deadline,5,2026-09-18T17:30:00Z,634,Fernandez-Pardo,NEW,FWD,60,0,0,0.1,3431,2290,14932,4825,a,,,,,,,,1.0,1,2,84,1,0,0,0,3,0,3,0,1,2,0.00,0.01,0.01,1.95,1.0,1.0
2026-09-18T16:59:08+00:00,2026-09-18,deadline,5,2026-09-18T17:30:00Z,659,Miley,NEW,MID,45,0,0,0.0,3263,569,3263,569,a,,,,,,,,0.0,0,0,0,0,0,0,0,0,0,0,0,0,0,0.00,0.00,0.00,0.00,1.1,1.1
2026-09-18T16:59:08+00:00,2026-09-18,deadline,5,2026-09-18T17:30:00Z,167,Delap,NFO,FWD,55,0,0,3.0,204674,20599,269457,52566,a,,,,,3,,,2.0,5,8,187,2,1,0,1,2,0,9,3,1,5,0.76,0.14,0.90,1.95,2.0,2.0
2026-09-18T16:59:08+00:00,2026-09-18,deadline,5,2026-09-18T17:30:00Z,201,Muñoz,NFO,DEF,54,0,-1,6.3,89700,50558,139827,452398,a,,,,,,,,0.8,2,3,175,2,0,0,0,3,0,12,6,6,5,0.48,0.19,0.67,1.92,0.8,0.8
2026-09-18T16:59:08+00:00,2026-09-18,deadline,5,2026-09-18T17:30:00Z,467,Sels,NFO,GKP,50,0,0,1.9,37550,12710,64417,55581,a,,,,,,,,3.0,3,12,360,4,0,0,1,4,9,0,6,0,37,0.00,0.01,0.01,4.10,3.0,3.0
2026-09-18T16:59:08+00:00,2026-09-18,deadline,5,2026-09-18T17:30:00Z,468,John,NFO,GKP,45,0,0,0.1,191,326,801,1854,a,,,,,,,,0.0,0,0,0,0,0,0,0,0,0,0,0,0,0,0.00,0.00,0.00,0.00,0.0,0.0
2026-09-18T16:59:08+00:00,2026-09-18,deadline,5,2026-09-18T17:30:00Z,469,N.Williams,NFO,DEF,50,0,0,9.6,140999,48122,300553,303448,a,,,,,,3,2,4.2,2,17,360,4,0,1,1,4,0,27,14,13,20,0.32,0.40,0.72,4.10,4.2,4.2
2026-09-18T16:59:08+00:00,2026-09-18,deadline,5,2026-09-18T17:30:00Z,470,Morato,NFO,DEF,50,0,0,0.0,0,415,424,3570,u,Has joined West Ham on loan for the rest of the season,2026-09-02T16:19:54.503286Z,0,0,,,,0.0,0,0,0,0,0,0,0,0,0,0,0,0,0,0.00,0.00,0.00,0.00,0.0,0.0
2026-09-18T16:59:08+00:00,2026-09-18,deadline,5,2026-09-18T17:30:00Z,471,Milenković,NFO,DEF,55,0,0,1.1,254,48584,17930,93277,i,Hamstring injury - Expected back 11 Oct,2026-09-12T14:00:09.705107Z,,0,,,,3.0,0,12,270,3,0,0,1,3,0,31,26,5,12,0.11,0.03,0.14,3.28,3.0,0.0
2026-09-18T16:59:08+00:00,2026-09-18,deadline,5,2026-09-18T17:30:00Z,472,Murillo,NFO,DEF,55,0,0,2.3,58618,11022,92585,52870,a,,2026-07-23T12:01:23.801183Z,100,100,,2,,4.8,6,19,359,4,0,1,1,4,0,42,34,8,16,0.35,0.29,0.64,4.10,4.8,4.8
2026-09-18T16:59:08+00:00,2026-09-18,deadline,5,2026-09-18T17:30:00Z,473,Aina,NFO,DEF,45,0,0,2.6,19930,23825,66625,148995,a,,,,,,,,2.0,2,8,306,4,0,0,1,3,0,22,12,10,14,0.04,0.53,0.57,3.72,2.0,2.0
2026-09-18T16:59:08+00:00,2026-09-18,deadline,5,2026-09-18T17:30:00Z,474,Jair Cunha,NFO,DEF,45,0,0,0.2,211,4612,9492,12378,d,Hamstring injury - 75% chance of playing,2026-09-12T14:00:09.724349Z,,75,,,,2.5,0,10,270,3,0,0,1,3,0,28,23,5,5,0.03,0.01,0.04,3.28,2.5,1.9
2026-09-18T16:59:08+00:00,2026-09-18,deadline,5,2026-09-18T17:30:00Z,475,Savona,NFO,DEF,45,0,0,0.0,14,34,217,253,i,Knee injury - Unknown return date,2026-07-23T12:01:23.816304Z,0,0,,,,0.0,0,0,0,0,0,0,0,0,0,0,0,0,0,0.00,0.00,0.00,0.00,0.0,0.0
2026-09-18T16:59:08+00:00,2026-09-18,deadline,5,2026-09-18T17:30:00Z,476,O.Richards,NFO,DEF,40,0,0,0.2,996,1615,3674,7495,a,,,,,,,,0.0,0,0,0,0,0,0,0,0,0,0,0,0,0,0.00,0.00,0.00,0.00,0.0,0.0
2026-09-18T16:59:08+00:00,2026-09-18,deadline,5,2026-09-18T17:30:00Z,477,Abbott,NFO,DEF,40,0,0,0.1,0,2204,2459,13014,u,Has joined Southampton on loan for the rest of the season,2026-09-02T16:19:54.536676Z,0,0,,,,0.0,0,0,0,0,0,0,0,0,0,0,0,0,0,0.00,0.00,0.00,0.00,0.0,0.0
2026-09-18T16:59:08+00:00,2026-09-18,deadline,5,2026-09-18T17:30:00Z,478,Netz,NFO,DEF,44,-1,-1,0.0,240,337,624,1465,a,,,,,,,,0.5,0,2,20,0,0,0,0,1,0,1,0,1,1,0.00,0.00,0.00,0.13,0.5,0.5
2026-09-18T16:59:08+00:00,2026-09-18,deadline,5,2026-09-18T17:30:00Z,479,Bindon,NFO,DEF,40,0,0,0.1,0,1351,799,8084,u,Has joined Charlton Athletic on loan for the rest of the season,2026-09-01T13:16:05.383880Z,0,0,,,,0.0,0,0,0,0,0,0,0,0,0,0,0,0,0,0.00,0.00,0.00,0.00,0.0,0.0
2026-09-18T16:59:08+00:00,2026-09-18,deadline,5,2026-09-18T17:30:00Z,480,Gibbs-White,NFO,MID,80,1,0,17.0,692190,37510,1091268,581514,a,,2026-08-24T15:30:08.350159Z,100,100,1,1,,6.5,8,26,360,4,1,2,1,4,0,19,2,5,12,1.56,1.02,2.58,4.10,6.5,6.5
2026-09-18T16:59:08+00:00,2026-09-18,deadline,5,2026-09-18T17:30:00Z,482,Hudson-Odoi,NFO,MID,58,-1,-2,0.2,1817,2547,4926,16315,a,,2026-07-23T12:01:23.832709Z,100,100,,4,,0.2,0,1,1,0,0,0,0,0,0,0,0,0,0,0.00,0.00,0.00,0.00,0.2,0.2
2026-09-18T16:59:08+00:00,2026-09-18,deadline,5,2026-09-18T17:30:00Z,483,Ndoye,NFO,MID,55,0,0,0.8,25053,11243,70104,40816,a,,,,,,,,3.5,1,14,258,4,1,0,1,2,0,19,2,2,15,1.05,0.88,1.93,3.21,3.5,3.5
2026-09-18T16:59:08+00:00,2026-09-18,deadline,5,2026-09-18T17:30:00Z,484,Hutchinson,NFO,MID,54,0,-1,0.1,0,1047,427,10582,u,Has joined AC Milan on loan for the rest of the season,2026-09-01T13:23:52.340206Z,0,0,,,,0.0,0,0,0,0,0,0,0,0,0,0,0,0,0,0.00,0.00,0.00,0.00,0.0,0.0
2026-09-18T16:59:08+00:00,2026-09-18,deadline,5,2026-09-18T17:30:00Z,485,Bakwa,NFO,MID,55,0,0,0.0,0,60,107,1142,u,Has joined Lille on loan for the rest of the season,2026-08-27T14:53:03.381941Z,0,0,,,,0.0,0,0,0,0,0,0,0,0,0,0,0,0,0,0.00,0.00,0.00,0.00,0.0,0.0
2026-09-18T16:59:08+00:00,2026-09-18,deadline,5,2026-09-18T17:30:00Z,486,McAtee,NFO,MID,55,0,0,0.1,3483,1583,9506,4996,a,,,,,,,1,2.5,3,10,334,4,0,0,2,3,0,35,8,8,19,0.16,0.92,1.08,3.88,2.5,2.5
2026-09-18T16:59:08+00:00,2026-09-18,deadline,5,2026-09-18T17:30:00Z,487,Dominguez,NFO,MID,49,0,-1,0.1,246,694,1130,3783,a,,,,,,,,0.2,0,1,1,0,0,0,0,0,0,0,0,0,0,0.00,0.00,0.00,0.00,0.2,0.2
2026-09-18T16:59:08+00:00,2026-09-18,deadline,5,2026-09-18T17:30:00Z,488,I.Sangaré,NFO,MID,49,0,-1,0.4,1510,6493,8842,65067,a,,2026-08-28T09:30:07.471668Z,100,100,,,,0.8,1,3,98,1,0,0,0,1,0,8,4,1,3,0.09,0.02,0.11,0.56,0.8,0.8
2026-09-18T16:59:08+00:00,2026-09-18,deadline,5,2026-09-18T17:30:00Z,489,Yates,NFO,MID,45,0,0,1.2,2882,14707,29589,85966,a,,2026-08-17T20:30:08.195072Z,100,100,,,,0.0,0,0,0,0,0,0,0,0,0,0,0,0,0,0.00,0.00,0.00,0.00,0.0,0.0
2026-09-18T16:59:08+00:00,2026-09-18,deadline,5,2026-09-18T17:30:00Z,490,Wood,NFO,FWD,58,-1,-2,0.9,5444,15088,22357,109341,a,,,,,2,,,0.8,1,3,45,0,0,0,0,1,0,1,0,0,1,0.12,0.01,0.13,0.49,0.8,0.8
2026-09-18T16:59:08+00:00,2026-09-18,deadline,5,2026-09-18T17:30:00Z,491,Igor Jesus,NFO,FWD,58,-1,-2,2.8,67270,31585,115729,246078,a,,,,,4,,,2.8,7,11,226,2,1,0,0,3,0,12,5,2,5,1.09,0.07,1.16,2.57,2.8,2.8
2026-09-18T16:59:08+00:00,2026-09-18,deadline,5,2026-09-18T17:30:00Z,493,Kalimuendo,NFO,FWD,54,0,-1,0.1,473,814,2800,3689,a,,,,,,,,0.2,0,1,1,0,0,0,0,0,0,0,0,0,0,0.00,0.00,0.00,0.00,0.2,0.2
2026-09-18T16:59:08+00:00,2026-09-18,deadline,5,2026-09-18T17:30:00Z,558,Schlager,NFO,MID,50,0,0,0.1,2957,1242,5574,4970,a,,,,,,,3,2.8,3,11,286,3,0,0,1,4,0,42,9,15,18,0.14,0.08,0.22,3.76,2.8,2.8
2026-09-18T16:59:08+00:00,2026-09-18,deadline,5,2026-09-18T17:30:00Z,581,Diomande,NFO,DEF,54,0,-1,0.5,3864,3286,11976,39360,a,,,,,,,,1.2,4,5,91,1,0,0,0,1,0,14,13,1,3,0.11,0.00,0.11,0.82,1.2,1.2
2026-09-18T16:59:08+00:00,2026-09-18,deadline,5,2026-09-18T17:30:00Z,590,Benda,NFO,GKP,45,0,0,0.1,411,547,2529,2585,a,,,,,,,,0.0,0,0,0,0,0,0,0,0,0,0,0,0,0,0.00,0.00,0.00,0.00,0.0,0.0
2026-09-18T16:59:08+00:00,2026-09-18,deadline,5,2026-09-18T17:30:00Z,112,Van Hecke,TOT,DEF,49,0,-1,6.7,39327,42057,134693,443500,a,,,,,,,,4.5,8,18,360,4,0,0,2,5,0,34,27,7,13,0.34,0.12,0.46,6.62,4.5,4.5
2026-09-18T16:59:08+00:00,2026-09-18,deadline,5,2026-09-18T17:30:00Z,147,Tosin,TOT,DEF,44,0,-1,0.2,421,998,1876,7313,a,,,,,,,,0.2,1,1,5,0,0,0,0,0,0,4,2,2,1,0.00,0.00,0.00,0.03,0.2,0.2
2026-09-18T16:59:08+00:00,2026-09-18,deadline,5,2026-09-18T17:30:00Z,401,Marmoush,TOT,FWD,70,0,0,2.2,33442,44155,220701,139947,a,,,,,2,5,,1.5,2,6,249,3,0,0,2,2,0,9,0,1,8,0.36,0.11,0.47,2.68,1.5,1.5
2026-09-18T16:59:08+00:00,2026-09-18,deadline,5,2026-09-18T17:30:00Z,403,Sávio,TOT,MID,65,0,0,0.7,12317,12762,96425,72240,a,,2026-08-29T16:30:08.380416Z,100,100,,,4,1.5,3,6,150,2,0,0,2,0,0,6,1,0,5,0.12,0.53,0.65,1.60,1.5,1.5
2026-09-18T16:59:08+00:00,2026-09-18,deadline,5,2026-09-18T17:30:00Z,455,Tonali,TOT,MID,54,0,-1,1.9,4323,59287,45372,252984,a,,2026-09-14T14:30:07.387706Z,,100,,,,3.0,3,12,344,4,0,0,2,5,0,31,10,5,16,0.18,0.40,0.58,6.62,3.0,3.0
2026-09-18T16:59:08+00:00,2026-09-18,deadline,5,2026-09-18T17:30:00Z,494,Vicario,TOT,GKP,45,0,0,0.1,0,1662,0,21356,u,Has joined Juventus on loan for the rest of the season,2026-08-19T13:55:33.193962Z,0,0,,,,0.0,0,0,0,0,0,0,0,0,0,0,0,0,0,0.00,0.00,0.00,0.00,0.0,0.0
2026-09-18T16:59:08+00:00,2026-09-18,deadline,5,2026-09-18T17:30:00Z,495,Austin,TOT,GKP,40,0,0,1.0,5952,4469,27464,19574,a,,,,,,,,0.0,0,0,0,0,0,0,0,0,0,0,0,0,0,0.00,0.00,0.00,0.00,0.0,0.0
2026-09-18T16:59:08+00:00,2026-09-18,deadline,5,2026-09-18T17:30:00Z,496,Kinsky,TOT,GKP,45,0,0,18.1,92166,91958,325610,677160,a,,,,,,,,4.0,7,16,360,4,0,0,2,5,9,0,10,0,29,0.00,0.00,0.00,6.62,4.0,4.0
2026-09-18T16:59:08+00:00,2026-09-18,deadline,5,2026-09-18T17:30:00Z,497,Dubravka,TOT,GKP,40,0,0,17.5,57168,82011,367974,389822,a,,,,,,,,0.0,0,0,0,0,0,0,0,0,0,0,0,0,0,0.00,0.00,0.00,0.00,0.0,0.0
2026-09-18T16:59:08+00:00,2026-09-18,deadline,5,2026-09-18T17:30:00Z,498,Senesi,TOT,DEF,58,-1,-2,3.7,2455,70369,28090,434134,a,,,,,,,,0.8,0,3,90,1,0,0,0,3,0,16,11,5,2,0.00,0.02,0.02,3.87,0.8,0.8
2026-09-18T16:59:08+00:00,2026-09-18,deadline,5,2026-09-18T17:30:00Z,499,Pedro Porro,TOT,DEF,54,-1,-1,8.2,4624,239694,122065,914577,a,,2026-09-11T18:00:09.076279Z,75,100,,1,3,2.0,0,8,180,2,0,0,1,2,0,8,6,2,5,0.36,0.16,0.52,1.64,1.5,2.0
2026-09-18T16:59:08+00:00,2026-09-18,deadline,5,2026-09-18T17:30:00Z,500,Romero,TOT,DEF,50,0,0,0.1,0,601,0,16505,u,Has joined Atletico Madrid permanently,2026-08-17T13:49:05.465401Z,0,0,,,,0.0,0,0,0,0,0,0,0,0,0,0,0,0,0,0.00,0.00,0.00,0.00,0.0,0.0
2026-09-18T16:59:08+00:00,2026-09-18,deadline,5,2026-09-18T17:30:00Z,502,Robertson,TOT,DEF,44,0,-1,2.6,19449,21615,60972,169584,a,,,,,,,1,3.2,7,13,276,3,0,0,1,4,0,17,14,3,8,0.13,0.17,0.30,5.89,3.2,3.2
2026-09-18T16:59:08+00:00,2026-09-18,deadline,5,2026-09-18T17:30:00Z,503,Van de Ven,TOT,DEF,50,0,0,4.0,29083,20181,87887,246653,a,,2026-08-21T15:00:07.610517Z,100,100,,,,3.8,6,15,270,3,0,0,2,2,0,23,19,4,12,0.57,0.04,0.61,2.75,3.8,3.8
2026-09-18T16:59:08+00:00,2026-09-18,deadline,5,2026-09-18T17:30:00Z,505,Spence,TOT,DEF,45,0,0,0.2,0,2585,0,68018,u,Has joined Internazionale permanently,2026-08-18T14:13:08.454214Z,0,0,,,,0.0,0,0,0,0,0,0,0,0,0,0,0,0,0,0.00,0.00,0.00,0.00,0.0,0.0
2026-09-18T16:59:08+00:00,2026-09-18,deadline,5,2026-09-18T17:30:00Z,506,Udogie,TOT,DEF,44,-1,-1,0.3,903,4874,5193,20745,a,,2026-09-11T18:00:09.092110Z,75,100,,,,1.8,0,7,86,1,0,0,1,1,0,4,3,1,4,0.00,0.23,0.23,1.17,1.4,1.8
2026-09-18T16:59:08+00:00,2026-09-18,deadline,5,2026-09-18T17:30:00Z,507,Phillips,TOT,DEF,45,0,0,0.0,0,106,0,1215,u,Has joined Middlesbrough permanently,2026-08-18T14:13:08.474144Z,0,0,,,,0.0,0,0,0,0,0,0,0,0,0,0,0,0,0,0.00,0.00,0.00,0.00,0.0,0.0
2026-09-18T16:59:08+00:00,2026-09-18,deadline,5,2026-09-18T17:30:00Z,508,Davies,TOT,DEF,40,0,0,0.8,1979,7441,11731,37146,a,,,,,,,,0.0,0,0,0,0,0,0,0,0,0,0,0,0,0,0.00,0.00,0.00,0.00,0.0,0.0
2026-09-18T16:59:08+00:00,2026-09-18,deadline,5,2026-09-18T17:30:00Z,509,Byfield,TOT,DEF,40,0,0,0.1,544,559,2203,2330,a,,,,,,,,0.0,0,0,0,0,0,0,0,0,0,0,0,0,0,0.00,0.00,0.00,0.00,0.0,0.0
2026-09-18T16:59:08+00:00,2026-09-18,deadline,5,2026-09-18T17:30:00Z,510,Rowswell,TOT,DEF,40,0,0,0.1,651,734,2708,3112,a,,,,,,,,0.0,0,0,0,0,0,0,0,0,0,0,0,0,0,0.00,0.00,0.00,0.00,0.0,0.0
2026-09-18T16:59:08+00:00,2026-09-18,deadline,5,2026-09-18T17:30:00Z,511,Souza,TOT,DEF,40,0,0,0.2,0,2318,2555,15913,u,Has joined FC Porto on loan for the rest of the season,2026-09-01T13:24:26.858636Z,0,0,,,,0.0,0,0,0,0,0,0,0,0,0,0,0,0,0,0.00,0.00,0.00,0.00,0.0,0.0
2026-09-18T16:59:08+00:00,2026-09-18,deadline,5,2026-09-18T17:30:00Z,512,Kudus,TOT,MID,65,0,0,0.1,2621,2755,10687,9887,a,,2026-07-23T12:01:23.848657Z,100,100,3,3,6,0.8,1,3,78,0,0,0,0,1,0,7,0,1,6,0.04,0.22,0.26,1.11,0.8,0.8
2026-09-18T16:59:08+00:00,2026-09-18,deadline,5,2026-09-18T17:30:00Z,513,Xavi,TOT,MID,59,0,-1,0.0,51,121,292,1040,i,Knee injury - Unknown return date,2026-07-23T12:01:23.864304Z,0,0,4,2,,0.0,0,0,0,0,0,0,0,0,0,0,0,0,0,0.00,0.00,0.00,0.00,0.0,0.0
2026-09-18T16:59:08+00:00,2026-09-18,deadline,5,2026-09-18T17:30:00Z,514,Tel,TOT,MID,58,0,-2,0.2,877,5902,8912,44502,a,,,,,,4,5,2.0,1,8,257,3,0,0,1,4,0,13,1,1,11,0.21,0.23,0.44,5.55,2.0,2.0
2026-09-18T16:59:08+00:00,2026-09-18,deadline,5,2026-09-18T17:30:00Z,515,Maddison,TOT,MID,63,0,-2,0.4,1671,4467,4979,94054,a,,2026-08-25T14:30:07.623508Z,100,100,,,,0.5,1,2,35,0,0,0,0,0,0,5,3,0,2,0.00,0.02,0.02,0.88,0.5,0.5
2026-09-18T16:59:08+00:00,2026-09-18,deadline,5,2026-09-18T17:30:00Z,516,Bentancur,TOT,MID,55,0,0,0.2,2054,1550,4712,7598,a,,,,,,,,2.8,3,11,287,3,0,0,2,3,0,43,19,9,15,0.02,0.08,0.10,4.49,2.8,2.8
2026-09-18T16:59:08+00:00,2026-09-18,deadline,5,2026-09-18T17:30:00Z,517,Odobert,TOT,MID,55,0,0,0.0,23,19,102,94,i,Knee injury - Unknown return date,2026-07-23T12:01:23.879434Z,0,0,,,,0.0,0,0,0,0,0,0,0,0,0,0,0,0,0,0.00,0.00,0.00,0.00,0.0,0.0
2026-09-18T16:59:08+00:00,2026-09-18,deadline,5,2026-09-18T17:30:00Z,518,P.M.Sarr,TOT,MID,49,0,-1,0.1,0,2089,4138,23008,u,Has joined Juventus on loan for the rest of the season,2026-09-02T16:02:43.386849Z,0,0,,,,0.0,0,0,0,0,0,0,0,0,0,0,0,0,0,0.00,0.00,0.00,0.00,0.0,0.0
2026-09-18T16:59:08+00:00,2026-09-18,deadline,5,2026-09-18T17:30:00Z,519,Gallagher,TOT,MID,53,-1,-2,0.2,764,2497,3808,16287,a,,,,,,,,0.8,0,3,128,2,0,0,1,2,0,14,1,5,8,0.02,0.12,0.14,2.58,0.8,0.8
2026-09-18T16:59:08+00:00,2026-09-18,deadline,5,2026-09-18T17:30:00Z,520,Bergvall,TOT,MID,54,0,-1,0.1,335,1206,1771,8882,a,,,,,,,,0.5,1,2,72,1,0,0,0,2,0,12,1,2,9,0.06,0.26,0.32,2.14,0.5,0.5
2026-09-18T16:59:08+00:00,2026-09-18,deadline,5,2026-09-18T17:30:00Z,521,Kulusevski,TOT,MID,65,0,0,0.0,62,92,305,664,i,Knee injury - Unknown return date,2026-07-23T12:01:23.895175Z,0,0,,,,0.0,0,0,0,0,0,0,0,0,0,0,0,0,0,0.00,0.00,0.00,0.00,0.0,0.0
2026-09-18T16:59:08+00:00,2026-09-18,deadline,5,2026-09-18T17:30:00Z,522,Gray,TOT,MID,49,-1,-1,0.2,1584,2190,6332,12095,a,,,,,,,,1.8,3,7,236,3,0,0,1,4,0,22,9,3,10,0.09,0.04,0.13,4.99,1.8,1.8
2026-09-18T16:59:08+00:00,2026-09-18,deadline,5,2026-09-18T17:30:00Z,523,Moore,TOT,MID,50,0,0,0.1,0,1902,3258,16407,u,Has joined FC Köln on loan for the rest of the season,2026-09-04T12:39:48.098158Z,0,0,,,,0.8,0,3,89,1,0,0,0,4,0,3,0,1,2,0.40,0.02,0.42,3.26,0.0,0.0
2026-09-18T16:59:08+00:00,2026-09-18,deadline,5,2026-09-18T17:30:00Z,524,Olusesi,TOT,MID,44,0,-1,1.1,31804,14565,49194,41430,a,,,,,,,,0.0,0,0,0,0,0,0,0,0,0,0,0,0,0,0.00,0.00,0.00,0.00,0.0,0.0
2026-09-18T16:59:08+00:00,2026-09-18,deadline,5,2026-09-18T17:30:00Z,525,Fernandes,TOT,MID,58,0,-2,0.8,2589,13408,13899,117550,a,,,,,,,2,1.5,3,6,204,2,0,0,1,3,0,14,0,6,8,0.12,0.26,0.38,3.61,1.5,1.5
2026-09-18T16:59:08+00:00,2026-09-18,deadline,5,2026-09-18T17:30:00Z,526,Solanke,TOT,FWD,58,-1,-2,0.8,5822,12681,27322,88652,a,,,,,1,,,1.2,2,5,105,1,0,0,1,0,0,3,1,0,2,0.44,0.01,0.45,1.56,1.2,1.2
2026-09-18T16:59:08+00:00,2026-09-18,deadline,5,2026-09-18T17:30:00Z,527,Richarlison,TOT,FWD,59,0,-1,0.7,0,21556,21439,261624,u,not included in squad.,2026-09-04T12:32:39.183614Z,0,0,,,,0.5,0,2,67,1,0,0,0,3,0,1,1,0,0,0.00,0.00,0.00,3.02,0.0,0.0
2026-09-18T16:59:08+00:00,2026-09-18,deadline,5,2026-09-18T17:30:00Z,528,Scarlett,TOT,FWD,45,0,0,1.2,0,17986,42525,101014,u,Has joined Leyton Orient permanently,2026-09-02T16:02:43.413625Z,0,0,,,,0.0,0,0,0,0,0,0,0,0,0,0,0,0,0,0.00,0.00,0.00,0.00,0.0,0.0
2026-09-18T16:59:08+00:00,2026-09-18,deadline,5,2026-09-18T17:30:00Z,578,Mudryk,TOT,MID,54,0,-1,0.0,32,2104,5420,7012,i,Ankle injury - Unknown return date,2026-09-11T18:00:09.154412Z,0,0,,,,0.2,0,1,16,0,0,0,0,0,0,0,0,0,0,0.00,0.00,0.00,0.16,0.0,0.0
2026-09-18T16:59:08+00:00,2026-09-18,deadline,5,2026-09-18T17:30:00Z,601,Williams-Barnett,TOT,MID,45,0,0,0.1,639,1582,10066,6253,a,,,,,,,,0.0,0,0,0,0,0,0,0,0,0,0,0,0,0,0.00,0.00,0.00,0.00,0.0,0.0
2026-09-18T16:59:08+00:00,2026-09-18,deadline,5,2026-09-18T17:30:00Z,501,Danso,SUN,DEF,50,0,0,0.2,1487,1486,5382,8977,a,,,,,,,,0.8,1,3,180,2,0,0,0,3,0,12,11,1,6,0.00,0.16,0.16,3.09,0.8,0.8
2026-09-18T16:59:08+00:00,2026-09-18,deadline,5,2026-09-18T17:30:00Z,529,Roefs,SUN,GKP,49,-1,-1,2.5,2468,34988,19758,164794,a,,,,,,,,2.8,2,11,360,4,0,0,1,5,5,0,5,0,31,0.00,0.00,0.00,5.84,2.8,2.8
2026-09-18T16:59:08+00:00,2026-09-18,deadline,5,2026-09-18T17:30:00Z,530,Patterson,SUN,GKP,40,0,0,0.1,0,727,0,5636,u,Has joined Wrexham permanently,2026-08-12T14:08:03.064533Z,0,0,,,,0.0,0,0,0,0,0,0,0,0,0,0,0,0,0,0.00,0.00,0.00,0.00,0.0,0.0
2026-09-18T16:59:08+00:00,2026-09-18,deadline,5,2026-09-18T17:30:00Z,531,Ellborg,SUN,GKP,45,0,0,0.1,186,538,1035,3069,a,,,,,,,,0.0,0,0,0,0,0,0,0,0,0,0,0,0,0,0.00,0.00,0.00,0.00,0.0,0.0
2026-09-18T16:59:08+00:00,2026-09-18,deadline,5,2026-09-18T17:30:00Z,532,Ballard,SUN,DEF,49,0,-1,2.6,6162,49564,41758,297339,a,,,,,,,,3.0,0,12,360,4,0,0,1,5,0,35,29,6,9,0.17,0.16,0.33,5.84,3.0,3.0
2026-09-18T16:59:08+00:00,2026-09-18,deadline,5,2026-09-18T17:30:00Z,533,Mukiele,SUN,DEF,54,-1,-1,1.9,5268,27748,39186,119904,a,,2026-08-09T08:30:05.954750Z,100,100,,,,3.2,0,13,270,3,0,0,1,3,0,39,30,9,13,0.70,0.05,0.75,4.04,3.2,3.2
2026-09-18T16:59:08+00:00,2026-09-18,deadline,5,2026-09-18T17:30:00Z,534,Hume,SUN,DEF,44,0,-1,3.0,1766,85267,36582,362501,a,,,,,,,3,2.2,0,9,195,2,0,0,1,1,0,12,3,9,12,0.04,0.28,0.32,3.09,2.2,2.2
2026-09-18T16:59:08+00:00,2026-09-18,deadline,5,2026-09-18T17:30:00Z,535,Alderete,SUN,DEF,49,0,-1,0.2,272,4042,4746,26102,a,,2026-08-09T08:30:05.962393Z,100,100,,,,0.2,0,1,23,0,0,0,0,1,0,0,0,0,2,0.00,0.01,0.01,0.10,0.2,0.2
2026-09-18T16:59:08+00:00,2026-09-18,deadline,5,2026-09-18T17:30:00Z,536,Reinildo,SUN,DEF,45,0,0,0.3,135,9355,3862,22388,s,Suspended until 10 Oct,2026-09-12T21:30:09.421687Z,,0,,,,1.8,-2,7,360,4,0,0,1,5,0,29,21,8,18,0.00,0.32,0.32,5.05,1.8,0.0
2026-09-18T16:59:08+00:00,2026-09-18,deadline,5,2026-09-18T17:30:00Z,537,Seelt,SUN,DEF,45,0,0,0.0,0,54,61,641,u,Has joined Swansea City on loan for the rest of the season,2026-08-29T00:34:52.425076Z,0,0,,,,0.0,0,0,0,0,0,0,0,0,0,0,0,0,0,0.00,0.00,0.00,0.00,0.0,0.0
2026-09-18T16:59:08+00:00,2026-09-18,deadline,5,2026-09-18T17:30:00Z,538,Hjelde,SUN,DEF,40,0,0,0.0,0,292,0,2365,u,Has joined KV Mechelen on loan for the rest of the season,2026-08-12T14:08:03.081789Z,0,0,,,,0.0,0,0,0,0,0,0,0,0,0,0,0,0,0,0.00,0.00,0.00,0.00,0.0,0.0
2026-09-18T16:59:08+00:00,2026-09-18,deadline,5,2026-09-18T17:30:00Z,539,O'Nien,SUN,DEF,40,0,0,2.4,2108,24037,14694,108743,a,,,,,,,,0.2,0,1,66,1,0,0,0,1,0,5,4,1,4,0.01,0.01,0.02,1.69,0.2,0.2
2026-09-18T16:59:08+00:00,2026-09-18,deadline,5,2026-09-18T17:30:00Z,540,Masuaku,SUN,DEF,40,0,0,0.1,0,1249,0,10906,u,Has joined Konyaspor permanently,2026-08-12T14:08:03.097784Z,0,0,,,,0.0,0,0,0,0,0,0,0,0,0,0,0,0,0,0.00,0.00,0.00,0.00,0.0,0.0
2026-09-18T16:59:08+00:00,2026-09-18,deadline,5,2026-09-18T17:30:00Z,541,Meunier,SUN,DEF,45,0,0,0.3,947,2040,5377,8662,a,,2026-08-16T08:30:07.830062Z,100,100,,,,2.8,2,11,318,4,0,0,1,4,0,16,14,2,12,0.34,0.13,0.47,4.60,2.8,2.8
2026-09-18T16:59:08+00:00,2026-09-18,deadline,5,2026-09-18T17:30:00Z,542,E.Le Fée,SUN,MID,58,0,-2,3.4,5559,95383,33390,620901,a,,,,,2,3,1,3.2,0,13,348,4,1,0,1,4,0,18,1,6,11,2.06,0.82,2.88,5.64,3.2,3.2
2026-09-18T16:59:08+00:00,2026-09-18,deadline,5,2026-09-18T17:30:00Z,543,Diarra,SUN,MID,54,0,-1,0.0,12,644,538,5655,i,Hamstring injury - Unknown return date,2026-08-30T16:30:08.428960Z,0,0,1,,,1.2,0,5,28,0,0,1,0,1,0,0,0,0,0,0.03,0.16,0.19,0.12,0.0,0.0
2026-09-18T16:59:08+00:00,2026-09-18,deadline,5,2026-09-18T17:30:00Z,544,Xhaka,SUN,MID,55,0,0,3.8,12806,56420,124216,182994,a,,,,,,2,2,4.8,1,19,360,4,0,1,1,5,0,46,9,6,31,0.06,0.94,1.00,5.84,4.8,4.8
2026-09-18T16:59:08+00:00,2026-09-18,deadline,5,2026-09-18T17:30:00Z,545,Sadiki,SUN,MID,49,0,-1,0.2,1137,3533,5279,16889,a,,,,,,,,2.0,2,8,343,4,0,0,1,5,0,26,10,6,10,0.40,0.23,0.63,5.45,2.0,2.0
2026-09-18T16:59:08+00:00,2026-09-18,deadline,5,2026-09-18T17:30:00Z,546,Adingra,SUN,MID,49,0,-1,0.0,0,633,240,7216,u,Has joined Ajax on loan for the rest of the season,2026-08-20T14:00:08.416985Z,0,0,,,,0.0,0,0,0,0,0,0,0,0,0,0,0,0,0,0.00,0.00,0.00,0.00,0.0,0.0
2026-09-18T16:59:08+00:00,2026-09-18,deadline,5,2026-09-18T17:30:00Z,547,Mundle,SUN,MID,49,0,-1,0.0,14,130,190,613,i,Knee injury - Unknown return date,2026-09-09T14:00:08.462705Z,0,0,,,,0.2,0,1,1,0,0,0,0,0,0,1,1,0,0,0.17,0.00,0.17,0.09,0.0,0.0
2026-09-18T16:59:08+00:00,2026-09-18,deadline,5,2026-09-18T17:30:00Z,548,Rigg,SUN,MID,49,0,-1,0.0,61,488,433,2604,a,,,,,,,,0.5,0,2,17,0,0,0,0,1,0,1,0,0,1,0.00,0.00,0.00,0.44,0.5,0.5
2026-09-18T16:59:08+00:00,2026-09-18,deadline,5,2026-09-18T17:30:00Z,549,Talbi,SUN,MID,53,-1,-2,0.1,303,1616,1228,11139,a,,,,,,,,0.2,0,1,31,0,0,0,0,1,0,2,0,0,2,0.00,0.00,0.00,0.14,0.2,0.2
2026-09-18T16:59:08+00:00,2026-09-18,deadline,5,2026-09-18T17:30:00Z,550,Jocelin.T,SUN,MID,50,0,0,0.0,63,83,273,376,a,,,,,,,,0.0,0,0,0,0,0,0,0,0,0,0,0,0,0,0.00,0.00,0.00,0.00,0.0,0.0
2026-09-18T16:59:08+00:00,2026-09-18,deadline,5,2026-09-18T17:30:00Z,551,N.Angulo,SUN,MID,50,0,0,0.1,701,2067,12262,9708,a,,,,,,1,,3.0,2,12,254,4,1,0,1,3,0,20,2,5,13,0.15,0.12,0.27,3.81,3.0,3.0
2026-09-18T16:59:08+00:00,2026-09-18,deadline,5,2026-09-18T17:30:00Z,552,Brobbey,SUN,FWD,58,0,-2,5.4,11656,149443,91104,878468,a,,,,,,,,1.8,1,7,309,4,0,0,1,4,0,11,1,0,10,0.59,0.07,0.66,5.36,1.8,1.8
2026-09-18T16:59:08+00:00,2026-09-18,deadline,5,2026-09-18T17:30:00Z,553,Isidor,SUN,FWD,55,0,0,1.3,6288,24609,92145,74332,a,,,,,,,,3.5,1,14,95,0,1,1,0,2,0,3,0,1,2,1.49,0.01,1.50,1.99,3.5,3.5
2026-09-18T16:59:08+00:00,2026-09-18,deadline,5,2026-09-18T17:30:00Z,612,Methalie,SUN,DEF,45,0,0,0.0,141,94,785,424,a,,2026-08-28T13:00:08.950445Z,100,100,,,,0.0,0,0,0,0,0,0,0,0,0,0,0,0,0,0.00,0.00,0.00,0.00,0.0,0.0
2026-09-18T16:59:08+00:00,2026-09-18,deadline,5,2026-09-18T17:30:00Z,613,Ahoka,SUN,MID,45,0,0,0.2,2155,3530,24745,12609,a,,,,,,,,0.0,0,0,0,0,0,0,0,0,0,0,0,0,0,0.00,0.00,0.00,0.00,0.0,0.0
2026-09-18T16:59:08+00:00,2026-09-18,deadline,5,2026-09-18T17:30:00Z,646,Fofana,SUN,MID,55,0,0,0.0,463,616,3727,1412,a,,,,,,,,1.0,1,2,30,0,0,0,0,1,0,0,0,0,0,0.00,0.00,0.00,1.18,1.0,1.0
2026-09-18T16:59:08+00:00,2026-09-18,deadline,5,2026-09-18T17:30:00Z,651,J.Angulo,SUN,FWD,45,0,0,0.8,32416,11283,80740,22655,a,,,,,,,,0.0,0,0,0,0,0,0,0,0,0,0,0,0,0,0.00,0.00,0.00,0.00,0.0,0.0
