snapshot_utc,snapshot_date,snapshot_kind,event,deadline_time,id,web_name,team,position,now_cost,cost_change_event,cost_change_start,selected_by_percent,transfers_in_event,transfers_out_event,transfers_in,transfers_out,status,news,news_added,chance_of_playing_this_round,chance_of_playing_next_round,penalties_order,direct_freekicks_order,corners_and_indirect_freekicks_order,form,event_points,total_points,minutes,starts,goals_scored,assists,clean_sheets,goals_conceded,saves,defensive_contribution,clearances_blocks_interceptions,tackles,recoveries,expected_goals,expected_assists,expected_goal_involvements,expected_goals_conceded,ep_this,ep_next
2026-10-10T09:33:19+00:00,2026-10-10,deadline,6,2026-10-10T10:00:00Z,1,Raya,ARS,GKP,61,1,1,43.8,322096,99951,1162495,692355,a,,,,,,,,7.5,1,30,450,5,0,0,3,4,9,0,6,1,58,0.00,0.01,0.01,4.03,7.5,7.5
2026-10-10T09:33:19+00:00,2026-10-10,deadline,6,2026-10-10T10:00:00Z,2,Arrizabalaga,ARS,GKP,49,0,-1,0.1,193,367,1570,4380,a,,,,,,,,0.0,0,0,0,0,0,0,0,0,0,0,0,0,0,0.00,0.00,0.00,0.00,0.0,0.0
2026-10-10T09:33:19+00:00,2026-10-10,deadline,6,2026-10-10T10:00:00Z,3,Meslier,ARS,GKP,49,0,-1,0.0,82,169,549,1629,a,,,,,,,,0.0,0,0,0,0,0,0,0,0,0,0,0,0,0,0.00,0.00,0.00,0.00,0.0,0.0
2026-10-10T09:33:19+00:00,2026-10-10,deadline,6,2026-10-10T10:00:00Z,4,Gabriel,ARS,DEF,80,0,0,22.6,67112,135748,277355,978639,a,,,,,,,,5.0,1,25,450,5,0,0,3,4,0,41,35,6,17,0.51,0.20,0.71,4.03,5.0,5.0
2026-10-10T09:33:19+00:00,2026-10-10,deadline,6,2026-10-10T10:00:00Z,5,J.Timber,ARS,DEF,65,0,0,0.6,34663,9015,56319,19768,a,,2026-07-23T12:01:23.272929Z,100,100,,,,0.5,0,1,104,1,0,0,0,3,0,5,2,3,7,0.00,0.03,0.03,2.18,0.5,0.5
2026-10-10T09:33:19+00:00,2026-10-10,deadline,6,2026-10-10T10:00:00Z,6,Saliba,ARS,DEF,59,0,-1,0.2,576,1499,3658,19052,i,Back injury - Unknown return date,2026-07-23T12:01:23.289376Z,0,0,,,,0.0,0,0,0,0,0,0,0,0,0,0,0,0,0,0.00,0.00,0.00,0.00,0.0,0.0
2026-10-10T09:33:19+00:00,2026-10-10,deadline,6,2026-10-10T10:00:00Z,7,Lewis-Skelly,ARS,MID,54,-1,-1,0.6,2480,7675,31157,52479,a,,,,,,,,0.5,0,9,271,4,0,0,2,1,0,14,5,1,8,0.16,0.23,0.39,1.02,0.5,0.5
2026-10-10T09:33:19+00:00,2026-10-10,deadline,6,2026-10-10T10:00:00Z,8,Calafiori,ARS,DEF,59,1,4,51.4,222435,106331,1802443,444838,a,,,,,,,,3.5,1,29,416,5,0,2,3,4,0,18,12,6,13,0.67,0.62,1.29,3.76,3.5,3.5
2026-10-10T09:33:19+00:00,2026-10-10,deadline,6,2026-10-10T10:00:00Z,9,Hincapie,ARS,DEF,52,-1,-3,0.9,2673,8366,17492,120077,a,,,,,,,,0.0,0,2,32,0,0,0,0,0,0,3,2,1,0,0.00,0.00,0.00,0.28,0.0,0.0
2026-10-10T09:33:19+00:00,2026-10-10,deadline,6,2026-10-10T10:00:00Z,10,White,ARS,DEF,54,-1,-1,4.4,7785,124048,460543,622829,a,,2026-09-20T19:30:08.247780Z,100,100,,,,0.5,0,21,315,4,0,1,2,1,0,18,12,6,9,0.18,0.29,0.47,1.15,0.5,0.5
2026-10-10T09:33:19+00:00,2026-10-10,deadline,6,2026-10-10T10:00:00Z,11,Mosquera,ARS,DEF,53,0,-2,1.6,4903,20314,35068,479043,a,,2026-09-04T14:00:08.080310Z,100,100,,,,0.0,0,12,168,2,0,0,2,0,0,10,10,0,3,0.00,0.01,0.01,0.53,0.0,0.0
2026-10-10T09:33:19+00:00,2026-10-10,deadline,6,2026-10-10T10:00:00Z,12,Saka,ARS,MID,96,1,1,17.4,503453,88485,1183075,438336,a,,,,,1,2,2,5.0,2,32,416,5,3,0,3,4,0,31,8,6,17,3.22,0.98,4.20,3.58,5.0,5.0
2026-10-10T09:33:19+00:00,2026-10-10,deadline,6,2026-10-10T10:00:00Z,13,Rice,ARS,MID,74,0,-1,10.6,9498,185055,121344,827729,d,Unspecified injury - 75% chance of playing,2026-09-21T13:00:08.896379Z,,75,,1,1,3.5,1,20,411,5,0,2,3,4,0,42,18,7,17,0.12,0.69,0.81,3.50,3.5,2.6
2026-10-10T09:33:19+00:00,2026-10-10,deadline,6,2026-10-10T10:00:00Z,14,Eze,ARS,MID,62,-1,-3,1.1,12344,10335,33263,143179,a,,,,,,3,,1.0,1,4,85,0,0,0,0,0,0,5,0,0,5,0.04,0.09,0.13,1.33,1.0,1.0
2026-10-10T09:33:19+00:00,2026-10-10,deadline,6,2026-10-10T10:00:00Z,15,Ødegaard,ARS,MID,68,0,3,20.3,236020,187224,1791740,646673,a,,,,,3,4,,2.5,2,29,377,5,2,0,3,4,0,23,5,6,12,1.08,1.32,2.40,3.23,2.5,2.5
2026-10-10T09:33:19+00:00,2026-10-10,deadline,6,2026-10-10T10:00:00Z,16,Madueke,ARS,MID,62,0,-3,0.2,1305,2152,6585,26572,a,,,,,,,5,0.0,0,2,23,0,0,0,0,0,0,3,0,1,2,0.00,0.05,0.05,0.15,0.0,0.0
2026-10-10T09:33:19+00:00,2026-10-10,deadline,6,2026-10-10T10:00:00Z,17,Merino,ARS,MID,57,-1,-3,0.4,3790,4065,12527,49355,a,,,,,,,,1.0,1,4,81,0,0,0,0,0,0,10,1,0,9,0.14,0.15,0.29,0.96,1.0,1.0
2026-10-10T09:33:19+00:00,2026-10-10,deadline,6,2026-10-10T10:00:00Z,18,Martinelli,ARS,MID,63,0,-2,0.1,0,759,2483,22060,u,Has joined Al Hilal permanently,2026-09-04T12:34:46.738449Z,0,0,,,,0.0,0,0,0,0,0,0,0,0,0,0,0,0,0,0.00,0.00,0.00,0.00,0.0,0.0
2026-10-10T09:33:19+00:00,2026-10-10,deadline,6,2026-10-10T10:00:00Z,19,Zubimendi,ARS,MID,53,0,-2,0.5,800,5761,8815,68704,a,,,,,,,,1.0,1,5,89,0,0,0,0,0,0,12,5,4,3,0.21,0.04,0.25,1.38,1.0,1.0
2026-10-10T09:33:19+00:00,2026-10-10,deadline,6,2026-10-10T10:00:00Z,20,Dowman,ARS,MID,53,0,-2,0.1,599,937,3187,7656,a,,2026-10-05T19:00:10.141532Z,,100,,,,0.5,1,1,9,0,0,0,0,0,0,0,0,0,0,0.00,0.08,0.08,0.31,0.5,0.5
2026-10-10T09:33:19+00:00,2026-10-10,deadline,6,2026-10-10T10:00:00Z,22,Nwaneri,ARS,MID,54,0,-1,0.0,0,65,233,1265,u,Has joined Borussia Dortmund on loan for the rest of the season,2026-09-02T16:01:07.058827Z,0,0,,,,0.0,0,0,0,0,0,0,0,0,0,0,0,0,0,0.00,0.00,0.00,0.00,0.0,0.0
2026-10-10T09:33:19+00:00,2026-10-10,deadline,6,2026-10-10T10:00:00Z,23,Fábio Vieira,ARS,MID,55,0,0,0.0,0,49,255,928,u,Has joined Hamburger SV permanently,2026-09-02T16:00:28.446370Z,0,0,,,,0.0,0,0,0,0,0,0,0,0,0,0,0,0,0,0.00,0.00,0.00,0.00,0.0,0.0
2026-10-10T09:33:19+00:00,2026-10-10,deadline,6,2026-10-10T10:00:00Z,24,Nelson,ARS,MID,55,0,0,0.0,0,30,68,684,u,has departed the club as a free agent.,2026-08-29T00:33:08.556767Z,0,0,,,,0.0,0,0,0,0,0,0,0,0,0,0,0,0,0,0.00,0.00,0.00,0.00,0.0,0.0
2026-10-10T09:33:19+00:00,2026-10-10,deadline,6,2026-10-10T10:00:00Z,25,Gyökeres,ARS,FWD,71,-1,-4,3.9,97801,31070,126024,625394,a,,,,,2,,,0.5,1,2,29,0,0,0,0,0,0,1,0,0,1,0.00,0.23,0.23,0.65,0.5,0.5
2026-10-10T09:33:19+00:00,2026-10-10,deadline,6,2026-10-10T10:00:00Z,26,Havertz,ARS,FWD,76,0,1,6.7,55601,222508,658834,582980,d,Hamstring injury - 75% chance of playing,2026-09-24T22:00:09.120308Z,,75,,,,1.5,2,19,437,5,2,0,3,4,0,13,6,0,7,1.67,0.37,2.04,3.91,1.5,1.1
2026-10-10T09:33:19+00:00,2026-10-10,deadline,6,2026-10-10T10:00:00Z,27,G.Jesus,ARS,FWD,59,0,-1,0.1,0,1314,4164,29589,u,Has joined FC Barcelona permanently,2026-09-02T16:00:28.475184Z,0,0,,,,0.0,0,0,0,0,0,0,0,0,0,0,0,0,0,0.00,0.00,0.00,0.00,0.0,0.0
2026-10-10T09:33:19+00:00,2026-10-10,deadline,6,2026-10-10T10:00:00Z,31,Konsa,ARS,DEF,46,1,1,17.2,130456,288865,1503763,879973,d,Unspecified injury - 75% chance of playing,2026-10-05T09:30:09.853316Z,,75,,,,3.5,1,12,281,3,0,0,1,4,0,23,18,5,9,0.23,0.02,0.25,3.50,3.5,2.6
2026-10-10T09:33:19+00:00,2026-10-10,deadline,6,2026-10-10T10:00:00Z,452,Bruno G.,ARS,MID,67,0,-3,1.8,15931,13257,40877,250330,a,,2026-09-04T14:00:08.328779Z,100,100,4,,4,4.0,1,9,123,1,1,0,0,3,0,12,3,1,8,0.09,0.16,0.25,2.18,4.0,4.0
2026-10-10T09:33:19+00:00,2026-10-10,deadline,6,2026-10-10T10:00:00Z,557,Tzolis,ARS,MID,63,-1,-2,7.9,13095,584462,463462,2047670,i,Hamstring injury - Expected back 24 Oct,2026-10-02T15:00:11.091226Z,,0,,,3,2.5,2,16,362,5,0,2,2,4,0,23,7,4,12,0.19,0.55,0.74,2.73,2.5,0.0
2026-10-10T09:33:19+00:00,2026-10-10,deadline,6,2026-10-10T10:00:00Z,29,M.Bizot,AVL,GKP,45,0,0,0.1,112,1651,4706,8027,d,Back injury - 75% chance of playing,2026-09-17T07:30:09.058151Z,0,75,,,,0.0,0,1,90,1,0,0,0,4,3,0,2,0,6,0.00,0.00,0.00,3.77,0.0,0.0
2026-10-10T09:33:19+00:00,2026-10-10,deadline,6,2026-10-10T10:00:00Z,30,Digne,AVL,DEF,45,0,0,0.0,0,335,0,8746,u,Has joined Paris Saint-Germain permanently,2026-08-10T14:03:30.089007Z,0,0,,,,0.0,0,0,0,0,0,0,0,0,0,0,0,0,0,0.00,0.00,0.00,0.00,0.0,0.0
2026-10-10T09:33:19+00:00,2026-10-10,deadline,6,2026-10-10T10:00:00Z,32,Cash,AVL,DEF,44,0,-1,4.6,6116,53971,98767,447960,a,,2026-09-09T14:30:08.192142Z,100,100,,,3,-0.5,-1,6,296,3,0,0,1,7,0,17,11,6,2,0.15,0.04,0.19,5.95,-0.5,-0.5
2026-10-10T09:33:19+00:00,2026-10-10,deadline,6,2026-10-10T10:00:00Z,33,Mings,AVL,DEF,45,0,0,0.4,4850,3008,19570,19032,a,,,,,,,,1.5,3,10,261,2,0,0,1,4,0,24,20,4,7,0.20,0.02,0.22,4.43,1.5,1.5
2026-10-10T09:33:19+00:00,2026-10-10,deadline,6,2026-10-10T10:00:00Z,34,Pau,AVL,DEF,44,-1,-1,0.3,89,5486,11282,29844,d,Hamstring injury - 75% chance of playing,2026-09-12T18:00:08.712707Z,0,75,,,,0.5,0,3,187,3,0,0,0,5,0,9,8,1,9,0.00,0.01,0.01,4.79,0.0,0.4
2026-10-10T09:33:19+00:00,2026-10-10,deadline,6,2026-10-10T10:00:00Z,35,Bogarde,AVL,MID,49,-1,-1,0.1,259,660,3000,4988,a,,,,,,,,0.0,0,1,16,0,0,0,0,0,0,1,1,0,0,0.00,0.00,0.00,0.22,0.0,0.0
2026-10-10T09:33:19+00:00,2026-10-10,deadline,6,2026-10-10T10:00:00Z,36,Maatsen,AVL,DEF,44,-1,-1,0.4,90,13831,31932,69569,i,Ankle injury - Unknown return date,2026-09-12T18:00:08.729468Z,0,0,,,,0.5,0,9,335,4,0,0,1,7,0,24,17,7,10,0.28,0.45,0.73,6.54,0.0,0.0
2026-10-10T09:33:19+00:00,2026-10-10,deadline,6,2026-10-10T10:00:00Z,37,Lindelöf,AVL,DEF,45,0,0,0.3,2978,2876,16578,15899,a,,,,,,,,1.0,1,8,450,5,0,0,1,9,0,22,21,1,7,0.44,0.17,0.61,9.22,1.0,1.0
2026-10-10T09:33:19+00:00,2026-10-10,deadline,6,2026-10-10T10:00:00Z,38,A.García,AVL,DEF,40,0,0,1.5,2904,10962,46350,72862,a,,,,,,,,0.0,0,0,0,0,0,0,0,0,0,0,0,0,0,0.00,0.00,0.00,0.00,0.0,0.0
2026-10-10T09:33:19+00:00,2026-10-10,deadline,6,2026-10-10T10:00:00Z,39,Nedeljkovic,AVL,DEF,40,0,0,0.1,0,1008,0,15693,u,Has joined Rangers on loan for the rest of the season,2026-08-19T13:56:46.385411Z,0,0,,,,0.0,0,0,0,0,0,0,0,0,0,0,0,0,0,0.00,0.00,0.00,0.00,0.0,0.0
2026-10-10T09:33:19+00:00,2026-10-10,deadline,6,2026-10-10T10:00:00Z,41,Buendía,AVL,MID,59,0,-1,1.2,33219,11688,81203,102833,a,,,,,1,1,2,7.0,12,21,401,5,1,0,1,8,0,34,5,9,20,0.92,0.24,1.16,7.86,7.0,7.0
2026-10-10T09:33:19+00:00,2026-10-10,deadline,6,2026-10-10T10:00:00Z,44,Bailey,AVL,MID,54,0,-1,0.0,0,750,2096,13481,u,Has joined Olympiakos permanently,2026-09-04T12:35:14.472260Z,0,0,,,,0.0,0,0,0,0,0,0,0,0,0,0,0,0,0,0.00,0.00,0.00,0.00,0.0,0.0
2026-10-10T09:33:19+00:00,2026-10-10,deadline,6,2026-10-10T10:00:00Z,45,McGinn,AVL,MID,54,0,-1,2.2,18778,21797,82609,168759,a,,,,,,,1,6.0,6,17,434,5,0,2,2,7,0,30,8,5,17,0.77,0.24,1.01,8.29,6.0,6.0
2026-10-10T09:33:19+00:00,2026-10-10,deadline,6,2026-10-10T10:00:00Z,46,Barkley,AVL,MID,50,0,0,0.2,954,3462,16511,17939,a,,,,,,,4,1.5,1,10,308,4,0,0,1,8,0,28,5,7,16,0.38,0.14,0.52,7.36,1.5,1.5
2026-10-10T09:33:19+00:00,2026-10-10,deadline,6,2026-10-10T10:00:00Z,47,Kamara,AVL,MID,50,0,0,0.3,2514,3136,15723,23084,a,,2026-07-23T12:01:23.337269Z,100,100,,,,4.0,6,15,443,5,0,1,2,7,0,36,11,9,16,0.12,0.16,0.28,8.44,4.0,4.0
2026-10-10T09:33:19+00:00,2026-10-10,deadline,6,2026-10-10T10:00:00Z,48,Onana,AVL,MID,49,0,-1,0.0,100,146,571,1716,i,Knee injury - Unknown return date,2026-07-23T12:01:23.352497Z,0,0,,,,0.0,0,0,0,0,0,0,0,0,0,0,0,0,0,0.00,0.00,0.00,0.00,0.0,0.0
2026-10-10T09:33:19+00:00,2026-10-10,deadline,6,2026-10-10T10:00:00Z,49,Iling Jr,AVL,MID,50,0,0,0.0,0,13,0,238,u,Has joined Bolton Wanderers on loan for the rest of the season,2026-08-17T13:52:28.532616Z,0,0,,,,0.0,0,0,0,0,0,0,0,0,0,0,0,0,0,0.00,0.00,0.00,0.00,0.0,0.0
2026-10-10T09:33:19+00:00,2026-10-10,deadline,6,2026-10-10T10:00:00Z,50,Burrowes,AVL,MID,45,0,0,0.5,934,5872,21759,37596,a,,,,,,,,0.0,0,0,0,0,0,0,0,0,0,0,0,0,0,0.00,0.00,0.00,0.00,0.0,0.0
2026-10-10T09:33:19+00:00,2026-10-10,deadline,6,2026-10-10T10:00:00Z,51,George Hemmings,AVL,MID,45,0,0,1.1,5542,20482,118225,80415,a,,,,,,,,1.0,1,9,297,4,0,0,1,7,0,19,3,6,10,0.07,0.16,0.23,6.26,1.0,1.0
2026-10-10T09:33:19+00:00,2026-10-10,deadline,6,2026-10-10T10:00:00Z,52,Alysson,AVL,MID,50,0,0,0.0,85,1269,3371,4132,d,Unspecified injury - 75% chance of playing,2026-09-19T11:30:09.355376Z,,75,,,,3.0,0,8,87,0,1,0,0,2,0,8,2,2,4,0.06,0.00,0.06,2.40,3.0,2.2
2026-10-10T09:33:19+00:00,2026-10-10,deadline,6,2026-10-10T10:00:00Z,53,Manzambi,AVL,MID,59,0,-1,0.8,66850,8745,69836,25364,a,,2026-08-15T15:30:06.388335Z,100,100,,,,7.0,13,14,98,1,1,1,1,1,0,9,2,2,5,0.44,0.24,0.68,1.54,7.0,7.0
2026-10-10T09:33:19+00:00,2026-10-10,deadline,6,2026-10-10T10:00:00Z,54,Gomes,AVL,MID,55,0,0,0.0,773,337,1612,4246,a,,2026-09-16T19:30:08.742410Z,100,100,,,,2.0,4,2,129,2,0,0,0,6,0,20,6,9,5,0.00,0.03,0.03,4.14,2.0,2.0
2026-10-10T09:33:19+00:00,2026-10-10,deadline,6,2026-10-10T10:00:00Z,55,Watkins,AVL,FWD,78,0,-2,2.4,0,18755,14882,766136,u,Has joined Al Hilal permanently,2026-09-01T13:15:16.698799Z,0,0,,,,0.0,0,0,0,0,0,0,0,0,0,0,0,0,0,0.00,0.00,0.00,0.00,0.0,0.0
2026-10-10T09:33:19+00:00,2026-10-10,deadline,6,2026-10-10T10:00:00Z,56,Abraham,AVL,FWD,55,0,0,0.2,3362,3021,17410,14197,a,,2026-08-15T16:00:07.558543Z,100,100,,,,1.0,1,4,71,0,0,0,0,3,0,2,0,1,1,0.00,0.00,0.00,2.69,1.0,1.0
2026-10-10T09:33:19+00:00,2026-10-10,deadline,6,2026-10-10T10:00:00Z,160,Garnacho,AVL,MID,58,0,-2,0.3,918,4121,7866,42574,a,,,,,,,,0.0,0,3,31,0,0,0,0,0,0,2,0,0,2,0.00,0.00,0.00,0.49,0.0,0.0
2026-10-10T09:33:19+00:00,2026-10-10,deadline,6,2026-10-10T10:00:00Z,166,N.Jackson,AVL,FWD,65,0,0,2.0,94249,18777,239511,95717,a,,,,,2,,,3.0,6,10,286,4,1,0,1,2,0,9,1,0,8,0.68,0.60,1.28,2.75,3.0,3.0
2026-10-10T09:33:19+00:00,2026-10-10,deadline,6,2026-10-10T10:00:00Z,582,Madjo,AVL,FWD,54,0,-1,0.2,1023,3309,3708,32080,d,Unspecified injury - 75% chance of playing,2026-08-15T16:00:07.974271Z,0,75,,,,0.0,0,0,0,0,0,0,0,0,0,0,0,0,0,0.00,0.00,0.00,0.00,0.0,0.0
2026-10-10T09:33:19+00:00,2026-10-10,deadline,6,2026-10-10T10:00:00Z,596,Ruggeri,AVL,DEF,45,0,0,0.1,1903,803,4546,6067,a,,,,,,,,1.5,3,5,113,1,0,0,0,2,0,16,14,2,11,0.03,0.02,0.05,2.05,1.5,1.5
2026-10-10T09:33:19+00:00,2026-10-10,deadline,6,2026-10-10T10:00:00Z,597,Suzuki,AVL,GKP,50,0,0,1.9,24088,13872,161652,69731,a,,,,,,,,2.0,2,16,360,4,0,0,1,5,15,0,8,0,43,0.00,0.01,0.01,5.45,2.0,2.0
2026-10-10T09:33:19+00:00,2026-10-10,deadline,6,2026-10-10T10:00:00Z,606,Rowe,AVL,DEF,40,0,0,0.2,500,1168,13196,6423,a,,,,,,,,0.0,0,0,0,0,0,0,0,0,0,0,0,0,0,0.00,0.00,0.00,0.00,0.0,0.0
2026-10-10T09:33:19+00:00,2026-10-10,deadline,6,2026-10-10T10:00:00Z,607,Lynch,AVL,MID,45,0,0,0.1,0,900,7103,8344,u,Has joined Oxford United on loan until January,2026-09-04T12:35:39.820426Z,0,0,,,,0.0,0,0,0,0,0,0,0,0,0,0,0,0,0,0.00,0.00,0.00,0.00,0.0,0.0
2026-10-10T09:33:19+00:00,2026-10-10,deadline,6,2026-10-10T10:00:00Z,611,Wan-Bissaka,AVL,DEF,45,0,0,0.2,3033,2361,19886,8694,a,,,,,,,,2.0,1,6,152,2,0,0,0,2,0,21,12,9,1,0.00,0.07,0.07,3.27,2.0,2.0
2026-10-10T09:33:19+00:00,2026-10-10,deadline,6,2026-10-10T10:00:00Z,618,Goretzka,AVL,MID,59,0,-1,0.0,56,549,4665,4863,i,Knee injury - Expected back 17 Oct,2026-09-09T09:30:08.229436Z,0,0,,,,0.0,0,0,0,0,0,0,0,0,0,0,0,0,0,0.00,0.00,0.00,0.00,0.0,0.0
2026-10-10T09:33:19+00:00,2026-10-10,deadline,6,2026-10-10T10:00:00Z,630,Harwood-Bellis,AVL,DEF,45,0,0,0.0,379,320,2356,1126,a,,,,,,,,0.0,0,0,0,0,0,0,0,0,0,0,0,0,0,0.00,0.00,0.00,0.00,0.0,0.0
2026-10-10T09:33:19+00:00,2026-10-10,deadline,6,2026-10-10T10:00:00Z,631,Mbaye,AVL,MID,60,0,0,0.1,1691,1940,11199,5621,a,,,,,,,,1.0,1,2,33,0,0,0,0,3,0,2,0,1,1,0.02,0.13,0.15,1.64,1.0,1.0
2026-10-10T09:33:19+00:00,2026-10-10,deadline,6,2026-10-10T10:00:00Z,667,Wright,AVL,GKP,40,0,0,0.2,16992,2770,16992,2770,a,,,,,,,,0.0,0,0,0,0,0,0,0,0,0,0,0,0,0,0.00,0.00,0.00,0.00,1.0,1.0
2026-10-10T09:33:19+00:00,2026-10-10,deadline,6,2026-10-10T10:00:00Z,57,Petrović,BOU,GKP,45,0,0,2.9,15498,25634,121481,138305,a,,,,,,,,1.5,2,9,450,5,0,0,0,8,11,0,6,0,43,0.00,0.00,0.00,6.95,1.5,1.5
2026-10-10T09:33:19+00:00,2026-10-10,deadline,6,2026-10-10T10:00:00Z,58,Forster,BOU,GKP,40,0,0,3.5,19268,15498,128462,87319,a,,,,,,,,0.0,0,0,0,0,0,0,0,0,0,0,0,0,0,0.00,0.00,0.00,0.00,0.0,0.0
2026-10-10T09:33:19+00:00,2026-10-10,deadline,6,2026-10-10T10:00:00Z,59,Dennis,BOU,GKP,40,0,0,0.1,0,1156,1133,8124,u,Has joined MK Dons permanently,2026-08-27T14:53:48.692835Z,0,0,,,,0.0,0,0,0,0,0,0,0,0,0,0,0,0,0,0.00,0.00,0.00,0.00,0.0,0.0
2026-10-10T09:33:19+00:00,2026-10-10,deadline,6,2026-10-10T10:00:00Z,60,Hill,BOU,DEF,55,0,0,0.8,6872,6109,34613,46703,a,,,,,,,,3.0,4,12,450,5,0,0,0,8,0,50,41,9,11,0.00,0.79,0.79,6.95,3.0,3.0
2026-10-10T09:33:19+00:00,2026-10-10,deadline,6,2026-10-10T10:00:00Z,61,Truffert,BOU,DEF,54,-1,-1,2.9,10326,25363,62195,173646,a,,,,,,,,2.5,2,10,450,5,0,0,0,8,0,45,28,17,24,0.11,0.29,0.40,6.95,2.5,2.5
2026-10-10T09:33:19+00:00,2026-10-10,deadline,6,2026-10-10T10:00:00Z,62,Diakité,BOU,DEF,49,-1,-1,0.2,704,1396,7362,12461,a,,,,,,,,0.0,0,0,0,0,0,0,0,0,0,0,0,0,0,0.00,0.00,0.00,0.00,0.0,0.0
2026-10-10T09:33:19+00:00,2026-10-10,deadline,6,2026-10-10T10:00:00Z,63,Milosavljević,BOU,DEF,49,0,-1,0.0,74,108,380,905,i,Thigh injury - Unknown return date,2026-08-06T10:00:10.456051Z,0,0,,,,0.0,0,0,0,0,0,0,0,0,0,0,0,0,0,0.00,0.00,0.00,0.00,0.0,0.0
2026-10-10T09:33:19+00:00,2026-10-10,deadline,6,2026-10-10T10:00:00Z,64,Smith,BOU,DEF,45,0,0,0.1,999,1062,7797,7890,a,,,,,,,,1.0,2,4,434,5,0,0,0,8,0,21,16,5,15,0.01,0.09,0.10,6.70,1.0,1.0
2026-10-10T09:33:19+00:00,2026-10-10,deadline,6,2026-10-10T10:00:00Z,65,J.Araujo,BOU,DEF,44,0,-1,0.0,81,116,465,1355,i,Thigh injury - Unknown return date,2026-08-09T08:00:05.645826Z,0,0,,,,0.0,0,0,0,0,0,0,0,0,0,0,0,0,0,0.00,0.00,0.00,0.00,0.0,0.0
2026-10-10T09:33:19+00:00,2026-10-10,deadline,6,2026-10-10T10:00:00Z,66,Soler,BOU,DEF,40,0,0,0.3,1257,1884,14348,11769,a,,2026-08-15T16:30:07.021055Z,100,100,,,,0.0,0,0,0,0,0,0,0,0,0,0,0,0,0,0.00,0.00,0.00,0.00,0.0,0.0
2026-10-10T09:33:19+00:00,2026-10-10,deadline,6,2026-10-10T10:00:00Z,67,Rayan,BOU,MID,63,-1,-2,1.5,10308,19188,58978,178684,a,,,,,,,,2.0,2,10,434,5,0,0,0,7,0,15,6,5,4,0.87,0.43,1.30,6.35,2.0,2.0
2026-10-10T09:33:19+00:00,2026-10-10,deadline,6,2026-10-10T10:00:00Z,68,Tavernier,BOU,MID,61,0,1,7.2,185781,98224,796974,272948,a,,,,,3,1,1,5.0,2,31,424,5,3,0,0,8,0,42,5,11,26,1.70,0.92,2.62,6.54,5.0,5.0
2026-10-10T09:33:19+00:00,2026-10-10,deadline,6,2026-10-10T10:00:00Z,69,Scott,BOU,MID,61,0,1,4.3,26843,188797,550746,358973,i,Thigh injury - Unknown return date,2026-10-05T09:30:09.910752Z,,0,,4,2,3.0,2,30,446,5,1,2,1,7,0,60,15,9,36,0.64,0.42,1.06,6.82,3.0,0.0
2026-10-10T09:33:19+00:00,2026-10-10,deadline,6,2026-10-10T10:00:00Z,70,Kluivert,BOU,MID,59,-1,-1,0.7,2398,37968,52755,102850,i,Unspecified injury - Unknown return date,2026-09-20T15:30:09.074071Z,,0,2,2,3,4.0,0,15,294,4,1,0,2,3,0,22,2,4,16,0.99,0.08,1.07,4.48,4.0,0.0
2026-10-10T09:33:19+00:00,2026-10-10,deadline,6,2026-10-10T10:00:00Z,71,Cook,BOU,MID,50,0,0,0.2,450,2020,13284,14801,a,,,,,,,,0.5,1,8,180,2,0,0,2,1,0,14,7,1,6,0.00,0.01,0.01,4.20,0.5,0.5
2026-10-10T09:33:19+00:00,2026-10-10,deadline,6,2026-10-10T10:00:00Z,72,Gannon-Doak,BOU,MID,49,0,-1,0.1,236,725,1736,4985,a,,,,,,,,1.0,1,4,12,0,0,0,0,1,0,7,0,2,5,0.12,0.05,0.17,0.60,1.0,1.0
2026-10-10T09:33:19+00:00,2026-10-10,deadline,6,2026-10-10T10:00:00Z,73,Adams,BOU,MID,50,0,0,0.3,2254,2694,19463,17685,a,,2026-08-15T16:30:07.029928Z,100,100,,,,3.0,4,12,279,3,0,0,0,7,0,41,12,7,22,0.03,0.07,0.10,2.74,3.0,3.0
2026-10-10T09:33:19+00:00,2026-10-10,deadline,6,2026-10-10T10:00:00Z,74,Brooks,BOU,MID,50,0,0,0.1,369,599,3551,4057,a,,2026-08-15T16:30:07.037929Z,100,100,,3,4,0.5,1,3,45,0,0,0,0,2,0,5,2,0,3,0.00,0.07,0.07,0.75,0.5,0.5
2026-10-10T09:33:19+00:00,2026-10-10,deadline,6,2026-10-10T10:00:00Z,75,Christie,BOU,MID,50,0,0,0.0,866,472,4121,2417,a,,2026-07-24T17:30:10.035483Z,100,100,,,,1.5,2,5,102,1,0,0,0,2,0,14,3,1,10,0.50,0.13,0.63,1.64,1.5,1.5
2026-10-10T09:33:19+00:00,2026-10-10,deadline,6,2026-10-10T10:00:00Z,76,Tóth.A,BOU,MID,49,0,-1,0.0,48,96,405,825,a,,,,,,,,0.5,1,2,17,0,0,0,0,2,0,2,0,1,1,0.00,0.00,0.00,0.56,0.5,0.5
2026-10-10T09:33:19+00:00,2026-10-10,deadline,6,2026-10-10T10:00:00Z,77,Adli,BOU,MID,49,0,-1,0.0,47,120,316,2261,i,Calf injury - Unknown return date,2026-08-15T16:00:07.590566Z,0,0,,,,0.0,0,0,0,0,0,0,0,0,0,0,0,0,0,0.00,0.00,0.00,0.00,0.0,0.0
2026-10-10T09:33:19+00:00,2026-10-10,deadline,6,2026-10-10T10:00:00Z,78,Kroupi.Jr,BOU,MID,74,0,-1,0.2,310,1268,1356,27786,i,Foot injury - Expected back 7 Nov,2026-07-29T17:30:09.796802Z,0,0,1,,,0.0,0,0,0,0,0,0,0,0,0,0,0,0,0,0.00,0.00,0.00,0.00,0.0,0.0
2026-10-10T09:33:19+00:00,2026-10-10,deadline,6,2026-10-10T10:00:00Z,79,Evanilson,BOU,FWD,60,0,0,3.3,45217,40253,280678,195080,a,,,,,,,,3.5,2,18,424,5,0,3,2,5,0,27,11,3,13,0.87,0.52,1.39,6.45,3.5,3.5
2026-10-10T09:33:19+00:00,2026-10-10,deadline,6,2026-10-10T10:00:00Z,80,Enes Ünal,BOU,FWD,55,0,0,0.0,0,77,0,2009,u,Has joined Getafe permanently,2026-08-14T14:14:21.881112Z,0,0,,,,0.0,0,0,0,0,0,0,0,0,0,0,0,0,0,0.00,0.00,0.00,0.00,0.0,0.0
2026-10-10T09:33:19+00:00,2026-10-10,deadline,6,2026-10-10T10:00:00Z,81,Rodríguez,BOU,FWD,60,0,0,0.1,1449,1070,6156,7201,a,,2026-08-15T16:30:07.054142Z,100,100,,,,0.5,0,2,10,0,0,0,0,1,0,1,0,0,1,0.00,0.00,0.00,0.18,0.5,0.5
2026-10-10T09:33:19+00:00,2026-10-10,deadline,6,2026-10-10T10:00:00Z,566,Silva,BOU,DEF,50,0,0,0.6,34272,14255,59734,35696,a,,,,,,,,3.0,3,13,450,5,0,0,0,8,0,56,51,5,14,0.85,0.29,1.14,6.95,3.0,3.0
2026-10-10T09:33:19+00:00,2026-10-10,deadline,6,2026-10-10T10:00:00Z,573,Sanchez,BOU,DEF,44,0,-1,0.2,234,785,1654,7442,a,,,,,,,,0.0,0,0,0,0,0,0,0,0,0,0,0,0,0,0.00,0.00,0.00,0.00,0.0,0.0
2026-10-10T09:33:19+00:00,2026-10-10,deadline,6,2026-10-10T10:00:00Z,608,Jebbison,BOU,FWD,50,0,0,0.1,1497,1426,13860,7781,a,,,,,,,,0.5,1,3,31,0,0,0,0,2,0,1,0,0,1,0.10,0.00,0.10,0.61,0.5,0.5
2026-10-10T09:33:19+00:00,2026-10-10,deadline,6,2026-10-10T10:00:00Z,615,Di Gregorio,BOU,GKP,45,0,0,0.0,279,292,3022,1841,a,,,,,,,,0.0,0,0,0,0,0,0,0,0,0,0,0,0,0,0.00,0.00,0.00,0.00,0.0,0.0
2026-10-10T09:33:19+00:00,2026-10-10,deadline,6,2026-10-10T10:00:00Z,82,Kelleher,BRE,GKP,50,0,0,6.1,39619,31900,271256,232166,a,,,,,,,,4.5,6,20,450,5,0,0,2,4,17,0,7,0,34,0.00,0.01,0.01,6.32,4.5,4.5
2026-10-10T09:33:19+00:00,2026-10-10,deadline,6,2026-10-10T10:00:00Z,83,Valdimarsson,BRE,GKP,45,0,0,0.1,515,671,3080,4921,a,,,,,,,,0.0,0,0,0,0,0,0,0,0,0,0,0,0,0,0.00,0.00,0.00,0.00,0.0,0.0
2026-10-10T09:33:19+00:00,2026-10-10,deadline,6,2026-10-10T10:00:00Z,84,Collins,BRE,DEF,54,0,-1,0.9,175,17730,58794,165086,i,Calf injury - Unknown return date,2026-09-05T18:00:06.182495Z,0,0,,,,0.0,0,10,196,3,0,0,1,1,0,17,15,2,11,0.51,0.05,0.56,2.13,0.0,0.0
2026-10-10T09:33:19+00:00,2026-10-10,deadline,6,2026-10-10T10:00:00Z,85,Van den Berg,BRE,DEF,49,0,-1,0.1,71,565,444,9171,i,Groin injury - Unknown return date,2026-08-15T15:30:06.416627Z,0,0,,,,0.0,0,0,0,0,0,0,0,0,0,0,0,0,0,0.00,0.00,0.00,0.00,0.0,0.0
2026-10-10T09:33:19+00:00,2026-10-10,deadline,6,2026-10-10T10:00:00Z,86,Lewis-Potter,BRE,MID,55,0,0,1.6,7419,23648,194064,132029,a,,,,,,1,5,2.0,3,22,406,5,1,1,2,4,0,38,17,6,15,1.21,0.79,2.00,5.69,2.0,2.0
2026-10-10T09:33:19+00:00,2026-10-10,deadline,6,2026-10-10T10:00:00Z,87,Ajer,BRE,DEF,45,0,0,3.7,29543,55574,335030,309266,a,,,,,,,,4.0,7,21,450,5,0,0,2,4,0,50,46,4,11,0.13,0.08,0.21,6.32,4.0,4.0
2026-10-10T09:33:19+00:00,2026-10-10,deadline,6,2026-10-10T10:00:00Z,88,Kayode,BRE,DEF,46,0,1,7.6,38029,45968,620727,392202,a,,,,,,,,3.5,6,23,294,4,1,0,2,1,0,16,14,2,14,0.55,0.43,0.98,3.24,3.5,3.5
2026-10-10T09:33:19+00:00,2026-10-10,deadline,6,2026-10-10T10:00:00Z,89,Henry,BRE,DEF,44,0,-1,0.2,262,1085,2086,9083,a,,,,,,,,0.0,0,1,2,0,0,0,0,0,0,0,0,0,0,0.00,0.00,0.00,0.00,0.0,0.0
2026-10-10T09:33:19+00:00,2026-10-10,deadline,6,2026-10-10T10:00:00Z,90,Hickey,BRE,DEF,45,0,0,0.1,334,465,2248,3198,a,,,,,,,,1.0,1,5,152,1,0,0,0,3,0,17,13,4,8,0.03,0.06,0.09,3.07,1.0,1.0
2026-10-10T09:33:19+00:00,2026-10-10,deadline,6,2026-10-10T10:00:00Z,92,Ji-soo,BRE,DEF,44,-1,-1,0.0,97,128,531,1000,a,,,,,,,,0.0,0,0,0,0,0,0,0,0,0,0,0,0,0,0.00,0.00,0.00,0.00,0.0,0.0
2026-10-10T09:33:19+00:00,2026-10-10,deadline,6,2026-10-10T10:00:00Z,93,Schuster,BRE,DEF,45,0,0,0.6,42180,6488,43742,10976,a,,,,,,,,8.5,14,21,253,2,0,1,1,3,0,38,35,3,6,0.10,0.54,0.64,4.19,8.5,8.5
2026-10-10T09:33:19+00:00,2026-10-10,deadline,6,2026-10-10T10:00:00Z,94,Schade,BRE,MID,62,1,2,16.1,905263,90875,1525118,310879,a,,,,,2,,,12.0,9,39,447,5,3,2,2,4,0,34,6,7,21,1.52,0.32,1.84,6.32,12.0,12.0
2026-10-10T09:33:19+00:00,2026-10-10,deadline,6,2026-10-10T10:00:00Z,95,O.Dango,BRE,MID,63,0,-2,0.4,1874,7546,16235,86125,a,,,,,,,4,1.0,1,7,179,2,0,0,1,1,0,28,9,2,17,0.09,0.39,0.48,2.81,1.0,1.0
2026-10-10T09:33:19+00:00,2026-10-10,deadline,6,2026-10-10T10:00:00Z,96,Damsgaard,BRE,MID,54,0,-1,0.4,2037,7089,15548,35205,d,Unspecified injury - 75% chance of playing,2026-10-03T19:30:08.141728Z,,75,,3,2,2.0,3,16,283,3,0,1,2,1,0,31,6,7,18,0.17,0.73,0.90,3.06,2.0,1.5
2026-10-10T09:33:19+00:00,2026-10-10,deadline,6,2026-10-10T10:00:00Z,97,Jensen,BRE,MID,54,0,-1,0.1,25,1180,4510,15614,i,Unspecified injury - Expected back 10 Oct,2026-08-30T12:30:08.176795Z,0,0,3,2,1,0.0,0,6,66,1,0,1,1,0,0,5,0,2,3,0.08,0.34,0.42,0.47,0.0,0.0
2026-10-10T09:33:19+00:00,2026-10-10,deadline,6,2026-10-10T10:00:00Z,98,Janelt,BRE,MID,50,0,0,2.5,38018,35992,325078,125083,a,,,,,,,3,3.5,3,28,450,5,2,0,2,4,0,64,27,17,20,0.53,0.44,0.97,6.32,3.5,3.5
2026-10-10T09:33:19+00:00,2026-10-10,deadline,6,2026-10-10T10:00:00Z,99,Milambo,BRE,MID,50,0,0,0.0,17,15,126,167,i,Knee injury - Unknown return date,2026-07-23T12:01:23.384798Z,0,0,,,,0.0,0,0,0,0,0,0,0,0,0,0,0,0,0,0.00,0.00,0.00,0.00,0.0,0.0
2026-10-10T09:33:19+00:00,2026-10-10,deadline,6,2026-10-10T10:00:00Z,100,Carvalho,BRE,MID,50,0,0,0.0,910,281,2208,1559,a,,2026-08-18T13:58:17.442072Z,100,100,,,,3.0,6,6,3,0,1,0,0,0,0,0,0,0,0,0.43,0.00,0.43,0.13,3.0,3.0
2026-10-10T09:33:19+00:00,2026-10-10,deadline,6,2026-10-10T10:00:00Z,102,Yarmoliuk,BRE,MID,48,0,-2,0.6,3149,8047,7602,66397,a,,,,,,,,3.5,3,9,216,2,0,1,1,4,0,26,7,5,14,0.10,0.30,0.40,4.58,3.5,3.5
2026-10-10T09:33:19+00:00,2026-10-10,deadline,6,2026-10-10T10:00:00Z,103,Dasilva,BRE,MID,49,0,-1,0.0,20,189,411,2034,i,Hamstring injury - Expected back 10 Oct,2026-09-04T13:30:08.371955Z,0,0,,,,0.0,0,0,0,0,0,0,0,0,0,0,0,0,0,0.00,0.00,0.00,0.00,0.0,0.0
2026-10-10T09:33:19+00:00,2026-10-10,deadline,6,2026-10-10T10:00:00Z,105,Anthony,BRE,MID,59,0,-1,0.2,4732,1217,9730,11618,a,,,,,,,,5.5,10,15,267,3,1,0,2,3,0,26,6,4,16,1.15,0.54,1.69,3.50,5.5,5.5
2026-10-10T09:33:19+00:00,2026-10-10,deadline,6,2026-10-10T10:00:00Z,106,Thiago,BRE,FWD,78,0,-2,9.6,139384,80685,359807,1077593,a,,,,,1,,,3.0,5,10,442,5,1,0,2,4,0,19,4,3,12,3.13,0.16,3.29,6.25,3.0,3.0
2026-10-10T09:33:19+00:00,2026-10-10,deadline,6,2026-10-10T10:00:00Z,107,Furo,BRE,FWD,45,0,0,0.8,1375,16037,62448,73199,i,Unspecified injury - Unknown return date,2026-09-14T14:00:09.985723Z,0,0,,,,0.0,0,0,0,0,0,0,0,0,0,0,0,0,0,0.00,0.00,0.00,0.00,0.0,0.0
2026-10-10T09:33:19+00:00,2026-10-10,deadline,6,2026-10-10T10:00:00Z,108,Wilson,BRE,FWD,54,-1,-1,0.3,2143,3747,16492,27812,a,,,,,,,,0.0,0,3,13,0,0,0,0,0,0,2,1,0,1,0.07,0.04,0.11,0.15,0.0,0.0
2026-10-10T09:33:19+00:00,2026-10-10,deadline,6,2026-10-10T10:00:00Z,565,M.Sangaré,BRE,MID,56,-1,1,8.7,15787,263424,1235075,945313,a,,,,,,,,2.0,0,22,321,4,0,2,1,3,0,48,12,14,22,0.41,0.65,1.06,4.31,2.0,2.0
2026-10-10T09:33:19+00:00,2026-10-10,deadline,6,2026-10-10T10:00:00Z,620,Diouf,BRE,DEF,45,0,0,0.1,1007,1154,14168,7816,a,,,,,,,,1.0,1,2,39,0,0,0,0,0,0,2,2,0,1,0.00,0.01,0.01,0.63,1.0,1.0
2026-10-10T09:33:19+00:00,2026-10-10,deadline,6,2026-10-10T10:00:00Z,657,Nunes,BRE,MID,45,0,0,0.0,536,351,2278,744,a,,,,,,,,0.0,0,0,0,0,0,0,0,0,0,0,0,0,0,0.00,0.00,0.00,0.00,0.0,0.0
2026-10-10T09:33:19+00:00,2026-10-10,deadline,6,2026-10-10T10:00:00Z,660,Fredrick,BRE,DEF,40,0,0,0.0,799,105,799,105,a,,,,,,,,0.0,0,0,0,0,0,0,0,0,0,0,0,0,0,0.00,0.00,0.00,0.00,1.1,1.1
2026-10-10T09:33:19+00:00,2026-10-10,deadline,6,2026-10-10T10:00:00Z,661,Balcombe,BRE,GKP,40,0,0,0.1,5774,1123,5774,1123,a,,,,,,,,0.0,0,0,0,0,0,0,0,0,0,0,0,0,0,0.00,0.00,0.00,0.00,1.0,1.0
2026-10-10T09:33:19+00:00,2026-10-10,deadline,6,2026-10-10T10:00:00Z,109,Verbruggen,BHA,GKP,45,0,0,21.2,159065,193365,852540,729219,a,,,,,,,,7.0,6,23,450,5,0,0,3,5,12,0,3,0,34,0.00,0.20,0.20,8.67,7.0,7.0
2026-10-10T09:33:19+00:00,2026-10-10,deadline,6,2026-10-10T10:00:00Z,111,Steele,BHA,GKP,40,0,0,4.0,16030,32136,156217,137891,a,,,,,,,,0.0,0,0,0,0,0,0,0,0,0,0,0,0,0,0.00,0.00,0.00,0.00,0.0,0.0
2026-10-10T09:33:19+00:00,2026-10-10,deadline,6,2026-10-10T10:00:00Z,113,F.Kadıoğlu,BHA,DEF,44,0,-1,1.5,10167,17223,36580,144766,a,,2026-08-23T13:00:07.595211Z,100,100,,,3,5.5,5,13,332,4,0,0,2,5,0,10,9,1,8,0.12,0.13,0.25,7.55,5.5,5.5
2026-10-10T09:33:19+00:00,2026-10-10,deadline,6,2026-10-10T10:00:00Z,114,Boscagli,BHA,DEF,45,0,0,0.3,5681,2120,19898,13197,a,,,,,,,,6.0,6,19,437,5,0,0,3,5,0,29,25,4,17,0.07,0.53,0.60,8.45,6.0,6.0
2026-10-10T09:33:19+00:00,2026-10-10,deadline,6,2026-10-10T10:00:00Z,115,De Cuyper,BHA,DEF,50,1,5,31.4,704098,58907,3122437,443938,a,,,,,,4,2,8.5,6,38,423,5,1,3,3,5,0,16,8,8,18,1.55,0.67,2.22,8.58,8.5,8.5
2026-10-10T09:33:19+00:00,2026-10-10,deadline,6,2026-10-10T10:00:00Z,116,Dunk,BHA,DEF,45,0,0,1.5,15449,18447,97010,59511,a,,2026-09-22T09:30:09.629652Z,,100,,3,,6.0,0,22,360,4,1,0,2,5,0,23,20,3,13,0.03,0.09,0.12,7.04,6.0,6.0
2026-10-10T09:33:19+00:00,2026-10-10,deadline,6,2026-10-10T10:00:00Z,117,Coppola,BHA,DEF,45,0,0,0.0,191,158,1003,1121,a,,,,,,,,0.0,0,0,0,0,0,0,0,0,0,0,0,0,0,0.00,0.00,0.00,0.00,0.0,0.0
2026-10-10T09:33:19+00:00,2026-10-10,deadline,6,2026-10-10T10:00:00Z,118,Igor,BHA,DEF,45,0,0,0.0,0,481,915,6124,u,Has joined Burnley permanently,2026-09-02T15:38:15.529699Z,0,0,,,,0.0,0,0,0,0,0,0,0,0,0,0,0,0,0,0.00,0.00,0.00,0.00,0.0,0.0
2026-10-10T09:33:19+00:00,2026-10-10,deadline,6,2026-10-10T10:00:00Z,119,Costinha,BHA,DEF,45,0,0,0.0,303,226,1408,1551,a,,,,,,,,1.0,1,4,68,0,0,0,0,0,0,7,6,1,1,0.12,0.30,0.42,1.02,1.0,1.0
2026-10-10T09:33:19+00:00,2026-10-10,deadline,6,2026-10-10T10:00:00Z,120,Svoboda,BHA,DEF,50,0,0,0.1,1664,668,4840,4190,a,,,,,,,,0.5,1,1,4,0,0,0,0,0,0,1,0,1,1,0.00,0.00,0.00,0.14,0.5,0.5
2026-10-10T09:33:19+00:00,2026-10-10,deadline,6,2026-10-10T10:00:00Z,121,Mitoma,BHA,MID,59,0,-1,0.0,186,240,612,3177,i,Hamstring injury - Expected back 10 Oct,2026-07-24T18:30:10.661894Z,0,0,,,,0.0,0,0,0,0,0,0,0,0,0,0,0,0,0,0.00,0.00,0.00,0.00,0.0,0.0
2026-10-10T09:33:19+00:00,2026-10-10,deadline,6,2026-10-10T10:00:00Z,122,Minteh,BHA,MID,58,-1,-2,0.0,64,334,354,7008,i,Leg injury - Expected back 28 Nov,2026-08-14T18:00:06.418033Z,0,0,,,5,0.0,0,0,0,0,0,0,0,0,0,0,0,0,0,0.00,0.00,0.00,0.00,0.0,0.0
2026-10-10T09:33:19+00:00,2026-10-10,deadline,6,2026-10-10T10:00:00Z,123,Hinshelwood,BHA,MID,59,0,-1,0.5,638,10811,148259,220037,d,Ankle injury - 50% chance of playing,2026-08-27T19:30:07.780933Z,0,50,,,,0.0,0,16,63,1,2,0,1,0,0,3,0,2,1,1.41,0.02,1.43,0.19,0.0,0.0
2026-10-10T09:33:19+00:00,2026-10-10,deadline,6,2026-10-10T10:00:00Z,124,Groß,BHA,MID,59,2,4,36.0,1540290,38074,2900783,567857,a,,,,,1,1,1,15.5,14,47,450,5,3,4,3,5,0,26,9,7,10,1.77,0.86,2.63,8.67,15.5,15.5
2026-10-10T09:33:19+00:00,2026-10-10,deadline,6,2026-10-10T10:00:00Z,125,Georginio,BHA,FWD,53,-1,-2,0.4,5145,7788,37142,80416,a,,2026-08-26T16:00:07.608056Z,100,100,,,,0.5,1,6,104,1,0,1,1,0,0,9,1,2,6,0.17,0.45,0.62,1.03,0.5,0.5
2026-10-10T09:33:19+00:00,2026-10-10,deadline,6,2026-10-10T10:00:00Z,126,O'Riley,BHA,MID,54,0,-1,0.1,602,808,3776,6764,a,,,,,3,,,1.0,1,2,10,0,0,0,0,0,0,3,2,0,1,0.28,0.01,0.29,0.18,1.0,1.0
2026-10-10T09:33:19+00:00,2026-10-10,deadline,6,2026-10-10T10:00:00Z,127,Gomez,BHA,MID,50,0,0,3.6,26589,86680,349096,348311,a,,,,,,5,,5.5,8,24,433,5,0,3,3,5,0,36,7,13,16,0.79,0.78,1.57,8.49,5.5,5.5
2026-10-10T09:33:19+00:00,2026-10-10,deadline,6,2026-10-10T10:00:00Z,128,Buonanotte,BHA,MID,50,0,0,0.0,0,11,0,334,u,Has joined Elche on loan for the rest of the season,2026-08-10T14:03:07.561436Z,0,0,,,,0.0,0,0,0,0,0,0,0,0,0,0,0,0,0,0.00,0.00,0.00,0.00,0.0,0.0
2026-10-10T09:33:19+00:00,2026-10-10,deadline,6,2026-10-10T10:00:00Z,129,Ayari,BHA,MID,54,0,-1,0.4,5397,4269,15638,43824,a,,2026-08-30T18:00:07.935334Z,100,100,,2,4,5.5,3,15,333,4,1,0,3,1,0,21,4,2,15,0.70,0.18,0.88,5.64,5.5,5.5
2026-10-10T09:33:19+00:00,2026-10-10,deadline,6,2026-10-10T10:00:00Z,130,Wieffer,BHA,DEF,49,0,-1,0.2,42,3324,25957,44756,i,Knee injury - Unknown return date,2026-09-04T09:30:08.612904Z,0,0,,,,0.0,0,7,156,2,0,0,1,4,0,15,11,4,9,0.12,0.13,0.25,3.18,0.0,0.0
2026-10-10T09:33:19+00:00,2026-10-10,deadline,6,2026-10-10T10:00:00Z,132,Howell,BHA,MID,45,0,0,0.0,0,371,0,3849,u,Has joined Leicester City on loan for the rest of the season,2026-08-17T13:53:19.019938Z,0,0,,,,0.0,0,0,0,0,0,0,0,0,0,0,0,0,0,0.00,0.00,0.00,0.00,0.0,0.0
2026-10-10T09:33:19+00:00,2026-10-10,deadline,6,2026-10-10T10:00:00Z,133,Watson,BHA,MID,50,0,0,0.0,0,7,0,138,u,Has joined Leicester City on loan for the rest of the season,2026-08-03T14:05:44.459483Z,0,0,,,,0.0,0,0,0,0,0,0,0,0,0,0,0,0,0,0.00,0.00,0.00,0.00,0.0,0.0
2026-10-10T09:33:19+00:00,2026-10-10,deadline,6,2026-10-10T10:00:00Z,134,Oriola,BHA,MID,44,-1,-1,0.2,798,2565,9202,15433,a,,,,,,,,0.0,0,0,0,0,0,0,0,0,0,0,0,0,0,0.00,0.00,0.00,0.00,0.0,0.0
2026-10-10T09:33:19+00:00,2026-10-10,deadline,6,2026-10-10T10:00:00Z,135,Yohanna,BHA,MID,48,-1,-2,0.0,32,684,1275,5791,i,Unspecified injury - Expected back 10 Oct,2026-09-10T13:00:08.617941Z,0,0,,,,0.0,0,1,12,0,0,0,0,0,0,0,0,0,0,0.00,0.03,0.03,0.00,0.0,0.0
2026-10-10T09:33:19+00:00,2026-10-10,deadline,6,2026-10-10T10:00:00Z,137,Tzimas,BHA,FWD,54,0,-1,0.0,57,88,354,786,i,Knee injury - Unknown return date,2026-07-23T12:01:23.432796Z,0,0,,,,0.0,0,0,0,0,0,0,0,0,0,0,0,0,0,0.00,0.00,0.00,0.00,0.0,0.0
2026-10-10T09:33:19+00:00,2026-10-10,deadline,6,2026-10-10T10:00:00Z,138,Kostoulas,BHA,FWD,56,1,1,8.3,750639,62604,855330,95114,a,,,,,,,,10.0,10,28,353,4,2,3,2,5,0,27,5,4,18,1.35,0.06,1.41,7.67,10.0,10.0
2026-10-10T09:33:19+00:00,2026-10-10,deadline,6,2026-10-10T10:00:00Z,139,Ferguson,BHA,FWD,50,0,0,0.0,218,368,1669,2637,i,Ankle injury - Expected back 10 Oct,2026-07-23T12:01:23.448357Z,0,0,,,,0.0,0,0,0,0,0,0,0,0,0,0,0,0,0,0.00,0.00,0.00,0.00,0.0,0.0
2026-10-10T09:33:19+00:00,2026-10-10,deadline,6,2026-10-10T10:00:00Z,328,Struijk,BHA,DEF,49,0,-1,0.2,696,1978,5725,13229,d,Hamstring injury - 75% chance of playing,2026-09-22T10:00:09.404233Z,100,75,,,,3.0,5,7,98,1,0,0,1,0,0,10,9,1,6,0.16,0.01,0.17,1.70,3.0,2.2
2026-10-10T09:33:19+00:00,2026-10-10,deadline,6,2026-10-10T10:00:00Z,504,Vuskovic,BHA,DEF,50,0,0,4.2,133282,36463,336382,161275,a,,,,,,,,7.0,8,32,437,5,1,0,3,5,0,43,37,6,17,0.46,0.07,0.53,8.45,7.0,7.0
2026-10-10T09:33:19+00:00,2026-10-10,deadline,6,2026-10-10T10:00:00Z,594,David,BHA,FWD,59,-1,-1,0.2,4660,3427,16522,23700,a,,,,,2,,,0.0,0,1,23,0,0,0,0,0,0,0,0,0,0,0.42,0.00,0.42,0.14,0.0,0.0
2026-10-10T09:33:19+00:00,2026-10-10,deadline,6,2026-10-10T10:00:00Z,600,Osman,BHA,MID,50,0,0,0.0,159,197,990,1164,a,,,,,,,,0.5,0,3,40,0,0,0,0,1,0,4,0,1,3,0.05,0.07,0.12,0.32,0.5,0.5
2026-10-10T09:33:19+00:00,2026-10-10,deadline,6,2026-10-10T10:00:00Z,605,Yalcouyé,BHA,MID,45,0,0,3.9,52802,64339,581691,202293,a,,,,,,,,4.5,1,20,236,3,2,0,1,4,0,19,6,6,7,1.46,0.45,1.91,6.57,4.5,4.5
2026-10-10T09:33:19+00:00,2026-10-10,deadline,6,2026-10-10T10:00:00Z,614,Hadjam,BHA,DEF,45,0,0,0.0,356,356,4095,2061,a,,,,,,,,0.0,0,0,0,0,0,0,0,0,0,0,0,0,0,0.00,0.00,0.00,0.00,0.0,0.0
2026-10-10T09:33:19+00:00,2026-10-10,deadline,6,2026-10-10T10:00:00Z,624,Cozier-Duberry,BHA,MID,50,0,0,0.0,0,7,117,115,u,Has joined Middlesbrough on loan for the rest of the season,2026-09-02T15:38:15.552951Z,0,0,,,,0.0,0,0,0,0,0,0,0,0,0,0,0,0,0,0.00,0.00,0.00,0.00,0.0,0.0
2026-10-10T09:33:19+00:00,2026-10-10,deadline,6,2026-10-10T10:00:00Z,639,Andrés,BHA,MID,55,0,0,0.1,5574,593,6818,1061,a,,,,,,,,6.0,8,12,109,1,1,1,1,0,0,13,4,1,8,0.52,0.12,0.64,1.70,6.0,6.0
2026-10-10T09:33:19+00:00,2026-10-10,deadline,6,2026-10-10T10:00:00Z,652,Azeez,BHA,MID,55,0,0,0.0,30,67,453,224,i,Hamstring injury - Expected back 10 Oct,2026-09-04T11:30:08.661589Z,0,0,,,,0.0,0,0,0,0,0,0,0,0,0,0,0,0,0,0.00,0.00,0.00,0.00,0.0,0.0
2026-10-10T09:33:19+00:00,2026-10-10,deadline,6,2026-10-10T10:00:00Z,658,Ibrahim,BHA,MID,45,0,0,0.0,472,284,1635,552,a,,,,,,,,0.0,0,0,0,0,0,0,0,0,0,0,0,0,0,0.00,0.00,0.00,0.00,0.0,0.0
2026-10-10T09:33:19+00:00,2026-10-10,deadline,6,2026-10-10T10:00:00Z,28,Martinez,CHE,GKP,50,0,0,4.7,18172,36886,255939,261467,a,,,,,,,,2.0,2,9,360,4,0,0,0,10,18,0,1,0,37,0.00,0.01,0.01,7.49,2.0,2.0
2026-10-10T09:33:19+00:00,2026-10-10,deadline,6,2026-10-10T10:00:00Z,40,Rogers,CHE,MID,78,1,3,42.7,446409,137141,2775832,728828,a,,,,,,3,4,5.0,2,29,437,5,3,1,0,12,0,31,3,5,23,1.72,1.23,2.95,8.73,5.0,5.0
2026-10-10T09:33:19+00:00,2026-10-10,deadline,6,2026-10-10T10:00:00Z,101,Henderson,CHE,MID,49,0,-1,0.0,779,253,1392,2727,a,,2026-08-09T09:30:07.136250Z,50,100,,,3,1.0,2,2,90,1,0,0,0,3,0,10,2,1,7,0.00,0.08,0.08,2.65,0.5,1.0
2026-10-10T09:33:19+00:00,2026-10-10,deadline,6,2026-10-10T10:00:00Z,136,Welbeck,CHE,FWD,59,0,-1,1.0,15872,21089,69808,94993,a,,2026-08-20T14:00:07.949090Z,100,100,,,,1.5,2,4,85,1,0,0,0,1,0,5,2,1,2,0.00,0.14,0.14,1.99,1.5,1.5
2026-10-10T09:33:19+00:00,2026-10-10,deadline,6,2026-10-10T10:00:00Z,140,Sánchez,CHE,GKP,49,0,-1,0.6,0,8842,10847,180450,u,Has joined Como on loan for the rest of the season,2026-09-02T16:20:41.841936Z,0,0,,,,0.0,0,2,90,1,0,0,0,2,4,0,1,0,5,0.00,0.01,0.01,1.33,0.0,0.0
2026-10-10T09:33:19+00:00,2026-10-10,deadline,6,2026-10-10T10:00:00Z,141,Jörgensen,CHE,GKP,50,0,0,0.0,0,38,0,956,u,Has joined RC Strasbourg on loan for the rest of the season,2026-08-12T14:07:02.607115Z,0,0,,,,0.0,0,0,0,0,0,0,0,0,0,0,0,0,0,0.00,0.00,0.00,0.00,0.0,0.0
2026-10-10T09:33:19+00:00,2026-10-10,deadline,6,2026-10-10T10:00:00Z,142,James,CHE,DEF,53,-1,-2,5.4,4823,120832,173028,643521,a,,2026-09-18T10:30:09.719371Z,75,100,,1,1,0.5,0,3,292,3,0,0,0,7,0,13,11,2,15,0.33,0.26,0.59,4.90,0.4,0.5
2026-10-10T09:33:19+00:00,2026-10-10,deadline,6,2026-10-10T10:00:00Z,143,Chalobah,CHE,DEF,55,0,0,0.1,0,433,0,14063,u,Has joined Como permanently,2026-08-10T14:03:50.769483Z,0,0,,,,0.0,0,0,0,0,0,0,0,0,0,0,0,0,0,0.00,0.00,0.00,0.00,0.0,0.0
2026-10-10T09:33:19+00:00,2026-10-10,deadline,6,2026-10-10T10:00:00Z,144,Gusto,CHE,DEF,49,-1,-1,0.9,2593,10527,37920,71007,a,,,,,,,6,0.5,0,4,272,3,0,0,0,7,0,15,11,4,13,0.08,0.12,0.20,3.50,0.5,0.5
2026-10-10T09:33:19+00:00,2026-10-10,deadline,6,2026-10-10T10:00:00Z,145,Fofana,CHE,DEF,50,0,0,0.2,5490,2244,21596,9185,a,,2026-07-23T12:01:23.464591Z,100,100,,,,2.5,4,8,312,4,0,0,0,7,0,47,40,7,11,0.00,0.08,0.08,5.65,2.5,2.5
2026-10-10T09:33:19+00:00,2026-10-10,deadline,6,2026-10-10T10:00:00Z,146,B.Badiashile,CHE,DEF,45,0,0,0.0,0,67,232,1964,u,Has joined Napoli on loan for the rest of the season,2026-08-25T14:03:47.079414Z,0,0,,,,0.0,0,0,0,0,0,0,0,0,0,0,0,0,0,0.00,0.00,0.00,0.00,0.0,0.0
2026-10-10T09:33:19+00:00,2026-10-10,deadline,6,2026-10-10T10:00:00Z,148,Hato,CHE,DEF,45,0,0,0.8,1910,14933,92305,67260,a,,,,,,,,0.0,0,8,258,4,0,2,0,9,0,18,11,7,9,0.01,0.21,0.22,4.81,0.0,0.0
2026-10-10T09:33:19+00:00,2026-10-10,deadline,6,2026-10-10T10:00:00Z,149,Colwill,CHE,DEF,48,-1,-2,0.8,3034,10709,28690,103734,a,,,,,,,,1.0,1,3,341,4,0,0,0,9,0,26,23,3,15,0.01,0.05,0.06,6.67,1.0,1.0
2026-10-10T09:33:19+00:00,2026-10-10,deadline,6,2026-10-10T10:00:00Z,150,M.Sarr,CHE,DEF,45,0,0,0.0,0,280,429,6096,u,Has joined Real Sociedad on loan for the rest of the season,2026-08-29T00:34:23.077418Z,0,0,,,,0.0,0,0,0,0,0,0,0,0,0,0,0,0,0,0.00,0.00,0.00,0.00,0.0,0.0
2026-10-10T09:33:19+00:00,2026-10-10,deadline,6,2026-10-10T10:00:00Z,151,Acheampong,CHE,DEF,45,0,0,0.3,742,3477,21454,24036,a,,,,,,,,0.0,0,5,221,2,0,0,0,7,0,20,13,7,7,0.00,0.03,0.03,4.72,0.0,0.0
2026-10-10T09:33:19+00:00,2026-10-10,deadline,6,2026-10-10T10:00:00Z,152,Palestra,CHE,DEF,53,0,-2,0.6,1562,7946,8022,224487,a,,2026-08-24T18:30:07.421239Z,50,100,,,,0.0,0,0,0,0,0,0,0,0,0,0,0,0,0,0.00,0.00,0.00,0.00,0.0,0.0
2026-10-10T09:33:19+00:00,2026-10-10,deadline,6,2026-10-10T10:00:00Z,154,Palmer,CHE,MID,97,0,2,24.2,128223,388563,2031599,883869,a,,2026-09-21T13:00:09.022726Z,100,100,1,2,,3.5,2,28,442,5,2,2,0,12,0,29,3,7,19,1.31,0.79,2.10,8.73,3.5,3.5
2026-10-10T09:33:19+00:00,2026-10-10,deadline,6,2026-10-10T10:00:00Z,156,Neto,CHE,MID,65,0,0,1.4,13091,16976,90216,98627,a,,,,,,4,2,2.0,2,14,332,4,1,0,0,8,0,28,8,6,14,0.68,0.58,1.26,6.64,2.0,2.0
2026-10-10T09:33:19+00:00,2026-10-10,deadline,6,2026-10-10T10:00:00Z,157,Estêvão,CHE,MID,63,0,-2,0.7,3632,6181,19546,88916,a,,,,,2,,5,1.0,1,4,23,0,0,0,0,1,0,2,0,1,1,0.07,0.07,0.14,1.01,1.0,1.0
2026-10-10T09:33:19+00:00,2026-10-10,deadline,6,2026-10-10T10:00:00Z,158,Gittens,CHE,MID,58,-1,-2,0.0,170,394,1149,3024,i,Ankle injury - Unknown return date,2026-09-26T05:30:09.245832Z,,0,,,,0.0,0,0,0,0,0,0,0,0,0,0,0,0,0,0.00,0.00,0.00,0.00,0.0,0.0
2026-10-10T09:33:19+00:00,2026-10-10,deadline,6,2026-10-10T10:00:00Z,159,Caicedo,CHE,MID,53,0,-2,1.0,1897,14373,16535,286765,a,,2026-08-30T16:00:08.393562Z,50,100,,,,0.0,0,1,13,0,0,0,0,0,0,0,0,0,0,0.00,0.00,0.00,0.07,0.0,0.0
2026-10-10T09:33:19+00:00,2026-10-10,deadline,6,2026-10-10T10:00:00Z,161,Lavia,CHE,MID,50,0,0,0.2,988,3959,26363,17069,a,,,,,,,,1.0,0,11,258,4,1,0,0,8,0,31,10,6,15,0.75,0.11,0.86,5.06,1.0,1.0
2026-10-10T09:33:19+00:00,2026-10-10,deadline,6,2026-10-10T10:00:00Z,163,D.Essugo,CHE,MID,45,0,0,0.1,0,1304,2698,15016,u,Has joined RC Strasbourg on loan for the rest of the season,2026-09-02T16:20:41.865225Z,0,0,,,,0.0,0,0,0,0,0,0,0,0,0,0,0,0,0,0.00,0.00,0.00,0.00,0.0,0.0
2026-10-10T09:33:19+00:00,2026-10-10,deadline,6,2026-10-10T10:00:00Z,164,Quenda,CHE,MID,53,0,-2,0.0,105,278,937,3498,a,,2026-07-24T20:30:10.609931Z,100,100,,,,0.5,1,2,27,0,0,0,0,2,0,1,1,0,0,0.03,0.01,0.04,1.29,0.5,0.5
2026-10-10T09:33:19+00:00,2026-10-10,deadline,6,2026-10-10T10:00:00Z,165,João Pedro,CHE,FWD,77,-1,2,65.4,346924,601339,1861665,1673835,a,,2026-09-16T19:00:09.919929Z,75,100,,,,6.0,0,33,360,4,3,3,0,9,0,9,3,1,5,2.17,0.19,2.36,6.17,4.5,6.0
2026-10-10T09:33:19+00:00,2026-10-10,deadline,6,2026-10-10T10:00:00Z,168,Marc Guiu,CHE,FWD,50,0,0,0.2,0,2576,4102,34300,u,Has joined RB Leipzig permanently,2026-09-01T13:24:48.857362Z,0,0,,,,0.0,0,0,0,0,0,0,0,0,0,0,0,0,0,0.00,0.00,0.00,0.00,0.0,0.0
2026-10-10T09:33:19+00:00,2026-10-10,deadline,6,2026-10-10T10:00:00Z,169,Mheuka,CHE,FWD,45,0,0,0.5,6862,5545,34583,27334,a,,,,,,,,0.0,0,0,0,0,0,0,0,0,0,0,0,0,0,0.00,0.00,0.00,0.00,0.0,0.0
2026-10-10T09:33:19+00:00,2026-10-10,deadline,6,2026-10-10T10:00:00Z,170,Emegha,CHE,FWD,49,-1,-1,0.1,177,1535,6177,13042,i,Hamstring injury - Expected back 10 Oct,2026-09-09T15:00:09.063849Z,0,0,,,,0.0,0,0,0,0,0,0,0,0,0,0,0,0,0,0.00,0.00,0.00,0.00,0.0,0.0
2026-10-10T09:33:19+00:00,2026-10-10,deadline,6,2026-10-10T10:00:00Z,200,Lacroix,CHE,DEF,59,-1,-1,6.6,18922,53405,185576,448981,a,,,,,,,,2.0,3,13,364,4,0,1,0,10,0,47,37,10,8,0.15,0.22,0.37,7.93,2.0,2.0
2026-10-10T09:33:19+00:00,2026-10-10,deadline,6,2026-10-10T10:00:00Z,560,Penders,CHE,GKP,44,0,-1,0.1,344,469,2119,3789,a,,,,,,,,0.0,0,0,0,0,0,0,0,0,0,0,0,0,0,0.00,0.00,0.00,0.00,0.0,0.0
2026-10-10T09:33:19+00:00,2026-10-10,deadline,6,2026-10-10T10:00:00Z,561,Anselmino,CHE,DEF,45,0,0,0.0,110,146,867,1294,a,,2026-08-23T19:00:08.536705Z,100,100,,,,0.0,0,0,0,0,0,0,0,0,0,0,0,0,0,0.00,0.00,0.00,0.00,0.0,0.0
2026-10-10T09:33:19+00:00,2026-10-10,deadline,6,2026-10-10T10:00:00Z,568,Barco,CHE,MID,54,0,-1,0.1,344,759,3267,7326,a,,,,,,,,1.0,2,3,115,1,0,0,0,3,0,12,4,3,5,0.07,0.11,0.18,2.83,1.0,1.0
2026-10-10T09:33:19+00:00,2026-10-10,deadline,6,2026-10-10T10:00:00Z,583,Chavarria,CHE,DEF,49,0,-1,0.2,1122,1078,4082,11684,a,,,,,,,,1.0,1,5,208,1,0,0,0,4,0,16,11,5,7,0.04,0.07,0.11,4.10,1.0,1.0
2026-10-10T09:33:19+00:00,2026-10-10,deadline,6,2026-10-10T10:00:00Z,662,Nicoll-Jazuli,CHE,MID,45,0,0,0.0,475,113,475,113,a,,,,,,,,1.0,1,1,3,0,0,0,0,1,0,2,0,2,0,0.00,0.00,0.00,0.43,1.1,1.1
2026-10-10T09:33:19+00:00,2026-10-10,deadline,6,2026-10-10T10:00:00Z,91,Pinnock,COV,DEF,45,0,0,0.1,1472,520,3641,4291,a,,,,,,,,5.0,8,14,282,3,0,0,1,7,0,44,41,3,4,0.12,0.00,0.12,6.57,5.0,5.0
2026-10-10T09:33:19+00:00,2026-10-10,deadline,6,2026-10-10T10:00:00Z,104,Onyeka,COV,MID,49,0,-1,0.1,320,915,4130,10042,a,,2026-09-15T09:00:07.851220Z,100,100,,,,2.5,3,9,314,4,0,0,1,7,0,28,9,5,14,0.03,0.02,0.05,6.31,2.5,2.5
2026-10-10T09:33:19+00:00,2026-10-10,deadline,6,2026-10-10T10:00:00Z,110,Rushworth,COV,GKP,45,0,0,0.7,6084,11031,27231,64195,a,,,,,,,,5.5,11,16,450,5,0,1,1,10,9,0,4,0,50,0.00,0.02,0.02,8.63,5.5,5.5
2026-10-10T09:33:19+00:00,2026-10-10,deadline,6,2026-10-10T10:00:00Z,171,Dovin,COV,GKP,40,0,0,0.9,0,10753,8924,63921,u,Has joined Leyton Orient on loan for the rest of the season,2026-09-02T15:44:14.839336Z,0,0,,,,0.0,0,0,0,0,0,0,0,0,0,0,0,0,0,0.00,0.00,0.00,0.00,0.0,0.0
2026-10-10T09:33:19+00:00,2026-10-10,deadline,6,2026-10-10T10:00:00Z,172,Wilson,COV,GKP,44,0,-1,0.3,387,1274,1557,12971,a,,,,,,,,0.0,0,0,0,0,0,0,0,0,0,0,0,0,0,0.00,0.00,0.00,0.00,0.0,0.0
2026-10-10T09:33:19+00:00,2026-10-10,deadline,6,2026-10-10T10:00:00Z,173,Thomas,COV,DEF,40,0,0,8.8,93002,72127,430436,325151,a,,,,,,,,4.5,9,24,437,5,0,0,2,9,0,52,49,3,16,0.49,0.30,0.79,8.09,4.5,4.5
2026-10-10T09:33:19+00:00,2026-10-10,deadline,6,2026-10-10T10:00:00Z,174,Kitching,COV,DEF,40,0,0,0.3,0,3897,981,34990,u,Has joined Sheffield United on loan for the rest of the season,2026-09-02T16:21:03.612394Z,0,0,,,,0.0,0,0,0,0,0,0,0,0,0,0,0,0,0,0.00,0.00,0.00,0.00,0.0,0.0
2026-10-10T09:33:19+00:00,2026-10-10,deadline,6,2026-10-10T10:00:00Z,175,van Ewijk,COV,DEF,40,0,0,7.7,1644,179802,123549,604476,d,Hamstring injury - 75% chance of playing,2026-09-19T16:00:09.486751Z,,75,,,,0.0,0,6,360,4,0,0,0,10,0,27,21,6,13,0.00,0.30,0.30,7.53,0.0,0.0
2026-10-10T09:33:19+00:00,2026-10-10,deadline,6,2026-10-10T10:00:00Z,176,Dasilva,COV,DEF,40,0,0,0.9,20990,5129,30273,26095,a,,,,,,,,7.5,15,20,444,5,1,0,1,10,0,23,19,4,14,0.50,0.52,1.02,8.63,7.5,7.5
2026-10-10T09:33:19+00:00,2026-10-10,deadline,6,2026-10-10T10:00:00Z,177,Kesler-Hayden,COV,DEF,39,-1,-1,0.1,4877,4027,5476,7252,d,Hamstring injury - 50% chance of playing,2026-08-27T14:56:28.704361Z,0,50,,,,0.0,0,0,0,0,0,0,0,0,0,0,0,0,0,0.00,0.00,0.00,0.00,0.0,0.0
2026-10-10T09:33:19+00:00,2026-10-10,deadline,6,2026-10-10T10:00:00Z,178,Bidwell,COV,DEF,40,0,0,0.1,329,586,2636,3817,a,,,,,,,,0.0,0,0,0,0,0,0,0,0,0,0,0,0,0,0.00,0.00,0.00,0.00,0.0,0.0
2026-10-10T09:33:19+00:00,2026-10-10,deadline,6,2026-10-10T10:00:00Z,179,Latibeaudiere,COV,DEF,40,0,0,0.0,140,269,1051,1872,a,,,,,,,,0.5,1,1,1,0,0,0,0,0,0,2,2,0,0,0.00,0.00,0.00,0.02,0.5,0.5
2026-10-10T09:33:19+00:00,2026-10-10,deadline,6,2026-10-10T10:00:00Z,180,Woolfenden,COV,DEF,39,-1,-1,0.1,820,1296,3055,9805,i,Knee injury - Unknown return date,2026-08-27T14:56:28.718566Z,0,0,,,,0.0,0,0,0,0,0,0,0,0,0,0,0,0,0,0.00,0.00,0.00,0.00,0.0,0.0
2026-10-10T09:33:19+00:00,2026-10-10,deadline,6,2026-10-10T10:00:00Z,181,Brau,COV,DEF,40,0,0,0.0,0,228,275,2298,u,Has joined Academico de Viseu on loan for the rest of the season,2026-08-29T00:35:59.980316Z,0,0,,,,0.0,0,0,0,0,0,0,0,0,0,0,0,0,0,0.00,0.00,0.00,0.00,0.0,0.0
2026-10-10T09:33:19+00:00,2026-10-10,deadline,6,2026-10-10T10:00:00Z,182,Amenda,COV,DEF,40,0,0,0.5,92,12276,11537,39178,i,Calf injury - Unknown return date,2026-09-17T07:30:09.329041Z,25,0,,,,0.0,0,4,360,4,0,0,0,10,0,24,23,1,11,0.02,0.39,0.41,7.53,0.0,0.0
2026-10-10T09:33:19+00:00,2026-10-10,deadline,6,2026-10-10T10:00:00Z,183,Rudoni,COV,MID,49,0,-1,0.1,2083,1580,5553,8969,a,,2026-07-23T12:01:23.481435Z,100,100,,1,5,3.5,5,13,297,4,0,0,2,4,0,34,9,4,21,0.92,1.11,2.03,4.49,3.5,3.5
2026-10-10T09:33:19+00:00,2026-10-10,deadline,6,2026-10-10T10:00:00Z,184,Grimes,COV,MID,49,0,-1,0.1,381,1864,4278,12255,a,,,,,3,,1,2.5,3,11,443,5,0,0,1,9,0,38,13,9,16,0.12,0.13,0.25,8.42,2.5,2.5
2026-10-10T09:33:19+00:00,2026-10-10,deadline,6,2026-10-10T10:00:00Z,185,Sakamoto,COV,MID,48,0,-2,0.1,174,777,1064,6149,a,,,,,,,,0.0,0,1,31,0,0,0,0,1,0,4,0,2,2,0.02,0.02,0.04,0.69,0.0,0.0
2026-10-10T09:33:19+00:00,2026-10-10,deadline,6,2026-10-10T10:00:00Z,186,Mason-Clark,COV,MID,53,-1,-2,0.1,133,643,1172,6247,a,,2026-08-19T18:00:08.310507Z,100,100,,,,1.0,1,5,231,4,0,0,0,3,0,15,6,0,9,0.51,0.12,0.63,3.16,1.0,1.0
2026-10-10T09:33:19+00:00,2026-10-10,deadline,6,2026-10-10T10:00:00Z,187,Eccles,COV,MID,48,-1,-2,0.0,73,162,686,1538,i,Unspecified injury - Expected back 12 Oct,2026-09-10T18:30:08.877110Z,0,0,,,,0.0,0,0,0,0,0,0,0,0,0,0,0,0,0,0.00,0.00,0.00,0.00,0.0,0.0
2026-10-10T09:33:19+00:00,2026-10-10,deadline,6,2026-10-10T10:00:00Z,188,Torp,COV,MID,53,-1,-2,0.1,53,813,806,8345,a,,,,,2,2,2,0.5,0,3,53,0,0,0,0,2,0,3,1,0,2,0.00,0.12,0.12,1.22,0.5,0.5
2026-10-10T09:33:19+00:00,2026-10-10,deadline,6,2026-10-10T10:00:00Z,189,Shepherd,COV,MID,44,0,-1,0.3,5474,4634,12194,17505,a,,,,,,,,0.0,0,0,0,0,0,0,0,0,0,0,0,0,0,0.00,0.00,0.00,0.00,0.0,0.0
2026-10-10T09:33:19+00:00,2026-10-10,deadline,6,2026-10-10T10:00:00Z,190,Tchaouna,COV,MID,53,-1,-2,0.1,59,719,3175,8596,a,,,,,,,3,0.5,1,5,211,2,0,0,0,3,0,18,6,1,11,0.23,0.18,0.41,3.23,0.5,0.5
2026-10-10T09:33:19+00:00,2026-10-10,deadline,6,2026-10-10T10:00:00Z,191,Borges Rodrigues,COV,MID,45,0,0,0.1,0,1511,1943,12335,u,Has joined Burton Albion on loan for the rest of the season,2026-09-02T15:44:14.868001Z,0,0,,,,0.0,0,0,0,0,0,0,0,0,0,0,0,0,0,0.00,0.00,0.00,0.00,0.0,0.0
2026-10-10T09:33:19+00:00,2026-10-10,deadline,6,2026-10-10T10:00:00Z,192,Andrews,COV,MID,45,0,0,0.2,0,4585,2718,43690,u,Has joined Oxford United on loan for the rest of the season,2026-08-29T00:35:59.998520Z,0,0,,,,0.0,0,0,0,0,0,0,0,0,0,0,0,0,0,0.00,0.00,0.00,0.00,0.0,0.0
2026-10-10T09:33:19+00:00,2026-10-10,deadline,6,2026-10-10T10:00:00Z,193,Wright,COV,FWD,53,-1,-2,0.1,72,953,639,12879,i,Thigh injury - Unknown return date,2026-08-14T22:00:07.214508Z,0,0,1,,,0.0,0,0,0,0,0,0,0,0,0,0,0,0,0,0.00,0.00,0.00,0.00,0.0,0.0
2026-10-10T09:33:19+00:00,2026-10-10,deadline,6,2026-10-10T10:00:00Z,194,Thomas-Asante,COV,FWD,50,0,0,0.8,20613,12406,71238,63431,a,,,,,4,,,2.5,4,9,227,2,0,0,1,6,0,27,12,3,12,0.34,0.06,0.39,4.98,2.5,2.5
2026-10-10T09:33:19+00:00,2026-10-10,deadline,6,2026-10-10T10:00:00Z,195,Simms,COV,FWD,49,-1,-1,0.6,5955,10723,44459,69941,a,,,,,,,,0.5,1,4,104,1,0,0,0,3,0,3,1,0,2,0.30,0.01,0.31,2.79,0.5,0.5
2026-10-10T09:33:19+00:00,2026-10-10,deadline,6,2026-10-10T10:00:00Z,196,Markelo,COV,FWD,50,0,0,0.0,0,93,0,1220,u,Has joined Shabab Al-Ahli Dubai permanently,2026-08-17T13:53:55.791223Z,0,0,,,,0.0,0,0,0,0,0,0,0,0,0,0,0,0,0,0.00,0.00,0.00,0.00,0.0,0.0
2026-10-10T09:33:19+00:00,2026-10-10,deadline,6,2026-10-10T10:00:00Z,197,Bassette,COV,FWD,45,0,0,0.0,0,235,0,2194,u,Has joined KVC Westerlo on loan for the rest of the season,2026-07-28T12:58:50.001768Z,0,0,,,,0.0,0,0,0,0,0,0,0,0,0,0,0,0,0,0.00,0.00,0.00,0.00,0.0,0.0
2026-10-10T09:33:19+00:00,2026-10-10,deadline,6,2026-10-10T10:00:00Z,492,Awoniyi,COV,FWD,54,-1,-1,0.3,195,10000,21468,69795,s,Suspended until 19 Oct,2026-09-13T15:00:09.305127Z,0,0,5,,,-1.0,0,3,232,3,0,0,0,7,0,11,3,1,7,1.30,0.04,1.34,3.55,0.0,0.0
2026-10-10T09:33:19+00:00,2026-10-10,deadline,6,2026-10-10T10:00:00Z,575,Yirenkyi,COV,MID,48,-1,-2,0.1,580,2040,3232,14707,a,,,,,,,,2.0,3,9,265,3,0,0,2,5,0,21,7,1,13,0.03,0.15,0.18,4.25,2.0,2.0
2026-10-10T09:33:19+00:00,2026-10-10,deadline,6,2026-10-10T10:00:00Z,584,Hamer,COV,MID,53,-1,-2,0.1,75,796,825,6803,a,,,,,,,4,0.0,0,3,32,0,0,0,0,1,0,3,0,1,2,0.00,0.02,0.02,0.82,0.0,0.0
2026-10-10T09:33:19+00:00,2026-10-10,deadline,6,2026-10-10T10:00:00Z,599,Cherif,COV,FWD,50,0,0,0.1,964,1323,7891,8162,a,,,,,,,,0.5,0,1,30,0,0,0,0,3,0,1,1,0,0,0.00,0.00,0.00,1.43,0.5,0.5
2026-10-10T09:33:19+00:00,2026-10-10,deadline,6,2026-10-10T10:00:00Z,623,Bentley,COV,GKP,40,0,0,0.9,35474,5991,105852,22883,a,,,,,,,,0.0,0,0,0,0,0,0,0,0,0,0,0,0,0,0.00,0.00,0.00,0.00,0.0,0.0
2026-10-10T09:33:19+00:00,2026-10-10,deadline,6,2026-10-10T10:00:00Z,655,Gboho,COV,MID,55,0,0,0.0,109,75,307,124,a,,,,,,,,0.0,0,0,0,0,0,0,0,0,0,0,0,0,0,0.00,0.00,0.00,0.00,0.0,0.0
2026-10-10T09:33:19+00:00,2026-10-10,deadline,6,2026-10-10T10:00:00Z,656,Mfuni,COV,DEF,40,0,0,0.1,3383,1313,11695,3114,a,,,,,,,,3.0,6,6,90,1,0,0,1,0,0,8,7,1,3,0.00,0.01,0.01,1.10,3.0,3.0
2026-10-10T09:33:19+00:00,2026-10-10,deadline,6,2026-10-10T10:00:00Z,42,Guessand,CRY,MID,54,0,-1,0.0,162,406,2455,3777,a,,,,,,,,0.0,0,2,54,0,0,0,0,1,0,2,1,1,0,0.03,0.03,0.06,0.34,0.0,0.0
2026-10-10T09:33:19+00:00,2026-10-10,deadline,6,2026-10-10T10:00:00Z,153,Disasi,CRY,DEF,45,0,0,0.1,50,1630,9451,11211,s,Suspended until 25 Oct,2026-09-12T15:30:09.445078Z,0,0,,,,-1.5,0,1,139,2,0,0,0,6,0,20,15,5,11,0.00,0.04,0.04,3.72,0.0,0.0
2026-10-10T09:33:19+00:00,2026-10-10,deadline,6,2026-10-10T10:00:00Z,198,Henderson,CRY,GKP,49,-1,-1,1.2,211,20126,55337,129034,i,Foot injury - Expected back 18 Oct,2026-09-12T14:00:09.378740Z,0,0,,,,0.0,0,5,270,3,0,0,0,8,12,0,6,0,31,0.00,0.00,0.00,6.47,0.0,0.0
2026-10-10T09:33:19+00:00,2026-10-10,deadline,6,2026-10-10T10:00:00Z,199,Benitez,CRY,GKP,45,0,0,0.1,1950,862,5042,5279,a,,,,,,,,4.0,6,8,180,2,0,0,1,3,5,0,2,0,11,0.00,0.00,0.00,2.99,4.0,4.0
2026-10-10T09:33:19+00:00,2026-10-10,deadline,6,2026-10-10T10:00:00Z,202,Richards,CRY,DEF,49,-1,-1,0.6,3826,4108,24738,39839,a,,,,,,,,5.0,8,14,450,5,0,0,1,11,0,54,46,8,16,0.08,0.07,0.15,9.46,5.0,5.0
2026-10-10T09:33:19+00:00,2026-10-10,deadline,6,2026-10-10T10:00:00Z,203,Canvot,CRY,DEF,48,-1,-2,0.2,1132,1801,6474,20451,a,,,,,,,,4.0,8,10,360,4,0,0,1,8,0,34,26,8,11,0.05,0.13,0.18,7.78,4.0,4.0
2026-10-10T09:33:19+00:00,2026-10-10,deadline,6,2026-10-10T10:00:00Z,204,Mitchell,CRY,DEF,45,0,0,6.0,34673,40678,331208,289080,a,,,,,,,,4.0,7,24,419,5,2,0,1,10,0,25,14,11,23,0.77,0.26,1.03,8.34,4.0,4.0
2026-10-10T09:33:19+00:00,2026-10-10,deadline,6,2026-10-10T10:00:00Z,205,Sosa,CRY,DEF,45,0,0,0.0,0,172,236,2141,u,Has joined FC Cologne on loan for the rest of the season,2026-09-02T16:03:25.710518Z,0,0,,,,0.0,0,0,0,0,0,0,0,0,0,0,0,0,0,0.00,0.00,0.00,0.00,0.0,0.0
2026-10-10T09:33:19+00:00,2026-10-10,deadline,6,2026-10-10T10:00:00Z,206,Chadi Riad,CRY,DEF,43,-1,-2,0.0,45,270,669,5821,i,Knee injury - Unknown return date,2026-08-22T18:00:07.352049Z,0,0,,,,0.0,0,1,72,1,0,0,0,2,0,7,6,1,3,0.00,0.01,0.01,0.98,0.0,0.0
2026-10-10T09:33:19+00:00,2026-10-10,deadline,6,2026-10-10T10:00:00Z,207,Mingueza,CRY,DEF,43,-1,-2,0.1,224,677,2134,5233,a,,,,,,,,0.0,0,2,16,0,0,0,0,1,0,2,0,2,1,0.00,0.00,0.00,0.33,0.0,0.0
2026-10-10T09:33:19+00:00,2026-10-10,deadline,6,2026-10-10T10:00:00Z,208,Sarr,CRY,MID,62,0,-3,0.7,6792,4534,10846,378985,a,,2026-08-22T18:00:07.363165Z,100,100,2,,,0.5,1,1,8,0,0,0,0,0,0,0,0,0,0,0.00,0.01,0.01,0.06,0.5,0.5
2026-10-10T09:33:19+00:00,2026-10-10,deadline,6,2026-10-10T10:00:00Z,210,Wharton,CRY,MID,54,-1,-1,0.7,1968,7553,30375,51543,a,,2026-07-23T12:01:23.498963Z,100,100,,,2,2.0,2,12,436,5,0,0,1,10,0,41,16,10,15,0.15,0.58,0.73,8.91,2.0,2.0
2026-10-10T09:33:19+00:00,2026-10-10,deadline,6,2026-10-10T10:00:00Z,211,Yeremy,CRY,MID,55,0,0,0.3,1290,6398,45834,34795,a,,,,,,1,1,1.5,2,14,307,4,0,2,1,6,0,26,5,5,16,0.52,0.55,1.07,6.93,1.5,1.5
2026-10-10T09:33:19+00:00,2026-10-10,deadline,6,2026-10-10T10:00:00Z,212,Hughes,CRY,MID,44,0,-1,6.7,16567,106418,129966,545033,a,,,,,,,4,0.5,0,2,29,0,0,0,0,1,0,7,3,1,3,0.00,0.04,0.04,1.12,0.5,0.5
2026-10-10T09:33:19+00:00,2026-10-10,deadline,6,2026-10-10T10:00:00Z,213,Lerma,CRY,MID,48,-1,-2,0.1,188,696,1394,5877,a,,,,,,,,0.5,0,1,51,0,0,0,0,1,0,12,7,2,3,0.26,0.00,0.26,1.25,0.5,0.5
2026-10-10T09:33:19+00:00,2026-10-10,deadline,6,2026-10-10T10:00:00Z,214,Kamada,CRY,MID,50,0,0,0.5,6979,6354,53726,27971,a,,,,,,,3,5.5,3,21,441,5,0,3,1,10,0,38,4,11,23,0.47,0.38,0.85,8.85,5.5,5.5
2026-10-10T09:33:19+00:00,2026-10-10,deadline,6,2026-10-10T10:00:00Z,215,Devenny,CRY,MID,50,0,0,0.0,0,64,132,978,u,Has joined Stoke City permanently,2026-09-02T15:41:07.346849Z,0,0,3,2,,0.0,0,0,0,0,0,0,0,0,0,0,0,0,0,0.00,0.00,0.00,0.00,0.0,0.0
2026-10-10T09:33:19+00:00,2026-10-10,deadline,6,2026-10-10T10:00:00Z,216,Esse,CRY,MID,50,0,0,0.0,0,219,399,3330,u,Has joined Millwall on loan for the rest of the season,2026-09-02T15:41:07.376544Z,0,0,,,,0.0,0,0,0,0,0,0,0,0,0,0,0,0,0,0.00,0.00,0.00,0.00,0.0,0.0
2026-10-10T09:33:19+00:00,2026-10-10,deadline,6,2026-10-10T10:00:00Z,217,M.França,CRY,MID,49,0,-1,0.0,0,313,1007,3595,u,Has joined Alverca on loan for the rest of the season,2026-09-11T14:42:19.322912Z,0,0,,,,0.0,0,0,0,0,0,0,0,0,0,0,0,0,0,0.00,0.00,0.00,0.00,0.0,0.0
2026-10-10T09:33:19+00:00,2026-10-10,deadline,6,2026-10-10T10:00:00Z,218,Doucouré,CRY,MID,48,-1,-2,0.0,209,512,2183,4677,a,,,,,,,,0.0,0,0,0,0,0,0,0,0,0,0,0,0,0,0.00,0.00,0.00,0.00,0.0,0.0
2026-10-10T09:33:19+00:00,2026-10-10,deadline,6,2026-10-10T10:00:00Z,219,J.Rak-Sakyi,CRY,MID,49,0,-1,0.0,0,41,145,483,u,has joined  Kasimpasa on loan for the rest of the seaon.,2026-09-10T09:12:47.224598Z,0,0,,,,0.0,0,0,0,0,0,0,0,0,0,0,0,0,0,0.00,0.00,0.00,0.00,0.0,0.0
2026-10-10T09:33:19+00:00,2026-10-10,deadline,6,2026-10-10T10:00:00Z,220,Cardines,CRY,DEF,45,0,0,0.0,0,4,0,129,u,Has joined Bristol City on loan for the rest of the season,2026-08-12T14:08:46.501813Z,0,0,,,,0.0,0,0,0,0,0,0,0,0,0,0,0,0,0,0.00,0.00,0.00,0.00,0.0,0.0
2026-10-10T09:33:19+00:00,2026-10-10,deadline,6,2026-10-10T10:00:00Z,221,Drakes-Thomas,CRY,MID,44,-1,-1,0.1,350,794,2898,5039,a,,,,,,,,0.0,0,0,0,0,0,0,0,0,0,0,0,0,0,0.00,0.00,0.00,0.00,0.0,0.0
2026-10-10T09:33:19+00:00,2026-10-10,deadline,6,2026-10-10T10:00:00Z,222,Strand Larsen,CRY,FWD,60,0,0,0.7,14335,8357,59560,45411,a,,,,,,,,5.0,2,14,298,3,1,0,1,5,0,13,6,2,5,0.43,0.20,0.63,6.15,5.0,5.0
2026-10-10T09:33:19+00:00,2026-10-10,deadline,6,2026-10-10T10:00:00Z,223,Mateta,CRY,FWD,63,0,-2,1.2,346,15290,26099,460777,i,Hamstring injury - Expected back 18 Oct,2026-08-28T21:00:08.020382Z,0,0,1,,,0.0,0,2,62,1,0,0,0,2,0,5,1,2,2,0.70,0.02,0.72,0.98,0.0,0.0
2026-10-10T09:33:19+00:00,2026-10-10,deadline,6,2026-10-10T10:00:00Z,224,Nketiah,CRY,FWD,55,0,0,0.5,2519,6416,48500,53063,a,,2026-09-12T14:00:09.427136Z,100,100,,,,0.5,1,8,175,3,0,1,0,7,0,12,2,4,6,1.10,0.60,1.70,4.51,0.5,0.5
2026-10-10T09:33:19+00:00,2026-10-10,deadline,6,2026-10-10T10:00:00Z,225,Uche,CRY,FWD,50,0,0,0.0,0,0,0,0,u,has returned to Getafe CF,2026-07-23T12:18:56.275922Z,0,0,,,,0.0,0,0,0,0,0,0,0,0,0,0,0,0,0,0.00,0.00,0.00,0.00,0.0,0.0
2026-10-10T09:33:19+00:00,2026-10-10,deadline,6,2026-10-10T10:00:00Z,241,McNeil,CRY,MID,53,-1,-2,0.1,169,928,1876,8657,a,,,,,,,,0.0,0,3,84,1,0,0,0,3,0,7,4,0,3,0.05,0.02,0.07,1.18,0.0,0.0
2026-10-10T09:33:19+00:00,2026-10-10,deadline,6,2026-10-10T10:00:00Z,555,Matthews,CRY,GKP,40,0,0,1.7,2566,5283,24750,33723,a,,,,,,,,0.0,0,0,0,0,0,0,0,0,0,0,0,0,0,0.00,0.00,0.00,0.00,0.0,0.0
2026-10-10T09:33:19+00:00,2026-10-10,deadline,6,2026-10-10T10:00:00Z,577,Tomiyasu,CRY,DEF,44,0,-1,0.2,172,3218,3501,15338,i,Calf injury - Expected back 18 Oct,2026-09-21T13:30:09.030724Z,,0,,,,0.5,1,3,189,2,0,0,0,5,0,17,15,2,7,0.00,0.03,0.03,3.98,0.5,0.0
2026-10-10T09:33:19+00:00,2026-10-10,deadline,6,2026-10-10T10:00:00Z,588,Khalaili,CRY,DEF,50,0,0,0.3,4182,3823,36875,18077,a,,2026-10-04T22:00:08.963040Z,,100,,,,6.5,6,19,379,4,1,0,1,8,0,44,23,21,26,0.96,0.33,1.29,8.41,6.5,6.5
2026-10-10T09:33:19+00:00,2026-10-10,deadline,6,2026-10-10T10:00:00Z,595,Gozo,CRY,MID,49,-1,-1,0.0,61,144,511,937,a,,,,,,,,0.5,0,2,28,0,0,0,0,2,0,1,0,1,0,0.00,0.00,0.00,0.68,0.5,0.5
2026-10-10T09:33:19+00:00,2026-10-10,deadline,6,2026-10-10T10:00:00Z,633,Ahanor,CRY,DEF,45,0,0,0.0,241,199,2016,651,a,,,,,,,,1.5,0,3,90,1,0,0,0,3,0,11,9,2,4,0.00,0.01,0.01,1.68,1.5,1.5
2026-10-10T09:33:19+00:00,2026-10-10,deadline,6,2026-10-10T10:00:00Z,643,Chilwell,CRY,DEF,45,0,0,0.4,1114,5755,43668,20965,a,,,,,,,,0.5,0,8,29,0,1,0,0,1,0,1,1,0,0,0.27,0.01,0.28,1.12,0.5,0.5
2026-10-10T09:33:19+00:00,2026-10-10,deadline,6,2026-10-10T10:00:00Z,644,Timber,CRY,MID,50,0,0,0.0,832,513,4655,1705,a,,,,,,,,3.5,3,9,253,3,0,0,1,5,0,27,6,11,10,0.24,0.06,0.30,5.56,3.5,3.5
2026-10-10T09:33:19+00:00,2026-10-10,deadline,6,2026-10-10T10:00:00Z,647,Osorio,CRY,MID,55,0,0,0.0,47,115,966,451,a,,,,,,,,0.0,0,1,1,0,0,0,0,0,0,1,0,1,0,0.00,0.00,0.00,0.13,0.0,0.0
2026-10-10T09:33:19+00:00,2026-10-10,deadline,6,2026-10-10T10:00:00Z,21,Nørgaard,EVE,MID,48,-1,-2,0.0,146,640,586,7742,d,Groin injury - 50% chance of playing,2026-08-15T20:00:06.779594Z,0,50,,,,0.0,0,0,0,0,0,0,0,0,0,0,0,0,0,0.00,0.00,0.00,0.00,0.0,0.0
2026-10-10T09:33:19+00:00,2026-10-10,deadline,6,2026-10-10T10:00:00Z,209,Johnson,EVE,MID,59,0,-1,0.1,792,1569,5687,11284,a,,,,,,,,3.0,3,9,238,3,0,0,2,1,0,26,8,7,11,1.03,0.22,1.25,3.73,3.0,3.0
2026-10-10T09:33:19+00:00,2026-10-10,deadline,6,2026-10-10T10:00:00Z,226,Pickford,EVE,GKP,55,0,0,9.3,53345,36227,320862,256346,a,,,,,,,,7.0,8,25,450,5,0,0,3,3,15,0,7,0,53,0.00,0.02,0.02,6.94,7.0,7.0
2026-10-10T09:33:19+00:00,2026-10-10,deadline,6,2026-10-10T10:00:00Z,227,Travers,EVE,GKP,50,0,0,0.0,414,421,1972,2283,a,,,,,,,,0.0,0,0,0,0,0,0,0,0,0,0,0,0,0,0.00,0.00,0.00,0.00,0.0,0.0
2026-10-10T09:33:19+00:00,2026-10-10,deadline,6,2026-10-10T10:00:00Z,228,King,EVE,GKP,45,0,0,0.0,185,266,1252,1833,a,,,,,,,,0.0,0,0,0,0,0,0,0,0,0,0,0,0,0,0.00,0.00,0.00,0.00,0.0,0.0
2026-10-10T09:33:19+00:00,2026-10-10,deadline,6,2026-10-10T10:00:00Z,229,Tarkowski,EVE,DEF,62,1,2,18.7,451995,71767,1162803,335353,a,,,,,,,,11.0,14,43,450,5,1,1,3,3,0,51,40,11,18,0.18,0.04,0.22,6.94,11.0,11.0
2026-10-10T09:33:19+00:00,2026-10-10,deadline,6,2026-10-10T10:00:00Z,230,Branthwaite,EVE,DEF,55,0,0,2.7,53744,17480,173916,81945,a,,,,,,,,7.0,8,27,450,5,0,0,3,3,0,54,49,5,14,0.17,0.02,0.19,6.94,7.0,7.0
2026-10-10T09:33:19+00:00,2026-10-10,deadline,6,2026-10-10T10:00:00Z,231,Keane,EVE,DEF,48,0,-2,0.7,1027,7391,9932,94190,a,,,,,,,,0.0,0,0,0,0,0,0,0,0,0,0,0,0,0,0.00,0.00,0.00,0.00,0.0,0.0
2026-10-10T09:33:19+00:00,2026-10-10,deadline,6,2026-10-10T10:00:00Z,232,O'Brien,EVE,DEF,48,-1,-2,0.3,719,2143,4974,25614,a,,,,,,,,1.0,1,2,16,0,0,0,0,0,0,2,2,0,2,0.00,0.00,0.00,0.42,1.0,1.0
2026-10-10T09:33:19+00:00,2026-10-10,deadline,6,2026-10-10T10:00:00Z,233,Mykolenko,EVE,DEF,46,1,1,3.5,47328,90122,418520,186575,d,Leg injury - 75% chance of playing,2026-10-01T19:30:09.402881Z,,75,,,,8.0,5,27,450,5,0,0,3,3,0,39,25,14,30,0.04,0.16,0.20,6.94,8.0,6.0
2026-10-10T09:33:19+00:00,2026-10-10,deadline,6,2026-10-10T10:00:00Z,234,Patterson,EVE,DEF,45,0,0,0.0,0,215,371,2528,u,Has joined Torino permanently,2026-09-02T16:05:23.326971Z,0,0,,,,0.0,0,0,0,0,0,0,0,0,0,0,0,0,0,0.00,0.00,0.00,0.00,0.0,0.0
2026-10-10T09:33:19+00:00,2026-10-10,deadline,6,2026-10-10T10:00:00Z,235,Aznou,EVE,DEF,40,0,0,0.1,0,1181,1728,11775,u,Has joined Malaga on loan for the rest of the season,2026-09-01T13:23:16.934847Z,0,0,,,,0.0,0,0,0,0,0,0,0,0,0,0,0,0,0,0.00,0.00,0.00,0.00,0.0,0.0
2026-10-10T09:33:19+00:00,2026-10-10,deadline,6,2026-10-10T10:00:00Z,236,Dewsbury-Hall,EVE,MID,66,1,1,5.5,56117,109588,606881,388952,a,,,,,,,2,2.5,3,20,450,5,1,0,3,3,0,42,5,11,26,0.99,0.83,1.82,6.74,2.5,2.5
2026-10-10T09:33:19+00:00,2026-10-10,deadline,6,2026-10-10T10:00:00Z,238,Grealish,EVE,MID,65,0,0,0.5,8413,5475,45457,25759,a,,2026-07-29T10:00:10.492904Z,100,100,,,,2.0,3,6,135,1,0,0,1,1,0,13,2,3,8,0.02,0.44,0.46,1.67,2.0,2.0
2026-10-10T09:33:19+00:00,2026-10-10,deadline,6,2026-10-10T10:00:00Z,239,Garner,EVE,MID,60,0,0,0.2,4618,4009,24070,15909,a,,2026-09-06T18:00:08.301702Z,100,100,2,1,1,3.5,3,11,328,4,0,0,2,2,0,45,9,11,25,0.20,0.17,0.37,3.45,3.5,3.5
2026-10-10T09:33:19+00:00,2026-10-10,deadline,6,2026-10-10T10:00:00Z,242,George,EVE,MID,55,0,0,0.8,4318,23448,108983,55112,a,,,,,,,,2.0,1,19,309,4,1,0,2,3,0,18,5,1,12,0.35,0.32,0.67,3.71,2.0,2.0
2026-10-10T09:33:19+00:00,2026-10-10,deadline,6,2026-10-10T10:00:00Z,243,Alcaraz,EVE,MID,49,0,-1,0.1,262,702,2963,6135,a,,,,,,,,0.0,0,1,5,0,0,0,0,0,0,3,0,1,2,0.05,0.02,0.07,0.04,0.0,0.0
2026-10-10T09:33:19+00:00,2026-10-10,deadline,6,2026-10-10T10:00:00Z,244,Armstrong,EVE,MID,50,0,0,0.4,1516,5413,54576,34767,a,,2026-09-17T08:30:08.942299Z,75,100,,,,2.5,2,16,446,5,0,1,3,3,0,40,13,8,19,0.21,0.49,0.70,6.94,1.9,2.5
2026-10-10T09:33:19+00:00,2026-10-10,deadline,6,2026-10-10T10:00:00Z,245,Dibling,EVE,MID,53,-1,-2,0.0,203,295,1258,2794,a,,,,,,,,0.5,1,1,24,0,0,0,0,0,0,0,0,0,0,0.17,0.16,0.33,0.38,0.5,0.5
2026-10-10T09:33:19+00:00,2026-10-10,deadline,6,2026-10-10T10:00:00Z,246,Röhl,EVE,MID,49,0,-1,0.0,12,1063,1967,5163,d,Unspecified injury - 50% chance of playing,2026-09-16T18:00:09.541933Z,0,50,,,,0.0,0,6,249,3,0,0,1,2,0,24,6,5,13,0.00,0.20,0.20,4.52,0.0,0.0
2026-10-10T09:33:19+00:00,2026-10-10,deadline,6,2026-10-10T10:00:00Z,247,Hackney,EVE,MID,54,-1,-1,0.2,290,1969,3841,12809,a,,2026-08-26T22:00:07.797766Z,100,100,,,3,1.0,1,10,137,1,0,1,1,1,0,12,4,3,5,0.05,0.13,0.18,3.91,1.0,1.0
2026-10-10T09:33:19+00:00,2026-10-10,deadline,6,2026-10-10T10:00:00Z,248,Beto,EVE,FWD,54,0,-1,0.5,0,12973,16222,225295,u,Has joined Fiorentina permanently,2026-09-02T16:05:23.357221Z,0,0,,,,0.0,0,2,31,0,0,0,0,0,0,1,1,0,0,0.09,0.00,0.09,1.92,0.0,0.0
2026-10-10T09:33:19+00:00,2026-10-10,deadline,6,2026-10-10T10:00:00Z,249,Barry,EVE,FWD,57,1,2,8.8,193536,107758,1075691,425934,a,,,,,1,,,4.0,6,20,417,5,2,0,3,3,0,17,5,1,11,3.50,0.15,3.65,5.02,4.0,4.0
2026-10-10T09:33:19+00:00,2026-10-10,deadline,6,2026-10-10T10:00:00Z,649,Maitland-Niles,EVE,DEF,45,0,0,1.5,38671,10979,111703,20871,a,,,,,,,,7.0,8,21,177,2,1,0,2,1,0,13,8,5,7,0.06,0.25,0.31,2.00,7.0,7.0
2026-10-10T09:33:19+00:00,2026-10-10,deadline,6,2026-10-10T10:00:00Z,654,Graham,EVE,MID,45,0,0,0.1,351,1353,11397,5658,a,,,,,,,,0.0,0,0,0,0,0,0,0,0,0,0,0,0,0,0.00,0.00,0.00,0.00,0.0,0.0
2026-10-10T09:33:19+00:00,2026-10-10,deadline,6,2026-10-10T10:00:00Z,250,Leno,FUL,GKP,45,0,0,4.0,125265,31559,236162,122601,a,,,,,,,,6.0,3,18,450,5,0,0,1,8,16,0,6,0,41,0.00,0.00,0.00,9.11,6.0,6.0
2026-10-10T09:33:19+00:00,2026-10-10,deadline,6,2026-10-10T10:00:00Z,251,Lecomte,FUL,GKP,40,0,0,1.1,7360,5896,30088,29331,a,,,,,,,,0.0,0,0,0,0,0,0,0,0,0,0,0,0,0,0.00,0.00,0.00,0.00,0.0,0.0
2026-10-10T09:33:19+00:00,2026-10-10,deadline,6,2026-10-10T10:00:00Z,252,McNally,FUL,GKP,40,0,0,0.1,0,1194,2589,7190,u,Has joined York City on loan for the rest of the season,2026-09-01T13:25:11.231240Z,0,0,,,,0.0,0,0,0,0,0,0,0,0,0,0,0,0,0,0.00,0.00,0.00,0.00,0.0,0.0
2026-10-10T09:33:19+00:00,2026-10-10,deadline,6,2026-10-10T10:00:00Z,253,Andersen,FUL,DEF,50,0,0,0.2,7680,2404,19554,10514,a,,2026-07-23T12:01:23.516350Z,100,100,,,,0.5,1,3,190,2,0,0,0,5,0,20,18,2,9,0.00,0.10,0.10,4.35,0.5,0.5
2026-10-10T09:33:19+00:00,2026-10-10,deadline,6,2026-10-10T10:00:00Z,254,Robinson,FUL,DEF,45,0,0,1.4,37014,27727,79499,91702,d,Ankle injury - 75% chance of playing,2026-10-09T11:30:11.109085Z,,75,2,,,4.0,2,12,429,5,0,0,1,8,0,31,18,13,20,0.26,0.30,0.56,9.08,4.0,3.0
2026-10-10T09:33:19+00:00,2026-10-10,deadline,6,2026-10-10T10:00:00Z,255,J.Cuenca,FUL,DEF,45,0,0,0.0,144,196,1624,2089,a,,,,,,,,0.0,0,3,90,1,0,0,0,3,0,10,9,1,3,0.00,0.03,0.03,2.24,0.0,0.0
2026-10-10T09:33:19+00:00,2026-10-10,deadline,6,2026-10-10T10:00:00Z,256,Tete,FUL,DEF,44,0,-1,0.2,256,1517,1587,10962,a,,2026-09-18T12:30:09.546158Z,0,100,,,,0.0,0,0,27,0,0,0,0,0,0,3,3,0,0,0.00,0.00,0.00,0.65,0.0,0.0
2026-10-10T09:33:19+00:00,2026-10-10,deadline,6,2026-10-10T10:00:00Z,257,Bassey,FUL,DEF,45,0,0,0.9,32373,5850,53387,33996,a,,,,,,,,6.0,6,15,450,5,0,1,1,8,0,29,23,6,22,0.13,0.08,0.21,9.11,6.0,6.0
2026-10-10T09:33:19+00:00,2026-10-10,deadline,6,2026-10-10T10:00:00Z,258,Castagne,FUL,DEF,45,0,0,1.3,54670,12621,131312,51350,a,,,,,,,,3.5,1,20,408,5,0,2,2,7,0,29,23,6,18,0.67,0.39,1.06,6.81,3.5,3.5
2026-10-10T09:33:19+00:00,2026-10-10,deadline,6,2026-10-10T10:00:00Z,261,Iwobi,FUL,MID,54,0,-1,0.7,14448,7216,33368,59577,a,,,,,3,1,1,4.0,5,14,408,5,0,0,2,7,0,29,5,5,19,0.39,1.22,1.61,8.16,4.0,4.0
2026-10-10T09:33:19+00:00,2026-10-10,deadline,6,2026-10-10T10:00:00Z,262,Smith Rowe,FUL,MID,53,-1,-2,0.2,694,2287,4892,21946,a,,,,,,,,0.5,0,3,38,0,0,0,0,0,0,3,1,0,2,0.06,0.02,0.08,0.87,0.5,0.5
2026-10-10T09:33:19+00:00,2026-10-10,deadline,6,2026-10-10T10:00:00Z,263,Kevin,FUL,MID,53,0,-2,0.0,419,509,2223,4446,a,,,,,,,4,1.0,1,4,61,0,0,0,0,1,0,8,1,3,4,0.07,0.12,0.19,1.23,1.0,1.0
2026-10-10T09:33:19+00:00,2026-10-10,deadline,6,2026-10-10T10:00:00Z,264,Bobb,FUL,MID,55,0,0,0.3,7879,3554,21882,22660,a,,,,,,,2,3.0,3,13,343,5,0,0,3,6,0,28,5,8,15,0.54,1.14,1.68,6.19,3.0,3.0
2026-10-10T09:33:19+00:00,2026-10-10,deadline,6,2026-10-10T10:00:00Z,265,Berge,FUL,MID,49,0,-1,0.3,1705,2736,7436,19492,a,,,,,,,,3.0,3,11,349,4,0,0,2,5,0,19,7,4,8,0.08,0.36,0.44,7.36,3.0,3.0
2026-10-10T09:33:19+00:00,2026-10-10,deadline,6,2026-10-10T10:00:00Z,266,Cairney,FUL,MID,49,0,-1,0.0,31,31,132,342,i,Knee injury - Expected back 17 Oct,2026-08-14T18:00:06.460944Z,0,0,,,,0.0,0,0,0,0,0,0,0,0,0,0,0,0,0,0.00,0.00,0.00,0.00,0.0,0.0
2026-10-10T09:33:19+00:00,2026-10-10,deadline,6,2026-10-10T10:00:00Z,268,King,FUL,MID,56,1,1,4.6,337838,54415,581973,132983,a,,,,,,,,2.5,2,24,425,5,2,0,2,7,0,28,5,7,16,1.54,0.46,2.00,8.29,2.5,2.5
2026-10-10T09:33:19+00:00,2026-10-10,deadline,6,2026-10-10T10:00:00Z,269,Sessegnon,FUL,DEF,43,-1,-2,0.3,1001,2481,3444,20179,a,,2026-09-14T11:30:07.403957Z,75,100,,,3,0.0,0,3,50,0,0,0,0,1,0,3,2,1,3,0.13,0.44,0.57,1.80,0.0,0.0
2026-10-10T09:33:19+00:00,2026-10-10,deadline,6,2026-10-10T10:00:00Z,270,Reed,FUL,MID,44,0,-1,1.1,4360,13360,37852,79585,a,,,,,,,,0.0,0,0,0,0,0,0,0,0,0,0,0,0,0,0.00,0.00,0.00,0.00,0.0,0.0
2026-10-10T09:33:19+00:00,2026-10-10,deadline,6,2026-10-10T10:00:00Z,271,Muniz,FUL,FWD,54,0,-1,0.4,4165,4969,18494,37410,a,,,,,,,,0.5,0,3,38,0,0,0,0,1,0,3,3,0,0,0.40,0.00,0.40,0.85,0.5,0.5
2026-10-10T09:33:19+00:00,2026-10-10,deadline,6,2026-10-10T10:00:00Z,272,Kusi-Asare,FUL,FWD,45,0,0,5.2,22330,69377,171801,337182,a,,,,,,,,0.0,0,0,0,0,0,0,0,0,0,0,0,0,0,0.00,0.00,0.00,0.00,0.0,0.0
2026-10-10T09:33:19+00:00,2026-10-10,deadline,6,2026-10-10T10:00:00Z,569,Gonzalo,FUL,FWD,61,1,1,7.2,445526,73648,807835,353033,a,,,,,1,,,2.0,2,14,425,5,1,0,2,7,0,18,7,2,9,2.33,0.58,2.91,8.29,2.0,2.0
2026-10-10T09:33:19+00:00,2026-10-10,deadline,6,2026-10-10T10:00:00Z,570,Palacios,FUL,MID,54,0,-1,0.2,1358,1825,6647,11471,a,,,,,,,,0.5,1,12,226,3,1,0,0,7,0,17,4,3,10,0.98,0.03,1.01,5.46,0.5,0.5
2026-10-10T09:33:19+00:00,2026-10-10,deadline,6,2026-10-10T10:00:00Z,580,Charles,FUL,MID,50,0,0,0.1,3689,1208,5419,4884,a,,,,,,,,4.5,4,13,303,3,0,0,1,5,0,46,23,4,19,0.09,0.16,0.25,6.65,4.5,4.5
2026-10-10T09:33:19+00:00,2026-10-10,deadline,6,2026-10-10T10:00:00Z,610,De Fougerolles,FUL,DEF,40,0,0,0.1,0,647,5787,5393,u,has joined  Real Salt Lake on loan for the rest of the seaon.,2026-08-28T11:30:08.336405Z,0,0,,,,0.0,0,0,0,0,0,0,0,0,0,0,0,0,0,0.00,0.00,0.00,0.00,0.0,0.0
2026-10-10T09:33:19+00:00,2026-10-10,deadline,6,2026-10-10T10:00:00Z,626,Zepa,FUL,MID,44,-1,-1,0.3,4778,3718,38945,19932,a,,,,,,,,0.0,0,0,0,0,0,0,0,0,0,0,0,0,0,0.00,0.00,0.00,0.00,0.0,0.0
2026-10-10T09:33:19+00:00,2026-10-10,deadline,6,2026-10-10T10:00:00Z,635,Larsson,FUL,MID,50,0,0,0.0,169,110,914,343,a,,,,,,,,1.0,1,3,37,0,0,0,0,1,0,6,2,1,3,0.13,0.23,0.36,0.88,1.0,1.0
2026-10-10T09:33:19+00:00,2026-10-10,deadline,6,2026-10-10T10:00:00Z,636,Ángel,FUL,MID,50,0,0,0.0,57,43,394,185,a,,,,,,,,0.0,0,0,0,0,0,0,0,0,0,0,0,0,0,0.00,0.00,0.00,0.00,0.0,0.0
2026-10-10T09:33:19+00:00,2026-10-10,deadline,6,2026-10-10T10:00:00Z,650,Affengruber,FUL,DEF,45,0,0,0.6,68870,10412,71748,11034,a,,,,,,,,6.0,4,12,180,2,0,0,1,1,0,23,20,3,7,0.00,0.02,0.02,2.88,6.0,6.0
2026-10-10T09:33:19+00:00,2026-10-10,deadline,6,2026-10-10T10:00:00Z,240,Iroegbunam,HUL,MID,50,0,0,0.0,119,194,1157,1208,a,,2026-08-15T20:00:06.878792Z,100,100,,,,0.5,1,2,70,0,0,0,0,0,0,9,1,3,5,0.12,0.01,0.13,0.60,0.5,0.5
2026-10-10T09:33:19+00:00,2026-10-10,deadline,6,2026-10-10T10:00:00Z,273,Phillips,HUL,GKP,40,0,0,1.4,6678,7803,32803,42686,a,,,,,,,,0.0,0,0,0,0,0,0,0,0,0,0,0,0,0,0.00,0.00,0.00,0.00,0.0,0.0
2026-10-10T09:33:19+00:00,2026-10-10,deadline,6,2026-10-10T10:00:00Z,274,Butland,HUL,GKP,44,-1,-1,0.1,106,548,675,5161,i,Arm injury - Unknown return date,2026-08-08T19:00:05.601633Z,0,0,,,,0.0,0,0,0,0,0,0,0,0,0,0,0,0,0,0.00,0.00,0.00,0.00,0.0,0.0
2026-10-10T09:33:19+00:00,2026-10-10,deadline,6,2026-10-10T10:00:00Z,275,Cartwright,HUL,GKP,40,0,0,0.0,0,47,0,349,u,Has joined Grimsby Town on loan for the rest of the season,2026-07-29T13:00:27.959925Z,0,0,,,,0.0,0,0,0,0,0,0,0,0,0,0,0,0,0,0.00,0.00,0.00,0.00,0.0,0.0
2026-10-10T09:33:19+00:00,2026-10-10,deadline,6,2026-10-10T10:00:00Z,276,Lo-Tutala,HUL,GKP,40,0,0,0.0,0,204,0,1198,u,Has joined Colchester United on loan for the rest of the season,2026-08-17T13:50:27.125537Z,0,0,,,,0.0,0,0,0,0,0,0,0,0,0,0,0,0,0,0.00,0.00,0.00,0.00,0.0,0.0
2026-10-10T09:33:19+00:00,2026-10-10,deadline,6,2026-10-10T10:00:00Z,277,Egan,HUL,DEF,41,0,1,7.4,103490,60514,826649,247435,a,,,,,,,,1.5,1,26,437,5,0,0,3,4,0,59,50,9,12,0.05,0.00,0.05,7.27,1.5,1.5
2026-10-10T09:33:19+00:00,2026-10-10,deadline,6,2026-10-10T10:00:00Z,278,Hughes,HUL,DEF,39,0,-1,0.2,1535,2978,17324,13945,i,Groin injury - Unknown return date,2026-08-02T09:00:11.030017Z,0,0,,,,0.0,0,0,0,0,0,0,0,0,0,0,0,0,0,0.00,0.00,0.00,0.00,0.0,0.0
2026-10-10T09:33:19+00:00,2026-10-10,deadline,6,2026-10-10T10:00:00Z,279,Ajayi,HUL,DEF,42,0,2,14.0,98709,105048,1410094,355550,a,,2026-08-22T17:30:07.668197Z,100,100,,,,1.0,1,27,423,5,1,0,3,4,0,27,21,6,16,0.66,0.01,0.67,6.43,1.0,1.0
2026-10-10T09:33:19+00:00,2026-10-10,deadline,6,2026-10-10T10:00:00Z,280,Coyle,HUL,DEF,40,0,0,0.7,4064,4209,29636,28017,a,,2026-08-29T16:30:08.151841Z,100,100,,,,1.0,1,14,348,5,0,0,2,4,0,11,8,3,11,0.13,0.07,0.20,6.22,1.0,1.0
2026-10-10T09:33:19+00:00,2026-10-10,deadline,6,2026-10-10T10:00:00Z,281,Drameh,HUL,DEF,40,0,0,0.0,0,378,2118,4631,u,Has joined Genoa permanently,2026-09-02T16:09:06.479140Z,0,0,,,,0.0,0,2,65,0,0,0,0,0,0,6,5,1,4,0.05,0.00,0.05,0.87,0.0,0.0
2026-10-10T09:33:19+00:00,2026-10-10,deadline,6,2026-10-10T10:00:00Z,282,Giles,HUL,DEF,40,0,0,3.0,43886,26610,300703,78901,a,,,,,,1,3,2.0,0,24,444,5,0,1,3,4,0,24,19,5,14,0.02,0.43,0.45,7.33,2.0,2.0
2026-10-10T09:33:19+00:00,2026-10-10,deadline,6,2026-10-10T10:00:00Z,283,Jacob,HUL,DEF,40,0,0,0.0,0,75,114,732,u,Has joined Newport County on loan until January,2026-08-02T09:00:11.038361Z,0,0,,,,0.0,0,0,0,0,0,0,0,0,0,0,0,0,0,0.00,0.00,0.00,0.00,0.0,0.0
2026-10-10T09:33:19+00:00,2026-10-10,deadline,6,2026-10-10T10:00:00Z,284,McCarthy,HUL,DEF,40,0,0,0.1,665,779,5199,4931,a,,,,,,,,0.0,0,0,0,0,0,0,0,0,0,0,0,0,0,0.00,0.00,0.00,0.00,0.0,0.0
2026-10-10T09:33:19+00:00,2026-10-10,deadline,6,2026-10-10T10:00:00Z,285,McNair,HUL,DEF,40,0,0,0.1,347,800,3300,5109,a,,2026-09-09T13:30:08.327907Z,100,100,,,,0.0,0,1,26,0,0,0,0,0,0,2,2,0,1,0.00,0.00,0.00,0.96,0.0,0.0
2026-10-10T09:33:19+00:00,2026-10-10,deadline,6,2026-10-10T10:00:00Z,286,Belloumi,HUL,MID,51,0,1,6.0,187915,57547,617851,117585,a,,,,,,2,2,8.5,4,31,394,5,2,2,3,3,0,44,14,16,14,0.72,0.43,1.15,6.44,8.5,8.5
2026-10-10T09:33:19+00:00,2026-10-10,deadline,6,2026-10-10T10:00:00Z,287,Millar,HUL,MID,50,0,0,0.0,0,499,3178,7719,u,Has joined Birmingham on loan for the rest of the season,2026-09-02T15:36:41.038103Z,0,0,,,,0.0,0,6,50,0,1,0,0,0,0,4,2,1,1,0.58,0.00,0.58,0.87,0.0,0.0
2026-10-10T09:33:19+00:00,2026-10-10,deadline,6,2026-10-10T10:00:00Z,288,Dowell,HUL,MID,44,-1,-1,0.3,1032,3720,12789,23303,a,,,,,,,,0.0,0,0,0,0,0,0,0,0,0,0,0,0,0,0.00,0.00,0.00,0.00,0.0,0.0
2026-10-10T09:33:19+00:00,2026-10-10,deadline,6,2026-10-10T10:00:00Z,289,Crooks,HUL,MID,44,-1,-1,0.5,9906,8765,29265,44994,a,,2026-08-29T15:00:08.569326Z,100,100,,,,0.5,0,3,203,3,0,0,1,4,0,21,9,8,4,0.00,0.12,0.12,3.57,0.5,0.5
2026-10-10T09:33:19+00:00,2026-10-10,deadline,6,2026-10-10T10:00:00Z,290,Slater,HUL,MID,45,0,0,5.0,37670,80287,520603,321286,a,,,,,,,1,2.0,2,15,437,5,0,1,3,4,0,33,9,9,15,0.21,0.59,0.80,7.27,2.0,2.0
2026-10-10T09:33:19+00:00,2026-10-10,deadline,6,2026-10-10T10:00:00Z,291,Matazo,HUL,MID,45,0,0,0.0,57,103,408,541,i,Knee injury - Unknown return date,2026-07-23T12:01:23.532635Z,0,0,,,,0.0,0,0,0,0,0,0,0,0,0,0,0,0,0,0.00,0.00,0.00,0.00,0.0,0.0
2026-10-10T09:33:19+00:00,2026-10-10,deadline,6,2026-10-10T10:00:00Z,292,Ömür,HUL,MID,49,0,-1,0.0,119,229,1237,1710,a,,,,,,,,0.0,0,0,0,0,0,0,0,0,0,0,0,0,0,0.00,0.00,0.00,0.00,0.0,0.0
2026-10-10T09:33:19+00:00,2026-10-10,deadline,6,2026-10-10T10:00:00Z,293,Kamara,HUL,MID,50,0,0,0.0,0,15,0,377,u,Has joined Portsmouth permanently,2026-08-12T14:08:23.542043Z,0,0,,,,0.0,0,0,0,0,0,0,0,0,0,0,0,0,0,0.00,0.00,0.00,0.00,0.0,0.0
2026-10-10T09:33:19+00:00,2026-10-10,deadline,6,2026-10-10T10:00:00Z,294,Zambrano,HUL,MID,45,0,0,0.1,247,801,3976,7130,a,,2026-08-04T18:30:11.016909Z,100,100,,,,0.0,0,0,0,0,0,0,0,0,0,0,0,0,0,0.00,0.00,0.00,0.00,0.0,0.0
2026-10-10T09:33:19+00:00,2026-10-10,deadline,6,2026-10-10T10:00:00Z,295,McBurnie,HUL,FWD,55,0,0,1.9,19063,32701,200049,168048,a,,,,,1,,,2.5,1,13,441,5,0,2,3,4,0,21,9,3,9,1.23,0.13,1.36,7.21,2.5,2.5
2026-10-10T09:33:19+00:00,2026-10-10,deadline,6,2026-10-10T10:00:00Z,296,Akintola,HUL,MID,50,0,0,0.0,0,420,2704,5033,u,Has joined Omonoia FC permanently,2026-09-11T14:42:38.120231Z,0,0,,,,0.0,0,0,0,0,0,0,0,0,0,0,0,0,0,0.00,0.00,0.00,0.00,0.0,0.0
2026-10-10T09:33:19+00:00,2026-10-10,deadline,6,2026-10-10T10:00:00Z,297,Gyabi,HUL,MID,44,-1,-1,0.0,125,225,514,1693,i,Thigh injury - Unknown return date,2026-08-04T18:30:11.027155Z,0,0,,,,0.0,0,0,0,0,0,0,0,0,0,0,0,0,0,0.00,0.00,0.00,0.00,0.0,0.0
2026-10-10T09:33:19+00:00,2026-10-10,deadline,6,2026-10-10T10:00:00Z,298,Destan,HUL,FWD,45,0,0,0.2,0,2366,0,23319,u,Has joined Konyaspor permanently,2026-08-17T13:50:27.145733Z,0,0,,,,0.0,0,0,0,0,0,0,0,0,0,0,0,0,0,0.00,0.00,0.00,0.00,0.0,0.0
2026-10-10T09:33:19+00:00,2026-10-10,deadline,6,2026-10-10T10:00:00Z,299,Burstow,HUL,FWD,45,0,0,0.0,0,337,0,3187,u,Has joined Sheffield Wednesday on loan for the rest of the season,2026-08-03T14:05:20.234842Z,0,0,,,,0.0,0,0,0,0,0,0,0,0,0,0,0,0,0,0.00,0.00,0.00,0.00,0.0,0.0
2026-10-10T09:33:19+00:00,2026-10-10,deadline,6,2026-10-10T10:00:00Z,340,Gelhardt,HUL,MID,50,0,0,0.0,141,173,751,1080,a,,2026-08-17T21:30:07.799839Z,100,100,,,,0.5,1,1,7,0,0,0,0,0,0,1,0,0,1,0.10,0.02,0.12,0.13,0.5,0.5
2026-10-10T09:33:19+00:00,2026-10-10,deadline,6,2026-10-10T10:00:00Z,556,Targett,HUL,DEF,40,0,0,1.5,170,21912,24894,99188,i,Ankle injury - Unknown return date,2026-09-17T14:00:26.419938Z,75,0,,,,0.0,0,1,5,0,0,0,0,0,0,0,0,0,1,0.00,0.00,0.00,0.07,0.0,0.0
2026-10-10T09:33:19+00:00,2026-10-10,deadline,6,2026-10-10T10:00:00Z,563,Morita,HUL,MID,49,-1,-1,0.0,45,266,748,1862,a,,2026-09-09T14:00:08.474217Z,0,100,,,,0.0,0,1,45,1,0,0,0,0,0,3,2,0,1,0.00,0.00,0.00,1.09,0.0,0.0
2026-10-10T09:33:19+00:00,2026-10-10,deadline,6,2026-10-10T10:00:00Z,572,Tzolakis,HUL,GKP,47,1,2,13.3,224395,65372,1095723,261022,a,,,,,,,,4.0,6,34,450,5,0,0,3,4,17,0,2,1,69,0.00,0.00,0.00,7.40,4.0,4.0
2026-10-10T09:33:19+00:00,2026-10-10,deadline,6,2026-10-10T10:00:00Z,574,Hjertø-Dahl,HUL,MID,49,0,-1,0.1,110,642,1471,4762,a,,,,,,,,0.0,0,1,8,0,0,0,0,0,0,1,0,0,1,0.00,0.00,0.00,0.00,0.0,0.0
2026-10-10T09:33:19+00:00,2026-10-10,deadline,6,2026-10-10T10:00:00Z,576,Stroud,HUL,MID,50,0,0,0.1,235,901,3757,5124,a,,,,,,,,0.5,0,7,249,4,0,0,2,1,0,20,3,5,12,0.06,0.05,0.11,4.32,0.5,0.5
2026-10-10T09:33:19+00:00,2026-10-10,deadline,6,2026-10-10T10:00:00Z,585,Herrington,HUL,DEF,40,0,0,0.6,1653,3090,13452,19977,a,,,,,,,,1.0,1,5,197,1,0,0,0,3,0,16,14,2,6,0.02,0.04,0.06,3.36,1.0,1.0
2026-10-10T09:33:19+00:00,2026-10-10,deadline,6,2026-10-10T10:00:00Z,586,Mendy,HUL,DEF,41,0,1,6.2,18796,48156,695088,373139,a,,2026-09-12T18:00:09.334142Z,0,100,,,,0.5,0,25,249,4,1,0,2,1,0,39,32,7,6,0.32,0.00,0.32,4.02,0.0,0.5
2026-10-10T09:33:19+00:00,2026-10-10,deadline,6,2026-10-10T10:00:00Z,589,Gourna-Douath,HUL,MID,50,0,0,0.0,49,193,718,1428,a,,,,,,,,0.5,1,4,138,1,0,0,1,0,0,17,5,5,7,0.03,0.03,0.06,2.26,0.5,0.5
2026-10-10T09:33:19+00:00,2026-10-10,deadline,6,2026-10-10T10:00:00Z,617,Cho,HUL,MID,50,0,0,0.0,570,230,2006,842,a,,,,,,,,3.5,6,9,72,0,1,0,0,1,0,2,1,0,1,0.79,0.36,1.15,0.98,3.5,3.5
2026-10-10T09:33:19+00:00,2026-10-10,deadline,6,2026-10-10T10:00:00Z,632,Ansah,HUL,FWD,50,0,0,0.0,102,630,5149,3710,i,Back injury - Unknown return date,2026-09-09T10:00:08.919489Z,0,0,,,,0.0,0,0,0,0,0,0,0,0,0,0,0,0,0,0.00,0.00,0.00,0.00,0.0,0.0
2026-10-10T09:33:19+00:00,2026-10-10,deadline,6,2026-10-10T10:00:00Z,637,Vaz,HUL,FWD,50,0,0,0.1,2977,1784,13482,4605,a,,,,,,,,1.0,1,2,20,0,0,0,0,0,0,2,0,0,2,0.00,0.01,0.01,0.31,1.0,1.0
2026-10-10T09:33:19+00:00,2026-10-10,deadline,6,2026-10-10T10:00:00Z,638,Norton-Cuffy,HUL,DEF,40,0,0,0.2,638,3447,26254,11273,a,,2026-09-21T08:30:09.561308Z,,100,,,,0.0,0,1,34,0,0,0,0,0,0,1,1,0,4,0.05,0.00,0.05,0.30,0.0,0.0
2026-10-10T09:33:19+00:00,2026-10-10,deadline,6,2026-10-10T10:00:00Z,642,Thomas,HUL,MID,55,0,0,0.0,813,532,3417,1381,a,,,,,,,,1.5,2,4,119,1,0,0,0,3,0,8,0,1,7,0.21,0.11,0.32,2.04,1.5,1.5
2026-10-10T09:33:19+00:00,2026-10-10,deadline,6,2026-10-10T10:00:00Z,645,Mouzakitis,HUL,MID,50,0,0,0.0,138,122,830,348,a,,,,,,,,0.0,0,0,0,0,0,0,0,0,0,0,0,0,0,0.00,0.00,0.00,0.00,0.0,0.0
2026-10-10T09:33:19+00:00,2026-10-10,deadline,6,2026-10-10T10:00:00Z,259,Diop,IPS,DEF,40,0,0,11.9,19024,141606,148061,594228,a,,,,,,,,2.5,4,12,450,5,0,0,0,11,0,45,41,4,21,0.06,0.16,0.22,8.98,2.5,2.5
2026-10-10T09:33:19+00:00,2026-10-10,deadline,6,2026-10-10T10:00:00Z,267,Lukić,IPS,MID,49,-1,-1,0.1,535,1171,3763,7124,a,,,,,,,1,1.5,2,11,400,5,0,1,0,10,0,37,17,7,13,0.02,0.41,0.43,7.37,1.5,1.5
2026-10-10T09:33:19+00:00,2026-10-10,deadline,6,2026-10-10T10:00:00Z,300,Walton,IPS,GKP,44,0,-1,0.4,4658,2450,6343,16363,a,,,,,,,,1.0,2,2,90,1,0,0,0,1,1,0,2,0,17,0.00,0.01,0.01,2.24,1.0,1.0
2026-10-10T09:33:19+00:00,2026-10-10,deadline,6,2026-10-10T10:00:00Z,301,Palmer,IPS,GKP,40,0,0,3.8,13157,27545,83753,128784,a,,,,,,,,0.0,0,0,0,0,0,0,0,0,0,0,0,0,0,0.00,0.00,0.00,0.00,0.0,0.0
2026-10-10T09:33:19+00:00,2026-10-10,deadline,6,2026-10-10T10:00:00Z,302,Button,IPS,GKP,40,0,0,0.6,3952,2851,33962,16703,a,,,,,,,,0.0,0,0,0,0,0,0,0,0,0,0,0,0,0,0.00,0.00,0.00,0.00,0.0,0.0
2026-10-10T09:33:19+00:00,2026-10-10,deadline,6,2026-10-10T10:00:00Z,303,Kipré,IPS,DEF,39,0,-1,0.9,7835,7412,52456,32159,a,,,,,,,,0.0,0,0,0,0,0,0,0,0,0,0,0,0,0,0.00,0.00,0.00,0.00,0.0,0.0
2026-10-10T09:33:19+00:00,2026-10-10,deadline,6,2026-10-10T10:00:00Z,304,O'Shea,IPS,DEF,40,0,0,2.5,8185,32165,71604,145508,a,,,,,,,,1.5,2,10,450,5,0,0,0,11,0,48,41,7,18,0.07,0.26,0.33,8.98,1.5,1.5
2026-10-10T09:33:19+00:00,2026-10-10,deadline,6,2026-10-10T10:00:00Z,305,Davis,IPS,DEF,40,0,0,7.7,157780,60847,477983,218463,a,,,,,,2,,8.0,2,25,450,5,2,2,0,11,0,24,22,2,10,1.59,0.46,2.05,8.98,8.0,8.0
2026-10-10T09:33:19+00:00,2026-10-10,deadline,6,2026-10-10T10:00:00Z,306,Greaves,IPS,DEF,39,-1,-1,1.2,12967,10741,20703,45482,a,,,,,,,,0.5,0,3,357,4,0,0,0,10,0,30,25,5,12,0.00,0.06,0.06,6.74,0.5,0.5
2026-10-10T09:33:19+00:00,2026-10-10,deadline,6,2026-10-10T10:00:00Z,307,Johnson,IPS,DEF,40,0,0,0.1,0,759,1137,6706,u,Has joined Stoke City on loan for the rest of the season,2026-09-04T12:36:56.236331Z,0,0,,,,0.0,0,0,0,0,0,0,0,0,0,0,0,0,0,0.00,0.00,0.00,0.00,0.0,0.0
2026-10-10T09:33:19+00:00,2026-10-10,deadline,6,2026-10-10T10:00:00Z,308,Furlong,IPS,DEF,39,0,-1,0.6,9101,5572,21738,22349,a,,,,,,,,0.0,0,1,17,0,0,0,0,1,0,3,2,1,0,0.00,0.00,0.00,0.86,0.0,0.0
2026-10-10T09:33:19+00:00,2026-10-10,deadline,6,2026-10-10T10:00:00Z,309,Núñez,IPS,MID,49,0,-1,0.1,152,1180,3169,8187,a,,,,,,1,3,0.0,0,6,140,2,0,0,0,4,0,21,8,3,10,0.03,0.05,0.08,3.48,0.0,0.0
2026-10-10T09:33:19+00:00,2026-10-10,deadline,6,2026-10-10T10:00:00Z,310,Matusiwa,IPS,MID,49,0,-1,0.0,24,30,135,291,a,,2026-07-29T18:00:10.305484Z,100,100,,,,0.0,0,0,0,0,0,0,0,0,0,0,0,0,0,0.00,0.00,0.00,0.00,0.0,0.0
2026-10-10T09:33:19+00:00,2026-10-10,deadline,6,2026-10-10T10:00:00Z,311,Burns,IPS,MID,50,0,0,0.0,0,11,0,350,u,Has joined Leicester City permanently,2026-08-10T14:02:47.597478Z,0,0,,,,0.0,0,0,0,0,0,0,0,0,0,0,0,0,0,0.00,0.00,0.00,0.00,0.0,0.0
2026-10-10T09:33:19+00:00,2026-10-10,deadline,6,2026-10-10T10:00:00Z,312,Taylor,IPS,MID,44,-1,-1,0.0,720,486,1296,2867,a,,2026-07-29T18:00:10.319370Z,0,100,,,,0.0,0,0,0,0,0,0,0,0,0,0,0,0,0,0.00,0.00,0.00,0.00,0.0,0.0
2026-10-10T09:33:19+00:00,2026-10-10,deadline,6,2026-10-10T10:00:00Z,313,Clarke,IPS,MID,53,-1,-2,0.2,547,1903,5898,16697,a,,,,,1,3,4,1.5,2,11,170,2,1,0,0,2,0,10,3,2,5,0.30,0.37,0.67,1.97,1.5,1.5
2026-10-10T09:33:19+00:00,2026-10-10,deadline,6,2026-10-10T10:00:00Z,314,Ogbene,IPS,MID,49,0,-1,0.0,0,105,104,1247,u,Has joined Lincoln City on loan until January,2026-09-02T16:04:17.497385Z,0,0,,,,0.0,0,0,0,0,0,0,0,0,0,0,0,0,0,0.00,0.00,0.00,0.00,0.0,0.0
2026-10-10T09:33:19+00:00,2026-10-10,deadline,6,2026-10-10T10:00:00Z,315,Fatawu,IPS,MID,54,0,-1,0.1,89,4598,5391,15442,s,Suspended until 17 Oct,2026-09-19T15:30:10.126897Z,,0,,,2,0.0,-1,8,352,5,0,1,0,10,0,28,8,9,11,0.17,1.11,1.28,7.79,0.0,0.0
2026-10-10T09:33:19+00:00,2026-10-10,deadline,6,2026-10-10T10:00:00Z,316,Emersonn,IPS,FWD,56,1,1,4.1,92586,40999,376284,160273,a,,2026-08-31T09:30:08.306145Z,100,100,2,,,7.0,2,26,317,5,2,1,0,6,0,10,3,3,4,1.61,0.12,1.73,4.29,7.0,7.0
2026-10-10T09:33:19+00:00,2026-10-10,deadline,6,2026-10-10T10:00:00Z,317,Hirst,IPS,FWD,50,0,0,0.1,0,1017,0,17647,u,Has joined Stoke City permanently,2026-08-21T13:06:08.606019Z,0,0,,,,0.0,0,0,0,0,0,0,0,0,0,0,0,0,0,0.00,0.00,0.00,0.00,0.0,0.0
2026-10-10T09:33:19+00:00,2026-10-10,deadline,6,2026-10-10T10:00:00Z,318,Philogene,IPS,MID,54,0,-1,0.1,79,307,347,9431,a,,2026-08-25T11:30:07.532993Z,100,100,3,,5,1.0,1,2,52,0,0,0,0,1,0,4,0,0,4,0.08,0.01,0.08,0.97,1.0,1.0
2026-10-10T09:33:19+00:00,2026-10-10,deadline,6,2026-10-10T10:00:00Z,319,Szmodics,IPS,MID,50,0,0,0.0,0,29,0,776,u,Has joined Derby County on loan for the rest of the season,2026-08-17T13:51:41.713979Z,0,0,,,,0.0,0,0,0,0,0,0,0,0,0,0,0,0,0,0.00,0.00,0.00,0.00,0.0,0.0
2026-10-10T09:33:19+00:00,2026-10-10,deadline,6,2026-10-10T10:00:00Z,320,Akpom,IPS,FWD,50,0,0,1.1,7965,16467,133921,80900,a,,,,,,,,0.5,1,7,78,0,1,0,0,4,0,3,0,1,2,1.14,0.00,1.14,4.20,0.5,0.5
2026-10-10T09:33:19+00:00,2026-10-10,deadline,6,2026-10-10T10:00:00Z,321,Walle Egeli,IPS,FWD,45,0,0,3.5,39688,50516,352309,235003,a,,,,,,,,0.0,0,1,10,0,0,0,0,0,0,0,0,0,0,0.00,0.00,0.00,0.03,0.0,0.0
2026-10-10T09:33:19+00:00,2026-10-10,deadline,6,2026-10-10T10:00:00Z,322,Al-Hamadi,IPS,FWD,50,0,0,0.0,0,674,755,10219,u,Has joined Sheffield Wednesday on loan for the rest of the season,2026-08-27T14:54:10.215357Z,0,0,,,,0.0,0,0,0,0,0,0,0,0,0,0,0,0,0,0.00,0.00,0.00,0.00,0.0,0.0
2026-10-10T09:33:19+00:00,2026-10-10,deadline,6,2026-10-10T10:00:00Z,323,McAteer,IPS,MID,44,-1,-1,1.0,4171,13276,30915,69123,a,,,,,,,,0.0,0,3,42,0,0,0,0,0,0,5,0,1,4,0.05,0.00,0.05,0.21,0.0,0.0
2026-10-10T09:33:19+00:00,2026-10-10,deadline,6,2026-10-10T10:00:00Z,324,Mehmeti,IPS,MID,48,-1,-2,0.0,112,301,438,2632,a,,,,,,,,0.0,0,0,0,0,0,0,0,0,0,0,0,0,0,0.00,0.00,0.00,0.00,0.0,0.0
2026-10-10T09:33:19+00:00,2026-10-10,deadline,6,2026-10-10T10:00:00Z,554,Van Oevelen,IPS,GKP,45,0,0,0.0,0,172,54,2046,u,Has joined Valencia on loan for the rest of the season,2026-08-25T14:04:09.529320Z,0,0,,,,0.0,0,0,0,0,0,0,0,0,0,0,0,0,0,0.00,0.00,0.00,0.00,0.0,0.0
2026-10-10T09:33:19+00:00,2026-10-10,deadline,6,2026-10-10T10:00:00Z,562,Maeda,IPS,MID,53,-1,-2,0.2,274,3112,3002,21882,a,,,,,,,,1.0,1,8,259,3,0,0,0,8,0,20,8,8,4,0.71,0.02,0.73,6.05,1.0,1.0
2026-10-10T09:33:19+00:00,2026-10-10,deadline,6,2026-10-10T10:00:00Z,564,Scherpen,IPS,GKP,45,0,0,0.6,1778,5228,16345,25805,a,,,,,,,,0.5,0,7,360,4,0,0,0,10,15,0,8,0,39,0.00,0.01,0.01,6.74,0.5,0.5
2026-10-10T09:33:19+00:00,2026-10-10,deadline,6,2026-10-10T10:00:00Z,571,Florentino,IPS,MID,48,-1,-2,0.1,207,816,1152,7547,a,,2026-08-25T11:30:07.678802Z,100,100,,,,1.0,1,2,30,0,0,0,0,0,0,2,1,1,0,0.00,0.01,0.01,0.75,1.0,1.0
2026-10-10T09:33:19+00:00,2026-10-10,deadline,6,2026-10-10T10:00:00Z,591,Enciso,IPS,MID,55,0,0,0.8,8508,12766,100071,59055,a,,2026-08-22T18:00:07.551930Z,100,100,,,,2.0,2,15,413,5,0,2,0,11,0,31,5,2,24,1.26,0.89,2.15,8.47,2.0,2.0
2026-10-10T09:33:19+00:00,2026-10-10,deadline,6,2026-10-10T10:00:00Z,592,Ouattara,IPS,DEF,40,0,0,0.8,1495,4156,14280,28292,a,,,,,,,,1.5,2,6,131,1,0,0,0,2,0,11,7,4,14,0.02,0.03,0.05,3.13,1.5,1.5
2026-10-10T09:33:19+00:00,2026-10-10,deadline,6,2026-10-10T10:00:00Z,602,Humphreys,IPS,MID,45,0,0,0.0,0,305,2861,3299,u,Has joined Huddersfield Town on loan for the rest of the season,2026-09-02T16:04:17.524642Z,0,0,,,,0.0,0,0,0,0,0,0,0,0,0,0,0,0,0,0.00,0.00,0.00,0.00,0.0,0.0
2026-10-10T09:33:19+00:00,2026-10-10,deadline,6,2026-10-10T10:00:00Z,619,Palacios,IPS,MID,50,0,0,0.1,991,1465,9479,4075,a,,,,,,,,3.0,2,11,275,3,0,0,0,7,0,44,12,9,23,0.00,0.09,0.09,5.30,3.0,3.0
2026-10-10T09:33:19+00:00,2026-10-10,deadline,6,2026-10-10T10:00:00Z,640,Flemming,IPS,FWD,55,0,0,0.1,2325,1823,10687,4045,a,,,,,,,,2.5,0,6,60,0,1,0,0,1,0,5,1,1,3,0.64,0.01,0.65,0.63,2.5,2.5
2026-10-10T09:33:19+00:00,2026-10-10,deadline,6,2026-10-10T10:00:00Z,260,Wilson,LEE,MID,62,0,-3,1.4,147,69191,29118,485893,d,Thigh injury - 75% chance of playing,2026-09-18T13:30:09.626858Z,0,75,,2,2,0.5,0,5,145,1,0,0,1,1,0,11,3,4,4,0.01,0.09,0.10,3.28,0.0,0.4
2026-10-10T09:33:19+00:00,2026-10-10,deadline,6,2026-10-10T10:00:00Z,326,Perri,LEE,GKP,45,0,0,0.3,0,2427,532,27627,u,Has joined Torino on loan for the rest of the season,2026-09-01T13:12:39.210133Z,0,0,,,,0.0,0,0,0,0,0,0,0,0,0,0,0,0,0,0.00,0.00,0.00,0.00,0.0,0.0
2026-10-10T09:33:19+00:00,2026-10-10,deadline,6,2026-10-10T10:00:00Z,327,Bijol,LEE,DEF,50,0,0,0.7,1349,9297,69651,62912,a,,,,,,,,0.0,0,12,164,2,0,0,1,2,0,21,18,3,7,0.11,0.00,0.11,3.16,0.0,0.0
2026-10-10T09:33:19+00:00,2026-10-10,deadline,6,2026-10-10T10:00:00Z,329,Rodon,LEE,DEF,43,-1,-2,0.6,93,21764,26987,309769,i,Hamstring injury - Expected back 21 Nov,2026-08-30T16:00:08.564382Z,0,0,,,,0.0,0,7,123,2,0,0,1,0,0,11,10,1,2,0.03,0.06,0.09,1.01,0.0,0.0
2026-10-10T09:33:19+00:00,2026-10-10,deadline,6,2026-10-10T10:00:00Z,330,Bogle,LEE,DEF,46,0,1,8.2,258634,64287,785207,123495,a,,,,,,,,10.0,5,42,365,5,2,0,4,1,0,16,11,5,11,1.38,0.08,1.46,2.89,10.0,10.0
2026-10-10T09:33:19+00:00,2026-10-10,deadline,6,2026-10-10T10:00:00Z,331,Gudmundsson,LEE,DEF,45,0,0,0.1,1778,822,5376,3252,a,,2026-08-08T20:00:07.546568Z,100,100,,,,6.0,6,14,252,3,0,0,2,1,0,14,5,9,12,0.00,0.21,0.21,3.83,6.0,6.0
2026-10-10T09:33:19+00:00,2026-10-10,deadline,6,2026-10-10T10:00:00Z,332,Justin,LEE,DEF,45,0,0,1.4,13398,14565,130670,79478,a,,,,,,,,5.0,8,26,450,5,0,0,2,3,0,44,28,16,14,0.22,0.42,0.64,6.46,5.0,5.0
2026-10-10T09:33:19+00:00,2026-10-10,deadline,6,2026-10-10T10:00:00Z,333,Bornauw,LEE,DEF,45,0,0,0.0,0,10,0,304,u,Has joined Hamburg SV on loan for the rest of the season,2026-08-19T13:56:14.645970Z,0,0,,,,0.0,0,0,0,0,0,0,0,0,0,0,0,0,0,0.00,0.00,0.00,0.00,0.0,0.0
2026-10-10T09:33:19+00:00,2026-10-10,deadline,6,2026-10-10T10:00:00Z,334,Muharemović,LEE,DEF,50,0,0,4.5,91722,63652,363007,212536,a,,,,,,,,6.5,6,27,450,5,0,1,2,3,0,58,53,5,16,0.49,0.05,0.54,6.46,6.5,6.5
2026-10-10T09:33:19+00:00,2026-10-10,deadline,6,2026-10-10T10:00:00Z,335,Stach,LEE,MID,60,0,0,2.4,10049,37258,207392,181991,a,,,,,,1,1,4.0,5,27,447,5,1,0,3,2,0,61,27,13,21,0.97,0.31,1.28,6.17,4.0,4.0
2026-10-10T09:33:19+00:00,2026-10-10,deadline,6,2026-10-10T10:00:00Z,336,Okafor,LEE,MID,58,0,-2,0.4,4331,8515,29438,40301,a,,,,,,,,6.0,3,18,299,4,1,0,3,1,0,18,3,7,8,0.17,0.27,0.44,2.37,6.0,6.0
2026-10-10T09:33:19+00:00,2026-10-10,deadline,6,2026-10-10T10:00:00Z,337,Aaronson,LEE,MID,53,-1,-2,0.4,398,6786,6961,51515,a,,,,,,4,,1.0,1,7,194,2,0,0,1,3,0,15,1,3,11,0.01,0.02,0.03,3.78,1.0,1.0
2026-10-10T09:33:19+00:00,2026-10-10,deadline,6,2026-10-10T10:00:00Z,338,Ampadu,LEE,MID,54,0,-1,0.9,4295,11720,20728,67399,a,,,,,,,,6.0,5,21,450,5,0,1,2,3,0,60,24,12,24,0.08,0.26,0.34,6.46,6.0,6.0
2026-10-10T09:33:19+00:00,2026-10-10,deadline,6,2026-10-10T10:00:00Z,339,Longstaff,LEE,MID,48,-1,-2,0.1,345,1187,2718,8671,a,,,,,,3,3,0.5,0,2,10,0,0,0,0,1,0,0,0,0,0,0.00,0.00,0.00,0.35,0.5,0.5
2026-10-10T09:33:19+00:00,2026-10-10,deadline,6,2026-10-10T10:00:00Z,341,Gnonto,LEE,MID,50,0,0,0.0,0,98,244,1856,u,Has joined ACF Fiorentina on loan for the rest of the season,2026-09-02T16:04:47.189648Z,0,0,,,,0.0,0,0,0,0,0,0,0,0,0,0,0,0,0,0.00,0.00,0.00,0.00,0.0,0.0
2026-10-10T09:33:19+00:00,2026-10-10,deadline,6,2026-10-10T10:00:00Z,342,Harrison,LEE,MID,50,0,0,0.0,0,6,0,80,u,Has joined New England Revolution permanently,2026-07-28T12:59:09.492431Z,0,0,,,,0.0,0,0,0,0,0,0,0,0,0,0,0,0,0,0.00,0.00,0.00,0.00,0.0,0.0
2026-10-10T09:33:19+00:00,2026-10-10,deadline,6,2026-10-10T10:00:00Z,343,James,LEE,MID,49,0,-1,0.1,259,1626,4228,9076,i,Back injury - Expected back 18 Oct,2026-10-08T14:00:11.803126Z,,0,,,,1.0,1,3,52,0,0,0,0,1,0,5,1,0,4,0.35,0.01,0.36,1.61,1.0,0.0
2026-10-10T09:33:19+00:00,2026-10-10,deadline,6,2026-10-10T10:00:00Z,344,Gruev,LEE,MID,50,0,0,0.0,74,35,153,330,a,,2026-08-14T23:00:06.272027Z,100,100,,,,0.0,0,0,0,0,0,0,0,0,0,0,0,0,0,0.00,0.00,0.00,0.00,0.0,0.0
2026-10-10T09:33:19+00:00,2026-10-10,deadline,6,2026-10-10T10:00:00Z,345,Tanaka,LEE,MID,49,0,-1,0.3,4227,4627,24745,19862,a,,,,,,,4,4.0,2,14,255,3,0,2,2,1,0,29,11,8,10,0.73,0.05,0.78,3.24,4.0,4.0
2026-10-10T09:33:19+00:00,2026-10-10,deadline,6,2026-10-10T10:00:00Z,346,Calvert-Lewin,LEE,FWD,60,0,0,22.8,179331,449694,1095960,1602636,a,,,,,1,,,6.0,2,22,419,5,2,1,3,2,0,22,9,0,13,3.00,0.08,3.08,4.85,6.0,6.0
2026-10-10T09:33:19+00:00,2026-10-10,deadline,6,2026-10-10T10:00:00Z,347,Nmecha,LEE,FWD,54,0,-1,0.4,3500,6402,23694,39823,a,,,,,2,,,1.0,1,7,64,0,0,1,0,1,0,4,0,1,3,0.27,0.15,0.42,2.90,1.0,1.0
2026-10-10T09:33:19+00:00,2026-10-10,deadline,6,2026-10-10T10:00:00Z,348,Piroe,LEE,FWD,50,0,0,0.1,0,703,0,11498,u,Has joined West Ham United on loan for the rest of the season,2026-08-19T13:56:14.666726Z,0,0,3,,,0.0,0,0,0,0,0,0,0,0,0,0,0,0,0,0.00,0.00,0.00,0.00,0.0,0.0
2026-10-10T09:33:19+00:00,2026-10-10,deadline,6,2026-10-10T10:00:00Z,349,Mateo Joseph,LEE,FWD,45,0,0,0.1,656,824,3442,4798,i,Knee injury - Unknown return date,2026-07-29T18:00:10.338170Z,0,0,,,,0.0,0,0,0,0,0,0,0,0,0,0,0,0,0,0.00,0.00,0.00,0.00,0.0,0.0
2026-10-10T09:33:19+00:00,2026-10-10,deadline,6,2026-10-10T10:00:00Z,385,Trafford,LEE,GKP,50,0,0,5.5,44800,32296,286771,176641,a,,,,,,,,6.5,10,28,450,5,0,0,2,3,20,0,6,0,55,0.00,0.00,0.00,6.46,6.5,6.5
2026-10-10T09:33:19+00:00,2026-10-10,deadline,6,2026-10-10T10:00:00Z,598,Elvedi,LEE,DEF,45,0,0,0.1,998,528,6113,3087,a,,,,,,,,4.0,6,13,326,3,0,0,1,3,0,29,27,2,8,0.12,0.58,0.70,5.45,4.0,4.0
2026-10-10T09:33:19+00:00,2026-10-10,deadline,6,2026-10-10T10:00:00Z,603,Lienou,LEE,DEF,40,0,0,0.1,380,711,7053,4178,a,,,,,,,,0.0,0,0,0,0,0,0,0,0,0,0,0,0,0,0.00,0.00,0.00,0.00,0.0,0.0
2026-10-10T09:33:19+00:00,2026-10-10,deadline,6,2026-10-10T10:00:00Z,604,Cresswell,LEE,MID,45,0,0,0.1,574,1296,14330,8324,a,,,,,,,,0.0,0,0,0,0,0,0,0,0,0,0,0,0,0,0.00,0.00,0.00,0.00,0.0,0.0
2026-10-10T09:33:19+00:00,2026-10-10,deadline,6,2026-10-10T10:00:00Z,625,Cairns,LEE,GKP,40,0,0,0.2,1575,1157,20534,6315,a,,,,,,,,0.0,0,0,0,0,0,0,0,0,0,0,0,0,0,0.00,0.00,0.00,0.00,0.0,0.0
2026-10-10T09:33:19+00:00,2026-10-10,deadline,6,2026-10-10T10:00:00Z,629,Zetterer,LEE,GKP,40,0,0,0.7,5729,4028,61169,15403,a,,,,,,,,0.0,0,0,0,0,0,0,0,0,0,0,0,0,0,0.00,0.00,0.00,0.00,0.0,0.0
2026-10-10T09:33:19+00:00,2026-10-10,deadline,6,2026-10-10T10:00:00Z,641,Bard,LEE,DEF,45,0,0,0.0,164,123,1026,399,a,,,,,,,,0.5,0,1,18,0,0,0,0,1,0,2,1,1,2,0.00,0.00,0.00,0.30,0.5,0.5
2026-10-10T09:33:19+00:00,2026-10-10,deadline,6,2026-10-10T10:00:00Z,648,Bahoya,LEE,MID,50,0,0,0.0,133,348,2265,1316,d,Ankle injury - 75% chance of playing,2026-10-08T14:00:12.276121Z,,75,,,,0.5,1,1,1,0,0,0,0,0,0,0,0,0,0,0.00,0.00,0.00,0.00,0.5,0.4
2026-10-10T09:33:19+00:00,2026-10-10,deadline,6,2026-10-10T10:00:00Z,350,A.Becker,LIV,GKP,55,0,0,4.2,26431,24733,159749,158257,a,,,,,,,,8.5,8,27,450,5,0,0,3,4,14,0,10,0,47,0.00,0.00,0.00,6.12,8.5,8.5
2026-10-10T09:33:19+00:00,2026-10-10,deadline,6,2026-10-10T10:00:00Z,351,Mamardashvili,LIV,GKP,48,-1,-2,0.1,357,852,2969,8870,a,,,,,,,,0.0,0,0,0,0,0,0,0,0,0,0,0,0,0,0.00,0.00,0.00,0.00,0.0,0.0
2026-10-10T09:33:19+00:00,2026-10-10,deadline,6,2026-10-10T10:00:00Z,352,Woodman,LIV,GKP,40,0,0,1.0,1564,4062,19058,28920,a,,,,,,,,0.0,0,0,0,0,0,0,0,0,0,0,0,0,0,0.00,0.00,0.00,0.00,0.0,0.0
2026-10-10T09:33:19+00:00,2026-10-10,deadline,6,2026-10-10T10:00:00Z,353,Pecsi,LIV,GKP,40,0,0,0.0,0,115,0,1142,u,Has joined TSV Hartberg on loan for the rest of the season,2026-08-18T14:11:18.638344Z,0,0,,,,0.0,0,0,0,0,0,0,0,0,0,0,0,0,0,0.00,0.00,0.00,0.00,0.0,0.0
2026-10-10T09:33:19+00:00,2026-10-10,deadline,6,2026-10-10T10:00:00Z,354,Jaros,LIV,GKP,40,0,0,0.0,379,275,1926,1361,i,Knee injury - Unknown return date,2026-07-29T18:00:10.351066Z,0,0,,,,0.0,0,0,0,0,0,0,0,0,0,0,0,0,0,0.00,0.00,0.00,0.00,0.0,0.0
2026-10-10T09:33:19+00:00,2026-10-10,deadline,6,2026-10-10T10:00:00Z,355,Davies,LIV,GKP,40,0,0,0.2,588,735,5040,4515,a,,,,,,,,0.0,0,0,0,0,0,0,0,0,0,0,0,0,0,0.00,0.00,0.00,0.00,0.0,0.0
2026-10-10T09:33:19+00:00,2026-10-10,deadline,6,2026-10-10T10:00:00Z,356,Virgil,LIV,DEF,65,0,0,16.0,45472,92825,302488,665458,a,,,,,,,,8.0,8,25,450,5,0,0,3,4,0,48,43,5,18,0.25,0.08,0.33,6.12,8.0,8.0
2026-10-10T09:33:19+00:00,2026-10-10,deadline,6,2026-10-10T10:00:00Z,357,Frimpong,LIV,DEF,53,0,-2,1.7,2383,22896,59726,256281,a,,,,,,,,0.5,0,2,178,2,0,0,0,4,0,12,8,4,7,0.01,0.23,0.24,3.91,0.5,0.5
2026-10-10T09:33:19+00:00,2026-10-10,deadline,6,2026-10-10T10:00:00Z,358,Kerkez,LIV,DEF,53,-1,-2,2.1,4326,24054,49343,201426,a,,,,,,,,3.5,6,13,385,4,0,0,2,4,0,30,22,8,10,0.07,0.08,0.15,5.65,3.5,3.5
2026-10-10T09:33:19+00:00,2026-10-10,deadline,6,2026-10-10T10:00:00Z,359,Gomez,LIV,DEF,49,0,-1,0.0,482,150,902,1214,a,,2026-07-26T08:30:10.078473Z,100,100,,,,0.0,0,0,0,0,0,0,0,0,0,0,0,0,0,0.00,0.00,0.00,0.00,0.0,0.0
2026-10-10T09:33:19+00:00,2026-10-10,deadline,6,2026-10-10T10:00:00Z,360,Bradley,LIV,DEF,50,0,0,0.0,81,130,398,842,i,Knee injury - Unknown return date,2026-07-23T12:01:23.565711Z,0,0,,,,0.0,0,0,0,0,0,0,0,0,0,0,0,0,0,0.00,0.00,0.00,0.00,0.0,0.0
2026-10-10T09:33:19+00:00,2026-10-10,deadline,6,2026-10-10T10:00:00Z,361,Lucky,LIV,DEF,40,0,0,0.1,411,876,3988,6101,a,,,,,,,,0.0,0,0,0,0,0,0,0,0,0,0,0,0,0,0.00,0.00,0.00,0.00,0.0,0.0
2026-10-10T09:33:19+00:00,2026-10-10,deadline,6,2026-10-10T10:00:00Z,362,Jacquet,LIV,DEF,50,0,0,3.5,63666,39844,261548,149877,a,,2026-10-06T00:30:10.323830Z,100,100,,,,7.5,6,24,415,5,0,0,3,4,0,36,25,11,21,0.00,0.14,0.14,5.51,7.5,7.5
2026-10-10T09:33:19+00:00,2026-10-10,deadline,6,2026-10-10T10:00:00Z,363,Leoni,LIV,DEF,40,0,0,0.0,102,323,903,2254,i,Knee injury - Unknown return date,2026-07-23T12:01:23.596909Z,0,0,,,,0.0,0,0,0,0,0,0,0,0,0,0,0,0,0,0.00,0.00,0.00,0.00,0.0,0.0
2026-10-10T09:33:19+00:00,2026-10-10,deadline,6,2026-10-10T10:00:00Z,364,Tsimikas,LIV,DEF,49,0,-1,0.1,161,559,1648,4585,a,,,,,,,4,0.5,0,2,64,1,0,0,0,0,0,3,2,1,3,0.04,0.02,0.06,0.47,0.5,0.5
2026-10-10T09:33:19+00:00,2026-10-10,deadline,6,2026-10-10T10:00:00Z,365,Ramsay,LIV,DEF,40,0,0,0.1,0,846,638,13075,u,Has joined St Mirren on loan for the rest of the season,2026-08-26T14:05:26.748768Z,0,0,,,,0.0,0,0,0,0,0,0,0,0,0,0,0,0,0,0.00,0.00,0.00,0.00,0.0,0.0
2026-10-10T09:33:19+00:00,2026-10-10,deadline,6,2026-10-10T10:00:00Z,366,Wirtz,LIV,MID,73,0,-2,5.4,17029,90271,147297,813668,a,,,,,4,2,2,4.5,6,18,402,5,0,2,3,4,0,36,3,8,25,1.00,0.40,1.40,4.82,4.5,4.5
2026-10-10T09:33:19+00:00,2026-10-10,deadline,6,2026-10-10T10:00:00Z,367,Gakpo,LIV,MID,72,0,2,9.4,55397,387216,1341809,1014813,i,Ankle injury - Unknown return date,2026-09-27T21:30:07.786183Z,100,0,3,,3,2.0,3,32,370,4,1,3,2,4,0,32,9,8,15,0.64,1.71,2.35,5.51,2.0,0.0
2026-10-10T09:33:19+00:00,2026-10-10,deadline,6,2026-10-10T10:00:00Z,368,Szoboszlai,LIV,MID,69,-1,-1,30.1,77709,512413,970068,1980571,a,,,,,1,1,1,2.5,2,20,440,5,1,0,3,4,0,41,13,6,22,1.42,0.82,2.24,5.99,2.5,2.5
2026-10-10T09:33:19+00:00,2026-10-10,deadline,6,2026-10-10T10:00:00Z,369,Ngumoha,LIV,MID,57,-1,-3,0.4,1599,7201,15377,92227,a,,,,,,,,0.5,0,4,99,1,0,0,0,2,0,4,1,1,2,0.15,0.05,0.20,0.68,0.5,0.5
2026-10-10T09:33:19+00:00,2026-10-10,deadline,6,2026-10-10T10:00:00Z,370,Chiesa,LIV,MID,53,-1,-2,0.0,21,355,686,10188,d,Back injury - 25% chance of playing,2026-08-27T13:30:07.598926Z,0,25,,,,0.0,0,0,0,0,0,0,0,0,0,0,0,0,0,0.00,0.00,0.00,0.00,0.0,0.0
2026-10-10T09:33:19+00:00,2026-10-10,deadline,6,2026-10-10T10:00:00Z,371,Gravenberch,LIV,MID,58,-1,-2,1.0,2065,14016,36603,135369,a,,,,,,,,1.0,1,9,190,2,0,1,0,2,0,25,10,4,11,0.10,0.08,0.18,2.02,1.0,1.0
2026-10-10T09:33:19+00:00,2026-10-10,deadline,6,2026-10-10T10:00:00Z,372,Mac Allister,LIV,MID,54,0,-1,1.3,6526,12400,48146,102114,a,,,,,5,,,3.0,5,11,306,3,0,0,2,2,0,41,11,11,19,0.10,0.49,0.59,4.85,3.0,3.0
2026-10-10T09:33:19+00:00,2026-10-10,deadline,6,2026-10-10T10:00:00Z,373,C.Jones,LIV,MID,55,0,0,0.0,0,104,34,2691,u,Has joined Internazionale permanently,2026-08-16T18:30:07.426408Z,0,0,,,,0.0,0,0,0,0,0,0,0,0,0,0,0,0,0,0.00,0.00,0.00,0.00,0.0,0.0
2026-10-10T09:33:19+00:00,2026-10-10,deadline,6,2026-10-10T10:00:00Z,374,Endo,LIV,MID,49,0,-1,0.1,217,579,2380,4945,a,,2026-07-23T12:01:23.612529Z,100,100,,,,0.0,0,0,0,0,0,0,0,0,0,0,0,0,0,0.00,0.00,0.00,0.00,0.0,0.0
2026-10-10T09:33:19+00:00,2026-10-10,deadline,6,2026-10-10T10:00:00Z,375,Nyoni,LIV,MID,48,-1,-2,0.0,158,472,1415,3217,a,,,,,,,,0.5,1,3,38,0,0,0,0,0,0,10,6,2,2,0.00,0.00,0.00,0.36,0.5,0.5
2026-10-10T09:33:19+00:00,2026-10-10,deadline,6,2026-10-10T10:00:00Z,376,Bajcetic,LIV,MID,50,0,0,0.0,0,4,19,108,u,Has joined Celta Vigo permanently,2026-07-23T12:01:23.628373Z,0,0,,,,0.0,0,0,0,0,0,0,0,0,0,0,0,0,0,0.00,0.00,0.00,0.00,0.0,0.0
2026-10-10T09:33:19+00:00,2026-10-10,deadline,6,2026-10-10T10:00:00Z,377,Munoz,LIV,MID,65,0,0,0.8,3754,19917,119737,110259,a,,,,,,,,1.0,1,15,257,3,1,1,1,2,0,16,5,3,8,0.52,0.31,0.83,4.63,1.0,1.0
2026-10-10T09:33:19+00:00,2026-10-10,deadline,6,2026-10-10T10:00:00Z,378,McConnell,LIV,MID,44,0,-1,0.2,1294,2215,7169,13672,a,,,,,,,,0.0,0,0,0,0,0,0,0,0,0,0,0,0,0,0.00,0.00,0.00,0.00,0.0,0.0
2026-10-10T09:33:19+00:00,2026-10-10,deadline,6,2026-10-10T10:00:00Z,379,Isak,LIV,FWD,91,0,1,16.9,132723,639546,1259885,1299515,i,Thigh injury - Unknown return date,2026-09-27T10:30:09.051435Z,,0,2,,,5.0,8,33,413,5,4,0,3,4,0,7,3,1,3,3.54,0.08,3.62,5.82,5.0,0.0
2026-10-10T09:33:19+00:00,2026-10-10,deadline,6,2026-10-10T10:00:00Z,380,Ekitiké,LIV,FWD,74,0,-1,0.1,571,1119,2843,11582,i,Achilles injury - Unknown return date,2026-07-23T12:01:23.643771Z,0,0,,,,0.0,0,0,0,0,0,0,0,0,0,0,0,0,0,0.00,0.00,0.00,0.00,0.0,0.0
2026-10-10T09:33:19+00:00,2026-10-10,deadline,6,2026-10-10T10:00:00Z,381,Koumas,LIV,MID,50,0,0,0.0,1015,364,1694,1565,a,,,,,,,,0.5,1,3,22,0,0,0,0,0,0,1,0,0,1,0.28,0.00,0.28,0.72,0.5,0.5
2026-10-10T09:33:19+00:00,2026-10-10,deadline,6,2026-10-10T10:00:00Z,382,Danns,LIV,FWD,45,0,0,0.3,6339,3788,26146,11067,a,,2026-07-23T12:01:23.659279Z,100,100,,,,0.0,0,0,0,0,0,0,0,0,0,0,0,0,0,0.00,0.00,0.00,0.00,0.0,0.0
2026-10-10T09:33:19+00:00,2026-10-10,deadline,6,2026-10-10T10:00:00Z,383,Elliott,LIV,MID,54,0,-1,0.0,0,338,907,6258,u,Has joined Valencia on loan for the rest of the season,2026-09-02T16:05:49.104326Z,0,0,,,,0.0,0,0,0,0,0,0,0,0,0,0,0,0,0,0.00,0.00,0.00,0.00,0.0,0.0
2026-10-10T09:33:19+00:00,2026-10-10,deadline,6,2026-10-10T10:00:00Z,579,Araujo,LIV,DEF,54,0,-1,3.1,32089,19066,164005,168755,a,,,,,,,,6.5,7,22,284,3,0,0,3,0,0,24,19,5,15,0.00,0.06,0.06,2.75,6.5,6.5
2026-10-10T09:33:19+00:00,2026-10-10,deadline,6,2026-10-10T10:00:00Z,627,Barcola,LIV,MID,80,0,0,2.0,39549,33799,317011,145045,a,,,,,,,,3.0,3,7,168,2,0,0,2,0,0,8,0,3,5,0.26,0.13,0.39,1.43,3.0,3.0
2026-10-10T09:33:19+00:00,2026-10-10,deadline,6,2026-10-10T10:00:00Z,155,Enzo,MCI,MID,69,0,-1,3.8,57246,29219,198913,336128,a,,,,,,3,4,4.5,7,13,271,3,1,0,2,3,0,21,6,3,12,0.35,0.53,0.88,5.35,4.5,4.5
2026-10-10T09:33:19+00:00,2026-10-10,deadline,6,2026-10-10T10:00:00Z,237,Ndiaye,MCI,MID,58,-1,-2,6.0,15482,147905,306351,1215908,a,,,,,,,,3.0,5,22,385,4,0,2,2,4,0,44,10,8,26,0.38,0.58,0.96,9.42,3.0,3.0
2026-10-10T09:33:19+00:00,2026-10-10,deadline,6,2026-10-10T10:00:00Z,384,Donnarumma,MCI,GKP,55,0,0,7.3,17912,59047,214103,344963,a,,,,,,,,4.5,2,19,450,5,0,0,2,5,14,0,4,0,32,0.00,0.00,0.00,7.25,4.5,4.5
2026-10-10T09:33:19+00:00,2026-10-10,deadline,6,2026-10-10T10:00:00Z,386,Bettinelli,MCI,GKP,45,0,0,0.0,103,155,618,1191,a,,,,,,,,0.0,0,0,0,0,0,0,0,0,0,0,0,0,0,0.00,0.00,0.00,0.00,0.0,0.0
2026-10-10T09:33:19+00:00,2026-10-10,deadline,6,2026-10-10T10:00:00Z,387,O'Reilly,MCI,DEF,63,-1,-2,9.6,5798,194912,193142,1331423,d,Unspecified injury - 75% chance of playing,2026-10-01T15:30:10.272693Z,100,75,,,,1.0,1,6,163,2,0,0,0,2,0,5,2,3,9,0.87,0.43,1.30,2.10,1.0,0.8
2026-10-10T09:33:19+00:00,2026-10-10,deadline,6,2026-10-10T10:00:00Z,388,Guéhi,MCI,DEF,60,0,0,17.7,41285,103705,523205,515681,a,,,,,,,,5.0,4,30,450,5,1,1,2,5,0,29,26,3,19,0.95,0.39,1.34,7.25,5.0,5.0
2026-10-10T09:33:19+00:00,2026-10-10,deadline,6,2026-10-10T10:00:00Z,389,Matheus N.,MCI,DEF,59,0,-1,1.0,3101,5186,16256,76327,a,,2026-08-27T11:30:08.171622Z,100,100,4,,,5.0,1,11,213,2,0,0,1,3,0,21,18,3,10,0.00,0.06,0.06,4.67,5.0,5.0
2026-10-10T09:33:19+00:00,2026-10-10,deadline,6,2026-10-10T10:00:00Z,390,Rúben,MCI,DEF,55,0,0,1.9,7721,15900,70309,80702,a,,,,,,,,3.5,1,17,450,5,0,0,2,5,0,26,25,1,16,0.29,0.74,1.03,7.25,3.5,3.5
2026-10-10T09:33:19+00:00,2026-10-10,deadline,6,2026-10-10T10:00:00Z,391,Gvardiol,MCI,DEF,57,0,2,27.3,294192,137735,1976224,497951,a,,,,,,,,7.5,4,37,434,5,1,3,2,5,0,31,20,11,21,0.22,0.74,0.96,7.25,7.5,7.5
2026-10-10T09:33:19+00:00,2026-10-10,deadline,6,2026-10-10T10:00:00Z,392,Aït-Nouri,MCI,DEF,52,-1,-3,0.4,826,3547,8178,62956,a,,,,,,,,0.0,0,0,0,0,0,0,0,0,0,0,0,0,0,0.00,0.00,0.00,0.00,0.0,0.0
2026-10-10T09:33:19+00:00,2026-10-10,deadline,6,2026-10-10T10:00:00Z,393,Khusanov,MCI,DEF,54,0,-1,1.3,2129,13777,27565,85423,a,,,,,,,,0.0,0,9,268,3,0,0,1,2,0,17,9,8,13,0.00,0.06,0.06,2.68,0.0,0.0
2026-10-10T09:33:19+00:00,2026-10-10,deadline,6,2026-10-10T10:00:00Z,394,Alleyne,MCI,DEF,50,0,0,0.0,0,24,0,622,u,Has joined Burnley on loan for the rest of the season,2026-08-18T14:11:56.324656Z,0,0,,,,0.0,0,0,0,0,0,0,0,0,0,0,0,0,0,0.00,0.00,0.00,0.00,0.0,0.0
2026-10-10T09:33:19+00:00,2026-10-10,deadline,6,2026-10-10T10:00:00Z,395,Lewis,MCI,DEF,44,0,-1,0.2,544,1887,8500,16953,a,,,,,,,,0.0,0,1,56,1,0,0,0,1,0,2,2,0,0,0.17,0.02,0.19,0.55,0.0,0.0
2026-10-10T09:33:19+00:00,2026-10-10,deadline,6,2026-10-10T10:00:00Z,396,Vitor Reis,MCI,DEF,45,0,0,0.0,102,221,582,1244,a,,,,,,,,0.0,0,1,1,0,0,0,0,0,0,0,0,0,0,0.00,0.00,0.00,0.00,0.0,0.0
2026-10-10T09:33:19+00:00,2026-10-10,deadline,6,2026-10-10T10:00:00Z,397,Semenyo,MCI,MID,84,0,-1,13.4,149370,261605,340273,1404305,d,Ankle injury - 75% chance of playing,2026-09-24T12:00:09.848000Z,,75,2,,,10.0,17,33,450,5,2,3,2,5,0,22,2,6,14,0.33,1.16,1.49,7.25,10.0,7.5
2026-10-10T09:33:19+00:00,2026-10-10,deadline,6,2026-10-10T10:00:00Z,398,Foden,MCI,MID,69,0,-1,1.5,296,54983,303542,592705,s,Suspended until 17 Oct,2026-09-13T17:00:09.433455Z,0,0,,2,2,-1.0,0,9,217,3,0,2,0,2,0,14,2,4,8,1.61,0.88,2.49,1.91,0.0,0.0
2026-10-10T09:33:19+00:00,2026-10-10,deadline,6,2026-10-10T10:00:00Z,399,Cherki,MCI,MID,78,0,3,28.6,280291,217775,2827452,1084720,a,,,,,,1,1,4.5,8,34,302,4,3,2,1,4,0,12,3,0,9,0.72,1.54,2.26,5.00,4.5,4.5
2026-10-10T09:33:19+00:00,2026-10-10,deadline,6,2026-10-10T10:00:00Z,400,Doku,MCI,MID,74,0,-1,0.7,10078,3566,11545,129652,a,,2026-08-18T17:00:08.385597Z,75,100,3,,,0.5,1,1,15,0,0,0,0,0,0,2,1,0,1,0.23,0.32,0.55,0.42,0.4,0.5
2026-10-10T09:33:19+00:00,2026-10-10,deadline,6,2026-10-10T10:00:00Z,402,Rodrigo,MCI,MID,65,0,0,0.0,0,30,0,1234,u,Has joined Barcelona permanently,2026-07-23T12:01:23.675537Z,0,0,,,,0.0,0,0,0,0,0,0,0,0,0,0,0,0,0,0.00,0.00,0.00,0.00,0.0,0.0
2026-10-10T09:33:19+00:00,2026-10-10,deadline,6,2026-10-10T10:00:00Z,404,Reijnders,MCI,MID,60,0,0,0.0,0,133,0,8218,u,Has joined Al Qadsiah permanently,2026-08-20T14:02:58.154273Z,0,0,,,,0.0,0,0,0,0,0,0,0,0,0,0,0,0,0,0.00,0.00,0.00,0.00,0.0,0.0
2026-10-10T09:33:19+00:00,2026-10-10,deadline,6,2026-10-10T10:00:00Z,406,Kovačić,MCI,MID,53,-1,-2,0.1,166,676,2308,6505,a,,,,,,,,0.0,0,2,42,0,0,0,0,0,0,2,0,0,2,0.00,0.02,0.02,0.10,0.0,0.0
2026-10-10T09:33:19+00:00,2026-10-10,deadline,6,2026-10-10T10:00:00Z,407,Echeverri,MCI,MID,49,0,-1,0.0,0,80,250,1369,u,Has joined Benfica on loan for the rest of the season,2026-09-03T15:41:24.710479Z,0,0,,,,0.0,0,0,0,0,0,0,0,0,0,0,0,0,0,0.00,0.00,0.00,0.00,0.0,0.0
2026-10-10T09:33:19+00:00,2026-10-10,deadline,6,2026-10-10T10:00:00Z,408,Phillips,MCI,MID,50,0,0,0.0,0,22,0,581,u,Has joined Sheffield United on loan for the rest of the season,2026-08-18T14:11:56.348781Z,0,0,,,,0.0,0,0,0,0,0,0,0,0,0,0,0,0,0,0.00,0.00,0.00,0.00,0.0,0.0
2026-10-10T09:33:19+00:00,2026-10-10,deadline,6,2026-10-10T10:00:00Z,409,Mukasa,MCI,MID,45,0,0,0.1,0,1019,1621,12586,u,has joined West Ham on loan for the rest of the seaon.,2026-09-03T10:34:10.733520Z,0,0,,,,0.0,0,0,0,0,0,0,0,0,0,0,0,0,0,0.00,0.00,0.00,0.00,0.0,0.0
2026-10-10T09:33:19+00:00,2026-10-10,deadline,6,2026-10-10T10:00:00Z,410,Monga,MCI,MID,49,0,-1,0.0,0,78,219,1298,u,Has joined Swansea City on loan for the rest of the season,2026-09-02T16:02:01.136760Z,0,0,,,,0.0,0,0,0,0,0,0,0,0,0,0,0,0,0,0.00,0.00,0.00,0.00,0.0,0.0
2026-10-10T09:33:19+00:00,2026-10-10,deadline,6,2026-10-10T10:00:00Z,411,Haaland,MCI,FWD,156,0,1,74.3,173790,55412,1019067,357070,a,,,,,1,,,7.5,6,39,450,5,5,0,2,5,0,20,10,0,10,4.42,0.53,4.95,7.25,7.5,7.5
2026-10-10T09:33:19+00:00,2026-10-10,deadline,6,2026-10-10T10:00:00Z,481,Anderson,MCI,MID,63,0,-2,3.8,14592,51867,112031,469707,a,,2026-08-23T17:00:07.952697Z,100,100,,,3,3.5,2,15,413,5,0,0,2,5,0,54,18,13,23,0.11,0.67,0.78,7.15,3.5,3.5
2026-10-10T09:33:19+00:00,2026-10-10,deadline,6,2026-10-10T10:00:00Z,587,Rulli,MCI,GKP,50,0,0,0.0,105,162,637,1173,a,,,,,,,,0.0,0,0,0,0,0,0,0,0,0,0,0,0,0,0.00,0.00,0.00,0.00,0.0,0.0
2026-10-10T09:33:19+00:00,2026-10-10,deadline,6,2026-10-10T10:00:00Z,616,Bouaddi,MCI,MID,55,0,0,0.2,1159,2942,21358,14381,a,,,,,,,,0.0,0,2,22,0,0,0,0,0,0,6,3,0,3,0.00,0.12,0.12,0.37,0.0,0.0
2026-10-10T09:33:19+00:00,2026-10-10,deadline,6,2026-10-10T10:00:00Z,621,McAidoo,MCI,MID,44,-1,-1,0.1,869,1530,12038,7553,a,,,,,,,,0.0,0,2,11,0,0,0,0,0,0,4,0,2,2,0.10,0.00,0.10,0.02,0.0,0.0
2026-10-10T09:33:19+00:00,2026-10-10,deadline,6,2026-10-10T10:00:00Z,622,Braithwaite,MCI,DEF,40,0,0,0.2,856,2034,17063,9585,a,,,,,,,,0.0,0,1,1,0,0,0,0,0,0,0,0,0,1,0.00,0.00,0.00,0.00,0.0,0.0
2026-10-10T09:33:19+00:00,2026-10-10,deadline,6,2026-10-10T10:00:00Z,628,Allan,MCI,MID,60,0,0,0.0,309,228,1272,749,a,,,,,,,,0.0,0,0,0,0,0,0,0,0,0,0,0,0,0,0.00,0.00,0.00,0.00,0.0,0.0
2026-10-10T09:33:19+00:00,2026-10-10,deadline,6,2026-10-10T10:00:00Z,653,Samba,MCI,MID,45,0,0,0.0,316,615,3965,2298,a,,,,,,,,0.0,0,0,0,0,0,0,0,0,0,0,0,0,0,0.00,0.00,0.00,0.00,0.0,0.0
2026-10-10T09:33:19+00:00,2026-10-10,deadline,6,2026-10-10T10:00:00Z,43,Tielemans,MUN,MID,58,0,-2,1.4,5945,17718,47392,168342,a,,2026-07-23T12:01:23.321726Z,100,100,3,,,3.0,4,14,402,5,0,0,0,8,0,43,11,7,25,0.65,0.52,1.17,6.16,3.0,3.0
2026-10-10T09:33:19+00:00,2026-10-10,deadline,6,2026-10-10T10:00:00Z,131,Baleba,MUN,MID,49,0,-1,0.1,3684,1289,9123,14930,a,,2026-08-06T16:00:10.997714Z,50,100,,,,0.0,0,0,0,0,0,0,0,0,0,0,0,0,0,0.00,0.00,0.00,0.00,0.0,0.0
2026-10-10T09:33:19+00:00,2026-10-10,deadline,6,2026-10-10T10:00:00Z,162,Andrey Santos,MUN,MID,48,0,-2,0.5,1419,8674,22616,77293,a,,,,,,,,0.0,0,4,82,1,0,0,0,4,0,18,7,4,7,0.00,0.24,0.24,2.03,0.0,0.0
2026-10-10T09:33:19+00:00,2026-10-10,deadline,6,2026-10-10T10:00:00Z,325,Darlow,MUN,GKP,45,0,0,0.0,83,352,1090,1733,d,Unspecified injury - 75% chance of playing,2026-09-21T13:30:08.885505Z,100,75,,,,0.0,0,0,0,0,0,0,0,0,0,0,0,0,0,0.00,0.00,0.00,0.00,0.0,0.0
2026-10-10T09:33:19+00:00,2026-10-10,deadline,6,2026-10-10T10:00:00Z,412,Lammens,MUN,GKP,49,0,-1,9.4,14419,107520,106627,745951,a,,,,,,,,3.0,4,11,450,5,0,0,0,8,16,0,5,0,38,0.00,0.00,0.00,6.80,3.0,3.0
2026-10-10T09:33:19+00:00,2026-10-10,deadline,6,2026-10-10T10:00:00Z,413,Bayindir,MUN,GKP,45,0,0,0.0,0,66,0,1176,u,Has joined Celta Vigo on loan for the rest of the season,2026-08-10T14:02:28.608415Z,0,0,,,,0.0,0,0,0,0,0,0,0,0,0,0,0,0,0,0.00,0.00,0.00,0.00,0.0,0.0
2026-10-10T09:33:19+00:00,2026-10-10,deadline,6,2026-10-10T10:00:00Z,414,Heaton,MUN,GKP,40,0,0,0.1,394,515,2312,3802,i,Hamstring injury - Unknown return date,2026-08-15T16:00:07.854151Z,0,0,,,,0.0,0,0,0,0,0,0,0,0,0,0,0,0,0,0.00,0.00,0.00,0.00,0.0,0.0
2026-10-10T09:33:19+00:00,2026-10-10,deadline,6,2026-10-10T10:00:00Z,415,Dorgu,MUN,MID,58,0,-2,0.5,1083,10397,14053,103934,i,Hamstring injury - Expected back 25 Oct,2026-09-27T21:30:07.831640Z,,0,,,,4.0,4,10,171,2,0,1,0,6,0,20,8,8,4,0.78,0.09,0.87,3.38,4.0,0.0
2026-10-10T09:33:19+00:00,2026-10-10,deadline,6,2026-10-10T10:00:00Z,416,De Ligt,MUN,DEF,49,-1,-1,0.0,115,182,494,1605,i,Back injury - Unknown return date,2026-07-23T12:01:23.690880Z,0,0,,,,0.0,0,0,0,0,0,0,0,0,0,0,0,0,0,0.00,0.00,0.00,0.00,0.0,0.0
2026-10-10T09:33:19+00:00,2026-10-10,deadline,6,2026-10-10T10:00:00Z,417,Dalot,MUN,DEF,49,0,-1,1.6,3999,15511,28778,144006,a,,,,,,,,2.0,2,8,346,4,0,0,0,4,0,16,10,6,21,0.24,0.23,0.47,4.70,2.0,2.0
2026-10-10T09:33:19+00:00,2026-10-10,deadline,6,2026-10-10T10:00:00Z,418,Maguire,MUN,DEF,48,-1,-2,7.9,12443,159740,146401,1089431,a,,,,,,,,1.5,2,10,450,5,0,1,0,8,0,31,28,3,21,0.20,0.46,0.66,6.80,1.5,1.5
2026-10-10T09:33:19+00:00,2026-10-10,deadline,6,2026-10-10T10:00:00Z,419,Martinez,MUN,DEF,49,-1,-1,1.3,6420,9927,39346,70780,a,,2026-07-24T20:00:10.337107Z,100,100,,,,1.0,0,6,360,4,0,0,0,6,0,20,17,3,14,0.21,0.16,0.37,5.79,1.0,1.0
2026-10-10T09:33:19+00:00,2026-10-10,deadline,6,2026-10-10T10:00:00Z,420,Yoro,MUN,DEF,48,-1,-2,0.4,1004,3222,5786,37064,a,,,,,,,,0.0,0,2,22,0,0,0,0,2,0,5,3,2,1,0.00,0.02,0.02,1.09,0.0,0.0
2026-10-10T09:33:19+00:00,2026-10-10,deadline,6,2026-10-10T10:00:00Z,421,Heaven,MUN,DEF,43,-1,-2,0.3,432,2547,6202,25133,a,,,,,,,,0.0,0,1,90,1,0,0,0,2,0,2,1,1,4,0.12,0.04,0.16,1.01,0.0,0.0
2026-10-10T09:33:19+00:00,2026-10-10,deadline,6,2026-10-10T10:00:00Z,422,Mazraoui,MUN,DEF,44,0,-1,0.5,637,6720,14421,44807,d,Back injury - 75% chance of playing,2026-10-04T21:30:08.533022Z,,75,,,,0.0,0,3,97,1,0,0,0,4,0,6,4,2,3,0.22,0.06,0.28,2.08,0.0,0.0
2026-10-10T09:33:19+00:00,2026-10-10,deadline,6,2026-10-10T10:00:00Z,423,Shaw,MUN,DEF,43,-1,-2,7.0,12712,152603,110196,1384532,a,,2026-09-11T13:00:09.030120Z,50,100,,,3,1.0,2,9,335,4,0,1,0,5,0,23,17,6,7,0.03,0.58,0.61,4.63,0.5,1.0
2026-10-10T09:33:19+00:00,2026-10-10,deadline,6,2026-10-10T10:00:00Z,424,Amass,MUN,DEF,40,0,0,0.2,711,1374,6613,9404,a,,,,,,,,0.0,0,0,0,0,0,0,0,0,0,0,0,0,0,0.00,0.00,0.00,0.00,0.0,0.0
2026-10-10T09:33:19+00:00,2026-10-10,deadline,6,2026-10-10T10:00:00Z,425,Fredricson,MUN,DEF,40,0,0,0.0,0,78,0,1346,u,Has joined Lausanne-Sport permanently,2026-08-18T14:12:31.904433Z,0,0,,,,0.0,0,0,0,0,0,0,0,0,0,0,0,0,0,0.00,0.00,0.00,0.00,0.0,0.0
2026-10-10T09:33:19+00:00,2026-10-10,deadline,6,2026-10-10T10:00:00Z,426,B.Fernandes,MUN,MID,119,-1,-1,37.5,120957,392395,732557,2045345,a,,,,,1,1,1,2.0,2,31,450,5,3,1,0,8,0,29,3,5,21,2.56,1.32,3.88,6.80,2.0,2.0
2026-10-10T09:33:19+00:00,2026-10-10,deadline,6,2026-10-10T10:00:00Z,427,Mbeumo,MUN,MID,79,0,-1,20.0,131087,280888,558066,2167387,a,,,,,2,2,2,2.0,2,25,450,5,2,1,0,8,0,26,7,5,14,3.07,0.80,3.87,6.80,2.0,2.0
2026-10-10T09:33:19+00:00,2026-10-10,deadline,6,2026-10-10T10:00:00Z,428,Cunha,MUN,MID,79,0,-1,6.1,65922,42204,139668,530235,a,,,,,,,,6.0,10,26,407,5,1,2,1,5,0,13,1,3,9,0.63,0.83,1.46,5.44,6.0,6.0
2026-10-10T09:33:19+00:00,2026-10-10,deadline,6,2026-10-10T10:00:00Z,429,Rashford,MUN,MID,69,-1,-1,1.3,5490,32568,86519,143649,d,Unspecified injury - 75% chance of playing,2026-09-21T10:30:09.221479Z,,75,,3,,2.0,2,10,351,4,0,0,1,3,0,18,4,4,10,0.78,0.43,1.21,4.50,2.0,1.5
2026-10-10T09:33:19+00:00,2026-10-10,deadline,6,2026-10-10T10:00:00Z,430,Mount,MUN,MID,54,0,-1,0.0,278,274,1006,2050,a,,2026-08-15T16:00:07.879135Z,100,100,,4,,0.5,1,1,10,0,0,0,0,0,0,1,0,0,1,0.09,0.01,0.10,0.00,0.5,0.5
2026-10-10T09:33:19+00:00,2026-10-10,deadline,6,2026-10-10T10:00:00Z,431,Amad,MUN,MID,57,0,-3,0.3,296,3374,2338,125095,i,Unspecified injury - Unknown return date,2026-08-22T11:00:08.617283Z,0,0,,,4,0.0,0,0,0,0,0,0,0,0,0,0,0,0,0,0.00,0.00,0.00,0.00,0.0,0.0
2026-10-10T09:33:19+00:00,2026-10-10,deadline,6,2026-10-10T10:00:00Z,432,Mainoo,MUN,MID,55,0,0,1.4,9760,28299,96854,80576,d,Unspecified injury - 75% chance of playing,2026-09-21T13:00:09.169862Z,,75,,,,4.0,4,22,354,4,0,1,0,4,0,56,10,6,40,0.30,0.52,0.82,4.77,4.0,3.0
2026-10-10T09:33:19+00:00,2026-10-10,deadline,6,2026-10-10T10:00:00Z,433,Ugarte,MUN,MID,50,0,0,0.0,35,34,131,274,i,Knee injury - Unknown return date,2026-07-23T12:01:23.706702Z,0,0,,,,0.0,0,0,0,0,0,0,0,0,0,0,0,0,0,0.00,0.00,0.00,0.00,0.0,0.0
2026-10-10T09:33:19+00:00,2026-10-10,deadline,6,2026-10-10T10:00:00Z,434,J.Fletcher,MUN,MID,49,0,-1,0.0,64,95,344,743,a,,,,,,,,0.0,0,0,0,0,0,0,0,0,0,0,0,0,0,0.00,0.00,0.00,0.00,0.0,0.0
2026-10-10T09:33:19+00:00,2026-10-10,deadline,6,2026-10-10T10:00:00Z,435,Lacey,MUN,MID,49,0,-1,0.1,549,562,1902,3527,a,,,,,,,,0.0,0,1,10,0,0,0,0,0,0,1,0,0,1,0.00,0.00,0.00,0.00,0.0,0.0
2026-10-10T09:33:19+00:00,2026-10-10,deadline,6,2026-10-10T10:00:00Z,436,Collyer,MUN,MID,50,0,0,0.0,0,69,150,1076,u,Has joined West Brom permanently,2026-09-01T13:16:48.584385Z,0,0,,,,0.0,0,0,0,0,0,0,0,0,0,0,0,0,0,0.00,0.00,0.00,0.00,0.0,0.0
2026-10-10T09:33:19+00:00,2026-10-10,deadline,6,2026-10-10T10:00:00Z,437,Bendito Mantato,MUN,MID,44,-1,-1,0.2,903,1421,5567,10202,a,,,,,,,,0.0,0,0,0,0,0,0,0,0,0,0,0,0,0,0.00,0.00,0.00,0.00,0.0,0.0
2026-10-10T09:33:19+00:00,2026-10-10,deadline,6,2026-10-10T10:00:00Z,438,Fletcher,MUN,MID,44,0,-1,0.3,3075,3296,11144,18065,a,,,,,,,,0.0,0,0,0,0,0,0,0,0,0,0,0,0,0,0.00,0.00,0.00,0.00,0.0,0.0
2026-10-10T09:33:19+00:00,2026-10-10,deadline,6,2026-10-10T10:00:00Z,439,Šeško,MUN,FWD,70,0,0,1.4,7195,42355,104634,152028,i,Shin injury - Expected back 18 Oct,2026-09-20T19:30:08.505755Z,100,0,,,,0.5,0,8,76,0,1,0,0,3,0,5,0,0,5,0.39,0.01,0.40,2.00,0.5,0.0
2026-10-10T09:33:19+00:00,2026-10-10,deadline,6,2026-10-10T10:00:00Z,440,Zirkzee,MUN,FWD,53,-1,-2,0.4,3625,4632,17505,45185,a,,,,,,,,1.0,1,2,20,0,0,0,0,0,0,4,2,0,2,0.00,0.01,0.01,0.02,1.0,1.0
2026-10-10T09:33:19+00:00,2026-10-10,deadline,6,2026-10-10T10:00:00Z,441,Obi,MUN,FWD,45,0,0,0.9,0,16314,45543,79256,u,Has joined Willem II on loan for the rest of the season,2026-09-14T16:12:42.090874Z,0,0,,,,0.0,0,0,0,0,0,0,0,0,0,0,0,0,0,0.00,0.00,0.00,0.00,0.0,0.0
2026-10-10T09:33:19+00:00,2026-10-10,deadline,6,2026-10-10T10:00:00Z,405,N.Gonzalez,NEW,MID,55,0,0,0.2,1452,2442,18915,17611,a,,2026-09-14T21:30:07.343728Z,0,100,,,,0.5,0,5,164,3,0,0,1,2,0,12,3,0,9,0.00,0.21,0.21,2.34,0.0,0.5
2026-10-10T09:33:19+00:00,2026-10-10,deadline,6,2026-10-10T10:00:00Z,442,Pope,NEW,GKP,49,0,-1,0.9,1672,4992,14165,55715,a,,,,,,,,0.0,0,0,0,0,0,0,0,0,0,0,0,0,0,0.00,0.00,0.00,0.00,0.0,0.0
2026-10-10T09:33:19+00:00,2026-10-10,deadline,6,2026-10-10T10:00:00Z,443,Gillespie,NEW,GKP,45,0,0,0.0,77,168,802,1288,a,,,,,,,,0.0,0,0,0,0,0,0,0,0,0,0,0,0,0,0.00,0.00,0.00,0.00,0.0,0.0
2026-10-10T09:33:19+00:00,2026-10-10,deadline,6,2026-10-10T10:00:00Z,444,Jaouen,NEW,GKP,44,-1,-1,0.0,42,234,475,1639,i,Hamstring injury - Unknown return date,2026-09-10T16:00:09.127466Z,50,0,,,,0.0,0,0,0,0,0,0,0,0,0,0,0,0,0,0.00,0.00,0.00,0.00,0.0,0.0
2026-10-10T09:33:19+00:00,2026-10-10,deadline,6,2026-10-10T10:00:00Z,445,Thiaw,NEW,DEF,50,0,0,2.2,23949,21909,193250,134920,a,,,,,,,,3.0,4,14,450,5,0,0,1,9,0,45,45,0,10,0.00,0.08,0.08,9.14,3.0,3.0
2026-10-10T09:33:19+00:00,2026-10-10,deadline,6,2026-10-10T10:00:00Z,446,Schär,NEW,DEF,49,0,-1,0.2,1478,1500,7989,14446,a,,2026-08-15T16:30:07.209742Z,100,100,,2,,0.5,1,2,25,0,0,0,0,2,0,7,7,0,0,0.00,0.01,0.01,1.87,0.5,0.5
2026-10-10T09:33:19+00:00,2026-10-10,deadline,6,2026-10-10T10:00:00Z,447,Botman,NEW,DEF,50,0,0,0.8,12256,6160,54930,31454,a,,,,,,,,3.0,4,15,450,5,0,0,1,9,0,59,54,5,14,0.06,0.17,0.23,9.14,3.0,3.0
2026-10-10T09:33:19+00:00,2026-10-10,deadline,6,2026-10-10T10:00:00Z,448,Burn,NEW,DEF,48,-1,-2,0.7,168,9911,7383,164819,i,Ankle injury - Expected back 12 Oct,2026-08-23T18:00:08.367241Z,0,0,,,,0.0,0,0,0,0,0,0,0,0,0,0,0,0,0,0.00,0.00,0.00,0.00,0.0,0.0
2026-10-10T09:33:19+00:00,2026-10-10,deadline,6,2026-10-10T10:00:00Z,449,Hall,NEW,DEF,53,1,3,21.0,641467,63589,2054969,391422,a,,,,,,1,1,6.5,13,31,449,5,1,1,1,9,0,46,33,13,38,0.25,0.79,1.04,9.12,6.5,6.5
2026-10-10T09:33:19+00:00,2026-10-10,deadline,6,2026-10-10T10:00:00Z,450,Livramento,NEW,DEF,49,0,-1,0.1,542,3613,10338,8053,d,Unspecified injury - 50% chance of playing,2026-09-19T14:00:09.046677Z,100,50,,,,1.5,0,4,33,0,0,1,0,1,0,3,1,2,4,0.00,0.01,0.01,0.18,1.5,0.8
2026-10-10T09:33:19+00:00,2026-10-10,deadline,6,2026-10-10T10:00:00Z,451,A.Murphy,NEW,DEF,40,0,0,0.1,0,476,0,7127,u,Has joined FC Kaiserslautern on loan for the rest of the season,2026-08-12T14:05:29.224600Z,0,0,,,,0.0,0,0,0,0,0,0,0,0,0,0,0,0,0,0.00,0.00,0.00,0.00,0.0,0.0
2026-10-10T09:33:19+00:00,2026-10-10,deadline,6,2026-10-10T10:00:00Z,453,Barnes,NEW,MID,61,1,1,8.2,455492,69956,926595,201864,a,,,,,,,3,5.5,9,28,450,5,1,3,1,9,0,33,14,3,16,0.62,0.48,1.10,9.14,5.5,5.5
2026-10-10T09:33:19+00:00,2026-10-10,deadline,6,2026-10-10T10:00:00Z,454,Elanga,NEW,MID,61,-1,1,3.4,458,282766,1286295,1202727,i,Unspecified injury - Unknown return date,2026-09-14T20:00:09.505598Z,0,0,,,2,0.0,0,18,232,3,2,0,1,3,0,9,2,4,3,0.42,0.34,0.76,4.01,0.0,0.0
2026-10-10T09:33:19+00:00,2026-10-10,deadline,6,2026-10-10T10:00:00Z,456,J.Ramsey,NEW,MID,48,-1,-2,0.2,105,8194,16651,34397,i,Thigh injury - Unknown return date,2026-09-15T09:00:08.191022Z,0,0,,,,0.0,0,7,69,0,1,0,0,1,0,11,3,2,6,0.17,0.16,0.33,1.92,0.0,0.0
2026-10-10T09:33:19+00:00,2026-10-10,deadline,6,2026-10-10T10:00:00Z,457,J.Murphy,NEW,MID,59,0,-1,0.1,1888,1623,6991,11802,a,,,,,,,4,0.5,1,3,181,2,0,0,0,5,0,18,4,4,10,0.03,0.41,0.44,4.96,0.5,0.5
2026-10-10T09:33:19+00:00,2026-10-10,deadline,6,2026-10-10T10:00:00Z,458,Joelinton,NEW,MID,54,0,-1,0.0,38,132,249,2294,d,Unspecified injury - 75% chance of playing,2026-08-16T08:00:08.074045Z,0,75,,,,0.0,0,0,0,0,0,0,0,0,0,0,0,0,0,0.00,0.00,0.00,0.00,0.0,0.0
2026-10-10T09:33:19+00:00,2026-10-10,deadline,6,2026-10-10T10:00:00Z,459,L.Miley,NEW,MID,55,0,0,0.1,522,1505,6386,6512,d,Unspecified injury - 75% chance of playing,2026-10-01T15:30:10.335504Z,100,75,,,5,2.0,4,12,396,5,0,0,1,8,0,52,20,6,26,0.05,0.14,0.19,7.95,2.0,1.5
2026-10-10T09:33:19+00:00,2026-10-10,deadline,6,2026-10-10T10:00:00Z,460,Willock,NEW,MID,50,0,0,0.6,21729,6615,76549,34600,a,,,,,,,,5.5,10,22,284,3,2,0,1,5,0,18,4,5,9,0.81,0.30,1.11,5.19,5.5,5.5
2026-10-10T09:33:19+00:00,2026-10-10,deadline,6,2026-10-10T10:00:00Z,461,Touré,NEW,MID,58,0,-2,0.1,662,1624,4045,17231,a,,,,,,,,3.5,1,8,50,0,1,0,0,1,0,4,1,0,3,0.28,0.01,0.29,0.76,3.5,3.5
2026-10-10T09:33:19+00:00,2026-10-10,deadline,6,2026-10-10T10:00:00Z,462,Steur,NEW,MID,49,0,-1,0.1,494,794,2650,6591,a,,,,,,,,2.5,3,8,223,2,0,0,1,5,0,21,9,4,8,0.00,0.06,0.06,4.23,2.5,2.5
2026-10-10T09:33:19+00:00,2026-10-10,deadline,6,2026-10-10T10:00:00Z,463,Woltemade,NEW,FWD,59,0,-1,0.5,0,5343,14520,143778,u,Has joined Juventus on loan for the rest of the season,2026-09-02T16:07:16.549304Z,0,0,,,,0.0,0,4,19,0,0,1,0,0,0,0,0,0,0,0.02,0.01,0.03,0.38,0.0,0.0
2026-10-10T09:33:19+00:00,2026-10-10,deadline,6,2026-10-10T10:00:00Z,464,Wissa,NEW,FWD,62,0,2,19.3,259827,264937,2455339,851947,a,,,,,2,,,1.0,0,15,441,5,1,1,1,8,0,27,6,6,15,2.35,0.06,2.41,7.97,1.0,1.0
2026-10-10T09:33:19+00:00,2026-10-10,deadline,6,2026-10-10T10:00:00Z,465,Osula,NEW,FWD,58,-1,-2,0.3,366,3864,21689,88169,d,Foot injury - 50% chance of playing,2026-08-25T19:00:08.004915Z,0,50,1,4,,0.0,0,4,55,1,0,1,0,1,0,5,2,1,2,0.06,0.14,0.20,1.48,0.0,0.0
2026-10-10T09:33:19+00:00,2026-10-10,deadline,6,2026-10-10T10:00:00Z,466,Neave,NEW,FWD,45,0,0,0.5,0,6530,23805,55152,u,Has joined Wolves on loan for the rest of the season,2026-09-04T12:37:43.515176Z,0,0,,,,0.0,0,0,0,0,0,0,0,0,0,0,0,0,0,0.00,0.00,0.00,0.00,0.0,0.0
2026-10-10T09:33:19+00:00,2026-10-10,deadline,6,2026-10-10T10:00:00Z,559,Bamba,NEW,MID,49,0,-1,0.1,211,884,2651,7968,a,,,,,,,,1.0,1,3,27,0,0,0,0,1,0,8,3,3,2,0.00,0.00,0.00,1.29,1.0,1.0
2026-10-10T09:33:19+00:00,2026-10-10,deadline,6,2026-10-10T10:00:00Z,567,Horníček,NEW,GKP,50,0,0,1.5,15510,11644,160160,78197,a,,,,,,,,2.0,3,14,450,5,0,0,1,9,19,0,11,0,31,0.00,0.00,0.00,9.14,2.0,2.0
2026-10-10T09:33:19+00:00,2026-10-10,deadline,6,2026-10-10T10:00:00Z,593,Dedić,NEW,DEF,45,0,0,1.4,692,74074,448314,344124,d,Unspecified injury - 50% chance of playing,2026-09-17T14:30:09.823731Z,0,50,,3,,0.0,0,13,327,4,0,1,1,7,0,24,16,8,15,0.14,0.08,0.22,7.38,0.0,0.0
2026-10-10T09:33:19+00:00,2026-10-10,deadline,6,2026-10-10T10:00:00Z,609,Shahar,NEW,DEF,40,0,0,0.2,0,2447,18236,16345,u,has joined Arouca on loan for the rest of the seaon.,2026-09-11T14:41:57.406766Z,0,0,,,,0.0,0,0,0,0,0,0,0,0,0,0,0,0,0,0.00,0.00,0.00,0.00,0.0,0.0
2026-10-10T09:33:19+00:00,2026-10-10,deadline,6,2026-10-10T10:00:00Z,634,Fernandez-Pardo,NEW,FWD,60,0,0,0.1,4717,2664,19788,7564,a,,,,,,,,1.5,2,4,157,2,0,0,0,4,0,5,0,2,3,0.05,0.01,0.06,2.94,1.5,1.5
2026-10-10T09:33:19+00:00,2026-10-10,deadline,6,2026-10-10T10:00:00Z,659,Miley,NEW,MID,45,0,0,0.0,2377,1027,5815,1629,a,,,,,,,,0.0,0,0,0,0,0,0,0,0,0,0,0,0,0,0.00,0.00,0.00,0.00,0.0,0.0
2026-10-10T09:33:19+00:00,2026-10-10,deadline,6,2026-10-10T10:00:00Z,663,Pivas,NEW,DEF,40,0,0,0.0,612,93,612,93,a,,,,,,,,0.0,0,0,0,0,0,0,0,0,0,0,0,0,0,0.00,0.00,0.00,0.00,1.1,1.1
2026-10-10T09:33:19+00:00,2026-10-10,deadline,6,2026-10-10T10:00:00Z,664,Salia,NEW,FWD,45,0,0,0.2,17438,3129,17438,3129,a,,,,,,,,0.0,0,0,0,0,0,0,0,0,0,0,0,0,0,0.00,0.00,0.00,0.00,1.0,1.0
2026-10-10T09:33:19+00:00,2026-10-10,deadline,6,2026-10-10T10:00:00Z,665,Mills,NEW,MID,45,0,0,0.0,244,48,244,48,a,,,,,,,,0.0,0,0,0,0,0,0,0,0,0,0,0,0,0,0.00,0.00,0.00,0.00,1.1,1.1
2026-10-10T09:33:19+00:00,2026-10-10,deadline,6,2026-10-10T10:00:00Z,666,Thompson,NEW,MID,45,0,0,0.0,331,57,331,57,a,,,,,,,,0.0,0,0,0,0,0,0,0,0,0,0,0,0,0,0.00,0.00,0.00,0.00,1.1,1.1
2026-10-10T09:33:19+00:00,2026-10-10,deadline,6,2026-10-10T10:00:00Z,167,Delap,NFO,FWD,56,1,1,2.5,41370,70943,328546,124515,a,,,,,3,,,3.0,1,9,277,3,1,0,1,3,0,17,5,2,10,0.89,0.35,1.24,2.62,3.0,3.0
2026-10-10T09:33:19+00:00,2026-10-10,deadline,6,2026-10-10T10:00:00Z,201,Muñoz,NFO,DEF,54,0,-1,5.5,17471,62028,168029,516204,a,,,,,,,,2.0,2,5,257,3,0,0,0,4,0,15,8,7,8,0.60,0.21,0.81,2.59,2.0,2.0
2026-10-10T09:33:19+00:00,2026-10-10,deadline,6,2026-10-10T10:00:00Z,467,Sels,NFO,GKP,50,0,0,1.5,4245,14148,70498,70210,a,,,,,,,,2.5,2,14,450,5,0,0,1,5,11,0,6,0,46,0.00,0.01,0.01,4.77,2.5,2.5
2026-10-10T09:33:19+00:00,2026-10-10,deadline,6,2026-10-10T10:00:00Z,468,John,NFO,GKP,45,0,0,0.1,105,261,912,2121,a,,,,,,,,0.0,0,0,0,0,0,0,0,0,0,0,0,0,0,0.00,0.00,0.00,0.00,0.0,0.0
2026-10-10T09:33:19+00:00,2026-10-10,deadline,6,2026-10-10T10:00:00Z,469,N.Williams,NFO,DEF,50,0,0,7.4,18632,184411,333118,489669,d,Illness - 50% chance of playing,2026-10-09T14:30:11.466887Z,,50,,3,2,2.0,2,19,450,5,0,1,1,5,0,29,15,14,28,0.41,0.61,1.02,4.77,2.0,1.0
2026-10-10T09:33:19+00:00,2026-10-10,deadline,6,2026-10-10T10:00:00Z,470,Morato,NFO,DEF,50,0,0,0.0,0,199,424,3779,u,Has joined West Ham on loan for the rest of the season,2026-09-02T16:19:54.503286Z,0,0,,,,0.0,0,0,0,0,0,0,0,0,0,0,0,0,0,0.00,0.00,0.00,0.00,0.0,0.0
2026-10-10T09:33:19+00:00,2026-10-10,deadline,6,2026-10-10T10:00:00Z,471,Milenković,NFO,DEF,54,-1,-1,0.9,112,23320,18044,118477,i,Knee injury - Unknown return date,2026-09-12T14:00:09.705107Z,0,0,,,,0.0,0,12,270,3,0,0,1,3,0,31,26,5,12,0.11,0.03,0.14,3.28,0.0,0.0
2026-10-10T09:33:19+00:00,2026-10-10,deadline,6,2026-10-10T10:00:00Z,472,Murillo,NFO,DEF,55,0,0,2.2,23416,17051,118913,70312,a,,2026-07-23T12:01:23.801183Z,100,100,,2,,5.0,4,23,449,5,0,1,1,5,0,53,44,9,18,0.42,0.37,0.79,4.77,5.0,5.0
2026-10-10T09:33:19+00:00,2026-10-10,deadline,6,2026-10-10T10:00:00Z,473,Aina,NFO,DEF,44,-1,-1,2.1,2541,44102,70654,193889,a,,,,,,,,1.0,0,8,306,4,0,0,1,3,0,22,12,10,14,0.04,0.53,0.57,3.72,1.0,1.0
2026-10-10T09:33:19+00:00,2026-10-10,deadline,6,2026-10-10T10:00:00Z,474,Jair Cunha,NFO,DEF,45,0,0,0.2,759,1249,10265,13775,a,,2026-09-12T14:00:09.724349Z,75,100,,,,0.5,1,11,360,4,0,0,1,4,0,36,29,7,8,0.05,0.02,0.07,3.95,0.4,0.5
2026-10-10T09:33:19+00:00,2026-10-10,deadline,6,2026-10-10T10:00:00Z,475,Savona,NFO,DEF,45,0,0,0.0,32,39,252,297,i,Knee injury - Unknown return date,2026-07-23T12:01:23.816304Z,0,0,,,,0.0,0,0,0,0,0,0,0,0,0,0,0,0,0,0.00,0.00,0.00,0.00,0.0,0.0
2026-10-10T09:33:19+00:00,2026-10-10,deadline,6,2026-10-10T10:00:00Z,476,O.Richards,NFO,DEF,40,0,0,0.2,489,1355,4189,8906,a,,,,,,,,0.0,0,0,0,0,0,0,0,0,0,0,0,0,0,0.00,0.00,0.00,0.00,0.0,0.0
2026-10-10T09:33:19+00:00,2026-10-10,deadline,6,2026-10-10T10:00:00Z,477,Abbott,NFO,DEF,40,0,0,0.1,0,1661,2459,14734,u,Has joined Southampton on loan for the rest of the season,2026-09-02T16:19:54.536676Z,0,0,,,,0.0,0,0,0,0,0,0,0,0,0,0,0,0,0,0.00,0.00,0.00,0.00,0.0,0.0
2026-10-10T09:33:19+00:00,2026-10-10,deadline,6,2026-10-10T10:00:00Z,478,Netz,NFO,DEF,44,0,-1,0.0,94,202,724,1673,a,,,,,,,,0.5,1,3,27,0,0,0,0,1,0,1,0,1,1,0.00,0.02,0.02,0.13,0.5,0.5
2026-10-10T09:33:19+00:00,2026-10-10,deadline,6,2026-10-10T10:00:00Z,479,Bindon,NFO,DEF,40,0,0,0.1,0,1037,799,9167,u,Has joined Charlton Athletic on loan for the rest of the season,2026-09-01T13:16:05.383880Z,0,0,,,,0.0,0,0,0,0,0,0,0,0,0,0,0,0,0,0.00,0.00,0.00,0.00,0.0,0.0
2026-10-10T09:33:19+00:00,2026-10-10,deadline,6,2026-10-10T10:00:00Z,480,Gibbs-White,NFO,MID,80,0,0,15.9,189037,195469,1332719,778163,a,,2026-08-24T15:30:08.350159Z,100,100,1,1,,5.0,2,28,450,5,1,2,1,5,0,21,2,5,14,1.56,1.42,2.98,4.77,5.0,5.0
2026-10-10T09:33:19+00:00,2026-10-10,deadline,6,2026-10-10T10:00:00Z,482,Hudson-Odoi,NFO,MID,58,0,-2,0.1,541,1879,5552,18279,a,,2026-07-23T12:01:23.832709Z,100,100,,4,,0.0,0,1,1,0,0,0,0,0,0,0,0,0,0,0.00,0.00,0.00,0.00,0.0,0.0
2026-10-10T09:33:19+00:00,2026-10-10,deadline,6,2026-10-10T10:00:00Z,483,Ndoye,NFO,MID,55,0,0,0.6,1920,16491,73516,57654,a,,,,,,,,1.0,1,15,316,5,1,0,1,3,0,20,3,2,15,1.25,0.93,2.18,3.84,1.0,1.0
2026-10-10T09:33:19+00:00,2026-10-10,deadline,6,2026-10-10T10:00:00Z,484,Hutchinson,NFO,MID,54,0,-1,0.1,0,606,427,11234,u,Has joined AC Milan on loan for the rest of the season,2026-09-01T13:23:52.340206Z,0,0,,,,0.0,0,0,0,0,0,0,0,0,0,0,0,0,0,0.00,0.00,0.00,0.00,0.0,0.0
2026-10-10T09:33:19+00:00,2026-10-10,deadline,6,2026-10-10T10:00:00Z,485,Bakwa,NFO,MID,55,0,0,0.0,0,50,107,1192,u,Has joined Lille on loan for the rest of the season,2026-08-27T14:53:03.381941Z,0,0,,,,0.0,0,0,0,0,0,0,0,0,0,0,0,0,0,0.00,0.00,0.00,0.00,0.0,0.0
2026-10-10T09:33:19+00:00,2026-10-10,deadline,6,2026-10-10T10:00:00Z,486,McAtee,NFO,MID,55,0,0,0.1,690,1665,10335,6711,a,,,,,,,1,2.5,2,12,416,5,0,0,2,4,0,39,9,9,21,0.37,0.96,1.33,4.55,2.5,2.5
2026-10-10T09:33:19+00:00,2026-10-10,deadline,6,2026-10-10T10:00:00Z,487,Dominguez,NFO,MID,49,0,-1,0.1,90,513,1228,4315,a,,,,,,,,0.0,0,1,1,0,0,0,0,0,0,0,0,0,0,0.00,0.00,0.00,0.00,0.0,0.0
2026-10-10T09:33:19+00:00,2026-10-10,deadline,6,2026-10-10T10:00:00Z,488,I.Sangaré,NFO,MID,48,-1,-2,0.4,864,8273,9763,73852,a,,2026-08-28T09:30:07.471668Z,100,100,,,,1.0,1,4,105,1,0,0,0,1,0,8,4,1,3,0.09,0.02,0.11,0.56,1.0,1.0
2026-10-10T09:33:19+00:00,2026-10-10,deadline,6,2026-10-10T10:00:00Z,489,Yates,NFO,MID,44,-1,-1,1.1,2561,12606,32207,98961,a,,2026-08-17T20:30:08.195072Z,100,100,,,,0.0,0,0,0,0,0,0,0,0,0,0,0,0,0,0.00,0.00,0.00,0.00,0.0,0.0
2026-10-10T09:33:19+00:00,2026-10-10,deadline,6,2026-10-10T10:00:00Z,490,Wood,NFO,FWD,58,0,-2,0.9,4415,10546,26994,120393,a,,,,,2,,,1.0,1,4,62,0,0,0,0,1,0,1,0,0,1,0.12,0.01,0.13,0.53,1.0,1.0
2026-10-10T09:33:19+00:00,2026-10-10,deadline,6,2026-10-10T10:00:00Z,491,Igor Jesus,NFO,FWD,58,0,-2,2.2,13098,75473,132098,322818,i,Calf injury - Unknown return date,2026-10-09T14:30:11.491800Z,,0,4,,,4.0,1,12,257,2,1,0,0,3,0,15,5,2,8,1.25,0.08,1.33,2.61,4.0,0.0
2026-10-10T09:33:19+00:00,2026-10-10,deadline,6,2026-10-10T10:00:00Z,493,Kalimuendo,NFO,FWD,54,0,-1,0.0,347,602,3157,4302,a,,,,,,,,0.0,0,1,1,0,0,0,0,0,0,0,0,0,0,0.00,0.00,0.00,0.00,0.0,0.0
2026-10-10T09:33:19+00:00,2026-10-10,deadline,6,2026-10-10T10:00:00Z,558,Schlager,NFO,MID,50,0,0,0.1,379,1592,6059,6609,a,,,,,,,3,2.5,2,13,376,4,0,0,1,5,0,49,11,17,21,0.19,0.18,0.37,4.43,2.5,2.5
2026-10-10T09:33:19+00:00,2026-10-10,deadline,6,2026-10-10T10:00:00Z,581,Diomande,NFO,DEF,54,0,-1,0.5,2639,3805,14761,43270,a,,,,,,,,3.0,2,7,163,2,0,0,0,2,0,19,18,1,10,0.16,0.01,0.17,1.45,3.0,3.0
2026-10-10T09:33:19+00:00,2026-10-10,deadline,6,2026-10-10T10:00:00Z,590,Benda,NFO,GKP,45,0,0,0.1,209,381,2749,2982,a,,,,,,,,0.0,0,0,0,0,0,0,0,0,0,0,0,0,0,0.00,0.00,0.00,0.00,0.0,0.0
2026-10-10T09:33:19+00:00,2026-10-10,deadline,6,2026-10-10T10:00:00Z,112,Van Hecke,TOT,DEF,49,0,-1,6.1,53122,100850,189291,546245,a,,2026-09-30T16:00:09.552205Z,,100,,,,7.0,6,24,450,5,1,0,2,8,0,43,33,10,17,0.69,0.42,1.11,7.78,7.0,7.0
2026-10-10T09:33:19+00:00,2026-10-10,deadline,6,2026-10-10T10:00:00Z,147,Tosin,TOT,DEF,44,0,-1,0.1,185,956,2077,8308,a,,,,,,,,0.5,0,1,5,0,0,0,0,0,0,4,2,2,1,0.00,0.00,0.00,0.03,0.5,0.5
2026-10-10T09:33:19+00:00,2026-10-10,deadline,6,2026-10-10T10:00:00Z,401,Marmoush,TOT,FWD,70,0,0,2.2,30458,40322,252937,181455,a,,,,,2,4,8,2.0,2,8,339,4,0,0,2,5,0,13,0,2,11,0.38,0.15,0.53,3.84,2.0,2.0
2026-10-10T09:33:19+00:00,2026-10-10,deadline,6,2026-10-10T10:00:00Z,403,Sávio,TOT,MID,65,0,0,0.6,7268,14913,104180,87676,a,,2026-08-29T16:30:08.380416Z,100,100,,,2,2.5,2,8,240,3,0,0,2,3,0,11,3,0,8,0.41,0.70,1.11,2.76,2.5,2.5
2026-10-10T09:33:19+00:00,2026-10-10,deadline,6,2026-10-10T10:00:00Z,455,Tonali,TOT,MID,53,-1,-2,1.7,4449,30481,50038,285088,a,,2026-09-14T14:30:07.387706Z,100,100,,,,2.5,2,14,427,5,0,0,2,8,0,42,11,11,20,0.24,0.61,0.85,7.72,2.5,2.5
2026-10-10T09:33:19+00:00,2026-10-10,deadline,6,2026-10-10T10:00:00Z,494,Vicario,TOT,GKP,45,0,0,0.1,0,1152,0,22535,u,Has joined Juventus on loan for the rest of the season,2026-08-19T13:55:33.193962Z,0,0,,,,0.0,0,0,0,0,0,0,0,0,0,0,0,0,0,0.00,0.00,0.00,0.00,0.0,0.0
2026-10-10T09:33:19+00:00,2026-10-10,deadline,6,2026-10-10T10:00:00Z,495,Austin,TOT,GKP,40,0,0,1.0,4147,4023,31798,23708,a,,,,,,,,0.0,0,0,0,0,0,0,0,0,0,0,0,0,0,0.00,0.00,0.00,0.00,0.0,0.0
2026-10-10T09:33:19+00:00,2026-10-10,deadline,6,2026-10-10T10:00:00Z,496,Kinsky,TOT,GKP,45,0,0,15.8,44867,275819,374021,958046,a,,,,,,,,4.5,2,18,450,5,0,0,2,8,12,0,10,0,34,0.00,0.00,0.00,7.78,4.5,4.5
2026-10-10T09:33:19+00:00,2026-10-10,deadline,6,2026-10-10T10:00:00Z,497,Dubravka,TOT,GKP,40,0,0,17.0,82319,108210,452958,500860,a,,,,,,,,0.0,0,0,0,0,0,0,0,0,0,0,0,0,0,0.00,0.00,0.00,0.00,0.0,0.0
2026-10-10T09:33:19+00:00,2026-10-10,deadline,6,2026-10-10T10:00:00Z,498,Senesi,TOT,DEF,58,0,-2,3.3,2122,38552,30266,475015,a,,,,,,,,0.0,0,3,90,1,0,0,0,3,0,16,11,5,2,0.00,0.02,0.02,3.87,0.0,0.0
2026-10-10T09:33:19+00:00,2026-10-10,deadline,6,2026-10-10T10:00:00Z,499,Pedro Porro,TOT,DEF,54,0,-1,6.4,1993,196070,124767,1113818,i,Hamstring injury - Unknown return date,2026-09-19T12:00:08.823872Z,100,0,,1,1,0.5,1,9,198,3,0,0,1,2,0,9,6,3,5,0.37,0.16,0.53,1.68,0.5,0.0
2026-10-10T09:33:19+00:00,2026-10-10,deadline,6,2026-10-10T10:00:00Z,500,Romero,TOT,DEF,50,0,0,0.1,0,407,0,16921,u,Has joined Atletico Madrid permanently,2026-08-17T13:49:05.465401Z,0,0,,,,0.0,0,0,0,0,0,0,0,0,0,0,0,0,0,0.00,0.00,0.00,0.00,0.0,0.0
2026-10-10T09:33:19+00:00,2026-10-10,deadline,6,2026-10-10T10:00:00Z,502,Robertson,TOT,DEF,44,0,-1,2.4,15742,34949,77414,205625,a,,,,,,,6,5.5,4,17,366,4,0,1,1,7,0,20,15,5,15,0.13,0.43,0.56,7.05,5.5,5.5
2026-10-10T09:33:19+00:00,2026-10-10,deadline,6,2026-10-10T10:00:00Z,503,Van de Ven,TOT,DEF,50,0,0,3.7,13704,37673,102160,284914,a,,2026-08-21T15:00:07.610517Z,100,100,,,,3.5,1,16,360,4,0,0,2,5,0,29,24,5,17,0.59,0.05,0.64,3.91,3.5,3.5
2026-10-10T09:33:19+00:00,2026-10-10,deadline,6,2026-10-10T10:00:00Z,505,Spence,TOT,DEF,45,0,0,0.2,0,1720,0,69806,u,Has joined Internazionale permanently,2026-08-18T14:13:08.454214Z,0,0,,,,0.0,0,0,0,0,0,0,0,0,0,0,0,0,0,0.00,0.00,0.00,0.00,0.0,0.0
2026-10-10T09:33:19+00:00,2026-10-10,deadline,6,2026-10-10T10:00:00Z,506,Udogie,TOT,DEF,44,0,-1,0.3,631,2855,5870,23685,a,,2026-09-11T18:00:09.092110Z,100,100,,,,0.0,0,7,86,1,0,0,1,1,0,4,3,1,4,0.00,0.23,0.23,1.17,0.0,0.0
2026-10-10T09:33:19+00:00,2026-10-10,deadline,6,2026-10-10T10:00:00Z,507,Phillips,TOT,DEF,45,0,0,0.0,0,73,0,1288,u,Has joined Middlesbrough permanently,2026-08-18T14:13:08.474144Z,0,0,,,,0.0,0,0,0,0,0,0,0,0,0,0,0,0,0,0.00,0.00,0.00,0.00,0.0,0.0
2026-10-10T09:33:19+00:00,2026-10-10,deadline,6,2026-10-10T10:00:00Z,508,Davies,TOT,DEF,39,-1,-1,1.0,14062,7938,25858,45381,a,,,,,,,,0.0,0,0,0,0,0,0,0,0,0,0,0,0,0,0.00,0.00,0.00,0.00,0.0,0.0
2026-10-10T09:33:19+00:00,2026-10-10,deadline,6,2026-10-10T10:00:00Z,509,Byfield,TOT,DEF,40,0,0,0.1,228,413,2443,2757,a,,,,,,,,0.0,0,0,0,0,0,0,0,0,0,0,0,0,0,0.00,0.00,0.00,0.00,0.0,0.0
2026-10-10T09:33:19+00:00,2026-10-10,deadline,6,2026-10-10T10:00:00Z,510,Rowswell,TOT,DEF,40,0,0,0.1,277,555,3006,3683,a,,,,,,,,0.0,0,0,0,0,0,0,0,0,0,0,0,0,0,0.00,0.00,0.00,0.00,0.0,0.0
2026-10-10T09:33:19+00:00,2026-10-10,deadline,6,2026-10-10T10:00:00Z,511,Souza,TOT,DEF,40,0,0,0.2,0,1658,2555,17644,u,Has joined FC Porto on loan for the rest of the season,2026-09-01T13:24:26.858636Z,0,0,,,,0.0,0,0,0,0,0,0,0,0,0,0,0,0,0,0.00,0.00,0.00,0.00,0.0,0.0
2026-10-10T09:33:19+00:00,2026-10-10,deadline,6,2026-10-10T10:00:00Z,512,Kudus,TOT,MID,65,0,0,0.2,5458,2478,16252,12433,a,,2026-07-23T12:01:23.848657Z,100,100,3,6,7,2.5,4,7,123,0,0,1,0,3,0,14,0,3,11,0.11,0.42,0.53,1.46,2.5,2.5
2026-10-10T09:33:19+00:00,2026-10-10,deadline,6,2026-10-10T10:00:00Z,513,Xavi,TOT,MID,59,0,-1,0.0,91,100,383,1141,i,Knee injury - Unknown return date,2026-07-23T12:01:23.864304Z,0,0,4,2,,0.0,0,0,0,0,0,0,0,0,0,0,0,0,0,0.00,0.00,0.00,0.00,0.0,0.0
2026-10-10T09:33:19+00:00,2026-10-10,deadline,6,2026-10-10T10:00:00Z,514,Tel,TOT,MID,57,-1,-3,0.2,388,3940,9320,48757,a,,,,,,3,3,0.5,0,8,257,3,0,0,1,4,0,13,1,1,11,0.21,0.23,0.44,5.55,0.5,0.5
2026-10-10T09:33:19+00:00,2026-10-10,deadline,6,2026-10-10T10:00:00Z,515,Maddison,TOT,MID,63,0,-2,0.4,1508,3674,6557,97927,a,,2026-08-25T14:30:07.623508Z,100,100,,5,5,1.0,1,3,59,0,0,0,0,2,0,11,3,4,4,0.06,0.04,0.10,1.03,1.0,1.0
2026-10-10T09:33:19+00:00,2026-10-10,deadline,6,2026-10-10T10:00:00Z,516,Bentancur,TOT,MID,55,0,0,0.2,760,1807,5524,9464,a,,,,,,,,3.5,4,15,370,4,0,0,2,6,0,60,22,15,23,0.02,0.12,0.14,5.59,3.5,3.5
2026-10-10T09:33:19+00:00,2026-10-10,deadline,6,2026-10-10T10:00:00Z,517,Odobert,TOT,MID,55,0,0,0.0,57,27,159,122,i,Knee injury - Unknown return date,2026-07-23T12:01:23.879434Z,0,0,,,,0.0,0,0,0,0,0,0,0,0,0,0,0,0,0,0.00,0.00,0.00,0.00,0.0,0.0
2026-10-10T09:33:19+00:00,2026-10-10,deadline,6,2026-10-10T10:00:00Z,518,P.M.Sarr,TOT,MID,49,0,-1,0.1,0,1215,4138,24282,u,Has joined Juventus on loan for the rest of the season,2026-09-02T16:02:43.386849Z,0,0,,,,0.0,0,0,0,0,0,0,0,0,0,0,0,0,0,0.00,0.00,0.00,0.00,0.0,0.0
2026-10-10T09:33:19+00:00,2026-10-10,deadline,6,2026-10-10T10:00:00Z,519,Gallagher,TOT,MID,53,0,-2,0.2,1315,1426,5171,17814,a,,,,,,,,3.0,6,9,134,2,1,0,1,2,0,18,1,8,9,0.37,0.12,0.49,2.65,3.0,3.0
2026-10-10T09:33:19+00:00,2026-10-10,deadline,6,2026-10-10T10:00:00Z,520,Bergvall,TOT,MID,53,-1,-2,0.1,173,1036,1953,9969,a,,,,,,,,1.0,1,3,78,1,0,0,0,2,0,13,1,3,9,0.06,0.27,0.33,2.21,1.0,1.0
2026-10-10T09:33:19+00:00,2026-10-10,deadline,6,2026-10-10T10:00:00Z,521,Kulusevski,TOT,MID,65,0,0,0.0,176,112,482,777,i,Knee injury - Unknown return date,2026-07-23T12:01:23.895175Z,0,0,,,,0.0,0,0,0,0,0,0,0,0,0,0,0,0,0,0.00,0.00,0.00,0.00,0.0,0.0
2026-10-10T09:33:19+00:00,2026-10-10,deadline,6,2026-10-10T10:00:00Z,522,Gray,TOT,MID,49,0,-1,0.2,812,2060,7189,14231,a,,,,,,,,2.5,2,9,307,3,0,0,1,7,0,27,10,5,12,0.23,0.05,0.28,6.11,2.5,2.5
2026-10-10T09:33:19+00:00,2026-10-10,deadline,6,2026-10-10T10:00:00Z,523,Moore,TOT,MID,50,0,0,0.0,0,1107,3258,17592,u,Has joined FC Köln on loan for the rest of the season,2026-09-04T12:39:48.098158Z,0,0,,,,0.0,0,3,89,1,0,0,0,4,0,3,0,1,2,0.40,0.02,0.42,3.26,0.0,0.0
2026-10-10T09:33:19+00:00,2026-10-10,deadline,6,2026-10-10T10:00:00Z,524,Olusesi,TOT,MID,44,0,-1,0.9,6899,11529,56515,53374,a,,,,,,,,0.0,0,0,0,0,0,0,0,0,0,0,0,0,0,0.00,0.00,0.00,0.00,0.0,0.0
2026-10-10T09:33:19+00:00,2026-10-10,deadline,6,2026-10-10T10:00:00Z,525,Fernandes,TOT,MID,57,-1,-3,0.7,899,12208,14880,130295,a,,,,,,,4,2.0,1,7,249,3,0,0,1,4,0,21,2,7,12,0.19,0.28,0.47,4.43,2.0,2.0
2026-10-10T09:33:19+00:00,2026-10-10,deadline,6,2026-10-10T10:00:00Z,526,Solanke,TOT,FWD,58,0,-2,0.8,4426,10375,31973,99426,a,,,,,1,,,2.0,2,7,170,2,0,0,1,1,0,9,2,2,5,0.56,0.01,0.57,2.57,2.0,2.0
2026-10-10T09:33:19+00:00,2026-10-10,deadline,6,2026-10-10T10:00:00Z,527,Richarlison,TOT,FWD,59,0,-1,0.6,0,9834,21439,272317,u,not included in squad.,2026-09-04T12:32:39.183614Z,0,0,,,,0.0,0,2,67,1,0,0,0,3,0,1,1,0,0,0.00,0.00,0.00,3.02,0.0,0.0
2026-10-10T09:33:19+00:00,2026-10-10,deadline,6,2026-10-10T10:00:00Z,528,Scarlett,TOT,FWD,45,0,0,1.0,0,13463,42525,115030,u,Has joined Leyton Orient permanently,2026-09-02T16:02:43.413625Z,0,0,,,,0.0,0,0,0,0,0,0,0,0,0,0,0,0,0,0.00,0.00,0.00,0.00,0.0,0.0
2026-10-10T09:33:19+00:00,2026-10-10,deadline,6,2026-10-10T10:00:00Z,578,Mudryk,TOT,MID,53,-1,-2,0.0,42,852,5462,7900,i,Ankle injury - Unknown return date,2026-09-11T18:00:09.154412Z,0,0,,,,0.0,0,1,16,0,0,0,0,0,0,0,0,0,0,0.00,0.00,0.00,0.16,0.0,0.0
2026-10-10T09:33:19+00:00,2026-10-10,deadline,6,2026-10-10T10:00:00Z,601,Williams-Barnett,TOT,MID,45,0,0,0.1,289,1047,10371,7330,a,,,,,,,,0.0,0,0,0,0,0,0,0,0,0,0,0,0,0,0.00,0.00,0.00,0.00,0.0,0.0
2026-10-10T09:33:19+00:00,2026-10-10,deadline,6,2026-10-10T10:00:00Z,501,Danso,SUN,DEF,50,0,0,0.2,2161,1301,7586,10338,a,,,,,,,,0.5,0,3,270,3,0,0,0,8,0,20,19,1,11,0.07,0.17,0.24,5.91,0.5,0.5
2026-10-10T09:33:19+00:00,2026-10-10,deadline,6,2026-10-10T10:00:00Z,529,Roefs,SUN,GKP,49,0,-1,2.3,3736,27244,23585,193369,a,,,,,,,,1.0,0,11,450,5,0,0,1,10,6,0,7,0,35,0.00,0.01,0.01,8.66,1.0,1.0
2026-10-10T09:33:19+00:00,2026-10-10,deadline,6,2026-10-10T10:00:00Z,530,Patterson,SUN,GKP,40,0,0,0.1,0,597,0,6249,u,Has joined Wrexham permanently,2026-08-12T14:08:03.064533Z,0,0,,,,0.0,0,0,0,0,0,0,0,0,0,0,0,0,0,0.00,0.00,0.00,0.00,0.0,0.0
2026-10-10T09:33:19+00:00,2026-10-10,deadline,6,2026-10-10T10:00:00Z,531,Ellborg,SUN,GKP,44,-1,-1,0.1,269,466,1308,3547,a,,,,,,,,0.0,0,0,0,0,0,0,0,0,0,0,0,0,0,0.00,0.00,0.00,0.00,0.0,0.0
2026-10-10T09:33:19+00:00,2026-10-10,deadline,6,2026-10-10T10:00:00Z,532,Ballard,SUN,DEF,49,0,-1,1.9,3779,77656,45678,378224,i,Hamstring injury - Unknown return date,2026-09-25T21:30:10.370384Z,,0,,,,1.0,2,14,450,5,0,0,1,10,0,49,39,10,12,0.31,0.16,0.47,8.66,1.0,0.0
2026-10-10T09:33:19+00:00,2026-10-10,deadline,6,2026-10-10T10:00:00Z,533,Mukiele,SUN,DEF,54,0,-1,1.9,9924,18072,49255,139177,a,,2026-08-09T08:30:05.954750Z,100,100,,,,0.0,0,13,360,4,0,0,1,8,0,48,35,13,16,0.75,0.28,1.03,6.86,0.0,0.0
2026-10-10T09:33:19+00:00,2026-10-10,deadline,6,2026-10-10T10:00:00Z,534,Hume,SUN,DEF,43,-1,-2,2.4,2264,72296,38890,439971,a,,,,,,,3,0.5,1,10,206,2,0,0,1,2,0,13,3,10,12,0.14,0.29,0.43,4.57,0.5,0.5
2026-10-10T09:33:19+00:00,2026-10-10,deadline,6,2026-10-10T10:00:00Z,535,Alderete,SUN,DEF,48,-1,-2,0.2,584,2194,5338,28470,a,,2026-08-09T08:30:05.962393Z,100,100,,,,0.0,0,1,23,0,0,0,0,1,0,0,0,0,2,0.00,0.01,0.01,0.10,0.0,0.0
2026-10-10T09:33:19+00:00,2026-10-10,deadline,6,2026-10-10T10:00:00Z,536,Reinildo,SUN,DEF,44,-1,-1,0.2,549,2941,4412,25741,a,,2026-09-12T21:30:09.421687Z,0,100,,,,-1.0,0,7,360,4,0,0,1,5,0,29,21,8,18,0.00,0.32,0.32,5.05,0.0,-1.0
2026-10-10T09:33:19+00:00,2026-10-10,deadline,6,2026-10-10T10:00:00Z,537,Seelt,SUN,DEF,45,0,0,0.0,0,38,61,680,u,Has joined Swansea City on loan for the rest of the season,2026-08-29T00:34:52.425076Z,0,0,,,,0.0,0,0,0,0,0,0,0,0,0,0,0,0,0,0.00,0.00,0.00,0.00,0.0,0.0
2026-10-10T09:33:19+00:00,2026-10-10,deadline,6,2026-10-10T10:00:00Z,538,Hjelde,SUN,DEF,40,0,0,0.0,0,262,0,2633,u,Has joined KV Mechelen on loan for the rest of the season,2026-08-12T14:08:03.081789Z,0,0,,,,0.0,0,0,0,0,0,0,0,0,0,0,0,0,0,0.00,0.00,0.00,0.00,0.0,0.0
2026-10-10T09:33:19+00:00,2026-10-10,deadline,6,2026-10-10T10:00:00Z,539,O'Nien,SUN,DEF,39,-1,-1,2.6,32201,26435,46944,136335,a,,,,,,,,0.0,0,1,66,1,0,0,0,1,0,5,4,1,4,0.01,0.01,0.02,1.69,0.0,0.0
2026-10-10T09:33:19+00:00,2026-10-10,deadline,6,2026-10-10T10:00:00Z,540,Masuaku,SUN,DEF,40,0,0,0.1,0,986,0,11919,u,Has joined Konyaspor permanently,2026-08-12T14:08:03.097784Z,0,0,,,,0.0,0,0,0,0,0,0,0,0,0,0,0,0,0,0.00,0.00,0.00,0.00,0.0,0.0
2026-10-10T09:33:19+00:00,2026-10-10,deadline,6,2026-10-10T10:00:00Z,541,Meunier,SUN,DEF,45,0,0,0.3,3713,2104,9114,10856,a,,2026-08-16T08:30:07.830062Z,100,100,,,,2.5,3,14,396,5,0,1,1,8,0,20,16,4,15,0.34,0.58,0.92,5.94,2.5,2.5
2026-10-10T09:33:19+00:00,2026-10-10,deadline,6,2026-10-10T10:00:00Z,542,E.Le Fée,SUN,MID,57,-1,-3,3.2,25423,57096,58995,683671,a,,,,,2,3,1,2.5,5,18,438,5,1,1,1,9,0,21,3,7,11,2.06,1.34,3.40,8.46,2.5,2.5
2026-10-10T09:33:19+00:00,2026-10-10,deadline,6,2026-10-10T10:00:00Z,543,Diarra,SUN,MID,53,-1,-2,0.0,25,393,563,6076,i,Hamstring injury - Expected back 18 Oct,2026-08-30T16:30:08.428960Z,0,0,1,,,0.0,0,5,28,0,0,1,0,1,0,0,0,0,0,0.03,0.16,0.19,0.12,0.0,0.0
2026-10-10T09:33:19+00:00,2026-10-10,deadline,6,2026-10-10T10:00:00Z,544,Xhaka,SUN,MID,55,0,0,3.4,11241,45745,135773,230834,a,,,,,,2,2,1.5,2,21,450,5,0,1,1,10,0,54,12,9,33,0.06,1.32,1.38,8.66,1.5,1.5
2026-10-10T09:33:19+00:00,2026-10-10,deadline,6,2026-10-10T10:00:00Z,545,Sadiki,SUN,MID,49,0,-1,0.2,756,2764,6069,19789,a,,,,,,,,2.0,2,10,410,5,0,0,1,9,0,29,11,6,12,0.44,0.24,0.68,6.47,2.0,2.0
2026-10-10T09:33:19+00:00,2026-10-10,deadline,6,2026-10-10T10:00:00Z,546,Adingra,SUN,MID,49,0,-1,0.0,0,390,240,7618,u,Has joined Ajax on loan for the rest of the season,2026-08-20T14:00:08.416985Z,0,0,,,,0.0,0,0,0,0,0,0,0,0,0,0,0,0,0,0.00,0.00,0.00,0.00,0.0,0.0
2026-10-10T09:33:19+00:00,2026-10-10,deadline,6,2026-10-10T10:00:00Z,547,Mundle,SUN,MID,48,-1,-2,0.0,16,85,207,703,i,Knee injury - Unknown return date,2026-09-09T14:00:08.462705Z,0,0,,,,0.0,0,1,1,0,0,0,0,0,0,1,1,0,0,0.17,0.00,0.17,0.09,0.0,0.0
2026-10-10T09:33:19+00:00,2026-10-10,deadline,6,2026-10-10T10:00:00Z,548,Rigg,SUN,MID,49,0,-1,0.0,59,426,496,3046,a,,,,,,,,0.0,0,2,17,0,0,0,0,1,0,1,0,0,1,0.00,0.00,0.00,0.44,0.0,0.0
2026-10-10T09:33:19+00:00,2026-10-10,deadline,6,2026-10-10T10:00:00Z,549,Talbi,SUN,MID,53,0,-2,0.1,173,1017,1406,12237,a,,,,,,,,0.0,0,1,31,0,0,0,0,1,0,2,0,0,2,0.00,0.00,0.00,0.14,0.0,0.0
2026-10-10T09:33:19+00:00,2026-10-10,deadline,6,2026-10-10T10:00:00Z,550,Jocelin.T,SUN,MID,49,-1,-1,0.0,72,86,346,467,a,,,,,,,,0.0,0,0,0,0,0,0,0,0,0,0,0,0,0,0.00,0.00,0.00,0.00,0.0,0.0
2026-10-10T09:33:19+00:00,2026-10-10,deadline,6,2026-10-10T10:00:00Z,551,N.Angulo,SUN,MID,50,0,0,0.1,983,1388,13262,11176,a,,,,,,1,,3.0,4,16,313,5,1,1,1,7,0,24,5,5,14,0.60,0.13,0.73,4.56,3.0,3.0
2026-10-10T09:33:19+00:00,2026-10-10,deadline,6,2026-10-10T10:00:00Z,552,Brobbey,SUN,FWD,57,-1,-3,5.8,205186,165768,296644,1051940,i,Hamstring injury - Expected back 25 Oct,2026-09-24T21:30:10.382142Z,,0,,,,9.0,17,24,399,5,3,0,1,9,0,11,1,0,10,2.94,0.11,3.05,8.18,9.0,0.0
2026-10-10T09:33:19+00:00,2026-10-10,deadline,6,2026-10-10T10:00:00Z,553,Isidor,SUN,FWD,55,0,0,1.3,12434,19250,104736,94404,a,,,,,,,,1.0,1,15,117,0,1,1,0,3,0,5,0,2,3,1.49,0.01,1.50,3.78,1.0,1.0
2026-10-10T09:33:19+00:00,2026-10-10,deadline,6,2026-10-10T10:00:00Z,612,Methalie,SUN,DEF,45,0,0,0.0,177,101,966,527,a,,2026-08-28T13:00:08.950445Z,100,100,,,,-0.5,-1,-1,90,1,0,0,0,5,0,3,2,1,4,0.03,0.01,0.04,2.82,-0.5,-0.5
2026-10-10T09:33:19+00:00,2026-10-10,deadline,6,2026-10-10T10:00:00Z,613,Ahoka,SUN,MID,45,0,0,0.2,952,2386,25747,15084,a,,,,,,,,0.0,0,0,0,0,0,0,0,0,0,0,0,0,0,0.00,0.00,0.00,0.00,0.0,0.0
2026-10-10T09:33:19+00:00,2026-10-10,deadline,6,2026-10-10T10:00:00Z,646,Fofana,SUN,MID,55,0,0,0.0,515,491,4251,1919,a,,,,,,,,1.0,1,3,60,0,0,0,0,2,0,3,0,1,2,0.39,0.01,0.40,3.25,1.0,1.0
2026-10-10T09:33:19+00:00,2026-10-10,deadline,6,2026-10-10T10:00:00Z,651,J.Angulo,SUN,FWD,45,0,0,0.8,16817,11471,98685,34486,a,,,,,,,,0.0,0,0,0,0,0,0,0,0,0,0,0,0,0,0.00,0.00,0.00,0.00,0.0,0.0
