snapshot_utc,snapshot_date,snapshot_kind,event,deadline_time,id,web_name,team,position,now_cost,cost_change_event,cost_change_start,selected_by_percent,transfers_in_event,transfers_out_event,transfers_in,transfers_out,status,news,news_added,chance_of_playing_this_round,chance_of_playing_next_round,penalties_order,direct_freekicks_order,corners_and_indirect_freekicks_order,form,event_points,total_points,minutes,starts,goals_scored,assists,clean_sheets,goals_conceded,saves,defensive_contribution,clearances_blocks_interceptions,tackles,recoveries,expected_goals,expected_assists,expected_goal_involvements,expected_goals_conceded,ep_this,ep_next
2026-09-23T00:51:28+00:00,2026-09-22,daily,6,2026-10-10T10:00:00Z,1,Raya,ARS,GKP,61,1,1,42.2,104897,34339,945296,626743,a,,,,,,,,6.0,1,30,450,5,0,0,3,4,9,0,6,1,58,0.00,0.01,0.01,4.03,6.0,6.0
2026-09-23T00:51:28+00:00,2026-09-22,daily,6,2026-10-10T10:00:00Z,2,Arrizabalaga,ARS,GKP,49,0,-1,0.1,79,180,1456,4193,a,,,,,,,,0.0,0,0,0,0,0,0,0,0,0,0,0,0,0,0.00,0.00,0.00,0.00,0.0,0.0
2026-09-23T00:51:28+00:00,2026-09-22,daily,6,2026-10-10T10:00:00Z,3,Meslier,ARS,GKP,49,0,-1,0.0,36,89,503,1549,a,,,,,,,,0.0,0,0,0,0,0,0,0,0,0,0,0,0,0,0.00,0.00,0.00,0.00,0.0,0.0
2026-09-23T00:51:28+00:00,2026-09-22,daily,6,2026-10-10T10:00:00Z,4,Gabriel,ARS,DEF,80,0,0,22.8,17650,53109,227893,896000,a,,,,,,,,5.0,1,25,450,5,0,0,3,4,0,41,35,6,17,0.51,0.20,0.71,4.03,5.0,5.0
2026-09-23T00:51:28+00:00,2026-09-22,daily,6,2026-10-10T10:00:00Z,5,J.Timber,ARS,DEF,65,0,0,0.4,9193,2909,30849,13662,a,,2026-07-23T12:01:23.272929Z,100,100,,,,0.2,0,1,104,1,0,0,0,3,0,5,2,3,7,0.00,0.03,0.03,2.18,0.2,0.2
2026-09-23T00:51:28+00:00,2026-09-22,daily,6,2026-10-10T10:00:00Z,6,Saliba,ARS,DEF,59,0,-1,0.2,282,836,3364,18389,i,Back injury - Unknown return date,2026-07-23T12:01:23.289376Z,0,0,,,,0.0,0,0,0,0,0,0,0,0,0,0,0,0,0,0.00,0.00,0.00,0.00,0.0,0.0
2026-09-23T00:51:28+00:00,2026-09-22,daily,6,2026-10-10T10:00:00Z,7,Lewis-Skelly,ARS,MID,54,-1,-1,0.6,666,4130,29343,48934,a,,,,,,,,1.5,0,9,271,4,0,0,2,1,0,14,5,1,8,0.16,0.23,0.39,1.02,1.5,1.5
2026-09-23T00:51:28+00:00,2026-09-22,daily,6,2026-10-10T10:00:00Z,8,Calafiori,ARS,DEF,58,0,3,50.6,58027,49082,1638035,387589,a,,,,,,,,5.0,1,29,416,5,0,2,3,4,0,18,12,6,13,0.67,0.62,1.29,3.76,5.0,5.0
2026-09-23T00:51:28+00:00,2026-09-22,daily,6,2026-10-10T10:00:00Z,9,Hincapie,ARS,DEF,52,-1,-3,0.9,1059,4680,15878,116391,a,,,,,,,,0.2,0,2,32,0,0,0,0,0,0,3,2,1,0,0.00,0.00,0.00,0.28,0.2,0.2
2026-09-23T00:51:28+00:00,2026-09-22,daily,6,2026-10-10T10:00:00Z,10,White,ARS,DEF,55,0,0,5.1,3116,53480,455874,552261,d,Groin injury - 75% chance of playing,2026-09-20T19:30:08.247780Z,100,75,,,,2.5,0,21,315,4,0,1,2,1,0,18,12,6,9,0.18,0.29,0.47,1.15,2.5,1.9
2026-09-23T00:51:28+00:00,2026-09-22,daily,6,2026-10-10T10:00:00Z,11,Mosquera,ARS,DEF,53,0,-2,1.7,884,7322,31049,466051,a,,2026-09-04T14:00:08.080310Z,100,100,,,,1.5,0,12,168,2,0,0,2,0,0,10,10,0,3,0.00,0.01,0.01,0.53,1.5,1.5
2026-09-23T00:51:28+00:00,2026-09-22,daily,6,2026-10-10T10:00:00Z,12,Saka,ARS,MID,95,0,0,13.5,77183,36072,756805,385923,a,,,,,1,2,2,5.8,2,32,416,5,3,0,3,4,0,31,8,6,17,3.22,0.98,4.20,3.58,5.8,5.8
2026-09-23T00:51:28+00:00,2026-09-22,daily,6,2026-10-10T10:00:00Z,13,Rice,ARS,MID,74,0,-1,11.9,6967,54948,118813,697622,d,Unspecified injury - 75% chance of playing,2026-09-21T13:00:08.896379Z,,75,,1,1,4.2,1,20,411,5,0,2,3,4,0,42,18,7,17,0.12,0.69,0.81,3.50,4.2,3.2
2026-09-23T00:51:28+00:00,2026-09-22,daily,6,2026-10-10T10:00:00Z,14,Eze,ARS,MID,63,0,-2,1.0,1574,5277,22493,138121,a,,,,,,3,,0.8,1,4,85,0,0,0,0,0,0,5,0,0,5,0.04,0.09,0.13,1.33,0.8,0.8
2026-09-23T00:51:28+00:00,2026-09-22,daily,6,2026-10-10T10:00:00Z,15,Ødegaard,ARS,MID,68,0,3,19.8,57942,71319,1613662,530768,a,,,,,3,4,,4.5,2,29,377,5,2,0,3,4,0,23,5,6,12,1.08,1.32,2.40,3.23,4.5,4.5
2026-09-23T00:51:28+00:00,2026-09-22,daily,6,2026-10-10T10:00:00Z,16,Madueke,ARS,MID,62,0,-3,0.2,555,1249,5835,25669,a,,,,,,,5,0.2,0,2,23,0,0,0,0,0,0,3,0,1,2,0.00,0.05,0.05,0.15,0.2,0.2
2026-09-23T00:51:28+00:00,2026-09-22,daily,6,2026-10-10T10:00:00Z,17,Merino,ARS,MID,58,0,-2,0.4,500,2315,9237,47605,a,,,,,,,,0.8,1,4,81,0,0,0,0,0,0,10,1,0,9,0.14,0.15,0.29,0.96,0.8,0.8
2026-09-23T00:51:28+00:00,2026-09-22,daily,6,2026-10-10T10:00:00Z,18,Martinelli,ARS,MID,63,0,-2,0.1,0,410,2483,21711,u,Has joined Al Hilal permanently,2026-09-04T12:34:46.738449Z,0,0,,,,0.0,0,0,0,0,0,0,0,0,0,0,0,0,0,0.00,0.00,0.00,0.00,0.0,0.0
2026-09-23T00:51:28+00:00,2026-09-22,daily,6,2026-10-10T10:00:00Z,19,Zubimendi,ARS,MID,53,0,-2,0.6,371,2941,8386,65884,a,,,,,,,,1.0,1,5,89,0,0,0,0,0,0,12,5,4,3,0.21,0.04,0.25,1.38,1.0,1.0
2026-09-23T00:51:28+00:00,2026-09-22,daily,6,2026-10-10T10:00:00Z,20,Dowman,ARS,MID,53,0,-2,0.1,344,438,2932,7157,a,,,,,,,,0.2,1,1,9,0,0,0,0,0,0,0,0,0,0,0.00,0.08,0.08,0.31,0.2,0.2
2026-09-23T00:51:28+00:00,2026-09-22,daily,6,2026-10-10T10:00:00Z,22,Nwaneri,ARS,MID,54,0,-1,0.0,0,41,233,1241,u,Has joined Borussia Dortmund on loan for the rest of the season,2026-09-02T16:01:07.058827Z,0,0,,,,0.0,0,0,0,0,0,0,0,0,0,0,0,0,0,0.00,0.00,0.00,0.00,0.0,0.0
2026-09-23T00:51:28+00:00,2026-09-22,daily,6,2026-10-10T10:00:00Z,23,Fábio Vieira,ARS,MID,55,0,0,0.0,0,30,255,909,u,Has joined Hamburger SV permanently,2026-09-02T16:00:28.446370Z,0,0,,,,0.0,0,0,0,0,0,0,0,0,0,0,0,0,0,0.00,0.00,0.00,0.00,0.0,0.0
2026-09-23T00:51:28+00:00,2026-09-22,daily,6,2026-10-10T10:00:00Z,24,Nelson,ARS,MID,55,0,0,0.0,0,15,68,669,u,has departed the club as a free agent.,2026-08-29T00:33:08.556767Z,0,0,,,,0.0,0,0,0,0,0,0,0,0,0,0,0,0,0,0.00,0.00,0.00,0.00,0.0,0.0
2026-09-23T00:51:28+00:00,2026-09-22,daily,6,2026-10-10T10:00:00Z,25,Gyökeres,ARS,FWD,71,-1,-4,3.1,4337,12877,32560,607201,a,,,,,2,,,0.5,1,2,29,0,0,0,0,0,0,1,0,0,1,0.00,0.23,0.23,0.65,0.5,0.5
2026-09-23T00:51:28+00:00,2026-09-22,daily,6,2026-10-10T10:00:00Z,26,Havertz,ARS,FWD,76,0,1,8.5,44972,36644,648205,397116,a,,,,,,,,3.2,2,19,437,5,2,0,3,4,0,13,6,0,7,1.67,0.37,2.04,3.91,3.2,3.2
2026-09-23T00:51:28+00:00,2026-09-22,daily,6,2026-10-10T10:00:00Z,27,G.Jesus,ARS,FWD,59,0,-1,0.1,0,718,4164,28993,u,Has joined FC Barcelona permanently,2026-09-02T16:00:28.475184Z,0,0,,,,0.0,0,0,0,0,0,0,0,0,0,0,0,0,0,0.00,0.00,0.00,0.00,0.0,0.0
2026-09-23T00:51:28+00:00,2026-09-22,daily,6,2026-10-10T10:00:00Z,31,Konsa,ARS,DEF,46,1,1,19.4,73109,34608,1446416,625716,a,,,,,,,,3.0,1,12,281,3,0,0,1,4,0,23,18,5,9,0.23,0.02,0.25,3.50,3.0,3.0
2026-09-23T00:51:28+00:00,2026-09-22,daily,6,2026-10-10T10:00:00Z,452,Bruno G.,ARS,MID,67,0,-3,1.8,3938,5908,28884,242981,a,,2026-09-04T14:00:08.328779Z,100,100,4,,4,2.2,1,9,123,1,1,0,0,3,0,12,3,1,8,0.09,0.16,0.25,2.18,2.2,2.2
2026-09-23T00:51:28+00:00,2026-09-22,daily,6,2026-10-10T10:00:00Z,557,Tzolis,ARS,MID,63,-1,-2,12.3,9067,121500,459434,1584708,a,,,,,,,3,2.5,2,16,362,5,0,2,2,4,0,23,7,4,12,0.19,0.55,0.74,2.73,2.5,2.5
2026-09-23T00:51:28+00:00,2026-09-22,daily,6,2026-10-10T10:00:00Z,29,M.Bizot,AVL,GKP,45,0,0,0.1,43,803,4637,7179,i,Back injury - Expected back 10 Oct,2026-09-17T07:30:09.058151Z,0,0,,,,0.0,0,1,90,1,0,0,0,4,3,0,2,0,6,0.00,0.00,0.00,3.77,0.0,0.0
2026-09-23T00:51:28+00:00,2026-09-22,daily,6,2026-10-10T10:00:00Z,30,Digne,AVL,DEF,45,0,0,0.0,0,168,0,8579,u,Has joined Paris Saint-Germain permanently,2026-08-10T14:03:30.089007Z,0,0,,,,0.0,0,0,0,0,0,0,0,0,0,0,0,0,0,0.00,0.00,0.00,0.00,0.0,0.0
2026-09-23T00:51:28+00:00,2026-09-22,daily,6,2026-10-10T10:00:00Z,32,Cash,AVL,DEF,44,0,-1,4.9,2088,20557,94739,414546,a,,2026-09-09T14:30:08.192142Z,100,100,,,1,1.8,-1,6,296,3,0,0,1,7,0,17,11,6,2,0.15,0.04,0.19,5.95,1.8,1.8
2026-09-23T00:51:28+00:00,2026-09-22,daily,6,2026-10-10T10:00:00Z,33,Mings,AVL,DEF,45,0,0,0.4,1291,1057,16011,17081,a,,,,,,,,2.2,3,10,261,2,0,0,1,4,0,24,20,4,7,0.20,0.02,0.22,4.43,2.2,2.2
2026-09-23T00:51:28+00:00,2026-09-22,daily,6,2026-10-10T10:00:00Z,34,Pau,AVL,DEF,45,0,0,0.3,27,2546,11220,26904,i,Hamstring injury - Expected back 10 Oct,2026-09-12T18:00:08.712707Z,0,0,,,,0.8,0,3,187,3,0,0,0,5,0,9,8,1,9,0.00,0.01,0.01,4.79,0.0,0.0
2026-09-23T00:51:28+00:00,2026-09-22,daily,6,2026-10-10T10:00:00Z,35,Bogarde,AVL,MID,49,-1,-1,0.1,139,357,2880,4685,a,,,,,,,,0.0,0,1,16,0,0,0,0,0,0,1,1,0,0,0.00,0.00,0.00,0.22,0.0,0.0
2026-09-23T00:51:28+00:00,2026-09-22,daily,6,2026-10-10T10:00:00Z,36,Maatsen,AVL,DEF,44,-1,-1,0.5,42,5059,31884,60797,i,Ankle injury - Unknown return date,2026-09-12T18:00:08.729468Z,0,0,,,,2.2,0,9,335,4,0,0,1,7,0,24,17,7,10,0.28,0.45,0.73,6.54,0.0,0.0
2026-09-23T00:51:28+00:00,2026-09-22,daily,6,2026-10-10T10:00:00Z,37,Lindelöf,AVL,DEF,45,0,0,0.3,743,981,14343,14004,a,,,,,,,,2.5,1,8,450,5,0,0,1,9,0,22,21,1,7,0.44,0.17,0.61,9.22,2.5,2.5
2026-09-23T00:51:28+00:00,2026-09-22,daily,6,2026-10-10T10:00:00Z,38,A.García,AVL,DEF,40,0,0,1.5,1417,4800,44863,66700,a,,,,,,,,0.0,0,0,0,0,0,0,0,0,0,0,0,0,0,0.00,0.00,0.00,0.00,0.0,0.0
2026-09-23T00:51:28+00:00,2026-09-22,daily,6,2026-10-10T10:00:00Z,39,Nedeljkovic,AVL,DEF,40,0,0,0.1,0,416,0,15101,u,Has joined Rangers on loan for the rest of the season,2026-08-19T13:56:46.385411Z,0,0,,,,0.0,0,0,0,0,0,0,0,0,0,0,0,0,0,0.00,0.00,0.00,0.00,0.0,0.0
2026-09-23T00:51:28+00:00,2026-09-22,daily,6,2026-10-10T10:00:00Z,41,Buendía,AVL,MID,59,0,-1,1.0,9356,3054,57340,94199,a,,,,,1,1,3,4.8,12,21,401,5,1,0,1,8,0,34,5,9,20,0.92,0.24,1.16,7.86,4.8,4.8
2026-09-23T00:51:28+00:00,2026-09-22,daily,6,2026-10-10T10:00:00Z,44,Bailey,AVL,MID,54,0,-1,0.1,0,381,2096,13112,u,Has joined Olympiakos permanently,2026-09-04T12:35:14.472260Z,0,0,,,,0.0,0,0,0,0,0,0,0,0,0,0,0,0,0,0.00,0.00,0.00,0.00,0.0,0.0
2026-09-23T00:51:28+00:00,2026-09-22,daily,6,2026-10-10T10:00:00Z,45,McGinn,AVL,MID,54,0,-1,2.2,5218,6558,69049,153520,a,,,,,,,2,4.0,6,17,434,5,0,2,2,7,0,30,8,5,17,0.77,0.24,1.01,8.29,4.0,4.0
2026-09-23T00:51:28+00:00,2026-09-22,daily,6,2026-10-10T10:00:00Z,46,Barkley,AVL,MID,50,0,0,0.3,433,1421,15990,15898,a,,,,,,,4,2.0,1,10,308,4,0,0,1,8,0,28,5,7,16,0.38,0.14,0.52,7.36,2.0,2.0
2026-09-23T00:51:28+00:00,2026-09-22,daily,6,2026-10-10T10:00:00Z,47,Kamara,AVL,MID,50,0,0,0.3,991,1226,14200,21174,a,,2026-07-23T12:01:23.337269Z,100,100,,,,3.2,6,15,443,5,0,1,2,7,0,36,11,9,16,0.12,0.16,0.28,8.44,3.2,3.2
2026-09-23T00:51:28+00:00,2026-09-22,daily,6,2026-10-10T10:00:00Z,48,Onana,AVL,MID,49,0,-1,0.0,28,73,499,1643,i,Knee injury - Unknown return date,2026-07-23T12:01:23.352497Z,0,0,,,,0.0,0,0,0,0,0,0,0,0,0,0,0,0,0,0.00,0.00,0.00,0.00,0.0,0.0
2026-09-23T00:51:28+00:00,2026-09-22,daily,6,2026-10-10T10:00:00Z,49,Iling Jr,AVL,MID,50,0,0,0.0,0,8,0,233,u,Has joined Bolton Wanderers on loan for the rest of the season,2026-08-17T13:52:28.532616Z,0,0,,,,0.0,0,0,0,0,0,0,0,0,0,0,0,0,0,0.00,0.00,0.00,0.00,0.0,0.0
2026-09-23T00:51:28+00:00,2026-09-22,daily,6,2026-10-10T10:00:00Z,50,Burrowes,AVL,MID,45,0,0,0.6,486,2699,21311,34423,a,,,,,,,,0.0,0,0,0,0,0,0,0,0,0,0,0,0,0,0.00,0.00,0.00,0.00,0.0,0.0
2026-09-23T00:51:28+00:00,2026-09-22,daily,6,2026-10-10T10:00:00Z,51,George Hemmings,AVL,MID,45,0,0,1.2,2513,7971,115196,67904,a,,,,,,,,1.8,1,9,297,4,0,0,1,7,0,19,3,6,10,0.07,0.16,0.23,6.26,1.8,1.8
2026-09-23T00:51:28+00:00,2026-09-22,daily,6,2026-10-10T10:00:00Z,52,Alysson,AVL,MID,50,0,0,0.0,59,631,3345,3494,d,Unspecified injury - 75% chance of playing,2026-09-19T11:30:09.355376Z,,75,,,,1.8,0,8,87,0,1,0,0,2,0,8,2,2,4,0.06,0.00,0.06,2.40,1.8,1.4
2026-09-23T00:51:28+00:00,2026-09-22,daily,6,2026-10-10T10:00:00Z,53,Manzambi,AVL,MID,59,0,-1,0.3,23637,2058,26623,18677,a,,2026-08-15T15:30:06.388335Z,100,100,,,,3.5,13,14,98,1,1,1,1,1,0,9,2,2,5,0.44,0.24,0.68,1.54,3.5,3.5
2026-09-23T00:51:28+00:00,2026-09-22,daily,6,2026-10-10T10:00:00Z,54,Gomes,AVL,MID,55,0,0,0.0,338,131,1177,4040,a,,2026-09-16T19:30:08.742410Z,100,100,,,,1.0,4,2,129,2,0,0,0,6,0,20,6,9,5,0.00,0.03,0.03,4.14,1.0,1.0
2026-09-23T00:51:28+00:00,2026-09-22,daily,6,2026-10-10T10:00:00Z,55,Watkins,AVL,FWD,78,0,-2,2.5,0,9156,14882,756537,u,Has joined Al Hilal permanently,2026-09-01T13:15:16.698799Z,0,0,,,,0.0,0,0,0,0,0,0,0,0,0,0,0,0,0,0.00,0.00,0.00,0.00,0.0,0.0
2026-09-23T00:51:28+00:00,2026-09-22,daily,6,2026-10-10T10:00:00Z,56,Abraham,AVL,FWD,55,0,0,0.2,1229,1322,15277,12498,a,,2026-08-15T16:00:07.558543Z,100,100,,,,1.0,1,4,71,0,0,0,0,3,0,2,0,1,1,0.00,0.00,0.00,2.69,1.0,1.0
2026-09-23T00:51:28+00:00,2026-09-22,daily,6,2026-10-10T10:00:00Z,160,Garnacho,AVL,MID,58,0,-2,0.3,383,2222,7331,40675,a,,,,,,,,0.5,0,3,31,0,0,0,0,0,0,2,0,0,2,0.00,0.00,0.00,0.49,0.5,0.5
2026-09-23T00:51:28+00:00,2026-09-22,daily,6,2026-10-10T10:00:00Z,166,N.Jackson,AVL,FWD,65,0,0,1.4,26918,5820,172180,82760,a,,,,,2,,,2.0,6,10,286,4,1,0,1,2,0,9,1,0,8,0.68,0.60,1.28,2.75,2.0,2.0
2026-09-23T00:51:28+00:00,2026-09-22,daily,6,2026-10-10T10:00:00Z,582,Madjo,AVL,FWD,54,0,-1,0.2,142,1471,2827,30242,i,Unspecified injury - Unknown return date,2026-08-15T16:00:07.974271Z,0,0,,,,0.0,0,0,0,0,0,0,0,0,0,0,0,0,0,0.00,0.00,0.00,0.00,0.0,0.0
2026-09-23T00:51:28+00:00,2026-09-22,daily,6,2026-10-10T10:00:00Z,596,Ruggeri,AVL,DEF,45,0,0,0.1,405,253,3048,5517,a,,,,,,,,1.0,3,5,113,1,0,0,0,2,0,16,14,2,11,0.03,0.02,0.05,2.05,1.0,1.0
2026-09-23T00:51:28+00:00,2026-09-22,daily,6,2026-10-10T10:00:00Z,597,Suzuki,AVL,GKP,50,0,0,1.9,10968,4926,148532,60785,a,,,,,,,,4.0,2,16,360,4,0,0,1,5,15,0,8,0,43,0.00,0.01,0.01,5.45,4.0,4.0
2026-09-23T00:51:28+00:00,2026-09-22,daily,6,2026-10-10T10:00:00Z,606,Rowe,AVL,DEF,40,0,0,0.2,235,717,12931,5972,a,,,,,,,,0.0,0,0,0,0,0,0,0,0,0,0,0,0,0,0.00,0.00,0.00,0.00,0.0,0.0
2026-09-23T00:51:28+00:00,2026-09-22,daily,6,2026-10-10T10:00:00Z,607,Lynch,AVL,MID,45,0,0,0.1,0,550,7103,7994,u,Has joined Oxford United on loan until January,2026-09-04T12:35:39.820426Z,0,0,,,,0.0,0,0,0,0,0,0,0,0,0,0,0,0,0,0.00,0.00,0.00,0.00,0.0,0.0
2026-09-23T00:51:28+00:00,2026-09-22,daily,6,2026-10-10T10:00:00Z,611,Wan-Bissaka,AVL,DEF,45,0,0,0.2,1129,1121,17982,7454,a,,,,,,,,1.5,1,6,152,2,0,0,0,2,0,21,12,9,1,0.00,0.07,0.07,3.27,1.5,1.5
2026-09-23T00:51:28+00:00,2026-09-22,daily,6,2026-10-10T10:00:00Z,618,Goretzka,AVL,MID,59,0,-1,0.0,13,344,4622,4658,i,Knee injury - Expected back 10 Oct,2026-09-09T09:30:08.229436Z,0,0,,,,0.0,0,0,0,0,0,0,0,0,0,0,0,0,0,0.00,0.00,0.00,0.00,0.0,0.0
2026-09-23T00:51:28+00:00,2026-09-22,daily,6,2026-10-10T10:00:00Z,630,Harwood-Bellis,AVL,DEF,45,0,0,0.0,132,133,2109,939,a,,,,,,,,0.0,0,0,0,0,0,0,0,0,0,0,0,0,0,0.00,0.00,0.00,0.00,0.0,0.0
2026-09-23T00:51:28+00:00,2026-09-22,daily,6,2026-10-10T10:00:00Z,631,Mbaye,AVL,MID,60,0,0,0.1,697,942,10205,4623,a,,,,,,,,0.7,1,2,33,0,0,0,0,3,0,2,0,1,1,0.02,0.13,0.15,1.64,0.7,0.7
2026-09-23T00:51:28+00:00,2026-09-22,daily,6,2026-10-10T10:00:00Z,667,Wright,AVL,GKP,40,0,0,0.1,5099,454,5099,454,a,,,,,,,,0.0,0,0,0,0,0,0,0,0,0,0,0,0,0,0.00,0.00,0.00,0.00,1.0,1.0
2026-09-23T00:51:28+00:00,2026-09-22,daily,6,2026-10-10T10:00:00Z,57,Petrović,BOU,GKP,45,0,0,3.0,4509,8358,110492,121029,a,,,,,,,,1.8,2,9,450,5,0,0,0,8,11,0,6,0,43,0.00,0.00,0.00,6.95,1.8,1.8
2026-09-23T00:51:28+00:00,2026-09-22,daily,6,2026-10-10T10:00:00Z,58,Forster,BOU,GKP,40,0,0,3.5,6520,5387,115714,77208,a,,,,,,,,0.0,0,0,0,0,0,0,0,0,0,0,0,0,0,0.00,0.00,0.00,0.00,0.0,0.0
2026-09-23T00:51:28+00:00,2026-09-22,daily,6,2026-10-10T10:00:00Z,59,Dennis,BOU,GKP,40,0,0,0.1,0,438,1133,7406,u,Has joined MK Dons permanently,2026-08-27T14:53:48.692835Z,0,0,,,,0.0,0,0,0,0,0,0,0,0,0,0,0,0,0,0.00,0.00,0.00,0.00,0.0,0.0
2026-09-23T00:51:28+00:00,2026-09-22,daily,6,2026-10-10T10:00:00Z,60,Hill,BOU,DEF,55,0,0,0.8,2386,2331,30127,42925,a,,,,,,,,2.8,4,12,450,5,0,0,0,8,0,50,41,9,11,0.00,0.79,0.79,6.95,2.8,2.8
2026-09-23T00:51:28+00:00,2026-09-22,daily,6,2026-10-10T10:00:00Z,61,Truffert,BOU,DEF,54,-1,-1,3.0,3526,9573,55395,157856,a,,,,,,,,2.2,2,10,450,5,0,0,0,8,0,45,28,17,24,0.11,0.29,0.40,6.95,2.2,2.2
2026-09-23T00:51:28+00:00,2026-09-22,daily,6,2026-10-10T10:00:00Z,62,Diakité,BOU,DEF,49,-1,-1,0.2,388,767,7046,11832,a,,,,,,,,0.0,0,0,0,0,0,0,0,0,0,0,0,0,0,0.00,0.00,0.00,0.00,0.0,0.0
2026-09-23T00:51:28+00:00,2026-09-22,daily,6,2026-10-10T10:00:00Z,63,Milosavljević,BOU,DEF,49,0,-1,0.0,18,33,324,830,i,Thigh injury - Unknown return date,2026-08-06T10:00:10.456051Z,0,0,,,,0.0,0,0,0,0,0,0,0,0,0,0,0,0,0,0.00,0.00,0.00,0.00,0.0,0.0
2026-09-23T00:51:28+00:00,2026-09-22,daily,6,2026-10-10T10:00:00Z,64,Smith,BOU,DEF,45,0,0,0.1,309,367,7107,7195,a,,,,,,,,0.8,2,4,434,5,0,0,0,8,0,21,16,5,15,0.01,0.09,0.10,6.70,0.8,0.8
2026-09-23T00:51:28+00:00,2026-09-22,daily,6,2026-10-10T10:00:00Z,65,J.Araujo,BOU,DEF,44,0,-1,0.0,25,38,409,1277,i,Thigh injury - Unknown return date,2026-08-09T08:00:05.645826Z,0,0,,,,0.0,0,0,0,0,0,0,0,0,0,0,0,0,0,0.00,0.00,0.00,0.00,0.0,0.0
2026-09-23T00:51:28+00:00,2026-09-22,daily,6,2026-10-10T10:00:00Z,66,Soler,BOU,DEF,40,0,0,0.3,599,900,13690,10785,a,,2026-08-15T16:30:07.021055Z,100,100,,,,0.0,0,0,0,0,0,0,0,0,0,0,0,0,0,0.00,0.00,0.00,0.00,0.0,0.0
2026-09-23T00:51:28+00:00,2026-09-22,daily,6,2026-10-10T10:00:00Z,67,Rayan,BOU,MID,63,-1,-2,1.6,3024,7942,51694,167438,a,,,,,,,,2.0,2,10,434,5,0,0,0,7,0,15,6,5,4,0.87,0.43,1.30,6.35,2.0,2.0
2026-09-23T00:51:28+00:00,2026-09-22,daily,6,2026-10-10T10:00:00Z,68,Tavernier,BOU,MID,61,0,1,6.7,65200,33322,676393,208046,a,,,,,3,1,1,5.2,2,31,424,5,3,0,0,8,0,42,5,11,26,1.70,0.92,2.62,6.54,5.2,5.2
2026-09-23T00:51:28+00:00,2026-09-22,daily,6,2026-10-10T10:00:00Z,69,Scott,BOU,MID,61,0,1,5.7,17005,31200,540908,201376,a,,,,,,4,2,7.0,2,30,446,5,1,2,1,7,0,60,15,9,36,0.64,0.42,1.06,6.82,7.0,7.0
2026-09-23T00:51:28+00:00,2026-09-22,daily,6,2026-10-10T10:00:00Z,70,Kluivert,BOU,MID,60,0,0,0.9,2267,13986,52624,78868,i,Unspecified injury - Unknown return date,2026-09-20T15:30:09.074071Z,,0,2,2,3,3.0,0,15,294,4,1,0,2,3,0,22,2,4,16,0.99,0.08,1.07,4.48,3.0,0.0
2026-09-23T00:51:28+00:00,2026-09-22,daily,6,2026-10-10T10:00:00Z,71,Cook,BOU,MID,50,0,0,0.2,207,913,13041,13694,a,,,,,,,,1.2,1,8,180,2,0,0,2,1,0,14,7,1,6,0.00,0.01,0.01,4.20,1.2,1.2
2026-09-23T00:51:28+00:00,2026-09-22,daily,6,2026-10-10T10:00:00Z,72,Gannon-Doak,BOU,MID,49,0,-1,0.1,105,303,1605,4563,a,,,,,,,,0.8,1,4,12,0,0,0,0,1,0,7,0,2,5,0.12,0.05,0.17,0.60,0.8,0.8
2026-09-23T00:51:28+00:00,2026-09-22,daily,6,2026-10-10T10:00:00Z,73,Adams,BOU,MID,50,0,0,0.3,839,1299,18048,16290,a,,2026-08-15T16:30:07.029928Z,100,100,,,,2.8,4,12,279,3,0,0,0,7,0,41,12,7,22,0.03,0.07,0.10,2.74,2.8,2.8
2026-09-23T00:51:28+00:00,2026-09-22,daily,6,2026-10-10T10:00:00Z,74,Brooks,BOU,MID,50,0,0,0.1,131,264,3313,3722,a,,2026-08-15T16:30:07.037929Z,100,100,,3,4,0.8,1,3,45,0,0,0,0,2,0,5,2,0,3,0.00,0.07,0.07,0.75,0.8,0.8
2026-09-23T00:51:28+00:00,2026-09-22,daily,6,2026-10-10T10:00:00Z,75,Christie,BOU,MID,50,0,0,0.0,232,190,3487,2135,a,,2026-07-24T17:30:10.035483Z,100,100,,,,1.2,2,5,102,1,0,0,0,2,0,14,3,1,10,0.50,0.13,0.63,1.64,1.2,1.2
2026-09-23T00:51:28+00:00,2026-09-22,daily,6,2026-10-10T10:00:00Z,76,Tóth.A,BOU,MID,49,0,-1,0.0,19,45,376,774,a,,,,,,,,0.2,1,2,17,0,0,0,0,2,0,2,0,1,1,0.00,0.00,0.00,0.56,0.2,0.2
2026-09-23T00:51:28+00:00,2026-09-22,daily,6,2026-10-10T10:00:00Z,77,Adli,BOU,MID,49,0,-1,0.0,19,58,288,2199,i,Calf injury - Unknown return date,2026-08-15T16:00:07.590566Z,0,0,,,,0.0,0,0,0,0,0,0,0,0,0,0,0,0,0,0.00,0.00,0.00,0.00,0.0,0.0
2026-09-23T00:51:28+00:00,2026-09-22,daily,6,2026-10-10T10:00:00Z,78,Kroupi.Jr,BOU,MID,74,0,-1,0.2,133,638,1179,27156,i,Foot injury - Expected back 7 Nov,2026-07-29T17:30:09.796802Z,0,0,1,,,0.0,0,0,0,0,0,0,0,0,0,0,0,0,0,0.00,0.00,0.00,0.00,0.0,0.0
2026-09-23T00:51:28+00:00,2026-09-22,daily,6,2026-10-10T10:00:00Z,79,Evanilson,BOU,FWD,60,0,0,3.2,13012,16819,248473,171646,a,,,,,,,,3.5,2,18,424,5,0,3,2,5,0,27,11,3,13,0.87,0.52,1.39,6.45,3.5,3.5
2026-09-23T00:51:28+00:00,2026-09-22,daily,6,2026-10-10T10:00:00Z,80,Enes Ünal,BOU,FWD,55,0,0,0.0,0,33,0,1965,u,Has joined Getafe permanently,2026-08-14T14:14:21.881112Z,0,0,,,,0.0,0,0,0,0,0,0,0,0,0,0,0,0,0,0.00,0.00,0.00,0.00,0.0,0.0
2026-09-23T00:51:28+00:00,2026-09-22,daily,6,2026-10-10T10:00:00Z,81,Rodríguez,BOU,FWD,60,0,0,0.1,543,536,5250,6667,a,,2026-08-15T16:30:07.054142Z,100,100,,,,0.5,0,2,10,0,0,0,0,1,0,1,0,0,1,0.00,0.00,0.00,0.18,0.5,0.5
2026-09-23T00:51:28+00:00,2026-09-22,daily,6,2026-10-10T10:00:00Z,566,Silva,BOU,DEF,50,0,0,0.4,3509,1969,28971,23410,a,,,,,,,,2.8,3,13,450,5,0,0,0,8,0,56,51,5,14,0.85,0.29,1.14,6.95,2.8,2.8
2026-09-23T00:51:28+00:00,2026-09-22,daily,6,2026-10-10T10:00:00Z,573,Sanchez,BOU,DEF,44,0,-1,0.2,117,322,1537,6979,a,,,,,,,,0.0,0,0,0,0,0,0,0,0,0,0,0,0,0,0.00,0.00,0.00,0.00,0.0,0.0
2026-09-23T00:51:28+00:00,2026-09-22,daily,6,2026-10-10T10:00:00Z,608,Jebbison,BOU,FWD,50,0,0,0.1,681,689,13044,7044,a,,,,,,,,0.5,1,3,31,0,0,0,0,2,0,1,0,0,1,0.10,0.00,0.10,0.61,0.5,0.5
2026-09-23T00:51:28+00:00,2026-09-22,daily,6,2026-10-10T10:00:00Z,615,Di Gregorio,BOU,GKP,45,0,0,0.0,143,146,2886,1695,a,,,,,,,,0.0,0,0,0,0,0,0,0,0,0,0,0,0,0,0.00,0.00,0.00,0.00,0.0,0.0
2026-09-23T00:51:28+00:00,2026-09-22,daily,6,2026-10-10T10:00:00Z,82,Kelleher,BRE,GKP,50,0,0,6.1,16200,9479,247837,209745,a,,,,,,,,3.2,6,20,450,5,0,0,2,4,17,0,7,0,34,0.00,0.01,0.01,6.32,3.2,3.2
2026-09-23T00:51:28+00:00,2026-09-22,daily,6,2026-10-10T10:00:00Z,83,Valdimarsson,BRE,GKP,45,0,0,0.1,218,257,2783,4507,a,,,,,,,,0.0,0,0,0,0,0,0,0,0,0,0,0,0,0,0.00,0.00,0.00,0.00,0.0,0.0
2026-09-23T00:51:28+00:00,2026-09-22,daily,6,2026-10-10T10:00:00Z,84,Collins,BRE,DEF,54,0,-1,1.0,82,7309,58701,154665,i,Calf injury - Unknown return date,2026-09-05T18:00:06.182495Z,0,0,,,,1.0,0,10,196,3,0,0,1,1,0,17,15,2,11,0.51,0.05,0.56,2.13,0.0,0.0
2026-09-23T00:51:28+00:00,2026-09-22,daily,6,2026-10-10T10:00:00Z,85,Van den Berg,BRE,DEF,49,0,-1,0.1,28,242,401,8848,i,Groin injury - Unknown return date,2026-08-15T15:30:06.416627Z,0,0,,,,0.0,0,0,0,0,0,0,0,0,0,0,0,0,0,0.00,0.00,0.00,0.00,0.0,0.0
2026-09-23T00:51:28+00:00,2026-09-22,daily,6,2026-10-10T10:00:00Z,86,Lewis-Potter,BRE,MID,55,0,0,1.7,3035,9966,189680,118347,a,,,,,,1,,3.0,3,22,406,5,1,1,2,4,0,38,17,6,15,1.21,0.79,2.00,5.69,3.0,3.0
2026-09-23T00:51:28+00:00,2026-09-22,daily,6,2026-10-10T10:00:00Z,87,Ajer,BRE,DEF,45,0,0,3.9,9096,17622,314583,271314,a,,,,,,,,3.2,7,21,450,5,0,0,2,4,0,50,46,4,11,0.13,0.08,0.21,6.32,3.2,3.2
2026-09-23T00:51:28+00:00,2026-09-22,daily,6,2026-10-10T10:00:00Z,88,Kayode,BRE,DEF,46,0,1,7.6,10767,16384,593465,362618,a,,,,,,,,2.5,6,23,294,4,1,0,2,1,0,16,14,2,14,0.55,0.43,0.98,3.24,2.5,2.5
2026-09-23T00:51:28+00:00,2026-09-22,daily,6,2026-10-10T10:00:00Z,89,Henry,BRE,DEF,44,0,-1,0.2,125,454,1949,8452,a,,,,,,,,0.2,0,1,2,0,0,0,0,0,0,0,0,0,0,0.00,0.00,0.00,0.00,0.2,0.2
2026-09-23T00:51:28+00:00,2026-09-22,daily,6,2026-10-10T10:00:00Z,90,Hickey,BRE,DEF,45,0,0,0.1,141,191,2055,2924,a,,,,,,,,1.0,1,5,152,1,0,0,0,3,0,17,13,4,8,0.03,0.06,0.09,3.07,1.0,1.0
2026-09-23T00:51:28+00:00,2026-09-22,daily,6,2026-10-10T10:00:00Z,92,Ji-soo,BRE,DEF,44,-1,-1,0.0,49,74,483,946,a,,,,,,,,0.0,0,0,0,0,0,0,0,0,0,0,0,0,0,0.00,0.00,0.00,0.00,0.0,0.0
2026-09-23T00:51:28+00:00,2026-09-22,daily,6,2026-10-10T10:00:00Z,93,Schuster,BRE,DEF,45,0,0,0.3,12858,1444,14420,5932,a,,,,,,,,5.2,14,21,253,2,0,1,1,3,0,38,35,3,6,0.10,0.54,0.64,4.19,5.2,5.2
2026-09-23T00:51:28+00:00,2026-09-22,daily,6,2026-10-10T10:00:00Z,94,Schade,BRE,MID,62,1,2,10.7,320411,16277,940266,236281,a,,,,,2,,,9.0,9,39,447,5,3,2,2,4,0,34,6,7,21,1.52,0.32,1.84,6.32,9.0,9.0
2026-09-23T00:51:28+00:00,2026-09-22,daily,6,2026-10-10T10:00:00Z,95,O.Dango,BRE,MID,63,0,-2,0.5,613,2925,14974,81504,a,,,,,,,4,1.0,1,7,179,2,0,0,1,1,0,28,9,2,17,0.09,0.39,0.48,2.81,1.0,1.0
2026-09-23T00:51:28+00:00,2026-09-22,daily,6,2026-10-10T10:00:00Z,96,Damsgaard,BRE,MID,54,0,-1,0.4,1160,1652,14671,29768,a,,,,,,3,2,3.8,3,16,283,3,0,1,2,1,0,31,6,7,18,0.17,0.73,0.90,3.06,3.8,3.8
2026-09-23T00:51:28+00:00,2026-09-22,daily,6,2026-10-10T10:00:00Z,97,Jensen,BRE,MID,54,0,-1,0.1,14,483,4499,14917,i,Unspecified injury - Expected back 10 Oct,2026-08-30T12:30:08.176795Z,0,0,3,2,1,0.0,0,6,66,1,0,1,1,0,0,5,0,2,3,0.08,0.34,0.42,0.47,0.0,0.0
2026-09-23T00:51:28+00:00,2026-09-22,daily,6,2026-10-10T10:00:00Z,98,Janelt,BRE,MID,50,0,0,2.5,15828,14325,302888,103416,a,,,,,,,3,4.8,3,28,450,5,2,0,2,4,0,64,27,17,20,0.53,0.44,0.97,6.32,4.8,4.8
2026-09-23T00:51:28+00:00,2026-09-22,daily,6,2026-10-10T10:00:00Z,99,Milambo,BRE,MID,50,0,0,0.0,6,6,115,158,i,Knee injury - Unknown return date,2026-07-23T12:01:23.384798Z,0,0,,,,0.0,0,0,0,0,0,0,0,0,0,0,0,0,0,0.00,0.00,0.00,0.00,0.0,0.0
2026-09-23T00:51:28+00:00,2026-09-22,daily,6,2026-10-10T10:00:00Z,100,Carvalho,BRE,MID,50,0,0,0.0,513,131,1811,1409,a,,2026-08-18T13:58:17.442072Z,100,100,,,,1.5,6,6,3,0,1,0,0,0,0,0,0,0,0,0.43,0.00,0.43,0.13,1.5,1.5
2026-09-23T00:51:28+00:00,2026-09-22,daily,6,2026-10-10T10:00:00Z,102,Yarmoliuk,BRE,MID,48,0,-2,0.7,1023,2529,5476,60879,a,,,,,,,,2.0,3,9,216,2,0,1,1,4,0,26,7,5,14,0.10,0.30,0.40,4.58,2.0,2.0
2026-09-23T00:51:28+00:00,2026-09-22,daily,6,2026-10-10T10:00:00Z,103,Dasilva,BRE,MID,49,0,-1,0.0,7,78,398,1923,i,Hamstring injury - Expected back 10 Oct,2026-09-04T13:30:08.371955Z,0,0,,,,0.0,0,0,0,0,0,0,0,0,0,0,0,0,0,0.00,0.00,0.00,0.00,0.0,0.0
2026-09-23T00:51:28+00:00,2026-09-22,daily,6,2026-10-10T10:00:00Z,105,Anthony,BRE,MID,59,0,-1,0.1,1847,451,6845,10852,a,,,,,,,,3.5,10,15,267,3,1,0,2,3,0,26,6,4,16,1.15,0.54,1.69,3.50,3.5,3.5
2026-09-23T00:51:28+00:00,2026-09-22,daily,6,2026-10-10T10:00:00Z,106,Thiago,BRE,FWD,78,0,-2,9.0,42801,29044,263224,1025952,a,,,,,1,,,2.5,5,10,442,5,1,0,2,4,0,19,4,3,12,3.13,0.16,3.29,6.25,2.5,2.5
2026-09-23T00:51:28+00:00,2026-09-22,daily,6,2026-10-10T10:00:00Z,107,Furo,BRE,FWD,45,0,0,0.9,467,7725,61540,64887,i,Unspecified injury - Unknown return date,2026-09-14T14:00:09.985723Z,0,0,,,,0.0,0,0,0,0,0,0,0,0,0,0,0,0,0,0.00,0.00,0.00,0.00,0.0,0.0
2026-09-23T00:51:28+00:00,2026-09-22,daily,6,2026-10-10T10:00:00Z,108,Wilson,BRE,FWD,54,-1,-1,0.3,876,2009,15225,26074,a,,,,,,,,0.5,0,3,13,0,0,0,0,0,0,2,1,0,1,0.07,0.04,0.11,0.15,0.5,0.5
2026-09-23T00:51:28+00:00,2026-09-22,daily,6,2026-10-10T10:00:00Z,565,M.Sangaré,BRE,MID,56,-1,1,10.1,6759,121078,1226047,802967,a,,,,,,,,2.0,0,22,321,4,0,2,1,3,0,48,12,14,22,0.41,0.65,1.06,4.31,2.0,2.0
2026-09-23T00:51:28+00:00,2026-09-22,daily,6,2026-10-10T10:00:00Z,620,Diouf,BRE,DEF,45,0,0,0.1,362,563,13523,7225,a,,,,,,,,0.5,1,2,39,0,0,0,0,0,0,2,2,0,1,0.00,0.01,0.01,0.63,0.5,0.5
2026-09-23T00:51:28+00:00,2026-09-22,daily,6,2026-10-10T10:00:00Z,657,Nunes,BRE,MID,45,0,0,0.0,271,214,2013,607,a,,,,,,,,0.0,0,0,0,0,0,0,0,0,0,0,0,0,0,0.00,0.00,0.00,0.00,0.0,0.0
2026-09-23T00:51:28+00:00,2026-09-22,daily,6,2026-10-10T10:00:00Z,660,Fredrick,BRE,DEF,40,0,0,0.0,400,45,400,45,a,,,,,,,,0.0,0,0,0,0,0,0,0,0,0,0,0,0,0,0.00,0.00,0.00,0.00,1.1,1.1
2026-09-23T00:51:28+00:00,2026-09-22,daily,6,2026-10-10T10:00:00Z,661,Balcombe,BRE,GKP,40,0,0,0.0,2335,378,2335,378,a,,,,,,,,0.0,0,0,0,0,0,0,0,0,0,0,0,0,0,0.00,0.00,0.00,0.00,1.0,1.0
2026-09-23T00:51:28+00:00,2026-09-22,daily,6,2026-10-10T10:00:00Z,109,Verbruggen,BHA,GKP,45,0,0,21.7,55682,55272,749157,591126,a,,,,,,,,4.2,6,23,450,5,0,0,3,5,12,0,3,0,34,0.00,0.20,0.20,8.67,4.2,4.2
2026-09-23T00:51:28+00:00,2026-09-22,daily,6,2026-10-10T10:00:00Z,111,Steele,BHA,GKP,40,0,0,4.1,5762,11738,145949,117493,a,,,,,,,,0.0,0,0,0,0,0,0,0,0,0,0,0,0,0,0.00,0.00,0.00,0.00,0.0,0.0
2026-09-23T00:51:28+00:00,2026-09-22,daily,6,2026-10-10T10:00:00Z,113,F.Kadıoğlu,BHA,DEF,44,0,-1,1.6,3165,5495,29578,133038,a,,2026-08-23T13:00:07.595211Z,100,100,,,3,3.2,5,13,332,4,0,0,2,5,0,10,9,1,8,0.12,0.13,0.25,7.55,3.2,3.2
2026-09-23T00:51:28+00:00,2026-09-22,daily,6,2026-10-10T10:00:00Z,114,Boscagli,BHA,DEF,45,0,0,0.3,1537,575,15754,11652,a,,,,,,,,3.2,6,19,437,5,0,0,3,5,0,29,25,4,17,0.07,0.53,0.60,8.45,3.2,3.2
2026-09-23T00:51:28+00:00,2026-09-22,daily,6,2026-10-10T10:00:00Z,115,De Cuyper,BHA,DEF,49,0,4,27.3,234380,14363,2652719,399394,a,,,,,,4,2,5.2,6,38,423,5,1,3,3,5,0,16,8,8,18,1.55,0.67,2.22,8.58,5.2,5.2
2026-09-23T00:51:28+00:00,2026-09-22,daily,6,2026-10-10T10:00:00Z,116,Dunk,BHA,DEF,45,0,0,1.5,7225,6347,88786,47411,d,Neck injury - 75% chance of playing,2026-09-22T09:30:09.629652Z,,75,,3,,4.0,0,22,360,4,1,0,2,5,0,23,20,3,13,0.03,0.09,0.12,7.04,4.0,3.0
2026-09-23T00:51:28+00:00,2026-09-22,daily,6,2026-10-10T10:00:00Z,117,Coppola,BHA,DEF,45,0,0,0.0,82,70,894,1033,a,,,,,,,,0.0,0,0,0,0,0,0,0,0,0,0,0,0,0,0.00,0.00,0.00,0.00,0.0,0.0
2026-09-23T00:51:28+00:00,2026-09-22,daily,6,2026-10-10T10:00:00Z,118,Igor,BHA,DEF,45,0,0,0.0,0,228,915,5871,u,Has joined Burnley permanently,2026-09-02T15:38:15.529699Z,0,0,,,,0.0,0,0,0,0,0,0,0,0,0,0,0,0,0,0.00,0.00,0.00,0.00,0.0,0.0
2026-09-23T00:51:28+00:00,2026-09-22,daily,6,2026-10-10T10:00:00Z,119,Costinha,BHA,DEF,45,0,0,0.0,113,105,1218,1430,a,,,,,,,,0.8,1,4,68,0,0,0,0,0,0,7,6,1,1,0.12,0.30,0.42,1.02,0.8,0.8
2026-09-23T00:51:28+00:00,2026-09-22,daily,6,2026-10-10T10:00:00Z,120,Svoboda,BHA,DEF,50,0,0,0.1,1065,345,4241,3867,a,,,,,,,,0.2,1,1,4,0,0,0,0,0,0,1,0,1,1,0.00,0.00,0.00,0.14,0.2,0.2
2026-09-23T00:51:28+00:00,2026-09-22,daily,6,2026-10-10T10:00:00Z,121,Mitoma,BHA,MID,59,0,-1,0.0,82,126,508,3063,i,Hamstring injury - Expected back 10 Oct,2026-07-24T18:30:10.661894Z,0,0,,,,0.0,0,0,0,0,0,0,0,0,0,0,0,0,0,0.00,0.00,0.00,0.00,0.0,0.0
2026-09-23T00:51:28+00:00,2026-09-22,daily,6,2026-10-10T10:00:00Z,122,Minteh,BHA,MID,58,-1,-2,0.0,33,155,323,6829,i,Leg injury - Expected back 28 Nov,2026-08-14T18:00:06.418033Z,0,0,,,5,0.0,0,0,0,0,0,0,0,0,0,0,0,0,0,0.00,0.00,0.00,0.00,0.0,0.0
2026-09-23T00:51:28+00:00,2026-09-22,daily,6,2026-10-10T10:00:00Z,123,Hinshelwood,BHA,MID,59,0,-1,0.6,168,5365,147789,214591,i,Ankle injury - Expected back 10 Oct,2026-08-27T19:30:07.780933Z,0,0,,,,0.0,0,16,63,1,2,0,1,0,0,3,0,2,1,1.41,0.02,1.43,0.19,0.0,0.0
2026-09-23T00:51:28+00:00,2026-09-22,daily,6,2026-10-10T10:00:00Z,124,Groß,BHA,MID,58,1,3,27.7,672291,8114,2032784,537897,a,,,,,1,1,1,11.2,14,47,450,5,3,4,3,5,0,26,9,7,10,1.77,0.86,2.63,8.67,11.2,11.2
2026-09-23T00:51:28+00:00,2026-09-22,daily,6,2026-10-10T10:00:00Z,125,Georginio,BHA,FWD,53,-1,-2,0.5,2017,3134,34014,75762,a,,2026-08-26T16:00:07.608056Z,100,100,,,,0.2,1,6,104,1,0,1,1,0,0,9,1,2,6,0.17,0.45,0.62,1.03,0.2,0.2
2026-09-23T00:51:28+00:00,2026-09-22,daily,6,2026-10-10T10:00:00Z,126,O'Riley,BHA,MID,54,0,-1,0.1,297,435,3471,6391,a,,,,,3,,,0.5,1,2,10,0,0,0,0,0,0,3,2,0,1,0.28,0.01,0.29,0.18,0.5,0.5
2026-09-23T00:51:28+00:00,2026-09-22,daily,6,2026-10-10T10:00:00Z,127,Gomez,BHA,MID,50,0,0,4.0,9676,32620,332183,294251,a,,,,,,5,,4.5,8,24,433,5,0,3,3,5,0,36,7,13,16,0.79,0.78,1.57,8.49,4.5,4.5
2026-09-23T00:51:28+00:00,2026-09-22,daily,6,2026-10-10T10:00:00Z,128,Buonanotte,BHA,MID,50,0,0,0.0,0,5,0,328,u,Has joined Elche on loan for the rest of the season,2026-08-10T14:03:07.561436Z,0,0,,,,0.0,0,0,0,0,0,0,0,0,0,0,0,0,0,0.00,0.00,0.00,0.00,0.0,0.0
2026-09-23T00:51:28+00:00,2026-09-22,daily,6,2026-10-10T10:00:00Z,129,Ayari,BHA,MID,54,0,-1,0.4,1742,1610,11983,41165,a,,2026-08-30T18:00:07.935334Z,100,100,,2,4,3.2,3,15,333,4,1,0,3,1,0,21,4,2,15,0.70,0.18,0.88,5.64,3.2,3.2
2026-09-23T00:51:28+00:00,2026-09-22,daily,6,2026-10-10T10:00:00Z,130,Wieffer,BHA,DEF,49,0,-1,0.2,25,1549,25940,42981,i,Knee injury - Unknown return date,2026-09-04T09:30:08.612904Z,0,0,,,,0.0,0,7,156,2,0,0,1,4,0,15,11,4,9,0.12,0.13,0.25,3.18,0.0,0.0
2026-09-23T00:51:28+00:00,2026-09-22,daily,6,2026-10-10T10:00:00Z,132,Howell,BHA,MID,45,0,0,0.0,0,159,0,3637,u,Has joined Leicester City on loan for the rest of the season,2026-08-17T13:53:19.019938Z,0,0,,,,0.0,0,0,0,0,0,0,0,0,0,0,0,0,0,0.00,0.00,0.00,0.00,0.0,0.0
2026-09-23T00:51:28+00:00,2026-09-22,daily,6,2026-10-10T10:00:00Z,133,Watson,BHA,MID,50,0,0,0.0,0,3,0,134,u,Has joined Leicester City on loan for the rest of the season,2026-08-03T14:05:44.459483Z,0,0,,,,0.0,0,0,0,0,0,0,0,0,0,0,0,0,0,0.00,0.00,0.00,0.00,0.0,0.0
2026-09-23T00:51:28+00:00,2026-09-22,daily,6,2026-10-10T10:00:00Z,134,Oriola,BHA,MID,45,0,0,0.2,269,1093,8673,13961,a,,,,,,,,0.0,0,0,0,0,0,0,0,0,0,0,0,0,0,0.00,0.00,0.00,0.00,0.0,0.0
2026-09-23T00:51:28+00:00,2026-09-22,daily,6,2026-10-10T10:00:00Z,135,Yohanna,BHA,MID,49,0,-1,0.0,8,302,1251,5409,i,Unspecified injury - Expected back 10 Oct,2026-09-10T13:00:08.617941Z,0,0,,,,0.0,0,1,12,0,0,0,0,0,0,0,0,0,0,0.00,0.03,0.03,0.00,0.0,0.0
2026-09-23T00:51:28+00:00,2026-09-22,daily,6,2026-10-10T10:00:00Z,137,Tzimas,BHA,FWD,54,0,-1,0.0,27,38,324,736,i,Knee injury - Unknown return date,2026-07-23T12:01:23.432796Z,0,0,,,,0.0,0,0,0,0,0,0,0,0,0,0,0,0,0,0.00,0.00,0.00,0.00,0.0,0.0
2026-09-23T00:51:28+00:00,2026-09-22,daily,6,2026-10-10T10:00:00Z,138,Kostoulas,BHA,FWD,56,1,1,3.5,252124,10816,356815,43326,a,,,,,,,,6.8,10,28,353,4,2,3,2,5,0,27,5,4,18,1.35,0.06,1.41,7.67,6.8,6.8
2026-09-23T00:51:28+00:00,2026-09-22,daily,6,2026-10-10T10:00:00Z,139,Ferguson,BHA,FWD,50,0,0,0.0,96,206,1547,2475,i,Ankle injury - Expected back 10 Oct,2026-07-23T12:01:23.448357Z,0,0,,,,0.0,0,0,0,0,0,0,0,0,0,0,0,0,0,0.00,0.00,0.00,0.00,0.0,0.0
2026-09-23T00:51:28+00:00,2026-09-22,daily,6,2026-10-10T10:00:00Z,328,Struijk,BHA,DEF,49,0,-1,0.2,619,460,5648,11711,d,Hamstring injury - 75% chance of playing,2026-09-22T10:00:09.404233Z,100,75,,,,1.8,5,7,98,1,0,0,1,0,0,10,9,1,6,0.16,0.01,0.17,1.70,1.8,1.4
2026-09-23T00:51:28+00:00,2026-09-22,daily,6,2026-10-10T10:00:00Z,504,Vuskovic,BHA,DEF,50,0,0,3.5,42726,8958,245826,133770,a,,,,,,,,6.5,8,32,437,5,1,0,3,5,0,43,37,6,17,0.46,0.07,0.53,8.45,6.5,6.5
2026-09-23T00:51:28+00:00,2026-09-22,daily,6,2026-10-10T10:00:00Z,594,David,BHA,FWD,59,-1,-1,0.2,2408,1735,14270,22008,a,,,,,2,,,0.2,0,1,23,0,0,0,0,0,0,0,0,0,0,0.42,0.00,0.42,0.14,0.2,0.2
2026-09-23T00:51:28+00:00,2026-09-22,daily,6,2026-10-10T10:00:00Z,600,Osman,BHA,MID,50,0,0,0.0,88,100,919,1067,a,,,,,,,,0.5,0,3,40,0,0,0,0,1,0,4,0,1,3,0.05,0.07,0.12,0.32,0.5,0.5
2026-09-23T00:51:28+00:00,2026-09-22,daily,6,2026-10-10T10:00:00Z,605,Yalcouyé,BHA,MID,45,0,0,4.0,20604,27716,549493,165670,a,,,,,,,,4.8,1,20,236,3,2,0,1,4,0,19,6,6,7,1.46,0.45,1.91,6.57,4.8,4.8
2026-09-23T00:51:28+00:00,2026-09-22,daily,6,2026-10-10T10:00:00Z,614,Hadjam,BHA,DEF,45,0,0,0.0,200,203,3939,1908,a,,,,,,,,0.0,0,0,0,0,0,0,0,0,0,0,0,0,0,0.00,0.00,0.00,0.00,0.0,0.0
2026-09-23T00:51:28+00:00,2026-09-22,daily,6,2026-10-10T10:00:00Z,624,Cozier-Duberry,BHA,MID,50,0,0,0.0,0,3,117,111,u,Has joined Middlesbrough on loan for the rest of the season,2026-09-02T15:38:15.552951Z,0,0,,,,0.0,0,0,0,0,0,0,0,0,0,0,0,0,0,0.00,0.00,0.00,0.00,0.0,0.0
2026-09-23T00:51:28+00:00,2026-09-22,daily,6,2026-10-10T10:00:00Z,639,Andrés,BHA,MID,55,0,0,0.0,2121,217,3365,685,a,,,,,,,,4.0,8,12,109,1,1,1,1,0,0,13,4,1,8,0.52,0.12,0.64,1.70,4.0,4.0
2026-09-23T00:51:28+00:00,2026-09-22,daily,6,2026-10-10T10:00:00Z,652,Azeez,BHA,MID,55,0,0,0.0,14,36,437,193,i,Hamstring injury - Expected back 10 Oct,2026-09-04T11:30:08.661589Z,0,0,,,,0.0,0,0,0,0,0,0,0,0,0,0,0,0,0,0.00,0.00,0.00,0.00,0.0,0.0
2026-09-23T00:51:28+00:00,2026-09-22,daily,6,2026-10-10T10:00:00Z,658,Ibrahim,BHA,MID,45,0,0,0.0,244,175,1407,443,a,,,,,,,,0.0,0,0,0,0,0,0,0,0,0,0,0,0,0,0.00,0.00,0.00,0.00,0.0,0.0
2026-09-23T00:51:28+00:00,2026-09-22,daily,6,2026-10-10T10:00:00Z,28,Martinez,CHE,GKP,50,0,0,4.8,5535,17901,243302,242482,a,,,,,,,,2.2,2,9,360,4,0,0,0,10,18,0,1,0,37,0.00,0.01,0.01,7.49,2.2,2.2
2026-09-23T00:51:28+00:00,2026-09-22,daily,6,2026-10-10T10:00:00Z,40,Rogers,CHE,MID,77,0,2,40.4,110587,55741,2440010,647428,a,,,,,,,3,5.8,2,29,437,5,3,1,0,12,0,31,3,5,23,1.72,1.23,2.95,8.73,5.8,5.8
2026-09-23T00:51:28+00:00,2026-09-22,daily,6,2026-10-10T10:00:00Z,101,Henderson,CHE,MID,49,0,-1,0.0,396,112,1009,2586,a,,2026-08-09T09:30:07.136250Z,50,100,,,,0.4,2,2,90,1,0,0,0,3,0,10,2,1,7,0.00,0.08,0.08,2.65,0.2,0.4
2026-09-23T00:51:28+00:00,2026-09-22,daily,6,2026-10-10T10:00:00Z,136,Welbeck,CHE,FWD,59,0,-1,1.0,5647,7452,59583,81356,a,,2026-08-20T14:00:07.949090Z,100,100,,,,0.8,2,4,85,1,0,0,0,1,0,5,2,1,2,0.00,0.14,0.14,1.99,0.8,0.8
2026-09-23T00:51:28+00:00,2026-09-22,daily,6,2026-10-10T10:00:00Z,140,Sánchez,CHE,GKP,49,0,-1,0.7,0,3425,10847,175033,u,Has joined Como on loan for the rest of the season,2026-09-02T16:20:41.841936Z,0,0,,,,0.4,0,2,90,1,0,0,0,2,4,0,1,0,5,0.00,0.01,0.01,1.33,0.0,0.0
2026-09-23T00:51:28+00:00,2026-09-22,daily,6,2026-10-10T10:00:00Z,141,Jörgensen,CHE,GKP,50,0,0,0.0,0,24,0,942,u,Has joined RC Strasbourg on loan for the rest of the season,2026-08-12T14:07:02.607115Z,0,0,,,,0.0,0,0,0,0,0,0,0,0,0,0,0,0,0,0.00,0.00,0.00,0.00,0.0,0.0
2026-09-23T00:51:28+00:00,2026-09-22,daily,6,2026-10-10T10:00:00Z,142,James,CHE,DEF,54,0,-1,5.9,479,64405,168684,587094,d,Hamstring injury - 75% chance of playing,2026-09-18T10:30:09.719371Z,75,75,,1,1,0.6,0,3,292,3,0,0,0,7,0,13,11,2,15,0.33,0.26,0.59,4.90,0.4,0.4
2026-09-23T00:51:28+00:00,2026-09-22,daily,6,2026-10-10T10:00:00Z,143,Chalobah,CHE,DEF,55,0,0,0.1,0,223,0,13853,u,Has joined Como permanently,2026-08-10T14:03:50.769483Z,0,0,,,,0.0,0,0,0,0,0,0,0,0,0,0,0,0,0,0.00,0.00,0.00,0.00,0.0,0.0
2026-09-23T00:51:28+00:00,2026-09-22,daily,6,2026-10-10T10:00:00Z,144,Gusto,CHE,DEF,49,-1,-1,1.0,1353,5841,36680,66321,a,,,,,,,,0.8,0,4,272,3,0,0,0,7,0,15,11,4,13,0.08,0.12,0.20,3.50,0.8,0.8
2026-09-23T00:51:28+00:00,2026-09-22,daily,6,2026-10-10T10:00:00Z,145,Fofana,CHE,DEF,50,0,0,0.2,1800,947,17906,7888,a,,2026-07-23T12:01:23.464591Z,100,100,,,,1.6,4,8,312,4,0,0,0,7,0,47,40,7,11,0.00,0.08,0.08,5.65,1.6,1.6
2026-09-23T00:51:28+00:00,2026-09-22,daily,6,2026-10-10T10:00:00Z,146,B.Badiashile,CHE,DEF,45,0,0,0.0,0,36,232,1933,u,Has joined Napoli on loan for the rest of the season,2026-08-25T14:03:47.079414Z,0,0,,,,0.0,0,0,0,0,0,0,0,0,0,0,0,0,0,0.00,0.00,0.00,0.00,0.0,0.0
2026-09-23T00:51:28+00:00,2026-09-22,daily,6,2026-10-10T10:00:00Z,148,Hato,CHE,DEF,45,0,0,0.8,607,6275,91002,58602,a,,,,,,,,1.6,0,8,258,4,0,2,0,9,0,18,11,7,9,0.01,0.21,0.22,4.81,1.6,1.6
2026-09-23T00:51:28+00:00,2026-09-22,daily,6,2026-10-10T10:00:00Z,149,Colwill,CHE,DEF,48,-1,-2,0.9,820,4403,26476,97428,a,,,,,,,,0.6,1,3,341,4,0,0,0,9,0,26,23,3,15,0.01,0.05,0.06,6.67,0.6,0.6
2026-09-23T00:51:28+00:00,2026-09-22,daily,6,2026-10-10T10:00:00Z,150,M.Sarr,CHE,DEF,45,0,0,0.0,0,121,429,5937,u,Has joined Real Sociedad on loan for the rest of the season,2026-08-29T00:34:23.077418Z,0,0,,,,0.0,0,0,0,0,0,0,0,0,0,0,0,0,0,0.00,0.00,0.00,0.00,0.0,0.0
2026-09-23T00:51:28+00:00,2026-09-22,daily,6,2026-10-10T10:00:00Z,151,Acheampong,CHE,DEF,45,0,0,0.3,320,1533,21032,22092,a,,,,,,,,1.0,0,5,221,2,0,0,0,7,0,20,13,7,7,0.00,0.03,0.03,4.72,1.0,1.0
2026-09-23T00:51:28+00:00,2026-09-22,daily,6,2026-10-10T10:00:00Z,152,Palestra,CHE,DEF,53,0,-2,0.6,151,3054,6611,219595,d,Thigh injury - 50% chance of playing,2026-08-24T18:30:07.421239Z,50,50,,,,0.0,0,0,0,0,0,0,0,0,0,0,0,0,0,0.00,0.00,0.00,0.00,0.0,0.0
2026-09-23T00:51:28+00:00,2026-09-22,daily,6,2026-10-10T10:00:00Z,154,Palmer,CHE,MID,97,0,2,26.2,39902,116173,1943278,611479,d,Muscular injury - 75% chance of playing,2026-09-21T13:00:09.022726Z,100,75,1,2,,5.6,2,28,442,5,2,2,0,12,0,29,3,7,19,1.31,0.79,2.10,8.73,5.6,4.2
2026-09-23T00:51:28+00:00,2026-09-22,daily,6,2026-10-10T10:00:00Z,156,Neto,CHE,MID,65,0,0,1.4,3530,7910,80655,89561,a,,,,,,3,2,2.8,2,14,332,4,1,0,0,8,0,28,8,6,14,0.68,0.58,1.26,6.64,2.8,2.8
2026-09-23T00:51:28+00:00,2026-09-22,daily,6,2026-10-10T10:00:00Z,157,Estêvão,CHE,MID,63,0,-2,0.7,1229,3452,17143,86187,a,,,,,2,,4,0.8,1,4,23,0,0,0,0,1,0,2,0,1,1,0.07,0.07,0.14,1.01,0.8,0.8
2026-09-23T00:51:28+00:00,2026-09-22,daily,6,2026-10-10T10:00:00Z,158,Gittens,CHE,MID,58,-1,-2,0.0,118,171,1097,2801,a,,,,,,,,0.0,0,0,0,0,0,0,0,0,0,0,0,0,0,0.00,0.00,0.00,0.00,0.0,0.0
2026-09-23T00:51:28+00:00,2026-09-22,daily,6,2026-10-10T10:00:00Z,159,Caicedo,CHE,MID,53,0,-2,1.1,313,7058,14951,279450,d,Calf injury - 50% chance of playing,2026-08-30T16:00:08.393562Z,50,50,,,,0.2,0,1,13,0,0,0,0,0,0,0,0,0,0,0.00,0.00,0.00,0.07,0.1,0.1
2026-09-23T00:51:28+00:00,2026-09-22,daily,6,2026-10-10T10:00:00Z,161,Lavia,CHE,MID,50,0,0,0.2,310,2060,25685,15170,a,,,,,,,,2.2,0,11,258,4,1,0,0,8,0,31,10,6,15,0.75,0.11,0.86,5.06,2.2,2.2
2026-09-23T00:51:28+00:00,2026-09-22,daily,6,2026-10-10T10:00:00Z,163,D.Essugo,CHE,MID,45,0,0,0.1,0,562,2698,14274,u,Has joined RC Strasbourg on loan for the rest of the season,2026-09-02T16:20:41.865225Z,0,0,,,,0.0,0,0,0,0,0,0,0,0,0,0,0,0,0,0.00,0.00,0.00,0.00,0.0,0.0
2026-09-23T00:51:28+00:00,2026-09-22,daily,6,2026-10-10T10:00:00Z,164,Quenda,CHE,MID,53,0,-2,0.0,52,134,884,3354,a,,2026-07-24T20:30:10.609931Z,100,100,,,,0.4,1,2,27,0,0,0,0,2,0,1,1,0,0,0.03,0.01,0.04,1.29,0.4,0.4
2026-09-23T00:51:28+00:00,2026-09-22,daily,6,2026-10-10T10:00:00Z,165,João Pedro,CHE,FWD,77,-1,2,65.8,43103,325598,1557844,1398094,d,Knee injury - 75% chance of playing,2026-09-16T19:00:09.919929Z,75,75,,,,6.6,0,33,360,4,3,3,0,9,0,9,3,1,5,2.17,0.19,2.36,6.17,4.9,4.9
2026-09-23T00:51:28+00:00,2026-09-22,daily,6,2026-10-10T10:00:00Z,168,Marc Guiu,CHE,FWD,50,0,0,0.2,0,1194,4102,32918,u,Has joined RB Leipzig permanently,2026-09-01T13:24:48.857362Z,0,0,,,,0.0,0,0,0,0,0,0,0,0,0,0,0,0,0,0.00,0.00,0.00,0.00,0.0,0.0
2026-09-23T00:51:28+00:00,2026-09-22,daily,6,2026-10-10T10:00:00Z,169,Mheuka,CHE,FWD,45,0,0,0.5,3398,2715,31119,24504,a,,,,,,,,0.0,0,0,0,0,0,0,0,0,0,0,0,0,0,0.00,0.00,0.00,0.00,0.0,0.0
2026-09-23T00:51:28+00:00,2026-09-22,daily,6,2026-10-10T10:00:00Z,170,Emegha,CHE,FWD,50,0,0,0.1,58,848,6058,12355,i,Hamstring injury - Expected back 10 Oct,2026-09-09T15:00:09.063849Z,0,0,,,,0.0,0,0,0,0,0,0,0,0,0,0,0,0,0,0.00,0.00,0.00,0.00,0.0,0.0
2026-09-23T00:51:28+00:00,2026-09-22,daily,6,2026-10-10T10:00:00Z,200,Lacroix,CHE,DEF,59,-1,-1,6.8,5644,23533,172298,419109,a,,,,,,,,2.6,3,13,364,4,0,1,0,10,0,47,37,10,8,0.15,0.22,0.37,7.93,2.6,2.6
2026-09-23T00:51:28+00:00,2026-09-22,daily,6,2026-10-10T10:00:00Z,560,Penders,CHE,GKP,44,0,-1,0.1,191,229,1966,3549,a,,,,,,,,0.0,0,0,0,0,0,0,0,0,0,0,0,0,0,0.00,0.00,0.00,0.00,0.0,0.0
2026-09-23T00:51:28+00:00,2026-09-22,daily,6,2026-10-10T10:00:00Z,561,Anselmino,CHE,DEF,45,0,0,0.0,47,90,804,1238,a,,2026-08-23T19:00:08.536705Z,100,100,,,,0.0,0,0,0,0,0,0,0,0,0,0,0,0,0,0.00,0.00,0.00,0.00,0.0,0.0
2026-09-23T00:51:28+00:00,2026-09-22,daily,6,2026-10-10T10:00:00Z,568,Barco,CHE,MID,54,0,-1,0.1,175,353,3098,6920,a,,,,,,,,0.6,2,3,115,1,0,0,0,3,0,12,4,3,5,0.07,0.11,0.18,2.83,0.6,0.6
2026-09-23T00:51:28+00:00,2026-09-22,daily,6,2026-10-10T10:00:00Z,583,Chavarria,CHE,DEF,49,0,-1,0.1,323,418,3283,11024,a,,,,,,,,1.0,1,5,208,1,0,0,0,4,0,16,11,5,7,0.04,0.07,0.11,4.10,1.0,1.0
2026-09-23T00:51:28+00:00,2026-09-22,daily,6,2026-10-10T10:00:00Z,662,Nicoll-Jazuli,CHE,MID,45,0,0,0.0,271,50,271,50,a,,,,,,,,1.0,1,1,3,0,0,0,0,1,0,2,0,2,0,0.00,0.00,0.00,0.43,1.1,1.1
2026-09-23T00:51:28+00:00,2026-09-22,daily,6,2026-10-10T10:00:00Z,91,Pinnock,COV,DEF,45,0,0,0.1,285,173,2454,3944,a,,,,,,,,3.5,8,14,282,3,0,0,1,7,0,44,41,3,4,0.12,0.00,0.12,6.57,3.5,3.5
2026-09-23T00:51:28+00:00,2026-09-22,daily,6,2026-10-10T10:00:00Z,104,Onyeka,COV,MID,49,0,-1,0.1,132,341,3942,9468,a,,2026-09-15T09:00:07.851220Z,100,100,,,,1.8,3,9,314,4,0,0,1,7,0,28,9,5,14,0.03,0.02,0.05,6.31,1.8,1.8
2026-09-23T00:51:28+00:00,2026-09-22,daily,6,2026-10-10T10:00:00Z,110,Rushworth,COV,GKP,45,0,0,0.8,1936,4593,23083,57757,a,,,,,,,,3.8,11,16,450,5,0,1,1,10,9,0,4,0,50,0.00,0.02,0.02,8.63,3.8,3.8
2026-09-23T00:51:28+00:00,2026-09-22,daily,6,2026-10-10T10:00:00Z,171,Dovin,COV,GKP,40,0,0,1.0,0,3710,8924,56878,u,Has joined Leyton Orient on loan for the rest of the season,2026-09-02T15:44:14.839336Z,0,0,,,,0.0,0,0,0,0,0,0,0,0,0,0,0,0,0,0.00,0.00,0.00,0.00,0.0,0.0
2026-09-23T00:51:28+00:00,2026-09-22,daily,6,2026-10-10T10:00:00Z,172,Wilson,COV,GKP,44,0,-1,0.4,168,509,1338,12206,a,,,,,,,,0.0,0,0,0,0,0,0,0,0,0,0,0,0,0,0.00,0.00,0.00,0.00,0.0,0.0
2026-09-23T00:51:28+00:00,2026-09-22,daily,6,2026-10-10T10:00:00Z,173,Thomas,COV,DEF,40,0,0,8.6,19026,22664,356460,275688,a,,,,,,,,5.2,9,24,437,5,0,0,2,9,0,52,49,3,16,0.49,0.30,0.79,8.09,5.2,5.2
2026-09-23T00:51:28+00:00,2026-09-22,daily,6,2026-10-10T10:00:00Z,174,Kitching,COV,DEF,40,0,0,0.3,0,1366,981,32459,u,Has joined Sheffield United on loan for the rest of the season,2026-09-02T16:21:03.612394Z,0,0,,,,0.0,0,0,0,0,0,0,0,0,0,0,0,0,0,0.00,0.00,0.00,0.00,0.0,0.0
2026-09-23T00:51:28+00:00,2026-09-22,daily,6,2026-10-10T10:00:00Z,175,van Ewijk,COV,DEF,40,0,0,8.9,1014,61584,122919,486258,d,Hamstring injury - 75% chance of playing,2026-09-19T16:00:09.486751Z,,75,,,,1.2,0,6,360,4,0,0,0,10,0,27,21,6,13,0.00,0.30,0.30,7.53,1.2,0.9
2026-09-23T00:51:28+00:00,2026-09-22,daily,6,2026-10-10T10:00:00Z,176,Dasilva,COV,DEF,40,0,0,0.7,4522,1147,13805,22113,a,,,,,,,,4.8,15,20,444,5,1,0,1,10,0,23,19,4,14,0.50,0.52,1.02,8.63,4.8,4.8
2026-09-23T00:51:28+00:00,2026-09-22,daily,6,2026-10-10T10:00:00Z,177,Kesler-Hayden,COV,DEF,39,-1,-1,0.0,815,316,1414,3541,i,Hamstring injury - Unknown return date,2026-08-27T14:56:28.704361Z,0,0,,,,0.0,0,0,0,0,0,0,0,0,0,0,0,0,0,0.00,0.00,0.00,0.00,0.0,0.0
2026-09-23T00:51:28+00:00,2026-09-22,daily,6,2026-10-10T10:00:00Z,178,Bidwell,COV,DEF,40,0,0,0.1,145,226,2452,3457,a,,,,,,,,0.0,0,0,0,0,0,0,0,0,0,0,0,0,0,0.00,0.00,0.00,0.00,0.0,0.0
2026-09-23T00:51:28+00:00,2026-09-22,daily,6,2026-10-10T10:00:00Z,179,Latibeaudiere,COV,DEF,40,0,0,0.0,57,108,968,1711,a,,,,,,,,0.2,1,1,1,0,0,0,0,0,0,2,2,0,0,0.00,0.00,0.00,0.02,0.2,0.2
2026-09-23T00:51:28+00:00,2026-09-22,daily,6,2026-10-10T10:00:00Z,180,Woolfenden,COV,DEF,40,0,0,0.1,15,406,2250,8915,i,Knee injury - Unknown return date,2026-08-27T14:56:28.718566Z,0,0,,,,0.0,0,0,0,0,0,0,0,0,0,0,0,0,0,0.00,0.00,0.00,0.00,0.0,0.0
2026-09-23T00:51:28+00:00,2026-09-22,daily,6,2026-10-10T10:00:00Z,181,Brau,COV,DEF,40,0,0,0.0,0,76,275,2146,u,Has joined Academico de Viseu on loan for the rest of the season,2026-08-29T00:35:59.980316Z,0,0,,,,0.0,0,0,0,0,0,0,0,0,0,0,0,0,0,0.00,0.00,0.00,0.00,0.0,0.0
2026-09-23T00:51:28+00:00,2026-09-22,daily,6,2026-10-10T10:00:00Z,182,Amenda,COV,DEF,40,0,0,0.6,24,5333,11469,32235,i,Calf injury - Unknown return date,2026-09-17T07:30:09.329041Z,25,0,,,,0.8,0,4,360,4,0,0,0,10,0,24,23,1,11,0.02,0.39,0.41,7.53,0.2,0.0
2026-09-23T00:51:28+00:00,2026-09-22,daily,6,2026-10-10T10:00:00Z,183,Rudoni,COV,MID,49,0,-1,0.1,664,517,4134,7906,a,,2026-07-23T12:01:23.481435Z,100,100,,1,5,3.0,5,13,297,4,0,0,2,4,0,34,9,4,21,0.92,1.11,2.03,4.49,3.0,3.0
2026-09-23T00:51:28+00:00,2026-09-22,daily,6,2026-10-10T10:00:00Z,184,Grimes,COV,MID,49,0,-1,0.1,148,703,4045,11094,a,,,,,3,,1,2.2,3,11,443,5,0,0,1,9,0,38,13,9,16,0.12,0.13,0.25,8.42,2.2,2.2
2026-09-23T00:51:28+00:00,2026-09-22,daily,6,2026-10-10T10:00:00Z,185,Sakamoto,COV,MID,48,0,-2,0.1,103,314,993,5686,a,,,,,,,,0.2,0,1,31,0,0,0,0,1,0,4,0,2,2,0.02,0.02,0.04,0.69,0.2,0.2
2026-09-23T00:51:28+00:00,2026-09-22,daily,6,2026-10-10T10:00:00Z,186,Mason-Clark,COV,MID,53,-1,-2,0.1,61,301,1100,5905,a,,2026-08-19T18:00:08.310507Z,100,100,,,,1.2,1,5,231,4,0,0,0,3,0,15,6,0,9,0.51,0.12,0.63,3.16,1.2,1.2
2026-09-23T00:51:28+00:00,2026-09-22,daily,6,2026-10-10T10:00:00Z,187,Eccles,COV,MID,48,-1,-2,0.0,11,76,624,1452,i,Unspecified injury - Expected back 12 Oct,2026-09-10T18:30:08.877110Z,0,0,,,,0.0,0,0,0,0,0,0,0,0,0,0,0,0,0,0.00,0.00,0.00,0.00,0.0,0.0
2026-09-23T00:51:28+00:00,2026-09-22,daily,6,2026-10-10T10:00:00Z,188,Torp,COV,MID,53,-1,-2,0.1,36,340,789,7872,a,,,,,2,2,2,0.5,0,3,53,0,0,0,0,2,0,3,1,0,2,0.00,0.12,0.12,1.22,0.5,0.5
2026-09-23T00:51:28+00:00,2026-09-22,daily,6,2026-10-10T10:00:00Z,189,Shepherd,COV,MID,44,0,-1,0.3,3300,1820,10020,14691,a,,,,,,,,0.0,0,0,0,0,0,0,0,0,0,0,0,0,0,0.00,0.00,0.00,0.00,0.0,0.0
2026-09-23T00:51:28+00:00,2026-09-22,daily,6,2026-10-10T10:00:00Z,190,Tchaouna,COV,MID,54,0,-1,0.1,14,267,3130,8144,a,,,,,,,3,0.8,1,5,211,2,0,0,0,3,0,18,6,1,11,0.23,0.18,0.41,3.23,0.8,0.8
2026-09-23T00:51:28+00:00,2026-09-22,daily,6,2026-10-10T10:00:00Z,191,Borges Rodrigues,COV,MID,45,0,0,0.1,0,549,1943,11373,u,Has joined Burton Albion on loan for the rest of the season,2026-09-02T15:44:14.868001Z,0,0,,,,0.0,0,0,0,0,0,0,0,0,0,0,0,0,0,0.00,0.00,0.00,0.00,0.0,0.0
2026-09-23T00:51:28+00:00,2026-09-22,daily,6,2026-10-10T10:00:00Z,192,Andrews,COV,MID,45,0,0,0.3,0,1569,2718,40674,u,Has joined Oxford United on loan for the rest of the season,2026-08-29T00:35:59.998520Z,0,0,,,,0.0,0,0,0,0,0,0,0,0,0,0,0,0,0,0.00,0.00,0.00,0.00,0.0,0.0
2026-09-23T00:51:28+00:00,2026-09-22,daily,6,2026-10-10T10:00:00Z,193,Wright,COV,FWD,54,0,-1,0.1,35,409,602,12335,i,Thigh injury - Unknown return date,2026-08-14T22:00:07.214508Z,0,0,1,,,0.0,0,0,0,0,0,0,0,0,0,0,0,0,0,0.00,0.00,0.00,0.00,0.0,0.0
2026-09-23T00:51:28+00:00,2026-09-22,daily,6,2026-10-10T10:00:00Z,194,Thomas-Asante,COV,FWD,50,0,0,0.8,5782,4468,56407,55493,a,,,,,4,,,1.8,4,9,227,2,0,0,1,6,0,27,12,3,12,0.34,0.06,0.39,4.98,1.8,1.8
2026-09-23T00:51:28+00:00,2026-09-22,daily,6,2026-10-10T10:00:00Z,195,Simms,COV,FWD,49,-1,-1,0.6,993,4287,39497,63505,a,,,,,,,,0.5,1,4,104,1,0,0,0,3,0,3,1,0,2,0.30,0.01,0.31,2.79,0.5,0.5
2026-09-23T00:51:28+00:00,2026-09-22,daily,6,2026-10-10T10:00:00Z,196,Markelo,COV,FWD,50,0,0,0.0,0,47,0,1174,u,Has joined Shabab Al-Ahli Dubai permanently,2026-08-17T13:53:55.791223Z,0,0,,,,0.0,0,0,0,0,0,0,0,0,0,0,0,0,0,0.00,0.00,0.00,0.00,0.0,0.0
2026-09-23T00:51:28+00:00,2026-09-22,daily,6,2026-10-10T10:00:00Z,197,Bassette,COV,FWD,45,0,0,0.0,0,119,0,2078,u,Has joined KVC Westerlo on loan for the rest of the season,2026-07-28T12:58:50.001768Z,0,0,,,,0.0,0,0,0,0,0,0,0,0,0,0,0,0,0,0.00,0.00,0.00,0.00,0.0,0.0
2026-09-23T00:51:28+00:00,2026-09-22,daily,6,2026-10-10T10:00:00Z,492,Awoniyi,COV,FWD,54,-1,-1,0.4,52,4131,21325,63926,s,Suspended until 19 Oct,2026-09-13T15:00:09.305127Z,0,0,5,,,0.5,0,3,232,3,0,0,0,7,0,11,3,1,7,1.30,0.04,1.34,3.55,0.0,0.0
2026-09-23T00:51:28+00:00,2026-09-22,daily,6,2026-10-10T10:00:00Z,575,Yirenkyi,COV,MID,48,-1,-2,0.1,202,816,2854,13483,a,,,,,,,,2.0,3,9,265,3,0,0,2,5,0,21,7,1,13,0.03,0.15,0.18,4.25,2.0,2.0
2026-09-23T00:51:28+00:00,2026-09-22,daily,6,2026-10-10T10:00:00Z,584,Hamer,COV,MID,54,0,-1,0.1,34,310,784,6317,a,,,,,,,4,0.5,0,3,32,0,0,0,0,1,0,3,0,1,2,0.00,0.02,0.02,0.82,0.5,0.5
2026-09-23T00:51:28+00:00,2026-09-22,daily,6,2026-10-10T10:00:00Z,599,Cherif,COV,FWD,50,0,0,0.1,381,606,7308,7445,a,,,,,,,,0.2,0,1,30,0,0,0,0,3,0,1,1,0,0,0.00,0.00,0.00,1.43,0.2,0.2
2026-09-23T00:51:28+00:00,2026-09-22,daily,6,2026-10-10T10:00:00Z,623,Bentley,COV,GKP,40,0,0,0.6,6892,1596,77270,18488,a,,,,,,,,0.0,0,0,0,0,0,0,0,0,0,0,0,0,0,0.00,0.00,0.00,0.00,0.0,0.0
2026-09-23T00:51:28+00:00,2026-09-22,daily,6,2026-10-10T10:00:00Z,655,Gboho,COV,MID,55,0,0,0.0,55,44,253,93,a,,,,,,,,0.0,0,0,0,0,0,0,0,0,0,0,0,0,0,0.00,0.00,0.00,0.00,0.0,0.0
2026-09-23T00:51:28+00:00,2026-09-22,daily,6,2026-10-10T10:00:00Z,656,Mfuni,COV,DEF,40,0,0,0.1,1431,630,9743,2431,a,,,,,,,,3.0,6,6,90,1,0,0,1,0,0,8,7,1,3,0.00,0.01,0.01,1.10,3.0,3.0
2026-09-23T00:51:28+00:00,2026-09-22,daily,6,2026-10-10T10:00:00Z,42,Guessand,CRY,MID,54,0,-1,0.0,78,208,2371,3579,a,,,,,,,,0.2,0,2,54,0,0,0,0,1,0,2,1,1,0,0.03,0.03,0.06,0.34,0.2,0.2
2026-09-23T00:51:28+00:00,2026-09-22,daily,6,2026-10-10T10:00:00Z,153,Disasi,CRY,DEF,45,0,0,0.1,20,611,9421,10192,s,Suspended until 25 Oct,2026-09-12T15:30:09.445078Z,0,0,,,,0.2,0,1,139,2,0,0,0,6,0,20,15,5,11,0.00,0.04,0.04,3.72,0.0,0.0
2026-09-23T00:51:28+00:00,2026-09-22,daily,6,2026-10-10T10:00:00Z,198,Henderson,CRY,GKP,50,0,0,1.3,96,8672,55222,117580,i,Foot injury - Expected back 11 Oct,2026-09-12T14:00:09.378740Z,0,0,,,,0.8,0,5,270,3,0,0,0,8,12,0,6,0,31,0.00,0.00,0.00,6.47,0.0,0.0
2026-09-23T00:51:28+00:00,2026-09-22,daily,6,2026-10-10T10:00:00Z,199,Benitez,CRY,GKP,45,0,0,0.1,486,239,3578,4656,a,,,,,,,,2.0,6,8,180,2,0,0,1,3,5,0,2,0,11,0.00,0.00,0.00,2.99,2.0,2.0
2026-09-23T00:51:28+00:00,2026-09-22,daily,6,2026-10-10T10:00:00Z,202,Richards,CRY,DEF,50,0,0,0.6,1184,1709,22096,37440,a,,,,,,,,2.8,8,14,450,5,0,0,1,11,0,54,46,8,16,0.08,0.07,0.15,9.46,2.8,2.8
2026-09-23T00:51:28+00:00,2026-09-22,daily,6,2026-10-10T10:00:00Z,203,Canvot,CRY,DEF,48,-1,-2,0.2,273,699,5615,19349,a,,,,,,,,2.2,8,10,360,4,0,0,1,8,0,34,26,8,11,0.05,0.13,0.18,7.78,2.2,2.2
2026-09-23T00:51:28+00:00,2026-09-22,daily,6,2026-10-10T10:00:00Z,204,Mitchell,CRY,DEF,45,0,0,6.0,10244,12409,306779,260811,a,,,,,,,,5.8,7,24,419,5,2,0,1,10,0,25,14,11,23,0.77,0.26,1.03,8.34,5.8,5.8
2026-09-23T00:51:28+00:00,2026-09-22,daily,6,2026-10-10T10:00:00Z,205,Sosa,CRY,DEF,45,0,0,0.0,0,78,236,2047,u,Has joined FC Cologne on loan for the rest of the season,2026-09-02T16:03:25.710518Z,0,0,,,,0.0,0,0,0,0,0,0,0,0,0,0,0,0,0,0.00,0.00,0.00,0.00,0.0,0.0
2026-09-23T00:51:28+00:00,2026-09-22,daily,6,2026-10-10T10:00:00Z,206,Chadi Riad,CRY,DEF,43,-1,-2,0.0,20,99,644,5650,i,Knee injury - Unknown return date,2026-08-22T18:00:07.352049Z,0,0,,,,0.0,0,1,72,1,0,0,0,2,0,7,6,1,3,0.00,0.01,0.01,0.98,0.0,0.0
2026-09-23T00:51:28+00:00,2026-09-22,daily,6,2026-10-10T10:00:00Z,207,Mingueza,CRY,DEF,44,0,-1,0.1,59,218,1969,4774,a,,,,,,,,0.5,0,2,16,0,0,0,0,1,0,2,0,2,1,0.00,0.00,0.00,0.33,0.5,0.5
2026-09-23T00:51:28+00:00,2026-09-22,daily,6,2026-10-10T10:00:00Z,208,Sarr,CRY,MID,62,0,-3,0.6,1949,1656,6003,376107,a,,2026-08-22T18:00:07.363165Z,100,100,2,,,0.2,1,1,8,0,0,0,0,0,0,0,0,0,0,0.00,0.01,0.01,0.06,0.2,0.2
2026-09-23T00:51:28+00:00,2026-09-22,daily,6,2026-10-10T10:00:00Z,210,Wharton,CRY,MID,54,-1,-1,0.7,931,3700,29338,47690,a,,2026-07-23T12:01:23.498963Z,100,100,,,2,2.0,2,12,436,5,0,0,1,10,0,41,16,10,15,0.15,0.58,0.73,8.91,2.0,2.0
2026-09-23T00:51:28+00:00,2026-09-22,daily,6,2026-10-10T10:00:00Z,211,Yeremy,CRY,MID,55,0,0,0.4,562,2163,45106,30560,a,,,,,,1,1,3.2,2,14,307,4,0,2,1,6,0,26,5,5,16,0.52,0.55,1.07,6.93,3.2,3.2
2026-09-23T00:51:28+00:00,2026-09-22,daily,6,2026-10-10T10:00:00Z,212,Hughes,CRY,MID,44,0,-1,7.4,7174,35685,120573,474300,a,,,,,,,4,0.5,0,2,29,0,0,0,0,1,0,7,3,1,3,0.00,0.04,0.04,1.12,0.5,0.5
2026-09-23T00:51:28+00:00,2026-09-22,daily,6,2026-10-10T10:00:00Z,213,Lerma,CRY,MID,48,-1,-2,0.1,60,284,1266,5465,a,,,,,,,,0.2,0,1,51,0,0,0,0,1,0,12,7,2,3,0.26,0.00,0.26,1.25,0.2,0.2
2026-09-23T00:51:28+00:00,2026-09-22,daily,6,2026-10-10T10:00:00Z,214,Kamada,CRY,MID,50,0,0,0.5,2441,2317,49188,23934,a,,,,,,,3,4.5,3,21,441,5,0,3,1,10,0,38,4,11,23,0.47,0.38,0.85,8.85,4.5,4.5
2026-09-23T00:51:28+00:00,2026-09-22,daily,6,2026-10-10T10:00:00Z,215,Devenny,CRY,MID,50,0,0,0.0,0,28,132,942,u,Has joined Stoke City permanently,2026-09-02T15:41:07.346849Z,0,0,3,2,,0.0,0,0,0,0,0,0,0,0,0,0,0,0,0,0.00,0.00,0.00,0.00,0.0,0.0
2026-09-23T00:51:28+00:00,2026-09-22,daily,6,2026-10-10T10:00:00Z,216,Esse,CRY,MID,50,0,0,0.0,0,92,399,3203,u,Has joined Millwall on loan for the rest of the season,2026-09-02T15:41:07.376544Z,0,0,,,,0.0,0,0,0,0,0,0,0,0,0,0,0,0,0,0.00,0.00,0.00,0.00,0.0,0.0
2026-09-23T00:51:28+00:00,2026-09-22,daily,6,2026-10-10T10:00:00Z,217,M.França,CRY,MID,49,0,-1,0.0,0,113,1007,3395,u,Has joined Alverca on loan for the rest of the season,2026-09-11T14:42:19.322912Z,0,0,,,,0.0,0,0,0,0,0,0,0,0,0,0,0,0,0,0.00,0.00,0.00,0.00,0.0,0.0
2026-09-23T00:51:28+00:00,2026-09-22,daily,6,2026-10-10T10:00:00Z,218,Doucouré,CRY,MID,48,-1,-2,0.0,75,237,2049,4402,a,,,,,,,,0.0,0,0,0,0,0,0,0,0,0,0,0,0,0,0.00,0.00,0.00,0.00,0.0,0.0
2026-09-23T00:51:28+00:00,2026-09-22,daily,6,2026-10-10T10:00:00Z,219,J.Rak-Sakyi,CRY,MID,49,0,-1,0.0,0,16,145,458,u,has joined  Kasimpasa on loan for the rest of the seaon.,2026-09-10T09:12:47.224598Z,0,0,,,,0.0,0,0,0,0,0,0,0,0,0,0,0,0,0,0.00,0.00,0.00,0.00,0.0,0.0
2026-09-23T00:51:28+00:00,2026-09-22,daily,6,2026-10-10T10:00:00Z,220,Cardines,CRY,DEF,45,0,0,0.0,0,3,0,128,u,Has joined Bristol City on loan for the rest of the season,2026-08-12T14:08:46.501813Z,0,0,,,,0.0,0,0,0,0,0,0,0,0,0,0,0,0,0,0.00,0.00,0.00,0.00,0.0,0.0
2026-09-23T00:51:28+00:00,2026-09-22,daily,6,2026-10-10T10:00:00Z,221,Drakes-Thomas,CRY,MID,45,0,0,0.1,112,318,2660,4563,a,,,,,,,,0.0,0,0,0,0,0,0,0,0,0,0,0,0,0,0.00,0.00,0.00,0.00,0.0,0.0
2026-09-23T00:51:28+00:00,2026-09-22,daily,6,2026-10-10T10:00:00Z,222,Strand Larsen,CRY,FWD,60,0,0,0.6,3511,2993,48736,40047,a,,,,,,,,3.2,2,14,298,3,1,0,1,5,0,13,6,2,5,0.43,0.20,0.63,6.15,3.2,3.2
2026-09-23T00:51:28+00:00,2026-09-22,daily,6,2026-10-10T10:00:00Z,223,Mateta,CRY,FWD,63,0,-2,1.3,152,6905,25905,452392,i,Hamstring injury - Expected back 11 Oct,2026-08-28T21:00:08.020382Z,0,0,1,,,0.0,0,2,62,1,0,0,0,2,0,5,1,2,2,0.70,0.02,0.72,0.98,0.0,0.0
2026-09-23T00:51:28+00:00,2026-09-22,daily,6,2026-10-10T10:00:00Z,224,Nketiah,CRY,FWD,55,0,0,0.5,907,2680,46888,49327,a,,2026-09-12T14:00:09.427136Z,100,100,,,,1.8,1,8,175,3,0,1,0,7,0,12,2,4,6,1.10,0.60,1.70,4.51,1.8,1.8
2026-09-23T00:51:28+00:00,2026-09-22,daily,6,2026-10-10T10:00:00Z,225,Uche,CRY,FWD,50,0,0,0.0,0,0,0,0,u,has returned to Getafe CF,2026-07-23T12:18:56.275922Z,0,0,,,,0.0,0,0,0,0,0,0,0,0,0,0,0,0,0,0.00,0.00,0.00,0.00,0.0,0.0
2026-09-23T00:51:28+00:00,2026-09-22,daily,6,2026-10-10T10:00:00Z,241,McNeil,CRY,MID,54,0,-1,0.1,50,364,1757,8093,a,,,,,,,,0.2,0,3,84,1,0,0,0,3,0,7,4,0,3,0.05,0.02,0.07,1.18,0.2,0.2
2026-09-23T00:51:28+00:00,2026-09-22,daily,6,2026-10-10T10:00:00Z,555,Matthews,CRY,GKP,40,0,0,1.7,822,2387,23006,30827,a,,,,,,,,0.0,0,0,0,0,0,0,0,0,0,0,0,0,0,0.00,0.00,0.00,0.00,0.0,0.0
2026-09-23T00:51:28+00:00,2026-09-22,daily,6,2026-10-10T10:00:00Z,577,Tomiyasu,CRY,DEF,44,0,-1,0.3,139,727,3468,12847,d,Calf injury - 75% chance of playing,2026-09-21T13:30:09.030724Z,,75,,,,0.5,1,3,189,2,0,0,0,5,0,17,15,2,7,0.00,0.03,0.03,3.98,0.5,0.4
2026-09-23T00:51:28+00:00,2026-09-22,daily,6,2026-10-10T10:00:00Z,588,Khalaili,CRY,DEF,50,0,0,0.3,1508,774,34201,15028,a,,,,,,,,4.5,6,19,379,4,1,0,1,8,0,44,23,21,26,0.96,0.33,1.29,8.41,4.5,4.5
2026-09-23T00:51:28+00:00,2026-09-22,daily,6,2026-10-10T10:00:00Z,595,Gozo,CRY,MID,50,0,0,0.0,25,63,475,856,a,,,,,,,,0.5,0,2,28,0,0,0,0,2,0,1,0,1,0,0.00,0.00,0.00,0.68,0.5,0.5
2026-09-23T00:51:28+00:00,2026-09-22,daily,6,2026-10-10T10:00:00Z,633,Ahanor,CRY,DEF,45,0,0,0.0,108,88,1883,540,a,,,,,,,,1.0,0,3,90,1,0,0,0,3,0,11,9,2,4,0.00,0.01,0.01,1.68,1.0,1.0
2026-09-23T00:51:28+00:00,2026-09-22,daily,6,2026-10-10T10:00:00Z,643,Chilwell,CRY,DEF,45,0,0,0.4,419,2404,42973,17614,a,,,,,,,,2.7,0,8,29,0,1,0,0,1,0,1,1,0,0,0.27,0.01,0.28,1.12,2.7,2.7
2026-09-23T00:51:28+00:00,2026-09-22,daily,6,2026-10-10T10:00:00Z,644,Timber,CRY,MID,50,0,0,0.0,352,242,4175,1434,a,,,,,,,,3.0,3,9,253,3,0,0,1,5,0,27,6,11,10,0.24,0.06,0.30,5.56,3.0,3.0
2026-09-23T00:51:28+00:00,2026-09-22,daily,6,2026-10-10T10:00:00Z,647,Osorio,CRY,MID,55,0,0,0.0,15,58,934,394,a,,,,,,,,0.3,0,1,1,0,0,0,0,0,0,1,0,1,0,0.00,0.00,0.00,0.13,0.3,0.3
2026-09-23T00:51:28+00:00,2026-09-22,daily,6,2026-10-10T10:00:00Z,21,Nørgaard,EVE,MID,49,0,-1,0.0,28,233,468,7335,i,Groin injury - Unknown return date,2026-08-15T20:00:06.779594Z,0,0,,,,0.0,0,0,0,0,0,0,0,0,0,0,0,0,0,0.00,0.00,0.00,0.00,0.0,0.0
2026-09-23T00:51:28+00:00,2026-09-22,daily,6,2026-10-10T10:00:00Z,209,Johnson,EVE,MID,59,0,-1,0.1,282,554,5177,10269,a,,,,,,,,2.0,3,9,238,3,0,0,2,1,0,26,8,7,11,1.03,0.22,1.25,3.73,2.0,2.0
2026-09-23T00:51:28+00:00,2026-09-22,daily,6,2026-10-10T10:00:00Z,226,Pickford,EVE,GKP,55,0,0,9.1,22761,10985,290278,231104,a,,,,,,,,4.5,8,25,450,5,0,0,3,3,15,0,7,0,53,0.00,0.02,0.02,6.94,4.5,4.5
2026-09-23T00:51:28+00:00,2026-09-22,daily,6,2026-10-10T10:00:00Z,227,Travers,EVE,GKP,50,0,0,0.0,186,196,1744,2058,a,,,,,,,,0.0,0,0,0,0,0,0,0,0,0,0,0,0,0,0.00,0.00,0.00,0.00,0.0,0.0
2026-09-23T00:51:28+00:00,2026-09-22,daily,6,2026-10-10T10:00:00Z,228,King,EVE,GKP,45,0,0,0.0,81,127,1148,1694,a,,,,,,,,0.0,0,0,0,0,0,0,0,0,0,0,0,0,0,0.00,0.00,0.00,0.00,0.0,0.0
2026-09-23T00:51:28+00:00,2026-09-22,daily,6,2026-10-10T10:00:00Z,229,Tarkowski,EVE,DEF,61,0,1,15.9,172027,13127,882835,276713,a,,,,,,,,9.2,14,43,450,5,1,1,3,3,0,51,40,11,18,0.18,0.04,0.22,6.94,9.2,9.2
2026-09-23T00:51:28+00:00,2026-09-22,daily,6,2026-10-10T10:00:00Z,230,Branthwaite,EVE,DEF,55,0,0,2.4,14983,4843,135155,69308,a,,,,,,,,5.2,8,27,450,5,0,0,3,3,0,54,49,5,14,0.17,0.02,0.19,6.94,5.2,5.2
2026-09-23T00:51:28+00:00,2026-09-22,daily,6,2026-10-10T10:00:00Z,231,Keane,EVE,DEF,48,0,-2,0.7,299,3075,9204,89874,a,,,,,,,,0.0,0,0,0,0,0,0,0,0,0,0,0,0,0,0.00,0.00,0.00,0.00,0.0,0.0
2026-09-23T00:51:28+00:00,2026-09-22,daily,6,2026-10-10T10:00:00Z,232,O'Brien,EVE,DEF,48,-1,-2,0.3,256,884,4511,24355,a,,,,,,,,0.5,1,2,16,0,0,0,0,0,0,2,2,0,2,0.00,0.00,0.00,0.42,0.5,0.5
2026-09-23T00:51:28+00:00,2026-09-22,daily,6,2026-10-10T10:00:00Z,233,Mykolenko,EVE,DEF,46,1,1,4.2,36466,12563,407658,109016,a,,,,,,,,5.2,5,27,450,5,0,0,3,3,0,39,25,14,30,0.04,0.16,0.20,6.94,5.2,5.2
2026-09-23T00:51:28+00:00,2026-09-22,daily,6,2026-10-10T10:00:00Z,234,Patterson,EVE,DEF,45,0,0,0.0,0,95,371,2408,u,Has joined Torino permanently,2026-09-02T16:05:23.326971Z,0,0,,,,0.0,0,0,0,0,0,0,0,0,0,0,0,0,0,0.00,0.00,0.00,0.00,0.0,0.0
2026-09-23T00:51:28+00:00,2026-09-22,daily,6,2026-10-10T10:00:00Z,235,Aznou,EVE,DEF,40,0,0,0.1,0,435,1728,11029,u,Has joined Malaga on loan for the rest of the season,2026-09-01T13:23:16.934847Z,0,0,,,,0.0,0,0,0,0,0,0,0,0,0,0,0,0,0,0.00,0.00,0.00,0.00,0.0,0.0
2026-09-23T00:51:28+00:00,2026-09-22,daily,6,2026-10-10T10:00:00Z,236,Dewsbury-Hall,EVE,MID,66,1,1,6.0,30592,36545,581356,315909,a,,,,,,,2,2.2,3,20,450,5,1,0,3,3,0,42,5,11,26,0.99,0.83,1.82,6.74,2.2,2.2
2026-09-23T00:51:28+00:00,2026-09-22,daily,6,2026-10-10T10:00:00Z,238,Grealish,EVE,MID,65,0,0,0.5,2638,2332,39682,22616,a,,2026-07-29T10:00:10.492904Z,100,100,,,,1.2,3,6,135,1,0,0,1,1,0,13,2,3,8,0.02,0.44,0.46,1.67,1.2,1.2
2026-09-23T00:51:28+00:00,2026-09-22,daily,6,2026-10-10T10:00:00Z,239,Garner,EVE,MID,60,0,0,0.2,1246,1572,20698,13472,a,,2026-09-06T18:00:08.301702Z,100,100,2,1,1,2.5,3,11,328,4,0,0,2,2,0,45,9,11,25,0.20,0.17,0.37,3.45,2.5,2.5
2026-09-23T00:51:28+00:00,2026-09-22,daily,6,2026-10-10T10:00:00Z,242,George,EVE,MID,55,0,0,0.9,1899,9257,106564,40921,a,,,,,,,,4.0,1,19,309,4,1,0,2,3,0,18,5,1,12,0.35,0.32,0.67,3.71,4.0,4.0
2026-09-23T00:51:28+00:00,2026-09-22,daily,6,2026-10-10T10:00:00Z,243,Alcaraz,EVE,MID,49,0,-1,0.1,126,325,2827,5758,a,,,,,,,,0.0,0,1,5,0,0,0,0,0,0,3,0,1,2,0.05,0.02,0.07,0.04,0.0,0.0
2026-09-23T00:51:28+00:00,2026-09-22,daily,6,2026-10-10T10:00:00Z,244,Armstrong,EVE,MID,50,0,0,0.4,631,2818,53691,32172,a,,2026-09-17T08:30:08.942299Z,75,100,,,,2.0,2,16,446,5,0,1,3,3,0,40,13,8,19,0.21,0.49,0.70,6.94,1.5,2.0
2026-09-23T00:51:28+00:00,2026-09-22,daily,6,2026-10-10T10:00:00Z,245,Dibling,EVE,MID,54,0,-1,0.0,96,117,1151,2616,a,,,,,,,,0.2,1,1,24,0,0,0,0,0,0,0,0,0,0,0.17,0.16,0.33,0.38,0.2,0.2
2026-09-23T00:51:28+00:00,2026-09-22,daily,6,2026-10-10T10:00:00Z,246,Röhl,EVE,MID,49,0,-1,0.0,6,492,1961,4592,i,Unspecified injury - Expected back 11 Oct,2026-09-16T18:00:09.541933Z,0,0,,,,0.8,0,6,249,3,0,0,1,2,0,24,6,5,13,0.00,0.20,0.20,4.52,0.0,0.0
2026-09-23T00:51:28+00:00,2026-09-22,daily,6,2026-10-10T10:00:00Z,247,Hackney,EVE,MID,54,-1,-1,0.2,157,883,3708,11723,a,,2026-08-26T22:00:07.797766Z,100,100,,,3,1.8,1,10,137,1,0,1,1,1,0,12,4,3,5,0.05,0.13,0.18,3.91,1.8,1.8
2026-09-23T00:51:28+00:00,2026-09-22,daily,6,2026-10-10T10:00:00Z,248,Beto,EVE,FWD,54,0,-1,0.6,0,5756,16222,218078,u,Has joined Fiorentina permanently,2026-09-02T16:05:23.357221Z,0,0,,,,0.2,0,2,31,0,0,0,0,0,0,1,1,0,0,0.09,0.00,0.09,1.92,0.0,0.0
2026-09-23T00:51:28+00:00,2026-09-22,daily,6,2026-10-10T10:00:00Z,249,Barry,EVE,FWD,56,0,1,8.1,57818,29221,939973,347397,a,,,,,1,,,3.0,6,20,417,5,2,0,3,3,0,17,5,1,11,3.50,0.15,3.65,5.02,3.0,3.0
2026-09-23T00:51:28+00:00,2026-09-22,daily,6,2026-10-10T10:00:00Z,649,Maitland-Niles,EVE,DEF,45,0,0,1.3,15286,3097,88318,12989,a,,,,,,,,7.0,8,21,177,2,1,0,2,1,0,13,8,5,7,0.06,0.25,0.31,2.00,7.0,7.0
2026-09-23T00:51:28+00:00,2026-09-22,daily,6,2026-10-10T10:00:00Z,654,Graham,EVE,MID,45,0,0,0.1,177,790,11223,5095,a,,,,,,,,0.0,0,0,0,0,0,0,0,0,0,0,0,0,0,0.00,0.00,0.00,0.00,0.0,0.0
2026-09-23T00:51:28+00:00,2026-09-22,daily,6,2026-10-10T10:00:00Z,250,Leno,FUL,GKP,45,0,0,3.3,28419,6924,139316,97966,a,,,,,,,,3.6,3,18,450,5,0,0,1,8,16,0,6,0,41,0.00,0.00,0.00,9.11,3.6,3.6
2026-09-23T00:51:28+00:00,2026-09-22,daily,6,2026-10-10T10:00:00Z,251,Lecomte,FUL,GKP,40,0,0,1.1,1937,1849,24665,25284,a,,,,,,,,0.0,0,0,0,0,0,0,0,0,0,0,0,0,0,0.00,0.00,0.00,0.00,0.0,0.0
2026-09-23T00:51:28+00:00,2026-09-22,daily,6,2026-10-10T10:00:00Z,252,McNally,FUL,GKP,40,0,0,0.1,0,488,2589,6484,u,Has joined York City on loan for the rest of the season,2026-09-01T13:25:11.231240Z,0,0,,,,0.0,0,0,0,0,0,0,0,0,0,0,0,0,0,0.00,0.00,0.00,0.00,0.0,0.0
2026-09-23T00:51:28+00:00,2026-09-22,daily,6,2026-10-10T10:00:00Z,253,Andersen,FUL,DEF,50,0,0,0.1,2118,833,13992,8943,a,,2026-07-23T12:01:23.516350Z,100,100,,,,0.6,1,3,190,2,0,0,0,5,0,20,18,2,9,0.00,0.10,0.10,4.35,0.6,0.6
2026-09-23T00:51:28+00:00,2026-09-22,daily,6,2026-10-10T10:00:00Z,254,Robinson,FUL,DEF,45,0,0,1.4,12123,4553,54608,68528,a,,,,,2,,,2.4,2,12,429,5,0,0,1,8,0,31,18,13,20,0.26,0.30,0.56,9.08,2.4,2.4
2026-09-23T00:51:28+00:00,2026-09-22,daily,6,2026-10-10T10:00:00Z,255,J.Cuenca,FUL,DEF,45,0,0,0.0,48,76,1528,1969,a,,,,,,,,0.6,0,3,90,1,0,0,0,3,0,10,9,1,3,0.00,0.03,0.03,2.24,0.6,0.6
2026-09-23T00:51:28+00:00,2026-09-22,daily,6,2026-10-10T10:00:00Z,256,Tete,FUL,DEF,44,0,-1,0.2,28,922,1359,10367,a,,2026-09-18T12:30:09.546158Z,0,100,,,,0.0,0,0,27,0,0,0,0,0,0,3,3,0,0,0.00,0.00,0.00,0.65,0.0,0.0
2026-09-23T00:51:28+00:00,2026-09-22,daily,6,2026-10-10T10:00:00Z,257,Bassey,FUL,DEF,45,0,0,0.7,3647,1186,24661,29332,a,,,,,,,,3.0,6,15,450,5,0,1,1,8,0,29,23,6,22,0.13,0.08,0.21,9.11,3.0,3.0
2026-09-23T00:51:28+00:00,2026-09-22,daily,6,2026-10-10T10:00:00Z,258,Castagne,FUL,DEF,45,0,0,0.9,11838,3461,88480,42190,a,,,,,,,,4.0,1,20,408,5,0,2,2,7,0,29,23,6,18,0.67,0.39,1.06,6.81,4.0,4.0
2026-09-23T00:51:28+00:00,2026-09-22,daily,6,2026-10-10T10:00:00Z,261,Iwobi,FUL,MID,54,0,-1,0.7,2304,2470,21224,54831,a,,,,,3,1,1,2.8,5,14,408,5,0,0,2,7,0,29,5,5,19,0.39,1.22,1.61,8.16,2.8,2.8
2026-09-23T00:51:28+00:00,2026-09-22,daily,6,2026-10-10T10:00:00Z,262,Smith Rowe,FUL,MID,54,0,-1,0.2,213,1043,4411,20702,a,,,,,,,,0.6,0,3,38,0,0,0,0,0,0,3,1,0,2,0.06,0.02,0.08,0.87,0.6,0.6
2026-09-23T00:51:28+00:00,2026-09-22,daily,6,2026-10-10T10:00:00Z,263,Kevin,FUL,MID,53,0,-2,0.0,148,209,1952,4146,a,,,,,,,4,0.8,1,4,61,0,0,0,0,1,0,8,1,3,4,0.07,0.12,0.19,1.23,0.8,0.8
2026-09-23T00:51:28+00:00,2026-09-22,daily,6,2026-10-10T10:00:00Z,264,Bobb,FUL,MID,55,0,0,0.3,1579,1355,15582,20461,a,,,,,,,2,2.6,3,13,343,5,0,0,3,6,0,28,5,8,15,0.54,1.14,1.68,6.19,2.6,2.6
2026-09-23T00:51:28+00:00,2026-09-22,daily,6,2026-10-10T10:00:00Z,265,Berge,FUL,MID,49,0,-1,0.3,455,1006,6186,17762,a,,,,,,,,2.2,3,11,349,4,0,0,2,5,0,19,7,4,8,0.08,0.36,0.44,7.36,2.2,2.2
2026-09-23T00:51:28+00:00,2026-09-22,daily,6,2026-10-10T10:00:00Z,266,Cairney,FUL,MID,49,0,-1,0.0,7,18,108,329,i,Knee injury - Expected back 10 Oct,2026-08-14T18:00:06.460944Z,0,0,,,,0.0,0,0,0,0,0,0,0,0,0,0,0,0,0,0.00,0.00,0.00,0.00,0.0,0.0
2026-09-23T00:51:28+00:00,2026-09-22,daily,6,2026-10-10T10:00:00Z,268,King,FUL,MID,55,0,0,2.4,64707,12661,308842,91229,a,,,,,,,,4.8,2,24,425,5,2,0,2,7,0,28,5,7,16,1.54,0.46,2.00,8.29,4.8,4.8
2026-09-23T00:51:28+00:00,2026-09-22,daily,6,2026-10-10T10:00:00Z,269,Sessegnon,FUL,DEF,43,-1,-2,0.3,186,1080,2629,18778,a,,2026-09-14T11:30:07.403957Z,75,100,,,3,0.6,0,3,50,0,0,0,0,1,0,3,2,1,3,0.13,0.44,0.57,1.80,0.4,0.6
2026-09-23T00:51:28+00:00,2026-09-22,daily,6,2026-10-10T10:00:00Z,270,Reed,FUL,MID,44,0,-1,1.1,2273,5457,35765,71682,a,,,,,,,,0.0,0,0,0,0,0,0,0,0,0,0,0,0,0,0.00,0.00,0.00,0.00,0.0,0.0
2026-09-23T00:51:28+00:00,2026-09-22,daily,6,2026-10-10T10:00:00Z,271,Muniz,FUL,FWD,54,0,-1,0.4,1270,2122,15599,34563,a,,,,,,,,0.6,0,3,38,0,0,0,0,1,0,3,3,0,0,0.40,0.00,0.40,0.85,0.6,0.6
2026-09-23T00:51:28+00:00,2026-09-22,daily,6,2026-10-10T10:00:00Z,272,Kusi-Asare,FUL,FWD,45,0,0,5.5,8100,26521,157571,294326,a,,,,,,,,0.0,0,0,0,0,0,0,0,0,0,0,0,0,0,0.00,0.00,0.00,0.00,0.0,0.0
2026-09-23T00:51:28+00:00,2026-09-22,daily,6,2026-10-10T10:00:00Z,569,Gonzalo,FUL,FWD,60,0,0,3.8,45265,24342,407574,303727,a,,,,,1,,,2.8,2,14,425,5,1,0,2,7,0,18,7,2,9,2.33,0.58,2.91,8.29,2.8,2.8
2026-09-23T00:51:28+00:00,2026-09-22,daily,6,2026-10-10T10:00:00Z,570,Palacios,FUL,MID,54,0,-1,0.2,606,754,5895,10400,a,,,,,,,,2.4,1,12,226,3,1,0,0,7,0,17,4,3,10,0.98,0.03,1.01,5.46,2.4,2.4
2026-09-23T00:51:28+00:00,2026-09-22,daily,6,2026-10-10T10:00:00Z,580,Charles,FUL,MID,50,0,0,0.1,388,291,2118,3967,a,,,,,,,,2.6,4,13,303,3,0,0,1,5,0,46,23,4,19,0.09,0.16,0.25,6.65,2.6,2.6
2026-09-23T00:51:28+00:00,2026-09-22,daily,6,2026-10-10T10:00:00Z,610,De Fougerolles,FUL,DEF,40,0,0,0.1,0,404,5787,5150,u,has joined  Real Salt Lake on loan for the rest of the seaon.,2026-08-28T11:30:08.336405Z,0,0,,,,0.0,0,0,0,0,0,0,0,0,0,0,0,0,0,0.00,0.00,0.00,0.00,0.0,0.0
2026-09-23T00:51:28+00:00,2026-09-22,daily,6,2026-10-10T10:00:00Z,626,Zepa,FUL,MID,45,0,0,0.3,89,1769,34256,17983,a,,,,,,,,0.0,0,0,0,0,0,0,0,0,0,0,0,0,0,0.00,0.00,0.00,0.00,0.0,0.0
2026-09-23T00:51:28+00:00,2026-09-22,daily,6,2026-10-10T10:00:00Z,635,Larsson,FUL,MID,50,0,0,0.0,70,57,815,290,a,,,,,,,,1.0,1,3,37,0,0,0,0,1,0,6,2,1,3,0.13,0.23,0.36,0.88,1.0,1.0
2026-09-23T00:51:28+00:00,2026-09-22,daily,6,2026-10-10T10:00:00Z,636,Ángel,FUL,MID,50,0,0,0.0,24,20,361,162,a,,,,,,,,0.0,0,0,0,0,0,0,0,0,0,0,0,0,0,0.00,0.00,0.00,0.00,0.0,0.0
2026-09-23T00:51:28+00:00,2026-09-22,daily,6,2026-10-10T10:00:00Z,650,Affengruber,FUL,DEF,45,0,0,0.0,2124,445,5002,1067,a,,,,,,,,4.0,4,12,180,2,0,0,1,1,0,23,20,3,7,0.00,0.02,0.02,2.88,4.0,4.0
2026-09-23T00:51:28+00:00,2026-09-22,daily,6,2026-10-10T10:00:00Z,240,Iroegbunam,HUL,MID,50,0,0,0.0,62,112,1100,1126,a,,2026-08-15T20:00:06.878792Z,100,100,,,,0.5,1,2,70,0,0,0,0,0,0,9,1,3,5,0.12,0.01,0.13,0.60,0.5,0.5
2026-09-23T00:51:28+00:00,2026-09-22,daily,6,2026-10-10T10:00:00Z,273,Phillips,HUL,GKP,40,0,0,1.4,2142,2562,28267,37445,a,,,,,,,,0.0,0,0,0,0,0,0,0,0,0,0,0,0,0,0.00,0.00,0.00,0.00,0.0,0.0
2026-09-23T00:51:28+00:00,2026-09-22,daily,6,2026-10-10T10:00:00Z,274,Butland,HUL,GKP,45,0,0,0.1,54,232,623,4845,i,Arm injury - Unknown return date,2026-08-08T19:00:05.601633Z,0,0,,,,0.0,0,0,0,0,0,0,0,0,0,0,0,0,0,0.00,0.00,0.00,0.00,0.0,0.0
2026-09-23T00:51:28+00:00,2026-09-22,daily,6,2026-10-10T10:00:00Z,275,Cartwright,HUL,GKP,40,0,0,0.0,0,22,0,324,u,Has joined Grimsby Town on loan for the rest of the season,2026-07-29T13:00:27.959925Z,0,0,,,,0.0,0,0,0,0,0,0,0,0,0,0,0,0,0,0.00,0.00,0.00,0.00,0.0,0.0
2026-09-23T00:51:28+00:00,2026-09-22,daily,6,2026-10-10T10:00:00Z,276,Lo-Tutala,HUL,GKP,40,0,0,0.0,0,90,0,1084,u,Has joined Colchester United on loan for the rest of the season,2026-08-17T13:50:27.125537Z,0,0,,,,0.0,0,0,0,0,0,0,0,0,0,0,0,0,0,0.00,0.00,0.00,0.00,0.0,0.0
2026-09-23T00:51:28+00:00,2026-09-22,daily,6,2026-10-10T10:00:00Z,277,Egan,HUL,DEF,41,0,1,7.1,21716,22596,744875,209517,a,,,,,,,,4.5,1,26,437,5,0,0,3,4,0,59,50,9,12,0.05,0.00,0.05,7.27,4.5,4.5
2026-09-23T00:51:28+00:00,2026-09-22,daily,6,2026-10-10T10:00:00Z,278,Hughes,HUL,DEF,39,0,-1,0.2,924,1444,16713,12411,i,Groin injury - Unknown return date,2026-08-02T09:00:11.030017Z,0,0,,,,0.0,0,0,0,0,0,0,0,0,0,0,0,0,0,0.00,0.00,0.00,0.00,0.0,0.0
2026-09-23T00:51:28+00:00,2026-09-22,daily,6,2026-10-10T10:00:00Z,279,Ajayi,HUL,DEF,42,0,2,14.1,36682,46562,1348067,297064,a,,2026-08-22T17:30:07.668197Z,100,100,,,,3.2,1,27,423,5,1,0,3,4,0,27,21,6,16,0.66,0.01,0.67,6.43,3.2,3.2
2026-09-23T00:51:28+00:00,2026-09-22,daily,6,2026-10-10T10:00:00Z,280,Coyle,HUL,DEF,40,0,0,0.7,1663,1535,27235,25343,a,,2026-08-29T16:30:08.151841Z,100,100,,,,2.0,1,14,348,5,0,0,2,4,0,11,8,3,11,0.13,0.07,0.20,6.22,2.0,2.0
2026-09-23T00:51:28+00:00,2026-09-22,daily,6,2026-10-10T10:00:00Z,281,Drameh,HUL,DEF,40,0,0,0.0,0,188,2118,4441,u,Has joined Genoa permanently,2026-09-02T16:09:06.479140Z,0,0,,,,0.2,0,2,65,0,0,0,0,0,0,6,5,1,4,0.05,0.00,0.05,0.87,0.0,0.0
2026-09-23T00:51:28+00:00,2026-09-22,daily,6,2026-10-10T10:00:00Z,282,Giles,HUL,DEF,40,0,0,2.9,17978,10582,274795,62873,a,,,,,,1,3,4.5,0,24,444,5,0,1,3,4,0,24,19,5,14,0.02,0.43,0.45,7.33,4.5,4.5
2026-09-23T00:51:28+00:00,2026-09-22,daily,6,2026-10-10T10:00:00Z,283,Jacob,HUL,DEF,40,0,0,0.0,0,24,114,681,u,Has joined Newport County on loan until January,2026-08-02T09:00:11.038361Z,0,0,,,,0.0,0,0,0,0,0,0,0,0,0,0,0,0,0,0.00,0.00,0.00,0.00,0.0,0.0
2026-09-23T00:51:28+00:00,2026-09-22,daily,6,2026-10-10T10:00:00Z,284,McCarthy,HUL,DEF,40,0,0,0.1,301,346,4835,4498,a,,,,,,,,0.0,0,0,0,0,0,0,0,0,0,0,0,0,0,0.00,0.00,0.00,0.00,0.0,0.0
2026-09-23T00:51:28+00:00,2026-09-22,daily,6,2026-10-10T10:00:00Z,285,McNair,HUL,DEF,40,0,0,0.1,148,328,3101,4637,a,,2026-09-09T13:30:08.327907Z,100,100,,,,0.0,0,1,26,0,0,0,0,0,0,2,2,0,1,0.00,0.00,0.00,0.96,0.0,0.0
2026-09-23T00:51:28+00:00,2026-09-22,daily,6,2026-10-10T10:00:00Z,286,Belloumi,HUL,MID,51,0,1,4.9,59062,18737,488998,78775,a,,,,,,2,2,7.0,4,31,394,5,2,2,3,3,0,44,14,16,14,0.72,0.43,1.15,6.44,7.0,7.0
2026-09-23T00:51:28+00:00,2026-09-22,daily,6,2026-10-10T10:00:00Z,287,Millar,HUL,MID,50,0,0,0.0,0,228,3178,7448,u,Has joined Birmingham on loan for the rest of the season,2026-09-02T15:36:41.038103Z,0,0,,,,1.5,0,6,50,0,1,0,0,0,0,4,2,1,1,0.58,0.00,0.58,0.87,0.0,0.0
2026-09-23T00:51:28+00:00,2026-09-22,daily,6,2026-10-10T10:00:00Z,288,Dowell,HUL,MID,45,0,0,0.3,453,1602,12210,21185,a,,,,,,,,0.0,0,0,0,0,0,0,0,0,0,0,0,0,0,0.00,0.00,0.00,0.00,0.0,0.0
2026-09-23T00:51:28+00:00,2026-09-22,daily,6,2026-10-10T10:00:00Z,289,Crooks,HUL,MID,44,-1,-1,0.5,4091,3296,23450,39525,a,,2026-08-29T15:00:08.569326Z,100,100,,,,0.2,0,3,203,3,0,0,1,4,0,21,9,8,4,0.00,0.12,0.12,3.57,0.2,0.2
2026-09-23T00:51:28+00:00,2026-09-22,daily,6,2026-10-10T10:00:00Z,290,Slater,HUL,MID,45,0,0,5.3,12369,30318,495302,271317,a,,,,,,,1,2.2,2,15,437,5,0,1,3,4,0,33,9,9,15,0.21,0.59,0.80,7.27,2.2,2.2
2026-09-23T00:51:28+00:00,2026-09-22,daily,6,2026-10-10T10:00:00Z,291,Matazo,HUL,MID,45,0,0,0.0,24,46,375,484,i,Knee injury - Unknown return date,2026-07-23T12:01:23.532635Z,0,0,,,,0.0,0,0,0,0,0,0,0,0,0,0,0,0,0,0.00,0.00,0.00,0.00,0.0,0.0
2026-09-23T00:51:28+00:00,2026-09-22,daily,6,2026-10-10T10:00:00Z,292,Ömür,HUL,MID,49,0,-1,0.0,68,110,1186,1591,a,,,,,,,,0.0,0,0,0,0,0,0,0,0,0,0,0,0,0,0.00,0.00,0.00,0.00,0.0,0.0
2026-09-23T00:51:28+00:00,2026-09-22,daily,6,2026-10-10T10:00:00Z,293,Kamara,HUL,MID,50,0,0,0.0,0,9,0,371,u,Has joined Portsmouth permanently,2026-08-12T14:08:23.542043Z,0,0,,,,0.0,0,0,0,0,0,0,0,0,0,0,0,0,0,0.00,0.00,0.00,0.00,0.0,0.0
2026-09-23T00:51:28+00:00,2026-09-22,daily,6,2026-10-10T10:00:00Z,294,Zambrano,HUL,MID,45,0,0,0.1,116,395,3845,6724,a,,2026-08-04T18:30:11.016909Z,100,100,,,,0.0,0,0,0,0,0,0,0,0,0,0,0,0,0,0.00,0.00,0.00,0.00,0.0,0.0
2026-09-23T00:51:28+00:00,2026-09-22,daily,6,2026-10-10T10:00:00Z,295,McBurnie,HUL,FWD,55,0,0,1.9,5933,14792,186919,150139,a,,,,,1,,,2.0,1,13,441,5,0,2,3,4,0,21,9,3,9,1.23,0.13,1.36,7.21,2.0,2.0
2026-09-23T00:51:28+00:00,2026-09-22,daily,6,2026-10-10T10:00:00Z,296,Akintola,HUL,MID,50,0,0,0.0,0,213,2704,4826,u,Has joined Omonoia FC permanently,2026-09-11T14:42:38.120231Z,0,0,,,,0.0,0,0,0,0,0,0,0,0,0,0,0,0,0,0.00,0.00,0.00,0.00,0.0,0.0
2026-09-23T00:51:28+00:00,2026-09-22,daily,6,2026-10-10T10:00:00Z,297,Gyabi,HUL,MID,44,-1,-1,0.0,30,95,419,1563,i,Thigh injury - Unknown return date,2026-08-04T18:30:11.027155Z,0,0,,,,0.0,0,0,0,0,0,0,0,0,0,0,0,0,0,0.00,0.00,0.00,0.00,0.0,0.0
2026-09-23T00:51:28+00:00,2026-09-22,daily,6,2026-10-10T10:00:00Z,298,Destan,HUL,FWD,45,0,0,0.2,0,1026,0,21979,u,Has joined Konyaspor permanently,2026-08-17T13:50:27.145733Z,0,0,,,,0.0,0,0,0,0,0,0,0,0,0,0,0,0,0,0.00,0.00,0.00,0.00,0.0,0.0
2026-09-23T00:51:28+00:00,2026-09-22,daily,6,2026-10-10T10:00:00Z,299,Burstow,HUL,FWD,45,0,0,0.0,0,182,0,3032,u,Has joined Sheffield Wednesday on loan for the rest of the season,2026-08-03T14:05:20.234842Z,0,0,,,,0.0,0,0,0,0,0,0,0,0,0,0,0,0,0,0.00,0.00,0.00,0.00,0.0,0.0
2026-09-23T00:51:28+00:00,2026-09-22,daily,6,2026-10-10T10:00:00Z,340,Gelhardt,HUL,MID,50,0,0,0.0,68,86,678,993,a,,2026-08-17T21:30:07.799839Z,100,100,,,,0.2,1,1,7,0,0,0,0,0,0,1,0,0,1,0.10,0.02,0.12,0.13,0.2,0.2
2026-09-23T00:51:28+00:00,2026-09-22,daily,6,2026-10-10T10:00:00Z,556,Targett,HUL,DEF,40,0,0,1.7,87,7830,24811,85106,d,Ankle injury - 75% chance of playing,2026-09-17T14:00:26.419938Z,75,75,,,,0.0,0,1,5,0,0,0,0,0,0,0,0,0,1,0.00,0.00,0.00,0.07,0.0,0.0
2026-09-23T00:51:28+00:00,2026-09-22,daily,6,2026-10-10T10:00:00Z,563,Morita,HUL,MID,50,0,0,0.0,9,116,712,1712,i,Calf injury - Expected back 11 Oct,2026-09-09T14:00:08.474217Z,0,0,,,,0.2,0,1,45,1,0,0,0,0,0,3,2,0,1,0.00,0.00,0.00,1.09,0.0,0.0
2026-09-23T00:51:28+00:00,2026-09-22,daily,6,2026-10-10T10:00:00Z,572,Tzolakis,HUL,GKP,46,0,1,12.4,91519,15083,962847,210733,a,,,,,,,,6.0,6,34,450,5,0,0,3,4,17,0,2,1,69,0.00,0.00,0.00,7.40,6.0,6.0
2026-09-23T00:51:28+00:00,2026-09-22,daily,6,2026-10-10T10:00:00Z,574,Hjertø-Dahl,HUL,MID,49,0,-1,0.1,61,253,1422,4373,a,,,,,,,,0.2,0,1,8,0,0,0,0,0,0,1,0,0,1,0.00,0.00,0.00,0.00,0.2,0.2
2026-09-23T00:51:28+00:00,2026-09-22,daily,6,2026-10-10T10:00:00Z,576,Stroud,HUL,MID,50,0,0,0.1,98,371,3620,4594,a,,,,,,,,1.0,0,7,249,4,0,0,2,1,0,20,3,5,12,0.06,0.05,0.11,4.32,1.0,1.0
2026-09-23T00:51:28+00:00,2026-09-22,daily,6,2026-10-10T10:00:00Z,585,Herrington,HUL,DEF,40,0,0,0.6,813,1270,12612,18157,a,,,,,,,,1.0,1,5,197,1,0,0,0,3,0,16,14,2,6,0.02,0.04,0.06,3.36,1.0,1.0
2026-09-23T00:51:28+00:00,2026-09-22,daily,6,2026-10-10T10:00:00Z,586,Mendy,HUL,DEF,41,0,1,6.3,5223,29497,681515,354480,a,,2026-09-12T18:00:09.334142Z,0,100,,,,2.5,0,25,249,4,1,0,2,1,0,39,32,7,6,0.32,0.00,0.32,4.02,0.0,2.5
2026-09-23T00:51:28+00:00,2026-09-22,daily,6,2026-10-10T10:00:00Z,589,Gourna-Douath,HUL,MID,50,0,0,0.0,28,81,697,1316,a,,,,,,,,1.0,1,4,138,1,0,0,1,0,0,17,5,5,7,0.03,0.03,0.06,2.26,1.0,1.0
2026-09-23T00:51:28+00:00,2026-09-22,daily,6,2026-10-10T10:00:00Z,617,Cho,HUL,MID,50,0,0,0.0,279,114,1715,726,a,,,,,,,,2.2,6,9,72,0,1,0,0,1,0,2,1,0,1,0.79,0.36,1.15,0.98,2.2,2.2
2026-09-23T00:51:28+00:00,2026-09-22,daily,6,2026-10-10T10:00:00Z,632,Ansah,HUL,FWD,50,0,0,0.0,53,332,5100,3412,i,Back injury - Unknown return date,2026-09-09T10:00:08.919489Z,0,0,,,,0.0,0,0,0,0,0,0,0,0,0,0,0,0,0,0.00,0.00,0.00,0.00,0.0,0.0
2026-09-23T00:51:28+00:00,2026-09-22,daily,6,2026-10-10T10:00:00Z,637,Vaz,HUL,FWD,50,0,0,0.1,1408,898,11913,3719,a,,,,,,,,0.7,1,2,20,0,0,0,0,0,0,2,0,0,2,0.00,0.01,0.01,0.31,0.7,0.7
2026-09-23T00:51:28+00:00,2026-09-22,daily,6,2026-10-10T10:00:00Z,638,Norton-Cuffy,HUL,DEF,40,0,0,0.2,432,1841,26048,9667,d,Hamstring injury - 75% chance of playing,2026-09-21T08:30:09.561308Z,,75,,,,0.3,0,1,34,0,0,0,0,0,0,1,1,0,4,0.05,0.00,0.05,0.30,0.3,0.2
2026-09-23T00:51:28+00:00,2026-09-22,daily,6,2026-10-10T10:00:00Z,642,Thomas,HUL,MID,55,0,0,0.0,350,268,2954,1117,a,,,,,,,,1.3,2,4,119,1,0,0,0,3,0,8,0,1,7,0.21,0.11,0.32,2.04,1.3,1.3
2026-09-23T00:51:28+00:00,2026-09-22,daily,6,2026-10-10T10:00:00Z,645,Mouzakitis,HUL,MID,50,0,0,0.0,61,77,753,303,a,,,,,,,,0.0,0,0,0,0,0,0,0,0,0,0,0,0,0,0.00,0.00,0.00,0.00,0.0,0.0
2026-09-23T00:51:28+00:00,2026-09-22,daily,6,2026-10-10T10:00:00Z,259,Diop,IPS,DEF,40,0,0,12.8,5490,44246,134527,496868,a,,,,,,,,2.5,4,12,450,5,0,0,0,11,0,45,41,4,21,0.06,0.16,0.22,8.98,2.5,2.5
2026-09-23T00:51:28+00:00,2026-09-22,daily,6,2026-10-10T10:00:00Z,267,Lukić,IPS,MID,49,-1,-1,0.1,150,417,3378,6370,a,,,,,,,1,1.5,2,11,400,5,0,1,0,10,0,37,17,7,13,0.02,0.41,0.43,7.37,1.5,1.5
2026-09-23T00:51:28+00:00,2026-09-22,daily,6,2026-10-10T10:00:00Z,300,Walton,IPS,GKP,44,0,-1,0.4,1265,688,2950,14601,a,,,,,,,,0.5,2,2,90,1,0,0,0,1,1,0,2,0,17,0.00,0.01,0.01,2.24,0.5,0.5
2026-09-23T00:51:28+00:00,2026-09-22,daily,6,2026-10-10T10:00:00Z,301,Palmer,IPS,GKP,40,0,0,3.9,3048,9279,73644,110518,a,,,,,,,,0.0,0,0,0,0,0,0,0,0,0,0,0,0,0,0.00,0.00,0.00,0.00,0.0,0.0
2026-09-23T00:51:28+00:00,2026-09-22,daily,6,2026-10-10T10:00:00Z,302,Button,IPS,GKP,40,0,0,0.6,1185,999,31195,14851,a,,,,,,,,0.0,0,0,0,0,0,0,0,0,0,0,0,0,0,0.00,0.00,0.00,0.00,0.0,0.0
2026-09-23T00:51:28+00:00,2026-09-22,daily,6,2026-10-10T10:00:00Z,303,Kipré,IPS,DEF,39,0,-1,0.9,3568,3328,48189,28075,a,,,,,,,,0.0,0,0,0,0,0,0,0,0,0,0,0,0,0,0.00,0.00,0.00,0.00,0.0,0.0
2026-09-23T00:51:28+00:00,2026-09-22,daily,6,2026-10-10T10:00:00Z,304,O'Shea,IPS,DEF,40,0,0,2.7,1467,11322,64886,124665,a,,,,,,,,1.5,2,10,450,5,0,0,0,11,0,48,41,7,18,0.07,0.26,0.33,8.98,1.5,1.5
2026-09-23T00:51:28+00:00,2026-09-22,daily,6,2026-10-10T10:00:00Z,305,Davis,IPS,DEF,40,0,0,6.9,38584,19526,358787,177142,a,,,,,,2,,5.8,2,25,450,5,2,2,0,11,0,24,22,2,10,1.59,0.46,2.05,8.98,5.8,5.8
2026-09-23T00:51:28+00:00,2026-09-22,daily,6,2026-10-10T10:00:00Z,306,Greaves,IPS,DEF,40,0,0,1.1,353,2616,8089,37357,a,,,,,,,,0.2,0,3,357,4,0,0,0,10,0,30,25,5,12,0.00,0.06,0.06,6.74,0.2,0.2
2026-09-23T00:51:28+00:00,2026-09-22,daily,6,2026-10-10T10:00:00Z,307,Johnson,IPS,DEF,40,0,0,0.1,0,289,1137,6236,u,Has joined Stoke City on loan for the rest of the season,2026-09-04T12:36:56.236331Z,0,0,,,,0.0,0,0,0,0,0,0,0,0,0,0,0,0,0,0.00,0.00,0.00,0.00,0.0,0.0
2026-09-23T00:51:28+00:00,2026-09-22,daily,6,2026-10-10T10:00:00Z,308,Furlong,IPS,DEF,39,0,-1,0.6,5061,2060,17698,18837,a,,,,,,,,0.2,0,1,17,0,0,0,0,1,0,3,2,1,0,0.00,0.00,0.00,0.86,0.2,0.2
2026-09-23T00:51:28+00:00,2026-09-22,daily,6,2026-10-10T10:00:00Z,309,Núñez,IPS,MID,49,0,-1,0.1,62,493,3079,7500,a,,,,,,1,3,0.5,0,6,140,2,0,0,0,4,0,21,8,3,10,0.03,0.05,0.08,3.48,0.5,0.5
2026-09-23T00:51:28+00:00,2026-09-22,daily,6,2026-10-10T10:00:00Z,310,Matusiwa,IPS,MID,49,0,-1,0.0,13,14,124,275,a,,2026-07-29T18:00:10.305484Z,100,100,,,,0.0,0,0,0,0,0,0,0,0,0,0,0,0,0,0.00,0.00,0.00,0.00,0.0,0.0
2026-09-23T00:51:28+00:00,2026-09-22,daily,6,2026-10-10T10:00:00Z,311,Burns,IPS,MID,50,0,0,0.0,0,6,0,345,u,Has joined Leicester City permanently,2026-08-10T14:02:47.597478Z,0,0,,,,0.0,0,0,0,0,0,0,0,0,0,0,0,0,0,0.00,0.00,0.00,0.00,0.0,0.0
2026-09-23T00:51:28+00:00,2026-09-22,daily,6,2026-10-10T10:00:00Z,312,Taylor,IPS,MID,44,-1,-1,0.0,289,197,865,2578,i,Knee injury - Unknown return date,2026-07-29T18:00:10.319370Z,0,0,,,,0.0,0,0,0,0,0,0,0,0,0,0,0,0,0,0.00,0.00,0.00,0.00,0.0,0.0
2026-09-23T00:51:28+00:00,2026-09-22,daily,6,2026-10-10T10:00:00Z,313,Clarke,IPS,MID,54,0,-1,0.2,100,753,5451,15547,a,,,,,1,3,4,1.0,2,11,170,2,1,0,0,2,0,10,3,2,5,0.30,0.37,0.67,1.97,1.0,1.0
2026-09-23T00:51:28+00:00,2026-09-22,daily,6,2026-10-10T10:00:00Z,314,Ogbene,IPS,MID,49,0,-1,0.0,0,54,104,1196,u,Has joined Lincoln City on loan until January,2026-09-02T16:04:17.497385Z,0,0,,,,0.0,0,0,0,0,0,0,0,0,0,0,0,0,0,0.00,0.00,0.00,0.00,0.0,0.0
2026-09-23T00:51:28+00:00,2026-09-22,daily,6,2026-10-10T10:00:00Z,315,Fatawu,IPS,MID,54,0,-1,0.2,46,2004,5348,12848,s,Suspended until 17 Oct,2026-09-19T15:30:10.126897Z,,0,,,2,1.5,-1,8,352,5,0,1,0,10,0,28,8,9,11,0.17,1.11,1.28,7.79,1.5,0.0
2026-09-23T00:51:28+00:00,2026-09-22,daily,6,2026-10-10T10:00:00Z,316,Emersonn,IPS,FWD,55,0,0,3.5,26578,18426,310276,137700,a,,2026-08-31T09:30:08.306145Z,100,100,2,,,4.2,2,26,317,5,2,1,0,6,0,10,3,3,4,1.61,0.12,1.73,4.29,4.2,4.2
2026-09-23T00:51:28+00:00,2026-09-22,daily,6,2026-10-10T10:00:00Z,317,Hirst,IPS,FWD,50,0,0,0.1,0,352,0,16982,u,Has joined Stoke City permanently,2026-08-21T13:06:08.606019Z,0,0,,,,0.0,0,0,0,0,0,0,0,0,0,0,0,0,0,0.00,0.00,0.00,0.00,0.0,0.0
2026-09-23T00:51:28+00:00,2026-09-22,daily,6,2026-10-10T10:00:00Z,318,Philogene,IPS,MID,54,0,-1,0.1,21,122,289,9246,a,,2026-08-25T11:30:07.532993Z,100,100,3,,5,0.5,1,2,52,0,0,0,0,1,0,4,0,0,4,0.08,0.01,0.08,0.97,0.5,0.5
2026-09-23T00:51:28+00:00,2026-09-22,daily,6,2026-10-10T10:00:00Z,319,Szmodics,IPS,MID,50,0,0,0.0,0,6,0,753,u,Has joined Derby County on loan for the rest of the season,2026-08-17T13:51:41.713979Z,0,0,,,,0.0,0,0,0,0,0,0,0,0,0,0,0,0,0,0.00,0.00,0.00,0.00,0.0,0.0
2026-09-23T00:51:28+00:00,2026-09-22,daily,6,2026-10-10T10:00:00Z,320,Akpom,IPS,FWD,50,0,0,1.2,4060,7861,130016,72294,a,,,,,,,,1.5,1,7,78,0,1,0,0,4,0,3,0,1,2,1.14,0.00,1.14,4.20,1.5,1.5
2026-09-23T00:51:28+00:00,2026-09-22,daily,6,2026-10-10T10:00:00Z,321,Walle Egeli,IPS,FWD,45,0,0,3.5,14033,21236,326654,205723,a,,,,,,,,0.0,0,1,10,0,0,0,0,0,0,0,0,0,0,0.00,0.00,0.00,0.03,0.0,0.0
2026-09-23T00:51:28+00:00,2026-09-22,daily,6,2026-10-10T10:00:00Z,322,Al-Hamadi,IPS,FWD,50,0,0,0.1,0,290,755,9835,u,Has joined Sheffield Wednesday on loan for the rest of the season,2026-08-27T14:54:10.215357Z,0,0,,,,0.0,0,0,0,0,0,0,0,0,0,0,0,0,0,0.00,0.00,0.00,0.00,0.0,0.0
2026-09-23T00:51:28+00:00,2026-09-22,daily,6,2026-10-10T10:00:00Z,323,McAteer,IPS,MID,44,-1,-1,1.0,640,5207,27384,61054,a,,,,,,,,0.5,0,3,42,0,0,0,0,0,0,5,0,1,4,0.05,0.00,0.05,0.21,0.5,0.5
2026-09-23T00:51:28+00:00,2026-09-22,daily,6,2026-10-10T10:00:00Z,324,Mehmeti,IPS,MID,48,-1,-2,0.0,53,110,379,2441,a,,,,,,,,0.0,0,0,0,0,0,0,0,0,0,0,0,0,0,0.00,0.00,0.00,0.00,0.0,0.0
2026-09-23T00:51:28+00:00,2026-09-22,daily,6,2026-10-10T10:00:00Z,554,Van Oevelen,IPS,GKP,45,0,0,0.0,0,63,54,1937,u,Has joined Valencia on loan for the rest of the season,2026-08-25T14:04:09.529320Z,0,0,,,,0.0,0,0,0,0,0,0,0,0,0,0,0,0,0,0.00,0.00,0.00,0.00,0.0,0.0
2026-09-23T00:51:28+00:00,2026-09-22,daily,6,2026-10-10T10:00:00Z,562,Maeda,IPS,MID,53,-1,-2,0.2,99,1219,2827,19989,a,,,,,,,,1.5,1,8,259,3,0,0,0,8,0,20,8,8,4,0.71,0.02,0.73,6.05,1.5,1.5
2026-09-23T00:51:28+00:00,2026-09-22,daily,6,2026-10-10T10:00:00Z,564,Scherpen,IPS,GKP,45,0,0,0.6,436,1960,15003,22537,a,,,,,,,,1.2,0,7,360,4,0,0,0,10,15,0,8,0,39,0.00,0.01,0.01,6.74,1.2,1.2
2026-09-23T00:51:28+00:00,2026-09-22,daily,6,2026-10-10T10:00:00Z,571,Florentino,IPS,MID,48,-1,-2,0.1,73,256,1018,6987,a,,2026-08-25T11:30:07.678802Z,100,100,,,,0.5,1,2,30,0,0,0,0,0,0,2,1,1,0,0.00,0.01,0.01,0.75,0.5,0.5
2026-09-23T00:51:28+00:00,2026-09-22,daily,6,2026-10-10T10:00:00Z,591,Enciso,IPS,MID,55,0,0,0.8,1618,5087,93181,51376,a,,2026-08-22T18:00:07.551930Z,100,100,,,,2.5,2,15,413,5,0,2,0,11,0,31,5,2,24,1.26,0.89,2.15,8.47,2.5,2.5
2026-09-23T00:51:28+00:00,2026-09-22,daily,6,2026-10-10T10:00:00Z,592,Ouattara,IPS,DEF,40,0,0,0.9,543,1599,13328,25735,a,,,,,,,,1.2,2,6,131,1,0,0,0,2,0,11,7,4,14,0.02,0.03,0.05,3.13,1.2,1.2
2026-09-23T00:51:28+00:00,2026-09-22,daily,6,2026-10-10T10:00:00Z,602,Humphreys,IPS,MID,45,0,0,0.0,0,190,2861,3184,u,Has joined Huddersfield Town on loan for the rest of the season,2026-09-02T16:04:17.524642Z,0,0,,,,0.0,0,0,0,0,0,0,0,0,0,0,0,0,0,0.00,0.00,0.00,0.00,0.0,0.0
2026-09-23T00:51:28+00:00,2026-09-22,daily,6,2026-10-10T10:00:00Z,619,Palacios,IPS,MID,50,0,0,0.1,410,653,8898,3263,a,,,,,,,,2.8,2,11,275,3,0,0,0,7,0,44,12,9,23,0.00,0.09,0.09,5.30,2.8,2.8
2026-09-23T00:51:28+00:00,2026-09-22,daily,6,2026-10-10T10:00:00Z,640,Flemming,IPS,FWD,55,0,0,0.1,680,801,9042,3023,a,,,,,,,,2.0,0,6,60,0,1,0,0,1,0,5,1,1,3,0.64,0.01,0.65,0.63,2.0,2.0
2026-09-23T00:51:28+00:00,2026-09-22,daily,6,2026-10-10T10:00:00Z,260,Wilson,LEE,MID,62,0,-3,1.7,51,33379,29022,450081,i,Thigh injury - Unknown return date,2026-09-18T13:30:09.626858Z,0,0,,2,2,0.5,0,5,145,1,0,0,1,1,0,11,3,4,4,0.01,0.09,0.10,3.28,0.0,0.0
2026-09-23T00:51:28+00:00,2026-09-22,daily,6,2026-10-10T10:00:00Z,326,Perri,LEE,GKP,45,0,0,0.3,0,945,532,26145,u,Has joined Torino on loan for the rest of the season,2026-09-01T13:12:39.210133Z,0,0,,,,0.0,0,0,0,0,0,0,0,0,0,0,0,0,0,0.00,0.00,0.00,0.00,0.0,0.0
2026-09-23T00:51:28+00:00,2026-09-22,daily,6,2026-10-10T10:00:00Z,327,Bijol,LEE,DEF,50,0,0,0.7,625,4381,68927,57996,a,,,,,,,,0.5,0,12,164,2,0,0,1,2,0,21,18,3,7,0.11,0.00,0.11,3.16,0.5,0.5
2026-09-23T00:51:28+00:00,2026-09-22,daily,6,2026-10-10T10:00:00Z,329,Rodon,LEE,DEF,43,-1,-2,0.8,36,7336,26930,295341,i,Hamstring injury - Expected back 21 Nov,2026-08-30T16:00:08.564382Z,0,0,,,,0.2,0,7,123,2,0,0,1,0,0,11,10,1,2,0.03,0.06,0.09,1.01,0.0,0.0
2026-09-23T00:51:28+00:00,2026-09-22,daily,6,2026-10-10T10:00:00Z,330,Bogle,LEE,DEF,46,0,1,6.8,96207,17903,622780,77111,a,,,,,,,,9.0,5,42,365,5,2,0,4,1,0,16,11,5,11,1.38,0.08,1.46,2.89,9.0,9.0
2026-09-23T00:51:28+00:00,2026-09-22,daily,6,2026-10-10T10:00:00Z,331,Gudmundsson,LEE,DEF,45,0,0,0.1,372,226,3970,2656,a,,2026-08-08T20:00:07.546568Z,100,100,,,,3.5,6,14,252,3,0,0,2,1,0,14,5,9,12,0.00,0.21,0.21,3.83,3.5,3.5
2026-09-23T00:51:28+00:00,2026-09-22,daily,6,2026-10-10T10:00:00Z,332,Justin,LEE,DEF,45,0,0,1.5,3052,4457,120324,69370,a,,,,,,,,4.0,8,26,450,5,0,0,2,3,0,44,28,16,14,0.22,0.42,0.64,6.46,4.0,4.0
2026-09-23T00:51:28+00:00,2026-09-22,daily,6,2026-10-10T10:00:00Z,333,Bornauw,LEE,DEF,45,0,0,0.0,0,4,0,298,u,Has joined Hamburg SV on loan for the rest of the season,2026-08-19T13:56:14.645970Z,0,0,,,,0.0,0,0,0,0,0,0,0,0,0,0,0,0,0,0.00,0.00,0.00,0.00,0.0,0.0
2026-09-23T00:51:28+00:00,2026-09-22,daily,6,2026-10-10T10:00:00Z,334,Muharemović,LEE,DEF,50,0,0,4.3,19913,16181,291198,165065,a,,,,,,,,5.2,6,27,450,5,0,1,2,3,0,58,53,5,16,0.49,0.05,0.54,6.46,5.2,5.2
2026-09-23T00:51:28+00:00,2026-09-22,daily,6,2026-10-10T10:00:00Z,335,Stach,LEE,MID,60,0,0,2.5,3660,15951,201003,160684,a,,,,,,1,1,3.5,5,27,447,5,1,0,3,2,0,61,27,13,21,0.97,0.31,1.28,6.17,3.5,3.5
2026-09-23T00:51:28+00:00,2026-09-22,daily,6,2026-10-10T10:00:00Z,336,Okafor,LEE,MID,58,0,-2,0.4,1358,2682,26465,34468,a,,,,,,,,4.2,3,18,299,4,1,0,3,1,0,18,3,7,8,0.17,0.27,0.44,2.37,4.2,4.2
2026-09-23T00:51:28+00:00,2026-09-22,daily,6,2026-10-10T10:00:00Z,337,Aaronson,LEE,MID,53,-1,-2,0.5,158,2722,6721,47451,a,,,,,,4,,1.0,1,7,194,2,0,0,1,3,0,15,1,3,11,0.01,0.02,0.03,3.78,1.0,1.0
2026-09-23T00:51:28+00:00,2026-09-22,daily,6,2026-10-10T10:00:00Z,338,Ampadu,LEE,MID,54,0,-1,0.9,1134,3847,17567,59526,a,,,,,,,,4.0,5,21,450,5,0,1,2,3,0,60,24,12,24,0.08,0.26,0.34,6.46,4.0,4.0
2026-09-23T00:51:28+00:00,2026-09-22,daily,6,2026-10-10T10:00:00Z,339,Longstaff,LEE,MID,49,0,-1,0.1,97,503,2470,7987,a,,,,,,3,3,0.2,0,2,10,0,0,0,0,1,0,0,0,0,0,0.00,0.00,0.00,0.35,0.2,0.2
2026-09-23T00:51:28+00:00,2026-09-22,daily,6,2026-10-10T10:00:00Z,341,Gnonto,LEE,MID,50,0,0,0.0,0,42,244,1800,u,Has joined ACF Fiorentina on loan for the rest of the season,2026-09-02T16:04:47.189648Z,0,0,,,,0.0,0,0,0,0,0,0,0,0,0,0,0,0,0,0.00,0.00,0.00,0.00,0.0,0.0
2026-09-23T00:51:28+00:00,2026-09-22,daily,6,2026-10-10T10:00:00Z,342,Harrison,LEE,MID,50,0,0,0.0,0,5,0,79,u,Has joined New England Revolution permanently,2026-07-28T12:59:09.492431Z,0,0,,,,0.0,0,0,0,0,0,0,0,0,0,0,0,0,0,0.00,0.00,0.00,0.00,0.0,0.0
2026-09-23T00:51:28+00:00,2026-09-22,daily,6,2026-10-10T10:00:00Z,343,James,LEE,MID,49,0,-1,0.1,149,455,4118,7905,a,,,,,,,,0.8,1,3,52,0,0,0,0,1,0,5,1,0,4,0.35,0.01,0.36,1.61,0.8,0.8
2026-09-23T00:51:28+00:00,2026-09-22,daily,6,2026-10-10T10:00:00Z,344,Gruev,LEE,MID,50,0,0,0.0,37,11,116,306,a,,2026-08-14T23:00:06.272027Z,100,100,,,,0.0,0,0,0,0,0,0,0,0,0,0,0,0,0,0.00,0.00,0.00,0.00,0.0,0.0
2026-09-23T00:51:28+00:00,2026-09-22,daily,6,2026-10-10T10:00:00Z,345,Tanaka,LEE,MID,49,0,-1,0.3,1649,1759,22167,16994,a,,,,,,,4,3.5,2,14,255,3,0,2,2,1,0,29,11,8,10,0.73,0.05,0.78,3.24,3.5,3.5
2026-09-23T00:51:28+00:00,2026-09-22,daily,6,2026-10-10T10:00:00Z,346,Calvert-Lewin,LEE,FWD,60,0,0,25.0,73196,135075,989825,1288017,a,,,,,1,,,5.2,2,22,419,5,2,1,3,2,0,22,9,0,13,3.00,0.08,3.08,4.85,5.2,5.2
2026-09-23T00:51:28+00:00,2026-09-22,daily,6,2026-10-10T10:00:00Z,347,Nmecha,LEE,FWD,54,0,-1,0.5,1441,2965,21635,36386,a,,,,,2,,,1.8,1,7,64,0,0,1,0,1,0,4,0,1,3,0.27,0.15,0.42,2.90,1.8,1.8
2026-09-23T00:51:28+00:00,2026-09-22,daily,6,2026-10-10T10:00:00Z,348,Piroe,LEE,FWD,50,0,0,0.1,0,335,0,11130,u,Has joined West Ham United on loan for the rest of the season,2026-08-19T13:56:14.666726Z,0,0,3,,,0.0,0,0,0,0,0,0,0,0,0,0,0,0,0,0.00,0.00,0.00,0.00,0.0,0.0
2026-09-23T00:51:28+00:00,2026-09-22,daily,6,2026-10-10T10:00:00Z,349,Mateo Joseph,LEE,FWD,45,0,0,0.1,240,375,3026,4349,i,Knee injury - Unknown return date,2026-07-29T18:00:10.338170Z,0,0,,,,0.0,0,0,0,0,0,0,0,0,0,0,0,0,0,0.00,0.00,0.00,0.00,0.0,0.0
2026-09-23T00:51:28+00:00,2026-09-22,daily,6,2026-10-10T10:00:00Z,385,Trafford,LEE,GKP,50,0,0,5.5,15022,10822,256993,155167,a,,,,,,,,4.8,10,28,450,5,0,0,2,3,20,0,6,0,55,0.00,0.00,0.00,6.46,4.8,4.8
2026-09-23T00:51:28+00:00,2026-09-22,daily,6,2026-10-10T10:00:00Z,598,Elvedi,LEE,DEF,45,0,0,0.1,165,163,5280,2722,a,,,,,,,,3.2,6,13,326,3,0,0,1,3,0,29,27,2,8,0.12,0.58,0.70,5.45,3.2,3.2
2026-09-23T00:51:28+00:00,2026-09-22,daily,6,2026-10-10T10:00:00Z,603,Lienou,LEE,DEF,40,0,0,0.1,187,398,6860,3865,a,,,,,,,,0.0,0,0,0,0,0,0,0,0,0,0,0,0,0,0.00,0.00,0.00,0.00,0.0,0.0
2026-09-23T00:51:28+00:00,2026-09-22,daily,6,2026-10-10T10:00:00Z,604,Cresswell,LEE,MID,45,0,0,0.1,238,712,13994,7740,a,,,,,,,,0.0,0,0,0,0,0,0,0,0,0,0,0,0,0,0.00,0.00,0.00,0.00,0.0,0.0
2026-09-23T00:51:28+00:00,2026-09-22,daily,6,2026-10-10T10:00:00Z,625,Cairns,LEE,GKP,40,0,0,0.2,675,591,19634,5749,a,,,,,,,,0.0,0,0,0,0,0,0,0,0,0,0,0,0,0,0.00,0.00,0.00,0.00,0.0,0.0
2026-09-23T00:51:28+00:00,2026-09-22,daily,6,2026-10-10T10:00:00Z,629,Zetterer,LEE,GKP,40,0,0,0.7,2412,2119,57852,13494,a,,,,,,,,0.0,0,0,0,0,0,0,0,0,0,0,0,0,0,0.00,0.00,0.00,0.00,0.0,0.0
2026-09-23T00:51:28+00:00,2026-09-22,daily,6,2026-10-10T10:00:00Z,641,Bard,LEE,DEF,45,0,0,0.0,77,62,939,338,a,,,,,,,,0.3,0,1,18,0,0,0,0,1,0,2,1,1,2,0.00,0.00,0.00,0.30,0.3,0.3
2026-09-23T00:51:28+00:00,2026-09-22,daily,6,2026-10-10T10:00:00Z,648,Bahoya,LEE,MID,50,0,0,0.0,78,144,2210,1112,a,,,,,,,,0.3,1,1,1,0,0,0,0,0,0,0,0,0,0,0.00,0.00,0.00,0.00,0.3,0.3
2026-09-23T00:51:28+00:00,2026-09-22,daily,6,2026-10-10T10:00:00Z,350,A.Becker,LIV,GKP,55,0,0,3.9,8571,8501,141889,142025,a,,,,,,,,6.2,8,27,450,5,0,0,3,4,14,0,10,0,47,0.00,0.00,0.00,6.12,6.2,6.2
2026-09-23T00:51:28+00:00,2026-09-22,daily,6,2026-10-10T10:00:00Z,351,Mamardashvili,LIV,GKP,49,0,-1,0.1,192,459,2804,8477,a,,,,,,,,0.0,0,0,0,0,0,0,0,0,0,0,0,0,0,0.00,0.00,0.00,0.00,0.0,0.0
2026-09-23T00:51:28+00:00,2026-09-22,daily,6,2026-10-10T10:00:00Z,352,Woodman,LIV,GKP,40,0,0,1.0,606,1816,18100,26674,a,,,,,,,,0.0,0,0,0,0,0,0,0,0,0,0,0,0,0,0.00,0.00,0.00,0.00,0.0,0.0
2026-09-23T00:51:28+00:00,2026-09-22,daily,6,2026-10-10T10:00:00Z,353,Pecsi,LIV,GKP,40,0,0,0.0,0,49,0,1076,u,Has joined TSV Hartberg on loan for the rest of the season,2026-08-18T14:11:18.638344Z,0,0,,,,0.0,0,0,0,0,0,0,0,0,0,0,0,0,0,0.00,0.00,0.00,0.00,0.0,0.0
2026-09-23T00:51:28+00:00,2026-09-22,daily,6,2026-10-10T10:00:00Z,354,Jaros,LIV,GKP,40,0,0,0.0,165,120,1712,1206,i,Knee injury - Unknown return date,2026-07-29T18:00:10.351066Z,0,0,,,,0.0,0,0,0,0,0,0,0,0,0,0,0,0,0,0.00,0.00,0.00,0.00,0.0,0.0
2026-09-23T00:51:28+00:00,2026-09-22,daily,6,2026-10-10T10:00:00Z,355,Davies,LIV,GKP,40,0,0,0.2,223,351,4675,4131,a,,,,,,,,0.0,0,0,0,0,0,0,0,0,0,0,0,0,0,0.00,0.00,0.00,0.00,0.0,0.0
2026-09-23T00:51:28+00:00,2026-09-22,daily,6,2026-10-10T10:00:00Z,356,Virgil,LIV,DEF,65,0,0,16.2,15557,33657,272573,606290,a,,,,,,,,5.8,8,25,450,5,0,0,3,4,0,48,43,5,18,0.25,0.08,0.33,6.12,5.8,5.8
2026-09-23T00:51:28+00:00,2026-09-22,daily,6,2026-10-10T10:00:00Z,357,Frimpong,LIV,DEF,53,0,-2,1.8,1213,9995,58556,243380,a,,,,,,,,0.5,0,2,178,2,0,0,0,4,0,12,8,4,7,0.01,0.23,0.24,3.91,0.5,0.5
2026-09-23T00:51:28+00:00,2026-09-22,daily,6,2026-10-10T10:00:00Z,358,Kerkez,LIV,DEF,54,0,-1,2.2,1930,7955,46947,185327,a,,,,,,,,3.2,6,13,385,4,0,0,2,4,0,30,22,8,10,0.07,0.08,0.15,5.65,3.2,3.2
2026-09-23T00:51:28+00:00,2026-09-22,daily,6,2026-10-10T10:00:00Z,359,Gomez,LIV,DEF,49,0,-1,0.0,239,84,659,1148,a,,2026-07-26T08:30:10.078473Z,100,100,,,,0.0,0,0,0,0,0,0,0,0,0,0,0,0,0,0.00,0.00,0.00,0.00,0.0,0.0
2026-09-23T00:51:28+00:00,2026-09-22,daily,6,2026-10-10T10:00:00Z,360,Bradley,LIV,DEF,50,0,0,0.0,37,53,354,765,i,Knee injury - Unknown return date,2026-07-23T12:01:23.565711Z,0,0,,,,0.0,0,0,0,0,0,0,0,0,0,0,0,0,0,0.00,0.00,0.00,0.00,0.0,0.0
2026-09-23T00:51:28+00:00,2026-09-22,daily,6,2026-10-10T10:00:00Z,361,Lucky,LIV,DEF,40,0,0,0.1,221,405,3798,5630,a,,,,,,,,0.0,0,0,0,0,0,0,0,0,0,0,0,0,0,0.00,0.00,0.00,0.00,0.0,0.0
2026-09-23T00:51:28+00:00,2026-09-22,daily,6,2026-10-10T10:00:00Z,362,Jacquet,LIV,DEF,50,0,0,3.4,24436,9727,222318,119760,a,,2026-07-23T12:01:23.581126Z,100,100,,,,5.8,6,24,415,5,0,0,3,4,0,36,25,11,21,0.00,0.14,0.14,5.51,5.8,5.8
2026-09-23T00:51:28+00:00,2026-09-22,daily,6,2026-10-10T10:00:00Z,363,Leoni,LIV,DEF,40,0,0,0.0,54,141,855,2072,i,Knee injury - Unknown return date,2026-07-23T12:01:23.596909Z,0,0,,,,0.0,0,0,0,0,0,0,0,0,0,0,0,0,0,0.00,0.00,0.00,0.00,0.0,0.0
2026-09-23T00:51:28+00:00,2026-09-22,daily,6,2026-10-10T10:00:00Z,364,Tsimikas,LIV,DEF,49,0,-1,0.1,60,301,1547,4327,a,,,,,,,,0.5,0,2,64,1,0,0,0,0,0,3,2,1,3,0.04,0.02,0.06,0.47,0.5,0.5
2026-09-23T00:51:28+00:00,2026-09-22,daily,6,2026-10-10T10:00:00Z,365,Ramsay,LIV,DEF,40,0,0,0.1,0,343,638,12572,u,Has joined St Mirren on loan for the rest of the season,2026-08-26T14:05:26.748768Z,0,0,,,,0.0,0,0,0,0,0,0,0,0,0,0,0,0,0,0.00,0.00,0.00,0.00,0.0,0.0
2026-09-23T00:51:28+00:00,2026-09-22,daily,6,2026-10-10T10:00:00Z,366,Wirtz,LIV,MID,73,0,-2,5.8,2028,34866,132296,758263,a,,,,,4,2,3,4.0,6,18,402,5,0,2,3,4,0,36,3,8,25,1.00,0.40,1.40,4.82,4.0,4.0
2026-09-23T00:51:28+00:00,2026-09-22,daily,6,2026-10-10T10:00:00Z,367,Gakpo,LIV,MID,72,0,2,12.6,40555,63877,1326967,691474,a,,2026-09-09T18:30:08.772955Z,100,100,3,,2,5.0,3,32,370,4,1,3,2,4,0,32,9,8,15,0.64,1.71,2.35,5.51,5.0,5.0
2026-09-23T00:51:28+00:00,2026-09-22,daily,6,2026-10-10T10:00:00Z,368,Szoboszlai,LIV,MID,70,0,0,33.1,26906,173214,919265,1641372,a,,,,,1,1,1,3.0,2,20,440,5,1,0,3,4,0,41,13,6,22,1.42,0.82,2.24,5.99,3.0,3.0
2026-09-23T00:51:28+00:00,2026-09-22,daily,6,2026-10-10T10:00:00Z,369,Ngumoha,LIV,MID,57,-1,-3,0.5,582,3400,14360,88426,a,,,,,,,,0.5,0,4,99,1,0,0,0,2,0,4,1,1,2,0.15,0.05,0.20,0.68,0.5,0.5
2026-09-23T00:51:28+00:00,2026-09-22,daily,6,2026-10-10T10:00:00Z,370,Chiesa,LIV,MID,53,-1,-2,0.0,11,185,676,10018,i,Back injury - Unknown return date,2026-08-27T13:30:07.598926Z,0,0,,,,0.0,0,0,0,0,0,0,0,0,0,0,0,0,0,0.00,0.00,0.00,0.00,0.0,0.0
2026-09-23T00:51:28+00:00,2026-09-22,daily,6,2026-10-10T10:00:00Z,371,Gravenberch,LIV,MID,58,-1,-2,1.1,910,7212,35448,128565,a,,,,,,,,1.0,1,9,190,2,0,1,0,2,0,25,10,4,11,0.10,0.08,0.18,2.02,1.0,1.0
2026-09-23T00:51:28+00:00,2026-09-22,daily,6,2026-10-10T10:00:00Z,372,Mac Allister,LIV,MID,54,0,-1,1.3,2940,5304,44560,95018,a,,,,,5,,,2.5,5,11,306,3,0,0,2,2,0,41,11,11,19,0.10,0.49,0.59,4.85,2.5,2.5
2026-09-23T00:51:28+00:00,2026-09-22,daily,6,2026-10-10T10:00:00Z,373,C.Jones,LIV,MID,55,0,0,0.0,0,41,34,2628,u,Has joined Internazionale permanently,2026-08-16T18:30:07.426408Z,0,0,,,,0.0,0,0,0,0,0,0,0,0,0,0,0,0,0,0.00,0.00,0.00,0.00,0.0,0.0
2026-09-23T00:51:28+00:00,2026-09-22,daily,6,2026-10-10T10:00:00Z,374,Endo,LIV,MID,49,0,-1,0.1,115,324,2278,4690,a,,2026-07-23T12:01:23.612529Z,100,100,,,,0.0,0,0,0,0,0,0,0,0,0,0,0,0,0,0.00,0.00,0.00,0.00,0.0,0.0
2026-09-23T00:51:28+00:00,2026-09-22,daily,6,2026-10-10T10:00:00Z,375,Nyoni,LIV,MID,49,0,-1,0.0,60,241,1317,2986,a,,,,,,,,0.8,1,3,38,0,0,0,0,0,0,10,6,2,2,0.00,0.00,0.00,0.36,0.8,0.8
2026-09-23T00:51:28+00:00,2026-09-22,daily,6,2026-10-10T10:00:00Z,376,Bajcetic,LIV,MID,50,0,0,0.0,0,1,19,105,u,Has joined Celta Vigo permanently,2026-07-23T12:01:23.628373Z,0,0,,,,0.0,0,0,0,0,0,0,0,0,0,0,0,0,0,0.00,0.00,0.00,0.00,0.0,0.0
2026-09-23T00:51:28+00:00,2026-09-22,daily,6,2026-10-10T10:00:00Z,377,Munoz,LIV,MID,65,0,0,0.9,1061,9537,117044,99879,a,,,,,,,,2.8,1,15,257,3,1,1,1,2,0,16,5,3,8,0.52,0.31,0.83,4.63,2.8,2.8
2026-09-23T00:51:28+00:00,2026-09-22,daily,6,2026-10-10T10:00:00Z,378,McConnell,LIV,MID,44,0,-1,0.2,823,1121,6698,12578,a,,,,,,,,0.0,0,0,0,0,0,0,0,0,0,0,0,0,0,0.00,0.00,0.00,0.00,0.0,0.0
2026-09-23T00:51:28+00:00,2026-09-22,daily,6,2026-10-10T10:00:00Z,379,Isak,LIV,FWD,91,0,1,22.3,88479,54222,1215641,714191,a,,,,,2,,,7.8,8,33,413,5,4,0,3,4,0,7,3,1,3,3.54,0.08,3.62,5.82,7.8,7.8
2026-09-23T00:51:28+00:00,2026-09-22,daily,6,2026-10-10T10:00:00Z,380,Ekitiké,LIV,FWD,74,0,-1,0.1,258,605,2530,11068,i,Achilles injury - Unknown return date,2026-07-23T12:01:23.643771Z,0,0,,,,0.0,0,0,0,0,0,0,0,0,0,0,0,0,0,0.00,0.00,0.00,0.00,0.0,0.0
2026-09-23T00:51:28+00:00,2026-09-22,daily,6,2026-10-10T10:00:00Z,381,Koumas,LIV,MID,50,0,0,0.0,102,131,781,1332,a,,,,,,,,0.5,1,3,22,0,0,0,0,0,0,1,0,0,1,0.28,0.00,0.28,0.72,0.5,0.5
2026-09-23T00:51:28+00:00,2026-09-22,daily,6,2026-10-10T10:00:00Z,382,Danns,LIV,FWD,45,0,0,0.2,2714,1832,22521,9111,a,,2026-07-23T12:01:23.659279Z,100,100,,,,0.0,0,0,0,0,0,0,0,0,0,0,0,0,0,0.00,0.00,0.00,0.00,0.0,0.0
2026-09-23T00:51:28+00:00,2026-09-22,daily,6,2026-10-10T10:00:00Z,383,Elliott,LIV,MID,54,0,-1,0.0,0,161,907,6081,u,Has joined Valencia on loan for the rest of the season,2026-09-02T16:05:49.104326Z,0,0,,,,0.0,0,0,0,0,0,0,0,0,0,0,0,0,0,0.00,0.00,0.00,0.00,0.0,0.0
2026-09-23T00:51:28+00:00,2026-09-22,daily,6,2026-10-10T10:00:00Z,579,Araujo,LIV,DEF,54,0,-1,3.0,12681,7951,144597,157640,a,,,,,,,,5.2,7,22,284,3,0,0,3,0,0,24,19,5,15,0.00,0.06,0.06,2.75,5.2,5.2
2026-09-23T00:51:28+00:00,2026-09-22,daily,6,2026-10-10T10:00:00Z,627,Barcola,LIV,MID,80,0,0,1.8,6705,15147,284167,126393,a,,,,,,,,2.3,3,7,168,2,0,0,2,0,0,8,0,3,5,0.26,0.13,0.39,1.43,2.3,2.3
2026-09-23T00:51:28+00:00,2026-09-22,daily,6,2026-10-10T10:00:00Z,155,Enzo,MCI,MID,69,0,-1,3.6,23473,10518,165140,317427,a,,,,,,,,2.6,7,13,271,3,1,0,2,3,0,21,6,3,12,0.35,0.53,0.88,5.35,2.6,2.6
2026-09-23T00:51:28+00:00,2026-09-22,daily,6,2026-10-10T10:00:00Z,237,Ndiaye,MCI,MID,58,-1,-2,6.8,5439,57508,296308,1125511,a,,,,,,,,3.2,5,22,385,4,0,2,2,4,0,44,10,8,26,0.38,0.58,0.96,9.42,3.2,3.2
2026-09-23T00:51:28+00:00,2026-09-22,daily,6,2026-10-10T10:00:00Z,384,Donnarumma,MCI,GKP,55,0,0,7.6,8526,23425,204717,309341,a,,,,,,,,4.0,2,19,450,5,0,0,2,5,14,0,4,0,32,0.00,0.00,0.00,7.25,4.0,4.0
2026-09-23T00:51:28+00:00,2026-09-22,daily,6,2026-10-10T10:00:00Z,386,Bettinelli,MCI,GKP,45,0,0,0.0,40,65,555,1101,a,,,,,,,,0.0,0,0,0,0,0,0,0,0,0,0,0,0,0,0.00,0.00,0.00,0.00,0.0,0.0
2026-09-23T00:51:28+00:00,2026-09-22,daily,6,2026-10-10T10:00:00Z,387,O'Reilly,MCI,DEF,63,-1,-2,11.0,3885,57799,191229,1194310,a,,2026-09-05T18:00:06.379802Z,100,100,,,,1.0,1,6,163,2,0,0,0,2,0,5,2,3,9,0.87,0.43,1.30,2.10,1.0,1.0
2026-09-23T00:51:28+00:00,2026-09-22,daily,6,2026-10-10T10:00:00Z,388,Guéhi,MCI,DEF,60,0,0,18.3,18966,38506,500886,450482,a,,,,,,,,5.0,4,30,450,5,1,1,2,5,0,29,26,3,19,0.95,0.39,1.34,7.25,5.0,5.0
2026-09-23T00:51:28+00:00,2026-09-22,daily,6,2026-10-10T10:00:00Z,389,Matheus N.,MCI,DEF,59,0,-1,1.0,1289,2162,14444,73303,a,,2026-08-27T11:30:08.171622Z,100,100,4,,,2.5,1,11,213,2,0,0,1,3,0,21,18,3,10,0.00,0.06,0.06,4.67,2.5,2.5
2026-09-23T00:51:28+00:00,2026-09-22,daily,6,2026-10-10T10:00:00Z,390,Rúben,MCI,DEF,55,0,0,1.9,3609,7038,66197,71840,a,,,,,,,,3.8,1,17,450,5,0,0,2,5,0,26,25,1,16,0.29,0.74,1.03,7.25,3.8,3.8
2026-09-23T00:51:28+00:00,2026-09-22,daily,6,2026-10-10T10:00:00Z,391,Gvardiol,MCI,DEF,57,0,2,26.6,117253,38839,1799285,399055,a,,,,,,,,7.0,4,37,434,5,1,3,2,5,0,31,20,11,21,0.22,0.74,0.96,7.25,7.0,7.0
2026-09-23T00:51:28+00:00,2026-09-22,daily,6,2026-10-10T10:00:00Z,392,Aït-Nouri,MCI,DEF,53,0,-2,0.4,402,1703,7754,61112,a,,,,,,,,0.0,0,0,0,0,0,0,0,0,0,0,0,0,0,0.00,0.00,0.00,0.00,0.0,0.0
2026-09-23T00:51:28+00:00,2026-09-22,daily,6,2026-10-10T10:00:00Z,393,Khusanov,MCI,DEF,54,0,-1,1.4,1084,7359,26520,79005,a,,,,,,,,1.8,0,9,268,3,0,0,1,2,0,17,9,8,13,0.00,0.06,0.06,2.68,1.8,1.8
2026-09-23T00:51:28+00:00,2026-09-22,daily,6,2026-10-10T10:00:00Z,394,Alleyne,MCI,DEF,50,0,0,0.0,0,13,0,611,u,Has joined Burnley on loan for the rest of the season,2026-08-18T14:11:56.324656Z,0,0,,,,0.0,0,0,0,0,0,0,0,0,0,0,0,0,0,0.00,0.00,0.00,0.00,0.0,0.0
2026-09-23T00:51:28+00:00,2026-09-22,daily,6,2026-10-10T10:00:00Z,395,Lewis,MCI,DEF,44,0,-1,0.2,228,940,8184,16006,a,,,,,,,,0.0,0,1,56,1,0,0,0,1,0,2,2,0,0,0.17,0.02,0.19,0.55,0.0,0.0
2026-09-23T00:51:28+00:00,2026-09-22,daily,6,2026-10-10T10:00:00Z,396,Vitor Reis,MCI,DEF,45,0,0,0.0,55,111,535,1134,a,,,,,,,,0.2,0,1,1,0,0,0,0,0,0,0,0,0,0,0.00,0.00,0.00,0.00,0.2,0.2
2026-09-23T00:51:28+00:00,2026-09-22,daily,6,2026-10-10T10:00:00Z,397,Semenyo,MCI,MID,84,0,-1,15.4,105290,36199,296193,1178899,a,,,,,2,,,7.8,17,33,450,5,2,3,2,5,0,22,2,6,14,0.33,1.16,1.49,7.25,7.8,7.8
2026-09-23T00:51:28+00:00,2026-09-22,daily,6,2026-10-10T10:00:00Z,398,Foden,MCI,MID,69,0,-1,1.8,132,22962,303378,560684,s,Suspended until 17 Oct,2026-09-13T17:00:09.433455Z,0,0,,2,2,2.0,0,9,217,3,0,2,0,2,0,14,2,4,8,1.61,0.88,2.49,1.91,0.0,0.0
2026-09-23T00:51:28+00:00,2026-09-22,daily,6,2026-10-10T10:00:00Z,399,Cherki,MCI,MID,78,0,3,28.2,87842,71337,2635003,938282,a,,,,,,1,1,6.5,8,34,302,4,3,2,1,4,0,12,3,0,9,0.72,1.54,2.26,5.00,6.5,6.5
2026-09-23T00:51:28+00:00,2026-09-22,daily,6,2026-10-10T10:00:00Z,400,Doku,MCI,MID,74,0,-1,0.7,2541,1404,4008,127490,a,,2026-08-18T17:00:08.385597Z,75,100,3,,,0.2,1,1,15,0,0,0,0,0,0,2,1,0,1,0.23,0.32,0.55,0.42,0.2,0.2
2026-09-23T00:51:28+00:00,2026-09-22,daily,6,2026-10-10T10:00:00Z,402,Rodrigo,MCI,MID,65,0,0,0.0,0,19,0,1223,u,Has joined Barcelona permanently,2026-07-23T12:01:23.675537Z,0,0,,,,0.0,0,0,0,0,0,0,0,0,0,0,0,0,0,0.00,0.00,0.00,0.00,0.0,0.0
2026-09-23T00:51:28+00:00,2026-09-22,daily,6,2026-10-10T10:00:00Z,404,Reijnders,MCI,MID,60,0,0,0.0,0,69,0,8154,u,Has joined Al Qadsiah permanently,2026-08-20T14:02:58.154273Z,0,0,,,,0.0,0,0,0,0,0,0,0,0,0,0,0,0,0,0.00,0.00,0.00,0.00,0.0,0.0
2026-09-23T00:51:28+00:00,2026-09-22,daily,6,2026-10-10T10:00:00Z,406,Kovačić,MCI,MID,54,0,-1,0.1,73,359,2215,6188,a,,,,,,,,0.2,0,2,42,0,0,0,0,0,0,2,0,0,2,0.00,0.02,0.02,0.10,0.2,0.2
2026-09-23T00:51:28+00:00,2026-09-22,daily,6,2026-10-10T10:00:00Z,407,Echeverri,MCI,MID,49,0,-1,0.0,0,39,250,1328,u,Has joined Benfica on loan for the rest of the season,2026-09-03T15:41:24.710479Z,0,0,,,,0.0,0,0,0,0,0,0,0,0,0,0,0,0,0,0.00,0.00,0.00,0.00,0.0,0.0
2026-09-23T00:51:28+00:00,2026-09-22,daily,6,2026-10-10T10:00:00Z,408,Phillips,MCI,MID,50,0,0,0.0,0,8,0,567,u,Has joined Sheffield United on loan for the rest of the season,2026-08-18T14:11:56.348781Z,0,0,,,,0.0,0,0,0,0,0,0,0,0,0,0,0,0,0,0.00,0.00,0.00,0.00,0.0,0.0
2026-09-23T00:51:28+00:00,2026-09-22,daily,6,2026-10-10T10:00:00Z,409,Mukasa,MCI,MID,45,0,0,0.1,0,465,1621,12032,u,has joined West Ham on loan for the rest of the seaon.,2026-09-03T10:34:10.733520Z,0,0,,,,0.0,0,0,0,0,0,0,0,0,0,0,0,0,0,0.00,0.00,0.00,0.00,0.0,0.0
2026-09-23T00:51:28+00:00,2026-09-22,daily,6,2026-10-10T10:00:00Z,410,Monga,MCI,MID,49,0,-1,0.0,0,42,219,1262,u,Has joined Swansea City on loan for the rest of the season,2026-09-02T16:02:01.136760Z,0,0,,,,0.0,0,0,0,0,0,0,0,0,0,0,0,0,0,0.00,0.00,0.00,0.00,0.0,0.0
2026-09-23T00:51:28+00:00,2026-09-22,daily,6,2026-10-10T10:00:00Z,411,Haaland,MCI,FWD,156,0,1,73.7,59584,14523,904861,316181,a,,,,,1,,,9.2,6,39,450,5,5,0,2,5,0,20,10,0,10,4.42,0.53,4.95,7.25,9.2,9.2
2026-09-23T00:51:28+00:00,2026-09-22,daily,6,2026-10-10T10:00:00Z,481,Anderson,MCI,MID,63,0,-2,4.0,5953,22307,103392,440147,a,,2026-08-23T17:00:07.952697Z,100,100,,,3,3.2,2,15,413,5,0,0,2,5,0,54,18,13,23,0.11,0.67,0.78,7.15,3.2,3.2
2026-09-23T00:51:28+00:00,2026-09-22,daily,6,2026-10-10T10:00:00Z,587,Rulli,MCI,GKP,50,0,0,0.0,46,79,578,1090,a,,,,,,,,0.0,0,0,0,0,0,0,0,0,0,0,0,0,0,0.00,0.00,0.00,0.00,0.0,0.0
2026-09-23T00:51:28+00:00,2026-09-22,daily,6,2026-10-10T10:00:00Z,616,Bouaddi,MCI,MID,55,0,0,0.2,653,1715,20852,13154,a,,,,,,,,0.5,0,2,22,0,0,0,0,0,0,6,3,0,3,0.00,0.12,0.12,0.37,0.5,0.5
2026-09-23T00:51:28+00:00,2026-09-22,daily,6,2026-10-10T10:00:00Z,621,McAidoo,MCI,MID,45,0,0,0.1,145,867,11314,6890,a,,,,,,,,0.5,0,2,11,0,0,0,0,0,0,4,0,2,2,0.10,0.00,0.10,0.02,0.5,0.5
2026-09-23T00:51:28+00:00,2026-09-22,daily,6,2026-10-10T10:00:00Z,622,Braithwaite,MCI,DEF,40,0,0,0.2,443,1270,16650,8821,a,,,,,,,,0.2,0,1,1,0,0,0,0,0,0,0,0,0,1,0.00,0.00,0.00,0.00,0.2,0.2
2026-09-23T00:51:28+00:00,2026-09-22,daily,6,2026-10-10T10:00:00Z,628,Allan,MCI,MID,60,0,0,0.0,176,120,1139,641,a,,,,,,,,0.0,0,0,0,0,0,0,0,0,0,0,0,0,0,0.00,0.00,0.00,0.00,0.0,0.0
2026-09-23T00:51:28+00:00,2026-09-22,daily,6,2026-10-10T10:00:00Z,653,Samba,MCI,MID,45,0,0,0.0,193,376,3842,2059,a,,,,,,,,0.0,0,0,0,0,0,0,0,0,0,0,0,0,0,0.00,0.00,0.00,0.00,0.0,0.0
2026-09-23T00:51:28+00:00,2026-09-22,daily,6,2026-10-10T10:00:00Z,43,Tielemans,MUN,MID,58,0,-2,1.5,2257,8612,43704,159236,a,,2026-07-23T12:01:23.321726Z,100,100,3,,,3.0,4,14,402,5,0,0,0,8,0,43,11,7,25,0.65,0.52,1.17,6.16,3.0,3.0
2026-09-23T00:51:28+00:00,2026-09-22,daily,6,2026-10-10T10:00:00Z,131,Baleba,MUN,MID,49,0,-1,0.1,840,569,6279,14210,a,,2026-08-06T16:00:10.997714Z,50,100,,,,0.0,0,0,0,0,0,0,0,0,0,0,0,0,0,0.00,0.00,0.00,0.00,0.0,0.0
2026-09-23T00:51:28+00:00,2026-09-22,daily,6,2026-10-10T10:00:00Z,162,Andrey Santos,MUN,MID,48,0,-2,0.6,796,3958,21993,72577,a,,,,,,,,0.5,0,4,82,1,0,0,0,4,0,18,7,4,7,0.00,0.24,0.24,2.03,0.5,0.5
2026-09-23T00:51:28+00:00,2026-09-22,daily,6,2026-10-10T10:00:00Z,325,Darlow,MUN,GKP,45,0,0,0.0,54,137,1061,1518,d,Unspecified injury - 75% chance of playing,2026-09-21T13:30:08.885505Z,100,75,,,,0.0,0,0,0,0,0,0,0,0,0,0,0,0,0,0.00,0.00,0.00,0.00,0.0,0.0
2026-09-23T00:51:28+00:00,2026-09-22,daily,6,2026-10-10T10:00:00Z,412,Lammens,MUN,GKP,49,0,-1,10.0,5030,38393,97238,676824,a,,,,,,,,2.5,4,11,450,5,0,0,0,8,16,0,5,0,38,0.00,0.00,0.00,6.80,2.5,2.5
2026-09-23T00:51:28+00:00,2026-09-22,daily,6,2026-10-10T10:00:00Z,413,Bayindir,MUN,GKP,45,0,0,0.0,0,27,0,1137,u,Has joined Celta Vigo on loan for the rest of the season,2026-08-10T14:02:28.608415Z,0,0,,,,0.0,0,0,0,0,0,0,0,0,0,0,0,0,0,0.00,0.00,0.00,0.00,0.0,0.0
2026-09-23T00:51:28+00:00,2026-09-22,daily,6,2026-10-10T10:00:00Z,414,Heaton,MUN,GKP,40,0,0,0.1,157,201,2075,3488,i,Hamstring injury - Unknown return date,2026-08-15T16:00:07.854151Z,0,0,,,,0.0,0,0,0,0,0,0,0,0,0,0,0,0,0,0.00,0.00,0.00,0.00,0.0,0.0
2026-09-23T00:51:28+00:00,2026-09-22,daily,6,2026-10-10T10:00:00Z,415,Dorgu,MUN,MID,58,0,-2,0.5,784,3060,13754,96597,a,,,,,,,,2.5,4,10,171,2,0,1,0,6,0,20,8,8,4,0.78,0.09,0.87,3.38,2.5,2.5
2026-09-23T00:51:28+00:00,2026-09-22,daily,6,2026-10-10T10:00:00Z,416,De Ligt,MUN,DEF,50,0,0,0.0,53,82,432,1505,i,Back injury - Unknown return date,2026-07-23T12:01:23.690880Z,0,0,,,,0.0,0,0,0,0,0,0,0,0,0,0,0,0,0,0.00,0.00,0.00,0.00,0.0,0.0
2026-09-23T00:51:28+00:00,2026-09-22,daily,6,2026-10-10T10:00:00Z,417,Dalot,MUN,DEF,49,0,-1,1.6,907,5817,25686,134312,a,,,,,,,,1.8,2,8,346,4,0,0,0,4,0,16,10,6,21,0.24,0.23,0.47,4.70,1.8,1.8
2026-09-23T00:51:28+00:00,2026-09-22,daily,6,2026-10-10T10:00:00Z,418,Maguire,MUN,DEF,48,-1,-2,8.7,3104,63680,137062,993371,a,,,,,,,,2.2,2,10,450,5,0,1,0,8,0,31,28,3,21,0.20,0.46,0.66,6.80,2.2,2.2
2026-09-23T00:51:28+00:00,2026-09-22,daily,6,2026-10-10T10:00:00Z,419,Martinez,MUN,DEF,50,0,0,1.3,2851,4978,35777,65831,a,,2026-07-24T20:00:10.337107Z,100,100,,,,1.5,0,6,360,4,0,0,0,6,0,20,17,3,14,0.21,0.16,0.37,5.79,1.5,1.5
2026-09-23T00:51:28+00:00,2026-09-22,daily,6,2026-10-10T10:00:00Z,420,Yoro,MUN,DEF,48,-1,-2,0.5,386,1707,5168,35549,a,,,,,,,,0.5,0,2,22,0,0,0,0,2,0,5,3,2,1,0.00,0.02,0.02,1.09,0.5,0.5
2026-09-23T00:51:28+00:00,2026-09-22,daily,6,2026-10-10T10:00:00Z,421,Heaven,MUN,DEF,44,0,-1,0.3,173,1142,5943,23728,a,,,,,,,,0.0,0,1,90,1,0,0,0,2,0,2,1,1,4,0.12,0.04,0.16,1.01,0.0,0.0
2026-09-23T00:51:28+00:00,2026-09-22,daily,6,2026-10-10T10:00:00Z,422,Mazraoui,MUN,DEF,44,0,-1,0.5,473,2315,14257,40402,a,,,,,,,,0.5,0,3,97,1,0,0,0,4,0,6,4,2,3,0.22,0.06,0.28,2.08,0.5,0.5
2026-09-23T00:51:28+00:00,2026-09-22,daily,6,2026-10-10T10:00:00Z,423,Shaw,MUN,DEF,43,-1,-2,7.8,2401,66647,99885,1298576,a,,2026-09-11T13:00:09.030120Z,50,100,,,3,2.0,2,9,335,4,0,1,0,5,0,23,17,6,7,0.03,0.58,0.61,4.63,1.0,2.0
2026-09-23T00:51:28+00:00,2026-09-22,daily,6,2026-10-10T10:00:00Z,424,Amass,MUN,DEF,40,0,0,0.2,321,597,6223,8627,a,,,,,,,,0.0,0,0,0,0,0,0,0,0,0,0,0,0,0,0.00,0.00,0.00,0.00,0.0,0.0
2026-09-23T00:51:28+00:00,2026-09-22,daily,6,2026-10-10T10:00:00Z,425,Fredricson,MUN,DEF,40,0,0,0.0,0,34,0,1302,u,Has joined Lausanne-Sport permanently,2026-08-18T14:12:31.904433Z,0,0,,,,0.0,0,0,0,0,0,0,0,0,0,0,0,0,0,0.00,0.00,0.00,0.00,0.0,0.0
2026-09-23T00:51:28+00:00,2026-09-22,daily,6,2026-10-10T10:00:00Z,426,B.Fernandes,MUN,MID,119,-1,-1,38.7,28904,164162,640504,1817112,a,,,,,1,1,1,7.2,2,31,450,5,3,1,0,8,0,29,3,5,21,2.56,1.32,3.88,6.80,7.2,7.2
2026-09-23T00:51:28+00:00,2026-09-22,daily,6,2026-10-10T10:00:00Z,427,Mbeumo,MUN,MID,79,0,-1,20.7,25591,106414,452570,1992913,a,,,,,2,2,2,5.8,2,25,450,5,2,1,0,8,0,26,7,5,14,3.07,0.80,3.87,6.80,5.8,5.8
2026-09-23T00:51:28+00:00,2026-09-22,daily,6,2026-10-10T10:00:00Z,428,Cunha,MUN,MID,79,0,-1,5.7,14095,17316,87841,505347,a,,,,,,,,6.0,10,26,407,5,1,2,1,5,0,13,1,3,9,0.63,0.83,1.46,5.44,6.0,6.0
2026-09-23T00:51:28+00:00,2026-09-22,daily,6,2026-10-10T10:00:00Z,429,Rashford,MUN,MID,70,0,0,1.5,3830,12382,84859,123463,d,Unspecified injury - 75% chance of playing,2026-09-21T10:30:09.221479Z,,75,,3,,2.2,2,10,351,4,0,0,1,3,0,18,4,4,10,0.78,0.43,1.21,4.50,2.2,1.7
2026-09-23T00:51:28+00:00,2026-09-22,daily,6,2026-10-10T10:00:00Z,430,Mount,MUN,MID,54,0,-1,0.0,130,146,858,1922,a,,2026-08-15T16:00:07.879135Z,100,100,,4,,0.2,1,1,10,0,0,0,0,0,0,1,0,0,1,0.09,0.01,0.10,0.00,0.2,0.2
2026-09-23T00:51:28+00:00,2026-09-22,daily,6,2026-10-10T10:00:00Z,431,Amad,MUN,MID,57,0,-3,0.3,87,1399,2129,123120,i,Unspecified injury - Unknown return date,2026-08-22T11:00:08.617283Z,0,0,,,4,0.0,0,0,0,0,0,0,0,0,0,0,0,0,0,0.00,0.00,0.00,0.00,0.0,0.0
2026-09-23T00:51:28+00:00,2026-09-22,daily,6,2026-10-10T10:00:00Z,432,Mainoo,MUN,MID,55,0,0,1.6,6690,10196,93784,62473,d,Unspecified injury - 75% chance of playing,2026-09-21T13:00:09.169862Z,,75,,,,5.2,4,22,354,4,0,1,0,4,0,56,10,6,40,0.30,0.52,0.82,4.77,5.2,3.9
2026-09-23T00:51:28+00:00,2026-09-22,daily,6,2026-10-10T10:00:00Z,433,Ugarte,MUN,MID,50,0,0,0.0,18,20,114,260,i,Knee injury - Unknown return date,2026-07-23T12:01:23.706702Z,0,0,,,,0.0,0,0,0,0,0,0,0,0,0,0,0,0,0,0.00,0.00,0.00,0.00,0.0,0.0
2026-09-23T00:51:28+00:00,2026-09-22,daily,6,2026-10-10T10:00:00Z,434,J.Fletcher,MUN,MID,49,0,-1,0.0,31,47,311,695,a,,,,,,,,0.0,0,0,0,0,0,0,0,0,0,0,0,0,0,0.00,0.00,0.00,0.00,0.0,0.0
2026-09-23T00:51:28+00:00,2026-09-22,daily,6,2026-10-10T10:00:00Z,435,Lacey,MUN,MID,49,0,-1,0.1,301,258,1654,3223,a,,,,,,,,0.0,0,1,10,0,0,0,0,0,0,1,0,0,1,0.00,0.00,0.00,0.00,0.0,0.0
2026-09-23T00:51:28+00:00,2026-09-22,daily,6,2026-10-10T10:00:00Z,436,Collyer,MUN,MID,50,0,0,0.0,0,37,150,1044,u,Has joined West Brom permanently,2026-09-01T13:16:48.584385Z,0,0,,,,0.0,0,0,0,0,0,0,0,0,0,0,0,0,0,0.00,0.00,0.00,0.00,0.0,0.0
2026-09-23T00:51:28+00:00,2026-09-22,daily,6,2026-10-10T10:00:00Z,437,Bendito Mantato,MUN,MID,44,-1,-1,0.2,179,634,4843,9415,a,,,,,,,,0.0,0,0,0,0,0,0,0,0,0,0,0,0,0,0.00,0.00,0.00,0.00,0.0,0.0
2026-09-23T00:51:28+00:00,2026-09-22,daily,6,2026-10-10T10:00:00Z,438,Fletcher,MUN,MID,44,0,-1,0.3,2008,1581,10077,16350,a,,,,,,,,0.0,0,0,0,0,0,0,0,0,0,0,0,0,0,0.00,0.00,0.00,0.00,0.0,0.0
2026-09-23T00:51:28+00:00,2026-09-22,daily,6,2026-10-10T10:00:00Z,439,Šeško,MUN,FWD,70,0,0,1.7,6282,18137,103721,127810,d,Shin injury - 75% chance of playing,2026-09-20T19:30:08.505755Z,100,75,,,,1.8,0,8,76,0,1,0,0,3,0,5,0,0,5,0.39,0.01,0.40,2.00,1.8,1.4
2026-09-23T00:51:28+00:00,2026-09-22,daily,6,2026-10-10T10:00:00Z,440,Zirkzee,MUN,FWD,53,-1,-2,0.4,1338,2397,15218,42950,a,,,,,,,,0.5,1,2,20,0,0,0,0,0,0,4,2,0,2,0.00,0.01,0.01,0.02,0.5,0.5
2026-09-23T00:51:28+00:00,2026-09-22,daily,6,2026-10-10T10:00:00Z,441,Obi,MUN,FWD,45,0,0,1.0,0,9054,45543,71996,u,Has joined Willem II on loan for the rest of the season,2026-09-14T16:12:42.090874Z,0,0,,,,0.0,0,0,0,0,0,0,0,0,0,0,0,0,0,0.00,0.00,0.00,0.00,0.0,0.0
2026-09-23T00:51:28+00:00,2026-09-22,daily,6,2026-10-10T10:00:00Z,405,N.Gonzalez,NEW,MID,55,0,0,0.2,390,1620,17853,16789,a,,2026-09-14T21:30:07.343728Z,0,100,,,,1.2,0,5,164,3,0,0,1,2,0,12,3,0,9,0.00,0.21,0.21,2.34,0.0,1.2
2026-09-23T00:51:28+00:00,2026-09-22,daily,6,2026-10-10T10:00:00Z,442,Pope,NEW,GKP,49,0,-1,1.0,663,2479,13156,53202,a,,,,,,,,0.0,0,0,0,0,0,0,0,0,0,0,0,0,0,0.00,0.00,0.00,0.00,0.0,0.0
2026-09-23T00:51:28+00:00,2026-09-22,daily,6,2026-10-10T10:00:00Z,443,Gillespie,NEW,GKP,45,0,0,0.0,30,60,755,1180,a,,,,,,,,0.0,0,0,0,0,0,0,0,0,0,0,0,0,0,0.00,0.00,0.00,0.00,0.0,0.0
2026-09-23T00:51:28+00:00,2026-09-22,daily,6,2026-10-10T10:00:00Z,444,Jaouen,NEW,GKP,44,-1,-1,0.0,16,92,449,1497,d,Ankle injury - 50% chance of playing,2026-09-10T16:00:09.127466Z,50,50,,,,0.0,0,0,0,0,0,0,0,0,0,0,0,0,0,0.00,0.00,0.00,0.00,0.0,0.0
2026-09-23T00:51:28+00:00,2026-09-22,daily,6,2026-10-10T10:00:00Z,445,Thiaw,NEW,DEF,50,0,0,2.2,6621,7571,175922,120582,a,,,,,,,,2.8,4,14,450,5,0,0,1,9,0,45,45,0,10,0.00,0.08,0.08,9.14,2.8,2.8
2026-09-23T00:51:28+00:00,2026-09-22,daily,6,2026-10-10T10:00:00Z,446,Schär,NEW,DEF,49,0,-1,0.2,430,737,6941,13683,a,,2026-08-15T16:30:07.209742Z,100,100,,2,,0.2,1,2,25,0,0,0,0,2,0,7,7,0,0,0.00,0.01,0.01,1.87,0.2,0.2
2026-09-23T00:51:28+00:00,2026-09-22,daily,6,2026-10-10T10:00:00Z,447,Botman,NEW,DEF,50,0,0,0.7,3639,2153,46313,27447,a,,,,,,,,3.0,4,15,450,5,0,0,1,9,0,59,54,5,14,0.06,0.17,0.23,9.14,3.0,3.0
2026-09-23T00:51:28+00:00,2026-09-22,daily,6,2026-10-10T10:00:00Z,448,Burn,NEW,DEF,48,-1,-2,0.7,76,4556,7291,159464,i,Ankle injury - Expected back 12 Oct,2026-08-23T18:00:08.367241Z,0,0,,,,0.0,0,0,0,0,0,0,0,0,0,0,0,0,0,0.00,0.00,0.00,0.00,0.0,0.0
2026-09-23T00:51:28+00:00,2026-09-22,daily,6,2026-10-10T10:00:00Z,449,Hall,NEW,DEF,53,1,3,16.8,202245,12987,1615747,340820,a,,,,,,1,1,7.0,13,31,449,5,1,1,1,9,0,46,33,13,38,0.25,0.79,1.04,9.12,7.0,7.0
2026-09-23T00:51:28+00:00,2026-09-22,daily,6,2026-10-10T10:00:00Z,450,Livramento,NEW,DEF,49,0,-1,0.1,392,1238,10188,5678,d,Unspecified injury - 75% chance of playing,2026-09-19T14:00:09.046677Z,100,75,,,,1.0,0,4,33,0,0,1,0,1,0,3,1,2,4,0.00,0.01,0.01,0.18,1.0,0.8
2026-09-23T00:51:28+00:00,2026-09-22,daily,6,2026-10-10T10:00:00Z,451,A.Murphy,NEW,DEF,40,0,0,0.1,0,227,0,6878,u,Has joined FC Kaiserslautern on loan for the rest of the season,2026-08-12T14:05:29.224600Z,0,0,,,,0.0,0,0,0,0,0,0,0,0,0,0,0,0,0,0.00,0.00,0.00,0.00,0.0,0.0
2026-09-23T00:51:28+00:00,2026-09-22,daily,6,2026-10-10T10:00:00Z,453,Barnes,NEW,MID,61,1,1,5.4,129360,11104,600463,143012,a,,,,,,,3,6.5,9,28,450,5,1,3,1,9,0,33,14,3,16,0.62,0.48,1.10,9.14,6.5,6.5
2026-09-23T00:51:28+00:00,2026-09-22,daily,6,2026-10-10T10:00:00Z,454,Elanga,NEW,MID,61,-1,1,4.7,250,146312,1286087,1066273,i,Unspecified injury - Unknown return date,2026-09-14T20:00:09.505598Z,0,0,,,2,2.2,0,18,232,3,2,0,1,3,0,9,2,4,3,0.42,0.34,0.76,4.01,0.0,0.0
2026-09-23T00:51:28+00:00,2026-09-22,daily,6,2026-10-10T10:00:00Z,456,J.Ramsey,NEW,MID,49,0,-1,0.2,26,3946,16572,30149,i,Thigh injury - Unknown return date,2026-09-15T09:00:08.191022Z,0,0,,,,1.8,0,7,69,0,1,0,0,1,0,11,3,2,6,0.17,0.16,0.33,1.92,0.0,0.0
2026-09-23T00:51:28+00:00,2026-09-22,daily,6,2026-10-10T10:00:00Z,457,J.Murphy,NEW,MID,59,0,-1,0.1,699,596,5802,10775,a,,,,,,,4,0.8,1,3,181,2,0,0,0,5,0,18,4,4,10,0.03,0.41,0.44,4.96,0.8,0.8
2026-09-23T00:51:28+00:00,2026-09-22,daily,6,2026-10-10T10:00:00Z,458,Joelinton,NEW,MID,54,0,-1,0.0,9,58,220,2220,i,Unspecified injury - Unknown return date,2026-08-16T08:00:08.074045Z,0,0,,,,0.0,0,0,0,0,0,0,0,0,0,0,0,0,0,0.00,0.00,0.00,0.00,0.0,0.0
2026-09-23T00:51:28+00:00,2026-09-22,daily,6,2026-10-10T10:00:00Z,459,L.Miley,NEW,MID,55,0,0,0.1,359,343,6223,5350,a,,2026-07-23T12:01:23.785456Z,100,100,,,5,2.2,4,12,396,5,0,0,1,8,0,52,20,6,26,0.05,0.14,0.19,7.95,2.2,2.2
2026-09-23T00:51:28+00:00,2026-09-22,daily,6,2026-10-10T10:00:00Z,460,Willock,NEW,MID,50,0,0,0.5,7793,1931,62613,29916,a,,,,,,,,4.0,10,22,284,3,2,0,1,5,0,18,4,5,9,0.81,0.30,1.11,5.19,4.0,4.0
2026-09-23T00:51:28+00:00,2026-09-22,daily,6,2026-10-10T10:00:00Z,461,Touré,NEW,MID,58,0,-2,0.1,251,671,3634,16278,a,,,,,,,,2.0,1,8,50,0,1,0,0,1,0,4,1,0,3,0.28,0.01,0.29,0.76,2.0,2.0
2026-09-23T00:51:28+00:00,2026-09-22,daily,6,2026-10-10T10:00:00Z,462,Steur,NEW,MID,49,0,-1,0.1,196,301,2352,6098,a,,,,,,,,1.8,3,8,223,2,0,0,1,5,0,21,9,4,8,0.00,0.06,0.06,4.23,1.8,1.8
2026-09-23T00:51:28+00:00,2026-09-22,daily,6,2026-10-10T10:00:00Z,463,Woltemade,NEW,FWD,59,0,-1,0.5,0,2823,14520,141258,u,Has joined Juventus on loan for the rest of the season,2026-09-02T16:07:16.549304Z,0,0,,,,1.0,0,4,19,0,0,1,0,0,0,0,0,0,0,0.02,0.01,0.03,0.38,0.0,0.0
2026-09-23T00:51:28+00:00,2026-09-22,daily,6,2026-10-10T10:00:00Z,464,Wissa,NEW,FWD,62,0,2,18.7,65611,116828,2261123,703838,a,,,,,2,,,2.8,0,15,441,5,1,1,1,8,0,27,6,6,15,2.35,0.06,2.41,7.97,2.8,2.8
2026-09-23T00:51:28+00:00,2026-09-22,daily,6,2026-10-10T10:00:00Z,465,Osula,NEW,FWD,58,-1,-2,0.3,85,1842,21408,86147,i,Foot injury - Unknown return date,2026-08-25T19:00:08.004915Z,0,0,1,4,,0.0,0,4,55,1,0,1,0,1,0,5,2,1,2,0.06,0.14,0.20,1.48,0.0,0.0
2026-09-23T00:51:28+00:00,2026-09-22,daily,6,2026-10-10T10:00:00Z,466,Neave,NEW,FWD,45,0,0,0.5,0,3058,23805,51680,u,Has joined Wolves on loan for the rest of the season,2026-09-04T12:37:43.515176Z,0,0,,,,0.0,0,0,0,0,0,0,0,0,0,0,0,0,0,0.00,0.00,0.00,0.00,0.0,0.0
2026-09-23T00:51:28+00:00,2026-09-22,daily,6,2026-10-10T10:00:00Z,559,Bamba,NEW,MID,49,0,-1,0.1,97,376,2537,7460,a,,,,,,,,0.5,1,3,27,0,0,0,0,1,0,8,3,3,2,0.00,0.00,0.00,1.29,0.5,0.5
2026-09-23T00:51:28+00:00,2026-09-22,daily,6,2026-10-10T10:00:00Z,567,Horníček,NEW,GKP,50,0,0,1.5,5604,3651,150254,70204,a,,,,,,,,3.2,3,14,450,5,0,0,1,9,19,0,11,0,31,0.00,0.00,0.00,9.14,3.2,3.2
2026-09-23T00:51:28+00:00,2026-09-22,daily,6,2026-10-10T10:00:00Z,593,Dedić,NEW,DEF,45,0,0,1.9,196,32488,447818,302538,i,Unspecified injury - Unknown return date,2026-09-17T14:30:09.823731Z,0,0,,3,,3.0,0,13,327,4,0,1,1,7,0,24,16,8,15,0.14,0.08,0.22,7.38,0.0,0.0
2026-09-23T00:51:28+00:00,2026-09-22,daily,6,2026-10-10T10:00:00Z,609,Shahar,NEW,DEF,40,0,0,0.2,0,1469,18236,15367,u,has joined Arouca on loan for the rest of the seaon.,2026-09-11T14:41:57.406766Z,0,0,,,,0.0,0,0,0,0,0,0,0,0,0,0,0,0,0,0.00,0.00,0.00,0.00,0.0,0.0
2026-09-23T00:51:28+00:00,2026-09-22,daily,6,2026-10-10T10:00:00Z,634,Fernandez-Pardo,NEW,FWD,60,0,0,0.1,1321,1111,16392,6011,a,,,,,,,,1.3,2,4,157,2,0,0,0,4,0,5,0,2,3,0.05,0.01,0.06,2.94,1.3,1.3
2026-09-23T00:51:28+00:00,2026-09-22,daily,6,2026-10-10T10:00:00Z,659,Miley,NEW,MID,45,0,0,0.0,1157,499,4595,1101,a,,,,,,,,0.0,0,0,0,0,0,0,0,0,0,0,0,0,0,0.00,0.00,0.00,0.00,0.0,0.0
2026-09-23T00:51:28+00:00,2026-09-22,daily,6,2026-10-10T10:00:00Z,663,Pivas,NEW,DEF,40,0,0,0.0,275,34,275,34,a,,,,,,,,0.0,0,0,0,0,0,0,0,0,0,0,0,0,0,0.00,0.00,0.00,0.00,1.1,1.1
2026-09-23T00:51:28+00:00,2026-09-22,daily,6,2026-10-10T10:00:00Z,664,Salia,NEW,FWD,45,0,0,0.1,6656,946,6656,946,a,,,,,,,,0.0,0,0,0,0,0,0,0,0,0,0,0,0,0,0.00,0.00,0.00,0.00,1.0,1.0
2026-09-23T00:51:28+00:00,2026-09-22,daily,6,2026-10-10T10:00:00Z,665,Mills,NEW,MID,45,0,0,0.0,124,20,124,20,a,,,,,,,,0.0,0,0,0,0,0,0,0,0,0,0,0,0,0,0.00,0.00,0.00,0.00,1.1,1.1
2026-09-23T00:51:28+00:00,2026-09-22,daily,6,2026-10-10T10:00:00Z,666,Thompson,NEW,MID,45,0,0,0.0,159,16,159,16,a,,,,,,,,0.0,0,0,0,0,0,0,0,0,0,0,0,0,0,0.00,0.00,0.00,0.00,1.1,1.1
2026-09-23T00:51:28+00:00,2026-09-22,daily,6,2026-10-10T10:00:00Z,167,Delap,NFO,FWD,56,1,1,2.7,22655,23201,309831,76773,a,,,,,3,,,1.8,1,9,277,3,1,0,1,3,0,17,5,2,10,0.89,0.35,1.24,2.62,1.8,1.8
2026-09-23T00:51:28+00:00,2026-09-22,daily,6,2026-10-10T10:00:00Z,201,Muñoz,NFO,DEF,54,0,-1,5.8,6407,23997,156965,478173,a,,,,,,,,1.2,2,5,257,3,0,0,0,4,0,15,8,7,8,0.60,0.21,0.81,2.59,1.2,1.2
2026-09-23T00:51:28+00:00,2026-09-22,daily,6,2026-10-10T10:00:00Z,467,Sels,NFO,GKP,50,0,0,1.6,1517,4550,67770,60612,a,,,,,,,,3.0,2,14,450,5,0,0,1,5,11,0,6,0,46,0.00,0.01,0.01,4.77,3.0,3.0
2026-09-23T00:51:28+00:00,2026-09-22,daily,6,2026-10-10T10:00:00Z,468,John,NFO,GKP,45,0,0,0.1,43,119,850,1979,a,,,,,,,,0.0,0,0,0,0,0,0,0,0,0,0,0,0,0,0.00,0.00,0.00,0.00,0.0,0.0
2026-09-23T00:51:28+00:00,2026-09-22,daily,6,2026-10-10T10:00:00Z,469,N.Williams,NFO,DEF,50,0,0,8.8,8819,35115,323305,340373,a,,,,,,3,2,4.2,2,19,450,5,0,1,1,5,0,29,15,14,28,0.41,0.61,1.02,4.77,4.2,4.2
2026-09-23T00:51:28+00:00,2026-09-22,daily,6,2026-10-10T10:00:00Z,470,Morato,NFO,DEF,50,0,0,0.0,0,88,424,3668,u,Has joined West Ham on loan for the rest of the season,2026-09-02T16:19:54.503286Z,0,0,,,,0.0,0,0,0,0,0,0,0,0,0,0,0,0,0,0.00,0.00,0.00,0.00,0.0,0.0
2026-09-23T00:51:28+00:00,2026-09-22,daily,6,2026-10-10T10:00:00Z,471,Milenković,NFO,DEF,54,-1,-1,1.0,44,9727,17976,104884,i,Hamstring injury - Expected back 11 Oct,2026-09-12T14:00:09.705107Z,0,0,,,,2.5,0,12,270,3,0,0,1,3,0,31,26,5,12,0.11,0.03,0.14,3.28,0.0,0.0
2026-09-23T00:51:28+00:00,2026-09-22,daily,6,2026-10-10T10:00:00Z,472,Murillo,NFO,DEF,55,0,0,2.1,6190,6015,101687,59276,a,,2026-07-23T12:01:23.801183Z,100,100,,2,,4.8,4,23,449,5,0,1,1,5,0,53,44,9,18,0.42,0.37,0.79,4.77,4.8,4.8
2026-09-23T00:51:28+00:00,2026-09-22,daily,6,2026-10-10T10:00:00Z,473,Aina,NFO,DEF,44,-1,-1,2.4,872,17304,68985,167091,a,,,,,,,,0.8,0,8,306,4,0,0,1,3,0,22,12,10,14,0.04,0.53,0.57,3.72,0.8,0.8
2026-09-23T00:51:28+00:00,2026-09-22,daily,6,2026-10-10T10:00:00Z,474,Jair Cunha,NFO,DEF,45,0,0,0.2,183,520,9689,13046,a,,2026-09-12T14:00:09.724349Z,75,100,,,,2.5,1,11,360,4,0,0,1,4,0,36,29,7,8,0.05,0.02,0.07,3.95,1.9,2.5
2026-09-23T00:51:28+00:00,2026-09-22,daily,6,2026-10-10T10:00:00Z,475,Savona,NFO,DEF,45,0,0,0.0,15,14,235,272,i,Knee injury - Unknown return date,2026-07-23T12:01:23.816304Z,0,0,,,,0.0,0,0,0,0,0,0,0,0,0,0,0,0,0,0.00,0.00,0.00,0.00,0.0,0.0
2026-09-23T00:51:28+00:00,2026-09-22,daily,6,2026-10-10T10:00:00Z,476,O.Richards,NFO,DEF,40,0,0,0.2,221,564,3921,8115,a,,,,,,,,0.0,0,0,0,0,0,0,0,0,0,0,0,0,0,0.00,0.00,0.00,0.00,0.0,0.0
2026-09-23T00:51:28+00:00,2026-09-22,daily,6,2026-10-10T10:00:00Z,477,Abbott,NFO,DEF,40,0,0,0.1,0,612,2459,13685,u,Has joined Southampton on loan for the rest of the season,2026-09-02T16:19:54.536676Z,0,0,,,,0.0,0,0,0,0,0,0,0,0,0,0,0,0,0,0.00,0.00,0.00,0.00,0.0,0.0
2026-09-23T00:51:28+00:00,2026-09-22,daily,6,2026-10-10T10:00:00Z,478,Netz,NFO,DEF,44,0,-1,0.0,43,91,673,1562,a,,,,,,,,0.5,1,3,27,0,0,0,0,1,0,1,0,1,1,0.00,0.02,0.02,0.13,0.5,0.5
2026-09-23T00:51:28+00:00,2026-09-22,daily,6,2026-10-10T10:00:00Z,479,Bindon,NFO,DEF,40,0,0,0.1,0,416,799,8546,u,Has joined Charlton Athletic on loan for the rest of the season,2026-09-01T13:16:05.383880Z,0,0,,,,0.0,0,0,0,0,0,0,0,0,0,0,0,0,0,0.00,0.00,0.00,0.00,0.0,0.0
2026-09-23T00:51:28+00:00,2026-09-22,daily,6,2026-10-10T10:00:00Z,480,Gibbs-White,NFO,MID,80,0,0,15.7,48548,65587,1192230,648281,a,,2026-08-24T15:30:08.350159Z,100,100,1,1,,6.5,2,28,450,5,1,2,1,5,0,21,2,5,14,1.56,1.42,2.98,4.77,6.5,6.5
2026-09-23T00:51:28+00:00,2026-09-22,daily,6,2026-10-10T10:00:00Z,482,Hudson-Odoi,NFO,MID,58,0,-2,0.1,199,943,5210,17343,a,,2026-07-23T12:01:23.832709Z,100,100,,4,,0.2,0,1,1,0,0,0,0,0,0,0,0,0,0,0.00,0.00,0.00,0.00,0.2,0.2
2026-09-23T00:51:28+00:00,2026-09-22,daily,6,2026-10-10T10:00:00Z,483,Ndoye,NFO,MID,55,0,0,0.7,564,6878,72160,48041,a,,,,,,,,3.0,1,15,316,5,1,0,1,3,0,20,3,2,15,1.25,0.93,2.18,3.84,3.0,3.0
2026-09-23T00:51:28+00:00,2026-09-22,daily,6,2026-10-10T10:00:00Z,484,Hutchinson,NFO,MID,54,0,-1,0.1,0,261,427,10889,u,Has joined AC Milan on loan for the rest of the season,2026-09-01T13:23:52.340206Z,0,0,,,,0.0,0,0,0,0,0,0,0,0,0,0,0,0,0,0.00,0.00,0.00,0.00,0.0,0.0
2026-09-23T00:51:28+00:00,2026-09-22,daily,6,2026-10-10T10:00:00Z,485,Bakwa,NFO,MID,55,0,0,0.0,0,25,107,1167,u,Has joined Lille on loan for the rest of the season,2026-08-27T14:53:03.381941Z,0,0,,,,0.0,0,0,0,0,0,0,0,0,0,0,0,0,0,0.00,0.00,0.00,0.00,0.0,0.0
2026-09-23T00:51:28+00:00,2026-09-22,daily,6,2026-10-10T10:00:00Z,486,McAtee,NFO,MID,55,0,0,0.1,281,735,9926,5781,a,,,,,,,1,2.2,2,12,416,5,0,0,2,4,0,39,9,9,21,0.37,0.96,1.33,4.55,2.2,2.2
2026-09-23T00:51:28+00:00,2026-09-22,daily,6,2026-10-10T10:00:00Z,487,Dominguez,NFO,MID,49,0,-1,0.1,45,236,1183,4038,a,,,,,,,,0.2,0,1,1,0,0,0,0,0,0,0,0,0,0,0.00,0.00,0.00,0.00,0.2,0.2
2026-09-23T00:51:28+00:00,2026-09-22,daily,6,2026-10-10T10:00:00Z,488,I.Sangaré,NFO,MID,49,0,-1,0.4,239,2436,9138,68015,a,,2026-08-28T09:30:07.471668Z,100,100,,,,0.5,1,4,105,1,0,0,0,1,0,8,4,1,3,0.09,0.02,0.11,0.56,0.5,0.5
2026-09-23T00:51:28+00:00,2026-09-22,daily,6,2026-10-10T10:00:00Z,489,Yates,NFO,MID,45,0,0,1.2,470,5958,30116,92313,a,,2026-08-17T20:30:08.195072Z,100,100,,,,0.0,0,0,0,0,0,0,0,0,0,0,0,0,0,0.00,0.00,0.00,0.00,0.0,0.0
2026-09-23T00:51:28+00:00,2026-09-22,daily,6,2026-10-10T10:00:00Z,490,Wood,NFO,FWD,58,0,-2,0.9,1393,5117,23972,114964,a,,,,,2,,,0.8,1,4,62,0,0,0,0,1,0,1,0,0,1,0.12,0.01,0.13,0.53,0.8,0.8
2026-09-23T00:51:28+00:00,2026-09-22,daily,6,2026-10-10T10:00:00Z,491,Igor Jesus,NFO,FWD,58,0,-2,2.7,5430,18998,124430,266343,a,,,,,4,,,2.5,1,12,257,2,1,0,0,3,0,15,5,2,8,1.25,0.08,1.33,2.61,2.5,2.5
2026-09-23T00:51:28+00:00,2026-09-22,daily,6,2026-10-10T10:00:00Z,493,Kalimuendo,NFO,FWD,54,0,-1,0.1,163,316,2973,4016,a,,,,,,,,0.0,0,1,1,0,0,0,0,0,0,0,0,0,0,0.00,0.00,0.00,0.00,0.0,0.0
2026-09-23T00:51:28+00:00,2026-09-22,daily,6,2026-10-10T10:00:00Z,558,Schlager,NFO,MID,50,0,0,0.1,160,613,5840,5630,a,,,,,,,3,3.0,2,13,376,4,0,0,1,5,0,49,11,17,21,0.19,0.18,0.37,4.43,3.0,3.0
2026-09-23T00:51:28+00:00,2026-09-22,daily,6,2026-10-10T10:00:00Z,581,Diomande,NFO,DEF,54,0,-1,0.5,1140,1714,13262,41179,a,,,,,,,,1.8,2,7,163,2,0,0,0,2,0,19,18,1,10,0.16,0.01,0.17,1.45,1.8,1.8
2026-09-23T00:51:28+00:00,2026-09-22,daily,6,2026-10-10T10:00:00Z,590,Benda,NFO,GKP,45,0,0,0.1,98,186,2638,2787,a,,,,,,,,0.0,0,0,0,0,0,0,0,0,0,0,0,0,0,0.00,0.00,0.00,0.00,0.0,0.0
2026-09-23T00:51:28+00:00,2026-09-22,daily,6,2026-10-10T10:00:00Z,112,Van Hecke,TOT,DEF,49,0,-1,6.6,12772,20889,148941,466284,a,,,,,,,,5.8,6,24,450,5,1,0,2,8,0,43,33,10,17,0.69,0.42,1.11,7.78,5.8,5.8
2026-09-23T00:51:28+00:00,2026-09-22,daily,6,2026-10-10T10:00:00Z,147,Tosin,TOT,DEF,44,0,-1,0.1,80,442,1972,7794,a,,,,,,,,0.2,0,1,5,0,0,0,0,0,0,4,2,2,1,0.00,0.00,0.00,0.03,0.2,0.2
2026-09-23T00:51:28+00:00,2026-09-22,daily,6,2026-10-10T10:00:00Z,401,Marmoush,TOT,FWD,70,0,0,2.1,7498,17558,229977,158691,a,,,,,2,5,,2.0,2,8,339,4,0,0,2,5,0,13,0,2,11,0.38,0.15,0.53,3.84,2.0,2.0
2026-09-23T00:51:28+00:00,2026-09-22,daily,6,2026-10-10T10:00:00Z,403,Sávio,TOT,MID,65,0,0,0.7,2102,5468,99014,78231,a,,2026-08-29T16:30:08.380416Z,100,100,,,4,2.0,2,8,240,3,0,0,2,3,0,11,3,0,8,0.41,0.70,1.11,2.76,2.0,2.0
2026-09-23T00:51:28+00:00,2026-09-22,daily,6,2026-10-10T10:00:00Z,455,Tonali,TOT,MID,53,-1,-2,1.9,1695,12425,47284,267032,a,,2026-09-14T14:30:07.387706Z,100,100,,,,3.0,2,14,427,5,0,0,2,8,0,42,11,11,20,0.24,0.61,0.85,7.72,3.0,3.0
2026-09-23T00:51:28+00:00,2026-09-22,daily,6,2026-10-10T10:00:00Z,494,Vicario,TOT,GKP,45,0,0,0.1,0,570,0,21953,u,Has joined Juventus on loan for the rest of the season,2026-08-19T13:55:33.193962Z,0,0,,,,0.0,0,0,0,0,0,0,0,0,0,0,0,0,0,0.00,0.00,0.00,0.00,0.0,0.0
2026-09-23T00:51:28+00:00,2026-09-22,daily,6,2026-10-10T10:00:00Z,495,Austin,TOT,GKP,40,0,0,1.0,1487,1695,29138,21380,a,,,,,,,,0.0,0,0,0,0,0,0,0,0,0,0,0,0,0,0.00,0.00,0.00,0.00,0.0,0.0
2026-09-23T00:51:28+00:00,2026-09-22,daily,6,2026-10-10T10:00:00Z,496,Kinsky,TOT,GKP,45,0,0,17.5,12484,91608,341638,773835,a,,,,,,,,4.0,2,18,450,5,0,0,2,8,12,0,10,0,34,0.00,0.00,0.00,7.78,4.0,4.0
2026-09-23T00:51:28+00:00,2026-09-22,daily,6,2026-10-10T10:00:00Z,497,Dubravka,TOT,GKP,40,0,0,17.2,19801,37250,390440,429900,a,,,,,,,,0.0,0,0,0,0,0,0,0,0,0,0,0,0,0,0.00,0.00,0.00,0.00,0.0,0.0
2026-09-23T00:51:28+00:00,2026-09-22,daily,6,2026-10-10T10:00:00Z,498,Senesi,TOT,DEF,58,0,-2,3.6,865,17090,29009,453553,a,,,,,,,,0.0,0,3,90,1,0,0,0,3,0,16,11,5,2,0.00,0.02,0.02,3.87,0.0,0.0
2026-09-23T00:51:28+00:00,2026-09-22,daily,6,2026-10-10T10:00:00Z,499,Pedro Porro,TOT,DEF,54,0,-1,7.8,1493,58960,124267,976708,d,Hamstring injury - 75% chance of playing,2026-09-19T12:00:08.823872Z,100,75,,1,3,2.2,1,9,198,3,0,0,1,2,0,9,6,3,5,0.37,0.16,0.53,1.68,2.2,1.7
2026-09-23T00:51:28+00:00,2026-09-22,daily,6,2026-10-10T10:00:00Z,500,Romero,TOT,DEF,50,0,0,0.1,0,211,0,16725,u,Has joined Atletico Madrid permanently,2026-08-17T13:49:05.465401Z,0,0,,,,0.0,0,0,0,0,0,0,0,0,0,0,0,0,0,0.00,0.00,0.00,0.00,0.0,0.0
2026-09-23T00:51:28+00:00,2026-09-22,daily,6,2026-10-10T10:00:00Z,502,Robertson,TOT,DEF,44,0,-1,2.6,4171,9997,65843,180673,a,,,,,,,1,3.5,4,17,366,4,0,1,1,7,0,20,15,5,15,0.13,0.43,0.56,7.05,3.5,3.5
2026-09-23T00:51:28+00:00,2026-09-22,daily,6,2026-10-10T10:00:00Z,503,Van de Ven,TOT,DEF,50,0,0,3.8,4251,15972,92707,263213,a,,2026-08-21T15:00:07.610517Z,100,100,,,,4.0,1,16,360,4,0,0,2,5,0,29,24,5,17,0.59,0.05,0.64,3.91,4.0,4.0
2026-09-23T00:51:28+00:00,2026-09-22,daily,6,2026-10-10T10:00:00Z,505,Spence,TOT,DEF,45,0,0,0.2,0,890,0,68976,u,Has joined Internazionale permanently,2026-08-18T14:13:08.454214Z,0,0,,,,0.0,0,0,0,0,0,0,0,0,0,0,0,0,0,0.00,0.00,0.00,0.00,0.0,0.0
2026-09-23T00:51:28+00:00,2026-09-22,daily,6,2026-10-10T10:00:00Z,506,Udogie,TOT,DEF,44,0,-1,0.3,255,1287,5494,22117,a,,2026-09-11T18:00:09.092110Z,100,100,,,,1.5,0,7,86,1,0,0,1,1,0,4,3,1,4,0.00,0.23,0.23,1.17,1.5,1.5
2026-09-23T00:51:28+00:00,2026-09-22,daily,6,2026-10-10T10:00:00Z,507,Phillips,TOT,DEF,45,0,0,0.0,0,43,0,1258,u,Has joined Middlesbrough permanently,2026-08-18T14:13:08.474144Z,0,0,,,,0.0,0,0,0,0,0,0,0,0,0,0,0,0,0,0.00,0.00,0.00,0.00,0.0,0.0
2026-09-23T00:51:28+00:00,2026-09-22,daily,6,2026-10-10T10:00:00Z,508,Davies,TOT,DEF,39,-1,-1,0.9,5593,2852,17389,40295,a,,,,,,,,0.0,0,0,0,0,0,0,0,0,0,0,0,0,0,0.00,0.00,0.00,0.00,0.0,0.0
2026-09-23T00:51:28+00:00,2026-09-22,daily,6,2026-10-10T10:00:00Z,509,Byfield,TOT,DEF,40,0,0,0.1,98,194,2313,2538,a,,,,,,,,0.0,0,0,0,0,0,0,0,0,0,0,0,0,0,0.00,0.00,0.00,0.00,0.0,0.0
2026-09-23T00:51:28+00:00,2026-09-22,daily,6,2026-10-10T10:00:00Z,510,Rowswell,TOT,DEF,40,0,0,0.1,114,261,2843,3389,a,,,,,,,,0.0,0,0,0,0,0,0,0,0,0,0,0,0,0,0.00,0.00,0.00,0.00,0.0,0.0
2026-09-23T00:51:28+00:00,2026-09-22,daily,6,2026-10-10T10:00:00Z,511,Souza,TOT,DEF,40,0,0,0.2,0,683,2555,16669,u,Has joined FC Porto on loan for the rest of the season,2026-09-01T13:24:26.858636Z,0,0,,,,0.0,0,0,0,0,0,0,0,0,0,0,0,0,0,0.00,0.00,0.00,0.00,0.0,0.0
2026-09-23T00:51:28+00:00,2026-09-22,daily,6,2026-10-10T10:00:00Z,512,Kudus,TOT,MID,65,0,0,0.1,1692,828,12486,10783,a,,2026-07-23T12:01:23.848657Z,100,100,3,3,6,1.8,4,7,123,0,0,1,0,3,0,14,0,3,11,0.11,0.42,0.53,1.46,1.8,1.8
2026-09-23T00:51:28+00:00,2026-09-22,daily,6,2026-10-10T10:00:00Z,513,Xavi,TOT,MID,59,0,-1,0.0,34,56,326,1097,i,Knee injury - Unknown return date,2026-07-23T12:01:23.864304Z,0,0,4,2,,0.0,0,0,0,0,0,0,0,0,0,0,0,0,0,0.00,0.00,0.00,0.00,0.0,0.0
2026-09-23T00:51:28+00:00,2026-09-22,daily,6,2026-10-10T10:00:00Z,514,Tel,TOT,MID,57,-1,-3,0.2,146,1615,9078,46432,a,,,,,,4,5,1.5,0,8,257,3,0,0,1,4,0,13,1,1,11,0.21,0.23,0.44,5.55,1.5,1.5
2026-09-23T00:51:28+00:00,2026-09-22,daily,6,2026-10-10T10:00:00Z,515,Maddison,TOT,MID,63,0,-2,0.4,540,1531,5589,95784,a,,2026-08-25T14:30:07.623508Z,100,100,,,,0.5,1,3,59,0,0,0,0,2,0,11,3,4,4,0.06,0.04,0.10,1.03,0.5,0.5
2026-09-23T00:51:28+00:00,2026-09-22,daily,6,2026-10-10T10:00:00Z,516,Bentancur,TOT,MID,55,0,0,0.2,262,498,5026,8155,a,,,,,,,,3.5,4,15,370,4,0,0,2,6,0,60,22,15,23,0.02,0.12,0.14,5.59,3.5,3.5
2026-09-23T00:51:28+00:00,2026-09-22,daily,6,2026-10-10T10:00:00Z,517,Odobert,TOT,MID,55,0,0,0.0,13,10,115,105,i,Knee injury - Unknown return date,2026-07-23T12:01:23.879434Z,0,0,,,,0.0,0,0,0,0,0,0,0,0,0,0,0,0,0,0.00,0.00,0.00,0.00,0.0,0.0
2026-09-23T00:51:28+00:00,2026-09-22,daily,6,2026-10-10T10:00:00Z,518,P.M.Sarr,TOT,MID,49,0,-1,0.1,0,535,4138,23602,u,Has joined Juventus on loan for the rest of the season,2026-09-02T16:02:43.386849Z,0,0,,,,0.0,0,0,0,0,0,0,0,0,0,0,0,0,0,0.00,0.00,0.00,0.00,0.0,0.0
2026-09-23T00:51:28+00:00,2026-09-22,daily,6,2026-10-10T10:00:00Z,519,Gallagher,TOT,MID,53,0,-2,0.2,641,482,4497,16870,a,,,,,,,,2.2,6,9,134,2,1,0,1,2,0,18,1,8,9,0.37,0.12,0.49,2.65,2.2,2.2
2026-09-23T00:51:28+00:00,2026-09-22,daily,6,2026-10-10T10:00:00Z,520,Bergvall,TOT,MID,53,-1,-2,0.1,79,478,1859,9411,a,,,,,,,,0.5,1,3,78,1,0,0,0,2,0,13,1,3,9,0.06,0.27,0.33,2.21,0.5,0.5
2026-09-23T00:51:28+00:00,2026-09-22,daily,6,2026-10-10T10:00:00Z,521,Kulusevski,TOT,MID,65,0,0,0.0,44,45,350,710,i,Knee injury - Unknown return date,2026-07-23T12:01:23.895175Z,0,0,,,,0.0,0,0,0,0,0,0,0,0,0,0,0,0,0,0.00,0.00,0.00,0.00,0.0,0.0
2026-09-23T00:51:28+00:00,2026-09-22,daily,6,2026-10-10T10:00:00Z,522,Gray,TOT,MID,49,0,-1,0.2,365,950,6742,13121,a,,,,,,,,1.8,2,9,307,3,0,0,1,7,0,27,10,5,12,0.23,0.05,0.28,6.11,1.8,1.8
2026-09-23T00:51:28+00:00,2026-09-22,daily,6,2026-10-10T10:00:00Z,523,Moore,TOT,MID,50,0,0,0.1,0,438,3258,16923,u,Has joined FC Köln on loan for the rest of the season,2026-09-04T12:39:48.098158Z,0,0,,,,0.2,0,3,89,1,0,0,0,4,0,3,0,1,2,0.40,0.02,0.42,3.26,0.0,0.0
2026-09-23T00:51:28+00:00,2026-09-22,daily,6,2026-10-10T10:00:00Z,524,Olusesi,TOT,MID,44,0,-1,1.0,4840,6150,54456,47995,a,,,,,,,,0.0,0,0,0,0,0,0,0,0,0,0,0,0,0,0.00,0.00,0.00,0.00,0.0,0.0
2026-09-23T00:51:28+00:00,2026-09-22,daily,6,2026-10-10T10:00:00Z,525,Fernandes,TOT,MID,57,-1,-3,0.8,337,5417,14318,123504,a,,,,,,,2,1.5,1,7,249,3,0,0,1,4,0,21,2,7,12,0.19,0.28,0.47,4.43,1.5,1.5
2026-09-23T00:51:28+00:00,2026-09-22,daily,6,2026-10-10T10:00:00Z,526,Solanke,TOT,FWD,58,0,-2,0.8,1293,4441,28840,93492,a,,,,,1,,,1.5,2,7,170,2,0,0,1,1,0,9,2,2,5,0.56,0.01,0.57,2.57,1.5,1.5
2026-09-23T00:51:28+00:00,2026-09-22,daily,6,2026-10-10T10:00:00Z,527,Richarlison,TOT,FWD,59,0,-1,0.6,0,4432,21439,266915,u,not included in squad.,2026-09-04T12:32:39.183614Z,0,0,,,,0.0,0,2,67,1,0,0,0,3,0,1,1,0,0,0.00,0.00,0.00,3.02,0.0,0.0
2026-09-23T00:51:28+00:00,2026-09-22,daily,6,2026-10-10T10:00:00Z,528,Scarlett,TOT,FWD,45,0,0,1.1,0,6483,42525,108050,u,Has joined Leyton Orient permanently,2026-09-02T16:02:43.413625Z,0,0,,,,0.0,0,0,0,0,0,0,0,0,0,0,0,0,0,0.00,0.00,0.00,0.00,0.0,0.0
2026-09-23T00:51:28+00:00,2026-09-22,daily,6,2026-10-10T10:00:00Z,578,Mudryk,TOT,MID,53,-1,-2,0.0,15,447,5435,7495,i,Ankle injury - Unknown return date,2026-09-11T18:00:09.154412Z,0,0,,,,0.2,0,1,16,0,0,0,0,0,0,0,0,0,0,0.00,0.00,0.00,0.16,0.0,0.0
2026-09-23T00:51:28+00:00,2026-09-22,daily,6,2026-10-10T10:00:00Z,601,Williams-Barnett,TOT,MID,45,0,0,0.1,131,610,10213,6893,a,,,,,,,,0.0,0,0,0,0,0,0,0,0,0,0,0,0,0,0.00,0.00,0.00,0.00,0.0,0.0
2026-09-23T00:51:28+00:00,2026-09-22,daily,6,2026-10-10T10:00:00Z,501,Danso,SUN,DEF,50,0,0,0.2,907,624,6332,9661,a,,,,,,,,0.8,0,3,270,3,0,0,0,8,0,20,19,1,11,0.07,0.17,0.24,5.91,0.8,0.8
2026-09-23T00:51:28+00:00,2026-09-22,daily,6,2026-10-10T10:00:00Z,529,Roefs,SUN,GKP,49,0,-1,2.5,1654,8959,21503,175084,a,,,,,,,,2.5,0,11,450,5,0,0,1,10,6,0,7,0,35,0.00,0.01,0.01,8.66,2.5,2.5
2026-09-23T00:51:28+00:00,2026-09-22,daily,6,2026-10-10T10:00:00Z,530,Patterson,SUN,GKP,40,0,0,0.1,0,271,0,5923,u,Has joined Wrexham permanently,2026-08-12T14:08:03.064533Z,0,0,,,,0.0,0,0,0,0,0,0,0,0,0,0,0,0,0,0.00,0.00,0.00,0.00,0.0,0.0
2026-09-23T00:51:28+00:00,2026-09-22,daily,6,2026-10-10T10:00:00Z,531,Ellborg,SUN,GKP,45,0,0,0.1,98,198,1137,3279,a,,,,,,,,0.0,0,0,0,0,0,0,0,0,0,0,0,0,0,0.00,0.00,0.00,0.00,0.0,0.0
2026-09-23T00:51:28+00:00,2026-09-22,daily,6,2026-10-10T10:00:00Z,532,Ballard,SUN,DEF,49,0,-1,2.6,3037,12086,44936,312654,a,,,,,,,,3.5,2,14,450,5,0,0,1,10,0,49,39,10,12,0.31,0.16,0.47,8.66,3.5,3.5
2026-09-23T00:51:28+00:00,2026-09-22,daily,6,2026-10-10T10:00:00Z,533,Mukiele,SUN,DEF,54,0,-1,1.9,4153,6901,43484,128006,a,,2026-08-09T08:30:05.954750Z,100,100,,,,3.2,0,13,360,4,0,0,1,8,0,48,35,13,16,0.75,0.28,1.03,6.86,3.2,3.2
2026-09-23T00:51:28+00:00,2026-09-22,daily,6,2026-10-10T10:00:00Z,534,Hume,SUN,DEF,43,-1,-2,2.9,1014,25141,37640,392816,a,,,,,,,3,2.0,1,10,206,2,0,0,1,2,0,13,3,10,12,0.14,0.29,0.43,4.57,2.0,2.0
2026-09-23T00:51:28+00:00,2026-09-22,daily,6,2026-10-10T10:00:00Z,535,Alderete,SUN,DEF,48,-1,-2,0.2,177,839,4931,27115,a,,2026-08-09T08:30:05.962393Z,100,100,,,,0.0,0,1,23,0,0,0,0,1,0,0,0,0,2,0.00,0.01,0.01,0.10,0.0,0.0
2026-09-23T00:51:28+00:00,2026-09-22,daily,6,2026-10-10T10:00:00Z,536,Reinildo,SUN,DEF,44,-1,-1,0.3,133,1388,3996,24188,a,,2026-09-12T21:30:09.421687Z,0,100,,,,1.5,0,7,360,4,0,0,1,5,0,29,21,8,18,0.00,0.32,0.32,5.05,0.0,1.5
2026-09-23T00:51:28+00:00,2026-09-22,daily,6,2026-10-10T10:00:00Z,537,Seelt,SUN,DEF,45,0,0,0.0,0,17,61,659,u,Has joined Swansea City on loan for the rest of the season,2026-08-29T00:34:52.425076Z,0,0,,,,0.0,0,0,0,0,0,0,0,0,0,0,0,0,0,0.00,0.00,0.00,0.00,0.0,0.0
2026-09-23T00:51:28+00:00,2026-09-22,daily,6,2026-10-10T10:00:00Z,538,Hjelde,SUN,DEF,40,0,0,0.0,0,123,0,2494,u,Has joined KV Mechelen on loan for the rest of the season,2026-08-12T14:08:03.081789Z,0,0,,,,0.0,0,0,0,0,0,0,0,0,0,0,0,0,0,0.00,0.00,0.00,0.00,0.0,0.0
2026-09-23T00:51:28+00:00,2026-09-22,daily,6,2026-10-10T10:00:00Z,539,O'Nien,SUN,DEF,39,-1,-1,2.5,13775,8936,28518,118836,a,,,,,,,,0.0,0,1,66,1,0,0,0,1,0,5,4,1,4,0.01,0.01,0.02,1.69,0.0,0.0
2026-09-23T00:51:28+00:00,2026-09-22,daily,6,2026-10-10T10:00:00Z,540,Masuaku,SUN,DEF,40,0,0,0.1,0,518,0,11451,u,Has joined Konyaspor permanently,2026-08-12T14:08:03.097784Z,0,0,,,,0.0,0,0,0,0,0,0,0,0,0,0,0,0,0,0.00,0.00,0.00,0.00,0.0,0.0
2026-09-23T00:51:28+00:00,2026-09-22,daily,6,2026-10-10T10:00:00Z,541,Meunier,SUN,DEF,45,0,0,0.3,1311,612,6712,9364,a,,2026-08-16T08:30:07.830062Z,100,100,,,,3.2,3,14,396,5,0,1,1,8,0,20,16,4,15,0.34,0.58,0.92,5.94,3.2,3.2
2026-09-23T00:51:28+00:00,2026-09-22,daily,6,2026-10-10T10:00:00Z,542,E.Le Fée,SUN,MID,57,-1,-3,3.4,8560,19632,42132,646207,a,,,,,2,3,1,4.0,5,18,438,5,1,1,1,9,0,21,3,7,11,2.06,1.34,3.40,8.46,4.0,4.0
2026-09-23T00:51:28+00:00,2026-09-22,daily,6,2026-10-10T10:00:00Z,543,Diarra,SUN,MID,54,0,-1,0.0,7,157,545,5840,i,Hamstring injury - Unknown return date,2026-08-30T16:30:08.428960Z,0,0,1,,,1.0,0,5,28,0,0,1,0,1,0,0,0,0,0,0.03,0.16,0.19,0.12,0.0,0.0
2026-09-23T00:51:28+00:00,2026-09-22,daily,6,2026-10-10T10:00:00Z,544,Xhaka,SUN,MID,55,0,0,3.7,4821,19077,129353,204166,a,,,,,,2,2,3.0,2,21,450,5,0,1,1,10,0,54,12,9,33,0.06,1.32,1.38,8.66,3.0,3.0
2026-09-23T00:51:28+00:00,2026-09-22,daily,6,2026-10-10T10:00:00Z,545,Sadiki,SUN,MID,49,0,-1,0.2,325,1090,5638,18115,a,,,,,,,,2.0,2,10,410,5,0,0,1,9,0,29,11,6,12,0.44,0.24,0.68,6.47,2.0,2.0
2026-09-23T00:51:28+00:00,2026-09-22,daily,6,2026-10-10T10:00:00Z,546,Adingra,SUN,MID,49,0,-1,0.0,0,166,240,7394,u,Has joined Ajax on loan for the rest of the season,2026-08-20T14:00:08.416985Z,0,0,,,,0.0,0,0,0,0,0,0,0,0,0,0,0,0,0,0.00,0.00,0.00,0.00,0.0,0.0
2026-09-23T00:51:28+00:00,2026-09-22,daily,6,2026-10-10T10:00:00Z,547,Mundle,SUN,MID,49,0,-1,0.0,7,44,198,662,i,Knee injury - Unknown return date,2026-09-09T14:00:08.462705Z,0,0,,,,0.2,0,1,1,0,0,0,0,0,0,1,1,0,0,0.17,0.00,0.17,0.09,0.0,0.0
2026-09-23T00:51:28+00:00,2026-09-22,daily,6,2026-10-10T10:00:00Z,548,Rigg,SUN,MID,49,0,-1,0.0,22,182,459,2802,a,,,,,,,,0.2,0,2,17,0,0,0,0,1,0,1,0,0,1,0.00,0.00,0.00,0.44,0.2,0.2
2026-09-23T00:51:28+00:00,2026-09-22,daily,6,2026-10-10T10:00:00Z,549,Talbi,SUN,MID,53,0,-2,0.1,89,456,1322,11676,a,,,,,,,,0.0,0,1,31,0,0,0,0,1,0,2,0,0,2,0.00,0.00,0.00,0.14,0.0,0.0
2026-09-23T00:51:28+00:00,2026-09-22,daily,6,2026-10-10T10:00:00Z,550,Jocelin.T,SUN,MID,50,0,0,0.0,22,33,296,414,a,,,,,,,,0.0,0,0,0,0,0,0,0,0,0,0,0,0,0,0.00,0.00,0.00,0.00,0.0,0.0
2026-09-23T00:51:28+00:00,2026-09-22,daily,6,2026-10-10T10:00:00Z,551,N.Angulo,SUN,MID,50,0,0,0.1,408,611,12687,10399,a,,,,,,1,,2.8,4,16,313,5,1,1,1,7,0,24,5,5,14,0.60,0.13,0.73,4.56,2.8,2.8
2026-09-23T00:51:28+00:00,2026-09-22,daily,6,2026-10-10T10:00:00Z,552,Brobbey,SUN,FWD,57,-1,-3,6.9,167274,22420,258732,908592,a,,,,,,,,5.5,17,24,399,5,3,0,1,9,0,11,1,0,10,2.94,0.11,3.05,8.18,5.5,5.5
2026-09-23T00:51:28+00:00,2026-09-22,daily,6,2026-10-10T10:00:00Z,553,Isidor,SUN,FWD,55,0,0,1.3,2015,9558,94317,84712,a,,,,,,,,3.5,1,15,117,0,1,1,0,3,0,5,0,2,3,1.49,0.01,1.50,3.78,3.5,3.5
2026-09-23T00:51:28+00:00,2026-09-22,daily,6,2026-10-10T10:00:00Z,612,Methalie,SUN,DEF,45,0,0,0.0,86,53,875,479,a,,2026-08-28T13:00:08.950445Z,100,100,,,,-0.2,-1,-1,90,1,0,0,0,5,0,3,2,1,4,0.03,0.01,0.04,2.82,-0.2,-0.2
2026-09-23T00:51:28+00:00,2026-09-22,daily,6,2026-10-10T10:00:00Z,613,Ahoka,SUN,MID,45,0,0,0.2,457,1284,25252,13982,a,,,,,,,,0.0,0,0,0,0,0,0,0,0,0,0,0,0,0,0.00,0.00,0.00,0.00,0.0,0.0
2026-09-23T00:51:28+00:00,2026-09-22,daily,6,2026-10-10T10:00:00Z,646,Fofana,SUN,MID,55,0,0,0.0,262,247,3998,1675,a,,,,,,,,1.0,1,3,60,0,0,0,0,2,0,3,0,1,2,0.39,0.01,0.40,3.25,1.0,1.0
2026-09-23T00:51:28+00:00,2026-09-22,daily,6,2026-10-10T10:00:00Z,651,J.Angulo,SUN,FWD,45,0,0,0.7,7017,5756,88885,28771,a,,,,,,,,0.0,0,0,0,0,0,0,0,0,0,0,0,0,0,0.00,0.00,0.00,0.00,0.0,0.0
