snapshot_utc,snapshot_date,snapshot_kind,event,deadline_time,id,web_name,team,position,now_cost,cost_change_event,cost_change_start,selected_by_percent,transfers_in_event,transfers_out_event,transfers_in,transfers_out,status,news,news_added,chance_of_playing_this_round,chance_of_playing_next_round,penalties_order,direct_freekicks_order,corners_and_indirect_freekicks_order,form,event_points,total_points,minutes,starts,goals_scored,assists,clean_sheets,goals_conceded,saves,defensive_contribution,clearances_blocks_interceptions,tackles,recoveries,expected_goals,expected_assists,expected_goal_involvements,expected_goals_conceded,ep_this,ep_next
2026-10-06T02:26:14+00:00,2026-10-05,daily,6,2026-10-10T10:00:00Z,1,Raya,ARS,GKP,61,1,1,42.3,138172,56682,978571,649086,a,,,,,,,,6.0,1,30,450,5,0,0,3,4,9,0,6,1,58,0.00,0.01,0.01,4.03,6.0,6.0
2026-10-06T02:26:14+00:00,2026-10-05,daily,6,2026-10-10T10:00:00Z,2,Arrizabalaga,ARS,GKP,49,0,-1,0.1,121,281,1498,4294,a,,,,,,,,0.0,0,0,0,0,0,0,0,0,0,0,0,0,0,0.00,0.00,0.00,0.00,0.0,0.0
2026-10-06T02:26:14+00:00,2026-10-05,daily,6,2026-10-10T10:00:00Z,3,Meslier,ARS,GKP,49,0,-1,0.0,50,130,517,1590,a,,,,,,,,0.0,0,0,0,0,0,0,0,0,0,0,0,0,0,0.00,0.00,0.00,0.00,0.0,0.0
2026-10-06T02:26:14+00:00,2026-10-05,daily,6,2026-10-10T10:00:00Z,4,Gabriel,ARS,DEF,80,0,0,22.7,28866,72239,239109,915130,a,,,,,,,,4.0,1,25,450,5,0,0,3,4,0,41,35,6,17,0.51,0.20,0.71,4.03,4.0,4.0
2026-10-06T02:26:14+00:00,2026-10-05,daily,6,2026-10-10T10:00:00Z,5,J.Timber,ARS,DEF,65,0,0,0.4,14751,4738,36407,15491,a,,2026-07-23T12:01:23.272929Z,100,100,,,,0.3,0,1,104,1,0,0,0,3,0,5,2,3,7,0.00,0.03,0.03,2.18,0.3,0.3
2026-10-06T02:26:14+00:00,2026-10-05,daily,6,2026-10-10T10:00:00Z,6,Saliba,ARS,DEF,59,0,-1,0.2,440,1197,3522,18750,i,Back injury - Unknown return date,2026-07-23T12:01:23.289376Z,0,0,,,,0.0,0,0,0,0,0,0,0,0,0,0,0,0,0,0.00,0.00,0.00,0.00,0.0,0.0
2026-10-06T02:26:14+00:00,2026-10-05,daily,6,2026-10-10T10:00:00Z,7,Lewis-Skelly,ARS,MID,54,-1,-1,0.6,1061,5233,29738,50037,a,,,,,,,,1.0,0,9,271,4,0,0,2,1,0,14,5,1,8,0.16,0.23,0.39,1.02,1.0,1.0
2026-10-06T02:26:14+00:00,2026-10-05,daily,6,2026-10-10T10:00:00Z,8,Calafiori,ARS,DEF,59,1,4,50.5,90726,68990,1670734,407497,a,,,,,,,,3.0,1,29,416,5,0,2,3,4,0,18,12,6,13,0.67,0.62,1.29,3.76,3.0,3.0
2026-10-06T02:26:14+00:00,2026-10-05,daily,6,2026-10-10T10:00:00Z,9,Hincapie,ARS,DEF,52,-1,-3,0.9,1587,6035,16406,117746,a,,,,,,,,0.3,0,2,32,0,0,0,0,0,0,3,2,1,0,0.00,0.00,0.00,0.28,0.3,0.3
2026-10-06T02:26:14+00:00,2026-10-05,daily,6,2026-10-10T10:00:00Z,10,White,ARS,DEF,55,0,0,4.8,3309,72746,456067,571527,d,Groin injury - 75% chance of playing,2026-09-20T19:30:08.247780Z,100,75,,,,1.0,0,21,315,4,0,1,2,1,0,18,12,6,9,0.18,0.29,0.47,1.15,1.0,0.8
2026-10-06T02:26:14+00:00,2026-10-05,daily,6,2026-10-10T10:00:00Z,11,Mosquera,ARS,DEF,53,0,-2,1.6,1405,10211,31570,468940,a,,2026-09-04T14:00:08.080310Z,100,100,,,,0.0,0,12,168,2,0,0,2,0,0,10,10,0,3,0.00,0.01,0.01,0.53,0.0,0.0
2026-10-06T02:26:14+00:00,2026-10-05,daily,6,2026-10-10T10:00:00Z,12,Saka,ARS,MID,96,1,1,14.1,150928,51851,830550,401702,a,,,,,1,2,2,4.0,2,32,416,5,3,0,3,4,0,31,8,6,17,3.22,0.98,4.20,3.58,4.0,4.0
2026-10-06T02:26:14+00:00,2026-10-05,daily,6,2026-10-10T10:00:00Z,13,Rice,ARS,MID,74,0,-1,11.5,7827,93189,119673,735863,d,Unspecified injury - 75% chance of playing,2026-09-21T13:00:08.896379Z,,75,,1,1,4.0,1,20,411,5,0,2,3,4,0,42,18,7,17,0.12,0.69,0.81,3.50,4.0,3.0
2026-10-06T02:26:14+00:00,2026-10-05,daily,6,2026-10-10T10:00:00Z,14,Eze,ARS,MID,62,-1,-3,1.0,2949,7268,23868,140112,a,,,,,,3,,0.7,1,4,85,0,0,0,0,0,0,5,0,0,5,0.04,0.09,0.13,1.33,0.7,0.7
2026-10-06T02:26:14+00:00,2026-10-05,daily,6,2026-10-10T10:00:00Z,15,Ødegaard,ARS,MID,68,0,3,19.8,88824,97048,1644544,556497,a,,,,,3,4,,5.0,2,29,377,5,2,0,3,4,0,23,5,6,12,1.08,1.32,2.40,3.23,5.0,5.0
2026-10-06T02:26:14+00:00,2026-10-05,daily,6,2026-10-10T10:00:00Z,16,Madueke,ARS,MID,62,0,-3,0.2,800,1645,6080,26065,a,,,,,,,5,0.3,0,2,23,0,0,0,0,0,0,3,0,1,2,0.00,0.05,0.05,0.15,0.3,0.3
2026-10-06T02:26:14+00:00,2026-10-05,daily,6,2026-10-10T10:00:00Z,17,Merino,ARS,MID,57,-1,-3,0.4,847,3037,9584,48327,a,,,,,,,,0.7,1,4,81,0,0,0,0,0,0,10,1,0,9,0.14,0.15,0.29,0.96,0.7,0.7
2026-10-06T02:26:14+00:00,2026-10-05,daily,6,2026-10-10T10:00:00Z,18,Martinelli,ARS,MID,63,0,-2,0.1,0,623,2483,21924,u,Has joined Al Hilal permanently,2026-09-04T12:34:46.738449Z,0,0,,,,0.0,0,0,0,0,0,0,0,0,0,0,0,0,0,0.00,0.00,0.00,0.00,0.0,0.0
2026-10-06T02:26:14+00:00,2026-10-05,daily,6,2026-10-10T10:00:00Z,19,Zubimendi,ARS,MID,53,0,-2,0.6,541,3969,8556,66912,a,,,,,,,,1.0,1,5,89,0,0,0,0,0,0,12,5,4,3,0.21,0.04,0.25,1.38,1.0,1.0
2026-10-06T02:26:14+00:00,2026-10-05,daily,6,2026-10-10T10:00:00Z,20,Dowman,ARS,MID,53,0,-2,0.1,481,646,3069,7365,d,Unspecified injury - 75% chance of playing,2026-10-05T19:00:10.141532Z,,75,,,,0.3,1,1,9,0,0,0,0,0,0,0,0,0,0,0.00,0.08,0.08,0.31,0.3,0.2
2026-10-06T02:26:14+00:00,2026-10-05,daily,6,2026-10-10T10:00:00Z,22,Nwaneri,ARS,MID,54,0,-1,0.0,0,58,233,1258,u,Has joined Borussia Dortmund on loan for the rest of the season,2026-09-02T16:01:07.058827Z,0,0,,,,0.0,0,0,0,0,0,0,0,0,0,0,0,0,0,0.00,0.00,0.00,0.00,0.0,0.0
2026-10-06T02:26:14+00:00,2026-10-05,daily,6,2026-10-10T10:00:00Z,23,Fábio Vieira,ARS,MID,55,0,0,0.0,0,44,255,923,u,Has joined Hamburger SV permanently,2026-09-02T16:00:28.446370Z,0,0,,,,0.0,0,0,0,0,0,0,0,0,0,0,0,0,0,0.00,0.00,0.00,0.00,0.0,0.0
2026-10-06T02:26:14+00:00,2026-10-05,daily,6,2026-10-10T10:00:00Z,24,Nelson,ARS,MID,55,0,0,0.0,0,24,68,678,u,has departed the club as a free agent.,2026-08-29T00:33:08.556767Z,0,0,,,,0.0,0,0,0,0,0,0,0,0,0,0,0,0,0,0.00,0.00,0.00,0.00,0.0,0.0
2026-10-06T02:26:14+00:00,2026-10-05,daily,6,2026-10-10T10:00:00Z,25,Gyökeres,ARS,FWD,71,-1,-4,3.2,18404,18553,46627,612877,a,,,,,2,,,0.7,1,2,29,0,0,0,0,0,0,1,0,0,1,0.00,0.23,0.23,0.65,0.7,0.7
2026-10-06T02:26:14+00:00,2026-10-05,daily,6,2026-10-10T10:00:00Z,26,Havertz,ARS,FWD,76,0,1,8.1,51039,76256,654272,436728,d,Hamstring injury - 75% chance of playing,2026-09-24T22:00:09.120308Z,,75,,,,3.7,2,19,437,5,2,0,3,4,0,13,6,0,7,1.67,0.37,2.04,3.91,3.7,2.8
2026-10-06T02:26:14+00:00,2026-10-05,daily,6,2026-10-10T10:00:00Z,27,G.Jesus,ARS,FWD,59,0,-1,0.1,0,1097,4164,29372,u,Has joined FC Barcelona permanently,2026-09-02T16:00:28.475184Z,0,0,,,,0.0,0,0,0,0,0,0,0,0,0,0,0,0,0,0.00,0.00,0.00,0.00,0.0,0.0
2026-10-06T02:26:14+00:00,2026-10-05,daily,6,2026-10-10T10:00:00Z,31,Konsa,ARS,DEF,46,1,1,19.3,98066,65301,1471373,656409,d,Unspecified injury - 75% chance of playing,2026-10-05T09:30:09.853316Z,,75,,,,3.7,1,12,281,3,0,0,1,4,0,23,18,5,9,0.23,0.02,0.25,3.50,3.7,2.8
2026-10-06T02:26:14+00:00,2026-10-05,daily,6,2026-10-10T10:00:00Z,452,Bruno G.,ARS,MID,67,0,-3,1.8,6546,8267,31492,245340,a,,2026-09-04T14:00:08.328779Z,100,100,4,,4,2.7,1,9,123,1,1,0,0,3,0,12,3,1,8,0.09,0.16,0.25,2.18,2.7,2.7
2026-10-06T02:26:14+00:00,2026-10-05,daily,6,2026-10-10T10:00:00Z,557,Tzolis,ARS,MID,63,-1,-2,11.9,12516,163360,462883,1626568,d,Hamstring injury - 75% chance of playing,2026-10-02T15:00:11.091226Z,,75,,,3,3.3,2,16,362,5,0,2,2,4,0,23,7,4,12,0.19,0.55,0.74,2.73,3.3,2.5
2026-10-06T02:26:14+00:00,2026-10-05,daily,6,2026-10-10T10:00:00Z,29,M.Bizot,AVL,GKP,45,0,0,0.1,69,1080,4663,7456,i,Back injury - Expected back 10 Oct,2026-09-17T07:30:09.058151Z,0,0,,,,0.0,0,1,90,1,0,0,0,4,3,0,2,0,6,0.00,0.00,0.00,3.77,0.0,0.0
2026-10-06T02:26:14+00:00,2026-10-05,daily,6,2026-10-10T10:00:00Z,30,Digne,AVL,DEF,45,0,0,0.0,0,251,0,8662,u,Has joined Paris Saint-Germain permanently,2026-08-10T14:03:30.089007Z,0,0,,,,0.0,0,0,0,0,0,0,0,0,0,0,0,0,0,0.00,0.00,0.00,0.00,0.0,0.0
2026-10-06T02:26:14+00:00,2026-10-05,daily,6,2026-10-10T10:00:00Z,32,Cash,AVL,DEF,44,0,-1,4.8,2968,27114,95619,421103,a,,2026-09-09T14:30:08.192142Z,100,100,,,3,-0.5,-1,6,296,3,0,0,1,7,0,17,11,6,2,0.15,0.04,0.19,5.95,-0.5,-0.5
2026-10-06T02:26:14+00:00,2026-10-05,daily,6,2026-10-10T10:00:00Z,33,Mings,AVL,DEF,45,0,0,0.4,2018,1569,16738,17593,a,,,,,,,,1.5,3,10,261,2,0,0,1,4,0,24,20,4,7,0.20,0.02,0.22,4.43,1.5,1.5
2026-10-06T02:26:14+00:00,2026-10-05,daily,6,2026-10-10T10:00:00Z,34,Pau,AVL,DEF,44,-1,-1,0.3,48,3366,11241,27724,i,Hamstring injury - Expected back 10 Oct,2026-09-12T18:00:08.712707Z,0,0,,,,0.5,0,3,187,3,0,0,0,5,0,9,8,1,9,0.00,0.01,0.01,4.79,0.0,0.0
2026-10-06T02:26:14+00:00,2026-10-05,daily,6,2026-10-10T10:00:00Z,35,Bogarde,AVL,MID,49,-1,-1,0.1,180,461,2921,4789,a,,,,,,,,0.0,0,1,16,0,0,0,0,0,0,1,1,0,0,0.00,0.00,0.00,0.22,0.0,0.0
2026-10-06T02:26:14+00:00,2026-10-05,daily,6,2026-10-10T10:00:00Z,36,Maatsen,AVL,DEF,44,-1,-1,0.5,55,6741,31897,62479,i,Ankle injury - Unknown return date,2026-09-12T18:00:08.729468Z,0,0,,,,0.5,0,9,335,4,0,0,1,7,0,24,17,7,10,0.28,0.45,0.73,6.54,0.0,0.0
2026-10-06T02:26:14+00:00,2026-10-05,daily,6,2026-10-10T10:00:00Z,37,Lindelöf,AVL,DEF,45,0,0,0.3,1234,1435,14834,14458,a,,,,,,,,1.0,1,8,450,5,0,0,1,9,0,22,21,1,7,0.44,0.17,0.61,9.22,1.0,1.0
2026-10-06T02:26:14+00:00,2026-10-05,daily,6,2026-10-10T10:00:00Z,38,A.García,AVL,DEF,40,0,0,1.5,1964,6485,45410,68385,a,,,,,,,,0.0,0,0,0,0,0,0,0,0,0,0,0,0,0,0.00,0.00,0.00,0.00,0.0,0.0
2026-10-06T02:26:14+00:00,2026-10-05,daily,6,2026-10-10T10:00:00Z,39,Nedeljkovic,AVL,DEF,40,0,0,0.1,0,601,0,15286,u,Has joined Rangers on loan for the rest of the season,2026-08-19T13:56:46.385411Z,0,0,,,,0.0,0,0,0,0,0,0,0,0,0,0,0,0,0,0.00,0.00,0.00,0.00,0.0,0.0
2026-10-06T02:26:14+00:00,2026-10-05,daily,6,2026-10-10T10:00:00Z,41,Buendía,AVL,MID,59,0,-1,1.0,13741,4824,61725,95969,a,,,,,1,1,2,7.0,12,21,401,5,1,0,1,8,0,34,5,9,20,0.92,0.24,1.16,7.86,7.0,7.0
2026-10-06T02:26:14+00:00,2026-10-05,daily,6,2026-10-10T10:00:00Z,44,Bailey,AVL,MID,54,0,-1,0.1,0,533,2096,13264,u,Has joined Olympiakos permanently,2026-09-04T12:35:14.472260Z,0,0,,,,0.0,0,0,0,0,0,0,0,0,0,0,0,0,0,0.00,0.00,0.00,0.00,0.0,0.0
2026-10-06T02:26:14+00:00,2026-10-05,daily,6,2026-10-10T10:00:00Z,45,McGinn,AVL,MID,54,0,-1,2.2,7683,9526,71514,156488,a,,,,,,,1,6.0,6,17,434,5,0,2,2,7,0,30,8,5,17,0.77,0.24,1.01,8.29,6.0,6.0
2026-10-06T02:26:14+00:00,2026-10-05,daily,6,2026-10-10T10:00:00Z,46,Barkley,AVL,MID,50,0,0,0.3,612,1900,16169,16377,a,,,,,,,4,1.5,1,10,308,4,0,0,1,8,0,28,5,7,16,0.38,0.14,0.52,7.36,1.5,1.5
2026-10-06T02:26:14+00:00,2026-10-05,daily,6,2026-10-10T10:00:00Z,47,Kamara,AVL,MID,50,0,0,0.3,1418,1703,14627,21651,a,,2026-07-23T12:01:23.337269Z,100,100,,,,4.0,6,15,443,5,0,1,2,7,0,36,11,9,16,0.12,0.16,0.28,8.44,4.0,4.0
2026-10-06T02:26:14+00:00,2026-10-05,daily,6,2026-10-10T10:00:00Z,48,Onana,AVL,MID,49,0,-1,0.0,49,103,520,1673,i,Knee injury - Unknown return date,2026-07-23T12:01:23.352497Z,0,0,,,,0.0,0,0,0,0,0,0,0,0,0,0,0,0,0,0.00,0.00,0.00,0.00,0.0,0.0
2026-10-06T02:26:14+00:00,2026-10-05,daily,6,2026-10-10T10:00:00Z,49,Iling Jr,AVL,MID,50,0,0,0.0,0,12,0,237,u,Has joined Bolton Wanderers on loan for the rest of the season,2026-08-17T13:52:28.532616Z,0,0,,,,0.0,0,0,0,0,0,0,0,0,0,0,0,0,0,0.00,0.00,0.00,0.00,0.0,0.0
2026-10-06T02:26:14+00:00,2026-10-05,daily,6,2026-10-10T10:00:00Z,50,Burrowes,AVL,MID,45,0,0,0.6,673,3593,21498,35317,a,,,,,,,,0.0,0,0,0,0,0,0,0,0,0,0,0,0,0,0.00,0.00,0.00,0.00,0.0,0.0
2026-10-06T02:26:14+00:00,2026-10-05,daily,6,2026-10-10T10:00:00Z,51,George Hemmings,AVL,MID,45,0,0,1.2,3425,10443,116108,70376,a,,,,,,,,1.0,1,9,297,4,0,0,1,7,0,19,3,6,10,0.07,0.16,0.23,6.26,1.0,1.0
2026-10-06T02:26:14+00:00,2026-10-05,daily,6,2026-10-10T10:00:00Z,52,Alysson,AVL,MID,50,0,0,0.0,70,835,3356,3698,d,Unspecified injury - 75% chance of playing,2026-09-19T11:30:09.355376Z,,75,,,,3.0,0,8,87,0,1,0,0,2,0,8,2,2,4,0.06,0.00,0.06,2.40,3.0,2.2
2026-10-06T02:26:14+00:00,2026-10-05,daily,6,2026-10-10T10:00:00Z,53,Manzambi,AVL,MID,59,0,-1,0.4,30199,3928,33185,20547,a,,2026-08-15T15:30:06.388335Z,100,100,,,,7.0,13,14,98,1,1,1,1,1,0,9,2,2,5,0.44,0.24,0.68,1.54,7.0,7.0
2026-10-06T02:26:14+00:00,2026-10-05,daily,6,2026-10-10T10:00:00Z,54,Gomes,AVL,MID,55,0,0,0.0,504,210,1343,4119,a,,2026-09-16T19:30:08.742410Z,100,100,,,,2.0,4,2,129,2,0,0,0,6,0,20,6,9,5,0.00,0.03,0.03,4.14,2.0,2.0
2026-10-06T02:26:14+00:00,2026-10-05,daily,6,2026-10-10T10:00:00Z,55,Watkins,AVL,FWD,78,0,-2,2.5,0,13926,14882,761307,u,Has joined Al Hilal permanently,2026-09-01T13:15:16.698799Z,0,0,,,,0.0,0,0,0,0,0,0,0,0,0,0,0,0,0,0.00,0.00,0.00,0.00,0.0,0.0
2026-10-06T02:26:14+00:00,2026-10-05,daily,6,2026-10-10T10:00:00Z,56,Abraham,AVL,FWD,55,0,0,0.2,1862,1864,15910,13040,a,,2026-08-15T16:00:07.558543Z,100,100,,,,1.0,1,4,71,0,0,0,0,3,0,2,0,1,1,0.00,0.00,0.00,2.69,1.0,1.0
2026-10-06T02:26:14+00:00,2026-10-05,daily,6,2026-10-10T10:00:00Z,160,Garnacho,AVL,MID,58,0,-2,0.3,600,2933,7548,41386,a,,,,,,,,0.0,0,3,31,0,0,0,0,0,0,2,0,0,2,0.00,0.00,0.00,0.49,0.0,0.0
2026-10-06T02:26:14+00:00,2026-10-05,daily,6,2026-10-10T10:00:00Z,166,N.Jackson,AVL,FWD,65,0,0,1.5,41259,9187,186521,86127,a,,,,,2,,,3.0,6,10,286,4,1,0,1,2,0,9,1,0,8,0.68,0.60,1.28,2.75,3.0,3.0
2026-10-06T02:26:14+00:00,2026-10-05,daily,6,2026-10-10T10:00:00Z,582,Madjo,AVL,FWD,54,0,-1,0.2,290,1921,2975,30692,i,Unspecified injury - Unknown return date,2026-08-15T16:00:07.974271Z,0,0,,,,0.0,0,0,0,0,0,0,0,0,0,0,0,0,0,0.00,0.00,0.00,0.00,0.0,0.0
2026-10-06T02:26:14+00:00,2026-10-05,daily,6,2026-10-10T10:00:00Z,596,Ruggeri,AVL,DEF,45,0,0,0.1,635,365,3278,5629,a,,,,,,,,1.5,3,5,113,1,0,0,0,2,0,16,14,2,11,0.03,0.02,0.05,2.05,1.5,1.5
2026-10-06T02:26:14+00:00,2026-10-05,daily,6,2026-10-10T10:00:00Z,597,Suzuki,AVL,GKP,50,0,0,1.9,14837,7275,152401,63134,a,,,,,,,,2.0,2,16,360,4,0,0,1,5,15,0,8,0,43,0.00,0.01,0.01,5.45,2.0,2.0
2026-10-06T02:26:14+00:00,2026-10-05,daily,6,2026-10-10T10:00:00Z,606,Rowe,AVL,DEF,40,0,0,0.2,337,950,13033,6205,a,,,,,,,,0.0,0,0,0,0,0,0,0,0,0,0,0,0,0,0.00,0.00,0.00,0.00,0.0,0.0
2026-10-06T02:26:14+00:00,2026-10-05,daily,6,2026-10-10T10:00:00Z,607,Lynch,AVL,MID,45,0,0,0.1,0,745,7103,8189,u,Has joined Oxford United on loan until January,2026-09-04T12:35:39.820426Z,0,0,,,,0.0,0,0,0,0,0,0,0,0,0,0,0,0,0,0.00,0.00,0.00,0.00,0.0,0.0
2026-10-06T02:26:14+00:00,2026-10-05,daily,6,2026-10-10T10:00:00Z,611,Wan-Bissaka,AVL,DEF,45,0,0,0.2,1569,1531,18422,7864,a,,,,,,,,2.0,1,6,152,2,0,0,0,2,0,21,12,9,1,0.00,0.07,0.07,3.27,2.0,2.0
2026-10-06T02:26:14+00:00,2026-10-05,daily,6,2026-10-10T10:00:00Z,618,Goretzka,AVL,MID,59,0,-1,0.0,27,434,4636,4748,i,Knee injury - Expected back 10 Oct,2026-09-09T09:30:08.229436Z,0,0,,,,0.0,0,0,0,0,0,0,0,0,0,0,0,0,0,0.00,0.00,0.00,0.00,0.0,0.0
2026-10-06T02:26:14+00:00,2026-10-05,daily,6,2026-10-10T10:00:00Z,630,Harwood-Bellis,AVL,DEF,45,0,0,0.0,214,205,2191,1011,a,,,,,,,,0.0,0,0,0,0,0,0,0,0,0,0,0,0,0,0.00,0.00,0.00,0.00,0.0,0.0
2026-10-06T02:26:14+00:00,2026-10-05,daily,6,2026-10-10T10:00:00Z,631,Mbaye,AVL,MID,60,0,0,0.1,994,1188,10502,4869,a,,,,,,,,1.0,1,2,33,0,0,0,0,3,0,2,0,1,1,0.02,0.13,0.15,1.64,1.0,1.0
2026-10-06T02:26:14+00:00,2026-10-05,daily,6,2026-10-10T10:00:00Z,667,Wright,AVL,GKP,40,0,0,0.1,8684,1000,8684,1000,a,,,,,,,,0.0,0,0,0,0,0,0,0,0,0,0,0,0,0,0.00,0.00,0.00,0.00,1.0,1.0
2026-10-06T02:26:14+00:00,2026-10-05,daily,6,2026-10-10T10:00:00Z,57,Petrović,BOU,GKP,45,0,0,3.0,7160,12964,113143,125635,a,,,,,,,,1.5,2,9,450,5,0,0,0,8,11,0,6,0,43,0.00,0.00,0.00,6.95,1.5,1.5
2026-10-06T02:26:14+00:00,2026-10-05,daily,6,2026-10-10T10:00:00Z,58,Forster,BOU,GKP,40,0,0,3.5,8938,7997,118132,79818,a,,,,,,,,0.0,0,0,0,0,0,0,0,0,0,0,0,0,0,0.00,0.00,0.00,0.00,0.0,0.0
2026-10-06T02:26:14+00:00,2026-10-05,daily,6,2026-10-10T10:00:00Z,59,Dennis,BOU,GKP,40,0,0,0.1,0,597,1133,7565,u,Has joined MK Dons permanently,2026-08-27T14:53:48.692835Z,0,0,,,,0.0,0,0,0,0,0,0,0,0,0,0,0,0,0,0.00,0.00,0.00,0.00,0.0,0.0
2026-10-06T02:26:14+00:00,2026-10-05,daily,6,2026-10-10T10:00:00Z,60,Hill,BOU,DEF,55,0,0,0.8,3590,3383,31331,43977,a,,,,,,,,3.0,4,12,450,5,0,0,0,8,0,50,41,9,11,0.00,0.79,0.79,6.95,3.0,3.0
2026-10-06T02:26:14+00:00,2026-10-05,daily,6,2026-10-10T10:00:00Z,61,Truffert,BOU,DEF,54,-1,-1,3.0,5211,13289,57080,161572,a,,,,,,,,2.5,2,10,450,5,0,0,0,8,0,45,28,17,24,0.11,0.29,0.40,6.95,2.5,2.5
2026-10-06T02:26:14+00:00,2026-10-05,daily,6,2026-10-10T10:00:00Z,62,Diakité,BOU,DEF,49,-1,-1,0.2,508,1025,7166,12090,a,,,,,,,,0.0,0,0,0,0,0,0,0,0,0,0,0,0,0,0.00,0.00,0.00,0.00,0.0,0.0
2026-10-06T02:26:14+00:00,2026-10-05,daily,6,2026-10-10T10:00:00Z,63,Milosavljević,BOU,DEF,49,0,-1,0.0,37,51,343,848,i,Thigh injury - Unknown return date,2026-08-06T10:00:10.456051Z,0,0,,,,0.0,0,0,0,0,0,0,0,0,0,0,0,0,0,0.00,0.00,0.00,0.00,0.0,0.0
2026-10-06T02:26:14+00:00,2026-10-05,daily,6,2026-10-10T10:00:00Z,64,Smith,BOU,DEF,45,0,0,0.1,449,529,7247,7357,a,,,,,,,,1.0,2,4,434,5,0,0,0,8,0,21,16,5,15,0.01,0.09,0.10,6.70,1.0,1.0
2026-10-06T02:26:14+00:00,2026-10-05,daily,6,2026-10-10T10:00:00Z,65,J.Araujo,BOU,DEF,44,0,-1,0.0,44,60,428,1299,i,Thigh injury - Unknown return date,2026-08-09T08:00:05.645826Z,0,0,,,,0.0,0,0,0,0,0,0,0,0,0,0,0,0,0,0.00,0.00,0.00,0.00,0.0,0.0
2026-10-06T02:26:14+00:00,2026-10-05,daily,6,2026-10-10T10:00:00Z,66,Soler,BOU,DEF,40,0,0,0.3,785,1216,13876,11101,a,,2026-08-15T16:30:07.021055Z,100,100,,,,0.0,0,0,0,0,0,0,0,0,0,0,0,0,0,0.00,0.00,0.00,0.00,0.0,0.0
2026-10-06T02:26:14+00:00,2026-10-05,daily,6,2026-10-10T10:00:00Z,67,Rayan,BOU,MID,63,-1,-2,1.6,4589,10478,53259,169974,a,,,,,,,,2.0,2,10,434,5,0,0,0,7,0,15,6,5,4,0.87,0.43,1.30,6.35,2.0,2.0
2026-10-06T02:26:14+00:00,2026-10-05,daily,6,2026-10-10T10:00:00Z,68,Tavernier,BOU,MID,61,0,1,6.8,92548,50227,703741,224951,a,,,,,3,1,1,5.0,2,31,424,5,3,0,0,8,0,42,5,11,26,1.70,0.92,2.62,6.54,5.0,5.0
2026-10-06T02:26:14+00:00,2026-10-05,daily,6,2026-10-10T10:00:00Z,69,Scott,BOU,MID,61,0,1,5.7,26306,48291,550209,218467,d,Thigh injury - 50% chance of playing,2026-10-05T09:30:09.910752Z,,50,,4,2,3.0,2,30,446,5,1,2,1,7,0,60,15,9,36,0.64,0.42,1.06,6.82,3.0,1.5
2026-10-06T02:26:14+00:00,2026-10-05,daily,6,2026-10-10T10:00:00Z,70,Kluivert,BOU,MID,60,0,0,0.8,2311,19769,52668,84651,i,Unspecified injury - Unknown return date,2026-09-20T15:30:09.074071Z,,0,2,2,3,4.0,0,15,294,4,1,0,2,3,0,22,2,4,16,0.99,0.08,1.07,4.48,4.0,0.0
2026-10-06T02:26:14+00:00,2026-10-05,daily,6,2026-10-10T10:00:00Z,71,Cook,BOU,MID,50,0,0,0.2,294,1232,13128,14013,a,,,,,,,,0.5,1,8,180,2,0,0,2,1,0,14,7,1,6,0.00,0.01,0.01,4.20,0.5,0.5
2026-10-06T02:26:14+00:00,2026-10-05,daily,6,2026-10-10T10:00:00Z,72,Gannon-Doak,BOU,MID,49,0,-1,0.1,158,412,1658,4672,a,,,,,,,,1.0,1,4,12,0,0,0,0,1,0,7,0,2,5,0.12,0.05,0.17,0.60,1.0,1.0
2026-10-06T02:26:14+00:00,2026-10-05,daily,6,2026-10-10T10:00:00Z,73,Adams,BOU,MID,50,0,0,0.3,1201,1773,18410,16764,a,,2026-08-15T16:30:07.029928Z,100,100,,,,3.0,4,12,279,3,0,0,0,7,0,41,12,7,22,0.03,0.07,0.10,2.74,3.0,3.0
2026-10-06T02:26:14+00:00,2026-10-05,daily,6,2026-10-10T10:00:00Z,74,Brooks,BOU,MID,50,0,0,0.1,202,351,3384,3809,a,,2026-08-15T16:30:07.037929Z,100,100,,3,4,0.5,1,3,45,0,0,0,0,2,0,5,2,0,3,0.00,0.07,0.07,0.75,0.5,0.5
2026-10-06T02:26:14+00:00,2026-10-05,daily,6,2026-10-10T10:00:00Z,75,Christie,BOU,MID,50,0,0,0.0,323,274,3578,2219,a,,2026-07-24T17:30:10.035483Z,100,100,,,,1.5,2,5,102,1,0,0,0,2,0,14,3,1,10,0.50,0.13,0.63,1.64,1.5,1.5
2026-10-06T02:26:14+00:00,2026-10-05,daily,6,2026-10-10T10:00:00Z,76,Tóth.A,BOU,MID,49,0,-1,0.0,29,58,386,787,a,,,,,,,,0.5,1,2,17,0,0,0,0,2,0,2,0,1,1,0.00,0.00,0.00,0.56,0.5,0.5
2026-10-06T02:26:14+00:00,2026-10-05,daily,6,2026-10-10T10:00:00Z,77,Adli,BOU,MID,49,0,-1,0.0,29,81,298,2222,i,Calf injury - Unknown return date,2026-08-15T16:00:07.590566Z,0,0,,,,0.0,0,0,0,0,0,0,0,0,0,0,0,0,0,0.00,0.00,0.00,0.00,0.0,0.0
2026-10-06T02:26:14+00:00,2026-10-05,daily,6,2026-10-10T10:00:00Z,78,Kroupi.Jr,BOU,MID,74,0,-1,0.2,220,950,1266,27468,i,Foot injury - Expected back 7 Nov,2026-07-29T17:30:09.796802Z,0,0,1,,,0.0,0,0,0,0,0,0,0,0,0,0,0,0,0,0.00,0.00,0.00,0.00,0.0,0.0
2026-10-06T02:26:14+00:00,2026-10-05,daily,6,2026-10-10T10:00:00Z,79,Evanilson,BOU,FWD,60,0,0,3.2,20627,22705,256088,177532,a,,,,,,,,3.5,2,18,424,5,0,3,2,5,0,27,11,3,13,0.87,0.52,1.39,6.45,3.5,3.5
2026-10-06T02:26:14+00:00,2026-10-05,daily,6,2026-10-10T10:00:00Z,80,Enes Ünal,BOU,FWD,55,0,0,0.0,0,56,0,1988,u,Has joined Getafe permanently,2026-08-14T14:14:21.881112Z,0,0,,,,0.0,0,0,0,0,0,0,0,0,0,0,0,0,0,0.00,0.00,0.00,0.00,0.0,0.0
2026-10-06T02:26:14+00:00,2026-10-05,daily,6,2026-10-10T10:00:00Z,81,Rodríguez,BOU,FWD,60,0,0,0.1,889,765,5596,6896,a,,2026-08-15T16:30:07.054142Z,100,100,,,,0.5,0,2,10,0,0,0,0,1,0,1,0,0,1,0.00,0.00,0.00,0.18,0.5,0.5
2026-10-06T02:26:14+00:00,2026-10-05,daily,6,2026-10-10T10:00:00Z,566,Silva,BOU,DEF,50,0,0,0.4,9074,4576,34536,26017,a,,,,,,,,3.0,3,13,450,5,0,0,0,8,0,56,51,5,14,0.85,0.29,1.14,6.95,3.0,3.0
2026-10-06T02:26:14+00:00,2026-10-05,daily,6,2026-10-10T10:00:00Z,573,Sanchez,BOU,DEF,44,0,-1,0.2,160,474,1580,7131,a,,,,,,,,0.0,0,0,0,0,0,0,0,0,0,0,0,0,0,0.00,0.00,0.00,0.00,0.0,0.0
2026-10-06T02:26:14+00:00,2026-10-05,daily,6,2026-10-10T10:00:00Z,608,Jebbison,BOU,FWD,50,0,0,0.1,978,961,13341,7316,a,,,,,,,,0.5,1,3,31,0,0,0,0,2,0,1,0,0,1,0.10,0.00,0.10,0.61,0.5,0.5
2026-10-06T02:26:14+00:00,2026-10-05,daily,6,2026-10-10T10:00:00Z,615,Di Gregorio,BOU,GKP,45,0,0,0.0,197,203,2940,1752,a,,,,,,,,0.0,0,0,0,0,0,0,0,0,0,0,0,0,0,0.00,0.00,0.00,0.00,0.0,0.0
2026-10-06T02:26:14+00:00,2026-10-05,daily,6,2026-10-10T10:00:00Z,82,Kelleher,BRE,GKP,50,0,0,6.1,21768,15197,253405,215463,a,,,,,,,,4.5,6,20,450,5,0,0,2,4,17,0,7,0,34,0.00,0.01,0.01,6.32,4.5,4.5
2026-10-06T02:26:14+00:00,2026-10-05,daily,6,2026-10-10T10:00:00Z,83,Valdimarsson,BRE,GKP,45,0,0,0.1,327,364,2892,4614,a,,,,,,,,0.0,0,0,0,0,0,0,0,0,0,0,0,0,0,0.00,0.00,0.00,0.00,0.0,0.0
2026-10-06T02:26:14+00:00,2026-10-05,daily,6,2026-10-10T10:00:00Z,84,Collins,BRE,DEF,54,0,-1,0.9,128,10193,58747,157549,i,Calf injury - Unknown return date,2026-09-05T18:00:06.182495Z,0,0,,,,0.0,0,10,196,3,0,0,1,1,0,17,15,2,11,0.51,0.05,0.56,2.13,0.0,0.0
2026-10-06T02:26:14+00:00,2026-10-05,daily,6,2026-10-10T10:00:00Z,85,Van den Berg,BRE,DEF,49,0,-1,0.1,43,394,416,9000,i,Groin injury - Unknown return date,2026-08-15T15:30:06.416627Z,0,0,,,,0.0,0,0,0,0,0,0,0,0,0,0,0,0,0,0.00,0.00,0.00,0.00,0.0,0.0
2026-10-06T02:26:14+00:00,2026-10-05,daily,6,2026-10-10T10:00:00Z,86,Lewis-Potter,BRE,MID,55,0,0,1.7,4000,12796,190645,121177,a,,,,,,1,5,2.0,3,22,406,5,1,1,2,4,0,38,17,6,15,1.21,0.79,2.00,5.69,2.0,2.0
2026-10-06T02:26:14+00:00,2026-10-05,daily,6,2026-10-10T10:00:00Z,87,Ajer,BRE,DEF,45,0,0,3.9,12848,24684,318335,278376,a,,,,,,,,4.0,7,21,450,5,0,0,2,4,0,50,46,4,11,0.13,0.08,0.21,6.32,4.0,4.0
2026-10-06T02:26:14+00:00,2026-10-05,daily,6,2026-10-10T10:00:00Z,88,Kayode,BRE,DEF,46,0,1,7.6,15159,23265,597857,369499,a,,,,,,,,3.5,6,23,294,4,1,0,2,1,0,16,14,2,14,0.55,0.43,0.98,3.24,3.5,3.5
2026-10-06T02:26:14+00:00,2026-10-05,daily,6,2026-10-10T10:00:00Z,89,Henry,BRE,DEF,44,0,-1,0.2,168,648,1992,8646,a,,,,,,,,0.0,0,1,2,0,0,0,0,0,0,0,0,0,0,0.00,0.00,0.00,0.00,0.0,0.0
2026-10-06T02:26:14+00:00,2026-10-05,daily,6,2026-10-10T10:00:00Z,90,Hickey,BRE,DEF,45,0,0,0.1,201,272,2115,3005,a,,,,,,,,1.0,1,5,152,1,0,0,0,3,0,17,13,4,8,0.03,0.06,0.09,3.07,1.0,1.0
2026-10-06T02:26:14+00:00,2026-10-05,daily,6,2026-10-10T10:00:00Z,92,Ji-soo,BRE,DEF,44,-1,-1,0.0,65,91,499,963,a,,,,,,,,0.0,0,0,0,0,0,0,0,0,0,0,0,0,0,0.00,0.00,0.00,0.00,0.0,0.0
2026-10-06T02:26:14+00:00,2026-10-05,daily,6,2026-10-10T10:00:00Z,93,Schuster,BRE,DEF,45,0,0,0.3,16920,2788,18482,7276,a,,,,,,,,8.5,14,21,253,2,0,1,1,3,0,38,35,3,6,0.10,0.54,0.64,4.19,8.5,8.5
2026-10-06T02:26:14+00:00,2026-10-05,daily,6,2026-10-10T10:00:00Z,94,Schade,BRE,MID,62,1,2,11.9,428282,30901,1048137,250905,a,,,,,2,,,12.0,9,39,447,5,3,2,2,4,0,34,6,7,21,1.52,0.32,1.84,6.32,12.0,12.0
2026-10-06T02:26:14+00:00,2026-10-05,daily,6,2026-10-10T10:00:00Z,95,O.Dango,BRE,MID,63,0,-2,0.5,907,3962,15268,82541,a,,,,,,,4,1.0,1,7,179,2,0,0,1,1,0,28,9,2,17,0.09,0.39,0.48,2.81,1.0,1.0
2026-10-06T02:26:14+00:00,2026-10-05,daily,6,2026-10-10T10:00:00Z,96,Damsgaard,BRE,MID,54,0,-1,0.4,1805,2469,15316,30585,d,Unspecified injury - 75% chance of playing,2026-10-03T19:30:08.141728Z,,75,,3,2,2.0,3,16,283,3,0,1,2,1,0,31,6,7,18,0.17,0.73,0.90,3.06,2.0,1.5
2026-10-06T02:26:14+00:00,2026-10-05,daily,6,2026-10-10T10:00:00Z,97,Jensen,BRE,MID,54,0,-1,0.1,22,699,4507,15133,i,Unspecified injury - Expected back 10 Oct,2026-08-30T12:30:08.176795Z,0,0,3,2,1,0.0,0,6,66,1,0,1,1,0,0,5,0,2,3,0.08,0.34,0.42,0.47,0.0,0.0
2026-10-06T02:26:14+00:00,2026-10-05,daily,6,2026-10-10T10:00:00Z,98,Janelt,BRE,MID,50,0,0,2.5,21514,19611,308574,108702,a,,,,,,,3,3.5,3,28,450,5,2,0,2,4,0,64,27,17,20,0.53,0.44,0.97,6.32,3.5,3.5
2026-10-06T02:26:14+00:00,2026-10-05,daily,6,2026-10-10T10:00:00Z,99,Milambo,BRE,MID,50,0,0,0.0,8,8,117,160,i,Knee injury - Unknown return date,2026-07-23T12:01:23.384798Z,0,0,,,,0.0,0,0,0,0,0,0,0,0,0,0,0,0,0,0.00,0.00,0.00,0.00,0.0,0.0
2026-10-06T02:26:14+00:00,2026-10-05,daily,6,2026-10-10T10:00:00Z,100,Carvalho,BRE,MID,50,0,0,0.0,629,186,1927,1464,a,,2026-08-18T13:58:17.442072Z,100,100,,,,3.0,6,6,3,0,1,0,0,0,0,0,0,0,0,0.43,0.00,0.43,0.13,3.0,3.0
2026-10-06T02:26:14+00:00,2026-10-05,daily,6,2026-10-10T10:00:00Z,102,Yarmoliuk,BRE,MID,48,0,-2,0.6,1468,3593,5921,61943,a,,,,,,,,3.5,3,9,216,2,0,1,1,4,0,26,7,5,14,0.10,0.30,0.40,4.58,3.5,3.5
2026-10-06T02:26:14+00:00,2026-10-05,daily,6,2026-10-10T10:00:00Z,103,Dasilva,BRE,MID,49,0,-1,0.0,10,112,401,1957,i,Hamstring injury - Expected back 10 Oct,2026-09-04T13:30:08.371955Z,0,0,,,,0.0,0,0,0,0,0,0,0,0,0,0,0,0,0,0.00,0.00,0.00,0.00,0.0,0.0
2026-10-06T02:26:14+00:00,2026-10-05,daily,6,2026-10-10T10:00:00Z,105,Anthony,BRE,MID,59,0,-1,0.1,2587,689,7585,11090,a,,,,,,,,5.5,10,15,267,3,1,0,2,3,0,26,6,4,16,1.15,0.54,1.69,3.50,5.5,5.5
2026-10-06T02:26:14+00:00,2026-10-05,daily,6,2026-10-10T10:00:00Z,106,Thiago,BRE,FWD,78,0,-2,9.1,66280,41955,286703,1038863,a,,,,,1,,,3.0,5,10,442,5,1,0,2,4,0,19,4,3,12,3.13,0.16,3.29,6.25,3.0,3.0
2026-10-06T02:26:14+00:00,2026-10-05,daily,6,2026-10-10T10:00:00Z,107,Furo,BRE,FWD,45,0,0,0.9,968,10125,62041,67287,i,Unspecified injury - Unknown return date,2026-09-14T14:00:09.985723Z,0,0,,,,0.0,0,0,0,0,0,0,0,0,0,0,0,0,0,0.00,0.00,0.00,0.00,0.0,0.0
2026-10-06T02:26:14+00:00,2026-10-05,daily,6,2026-10-10T10:00:00Z,108,Wilson,BRE,FWD,54,-1,-1,0.3,1335,2609,15684,26674,a,,,,,,,,0.0,0,3,13,0,0,0,0,0,0,2,1,0,1,0.07,0.04,0.11,0.15,0.0,0.0
2026-10-06T02:26:14+00:00,2026-10-05,daily,6,2026-10-10T10:00:00Z,565,M.Sangaré,BRE,MID,56,-1,1,9.8,9092,147017,1228380,828906,a,,,,,,,,2.0,0,22,321,4,0,2,1,3,0,48,12,14,22,0.41,0.65,1.06,4.31,2.0,2.0
2026-10-06T02:26:14+00:00,2026-10-05,daily,6,2026-10-10T10:00:00Z,620,Diouf,BRE,DEF,45,0,0,0.1,520,726,13681,7388,a,,,,,,,,1.0,1,2,39,0,0,0,0,0,0,2,2,0,1,0.00,0.01,0.01,0.63,1.0,1.0
2026-10-06T02:26:14+00:00,2026-10-05,daily,6,2026-10-10T10:00:00Z,657,Nunes,BRE,MID,45,0,0,0.0,373,286,2115,679,a,,,,,,,,0.0,0,0,0,0,0,0,0,0,0,0,0,0,0,0.00,0.00,0.00,0.00,0.0,0.0
2026-10-06T02:26:14+00:00,2026-10-05,daily,6,2026-10-10T10:00:00Z,660,Fredrick,BRE,DEF,40,0,0,0.0,559,72,559,72,a,,,,,,,,0.0,0,0,0,0,0,0,0,0,0,0,0,0,0,0.00,0.00,0.00,0.00,1.1,1.1
2026-10-06T02:26:14+00:00,2026-10-05,daily,6,2026-10-10T10:00:00Z,661,Balcombe,BRE,GKP,40,0,0,0.0,3143,616,3143,616,a,,,,,,,,0.0,0,0,0,0,0,0,0,0,0,0,0,0,0,0.00,0.00,0.00,0.00,1.0,1.0
2026-10-06T02:26:14+00:00,2026-10-05,daily,6,2026-10-10T10:00:00Z,109,Verbruggen,BHA,GKP,45,0,0,21.6,80615,79892,774090,615746,a,,,,,,,,7.0,6,23,450,5,0,0,3,5,12,0,3,0,34,0.00,0.20,0.20,8.67,7.0,7.0
2026-10-06T02:26:14+00:00,2026-10-05,daily,6,2026-10-10T10:00:00Z,111,Steele,BHA,GKP,40,0,0,4.1,7784,16144,147971,121899,a,,,,,,,,0.0,0,0,0,0,0,0,0,0,0,0,0,0,0,0.00,0.00,0.00,0.00,0.0,0.0
2026-10-06T02:26:14+00:00,2026-10-05,daily,6,2026-10-10T10:00:00Z,113,F.Kadıoğlu,BHA,DEF,44,0,-1,1.6,4480,7670,30893,135213,a,,2026-08-23T13:00:07.595211Z,100,100,,,3,5.5,5,13,332,4,0,0,2,5,0,10,9,1,8,0.12,0.13,0.25,7.55,5.5,5.5
2026-10-06T02:26:14+00:00,2026-10-05,daily,6,2026-10-10T10:00:00Z,114,Boscagli,BHA,DEF,45,0,0,0.3,2366,891,16583,11968,a,,,,,,,,6.0,6,19,437,5,0,0,3,5,0,29,25,4,17,0.07,0.53,0.60,8.45,6.0,6.0
2026-10-06T02:26:14+00:00,2026-10-05,daily,6,2026-10-10T10:00:00Z,115,De Cuyper,BHA,DEF,50,1,5,28.0,323478,25636,2741817,410667,a,,,,,,4,2,8.5,6,38,423,5,1,3,3,5,0,16,8,8,18,1.55,0.67,2.22,8.58,8.5,8.5
2026-10-06T02:26:14+00:00,2026-10-05,daily,6,2026-10-10T10:00:00Z,116,Dunk,BHA,DEF,45,0,0,1.5,7736,11193,89297,52257,d,Neck injury - 75% chance of playing,2026-09-22T09:30:09.629652Z,,75,,3,,6.0,0,22,360,4,1,0,2,5,0,23,20,3,13,0.03,0.09,0.12,7.04,6.0,4.5
2026-10-06T02:26:14+00:00,2026-10-05,daily,6,2026-10-10T10:00:00Z,117,Coppola,BHA,DEF,45,0,0,0.0,117,104,929,1067,a,,,,,,,,0.0,0,0,0,0,0,0,0,0,0,0,0,0,0,0.00,0.00,0.00,0.00,0.0,0.0
2026-10-06T02:26:14+00:00,2026-10-05,daily,6,2026-10-10T10:00:00Z,118,Igor,BHA,DEF,45,0,0,0.0,0,319,915,5962,u,Has joined Burnley permanently,2026-09-02T15:38:15.529699Z,0,0,,,,0.0,0,0,0,0,0,0,0,0,0,0,0,0,0,0.00,0.00,0.00,0.00,0.0,0.0
2026-10-06T02:26:14+00:00,2026-10-05,daily,6,2026-10-10T10:00:00Z,119,Costinha,BHA,DEF,45,0,0,0.0,187,142,1292,1467,a,,,,,,,,1.0,1,4,68,0,0,0,0,0,0,7,6,1,1,0.12,0.30,0.42,1.02,1.0,1.0
2026-10-06T02:26:14+00:00,2026-10-05,daily,6,2026-10-10T10:00:00Z,120,Svoboda,BHA,DEF,50,0,0,0.1,1368,491,4544,4013,a,,,,,,,,0.5,1,1,4,0,0,0,0,0,0,1,0,1,1,0.00,0.00,0.00,0.14,0.5,0.5
2026-10-06T02:26:14+00:00,2026-10-05,daily,6,2026-10-10T10:00:00Z,121,Mitoma,BHA,MID,59,0,-1,0.0,142,188,568,3125,i,Hamstring injury - Expected back 10 Oct,2026-07-24T18:30:10.661894Z,0,0,,,,0.0,0,0,0,0,0,0,0,0,0,0,0,0,0,0.00,0.00,0.00,0.00,0.0,0.0
2026-10-06T02:26:14+00:00,2026-10-05,daily,6,2026-10-10T10:00:00Z,122,Minteh,BHA,MID,58,-1,-2,0.0,48,244,338,6918,i,Leg injury - Expected back 28 Nov,2026-08-14T18:00:06.418033Z,0,0,,,5,0.0,0,0,0,0,0,0,0,0,0,0,0,0,0,0.00,0.00,0.00,0.00,0.0,0.0
2026-10-06T02:26:14+00:00,2026-10-05,daily,6,2026-10-10T10:00:00Z,123,Hinshelwood,BHA,MID,59,0,-1,0.6,309,7269,147930,216495,i,Ankle injury - Expected back 10 Oct,2026-08-27T19:30:07.780933Z,0,0,,,,0.0,0,16,63,1,2,0,1,0,0,3,0,2,1,1.41,0.02,1.43,0.19,0.0,0.0
2026-10-06T02:26:14+00:00,2026-10-05,daily,6,2026-10-10T10:00:00Z,124,Groß,BHA,MID,59,2,4,29.5,844568,14538,2205061,544321,a,,,,,1,1,1,15.5,14,47,450,5,3,4,3,5,0,26,9,7,10,1.77,0.86,2.63,8.67,15.5,15.5
2026-10-06T02:26:14+00:00,2026-10-05,daily,6,2026-10-10T10:00:00Z,125,Georginio,BHA,FWD,53,-1,-2,0.5,2927,4158,34924,76786,a,,2026-08-26T16:00:07.608056Z,100,100,,,,0.5,1,6,104,1,0,1,1,0,0,9,1,2,6,0.17,0.45,0.62,1.03,0.5,0.5
2026-10-06T02:26:14+00:00,2026-10-05,daily,6,2026-10-10T10:00:00Z,126,O'Riley,BHA,MID,54,0,-1,0.1,454,599,3628,6555,a,,,,,3,,,1.0,1,2,10,0,0,0,0,0,0,3,2,0,1,0.28,0.01,0.29,0.18,1.0,1.0
2026-10-06T02:26:14+00:00,2026-10-05,daily,6,2026-10-10T10:00:00Z,127,Gomez,BHA,MID,50,0,0,3.9,13237,41655,335744,303286,a,,,,,,5,,5.5,8,24,433,5,0,3,3,5,0,36,7,13,16,0.79,0.78,1.57,8.49,5.5,5.5
2026-10-06T02:26:14+00:00,2026-10-05,daily,6,2026-10-10T10:00:00Z,128,Buonanotte,BHA,MID,50,0,0,0.0,0,7,0,330,u,Has joined Elche on loan for the rest of the season,2026-08-10T14:03:07.561436Z,0,0,,,,0.0,0,0,0,0,0,0,0,0,0,0,0,0,0,0.00,0.00,0.00,0.00,0.0,0.0
2026-10-06T02:26:14+00:00,2026-10-05,daily,6,2026-10-10T10:00:00Z,129,Ayari,BHA,MID,54,0,-1,0.4,2599,2187,12840,41742,a,,2026-08-30T18:00:07.935334Z,100,100,,2,4,5.5,3,15,333,4,1,0,3,1,0,21,4,2,15,0.70,0.18,0.88,5.64,5.5,5.5
2026-10-06T02:26:14+00:00,2026-10-05,daily,6,2026-10-10T10:00:00Z,130,Wieffer,BHA,DEF,49,0,-1,0.2,35,2130,25950,43562,i,Knee injury - Unknown return date,2026-09-04T09:30:08.612904Z,0,0,,,,0.0,0,7,156,2,0,0,1,4,0,15,11,4,9,0.12,0.13,0.25,3.18,0.0,0.0
2026-10-06T02:26:14+00:00,2026-10-05,daily,6,2026-10-10T10:00:00Z,132,Howell,BHA,MID,45,0,0,0.0,0,227,0,3705,u,Has joined Leicester City on loan for the rest of the season,2026-08-17T13:53:19.019938Z,0,0,,,,0.0,0,0,0,0,0,0,0,0,0,0,0,0,0,0.00,0.00,0.00,0.00,0.0,0.0
2026-10-06T02:26:14+00:00,2026-10-05,daily,6,2026-10-10T10:00:00Z,133,Watson,BHA,MID,50,0,0,0.0,0,5,0,136,u,Has joined Leicester City on loan for the rest of the season,2026-08-03T14:05:44.459483Z,0,0,,,,0.0,0,0,0,0,0,0,0,0,0,0,0,0,0,0.00,0.00,0.00,0.00,0.0,0.0
2026-10-06T02:26:14+00:00,2026-10-05,daily,6,2026-10-10T10:00:00Z,134,Oriola,BHA,MID,45,0,0,0.2,374,1420,8778,14288,a,,,,,,,,0.0,0,0,0,0,0,0,0,0,0,0,0,0,0,0.00,0.00,0.00,0.00,0.0,0.0
2026-10-06T02:26:14+00:00,2026-10-05,daily,6,2026-10-10T10:00:00Z,135,Yohanna,BHA,MID,48,-1,-2,0.0,27,412,1270,5519,i,Unspecified injury - Expected back 10 Oct,2026-09-10T13:00:08.617941Z,0,0,,,,0.0,0,1,12,0,0,0,0,0,0,0,0,0,0,0.00,0.03,0.03,0.00,0.0,0.0
2026-10-06T02:26:14+00:00,2026-10-05,daily,6,2026-10-10T10:00:00Z,137,Tzimas,BHA,FWD,54,0,-1,0.0,40,57,337,755,i,Knee injury - Unknown return date,2026-07-23T12:01:23.432796Z,0,0,,,,0.0,0,0,0,0,0,0,0,0,0,0,0,0,0,0.00,0.00,0.00,0.00,0.0,0.0
2026-10-06T02:26:14+00:00,2026-10-05,daily,6,2026-10-10T10:00:00Z,138,Kostoulas,BHA,FWD,56,1,1,4.5,343760,22848,448451,55358,a,,,,,,,,10.0,10,28,353,4,2,3,2,5,0,27,5,4,18,1.35,0.06,1.41,7.67,10.0,10.0
2026-10-06T02:26:14+00:00,2026-10-05,daily,6,2026-10-10T10:00:00Z,139,Ferguson,BHA,FWD,50,0,0,0.0,150,273,1601,2542,i,Ankle injury - Expected back 10 Oct,2026-07-23T12:01:23.448357Z,0,0,,,,0.0,0,0,0,0,0,0,0,0,0,0,0,0,0,0.00,0.00,0.00,0.00,0.0,0.0
2026-10-06T02:26:14+00:00,2026-10-05,daily,6,2026-10-10T10:00:00Z,328,Struijk,BHA,DEF,49,0,-1,0.2,651,1001,5680,12252,d,Hamstring injury - 75% chance of playing,2026-09-22T10:00:09.404233Z,100,75,,,,3.0,5,7,98,1,0,0,1,0,0,10,9,1,6,0.16,0.01,0.17,1.70,3.0,2.2
2026-10-06T02:26:14+00:00,2026-10-05,daily,6,2026-10-10T10:00:00Z,504,Vuskovic,BHA,DEF,50,0,0,3.8,64409,15490,267509,140302,a,,,,,,,,7.0,8,32,437,5,1,0,3,5,0,43,37,6,17,0.46,0.07,0.53,8.45,7.0,7.0
2026-10-06T02:26:14+00:00,2026-10-05,daily,6,2026-10-10T10:00:00Z,594,David,BHA,FWD,59,-1,-1,0.2,3396,2345,15258,22618,a,,,,,2,,,0.0,0,1,23,0,0,0,0,0,0,0,0,0,0,0.42,0.00,0.42,0.14,0.0,0.0
2026-10-06T02:26:14+00:00,2026-10-05,daily,6,2026-10-10T10:00:00Z,600,Osman,BHA,MID,50,0,0,0.0,118,134,949,1101,a,,,,,,,,0.5,0,3,40,0,0,0,0,1,0,4,0,1,3,0.05,0.07,0.12,0.32,0.5,0.5
2026-10-06T02:26:14+00:00,2026-10-05,daily,6,2026-10-10T10:00:00Z,605,Yalcouyé,BHA,MID,45,0,0,4.0,27948,35464,556837,173418,a,,,,,,,,4.5,1,20,236,3,2,0,1,4,0,19,6,6,7,1.46,0.45,1.91,6.57,4.5,4.5
2026-10-06T02:26:14+00:00,2026-10-05,daily,6,2026-10-10T10:00:00Z,614,Hadjam,BHA,DEF,45,0,0,0.0,259,266,3998,1971,a,,,,,,,,0.0,0,0,0,0,0,0,0,0,0,0,0,0,0,0.00,0.00,0.00,0.00,0.0,0.0
2026-10-06T02:26:14+00:00,2026-10-05,daily,6,2026-10-10T10:00:00Z,624,Cozier-Duberry,BHA,MID,50,0,0,0.0,0,6,117,114,u,Has joined Middlesbrough on loan for the rest of the season,2026-09-02T15:38:15.552951Z,0,0,,,,0.0,0,0,0,0,0,0,0,0,0,0,0,0,0,0.00,0.00,0.00,0.00,0.0,0.0
2026-10-06T02:26:14+00:00,2026-10-05,daily,6,2026-10-10T10:00:00Z,639,Andrés,BHA,MID,55,0,0,0.0,2952,350,4196,818,a,,,,,,,,6.0,8,12,109,1,1,1,1,0,0,13,4,1,8,0.52,0.12,0.64,1.70,6.0,6.0
2026-10-06T02:26:14+00:00,2026-10-05,daily,6,2026-10-10T10:00:00Z,652,Azeez,BHA,MID,55,0,0,0.0,20,46,443,203,i,Hamstring injury - Expected back 10 Oct,2026-09-04T11:30:08.661589Z,0,0,,,,0.0,0,0,0,0,0,0,0,0,0,0,0,0,0,0.00,0.00,0.00,0.00,0.0,0.0
2026-10-06T02:26:14+00:00,2026-10-05,daily,6,2026-10-10T10:00:00Z,658,Ibrahim,BHA,MID,45,0,0,0.0,321,224,1484,492,a,,,,,,,,0.0,0,0,0,0,0,0,0,0,0,0,0,0,0,0.00,0.00,0.00,0.00,0.0,0.0
2026-10-06T02:26:14+00:00,2026-10-05,daily,6,2026-10-10T10:00:00Z,28,Martinez,CHE,GKP,50,0,0,4.7,8612,23457,246379,248038,a,,,,,,,,2.3,2,9,360,4,0,0,0,10,18,0,1,0,37,0.00,0.01,0.01,7.49,2.3,2.3
2026-10-06T02:26:14+00:00,2026-10-05,daily,6,2026-10-10T10:00:00Z,40,Rogers,CHE,MID,77,0,2,40.7,173339,76226,2502762,667913,a,,,,,,3,4,5.3,2,29,437,5,3,1,0,12,0,31,3,5,23,1.72,1.23,2.95,8.73,5.3,5.3
2026-10-06T02:26:14+00:00,2026-10-05,daily,6,2026-10-10T10:00:00Z,101,Henderson,CHE,MID,49,0,-1,0.0,548,172,1161,2646,a,,2026-08-09T09:30:07.136250Z,50,100,,,3,0.7,2,2,90,1,0,0,0,3,0,10,2,1,7,0.00,0.08,0.08,2.65,0.3,0.7
2026-10-06T02:26:14+00:00,2026-10-05,daily,6,2026-10-10T10:00:00Z,136,Welbeck,CHE,FWD,59,0,-1,1.0,8634,9969,62570,83873,a,,2026-08-20T14:00:07.949090Z,100,100,,,,1.3,2,4,85,1,0,0,0,1,0,5,2,1,2,0.00,0.14,0.14,1.99,1.3,1.3
2026-10-06T02:26:14+00:00,2026-10-05,daily,6,2026-10-10T10:00:00Z,140,Sánchez,CHE,GKP,49,0,-1,0.7,0,5246,10847,176854,u,Has joined Como on loan for the rest of the season,2026-09-02T16:20:41.841936Z,0,0,,,,0.0,0,2,90,1,0,0,0,2,4,0,1,0,5,0.00,0.01,0.01,1.33,0.0,0.0
2026-10-06T02:26:14+00:00,2026-10-05,daily,6,2026-10-10T10:00:00Z,141,Jörgensen,CHE,GKP,50,0,0,0.0,0,34,0,952,u,Has joined RC Strasbourg on loan for the rest of the season,2026-08-12T14:07:02.607115Z,0,0,,,,0.0,0,0,0,0,0,0,0,0,0,0,0,0,0,0.00,0.00,0.00,0.00,0.0,0.0
2026-10-06T02:26:14+00:00,2026-10-05,daily,6,2026-10-10T10:00:00Z,142,James,CHE,DEF,53,-1,-2,5.7,699,82949,168904,605638,d,Hamstring injury - 75% chance of playing,2026-09-18T10:30:09.719371Z,75,75,,1,1,0.7,0,3,292,3,0,0,0,7,0,13,11,2,15,0.33,0.26,0.59,4.90,0.5,0.5
2026-10-06T02:26:14+00:00,2026-10-05,daily,6,2026-10-10T10:00:00Z,143,Chalobah,CHE,DEF,55,0,0,0.1,0,346,0,13976,u,Has joined Como permanently,2026-08-10T14:03:50.769483Z,0,0,,,,0.0,0,0,0,0,0,0,0,0,0,0,0,0,0,0.00,0.00,0.00,0.00,0.0,0.0
2026-10-06T02:26:14+00:00,2026-10-05,daily,6,2026-10-10T10:00:00Z,144,Gusto,CHE,DEF,49,-1,-1,0.9,1691,7209,37018,67689,a,,,,,,,6,0.7,0,4,272,3,0,0,0,7,0,15,11,4,13,0.08,0.12,0.20,3.50,0.7,0.7
2026-10-06T02:26:14+00:00,2026-10-05,daily,6,2026-10-10T10:00:00Z,145,Fofana,CHE,DEF,50,0,0,0.2,2812,1408,18918,8349,a,,2026-07-23T12:01:23.464591Z,100,100,,,,2.7,4,8,312,4,0,0,0,7,0,47,40,7,11,0.00,0.08,0.08,5.65,2.7,2.7
2026-10-06T02:26:14+00:00,2026-10-05,daily,6,2026-10-10T10:00:00Z,146,B.Badiashile,CHE,DEF,45,0,0,0.0,0,49,232,1946,u,Has joined Napoli on loan for the rest of the season,2026-08-25T14:03:47.079414Z,0,0,,,,0.0,0,0,0,0,0,0,0,0,0,0,0,0,0,0.00,0.00,0.00,0.00,0.0,0.0
2026-10-06T02:26:14+00:00,2026-10-05,daily,6,2026-10-10T10:00:00Z,148,Hato,CHE,DEF,45,0,0,0.8,928,7812,91323,60139,a,,,,,,,,1.0,0,8,258,4,0,2,0,9,0,18,11,7,9,0.01,0.21,0.22,4.81,1.0,1.0
2026-10-06T02:26:14+00:00,2026-10-05,daily,6,2026-10-10T10:00:00Z,149,Colwill,CHE,DEF,48,-1,-2,0.9,1235,5746,26891,98771,a,,,,,,,,0.7,1,3,341,4,0,0,0,9,0,26,23,3,15,0.01,0.05,0.06,6.67,0.7,0.7
2026-10-06T02:26:14+00:00,2026-10-05,daily,6,2026-10-10T10:00:00Z,150,M.Sarr,CHE,DEF,45,0,0,0.0,0,183,429,5999,u,Has joined Real Sociedad on loan for the rest of the season,2026-08-29T00:34:23.077418Z,0,0,,,,0.0,0,0,0,0,0,0,0,0,0,0,0,0,0,0.00,0.00,0.00,0.00,0.0,0.0
2026-10-06T02:26:14+00:00,2026-10-05,daily,6,2026-10-10T10:00:00Z,151,Acheampong,CHE,DEF,45,0,0,0.3,455,2072,21167,22631,a,,,,,,,,0.3,0,5,221,2,0,0,0,7,0,20,13,7,7,0.00,0.03,0.03,4.72,0.3,0.3
2026-10-06T02:26:14+00:00,2026-10-05,daily,6,2026-10-10T10:00:00Z,152,Palestra,CHE,DEF,53,0,-2,0.6,274,4247,6734,220788,d,Thigh injury - 50% chance of playing,2026-08-24T18:30:07.421239Z,50,50,,,,0.0,0,0,0,0,0,0,0,0,0,0,0,0,0,0.00,0.00,0.00,0.00,0.0,0.0
2026-10-06T02:26:14+00:00,2026-10-05,daily,6,2026-10-10T10:00:00Z,154,Palmer,CHE,MID,97,0,2,25.4,52519,192859,1955895,688165,d,Muscular injury - 75% chance of playing,2026-09-21T13:00:09.022726Z,100,75,1,2,,2.7,2,28,442,5,2,2,0,12,0,29,3,7,19,1.31,0.79,2.10,8.73,2.7,2.0
2026-10-06T02:26:14+00:00,2026-10-05,daily,6,2026-10-10T10:00:00Z,156,Neto,CHE,MID,65,0,0,1.4,5975,10230,83100,91881,a,,,,,,4,2,2.0,2,14,332,4,1,0,0,8,0,28,8,6,14,0.68,0.58,1.26,6.64,2.0,2.0
2026-10-06T02:26:14+00:00,2026-10-05,daily,6,2026-10-10T10:00:00Z,157,Estêvão,CHE,MID,63,0,-2,0.7,2008,4554,17922,87289,a,,,,,2,,5,1.0,1,4,23,0,0,0,0,1,0,2,0,1,1,0.07,0.07,0.14,1.01,1.0,1.0
2026-10-06T02:26:14+00:00,2026-10-05,daily,6,2026-10-10T10:00:00Z,158,Gittens,CHE,MID,58,-1,-2,0.0,159,272,1138,2902,d,Ankle injury - 75% chance of playing,2026-09-26T05:30:09.245832Z,,75,,,,0.0,0,0,0,0,0,0,0,0,0,0,0,0,0,0.00,0.00,0.00,0.00,0.0,0.0
2026-10-06T02:26:14+00:00,2026-10-05,daily,6,2026-10-10T10:00:00Z,159,Caicedo,CHE,MID,53,0,-2,1.0,440,9604,15078,281996,d,Calf injury - 50% chance of playing,2026-08-30T16:00:08.393562Z,50,50,,,,0.0,0,1,13,0,0,0,0,0,0,0,0,0,0,0.00,0.00,0.00,0.07,0.0,0.0
2026-10-06T02:26:14+00:00,2026-10-05,daily,6,2026-10-10T10:00:00Z,161,Lavia,CHE,MID,50,0,0,0.2,488,2593,25863,15703,a,,,,,,,,1.0,0,11,258,4,1,0,0,8,0,31,10,6,15,0.75,0.11,0.86,5.06,1.0,1.0
2026-10-06T02:26:14+00:00,2026-10-05,daily,6,2026-10-10T10:00:00Z,163,D.Essugo,CHE,MID,45,0,0,0.1,0,775,2698,14487,u,Has joined RC Strasbourg on loan for the rest of the season,2026-09-02T16:20:41.865225Z,0,0,,,,0.0,0,0,0,0,0,0,0,0,0,0,0,0,0,0.00,0.00,0.00,0.00,0.0,0.0
2026-10-06T02:26:14+00:00,2026-10-05,daily,6,2026-10-10T10:00:00Z,164,Quenda,CHE,MID,53,0,-2,0.0,77,190,909,3410,a,,2026-07-24T20:30:10.609931Z,100,100,,,,0.3,1,2,27,0,0,0,0,2,0,1,1,0,0,0.03,0.01,0.04,1.29,0.3,0.3
2026-10-06T02:26:14+00:00,2026-10-05,daily,6,2026-10-10T10:00:00Z,165,João Pedro,CHE,FWD,77,-1,2,64.8,72493,421051,1587234,1493547,d,Knee injury - 75% chance of playing,2026-09-16T19:00:09.919929Z,75,75,,,,4.3,0,33,360,4,3,3,0,9,0,9,3,1,5,2.17,0.19,2.36,6.17,3.2,3.2
2026-10-06T02:26:14+00:00,2026-10-05,daily,6,2026-10-10T10:00:00Z,168,Marc Guiu,CHE,FWD,50,0,0,0.2,0,1660,4102,33384,u,Has joined RB Leipzig permanently,2026-09-01T13:24:48.857362Z,0,0,,,,0.0,0,0,0,0,0,0,0,0,0,0,0,0,0,0.00,0.00,0.00,0.00,0.0,0.0
2026-10-06T02:26:14+00:00,2026-10-05,daily,6,2026-10-10T10:00:00Z,169,Mheuka,CHE,FWD,45,0,0,0.5,4837,3753,32558,25542,a,,,,,,,,0.0,0,0,0,0,0,0,0,0,0,0,0,0,0,0.00,0.00,0.00,0.00,0.0,0.0
2026-10-06T02:26:14+00:00,2026-10-05,daily,6,2026-10-10T10:00:00Z,170,Emegha,CHE,FWD,49,-1,-1,0.1,93,1164,6093,12671,i,Hamstring injury - Expected back 10 Oct,2026-09-09T15:00:09.063849Z,0,0,,,,0.0,0,0,0,0,0,0,0,0,0,0,0,0,0,0.00,0.00,0.00,0.00,0.0,0.0
2026-10-06T02:26:14+00:00,2026-10-05,daily,6,2026-10-10T10:00:00Z,200,Lacroix,CHE,DEF,59,-1,-1,6.8,9095,31374,175749,426950,a,,,,,,,,2.0,3,13,364,4,0,1,0,10,0,47,37,10,8,0.15,0.22,0.37,7.93,2.0,2.0
2026-10-06T02:26:14+00:00,2026-10-05,daily,6,2026-10-10T10:00:00Z,560,Penders,CHE,GKP,44,0,-1,0.1,254,320,2029,3640,a,,,,,,,,0.0,0,0,0,0,0,0,0,0,0,0,0,0,0,0.00,0.00,0.00,0.00,0.0,0.0
2026-10-06T02:26:14+00:00,2026-10-05,daily,6,2026-10-10T10:00:00Z,561,Anselmino,CHE,DEF,45,0,0,0.0,70,111,827,1259,a,,2026-08-23T19:00:08.536705Z,100,100,,,,0.0,0,0,0,0,0,0,0,0,0,0,0,0,0,0.00,0.00,0.00,0.00,0.0,0.0
2026-10-06T02:26:14+00:00,2026-10-05,daily,6,2026-10-10T10:00:00Z,568,Barco,CHE,MID,54,0,-1,0.1,256,482,3179,7049,a,,,,,,,,0.7,2,3,115,1,0,0,0,3,0,12,4,3,5,0.07,0.11,0.18,2.83,0.7,0.7
2026-10-06T02:26:14+00:00,2026-10-05,daily,6,2026-10-10T10:00:00Z,583,Chavarria,CHE,DEF,49,0,-1,0.1,475,593,3435,11199,a,,,,,,,,1.0,1,5,208,1,0,0,0,4,0,16,11,5,7,0.04,0.07,0.11,4.10,1.0,1.0
2026-10-06T02:26:14+00:00,2026-10-05,daily,6,2026-10-10T10:00:00Z,662,Nicoll-Jazuli,CHE,MID,45,0,0,0.0,358,79,358,79,a,,,,,,,,1.0,1,1,3,0,0,0,0,1,0,2,0,2,0,0.00,0.00,0.00,0.43,1.1,1.1
2026-10-06T02:26:14+00:00,2026-10-05,daily,6,2026-10-10T10:00:00Z,91,Pinnock,COV,DEF,45,0,0,0.1,455,257,2624,4028,a,,,,,,,,5.0,8,14,282,3,0,0,1,7,0,44,41,3,4,0.12,0.00,0.12,6.57,5.0,5.0
2026-10-06T02:26:14+00:00,2026-10-05,daily,6,2026-10-10T10:00:00Z,104,Onyeka,COV,MID,49,0,-1,0.1,186,488,3996,9615,a,,2026-09-15T09:00:07.851220Z,100,100,,,,2.5,3,9,314,4,0,0,1,7,0,28,9,5,14,0.03,0.02,0.05,6.31,2.5,2.5
2026-10-06T02:26:14+00:00,2026-10-05,daily,6,2026-10-10T10:00:00Z,110,Rushworth,COV,GKP,45,0,0,0.8,2831,6323,23978,59487,a,,,,,,,,5.5,11,16,450,5,0,1,1,10,9,0,4,0,50,0.00,0.02,0.02,8.63,5.5,5.5
2026-10-06T02:26:14+00:00,2026-10-05,daily,6,2026-10-10T10:00:00Z,171,Dovin,COV,GKP,40,0,0,1.0,0,5205,8924,58373,u,Has joined Leyton Orient on loan for the rest of the season,2026-09-02T15:44:14.839336Z,0,0,,,,0.0,0,0,0,0,0,0,0,0,0,0,0,0,0,0.00,0.00,0.00,0.00,0.0,0.0
2026-10-06T02:26:14+00:00,2026-10-05,daily,6,2026-10-10T10:00:00Z,172,Wilson,COV,GKP,44,0,-1,0.4,259,745,1429,12442,a,,,,,,,,0.0,0,0,0,0,0,0,0,0,0,0,0,0,0,0.00,0.00,0.00,0.00,0.0,0.0
2026-10-06T02:26:14+00:00,2026-10-05,daily,6,2026-10-10T10:00:00Z,173,Thomas,COV,DEF,40,0,0,8.5,30456,35304,367890,288328,a,,,,,,,,4.5,9,24,437,5,0,0,2,9,0,52,49,3,16,0.49,0.30,0.79,8.09,4.5,4.5
2026-10-06T02:26:14+00:00,2026-10-05,daily,6,2026-10-10T10:00:00Z,174,Kitching,COV,DEF,40,0,0,0.3,0,2010,981,33103,u,Has joined Sheffield United on loan for the rest of the season,2026-09-02T16:21:03.612394Z,0,0,,,,0.0,0,0,0,0,0,0,0,0,0,0,0,0,0,0.00,0.00,0.00,0.00,0.0,0.0
2026-10-06T02:26:14+00:00,2026-10-05,daily,6,2026-10-10T10:00:00Z,175,van Ewijk,COV,DEF,40,0,0,8.6,1220,82548,123125,507222,d,Hamstring injury - 75% chance of playing,2026-09-19T16:00:09.486751Z,,75,,,,0.0,0,6,360,4,0,0,0,10,0,27,21,6,13,0.00,0.30,0.30,7.53,0.0,0.0
2026-10-06T02:26:14+00:00,2026-10-05,daily,6,2026-10-10T10:00:00Z,176,Dasilva,COV,DEF,40,0,0,0.7,7397,2082,16680,23048,a,,,,,,,,7.5,15,20,444,5,1,0,1,10,0,23,19,4,14,0.50,0.52,1.02,8.63,7.5,7.5
2026-10-06T02:26:14+00:00,2026-10-05,daily,6,2026-10-10T10:00:00Z,177,Kesler-Hayden,COV,DEF,39,-1,-1,0.1,4012,1008,4611,4233,i,Hamstring injury - Unknown return date,2026-08-27T14:56:28.704361Z,0,0,,,,0.0,0,0,0,0,0,0,0,0,0,0,0,0,0,0.00,0.00,0.00,0.00,0.0,0.0
2026-10-06T02:26:14+00:00,2026-10-05,daily,6,2026-10-10T10:00:00Z,178,Bidwell,COV,DEF,40,0,0,0.1,190,323,2497,3554,a,,,,,,,,0.0,0,0,0,0,0,0,0,0,0,0,0,0,0,0.00,0.00,0.00,0.00,0.0,0.0
2026-10-06T02:26:14+00:00,2026-10-05,daily,6,2026-10-10T10:00:00Z,179,Latibeaudiere,COV,DEF,40,0,0,0.0,79,149,990,1752,a,,,,,,,,0.5,1,1,1,0,0,0,0,0,0,2,2,0,0,0.00,0.00,0.00,0.02,0.5,0.5
2026-10-06T02:26:14+00:00,2026-10-05,daily,6,2026-10-10T10:00:00Z,180,Woolfenden,COV,DEF,39,-1,-1,0.1,179,575,2414,9084,i,Knee injury - Unknown return date,2026-08-27T14:56:28.718566Z,0,0,,,,0.0,0,0,0,0,0,0,0,0,0,0,0,0,0,0.00,0.00,0.00,0.00,0.0,0.0
2026-10-06T02:26:14+00:00,2026-10-05,daily,6,2026-10-10T10:00:00Z,181,Brau,COV,DEF,40,0,0,0.0,0,112,275,2182,u,Has joined Academico de Viseu on loan for the rest of the season,2026-08-29T00:35:59.980316Z,0,0,,,,0.0,0,0,0,0,0,0,0,0,0,0,0,0,0,0.00,0.00,0.00,0.00,0.0,0.0
2026-10-06T02:26:14+00:00,2026-10-05,daily,6,2026-10-10T10:00:00Z,182,Amenda,COV,DEF,40,0,0,0.6,43,7301,11488,34203,i,Calf injury - Unknown return date,2026-09-17T07:30:09.329041Z,25,0,,,,0.0,0,4,360,4,0,0,0,10,0,24,23,1,11,0.02,0.39,0.41,7.53,0.0,0.0
2026-10-06T02:26:14+00:00,2026-10-05,daily,6,2026-10-10T10:00:00Z,183,Rudoni,COV,MID,49,0,-1,0.1,1007,759,4477,8148,a,,2026-07-23T12:01:23.481435Z,100,100,,1,5,3.5,5,13,297,4,0,0,2,4,0,34,9,4,21,0.92,1.11,2.03,4.49,3.5,3.5
2026-10-06T02:26:14+00:00,2026-10-05,daily,6,2026-10-10T10:00:00Z,184,Grimes,COV,MID,49,0,-1,0.1,199,936,4096,11327,a,,,,,3,,1,2.5,3,11,443,5,0,0,1,9,0,38,13,9,16,0.12,0.13,0.25,8.42,2.5,2.5
2026-10-06T02:26:14+00:00,2026-10-05,daily,6,2026-10-10T10:00:00Z,185,Sakamoto,COV,MID,48,0,-2,0.1,133,417,1023,5789,a,,,,,,,,0.0,0,1,31,0,0,0,0,1,0,4,0,2,2,0.02,0.02,0.04,0.69,0.0,0.0
2026-10-06T02:26:14+00:00,2026-10-05,daily,6,2026-10-10T10:00:00Z,186,Mason-Clark,COV,MID,53,-1,-2,0.1,79,378,1118,5982,a,,2026-08-19T18:00:08.310507Z,100,100,,,,1.0,1,5,231,4,0,0,0,3,0,15,6,0,9,0.51,0.12,0.63,3.16,1.0,1.0
2026-10-06T02:26:14+00:00,2026-10-05,daily,6,2026-10-10T10:00:00Z,187,Eccles,COV,MID,48,-1,-2,0.0,25,98,638,1474,i,Unspecified injury - Expected back 12 Oct,2026-09-10T18:30:08.877110Z,0,0,,,,0.0,0,0,0,0,0,0,0,0,0,0,0,0,0,0.00,0.00,0.00,0.00,0.0,0.0
2026-10-06T02:26:14+00:00,2026-10-05,daily,6,2026-10-10T10:00:00Z,188,Torp,COV,MID,53,-1,-2,0.1,45,477,798,8009,a,,,,,2,2,2,0.5,0,3,53,0,0,0,0,2,0,3,1,0,2,0.00,0.12,0.12,1.22,0.5,0.5
2026-10-06T02:26:14+00:00,2026-10-05,daily,6,2026-10-10T10:00:00Z,189,Shepherd,COV,MID,44,0,-1,0.3,4393,2783,11113,15654,a,,,,,,,,0.0,0,0,0,0,0,0,0,0,0,0,0,0,0,0.00,0.00,0.00,0.00,0.0,0.0
2026-10-06T02:26:14+00:00,2026-10-05,daily,6,2026-10-10T10:00:00Z,190,Tchaouna,COV,MID,54,0,-1,0.1,27,384,3143,8261,a,,,,,,,3,0.5,1,5,211,2,0,0,0,3,0,18,6,1,11,0.23,0.18,0.41,3.23,0.5,0.5
2026-10-06T02:26:14+00:00,2026-10-05,daily,6,2026-10-10T10:00:00Z,191,Borges Rodrigues,COV,MID,45,0,0,0.1,0,739,1943,11563,u,Has joined Burton Albion on loan for the rest of the season,2026-09-02T15:44:14.868001Z,0,0,,,,0.0,0,0,0,0,0,0,0,0,0,0,0,0,0,0.00,0.00,0.00,0.00,0.0,0.0
2026-10-06T02:26:14+00:00,2026-10-05,daily,6,2026-10-10T10:00:00Z,192,Andrews,COV,MID,45,0,0,0.3,0,2139,2718,41244,u,Has joined Oxford United on loan for the rest of the season,2026-08-29T00:35:59.998520Z,0,0,,,,0.0,0,0,0,0,0,0,0,0,0,0,0,0,0,0.00,0.00,0.00,0.00,0.0,0.0
2026-10-06T02:26:14+00:00,2026-10-05,daily,6,2026-10-10T10:00:00Z,193,Wright,COV,FWD,53,-1,-2,0.1,51,606,618,12532,i,Thigh injury - Unknown return date,2026-08-14T22:00:07.214508Z,0,0,1,,,0.0,0,0,0,0,0,0,0,0,0,0,0,0,0,0.00,0.00,0.00,0.00,0.0,0.0
2026-10-06T02:26:14+00:00,2026-10-05,daily,6,2026-10-10T10:00:00Z,194,Thomas-Asante,COV,FWD,50,0,0,0.8,9128,6506,59753,57531,a,,,,,4,,,2.5,4,9,227,2,0,0,1,6,0,27,12,3,12,0.34,0.06,0.39,4.98,2.5,2.5
2026-10-06T02:26:14+00:00,2026-10-05,daily,6,2026-10-10T10:00:00Z,195,Simms,COV,FWD,49,-1,-1,0.6,2247,5669,40751,64887,a,,,,,,,,0.5,1,4,104,1,0,0,0,3,0,3,1,0,2,0.30,0.01,0.31,2.79,0.5,0.5
2026-10-06T02:26:14+00:00,2026-10-05,daily,6,2026-10-10T10:00:00Z,196,Markelo,COV,FWD,50,0,0,0.0,0,65,0,1192,u,Has joined Shabab Al-Ahli Dubai permanently,2026-08-17T13:53:55.791223Z,0,0,,,,0.0,0,0,0,0,0,0,0,0,0,0,0,0,0,0.00,0.00,0.00,0.00,0.0,0.0
2026-10-06T02:26:14+00:00,2026-10-05,daily,6,2026-10-10T10:00:00Z,197,Bassette,COV,FWD,45,0,0,0.0,0,155,0,2114,u,Has joined KVC Westerlo on loan for the rest of the season,2026-07-28T12:58:50.001768Z,0,0,,,,0.0,0,0,0,0,0,0,0,0,0,0,0,0,0,0.00,0.00,0.00,0.00,0.0,0.0
2026-10-06T02:26:14+00:00,2026-10-05,daily,6,2026-10-10T10:00:00Z,492,Awoniyi,COV,FWD,54,-1,-1,0.4,79,5400,21352,65195,s,Suspended until 19 Oct,2026-09-13T15:00:09.305127Z,0,0,5,,,-1.0,0,3,232,3,0,0,0,7,0,11,3,1,7,1.30,0.04,1.34,3.55,0.0,0.0
2026-10-06T02:26:14+00:00,2026-10-05,daily,6,2026-10-10T10:00:00Z,575,Yirenkyi,COV,MID,48,-1,-2,0.1,322,1075,2974,13742,a,,,,,,,,2.0,3,9,265,3,0,0,2,5,0,21,7,1,13,0.03,0.15,0.18,4.25,2.0,2.0
2026-10-06T02:26:14+00:00,2026-10-05,daily,6,2026-10-10T10:00:00Z,584,Hamer,COV,MID,54,0,-1,0.1,43,420,793,6427,a,,,,,,,4,0.0,0,3,32,0,0,0,0,1,0,3,0,1,2,0.00,0.02,0.02,0.82,0.0,0.0
2026-10-06T02:26:14+00:00,2026-10-05,daily,6,2026-10-10T10:00:00Z,599,Cherif,COV,FWD,50,0,0,0.1,582,801,7509,7640,a,,,,,,,,0.5,0,1,30,0,0,0,0,3,0,1,1,0,0,0.00,0.00,0.00,1.43,0.5,0.5
2026-10-06T02:26:14+00:00,2026-10-05,daily,6,2026-10-10T10:00:00Z,623,Bentley,COV,GKP,40,0,0,0.6,8874,2576,79252,19468,a,,,,,,,,0.0,0,0,0,0,0,0,0,0,0,0,0,0,0,0.00,0.00,0.00,0.00,0.0,0.0
2026-10-06T02:26:14+00:00,2026-10-05,daily,6,2026-10-10T10:00:00Z,655,Gboho,COV,MID,55,0,0,0.0,80,54,278,103,a,,,,,,,,0.0,0,0,0,0,0,0,0,0,0,0,0,0,0,0.00,0.00,0.00,0.00,0.0,0.0
2026-10-06T02:26:14+00:00,2026-10-05,daily,6,2026-10-10T10:00:00Z,656,Mfuni,COV,DEF,40,0,0,0.1,1990,923,10302,2724,a,,,,,,,,3.0,6,6,90,1,0,0,1,0,0,8,7,1,3,0.00,0.01,0.01,1.10,3.0,3.0
2026-10-06T02:26:14+00:00,2026-10-05,daily,6,2026-10-10T10:00:00Z,42,Guessand,CRY,MID,54,0,-1,0.0,121,281,2414,3652,a,,,,,,,,0.0,0,2,54,0,0,0,0,1,0,2,1,1,0,0.03,0.03,0.06,0.34,0.0,0.0
2026-10-06T02:26:14+00:00,2026-10-05,daily,6,2026-10-10T10:00:00Z,153,Disasi,CRY,DEF,45,0,0,0.1,29,835,9430,10416,s,Suspended until 25 Oct,2026-09-12T15:30:09.445078Z,0,0,,,,-1.5,0,1,139,2,0,0,0,6,0,20,15,5,11,0.00,0.04,0.04,3.72,0.0,0.0
2026-10-06T02:26:14+00:00,2026-10-05,daily,6,2026-10-10T10:00:00Z,198,Henderson,CRY,GKP,49,-1,-1,1.3,161,12159,55287,121067,i,Foot injury - Expected back 11 Oct,2026-09-12T14:00:09.378740Z,0,0,,,,0.0,0,5,270,3,0,0,0,8,12,0,6,0,31,0.00,0.00,0.00,6.47,0.0,0.0
2026-10-06T02:26:14+00:00,2026-10-05,daily,6,2026-10-10T10:00:00Z,199,Benitez,CRY,GKP,45,0,0,0.1,750,418,3842,4835,a,,,,,,,,4.0,6,8,180,2,0,0,1,3,5,0,2,0,11,0.00,0.00,0.00,2.99,4.0,4.0
2026-10-06T02:26:14+00:00,2026-10-05,daily,6,2026-10-10T10:00:00Z,202,Richards,CRY,DEF,49,-1,-1,0.6,1788,2380,22700,38111,a,,,,,,,,5.0,8,14,450,5,0,0,1,11,0,54,46,8,16,0.08,0.07,0.15,9.46,5.0,5.0
2026-10-06T02:26:14+00:00,2026-10-05,daily,6,2026-10-10T10:00:00Z,203,Canvot,CRY,DEF,48,-1,-2,0.2,473,950,5815,19600,a,,,,,,,,4.0,8,10,360,4,0,0,1,8,0,34,26,8,11,0.05,0.13,0.18,7.78,4.0,4.0
2026-10-06T02:26:14+00:00,2026-10-05,daily,6,2026-10-10T10:00:00Z,204,Mitchell,CRY,DEF,45,0,0,6.1,16888,17995,313423,266397,a,,,,,,,,4.0,7,24,419,5,2,0,1,10,0,25,14,11,23,0.77,0.26,1.03,8.34,4.0,4.0
2026-10-06T02:26:14+00:00,2026-10-05,daily,6,2026-10-10T10:00:00Z,205,Sosa,CRY,DEF,45,0,0,0.0,0,118,236,2087,u,Has joined FC Cologne on loan for the rest of the season,2026-09-02T16:03:25.710518Z,0,0,,,,0.0,0,0,0,0,0,0,0,0,0,0,0,0,0,0.00,0.00,0.00,0.00,0.0,0.0
2026-10-06T02:26:14+00:00,2026-10-05,daily,6,2026-10-10T10:00:00Z,206,Chadi Riad,CRY,DEF,43,-1,-2,0.0,27,143,651,5694,i,Knee injury - Unknown return date,2026-08-22T18:00:07.352049Z,0,0,,,,0.0,0,1,72,1,0,0,0,2,0,7,6,1,3,0.00,0.01,0.01,0.98,0.0,0.0
2026-10-06T02:26:14+00:00,2026-10-05,daily,6,2026-10-10T10:00:00Z,207,Mingueza,CRY,DEF,44,0,-1,0.1,96,303,2006,4859,a,,,,,,,,0.0,0,2,16,0,0,0,0,1,0,2,0,2,1,0.00,0.00,0.00,0.33,0.0,0.0
2026-10-06T02:26:14+00:00,2026-10-05,daily,6,2026-10-10T10:00:00Z,208,Sarr,CRY,MID,62,0,-3,0.6,2779,2407,6833,376858,a,,2026-08-22T18:00:07.363165Z,100,100,2,,,0.5,1,1,8,0,0,0,0,0,0,0,0,0,0,0.00,0.01,0.01,0.06,0.5,0.5
2026-10-06T02:26:14+00:00,2026-10-05,daily,6,2026-10-10T10:00:00Z,210,Wharton,CRY,MID,54,-1,-1,0.7,1249,4799,29656,48789,a,,2026-07-23T12:01:23.498963Z,100,100,,,2,2.0,2,12,436,5,0,0,1,10,0,41,16,10,15,0.15,0.58,0.73,8.91,2.0,2.0
2026-10-06T02:26:14+00:00,2026-10-05,daily,6,2026-10-10T10:00:00Z,211,Yeremy,CRY,MID,55,0,0,0.3,749,2884,45293,31281,a,,,,,,1,1,1.5,2,14,307,4,0,2,1,6,0,26,5,5,16,0.52,0.55,1.07,6.93,1.5,1.5
2026-10-06T02:26:14+00:00,2026-10-05,daily,6,2026-10-10T10:00:00Z,212,Hughes,CRY,MID,44,0,-1,7.3,9600,47811,122999,486426,a,,,,,,,4,0.5,0,2,29,0,0,0,0,1,0,7,3,1,3,0.00,0.04,0.04,1.12,0.5,0.5
2026-10-06T02:26:14+00:00,2026-10-05,daily,6,2026-10-10T10:00:00Z,213,Lerma,CRY,MID,48,-1,-2,0.1,99,406,1305,5587,a,,,,,,,,0.5,0,1,51,0,0,0,0,1,0,12,7,2,3,0.26,0.00,0.26,1.25,0.5,0.5
2026-10-06T02:26:14+00:00,2026-10-05,daily,6,2026-10-10T10:00:00Z,214,Kamada,CRY,MID,50,0,0,0.5,3546,3307,50293,24924,a,,,,,,,3,5.5,3,21,441,5,0,3,1,10,0,38,4,11,23,0.47,0.38,0.85,8.85,5.5,5.5
2026-10-06T02:26:14+00:00,2026-10-05,daily,6,2026-10-10T10:00:00Z,215,Devenny,CRY,MID,50,0,0,0.0,0,39,132,953,u,Has joined Stoke City permanently,2026-09-02T15:41:07.346849Z,0,0,3,2,,0.0,0,0,0,0,0,0,0,0,0,0,0,0,0,0.00,0.00,0.00,0.00,0.0,0.0
2026-10-06T02:26:14+00:00,2026-10-05,daily,6,2026-10-10T10:00:00Z,216,Esse,CRY,MID,50,0,0,0.0,0,135,399,3246,u,Has joined Millwall on loan for the rest of the season,2026-09-02T15:41:07.376544Z,0,0,,,,0.0,0,0,0,0,0,0,0,0,0,0,0,0,0,0.00,0.00,0.00,0.00,0.0,0.0
2026-10-06T02:26:14+00:00,2026-10-05,daily,6,2026-10-10T10:00:00Z,217,M.França,CRY,MID,49,0,-1,0.0,0,166,1007,3448,u,Has joined Alverca on loan for the rest of the season,2026-09-11T14:42:19.322912Z,0,0,,,,0.0,0,0,0,0,0,0,0,0,0,0,0,0,0,0.00,0.00,0.00,0.00,0.0,0.0
2026-10-06T02:26:14+00:00,2026-10-05,daily,6,2026-10-10T10:00:00Z,218,Doucouré,CRY,MID,48,-1,-2,0.0,120,309,2094,4474,a,,,,,,,,0.0,0,0,0,0,0,0,0,0,0,0,0,0,0,0.00,0.00,0.00,0.00,0.0,0.0
2026-10-06T02:26:14+00:00,2026-10-05,daily,6,2026-10-10T10:00:00Z,219,J.Rak-Sakyi,CRY,MID,49,0,-1,0.0,0,29,145,471,u,has joined  Kasimpasa on loan for the rest of the seaon.,2026-09-10T09:12:47.224598Z,0,0,,,,0.0,0,0,0,0,0,0,0,0,0,0,0,0,0,0.00,0.00,0.00,0.00,0.0,0.0
2026-10-06T02:26:14+00:00,2026-10-05,daily,6,2026-10-10T10:00:00Z,220,Cardines,CRY,DEF,45,0,0,0.0,0,3,0,128,u,Has joined Bristol City on loan for the rest of the season,2026-08-12T14:08:46.501813Z,0,0,,,,0.0,0,0,0,0,0,0,0,0,0,0,0,0,0,0.00,0.00,0.00,0.00,0.0,0.0
2026-10-06T02:26:14+00:00,2026-10-05,daily,6,2026-10-10T10:00:00Z,221,Drakes-Thomas,CRY,MID,44,-1,-1,0.1,161,456,2709,4701,a,,,,,,,,0.0,0,0,0,0,0,0,0,0,0,0,0,0,0,0.00,0.00,0.00,0.00,0.0,0.0
2026-10-06T02:26:14+00:00,2026-10-05,daily,6,2026-10-10T10:00:00Z,222,Strand Larsen,CRY,FWD,60,0,0,0.7,5696,4285,50921,41339,a,,,,,,,,5.0,2,14,298,3,1,0,1,5,0,13,6,2,5,0.43,0.20,0.63,6.15,5.0,5.0
2026-10-06T02:26:14+00:00,2026-10-05,daily,6,2026-10-10T10:00:00Z,223,Mateta,CRY,FWD,63,0,-2,1.3,237,9780,25990,455267,i,Hamstring injury - Expected back 11 Oct,2026-08-28T21:00:08.020382Z,0,0,1,,,0.0,0,2,62,1,0,0,0,2,0,5,1,2,2,0.70,0.02,0.72,0.98,0.0,0.0
2026-10-06T02:26:14+00:00,2026-10-05,daily,6,2026-10-10T10:00:00Z,224,Nketiah,CRY,FWD,55,0,0,0.5,1411,3584,47392,50231,a,,2026-09-12T14:00:09.427136Z,100,100,,,,0.5,1,8,175,3,0,1,0,7,0,12,2,4,6,1.10,0.60,1.70,4.51,0.5,0.5
2026-10-06T02:26:14+00:00,2026-10-05,daily,6,2026-10-10T10:00:00Z,225,Uche,CRY,FWD,50,0,0,0.0,0,0,0,0,u,has returned to Getafe CF,2026-07-23T12:18:56.275922Z,0,0,,,,0.0,0,0,0,0,0,0,0,0,0,0,0,0,0,0.00,0.00,0.00,0.00,0.0,0.0
2026-10-06T02:26:14+00:00,2026-10-05,daily,6,2026-10-10T10:00:00Z,241,McNeil,CRY,MID,53,-1,-2,0.1,85,527,1792,8256,a,,,,,,,,0.0,0,3,84,1,0,0,0,3,0,7,4,0,3,0.05,0.02,0.07,1.18,0.0,0.0
2026-10-06T02:26:14+00:00,2026-10-05,daily,6,2026-10-10T10:00:00Z,555,Matthews,CRY,GKP,40,0,0,1.7,1215,3220,23399,31660,a,,,,,,,,0.0,0,0,0,0,0,0,0,0,0,0,0,0,0,0.00,0.00,0.00,0.00,0.0,0.0
2026-10-06T02:26:14+00:00,2026-10-05,daily,6,2026-10-10T10:00:00Z,577,Tomiyasu,CRY,DEF,44,0,-1,0.3,149,1324,3478,13444,d,Calf injury - 75% chance of playing,2026-09-21T13:30:09.030724Z,,75,,,,0.5,1,3,189,2,0,0,0,5,0,17,15,2,7,0.00,0.03,0.03,3.98,0.5,0.4
2026-10-06T02:26:14+00:00,2026-10-05,daily,6,2026-10-10T10:00:00Z,588,Khalaili,CRY,DEF,50,0,0,0.3,2223,1422,34916,15676,d,Hamstring injury - 75% chance of playing,2026-10-04T22:00:08.963040Z,,75,,,,6.5,6,19,379,4,1,0,1,8,0,44,23,21,26,0.96,0.33,1.29,8.41,6.5,4.9
2026-10-06T02:26:14+00:00,2026-10-05,daily,6,2026-10-10T10:00:00Z,595,Gozo,CRY,MID,49,-1,-1,0.0,41,94,491,887,a,,,,,,,,0.5,0,2,28,0,0,0,0,2,0,1,0,1,0,0.00,0.00,0.00,0.68,0.5,0.5
2026-10-06T02:26:14+00:00,2026-10-05,daily,6,2026-10-10T10:00:00Z,633,Ahanor,CRY,DEF,45,0,0,0.0,147,114,1922,566,a,,,,,,,,1.5,0,3,90,1,0,0,0,3,0,11,9,2,4,0.00,0.01,0.01,1.68,1.5,1.5
2026-10-06T02:26:14+00:00,2026-10-05,daily,6,2026-10-10T10:00:00Z,643,Chilwell,CRY,DEF,45,0,0,0.4,613,3110,43167,18320,a,,,,,,,,0.5,0,8,29,0,1,0,0,1,0,1,1,0,0,0.27,0.01,0.28,1.12,0.5,0.5
2026-10-06T02:26:14+00:00,2026-10-05,daily,6,2026-10-10T10:00:00Z,644,Timber,CRY,MID,50,0,0,0.0,494,336,4317,1528,a,,,,,,,,3.5,3,9,253,3,0,0,1,5,0,27,6,11,10,0.24,0.06,0.30,5.56,3.5,3.5
2026-10-06T02:26:14+00:00,2026-10-05,daily,6,2026-10-10T10:00:00Z,647,Osorio,CRY,MID,55,0,0,0.0,29,81,948,417,a,,,,,,,,0.0,0,1,1,0,0,0,0,0,0,1,0,1,0,0.00,0.00,0.00,0.13,0.0,0.0
2026-10-06T02:26:14+00:00,2026-10-05,daily,6,2026-10-10T10:00:00Z,21,Nørgaard,EVE,MID,48,-1,-2,0.0,63,356,503,7458,i,Groin injury - Unknown return date,2026-08-15T20:00:06.779594Z,0,0,,,,0.0,0,0,0,0,0,0,0,0,0,0,0,0,0,0.00,0.00,0.00,0.00,0.0,0.0
2026-10-06T02:26:14+00:00,2026-10-05,daily,6,2026-10-10T10:00:00Z,209,Johnson,EVE,MID,59,0,-1,0.1,470,771,5365,10486,a,,,,,,,,2.3,3,9,238,3,0,0,2,1,0,26,8,7,11,1.03,0.22,1.25,3.73,2.3,2.3
2026-10-06T02:26:14+00:00,2026-10-05,daily,6,2026-10-10T10:00:00Z,226,Pickford,EVE,GKP,55,0,0,9.1,31075,17578,298592,237697,a,,,,,,,,5.0,8,25,450,5,0,0,3,3,15,0,7,0,53,0.00,0.02,0.02,6.94,5.0,5.0
2026-10-06T02:26:14+00:00,2026-10-05,daily,6,2026-10-10T10:00:00Z,227,Travers,EVE,GKP,50,0,0,0.0,270,286,1828,2148,a,,,,,,,,0.0,0,0,0,0,0,0,0,0,0,0,0,0,0,0.00,0.00,0.00,0.00,0.0,0.0
2026-10-06T02:26:14+00:00,2026-10-05,daily,6,2026-10-10T10:00:00Z,228,King,EVE,GKP,45,0,0,0.0,123,186,1190,1753,a,,,,,,,,0.0,0,0,0,0,0,0,0,0,0,0,0,0,0,0.00,0.00,0.00,0.00,0.0,0.0
2026-10-06T02:26:14+00:00,2026-10-05,daily,6,2026-10-10T10:00:00Z,229,Tarkowski,EVE,DEF,62,1,2,16.8,251021,25146,961829,288732,a,,,,,,,,8.3,14,43,450,5,1,1,3,3,0,51,40,11,18,0.18,0.04,0.22,6.94,8.3,8.3
2026-10-06T02:26:14+00:00,2026-10-05,daily,6,2026-10-10T10:00:00Z,230,Branthwaite,EVE,DEF,55,0,0,2.4,22080,8192,142252,72657,a,,,,,,,,5.7,8,27,450,5,0,0,3,3,0,54,49,5,14,0.17,0.02,0.19,6.94,5.7,5.7
2026-10-06T02:26:14+00:00,2026-10-05,daily,6,2026-10-10T10:00:00Z,231,Keane,EVE,DEF,48,0,-2,0.7,437,4093,9342,90892,a,,,,,,,,0.0,0,0,0,0,0,0,0,0,0,0,0,0,0,0.00,0.00,0.00,0.00,0.0,0.0
2026-10-06T02:26:14+00:00,2026-10-05,daily,6,2026-10-10T10:00:00Z,232,O'Brien,EVE,DEF,48,-1,-2,0.3,368,1262,4623,24733,a,,,,,,,,0.7,1,2,16,0,0,0,0,0,0,2,2,0,2,0.00,0.00,0.00,0.42,0.7,0.7
2026-10-06T02:26:14+00:00,2026-10-05,daily,6,2026-10-10T10:00:00Z,233,Mykolenko,EVE,DEF,46,1,1,4.1,41814,28938,413006,125391,d,Leg injury - 75% chance of playing,2026-10-01T19:30:09.402881Z,,75,,,,5.7,5,27,450,5,0,0,3,3,0,39,25,14,30,0.04,0.16,0.20,6.94,5.7,4.3
2026-10-06T02:26:14+00:00,2026-10-05,daily,6,2026-10-10T10:00:00Z,234,Patterson,EVE,DEF,45,0,0,0.0,0,137,371,2450,u,Has joined Torino permanently,2026-09-02T16:05:23.326971Z,0,0,,,,0.0,0,0,0,0,0,0,0,0,0,0,0,0,0,0.00,0.00,0.00,0.00,0.0,0.0
2026-10-06T02:26:14+00:00,2026-10-05,daily,6,2026-10-10T10:00:00Z,235,Aznou,EVE,DEF,40,0,0,0.1,0,607,1728,11201,u,Has joined Malaga on loan for the rest of the season,2026-09-01T13:23:16.934847Z,0,0,,,,0.0,0,0,0,0,0,0,0,0,0,0,0,0,0,0.00,0.00,0.00,0.00,0.0,0.0
2026-10-06T02:26:14+00:00,2026-10-05,daily,6,2026-10-10T10:00:00Z,236,Dewsbury-Hall,EVE,MID,66,1,1,5.9,35989,52527,586753,331891,a,,,,,,,2,2.3,3,20,450,5,1,0,3,3,0,42,5,11,26,0.99,0.83,1.82,6.74,2.3,2.3
2026-10-06T02:26:14+00:00,2026-10-05,daily,6,2026-10-10T10:00:00Z,238,Grealish,EVE,MID,65,0,0,0.5,4202,3221,41246,23505,a,,2026-07-29T10:00:10.492904Z,100,100,,,,1.7,3,6,135,1,0,0,1,1,0,13,2,3,8,0.02,0.44,0.46,1.67,1.7,1.7
2026-10-06T02:26:14+00:00,2026-10-05,daily,6,2026-10-10T10:00:00Z,239,Garner,EVE,MID,60,0,0,0.2,1992,2204,21444,14104,a,,2026-09-06T18:00:08.301702Z,100,100,2,1,1,3.0,3,11,328,4,0,0,2,2,0,45,9,11,25,0.20,0.17,0.37,3.45,3.0,3.0
2026-10-06T02:26:14+00:00,2026-10-05,daily,6,2026-10-10T10:00:00Z,242,George,EVE,MID,55,0,0,0.9,2672,11599,107337,43263,a,,,,,,,,4.7,1,19,309,4,1,0,2,3,0,18,5,1,12,0.35,0.32,0.67,3.71,4.7,4.7
2026-10-06T02:26:14+00:00,2026-10-05,daily,6,2026-10-10T10:00:00Z,243,Alcaraz,EVE,MID,49,0,-1,0.1,168,430,2869,5863,a,,,,,,,,0.0,0,1,5,0,0,0,0,0,0,3,0,1,2,0.05,0.02,0.07,0.04,0.0,0.0
2026-10-06T02:26:14+00:00,2026-10-05,daily,6,2026-10-10T10:00:00Z,244,Armstrong,EVE,MID,50,0,0,0.4,937,3510,53997,32864,a,,2026-09-17T08:30:08.942299Z,75,100,,,,2.0,2,16,446,5,0,1,3,3,0,40,13,8,19,0.21,0.49,0.70,6.94,1.5,2.0
2026-10-06T02:26:14+00:00,2026-10-05,daily,6,2026-10-10T10:00:00Z,245,Dibling,EVE,MID,54,0,-1,0.0,124,163,1179,2662,a,,,,,,,,0.3,1,1,24,0,0,0,0,0,0,0,0,0,0,0.17,0.16,0.33,0.38,0.3,0.3
2026-10-06T02:26:14+00:00,2026-10-05,daily,6,2026-10-10T10:00:00Z,246,Röhl,EVE,MID,49,0,-1,0.0,8,620,1963,4720,i,Unspecified injury - Expected back 11 Oct,2026-09-16T18:00:09.541933Z,0,0,,,,0.3,0,6,249,3,0,0,1,2,0,24,6,5,13,0.00,0.20,0.20,4.52,0.0,0.0
2026-10-06T02:26:14+00:00,2026-10-05,daily,6,2026-10-10T10:00:00Z,247,Hackney,EVE,MID,54,-1,-1,0.2,214,1164,3765,12004,a,,2026-08-26T22:00:07.797766Z,100,100,,,3,2.0,1,10,137,1,0,1,1,1,0,12,4,3,5,0.05,0.13,0.18,3.91,2.0,2.0
2026-10-06T02:26:14+00:00,2026-10-05,daily,6,2026-10-10T10:00:00Z,248,Beto,EVE,FWD,54,0,-1,0.6,0,7819,16222,220141,u,Has joined Fiorentina permanently,2026-09-02T16:05:23.357221Z,0,0,,,,0.0,0,2,31,0,0,0,0,0,0,1,1,0,0,0.09,0.00,0.09,1.92,0.0,0.0
2026-10-06T02:26:14+00:00,2026-10-05,daily,6,2026-10-10T10:00:00Z,249,Barry,EVE,FWD,57,1,2,8.3,92959,44120,975114,362296,a,,,,,1,,,3.3,6,20,417,5,2,0,3,3,0,17,5,1,11,3.50,0.15,3.65,5.02,3.3,3.3
2026-10-06T02:26:14+00:00,2026-10-05,daily,6,2026-10-10T10:00:00Z,649,Maitland-Niles,EVE,DEF,45,0,0,1.4,20910,5395,93942,15287,a,,,,,,,,7.0,8,21,177,2,1,0,2,1,0,13,8,5,7,0.06,0.25,0.31,2.00,7.0,7.0
2026-10-06T02:26:14+00:00,2026-10-05,daily,6,2026-10-10T10:00:00Z,654,Graham,EVE,MID,45,0,0,0.1,251,1049,11297,5354,a,,,,,,,,0.0,0,0,0,0,0,0,0,0,0,0,0,0,0,0.00,0.00,0.00,0.00,0.0,0.0
2026-10-06T02:26:14+00:00,2026-10-05,daily,6,2026-10-10T10:00:00Z,250,Leno,FUL,GKP,45,0,0,3.4,46052,13389,156949,104431,a,,,,,,,,6.0,3,18,450,5,0,0,1,8,16,0,6,0,41,0.00,0.00,0.00,9.11,6.0,6.0
2026-10-06T02:26:14+00:00,2026-10-05,daily,6,2026-10-10T10:00:00Z,251,Lecomte,FUL,GKP,40,0,0,1.1,2792,2801,25520,26236,a,,,,,,,,0.0,0,0,0,0,0,0,0,0,0,0,0,0,0,0.00,0.00,0.00,0.00,0.0,0.0
2026-10-06T02:26:14+00:00,2026-10-05,daily,6,2026-10-10T10:00:00Z,252,McNally,FUL,GKP,40,0,0,0.1,0,649,2589,6645,u,Has joined York City on loan for the rest of the season,2026-09-01T13:25:11.231240Z,0,0,,,,0.0,0,0,0,0,0,0,0,0,0,0,0,0,0,0.00,0.00,0.00,0.00,0.0,0.0
2026-10-06T02:26:14+00:00,2026-10-05,daily,6,2026-10-10T10:00:00Z,253,Andersen,FUL,DEF,50,0,0,0.2,2990,1208,14864,9318,a,,2026-07-23T12:01:23.516350Z,100,100,,,,0.5,1,3,190,2,0,0,0,5,0,20,18,2,9,0.00,0.10,0.10,4.35,0.5,0.5
2026-10-06T02:26:14+00:00,2026-10-05,daily,6,2026-10-10T10:00:00Z,254,Robinson,FUL,DEF,45,0,0,1.5,18723,7621,61208,71596,a,,,,,2,,,4.0,2,12,429,5,0,0,1,8,0,31,18,13,20,0.26,0.30,0.56,9.08,4.0,4.0
2026-10-06T02:26:14+00:00,2026-10-05,daily,6,2026-10-10T10:00:00Z,255,J.Cuenca,FUL,DEF,45,0,0,0.0,68,122,1548,2015,a,,,,,,,,0.0,0,3,90,1,0,0,0,3,0,10,9,1,3,0.00,0.03,0.03,2.24,0.0,0.0
2026-10-06T02:26:14+00:00,2026-10-05,daily,6,2026-10-10T10:00:00Z,256,Tete,FUL,DEF,44,0,-1,0.2,68,1082,1399,10527,a,,2026-09-18T12:30:09.546158Z,0,100,,,,0.0,0,0,27,0,0,0,0,0,0,3,3,0,0,0.00,0.00,0.00,0.65,0.0,0.0
2026-10-06T02:26:14+00:00,2026-10-05,daily,6,2026-10-10T10:00:00Z,257,Bassey,FUL,DEF,45,0,0,0.7,7073,2136,28087,30282,a,,,,,,,,6.0,6,15,450,5,0,1,1,8,0,29,23,6,22,0.13,0.08,0.21,9.11,6.0,6.0
2026-10-06T02:26:14+00:00,2026-10-05,daily,6,2026-10-10T10:00:00Z,258,Castagne,FUL,DEF,45,0,0,1.0,16736,5505,93378,44234,a,,,,,,,,3.5,1,20,408,5,0,2,2,7,0,29,23,6,18,0.67,0.39,1.06,6.81,3.5,3.5
2026-10-06T02:26:14+00:00,2026-10-05,daily,6,2026-10-10T10:00:00Z,261,Iwobi,FUL,MID,54,0,-1,0.7,4140,3583,23060,55944,a,,,,,3,1,1,4.0,5,14,408,5,0,0,2,7,0,29,5,5,19,0.39,1.22,1.61,8.16,4.0,4.0
2026-10-06T02:26:14+00:00,2026-10-05,daily,6,2026-10-10T10:00:00Z,262,Smith Rowe,FUL,MID,53,-1,-2,0.2,335,1403,4533,21062,a,,,,,,,,0.5,0,3,38,0,0,0,0,0,0,3,1,0,2,0.06,0.02,0.08,0.87,0.5,0.5
2026-10-06T02:26:14+00:00,2026-10-05,daily,6,2026-10-10T10:00:00Z,263,Kevin,FUL,MID,53,0,-2,0.0,213,306,2017,4243,a,,,,,,,4,1.0,1,4,61,0,0,0,0,1,0,8,1,3,4,0.07,0.12,0.19,1.23,1.0,1.0
2026-10-06T02:26:14+00:00,2026-10-05,daily,6,2026-10-10T10:00:00Z,264,Bobb,FUL,MID,55,0,0,0.3,2788,1964,16791,21070,a,,,,,,,2,3.0,3,13,343,5,0,0,3,6,0,28,5,8,15,0.54,1.14,1.68,6.19,3.0,3.0
2026-10-06T02:26:14+00:00,2026-10-05,daily,6,2026-10-10T10:00:00Z,265,Berge,FUL,MID,49,0,-1,0.3,703,1400,6434,18156,a,,,,,,,,3.0,3,11,349,4,0,0,2,5,0,19,7,4,8,0.08,0.36,0.44,7.36,3.0,3.0
2026-10-06T02:26:14+00:00,2026-10-05,daily,6,2026-10-10T10:00:00Z,266,Cairney,FUL,MID,49,0,-1,0.0,12,21,113,332,i,Knee injury - Expected back 10 Oct,2026-08-14T18:00:06.460944Z,0,0,,,,0.0,0,0,0,0,0,0,0,0,0,0,0,0,0,0.00,0.00,0.00,0.00,0.0,0.0
2026-10-06T02:26:14+00:00,2026-10-05,daily,6,2026-10-10T10:00:00Z,268,King,FUL,MID,55,0,0,2.8,108755,21345,352890,99913,a,,,,,,,,2.5,2,24,425,5,2,0,2,7,0,28,5,7,16,1.54,0.46,2.00,8.29,2.5,2.5
2026-10-06T02:26:14+00:00,2026-10-05,daily,6,2026-10-10T10:00:00Z,269,Sessegnon,FUL,DEF,43,-1,-2,0.3,338,1383,2781,19081,a,,2026-09-14T11:30:07.403957Z,75,100,,,3,0.0,0,3,50,0,0,0,0,1,0,3,2,1,3,0.13,0.44,0.57,1.80,0.0,0.0
2026-10-06T02:26:14+00:00,2026-10-05,daily,6,2026-10-10T10:00:00Z,270,Reed,FUL,MID,44,0,-1,1.1,2943,7337,36435,73562,a,,,,,,,,0.0,0,0,0,0,0,0,0,0,0,0,0,0,0,0.00,0.00,0.00,0.00,0.0,0.0
2026-10-06T02:26:14+00:00,2026-10-05,daily,6,2026-10-10T10:00:00Z,271,Muniz,FUL,FWD,54,0,-1,0.4,1923,2860,16252,35301,a,,,,,,,,0.5,0,3,38,0,0,0,0,1,0,3,3,0,0,0.40,0.00,0.40,0.85,0.5,0.5
2026-10-06T02:26:14+00:00,2026-10-05,daily,6,2026-10-10T10:00:00Z,272,Kusi-Asare,FUL,FWD,45,0,0,5.4,11881,35701,161352,303506,a,,,,,,,,0.0,0,0,0,0,0,0,0,0,0,0,0,0,0,0.00,0.00,0.00,0.00,0.0,0.0
2026-10-06T02:26:14+00:00,2026-10-05,daily,6,2026-10-10T10:00:00Z,569,Gonzalo,FUL,FWD,60,0,0,4.1,83384,35967,445693,315352,a,,,,,1,,,2.0,2,14,425,5,1,0,2,7,0,18,7,2,9,2.33,0.58,2.91,8.29,2.0,2.0
2026-10-06T02:26:14+00:00,2026-10-05,daily,6,2026-10-10T10:00:00Z,570,Palacios,FUL,MID,54,0,-1,0.2,752,1007,6041,10653,a,,,,,,,,0.5,1,12,226,3,1,0,0,7,0,17,4,3,10,0.98,0.03,1.01,5.46,0.5,0.5
2026-10-06T02:26:14+00:00,2026-10-05,daily,6,2026-10-10T10:00:00Z,580,Charles,FUL,MID,50,0,0,0.1,779,497,2509,4173,a,,,,,,,,4.5,4,13,303,3,0,0,1,5,0,46,23,4,19,0.09,0.16,0.25,6.65,4.5,4.5
2026-10-06T02:26:14+00:00,2026-10-05,daily,6,2026-10-10T10:00:00Z,610,De Fougerolles,FUL,DEF,40,0,0,0.1,0,526,5787,5272,u,has joined  Real Salt Lake on loan for the rest of the seaon.,2026-08-28T11:30:08.336405Z,0,0,,,,0.0,0,0,0,0,0,0,0,0,0,0,0,0,0,0.00,0.00,0.00,0.00,0.0,0.0
2026-10-06T02:26:14+00:00,2026-10-05,daily,6,2026-10-10T10:00:00Z,626,Zepa,FUL,MID,44,-1,-1,0.3,1152,2426,35319,18640,a,,,,,,,,0.0,0,0,0,0,0,0,0,0,0,0,0,0,0,0.00,0.00,0.00,0.00,0.0,0.0
2026-10-06T02:26:14+00:00,2026-10-05,daily,6,2026-10-10T10:00:00Z,635,Larsson,FUL,MID,50,0,0,0.0,101,76,846,309,a,,,,,,,,1.0,1,3,37,0,0,0,0,1,0,6,2,1,3,0.13,0.23,0.36,0.88,1.0,1.0
2026-10-06T02:26:14+00:00,2026-10-05,daily,6,2026-10-10T10:00:00Z,636,Ángel,FUL,MID,50,0,0,0.0,36,29,373,171,a,,,,,,,,0.0,0,0,0,0,0,0,0,0,0,0,0,0,0,0.00,0.00,0.00,0.00,0.0,0.0
2026-10-06T02:26:14+00:00,2026-10-05,daily,6,2026-10-10T10:00:00Z,650,Affengruber,FUL,DEF,45,0,0,0.1,8765,2056,11643,2678,a,,,,,,,,6.0,4,12,180,2,0,0,1,1,0,23,20,3,7,0.00,0.02,0.02,2.88,6.0,6.0
2026-10-06T02:26:14+00:00,2026-10-05,daily,6,2026-10-10T10:00:00Z,240,Iroegbunam,HUL,MID,50,0,0,0.0,81,146,1119,1160,a,,2026-08-15T20:00:06.878792Z,100,100,,,,0.5,1,2,70,0,0,0,0,0,0,9,1,3,5,0.12,0.01,0.13,0.60,0.5,0.5
2026-10-06T02:26:14+00:00,2026-10-05,daily,6,2026-10-10T10:00:00Z,273,Phillips,HUL,GKP,40,0,0,1.4,3290,3883,29415,38766,a,,,,,,,,0.0,0,0,0,0,0,0,0,0,0,0,0,0,0,0.00,0.00,0.00,0.00,0.0,0.0
2026-10-06T02:26:14+00:00,2026-10-05,daily,6,2026-10-10T10:00:00Z,274,Butland,HUL,GKP,44,-1,-1,0.1,72,341,641,4954,i,Arm injury - Unknown return date,2026-08-08T19:00:05.601633Z,0,0,,,,0.0,0,0,0,0,0,0,0,0,0,0,0,0,0,0.00,0.00,0.00,0.00,0.0,0.0
2026-10-06T02:26:14+00:00,2026-10-05,daily,6,2026-10-10T10:00:00Z,275,Cartwright,HUL,GKP,40,0,0,0.0,0,30,0,332,u,Has joined Grimsby Town on loan for the rest of the season,2026-07-29T13:00:27.959925Z,0,0,,,,0.0,0,0,0,0,0,0,0,0,0,0,0,0,0,0.00,0.00,0.00,0.00,0.0,0.0
2026-10-06T02:26:14+00:00,2026-10-05,daily,6,2026-10-10T10:00:00Z,276,Lo-Tutala,HUL,GKP,40,0,0,0.0,0,120,0,1114,u,Has joined Colchester United on loan for the rest of the season,2026-08-17T13:50:27.125537Z,0,0,,,,0.0,0,0,0,0,0,0,0,0,0,0,0,0,0,0.00,0.00,0.00,0.00,0.0,0.0
2026-10-06T02:26:14+00:00,2026-10-05,daily,6,2026-10-10T10:00:00Z,277,Egan,HUL,DEF,41,0,1,7.0,30274,32040,753433,218961,a,,,,,,,,1.5,1,26,437,5,0,0,3,4,0,59,50,9,12,0.05,0.00,0.05,7.27,1.5,1.5
2026-10-06T02:26:14+00:00,2026-10-05,daily,6,2026-10-10T10:00:00Z,278,Hughes,HUL,DEF,39,0,-1,0.2,1201,2075,16990,13042,i,Groin injury - Unknown return date,2026-08-02T09:00:11.030017Z,0,0,,,,0.0,0,0,0,0,0,0,0,0,0,0,0,0,0,0.00,0.00,0.00,0.00,0.0,0.0
2026-10-06T02:26:14+00:00,2026-10-05,daily,6,2026-10-10T10:00:00Z,279,Ajayi,HUL,DEF,42,0,2,13.9,47073,63408,1358458,313910,a,,2026-08-22T17:30:07.668197Z,100,100,,,,1.0,1,27,423,5,1,0,3,4,0,27,21,6,16,0.66,0.01,0.67,6.43,1.0,1.0
2026-10-06T02:26:14+00:00,2026-10-05,daily,6,2026-10-10T10:00:00Z,280,Coyle,HUL,DEF,40,0,0,0.7,2218,2238,27790,26046,a,,2026-08-29T16:30:08.151841Z,100,100,,,,1.0,1,14,348,5,0,0,2,4,0,11,8,3,11,0.13,0.07,0.20,6.22,1.0,1.0
2026-10-06T02:26:14+00:00,2026-10-05,daily,6,2026-10-10T10:00:00Z,281,Drameh,HUL,DEF,40,0,0,0.0,0,266,2118,4519,u,Has joined Genoa permanently,2026-09-02T16:09:06.479140Z,0,0,,,,0.0,0,2,65,0,0,0,0,0,0,6,5,1,4,0.05,0.00,0.05,0.87,0.0,0.0
2026-10-06T02:26:14+00:00,2026-10-05,daily,6,2026-10-10T10:00:00Z,282,Giles,HUL,DEF,40,0,0,2.9,23030,15075,279847,67366,a,,,,,,1,3,2.0,0,24,444,5,0,1,3,4,0,24,19,5,14,0.02,0.43,0.45,7.33,2.0,2.0
2026-10-06T02:26:14+00:00,2026-10-05,daily,6,2026-10-10T10:00:00Z,283,Jacob,HUL,DEF,40,0,0,0.0,0,39,114,696,u,Has joined Newport County on loan until January,2026-08-02T09:00:11.038361Z,0,0,,,,0.0,0,0,0,0,0,0,0,0,0,0,0,0,0,0.00,0.00,0.00,0.00,0.0,0.0
2026-10-06T02:26:14+00:00,2026-10-05,daily,6,2026-10-10T10:00:00Z,284,McCarthy,HUL,DEF,40,0,0,0.1,419,466,4953,4618,a,,,,,,,,0.0,0,0,0,0,0,0,0,0,0,0,0,0,0,0.00,0.00,0.00,0.00,0.0,0.0
2026-10-06T02:26:14+00:00,2026-10-05,daily,6,2026-10-10T10:00:00Z,285,McNair,HUL,DEF,40,0,0,0.1,206,440,3159,4749,a,,2026-09-09T13:30:08.327907Z,100,100,,,,0.0,0,1,26,0,0,0,0,0,0,2,2,0,1,0.00,0.00,0.00,0.96,0.0,0.0
2026-10-06T02:26:14+00:00,2026-10-05,daily,6,2026-10-10T10:00:00Z,286,Belloumi,HUL,MID,51,0,1,5.2,83424,28170,513360,88208,a,,,,,,2,2,8.5,4,31,394,5,2,2,3,3,0,44,14,16,14,0.72,0.43,1.15,6.44,8.5,8.5
2026-10-06T02:26:14+00:00,2026-10-05,daily,6,2026-10-10T10:00:00Z,287,Millar,HUL,MID,50,0,0,0.0,0,328,3178,7548,u,Has joined Birmingham on loan for the rest of the season,2026-09-02T15:36:41.038103Z,0,0,,,,0.0,0,6,50,0,1,0,0,0,0,4,2,1,1,0.58,0.00,0.58,0.87,0.0,0.0
2026-10-06T02:26:14+00:00,2026-10-05,daily,6,2026-10-10T10:00:00Z,288,Dowell,HUL,MID,44,-1,-1,0.3,645,2151,12402,21734,a,,,,,,,,0.0,0,0,0,0,0,0,0,0,0,0,0,0,0,0.00,0.00,0.00,0.00,0.0,0.0
2026-10-06T02:26:14+00:00,2026-10-05,daily,6,2026-10-10T10:00:00Z,289,Crooks,HUL,MID,44,-1,-1,0.5,5408,4552,24767,40781,a,,2026-08-29T15:00:08.569326Z,100,100,,,,0.5,0,3,203,3,0,0,1,4,0,21,9,8,4,0.00,0.12,0.12,3.57,0.5,0.5
2026-10-06T02:26:14+00:00,2026-10-05,daily,6,2026-10-10T10:00:00Z,290,Slater,HUL,MID,45,0,0,5.2,17153,40908,500086,281907,a,,,,,,,1,2.0,2,15,437,5,0,1,3,4,0,33,9,9,15,0.21,0.59,0.80,7.27,2.0,2.0
2026-10-06T02:26:14+00:00,2026-10-05,daily,6,2026-10-10T10:00:00Z,291,Matazo,HUL,MID,45,0,0,0.0,34,63,385,501,i,Knee injury - Unknown return date,2026-07-23T12:01:23.532635Z,0,0,,,,0.0,0,0,0,0,0,0,0,0,0,0,0,0,0,0.00,0.00,0.00,0.00,0.0,0.0
2026-10-06T02:26:14+00:00,2026-10-05,daily,6,2026-10-10T10:00:00Z,292,Ömür,HUL,MID,49,0,-1,0.0,90,157,1208,1638,a,,,,,,,,0.0,0,0,0,0,0,0,0,0,0,0,0,0,0,0.00,0.00,0.00,0.00,0.0,0.0
2026-10-06T02:26:14+00:00,2026-10-05,daily,6,2026-10-10T10:00:00Z,293,Kamara,HUL,MID,50,0,0,0.0,0,14,0,376,u,Has joined Portsmouth permanently,2026-08-12T14:08:23.542043Z,0,0,,,,0.0,0,0,0,0,0,0,0,0,0,0,0,0,0,0.00,0.00,0.00,0.00,0.0,0.0
2026-10-06T02:26:14+00:00,2026-10-05,daily,6,2026-10-10T10:00:00Z,294,Zambrano,HUL,MID,45,0,0,0.1,160,516,3889,6845,a,,2026-08-04T18:30:11.016909Z,100,100,,,,0.0,0,0,0,0,0,0,0,0,0,0,0,0,0,0.00,0.00,0.00,0.00,0.0,0.0
2026-10-06T02:26:14+00:00,2026-10-05,daily,6,2026-10-10T10:00:00Z,295,McBurnie,HUL,FWD,55,0,0,1.9,9005,19303,189991,154650,a,,,,,1,,,2.5,1,13,441,5,0,2,3,4,0,21,9,3,9,1.23,0.13,1.36,7.21,2.5,2.5
2026-10-06T02:26:14+00:00,2026-10-05,daily,6,2026-10-10T10:00:00Z,296,Akintola,HUL,MID,50,0,0,0.0,0,290,2704,4903,u,Has joined Omonoia FC permanently,2026-09-11T14:42:38.120231Z,0,0,,,,0.0,0,0,0,0,0,0,0,0,0,0,0,0,0,0.00,0.00,0.00,0.00,0.0,0.0
2026-10-06T02:26:14+00:00,2026-10-05,daily,6,2026-10-10T10:00:00Z,297,Gyabi,HUL,MID,44,-1,-1,0.0,70,157,459,1625,i,Thigh injury - Unknown return date,2026-08-04T18:30:11.027155Z,0,0,,,,0.0,0,0,0,0,0,0,0,0,0,0,0,0,0,0.00,0.00,0.00,0.00,0.0,0.0
2026-10-06T02:26:14+00:00,2026-10-05,daily,6,2026-10-10T10:00:00Z,298,Destan,HUL,FWD,45,0,0,0.2,0,1477,0,22430,u,Has joined Konyaspor permanently,2026-08-17T13:50:27.145733Z,0,0,,,,0.0,0,0,0,0,0,0,0,0,0,0,0,0,0,0.00,0.00,0.00,0.00,0.0,0.0
2026-10-06T02:26:14+00:00,2026-10-05,daily,6,2026-10-10T10:00:00Z,299,Burstow,HUL,FWD,45,0,0,0.0,0,232,0,3082,u,Has joined Sheffield Wednesday on loan for the rest of the season,2026-08-03T14:05:20.234842Z,0,0,,,,0.0,0,0,0,0,0,0,0,0,0,0,0,0,0,0.00,0.00,0.00,0.00,0.0,0.0
2026-10-06T02:26:14+00:00,2026-10-05,daily,6,2026-10-10T10:00:00Z,340,Gelhardt,HUL,MID,50,0,0,0.0,103,118,713,1025,a,,2026-08-17T21:30:07.799839Z,100,100,,,,0.5,1,1,7,0,0,0,0,0,0,1,0,0,1,0.10,0.02,0.12,0.13,0.5,0.5
2026-10-06T02:26:14+00:00,2026-10-05,daily,6,2026-10-10T10:00:00Z,556,Targett,HUL,DEF,40,0,0,1.6,119,10656,24843,87932,d,Ankle injury - 75% chance of playing,2026-09-17T14:00:26.419938Z,75,75,,,,0.0,0,1,5,0,0,0,0,0,0,0,0,0,1,0.00,0.00,0.00,0.07,0.0,0.0
2026-10-06T02:26:14+00:00,2026-10-05,daily,6,2026-10-10T10:00:00Z,563,Morita,HUL,MID,49,-1,-1,0.0,24,193,727,1789,i,Calf injury - Expected back 11 Oct,2026-09-09T14:00:08.474217Z,0,0,,,,0.0,0,1,45,1,0,0,0,0,0,3,2,0,1,0.00,0.00,0.00,1.09,0.0,0.0
2026-10-06T02:26:14+00:00,2026-10-05,daily,6,2026-10-10T10:00:00Z,572,Tzolakis,HUL,GKP,47,1,2,12.8,133974,25401,1005302,221051,a,,,,,,,,4.0,6,34,450,5,0,0,3,4,17,0,2,1,69,0.00,0.00,0.00,7.40,4.0,4.0
2026-10-06T02:26:14+00:00,2026-10-05,daily,6,2026-10-10T10:00:00Z,574,Hjertø-Dahl,HUL,MID,49,0,-1,0.1,81,345,1442,4465,a,,,,,,,,0.0,0,1,8,0,0,0,0,0,0,1,0,0,1,0.00,0.00,0.00,0.00,0.0,0.0
2026-10-06T02:26:14+00:00,2026-10-05,daily,6,2026-10-10T10:00:00Z,576,Stroud,HUL,MID,50,0,0,0.1,150,498,3672,4721,a,,,,,,,,0.5,0,7,249,4,0,0,2,1,0,20,3,5,12,0.06,0.05,0.11,4.32,0.5,0.5
2026-10-06T02:26:14+00:00,2026-10-05,daily,6,2026-10-10T10:00:00Z,585,Herrington,HUL,DEF,40,0,0,0.6,1102,1827,12901,18714,a,,,,,,,,1.0,1,5,197,1,0,0,0,3,0,16,14,2,6,0.02,0.04,0.06,3.36,1.0,1.0
2026-10-06T02:26:14+00:00,2026-10-05,daily,6,2026-10-10T10:00:00Z,586,Mendy,HUL,DEF,41,0,1,6.2,7905,34863,684197,359846,a,,2026-09-12T18:00:09.334142Z,0,100,,,,0.5,0,25,249,4,1,0,2,1,0,39,32,7,6,0.32,0.00,0.32,4.02,0.0,0.5
2026-10-06T02:26:14+00:00,2026-10-05,daily,6,2026-10-10T10:00:00Z,589,Gourna-Douath,HUL,MID,50,0,0,0.0,33,112,702,1347,a,,,,,,,,0.5,1,4,138,1,0,0,1,0,0,17,5,5,7,0.03,0.03,0.06,2.26,0.5,0.5
2026-10-06T02:26:14+00:00,2026-10-05,daily,6,2026-10-10T10:00:00Z,617,Cho,HUL,MID,50,0,0,0.0,376,164,1812,776,a,,,,,,,,3.5,6,9,72,0,1,0,0,1,0,2,1,0,1,0.79,0.36,1.15,0.98,3.5,3.5
2026-10-06T02:26:14+00:00,2026-10-05,daily,6,2026-10-10T10:00:00Z,632,Ansah,HUL,FWD,50,0,0,0.0,79,451,5126,3531,i,Back injury - Unknown return date,2026-09-09T10:00:08.919489Z,0,0,,,,0.0,0,0,0,0,0,0,0,0,0,0,0,0,0,0.00,0.00,0.00,0.00,0.0,0.0
2026-10-06T02:26:14+00:00,2026-10-05,daily,6,2026-10-10T10:00:00Z,637,Vaz,HUL,FWD,50,0,0,0.1,1967,1245,12472,4066,a,,,,,,,,1.0,1,2,20,0,0,0,0,0,0,2,0,0,2,0.00,0.01,0.01,0.31,1.0,1.0
2026-10-06T02:26:14+00:00,2026-10-05,daily,6,2026-10-10T10:00:00Z,638,Norton-Cuffy,HUL,DEF,40,0,0,0.2,462,2741,26078,10567,d,Hamstring injury - 75% chance of playing,2026-09-21T08:30:09.561308Z,,75,,,,0.0,0,1,34,0,0,0,0,0,0,1,1,0,4,0.05,0.00,0.05,0.30,0.0,0.0
2026-10-06T02:26:14+00:00,2026-10-05,daily,6,2026-10-10T10:00:00Z,642,Thomas,HUL,MID,55,0,0,0.0,527,370,3131,1219,a,,,,,,,,1.5,2,4,119,1,0,0,0,3,0,8,0,1,7,0.21,0.11,0.32,2.04,1.5,1.5
2026-10-06T02:26:14+00:00,2026-10-05,daily,6,2026-10-10T10:00:00Z,645,Mouzakitis,HUL,MID,50,0,0,0.0,98,94,790,320,a,,,,,,,,0.0,0,0,0,0,0,0,0,0,0,0,0,0,0,0.00,0.00,0.00,0.00,0.0,0.0
2026-10-06T02:26:14+00:00,2026-10-05,daily,6,2026-10-10T10:00:00Z,259,Diop,IPS,DEF,40,0,0,12.6,7821,60232,136858,512854,a,,,,,,,,2.5,4,12,450,5,0,0,0,11,0,45,41,4,21,0.06,0.16,0.22,8.98,2.5,2.5
2026-10-06T02:26:14+00:00,2026-10-05,daily,6,2026-10-10T10:00:00Z,267,Lukić,IPS,MID,49,-1,-1,0.1,226,571,3454,6524,a,,,,,,,1,1.5,2,11,400,5,0,1,0,10,0,37,17,7,13,0.02,0.41,0.43,7.37,1.5,1.5
2026-10-06T02:26:14+00:00,2026-10-05,daily,6,2026-10-10T10:00:00Z,300,Walton,IPS,GKP,44,0,-1,0.4,1951,1175,3636,15088,a,,,,,,,,1.0,2,2,90,1,0,0,0,1,1,0,2,0,17,0.00,0.01,0.01,2.24,1.0,1.0
2026-10-06T02:26:14+00:00,2026-10-05,daily,6,2026-10-10T10:00:00Z,301,Palmer,IPS,GKP,40,0,0,3.9,4408,12976,75004,114215,a,,,,,,,,0.0,0,0,0,0,0,0,0,0,0,0,0,0,0,0.00,0.00,0.00,0.00,0.0,0.0
2026-10-06T02:26:14+00:00,2026-10-05,daily,6,2026-10-10T10:00:00Z,302,Button,IPS,GKP,40,0,0,0.6,1650,1454,31660,15306,a,,,,,,,,0.0,0,0,0,0,0,0,0,0,0,0,0,0,0,0.00,0.00,0.00,0.00,0.0,0.0
2026-10-06T02:26:14+00:00,2026-10-05,daily,6,2026-10-10T10:00:00Z,303,Kipré,IPS,DEF,39,0,-1,0.9,4867,4728,49488,29475,a,,,,,,,,0.0,0,0,0,0,0,0,0,0,0,0,0,0,0,0.00,0.00,0.00,0.00,0.0,0.0
2026-10-06T02:26:14+00:00,2026-10-05,daily,6,2026-10-10T10:00:00Z,304,O'Shea,IPS,DEF,40,0,0,2.7,2268,15836,65687,129179,a,,,,,,,,1.5,2,10,450,5,0,0,0,11,0,48,41,7,18,0.07,0.26,0.33,8.98,1.5,1.5
2026-10-06T02:26:14+00:00,2026-10-05,daily,6,2026-10-10T10:00:00Z,305,Davis,IPS,DEF,40,0,0,7.0,57791,30862,377994,188478,a,,,,,,2,,8.0,2,25,450,5,2,2,0,11,0,24,22,2,10,1.59,0.46,2.05,8.98,8.0,8.0
2026-10-06T02:26:14+00:00,2026-10-05,daily,6,2026-10-10T10:00:00Z,306,Greaves,IPS,DEF,40,0,0,1.1,524,3821,8260,38562,a,,,,,,,,0.5,0,3,357,4,0,0,0,10,0,30,25,5,12,0.00,0.06,0.06,6.74,0.5,0.5
2026-10-06T02:26:14+00:00,2026-10-05,daily,6,2026-10-10T10:00:00Z,307,Johnson,IPS,DEF,40,0,0,0.1,0,393,1137,6340,u,Has joined Stoke City on loan for the rest of the season,2026-09-04T12:36:56.236331Z,0,0,,,,0.0,0,0,0,0,0,0,0,0,0,0,0,0,0,0.00,0.00,0.00,0.00,0.0,0.0
2026-10-06T02:26:14+00:00,2026-10-05,daily,6,2026-10-10T10:00:00Z,308,Furlong,IPS,DEF,39,0,-1,0.6,6838,3224,19475,20001,a,,,,,,,,0.0,0,1,17,0,0,0,0,1,0,3,2,1,0,0.00,0.00,0.00,0.86,0.0,0.0
2026-10-06T02:26:14+00:00,2026-10-05,daily,6,2026-10-10T10:00:00Z,309,Núñez,IPS,MID,49,0,-1,0.1,104,718,3121,7725,a,,,,,,1,3,0.0,0,6,140,2,0,0,0,4,0,21,8,3,10,0.03,0.05,0.08,3.48,0.0,0.0
2026-10-06T02:26:14+00:00,2026-10-05,daily,6,2026-10-10T10:00:00Z,310,Matusiwa,IPS,MID,49,0,-1,0.0,17,19,128,280,a,,2026-07-29T18:00:10.305484Z,100,100,,,,0.0,0,0,0,0,0,0,0,0,0,0,0,0,0,0.00,0.00,0.00,0.00,0.0,0.0
2026-10-06T02:26:14+00:00,2026-10-05,daily,6,2026-10-10T10:00:00Z,311,Burns,IPS,MID,50,0,0,0.0,0,9,0,348,u,Has joined Leicester City permanently,2026-08-10T14:02:47.597478Z,0,0,,,,0.0,0,0,0,0,0,0,0,0,0,0,0,0,0,0.00,0.00,0.00,0.00,0.0,0.0
2026-10-06T02:26:14+00:00,2026-10-05,daily,6,2026-10-10T10:00:00Z,312,Taylor,IPS,MID,44,-1,-1,0.0,397,303,973,2684,i,Knee injury - Unknown return date,2026-07-29T18:00:10.319370Z,0,0,,,,0.0,0,0,0,0,0,0,0,0,0,0,0,0,0,0.00,0.00,0.00,0.00,0.0,0.0
2026-10-06T02:26:14+00:00,2026-10-05,daily,6,2026-10-10T10:00:00Z,313,Clarke,IPS,MID,54,0,-1,0.2,180,1009,5531,15803,a,,,,,1,3,4,1.5,2,11,170,2,1,0,0,2,0,10,3,2,5,0.30,0.37,0.67,1.97,1.5,1.5
2026-10-06T02:26:14+00:00,2026-10-05,daily,6,2026-10-10T10:00:00Z,314,Ogbene,IPS,MID,49,0,-1,0.0,0,68,104,1210,u,Has joined Lincoln City on loan until January,2026-09-02T16:04:17.497385Z,0,0,,,,0.0,0,0,0,0,0,0,0,0,0,0,0,0,0,0.00,0.00,0.00,0.00,0.0,0.0
2026-10-06T02:26:14+00:00,2026-10-05,daily,6,2026-10-10T10:00:00Z,315,Fatawu,IPS,MID,54,0,-1,0.2,65,2721,5367,13565,s,Suspended until 17 Oct,2026-09-19T15:30:10.126897Z,,0,,,2,0.0,-1,8,352,5,0,1,0,10,0,28,8,9,11,0.17,1.11,1.28,7.79,0.0,0.0
2026-10-06T02:26:14+00:00,2026-10-05,daily,6,2026-10-10T10:00:00Z,316,Emersonn,IPS,FWD,55,0,0,3.6,39846,24846,323544,144120,a,,2026-08-31T09:30:08.306145Z,100,100,2,,,7.0,2,26,317,5,2,1,0,6,0,10,3,3,4,1.61,0.12,1.73,4.29,7.0,7.0
2026-10-06T02:26:14+00:00,2026-10-05,daily,6,2026-10-10T10:00:00Z,317,Hirst,IPS,FWD,50,0,0,0.1,0,519,0,17149,u,Has joined Stoke City permanently,2026-08-21T13:06:08.606019Z,0,0,,,,0.0,0,0,0,0,0,0,0,0,0,0,0,0,0,0.00,0.00,0.00,0.00,0.0,0.0
2026-10-06T02:26:14+00:00,2026-10-05,daily,6,2026-10-10T10:00:00Z,318,Philogene,IPS,MID,54,0,-1,0.1,37,174,305,9298,a,,2026-08-25T11:30:07.532993Z,100,100,3,,5,1.0,1,2,52,0,0,0,0,1,0,4,0,0,4,0.08,0.01,0.08,0.97,1.0,1.0
2026-10-06T02:26:14+00:00,2026-10-05,daily,6,2026-10-10T10:00:00Z,319,Szmodics,IPS,MID,50,0,0,0.0,0,14,0,761,u,Has joined Derby County on loan for the rest of the season,2026-08-17T13:51:41.713979Z,0,0,,,,0.0,0,0,0,0,0,0,0,0,0,0,0,0,0,0.00,0.00,0.00,0.00,0.0,0.0
2026-10-06T02:26:14+00:00,2026-10-05,daily,6,2026-10-10T10:00:00Z,320,Akpom,IPS,FWD,50,0,0,1.2,5292,10194,131248,74627,a,,,,,,,,0.5,1,7,78,0,1,0,0,4,0,3,0,1,2,1.14,0.00,1.14,4.20,0.5,0.5
2026-10-06T02:26:14+00:00,2026-10-05,daily,6,2026-10-10T10:00:00Z,321,Walle Egeli,IPS,FWD,45,0,0,3.5,20091,28855,332712,213342,a,,,,,,,,0.0,0,1,10,0,0,0,0,0,0,0,0,0,0,0.00,0.00,0.00,0.03,0.0,0.0
2026-10-06T02:26:14+00:00,2026-10-05,daily,6,2026-10-10T10:00:00Z,322,Al-Hamadi,IPS,FWD,50,0,0,0.0,0,405,755,9950,u,Has joined Sheffield Wednesday on loan for the rest of the season,2026-08-27T14:54:10.215357Z,0,0,,,,0.0,0,0,0,0,0,0,0,0,0,0,0,0,0,0.00,0.00,0.00,0.00,0.0,0.0
2026-10-06T02:26:14+00:00,2026-10-05,daily,6,2026-10-10T10:00:00Z,323,McAteer,IPS,MID,44,-1,-1,1.0,1728,6932,28472,62779,a,,,,,,,,0.0,0,3,42,0,0,0,0,0,0,5,0,1,4,0.05,0.00,0.05,0.21,0.0,0.0
2026-10-06T02:26:14+00:00,2026-10-05,daily,6,2026-10-10T10:00:00Z,324,Mehmeti,IPS,MID,48,-1,-2,0.0,80,160,406,2491,a,,,,,,,,0.0,0,0,0,0,0,0,0,0,0,0,0,0,0,0.00,0.00,0.00,0.00,0.0,0.0
2026-10-06T02:26:14+00:00,2026-10-05,daily,6,2026-10-10T10:00:00Z,554,Van Oevelen,IPS,GKP,45,0,0,0.0,0,91,54,1965,u,Has joined Valencia on loan for the rest of the season,2026-08-25T14:04:09.529320Z,0,0,,,,0.0,0,0,0,0,0,0,0,0,0,0,0,0,0,0.00,0.00,0.00,0.00,0.0,0.0
2026-10-06T02:26:14+00:00,2026-10-05,daily,6,2026-10-10T10:00:00Z,562,Maeda,IPS,MID,53,-1,-2,0.2,148,1566,2876,20336,a,,,,,,,,1.0,1,8,259,3,0,0,0,8,0,20,8,8,4,0.71,0.02,0.73,6.05,1.0,1.0
2026-10-06T02:26:14+00:00,2026-10-05,daily,6,2026-10-10T10:00:00Z,564,Scherpen,IPS,GKP,45,0,0,0.6,747,2994,15314,23571,a,,,,,,,,0.5,0,7,360,4,0,0,0,10,15,0,8,0,39,0.00,0.01,0.01,6.74,0.5,0.5
2026-10-06T02:26:14+00:00,2026-10-05,daily,6,2026-10-10T10:00:00Z,571,Florentino,IPS,MID,48,-1,-2,0.1,120,363,1065,7094,a,,2026-08-25T11:30:07.678802Z,100,100,,,,1.0,1,2,30,0,0,0,0,0,0,2,1,1,0,0.00,0.01,0.01,0.75,1.0,1.0
2026-10-06T02:26:14+00:00,2026-10-05,daily,6,2026-10-10T10:00:00Z,591,Enciso,IPS,MID,55,0,0,0.8,2687,6562,94250,52851,a,,2026-08-22T18:00:07.551930Z,100,100,,,,2.0,2,15,413,5,0,2,0,11,0,31,5,2,24,1.26,0.89,2.15,8.47,2.0,2.0
2026-10-06T02:26:14+00:00,2026-10-05,daily,6,2026-10-10T10:00:00Z,592,Ouattara,IPS,DEF,40,0,0,0.9,775,2218,13560,26354,a,,,,,,,,1.5,2,6,131,1,0,0,0,2,0,11,7,4,14,0.02,0.03,0.05,3.13,1.5,1.5
2026-10-06T02:26:14+00:00,2026-10-05,daily,6,2026-10-10T10:00:00Z,602,Humphreys,IPS,MID,45,0,0,0.0,0,255,2861,3249,u,Has joined Huddersfield Town on loan for the rest of the season,2026-09-02T16:04:17.524642Z,0,0,,,,0.0,0,0,0,0,0,0,0,0,0,0,0,0,0,0.00,0.00,0.00,0.00,0.0,0.0
2026-10-06T02:26:14+00:00,2026-10-05,daily,6,2026-10-10T10:00:00Z,619,Palacios,IPS,MID,50,0,0,0.1,568,899,9056,3509,a,,,,,,,,3.0,2,11,275,3,0,0,0,7,0,44,12,9,23,0.00,0.09,0.09,5.30,3.0,3.0
2026-10-06T02:26:14+00:00,2026-10-05,daily,6,2026-10-10T10:00:00Z,640,Flemming,IPS,FWD,55,0,0,0.1,1051,1073,9413,3295,a,,,,,,,,2.5,0,6,60,0,1,0,0,1,0,5,1,1,3,0.64,0.01,0.65,0.63,2.5,2.5
2026-10-06T02:26:14+00:00,2026-10-05,daily,6,2026-10-10T10:00:00Z,260,Wilson,LEE,MID,62,0,-3,1.6,77,43308,29048,460010,i,Thigh injury - Unknown return date,2026-09-18T13:30:09.626858Z,0,0,,2,2,0.5,0,5,145,1,0,0,1,1,0,11,3,4,4,0.01,0.09,0.10,3.28,0.0,0.0
2026-10-06T02:26:14+00:00,2026-10-05,daily,6,2026-10-10T10:00:00Z,326,Perri,LEE,GKP,45,0,0,0.3,0,1401,532,26601,u,Has joined Torino on loan for the rest of the season,2026-09-01T13:12:39.210133Z,0,0,,,,0.0,0,0,0,0,0,0,0,0,0,0,0,0,0,0.00,0.00,0.00,0.00,0.0,0.0
2026-10-06T02:26:14+00:00,2026-10-05,daily,6,2026-10-10T10:00:00Z,327,Bijol,LEE,DEF,50,0,0,0.7,858,5865,69160,59480,a,,,,,,,,0.0,0,12,164,2,0,0,1,2,0,21,18,3,7,0.11,0.00,0.11,3.16,0.0,0.0
2026-10-06T02:26:14+00:00,2026-10-05,daily,6,2026-10-10T10:00:00Z,329,Rodon,LEE,DEF,43,-1,-2,0.8,51,9455,26945,297460,i,Hamstring injury - Expected back 21 Nov,2026-08-30T16:00:08.564382Z,0,0,,,,0.0,0,7,123,2,0,0,1,0,0,11,10,1,2,0.03,0.06,0.09,1.01,0.0,0.0
2026-10-06T02:26:14+00:00,2026-10-05,daily,6,2026-10-10T10:00:00Z,330,Bogle,LEE,DEF,46,0,1,7.4,137872,29257,664445,88465,a,,,,,,,,10.0,5,42,365,5,2,0,4,1,0,16,11,5,11,1.38,0.08,1.46,2.89,10.0,10.0
2026-10-06T02:26:14+00:00,2026-10-05,daily,6,2026-10-10T10:00:00Z,331,Gudmundsson,LEE,DEF,45,0,0,0.1,651,379,4249,2809,a,,2026-08-08T20:00:07.546568Z,100,100,,,,6.0,6,14,252,3,0,0,2,1,0,14,5,9,12,0.00,0.21,0.21,3.83,6.0,6.0
2026-10-06T02:26:14+00:00,2026-10-05,daily,6,2026-10-10T10:00:00Z,332,Justin,LEE,DEF,45,0,0,1.4,4987,6522,122259,71435,a,,,,,,,,5.0,8,26,450,5,0,0,2,3,0,44,28,16,14,0.22,0.42,0.64,6.46,5.0,5.0
2026-10-06T02:26:14+00:00,2026-10-05,daily,6,2026-10-10T10:00:00Z,333,Bornauw,LEE,DEF,45,0,0,0.0,0,6,0,300,u,Has joined Hamburg SV on loan for the rest of the season,2026-08-19T13:56:14.645970Z,0,0,,,,0.0,0,0,0,0,0,0,0,0,0,0,0,0,0,0.00,0.00,0.00,0.00,0.0,0.0
2026-10-06T02:26:14+00:00,2026-10-05,daily,6,2026-10-10T10:00:00Z,334,Muharemović,LEE,DEF,50,0,0,4.3,32748,27112,304033,175996,a,,,,,,,,6.5,6,27,450,5,0,1,2,3,0,58,53,5,16,0.49,0.05,0.54,6.46,6.5,6.5
2026-10-06T02:26:14+00:00,2026-10-05,daily,6,2026-10-10T10:00:00Z,335,Stach,LEE,MID,60,0,0,2.5,5338,20949,202681,165682,a,,,,,,1,1,4.0,5,27,447,5,1,0,3,2,0,61,27,13,21,0.97,0.31,1.28,6.17,4.0,4.0
2026-10-06T02:26:14+00:00,2026-10-05,daily,6,2026-10-10T10:00:00Z,336,Okafor,LEE,MID,58,0,-2,0.4,2014,3708,27121,35494,a,,,,,,,,6.0,3,18,299,4,1,0,3,1,0,18,3,7,8,0.17,0.27,0.44,2.37,6.0,6.0
2026-10-06T02:26:14+00:00,2026-10-05,daily,6,2026-10-10T10:00:00Z,337,Aaronson,LEE,MID,53,-1,-2,0.5,226,3617,6789,48346,a,,,,,,4,,1.0,1,7,194,2,0,0,1,3,0,15,1,3,11,0.01,0.02,0.03,3.78,1.0,1.0
2026-10-06T02:26:14+00:00,2026-10-05,daily,6,2026-10-10T10:00:00Z,338,Ampadu,LEE,MID,54,0,-1,0.9,1849,5414,18282,61093,a,,,,,,,,6.0,5,21,450,5,0,1,2,3,0,60,24,12,24,0.08,0.26,0.34,6.46,6.0,6.0
2026-10-06T02:26:14+00:00,2026-10-05,daily,6,2026-10-10T10:00:00Z,339,Longstaff,LEE,MID,48,-1,-2,0.1,155,674,2528,8158,a,,,,,,3,3,0.5,0,2,10,0,0,0,0,1,0,0,0,0,0,0.00,0.00,0.00,0.35,0.5,0.5
2026-10-06T02:26:14+00:00,2026-10-05,daily,6,2026-10-10T10:00:00Z,341,Gnonto,LEE,MID,50,0,0,0.0,0,57,244,1815,u,Has joined ACF Fiorentina on loan for the rest of the season,2026-09-02T16:04:47.189648Z,0,0,,,,0.0,0,0,0,0,0,0,0,0,0,0,0,0,0,0.00,0.00,0.00,0.00,0.0,0.0
2026-10-06T02:26:14+00:00,2026-10-05,daily,6,2026-10-10T10:00:00Z,342,Harrison,LEE,MID,50,0,0,0.0,0,5,0,79,u,Has joined New England Revolution permanently,2026-07-28T12:59:09.492431Z,0,0,,,,0.0,0,0,0,0,0,0,0,0,0,0,0,0,0,0.00,0.00,0.00,0.00,0.0,0.0
2026-10-06T02:26:14+00:00,2026-10-05,daily,6,2026-10-10T10:00:00Z,343,James,LEE,MID,49,0,-1,0.1,212,603,4181,8053,a,,,,,,,,1.0,1,3,52,0,0,0,0,1,0,5,1,0,4,0.35,0.01,0.36,1.61,1.0,1.0
2026-10-06T02:26:14+00:00,2026-10-05,daily,6,2026-10-10T10:00:00Z,344,Gruev,LEE,MID,50,0,0,0.0,51,23,130,318,a,,2026-08-14T23:00:06.272027Z,100,100,,,,0.0,0,0,0,0,0,0,0,0,0,0,0,0,0,0.00,0.00,0.00,0.00,0.0,0.0
2026-10-06T02:26:14+00:00,2026-10-05,daily,6,2026-10-10T10:00:00Z,345,Tanaka,LEE,MID,49,0,-1,0.3,2434,2468,22952,17703,a,,,,,,,4,4.0,2,14,255,3,0,2,2,1,0,29,11,8,10,0.73,0.05,0.78,3.24,4.0,4.0
2026-10-06T02:26:14+00:00,2026-10-05,daily,6,2026-10-10T10:00:00Z,346,Calvert-Lewin,LEE,FWD,60,0,0,24.8,103020,182790,1019649,1335732,a,,,,,1,,,6.0,2,22,419,5,2,1,3,2,0,22,9,0,13,3.00,0.08,3.08,4.85,6.0,6.0
2026-10-06T02:26:14+00:00,2026-10-05,daily,6,2026-10-10T10:00:00Z,347,Nmecha,LEE,FWD,54,0,-1,0.5,2182,3958,22376,37379,a,,,,,2,,,1.0,1,7,64,0,0,1,0,1,0,4,0,1,3,0.27,0.15,0.42,2.90,1.0,1.0
2026-10-06T02:26:14+00:00,2026-10-05,daily,6,2026-10-10T10:00:00Z,348,Piroe,LEE,FWD,50,0,0,0.1,0,457,0,11252,u,Has joined West Ham United on loan for the rest of the season,2026-08-19T13:56:14.666726Z,0,0,3,,,0.0,0,0,0,0,0,0,0,0,0,0,0,0,0,0.00,0.00,0.00,0.00,0.0,0.0
2026-10-06T02:26:14+00:00,2026-10-05,daily,6,2026-10-10T10:00:00Z,349,Mateo Joseph,LEE,FWD,45,0,0,0.1,352,522,3138,4496,i,Knee injury - Unknown return date,2026-07-29T18:00:10.338170Z,0,0,,,,0.0,0,0,0,0,0,0,0,0,0,0,0,0,0,0.00,0.00,0.00,0.00,0.0,0.0
2026-10-06T02:26:14+00:00,2026-10-05,daily,6,2026-10-10T10:00:00Z,385,Trafford,LEE,GKP,50,0,0,5.5,25428,16700,267399,161045,a,,,,,,,,6.5,10,28,450,5,0,0,2,3,20,0,6,0,55,0.00,0.00,0.00,6.46,6.5,6.5
2026-10-06T02:26:14+00:00,2026-10-05,daily,6,2026-10-10T10:00:00Z,598,Elvedi,LEE,DEF,45,0,0,0.1,273,267,5388,2826,a,,,,,,,,4.0,6,13,326,3,0,0,1,3,0,29,27,2,8,0.12,0.58,0.70,5.45,4.0,4.0
2026-10-06T02:26:14+00:00,2026-10-05,daily,6,2026-10-10T10:00:00Z,603,Lienou,LEE,DEF,40,0,0,0.1,254,541,6927,4008,a,,,,,,,,0.0,0,0,0,0,0,0,0,0,0,0,0,0,0,0.00,0.00,0.00,0.00,0.0,0.0
2026-10-06T02:26:14+00:00,2026-10-05,daily,6,2026-10-10T10:00:00Z,604,Cresswell,LEE,MID,45,0,0,0.1,325,938,14081,7966,a,,,,,,,,0.0,0,0,0,0,0,0,0,0,0,0,0,0,0,0.00,0.00,0.00,0.00,0.0,0.0
2026-10-06T02:26:14+00:00,2026-10-05,daily,6,2026-10-10T10:00:00Z,625,Cairns,LEE,GKP,40,0,0,0.2,904,829,19863,5987,a,,,,,,,,0.0,0,0,0,0,0,0,0,0,0,0,0,0,0,0.00,0.00,0.00,0.00,0.0,0.0
2026-10-06T02:26:14+00:00,2026-10-05,daily,6,2026-10-10T10:00:00Z,629,Zetterer,LEE,GKP,40,0,0,0.7,3288,2928,58728,14303,a,,,,,,,,0.0,0,0,0,0,0,0,0,0,0,0,0,0,0,0.00,0.00,0.00,0.00,0.0,0.0
2026-10-06T02:26:14+00:00,2026-10-05,daily,6,2026-10-10T10:00:00Z,641,Bard,LEE,DEF,45,0,0,0.0,105,84,967,360,a,,,,,,,,0.5,0,1,18,0,0,0,0,1,0,2,1,1,2,0.00,0.00,0.00,0.30,0.5,0.5
2026-10-06T02:26:14+00:00,2026-10-05,daily,6,2026-10-10T10:00:00Z,648,Bahoya,LEE,MID,50,0,0,0.0,117,184,2249,1152,a,,,,,,,,0.5,1,1,1,0,0,0,0,0,0,0,0,0,0,0.00,0.00,0.00,0.00,0.5,0.5
2026-10-06T02:26:14+00:00,2026-10-05,daily,6,2026-10-10T10:00:00Z,350,A.Becker,LIV,GKP,55,0,0,4.2,15258,12941,148576,146465,a,,,,,,,,8.5,8,27,450,5,0,0,3,4,14,0,10,0,47,0.00,0.00,0.00,6.12,8.5,8.5
2026-10-06T02:26:14+00:00,2026-10-05,daily,6,2026-10-10T10:00:00Z,351,Mamardashvili,LIV,GKP,48,-1,-2,0.1,275,664,2887,8682,a,,,,,,,,0.0,0,0,0,0,0,0,0,0,0,0,0,0,0,0.00,0.00,0.00,0.00,0.0,0.0
2026-10-06T02:26:14+00:00,2026-10-05,daily,6,2026-10-10T10:00:00Z,352,Woodman,LIV,GKP,40,0,0,1.0,844,2526,18338,27384,a,,,,,,,,0.0,0,0,0,0,0,0,0,0,0,0,0,0,0,0.00,0.00,0.00,0.00,0.0,0.0
2026-10-06T02:26:14+00:00,2026-10-05,daily,6,2026-10-10T10:00:00Z,353,Pecsi,LIV,GKP,40,0,0,0.0,0,69,0,1096,u,Has joined TSV Hartberg on loan for the rest of the season,2026-08-18T14:11:18.638344Z,0,0,,,,0.0,0,0,0,0,0,0,0,0,0,0,0,0,0,0.00,0.00,0.00,0.00,0.0,0.0
2026-10-06T02:26:14+00:00,2026-10-05,daily,6,2026-10-10T10:00:00Z,354,Jaros,LIV,GKP,40,0,0,0.0,220,171,1767,1257,i,Knee injury - Unknown return date,2026-07-29T18:00:10.351066Z,0,0,,,,0.0,0,0,0,0,0,0,0,0,0,0,0,0,0,0.00,0.00,0.00,0.00,0.0,0.0
2026-10-06T02:26:14+00:00,2026-10-05,daily,6,2026-10-10T10:00:00Z,355,Davies,LIV,GKP,40,0,0,0.2,310,494,4762,4274,a,,,,,,,,0.0,0,0,0,0,0,0,0,0,0,0,0,0,0,0.00,0.00,0.00,0.00,0.0,0.0
2026-10-06T02:26:14+00:00,2026-10-05,daily,6,2026-10-10T10:00:00Z,356,Virgil,LIV,DEF,65,0,0,16.2,24731,47432,281747,620065,a,,,,,,,,8.0,8,25,450,5,0,0,3,4,0,48,43,5,18,0.25,0.08,0.33,6.12,8.0,8.0
2026-10-06T02:26:14+00:00,2026-10-05,daily,6,2026-10-10T10:00:00Z,357,Frimpong,LIV,DEF,53,0,-2,1.8,1749,13492,59092,246877,a,,,,,,,,0.5,0,2,178,2,0,0,0,4,0,12,8,4,7,0.01,0.23,0.24,3.91,0.5,0.5
2026-10-06T02:26:14+00:00,2026-10-05,daily,6,2026-10-10T10:00:00Z,358,Kerkez,LIV,DEF,53,-1,-2,2.2,2812,11373,47829,188745,a,,,,,,,,3.5,6,13,385,4,0,0,2,4,0,30,22,8,10,0.07,0.08,0.15,5.65,3.5,3.5
2026-10-06T02:26:14+00:00,2026-10-05,daily,6,2026-10-10T10:00:00Z,359,Gomez,LIV,DEF,49,0,-1,0.0,353,123,773,1187,a,,2026-07-26T08:30:10.078473Z,100,100,,,,0.0,0,0,0,0,0,0,0,0,0,0,0,0,0,0.00,0.00,0.00,0.00,0.0,0.0
2026-10-06T02:26:14+00:00,2026-10-05,daily,6,2026-10-10T10:00:00Z,360,Bradley,LIV,DEF,50,0,0,0.0,66,91,383,803,i,Knee injury - Unknown return date,2026-07-23T12:01:23.565711Z,0,0,,,,0.0,0,0,0,0,0,0,0,0,0,0,0,0,0,0.00,0.00,0.00,0.00,0.0,0.0
2026-10-06T02:26:14+00:00,2026-10-05,daily,6,2026-10-10T10:00:00Z,361,Lucky,LIV,DEF,40,0,0,0.1,311,618,3888,5843,a,,,,,,,,0.0,0,0,0,0,0,0,0,0,0,0,0,0,0,0.00,0.00,0.00,0.00,0.0,0.0
2026-10-06T02:26:14+00:00,2026-10-05,daily,6,2026-10-10T10:00:00Z,362,Jacquet,LIV,DEF,50,0,0,3.5,38238,14967,236120,125000,d,Hamstring injury - 75% chance of playing,2026-10-06T00:30:10.323830Z,100,75,,,,7.5,6,24,415,5,0,0,3,4,0,36,25,11,21,0.00,0.14,0.14,5.51,7.5,5.6
2026-10-06T02:26:14+00:00,2026-10-05,daily,6,2026-10-10T10:00:00Z,363,Leoni,LIV,DEF,40,0,0,0.0,73,194,874,2125,i,Knee injury - Unknown return date,2026-07-23T12:01:23.596909Z,0,0,,,,0.0,0,0,0,0,0,0,0,0,0,0,0,0,0,0.00,0.00,0.00,0.00,0.0,0.0
2026-10-06T02:26:14+00:00,2026-10-05,daily,6,2026-10-10T10:00:00Z,364,Tsimikas,LIV,DEF,49,0,-1,0.1,105,415,1592,4441,a,,,,,,,4,0.5,0,2,64,1,0,0,0,0,0,3,2,1,3,0.04,0.02,0.06,0.47,0.5,0.5
2026-10-06T02:26:14+00:00,2026-10-05,daily,6,2026-10-10T10:00:00Z,365,Ramsay,LIV,DEF,40,0,0,0.1,0,516,638,12745,u,Has joined St Mirren on loan for the rest of the season,2026-08-26T14:05:26.748768Z,0,0,,,,0.0,0,0,0,0,0,0,0,0,0,0,0,0,0,0.00,0.00,0.00,0.00,0.0,0.0
2026-10-06T02:26:14+00:00,2026-10-05,daily,6,2026-10-10T10:00:00Z,366,Wirtz,LIV,MID,73,0,-2,5.7,4908,45018,135176,768415,a,,,,,4,2,2,4.5,6,18,402,5,0,2,3,4,0,36,3,8,25,1.00,0.40,1.40,4.82,4.5,4.5
2026-10-06T02:26:14+00:00,2026-10-05,daily,6,2026-10-10T10:00:00Z,367,Gakpo,LIV,MID,72,0,2,12.2,52234,109221,1338646,736818,d,Ankle injury - 75% chance of playing,2026-09-27T21:30:07.786183Z,100,75,3,,3,2.0,3,32,370,4,1,3,2,4,0,32,9,8,15,0.64,1.71,2.35,5.51,2.0,1.5
2026-10-06T02:26:14+00:00,2026-10-05,daily,6,2026-10-10T10:00:00Z,368,Szoboszlai,LIV,MID,69,-1,-1,32.6,40051,233382,932410,1701540,a,,,,,1,1,1,2.5,2,20,440,5,1,0,3,4,0,41,13,6,22,1.42,0.82,2.24,5.99,2.5,2.5
2026-10-06T02:26:14+00:00,2026-10-05,daily,6,2026-10-10T10:00:00Z,369,Ngumoha,LIV,MID,57,-1,-3,0.5,877,4507,14655,89533,a,,,,,,,,0.5,0,4,99,1,0,0,0,2,0,4,1,1,2,0.15,0.05,0.20,0.68,0.5,0.5
2026-10-06T02:26:14+00:00,2026-10-05,daily,6,2026-10-10T10:00:00Z,370,Chiesa,LIV,MID,53,-1,-2,0.0,17,264,682,10097,i,Back injury - Unknown return date,2026-08-27T13:30:07.598926Z,0,0,,,,0.0,0,0,0,0,0,0,0,0,0,0,0,0,0,0.00,0.00,0.00,0.00,0.0,0.0
2026-10-06T02:26:14+00:00,2026-10-05,daily,6,2026-10-10T10:00:00Z,371,Gravenberch,LIV,MID,58,-1,-2,1.1,1334,9597,35872,130950,a,,,,,,,,1.0,1,9,190,2,0,1,0,2,0,25,10,4,11,0.10,0.08,0.18,2.02,1.0,1.0
2026-10-06T02:26:14+00:00,2026-10-05,daily,6,2026-10-10T10:00:00Z,372,Mac Allister,LIV,MID,54,0,-1,1.3,4111,7335,45731,97049,a,,,,,5,,,3.0,5,11,306,3,0,0,2,2,0,41,11,11,19,0.10,0.49,0.59,4.85,3.0,3.0
2026-10-06T02:26:14+00:00,2026-10-05,daily,6,2026-10-10T10:00:00Z,373,C.Jones,LIV,MID,55,0,0,0.0,0,68,34,2655,u,Has joined Internazionale permanently,2026-08-16T18:30:07.426408Z,0,0,,,,0.0,0,0,0,0,0,0,0,0,0,0,0,0,0,0.00,0.00,0.00,0.00,0.0,0.0
2026-10-06T02:26:14+00:00,2026-10-05,daily,6,2026-10-10T10:00:00Z,374,Endo,LIV,MID,49,0,-1,0.1,173,470,2336,4836,a,,2026-07-23T12:01:23.612529Z,100,100,,,,0.0,0,0,0,0,0,0,0,0,0,0,0,0,0,0.00,0.00,0.00,0.00,0.0,0.0
2026-10-06T02:26:14+00:00,2026-10-05,daily,6,2026-10-10T10:00:00Z,375,Nyoni,LIV,MID,49,0,-1,0.0,98,322,1355,3067,a,,,,,,,,0.5,1,3,38,0,0,0,0,0,0,10,6,2,2,0.00,0.00,0.00,0.36,0.5,0.5
2026-10-06T02:26:14+00:00,2026-10-05,daily,6,2026-10-10T10:00:00Z,376,Bajcetic,LIV,MID,50,0,0,0.0,0,3,19,107,u,Has joined Celta Vigo permanently,2026-07-23T12:01:23.628373Z,0,0,,,,0.0,0,0,0,0,0,0,0,0,0,0,0,0,0,0.00,0.00,0.00,0.00,0.0,0.0
2026-10-06T02:26:14+00:00,2026-10-05,daily,6,2026-10-10T10:00:00Z,377,Munoz,LIV,MID,65,0,0,0.9,1654,12158,117637,102500,a,,,,,,,,1.0,1,15,257,3,1,1,1,2,0,16,5,3,8,0.52,0.31,0.83,4.63,1.0,1.0
2026-10-06T02:26:14+00:00,2026-10-05,daily,6,2026-10-10T10:00:00Z,378,McConnell,LIV,MID,44,0,-1,0.2,1101,1603,6976,13060,a,,,,,,,,0.0,0,0,0,0,0,0,0,0,0,0,0,0,0,0.00,0.00,0.00,0.00,0.0,0.0
2026-10-06T02:26:14+00:00,2026-10-05,daily,6,2026-10-10T10:00:00Z,379,Isak,LIV,FWD,91,0,1,22.1,119937,104667,1247099,764636,d,Thigh injury - 75% chance of playing,2026-09-27T10:30:09.051435Z,,75,2,,,5.0,8,33,413,5,4,0,3,4,0,7,3,1,3,3.54,0.08,3.62,5.82,5.0,3.8
2026-10-06T02:26:14+00:00,2026-10-05,daily,6,2026-10-10T10:00:00Z,380,Ekitiké,LIV,FWD,74,0,-1,0.1,421,896,2693,11359,i,Achilles injury - Unknown return date,2026-07-23T12:01:23.643771Z,0,0,,,,0.0,0,0,0,0,0,0,0,0,0,0,0,0,0,0.00,0.00,0.00,0.00,0.0,0.0
2026-10-06T02:26:14+00:00,2026-10-05,daily,6,2026-10-10T10:00:00Z,381,Koumas,LIV,MID,50,0,0,0.0,182,201,861,1402,a,,,,,,,,0.5,1,3,22,0,0,0,0,0,0,1,0,0,1,0.28,0.00,0.28,0.72,0.5,0.5
2026-10-06T02:26:14+00:00,2026-10-05,daily,6,2026-10-10T10:00:00Z,382,Danns,LIV,FWD,45,0,0,0.2,3770,2580,23577,9859,a,,2026-07-23T12:01:23.659279Z,100,100,,,,0.0,0,0,0,0,0,0,0,0,0,0,0,0,0,0.00,0.00,0.00,0.00,0.0,0.0
2026-10-06T02:26:14+00:00,2026-10-05,daily,6,2026-10-10T10:00:00Z,383,Elliott,LIV,MID,54,0,-1,0.0,0,244,907,6164,u,Has joined Valencia on loan for the rest of the season,2026-09-02T16:05:49.104326Z,0,0,,,,0.0,0,0,0,0,0,0,0,0,0,0,0,0,0,0.00,0.00,0.00,0.00,0.0,0.0
2026-10-06T02:26:14+00:00,2026-10-05,daily,6,2026-10-10T10:00:00Z,579,Araujo,LIV,DEF,54,0,-1,3.1,18658,11290,150574,160979,a,,,,,,,,6.5,7,22,284,3,0,0,3,0,0,24,19,5,15,0.00,0.06,0.06,2.75,6.5,6.5
2026-10-06T02:26:14+00:00,2026-10-05,daily,6,2026-10-10T10:00:00Z,627,Barcola,LIV,MID,80,0,0,1.9,13265,20303,290727,131549,a,,,,,,,,3.0,3,7,168,2,0,0,2,0,0,8,0,3,5,0.26,0.13,0.39,1.43,3.0,3.0
2026-10-06T02:26:14+00:00,2026-10-05,daily,6,2026-10-10T10:00:00Z,155,Enzo,MCI,MID,69,0,-1,3.7,33525,16285,175192,323194,a,,,,,,3,4,4.5,7,13,271,3,1,0,2,3,0,21,6,3,12,0.35,0.53,0.88,5.35,4.5,4.5
2026-10-06T02:26:14+00:00,2026-10-05,daily,6,2026-10-10T10:00:00Z,237,Ndiaye,MCI,MID,58,-1,-2,6.7,7730,73285,298599,1141288,a,,,,,,,,3.0,5,22,385,4,0,2,2,4,0,44,10,8,26,0.38,0.58,0.96,9.42,3.0,3.0
2026-10-06T02:26:14+00:00,2026-10-05,daily,6,2026-10-10T10:00:00Z,384,Donnarumma,MCI,GKP,55,0,0,7.6,11514,32896,207705,318812,a,,,,,,,,4.5,2,19,450,5,0,0,2,5,14,0,4,0,32,0.00,0.00,0.00,7.25,4.5,4.5
2026-10-06T02:26:14+00:00,2026-10-05,daily,6,2026-10-10T10:00:00Z,386,Bettinelli,MCI,GKP,45,0,0,0.0,63,91,578,1127,a,,,,,,,,0.0,0,0,0,0,0,0,0,0,0,0,0,0,0,0.00,0.00,0.00,0.00,0.0,0.0
2026-10-06T02:26:14+00:00,2026-10-05,daily,6,2026-10-10T10:00:00Z,387,O'Reilly,MCI,DEF,63,-1,-2,10.8,5416,80539,192760,1217050,d,Unspecified injury - 75% chance of playing,2026-10-01T15:30:10.272693Z,100,75,,,,1.0,1,6,163,2,0,0,0,2,0,5,2,3,9,0.87,0.43,1.30,2.10,1.0,0.8
2026-10-06T02:26:14+00:00,2026-10-05,daily,6,2026-10-10T10:00:00Z,388,Guéhi,MCI,DEF,60,0,0,18.1,25597,56217,507517,468193,a,,,,,,,,5.0,4,30,450,5,1,1,2,5,0,29,26,3,19,0.95,0.39,1.34,7.25,5.0,5.0
2026-10-06T02:26:14+00:00,2026-10-05,daily,6,2026-10-10T10:00:00Z,389,Matheus N.,MCI,DEF,59,0,-1,1.0,1818,3187,14973,74328,a,,2026-08-27T11:30:08.171622Z,100,100,4,,,5.0,1,11,213,2,0,0,1,3,0,21,18,3,10,0.00,0.06,0.06,4.67,5.0,5.0
2026-10-06T02:26:14+00:00,2026-10-05,daily,6,2026-10-10T10:00:00Z,390,Rúben,MCI,DEF,55,0,0,1.9,5056,9694,67644,74496,a,,,,,,,,3.5,1,17,450,5,0,0,2,5,0,26,25,1,16,0.29,0.74,1.03,7.25,3.5,3.5
2026-10-06T02:26:14+00:00,2026-10-05,daily,6,2026-10-10T10:00:00Z,391,Gvardiol,MCI,DEF,57,0,2,26.9,159581,62333,1841613,422549,a,,,,,,,,7.5,4,37,434,5,1,3,2,5,0,31,20,11,21,0.22,0.74,0.96,7.25,7.5,7.5
2026-10-06T02:26:14+00:00,2026-10-05,daily,6,2026-10-10T10:00:00Z,392,Aït-Nouri,MCI,DEF,52,-1,-3,0.4,562,2326,7914,61735,a,,,,,,,,0.0,0,0,0,0,0,0,0,0,0,0,0,0,0,0.00,0.00,0.00,0.00,0.0,0.0
2026-10-06T02:26:14+00:00,2026-10-05,daily,6,2026-10-10T10:00:00Z,393,Khusanov,MCI,DEF,54,0,-1,1.4,1536,9481,26972,81127,a,,,,,,,,0.0,0,9,268,3,0,0,1,2,0,17,9,8,13,0.00,0.06,0.06,2.68,0.0,0.0
2026-10-06T02:26:14+00:00,2026-10-05,daily,6,2026-10-10T10:00:00Z,394,Alleyne,MCI,DEF,50,0,0,0.0,0,20,0,618,u,Has joined Burnley on loan for the rest of the season,2026-08-18T14:11:56.324656Z,0,0,,,,0.0,0,0,0,0,0,0,0,0,0,0,0,0,0,0.00,0.00,0.00,0.00,0.0,0.0
2026-10-06T02:26:14+00:00,2026-10-05,daily,6,2026-10-10T10:00:00Z,395,Lewis,MCI,DEF,44,0,-1,0.2,339,1273,8295,16339,a,,,,,,,,0.0,0,1,56,1,0,0,0,1,0,2,2,0,0,0.17,0.02,0.19,0.55,0.0,0.0
2026-10-06T02:26:14+00:00,2026-10-05,daily,6,2026-10-10T10:00:00Z,396,Vitor Reis,MCI,DEF,45,0,0,0.0,78,163,558,1186,a,,,,,,,,0.0,0,1,1,0,0,0,0,0,0,0,0,0,0,0.00,0.00,0.00,0.00,0.0,0.0
2026-10-06T02:26:14+00:00,2026-10-05,daily,6,2026-10-10T10:00:00Z,397,Semenyo,MCI,MID,84,0,-1,15.1,128757,84614,319660,1227314,d,Ankle injury - 75% chance of playing,2026-09-24T12:00:09.848000Z,,75,2,,,10.0,17,33,450,5,2,3,2,5,0,22,2,6,14,0.33,1.16,1.49,7.25,10.0,7.5
2026-10-06T02:26:14+00:00,2026-10-05,daily,6,2026-10-10T10:00:00Z,398,Foden,MCI,MID,69,0,-1,1.8,233,30443,303479,568165,s,Suspended until 17 Oct,2026-09-13T17:00:09.433455Z,0,0,,2,2,-1.0,0,9,217,3,0,2,0,2,0,14,2,4,8,1.61,0.88,2.49,1.91,0.0,0.0
2026-10-06T02:26:14+00:00,2026-10-05,daily,6,2026-10-10T10:00:00Z,399,Cherki,MCI,MID,78,0,3,28.4,136496,99855,2683657,966800,a,,,,,,1,1,4.5,8,34,302,4,3,2,1,4,0,12,3,0,9,0.72,1.54,2.26,5.00,4.5,4.5
2026-10-06T02:26:14+00:00,2026-10-05,daily,6,2026-10-10T10:00:00Z,400,Doku,MCI,MID,74,0,-1,0.7,5057,2295,6524,128381,a,,2026-08-18T17:00:08.385597Z,75,100,3,,,0.5,1,1,15,0,0,0,0,0,0,2,1,0,1,0.23,0.32,0.55,0.42,0.4,0.5
2026-10-06T02:26:14+00:00,2026-10-05,daily,6,2026-10-10T10:00:00Z,402,Rodrigo,MCI,MID,65,0,0,0.0,0,28,0,1232,u,Has joined Barcelona permanently,2026-07-23T12:01:23.675537Z,0,0,,,,0.0,0,0,0,0,0,0,0,0,0,0,0,0,0,0.00,0.00,0.00,0.00,0.0,0.0
2026-10-06T02:26:14+00:00,2026-10-05,daily,6,2026-10-10T10:00:00Z,404,Reijnders,MCI,MID,60,0,0,0.0,0,109,0,8194,u,Has joined Al Qadsiah permanently,2026-08-20T14:02:58.154273Z,0,0,,,,0.0,0,0,0,0,0,0,0,0,0,0,0,0,0,0.00,0.00,0.00,0.00,0.0,0.0
2026-10-06T02:26:14+00:00,2026-10-05,daily,6,2026-10-10T10:00:00Z,406,Kovačić,MCI,MID,53,-1,-2,0.1,123,496,2265,6325,a,,,,,,,,0.0,0,2,42,0,0,0,0,0,0,2,0,0,2,0.00,0.02,0.02,0.10,0.0,0.0
2026-10-06T02:26:14+00:00,2026-10-05,daily,6,2026-10-10T10:00:00Z,407,Echeverri,MCI,MID,49,0,-1,0.0,0,59,250,1348,u,Has joined Benfica on loan for the rest of the season,2026-09-03T15:41:24.710479Z,0,0,,,,0.0,0,0,0,0,0,0,0,0,0,0,0,0,0,0.00,0.00,0.00,0.00,0.0,0.0
2026-10-06T02:26:14+00:00,2026-10-05,daily,6,2026-10-10T10:00:00Z,408,Phillips,MCI,MID,50,0,0,0.0,0,14,0,573,u,Has joined Sheffield United on loan for the rest of the season,2026-08-18T14:11:56.348781Z,0,0,,,,0.0,0,0,0,0,0,0,0,0,0,0,0,0,0,0.00,0.00,0.00,0.00,0.0,0.0
2026-10-06T02:26:14+00:00,2026-10-05,daily,6,2026-10-10T10:00:00Z,409,Mukasa,MCI,MID,45,0,0,0.1,0,655,1621,12222,u,has joined West Ham on loan for the rest of the seaon.,2026-09-03T10:34:10.733520Z,0,0,,,,0.0,0,0,0,0,0,0,0,0,0,0,0,0,0,0.00,0.00,0.00,0.00,0.0,0.0
2026-10-06T02:26:14+00:00,2026-10-05,daily,6,2026-10-10T10:00:00Z,410,Monga,MCI,MID,49,0,-1,0.0,0,57,219,1277,u,Has joined Swansea City on loan for the rest of the season,2026-09-02T16:02:01.136760Z,0,0,,,,0.0,0,0,0,0,0,0,0,0,0,0,0,0,0,0.00,0.00,0.00,0.00,0.0,0.0
2026-10-06T02:26:14+00:00,2026-10-05,daily,6,2026-10-10T10:00:00Z,411,Haaland,MCI,FWD,156,0,1,73.9,86219,24524,931496,326182,a,,,,,1,,,7.5,6,39,450,5,5,0,2,5,0,20,10,0,10,4.42,0.53,4.95,7.25,7.5,7.5
2026-10-06T02:26:14+00:00,2026-10-05,daily,6,2026-10-10T10:00:00Z,481,Anderson,MCI,MID,63,0,-2,4.0,8616,29849,106055,447689,a,,2026-08-23T17:00:07.952697Z,100,100,,,3,3.5,2,15,413,5,0,0,2,5,0,54,18,13,23,0.11,0.67,0.78,7.15,3.5,3.5
2026-10-06T02:26:14+00:00,2026-10-05,daily,6,2026-10-10T10:00:00Z,587,Rulli,MCI,GKP,50,0,0,0.0,82,107,614,1118,a,,,,,,,,0.0,0,0,0,0,0,0,0,0,0,0,0,0,0,0.00,0.00,0.00,0.00,0.0,0.0
2026-10-06T02:26:14+00:00,2026-10-05,daily,6,2026-10-10T10:00:00Z,616,Bouaddi,MCI,MID,55,0,0,0.2,888,2202,21087,13641,a,,,,,,,,0.0,0,2,22,0,0,0,0,0,0,6,3,0,3,0.00,0.12,0.12,0.37,0.0,0.0
2026-10-06T02:26:14+00:00,2026-10-05,daily,6,2026-10-10T10:00:00Z,621,McAidoo,MCI,MID,45,0,0,0.1,212,1146,11381,7169,a,,,,,,,,0.0,0,2,11,0,0,0,0,0,0,4,0,2,2,0.10,0.00,0.10,0.02,0.0,0.0
2026-10-06T02:26:14+00:00,2026-10-05,daily,6,2026-10-10T10:00:00Z,622,Braithwaite,MCI,DEF,40,0,0,0.2,612,1716,16819,9267,a,,,,,,,,0.0,0,1,1,0,0,0,0,0,0,0,0,0,1,0.00,0.00,0.00,0.00,0.0,0.0
2026-10-06T02:26:14+00:00,2026-10-05,daily,6,2026-10-10T10:00:00Z,628,Allan,MCI,MID,60,0,0,0.0,238,176,1201,697,a,,,,,,,,0.0,0,0,0,0,0,0,0,0,0,0,0,0,0,0.00,0.00,0.00,0.00,0.0,0.0
2026-10-06T02:26:14+00:00,2026-10-05,daily,6,2026-10-10T10:00:00Z,653,Samba,MCI,MID,45,0,0,0.0,262,511,3911,2194,a,,,,,,,,0.0,0,0,0,0,0,0,0,0,0,0,0,0,0,0.00,0.00,0.00,0.00,0.0,0.0
2026-10-06T02:26:14+00:00,2026-10-05,daily,6,2026-10-10T10:00:00Z,43,Tielemans,MUN,MID,58,0,-2,1.5,3408,11336,44855,161960,a,,2026-07-23T12:01:23.321726Z,100,100,3,,,2.7,4,14,402,5,0,0,0,8,0,43,11,7,25,0.65,0.52,1.17,6.16,2.7,2.7
2026-10-06T02:26:14+00:00,2026-10-05,daily,6,2026-10-10T10:00:00Z,131,Baleba,MUN,MID,49,0,-1,0.1,1503,806,6942,14447,a,,2026-08-06T16:00:10.997714Z,50,100,,,,0.0,0,0,0,0,0,0,0,0,0,0,0,0,0,0.00,0.00,0.00,0.00,0.0,0.0
2026-10-06T02:26:14+00:00,2026-10-05,daily,6,2026-10-10T10:00:00Z,162,Andrey Santos,MUN,MID,48,0,-2,0.6,1089,5281,22286,73900,a,,,,,,,,0.3,0,4,82,1,0,0,0,4,0,18,7,4,7,0.00,0.24,0.24,2.03,0.3,0.3
2026-10-06T02:26:14+00:00,2026-10-05,daily,6,2026-10-10T10:00:00Z,325,Darlow,MUN,GKP,45,0,0,0.0,64,238,1071,1619,d,Unspecified injury - 75% chance of playing,2026-09-21T13:30:08.885505Z,100,75,,,,0.0,0,0,0,0,0,0,0,0,0,0,0,0,0,0.00,0.00,0.00,0.00,0.0,0.0
2026-10-06T02:26:14+00:00,2026-10-05,daily,6,2026-10-10T10:00:00Z,412,Lammens,MUN,GKP,49,0,-1,9.9,7488,52564,99696,690995,a,,,,,,,,2.7,4,11,450,5,0,0,0,8,16,0,5,0,38,0.00,0.00,0.00,6.80,2.7,2.7
2026-10-06T02:26:14+00:00,2026-10-05,daily,6,2026-10-10T10:00:00Z,413,Bayindir,MUN,GKP,45,0,0,0.0,0,43,0,1153,u,Has joined Celta Vigo on loan for the rest of the season,2026-08-10T14:02:28.608415Z,0,0,,,,0.0,0,0,0,0,0,0,0,0,0,0,0,0,0,0.00,0.00,0.00,0.00,0.0,0.0
2026-10-06T02:26:14+00:00,2026-10-05,daily,6,2026-10-10T10:00:00Z,414,Heaton,MUN,GKP,40,0,0,0.1,221,298,2139,3585,i,Hamstring injury - Unknown return date,2026-08-15T16:00:07.854151Z,0,0,,,,0.0,0,0,0,0,0,0,0,0,0,0,0,0,0,0.00,0.00,0.00,0.00,0.0,0.0
2026-10-06T02:26:14+00:00,2026-10-05,daily,6,2026-10-10T10:00:00Z,415,Dorgu,MUN,MID,58,0,-2,0.5,1036,4713,14006,98250,d,Hamstring injury - 75% chance of playing,2026-09-27T21:30:07.831640Z,,75,,,,3.0,4,10,171,2,0,1,0,6,0,20,8,8,4,0.78,0.09,0.87,3.38,3.0,2.2
2026-10-06T02:26:14+00:00,2026-10-05,daily,6,2026-10-10T10:00:00Z,416,De Ligt,MUN,DEF,49,-1,-1,0.0,88,141,467,1564,i,Back injury - Unknown return date,2026-07-23T12:01:23.690880Z,0,0,,,,0.0,0,0,0,0,0,0,0,0,0,0,0,0,0,0.00,0.00,0.00,0.00,0.0,0.0
2026-10-06T02:26:14+00:00,2026-10-05,daily,6,2026-10-10T10:00:00Z,417,Dalot,MUN,DEF,49,0,-1,1.6,1461,8093,26240,136588,a,,,,,,,,1.7,2,8,346,4,0,0,0,4,0,16,10,6,21,0.24,0.23,0.47,4.70,1.7,1.7
2026-10-06T02:26:14+00:00,2026-10-05,daily,6,2026-10-10T10:00:00Z,418,Maguire,MUN,DEF,48,-1,-2,8.6,4942,79186,138900,1008877,a,,,,,,,,1.7,2,10,450,5,0,1,0,8,0,31,28,3,21,0.20,0.46,0.66,6.80,1.7,1.7
2026-10-06T02:26:14+00:00,2026-10-05,daily,6,2026-10-10T10:00:00Z,419,Martinez,MUN,DEF,49,-1,-1,1.3,3967,6830,36893,67683,a,,2026-07-24T20:00:10.337107Z,100,100,,,,1.7,0,6,360,4,0,0,0,6,0,20,17,3,14,0.21,0.16,0.37,5.79,1.7,1.7
2026-10-06T02:26:14+00:00,2026-10-05,daily,6,2026-10-10T10:00:00Z,420,Yoro,MUN,DEF,48,-1,-2,0.5,497,2308,5279,36150,a,,,,,,,,0.3,0,2,22,0,0,0,0,2,0,5,3,2,1,0.00,0.02,0.02,1.09,0.3,0.3
2026-10-06T02:26:14+00:00,2026-10-05,daily,6,2026-10-10T10:00:00Z,421,Heaven,MUN,DEF,43,-1,-2,0.3,274,1588,6044,24174,a,,,,,,,,0.0,0,1,90,1,0,0,0,2,0,2,1,1,4,0.12,0.04,0.16,1.01,0.0,0.0
2026-10-06T02:26:14+00:00,2026-10-05,daily,6,2026-10-10T10:00:00Z,422,Mazraoui,MUN,DEF,44,0,-1,0.5,613,3114,14397,41201,d,Back injury - 75% chance of playing,2026-10-04T21:30:08.533022Z,,75,,,,0.3,0,3,97,1,0,0,0,4,0,6,4,2,3,0.22,0.06,0.28,2.08,0.3,0.2
2026-10-06T02:26:14+00:00,2026-10-05,daily,6,2026-10-10T10:00:00Z,423,Shaw,MUN,DEF,43,-1,-2,7.6,4283,80911,101767,1312840,a,,2026-09-11T13:00:09.030120Z,50,100,,,3,2.0,2,9,335,4,0,1,0,5,0,23,17,6,7,0.03,0.58,0.61,4.63,1.0,2.0
2026-10-06T02:26:14+00:00,2026-10-05,daily,6,2026-10-10T10:00:00Z,424,Amass,MUN,DEF,40,0,0,0.2,447,838,6349,8868,a,,,,,,,,0.0,0,0,0,0,0,0,0,0,0,0,0,0,0,0.00,0.00,0.00,0.00,0.0,0.0
2026-10-06T02:26:14+00:00,2026-10-05,daily,6,2026-10-10T10:00:00Z,425,Fredricson,MUN,DEF,40,0,0,0.0,0,53,0,1321,u,Has joined Lausanne-Sport permanently,2026-08-18T14:12:31.904433Z,0,0,,,,0.0,0,0,0,0,0,0,0,0,0,0,0,0,0,0.00,0.00,0.00,0.00,0.0,0.0
2026-10-06T02:26:14+00:00,2026-10-05,daily,6,2026-10-10T10:00:00Z,426,B.Fernandes,MUN,MID,119,-1,-1,38.4,51311,209527,662911,1862477,a,,,,,1,1,1,2.0,2,31,450,5,3,1,0,8,0,29,3,5,21,2.56,1.32,3.88,6.80,2.0,2.0
2026-10-06T02:26:14+00:00,2026-10-05,daily,6,2026-10-10T10:00:00Z,427,Mbeumo,MUN,MID,79,0,-1,20.5,43102,140505,470081,2027004,a,,,,,2,2,2,4.0,2,25,450,5,2,1,0,8,0,26,7,5,14,3.07,0.80,3.87,6.80,4.0,4.0
2026-10-06T02:26:14+00:00,2026-10-05,daily,6,2026-10-10T10:00:00Z,428,Cunha,MUN,MID,79,0,-1,5.8,25308,23624,99054,511655,a,,,,,,,,5.0,10,26,407,5,1,2,1,5,0,13,1,3,9,0.63,0.83,1.46,5.44,5.0,5.0
2026-10-06T02:26:14+00:00,2026-10-05,daily,6,2026-10-10T10:00:00Z,429,Rashford,MUN,MID,70,0,0,1.4,4308,19232,85337,130313,d,Unspecified injury - 75% chance of playing,2026-09-21T10:30:09.221479Z,,75,,3,,2.3,2,10,351,4,0,0,1,3,0,18,4,4,10,0.78,0.43,1.21,4.50,2.3,1.7
2026-10-06T02:26:14+00:00,2026-10-05,daily,6,2026-10-10T10:00:00Z,430,Mount,MUN,MID,54,0,-1,0.0,201,209,929,1985,a,,2026-08-15T16:00:07.879135Z,100,100,,4,,0.3,1,1,10,0,0,0,0,0,0,1,0,0,1,0.09,0.01,0.10,0.00,0.3,0.3
2026-10-06T02:26:14+00:00,2026-10-05,daily,6,2026-10-10T10:00:00Z,431,Amad,MUN,MID,57,0,-3,0.3,145,2014,2187,123735,i,Unspecified injury - Unknown return date,2026-08-22T11:00:08.617283Z,0,0,,,4,0.0,0,0,0,0,0,0,0,0,0,0,0,0,0,0.00,0.00,0.00,0.00,0.0,0.0
2026-10-06T02:26:14+00:00,2026-10-05,daily,6,2026-10-10T10:00:00Z,432,Mainoo,MUN,MID,55,0,0,1.6,8030,16644,95124,68921,d,Unspecified injury - 75% chance of playing,2026-09-21T13:00:09.169862Z,,75,,,,5.7,4,22,354,4,0,1,0,4,0,56,10,6,40,0.30,0.52,0.82,4.77,5.7,4.3
2026-10-06T02:26:14+00:00,2026-10-05,daily,6,2026-10-10T10:00:00Z,433,Ugarte,MUN,MID,50,0,0,0.0,25,26,121,266,i,Knee injury - Unknown return date,2026-07-23T12:01:23.706702Z,0,0,,,,0.0,0,0,0,0,0,0,0,0,0,0,0,0,0,0.00,0.00,0.00,0.00,0.0,0.0
2026-10-06T02:26:14+00:00,2026-10-05,daily,6,2026-10-10T10:00:00Z,434,J.Fletcher,MUN,MID,49,0,-1,0.0,47,59,327,707,a,,,,,,,,0.0,0,0,0,0,0,0,0,0,0,0,0,0,0,0.00,0.00,0.00,0.00,0.0,0.0
2026-10-06T02:26:14+00:00,2026-10-05,daily,6,2026-10-10T10:00:00Z,435,Lacey,MUN,MID,49,0,-1,0.1,396,382,1749,3347,a,,,,,,,,0.0,0,1,10,0,0,0,0,0,0,1,0,0,1,0.00,0.00,0.00,0.00,0.0,0.0
2026-10-06T02:26:14+00:00,2026-10-05,daily,6,2026-10-10T10:00:00Z,436,Collyer,MUN,MID,50,0,0,0.0,0,49,150,1056,u,Has joined West Brom permanently,2026-09-01T13:16:48.584385Z,0,0,,,,0.0,0,0,0,0,0,0,0,0,0,0,0,0,0,0.00,0.00,0.00,0.00,0.0,0.0
2026-10-06T02:26:14+00:00,2026-10-05,daily,6,2026-10-10T10:00:00Z,437,Bendito Mantato,MUN,MID,44,-1,-1,0.2,502,940,5166,9721,a,,,,,,,,0.0,0,0,0,0,0,0,0,0,0,0,0,0,0,0.00,0.00,0.00,0.00,0.0,0.0
2026-10-06T02:26:14+00:00,2026-10-05,daily,6,2026-10-10T10:00:00Z,438,Fletcher,MUN,MID,44,0,-1,0.3,2657,2261,10726,17030,a,,,,,,,,0.0,0,0,0,0,0,0,0,0,0,0,0,0,0,0.00,0.00,0.00,0.00,0.0,0.0
2026-10-06T02:26:14+00:00,2026-10-05,daily,6,2026-10-10T10:00:00Z,439,Šeško,MUN,FWD,70,0,0,1.6,6744,25815,104183,135488,d,Shin injury - 75% chance of playing,2026-09-20T19:30:08.505755Z,100,75,,,,2.0,0,8,76,0,1,0,0,3,0,5,0,0,5,0.39,0.01,0.40,2.00,2.0,1.5
2026-10-06T02:26:14+00:00,2026-10-05,daily,6,2026-10-10T10:00:00Z,440,Zirkzee,MUN,FWD,53,-1,-2,0.4,2145,3330,16025,43883,a,,,,,,,,0.7,1,2,20,0,0,0,0,0,0,4,2,0,2,0.00,0.01,0.01,0.02,0.7,0.7
2026-10-06T02:26:14+00:00,2026-10-05,daily,6,2026-10-10T10:00:00Z,441,Obi,MUN,FWD,45,0,0,0.9,0,11928,45543,74870,u,Has joined Willem II on loan for the rest of the season,2026-09-14T16:12:42.090874Z,0,0,,,,0.0,0,0,0,0,0,0,0,0,0,0,0,0,0,0.00,0.00,0.00,0.00,0.0,0.0
2026-10-06T02:26:14+00:00,2026-10-05,daily,6,2026-10-10T10:00:00Z,405,N.Gonzalez,NEW,MID,55,0,0,0.2,692,1911,18155,17080,a,,2026-09-14T21:30:07.343728Z,0,100,,,,0.5,0,5,164,3,0,0,1,2,0,12,3,0,9,0.00,0.21,0.21,2.34,0.0,0.5
2026-10-06T02:26:14+00:00,2026-10-05,daily,6,2026-10-10T10:00:00Z,442,Pope,NEW,GKP,49,0,-1,0.9,938,3349,13431,54072,a,,,,,,,,0.0,0,0,0,0,0,0,0,0,0,0,0,0,0,0.00,0.00,0.00,0.00,0.0,0.0
2026-10-06T02:26:14+00:00,2026-10-05,daily,6,2026-10-10T10:00:00Z,443,Gillespie,NEW,GKP,45,0,0,0.0,46,91,771,1211,a,,,,,,,,0.0,0,0,0,0,0,0,0,0,0,0,0,0,0,0.00,0.00,0.00,0.00,0.0,0.0
2026-10-06T02:26:14+00:00,2026-10-05,daily,6,2026-10-10T10:00:00Z,444,Jaouen,NEW,GKP,44,-1,-1,0.0,20,132,453,1537,d,Ankle injury - 50% chance of playing,2026-09-10T16:00:09.127466Z,50,50,,,,0.0,0,0,0,0,0,0,0,0,0,0,0,0,0,0.00,0.00,0.00,0.00,0.0,0.0
2026-10-06T02:26:14+00:00,2026-10-05,daily,6,2026-10-10T10:00:00Z,445,Thiaw,NEW,DEF,50,0,0,2.2,9834,11109,179135,124120,a,,,,,,,,3.0,4,14,450,5,0,0,1,9,0,45,45,0,10,0.00,0.08,0.08,9.14,3.0,3.0
2026-10-06T02:26:14+00:00,2026-10-05,daily,6,2026-10-10T10:00:00Z,446,Schär,NEW,DEF,49,0,-1,0.2,619,975,7130,13921,a,,2026-08-15T16:30:07.209742Z,100,100,,2,,0.5,1,2,25,0,0,0,0,2,0,7,7,0,0,0.00,0.01,0.01,1.87,0.5,0.5
2026-10-06T02:26:14+00:00,2026-10-05,daily,6,2026-10-10T10:00:00Z,447,Botman,NEW,DEF,50,0,0,0.7,5386,3380,48060,28674,a,,,,,,,,3.0,4,15,450,5,0,0,1,9,0,59,54,5,14,0.06,0.17,0.23,9.14,3.0,3.0
2026-10-06T02:26:14+00:00,2026-10-05,daily,6,2026-10-10T10:00:00Z,448,Burn,NEW,DEF,48,-1,-2,0.7,124,6268,7339,161176,i,Ankle injury - Expected back 12 Oct,2026-08-23T18:00:08.367241Z,0,0,,,,0.0,0,0,0,0,0,0,0,0,0,0,0,0,0,0.00,0.00,0.00,0.00,0.0,0.0
2026-10-06T02:26:14+00:00,2026-10-05,daily,6,2026-10-10T10:00:00Z,449,Hall,NEW,DEF,53,1,3,17.5,267356,24298,1680858,352131,a,,,,,,1,1,6.5,13,31,449,5,1,1,1,9,0,46,33,13,38,0.25,0.79,1.04,9.12,6.5,6.5
2026-10-06T02:26:14+00:00,2026-10-05,daily,6,2026-10-10T10:00:00Z,450,Livramento,NEW,DEF,49,0,-1,0.1,461,1614,10257,6054,d,Unspecified injury - 75% chance of playing,2026-09-19T14:00:09.046677Z,100,75,,,,1.5,0,4,33,0,0,1,0,1,0,3,1,2,4,0.00,0.01,0.01,0.18,1.5,1.1
2026-10-06T02:26:14+00:00,2026-10-05,daily,6,2026-10-10T10:00:00Z,451,A.Murphy,NEW,DEF,40,0,0,0.1,0,316,0,6967,u,Has joined FC Kaiserslautern on loan for the rest of the season,2026-08-12T14:05:29.224600Z,0,0,,,,0.0,0,0,0,0,0,0,0,0,0,0,0,0,0,0.00,0.00,0.00,0.00,0.0,0.0
2026-10-06T02:26:14+00:00,2026-10-05,daily,6,2026-10-10T10:00:00Z,453,Barnes,NEW,MID,61,1,1,5.9,177478,25510,648581,157418,a,,,,,,,3,5.5,9,28,450,5,1,3,1,9,0,33,14,3,16,0.62,0.48,1.10,9.14,5.5,5.5
2026-10-06T02:26:14+00:00,2026-10-05,daily,6,2026-10-10T10:00:00Z,454,Elanga,NEW,MID,61,-1,1,4.4,352,175047,1286189,1095008,i,Unspecified injury - Unknown return date,2026-09-14T20:00:09.505598Z,0,0,,,2,0.0,0,18,232,3,2,0,1,3,0,9,2,4,3,0.42,0.34,0.76,4.01,0.0,0.0
2026-10-06T02:26:14+00:00,2026-10-05,daily,6,2026-10-10T10:00:00Z,456,J.Ramsey,NEW,MID,48,-1,-2,0.2,79,5010,16625,31213,i,Thigh injury - Unknown return date,2026-09-15T09:00:08.191022Z,0,0,,,,0.0,0,7,69,0,1,0,0,1,0,11,3,2,6,0.17,0.16,0.33,1.92,0.0,0.0
2026-10-06T02:26:14+00:00,2026-10-05,daily,6,2026-10-10T10:00:00Z,457,J.Murphy,NEW,MID,59,0,-1,0.1,1047,867,6150,11046,a,,,,,,,4,0.5,1,3,181,2,0,0,0,5,0,18,4,4,10,0.03,0.41,0.44,4.96,0.5,0.5
2026-10-06T02:26:14+00:00,2026-10-05,daily,6,2026-10-10T10:00:00Z,458,Joelinton,NEW,MID,54,0,-1,0.0,21,90,232,2252,i,Unspecified injury - Unknown return date,2026-08-16T08:00:08.074045Z,0,0,,,,0.0,0,0,0,0,0,0,0,0,0,0,0,0,0,0.00,0.00,0.00,0.00,0.0,0.0
2026-10-06T02:26:14+00:00,2026-10-05,daily,6,2026-10-10T10:00:00Z,459,L.Miley,NEW,MID,55,0,0,0.1,495,586,6359,5593,d,Unspecified injury - 75% chance of playing,2026-10-01T15:30:10.335504Z,100,75,,,5,2.0,4,12,396,5,0,0,1,8,0,52,20,6,26,0.05,0.14,0.19,7.95,2.0,1.5
2026-10-06T02:26:14+00:00,2026-10-05,daily,6,2026-10-10T10:00:00Z,460,Willock,NEW,MID,50,0,0,0.6,10523,3100,65343,31085,a,,,,,,,,5.5,10,22,284,3,2,0,1,5,0,18,4,5,9,0.81,0.30,1.11,5.19,5.5,5.5
2026-10-06T02:26:14+00:00,2026-10-05,daily,6,2026-10-10T10:00:00Z,461,Touré,NEW,MID,58,0,-2,0.1,364,923,3747,16530,a,,,,,,,,3.5,1,8,50,0,1,0,0,1,0,4,1,0,3,0.28,0.01,0.29,0.76,3.5,3.5
2026-10-06T02:26:14+00:00,2026-10-05,daily,6,2026-10-10T10:00:00Z,462,Steur,NEW,MID,49,0,-1,0.1,284,420,2440,6217,a,,,,,,,,2.5,3,8,223,2,0,0,1,5,0,21,9,4,8,0.00,0.06,0.06,4.23,2.5,2.5
2026-10-06T02:26:14+00:00,2026-10-05,daily,6,2026-10-10T10:00:00Z,463,Woltemade,NEW,FWD,59,0,-1,0.5,0,3974,14520,142409,u,Has joined Juventus on loan for the rest of the season,2026-09-02T16:07:16.549304Z,0,0,,,,0.0,0,4,19,0,0,1,0,0,0,0,0,0,0,0.02,0.01,0.03,0.38,0.0,0.0
2026-10-06T02:26:14+00:00,2026-10-05,daily,6,2026-10-10T10:00:00Z,464,Wissa,NEW,FWD,62,0,2,18.7,98659,149996,2294171,737006,a,,,,,2,,,1.0,0,15,441,5,1,1,1,8,0,27,6,6,15,2.35,0.06,2.41,7.97,1.0,1.0
2026-10-06T02:26:14+00:00,2026-10-05,daily,6,2026-10-10T10:00:00Z,465,Osula,NEW,FWD,58,-1,-2,0.3,138,2603,21461,86908,i,Foot injury - Unknown return date,2026-08-25T19:00:08.004915Z,0,0,1,4,,0.0,0,4,55,1,0,1,0,1,0,5,2,1,2,0.06,0.14,0.20,1.48,0.0,0.0
2026-10-06T02:26:14+00:00,2026-10-05,daily,6,2026-10-10T10:00:00Z,466,Neave,NEW,FWD,45,0,0,0.5,0,4145,23805,52767,u,Has joined Wolves on loan for the rest of the season,2026-09-04T12:37:43.515176Z,0,0,,,,0.0,0,0,0,0,0,0,0,0,0,0,0,0,0,0.00,0.00,0.00,0.00,0.0,0.0
2026-10-06T02:26:14+00:00,2026-10-05,daily,6,2026-10-10T10:00:00Z,559,Bamba,NEW,MID,49,0,-1,0.1,132,524,2572,7608,a,,,,,,,,1.0,1,3,27,0,0,0,0,1,0,8,3,3,2,0.00,0.00,0.00,1.29,1.0,1.0
2026-10-06T02:26:14+00:00,2026-10-05,daily,6,2026-10-10T10:00:00Z,567,Horníček,NEW,GKP,50,0,0,1.5,7802,5609,152452,72162,a,,,,,,,,2.0,3,14,450,5,0,0,1,9,19,0,11,0,31,0.00,0.00,0.00,9.14,2.0,2.0
2026-10-06T02:26:14+00:00,2026-10-05,daily,6,2026-10-10T10:00:00Z,593,Dedić,NEW,DEF,45,0,0,1.8,283,40242,447905,310292,i,Unspecified injury - Unknown return date,2026-09-17T14:30:09.823731Z,0,0,,3,,0.0,0,13,327,4,0,1,1,7,0,24,16,8,15,0.14,0.08,0.22,7.38,0.0,0.0
2026-10-06T02:26:14+00:00,2026-10-05,daily,6,2026-10-10T10:00:00Z,609,Shahar,NEW,DEF,40,0,0,0.2,0,1947,18236,15845,u,has joined Arouca on loan for the rest of the seaon.,2026-09-11T14:41:57.406766Z,0,0,,,,0.0,0,0,0,0,0,0,0,0,0,0,0,0,0,0.00,0.00,0.00,0.00,0.0,0.0
2026-10-06T02:26:14+00:00,2026-10-05,daily,6,2026-10-10T10:00:00Z,634,Fernandez-Pardo,NEW,FWD,60,0,0,0.1,2306,1536,17377,6436,a,,,,,,,,1.5,2,4,157,2,0,0,0,4,0,5,0,2,3,0.05,0.01,0.06,2.94,1.5,1.5
2026-10-06T02:26:14+00:00,2026-10-05,daily,6,2026-10-10T10:00:00Z,659,Miley,NEW,MID,45,0,0,0.0,1491,673,4929,1275,a,,,,,,,,0.0,0,0,0,0,0,0,0,0,0,0,0,0,0,0.00,0.00,0.00,0.00,0.0,0.0
2026-10-06T02:26:14+00:00,2026-10-05,daily,6,2026-10-10T10:00:00Z,663,Pivas,NEW,DEF,40,0,0,0.0,426,67,426,67,a,,,,,,,,0.0,0,0,0,0,0,0,0,0,0,0,0,0,0,0.00,0.00,0.00,0.00,1.1,1.1
2026-10-06T02:26:14+00:00,2026-10-05,daily,6,2026-10-10T10:00:00Z,664,Salia,NEW,FWD,45,0,0,0.1,10561,1789,10561,1789,a,,,,,,,,0.0,0,0,0,0,0,0,0,0,0,0,0,0,0,0.00,0.00,0.00,0.00,1.0,1.0
2026-10-06T02:26:14+00:00,2026-10-05,daily,6,2026-10-10T10:00:00Z,665,Mills,NEW,MID,45,0,0,0.0,170,33,170,33,a,,,,,,,,0.0,0,0,0,0,0,0,0,0,0,0,0,0,0,0.00,0.00,0.00,0.00,1.1,1.1
2026-10-06T02:26:14+00:00,2026-10-05,daily,6,2026-10-10T10:00:00Z,666,Thompson,NEW,MID,45,0,0,0.0,249,37,249,37,a,,,,,,,,0.0,0,0,0,0,0,0,0,0,0,0,0,0,0,0.00,0.00,0.00,0.00,1.1,1.1
2026-10-06T02:26:14+00:00,2026-10-05,daily,6,2026-10-10T10:00:00Z,167,Delap,NFO,FWD,56,1,1,2.7,26185,30809,313361,84381,a,,,,,3,,,3.0,1,9,277,3,1,0,1,3,0,17,5,2,10,0.89,0.35,1.24,2.62,3.0,3.0
2026-10-06T02:26:14+00:00,2026-10-05,daily,6,2026-10-10T10:00:00Z,201,Muñoz,NFO,DEF,54,0,-1,5.7,8575,32317,159133,486493,a,,,,,,,,2.0,2,5,257,3,0,0,0,4,0,15,8,7,8,0.60,0.21,0.81,2.59,2.0,2.0
2026-10-06T02:26:14+00:00,2026-10-05,daily,6,2026-10-10T10:00:00Z,467,Sels,NFO,GKP,50,0,0,1.6,2226,6685,68479,62747,a,,,,,,,,2.5,2,14,450,5,0,0,1,5,11,0,6,0,46,0.00,0.01,0.01,4.77,2.5,2.5
2026-10-06T02:26:14+00:00,2026-10-05,daily,6,2026-10-10T10:00:00Z,468,John,NFO,GKP,45,0,0,0.1,67,166,874,2026,a,,,,,,,,0.0,0,0,0,0,0,0,0,0,0,0,0,0,0,0.00,0.00,0.00,0.00,0.0,0.0
2026-10-06T02:26:14+00:00,2026-10-05,daily,6,2026-10-10T10:00:00Z,469,N.Williams,NFO,DEF,50,0,0,8.7,12277,50871,326763,356129,a,,,,,,3,2,2.0,2,19,450,5,0,1,1,5,0,29,15,14,28,0.41,0.61,1.02,4.77,2.0,2.0
2026-10-06T02:26:14+00:00,2026-10-05,daily,6,2026-10-10T10:00:00Z,470,Morato,NFO,DEF,50,0,0,0.0,0,124,424,3704,u,Has joined West Ham on loan for the rest of the season,2026-09-02T16:19:54.503286Z,0,0,,,,0.0,0,0,0,0,0,0,0,0,0,0,0,0,0,0.00,0.00,0.00,0.00,0.0,0.0
2026-10-06T02:26:14+00:00,2026-10-05,daily,6,2026-10-10T10:00:00Z,471,Milenković,NFO,DEF,54,-1,-1,1.0,70,13073,18002,108230,i,Hamstring injury - Expected back 11 Oct,2026-09-12T14:00:09.705107Z,0,0,,,,0.0,0,12,270,3,0,0,1,3,0,31,26,5,12,0.11,0.03,0.14,3.28,0.0,0.0
2026-10-06T02:26:14+00:00,2026-10-05,daily,6,2026-10-10T10:00:00Z,472,Murillo,NFO,DEF,55,0,0,2.1,9496,8969,104993,62230,a,,2026-07-23T12:01:23.801183Z,100,100,,2,,5.0,4,23,449,5,0,1,1,5,0,53,44,9,18,0.42,0.37,0.79,4.77,5.0,5.0
2026-10-06T02:26:14+00:00,2026-10-05,daily,6,2026-10-10T10:00:00Z,473,Aina,NFO,DEF,44,-1,-1,2.4,1157,21767,69270,171554,a,,,,,,,,1.0,0,8,306,4,0,0,1,3,0,22,12,10,14,0.04,0.53,0.57,3.72,1.0,1.0
2026-10-06T02:26:14+00:00,2026-10-05,daily,6,2026-10-10T10:00:00Z,474,Jair Cunha,NFO,DEF,45,0,0,0.2,295,684,9801,13210,a,,2026-09-12T14:00:09.724349Z,75,100,,,,0.5,1,11,360,4,0,0,1,4,0,36,29,7,8,0.05,0.02,0.07,3.95,0.4,0.5
2026-10-06T02:26:14+00:00,2026-10-05,daily,6,2026-10-10T10:00:00Z,475,Savona,NFO,DEF,45,0,0,0.0,21,20,241,278,i,Knee injury - Unknown return date,2026-07-23T12:01:23.816304Z,0,0,,,,0.0,0,0,0,0,0,0,0,0,0,0,0,0,0,0.00,0.00,0.00,0.00,0.0,0.0
2026-10-06T02:26:14+00:00,2026-10-05,daily,6,2026-10-10T10:00:00Z,476,O.Richards,NFO,DEF,40,0,0,0.2,328,791,4028,8342,a,,,,,,,,0.0,0,0,0,0,0,0,0,0,0,0,0,0,0,0.00,0.00,0.00,0.00,0.0,0.0
2026-10-06T02:26:14+00:00,2026-10-05,daily,6,2026-10-10T10:00:00Z,477,Abbott,NFO,DEF,40,0,0,0.1,0,891,2459,13964,u,Has joined Southampton on loan for the rest of the season,2026-09-02T16:19:54.536676Z,0,0,,,,0.0,0,0,0,0,0,0,0,0,0,0,0,0,0,0.00,0.00,0.00,0.00,0.0,0.0
2026-10-06T02:26:14+00:00,2026-10-05,daily,6,2026-10-10T10:00:00Z,478,Netz,NFO,DEF,44,0,-1,0.0,61,126,691,1597,a,,,,,,,,0.5,1,3,27,0,0,0,0,1,0,1,0,1,1,0.00,0.02,0.02,0.13,0.5,0.5
2026-10-06T02:26:14+00:00,2026-10-05,daily,6,2026-10-10T10:00:00Z,479,Bindon,NFO,DEF,40,0,0,0.1,0,570,799,8700,u,Has joined Charlton Athletic on loan for the rest of the season,2026-09-01T13:16:05.383880Z,0,0,,,,0.0,0,0,0,0,0,0,0,0,0,0,0,0,0,0.00,0.00,0.00,0.00,0.0,0.0
2026-10-06T02:26:14+00:00,2026-10-05,daily,6,2026-10-10T10:00:00Z,480,Gibbs-White,NFO,MID,80,0,0,15.7,73744,92948,1217426,675642,a,,2026-08-24T15:30:08.350159Z,100,100,1,1,,5.0,2,28,450,5,1,2,1,5,0,21,2,5,14,1.56,1.42,2.98,4.77,5.0,5.0
2026-10-06T02:26:14+00:00,2026-10-05,daily,6,2026-10-10T10:00:00Z,482,Hudson-Odoi,NFO,MID,58,0,-2,0.1,292,1229,5303,17629,a,,2026-07-23T12:01:23.832709Z,100,100,,4,,0.0,0,1,1,0,0,0,0,0,0,0,0,0,0,0.00,0.00,0.00,0.00,0.0,0.0
2026-10-06T02:26:14+00:00,2026-10-05,daily,6,2026-10-10T10:00:00Z,483,Ndoye,NFO,MID,55,0,0,0.7,839,8628,72435,49791,a,,,,,,,,1.0,1,15,316,5,1,0,1,3,0,20,3,2,15,1.25,0.93,2.18,3.84,1.0,1.0
2026-10-06T02:26:14+00:00,2026-10-05,daily,6,2026-10-10T10:00:00Z,484,Hutchinson,NFO,MID,54,0,-1,0.1,0,400,427,11028,u,Has joined AC Milan on loan for the rest of the season,2026-09-01T13:23:52.340206Z,0,0,,,,0.0,0,0,0,0,0,0,0,0,0,0,0,0,0,0.00,0.00,0.00,0.00,0.0,0.0
2026-10-06T02:26:14+00:00,2026-10-05,daily,6,2026-10-10T10:00:00Z,485,Bakwa,NFO,MID,55,0,0,0.0,0,37,107,1179,u,Has joined Lille on loan for the rest of the season,2026-08-27T14:53:03.381941Z,0,0,,,,0.0,0,0,0,0,0,0,0,0,0,0,0,0,0,0.00,0.00,0.00,0.00,0.0,0.0
2026-10-06T02:26:14+00:00,2026-10-05,daily,6,2026-10-10T10:00:00Z,486,McAtee,NFO,MID,55,0,0,0.1,381,968,10026,6014,a,,,,,,,1,2.5,2,12,416,5,0,0,2,4,0,39,9,9,21,0.37,0.96,1.33,4.55,2.5,2.5
2026-10-06T02:26:14+00:00,2026-10-05,daily,6,2026-10-10T10:00:00Z,487,Dominguez,NFO,MID,49,0,-1,0.1,65,314,1203,4116,a,,,,,,,,0.0,0,1,1,0,0,0,0,0,0,0,0,0,0,0.00,0.00,0.00,0.00,0.0,0.0
2026-10-06T02:26:14+00:00,2026-10-05,daily,6,2026-10-10T10:00:00Z,488,I.Sangaré,NFO,MID,48,-1,-2,0.4,337,3330,9236,68909,a,,2026-08-28T09:30:07.471668Z,100,100,,,,1.0,1,4,105,1,0,0,0,1,0,8,4,1,3,0.09,0.02,0.11,0.56,1.0,1.0
2026-10-06T02:26:14+00:00,2026-10-05,daily,6,2026-10-10T10:00:00Z,489,Yates,NFO,MID,45,0,0,1.2,641,7830,30287,94185,a,,2026-08-17T20:30:08.195072Z,100,100,,,,0.0,0,0,0,0,0,0,0,0,0,0,0,0,0,0.00,0.00,0.00,0.00,0.0,0.0
2026-10-06T02:26:14+00:00,2026-10-05,daily,6,2026-10-10T10:00:00Z,490,Wood,NFO,FWD,58,0,-2,0.9,2229,6888,24808,116735,a,,,,,2,,,1.0,1,4,62,0,0,0,0,1,0,1,0,0,1,0.12,0.01,0.13,0.53,1.0,1.0
2026-10-06T02:26:14+00:00,2026-10-05,daily,6,2026-10-10T10:00:00Z,491,Igor Jesus,NFO,FWD,58,0,-2,2.6,8248,24833,127248,272178,a,,,,,4,,,4.0,1,12,257,2,1,0,0,3,0,15,5,2,8,1.25,0.08,1.33,2.61,4.0,4.0
2026-10-06T02:26:14+00:00,2026-10-05,daily,6,2026-10-10T10:00:00Z,493,Kalimuendo,NFO,FWD,54,0,-1,0.1,251,448,3061,4148,a,,,,,,,,0.0,0,1,1,0,0,0,0,0,0,0,0,0,0,0.00,0.00,0.00,0.00,0.0,0.0
2026-10-06T02:26:14+00:00,2026-10-05,daily,6,2026-10-10T10:00:00Z,558,Schlager,NFO,MID,50,0,0,0.1,236,847,5916,5864,a,,,,,,,3,2.5,2,13,376,4,0,0,1,5,0,49,11,17,21,0.19,0.18,0.37,4.43,2.5,2.5
2026-10-06T02:26:14+00:00,2026-10-05,daily,6,2026-10-10T10:00:00Z,581,Diomande,NFO,DEF,54,0,-1,0.5,1659,2430,13781,41895,a,,,,,,,,3.0,2,7,163,2,0,0,0,2,0,19,18,1,10,0.16,0.01,0.17,1.45,3.0,3.0
2026-10-06T02:26:14+00:00,2026-10-05,daily,6,2026-10-10T10:00:00Z,590,Benda,NFO,GKP,45,0,0,0.1,137,249,2677,2850,a,,,,,,,,0.0,0,0,0,0,0,0,0,0,0,0,0,0,0,0.00,0.00,0.00,0.00,0.0,0.0
2026-10-06T02:26:14+00:00,2026-10-05,daily,6,2026-10-10T10:00:00Z,112,Van Hecke,TOT,DEF,49,0,-1,6.5,19538,37692,155707,483087,d,Foot injury - 75% chance of playing,2026-09-30T16:00:09.552205Z,,75,,,,7.0,6,24,450,5,1,0,2,8,0,43,33,10,17,0.69,0.42,1.11,7.78,7.0,5.2
2026-10-06T02:26:14+00:00,2026-10-05,daily,6,2026-10-10T10:00:00Z,147,Tosin,TOT,DEF,44,0,-1,0.1,114,594,2006,7946,a,,,,,,,,0.5,0,1,5,0,0,0,0,0,0,4,2,2,1,0.00,0.00,0.00,0.03,0.5,0.5
2026-10-06T02:26:14+00:00,2026-10-05,daily,6,2026-10-10T10:00:00Z,401,Marmoush,TOT,FWD,70,0,0,2.1,13520,23347,235999,164480,a,,,,,2,4,8,2.0,2,8,339,4,0,0,2,5,0,13,0,2,11,0.38,0.15,0.53,3.84,2.0,2.0
2026-10-06T02:26:14+00:00,2026-10-05,daily,6,2026-10-10T10:00:00Z,403,Sávio,TOT,MID,65,0,0,0.6,3286,7582,100198,80345,a,,2026-08-29T16:30:08.380416Z,100,100,,,2,2.5,2,8,240,3,0,0,2,3,0,11,3,0,8,0.41,0.70,1.11,2.76,2.5,2.5
2026-10-06T02:26:14+00:00,2026-10-05,daily,6,2026-10-10T10:00:00Z,455,Tonali,TOT,MID,53,-1,-2,1.8,2524,16093,48113,270700,a,,2026-09-14T14:30:07.387706Z,100,100,,,,2.5,2,14,427,5,0,0,2,8,0,42,11,11,20,0.24,0.61,0.85,7.72,2.5,2.5
2026-10-06T02:26:14+00:00,2026-10-05,daily,6,2026-10-10T10:00:00Z,494,Vicario,TOT,GKP,45,0,0,0.1,0,758,0,22141,u,Has joined Juventus on loan for the rest of the season,2026-08-19T13:55:33.193962Z,0,0,,,,0.0,0,0,0,0,0,0,0,0,0,0,0,0,0,0.00,0.00,0.00,0.00,0.0,0.0
2026-10-06T02:26:14+00:00,2026-10-05,daily,6,2026-10-10T10:00:00Z,495,Austin,TOT,GKP,40,0,0,1.0,2107,2329,29758,22014,a,,,,,,,,0.0,0,0,0,0,0,0,0,0,0,0,0,0,0,0.00,0.00,0.00,0.00,0.0,0.0
2026-10-06T02:26:14+00:00,2026-10-05,daily,6,2026-10-10T10:00:00Z,496,Kinsky,TOT,GKP,45,0,0,17.2,20945,120076,350099,802303,a,,,,,,,,4.5,2,18,450,5,0,0,2,8,12,0,10,0,34,0.00,0.00,0.00,7.78,4.5,4.5
2026-10-06T02:26:14+00:00,2026-10-05,daily,6,2026-10-10T10:00:00Z,497,Dubravka,TOT,GKP,40,0,0,17.1,30027,52649,400666,445299,a,,,,,,,,0.0,0,0,0,0,0,0,0,0,0,0,0,0,0,0.00,0.00,0.00,0.00,0.0,0.0
2026-10-06T02:26:14+00:00,2026-10-05,daily,6,2026-10-10T10:00:00Z,498,Senesi,TOT,DEF,58,0,-2,3.5,1310,22884,29454,459347,a,,,,,,,,0.0,0,3,90,1,0,0,0,3,0,16,11,5,2,0.00,0.02,0.02,3.87,0.0,0.0
2026-10-06T02:26:14+00:00,2026-10-05,daily,6,2026-10-10T10:00:00Z,499,Pedro Porro,TOT,DEF,54,0,-1,7.5,1772,80774,124546,998522,d,Hamstring injury - 75% chance of playing,2026-09-19T12:00:08.823872Z,100,75,,1,1,0.5,1,9,198,3,0,0,1,2,0,9,6,3,5,0.37,0.16,0.53,1.68,0.5,0.4
2026-10-06T02:26:14+00:00,2026-10-05,daily,6,2026-10-10T10:00:00Z,500,Romero,TOT,DEF,50,0,0,0.1,0,314,0,16828,u,Has joined Atletico Madrid permanently,2026-08-17T13:49:05.465401Z,0,0,,,,0.0,0,0,0,0,0,0,0,0,0,0,0,0,0,0.00,0.00,0.00,0.00,0.0,0.0
2026-10-06T02:26:14+00:00,2026-10-05,daily,6,2026-10-10T10:00:00Z,502,Robertson,TOT,DEF,44,0,-1,2.5,6418,14189,68090,184865,a,,,,,,,6,5.5,4,17,366,4,0,1,1,7,0,20,15,5,15,0.13,0.43,0.56,7.05,5.5,5.5
2026-10-06T02:26:14+00:00,2026-10-05,daily,6,2026-10-10T10:00:00Z,503,Van de Ven,TOT,DEF,50,0,0,3.8,6749,21439,95205,268680,a,,2026-08-21T15:00:07.610517Z,100,100,,,,3.5,1,16,360,4,0,0,2,5,0,29,24,5,17,0.59,0.05,0.64,3.91,3.5,3.5
2026-10-06T02:26:14+00:00,2026-10-05,daily,6,2026-10-10T10:00:00Z,505,Spence,TOT,DEF,45,0,0,0.2,0,1297,0,69383,u,Has joined Internazionale permanently,2026-08-18T14:13:08.454214Z,0,0,,,,0.0,0,0,0,0,0,0,0,0,0,0,0,0,0,0.00,0.00,0.00,0.00,0.0,0.0
2026-10-06T02:26:14+00:00,2026-10-05,daily,6,2026-10-10T10:00:00Z,506,Udogie,TOT,DEF,44,0,-1,0.3,363,1739,5602,22569,a,,2026-09-11T18:00:09.092110Z,100,100,,,,0.0,0,7,86,1,0,0,1,1,0,4,3,1,4,0.00,0.23,0.23,1.17,0.0,0.0
2026-10-06T02:26:14+00:00,2026-10-05,daily,6,2026-10-10T10:00:00Z,507,Phillips,TOT,DEF,45,0,0,0.0,0,55,0,1270,u,Has joined Middlesbrough permanently,2026-08-18T14:13:08.474144Z,0,0,,,,0.0,0,0,0,0,0,0,0,0,0,0,0,0,0,0.00,0.00,0.00,0.00,0.0,0.0
2026-10-06T02:26:14+00:00,2026-10-05,daily,6,2026-10-10T10:00:00Z,508,Davies,TOT,DEF,39,-1,-1,0.9,8066,4294,19862,41737,a,,,,,,,,0.0,0,0,0,0,0,0,0,0,0,0,0,0,0,0.00,0.00,0.00,0.00,0.0,0.0
2026-10-06T02:26:14+00:00,2026-10-05,daily,6,2026-10-10T10:00:00Z,509,Byfield,TOT,DEF,40,0,0,0.1,130,258,2345,2602,a,,,,,,,,0.0,0,0,0,0,0,0,0,0,0,0,0,0,0,0.00,0.00,0.00,0.00,0.0,0.0
2026-10-06T02:26:14+00:00,2026-10-05,daily,6,2026-10-10T10:00:00Z,510,Rowswell,TOT,DEF,40,0,0,0.1,173,364,2902,3492,a,,,,,,,,0.0,0,0,0,0,0,0,0,0,0,0,0,0,0,0.00,0.00,0.00,0.00,0.0,0.0
2026-10-06T02:26:14+00:00,2026-10-05,daily,6,2026-10-10T10:00:00Z,511,Souza,TOT,DEF,40,0,0,0.2,0,947,2555,16933,u,Has joined FC Porto on loan for the rest of the season,2026-09-01T13:24:26.858636Z,0,0,,,,0.0,0,0,0,0,0,0,0,0,0,0,0,0,0,0.00,0.00,0.00,0.00,0.0,0.0
2026-10-06T02:26:14+00:00,2026-10-05,daily,6,2026-10-10T10:00:00Z,512,Kudus,TOT,MID,65,0,0,0.2,2553,1282,13347,11237,a,,2026-07-23T12:01:23.848657Z,100,100,3,6,7,2.5,4,7,123,0,0,1,0,3,0,14,0,3,11,0.11,0.42,0.53,1.46,2.5,2.5
2026-10-06T02:26:14+00:00,2026-10-05,daily,6,2026-10-10T10:00:00Z,513,Xavi,TOT,MID,59,0,-1,0.0,59,86,351,1127,i,Knee injury - Unknown return date,2026-07-23T12:01:23.864304Z,0,0,4,2,,0.0,0,0,0,0,0,0,0,0,0,0,0,0,0,0.00,0.00,0.00,0.00,0.0,0.0
2026-10-06T02:26:14+00:00,2026-10-05,daily,6,2026-10-10T10:00:00Z,514,Tel,TOT,MID,57,-1,-3,0.2,214,2094,9146,46911,a,,,,,,3,3,0.5,0,8,257,3,0,0,1,4,0,13,1,1,11,0.21,0.23,0.44,5.55,0.5,0.5
2026-10-06T02:26:14+00:00,2026-10-05,daily,6,2026-10-10T10:00:00Z,515,Maddison,TOT,MID,63,0,-2,0.4,846,2113,5895,96366,a,,2026-08-25T14:30:07.623508Z,100,100,,5,5,1.0,1,3,59,0,0,0,0,2,0,11,3,4,4,0.06,0.04,0.10,1.03,1.0,1.0
2026-10-06T02:26:14+00:00,2026-10-05,daily,6,2026-10-10T10:00:00Z,516,Bentancur,TOT,MID,55,0,0,0.2,446,829,5210,8486,a,,,,,,,,3.5,4,15,370,4,0,0,2,6,0,60,22,15,23,0.02,0.12,0.14,5.59,3.5,3.5
2026-10-06T02:26:14+00:00,2026-10-05,daily,6,2026-10-10T10:00:00Z,517,Odobert,TOT,MID,55,0,0,0.0,31,15,133,110,i,Knee injury - Unknown return date,2026-07-23T12:01:23.879434Z,0,0,,,,0.0,0,0,0,0,0,0,0,0,0,0,0,0,0,0.00,0.00,0.00,0.00,0.0,0.0
2026-10-06T02:26:14+00:00,2026-10-05,daily,6,2026-10-10T10:00:00Z,518,P.M.Sarr,TOT,MID,49,0,-1,0.1,0,724,4138,23791,u,Has joined Juventus on loan for the rest of the season,2026-09-02T16:02:43.386849Z,0,0,,,,0.0,0,0,0,0,0,0,0,0,0,0,0,0,0,0.00,0.00,0.00,0.00,0.0,0.0
2026-10-06T02:26:14+00:00,2026-10-05,daily,6,2026-10-10T10:00:00Z,519,Gallagher,TOT,MID,53,0,-2,0.2,864,718,4720,17106,a,,,,,,,,3.0,6,9,134,2,1,0,1,2,0,18,1,8,9,0.37,0.12,0.49,2.65,3.0,3.0
2026-10-06T02:26:14+00:00,2026-10-05,daily,6,2026-10-10T10:00:00Z,520,Bergvall,TOT,MID,53,-1,-2,0.1,115,663,1895,9596,a,,,,,,,,1.0,1,3,78,1,0,0,0,2,0,13,1,3,9,0.06,0.27,0.33,2.21,1.0,1.0
2026-10-06T02:26:14+00:00,2026-10-05,daily,6,2026-10-10T10:00:00Z,521,Kulusevski,TOT,MID,65,0,0,0.0,109,79,415,744,i,Knee injury - Unknown return date,2026-07-23T12:01:23.895175Z,0,0,,,,0.0,0,0,0,0,0,0,0,0,0,0,0,0,0,0.00,0.00,0.00,0.00,0.0,0.0
2026-10-06T02:26:14+00:00,2026-10-05,daily,6,2026-10-10T10:00:00Z,522,Gray,TOT,MID,49,0,-1,0.2,503,1304,6880,13475,a,,,,,,,,2.5,2,9,307,3,0,0,1,7,0,27,10,5,12,0.23,0.05,0.28,6.11,2.5,2.5
2026-10-06T02:26:14+00:00,2026-10-05,daily,6,2026-10-10T10:00:00Z,523,Moore,TOT,MID,50,0,0,0.1,0,576,3258,17061,u,Has joined FC Köln on loan for the rest of the season,2026-09-04T12:39:48.098158Z,0,0,,,,0.0,0,3,89,1,0,0,0,4,0,3,0,1,2,0.40,0.02,0.42,3.26,0.0,0.0
2026-10-06T02:26:14+00:00,2026-10-05,daily,6,2026-10-10T10:00:00Z,524,Olusesi,TOT,MID,44,0,-1,1.0,6221,7988,55837,49833,a,,,,,,,,0.0,0,0,0,0,0,0,0,0,0,0,0,0,0,0.00,0.00,0.00,0.00,0.0,0.0
2026-10-06T02:26:14+00:00,2026-10-05,daily,6,2026-10-10T10:00:00Z,525,Fernandes,TOT,MID,57,-1,-3,0.8,517,7105,14498,125192,a,,,,,,,4,2.0,1,7,249,3,0,0,1,4,0,21,2,7,12,0.19,0.28,0.47,4.43,2.0,2.0
2026-10-06T02:26:14+00:00,2026-10-05,daily,6,2026-10-10T10:00:00Z,526,Solanke,TOT,FWD,58,0,-2,0.8,2218,6145,29765,95196,a,,,,,1,,,2.0,2,7,170,2,0,0,1,1,0,9,2,2,5,0.56,0.01,0.57,2.57,2.0,2.0
2026-10-06T02:26:14+00:00,2026-10-05,daily,6,2026-10-10T10:00:00Z,527,Richarlison,TOT,FWD,59,0,-1,0.6,0,6234,21439,268717,u,not included in squad.,2026-09-04T12:32:39.183614Z,0,0,,,,0.0,0,2,67,1,0,0,0,3,0,1,1,0,0,0.00,0.00,0.00,3.02,0.0,0.0
2026-10-06T02:26:14+00:00,2026-10-05,daily,6,2026-10-10T10:00:00Z,528,Scarlett,TOT,FWD,45,0,0,1.1,0,8575,42525,110142,u,Has joined Leyton Orient permanently,2026-09-02T16:02:43.413625Z,0,0,,,,0.0,0,0,0,0,0,0,0,0,0,0,0,0,0,0.00,0.00,0.00,0.00,0.0,0.0
2026-10-06T02:26:14+00:00,2026-10-05,daily,6,2026-10-10T10:00:00Z,578,Mudryk,TOT,MID,53,-1,-2,0.0,23,592,5443,7640,i,Ankle injury - Unknown return date,2026-09-11T18:00:09.154412Z,0,0,,,,0.0,0,1,16,0,0,0,0,0,0,0,0,0,0,0.00,0.00,0.00,0.16,0.0,0.0
2026-10-06T02:26:14+00:00,2026-10-05,daily,6,2026-10-10T10:00:00Z,601,Williams-Barnett,TOT,MID,45,0,0,0.1,177,793,10259,7076,a,,,,,,,,0.0,0,0,0,0,0,0,0,0,0,0,0,0,0,0.00,0.00,0.00,0.00,0.0,0.0
2026-10-06T02:26:14+00:00,2026-10-05,daily,6,2026-10-10T10:00:00Z,501,Danso,SUN,DEF,50,0,0,0.2,1261,902,6686,9939,a,,,,,,,,0.5,0,3,270,3,0,0,0,8,0,20,19,1,11,0.07,0.17,0.24,5.91,0.5,0.5
2026-10-06T02:26:14+00:00,2026-10-05,daily,6,2026-10-10T10:00:00Z,529,Roefs,SUN,GKP,49,0,-1,2.4,2220,12677,22069,178802,a,,,,,,,,1.0,0,11,450,5,0,0,1,10,6,0,7,0,35,0.00,0.01,0.01,8.66,1.0,1.0
2026-10-06T02:26:14+00:00,2026-10-05,daily,6,2026-10-10T10:00:00Z,530,Patterson,SUN,GKP,40,0,0,0.1,0,385,0,6037,u,Has joined Wrexham permanently,2026-08-12T14:08:03.064533Z,0,0,,,,0.0,0,0,0,0,0,0,0,0,0,0,0,0,0,0.00,0.00,0.00,0.00,0.0,0.0
2026-10-06T02:26:14+00:00,2026-10-05,daily,6,2026-10-10T10:00:00Z,531,Ellborg,SUN,GKP,44,-1,-1,0.1,149,274,1188,3355,a,,,,,,,,0.0,0,0,0,0,0,0,0,0,0,0,0,0,0,0.00,0.00,0.00,0.00,0.0,0.0
2026-10-06T02:26:14+00:00,2026-10-05,daily,6,2026-10-10T10:00:00Z,532,Ballard,SUN,DEF,49,0,-1,2.5,3661,19687,45560,320255,d,Hamstring injury - 75% chance of playing,2026-09-25T21:30:10.370384Z,,75,,,,1.0,2,14,450,5,0,0,1,10,0,49,39,10,12,0.31,0.16,0.47,8.66,1.0,0.8
2026-10-06T02:26:14+00:00,2026-10-05,daily,6,2026-10-10T10:00:00Z,533,Mukiele,SUN,DEF,54,0,-1,1.9,5582,9532,44913,130637,a,,2026-08-09T08:30:05.954750Z,100,100,,,,0.0,0,13,360,4,0,0,1,8,0,48,35,13,16,0.75,0.28,1.03,6.86,0.0,0.0
2026-10-06T02:26:14+00:00,2026-10-05,daily,6,2026-10-10T10:00:00Z,534,Hume,SUN,DEF,43,-1,-2,2.8,1315,31963,37941,399638,a,,,,,,,3,0.5,1,10,206,2,0,0,1,2,0,13,3,10,12,0.14,0.29,0.43,4.57,0.5,0.5
2026-10-06T02:26:14+00:00,2026-10-05,daily,6,2026-10-10T10:00:00Z,535,Alderete,SUN,DEF,48,-1,-2,0.2,242,1150,4996,27426,a,,2026-08-09T08:30:05.962393Z,100,100,,,,0.0,0,1,23,0,0,0,0,1,0,0,0,0,2,0.00,0.01,0.01,0.10,0.0,0.0
2026-10-06T02:26:14+00:00,2026-10-05,daily,6,2026-10-10T10:00:00Z,536,Reinildo,SUN,DEF,44,-1,-1,0.3,239,1643,4102,24443,a,,2026-09-12T21:30:09.421687Z,0,100,,,,-1.0,0,7,360,4,0,0,1,5,0,29,21,8,18,0.00,0.32,0.32,5.05,0.0,-1.0
2026-10-06T02:26:14+00:00,2026-10-05,daily,6,2026-10-10T10:00:00Z,537,Seelt,SUN,DEF,45,0,0,0.0,0,23,61,665,u,Has joined Swansea City on loan for the rest of the season,2026-08-29T00:34:52.425076Z,0,0,,,,0.0,0,0,0,0,0,0,0,0,0,0,0,0,0,0.00,0.00,0.00,0.00,0.0,0.0
2026-10-06T02:26:14+00:00,2026-10-05,daily,6,2026-10-10T10:00:00Z,538,Hjelde,SUN,DEF,40,0,0,0.0,0,166,0,2537,u,Has joined KV Mechelen on loan for the rest of the season,2026-08-12T14:08:03.081789Z,0,0,,,,0.0,0,0,0,0,0,0,0,0,0,0,0,0,0,0.00,0.00,0.00,0.00,0.0,0.0
2026-10-06T02:26:14+00:00,2026-10-05,daily,6,2026-10-10T10:00:00Z,539,O'Nien,SUN,DEF,39,-1,-1,2.5,19066,12762,33809,122662,a,,,,,,,,0.0,0,1,66,1,0,0,0,1,0,5,4,1,4,0.01,0.01,0.02,1.69,0.0,0.0
2026-10-06T02:26:14+00:00,2026-10-05,daily,6,2026-10-10T10:00:00Z,540,Masuaku,SUN,DEF,40,0,0,0.1,0,677,0,11610,u,Has joined Konyaspor permanently,2026-08-12T14:08:03.097784Z,0,0,,,,0.0,0,0,0,0,0,0,0,0,0,0,0,0,0,0.00,0.00,0.00,0.00,0.0,0.0
2026-10-06T02:26:14+00:00,2026-10-05,daily,6,2026-10-10T10:00:00Z,541,Meunier,SUN,DEF,45,0,0,0.3,1822,996,7223,9748,a,,2026-08-16T08:30:07.830062Z,100,100,,,,2.5,3,14,396,5,0,1,1,8,0,20,16,4,15,0.34,0.58,0.92,5.94,2.5,2.5
2026-10-06T02:26:14+00:00,2026-10-05,daily,6,2026-10-10T10:00:00Z,542,E.Le Fée,SUN,MID,57,-1,-3,3.3,12590,26280,46162,652855,a,,,,,2,3,1,2.5,5,18,438,5,1,1,1,9,0,21,3,7,11,2.06,1.34,3.40,8.46,2.5,2.5
2026-10-06T02:26:14+00:00,2026-10-05,daily,6,2026-10-10T10:00:00Z,543,Diarra,SUN,MID,53,-1,-2,0.0,20,257,558,5940,i,Hamstring injury - Unknown return date,2026-08-30T16:30:08.428960Z,0,0,1,,,0.0,0,5,28,0,0,1,0,1,0,0,0,0,0,0.03,0.16,0.19,0.12,0.0,0.0
2026-10-06T02:26:14+00:00,2026-10-05,daily,6,2026-10-10T10:00:00Z,544,Xhaka,SUN,MID,55,0,0,3.6,6777,24882,131309,209971,a,,,,,,2,2,1.5,2,21,450,5,0,1,1,10,0,54,12,9,33,0.06,1.32,1.38,8.66,1.5,1.5
2026-10-06T02:26:14+00:00,2026-10-05,daily,6,2026-10-10T10:00:00Z,545,Sadiki,SUN,MID,49,0,-1,0.2,434,1455,5747,18480,a,,,,,,,,2.0,2,10,410,5,0,0,1,9,0,29,11,6,12,0.44,0.24,0.68,6.47,2.0,2.0
2026-10-06T02:26:14+00:00,2026-10-05,daily,6,2026-10-10T10:00:00Z,546,Adingra,SUN,MID,49,0,-1,0.0,0,201,240,7429,u,Has joined Ajax on loan for the rest of the season,2026-08-20T14:00:08.416985Z,0,0,,,,0.0,0,0,0,0,0,0,0,0,0,0,0,0,0,0.00,0.00,0.00,0.00,0.0,0.0
2026-10-06T02:26:14+00:00,2026-10-05,daily,6,2026-10-10T10:00:00Z,547,Mundle,SUN,MID,49,0,-1,0.0,11,56,202,674,i,Knee injury - Unknown return date,2026-09-09T14:00:08.462705Z,0,0,,,,0.0,0,1,1,0,0,0,0,0,0,1,1,0,0,0.17,0.00,0.17,0.09,0.0,0.0
2026-10-06T02:26:14+00:00,2026-10-05,daily,6,2026-10-10T10:00:00Z,548,Rigg,SUN,MID,49,0,-1,0.0,35,248,472,2868,a,,,,,,,,0.0,0,2,17,0,0,0,0,1,0,1,0,0,1,0.00,0.00,0.00,0.44,0.0,0.0
2026-10-06T02:26:14+00:00,2026-10-05,daily,6,2026-10-10T10:00:00Z,549,Talbi,SUN,MID,53,0,-2,0.1,119,600,1352,11820,a,,,,,,,,0.0,0,1,31,0,0,0,0,1,0,2,0,0,2,0.00,0.00,0.00,0.14,0.0,0.0
2026-10-06T02:26:14+00:00,2026-10-05,daily,6,2026-10-10T10:00:00Z,550,Jocelin.T,SUN,MID,50,0,0,0.0,44,45,318,426,a,,,,,,,,0.0,0,0,0,0,0,0,0,0,0,0,0,0,0,0.00,0.00,0.00,0.00,0.0,0.0
2026-10-06T02:26:14+00:00,2026-10-05,daily,6,2026-10-10T10:00:00Z,551,N.Angulo,SUN,MID,50,0,0,0.1,555,838,12834,10626,a,,,,,,1,,3.0,4,16,313,5,1,1,1,7,0,24,5,5,14,0.60,0.13,0.73,4.56,3.0,3.0
2026-10-06T02:26:14+00:00,2026-10-05,daily,6,2026-10-10T10:00:00Z,552,Brobbey,SUN,FWD,57,-1,-3,6.9,198230,53948,289688,940120,d,Hamstring injury - 75% chance of playing,2026-09-24T21:30:10.382142Z,,75,,,,9.0,17,24,399,5,3,0,1,9,0,11,1,0,10,2.94,0.11,3.05,8.18,9.0,6.8
2026-10-06T02:26:14+00:00,2026-10-05,daily,6,2026-10-10T10:00:00Z,553,Isidor,SUN,FWD,55,0,0,1.3,3839,12286,96141,87440,a,,,,,,,,1.0,1,15,117,0,1,1,0,3,0,5,0,2,3,1.49,0.01,1.50,3.78,1.0,1.0
2026-10-06T02:26:14+00:00,2026-10-05,daily,6,2026-10-10T10:00:00Z,612,Methalie,SUN,DEF,45,0,0,0.0,129,75,918,501,a,,2026-08-28T13:00:08.950445Z,100,100,,,,-0.5,-1,-1,90,1,0,0,0,5,0,3,2,1,4,0.03,0.01,0.04,2.82,-0.5,-0.5
2026-10-06T02:26:14+00:00,2026-10-05,daily,6,2026-10-10T10:00:00Z,613,Ahoka,SUN,MID,45,0,0,0.2,627,1694,25422,14392,a,,,,,,,,0.0,0,0,0,0,0,0,0,0,0,0,0,0,0,0.00,0.00,0.00,0.00,0.0,0.0
2026-10-06T02:26:14+00:00,2026-10-05,daily,6,2026-10-10T10:00:00Z,646,Fofana,SUN,MID,55,0,0,0.0,352,318,4088,1746,a,,,,,,,,1.0,1,3,60,0,0,0,0,2,0,3,0,1,2,0.39,0.01,0.40,3.25,1.0,1.0
2026-10-06T02:26:14+00:00,2026-10-05,daily,6,2026-10-10T10:00:00Z,651,J.Angulo,SUN,FWD,45,0,0,0.7,9536,7681,91404,30696,a,,,,,,,,0.0,0,0,0,0,0,0,0,0,0,0,0,0,0,0.00,0.00,0.00,0.00,0.0,0.0
