snapshot_utc,snapshot_date,snapshot_kind,event,deadline_time,id,web_name,team,position,now_cost,cost_change_event,cost_change_start,selected_by_percent,transfers_in_event,transfers_out_event,transfers_in,transfers_out,status,news,news_added,chance_of_playing_this_round,chance_of_playing_next_round,penalties_order,direct_freekicks_order,corners_and_indirect_freekicks_order,form,event_points,total_points,minutes,starts,goals_scored,assists,clean_sheets,goals_conceded,saves,defensive_contribution,clearances_blocks_interceptions,tackles,recoveries,expected_goals,expected_assists,expected_goal_involvements,expected_goals_conceded,ep_this,ep_next
2026-10-02T01:46:22+00:00,2026-10-01,daily,6,2026-10-10T10:00:00Z,1,Raya,ARS,GKP,61,1,1,42.3,127439,48301,967838,640705,a,,,,,,,,6.0,1,30,450,5,0,0,3,4,9,0,6,1,58,0.00,0.01,0.01,4.03,6.0,6.0
2026-10-02T01:46:22+00:00,2026-10-01,daily,6,2026-10-10T10:00:00Z,2,Arrizabalaga,ARS,GKP,49,0,-1,0.1,113,258,1490,4271,a,,,,,,,,0.0,0,0,0,0,0,0,0,0,0,0,0,0,0,0.00,0.00,0.00,0.00,0.0,0.0
2026-10-02T01:46:22+00:00,2026-10-01,daily,6,2026-10-10T10:00:00Z,3,Meslier,ARS,GKP,49,0,-1,0.0,47,124,514,1584,a,,,,,,,,0.0,0,0,0,0,0,0,0,0,0,0,0,0,0,0.00,0.00,0.00,0.00,0.0,0.0
2026-10-02T01:46:22+00:00,2026-10-01,daily,6,2026-10-10T10:00:00Z,4,Gabriel,ARS,DEF,80,0,0,22.7,25030,67028,235273,909919,a,,,,,,,,4.0,1,25,450,5,0,0,3,4,0,41,35,6,17,0.51,0.20,0.71,4.03,4.0,4.0
2026-10-02T01:46:22+00:00,2026-10-01,daily,6,2026-10-10T10:00:00Z,5,J.Timber,ARS,DEF,65,0,0,0.4,12784,4170,34440,14923,a,,2026-07-23T12:01:23.272929Z,100,100,,,,0.3,0,1,104,1,0,0,0,3,0,5,2,3,7,0.00,0.03,0.03,2.18,0.3,0.3
2026-10-02T01:46:22+00:00,2026-10-01,daily,6,2026-10-10T10:00:00Z,6,Saliba,ARS,DEF,59,0,-1,0.2,396,1116,3478,18669,i,Back injury - Unknown return date,2026-07-23T12:01:23.289376Z,0,0,,,,0.0,0,0,0,0,0,0,0,0,0,0,0,0,0,0.00,0.00,0.00,0.00,0.0,0.0
2026-10-02T01:46:22+00:00,2026-10-01,daily,6,2026-10-10T10:00:00Z,7,Lewis-Skelly,ARS,MID,54,-1,-1,0.6,935,4982,29612,49786,a,,,,,,,,1.0,0,9,271,4,0,0,2,1,0,14,5,1,8,0.16,0.23,0.39,1.02,1.0,1.0
2026-10-02T01:46:22+00:00,2026-10-01,daily,6,2026-10-10T10:00:00Z,8,Calafiori,ARS,DEF,58,0,3,50.5,77162,64227,1657170,402734,a,,,,,,,,3.0,1,29,416,5,0,2,3,4,0,18,12,6,13,0.67,0.62,1.29,3.76,3.0,3.0
2026-10-02T01:46:22+00:00,2026-10-01,daily,6,2026-10-10T10:00:00Z,9,Hincapie,ARS,DEF,52,-1,-3,0.9,1454,5761,16273,117472,a,,,,,,,,0.3,0,2,32,0,0,0,0,0,0,3,2,1,0,0.00,0.00,0.00,0.28,0.3,0.3
2026-10-02T01:46:22+00:00,2026-10-01,daily,6,2026-10-10T10:00:00Z,10,White,ARS,DEF,55,0,0,4.9,3252,67765,456010,566546,d,Groin injury - 75% chance of playing,2026-09-20T19:30:08.247780Z,100,75,,,,1.0,0,21,315,4,0,1,2,1,0,18,12,6,9,0.18,0.29,0.47,1.15,1.0,0.8
2026-10-02T01:46:22+00:00,2026-10-01,daily,6,2026-10-10T10:00:00Z,11,Mosquera,ARS,DEF,53,0,-2,1.6,1213,9485,31378,468214,a,,2026-09-04T14:00:08.080310Z,100,100,,,,0.0,0,12,168,2,0,0,2,0,0,10,10,0,3,0.00,0.01,0.01,0.53,0.0,0.0
2026-10-02T01:46:22+00:00,2026-10-01,daily,6,2026-10-10T10:00:00Z,12,Saka,ARS,MID,95,0,0,13.7,110879,47868,790501,397719,a,,,,,1,2,2,4.0,2,32,416,5,3,0,3,4,0,31,8,6,17,3.22,0.98,4.20,3.58,4.0,4.0
2026-10-02T01:46:22+00:00,2026-10-01,daily,6,2026-10-10T10:00:00Z,13,Rice,ARS,MID,74,0,-1,11.6,7594,84370,119440,727044,d,Unspecified injury - 75% chance of playing,2026-09-21T13:00:08.896379Z,,75,,1,1,4.0,1,20,411,5,0,2,3,4,0,42,18,7,17,0.12,0.69,0.81,3.50,4.0,3.0
2026-10-02T01:46:22+00:00,2026-10-01,daily,6,2026-10-10T10:00:00Z,14,Eze,ARS,MID,62,-1,-3,1.0,2333,6843,23252,139687,a,,,,,,3,,0.7,1,4,85,0,0,0,0,0,0,5,0,0,5,0.04,0.09,0.13,1.33,0.7,0.7
2026-10-02T01:46:22+00:00,2026-10-01,daily,6,2026-10-10T10:00:00Z,15,Ødegaard,ARS,MID,68,0,3,19.8,77693,88958,1633413,548407,a,,,,,3,4,,5.0,2,29,377,5,2,0,3,4,0,23,5,6,12,1.08,1.32,2.40,3.23,5.0,5.0
2026-10-02T01:46:22+00:00,2026-10-01,daily,6,2026-10-10T10:00:00Z,16,Madueke,ARS,MID,62,0,-3,0.2,746,1579,6026,25999,a,,,,,,,5,0.3,0,2,23,0,0,0,0,0,0,3,0,1,2,0.00,0.05,0.05,0.15,0.3,0.3
2026-10-02T01:46:22+00:00,2026-10-01,daily,6,2026-10-10T10:00:00Z,17,Merino,ARS,MID,57,-1,-3,0.4,758,2914,9495,48204,a,,,,,,,,0.7,1,4,81,0,0,0,0,0,0,10,1,0,9,0.14,0.15,0.29,0.96,0.7,0.7
2026-10-02T01:46:22+00:00,2026-10-01,daily,6,2026-10-10T10:00:00Z,18,Martinelli,ARS,MID,63,0,-2,0.1,0,577,2483,21878,u,Has joined Al Hilal permanently,2026-09-04T12:34:46.738449Z,0,0,,,,0.0,0,0,0,0,0,0,0,0,0,0,0,0,0,0.00,0.00,0.00,0.00,0.0,0.0
2026-10-02T01:46:22+00:00,2026-10-01,daily,6,2026-10-10T10:00:00Z,19,Zubimendi,ARS,MID,53,0,-2,0.6,511,3743,8526,66686,a,,,,,,,,1.0,1,5,89,0,0,0,0,0,0,12,5,4,3,0.21,0.04,0.25,1.38,1.0,1.0
2026-10-02T01:46:22+00:00,2026-10-01,daily,6,2026-10-10T10:00:00Z,20,Dowman,ARS,MID,53,0,-2,0.1,460,582,3048,7301,a,,,,,,,,0.3,1,1,9,0,0,0,0,0,0,0,0,0,0,0.00,0.08,0.08,0.31,0.3,0.3
2026-10-02T01:46:22+00:00,2026-10-01,daily,6,2026-10-10T10:00:00Z,22,Nwaneri,ARS,MID,54,0,-1,0.0,0,52,233,1252,u,Has joined Borussia Dortmund on loan for the rest of the season,2026-09-02T16:01:07.058827Z,0,0,,,,0.0,0,0,0,0,0,0,0,0,0,0,0,0,0,0.00,0.00,0.00,0.00,0.0,0.0
2026-10-02T01:46:22+00:00,2026-10-01,daily,6,2026-10-10T10:00:00Z,23,Fábio Vieira,ARS,MID,55,0,0,0.0,0,40,255,919,u,Has joined Hamburger SV permanently,2026-09-02T16:00:28.446370Z,0,0,,,,0.0,0,0,0,0,0,0,0,0,0,0,0,0,0,0.00,0.00,0.00,0.00,0.0,0.0
2026-10-02T01:46:22+00:00,2026-10-01,daily,6,2026-10-10T10:00:00Z,24,Nelson,ARS,MID,55,0,0,0.0,0,24,68,678,u,has departed the club as a free agent.,2026-08-29T00:33:08.556767Z,0,0,,,,0.0,0,0,0,0,0,0,0,0,0,0,0,0,0,0.00,0.00,0.00,0.00,0.0,0.0
2026-10-02T01:46:22+00:00,2026-10-01,daily,6,2026-10-10T10:00:00Z,25,Gyökeres,ARS,FWD,71,-1,-4,3.1,11826,17026,40049,611350,a,,,,,2,,,0.7,1,2,29,0,0,0,0,0,0,1,0,0,1,0.00,0.23,0.23,0.65,0.7,0.7
2026-10-02T01:46:22+00:00,2026-10-01,daily,6,2026-10-10T10:00:00Z,26,Havertz,ARS,FWD,76,0,1,8.3,50479,64154,653712,424626,d,Hamstring injury - 75% chance of playing,2026-09-24T22:00:09.120308Z,,75,,,,3.7,2,19,437,5,2,0,3,4,0,13,6,0,7,1.67,0.37,2.04,3.91,3.7,2.8
2026-10-02T01:46:22+00:00,2026-10-01,daily,6,2026-10-10T10:00:00Z,27,G.Jesus,ARS,FWD,59,0,-1,0.1,0,1029,4164,29304,u,Has joined FC Barcelona permanently,2026-09-02T16:00:28.475184Z,0,0,,,,0.0,0,0,0,0,0,0,0,0,0,0,0,0,0,0.00,0.00,0.00,0.00,0.0,0.0
2026-10-02T01:46:22+00:00,2026-10-01,daily,6,2026-10-10T10:00:00Z,31,Konsa,ARS,DEF,46,1,1,19.4,91277,46691,1464584,637799,a,,,,,,,,3.7,1,12,281,3,0,0,1,4,0,23,18,5,9,0.23,0.02,0.25,3.50,3.7,3.7
2026-10-02T01:46:22+00:00,2026-10-01,daily,6,2026-10-10T10:00:00Z,452,Bruno G.,ARS,MID,67,0,-3,1.8,5724,7676,30670,244749,a,,2026-09-04T14:00:08.328779Z,100,100,4,,4,2.7,1,9,123,1,1,0,0,3,0,12,3,1,8,0.09,0.16,0.25,2.18,2.7,2.7
2026-10-02T01:46:22+00:00,2026-10-01,daily,6,2026-10-10T10:00:00Z,557,Tzolis,ARS,MID,63,-1,-2,12.1,12230,140091,462597,1603299,a,,,,,,,3,3.3,2,16,362,5,0,2,2,4,0,23,7,4,12,0.19,0.55,0.74,2.73,3.3,3.3
2026-10-02T01:46:22+00:00,2026-10-01,daily,6,2026-10-10T10:00:00Z,29,M.Bizot,AVL,GKP,45,0,0,0.1,60,1020,4654,7396,i,Back injury - Expected back 10 Oct,2026-09-17T07:30:09.058151Z,0,0,,,,0.0,0,1,90,1,0,0,0,4,3,0,2,0,6,0.00,0.00,0.00,3.77,0.0,0.0
2026-10-02T01:46:22+00:00,2026-10-01,daily,6,2026-10-10T10:00:00Z,30,Digne,AVL,DEF,45,0,0,0.0,0,233,0,8644,u,Has joined Paris Saint-Germain permanently,2026-08-10T14:03:30.089007Z,0,0,,,,0.0,0,0,0,0,0,0,0,0,0,0,0,0,0,0.00,0.00,0.00,0.00,0.0,0.0
2026-10-02T01:46:22+00:00,2026-10-01,daily,6,2026-10-10T10:00:00Z,32,Cash,AVL,DEF,44,0,-1,4.8,2692,25221,95343,419210,a,,2026-09-09T14:30:08.192142Z,100,100,,,3,1.7,-1,6,296,3,0,0,1,7,0,17,11,6,2,0.15,0.04,0.19,5.95,1.7,1.7
2026-10-02T01:46:22+00:00,2026-10-01,daily,6,2026-10-10T10:00:00Z,33,Mings,AVL,DEF,45,0,0,0.4,1722,1412,16442,17436,a,,,,,,,,3.0,3,10,261,2,0,0,1,4,0,24,20,4,7,0.20,0.02,0.22,4.43,3.0,3.0
2026-10-02T01:46:22+00:00,2026-10-01,daily,6,2026-10-10T10:00:00Z,34,Pau,AVL,DEF,44,-1,-1,0.3,44,3157,11237,27515,i,Hamstring injury - Expected back 10 Oct,2026-09-12T18:00:08.712707Z,0,0,,,,0.3,0,3,187,3,0,0,0,5,0,9,8,1,9,0.00,0.01,0.01,4.79,0.0,0.0
2026-10-02T01:46:22+00:00,2026-10-01,daily,6,2026-10-10T10:00:00Z,35,Bogarde,AVL,MID,49,-1,-1,0.1,174,444,2915,4772,a,,,,,,,,0.0,0,1,16,0,0,0,0,0,0,1,1,0,0,0.00,0.00,0.00,0.22,0.0,0.0
2026-10-02T01:46:22+00:00,2026-10-01,daily,6,2026-10-10T10:00:00Z,36,Maatsen,AVL,DEF,44,-1,-1,0.5,50,6192,31892,61930,i,Ankle injury - Unknown return date,2026-09-12T18:00:08.729468Z,0,0,,,,2.7,0,9,335,4,0,0,1,7,0,24,17,7,10,0.28,0.45,0.73,6.54,0.0,0.0
2026-10-02T01:46:22+00:00,2026-10-01,daily,6,2026-10-10T10:00:00Z,37,Lindelöf,AVL,DEF,45,0,0,0.3,1044,1298,14644,14321,a,,,,,,,,2.7,1,8,450,5,0,0,1,9,0,22,21,1,7,0.44,0.17,0.61,9.22,2.7,2.7
2026-10-02T01:46:22+00:00,2026-10-01,daily,6,2026-10-10T10:00:00Z,38,A.García,AVL,DEF,40,0,0,1.5,1854,6102,45300,68002,a,,,,,,,,0.0,0,0,0,0,0,0,0,0,0,0,0,0,0,0.00,0.00,0.00,0.00,0.0,0.0
2026-10-02T01:46:22+00:00,2026-10-01,daily,6,2026-10-10T10:00:00Z,39,Nedeljkovic,AVL,DEF,40,0,0,0.1,0,565,0,15250,u,Has joined Rangers on loan for the rest of the season,2026-08-19T13:56:46.385411Z,0,0,,,,0.0,0,0,0,0,0,0,0,0,0,0,0,0,0,0.00,0.00,0.00,0.00,0.0,0.0
2026-10-02T01:46:22+00:00,2026-10-01,daily,6,2026-10-10T10:00:00Z,41,Buendía,AVL,MID,59,0,-1,1.0,12276,4198,60260,95343,a,,,,,1,1,2,5.7,12,21,401,5,1,0,1,8,0,34,5,9,20,0.92,0.24,1.16,7.86,5.7,5.7
2026-10-02T01:46:22+00:00,2026-10-01,daily,6,2026-10-10T10:00:00Z,44,Bailey,AVL,MID,54,0,-1,0.1,0,497,2096,13228,u,Has joined Olympiakos permanently,2026-09-04T12:35:14.472260Z,0,0,,,,0.0,0,0,0,0,0,0,0,0,0,0,0,0,0,0.00,0.00,0.00,0.00,0.0,0.0
2026-10-02T01:46:22+00:00,2026-10-01,daily,6,2026-10-10T10:00:00Z,45,McGinn,AVL,MID,54,0,-1,2.2,6879,8565,70710,155527,a,,,,,,,1,5.0,6,17,434,5,0,2,2,7,0,30,8,5,17,0.77,0.24,1.01,8.29,5.0,5.0
2026-10-02T01:46:22+00:00,2026-10-01,daily,6,2026-10-10T10:00:00Z,46,Barkley,AVL,MID,50,0,0,0.3,566,1768,16123,16245,a,,,,,,,4,2.0,1,10,308,4,0,0,1,8,0,28,5,7,16,0.38,0.14,0.52,7.36,2.0,2.0
2026-10-02T01:46:22+00:00,2026-10-01,daily,6,2026-10-10T10:00:00Z,47,Kamara,AVL,MID,50,0,0,0.3,1319,1574,14528,21522,a,,2026-07-23T12:01:23.337269Z,100,100,,,,3.7,6,15,443,5,0,1,2,7,0,36,11,9,16,0.12,0.16,0.28,8.44,3.7,3.7
2026-10-02T01:46:22+00:00,2026-10-01,daily,6,2026-10-10T10:00:00Z,48,Onana,AVL,MID,49,0,-1,0.0,40,94,511,1664,i,Knee injury - Unknown return date,2026-07-23T12:01:23.352497Z,0,0,,,,0.0,0,0,0,0,0,0,0,0,0,0,0,0,0,0.00,0.00,0.00,0.00,0.0,0.0
2026-10-02T01:46:22+00:00,2026-10-01,daily,6,2026-10-10T10:00:00Z,49,Iling Jr,AVL,MID,50,0,0,0.0,0,11,0,236,u,Has joined Bolton Wanderers on loan for the rest of the season,2026-08-17T13:52:28.532616Z,0,0,,,,0.0,0,0,0,0,0,0,0,0,0,0,0,0,0,0.00,0.00,0.00,0.00,0.0,0.0
2026-10-02T01:46:22+00:00,2026-10-01,daily,6,2026-10-10T10:00:00Z,50,Burrowes,AVL,MID,45,0,0,0.6,636,3407,21461,35131,a,,,,,,,,0.0,0,0,0,0,0,0,0,0,0,0,0,0,0,0.00,0.00,0.00,0.00,0.0,0.0
2026-10-02T01:46:22+00:00,2026-10-01,daily,6,2026-10-10T10:00:00Z,51,George Hemmings,AVL,MID,45,0,0,1.2,3204,9665,115887,69598,a,,,,,,,,1.7,1,9,297,4,0,0,1,7,0,19,3,6,10,0.07,0.16,0.23,6.26,1.7,1.7
2026-10-02T01:46:22+00:00,2026-10-01,daily,6,2026-10-10T10:00:00Z,52,Alysson,AVL,MID,50,0,0,0.0,68,786,3354,3649,d,Unspecified injury - 75% chance of playing,2026-09-19T11:30:09.355376Z,,75,,,,2.3,0,8,87,0,1,0,0,2,0,8,2,2,4,0.06,0.00,0.06,2.40,2.3,1.7
2026-10-02T01:46:22+00:00,2026-10-01,daily,6,2026-10-10T10:00:00Z,53,Manzambi,AVL,MID,59,0,-1,0.4,28190,3287,31176,19906,a,,2026-08-15T15:30:06.388335Z,100,100,,,,4.7,13,14,98,1,1,1,1,1,0,9,2,2,5,0.44,0.24,0.68,1.54,4.7,4.7
2026-10-02T01:46:22+00:00,2026-10-01,daily,6,2026-10-10T10:00:00Z,54,Gomes,AVL,MID,55,0,0,0.0,462,197,1301,4106,a,,2026-09-16T19:30:08.742410Z,100,100,,,,1.3,4,2,129,2,0,0,0,6,0,20,6,9,5,0.00,0.03,0.03,4.14,1.3,1.3
2026-10-02T01:46:22+00:00,2026-10-01,daily,6,2026-10-10T10:00:00Z,55,Watkins,AVL,FWD,78,0,-2,2.5,0,12793,14882,760174,u,Has joined Al Hilal permanently,2026-09-01T13:15:16.698799Z,0,0,,,,0.0,0,0,0,0,0,0,0,0,0,0,0,0,0,0.00,0.00,0.00,0.00,0.0,0.0
2026-10-02T01:46:22+00:00,2026-10-01,daily,6,2026-10-10T10:00:00Z,56,Abraham,AVL,FWD,55,0,0,0.2,1702,1731,15750,12907,a,,2026-08-15T16:00:07.558543Z,100,100,,,,1.0,1,4,71,0,0,0,0,3,0,2,0,1,1,0.00,0.00,0.00,2.69,1.0,1.0
2026-10-02T01:46:22+00:00,2026-10-01,daily,6,2026-10-10T10:00:00Z,160,Garnacho,AVL,MID,58,0,-2,0.3,536,2776,7484,41229,a,,,,,,,,0.3,0,3,31,0,0,0,0,0,0,2,0,0,2,0.00,0.00,0.00,0.49,0.3,0.3
2026-10-02T01:46:22+00:00,2026-10-01,daily,6,2026-10-10T10:00:00Z,166,N.Jackson,AVL,FWD,65,0,0,1.5,36442,8110,181704,85050,a,,,,,2,,,2.7,6,10,286,4,1,0,1,2,0,9,1,0,8,0.68,0.60,1.28,2.75,2.7,2.7
2026-10-02T01:46:22+00:00,2026-10-01,daily,6,2026-10-10T10:00:00Z,582,Madjo,AVL,FWD,54,0,-1,0.2,206,1781,2891,30552,i,Unspecified injury - Unknown return date,2026-08-15T16:00:07.974271Z,0,0,,,,0.0,0,0,0,0,0,0,0,0,0,0,0,0,0,0.00,0.00,0.00,0.00,0.0,0.0
2026-10-02T01:46:22+00:00,2026-10-01,daily,6,2026-10-10T10:00:00Z,596,Ruggeri,AVL,DEF,45,0,0,0.1,527,337,3170,5601,a,,,,,,,,1.3,3,5,113,1,0,0,0,2,0,16,14,2,11,0.03,0.02,0.05,2.05,1.3,1.3
2026-10-02T01:46:22+00:00,2026-10-01,daily,6,2026-10-10T10:00:00Z,597,Suzuki,AVL,GKP,50,0,0,1.9,13584,6547,151148,62406,a,,,,,,,,4.7,2,16,360,4,0,0,1,5,15,0,8,0,43,0.00,0.01,0.01,5.45,4.7,4.7
2026-10-02T01:46:22+00:00,2026-10-01,daily,6,2026-10-10T10:00:00Z,606,Rowe,AVL,DEF,40,0,0,0.2,317,904,13013,6159,a,,,,,,,,0.0,0,0,0,0,0,0,0,0,0,0,0,0,0,0.00,0.00,0.00,0.00,0.0,0.0
2026-10-02T01:46:22+00:00,2026-10-01,daily,6,2026-10-10T10:00:00Z,607,Lynch,AVL,MID,45,0,0,0.1,0,708,7103,8152,u,Has joined Oxford United on loan until January,2026-09-04T12:35:39.820426Z,0,0,,,,0.0,0,0,0,0,0,0,0,0,0,0,0,0,0,0.00,0.00,0.00,0.00,0.0,0.0
2026-10-02T01:46:22+00:00,2026-10-01,daily,6,2026-10-10T10:00:00Z,611,Wan-Bissaka,AVL,DEF,45,0,0,0.2,1450,1431,18303,7764,a,,,,,,,,1.7,1,6,152,2,0,0,0,2,0,21,12,9,1,0.00,0.07,0.07,3.27,1.7,1.7
2026-10-02T01:46:22+00:00,2026-10-01,daily,6,2026-10-10T10:00:00Z,618,Goretzka,AVL,MID,59,0,-1,0.0,23,418,4632,4732,i,Knee injury - Expected back 10 Oct,2026-09-09T09:30:08.229436Z,0,0,,,,0.0,0,0,0,0,0,0,0,0,0,0,0,0,0,0.00,0.00,0.00,0.00,0.0,0.0
2026-10-02T01:46:22+00:00,2026-10-01,daily,6,2026-10-10T10:00:00Z,630,Harwood-Bellis,AVL,DEF,45,0,0,0.0,192,188,2169,994,a,,,,,,,,0.0,0,0,0,0,0,0,0,0,0,0,0,0,0,0.00,0.00,0.00,0.00,0.0,0.0
2026-10-02T01:46:22+00:00,2026-10-01,daily,6,2026-10-10T10:00:00Z,631,Mbaye,AVL,MID,60,0,0,0.1,915,1117,10423,4798,a,,,,,,,,0.7,1,2,33,0,0,0,0,3,0,2,0,1,1,0.02,0.13,0.15,1.64,0.7,0.7
2026-10-02T01:46:22+00:00,2026-10-01,daily,6,2026-10-10T10:00:00Z,667,Wright,AVL,GKP,40,0,0,0.1,7205,850,7205,850,a,,,,,,,,0.0,0,0,0,0,0,0,0,0,0,0,0,0,0,0.00,0.00,0.00,0.00,1.0,1.0
2026-10-02T01:46:22+00:00,2026-10-01,daily,6,2026-10-10T10:00:00Z,57,Petrović,BOU,GKP,45,0,0,3.0,6252,11780,112235,124451,a,,,,,,,,1.3,2,9,450,5,0,0,0,8,11,0,6,0,43,0.00,0.00,0.00,6.95,1.3,1.3
2026-10-02T01:46:22+00:00,2026-10-01,daily,6,2026-10-10T10:00:00Z,58,Forster,BOU,GKP,40,0,0,3.5,8195,7335,117389,79156,a,,,,,,,,0.0,0,0,0,0,0,0,0,0,0,0,0,0,0,0.00,0.00,0.00,0.00,0.0,0.0
2026-10-02T01:46:22+00:00,2026-10-01,daily,6,2026-10-10T10:00:00Z,59,Dennis,BOU,GKP,40,0,0,0.1,0,556,1133,7524,u,Has joined MK Dons permanently,2026-08-27T14:53:48.692835Z,0,0,,,,0.0,0,0,0,0,0,0,0,0,0,0,0,0,0,0.00,0.00,0.00,0.00,0.0,0.0
2026-10-02T01:46:22+00:00,2026-10-01,daily,6,2026-10-10T10:00:00Z,60,Hill,BOU,DEF,55,0,0,0.8,3175,3121,30916,43715,a,,,,,,,,2.3,4,12,450,5,0,0,0,8,0,50,41,9,11,0.00,0.79,0.79,6.95,2.3,2.3
2026-10-02T01:46:22+00:00,2026-10-01,daily,6,2026-10-10T10:00:00Z,61,Truffert,BOU,DEF,54,-1,-1,3.0,4605,12221,56474,160504,a,,,,,,,,1.7,2,10,450,5,0,0,0,8,0,45,28,17,24,0.11,0.29,0.40,6.95,1.7,1.7
2026-10-02T01:46:22+00:00,2026-10-01,daily,6,2026-10-10T10:00:00Z,62,Diakité,BOU,DEF,49,-1,-1,0.2,475,968,7133,12033,a,,,,,,,,0.0,0,0,0,0,0,0,0,0,0,0,0,0,0,0.00,0.00,0.00,0.00,0.0,0.0
2026-10-02T01:46:22+00:00,2026-10-01,daily,6,2026-10-10T10:00:00Z,63,Milosavljević,BOU,DEF,49,0,-1,0.0,32,45,338,842,i,Thigh injury - Unknown return date,2026-08-06T10:00:10.456051Z,0,0,,,,0.0,0,0,0,0,0,0,0,0,0,0,0,0,0,0.00,0.00,0.00,0.00,0.0,0.0
2026-10-02T01:46:22+00:00,2026-10-01,daily,6,2026-10-10T10:00:00Z,64,Smith,BOU,DEF,45,0,0,0.1,401,481,7199,7309,a,,,,,,,,0.7,2,4,434,5,0,0,0,8,0,21,16,5,15,0.01,0.09,0.10,6.70,0.7,0.7
2026-10-02T01:46:22+00:00,2026-10-01,daily,6,2026-10-10T10:00:00Z,65,J.Araujo,BOU,DEF,44,0,-1,0.0,37,54,421,1293,i,Thigh injury - Unknown return date,2026-08-09T08:00:05.645826Z,0,0,,,,0.0,0,0,0,0,0,0,0,0,0,0,0,0,0,0.00,0.00,0.00,0.00,0.0,0.0
2026-10-02T01:46:22+00:00,2026-10-01,daily,6,2026-10-10T10:00:00Z,66,Soler,BOU,DEF,40,0,0,0.3,739,1122,13830,11007,a,,2026-08-15T16:30:07.021055Z,100,100,,,,0.0,0,0,0,0,0,0,0,0,0,0,0,0,0,0.00,0.00,0.00,0.00,0.0,0.0
2026-10-02T01:46:22+00:00,2026-10-01,daily,6,2026-10-10T10:00:00Z,67,Rayan,BOU,MID,63,-1,-2,1.6,4033,9786,52703,169282,a,,,,,,,,2.0,2,10,434,5,0,0,0,7,0,15,6,5,4,0.87,0.43,1.30,6.35,2.0,2.0
2026-10-02T01:46:22+00:00,2026-10-01,daily,6,2026-10-10T10:00:00Z,68,Tavernier,BOU,MID,61,0,1,6.8,83143,44338,694336,219062,a,,,,,3,1,1,6.7,2,31,424,5,3,0,0,8,0,42,5,11,26,1.70,0.92,2.62,6.54,6.7,6.7
2026-10-02T01:46:22+00:00,2026-10-01,daily,6,2026-10-10T10:00:00Z,69,Scott,BOU,MID,61,0,1,5.8,24096,38666,547999,208842,a,,,,,,4,2,5.3,2,30,446,5,1,2,1,7,0,60,15,9,36,0.64,0.42,1.06,6.82,5.3,5.3
2026-10-02T01:46:22+00:00,2026-10-01,daily,6,2026-10-10T10:00:00Z,70,Kluivert,BOU,MID,60,0,0,0.9,2300,18120,52657,83002,i,Unspecified injury - Unknown return date,2026-09-20T15:30:09.074071Z,,0,2,2,3,3.0,0,15,294,4,1,0,2,3,0,22,2,4,16,0.99,0.08,1.07,4.48,3.0,0.0
2026-10-02T01:46:22+00:00,2026-10-01,daily,6,2026-10-10T10:00:00Z,71,Cook,BOU,MID,50,0,0,0.2,267,1150,13101,13931,a,,,,,,,,0.7,1,8,180,2,0,0,2,1,0,14,7,1,6,0.00,0.01,0.01,4.20,0.7,0.7
2026-10-02T01:46:22+00:00,2026-10-01,daily,6,2026-10-10T10:00:00Z,72,Gannon-Doak,BOU,MID,49,0,-1,0.1,140,381,1640,4641,a,,,,,,,,1.0,1,4,12,0,0,0,0,1,0,7,0,2,5,0.12,0.05,0.17,0.60,1.0,1.0
2026-10-02T01:46:22+00:00,2026-10-01,daily,6,2026-10-10T10:00:00Z,73,Adams,BOU,MID,50,0,0,0.3,1109,1654,18318,16645,a,,2026-08-15T16:30:07.029928Z,100,100,,,,3.3,4,12,279,3,0,0,0,7,0,41,12,7,22,0.03,0.07,0.10,2.74,3.3,3.3
2026-10-02T01:46:22+00:00,2026-10-01,daily,6,2026-10-10T10:00:00Z,74,Brooks,BOU,MID,50,0,0,0.1,175,325,3357,3783,a,,2026-08-15T16:30:07.037929Z,100,100,,3,4,0.7,1,3,45,0,0,0,0,2,0,5,2,0,3,0.00,0.07,0.07,0.75,0.7,0.7
2026-10-02T01:46:22+00:00,2026-10-01,daily,6,2026-10-10T10:00:00Z,75,Christie,BOU,MID,50,0,0,0.0,297,252,3552,2197,a,,2026-07-24T17:30:10.035483Z,100,100,,,,1.3,2,5,102,1,0,0,0,2,0,14,3,1,10,0.50,0.13,0.63,1.64,1.3,1.3
2026-10-02T01:46:22+00:00,2026-10-01,daily,6,2026-10-10T10:00:00Z,76,Tóth.A,BOU,MID,49,0,-1,0.0,27,55,384,784,a,,,,,,,,0.3,1,2,17,0,0,0,0,2,0,2,0,1,1,0.00,0.00,0.00,0.56,0.3,0.3
2026-10-02T01:46:22+00:00,2026-10-01,daily,6,2026-10-10T10:00:00Z,77,Adli,BOU,MID,49,0,-1,0.0,23,77,292,2218,i,Calf injury - Unknown return date,2026-08-15T16:00:07.590566Z,0,0,,,,0.0,0,0,0,0,0,0,0,0,0,0,0,0,0,0.00,0.00,0.00,0.00,0.0,0.0
2026-10-02T01:46:22+00:00,2026-10-01,daily,6,2026-10-10T10:00:00Z,78,Kroupi.Jr,BOU,MID,74,0,-1,0.2,187,860,1233,27378,i,Foot injury - Expected back 7 Nov,2026-07-29T17:30:09.796802Z,0,0,1,,,0.0,0,0,0,0,0,0,0,0,0,0,0,0,0,0.00,0.00,0.00,0.00,0.0,0.0
2026-10-02T01:46:22+00:00,2026-10-01,daily,6,2026-10-10T10:00:00Z,79,Evanilson,BOU,FWD,60,0,0,3.2,17928,21097,253389,175924,a,,,,,,,,3.0,2,18,424,5,0,3,2,5,0,27,11,3,13,0.87,0.52,1.39,6.45,3.0,3.0
2026-10-02T01:46:22+00:00,2026-10-01,daily,6,2026-10-10T10:00:00Z,80,Enes Ünal,BOU,FWD,55,0,0,0.0,0,50,0,1982,u,Has joined Getafe permanently,2026-08-14T14:14:21.881112Z,0,0,,,,0.0,0,0,0,0,0,0,0,0,0,0,0,0,0,0.00,0.00,0.00,0.00,0.0,0.0
2026-10-02T01:46:22+00:00,2026-10-01,daily,6,2026-10-10T10:00:00Z,81,Rodríguez,BOU,FWD,60,0,0,0.1,793,726,5500,6857,a,,2026-08-15T16:30:07.054142Z,100,100,,,,0.3,0,2,10,0,0,0,0,1,0,1,0,0,1,0.00,0.00,0.00,0.18,0.3,0.3
2026-10-02T01:46:22+00:00,2026-10-01,daily,6,2026-10-10T10:00:00Z,566,Silva,BOU,DEF,50,0,0,0.4,6298,3691,31760,25132,a,,,,,,,,2.3,3,13,450,5,0,0,0,8,0,56,51,5,14,0.85,0.29,1.14,6.95,2.3,2.3
2026-10-02T01:46:22+00:00,2026-10-01,daily,6,2026-10-10T10:00:00Z,573,Sanchez,BOU,DEF,44,0,-1,0.2,151,437,1571,7094,a,,,,,,,,0.0,0,0,0,0,0,0,0,0,0,0,0,0,0,0.00,0.00,0.00,0.00,0.0,0.0
2026-10-02T01:46:22+00:00,2026-10-01,daily,6,2026-10-10T10:00:00Z,608,Jebbison,BOU,FWD,50,0,0,0.1,902,901,13265,7256,a,,,,,,,,0.7,1,3,31,0,0,0,0,2,0,1,0,0,1,0.10,0.00,0.10,0.61,0.7,0.7
2026-10-02T01:46:22+00:00,2026-10-01,daily,6,2026-10-10T10:00:00Z,615,Di Gregorio,BOU,GKP,45,0,0,0.0,184,195,2927,1744,a,,,,,,,,0.0,0,0,0,0,0,0,0,0,0,0,0,0,0,0.00,0.00,0.00,0.00,0.0,0.0
2026-10-02T01:46:22+00:00,2026-10-01,daily,6,2026-10-10T10:00:00Z,82,Kelleher,BRE,GKP,50,0,0,6.1,19960,13615,251597,213881,a,,,,,,,,3.7,6,20,450,5,0,0,2,4,17,0,7,0,34,0.00,0.01,0.01,6.32,3.7,3.7
2026-10-02T01:46:22+00:00,2026-10-01,daily,6,2026-10-10T10:00:00Z,83,Valdimarsson,BRE,GKP,45,0,0,0.1,300,340,2865,4590,a,,,,,,,,0.0,0,0,0,0,0,0,0,0,0,0,0,0,0,0.00,0.00,0.00,0.00,0.0,0.0
2026-10-02T01:46:22+00:00,2026-10-01,daily,6,2026-10-10T10:00:00Z,84,Collins,BRE,DEF,54,0,-1,0.9,121,9464,58740,156820,i,Calf injury - Unknown return date,2026-09-05T18:00:06.182495Z,0,0,,,,0.3,0,10,196,3,0,0,1,1,0,17,15,2,11,0.51,0.05,0.56,2.13,0.0,0.0
2026-10-02T01:46:22+00:00,2026-10-01,daily,6,2026-10-10T10:00:00Z,85,Van den Berg,BRE,DEF,49,0,-1,0.1,38,353,411,8959,i,Groin injury - Unknown return date,2026-08-15T15:30:06.416627Z,0,0,,,,0.0,0,0,0,0,0,0,0,0,0,0,0,0,0,0.00,0.00,0.00,0.00,0.0,0.0
2026-10-02T01:46:22+00:00,2026-10-01,daily,6,2026-10-10T10:00:00Z,86,Lewis-Potter,BRE,MID,55,0,0,1.7,3700,12010,190345,120391,a,,,,,,1,5,2.0,3,22,406,5,1,1,2,4,0,38,17,6,15,1.21,0.79,2.00,5.69,2.0,2.0
2026-10-02T01:46:22+00:00,2026-10-01,daily,6,2026-10-10T10:00:00Z,87,Ajer,BRE,DEF,45,0,0,3.9,11278,22847,316765,276539,a,,,,,,,,3.3,7,21,450,5,0,0,2,4,0,50,46,4,11,0.13,0.08,0.21,6.32,3.3,3.3
2026-10-02T01:46:22+00:00,2026-10-01,daily,6,2026-10-10T10:00:00Z,88,Kayode,BRE,DEF,46,0,1,7.6,13302,21341,596000,367575,a,,,,,,,,2.7,6,23,294,4,1,0,2,1,0,16,14,2,14,0.55,0.43,0.98,3.24,2.7,2.7
2026-10-02T01:46:22+00:00,2026-10-01,daily,6,2026-10-10T10:00:00Z,89,Henry,BRE,DEF,44,0,-1,0.2,160,589,1984,8587,a,,,,,,,,0.0,0,1,2,0,0,0,0,0,0,0,0,0,0,0.00,0.00,0.00,0.00,0.0,0.0
2026-10-02T01:46:22+00:00,2026-10-01,daily,6,2026-10-10T10:00:00Z,90,Hickey,BRE,DEF,45,0,0,0.1,180,248,2094,2981,a,,,,,,,,1.0,1,5,152,1,0,0,0,3,0,17,13,4,8,0.03,0.06,0.09,3.07,1.0,1.0
2026-10-02T01:46:22+00:00,2026-10-01,daily,6,2026-10-10T10:00:00Z,92,Ji-soo,BRE,DEF,44,-1,-1,0.0,58,89,492,961,a,,,,,,,,0.0,0,0,0,0,0,0,0,0,0,0,0,0,0,0.00,0.00,0.00,0.00,0.0,0.0
2026-10-02T01:46:22+00:00,2026-10-01,daily,6,2026-10-10T10:00:00Z,93,Schuster,BRE,DEF,45,0,0,0.3,15211,2352,16773,6840,a,,,,,,,,7.0,14,21,253,2,0,1,1,3,0,38,35,3,6,0.10,0.54,0.64,4.19,7.0,7.0
2026-10-02T01:46:22+00:00,2026-10-01,daily,6,2026-10-10T10:00:00Z,94,Schade,BRE,MID,62,1,2,11.6,394247,25202,1014102,245206,a,,,,,2,,,8.7,9,39,447,5,3,2,2,4,0,34,6,7,21,1.52,0.32,1.84,6.32,8.7,8.7
2026-10-02T01:46:22+00:00,2026-10-01,daily,6,2026-10-10T10:00:00Z,95,O.Dango,BRE,MID,63,0,-2,0.5,818,3696,15179,82275,a,,,,,,,4,1.0,1,7,179,2,0,0,1,1,0,28,9,2,17,0.09,0.39,0.48,2.81,1.0,1.0
2026-10-02T01:46:22+00:00,2026-10-01,daily,6,2026-10-10T10:00:00Z,96,Damsgaard,BRE,MID,54,0,-1,0.4,1653,2057,15164,30173,a,,,,,,3,2,4.0,3,16,283,3,0,1,2,1,0,31,6,7,18,0.17,0.73,0.90,3.06,4.0,4.0
2026-10-02T01:46:22+00:00,2026-10-01,daily,6,2026-10-10T10:00:00Z,97,Jensen,BRE,MID,54,0,-1,0.1,20,648,4505,15082,i,Unspecified injury - Expected back 10 Oct,2026-08-30T12:30:08.176795Z,0,0,3,2,1,0.0,0,6,66,1,0,1,1,0,0,5,0,2,3,0.08,0.34,0.42,0.47,0.0,0.0
2026-10-02T01:46:22+00:00,2026-10-01,daily,6,2026-10-10T10:00:00Z,98,Janelt,BRE,MID,50,0,0,2.5,19645,17940,306705,107031,a,,,,,,,3,6.0,3,28,450,5,2,0,2,4,0,64,27,17,20,0.53,0.44,0.97,6.32,6.0,6.0
2026-10-02T01:46:22+00:00,2026-10-01,daily,6,2026-10-10T10:00:00Z,99,Milambo,BRE,MID,50,0,0,0.0,6,7,115,159,i,Knee injury - Unknown return date,2026-07-23T12:01:23.384798Z,0,0,,,,0.0,0,0,0,0,0,0,0,0,0,0,0,0,0,0.00,0.00,0.00,0.00,0.0,0.0
2026-10-02T01:46:22+00:00,2026-10-01,daily,6,2026-10-10T10:00:00Z,100,Carvalho,BRE,MID,50,0,0,0.0,610,174,1908,1452,a,,2026-08-18T13:58:17.442072Z,100,100,,,,2.0,6,6,3,0,1,0,0,0,0,0,0,0,0,0.43,0.00,0.43,0.13,2.0,2.0
2026-10-02T01:46:22+00:00,2026-10-01,daily,6,2026-10-10T10:00:00Z,102,Yarmoliuk,BRE,MID,48,0,-2,0.6,1348,3300,5801,61650,a,,,,,,,,2.3,3,9,216,2,0,1,1,4,0,26,7,5,14,0.10,0.30,0.40,4.58,2.3,2.3
2026-10-02T01:46:22+00:00,2026-10-01,daily,6,2026-10-10T10:00:00Z,103,Dasilva,BRE,MID,49,0,-1,0.0,9,103,400,1948,i,Hamstring injury - Expected back 10 Oct,2026-09-04T13:30:08.371955Z,0,0,,,,0.0,0,0,0,0,0,0,0,0,0,0,0,0,0,0.00,0.00,0.00,0.00,0.0,0.0
2026-10-02T01:46:22+00:00,2026-10-01,daily,6,2026-10-10T10:00:00Z,105,Anthony,BRE,MID,59,0,-1,0.1,2340,616,7338,11017,a,,,,,,,,4.0,10,15,267,3,1,0,2,3,0,26,6,4,16,1.15,0.54,1.69,3.50,4.0,4.0
2026-10-02T01:46:22+00:00,2026-10-01,daily,6,2026-10-10T10:00:00Z,106,Thiago,BRE,FWD,78,0,-2,9.1,58628,38433,279051,1035341,a,,,,,1,,,2.7,5,10,442,5,1,0,2,4,0,19,4,3,12,3.13,0.16,3.29,6.25,2.7,2.7
2026-10-02T01:46:22+00:00,2026-10-01,daily,6,2026-10-10T10:00:00Z,107,Furo,BRE,FWD,45,0,0,0.9,627,9556,61700,66718,i,Unspecified injury - Unknown return date,2026-09-14T14:00:09.985723Z,0,0,,,,0.0,0,0,0,0,0,0,0,0,0,0,0,0,0,0.00,0.00,0.00,0.00,0.0,0.0
2026-10-02T01:46:22+00:00,2026-10-01,daily,6,2026-10-10T10:00:00Z,108,Wilson,BRE,FWD,54,-1,-1,0.3,1212,2477,15561,26542,a,,,,,,,,0.3,0,3,13,0,0,0,0,0,0,2,1,0,1,0.07,0.04,0.11,0.15,0.3,0.3
2026-10-02T01:46:22+00:00,2026-10-01,daily,6,2026-10-10T10:00:00Z,565,M.Sangaré,BRE,MID,56,-1,1,9.9,8443,139165,1227731,821054,a,,,,,,,,1.3,0,22,321,4,0,2,1,3,0,48,12,14,22,0.41,0.65,1.06,4.31,1.3,1.3
2026-10-02T01:46:22+00:00,2026-10-01,daily,6,2026-10-10T10:00:00Z,620,Diouf,BRE,DEF,45,0,0,0.1,474,683,13635,7345,a,,,,,,,,0.7,1,2,39,0,0,0,0,0,0,2,2,0,1,0.00,0.01,0.01,0.63,0.7,0.7
2026-10-02T01:46:22+00:00,2026-10-01,daily,6,2026-10-10T10:00:00Z,657,Nunes,BRE,MID,45,0,0,0.0,346,271,2088,664,a,,,,,,,,0.0,0,0,0,0,0,0,0,0,0,0,0,0,0,0.00,0.00,0.00,0.00,0.0,0.0
2026-10-02T01:46:22+00:00,2026-10-01,daily,6,2026-10-10T10:00:00Z,660,Fredrick,BRE,DEF,40,0,0,0.0,523,68,523,68,a,,,,,,,,0.0,0,0,0,0,0,0,0,0,0,0,0,0,0,0.00,0.00,0.00,0.00,1.1,1.1
2026-10-02T01:46:22+00:00,2026-10-01,daily,6,2026-10-10T10:00:00Z,661,Balcombe,BRE,GKP,40,0,0,0.0,2890,552,2890,552,a,,,,,,,,0.0,0,0,0,0,0,0,0,0,0,0,0,0,0,0.00,0.00,0.00,0.00,1.0,1.0
2026-10-02T01:46:22+00:00,2026-10-01,daily,6,2026-10-10T10:00:00Z,109,Verbruggen,BHA,GKP,45,0,0,21.6,72807,72463,766282,608317,a,,,,,,,,5.7,6,23,450,5,0,0,3,5,12,0,3,0,34,0.00,0.20,0.20,8.67,5.7,5.7
2026-10-02T01:46:22+00:00,2026-10-01,daily,6,2026-10-10T10:00:00Z,111,Steele,BHA,GKP,40,0,0,4.1,7182,14834,147369,120589,a,,,,,,,,0.0,0,0,0,0,0,0,0,0,0,0,0,0,0,0.00,0.00,0.00,0.00,0.0,0.0
2026-10-02T01:46:22+00:00,2026-10-01,daily,6,2026-10-10T10:00:00Z,113,F.Kadıoğlu,BHA,DEF,44,0,-1,1.6,4018,6930,30431,134473,a,,2026-08-23T13:00:07.595211Z,100,100,,,3,4.3,5,13,332,4,0,0,2,5,0,10,9,1,8,0.12,0.13,0.25,7.55,4.3,4.3
2026-10-02T01:46:22+00:00,2026-10-01,daily,6,2026-10-10T10:00:00Z,114,Boscagli,BHA,DEF,45,0,0,0.3,2060,794,16277,11871,a,,,,,,,,4.7,6,19,437,5,0,0,3,5,0,29,25,4,17,0.07,0.53,0.60,8.45,4.7,4.7
2026-10-02T01:46:22+00:00,2026-10-01,daily,6,2026-10-10T10:00:00Z,115,De Cuyper,BHA,DEF,50,1,5,27.8,301142,21670,2719481,406701,a,,,,,,4,2,7.0,6,38,423,5,1,3,3,5,0,16,8,8,18,1.55,0.67,2.22,8.58,7.0,7.0
2026-10-02T01:46:22+00:00,2026-10-01,daily,6,2026-10-10T10:00:00Z,116,Dunk,BHA,DEF,45,0,0,1.5,7583,9920,89144,50984,d,Neck injury - 75% chance of playing,2026-09-22T09:30:09.629652Z,,75,,3,,5.7,0,22,360,4,1,0,2,5,0,23,20,3,13,0.03,0.09,0.12,7.04,5.7,4.3
2026-10-02T01:46:22+00:00,2026-10-01,daily,6,2026-10-10T10:00:00Z,117,Coppola,BHA,DEF,45,0,0,0.0,110,100,922,1063,a,,,,,,,,0.0,0,0,0,0,0,0,0,0,0,0,0,0,0,0.00,0.00,0.00,0.00,0.0,0.0
2026-10-02T01:46:22+00:00,2026-10-01,daily,6,2026-10-10T10:00:00Z,118,Igor,BHA,DEF,45,0,0,0.0,0,295,915,5938,u,Has joined Burnley permanently,2026-09-02T15:38:15.529699Z,0,0,,,,0.0,0,0,0,0,0,0,0,0,0,0,0,0,0,0.00,0.00,0.00,0.00,0.0,0.0
2026-10-02T01:46:22+00:00,2026-10-01,daily,6,2026-10-10T10:00:00Z,119,Costinha,BHA,DEF,45,0,0,0.0,171,137,1276,1462,a,,,,,,,,1.0,1,4,68,0,0,0,0,0,0,7,6,1,1,0.12,0.30,0.42,1.02,1.0,1.0
2026-10-02T01:46:22+00:00,2026-10-01,daily,6,2026-10-10T10:00:00Z,120,Svoboda,BHA,DEF,50,0,0,0.1,1330,463,4506,3985,a,,,,,,,,0.3,1,1,4,0,0,0,0,0,0,1,0,1,1,0.00,0.00,0.00,0.14,0.3,0.3
2026-10-02T01:46:22+00:00,2026-10-01,daily,6,2026-10-10T10:00:00Z,121,Mitoma,BHA,MID,59,0,-1,0.0,127,176,553,3113,i,Hamstring injury - Expected back 10 Oct,2026-07-24T18:30:10.661894Z,0,0,,,,0.0,0,0,0,0,0,0,0,0,0,0,0,0,0,0.00,0.00,0.00,0.00,0.0,0.0
2026-10-02T01:46:22+00:00,2026-10-01,daily,6,2026-10-10T10:00:00Z,122,Minteh,BHA,MID,58,-1,-2,0.0,45,232,335,6906,i,Leg injury - Expected back 28 Nov,2026-08-14T18:00:06.418033Z,0,0,,,5,0.0,0,0,0,0,0,0,0,0,0,0,0,0,0,0.00,0.00,0.00,0.00,0.0,0.0
2026-10-02T01:46:22+00:00,2026-10-01,daily,6,2026-10-10T10:00:00Z,123,Hinshelwood,BHA,MID,59,0,-1,0.6,275,6824,147896,216050,i,Ankle injury - Expected back 10 Oct,2026-08-27T19:30:07.780933Z,0,0,,,,0.0,0,16,63,1,2,0,1,0,0,3,0,2,1,1.41,0.02,1.43,0.19,0.0,0.0
2026-10-02T01:46:22+00:00,2026-10-01,daily,6,2026-10-10T10:00:00Z,124,Groß,BHA,MID,58,1,3,29.0,793200,12103,2153693,541886,a,,,,,1,1,1,10.7,14,47,450,5,3,4,3,5,0,26,9,7,10,1.77,0.86,2.63,8.67,10.7,10.7
2026-10-02T01:46:22+00:00,2026-10-01,daily,6,2026-10-10T10:00:00Z,125,Georginio,BHA,FWD,53,-1,-2,0.5,2684,3866,34681,76494,a,,2026-08-26T16:00:07.608056Z,100,100,,,,0.3,1,6,104,1,0,1,1,0,0,9,1,2,6,0.17,0.45,0.62,1.03,0.3,0.3
2026-10-02T01:46:22+00:00,2026-10-01,daily,6,2026-10-10T10:00:00Z,126,O'Riley,BHA,MID,54,0,-1,0.1,429,570,3603,6526,a,,,,,3,,,0.7,1,2,10,0,0,0,0,0,0,3,2,0,1,0.28,0.01,0.29,0.18,0.7,0.7
2026-10-02T01:46:22+00:00,2026-10-01,daily,6,2026-10-10T10:00:00Z,127,Gomez,BHA,MID,50,0,0,4.0,12261,38496,334768,300127,a,,,,,,5,,4.3,8,24,433,5,0,3,3,5,0,36,7,13,16,0.79,0.78,1.57,8.49,4.3,4.3
2026-10-02T01:46:22+00:00,2026-10-01,daily,6,2026-10-10T10:00:00Z,128,Buonanotte,BHA,MID,50,0,0,0.0,0,7,0,330,u,Has joined Elche on loan for the rest of the season,2026-08-10T14:03:07.561436Z,0,0,,,,0.0,0,0,0,0,0,0,0,0,0,0,0,0,0,0.00,0.00,0.00,0.00,0.0,0.0
2026-10-02T01:46:22+00:00,2026-10-01,daily,6,2026-10-10T10:00:00Z,129,Ayari,BHA,MID,54,0,-1,0.4,2343,2016,12584,41571,a,,2026-08-30T18:00:07.935334Z,100,100,,2,4,4.3,3,15,333,4,1,0,3,1,0,21,4,2,15,0.70,0.18,0.88,5.64,4.3,4.3
2026-10-02T01:46:22+00:00,2026-10-01,daily,6,2026-10-10T10:00:00Z,130,Wieffer,BHA,DEF,49,0,-1,0.2,30,1986,25945,43418,i,Knee injury - Unknown return date,2026-09-04T09:30:08.612904Z,0,0,,,,0.0,0,7,156,2,0,0,1,4,0,15,11,4,9,0.12,0.13,0.25,3.18,0.0,0.0
2026-10-02T01:46:22+00:00,2026-10-01,daily,6,2026-10-10T10:00:00Z,132,Howell,BHA,MID,45,0,0,0.0,0,204,0,3682,u,Has joined Leicester City on loan for the rest of the season,2026-08-17T13:53:19.019938Z,0,0,,,,0.0,0,0,0,0,0,0,0,0,0,0,0,0,0,0.00,0.00,0.00,0.00,0.0,0.0
2026-10-02T01:46:22+00:00,2026-10-01,daily,6,2026-10-10T10:00:00Z,133,Watson,BHA,MID,50,0,0,0.0,0,5,0,136,u,Has joined Leicester City on loan for the rest of the season,2026-08-03T14:05:44.459483Z,0,0,,,,0.0,0,0,0,0,0,0,0,0,0,0,0,0,0,0.00,0.00,0.00,0.00,0.0,0.0
2026-10-02T01:46:22+00:00,2026-10-01,daily,6,2026-10-10T10:00:00Z,134,Oriola,BHA,MID,45,0,0,0.2,357,1350,8761,14218,a,,,,,,,,0.0,0,0,0,0,0,0,0,0,0,0,0,0,0,0.00,0.00,0.00,0.00,0.0,0.0
2026-10-02T01:46:22+00:00,2026-10-01,daily,6,2026-10-10T10:00:00Z,135,Yohanna,BHA,MID,48,-1,-2,0.0,24,393,1267,5500,i,Unspecified injury - Expected back 10 Oct,2026-09-10T13:00:08.617941Z,0,0,,,,0.0,0,1,12,0,0,0,0,0,0,0,0,0,0,0.00,0.03,0.03,0.00,0.0,0.0
2026-10-02T01:46:22+00:00,2026-10-01,daily,6,2026-10-10T10:00:00Z,137,Tzimas,BHA,FWD,54,0,-1,0.0,37,52,334,750,i,Knee injury - Unknown return date,2026-07-23T12:01:23.432796Z,0,0,,,,0.0,0,0,0,0,0,0,0,0,0,0,0,0,0,0.00,0.00,0.00,0.00,0.0,0.0
2026-10-02T01:46:22+00:00,2026-10-01,daily,6,2026-10-10T10:00:00Z,138,Kostoulas,BHA,FWD,56,1,1,4.2,315075,19226,419766,51736,a,,,,,,,,7.3,10,28,353,4,2,3,2,5,0,27,5,4,18,1.35,0.06,1.41,7.67,7.3,7.3
2026-10-02T01:46:22+00:00,2026-10-01,daily,6,2026-10-10T10:00:00Z,139,Ferguson,BHA,FWD,50,0,0,0.0,135,259,1586,2528,i,Ankle injury - Expected back 10 Oct,2026-07-23T12:01:23.448357Z,0,0,,,,0.0,0,0,0,0,0,0,0,0,0,0,0,0,0,0.00,0.00,0.00,0.00,0.0,0.0
2026-10-02T01:46:22+00:00,2026-10-01,daily,6,2026-10-10T10:00:00Z,328,Struijk,BHA,DEF,49,0,-1,0.2,641,883,5670,12134,d,Hamstring injury - 75% chance of playing,2026-09-22T10:00:09.404233Z,100,75,,,,2.3,5,7,98,1,0,0,1,0,0,10,9,1,6,0.16,0.01,0.17,1.70,2.3,1.7
2026-10-02T01:46:22+00:00,2026-10-01,daily,6,2026-10-10T10:00:00Z,504,Vuskovic,BHA,DEF,50,0,0,3.7,56891,13464,259991,138276,a,,,,,,,,8.7,8,32,437,5,1,0,3,5,0,43,37,6,17,0.46,0.07,0.53,8.45,8.7,8.7
2026-10-02T01:46:22+00:00,2026-10-01,daily,6,2026-10-10T10:00:00Z,594,David,BHA,FWD,59,-1,-1,0.2,3197,2221,15059,22494,a,,,,,2,,,0.0,0,1,23,0,0,0,0,0,0,0,0,0,0,0.42,0.00,0.42,0.14,0.0,0.0
2026-10-02T01:46:22+00:00,2026-10-01,daily,6,2026-10-10T10:00:00Z,600,Osman,BHA,MID,50,0,0,0.0,117,126,948,1093,a,,,,,,,,0.3,0,3,40,0,0,0,0,1,0,4,0,1,3,0.05,0.07,0.12,0.32,0.3,0.3
2026-10-02T01:46:22+00:00,2026-10-01,daily,6,2026-10-10T10:00:00Z,605,Yalcouyé,BHA,MID,45,0,0,4.0,26182,33060,555071,171014,a,,,,,,,,3.7,1,20,236,3,2,0,1,4,0,19,6,6,7,1.46,0.45,1.91,6.57,3.7,3.7
2026-10-02T01:46:22+00:00,2026-10-01,daily,6,2026-10-10T10:00:00Z,614,Hadjam,BHA,DEF,45,0,0,0.0,248,256,3987,1961,a,,,,,,,,0.0,0,0,0,0,0,0,0,0,0,0,0,0,0,0.00,0.00,0.00,0.00,0.0,0.0
2026-10-02T01:46:22+00:00,2026-10-01,daily,6,2026-10-10T10:00:00Z,624,Cozier-Duberry,BHA,MID,50,0,0,0.0,0,5,117,113,u,Has joined Middlesbrough on loan for the rest of the season,2026-09-02T15:38:15.552951Z,0,0,,,,0.0,0,0,0,0,0,0,0,0,0,0,0,0,0,0.00,0.00,0.00,0.00,0.0,0.0
2026-10-02T01:46:22+00:00,2026-10-01,daily,6,2026-10-10T10:00:00Z,639,Andrés,BHA,MID,55,0,0,0.0,2753,310,3997,778,a,,,,,,,,4.0,8,12,109,1,1,1,1,0,0,13,4,1,8,0.52,0.12,0.64,1.70,4.0,4.0
2026-10-02T01:46:22+00:00,2026-10-01,daily,6,2026-10-10T10:00:00Z,652,Azeez,BHA,MID,55,0,0,0.0,19,45,442,202,i,Hamstring injury - Expected back 10 Oct,2026-09-04T11:30:08.661589Z,0,0,,,,0.0,0,0,0,0,0,0,0,0,0,0,0,0,0,0.00,0.00,0.00,0.00,0.0,0.0
2026-10-02T01:46:22+00:00,2026-10-01,daily,6,2026-10-10T10:00:00Z,658,Ibrahim,BHA,MID,45,0,0,0.0,312,220,1475,488,a,,,,,,,,0.0,0,0,0,0,0,0,0,0,0,0,0,0,0,0.00,0.00,0.00,0.00,0.0,0.0
2026-10-02T01:46:22+00:00,2026-10-01,daily,6,2026-10-10T10:00:00Z,28,Martinez,CHE,GKP,50,0,0,4.7,7663,22060,245430,246641,a,,,,,,,,2.3,2,9,360,4,0,0,0,10,18,0,1,0,37,0.00,0.01,0.01,7.49,2.3,2.3
2026-10-02T01:46:22+00:00,2026-10-01,daily,6,2026-10-10T10:00:00Z,40,Rogers,CHE,MID,77,0,2,40.5,149326,70644,2478749,662331,a,,,,,,3,4,5.3,2,29,437,5,3,1,0,12,0,31,3,5,23,1.72,1.23,2.95,8.73,5.3,5.3
2026-10-02T01:46:22+00:00,2026-10-01,daily,6,2026-10-10T10:00:00Z,101,Henderson,CHE,MID,49,0,-1,0.0,513,158,1126,2632,a,,2026-08-09T09:30:07.136250Z,50,100,,,3,0.7,2,2,90,1,0,0,0,3,0,10,2,1,7,0.00,0.08,0.08,2.65,0.3,0.7
2026-10-02T01:46:22+00:00,2026-10-01,daily,6,2026-10-10T10:00:00Z,136,Welbeck,CHE,FWD,59,0,-1,1.0,7619,9317,61555,83221,a,,2026-08-20T14:00:07.949090Z,100,100,,,,1.3,2,4,85,1,0,0,0,1,0,5,2,1,2,0.00,0.14,0.14,1.99,1.3,1.3
2026-10-02T01:46:22+00:00,2026-10-01,daily,6,2026-10-10T10:00:00Z,140,Sánchez,CHE,GKP,49,0,-1,0.7,0,4863,10847,176471,u,Has joined Como on loan for the rest of the season,2026-09-02T16:20:41.841936Z,0,0,,,,0.0,0,2,90,1,0,0,0,2,4,0,1,0,5,0.00,0.01,0.01,1.33,0.0,0.0
2026-10-02T01:46:22+00:00,2026-10-01,daily,6,2026-10-10T10:00:00Z,141,Jörgensen,CHE,GKP,50,0,0,0.0,0,33,0,951,u,Has joined RC Strasbourg on loan for the rest of the season,2026-08-12T14:07:02.607115Z,0,0,,,,0.0,0,0,0,0,0,0,0,0,0,0,0,0,0,0.00,0.00,0.00,0.00,0.0,0.0
2026-10-02T01:46:22+00:00,2026-10-01,daily,6,2026-10-10T10:00:00Z,142,James,CHE,DEF,54,0,-1,5.8,627,78154,168832,600843,d,Hamstring injury - 75% chance of playing,2026-09-18T10:30:09.719371Z,75,75,,1,1,0.7,0,3,292,3,0,0,0,7,0,13,11,2,15,0.33,0.26,0.59,4.90,0.5,0.5
2026-10-02T01:46:22+00:00,2026-10-01,daily,6,2026-10-10T10:00:00Z,143,Chalobah,CHE,DEF,55,0,0,0.1,0,321,0,13951,u,Has joined Como permanently,2026-08-10T14:03:50.769483Z,0,0,,,,0.0,0,0,0,0,0,0,0,0,0,0,0,0,0,0.00,0.00,0.00,0.00,0.0,0.0
2026-10-02T01:46:22+00:00,2026-10-01,daily,6,2026-10-10T10:00:00Z,144,Gusto,CHE,DEF,49,-1,-1,1.0,1582,6913,36909,67393,a,,,,,,,6,0.7,0,4,272,3,0,0,0,7,0,15,11,4,13,0.08,0.12,0.20,3.50,0.7,0.7
2026-10-02T01:46:22+00:00,2026-10-01,daily,6,2026-10-10T10:00:00Z,145,Fofana,CHE,DEF,50,0,0,0.2,2504,1300,18610,8241,a,,2026-07-23T12:01:23.464591Z,100,100,,,,2.7,4,8,312,4,0,0,0,7,0,47,40,7,11,0.00,0.08,0.08,5.65,2.7,2.7
2026-10-02T01:46:22+00:00,2026-10-01,daily,6,2026-10-10T10:00:00Z,146,B.Badiashile,CHE,DEF,45,0,0,0.0,0,43,232,1940,u,Has joined Napoli on loan for the rest of the season,2026-08-25T14:03:47.079414Z,0,0,,,,0.0,0,0,0,0,0,0,0,0,0,0,0,0,0,0.00,0.00,0.00,0.00,0.0,0.0
2026-10-02T01:46:22+00:00,2026-10-01,daily,6,2026-10-10T10:00:00Z,148,Hato,CHE,DEF,45,0,0,0.8,821,7375,91216,59702,a,,,,,,,,1.0,0,8,258,4,0,2,0,9,0,18,11,7,9,0.01,0.21,0.22,4.81,1.0,1.0
2026-10-02T01:46:22+00:00,2026-10-01,daily,6,2026-10-10T10:00:00Z,149,Colwill,CHE,DEF,48,-1,-2,0.9,1074,5429,26730,98454,a,,,,,,,,0.7,1,3,341,4,0,0,0,9,0,26,23,3,15,0.01,0.05,0.06,6.67,0.7,0.7
2026-10-02T01:46:22+00:00,2026-10-01,daily,6,2026-10-10T10:00:00Z,150,M.Sarr,CHE,DEF,45,0,0,0.0,0,172,429,5988,u,Has joined Real Sociedad on loan for the rest of the season,2026-08-29T00:34:23.077418Z,0,0,,,,0.0,0,0,0,0,0,0,0,0,0,0,0,0,0,0.00,0.00,0.00,0.00,0.0,0.0
2026-10-02T01:46:22+00:00,2026-10-01,daily,6,2026-10-10T10:00:00Z,151,Acheampong,CHE,DEF,45,0,0,0.3,423,1951,21135,22510,a,,,,,,,,0.3,0,5,221,2,0,0,0,7,0,20,13,7,7,0.00,0.03,0.03,4.72,0.3,0.3
2026-10-02T01:46:22+00:00,2026-10-01,daily,6,2026-10-10T10:00:00Z,152,Palestra,CHE,DEF,53,0,-2,0.6,230,3835,6690,220376,d,Thigh injury - 50% chance of playing,2026-08-24T18:30:07.421239Z,50,50,,,,0.0,0,0,0,0,0,0,0,0,0,0,0,0,0,0.00,0.00,0.00,0.00,0.0,0.0
2026-10-02T01:46:22+00:00,2026-10-01,daily,6,2026-10-10T10:00:00Z,154,Palmer,CHE,MID,97,0,2,25.6,48642,169416,1952018,664722,d,Muscular injury - 75% chance of playing,2026-09-21T13:00:09.022726Z,100,75,1,2,,2.7,2,28,442,5,2,2,0,12,0,29,3,7,19,1.31,0.79,2.10,8.73,2.7,2.0
2026-10-02T01:46:22+00:00,2026-10-01,daily,6,2026-10-10T10:00:00Z,156,Neto,CHE,MID,65,0,0,1.4,5180,9659,82305,91310,a,,,,,,4,2,2.0,2,14,332,4,1,0,0,8,0,28,8,6,14,0.68,0.58,1.26,6.64,2.0,2.0
2026-10-02T01:46:22+00:00,2026-10-01,daily,6,2026-10-10T10:00:00Z,157,Estêvão,CHE,MID,63,0,-2,0.7,1790,4348,17704,87083,a,,,,,2,,5,1.0,1,4,23,0,0,0,0,1,0,2,0,1,1,0.07,0.07,0.14,1.01,1.0,1.0
2026-10-02T01:46:22+00:00,2026-10-01,daily,6,2026-10-10T10:00:00Z,158,Gittens,CHE,MID,58,-1,-2,0.0,155,256,1134,2886,d,Ankle injury - 75% chance of playing,2026-09-26T05:30:09.245832Z,,75,,,,0.0,0,0,0,0,0,0,0,0,0,0,0,0,0,0.00,0.00,0.00,0.00,0.0,0.0
2026-10-02T01:46:22+00:00,2026-10-01,daily,6,2026-10-10T10:00:00Z,159,Caicedo,CHE,MID,53,0,-2,1.0,412,8962,15050,281354,d,Calf injury - 50% chance of playing,2026-08-30T16:00:08.393562Z,50,50,,,,0.0,0,1,13,0,0,0,0,0,0,0,0,0,0,0.00,0.00,0.00,0.07,0.0,0.0
2026-10-02T01:46:22+00:00,2026-10-01,daily,6,2026-10-10T10:00:00Z,161,Lavia,CHE,MID,50,0,0,0.2,434,2467,25809,15577,a,,,,,,,,1.0,0,11,258,4,1,0,0,8,0,31,10,6,15,0.75,0.11,0.86,5.06,1.0,1.0
2026-10-02T01:46:22+00:00,2026-10-01,daily,6,2026-10-10T10:00:00Z,163,D.Essugo,CHE,MID,45,0,0,0.1,0,727,2698,14439,u,Has joined RC Strasbourg on loan for the rest of the season,2026-09-02T16:20:41.865225Z,0,0,,,,0.0,0,0,0,0,0,0,0,0,0,0,0,0,0,0.00,0.00,0.00,0.00,0.0,0.0
2026-10-02T01:46:22+00:00,2026-10-01,daily,6,2026-10-10T10:00:00Z,164,Quenda,CHE,MID,53,0,-2,0.0,72,181,904,3401,a,,2026-07-24T20:30:10.609931Z,100,100,,,,0.3,1,2,27,0,0,0,0,2,0,1,1,0,0,0.03,0.01,0.04,1.29,0.3,0.3
2026-10-02T01:46:22+00:00,2026-10-01,daily,6,2026-10-10T10:00:00Z,165,João Pedro,CHE,FWD,77,-1,2,65.1,63586,395398,1578327,1467894,d,Knee injury - 75% chance of playing,2026-09-16T19:00:09.919929Z,75,75,,,,4.3,0,33,360,4,3,3,0,9,0,9,3,1,5,2.17,0.19,2.36,6.17,3.2,3.2
2026-10-02T01:46:22+00:00,2026-10-01,daily,6,2026-10-10T10:00:00Z,168,Marc Guiu,CHE,FWD,50,0,0,0.2,0,1552,4102,33276,u,Has joined RB Leipzig permanently,2026-09-01T13:24:48.857362Z,0,0,,,,0.0,0,0,0,0,0,0,0,0,0,0,0,0,0,0.00,0.00,0.00,0.00,0.0,0.0
2026-10-02T01:46:22+00:00,2026-10-01,daily,6,2026-10-10T10:00:00Z,169,Mheuka,CHE,FWD,45,0,0,0.5,4539,3542,32260,25331,a,,,,,,,,0.0,0,0,0,0,0,0,0,0,0,0,0,0,0,0.00,0.00,0.00,0.00,0.0,0.0
2026-10-02T01:46:22+00:00,2026-10-01,daily,6,2026-10-10T10:00:00Z,170,Emegha,CHE,FWD,49,-1,-1,0.1,78,1099,6078,12606,i,Hamstring injury - Expected back 10 Oct,2026-09-09T15:00:09.063849Z,0,0,,,,0.0,0,0,0,0,0,0,0,0,0,0,0,0,0,0.00,0.00,0.00,0.00,0.0,0.0
2026-10-02T01:46:22+00:00,2026-10-01,daily,6,2026-10-10T10:00:00Z,200,Lacroix,CHE,DEF,59,-1,-1,6.8,7956,29390,174610,424966,a,,,,,,,,2.0,3,13,364,4,0,1,0,10,0,47,37,10,8,0.15,0.22,0.37,7.93,2.0,2.0
2026-10-02T01:46:22+00:00,2026-10-01,daily,6,2026-10-10T10:00:00Z,560,Penders,CHE,GKP,44,0,-1,0.1,245,298,2020,3618,a,,,,,,,,0.0,0,0,0,0,0,0,0,0,0,0,0,0,0,0.00,0.00,0.00,0.00,0.0,0.0
2026-10-02T01:46:22+00:00,2026-10-01,daily,6,2026-10-10T10:00:00Z,561,Anselmino,CHE,DEF,45,0,0,0.0,66,103,823,1251,a,,2026-08-23T19:00:08.536705Z,100,100,,,,0.0,0,0,0,0,0,0,0,0,0,0,0,0,0,0.00,0.00,0.00,0.00,0.0,0.0
2026-10-02T01:46:22+00:00,2026-10-01,daily,6,2026-10-10T10:00:00Z,568,Barco,CHE,MID,54,0,-1,0.1,235,448,3158,7015,a,,,,,,,,0.7,2,3,115,1,0,0,0,3,0,12,4,3,5,0.07,0.11,0.18,2.83,0.7,0.7
2026-10-02T01:46:22+00:00,2026-10-01,daily,6,2026-10-10T10:00:00Z,583,Chavarria,CHE,DEF,49,0,-1,0.1,416,550,3376,11156,a,,,,,,,,1.0,1,5,208,1,0,0,0,4,0,16,11,5,7,0.04,0.07,0.11,4.10,1.0,1.0
2026-10-02T01:46:22+00:00,2026-10-01,daily,6,2026-10-10T10:00:00Z,662,Nicoll-Jazuli,CHE,MID,45,0,0,0.0,340,72,340,72,a,,,,,,,,1.0,1,1,3,0,0,0,0,1,0,2,0,2,0,0.00,0.00,0.00,0.43,1.1,1.1
2026-10-02T01:46:22+00:00,2026-10-01,daily,6,2026-10-10T10:00:00Z,91,Pinnock,COV,DEF,45,0,0,0.1,395,230,2564,4001,a,,,,,,,,4.3,8,14,282,3,0,0,1,7,0,44,41,3,4,0.12,0.00,0.12,6.57,4.3,4.3
2026-10-02T01:46:22+00:00,2026-10-01,daily,6,2026-10-10T10:00:00Z,104,Onyeka,COV,MID,49,0,-1,0.1,174,449,3984,9576,a,,2026-09-15T09:00:07.851220Z,100,100,,,,2.3,3,9,314,4,0,0,1,7,0,28,9,5,14,0.03,0.02,0.05,6.31,2.3,2.3
2026-10-02T01:46:22+00:00,2026-10-01,daily,6,2026-10-10T10:00:00Z,110,Rushworth,COV,GKP,45,0,0,0.8,2576,5923,23723,59087,a,,,,,,,,4.3,11,16,450,5,0,1,1,10,9,0,4,0,50,0.00,0.02,0.02,8.63,4.3,4.3
2026-10-02T01:46:22+00:00,2026-10-01,daily,6,2026-10-10T10:00:00Z,171,Dovin,COV,GKP,40,0,0,1.0,0,4765,8924,57933,u,Has joined Leyton Orient on loan for the rest of the season,2026-09-02T15:44:14.839336Z,0,0,,,,0.0,0,0,0,0,0,0,0,0,0,0,0,0,0,0.00,0.00,0.00,0.00,0.0,0.0
2026-10-02T01:46:22+00:00,2026-10-01,daily,6,2026-10-10T10:00:00Z,172,Wilson,COV,GKP,44,0,-1,0.4,243,685,1413,12382,a,,,,,,,,0.0,0,0,0,0,0,0,0,0,0,0,0,0,0,0.00,0.00,0.00,0.00,0.0,0.0
2026-10-02T01:46:22+00:00,2026-10-01,daily,6,2026-10-10T10:00:00Z,173,Thomas,COV,DEF,40,0,0,8.5,26274,32040,363708,285064,a,,,,,,,,4.3,9,24,437,5,0,0,2,9,0,52,49,3,16,0.49,0.30,0.79,8.09,4.3,4.3
2026-10-02T01:46:22+00:00,2026-10-01,daily,6,2026-10-10T10:00:00Z,174,Kitching,COV,DEF,40,0,0,0.3,0,1826,981,32919,u,Has joined Sheffield United on loan for the rest of the season,2026-09-02T16:21:03.612394Z,0,0,,,,0.0,0,0,0,0,0,0,0,0,0,0,0,0,0,0.00,0.00,0.00,0.00,0.0,0.0
2026-10-02T01:46:22+00:00,2026-10-01,daily,6,2026-10-10T10:00:00Z,175,van Ewijk,COV,DEF,40,0,0,8.7,1173,76277,123078,500951,d,Hamstring injury - 75% chance of playing,2026-09-19T16:00:09.486751Z,,75,,,,1.0,0,6,360,4,0,0,0,10,0,27,21,6,13,0.00,0.30,0.30,7.53,1.0,0.8
2026-10-02T01:46:22+00:00,2026-10-01,daily,6,2026-10-10T10:00:00Z,176,Dasilva,COV,DEF,40,0,0,0.7,6415,1782,15698,22748,a,,,,,,,,5.7,15,20,444,5,1,0,1,10,0,23,19,4,14,0.50,0.52,1.02,8.63,5.7,5.7
2026-10-02T01:46:22+00:00,2026-10-01,daily,6,2026-10-10T10:00:00Z,177,Kesler-Hayden,COV,DEF,39,-1,-1,0.0,1029,570,1628,3795,i,Hamstring injury - Unknown return date,2026-08-27T14:56:28.704361Z,0,0,,,,0.0,0,0,0,0,0,0,0,0,0,0,0,0,0,0.00,0.00,0.00,0.00,0.0,0.0
2026-10-02T01:46:22+00:00,2026-10-01,daily,6,2026-10-10T10:00:00Z,178,Bidwell,COV,DEF,40,0,0,0.1,182,300,2489,3531,a,,,,,,,,0.0,0,0,0,0,0,0,0,0,0,0,0,0,0,0.00,0.00,0.00,0.00,0.0,0.0
2026-10-02T01:46:22+00:00,2026-10-01,daily,6,2026-10-10T10:00:00Z,179,Latibeaudiere,COV,DEF,40,0,0,0.0,73,136,984,1739,a,,,,,,,,0.3,1,1,1,0,0,0,0,0,0,2,2,0,0,0.00,0.00,0.00,0.02,0.3,0.3
2026-10-02T01:46:22+00:00,2026-10-01,daily,6,2026-10-10T10:00:00Z,180,Woolfenden,COV,DEF,40,0,0,0.1,32,507,2267,9016,i,Knee injury - Unknown return date,2026-08-27T14:56:28.718566Z,0,0,,,,0.0,0,0,0,0,0,0,0,0,0,0,0,0,0,0.00,0.00,0.00,0.00,0.0,0.0
2026-10-02T01:46:22+00:00,2026-10-01,daily,6,2026-10-10T10:00:00Z,181,Brau,COV,DEF,40,0,0,0.0,0,101,275,2171,u,Has joined Academico de Viseu on loan for the rest of the season,2026-08-29T00:35:59.980316Z,0,0,,,,0.0,0,0,0,0,0,0,0,0,0,0,0,0,0,0.00,0.00,0.00,0.00,0.0,0.0
2026-10-02T01:46:22+00:00,2026-10-01,daily,6,2026-10-10T10:00:00Z,182,Amenda,COV,DEF,40,0,0,0.6,36,6823,11481,33725,i,Calf injury - Unknown return date,2026-09-17T07:30:09.329041Z,25,0,,,,0.7,0,4,360,4,0,0,0,10,0,24,23,1,11,0.02,0.39,0.41,7.53,0.2,0.0
2026-10-02T01:46:22+00:00,2026-10-01,daily,6,2026-10-10T10:00:00Z,183,Rudoni,COV,MID,49,0,-1,0.1,915,678,4385,8067,a,,2026-07-23T12:01:23.481435Z,100,100,,1,5,3.0,5,13,297,4,0,0,2,4,0,34,9,4,21,0.92,1.11,2.03,4.49,3.0,3.0
2026-10-02T01:46:22+00:00,2026-10-01,daily,6,2026-10-10T10:00:00Z,184,Grimes,COV,MID,49,0,-1,0.1,185,867,4082,11258,a,,,,,3,,1,2.3,3,11,443,5,0,0,1,9,0,38,13,9,16,0.12,0.13,0.25,8.42,2.3,2.3
2026-10-02T01:46:22+00:00,2026-10-01,daily,6,2026-10-10T10:00:00Z,185,Sakamoto,COV,MID,48,0,-2,0.1,129,385,1019,5757,a,,,,,,,,0.0,0,1,31,0,0,0,0,1,0,4,0,2,2,0.02,0.02,0.04,0.69,0.0,0.0
2026-10-02T01:46:22+00:00,2026-10-01,daily,6,2026-10-10T10:00:00Z,186,Mason-Clark,COV,MID,53,-1,-2,0.1,73,363,1112,5967,a,,2026-08-19T18:00:08.310507Z,100,100,,,,1.3,1,5,231,4,0,0,0,3,0,15,6,0,9,0.51,0.12,0.63,3.16,1.3,1.3
2026-10-02T01:46:22+00:00,2026-10-01,daily,6,2026-10-10T10:00:00Z,187,Eccles,COV,MID,48,-1,-2,0.0,18,89,631,1465,i,Unspecified injury - Expected back 12 Oct,2026-09-10T18:30:08.877110Z,0,0,,,,0.0,0,0,0,0,0,0,0,0,0,0,0,0,0,0.00,0.00,0.00,0.00,0.0,0.0
2026-10-02T01:46:22+00:00,2026-10-01,daily,6,2026-10-10T10:00:00Z,188,Torp,COV,MID,53,-1,-2,0.1,43,437,796,7969,a,,,,,2,2,2,0.3,0,3,53,0,0,0,0,2,0,3,1,0,2,0.00,0.12,0.12,1.22,0.3,0.3
2026-10-02T01:46:22+00:00,2026-10-01,daily,6,2026-10-10T10:00:00Z,189,Shepherd,COV,MID,44,0,-1,0.3,4063,2274,10783,15145,a,,,,,,,,0.0,0,0,0,0,0,0,0,0,0,0,0,0,0,0.00,0.00,0.00,0.00,0.0,0.0
2026-10-02T01:46:22+00:00,2026-10-01,daily,6,2026-10-10T10:00:00Z,190,Tchaouna,COV,MID,54,0,-1,0.1,24,349,3140,8226,a,,,,,,,3,0.7,1,5,211,2,0,0,0,3,0,18,6,1,11,0.23,0.18,0.41,3.23,0.7,0.7
2026-10-02T01:46:22+00:00,2026-10-01,daily,6,2026-10-10T10:00:00Z,191,Borges Rodrigues,COV,MID,45,0,0,0.1,0,679,1943,11503,u,Has joined Burton Albion on loan for the rest of the season,2026-09-02T15:44:14.868001Z,0,0,,,,0.0,0,0,0,0,0,0,0,0,0,0,0,0,0,0.00,0.00,0.00,0.00,0.0,0.0
2026-10-02T01:46:22+00:00,2026-10-01,daily,6,2026-10-10T10:00:00Z,192,Andrews,COV,MID,45,0,0,0.3,0,1975,2718,41080,u,Has joined Oxford United on loan for the rest of the season,2026-08-29T00:35:59.998520Z,0,0,,,,0.0,0,0,0,0,0,0,0,0,0,0,0,0,0,0.00,0.00,0.00,0.00,0.0,0.0
2026-10-02T01:46:22+00:00,2026-10-01,daily,6,2026-10-10T10:00:00Z,193,Wright,COV,FWD,53,-1,-2,0.1,48,555,615,12481,i,Thigh injury - Unknown return date,2026-08-14T22:00:07.214508Z,0,0,1,,,0.0,0,0,0,0,0,0,0,0,0,0,0,0,0,0.00,0.00,0.00,0.00,0.0,0.0
2026-10-02T01:46:22+00:00,2026-10-01,daily,6,2026-10-10T10:00:00Z,194,Thomas-Asante,COV,FWD,50,0,0,0.8,8101,5918,58726,56943,a,,,,,4,,,2.0,4,9,227,2,0,0,1,6,0,27,12,3,12,0.34,0.06,0.39,4.98,2.0,2.0
2026-10-02T01:46:22+00:00,2026-10-01,daily,6,2026-10-10T10:00:00Z,195,Simms,COV,FWD,49,-1,-1,0.6,1899,5263,40403,64481,a,,,,,,,,0.7,1,4,104,1,0,0,0,3,0,3,1,0,2,0.30,0.01,0.31,2.79,0.7,0.7
2026-10-02T01:46:22+00:00,2026-10-01,daily,6,2026-10-10T10:00:00Z,196,Markelo,COV,FWD,50,0,0,0.0,0,60,0,1187,u,Has joined Shabab Al-Ahli Dubai permanently,2026-08-17T13:53:55.791223Z,0,0,,,,0.0,0,0,0,0,0,0,0,0,0,0,0,0,0,0.00,0.00,0.00,0.00,0.0,0.0
2026-10-02T01:46:22+00:00,2026-10-01,daily,6,2026-10-10T10:00:00Z,197,Bassette,COV,FWD,45,0,0,0.0,0,145,0,2104,u,Has joined KVC Westerlo on loan for the rest of the season,2026-07-28T12:58:50.001768Z,0,0,,,,0.0,0,0,0,0,0,0,0,0,0,0,0,0,0,0.00,0.00,0.00,0.00,0.0,0.0
2026-10-02T01:46:22+00:00,2026-10-01,daily,6,2026-10-10T10:00:00Z,492,Awoniyi,COV,FWD,54,-1,-1,0.4,68,5038,21341,64833,s,Suspended until 19 Oct,2026-09-13T15:00:09.305127Z,0,0,5,,,0.0,0,3,232,3,0,0,0,7,0,11,3,1,7,1.30,0.04,1.34,3.55,0.0,0.0
2026-10-02T01:46:22+00:00,2026-10-01,daily,6,2026-10-10T10:00:00Z,575,Yirenkyi,COV,MID,48,-1,-2,0.1,292,1009,2944,13676,a,,,,,,,,1.7,3,9,265,3,0,0,2,5,0,21,7,1,13,0.03,0.15,0.18,4.25,1.7,1.7
2026-10-02T01:46:22+00:00,2026-10-01,daily,6,2026-10-10T10:00:00Z,584,Hamer,COV,MID,54,0,-1,0.1,43,399,793,6406,a,,,,,,,4,0.3,0,3,32,0,0,0,0,1,0,3,0,1,2,0.00,0.02,0.02,0.82,0.3,0.3
2026-10-02T01:46:22+00:00,2026-10-01,daily,6,2026-10-10T10:00:00Z,599,Cherif,COV,FWD,50,0,0,0.1,537,757,7464,7596,a,,,,,,,,0.3,0,1,30,0,0,0,0,3,0,1,1,0,0,0.00,0.00,0.00,1.43,0.3,0.3
2026-10-02T01:46:22+00:00,2026-10-01,daily,6,2026-10-10T10:00:00Z,623,Bentley,COV,GKP,40,0,0,0.6,8060,2322,78438,19214,a,,,,,,,,0.0,0,0,0,0,0,0,0,0,0,0,0,0,0,0.00,0.00,0.00,0.00,0.0,0.0
2026-10-02T01:46:22+00:00,2026-10-01,daily,6,2026-10-10T10:00:00Z,655,Gboho,COV,MID,55,0,0,0.0,70,52,268,101,a,,,,,,,,0.0,0,0,0,0,0,0,0,0,0,0,0,0,0,0.00,0.00,0.00,0.00,0.0,0.0
2026-10-02T01:46:22+00:00,2026-10-01,daily,6,2026-10-10T10:00:00Z,656,Mfuni,COV,DEF,40,0,0,0.1,1861,861,10173,2662,a,,,,,,,,3.0,6,6,90,1,0,0,1,0,0,8,7,1,3,0.00,0.01,0.01,1.10,3.0,3.0
2026-10-02T01:46:22+00:00,2026-10-01,daily,6,2026-10-10T10:00:00Z,42,Guessand,CRY,MID,54,0,-1,0.0,111,267,2404,3638,a,,,,,,,,0.0,0,2,54,0,0,0,0,1,0,2,1,1,0,0.03,0.03,0.06,0.34,0.0,0.0
2026-10-02T01:46:22+00:00,2026-10-01,daily,6,2026-10-10T10:00:00Z,153,Disasi,CRY,DEF,45,0,0,0.1,26,768,9427,10349,s,Suspended until 25 Oct,2026-09-12T15:30:09.445078Z,0,0,,,,0.0,0,1,139,2,0,0,0,6,0,20,15,5,11,0.00,0.04,0.04,3.72,0.0,0.0
2026-10-02T01:46:22+00:00,2026-10-01,daily,6,2026-10-10T10:00:00Z,198,Henderson,CRY,GKP,50,0,0,1.3,146,11163,55272,120071,i,Foot injury - Expected back 11 Oct,2026-09-12T14:00:09.378740Z,0,0,,,,0.7,0,5,270,3,0,0,0,8,12,0,6,0,31,0.00,0.00,0.00,6.47,0.0,0.0
2026-10-02T01:46:22+00:00,2026-10-01,daily,6,2026-10-10T10:00:00Z,199,Benitez,CRY,GKP,45,0,0,0.1,688,375,3780,4792,a,,,,,,,,2.7,6,8,180,2,0,0,1,3,5,0,2,0,11,0.00,0.00,0.00,2.99,2.7,2.7
2026-10-02T01:46:22+00:00,2026-10-01,daily,6,2026-10-10T10:00:00Z,202,Richards,CRY,DEF,49,-1,-1,0.6,1602,2188,22514,37919,a,,,,,,,,3.7,8,14,450,5,0,0,1,11,0,54,46,8,16,0.08,0.07,0.15,9.46,3.7,3.7
2026-10-02T01:46:22+00:00,2026-10-01,daily,6,2026-10-10T10:00:00Z,203,Canvot,CRY,DEF,48,-1,-2,0.2,407,866,5749,19516,a,,,,,,,,3.0,8,10,360,4,0,0,1,8,0,34,26,8,11,0.05,0.13,0.18,7.78,3.0,3.0
2026-10-02T01:46:22+00:00,2026-10-01,daily,6,2026-10-10T10:00:00Z,204,Mitchell,CRY,DEF,45,0,0,6.1,14519,16088,311054,264490,a,,,,,,,,7.7,7,24,419,5,2,0,1,10,0,25,14,11,23,0.77,0.26,1.03,8.34,7.7,7.7
2026-10-02T01:46:22+00:00,2026-10-01,daily,6,2026-10-10T10:00:00Z,205,Sosa,CRY,DEF,45,0,0,0.0,0,106,236,2075,u,Has joined FC Cologne on loan for the rest of the season,2026-09-02T16:03:25.710518Z,0,0,,,,0.0,0,0,0,0,0,0,0,0,0,0,0,0,0,0.00,0.00,0.00,0.00,0.0,0.0
2026-10-02T01:46:22+00:00,2026-10-01,daily,6,2026-10-10T10:00:00Z,206,Chadi Riad,CRY,DEF,43,-1,-2,0.0,25,121,649,5672,i,Knee injury - Unknown return date,2026-08-22T18:00:07.352049Z,0,0,,,,0.0,0,1,72,1,0,0,0,2,0,7,6,1,3,0.00,0.01,0.01,0.98,0.0,0.0
2026-10-02T01:46:22+00:00,2026-10-01,daily,6,2026-10-10T10:00:00Z,207,Mingueza,CRY,DEF,44,0,-1,0.1,79,279,1989,4835,a,,,,,,,,0.3,0,2,16,0,0,0,0,1,0,2,0,2,1,0.00,0.00,0.00,0.33,0.3,0.3
2026-10-02T01:46:22+00:00,2026-10-01,daily,6,2026-10-10T10:00:00Z,208,Sarr,CRY,MID,62,0,-3,0.6,2537,2205,6591,376656,a,,2026-08-22T18:00:07.363165Z,100,100,2,,,0.3,1,1,8,0,0,0,0,0,0,0,0,0,0,0.00,0.01,0.01,0.06,0.3,0.3
2026-10-02T01:46:22+00:00,2026-10-01,daily,6,2026-10-10T10:00:00Z,210,Wharton,CRY,MID,54,-1,-1,0.7,1166,4545,29573,48535,a,,2026-07-23T12:01:23.498963Z,100,100,,,2,2.0,2,12,436,5,0,0,1,10,0,41,16,10,15,0.15,0.58,0.73,8.91,2.0,2.0
2026-10-02T01:46:22+00:00,2026-10-01,daily,6,2026-10-10T10:00:00Z,211,Yeremy,CRY,MID,55,0,0,0.3,698,2620,45242,31017,a,,,,,,1,1,2.7,2,14,307,4,0,2,1,6,0,26,5,5,16,0.52,0.55,1.07,6.93,2.7,2.7
2026-10-02T01:46:22+00:00,2026-10-01,daily,6,2026-10-10T10:00:00Z,212,Hughes,CRY,MID,44,0,-1,7.3,9035,44138,122434,482753,a,,,,,,,4,0.7,0,2,29,0,0,0,0,1,0,7,3,1,3,0.00,0.04,0.04,1.12,0.7,0.7
2026-10-02T01:46:22+00:00,2026-10-01,daily,6,2026-10-10T10:00:00Z,213,Lerma,CRY,MID,48,-1,-2,0.1,90,377,1296,5558,a,,,,,,,,0.3,0,1,51,0,0,0,0,1,0,12,7,2,3,0.26,0.00,0.26,1.25,0.3,0.3
2026-10-02T01:46:22+00:00,2026-10-01,daily,6,2026-10-10T10:00:00Z,214,Kamada,CRY,MID,50,0,0,0.5,3230,2993,49977,24610,a,,,,,,,3,5.3,3,21,441,5,0,3,1,10,0,38,4,11,23,0.47,0.38,0.85,8.85,5.3,5.3
2026-10-02T01:46:22+00:00,2026-10-01,daily,6,2026-10-10T10:00:00Z,215,Devenny,CRY,MID,50,0,0,0.0,0,33,132,947,u,Has joined Stoke City permanently,2026-09-02T15:41:07.346849Z,0,0,3,2,,0.0,0,0,0,0,0,0,0,0,0,0,0,0,0,0.00,0.00,0.00,0.00,0.0,0.0
2026-10-02T01:46:22+00:00,2026-10-01,daily,6,2026-10-10T10:00:00Z,216,Esse,CRY,MID,50,0,0,0.0,0,123,399,3234,u,Has joined Millwall on loan for the rest of the season,2026-09-02T15:41:07.376544Z,0,0,,,,0.0,0,0,0,0,0,0,0,0,0,0,0,0,0,0.00,0.00,0.00,0.00,0.0,0.0
2026-10-02T01:46:22+00:00,2026-10-01,daily,6,2026-10-10T10:00:00Z,217,M.França,CRY,MID,49,0,-1,0.0,0,159,1007,3441,u,Has joined Alverca on loan for the rest of the season,2026-09-11T14:42:19.322912Z,0,0,,,,0.0,0,0,0,0,0,0,0,0,0,0,0,0,0,0.00,0.00,0.00,0.00,0.0,0.0
2026-10-02T01:46:22+00:00,2026-10-01,daily,6,2026-10-10T10:00:00Z,218,Doucouré,CRY,MID,48,-1,-2,0.0,112,294,2086,4459,a,,,,,,,,0.0,0,0,0,0,0,0,0,0,0,0,0,0,0,0.00,0.00,0.00,0.00,0.0,0.0
2026-10-02T01:46:22+00:00,2026-10-01,daily,6,2026-10-10T10:00:00Z,219,J.Rak-Sakyi,CRY,MID,49,0,-1,0.0,0,25,145,467,u,has joined  Kasimpasa on loan for the rest of the seaon.,2026-09-10T09:12:47.224598Z,0,0,,,,0.0,0,0,0,0,0,0,0,0,0,0,0,0,0,0.00,0.00,0.00,0.00,0.0,0.0
2026-10-02T01:46:22+00:00,2026-10-01,daily,6,2026-10-10T10:00:00Z,220,Cardines,CRY,DEF,45,0,0,0.0,0,3,0,128,u,Has joined Bristol City on loan for the rest of the season,2026-08-12T14:08:46.501813Z,0,0,,,,0.0,0,0,0,0,0,0,0,0,0,0,0,0,0,0.00,0.00,0.00,0.00,0.0,0.0
2026-10-02T01:46:22+00:00,2026-10-01,daily,6,2026-10-10T10:00:00Z,221,Drakes-Thomas,CRY,MID,45,0,0,0.1,139,422,2687,4667,a,,,,,,,,0.0,0,0,0,0,0,0,0,0,0,0,0,0,0,0.00,0.00,0.00,0.00,0.0,0.0
2026-10-02T01:46:22+00:00,2026-10-01,daily,6,2026-10-10T10:00:00Z,222,Strand Larsen,CRY,FWD,60,0,0,0.7,4908,3885,50133,40939,a,,,,,,,,3.7,2,14,298,3,1,0,1,5,0,13,6,2,5,0.43,0.20,0.63,6.15,3.7,3.7
2026-10-02T01:46:22+00:00,2026-10-01,daily,6,2026-10-10T10:00:00Z,223,Mateta,CRY,FWD,63,0,-2,1.3,212,9122,25965,454609,i,Hamstring injury - Expected back 11 Oct,2026-08-28T21:00:08.020382Z,0,0,1,,,0.0,0,2,62,1,0,0,0,2,0,5,1,2,2,0.70,0.02,0.72,0.98,0.0,0.0
2026-10-02T01:46:22+00:00,2026-10-01,daily,6,2026-10-10T10:00:00Z,224,Nketiah,CRY,FWD,55,0,0,0.5,1281,3346,47262,49993,a,,2026-09-12T14:00:09.427136Z,100,100,,,,1.7,1,8,175,3,0,1,0,7,0,12,2,4,6,1.10,0.60,1.70,4.51,1.7,1.7
2026-10-02T01:46:22+00:00,2026-10-01,daily,6,2026-10-10T10:00:00Z,225,Uche,CRY,FWD,50,0,0,0.0,0,0,0,0,u,has returned to Getafe CF,2026-07-23T12:18:56.275922Z,0,0,,,,0.0,0,0,0,0,0,0,0,0,0,0,0,0,0,0.00,0.00,0.00,0.00,0.0,0.0
2026-10-02T01:46:22+00:00,2026-10-01,daily,6,2026-10-10T10:00:00Z,241,McNeil,CRY,MID,54,0,-1,0.1,74,478,1781,8207,a,,,,,,,,0.0,0,3,84,1,0,0,0,3,0,7,4,0,3,0.05,0.02,0.07,1.18,0.0,0.0
2026-10-02T01:46:22+00:00,2026-10-01,daily,6,2026-10-10T10:00:00Z,555,Matthews,CRY,GKP,40,0,0,1.7,1098,3022,23282,31462,a,,,,,,,,0.0,0,0,0,0,0,0,0,0,0,0,0,0,0,0.00,0.00,0.00,0.00,0.0,0.0
2026-10-02T01:46:22+00:00,2026-10-01,daily,6,2026-10-10T10:00:00Z,577,Tomiyasu,CRY,DEF,44,0,-1,0.3,149,1188,3478,13308,d,Calf injury - 75% chance of playing,2026-09-21T13:30:09.030724Z,,75,,,,0.3,1,3,189,2,0,0,0,5,0,17,15,2,7,0.00,0.03,0.03,3.98,0.3,0.2
2026-10-02T01:46:22+00:00,2026-10-01,daily,6,2026-10-10T10:00:00Z,588,Khalaili,CRY,DEF,50,0,0,0.3,2080,1110,34773,15364,a,,,,,,,,5.3,6,19,379,4,1,0,1,8,0,44,23,21,26,0.96,0.33,1.29,8.41,5.3,5.3
2026-10-02T01:46:22+00:00,2026-10-01,daily,6,2026-10-10T10:00:00Z,595,Gozo,CRY,MID,49,-1,-1,0.0,41,90,491,883,a,,,,,,,,0.3,0,2,28,0,0,0,0,2,0,1,0,1,0,0.00,0.00,0.00,0.68,0.3,0.3
2026-10-02T01:46:22+00:00,2026-10-01,daily,6,2026-10-10T10:00:00Z,633,Ahanor,CRY,DEF,45,0,0,0.0,139,107,1914,559,a,,,,,,,,1.0,0,3,90,1,0,0,0,3,0,11,9,2,4,0.00,0.01,0.01,1.68,1.0,1.0
2026-10-02T01:46:22+00:00,2026-10-01,daily,6,2026-10-10T10:00:00Z,643,Chilwell,CRY,DEF,45,0,0,0.4,564,2936,43118,18146,a,,,,,,,,2.7,0,8,29,0,1,0,0,1,0,1,1,0,0,0.27,0.01,0.28,1.12,2.7,2.7
2026-10-02T01:46:22+00:00,2026-10-01,daily,6,2026-10-10T10:00:00Z,644,Timber,CRY,MID,50,0,0,0.0,467,317,4290,1509,a,,,,,,,,3.0,3,9,253,3,0,0,1,5,0,27,6,11,10,0.24,0.06,0.30,5.56,3.0,3.0
2026-10-02T01:46:22+00:00,2026-10-01,daily,6,2026-10-10T10:00:00Z,647,Osorio,CRY,MID,55,0,0,0.0,27,75,946,411,a,,,,,,,,0.3,0,1,1,0,0,0,0,0,0,1,0,1,0,0.00,0.00,0.00,0.13,0.3,0.3
2026-10-02T01:46:22+00:00,2026-10-01,daily,6,2026-10-10T10:00:00Z,21,Nørgaard,EVE,MID,48,-1,-2,0.0,54,325,494,7427,i,Groin injury - Unknown return date,2026-08-15T20:00:06.779594Z,0,0,,,,0.0,0,0,0,0,0,0,0,0,0,0,0,0,0,0.00,0.00,0.00,0.00,0.0,0.0
2026-10-02T01:46:22+00:00,2026-10-01,daily,6,2026-10-10T10:00:00Z,209,Johnson,EVE,MID,59,0,-1,0.1,412,711,5307,10426,a,,,,,,,,2.3,3,9,238,3,0,0,2,1,0,26,8,7,11,1.03,0.22,1.25,3.73,2.3,2.3
2026-10-02T01:46:22+00:00,2026-10-01,daily,6,2026-10-10T10:00:00Z,226,Pickford,EVE,GKP,55,0,0,9.1,28737,15584,296254,235703,a,,,,,,,,5.0,8,25,450,5,0,0,3,3,15,0,7,0,53,0.00,0.02,0.02,6.94,5.0,5.0
2026-10-02T01:46:22+00:00,2026-10-01,daily,6,2026-10-10T10:00:00Z,227,Travers,EVE,GKP,50,0,0,0.0,251,263,1809,2125,a,,,,,,,,0.0,0,0,0,0,0,0,0,0,0,0,0,0,0,0.00,0.00,0.00,0.00,0.0,0.0
2026-10-02T01:46:22+00:00,2026-10-01,daily,6,2026-10-10T10:00:00Z,228,King,EVE,GKP,45,0,0,0.0,112,170,1179,1737,a,,,,,,,,0.0,0,0,0,0,0,0,0,0,0,0,0,0,0,0.00,0.00,0.00,0.00,0.0,0.0
2026-10-02T01:46:22+00:00,2026-10-01,daily,6,2026-10-10T10:00:00Z,229,Tarkowski,EVE,DEF,62,1,2,16.6,234219,20759,945027,284345,a,,,,,,,,8.3,14,43,450,5,1,1,3,3,0,51,40,11,18,0.18,0.04,0.22,6.94,8.3,8.3
2026-10-02T01:46:22+00:00,2026-10-01,daily,6,2026-10-10T10:00:00Z,230,Branthwaite,EVE,DEF,55,0,0,2.4,19716,7224,139888,71689,a,,,,,,,,5.7,8,27,450,5,0,0,3,3,0,54,49,5,14,0.17,0.02,0.19,6.94,5.7,5.7
2026-10-02T01:46:22+00:00,2026-10-01,daily,6,2026-10-10T10:00:00Z,231,Keane,EVE,DEF,48,0,-2,0.7,387,3844,9292,90643,a,,,,,,,,0.0,0,0,0,0,0,0,0,0,0,0,0,0,0,0.00,0.00,0.00,0.00,0.0,0.0
2026-10-02T01:46:22+00:00,2026-10-01,daily,6,2026-10-10T10:00:00Z,232,O'Brien,EVE,DEF,48,-1,-2,0.3,331,1147,4586,24618,a,,,,,,,,0.7,1,2,16,0,0,0,0,0,0,2,2,0,2,0.00,0.00,0.00,0.42,0.7,0.7
2026-10-02T01:46:22+00:00,2026-10-01,daily,6,2026-10-10T10:00:00Z,233,Mykolenko,EVE,DEF,46,1,1,4.2,41304,21826,412496,118279,d,Leg injury - 75% chance of playing,2026-10-01T19:30:09.402881Z,,75,,,,5.7,5,27,450,5,0,0,3,3,0,39,25,14,30,0.04,0.16,0.20,6.94,5.7,4.3
2026-10-02T01:46:22+00:00,2026-10-01,daily,6,2026-10-10T10:00:00Z,234,Patterson,EVE,DEF,45,0,0,0.0,0,123,371,2436,u,Has joined Torino permanently,2026-09-02T16:05:23.326971Z,0,0,,,,0.0,0,0,0,0,0,0,0,0,0,0,0,0,0,0.00,0.00,0.00,0.00,0.0,0.0
2026-10-02T01:46:22+00:00,2026-10-01,daily,6,2026-10-10T10:00:00Z,235,Aznou,EVE,DEF,40,0,0,0.1,0,557,1728,11151,u,Has joined Malaga on loan for the rest of the season,2026-09-01T13:23:16.934847Z,0,0,,,,0.0,0,0,0,0,0,0,0,0,0,0,0,0,0,0.00,0.00,0.00,0.00,0.0,0.0
2026-10-02T01:46:22+00:00,2026-10-01,daily,6,2026-10-10T10:00:00Z,236,Dewsbury-Hall,EVE,MID,66,1,1,6.0,34311,44588,585075,323952,a,,,,,,,2,2.3,3,20,450,5,1,0,3,3,0,42,5,11,26,0.99,0.83,1.82,6.74,2.3,2.3
2026-10-02T01:46:22+00:00,2026-10-01,daily,6,2026-10-10T10:00:00Z,238,Grealish,EVE,MID,65,0,0,0.5,3760,2977,40804,23261,a,,2026-07-29T10:00:10.492904Z,100,100,,,,1.7,3,6,135,1,0,0,1,1,0,13,2,3,8,0.02,0.44,0.46,1.67,1.7,1.7
2026-10-02T01:46:22+00:00,2026-10-01,daily,6,2026-10-10T10:00:00Z,239,Garner,EVE,MID,60,0,0,0.2,1746,1992,21198,13892,a,,2026-09-06T18:00:08.301702Z,100,100,2,1,1,3.0,3,11,328,4,0,0,2,2,0,45,9,11,25,0.20,0.17,0.37,3.45,3.0,3.0
2026-10-02T01:46:22+00:00,2026-10-01,daily,6,2026-10-10T10:00:00Z,242,George,EVE,MID,55,0,0,0.9,2450,10778,107115,42442,a,,,,,,,,4.7,1,19,309,4,1,0,2,3,0,18,5,1,12,0.35,0.32,0.67,3.71,4.7,4.7
2026-10-02T01:46:22+00:00,2026-10-01,daily,6,2026-10-10T10:00:00Z,243,Alcaraz,EVE,MID,49,0,-1,0.1,159,407,2860,5840,a,,,,,,,,0.0,0,1,5,0,0,0,0,0,0,3,0,1,2,0.05,0.02,0.07,0.04,0.0,0.0
2026-10-02T01:46:22+00:00,2026-10-01,daily,6,2026-10-10T10:00:00Z,244,Armstrong,EVE,MID,50,0,0,0.4,840,3311,53900,32665,a,,2026-09-17T08:30:08.942299Z,75,100,,,,2.0,2,16,446,5,0,1,3,3,0,40,13,8,19,0.21,0.49,0.70,6.94,1.5,2.0
2026-10-02T01:46:22+00:00,2026-10-01,daily,6,2026-10-10T10:00:00Z,245,Dibling,EVE,MID,54,0,-1,0.0,118,158,1173,2657,a,,,,,,,,0.3,1,1,24,0,0,0,0,0,0,0,0,0,0,0.17,0.16,0.33,0.38,0.3,0.3
2026-10-02T01:46:22+00:00,2026-10-01,daily,6,2026-10-10T10:00:00Z,246,Röhl,EVE,MID,49,0,-1,0.0,7,585,1962,4685,i,Unspecified injury - Expected back 11 Oct,2026-09-16T18:00:09.541933Z,0,0,,,,0.3,0,6,249,3,0,0,1,2,0,24,6,5,13,0.00,0.20,0.20,4.52,0.0,0.0
2026-10-02T01:46:22+00:00,2026-10-01,daily,6,2026-10-10T10:00:00Z,247,Hackney,EVE,MID,54,-1,-1,0.2,191,1085,3742,11925,a,,2026-08-26T22:00:07.797766Z,100,100,,,3,2.0,1,10,137,1,0,1,1,1,0,12,4,3,5,0.05,0.13,0.18,3.91,2.0,2.0
2026-10-02T01:46:22+00:00,2026-10-01,daily,6,2026-10-10T10:00:00Z,248,Beto,EVE,FWD,54,0,-1,0.6,0,7316,16222,219638,u,Has joined Fiorentina permanently,2026-09-02T16:05:23.357221Z,0,0,,,,0.0,0,2,31,0,0,0,0,0,0,1,1,0,0,0.09,0.00,0.09,1.92,0.0,0.0
2026-10-02T01:46:22+00:00,2026-10-01,daily,6,2026-10-10T10:00:00Z,249,Barry,EVE,FWD,57,1,2,8.3,84979,39120,967134,357296,a,,,,,1,,,3.3,6,20,417,5,2,0,3,3,0,17,5,1,11,3.50,0.15,3.65,5.02,3.3,3.3
2026-10-02T01:46:22+00:00,2026-10-01,daily,6,2026-10-10T10:00:00Z,649,Maitland-Niles,EVE,DEF,45,0,0,1.4,19407,4731,92439,14623,a,,,,,,,,7.0,8,21,177,2,1,0,2,1,0,13,8,5,7,0.06,0.25,0.31,2.00,7.0,7.0
2026-10-02T01:46:22+00:00,2026-10-01,daily,6,2026-10-10T10:00:00Z,654,Graham,EVE,MID,45,0,0,0.1,234,1007,11280,5312,a,,,,,,,,0.0,0,0,0,0,0,0,0,0,0,0,0,0,0,0.00,0.00,0.00,0.00,0.0,0.0
2026-10-02T01:46:22+00:00,2026-10-01,daily,6,2026-10-10T10:00:00Z,250,Leno,FUL,GKP,45,0,0,3.4,39185,11360,150082,102402,a,,,,,,,,4.3,3,18,450,5,0,0,1,8,16,0,6,0,41,0.00,0.00,0.00,9.11,4.3,4.3
2026-10-02T01:46:22+00:00,2026-10-01,daily,6,2026-10-10T10:00:00Z,251,Lecomte,FUL,GKP,40,0,0,1.1,2500,2513,25228,25948,a,,,,,,,,0.0,0,0,0,0,0,0,0,0,0,0,0,0,0,0.00,0.00,0.00,0.00,0.0,0.0
2026-10-02T01:46:22+00:00,2026-10-01,daily,6,2026-10-10T10:00:00Z,252,McNally,FUL,GKP,40,0,0,0.1,0,599,2589,6595,u,Has joined York City on loan for the rest of the season,2026-09-01T13:25:11.231240Z,0,0,,,,0.0,0,0,0,0,0,0,0,0,0,0,0,0,0,0.00,0.00,0.00,0.00,0.0,0.0
2026-10-02T01:46:22+00:00,2026-10-01,daily,6,2026-10-10T10:00:00Z,253,Andersen,FUL,DEF,50,0,0,0.2,2721,1092,14595,9202,a,,2026-07-23T12:01:23.516350Z,100,100,,,,0.7,1,3,190,2,0,0,0,5,0,20,18,2,9,0.00,0.10,0.10,4.35,0.7,0.7
2026-10-02T01:46:22+00:00,2026-10-01,daily,6,2026-10-10T10:00:00Z,254,Robinson,FUL,DEF,45,0,0,1.5,15945,6680,58430,70655,a,,,,,2,,,3.0,2,12,429,5,0,0,1,8,0,31,18,13,20,0.26,0.30,0.56,9.08,3.0,3.0
2026-10-02T01:46:22+00:00,2026-10-01,daily,6,2026-10-10T10:00:00Z,255,J.Cuenca,FUL,DEF,45,0,0,0.0,67,112,1547,2005,a,,,,,,,,0.0,0,3,90,1,0,0,0,3,0,10,9,1,3,0.00,0.03,0.03,2.24,0.0,0.0
2026-10-02T01:46:22+00:00,2026-10-01,daily,6,2026-10-10T10:00:00Z,256,Tete,FUL,DEF,44,0,-1,0.2,57,1041,1388,10486,a,,2026-09-18T12:30:09.546158Z,0,100,,,,0.0,0,0,27,0,0,0,0,0,0,3,3,0,0,0.00,0.00,0.00,0.65,0.0,0.0
2026-10-02T01:46:22+00:00,2026-10-01,daily,6,2026-10-10T10:00:00Z,257,Bassey,FUL,DEF,45,0,0,0.7,5474,1815,26488,29961,a,,,,,,,,4.3,6,15,450,5,0,1,1,8,0,29,23,6,22,0.13,0.08,0.21,9.11,4.3,4.3
2026-10-02T01:46:22+00:00,2026-10-01,daily,6,2026-10-10T10:00:00Z,258,Castagne,FUL,DEF,45,0,0,0.9,14644,4877,91286,43606,a,,,,,,,,2.7,1,20,408,5,0,2,2,7,0,29,23,6,18,0.67,0.39,1.06,6.81,2.7,2.7
2026-10-02T01:46:22+00:00,2026-10-01,daily,6,2026-10-10T10:00:00Z,261,Iwobi,FUL,MID,54,0,-1,0.7,3461,3239,22381,55600,a,,,,,3,1,1,3.3,5,14,408,5,0,0,2,7,0,29,5,5,19,0.39,1.22,1.61,8.16,3.3,3.3
2026-10-02T01:46:22+00:00,2026-10-01,daily,6,2026-10-10T10:00:00Z,262,Smith Rowe,FUL,MID,53,-1,-2,0.2,307,1340,4505,20999,a,,,,,,,,0.7,0,3,38,0,0,0,0,0,0,3,1,0,2,0.06,0.02,0.08,0.87,0.7,0.7
2026-10-02T01:46:22+00:00,2026-10-01,daily,6,2026-10-10T10:00:00Z,263,Kevin,FUL,MID,53,0,-2,0.0,195,287,1999,4224,a,,,,,,,4,0.7,1,4,61,0,0,0,0,1,0,8,1,3,4,0.07,0.12,0.19,1.23,0.7,0.7
2026-10-02T01:46:22+00:00,2026-10-01,daily,6,2026-10-10T10:00:00Z,264,Bobb,FUL,MID,55,0,0,0.3,2345,1797,16348,20903,a,,,,,,,2,2.7,3,13,343,5,0,0,3,6,0,28,5,8,15,0.54,1.14,1.68,6.19,2.7,2.7
2026-10-02T01:46:22+00:00,2026-10-01,daily,6,2026-10-10T10:00:00Z,265,Berge,FUL,MID,49,0,-1,0.3,626,1298,6357,18054,a,,,,,,,,2.3,3,11,349,4,0,0,2,5,0,19,7,4,8,0.08,0.36,0.44,7.36,2.3,2.3
2026-10-02T01:46:22+00:00,2026-10-01,daily,6,2026-10-10T10:00:00Z,266,Cairney,FUL,MID,49,0,-1,0.0,8,20,109,331,i,Knee injury - Expected back 10 Oct,2026-08-14T18:00:06.460944Z,0,0,,,,0.0,0,0,0,0,0,0,0,0,0,0,0,0,0,0.00,0.00,0.00,0.00,0.0,0.0
2026-10-02T01:46:22+00:00,2026-10-01,daily,6,2026-10-10T10:00:00Z,268,King,FUL,MID,55,0,0,2.6,88336,18364,332471,96932,a,,,,,,,,5.0,2,24,425,5,2,0,2,7,0,28,5,7,16,1.54,0.46,2.00,8.29,5.0,5.0
2026-10-02T01:46:22+00:00,2026-10-01,daily,6,2026-10-10T10:00:00Z,269,Sessegnon,FUL,DEF,43,-1,-2,0.3,299,1298,2742,18996,a,,2026-09-14T11:30:07.403957Z,75,100,,,3,0.3,0,3,50,0,0,0,0,1,0,3,2,1,3,0.13,0.44,0.57,1.80,0.2,0.3
2026-10-02T01:46:22+00:00,2026-10-01,daily,6,2026-10-10T10:00:00Z,270,Reed,FUL,MID,44,0,-1,1.1,2801,6832,36293,73057,a,,,,,,,,0.0,0,0,0,0,0,0,0,0,0,0,0,0,0,0.00,0.00,0.00,0.00,0.0,0.0
2026-10-02T01:46:22+00:00,2026-10-01,daily,6,2026-10-10T10:00:00Z,271,Muniz,FUL,FWD,54,0,-1,0.4,1726,2678,16055,35119,a,,,,,,,,0.7,0,3,38,0,0,0,0,1,0,3,3,0,0,0.40,0.00,0.40,0.85,0.7,0.7
2026-10-02T01:46:22+00:00,2026-10-01,daily,6,2026-10-10T10:00:00Z,272,Kusi-Asare,FUL,FWD,45,0,0,5.4,10889,33209,160360,301014,a,,,,,,,,0.0,0,0,0,0,0,0,0,0,0,0,0,0,0,0.00,0.00,0.00,0.00,0.0,0.0
2026-10-02T01:46:22+00:00,2026-10-01,daily,6,2026-10-10T10:00:00Z,569,Gonzalo,FUL,FWD,60,0,0,4.0,68519,32511,430828,311896,a,,,,,1,,,2.0,2,14,425,5,1,0,2,7,0,18,7,2,9,2.33,0.58,2.91,8.29,2.0,2.0
2026-10-02T01:46:22+00:00,2026-10-01,daily,6,2026-10-10T10:00:00Z,570,Palacios,FUL,MID,54,0,-1,0.2,705,943,5994,10589,a,,,,,,,,3.0,1,12,226,3,1,0,0,7,0,17,4,3,10,0.98,0.03,1.01,5.46,3.0,3.0
2026-10-02T01:46:22+00:00,2026-10-01,daily,6,2026-10-10T10:00:00Z,580,Charles,FUL,MID,50,0,0,0.1,609,434,2339,4110,a,,,,,,,,3.7,4,13,303,3,0,0,1,5,0,46,23,4,19,0.09,0.16,0.25,6.65,3.7,3.7
2026-10-02T01:46:22+00:00,2026-10-01,daily,6,2026-10-10T10:00:00Z,610,De Fougerolles,FUL,DEF,40,0,0,0.1,0,504,5787,5250,u,has joined  Real Salt Lake on loan for the rest of the seaon.,2026-08-28T11:30:08.336405Z,0,0,,,,0.0,0,0,0,0,0,0,0,0,0,0,0,0,0,0.00,0.00,0.00,0.00,0.0,0.0
2026-10-02T01:46:22+00:00,2026-10-01,daily,6,2026-10-10T10:00:00Z,626,Zepa,FUL,MID,44,-1,-1,0.3,691,2251,34858,18465,a,,,,,,,,0.0,0,0,0,0,0,0,0,0,0,0,0,0,0,0.00,0.00,0.00,0.00,0.0,0.0
2026-10-02T01:46:22+00:00,2026-10-01,daily,6,2026-10-10T10:00:00Z,635,Larsson,FUL,MID,50,0,0,0.0,94,70,839,303,a,,,,,,,,1.0,1,3,37,0,0,0,0,1,0,6,2,1,3,0.13,0.23,0.36,0.88,1.0,1.0
2026-10-02T01:46:22+00:00,2026-10-01,daily,6,2026-10-10T10:00:00Z,636,Ángel,FUL,MID,50,0,0,0.0,32,27,369,169,a,,,,,,,,0.0,0,0,0,0,0,0,0,0,0,0,0,0,0,0.00,0.00,0.00,0.00,0.0,0.0
2026-10-02T01:46:22+00:00,2026-10-01,daily,6,2026-10-10T10:00:00Z,650,Affengruber,FUL,DEF,45,0,0,0.1,5809,1367,8687,1989,a,,,,,,,,4.0,4,12,180,2,0,0,1,1,0,23,20,3,7,0.00,0.02,0.02,2.88,4.0,4.0
2026-10-02T01:46:22+00:00,2026-10-01,daily,6,2026-10-10T10:00:00Z,240,Iroegbunam,HUL,MID,50,0,0,0.0,75,138,1113,1152,a,,2026-08-15T20:00:06.878792Z,100,100,,,,0.3,1,2,70,0,0,0,0,0,0,9,1,3,5,0.12,0.01,0.13,0.60,0.3,0.3
2026-10-02T01:46:22+00:00,2026-10-01,daily,6,2026-10-10T10:00:00Z,273,Phillips,HUL,GKP,40,0,0,1.4,3002,3511,29127,38394,a,,,,,,,,0.0,0,0,0,0,0,0,0,0,0,0,0,0,0,0.00,0.00,0.00,0.00,0.0,0.0
2026-10-02T01:46:22+00:00,2026-10-01,daily,6,2026-10-10T10:00:00Z,274,Butland,HUL,GKP,44,-1,-1,0.1,68,323,637,4936,i,Arm injury - Unknown return date,2026-08-08T19:00:05.601633Z,0,0,,,,0.0,0,0,0,0,0,0,0,0,0,0,0,0,0,0.00,0.00,0.00,0.00,0.0,0.0
2026-10-02T01:46:22+00:00,2026-10-01,daily,6,2026-10-10T10:00:00Z,275,Cartwright,HUL,GKP,40,0,0,0.0,0,25,0,327,u,Has joined Grimsby Town on loan for the rest of the season,2026-07-29T13:00:27.959925Z,0,0,,,,0.0,0,0,0,0,0,0,0,0,0,0,0,0,0,0.00,0.00,0.00,0.00,0.0,0.0
2026-10-02T01:46:22+00:00,2026-10-01,daily,6,2026-10-10T10:00:00Z,276,Lo-Tutala,HUL,GKP,40,0,0,0.0,0,115,0,1109,u,Has joined Colchester United on loan for the rest of the season,2026-08-17T13:50:27.125537Z,0,0,,,,0.0,0,0,0,0,0,0,0,0,0,0,0,0,0,0.00,0.00,0.00,0.00,0.0,0.0
2026-10-02T01:46:22+00:00,2026-10-01,daily,6,2026-10-10T10:00:00Z,277,Egan,HUL,DEF,41,0,1,7.0,27136,29536,750295,216457,a,,,,,,,,3.0,1,26,437,5,0,0,3,4,0,59,50,9,12,0.05,0.00,0.05,7.27,3.0,3.0
2026-10-02T01:46:22+00:00,2026-10-01,daily,6,2026-10-10T10:00:00Z,278,Hughes,HUL,DEF,39,0,-1,0.2,1097,1947,16886,12914,i,Groin injury - Unknown return date,2026-08-02T09:00:11.030017Z,0,0,,,,0.0,0,0,0,0,0,0,0,0,0,0,0,0,0,0.00,0.00,0.00,0.00,0.0,0.0
2026-10-02T01:46:22+00:00,2026-10-01,daily,6,2026-10-10T10:00:00Z,279,Ajayi,HUL,DEF,42,0,2,14.0,43598,59137,1354983,309639,a,,2026-08-22T17:30:07.668197Z,100,100,,,,2.3,1,27,423,5,1,0,3,4,0,27,21,6,16,0.66,0.01,0.67,6.43,2.3,2.3
2026-10-02T01:46:22+00:00,2026-10-01,daily,6,2026-10-10T10:00:00Z,280,Coyle,HUL,DEF,40,0,0,0.7,2068,2041,27640,25849,a,,2026-08-29T16:30:08.151841Z,100,100,,,,2.7,1,14,348,5,0,0,2,4,0,11,8,3,11,0.13,0.07,0.20,6.22,2.7,2.7
2026-10-02T01:46:22+00:00,2026-10-01,daily,6,2026-10-10T10:00:00Z,281,Drameh,HUL,DEF,40,0,0,0.0,0,255,2118,4508,u,Has joined Genoa permanently,2026-09-02T16:09:06.479140Z,0,0,,,,0.0,0,2,65,0,0,0,0,0,0,6,5,1,4,0.05,0.00,0.05,0.87,0.0,0.0
2026-10-02T01:46:22+00:00,2026-10-01,daily,6,2026-10-10T10:00:00Z,282,Giles,HUL,DEF,40,0,0,2.9,21333,13842,278150,66133,a,,,,,,1,3,4.0,0,24,444,5,0,1,3,4,0,24,19,5,14,0.02,0.43,0.45,7.33,4.0,4.0
2026-10-02T01:46:22+00:00,2026-10-01,daily,6,2026-10-10T10:00:00Z,283,Jacob,HUL,DEF,40,0,0,0.0,0,36,114,693,u,Has joined Newport County on loan until January,2026-08-02T09:00:11.038361Z,0,0,,,,0.0,0,0,0,0,0,0,0,0,0,0,0,0,0,0.00,0.00,0.00,0.00,0.0,0.0
2026-10-02T01:46:22+00:00,2026-10-01,daily,6,2026-10-10T10:00:00Z,284,McCarthy,HUL,DEF,40,0,0,0.1,393,439,4927,4591,a,,,,,,,,0.0,0,0,0,0,0,0,0,0,0,0,0,0,0,0.00,0.00,0.00,0.00,0.0,0.0
2026-10-02T01:46:22+00:00,2026-10-01,daily,6,2026-10-10T10:00:00Z,285,McNair,HUL,DEF,40,0,0,0.1,195,413,3148,4722,a,,2026-09-09T13:30:08.327907Z,100,100,,,,0.0,0,1,26,0,0,0,0,0,0,2,2,0,1,0.00,0.00,0.00,0.96,0.0,0.0
2026-10-02T01:46:22+00:00,2026-10-01,daily,6,2026-10-10T10:00:00Z,286,Belloumi,HUL,MID,51,0,1,5.2,76512,25054,506448,85092,a,,,,,,2,2,7.3,4,31,394,5,2,2,3,3,0,44,14,16,14,0.72,0.43,1.15,6.44,7.3,7.3
2026-10-02T01:46:22+00:00,2026-10-01,daily,6,2026-10-10T10:00:00Z,287,Millar,HUL,MID,50,0,0,0.0,0,299,3178,7519,u,Has joined Birmingham on loan for the rest of the season,2026-09-02T15:36:41.038103Z,0,0,,,,0.0,0,6,50,0,1,0,0,0,0,4,2,1,1,0.58,0.00,0.58,0.87,0.0,0.0
2026-10-02T01:46:22+00:00,2026-10-01,daily,6,2026-10-10T10:00:00Z,288,Dowell,HUL,MID,45,0,0,0.3,589,2014,12346,21597,a,,,,,,,,0.0,0,0,0,0,0,0,0,0,0,0,0,0,0,0.00,0.00,0.00,0.00,0.0,0.0
2026-10-02T01:46:22+00:00,2026-10-01,daily,6,2026-10-10T10:00:00Z,289,Crooks,HUL,MID,44,-1,-1,0.5,5061,4183,24420,40412,a,,2026-08-29T15:00:08.569326Z,100,100,,,,0.3,0,3,203,3,0,0,1,4,0,21,9,8,4,0.00,0.12,0.12,3.57,0.3,0.3
2026-10-02T01:46:22+00:00,2026-10-01,daily,6,2026-10-10T10:00:00Z,290,Slater,HUL,MID,45,0,0,5.2,15758,37298,498691,278297,a,,,,,,,1,2.3,2,15,437,5,0,1,3,4,0,33,9,9,15,0.21,0.59,0.80,7.27,2.3,2.3
2026-10-02T01:46:22+00:00,2026-10-01,daily,6,2026-10-10T10:00:00Z,291,Matazo,HUL,MID,45,0,0,0.0,29,53,380,491,i,Knee injury - Unknown return date,2026-07-23T12:01:23.532635Z,0,0,,,,0.0,0,0,0,0,0,0,0,0,0,0,0,0,0,0.00,0.00,0.00,0.00,0.0,0.0
2026-10-02T01:46:22+00:00,2026-10-01,daily,6,2026-10-10T10:00:00Z,292,Ömür,HUL,MID,49,0,-1,0.0,86,147,1204,1628,a,,,,,,,,0.0,0,0,0,0,0,0,0,0,0,0,0,0,0,0.00,0.00,0.00,0.00,0.0,0.0
2026-10-02T01:46:22+00:00,2026-10-01,daily,6,2026-10-10T10:00:00Z,293,Kamara,HUL,MID,50,0,0,0.0,0,12,0,374,u,Has joined Portsmouth permanently,2026-08-12T14:08:23.542043Z,0,0,,,,0.0,0,0,0,0,0,0,0,0,0,0,0,0,0,0.00,0.00,0.00,0.00,0.0,0.0
2026-10-02T01:46:22+00:00,2026-10-01,daily,6,2026-10-10T10:00:00Z,294,Zambrano,HUL,MID,45,0,0,0.1,151,491,3880,6820,a,,2026-08-04T18:30:11.016909Z,100,100,,,,0.0,0,0,0,0,0,0,0,0,0,0,0,0,0,0.00,0.00,0.00,0.00,0.0,0.0
2026-10-02T01:46:22+00:00,2026-10-01,daily,6,2026-10-10T10:00:00Z,295,McBurnie,HUL,FWD,55,0,0,1.9,8020,17963,189006,153310,a,,,,,1,,,2.3,1,13,441,5,0,2,3,4,0,21,9,3,9,1.23,0.13,1.36,7.21,2.3,2.3
2026-10-02T01:46:22+00:00,2026-10-01,daily,6,2026-10-10T10:00:00Z,296,Akintola,HUL,MID,50,0,0,0.0,0,272,2704,4885,u,Has joined Omonoia FC permanently,2026-09-11T14:42:38.120231Z,0,0,,,,0.0,0,0,0,0,0,0,0,0,0,0,0,0,0,0.00,0.00,0.00,0.00,0.0,0.0
2026-10-02T01:46:22+00:00,2026-10-01,daily,6,2026-10-10T10:00:00Z,297,Gyabi,HUL,MID,44,-1,-1,0.0,59,143,448,1611,i,Thigh injury - Unknown return date,2026-08-04T18:30:11.027155Z,0,0,,,,0.0,0,0,0,0,0,0,0,0,0,0,0,0,0,0.00,0.00,0.00,0.00,0.0,0.0
2026-10-02T01:46:22+00:00,2026-10-01,daily,6,2026-10-10T10:00:00Z,298,Destan,HUL,FWD,45,0,0,0.2,0,1339,0,22292,u,Has joined Konyaspor permanently,2026-08-17T13:50:27.145733Z,0,0,,,,0.0,0,0,0,0,0,0,0,0,0,0,0,0,0,0.00,0.00,0.00,0.00,0.0,0.0
2026-10-02T01:46:22+00:00,2026-10-01,daily,6,2026-10-10T10:00:00Z,299,Burstow,HUL,FWD,45,0,0,0.0,0,218,0,3068,u,Has joined Sheffield Wednesday on loan for the rest of the season,2026-08-03T14:05:20.234842Z,0,0,,,,0.0,0,0,0,0,0,0,0,0,0,0,0,0,0,0.00,0.00,0.00,0.00,0.0,0.0
2026-10-02T01:46:22+00:00,2026-10-01,daily,6,2026-10-10T10:00:00Z,340,Gelhardt,HUL,MID,50,0,0,0.0,97,109,707,1016,a,,2026-08-17T21:30:07.799839Z,100,100,,,,0.3,1,1,7,0,0,0,0,0,0,1,0,0,1,0.10,0.02,0.12,0.13,0.3,0.3
2026-10-02T01:46:22+00:00,2026-10-01,daily,6,2026-10-10T10:00:00Z,556,Targett,HUL,DEF,40,0,0,1.6,112,9900,24836,87176,d,Ankle injury - 75% chance of playing,2026-09-17T14:00:26.419938Z,75,75,,,,0.0,0,1,5,0,0,0,0,0,0,0,0,0,1,0.00,0.00,0.00,0.07,0.0,0.0
2026-10-02T01:46:22+00:00,2026-10-01,daily,6,2026-10-10T10:00:00Z,563,Morita,HUL,MID,49,-1,-1,0.0,24,178,727,1774,i,Calf injury - Expected back 11 Oct,2026-09-09T14:00:08.474217Z,0,0,,,,0.0,0,1,45,1,0,0,0,0,0,3,2,0,1,0.00,0.00,0.00,1.09,0.0,0.0
2026-10-02T01:46:22+00:00,2026-10-01,daily,6,2026-10-10T10:00:00Z,572,Tzolakis,HUL,GKP,47,1,2,12.8,125573,22041,996901,217691,a,,,,,,,,4.7,6,34,450,5,0,0,3,4,17,0,2,1,69,0.00,0.00,0.00,7.40,4.7,4.7
2026-10-02T01:46:22+00:00,2026-10-01,daily,6,2026-10-10T10:00:00Z,574,Hjertø-Dahl,HUL,MID,49,0,-1,0.1,75,327,1436,4447,a,,,,,,,,0.3,0,1,8,0,0,0,0,0,0,1,0,0,1,0.00,0.00,0.00,0.00,0.3,0.3
2026-10-02T01:46:22+00:00,2026-10-01,daily,6,2026-10-10T10:00:00Z,576,Stroud,HUL,MID,50,0,0,0.1,145,459,3667,4682,a,,,,,,,,1.3,0,7,249,4,0,0,2,1,0,20,3,5,12,0.06,0.05,0.11,4.32,1.3,1.3
2026-10-02T01:46:22+00:00,2026-10-01,daily,6,2026-10-10T10:00:00Z,585,Herrington,HUL,DEF,40,0,0,0.6,1042,1689,12841,18576,a,,,,,,,,1.0,1,5,197,1,0,0,0,3,0,16,14,2,6,0.02,0.04,0.06,3.36,1.0,1.0
2026-10-02T01:46:22+00:00,2026-10-01,daily,6,2026-10-10T10:00:00Z,586,Mendy,HUL,DEF,41,0,1,6.3,7048,33575,683340,358558,a,,2026-09-12T18:00:09.334142Z,0,100,,,,3.0,0,25,249,4,1,0,2,1,0,39,32,7,6,0.32,0.00,0.32,4.02,0.0,3.0
2026-10-02T01:46:22+00:00,2026-10-01,daily,6,2026-10-10T10:00:00Z,589,Gourna-Douath,HUL,MID,50,0,0,0.0,32,109,701,1344,a,,,,,,,,1.0,1,4,138,1,0,0,1,0,0,17,5,5,7,0.03,0.03,0.06,2.26,1.0,1.0
2026-10-02T01:46:22+00:00,2026-10-01,daily,6,2026-10-10T10:00:00Z,617,Cho,HUL,MID,50,0,0,0.0,353,150,1789,762,a,,,,,,,,2.7,6,9,72,0,1,0,0,1,0,2,1,0,1,0.79,0.36,1.15,0.98,2.7,2.7
2026-10-02T01:46:22+00:00,2026-10-01,daily,6,2026-10-10T10:00:00Z,632,Ansah,HUL,FWD,50,0,0,0.0,73,413,5120,3493,i,Back injury - Unknown return date,2026-09-09T10:00:08.919489Z,0,0,,,,0.0,0,0,0,0,0,0,0,0,0,0,0,0,0,0.00,0.00,0.00,0.00,0.0,0.0
2026-10-02T01:46:22+00:00,2026-10-01,daily,6,2026-10-10T10:00:00Z,637,Vaz,HUL,FWD,50,0,0,0.1,1846,1153,12351,3974,a,,,,,,,,0.7,1,2,20,0,0,0,0,0,0,2,0,0,2,0.00,0.01,0.01,0.31,0.7,0.7
2026-10-02T01:46:22+00:00,2026-10-01,daily,6,2026-10-10T10:00:00Z,638,Norton-Cuffy,HUL,DEF,40,0,0,0.2,454,2586,26070,10412,d,Hamstring injury - 75% chance of playing,2026-09-21T08:30:09.561308Z,,75,,,,0.3,0,1,34,0,0,0,0,0,0,1,1,0,4,0.05,0.00,0.05,0.30,0.3,0.2
2026-10-02T01:46:22+00:00,2026-10-01,daily,6,2026-10-10T10:00:00Z,642,Thomas,HUL,MID,55,0,0,0.0,479,349,3083,1198,a,,,,,,,,1.3,2,4,119,1,0,0,0,3,0,8,0,1,7,0.21,0.11,0.32,2.04,1.3,1.3
2026-10-02T01:46:22+00:00,2026-10-01,daily,6,2026-10-10T10:00:00Z,645,Mouzakitis,HUL,MID,50,0,0,0.0,89,90,781,316,a,,,,,,,,0.0,0,0,0,0,0,0,0,0,0,0,0,0,0,0.00,0.00,0.00,0.00,0.0,0.0
2026-10-02T01:46:22+00:00,2026-10-01,daily,6,2026-10-10T10:00:00Z,259,Diop,IPS,DEF,40,0,0,12.7,7081,55449,136118,508071,a,,,,,,,,2.7,4,12,450,5,0,0,0,11,0,45,41,4,21,0.06,0.16,0.22,8.98,2.7,2.7
2026-10-02T01:46:22+00:00,2026-10-01,daily,6,2026-10-10T10:00:00Z,267,Lukić,IPS,MID,49,-1,-1,0.1,193,525,3421,6478,a,,,,,,,1,1.7,2,11,400,5,0,1,0,10,0,37,17,7,13,0.02,0.41,0.43,7.37,1.7,1.7
2026-10-02T01:46:22+00:00,2026-10-01,daily,6,2026-10-10T10:00:00Z,300,Walton,IPS,GKP,44,0,-1,0.4,1688,1054,3373,14967,a,,,,,,,,0.7,2,2,90,1,0,0,0,1,1,0,2,0,17,0.00,0.01,0.01,2.24,0.7,0.7
2026-10-02T01:46:22+00:00,2026-10-01,daily,6,2026-10-10T10:00:00Z,301,Palmer,IPS,GKP,40,0,0,3.9,3990,11919,74586,113158,a,,,,,,,,0.0,0,0,0,0,0,0,0,0,0,0,0,0,0,0.00,0.00,0.00,0.00,0.0,0.0
2026-10-02T01:46:22+00:00,2026-10-01,daily,6,2026-10-10T10:00:00Z,302,Button,IPS,GKP,40,0,0,0.6,1469,1329,31479,15181,a,,,,,,,,0.0,0,0,0,0,0,0,0,0,0,0,0,0,0,0.00,0.00,0.00,0.00,0.0,0.0
2026-10-02T01:46:22+00:00,2026-10-01,daily,6,2026-10-10T10:00:00Z,303,Kipré,IPS,DEF,39,0,-1,0.9,4506,4401,49127,29148,a,,,,,,,,0.0,0,0,0,0,0,0,0,0,0,0,0,0,0,0.00,0.00,0.00,0.00,0.0,0.0
2026-10-02T01:46:22+00:00,2026-10-01,daily,6,2026-10-10T10:00:00Z,304,O'Shea,IPS,DEF,40,0,0,2.7,1981,14761,65400,128104,a,,,,,,,,2.0,2,10,450,5,0,0,0,11,0,48,41,7,18,0.07,0.26,0.33,8.98,2.0,2.0
2026-10-02T01:46:22+00:00,2026-10-01,daily,6,2026-10-10T10:00:00Z,305,Davis,IPS,DEF,40,0,0,6.9,50635,27904,370838,185520,a,,,,,,2,,5.7,2,25,450,5,2,2,0,11,0,24,22,2,10,1.59,0.46,2.05,8.98,5.7,5.7
2026-10-02T01:46:22+00:00,2026-10-01,daily,6,2026-10-10T10:00:00Z,306,Greaves,IPS,DEF,40,0,0,1.1,480,3472,8216,38213,a,,,,,,,,0.7,0,3,357,4,0,0,0,10,0,30,25,5,12,0.00,0.06,0.06,6.74,0.7,0.7
2026-10-02T01:46:22+00:00,2026-10-01,daily,6,2026-10-10T10:00:00Z,307,Johnson,IPS,DEF,40,0,0,0.1,0,361,1137,6308,u,Has joined Stoke City on loan for the rest of the season,2026-09-04T12:36:56.236331Z,0,0,,,,0.0,0,0,0,0,0,0,0,0,0,0,0,0,0,0.00,0.00,0.00,0.00,0.0,0.0
2026-10-02T01:46:22+00:00,2026-10-01,daily,6,2026-10-10T10:00:00Z,308,Furlong,IPS,DEF,39,0,-1,0.6,6411,2925,19048,19702,a,,,,,,,,0.0,0,1,17,0,0,0,0,1,0,3,2,1,0,0.00,0.00,0.00,0.86,0.0,0.0
2026-10-02T01:46:22+00:00,2026-10-01,daily,6,2026-10-10T10:00:00Z,309,Núñez,IPS,MID,49,0,-1,0.1,100,640,3117,7647,a,,,,,,1,3,0.0,0,6,140,2,0,0,0,4,0,21,8,3,10,0.03,0.05,0.08,3.48,0.0,0.0
2026-10-02T01:46:22+00:00,2026-10-01,daily,6,2026-10-10T10:00:00Z,310,Matusiwa,IPS,MID,49,0,-1,0.0,15,18,126,279,a,,2026-07-29T18:00:10.305484Z,100,100,,,,0.0,0,0,0,0,0,0,0,0,0,0,0,0,0,0.00,0.00,0.00,0.00,0.0,0.0
2026-10-02T01:46:22+00:00,2026-10-01,daily,6,2026-10-10T10:00:00Z,311,Burns,IPS,MID,50,0,0,0.0,0,8,0,347,u,Has joined Leicester City permanently,2026-08-10T14:02:47.597478Z,0,0,,,,0.0,0,0,0,0,0,0,0,0,0,0,0,0,0,0.00,0.00,0.00,0.00,0.0,0.0
2026-10-02T01:46:22+00:00,2026-10-01,daily,6,2026-10-10T10:00:00Z,312,Taylor,IPS,MID,44,-1,-1,0.0,381,274,957,2655,i,Knee injury - Unknown return date,2026-07-29T18:00:10.319370Z,0,0,,,,0.0,0,0,0,0,0,0,0,0,0,0,0,0,0,0.00,0.00,0.00,0.00,0.0,0.0
2026-10-02T01:46:22+00:00,2026-10-01,daily,6,2026-10-10T10:00:00Z,313,Clarke,IPS,MID,54,0,-1,0.2,145,930,5496,15724,a,,,,,1,3,4,1.3,2,11,170,2,1,0,0,2,0,10,3,2,5,0.30,0.37,0.67,1.97,1.3,1.3
2026-10-02T01:46:22+00:00,2026-10-01,daily,6,2026-10-10T10:00:00Z,314,Ogbene,IPS,MID,49,0,-1,0.0,0,66,104,1208,u,Has joined Lincoln City on loan until January,2026-09-02T16:04:17.497385Z,0,0,,,,0.0,0,0,0,0,0,0,0,0,0,0,0,0,0,0.00,0.00,0.00,0.00,0.0,0.0
2026-10-02T01:46:22+00:00,2026-10-01,daily,6,2026-10-10T10:00:00Z,315,Fatawu,IPS,MID,54,0,-1,0.2,57,2521,5359,13365,s,Suspended until 17 Oct,2026-09-19T15:30:10.126897Z,,0,,,2,0.7,-1,8,352,5,0,1,0,10,0,28,8,9,11,0.17,1.11,1.28,7.79,0.7,0.0
2026-10-02T01:46:22+00:00,2026-10-01,daily,6,2026-10-10T10:00:00Z,316,Emersonn,IPS,FWD,55,0,0,3.6,34708,23128,318406,142402,a,,2026-08-31T09:30:08.306145Z,100,100,2,,,5.3,2,26,317,5,2,1,0,6,0,10,3,3,4,1.61,0.12,1.73,4.29,5.3,5.3
2026-10-02T01:46:22+00:00,2026-10-01,daily,6,2026-10-10T10:00:00Z,317,Hirst,IPS,FWD,50,0,0,0.1,0,480,0,17110,u,Has joined Stoke City permanently,2026-08-21T13:06:08.606019Z,0,0,,,,0.0,0,0,0,0,0,0,0,0,0,0,0,0,0,0.00,0.00,0.00,0.00,0.0,0.0
2026-10-02T01:46:22+00:00,2026-10-01,daily,6,2026-10-10T10:00:00Z,318,Philogene,IPS,MID,54,0,-1,0.1,33,159,301,9283,a,,2026-08-25T11:30:07.532993Z,100,100,3,,5,0.7,1,2,52,0,0,0,0,1,0,4,0,0,4,0.08,0.01,0.08,0.97,0.7,0.7
2026-10-02T01:46:22+00:00,2026-10-01,daily,6,2026-10-10T10:00:00Z,319,Szmodics,IPS,MID,50,0,0,0.0,0,13,0,760,u,Has joined Derby County on loan for the rest of the season,2026-08-17T13:51:41.713979Z,0,0,,,,0.0,0,0,0,0,0,0,0,0,0,0,0,0,0,0.00,0.00,0.00,0.00,0.0,0.0
2026-10-02T01:46:22+00:00,2026-10-01,daily,6,2026-10-10T10:00:00Z,320,Akpom,IPS,FWD,50,0,0,1.2,5032,9624,130988,74057,a,,,,,,,,0.3,1,7,78,0,1,0,0,4,0,3,0,1,2,1.14,0.00,1.14,4.20,0.3,0.3
2026-10-02T01:46:22+00:00,2026-10-01,daily,6,2026-10-10T10:00:00Z,321,Walle Egeli,IPS,FWD,45,0,0,3.5,18151,26792,330772,211279,a,,,,,,,,0.0,0,1,10,0,0,0,0,0,0,0,0,0,0,0.00,0.00,0.00,0.03,0.0,0.0
2026-10-02T01:46:22+00:00,2026-10-01,daily,6,2026-10-10T10:00:00Z,322,Al-Hamadi,IPS,FWD,50,0,0,0.0,0,375,755,9920,u,Has joined Sheffield Wednesday on loan for the rest of the season,2026-08-27T14:54:10.215357Z,0,0,,,,0.0,0,0,0,0,0,0,0,0,0,0,0,0,0,0.00,0.00,0.00,0.00,0.0,0.0
2026-10-02T01:46:22+00:00,2026-10-01,daily,6,2026-10-10T10:00:00Z,323,McAteer,IPS,MID,44,-1,-1,1.0,1508,6457,28252,62304,a,,,,,,,,0.3,0,3,42,0,0,0,0,0,0,5,0,1,4,0.05,0.00,0.05,0.21,0.3,0.3
2026-10-02T01:46:22+00:00,2026-10-01,daily,6,2026-10-10T10:00:00Z,324,Mehmeti,IPS,MID,48,-1,-2,0.0,76,143,402,2474,a,,,,,,,,0.0,0,0,0,0,0,0,0,0,0,0,0,0,0,0.00,0.00,0.00,0.00,0.0,0.0
2026-10-02T01:46:22+00:00,2026-10-01,daily,6,2026-10-10T10:00:00Z,554,Van Oevelen,IPS,GKP,45,0,0,0.0,0,83,54,1957,u,Has joined Valencia on loan for the rest of the season,2026-08-25T14:04:09.529320Z,0,0,,,,0.0,0,0,0,0,0,0,0,0,0,0,0,0,0,0.00,0.00,0.00,0.00,0.0,0.0
2026-10-02T01:46:22+00:00,2026-10-01,daily,6,2026-10-10T10:00:00Z,562,Maeda,IPS,MID,53,-1,-2,0.2,138,1462,2866,20232,a,,,,,,,,1.3,1,8,259,3,0,0,0,8,0,20,8,8,4,0.71,0.02,0.73,6.05,1.3,1.3
2026-10-02T01:46:22+00:00,2026-10-01,daily,6,2026-10-10T10:00:00Z,564,Scherpen,IPS,GKP,45,0,0,0.6,637,2794,15204,23371,a,,,,,,,,1.0,0,7,360,4,0,0,0,10,15,0,8,0,39,0.00,0.01,0.01,6.74,1.0,1.0
2026-10-02T01:46:22+00:00,2026-10-01,daily,6,2026-10-10T10:00:00Z,571,Florentino,IPS,MID,48,-1,-2,0.1,111,338,1056,7069,a,,2026-08-25T11:30:07.678802Z,100,100,,,,0.7,1,2,30,0,0,0,0,0,0,2,1,1,0,0.00,0.01,0.01,0.75,0.7,0.7
2026-10-02T01:46:22+00:00,2026-10-01,daily,6,2026-10-10T10:00:00Z,591,Enciso,IPS,MID,55,0,0,0.8,2236,6103,93799,52392,a,,2026-08-22T18:00:07.551930Z,100,100,,,,1.7,2,15,413,5,0,2,0,11,0,31,5,2,24,1.26,0.89,2.15,8.47,1.7,1.7
2026-10-02T01:46:22+00:00,2026-10-01,daily,6,2026-10-10T10:00:00Z,592,Ouattara,IPS,DEF,40,0,0,0.9,678,2078,13463,26214,a,,,,,,,,1.3,2,6,131,1,0,0,0,2,0,11,7,4,14,0.02,0.03,0.05,3.13,1.3,1.3
2026-10-02T01:46:22+00:00,2026-10-01,daily,6,2026-10-10T10:00:00Z,602,Humphreys,IPS,MID,45,0,0,0.0,0,239,2861,3233,u,Has joined Huddersfield Town on loan for the rest of the season,2026-09-02T16:04:17.524642Z,0,0,,,,0.0,0,0,0,0,0,0,0,0,0,0,0,0,0,0.00,0.00,0.00,0.00,0.0,0.0
2026-10-02T01:46:22+00:00,2026-10-01,daily,6,2026-10-10T10:00:00Z,619,Palacios,IPS,MID,50,0,0,0.1,518,836,9006,3446,a,,,,,,,,3.3,2,11,275,3,0,0,0,7,0,44,12,9,23,0.00,0.09,0.09,5.30,3.3,3.3
2026-10-02T01:46:22+00:00,2026-10-01,daily,6,2026-10-10T10:00:00Z,640,Flemming,IPS,FWD,55,0,0,0.1,927,991,9289,3213,a,,,,,,,,2.0,0,6,60,0,1,0,0,1,0,5,1,1,3,0.64,0.01,0.65,0.63,2.0,2.0
2026-10-02T01:46:22+00:00,2026-10-01,daily,6,2026-10-10T10:00:00Z,260,Wilson,LEE,MID,62,0,-3,1.7,73,40499,29044,457201,i,Thigh injury - Unknown return date,2026-09-18T13:30:09.626858Z,0,0,,2,2,0.3,0,5,145,1,0,0,1,1,0,11,3,4,4,0.01,0.09,0.10,3.28,0.0,0.0
2026-10-02T01:46:22+00:00,2026-10-01,daily,6,2026-10-10T10:00:00Z,326,Perri,LEE,GKP,45,0,0,0.3,0,1300,532,26500,u,Has joined Torino on loan for the rest of the season,2026-09-01T13:12:39.210133Z,0,0,,,,0.0,0,0,0,0,0,0,0,0,0,0,0,0,0,0.00,0.00,0.00,0.00,0.0,0.0
2026-10-02T01:46:22+00:00,2026-10-01,daily,6,2026-10-10T10:00:00Z,327,Bijol,LEE,DEF,50,0,0,0.7,796,5538,69098,59153,a,,,,,,,,0.3,0,12,164,2,0,0,1,2,0,21,18,3,7,0.11,0.00,0.11,3.16,0.3,0.3
2026-10-02T01:46:22+00:00,2026-10-01,daily,6,2026-10-10T10:00:00Z,329,Rodon,LEE,DEF,43,-1,-2,0.8,45,8803,26939,296808,i,Hamstring injury - Expected back 21 Nov,2026-08-30T16:00:08.564382Z,0,0,,,,0.0,0,7,123,2,0,0,1,0,0,11,10,1,2,0.03,0.06,0.09,1.01,0.0,0.0
2026-10-02T01:46:22+00:00,2026-10-01,daily,6,2026-10-10T10:00:00Z,330,Bogle,LEE,DEF,46,0,1,7.2,125114,25736,651687,84944,a,,,,,,,,11.3,5,42,365,5,2,0,4,1,0,16,11,5,11,1.38,0.08,1.46,2.89,11.3,11.3
2026-10-02T01:46:22+00:00,2026-10-01,daily,6,2026-10-10T10:00:00Z,331,Gudmundsson,LEE,DEF,45,0,0,0.1,536,333,4134,2763,a,,2026-08-08T20:00:07.546568Z,100,100,,,,4.7,6,14,252,3,0,0,2,1,0,14,5,9,12,0.00,0.21,0.21,3.83,4.7,4.7
2026-10-02T01:46:22+00:00,2026-10-01,daily,6,2026-10-10T10:00:00Z,332,Justin,LEE,DEF,45,0,0,1.4,4228,5858,121500,70771,a,,,,,,,,4.7,8,26,450,5,0,0,2,3,0,44,28,16,14,0.22,0.42,0.64,6.46,4.7,4.7
2026-10-02T01:46:22+00:00,2026-10-01,daily,6,2026-10-10T10:00:00Z,333,Bornauw,LEE,DEF,45,0,0,0.0,0,5,0,299,u,Has joined Hamburg SV on loan for the rest of the season,2026-08-19T13:56:14.645970Z,0,0,,,,0.0,0,0,0,0,0,0,0,0,0,0,0,0,0,0.00,0.00,0.00,0.00,0.0,0.0
2026-10-02T01:46:22+00:00,2026-10-01,daily,6,2026-10-10T10:00:00Z,334,Muharemović,LEE,DEF,50,0,0,4.3,28010,24104,299295,172988,a,,,,,,,,5.7,6,27,450,5,0,1,2,3,0,58,53,5,16,0.49,0.05,0.54,6.46,5.7,5.7
2026-10-02T01:46:22+00:00,2026-10-01,daily,6,2026-10-10T10:00:00Z,335,Stach,LEE,MID,60,0,0,2.5,4805,19504,202148,164237,a,,,,,,1,1,3.3,5,27,447,5,1,0,3,2,0,61,27,13,21,0.97,0.31,1.28,6.17,3.3,3.3
2026-10-02T01:46:22+00:00,2026-10-01,daily,6,2026-10-10T10:00:00Z,336,Okafor,LEE,MID,58,0,-2,0.4,1769,3372,26876,35158,a,,,,,,,,5.0,3,18,299,4,1,0,3,1,0,18,3,7,8,0.17,0.27,0.44,2.37,5.0,5.0
2026-10-02T01:46:22+00:00,2026-10-01,daily,6,2026-10-10T10:00:00Z,337,Aaronson,LEE,MID,53,-1,-2,0.5,213,3383,6776,48112,a,,,,,,4,,1.0,1,7,194,2,0,0,1,3,0,15,1,3,11,0.01,0.02,0.03,3.78,1.0,1.0
2026-10-02T01:46:22+00:00,2026-10-01,daily,6,2026-10-10T10:00:00Z,338,Ampadu,LEE,MID,54,0,-1,0.9,1611,4921,18044,60600,a,,,,,,,,4.7,5,21,450,5,0,1,2,3,0,60,24,12,24,0.08,0.26,0.34,6.46,4.7,4.7
2026-10-02T01:46:22+00:00,2026-10-01,daily,6,2026-10-10T10:00:00Z,339,Longstaff,LEE,MID,49,0,-1,0.1,134,632,2507,8116,a,,,,,,3,3,0.3,0,2,10,0,0,0,0,1,0,0,0,0,0,0.00,0.00,0.00,0.35,0.3,0.3
2026-10-02T01:46:22+00:00,2026-10-01,daily,6,2026-10-10T10:00:00Z,341,Gnonto,LEE,MID,50,0,0,0.0,0,52,244,1810,u,Has joined ACF Fiorentina on loan for the rest of the season,2026-09-02T16:04:47.189648Z,0,0,,,,0.0,0,0,0,0,0,0,0,0,0,0,0,0,0,0.00,0.00,0.00,0.00,0.0,0.0
2026-10-02T01:46:22+00:00,2026-10-01,daily,6,2026-10-10T10:00:00Z,342,Harrison,LEE,MID,50,0,0,0.0,0,5,0,79,u,Has joined New England Revolution permanently,2026-07-28T12:59:09.492431Z,0,0,,,,0.0,0,0,0,0,0,0,0,0,0,0,0,0,0,0.00,0.00,0.00,0.00,0.0,0.0
2026-10-02T01:46:22+00:00,2026-10-01,daily,6,2026-10-10T10:00:00Z,343,James,LEE,MID,49,0,-1,0.1,186,555,4155,8005,a,,,,,,,,0.7,1,3,52,0,0,0,0,1,0,5,1,0,4,0.35,0.01,0.36,1.61,0.7,0.7
2026-10-02T01:46:22+00:00,2026-10-01,daily,6,2026-10-10T10:00:00Z,344,Gruev,LEE,MID,50,0,0,0.0,48,21,127,316,a,,2026-08-14T23:00:06.272027Z,100,100,,,,0.0,0,0,0,0,0,0,0,0,0,0,0,0,0,0.00,0.00,0.00,0.00,0.0,0.0
2026-10-02T01:46:22+00:00,2026-10-01,daily,6,2026-10-10T10:00:00Z,345,Tanaka,LEE,MID,49,0,-1,0.3,2223,2267,22741,17502,a,,,,,,,4,4.3,2,14,255,3,0,2,2,1,0,29,11,8,10,0.73,0.05,0.78,3.24,4.3,4.3
2026-10-02T01:46:22+00:00,2026-10-01,daily,6,2026-10-10T10:00:00Z,346,Calvert-Lewin,LEE,FWD,60,0,0,24.8,94107,169018,1010736,1321960,a,,,,,1,,,4.3,2,22,419,5,2,1,3,2,0,22,9,0,13,3.00,0.08,3.08,4.85,4.3,4.3
2026-10-02T01:46:22+00:00,2026-10-01,daily,6,2026-10-10T10:00:00Z,347,Nmecha,LEE,FWD,54,0,-1,0.5,2024,3725,22218,37146,a,,,,,2,,,1.0,1,7,64,0,0,1,0,1,0,4,0,1,3,0.27,0.15,0.42,2.90,1.0,1.0
2026-10-02T01:46:22+00:00,2026-10-01,daily,6,2026-10-10T10:00:00Z,348,Piroe,LEE,FWD,50,0,0,0.1,0,426,0,11221,u,Has joined West Ham United on loan for the rest of the season,2026-08-19T13:56:14.666726Z,0,0,3,,,0.0,0,0,0,0,0,0,0,0,0,0,0,0,0,0.00,0.00,0.00,0.00,0.0,0.0
2026-10-02T01:46:22+00:00,2026-10-01,daily,6,2026-10-10T10:00:00Z,349,Mateo Joseph,LEE,FWD,45,0,0,0.1,318,483,3104,4457,i,Knee injury - Unknown return date,2026-07-29T18:00:10.338170Z,0,0,,,,0.0,0,0,0,0,0,0,0,0,0,0,0,0,0,0.00,0.00,0.00,0.00,0.0,0.0
2026-10-02T01:46:22+00:00,2026-10-01,daily,6,2026-10-10T10:00:00Z,385,Trafford,LEE,GKP,50,0,0,5.5,22515,15029,264486,159374,a,,,,,,,,5.3,10,28,450,5,0,0,2,3,20,0,6,0,55,0.00,0.00,0.00,6.46,5.3,5.3
2026-10-02T01:46:22+00:00,2026-10-01,daily,6,2026-10-10T10:00:00Z,598,Elvedi,LEE,DEF,45,0,0,0.1,230,236,5345,2795,a,,,,,,,,4.0,6,13,326,3,0,0,1,3,0,29,27,2,8,0.12,0.58,0.70,5.45,4.0,4.0
2026-10-02T01:46:22+00:00,2026-10-01,daily,6,2026-10-10T10:00:00Z,603,Lienou,LEE,DEF,40,0,0,0.1,240,518,6913,3985,a,,,,,,,,0.0,0,0,0,0,0,0,0,0,0,0,0,0,0,0.00,0.00,0.00,0.00,0.0,0.0
2026-10-02T01:46:22+00:00,2026-10-01,daily,6,2026-10-10T10:00:00Z,604,Cresswell,LEE,MID,45,0,0,0.1,304,884,14060,7912,a,,,,,,,,0.0,0,0,0,0,0,0,0,0,0,0,0,0,0,0.00,0.00,0.00,0.00,0.0,0.0
2026-10-02T01:46:22+00:00,2026-10-01,daily,6,2026-10-10T10:00:00Z,625,Cairns,LEE,GKP,40,0,0,0.2,845,783,19804,5941,a,,,,,,,,0.0,0,0,0,0,0,0,0,0,0,0,0,0,0,0.00,0.00,0.00,0.00,0.0,0.0
2026-10-02T01:46:22+00:00,2026-10-01,daily,6,2026-10-10T10:00:00Z,629,Zetterer,LEE,GKP,40,0,0,0.7,3031,2785,58471,14160,a,,,,,,,,0.0,0,0,0,0,0,0,0,0,0,0,0,0,0,0.00,0.00,0.00,0.00,0.0,0.0
2026-10-02T01:46:22+00:00,2026-10-01,daily,6,2026-10-10T10:00:00Z,641,Bard,LEE,DEF,45,0,0,0.0,97,79,959,355,a,,,,,,,,0.3,0,1,18,0,0,0,0,1,0,2,1,1,2,0.00,0.00,0.00,0.30,0.3,0.3
2026-10-02T01:46:22+00:00,2026-10-01,daily,6,2026-10-10T10:00:00Z,648,Bahoya,LEE,MID,50,0,0,0.0,109,176,2241,1144,a,,,,,,,,0.3,1,1,1,0,0,0,0,0,0,0,0,0,0,0.00,0.00,0.00,0.00,0.3,0.3
2026-10-02T01:46:22+00:00,2026-10-01,daily,6,2026-10-10T10:00:00Z,350,A.Becker,LIV,GKP,55,0,0,4.1,13326,11770,146644,145294,a,,,,,,,,8.3,8,27,450,5,0,0,3,4,14,0,10,0,47,0.00,0.00,0.00,6.12,8.3,8.3
2026-10-02T01:46:22+00:00,2026-10-01,daily,6,2026-10-10T10:00:00Z,351,Mamardashvili,LIV,GKP,49,0,-1,0.1,254,624,2866,8642,a,,,,,,,,0.0,0,0,0,0,0,0,0,0,0,0,0,0,0,0.00,0.00,0.00,0.00,0.0,0.0
2026-10-02T01:46:22+00:00,2026-10-01,daily,6,2026-10-10T10:00:00Z,352,Woodman,LIV,GKP,40,0,0,1.0,785,2360,18279,27218,a,,,,,,,,0.0,0,0,0,0,0,0,0,0,0,0,0,0,0,0.00,0.00,0.00,0.00,0.0,0.0
2026-10-02T01:46:22+00:00,2026-10-01,daily,6,2026-10-10T10:00:00Z,353,Pecsi,LIV,GKP,40,0,0,0.0,0,61,0,1088,u,Has joined TSV Hartberg on loan for the rest of the season,2026-08-18T14:11:18.638344Z,0,0,,,,0.0,0,0,0,0,0,0,0,0,0,0,0,0,0,0.00,0.00,0.00,0.00,0.0,0.0
2026-10-02T01:46:22+00:00,2026-10-01,daily,6,2026-10-10T10:00:00Z,354,Jaros,LIV,GKP,40,0,0,0.0,205,160,1752,1246,i,Knee injury - Unknown return date,2026-07-29T18:00:10.351066Z,0,0,,,,0.0,0,0,0,0,0,0,0,0,0,0,0,0,0,0.00,0.00,0.00,0.00,0.0,0.0
2026-10-02T01:46:22+00:00,2026-10-01,daily,6,2026-10-10T10:00:00Z,355,Davies,LIV,GKP,40,0,0,0.2,291,467,4743,4247,a,,,,,,,,0.0,0,0,0,0,0,0,0,0,0,0,0,0,0,0.00,0.00,0.00,0.00,0.0,0.0
2026-10-02T01:46:22+00:00,2026-10-01,daily,6,2026-10-10T10:00:00Z,356,Virgil,LIV,DEF,65,0,0,16.2,21695,43807,278711,616440,a,,,,,,,,7.3,8,25,450,5,0,0,3,4,0,48,43,5,18,0.25,0.08,0.33,6.12,7.3,7.3
2026-10-02T01:46:22+00:00,2026-10-01,daily,6,2026-10-10T10:00:00Z,357,Frimpong,LIV,DEF,53,0,-2,1.8,1619,12755,58962,246140,a,,,,,,,,0.3,0,2,178,2,0,0,0,4,0,12,8,4,7,0.01,0.23,0.24,3.91,0.3,0.3
2026-10-02T01:46:22+00:00,2026-10-01,daily,6,2026-10-10T10:00:00Z,358,Kerkez,LIV,DEF,53,-1,-2,2.2,2630,10475,47647,187847,a,,,,,,,,4.0,6,13,385,4,0,0,2,4,0,30,22,8,10,0.07,0.08,0.15,5.65,4.0,4.0
2026-10-02T01:46:22+00:00,2026-10-01,daily,6,2026-10-10T10:00:00Z,359,Gomez,LIV,DEF,49,0,-1,0.0,323,116,743,1180,a,,2026-07-26T08:30:10.078473Z,100,100,,,,0.0,0,0,0,0,0,0,0,0,0,0,0,0,0,0.00,0.00,0.00,0.00,0.0,0.0
2026-10-02T01:46:22+00:00,2026-10-01,daily,6,2026-10-10T10:00:00Z,360,Bradley,LIV,DEF,50,0,0,0.0,56,85,373,797,i,Knee injury - Unknown return date,2026-07-23T12:01:23.565711Z,0,0,,,,0.0,0,0,0,0,0,0,0,0,0,0,0,0,0,0.00,0.00,0.00,0.00,0.0,0.0
2026-10-02T01:46:22+00:00,2026-10-01,daily,6,2026-10-10T10:00:00Z,361,Lucky,LIV,DEF,40,0,0,0.1,296,584,3873,5809,a,,,,,,,,0.0,0,0,0,0,0,0,0,0,0,0,0,0,0,0.00,0.00,0.00,0.00,0.0,0.0
2026-10-02T01:46:22+00:00,2026-10-01,daily,6,2026-10-10T10:00:00Z,362,Jacquet,LIV,DEF,50,0,0,3.5,33786,13409,231668,123442,a,,2026-07-23T12:01:23.581126Z,100,100,,,,6.7,6,24,415,5,0,0,3,4,0,36,25,11,21,0.00,0.14,0.14,5.51,6.7,6.7
2026-10-02T01:46:22+00:00,2026-10-01,daily,6,2026-10-10T10:00:00Z,363,Leoni,LIV,DEF,40,0,0,0.0,65,183,866,2114,i,Knee injury - Unknown return date,2026-07-23T12:01:23.596909Z,0,0,,,,0.0,0,0,0,0,0,0,0,0,0,0,0,0,0,0.00,0.00,0.00,0.00,0.0,0.0
2026-10-02T01:46:22+00:00,2026-10-01,daily,6,2026-10-10T10:00:00Z,364,Tsimikas,LIV,DEF,49,0,-1,0.1,93,394,1580,4420,a,,,,,,,4,0.3,0,2,64,1,0,0,0,0,0,3,2,1,3,0.04,0.02,0.06,0.47,0.3,0.3
2026-10-02T01:46:22+00:00,2026-10-01,daily,6,2026-10-10T10:00:00Z,365,Ramsay,LIV,DEF,40,0,0,0.1,0,477,638,12706,u,Has joined St Mirren on loan for the rest of the season,2026-08-26T14:05:26.748768Z,0,0,,,,0.0,0,0,0,0,0,0,0,0,0,0,0,0,0,0.00,0.00,0.00,0.00,0.0,0.0
2026-10-02T01:46:22+00:00,2026-10-01,daily,6,2026-10-10T10:00:00Z,366,Wirtz,LIV,MID,73,0,-2,5.7,3536,42006,133804,765403,a,,,,,4,2,2,4.0,6,18,402,5,0,2,3,4,0,36,3,8,25,1.00,0.40,1.40,4.82,4.0,4.0
2026-10-02T01:46:22+00:00,2026-10-01,daily,6,2026-10-10T10:00:00Z,367,Gakpo,LIV,MID,72,0,2,12.4,51221,92248,1337633,719845,d,Ankle injury - 75% chance of playing,2026-09-27T21:30:07.786183Z,100,75,3,,3,5.0,3,32,370,4,1,3,2,4,0,32,9,8,15,0.64,1.71,2.35,5.51,5.0,3.8
2026-10-02T01:46:22+00:00,2026-10-01,daily,6,2026-10-10T10:00:00Z,368,Szoboszlai,LIV,MID,70,0,0,32.8,36290,214005,928649,1682163,a,,,,,1,1,1,2.7,2,20,440,5,1,0,3,4,0,41,13,6,22,1.42,0.82,2.24,5.99,2.7,2.7
2026-10-02T01:46:22+00:00,2026-10-01,daily,6,2026-10-10T10:00:00Z,369,Ngumoha,LIV,MID,57,-1,-3,0.5,784,4261,14562,89287,a,,,,,,,,0.3,0,4,99,1,0,0,0,2,0,4,1,1,2,0.15,0.05,0.20,0.68,0.3,0.3
2026-10-02T01:46:22+00:00,2026-10-01,daily,6,2026-10-10T10:00:00Z,370,Chiesa,LIV,MID,53,-1,-2,0.0,17,250,682,10083,i,Back injury - Unknown return date,2026-08-27T13:30:07.598926Z,0,0,,,,0.0,0,0,0,0,0,0,0,0,0,0,0,0,0,0.00,0.00,0.00,0.00,0.0,0.0
2026-10-02T01:46:22+00:00,2026-10-01,daily,6,2026-10-10T10:00:00Z,371,Gravenberch,LIV,MID,58,-1,-2,1.1,1214,9104,35752,130457,a,,,,,,,,1.0,1,9,190,2,0,1,0,2,0,25,10,4,11,0.10,0.08,0.18,2.02,1.0,1.0
2026-10-02T01:46:22+00:00,2026-10-01,daily,6,2026-10-10T10:00:00Z,372,Mac Allister,LIV,MID,54,0,-1,1.3,3845,6878,45465,96592,a,,,,,5,,,2.7,5,11,306,3,0,0,2,2,0,41,11,11,19,0.10,0.49,0.59,4.85,2.7,2.7
2026-10-02T01:46:22+00:00,2026-10-01,daily,6,2026-10-10T10:00:00Z,373,C.Jones,LIV,MID,55,0,0,0.0,0,61,34,2648,u,Has joined Internazionale permanently,2026-08-16T18:30:07.426408Z,0,0,,,,0.0,0,0,0,0,0,0,0,0,0,0,0,0,0,0.00,0.00,0.00,0.00,0.0,0.0
2026-10-02T01:46:22+00:00,2026-10-01,daily,6,2026-10-10T10:00:00Z,374,Endo,LIV,MID,49,0,-1,0.1,168,445,2331,4811,a,,2026-07-23T12:01:23.612529Z,100,100,,,,0.0,0,0,0,0,0,0,0,0,0,0,0,0,0,0.00,0.00,0.00,0.00,0.0,0.0
2026-10-02T01:46:22+00:00,2026-10-01,daily,6,2026-10-10T10:00:00Z,375,Nyoni,LIV,MID,49,0,-1,0.0,93,312,1350,3057,a,,,,,,,,0.7,1,3,38,0,0,0,0,0,0,10,6,2,2,0.00,0.00,0.00,0.36,0.7,0.7
2026-10-02T01:46:22+00:00,2026-10-01,daily,6,2026-10-10T10:00:00Z,376,Bajcetic,LIV,MID,50,0,0,0.0,0,3,19,107,u,Has joined Celta Vigo permanently,2026-07-23T12:01:23.628373Z,0,0,,,,0.0,0,0,0,0,0,0,0,0,0,0,0,0,0,0.00,0.00,0.00,0.00,0.0,0.0
2026-10-02T01:46:22+00:00,2026-10-01,daily,6,2026-10-10T10:00:00Z,377,Munoz,LIV,MID,65,0,0,0.9,1470,11488,117453,101830,a,,,,,,,,1.7,1,15,257,3,1,1,1,2,0,16,5,3,8,0.52,0.31,0.83,4.63,1.7,1.7
2026-10-02T01:46:22+00:00,2026-10-01,daily,6,2026-10-10T10:00:00Z,378,McConnell,LIV,MID,44,0,-1,0.2,1058,1507,6933,12964,a,,,,,,,,0.0,0,0,0,0,0,0,0,0,0,0,0,0,0,0.00,0.00,0.00,0.00,0.0,0.0
2026-10-02T01:46:22+00:00,2026-10-01,daily,6,2026-10-10T10:00:00Z,379,Isak,LIV,FWD,91,0,1,22.3,115654,85309,1242816,745278,d,Thigh injury - 75% chance of playing,2026-09-27T10:30:09.051435Z,,75,2,,,7.7,8,33,413,5,4,0,3,4,0,7,3,1,3,3.54,0.08,3.62,5.82,7.7,5.8
2026-10-02T01:46:22+00:00,2026-10-01,daily,6,2026-10-10T10:00:00Z,380,Ekitiké,LIV,FWD,74,0,-1,0.1,380,838,2652,11301,i,Achilles injury - Unknown return date,2026-07-23T12:01:23.643771Z,0,0,,,,0.0,0,0,0,0,0,0,0,0,0,0,0,0,0,0.00,0.00,0.00,0.00,0.0,0.0
2026-10-02T01:46:22+00:00,2026-10-01,daily,6,2026-10-10T10:00:00Z,381,Koumas,LIV,MID,50,0,0,0.0,158,190,837,1391,a,,,,,,,,0.7,1,3,22,0,0,0,0,0,0,1,0,0,1,0.28,0.00,0.28,0.72,0.7,0.7
2026-10-02T01:46:22+00:00,2026-10-01,daily,6,2026-10-10T10:00:00Z,382,Danns,LIV,FWD,45,0,0,0.2,3501,2407,23308,9686,a,,2026-07-23T12:01:23.659279Z,100,100,,,,0.0,0,0,0,0,0,0,0,0,0,0,0,0,0,0.00,0.00,0.00,0.00,0.0,0.0
2026-10-02T01:46:22+00:00,2026-10-01,daily,6,2026-10-10T10:00:00Z,383,Elliott,LIV,MID,54,0,-1,0.0,0,227,907,6147,u,Has joined Valencia on loan for the rest of the season,2026-09-02T16:05:49.104326Z,0,0,,,,0.0,0,0,0,0,0,0,0,0,0,0,0,0,0,0.00,0.00,0.00,0.00,0.0,0.0
2026-10-02T01:46:22+00:00,2026-10-01,daily,6,2026-10-10T10:00:00Z,579,Araujo,LIV,DEF,54,0,-1,3.0,17028,10495,148944,160184,a,,,,,,,,7.0,7,22,284,3,0,0,3,0,0,24,19,5,15,0.00,0.06,0.06,2.75,7.0,7.0
2026-10-02T01:46:22+00:00,2026-10-01,daily,6,2026-10-10T10:00:00Z,627,Barcola,LIV,MID,80,0,0,1.9,11042,18962,288504,130208,a,,,,,,,,2.3,3,7,168,2,0,0,2,0,0,8,0,3,5,0.26,0.13,0.39,1.43,2.3,2.3
2026-10-02T01:46:22+00:00,2026-10-01,daily,6,2026-10-10T10:00:00Z,155,Enzo,MCI,MID,69,0,-1,3.6,31006,14642,172673,321551,a,,,,,,3,4,4.0,7,13,271,3,1,0,2,3,0,21,6,3,12,0.35,0.53,0.88,5.35,4.0,4.0
2026-10-02T01:46:22+00:00,2026-10-01,daily,6,2026-10-10T10:00:00Z,237,Ndiaye,MCI,MID,58,-1,-2,6.7,7006,68595,297875,1136598,a,,,,,,,,3.0,5,22,385,4,0,2,2,4,0,44,10,8,26,0.38,0.58,0.96,9.42,3.0,3.0
2026-10-02T01:46:22+00:00,2026-10-01,daily,6,2026-10-10T10:00:00Z,384,Donnarumma,MCI,GKP,55,0,0,7.6,10686,30466,206877,316382,a,,,,,,,,5.3,2,19,450,5,0,0,2,5,14,0,4,0,32,0.00,0.00,0.00,7.25,5.3,5.3
2026-10-02T01:46:22+00:00,2026-10-01,daily,6,2026-10-10T10:00:00Z,386,Bettinelli,MCI,GKP,45,0,0,0.0,51,89,566,1125,a,,,,,,,,0.0,0,0,0,0,0,0,0,0,0,0,0,0,0,0.00,0.00,0.00,0.00,0.0,0.0
2026-10-02T01:46:22+00:00,2026-10-01,daily,6,2026-10-10T10:00:00Z,387,O'Reilly,MCI,DEF,63,-1,-2,10.9,5340,71277,192684,1207788,d,Unspecified injury - 75% chance of playing,2026-10-01T15:30:10.272693Z,100,75,,,,0.7,1,6,163,2,0,0,0,2,0,5,2,3,9,0.87,0.43,1.30,2.10,0.7,0.5
2026-10-02T01:46:22+00:00,2026-10-01,daily,6,2026-10-10T10:00:00Z,388,Guéhi,MCI,DEF,60,0,0,18.2,23542,51498,505462,463474,a,,,,,,,,6.0,4,30,450,5,1,1,2,5,0,29,26,3,19,0.95,0.39,1.34,7.25,6.0,6.0
2026-10-02T01:46:22+00:00,2026-10-01,daily,6,2026-10-10T10:00:00Z,389,Matheus N.,MCI,DEF,59,0,-1,1.0,1659,2944,14814,74085,a,,2026-08-27T11:30:08.171622Z,100,100,4,,,3.3,1,11,213,2,0,0,1,3,0,21,18,3,10,0.00,0.06,0.06,4.67,3.3,3.3
2026-10-02T01:46:22+00:00,2026-10-01,daily,6,2026-10-10T10:00:00Z,390,Rúben,MCI,DEF,55,0,0,1.9,4681,9107,67269,73909,a,,,,,,,,4.3,1,17,450,5,0,0,2,5,0,26,25,1,16,0.29,0.74,1.03,7.25,4.3,4.3
2026-10-02T01:46:22+00:00,2026-10-01,daily,6,2026-10-10T10:00:00Z,391,Gvardiol,MCI,DEF,57,0,2,26.8,147414,54892,1829446,415108,a,,,,,,,,7.7,4,37,434,5,1,3,2,5,0,31,20,11,21,0.22,0.74,0.96,7.25,7.7,7.7
2026-10-02T01:46:22+00:00,2026-10-01,daily,6,2026-10-10T10:00:00Z,392,Aït-Nouri,MCI,DEF,53,0,-2,0.4,526,2184,7878,61593,a,,,,,,,,0.0,0,0,0,0,0,0,0,0,0,0,0,0,0,0.00,0.00,0.00,0.00,0.0,0.0
2026-10-02T01:46:22+00:00,2026-10-01,daily,6,2026-10-10T10:00:00Z,393,Khusanov,MCI,DEF,54,0,-1,1.4,1414,9007,26850,80653,a,,,,,,,,1.7,0,9,268,3,0,0,1,2,0,17,9,8,13,0.00,0.06,0.06,2.68,1.7,1.7
2026-10-02T01:46:22+00:00,2026-10-01,daily,6,2026-10-10T10:00:00Z,394,Alleyne,MCI,DEF,50,0,0,0.0,0,20,0,618,u,Has joined Burnley on loan for the rest of the season,2026-08-18T14:11:56.324656Z,0,0,,,,0.0,0,0,0,0,0,0,0,0,0,0,0,0,0,0.00,0.00,0.00,0.00,0.0,0.0
2026-10-02T01:46:22+00:00,2026-10-01,daily,6,2026-10-10T10:00:00Z,395,Lewis,MCI,DEF,44,0,-1,0.2,305,1207,8261,16273,a,,,,,,,,0.0,0,1,56,1,0,0,0,1,0,2,2,0,0,0.17,0.02,0.19,0.55,0.0,0.0
2026-10-02T01:46:22+00:00,2026-10-01,daily,6,2026-10-10T10:00:00Z,396,Vitor Reis,MCI,DEF,45,0,0,0.0,73,150,553,1173,a,,,,,,,,0.0,0,1,1,0,0,0,0,0,0,0,0,0,0,0.00,0.00,0.00,0.00,0.0,0.0
2026-10-02T01:46:22+00:00,2026-10-01,daily,6,2026-10-10T10:00:00Z,397,Semenyo,MCI,MID,84,0,-1,15.3,125592,68098,316495,1210798,d,Ankle injury - 75% chance of playing,2026-09-24T12:00:09.848000Z,,75,2,,,8.7,17,33,450,5,2,3,2,5,0,22,2,6,14,0.33,1.16,1.49,7.25,8.7,6.5
2026-10-02T01:46:22+00:00,2026-10-01,daily,6,2026-10-10T10:00:00Z,398,Foden,MCI,MID,69,0,-1,1.8,209,28447,303455,566169,s,Suspended until 17 Oct,2026-09-13T17:00:09.433455Z,0,0,,2,2,-0.3,0,9,217,3,0,2,0,2,0,14,2,4,8,1.61,0.88,2.49,1.91,0.0,0.0
2026-10-02T01:46:22+00:00,2026-10-01,daily,6,2026-10-10T10:00:00Z,399,Cherki,MCI,MID,78,0,3,28.4,123637,89421,2670798,956366,a,,,,,,1,1,4.0,8,34,302,4,3,2,1,4,0,12,3,0,9,0.72,1.54,2.26,5.00,4.0,4.0
2026-10-02T01:46:22+00:00,2026-10-01,daily,6,2026-10-10T10:00:00Z,400,Doku,MCI,MID,74,0,-1,0.7,4405,2071,5872,128157,a,,2026-08-18T17:00:08.385597Z,75,100,3,,,0.3,1,1,15,0,0,0,0,0,0,2,1,0,1,0.23,0.32,0.55,0.42,0.2,0.3
2026-10-02T01:46:22+00:00,2026-10-01,daily,6,2026-10-10T10:00:00Z,402,Rodrigo,MCI,MID,65,0,0,0.0,0,25,0,1229,u,Has joined Barcelona permanently,2026-07-23T12:01:23.675537Z,0,0,,,,0.0,0,0,0,0,0,0,0,0,0,0,0,0,0,0.00,0.00,0.00,0.00,0.0,0.0
2026-10-02T01:46:22+00:00,2026-10-01,daily,6,2026-10-10T10:00:00Z,404,Reijnders,MCI,MID,60,0,0,0.0,0,100,0,8185,u,Has joined Al Qadsiah permanently,2026-08-20T14:02:58.154273Z,0,0,,,,0.0,0,0,0,0,0,0,0,0,0,0,0,0,0,0.00,0.00,0.00,0.00,0.0,0.0
2026-10-02T01:46:22+00:00,2026-10-01,daily,6,2026-10-10T10:00:00Z,406,Kovačić,MCI,MID,54,0,-1,0.1,112,462,2254,6291,a,,,,,,,,0.0,0,2,42,0,0,0,0,0,0,2,0,0,2,0.00,0.02,0.02,0.10,0.0,0.0
2026-10-02T01:46:22+00:00,2026-10-01,daily,6,2026-10-10T10:00:00Z,407,Echeverri,MCI,MID,49,0,-1,0.0,0,54,250,1343,u,Has joined Benfica on loan for the rest of the season,2026-09-03T15:41:24.710479Z,0,0,,,,0.0,0,0,0,0,0,0,0,0,0,0,0,0,0,0.00,0.00,0.00,0.00,0.0,0.0
2026-10-02T01:46:22+00:00,2026-10-01,daily,6,2026-10-10T10:00:00Z,408,Phillips,MCI,MID,50,0,0,0.0,0,12,0,571,u,Has joined Sheffield United on loan for the rest of the season,2026-08-18T14:11:56.348781Z,0,0,,,,0.0,0,0,0,0,0,0,0,0,0,0,0,0,0,0.00,0.00,0.00,0.00,0.0,0.0
2026-10-02T01:46:22+00:00,2026-10-01,daily,6,2026-10-10T10:00:00Z,409,Mukasa,MCI,MID,45,0,0,0.1,0,598,1621,12165,u,has joined West Ham on loan for the rest of the seaon.,2026-09-03T10:34:10.733520Z,0,0,,,,0.0,0,0,0,0,0,0,0,0,0,0,0,0,0,0.00,0.00,0.00,0.00,0.0,0.0
2026-10-02T01:46:22+00:00,2026-10-01,daily,6,2026-10-10T10:00:00Z,410,Monga,MCI,MID,49,0,-1,0.0,0,50,219,1270,u,Has joined Swansea City on loan for the rest of the season,2026-09-02T16:02:01.136760Z,0,0,,,,0.0,0,0,0,0,0,0,0,0,0,0,0,0,0,0.00,0.00,0.00,0.00,0.0,0.0
2026-10-02T01:46:22+00:00,2026-10-01,daily,6,2026-10-10T10:00:00Z,411,Haaland,MCI,FWD,156,0,1,73.8,78961,20379,924238,322037,a,,,,,1,,,8.0,6,39,450,5,5,0,2,5,0,20,10,0,10,4.42,0.53,4.95,7.25,8.0,8.0
2026-10-02T01:46:22+00:00,2026-10-01,daily,6,2026-10-10T10:00:00Z,481,Anderson,MCI,MID,63,0,-2,4.0,7837,27822,105276,445662,a,,2026-08-23T17:00:07.952697Z,100,100,,,3,3.3,2,15,413,5,0,0,2,5,0,54,18,13,23,0.11,0.67,0.78,7.15,3.3,3.3
2026-10-02T01:46:22+00:00,2026-10-01,daily,6,2026-10-10T10:00:00Z,587,Rulli,MCI,GKP,50,0,0,0.0,72,103,604,1114,a,,,,,,,,0.0,0,0,0,0,0,0,0,0,0,0,0,0,0,0.00,0.00,0.00,0.00,0.0,0.0
2026-10-02T01:46:22+00:00,2026-10-01,daily,6,2026-10-10T10:00:00Z,616,Bouaddi,MCI,MID,55,0,0,0.2,839,2119,21038,13558,a,,,,,,,,0.3,0,2,22,0,0,0,0,0,0,6,3,0,3,0.00,0.12,0.12,0.37,0.3,0.3
2026-10-02T01:46:22+00:00,2026-10-01,daily,6,2026-10-10T10:00:00Z,621,McAidoo,MCI,MID,45,0,0,0.1,194,1090,11363,7113,a,,,,,,,,0.3,0,2,11,0,0,0,0,0,0,4,0,2,2,0.10,0.00,0.10,0.02,0.3,0.3
2026-10-02T01:46:22+00:00,2026-10-01,daily,6,2026-10-10T10:00:00Z,622,Braithwaite,MCI,DEF,40,0,0,0.2,583,1641,16790,9192,a,,,,,,,,0.0,0,1,1,0,0,0,0,0,0,0,0,0,1,0.00,0.00,0.00,0.00,0.0,0.0
2026-10-02T01:46:22+00:00,2026-10-01,daily,6,2026-10-10T10:00:00Z,628,Allan,MCI,MID,60,0,0,0.0,223,165,1186,686,a,,,,,,,,0.0,0,0,0,0,0,0,0,0,0,0,0,0,0,0.00,0.00,0.00,0.00,0.0,0.0
2026-10-02T01:46:22+00:00,2026-10-01,daily,6,2026-10-10T10:00:00Z,653,Samba,MCI,MID,45,0,0,0.0,248,494,3897,2177,a,,,,,,,,0.0,0,0,0,0,0,0,0,0,0,0,0,0,0,0.00,0.00,0.00,0.00,0.0,0.0
2026-10-02T01:46:22+00:00,2026-10-01,daily,6,2026-10-10T10:00:00Z,43,Tielemans,MUN,MID,58,0,-2,1.5,3150,10713,44597,161337,a,,2026-07-23T12:01:23.321726Z,100,100,3,,,2.7,4,14,402,5,0,0,0,8,0,43,11,7,25,0.65,0.52,1.17,6.16,2.7,2.7
2026-10-02T01:46:22+00:00,2026-10-01,daily,6,2026-10-10T10:00:00Z,131,Baleba,MUN,MID,49,0,-1,0.1,1285,732,6724,14373,a,,2026-08-06T16:00:10.997714Z,50,100,,,,0.0,0,0,0,0,0,0,0,0,0,0,0,0,0,0.00,0.00,0.00,0.00,0.0,0.0
2026-10-02T01:46:22+00:00,2026-10-01,daily,6,2026-10-10T10:00:00Z,162,Andrey Santos,MUN,MID,48,0,-2,0.6,1038,4941,22235,73560,a,,,,,,,,0.3,0,4,82,1,0,0,0,4,0,18,7,4,7,0.00,0.24,0.24,2.03,0.3,0.3
2026-10-02T01:46:22+00:00,2026-10-01,daily,6,2026-10-10T10:00:00Z,325,Darlow,MUN,GKP,45,0,0,0.0,59,212,1066,1593,d,Unspecified injury - 75% chance of playing,2026-09-21T13:30:08.885505Z,100,75,,,,0.0,0,0,0,0,0,0,0,0,0,0,0,0,0,0.00,0.00,0.00,0.00,0.0,0.0
2026-10-02T01:46:22+00:00,2026-10-01,daily,6,2026-10-10T10:00:00Z,412,Lammens,MUN,GKP,49,0,-1,9.9,6740,48636,98948,687067,a,,,,,,,,2.7,4,11,450,5,0,0,0,8,16,0,5,0,38,0.00,0.00,0.00,6.80,2.7,2.7
2026-10-02T01:46:22+00:00,2026-10-01,daily,6,2026-10-10T10:00:00Z,413,Bayindir,MUN,GKP,45,0,0,0.0,0,40,0,1150,u,Has joined Celta Vigo on loan for the rest of the season,2026-08-10T14:02:28.608415Z,0,0,,,,0.0,0,0,0,0,0,0,0,0,0,0,0,0,0,0.00,0.00,0.00,0.00,0.0,0.0
2026-10-02T01:46:22+00:00,2026-10-01,daily,6,2026-10-10T10:00:00Z,414,Heaton,MUN,GKP,40,0,0,0.1,198,269,2116,3556,i,Hamstring injury - Unknown return date,2026-08-15T16:00:07.854151Z,0,0,,,,0.0,0,0,0,0,0,0,0,0,0,0,0,0,0,0.00,0.00,0.00,0.00,0.0,0.0
2026-10-02T01:46:22+00:00,2026-10-01,daily,6,2026-10-10T10:00:00Z,415,Dorgu,MUN,MID,58,0,-2,0.5,1030,4162,14000,97699,d,Hamstring injury - 75% chance of playing,2026-09-27T21:30:07.831640Z,,75,,,,3.0,4,10,171,2,0,1,0,6,0,20,8,8,4,0.78,0.09,0.87,3.38,3.0,2.2
2026-10-02T01:46:22+00:00,2026-10-01,daily,6,2026-10-10T10:00:00Z,416,De Ligt,MUN,DEF,50,0,0,0.0,76,132,455,1555,i,Back injury - Unknown return date,2026-07-23T12:01:23.690880Z,0,0,,,,0.0,0,0,0,0,0,0,0,0,0,0,0,0,0,0.00,0.00,0.00,0.00,0.0,0.0
2026-10-02T01:46:22+00:00,2026-10-01,daily,6,2026-10-10T10:00:00Z,417,Dalot,MUN,DEF,49,0,-1,1.6,1267,7537,26046,136032,a,,,,,,,,1.7,2,8,346,4,0,0,0,4,0,16,10,6,21,0.24,0.23,0.47,4.70,1.7,1.7
2026-10-02T01:46:22+00:00,2026-10-01,daily,6,2026-10-10T10:00:00Z,418,Maguire,MUN,DEF,48,-1,-2,8.6,4361,74892,138319,1004583,a,,,,,,,,1.7,2,10,450,5,0,1,0,8,0,31,28,3,21,0.20,0.46,0.66,6.80,1.7,1.7
2026-10-02T01:46:22+00:00,2026-10-01,daily,6,2026-10-10T10:00:00Z,419,Martinez,MUN,DEF,50,0,0,1.3,3700,6443,36626,67296,a,,2026-07-24T20:00:10.337107Z,100,100,,,,1.7,0,6,360,4,0,0,0,6,0,20,17,3,14,0.21,0.16,0.37,5.79,1.7,1.7
2026-10-02T01:46:22+00:00,2026-10-01,daily,6,2026-10-10T10:00:00Z,420,Yoro,MUN,DEF,48,-1,-2,0.5,464,2180,5246,36022,a,,,,,,,,0.3,0,2,22,0,0,0,0,2,0,5,3,2,1,0.00,0.02,0.02,1.09,0.3,0.3
2026-10-02T01:46:22+00:00,2026-10-01,daily,6,2026-10-10T10:00:00Z,421,Heaven,MUN,DEF,43,-1,-2,0.3,239,1484,6009,24070,a,,,,,,,,0.0,0,1,90,1,0,0,0,2,0,2,1,1,4,0.12,0.04,0.16,1.01,0.0,0.0
2026-10-02T01:46:22+00:00,2026-10-01,daily,6,2026-10-10T10:00:00Z,422,Mazraoui,MUN,DEF,44,0,-1,0.5,585,2876,14369,40963,a,,,,,,,,0.3,0,3,97,1,0,0,0,4,0,6,4,2,3,0.22,0.06,0.28,2.08,0.3,0.3
2026-10-02T01:46:22+00:00,2026-10-01,daily,6,2026-10-10T10:00:00Z,423,Shaw,MUN,DEF,43,-1,-2,7.7,3645,76592,101129,1308521,a,,2026-09-11T13:00:09.030120Z,50,100,,,3,2.0,2,9,335,4,0,1,0,5,0,23,17,6,7,0.03,0.58,0.61,4.63,1.0,2.0
2026-10-02T01:46:22+00:00,2026-10-01,daily,6,2026-10-10T10:00:00Z,424,Amass,MUN,DEF,40,0,0,0.2,420,789,6322,8819,a,,,,,,,,0.0,0,0,0,0,0,0,0,0,0,0,0,0,0,0.00,0.00,0.00,0.00,0.0,0.0
2026-10-02T01:46:22+00:00,2026-10-01,daily,6,2026-10-10T10:00:00Z,425,Fredricson,MUN,DEF,40,0,0,0.0,0,49,0,1317,u,Has joined Lausanne-Sport permanently,2026-08-18T14:12:31.904433Z,0,0,,,,0.0,0,0,0,0,0,0,0,0,0,0,0,0,0,0.00,0.00,0.00,0.00,0.0,0.0
2026-10-02T01:46:22+00:00,2026-10-01,daily,6,2026-10-10T10:00:00Z,426,B.Fernandes,MUN,MID,119,-1,-1,38.5,44165,196878,655765,1849828,a,,,,,1,1,1,2.0,2,31,450,5,3,1,0,8,0,29,3,5,21,2.56,1.32,3.88,6.80,2.0,2.0
2026-10-02T01:46:22+00:00,2026-10-01,daily,6,2026-10-10T10:00:00Z,427,Mbeumo,MUN,MID,79,0,-1,20.6,37070,129921,464049,2016420,a,,,,,2,2,2,4.0,2,25,450,5,2,1,0,8,0,26,7,5,14,3.07,0.80,3.87,6.80,4.0,4.0
2026-10-02T01:46:22+00:00,2026-10-01,daily,6,2026-10-10T10:00:00Z,428,Cunha,MUN,MID,79,0,-1,5.8,22161,21605,95907,509636,a,,,,,,,,5.0,10,26,407,5,1,2,1,5,0,13,1,3,9,0.63,0.83,1.46,5.44,5.0,5.0
2026-10-02T01:46:22+00:00,2026-10-01,daily,6,2026-10-10T10:00:00Z,429,Rashford,MUN,MID,70,0,0,1.5,4169,17742,85198,128823,d,Unspecified injury - 75% chance of playing,2026-09-21T10:30:09.221479Z,,75,,3,,2.3,2,10,351,4,0,0,1,3,0,18,4,4,10,0.78,0.43,1.21,4.50,2.3,1.7
2026-10-02T01:46:22+00:00,2026-10-01,daily,6,2026-10-10T10:00:00Z,430,Mount,MUN,MID,54,0,-1,0.0,188,200,916,1976,a,,2026-08-15T16:00:07.879135Z,100,100,,4,,0.3,1,1,10,0,0,0,0,0,0,1,0,0,1,0.09,0.01,0.10,0.00,0.3,0.3
2026-10-02T01:46:22+00:00,2026-10-01,daily,6,2026-10-10T10:00:00Z,431,Amad,MUN,MID,57,0,-3,0.3,131,1834,2173,123555,i,Unspecified injury - Unknown return date,2026-08-22T11:00:08.617283Z,0,0,,,4,0.0,0,0,0,0,0,0,0,0,0,0,0,0,0,0.00,0.00,0.00,0.00,0.0,0.0
2026-10-02T01:46:22+00:00,2026-10-01,daily,6,2026-10-10T10:00:00Z,432,Mainoo,MUN,MID,55,0,0,1.6,7670,15152,94764,67429,d,Unspecified injury - 75% chance of playing,2026-09-21T13:00:09.169862Z,,75,,,,5.7,4,22,354,4,0,1,0,4,0,56,10,6,40,0.30,0.52,0.82,4.77,5.7,4.3
2026-10-02T01:46:22+00:00,2026-10-01,daily,6,2026-10-10T10:00:00Z,433,Ugarte,MUN,MID,50,0,0,0.0,23,24,119,264,i,Knee injury - Unknown return date,2026-07-23T12:01:23.706702Z,0,0,,,,0.0,0,0,0,0,0,0,0,0,0,0,0,0,0,0.00,0.00,0.00,0.00,0.0,0.0
2026-10-02T01:46:22+00:00,2026-10-01,daily,6,2026-10-10T10:00:00Z,434,J.Fletcher,MUN,MID,49,0,-1,0.0,44,58,324,706,a,,,,,,,,0.0,0,0,0,0,0,0,0,0,0,0,0,0,0,0.00,0.00,0.00,0.00,0.0,0.0
2026-10-02T01:46:22+00:00,2026-10-01,daily,6,2026-10-10T10:00:00Z,435,Lacey,MUN,MID,49,0,-1,0.1,373,362,1726,3327,a,,,,,,,,0.0,0,1,10,0,0,0,0,0,0,1,0,0,1,0.00,0.00,0.00,0.00,0.0,0.0
2026-10-02T01:46:22+00:00,2026-10-01,daily,6,2026-10-10T10:00:00Z,436,Collyer,MUN,MID,50,0,0,0.0,0,49,150,1056,u,Has joined West Brom permanently,2026-09-01T13:16:48.584385Z,0,0,,,,0.0,0,0,0,0,0,0,0,0,0,0,0,0,0,0.00,0.00,0.00,0.00,0.0,0.0
2026-10-02T01:46:22+00:00,2026-10-01,daily,6,2026-10-10T10:00:00Z,437,Bendito Mantato,MUN,MID,44,-1,-1,0.2,423,866,5087,9647,a,,,,,,,,0.0,0,0,0,0,0,0,0,0,0,0,0,0,0,0.00,0.00,0.00,0.00,0.0,0.0
2026-10-02T01:46:22+00:00,2026-10-01,daily,6,2026-10-10T10:00:00Z,438,Fletcher,MUN,MID,44,0,-1,0.3,2571,2124,10640,16893,a,,,,,,,,0.0,0,0,0,0,0,0,0,0,0,0,0,0,0,0.00,0.00,0.00,0.00,0.0,0.0
2026-10-02T01:46:22+00:00,2026-10-01,daily,6,2026-10-10T10:00:00Z,439,Šeško,MUN,FWD,70,0,0,1.6,6635,24150,104074,133823,d,Shin injury - 75% chance of playing,2026-09-20T19:30:08.505755Z,100,75,,,,2.0,0,8,76,0,1,0,0,3,0,5,0,0,5,0.39,0.01,0.40,2.00,2.0,1.5
2026-10-02T01:46:22+00:00,2026-10-01,daily,6,2026-10-10T10:00:00Z,440,Zirkzee,MUN,FWD,53,-1,-2,0.4,1960,3138,15840,43691,a,,,,,,,,0.7,1,2,20,0,0,0,0,0,0,4,2,0,2,0.00,0.01,0.01,0.02,0.7,0.7
2026-10-02T01:46:22+00:00,2026-10-01,daily,6,2026-10-10T10:00:00Z,441,Obi,MUN,FWD,45,0,0,0.9,0,11335,45543,74277,u,Has joined Willem II on loan for the rest of the season,2026-09-14T16:12:42.090874Z,0,0,,,,0.0,0,0,0,0,0,0,0,0,0,0,0,0,0,0.00,0.00,0.00,0.00,0.0,0.0
2026-10-02T01:46:22+00:00,2026-10-01,daily,6,2026-10-10T10:00:00Z,405,N.Gonzalez,NEW,MID,55,0,0,0.2,604,1840,18067,17009,a,,2026-09-14T21:30:07.343728Z,0,100,,,,1.0,0,5,164,3,0,0,1,2,0,12,3,0,9,0.00,0.21,0.21,2.34,0.0,1.0
2026-10-02T01:46:22+00:00,2026-10-01,daily,6,2026-10-10T10:00:00Z,442,Pope,NEW,GKP,49,0,-1,0.9,864,3143,13357,53866,a,,,,,,,,0.0,0,0,0,0,0,0,0,0,0,0,0,0,0,0.00,0.00,0.00,0.00,0.0,0.0
2026-10-02T01:46:22+00:00,2026-10-01,daily,6,2026-10-10T10:00:00Z,443,Gillespie,NEW,GKP,45,0,0,0.0,43,88,768,1208,a,,,,,,,,0.0,0,0,0,0,0,0,0,0,0,0,0,0,0,0.00,0.00,0.00,0.00,0.0,0.0
2026-10-02T01:46:22+00:00,2026-10-01,daily,6,2026-10-10T10:00:00Z,444,Jaouen,NEW,GKP,44,-1,-1,0.0,20,118,453,1523,d,Ankle injury - 50% chance of playing,2026-09-10T16:00:09.127466Z,50,50,,,,0.0,0,0,0,0,0,0,0,0,0,0,0,0,0,0.00,0.00,0.00,0.00,0.0,0.0
2026-10-02T01:46:22+00:00,2026-10-01,daily,6,2026-10-10T10:00:00Z,445,Thiaw,NEW,DEF,50,0,0,2.2,8634,10061,177935,123072,a,,,,,,,,1.7,4,14,450,5,0,0,1,9,0,45,45,0,10,0.00,0.08,0.08,9.14,1.7,1.7
2026-10-02T01:46:22+00:00,2026-10-01,daily,6,2026-10-10T10:00:00Z,446,Schär,NEW,DEF,49,0,-1,0.2,556,903,7067,13849,a,,2026-08-15T16:30:07.209742Z,100,100,,2,,0.3,1,2,25,0,0,0,0,2,0,7,7,0,0,0.00,0.01,0.01,1.87,0.3,0.3
2026-10-02T01:46:22+00:00,2026-10-01,daily,6,2026-10-10T10:00:00Z,447,Botman,NEW,DEF,50,0,0,0.7,4785,3033,47459,28327,a,,,,,,,,2.3,4,15,450,5,0,0,1,9,0,59,54,5,14,0.06,0.17,0.23,9.14,2.3,2.3
2026-10-02T01:46:22+00:00,2026-10-01,daily,6,2026-10-10T10:00:00Z,448,Burn,NEW,DEF,48,-1,-2,0.7,113,5815,7328,160723,i,Ankle injury - Expected back 12 Oct,2026-08-23T18:00:08.367241Z,0,0,,,,0.0,0,0,0,0,0,0,0,0,0,0,0,0,0,0.00,0.00,0.00,0.00,0.0,0.0
2026-10-02T01:46:22+00:00,2026-10-01,daily,6,2026-10-10T10:00:00Z,449,Hall,NEW,DEF,53,1,3,17.3,246780,20646,1660282,348479,a,,,,,,1,1,5.7,13,31,449,5,1,1,1,9,0,46,33,13,38,0.25,0.79,1.04,9.12,5.7,5.7
2026-10-02T01:46:22+00:00,2026-10-01,daily,6,2026-10-10T10:00:00Z,450,Livramento,NEW,DEF,49,0,-1,0.1,451,1498,10247,5938,d,Unspecified injury - 75% chance of playing,2026-09-19T14:00:09.046677Z,100,75,,,,1.3,0,4,33,0,0,1,0,1,0,3,1,2,4,0.00,0.01,0.01,0.18,1.3,1.0
2026-10-02T01:46:22+00:00,2026-10-01,daily,6,2026-10-10T10:00:00Z,451,A.Murphy,NEW,DEF,40,0,0,0.1,0,293,0,6944,u,Has joined FC Kaiserslautern on loan for the rest of the season,2026-08-12T14:05:29.224600Z,0,0,,,,0.0,0,0,0,0,0,0,0,0,0,0,0,0,0,0.00,0.00,0.00,0.00,0.0,0.0
2026-10-02T01:46:22+00:00,2026-10-01,daily,6,2026-10-10T10:00:00Z,453,Barnes,NEW,MID,61,1,1,5.7,160564,18192,631667,150100,a,,,,,,,3,7.7,9,28,450,5,1,3,1,9,0,33,14,3,16,0.62,0.48,1.10,9.14,7.7,7.7
2026-10-02T01:46:22+00:00,2026-10-01,daily,6,2026-10-10T10:00:00Z,454,Elanga,NEW,MID,61,-1,1,4.5,328,166789,1286165,1086750,i,Unspecified injury - Unknown return date,2026-09-14T20:00:09.505598Z,0,0,,,2,0.3,0,18,232,3,2,0,1,3,0,9,2,4,3,0.42,0.34,0.76,4.01,0.0,0.0
2026-10-02T01:46:22+00:00,2026-10-01,daily,6,2026-10-10T10:00:00Z,456,J.Ramsey,NEW,MID,49,0,-1,0.2,64,4728,16610,30931,i,Thigh injury - Unknown return date,2026-09-15T09:00:08.191022Z,0,0,,,,2.0,0,7,69,0,1,0,0,1,0,11,3,2,6,0.17,0.16,0.33,1.92,0.0,0.0
2026-10-02T01:46:22+00:00,2026-10-01,daily,6,2026-10-10T10:00:00Z,457,J.Murphy,NEW,MID,59,0,-1,0.1,959,785,6062,10964,a,,,,,,,4,0.7,1,3,181,2,0,0,0,5,0,18,4,4,10,0.03,0.41,0.44,4.96,0.7,0.7
2026-10-02T01:46:22+00:00,2026-10-01,daily,6,2026-10-10T10:00:00Z,458,Joelinton,NEW,MID,54,0,-1,0.0,19,81,230,2243,i,Unspecified injury - Unknown return date,2026-08-16T08:00:08.074045Z,0,0,,,,0.0,0,0,0,0,0,0,0,0,0,0,0,0,0,0.00,0.00,0.00,0.00,0.0,0.0
2026-10-02T01:46:22+00:00,2026-10-01,daily,6,2026-10-10T10:00:00Z,459,L.Miley,NEW,MID,55,0,0,0.1,486,477,6350,5484,d,Unspecified injury - 75% chance of playing,2026-10-01T15:30:10.335504Z,100,75,,,5,2.0,4,12,396,5,0,0,1,8,0,52,20,6,26,0.05,0.14,0.19,7.95,2.0,1.5
2026-10-02T01:46:22+00:00,2026-10-01,daily,6,2026-10-10T10:00:00Z,460,Willock,NEW,MID,50,0,0,0.6,9686,2735,64506,30720,a,,,,,,,,4.3,10,22,284,3,2,0,1,5,0,18,4,5,9,0.81,0.30,1.11,5.19,4.3,4.3
2026-10-02T01:46:22+00:00,2026-10-01,daily,6,2026-10-10T10:00:00Z,461,Touré,NEW,MID,58,0,-2,0.1,330,858,3713,16465,a,,,,,,,,2.3,1,8,50,0,1,0,0,1,0,4,1,0,3,0.28,0.01,0.29,0.76,2.3,2.3
2026-10-02T01:46:22+00:00,2026-10-01,daily,6,2026-10-10T10:00:00Z,462,Steur,NEW,MID,49,0,-1,0.1,264,385,2420,6182,a,,,,,,,,2.0,3,8,223,2,0,0,1,5,0,21,9,4,8,0.00,0.06,0.06,4.23,2.0,2.0
2026-10-02T01:46:22+00:00,2026-10-01,daily,6,2026-10-10T10:00:00Z,463,Woltemade,NEW,FWD,59,0,-1,0.5,0,3735,14520,142170,u,Has joined Juventus on loan for the rest of the season,2026-09-02T16:07:16.549304Z,0,0,,,,0.0,0,4,19,0,0,1,0,0,0,0,0,0,0,0.02,0.01,0.03,0.38,0.0,0.0
2026-10-02T01:46:22+00:00,2026-10-01,daily,6,2026-10-10T10:00:00Z,464,Wissa,NEW,FWD,62,0,2,18.7,87800,141031,2283312,728041,a,,,,,2,,,1.0,0,15,441,5,1,1,1,8,0,27,6,6,15,2.35,0.06,2.41,7.97,1.0,1.0
2026-10-02T01:46:22+00:00,2026-10-01,daily,6,2026-10-10T10:00:00Z,465,Osula,NEW,FWD,58,-1,-2,0.3,128,2382,21451,86687,i,Foot injury - Unknown return date,2026-08-25T19:00:08.004915Z,0,0,1,4,,0.0,0,4,55,1,0,1,0,1,0,5,2,1,2,0.06,0.14,0.20,1.48,0.0,0.0
2026-10-02T01:46:22+00:00,2026-10-01,daily,6,2026-10-10T10:00:00Z,466,Neave,NEW,FWD,45,0,0,0.5,0,3893,23805,52515,u,Has joined Wolves on loan for the rest of the season,2026-09-04T12:37:43.515176Z,0,0,,,,0.0,0,0,0,0,0,0,0,0,0,0,0,0,0,0.00,0.00,0.00,0.00,0.0,0.0
2026-10-02T01:46:22+00:00,2026-10-01,daily,6,2026-10-10T10:00:00Z,559,Bamba,NEW,MID,49,0,-1,0.1,128,493,2568,7577,a,,,,,,,,0.7,1,3,27,0,0,0,0,1,0,8,3,3,2,0.00,0.00,0.00,1.29,0.7,0.7
2026-10-02T01:46:22+00:00,2026-10-01,daily,6,2026-10-10T10:00:00Z,567,Horníček,NEW,GKP,50,0,0,1.5,7201,4984,151851,71537,a,,,,,,,,2.0,3,14,450,5,0,0,1,9,19,0,11,0,31,0.00,0.00,0.00,9.14,2.0,2.0
2026-10-02T01:46:22+00:00,2026-10-01,daily,6,2026-10-10T10:00:00Z,593,Dedić,NEW,DEF,45,0,0,1.8,258,37541,447880,307591,i,Unspecified injury - Unknown return date,2026-09-17T14:30:09.823731Z,0,0,,3,,0.3,0,13,327,4,0,1,1,7,0,24,16,8,15,0.14,0.08,0.22,7.38,0.0,0.0
2026-10-02T01:46:22+00:00,2026-10-01,daily,6,2026-10-10T10:00:00Z,609,Shahar,NEW,DEF,40,0,0,0.2,0,1863,18236,15761,u,has joined Arouca on loan for the rest of the seaon.,2026-09-11T14:41:57.406766Z,0,0,,,,0.0,0,0,0,0,0,0,0,0,0,0,0,0,0,0.00,0.00,0.00,0.00,0.0,0.0
2026-10-02T01:46:22+00:00,2026-10-01,daily,6,2026-10-10T10:00:00Z,634,Fernandez-Pardo,NEW,FWD,60,0,0,0.1,2027,1421,17098,6321,a,,,,,,,,1.3,2,4,157,2,0,0,0,4,0,5,0,2,3,0.05,0.01,0.06,2.94,1.3,1.3
2026-10-02T01:46:22+00:00,2026-10-01,daily,6,2026-10-10T10:00:00Z,659,Miley,NEW,MID,45,0,0,0.0,1412,646,4850,1248,a,,,,,,,,0.0,0,0,0,0,0,0,0,0,0,0,0,0,0,0.00,0.00,0.00,0.00,0.0,0.0
2026-10-02T01:46:22+00:00,2026-10-01,daily,6,2026-10-10T10:00:00Z,663,Pivas,NEW,DEF,40,0,0,0.0,395,59,395,59,a,,,,,,,,0.0,0,0,0,0,0,0,0,0,0,0,0,0,0,0.00,0.00,0.00,0.00,1.1,1.1
2026-10-02T01:46:22+00:00,2026-10-01,daily,6,2026-10-10T10:00:00Z,664,Salia,NEW,FWD,45,0,0,0.1,9713,1583,9713,1583,a,,,,,,,,0.0,0,0,0,0,0,0,0,0,0,0,0,0,0,0.00,0.00,0.00,0.00,1.0,1.0
2026-10-02T01:46:22+00:00,2026-10-01,daily,6,2026-10-10T10:00:00Z,665,Mills,NEW,MID,45,0,0,0.0,162,29,162,29,a,,,,,,,,0.0,0,0,0,0,0,0,0,0,0,0,0,0,0,0.00,0.00,0.00,0.00,1.1,1.1
2026-10-02T01:46:22+00:00,2026-10-01,daily,6,2026-10-10T10:00:00Z,666,Thompson,NEW,MID,45,0,0,0.0,235,35,235,35,a,,,,,,,,0.0,0,0,0,0,0,0,0,0,0,0,0,0,0,0.00,0.00,0.00,0.00,1.1,1.1
2026-10-02T01:46:22+00:00,2026-10-01,daily,6,2026-10-10T10:00:00Z,167,Delap,NFO,FWD,56,1,1,2.7,25010,28715,312186,82287,a,,,,,3,,,2.7,1,9,277,3,1,0,1,3,0,17,5,2,10,0.89,0.35,1.24,2.62,2.7,2.7
2026-10-02T01:46:22+00:00,2026-10-01,daily,6,2026-10-10T10:00:00Z,201,Muñoz,NFO,DEF,54,0,-1,5.7,7871,30045,158429,484221,a,,,,,,,,1.7,2,5,257,3,0,0,0,4,0,15,8,7,8,0.60,0.21,0.81,2.59,1.7,1.7
2026-10-02T01:46:22+00:00,2026-10-01,daily,6,2026-10-10T10:00:00Z,467,Sels,NFO,GKP,50,0,0,1.6,2007,6109,68260,62171,a,,,,,,,,3.7,2,14,450,5,0,0,1,5,11,0,6,0,46,0.00,0.01,0.01,4.77,3.7,3.7
2026-10-02T01:46:22+00:00,2026-10-01,daily,6,2026-10-10T10:00:00Z,468,John,NFO,GKP,45,0,0,0.1,62,152,869,2012,a,,,,,,,,0.0,0,0,0,0,0,0,0,0,0,0,0,0,0,0.00,0.00,0.00,0.00,0.0,0.0
2026-10-02T01:46:22+00:00,2026-10-01,daily,6,2026-10-10T10:00:00Z,469,N.Williams,NFO,DEF,50,0,0,8.7,11058,46865,325544,352123,a,,,,,,3,2,3.7,2,19,450,5,0,1,1,5,0,29,15,14,28,0.41,0.61,1.02,4.77,3.7,3.7
2026-10-02T01:46:22+00:00,2026-10-01,daily,6,2026-10-10T10:00:00Z,470,Morato,NFO,DEF,50,0,0,0.0,0,116,424,3696,u,Has joined West Ham on loan for the rest of the season,2026-09-02T16:19:54.503286Z,0,0,,,,0.0,0,0,0,0,0,0,0,0,0,0,0,0,0,0.00,0.00,0.00,0.00,0.0,0.0
2026-10-02T01:46:22+00:00,2026-10-01,daily,6,2026-10-10T10:00:00Z,471,Milenković,NFO,DEF,54,-1,-1,1.0,66,12201,17998,107358,i,Hamstring injury - Expected back 11 Oct,2026-09-12T14:00:09.705107Z,0,0,,,,2.3,0,12,270,3,0,0,1,3,0,31,26,5,12,0.11,0.03,0.14,3.28,0.0,0.0
2026-10-02T01:46:22+00:00,2026-10-01,daily,6,2026-10-10T10:00:00Z,472,Murillo,NFO,DEF,55,0,0,2.1,8438,8172,103935,61433,a,,2026-07-23T12:01:23.801183Z,100,100,,2,,6.0,4,23,449,5,0,1,1,5,0,53,44,9,18,0.42,0.37,0.79,4.77,6.0,6.0
2026-10-02T01:46:22+00:00,2026-10-01,daily,6,2026-10-10T10:00:00Z,473,Aina,NFO,DEF,44,-1,-1,2.4,1069,20389,69182,170176,a,,,,,,,,1.0,0,8,306,4,0,0,1,3,0,22,12,10,14,0.04,0.53,0.57,3.72,1.0,1.0
2026-10-02T01:46:22+00:00,2026-10-01,daily,6,2026-10-10T10:00:00Z,474,Jair Cunha,NFO,DEF,45,0,0,0.2,256,643,9762,13169,a,,2026-09-12T14:00:09.724349Z,75,100,,,,3.0,1,11,360,4,0,0,1,4,0,36,29,7,8,0.05,0.02,0.07,3.95,2.2,3.0
2026-10-02T01:46:22+00:00,2026-10-01,daily,6,2026-10-10T10:00:00Z,475,Savona,NFO,DEF,45,0,0,0.0,20,20,240,278,i,Knee injury - Unknown return date,2026-07-23T12:01:23.816304Z,0,0,,,,0.0,0,0,0,0,0,0,0,0,0,0,0,0,0,0.00,0.00,0.00,0.00,0.0,0.0
2026-10-02T01:46:22+00:00,2026-10-01,daily,6,2026-10-10T10:00:00Z,476,O.Richards,NFO,DEF,40,0,0,0.2,298,732,3998,8283,a,,,,,,,,0.0,0,0,0,0,0,0,0,0,0,0,0,0,0,0.00,0.00,0.00,0.00,0.0,0.0
2026-10-02T01:46:22+00:00,2026-10-01,daily,6,2026-10-10T10:00:00Z,477,Abbott,NFO,DEF,40,0,0,0.1,0,818,2459,13891,u,Has joined Southampton on loan for the rest of the season,2026-09-02T16:19:54.536676Z,0,0,,,,0.0,0,0,0,0,0,0,0,0,0,0,0,0,0,0.00,0.00,0.00,0.00,0.0,0.0
2026-10-02T01:46:22+00:00,2026-10-01,daily,6,2026-10-10T10:00:00Z,478,Netz,NFO,DEF,44,0,-1,0.0,55,119,685,1590,a,,,,,,,,0.3,1,3,27,0,0,0,0,1,0,1,0,1,1,0.00,0.02,0.02,0.13,0.3,0.3
2026-10-02T01:46:22+00:00,2026-10-01,daily,6,2026-10-10T10:00:00Z,479,Bindon,NFO,DEF,40,0,0,0.1,0,525,799,8655,u,Has joined Charlton Athletic on loan for the rest of the season,2026-09-01T13:16:05.383880Z,0,0,,,,0.0,0,0,0,0,0,0,0,0,0,0,0,0,0,0.00,0.00,0.00,0.00,0.0,0.0
2026-10-02T01:46:22+00:00,2026-10-01,daily,6,2026-10-10T10:00:00Z,480,Gibbs-White,NFO,MID,80,0,0,15.7,66186,82417,1209868,665111,a,,2026-08-24T15:30:08.350159Z,100,100,1,1,,4.3,2,28,450,5,1,2,1,5,0,21,2,5,14,1.56,1.42,2.98,4.77,4.3,4.3
2026-10-02T01:46:22+00:00,2026-10-01,daily,6,2026-10-10T10:00:00Z,482,Hudson-Odoi,NFO,MID,58,0,-2,0.1,262,1164,5273,17564,a,,2026-07-23T12:01:23.832709Z,100,100,,4,,0.0,0,1,1,0,0,0,0,0,0,0,0,0,0,0.00,0.00,0.00,0.00,0.0,0.0
2026-10-02T01:46:22+00:00,2026-10-01,daily,6,2026-10-10T10:00:00Z,483,Ndoye,NFO,MID,55,0,0,0.7,766,8102,72362,49265,a,,,,,,,,1.0,1,15,316,5,1,0,1,3,0,20,3,2,15,1.25,0.93,2.18,3.84,1.0,1.0
2026-10-02T01:46:22+00:00,2026-10-01,daily,6,2026-10-10T10:00:00Z,484,Hutchinson,NFO,MID,54,0,-1,0.1,0,369,427,10997,u,Has joined AC Milan on loan for the rest of the season,2026-09-01T13:23:52.340206Z,0,0,,,,0.0,0,0,0,0,0,0,0,0,0,0,0,0,0,0.00,0.00,0.00,0.00,0.0,0.0
2026-10-02T01:46:22+00:00,2026-10-01,daily,6,2026-10-10T10:00:00Z,485,Bakwa,NFO,MID,55,0,0,0.0,0,34,107,1176,u,Has joined Lille on loan for the rest of the season,2026-08-27T14:53:03.381941Z,0,0,,,,0.0,0,0,0,0,0,0,0,0,0,0,0,0,0,0.00,0.00,0.00,0.00,0.0,0.0
2026-10-02T01:46:22+00:00,2026-10-01,daily,6,2026-10-10T10:00:00Z,486,McAtee,NFO,MID,55,0,0,0.1,351,911,9996,5957,a,,,,,,,1,2.3,2,12,416,5,0,0,2,4,0,39,9,9,21,0.37,0.96,1.33,4.55,2.3,2.3
2026-10-02T01:46:22+00:00,2026-10-01,daily,6,2026-10-10T10:00:00Z,487,Dominguez,NFO,MID,49,0,-1,0.1,62,295,1200,4097,a,,,,,,,,0.0,0,1,1,0,0,0,0,0,0,0,0,0,0,0.00,0.00,0.00,0.00,0.0,0.0
2026-10-02T01:46:22+00:00,2026-10-01,daily,6,2026-10-10T10:00:00Z,488,I.Sangaré,NFO,MID,49,0,-1,0.4,306,3053,9205,68632,a,,2026-08-28T09:30:07.471668Z,100,100,,,,0.7,1,4,105,1,0,0,0,1,0,8,4,1,3,0.09,0.02,0.11,0.56,0.7,0.7
2026-10-02T01:46:22+00:00,2026-10-01,daily,6,2026-10-10T10:00:00Z,489,Yates,NFO,MID,45,0,0,1.2,591,7362,30237,93717,a,,2026-08-17T20:30:08.195072Z,100,100,,,,0.0,0,0,0,0,0,0,0,0,0,0,0,0,0,0.00,0.00,0.00,0.00,0.0,0.0
2026-10-02T01:46:22+00:00,2026-10-01,daily,6,2026-10-10T10:00:00Z,490,Wood,NFO,FWD,58,0,-2,0.9,2018,6513,24597,116360,a,,,,,2,,,1.0,1,4,62,0,0,0,0,1,0,1,0,0,1,0.12,0.01,0.13,0.53,1.0,1.0
2026-10-02T01:46:22+00:00,2026-10-01,daily,6,2026-10-10T10:00:00Z,491,Igor Jesus,NFO,FWD,58,0,-2,2.6,7339,23168,126339,270513,a,,,,,4,,,3.0,1,12,257,2,1,0,0,3,0,15,5,2,8,1.25,0.08,1.33,2.61,3.0,3.0
2026-10-02T01:46:22+00:00,2026-10-01,daily,6,2026-10-10T10:00:00Z,493,Kalimuendo,NFO,FWD,54,0,-1,0.1,227,424,3037,4124,a,,,,,,,,0.0,0,1,1,0,0,0,0,0,0,0,0,0,0,0.00,0.00,0.00,0.00,0.0,0.0
2026-10-02T01:46:22+00:00,2026-10-01,daily,6,2026-10-10T10:00:00Z,558,Schlager,NFO,MID,50,0,0,0.1,221,781,5901,5798,a,,,,,,,3,2.7,2,13,376,4,0,0,1,5,0,49,11,17,21,0.19,0.18,0.37,4.43,2.7,2.7
2026-10-02T01:46:22+00:00,2026-10-01,daily,6,2026-10-10T10:00:00Z,581,Diomande,NFO,DEF,54,0,-1,0.5,1531,2267,13653,41732,a,,,,,,,,2.3,2,7,163,2,0,0,0,2,0,19,18,1,10,0.16,0.01,0.17,1.45,2.3,2.3
2026-10-02T01:46:22+00:00,2026-10-01,daily,6,2026-10-10T10:00:00Z,590,Benda,NFO,GKP,45,0,0,0.1,123,241,2663,2842,a,,,,,,,,0.0,0,0,0,0,0,0,0,0,0,0,0,0,0,0.00,0.00,0.00,0.00,0.0,0.0
2026-10-02T01:46:22+00:00,2026-10-01,daily,6,2026-10-10T10:00:00Z,112,Van Hecke,TOT,DEF,49,0,-1,6.5,18596,29947,154765,475342,d,Foot injury - 75% chance of playing,2026-09-30T16:00:09.552205Z,,75,,,,7.3,6,24,450,5,1,0,2,8,0,43,33,10,17,0.69,0.42,1.11,7.78,7.3,5.5
2026-10-02T01:46:22+00:00,2026-10-01,daily,6,2026-10-10T10:00:00Z,147,Tosin,TOT,DEF,44,0,-1,0.1,103,563,1995,7915,a,,,,,,,,0.3,0,1,5,0,0,0,0,0,0,4,2,2,1,0.00,0.00,0.00,0.03,0.3,0.3
2026-10-02T01:46:22+00:00,2026-10-01,daily,6,2026-10-10T10:00:00Z,401,Marmoush,TOT,FWD,70,0,0,2.1,11566,21693,234045,162826,a,,,,,2,4,8,2.0,2,8,339,4,0,0,2,5,0,13,0,2,11,0.38,0.15,0.53,3.84,2.0,2.0
2026-10-02T01:46:22+00:00,2026-10-01,daily,6,2026-10-10T10:00:00Z,403,Sávio,TOT,MID,65,0,0,0.7,2900,6865,99812,79628,a,,2026-08-29T16:30:08.380416Z,100,100,,,2,2.7,2,8,240,3,0,0,2,3,0,11,3,0,8,0.41,0.70,1.11,2.76,2.7,2.7
2026-10-02T01:46:22+00:00,2026-10-01,daily,6,2026-10-10T10:00:00Z,455,Tonali,TOT,MID,53,-1,-2,1.8,2297,15063,47886,269670,a,,2026-09-14T14:30:07.387706Z,100,100,,,,3.3,2,14,427,5,0,0,2,8,0,42,11,11,20,0.24,0.61,0.85,7.72,3.3,3.3
2026-10-02T01:46:22+00:00,2026-10-01,daily,6,2026-10-10T10:00:00Z,494,Vicario,TOT,GKP,45,0,0,0.1,0,724,0,22107,u,Has joined Juventus on loan for the rest of the season,2026-08-19T13:55:33.193962Z,0,0,,,,0.0,0,0,0,0,0,0,0,0,0,0,0,0,0,0.00,0.00,0.00,0.00,0.0,0.0
2026-10-02T01:46:22+00:00,2026-10-01,daily,6,2026-10-10T10:00:00Z,495,Austin,TOT,GKP,40,0,0,1.0,1931,2172,29582,21857,a,,,,,,,,0.0,0,0,0,0,0,0,0,0,0,0,0,0,0,0.00,0.00,0.00,0.00,0.0,0.0
2026-10-02T01:46:22+00:00,2026-10-01,daily,6,2026-10-10T10:00:00Z,496,Kinsky,TOT,GKP,45,0,0,17.3,18029,111085,347183,793312,a,,,,,,,,5.0,2,18,450,5,0,0,2,8,12,0,10,0,34,0.00,0.00,0.00,7.78,5.0,5.0
2026-10-02T01:46:22+00:00,2026-10-01,daily,6,2026-10-10T10:00:00Z,497,Dubravka,TOT,GKP,40,0,0,17.1,26576,48102,397215,440752,a,,,,,,,,0.0,0,0,0,0,0,0,0,0,0,0,0,0,0,0.00,0.00,0.00,0.00,0.0,0.0
2026-10-02T01:46:22+00:00,2026-10-01,daily,6,2026-10-10T10:00:00Z,498,Senesi,TOT,DEF,58,0,-2,3.5,1201,21555,29345,458018,a,,,,,,,,0.0,0,3,90,1,0,0,0,3,0,16,11,5,2,0.00,0.02,0.02,3.87,0.0,0.0
2026-10-02T01:46:22+00:00,2026-10-01,daily,6,2026-10-10T10:00:00Z,499,Pedro Porro,TOT,DEF,54,0,-1,7.6,1705,75195,124479,992943,d,Hamstring injury - 75% chance of playing,2026-09-19T12:00:08.823872Z,100,75,,1,1,2.7,1,9,198,3,0,0,1,2,0,9,6,3,5,0.37,0.16,0.53,1.68,2.7,2.0
2026-10-02T01:46:22+00:00,2026-10-01,daily,6,2026-10-10T10:00:00Z,500,Romero,TOT,DEF,50,0,0,0.1,0,301,0,16815,u,Has joined Atletico Madrid permanently,2026-08-17T13:49:05.465401Z,0,0,,,,0.0,0,0,0,0,0,0,0,0,0,0,0,0,0,0.00,0.00,0.00,0.00,0.0,0.0
2026-10-02T01:46:22+00:00,2026-10-01,daily,6,2026-10-10T10:00:00Z,502,Robertson,TOT,DEF,44,0,-1,2.5,5582,12787,67254,183463,a,,,,,,,6,4.0,4,17,366,4,0,1,1,7,0,20,15,5,15,0.13,0.43,0.56,7.05,4.0,4.0
2026-10-02T01:46:22+00:00,2026-10-01,daily,6,2026-10-10T10:00:00Z,503,Van de Ven,TOT,DEF,50,0,0,3.8,5825,19773,94281,267014,a,,2026-08-21T15:00:07.610517Z,100,100,,,,5.3,1,16,360,4,0,0,2,5,0,29,24,5,17,0.59,0.05,0.64,3.91,5.3,5.3
2026-10-02T01:46:22+00:00,2026-10-01,daily,6,2026-10-10T10:00:00Z,505,Spence,TOT,DEF,45,0,0,0.2,0,1203,0,69289,u,Has joined Internazionale permanently,2026-08-18T14:13:08.454214Z,0,0,,,,0.0,0,0,0,0,0,0,0,0,0,0,0,0,0,0.00,0.00,0.00,0.00,0.0,0.0
2026-10-02T01:46:22+00:00,2026-10-01,daily,6,2026-10-10T10:00:00Z,506,Udogie,TOT,DEF,44,0,-1,0.3,343,1623,5582,22453,a,,2026-09-11T18:00:09.092110Z,100,100,,,,1.7,0,7,86,1,0,0,1,1,0,4,3,1,4,0.00,0.23,0.23,1.17,1.7,1.7
2026-10-02T01:46:22+00:00,2026-10-01,daily,6,2026-10-10T10:00:00Z,507,Phillips,TOT,DEF,45,0,0,0.0,0,55,0,1270,u,Has joined Middlesbrough permanently,2026-08-18T14:13:08.474144Z,0,0,,,,0.0,0,0,0,0,0,0,0,0,0,0,0,0,0,0.00,0.00,0.00,0.00,0.0,0.0
2026-10-02T01:46:22+00:00,2026-10-01,daily,6,2026-10-10T10:00:00Z,508,Davies,TOT,DEF,39,-1,-1,0.9,7471,3906,19267,41349,a,,,,,,,,0.0,0,0,0,0,0,0,0,0,0,0,0,0,0,0.00,0.00,0.00,0.00,0.0,0.0
2026-10-02T01:46:22+00:00,2026-10-01,daily,6,2026-10-10T10:00:00Z,509,Byfield,TOT,DEF,40,0,0,0.1,124,248,2339,2592,a,,,,,,,,0.0,0,0,0,0,0,0,0,0,0,0,0,0,0,0.00,0.00,0.00,0.00,0.0,0.0
2026-10-02T01:46:22+00:00,2026-10-01,daily,6,2026-10-10T10:00:00Z,510,Rowswell,TOT,DEF,40,0,0,0.1,157,339,2886,3467,a,,,,,,,,0.0,0,0,0,0,0,0,0,0,0,0,0,0,0,0.00,0.00,0.00,0.00,0.0,0.0
2026-10-02T01:46:22+00:00,2026-10-01,daily,6,2026-10-10T10:00:00Z,511,Souza,TOT,DEF,40,0,0,0.2,0,890,2555,16876,u,Has joined FC Porto on loan for the rest of the season,2026-09-01T13:24:26.858636Z,0,0,,,,0.0,0,0,0,0,0,0,0,0,0,0,0,0,0,0.00,0.00,0.00,0.00,0.0,0.0
2026-10-02T01:46:22+00:00,2026-10-01,daily,6,2026-10-10T10:00:00Z,512,Kudus,TOT,MID,65,0,0,0.2,2278,1138,13072,11093,a,,2026-07-23T12:01:23.848657Z,100,100,3,6,7,2.0,4,7,123,0,0,1,0,3,0,14,0,3,11,0.11,0.42,0.53,1.46,2.0,2.0
2026-10-02T01:46:22+00:00,2026-10-01,daily,6,2026-10-10T10:00:00Z,513,Xavi,TOT,MID,59,0,-1,0.0,52,80,344,1121,i,Knee injury - Unknown return date,2026-07-23T12:01:23.864304Z,0,0,4,2,,0.0,0,0,0,0,0,0,0,0,0,0,0,0,0,0.00,0.00,0.00,0.00,0.0,0.0
2026-10-02T01:46:22+00:00,2026-10-01,daily,6,2026-10-10T10:00:00Z,514,Tel,TOT,MID,57,-1,-3,0.2,200,1960,9132,46777,a,,,,,,3,3,1.3,0,8,257,3,0,0,1,4,0,13,1,1,11,0.21,0.23,0.44,5.55,1.3,1.3
2026-10-02T01:46:22+00:00,2026-10-01,daily,6,2026-10-10T10:00:00Z,515,Maddison,TOT,MID,63,0,-2,0.4,748,1983,5797,96236,a,,2026-08-25T14:30:07.623508Z,100,100,,5,5,0.7,1,3,59,0,0,0,0,2,0,11,3,4,4,0.06,0.04,0.10,1.03,0.7,0.7
2026-10-02T01:46:22+00:00,2026-10-01,daily,6,2026-10-10T10:00:00Z,516,Bentancur,TOT,MID,55,0,0,0.2,382,722,5146,8379,a,,,,,,,,4.0,4,15,370,4,0,0,2,6,0,60,22,15,23,0.02,0.12,0.14,5.59,4.0,4.0
2026-10-02T01:46:22+00:00,2026-10-01,daily,6,2026-10-10T10:00:00Z,517,Odobert,TOT,MID,55,0,0,0.0,25,14,127,109,i,Knee injury - Unknown return date,2026-07-23T12:01:23.879434Z,0,0,,,,0.0,0,0,0,0,0,0,0,0,0,0,0,0,0,0.00,0.00,0.00,0.00,0.0,0.0
2026-10-02T01:46:22+00:00,2026-10-01,daily,6,2026-10-10T10:00:00Z,518,P.M.Sarr,TOT,MID,49,0,-1,0.1,0,677,4138,23744,u,Has joined Juventus on loan for the rest of the season,2026-09-02T16:02:43.386849Z,0,0,,,,0.0,0,0,0,0,0,0,0,0,0,0,0,0,0,0.00,0.00,0.00,0.00,0.0,0.0
2026-10-02T01:46:22+00:00,2026-10-01,daily,6,2026-10-10T10:00:00Z,519,Gallagher,TOT,MID,53,0,-2,0.2,811,662,4667,17050,a,,,,,,,,3.0,6,9,134,2,1,0,1,2,0,18,1,8,9,0.37,0.12,0.49,2.65,3.0,3.0
2026-10-02T01:46:22+00:00,2026-10-01,daily,6,2026-10-10T10:00:00Z,520,Bergvall,TOT,MID,53,-1,-2,0.1,107,634,1887,9567,a,,,,,,,,0.7,1,3,78,1,0,0,0,2,0,13,1,3,9,0.06,0.27,0.33,2.21,0.7,0.7
2026-10-02T01:46:22+00:00,2026-10-01,daily,6,2026-10-10T10:00:00Z,521,Kulusevski,TOT,MID,65,0,0,0.0,96,72,402,737,i,Knee injury - Unknown return date,2026-07-23T12:01:23.895175Z,0,0,,,,0.0,0,0,0,0,0,0,0,0,0,0,0,0,0,0.00,0.00,0.00,0.00,0.0,0.0
2026-10-02T01:46:22+00:00,2026-10-01,daily,6,2026-10-10T10:00:00Z,522,Gray,TOT,MID,49,0,-1,0.2,465,1211,6842,13382,a,,,,,,,,1.7,2,9,307,3,0,0,1,7,0,27,10,5,12,0.23,0.05,0.28,6.11,1.7,1.7
2026-10-02T01:46:22+00:00,2026-10-01,daily,6,2026-10-10T10:00:00Z,523,Moore,TOT,MID,50,0,0,0.1,0,541,3258,17026,u,Has joined FC Köln on loan for the rest of the season,2026-09-04T12:39:48.098158Z,0,0,,,,0.0,0,3,89,1,0,0,0,4,0,3,0,1,2,0.40,0.02,0.42,3.26,0.0,0.0
2026-10-02T01:46:22+00:00,2026-10-01,daily,6,2026-10-10T10:00:00Z,524,Olusesi,TOT,MID,44,0,-1,1.0,6105,7633,55721,49478,a,,,,,,,,0.0,0,0,0,0,0,0,0,0,0,0,0,0,0,0.00,0.00,0.00,0.00,0.0,0.0
2026-10-02T01:46:22+00:00,2026-10-01,daily,6,2026-10-10T10:00:00Z,525,Fernandes,TOT,MID,57,-1,-3,0.8,471,6686,14452,124773,a,,,,,,,4,1.3,1,7,249,3,0,0,1,4,0,21,2,7,12,0.19,0.28,0.47,4.43,1.3,1.3
2026-10-02T01:46:22+00:00,2026-10-01,daily,6,2026-10-10T10:00:00Z,526,Solanke,TOT,FWD,58,0,-2,0.8,1941,5721,29488,94772,a,,,,,1,,,1.7,2,7,170,2,0,0,1,1,0,9,2,2,5,0.56,0.01,0.57,2.57,1.7,1.7
2026-10-02T01:46:22+00:00,2026-10-01,daily,6,2026-10-10T10:00:00Z,527,Richarlison,TOT,FWD,59,0,-1,0.6,0,5777,21439,268260,u,not included in squad.,2026-09-04T12:32:39.183614Z,0,0,,,,0.0,0,2,67,1,0,0,0,3,0,1,1,0,0,0.00,0.00,0.00,3.02,0.0,0.0
2026-10-02T01:46:22+00:00,2026-10-01,daily,6,2026-10-10T10:00:00Z,528,Scarlett,TOT,FWD,45,0,0,1.1,0,8075,42525,109642,u,Has joined Leyton Orient permanently,2026-09-02T16:02:43.413625Z,0,0,,,,0.0,0,0,0,0,0,0,0,0,0,0,0,0,0,0.00,0.00,0.00,0.00,0.0,0.0
2026-10-02T01:46:22+00:00,2026-10-01,daily,6,2026-10-10T10:00:00Z,578,Mudryk,TOT,MID,53,-1,-2,0.0,20,562,5440,7610,i,Ankle injury - Unknown return date,2026-09-11T18:00:09.154412Z,0,0,,,,0.3,0,1,16,0,0,0,0,0,0,0,0,0,0,0.00,0.00,0.00,0.16,0.0,0.0
2026-10-02T01:46:22+00:00,2026-10-01,daily,6,2026-10-10T10:00:00Z,601,Williams-Barnett,TOT,MID,45,0,0,0.1,168,761,10250,7044,a,,,,,,,,0.0,0,0,0,0,0,0,0,0,0,0,0,0,0,0.00,0.00,0.00,0.00,0.0,0.0
2026-10-02T01:46:22+00:00,2026-10-01,daily,6,2026-10-10T10:00:00Z,501,Danso,SUN,DEF,50,0,0,0.2,1162,838,6587,9875,a,,,,,,,,1.0,0,3,270,3,0,0,0,8,0,20,19,1,11,0.07,0.17,0.24,5.91,1.0,1.0
2026-10-02T01:46:22+00:00,2026-10-01,daily,6,2026-10-10T10:00:00Z,529,Roefs,SUN,GKP,49,0,-1,2.4,2067,11620,21916,177745,a,,,,,,,,1.3,0,11,450,5,0,0,1,10,6,0,7,0,35,0.00,0.01,0.01,8.66,1.3,1.3
2026-10-02T01:46:22+00:00,2026-10-01,daily,6,2026-10-10T10:00:00Z,530,Patterson,SUN,GKP,40,0,0,0.1,0,356,0,6008,u,Has joined Wrexham permanently,2026-08-12T14:08:03.064533Z,0,0,,,,0.0,0,0,0,0,0,0,0,0,0,0,0,0,0,0.00,0.00,0.00,0.00,0.0,0.0
2026-10-02T01:46:22+00:00,2026-10-01,daily,6,2026-10-10T10:00:00Z,531,Ellborg,SUN,GKP,44,-1,-1,0.1,136,256,1175,3337,a,,,,,,,,0.0,0,0,0,0,0,0,0,0,0,0,0,0,0,0.00,0.00,0.00,0.00,0.0,0.0
2026-10-02T01:46:22+00:00,2026-10-01,daily,6,2026-10-10T10:00:00Z,532,Ballard,SUN,DEF,49,0,-1,2.5,3600,17150,45499,317718,d,Hamstring injury - 75% chance of playing,2026-09-25T21:30:10.370384Z,,75,,,,2.0,2,14,450,5,0,0,1,10,0,49,39,10,12,0.31,0.16,0.47,8.66,2.0,1.5
2026-10-02T01:46:22+00:00,2026-10-01,daily,6,2026-10-10T10:00:00Z,533,Mukiele,SUN,DEF,54,0,-1,1.9,5158,8851,44489,129956,a,,2026-08-09T08:30:05.954750Z,100,100,,,,1.3,0,13,360,4,0,0,1,8,0,48,35,13,16,0.75,0.28,1.03,6.86,1.3,1.3
2026-10-02T01:46:22+00:00,2026-10-01,daily,6,2026-10-10T10:00:00Z,534,Hume,SUN,DEF,43,-1,-2,2.8,1229,29720,37855,397395,a,,,,,,,3,0.7,1,10,206,2,0,0,1,2,0,13,3,10,12,0.14,0.29,0.43,4.57,0.7,0.7
2026-10-02T01:46:22+00:00,2026-10-01,daily,6,2026-10-10T10:00:00Z,535,Alderete,SUN,DEF,48,-1,-2,0.2,221,1067,4975,27343,a,,2026-08-09T08:30:05.962393Z,100,100,,,,0.0,0,1,23,0,0,0,0,1,0,0,0,0,2,0.00,0.01,0.01,0.10,0.0,0.0
2026-10-02T01:46:22+00:00,2026-10-01,daily,6,2026-10-10T10:00:00Z,536,Reinildo,SUN,DEF,44,-1,-1,0.3,202,1570,4065,24370,a,,2026-09-12T21:30:09.421687Z,0,100,,,,0.0,0,7,360,4,0,0,1,5,0,29,21,8,18,0.00,0.32,0.32,5.05,0.0,0.0
2026-10-02T01:46:22+00:00,2026-10-01,daily,6,2026-10-10T10:00:00Z,537,Seelt,SUN,DEF,45,0,0,0.0,0,22,61,664,u,Has joined Swansea City on loan for the rest of the season,2026-08-29T00:34:52.425076Z,0,0,,,,0.0,0,0,0,0,0,0,0,0,0,0,0,0,0,0.00,0.00,0.00,0.00,0.0,0.0
2026-10-02T01:46:22+00:00,2026-10-01,daily,6,2026-10-10T10:00:00Z,538,Hjelde,SUN,DEF,40,0,0,0.0,0,157,0,2528,u,Has joined KV Mechelen on loan for the rest of the season,2026-08-12T14:08:03.081789Z,0,0,,,,0.0,0,0,0,0,0,0,0,0,0,0,0,0,0,0.00,0.00,0.00,0.00,0.0,0.0
2026-10-02T01:46:22+00:00,2026-10-01,daily,6,2026-10-10T10:00:00Z,539,O'Nien,SUN,DEF,39,-1,-1,2.5,17796,11668,32539,121568,a,,,,,,,,0.0,0,1,66,1,0,0,0,1,0,5,4,1,4,0.01,0.01,0.02,1.69,0.0,0.0
2026-10-02T01:46:22+00:00,2026-10-01,daily,6,2026-10-10T10:00:00Z,540,Masuaku,SUN,DEF,40,0,0,0.1,0,634,0,11567,u,Has joined Konyaspor permanently,2026-08-12T14:08:03.097784Z,0,0,,,,0.0,0,0,0,0,0,0,0,0,0,0,0,0,0,0.00,0.00,0.00,0.00,0.0,0.0
2026-10-02T01:46:22+00:00,2026-10-01,daily,6,2026-10-10T10:00:00Z,541,Meunier,SUN,DEF,45,0,0,0.3,1641,882,7042,9634,a,,2026-08-16T08:30:07.830062Z,100,100,,,,2.3,3,14,396,5,0,1,1,8,0,20,16,4,15,0.34,0.58,0.92,5.94,2.3,2.3
2026-10-02T01:46:22+00:00,2026-10-01,daily,6,2026-10-10T10:00:00Z,542,E.Le Fée,SUN,MID,57,-1,-3,3.4,11459,24040,45031,650615,a,,,,,2,3,1,4.3,5,18,438,5,1,1,1,9,0,21,3,7,11,2.06,1.34,3.40,8.46,4.3,4.3
2026-10-02T01:46:22+00:00,2026-10-01,daily,6,2026-10-10T10:00:00Z,543,Diarra,SUN,MID,53,-1,-2,0.0,20,235,558,5918,i,Hamstring injury - Unknown return date,2026-08-30T16:30:08.428960Z,0,0,1,,,0.0,0,5,28,0,0,1,0,1,0,0,0,0,0,0.03,0.16,0.19,0.12,0.0,0.0
2026-10-02T01:46:22+00:00,2026-10-01,daily,6,2026-10-10T10:00:00Z,544,Xhaka,SUN,MID,55,0,0,3.6,6266,23282,130798,208371,a,,,,,,2,2,2.0,2,21,450,5,0,1,1,10,0,54,12,9,33,0.06,1.32,1.38,8.66,2.0,2.0
2026-10-02T01:46:22+00:00,2026-10-01,daily,6,2026-10-10T10:00:00Z,545,Sadiki,SUN,MID,49,0,-1,0.2,407,1348,5720,18373,a,,,,,,,,1.7,2,10,410,5,0,0,1,9,0,29,11,6,12,0.44,0.24,0.68,6.47,1.7,1.7
2026-10-02T01:46:22+00:00,2026-10-01,daily,6,2026-10-10T10:00:00Z,546,Adingra,SUN,MID,49,0,-1,0.0,0,190,240,7418,u,Has joined Ajax on loan for the rest of the season,2026-08-20T14:00:08.416985Z,0,0,,,,0.0,0,0,0,0,0,0,0,0,0,0,0,0,0,0.00,0.00,0.00,0.00,0.0,0.0
2026-10-02T01:46:22+00:00,2026-10-01,daily,6,2026-10-10T10:00:00Z,547,Mundle,SUN,MID,49,0,-1,0.0,10,55,201,673,i,Knee injury - Unknown return date,2026-09-09T14:00:08.462705Z,0,0,,,,0.0,0,1,1,0,0,0,0,0,0,1,1,0,0,0.17,0.00,0.17,0.09,0.0,0.0
2026-10-02T01:46:22+00:00,2026-10-01,daily,6,2026-10-10T10:00:00Z,548,Rigg,SUN,MID,49,0,-1,0.0,32,229,469,2849,a,,,,,,,,0.0,0,2,17,0,0,0,0,1,0,1,0,0,1,0.00,0.00,0.00,0.44,0.0,0.0
2026-10-02T01:46:22+00:00,2026-10-01,daily,6,2026-10-10T10:00:00Z,549,Talbi,SUN,MID,53,0,-2,0.1,110,570,1343,11790,a,,,,,,,,0.0,0,1,31,0,0,0,0,1,0,2,0,0,2,0.00,0.00,0.00,0.14,0.0,0.0
2026-10-02T01:46:22+00:00,2026-10-01,daily,6,2026-10-10T10:00:00Z,550,Jocelin.T,SUN,MID,50,0,0,0.0,32,44,306,425,a,,,,,,,,0.0,0,0,0,0,0,0,0,0,0,0,0,0,0,0.00,0.00,0.00,0.00,0.0,0.0
2026-10-02T01:46:22+00:00,2026-10-01,daily,6,2026-10-10T10:00:00Z,551,N.Angulo,SUN,MID,50,0,0,0.1,510,788,12789,10576,a,,,,,,1,,2.7,4,16,313,5,1,1,1,7,0,24,5,5,14,0.60,0.13,0.73,4.56,2.7,2.7
2026-10-02T01:46:22+00:00,2026-10-01,daily,6,2026-10-10T10:00:00Z,552,Brobbey,SUN,FWD,57,-1,-3,6.9,195036,46058,286494,932230,d,Hamstring injury - 75% chance of playing,2026-09-24T21:30:10.382142Z,,75,,,,6.7,17,24,399,5,3,0,1,9,0,11,1,0,10,2.94,0.11,3.05,8.18,6.7,5.0
2026-10-02T01:46:22+00:00,2026-10-01,daily,6,2026-10-10T10:00:00Z,553,Isidor,SUN,FWD,55,0,0,1.3,3291,11612,95593,86766,a,,,,,,,,2.0,1,15,117,0,1,1,0,3,0,5,0,2,3,1.49,0.01,1.50,3.78,2.0,2.0
2026-10-02T01:46:22+00:00,2026-10-01,daily,6,2026-10-10T10:00:00Z,612,Methalie,SUN,DEF,45,0,0,0.0,114,67,903,493,a,,2026-08-28T13:00:08.950445Z,100,100,,,,-0.3,-1,-1,90,1,0,0,0,5,0,3,2,1,4,0.03,0.01,0.04,2.82,-0.3,-0.3
2026-10-02T01:46:22+00:00,2026-10-01,daily,6,2026-10-10T10:00:00Z,613,Ahoka,SUN,MID,45,0,0,0.2,594,1604,25389,14302,a,,,,,,,,0.0,0,0,0,0,0,0,0,0,0,0,0,0,0,0.00,0.00,0.00,0.00,0.0,0.0
2026-10-02T01:46:22+00:00,2026-10-01,daily,6,2026-10-10T10:00:00Z,646,Fofana,SUN,MID,55,0,0,0.0,333,304,4069,1732,a,,,,,,,,1.0,1,3,60,0,0,0,0,2,0,3,0,1,2,0.39,0.01,0.40,3.25,1.0,1.0
2026-10-02T01:46:22+00:00,2026-10-01,daily,6,2026-10-10T10:00:00Z,651,J.Angulo,SUN,FWD,45,0,0,0.7,8845,7296,90713,30311,a,,,,,,,,0.0,0,0,0,0,0,0,0,0,0,0,0,0,0,0.00,0.00,0.00,0.00,0.0,0.0
