snapshot_utc,snapshot_date,snapshot_kind,event,deadline_time,id,web_name,team,position,now_cost,cost_change_event,cost_change_start,selected_by_percent,transfers_in_event,transfers_out_event,transfers_in,transfers_out,status,news,news_added,chance_of_playing_this_round,chance_of_playing_next_round,penalties_order,direct_freekicks_order,corners_and_indirect_freekicks_order,form,event_points,total_points,minutes,starts,goals_scored,assists,clean_sheets,goals_conceded,saves,defensive_contribution,clearances_blocks_interceptions,tackles,recoveries,expected_goals,expected_assists,expected_goal_involvements,expected_goals_conceded,ep_this,ep_next
2026-09-19T00:30:59+00:00,2026-09-18,daily,6,2026-10-10T10:00:00Z,1,Raya,ARS,GKP,60,0,0,41.5,13327,1218,853726,593622,a,,,,,,,,5.8,0,29,360,4,0,0,3,1,7,0,6,0,44,0.00,0.01,0.01,2.72,5.8,5.8
2026-09-19T00:30:59+00:00,2026-09-18,daily,6,2026-10-10T10:00:00Z,2,Arrizabalaga,ARS,GKP,49,0,-1,0.1,9,8,1386,4021,a,,,,,,,,0.0,0,0,0,0,0,0,0,0,0,0,0,0,0,0.00,0.00,0.00,0.00,0.0,0.0
2026-09-19T00:30:59+00:00,2026-09-18,daily,6,2026-10-10T10:00:00Z,3,Meslier,ARS,GKP,49,0,-1,0.0,3,8,470,1468,a,,,,,,,,0.0,0,0,0,0,0,0,0,0,0,0,0,0,0,0.00,0.00,0.00,0.00,0.0,0.0
2026-09-19T00:30:59+00:00,2026-09-18,daily,6,2026-10-10T10:00:00Z,4,Gabriel,ARS,DEF,80,0,0,23.1,1051,5757,211294,848648,a,,,,,,,,4.8,0,24,360,4,0,0,3,1,0,32,29,3,13,0.51,0.06,0.57,2.72,4.8,4.8
2026-09-19T00:30:59+00:00,2026-09-18,daily,6,2026-10-10T10:00:00Z,5,J.Timber,ARS,DEF,65,0,0,0.3,698,122,22354,10875,a,,2026-07-23T12:01:23.272929Z,100,100,,,,0.2,0,1,45,0,0,0,0,0,0,3,2,1,5,0.00,0.01,0.01,1.57,0.2,0.2
2026-09-19T00:30:59+00:00,2026-09-18,daily,6,2026-10-10T10:00:00Z,6,Saliba,ARS,DEF,59,0,-1,0.2,13,70,3095,17623,i,Back injury - Unknown return date,2026-07-23T12:01:23.289376Z,0,0,,,,0.0,0,0,0,0,0,0,0,0,0,0,0,0,0,0.00,0.00,0.00,0.00,0.0,0.0
2026-09-19T00:30:59+00:00,2026-09-18,daily,6,2026-10-10T10:00:00Z,7,Lewis-Skelly,ARS,MID,55,0,0,0.6,61,227,28738,45031,a,,,,,,,,1.8,0,9,271,4,0,0,2,1,0,14,5,1,8,0.16,0.23,0.39,1.02,1.8,1.8
2026-09-19T00:30:59+00:00,2026-09-18,daily,6,2026-10-10T10:00:00Z,8,Calafiori,ARS,DEF,58,0,3,50.7,5088,1647,1585096,340154,a,,,,,,,,5.6,0,28,326,4,0,2,3,1,0,13,10,3,8,0.60,0.59,1.19,2.45,5.6,5.6
2026-09-19T00:30:59+00:00,2026-09-18,daily,6,2026-10-10T10:00:00Z,9,Hincapie,ARS,DEF,53,0,-2,0.9,73,242,14892,111953,a,,,,,,,,0.4,0,2,32,0,0,0,0,0,0,3,2,1,0,0.00,0.00,0.00,0.28,0.4,0.4
2026-09-19T00:30:59+00:00,2026-09-18,daily,6,2026-10-10T10:00:00Z,10,White,ARS,DEF,55,0,0,5.5,515,4513,453273,503294,a,,2026-09-15T19:30:09.494382Z,100,100,,,,4.2,0,21,315,4,0,1,2,1,0,18,12,6,9,0.18,0.29,0.47,1.15,4.2,4.2
2026-09-19T00:30:59+00:00,2026-09-18,daily,6,2026-10-10T10:00:00Z,11,Mosquera,ARS,DEF,53,0,-2,1.7,70,678,30235,459407,a,,2026-09-04T14:00:08.080310Z,100,100,,,,2.4,0,12,168,2,0,0,2,0,0,10,10,0,3,0.00,0.01,0.01,0.53,2.4,2.4
2026-09-19T00:30:59+00:00,2026-09-18,daily,6,2026-10-10T10:00:00Z,12,Saka,ARS,MID,95,0,0,13.1,8240,1441,687862,351292,a,,,,,1,2,2,6.0,0,30,336,4,3,0,3,1,0,29,8,5,16,2.88,0.43,3.31,2.58,6.0,6.0
2026-09-19T00:30:59+00:00,2026-09-18,daily,6,2026-10-10T10:00:00Z,13,Rice,ARS,MID,74,0,-1,12.4,689,1437,112535,644111,a,,,,,,1,1,3.8,0,19,321,4,0,2,3,1,0,34,16,5,13,0.10,0.63,0.73,2.19,3.8,3.8
2026-09-19T00:30:59+00:00,2026-09-18,daily,6,2026-10-10T10:00:00Z,14,Eze,ARS,MID,63,0,-2,1.0,119,298,21038,133142,a,,,,,,3,,0.6,0,3,68,0,0,0,0,0,0,5,0,0,5,0.04,0.07,0.11,0.79,0.6,0.6
2026-09-19T00:30:59+00:00,2026-09-18,daily,6,2026-10-10T10:00:00Z,15,Ødegaard,ARS,MID,68,0,3,20.1,6357,2483,1562077,461932,a,,,,,3,4,,5.4,0,27,305,4,2,0,3,1,0,21,4,6,11,1.01,1.30,2.31,2.46,5.4,5.4
2026-09-19T00:30:59+00:00,2026-09-18,daily,6,2026-10-10T10:00:00Z,16,Madueke,ARS,MID,62,0,-3,0.2,67,66,5347,24486,a,,,,,,,5,0.4,0,2,23,0,0,0,0,0,0,3,0,1,2,0.00,0.05,0.05,0.15,0.4,0.4
2026-09-19T00:30:59+00:00,2026-09-18,daily,6,2026-10-10T10:00:00Z,17,Merino,ARS,MID,58,0,-2,0.4,52,126,8789,45416,a,,,,,,,,0.6,0,3,51,0,0,0,0,0,0,6,0,0,6,0.14,0.02,0.16,0.26,0.6,0.6
2026-09-19T00:30:59+00:00,2026-09-18,daily,6,2026-10-10T10:00:00Z,18,Martinelli,ARS,MID,63,0,-2,0.1,0,41,2483,21342,u,Has joined Al Hilal permanently,2026-09-04T12:34:46.738449Z,0,0,,,,0.0,0,0,0,0,0,0,0,0,0,0,0,0,0,0.00,0.00,0.00,0.00,0.0,0.0
2026-09-19T00:30:59+00:00,2026-09-18,daily,6,2026-10-10T10:00:00Z,19,Zubimendi,ARS,MID,53,0,-2,0.6,28,190,8043,63133,a,,,,,,,,0.8,0,4,59,0,0,0,0,0,0,11,4,4,3,0.08,0.04,0.12,0.68,0.8,0.8
2026-09-19T00:30:59+00:00,2026-09-18,daily,6,2026-10-10T10:00:00Z,20,Dowman,ARS,MID,53,0,-2,0.1,18,28,2606,6747,a,,,,,,,,0.0,0,0,0,0,0,0,0,0,0,0,0,0,0,0.00,0.00,0.00,0.00,0.0,0.0
2026-09-19T00:30:59+00:00,2026-09-18,daily,6,2026-10-10T10:00:00Z,22,Nwaneri,ARS,MID,54,0,-1,0.0,0,4,233,1204,u,Has joined Borussia Dortmund on loan for the rest of the season,2026-09-02T16:01:07.058827Z,0,0,,,,0.0,0,0,0,0,0,0,0,0,0,0,0,0,0,0.00,0.00,0.00,0.00,0.0,0.0
2026-09-19T00:30:59+00:00,2026-09-18,daily,6,2026-10-10T10:00:00Z,23,Fábio Vieira,ARS,MID,55,0,0,0.0,0,5,255,884,u,Has joined Hamburger SV permanently,2026-09-02T16:00:28.446370Z,0,0,,,,0.0,0,0,0,0,0,0,0,0,0,0,0,0,0,0.00,0.00,0.00,0.00,0.0,0.0
2026-09-19T00:30:59+00:00,2026-09-18,daily,6,2026-10-10T10:00:00Z,24,Nelson,ARS,MID,55,0,0,0.0,0,2,68,656,u,has departed the club as a free agent.,2026-08-29T00:33:08.556767Z,0,0,,,,0.0,0,0,0,0,0,0,0,0,0,0,0,0,0,0.00,0.00,0.00,0.00,0.0,0.0
2026-09-19T00:30:59+00:00,2026-09-18,daily,6,2026-10-10T10:00:00Z,25,Gyökeres,ARS,FWD,72,0,-3,3.2,425,883,28648,595207,a,,,,,2,,,0.2,0,1,12,0,0,0,0,0,0,1,0,0,1,0.00,0.00,0.00,0.11,0.2,0.2
2026-09-19T00:30:59+00:00,2026-09-18,daily,6,2026-10-10T10:00:00Z,26,Havertz,ARS,FWD,76,0,1,8.5,6424,1498,609657,361970,a,,,,,,,,3.4,0,17,347,4,2,0,3,1,0,10,4,0,6,0.89,0.35,1.24,2.60,3.4,3.4
2026-09-19T00:30:59+00:00,2026-09-18,daily,6,2026-10-10T10:00:00Z,27,G.Jesus,ARS,FWD,59,0,-1,0.2,0,60,4164,28335,u,Has joined FC Barcelona permanently,2026-09-02T16:00:28.475184Z,0,0,,,,0.0,0,0,0,0,0,0,0,0,0,0,0,0,0,0.00,0.00,0.00,0.00,0.0,0.0
2026-09-19T00:30:59+00:00,2026-09-18,daily,6,2026-10-10T10:00:00Z,31,Konsa,ARS,DEF,46,1,1,19.4,24872,1218,1398179,592326,a,,,,,,,,2.2,0,11,191,2,0,0,1,1,0,19,14,5,6,0.00,0.01,0.01,2.19,2.2,2.2
2026-09-19T00:30:59+00:00,2026-09-18,daily,6,2026-10-10T10:00:00Z,452,Bruno G.,ARS,MID,67,0,-3,1.8,325,220,25271,237293,a,,2026-09-04T14:00:08.328779Z,100,100,4,,4,1.6,0,8,64,0,1,0,0,0,0,6,1,1,4,0.09,0.15,0.24,1.57,1.6,1.6
2026-09-19T00:30:59+00:00,2026-09-18,daily,6,2026-10-10T10:00:00Z,557,Tzolis,ARS,MID,64,0,-1,13.4,881,11685,451248,1474893,a,,,,,,,3,2.8,0,14,290,4,0,2,2,1,0,20,6,3,11,0.19,0.48,0.67,1.96,2.8,2.8
2026-09-19T00:30:59+00:00,2026-09-18,daily,6,2026-10-10T10:00:00Z,29,M.Bizot,AVL,GKP,45,0,0,0.1,3,62,4597,6438,i,Back injury - Expected back 10 Oct,2026-09-17T07:30:09.058151Z,0,0,,,,0.2,0,1,90,1,0,0,0,4,3,0,2,0,6,0.00,0.00,0.00,3.77,0.0,0.0
2026-09-19T00:30:59+00:00,2026-09-18,daily,6,2026-10-10T10:00:00Z,30,Digne,AVL,DEF,45,0,0,0.1,0,13,0,8424,u,Has joined Paris Saint-Germain permanently,2026-08-10T14:03:30.089007Z,0,0,,,,0.0,0,0,0,0,0,0,0,0,0,0,0,0,0,0.00,0.00,0.00,0.00,0.0,0.0
2026-09-19T00:30:59+00:00,2026-09-18,daily,6,2026-10-10T10:00:00Z,32,Cash,AVL,DEF,44,0,-1,5.1,241,821,92892,394810,a,,2026-09-09T14:30:08.192142Z,100,100,,,1,1.4,0,7,251,3,0,0,1,5,0,14,8,6,2,0.15,0.04,0.19,5.03,1.4,1.4
2026-09-19T00:30:59+00:00,2026-09-18,daily,6,2026-10-10T10:00:00Z,33,Mings,AVL,DEF,45,0,0,0.4,72,63,14792,16087,a,,,,,,,,1.4,0,7,171,1,0,0,1,2,0,11,8,3,4,0.20,0.02,0.22,2.87,1.4,1.4
2026-09-19T00:30:59+00:00,2026-09-18,daily,6,2026-10-10T10:00:00Z,34,Pau,AVL,DEF,45,0,0,0.3,1,277,11194,24635,i,Hamstring injury - Expected back 10 Oct,2026-09-12T18:00:08.712707Z,0,0,,,,0.6,0,3,187,3,0,0,0,5,0,9,8,1,9,0.00,0.01,0.01,4.79,0.0,0.0
2026-09-19T00:30:59+00:00,2026-09-18,daily,6,2026-10-10T10:00:00Z,35,Bogarde,AVL,MID,50,0,0,0.1,9,14,2750,4342,a,,,,,,,,0.2,0,1,16,0,0,0,0,0,0,1,1,0,0,0.00,0.00,0.00,0.22,0.2,0.2
2026-09-19T00:30:59+00:00,2026-09-18,daily,6,2026-10-10T10:00:00Z,36,Maatsen,AVL,DEF,45,0,0,0.6,1,512,31843,56250,i,Ankle injury - Unknown return date,2026-09-12T18:00:08.729468Z,0,0,,,,1.8,0,9,335,4,0,0,1,7,0,24,17,7,10,0.28,0.45,0.73,6.54,0.0,0.0
2026-09-19T00:30:59+00:00,2026-09-18,daily,6,2026-10-10T10:00:00Z,37,Lindelöf,AVL,DEF,45,0,0,0.3,44,64,13644,13087,a,,,,,,,,1.4,0,7,360,4,0,0,1,7,0,16,15,1,5,0.44,0.17,0.61,7.66,1.4,1.4
2026-09-19T00:30:59+00:00,2026-09-18,daily,6,2026-10-10T10:00:00Z,38,A.García,AVL,DEF,40,0,0,1.6,171,248,43617,62148,a,,,,,,,,0.0,0,0,0,0,0,0,0,0,0,0,0,0,0,0.00,0.00,0.00,0.00,0.0,0.0
2026-09-19T00:30:59+00:00,2026-09-18,daily,6,2026-10-10T10:00:00Z,39,Nedeljkovic,AVL,DEF,40,0,0,0.1,0,20,0,14705,u,Has joined Rangers on loan for the rest of the season,2026-08-19T13:56:46.385411Z,0,0,,,,0.0,0,0,0,0,0,0,0,0,0,0,0,0,0,0.00,0.00,0.00,0.00,0.0,0.0
2026-09-19T00:30:59+00:00,2026-09-18,daily,6,2026-10-10T10:00:00Z,41,Buendía,AVL,MID,59,0,-1,0.9,103,411,48087,91556,a,,,,,1,1,3,1.8,0,9,311,4,0,0,1,6,0,19,3,2,14,0.78,0.17,0.95,6.30,1.8,1.8
2026-09-19T00:30:59+00:00,2026-09-18,daily,6,2026-10-10T10:00:00Z,44,Bailey,AVL,MID,54,0,-1,0.1,0,31,2096,12762,u,Has joined Olympiakos permanently,2026-09-04T12:35:14.472260Z,0,0,,,,0.0,0,0,0,0,0,0,0,0,0,0,0,0,0,0.00,0.00,0.00,0.00,0.0,0.0
2026-09-19T00:30:59+00:00,2026-09-18,daily,6,2026-10-10T10:00:00Z,45,McGinn,AVL,MID,54,0,-1,2.2,265,441,64096,147403,a,,,,,,,2,2.2,0,11,351,4,0,1,1,7,0,24,6,5,13,0.77,0.20,0.97,7.51,2.2,2.2
2026-09-19T00:30:59+00:00,2026-09-18,daily,6,2026-10-10T10:00:00Z,46,Barkley,AVL,MID,50,0,0,0.3,52,76,15609,14553,a,,,,,,,4,1.8,0,9,302,4,0,0,1,6,0,24,4,7,13,0.38,0.14,0.52,6.58,1.8,1.8
2026-09-19T00:30:59+00:00,2026-09-18,daily,6,2026-10-10T10:00:00Z,47,Kamara,AVL,MID,50,0,0,0.3,40,97,13249,20045,a,,2026-07-23T12:01:23.337269Z,100,100,,,,1.8,0,9,360,4,0,0,1,7,0,30,10,7,13,0.00,0.15,0.15,7.66,1.8,1.8
2026-09-19T00:30:59+00:00,2026-09-18,daily,6,2026-10-10T10:00:00Z,48,Onana,AVL,MID,49,0,-1,0.0,3,4,474,1574,i,Knee injury - Unknown return date,2026-07-23T12:01:23.352497Z,0,0,,,,0.0,0,0,0,0,0,0,0,0,0,0,0,0,0,0.00,0.00,0.00,0.00,0.0,0.0
2026-09-19T00:30:59+00:00,2026-09-18,daily,6,2026-10-10T10:00:00Z,49,Iling Jr,AVL,MID,50,0,0,0.0,0,0,0,225,u,Has joined Bolton Wanderers on loan for the rest of the season,2026-08-17T13:52:28.532616Z,0,0,,,,0.0,0,0,0,0,0,0,0,0,0,0,0,0,0,0.00,0.00,0.00,0.00,0.0,0.0
2026-09-19T00:30:59+00:00,2026-09-18,daily,6,2026-10-10T10:00:00Z,50,Burrowes,AVL,MID,45,0,0,0.6,58,161,20883,31885,a,,,,,,,,0.0,0,0,0,0,0,0,0,0,0,0,0,0,0,0.00,0.00,0.00,0.00,0.0,0.0
2026-09-19T00:30:59+00:00,2026-09-18,daily,6,2026-10-10T10:00:00Z,51,George Hemmings,AVL,MID,45,0,0,1.2,229,604,112912,60537,a,,,,,,,,1.6,0,8,279,4,0,0,1,5,0,19,3,6,10,0.07,0.16,0.23,5.39,1.6,1.6
2026-09-19T00:30:59+00:00,2026-09-18,daily,6,2026-10-10T10:00:00Z,52,Alysson,AVL,MID,50,0,0,0.1,22,16,3308,2879,a,,,,,,,,1.6,0,8,87,0,1,0,0,2,0,8,2,2,4,0.06,0.00,0.06,2.40,1.6,1.6
2026-09-19T00:30:59+00:00,2026-09-18,daily,6,2026-10-10T10:00:00Z,53,Manzambi,AVL,MID,59,0,-1,0.1,62,26,3048,16645,a,,2026-08-15T15:30:06.388335Z,100,100,,,,0.2,0,1,27,0,0,0,0,1,0,2,0,1,1,0.00,0.08,0.08,0.86,0.2,0.2
2026-09-19T00:30:59+00:00,2026-09-18,daily,6,2026-10-10T10:00:00Z,54,Gomes,AVL,MID,55,0,0,0.0,22,4,861,3913,a,,2026-09-16T19:30:08.742410Z,100,100,,,,-0.4,0,-2,39,1,0,0,0,4,0,7,1,4,2,0.00,0.01,0.01,2.58,-0.4,-0.4
2026-09-19T00:30:59+00:00,2026-09-18,daily,6,2026-10-10T10:00:00Z,55,Watkins,AVL,FWD,78,0,-2,2.6,0,743,14882,748124,u,Has joined Al Hilal permanently,2026-09-01T13:15:16.698799Z,0,0,,,,0.0,0,0,0,0,0,0,0,0,0,0,0,0,0,0.00,0.00,0.00,0.00,0.0,0.0
2026-09-19T00:30:59+00:00,2026-09-18,daily,6,2026-10-10T10:00:00Z,56,Abraham,AVL,FWD,55,0,0,0.2,150,69,14198,11245,a,,2026-08-15T16:00:07.558543Z,100,100,,,,0.6,0,3,69,0,0,0,0,2,0,2,0,1,1,0.00,0.00,0.00,2.26,0.6,0.6
2026-09-19T00:30:59+00:00,2026-09-18,daily,6,2026-10-10T10:00:00Z,160,Garnacho,AVL,MID,58,0,-2,0.3,37,142,6985,38595,a,,,,,,,,0.6,0,3,31,0,0,0,0,0,0,2,0,0,2,0.00,0.00,0.00,0.49,0.6,0.6
2026-09-19T00:30:59+00:00,2026-09-18,daily,6,2026-10-10T10:00:00Z,166,N.Jackson,AVL,FWD,65,0,0,1.2,677,407,145939,77347,a,,,,,2,,,0.8,0,4,199,3,0,0,1,1,0,5,0,0,5,0.24,0.58,0.82,1.62,0.8,0.8
2026-09-19T00:30:59+00:00,2026-09-18,daily,6,2026-10-10T10:00:00Z,582,Madjo,AVL,FWD,54,0,-1,0.2,6,70,2691,28841,i,Unspecified injury - Unknown return date,2026-08-15T16:00:07.974271Z,0,0,,,,0.0,0,0,0,0,0,0,0,0,0,0,0,0,0,0.00,0.00,0.00,0.00,0.0,0.0
2026-09-19T00:30:59+00:00,2026-09-18,daily,6,2026-10-10T10:00:00Z,596,Ruggeri,AVL,DEF,45,0,0,0.1,19,21,2662,5285,a,,,,,,,,0.4,0,2,23,0,0,0,0,0,0,3,1,2,2,0.00,0.01,0.01,0.49,0.4,0.4
2026-09-19T00:30:59+00:00,2026-09-18,daily,6,2026-10-10T10:00:00Z,597,Suzuki,AVL,GKP,50,0,0,1.8,286,288,137850,56147,a,,,,,,,,2.8,0,14,270,3,0,0,1,3,10,0,5,0,31,0.00,0.01,0.01,3.89,2.8,2.8
2026-09-19T00:30:59+00:00,2026-09-18,daily,6,2026-10-10T10:00:00Z,606,Rowe,AVL,DEF,40,0,0,0.2,32,49,12728,5304,a,,,,,,,,0.0,0,0,0,0,0,0,0,0,0,0,0,0,0,0.00,0.00,0.00,0.00,0.0,0.0
2026-09-19T00:30:59+00:00,2026-09-18,daily,6,2026-10-10T10:00:00Z,607,Lynch,AVL,MID,45,0,0,0.1,0,15,7103,7459,u,Has joined Oxford United on loan until January,2026-09-04T12:35:39.820426Z,0,0,,,,0.0,0,0,0,0,0,0,0,0,0,0,0,0,0,0.00,0.00,0.00,0.00,0.0,0.0
2026-09-19T00:30:59+00:00,2026-09-18,daily,6,2026-10-10T10:00:00Z,611,Wan-Bissaka,AVL,DEF,45,0,0,0.2,82,58,16935,6391,a,,,,,,,,1.2,0,5,107,1,0,0,0,2,0,15,8,7,1,0.00,0.06,0.06,2.63,1.2,1.2
2026-09-19T00:30:59+00:00,2026-09-18,daily,6,2026-10-10T10:00:00Z,618,Goretzka,AVL,MID,59,0,-1,0.0,2,28,4611,4342,i,Knee injury - Expected back 10 Oct,2026-09-09T09:30:08.229436Z,0,0,,,,0.0,0,0,0,0,0,0,0,0,0,0,0,0,0,0.00,0.00,0.00,0.00,0.0,0.0
2026-09-19T00:30:59+00:00,2026-09-18,daily,6,2026-10-10T10:00:00Z,630,Harwood-Bellis,AVL,DEF,45,0,0,0.0,16,5,1993,811,a,,,,,,,,0.0,0,0,0,0,0,0,0,0,0,0,0,0,0,0.00,0.00,0.00,0.00,0.0,0.0
2026-09-19T00:30:59+00:00,2026-09-18,daily,6,2026-10-10T10:00:00Z,631,Mbaye,AVL,MID,60,0,0,0.1,93,31,9601,3712,a,,,,,,,,0.3,0,1,27,0,0,0,0,1,0,2,0,1,1,0.02,0.13,0.15,0.86,0.3,0.3
2026-09-19T00:30:59+00:00,2026-09-18,daily,6,2026-10-10T10:00:00Z,57,Petrović,BOU,GKP,45,0,0,3.0,408,793,106391,113464,a,,,,,,,,1.4,0,7,360,4,0,0,0,7,9,0,6,0,31,0.00,0.00,0.00,5.30,1.4,1.4
2026-09-19T00:30:59+00:00,2026-09-18,daily,6,2026-10-10T10:00:00Z,58,Forster,BOU,GKP,40,0,0,3.5,811,255,110005,72076,a,,,,,,,,0.0,0,0,0,0,0,0,0,0,0,0,0,0,0,0.00,0.00,0.00,0.00,0.0,0.0
2026-09-19T00:30:59+00:00,2026-09-18,daily,6,2026-10-10T10:00:00Z,59,Dennis,BOU,GKP,40,0,0,0.1,0,51,1133,7019,u,Has joined MK Dons permanently,2026-08-27T14:53:48.692835Z,0,0,,,,0.0,0,0,0,0,0,0,0,0,0,0,0,0,0,0.00,0.00,0.00,0.00,0.0,0.0
2026-09-19T00:30:59+00:00,2026-09-18,daily,6,2026-10-10T10:00:00Z,60,Hill,BOU,DEF,55,0,0,0.8,152,165,27893,40759,a,,,,,,,,1.6,0,8,360,4,0,0,0,7,0,35,30,5,8,0.00,0.77,0.77,5.30,1.6,1.6
2026-09-19T00:30:59+00:00,2026-09-18,daily,6,2026-10-10T10:00:00Z,61,Truffert,BOU,DEF,55,0,0,3.1,292,538,52161,148821,a,,,,,,,,1.6,0,8,360,4,0,0,0,7,0,38,23,15,21,0.09,0.23,0.32,5.30,1.6,1.6
2026-09-19T00:30:59+00:00,2026-09-18,daily,6,2026-10-10T10:00:00Z,62,Diakité,BOU,DEF,50,0,0,0.2,51,36,6709,11101,a,,,,,,,,0.0,0,0,0,0,0,0,0,0,0,0,0,0,0,0.00,0.00,0.00,0.00,0.0,0.0
2026-09-19T00:30:59+00:00,2026-09-18,daily,6,2026-10-10T10:00:00Z,63,Milosavljević,BOU,DEF,49,0,-1,0.0,4,2,310,799,i,Thigh injury - Unknown return date,2026-08-06T10:00:10.456051Z,0,0,,,,0.0,0,0,0,0,0,0,0,0,0,0,0,0,0,0.00,0.00,0.00,0.00,0.0,0.0
2026-09-19T00:30:59+00:00,2026-09-18,daily,6,2026-10-10T10:00:00Z,64,Smith,BOU,DEF,45,0,0,0.1,25,18,6823,6846,a,,,,,,,,0.4,0,2,360,4,0,0,0,7,0,21,16,5,13,0.01,0.07,0.08,5.30,0.4,0.4
2026-09-19T00:30:59+00:00,2026-09-18,daily,6,2026-10-10T10:00:00Z,65,J.Araujo,BOU,DEF,44,0,-1,0.0,3,2,387,1241,i,Thigh injury - Unknown return date,2026-08-09T08:00:05.645826Z,0,0,,,,0.0,0,0,0,0,0,0,0,0,0,0,0,0,0,0.00,0.00,0.00,0.00,0.0,0.0
2026-09-19T00:30:59+00:00,2026-09-18,daily,6,2026-10-10T10:00:00Z,66,Soler,BOU,DEF,40,0,0,0.3,55,38,13146,9923,a,,2026-08-15T16:30:07.021055Z,100,100,,,,0.0,0,0,0,0,0,0,0,0,0,0,0,0,0,0.00,0.00,0.00,0.00,0.0,0.0
2026-09-19T00:30:59+00:00,2026-09-18,daily,6,2026-10-10T10:00:00Z,67,Rayan,BOU,MID,63,-1,-2,1.6,245,482,48915,159978,a,,,,,,,,1.6,0,8,347,4,0,0,0,6,0,11,5,3,3,0.87,0.08,0.95,4.95,1.6,1.6
2026-09-19T00:30:59+00:00,2026-09-18,daily,6,2026-10-10T10:00:00Z,68,Tavernier,BOU,MID,61,0,1,6.5,9675,1227,620868,175951,a,,,,,3,1,1,5.8,0,29,350,4,3,0,0,7,0,36,5,8,23,1.70,0.81,2.51,5.14,5.8,5.8
2026-09-19T00:30:59+00:00,2026-09-18,daily,6,2026-10-10T10:00:00Z,69,Scott,BOU,MID,61,0,1,5.8,1877,1380,525780,171556,a,,,,,,4,2,5.6,0,28,356,4,1,2,1,6,0,52,15,9,28,0.52,0.35,0.87,5.17,5.6,5.6
2026-09-19T00:30:59+00:00,2026-09-18,daily,6,2026-10-10T10:00:00Z,70,Kluivert,BOU,MID,60,0,0,1.0,452,275,50809,65157,a,,,,,2,2,3,3.0,0,15,294,4,1,0,2,3,0,22,2,4,16,0.99,0.08,1.07,4.48,3.0,3.0
2026-09-19T00:30:59+00:00,2026-09-18,daily,6,2026-10-10T10:00:00Z,71,Cook,BOU,MID,50,0,0,0.2,23,51,12857,12832,a,,,,,,,,1.4,0,7,165,2,0,0,2,1,0,12,6,1,5,0.00,0.01,0.01,3.95,1.4,1.4
2026-09-19T00:30:59+00:00,2026-09-18,daily,6,2026-10-10T10:00:00Z,72,Gannon-Doak,BOU,MID,49,0,-1,0.1,5,20,1505,4280,a,,,,,,,,0.6,0,3,10,0,0,0,0,1,0,7,0,2,5,0.12,0.03,0.15,0.35,0.6,0.6
2026-09-19T00:30:59+00:00,2026-09-18,daily,6,2026-10-10T10:00:00Z,73,Adams,BOU,MID,50,0,0,0.3,70,92,17279,15083,a,,2026-08-15T16:30:07.029928Z,100,100,,,,1.6,0,8,192,2,0,0,0,6,0,28,7,5,16,0.03,0.03,0.06,1.34,1.6,1.6
2026-09-19T00:30:59+00:00,2026-09-18,daily,6,2026-10-10T10:00:00Z,74,Brooks,BOU,MID,50,0,0,0.1,10,15,3192,3473,a,,2026-08-15T16:30:07.037929Z,100,100,,3,4,0.4,0,2,30,0,0,0,0,2,0,3,2,0,1,0.00,0.01,0.01,0.50,0.4,0.4
2026-09-19T00:30:59+00:00,2026-09-18,daily,6,2026-10-10T10:00:00Z,75,Christie,BOU,MID,50,0,0,0.0,21,11,3276,1956,a,,2026-07-24T17:30:10.035483Z,100,100,,,,0.6,0,3,28,0,0,0,0,1,0,9,3,1,5,0.00,0.12,0.12,0.24,0.6,0.6
2026-09-19T00:30:59+00:00,2026-09-18,daily,6,2026-10-10T10:00:00Z,76,Tóth.A,BOU,MID,49,0,-1,0.0,2,2,359,731,a,,,,,,,,0.2,0,1,15,0,0,0,0,2,0,2,0,1,1,0.00,0.00,0.00,0.31,0.2,0.2
2026-09-19T00:30:59+00:00,2026-09-18,daily,6,2026-10-10T10:00:00Z,77,Adli,BOU,MID,49,0,-1,0.0,1,4,270,2145,i,Calf injury - Unknown return date,2026-08-15T16:00:07.590566Z,0,0,,,,0.0,0,0,0,0,0,0,0,0,0,0,0,0,0,0.00,0.00,0.00,0.00,0.0,0.0
2026-09-19T00:30:59+00:00,2026-09-18,daily,6,2026-10-10T10:00:00Z,78,Kroupi.Jr,BOU,MID,74,0,-1,0.2,4,50,1050,26568,i,Foot injury - Expected back 7 Nov,2026-07-29T17:30:09.796802Z,0,0,1,,,0.0,0,0,0,0,0,0,0,0,0,0,0,0,0,0.00,0.00,0.00,0.00,0.0,0.0
2026-09-19T00:30:59+00:00,2026-09-18,daily,6,2026-10-10T10:00:00Z,79,Evanilson,BOU,FWD,60,0,0,3.2,1382,872,236843,155699,a,,,,,,,,3.2,0,16,334,4,0,3,2,4,0,22,10,1,11,0.71,0.51,1.22,4.80,3.2,3.2
2026-09-19T00:30:59+00:00,2026-09-18,daily,6,2026-10-10T10:00:00Z,80,Enes Ünal,BOU,FWD,55,0,0,0.0,0,3,0,1935,u,Has joined Getafe permanently,2026-08-14T14:14:21.881112Z,0,0,,,,0.0,0,0,0,0,0,0,0,0,0,0,0,0,0,0.00,0.00,0.00,0.00,0.0,0.0
2026-09-19T00:30:59+00:00,2026-09-18,daily,6,2026-10-10T10:00:00Z,81,Rodríguez,BOU,FWD,60,0,0,0.1,54,30,4761,6161,a,,2026-08-15T16:30:07.054142Z,100,100,,,,0.4,0,2,10,0,0,0,0,1,0,1,0,0,1,0.00,0.00,0.00,0.18,0.4,0.4
2026-09-19T00:30:59+00:00,2026-09-18,daily,6,2026-10-10T10:00:00Z,566,Silva,BOU,DEF,50,0,0,0.4,423,159,25885,21600,a,,,,,,,,2.0,0,10,360,4,0,0,0,7,0,41,38,3,12,0.85,0.27,1.12,5.30,2.0,2.0
2026-09-19T00:30:59+00:00,2026-09-18,daily,6,2026-10-10T10:00:00Z,573,Sanchez,BOU,DEF,44,0,-1,0.2,12,15,1432,6672,a,,,,,,,,0.0,0,0,0,0,0,0,0,0,0,0,0,0,0,0.00,0.00,0.00,0.00,0.0,0.0
2026-09-19T00:30:59+00:00,2026-09-18,daily,6,2026-10-10T10:00:00Z,608,Jebbison,BOU,FWD,50,0,0,0.1,57,45,12420,6400,a,,,,,,,,0.4,0,2,16,0,0,0,0,2,0,1,0,0,1,0.10,0.00,0.10,0.36,0.4,0.4
2026-09-19T00:30:59+00:00,2026-09-18,daily,6,2026-10-10T10:00:00Z,615,Di Gregorio,BOU,GKP,45,0,0,0.0,12,9,2755,1558,a,,,,,,,,0.0,0,0,0,0,0,0,0,0,0,0,0,0,0,0.00,0.00,0.00,0.00,0.0,0.0
2026-09-19T00:30:59+00:00,2026-09-18,daily,6,2026-10-10T10:00:00Z,82,Kelleher,BRE,GKP,50,0,0,6.1,1208,641,232845,200907,a,,,,,,,,4.0,6,20,450,5,0,0,2,4,17,0,7,0,34,0.00,0.01,0.01,6.32,4.0,4.0
2026-09-19T00:30:59+00:00,2026-09-18,daily,6,2026-10-10T10:00:00Z,83,Valdimarsson,BRE,GKP,45,0,0,0.1,26,26,2591,4276,a,,,,,,,,0.0,0,0,0,0,0,0,0,0,0,0,0,0,0,0.00,0.00,0.00,0.00,0.0,0.0
2026-09-19T00:30:59+00:00,2026-09-18,daily,6,2026-10-10T10:00:00Z,84,Collins,BRE,DEF,54,0,-1,1.0,8,709,58627,148065,i,Calf injury - Unknown return date,2026-09-05T18:00:06.182495Z,0,0,,,,2.0,0,10,196,3,0,0,1,1,0,17,15,2,11,0.51,0.05,0.56,2.13,0.0,0.0
2026-09-19T00:30:59+00:00,2026-09-18,daily,6,2026-10-10T10:00:00Z,85,Van den Berg,BRE,DEF,49,0,-1,0.1,4,17,377,8623,i,Groin injury - Unknown return date,2026-08-15T15:30:06.416627Z,0,0,,,,0.0,0,0,0,0,0,0,0,0,0,0,0,0,0,0.00,0.00,0.00,0.00,0.0,0.0
2026-09-19T00:30:59+00:00,2026-09-18,daily,6,2026-10-10T10:00:00Z,86,Lewis-Potter,BRE,MID,55,0,0,1.8,305,747,186950,109128,a,,,,,,1,,4.4,3,22,406,5,1,1,2,4,0,38,17,6,15,1.21,0.79,2.00,5.69,4.4,4.4
2026-09-19T00:30:59+00:00,2026-09-18,daily,6,2026-10-10T10:00:00Z,87,Ajer,BRE,DEF,45,0,0,4.0,879,2822,306366,256514,a,,,,,,,,4.2,7,21,450,5,0,0,2,4,0,50,46,4,11,0.13,0.08,0.21,6.32,4.2,4.2
2026-09-19T00:30:59+00:00,2026-09-18,daily,6,2026-10-10T10:00:00Z,88,Kayode,BRE,DEF,46,0,1,7.7,1058,1484,583756,347718,a,,,,,,,,4.6,6,23,294,4,1,0,2,1,0,16,14,2,14,0.55,0.43,0.98,3.24,4.6,4.6
2026-09-19T00:30:59+00:00,2026-09-18,daily,6,2026-10-10T10:00:00Z,89,Henry,BRE,DEF,44,0,-1,0.2,19,45,1843,8043,a,,,,,,,,0.2,0,1,2,0,0,0,0,0,0,0,0,0,0,0.00,0.00,0.00,0.00,0.2,0.2
2026-09-19T00:30:59+00:00,2026-09-18,daily,6,2026-10-10T10:00:00Z,90,Hickey,BRE,DEF,45,0,0,0.1,17,14,1931,2747,a,,,,,,,,1.0,1,5,152,1,0,0,0,3,0,17,13,4,8,0.03,0.06,0.09,3.07,1.0,1.0
2026-09-19T00:30:59+00:00,2026-09-18,daily,6,2026-10-10T10:00:00Z,92,Ji-soo,BRE,DEF,45,0,0,0.0,9,9,443,881,a,,,,,,,,0.0,0,0,0,0,0,0,0,0,0,0,0,0,0,0.00,0.00,0.00,0.00,0.0,0.0
2026-09-19T00:30:59+00:00,2026-09-18,daily,6,2026-10-10T10:00:00Z,93,Schuster,BRE,DEF,45,0,0,0.2,1201,42,2763,4530,a,,,,,,,,4.2,14,21,253,2,0,1,1,3,0,38,35,3,6,0.10,0.54,0.64,4.19,4.2,4.2
2026-09-19T00:30:59+00:00,2026-09-18,daily,6,2026-10-10T10:00:00Z,94,Schade,BRE,MID,61,0,1,7.8,25676,1145,645531,221149,a,,,,,2,,,7.8,9,39,447,5,3,2,2,4,0,34,6,7,21,1.52,0.32,1.84,6.32,7.8,7.8
2026-09-19T00:30:59+00:00,2026-09-18,daily,6,2026-10-10T10:00:00Z,95,O.Dango,BRE,MID,63,0,-2,0.5,69,348,14430,78927,a,,,,,,,4,1.4,1,7,179,2,0,0,1,1,0,28,9,2,17,0.09,0.39,0.48,2.81,1.4,1.4
2026-09-19T00:30:59+00:00,2026-09-18,daily,6,2026-10-10T10:00:00Z,96,Damsgaard,BRE,MID,54,0,-1,0.4,140,118,13651,28234,a,,,,,,3,2,3.2,3,16,283,3,0,1,2,1,0,31,6,7,18,0.17,0.73,0.90,3.06,3.2,3.2
2026-09-19T00:30:59+00:00,2026-09-18,daily,6,2026-10-10T10:00:00Z,97,Jensen,BRE,MID,54,0,-1,0.1,3,30,4488,14464,i,Unspecified injury - Expected back 10 Oct,2026-08-30T12:30:08.176795Z,0,0,3,2,1,1.2,0,6,66,1,0,1,1,0,0,5,0,2,3,0.08,0.34,0.42,0.47,0.0,0.0
2026-09-19T00:30:59+00:00,2026-09-18,daily,6,2026-10-10T10:00:00Z,98,Janelt,BRE,MID,50,0,0,2.5,2175,818,289235,89909,a,,,,,,,3,5.6,3,28,450,5,2,0,2,4,0,64,27,17,20,0.53,0.44,0.97,6.32,5.6,5.6
2026-09-19T00:30:59+00:00,2026-09-18,daily,6,2026-10-10T10:00:00Z,99,Milambo,BRE,MID,50,0,0,0.0,2,3,111,155,i,Knee injury - Unknown return date,2026-07-23T12:01:23.384798Z,0,0,,,,0.0,0,0,0,0,0,0,0,0,0,0,0,0,0,0.00,0.00,0.00,0.00,0.0,0.0
2026-09-19T00:30:59+00:00,2026-09-18,daily,6,2026-10-10T10:00:00Z,100,Carvalho,BRE,MID,50,0,0,0.0,75,10,1373,1288,a,,2026-08-18T13:58:17.442072Z,100,100,,,,1.2,6,6,3,0,1,0,0,0,0,0,0,0,0,0.43,0.00,0.43,0.13,1.2,1.2
2026-09-19T00:30:59+00:00,2026-09-18,daily,6,2026-10-10T10:00:00Z,102,Yarmoliuk,BRE,MID,48,0,-2,0.7,92,142,4545,58492,a,,,,,,,,1.8,3,9,216,2,0,1,1,4,0,26,7,5,14,0.10,0.30,0.40,4.58,1.8,1.8
2026-09-19T00:30:59+00:00,2026-09-18,daily,6,2026-10-10T10:00:00Z,103,Dasilva,BRE,MID,49,0,-1,0.0,1,4,392,1849,i,Hamstring injury - Expected back 10 Oct,2026-09-04T13:30:08.371955Z,0,0,,,,0.0,0,0,0,0,0,0,0,0,0,0,0,0,0,0.00,0.00,0.00,0.00,0.0,0.0
2026-09-19T00:30:59+00:00,2026-09-18,daily,6,2026-10-10T10:00:00Z,105,Anthony,BRE,MID,59,0,-1,0.1,242,42,5240,10443,a,,,,,,,,3.0,10,15,267,3,1,0,2,3,0,26,6,4,16,1.15,0.54,1.69,3.50,3.0,3.0
2026-09-19T00:30:59+00:00,2026-09-18,daily,6,2026-10-10T10:00:00Z,106,Thiago,BRE,FWD,78,0,-2,8.9,5013,3415,225436,1000323,a,,,,,1,,,2.0,5,10,442,5,1,0,2,4,0,19,4,3,12,3.13,0.16,3.29,6.25,2.0,2.0
2026-09-19T00:30:59+00:00,2026-09-18,daily,6,2026-10-10T10:00:00Z,107,Furo,BRE,FWD,45,0,0,1.0,70,680,61143,57842,i,Unspecified injury - Unknown return date,2026-09-14T14:00:09.985723Z,0,0,,,,0.0,0,0,0,0,0,0,0,0,0,0,0,0,0,0.00,0.00,0.00,0.00,0.0,0.0
2026-09-19T00:30:59+00:00,2026-09-18,daily,6,2026-10-10T10:00:00Z,108,Wilson,BRE,FWD,54,-1,-1,0.3,108,178,14457,24243,a,,,,,,,,0.6,0,3,13,0,0,0,0,0,0,2,1,0,1,0.07,0.04,0.11,0.15,0.6,0.6
2026-09-19T00:30:59+00:00,2026-09-18,daily,6,2026-10-10T10:00:00Z,565,M.Sangaré,BRE,MID,56,-1,1,11.0,486,21682,1219774,703571,a,,,,,,,,4.4,0,22,321,4,0,2,1,3,0,48,12,14,22,0.41,0.65,1.06,4.31,4.4,4.4
2026-09-19T00:30:59+00:00,2026-09-18,daily,6,2026-10-10T10:00:00Z,620,Diouf,BRE,DEF,45,0,0,0.1,40,65,13201,6727,a,,,,,,,,0.5,1,2,39,0,0,0,0,0,0,2,2,0,1,0.00,0.01,0.01,0.63,0.5,0.5
2026-09-19T00:30:59+00:00,2026-09-18,daily,6,2026-10-10T10:00:00Z,657,Nunes,BRE,MID,45,0,0,0.0,44,19,1786,412,a,,,,,,,,0.0,0,0,0,0,0,0,0,0,0,0,0,0,0,0.00,0.00,0.00,0.00,0.0,0.0
2026-09-19T00:30:59+00:00,2026-09-18,daily,6,2026-10-10T10:00:00Z,660,Fredrick,BRE,DEF,40,0,0,0.0,14,0,14,0,a,,,,,,,,0.0,0,0,0,0,0,0,0,0,0,0,0,0,0,0.00,0.00,0.00,0.00,1.1,1.1
2026-09-19T00:30:59+00:00,2026-09-18,daily,6,2026-10-10T10:00:00Z,661,Balcombe,BRE,GKP,40,0,0,0.0,112,6,112,6,a,,,,,,,,0.0,0,0,0,0,0,0,0,0,0,0,0,0,0,0.00,0.00,0.00,0.00,1.0,1.0
2026-09-19T00:30:59+00:00,2026-09-18,daily,6,2026-10-10T10:00:00Z,109,Verbruggen,BHA,GKP,45,0,0,21.7,2621,6228,696096,542082,a,,,,,,,,3.4,0,17,360,4,0,0,2,5,10,0,3,0,30,0.00,0.20,0.20,7.04,3.4,3.4
2026-09-19T00:30:59+00:00,2026-09-18,daily,6,2026-10-10T10:00:00Z,111,Steele,BHA,GKP,40,0,0,4.2,870,590,141057,106345,a,,,,,,,,0.0,0,0,0,0,0,0,0,0,0,0,0,0,0,0.00,0.00,0.00,0.00,0.0,0.0
2026-09-19T00:30:59+00:00,2026-09-18,daily,6,2026-10-10T10:00:00Z,113,F.Kadıoğlu,BHA,DEF,44,0,-1,1.6,148,622,26561,128165,a,,2026-08-23T13:00:07.595211Z,100,100,,,3,1.6,0,8,257,3,0,0,1,5,0,7,6,1,5,0.08,0.11,0.19,6.66,1.6,1.6
2026-09-19T00:30:59+00:00,2026-09-18,daily,6,2026-10-10T10:00:00Z,114,Boscagli,BHA,DEF,45,0,0,0.3,49,37,14266,11114,a,,,,,,,,2.6,0,13,347,4,0,0,2,5,0,22,20,2,15,0.06,0.51,0.57,6.82,2.6,2.6
2026-09-19T00:30:59+00:00,2026-09-18,daily,6,2026-10-10T10:00:00Z,115,De Cuyper,BHA,DEF,49,0,4,25.1,13248,1114,2431587,386145,a,,,,,,4,2,6.4,0,32,333,4,1,3,2,5,0,9,5,4,14,1.53,0.44,1.97,6.95,6.4,6.4
2026-09-19T00:30:59+00:00,2026-09-18,daily,6,2026-10-10T10:00:00Z,116,Dunk,BHA,DEF,45,0,0,1.5,733,177,82294,41241,a,,,,,,3,,4.4,0,22,360,4,1,0,2,5,0,23,20,3,13,0.03,0.09,0.12,7.04,4.4,4.4
2026-09-19T00:30:59+00:00,2026-09-18,daily,6,2026-10-10T10:00:00Z,117,Coppola,BHA,DEF,45,0,0,0.0,6,3,818,966,a,,,,,,,,0.0,0,0,0,0,0,0,0,0,0,0,0,0,0,0.00,0.00,0.00,0.00,0.0,0.0
2026-09-19T00:30:59+00:00,2026-09-18,daily,6,2026-10-10T10:00:00Z,118,Igor,BHA,DEF,45,0,0,0.0,0,19,915,5662,u,Has joined Burnley permanently,2026-09-02T15:38:15.529699Z,0,0,,,,0.0,0,0,0,0,0,0,0,0,0,0,0,0,0,0.00,0.00,0.00,0.00,0.0,0.0
2026-09-19T00:30:59+00:00,2026-09-18,daily,6,2026-10-10T10:00:00Z,119,Costinha,BHA,DEF,45,0,0,0.0,4,6,1109,1331,a,,,,,,,,0.6,0,3,54,0,0,0,0,0,0,6,5,1,1,0.12,0.16,0.28,0.28,0.6,0.6
2026-09-19T00:30:59+00:00,2026-09-18,daily,6,2026-10-10T10:00:00Z,120,Svoboda,BHA,DEF,50,0,0,0.1,29,18,3205,3540,a,,,,,,,,0.0,0,0,0,0,0,0,0,0,0,0,0,0,0,0.00,0.00,0.00,0.00,0.0,0.0
2026-09-19T00:30:59+00:00,2026-09-18,daily,6,2026-10-10T10:00:00Z,121,Mitoma,BHA,MID,59,0,-1,0.0,8,9,434,2946,i,Hamstring injury - Expected back 10 Oct,2026-07-24T18:30:10.661894Z,0,0,,,,0.0,0,0,0,0,0,0,0,0,0,0,0,0,0,0.00,0.00,0.00,0.00,0.0,0.0
2026-09-19T00:30:59+00:00,2026-09-18,daily,6,2026-10-10T10:00:00Z,122,Minteh,BHA,MID,59,0,-1,0.0,1,8,291,6682,i,Leg injury - Expected back 28 Nov,2026-08-14T18:00:06.418033Z,0,0,,,5,0.0,0,0,0,0,0,0,0,0,0,0,0,0,0,0.00,0.00,0.00,0.00,0.0,0.0
2026-09-19T00:30:59+00:00,2026-09-18,daily,6,2026-10-10T10:00:00Z,123,Hinshelwood,BHA,MID,59,0,-1,0.6,18,468,147639,209694,i,Ankle injury - Expected back 10 Oct,2026-08-27T19:30:07.780933Z,0,0,,,,3.2,0,16,63,1,2,0,1,0,0,3,0,2,1,1.41,0.02,1.43,0.19,0.0,0.0
2026-09-19T00:30:59+00:00,2026-09-18,daily,6,2026-10-10T10:00:00Z,124,Groß,BHA,MID,57,0,2,21.4,24298,1340,1384791,531123,a,,,,,1,1,1,6.6,0,33,360,4,2,3,2,5,0,21,6,6,9,1.66,0.61,2.27,7.04,6.6,6.6
2026-09-19T00:30:59+00:00,2026-09-18,daily,6,2026-10-10T10:00:00Z,125,Georginio,BHA,FWD,54,0,-1,0.5,112,207,32109,72835,a,,2026-08-26T16:00:07.608056Z,100,100,,,,1.0,0,5,90,1,0,1,1,0,0,7,1,2,4,0.08,0.44,0.52,0.29,1.0,1.0
2026-09-19T00:30:59+00:00,2026-09-18,daily,6,2026-10-10T10:00:00Z,126,O'Riley,BHA,MID,54,0,-1,0.1,23,18,3197,5974,a,,,,,3,,,0.2,0,1,6,0,0,0,0,0,0,1,0,0,1,0.00,0.01,0.01,0.04,0.2,0.2
2026-09-19T00:30:59+00:00,2026-09-18,daily,6,2026-10-10T10:00:00Z,127,Gomez,BHA,MID,50,0,0,4.2,263,4248,322770,265879,a,,,,,,5,,3.2,0,16,348,4,0,2,2,5,0,23,6,8,9,0.79,0.76,1.55,7.01,3.2,3.2
2026-09-19T00:30:59+00:00,2026-09-18,daily,6,2026-10-10T10:00:00Z,128,Buonanotte,BHA,MID,50,0,0,0.0,0,1,0,324,u,Has joined Elche on loan for the rest of the season,2026-08-10T14:03:07.561436Z,0,0,,,,0.0,0,0,0,0,0,0,0,0,0,0,0,0,0,0.00,0.00,0.00,0.00,0.0,0.0
2026-09-19T00:30:59+00:00,2026-09-18,daily,6,2026-10-10T10:00:00Z,129,Ayari,BHA,MID,54,0,-1,0.4,65,81,10306,39636,a,,2026-08-30T18:00:07.935334Z,100,100,,2,4,2.4,0,12,243,3,1,0,2,1,0,14,2,1,11,0.59,0.10,0.69,4.01,2.4,2.4
2026-09-19T00:30:59+00:00,2026-09-18,daily,6,2026-10-10T10:00:00Z,130,Wieffer,BHA,DEF,49,0,-1,0.2,1,111,25916,41543,i,Knee injury - Unknown return date,2026-09-04T09:30:08.612904Z,0,0,,,,1.4,0,7,156,2,0,0,1,4,0,15,11,4,9,0.12,0.13,0.25,3.18,0.0,0.0
2026-09-19T00:30:59+00:00,2026-09-18,daily,6,2026-10-10T10:00:00Z,132,Howell,BHA,MID,45,0,0,0.0,0,11,0,3489,u,Has joined Leicester City on loan for the rest of the season,2026-08-17T13:53:19.019938Z,0,0,,,,0.0,0,0,0,0,0,0,0,0,0,0,0,0,0,0.00,0.00,0.00,0.00,0.0,0.0
2026-09-19T00:30:59+00:00,2026-09-18,daily,6,2026-10-10T10:00:00Z,133,Watson,BHA,MID,50,0,0,0.0,0,1,0,132,u,Has joined Leicester City on loan for the rest of the season,2026-08-03T14:05:44.459483Z,0,0,,,,0.0,0,0,0,0,0,0,0,0,0,0,0,0,0,0.00,0.00,0.00,0.00,0.0,0.0
2026-09-19T00:30:59+00:00,2026-09-18,daily,6,2026-10-10T10:00:00Z,134,Oriola,BHA,MID,45,0,0,0.2,26,44,8430,12912,a,,,,,,,,0.0,0,0,0,0,0,0,0,0,0,0,0,0,0,0.00,0.00,0.00,0.00,0.0,0.0
2026-09-19T00:30:59+00:00,2026-09-18,daily,6,2026-10-10T10:00:00Z,135,Yohanna,BHA,MID,49,0,-1,0.0,1,31,1244,5138,i,Unspecified injury - Expected back 10 Oct,2026-09-10T13:00:08.617941Z,0,0,,,,0.2,0,1,12,0,0,0,0,0,0,0,0,0,0,0.00,0.03,0.03,0.00,0.0,0.0
2026-09-19T00:30:59+00:00,2026-09-18,daily,6,2026-10-10T10:00:00Z,137,Tzimas,BHA,FWD,54,0,-1,0.0,2,5,299,703,i,Knee injury - Unknown return date,2026-07-23T12:01:23.432796Z,0,0,,,,0.0,0,0,0,0,0,0,0,0,0,0,0,0,0,0.00,0.00,0.00,0.00,0.0,0.0
2026-09-19T00:30:59+00:00,2026-09-18,daily,6,2026-10-10T10:00:00Z,138,Kostoulas,BHA,FWD,55,0,0,1.0,2559,197,107250,32707,a,,,,,,,,3.6,0,18,278,3,1,2,1,5,0,23,5,3,15,1.17,0.05,1.22,6.78,3.6,3.6
2026-09-19T00:30:59+00:00,2026-09-18,daily,6,2026-10-10T10:00:00Z,139,Ferguson,BHA,FWD,50,0,0,0.0,6,15,1457,2284,i,Ankle injury - Expected back 10 Oct,2026-07-23T12:01:23.448357Z,0,0,,,,0.0,0,0,0,0,0,0,0,0,0,0,0,0,0,0.00,0.00,0.00,0.00,0.0,0.0
2026-09-19T00:30:59+00:00,2026-09-18,daily,6,2026-10-10T10:00:00Z,328,Struijk,BHA,DEF,49,0,-1,0.2,10,37,5039,11288,a,,2026-08-15T20:30:07.523574Z,100,100,,,,0.4,0,2,13,0,0,0,0,0,0,4,4,0,0,0.00,0.01,0.01,0.22,0.4,0.4
2026-09-19T00:30:59+00:00,2026-09-18,daily,6,2026-10-10T10:00:00Z,504,Vuskovic,BHA,DEF,50,0,0,3.2,1187,723,204287,125535,a,,,,,,,,4.8,0,24,347,4,1,0,2,5,0,31,27,4,13,0.46,0.07,0.53,6.82,4.8,4.8
2026-09-19T00:30:59+00:00,2026-09-18,daily,6,2026-10-10T10:00:00Z,594,David,BHA,FWD,59,-1,-1,0.2,111,100,11973,20373,a,,,,,2,,,0.2,0,1,23,0,0,0,0,0,0,0,0,0,0,0.42,0.00,0.42,0.14,0.2,0.2
2026-09-19T00:30:59+00:00,2026-09-18,daily,6,2026-10-10T10:00:00Z,600,Osman,BHA,MID,50,0,0,0.0,0,4,831,971,a,,,,,,,,0.6,0,3,40,0,0,0,0,1,0,4,0,1,3,0.05,0.07,0.12,0.32,0.6,0.6
2026-09-19T00:30:59+00:00,2026-09-18,daily,6,2026-10-10T10:00:00Z,605,Yalcouyé,BHA,MID,45,0,0,4.1,2761,842,531650,138796,a,,,,,,,,3.8,0,19,231,3,2,0,1,4,0,18,6,5,7,1.42,0.27,1.69,6.43,3.8,3.8
2026-09-19T00:30:59+00:00,2026-09-18,daily,6,2026-10-10T10:00:00Z,614,Hadjam,BHA,DEF,45,0,0,0.0,31,9,3770,1714,a,,,,,,,,0.0,0,0,0,0,0,0,0,0,0,0,0,0,0,0.00,0.00,0.00,0.00,0.0,0.0
2026-09-19T00:30:59+00:00,2026-09-18,daily,6,2026-10-10T10:00:00Z,624,Cozier-Duberry,BHA,MID,50,0,0,0.0,0,0,117,108,u,Has joined Middlesbrough on loan for the rest of the season,2026-09-02T15:38:15.552951Z,0,0,,,,0.0,0,0,0,0,0,0,0,0,0,0,0,0,0,0.00,0.00,0.00,0.00,0.0,0.0
2026-09-19T00:30:59+00:00,2026-09-18,daily,6,2026-10-10T10:00:00Z,639,Andrés,BHA,MID,55,0,0,0.0,16,4,1260,472,a,,,,,,,,1.3,0,4,25,0,0,1,0,0,0,4,2,1,1,0.24,0.01,0.25,0.22,1.3,1.3
2026-09-19T00:30:59+00:00,2026-09-18,daily,6,2026-10-10T10:00:00Z,652,Azeez,BHA,MID,55,0,0,0.0,1,3,424,160,i,Hamstring injury - Expected back 10 Oct,2026-09-04T11:30:08.661589Z,0,0,,,,0.0,0,0,0,0,0,0,0,0,0,0,0,0,0,0.00,0.00,0.00,0.00,0.0,0.0
2026-09-19T00:30:59+00:00,2026-09-18,daily,6,2026-10-10T10:00:00Z,658,Ibrahim,BHA,MID,45,0,0,0.0,23,15,1186,283,a,,,,,,,,0.0,0,0,0,0,0,0,0,0,0,0,0,0,0,0.00,0.00,0.00,0.00,0.0,0.0
2026-09-19T00:30:59+00:00,2026-09-18,daily,6,2026-10-10T10:00:00Z,28,Martinez,CHE,GKP,50,0,0,4.9,582,1734,238349,226315,a,,,,,,,,1.8,2,9,360,4,0,0,0,10,18,0,1,0,37,0.00,0.01,0.01,7.49,1.8,1.8
2026-09-19T00:30:59+00:00,2026-09-18,daily,6,2026-10-10T10:00:00Z,40,Rogers,CHE,MID,77,0,2,40.0,12400,2897,2341823,594584,a,,,,,,,3,5.8,2,29,437,5,3,1,0,12,0,31,3,5,23,1.72,1.23,2.95,8.73,5.8,5.8
2026-09-19T00:30:59+00:00,2026-09-18,daily,6,2026-10-10T10:00:00Z,101,Henderson,CHE,MID,49,0,-1,0.0,45,7,658,2481,a,,2026-08-09T09:30:07.136250Z,50,100,,,,0.4,2,2,90,1,0,0,0,3,0,10,2,1,7,0.00,0.08,0.08,2.65,0.2,0.4
2026-09-19T00:30:59+00:00,2026-09-18,daily,6,2026-10-10T10:00:00Z,136,Welbeck,CHE,FWD,59,0,-1,1.0,2003,677,55939,74581,a,,2026-08-20T14:00:07.949090Z,100,100,,,,0.8,2,4,85,1,0,0,0,1,0,5,2,1,2,0.00,0.14,0.14,1.99,0.8,0.8
2026-09-19T00:30:59+00:00,2026-09-18,daily,6,2026-10-10T10:00:00Z,140,Sánchez,CHE,GKP,49,0,-1,0.7,0,327,10847,171935,u,Has joined Como on loan for the rest of the season,2026-09-02T16:20:41.841936Z,0,0,,,,0.4,0,2,90,1,0,0,0,2,4,0,1,0,5,0.00,0.01,0.01,1.33,0.0,0.0
2026-09-19T00:30:59+00:00,2026-09-18,daily,6,2026-10-10T10:00:00Z,141,Jörgensen,CHE,GKP,50,0,0,0.0,0,3,0,921,u,Has joined RC Strasbourg on loan for the rest of the season,2026-08-12T14:07:02.607115Z,0,0,,,,0.0,0,0,0,0,0,0,0,0,0,0,0,0,0,0.00,0.00,0.00,0.00,0.0,0.0
2026-09-19T00:30:59+00:00,2026-09-18,daily,6,2026-10-10T10:00:00Z,142,James,CHE,DEF,54,0,-1,6.5,51,6910,168256,529599,d,Hamstring injury - 75% chance of playing,2026-09-18T10:30:09.719371Z,75,75,,1,1,0.6,0,3,292,3,0,0,0,7,0,13,11,2,15,0.33,0.26,0.59,4.90,0.4,0.4
2026-09-19T00:30:59+00:00,2026-09-18,daily,6,2026-10-10T10:00:00Z,143,Chalobah,CHE,DEF,55,0,0,0.1,0,23,0,13653,u,Has joined Como permanently,2026-08-10T14:03:50.769483Z,0,0,,,,0.0,0,0,0,0,0,0,0,0,0,0,0,0,0,0.00,0.00,0.00,0.00,0.0,0.0
2026-09-19T00:30:59+00:00,2026-09-18,daily,6,2026-10-10T10:00:00Z,144,Gusto,CHE,DEF,50,0,0,1.0,148,547,35475,61027,a,,,,,,,,0.8,0,4,272,3,0,0,0,7,0,15,11,4,13,0.08,0.12,0.20,3.50,0.8,0.8
2026-09-19T00:30:59+00:00,2026-09-18,daily,6,2026-10-10T10:00:00Z,145,Fofana,CHE,DEF,50,0,0,0.2,232,105,16338,7046,a,,2026-07-23T12:01:23.464591Z,100,100,,,,1.6,4,8,312,4,0,0,0,7,0,47,40,7,11,0.00,0.08,0.08,5.65,1.6,1.6
2026-09-19T00:30:59+00:00,2026-09-18,daily,6,2026-10-10T10:00:00Z,146,B.Badiashile,CHE,DEF,45,0,0,0.0,0,5,232,1902,u,Has joined Napoli on loan for the rest of the season,2026-08-25T14:03:47.079414Z,0,0,,,,0.0,0,0,0,0,0,0,0,0,0,0,0,0,0,0.00,0.00,0.00,0.00,0.0,0.0
2026-09-19T00:30:59+00:00,2026-09-18,daily,6,2026-10-10T10:00:00Z,148,Hato,CHE,DEF,45,0,0,0.9,69,806,90464,53133,a,,,,,,,,1.6,0,8,258,4,0,2,0,9,0,18,11,7,9,0.01,0.21,0.22,4.81,1.6,1.6
2026-09-19T00:30:59+00:00,2026-09-18,daily,6,2026-10-10T10:00:00Z,149,Colwill,CHE,DEF,48,-1,-2,0.9,100,659,25756,93684,a,,,,,,,,0.6,1,3,341,4,0,0,0,9,0,26,23,3,15,0.01,0.05,0.06,6.67,0.6,0.6
2026-09-19T00:30:59+00:00,2026-09-18,daily,6,2026-10-10T10:00:00Z,150,M.Sarr,CHE,DEF,45,0,0,0.0,0,9,429,5825,u,Has joined Real Sociedad on loan for the rest of the season,2026-08-29T00:34:23.077418Z,0,0,,,,0.0,0,0,0,0,0,0,0,0,0,0,0,0,0,0.00,0.00,0.00,0.00,0.0,0.0
2026-09-19T00:30:59+00:00,2026-09-18,daily,6,2026-10-10T10:00:00Z,151,Acheampong,CHE,DEF,45,0,0,0.4,44,157,20756,20716,a,,,,,,,,1.0,0,5,221,2,0,0,0,7,0,20,13,7,7,0.00,0.03,0.03,4.72,1.0,1.0
2026-09-19T00:30:59+00:00,2026-09-18,daily,6,2026-10-10T10:00:00Z,152,Palestra,CHE,DEF,53,0,-2,0.6,11,306,6471,216847,d,Thigh injury - 50% chance of playing,2026-08-24T18:30:07.421239Z,50,50,,,,0.0,0,0,0,0,0,0,0,0,0,0,0,0,0,0.00,0.00,0.00,0.00,0.0,0.0
2026-09-19T00:30:59+00:00,2026-09-18,daily,6,2026-10-10T10:00:00Z,154,Palmer,CHE,MID,97,0,2,27.0,4804,6571,1908180,501877,a,,2026-08-24T22:00:07.971542Z,100,100,1,2,,5.6,2,28,442,5,2,2,0,12,0,29,3,7,19,1.31,0.79,2.10,8.73,5.6,5.6
2026-09-19T00:30:59+00:00,2026-09-18,daily,6,2026-10-10T10:00:00Z,156,Neto,CHE,MID,65,0,0,1.4,450,591,77575,82242,a,,,,,,3,2,2.8,2,14,332,4,1,0,0,8,0,28,8,6,14,0.68,0.58,1.26,6.64,2.8,2.8
2026-09-19T00:30:59+00:00,2026-09-18,daily,6,2026-10-10T10:00:00Z,157,Estêvão,CHE,MID,63,0,-2,0.7,134,289,16048,83024,a,,,,,2,,4,0.8,1,4,23,0,0,0,0,1,0,2,0,1,1,0.07,0.07,0.14,1.01,0.8,0.8
2026-09-19T00:30:59+00:00,2026-09-18,daily,6,2026-10-10T10:00:00Z,158,Gittens,CHE,MID,59,0,-1,0.0,14,7,993,2637,a,,,,,,,,0.0,0,0,0,0,0,0,0,0,0,0,0,0,0,0.00,0.00,0.00,0.00,0.0,0.0
2026-09-19T00:30:59+00:00,2026-09-18,daily,6,2026-10-10T10:00:00Z,159,Caicedo,CHE,MID,53,0,-2,1.1,23,627,14661,273019,d,Calf injury - 50% chance of playing,2026-08-30T16:00:08.393562Z,50,50,,,,0.2,0,1,13,0,0,0,0,0,0,0,0,0,0,0.00,0.00,0.00,0.07,0.1,0.1
2026-09-19T00:30:59+00:00,2026-09-18,daily,6,2026-10-10T10:00:00Z,161,Lavia,CHE,MID,50,0,0,0.2,47,168,25422,13278,a,,,,,,,,2.2,0,11,258,4,1,0,0,8,0,31,10,6,15,0.75,0.11,0.86,5.06,2.2,2.2
2026-09-19T00:30:59+00:00,2026-09-18,daily,6,2026-10-10T10:00:00Z,163,D.Essugo,CHE,MID,45,0,0,0.1,0,43,2698,13755,u,Has joined RC Strasbourg on loan for the rest of the season,2026-09-02T16:20:41.865225Z,0,0,,,,0.0,0,0,0,0,0,0,0,0,0,0,0,0,0,0.00,0.00,0.00,0.00,0.0,0.0
2026-09-19T00:30:59+00:00,2026-09-18,daily,6,2026-10-10T10:00:00Z,164,Quenda,CHE,MID,53,0,-2,0.0,9,13,841,3233,a,,2026-07-24T20:30:10.609931Z,100,100,,,,0.4,1,2,27,0,0,0,0,2,0,1,1,0,0,0.03,0.01,0.04,1.29,0.4,0.4
2026-09-19T00:30:59+00:00,2026-09-18,daily,6,2026-10-10T10:00:00Z,165,João Pedro,CHE,FWD,78,0,3,68.6,3014,32357,1517755,1104853,d,Unspecified injury - 75% chance of playing,2026-09-16T19:00:09.919929Z,75,75,,,,6.6,0,33,360,4,3,3,0,9,0,9,3,1,5,2.17,0.19,2.36,6.17,4.9,4.9
2026-09-19T00:30:59+00:00,2026-09-18,daily,6,2026-10-10T10:00:00Z,168,Marc Guiu,CHE,FWD,50,0,0,0.2,0,83,4102,31807,u,Has joined RB Leipzig permanently,2026-09-01T13:24:48.857362Z,0,0,,,,0.0,0,0,0,0,0,0,0,0,0,0,0,0,0,0.00,0.00,0.00,0.00,0.0,0.0
2026-09-19T00:30:59+00:00,2026-09-18,daily,6,2026-10-10T10:00:00Z,169,Mheuka,CHE,FWD,45,0,0,0.5,380,196,28101,21985,a,,,,,,,,0.0,0,0,0,0,0,0,0,0,0,0,0,0,0,0.00,0.00,0.00,0.00,0.0,0.0
2026-09-19T00:30:59+00:00,2026-09-18,daily,6,2026-10-10T10:00:00Z,170,Emegha,CHE,FWD,50,0,0,0.1,5,74,6005,11581,i,Hamstring injury - Expected back 10 Oct,2026-09-09T15:00:09.063849Z,0,0,,,,0.0,0,0,0,0,0,0,0,0,0,0,0,0,0,0.00,0.00,0.00,0.00,0.0,0.0
2026-09-19T00:30:59+00:00,2026-09-18,daily,6,2026-10-10T10:00:00Z,200,Lacroix,CHE,DEF,59,-1,-1,7.0,492,2389,167146,397965,a,,,,,,,,2.6,3,13,364,4,0,1,0,10,0,47,37,10,8,0.15,0.22,0.37,7.93,2.6,2.6
2026-09-19T00:30:59+00:00,2026-09-18,daily,6,2026-10-10T10:00:00Z,560,Penders,CHE,GKP,44,0,-1,0.1,16,17,1791,3337,a,,,,,,,,0.0,0,0,0,0,0,0,0,0,0,0,0,0,0,0.00,0.00,0.00,0.00,0.0,0.0
2026-09-19T00:30:59+00:00,2026-09-18,daily,6,2026-10-10T10:00:00Z,561,Anselmino,CHE,DEF,45,0,0,0.0,13,13,770,1161,a,,2026-08-23T19:00:08.536705Z,100,100,,,,0.0,0,0,0,0,0,0,0,0,0,0,0,0,0,0.00,0.00,0.00,0.00,0.0,0.0
2026-09-19T00:30:59+00:00,2026-09-18,daily,6,2026-10-10T10:00:00Z,568,Barco,CHE,MID,54,0,-1,0.1,47,30,2970,6597,a,,,,,,,,0.6,2,3,115,1,0,0,0,3,0,12,4,3,5,0.07,0.11,0.18,2.83,0.6,0.6
2026-09-19T00:30:59+00:00,2026-09-18,daily,6,2026-10-10T10:00:00Z,583,Chavarria,CHE,DEF,49,0,-1,0.1,62,40,3022,10646,a,,,,,,,,1.0,1,5,208,1,0,0,0,4,0,16,11,5,7,0.04,0.07,0.11,4.10,1.0,1.0
2026-09-19T00:30:59+00:00,2026-09-18,daily,6,2026-10-10T10:00:00Z,662,Nicoll-Jazuli,CHE,MID,45,0,0,0.0,6,1,6,1,a,,,,,,,,1.0,1,1,3,0,0,0,0,1,0,2,0,2,0,0.00,0.00,0.00,0.43,1.1,1.1
2026-09-19T00:30:59+00:00,2026-09-18,daily,6,2026-10-10T10:00:00Z,91,Pinnock,COV,DEF,45,0,0,0.1,7,16,2176,3787,a,,,,,,,,1.2,0,6,192,2,0,0,0,7,0,25,22,3,3,0.12,0.00,0.12,5.47,1.2,1.2
2026-09-19T00:30:59+00:00,2026-09-18,daily,6,2026-10-10T10:00:00Z,104,Onyeka,COV,MID,49,0,-1,0.1,6,27,3816,9154,a,,2026-09-15T09:00:07.851220Z,100,100,,,,1.2,0,6,224,3,0,0,0,7,0,19,5,3,11,0.03,0.02,0.05,5.21,1.2,1.2
2026-09-19T00:30:59+00:00,2026-09-18,daily,6,2026-10-10T10:00:00Z,110,Rushworth,COV,GKP,45,0,0,0.8,33,879,21180,54043,a,,,,,,,,1.0,0,5,360,4,0,0,0,10,7,0,4,0,40,0.00,0.02,0.02,7.53,1.0,1.0
2026-09-19T00:30:59+00:00,2026-09-18,daily,6,2026-10-10T10:00:00Z,171,Dovin,COV,GKP,40,0,0,1.0,0,273,8924,53441,u,Has joined Leyton Orient on loan for the rest of the season,2026-09-02T15:44:14.839336Z,0,0,,,,0.0,0,0,0,0,0,0,0,0,0,0,0,0,0,0.00,0.00,0.00,0.00,0.0,0.0
2026-09-19T00:30:59+00:00,2026-09-18,daily,6,2026-10-10T10:00:00Z,172,Wilson,COV,GKP,44,0,-1,0.4,14,31,1184,11728,a,,,,,,,,0.0,0,0,0,0,0,0,0,0,0,0,0,0,0,0.00,0.00,0.00,0.00,0.0,0.0
2026-09-19T00:30:59+00:00,2026-09-18,daily,6,2026-10-10T10:00:00Z,173,Thomas,COV,DEF,40,0,0,8.6,771,3609,338205,256633,a,,,,,,,,3.0,0,15,347,4,0,0,1,9,0,39,37,2,13,0.43,0.26,0.69,6.99,3.0,3.0
2026-09-19T00:30:59+00:00,2026-09-18,daily,6,2026-10-10T10:00:00Z,174,Kitching,COV,DEF,40,0,0,0.4,0,104,981,31197,u,Has joined Sheffield United on loan for the rest of the season,2026-09-02T16:21:03.612394Z,0,0,,,,0.0,0,0,0,0,0,0,0,0,0,0,0,0,0,0.00,0.00,0.00,0.00,0.0,0.0
2026-09-19T00:30:59+00:00,2026-09-18,daily,6,2026-10-10T10:00:00Z,175,van Ewijk,COV,DEF,40,0,0,9.5,233,5325,122138,429999,a,,,,,,,,1.2,0,6,360,4,0,0,0,10,0,27,21,6,13,0.00,0.30,0.30,7.53,1.2,1.2
2026-09-19T00:30:59+00:00,2026-09-18,daily,6,2026-10-10T10:00:00Z,176,Dasilva,COV,DEF,40,0,0,0.7,19,88,9302,21054,a,,,,,,,,1.0,0,5,354,4,0,0,0,10,0,19,15,4,10,0.18,0.48,0.66,7.53,1.0,1.0
2026-09-19T00:30:59+00:00,2026-09-18,daily,6,2026-10-10T10:00:00Z,177,Kesler-Hayden,COV,DEF,39,-1,-1,0.0,12,10,611,3235,i,Hamstring injury - Unknown return date,2026-08-27T14:56:28.704361Z,0,0,,,,0.0,0,0,0,0,0,0,0,0,0,0,0,0,0,0.00,0.00,0.00,0.00,0.0,0.0
2026-09-19T00:30:59+00:00,2026-09-18,daily,6,2026-10-10T10:00:00Z,178,Bidwell,COV,DEF,40,0,0,0.1,16,11,2323,3242,a,,,,,,,,0.0,0,0,0,0,0,0,0,0,0,0,0,0,0,0.00,0.00,0.00,0.00,0.0,0.0
2026-09-19T00:30:59+00:00,2026-09-18,daily,6,2026-10-10T10:00:00Z,179,Latibeaudiere,COV,DEF,40,0,0,0.0,5,2,916,1605,a,,,,,,,,0.0,0,0,0,0,0,0,0,0,0,0,0,0,0,0.00,0.00,0.00,0.00,0.0,0.0
2026-09-19T00:30:59+00:00,2026-09-18,daily,6,2026-10-10T10:00:00Z,180,Woolfenden,COV,DEF,40,0,0,0.1,3,27,2238,8536,i,Knee injury - Unknown return date,2026-08-27T14:56:28.718566Z,0,0,,,,0.0,0,0,0,0,0,0,0,0,0,0,0,0,0,0.00,0.00,0.00,0.00,0.0,0.0
2026-09-19T00:30:59+00:00,2026-09-18,daily,6,2026-10-10T10:00:00Z,181,Brau,COV,DEF,40,0,0,0.0,0,5,275,2075,u,Has joined Academico de Viseu on loan for the rest of the season,2026-08-29T00:35:59.980316Z,0,0,,,,0.0,0,0,0,0,0,0,0,0,0,0,0,0,0,0.00,0.00,0.00,0.00,0.0,0.0
2026-09-19T00:30:59+00:00,2026-09-18,daily,6,2026-10-10T10:00:00Z,182,Amenda,COV,DEF,40,0,0,0.7,4,716,11449,27618,d,Calf injury - 25% chance of playing,2026-09-17T07:30:09.329041Z,25,25,,,,0.8,0,4,360,4,0,0,0,10,0,24,23,1,11,0.02,0.39,0.41,7.53,0.2,0.2
2026-09-19T00:30:59+00:00,2026-09-18,daily,6,2026-10-10T10:00:00Z,183,Rudoni,COV,MID,49,0,-1,0.1,18,44,3488,7433,a,,2026-07-23T12:01:23.481435Z,100,100,,1,5,1.6,0,8,224,3,0,0,1,4,0,21,5,3,13,0.83,0.91,1.74,3.64,1.6,1.6
2026-09-19T00:30:59+00:00,2026-09-18,daily,6,2026-10-10T10:00:00Z,184,Grimes,COV,MID,49,0,-1,0.1,12,97,3909,10488,a,,,,,3,,1,1.6,0,8,353,4,0,0,0,9,0,28,9,6,13,0.10,0.07,0.17,7.32,1.6,1.6
2026-09-19T00:30:59+00:00,2026-09-18,daily,6,2026-10-10T10:00:00Z,185,Sakamoto,COV,MID,48,0,-2,0.1,7,19,897,5391,a,,,,,,,,0.2,0,1,31,0,0,0,0,1,0,4,0,2,2,0.02,0.02,0.04,0.69,0.2,0.2
2026-09-19T00:30:59+00:00,2026-09-18,daily,6,2026-10-10T10:00:00Z,186,Mason-Clark,COV,MID,54,0,-1,0.1,4,20,1043,5624,a,,2026-08-19T18:00:08.310507Z,100,100,,,,0.8,0,4,186,3,0,0,0,3,0,13,6,0,7,0.49,0.07,0.56,2.56,0.8,0.8
2026-09-19T00:30:59+00:00,2026-09-18,daily,6,2026-10-10T10:00:00Z,187,Eccles,COV,MID,49,0,-1,0.0,2,9,615,1385,i,Unspecified injury - Expected back 12 Oct,2026-09-10T18:30:08.877110Z,0,0,,,,0.0,0,0,0,0,0,0,0,0,0,0,0,0,0,0.00,0.00,0.00,0.00,0.0,0.0
2026-09-19T00:30:59+00:00,2026-09-18,daily,6,2026-10-10T10:00:00Z,188,Torp,COV,MID,53,-1,-2,0.1,3,22,756,7554,a,,,,,2,2,2,0.6,0,3,53,0,0,0,0,2,0,3,1,0,2,0.00,0.12,0.12,1.22,0.6,0.6
2026-09-19T00:30:59+00:00,2026-09-18,daily,6,2026-10-10T10:00:00Z,189,Shepherd,COV,MID,44,0,-1,0.2,960,92,7680,12963,a,,,,,,,,0.0,0,0,0,0,0,0,0,0,0,0,0,0,0,0.00,0.00,0.00,0.00,0.0,0.0
2026-09-19T00:30:59+00:00,2026-09-18,daily,6,2026-10-10T10:00:00Z,190,Tchaouna,COV,MID,54,0,-1,0.1,1,26,3117,7903,a,,,,,,,3,0.8,0,4,166,2,0,0,0,3,0,15,5,1,9,0.19,0.18,0.37,2.73,0.8,0.8
2026-09-19T00:30:59+00:00,2026-09-18,daily,6,2026-10-10T10:00:00Z,191,Borges Rodrigues,COV,MID,45,0,0,0.1,0,27,1943,10851,u,Has joined Burton Albion on loan for the rest of the season,2026-09-02T15:44:14.868001Z,0,0,,,,0.0,0,0,0,0,0,0,0,0,0,0,0,0,0,0.00,0.00,0.00,0.00,0.0,0.0
2026-09-19T00:30:59+00:00,2026-09-18,daily,6,2026-10-10T10:00:00Z,192,Andrews,COV,MID,45,0,0,0.3,0,124,2718,39229,u,Has joined Oxford United on loan for the rest of the season,2026-08-29T00:35:59.998520Z,0,0,,,,0.0,0,0,0,0,0,0,0,0,0,0,0,0,0,0.00,0.00,0.00,0.00,0.0,0.0
2026-09-19T00:30:59+00:00,2026-09-18,daily,6,2026-10-10T10:00:00Z,193,Wright,COV,FWD,54,0,-1,0.1,5,26,572,11952,i,Thigh injury - Unknown return date,2026-08-14T22:00:07.214508Z,0,0,1,,,0.0,0,0,0,0,0,0,0,0,0,0,0,0,0,0.00,0.00,0.00,0.00,0.0,0.0
2026-09-19T00:30:59+00:00,2026-09-18,daily,6,2026-10-10T10:00:00Z,194,Thomas-Asante,COV,FWD,50,0,0,0.7,169,251,50794,51276,a,,,,,4,,,1.0,0,5,137,1,0,0,0,6,0,11,6,0,5,0.21,0.05,0.26,3.88,1.0,1.0
2026-09-19T00:30:59+00:00,2026-09-18,daily,6,2026-10-10T10:00:00Z,195,Simms,COV,FWD,50,0,0,0.7,92,298,38596,59516,a,,,,,,,,0.6,0,3,88,1,0,0,0,3,0,3,1,0,2,0.30,0.01,0.31,2.55,0.6,0.6
2026-09-19T00:30:59+00:00,2026-09-18,daily,6,2026-10-10T10:00:00Z,196,Markelo,COV,FWD,50,0,0,0.0,0,5,0,1132,u,Has joined Shabab Al-Ahli Dubai permanently,2026-08-17T13:53:55.791223Z,0,0,,,,0.0,0,0,0,0,0,0,0,0,0,0,0,0,0,0.00,0.00,0.00,0.00,0.0,0.0
2026-09-19T00:30:59+00:00,2026-09-18,daily,6,2026-10-10T10:00:00Z,197,Bassette,COV,FWD,45,0,0,0.0,0,14,0,1973,u,Has joined KVC Westerlo on loan for the rest of the season,2026-07-28T12:58:50.001768Z,0,0,,,,0.0,0,0,0,0,0,0,0,0,0,0,0,0,0,0.00,0.00,0.00,0.00,0.0,0.0
2026-09-19T00:30:59+00:00,2026-09-18,daily,6,2026-10-10T10:00:00Z,492,Awoniyi,COV,FWD,54,-1,-1,0.4,6,471,21279,60266,s,Suspended until 19 Oct,2026-09-13T15:00:09.305127Z,0,0,5,,,0.6,0,3,232,3,0,0,0,7,0,11,3,1,7,1.30,0.04,1.34,3.55,0.0,0.0
2026-09-19T00:30:59+00:00,2026-09-18,daily,6,2026-10-10T10:00:00Z,575,Yirenkyi,COV,MID,49,0,-1,0.1,2,100,2654,12767,a,,,,,,,,1.2,0,6,175,2,0,0,1,5,0,16,5,0,11,0.03,0.14,0.17,3.17,1.2,1.2
2026-09-19T00:30:59+00:00,2026-09-18,daily,6,2026-10-10T10:00:00Z,584,Hamer,COV,MID,54,0,-1,0.1,2,16,752,6023,a,,,,,,,4,0.6,0,3,32,0,0,0,0,1,0,3,0,1,2,0.00,0.02,0.02,0.82,0.6,0.6
2026-09-19T00:30:59+00:00,2026-09-18,daily,6,2026-10-10T10:00:00Z,599,Cherif,COV,FWD,50,0,0,0.1,42,34,6969,6873,a,,,,,,,,0.2,0,1,30,0,0,0,0,3,0,1,1,0,0,0.00,0.00,0.00,1.43,0.2,0.2
2026-09-19T00:30:59+00:00,2026-09-18,daily,6,2026-10-10T10:00:00Z,623,Bentley,COV,GKP,40,0,0,0.6,635,69,71013,16961,a,,,,,,,,0.0,0,0,0,0,0,0,0,0,0,0,0,0,0,0.00,0.00,0.00,0.00,0.0,0.0
2026-09-19T00:30:59+00:00,2026-09-18,daily,6,2026-10-10T10:00:00Z,655,Gboho,COV,MID,55,0,0,0.0,6,3,204,52,a,,,,,,,,0.0,0,0,0,0,0,0,0,0,0,0,0,0,0,0.00,0.00,0.00,0.00,0.0,0.0
2026-09-19T00:30:59+00:00,2026-09-18,daily,6,2026-10-10T10:00:00Z,656,Mfuni,COV,DEF,40,0,0,0.1,38,27,8350,1828,a,,,,,,,,0.0,0,0,0,0,0,0,0,0,0,0,0,0,0,0.00,0.00,0.00,0.00,0.0,0.0
2026-09-19T00:30:59+00:00,2026-09-18,daily,6,2026-10-10T10:00:00Z,42,Guessand,CRY,MID,54,0,-1,0.0,3,12,2296,3383,a,,,,,,,,0.4,0,2,54,0,0,0,0,1,0,2,1,1,0,0.03,0.03,0.06,0.34,0.4,0.4
2026-09-19T00:30:59+00:00,2026-09-18,daily,6,2026-10-10T10:00:00Z,153,Disasi,CRY,DEF,45,0,0,0.1,1,59,9402,9640,s,Suspended until 25 Oct,2026-09-12T15:30:09.445078Z,0,0,,,,0.2,0,1,139,2,0,0,0,6,0,20,15,5,11,0.00,0.04,0.04,3.72,0.0,0.0
2026-09-19T00:30:59+00:00,2026-09-18,daily,6,2026-10-10T10:00:00Z,198,Henderson,CRY,GKP,50,0,0,1.4,7,762,55133,109670,i,Foot injury - Expected back 11 Oct,2026-09-12T14:00:09.378740Z,0,0,,,,1.0,0,5,270,3,0,0,0,8,12,0,6,0,31,0.00,0.00,0.00,6.47,0.0,0.0
2026-09-19T00:30:59+00:00,2026-09-18,daily,6,2026-10-10T10:00:00Z,199,Benitez,CRY,GKP,45,0,0,0.1,17,10,3109,4427,a,,,,,,,,0.4,0,2,90,1,0,0,0,3,3,0,1,0,7,0.00,0.00,0.00,1.68,0.4,0.4
2026-09-19T00:30:59+00:00,2026-09-18,daily,6,2026-10-10T10:00:00Z,202,Richards,CRY,DEF,50,0,0,0.6,60,386,20972,36117,a,,,,,,,,1.2,0,6,360,4,0,0,0,11,0,44,38,6,13,0.08,0.06,0.14,8.15,1.2,1.2
2026-09-19T00:30:59+00:00,2026-09-18,daily,6,2026-10-10T10:00:00Z,203,Canvot,CRY,DEF,48,-1,-2,0.2,13,190,5355,18840,a,,,,,,,,0.4,0,2,270,3,0,0,0,8,0,24,17,7,6,0.05,0.01,0.06,6.47,0.4,0.4
2026-09-19T00:30:59+00:00,2026-09-18,daily,6,2026-10-10T10:00:00Z,204,Mitchell,CRY,DEF,45,0,0,6.1,385,1172,296920,249574,a,,,,,,,,3.4,0,17,329,4,2,0,0,10,0,17,11,6,15,0.77,0.24,1.01,7.03,3.4,3.4
2026-09-19T00:30:59+00:00,2026-09-18,daily,6,2026-10-10T10:00:00Z,205,Sosa,CRY,DEF,45,0,0,0.0,0,5,236,1974,u,Has joined FC Cologne on loan for the rest of the season,2026-09-02T16:03:25.710518Z,0,0,,,,0.0,0,0,0,0,0,0,0,0,0,0,0,0,0,0.00,0.00,0.00,0.00,0.0,0.0
2026-09-19T00:30:59+00:00,2026-09-18,daily,6,2026-10-10T10:00:00Z,206,Chadi Riad,CRY,DEF,43,-1,-2,0.0,1,10,625,5561,i,Knee injury - Unknown return date,2026-08-22T18:00:07.352049Z,0,0,,,,0.2,0,1,72,1,0,0,0,2,0,7,6,1,3,0.00,0.01,0.01,0.98,0.0,0.0
2026-09-19T00:30:59+00:00,2026-09-18,daily,6,2026-10-10T10:00:00Z,207,Mingueza,CRY,DEF,44,0,-1,0.1,4,14,1914,4570,a,,,,,,,,0.4,0,2,16,0,0,0,0,1,0,2,0,2,1,0.00,0.00,0.00,0.33,0.4,0.4
2026-09-19T00:30:59+00:00,2026-09-18,daily,6,2026-10-10T10:00:00Z,208,Sarr,CRY,MID,62,0,-3,0.6,233,99,4287,374550,a,,2026-08-22T18:00:07.363165Z,100,100,2,,,0.0,0,0,0,0,0,0,0,0,0,0,0,0,0,0.00,0.00,0.00,0.00,0.0,0.0
2026-09-19T00:30:59+00:00,2026-09-18,daily,6,2026-10-10T10:00:00Z,210,Wharton,CRY,MID,55,0,0,0.8,82,219,28489,44209,a,,2026-07-23T12:01:23.498963Z,100,100,,,2,2.0,0,10,346,4,0,0,0,10,0,34,12,8,14,0.08,0.36,0.44,7.60,2.0,2.0
2026-09-19T00:30:59+00:00,2026-09-18,daily,6,2026-10-10T10:00:00Z,211,Yeremy,CRY,MID,55,0,0,0.4,61,174,44605,28571,a,,,,,,1,1,2.4,0,12,226,3,0,2,0,6,0,21,3,5,13,0.36,0.40,0.76,5.67,2.4,2.4
2026-09-19T00:30:59+00:00,2026-09-18,daily,6,2026-10-10T10:00:00Z,212,Hughes,CRY,MID,44,0,-1,7.7,1038,2015,114437,440630,a,,,,,,,4,0.4,0,2,29,0,0,0,0,1,0,7,3,1,3,0.00,0.04,0.04,1.12,0.4,0.4
2026-09-19T00:30:59+00:00,2026-09-18,daily,6,2026-10-10T10:00:00Z,213,Lerma,CRY,MID,49,0,-1,0.1,4,12,1210,5193,a,,,,,,,,0.2,0,1,6,0,0,0,0,1,0,1,1,0,0,0.00,0.00,0.00,0.48,0.2,0.2
2026-09-19T00:30:59+00:00,2026-09-18,daily,6,2026-10-10T10:00:00Z,214,Kamada,CRY,MID,50,0,0,0.5,258,112,47005,21729,a,,,,,,,3,3.6,0,18,351,4,0,3,0,10,0,28,4,10,14,0.05,0.35,0.40,7.54,3.6,3.6
2026-09-19T00:30:59+00:00,2026-09-18,daily,6,2026-10-10T10:00:00Z,215,Devenny,CRY,MID,50,0,0,0.0,0,2,132,916,u,Has joined Stoke City permanently,2026-09-02T15:41:07.346849Z,0,0,3,2,,0.0,0,0,0,0,0,0,0,0,0,0,0,0,0,0.00,0.00,0.00,0.00,0.0,0.0
2026-09-19T00:30:59+00:00,2026-09-18,daily,6,2026-10-10T10:00:00Z,216,Esse,CRY,MID,50,0,0,0.0,0,7,399,3118,u,Has joined Millwall on loan for the rest of the season,2026-09-02T15:41:07.376544Z,0,0,,,,0.0,0,0,0,0,0,0,0,0,0,0,0,0,0,0.00,0.00,0.00,0.00,0.0,0.0
2026-09-19T00:30:59+00:00,2026-09-18,daily,6,2026-10-10T10:00:00Z,217,M.França,CRY,MID,49,0,-1,0.0,0,11,1007,3293,u,Has joined Alverca on loan for the rest of the season,2026-09-11T14:42:19.322912Z,0,0,,,,0.0,0,0,0,0,0,0,0,0,0,0,0,0,0,0.00,0.00,0.00,0.00,0.0,0.0
2026-09-19T00:30:59+00:00,2026-09-18,daily,6,2026-10-10T10:00:00Z,218,Doucouré,CRY,MID,49,0,-1,0.0,3,9,1977,4174,a,,,,,,,,0.0,0,0,0,0,0,0,0,0,0,0,0,0,0,0.00,0.00,0.00,0.00,0.0,0.0
2026-09-19T00:30:59+00:00,2026-09-18,daily,6,2026-10-10T10:00:00Z,219,J.Rak-Sakyi,CRY,MID,49,0,-1,0.0,0,1,145,443,u,has joined  Kasimpasa on loan for the rest of the seaon.,2026-09-10T09:12:47.224598Z,0,0,,,,0.0,0,0,0,0,0,0,0,0,0,0,0,0,0,0.00,0.00,0.00,0.00,0.0,0.0
2026-09-19T00:30:59+00:00,2026-09-18,daily,6,2026-10-10T10:00:00Z,220,Cardines,CRY,DEF,45,0,0,0.0,0,2,0,127,u,Has joined Bristol City on loan for the rest of the season,2026-08-12T14:08:46.501813Z,0,0,,,,0.0,0,0,0,0,0,0,0,0,0,0,0,0,0,0.00,0.00,0.00,0.00,0.0,0.0
2026-09-19T00:30:59+00:00,2026-09-18,daily,6,2026-10-10T10:00:00Z,221,Drakes-Thomas,CRY,MID,45,0,0,0.1,5,17,2553,4262,a,,,,,,,,0.0,0,0,0,0,0,0,0,0,0,0,0,0,0,0.00,0.00,0.00,0.00,0.0,0.0
2026-09-19T00:30:59+00:00,2026-09-18,daily,6,2026-10-10T10:00:00Z,222,Strand Larsen,CRY,FWD,60,0,0,0.6,394,131,45619,37185,a,,,,,,,,2.4,0,12,217,2,1,0,0,5,0,10,3,2,5,0.39,0.03,0.42,4.89,2.4,2.4
2026-09-19T00:30:59+00:00,2026-09-18,daily,6,2026-10-10T10:00:00Z,223,Mateta,CRY,FWD,63,0,-2,1.4,9,568,25762,446055,i,Hamstring injury - Expected back 11 Oct,2026-08-28T21:00:08.020382Z,0,0,1,,,0.4,0,2,62,1,0,0,0,2,0,5,1,2,2,0.70,0.02,0.72,0.98,0.0,0.0
2026-09-19T00:30:59+00:00,2026-09-18,daily,6,2026-10-10T10:00:00Z,224,Nketiah,CRY,FWD,55,0,0,0.5,81,149,46062,46796,a,,2026-09-12T14:00:09.427136Z,100,100,,,,1.4,0,7,167,3,0,1,0,7,0,11,2,4,5,1.10,0.58,1.68,4.45,1.4,1.4
2026-09-19T00:30:59+00:00,2026-09-18,daily,6,2026-10-10T10:00:00Z,225,Uche,CRY,FWD,50,0,0,0.0,0,0,0,0,u,has returned to Getafe CF,2026-07-23T12:18:56.275922Z,0,0,,,,0.0,0,0,0,0,0,0,0,0,0,0,0,0,0,0.00,0.00,0.00,0.00,0.0,0.0
2026-09-19T00:30:59+00:00,2026-09-18,daily,6,2026-10-10T10:00:00Z,241,McNeil,CRY,MID,54,0,-1,0.1,2,20,1709,7749,a,,,,,,,,0.6,0,3,84,1,0,0,0,3,0,7,4,0,3,0.05,0.02,0.07,1.18,0.6,0.6
2026-09-19T00:30:59+00:00,2026-09-18,daily,6,2026-10-10T10:00:00Z,555,Matthews,CRY,GKP,40,0,0,1.7,106,123,22290,28563,a,,,,,,,,0.0,0,0,0,0,0,0,0,0,0,0,0,0,0,0.00,0.00,0.00,0.00,0.0,0.0
2026-09-19T00:30:59+00:00,2026-09-18,daily,6,2026-10-10T10:00:00Z,577,Tomiyasu,CRY,DEF,44,0,-1,0.3,14,30,3343,12150,a,,,,,,,,0.4,0,2,144,1,0,0,0,5,0,14,12,2,7,0.00,0.02,0.02,3.44,0.4,0.4
2026-09-19T00:30:59+00:00,2026-09-18,daily,6,2026-10-10T10:00:00Z,588,Khalaili,CRY,DEF,50,0,0,0.3,129,79,32822,14333,a,,,,,,,,2.6,0,13,289,3,1,0,0,8,0,38,19,19,15,0.96,0.31,1.27,7.10,2.6,2.6
2026-09-19T00:30:59+00:00,2026-09-18,daily,6,2026-10-10T10:00:00Z,595,Gozo,CRY,MID,50,0,0,0.0,0,4,450,797,a,,,,,,,,0.4,0,2,28,0,0,0,0,2,0,1,0,1,0,0.00,0.00,0.00,0.68,0.4,0.4
2026-09-19T00:30:59+00:00,2026-09-18,daily,6,2026-10-10T10:00:00Z,633,Ahanor,CRY,DEF,45,0,0,0.0,14,4,1789,456,a,,,,,,,,1.0,0,3,90,1,0,0,0,3,0,11,9,2,4,0.00,0.01,0.01,1.68,1.0,1.0
2026-09-19T00:30:59+00:00,2026-09-18,daily,6,2026-10-10T10:00:00Z,643,Chilwell,CRY,DEF,45,0,0,0.5,38,110,42592,15320,a,,,,,,,,2.7,0,8,29,0,1,0,0,1,0,1,1,0,0,0.27,0.01,0.28,1.12,2.7,2.7
2026-09-19T00:30:59+00:00,2026-09-18,daily,6,2026-10-10T10:00:00Z,644,Timber,CRY,MID,50,0,0,0.0,27,12,3850,1204,a,,,,,,,,2.0,0,6,163,2,0,0,0,5,0,22,4,9,9,0.12,0.03,0.15,4.25,2.0,2.0
2026-09-19T00:30:59+00:00,2026-09-18,daily,6,2026-10-10T10:00:00Z,647,Osorio,CRY,MID,55,0,0,0.0,0,4,919,340,a,,,,,,,,0.3,0,1,1,0,0,0,0,0,0,1,0,1,0,0.00,0.00,0.00,0.13,0.3,0.3
2026-09-19T00:30:59+00:00,2026-09-18,daily,6,2026-10-10T10:00:00Z,21,Nørgaard,EVE,MID,49,0,-1,0.0,6,21,446,7123,i,Groin injury - Unknown return date,2026-08-15T20:00:06.779594Z,0,0,,,,0.0,0,0,0,0,0,0,0,0,0,0,0,0,0,0.00,0.00,0.00,0.00,0.0,0.0
2026-09-19T00:30:59+00:00,2026-09-18,daily,6,2026-10-10T10:00:00Z,209,Johnson,EVE,MID,59,0,-1,0.1,17,41,4912,9756,a,,,,,,,,1.2,0,6,173,2,0,0,1,1,0,18,7,4,7,0.21,0.22,0.43,2.67,1.2,1.2
2026-09-19T00:30:59+00:00,2026-09-18,daily,6,2026-10-10T10:00:00Z,226,Pickford,EVE,GKP,55,0,0,9.0,757,911,268274,221030,a,,,,,,,,3.4,0,17,360,4,0,0,2,3,11,0,6,0,46,0.00,0.02,0.02,5.50,3.4,3.4
2026-09-19T00:30:59+00:00,2026-09-18,daily,6,2026-10-10T10:00:00Z,227,Travers,EVE,GKP,50,0,0,0.0,17,11,1575,1873,a,,,,,,,,0.0,0,0,0,0,0,0,0,0,0,0,0,0,0,0.00,0.00,0.00,0.00,0.0,0.0
2026-09-19T00:30:59+00:00,2026-09-18,daily,6,2026-10-10T10:00:00Z,228,King,EVE,GKP,45,0,0,0.0,8,10,1075,1577,a,,,,,,,,0.0,0,0,0,0,0,0,0,0,0,0,0,0,0,0.00,0.00,0.00,0.00,0.0,0.0
2026-09-19T00:30:59+00:00,2026-09-18,daily,6,2026-10-10T10:00:00Z,229,Tarkowski,EVE,DEF,61,0,1,14.1,3010,1178,713818,264764,a,,,,,,,,5.8,0,29,360,4,1,0,2,3,0,39,29,10,13,0.17,0.03,0.20,5.50,5.8,5.8
2026-09-19T00:30:59+00:00,2026-09-18,daily,6,2026-10-10T10:00:00Z,230,Branthwaite,EVE,DEF,55,0,0,2.3,649,451,120821,64916,a,,,,,,,,3.8,0,19,360,4,0,0,2,3,0,40,35,5,11,0.17,0.02,0.19,5.50,3.8,3.8
2026-09-19T00:30:59+00:00,2026-09-18,daily,6,2026-10-10T10:00:00Z,231,Keane,EVE,DEF,48,0,-2,0.8,52,168,8957,86967,a,,,,,,,,0.0,0,0,0,0,0,0,0,0,0,0,0,0,0,0.00,0.00,0.00,0.00,0.0,0.0
2026-09-19T00:30:59+00:00,2026-09-18,daily,6,2026-10-10T10:00:00Z,232,O'Brien,EVE,DEF,49,0,-1,0.3,16,36,4271,23507,a,,,,,,,,0.2,0,1,15,0,0,0,0,0,0,1,1,0,1,0.00,0.00,0.00,0.26,0.2,0.2
2026-09-19T00:30:59+00:00,2026-09-18,daily,6,2026-10-10T10:00:00Z,233,Mykolenko,EVE,DEF,46,1,1,4.2,19301,546,390493,96999,a,,,,,,,,4.4,0,22,360,4,0,0,2,3,0,33,22,11,19,0.00,0.14,0.14,5.50,4.4,4.4
2026-09-19T00:30:59+00:00,2026-09-18,daily,6,2026-10-10T10:00:00Z,234,Patterson,EVE,DEF,45,0,0,0.0,0,8,371,2321,u,Has joined Torino permanently,2026-09-02T16:05:23.326971Z,0,0,,,,0.0,0,0,0,0,0,0,0,0,0,0,0,0,0,0.00,0.00,0.00,0.00,0.0,0.0
2026-09-19T00:30:59+00:00,2026-09-18,daily,6,2026-10-10T10:00:00Z,235,Aznou,EVE,DEF,40,0,0,0.1,0,28,1728,10622,u,Has joined Malaga on loan for the rest of the season,2026-09-01T13:23:16.934847Z,0,0,,,,0.0,0,0,0,0,0,0,0,0,0,0,0,0,0,0.00,0.00,0.00,0.00,0.0,0.0
2026-09-19T00:30:59+00:00,2026-09-18,daily,6,2026-10-10T10:00:00Z,236,Dewsbury-Hall,EVE,MID,66,1,1,6.2,18286,1528,569050,280892,a,,,,,,,2,3.4,0,17,360,4,1,0,2,3,0,35,5,9,21,0.62,0.49,1.11,5.46,3.4,3.4
2026-09-19T00:30:59+00:00,2026-09-18,daily,6,2026-10-10T10:00:00Z,238,Grealish,EVE,MID,65,0,0,0.4,213,110,37257,20394,a,,2026-07-29T10:00:10.492904Z,100,100,,,,0.6,0,3,57,0,0,0,0,1,0,6,2,3,1,0.02,0.14,0.16,0.61,0.6,0.6
2026-09-19T00:30:59+00:00,2026-09-18,daily,6,2026-10-10T10:00:00Z,239,Garner,EVE,MID,60,0,0,0.2,207,142,19659,12042,a,,2026-09-06T18:00:08.301702Z,100,100,2,1,1,1.6,0,8,238,3,0,0,1,2,0,36,5,11,20,0.04,0.13,0.17,2.01,1.6,1.6
2026-09-19T00:30:59+00:00,2026-09-18,daily,6,2026-10-10T10:00:00Z,242,George,EVE,MID,55,0,0,1.0,289,270,104954,31934,a,,,,,,,,3.6,0,18,298,4,1,0,2,3,0,16,5,1,10,0.32,0.31,0.63,3.33,3.6,3.6
2026-09-19T00:30:59+00:00,2026-09-18,daily,6,2026-10-10T10:00:00Z,243,Alcaraz,EVE,MID,49,0,-1,0.1,14,20,2715,5453,a,,,,,,,,0.2,0,1,5,0,0,0,0,0,0,3,0,1,2,0.05,0.02,0.07,0.04,0.2,0.2
2026-09-19T00:30:59+00:00,2026-09-18,daily,6,2026-10-10T10:00:00Z,244,Armstrong,EVE,MID,50,0,0,0.4,8,393,53068,29747,d,Unspecified injury - 75% chance of playing,2026-09-17T08:30:08.942299Z,75,75,,,,2.8,0,14,356,4,0,1,2,3,0,35,12,6,17,0.09,0.12,0.21,5.50,2.1,2.1
2026-09-19T00:30:59+00:00,2026-09-18,daily,6,2026-10-10T10:00:00Z,245,Dibling,EVE,MID,54,0,-1,0.0,6,3,1061,2502,a,,,,,,,,0.0,0,0,0,0,0,0,0,0,0,0,0,0,0,0.00,0.00,0.00,0.00,0.0,0.0
2026-09-19T00:30:59+00:00,2026-09-18,daily,6,2026-10-10T10:00:00Z,246,Röhl,EVE,MID,49,0,-1,0.0,2,60,1957,4160,i,Unspecified injury - Expected back 11 Oct,2026-09-16T18:00:09.541933Z,0,0,,,,1.2,0,6,249,3,0,0,1,2,0,24,6,5,13,0.00,0.20,0.20,4.52,0.0,0.0
2026-09-19T00:30:59+00:00,2026-09-18,daily,6,2026-10-10T10:00:00Z,247,Hackney,EVE,MID,55,0,0,0.2,11,36,3562,10876,a,,2026-08-26T22:00:07.797766Z,100,100,,,3,1.8,0,9,136,1,0,1,1,1,0,12,4,3,5,0.05,0.13,0.18,3.75,1.8,1.8
2026-09-19T00:30:59+00:00,2026-09-18,daily,6,2026-10-10T10:00:00Z,248,Beto,EVE,FWD,54,0,-1,0.7,0,467,16222,212789,u,Has joined Fiorentina permanently,2026-09-02T16:05:23.357221Z,0,0,,,,0.4,0,2,31,0,0,0,0,0,0,1,1,0,0,0.09,0.00,0.09,1.92,0.0,0.0
2026-09-19T00:30:59+00:00,2026-09-18,daily,6,2026-10-10T10:00:00Z,249,Barry,EVE,FWD,56,0,1,7.9,3227,2692,885382,320868,a,,,,,1,,,2.8,0,14,327,4,1,0,2,3,0,12,3,1,8,2.98,0.14,3.12,3.58,2.8,2.8
2026-09-19T00:30:59+00:00,2026-09-18,daily,6,2026-10-10T10:00:00Z,649,Maitland-Niles,EVE,DEF,45,0,0,1.0,304,200,73336,10092,a,,,,,,,,4.3,0,13,87,1,1,0,1,1,0,5,3,2,4,0.06,0.14,0.20,0.72,4.3,4.3
2026-09-19T00:30:59+00:00,2026-09-18,daily,6,2026-10-10T10:00:00Z,654,Graham,EVE,MID,45,0,0,0.1,17,48,11063,4353,a,,,,,,,,0.0,0,0,0,0,0,0,0,0,0,0,0,0,0,0.00,0.00,0.00,0.00,0.0,0.0
2026-09-19T00:30:59+00:00,2026-09-18,daily,6,2026-10-10T10:00:00Z,250,Leno,FUL,GKP,45,0,0,3.1,2203,332,113100,91374,a,,,,,,,,3.0,0,15,360,4,0,0,1,7,11,0,4,0,33,0.00,0.00,0.00,7.51,3.0,3.0
2026-09-19T00:30:59+00:00,2026-09-18,daily,6,2026-10-10T10:00:00Z,251,Lecomte,FUL,GKP,40,0,0,1.1,324,139,23052,23574,a,,,,,,,,0.0,0,0,0,0,0,0,0,0,0,0,0,0,0,0.00,0.00,0.00,0.00,0.0,0.0
2026-09-19T00:30:59+00:00,2026-09-18,daily,6,2026-10-10T10:00:00Z,252,McNally,FUL,GKP,40,0,0,0.1,0,76,2589,6072,u,Has joined York City on loan for the rest of the season,2026-09-01T13:25:11.231240Z,0,0,,,,0.0,0,0,0,0,0,0,0,0,0,0,0,0,0,0.00,0.00,0.00,0.00,0.0,0.0
2026-09-19T00:30:59+00:00,2026-09-18,daily,6,2026-10-10T10:00:00Z,253,Andersen,FUL,DEF,50,0,0,0.1,186,53,12060,8163,a,,2026-07-23T12:01:23.516350Z,100,100,,,,0.4,0,2,180,2,0,0,0,4,0,15,13,2,9,0.00,0.10,0.10,3.99,0.4,0.4
2026-09-19T00:30:59+00:00,2026-09-18,daily,6,2026-10-10T10:00:00Z,254,Robinson,FUL,DEF,45,0,0,1.4,1526,231,44011,64206,a,,,,,2,,,2.0,0,10,339,4,0,0,1,7,0,24,14,10,16,0.26,0.21,0.47,7.48,2.0,2.0
2026-09-19T00:30:59+00:00,2026-09-18,daily,6,2026-10-10T10:00:00Z,255,J.Cuenca,FUL,DEF,45,0,0,0.0,4,7,1484,1900,a,,,,,,,,0.6,0,3,90,1,0,0,0,3,0,10,9,1,3,0.00,0.03,0.03,2.24,0.6,0.6
2026-09-19T00:30:59+00:00,2026-09-18,daily,6,2026-10-10T10:00:00Z,256,Tete,FUL,DEF,44,0,-1,0.2,1,128,1332,9573,i,Concussion - Expected back 10 Oct,2026-09-18T12:30:09.546158Z,0,0,,,,0.0,0,0,27,0,0,0,0,0,0,3,3,0,0,0.00,0.00,0.00,0.65,0.0,0.0
2026-09-19T00:30:59+00:00,2026-09-18,daily,6,2026-10-10T10:00:00Z,257,Bassey,FUL,DEF,45,0,0,0.7,160,72,21174,28218,a,,,,,,,,1.8,0,9,360,4,0,0,1,7,0,21,17,4,15,0.07,0.07,0.14,7.51,1.8,1.8
2026-09-19T00:30:59+00:00,2026-09-18,daily,6,2026-10-10T10:00:00Z,258,Castagne,FUL,DEF,45,0,0,0.9,1745,154,78387,38883,a,,,,,,,,3.8,0,19,318,4,0,2,2,6,0,20,14,6,14,0.67,0.38,1.05,5.21,3.8,3.8
2026-09-19T00:30:59+00:00,2026-09-18,daily,6,2026-10-10T10:00:00Z,261,Iwobi,FUL,MID,54,0,-1,0.7,115,187,19035,52548,a,,,,,3,1,1,1.8,0,9,338,4,0,0,1,7,0,22,4,4,14,0.20,0.81,1.01,7.04,1.8,1.8
2026-09-19T00:30:59+00:00,2026-09-18,daily,6,2026-10-10T10:00:00Z,262,Smith Rowe,FUL,MID,54,0,-1,0.2,19,38,4217,19697,a,,,,,,,,0.6,0,3,38,0,0,0,0,0,0,3,1,0,2,0.06,0.02,0.08,0.87,0.6,0.6
2026-09-19T00:30:59+00:00,2026-09-18,daily,6,2026-10-10T10:00:00Z,263,Kevin,FUL,MID,53,0,-2,0.0,11,17,1815,3954,a,,,,,,,4,0.6,0,3,42,0,0,0,0,0,0,6,0,3,3,0.03,0.12,0.15,0.74,0.6,0.6
2026-09-19T00:30:59+00:00,2026-09-18,daily,6,2026-10-10T10:00:00Z,264,Bobb,FUL,MID,55,0,0,0.3,129,77,14132,19183,a,,,,,,,2,2.0,0,10,273,4,0,0,2,6,0,22,4,6,12,0.32,1.05,1.37,5.07,2.0,2.0
2026-09-19T00:30:59+00:00,2026-09-18,daily,6,2026-10-10T10:00:00Z,265,Berge,FUL,MID,49,0,-1,0.3,29,56,5760,16812,a,,,,,,,,1.6,0,8,273,3,0,0,1,5,0,17,5,4,8,0.03,0.34,0.37,6.18,1.6,1.6
2026-09-19T00:30:59+00:00,2026-09-18,daily,6,2026-10-10T10:00:00Z,266,Cairney,FUL,MID,49,0,-1,0.0,1,2,102,313,i,Knee injury - Expected back 10 Oct,2026-08-14T18:00:06.460944Z,0,0,,,,0.0,0,0,0,0,0,0,0,0,0,0,0,0,0,0.00,0.00,0.00,0.00,0.0,0.0
2026-09-19T00:30:59+00:00,2026-09-18,daily,6,2026-10-10T10:00:00Z,268,King,FUL,MID,55,0,0,2.0,9298,657,253433,79225,a,,,,,,,,4.4,0,22,346,4,2,0,1,7,0,23,4,7,12,1.16,0.43,1.59,7.04,4.4,4.4
2026-09-19T00:30:59+00:00,2026-09-18,daily,6,2026-10-10T10:00:00Z,269,Sessegnon,FUL,DEF,44,0,-1,0.3,4,96,2447,17794,d,Groin injury - 75% chance of playing,2026-09-14T11:30:07.403957Z,75,75,,,3,0.6,0,3,50,0,0,0,0,1,0,3,2,1,3,0.13,0.44,0.57,1.80,0.4,0.4
2026-09-19T00:30:59+00:00,2026-09-18,daily,6,2026-10-10T10:00:00Z,270,Reed,FUL,MID,44,0,-1,1.2,225,280,33717,66505,a,,,,,,,,0.0,0,0,0,0,0,0,0,0,0,0,0,0,0,0.00,0.00,0.00,0.00,0.0,0.0
2026-09-19T00:30:59+00:00,2026-09-18,daily,6,2026-10-10T10:00:00Z,271,Muniz,FUL,FWD,54,0,-1,0.4,125,104,14454,32545,a,,,,,,,,0.6,0,3,28,0,0,0,0,0,0,2,2,0,0,0.40,0.00,0.40,0.49,0.6,0.6
2026-09-19T00:30:59+00:00,2026-09-18,daily,6,2026-10-10T10:00:00Z,272,Kusi-Asare,FUL,FWD,45,0,0,5.6,739,1424,150210,269229,a,,,,,,,,0.0,0,0,0,0,0,0,0,0,0,0,0,0,0,0.00,0.00,0.00,0.00,0.0,0.0
2026-09-19T00:30:59+00:00,2026-09-18,daily,6,2026-10-10T10:00:00Z,569,Gonzalo,FUL,FWD,60,0,0,3.7,4869,1698,367178,281083,a,,,,,1,,,2.4,0,12,346,4,1,0,1,7,0,16,6,2,8,1.64,0.25,1.89,7.04,2.4,2.4
2026-09-19T00:30:59+00:00,2026-09-18,daily,6,2026-10-10T10:00:00Z,570,Palacios,FUL,MID,54,0,-1,0.2,112,36,5401,9682,a,,,,,,,,2.2,0,11,207,3,1,0,0,6,0,13,3,2,8,0.98,0.03,1.01,4.97,2.2,2.2
2026-09-19T00:30:59+00:00,2026-09-18,daily,6,2026-10-10T10:00:00Z,580,Charles,FUL,MID,50,0,0,0.1,28,16,1758,3692,a,,,,,,,,1.8,0,9,213,2,0,0,1,4,0,33,12,2,19,0.09,0.14,0.23,5.05,1.8,1.8
2026-09-19T00:30:59+00:00,2026-09-18,daily,6,2026-10-10T10:00:00Z,610,De Fougerolles,FUL,DEF,40,0,0,0.1,0,37,5787,4783,u,has joined  Real Salt Lake on loan for the rest of the seaon.,2026-08-28T11:30:08.336405Z,0,0,,,,0.0,0,0,0,0,0,0,0,0,0,0,0,0,0,0.00,0.00,0.00,0.00,0.0,0.0
2026-09-19T00:30:59+00:00,2026-09-18,daily,6,2026-10-10T10:00:00Z,626,Zepa,FUL,MID,45,0,0,0.3,9,111,34176,16325,a,,,,,,,,0.0,0,0,0,0,0,0,0,0,0,0,0,0,0,0.00,0.00,0.00,0.00,0.0,0.0
2026-09-19T00:30:59+00:00,2026-09-18,daily,6,2026-10-10T10:00:00Z,635,Larsson,FUL,MID,50,0,0,0.0,5,3,750,236,a,,,,,,,,0.7,0,2,24,0,0,0,0,0,0,2,0,1,1,0.13,0.23,0.36,0.46,0.7,0.7
2026-09-19T00:30:59+00:00,2026-09-18,daily,6,2026-10-10T10:00:00Z,636,Ángel,FUL,MID,50,0,0,0.0,3,1,340,143,a,,,,,,,,0.0,0,0,0,0,0,0,0,0,0,0,0,0,0,0.00,0.00,0.00,0.00,0.0,0.0
2026-09-19T00:30:59+00:00,2026-09-18,daily,6,2026-10-10T10:00:00Z,650,Affengruber,FUL,DEF,45,0,0,0.0,124,18,3002,640,a,,,,,,,,2.7,0,8,90,1,0,0,1,0,0,12,11,1,3,0.00,0.00,0.00,1.28,2.7,2.7
2026-09-19T00:30:59+00:00,2026-09-18,daily,6,2026-10-10T10:00:00Z,240,Iroegbunam,HUL,MID,50,0,0,0.0,3,4,1041,1018,a,,2026-08-15T20:00:06.878792Z,100,100,,,,0.2,0,1,25,0,0,0,0,0,0,2,1,1,0,0.00,0.00,0.00,0.35,0.2,0.2
2026-09-19T00:30:59+00:00,2026-09-18,daily,6,2026-10-10T10:00:00Z,273,Phillips,HUL,GKP,40,0,0,1.4,204,141,26329,35024,a,,,,,,,,0.0,0,0,0,0,0,0,0,0,0,0,0,0,0,0.00,0.00,0.00,0.00,0.0,0.0
2026-09-19T00:30:59+00:00,2026-09-18,daily,6,2026-10-10T10:00:00Z,274,Butland,HUL,GKP,45,0,0,0.1,9,19,578,4632,i,Arm injury - Unknown return date,2026-08-08T19:00:05.601633Z,0,0,,,,0.0,0,0,0,0,0,0,0,0,0,0,0,0,0,0.00,0.00,0.00,0.00,0.0,0.0
2026-09-19T00:30:59+00:00,2026-09-18,daily,6,2026-10-10T10:00:00Z,275,Cartwright,HUL,GKP,40,0,0,0.0,0,1,0,303,u,Has joined Grimsby Town on loan for the rest of the season,2026-07-29T13:00:27.959925Z,0,0,,,,0.0,0,0,0,0,0,0,0,0,0,0,0,0,0,0.00,0.00,0.00,0.00,0.0,0.0
2026-09-19T00:30:59+00:00,2026-09-18,daily,6,2026-10-10T10:00:00Z,276,Lo-Tutala,HUL,GKP,40,0,0,0.0,0,9,0,1003,u,Has joined Colchester United on loan for the rest of the season,2026-08-17T13:50:27.125537Z,0,0,,,,0.0,0,0,0,0,0,0,0,0,0,0,0,0,0,0.00,0.00,0.00,0.00,0.0,0.0
2026-09-19T00:30:59+00:00,2026-09-18,daily,6,2026-10-10T10:00:00Z,277,Egan,HUL,DEF,41,0,1,7.1,3662,849,726821,187770,a,,,,,,,,5.0,0,25,360,4,0,0,3,2,0,55,48,7,11,0.04,0.00,0.04,5.96,5.0,5.0
2026-09-19T00:30:59+00:00,2026-09-18,daily,6,2026-10-10T10:00:00Z,278,Hughes,HUL,DEF,39,0,-1,0.2,365,106,16154,11073,i,Groin injury - Unknown return date,2026-08-02T09:00:11.030017Z,0,0,,,,0.0,0,0,0,0,0,0,0,0,0,0,0,0,0,0.00,0.00,0.00,0.00,0.0,0.0
2026-09-19T00:30:59+00:00,2026-09-18,daily,6,2026-10-10T10:00:00Z,279,Ajayi,HUL,DEF,42,0,2,14.2,5004,1489,1316389,251991,a,,2026-08-22T17:30:07.668197Z,100,100,,,,5.2,0,26,333,4,1,0,3,2,0,23,19,4,11,0.65,0.00,0.65,4.99,5.2,5.2
2026-09-19T00:30:59+00:00,2026-09-18,daily,6,2026-10-10T10:00:00Z,280,Coyle,HUL,DEF,40,0,0,0.7,208,77,25780,23885,a,,2026-08-29T16:30:08.151841Z,100,100,,,,2.6,0,13,258,4,0,0,2,2,0,9,7,2,8,0.13,0.03,0.16,4.78,2.6,2.6
2026-09-19T00:30:59+00:00,2026-09-18,daily,6,2026-10-10T10:00:00Z,281,Drameh,HUL,DEF,40,0,0,0.0,0,14,2118,4267,u,Has joined Genoa permanently,2026-09-02T16:09:06.479140Z,0,0,,,,0.4,0,2,65,0,0,0,0,0,0,6,5,1,4,0.05,0.00,0.05,0.87,0.0,0.0
2026-09-19T00:30:59+00:00,2026-09-18,daily,6,2026-10-10T10:00:00Z,282,Giles,HUL,DEF,40,0,0,2.8,3464,370,260281,52661,a,,,,,,1,3,4.8,0,24,354,4,0,1,3,2,0,19,15,4,12,0.02,0.35,0.37,5.89,4.8,4.8
2026-09-19T00:30:59+00:00,2026-09-18,daily,6,2026-10-10T10:00:00Z,283,Jacob,HUL,DEF,40,0,0,0.0,0,2,114,659,u,Has joined Newport County on loan until January,2026-08-02T09:00:11.038361Z,0,0,,,,0.0,0,0,0,0,0,0,0,0,0,0,0,0,0,0.00,0.00,0.00,0.00,0.0,0.0
2026-09-19T00:30:59+00:00,2026-09-18,daily,6,2026-10-10T10:00:00Z,284,McCarthy,HUL,DEF,40,0,0,0.1,46,16,4580,4168,a,,,,,,,,0.0,0,0,0,0,0,0,0,0,0,0,0,0,0,0.00,0.00,0.00,0.00,0.0,0.0
2026-09-19T00:30:59+00:00,2026-09-18,daily,6,2026-10-10T10:00:00Z,285,McNair,HUL,DEF,40,0,0,0.1,19,9,2972,4318,a,,2026-09-09T13:30:08.327907Z,100,100,,,,0.2,0,1,26,0,0,0,0,0,0,2,2,0,1,0.00,0.00,0.00,0.96,0.2,0.2
2026-09-19T00:30:59+00:00,2026-09-18,daily,6,2026-10-10T10:00:00Z,286,Belloumi,HUL,MID,51,0,1,4.4,3849,612,433785,60650,a,,,,,,2,2,5.4,0,27,312,4,2,1,3,1,0,33,14,10,9,0.37,0.12,0.49,5.13,5.4,5.4
2026-09-19T00:30:59+00:00,2026-09-18,daily,6,2026-10-10T10:00:00Z,287,Millar,HUL,MID,50,0,0,0.0,0,8,3178,7228,u,Has joined Birmingham on loan for the rest of the season,2026-09-02T15:36:41.038103Z,0,0,,,,1.2,0,6,50,0,1,0,0,0,0,4,2,1,1,0.58,0.00,0.58,0.87,0.0,0.0
2026-09-19T00:30:59+00:00,2026-09-18,daily,6,2026-10-10T10:00:00Z,288,Dowell,HUL,MID,45,0,0,0.3,42,86,11799,19669,a,,,,,,,,0.0,0,0,0,0,0,0,0,0,0,0,0,0,0,0.00,0.00,0.00,0.00,0.0,0.0
2026-09-19T00:30:59+00:00,2026-09-18,daily,6,2026-10-10T10:00:00Z,289,Crooks,HUL,MID,44,-1,-1,0.5,86,376,19445,36605,a,,2026-08-29T15:00:08.569326Z,100,100,,,,0.6,0,3,158,2,0,0,1,2,0,19,9,6,4,0.00,0.00,0.00,2.38,0.6,0.6
2026-09-19T00:30:59+00:00,2026-09-18,daily,6,2026-10-10T10:00:00Z,290,Slater,HUL,MID,45,0,0,5.5,1370,2235,484303,243234,a,,,,,,,1,2.6,0,13,360,4,0,1,3,2,0,30,8,9,13,0.08,0.56,0.64,5.96,2.6,2.6
2026-09-19T00:30:59+00:00,2026-09-18,daily,6,2026-10-10T10:00:00Z,291,Matazo,HUL,MID,45,0,0,0.0,4,6,355,444,i,Knee injury - Unknown return date,2026-07-23T12:01:23.532635Z,0,0,,,,0.0,0,0,0,0,0,0,0,0,0,0,0,0,0,0.00,0.00,0.00,0.00,0.0,0.0
2026-09-19T00:30:59+00:00,2026-09-18,daily,6,2026-10-10T10:00:00Z,292,Ömür,HUL,MID,49,0,-1,0.0,5,6,1123,1487,a,,,,,,,,0.0,0,0,0,0,0,0,0,0,0,0,0,0,0,0.00,0.00,0.00,0.00,0.0,0.0
2026-09-19T00:30:59+00:00,2026-09-18,daily,6,2026-10-10T10:00:00Z,293,Kamara,HUL,MID,50,0,0,0.0,0,0,0,362,u,Has joined Portsmouth permanently,2026-08-12T14:08:23.542043Z,0,0,,,,0.0,0,0,0,0,0,0,0,0,0,0,0,0,0,0.00,0.00,0.00,0.00,0.0,0.0
2026-09-19T00:30:59+00:00,2026-09-18,daily,6,2026-10-10T10:00:00Z,294,Zambrano,HUL,MID,45,0,0,0.1,14,8,3743,6337,a,,2026-08-04T18:30:11.016909Z,100,100,,,,0.0,0,0,0,0,0,0,0,0,0,0,0,0,0,0.00,0.00,0.00,0.00,0.0,0.0
2026-09-19T00:30:59+00:00,2026-09-18,daily,6,2026-10-10T10:00:00Z,295,McBurnie,HUL,FWD,55,0,0,2.0,718,1828,181704,137175,a,,,,,1,,,2.4,0,12,351,4,0,2,3,2,0,15,6,3,6,0.87,0.11,0.98,5.77,2.4,2.4
2026-09-19T00:30:59+00:00,2026-09-18,daily,6,2026-10-10T10:00:00Z,296,Akintola,HUL,MID,50,0,0,0.0,0,23,2704,4636,u,Has joined Omonoia FC permanently,2026-09-11T14:42:38.120231Z,0,0,,,,0.0,0,0,0,0,0,0,0,0,0,0,0,0,0,0.00,0.00,0.00,0.00,0.0,0.0
2026-09-19T00:30:59+00:00,2026-09-18,daily,6,2026-10-10T10:00:00Z,297,Gyabi,HUL,MID,45,0,0,0.0,2,6,391,1474,i,Thigh injury - Unknown return date,2026-08-04T18:30:11.027155Z,0,0,,,,0.0,0,0,0,0,0,0,0,0,0,0,0,0,0,0.00,0.00,0.00,0.00,0.0,0.0
2026-09-19T00:30:59+00:00,2026-09-18,daily,6,2026-10-10T10:00:00Z,298,Destan,HUL,FWD,45,0,0,0.2,0,69,0,21022,u,Has joined Konyaspor permanently,2026-08-17T13:50:27.145733Z,0,0,,,,0.0,0,0,0,0,0,0,0,0,0,0,0,0,0,0.00,0.00,0.00,0.00,0.0,0.0
2026-09-19T00:30:59+00:00,2026-09-18,daily,6,2026-10-10T10:00:00Z,299,Burstow,HUL,FWD,45,0,0,0.0,0,26,0,2876,u,Has joined Sheffield Wednesday on loan for the rest of the season,2026-08-03T14:05:20.234842Z,0,0,,,,0.0,0,0,0,0,0,0,0,0,0,0,0,0,0,0.00,0.00,0.00,0.00,0.0,0.0
2026-09-19T00:30:59+00:00,2026-09-18,daily,6,2026-10-10T10:00:00Z,340,Gelhardt,HUL,MID,50,0,0,0.0,9,6,619,913,a,,2026-08-17T21:30:07.799839Z,100,100,,,,0.0,0,0,0,0,0,0,0,0,0,0,0,0,0,0.00,0.00,0.00,0.00,0.0,0.0
2026-09-19T00:30:59+00:00,2026-09-18,daily,6,2026-10-10T10:00:00Z,556,Targett,HUL,DEF,40,0,0,1.7,6,569,24730,77845,d,Ankle injury - 75% chance of playing,2026-09-17T14:00:26.419938Z,75,75,,,,0.2,0,1,5,0,0,0,0,0,0,0,0,0,1,0.00,0.00,0.00,0.07,0.2,0.2
2026-09-19T00:30:59+00:00,2026-09-18,daily,6,2026-10-10T10:00:00Z,563,Morita,HUL,MID,50,0,0,0.0,1,8,704,1604,i,Calf injury - Expected back 11 Oct,2026-09-09T14:00:08.474217Z,0,0,,,,0.2,0,1,45,1,0,0,0,0,0,3,2,0,1,0.00,0.00,0.00,1.09,0.0,0.0
2026-09-19T00:30:59+00:00,2026-09-18,daily,6,2026-10-10T10:00:00Z,572,Tzolakis,HUL,GKP,46,0,1,11.5,4402,945,875730,196595,a,,,,,,,,5.6,0,28,360,4,0,0,3,2,14,0,2,0,58,0.00,0.00,0.00,5.96,5.6,5.6
2026-09-19T00:30:59+00:00,2026-09-18,daily,6,2026-10-10T10:00:00Z,574,Hjertø-Dahl,HUL,MID,49,0,-1,0.1,6,17,1367,4137,a,,,,,,,,0.2,0,1,8,0,0,0,0,0,0,1,0,0,1,0.00,0.00,0.00,0.00,0.2,0.2
2026-09-19T00:30:59+00:00,2026-09-18,daily,6,2026-10-10T10:00:00Z,576,Stroud,HUL,MID,50,0,0,0.1,8,19,3530,4242,a,,,,,,,,1.4,0,7,249,4,0,0,2,1,0,20,3,5,12,0.06,0.05,0.11,4.32,1.4,1.4
2026-09-19T00:30:59+00:00,2026-09-18,daily,6,2026-10-10T10:00:00Z,585,Herrington,HUL,DEF,40,0,0,0.6,78,55,11877,16942,a,,,,,,,,0.8,0,4,107,0,0,0,0,1,0,8,7,1,1,0.00,0.01,0.01,1.92,0.8,0.8
2026-09-19T00:30:59+00:00,2026-09-18,daily,6,2026-10-10T10:00:00Z,586,Mendy,HUL,DEF,41,0,1,6.5,83,5442,676375,330425,i,Concussion - Expected back 11 Oct,2026-09-12T18:00:09.334142Z,0,0,,,,5.0,0,25,249,4,1,0,2,1,0,39,32,7,6,0.32,0.00,0.32,4.02,0.0,0.0
2026-09-19T00:30:59+00:00,2026-09-18,daily,6,2026-10-10T10:00:00Z,589,Gourna-Douath,HUL,MID,50,0,0,0.0,4,5,673,1240,a,,,,,,,,0.6,0,3,126,1,0,0,1,0,0,16,5,4,7,0.00,0.02,0.02,2.13,0.6,0.6
2026-09-19T00:30:59+00:00,2026-09-18,daily,6,2026-10-10T10:00:00Z,617,Cho,HUL,MID,50,0,0,0.0,11,4,1447,616,a,,,,,,,,0.8,0,3,45,0,0,0,0,1,0,2,1,0,1,0.52,0.16,0.68,0.82,0.8,0.8
2026-09-19T00:30:59+00:00,2026-09-18,daily,6,2026-10-10T10:00:00Z,632,Ansah,HUL,FWD,50,0,0,0.0,5,33,5052,3113,i,Back injury - Unknown return date,2026-09-09T10:00:08.919489Z,0,0,,,,0.0,0,0,0,0,0,0,0,0,0,0,0,0,0,0.00,0.00,0.00,0.00,0.0,0.0
2026-09-19T00:30:59+00:00,2026-09-18,daily,6,2026-10-10T10:00:00Z,637,Vaz,HUL,FWD,50,0,0,0.1,139,46,10644,2867,a,,,,,,,,0.3,0,1,8,0,0,0,0,0,0,1,0,0,1,0.00,0.00,0.00,0.18,0.3,0.3
2026-09-19T00:30:59+00:00,2026-09-18,daily,6,2026-10-10T10:00:00Z,638,Norton-Cuffy,HUL,DEF,40,0,0,0.3,96,78,25712,7904,a,,,,,,,,0.3,0,1,34,0,0,0,0,0,0,1,1,0,4,0.05,0.00,0.05,0.30,0.3,0.3
2026-09-19T00:30:59+00:00,2026-09-18,daily,6,2026-10-10T10:00:00Z,642,Thomas,HUL,MID,55,0,0,0.0,27,16,2631,865,a,,,,,,,,0.7,0,2,57,0,0,0,0,1,0,5,0,0,5,0.02,0.07,0.09,0.76,0.7,0.7
2026-09-19T00:30:59+00:00,2026-09-18,daily,6,2026-10-10T10:00:00Z,645,Mouzakitis,HUL,MID,50,0,0,0.0,5,1,697,227,a,,,,,,,,0.0,0,0,0,0,0,0,0,0,0,0,0,0,0,0.00,0.00,0.00,0.00,0.0,0.0
2026-09-19T00:30:59+00:00,2026-09-18,daily,6,2026-10-10T10:00:00Z,259,Diop,IPS,DEF,40,0,0,13.2,377,4636,129414,457258,a,,,,,,,,1.6,0,8,360,4,0,0,0,10,0,35,31,4,17,0.00,0.15,0.15,6.74,1.6,1.6
2026-09-19T00:30:59+00:00,2026-09-18,daily,6,2026-10-10T10:00:00Z,267,Lukić,IPS,MID,50,0,0,0.1,7,24,3235,5977,a,,,,,,,1,1.8,0,9,328,4,0,1,0,9,0,31,15,6,10,0.02,0.16,0.18,5.61,1.8,1.8
2026-09-19T00:30:59+00:00,2026-09-18,daily,6,2026-10-10T10:00:00Z,300,Walton,IPS,GKP,44,0,-1,0.4,11,32,1696,13945,a,,,,,,,,0.0,0,0,0,0,0,0,0,0,0,0,0,0,0,0.00,0.00,0.00,0.00,0.0,0.0
2026-09-19T00:30:59+00:00,2026-09-18,daily,6,2026-10-10T10:00:00Z,301,Palmer,IPS,GKP,40,0,0,4.0,391,667,70987,101906,a,,,,,,,,0.0,0,0,0,0,0,0,0,0,0,0,0,0,0,0.00,0.00,0.00,0.00,0.0,0.0
2026-09-19T00:30:59+00:00,2026-09-18,daily,6,2026-10-10T10:00:00Z,302,Button,IPS,GKP,40,0,0,0.6,277,67,30287,13919,a,,,,,,,,0.0,0,0,0,0,0,0,0,0,0,0,0,0,0,0.00,0.00,0.00,0.00,0.0,0.0
2026-09-19T00:30:59+00:00,2026-09-18,daily,6,2026-10-10T10:00:00Z,303,Kipré,IPS,DEF,39,0,-1,0.9,673,175,45294,24922,a,,,,,,,,0.0,0,0,0,0,0,0,0,0,0,0,0,0,0,0.00,0.00,0.00,0.00,0.0,0.0
2026-09-19T00:30:59+00:00,2026-09-18,daily,6,2026-10-10T10:00:00Z,304,O'Shea,IPS,DEF,40,0,0,2.8,128,1752,63547,115095,a,,,,,,,,1.6,0,8,360,4,0,0,0,10,0,39,32,7,13,0.07,0.26,0.33,6.74,1.6,1.6
2026-09-19T00:30:59+00:00,2026-09-18,daily,6,2026-10-10T10:00:00Z,305,Davis,IPS,DEF,40,0,0,6.8,5363,1162,325566,158778,a,,,,,,2,,4.6,0,23,360,4,2,2,0,10,0,19,17,2,8,1.17,0.44,1.61,6.74,4.6,4.6
2026-09-19T00:30:59+00:00,2026-09-18,daily,6,2026-10-10T10:00:00Z,306,Greaves,IPS,DEF,40,0,0,1.1,35,238,7771,34979,a,,,,,,,,0.6,0,3,357,4,0,0,0,10,0,30,25,5,12,0.00,0.06,0.06,6.74,0.6,0.6
2026-09-19T00:30:59+00:00,2026-09-18,daily,6,2026-10-10T10:00:00Z,307,Johnson,IPS,DEF,40,0,0,0.1,0,23,1137,5970,u,Has joined Stoke City on loan for the rest of the season,2026-09-04T12:36:56.236331Z,0,0,,,,0.0,0,0,0,0,0,0,0,0,0,0,0,0,0,0.00,0.00,0.00,0.00,0.0,0.0
2026-09-19T00:30:59+00:00,2026-09-18,daily,6,2026-10-10T10:00:00Z,308,Furlong,IPS,DEF,39,0,-1,0.6,1038,132,13675,16909,a,,,,,,,,0.2,0,1,17,0,0,0,0,1,0,3,2,1,0,0.00,0.00,0.00,0.86,0.2,0.2
2026-09-19T00:30:59+00:00,2026-09-18,daily,6,2026-10-10T10:00:00Z,309,Núñez,IPS,MID,49,0,-1,0.1,6,28,3023,7035,a,,,,,,1,3,1.2,0,6,140,2,0,0,0,4,0,21,8,3,10,0.03,0.05,0.08,3.48,1.2,1.2
2026-09-19T00:30:59+00:00,2026-09-18,daily,6,2026-10-10T10:00:00Z,310,Matusiwa,IPS,MID,49,0,-1,0.0,0,1,111,262,a,,2026-07-29T18:00:10.305484Z,100,100,,,,0.0,0,0,0,0,0,0,0,0,0,0,0,0,0,0.00,0.00,0.00,0.00,0.0,0.0
2026-09-19T00:30:59+00:00,2026-09-18,daily,6,2026-10-10T10:00:00Z,311,Burns,IPS,MID,50,0,0,0.0,0,0,0,339,u,Has joined Leicester City permanently,2026-08-10T14:02:47.597478Z,0,0,,,,0.0,0,0,0,0,0,0,0,0,0,0,0,0,0,0.00,0.00,0.00,0.00,0.0,0.0
2026-09-19T00:30:59+00:00,2026-09-18,daily,6,2026-10-10T10:00:00Z,312,Taylor,IPS,MID,45,0,0,0.0,6,8,582,2389,i,Knee injury - Unknown return date,2026-07-29T18:00:10.319370Z,0,0,,,,0.0,0,0,0,0,0,0,0,0,0,0,0,0,0,0.00,0.00,0.00,0.00,0.0,0.0
2026-09-19T00:30:59+00:00,2026-09-18,daily,6,2026-10-10T10:00:00Z,313,Clarke,IPS,MID,54,0,-1,0.2,7,52,5358,14846,a,,,,,1,3,4,1.8,0,9,105,1,1,0,0,1,0,6,1,2,3,0.30,0.04,0.34,0.29,1.8,1.8
2026-09-19T00:30:59+00:00,2026-09-18,daily,6,2026-10-10T10:00:00Z,314,Ogbene,IPS,MID,49,0,-1,0.0,0,5,104,1147,u,Has joined Lincoln City on loan until January,2026-09-02T16:04:17.497385Z,0,0,,,,0.0,0,0,0,0,0,0,0,0,0,0,0,0,0,0.00,0.00,0.00,0.00,0.0,0.0
2026-09-19T00:30:59+00:00,2026-09-18,daily,6,2026-10-10T10:00:00Z,315,Fatawu,IPS,MID,54,0,-1,0.2,14,28,5316,10872,a,,,,,,,2,1.8,0,9,286,4,0,1,0,9,0,24,6,9,9,0.03,0.83,0.86,6.11,1.8,1.8
2026-09-19T00:30:59+00:00,2026-09-18,daily,6,2026-10-10T10:00:00Z,316,Emersonn,IPS,FWD,55,0,0,3.3,3682,533,287380,119807,a,,2026-08-31T09:30:08.306145Z,100,100,2,,,4.8,0,24,237,4,2,1,0,5,0,9,3,2,4,1.48,0.11,1.59,2.22,4.8,4.8
2026-09-19T00:30:59+00:00,2026-09-18,daily,6,2026-10-10T10:00:00Z,317,Hirst,IPS,FWD,50,0,0,0.1,0,28,0,16658,u,Has joined Stoke City permanently,2026-08-21T13:06:08.606019Z,0,0,,,,0.0,0,0,0,0,0,0,0,0,0,0,0,0,0,0.00,0.00,0.00,0.00,0.0,0.0
2026-09-19T00:30:59+00:00,2026-09-18,daily,6,2026-10-10T10:00:00Z,318,Philogene,IPS,MID,54,0,-1,0.1,3,4,271,9128,a,,2026-08-25T11:30:07.532993Z,100,100,3,,5,0.2,0,1,28,0,0,0,0,1,0,3,0,0,3,0.02,0.00,0.01,0.41,0.2,0.2
2026-09-19T00:30:59+00:00,2026-09-18,daily,6,2026-10-10T10:00:00Z,319,Szmodics,IPS,MID,50,0,0,0.0,0,1,0,748,u,Has joined Derby County on loan for the rest of the season,2026-08-17T13:51:41.713979Z,0,0,,,,0.0,0,0,0,0,0,0,0,0,0,0,0,0,0,0.00,0.00,0.00,0.00,0.0,0.0
2026-09-19T00:30:59+00:00,2026-09-18,daily,6,2026-10-10T10:00:00Z,320,Akpom,IPS,FWD,50,0,0,1.2,457,358,126413,64791,a,,,,,,,,1.2,0,6,69,0,1,0,0,4,0,3,0,1,2,0.97,0.00,0.97,4.04,1.2,1.2
2026-09-19T00:30:59+00:00,2026-09-18,daily,6,2026-10-10T10:00:00Z,321,Walle Egeli,IPS,FWD,45,0,0,3.6,1353,1409,313974,185896,a,,,,,,,,0.2,0,1,10,0,0,0,0,0,0,0,0,0,0,0.00,0.00,0.00,0.03,0.2,0.2
2026-09-19T00:30:59+00:00,2026-09-18,daily,6,2026-10-10T10:00:00Z,322,Al-Hamadi,IPS,FWD,50,0,0,0.1,0,20,755,9565,u,Has joined Sheffield Wednesday on loan for the rest of the season,2026-08-27T14:54:10.215357Z,0,0,,,,0.0,0,0,0,0,0,0,0,0,0,0,0,0,0,0.00,0.00,0.00,0.00,0.0,0.0
2026-09-19T00:30:59+00:00,2026-09-18,daily,6,2026-10-10T10:00:00Z,323,McAteer,IPS,MID,45,0,0,1.1,42,283,26786,56130,a,,,,,,,,0.6,0,3,42,0,0,0,0,0,0,5,0,1,4,0.05,0.00,0.05,0.21,0.6,0.6
2026-09-19T00:30:59+00:00,2026-09-18,daily,6,2026-10-10T10:00:00Z,324,Mehmeti,IPS,MID,49,0,-1,0.0,1,4,327,2335,a,,,,,,,,0.0,0,0,0,0,0,0,0,0,0,0,0,0,0,0.00,0.00,0.00,0.00,0.0,0.0
2026-09-19T00:30:59+00:00,2026-09-18,daily,6,2026-10-10T10:00:00Z,554,Van Oevelen,IPS,GKP,45,0,0,0.0,0,7,54,1881,u,Has joined Valencia on loan for the rest of the season,2026-08-25T14:04:09.529320Z,0,0,,,,0.0,0,0,0,0,0,0,0,0,0,0,0,0,0,0.00,0.00,0.00,0.00,0.0,0.0
2026-09-19T00:30:59+00:00,2026-09-18,daily,6,2026-10-10T10:00:00Z,562,Maeda,IPS,MID,54,0,-1,0.2,7,91,2735,18861,a,,,,,,,,1.4,0,7,243,3,0,0,0,8,0,19,8,7,4,0.71,0.01,0.72,5.57,1.4,1.4
2026-09-19T00:30:59+00:00,2026-09-18,daily,6,2026-10-10T10:00:00Z,564,Scherpen,IPS,GKP,45,0,0,0.6,51,95,14618,20672,a,,,,,,,,1.4,0,7,360,4,0,0,0,10,15,0,8,0,39,0.00,0.01,0.01,6.74,1.4,1.4
2026-09-19T00:30:59+00:00,2026-09-18,daily,6,2026-10-10T10:00:00Z,571,Florentino,IPS,MID,49,0,-1,0.1,4,21,949,6752,a,,2026-08-25T11:30:07.678802Z,100,100,,,,0.2,0,1,13,0,0,0,0,0,0,2,1,1,0,0.00,0.01,0.01,0.27,0.2,0.2
2026-09-19T00:30:59+00:00,2026-09-18,daily,6,2026-10-10T10:00:00Z,591,Enciso,IPS,MID,55,0,0,0.8,137,240,91700,46529,a,,2026-08-22T18:00:07.551930Z,100,100,,,,2.6,0,13,340,4,0,2,0,10,0,26,5,2,19,0.92,0.84,1.76,6.71,2.6,2.6
2026-09-19T00:30:59+00:00,2026-09-18,daily,6,2026-10-10T10:00:00Z,592,Ouattara,IPS,DEF,40,0,0,0.9,40,90,12825,24226,a,,,,,,,,0.8,0,4,41,0,0,0,0,1,0,3,2,1,4,0.00,0.02,0.02,0.89,0.8,0.8
2026-09-19T00:30:59+00:00,2026-09-18,daily,6,2026-10-10T10:00:00Z,602,Humphreys,IPS,MID,45,0,0,0.0,0,12,2861,3006,u,Has joined Huddersfield Town on loan for the rest of the season,2026-09-02T16:04:17.524642Z,0,0,,,,0.0,0,0,0,0,0,0,0,0,0,0,0,0,0,0.00,0.00,0.00,0.00,0.0,0.0
2026-09-19T00:30:59+00:00,2026-09-18,daily,6,2026-10-10T10:00:00Z,619,Palacios,IPS,MID,50,0,0,0.1,69,34,8557,2644,a,,,,,,,,2.2,0,9,195,2,0,0,0,6,0,38,10,8,20,0.00,0.07,0.07,3.23,2.2,2.2
2026-09-19T00:30:59+00:00,2026-09-18,daily,6,2026-10-10T10:00:00Z,640,Flemming,IPS,FWD,55,0,0,0.1,74,24,8436,2246,a,,,,,,,,2.0,0,6,51,0,1,0,0,1,0,2,1,0,1,0.54,0.01,0.55,0.47,2.0,2.0
2026-09-19T00:30:59+00:00,2026-09-18,daily,6,2026-10-10T10:00:00Z,260,Wilson,LEE,MID,62,0,-3,2.0,4,3764,28975,420466,i,Thigh injury - Unknown return date,2026-09-18T13:30:09.626858Z,0,0,,2,2,1.0,0,5,145,1,0,0,1,1,0,11,3,4,4,0.01,0.09,0.10,3.28,0.0,0.0
2026-09-19T00:30:59+00:00,2026-09-18,daily,6,2026-10-10T10:00:00Z,326,Perri,LEE,GKP,45,0,0,0.3,0,72,532,25272,u,Has joined Torino on loan for the rest of the season,2026-09-01T13:12:39.210133Z,0,0,,,,0.0,0,0,0,0,0,0,0,0,0,0,0,0,0,0.00,0.00,0.00,0.00,0.0,0.0
2026-09-19T00:30:59+00:00,2026-09-18,daily,6,2026-10-10T10:00:00Z,327,Bijol,LEE,DEF,50,0,0,0.7,55,254,68357,53869,a,,,,,,,,2.4,0,12,164,2,0,0,1,2,0,21,18,3,7,0.11,0.00,0.11,3.16,2.4,2.4
2026-09-19T00:30:59+00:00,2026-09-18,daily,6,2026-10-10T10:00:00Z,329,Rodon,LEE,DEF,43,-1,-2,0.8,2,1830,26896,289835,i,Hamstring injury - Expected back 21 Nov,2026-08-30T16:00:08.564382Z,0,0,,,,1.4,0,7,123,2,0,0,1,0,0,11,10,1,2,0.03,0.06,0.09,1.01,0.0,0.0
2026-09-19T00:30:59+00:00,2026-09-18,daily,6,2026-10-10T10:00:00Z,330,Bogle,LEE,DEF,46,0,1,5.9,7893,953,534466,60161,a,,,,,,,,7.4,0,37,299,4,2,0,3,1,0,15,10,5,9,1.31,0.08,1.39,2.23,7.4,7.4
2026-09-19T00:30:59+00:00,2026-09-18,daily,6,2026-10-10T10:00:00Z,331,Gudmundsson,LEE,DEF,45,0,0,0.1,20,18,3618,2448,a,,2026-08-08T20:00:07.546568Z,100,100,,,,1.6,0,8,162,2,0,0,1,1,0,9,3,6,11,0.00,0.18,0.18,2.77,1.6,1.6
2026-09-19T00:30:59+00:00,2026-09-18,daily,6,2026-10-10T10:00:00Z,332,Justin,LEE,DEF,45,0,0,1.5,172,535,117444,65448,a,,,,,,,,3.6,0,18,360,4,0,0,1,3,0,35,22,13,12,0.17,0.30,0.47,5.40,3.6,3.6
2026-09-19T00:30:59+00:00,2026-09-18,daily,6,2026-10-10T10:00:00Z,333,Bornauw,LEE,DEF,45,0,0,0.0,0,0,0,294,u,Has joined Hamburg SV on loan for the rest of the season,2026-08-19T13:56:14.645970Z,0,0,,,,0.0,0,0,0,0,0,0,0,0,0,0,0,0,0,0.00,0.00,0.00,0.00,0.0,0.0
2026-09-19T00:30:59+00:00,2026-09-18,daily,6,2026-10-10T10:00:00Z,334,Muharemović,LEE,DEF,50,0,0,4.3,1991,1559,273276,150443,a,,,,,,,,4.2,0,21,360,4,0,1,1,3,0,50,46,4,11,0.09,0.04,0.13,5.40,4.2,4.2
2026-09-19T00:30:59+00:00,2026-09-18,daily,6,2026-10-10T10:00:00Z,335,Stach,LEE,MID,60,0,0,2.6,355,1079,197698,145812,a,,,,,,1,1,4.4,0,22,357,4,1,0,2,2,0,48,21,11,16,0.92,0.23,1.15,5.11,4.4,4.4
2026-09-19T00:30:59+00:00,2026-09-18,daily,6,2026-10-10T10:00:00Z,336,Okafor,LEE,MID,58,0,-2,0.4,164,132,25271,31918,a,,,,,,,,3.0,0,15,224,3,1,0,2,1,0,13,3,5,5,0.15,0.26,0.41,1.69,3.0,3.0
2026-09-19T00:30:59+00:00,2026-09-18,daily,6,2026-10-10T10:00:00Z,337,Aaronson,LEE,MID,54,0,-1,0.5,9,196,6572,44925,a,,,,,,4,,1.2,0,6,172,2,0,0,1,3,0,11,1,2,8,0.01,0.02,0.03,3.38,1.2,1.2
2026-09-19T00:30:59+00:00,2026-09-18,daily,6,2026-10-10T10:00:00Z,338,Ampadu,LEE,MID,54,0,-1,0.9,77,322,16510,56001,a,,,,,,,,3.2,0,16,360,4,0,1,1,3,0,46,19,9,18,0.08,0.16,0.24,5.40,3.2,3.2
2026-09-19T00:30:59+00:00,2026-09-18,daily,6,2026-10-10T10:00:00Z,339,Longstaff,LEE,MID,49,0,-1,0.1,11,32,2384,7516,a,,,,,,3,3,0.4,0,2,10,0,0,0,0,1,0,0,0,0,0,0.00,0.00,0.00,0.35,0.4,0.4
2026-09-19T00:30:59+00:00,2026-09-18,daily,6,2026-10-10T10:00:00Z,341,Gnonto,LEE,MID,50,0,0,0.0,0,3,244,1761,u,Has joined ACF Fiorentina on loan for the rest of the season,2026-09-02T16:04:47.189648Z,0,0,,,,0.0,0,0,0,0,0,0,0,0,0,0,0,0,0,0.00,0.00,0.00,0.00,0.0,0.0
2026-09-19T00:30:59+00:00,2026-09-18,daily,6,2026-10-10T10:00:00Z,342,Harrison,LEE,MID,50,0,0,0.0,0,1,0,75,u,Has joined New England Revolution permanently,2026-07-28T12:59:09.492431Z,0,0,,,,0.0,0,0,0,0,0,0,0,0,0,0,0,0,0,0.00,0.00,0.00,0.00,0.0,0.0
2026-09-19T00:30:59+00:00,2026-09-18,daily,6,2026-10-10T10:00:00Z,343,James,LEE,MID,49,0,-1,0.1,12,25,3981,7475,a,,,,,,,,0.4,0,2,29,0,0,0,0,1,0,4,0,0,4,0.35,0.01,0.36,1.21,0.4,0.4
2026-09-19T00:30:59+00:00,2026-09-18,daily,6,2026-10-10T10:00:00Z,344,Gruev,LEE,MID,50,0,0,0.0,4,0,83,295,a,,2026-08-14T23:00:06.272027Z,100,100,,,,0.0,0,0,0,0,0,0,0,0,0,0,0,0,0,0.00,0.00,0.00,0.00,0.0,0.0
2026-09-19T00:30:59+00:00,2026-09-18,daily,6,2026-10-10T10:00:00Z,345,Tanaka,LEE,MID,49,0,-1,0.3,166,77,20684,15312,a,,,,,,,4,2.4,0,12,188,2,0,2,1,1,0,24,9,7,8,0.59,0.05,0.64,2.58,2.4,2.4
2026-09-19T00:30:59+00:00,2026-09-18,daily,6,2026-10-10T10:00:00Z,346,Calvert-Lewin,LEE,FWD,60,0,0,25.7,10010,11830,926639,1164772,a,,,,,1,,,4.0,0,20,329,4,2,1,2,2,0,14,5,0,9,2.48,0.08,2.56,3.79,4.0,4.0
2026-09-19T00:30:59+00:00,2026-09-18,daily,6,2026-10-10T10:00:00Z,347,Nmecha,LEE,FWD,54,0,-1,0.5,147,155,20341,33576,a,,,,,2,,,1.2,0,6,50,0,0,1,0,1,0,2,0,0,2,0.27,0.15,0.42,2.53,1.2,1.2
2026-09-19T00:30:59+00:00,2026-09-18,daily,6,2026-10-10T10:00:00Z,348,Piroe,LEE,FWD,50,0,0,0.1,0,17,0,10812,u,Has joined West Ham United on loan for the rest of the season,2026-08-19T13:56:14.666726Z,0,0,3,,,0.0,0,0,0,0,0,0,0,0,0,0,0,0,0,0.00,0.00,0.00,0.00,0.0,0.0
2026-09-19T00:30:59+00:00,2026-09-18,daily,6,2026-10-10T10:00:00Z,349,Mateo Joseph,LEE,FWD,45,0,0,0.1,41,41,2827,4015,i,Knee injury - Unknown return date,2026-07-29T18:00:10.338170Z,0,0,,,,0.0,0,0,0,0,0,0,0,0,0,0,0,0,0,0.00,0.00,0.00,0.00,0.0,0.0
2026-09-19T00:30:59+00:00,2026-09-18,daily,6,2026-10-10T10:00:00Z,385,Trafford,LEE,GKP,50,0,0,5.4,465,952,242436,145297,a,,,,,,,,3.6,0,18,360,4,0,0,1,3,15,0,6,0,39,0.00,0.00,0.00,5.40,3.6,3.6
2026-09-19T00:30:59+00:00,2026-09-18,daily,6,2026-10-10T10:00:00Z,598,Elvedi,LEE,DEF,45,0,0,0.1,16,23,5131,2582,a,,,,,,,,1.4,0,7,236,2,0,0,0,3,0,25,23,2,7,0.05,0.57,0.62,4.39,1.4,1.4
2026-09-19T00:30:59+00:00,2026-09-18,daily,6,2026-10-10T10:00:00Z,603,Lienou,LEE,DEF,40,0,0,0.1,32,32,6705,3499,a,,,,,,,,0.0,0,0,0,0,0,0,0,0,0,0,0,0,0,0.00,0.00,0.00,0.00,0.0,0.0
2026-09-19T00:30:59+00:00,2026-09-18,daily,6,2026-10-10T10:00:00Z,604,Cresswell,LEE,MID,45,0,0,0.1,21,38,13777,7066,a,,,,,,,,0.0,0,0,0,0,0,0,0,0,0,0,0,0,0,0.00,0.00,0.00,0.00,0.0,0.0
2026-09-19T00:30:59+00:00,2026-09-18,daily,6,2026-10-10T10:00:00Z,625,Cairns,LEE,GKP,40,0,0,0.2,154,50,19113,5208,a,,,,,,,,0.0,0,0,0,0,0,0,0,0,0,0,0,0,0,0.00,0.00,0.00,0.00,0.0,0.0
2026-09-19T00:30:59+00:00,2026-09-18,daily,6,2026-10-10T10:00:00Z,629,Zetterer,LEE,GKP,40,0,0,0.7,419,110,55859,11485,a,,,,,,,,0.0,0,0,0,0,0,0,0,0,0,0,0,0,0,0.00,0.00,0.00,0.00,0.0,0.0
2026-09-19T00:30:59+00:00,2026-09-18,daily,6,2026-10-10T10:00:00Z,641,Bard,LEE,DEF,45,0,0,0.0,12,4,874,280,a,,,,,,,,0.3,0,1,18,0,0,0,0,1,0,2,1,1,2,0.00,0.00,0.00,0.30,0.3,0.3
2026-09-19T00:30:59+00:00,2026-09-18,daily,6,2026-10-10T10:00:00Z,648,Bahoya,LEE,MID,50,0,0,0.0,10,15,2142,983,a,,,,,,,,0.0,0,0,0,0,0,0,0,0,0,0,0,0,0,0.00,0.00,0.00,0.00,0.0,0.0
2026-09-19T00:30:59+00:00,2026-09-18,daily,6,2026-10-10T10:00:00Z,350,A.Becker,LIV,GKP,55,0,0,3.9,327,637,133645,134161,a,,,,,,,,3.8,0,19,360,4,0,0,2,4,12,0,6,0,38,0.00,0.00,0.00,5.33,3.8,3.8
2026-09-19T00:30:59+00:00,2026-09-18,daily,6,2026-10-10T10:00:00Z,351,Mamardashvili,LIV,GKP,49,0,-1,0.1,13,25,2625,8043,a,,,,,,,,0.0,0,0,0,0,0,0,0,0,0,0,0,0,0,0.00,0.00,0.00,0.00,0.0,0.0
2026-09-19T00:30:59+00:00,2026-09-18,daily,6,2026-10-10T10:00:00Z,352,Woodman,LIV,GKP,40,0,0,1.0,63,111,17557,24969,a,,,,,,,,0.0,0,0,0,0,0,0,0,0,0,0,0,0,0,0.00,0.00,0.00,0.00,0.0,0.0
2026-09-19T00:30:59+00:00,2026-09-18,daily,6,2026-10-10T10:00:00Z,353,Pecsi,LIV,GKP,40,0,0,0.0,0,2,0,1029,u,Has joined TSV Hartberg on loan for the rest of the season,2026-08-18T14:11:18.638344Z,0,0,,,,0.0,0,0,0,0,0,0,0,0,0,0,0,0,0,0.00,0.00,0.00,0.00,0.0,0.0
2026-09-19T00:30:59+00:00,2026-09-18,daily,6,2026-10-10T10:00:00Z,354,Jaros,LIV,GKP,40,0,0,0.0,49,21,1596,1107,i,Knee injury - Unknown return date,2026-07-29T18:00:10.351066Z,0,0,,,,0.0,0,0,0,0,0,0,0,0,0,0,0,0,0,0.00,0.00,0.00,0.00,0.0,0.0
2026-09-19T00:30:59+00:00,2026-09-18,daily,6,2026-10-10T10:00:00Z,355,Davies,LIV,GKP,40,0,0,0.2,32,26,4484,3806,a,,,,,,,,0.0,0,0,0,0,0,0,0,0,0,0,0,0,0,0.00,0.00,0.00,0.00,0.0,0.0
2026-09-19T00:30:59+00:00,2026-09-18,daily,6,2026-10-10T10:00:00Z,356,Virgil,LIV,DEF,65,0,0,16.4,797,3717,257813,576350,a,,,,,,,,3.4,0,17,360,4,0,0,2,4,0,35,30,5,16,0.25,0.07,0.32,5.33,3.4,3.4
2026-09-19T00:30:59+00:00,2026-09-18,daily,6,2026-10-10T10:00:00Z,357,Frimpong,LIV,DEF,53,0,-2,1.9,113,614,57456,233999,a,,,,,,,,0.4,0,2,178,2,0,0,0,4,0,12,8,4,7,0.01,0.23,0.24,3.91,0.4,0.4
2026-09-19T00:30:59+00:00,2026-09-18,daily,6,2026-10-10T10:00:00Z,358,Kerkez,LIV,DEF,54,0,-1,2.3,116,765,45133,178137,a,,,,,,,,1.4,0,7,295,3,0,0,1,4,0,23,16,7,8,0.02,0.07,0.09,4.86,1.4,1.4
2026-09-19T00:30:59+00:00,2026-09-18,daily,6,2026-10-10T10:00:00Z,359,Gomez,LIV,DEF,49,0,-1,0.0,20,3,440,1067,a,,2026-07-26T08:30:10.078473Z,100,100,,,,0.0,0,0,0,0,0,0,0,0,0,0,0,0,0,0.00,0.00,0.00,0.00,0.0,0.0
2026-09-19T00:30:59+00:00,2026-09-18,daily,6,2026-10-10T10:00:00Z,360,Bradley,LIV,DEF,50,0,0,0.0,2,5,319,717,i,Knee injury - Unknown return date,2026-07-23T12:01:23.565711Z,0,0,,,,0.0,0,0,0,0,0,0,0,0,0,0,0,0,0,0.00,0.00,0.00,0.00,0.0,0.0
2026-09-19T00:30:59+00:00,2026-09-18,daily,6,2026-10-10T10:00:00Z,361,Lucky,LIV,DEF,40,0,0,0.1,20,20,3597,5245,a,,,,,,,,0.0,0,0,0,0,0,0,0,0,0,0,0,0,0,0.00,0.00,0.00,0.00,0.0,0.0
2026-09-19T00:30:59+00:00,2026-09-18,daily,6,2026-10-10T10:00:00Z,362,Jacquet,LIV,DEF,50,0,0,3.3,1067,734,198949,110767,a,,2026-07-23T12:01:23.581126Z,100,100,,,,3.6,0,18,325,4,0,0,2,4,0,28,20,8,15,0.00,0.12,0.12,4.72,3.6,3.6
2026-09-19T00:30:59+00:00,2026-09-18,daily,6,2026-10-10T10:00:00Z,363,Leoni,LIV,DEF,40,0,0,0.0,12,13,813,1944,i,Knee injury - Unknown return date,2026-07-23T12:01:23.596909Z,0,0,,,,0.0,0,0,0,0,0,0,0,0,0,0,0,0,0,0.00,0.00,0.00,0.00,0.0,0.0
2026-09-19T00:30:59+00:00,2026-09-18,daily,6,2026-10-10T10:00:00Z,364,Tsimikas,LIV,DEF,49,0,-1,0.1,4,13,1491,4039,a,,,,,,,,0.4,0,2,64,1,0,0,0,0,0,3,2,1,3,0.04,0.02,0.06,0.47,0.4,0.4
2026-09-19T00:30:59+00:00,2026-09-18,daily,6,2026-10-10T10:00:00Z,365,Ramsay,LIV,DEF,40,0,0,0.1,0,33,638,12262,u,Has joined St Mirren on loan for the rest of the season,2026-08-26T14:05:26.748768Z,0,0,,,,0.0,0,0,0,0,0,0,0,0,0,0,0,0,0,0.00,0.00,0.00,0.00,0.0,0.0
2026-09-19T00:30:59+00:00,2026-09-18,daily,6,2026-10-10T10:00:00Z,366,Wirtz,LIV,MID,73,0,-2,6.1,127,3849,130395,727246,a,,,,,4,2,3,2.4,0,12,332,4,0,1,2,4,0,28,2,5,21,0.78,0.35,1.13,4.16,2.4,2.4
2026-09-19T00:30:59+00:00,2026-09-18,daily,6,2026-10-10T10:00:00Z,367,Gakpo,LIV,MID,72,0,2,12.8,3031,3157,1289443,630754,a,,2026-09-09T18:30:08.772955Z,100,100,3,,2,5.8,0,29,280,3,1,3,1,4,0,27,7,6,14,0.44,1.22,1.66,4.72,5.8,5.8
2026-09-19T00:30:59+00:00,2026-09-18,daily,6,2026-10-10T10:00:00Z,368,Szoboszlai,LIV,MID,70,0,0,34.5,2409,15811,894768,1483969,a,,,,,1,1,1,3.6,0,18,360,4,1,0,2,4,0,35,11,4,20,1.29,0.80,2.09,5.33,3.6,3.6
2026-09-19T00:30:59+00:00,2026-09-18,daily,6,2026-10-10T10:00:00Z,369,Ngumoha,LIV,MID,57,-1,-3,0.5,53,173,13831,85199,a,,,,,,,,0.8,0,4,99,1,0,0,0,2,0,4,1,1,2,0.15,0.05,0.20,0.68,0.8,0.8
2026-09-19T00:30:59+00:00,2026-09-18,daily,6,2026-10-10T10:00:00Z,370,Chiesa,LIV,MID,53,-1,-2,0.0,0,15,665,9848,i,Back injury - Unknown return date,2026-08-27T13:30:07.598926Z,0,0,,,,0.0,0,0,0,0,0,0,0,0,0,0,0,0,0,0.00,0.00,0.00,0.00,0.0,0.0
2026-09-19T00:30:59+00:00,2026-09-18,daily,6,2026-10-10T10:00:00Z,371,Gravenberch,LIV,MID,58,-1,-2,1.2,107,376,34645,121729,a,,,,,,,,1.6,0,8,181,2,0,1,0,2,0,24,10,4,10,0.10,0.07,0.17,1.88,1.6,1.6
2026-09-19T00:30:59+00:00,2026-09-18,daily,6,2026-10-10T10:00:00Z,372,Mac Allister,LIV,MID,54,0,-1,1.3,257,312,41877,90026,a,,,,,5,,,1.2,0,6,216,2,0,0,1,2,0,28,7,9,12,0.10,0.44,0.54,4.06,1.2,1.2
2026-09-19T00:30:59+00:00,2026-09-18,daily,6,2026-10-10T10:00:00Z,373,C.Jones,LIV,MID,55,0,0,0.0,0,6,34,2593,u,Has joined Internazionale permanently,2026-08-16T18:30:07.426408Z,0,0,,,,0.0,0,0,0,0,0,0,0,0,0,0,0,0,0,0.00,0.00,0.00,0.00,0.0,0.0
2026-09-19T00:30:59+00:00,2026-09-18,daily,6,2026-10-10T10:00:00Z,374,Endo,LIV,MID,49,0,-1,0.1,16,16,2179,4382,a,,2026-07-23T12:01:23.612529Z,100,100,,,,0.0,0,0,0,0,0,0,0,0,0,0,0,0,0,0.00,0.00,0.00,0.00,0.0,0.0
2026-09-19T00:30:59+00:00,2026-09-18,daily,6,2026-10-10T10:00:00Z,375,Nyoni,LIV,MID,49,0,-1,0.0,3,14,1260,2759,a,,,,,,,,0.4,0,2,19,0,0,0,0,0,0,5,1,2,2,0.00,0.00,0.00,0.22,0.4,0.4
2026-09-19T00:30:59+00:00,2026-09-18,daily,6,2026-10-10T10:00:00Z,376,Bajcetic,LIV,MID,50,0,0,0.0,0,0,19,104,u,Has joined Celta Vigo permanently,2026-07-23T12:01:23.628373Z,0,0,,,,0.0,0,0,0,0,0,0,0,0,0,0,0,0,0,0.00,0.00,0.00,0.00,0.0,0.0
2026-09-19T00:30:59+00:00,2026-09-18,daily,6,2026-10-10T10:00:00Z,377,Munoz,LIV,MID,65,0,0,1.0,103,486,116086,90828,a,,,,,,,,2.8,0,14,239,3,1,1,1,2,0,13,4,2,7,0.52,0.25,0.77,4.49,2.8,2.8
2026-09-19T00:30:59+00:00,2026-09-18,daily,6,2026-10-10T10:00:00Z,378,McConnell,LIV,MID,44,0,-1,0.2,82,64,5957,11521,a,,,,,,,,0.0,0,0,0,0,0,0,0,0,0,0,0,0,0,0.00,0.00,0.00,0.00,0.0,0.0
2026-09-19T00:30:59+00:00,2026-09-18,daily,6,2026-10-10T10:00:00Z,379,Isak,LIV,FWD,91,0,1,21.9,3956,5414,1131118,665383,a,,,,,2,,,5.0,0,25,333,4,3,0,2,4,0,6,2,1,3,2.79,0.06,2.85,5.16,5.0,5.0
2026-09-19T00:30:59+00:00,2026-09-18,daily,6,2026-10-10T10:00:00Z,380,Ekitiké,LIV,FWD,74,0,-1,0.1,34,50,2306,10513,i,Achilles injury - Unknown return date,2026-07-23T12:01:23.643771Z,0,0,,,,0.0,0,0,0,0,0,0,0,0,0,0,0,0,0,0.00,0.00,0.00,0.00,0.0,0.0
2026-09-19T00:30:59+00:00,2026-09-18,daily,6,2026-10-10T10:00:00Z,381,Koumas,LIV,MID,50,0,0,0.0,7,5,686,1206,a,,,,,,,,0.4,0,2,13,0,0,0,0,0,0,1,0,0,1,0.03,0.00,0.03,0.58,0.4,0.4
2026-09-19T00:30:59+00:00,2026-09-18,daily,6,2026-10-10T10:00:00Z,382,Danns,LIV,FWD,45,0,0,0.2,320,116,20127,7395,a,,2026-07-23T12:01:23.659279Z,100,100,,,,0.0,0,0,0,0,0,0,0,0,0,0,0,0,0,0.00,0.00,0.00,0.00,0.0,0.0
2026-09-19T00:30:59+00:00,2026-09-18,daily,6,2026-10-10T10:00:00Z,383,Elliott,LIV,MID,54,0,-1,0.0,0,15,907,5935,u,Has joined Valencia on loan for the rest of the season,2026-09-02T16:05:49.104326Z,0,0,,,,0.0,0,0,0,0,0,0,0,0,0,0,0,0,0,0.00,0.00,0.00,0.00,0.0,0.0
2026-09-19T00:30:59+00:00,2026-09-18,daily,6,2026-10-10T10:00:00Z,579,Araujo,LIV,DEF,54,0,-1,2.9,806,484,132722,150173,a,,,,,,,,3.0,0,15,194,2,0,0,2,0,0,19,16,3,9,0.00,0.05,0.05,1.96,3.0,3.0
2026-09-19T00:30:59+00:00,2026-09-18,daily,6,2026-10-10T10:00:00Z,627,Barcola,LIV,MID,80,0,0,1.9,555,804,278017,112050,a,,,,,,,,1.3,0,4,97,1,0,0,1,0,0,5,0,3,2,0.21,0.10,0.31,0.77,1.3,1.3
2026-09-19T00:30:59+00:00,2026-09-18,daily,6,2026-10-10T10:00:00Z,155,Enzo,MCI,MID,69,0,-1,3.5,1033,769,142700,307678,a,,,,,,,,1.2,0,6,181,2,0,0,2,0,0,16,5,3,8,0.31,0.27,0.58,1.78,1.2,1.2
2026-09-19T00:30:59+00:00,2026-09-18,daily,6,2026-10-10T10:00:00Z,237,Ndiaye,MCI,MID,58,-1,-2,7.3,451,8800,291320,1076803,a,,,,,,,,3.4,0,17,311,3,0,1,2,1,0,40,9,8,23,0.28,0.44,0.72,6.27,3.4,3.4
2026-09-19T00:30:59+00:00,2026-09-18,daily,6,2026-10-10T10:00:00Z,384,Donnarumma,MCI,GKP,55,0,0,7.8,821,1152,197012,287068,a,,,,,,,,3.4,0,17,360,4,0,0,2,2,10,0,2,0,24,0.00,0.00,0.00,3.68,3.4,3.4
2026-09-19T00:30:59+00:00,2026-09-18,daily,6,2026-10-10T10:00:00Z,386,Bettinelli,MCI,GKP,45,0,0,0.0,5,3,520,1039,a,,,,,,,,0.0,0,0,0,0,0,0,0,0,0,0,0,0,0,0.00,0.00,0.00,0.00,0.0,0.0
2026-09-19T00:30:59+00:00,2026-09-18,daily,6,2026-10-10T10:00:00Z,387,O'Reilly,MCI,DEF,64,0,-1,11.6,354,3672,187698,1140183,a,,2026-09-05T18:00:06.379802Z,100,100,,,,1.0,0,5,158,2,0,0,0,2,0,3,1,2,8,0.09,0.43,0.52,1.71,1.0,1.0
2026-09-19T00:30:59+00:00,2026-09-18,daily,6,2026-10-10T10:00:00Z,388,Guéhi,MCI,DEF,60,0,0,18.6,1600,1660,483520,413636,a,,,,,,,,5.2,0,26,360,4,1,0,2,2,0,25,22,3,17,0.89,0.38,1.27,3.68,5.2,5.2
2026-09-19T00:30:59+00:00,2026-09-18,daily,6,2026-10-10T10:00:00Z,389,Matheus N.,MCI,DEF,59,0,-1,1.0,121,118,13276,71259,a,,2026-08-27T11:30:08.171622Z,100,100,4,,,2.0,0,10,123,1,0,0,1,0,0,12,10,2,10,0.00,0.05,0.05,1.10,2.0,2.0
2026-09-19T00:30:59+00:00,2026-09-18,daily,6,2026-10-10T10:00:00Z,390,Rúben,MCI,DEF,55,0,0,1.9,344,314,62932,65116,a,,,,,,,,3.2,0,16,360,4,0,0,2,2,0,22,21,1,16,0.09,0.74,0.83,3.68,3.2,3.2
2026-09-19T00:30:59+00:00,2026-09-18,daily,6,2026-10-10T10:00:00Z,391,Gvardiol,MCI,DEF,57,0,2,25.8,11115,1293,1693147,361509,a,,,,,,,,6.6,0,33,344,4,1,2,2,2,0,24,13,11,15,0.22,0.11,0.33,3.68,6.6,6.6
2026-09-19T00:30:59+00:00,2026-09-18,daily,6,2026-10-10T10:00:00Z,392,Aït-Nouri,MCI,DEF,53,0,-2,0.4,37,94,7389,59503,a,,,,,,,,0.0,0,0,0,0,0,0,0,0,0,0,0,0,0,0.00,0.00,0.00,0.00,0.0,0.0
2026-09-19T00:30:59+00:00,2026-09-18,daily,6,2026-10-10T10:00:00Z,393,Khusanov,MCI,DEF,54,0,-1,1.4,108,309,25544,71955,a,,,,,,,,1.8,0,9,268,3,0,0,1,2,0,17,9,8,13,0.00,0.06,0.06,2.68,1.8,1.8
2026-09-19T00:30:59+00:00,2026-09-18,daily,6,2026-10-10T10:00:00Z,394,Alleyne,MCI,DEF,50,0,0,0.0,0,4,0,602,u,Has joined Burnley on loan for the rest of the season,2026-08-18T14:11:56.324656Z,0,0,,,,0.0,0,0,0,0,0,0,0,0,0,0,0,0,0,0.00,0.00,0.00,0.00,0.0,0.0
2026-09-19T00:30:59+00:00,2026-09-18,daily,6,2026-10-10T10:00:00Z,395,Lewis,MCI,DEF,44,0,-1,0.2,24,37,7980,15103,a,,,,,,,,0.2,0,1,56,1,0,0,0,1,0,2,2,0,0,0.17,0.02,0.19,0.55,0.2,0.2
2026-09-19T00:30:59+00:00,2026-09-18,daily,6,2026-10-10T10:00:00Z,396,Vitor Reis,MCI,DEF,45,0,0,0.0,5,10,485,1033,a,,,,,,,,0.2,0,1,1,0,0,0,0,0,0,0,0,0,0,0.00,0.00,0.00,0.00,0.2,0.2
2026-09-19T00:30:59+00:00,2026-09-18,daily,6,2026-10-10T10:00:00Z,397,Semenyo,MCI,MID,84,0,-1,14.7,635,4842,191538,1147542,a,,,,,2,,,3.2,0,16,360,4,0,2,2,2,0,15,0,4,11,0.17,0.99,1.16,3.68,3.2,3.2
2026-09-19T00:30:59+00:00,2026-09-18,daily,6,2026-10-10T10:00:00Z,398,Foden,MCI,MID,69,0,-1,2.0,11,3350,303257,541072,s,Suspended until 17 Oct,2026-09-13T17:00:09.433455Z,0,0,,2,2,1.8,0,9,217,3,0,2,0,2,0,14,2,4,8,1.61,0.88,2.49,1.91,0.0,0.0
2026-09-19T00:30:59+00:00,2026-09-18,daily,6,2026-10-10T10:00:00Z,399,Cherki,MCI,MID,78,0,3,28.0,2360,7183,2549521,874128,a,,,,,,1,1,5.2,0,26,218,3,2,2,1,1,0,7,1,0,6,0.59,1.41,2.00,1.82,5.2,5.2
2026-09-19T00:30:59+00:00,2026-09-18,daily,6,2026-10-10T10:00:00Z,400,Doku,MCI,MID,74,0,-1,0.7,33,114,1500,126200,d,Calf injury - 75% chance of playing,2026-08-18T17:00:08.385597Z,75,75,3,,,0.0,0,0,0,0,0,0,0,0,0,0,0,0,0,0.00,0.00,0.00,0.00,0.0,0.0
2026-09-19T00:30:59+00:00,2026-09-18,daily,6,2026-10-10T10:00:00Z,402,Rodrigo,MCI,MID,65,0,0,0.0,0,0,0,1204,u,Has joined Barcelona permanently,2026-07-23T12:01:23.675537Z,0,0,,,,0.0,0,0,0,0,0,0,0,0,0,0,0,0,0,0.00,0.00,0.00,0.00,0.0,0.0
2026-09-19T00:30:59+00:00,2026-09-18,daily,6,2026-10-10T10:00:00Z,404,Reijnders,MCI,MID,60,0,0,0.0,0,0,0,8085,u,Has joined Al Qadsiah permanently,2026-08-20T14:02:58.154273Z,0,0,,,,0.0,0,0,0,0,0,0,0,0,0,0,0,0,0,0.00,0.00,0.00,0.00,0.0,0.0
2026-09-19T00:30:59+00:00,2026-09-18,daily,6,2026-10-10T10:00:00Z,406,Kovačić,MCI,MID,54,0,-1,0.1,7,24,2149,5853,a,,,,,,,,0.4,0,2,42,0,0,0,0,0,0,2,0,0,2,0.00,0.02,0.02,0.10,0.4,0.4
2026-09-19T00:30:59+00:00,2026-09-18,daily,6,2026-10-10T10:00:00Z,407,Echeverri,MCI,MID,49,0,-1,0.0,0,8,250,1297,u,Has joined Benfica on loan for the rest of the season,2026-09-03T15:41:24.710479Z,0,0,,,,0.0,0,0,0,0,0,0,0,0,0,0,0,0,0,0.00,0.00,0.00,0.00,0.0,0.0
2026-09-19T00:30:59+00:00,2026-09-18,daily,6,2026-10-10T10:00:00Z,408,Phillips,MCI,MID,50,0,0,0.0,0,1,0,560,u,Has joined Sheffield United on loan for the rest of the season,2026-08-18T14:11:56.348781Z,0,0,,,,0.0,0,0,0,0,0,0,0,0,0,0,0,0,0,0.00,0.00,0.00,0.00,0.0,0.0
2026-09-19T00:30:59+00:00,2026-09-18,daily,6,2026-10-10T10:00:00Z,409,Mukasa,MCI,MID,45,0,0,0.1,0,42,1621,11609,u,has joined West Ham on loan for the rest of the seaon.,2026-09-03T10:34:10.733520Z,0,0,,,,0.0,0,0,0,0,0,0,0,0,0,0,0,0,0,0.00,0.00,0.00,0.00,0.0,0.0
2026-09-19T00:30:59+00:00,2026-09-18,daily,6,2026-10-10T10:00:00Z,410,Monga,MCI,MID,49,0,-1,0.0,0,5,219,1225,u,Has joined Swansea City on loan for the rest of the season,2026-09-02T16:02:01.136760Z,0,0,,,,0.0,0,0,0,0,0,0,0,0,0,0,0,0,0,0.00,0.00,0.00,0.00,0.0,0.0
2026-09-19T00:30:59+00:00,2026-09-18,daily,6,2026-10-10T10:00:00Z,411,Haaland,MCI,FWD,156,0,1,73.3,3967,739,849244,302397,a,,,,,1,,,6.6,0,33,360,4,4,0,2,2,0,18,8,0,10,3.33,0.51,3.84,3.68,6.6,6.6
2026-09-19T00:30:59+00:00,2026-09-18,daily,6,2026-10-10T10:00:00Z,481,Anderson,MCI,MID,63,0,-2,4.2,707,1278,98146,419118,a,,2026-08-23T17:00:07.952697Z,100,100,,,3,2.6,0,13,323,4,0,0,2,2,0,45,14,11,20,0.09,0.65,0.74,3.58,2.6,2.6
2026-09-19T00:30:59+00:00,2026-09-18,daily,6,2026-10-10T10:00:00Z,587,Rulli,MCI,GKP,50,0,0,0.0,3,5,535,1016,a,,,,,,,,0.0,0,0,0,0,0,0,0,0,0,0,0,0,0,0.00,0.00,0.00,0.00,0.0,0.0
2026-09-19T00:30:59+00:00,2026-09-18,daily,6,2026-10-10T10:00:00Z,616,Bouaddi,MCI,MID,55,0,0,0.2,82,84,20281,11523,a,,,,,,,,0.5,0,2,22,0,0,0,0,0,0,6,3,0,3,0.00,0.12,0.12,0.37,0.5,0.5
2026-09-19T00:30:59+00:00,2026-09-18,daily,6,2026-10-10T10:00:00Z,621,McAidoo,MCI,MID,45,0,0,0.1,18,50,11187,6073,a,,,,,,,,0.5,0,2,11,0,0,0,0,0,0,4,0,2,2,0.10,0.00,0.10,0.02,0.5,0.5
2026-09-19T00:30:59+00:00,2026-09-18,daily,6,2026-10-10T10:00:00Z,622,Braithwaite,MCI,DEF,40,0,0,0.2,60,77,16267,7628,a,,,,,,,,0.2,0,1,1,0,0,0,0,0,0,0,0,0,1,0.00,0.00,0.00,0.00,0.2,0.2
2026-09-19T00:30:59+00:00,2026-09-18,daily,6,2026-10-10T10:00:00Z,628,Allan,MCI,MID,60,0,0,0.0,22,10,985,531,a,,,,,,,,0.0,0,0,0,0,0,0,0,0,0,0,0,0,0,0.00,0.00,0.00,0.00,0.0,0.0
2026-09-19T00:30:59+00:00,2026-09-18,daily,6,2026-10-10T10:00:00Z,653,Samba,MCI,MID,45,0,0,0.0,27,17,3676,1700,a,,,,,,,,0.0,0,0,0,0,0,0,0,0,0,0,0,0,0,0.00,0.00,0.00,0.00,0.0,0.0
2026-09-19T00:30:59+00:00,2026-09-18,daily,6,2026-10-10T10:00:00Z,43,Tielemans,MUN,MID,58,0,-2,1.5,192,497,41639,151121,a,,2026-07-23T12:01:23.321726Z,100,100,3,,,2.0,0,10,312,4,0,0,0,7,0,30,9,4,17,0.56,0.32,0.88,4.54,2.0,2.0
2026-09-19T00:30:59+00:00,2026-09-18,daily,6,2026-10-10T10:00:00Z,131,Baleba,MUN,MID,49,0,-1,0.1,37,45,5476,13686,d,Ankle injury - 50% chance of playing,2026-08-06T16:00:10.997714Z,50,50,,,,0.0,0,0,0,0,0,0,0,0,0,0,0,0,0,0.00,0.00,0.00,0.00,0.0,0.0
2026-09-19T00:30:59+00:00,2026-09-18,daily,6,2026-10-10T10:00:00Z,162,Andrey Santos,MUN,MID,48,0,-2,0.6,72,244,21269,68863,a,,,,,,,,0.8,0,4,82,1,0,0,0,4,0,18,7,4,7,0.00,0.24,0.24,2.03,0.8,0.8
2026-09-19T00:30:59+00:00,2026-09-18,daily,6,2026-10-10T10:00:00Z,325,Darlow,MUN,GKP,45,0,0,0.0,7,4,1014,1385,a,,2026-07-23T12:01:23.549136Z,100,100,,,,0.0,0,0,0,0,0,0,0,0,0,0,0,0,0,0.00,0.00,0.00,0.00,0.0,0.0
2026-09-19T00:30:59+00:00,2026-09-18,daily,6,2026-10-10T10:00:00Z,412,Lammens,MUN,GKP,49,0,-1,10.3,249,3506,92457,641937,a,,,,,,,,1.4,0,7,360,4,0,0,0,7,10,0,5,0,33,0.00,0.00,0.00,5.18,1.4,1.4
2026-09-19T00:30:59+00:00,2026-09-18,daily,6,2026-10-10T10:00:00Z,413,Bayindir,MUN,GKP,45,0,0,0.0,0,0,0,1110,u,Has joined Celta Vigo on loan for the rest of the season,2026-08-10T14:02:28.608415Z,0,0,,,,0.0,0,0,0,0,0,0,0,0,0,0,0,0,0,0.00,0.00,0.00,0.00,0.0,0.0
2026-09-19T00:30:59+00:00,2026-09-18,daily,6,2026-10-10T10:00:00Z,414,Heaton,MUN,GKP,40,0,0,0.1,40,20,1958,3307,i,Hamstring injury - Unknown return date,2026-08-15T16:00:07.854151Z,0,0,,,,0.0,0,0,0,0,0,0,0,0,0,0,0,0,0,0.00,0.00,0.00,0.00,0.0,0.0
2026-09-19T00:30:59+00:00,2026-09-18,daily,6,2026-10-10T10:00:00Z,415,Dorgu,MUN,MID,58,0,-2,0.5,49,194,13019,93731,a,,,,,,,,1.2,0,6,165,2,0,0,0,6,0,18,6,8,4,0.65,0.08,0.73,3.38,1.2,1.2
2026-09-19T00:30:59+00:00,2026-09-18,daily,6,2026-10-10T10:00:00Z,416,De Ligt,MUN,DEF,50,0,0,0.0,3,7,382,1430,i,Back injury - Unknown return date,2026-07-23T12:01:23.690880Z,0,0,,,,0.0,0,0,0,0,0,0,0,0,0,0,0,0,0,0.00,0.00,0.00,0.00,0.0,0.0
2026-09-19T00:30:59+00:00,2026-09-18,daily,6,2026-10-10T10:00:00Z,417,Dalot,MUN,DEF,49,0,-1,1.7,52,400,24831,128895,a,,,,,,,,1.2,0,6,256,3,0,0,0,3,0,14,9,5,14,0.18,0.18,0.36,3.08,1.2,1.2
2026-09-19T00:30:59+00:00,2026-09-18,daily,6,2026-10-10T10:00:00Z,418,Maguire,MUN,DEF,49,0,-1,9.2,234,11520,134192,941211,a,,,,,,,,1.6,0,8,360,4,0,1,0,7,0,26,24,2,17,0.19,0.43,0.62,5.18,1.6,1.6
2026-09-19T00:30:59+00:00,2026-09-18,daily,6,2026-10-10T10:00:00Z,419,Martinez,MUN,DEF,50,0,0,1.3,230,187,33156,61040,a,,2026-07-24T20:00:10.337107Z,100,100,,,,1.2,0,6,270,3,0,0,0,5,0,16,13,3,13,0.06,0.14,0.20,4.17,1.2,1.2
2026-09-19T00:30:59+00:00,2026-09-18,daily,6,2026-10-10T10:00:00Z,420,Yoro,MUN,DEF,48,-1,-2,0.5,24,83,4806,33925,a,,,,,,,,0.4,0,2,22,0,0,0,0,2,0,5,3,2,1,0.00,0.02,0.02,1.09,0.4,0.4
2026-09-19T00:30:59+00:00,2026-09-18,daily,6,2026-10-10T10:00:00Z,421,Heaven,MUN,DEF,44,0,-1,0.3,14,71,5784,22657,a,,,,,,,,0.2,0,1,90,1,0,0,0,2,0,2,1,1,4,0.12,0.04,0.16,1.01,0.2,0.2
2026-09-19T00:30:59+00:00,2026-09-18,daily,6,2026-10-10T10:00:00Z,422,Mazraoui,MUN,DEF,44,0,-1,0.5,47,153,13831,38240,a,,,,,,,,0.6,0,3,97,1,0,0,0,4,0,6,4,2,3,0.22,0.06,0.28,2.08,0.6,0.6
2026-09-19T00:30:59+00:00,2026-09-18,daily,6,2026-10-10T10:00:00Z,423,Shaw,MUN,DEF,43,-1,-2,8.3,30,13032,97514,1244961,d,Unspecified injury - 50% chance of playing,2026-09-11T13:00:09.030120Z,50,50,,,3,1.4,0,7,252,3,0,1,0,4,0,20,14,6,6,0.02,0.51,0.53,3.01,0.7,0.7
2026-09-19T00:30:59+00:00,2026-09-18,daily,6,2026-10-10T10:00:00Z,424,Amass,MUN,DEF,40,0,0,0.2,29,28,5931,8058,a,,,,,,,,0.0,0,0,0,0,0,0,0,0,0,0,0,0,0,0.00,0.00,0.00,0.00,0.0,0.0
2026-09-19T00:30:59+00:00,2026-09-18,daily,6,2026-10-10T10:00:00Z,425,Fredricson,MUN,DEF,40,0,0,0.0,0,3,0,1271,u,Has joined Lausanne-Sport permanently,2026-08-18T14:12:31.904433Z,0,0,,,,0.0,0,0,0,0,0,0,0,0,0,0,0,0,0,0.00,0.00,0.00,0.00,0.0,0.0
2026-09-19T00:30:59+00:00,2026-09-18,daily,6,2026-10-10T10:00:00Z,426,B.Fernandes,MUN,MID,120,0,0,39.9,1680,15387,613280,1668337,a,,,,,1,1,1,5.8,0,29,360,4,3,1,0,7,0,23,3,4,16,2.28,1.13,3.41,5.18,5.8,5.8
2026-09-19T00:30:59+00:00,2026-09-18,daily,6,2026-10-10T10:00:00Z,427,Mbeumo,MUN,MID,79,0,-1,21.5,2149,8374,429128,1894873,a,,,,,2,2,2,4.6,0,23,360,4,2,1,0,7,0,22,5,4,13,2.80,0.55,3.35,5.18,4.6,4.6
2026-09-19T00:30:59+00:00,2026-09-18,daily,6,2026-10-10T10:00:00Z,428,Cunha,MUN,MID,79,0,-1,5.7,259,1362,74005,489393,a,,,,,,,,3.2,0,16,317,4,0,2,1,4,0,10,0,3,7,0.58,0.44,1.02,3.82,3.2,3.2
2026-09-19T00:30:59+00:00,2026-09-18,daily,6,2026-10-10T10:00:00Z,429,Rashford,MUN,MID,70,0,0,1.6,383,477,81412,111558,a,,,,,,3,,1.6,0,8,275,3,0,0,1,2,0,16,2,4,10,0.38,0.29,0.67,2.88,1.6,1.6
2026-09-19T00:30:59+00:00,2026-09-18,daily,6,2026-10-10T10:00:00Z,430,Mount,MUN,MID,54,0,-1,0.0,6,6,734,1782,a,,2026-08-15T16:00:07.879135Z,100,100,,4,,0.0,0,0,0,0,0,0,0,0,0,0,0,0,0,0.00,0.00,0.00,0.00,0.0,0.0
2026-09-19T00:30:59+00:00,2026-09-18,daily,6,2026-10-10T10:00:00Z,431,Amad,MUN,MID,57,0,-3,0.3,4,109,2046,121830,i,Unspecified injury - Unknown return date,2026-08-22T11:00:08.617283Z,0,0,,,4,0.0,0,0,0,0,0,0,0,0,0,0,0,0,0,0.00,0.00,0.00,0.00,0.0,0.0
2026-09-19T00:30:59+00:00,2026-09-18,daily,6,2026-10-10T10:00:00Z,432,Mainoo,MUN,MID,55,0,0,1.6,626,327,87720,52604,a,,,,,,,,3.6,0,18,275,3,0,1,0,3,0,44,9,5,30,0.24,0.42,0.66,3.15,3.6,3.6
2026-09-19T00:30:59+00:00,2026-09-18,daily,6,2026-10-10T10:00:00Z,433,Ugarte,MUN,MID,50,0,0,0.0,3,1,99,241,i,Knee injury - Unknown return date,2026-07-23T12:01:23.706702Z,0,0,,,,0.0,0,0,0,0,0,0,0,0,0,0,0,0,0,0.00,0.00,0.00,0.00,0.0,0.0
2026-09-19T00:30:59+00:00,2026-09-18,daily,6,2026-10-10T10:00:00Z,434,J.Fletcher,MUN,MID,49,0,-1,0.0,1,7,281,655,a,,,,,,,,0.0,0,0,0,0,0,0,0,0,0,0,0,0,0,0.00,0.00,0.00,0.00,0.0,0.0
2026-09-19T00:30:59+00:00,2026-09-18,daily,6,2026-10-10T10:00:00Z,435,Lacey,MUN,MID,49,0,-1,0.1,14,13,1367,2978,a,,,,,,,,0.2,0,1,10,0,0,0,0,0,0,1,0,0,1,0.00,0.00,0.00,0.00,0.2,0.2
2026-09-19T00:30:59+00:00,2026-09-18,daily,6,2026-10-10T10:00:00Z,436,Collyer,MUN,MID,50,0,0,0.0,0,3,150,1010,u,Has joined West Brom permanently,2026-09-01T13:16:48.584385Z,0,0,,,,0.0,0,0,0,0,0,0,0,0,0,0,0,0,0,0.00,0.00,0.00,0.00,0.0,0.0
2026-09-19T00:30:59+00:00,2026-09-18,daily,6,2026-10-10T10:00:00Z,437,Bendito Mantato,MUN,MID,45,0,0,0.2,16,44,4680,8825,a,,,,,,,,0.0,0,0,0,0,0,0,0,0,0,0,0,0,0,0.00,0.00,0.00,0.00,0.0,0.0
2026-09-19T00:30:59+00:00,2026-09-18,daily,6,2026-10-10T10:00:00Z,438,Fletcher,MUN,MID,44,0,-1,0.3,180,88,8249,14857,a,,,,,,,,0.0,0,0,0,0,0,0,0,0,0,0,0,0,0,0.00,0.00,0.00,0.00,0.0,0.0
2026-09-19T00:30:59+00:00,2026-09-18,daily,6,2026-10-10T10:00:00Z,439,Šeško,MUN,FWD,70,0,0,1.8,1069,558,98508,110231,a,,2026-07-23T12:01:23.722029Z,100,100,,,,1.6,0,8,76,0,1,0,0,3,0,5,0,0,5,0.39,0.01,0.40,2.00,1.6,1.6
2026-09-19T00:30:59+00:00,2026-09-18,daily,6,2026-10-10T10:00:00Z,440,Zirkzee,MUN,FWD,53,-1,-2,0.4,91,183,13971,40736,a,,,,,,,,0.2,0,1,7,0,0,0,0,0,0,3,1,0,2,0.00,0.01,0.01,0.02,0.2,0.2
2026-09-19T00:30:59+00:00,2026-09-18,daily,6,2026-10-10T10:00:00Z,441,Obi,MUN,FWD,45,0,0,1.0,0,844,45543,63786,u,Has joined Willem II on loan for the rest of the season,2026-09-14T16:12:42.090874Z,0,0,,,,0.0,0,0,0,0,0,0,0,0,0,0,0,0,0,0.00,0.00,0.00,0.00,0.0,0.0
2026-09-19T00:30:59+00:00,2026-09-18,daily,6,2026-10-10T10:00:00Z,405,N.Gonzalez,NEW,MID,55,0,0,0.2,2,283,17465,15452,i,Concussion - Expected back 12 Oct,2026-09-14T21:30:07.343728Z,0,0,,,,1.0,0,5,164,3,0,0,1,2,0,12,3,0,9,0.00,0.21,0.21,2.34,0.0,0.0
2026-09-19T00:30:59+00:00,2026-09-18,daily,6,2026-10-10T10:00:00Z,442,Pope,NEW,GKP,49,0,-1,1.0,54,122,12547,50845,a,,,,,,,,0.0,0,0,0,0,0,0,0,0,0,0,0,0,0,0.00,0.00,0.00,0.00,0.0,0.0
2026-09-19T00:30:59+00:00,2026-09-18,daily,6,2026-10-10T10:00:00Z,443,Gillespie,NEW,GKP,45,0,0,0.0,5,3,730,1123,a,,,,,,,,0.0,0,0,0,0,0,0,0,0,0,0,0,0,0,0.00,0.00,0.00,0.00,0.0,0.0
2026-09-19T00:30:59+00:00,2026-09-18,daily,6,2026-10-10T10:00:00Z,444,Jaouen,NEW,GKP,44,-1,-1,0.0,3,9,436,1414,d,Ankle injury - 50% chance of playing,2026-09-10T16:00:09.127466Z,50,50,,,,0.0,0,0,0,0,0,0,0,0,0,0,0,0,0,0.00,0.00,0.00,0.00,0.0,0.0
2026-09-19T00:30:59+00:00,2026-09-18,daily,6,2026-10-10T10:00:00Z,445,Thiaw,NEW,DEF,50,0,0,2.2,623,709,169924,113720,a,,,,,,,,2.0,0,10,360,4,0,0,1,8,0,32,32,0,7,0.00,0.07,0.07,7.55,2.0,2.0
2026-09-19T00:30:59+00:00,2026-09-18,daily,6,2026-10-10T10:00:00Z,446,Schär,NEW,DEF,49,0,-1,0.2,17,43,6528,12989,a,,2026-08-15T16:30:07.209742Z,100,100,,2,,0.2,0,1,1,0,0,0,0,1,0,0,0,0,0,0.00,0.00,0.00,0.79,0.2,0.2
2026-09-19T00:30:59+00:00,2026-09-18,daily,6,2026-10-10T10:00:00Z,447,Botman,NEW,DEF,50,0,0,0.7,178,318,42852,25612,a,,,,,,,,2.2,0,11,360,4,0,0,1,8,0,41,37,4,13,0.01,0.17,0.18,7.55,2.2,2.2
2026-09-19T00:30:59+00:00,2026-09-18,daily,6,2026-10-10T10:00:00Z,448,Burn,NEW,DEF,49,0,-1,0.8,5,354,7220,155262,i,Ankle injury - Expected back 12 Oct,2026-08-23T18:00:08.367241Z,0,0,,,,0.0,0,0,0,0,0,0,0,0,0,0,0,0,0,0.00,0.00,0.00,0.00,0.0,0.0
2026-09-19T00:30:59+00:00,2026-09-18,daily,6,2026-10-10T10:00:00Z,449,Hall,NEW,DEF,52,0,2,14.9,4698,1658,1418200,329491,a,,,,,,1,1,3.6,0,18,359,4,0,1,1,8,0,36,24,12,31,0.06,0.68,0.74,7.53,3.6,3.6
2026-09-19T00:30:59+00:00,2026-09-18,daily,6,2026-10-10T10:00:00Z,450,Livramento,NEW,DEF,49,0,-1,0.1,155,27,9951,4467,a,,2026-07-23T12:01:23.753221Z,100,100,,,,0.8,0,4,33,0,0,1,0,1,0,3,1,2,4,0.00,0.01,0.01,0.18,0.8,0.8
2026-09-19T00:30:59+00:00,2026-09-18,daily,6,2026-10-10T10:00:00Z,451,A.Murphy,NEW,DEF,40,0,0,0.1,0,12,0,6663,u,Has joined FC Kaiserslautern on loan for the rest of the season,2026-08-12T14:05:29.224600Z,0,0,,,,0.0,0,0,0,0,0,0,0,0,0,0,0,0,0,0.00,0.00,0.00,0.00,0.0,0.0
2026-09-19T00:30:59+00:00,2026-09-18,daily,6,2026-10-10T10:00:00Z,453,Barnes,NEW,MID,61,1,1,4.5,23847,680,494950,132588,a,,,,,,,3,3.8,0,19,360,4,1,1,1,8,0,24,10,3,11,0.51,0.37,0.88,7.55,3.8,3.8
2026-09-19T00:30:59+00:00,2026-09-18,daily,6,2026-10-10T10:00:00Z,454,Elanga,NEW,MID,61,-1,1,5.9,27,19421,1285864,939382,i,Unspecified injury - Unknown return date,2026-09-14T20:00:09.505598Z,0,0,,,2,3.6,0,18,232,3,2,0,1,3,0,9,2,4,3,0.42,0.34,0.76,4.01,0.0,0.0
2026-09-19T00:30:59+00:00,2026-09-18,daily,6,2026-10-10T10:00:00Z,456,J.Ramsey,NEW,MID,49,0,-1,0.3,3,428,16549,26631,i,Thigh injury - Unknown return date,2026-09-15T09:00:08.191022Z,0,0,,,,1.4,0,7,69,0,1,0,0,1,0,11,3,2,6,0.17,0.16,0.33,1.92,0.0,0.0
2026-09-19T00:30:59+00:00,2026-09-18,daily,6,2026-10-10T10:00:00Z,457,J.Murphy,NEW,MID,59,0,-1,0.1,51,32,5154,10211,a,,,,,,,4,0.4,0,2,91,1,0,0,0,4,0,10,1,2,7,0.00,0.34,0.34,3.37,0.4,0.4
2026-09-19T00:30:59+00:00,2026-09-18,daily,6,2026-10-10T10:00:00Z,458,Joelinton,NEW,MID,54,0,-1,0.0,1,5,212,2167,i,Unspecified injury - Unknown return date,2026-08-16T08:00:08.074045Z,0,0,,,,0.0,0,0,0,0,0,0,0,0,0,0,0,0,0,0.00,0.00,0.00,0.00,0.0,0.0
2026-09-19T00:30:59+00:00,2026-09-18,daily,6,2026-10-10T10:00:00Z,459,L.Miley,NEW,MID,55,0,0,0.1,22,16,5886,5023,a,,2026-07-23T12:01:23.785456Z,100,100,,,5,1.6,0,8,306,4,0,0,1,7,0,36,13,2,21,0.05,0.10,0.15,6.36,1.6,1.6
2026-09-19T00:30:59+00:00,2026-09-18,daily,6,2026-10-10T10:00:00Z,460,Willock,NEW,MID,50,0,0,0.5,104,169,54924,28154,a,,,,,,,,2.4,0,12,198,2,1,0,1,4,0,12,3,4,5,0.64,0.26,0.90,3.73,2.4,2.4
2026-09-19T00:30:59+00:00,2026-09-18,daily,6,2026-10-10T10:00:00Z,461,Touré,NEW,MID,58,0,-2,0.1,39,31,3422,15638,a,,,,,,,,1.4,0,7,34,0,1,0,0,1,0,2,0,0,2,0.28,0.01,0.29,0.16,1.4,1.4
2026-09-19T00:30:59+00:00,2026-09-18,daily,6,2026-10-10T10:00:00Z,462,Steur,NEW,MID,49,0,-1,0.1,12,23,2168,5820,a,,,,,,,,1.0,0,5,158,1,0,0,0,5,0,14,7,2,5,0.00,0.03,0.03,3.71,1.0,1.0
2026-09-19T00:30:59+00:00,2026-09-18,daily,6,2026-10-10T10:00:00Z,463,Woltemade,NEW,FWD,59,0,-1,0.5,0,247,14520,138682,u,Has joined Juventus on loan for the rest of the season,2026-09-02T16:07:16.549304Z,0,0,,,,0.8,0,4,19,0,0,1,0,0,0,0,0,0,0,0.02,0.01,0.03,0.38,0.0,0.0
2026-09-19T00:30:59+00:00,2026-09-18,daily,6,2026-10-10T10:00:00Z,464,Wissa,NEW,FWD,62,0,2,19.3,8970,3183,2204482,590193,a,,,,,2,,,3.0,0,15,351,4,1,1,1,7,0,22,4,6,12,1.51,0.05,1.56,6.38,3.0,3.0
2026-09-19T00:30:59+00:00,2026-09-18,daily,6,2026-10-10T10:00:00Z,465,Osula,NEW,FWD,58,-1,-2,0.3,5,144,21328,84449,i,Foot injury - Unknown return date,2026-08-25T19:00:08.004915Z,0,0,1,4,,0.8,0,4,55,1,0,1,0,1,0,5,2,1,2,0.06,0.14,0.20,1.48,0.0,0.0
2026-09-19T00:30:59+00:00,2026-09-18,daily,6,2026-10-10T10:00:00Z,466,Neave,NEW,FWD,45,0,0,0.5,0,229,23805,48851,u,Has joined Wolves on loan for the rest of the season,2026-09-04T12:37:43.515176Z,0,0,,,,0.0,0,0,0,0,0,0,0,0,0,0,0,0,0,0.00,0.00,0.00,0.00,0.0,0.0
2026-09-19T00:30:59+00:00,2026-09-18,daily,6,2026-10-10T10:00:00Z,559,Bamba,NEW,MID,49,0,-1,0.1,11,19,2451,7103,a,,,,,,,,0.4,0,2,24,0,0,0,0,1,0,4,1,2,1,0.00,0.00,0.00,1.15,0.4,0.4
2026-09-19T00:30:59+00:00,2026-09-18,daily,6,2026-10-10T10:00:00Z,567,Horníček,NEW,GKP,50,0,0,1.5,359,242,145009,66795,a,,,,,,,,2.2,0,11,360,4,0,0,1,8,16,0,8,0,19,0.00,0.00,0.00,7.55,2.2,2.2
2026-09-19T00:30:59+00:00,2026-09-18,daily,6,2026-10-10T10:00:00Z,593,Dedić,NEW,DEF,45,0,0,2.1,30,4881,447652,274931,i,Unspecified injury - Unknown return date,2026-09-17T14:30:09.823731Z,0,0,,3,,2.6,0,13,327,4,0,1,1,7,0,24,16,8,15,0.14,0.08,0.22,7.38,0.0,0.0
2026-09-19T00:30:59+00:00,2026-09-18,daily,6,2026-10-10T10:00:00Z,609,Shahar,NEW,DEF,40,0,0,0.2,0,121,18236,14019,u,has joined Arouca on loan for the rest of the seaon.,2026-09-11T14:41:57.406766Z,0,0,,,,0.0,0,0,0,0,0,0,0,0,0,0,0,0,0,0.00,0.00,0.00,0.00,0.0,0.0
2026-09-19T00:30:59+00:00,2026-09-18,daily,6,2026-10-10T10:00:00Z,634,Fernandez-Pardo,NEW,FWD,60,0,0,0.1,92,37,15163,4937,a,,,,,,,,0.7,0,2,84,1,0,0,0,3,0,3,0,1,2,0.00,0.01,0.01,1.95,0.7,0.7
2026-09-19T00:30:59+00:00,2026-09-18,daily,6,2026-10-10T10:00:00Z,659,Miley,NEW,MID,45,0,0,0.0,128,31,3566,633,a,,,,,,,,0.0,0,0,0,0,0,0,0,0,0,0,0,0,0,0.00,0.00,0.00,0.00,0.0,0.0
2026-09-19T00:30:59+00:00,2026-09-18,daily,6,2026-10-10T10:00:00Z,167,Delap,NFO,FWD,56,1,1,2.9,15383,686,302559,54258,a,,,,,3,,,1.6,0,8,187,2,1,0,1,2,0,9,3,1,5,0.76,0.14,0.90,1.95,1.6,1.6
2026-09-19T00:30:59+00:00,2026-09-18,daily,6,2026-10-10T10:00:00Z,201,Muñoz,NFO,DEF,54,0,-1,6.0,1189,1649,151747,455825,a,,,,,,,,0.6,0,3,175,2,0,0,0,3,0,12,6,6,5,0.48,0.19,0.67,1.92,0.6,0.6
2026-09-19T00:30:59+00:00,2026-09-18,daily,6,2026-10-10T10:00:00Z,467,Sels,NFO,GKP,50,0,0,1.6,171,267,66424,56329,a,,,,,,,,2.4,0,12,360,4,0,0,1,4,9,0,6,0,37,0.00,0.01,0.01,4.10,2.4,2.4
2026-09-19T00:30:59+00:00,2026-09-18,daily,6,2026-10-10T10:00:00Z,468,John,NFO,GKP,45,0,0,0.1,6,13,813,1873,a,,,,,,,,0.0,0,0,0,0,0,0,0,0,0,0,0,0,0,0.00,0.00,0.00,0.00,0.0,0.0
2026-09-19T00:30:59+00:00,2026-09-18,daily,6,2026-10-10T10:00:00Z,469,N.Williams,NFO,DEF,50,0,0,9.1,1331,2067,315817,307325,a,,,,,,3,2,3.4,0,17,360,4,0,1,1,4,0,27,14,13,20,0.32,0.40,0.72,4.10,3.4,3.4
2026-09-19T00:30:59+00:00,2026-09-18,daily,6,2026-10-10T10:00:00Z,470,Morato,NFO,DEF,50,0,0,0.0,0,7,424,3587,u,Has joined West Ham on loan for the rest of the season,2026-09-02T16:19:54.503286Z,0,0,,,,0.0,0,0,0,0,0,0,0,0,0,0,0,0,0,0.00,0.00,0.00,0.00,0.0,0.0
2026-09-19T00:30:59+00:00,2026-09-18,daily,6,2026-10-10T10:00:00Z,471,Milenković,NFO,DEF,54,-1,-1,1.1,6,1036,17938,96193,i,Hamstring injury - Expected back 11 Oct,2026-09-12T14:00:09.705107Z,0,0,,,,2.4,0,12,270,3,0,0,1,3,0,31,26,5,12,0.11,0.03,0.14,3.28,0.0,0.0
2026-09-19T00:30:59+00:00,2026-09-18,daily,6,2026-10-10T10:00:00Z,472,Murillo,NFO,DEF,55,0,0,2.1,501,281,95998,53542,a,,2026-07-23T12:01:23.801183Z,100,100,,2,,3.8,0,19,359,4,0,1,1,4,0,42,34,8,16,0.35,0.29,0.64,4.10,3.8,3.8
2026-09-19T00:30:59+00:00,2026-09-18,daily,6,2026-10-10T10:00:00Z,473,Aina,NFO,DEF,45,0,0,2.6,139,1084,68252,150871,a,,,,,,,,1.6,0,8,306,4,0,0,1,3,0,22,12,10,14,0.04,0.53,0.57,3.72,1.6,1.6
2026-09-19T00:30:59+00:00,2026-09-18,daily,6,2026-10-10T10:00:00Z,474,Jair Cunha,NFO,DEF,45,0,0,0.2,8,83,9514,12609,d,Hamstring injury - 75% chance of playing,2026-09-12T14:00:09.724349Z,75,75,,,,2.0,0,10,270,3,0,0,1,3,0,28,23,5,5,0.03,0.01,0.04,3.28,1.5,1.5
2026-09-19T00:30:59+00:00,2026-09-18,daily,6,2026-10-10T10:00:00Z,475,Savona,NFO,DEF,45,0,0,0.0,0,0,220,258,i,Knee injury - Unknown return date,2026-07-23T12:01:23.816304Z,0,0,,,,0.0,0,0,0,0,0,0,0,0,0,0,0,0,0,0.00,0.00,0.00,0.00,0.0,0.0
2026-09-19T00:30:59+00:00,2026-09-18,daily,6,2026-10-10T10:00:00Z,476,O.Richards,NFO,DEF,40,0,0,0.2,20,28,3720,7579,a,,,,,,,,0.0,0,0,0,0,0,0,0,0,0,0,0,0,0,0.00,0.00,0.00,0.00,0.0,0.0
2026-09-19T00:30:59+00:00,2026-09-18,daily,6,2026-10-10T10:00:00Z,477,Abbott,NFO,DEF,40,0,0,0.2,0,31,2459,13104,u,Has joined Southampton on loan for the rest of the season,2026-09-02T16:19:54.536676Z,0,0,,,,0.0,0,0,0,0,0,0,0,0,0,0,0,0,0,0.00,0.00,0.00,0.00,0.0,0.0
2026-09-19T00:30:59+00:00,2026-09-18,daily,6,2026-10-10T10:00:00Z,478,Netz,NFO,DEF,44,0,-1,0.0,7,7,637,1478,a,,,,,,,,0.4,0,2,20,0,0,0,0,1,0,1,0,1,1,0.00,0.00,0.00,0.13,0.4,0.4
2026-09-19T00:30:59+00:00,2026-09-18,daily,6,2026-10-10T10:00:00Z,479,Bindon,NFO,DEF,40,0,0,0.1,0,29,799,8159,u,Has joined Charlton Athletic on loan for the rest of the season,2026-09-01T13:16:05.383880Z,0,0,,,,0.0,0,0,0,0,0,0,0,0,0,0,0,0,0,0.00,0.00,0.00,0.00,0.0,0.0
2026-09-19T00:30:59+00:00,2026-09-18,daily,6,2026-10-10T10:00:00Z,480,Gibbs-White,NFO,MID,80,0,0,16.0,7868,2354,1151550,585048,a,,2026-08-24T15:30:08.350159Z,100,100,1,1,,5.2,0,26,360,4,1,2,1,4,0,19,2,5,12,1.56,1.02,2.58,4.10,5.2,5.2
2026-09-19T00:30:59+00:00,2026-09-18,daily,6,2026-10-10T10:00:00Z,482,Hudson-Odoi,NFO,MID,58,0,-2,0.2,25,41,5036,16441,a,,2026-07-23T12:01:23.832709Z,100,100,,4,,0.2,0,1,1,0,0,0,0,0,0,0,0,0,0,0.00,0.00,0.00,0.00,0.2,0.2
2026-09-19T00:30:59+00:00,2026-09-18,daily,6,2026-10-10T10:00:00Z,483,Ndoye,NFO,MID,55,0,0,0.8,69,403,71665,41566,a,,,,,,,,2.8,0,14,258,4,1,0,1,2,0,19,2,2,15,1.05,0.88,1.93,3.21,2.8,2.8
2026-09-19T00:30:59+00:00,2026-09-18,daily,6,2026-10-10T10:00:00Z,484,Hutchinson,NFO,MID,54,0,-1,0.1,0,19,427,10647,u,Has joined AC Milan on loan for the rest of the season,2026-09-01T13:23:52.340206Z,0,0,,,,0.0,0,0,0,0,0,0,0,0,0,0,0,0,0,0.00,0.00,0.00,0.00,0.0,0.0
2026-09-19T00:30:59+00:00,2026-09-18,daily,6,2026-10-10T10:00:00Z,485,Bakwa,NFO,MID,55,0,0,0.0,0,2,107,1144,u,Has joined Lille on loan for the rest of the season,2026-08-27T14:53:03.381941Z,0,0,,,,0.0,0,0,0,0,0,0,0,0,0,0,0,0,0,0.00,0.00,0.00,0.00,0.0,0.0
2026-09-19T00:30:59+00:00,2026-09-18,daily,6,2026-10-10T10:00:00Z,486,McAtee,NFO,MID,55,0,0,0.1,31,39,9676,5085,a,,,,,,,1,2.0,0,10,334,4,0,0,2,3,0,35,8,8,19,0.16,0.92,1.08,3.88,2.0,2.0
2026-09-19T00:30:59+00:00,2026-09-18,daily,6,2026-10-10T10:00:00Z,487,Dominguez,NFO,MID,49,0,-1,0.1,3,11,1141,3813,a,,,,,,,,0.2,0,1,1,0,0,0,0,0,0,0,0,0,0,0.00,0.00,0.00,0.00,0.2,0.2
2026-09-19T00:30:59+00:00,2026-09-18,daily,6,2026-10-10T10:00:00Z,488,I.Sangaré,NFO,MID,49,0,-1,0.5,23,232,8922,65811,a,,2026-08-28T09:30:07.471668Z,100,100,,,,0.6,0,3,98,1,0,0,0,1,0,8,4,1,3,0.09,0.02,0.11,0.56,0.6,0.6
2026-09-19T00:30:59+00:00,2026-09-18,daily,6,2026-10-10T10:00:00Z,489,Yates,NFO,MID,45,0,0,1.2,43,281,29689,86636,a,,2026-08-17T20:30:08.195072Z,100,100,,,,0.0,0,0,0,0,0,0,0,0,0,0,0,0,0,0.00,0.00,0.00,0.00,0.0,0.0
2026-09-19T00:30:59+00:00,2026-09-18,daily,6,2026-10-10T10:00:00Z,490,Wood,NFO,FWD,58,0,-2,0.9,138,261,22717,110108,a,,,,,2,,,0.6,0,3,45,0,0,0,0,1,0,1,0,0,1,0.12,0.01,0.13,0.49,0.6,0.6
2026-09-19T00:30:59+00:00,2026-09-18,daily,6,2026-10-10T10:00:00Z,491,Igor Jesus,NFO,FWD,58,0,-2,2.8,665,816,119665,248161,a,,,,,4,,,2.2,0,11,226,2,1,0,0,3,0,12,5,2,5,1.09,0.07,1.16,2.57,2.2,2.2
2026-09-19T00:30:59+00:00,2026-09-18,daily,6,2026-10-10T10:00:00Z,493,Kalimuendo,NFO,FWD,54,0,-1,0.1,9,16,2819,3716,a,,,,,,,,0.2,0,1,1,0,0,0,0,0,0,0,0,0,0,0.00,0.00,0.00,0.00,0.2,0.2
2026-09-19T00:30:59+00:00,2026-09-18,daily,6,2026-10-10T10:00:00Z,558,Schlager,NFO,MID,50,0,0,0.1,26,44,5706,5061,a,,,,,,,3,2.2,0,11,286,3,0,0,1,4,0,42,9,15,18,0.14,0.08,0.22,3.76,2.2,2.2
2026-09-19T00:30:59+00:00,2026-09-18,daily,6,2026-10-10T10:00:00Z,581,Diomande,NFO,DEF,54,0,-1,0.5,90,105,12212,39570,a,,,,,,,,1.0,0,5,91,1,0,0,0,1,0,14,13,1,3,0.11,0.00,0.11,0.82,1.0,1.0
2026-09-19T00:30:59+00:00,2026-09-18,daily,6,2026-10-10T10:00:00Z,590,Benda,NFO,GKP,45,0,0,0.1,12,11,2552,2612,a,,,,,,,,0.0,0,0,0,0,0,0,0,0,0,0,0,0,0,0.00,0.00,0.00,0.00,0.0,0.0
2026-09-19T00:30:59+00:00,2026-09-18,daily,6,2026-10-10T10:00:00Z,112,Van Hecke,TOT,DEF,49,0,-1,6.7,656,1355,136825,446750,a,,,,,,,,3.6,0,18,360,4,0,0,2,5,0,34,27,7,13,0.34,0.12,0.46,6.62,3.6,3.6
2026-09-19T00:30:59+00:00,2026-09-18,daily,6,2026-10-10T10:00:00Z,147,Tosin,TOT,DEF,44,0,-1,0.2,15,19,1907,7371,a,,,,,,,,0.2,0,1,5,0,0,0,0,0,0,4,2,2,1,0.00,0.00,0.00,0.03,0.2,0.2
2026-09-19T00:30:59+00:00,2026-09-18,daily,6,2026-10-10T10:00:00Z,401,Marmoush,TOT,FWD,70,0,0,2.2,1068,760,223547,141893,a,,,,,2,5,,1.2,0,6,249,3,0,0,2,2,0,9,0,1,8,0.36,0.11,0.47,2.68,1.2,1.2
2026-09-19T00:30:59+00:00,2026-09-18,daily,6,2026-10-10T10:00:00Z,403,Sávio,TOT,MID,65,0,0,0.7,149,269,97061,73032,a,,2026-08-29T16:30:08.380416Z,100,100,,,4,1.2,0,6,150,2,0,0,2,0,0,6,1,0,5,0.12,0.53,0.65,1.60,1.2,1.2
2026-09-19T00:30:59+00:00,2026-09-18,daily,6,2026-10-10T10:00:00Z,455,Tonali,TOT,MID,53,-1,-2,2.0,127,786,45716,255393,a,,2026-09-14T14:30:07.387706Z,100,100,,,,2.4,0,12,344,4,0,0,2,5,0,31,10,5,16,0.18,0.40,0.58,6.62,2.4,2.4
2026-09-19T00:30:59+00:00,2026-09-18,daily,6,2026-10-10T10:00:00Z,494,Vicario,TOT,GKP,45,0,0,0.1,0,31,0,21414,u,Has joined Juventus on loan for the rest of the season,2026-08-19T13:55:33.193962Z,0,0,,,,0.0,0,0,0,0,0,0,0,0,0,0,0,0,0,0.00,0.00,0.00,0.00,0.0,0.0
2026-09-19T00:30:59+00:00,2026-09-18,daily,6,2026-10-10T10:00:00Z,495,Austin,TOT,GKP,40,0,0,1.0,145,89,27796,19774,a,,,,,,,,0.0,0,0,0,0,0,0,0,0,0,0,0,0,0,0.00,0.00,0.00,0.00,0.0,0.0
2026-09-19T00:30:59+00:00,2026-09-18,daily,6,2026-10-10T10:00:00Z,496,Kinsky,TOT,GKP,45,0,0,18.2,1374,8781,330528,691008,a,,,,,,,,3.2,0,16,360,4,0,0,2,5,9,0,10,0,29,0.00,0.00,0.00,6.62,3.2,3.2
2026-09-19T00:30:59+00:00,2026-09-18,daily,6,2026-10-10T10:00:00Z,497,Dubravka,TOT,GKP,40,0,0,17.5,2509,2457,373148,395107,a,,,,,,,,0.0,0,0,0,0,0,0,0,0,0,0,0,0,0,0.00,0.00,0.00,0.00,0.0,0.0
2026-09-19T00:30:59+00:00,2026-09-18,daily,6,2026-10-10T10:00:00Z,498,Senesi,TOT,DEF,58,0,-2,3.7,106,853,28250,437316,a,,,,,,,,0.6,0,3,90,1,0,0,0,3,0,16,11,5,2,0.00,0.02,0.02,3.87,0.6,0.6
2026-09-19T00:30:59+00:00,2026-09-18,daily,6,2026-10-10T10:00:00Z,499,Pedro Porro,TOT,DEF,54,0,-1,8.4,590,1282,123364,919030,a,,2026-09-11T18:00:09.076279Z,100,100,,1,3,1.6,0,8,180,2,0,0,1,2,0,8,6,2,5,0.36,0.16,0.52,1.64,1.6,1.6
2026-09-19T00:30:59+00:00,2026-09-18,daily,6,2026-10-10T10:00:00Z,500,Romero,TOT,DEF,50,0,0,0.1,0,14,0,16528,u,Has joined Atletico Madrid permanently,2026-08-17T13:49:05.465401Z,0,0,,,,0.0,0,0,0,0,0,0,0,0,0,0,0,0,0,0.00,0.00,0.00,0.00,0.0,0.0
2026-09-19T00:30:59+00:00,2026-09-18,daily,6,2026-10-10T10:00:00Z,502,Robertson,TOT,DEF,44,0,-1,2.6,298,774,61970,171450,a,,,,,,,1,2.6,0,13,276,3,0,0,1,4,0,17,14,3,8,0.13,0.17,0.30,5.89,2.6,2.6
2026-09-19T00:30:59+00:00,2026-09-18,daily,6,2026-10-10T10:00:00Z,503,Van de Ven,TOT,DEF,50,0,0,4.0,418,468,88874,247709,a,,2026-08-21T15:00:07.610517Z,100,100,,,,3.0,0,15,270,3,0,0,2,2,0,23,19,4,12,0.57,0.04,0.61,2.75,3.0,3.0
2026-09-19T00:30:59+00:00,2026-09-18,daily,6,2026-10-10T10:00:00Z,505,Spence,TOT,DEF,45,0,0,0.2,0,66,0,68152,u,Has joined Internazionale permanently,2026-08-18T14:13:08.454214Z,0,0,,,,0.0,0,0,0,0,0,0,0,0,0,0,0,0,0,0.00,0.00,0.00,0.00,0.0,0.0
2026-09-19T00:30:59+00:00,2026-09-18,daily,6,2026-10-10T10:00:00Z,506,Udogie,TOT,DEF,44,0,-1,0.3,31,62,5270,20892,a,,2026-09-11T18:00:09.092110Z,100,100,,,,1.4,0,7,86,1,0,0,1,1,0,4,3,1,4,0.00,0.23,0.23,1.17,1.4,1.4
2026-09-19T00:30:59+00:00,2026-09-18,daily,6,2026-10-10T10:00:00Z,507,Phillips,TOT,DEF,45,0,0,0.0,0,3,0,1218,u,Has joined Middlesbrough permanently,2026-08-18T14:13:08.474144Z,0,0,,,,0.0,0,0,0,0,0,0,0,0,0,0,0,0,0,0.00,0.00,0.00,0.00,0.0,0.0
2026-09-19T00:30:59+00:00,2026-09-18,daily,6,2026-10-10T10:00:00Z,508,Davies,TOT,DEF,39,-1,-1,0.8,67,143,11863,37586,a,,,,,,,,0.0,0,0,0,0,0,0,0,0,0,0,0,0,0,0.00,0.00,0.00,0.00,0.0,0.0
2026-09-19T00:30:59+00:00,2026-09-18,daily,6,2026-10-10T10:00:00Z,509,Byfield,TOT,DEF,40,0,0,0.1,6,11,2221,2355,a,,,,,,,,0.0,0,0,0,0,0,0,0,0,0,0,0,0,0,0.00,0.00,0.00,0.00,0.0,0.0
2026-09-19T00:30:59+00:00,2026-09-18,daily,6,2026-10-10T10:00:00Z,510,Rowswell,TOT,DEF,40,0,0,0.1,11,19,2740,3147,a,,,,,,,,0.0,0,0,0,0,0,0,0,0,0,0,0,0,0,0.00,0.00,0.00,0.00,0.0,0.0
2026-09-19T00:30:59+00:00,2026-09-18,daily,6,2026-10-10T10:00:00Z,511,Souza,TOT,DEF,40,0,0,0.2,0,61,2555,16047,u,Has joined FC Porto on loan for the rest of the season,2026-09-01T13:24:26.858636Z,0,0,,,,0.0,0,0,0,0,0,0,0,0,0,0,0,0,0,0.00,0.00,0.00,0.00,0.0,0.0
2026-09-19T00:30:59+00:00,2026-09-18,daily,6,2026-10-10T10:00:00Z,512,Kudus,TOT,MID,65,0,0,0.1,69,50,10863,10005,a,,2026-07-23T12:01:23.848657Z,100,100,3,3,6,0.6,0,3,78,0,0,0,0,1,0,7,0,1,6,0.04,0.22,0.26,1.11,0.6,0.6
2026-09-19T00:30:59+00:00,2026-09-18,daily,6,2026-10-10T10:00:00Z,513,Xavi,TOT,MID,59,0,-1,0.0,2,5,294,1046,i,Knee injury - Unknown return date,2026-07-23T12:01:23.864304Z,0,0,4,2,,0.0,0,0,0,0,0,0,0,0,0,0,0,0,0,0.00,0.00,0.00,0.00,0.0,0.0
2026-09-19T00:30:59+00:00,2026-09-18,daily,6,2026-10-10T10:00:00Z,514,Tel,TOT,MID,57,-1,-3,0.2,14,165,8946,44982,a,,,,,,4,5,1.6,0,8,257,3,0,0,1,4,0,13,1,1,11,0.21,0.23,0.44,5.55,1.6,1.6
2026-09-19T00:30:59+00:00,2026-09-18,daily,6,2026-10-10T10:00:00Z,515,Maddison,TOT,MID,63,0,-2,0.4,61,69,5110,94322,a,,2026-08-25T14:30:07.623508Z,100,100,,,,0.4,0,2,35,0,0,0,0,0,0,5,3,0,2,0.00,0.02,0.02,0.88,0.4,0.4
2026-09-19T00:30:59+00:00,2026-09-18,daily,6,2026-10-10T10:00:00Z,516,Bentancur,TOT,MID,55,0,0,0.2,13,31,4777,7688,a,,,,,,,,2.2,0,11,287,3,0,0,2,3,0,43,19,9,15,0.02,0.08,0.10,4.49,2.2,2.2
2026-09-19T00:30:59+00:00,2026-09-18,daily,6,2026-10-10T10:00:00Z,517,Odobert,TOT,MID,55,0,0,0.0,1,0,103,95,i,Knee injury - Unknown return date,2026-07-23T12:01:23.879434Z,0,0,,,,0.0,0,0,0,0,0,0,0,0,0,0,0,0,0,0.00,0.00,0.00,0.00,0.0,0.0
2026-09-19T00:30:59+00:00,2026-09-18,daily,6,2026-10-10T10:00:00Z,518,P.M.Sarr,TOT,MID,49,0,-1,0.1,0,42,4138,23109,u,Has joined Juventus on loan for the rest of the season,2026-09-02T16:02:43.386849Z,0,0,,,,0.0,0,0,0,0,0,0,0,0,0,0,0,0,0,0.00,0.00,0.00,0.00,0.0,0.0
2026-09-19T00:30:59+00:00,2026-09-18,daily,6,2026-10-10T10:00:00Z,519,Gallagher,TOT,MID,53,0,-2,0.2,33,33,3889,16421,a,,,,,,,,0.6,0,3,128,2,0,0,1,2,0,14,1,5,8,0.02,0.12,0.14,2.58,0.6,0.6
2026-09-19T00:30:59+00:00,2026-09-18,daily,6,2026-10-10T10:00:00Z,520,Bergvall,TOT,MID,54,0,-1,0.1,5,16,1785,8949,a,,,,,,,,0.4,0,2,72,1,0,0,0,2,0,12,1,2,9,0.06,0.26,0.32,2.14,0.4,0.4
2026-09-19T00:30:59+00:00,2026-09-18,daily,6,2026-10-10T10:00:00Z,521,Kulusevski,TOT,MID,65,0,0,0.0,2,7,308,672,i,Knee injury - Unknown return date,2026-07-23T12:01:23.895175Z,0,0,,,,0.0,0,0,0,0,0,0,0,0,0,0,0,0,0,0.00,0.00,0.00,0.00,0.0,0.0
2026-09-19T00:30:59+00:00,2026-09-18,daily,6,2026-10-10T10:00:00Z,522,Gray,TOT,MID,49,0,-1,0.2,31,54,6408,12225,a,,,,,,,,1.4,0,7,236,3,0,0,1,4,0,22,9,3,10,0.09,0.04,0.13,4.99,1.4,1.4
2026-09-19T00:30:59+00:00,2026-09-18,daily,6,2026-10-10T10:00:00Z,523,Moore,TOT,MID,50,0,0,0.1,0,35,3258,16520,u,Has joined FC Köln on loan for the rest of the season,2026-09-04T12:39:48.098158Z,0,0,,,,0.6,0,3,89,1,0,0,0,4,0,3,0,1,2,0.40,0.02,0.42,3.26,0.0,0.0
2026-09-19T00:30:59+00:00,2026-09-18,daily,6,2026-10-10T10:00:00Z,524,Olusesi,TOT,MID,44,0,-1,1.0,370,354,49986,42199,a,,,,,,,,0.0,0,0,0,0,0,0,0,0,0,0,0,0,0,0.00,0.00,0.00,0.00,0.0,0.0
2026-09-19T00:30:59+00:00,2026-09-18,daily,6,2026-10-10T10:00:00Z,525,Fernandes,TOT,MID,58,0,-2,0.8,41,250,14022,118337,a,,,,,,,2,1.2,0,6,204,2,0,0,1,3,0,14,0,6,8,0.12,0.26,0.38,3.61,1.2,1.2
2026-09-19T00:30:59+00:00,2026-09-18,daily,6,2026-10-10T10:00:00Z,526,Solanke,TOT,FWD,58,0,-2,0.8,138,231,27685,89282,a,,,,,1,,,1.0,0,5,105,1,0,0,1,0,0,3,1,0,2,0.44,0.01,0.45,1.56,1.0,1.0
2026-09-19T00:30:59+00:00,2026-09-18,daily,6,2026-10-10T10:00:00Z,527,Richarlison,TOT,FWD,59,0,-1,0.7,0,585,21439,263068,u,not included in squad.,2026-09-04T12:32:39.183614Z,0,0,,,,0.4,0,2,67,1,0,0,0,3,0,1,1,0,0,0.00,0.00,0.00,3.02,0.0,0.0
2026-09-19T00:30:59+00:00,2026-09-18,daily,6,2026-10-10T10:00:00Z,528,Scarlett,TOT,FWD,45,0,0,1.2,0,413,42525,101980,u,Has joined Leyton Orient permanently,2026-09-02T16:02:43.413625Z,0,0,,,,0.0,0,0,0,0,0,0,0,0,0,0,0,0,0,0.00,0.00,0.00,0.00,0.0,0.0
2026-09-19T00:30:59+00:00,2026-09-18,daily,6,2026-10-10T10:00:00Z,578,Mudryk,TOT,MID,54,0,-1,0.0,1,33,5421,7081,i,Ankle injury - Unknown return date,2026-09-11T18:00:09.154412Z,0,0,,,,0.2,0,1,16,0,0,0,0,0,0,0,0,0,0,0.00,0.00,0.00,0.16,0.0,0.0
2026-09-19T00:30:59+00:00,2026-09-18,daily,6,2026-10-10T10:00:00Z,601,Williams-Barnett,TOT,MID,45,0,0,0.1,16,31,10098,6314,a,,,,,,,,0.0,0,0,0,0,0,0,0,0,0,0,0,0,0,0.00,0.00,0.00,0.00,0.0,0.0
2026-09-19T00:30:59+00:00,2026-09-18,daily,6,2026-10-10T10:00:00Z,501,Danso,SUN,DEF,50,0,0,0.2,60,38,5485,9075,a,,,,,,,,0.6,0,3,180,2,0,0,0,3,0,12,11,1,6,0.00,0.16,0.16,3.09,0.6,0.6
2026-09-19T00:30:59+00:00,2026-09-18,daily,6,2026-10-10T10:00:00Z,529,Roefs,SUN,GKP,49,0,-1,2.6,178,611,20027,166736,a,,,,,,,,2.2,0,11,360,4,0,0,1,5,5,0,5,0,31,0.00,0.00,0.00,5.84,2.2,2.2
2026-09-19T00:30:59+00:00,2026-09-18,daily,6,2026-10-10T10:00:00Z,530,Patterson,SUN,GKP,40,0,0,0.1,0,15,0,5667,u,Has joined Wrexham permanently,2026-08-12T14:08:03.064533Z,0,0,,,,0.0,0,0,0,0,0,0,0,0,0,0,0,0,0,0.00,0.00,0.00,0.00,0.0,0.0
2026-09-19T00:30:59+00:00,2026-09-18,daily,6,2026-10-10T10:00:00Z,531,Ellborg,SUN,GKP,45,0,0,0.1,5,8,1044,3089,a,,,,,,,,0.0,0,0,0,0,0,0,0,0,0,0,0,0,0,0.00,0.00,0.00,0.00,0.0,0.0
2026-09-19T00:30:59+00:00,2026-09-18,daily,6,2026-10-10T10:00:00Z,532,Ballard,SUN,DEF,49,0,-1,2.6,274,1531,42173,302099,a,,,,,,,,2.4,0,12,360,4,0,0,1,5,0,35,29,6,9,0.17,0.16,0.33,5.84,2.4,2.4
2026-09-19T00:30:59+00:00,2026-09-18,daily,6,2026-10-10T10:00:00Z,533,Mukiele,SUN,DEF,54,0,-1,1.9,367,316,39698,121421,a,,2026-08-09T08:30:05.954750Z,100,100,,,,2.6,0,13,270,3,0,0,1,3,0,39,30,9,13,0.70,0.05,0.75,4.04,2.6,2.6
2026-09-19T00:30:59+00:00,2026-09-18,daily,6,2026-10-10T10:00:00Z,534,Hume,SUN,DEF,43,-1,-2,3.0,73,5661,36699,373336,a,,,,,,,3,1.8,0,9,195,2,0,0,1,1,0,12,3,9,12,0.04,0.28,0.32,3.09,1.8,1.8
2026-09-19T00:30:59+00:00,2026-09-18,daily,6,2026-10-10T10:00:00Z,535,Alderete,SUN,DEF,49,0,-1,0.2,7,41,4761,26317,a,,2026-08-09T08:30:05.962393Z,100,100,,,,0.2,0,1,23,0,0,0,0,1,0,0,0,0,2,0.00,0.01,0.01,0.10,0.2,0.2
2026-09-19T00:30:59+00:00,2026-09-18,daily,6,2026-10-10T10:00:00Z,536,Reinildo,SUN,DEF,45,0,0,0.3,4,195,3867,22995,s,Suspended until 10 Oct,2026-09-12T21:30:09.421687Z,0,0,,,,1.4,0,7,360,4,0,0,1,5,0,29,21,8,18,0.00,0.32,0.32,5.05,0.0,0.0
2026-09-19T00:30:59+00:00,2026-09-18,daily,6,2026-10-10T10:00:00Z,537,Seelt,SUN,DEF,45,0,0,0.0,0,0,61,642,u,Has joined Swansea City on loan for the rest of the season,2026-08-29T00:34:52.425076Z,0,0,,,,0.0,0,0,0,0,0,0,0,0,0,0,0,0,0,0.00,0.00,0.00,0.00,0.0,0.0
2026-09-19T00:30:59+00:00,2026-09-18,daily,6,2026-10-10T10:00:00Z,538,Hjelde,SUN,DEF,40,0,0,0.0,0,7,0,2378,u,Has joined KV Mechelen on loan for the rest of the season,2026-08-12T14:08:03.081789Z,0,0,,,,0.0,0,0,0,0,0,0,0,0,0,0,0,0,0,0.00,0.00,0.00,0.00,0.0,0.0
2026-09-19T00:30:59+00:00,2026-09-18,daily,6,2026-10-10T10:00:00Z,539,O'Nien,SUN,DEF,39,-1,-1,2.4,99,954,14842,110854,a,,,,,,,,0.2,0,1,66,1,0,0,0,1,0,5,4,1,4,0.01,0.01,0.02,1.69,0.2,0.2
2026-09-19T00:30:59+00:00,2026-09-18,daily,6,2026-10-10T10:00:00Z,540,Masuaku,SUN,DEF,40,0,0,0.1,0,25,0,10958,u,Has joined Konyaspor permanently,2026-08-12T14:08:03.097784Z,0,0,,,,0.0,0,0,0,0,0,0,0,0,0,0,0,0,0,0.00,0.00,0.00,0.00,0.0,0.0
2026-09-19T00:30:59+00:00,2026-09-18,daily,6,2026-10-10T10:00:00Z,541,Meunier,SUN,DEF,45,0,0,0.3,74,28,5475,8780,a,,2026-08-16T08:30:07.830062Z,100,100,,,,2.2,0,11,318,4,0,0,1,4,0,16,14,2,12,0.34,0.13,0.47,4.60,2.2,2.2
2026-09-19T00:30:59+00:00,2026-09-18,daily,6,2026-10-10T10:00:00Z,542,E.Le Fée,SUN,MID,57,-1,-3,3.5,419,3726,33991,630301,a,,,,,2,3,1,2.6,0,13,348,4,1,0,1,4,0,18,1,6,11,2.06,0.82,2.88,5.64,2.6,2.6
2026-09-19T00:30:59+00:00,2026-09-18,daily,6,2026-10-10T10:00:00Z,543,Diarra,SUN,MID,54,0,-1,0.0,0,14,538,5697,i,Hamstring injury - Unknown return date,2026-08-30T16:30:08.428960Z,0,0,1,,,1.0,0,5,28,0,0,1,0,1,0,0,0,0,0,0.03,0.16,0.19,0.12,0.0,0.0
2026-09-19T00:30:59+00:00,2026-09-18,daily,6,2026-10-10T10:00:00Z,544,Xhaka,SUN,MID,55,0,0,3.8,515,931,125047,186020,a,,,,,,2,2,3.8,0,19,360,4,0,1,1,5,0,46,9,6,31,0.06,0.94,1.00,5.84,3.8,3.8
2026-09-19T00:30:59+00:00,2026-09-18,daily,6,2026-10-10T10:00:00Z,545,Sadiki,SUN,MID,49,0,-1,0.2,22,84,5335,17109,a,,,,,,,,1.6,0,8,343,4,0,0,1,5,0,26,10,6,10,0.40,0.23,0.63,5.45,1.6,1.6
2026-09-19T00:30:59+00:00,2026-09-18,daily,6,2026-10-10T10:00:00Z,546,Adingra,SUN,MID,49,0,-1,0.0,0,12,240,7240,u,Has joined Ajax on loan for the rest of the season,2026-08-20T14:00:08.416985Z,0,0,,,,0.0,0,0,0,0,0,0,0,0,0,0,0,0,0,0.00,0.00,0.00,0.00,0.0,0.0
2026-09-19T00:30:59+00:00,2026-09-18,daily,6,2026-10-10T10:00:00Z,547,Mundle,SUN,MID,49,0,-1,0.0,1,4,192,622,i,Knee injury - Unknown return date,2026-09-09T14:00:08.462705Z,0,0,,,,0.2,0,1,1,0,0,0,0,0,0,1,1,0,0,0.17,0.00,0.17,0.09,0.0,0.0
2026-09-19T00:30:59+00:00,2026-09-18,daily,6,2026-10-10T10:00:00Z,548,Rigg,SUN,MID,49,0,-1,0.0,1,5,438,2625,a,,,,,,,,0.4,0,2,17,0,0,0,0,1,0,1,0,0,1,0.00,0.00,0.00,0.44,0.4,0.4
2026-09-19T00:30:59+00:00,2026-09-18,daily,6,2026-10-10T10:00:00Z,549,Talbi,SUN,MID,53,0,-2,0.1,9,19,1242,11239,a,,,,,,,,0.2,0,1,31,0,0,0,0,1,0,2,0,0,2,0.00,0.00,0.00,0.14,0.2,0.2
2026-09-19T00:30:59+00:00,2026-09-18,daily,6,2026-10-10T10:00:00Z,550,Jocelin.T,SUN,MID,50,0,0,0.0,2,3,276,384,a,,,,,,,,0.0,0,0,0,0,0,0,0,0,0,0,0,0,0,0.00,0.00,0.00,0.00,0.0,0.0
2026-09-19T00:30:59+00:00,2026-09-18,daily,6,2026-10-10T10:00:00Z,551,N.Angulo,SUN,MID,50,0,0,0.1,23,55,12302,9843,a,,,,,,1,,2.4,0,12,254,4,1,0,1,3,0,20,2,5,13,0.15,0.12,0.27,3.81,2.4,2.4
2026-09-19T00:30:59+00:00,2026-09-18,daily,6,2026-10-10T10:00:00Z,552,Brobbey,SUN,FWD,57,-1,-3,5.4,602,2806,92060,888978,a,,,,,,,,1.4,0,7,309,4,0,0,1,4,0,11,1,0,10,0.59,0.07,0.66,5.36,1.4,1.4
2026-09-19T00:30:59+00:00,2026-09-18,daily,6,2026-10-10T10:00:00Z,553,Isidor,SUN,FWD,55,0,0,1.3,237,362,92539,75516,a,,,,,,,,2.8,0,14,95,0,1,1,0,2,0,3,0,1,2,1.49,0.01,1.50,1.99,2.8,2.8
2026-09-19T00:30:59+00:00,2026-09-18,daily,6,2026-10-10T10:00:00Z,612,Methalie,SUN,DEF,45,0,0,0.0,1,6,790,432,a,,2026-08-28T13:00:08.950445Z,100,100,,,,0.0,0,0,0,0,0,0,0,0,0,0,0,0,0,0.00,0.00,0.00,0.00,0.0,0.0
2026-09-19T00:30:59+00:00,2026-09-18,daily,6,2026-10-10T10:00:00Z,613,Ahoka,SUN,MID,45,0,0,0.2,32,81,24827,12779,a,,,,,,,,0.0,0,0,0,0,0,0,0,0,0,0,0,0,0,0.00,0.00,0.00,0.00,0.0,0.0
2026-09-19T00:30:59+00:00,2026-09-18,daily,6,2026-10-10T10:00:00Z,646,Fofana,SUN,MID,55,0,0,0.0,27,17,3763,1445,a,,,,,,,,0.7,0,2,30,0,0,0,0,1,0,0,0,0,0,0.00,0.00,0.00,1.18,0.7,0.7
2026-09-19T00:30:59+00:00,2026-09-18,daily,6,2026-10-10T10:00:00Z,651,J.Angulo,SUN,FWD,45,0,0,0.7,900,293,82768,23308,a,,,,,,,,0.0,0,0,0,0,0,0,0,0,0,0,0,0,0,0.00,0.00,0.00,0.00,0.0,0.0
