snapshot_utc,snapshot_date,snapshot_kind,event,deadline_time,id,web_name,team,position,now_cost,cost_change_event,cost_change_start,selected_by_percent,transfers_in_event,transfers_out_event,transfers_in,transfers_out,status,news,news_added,chance_of_playing_this_round,chance_of_playing_next_round,penalties_order,direct_freekicks_order,corners_and_indirect_freekicks_order,form,event_points,total_points,minutes,starts,goals_scored,assists,clean_sheets,goals_conceded,saves,defensive_contribution,clearances_blocks_interceptions,tackles,recoveries,expected_goals,expected_assists,expected_goal_involvements,expected_goals_conceded,ep_this,ep_next
2026-10-08T02:12:17+00:00,2026-10-07,daily,6,2026-10-10T10:00:00Z,1,Raya,ARS,GKP,61,1,1,42.4,156123,62087,996522,654491,a,,,,,,,,7.5,1,30,450,5,0,0,3,4,9,0,6,1,58,0.00,0.01,0.01,4.03,7.5,7.5
2026-10-08T02:12:17+00:00,2026-10-07,daily,6,2026-10-10T10:00:00Z,2,Arrizabalaga,ARS,GKP,49,0,-1,0.1,129,297,1506,4310,a,,,,,,,,0.0,0,0,0,0,0,0,0,0,0,0,0,0,0,0.00,0.00,0.00,0.00,0.0,0.0
2026-10-08T02:12:17+00:00,2026-10-07,daily,6,2026-10-10T10:00:00Z,3,Meslier,ARS,GKP,49,0,-1,0.0,54,132,521,1592,a,,,,,,,,0.0,0,0,0,0,0,0,0,0,0,0,0,0,0,0.00,0.00,0.00,0.00,0.0,0.0
2026-10-08T02:12:17+00:00,2026-10-07,daily,6,2026-10-10T10:00:00Z,4,Gabriel,ARS,DEF,80,0,0,22.7,33482,79607,243725,922498,a,,,,,,,,5.0,1,25,450,5,0,0,3,4,0,41,35,6,17,0.51,0.20,0.71,4.03,5.0,5.0
2026-10-08T02:12:17+00:00,2026-10-07,daily,6,2026-10-10T10:00:00Z,5,J.Timber,ARS,DEF,65,0,0,0.5,17324,5392,38980,16145,a,,2026-07-23T12:01:23.272929Z,100,100,,,,0.5,0,1,104,1,0,0,0,3,0,5,2,3,7,0.00,0.03,0.03,2.18,0.5,0.5
2026-10-08T02:12:17+00:00,2026-10-07,daily,6,2026-10-10T10:00:00Z,6,Saliba,ARS,DEF,59,0,-1,0.2,467,1248,3549,18801,i,Back injury - Unknown return date,2026-07-23T12:01:23.289376Z,0,0,,,,0.0,0,0,0,0,0,0,0,0,0,0,0,0,0,0.00,0.00,0.00,0.00,0.0,0.0
2026-10-08T02:12:17+00:00,2026-10-07,daily,6,2026-10-10T10:00:00Z,7,Lewis-Skelly,ARS,MID,54,-1,-1,0.6,1231,5510,29908,50314,a,,,,,,,,0.5,0,9,271,4,0,0,2,1,0,14,5,1,8,0.16,0.23,0.39,1.02,0.5,0.5
2026-10-08T02:12:17+00:00,2026-10-07,daily,6,2026-10-10T10:00:00Z,8,Calafiori,ARS,DEF,59,1,4,50.6,105183,73750,1685191,412257,a,,,,,,,,3.5,1,29,416,5,0,2,3,4,0,18,12,6,13,0.67,0.62,1.29,3.76,3.5,3.5
2026-10-08T02:12:17+00:00,2026-10-07,daily,6,2026-10-10T10:00:00Z,9,Hincapie,ARS,DEF,52,-1,-3,0.9,1757,6301,16576,118012,a,,,,,,,,0.0,0,2,32,0,0,0,0,0,0,3,2,1,0,0.00,0.00,0.00,0.28,0.0,0.0
2026-10-08T02:12:17+00:00,2026-10-07,daily,6,2026-10-10T10:00:00Z,10,White,ARS,DEF,55,0,0,4.8,3406,78770,456164,577551,d,Groin injury - 75% chance of playing,2026-09-20T19:30:08.247780Z,100,75,,,,0.5,0,21,315,4,0,1,2,1,0,18,12,6,9,0.18,0.29,0.47,1.15,0.5,0.4
2026-10-08T02:12:17+00:00,2026-10-07,daily,6,2026-10-10T10:00:00Z,11,Mosquera,ARS,DEF,53,0,-2,1.6,1784,11149,31949,469878,a,,2026-09-04T14:00:08.080310Z,100,100,,,,0.0,0,12,168,2,0,0,2,0,0,10,10,0,3,0.00,0.01,0.01,0.53,0.0,0.0
2026-10-08T02:12:17+00:00,2026-10-07,daily,6,2026-10-10T10:00:00Z,12,Saka,ARS,MID,96,1,1,14.4,183635,56363,863257,406214,a,,,,,1,2,2,5.0,2,32,416,5,3,0,3,4,0,31,8,6,17,3.22,0.98,4.20,3.58,5.0,5.0
2026-10-08T02:12:17+00:00,2026-10-07,daily,6,2026-10-10T10:00:00Z,13,Rice,ARS,MID,74,0,-1,11.4,8040,103870,119886,746544,d,Unspecified injury - 75% chance of playing,2026-09-21T13:00:08.896379Z,,75,,1,1,3.5,1,20,411,5,0,2,3,4,0,42,18,7,17,0.12,0.69,0.81,3.50,3.5,2.6
2026-10-08T02:12:17+00:00,2026-10-07,daily,6,2026-10-10T10:00:00Z,14,Eze,ARS,MID,62,-1,-3,1.0,3540,7638,24459,140482,a,,,,,,3,,1.0,1,4,85,0,0,0,0,0,0,5,0,0,5,0.04,0.09,0.13,1.33,1.0,1.0
2026-10-08T02:12:17+00:00,2026-10-07,daily,6,2026-10-10T10:00:00Z,15,Ødegaard,ARS,MID,68,0,3,19.9,102587,106095,1658307,565544,a,,,,,3,4,,2.5,2,29,377,5,2,0,3,4,0,23,5,6,12,1.08,1.32,2.40,3.23,2.5,2.5
2026-10-08T02:12:17+00:00,2026-10-07,daily,6,2026-10-10T10:00:00Z,16,Madueke,ARS,MID,62,0,-3,0.2,856,1714,6136,26134,a,,,,,,,5,0.0,0,2,23,0,0,0,0,0,0,3,0,1,2,0.00,0.05,0.05,0.15,0.0,0.0
2026-10-08T02:12:17+00:00,2026-10-07,daily,6,2026-10-10T10:00:00Z,17,Merino,ARS,MID,57,-1,-3,0.4,1222,3187,9959,48477,a,,,,,,,,1.0,1,4,81,0,0,0,0,0,0,10,1,0,9,0.14,0.15,0.29,0.96,1.0,1.0
2026-10-08T02:12:17+00:00,2026-10-07,daily,6,2026-10-10T10:00:00Z,18,Martinelli,ARS,MID,63,0,-2,0.1,0,641,2483,21942,u,Has joined Al Hilal permanently,2026-09-04T12:34:46.738449Z,0,0,,,,0.0,0,0,0,0,0,0,0,0,0,0,0,0,0,0.00,0.00,0.00,0.00,0.0,0.0
2026-10-08T02:12:17+00:00,2026-10-07,daily,6,2026-10-10T10:00:00Z,19,Zubimendi,ARS,MID,53,0,-2,0.6,574,4211,8589,67154,a,,,,,,,,1.0,1,5,89,0,0,0,0,0,0,12,5,4,3,0.21,0.04,0.25,1.38,1.0,1.0
2026-10-08T02:12:17+00:00,2026-10-07,daily,6,2026-10-10T10:00:00Z,20,Dowman,ARS,MID,53,0,-2,0.1,486,703,3074,7422,d,Unspecified injury - 75% chance of playing,2026-10-05T19:00:10.141532Z,,75,,,,0.5,1,1,9,0,0,0,0,0,0,0,0,0,0,0.00,0.08,0.08,0.31,0.5,0.4
2026-10-08T02:12:17+00:00,2026-10-07,daily,6,2026-10-10T10:00:00Z,22,Nwaneri,ARS,MID,54,0,-1,0.0,0,58,233,1258,u,Has joined Borussia Dortmund on loan for the rest of the season,2026-09-02T16:01:07.058827Z,0,0,,,,0.0,0,0,0,0,0,0,0,0,0,0,0,0,0,0.00,0.00,0.00,0.00,0.0,0.0
2026-10-08T02:12:17+00:00,2026-10-07,daily,6,2026-10-10T10:00:00Z,23,Fábio Vieira,ARS,MID,55,0,0,0.0,0,44,255,923,u,Has joined Hamburger SV permanently,2026-09-02T16:00:28.446370Z,0,0,,,,0.0,0,0,0,0,0,0,0,0,0,0,0,0,0,0.00,0.00,0.00,0.00,0.0,0.0
2026-10-08T02:12:17+00:00,2026-10-07,daily,6,2026-10-10T10:00:00Z,24,Nelson,ARS,MID,55,0,0,0.0,0,26,68,680,u,has departed the club as a free agent.,2026-08-29T00:33:08.556767Z,0,0,,,,0.0,0,0,0,0,0,0,0,0,0,0,0,0,0,0.00,0.00,0.00,0.00,0.0,0.0
2026-10-08T02:12:17+00:00,2026-10-07,daily,6,2026-10-10T10:00:00Z,25,Gyökeres,ARS,FWD,71,-1,-4,3.3,28445,20120,56668,614444,a,,,,,2,,,0.5,1,2,29,0,0,0,0,0,0,1,0,0,1,0.00,0.23,0.23,0.65,0.5,0.5
2026-10-08T02:12:17+00:00,2026-10-07,daily,6,2026-10-10T10:00:00Z,26,Havertz,ARS,FWD,76,0,1,8.0,51548,92085,654781,452557,d,Hamstring injury - 75% chance of playing,2026-09-24T22:00:09.120308Z,,75,,,,1.5,2,19,437,5,2,0,3,4,0,13,6,0,7,1.67,0.37,2.04,3.91,1.5,1.1
2026-10-08T02:12:17+00:00,2026-10-07,daily,6,2026-10-10T10:00:00Z,27,G.Jesus,ARS,FWD,59,0,-1,0.1,0,1131,4164,29406,u,Has joined FC Barcelona permanently,2026-09-02T16:00:28.475184Z,0,0,,,,0.0,0,0,0,0,0,0,0,0,0,0,0,0,0,0.00,0.00,0.00,0.00,0.0,0.0
2026-10-08T02:12:17+00:00,2026-10-07,daily,6,2026-10-10T10:00:00Z,31,Konsa,ARS,DEF,46,1,1,19.0,102360,91283,1475667,682391,d,Unspecified injury - 75% chance of playing,2026-10-05T09:30:09.853316Z,,75,,,,3.5,1,12,281,3,0,0,1,4,0,23,18,5,9,0.23,0.02,0.25,3.50,3.5,2.6
2026-10-08T02:12:17+00:00,2026-10-07,daily,6,2026-10-10T10:00:00Z,452,Bruno G.,ARS,MID,67,0,-3,1.8,7591,8909,32537,245982,a,,2026-09-04T14:00:08.328779Z,100,100,4,,4,4.0,1,9,123,1,1,0,0,3,0,12,3,1,8,0.09,0.16,0.25,2.18,4.0,4.0
2026-10-08T02:12:17+00:00,2026-10-07,daily,6,2026-10-10T10:00:00Z,557,Tzolis,ARS,MID,63,-1,-2,11.6,12665,192728,463032,1655936,d,Hamstring injury - 75% chance of playing,2026-10-02T15:00:11.091226Z,,75,,,3,2.5,2,16,362,5,0,2,2,4,0,23,7,4,12,0.19,0.55,0.74,2.73,2.5,1.9
2026-10-08T02:12:17+00:00,2026-10-07,daily,6,2026-10-10T10:00:00Z,29,M.Bizot,AVL,GKP,45,0,0,0.1,77,1162,4671,7538,i,Back injury - Expected back 10 Oct,2026-09-17T07:30:09.058151Z,0,0,,,,0.0,0,1,90,1,0,0,0,4,3,0,2,0,6,0.00,0.00,0.00,3.77,0.0,0.0
2026-10-08T02:12:17+00:00,2026-10-07,daily,6,2026-10-10T10:00:00Z,30,Digne,AVL,DEF,45,0,0,0.0,0,265,0,8676,u,Has joined Paris Saint-Germain permanently,2026-08-10T14:03:30.089007Z,0,0,,,,0.0,0,0,0,0,0,0,0,0,0,0,0,0,0,0.00,0.00,0.00,0.00,0.0,0.0
2026-10-08T02:12:17+00:00,2026-10-07,daily,6,2026-10-10T10:00:00Z,32,Cash,AVL,DEF,44,0,-1,4.8,3346,29811,95997,423800,a,,2026-09-09T14:30:08.192142Z,100,100,,,3,-0.5,-1,6,296,3,0,0,1,7,0,17,11,6,2,0.15,0.04,0.19,5.95,-0.5,-0.5
2026-10-08T02:12:17+00:00,2026-10-07,daily,6,2026-10-10T10:00:00Z,33,Mings,AVL,DEF,45,0,0,0.4,2374,1748,17094,17772,a,,,,,,,,1.5,3,10,261,2,0,0,1,4,0,24,20,4,7,0.20,0.02,0.22,4.43,1.5,1.5
2026-10-08T02:12:17+00:00,2026-10-07,daily,6,2026-10-10T10:00:00Z,34,Pau,AVL,DEF,44,-1,-1,0.3,53,3632,11246,27990,i,Hamstring injury - Expected back 10 Oct,2026-09-12T18:00:08.712707Z,0,0,,,,0.5,0,3,187,3,0,0,0,5,0,9,8,1,9,0.00,0.01,0.01,4.79,0.0,0.0
2026-10-08T02:12:17+00:00,2026-10-07,daily,6,2026-10-10T10:00:00Z,35,Bogarde,AVL,MID,49,-1,-1,0.1,191,480,2932,4808,a,,,,,,,,0.0,0,1,16,0,0,0,0,0,0,1,1,0,0,0.00,0.00,0.00,0.22,0.0,0.0
2026-10-08T02:12:17+00:00,2026-10-07,daily,6,2026-10-10T10:00:00Z,36,Maatsen,AVL,DEF,44,-1,-1,0.5,60,7498,31902,63236,i,Ankle injury - Unknown return date,2026-09-12T18:00:08.729468Z,0,0,,,,0.5,0,9,335,4,0,0,1,7,0,24,17,7,10,0.28,0.45,0.73,6.54,0.0,0.0
2026-10-08T02:12:17+00:00,2026-10-07,daily,6,2026-10-10T10:00:00Z,37,Lindelöf,AVL,DEF,45,0,0,0.3,1468,1608,15068,14631,a,,,,,,,,1.0,1,8,450,5,0,0,1,9,0,22,21,1,7,0.44,0.17,0.61,9.22,1.0,1.0
2026-10-08T02:12:17+00:00,2026-10-07,daily,6,2026-10-10T10:00:00Z,38,A.García,AVL,DEF,40,0,0,1.5,2069,6983,45515,68883,a,,,,,,,,0.0,0,0,0,0,0,0,0,0,0,0,0,0,0,0.00,0.00,0.00,0.00,0.0,0.0
2026-10-08T02:12:17+00:00,2026-10-07,daily,6,2026-10-10T10:00:00Z,39,Nedeljkovic,AVL,DEF,40,0,0,0.1,0,653,0,15338,u,Has joined Rangers on loan for the rest of the season,2026-08-19T13:56:46.385411Z,0,0,,,,0.0,0,0,0,0,0,0,0,0,0,0,0,0,0,0.00,0.00,0.00,0.00,0.0,0.0
2026-10-08T02:12:17+00:00,2026-10-07,daily,6,2026-10-10T10:00:00Z,41,Buendía,AVL,MID,59,0,-1,1.0,16112,5616,64096,96761,a,,,,,1,1,2,7.0,12,21,401,5,1,0,1,8,0,34,5,9,20,0.92,0.24,1.16,7.86,7.0,7.0
2026-10-08T02:12:17+00:00,2026-10-07,daily,6,2026-10-10T10:00:00Z,44,Bailey,AVL,MID,54,0,-1,0.1,0,558,2096,13289,u,Has joined Olympiakos permanently,2026-09-04T12:35:14.472260Z,0,0,,,,0.0,0,0,0,0,0,0,0,0,0,0,0,0,0,0.00,0.00,0.00,0.00,0.0,0.0
2026-10-08T02:12:17+00:00,2026-10-07,daily,6,2026-10-10T10:00:00Z,45,McGinn,AVL,MID,54,0,-1,2.2,8926,10853,72757,157815,a,,,,,,,1,6.0,6,17,434,5,0,2,2,7,0,30,8,5,17,0.77,0.24,1.01,8.29,6.0,6.0
2026-10-08T02:12:17+00:00,2026-10-07,daily,6,2026-10-10T10:00:00Z,46,Barkley,AVL,MID,50,0,0,0.2,647,2055,16204,16532,a,,,,,,,4,1.5,1,10,308,4,0,0,1,8,0,28,5,7,16,0.38,0.14,0.52,7.36,1.5,1.5
2026-10-08T02:12:17+00:00,2026-10-07,daily,6,2026-10-10T10:00:00Z,47,Kamara,AVL,MID,50,0,0,0.3,1543,1862,14752,21810,a,,2026-07-23T12:01:23.337269Z,100,100,,,,4.0,6,15,443,5,0,1,2,7,0,36,11,9,16,0.12,0.16,0.28,8.44,4.0,4.0
2026-10-08T02:12:17+00:00,2026-10-07,daily,6,2026-10-10T10:00:00Z,48,Onana,AVL,MID,49,0,-1,0.0,56,110,527,1680,i,Knee injury - Unknown return date,2026-07-23T12:01:23.352497Z,0,0,,,,0.0,0,0,0,0,0,0,0,0,0,0,0,0,0,0.00,0.00,0.00,0.00,0.0,0.0
2026-10-08T02:12:17+00:00,2026-10-07,daily,6,2026-10-10T10:00:00Z,49,Iling Jr,AVL,MID,50,0,0,0.0,0,12,0,237,u,Has joined Bolton Wanderers on loan for the rest of the season,2026-08-17T13:52:28.532616Z,0,0,,,,0.0,0,0,0,0,0,0,0,0,0,0,0,0,0,0.00,0.00,0.00,0.00,0.0,0.0
2026-10-08T02:12:17+00:00,2026-10-07,daily,6,2026-10-10T10:00:00Z,50,Burrowes,AVL,MID,45,0,0,0.6,699,3806,21524,35530,a,,,,,,,,0.0,0,0,0,0,0,0,0,0,0,0,0,0,0,0.00,0.00,0.00,0.00,0.0,0.0
2026-10-08T02:12:17+00:00,2026-10-07,daily,6,2026-10-10T10:00:00Z,51,George Hemmings,AVL,MID,45,0,0,1.2,3672,11486,116355,71419,a,,,,,,,,1.0,1,9,297,4,0,0,1,7,0,19,3,6,10,0.07,0.16,0.23,6.26,1.0,1.0
2026-10-08T02:12:17+00:00,2026-10-07,daily,6,2026-10-10T10:00:00Z,52,Alysson,AVL,MID,50,0,0,0.0,72,879,3358,3742,d,Unspecified injury - 75% chance of playing,2026-09-19T11:30:09.355376Z,,75,,,,3.0,0,8,87,0,1,0,0,2,0,8,2,2,4,0.06,0.00,0.06,2.40,3.0,2.2
2026-10-08T02:12:17+00:00,2026-10-07,daily,6,2026-10-10T10:00:00Z,53,Manzambi,AVL,MID,59,0,-1,0.5,34066,4586,37052,21205,a,,2026-08-15T15:30:06.388335Z,100,100,,,,7.0,13,14,98,1,1,1,1,1,0,9,2,2,5,0.44,0.24,0.68,1.54,7.0,7.0
2026-10-08T02:12:17+00:00,2026-10-07,daily,6,2026-10-10T10:00:00Z,54,Gomes,AVL,MID,55,0,0,0.0,547,230,1386,4139,a,,2026-09-16T19:30:08.742410Z,100,100,,,,2.0,4,2,129,2,0,0,0,6,0,20,6,9,5,0.00,0.03,0.03,4.14,2.0,2.0
2026-10-08T02:12:17+00:00,2026-10-07,daily,6,2026-10-10T10:00:00Z,55,Watkins,AVL,FWD,78,0,-2,2.5,0,14585,14882,761966,u,Has joined Al Hilal permanently,2026-09-01T13:15:16.698799Z,0,0,,,,0.0,0,0,0,0,0,0,0,0,0,0,0,0,0,0.00,0.00,0.00,0.00,0.0,0.0
2026-10-08T02:12:17+00:00,2026-10-07,daily,6,2026-10-10T10:00:00Z,56,Abraham,AVL,FWD,55,0,0,0.2,2051,2006,16099,13182,a,,2026-08-15T16:00:07.558543Z,100,100,,,,1.0,1,4,71,0,0,0,0,3,0,2,0,1,1,0.00,0.00,0.00,2.69,1.0,1.0
2026-10-08T02:12:17+00:00,2026-10-07,daily,6,2026-10-10T10:00:00Z,160,Garnacho,AVL,MID,58,0,-2,0.3,644,3056,7592,41509,a,,,,,,,,0.0,0,3,31,0,0,0,0,0,0,2,0,0,2,0.00,0.00,0.00,0.49,0.0,0.0
2026-10-08T02:12:17+00:00,2026-10-07,daily,6,2026-10-10T10:00:00Z,166,N.Jackson,AVL,FWD,65,0,0,1.6,47209,10375,192471,87315,a,,,,,2,,,3.0,6,10,286,4,1,0,1,2,0,9,1,0,8,0.68,0.60,1.28,2.75,3.0,3.0
2026-10-08T02:12:17+00:00,2026-10-07,daily,6,2026-10-10T10:00:00Z,582,Madjo,AVL,FWD,54,0,-1,0.2,377,2120,3062,30891,i,Unspecified injury - Unknown return date,2026-08-15T16:00:07.974271Z,0,0,,,,0.0,0,0,0,0,0,0,0,0,0,0,0,0,0,0.00,0.00,0.00,0.00,0.0,0.0
2026-10-08T02:12:17+00:00,2026-10-07,daily,6,2026-10-10T10:00:00Z,596,Ruggeri,AVL,DEF,45,0,0,0.1,777,403,3420,5667,a,,,,,,,,1.5,3,5,113,1,0,0,0,2,0,16,14,2,11,0.03,0.02,0.05,2.05,1.5,1.5
2026-10-08T02:12:17+00:00,2026-10-07,daily,6,2026-10-10T10:00:00Z,597,Suzuki,AVL,GKP,50,0,0,1.9,16033,8063,153597,63922,a,,,,,,,,2.0,2,16,360,4,0,0,1,5,15,0,8,0,43,0.00,0.01,0.01,5.45,2.0,2.0
2026-10-08T02:12:17+00:00,2026-10-07,daily,6,2026-10-10T10:00:00Z,606,Rowe,AVL,DEF,40,0,0,0.2,360,989,13056,6244,a,,,,,,,,0.0,0,0,0,0,0,0,0,0,0,0,0,0,0,0.00,0.00,0.00,0.00,0.0,0.0
2026-10-08T02:12:17+00:00,2026-10-07,daily,6,2026-10-10T10:00:00Z,607,Lynch,AVL,MID,45,0,0,0.1,0,770,7103,8214,u,Has joined Oxford United on loan until January,2026-09-04T12:35:39.820426Z,0,0,,,,0.0,0,0,0,0,0,0,0,0,0,0,0,0,0,0.00,0.00,0.00,0.00,0.0,0.0
2026-10-08T02:12:17+00:00,2026-10-07,daily,6,2026-10-10T10:00:00Z,611,Wan-Bissaka,AVL,DEF,45,0,0,0.2,1739,1651,18592,7984,a,,,,,,,,2.0,1,6,152,2,0,0,0,2,0,21,12,9,1,0.00,0.07,0.07,3.27,2.0,2.0
2026-10-08T02:12:17+00:00,2026-10-07,daily,6,2026-10-10T10:00:00Z,618,Goretzka,AVL,MID,59,0,-1,0.0,31,446,4640,4760,i,Knee injury - Expected back 10 Oct,2026-09-09T09:30:08.229436Z,0,0,,,,0.0,0,0,0,0,0,0,0,0,0,0,0,0,0,0.00,0.00,0.00,0.00,0.0,0.0
2026-10-08T02:12:17+00:00,2026-10-07,daily,6,2026-10-10T10:00:00Z,630,Harwood-Bellis,AVL,DEF,45,0,0,0.0,237,222,2214,1028,a,,,,,,,,0.0,0,0,0,0,0,0,0,0,0,0,0,0,0,0.00,0.00,0.00,0.00,0.0,0.0
2026-10-08T02:12:17+00:00,2026-10-07,daily,6,2026-10-10T10:00:00Z,631,Mbaye,AVL,MID,60,0,0,0.1,1078,1290,10586,4971,a,,,,,,,,1.0,1,2,33,0,0,0,0,3,0,2,0,1,1,0.02,0.13,0.15,1.64,1.0,1.0
2026-10-08T02:12:17+00:00,2026-10-07,daily,6,2026-10-10T10:00:00Z,667,Wright,AVL,GKP,40,0,0,0.1,9519,1164,9519,1164,a,,,,,,,,0.0,0,0,0,0,0,0,0,0,0,0,0,0,0,0.00,0.00,0.00,0.00,1.0,1.0
2026-10-08T02:12:17+00:00,2026-10-07,daily,6,2026-10-10T10:00:00Z,57,Petrović,BOU,GKP,45,0,0,2.9,8034,14651,114017,127322,a,,,,,,,,1.5,2,9,450,5,0,0,0,8,11,0,6,0,43,0.00,0.00,0.00,6.95,1.5,1.5
2026-10-08T02:12:17+00:00,2026-10-07,daily,6,2026-10-10T10:00:00Z,58,Forster,BOU,GKP,40,0,0,3.5,10013,8817,119207,80638,a,,,,,,,,0.0,0,0,0,0,0,0,0,0,0,0,0,0,0,0.00,0.00,0.00,0.00,0.0,0.0
2026-10-08T02:12:17+00:00,2026-10-07,daily,6,2026-10-10T10:00:00Z,59,Dennis,BOU,GKP,40,0,0,0.1,0,683,1133,7651,u,Has joined MK Dons permanently,2026-08-27T14:53:48.692835Z,0,0,,,,0.0,0,0,0,0,0,0,0,0,0,0,0,0,0,0.00,0.00,0.00,0.00,0.0,0.0
2026-10-08T02:12:17+00:00,2026-10-07,daily,6,2026-10-10T10:00:00Z,60,Hill,BOU,DEF,55,0,0,0.8,3998,3752,31739,44346,a,,,,,,,,3.0,4,12,450,5,0,0,0,8,0,50,41,9,11,0.00,0.79,0.79,6.95,3.0,3.0
2026-10-08T02:12:17+00:00,2026-10-07,daily,6,2026-10-10T10:00:00Z,61,Truffert,BOU,DEF,54,-1,-1,3.0,5892,14729,57761,163012,a,,,,,,,,2.5,2,10,450,5,0,0,0,8,0,45,28,17,24,0.11,0.29,0.40,6.95,2.5,2.5
2026-10-08T02:12:17+00:00,2026-10-07,daily,6,2026-10-10T10:00:00Z,62,Diakité,BOU,DEF,49,-1,-1,0.2,538,1078,7196,12143,a,,,,,,,,0.0,0,0,0,0,0,0,0,0,0,0,0,0,0,0.00,0.00,0.00,0.00,0.0,0.0
2026-10-08T02:12:17+00:00,2026-10-07,daily,6,2026-10-10T10:00:00Z,63,Milosavljević,BOU,DEF,49,0,-1,0.0,41,58,347,855,i,Thigh injury - Unknown return date,2026-08-06T10:00:10.456051Z,0,0,,,,0.0,0,0,0,0,0,0,0,0,0,0,0,0,0,0.00,0.00,0.00,0.00,0.0,0.0
2026-10-08T02:12:17+00:00,2026-10-07,daily,6,2026-10-10T10:00:00Z,64,Smith,BOU,DEF,45,0,0,0.1,512,596,7310,7424,a,,,,,,,,1.0,2,4,434,5,0,0,0,8,0,21,16,5,15,0.01,0.09,0.10,6.70,1.0,1.0
2026-10-08T02:12:17+00:00,2026-10-07,daily,6,2026-10-10T10:00:00Z,65,J.Araujo,BOU,DEF,44,0,-1,0.0,49,67,433,1306,i,Thigh injury - Unknown return date,2026-08-09T08:00:05.645826Z,0,0,,,,0.0,0,0,0,0,0,0,0,0,0,0,0,0,0,0.00,0.00,0.00,0.00,0.0,0.0
2026-10-08T02:12:17+00:00,2026-10-07,daily,6,2026-10-10T10:00:00Z,66,Soler,BOU,DEF,40,0,0,0.3,842,1303,13933,11188,a,,2026-08-15T16:30:07.021055Z,100,100,,,,0.0,0,0,0,0,0,0,0,0,0,0,0,0,0,0.00,0.00,0.00,0.00,0.0,0.0
2026-10-08T02:12:17+00:00,2026-10-07,daily,6,2026-10-10T10:00:00Z,67,Rayan,BOU,MID,63,-1,-2,1.5,5257,11390,53927,170886,a,,,,,,,,2.0,2,10,434,5,0,0,0,7,0,15,6,5,4,0.87,0.43,1.30,6.35,2.0,2.0
2026-10-08T02:12:17+00:00,2026-10-07,daily,6,2026-10-10T10:00:00Z,68,Tavernier,BOU,MID,61,0,1,6.9,103625,57077,714818,231801,a,,,,,3,1,1,5.0,2,31,424,5,3,0,0,8,0,42,5,11,26,1.70,0.92,2.62,6.54,5.0,5.0
2026-10-08T02:12:17+00:00,2026-10-07,daily,6,2026-10-10T10:00:00Z,69,Scott,BOU,MID,61,0,1,5.5,26487,65617,550390,235793,d,Thigh injury - 50% chance of playing,2026-10-05T09:30:09.910752Z,,50,,4,2,3.0,2,30,446,5,1,2,1,7,0,60,15,9,36,0.64,0.42,1.06,6.82,3.0,1.5
2026-10-08T02:12:17+00:00,2026-10-07,daily,6,2026-10-10T10:00:00Z,70,Kluivert,BOU,MID,60,0,0,0.8,2321,21950,52678,86832,i,Unspecified injury - Unknown return date,2026-09-20T15:30:09.074071Z,,0,2,2,3,4.0,0,15,294,4,1,0,2,3,0,22,2,4,16,0.99,0.08,1.07,4.48,4.0,0.0
2026-10-08T02:12:17+00:00,2026-10-07,daily,6,2026-10-10T10:00:00Z,71,Cook,BOU,MID,50,0,0,0.2,308,1311,13142,14092,a,,,,,,,,0.5,1,8,180,2,0,0,2,1,0,14,7,1,6,0.00,0.01,0.01,4.20,0.5,0.5
2026-10-08T02:12:17+00:00,2026-10-07,daily,6,2026-10-10T10:00:00Z,72,Gannon-Doak,BOU,MID,49,0,-1,0.1,165,446,1665,4706,a,,,,,,,,1.0,1,4,12,0,0,0,0,1,0,7,0,2,5,0.12,0.05,0.17,0.60,1.0,1.0
2026-10-08T02:12:17+00:00,2026-10-07,daily,6,2026-10-10T10:00:00Z,73,Adams,BOU,MID,50,0,0,0.3,1335,1878,18544,16869,a,,2026-08-15T16:30:07.029928Z,100,100,,,,3.0,4,12,279,3,0,0,0,7,0,41,12,7,22,0.03,0.07,0.10,2.74,3.0,3.0
2026-10-08T02:12:17+00:00,2026-10-07,daily,6,2026-10-10T10:00:00Z,74,Brooks,BOU,MID,50,0,0,0.1,221,381,3403,3839,a,,2026-08-15T16:30:07.037929Z,100,100,,3,4,0.5,1,3,45,0,0,0,0,2,0,5,2,0,3,0.00,0.07,0.07,0.75,0.5,0.5
2026-10-08T02:12:17+00:00,2026-10-07,daily,6,2026-10-10T10:00:00Z,75,Christie,BOU,MID,50,0,0,0.0,372,301,3627,2246,a,,2026-07-24T17:30:10.035483Z,100,100,,,,1.5,2,5,102,1,0,0,0,2,0,14,3,1,10,0.50,0.13,0.63,1.64,1.5,1.5
2026-10-08T02:12:17+00:00,2026-10-07,daily,6,2026-10-10T10:00:00Z,76,Tóth.A,BOU,MID,49,0,-1,0.0,32,61,389,790,a,,,,,,,,0.5,1,2,17,0,0,0,0,2,0,2,0,1,1,0.00,0.00,0.00,0.56,0.5,0.5
2026-10-08T02:12:17+00:00,2026-10-07,daily,6,2026-10-10T10:00:00Z,77,Adli,BOU,MID,49,0,-1,0.0,31,87,300,2228,i,Calf injury - Unknown return date,2026-08-15T16:00:07.590566Z,0,0,,,,0.0,0,0,0,0,0,0,0,0,0,0,0,0,0,0.00,0.00,0.00,0.00,0.0,0.0
2026-10-08T02:12:17+00:00,2026-10-07,daily,6,2026-10-10T10:00:00Z,78,Kroupi.Jr,BOU,MID,74,0,-1,0.2,232,1006,1278,27524,i,Foot injury - Expected back 7 Nov,2026-07-29T17:30:09.796802Z,0,0,1,,,0.0,0,0,0,0,0,0,0,0,0,0,0,0,0,0.00,0.00,0.00,0.00,0.0,0.0
2026-10-08T02:12:17+00:00,2026-10-07,daily,6,2026-10-10T10:00:00Z,79,Evanilson,BOU,FWD,60,0,0,3.2,23749,24812,259210,179639,a,,,,,,,,3.5,2,18,424,5,0,3,2,5,0,27,11,3,13,0.87,0.52,1.39,6.45,3.5,3.5
2026-10-08T02:12:17+00:00,2026-10-07,daily,6,2026-10-10T10:00:00Z,80,Enes Ünal,BOU,FWD,55,0,0,0.0,0,59,0,1991,u,Has joined Getafe permanently,2026-08-14T14:14:21.881112Z,0,0,,,,0.0,0,0,0,0,0,0,0,0,0,0,0,0,0,0.00,0.00,0.00,0.00,0.0,0.0
2026-10-08T02:12:17+00:00,2026-10-07,daily,6,2026-10-10T10:00:00Z,81,Rodríguez,BOU,FWD,60,0,0,0.1,963,813,5670,6944,a,,2026-08-15T16:30:07.054142Z,100,100,,,,0.5,0,2,10,0,0,0,0,1,0,1,0,0,1,0.00,0.00,0.00,0.18,0.5,0.5
2026-10-08T02:12:17+00:00,2026-10-07,daily,6,2026-10-10T10:00:00Z,566,Silva,BOU,DEF,50,0,0,0.4,12717,5954,38179,27395,a,,,,,,,,3.0,3,13,450,5,0,0,0,8,0,56,51,5,14,0.85,0.29,1.14,6.95,3.0,3.0
2026-10-08T02:12:17+00:00,2026-10-07,daily,6,2026-10-10T10:00:00Z,573,Sanchez,BOU,DEF,44,0,-1,0.2,171,508,1591,7165,a,,,,,,,,0.0,0,0,0,0,0,0,0,0,0,0,0,0,0,0.00,0.00,0.00,0.00,0.0,0.0
2026-10-08T02:12:17+00:00,2026-10-07,daily,6,2026-10-10T10:00:00Z,608,Jebbison,BOU,FWD,50,0,0,0.1,1042,1024,13405,7379,a,,,,,,,,0.5,1,3,31,0,0,0,0,2,0,1,0,0,1,0.10,0.00,0.10,0.61,0.5,0.5
2026-10-08T02:12:17+00:00,2026-10-07,daily,6,2026-10-10T10:00:00Z,615,Di Gregorio,BOU,GKP,45,0,0,0.0,208,215,2951,1764,a,,,,,,,,0.0,0,0,0,0,0,0,0,0,0,0,0,0,0,0.00,0.00,0.00,0.00,0.0,0.0
2026-10-08T02:12:17+00:00,2026-10-07,daily,6,2026-10-10T10:00:00Z,82,Kelleher,BRE,GKP,50,0,0,6.1,24052,17193,255689,217459,a,,,,,,,,4.5,6,20,450,5,0,0,2,4,17,0,7,0,34,0.00,0.01,0.01,6.32,4.5,4.5
2026-10-08T02:12:17+00:00,2026-10-07,daily,6,2026-10-10T10:00:00Z,83,Valdimarsson,BRE,GKP,45,0,0,0.1,351,399,2916,4649,a,,,,,,,,0.0,0,0,0,0,0,0,0,0,0,0,0,0,0,0.00,0.00,0.00,0.00,0.0,0.0
2026-10-08T02:12:17+00:00,2026-10-07,daily,6,2026-10-10T10:00:00Z,84,Collins,BRE,DEF,54,0,-1,0.9,136,10986,58755,158342,i,Calf injury - Unknown return date,2026-09-05T18:00:06.182495Z,0,0,,,,0.0,0,10,196,3,0,0,1,1,0,17,15,2,11,0.51,0.05,0.56,2.13,0.0,0.0
2026-10-08T02:12:17+00:00,2026-10-07,daily,6,2026-10-10T10:00:00Z,85,Van den Berg,BRE,DEF,49,0,-1,0.1,52,420,425,9026,i,Groin injury - Unknown return date,2026-08-15T15:30:06.416627Z,0,0,,,,0.0,0,0,0,0,0,0,0,0,0,0,0,0,0,0.00,0.00,0.00,0.00,0.0,0.0
2026-10-08T02:12:17+00:00,2026-10-07,daily,6,2026-10-10T10:00:00Z,86,Lewis-Potter,BRE,MID,55,0,0,1.7,4393,13868,191038,122249,a,,,,,,1,5,2.0,3,22,406,5,1,1,2,4,0,38,17,6,15,1.21,0.79,2.00,5.69,2.0,2.0
2026-10-08T02:12:17+00:00,2026-10-07,daily,6,2026-10-10T10:00:00Z,87,Ajer,BRE,DEF,45,0,0,3.9,14930,27455,320417,281147,a,,,,,,,,4.0,7,21,450,5,0,0,2,4,0,50,46,4,11,0.13,0.08,0.21,6.32,4.0,4.0
2026-10-08T02:12:17+00:00,2026-10-07,daily,6,2026-10-10T10:00:00Z,88,Kayode,BRE,DEF,46,0,1,7.6,18061,25896,600759,372130,a,,,,,,,,3.5,6,23,294,4,1,0,2,1,0,16,14,2,14,0.55,0.43,0.98,3.24,3.5,3.5
2026-10-08T02:12:17+00:00,2026-10-07,daily,6,2026-10-10T10:00:00Z,89,Henry,BRE,DEF,44,0,-1,0.2,182,688,2006,8686,a,,,,,,,,0.0,0,1,2,0,0,0,0,0,0,0,0,0,0,0.00,0.00,0.00,0.00,0.0,0.0
2026-10-08T02:12:17+00:00,2026-10-07,daily,6,2026-10-10T10:00:00Z,90,Hickey,BRE,DEF,45,0,0,0.1,214,294,2128,3027,a,,,,,,,,1.0,1,5,152,1,0,0,0,3,0,17,13,4,8,0.03,0.06,0.09,3.07,1.0,1.0
2026-10-08T02:12:17+00:00,2026-10-07,daily,6,2026-10-10T10:00:00Z,92,Ji-soo,BRE,DEF,44,-1,-1,0.0,69,98,503,970,a,,,,,,,,0.0,0,0,0,0,0,0,0,0,0,0,0,0,0,0.00,0.00,0.00,0.00,0.0,0.0
2026-10-08T02:12:17+00:00,2026-10-07,daily,6,2026-10-10T10:00:00Z,93,Schuster,BRE,DEF,45,0,0,0.4,20308,3322,21870,7810,a,,,,,,,,8.5,14,21,253,2,0,1,1,3,0,38,35,3,6,0.10,0.54,0.64,4.19,8.5,8.5
2026-10-08T02:12:17+00:00,2026-10-07,daily,6,2026-10-10T10:00:00Z,94,Schade,BRE,MID,62,1,2,12.3,475556,38234,1095411,258238,a,,,,,2,,,12.0,9,39,447,5,3,2,2,4,0,34,6,7,21,1.52,0.32,1.84,6.32,12.0,12.0
2026-10-08T02:12:17+00:00,2026-10-07,daily,6,2026-10-10T10:00:00Z,95,O.Dango,BRE,MID,63,0,-2,0.5,1007,4289,15368,82868,a,,,,,,,4,1.0,1,7,179,2,0,0,1,1,0,28,9,2,17,0.09,0.39,0.48,2.81,1.0,1.0
2026-10-08T02:12:17+00:00,2026-10-07,daily,6,2026-10-10T10:00:00Z,96,Damsgaard,BRE,MID,54,0,-1,0.4,1841,3019,15352,31135,d,Unspecified injury - 75% chance of playing,2026-10-03T19:30:08.141728Z,,75,,3,2,2.0,3,16,283,3,0,1,2,1,0,31,6,7,18,0.17,0.73,0.90,3.06,2.0,1.5
2026-10-08T02:12:17+00:00,2026-10-07,daily,6,2026-10-10T10:00:00Z,97,Jensen,BRE,MID,54,0,-1,0.1,22,753,4507,15187,i,Unspecified injury - Expected back 10 Oct,2026-08-30T12:30:08.176795Z,0,0,3,2,1,0.0,0,6,66,1,0,1,1,0,0,5,0,2,3,0.08,0.34,0.42,0.47,0.0,0.0
2026-10-08T02:12:17+00:00,2026-10-07,daily,6,2026-10-10T10:00:00Z,98,Janelt,BRE,MID,50,0,0,2.5,23363,21454,310423,110545,a,,,,,,,3,3.5,3,28,450,5,2,0,2,4,0,64,27,17,20,0.53,0.44,0.97,6.32,3.5,3.5
2026-10-08T02:12:17+00:00,2026-10-07,daily,6,2026-10-10T10:00:00Z,99,Milambo,BRE,MID,50,0,0,0.0,8,8,117,160,i,Knee injury - Unknown return date,2026-07-23T12:01:23.384798Z,0,0,,,,0.0,0,0,0,0,0,0,0,0,0,0,0,0,0,0.00,0.00,0.00,0.00,0.0,0.0
2026-10-08T02:12:17+00:00,2026-10-07,daily,6,2026-10-10T10:00:00Z,100,Carvalho,BRE,MID,50,0,0,0.0,671,195,1969,1473,a,,2026-08-18T13:58:17.442072Z,100,100,,,,3.0,6,6,3,0,1,0,0,0,0,0,0,0,0,0.43,0.00,0.43,0.13,3.0,3.0
2026-10-08T02:12:17+00:00,2026-10-07,daily,6,2026-10-10T10:00:00Z,102,Yarmoliuk,BRE,MID,48,0,-2,0.6,1625,4011,6078,62361,a,,,,,,,,3.5,3,9,216,2,0,1,1,4,0,26,7,5,14,0.10,0.30,0.40,4.58,3.5,3.5
2026-10-08T02:12:17+00:00,2026-10-07,daily,6,2026-10-10T10:00:00Z,103,Dasilva,BRE,MID,49,0,-1,0.0,12,119,403,1964,i,Hamstring injury - Expected back 10 Oct,2026-09-04T13:30:08.371955Z,0,0,,,,0.0,0,0,0,0,0,0,0,0,0,0,0,0,0,0.00,0.00,0.00,0.00,0.0,0.0
2026-10-08T02:12:17+00:00,2026-10-07,daily,6,2026-10-10T10:00:00Z,105,Anthony,BRE,MID,59,0,-1,0.2,2895,755,7893,11156,a,,,,,,,,5.5,10,15,267,3,1,0,2,3,0,26,6,4,16,1.15,0.54,1.69,3.50,5.5,5.5
2026-10-08T02:12:17+00:00,2026-10-07,daily,6,2026-10-10T10:00:00Z,106,Thiago,BRE,FWD,78,0,-2,9.2,74963,46083,295386,1042991,a,,,,,1,,,3.0,5,10,442,5,1,0,2,4,0,19,4,3,12,3.13,0.16,3.29,6.25,3.0,3.0
2026-10-08T02:12:17+00:00,2026-10-07,daily,6,2026-10-10T10:00:00Z,107,Furo,BRE,FWD,45,0,0,0.9,1024,10830,62097,67992,i,Unspecified injury - Unknown return date,2026-09-14T14:00:09.985723Z,0,0,,,,0.0,0,0,0,0,0,0,0,0,0,0,0,0,0,0.00,0.00,0.00,0.00,0.0,0.0
2026-10-08T02:12:17+00:00,2026-10-07,daily,6,2026-10-10T10:00:00Z,108,Wilson,BRE,FWD,54,-1,-1,0.3,1413,2764,15762,26829,a,,,,,,,,0.0,0,3,13,0,0,0,0,0,0,2,1,0,1,0.07,0.04,0.11,0.15,0.0,0.0
2026-10-08T02:12:17+00:00,2026-10-07,daily,6,2026-10-10T10:00:00Z,565,M.Sangaré,BRE,MID,56,-1,1,9.7,9824,158586,1229112,840475,a,,,,,,,,2.0,0,22,321,4,0,2,1,3,0,48,12,14,22,0.41,0.65,1.06,4.31,2.0,2.0
2026-10-08T02:12:17+00:00,2026-10-07,daily,6,2026-10-10T10:00:00Z,620,Diouf,BRE,DEF,45,0,0,0.1,593,777,13754,7439,a,,,,,,,,1.0,1,2,39,0,0,0,0,0,0,2,2,0,1,0.00,0.01,0.01,0.63,1.0,1.0
2026-10-08T02:12:17+00:00,2026-10-07,daily,6,2026-10-10T10:00:00Z,657,Nunes,BRE,MID,45,0,0,0.0,386,295,2128,688,a,,,,,,,,0.0,0,0,0,0,0,0,0,0,0,0,0,0,0,0.00,0.00,0.00,0.00,0.0,0.0
2026-10-08T02:12:17+00:00,2026-10-07,daily,6,2026-10-10T10:00:00Z,660,Fredrick,BRE,DEF,40,0,0,0.0,588,77,588,77,a,,,,,,,,0.0,0,0,0,0,0,0,0,0,0,0,0,0,0,0.00,0.00,0.00,0.00,1.1,1.1
2026-10-08T02:12:17+00:00,2026-10-07,daily,6,2026-10-10T10:00:00Z,661,Balcombe,BRE,GKP,40,0,0,0.0,3436,679,3436,679,a,,,,,,,,0.0,0,0,0,0,0,0,0,0,0,0,0,0,0,0.00,0.00,0.00,0.00,1.0,1.0
2026-10-08T02:12:17+00:00,2026-10-07,daily,6,2026-10-10T10:00:00Z,109,Verbruggen,BHA,GKP,45,0,0,21.6,89688,91409,783163,627263,a,,,,,,,,7.0,6,23,450,5,0,0,3,5,12,0,3,0,34,0.00,0.20,0.20,8.67,7.0,7.0
2026-10-08T02:12:17+00:00,2026-10-07,daily,6,2026-10-10T10:00:00Z,111,Steele,BHA,GKP,40,0,0,4.1,8672,17812,148859,123567,a,,,,,,,,0.0,0,0,0,0,0,0,0,0,0,0,0,0,0,0.00,0.00,0.00,0.00,0.0,0.0
2026-10-08T02:12:17+00:00,2026-10-07,daily,6,2026-10-10T10:00:00Z,113,F.Kadıoğlu,BHA,DEF,44,0,-1,1.6,5151,8674,31564,136217,a,,2026-08-23T13:00:07.595211Z,100,100,,,3,5.5,5,13,332,4,0,0,2,5,0,10,9,1,8,0.12,0.13,0.25,7.55,5.5,5.5
2026-10-08T02:12:17+00:00,2026-10-07,daily,6,2026-10-10T10:00:00Z,114,Boscagli,BHA,DEF,45,0,0,0.3,2805,1048,17022,12125,a,,,,,,,,6.0,6,19,437,5,0,0,3,5,0,29,25,4,17,0.07,0.53,0.60,8.45,6.0,6.0
2026-10-08T02:12:17+00:00,2026-10-07,daily,6,2026-10-10T10:00:00Z,115,De Cuyper,BHA,DEF,50,1,5,28.3,357103,30545,2775442,415576,a,,,,,,4,2,8.5,6,38,423,5,1,3,3,5,0,16,8,8,18,1.55,0.67,2.22,8.58,8.5,8.5
2026-10-08T02:12:17+00:00,2026-10-07,daily,6,2026-10-10T10:00:00Z,116,Dunk,BHA,DEF,45,0,0,1.5,7905,12675,89466,53739,d,Neck injury - 75% chance of playing,2026-09-22T09:30:09.629652Z,,75,,3,,6.0,0,22,360,4,1,0,2,5,0,23,20,3,13,0.03,0.09,0.12,7.04,6.0,4.5
2026-10-08T02:12:17+00:00,2026-10-07,daily,6,2026-10-10T10:00:00Z,117,Coppola,BHA,DEF,45,0,0,0.0,130,111,942,1074,a,,,,,,,,0.0,0,0,0,0,0,0,0,0,0,0,0,0,0,0.00,0.00,0.00,0.00,0.0,0.0
2026-10-08T02:12:17+00:00,2026-10-07,daily,6,2026-10-10T10:00:00Z,118,Igor,BHA,DEF,45,0,0,0.0,0,337,915,5980,u,Has joined Burnley permanently,2026-09-02T15:38:15.529699Z,0,0,,,,0.0,0,0,0,0,0,0,0,0,0,0,0,0,0,0.00,0.00,0.00,0.00,0.0,0.0
2026-10-08T02:12:17+00:00,2026-10-07,daily,6,2026-10-10T10:00:00Z,119,Costinha,BHA,DEF,45,0,0,0.0,200,155,1305,1480,a,,,,,,,,1.0,1,4,68,0,0,0,0,0,0,7,6,1,1,0.12,0.30,0.42,1.02,1.0,1.0
2026-10-08T02:12:17+00:00,2026-10-07,daily,6,2026-10-10T10:00:00Z,120,Svoboda,BHA,DEF,50,0,0,0.1,1406,507,4582,4029,a,,,,,,,,0.5,1,1,4,0,0,0,0,0,0,1,0,1,1,0.00,0.00,0.00,0.14,0.5,0.5
2026-10-08T02:12:17+00:00,2026-10-07,daily,6,2026-10-10T10:00:00Z,121,Mitoma,BHA,MID,59,0,-1,0.0,151,195,577,3132,i,Hamstring injury - Expected back 10 Oct,2026-07-24T18:30:10.661894Z,0,0,,,,0.0,0,0,0,0,0,0,0,0,0,0,0,0,0,0.00,0.00,0.00,0.00,0.0,0.0
2026-10-08T02:12:17+00:00,2026-10-07,daily,6,2026-10-10T10:00:00Z,122,Minteh,BHA,MID,58,-1,-2,0.0,51,254,341,6928,i,Leg injury - Expected back 28 Nov,2026-08-14T18:00:06.418033Z,0,0,,,5,0.0,0,0,0,0,0,0,0,0,0,0,0,0,0,0.00,0.00,0.00,0.00,0.0,0.0
2026-10-08T02:12:17+00:00,2026-10-07,daily,6,2026-10-10T10:00:00Z,123,Hinshelwood,BHA,MID,59,0,-1,0.5,342,7688,147963,216914,i,Ankle injury - Expected back 10 Oct,2026-08-27T19:30:07.780933Z,0,0,,,,0.0,0,16,63,1,2,0,1,0,0,3,0,2,1,1.41,0.02,1.43,0.19,0.0,0.0
2026-10-08T02:12:17+00:00,2026-10-07,daily,6,2026-10-10T10:00:00Z,124,Groß,BHA,MID,59,2,4,30.1,909135,17086,2269628,546869,a,,,,,1,1,1,15.5,14,47,450,5,3,4,3,5,0,26,9,7,10,1.77,0.86,2.63,8.67,15.5,15.5
2026-10-08T02:12:17+00:00,2026-10-07,daily,6,2026-10-10T10:00:00Z,125,Georginio,BHA,FWD,53,-1,-2,0.5,3181,4568,35178,77196,a,,2026-08-26T16:00:07.608056Z,100,100,,,,0.5,1,6,104,1,0,1,1,0,0,9,1,2,6,0.17,0.45,0.62,1.03,0.5,0.5
2026-10-08T02:12:17+00:00,2026-10-07,daily,6,2026-10-10T10:00:00Z,126,O'Riley,BHA,MID,54,0,-1,0.1,479,625,3653,6581,a,,,,,3,,,1.0,1,2,10,0,0,0,0,0,0,3,2,0,1,0.28,0.01,0.29,0.18,1.0,1.0
2026-10-08T02:12:17+00:00,2026-10-07,daily,6,2026-10-10T10:00:00Z,127,Gomez,BHA,MID,50,0,0,3.9,14573,45775,337080,307406,a,,,,,,5,,5.5,8,24,433,5,0,3,3,5,0,36,7,13,16,0.79,0.78,1.57,8.49,5.5,5.5
2026-10-08T02:12:17+00:00,2026-10-07,daily,6,2026-10-10T10:00:00Z,128,Buonanotte,BHA,MID,50,0,0,0.0,0,8,0,331,u,Has joined Elche on loan for the rest of the season,2026-08-10T14:03:07.561436Z,0,0,,,,0.0,0,0,0,0,0,0,0,0,0,0,0,0,0,0.00,0.00,0.00,0.00,0.0,0.0
2026-10-08T02:12:17+00:00,2026-10-07,daily,6,2026-10-10T10:00:00Z,129,Ayari,BHA,MID,54,0,-1,0.4,2892,2420,13133,41975,a,,2026-08-30T18:00:07.935334Z,100,100,,2,4,5.5,3,15,333,4,1,0,3,1,0,21,4,2,15,0.70,0.18,0.88,5.64,5.5,5.5
2026-10-08T02:12:17+00:00,2026-10-07,daily,6,2026-10-10T10:00:00Z,130,Wieffer,BHA,DEF,49,0,-1,0.2,35,2265,25950,43697,i,Knee injury - Unknown return date,2026-09-04T09:30:08.612904Z,0,0,,,,0.0,0,7,156,2,0,0,1,4,0,15,11,4,9,0.12,0.13,0.25,3.18,0.0,0.0
2026-10-08T02:12:17+00:00,2026-10-07,daily,6,2026-10-10T10:00:00Z,132,Howell,BHA,MID,45,0,0,0.0,0,243,0,3721,u,Has joined Leicester City on loan for the rest of the season,2026-08-17T13:53:19.019938Z,0,0,,,,0.0,0,0,0,0,0,0,0,0,0,0,0,0,0,0.00,0.00,0.00,0.00,0.0,0.0
2026-10-08T02:12:17+00:00,2026-10-07,daily,6,2026-10-10T10:00:00Z,133,Watson,BHA,MID,50,0,0,0.0,0,6,0,137,u,Has joined Leicester City on loan for the rest of the season,2026-08-03T14:05:44.459483Z,0,0,,,,0.0,0,0,0,0,0,0,0,0,0,0,0,0,0,0.00,0.00,0.00,0.00,0.0,0.0
2026-10-08T02:12:17+00:00,2026-10-07,daily,6,2026-10-10T10:00:00Z,134,Oriola,BHA,MID,45,0,0,0.2,398,1515,8802,14383,a,,,,,,,,0.0,0,0,0,0,0,0,0,0,0,0,0,0,0,0.00,0.00,0.00,0.00,0.0,0.0
2026-10-08T02:12:17+00:00,2026-10-07,daily,6,2026-10-10T10:00:00Z,135,Yohanna,BHA,MID,48,-1,-2,0.0,28,444,1271,5551,i,Unspecified injury - Expected back 10 Oct,2026-09-10T13:00:08.617941Z,0,0,,,,0.0,0,1,12,0,0,0,0,0,0,0,0,0,0,0.00,0.03,0.03,0.00,0.0,0.0
2026-10-08T02:12:17+00:00,2026-10-07,daily,6,2026-10-10T10:00:00Z,137,Tzimas,BHA,FWD,54,0,-1,0.0,45,64,342,762,i,Knee injury - Unknown return date,2026-07-23T12:01:23.432796Z,0,0,,,,0.0,0,0,0,0,0,0,0,0,0,0,0,0,0,0.00,0.00,0.00,0.00,0.0,0.0
2026-10-08T02:12:17+00:00,2026-10-07,daily,6,2026-10-10T10:00:00Z,138,Kostoulas,BHA,FWD,56,1,1,4.9,383631,27029,488322,59539,a,,,,,,,,10.0,10,28,353,4,2,3,2,5,0,27,5,4,18,1.35,0.06,1.41,7.67,10.0,10.0
2026-10-08T02:12:17+00:00,2026-10-07,daily,6,2026-10-10T10:00:00Z,139,Ferguson,BHA,FWD,50,0,0,0.0,162,284,1613,2553,i,Ankle injury - Expected back 10 Oct,2026-07-23T12:01:23.448357Z,0,0,,,,0.0,0,0,0,0,0,0,0,0,0,0,0,0,0,0.00,0.00,0.00,0.00,0.0,0.0
2026-10-08T02:12:17+00:00,2026-10-07,daily,6,2026-10-10T10:00:00Z,328,Struijk,BHA,DEF,49,0,-1,0.2,655,1127,5684,12378,d,Hamstring injury - 75% chance of playing,2026-09-22T10:00:09.404233Z,100,75,,,,3.0,5,7,98,1,0,0,1,0,0,10,9,1,6,0.16,0.01,0.17,1.70,3.0,2.2
2026-10-08T02:12:17+00:00,2026-10-07,daily,6,2026-10-10T10:00:00Z,504,Vuskovic,BHA,DEF,50,0,0,3.8,73690,17952,276790,142764,a,,,,,,,,7.0,8,32,437,5,1,0,3,5,0,43,37,6,17,0.46,0.07,0.53,8.45,7.0,7.0
2026-10-08T02:12:17+00:00,2026-10-07,daily,6,2026-10-10T10:00:00Z,594,David,BHA,FWD,59,-1,-1,0.2,3572,2459,15434,22732,a,,,,,2,,,0.0,0,1,23,0,0,0,0,0,0,0,0,0,0,0.42,0.00,0.42,0.14,0.0,0.0
2026-10-08T02:12:17+00:00,2026-10-07,daily,6,2026-10-10T10:00:00Z,600,Osman,BHA,MID,50,0,0,0.0,120,138,951,1105,a,,,,,,,,0.5,0,3,40,0,0,0,0,1,0,4,0,1,3,0.05,0.07,0.12,0.32,0.5,0.5
2026-10-08T02:12:17+00:00,2026-10-07,daily,6,2026-10-10T10:00:00Z,605,Yalcouyé,BHA,MID,45,0,0,3.9,30321,38371,559210,176325,a,,,,,,,,4.5,1,20,236,3,2,0,1,4,0,19,6,6,7,1.46,0.45,1.91,6.57,4.5,4.5
2026-10-08T02:12:17+00:00,2026-10-07,daily,6,2026-10-10T10:00:00Z,614,Hadjam,BHA,DEF,45,0,0,0.0,266,274,4005,1979,a,,,,,,,,0.0,0,0,0,0,0,0,0,0,0,0,0,0,0,0.00,0.00,0.00,0.00,0.0,0.0
2026-10-08T02:12:17+00:00,2026-10-07,daily,6,2026-10-10T10:00:00Z,624,Cozier-Duberry,BHA,MID,50,0,0,0.0,0,6,117,114,u,Has joined Middlesbrough on loan for the rest of the season,2026-09-02T15:38:15.552951Z,0,0,,,,0.0,0,0,0,0,0,0,0,0,0,0,0,0,0,0.00,0.00,0.00,0.00,0.0,0.0
2026-10-08T02:12:17+00:00,2026-10-07,daily,6,2026-10-10T10:00:00Z,639,Andrés,BHA,MID,55,0,0,0.0,3261,379,4505,847,a,,,,,,,,6.0,8,12,109,1,1,1,1,0,0,13,4,1,8,0.52,0.12,0.64,1.70,6.0,6.0
2026-10-08T02:12:17+00:00,2026-10-07,daily,6,2026-10-10T10:00:00Z,652,Azeez,BHA,MID,55,0,0,0.0,20,49,443,206,i,Hamstring injury - Expected back 10 Oct,2026-09-04T11:30:08.661589Z,0,0,,,,0.0,0,0,0,0,0,0,0,0,0,0,0,0,0,0.00,0.00,0.00,0.00,0.0,0.0
2026-10-08T02:12:17+00:00,2026-10-07,daily,6,2026-10-10T10:00:00Z,658,Ibrahim,BHA,MID,45,0,0,0.0,333,228,1496,496,a,,,,,,,,0.0,0,0,0,0,0,0,0,0,0,0,0,0,0,0.00,0.00,0.00,0.00,0.0,0.0
2026-10-08T02:12:17+00:00,2026-10-07,daily,6,2026-10-10T10:00:00Z,28,Martinez,CHE,GKP,50,0,0,4.7,9709,24985,247476,249566,a,,,,,,,,2.0,2,9,360,4,0,0,0,10,18,0,1,0,37,0.00,0.01,0.01,7.49,2.0,2.0
2026-10-08T02:12:17+00:00,2026-10-07,daily,6,2026-10-10T10:00:00Z,40,Rogers,CHE,MID,78,1,3,41.0,209469,82082,2538892,673769,a,,,,,,3,4,5.0,2,29,437,5,3,1,0,12,0,31,3,5,23,1.72,1.23,2.95,8.73,5.0,5.0
2026-10-08T02:12:17+00:00,2026-10-07,daily,6,2026-10-10T10:00:00Z,101,Henderson,CHE,MID,49,0,-1,0.0,581,187,1194,2661,a,,2026-08-09T09:30:07.136250Z,50,100,,,3,1.0,2,2,90,1,0,0,0,3,0,10,2,1,7,0.00,0.08,0.08,2.65,0.5,1.0
2026-10-08T02:12:17+00:00,2026-10-07,daily,6,2026-10-10T10:00:00Z,136,Welbeck,CHE,FWD,59,0,-1,1.0,9909,10904,63845,84808,a,,2026-08-20T14:00:07.949090Z,100,100,,,,1.5,2,4,85,1,0,0,0,1,0,5,2,1,2,0.00,0.14,0.14,1.99,1.5,1.5
2026-10-08T02:12:17+00:00,2026-10-07,daily,6,2026-10-10T10:00:00Z,140,Sánchez,CHE,GKP,49,0,-1,0.7,0,5585,10847,177193,u,Has joined Como on loan for the rest of the season,2026-09-02T16:20:41.841936Z,0,0,,,,0.0,0,2,90,1,0,0,0,2,4,0,1,0,5,0.00,0.01,0.01,1.33,0.0,0.0
2026-10-08T02:12:17+00:00,2026-10-07,daily,6,2026-10-10T10:00:00Z,141,Jörgensen,CHE,GKP,50,0,0,0.0,0,34,0,952,u,Has joined RC Strasbourg on loan for the rest of the season,2026-08-12T14:07:02.607115Z,0,0,,,,0.0,0,0,0,0,0,0,0,0,0,0,0,0,0,0.00,0.00,0.00,0.00,0.0,0.0
2026-10-08T02:12:17+00:00,2026-10-07,daily,6,2026-10-10T10:00:00Z,142,James,CHE,DEF,53,-1,-2,5.7,751,88724,168956,611413,d,Hamstring injury - 75% chance of playing,2026-09-18T10:30:09.719371Z,75,75,,1,1,0.5,0,3,292,3,0,0,0,7,0,13,11,2,15,0.33,0.26,0.59,4.90,0.4,0.4
2026-10-08T02:12:17+00:00,2026-10-07,daily,6,2026-10-10T10:00:00Z,143,Chalobah,CHE,DEF,55,0,0,0.1,0,359,0,13989,u,Has joined Como permanently,2026-08-10T14:03:50.769483Z,0,0,,,,0.0,0,0,0,0,0,0,0,0,0,0,0,0,0,0.00,0.00,0.00,0.00,0.0,0.0
2026-10-08T02:12:17+00:00,2026-10-07,daily,6,2026-10-10T10:00:00Z,144,Gusto,CHE,DEF,49,-1,-1,0.9,1845,7594,37172,68074,a,,,,,,,6,0.5,0,4,272,3,0,0,0,7,0,15,11,4,13,0.08,0.12,0.20,3.50,0.5,0.5
2026-10-08T02:12:17+00:00,2026-10-07,daily,6,2026-10-10T10:00:00Z,145,Fofana,CHE,DEF,50,0,0,0.2,3181,1516,19287,8457,a,,2026-07-23T12:01:23.464591Z,100,100,,,,2.5,4,8,312,4,0,0,0,7,0,47,40,7,11,0.00,0.08,0.08,5.65,2.5,2.5
2026-10-08T02:12:17+00:00,2026-10-07,daily,6,2026-10-10T10:00:00Z,146,B.Badiashile,CHE,DEF,45,0,0,0.0,0,52,232,1949,u,Has joined Napoli on loan for the rest of the season,2026-08-25T14:03:47.079414Z,0,0,,,,0.0,0,0,0,0,0,0,0,0,0,0,0,0,0,0.00,0.00,0.00,0.00,0.0,0.0
2026-10-08T02:12:17+00:00,2026-10-07,daily,6,2026-10-10T10:00:00Z,148,Hato,CHE,DEF,45,0,0,0.8,1071,8474,91466,60801,a,,,,,,,,0.0,0,8,258,4,0,2,0,9,0,18,11,7,9,0.01,0.21,0.22,4.81,0.0,0.0
2026-10-08T02:12:17+00:00,2026-10-07,daily,6,2026-10-10T10:00:00Z,149,Colwill,CHE,DEF,48,-1,-2,0.9,1446,6205,27102,99230,a,,,,,,,,1.0,1,3,341,4,0,0,0,9,0,26,23,3,15,0.01,0.05,0.06,6.67,1.0,1.0
2026-10-08T02:12:17+00:00,2026-10-07,daily,6,2026-10-10T10:00:00Z,150,M.Sarr,CHE,DEF,45,0,0,0.0,0,198,429,6014,u,Has joined Real Sociedad on loan for the rest of the season,2026-08-29T00:34:23.077418Z,0,0,,,,0.0,0,0,0,0,0,0,0,0,0,0,0,0,0,0.00,0.00,0.00,0.00,0.0,0.0
2026-10-08T02:12:17+00:00,2026-10-07,daily,6,2026-10-10T10:00:00Z,151,Acheampong,CHE,DEF,45,0,0,0.3,500,2210,21212,22769,a,,,,,,,,0.0,0,5,221,2,0,0,0,7,0,20,13,7,7,0.00,0.03,0.03,4.72,0.0,0.0
2026-10-08T02:12:17+00:00,2026-10-07,daily,6,2026-10-10T10:00:00Z,152,Palestra,CHE,DEF,53,0,-2,0.6,347,4741,6807,221282,d,Thigh injury - 50% chance of playing,2026-08-24T18:30:07.421239Z,50,50,,,,0.0,0,0,0,0,0,0,0,0,0,0,0,0,0,0.00,0.00,0.00,0.00,0.0,0.0
2026-10-08T02:12:17+00:00,2026-10-07,daily,6,2026-10-10T10:00:00Z,154,Palmer,CHE,MID,97,0,2,25.1,56823,222856,1960199,718162,d,Muscular injury - 75% chance of playing,2026-09-21T13:00:09.022726Z,100,75,1,2,,3.5,2,28,442,5,2,2,0,12,0,29,3,7,19,1.31,0.79,2.10,8.73,3.5,2.6
2026-10-08T02:12:17+00:00,2026-10-07,daily,6,2026-10-10T10:00:00Z,156,Neto,CHE,MID,65,0,0,1.4,6950,10938,84075,92589,a,,,,,,4,2,2.0,2,14,332,4,1,0,0,8,0,28,8,6,14,0.68,0.58,1.26,6.64,2.0,2.0
2026-10-08T02:12:17+00:00,2026-10-07,daily,6,2026-10-10T10:00:00Z,157,Estêvão,CHE,MID,63,0,-2,0.7,2255,4746,18169,87481,a,,,,,2,,5,1.0,1,4,23,0,0,0,0,1,0,2,0,1,1,0.07,0.07,0.14,1.01,1.0,1.0
2026-10-08T02:12:17+00:00,2026-10-07,daily,6,2026-10-10T10:00:00Z,158,Gittens,CHE,MID,58,-1,-2,0.0,160,287,1139,2917,d,Ankle injury - 75% chance of playing,2026-09-26T05:30:09.245832Z,,75,,,,0.0,0,0,0,0,0,0,0,0,0,0,0,0,0,0.00,0.00,0.00,0.00,0.0,0.0
2026-10-08T02:12:17+00:00,2026-10-07,daily,6,2026-10-10T10:00:00Z,159,Caicedo,CHE,MID,53,0,-2,1.0,469,10336,15107,282728,d,Calf injury - 50% chance of playing,2026-08-30T16:00:08.393562Z,50,50,,,,0.0,0,1,13,0,0,0,0,0,0,0,0,0,0,0.00,0.00,0.00,0.07,0.0,0.0
2026-10-08T02:12:17+00:00,2026-10-07,daily,6,2026-10-10T10:00:00Z,161,Lavia,CHE,MID,50,0,0,0.2,573,2745,25948,15855,a,,,,,,,,1.0,0,11,258,4,1,0,0,8,0,31,10,6,15,0.75,0.11,0.86,5.06,1.0,1.0
2026-10-08T02:12:17+00:00,2026-10-07,daily,6,2026-10-10T10:00:00Z,163,D.Essugo,CHE,MID,45,0,0,0.1,0,827,2698,14539,u,Has joined RC Strasbourg on loan for the rest of the season,2026-09-02T16:20:41.865225Z,0,0,,,,0.0,0,0,0,0,0,0,0,0,0,0,0,0,0,0.00,0.00,0.00,0.00,0.0,0.0
2026-10-08T02:12:17+00:00,2026-10-07,daily,6,2026-10-10T10:00:00Z,164,Quenda,CHE,MID,53,0,-2,0.0,81,199,913,3419,a,,2026-07-24T20:30:10.609931Z,100,100,,,,0.5,1,2,27,0,0,0,0,2,0,1,1,0,0,0.03,0.01,0.04,1.29,0.5,0.5
2026-10-08T02:12:17+00:00,2026-10-07,daily,6,2026-10-10T10:00:00Z,165,João Pedro,CHE,FWD,77,-1,2,64.5,83028,458404,1597769,1530900,d,Knee injury - 75% chance of playing,2026-09-16T19:00:09.919929Z,75,75,,,,6.0,0,33,360,4,3,3,0,9,0,9,3,1,5,2.17,0.19,2.36,6.17,4.5,4.5
2026-10-08T02:12:17+00:00,2026-10-07,daily,6,2026-10-10T10:00:00Z,168,Marc Guiu,CHE,FWD,50,0,0,0.2,0,1762,4102,33486,u,Has joined RB Leipzig permanently,2026-09-01T13:24:48.857362Z,0,0,,,,0.0,0,0,0,0,0,0,0,0,0,0,0,0,0,0.00,0.00,0.00,0.00,0.0,0.0
2026-10-08T02:12:17+00:00,2026-10-07,daily,6,2026-10-10T10:00:00Z,169,Mheuka,CHE,FWD,45,0,0,0.5,5127,3985,32848,25774,a,,,,,,,,0.0,0,0,0,0,0,0,0,0,0,0,0,0,0,0.00,0.00,0.00,0.00,0.0,0.0
2026-10-08T02:12:17+00:00,2026-10-07,daily,6,2026-10-10T10:00:00Z,170,Emegha,CHE,FWD,49,-1,-1,0.1,114,1213,6114,12720,i,Hamstring injury - Expected back 10 Oct,2026-09-09T15:00:09.063849Z,0,0,,,,0.0,0,0,0,0,0,0,0,0,0,0,0,0,0,0.00,0.00,0.00,0.00,0.0,0.0
2026-10-08T02:12:17+00:00,2026-10-07,daily,6,2026-10-10T10:00:00Z,200,Lacroix,CHE,DEF,59,-1,-1,6.7,10552,33775,177206,429351,a,,,,,,,,2.0,3,13,364,4,0,1,0,10,0,47,37,10,8,0.15,0.22,0.37,7.93,2.0,2.0
2026-10-08T02:12:17+00:00,2026-10-07,daily,6,2026-10-10T10:00:00Z,560,Penders,CHE,GKP,44,0,-1,0.1,269,337,2044,3657,a,,,,,,,,0.0,0,0,0,0,0,0,0,0,0,0,0,0,0,0.00,0.00,0.00,0.00,0.0,0.0
2026-10-08T02:12:17+00:00,2026-10-07,daily,6,2026-10-10T10:00:00Z,561,Anselmino,CHE,DEF,45,0,0,0.0,77,117,834,1265,a,,2026-08-23T19:00:08.536705Z,100,100,,,,0.0,0,0,0,0,0,0,0,0,0,0,0,0,0,0.00,0.00,0.00,0.00,0.0,0.0
2026-10-08T02:12:17+00:00,2026-10-07,daily,6,2026-10-10T10:00:00Z,568,Barco,CHE,MID,54,0,-1,0.1,276,515,3199,7082,a,,,,,,,,1.0,2,3,115,1,0,0,0,3,0,12,4,3,5,0.07,0.11,0.18,2.83,1.0,1.0
2026-10-08T02:12:17+00:00,2026-10-07,daily,6,2026-10-10T10:00:00Z,583,Chavarria,CHE,DEF,49,0,-1,0.2,548,629,3508,11235,a,,,,,,,,1.0,1,5,208,1,0,0,0,4,0,16,11,5,7,0.04,0.07,0.11,4.10,1.0,1.0
2026-10-08T02:12:17+00:00,2026-10-07,daily,6,2026-10-10T10:00:00Z,662,Nicoll-Jazuli,CHE,MID,45,0,0,0.0,380,86,380,86,a,,,,,,,,1.0,1,1,3,0,0,0,0,1,0,2,0,2,0,0.00,0.00,0.00,0.43,1.1,1.1
2026-10-08T02:12:17+00:00,2026-10-07,daily,6,2026-10-10T10:00:00Z,91,Pinnock,COV,DEF,45,0,0,0.1,524,298,2693,4069,a,,,,,,,,5.0,8,14,282,3,0,0,1,7,0,44,41,3,4,0.12,0.00,0.12,6.57,5.0,5.0
2026-10-08T02:12:17+00:00,2026-10-07,daily,6,2026-10-10T10:00:00Z,104,Onyeka,COV,MID,49,0,-1,0.1,195,533,4005,9660,a,,2026-09-15T09:00:07.851220Z,100,100,,,,2.5,3,9,314,4,0,0,1,7,0,28,9,5,14,0.03,0.02,0.05,6.31,2.5,2.5
2026-10-08T02:12:17+00:00,2026-10-07,daily,6,2026-10-10T10:00:00Z,110,Rushworth,COV,GKP,45,0,0,0.8,3154,6790,24301,59954,a,,,,,,,,5.5,11,16,450,5,0,1,1,10,9,0,4,0,50,0.00,0.02,0.02,8.63,5.5,5.5
2026-10-08T02:12:17+00:00,2026-10-07,daily,6,2026-10-10T10:00:00Z,171,Dovin,COV,GKP,40,0,0,1.0,0,5809,8924,58977,u,Has joined Leyton Orient on loan for the rest of the season,2026-09-02T15:44:14.839336Z,0,0,,,,0.0,0,0,0,0,0,0,0,0,0,0,0,0,0,0.00,0.00,0.00,0.00,0.0,0.0
2026-10-08T02:12:17+00:00,2026-10-07,daily,6,2026-10-10T10:00:00Z,172,Wilson,COV,GKP,44,0,-1,0.4,274,800,1444,12497,a,,,,,,,,0.0,0,0,0,0,0,0,0,0,0,0,0,0,0,0.00,0.00,0.00,0.00,0.0,0.0
2026-10-08T02:12:17+00:00,2026-10-07,daily,6,2026-10-10T10:00:00Z,173,Thomas,COV,DEF,40,0,0,8.6,36542,39480,373976,292504,a,,,,,,,,4.5,9,24,437,5,0,0,2,9,0,52,49,3,16,0.49,0.30,0.79,8.09,4.5,4.5
2026-10-08T02:12:17+00:00,2026-10-07,daily,6,2026-10-10T10:00:00Z,174,Kitching,COV,DEF,40,0,0,0.3,0,2206,981,33299,u,Has joined Sheffield United on loan for the rest of the season,2026-09-02T16:21:03.612394Z,0,0,,,,0.0,0,0,0,0,0,0,0,0,0,0,0,0,0,0.00,0.00,0.00,0.00,0.0,0.0
2026-10-08T02:12:17+00:00,2026-10-07,daily,6,2026-10-10T10:00:00Z,175,van Ewijk,COV,DEF,40,0,0,8.5,1289,91837,123194,516511,d,Hamstring injury - 75% chance of playing,2026-09-19T16:00:09.486751Z,,75,,,,0.0,0,6,360,4,0,0,0,10,0,27,21,6,13,0.00,0.30,0.30,7.53,0.0,0.0
2026-10-08T02:12:17+00:00,2026-10-07,daily,6,2026-10-10T10:00:00Z,176,Dasilva,COV,DEF,40,0,0,0.7,8853,2455,18136,23421,a,,,,,,,,7.5,15,20,444,5,1,0,1,10,0,23,19,4,14,0.50,0.52,1.02,8.63,7.5,7.5
2026-10-08T02:12:17+00:00,2026-10-07,daily,6,2026-10-10T10:00:00Z,177,Kesler-Hayden,COV,DEF,39,-1,-1,0.1,4084,1064,4683,4289,i,Hamstring injury - Unknown return date,2026-08-27T14:56:28.704361Z,0,0,,,,0.0,0,0,0,0,0,0,0,0,0,0,0,0,0,0.00,0.00,0.00,0.00,0.0,0.0
2026-10-08T02:12:17+00:00,2026-10-07,daily,6,2026-10-10T10:00:00Z,178,Bidwell,COV,DEF,40,0,0,0.1,210,345,2517,3576,a,,,,,,,,0.0,0,0,0,0,0,0,0,0,0,0,0,0,0,0.00,0.00,0.00,0.00,0.0,0.0
2026-10-08T02:12:17+00:00,2026-10-07,daily,6,2026-10-10T10:00:00Z,179,Latibeaudiere,COV,DEF,40,0,0,0.0,84,165,995,1768,a,,,,,,,,0.5,1,1,1,0,0,0,0,0,0,2,2,0,0,0.00,0.00,0.00,0.02,0.5,0.5
2026-10-08T02:12:17+00:00,2026-10-07,daily,6,2026-10-10T10:00:00Z,180,Woolfenden,COV,DEF,39,-1,-1,0.1,238,642,2473,9151,i,Knee injury - Unknown return date,2026-08-27T14:56:28.718566Z,0,0,,,,0.0,0,0,0,0,0,0,0,0,0,0,0,0,0,0.00,0.00,0.00,0.00,0.0,0.0
2026-10-08T02:12:17+00:00,2026-10-07,daily,6,2026-10-10T10:00:00Z,181,Brau,COV,DEF,40,0,0,0.0,0,121,275,2191,u,Has joined Academico de Viseu on loan for the rest of the season,2026-08-29T00:35:59.980316Z,0,0,,,,0.0,0,0,0,0,0,0,0,0,0,0,0,0,0,0.00,0.00,0.00,0.00,0.0,0.0
2026-10-08T02:12:17+00:00,2026-10-07,daily,6,2026-10-10T10:00:00Z,182,Amenda,COV,DEF,40,0,0,0.6,46,7855,11491,34757,i,Calf injury - Unknown return date,2026-09-17T07:30:09.329041Z,25,0,,,,0.0,0,4,360,4,0,0,0,10,0,24,23,1,11,0.02,0.39,0.41,7.53,0.0,0.0
2026-10-08T02:12:17+00:00,2026-10-07,daily,6,2026-10-10T10:00:00Z,183,Rudoni,COV,MID,49,0,-1,0.1,1153,884,4623,8273,a,,2026-07-23T12:01:23.481435Z,100,100,,1,5,3.5,5,13,297,4,0,0,2,4,0,34,9,4,21,0.92,1.11,2.03,4.49,3.5,3.5
2026-10-08T02:12:17+00:00,2026-10-07,daily,6,2026-10-10T10:00:00Z,184,Grimes,COV,MID,49,0,-1,0.1,216,1035,4113,11426,a,,,,,3,,1,2.5,3,11,443,5,0,0,1,9,0,38,13,9,16,0.12,0.13,0.25,8.42,2.5,2.5
2026-10-08T02:12:17+00:00,2026-10-07,daily,6,2026-10-10T10:00:00Z,185,Sakamoto,COV,MID,48,0,-2,0.1,136,460,1026,5832,a,,,,,,,,0.0,0,1,31,0,0,0,0,1,0,4,0,2,2,0.02,0.02,0.04,0.69,0.0,0.0
2026-10-08T02:12:17+00:00,2026-10-07,daily,6,2026-10-10T10:00:00Z,186,Mason-Clark,COV,MID,53,-1,-2,0.1,86,404,1125,6008,a,,2026-08-19T18:00:08.310507Z,100,100,,,,1.0,1,5,231,4,0,0,0,3,0,15,6,0,9,0.51,0.12,0.63,3.16,1.0,1.0
2026-10-08T02:12:17+00:00,2026-10-07,daily,6,2026-10-10T10:00:00Z,187,Eccles,COV,MID,48,-1,-2,0.0,31,113,644,1489,i,Unspecified injury - Expected back 12 Oct,2026-09-10T18:30:08.877110Z,0,0,,,,0.0,0,0,0,0,0,0,0,0,0,0,0,0,0,0.00,0.00,0.00,0.00,0.0,0.0
2026-10-08T02:12:17+00:00,2026-10-07,daily,6,2026-10-10T10:00:00Z,188,Torp,COV,MID,53,-1,-2,0.1,47,510,800,8042,a,,,,,2,2,2,0.5,0,3,53,0,0,0,0,2,0,3,1,0,2,0.00,0.12,0.12,1.22,0.5,0.5
2026-10-08T02:12:17+00:00,2026-10-07,daily,6,2026-10-10T10:00:00Z,189,Shepherd,COV,MID,44,0,-1,0.3,4516,3211,11236,16082,a,,,,,,,,0.0,0,0,0,0,0,0,0,0,0,0,0,0,0,0.00,0.00,0.00,0.00,0.0,0.0
2026-10-08T02:12:17+00:00,2026-10-07,daily,6,2026-10-10T10:00:00Z,190,Tchaouna,COV,MID,54,0,-1,0.1,30,427,3146,8304,a,,,,,,,3,0.5,1,5,211,2,0,0,0,3,0,18,6,1,11,0.23,0.18,0.41,3.23,0.5,0.5
2026-10-08T02:12:17+00:00,2026-10-07,daily,6,2026-10-10T10:00:00Z,191,Borges Rodrigues,COV,MID,45,0,0,0.1,0,817,1943,11641,u,Has joined Burton Albion on loan for the rest of the season,2026-09-02T15:44:14.868001Z,0,0,,,,0.0,0,0,0,0,0,0,0,0,0,0,0,0,0,0.00,0.00,0.00,0.00,0.0,0.0
2026-10-08T02:12:17+00:00,2026-10-07,daily,6,2026-10-10T10:00:00Z,192,Andrews,COV,MID,45,0,0,0.3,0,2361,2718,41466,u,Has joined Oxford United on loan for the rest of the season,2026-08-29T00:35:59.998520Z,0,0,,,,0.0,0,0,0,0,0,0,0,0,0,0,0,0,0,0.00,0.00,0.00,0.00,0.0,0.0
2026-10-08T02:12:17+00:00,2026-10-07,daily,6,2026-10-10T10:00:00Z,193,Wright,COV,FWD,53,-1,-2,0.1,52,653,619,12579,i,Thigh injury - Unknown return date,2026-08-14T22:00:07.214508Z,0,0,1,,,0.0,0,0,0,0,0,0,0,0,0,0,0,0,0,0.00,0.00,0.00,0.00,0.0,0.0
2026-10-08T02:12:17+00:00,2026-10-07,daily,6,2026-10-10T10:00:00Z,194,Thomas-Asante,COV,FWD,50,0,0,0.8,10342,7204,60967,58229,a,,,,,4,,,2.5,4,9,227,2,0,0,1,6,0,27,12,3,12,0.34,0.06,0.39,4.98,2.5,2.5
2026-10-08T02:12:17+00:00,2026-10-07,daily,6,2026-10-10T10:00:00Z,195,Simms,COV,FWD,49,-1,-1,0.6,2613,6214,41117,65432,a,,,,,,,,0.5,1,4,104,1,0,0,0,3,0,3,1,0,2,0.30,0.01,0.31,2.79,0.5,0.5
2026-10-08T02:12:17+00:00,2026-10-07,daily,6,2026-10-10T10:00:00Z,196,Markelo,COV,FWD,50,0,0,0.0,0,67,0,1194,u,Has joined Shabab Al-Ahli Dubai permanently,2026-08-17T13:53:55.791223Z,0,0,,,,0.0,0,0,0,0,0,0,0,0,0,0,0,0,0,0.00,0.00,0.00,0.00,0.0,0.0
2026-10-08T02:12:17+00:00,2026-10-07,daily,6,2026-10-10T10:00:00Z,197,Bassette,COV,FWD,45,0,0,0.0,0,163,0,2122,u,Has joined KVC Westerlo on loan for the rest of the season,2026-07-28T12:58:50.001768Z,0,0,,,,0.0,0,0,0,0,0,0,0,0,0,0,0,0,0,0.00,0.00,0.00,0.00,0.0,0.0
2026-10-08T02:12:17+00:00,2026-10-07,daily,6,2026-10-10T10:00:00Z,492,Awoniyi,COV,FWD,54,-1,-1,0.4,86,5893,21359,65688,s,Suspended until 19 Oct,2026-09-13T15:00:09.305127Z,0,0,5,,,-1.0,0,3,232,3,0,0,0,7,0,11,3,1,7,1.30,0.04,1.34,3.55,0.0,0.0
2026-10-08T02:12:17+00:00,2026-10-07,daily,6,2026-10-10T10:00:00Z,575,Yirenkyi,COV,MID,48,-1,-2,0.1,349,1174,3001,13841,a,,,,,,,,2.0,3,9,265,3,0,0,2,5,0,21,7,1,13,0.03,0.15,0.18,4.25,2.0,2.0
2026-10-08T02:12:17+00:00,2026-10-07,daily,6,2026-10-10T10:00:00Z,584,Hamer,COV,MID,54,0,-1,0.1,44,456,794,6463,a,,,,,,,4,0.0,0,3,32,0,0,0,0,1,0,3,0,1,2,0.00,0.02,0.02,0.82,0.0,0.0
2026-10-08T02:12:17+00:00,2026-10-07,daily,6,2026-10-10T10:00:00Z,599,Cherif,COV,FWD,50,0,0,0.1,635,866,7562,7705,a,,,,,,,,0.5,0,1,30,0,0,0,0,3,0,1,1,0,0,0.00,0.00,0.00,1.43,0.5,0.5
2026-10-08T02:12:17+00:00,2026-10-07,daily,6,2026-10-10T10:00:00Z,623,Bentley,COV,GKP,40,0,0,0.6,10630,2855,81008,19747,a,,,,,,,,0.0,0,0,0,0,0,0,0,0,0,0,0,0,0,0.00,0.00,0.00,0.00,0.0,0.0
2026-10-08T02:12:17+00:00,2026-10-07,daily,6,2026-10-10T10:00:00Z,655,Gboho,COV,MID,55,0,0,0.0,82,56,280,105,a,,,,,,,,0.0,0,0,0,0,0,0,0,0,0,0,0,0,0,0.00,0.00,0.00,0.00,0.0,0.0
2026-10-08T02:12:17+00:00,2026-10-07,daily,6,2026-10-10T10:00:00Z,656,Mfuni,COV,DEF,40,0,0,0.1,2139,973,10451,2774,a,,,,,,,,3.0,6,6,90,1,0,0,1,0,0,8,7,1,3,0.00,0.01,0.01,1.10,3.0,3.0
2026-10-08T02:12:17+00:00,2026-10-07,daily,6,2026-10-10T10:00:00Z,42,Guessand,CRY,MID,54,0,-1,0.0,121,289,2414,3660,a,,,,,,,,0.0,0,2,54,0,0,0,0,1,0,2,1,1,0,0.03,0.03,0.06,0.34,0.0,0.0
2026-10-08T02:12:17+00:00,2026-10-07,daily,6,2026-10-10T10:00:00Z,153,Disasi,CRY,DEF,45,0,0,0.1,33,915,9434,10496,s,Suspended until 25 Oct,2026-09-12T15:30:09.445078Z,0,0,,,,-1.5,0,1,139,2,0,0,0,6,0,20,15,5,11,0.00,0.04,0.04,3.72,0.0,0.0
2026-10-08T02:12:17+00:00,2026-10-07,daily,6,2026-10-10T10:00:00Z,198,Henderson,CRY,GKP,49,-1,-1,1.3,172,13099,55298,122007,i,Foot injury - Expected back 11 Oct,2026-09-12T14:00:09.378740Z,0,0,,,,0.0,0,5,270,3,0,0,0,8,12,0,6,0,31,0.00,0.00,0.00,6.47,0.0,0.0
2026-10-08T02:12:17+00:00,2026-10-07,daily,6,2026-10-10T10:00:00Z,199,Benitez,CRY,GKP,45,0,0,0.1,867,457,3959,4874,a,,,,,,,,4.0,6,8,180,2,0,0,1,3,5,0,2,0,11,0.00,0.00,0.00,2.99,4.0,4.0
2026-10-08T02:12:17+00:00,2026-10-07,daily,6,2026-10-10T10:00:00Z,202,Richards,CRY,DEF,49,-1,-1,0.6,2078,2576,22990,38307,a,,,,,,,,5.0,8,14,450,5,0,0,1,11,0,54,46,8,16,0.08,0.07,0.15,9.46,5.0,5.0
2026-10-08T02:12:17+00:00,2026-10-07,daily,6,2026-10-10T10:00:00Z,203,Canvot,CRY,DEF,48,-1,-2,0.2,563,1035,5905,19685,a,,,,,,,,4.0,8,10,360,4,0,0,1,8,0,34,26,8,11,0.05,0.13,0.18,7.78,4.0,4.0
2026-10-08T02:12:17+00:00,2026-10-07,daily,6,2026-10-10T10:00:00Z,204,Mitchell,CRY,DEF,45,0,0,6.1,18943,20486,315478,268888,a,,,,,,,,4.0,7,24,419,5,2,0,1,10,0,25,14,11,23,0.77,0.26,1.03,8.34,4.0,4.0
2026-10-08T02:12:17+00:00,2026-10-07,daily,6,2026-10-10T10:00:00Z,205,Sosa,CRY,DEF,45,0,0,0.0,0,124,236,2093,u,Has joined FC Cologne on loan for the rest of the season,2026-09-02T16:03:25.710518Z,0,0,,,,0.0,0,0,0,0,0,0,0,0,0,0,0,0,0,0.00,0.00,0.00,0.00,0.0,0.0
2026-10-08T02:12:17+00:00,2026-10-07,daily,6,2026-10-10T10:00:00Z,206,Chadi Riad,CRY,DEF,43,-1,-2,0.0,31,157,655,5708,i,Knee injury - Unknown return date,2026-08-22T18:00:07.352049Z,0,0,,,,0.0,0,1,72,1,0,0,0,2,0,7,6,1,3,0.00,0.01,0.01,0.98,0.0,0.0
2026-10-08T02:12:17+00:00,2026-10-07,daily,6,2026-10-10T10:00:00Z,207,Mingueza,CRY,DEF,44,0,-1,0.1,109,342,2019,4898,a,,,,,,,,0.0,0,2,16,0,0,0,0,1,0,2,0,2,1,0.00,0.00,0.00,0.33,0.0,0.0
2026-10-08T02:12:17+00:00,2026-10-07,daily,6,2026-10-10T10:00:00Z,208,Sarr,CRY,MID,62,0,-3,0.6,3135,2627,7189,377078,a,,2026-08-22T18:00:07.363165Z,100,100,2,,,0.5,1,1,8,0,0,0,0,0,0,0,0,0,0,0.00,0.01,0.01,0.06,0.5,0.5
2026-10-08T02:12:17+00:00,2026-10-07,daily,6,2026-10-10T10:00:00Z,210,Wharton,CRY,MID,54,-1,-1,0.7,1341,5108,29748,49098,a,,2026-07-23T12:01:23.498963Z,100,100,,,2,2.0,2,12,436,5,0,0,1,10,0,41,16,10,15,0.15,0.58,0.73,8.91,2.0,2.0
2026-10-08T02:12:17+00:00,2026-10-07,daily,6,2026-10-10T10:00:00Z,211,Yeremy,CRY,MID,55,0,0,0.3,808,3205,45352,31602,a,,,,,,1,1,1.5,2,14,307,4,0,2,1,6,0,26,5,5,16,0.52,0.55,1.07,6.93,1.5,1.5
2026-10-08T02:12:17+00:00,2026-10-07,daily,6,2026-10-10T10:00:00Z,212,Hughes,CRY,MID,44,0,-1,7.2,10294,53246,123693,491861,a,,,,,,,4,0.5,0,2,29,0,0,0,0,1,0,7,3,1,3,0.00,0.04,0.04,1.12,0.5,0.5
2026-10-08T02:12:17+00:00,2026-10-07,daily,6,2026-10-10T10:00:00Z,213,Lerma,CRY,MID,48,-1,-2,0.1,109,434,1315,5615,a,,,,,,,,0.5,0,1,51,0,0,0,0,1,0,12,7,2,3,0.26,0.00,0.26,1.25,0.5,0.5
2026-10-08T02:12:17+00:00,2026-10-07,daily,6,2026-10-10T10:00:00Z,214,Kamada,CRY,MID,50,0,0,0.5,3925,3717,50672,25334,a,,,,,,,3,5.5,3,21,441,5,0,3,1,10,0,38,4,11,23,0.47,0.38,0.85,8.85,5.5,5.5
2026-10-08T02:12:17+00:00,2026-10-07,daily,6,2026-10-10T10:00:00Z,215,Devenny,CRY,MID,50,0,0,0.0,0,45,132,959,u,Has joined Stoke City permanently,2026-09-02T15:41:07.346849Z,0,0,3,2,,0.0,0,0,0,0,0,0,0,0,0,0,0,0,0,0.00,0.00,0.00,0.00,0.0,0.0
2026-10-08T02:12:17+00:00,2026-10-07,daily,6,2026-10-10T10:00:00Z,216,Esse,CRY,MID,50,0,0,0.0,0,146,399,3257,u,Has joined Millwall on loan for the rest of the season,2026-09-02T15:41:07.376544Z,0,0,,,,0.0,0,0,0,0,0,0,0,0,0,0,0,0,0,0.00,0.00,0.00,0.00,0.0,0.0
2026-10-08T02:12:17+00:00,2026-10-07,daily,6,2026-10-10T10:00:00Z,217,M.França,CRY,MID,49,0,-1,0.0,0,183,1007,3465,u,Has joined Alverca on loan for the rest of the season,2026-09-11T14:42:19.322912Z,0,0,,,,0.0,0,0,0,0,0,0,0,0,0,0,0,0,0,0.00,0.00,0.00,0.00,0.0,0.0
2026-10-08T02:12:17+00:00,2026-10-07,daily,6,2026-10-10T10:00:00Z,218,Doucouré,CRY,MID,48,-1,-2,0.0,129,335,2103,4500,a,,,,,,,,0.0,0,0,0,0,0,0,0,0,0,0,0,0,0,0.00,0.00,0.00,0.00,0.0,0.0
2026-10-08T02:12:17+00:00,2026-10-07,daily,6,2026-10-10T10:00:00Z,219,J.Rak-Sakyi,CRY,MID,49,0,-1,0.0,0,33,145,475,u,has joined  Kasimpasa on loan for the rest of the seaon.,2026-09-10T09:12:47.224598Z,0,0,,,,0.0,0,0,0,0,0,0,0,0,0,0,0,0,0,0.00,0.00,0.00,0.00,0.0,0.0
2026-10-08T02:12:17+00:00,2026-10-07,daily,6,2026-10-10T10:00:00Z,220,Cardines,CRY,DEF,45,0,0,0.0,0,3,0,128,u,Has joined Bristol City on loan for the rest of the season,2026-08-12T14:08:46.501813Z,0,0,,,,0.0,0,0,0,0,0,0,0,0,0,0,0,0,0,0.00,0.00,0.00,0.00,0.0,0.0
2026-10-08T02:12:17+00:00,2026-10-07,daily,6,2026-10-10T10:00:00Z,221,Drakes-Thomas,CRY,MID,44,-1,-1,0.1,173,495,2721,4740,a,,,,,,,,0.0,0,0,0,0,0,0,0,0,0,0,0,0,0,0.00,0.00,0.00,0.00,0.0,0.0
2026-10-08T02:12:17+00:00,2026-10-07,daily,6,2026-10-10T10:00:00Z,222,Strand Larsen,CRY,FWD,60,0,0,0.7,6793,4762,52018,41816,a,,,,,,,,5.0,2,14,298,3,1,0,1,5,0,13,6,2,5,0.43,0.20,0.63,6.15,5.0,5.0
2026-10-08T02:12:17+00:00,2026-10-07,daily,6,2026-10-10T10:00:00Z,223,Mateta,CRY,FWD,63,0,-2,1.3,258,10393,26011,455880,i,Hamstring injury - Expected back 11 Oct,2026-08-28T21:00:08.020382Z,0,0,1,,,0.0,0,2,62,1,0,0,0,2,0,5,1,2,2,0.70,0.02,0.72,0.98,0.0,0.0
2026-10-08T02:12:17+00:00,2026-10-07,daily,6,2026-10-10T10:00:00Z,224,Nketiah,CRY,FWD,55,0,0,0.5,1527,3900,47508,50547,a,,2026-09-12T14:00:09.427136Z,100,100,,,,0.5,1,8,175,3,0,1,0,7,0,12,2,4,6,1.10,0.60,1.70,4.51,0.5,0.5
2026-10-08T02:12:17+00:00,2026-10-07,daily,6,2026-10-10T10:00:00Z,225,Uche,CRY,FWD,50,0,0,0.0,0,0,0,0,u,has returned to Getafe CF,2026-07-23T12:18:56.275922Z,0,0,,,,0.0,0,0,0,0,0,0,0,0,0,0,0,0,0,0.00,0.00,0.00,0.00,0.0,0.0
2026-10-08T02:12:17+00:00,2026-10-07,daily,6,2026-10-10T10:00:00Z,241,McNeil,CRY,MID,53,-1,-2,0.1,96,574,1803,8303,a,,,,,,,,0.0,0,3,84,1,0,0,0,3,0,7,4,0,3,0.05,0.02,0.07,1.18,0.0,0.0
2026-10-08T02:12:17+00:00,2026-10-07,daily,6,2026-10-10T10:00:00Z,555,Matthews,CRY,GKP,40,0,0,1.7,1332,3454,23516,31894,a,,,,,,,,0.0,0,0,0,0,0,0,0,0,0,0,0,0,0,0.00,0.00,0.00,0.00,0.0,0.0
2026-10-08T02:12:17+00:00,2026-10-07,daily,6,2026-10-10T10:00:00Z,577,Tomiyasu,CRY,DEF,44,0,-1,0.3,149,1486,3478,13606,d,Calf injury - 75% chance of playing,2026-09-21T13:30:09.030724Z,,75,,,,0.5,1,3,189,2,0,0,0,5,0,17,15,2,7,0.00,0.03,0.03,3.98,0.5,0.4
2026-10-08T02:12:17+00:00,2026-10-07,daily,6,2026-10-10T10:00:00Z,588,Khalaili,CRY,DEF,50,0,0,0.3,2280,1865,34973,16119,d,Hamstring injury - 75% chance of playing,2026-10-04T22:00:08.963040Z,,75,,,,6.5,6,19,379,4,1,0,1,8,0,44,23,21,26,0.96,0.33,1.29,8.41,6.5,4.9
2026-10-08T02:12:17+00:00,2026-10-07,daily,6,2026-10-10T10:00:00Z,595,Gozo,CRY,MID,49,-1,-1,0.0,41,100,491,893,a,,,,,,,,0.5,0,2,28,0,0,0,0,2,0,1,0,1,0,0.00,0.00,0.00,0.68,0.5,0.5
2026-10-08T02:12:17+00:00,2026-10-07,daily,6,2026-10-10T10:00:00Z,633,Ahanor,CRY,DEF,45,0,0,0.0,156,121,1931,573,a,,,,,,,,1.5,0,3,90,1,0,0,0,3,0,11,9,2,4,0.00,0.01,0.01,1.68,1.5,1.5
2026-10-08T02:12:17+00:00,2026-10-07,daily,6,2026-10-10T10:00:00Z,643,Chilwell,CRY,DEF,45,0,0,0.4,684,3362,43238,18572,a,,,,,,,,0.5,0,8,29,0,1,0,0,1,0,1,1,0,0,0.27,0.01,0.28,1.12,0.5,0.5
2026-10-08T02:12:17+00:00,2026-10-07,daily,6,2026-10-10T10:00:00Z,644,Timber,CRY,MID,50,0,0,0.0,545,359,4368,1551,a,,,,,,,,3.5,3,9,253,3,0,0,1,5,0,27,6,11,10,0.24,0.06,0.30,5.56,3.5,3.5
2026-10-08T02:12:17+00:00,2026-10-07,daily,6,2026-10-10T10:00:00Z,647,Osorio,CRY,MID,55,0,0,0.0,35,84,954,420,a,,,,,,,,0.0,0,1,1,0,0,0,0,0,0,1,0,1,0,0.00,0.00,0.00,0.13,0.0,0.0
2026-10-08T02:12:17+00:00,2026-10-07,daily,6,2026-10-10T10:00:00Z,21,Nørgaard,EVE,MID,48,-1,-2,0.0,71,392,511,7494,i,Groin injury - Unknown return date,2026-08-15T20:00:06.779594Z,0,0,,,,0.0,0,0,0,0,0,0,0,0,0,0,0,0,0,0.00,0.00,0.00,0.00,0.0,0.0
2026-10-08T02:12:17+00:00,2026-10-07,daily,6,2026-10-10T10:00:00Z,209,Johnson,EVE,MID,59,0,-1,0.1,519,857,5414,10572,a,,,,,,,,3.0,3,9,238,3,0,0,2,1,0,26,8,7,11,1.03,0.22,1.25,3.73,3.0,3.0
2026-10-08T02:12:17+00:00,2026-10-07,daily,6,2026-10-10T10:00:00Z,226,Pickford,EVE,GKP,55,0,0,9.2,33793,19860,301310,239979,a,,,,,,,,7.0,8,25,450,5,0,0,3,3,15,0,7,0,53,0.00,0.02,0.02,6.94,7.0,7.0
2026-10-08T02:12:17+00:00,2026-10-07,daily,6,2026-10-10T10:00:00Z,227,Travers,EVE,GKP,50,0,0,0.0,285,303,1843,2165,a,,,,,,,,0.0,0,0,0,0,0,0,0,0,0,0,0,0,0,0.00,0.00,0.00,0.00,0.0,0.0
2026-10-08T02:12:17+00:00,2026-10-07,daily,6,2026-10-10T10:00:00Z,228,King,EVE,GKP,45,0,0,0.0,129,193,1196,1760,a,,,,,,,,0.0,0,0,0,0,0,0,0,0,0,0,0,0,0,0.00,0.00,0.00,0.00,0.0,0.0
2026-10-08T02:12:17+00:00,2026-10-07,daily,6,2026-10-10T10:00:00Z,229,Tarkowski,EVE,DEF,62,1,2,17.0,274478,30185,985286,293771,a,,,,,,,,11.0,14,43,450,5,1,1,3,3,0,51,40,11,18,0.18,0.04,0.22,6.94,11.0,11.0
2026-10-08T02:12:17+00:00,2026-10-07,daily,6,2026-10-10T10:00:00Z,230,Branthwaite,EVE,DEF,55,0,0,2.5,25911,9361,146083,73826,a,,,,,,,,7.0,8,27,450,5,0,0,3,3,0,54,49,5,14,0.17,0.02,0.19,6.94,7.0,7.0
2026-10-08T02:12:17+00:00,2026-10-07,daily,6,2026-10-10T10:00:00Z,231,Keane,EVE,DEF,48,0,-2,0.7,511,4426,9416,91225,a,,,,,,,,0.0,0,0,0,0,0,0,0,0,0,0,0,0,0,0.00,0.00,0.00,0.00,0.0,0.0
2026-10-08T02:12:17+00:00,2026-10-07,daily,6,2026-10-10T10:00:00Z,232,O'Brien,EVE,DEF,48,-1,-2,0.3,409,1356,4664,24827,a,,,,,,,,1.0,1,2,16,0,0,0,0,0,0,2,2,0,2,0.00,0.00,0.00,0.42,1.0,1.0
2026-10-08T02:12:17+00:00,2026-10-07,daily,6,2026-10-10T10:00:00Z,233,Mykolenko,EVE,DEF,46,1,1,4.1,42467,34998,413659,131451,d,Leg injury - 75% chance of playing,2026-10-01T19:30:09.402881Z,,75,,,,8.0,5,27,450,5,0,0,3,3,0,39,25,14,30,0.04,0.16,0.20,6.94,8.0,6.0
2026-10-08T02:12:17+00:00,2026-10-07,daily,6,2026-10-10T10:00:00Z,234,Patterson,EVE,DEF,45,0,0,0.0,0,149,371,2462,u,Has joined Torino permanently,2026-09-02T16:05:23.326971Z,0,0,,,,0.0,0,0,0,0,0,0,0,0,0,0,0,0,0,0.00,0.00,0.00,0.00,0.0,0.0
2026-10-08T02:12:17+00:00,2026-10-07,daily,6,2026-10-10T10:00:00Z,235,Aznou,EVE,DEF,40,0,0,0.1,0,662,1728,11256,u,Has joined Malaga on loan for the rest of the season,2026-09-01T13:23:16.934847Z,0,0,,,,0.0,0,0,0,0,0,0,0,0,0,0,0,0,0,0.00,0.00,0.00,0.00,0.0,0.0
2026-10-08T02:12:17+00:00,2026-10-07,daily,6,2026-10-10T10:00:00Z,236,Dewsbury-Hall,EVE,MID,66,1,1,5.8,38162,59159,588926,338523,a,,,,,,,2,2.5,3,20,450,5,1,0,3,3,0,42,5,11,26,0.99,0.83,1.82,6.74,2.5,2.5
2026-10-08T02:12:17+00:00,2026-10-07,daily,6,2026-10-10T10:00:00Z,238,Grealish,EVE,MID,65,0,0,0.5,4695,3491,41739,23775,a,,2026-07-29T10:00:10.492904Z,100,100,,,,2.0,3,6,135,1,0,0,1,1,0,13,2,3,8,0.02,0.44,0.46,1.67,2.0,2.0
2026-10-08T02:12:17+00:00,2026-10-07,daily,6,2026-10-10T10:00:00Z,239,Garner,EVE,MID,60,0,0,0.2,2329,2457,21781,14357,a,,2026-09-06T18:00:08.301702Z,100,100,2,1,1,3.5,3,11,328,4,0,0,2,2,0,45,9,11,25,0.20,0.17,0.37,3.45,3.5,3.5
2026-10-08T02:12:17+00:00,2026-10-07,daily,6,2026-10-10T10:00:00Z,242,George,EVE,MID,55,0,0,0.9,2886,12814,107551,44478,a,,,,,,,,2.0,1,19,309,4,1,0,2,3,0,18,5,1,12,0.35,0.32,0.67,3.71,2.0,2.0
2026-10-08T02:12:17+00:00,2026-10-07,daily,6,2026-10-10T10:00:00Z,243,Alcaraz,EVE,MID,49,0,-1,0.1,176,459,2877,5892,a,,,,,,,,0.0,0,1,5,0,0,0,0,0,0,3,0,1,2,0.05,0.02,0.07,0.04,0.0,0.0
2026-10-08T02:12:17+00:00,2026-10-07,daily,6,2026-10-10T10:00:00Z,244,Armstrong,EVE,MID,50,0,0,0.4,1020,3732,54080,33086,a,,2026-09-17T08:30:08.942299Z,75,100,,,,2.5,2,16,446,5,0,1,3,3,0,40,13,8,19,0.21,0.49,0.70,6.94,1.9,2.5
2026-10-08T02:12:17+00:00,2026-10-07,daily,6,2026-10-10T10:00:00Z,245,Dibling,EVE,MID,54,0,-1,0.0,140,178,1195,2677,a,,,,,,,,0.5,1,1,24,0,0,0,0,0,0,0,0,0,0,0.17,0.16,0.33,0.38,0.5,0.5
2026-10-08T02:12:17+00:00,2026-10-07,daily,6,2026-10-10T10:00:00Z,246,Röhl,EVE,MID,49,0,-1,0.0,8,656,1963,4756,i,Unspecified injury - Expected back 11 Oct,2026-09-16T18:00:09.541933Z,0,0,,,,0.0,0,6,249,3,0,0,1,2,0,24,6,5,13,0.00,0.20,0.20,4.52,0.0,0.0
2026-10-08T02:12:17+00:00,2026-10-07,daily,6,2026-10-10T10:00:00Z,247,Hackney,EVE,MID,54,-1,-1,0.2,223,1267,3774,12107,a,,2026-08-26T22:00:07.797766Z,100,100,,,3,1.0,1,10,137,1,0,1,1,1,0,12,4,3,5,0.05,0.13,0.18,3.91,1.0,1.0
2026-10-08T02:12:17+00:00,2026-10-07,daily,6,2026-10-10T10:00:00Z,248,Beto,EVE,FWD,54,0,-1,0.6,0,8380,16222,220702,u,Has joined Fiorentina permanently,2026-09-02T16:05:23.357221Z,0,0,,,,0.0,0,2,31,0,0,0,0,0,0,1,1,0,0,0.09,0.00,0.09,1.92,0.0,0.0
2026-10-08T02:12:17+00:00,2026-10-07,daily,6,2026-10-10T10:00:00Z,249,Barry,EVE,FWD,57,1,2,8.4,104287,50606,986442,368782,a,,,,,1,,,4.0,6,20,417,5,2,0,3,3,0,17,5,1,11,3.50,0.15,3.65,5.02,4.0,4.0
2026-10-08T02:12:17+00:00,2026-10-07,daily,6,2026-10-10T10:00:00Z,649,Maitland-Niles,EVE,DEF,45,0,0,1.4,22942,6136,95974,16028,a,,,,,,,,7.0,8,21,177,2,1,0,2,1,0,13,8,5,7,0.06,0.25,0.31,2.00,7.0,7.0
2026-10-08T02:12:17+00:00,2026-10-07,daily,6,2026-10-10T10:00:00Z,654,Graham,EVE,MID,45,0,0,0.1,260,1090,11306,5395,a,,,,,,,,0.0,0,0,0,0,0,0,0,0,0,0,0,0,0,0.00,0.00,0.00,0.00,0.0,0.0
2026-10-08T02:12:17+00:00,2026-10-07,daily,6,2026-10-10T10:00:00Z,250,Leno,FUL,GKP,45,0,0,3.5,54045,15969,164942,107011,a,,,,,,,,6.0,3,18,450,5,0,0,1,8,16,0,6,0,41,0.00,0.00,0.00,9.11,6.0,6.0
2026-10-08T02:12:17+00:00,2026-10-07,daily,6,2026-10-10T10:00:00Z,251,Lecomte,FUL,GKP,40,0,0,1.1,3139,3121,25867,26556,a,,,,,,,,0.0,0,0,0,0,0,0,0,0,0,0,0,0,0,0.00,0.00,0.00,0.00,0.0,0.0
2026-10-08T02:12:17+00:00,2026-10-07,daily,6,2026-10-10T10:00:00Z,252,McNally,FUL,GKP,40,0,0,0.1,0,716,2589,6712,u,Has joined York City on loan for the rest of the season,2026-09-01T13:25:11.231240Z,0,0,,,,0.0,0,0,0,0,0,0,0,0,0,0,0,0,0,0.00,0.00,0.00,0.00,0.0,0.0
2026-10-08T02:12:17+00:00,2026-10-07,daily,6,2026-10-10T10:00:00Z,253,Andersen,FUL,DEF,50,0,0,0.2,3417,1342,15291,9452,a,,2026-07-23T12:01:23.516350Z,100,100,,,,0.5,1,3,190,2,0,0,0,5,0,20,18,2,9,0.00,0.10,0.10,4.35,0.5,0.5
2026-10-08T02:12:17+00:00,2026-10-07,daily,6,2026-10-10T10:00:00Z,254,Robinson,FUL,DEF,45,0,0,1.5,22994,9057,65479,73032,a,,,,,2,,,4.0,2,12,429,5,0,0,1,8,0,31,18,13,20,0.26,0.30,0.56,9.08,4.0,4.0
2026-10-08T02:12:17+00:00,2026-10-07,daily,6,2026-10-10T10:00:00Z,255,J.Cuenca,FUL,DEF,45,0,0,0.0,73,125,1553,2018,a,,,,,,,,0.0,0,3,90,1,0,0,0,3,0,10,9,1,3,0.00,0.03,0.03,2.24,0.0,0.0
2026-10-08T02:12:17+00:00,2026-10-07,daily,6,2026-10-10T10:00:00Z,256,Tete,FUL,DEF,44,0,-1,0.2,85,1131,1416,10576,a,,2026-09-18T12:30:09.546158Z,0,100,,,,0.0,0,0,27,0,0,0,0,0,0,3,3,0,0,0.00,0.00,0.00,0.65,0.0,0.0
2026-10-08T02:12:17+00:00,2026-10-07,daily,6,2026-10-10T10:00:00Z,257,Bassey,FUL,DEF,45,0,0,0.7,9288,2580,30302,30726,a,,,,,,,,6.0,6,15,450,5,0,1,1,8,0,29,23,6,22,0.13,0.08,0.21,9.11,6.0,6.0
2026-10-08T02:12:17+00:00,2026-10-07,daily,6,2026-10-10T10:00:00Z,258,Castagne,FUL,DEF,45,0,0,1.0,19678,6309,96320,45038,a,,,,,,,,3.5,1,20,408,5,0,2,2,7,0,29,23,6,18,0.67,0.39,1.06,6.81,3.5,3.5
2026-10-08T02:12:17+00:00,2026-10-07,daily,6,2026-10-10T10:00:00Z,261,Iwobi,FUL,MID,54,0,-1,0.7,5130,4012,24050,56373,a,,,,,3,1,1,4.0,5,14,408,5,0,0,2,7,0,29,5,5,19,0.39,1.22,1.61,8.16,4.0,4.0
2026-10-08T02:12:17+00:00,2026-10-07,daily,6,2026-10-10T10:00:00Z,262,Smith Rowe,FUL,MID,53,-1,-2,0.2,379,1490,4577,21149,a,,,,,,,,0.5,0,3,38,0,0,0,0,0,0,3,1,0,2,0.06,0.02,0.08,0.87,0.5,0.5
2026-10-08T02:12:17+00:00,2026-10-07,daily,6,2026-10-10T10:00:00Z,263,Kevin,FUL,MID,53,0,-2,0.0,241,327,2045,4264,a,,,,,,,4,1.0,1,4,61,0,0,0,0,1,0,8,1,3,4,0.07,0.12,0.19,1.23,1.0,1.0
2026-10-08T02:12:17+00:00,2026-10-07,daily,6,2026-10-10T10:00:00Z,264,Bobb,FUL,MID,55,0,0,0.3,3333,2183,17336,21289,a,,,,,,,2,3.0,3,13,343,5,0,0,3,6,0,28,5,8,15,0.54,1.14,1.68,6.19,3.0,3.0
2026-10-08T02:12:17+00:00,2026-10-07,daily,6,2026-10-10T10:00:00Z,265,Berge,FUL,MID,49,0,-1,0.3,808,1560,6539,18316,a,,,,,,,,3.0,3,11,349,4,0,0,2,5,0,19,7,4,8,0.08,0.36,0.44,7.36,3.0,3.0
2026-10-08T02:12:17+00:00,2026-10-07,daily,6,2026-10-10T10:00:00Z,266,Cairney,FUL,MID,49,0,-1,0.0,14,22,115,333,i,Knee injury - Expected back 10 Oct,2026-08-14T18:00:06.460944Z,0,0,,,,0.0,0,0,0,0,0,0,0,0,0,0,0,0,0,0.00,0.00,0.00,0.00,0.0,0.0
2026-10-08T02:12:17+00:00,2026-10-07,daily,6,2026-10-10T10:00:00Z,268,King,FUL,MID,56,1,1,3.0,139528,24912,383663,103480,a,,,,,,,,2.5,2,24,425,5,2,0,2,7,0,28,5,7,16,1.54,0.46,2.00,8.29,2.5,2.5
2026-10-08T02:12:17+00:00,2026-10-07,daily,6,2026-10-10T10:00:00Z,269,Sessegnon,FUL,DEF,43,-1,-2,0.3,406,1491,2849,19189,a,,2026-09-14T11:30:07.403957Z,75,100,,,3,0.0,0,3,50,0,0,0,0,1,0,3,2,1,3,0.13,0.44,0.57,1.80,0.0,0.0
2026-10-08T02:12:17+00:00,2026-10-07,daily,6,2026-10-10T10:00:00Z,270,Reed,FUL,MID,44,0,-1,1.1,3167,7978,36659,74203,a,,,,,,,,0.0,0,0,0,0,0,0,0,0,0,0,0,0,0,0.00,0.00,0.00,0.00,0.0,0.0
2026-10-08T02:12:17+00:00,2026-10-07,daily,6,2026-10-10T10:00:00Z,271,Muniz,FUL,FWD,54,0,-1,0.4,2161,3094,16490,35535,a,,,,,,,,0.5,0,3,38,0,0,0,0,1,0,3,3,0,0,0.40,0.00,0.40,0.85,0.5,0.5
2026-10-08T02:12:17+00:00,2026-10-07,daily,6,2026-10-10T10:00:00Z,272,Kusi-Asare,FUL,FWD,45,0,0,5.4,13011,39221,162482,307026,a,,,,,,,,0.0,0,0,0,0,0,0,0,0,0,0,0,0,0,0.00,0.00,0.00,0.00,0.0,0.0
2026-10-08T02:12:17+00:00,2026-10-07,daily,6,2026-10-10T10:00:00Z,569,Gonzalo,FUL,FWD,60,0,0,4.3,108716,40394,471025,319779,a,,,,,1,,,2.0,2,14,425,5,1,0,2,7,0,18,7,2,9,2.33,0.58,2.91,8.29,2.0,2.0
2026-10-08T02:12:17+00:00,2026-10-07,daily,6,2026-10-10T10:00:00Z,570,Palacios,FUL,MID,54,0,-1,0.2,822,1109,6111,10755,a,,,,,,,,0.5,1,12,226,3,1,0,0,7,0,17,4,3,10,0.98,0.03,1.01,5.46,0.5,0.5
2026-10-08T02:12:17+00:00,2026-10-07,daily,6,2026-10-10T10:00:00Z,580,Charles,FUL,MID,50,0,0,0.1,1116,592,2846,4268,a,,,,,,,,4.5,4,13,303,3,0,0,1,5,0,46,23,4,19,0.09,0.16,0.25,6.65,4.5,4.5
2026-10-08T02:12:17+00:00,2026-10-07,daily,6,2026-10-10T10:00:00Z,610,De Fougerolles,FUL,DEF,40,0,0,0.1,0,539,5787,5285,u,has joined  Real Salt Lake on loan for the rest of the seaon.,2026-08-28T11:30:08.336405Z,0,0,,,,0.0,0,0,0,0,0,0,0,0,0,0,0,0,0,0.00,0.00,0.00,0.00,0.0,0.0
2026-10-08T02:12:17+00:00,2026-10-07,daily,6,2026-10-10T10:00:00Z,626,Zepa,FUL,MID,44,-1,-1,0.3,1536,2591,35703,18805,a,,,,,,,,0.0,0,0,0,0,0,0,0,0,0,0,0,0,0,0.00,0.00,0.00,0.00,0.0,0.0
2026-10-08T02:12:17+00:00,2026-10-07,daily,6,2026-10-10T10:00:00Z,635,Larsson,FUL,MID,50,0,0,0.0,109,79,854,312,a,,,,,,,,1.0,1,3,37,0,0,0,0,1,0,6,2,1,3,0.13,0.23,0.36,0.88,1.0,1.0
2026-10-08T02:12:17+00:00,2026-10-07,daily,6,2026-10-10T10:00:00Z,636,Ángel,FUL,MID,50,0,0,0.0,37,31,374,173,a,,,,,,,,0.0,0,0,0,0,0,0,0,0,0,0,0,0,0,0.00,0.00,0.00,0.00,0.0,0.0
2026-10-08T02:12:17+00:00,2026-10-07,daily,6,2026-10-10T10:00:00Z,650,Affengruber,FUL,DEF,45,0,0,0.1,14209,3016,17087,3638,a,,,,,,,,6.0,4,12,180,2,0,0,1,1,0,23,20,3,7,0.00,0.02,0.02,2.88,6.0,6.0
2026-10-08T02:12:17+00:00,2026-10-07,daily,6,2026-10-10T10:00:00Z,240,Iroegbunam,HUL,MID,50,0,0,0.0,84,151,1122,1165,a,,2026-08-15T20:00:06.878792Z,100,100,,,,0.5,1,2,70,0,0,0,0,0,0,9,1,3,5,0.12,0.01,0.13,0.60,0.5,0.5
2026-10-08T02:12:17+00:00,2026-10-07,daily,6,2026-10-10T10:00:00Z,273,Phillips,HUL,GKP,40,0,0,1.4,3594,4425,29719,39308,a,,,,,,,,0.0,0,0,0,0,0,0,0,0,0,0,0,0,0,0.00,0.00,0.00,0.00,0.0,0.0
2026-10-08T02:12:17+00:00,2026-10-07,daily,6,2026-10-10T10:00:00Z,274,Butland,HUL,GKP,44,-1,-1,0.1,74,367,643,4980,i,Arm injury - Unknown return date,2026-08-08T19:00:05.601633Z,0,0,,,,0.0,0,0,0,0,0,0,0,0,0,0,0,0,0,0.00,0.00,0.00,0.00,0.0,0.0
2026-10-08T02:12:17+00:00,2026-10-07,daily,6,2026-10-10T10:00:00Z,275,Cartwright,HUL,GKP,40,0,0,0.0,0,34,0,336,u,Has joined Grimsby Town on loan for the rest of the season,2026-07-29T13:00:27.959925Z,0,0,,,,0.0,0,0,0,0,0,0,0,0,0,0,0,0,0,0.00,0.00,0.00,0.00,0.0,0.0
2026-10-08T02:12:17+00:00,2026-10-07,daily,6,2026-10-10T10:00:00Z,276,Lo-Tutala,HUL,GKP,40,0,0,0.0,0,133,0,1127,u,Has joined Colchester United on loan for the rest of the season,2026-08-17T13:50:27.125537Z,0,0,,,,0.0,0,0,0,0,0,0,0,0,0,0,0,0,0,0.00,0.00,0.00,0.00,0.0,0.0
2026-10-08T02:12:17+00:00,2026-10-07,daily,6,2026-10-10T10:00:00Z,277,Egan,HUL,DEF,41,0,1,7.0,36526,35352,759685,222273,a,,,,,,,,1.5,1,26,437,5,0,0,3,4,0,59,50,9,12,0.05,0.00,0.05,7.27,1.5,1.5
2026-10-08T02:12:17+00:00,2026-10-07,daily,6,2026-10-10T10:00:00Z,278,Hughes,HUL,DEF,39,0,-1,0.2,1248,2199,17037,13166,i,Groin injury - Unknown return date,2026-08-02T09:00:11.030017Z,0,0,,,,0.0,0,0,0,0,0,0,0,0,0,0,0,0,0,0.00,0.00,0.00,0.00,0.0,0.0
2026-10-08T02:12:17+00:00,2026-10-07,daily,6,2026-10-10T10:00:00Z,279,Ajayi,HUL,DEF,42,0,2,13.9,52055,68392,1363440,318894,a,,2026-08-22T17:30:07.668197Z,100,100,,,,1.0,1,27,423,5,1,0,3,4,0,27,21,6,16,0.66,0.01,0.67,6.43,1.0,1.0
2026-10-08T02:12:17+00:00,2026-10-07,daily,6,2026-10-10T10:00:00Z,280,Coyle,HUL,DEF,40,0,0,0.7,2412,2459,27984,26267,a,,2026-08-29T16:30:08.151841Z,100,100,,,,1.0,1,14,348,5,0,0,2,4,0,11,8,3,11,0.13,0.07,0.20,6.22,1.0,1.0
2026-10-08T02:12:17+00:00,2026-10-07,daily,6,2026-10-10T10:00:00Z,281,Drameh,HUL,DEF,40,0,0,0.0,0,276,2118,4529,u,Has joined Genoa permanently,2026-09-02T16:09:06.479140Z,0,0,,,,0.0,0,2,65,0,0,0,0,0,0,6,5,1,4,0.05,0.00,0.05,0.87,0.0,0.0
2026-10-08T02:12:17+00:00,2026-10-07,daily,6,2026-10-10T10:00:00Z,282,Giles,HUL,DEF,40,0,0,2.9,25115,16437,281932,68728,a,,,,,,1,3,2.0,0,24,444,5,0,1,3,4,0,24,19,5,14,0.02,0.43,0.45,7.33,2.0,2.0
2026-10-08T02:12:17+00:00,2026-10-07,daily,6,2026-10-10T10:00:00Z,283,Jacob,HUL,DEF,40,0,0,0.0,0,40,114,697,u,Has joined Newport County on loan until January,2026-08-02T09:00:11.038361Z,0,0,,,,0.0,0,0,0,0,0,0,0,0,0,0,0,0,0,0.00,0.00,0.00,0.00,0.0,0.0
2026-10-08T02:12:17+00:00,2026-10-07,daily,6,2026-10-10T10:00:00Z,284,McCarthy,HUL,DEF,40,0,0,0.1,447,505,4981,4657,a,,,,,,,,0.0,0,0,0,0,0,0,0,0,0,0,0,0,0,0.00,0.00,0.00,0.00,0.0,0.0
2026-10-08T02:12:17+00:00,2026-10-07,daily,6,2026-10-10T10:00:00Z,285,McNair,HUL,DEF,40,0,0,0.1,228,476,3181,4785,a,,2026-09-09T13:30:08.327907Z,100,100,,,,0.0,0,1,26,0,0,0,0,0,0,2,2,0,1,0.00,0.00,0.00,0.96,0.0,0.0
2026-10-08T02:12:17+00:00,2026-10-07,daily,6,2026-10-10T10:00:00Z,286,Belloumi,HUL,MID,51,0,1,5.3,93638,31691,523574,91729,a,,,,,,2,2,8.5,4,31,394,5,2,2,3,3,0,44,14,16,14,0.72,0.43,1.15,6.44,8.5,8.5
2026-10-08T02:12:17+00:00,2026-10-07,daily,6,2026-10-10T10:00:00Z,287,Millar,HUL,MID,50,0,0,0.0,0,346,3178,7566,u,Has joined Birmingham on loan for the rest of the season,2026-09-02T15:36:41.038103Z,0,0,,,,0.0,0,6,50,0,1,0,0,0,0,4,2,1,1,0.58,0.00,0.58,0.87,0.0,0.0
2026-10-08T02:12:17+00:00,2026-10-07,daily,6,2026-10-10T10:00:00Z,288,Dowell,HUL,MID,44,-1,-1,0.3,700,2322,12457,21905,a,,,,,,,,0.0,0,0,0,0,0,0,0,0,0,0,0,0,0,0.00,0.00,0.00,0.00,0.0,0.0
2026-10-08T02:12:17+00:00,2026-10-07,daily,6,2026-10-10T10:00:00Z,289,Crooks,HUL,MID,44,-1,-1,0.5,5806,5023,25165,41252,a,,2026-08-29T15:00:08.569326Z,100,100,,,,0.5,0,3,203,3,0,0,1,4,0,21,9,8,4,0.00,0.12,0.12,3.57,0.5,0.5
2026-10-08T02:12:17+00:00,2026-10-07,daily,6,2026-10-10T10:00:00Z,290,Slater,HUL,MID,45,0,0,5.2,18821,45096,501754,286095,a,,,,,,,1,2.0,2,15,437,5,0,1,3,4,0,33,9,9,15,0.21,0.59,0.80,7.27,2.0,2.0
2026-10-08T02:12:17+00:00,2026-10-07,daily,6,2026-10-10T10:00:00Z,291,Matazo,HUL,MID,45,0,0,0.0,34,67,385,505,i,Knee injury - Unknown return date,2026-07-23T12:01:23.532635Z,0,0,,,,0.0,0,0,0,0,0,0,0,0,0,0,0,0,0,0.00,0.00,0.00,0.00,0.0,0.0
2026-10-08T02:12:17+00:00,2026-10-07,daily,6,2026-10-10T10:00:00Z,292,Ömür,HUL,MID,49,0,-1,0.0,90,165,1208,1646,a,,,,,,,,0.0,0,0,0,0,0,0,0,0,0,0,0,0,0,0.00,0.00,0.00,0.00,0.0,0.0
2026-10-08T02:12:17+00:00,2026-10-07,daily,6,2026-10-10T10:00:00Z,293,Kamara,HUL,MID,50,0,0,0.0,0,15,0,377,u,Has joined Portsmouth permanently,2026-08-12T14:08:23.542043Z,0,0,,,,0.0,0,0,0,0,0,0,0,0,0,0,0,0,0,0.00,0.00,0.00,0.00,0.0,0.0
2026-10-08T02:12:17+00:00,2026-10-07,daily,6,2026-10-10T10:00:00Z,294,Zambrano,HUL,MID,45,0,0,0.1,165,549,3894,6878,a,,2026-08-04T18:30:11.016909Z,100,100,,,,0.0,0,0,0,0,0,0,0,0,0,0,0,0,0,0.00,0.00,0.00,0.00,0.0,0.0
2026-10-08T02:12:17+00:00,2026-10-07,daily,6,2026-10-10T10:00:00Z,295,McBurnie,HUL,FWD,55,0,0,1.9,10094,20880,191080,156227,a,,,,,1,,,2.5,1,13,441,5,0,2,3,4,0,21,9,3,9,1.23,0.13,1.36,7.21,2.5,2.5
2026-10-08T02:12:17+00:00,2026-10-07,daily,6,2026-10-10T10:00:00Z,296,Akintola,HUL,MID,50,0,0,0.0,0,308,2704,4921,u,Has joined Omonoia FC permanently,2026-09-11T14:42:38.120231Z,0,0,,,,0.0,0,0,0,0,0,0,0,0,0,0,0,0,0,0.00,0.00,0.00,0.00,0.0,0.0
2026-10-08T02:12:17+00:00,2026-10-07,daily,6,2026-10-10T10:00:00Z,297,Gyabi,HUL,MID,44,-1,-1,0.0,73,163,462,1631,i,Thigh injury - Unknown return date,2026-08-04T18:30:11.027155Z,0,0,,,,0.0,0,0,0,0,0,0,0,0,0,0,0,0,0,0.00,0.00,0.00,0.00,0.0,0.0
2026-10-08T02:12:17+00:00,2026-10-07,daily,6,2026-10-10T10:00:00Z,298,Destan,HUL,FWD,45,0,0,0.2,0,1583,0,22536,u,Has joined Konyaspor permanently,2026-08-17T13:50:27.145733Z,0,0,,,,0.0,0,0,0,0,0,0,0,0,0,0,0,0,0,0.00,0.00,0.00,0.00,0.0,0.0
2026-10-08T02:12:17+00:00,2026-10-07,daily,6,2026-10-10T10:00:00Z,299,Burstow,HUL,FWD,45,0,0,0.0,0,252,0,3102,u,Has joined Sheffield Wednesday on loan for the rest of the season,2026-08-03T14:05:20.234842Z,0,0,,,,0.0,0,0,0,0,0,0,0,0,0,0,0,0,0,0.00,0.00,0.00,0.00,0.0,0.0
2026-10-08T02:12:17+00:00,2026-10-07,daily,6,2026-10-10T10:00:00Z,340,Gelhardt,HUL,MID,50,0,0,0.0,106,128,716,1035,a,,2026-08-17T21:30:07.799839Z,100,100,,,,0.5,1,1,7,0,0,0,0,0,0,1,0,0,1,0.10,0.02,0.12,0.13,0.5,0.5
2026-10-08T02:12:17+00:00,2026-10-07,daily,6,2026-10-10T10:00:00Z,556,Targett,HUL,DEF,40,0,0,1.6,129,11632,24853,88908,d,Ankle injury - 75% chance of playing,2026-09-17T14:00:26.419938Z,75,75,,,,0.0,0,1,5,0,0,0,0,0,0,0,0,0,1,0.00,0.00,0.00,0.07,0.0,0.0
2026-10-08T02:12:17+00:00,2026-10-07,daily,6,2026-10-10T10:00:00Z,563,Morita,HUL,MID,49,-1,-1,0.0,24,210,727,1806,i,Calf injury - Expected back 11 Oct,2026-09-09T14:00:08.474217Z,0,0,,,,0.0,0,1,45,1,0,0,0,0,0,3,2,0,1,0.00,0.00,0.00,1.09,0.0,0.0
2026-10-08T02:12:17+00:00,2026-10-07,daily,6,2026-10-10T10:00:00Z,572,Tzolakis,HUL,GKP,47,1,2,12.9,144146,29338,1015474,224988,a,,,,,,,,4.0,6,34,450,5,0,0,3,4,17,0,2,1,69,0.00,0.00,0.00,7.40,4.0,4.0
2026-10-08T02:12:17+00:00,2026-10-07,daily,6,2026-10-10T10:00:00Z,574,Hjertø-Dahl,HUL,MID,49,0,-1,0.1,83,366,1444,4486,a,,,,,,,,0.0,0,1,8,0,0,0,0,0,0,1,0,0,1,0.00,0.00,0.00,0.00,0.0,0.0
2026-10-08T02:12:17+00:00,2026-10-07,daily,6,2026-10-10T10:00:00Z,576,Stroud,HUL,MID,50,0,0,0.1,168,545,3690,4768,a,,,,,,,,0.5,0,7,249,4,0,0,2,1,0,20,3,5,12,0.06,0.05,0.11,4.32,0.5,0.5
2026-10-08T02:12:17+00:00,2026-10-07,daily,6,2026-10-10T10:00:00Z,585,Herrington,HUL,DEF,40,0,0,0.6,1165,1965,12964,18852,a,,,,,,,,1.0,1,5,197,1,0,0,0,3,0,16,14,2,6,0.02,0.04,0.06,3.36,1.0,1.0
2026-10-08T02:12:17+00:00,2026-10-07,daily,6,2026-10-10T10:00:00Z,586,Mendy,HUL,DEF,41,0,1,6.2,8913,36431,685205,361414,a,,2026-09-12T18:00:09.334142Z,0,100,,,,0.5,0,25,249,4,1,0,2,1,0,39,32,7,6,0.32,0.00,0.32,4.02,0.0,0.5
2026-10-08T02:12:17+00:00,2026-10-07,daily,6,2026-10-10T10:00:00Z,589,Gourna-Douath,HUL,MID,50,0,0,0.0,35,118,704,1353,a,,,,,,,,0.5,1,4,138,1,0,0,1,0,0,17,5,5,7,0.03,0.03,0.06,2.26,0.5,0.5
2026-10-08T02:12:17+00:00,2026-10-07,daily,6,2026-10-10T10:00:00Z,617,Cho,HUL,MID,50,0,0,0.0,402,169,1838,781,a,,,,,,,,3.5,6,9,72,0,1,0,0,1,0,2,1,0,1,0.79,0.36,1.15,0.98,3.5,3.5
2026-10-08T02:12:17+00:00,2026-10-07,daily,6,2026-10-10T10:00:00Z,632,Ansah,HUL,FWD,50,0,0,0.0,83,474,5130,3554,i,Back injury - Unknown return date,2026-09-09T10:00:08.919489Z,0,0,,,,0.0,0,0,0,0,0,0,0,0,0,0,0,0,0,0.00,0.00,0.00,0.00,0.0,0.0
2026-10-08T02:12:17+00:00,2026-10-07,daily,6,2026-10-10T10:00:00Z,637,Vaz,HUL,FWD,50,0,0,0.1,2096,1324,12601,4145,a,,,,,,,,1.0,1,2,20,0,0,0,0,0,0,2,0,0,2,0.00,0.01,0.01,0.31,1.0,1.0
2026-10-08T02:12:17+00:00,2026-10-07,daily,6,2026-10-10T10:00:00Z,638,Norton-Cuffy,HUL,DEF,40,0,0,0.2,468,2868,26084,10694,d,Hamstring injury - 75% chance of playing,2026-09-21T08:30:09.561308Z,,75,,,,0.0,0,1,34,0,0,0,0,0,0,1,1,0,4,0.05,0.00,0.05,0.30,0.0,0.0
2026-10-08T02:12:17+00:00,2026-10-07,daily,6,2026-10-10T10:00:00Z,642,Thomas,HUL,MID,55,0,0,0.0,559,381,3163,1230,a,,,,,,,,1.5,2,4,119,1,0,0,0,3,0,8,0,1,7,0.21,0.11,0.32,2.04,1.5,1.5
2026-10-08T02:12:17+00:00,2026-10-07,daily,6,2026-10-10T10:00:00Z,645,Mouzakitis,HUL,MID,50,0,0,0.0,103,99,795,325,a,,,,,,,,0.0,0,0,0,0,0,0,0,0,0,0,0,0,0,0.00,0.00,0.00,0.00,0.0,0.0
2026-10-08T02:12:17+00:00,2026-10-07,daily,6,2026-10-10T10:00:00Z,259,Diop,IPS,DEF,40,0,0,12.6,8888,67559,137925,520181,a,,,,,,,,2.5,4,12,450,5,0,0,0,11,0,45,41,4,21,0.06,0.16,0.22,8.98,2.5,2.5
2026-10-08T02:12:17+00:00,2026-10-07,daily,6,2026-10-10T10:00:00Z,267,Lukić,IPS,MID,49,-1,-1,0.1,265,640,3493,6593,a,,,,,,,1,1.5,2,11,400,5,0,1,0,10,0,37,17,7,13,0.02,0.41,0.43,7.37,1.5,1.5
2026-10-08T02:12:17+00:00,2026-10-07,daily,6,2026-10-10T10:00:00Z,300,Walton,IPS,GKP,44,0,-1,0.4,2220,1324,3905,15237,a,,,,,,,,1.0,2,2,90,1,0,0,0,1,1,0,2,0,17,0.00,0.01,0.01,2.24,1.0,1.0
2026-10-08T02:12:17+00:00,2026-10-07,daily,6,2026-10-10T10:00:00Z,301,Palmer,IPS,GKP,40,0,0,3.9,5372,14510,75968,115749,a,,,,,,,,0.0,0,0,0,0,0,0,0,0,0,0,0,0,0,0.00,0.00,0.00,0.00,0.0,0.0
2026-10-08T02:12:17+00:00,2026-10-07,daily,6,2026-10-10T10:00:00Z,302,Button,IPS,GKP,40,0,0,0.6,1972,1618,31982,15470,a,,,,,,,,0.0,0,0,0,0,0,0,0,0,0,0,0,0,0,0.00,0.00,0.00,0.00,0.0,0.0
2026-10-08T02:12:17+00:00,2026-10-07,daily,6,2026-10-10T10:00:00Z,303,Kipré,IPS,DEF,39,0,-1,0.9,5294,5097,49915,29844,a,,,,,,,,0.0,0,0,0,0,0,0,0,0,0,0,0,0,0,0.00,0.00,0.00,0.00,0.0,0.0
2026-10-08T02:12:17+00:00,2026-10-07,daily,6,2026-10-10T10:00:00Z,304,O'Shea,IPS,DEF,40,0,0,2.6,2587,17401,66006,130744,a,,,,,,,,1.5,2,10,450,5,0,0,0,11,0,48,41,7,18,0.07,0.26,0.33,8.98,1.5,1.5
2026-10-08T02:12:17+00:00,2026-10-07,daily,6,2026-10-10T10:00:00Z,305,Davis,IPS,DEF,40,0,0,7.1,67571,34593,387774,192209,a,,,,,,2,,8.0,2,25,450,5,2,2,0,11,0,24,22,2,10,1.59,0.46,2.05,8.98,8.0,8.0
2026-10-08T02:12:17+00:00,2026-10-07,daily,6,2026-10-10T10:00:00Z,306,Greaves,IPS,DEF,39,-1,-1,1.1,608,4367,8344,39108,a,,,,,,,,0.5,0,3,357,4,0,0,0,10,0,30,25,5,12,0.00,0.06,0.06,6.74,0.5,0.5
2026-10-08T02:12:17+00:00,2026-10-07,daily,6,2026-10-10T10:00:00Z,307,Johnson,IPS,DEF,40,0,0,0.1,0,426,1137,6373,u,Has joined Stoke City on loan for the rest of the season,2026-09-04T12:36:56.236331Z,0,0,,,,0.0,0,0,0,0,0,0,0,0,0,0,0,0,0,0.00,0.00,0.00,0.00,0.0,0.0
2026-10-08T02:12:17+00:00,2026-10-07,daily,6,2026-10-10T10:00:00Z,308,Furlong,IPS,DEF,39,0,-1,0.6,7329,3538,19966,20315,a,,,,,,,,0.0,0,1,17,0,0,0,0,1,0,3,2,1,0,0.00,0.00,0.00,0.86,0.0,0.0
2026-10-08T02:12:17+00:00,2026-10-07,daily,6,2026-10-10T10:00:00Z,309,Núñez,IPS,MID,49,0,-1,0.1,110,773,3127,7780,a,,,,,,1,3,0.0,0,6,140,2,0,0,0,4,0,21,8,3,10,0.03,0.05,0.08,3.48,0.0,0.0
2026-10-08T02:12:17+00:00,2026-10-07,daily,6,2026-10-10T10:00:00Z,310,Matusiwa,IPS,MID,49,0,-1,0.0,18,21,129,282,a,,2026-07-29T18:00:10.305484Z,100,100,,,,0.0,0,0,0,0,0,0,0,0,0,0,0,0,0,0.00,0.00,0.00,0.00,0.0,0.0
2026-10-08T02:12:17+00:00,2026-10-07,daily,6,2026-10-10T10:00:00Z,311,Burns,IPS,MID,50,0,0,0.0,0,9,0,348,u,Has joined Leicester City permanently,2026-08-10T14:02:47.597478Z,0,0,,,,0.0,0,0,0,0,0,0,0,0,0,0,0,0,0,0.00,0.00,0.00,0.00,0.0,0.0
2026-10-08T02:12:17+00:00,2026-10-07,daily,6,2026-10-10T10:00:00Z,312,Taylor,IPS,MID,44,-1,-1,0.0,412,334,988,2715,i,Knee injury - Unknown return date,2026-07-29T18:00:10.319370Z,0,0,,,,0.0,0,0,0,0,0,0,0,0,0,0,0,0,0,0.00,0.00,0.00,0.00,0.0,0.0
2026-10-08T02:12:17+00:00,2026-10-07,daily,6,2026-10-10T10:00:00Z,313,Clarke,IPS,MID,54,0,-1,0.2,247,1095,5598,15889,a,,,,,1,3,4,1.5,2,11,170,2,1,0,0,2,0,10,3,2,5,0.30,0.37,0.67,1.97,1.5,1.5
2026-10-08T02:12:17+00:00,2026-10-07,daily,6,2026-10-10T10:00:00Z,314,Ogbene,IPS,MID,49,0,-1,0.0,0,70,104,1212,u,Has joined Lincoln City on loan until January,2026-09-02T16:04:17.497385Z,0,0,,,,0.0,0,0,0,0,0,0,0,0,0,0,0,0,0,0.00,0.00,0.00,0.00,0.0,0.0
2026-10-08T02:12:17+00:00,2026-10-07,daily,6,2026-10-10T10:00:00Z,315,Fatawu,IPS,MID,54,0,-1,0.2,70,2950,5372,13794,s,Suspended until 17 Oct,2026-09-19T15:30:10.126897Z,,0,,,2,0.0,-1,8,352,5,0,1,0,10,0,28,8,9,11,0.17,1.11,1.28,7.79,0.0,0.0
2026-10-08T02:12:17+00:00,2026-10-07,daily,6,2026-10-10T10:00:00Z,316,Emersonn,IPS,FWD,55,0,0,3.7,46148,26774,329846,146048,a,,2026-08-31T09:30:08.306145Z,100,100,2,,,7.0,2,26,317,5,2,1,0,6,0,10,3,3,4,1.61,0.12,1.73,4.29,7.0,7.0
2026-10-08T02:12:17+00:00,2026-10-07,daily,6,2026-10-10T10:00:00Z,317,Hirst,IPS,FWD,50,0,0,0.1,0,561,0,17191,u,Has joined Stoke City permanently,2026-08-21T13:06:08.606019Z,0,0,,,,0.0,0,0,0,0,0,0,0,0,0,0,0,0,0,0.00,0.00,0.00,0.00,0.0,0.0
2026-10-08T02:12:17+00:00,2026-10-07,daily,6,2026-10-10T10:00:00Z,318,Philogene,IPS,MID,54,0,-1,0.1,40,188,308,9312,a,,2026-08-25T11:30:07.532993Z,100,100,3,,5,1.0,1,2,52,0,0,0,0,1,0,4,0,0,4,0.08,0.01,0.08,0.97,1.0,1.0
2026-10-08T02:12:17+00:00,2026-10-07,daily,6,2026-10-10T10:00:00Z,319,Szmodics,IPS,MID,50,0,0,0.0,0,16,0,763,u,Has joined Derby County on loan for the rest of the season,2026-08-17T13:51:41.713979Z,0,0,,,,0.0,0,0,0,0,0,0,0,0,0,0,0,0,0,0.00,0.00,0.00,0.00,0.0,0.0
2026-10-08T02:12:17+00:00,2026-10-07,daily,6,2026-10-10T10:00:00Z,320,Akpom,IPS,FWD,50,0,0,1.2,5585,10907,131541,75340,a,,,,,,,,0.5,1,7,78,0,1,0,0,4,0,3,0,1,2,1.14,0.00,1.14,4.20,0.5,0.5
2026-10-08T02:12:17+00:00,2026-10-07,daily,6,2026-10-10T10:00:00Z,321,Walle Egeli,IPS,FWD,45,0,0,3.5,22460,31578,335081,216065,a,,,,,,,,0.0,0,1,10,0,0,0,0,0,0,0,0,0,0,0.00,0.00,0.00,0.03,0.0,0.0
2026-10-08T02:12:17+00:00,2026-10-07,daily,6,2026-10-10T10:00:00Z,322,Al-Hamadi,IPS,FWD,50,0,0,0.0,0,438,755,9983,u,Has joined Sheffield Wednesday on loan for the rest of the season,2026-08-27T14:54:10.215357Z,0,0,,,,0.0,0,0,0,0,0,0,0,0,0,0,0,0,0,0.00,0.00,0.00,0.00,0.0,0.0
2026-10-08T02:12:17+00:00,2026-10-07,daily,6,2026-10-10T10:00:00Z,323,McAteer,IPS,MID,44,-1,-1,1.0,1974,7612,28718,63459,a,,,,,,,,0.0,0,3,42,0,0,0,0,0,0,5,0,1,4,0.05,0.00,0.05,0.21,0.0,0.0
2026-10-08T02:12:17+00:00,2026-10-07,daily,6,2026-10-10T10:00:00Z,324,Mehmeti,IPS,MID,48,-1,-2,0.0,85,170,411,2501,a,,,,,,,,0.0,0,0,0,0,0,0,0,0,0,0,0,0,0,0.00,0.00,0.00,0.00,0.0,0.0
2026-10-08T02:12:17+00:00,2026-10-07,daily,6,2026-10-10T10:00:00Z,554,Van Oevelen,IPS,GKP,45,0,0,0.0,0,102,54,1976,u,Has joined Valencia on loan for the rest of the season,2026-08-25T14:04:09.529320Z,0,0,,,,0.0,0,0,0,0,0,0,0,0,0,0,0,0,0,0.00,0.00,0.00,0.00,0.0,0.0
2026-10-08T02:12:17+00:00,2026-10-07,daily,6,2026-10-10T10:00:00Z,562,Maeda,IPS,MID,53,-1,-2,0.2,156,1723,2884,20493,a,,,,,,,,1.0,1,8,259,3,0,0,0,8,0,20,8,8,4,0.71,0.02,0.73,6.05,1.0,1.0
2026-10-08T02:12:17+00:00,2026-10-07,daily,6,2026-10-10T10:00:00Z,564,Scherpen,IPS,GKP,45,0,0,0.6,908,3231,15475,23808,a,,,,,,,,0.5,0,7,360,4,0,0,0,10,15,0,8,0,39,0.00,0.01,0.01,6.74,0.5,0.5
2026-10-08T02:12:17+00:00,2026-10-07,daily,6,2026-10-10T10:00:00Z,571,Florentino,IPS,MID,48,-1,-2,0.1,126,401,1071,7132,a,,2026-08-25T11:30:07.678802Z,100,100,,,,1.0,1,2,30,0,0,0,0,0,0,2,1,1,0,0.00,0.01,0.01,0.75,1.0,1.0
2026-10-08T02:12:17+00:00,2026-10-07,daily,6,2026-10-10T10:00:00Z,591,Enciso,IPS,MID,55,0,0,0.8,3244,7218,94807,53507,a,,2026-08-22T18:00:07.551930Z,100,100,,,,2.0,2,15,413,5,0,2,0,11,0,31,5,2,24,1.26,0.89,2.15,8.47,2.0,2.0
2026-10-08T02:12:17+00:00,2026-10-07,daily,6,2026-10-10T10:00:00Z,592,Ouattara,IPS,DEF,40,0,0,0.8,853,2408,13638,26544,a,,,,,,,,1.5,2,6,131,1,0,0,0,2,0,11,7,4,14,0.02,0.03,0.05,3.13,1.5,1.5
2026-10-08T02:12:17+00:00,2026-10-07,daily,6,2026-10-10T10:00:00Z,602,Humphreys,IPS,MID,45,0,0,0.0,0,262,2861,3256,u,Has joined Huddersfield Town on loan for the rest of the season,2026-09-02T16:04:17.524642Z,0,0,,,,0.0,0,0,0,0,0,0,0,0,0,0,0,0,0,0.00,0.00,0.00,0.00,0.0,0.0
2026-10-08T02:12:17+00:00,2026-10-07,daily,6,2026-10-10T10:00:00Z,619,Palacios,IPS,MID,50,0,0,0.1,628,971,9116,3581,a,,,,,,,,3.0,2,11,275,3,0,0,0,7,0,44,12,9,23,0.00,0.09,0.09,5.30,3.0,3.0
2026-10-08T02:12:17+00:00,2026-10-07,daily,6,2026-10-10T10:00:00Z,640,Flemming,IPS,FWD,55,0,0,0.1,1194,1170,9556,3392,a,,,,,,,,2.5,0,6,60,0,1,0,0,1,0,5,1,1,3,0.64,0.01,0.65,0.63,2.5,2.5
2026-10-08T02:12:17+00:00,2026-10-07,daily,6,2026-10-10T10:00:00Z,260,Wilson,LEE,MID,62,0,-3,1.6,88,47172,29059,463874,i,Thigh injury - Unknown return date,2026-09-18T13:30:09.626858Z,0,0,,2,2,0.5,0,5,145,1,0,0,1,1,0,11,3,4,4,0.01,0.09,0.10,3.28,0.0,0.0
2026-10-08T02:12:17+00:00,2026-10-07,daily,6,2026-10-10T10:00:00Z,326,Perri,LEE,GKP,45,0,0,0.3,0,1516,532,26716,u,Has joined Torino on loan for the rest of the season,2026-09-01T13:12:39.210133Z,0,0,,,,0.0,0,0,0,0,0,0,0,0,0,0,0,0,0,0.00,0.00,0.00,0.00,0.0,0.0
2026-10-08T02:12:17+00:00,2026-10-07,daily,6,2026-10-10T10:00:00Z,327,Bijol,LEE,DEF,50,0,0,0.7,936,6222,69238,59837,a,,,,,,,,0.0,0,12,164,2,0,0,1,2,0,21,18,3,7,0.11,0.00,0.11,3.16,0.0,0.0
2026-10-08T02:12:17+00:00,2026-10-07,daily,6,2026-10-10T10:00:00Z,329,Rodon,LEE,DEF,43,-1,-2,0.7,52,10403,26946,298408,i,Hamstring injury - Expected back 21 Nov,2026-08-30T16:00:08.564382Z,0,0,,,,0.0,0,7,123,2,0,0,1,0,0,11,10,1,2,0.03,0.06,0.09,1.01,0.0,0.0
2026-10-08T02:12:17+00:00,2026-10-07,daily,6,2026-10-10T10:00:00Z,330,Bogle,LEE,DEF,46,0,1,7.5,152704,33607,679277,92815,a,,,,,,,,10.0,5,42,365,5,2,0,4,1,0,16,11,5,11,1.38,0.08,1.46,2.89,10.0,10.0
2026-10-08T02:12:17+00:00,2026-10-07,daily,6,2026-10-10T10:00:00Z,331,Gudmundsson,LEE,DEF,45,0,0,0.1,822,436,4420,2866,a,,2026-08-08T20:00:07.546568Z,100,100,,,,6.0,6,14,252,3,0,0,2,1,0,14,5,9,12,0.00,0.21,0.21,3.83,6.0,6.0
2026-10-08T02:12:17+00:00,2026-10-07,daily,6,2026-10-10T10:00:00Z,332,Justin,LEE,DEF,45,0,0,1.4,6152,7487,123424,72400,a,,,,,,,,5.0,8,26,450,5,0,0,2,3,0,44,28,16,14,0.22,0.42,0.64,6.46,5.0,5.0
2026-10-08T02:12:17+00:00,2026-10-07,daily,6,2026-10-10T10:00:00Z,333,Bornauw,LEE,DEF,45,0,0,0.0,0,6,0,300,u,Has joined Hamburg SV on loan for the rest of the season,2026-08-19T13:56:14.645970Z,0,0,,,,0.0,0,0,0,0,0,0,0,0,0,0,0,0,0,0.00,0.00,0.00,0.00,0.0,0.0
2026-10-08T02:12:17+00:00,2026-10-07,daily,6,2026-10-10T10:00:00Z,334,Muharemović,LEE,DEF,50,0,0,4.4,40088,30830,311373,179714,a,,,,,,,,6.5,6,27,450,5,0,1,2,3,0,58,53,5,16,0.49,0.05,0.54,6.46,6.5,6.5
2026-10-08T02:12:17+00:00,2026-10-07,daily,6,2026-10-10T10:00:00Z,335,Stach,LEE,MID,60,0,0,2.5,5973,22682,203316,167415,a,,,,,,1,1,4.0,5,27,447,5,1,0,3,2,0,61,27,13,21,0.97,0.31,1.28,6.17,4.0,4.0
2026-10-08T02:12:17+00:00,2026-10-07,daily,6,2026-10-10T10:00:00Z,336,Okafor,LEE,MID,58,0,-2,0.4,2340,4204,27447,35990,a,,,,,,,,6.0,3,18,299,4,1,0,3,1,0,18,3,7,8,0.17,0.27,0.44,2.37,6.0,6.0
2026-10-08T02:12:17+00:00,2026-10-07,daily,6,2026-10-10T10:00:00Z,337,Aaronson,LEE,MID,53,-1,-2,0.5,246,3941,6809,48670,a,,,,,,4,,1.0,1,7,194,2,0,0,1,3,0,15,1,3,11,0.01,0.02,0.03,3.78,1.0,1.0
2026-10-08T02:12:17+00:00,2026-10-07,daily,6,2026-10-10T10:00:00Z,338,Ampadu,LEE,MID,54,0,-1,0.9,2171,6121,18604,61800,a,,,,,,,,6.0,5,21,450,5,0,1,2,3,0,60,24,12,24,0.08,0.26,0.34,6.46,6.0,6.0
2026-10-08T02:12:17+00:00,2026-10-07,daily,6,2026-10-10T10:00:00Z,339,Longstaff,LEE,MID,48,-1,-2,0.1,179,720,2552,8204,a,,,,,,3,3,0.5,0,2,10,0,0,0,0,1,0,0,0,0,0,0.00,0.00,0.00,0.35,0.5,0.5
2026-10-08T02:12:17+00:00,2026-10-07,daily,6,2026-10-10T10:00:00Z,341,Gnonto,LEE,MID,50,0,0,0.0,0,67,244,1825,u,Has joined ACF Fiorentina on loan for the rest of the season,2026-09-02T16:04:47.189648Z,0,0,,,,0.0,0,0,0,0,0,0,0,0,0,0,0,0,0,0.00,0.00,0.00,0.00,0.0,0.0
2026-10-08T02:12:17+00:00,2026-10-07,daily,6,2026-10-10T10:00:00Z,342,Harrison,LEE,MID,50,0,0,0.0,0,5,0,79,u,Has joined New England Revolution permanently,2026-07-28T12:59:09.492431Z,0,0,,,,0.0,0,0,0,0,0,0,0,0,0,0,0,0,0,0.00,0.00,0.00,0.00,0.0,0.0
2026-10-08T02:12:17+00:00,2026-10-07,daily,6,2026-10-10T10:00:00Z,343,James,LEE,MID,49,0,-1,0.1,230,652,4199,8102,a,,,,,,,,1.0,1,3,52,0,0,0,0,1,0,5,1,0,4,0.35,0.01,0.36,1.61,1.0,1.0
2026-10-08T02:12:17+00:00,2026-10-07,daily,6,2026-10-10T10:00:00Z,344,Gruev,LEE,MID,50,0,0,0.0,53,23,132,318,a,,2026-08-14T23:00:06.272027Z,100,100,,,,0.0,0,0,0,0,0,0,0,0,0,0,0,0,0,0.00,0.00,0.00,0.00,0.0,0.0
2026-10-08T02:12:17+00:00,2026-10-07,daily,6,2026-10-10T10:00:00Z,345,Tanaka,LEE,MID,49,0,-1,0.3,2665,2722,23183,17957,a,,,,,,,4,4.0,2,14,255,3,0,2,2,1,0,29,11,8,10,0.73,0.05,0.78,3.24,4.0,4.0
2026-10-08T02:12:17+00:00,2026-10-07,daily,6,2026-10-10T10:00:00Z,346,Calvert-Lewin,LEE,FWD,60,0,0,24.6,113720,204502,1030349,1357444,a,,,,,1,,,6.0,2,22,419,5,2,1,3,2,0,22,9,0,13,3.00,0.08,3.08,4.85,6.0,6.0
2026-10-08T02:12:17+00:00,2026-10-07,daily,6,2026-10-10T10:00:00Z,347,Nmecha,LEE,FWD,54,0,-1,0.5,2365,4247,22559,37668,a,,,,,2,,,1.0,1,7,64,0,0,1,0,1,0,4,0,1,3,0.27,0.15,0.42,2.90,1.0,1.0
2026-10-08T02:12:17+00:00,2026-10-07,daily,6,2026-10-10T10:00:00Z,348,Piroe,LEE,FWD,50,0,0,0.1,0,487,0,11282,u,Has joined West Ham United on loan for the rest of the season,2026-08-19T13:56:14.666726Z,0,0,3,,,0.0,0,0,0,0,0,0,0,0,0,0,0,0,0,0.00,0.00,0.00,0.00,0.0,0.0
2026-10-08T02:12:17+00:00,2026-10-07,daily,6,2026-10-10T10:00:00Z,349,Mateo Joseph,LEE,FWD,45,0,0,0.1,384,558,3170,4532,i,Knee injury - Unknown return date,2026-07-29T18:00:10.338170Z,0,0,,,,0.0,0,0,0,0,0,0,0,0,0,0,0,0,0,0.00,0.00,0.00,0.00,0.0,0.0
2026-10-08T02:12:17+00:00,2026-10-07,daily,6,2026-10-10T10:00:00Z,385,Trafford,LEE,GKP,50,0,0,5.5,28288,18708,270259,163053,a,,,,,,,,6.5,10,28,450,5,0,0,2,3,20,0,6,0,55,0.00,0.00,0.00,6.46,6.5,6.5
2026-10-08T02:12:17+00:00,2026-10-07,daily,6,2026-10-10T10:00:00Z,598,Elvedi,LEE,DEF,45,0,0,0.1,314,297,5429,2856,a,,,,,,,,4.0,6,13,326,3,0,0,1,3,0,29,27,2,8,0.12,0.58,0.70,5.45,4.0,4.0
2026-10-08T02:12:17+00:00,2026-10-07,daily,6,2026-10-10T10:00:00Z,603,Lienou,LEE,DEF,40,0,0,0.1,272,560,6945,4027,a,,,,,,,,0.0,0,0,0,0,0,0,0,0,0,0,0,0,0,0.00,0.00,0.00,0.00,0.0,0.0
2026-10-08T02:12:17+00:00,2026-10-07,daily,6,2026-10-10T10:00:00Z,604,Cresswell,LEE,MID,45,0,0,0.1,349,977,14105,8005,a,,,,,,,,0.0,0,0,0,0,0,0,0,0,0,0,0,0,0,0.00,0.00,0.00,0.00,0.0,0.0
2026-10-08T02:12:17+00:00,2026-10-07,daily,6,2026-10-10T10:00:00Z,625,Cairns,LEE,GKP,40,0,0,0.2,961,873,19920,6031,a,,,,,,,,0.0,0,0,0,0,0,0,0,0,0,0,0,0,0,0.00,0.00,0.00,0.00,0.0,0.0
2026-10-08T02:12:17+00:00,2026-10-07,daily,6,2026-10-10T10:00:00Z,629,Zetterer,LEE,GKP,40,0,0,0.7,3542,3072,58982,14447,a,,,,,,,,0.0,0,0,0,0,0,0,0,0,0,0,0,0,0,0.00,0.00,0.00,0.00,0.0,0.0
2026-10-08T02:12:17+00:00,2026-10-07,daily,6,2026-10-10T10:00:00Z,641,Bard,LEE,DEF,45,0,0,0.0,110,90,972,366,a,,,,,,,,0.5,0,1,18,0,0,0,0,1,0,2,1,1,2,0.00,0.00,0.00,0.30,0.5,0.5
2026-10-08T02:12:17+00:00,2026-10-07,daily,6,2026-10-10T10:00:00Z,648,Bahoya,LEE,MID,50,0,0,0.0,126,200,2258,1168,a,,,,,,,,0.5,1,1,1,0,0,0,0,0,0,0,0,0,0,0.00,0.00,0.00,0.00,0.5,0.5
2026-10-08T02:12:17+00:00,2026-10-07,daily,6,2026-10-10T10:00:00Z,350,A.Becker,LIV,GKP,55,0,0,4.2,16965,14186,150283,147710,a,,,,,,,,8.5,8,27,450,5,0,0,3,4,14,0,10,0,47,0.00,0.00,0.00,6.12,8.5,8.5
2026-10-08T02:12:17+00:00,2026-10-07,daily,6,2026-10-10T10:00:00Z,351,Mamardashvili,LIV,GKP,48,-1,-2,0.1,297,693,2909,8711,a,,,,,,,,0.0,0,0,0,0,0,0,0,0,0,0,0,0,0,0.00,0.00,0.00,0.00,0.0,0.0
2026-10-08T02:12:17+00:00,2026-10-07,daily,6,2026-10-10T10:00:00Z,352,Woodman,LIV,GKP,40,0,0,1.0,917,2718,18411,27576,a,,,,,,,,0.0,0,0,0,0,0,0,0,0,0,0,0,0,0,0.00,0.00,0.00,0.00,0.0,0.0
2026-10-08T02:12:17+00:00,2026-10-07,daily,6,2026-10-10T10:00:00Z,353,Pecsi,LIV,GKP,40,0,0,0.0,0,72,0,1099,u,Has joined TSV Hartberg on loan for the rest of the season,2026-08-18T14:11:18.638344Z,0,0,,,,0.0,0,0,0,0,0,0,0,0,0,0,0,0,0,0.00,0.00,0.00,0.00,0.0,0.0
2026-10-08T02:12:17+00:00,2026-10-07,daily,6,2026-10-10T10:00:00Z,354,Jaros,LIV,GKP,40,0,0,0.0,235,181,1782,1267,i,Knee injury - Unknown return date,2026-07-29T18:00:10.351066Z,0,0,,,,0.0,0,0,0,0,0,0,0,0,0,0,0,0,0,0.00,0.00,0.00,0.00,0.0,0.0
2026-10-08T02:12:17+00:00,2026-10-07,daily,6,2026-10-10T10:00:00Z,355,Davies,LIV,GKP,40,0,0,0.2,332,521,4784,4301,a,,,,,,,,0.0,0,0,0,0,0,0,0,0,0,0,0,0,0,0.00,0.00,0.00,0.00,0.0,0.0
2026-10-08T02:12:17+00:00,2026-10-07,daily,6,2026-10-10T10:00:00Z,356,Virgil,LIV,DEF,65,0,0,16.2,28205,51895,285221,624528,a,,,,,,,,8.0,8,25,450,5,0,0,3,4,0,48,43,5,18,0.25,0.08,0.33,6.12,8.0,8.0
2026-10-08T02:12:17+00:00,2026-10-07,daily,6,2026-10-10T10:00:00Z,357,Frimpong,LIV,DEF,53,0,-2,1.7,1869,14364,59212,247749,a,,,,,,,,0.5,0,2,178,2,0,0,0,4,0,12,8,4,7,0.01,0.23,0.24,3.91,0.5,0.5
2026-10-08T02:12:17+00:00,2026-10-07,daily,6,2026-10-10T10:00:00Z,358,Kerkez,LIV,DEF,53,-1,-2,2.2,3048,12506,48065,189878,a,,,,,,,,3.5,6,13,385,4,0,0,2,4,0,30,22,8,10,0.07,0.08,0.15,5.65,3.5,3.5
2026-10-08T02:12:17+00:00,2026-10-07,daily,6,2026-10-10T10:00:00Z,359,Gomez,LIV,DEF,49,0,-1,0.0,375,130,795,1194,a,,2026-07-26T08:30:10.078473Z,100,100,,,,0.0,0,0,0,0,0,0,0,0,0,0,0,0,0,0.00,0.00,0.00,0.00,0.0,0.0
2026-10-08T02:12:17+00:00,2026-10-07,daily,6,2026-10-10T10:00:00Z,360,Bradley,LIV,DEF,50,0,0,0.0,72,97,389,809,i,Knee injury - Unknown return date,2026-07-23T12:01:23.565711Z,0,0,,,,0.0,0,0,0,0,0,0,0,0,0,0,0,0,0,0.00,0.00,0.00,0.00,0.0,0.0
2026-10-08T02:12:17+00:00,2026-10-07,daily,6,2026-10-10T10:00:00Z,361,Lucky,LIV,DEF,40,0,0,0.1,323,644,3900,5869,a,,,,,,,,0.0,0,0,0,0,0,0,0,0,0,0,0,0,0,0.00,0.00,0.00,0.00,0.0,0.0
2026-10-08T02:12:17+00:00,2026-10-07,daily,6,2026-10-10T10:00:00Z,362,Jacquet,LIV,DEF,50,0,0,3.5,39775,20674,237657,130707,d,Hamstring injury - 75% chance of playing,2026-10-06T00:30:10.323830Z,100,75,,,,7.5,6,24,415,5,0,0,3,4,0,36,25,11,21,0.00,0.14,0.14,5.51,7.5,5.6
2026-10-08T02:12:17+00:00,2026-10-07,daily,6,2026-10-10T10:00:00Z,363,Leoni,LIV,DEF,40,0,0,0.0,76,209,877,2140,i,Knee injury - Unknown return date,2026-07-23T12:01:23.596909Z,0,0,,,,0.0,0,0,0,0,0,0,0,0,0,0,0,0,0,0.00,0.00,0.00,0.00,0.0,0.0
2026-10-08T02:12:17+00:00,2026-10-07,daily,6,2026-10-10T10:00:00Z,364,Tsimikas,LIV,DEF,49,0,-1,0.1,118,432,1605,4458,a,,,,,,,4,0.5,0,2,64,1,0,0,0,0,0,3,2,1,3,0.04,0.02,0.06,0.47,0.5,0.5
2026-10-08T02:12:17+00:00,2026-10-07,daily,6,2026-10-10T10:00:00Z,365,Ramsay,LIV,DEF,40,0,0,0.1,0,548,638,12777,u,Has joined St Mirren on loan for the rest of the season,2026-08-26T14:05:26.748768Z,0,0,,,,0.0,0,0,0,0,0,0,0,0,0,0,0,0,0,0.00,0.00,0.00,0.00,0.0,0.0
2026-10-08T02:12:17+00:00,2026-10-07,daily,6,2026-10-10T10:00:00Z,366,Wirtz,LIV,MID,73,0,-2,5.7,6198,49033,136466,772430,a,,,,,4,2,2,4.5,6,18,402,5,0,2,3,4,0,36,3,8,25,1.00,0.40,1.40,4.82,4.5,4.5
2026-10-08T02:12:17+00:00,2026-10-07,daily,6,2026-10-10T10:00:00Z,367,Gakpo,LIV,MID,72,0,2,12.0,53067,128883,1339479,756480,d,Ankle injury - 75% chance of playing,2026-09-27T21:30:07.786183Z,100,75,3,,3,2.0,3,32,370,4,1,3,2,4,0,32,9,8,15,0.64,1.71,2.35,5.51,2.0,1.5
2026-10-08T02:12:17+00:00,2026-10-07,daily,6,2026-10-10T10:00:00Z,368,Szoboszlai,LIV,MID,69,-1,-1,32.4,43977,257881,936336,1726039,a,,,,,1,1,1,2.5,2,20,440,5,1,0,3,4,0,41,13,6,22,1.42,0.82,2.24,5.99,2.5,2.5
2026-10-08T02:12:17+00:00,2026-10-07,daily,6,2026-10-10T10:00:00Z,369,Ngumoha,LIV,MID,57,-1,-3,0.5,957,4774,14735,89800,a,,,,,,,,0.5,0,4,99,1,0,0,0,2,0,4,1,1,2,0.15,0.05,0.20,0.68,0.5,0.5
2026-10-08T02:12:17+00:00,2026-10-07,daily,6,2026-10-10T10:00:00Z,370,Chiesa,LIV,MID,53,-1,-2,0.0,18,274,683,10107,i,Back injury - Unknown return date,2026-08-27T13:30:07.598926Z,0,0,,,,0.0,0,0,0,0,0,0,0,0,0,0,0,0,0,0.00,0.00,0.00,0.00,0.0,0.0
2026-10-08T02:12:17+00:00,2026-10-07,daily,6,2026-10-10T10:00:00Z,371,Gravenberch,LIV,MID,58,-1,-2,1.1,1441,10091,35979,131444,a,,,,,,,,1.0,1,9,190,2,0,1,0,2,0,25,10,4,11,0.10,0.08,0.18,2.02,1.0,1.0
2026-10-08T02:12:17+00:00,2026-10-07,daily,6,2026-10-10T10:00:00Z,372,Mac Allister,LIV,MID,54,0,-1,1.3,4408,7878,46028,97592,a,,,,,5,,,3.0,5,11,306,3,0,0,2,2,0,41,11,11,19,0.10,0.49,0.59,4.85,3.0,3.0
2026-10-08T02:12:17+00:00,2026-10-07,daily,6,2026-10-10T10:00:00Z,373,C.Jones,LIV,MID,55,0,0,0.0,0,71,34,2658,u,Has joined Internazionale permanently,2026-08-16T18:30:07.426408Z,0,0,,,,0.0,0,0,0,0,0,0,0,0,0,0,0,0,0,0.00,0.00,0.00,0.00,0.0,0.0
2026-10-08T02:12:17+00:00,2026-10-07,daily,6,2026-10-10T10:00:00Z,374,Endo,LIV,MID,49,0,-1,0.1,177,478,2340,4844,a,,2026-07-23T12:01:23.612529Z,100,100,,,,0.0,0,0,0,0,0,0,0,0,0,0,0,0,0,0.00,0.00,0.00,0.00,0.0,0.0
2026-10-08T02:12:17+00:00,2026-10-07,daily,6,2026-10-10T10:00:00Z,375,Nyoni,LIV,MID,49,0,-1,0.0,102,339,1359,3084,a,,,,,,,,0.5,1,3,38,0,0,0,0,0,0,10,6,2,2,0.00,0.00,0.00,0.36,0.5,0.5
2026-10-08T02:12:17+00:00,2026-10-07,daily,6,2026-10-10T10:00:00Z,376,Bajcetic,LIV,MID,50,0,0,0.0,0,3,19,107,u,Has joined Celta Vigo permanently,2026-07-23T12:01:23.628373Z,0,0,,,,0.0,0,0,0,0,0,0,0,0,0,0,0,0,0,0.00,0.00,0.00,0.00,0.0,0.0
2026-10-08T02:12:17+00:00,2026-10-07,daily,6,2026-10-10T10:00:00Z,377,Munoz,LIV,MID,65,0,0,0.9,1860,12922,117843,103264,a,,,,,,,,1.0,1,15,257,3,1,1,1,2,0,16,5,3,8,0.52,0.31,0.83,4.63,1.0,1.0
2026-10-08T02:12:17+00:00,2026-10-07,daily,6,2026-10-10T10:00:00Z,378,McConnell,LIV,MID,44,0,-1,0.2,1138,1685,7013,13142,a,,,,,,,,0.0,0,0,0,0,0,0,0,0,0,0,0,0,0,0.00,0.00,0.00,0.00,0.0,0.0
2026-10-08T02:12:17+00:00,2026-10-07,daily,6,2026-10-10T10:00:00Z,379,Isak,LIV,FWD,91,0,1,21.9,123810,129803,1250972,789772,d,Thigh injury - 75% chance of playing,2026-09-27T10:30:09.051435Z,,75,2,,,5.0,8,33,413,5,4,0,3,4,0,7,3,1,3,3.54,0.08,3.62,5.82,5.0,3.8
2026-10-08T02:12:17+00:00,2026-10-07,daily,6,2026-10-10T10:00:00Z,380,Ekitiké,LIV,FWD,74,0,-1,0.1,458,939,2730,11402,i,Achilles injury - Unknown return date,2026-07-23T12:01:23.643771Z,0,0,,,,0.0,0,0,0,0,0,0,0,0,0,0,0,0,0,0.00,0.00,0.00,0.00,0.0,0.0
2026-10-08T02:12:17+00:00,2026-10-07,daily,6,2026-10-10T10:00:00Z,381,Koumas,LIV,MID,50,0,0,0.0,198,216,877,1417,a,,,,,,,,0.5,1,3,22,0,0,0,0,0,0,1,0,0,1,0.28,0.00,0.28,0.72,0.5,0.5
2026-10-08T02:12:17+00:00,2026-10-07,daily,6,2026-10-10T10:00:00Z,382,Danns,LIV,FWD,45,0,0,0.2,4017,2727,23824,10006,a,,2026-07-23T12:01:23.659279Z,100,100,,,,0.0,0,0,0,0,0,0,0,0,0,0,0,0,0,0.00,0.00,0.00,0.00,0.0,0.0
2026-10-08T02:12:17+00:00,2026-10-07,daily,6,2026-10-10T10:00:00Z,383,Elliott,LIV,MID,54,0,-1,0.0,0,256,907,6176,u,Has joined Valencia on loan for the rest of the season,2026-09-02T16:05:49.104326Z,0,0,,,,0.0,0,0,0,0,0,0,0,0,0,0,0,0,0,0.00,0.00,0.00,0.00,0.0,0.0
2026-10-08T02:12:17+00:00,2026-10-07,daily,6,2026-10-10T10:00:00Z,579,Araujo,LIV,DEF,54,0,-1,3.1,20749,12129,152665,161818,a,,,,,,,,6.5,7,22,284,3,0,0,3,0,0,24,19,5,15,0.00,0.06,0.06,2.75,6.5,6.5
2026-10-08T02:12:17+00:00,2026-10-07,daily,6,2026-10-10T10:00:00Z,627,Barcola,LIV,MID,80,0,0,1.9,15643,21829,293105,133075,a,,,,,,,,3.0,3,7,168,2,0,0,2,0,0,8,0,3,5,0.26,0.13,0.39,1.43,3.0,3.0
2026-10-08T02:12:17+00:00,2026-10-07,daily,6,2026-10-10T10:00:00Z,155,Enzo,MCI,MID,69,0,-1,3.7,36310,17979,177977,324888,a,,,,,,3,4,4.5,7,13,271,3,1,0,2,3,0,21,6,3,12,0.35,0.53,0.88,5.35,4.5,4.5
2026-10-08T02:12:17+00:00,2026-10-07,daily,6,2026-10-10T10:00:00Z,237,Ndiaye,MCI,MID,58,-1,-2,6.6,8594,79948,299463,1147951,a,,,,,,,,3.0,5,22,385,4,0,2,2,4,0,44,10,8,26,0.38,0.58,0.96,9.42,3.0,3.0
2026-10-08T02:12:17+00:00,2026-10-07,daily,6,2026-10-10T10:00:00Z,384,Donnarumma,MCI,GKP,55,0,0,7.5,12288,35784,208479,321700,a,,,,,,,,4.5,2,19,450,5,0,0,2,5,14,0,4,0,32,0.00,0.00,0.00,7.25,4.5,4.5
2026-10-08T02:12:17+00:00,2026-10-07,daily,6,2026-10-10T10:00:00Z,386,Bettinelli,MCI,GKP,45,0,0,0.0,66,94,581,1130,a,,,,,,,,0.0,0,0,0,0,0,0,0,0,0,0,0,0,0,0.00,0.00,0.00,0.00,0.0,0.0
2026-10-08T02:12:17+00:00,2026-10-07,daily,6,2026-10-10T10:00:00Z,387,O'Reilly,MCI,DEF,63,-1,-2,10.7,5471,91628,192815,1228139,d,Unspecified injury - 75% chance of playing,2026-10-01T15:30:10.272693Z,100,75,,,,1.0,1,6,163,2,0,0,0,2,0,5,2,3,9,0.87,0.43,1.30,2.10,1.0,0.8
2026-10-08T02:12:17+00:00,2026-10-07,daily,6,2026-10-10T10:00:00Z,388,Guéhi,MCI,DEF,60,0,0,18.1,27691,61776,509611,473752,a,,,,,,,,5.0,4,30,450,5,1,1,2,5,0,29,26,3,19,0.95,0.39,1.34,7.25,5.0,5.0
2026-10-08T02:12:17+00:00,2026-10-07,daily,6,2026-10-10T10:00:00Z,389,Matheus N.,MCI,DEF,59,0,-1,1.0,1996,3447,15151,74588,a,,2026-08-27T11:30:08.171622Z,100,100,4,,,5.0,1,11,213,2,0,0,1,3,0,21,18,3,10,0.00,0.06,0.06,4.67,5.0,5.0
2026-10-08T02:12:17+00:00,2026-10-07,daily,6,2026-10-10T10:00:00Z,390,Rúben,MCI,DEF,55,0,0,1.9,5445,10427,68033,75229,a,,,,,,,,3.5,1,17,450,5,0,0,2,5,0,26,25,1,16,0.29,0.74,1.03,7.25,3.5,3.5
2026-10-08T02:12:17+00:00,2026-10-07,daily,6,2026-10-10T10:00:00Z,391,Gvardiol,MCI,DEF,57,0,2,26.9,174276,71736,1856308,431952,a,,,,,,,,7.5,4,37,434,5,1,3,2,5,0,31,20,11,21,0.22,0.74,0.96,7.25,7.5,7.5
2026-10-08T02:12:17+00:00,2026-10-07,daily,6,2026-10-10T10:00:00Z,392,Aït-Nouri,MCI,DEF,52,-1,-3,0.4,603,2462,7955,61871,a,,,,,,,,0.0,0,0,0,0,0,0,0,0,0,0,0,0,0,0.00,0.00,0.00,0.00,0.0,0.0
2026-10-08T02:12:17+00:00,2026-10-07,daily,6,2026-10-10T10:00:00Z,393,Khusanov,MCI,DEF,54,0,-1,1.4,1616,9987,27052,81633,a,,,,,,,,0.0,0,9,268,3,0,0,1,2,0,17,9,8,13,0.00,0.06,0.06,2.68,0.0,0.0
2026-10-08T02:12:17+00:00,2026-10-07,daily,6,2026-10-10T10:00:00Z,394,Alleyne,MCI,DEF,50,0,0,0.0,0,20,0,618,u,Has joined Burnley on loan for the rest of the season,2026-08-18T14:11:56.324656Z,0,0,,,,0.0,0,0,0,0,0,0,0,0,0,0,0,0,0,0.00,0.00,0.00,0.00,0.0,0.0
2026-10-08T02:12:17+00:00,2026-10-07,daily,6,2026-10-10T10:00:00Z,395,Lewis,MCI,DEF,44,0,-1,0.2,372,1359,8328,16425,a,,,,,,,,0.0,0,1,56,1,0,0,0,1,0,2,2,0,0,0.17,0.02,0.19,0.55,0.0,0.0
2026-10-08T02:12:17+00:00,2026-10-07,daily,6,2026-10-10T10:00:00Z,396,Vitor Reis,MCI,DEF,45,0,0,0.0,83,172,563,1195,a,,,,,,,,0.0,0,1,1,0,0,0,0,0,0,0,0,0,0,0.00,0.00,0.00,0.00,0.0,0.0
2026-10-08T02:12:17+00:00,2026-10-07,daily,6,2026-10-10T10:00:00Z,397,Semenyo,MCI,MID,84,0,-1,15.0,131562,104347,322465,1247047,d,Ankle injury - 75% chance of playing,2026-09-24T12:00:09.848000Z,,75,2,,,10.0,17,33,450,5,2,3,2,5,0,22,2,6,14,0.33,1.16,1.49,7.25,10.0,7.5
2026-10-08T02:12:17+00:00,2026-10-07,daily,6,2026-10-10T10:00:00Z,398,Foden,MCI,MID,69,0,-1,1.7,245,32638,303491,570360,s,Suspended until 17 Oct,2026-09-13T17:00:09.433455Z,0,0,,2,2,-1.0,0,9,217,3,0,2,0,2,0,14,2,4,8,1.61,0.88,2.49,1.91,0.0,0.0
2026-10-08T02:12:17+00:00,2026-10-07,daily,6,2026-10-10T10:00:00Z,399,Cherki,MCI,MID,78,0,3,28.5,153955,111484,2701116,978429,a,,,,,,1,1,4.5,8,34,302,4,3,2,1,4,0,12,3,0,9,0.72,1.54,2.26,5.00,4.5,4.5
2026-10-08T02:12:17+00:00,2026-10-07,daily,6,2026-10-10T10:00:00Z,400,Doku,MCI,MID,74,0,-1,0.7,5706,2483,7173,128569,a,,2026-08-18T17:00:08.385597Z,75,100,3,,,0.5,1,1,15,0,0,0,0,0,0,2,1,0,1,0.23,0.32,0.55,0.42,0.4,0.5
2026-10-08T02:12:17+00:00,2026-10-07,daily,6,2026-10-10T10:00:00Z,402,Rodrigo,MCI,MID,65,0,0,0.0,0,29,0,1233,u,Has joined Barcelona permanently,2026-07-23T12:01:23.675537Z,0,0,,,,0.0,0,0,0,0,0,0,0,0,0,0,0,0,0,0.00,0.00,0.00,0.00,0.0,0.0
2026-10-08T02:12:17+00:00,2026-10-07,daily,6,2026-10-10T10:00:00Z,404,Reijnders,MCI,MID,60,0,0,0.0,0,111,0,8196,u,Has joined Al Qadsiah permanently,2026-08-20T14:02:58.154273Z,0,0,,,,0.0,0,0,0,0,0,0,0,0,0,0,0,0,0,0.00,0.00,0.00,0.00,0.0,0.0
2026-10-08T02:12:17+00:00,2026-10-07,daily,6,2026-10-10T10:00:00Z,406,Kovačić,MCI,MID,53,-1,-2,0.1,133,519,2275,6348,a,,,,,,,,0.0,0,2,42,0,0,0,0,0,0,2,0,0,2,0.00,0.02,0.02,0.10,0.0,0.0
2026-10-08T02:12:17+00:00,2026-10-07,daily,6,2026-10-10T10:00:00Z,407,Echeverri,MCI,MID,49,0,-1,0.0,0,61,250,1350,u,Has joined Benfica on loan for the rest of the season,2026-09-03T15:41:24.710479Z,0,0,,,,0.0,0,0,0,0,0,0,0,0,0,0,0,0,0,0.00,0.00,0.00,0.00,0.0,0.0
2026-10-08T02:12:17+00:00,2026-10-07,daily,6,2026-10-10T10:00:00Z,408,Phillips,MCI,MID,50,0,0,0.0,0,16,0,575,u,Has joined Sheffield United on loan for the rest of the season,2026-08-18T14:11:56.348781Z,0,0,,,,0.0,0,0,0,0,0,0,0,0,0,0,0,0,0,0.00,0.00,0.00,0.00,0.0,0.0
2026-10-08T02:12:17+00:00,2026-10-07,daily,6,2026-10-10T10:00:00Z,409,Mukasa,MCI,MID,45,0,0,0.1,0,690,1621,12257,u,has joined West Ham on loan for the rest of the seaon.,2026-09-03T10:34:10.733520Z,0,0,,,,0.0,0,0,0,0,0,0,0,0,0,0,0,0,0,0.00,0.00,0.00,0.00,0.0,0.0
2026-10-08T02:12:17+00:00,2026-10-07,daily,6,2026-10-10T10:00:00Z,410,Monga,MCI,MID,49,0,-1,0.0,0,61,219,1281,u,Has joined Swansea City on loan for the rest of the season,2026-09-02T16:02:01.136760Z,0,0,,,,0.0,0,0,0,0,0,0,0,0,0,0,0,0,0,0.00,0.00,0.00,0.00,0.0,0.0
2026-10-08T02:12:17+00:00,2026-10-07,daily,6,2026-10-10T10:00:00Z,411,Haaland,MCI,FWD,156,0,1,73.9,95255,28888,940532,330546,a,,,,,1,,,7.5,6,39,450,5,5,0,2,5,0,20,10,0,10,4.42,0.53,4.95,7.25,7.5,7.5
2026-10-08T02:12:17+00:00,2026-10-07,daily,6,2026-10-10T10:00:00Z,481,Anderson,MCI,MID,63,0,-2,3.9,9436,32264,106875,450104,a,,2026-08-23T17:00:07.952697Z,100,100,,,3,3.5,2,15,413,5,0,0,2,5,0,54,18,13,23,0.11,0.67,0.78,7.15,3.5,3.5
2026-10-08T02:12:17+00:00,2026-10-07,daily,6,2026-10-10T10:00:00Z,587,Rulli,MCI,GKP,50,0,0,0.0,87,110,619,1121,a,,,,,,,,0.0,0,0,0,0,0,0,0,0,0,0,0,0,0,0.00,0.00,0.00,0.00,0.0,0.0
2026-10-08T02:12:17+00:00,2026-10-07,daily,6,2026-10-10T10:00:00Z,616,Bouaddi,MCI,MID,55,0,0,0.2,919,2290,21118,13729,a,,,,,,,,0.0,0,2,22,0,0,0,0,0,0,6,3,0,3,0.00,0.12,0.12,0.37,0.0,0.0
2026-10-08T02:12:17+00:00,2026-10-07,daily,6,2026-10-10T10:00:00Z,621,McAidoo,MCI,MID,44,-1,-1,0.1,229,1198,11398,7221,a,,,,,,,,0.0,0,2,11,0,0,0,0,0,0,4,0,2,2,0.10,0.00,0.10,0.02,0.0,0.0
2026-10-08T02:12:17+00:00,2026-10-07,daily,6,2026-10-10T10:00:00Z,622,Braithwaite,MCI,DEF,40,0,0,0.2,644,1766,16851,9317,a,,,,,,,,0.0,0,1,1,0,0,0,0,0,0,0,0,0,1,0.00,0.00,0.00,0.00,0.0,0.0
2026-10-08T02:12:17+00:00,2026-10-07,daily,6,2026-10-10T10:00:00Z,628,Allan,MCI,MID,60,0,0,0.0,248,180,1211,701,a,,,,,,,,0.0,0,0,0,0,0,0,0,0,0,0,0,0,0,0.00,0.00,0.00,0.00,0.0,0.0
2026-10-08T02:12:17+00:00,2026-10-07,daily,6,2026-10-10T10:00:00Z,653,Samba,MCI,MID,45,0,0,0.0,275,527,3924,2210,a,,,,,,,,0.0,0,0,0,0,0,0,0,0,0,0,0,0,0,0.00,0.00,0.00,0.00,0.0,0.0
2026-10-08T02:12:17+00:00,2026-10-07,daily,6,2026-10-10T10:00:00Z,43,Tielemans,MUN,MID,58,0,-2,1.5,3725,12067,45172,162691,a,,2026-07-23T12:01:23.321726Z,100,100,3,,,3.0,4,14,402,5,0,0,0,8,0,43,11,7,25,0.65,0.52,1.17,6.16,3.0,3.0
2026-10-08T02:12:17+00:00,2026-10-07,daily,6,2026-10-10T10:00:00Z,131,Baleba,MUN,MID,49,0,-1,0.1,1793,877,7232,14518,a,,2026-08-06T16:00:10.997714Z,50,100,,,,0.0,0,0,0,0,0,0,0,0,0,0,0,0,0,0.00,0.00,0.00,0.00,0.0,0.0
2026-10-08T02:12:17+00:00,2026-10-07,daily,6,2026-10-10T10:00:00Z,162,Andrey Santos,MUN,MID,48,0,-2,0.6,1131,5697,22328,74316,a,,,,,,,,0.0,0,4,82,1,0,0,0,4,0,18,7,4,7,0.00,0.24,0.24,2.03,0.0,0.0
2026-10-08T02:12:17+00:00,2026-10-07,daily,6,2026-10-10T10:00:00Z,325,Darlow,MUN,GKP,45,0,0,0.0,69,254,1076,1635,d,Unspecified injury - 75% chance of playing,2026-09-21T13:30:08.885505Z,100,75,,,,0.0,0,0,0,0,0,0,0,0,0,0,0,0,0,0.00,0.00,0.00,0.00,0.0,0.0
2026-10-08T02:12:17+00:00,2026-10-07,daily,6,2026-10-10T10:00:00Z,412,Lammens,MUN,GKP,49,0,-1,9.8,8293,58253,100501,696684,a,,,,,,,,3.0,4,11,450,5,0,0,0,8,16,0,5,0,38,0.00,0.00,0.00,6.80,3.0,3.0
2026-10-08T02:12:17+00:00,2026-10-07,daily,6,2026-10-10T10:00:00Z,413,Bayindir,MUN,GKP,45,0,0,0.0,0,50,0,1160,u,Has joined Celta Vigo on loan for the rest of the season,2026-08-10T14:02:28.608415Z,0,0,,,,0.0,0,0,0,0,0,0,0,0,0,0,0,0,0,0.00,0.00,0.00,0.00,0.0,0.0
2026-10-08T02:12:17+00:00,2026-10-07,daily,6,2026-10-10T10:00:00Z,414,Heaton,MUN,GKP,40,0,0,0.1,245,334,2163,3621,i,Hamstring injury - Unknown return date,2026-08-15T16:00:07.854151Z,0,0,,,,0.0,0,0,0,0,0,0,0,0,0,0,0,0,0,0.00,0.00,0.00,0.00,0.0,0.0
2026-10-08T02:12:17+00:00,2026-10-07,daily,6,2026-10-10T10:00:00Z,415,Dorgu,MUN,MID,58,0,-2,0.5,1045,5265,14015,98802,d,Hamstring injury - 75% chance of playing,2026-09-27T21:30:07.831640Z,,75,,,,4.0,4,10,171,2,0,1,0,6,0,20,8,8,4,0.78,0.09,0.87,3.38,4.0,3.0
2026-10-08T02:12:17+00:00,2026-10-07,daily,6,2026-10-10T10:00:00Z,416,De Ligt,MUN,DEF,49,-1,-1,0.0,96,153,475,1576,i,Back injury - Unknown return date,2026-07-23T12:01:23.690880Z,0,0,,,,0.0,0,0,0,0,0,0,0,0,0,0,0,0,0,0.00,0.00,0.00,0.00,0.0,0.0
2026-10-08T02:12:17+00:00,2026-10-07,daily,6,2026-10-10T10:00:00Z,417,Dalot,MUN,DEF,49,0,-1,1.6,1736,8837,26515,137332,a,,,,,,,,2.0,2,8,346,4,0,0,0,4,0,16,10,6,21,0.24,0.23,0.47,4.70,2.0,2.0
2026-10-08T02:12:17+00:00,2026-10-07,daily,6,2026-10-10T10:00:00Z,418,Maguire,MUN,DEF,48,-1,-2,8.5,5823,85939,139781,1015630,a,,,,,,,,1.5,2,10,450,5,0,1,0,8,0,31,28,3,21,0.20,0.46,0.66,6.80,1.5,1.5
2026-10-08T02:12:17+00:00,2026-10-07,daily,6,2026-10-10T10:00:00Z,419,Martinez,MUN,DEF,49,-1,-1,1.3,4273,7220,37199,68073,a,,2026-07-24T20:00:10.337107Z,100,100,,,,1.0,0,6,360,4,0,0,0,6,0,20,17,3,14,0.21,0.16,0.37,5.79,1.0,1.0
2026-10-08T02:12:17+00:00,2026-10-07,daily,6,2026-10-10T10:00:00Z,420,Yoro,MUN,DEF,48,-1,-2,0.5,568,2420,5350,36262,a,,,,,,,,0.0,0,2,22,0,0,0,0,2,0,5,3,2,1,0.00,0.02,0.02,1.09,0.0,0.0
2026-10-08T02:12:17+00:00,2026-10-07,daily,6,2026-10-10T10:00:00Z,421,Heaven,MUN,DEF,43,-1,-2,0.3,299,1686,6069,24272,a,,,,,,,,0.0,0,1,90,1,0,0,0,2,0,2,1,1,4,0.12,0.04,0.16,1.01,0.0,0.0
2026-10-08T02:12:17+00:00,2026-10-07,daily,6,2026-10-10T10:00:00Z,422,Mazraoui,MUN,DEF,44,0,-1,0.5,615,3514,14399,41601,d,Back injury - 75% chance of playing,2026-10-04T21:30:08.533022Z,,75,,,,0.0,0,3,97,1,0,0,0,4,0,6,4,2,3,0.22,0.06,0.28,2.08,0.0,0.0
2026-10-08T02:12:17+00:00,2026-10-07,daily,6,2026-10-10T10:00:00Z,423,Shaw,MUN,DEF,43,-1,-2,7.6,5178,87678,102662,1319607,a,,2026-09-11T13:00:09.030120Z,50,100,,,3,1.0,2,9,335,4,0,1,0,5,0,23,17,6,7,0.03,0.58,0.61,4.63,0.5,1.0
2026-10-08T02:12:17+00:00,2026-10-07,daily,6,2026-10-10T10:00:00Z,424,Amass,MUN,DEF,40,0,0,0.2,477,895,6379,8925,a,,,,,,,,0.0,0,0,0,0,0,0,0,0,0,0,0,0,0,0.00,0.00,0.00,0.00,0.0,0.0
2026-10-08T02:12:17+00:00,2026-10-07,daily,6,2026-10-10T10:00:00Z,425,Fredricson,MUN,DEF,40,0,0,0.0,0,55,0,1323,u,Has joined Lausanne-Sport permanently,2026-08-18T14:12:31.904433Z,0,0,,,,0.0,0,0,0,0,0,0,0,0,0,0,0,0,0,0.00,0.00,0.00,0.00,0.0,0.0
2026-10-08T02:12:17+00:00,2026-10-07,daily,6,2026-10-10T10:00:00Z,426,B.Fernandes,MUN,MID,119,-1,-1,38.4,59832,227049,671432,1879999,a,,,,,1,1,1,2.0,2,31,450,5,3,1,0,8,0,29,3,5,21,2.56,1.32,3.88,6.80,2.0,2.0
2026-10-08T02:12:17+00:00,2026-10-07,daily,6,2026-10-10T10:00:00Z,427,Mbeumo,MUN,MID,79,0,-1,20.4,51281,154373,478260,2040872,a,,,,,2,2,2,2.0,2,25,450,5,2,1,0,8,0,26,7,5,14,3.07,0.80,3.87,6.80,2.0,2.0
2026-10-08T02:12:17+00:00,2026-10-07,daily,6,2026-10-10T10:00:00Z,428,Cunha,MUN,MID,79,0,-1,5.8,29467,25874,103213,513905,a,,,,,,,,6.0,10,26,407,5,1,2,1,5,0,13,1,3,9,0.63,0.83,1.46,5.44,6.0,6.0
2026-10-08T02:12:17+00:00,2026-10-07,daily,6,2026-10-10T10:00:00Z,429,Rashford,MUN,MID,70,0,0,1.4,4422,20977,85451,132058,d,Unspecified injury - 75% chance of playing,2026-09-21T10:30:09.221479Z,,75,,3,,2.0,2,10,351,4,0,0,1,3,0,18,4,4,10,0.78,0.43,1.21,4.50,2.0,1.5
2026-10-08T02:12:17+00:00,2026-10-07,daily,6,2026-10-10T10:00:00Z,430,Mount,MUN,MID,54,0,-1,0.0,210,218,938,1994,a,,2026-08-15T16:00:07.879135Z,100,100,,4,,0.5,1,1,10,0,0,0,0,0,0,1,0,0,1,0.09,0.01,0.10,0.00,0.5,0.5
2026-10-08T02:12:17+00:00,2026-10-07,daily,6,2026-10-10T10:00:00Z,431,Amad,MUN,MID,57,0,-3,0.3,157,2164,2199,123885,i,Unspecified injury - Unknown return date,2026-08-22T11:00:08.617283Z,0,0,,,4,0.0,0,0,0,0,0,0,0,0,0,0,0,0,0,0.00,0.00,0.00,0.00,0.0,0.0
2026-10-08T02:12:17+00:00,2026-10-07,daily,6,2026-10-10T10:00:00Z,432,Mainoo,MUN,MID,55,0,0,1.5,8295,18180,95389,70457,d,Unspecified injury - 75% chance of playing,2026-09-21T13:00:09.169862Z,,75,,,,4.0,4,22,354,4,0,1,0,4,0,56,10,6,40,0.30,0.52,0.82,4.77,4.0,3.0
2026-10-08T02:12:17+00:00,2026-10-07,daily,6,2026-10-10T10:00:00Z,433,Ugarte,MUN,MID,50,0,0,0.0,26,28,122,268,i,Knee injury - Unknown return date,2026-07-23T12:01:23.706702Z,0,0,,,,0.0,0,0,0,0,0,0,0,0,0,0,0,0,0,0.00,0.00,0.00,0.00,0.0,0.0
2026-10-08T02:12:17+00:00,2026-10-07,daily,6,2026-10-10T10:00:00Z,434,J.Fletcher,MUN,MID,49,0,-1,0.0,49,62,329,710,a,,,,,,,,0.0,0,0,0,0,0,0,0,0,0,0,0,0,0,0.00,0.00,0.00,0.00,0.0,0.0
2026-10-08T02:12:17+00:00,2026-10-07,daily,6,2026-10-10T10:00:00Z,435,Lacey,MUN,MID,49,0,-1,0.1,413,398,1766,3363,a,,,,,,,,0.0,0,1,10,0,0,0,0,0,0,1,0,0,1,0.00,0.00,0.00,0.00,0.0,0.0
2026-10-08T02:12:17+00:00,2026-10-07,daily,6,2026-10-10T10:00:00Z,436,Collyer,MUN,MID,50,0,0,0.0,0,51,150,1058,u,Has joined West Brom permanently,2026-09-01T13:16:48.584385Z,0,0,,,,0.0,0,0,0,0,0,0,0,0,0,0,0,0,0,0.00,0.00,0.00,0.00,0.0,0.0
2026-10-08T02:12:17+00:00,2026-10-07,daily,6,2026-10-10T10:00:00Z,437,Bendito Mantato,MUN,MID,44,-1,-1,0.2,555,1015,5219,9796,a,,,,,,,,0.0,0,0,0,0,0,0,0,0,0,0,0,0,0,0.00,0.00,0.00,0.00,0.0,0.0
2026-10-08T02:12:17+00:00,2026-10-07,daily,6,2026-10-10T10:00:00Z,438,Fletcher,MUN,MID,44,0,-1,0.3,2728,2394,10797,17163,a,,,,,,,,0.0,0,0,0,0,0,0,0,0,0,0,0,0,0,0.00,0.00,0.00,0.00,0.0,0.0
2026-10-08T02:12:17+00:00,2026-10-07,daily,6,2026-10-10T10:00:00Z,439,Šeško,MUN,FWD,70,0,0,1.6,6857,27549,104296,137222,d,Shin injury - 75% chance of playing,2026-09-20T19:30:08.505755Z,100,75,,,,0.5,0,8,76,0,1,0,0,3,0,5,0,0,5,0.39,0.01,0.40,2.00,0.5,0.4
2026-10-08T02:12:17+00:00,2026-10-07,daily,6,2026-10-10T10:00:00Z,440,Zirkzee,MUN,FWD,53,-1,-2,0.4,2327,3498,16207,44051,a,,,,,,,,1.0,1,2,20,0,0,0,0,0,0,4,2,0,2,0.00,0.01,0.01,0.02,1.0,1.0
2026-10-08T02:12:17+00:00,2026-10-07,daily,6,2026-10-10T10:00:00Z,441,Obi,MUN,FWD,45,0,0,0.9,0,12501,45543,75443,u,Has joined Willem II on loan for the rest of the season,2026-09-14T16:12:42.090874Z,0,0,,,,0.0,0,0,0,0,0,0,0,0,0,0,0,0,0,0.00,0.00,0.00,0.00,0.0,0.0
2026-10-08T02:12:17+00:00,2026-10-07,daily,6,2026-10-10T10:00:00Z,405,N.Gonzalez,NEW,MID,55,0,0,0.2,788,1974,18251,17143,a,,2026-09-14T21:30:07.343728Z,0,100,,,,0.5,0,5,164,3,0,0,1,2,0,12,3,0,9,0.00,0.21,0.21,2.34,0.0,0.5
2026-10-08T02:12:17+00:00,2026-10-07,daily,6,2026-10-10T10:00:00Z,442,Pope,NEW,GKP,49,0,-1,0.9,1011,3543,13504,54266,a,,,,,,,,0.0,0,0,0,0,0,0,0,0,0,0,0,0,0,0.00,0.00,0.00,0.00,0.0,0.0
2026-10-08T02:12:17+00:00,2026-10-07,daily,6,2026-10-10T10:00:00Z,443,Gillespie,NEW,GKP,45,0,0,0.0,51,99,776,1219,a,,,,,,,,0.0,0,0,0,0,0,0,0,0,0,0,0,0,0,0.00,0.00,0.00,0.00,0.0,0.0
2026-10-08T02:12:17+00:00,2026-10-07,daily,6,2026-10-10T10:00:00Z,444,Jaouen,NEW,GKP,44,-1,-1,0.0,23,143,456,1548,i,Hamstring injury - Unknown return date,2026-09-10T16:00:09.127466Z,50,0,,,,0.0,0,0,0,0,0,0,0,0,0,0,0,0,0,0.00,0.00,0.00,0.00,0.0,0.0
2026-10-08T02:12:17+00:00,2026-10-07,daily,6,2026-10-10T10:00:00Z,445,Thiaw,NEW,DEF,50,0,0,2.2,11524,12462,180825,125473,a,,,,,,,,3.0,4,14,450,5,0,0,1,9,0,45,45,0,10,0.00,0.08,0.08,9.14,3.0,3.0
2026-10-08T02:12:17+00:00,2026-10-07,daily,6,2026-10-10T10:00:00Z,446,Schär,NEW,DEF,49,0,-1,0.2,709,1037,7220,13983,a,,2026-08-15T16:30:07.209742Z,100,100,,2,,0.5,1,2,25,0,0,0,0,2,0,7,7,0,0,0.00,0.01,0.01,1.87,0.5,0.5
2026-10-08T02:12:17+00:00,2026-10-07,daily,6,2026-10-10T10:00:00Z,447,Botman,NEW,DEF,50,0,0,0.7,6041,3727,48715,29021,a,,,,,,,,3.0,4,15,450,5,0,0,1,9,0,59,54,5,14,0.06,0.17,0.23,9.14,3.0,3.0
2026-10-08T02:12:17+00:00,2026-10-07,daily,6,2026-10-10T10:00:00Z,448,Burn,NEW,DEF,48,-1,-2,0.7,134,6713,7349,161621,i,Ankle injury - Expected back 12 Oct,2026-08-23T18:00:08.367241Z,0,0,,,,0.0,0,0,0,0,0,0,0,0,0,0,0,0,0,0.00,0.00,0.00,0.00,0.0,0.0
2026-10-08T02:12:17+00:00,2026-10-07,daily,6,2026-10-10T10:00:00Z,449,Hall,NEW,DEF,53,1,3,17.8,301138,28401,1714640,356234,a,,,,,,1,1,6.5,13,31,449,5,1,1,1,9,0,46,33,13,38,0.25,0.79,1.04,9.12,6.5,6.5
2026-10-08T02:12:17+00:00,2026-10-07,daily,6,2026-10-10T10:00:00Z,450,Livramento,NEW,DEF,49,0,-1,0.1,485,1769,10281,6209,d,Unspecified injury - 75% chance of playing,2026-09-19T14:00:09.046677Z,100,75,,,,1.5,0,4,33,0,0,1,0,1,0,3,1,2,4,0.00,0.01,0.01,0.18,1.5,1.1
2026-10-08T02:12:17+00:00,2026-10-07,daily,6,2026-10-10T10:00:00Z,451,A.Murphy,NEW,DEF,40,0,0,0.1,0,341,0,6992,u,Has joined FC Kaiserslautern on loan for the rest of the season,2026-08-12T14:05:29.224600Z,0,0,,,,0.0,0,0,0,0,0,0,0,0,0,0,0,0,0,0.00,0.00,0.00,0.00,0.0,0.0
2026-10-08T02:12:17+00:00,2026-10-07,daily,6,2026-10-10T10:00:00Z,453,Barnes,NEW,MID,61,1,1,6.0,199306,33742,670409,165650,a,,,,,,,3,5.5,9,28,450,5,1,3,1,9,0,33,14,3,16,0.62,0.48,1.10,9.14,5.5,5.5
2026-10-08T02:12:17+00:00,2026-10-07,daily,6,2026-10-10T10:00:00Z,454,Elanga,NEW,MID,61,-1,1,4.3,366,186287,1286203,1106248,i,Unspecified injury - Unknown return date,2026-09-14T20:00:09.505598Z,0,0,,,2,0.0,0,18,232,3,2,0,1,3,0,9,2,4,3,0.42,0.34,0.76,4.01,0.0,0.0
2026-10-08T02:12:17+00:00,2026-10-07,daily,6,2026-10-10T10:00:00Z,456,J.Ramsey,NEW,MID,48,-1,-2,0.2,85,5350,16631,31553,i,Thigh injury - Unknown return date,2026-09-15T09:00:08.191022Z,0,0,,,,0.0,0,7,69,0,1,0,0,1,0,11,3,2,6,0.17,0.16,0.33,1.92,0.0,0.0
2026-10-08T02:12:17+00:00,2026-10-07,daily,6,2026-10-10T10:00:00Z,457,J.Murphy,NEW,MID,59,0,-1,0.1,1121,951,6224,11130,a,,,,,,,4,0.5,1,3,181,2,0,0,0,5,0,18,4,4,10,0.03,0.41,0.44,4.96,0.5,0.5
2026-10-08T02:12:17+00:00,2026-10-07,daily,6,2026-10-10T10:00:00Z,458,Joelinton,NEW,MID,54,0,-1,0.0,22,97,233,2259,i,Unspecified injury - Unknown return date,2026-08-16T08:00:08.074045Z,0,0,,,,0.0,0,0,0,0,0,0,0,0,0,0,0,0,0,0.00,0.00,0.00,0.00,0.0,0.0
2026-10-08T02:12:17+00:00,2026-10-07,daily,6,2026-10-10T10:00:00Z,459,L.Miley,NEW,MID,55,0,0,0.1,499,697,6363,5704,d,Unspecified injury - 75% chance of playing,2026-10-01T15:30:10.335504Z,100,75,,,5,2.0,4,12,396,5,0,0,1,8,0,52,20,6,26,0.05,0.14,0.19,7.95,2.0,1.5
2026-10-08T02:12:17+00:00,2026-10-07,daily,6,2026-10-10T10:00:00Z,460,Willock,NEW,MID,50,0,0,0.6,11649,3526,66469,31511,a,,,,,,,,5.5,10,22,284,3,2,0,1,5,0,18,4,5,9,0.81,0.30,1.11,5.19,5.5,5.5
2026-10-08T02:12:17+00:00,2026-10-07,daily,6,2026-10-10T10:00:00Z,461,Touré,NEW,MID,58,0,-2,0.1,404,1005,3787,16612,a,,,,,,,,3.5,1,8,50,0,1,0,0,1,0,4,1,0,3,0.28,0.01,0.29,0.76,3.5,3.5
2026-10-08T02:12:17+00:00,2026-10-07,daily,6,2026-10-10T10:00:00Z,462,Steur,NEW,MID,49,0,-1,0.1,303,463,2459,6260,a,,,,,,,,2.5,3,8,223,2,0,0,1,5,0,21,9,4,8,0.00,0.06,0.06,4.23,2.5,2.5
2026-10-08T02:12:17+00:00,2026-10-07,daily,6,2026-10-10T10:00:00Z,463,Woltemade,NEW,FWD,59,0,-1,0.5,0,4154,14520,142589,u,Has joined Juventus on loan for the rest of the season,2026-09-02T16:07:16.549304Z,0,0,,,,0.0,0,4,19,0,0,1,0,0,0,0,0,0,0,0.02,0.01,0.03,0.38,0.0,0.0
2026-10-08T02:12:17+00:00,2026-10-07,daily,6,2026-10-10T10:00:00Z,464,Wissa,NEW,FWD,62,0,2,18.7,113522,162140,2309034,749150,a,,,,,2,,,1.0,0,15,441,5,1,1,1,8,0,27,6,6,15,2.35,0.06,2.41,7.97,1.0,1.0
2026-10-08T02:12:17+00:00,2026-10-07,daily,6,2026-10-10T10:00:00Z,465,Osula,NEW,FWD,58,-1,-2,0.3,144,2799,21467,87104,i,Foot injury - Unknown return date,2026-08-25T19:00:08.004915Z,0,0,1,4,,0.0,0,4,55,1,0,1,0,1,0,5,2,1,2,0.06,0.14,0.20,1.48,0.0,0.0
2026-10-08T02:12:17+00:00,2026-10-07,daily,6,2026-10-10T10:00:00Z,466,Neave,NEW,FWD,45,0,0,0.5,0,4407,23805,53029,u,Has joined Wolves on loan for the rest of the season,2026-09-04T12:37:43.515176Z,0,0,,,,0.0,0,0,0,0,0,0,0,0,0,0,0,0,0,0.00,0.00,0.00,0.00,0.0,0.0
2026-10-08T02:12:17+00:00,2026-10-07,daily,6,2026-10-10T10:00:00Z,559,Bamba,NEW,MID,49,0,-1,0.1,141,569,2581,7653,a,,,,,,,,1.0,1,3,27,0,0,0,0,1,0,8,3,3,2,0.00,0.00,0.00,1.29,1.0,1.0
2026-10-08T02:12:17+00:00,2026-10-07,daily,6,2026-10-10T10:00:00Z,567,Horníček,NEW,GKP,50,0,0,1.5,8653,6368,153303,72921,a,,,,,,,,2.0,3,14,450,5,0,0,1,9,19,0,11,0,31,0.00,0.00,0.00,9.14,2.0,2.0
2026-10-08T02:12:17+00:00,2026-10-07,daily,6,2026-10-10T10:00:00Z,593,Dedić,NEW,DEF,45,0,0,1.7,298,44604,447920,314654,i,Unspecified injury - Unknown return date,2026-09-17T14:30:09.823731Z,0,0,,3,,0.0,0,13,327,4,0,1,1,7,0,24,16,8,15,0.14,0.08,0.22,7.38,0.0,0.0
2026-10-08T02:12:17+00:00,2026-10-07,daily,6,2026-10-10T10:00:00Z,609,Shahar,NEW,DEF,40,0,0,0.2,0,2014,18236,15912,u,has joined Arouca on loan for the rest of the seaon.,2026-09-11T14:41:57.406766Z,0,0,,,,0.0,0,0,0,0,0,0,0,0,0,0,0,0,0,0.00,0.00,0.00,0.00,0.0,0.0
2026-10-08T02:12:17+00:00,2026-10-07,daily,6,2026-10-10T10:00:00Z,634,Fernandez-Pardo,NEW,FWD,60,0,0,0.1,2589,1682,17660,6582,a,,,,,,,,1.5,2,4,157,2,0,0,0,4,0,5,0,2,3,0.05,0.01,0.06,2.94,1.5,1.5
2026-10-08T02:12:17+00:00,2026-10-07,daily,6,2026-10-10T10:00:00Z,659,Miley,NEW,MID,45,0,0,0.0,1572,709,5010,1311,a,,,,,,,,0.0,0,0,0,0,0,0,0,0,0,0,0,0,0,0.00,0.00,0.00,0.00,0.0,0.0
2026-10-08T02:12:17+00:00,2026-10-07,daily,6,2026-10-10T10:00:00Z,663,Pivas,NEW,DEF,40,0,0,0.0,452,74,452,74,a,,,,,,,,0.0,0,0,0,0,0,0,0,0,0,0,0,0,0,0.00,0.00,0.00,0.00,1.1,1.1
2026-10-08T02:12:17+00:00,2026-10-07,daily,6,2026-10-10T10:00:00Z,664,Salia,NEW,FWD,45,0,0,0.1,11321,1949,11321,1949,a,,,,,,,,0.0,0,0,0,0,0,0,0,0,0,0,0,0,0,0.00,0.00,0.00,0.00,1.0,1.0
2026-10-08T02:12:17+00:00,2026-10-07,daily,6,2026-10-10T10:00:00Z,665,Mills,NEW,MID,45,0,0,0.0,177,35,177,35,a,,,,,,,,0.0,0,0,0,0,0,0,0,0,0,0,0,0,0,0.00,0.00,0.00,0.00,1.1,1.1
2026-10-08T02:12:17+00:00,2026-10-07,daily,6,2026-10-10T10:00:00Z,666,Thompson,NEW,MID,45,0,0,0.0,260,39,260,39,a,,,,,,,,0.0,0,0,0,0,0,0,0,0,0,0,0,0,0,0.00,0.00,0.00,0.00,1.1,1.1
2026-10-08T02:12:17+00:00,2026-10-07,daily,6,2026-10-10T10:00:00Z,167,Delap,NFO,FWD,56,1,1,2.7,27747,33898,314923,87470,a,,,,,3,,,3.0,1,9,277,3,1,0,1,3,0,17,5,2,10,0.89,0.35,1.24,2.62,3.0,3.0
2026-10-08T02:12:17+00:00,2026-10-07,daily,6,2026-10-10T10:00:00Z,201,Muñoz,NFO,DEF,54,0,-1,5.7,9352,35325,159910,489501,a,,,,,,,,2.0,2,5,257,3,0,0,0,4,0,15,8,7,8,0.60,0.21,0.81,2.59,2.0,2.0
2026-10-08T02:12:17+00:00,2026-10-07,daily,6,2026-10-10T10:00:00Z,467,Sels,NFO,GKP,50,0,0,1.6,2470,7506,68723,63568,a,,,,,,,,2.5,2,14,450,5,0,0,1,5,11,0,6,0,46,0.00,0.01,0.01,4.77,2.5,2.5
2026-10-08T02:12:17+00:00,2026-10-07,daily,6,2026-10-10T10:00:00Z,468,John,NFO,GKP,45,0,0,0.1,70,174,877,2034,a,,,,,,,,0.0,0,0,0,0,0,0,0,0,0,0,0,0,0,0.00,0.00,0.00,0.00,0.0,0.0
2026-10-08T02:12:17+00:00,2026-10-07,daily,6,2026-10-10T10:00:00Z,469,N.Williams,NFO,DEF,50,0,0,8.6,13927,56626,328413,361884,a,,,,,,3,2,2.0,2,19,450,5,0,1,1,5,0,29,15,14,28,0.41,0.61,1.02,4.77,2.0,2.0
2026-10-08T02:12:17+00:00,2026-10-07,daily,6,2026-10-10T10:00:00Z,470,Morato,NFO,DEF,50,0,0,0.0,0,135,424,3715,u,Has joined West Ham on loan for the rest of the season,2026-09-02T16:19:54.503286Z,0,0,,,,0.0,0,0,0,0,0,0,0,0,0,0,0,0,0,0.00,0.00,0.00,0.00,0.0,0.0
2026-10-08T02:12:17+00:00,2026-10-07,daily,6,2026-10-10T10:00:00Z,471,Milenković,NFO,DEF,54,-1,-1,1.0,82,14047,18014,109204,i,Hamstring injury - Expected back 11 Oct,2026-09-12T14:00:09.705107Z,0,0,,,,0.0,0,12,270,3,0,0,1,3,0,31,26,5,12,0.11,0.03,0.14,3.28,0.0,0.0
2026-10-08T02:12:17+00:00,2026-10-07,daily,6,2026-10-10T10:00:00Z,472,Murillo,NFO,DEF,55,0,0,2.1,10506,9871,106003,63132,a,,2026-07-23T12:01:23.801183Z,100,100,,2,,5.0,4,23,449,5,0,1,1,5,0,53,44,9,18,0.42,0.37,0.79,4.77,5.0,5.0
2026-10-08T02:12:17+00:00,2026-10-07,daily,6,2026-10-10T10:00:00Z,473,Aina,NFO,DEF,44,-1,-1,2.3,1279,23856,69392,173643,a,,,,,,,,1.0,0,8,306,4,0,0,1,3,0,22,12,10,14,0.04,0.53,0.57,3.72,1.0,1.0
2026-10-08T02:12:17+00:00,2026-10-07,daily,6,2026-10-10T10:00:00Z,474,Jair Cunha,NFO,DEF,45,0,0,0.2,321,744,9827,13270,a,,2026-09-12T14:00:09.724349Z,75,100,,,,0.5,1,11,360,4,0,0,1,4,0,36,29,7,8,0.05,0.02,0.07,3.95,0.4,0.5
2026-10-08T02:12:17+00:00,2026-10-07,daily,6,2026-10-10T10:00:00Z,475,Savona,NFO,DEF,45,0,0,0.0,23,23,243,281,i,Knee injury - Unknown return date,2026-07-23T12:01:23.816304Z,0,0,,,,0.0,0,0,0,0,0,0,0,0,0,0,0,0,0,0.00,0.00,0.00,0.00,0.0,0.0
2026-10-08T02:12:17+00:00,2026-10-07,daily,6,2026-10-10T10:00:00Z,476,O.Richards,NFO,DEF,40,0,0,0.2,342,849,4042,8400,a,,,,,,,,0.0,0,0,0,0,0,0,0,0,0,0,0,0,0,0.00,0.00,0.00,0.00,0.0,0.0
2026-10-08T02:12:17+00:00,2026-10-07,daily,6,2026-10-10T10:00:00Z,477,Abbott,NFO,DEF,40,0,0,0.1,0,970,2459,14043,u,Has joined Southampton on loan for the rest of the season,2026-09-02T16:19:54.536676Z,0,0,,,,0.0,0,0,0,0,0,0,0,0,0,0,0,0,0,0.00,0.00,0.00,0.00,0.0,0.0
2026-10-08T02:12:17+00:00,2026-10-07,daily,6,2026-10-10T10:00:00Z,478,Netz,NFO,DEF,44,0,-1,0.0,62,132,692,1603,a,,,,,,,,0.5,1,3,27,0,0,0,0,1,0,1,0,1,1,0.00,0.02,0.02,0.13,0.5,0.5
2026-10-08T02:12:17+00:00,2026-10-07,daily,6,2026-10-10T10:00:00Z,479,Bindon,NFO,DEF,40,0,0,0.1,0,624,799,8754,u,Has joined Charlton Athletic on loan for the rest of the season,2026-09-01T13:16:05.383880Z,0,0,,,,0.0,0,0,0,0,0,0,0,0,0,0,0,0,0,0.00,0.00,0.00,0.00,0.0,0.0
2026-10-08T02:12:17+00:00,2026-10-07,daily,6,2026-10-10T10:00:00Z,480,Gibbs-White,NFO,MID,80,0,0,15.7,84758,104659,1228440,687353,a,,2026-08-24T15:30:08.350159Z,100,100,1,1,,5.0,2,28,450,5,1,2,1,5,0,21,2,5,14,1.56,1.42,2.98,4.77,5.0,5.0
2026-10-08T02:12:17+00:00,2026-10-07,daily,6,2026-10-10T10:00:00Z,482,Hudson-Odoi,NFO,MID,58,0,-2,0.1,334,1303,5345,17703,a,,2026-07-23T12:01:23.832709Z,100,100,,4,,0.0,0,1,1,0,0,0,0,0,0,0,0,0,0,0.00,0.00,0.00,0.00,0.0,0.0
2026-10-08T02:12:17+00:00,2026-10-07,daily,6,2026-10-10T10:00:00Z,483,Ndoye,NFO,MID,55,0,0,0.7,972,9432,72568,50595,a,,,,,,,,1.0,1,15,316,5,1,0,1,3,0,20,3,2,15,1.25,0.93,2.18,3.84,1.0,1.0
2026-10-08T02:12:17+00:00,2026-10-07,daily,6,2026-10-10T10:00:00Z,484,Hutchinson,NFO,MID,54,0,-1,0.1,0,430,427,11058,u,Has joined AC Milan on loan for the rest of the season,2026-09-01T13:23:52.340206Z,0,0,,,,0.0,0,0,0,0,0,0,0,0,0,0,0,0,0,0.00,0.00,0.00,0.00,0.0,0.0
2026-10-08T02:12:17+00:00,2026-10-07,daily,6,2026-10-10T10:00:00Z,485,Bakwa,NFO,MID,55,0,0,0.0,0,41,107,1183,u,Has joined Lille on loan for the rest of the season,2026-08-27T14:53:03.381941Z,0,0,,,,0.0,0,0,0,0,0,0,0,0,0,0,0,0,0,0.00,0.00,0.00,0.00,0.0,0.0
2026-10-08T02:12:17+00:00,2026-10-07,daily,6,2026-10-10T10:00:00Z,486,McAtee,NFO,MID,55,0,0,0.1,421,1058,10066,6104,a,,,,,,,1,2.5,2,12,416,5,0,0,2,4,0,39,9,9,21,0.37,0.96,1.33,4.55,2.5,2.5
2026-10-08T02:12:17+00:00,2026-10-07,daily,6,2026-10-10T10:00:00Z,487,Dominguez,NFO,MID,49,0,-1,0.1,69,329,1207,4131,a,,,,,,,,0.0,0,1,1,0,0,0,0,0,0,0,0,0,0,0.00,0.00,0.00,0.00,0.0,0.0
2026-10-08T02:12:17+00:00,2026-10-07,daily,6,2026-10-10T10:00:00Z,488,I.Sangaré,NFO,MID,48,-1,-2,0.4,390,3705,9289,69284,a,,2026-08-28T09:30:07.471668Z,100,100,,,,1.0,1,4,105,1,0,0,0,1,0,8,4,1,3,0.09,0.02,0.11,0.56,1.0,1.0
2026-10-08T02:12:17+00:00,2026-10-07,daily,6,2026-10-10T10:00:00Z,489,Yates,NFO,MID,45,0,0,1.1,707,8453,30353,94808,a,,2026-08-17T20:30:08.195072Z,100,100,,,,0.0,0,0,0,0,0,0,0,0,0,0,0,0,0,0.00,0.00,0.00,0.00,0.0,0.0
2026-10-08T02:12:17+00:00,2026-10-07,daily,6,2026-10-10T10:00:00Z,490,Wood,NFO,FWD,58,0,-2,0.9,2463,7315,25042,117162,a,,,,,2,,,1.0,1,4,62,0,0,0,0,1,0,1,0,0,1,0.12,0.01,0.13,0.53,1.0,1.0
2026-10-08T02:12:17+00:00,2026-10-07,daily,6,2026-10-10T10:00:00Z,491,Igor Jesus,NFO,FWD,58,0,-2,2.6,9352,27251,128352,274596,a,,,,,4,,,4.0,1,12,257,2,1,0,0,3,0,15,5,2,8,1.25,0.08,1.33,2.61,4.0,4.0
2026-10-08T02:12:17+00:00,2026-10-07,daily,6,2026-10-10T10:00:00Z,493,Kalimuendo,NFO,FWD,54,0,-1,0.1,266,468,3076,4168,a,,,,,,,,0.0,0,1,1,0,0,0,0,0,0,0,0,0,0,0.00,0.00,0.00,0.00,0.0,0.0
2026-10-08T02:12:17+00:00,2026-10-07,daily,6,2026-10-10T10:00:00Z,558,Schlager,NFO,MID,50,0,0,0.1,257,930,5937,5947,a,,,,,,,3,2.5,2,13,376,4,0,0,1,5,0,49,11,17,21,0.19,0.18,0.37,4.43,2.5,2.5
2026-10-08T02:12:17+00:00,2026-10-07,daily,6,2026-10-10T10:00:00Z,581,Diomande,NFO,DEF,54,0,-1,0.5,1782,2571,13904,42036,a,,,,,,,,3.0,2,7,163,2,0,0,0,2,0,19,18,1,10,0.16,0.01,0.17,1.45,3.0,3.0
2026-10-08T02:12:17+00:00,2026-10-07,daily,6,2026-10-10T10:00:00Z,590,Benda,NFO,GKP,45,0,0,0.1,144,260,2684,2861,a,,,,,,,,0.0,0,0,0,0,0,0,0,0,0,0,0,0,0,0.00,0.00,0.00,0.00,0.0,0.0
2026-10-08T02:12:17+00:00,2026-10-07,daily,6,2026-10-10T10:00:00Z,112,Van Hecke,TOT,DEF,49,0,-1,6.4,20844,47246,157013,492641,d,Foot injury - 75% chance of playing,2026-09-30T16:00:09.552205Z,,75,,,,7.0,6,24,450,5,1,0,2,8,0,43,33,10,17,0.69,0.42,1.11,7.78,7.0,5.2
2026-10-08T02:12:17+00:00,2026-10-07,daily,6,2026-10-10T10:00:00Z,147,Tosin,TOT,DEF,44,0,-1,0.1,124,633,2016,7985,a,,,,,,,,0.5,0,1,5,0,0,0,0,0,0,4,2,2,1,0.00,0.00,0.00,0.03,0.5,0.5
2026-10-08T02:12:17+00:00,2026-10-07,daily,6,2026-10-10T10:00:00Z,401,Marmoush,TOT,FWD,70,0,0,2.1,15434,25229,237913,166362,a,,,,,2,4,8,2.0,2,8,339,4,0,0,2,5,0,13,0,2,11,0.38,0.15,0.53,3.84,2.0,2.0
2026-10-08T02:12:17+00:00,2026-10-07,daily,6,2026-10-10T10:00:00Z,403,Sávio,TOT,MID,65,0,0,0.6,3716,8383,100628,81146,a,,2026-08-29T16:30:08.380416Z,100,100,,,2,2.5,2,8,240,3,0,0,2,3,0,11,3,0,8,0.41,0.70,1.11,2.76,2.5,2.5
2026-10-08T02:12:17+00:00,2026-10-07,daily,6,2026-10-10T10:00:00Z,455,Tonali,TOT,MID,53,-1,-2,1.8,2781,17461,48370,272068,a,,2026-09-14T14:30:07.387706Z,100,100,,,,2.5,2,14,427,5,0,0,2,8,0,42,11,11,20,0.24,0.61,0.85,7.72,2.5,2.5
2026-10-08T02:12:17+00:00,2026-10-07,daily,6,2026-10-10T10:00:00Z,494,Vicario,TOT,GKP,45,0,0,0.1,0,807,0,22190,u,Has joined Juventus on loan for the rest of the season,2026-08-19T13:55:33.193962Z,0,0,,,,0.0,0,0,0,0,0,0,0,0,0,0,0,0,0,0.00,0.00,0.00,0.00,0.0,0.0
2026-10-08T02:12:17+00:00,2026-10-07,daily,6,2026-10-10T10:00:00Z,495,Austin,TOT,GKP,40,0,0,1.0,2323,2535,29974,22220,a,,,,,,,,0.0,0,0,0,0,0,0,0,0,0,0,0,0,0,0.00,0.00,0.00,0.00,0.0,0.0
2026-10-08T02:12:17+00:00,2026-10-07,daily,6,2026-10-10T10:00:00Z,496,Kinsky,TOT,GKP,45,0,0,17.0,23572,134537,352726,816764,a,,,,,,,,4.5,2,18,450,5,0,0,2,8,12,0,10,0,34,0.00,0.00,0.00,7.78,4.5,4.5
2026-10-08T02:12:17+00:00,2026-10-07,daily,6,2026-10-10T10:00:00Z,497,Dubravka,TOT,GKP,40,0,0,17.0,35274,58817,405913,451467,a,,,,,,,,0.0,0,0,0,0,0,0,0,0,0,0,0,0,0,0.00,0.00,0.00,0.00,0.0,0.0
2026-10-08T02:12:17+00:00,2026-10-07,daily,6,2026-10-10T10:00:00Z,498,Senesi,TOT,DEF,58,0,-2,3.5,1425,24464,29569,460927,a,,,,,,,,0.0,0,3,90,1,0,0,0,3,0,16,11,5,2,0.00,0.02,0.02,3.87,0.0,0.0
2026-10-08T02:12:17+00:00,2026-10-07,daily,6,2026-10-10T10:00:00Z,499,Pedro Porro,TOT,DEF,54,0,-1,7.4,1826,88525,124600,1006273,d,Hamstring injury - 75% chance of playing,2026-09-19T12:00:08.823872Z,100,75,,1,1,0.5,1,9,198,3,0,0,1,2,0,9,6,3,5,0.37,0.16,0.53,1.68,0.5,0.4
2026-10-08T02:12:17+00:00,2026-10-07,daily,6,2026-10-10T10:00:00Z,500,Romero,TOT,DEF,50,0,0,0.1,0,324,0,16838,u,Has joined Atletico Madrid permanently,2026-08-17T13:49:05.465401Z,0,0,,,,0.0,0,0,0,0,0,0,0,0,0,0,0,0,0,0.00,0.00,0.00,0.00,0.0,0.0
2026-10-08T02:12:17+00:00,2026-10-07,daily,6,2026-10-10T10:00:00Z,502,Robertson,TOT,DEF,44,0,-1,2.5,7523,16222,69195,186898,a,,,,,,,6,5.5,4,17,366,4,0,1,1,7,0,20,15,5,15,0.13,0.43,0.56,7.05,5.5,5.5
2026-10-08T02:12:17+00:00,2026-10-07,daily,6,2026-10-10T10:00:00Z,503,Van de Ven,TOT,DEF,50,0,0,3.8,7690,23319,96146,270560,a,,2026-08-21T15:00:07.610517Z,100,100,,,,3.5,1,16,360,4,0,0,2,5,0,29,24,5,17,0.59,0.05,0.64,3.91,3.5,3.5
2026-10-08T02:12:17+00:00,2026-10-07,daily,6,2026-10-10T10:00:00Z,505,Spence,TOT,DEF,45,0,0,0.2,0,1353,0,69439,u,Has joined Internazionale permanently,2026-08-18T14:13:08.454214Z,0,0,,,,0.0,0,0,0,0,0,0,0,0,0,0,0,0,0,0.00,0.00,0.00,0.00,0.0,0.0
2026-10-08T02:12:17+00:00,2026-10-07,daily,6,2026-10-10T10:00:00Z,506,Udogie,TOT,DEF,44,0,-1,0.3,397,1852,5636,22682,a,,2026-09-11T18:00:09.092110Z,100,100,,,,0.0,0,7,86,1,0,0,1,1,0,4,3,1,4,0.00,0.23,0.23,1.17,0.0,0.0
2026-10-08T02:12:17+00:00,2026-10-07,daily,6,2026-10-10T10:00:00Z,507,Phillips,TOT,DEF,45,0,0,0.0,0,60,0,1275,u,Has joined Middlesbrough permanently,2026-08-18T14:13:08.474144Z,0,0,,,,0.0,0,0,0,0,0,0,0,0,0,0,0,0,0,0.00,0.00,0.00,0.00,0.0,0.0
2026-10-08T02:12:17+00:00,2026-10-07,daily,6,2026-10-10T10:00:00Z,508,Davies,TOT,DEF,39,-1,-1,0.9,8801,4791,20597,42234,a,,,,,,,,0.0,0,0,0,0,0,0,0,0,0,0,0,0,0,0.00,0.00,0.00,0.00,0.0,0.0
2026-10-08T02:12:17+00:00,2026-10-07,daily,6,2026-10-10T10:00:00Z,509,Byfield,TOT,DEF,40,0,0,0.1,139,277,2354,2621,a,,,,,,,,0.0,0,0,0,0,0,0,0,0,0,0,0,0,0,0.00,0.00,0.00,0.00,0.0,0.0
2026-10-08T02:12:17+00:00,2026-10-07,daily,6,2026-10-10T10:00:00Z,510,Rowswell,TOT,DEF,40,0,0,0.1,187,386,2916,3514,a,,,,,,,,0.0,0,0,0,0,0,0,0,0,0,0,0,0,0,0.00,0.00,0.00,0.00,0.0,0.0
2026-10-08T02:12:17+00:00,2026-10-07,daily,6,2026-10-10T10:00:00Z,511,Souza,TOT,DEF,40,0,0,0.2,0,1036,2555,17022,u,Has joined FC Porto on loan for the rest of the season,2026-09-01T13:24:26.858636Z,0,0,,,,0.0,0,0,0,0,0,0,0,0,0,0,0,0,0,0.00,0.00,0.00,0.00,0.0,0.0
2026-10-08T02:12:17+00:00,2026-10-07,daily,6,2026-10-10T10:00:00Z,512,Kudus,TOT,MID,65,0,0,0.2,2866,1425,13660,11380,a,,2026-07-23T12:01:23.848657Z,100,100,3,6,7,2.5,4,7,123,0,0,1,0,3,0,14,0,3,11,0.11,0.42,0.53,1.46,2.5,2.5
2026-10-08T02:12:17+00:00,2026-10-07,daily,6,2026-10-10T10:00:00Z,513,Xavi,TOT,MID,59,0,-1,0.0,62,90,354,1131,i,Knee injury - Unknown return date,2026-07-23T12:01:23.864304Z,0,0,4,2,,0.0,0,0,0,0,0,0,0,0,0,0,0,0,0,0.00,0.00,0.00,0.00,0.0,0.0
2026-10-08T02:12:17+00:00,2026-10-07,daily,6,2026-10-10T10:00:00Z,514,Tel,TOT,MID,57,-1,-3,0.2,239,2271,9171,47088,a,,,,,,3,3,0.5,0,8,257,3,0,0,1,4,0,13,1,1,11,0.21,0.23,0.44,5.55,0.5,0.5
2026-10-08T02:12:17+00:00,2026-10-07,daily,6,2026-10-10T10:00:00Z,515,Maddison,TOT,MID,63,0,-2,0.4,926,2272,5975,96525,a,,2026-08-25T14:30:07.623508Z,100,100,,5,5,1.0,1,3,59,0,0,0,0,2,0,11,3,4,4,0.06,0.04,0.10,1.03,1.0,1.0
2026-10-08T02:12:17+00:00,2026-10-07,daily,6,2026-10-10T10:00:00Z,516,Bentancur,TOT,MID,55,0,0,0.2,488,948,5252,8605,a,,,,,,,,3.5,4,15,370,4,0,0,2,6,0,60,22,15,23,0.02,0.12,0.14,5.59,3.5,3.5
2026-10-08T02:12:17+00:00,2026-10-07,daily,6,2026-10-10T10:00:00Z,517,Odobert,TOT,MID,55,0,0,0.0,34,17,136,112,i,Knee injury - Unknown return date,2026-07-23T12:01:23.879434Z,0,0,,,,0.0,0,0,0,0,0,0,0,0,0,0,0,0,0,0.00,0.00,0.00,0.00,0.0,0.0
2026-10-08T02:12:17+00:00,2026-10-07,daily,6,2026-10-10T10:00:00Z,518,P.M.Sarr,TOT,MID,49,0,-1,0.1,0,773,4138,23840,u,Has joined Juventus on loan for the rest of the season,2026-09-02T16:02:43.386849Z,0,0,,,,0.0,0,0,0,0,0,0,0,0,0,0,0,0,0,0.00,0.00,0.00,0.00,0.0,0.0
2026-10-08T02:12:17+00:00,2026-10-07,daily,6,2026-10-10T10:00:00Z,519,Gallagher,TOT,MID,53,0,-2,0.2,922,797,4778,17185,a,,,,,,,,3.0,6,9,134,2,1,0,1,2,0,18,1,8,9,0.37,0.12,0.49,2.65,3.0,3.0
2026-10-08T02:12:17+00:00,2026-10-07,daily,6,2026-10-10T10:00:00Z,520,Bergvall,TOT,MID,53,-1,-2,0.1,121,708,1901,9641,a,,,,,,,,1.0,1,3,78,1,0,0,0,2,0,13,1,3,9,0.06,0.27,0.33,2.21,1.0,1.0
2026-10-08T02:12:17+00:00,2026-10-07,daily,6,2026-10-10T10:00:00Z,521,Kulusevski,TOT,MID,65,0,0,0.0,116,86,422,751,i,Knee injury - Unknown return date,2026-07-23T12:01:23.895175Z,0,0,,,,0.0,0,0,0,0,0,0,0,0,0,0,0,0,0,0.00,0.00,0.00,0.00,0.0,0.0
2026-10-08T02:12:17+00:00,2026-10-07,daily,6,2026-10-10T10:00:00Z,522,Gray,TOT,MID,49,0,-1,0.2,535,1402,6912,13573,a,,,,,,,,2.5,2,9,307,3,0,0,1,7,0,27,10,5,12,0.23,0.05,0.28,6.11,2.5,2.5
2026-10-08T02:12:17+00:00,2026-10-07,daily,6,2026-10-10T10:00:00Z,523,Moore,TOT,MID,50,0,0,0.1,0,629,3258,17114,u,Has joined FC Köln on loan for the rest of the season,2026-09-04T12:39:48.098158Z,0,0,,,,0.0,0,3,89,1,0,0,0,4,0,3,0,1,2,0.40,0.02,0.42,3.26,0.0,0.0
2026-10-08T02:12:17+00:00,2026-10-07,daily,6,2026-10-10T10:00:00Z,524,Olusesi,TOT,MID,44,0,-1,1.0,6341,8378,55957,50223,a,,,,,,,,0.0,0,0,0,0,0,0,0,0,0,0,0,0,0,0.00,0.00,0.00,0.00,0.0,0.0
2026-10-08T02:12:17+00:00,2026-10-07,daily,6,2026-10-10T10:00:00Z,525,Fernandes,TOT,MID,57,-1,-3,0.8,562,7713,14543,125800,a,,,,,,,4,2.0,1,7,249,3,0,0,1,4,0,21,2,7,12,0.19,0.28,0.47,4.43,2.0,2.0
2026-10-08T02:12:17+00:00,2026-10-07,daily,6,2026-10-10T10:00:00Z,526,Solanke,TOT,FWD,58,0,-2,0.8,2463,6673,30010,95724,a,,,,,1,,,2.0,2,7,170,2,0,0,1,1,0,9,2,2,5,0.56,0.01,0.57,2.57,2.0,2.0
2026-10-08T02:12:17+00:00,2026-10-07,daily,6,2026-10-10T10:00:00Z,527,Richarlison,TOT,FWD,59,0,-1,0.6,0,6664,21439,269147,u,not included in squad.,2026-09-04T12:32:39.183614Z,0,0,,,,0.0,0,2,67,1,0,0,0,3,0,1,1,0,0,0.00,0.00,0.00,3.02,0.0,0.0
2026-10-08T02:12:17+00:00,2026-10-07,daily,6,2026-10-10T10:00:00Z,528,Scarlett,TOT,FWD,45,0,0,1.1,0,9122,42525,110689,u,Has joined Leyton Orient permanently,2026-09-02T16:02:43.413625Z,0,0,,,,0.0,0,0,0,0,0,0,0,0,0,0,0,0,0,0.00,0.00,0.00,0.00,0.0,0.0
2026-10-08T02:12:17+00:00,2026-10-07,daily,6,2026-10-10T10:00:00Z,578,Mudryk,TOT,MID,53,-1,-2,0.0,26,619,5446,7667,i,Ankle injury - Unknown return date,2026-09-11T18:00:09.154412Z,0,0,,,,0.0,0,1,16,0,0,0,0,0,0,0,0,0,0,0.00,0.00,0.00,0.16,0.0,0.0
2026-10-08T02:12:17+00:00,2026-10-07,daily,6,2026-10-10T10:00:00Z,601,Williams-Barnett,TOT,MID,45,0,0,0.1,189,822,10271,7105,a,,,,,,,,0.0,0,0,0,0,0,0,0,0,0,0,0,0,0,0.00,0.00,0.00,0.00,0.0,0.0
2026-10-08T02:12:17+00:00,2026-10-07,daily,6,2026-10-10T10:00:00Z,501,Danso,SUN,DEF,50,0,0,0.2,1369,941,6794,9978,a,,,,,,,,0.5,0,3,270,3,0,0,0,8,0,20,19,1,11,0.07,0.17,0.24,5.91,0.5,0.5
2026-10-08T02:12:17+00:00,2026-10-07,daily,6,2026-10-10T10:00:00Z,529,Roefs,SUN,GKP,49,0,-1,2.4,2412,14089,22261,180214,a,,,,,,,,1.0,0,11,450,5,0,0,1,10,6,0,7,0,35,0.00,0.01,0.01,8.66,1.0,1.0
2026-10-08T02:12:17+00:00,2026-10-07,daily,6,2026-10-10T10:00:00Z,530,Patterson,SUN,GKP,40,0,0,0.1,0,411,0,6063,u,Has joined Wrexham permanently,2026-08-12T14:08:03.064533Z,0,0,,,,0.0,0,0,0,0,0,0,0,0,0,0,0,0,0,0.00,0.00,0.00,0.00,0.0,0.0
2026-10-08T02:12:17+00:00,2026-10-07,daily,6,2026-10-10T10:00:00Z,531,Ellborg,SUN,GKP,44,-1,-1,0.1,160,301,1199,3382,a,,,,,,,,0.0,0,0,0,0,0,0,0,0,0,0,0,0,0,0.00,0.00,0.00,0.00,0.0,0.0
2026-10-08T02:12:17+00:00,2026-10-07,daily,6,2026-10-10T10:00:00Z,532,Ballard,SUN,DEF,49,0,-1,2.4,3714,23418,45613,323986,d,Hamstring injury - 75% chance of playing,2026-09-25T21:30:10.370384Z,,75,,,,1.0,2,14,450,5,0,0,1,10,0,49,39,10,12,0.31,0.16,0.47,8.66,1.0,0.8
2026-10-08T02:12:17+00:00,2026-10-07,daily,6,2026-10-10T10:00:00Z,533,Mukiele,SUN,DEF,54,0,-1,1.9,6088,10390,45419,131495,a,,2026-08-09T08:30:05.954750Z,100,100,,,,0.0,0,13,360,4,0,0,1,8,0,48,35,13,16,0.75,0.28,1.03,6.86,0.0,0.0
2026-10-08T02:12:17+00:00,2026-10-07,daily,6,2026-10-10T10:00:00Z,534,Hume,SUN,DEF,43,-1,-2,2.7,1427,35475,38053,403150,a,,,,,,,3,0.5,1,10,206,2,0,0,1,2,0,13,3,10,12,0.14,0.29,0.43,4.57,0.5,0.5
2026-10-08T02:12:17+00:00,2026-10-07,daily,6,2026-10-10T10:00:00Z,535,Alderete,SUN,DEF,48,-1,-2,0.2,272,1256,5026,27532,a,,2026-08-09T08:30:05.962393Z,100,100,,,,0.0,0,1,23,0,0,0,0,1,0,0,0,0,2,0.00,0.01,0.01,0.10,0.0,0.0
2026-10-08T02:12:17+00:00,2026-10-07,daily,6,2026-10-10T10:00:00Z,536,Reinildo,SUN,DEF,44,-1,-1,0.3,283,1751,4146,24551,a,,2026-09-12T21:30:09.421687Z,0,100,,,,-1.0,0,7,360,4,0,0,1,5,0,29,21,8,18,0.00,0.32,0.32,5.05,0.0,-1.0
2026-10-08T02:12:17+00:00,2026-10-07,daily,6,2026-10-10T10:00:00Z,537,Seelt,SUN,DEF,45,0,0,0.0,0,27,61,669,u,Has joined Swansea City on loan for the rest of the season,2026-08-29T00:34:52.425076Z,0,0,,,,0.0,0,0,0,0,0,0,0,0,0,0,0,0,0,0.00,0.00,0.00,0.00,0.0,0.0
2026-10-08T02:12:17+00:00,2026-10-07,daily,6,2026-10-10T10:00:00Z,538,Hjelde,SUN,DEF,40,0,0,0.0,0,180,0,2551,u,Has joined KV Mechelen on loan for the rest of the season,2026-08-12T14:08:03.081789Z,0,0,,,,0.0,0,0,0,0,0,0,0,0,0,0,0,0,0,0.00,0.00,0.00,0.00,0.0,0.0
2026-10-08T02:12:17+00:00,2026-10-07,daily,6,2026-10-10T10:00:00Z,539,O'Nien,SUN,DEF,39,-1,-1,2.5,20636,14252,35379,124152,a,,,,,,,,0.0,0,1,66,1,0,0,0,1,0,5,4,1,4,0.01,0.01,0.02,1.69,0.0,0.0
2026-10-08T02:12:17+00:00,2026-10-07,daily,6,2026-10-10T10:00:00Z,540,Masuaku,SUN,DEF,40,0,0,0.1,0,723,0,11656,u,Has joined Konyaspor permanently,2026-08-12T14:08:03.097784Z,0,0,,,,0.0,0,0,0,0,0,0,0,0,0,0,0,0,0,0.00,0.00,0.00,0.00,0.0,0.0
2026-10-08T02:12:17+00:00,2026-10-07,daily,6,2026-10-10T10:00:00Z,541,Meunier,SUN,DEF,45,0,0,0.3,2050,1132,7451,9884,a,,2026-08-16T08:30:07.830062Z,100,100,,,,2.5,3,14,396,5,0,1,1,8,0,20,16,4,15,0.34,0.58,0.92,5.94,2.5,2.5
2026-10-08T02:12:17+00:00,2026-10-07,daily,6,2026-10-10T10:00:00Z,542,E.Le Fée,SUN,MID,57,-1,-3,3.3,13929,29498,47501,656073,a,,,,,2,3,1,2.5,5,18,438,5,1,1,1,9,0,21,3,7,11,2.06,1.34,3.40,8.46,2.5,2.5
2026-10-08T02:12:17+00:00,2026-10-07,daily,6,2026-10-10T10:00:00Z,543,Diarra,SUN,MID,53,-1,-2,0.0,21,270,559,5953,i,Hamstring injury - Unknown return date,2026-08-30T16:30:08.428960Z,0,0,1,,,0.0,0,5,28,0,0,1,0,1,0,0,0,0,0,0.03,0.16,0.19,0.12,0.0,0.0
2026-10-08T02:12:17+00:00,2026-10-07,daily,6,2026-10-10T10:00:00Z,544,Xhaka,SUN,MID,55,0,0,3.6,7397,26852,131929,211941,a,,,,,,2,2,1.5,2,21,450,5,0,1,1,10,0,54,12,9,33,0.06,1.32,1.38,8.66,1.5,1.5
2026-10-08T02:12:17+00:00,2026-10-07,daily,6,2026-10-10T10:00:00Z,545,Sadiki,SUN,MID,49,0,-1,0.2,469,1611,5782,18636,a,,,,,,,,2.0,2,10,410,5,0,0,1,9,0,29,11,6,12,0.44,0.24,0.68,6.47,2.0,2.0
2026-10-08T02:12:17+00:00,2026-10-07,daily,6,2026-10-10T10:00:00Z,546,Adingra,SUN,MID,49,0,-1,0.0,0,214,240,7442,u,Has joined Ajax on loan for the rest of the season,2026-08-20T14:00:08.416985Z,0,0,,,,0.0,0,0,0,0,0,0,0,0,0,0,0,0,0,0.00,0.00,0.00,0.00,0.0,0.0
2026-10-08T02:12:17+00:00,2026-10-07,daily,6,2026-10-10T10:00:00Z,547,Mundle,SUN,MID,49,0,-1,0.0,11,60,202,678,i,Knee injury - Unknown return date,2026-09-09T14:00:08.462705Z,0,0,,,,0.0,0,1,1,0,0,0,0,0,0,1,1,0,0,0.17,0.00,0.17,0.09,0.0,0.0
2026-10-08T02:12:17+00:00,2026-10-07,daily,6,2026-10-10T10:00:00Z,548,Rigg,SUN,MID,49,0,-1,0.0,43,270,480,2890,a,,,,,,,,0.0,0,2,17,0,0,0,0,1,0,1,0,0,1,0.00,0.00,0.00,0.44,0.0,0.0
2026-10-08T02:12:17+00:00,2026-10-07,daily,6,2026-10-10T10:00:00Z,549,Talbi,SUN,MID,53,0,-2,0.1,130,646,1363,11866,a,,,,,,,,0.0,0,1,31,0,0,0,0,1,0,2,0,0,2,0.00,0.00,0.00,0.14,0.0,0.0
2026-10-08T02:12:17+00:00,2026-10-07,daily,6,2026-10-10T10:00:00Z,550,Jocelin.T,SUN,MID,50,0,0,0.0,50,51,324,432,a,,,,,,,,0.0,0,0,0,0,0,0,0,0,0,0,0,0,0,0.00,0.00,0.00,0.00,0.0,0.0
2026-10-08T02:12:17+00:00,2026-10-07,daily,6,2026-10-10T10:00:00Z,551,N.Angulo,SUN,MID,50,0,0,0.1,618,894,12897,10682,a,,,,,,1,,3.0,4,16,313,5,1,1,1,7,0,24,5,5,14,0.60,0.13,0.73,4.56,3.0,3.0
2026-10-08T02:12:17+00:00,2026-10-07,daily,6,2026-10-10T10:00:00Z,552,Brobbey,SUN,FWD,57,-1,-3,6.8,201477,62710,292935,948882,d,Hamstring injury - 75% chance of playing,2026-09-24T21:30:10.382142Z,,75,,,,9.0,17,24,399,5,3,0,1,9,0,11,1,0,10,2.94,0.11,3.05,8.18,9.0,6.8
2026-10-08T02:12:17+00:00,2026-10-07,daily,6,2026-10-10T10:00:00Z,553,Isidor,SUN,FWD,55,0,0,1.3,4560,13076,96862,88230,a,,,,,,,,1.0,1,15,117,0,1,1,0,3,0,5,0,2,3,1.49,0.01,1.50,3.78,1.0,1.0
2026-10-08T02:12:17+00:00,2026-10-07,daily,6,2026-10-10T10:00:00Z,612,Methalie,SUN,DEF,45,0,0,0.0,136,79,925,505,a,,2026-08-28T13:00:08.950445Z,100,100,,,,-0.5,-1,-1,90,1,0,0,0,5,0,3,2,1,4,0.03,0.01,0.04,2.82,-0.5,-0.5
2026-10-08T02:12:17+00:00,2026-10-07,daily,6,2026-10-10T10:00:00Z,613,Ahoka,SUN,MID,45,0,0,0.2,660,1771,25455,14469,a,,,,,,,,0.0,0,0,0,0,0,0,0,0,0,0,0,0,0,0.00,0.00,0.00,0.00,0.0,0.0
2026-10-08T02:12:17+00:00,2026-10-07,daily,6,2026-10-10T10:00:00Z,646,Fofana,SUN,MID,55,0,0,0.0,371,333,4107,1761,a,,,,,,,,1.0,1,3,60,0,0,0,0,2,0,3,0,1,2,0.39,0.01,0.40,3.25,1.0,1.0
2026-10-08T02:12:17+00:00,2026-10-07,daily,6,2026-10-10T10:00:00Z,651,J.Angulo,SUN,FWD,45,0,0,0.7,10406,8165,92274,31180,a,,,,,,,,0.0,0,0,0,0,0,0,0,0,0,0,0,0,0,0.00,0.00,0.00,0.00,0.0,0.0
