snapshot_utc,snapshot_date,snapshot_kind,event,deadline_time,id,web_name,team,position,now_cost,cost_change_event,cost_change_start,selected_by_percent,transfers_in_event,transfers_out_event,transfers_in,transfers_out,status,news,news_added,chance_of_playing_this_round,chance_of_playing_next_round,penalties_order,direct_freekicks_order,corners_and_indirect_freekicks_order,form,event_points,total_points,minutes,starts,goals_scored,assists,clean_sheets,goals_conceded,saves,defensive_contribution,clearances_blocks_interceptions,tackles,recoveries,expected_goals,expected_assists,expected_goal_involvements,expected_goals_conceded,ep_this,ep_next
2026-08-11T23:19:05+00:00,2026-08-11,daily,1,2026-08-21T17:30:00Z,1,Raya,ARS,GKP,60,0,0,31.0,0,0,0,0,a,,,,,,,,0.0,0,162,3330,37,0,0,19,26,60,0,37,1,304,0.00,0.07,0.07,27.56,,4.0
2026-08-11T23:19:05+00:00,2026-08-11,daily,1,2026-08-21T17:30:00Z,2,Arrizabalaga,ARS,GKP,50,0,0,0.1,0,0,0,0,a,,,,,,,,0.0,0,2,90,1,0,0,0,1,2,0,3,0,8,0.00,0.00,0.00,0.98,,2.6
2026-08-11T23:19:05+00:00,2026-08-11,daily,1,2026-08-21T17:30:00Z,3,Meslier,ARS,GKP,50,0,0,0.1,0,0,0,0,a,,,,,,,,0.0,0,0,0,0,11,0,0,0,0,0,0,0,0,0.00,0.00,0.00,0.00,,2.6
2026-08-11T23:19:05+00:00,2026-08-11,daily,1,2026-08-21T17:30:00Z,4,Gabriel,ARS,DEF,80,0,0,26.7,0,0,0,0,a,,,,,,,,0.0,0,209,2750,30,3,5,18,20,0,277,239,38,64,2.94,1.75,4.69,22.01,,4.0
2026-08-11T23:19:05+00:00,2026-08-11,daily,1,2026-08-21T17:30:00Z,5,J.Timber,ARS,DEF,65,0,0,0.4,0,0,0,0,i,Groin injury - Unknown return date,2026-07-23T12:01:23.272929Z,,0,,,,0.0,0,149,2452,28,3,6,13,20,0,148,82,66,97,4.71,1.53,6.24,17.45,,0.0
2026-08-11T23:19:05+00:00,2026-08-11,daily,1,2026-08-21T17:30:00Z,6,Saliba,ARS,DEF,60,0,0,0.5,0,0,0,0,i,Back injury - Unknown return date,2026-07-23T12:01:23.289376Z,,0,,,,0.0,0,137,2614,30,1,0,15,20,0,193,158,35,113,0.88,1.21,2.09,20.41,,0.0
2026-08-11T23:19:05+00:00,2026-08-11,daily,1,2026-08-21T17:30:00Z,7,Lewis-Skelly,ARS,MID,55,0,0,0.3,0,0,0,0,a,,,,,,,,0.0,0,29,697,5,0,0,2,8,0,25,17,8,30,0.10,0.20,0.30,9.01,,2.0
2026-08-11T23:19:05+00:00,2026-08-11,daily,1,2026-08-21T17:30:00Z,8,Calafiori,ARS,DEF,55,0,0,17.4,0,0,0,0,a,,,,,,,,0.0,0,109,1697,22,1,2,13,8,0,102,70,32,74,3.36,0.76,4.12,9.72,,2.5
2026-08-11T23:19:05+00:00,2026-08-11,daily,1,2026-08-21T17:30:00Z,9,Hincapie,ARS,DEF,55,0,0,4.0,0,0,0,0,a,,,,,,,,0.0,0,87,1787,20,1,2,5,19,0,171,123,48,63,0.36,1.67,2.03,17.53,,2.5
2026-08-11T23:19:05+00:00,2026-08-11,daily,1,2026-08-21T17:30:00Z,10,White,ARS,DEF,55,0,0,0.8,0,0,0,0,a,,2026-07-23T12:01:23.305229Z,,100,,,,0.0,0,45,699,9,0,1,5,6,0,53,38,15,28,0.45,0.69,1.14,8.68,,2.5
2026-08-11T23:19:05+00:00,2026-08-11,daily,1,2026-08-21T17:30:00Z,11,Mosquera,ARS,DEF,55,0,0,14.7,0,0,0,0,a,,,,,,,,0.0,0,40,986,9,0,0,3,8,0,95,63,32,35,0.10,0.63,0.73,9.04,,2.5
2026-08-11T23:19:05+00:00,2026-08-11,daily,1,2026-08-21T17:30:00Z,12,Saka,ARS,MID,95,0,0,10.7,0,0,0,0,a,,,,,1,2,7,0.0,0,157,2218,25,7,10,12,16,0,184,28,40,116,7.57,7.16,14.73,15.57,,3.2
2026-08-11T23:19:05+00:00,2026-08-11,daily,1,2026-08-21T17:30:00Z,13,Rice,ARS,MID,75,0,0,22.0,0,0,0,0,a,,,,,,1,6,0.0,0,184,3093,35,4,9,18,25,0,376,127,69,180,3.15,7.32,10.47,23.87,,2.6
2026-08-11T23:19:05+00:00,2026-08-11,daily,1,2026-08-21T17:30:00Z,14,Eze,ARS,MID,65,0,0,3.1,0,0,0,0,a,,,,,,3,,0.0,0,113,1885,22,7,3,11,14,0,120,22,19,79,5.18,2.66,7.84,14.21,,2.3
2026-08-11T23:19:05+00:00,2026-08-11,daily,1,2026-08-21T17:30:00Z,15,Ødegaard,ARS,MID,65,0,0,2.9,0,0,0,0,a,,,,,3,,9,0.0,0,74,1363,16,1,7,6,13,0,102,13,19,70,1.25,3.65,4.90,16.20,,2.3
2026-08-11T23:19:05+00:00,2026-08-11,daily,1,2026-08-21T17:30:00Z,16,Madueke,ARS,MID,65,0,0,0.4,0,0,0,0,a,,,,,,,8,0.0,0,72,1205,16,3,1,8,9,0,70,14,21,35,1.23,2.86,4.09,12.77,,2.3
2026-08-11T23:19:05+00:00,2026-08-11,daily,1,2026-08-21T17:30:00Z,17,Merino,ARS,MID,60,0,0,1.1,0,0,0,0,a,,,,,,,,0.0,0,67,1024,10,4,3,4,10,0,113,30,26,57,3.36,1.45,4.81,7.36,,2.1
2026-08-11T23:19:05+00:00,2026-08-11,daily,1,2026-08-21T17:30:00Z,18,Martinelli,ARS,MID,65,0,0,0.3,0,0,0,0,a,,,,,,,,0.0,0,57,1065,11,1,5,2,8,0,77,13,12,52,4.12,1.27,5.39,10.51,,2.3
2026-08-11T23:19:05+00:00,2026-08-11,daily,1,2026-08-21T17:30:00Z,19,Zubimendi,ARS,MID,55,0,0,1.5,0,0,0,0,a,,,,,,,,0.0,0,133,2991,34,5,1,16,25,0,307,123,68,116,2.84,2.27,5.11,26.09,,2.0
2026-08-11T23:19:05+00:00,2026-08-11,daily,1,2026-08-21T17:30:00Z,20,Dowman,ARS,MID,55,0,0,0.2,0,0,0,0,a,,,,,,,,0.0,0,16,152,1,1,1,1,1,0,16,1,2,13,1.19,0.30,1.49,0.88,,2.0
2026-08-11T23:19:05+00:00,2026-08-11,daily,1,2026-08-21T17:30:00Z,22,Nwaneri,ARS,MID,55,0,0,0.0,0,0,0,0,a,,,,,,,,0.0,0,8,165,0,0,0,1,0,0,13,1,2,10,0.23,0.08,0.31,0.73,,2.0
2026-08-11T23:19:05+00:00,2026-08-11,daily,1,2026-08-21T17:30:00Z,23,Fábio Vieira,ARS,MID,55,0,0,0.0,0,0,0,0,a,,,,,,,,0.0,0,0,0,0,0,0,0,0,0,0,0,0,0,0.00,0.00,0.00,0.00,,2.0
2026-08-11T23:19:05+00:00,2026-08-11,daily,1,2026-08-21T17:30:00Z,24,Nelson,ARS,MID,55,0,0,0.0,0,0,0,0,a,,,,,,,,0.0,0,13,118,0,0,1,0,2,0,23,3,4,16,0.71,0.11,0.82,3.02,,2.0
2026-08-11T23:19:05+00:00,2026-08-11,daily,1,2026-08-21T17:30:00Z,25,Gyökeres,ARS,FWD,75,0,0,13.1,0,0,0,0,a,,,,,2,,,0.0,0,128,2217,26,14,1,12,14,0,85,23,7,55,12.26,1.94,14.19,17.81,,2.3
2026-08-11T23:19:05+00:00,2026-08-11,daily,1,2026-08-21T17:30:00Z,26,Havertz,ARS,FWD,75,0,0,3.6,0,0,0,0,a,,,,,,,,0.0,0,36,577,7,2,3,4,4,0,32,10,8,14,3.31,0.64,3.95,6.68,,2.3
2026-08-11T23:19:05+00:00,2026-08-11,daily,1,2026-08-21T17:30:00Z,27,G.Jesus,ARS,FWD,60,0,0,0.4,0,0,0,0,a,,,,,,,,0.0,0,24,418,3,3,0,1,6,0,30,7,4,19,2.71,0.26,2.97,3.97,,2.0
2026-08-11T23:19:05+00:00,2026-08-11,daily,1,2026-08-21T17:30:00Z,452,Bruno G.,ARS,MID,70,0,0,10.3,0,0,0,0,a,,,,,,,,0.0,0,154,2456,27,9,7,6,37,0,251,55,62,134,5.59,4.96,10.55,31.99,,2.5
2026-08-11T23:19:05+00:00,2026-08-11,daily,1,2026-08-21T17:30:00Z,557,Tzolis,ARS,MID,65,0,0,3.6,0,0,0,0,a,,,,,,,4,0.0,0,0,0,0,0,0,0,0,0,0,0,0,0,0.00,0.00,0.00,0.00,,2.3
2026-08-11T23:19:05+00:00,2026-08-11,daily,1,2026-08-21T17:30:00Z,28,Martinez,AVL,GKP,50,0,0,4.9,0,0,0,0,a,,,,,,,,0.0,0,120,2835,32,0,1,7,39,95,0,27,0,272,0.00,0.08,0.08,42.92,,2.6
2026-08-11T23:19:05+00:00,2026-08-11,daily,1,2026-08-21T17:30:00Z,29,M.Bizot,AVL,GKP,45,0,0,0.1,0,0,0,0,a,,,,,,,,0.0,0,16,585,6,0,0,1,10,19,0,10,0,53,0.00,0.00,0.00,11.02,,1.9
2026-08-11T23:19:05+00:00,2026-08-11,daily,1,2026-08-21T17:30:00Z,30,Digne,AVL,DEF,45,0,0,1.1,0,0,0,0,u,Has joined Paris Saint-Germain permanently,2026-08-10T14:03:30.089007Z,,0,,,,0.0,0,97,1842,21,0,7,7,23,0,113,77,36,63,0.67,3.28,3.95,27.79,,0.0
2026-08-11T23:19:05+00:00,2026-08-11,daily,1,2026-08-21T17:30:00Z,31,Konsa,AVL,DEF,45,0,0,16.3,0,0,0,0,a,,,,,,,,0.0,0,100,3035,34,0,1,9,44,0,196,174,22,108,1.27,0.59,1.86,48.93,,1.7
2026-08-11T23:19:05+00:00,2026-08-11,daily,1,2026-08-21T17:30:00Z,32,Cash,AVL,DEF,45,0,0,8.0,0,0,0,0,a,,,,,,,3,0.0,0,117,3016,34,3,3,8,38,0,186,120,66,88,1.14,2.94,4.08,45.45,,1.7
2026-08-11T23:19:05+00:00,2026-08-11,daily,1,2026-08-21T17:30:00Z,33,Mings,AVL,DEF,45,0,0,0.2,0,0,0,0,a,,,,,,,,0.0,0,50,1322,15,0,1,3,23,0,107,102,5,47,1.30,0.42,1.72,23.37,,1.7
2026-08-11T23:19:05+00:00,2026-08-11,daily,1,2026-08-21T17:30:00Z,34,Pau,AVL,DEF,45,0,0,0.3,0,0,0,0,a,,,,,,,,0.0,0,64,1673,18,0,2,5,19,0,112,90,22,79,1.33,0.39,1.72,22.81,,1.7
2026-08-11T23:19:05+00:00,2026-08-11,daily,1,2026-08-21T17:30:00Z,35,Bogarde,AVL,MID,50,0,0,0.1,0,0,0,0,a,,,,,,,,0.0,0,40,1042,11,0,0,2,17,0,60,34,26,43,0.00,0.20,0.20,15.38,,1.5
2026-08-11T23:19:05+00:00,2026-08-11,daily,1,2026-08-21T17:30:00Z,36,Maatsen,AVL,DEF,45,0,0,0.6,0,0,0,0,a,,,,,,,,0.0,0,54,1590,17,0,1,2,27,0,128,85,43,82,1.26,2.39,3.65,26.64,,1.7
2026-08-11T23:19:05+00:00,2026-08-11,daily,1,2026-08-21T17:30:00Z,37,Lindelöf,AVL,DEF,45,0,0,0.2,0,0,0,0,a,,,,,,,,0.0,0,29,942,11,0,1,1,15,0,54,47,7,19,0.28,0.10,0.38,15.93,,1.7
2026-08-11T23:19:05+00:00,2026-08-11,daily,1,2026-08-21T17:30:00Z,38,A.García,AVL,DEF,40,0,0,1.6,0,0,0,0,a,,,,,,,,0.0,0,5,83,1,0,0,0,3,0,10,5,5,4,0.00,0.01,0.01,2.74,,1.0
2026-08-11T23:19:05+00:00,2026-08-11,daily,1,2026-08-21T17:30:00Z,39,Nedeljkovic,AVL,DEF,40,0,0,0.7,0,0,0,0,a,,,,,,,,0.0,0,0,0,0,0,0,0,0,0,0,0,0,0,0.00,0.00,0.00,0.00,,1.0
2026-08-11T23:19:05+00:00,2026-08-11,daily,1,2026-08-21T17:30:00Z,41,Buendía,AVL,MID,60,0,0,1.0,0,0,0,0,a,,,,,1,1,,0.0,0,102,1753,21,6,2,3,24,0,197,39,49,109,3.38,2.23,5.61,28.03,,2.1
2026-08-11T23:19:05+00:00,2026-08-11,daily,1,2026-08-21T17:30:00Z,42,Guessand,AVL,MID,55,0,0,0.0,0,0,0,0,a,,,,,,,,0.0,0,44,909,9,1,3,2,15,0,83,16,24,43,1.56,0.85,2.41,14.48,,2.0
2026-08-11T23:19:05+00:00,2026-08-11,daily,1,2026-08-21T17:30:00Z,44,Bailey,AVL,MID,55,0,0,0.1,0,0,0,0,a,,,,,,,,0.0,0,21,450,3,0,2,0,9,0,48,7,10,31,0.50,1.46,1.96,7.03,,2.0
2026-08-11T23:19:05+00:00,2026-08-11,daily,1,2026-08-21T17:30:00Z,45,McGinn,AVL,MID,55,0,0,2.7,0,0,0,0,a,,,,,,,4,0.0,0,103,2136,28,5,4,8,28,0,150,32,29,89,3.00,4.11,7.11,33.08,,2.0
2026-08-11T23:19:05+00:00,2026-08-11,daily,1,2026-08-21T17:30:00Z,46,Barkley,AVL,MID,50,0,0,0.2,0,0,0,0,a,,,,,,,,0.0,0,56,844,7,3,2,1,15,0,74,15,14,45,1.58,1.26,2.84,13.20,,1.5
2026-08-11T23:19:05+00:00,2026-08-11,daily,1,2026-08-21T17:30:00Z,47,Kamara,AVL,MID,50,0,0,0.1,0,0,0,0,a,,2026-07-23T12:01:23.337269Z,,100,,,,0.0,0,61,1410,17,1,3,5,15,0,149,46,38,65,0.53,0.84,1.36,20.80,,1.5
2026-08-11T23:19:05+00:00,2026-08-11,daily,1,2026-08-21T17:30:00Z,48,Onana,AVL,MID,50,0,0,0.0,0,0,0,0,i,Knee injury - Unknown return date,2026-07-23T12:01:23.352497Z,,0,,,,0.0,0,76,1755,21,2,0,6,26,0,219,99,48,72,1.68,0.69,2.37,28.53,,0.0
2026-08-11T23:19:05+00:00,2026-08-11,daily,1,2026-08-21T17:30:00Z,49,Iling Jr,AVL,MID,50,0,0,0.0,0,0,0,0,a,,,,,,,,0.0,0,0,0,0,0,0,0,0,0,0,0,0,0,0.00,0.00,0.00,0.00,,1.5
2026-08-11T23:19:05+00:00,2026-08-11,daily,1,2026-08-21T17:30:00Z,50,Burrowes,AVL,MID,45,0,0,0.8,0,0,0,0,a,,,,,,,,0.0,0,1,16,0,0,0,0,1,0,1,0,0,1,0.00,0.00,0.00,0.90,,1.0
2026-08-11T23:19:05+00:00,2026-08-11,daily,1,2026-08-21T17:30:00Z,51,George Hemmings,AVL,MID,45,0,0,0.3,0,0,0,0,a,,,,,,,,0.0,0,2,25,0,0,0,0,0,0,1,0,0,1,0.04,0.01,0.05,0.61,,1.0
2026-08-11T23:19:05+00:00,2026-08-11,daily,1,2026-08-21T17:30:00Z,52,Alysson,AVL,MID,50,0,0,0.0,0,0,0,0,a,,,,,,,,0.0,0,3,47,0,0,0,0,2,0,4,1,0,3,0.05,0.05,0.10,1.87,,1.5
2026-08-11T23:19:05+00:00,2026-08-11,daily,1,2026-08-21T17:30:00Z,53,Manzambi,AVL,MID,60,0,0,2.0,0,0,0,0,a,,,,,,,,0.0,0,0,0,0,0,0,0,0,0,0,0,0,0,0.00,0.00,0.00,0.00,,2.1
2026-08-11T23:19:05+00:00,2026-08-11,daily,1,2026-08-21T17:30:00Z,54,Gomes,AVL,MID,55,0,0,0.3,0,0,0,0,a,,,,,,,,0.0,0,85,2207,25,1,1,4,41,0,387,87,107,193,1.15,1.34,2.49,48.60,,2.0
2026-08-11T23:19:05+00:00,2026-08-11,daily,1,2026-08-21T17:30:00Z,55,Watkins,AVL,FWD,80,0,0,12.7,0,0,0,0,a,,,,,2,,,0.0,0,167,2833,33,16,4,9,38,0,94,23,22,49,15.40,1.18,16.58,43.39,,2.5
2026-08-11T23:19:05+00:00,2026-08-11,daily,1,2026-08-21T17:30:00Z,56,Abraham,AVL,FWD,55,0,0,0.2,0,0,0,0,a,,2026-07-23T12:01:23.368701Z,,100,,,,0.0,0,23,278,2,2,0,0,8,0,13,3,4,6,2.05,0.36,2.41,5.12,,1.8
2026-08-11T23:19:05+00:00,2026-08-11,daily,1,2026-08-21T17:30:00Z,160,Garnacho,AVL,MID,60,0,0,0.9,0,0,0,0,a,,,,,,,,0.0,0,56,1261,14,1,4,4,20,0,71,10,16,45,3.44,3.68,7.12,20.52,,2.1
2026-08-11T23:19:05+00:00,2026-08-11,daily,1,2026-08-21T17:30:00Z,57,Petrović,BOU,GKP,45,0,0,3.7,0,0,0,0,a,,,,,,,,0.0,0,124,3420,38,0,0,11,54,109,0,62,0,285,0.00,0.00,0.00,56.72,,1.9
2026-08-11T23:19:05+00:00,2026-08-11,daily,1,2026-08-21T17:30:00Z,58,Forster,BOU,GKP,40,0,0,3.1,0,0,0,0,a,,,,,,,,0.0,0,0,0,0,0,0,0,0,0,0,0,0,0,0.00,0.00,0.00,0.00,,1.0
2026-08-11T23:19:05+00:00,2026-08-11,daily,1,2026-08-21T17:30:00Z,59,Dennis,BOU,GKP,40,0,0,0.2,0,0,0,0,a,,,,,,,,0.0,0,0,0,0,0,0,0,0,0,0,0,0,0,0.00,0.00,0.00,0.00,,1.0
2026-08-11T23:19:05+00:00,2026-08-11,daily,1,2026-08-21T17:30:00Z,60,Hill,BOU,DEF,55,0,0,1.2,0,0,0,0,a,,,,,,,,0.0,0,110,2102,22,0,3,8,24,0,260,221,39,74,0.89,1.16,2.04,33.42,,2.5
2026-08-11T23:19:05+00:00,2026-08-11,daily,1,2026-08-21T17:30:00Z,61,Truffert,BOU,DEF,55,0,0,4.8,0,0,0,0,a,,,,,,,,0.0,0,165,3378,38,1,6,11,51,0,301,199,102,188,1.35,3.07,4.42,54.42,,2.5
2026-08-11T23:19:05+00:00,2026-08-11,daily,1,2026-08-21T17:30:00Z,62,Diakité,BOU,DEF,50,0,0,0.2,0,0,0,0,a,,,,,,,,0.0,0,46,1275,15,0,0,4,27,0,117,97,20,48,0.02,0.19,0.21,22.47,,2.2
2026-08-11T23:19:05+00:00,2026-08-11,daily,1,2026-08-21T17:30:00Z,63,Milosavljević,BOU,DEF,50,0,0,0.1,0,0,0,0,i,Unspecified injury - Unknown return date,2026-08-06T10:00:10.456051Z,,0,,,,0.0,0,19,367,4,0,0,1,6,0,39,34,5,13,0.15,0.19,0.34,4.42,,0.0
2026-08-11T23:19:05+00:00,2026-08-11,daily,1,2026-08-21T17:30:00Z,64,Smith,BOU,DEF,45,0,0,0.1,0,0,0,0,a,,,,,,,,0.0,0,58,1073,14,0,2,6,16,0,70,55,15,29,0.00,0.23,0.23,18.18,,1.7
2026-08-11T23:19:05+00:00,2026-08-11,daily,1,2026-08-21T17:30:00Z,65,J.Araujo,BOU,DEF,45,0,0,0.1,0,0,0,0,i,Thigh injury - Unknown return date,2026-08-09T08:00:05.645826Z,,0,,,,0.0,0,0,0,0,0,0,0,0,0,0,0,0,0,0.00,0.00,0.00,0.00,,0.0
2026-08-11T23:19:05+00:00,2026-08-11,daily,1,2026-08-21T17:30:00Z,66,Soler,BOU,DEF,40,0,0,0.6,0,0,0,0,a,,,,,,,,0.0,0,3,34,0,0,0,0,2,0,1,0,1,4,0.00,0.00,0.00,1.62,,1.0
2026-08-11T23:19:05+00:00,2026-08-11,daily,1,2026-08-21T17:30:00Z,67,Rayan,BOU,MID,65,0,0,3.4,0,0,0,0,a,,,,,,,,0.0,0,67,1110,13,5,2,6,10,0,82,28,11,43,2.67,1.84,4.51,19.14,,2.3
2026-08-11T23:19:05+00:00,2026-08-11,daily,1,2026-08-21T17:30:00Z,68,Tavernier,BOU,MID,60,0,0,1.9,0,0,0,0,a,,,,,3,1,7,0.0,0,137,2732,31,7,4,11,44,0,251,62,39,150,9.06,4.60,13.66,41.06,,2.1
2026-08-11T23:19:05+00:00,2026-08-11,daily,1,2026-08-21T17:30:00Z,69,Scott,BOU,MID,60,0,0,1.6,0,0,0,0,a,,,,,,4,8,0.0,0,136,2848,34,3,2,11,41,0,386,133,60,193,3.80,2.94,6.74,47.02,,2.1
2026-08-11T23:19:05+00:00,2026-08-11,daily,1,2026-08-21T17:30:00Z,70,Kluivert,BOU,MID,60,0,0,1.1,0,0,0,0,a,,,,,2,2,9,0.0,0,41,945,10,2,0,4,19,0,65,9,10,46,2.31,1.55,3.86,17.96,,2.1
2026-08-11T23:19:05+00:00,2026-08-11,daily,1,2026-08-21T17:30:00Z,71,Cook,BOU,MID,50,0,0,0.1,0,0,0,0,a,,,,,,,11,0.0,0,40,872,8,0,1,1,19,0,143,56,25,62,0.07,0.52,0.59,14.00,,1.5
2026-08-11T23:19:05+00:00,2026-08-11,daily,1,2026-08-21T17:30:00Z,72,Gannon-Doak,BOU,MID,50,0,0,0.1,0,0,0,0,a,,,,,,,,0.0,0,11,105,0,0,1,0,1,0,13,1,6,6,0.26,0.13,0.39,4.74,,1.5
2026-08-11T23:19:05+00:00,2026-08-11,daily,1,2026-08-21T17:30:00Z,73,Adams,BOU,MID,50,0,0,0.7,0,0,0,0,a,,,,,,,,0.0,0,77,1769,21,2,2,7,28,0,232,83,53,96,0.63,0.63,1.26,27.18,,1.5
2026-08-11T23:19:05+00:00,2026-08-11,daily,1,2026-08-21T17:30:00Z,74,Brooks,BOU,MID,50,0,0,0.2,0,0,0,0,a,,,,,,3,10,0.0,0,59,1188,13,1,3,5,20,0,94,19,19,56,5.81,3.40,9.21,20.25,,1.5
2026-08-11T23:19:05+00:00,2026-08-11,daily,1,2026-08-21T17:30:00Z,75,Christie,BOU,MID,50,0,0,0.0,0,0,0,0,s,Suspended until 29 Aug,2026-07-24T17:30:10.035483Z,,0,,,12,0.0,0,47,978,9,2,1,3,14,0,123,34,27,62,1.81,0.79,2.60,19.14,,0.0
2026-08-11T23:19:05+00:00,2026-08-11,daily,1,2026-08-21T17:30:00Z,76,Tóth.A,BOU,MID,50,0,0,0.0,0,0,0,0,a,,,,,,,,0.0,0,8,135,2,0,0,0,3,0,17,8,1,8,0.11,0.33,0.44,4.90,,1.5
2026-08-11T23:19:05+00:00,2026-08-11,daily,1,2026-08-21T17:30:00Z,77,Adli,BOU,MID,50,0,0,0.2,0,0,0,0,a,,,,,,,,0.0,0,67,1074,10,3,2,3,17,0,123,26,36,61,2.60,1.62,4.22,18.22,,1.5
2026-08-11T23:19:05+00:00,2026-08-11,daily,1,2026-08-21T17:30:00Z,78,Kroupi.Jr,BOU,MID,75,0,0,3.3,0,0,0,0,i,Foot injury - Unknown return date,2026-07-29T17:30:09.796802Z,,0,1,,,0.0,0,113,1663,21,13,0,10,21,0,112,42,9,61,8.31,1.51,9.82,25.91,,0.0
2026-08-11T23:19:05+00:00,2026-08-11,daily,1,2026-08-21T17:30:00Z,79,Evanilson,BOU,FWD,60,0,0,2.1,0,0,0,0,a,,,,,,,,0.0,0,115,2741,32,6,7,11,40,0,135,42,13,80,10.64,1.48,12.12,39.02,,2.0
2026-08-11T23:19:05+00:00,2026-08-11,daily,1,2026-08-21T17:30:00Z,80,Enes Ünal,BOU,FWD,55,0,0,0.2,0,0,0,0,a,,,,,,5,,0.0,0,27,214,0,1,0,0,3,0,23,15,1,7,2.00,0.07,2.07,6.16,,1.8
2026-08-11T23:19:05+00:00,2026-08-11,daily,1,2026-08-21T17:30:00Z,81,Rodríguez,BOU,FWD,60,0,0,0.3,0,0,0,0,a,,,,,,,,0.0,0,0,0,0,0,0,0,0,0,0,0,0,0,0.00,0.00,0.00,0.00,,2.0
2026-08-11T23:19:05+00:00,2026-08-11,daily,1,2026-08-21T17:30:00Z,566,Silva,BOU,DEF,50,0,0,0.2,0,0,0,0,a,,,,,,,,0.0,0,0,0,0,0,0,0,0,0,0,0,0,0,0.00,0.00,0.00,0.00,,2.2
2026-08-11T23:19:05+00:00,2026-08-11,daily,1,2026-08-21T17:30:00Z,573,Sanchez,BOU,DEF,45,0,0,0.1,0,0,0,0,a,,,,,,,,0.0,0,0,0,0,0,0,0,0,0,0,0,0,0,0.00,0.00,0.00,0.00,,1.7
2026-08-11T23:19:05+00:00,2026-08-11,daily,1,2026-08-21T17:30:00Z,82,Kelleher,BRE,GKP,50,0,0,5.7,0,0,0,0,a,,,,,,,,0.0,0,143,3330,37,0,0,10,49,109,0,48,1,301,0.00,0.22,0.22,53.48,,2.6
2026-08-11T23:19:05+00:00,2026-08-11,daily,1,2026-08-21T17:30:00Z,83,Valdimarsson,BRE,GKP,45,0,0,0.1,0,0,0,0,a,,,,,,,,0.0,0,1,90,1,0,0,0,3,1,0,0,0,7,0.00,0.00,0.00,0.97,,1.9
2026-08-11T23:19:05+00:00,2026-08-11,daily,1,2026-08-21T17:30:00Z,84,Collins,BRE,DEF,55,0,0,2.0,0,0,0,0,a,,,,,,,,0.0,0,129,2971,32,1,2,9,44,0,319,287,32,139,2.24,1.71,3.95,47.52,,2.5
2026-08-11T23:19:05+00:00,2026-08-11,daily,1,2026-08-21T17:30:00Z,85,Van den Berg,BRE,DEF,50,0,0,0.7,0,0,0,0,a,,,,,,,,0.0,0,113,2761,30,0,3,8,41,0,272,249,23,109,3.36,1.45,4.81,41.59,,2.2
2026-08-11T23:19:05+00:00,2026-08-11,daily,1,2026-08-21T17:30:00Z,86,Lewis-Potter,BRE,MID,55,0,0,0.5,0,0,0,0,a,,,,,,1,,0.0,0,115,1960,22,3,4,9,32,0,74,51,23,96,3.01,2.51,5.52,33.74,,2.0
2026-08-11T23:19:05+00:00,2026-08-11,daily,1,2026-08-21T17:30:00Z,87,Ajer,BRE,DEF,45,0,0,1.7,0,0,0,0,a,,,,,,,,0.0,0,76,1805,20,0,2,5,32,0,192,155,37,59,0.69,0.73,1.42,31.51,,1.7
2026-08-11T23:19:05+00:00,2026-08-11,daily,1,2026-08-21T17:30:00Z,88,Kayode,BRE,DEF,45,0,0,3.7,0,0,0,0,a,,,,,,,,0.0,0,113,3258,37,1,2,10,49,0,219,151,68,163,1.28,2.89,4.17,52.65,,1.7
2026-08-11T23:19:05+00:00,2026-08-11,daily,1,2026-08-21T17:30:00Z,89,Henry,BRE,DEF,45,0,0,0.2,0,0,0,0,a,,,,,,,,0.0,0,52,1322,14,0,2,4,22,0,68,53,15,72,0.18,0.54,0.72,23.91,,1.7
2026-08-11T23:19:05+00:00,2026-08-11,daily,1,2026-08-21T17:30:00Z,90,Hickey,BRE,DEF,45,0,0,0.1,0,0,0,0,a,,,,,,,,0.0,0,37,679,8,0,0,2,9,0,51,36,15,35,0.44,0.17,0.61,9.03,,1.7
2026-08-11T23:19:05+00:00,2026-08-11,daily,1,2026-08-21T17:30:00Z,91,Pinnock,BRE,DEF,45,0,0,0.1,0,0,0,0,a,,,,,,,,0.0,0,14,318,4,0,0,1,5,0,42,37,5,11,0.01,0.06,0.07,3.70,,1.7
2026-08-11T23:19:05+00:00,2026-08-11,daily,1,2026-08-21T17:30:00Z,92,Ji-soo,BRE,DEF,45,0,0,0.0,0,0,0,0,a,,,,,,,,0.0,0,0,0,0,0,0,0,0,0,0,0,0,0,0.00,0.00,0.00,0.00,,1.7
2026-08-11T23:19:05+00:00,2026-08-11,daily,1,2026-08-21T17:30:00Z,93,Schuster,BRE,DEF,45,0,0,0.1,0,0,0,0,a,,,,,,,,0.0,0,0,0,0,0,0,0,0,0,0,0,0,0,0.00,0.00,0.00,0.00,,1.7
2026-08-11T23:19:05+00:00,2026-08-11,daily,1,2026-08-21T17:30:00Z,94,Schade,BRE,MID,60,0,0,2.0,0,0,0,0,a,,,,,2,,,0.0,0,125,2744,32,8,5,11,34,0,190,54,42,94,12.08,2.05,14.13,40.05,,2.1
2026-08-11T23:19:05+00:00,2026-08-11,daily,1,2026-08-21T17:30:00Z,95,O.Dango,BRE,MID,65,0,0,1.4,0,0,0,0,a,,,,,,,8,0.0,0,136,2271,25,7,8,6,35,0,185,76,24,85,7.94,4.12,12.06,34.75,,2.3
2026-08-11T23:19:05+00:00,2026-08-11,daily,1,2026-08-21T17:30:00Z,96,Damsgaard,BRE,MID,55,0,0,0.7,0,0,0,0,a,,,,,,3,6,0.0,0,113,2046,24,4,4,5,32,0,241,45,57,139,2.61,5.43,8.04,31.55,,2.0
2026-08-11T23:19:05+00:00,2026-08-11,daily,1,2026-08-21T17:30:00Z,97,Jensen,BRE,MID,55,0,0,0.2,0,0,0,0,a,,,,,3,2,5,0.0,0,98,2239,26,3,2,9,33,0,220,62,40,118,2.21,6.06,8.27,35.72,,2.0
2026-08-11T23:19:05+00:00,2026-08-11,daily,1,2026-08-21T17:30:00Z,98,Janelt,BRE,MID,50,0,0,0.1,0,0,0,0,a,,,,,,,7,0.0,0,74,1434,15,1,4,5,21,0,183,71,27,85,0.82,2.27,3.09,26.62,,1.5
2026-08-11T23:19:05+00:00,2026-08-11,daily,1,2026-08-21T17:30:00Z,99,Milambo,BRE,MID,50,0,0,0.0,0,0,0,0,d,Knee injury - 75% chance of playing,2026-07-23T12:01:23.384798Z,,75,,,,0.0,0,1,45,1,0,0,0,3,0,4,0,2,2,0.00,0.01,0.01,1.49,,1.1
2026-08-11T23:19:05+00:00,2026-08-11,daily,1,2026-08-21T17:30:00Z,100,Carvalho,BRE,MID,50,0,0,0.0,0,0,0,0,a,,2026-07-23T12:01:23.400917Z,,100,,,,0.0,0,13,100,1,1,0,0,4,0,8,0,3,5,0.70,0.03,0.73,2.08,,1.5
2026-08-11T23:19:05+00:00,2026-08-11,daily,1,2026-08-21T17:30:00Z,102,Yarmoliuk,BRE,MID,50,0,0,1.5,0,0,0,0,a,,,,,,,,0.0,0,104,2652,30,1,3,8,42,0,338,83,69,186,1.22,1.39,2.61,40.31,,1.5
2026-08-11T23:19:05+00:00,2026-08-11,daily,1,2026-08-21T17:30:00Z,103,Dasilva,BRE,MID,50,0,0,0.0,0,0,0,0,a,,,,,,,,0.0,0,2,2,0,0,0,0,0,0,1,0,0,1,0.08,0.00,0.08,0.05,,1.5
2026-08-11T23:19:05+00:00,2026-08-11,daily,1,2026-08-21T17:30:00Z,105,Anthony,BRE,MID,60,0,0,0.2,0,0,0,0,a,,,,,,,,0.0,0,0,0,0,0,0,0,0,0,232,49,42,141,0.00,0.00,0.00,0.00,,2.1
2026-08-11T23:19:05+00:00,2026-08-11,daily,1,2026-08-21T17:30:00Z,106,Thiago,BRE,FWD,80,0,0,16.0,0,0,0,0,a,,,,,1,,,0.0,0,181,3282,37,22,1,10,50,0,214,84,37,93,20.60,1.83,22.43,53.17,,2.5
2026-08-11T23:19:05+00:00,2026-08-11,daily,1,2026-08-21T17:30:00Z,107,Furo,BRE,FWD,45,0,0,0.8,0,0,0,0,a,,,,,,,,0.0,0,1,1,0,0,0,0,0,0,0,0,0,0,0.00,0.00,0.00,0.02,,1.0
2026-08-11T23:19:05+00:00,2026-08-11,daily,1,2026-08-21T17:30:00Z,108,Wilson,BRE,FWD,55,0,0,0.4,0,0,0,0,a,,,,,,,,0.0,0,0,0,0,0,0,0,0,0,41,10,4,27,0.00,0.00,0.00,0.00,,1.8
2026-08-11T23:19:05+00:00,2026-08-11,daily,1,2026-08-21T17:30:00Z,565,Sangaré,BRE,MID,55,0,0,1.4,0,0,0,0,a,,,,,,,,0.0,0,0,0,0,0,0,0,0,0,0,0,0,0,0.00,0.00,0.00,0.00,,2.0
2026-08-11T23:19:05+00:00,2026-08-11,daily,1,2026-08-21T17:30:00Z,109,Verbruggen,BHA,GKP,45,0,0,17.7,0,0,0,0,a,,,,,,,,0.0,0,130,3420,38,0,0,10,46,106,0,32,1,332,0.00,0.06,0.06,49.06,,1.9
2026-08-11T23:19:05+00:00,2026-08-11,daily,1,2026-08-21T17:30:00Z,111,Steele,BHA,GKP,40,0,0,4.4,0,0,0,0,a,,,,,,,,0.0,0,0,0,0,0,0,0,0,0,0,0,0,0,0.00,0.00,0.00,0.00,,1.0
2026-08-11T23:19:05+00:00,2026-08-11,daily,1,2026-08-21T17:30:00Z,113,F.Kadıoğlu,BHA,DEF,45,0,0,3.0,0,0,0,0,a,,,,,,,8,0.0,0,118,3130,34,1,2,10,41,0,170,113,57,130,2.06,3.31,5.37,44.61,,1.7
2026-08-11T23:19:05+00:00,2026-08-11,daily,1,2026-08-21T17:30:00Z,114,Boscagli,BHA,DEF,45,0,0,0.2,0,0,0,0,a,,,,,,,,0.0,0,39,799,9,0,1,3,10,0,78,62,16,54,0.05,0.47,0.52,10.87,,1.7
2026-08-11T23:19:05+00:00,2026-08-11,daily,1,2026-08-21T17:30:00Z,115,De Cuyper,BHA,DEF,45,0,0,1.3,0,0,0,0,a,,,,,,3,4,0.0,0,84,1404,17,2,3,5,23,0,64,42,22,68,1.66,4.08,5.74,24.09,,1.7
2026-08-11T23:19:05+00:00,2026-08-11,daily,1,2026-08-21T17:30:00Z,116,Dunk,BHA,DEF,45,0,0,0.8,0,0,0,0,a,,,,,,2,,0.0,0,100,2837,31,1,1,7,40,0,231,196,35,135,1.83,0.56,2.39,41.90,,1.7
2026-08-11T23:19:05+00:00,2026-08-11,daily,1,2026-08-21T17:30:00Z,117,Coppola,BHA,DEF,45,0,0,0.0,0,0,0,0,a,,,,,,,,0.0,0,10,193,2,0,0,1,3,0,18,16,2,6,0.00,0.01,0.01,4.52,,1.7
2026-08-11T23:19:05+00:00,2026-08-11,daily,1,2026-08-21T17:30:00Z,118,Igor,BHA,DEF,45,0,0,0.1,0,0,0,0,a,,,,,,,,0.0,0,6,103,1,0,0,0,3,0,13,13,0,3,0.00,0.00,0.00,4.66,,1.7
2026-08-11T23:19:05+00:00,2026-08-11,daily,1,2026-08-21T17:30:00Z,119,Costinha,BHA,DEF,45,0,0,0.0,0,0,0,0,a,,,,,,,,0.0,0,0,0,0,0,0,0,0,0,0,0,0,0,0.00,0.00,0.00,0.00,,1.7
2026-08-11T23:19:05+00:00,2026-08-11,daily,1,2026-08-21T17:30:00Z,120,Svoboda,BHA,DEF,50,0,0,0.1,0,0,0,0,a,,,,,,,,0.0,0,0,0,0,0,0,0,0,0,0,0,0,0,0.00,0.00,0.00,0.00,,2.2
2026-08-11T23:19:05+00:00,2026-08-11,daily,1,2026-08-21T17:30:00Z,121,Mitoma,BHA,MID,60,0,0,0.1,0,0,0,0,i,Hamstring injury - Unknown return date,2026-07-24T18:30:10.661894Z,,0,,,,0.0,0,62,1714,19,3,1,5,20,0,107,27,18,62,4.04,2.74,6.78,23.76,,0.0
2026-08-11T23:19:05+00:00,2026-08-11,daily,1,2026-08-21T17:30:00Z,122,Minteh,BHA,MID,60,0,0,0.7,0,0,0,0,a,,,,,,,7,0.0,0,117,2389,26,3,8,11,33,0,185,33,56,96,3.81,5.06,8.87,34.09,,2.1
2026-08-11T23:19:05+00:00,2026-08-11,daily,1,2026-08-21T17:30:00Z,123,Hinshelwood,BHA,MID,60,0,0,0.2,0,0,0,0,a,,,,,,,,0.0,0,91,1736,20,4,5,7,23,0,114,35,18,61,4.94,2.34,7.28,27.83,,2.1
2026-08-11T23:19:05+00:00,2026-08-11,daily,1,2026-08-21T17:30:00Z,124,Groß,BHA,MID,55,0,0,10.2,0,0,0,0,a,,,,,1,,6,0.0,0,78,1636,18,1,6,6,17,0,145,40,29,76,1.39,3.95,5.34,20.36,,2.0
2026-08-11T23:19:05+00:00,2026-08-11,daily,1,2026-08-21T17:30:00Z,125,Georginio,BHA,FWD,55,0,0,1.0,0,0,0,0,a,,,,,,,,0.0,0,87,1776,20,3,5,7,20,0,131,38,32,61,2.90,2.90,5.80,21.59,,1.8
2026-08-11T23:19:05+00:00,2026-08-11,daily,1,2026-08-21T17:30:00Z,126,O'Riley,BHA,MID,55,0,0,0.1,0,0,0,0,a,,,,,2,,,0.0,0,16,202,2,1,0,1,3,0,10,3,5,2,1.21,0.18,1.39,2.53,,2.0
2026-08-11T23:19:05+00:00,2026-08-11,daily,1,2026-08-21T17:30:00Z,127,Gomez,BHA,MID,50,0,0,2.2,0,0,0,0,a,,,,,,4,,0.0,0,97,2117,26,5,1,8,29,0,238,49,77,112,6.24,1.72,7.96,29.35,,1.5
2026-08-11T23:19:05+00:00,2026-08-11,daily,1,2026-08-21T17:30:00Z,128,Buonanotte,BHA,MID,50,0,0,0.0,0,0,0,0,u,Has joined Elche on loan for the rest of the season,2026-08-10T14:03:07.561436Z,,0,,,,0.0,0,3,81,1,0,0,0,4,0,6,2,1,3,0.06,0.28,0.34,2.51,,0.0
2026-08-11T23:19:05+00:00,2026-08-11,daily,1,2026-08-21T17:30:00Z,129,Ayari,BHA,MID,55,0,0,0.8,0,0,0,0,a,,,,,,1,9,0.0,0,98,1921,20,3,4,6,24,0,225,54,47,124,2.70,1.15,3.85,26.85,,2.0
2026-08-11T23:19:05+00:00,2026-08-11,daily,1,2026-08-21T17:30:00Z,130,Wieffer,BHA,DEF,50,0,0,0.3,0,0,0,0,a,,,,,,,,0.0,0,94,1901,23,2,4,6,26,0,269,101,66,102,1.92,1.86,3.78,23.95,,2.2
2026-08-11T23:19:05+00:00,2026-08-11,daily,1,2026-08-21T17:30:00Z,131,Baleba,BHA,MID,50,0,0,0.4,0,0,0,0,i,Ankle injury - Expected back 23 Aug,2026-08-06T16:00:10.997714Z,,0,,,,0.0,0,56,1646,23,0,0,7,19,0,209,67,37,105,0.78,0.72,1.50,20.40,,0.0
2026-08-11T23:19:05+00:00,2026-08-11,daily,1,2026-08-21T17:30:00Z,132,Howell,BHA,MID,45,0,0,0.3,0,0,0,0,a,,,,,,,,0.0,0,4,92,1,0,0,0,2,0,7,3,1,3,0.00,0.03,0.03,1.04,,1.0
2026-08-11T23:19:05+00:00,2026-08-11,daily,1,2026-08-21T17:30:00Z,133,Watson,BHA,MID,50,0,0,0.0,0,0,0,0,u,Has joined Leicester City on loan for the rest of the season,2026-08-03T14:05:44.459483Z,,0,,,,0.0,0,5,57,0,0,0,0,2,0,5,0,1,4,0.04,0.03,0.07,1.72,,0.0
2026-08-11T23:19:05+00:00,2026-08-11,daily,1,2026-08-21T17:30:00Z,134,Oriola,BHA,MID,45,0,0,0.2,0,0,0,0,a,,,,,,,,0.0,0,1,1,0,0,0,0,0,0,0,0,0,0,0.00,0.00,0.00,0.00,,1.0
2026-08-11T23:19:05+00:00,2026-08-11,daily,1,2026-08-21T17:30:00Z,135,Yohanna,BHA,MID,50,0,0,0.1,0,0,0,0,a,,,,,,,,0.0,0,0,0,0,0,0,0,0,0,0,0,0,0,0.00,0.00,0.00,0.00,,1.5
2026-08-11T23:19:05+00:00,2026-08-11,daily,1,2026-08-21T17:30:00Z,137,Tzimas,BHA,FWD,55,0,0,0.0,0,0,0,0,d,Knee injury - 75% chance of playing,2026-07-23T12:01:23.432796Z,,75,,,,0.0,0,16,132,1,1,1,0,2,0,15,2,3,10,0.44,0.11,0.55,2.59,,1.3
2026-08-11T23:19:05+00:00,2026-08-11,daily,1,2026-08-21T17:30:00Z,138,Kostoulas,BHA,FWD,55,0,0,0.3,0,0,0,0,a,,,,,,,,0.0,0,35,351,2,2,1,1,9,0,41,5,11,25,2.12,0.54,2.66,6.04,,1.8
2026-08-11T23:19:05+00:00,2026-08-11,daily,1,2026-08-21T17:30:00Z,139,Ferguson,BHA,FWD,50,0,0,0.0,0,0,0,0,i,Ankle injury - Expected back 10 Oct,2026-07-23T12:01:23.448357Z,,0,,,,0.0,0,0,0,0,0,0,0,0,0,0,0,0,0,0.00,0.00,0.00,0.00,,0.0
2026-08-11T23:19:05+00:00,2026-08-11,daily,1,2026-08-21T17:30:00Z,328,Struijk,BHA,DEF,50,0,0,0.5,0,0,0,0,a,,,,,,,,0.0,0,108,2935,33,0,1,7,48,0,297,258,39,117,3.06,0.76,3.82,42.92,,2.2
2026-08-11T23:19:05+00:00,2026-08-11,daily,1,2026-08-21T17:30:00Z,504,Vuskovic,BHA,DEF,50,0,0,2.7,0,0,0,0,a,,,,,,,,0.0,0,0,0,0,0,0,0,0,0,0,0,0,0,0.00,0.00,0.00,0.00,,2.2
2026-08-11T23:19:05+00:00,2026-08-11,daily,1,2026-08-21T17:30:00Z,40,Rogers,CHE,MID,75,0,0,27.3,0,0,0,0,a,,,,,,,,0.0,0,169,3280,37,10,8,9,48,0,230,49,42,139,6.84,4.32,11.16,51.55,,2.6
2026-08-11T23:19:05+00:00,2026-08-11,daily,1,2026-08-21T17:30:00Z,101,Henderson,CHE,MID,50,0,0,0.0,0,0,0,0,d,Wrist injury - 75% chance of playing,2026-08-09T09:30:07.136250Z,,75,,,,0.0,0,76,1911,22,1,3,6,28,0,183,58,27,98,0.33,2.31,2.64,28.16,,1.1
2026-08-11T23:19:05+00:00,2026-08-11,daily,1,2026-08-21T17:30:00Z,136,Welbeck,CHE,FWD,60,0,0,2.6,0,0,0,0,a,,,,,,,,0.0,0,126,2249,26,13,1,10,28,0,112,39,24,49,12.36,1.40,13.76,31.68,,2.0
2026-08-11T23:19:05+00:00,2026-08-11,daily,1,2026-08-21T17:30:00Z,140,Sánchez,CHE,GKP,50,0,0,2.0,0,0,0,0,a,,,,,,,,0.0,0,113,3040,35,0,1,9,49,98,0,27,2,302,0.00,0.04,0.04,48.64,,2.6
2026-08-11T23:19:05+00:00,2026-08-11,daily,1,2026-08-21T17:30:00Z,141,Jörgensen,CHE,GKP,50,0,0,0.1,0,0,0,0,a,,,,,,,,0.0,0,9,378,3,0,0,0,5,8,0,3,0,34,0.00,0.00,0.00,4.12,,2.6
2026-08-11T23:19:05+00:00,2026-08-11,daily,1,2026-08-21T17:30:00Z,142,James,CHE,DEF,55,0,0,8.0,0,0,0,0,a,,,,,,1,5,0.0,0,115,1957,20,2,6,8,20,0,128,80,48,101,1.04,3.20,4.24,28.75,,2.5
2026-08-11T23:19:05+00:00,2026-08-11,daily,1,2026-08-21T17:30:00Z,143,Chalobah,CHE,DEF,55,0,0,1.6,0,0,0,0,u,Has joined Como permanently,2026-08-10T14:03:50.769483Z,,0,,,,0.0,0,136,2780,31,3,1,9,40,0,265,230,35,119,1.44,1.03,2.47,40.83,,0.0
2026-08-11T23:19:05+00:00,2026-08-11,daily,1,2026-08-21T17:30:00Z,144,Gusto,CHE,DEF,50,0,0,1.1,0,0,0,0,a,,,,,,,,0.0,0,96,2255,26,2,3,7,36,0,126,74,52,123,1.56,2.97,4.53,37.13,,2.2
2026-08-11T23:19:05+00:00,2026-08-11,daily,1,2026-08-21T17:30:00Z,145,Fofana,CHE,DEF,50,0,0,0.0,0,0,0,0,s,Suspended until 6 Sep,2026-07-23T12:01:23.464591Z,,0,,,,0.0,0,65,1718,20,0,2,4,25,0,206,187,19,81,0.72,0.60,1.32,25.81,,0.0
2026-08-11T23:19:05+00:00,2026-08-11,daily,1,2026-08-21T17:30:00Z,146,B.Badiashile,CHE,DEF,45,0,0,0.0,0,0,0,0,a,,,,,,,,0.0,0,7,470,6,0,0,0,10,0,48,41,7,16,0.00,0.06,0.06,7.41,,1.7
2026-08-11T23:19:05+00:00,2026-08-11,daily,1,2026-08-21T17:30:00Z,147,Tosin,CHE,DEF,45,0,0,0.2,0,0,0,0,a,,,,,,,,0.0,0,34,788,8,0,0,2,14,0,97,80,17,22,0.11,0.40,0.50,13.25,,1.7
2026-08-11T23:19:05+00:00,2026-08-11,daily,1,2026-08-21T17:30:00Z,148,Hato,CHE,DEF,45,0,0,1.0,0,0,0,0,a,,,,,,,,0.0,0,19,1139,12,0,0,0,27,0,99,63,36,50,0.30,0.61,0.91,18.50,,1.7
2026-08-11T23:19:05+00:00,2026-08-11,daily,1,2026-08-21T17:30:00Z,149,Colwill,CHE,DEF,50,0,0,1.7,0,0,0,0,a,,,,,,,,0.0,0,8,225,2,0,0,0,4,0,25,22,3,9,0.00,0.12,0.12,3.36,,2.2
2026-08-11T23:19:05+00:00,2026-08-11,daily,1,2026-08-21T17:30:00Z,150,M.Sarr,CHE,DEF,45,0,0,0.1,0,0,0,0,a,,,,,,,,0.0,0,3,100,1,0,0,0,3,0,8,7,1,2,0.35,0.00,0.35,1.63,,1.7
2026-08-11T23:19:05+00:00,2026-08-11,daily,1,2026-08-21T17:30:00Z,151,Acheampong,CHE,DEF,45,0,0,0.2,0,0,0,0,a,,,,,,,,0.0,0,39,657,8,1,0,2,13,0,44,33,11,26,0.62,0.13,0.75,15.66,,1.7
2026-08-11T23:19:05+00:00,2026-08-11,daily,1,2026-08-21T17:30:00Z,152,Palestra,CHE,DEF,55,0,0,2.3,0,0,0,0,a,,,,,,,,0.0,0,0,0,0,0,0,0,0,0,0,0,0,0,0.00,0.00,0.00,0.00,,2.5
2026-08-11T23:19:05+00:00,2026-08-11,daily,1,2026-08-21T17:30:00Z,153,Disasi,CHE,DEF,45,0,0,0.1,0,0,0,0,a,,,,,,,,0.0,0,0,0,0,0,0,0,0,0,88,74,14,32,0.00,0.00,0.00,0.00,,1.7
2026-08-11T23:19:05+00:00,2026-08-11,daily,1,2026-08-21T17:30:00Z,154,Palmer,CHE,MID,95,0,0,11.3,0,0,0,0,a,,,,,1,3,,0.0,0,114,1954,24,10,2,3,33,0,135,27,25,83,10.55,2.49,13.04,31.13,,3.2
2026-08-11T23:19:05+00:00,2026-08-11,daily,1,2026-08-21T17:30:00Z,155,Enzo,CHE,MID,70,0,0,5.5,0,0,0,0,a,,,,,2,2,7,0.0,0,157,3114,35,10,5,8,46,0,244,51,53,140,11.26,7.26,18.52,44.89,,2.5
2026-08-11T23:19:05+00:00,2026-08-11,daily,1,2026-08-21T17:30:00Z,156,Neto,CHE,MID,65,0,0,1.4,0,0,0,0,a,,,,,,4,6,0.0,0,125,2629,30,5,7,11,33,0,122,19,19,84,4.59,6.84,11.43,37.54,,2.3
2026-08-11T23:19:05+00:00,2026-08-11,daily,1,2026-08-21T17:30:00Z,157,Estêvão,CHE,MID,65,0,0,1.7,0,0,0,0,a,,,,,3,,8,0.0,0,58,839,12,2,5,4,11,0,56,9,11,36,2.91,2.14,5.05,10.29,,2.3
2026-08-11T23:19:05+00:00,2026-08-11,daily,1,2026-08-21T17:30:00Z,158,Gittens,CHE,MID,60,0,0,0.1,0,0,0,0,a,,,,,,,,0.0,0,25,486,5,0,2,1,7,0,29,6,8,15,0.81,0.94,1.75,8.89,,2.1
2026-08-11T23:19:05+00:00,2026-08-11,daily,1,2026-08-21T17:30:00Z,159,Caicedo,CHE,MID,55,0,0,4.1,0,0,0,0,a,,,,,,,,0.0,0,110,2796,32,3,1,6,47,0,366,102,87,177,1.45,2.38,3.83,42.54,,2.0
2026-08-11T23:19:05+00:00,2026-08-11,daily,1,2026-08-21T17:30:00Z,161,Lavia,CHE,MID,50,0,0,0.1,0,0,0,0,a,,,,,,,,0.0,0,13,374,4,0,0,0,10,0,37,9,8,20,0.21,0.55,0.76,8.53,,1.5
2026-08-11T23:19:05+00:00,2026-08-11,daily,1,2026-08-21T17:30:00Z,163,D.Essugo,CHE,MID,45,0,0,0.2,0,0,0,0,a,,,,,,,,0.0,0,1,26,0,0,0,0,1,0,8,1,6,1,0.00,0.01,0.01,0.55,,1.0
2026-08-11T23:19:05+00:00,2026-08-11,daily,1,2026-08-21T17:30:00Z,164,Quenda,CHE,MID,55,0,0,0.1,0,0,0,0,a,,2026-07-24T20:30:10.609931Z,,100,,,,0.0,0,0,0,0,0,0,0,0,0,0,0,0,0,0.00,0.00,0.00,0.00,,2.0
2026-08-11T23:19:05+00:00,2026-08-11,daily,1,2026-08-21T17:30:00Z,165,João Pedro,CHE,FWD,75,0,0,55.6,0,0,0,0,a,,,,,,,,0.0,0,177,2658,31,15,9,10,36,0,138,39,27,72,14.91,1.96,16.87,37.25,,2.3
2026-08-11T23:19:05+00:00,2026-08-11,daily,1,2026-08-21T17:30:00Z,166,N.Jackson,CHE,FWD,65,0,0,0.4,0,0,0,0,a,,,,,,,,0.0,0,0,0,0,0,0,0,0,0,0,0,0,0,0.00,0.00,0.00,0.00,,2.1
2026-08-11T23:19:05+00:00,2026-08-11,daily,1,2026-08-21T17:30:00Z,167,Delap,CHE,FWD,55,0,0,0.5,0,0,0,0,a,,,,,4,,,0.0,0,45,1092,12,1,2,2,18,0,42,12,5,25,4.54,0.23,4.76,16.67,,1.8
2026-08-11T23:19:05+00:00,2026-08-11,daily,1,2026-08-21T17:30:00Z,168,Marc Guiu,CHE,FWD,50,0,0,0.4,0,0,0,0,a,,,,,,,,0.0,0,13,265,1,0,1,0,3,0,8,4,0,4,1.54,0.29,1.83,5.89,,1.4
2026-08-11T23:19:05+00:00,2026-08-11,daily,1,2026-08-21T17:30:00Z,169,Mheuka,CHE,FWD,45,0,0,0.4,0,0,0,0,a,,,,,,,,0.0,0,1,1,0,0,0,0,0,0,1,1,0,0,0.00,0.00,0.00,0.05,,1.0
2026-08-11T23:19:05+00:00,2026-08-11,daily,1,2026-08-21T17:30:00Z,170,Emegha,CHE,FWD,50,0,0,0.1,0,0,0,0,d,Hamstring injury - 75% chance of playing,2026-07-24T20:30:10.622380Z,,75,,,,0.0,0,0,0,0,0,0,0,0,0,0,0,0,0,0.00,0.00,0.00,0.00,,1.0
2026-08-11T23:19:05+00:00,2026-08-11,daily,1,2026-08-21T17:30:00Z,200,Lacroix,CHE,DEF,60,0,0,11.5,0,0,0,0,a,,,,,,,,0.0,0,154,3085,35,1,2,11,47,0,370,310,60,96,2.45,0.83,3.28,44.04,,2.8
2026-08-11T23:19:05+00:00,2026-08-11,daily,1,2026-08-21T17:30:00Z,560,Penders,CHE,GKP,45,0,0,0.1,0,0,0,0,a,,,,,,,,0.0,0,0,0,0,0,0,0,0,0,0,0,0,0,0.00,0.00,0.00,0.00,,1.9
2026-08-11T23:19:05+00:00,2026-08-11,daily,1,2026-08-21T17:30:00Z,561,Anselmino,CHE,DEF,45,0,0,0.0,0,0,0,0,a,,,,,,,,0.0,0,0,0,0,0,0,0,0,0,0,0,0,0,0.00,0.00,0.00,0.00,,1.7
2026-08-11T23:19:05+00:00,2026-08-11,daily,1,2026-08-21T17:30:00Z,568,Barco,CHE,MID,55,0,0,0.1,0,0,0,0,a,,,,,,,,0.0,0,0,0,0,0,0,0,0,0,0,0,0,0,0.00,0.00,0.00,0.00,,2.0
2026-08-11T23:19:05+00:00,2026-08-11,daily,1,2026-08-21T17:30:00Z,104,Onyeka,COV,MID,50,0,0,0.2,0,0,0,0,a,,,,,,,,0.0,0,12,88,0,0,2,0,2,0,10,3,2,5,0.00,0.36,0.36,2.02,,1.5
2026-08-11T23:19:05+00:00,2026-08-11,daily,1,2026-08-21T17:30:00Z,110,Rushworth,COV,GKP,45,0,0,0.9,0,0,0,0,a,,,,,,,,0.0,0,0,0,0,0,0,0,0,0,0,0,0,0,0.00,0.00,0.00,0.00,,1.9
2026-08-11T23:19:05+00:00,2026-08-11,daily,1,2026-08-21T17:30:00Z,171,Dovin,COV,GKP,40,0,0,2.5,0,0,0,0,a,,,,,,,,0.0,0,0,0,0,0,0,0,0,0,0,0,0,0,0.00,0.00,0.00,0.00,,1.0
2026-08-11T23:19:05+00:00,2026-08-11,daily,1,2026-08-21T17:30:00Z,172,Wilson,COV,GKP,45,0,0,0.6,0,0,0,0,a,,,,,,,,0.0,0,0,0,0,0,0,0,0,0,0,0,0,0,0.00,0.00,0.00,0.00,,1.9
2026-08-11T23:19:05+00:00,2026-08-11,daily,1,2026-08-21T17:30:00Z,173,Thomas,COV,DEF,40,0,0,8.4,0,0,0,0,a,,,,,,,,0.0,0,0,0,0,0,0,0,0,0,0,0,0,0,0.00,0.00,0.00,0.00,,1.0
2026-08-11T23:19:05+00:00,2026-08-11,daily,1,2026-08-21T17:30:00Z,174,Kitching,COV,DEF,40,0,0,0.5,0,0,0,0,a,,,,,,,,0.0,0,0,0,0,0,0,0,0,0,0,0,0,0,0.00,0.00,0.00,0.00,,1.0
2026-08-11T23:19:05+00:00,2026-08-11,daily,1,2026-08-21T17:30:00Z,175,van Ewijk,COV,DEF,40,0,0,15.5,0,0,0,0,a,,,,,,,,0.0,0,0,0,0,0,0,0,0,0,0,0,0,0,0.00,0.00,0.00,0.00,,1.0
2026-08-11T23:19:05+00:00,2026-08-11,daily,1,2026-08-21T17:30:00Z,176,Dasilva,COV,DEF,40,0,0,0.6,0,0,0,0,a,,,,,,,,0.0,0,0,0,0,0,0,0,0,0,0,0,0,0,0.00,0.00,0.00,0.00,,1.0
2026-08-11T23:19:05+00:00,2026-08-11,daily,1,2026-08-21T17:30:00Z,177,Kesler-Hayden,COV,DEF,40,0,0,0.1,0,0,0,0,a,,,,,,,,0.0,0,0,0,0,0,0,0,0,0,0,0,0,0,0.00,0.00,0.00,0.00,,1.0
2026-08-11T23:19:05+00:00,2026-08-11,daily,1,2026-08-21T17:30:00Z,178,Bidwell,COV,DEF,40,0,0,0.1,0,0,0,0,a,,,,,,,,0.0,0,0,0,0,0,0,0,0,0,0,0,0,0,0.00,0.00,0.00,0.00,,1.0
2026-08-11T23:19:05+00:00,2026-08-11,daily,1,2026-08-21T17:30:00Z,179,Latibeaudiere,COV,DEF,40,0,0,0.1,0,0,0,0,a,,,,,,,,0.0,0,0,0,0,0,0,0,0,0,0,0,0,0,0.00,0.00,0.00,0.00,,1.0
2026-08-11T23:19:05+00:00,2026-08-11,daily,1,2026-08-21T17:30:00Z,180,Woolfenden,COV,DEF,40,0,0,0.2,0,0,0,0,a,,,,,,,,0.0,0,0,0,0,0,0,0,0,0,0,0,0,0,0.00,0.00,0.00,0.00,,1.0
2026-08-11T23:19:05+00:00,2026-08-11,daily,1,2026-08-21T17:30:00Z,181,Brau,COV,DEF,40,0,0,0.1,0,0,0,0,a,,,,,,,,0.0,0,0,0,0,0,0,0,0,0,0,0,0,0,0.00,0.00,0.00,0.00,,1.0
2026-08-11T23:19:05+00:00,2026-08-11,daily,1,2026-08-21T17:30:00Z,182,Amenda,COV,DEF,40,0,0,0.6,0,0,0,0,a,,,,,,,,0.0,0,0,0,0,0,0,0,0,0,0,0,0,0,0.00,0.00,0.00,0.00,,1.0
2026-08-11T23:19:05+00:00,2026-08-11,daily,1,2026-08-21T17:30:00Z,183,Rudoni,COV,MID,50,0,0,0.2,0,0,0,0,d,Shoulder injury - 75% chance of playing,2026-07-23T12:01:23.481435Z,,75,,1,5,0.0,0,0,0,0,0,0,0,0,0,0,0,0,0,0.00,0.00,0.00,0.00,,1.1
2026-08-11T23:19:05+00:00,2026-08-11,daily,1,2026-08-21T17:30:00Z,184,Grimes,COV,MID,50,0,0,0.2,0,0,0,0,a,,,,,3,,4,0.0,0,0,0,0,0,0,0,0,0,0,0,0,0,0.00,0.00,0.00,0.00,,1.5
2026-08-11T23:19:05+00:00,2026-08-11,daily,1,2026-08-21T17:30:00Z,185,Sakamoto,COV,MID,50,0,0,0.2,0,0,0,0,a,,,,,,,,0.0,0,0,0,0,0,0,0,0,0,0,0,0,0,0.00,0.00,0.00,0.00,,1.5
2026-08-11T23:19:05+00:00,2026-08-11,daily,1,2026-08-21T17:30:00Z,186,Mason-Clark,COV,MID,55,0,0,0.3,0,0,0,0,a,,,,,,,,0.0,0,0,0,0,0,0,0,0,0,0,0,0,0,0.00,0.00,0.00,0.00,,2.0
2026-08-11T23:19:05+00:00,2026-08-11,daily,1,2026-08-21T17:30:00Z,187,Eccles,COV,MID,50,0,0,0.0,0,0,0,0,a,,,,,,,,0.0,0,0,0,0,0,0,0,0,0,0,0,0,0,0.00,0.00,0.00,0.00,,1.5
2026-08-11T23:19:05+00:00,2026-08-11,daily,1,2026-08-21T17:30:00Z,188,Torp,COV,MID,55,0,0,0.2,0,0,0,0,a,,,,,2,2,6,0.0,0,0,0,0,0,0,0,0,0,0,0,0,0,0.00,0.00,0.00,0.00,,2.0
2026-08-11T23:19:05+00:00,2026-08-11,daily,1,2026-08-21T17:30:00Z,189,Shepherd,COV,MID,45,0,0,0.3,0,0,0,0,a,,,,,,,,0.0,0,0,0,0,0,0,0,0,0,0,0,0,0,0.00,0.00,0.00,0.00,,1.0
2026-08-11T23:19:05+00:00,2026-08-11,daily,1,2026-08-21T17:30:00Z,190,Tchaouna,COV,MID,55,0,0,0.1,0,0,0,0,a,,,,,,,,0.0,0,0,0,0,0,0,0,0,0,69,13,18,38,0.00,0.00,0.00,0.00,,2.0
2026-08-11T23:19:05+00:00,2026-08-11,daily,1,2026-08-21T17:30:00Z,191,Borges Rodrigues,COV,MID,45,0,0,0.2,0,0,0,0,a,,,,,,,,0.0,0,0,0,0,0,0,0,0,0,0,0,0,0,0.00,0.00,0.00,0.00,,1.0
2026-08-11T23:19:05+00:00,2026-08-11,daily,1,2026-08-21T17:30:00Z,192,Andrews,COV,MID,45,0,0,0.7,0,0,0,0,a,,,,,,,,0.0,0,0,0,0,0,0,0,0,0,0,0,0,0,0.00,0.00,0.00,0.00,,1.0
2026-08-11T23:19:05+00:00,2026-08-11,daily,1,2026-08-21T17:30:00Z,193,Wright,COV,FWD,55,0,0,1.8,0,0,0,0,a,,,,,1,,,0.0,0,0,0,0,0,0,0,0,0,0,0,0,0,0.00,0.00,0.00,0.00,,1.8
2026-08-11T23:19:05+00:00,2026-08-11,daily,1,2026-08-21T17:30:00Z,194,Thomas-Asante,COV,FWD,50,0,0,0.8,0,0,0,0,a,,,,,4,,,0.0,0,0,0,0,0,0,0,0,0,0,0,0,0,0.00,0.00,0.00,0.00,,1.4
2026-08-11T23:19:05+00:00,2026-08-11,daily,1,2026-08-21T17:30:00Z,195,Simms,COV,FWD,50,0,0,0.6,0,0,0,0,a,,,,,,,,0.0,0,0,0,0,0,0,0,0,0,0,0,0,0,0.00,0.00,0.00,0.00,,1.4
2026-08-11T23:19:05+00:00,2026-08-11,daily,1,2026-08-21T17:30:00Z,196,Markelo,COV,FWD,50,0,0,0.1,0,0,0,0,a,,,,,,,,0.0,0,0,0,0,0,0,0,0,0,0,0,0,0,0.00,0.00,0.00,0.00,,1.4
2026-08-11T23:19:05+00:00,2026-08-11,daily,1,2026-08-21T17:30:00Z,197,Bassette,COV,FWD,45,0,0,0.3,0,0,0,0,u,Has joined KVC Westerlo on loan for the rest of the season,2026-07-28T12:58:50.001768Z,,0,,,,0.0,0,0,0,0,0,0,0,0,0,0,0,0,0,0.00,0.00,0.00,0.00,,0.0
2026-08-11T23:19:05+00:00,2026-08-11,daily,1,2026-08-21T17:30:00Z,575,Yirenkyi,COV,MID,50,0,0,0.0,0,0,0,0,a,,,,,,,,0.0,0,0,0,0,0,0,0,0,0,0,0,0,0,0.00,0.00,0.00,0.00,,1.5
2026-08-11T23:19:05+00:00,2026-08-11,daily,1,2026-08-21T17:30:00Z,198,Henderson,CRY,GKP,50,0,0,3.1,0,0,0,0,a,,,,,,,,0.0,0,131,3330,37,0,0,11,51,106,0,55,1,298,0.00,0.11,0.11,51.40,,2.6
2026-08-11T23:19:05+00:00,2026-08-11,daily,1,2026-08-21T17:30:00Z,199,Benitez,CRY,GKP,45,0,0,0.1,0,0,0,0,a,,,,,,,,0.0,0,7,90,1,0,0,1,0,3,0,1,0,9,0.00,0.00,0.00,1.12,,1.9
2026-08-11T23:19:05+00:00,2026-08-11,daily,1,2026-08-21T17:30:00Z,201,Muñoz,CRY,DEF,55,0,0,11.5,0,0,0,0,a,,,,,,,,0.0,0,136,2400,29,4,4,10,33,0,196,124,72,97,2.45,3.94,6.39,34.28,,2.5
2026-08-11T23:19:05+00:00,2026-08-11,daily,1,2026-08-21T17:30:00Z,202,Richards,CRY,DEF,50,0,0,0.8,0,0,0,0,a,,,,,,,,0.0,0,128,2825,31,1,0,11,42,0,311,257,54,65,2.42,1.56,3.98,41.19,,2.2
2026-08-11T23:19:05+00:00,2026-08-11,daily,1,2026-08-21T17:30:00Z,203,Canvot,CRY,DEF,50,0,0,0.6,0,0,0,0,a,,,,,,,,0.0,0,72,1331,14,0,0,5,23,0,169,129,40,54,1.48,0.33,1.81,23.84,,2.2
2026-08-11T23:19:05+00:00,2026-08-11,daily,1,2026-08-21T17:30:00Z,204,Mitchell,CRY,DEF,45,0,0,6.8,0,0,0,0,a,,,,,,,,0.0,0,135,3253,36,1,3,12,47,0,245,145,100,187,1.59,2.53,4.12,49.78,,1.7
2026-08-11T23:19:05+00:00,2026-08-11,daily,1,2026-08-21T17:30:00Z,205,Sosa,CRY,DEF,45,0,0,0.0,0,0,0,0,a,,,,,,,,0.0,0,6,99,0,0,0,0,2,0,9,6,3,3,0.04,0.07,0.11,0.90,,1.7
2026-08-11T23:19:05+00:00,2026-08-11,daily,1,2026-08-21T17:30:00Z,206,Chadi Riad,CRY,DEF,45,0,0,0.1,0,0,0,0,a,,,,,,,,0.0,0,20,550,6,0,1,1,8,0,45,37,8,32,0.33,0.13,0.46,9.09,,1.7
2026-08-11T23:19:05+00:00,2026-08-11,daily,1,2026-08-21T17:30:00Z,207,Mingueza,CRY,DEF,45,0,0,0.1,0,0,0,0,a,,,,,,,,0.0,0,0,0,0,0,0,0,0,0,0,0,0,0,0.00,0.00,0.00,0.00,,1.7
2026-08-11T23:19:05+00:00,2026-08-11,daily,1,2026-08-21T17:30:00Z,208,Sarr,CRY,MID,65,0,0,8.2,0,0,0,0,a,,,,,2,,,0.0,0,117,2173,24,9,2,9,29,0,137,40,18,79,10.93,1.17,12.09,31.25,,2.3
2026-08-11T23:19:05+00:00,2026-08-11,daily,1,2026-08-21T17:30:00Z,209,Johnson,CRY,MID,60,0,0,0.2,0,0,0,0,a,,,,,,,,0.0,0,65,1710,19,2,1,6,24,0,121,37,29,55,2.45,1.31,3.76,28.29,,2.1
2026-08-11T23:19:05+00:00,2026-08-11,daily,1,2026-08-21T17:30:00Z,210,Wharton,CRY,MID,55,0,0,0.4,0,0,0,0,a,,2026-07-23T12:01:23.498963Z,,100,,,5,0.0,0,112,2552,29,1,6,8,43,0,303,70,70,163,1.52,7.47,8.98,39.08,,2.0
2026-08-11T23:19:05+00:00,2026-08-11,daily,1,2026-08-21T17:30:00Z,211,Yeremy,CRY,MID,55,0,0,0.2,0,0,0,0,a,,,,,,1,6,0.0,0,77,2074,26,2,2,7,28,0,167,30,36,101,4.53,6.12,10.65,30.01,,2.0
2026-08-11T23:19:05+00:00,2026-08-11,daily,1,2026-08-21T17:30:00Z,212,Hughes,CRY,MID,45,0,0,11.1,0,0,0,0,a,,,,,,,7,0.0,0,45,1560,19,0,1,5,18,0,148,54,28,66,1.11,1.94,3.05,25.35,,1.0
2026-08-11T23:19:05+00:00,2026-08-11,daily,1,2026-08-21T17:30:00Z,213,Lerma,CRY,MID,50,0,0,0.1,0,0,0,0,a,,,,,,,,0.0,0,69,1722,18,0,5,7,25,0,220,90,28,102,1.84,1.48,3.32,25.11,,1.5
2026-08-11T23:19:05+00:00,2026-08-11,daily,1,2026-08-21T17:30:00Z,214,Kamada,CRY,MID,50,0,0,0.3,0,0,0,0,a,,,,,,,8,0.0,0,67,1899,22,0,2,6,28,0,208,38,62,108,1.64,3.24,4.88,26.04,,1.5
2026-08-11T23:19:05+00:00,2026-08-11,daily,1,2026-08-21T17:30:00Z,215,Devenny,CRY,MID,50,0,0,0.0,0,0,0,0,a,,,,,3,2,,0.0,0,36,785,7,1,0,1,15,0,72,13,25,34,2.38,0.39,2.77,14.71,,1.5
2026-08-11T23:19:05+00:00,2026-08-11,daily,1,2026-08-21T17:30:00Z,216,Esse,CRY,MID,50,0,0,0.1,0,0,0,0,a,,,,,,,,0.0,0,4,40,0,0,0,0,0,0,5,0,3,2,0.00,0.04,0.04,1.74,,1.5
2026-08-11T23:19:05+00:00,2026-08-11,daily,1,2026-08-21T17:30:00Z,217,M.França,CRY,MID,50,0,0,0.0,0,0,0,0,a,,,,,,,,0.0,0,0,0,0,0,0,0,0,0,0,0,0,0,0.00,0.00,0.00,0.00,,1.5
2026-08-11T23:19:05+00:00,2026-08-11,daily,1,2026-08-21T17:30:00Z,218,Doucouré,CRY,MID,50,0,0,0.1,0,0,0,0,a,,,,,,,,0.0,0,0,0,0,0,0,0,0,0,0,0,0,0,0.00,0.00,0.00,0.00,,1.5
2026-08-11T23:19:05+00:00,2026-08-11,daily,1,2026-08-21T17:30:00Z,219,J.Rak-Sakyi,CRY,MID,50,0,0,0.0,0,0,0,0,a,,,,,,,,0.0,0,0,0,0,0,0,0,0,0,0,0,0,0,0.00,0.00,0.00,0.00,,1.5
2026-08-11T23:19:05+00:00,2026-08-11,daily,1,2026-08-21T17:30:00Z,220,Cardines,CRY,DEF,45,0,0,0.0,0,0,0,0,a,,,,,,,,0.0,0,2,90,1,0,0,0,2,0,7,2,1,4,0.02,0.16,0.18,2.53,,1.7
2026-08-11T23:19:05+00:00,2026-08-11,daily,1,2026-08-21T17:30:00Z,221,Drakes-Thomas,CRY,MID,45,0,0,0.1,0,0,0,0,a,,,,,,,,0.0,0,2,7,0,0,0,0,1,0,3,0,1,2,0.00,0.00,0.00,0.73,,1.0
2026-08-11T23:19:05+00:00,2026-08-11,daily,1,2026-08-21T17:30:00Z,222,Strand Larsen,CRY,FWD,60,0,0,0.6,0,0,0,0,a,,,,,,,,0.0,0,75,2301,26,4,1,5,41,0,95,49,9,37,5.30,1.12,6.42,36.03,,2.0
2026-08-11T23:19:05+00:00,2026-08-11,daily,1,2026-08-21T17:30:00Z,223,Mateta,CRY,FWD,65,0,0,6.6,0,0,0,0,a,,,,,1,,,0.0,0,114,2210,25,12,0,8,29,0,125,58,10,57,14.42,1.32,15.74,31.77,,2.1
2026-08-11T23:19:05+00:00,2026-08-11,daily,1,2026-08-21T17:30:00Z,224,Nketiah,CRY,FWD,55,0,0,0.5,0,0,0,0,a,,,,,,,,0.0,0,23,414,2,2,0,0,12,0,38,13,8,17,1.77,0.46,2.23,9.49,,1.8
2026-08-11T23:19:05+00:00,2026-08-11,daily,1,2026-08-21T17:30:00Z,225,Uche,CRY,FWD,50,0,0,0.0,0,0,0,0,u,has returned to Getafe CF,2026-07-23T12:18:56.275922Z,,0,,,,0.0,0,17,159,0,0,1,0,4,0,13,3,1,9,0.49,0.01,0.50,4.63,,0.0
2026-08-11T23:19:05+00:00,2026-08-11,daily,1,2026-08-21T17:30:00Z,555,Matthews,CRY,GKP,40,0,0,1.7,0,0,0,0,a,,,,,,,,0.0,0,0,0,0,0,0,0,0,0,0,0,0,0,0.00,0.00,0.00,0.00,,1.0
2026-08-11T23:19:05+00:00,2026-08-11,daily,1,2026-08-21T17:30:00Z,577,Tomiyasu,CRY,DEF,45,0,0,0.1,0,0,0,0,a,,,,,,,,0.0,0,0,0,0,0,0,0,0,0,0,0,0,0,0.00,0.00,0.00,0.00,,1.7
2026-08-11T23:19:05+00:00,2026-08-11,daily,1,2026-08-21T17:30:00Z,21,Nørgaard,EVE,MID,50,0,0,0.7,0,0,0,0,a,,,,,,,,0.0,0,7,101,1,0,0,0,1,0,16,9,3,4,0.08,0.04,0.12,2.28,,1.5
2026-08-11T23:19:05+00:00,2026-08-11,daily,1,2026-08-21T17:30:00Z,226,Pickford,EVE,GKP,55,0,0,8.8,0,0,0,0,a,,,,,,,,0.0,0,135,3420,38,0,0,11,50,100,0,52,2,313,0.00,0.20,0.20,56.24,,3.3
2026-08-11T23:19:05+00:00,2026-08-11,daily,1,2026-08-21T17:30:00Z,227,Travers,EVE,GKP,50,0,0,0.1,0,0,0,0,a,,,,,,,,0.0,0,0,0,0,0,0,0,0,0,0,0,0,0,0.00,0.00,0.00,0.00,,2.6
2026-08-11T23:19:05+00:00,2026-08-11,daily,1,2026-08-21T17:30:00Z,228,King,EVE,GKP,45,0,0,0.1,0,0,0,0,a,,,,,,,,0.0,0,0,0,0,0,0,0,0,0,0,0,0,0,0.00,0.00,0.00,0.00,,1.9
2026-08-11T23:19:05+00:00,2026-08-11,daily,1,2026-08-21T17:30:00Z,229,Tarkowski,EVE,DEF,60,0,0,9.8,0,0,0,0,a,,,,,,,,0.0,0,170,3330,37,2,3,11,48,0,376,325,51,90,2.53,2.10,4.63,53.54,,2.8
2026-08-11T23:19:05+00:00,2026-08-11,daily,1,2026-08-21T17:30:00Z,230,Branthwaite,EVE,DEF,55,0,0,1.9,0,0,0,0,a,,,,,,,,0.0,0,32,678,7,1,1,1,9,0,67,53,14,30,0.34,0.11,0.45,9.43,,2.5
2026-08-11T23:19:05+00:00,2026-08-11,daily,1,2026-08-21T17:30:00Z,231,Keane,EVE,DEF,50,0,0,1.6,0,0,0,0,a,,,,,,,,0.0,0,131,2588,29,3,1,7,42,0,302,265,37,87,2.30,0.49,2.79,44.52,,2.2
2026-08-11T23:19:05+00:00,2026-08-11,daily,1,2026-08-21T17:30:00Z,232,O'Brien,EVE,DEF,50,0,0,0.5,0,0,0,0,a,,,,,,,,0.0,0,116,3118,35,1,3,10,46,0,231,174,57,114,1.67,1.00,2.67,53.49,,2.2
2026-08-11T23:19:05+00:00,2026-08-11,daily,1,2026-08-21T17:30:00Z,233,Mykolenko,EVE,DEF,45,0,0,1.3,0,0,0,0,a,,,,,,,,0.0,0,95,2959,33,0,1,9,47,0,231,183,48,107,0.28,2.46,2.74,48.41,,1.7
2026-08-11T23:19:05+00:00,2026-08-11,daily,1,2026-08-21T17:30:00Z,234,Patterson,EVE,DEF,45,0,0,0.0,0,0,0,0,a,,,,,,,,0.0,0,22,238,3,0,0,2,2,0,31,21,10,14,0.03,0.04,0.07,3.67,,1.7
2026-08-11T23:19:05+00:00,2026-08-11,daily,1,2026-08-21T17:30:00Z,235,Aznou,EVE,DEF,40,0,0,0.2,0,0,0,0,a,,,,,,,,0.0,0,0,0,0,0,0,0,0,0,0,0,0,0,0.00,0.00,0.00,0.00,,1.0
2026-08-11T23:19:05+00:00,2026-08-11,daily,1,2026-08-21T17:30:00Z,236,Dewsbury-Hall,EVE,MID,65,0,0,3.7,0,0,0,0,a,,,,,,,4,0.0,0,151,2629,30,8,7,8,39,0,230,44,52,134,4.35,5.34,9.69,40.38,,2.3
2026-08-11T23:19:05+00:00,2026-08-11,daily,1,2026-08-21T17:30:00Z,237,Ndiaye,EVE,MID,60,0,0,15.2,0,0,0,0,a,,,,,1,,,0.0,0,128,2781,32,6,3,8,44,0,283,38,67,178,6.68,4.41,11.09,42.68,,2.1
2026-08-11T23:19:05+00:00,2026-08-11,daily,1,2026-08-21T17:30:00Z,239,Garner,EVE,MID,60,0,0,0.5,0,0,0,0,i,Groin injury - Expected back 22 Aug,2026-07-25T14:30:10.455878Z,,0,3,1,3,0.0,0,159,3413,38,2,7,11,50,0,458,154,119,185,2.10,6.18,8.28,56.18,,0.0
2026-08-11T23:19:05+00:00,2026-08-11,daily,1,2026-08-21T17:30:00Z,240,Iroegbunam,EVE,MID,50,0,0,0.1,0,0,0,0,a,,,,,,,,0.0,0,68,1477,17,0,3,8,18,0,189,43,68,78,0.54,0.71,1.25,24.64,,1.5
2026-08-11T23:19:05+00:00,2026-08-11,daily,1,2026-08-21T17:30:00Z,241,McNeil,EVE,MID,55,0,0,0.2,0,0,0,0,a,,,,,,,,0.0,0,53,1161,14,0,3,6,9,0,111,26,23,62,1.37,1.91,3.28,18.80,,2.0
2026-08-11T23:19:05+00:00,2026-08-11,daily,1,2026-08-21T17:30:00Z,242,George,EVE,MID,55,0,0,0.2,0,0,0,0,a,,,,,,,,0.0,0,16,351,1,0,0,1,9,0,23,2,7,14,0.64,1.19,1.83,6.49,,2.0
2026-08-11T23:19:05+00:00,2026-08-11,daily,1,2026-08-21T17:30:00Z,243,Alcaraz,EVE,MID,50,0,0,0.1,0,0,0,0,a,,,,,,,,0.0,0,29,679,6,0,1,3,10,0,70,13,14,43,1.17,0.54,1.71,13.56,,1.5
2026-08-11T23:19:05+00:00,2026-08-11,daily,1,2026-08-21T17:30:00Z,244,Armstrong,EVE,MID,50,0,0,0.1,0,0,0,0,a,,,,,,,,0.0,0,21,524,6,0,0,1,11,0,50,13,13,24,0.79,0.22,1.01,10.93,,1.5
2026-08-11T23:19:05+00:00,2026-08-11,daily,1,2026-08-21T17:30:00Z,245,Dibling,EVE,MID,55,0,0,0.1,0,0,0,0,a,,,,,,,,0.0,0,18,349,4,0,0,2,2,0,40,11,7,22,0.20,0.14,0.34,6.65,,2.0
2026-08-11T23:19:05+00:00,2026-08-11,daily,1,2026-08-21T17:30:00Z,246,Röhl,EVE,MID,50,0,0,0.1,0,0,0,0,a,,,,,,,,0.0,0,36,675,6,1,1,2,13,0,68,15,25,28,0.67,0.35,1.02,13.31,,1.5
2026-08-11T23:19:05+00:00,2026-08-11,daily,1,2026-08-21T17:30:00Z,247,Hackney,EVE,MID,55,0,0,0.3,0,0,0,0,a,,,,,,,,0.0,0,0,0,0,0,0,0,0,0,0,0,0,0,0.00,0.00,0.00,0.00,,2.0
2026-08-11T23:19:05+00:00,2026-08-11,daily,1,2026-08-21T17:30:00Z,248,Beto,EVE,FWD,55,0,0,3.1,0,0,0,0,a,,,,,4,,,0.0,0,104,1551,17,9,1,5,19,0,89,49,14,26,8.90,0.23,9.13,24.16,,1.8
2026-08-11T23:19:05+00:00,2026-08-11,daily,1,2026-08-21T17:30:00Z,249,Barry,EVE,FWD,55,0,0,0.9,0,0,0,0,a,,,,,2,,,0.0,0,95,1898,21,8,0,7,34,0,74,34,6,34,8.17,0.44,8.61,33.49,,1.8
2026-08-11T23:19:05+00:00,2026-08-11,daily,1,2026-08-21T17:30:00Z,250,Leno,FUL,GKP,45,0,0,3.3,0,0,0,0,a,,,,,,,,0.0,0,122,3420,38,0,0,9,51,98,0,46,4,318,0.00,0.02,0.02,52.73,,1.9
2026-08-11T23:19:05+00:00,2026-08-11,daily,1,2026-08-21T17:30:00Z,251,Lecomte,FUL,GKP,40,0,0,1.4,0,0,0,0,a,,,,,,,,0.0,0,0,0,0,0,0,0,0,0,0,0,0,0,0.00,0.00,0.00,0.00,,1.0
2026-08-11T23:19:05+00:00,2026-08-11,daily,1,2026-08-21T17:30:00Z,252,McNally,FUL,GKP,40,0,0,0.2,0,0,0,0,a,,,,,,,,0.0,0,0,0,0,0,0,0,0,0,0,0,0,0,0.00,0.00,0.00,0.00,,1.0
2026-08-11T23:19:05+00:00,2026-08-11,daily,1,2026-08-21T17:30:00Z,253,Andersen,FUL,DEF,50,0,0,0.1,0,0,0,0,s,Suspended until 30 Aug,2026-07-23T12:01:23.516350Z,,0,,,,0.0,0,123,2882,33,0,1,8,45,0,329,284,45,114,1.43,1.83,3.26,44.88,,0.0
2026-08-11T23:19:05+00:00,2026-08-11,daily,1,2026-08-21T17:30:00Z,254,Robinson,FUL,DEF,45,0,0,2.5,0,0,0,0,a,,,,,1,,,0.0,0,65,1487,17,1,0,4,19,0,136,88,48,98,1.07,1.58,2.65,24.12,,1.7
2026-08-11T23:19:05+00:00,2026-08-11,daily,1,2026-08-21T17:30:00Z,255,J.Cuenca,FUL,DEF,45,0,0,0.0,0,0,0,0,a,,,,,,,,0.0,0,39,935,11,0,0,2,11,0,117,101,16,40,0.05,0.53,0.58,14.70,,1.7
2026-08-11T23:19:05+00:00,2026-08-11,daily,1,2026-08-21T17:30:00Z,256,Tete,FUL,DEF,45,0,0,0.2,0,0,0,0,a,,,,,,,,0.0,0,81,1791,21,1,0,6,25,0,165,100,65,82,0.92,1.46,2.38,25.79,,1.7
2026-08-11T23:19:05+00:00,2026-08-11,daily,1,2026-08-21T17:30:00Z,257,Bassey,FUL,DEF,45,0,0,0.6,0,0,0,0,a,,,,,,,,0.0,0,103,2532,28,1,1,7,40,0,205,143,62,119,1.71,0.35,2.05,38.01,,1.7
2026-08-11T23:19:05+00:00,2026-08-11,daily,1,2026-08-21T17:30:00Z,258,Castagne,FUL,DEF,45,0,0,0.2,0,0,0,0,a,,,,,,,,0.0,0,61,1838,20,0,2,3,31,0,146,106,40,56,1.50,1.47,2.97,32.66,,1.7
2026-08-11T23:19:05+00:00,2026-08-11,daily,1,2026-08-21T17:30:00Z,261,Iwobi,FUL,MID,55,0,0,0.9,0,0,0,0,a,,,,,2,1,5,0.0,0,103,2420,29,4,3,5,40,0,188,35,27,126,1.91,4.70,6.61,35.70,,2.0
2026-08-11T23:19:05+00:00,2026-08-11,daily,1,2026-08-21T17:30:00Z,262,Smith Rowe,FUL,MID,55,0,0,0.4,0,0,0,0,a,,,,,,,,0.0,0,80,1909,22,3,1,6,27,0,148,42,35,71,4.71,1.12,5.83,31.27,,2.0
2026-08-11T23:19:05+00:00,2026-08-11,daily,1,2026-08-21T17:30:00Z,263,Kevin,FUL,MID,55,0,0,0.1,0,0,0,0,a,,,,,,,7,0.0,0,49,1030,9,1,3,4,15,0,86,17,21,48,1.21,1.47,2.68,14.57,,2.0
2026-08-11T23:19:05+00:00,2026-08-11,daily,1,2026-08-21T17:30:00Z,264,Bobb,FUL,MID,55,0,0,0.4,0,0,0,0,a,,,,,,,3,0.0,0,42,1030,11,0,2,4,13,0,76,12,21,43,1.47,2.10,3.57,12.71,,2.0
2026-08-11T23:19:05+00:00,2026-08-11,daily,1,2026-08-21T17:30:00Z,265,Berge,FUL,MID,50,0,0,0.4,0,0,0,0,a,,,,,,,,0.0,0,91,2904,34,0,3,8,45,0,280,91,57,132,1.54,1.50,3.04,43.09,,1.5
2026-08-11T23:19:05+00:00,2026-08-11,daily,1,2026-08-21T17:30:00Z,266,Cairney,FUL,MID,50,0,0,0.0,0,0,0,0,a,,,,,,,,0.0,0,41,756,6,2,0,2,10,0,61,12,7,42,1.21,0.81,2.02,11.67,,1.5
2026-08-11T23:19:05+00:00,2026-08-11,daily,1,2026-08-21T17:30:00Z,268,King,FUL,MID,55,0,0,0.1,0,0,0,0,a,,,,,,,,0.0,0,63,1290,15,1,3,5,18,0,107,22,26,59,2.47,0.66,3.13,18.97,,2.0
2026-08-11T23:19:05+00:00,2026-08-11,daily,1,2026-08-21T17:30:00Z,269,Sessegnon,FUL,DEF,45,0,0,0.4,0,0,0,0,a,,,,,,,,0.0,0,95,1816,20,3,3,6,29,0,218,96,48,74,1.60,1.80,3.40,26.33,,1.7
2026-08-11T23:19:05+00:00,2026-08-11,daily,1,2026-08-21T17:30:00Z,270,Reed,FUL,MID,45,0,0,1.1,0,0,0,0,a,,,,,,,,0.0,0,15,89,1,1,0,0,4,0,6,1,0,5,0.13,0.45,0.58,3.43,,1.0
2026-08-11T23:19:05+00:00,2026-08-11,daily,1,2026-08-21T17:30:00Z,271,Muniz,FUL,FWD,55,0,0,0.7,0,0,0,0,a,,,,,,,,0.0,0,36,987,10,1,1,3,13,0,52,29,8,15,3.30,0.15,3.45,13.83,,1.8
2026-08-11T23:19:05+00:00,2026-08-11,daily,1,2026-08-21T17:30:00Z,272,Kusi-Asare,FUL,FWD,45,0,0,7.6,0,0,0,0,a,,,,,,,,0.0,0,6,49,0,0,0,0,2,0,5,0,1,4,0.00,0.07,0.07,1.10,,1.0
2026-08-11T23:19:05+00:00,2026-08-11,daily,1,2026-08-21T17:30:00Z,569,García,FUL,FWD,60,0,0,1.6,0,0,0,0,a,,,,,,,,0.0,0,0,0,0,0,0,0,0,0,0,0,0,0,0.00,0.00,0.00,0.00,,2.0
2026-08-11T23:19:05+00:00,2026-08-11,daily,1,2026-08-21T17:30:00Z,570,Palacios,FUL,MID,55,0,0,0.1,0,0,0,0,a,,,,,,,,0.0,0,0,0,0,0,0,0,0,0,0,0,0,0,0.00,0.00,0.00,0.00,,2.0
2026-08-11T23:19:05+00:00,2026-08-11,daily,1,2026-08-21T17:30:00Z,273,Phillips,HUL,GKP,40,0,0,2.0,0,0,0,0,a,,,,,,,,0.0,0,0,0,0,0,0,0,0,0,0,0,0,0,0.00,0.00,0.00,0.00,,1.0
2026-08-11T23:19:05+00:00,2026-08-11,daily,1,2026-08-21T17:30:00Z,274,Butland,HUL,GKP,45,0,0,0.7,0,0,0,0,i,Arm injury - Unknown return date,2026-08-08T19:00:05.601633Z,,0,,,,0.0,0,0,0,0,0,0,0,0,0,0,0,0,0,0.00,0.00,0.00,0.00,,0.0
2026-08-11T23:19:05+00:00,2026-08-11,daily,1,2026-08-21T17:30:00Z,275,Cartwright,HUL,GKP,40,0,0,0.1,0,0,0,0,u,Has joined Grimsby Town on loan for the rest of the season,2026-07-29T13:00:27.959925Z,,0,,,,0.0,0,0,0,0,0,0,0,0,0,0,0,0,0,0.00,0.00,0.00,0.00,,0.0
2026-08-11T23:19:05+00:00,2026-08-11,daily,1,2026-08-21T17:30:00Z,276,Lo-Tutala,HUL,GKP,40,0,0,0.2,0,0,0,0,a,,,,,,,,0.0,0,0,0,0,0,0,0,0,0,0,0,0,0,0.00,0.00,0.00,0.00,,1.0
2026-08-11T23:19:05+00:00,2026-08-11,daily,1,2026-08-21T17:30:00Z,277,Egan,HUL,DEF,40,0,0,1.4,0,0,0,0,a,,,,,,,,0.0,0,0,0,0,0,0,0,0,0,0,0,0,0,0.00,0.00,0.00,0.00,,1.0
2026-08-11T23:19:05+00:00,2026-08-11,daily,1,2026-08-21T17:30:00Z,278,Hughes,HUL,DEF,40,0,0,0.7,0,0,0,0,i,Groin injury - Unknown return date,2026-08-02T09:00:11.030017Z,,0,,,,0.0,0,0,0,0,0,0,0,0,0,0,0,0,0,0.00,0.00,0.00,0.00,,0.0
2026-08-11T23:19:05+00:00,2026-08-11,daily,1,2026-08-21T17:30:00Z,279,Ajayi,HUL,DEF,40,0,0,0.8,0,0,0,0,a,,,,,,,,0.0,0,0,0,0,0,0,0,0,0,0,0,0,0,0.00,0.00,0.00,0.00,,1.0
2026-08-11T23:19:05+00:00,2026-08-11,daily,1,2026-08-21T17:30:00Z,280,Coyle,HUL,DEF,40,0,0,0.5,0,0,0,0,a,,,,,,,,0.0,0,0,0,0,0,0,0,0,0,0,0,0,0,0.00,0.00,0.00,0.00,,1.0
2026-08-11T23:19:05+00:00,2026-08-11,daily,1,2026-08-21T17:30:00Z,281,Drameh,HUL,DEF,40,0,0,0.1,0,0,0,0,i,Hamstring injury - Expected back 29 Aug,2026-08-08T19:00:05.613036Z,,0,,,,0.0,0,0,0,0,0,0,0,0,0,0,0,0,0,0.00,0.00,0.00,0.00,,0.0
2026-08-11T23:19:05+00:00,2026-08-11,daily,1,2026-08-21T17:30:00Z,282,Giles,HUL,DEF,40,0,0,0.7,0,0,0,0,a,,,,,,1,4,0.0,0,0,0,0,0,0,0,0,0,0,0,0,0,0.00,0.00,0.00,0.00,,1.0
2026-08-11T23:19:05+00:00,2026-08-11,daily,1,2026-08-21T17:30:00Z,283,Jacob,HUL,DEF,40,0,0,0.0,0,0,0,0,d,Hip injury - 75% chance of playing,2026-08-02T09:00:11.038361Z,,75,,,,0.0,0,0,0,0,0,0,0,0,0,0,0,0,0,0.00,0.00,0.00,0.00,,0.8
2026-08-11T23:19:05+00:00,2026-08-11,daily,1,2026-08-21T17:30:00Z,284,McCarthy,HUL,DEF,40,0,0,0.1,0,0,0,0,a,,,,,,,,0.0,0,0,0,0,0,0,0,0,0,0,0,0,0,0.00,0.00,0.00,0.00,,1.0
2026-08-11T23:19:05+00:00,2026-08-11,daily,1,2026-08-21T17:30:00Z,285,McNair,HUL,DEF,40,0,0,0.1,0,0,0,0,a,,,,,,,,0.0,0,0,0,0,0,0,0,0,0,0,0,0,0,0.00,0.00,0.00,0.00,,1.0
2026-08-11T23:19:05+00:00,2026-08-11,daily,1,2026-08-21T17:30:00Z,286,Belloumi,HUL,MID,50,0,0,0.5,0,0,0,0,a,,,,,,2,5,0.0,0,0,0,0,0,0,0,0,0,0,0,0,0,0.00,0.00,0.00,0.00,,1.5
2026-08-11T23:19:05+00:00,2026-08-11,daily,1,2026-08-21T17:30:00Z,287,Millar,HUL,MID,50,0,0,0.1,0,0,0,0,a,,,,,,,,0.0,0,0,0,0,0,0,0,0,0,0,0,0,0,0.00,0.00,0.00,0.00,,1.5
2026-08-11T23:19:05+00:00,2026-08-11,daily,1,2026-08-21T17:30:00Z,288,Dowell,HUL,MID,45,0,0,0.5,0,0,0,0,a,,,,,,,,0.0,0,0,0,0,0,0,0,0,0,0,0,0,0,0.00,0.00,0.00,0.00,,1.0
2026-08-11T23:19:05+00:00,2026-08-11,daily,1,2026-08-21T17:30:00Z,289,Crooks,HUL,MID,45,0,0,0.7,0,0,0,0,a,,,,,1,,,0.0,0,0,0,0,0,0,0,0,0,0,0,0,0,0.00,0.00,0.00,0.00,,1.0
2026-08-11T23:19:05+00:00,2026-08-11,daily,1,2026-08-21T17:30:00Z,290,Slater,HUL,MID,45,0,0,2.1,0,0,0,0,a,,,,,,,6,0.0,0,0,0,0,0,0,0,0,0,0,0,0,0,0.00,0.00,0.00,0.00,,1.0
2026-08-11T23:19:05+00:00,2026-08-11,daily,1,2026-08-21T17:30:00Z,291,Matazo,HUL,MID,45,0,0,0.0,0,0,0,0,i,Knee injury - Unknown return date,2026-07-23T12:01:23.532635Z,,0,,,,0.0,0,0,0,0,0,0,0,0,0,0,0,0,0,0.00,0.00,0.00,0.00,,0.0
2026-08-11T23:19:05+00:00,2026-08-11,daily,1,2026-08-21T17:30:00Z,292,Ömür,HUL,MID,50,0,0,0.0,0,0,0,0,a,,,,,,,,0.0,0,0,0,0,0,0,0,0,0,0,0,0,0,0.00,0.00,0.00,0.00,,1.5
2026-08-11T23:19:05+00:00,2026-08-11,daily,1,2026-08-21T17:30:00Z,293,Kamara,HUL,MID,50,0,0,0.0,0,0,0,0,a,,,,,,,,0.0,0,0,0,0,0,0,0,0,0,0,0,0,0,0.00,0.00,0.00,0.00,,1.5
2026-08-11T23:19:05+00:00,2026-08-11,daily,1,2026-08-21T17:30:00Z,294,Zambrano,HUL,MID,45,0,0,0.4,0,0,0,0,i,Thigh injury - Unknown return date,2026-08-04T18:30:11.016909Z,,0,,,,0.0,0,0,0,0,0,0,0,0,0,0,0,0,0,0.00,0.00,0.00,0.00,,0.0
2026-08-11T23:19:05+00:00,2026-08-11,daily,1,2026-08-21T17:30:00Z,295,McBurnie,HUL,FWD,55,0,0,1.6,0,0,0,0,a,,,,,2,,,0.0,0,0,0,0,0,0,0,0,0,0,0,0,0,0.00,0.00,0.00,0.00,,1.8
2026-08-11T23:19:05+00:00,2026-08-11,daily,1,2026-08-21T17:30:00Z,296,Akintola,HUL,MID,50,0,0,0.0,0,0,0,0,a,,,,,,,,0.0,0,0,0,0,0,0,0,0,0,0,0,0,0,0.00,0.00,0.00,0.00,,1.5
2026-08-11T23:19:05+00:00,2026-08-11,daily,1,2026-08-21T17:30:00Z,297,Gyabi,HUL,MID,45,0,0,0.1,0,0,0,0,i,Thigh injury - Unknown return date,2026-08-04T18:30:11.027155Z,,0,,,,0.0,0,0,0,0,0,0,0,0,0,0,0,0,0,0.00,0.00,0.00,0.00,,0.0
2026-08-11T23:19:05+00:00,2026-08-11,daily,1,2026-08-21T17:30:00Z,298,Destan,HUL,FWD,45,0,0,2.4,0,0,0,0,a,,,,,,,,0.0,0,0,0,0,0,0,0,0,0,0,0,0,0,0.00,0.00,0.00,0.00,,1.0
2026-08-11T23:19:05+00:00,2026-08-11,daily,1,2026-08-21T17:30:00Z,299,Burstow,HUL,FWD,45,0,0,0.4,0,0,0,0,u,Has joined Sheffield Wednesday on loan for the rest of the season,2026-08-03T14:05:20.234842Z,,0,,,,0.0,0,0,0,0,0,0,0,0,0,0,0,0,0,0.00,0.00,0.00,0.00,,0.0
2026-08-11T23:19:05+00:00,2026-08-11,daily,1,2026-08-21T17:30:00Z,556,Targett,HUL,DEF,40,0,0,2.9,0,0,0,0,a,,,,,,,,0.0,0,0,0,0,0,0,0,0,0,0,0,0,0,0.00,0.00,0.00,0.00,,1.0
2026-08-11T23:19:05+00:00,2026-08-11,daily,1,2026-08-21T17:30:00Z,563,Morita,HUL,MID,50,0,0,0.1,0,0,0,0,a,,,,,,,,0.0,0,0,0,0,0,0,0,0,0,0,0,0,0,0.00,0.00,0.00,0.00,,1.5
2026-08-11T23:19:05+00:00,2026-08-11,daily,1,2026-08-21T17:30:00Z,572,Tzolakis,HUL,GKP,45,0,0,0.2,0,0,0,0,a,,,,,,,,0.0,0,0,0,0,0,0,0,0,0,0,0,0,0,0.00,0.00,0.00,0.00,,1.9
2026-08-11T23:19:05+00:00,2026-08-11,daily,1,2026-08-21T17:30:00Z,574,Hjertø-Dahl,HUL,MID,50,0,0,0.0,0,0,0,0,a,,,,,,,,0.0,0,0,0,0,0,0,0,0,0,0,0,0,0,0.00,0.00,0.00,0.00,,1.5
2026-08-11T23:19:05+00:00,2026-08-11,daily,1,2026-08-21T17:30:00Z,576,Stroud,HUL,MID,50,0,0,0.0,0,0,0,0,a,,,,,,,,0.0,0,0,0,0,0,0,0,0,0,0,0,0,0,0.00,0.00,0.00,0.00,,1.5
2026-08-11T23:19:05+00:00,2026-08-11,daily,1,2026-08-21T17:30:00Z,259,Diop,IPS,DEF,40,0,0,18.7,0,0,0,0,a,,,,,,,,0.0,0,31,812,8,1,0,1,13,0,61,55,6,19,0.80,0.05,0.85,12.42,,1.0
2026-08-11T23:19:05+00:00,2026-08-11,daily,1,2026-08-21T17:30:00Z,267,Lukić,IPS,MID,50,0,0,0.1,0,0,0,0,a,,,,,,,,0.0,0,67,1730,20,1,4,6,22,0,183,63,49,71,2.23,1.91,4.14,27.64,,1.5
2026-08-11T23:19:05+00:00,2026-08-11,daily,1,2026-08-21T17:30:00Z,300,Walton,IPS,GKP,45,0,0,0.6,0,0,0,0,a,,,,,,,,0.0,0,0,0,0,0,0,0,0,0,0,0,0,0,0.00,0.00,0.00,0.00,,1.9
2026-08-11T23:19:05+00:00,2026-08-11,daily,1,2026-08-21T17:30:00Z,301,Palmer,IPS,GKP,40,0,0,5.8,0,0,0,0,a,,,,,,,,0.0,0,0,0,0,0,0,0,0,0,0,0,0,0,0.00,0.00,0.00,0.00,,1.0
2026-08-11T23:19:05+00:00,2026-08-11,daily,1,2026-08-21T17:30:00Z,302,Button,IPS,GKP,40,0,0,0.5,0,0,0,0,a,,,,,,,,0.0,0,0,0,0,0,0,0,0,0,0,0,0,0,0.00,0.00,0.00,0.00,,1.0
2026-08-11T23:19:05+00:00,2026-08-11,daily,1,2026-08-21T17:30:00Z,303,Kipré,IPS,DEF,40,0,0,0.5,0,0,0,0,a,,,,,,,,0.0,0,0,0,0,0,0,0,0,0,0,0,0,0,0.00,0.00,0.00,0.00,,1.0
2026-08-11T23:19:05+00:00,2026-08-11,daily,1,2026-08-21T17:30:00Z,304,O'Shea,IPS,DEF,40,0,0,2.3,0,0,0,0,a,,,,,,,,0.0,0,0,0,0,0,0,0,0,0,0,0,0,0,0.00,0.00,0.00,0.00,,1.0
2026-08-11T23:19:05+00:00,2026-08-11,daily,1,2026-08-21T17:30:00Z,305,Davis,IPS,DEF,40,0,0,4.7,0,0,0,0,a,,,,,,2,6,0.0,0,0,0,0,0,0,0,0,0,0,0,0,0,0.00,0.00,0.00,0.00,,1.0
2026-08-11T23:19:05+00:00,2026-08-11,daily,1,2026-08-21T17:30:00Z,306,Greaves,IPS,DEF,40,0,0,0.6,0,0,0,0,a,,,,,,,,0.0,0,0,0,0,0,0,0,0,0,0,0,0,0,0.00,0.00,0.00,0.00,,1.0
2026-08-11T23:19:05+00:00,2026-08-11,daily,1,2026-08-21T17:30:00Z,307,Johnson,IPS,DEF,40,0,0,0.1,0,0,0,0,a,,,,,,,,0.0,0,0,0,0,0,0,0,0,0,0,0,0,0,0.00,0.00,0.00,0.00,,1.0
2026-08-11T23:19:05+00:00,2026-08-11,daily,1,2026-08-21T17:30:00Z,308,Furlong,IPS,DEF,40,0,0,0.5,0,0,0,0,a,,,,,,,,0.0,0,0,0,0,0,0,0,0,0,0,0,0,0,0.00,0.00,0.00,0.00,,1.0
2026-08-11T23:19:05+00:00,2026-08-11,daily,1,2026-08-21T17:30:00Z,309,Núñez,IPS,MID,50,0,0,0.2,0,0,0,0,a,,,,,,1,7,0.0,0,0,0,0,0,0,0,0,0,0,0,0,0,0.00,0.00,0.00,0.00,,1.5
2026-08-11T23:19:05+00:00,2026-08-11,daily,1,2026-08-21T17:30:00Z,310,Matusiwa,IPS,MID,50,0,0,0.0,0,0,0,0,i,Muscular injury - Unknown return date,2026-07-29T18:00:10.305484Z,,0,,,,0.0,0,0,0,0,0,0,0,0,0,0,0,0,0,0.00,0.00,0.00,0.00,,0.0
2026-08-11T23:19:05+00:00,2026-08-11,daily,1,2026-08-21T17:30:00Z,311,Burns,IPS,MID,50,0,0,0.0,0,0,0,0,u,Has joined Leicester City permanently,2026-08-10T14:02:47.597478Z,,0,,,,0.0,0,0,0,0,0,0,0,0,0,0,0,0,0,0.00,0.00,0.00,0.00,,0.0
2026-08-11T23:19:05+00:00,2026-08-11,daily,1,2026-08-21T17:30:00Z,312,Taylor,IPS,MID,45,0,0,0.2,0,0,0,0,i,Knee injury - Unknown return date,2026-07-29T18:00:10.319370Z,,0,,,,0.0,0,0,0,0,0,0,0,0,0,0,0,0,0,0.00,0.00,0.00,0.00,,0.0
2026-08-11T23:19:05+00:00,2026-08-11,daily,1,2026-08-21T17:30:00Z,313,Clarke,IPS,MID,55,0,0,0.3,0,0,0,0,a,,,,,2,3,8,0.0,0,0,0,0,0,0,0,0,0,0,0,0,0,0.00,0.00,0.00,0.00,,2.0
2026-08-11T23:19:05+00:00,2026-08-11,daily,1,2026-08-21T17:30:00Z,314,Ogbene,IPS,MID,50,0,0,0.0,0,0,0,0,a,,,,,,,,0.0,0,0,0,0,0,0,0,0,0,0,0,0,0,0.00,0.00,0.00,0.00,,1.5
2026-08-11T23:19:05+00:00,2026-08-11,daily,1,2026-08-21T17:30:00Z,315,Fatawu,IPS,MID,55,0,0,0.3,0,0,0,0,a,,,,,,,,0.0,0,0,0,0,0,0,0,0,0,0,0,0,0,0.00,0.00,0.00,0.00,,2.0
2026-08-11T23:19:05+00:00,2026-08-11,daily,1,2026-08-21T17:30:00Z,316,Emersonn,IPS,FWD,55,0,0,0.3,0,0,0,0,a,,,,,,,,0.0,0,0,0,0,0,0,0,0,0,0,0,0,0,0.00,0.00,0.00,0.00,,1.8
2026-08-11T23:19:05+00:00,2026-08-11,daily,1,2026-08-21T17:30:00Z,317,Hirst,IPS,FWD,50,0,0,0.4,0,0,0,0,a,,,,,1,,,0.0,0,0,0,0,0,0,0,0,0,0,0,0,0,0.00,0.00,0.00,0.00,,1.4
2026-08-11T23:19:05+00:00,2026-08-11,daily,1,2026-08-21T17:30:00Z,318,Philogene,IPS,MID,55,0,0,0.2,0,0,0,0,a,,,,,3,,5,0.0,0,0,0,0,0,0,0,0,0,0,0,0,0,0.00,0.00,0.00,0.00,,2.0
2026-08-11T23:19:05+00:00,2026-08-11,daily,1,2026-08-21T17:30:00Z,319,Szmodics,IPS,MID,50,0,0,0.1,0,0,0,0,a,,,,,,,,0.0,0,0,0,0,0,0,0,0,0,0,0,0,0,0.00,0.00,0.00,0.00,,1.5
2026-08-11T23:19:05+00:00,2026-08-11,daily,1,2026-08-21T17:30:00Z,320,Akpom,IPS,FWD,50,0,0,0.5,0,0,0,0,a,,,,,,,,0.0,0,0,0,0,0,0,0,0,0,0,0,0,0,0.00,0.00,0.00,0.00,,1.4
2026-08-11T23:19:05+00:00,2026-08-11,daily,1,2026-08-21T17:30:00Z,321,Walle Egeli,IPS,FWD,45,0,0,2.1,0,0,0,0,a,,,,,,,,0.0,0,0,0,0,0,0,0,0,0,0,0,0,0,0.00,0.00,0.00,0.00,,1.0
2026-08-11T23:19:05+00:00,2026-08-11,daily,1,2026-08-21T17:30:00Z,322,Al-Hamadi,IPS,FWD,50,0,0,0.2,0,0,0,0,a,,,,,,,,0.0,0,0,0,0,0,0,0,0,0,0,0,0,0,0.00,0.00,0.00,0.00,,1.4
2026-08-11T23:19:05+00:00,2026-08-11,daily,1,2026-08-21T17:30:00Z,323,McAteer,IPS,MID,45,0,0,1.5,0,0,0,0,a,,,,,,,,0.0,0,0,0,0,0,0,0,0,0,0,0,0,0,0.00,0.00,0.00,0.00,,1.0
2026-08-11T23:19:05+00:00,2026-08-11,daily,1,2026-08-21T17:30:00Z,324,Mehmeti,IPS,MID,50,0,0,0.1,0,0,0,0,a,,,,,,,,0.0,0,0,0,0,0,0,0,0,0,0,0,0,0,0.00,0.00,0.00,0.00,,1.5
2026-08-11T23:19:05+00:00,2026-08-11,daily,1,2026-08-21T17:30:00Z,554,Van Oevelen,IPS,GKP,45,0,0,0.1,0,0,0,0,a,,,,,,,,0.0,0,0,0,0,0,0,0,0,0,0,0,0,0,0.00,0.00,0.00,0.00,,1.9
2026-08-11T23:19:05+00:00,2026-08-11,daily,1,2026-08-21T17:30:00Z,562,Maeda,IPS,MID,55,0,0,0.4,0,0,0,0,a,,,,,,,,0.0,0,0,0,0,0,0,0,0,0,0,0,0,0,0.00,0.00,0.00,0.00,,2.0
2026-08-11T23:19:05+00:00,2026-08-11,daily,1,2026-08-21T17:30:00Z,564,Scherpen,IPS,GKP,45,0,0,0.4,0,0,0,0,a,,,,,,,,0.0,0,0,0,0,0,0,0,0,0,0,0,0,0,0.00,0.00,0.00,0.00,,1.9
2026-08-11T23:19:05+00:00,2026-08-11,daily,1,2026-08-21T17:30:00Z,571,Florentino,IPS,MID,50,0,0,0.0,0,0,0,0,a,,,,,,,,0.0,0,0,0,0,0,0,0,0,0,0,0,0,0,0.00,0.00,0.00,0.00,,1.5
2026-08-11T23:19:05+00:00,2026-08-11,daily,1,2026-08-21T17:30:00Z,260,Wilson,LEE,MID,65,0,0,8.1,0,0,0,0,a,,,,,,,2,0.0,0,168,2674,32,10,9,9,38,0,177,66,29,82,5.88,4.77,10.65,40.14,,2.3
2026-08-11T23:19:05+00:00,2026-08-11,daily,1,2026-08-21T17:30:00Z,326,Perri,LEE,GKP,45,0,0,0.7,0,0,0,0,a,,,,,,,,0.0,0,43,1440,16,0,0,3,29,38,0,16,0,100,0.00,0.00,0.00,26.68,,1.9
2026-08-11T23:19:05+00:00,2026-08-11,daily,1,2026-08-21T17:30:00Z,327,Bijol,LEE,DEF,50,0,0,0.3,0,0,0,0,a,,,,,,,,0.0,0,99,1888,21,1,3,5,26,0,219,194,25,63,0.90,0.75,1.65,31.48,,2.2
2026-08-11T23:19:05+00:00,2026-08-11,daily,1,2026-08-21T17:30:00Z,329,Rodon,LEE,DEF,45,0,0,1.9,0,0,0,0,a,,,,,,,,0.0,0,109,2952,33,2,0,6,53,0,274,237,37,85,1.40,0.56,1.96,48.54,,1.7
2026-08-11T23:19:05+00:00,2026-08-11,daily,1,2026-08-21T17:30:00Z,330,Bogle,LEE,DEF,45,0,0,0.5,0,0,0,0,a,,,,,,,,0.0,0,96,2795,32,1,5,6,44,0,178,112,66,133,2.08,3.11,5.19,39.93,,1.7
2026-08-11T23:19:05+00:00,2026-08-11,daily,1,2026-08-21T17:30:00Z,331,Gudmundsson,LEE,DEF,45,0,0,0.3,0,0,0,0,i,Hamstring injury - Expected back 30 Aug,2026-08-08T20:00:07.546568Z,,0,,,,0.0,0,68,2637,31,0,0,5,45,0,184,119,65,112,1.10,2.89,3.98,41.06,,0.0
2026-08-11T23:19:05+00:00,2026-08-11,daily,1,2026-08-21T17:30:00Z,332,Justin,LEE,DEF,45,0,0,0.5,0,0,0,0,a,,,,,,,,0.0,0,94,1893,21,2,1,6,26,0,183,128,55,70,1.83,1.16,2.99,33.01,,1.7
2026-08-11T23:19:05+00:00,2026-08-11,daily,1,2026-08-21T17:30:00Z,333,Bornauw,LEE,DEF,45,0,0,0.0,0,0,0,0,a,,,,,,,,0.0,0,25,429,5,0,0,2,5,0,49,41,8,13,0.20,0.01,0.21,8.71,,1.7
2026-08-11T23:19:05+00:00,2026-08-11,daily,1,2026-08-21T17:30:00Z,334,Muharemović,LEE,DEF,50,0,0,1.6,0,0,0,0,a,,,,,,,,0.0,0,0,0,0,0,0,0,0,0,0,0,0,0,0.00,0.00,0.00,0.00,,2.2
2026-08-11T23:19:05+00:00,2026-08-11,daily,1,2026-08-21T17:30:00Z,335,Stach,LEE,MID,60,0,0,1.2,0,0,0,0,a,,,,,,1,5,0.0,0,137,2369,28,5,6,7,36,0,266,81,65,120,2.88,4.47,7.35,34.05,,2.1
2026-08-11T23:19:05+00:00,2026-08-11,daily,1,2026-08-21T17:30:00Z,336,Okafor,LEE,MID,60,0,0,0.7,0,0,0,0,a,,,,,,,,0.0,0,109,1553,19,8,3,6,26,0,113,29,23,61,5.25,1.32,6.57,24.54,,2.1
2026-08-11T23:19:05+00:00,2026-08-11,daily,1,2026-08-21T17:30:00Z,337,Aaronson,LEE,MID,55,0,0,0.8,0,0,0,0,a,,,,,,3,,0.0,0,126,2449,30,4,8,9,32,0,216,36,50,130,4.53,3.60,8.13,37.07,,2.0
2026-08-11T23:19:05+00:00,2026-08-11,daily,1,2026-08-21T17:30:00Z,338,Ampadu,LEE,MID,55,0,0,1.6,0,0,0,0,a,,,,,,,,0.0,0,134,3119,35,1,4,8,49,0,416,151,81,184,2.47,2.20,4.67,48.66,,2.0
2026-08-11T23:19:05+00:00,2026-08-11,daily,1,2026-08-21T17:30:00Z,339,Longstaff,LEE,MID,50,0,0,0.2,0,0,0,0,a,,,,,,2,6,0.0,0,56,1003,10,2,2,1,20,0,110,29,38,43,1.23,1.87,3.10,15.88,,1.5
2026-08-11T23:19:05+00:00,2026-08-11,daily,1,2026-08-21T17:30:00Z,340,Gelhardt,LEE,MID,50,0,0,0.0,0,0,0,0,a,,,,,,,,0.0,0,0,0,0,0,0,0,0,0,0,0,0,0,0.00,0.00,0.00,0.00,,1.5
2026-08-11T23:19:05+00:00,2026-08-11,daily,1,2026-08-21T17:30:00Z,341,Gnonto,LEE,MID,50,0,0,0.1,0,0,0,0,a,,,,,,,,0.0,0,32,521,4,0,3,1,14,0,59,15,18,26,0.40,0.77,1.17,11.99,,1.5
2026-08-11T23:19:05+00:00,2026-08-11,daily,1,2026-08-21T17:30:00Z,342,Harrison,LEE,MID,50,0,0,0.0,0,0,0,0,u,Has joined New England Revolution permanently,2026-07-28T12:59:09.492431Z,,0,,,,0.0,0,12,262,1,0,0,0,5,0,24,6,5,13,0.28,0.23,0.51,3.82,,0.0
2026-08-11T23:19:05+00:00,2026-08-11,daily,1,2026-08-21T17:30:00Z,343,James,LEE,MID,50,0,0,0.1,0,0,0,0,a,,,,,,,,0.0,0,23,547,6,0,0,1,16,0,35,9,7,19,0.91,0.71,1.62,14.39,,1.5
2026-08-11T23:19:05+00:00,2026-08-11,daily,1,2026-08-21T17:30:00Z,344,Gruev,LEE,MID,50,0,0,0.0,0,0,0,0,a,,,,,,,,0.0,0,56,1318,15,0,4,5,23,0,114,40,23,51,0.49,0.86,1.35,25.27,,1.5
2026-08-11T23:19:05+00:00,2026-08-11,daily,1,2026-08-21T17:30:00Z,345,Tanaka,LEE,MID,50,0,0,0.3,0,0,0,0,a,,,,,,,7,0.0,0,67,1307,14,2,1,3,22,0,147,38,27,82,1.44,1.39,2.83,21.49,,1.5
2026-08-11T23:19:05+00:00,2026-08-11,daily,1,2026-08-21T17:30:00Z,346,Calvert-Lewin,LEE,FWD,60,0,0,24.9,0,0,0,0,a,,,,,1,,,0.0,0,142,2721,30,14,2,8,34,0,105,49,10,46,15.57,1.06,16.62,35.74,,2.0
2026-08-11T23:19:05+00:00,2026-08-11,daily,1,2026-08-21T17:30:00Z,347,Nmecha,LEE,FWD,55,0,0,0.6,0,0,0,0,a,,,,,2,,,0.0,0,73,1065,10,6,1,3,23,0,57,15,12,30,7.25,1.58,8.83,21.84,,1.8
2026-08-11T23:19:05+00:00,2026-08-11,daily,1,2026-08-21T17:30:00Z,348,Piroe,LEE,FWD,50,0,0,0.5,0,0,0,0,a,,,,,3,,,0.0,0,17,244,2,0,0,1,9,0,14,2,2,10,0.90,0.13,1.03,6.81,,1.4
2026-08-11T23:19:05+00:00,2026-08-11,daily,1,2026-08-21T17:30:00Z,349,Mateo Joseph,LEE,FWD,45,0,0,0.2,0,0,0,0,i,Knee injury - Unknown return date,2026-07-29T18:00:10.338170Z,,0,,,,0.0,0,0,0,0,0,0,0,0,0,0,0,0,0,0.00,0.00,0.00,0.00,,0.0
2026-08-11T23:19:05+00:00,2026-08-11,daily,1,2026-08-21T17:30:00Z,385,Trafford,LEE,GKP,50,0,0,2.2,0,0,0,0,a,,,,,,,,0.0,0,13,360,4,0,0,1,6,14,0,6,2,35,0.00,0.00,0.00,5.74,,2.6
2026-08-11T23:19:05+00:00,2026-08-11,daily,1,2026-08-21T17:30:00Z,350,A.Becker,LIV,GKP,55,0,0,4.0,0,0,0,0,a,,,,,,,,0.0,0,91,2340,26,0,0,8,31,57,0,37,0,229,0.00,0.03,0.03,29.58,,3.3
2026-08-11T23:19:05+00:00,2026-08-11,daily,1,2026-08-21T17:30:00Z,351,Mamardashvili,LIV,GKP,50,0,0,0.2,0,0,0,0,a,,,,,,,,0.0,0,34,867,10,0,0,2,18,34,0,10,1,76,0.00,0.00,0.00,13.29,,2.6
2026-08-11T23:19:05+00:00,2026-08-11,daily,1,2026-08-21T17:30:00Z,352,Woodman,LIV,GKP,40,0,0,1.2,0,0,0,0,a,,,,,,,,0.0,0,6,212,2,0,0,0,4,9,0,4,0,22,0.00,0.00,0.00,4.76,,1.0
2026-08-11T23:19:05+00:00,2026-08-11,daily,1,2026-08-21T17:30:00Z,353,Pecsi,LIV,GKP,40,0,0,0.1,0,0,0,0,a,,,,,,,,0.0,0,0,0,0,0,0,0,0,0,0,0,0,0,0.00,0.00,0.00,0.00,,1.0
2026-08-11T23:19:05+00:00,2026-08-11,daily,1,2026-08-21T17:30:00Z,354,Jaros,LIV,GKP,40,0,0,0.0,0,0,0,0,i,Knee injury - Unknown return date,2026-07-29T18:00:10.351066Z,,0,,,,0.0,0,0,0,0,0,0,0,0,0,0,0,0,0,0.00,0.00,0.00,0.00,,0.0
2026-08-11T23:19:05+00:00,2026-08-11,daily,1,2026-08-21T17:30:00Z,355,Davies,LIV,GKP,40,0,0,0.1,0,0,0,0,a,,,,,,,,0.0,0,0,0,0,0,0,0,0,0,0,0,0,0,0.00,0.00,0.00,0.00,,1.0
2026-08-11T23:19:05+00:00,2026-08-11,daily,1,2026-08-21T17:30:00Z,356,Virgil,LIV,DEF,65,0,0,16.6,0,0,0,0,a,,,,,,,,0.0,0,175,3420,38,6,1,10,53,0,352,329,23,87,3.77,1.44,5.21,47.63,,3.1
2026-08-11T23:19:05+00:00,2026-08-11,daily,1,2026-08-21T17:30:00Z,357,Frimpong,LIV,DEF,55,0,0,3.0,0,0,0,0,a,,,,,,,,0.0,0,63,1032,12,0,5,5,13,0,30,19,11,52,0.50,1.55,2.05,12.97,,2.5
2026-08-11T23:19:05+00:00,2026-08-11,daily,1,2026-08-21T17:30:00Z,358,Kerkez,LIV,DEF,55,0,0,5.2,0,0,0,0,a,,,,,,,,0.0,0,85,2251,27,2,1,6,37,0,134,93,41,88,1.50,0.69,2.19,30.10,,2.5
2026-08-11T23:19:05+00:00,2026-08-11,daily,1,2026-08-21T17:30:00Z,359,Gomez,LIV,DEF,50,0,0,0.1,0,0,0,0,i,Muscular injury - Unknown return date,2026-07-26T08:30:10.078473Z,,0,,,,0.0,0,33,594,7,0,2,2,14,0,46,36,10,20,0.28,0.64,0.92,9.31,,0.0
2026-08-11T23:19:05+00:00,2026-08-11,daily,1,2026-08-21T17:30:00Z,360,Bradley,LIV,DEF,50,0,0,0.0,0,0,0,0,i,Knee injury - Unknown return date,2026-07-23T12:01:23.565711Z,,0,,,,0.0,0,42,928,12,0,2,4,13,0,65,46,19,43,0.18,0.84,1.02,10.77,,0.0
2026-08-11T23:19:05+00:00,2026-08-11,daily,1,2026-08-21T17:30:00Z,361,Lucky,LIV,DEF,40,0,0,0.1,0,0,0,0,a,,,,,,,,0.0,0,0,0,0,0,0,0,0,0,0,0,0,0,0.00,0.00,0.00,0.00,,1.0
2026-08-11T23:19:05+00:00,2026-08-11,daily,1,2026-08-21T17:30:00Z,362,Jacquet,LIV,DEF,50,0,0,1.4,0,0,0,0,a,,2026-07-23T12:01:23.581126Z,,100,,,,0.0,0,0,0,0,0,0,0,0,0,0,0,0,0,0.00,0.00,0.00,0.00,,2.2
2026-08-11T23:19:05+00:00,2026-08-11,daily,1,2026-08-21T17:30:00Z,363,Leoni,LIV,DEF,40,0,0,0.1,0,0,0,0,i,Knee injury - Unknown return date,2026-07-23T12:01:23.596909Z,,0,,,,0.0,0,0,0,0,0,0,0,0,0,0,0,0,0,0.00,0.00,0.00,0.00,,0.0
2026-08-11T23:19:05+00:00,2026-08-11,daily,1,2026-08-21T17:30:00Z,364,Tsimikas,LIV,DEF,50,0,0,0.1,0,0,0,0,a,,,,,,,,0.0,0,0,0,0,0,0,0,0,0,0,0,0,0,0.00,0.00,0.00,0.00,,2.2
2026-08-11T23:19:05+00:00,2026-08-11,daily,1,2026-08-21T17:30:00Z,365,Ramsay,LIV,DEF,40,0,0,0.2,0,0,0,0,a,,,,,,,,0.0,0,0,0,0,0,0,0,0,0,0,0,0,0,0.00,0.00,0.00,0.00,,1.0
2026-08-11T23:19:05+00:00,2026-08-11,daily,1,2026-08-21T17:30:00Z,366,Wirtz,LIV,MID,75,0,0,14.2,0,0,0,0,a,,,,,4,2,6,0.0,0,125,2374,27,5,4,10,32,0,176,26,34,116,6.83,5.14,11.96,33.99,,2.6
2026-08-11T23:19:05+00:00,2026-08-11,daily,1,2026-08-21T17:30:00Z,367,Gakpo,LIV,MID,70,0,0,3.4,0,0,0,0,a,,,,,3,,5,0.0,0,131,2736,32,7,5,10,39,0,152,37,28,87,8.35,4.67,13.02,34.94,,2.5
2026-08-11T23:19:05+00:00,2026-08-11,daily,1,2026-08-21T17:30:00Z,368,Szoboszlai,LIV,MID,70,0,0,44.2,0,0,0,0,a,,,,,2,1,4,0.0,0,160,3232,36,6,7,9,52,0,338,96,56,186,4.76,6.83,11.59,45.63,,2.5
2026-08-11T23:19:05+00:00,2026-08-11,daily,1,2026-08-21T17:30:00Z,369,Ngumoha,LIV,MID,60,0,0,1.5,0,0,0,0,a,,,,,,,,0.0,0,43,547,5,2,1,2,12,0,30,7,4,19,1.34,2.01,3.35,8.92,,2.1
2026-08-11T23:19:05+00:00,2026-08-11,daily,1,2026-08-21T17:30:00Z,370,Chiesa,LIV,MID,55,0,0,0.2,0,0,0,0,a,,,,,,,,0.0,0,37,317,1,2,1,0,9,0,30,13,8,9,1.45,0.61,2.06,6.50,,2.0
2026-08-11T23:19:05+00:00,2026-08-11,daily,1,2026-08-21T17:30:00Z,371,Gravenberch,LIV,MID,60,0,0,2.0,0,0,0,0,a,,,,,,,,0.0,0,144,2991,34,5,5,9,42,0,298,112,59,127,1.89,2.26,4.15,38.41,,2.1
2026-08-11T23:19:05+00:00,2026-08-11,daily,1,2026-08-21T17:30:00Z,372,Mac Allister,LIV,MID,55,0,0,1.9,0,0,0,0,a,,,,,5,,,0.0,0,108,2654,31,2,5,7,41,0,229,64,53,112,3.89,1.69,5.58,36.97,,2.0
2026-08-11T23:19:05+00:00,2026-08-11,daily,1,2026-08-21T17:30:00Z,373,C.Jones,LIV,MID,55,0,0,0.2,0,0,0,0,a,,,,,,,,0.0,0,81,1923,18,1,3,3,37,0,237,53,40,144,2.21,2.77,4.98,31.44,,2.0
2026-08-11T23:19:05+00:00,2026-08-11,daily,1,2026-08-21T17:30:00Z,374,Endo,LIV,MID,50,0,0,0.0,0,0,0,0,a,,2026-07-23T12:01:23.612529Z,,100,,,,0.0,0,12,170,1,0,1,1,5,0,23,13,7,3,0.04,0.05,0.09,4.11,,1.5
2026-08-11T23:19:05+00:00,2026-08-11,daily,1,2026-08-21T17:30:00Z,375,Nyoni,LIV,MID,50,0,0,0.1,0,0,0,0,a,,,,,,,,0.0,0,6,21,0,0,0,0,1,0,5,0,1,4,0.37,0.02,0.39,0.85,,1.5
2026-08-11T23:19:05+00:00,2026-08-11,daily,1,2026-08-21T17:30:00Z,376,Bajcetic,LIV,MID,50,0,0,0.0,0,0,0,0,i,Hamstring injury - Expected back 23 Aug,2026-07-23T12:01:23.628373Z,,0,,,,0.0,0,0,0,0,0,0,0,0,0,0,0,0,0,0.00,0.00,0.00,0.00,,0.0
2026-08-11T23:19:05+00:00,2026-08-11,daily,1,2026-08-21T17:30:00Z,377,Munoz,LIV,MID,65,0,0,0.8,0,0,0,0,a,,,,,,,,0.0,0,0,0,0,0,0,0,0,0,0,0,0,0,0.00,0.00,0.00,0.00,,2.3
2026-08-11T23:19:05+00:00,2026-08-11,daily,1,2026-08-21T17:30:00Z,378,McConnell,LIV,MID,45,0,0,0.2,0,0,0,0,a,,,,,,,,0.0,0,0,0,0,0,0,0,0,0,0,0,0,0,0.00,0.00,0.00,0.00,,1.0
2026-08-11T23:19:05+00:00,2026-08-11,daily,1,2026-08-21T17:30:00Z,379,Isak,LIV,FWD,90,0,0,13.1,0,0,0,0,a,,,,,1,,,0.0,0,41,694,8,3,1,1,9,0,30,10,7,13,2.59,0.08,2.67,8.38,,2.7
2026-08-11T23:19:05+00:00,2026-08-11,daily,1,2026-08-21T17:30:00Z,380,Ekitiké,LIV,FWD,75,0,0,0.2,0,0,0,0,i,Achilles injury - Unknown return date,2026-07-23T12:01:23.643771Z,,0,,,,0.0,0,125,1797,21,11,4,7,25,0,85,32,11,42,10.10,2.45,12.55,26.11,,0.0
2026-08-11T23:19:05+00:00,2026-08-11,daily,1,2026-08-21T17:30:00Z,381,Koumas,LIV,MID,50,0,0,0.0,0,0,0,0,a,,,,,,,,0.0,0,0,0,0,0,0,0,0,0,0,0,0,0,0.00,0.00,0.00,0.00,,1.5
2026-08-11T23:19:05+00:00,2026-08-11,daily,1,2026-08-21T17:30:00Z,382,Danns,LIV,FWD,45,0,0,0.0,0,0,0,0,i,Unspecified injury - Unknown return date,2026-07-23T12:01:23.659279Z,,0,,,,0.0,0,0,0,0,0,0,0,0,0,0,0,0,0,0.00,0.00,0.00,0.00,,0.0
2026-08-11T23:19:05+00:00,2026-08-11,daily,1,2026-08-21T17:30:00Z,383,Elliott,LIV,MID,55,0,0,0.1,0,0,0,0,a,,,,,,,,0.0,0,5,110,1,0,0,0,2,0,6,2,0,4,0.29,0.08,0.37,1.74,,2.0
2026-08-11T23:19:05+00:00,2026-08-11,daily,1,2026-08-21T17:30:00Z,238,Grealish,MCI,MID,65,0,0,0.1,0,0,0,0,d,Foot injury - 75% chance of playing,2026-07-29T10:00:10.492904Z,,75,,,,0.0,0,79,1627,18,2,6,7,23,0,135,27,20,88,2.05,3.37,5.41,25.81,,1.7
2026-08-11T23:19:05+00:00,2026-08-11,daily,1,2026-08-21T17:30:00Z,384,Donnarumma,MCI,GKP,55,0,0,11.0,0,0,0,0,a,,,,,,,,0.0,0,135,3060,34,0,0,15,29,78,0,42,0,236,0.00,0.13,0.13,38.50,,3.3
2026-08-11T23:19:05+00:00,2026-08-11,daily,1,2026-08-21T17:30:00Z,386,Bettinelli,MCI,GKP,45,0,0,0.0,0,0,0,0,a,,,,,,,,0.0,0,0,0,0,0,0,0,0,0,0,0,0,0,0.00,0.00,0.00,0.00,,1.9
2026-08-11T23:19:05+00:00,2026-08-11,daily,1,2026-08-21T17:30:00Z,387,O'Reilly,MCI,DEF,65,0,0,22.3,0,0,0,0,a,,,,,,,,0.0,0,160,2643,29,5,4,14,25,0,172,105,67,108,6.12,2.67,8.79,34.97,,3.1
2026-08-11T23:19:05+00:00,2026-08-11,daily,1,2026-08-21T17:30:00Z,388,Guéhi,MCI,DEF,60,0,0,23.1,0,0,0,0,a,,,,,,,,0.0,0,179,3150,35,3,5,14,35,0,278,232,46,139,4.05,2.37,6.42,44.58,,2.8
2026-08-11T23:19:05+00:00,2026-08-11,daily,1,2026-08-21T17:30:00Z,389,Matheus N.,MCI,DEF,60,0,0,4.7,0,0,0,0,a,,,,,5,,,0.0,0,154,2861,32,1,8,12,28,0,195,138,57,166,0.34,2.23,2.57,34.89,,2.8
2026-08-11T23:19:05+00:00,2026-08-11,daily,1,2026-08-21T17:30:00Z,390,Rúben,MCI,DEF,55,0,0,1.6,0,0,0,0,a,,,,,,,,0.0,0,113,2139,24,2,0,12,22,0,167,154,13,74,0.57,0.65,1.22,26.07,,2.5
2026-08-11T23:19:05+00:00,2026-08-11,daily,1,2026-08-21T17:30:00Z,391,Gvardiol,MCI,DEF,55,0,0,13.4,0,0,0,0,a,,,,,,,,0.0,0,79,1370,16,2,2,6,13,0,103,86,17,49,2.25,0.70,2.95,16.05,,2.5
2026-08-11T23:19:05+00:00,2026-08-11,daily,1,2026-08-21T17:30:00Z,392,Aït-Nouri,MCI,DEF,55,0,0,1.2,0,0,0,0,a,,,,,,,,0.0,0,60,971,12,0,2,5,8,0,67,32,35,49,0.53,2.01,2.54,12.25,,2.5
2026-08-11T23:19:05+00:00,2026-08-11,daily,1,2026-08-21T17:30:00Z,393,Khusanov,MCI,DEF,55,0,0,2.0,0,0,0,0,a,,,,,,,,0.0,0,67,1427,15,0,0,6,13,0,123,96,27,75,0.65,1.21,1.86,20.89,,2.5
2026-08-11T23:19:05+00:00,2026-08-11,daily,1,2026-08-21T17:30:00Z,394,Alleyne,MCI,DEF,50,0,0,0.0,0,0,0,0,a,,,,,,,,0.0,0,5,135,2,0,0,0,1,0,11,8,3,4,0.26,0.06,0.32,1.54,,2.2
2026-08-11T23:19:05+00:00,2026-08-11,daily,1,2026-08-21T17:30:00Z,395,Lewis,MCI,DEF,45,0,0,0.2,0,0,0,0,a,,,,,,,,0.0,0,19,401,4,0,1,1,7,0,19,14,5,15,0.19,1.39,1.58,6.81,,1.7
2026-08-11T23:19:05+00:00,2026-08-11,daily,1,2026-08-21T17:30:00Z,396,Vitor Reis,MCI,DEF,45,0,0,0.0,0,0,0,0,a,,,,,,,,0.0,0,0,0,0,0,0,0,0,0,0,0,0,0,0.00,0.00,0.00,0.00,,1.7
2026-08-11T23:19:05+00:00,2026-08-11,daily,1,2026-08-21T17:30:00Z,397,Semenyo,MCI,MID,85,0,0,26.1,0,0,0,0,a,,,,,3,,,0.0,0,202,3200,37,17,6,12,52,0,236,49,45,142,11.10,3.12,14.21,47.67,,2.9
2026-08-11T23:19:05+00:00,2026-08-11,daily,1,2026-08-21T17:30:00Z,398,Foden,MCI,MID,70,0,0,6.7,0,0,0,0,a,,,,,,3,5,0.0,0,131,2078,23,7,5,11,19,0,160,24,34,102,6.03,4.76,10.79,27.38,,2.5
2026-08-11T23:19:05+00:00,2026-08-11,daily,1,2026-08-21T17:30:00Z,399,Cherki,MCI,MID,75,0,0,9.0,0,0,0,0,a,,,,,,1,6,0.0,0,135,1772,19,4,13,8,18,0,135,16,26,93,4.28,8.87,13.14,25.23,,2.6
2026-08-11T23:19:05+00:00,2026-08-11,daily,1,2026-08-21T17:30:00Z,400,Doku,MCI,MID,75,0,0,6.4,0,0,0,0,a,,,,,4,,,0.0,0,120,1773,19,5,8,8,18,0,126,15,23,88,2.87,5.86,8.73,23.20,,2.6
2026-08-11T23:19:05+00:00,2026-08-11,daily,1,2026-08-21T17:30:00Z,401,Marmoush,MCI,FWD,70,0,0,0.8,0,0,0,0,a,,,,,2,2,,0.0,0,56,691,8,3,3,4,5,0,39,6,13,20,2.78,0.77,3.55,7.92,,2.2
2026-08-11T23:19:05+00:00,2026-08-11,daily,1,2026-08-21T17:30:00Z,402,Rodrigo,MCI,MID,65,0,0,0.1,0,0,0,0,i,Back injury - Unknown return date,2026-07-23T12:01:23.675537Z,,0,,,,0.0,0,69,1510,17,1,1,5,15,0,206,57,42,107,1.15,2.45,3.60,20.74,,0.0
2026-08-11T23:19:05+00:00,2026-08-11,daily,1,2026-08-21T17:30:00Z,403,Savinho,MCI,MID,65,0,0,0.1,0,0,0,0,a,,,,,,,,0.0,0,43,817,7,1,2,3,7,0,59,11,9,39,2.50,1.59,4.09,11.24,,2.3
2026-08-11T23:19:05+00:00,2026-08-11,daily,1,2026-08-21T17:30:00Z,404,Reijnders,MCI,MID,60,0,0,0.4,0,0,0,0,a,,,,,,4,7,0.0,0,92,1623,19,5,3,7,18,0,100,32,10,58,4.61,2.35,6.96,18.82,,2.1
2026-08-11T23:19:05+00:00,2026-08-11,daily,1,2026-08-21T17:30:00Z,405,N.Gonzalez,MCI,MID,55,0,0,0.1,0,0,0,0,a,,,,,,,,0.0,0,63,1561,17,1,0,7,18,0,206,74,42,90,0.68,1.12,1.80,20.35,,2.0
2026-08-11T23:19:05+00:00,2026-08-11,daily,1,2026-08-21T17:30:00Z,406,Kovačić,MCI,MID,55,0,0,0.0,0,0,0,0,a,,,,,,,,0.0,0,9,125,1,0,1,0,3,0,18,6,2,10,0.13,0.42,0.55,4.00,,2.0
2026-08-11T23:19:05+00:00,2026-08-11,daily,1,2026-08-21T17:30:00Z,407,Echeverri,MCI,MID,50,0,0,0.0,0,0,0,0,a,,,,,,,,0.0,0,0,0,0,0,0,0,0,0,0,0,0,0,0.00,0.00,0.00,0.00,,1.5
2026-08-11T23:19:05+00:00,2026-08-11,daily,1,2026-08-21T17:30:00Z,408,Phillips,MCI,MID,50,0,0,0.0,0,0,0,0,a,,,,,,,,0.0,0,0,0,0,0,0,0,0,0,0,0,0,0,0.00,0.00,0.00,0.00,,1.5
2026-08-11T23:19:05+00:00,2026-08-11,daily,1,2026-08-21T17:30:00Z,409,Mukasa,MCI,MID,45,0,0,0.1,0,0,0,0,a,,,,,,,,0.0,0,2,25,0,0,0,0,0,0,1,0,0,1,0.00,0.21,0.21,0.34,,1.0
2026-08-11T23:19:05+00:00,2026-08-11,daily,1,2026-08-21T17:30:00Z,410,Monga,MCI,MID,50,0,0,0.0,0,0,0,0,a,,,,,,,,0.0,0,0,0,0,0,0,0,0,0,0,0,0,0,0.00,0.00,0.00,0.00,,1.5
2026-08-11T23:19:05+00:00,2026-08-11,daily,1,2026-08-21T17:30:00Z,411,Haaland,MCI,FWD,155,0,0,73.8,0,0,0,0,a,,,,,1,,,0.0,0,239,2953,34,27,8,13,32,0,104,48,15,41,25.50,2.67,28.17,38.60,,4.0
2026-08-11T23:19:05+00:00,2026-08-11,daily,1,2026-08-21T17:30:00Z,481,Anderson,MCI,MID,65,0,0,11.5,0,0,0,0,a,,,,,,,3,0.0,0,180,3332,37,4,5,10,50,0,515,106,103,306,2.94,4.79,7.73,53.65,,2.3
2026-08-11T23:19:05+00:00,2026-08-11,daily,1,2026-08-21T17:30:00Z,43,Tielemans,MUN,MID,60,0,0,1.3,0,0,0,0,a,,2026-07-23T12:01:23.321726Z,,100,3,,,0.0,0,68,1857,21,0,4,4,27,0,203,51,58,94,1.14,3.26,4.40,31.34,,2.1
2026-08-11T23:19:05+00:00,2026-08-11,daily,1,2026-08-21T17:30:00Z,162,Andrey Santos,MUN,MID,50,0,0,1.4,0,0,0,0,a,,,,,,,,0.0,0,47,1247,13,1,0,1,18,0,129,44,37,48,2.00,0.88,2.88,18.91,,1.5
2026-08-11T23:19:05+00:00,2026-08-11,daily,1,2026-08-21T17:30:00Z,325,Darlow,MUN,GKP,45,0,0,0.0,0,0,0,0,d,Unspecified injury - 75% chance of playing,2026-07-23T12:01:23.549136Z,,75,,,,0.0,0,71,1980,22,0,0,5,27,63,0,30,1,202,0.00,0.05,0.05,28.36,,1.5
2026-08-11T23:19:05+00:00,2026-08-11,daily,1,2026-08-21T17:30:00Z,412,Lammens,MUN,GKP,50,0,0,19.8,0,0,0,0,a,,,,,,,,0.0,0,109,2880,32,0,0,8,39,79,0,26,1,224,0.00,0.00,0.00,39.25,,2.6
2026-08-11T23:19:05+00:00,2026-08-11,daily,1,2026-08-21T17:30:00Z,413,Bayindir,MUN,GKP,45,0,0,0.1,0,0,0,0,u,Has joined Celta Vigo on loan for the rest of the season,2026-08-10T14:02:28.608415Z,,0,,,,0.0,0,11,540,6,0,0,0,11,13,0,7,0,39,0.00,0.05,0.05,9.24,,0.0
2026-08-11T23:19:05+00:00,2026-08-11,daily,1,2026-08-21T17:30:00Z,414,Heaton,MUN,GKP,40,0,0,0.3,0,0,0,0,a,,,,,,,,0.0,0,0,0,0,0,0,0,0,0,0,0,0,0,0.00,0.00,0.00,0.00,,1.0
2026-08-11T23:19:05+00:00,2026-08-11,daily,1,2026-08-21T17:30:00Z,415,Dorgu,MUN,MID,60,0,0,1.6,0,0,0,0,a,,,,,,,,0.0,0,95,1440,15,4,4,4,20,0,98,50,48,77,2.39,1.84,4.23,19.61,,2.1
2026-08-11T23:19:05+00:00,2026-08-11,daily,1,2026-08-21T17:30:00Z,416,De Ligt,MUN,DEF,50,0,0,0.0,0,0,0,0,i,Back injury - Unknown return date,2026-07-23T12:01:23.690880Z,,0,,,,0.0,0,43,1170,13,1,0,1,20,0,107,88,19,40,1.38,0.83,2.21,18.73,,0.0
2026-08-11T23:19:05+00:00,2026-08-11,daily,1,2026-08-21T17:30:00Z,417,Dalot,MUN,DEF,50,0,0,3.1,0,0,0,0,a,,,,,,,,0.0,0,111,2609,29,1,6,7,40,0,180,127,53,135,1.93,2.57,4.50,36.57,,2.2
2026-08-11T23:19:05+00:00,2026-08-11,daily,1,2026-08-21T17:30:00Z,418,Maguire,MUN,DEF,50,0,0,9.4,0,0,0,0,a,,,,,,,,0.0,0,90,1649,19,1,2,7,20,0,151,129,22,62,1.12,0.50,1.62,22.95,,2.2
2026-08-11T23:19:05+00:00,2026-08-11,daily,1,2026-08-21T17:30:00Z,419,Martinez,MUN,DEF,50,0,0,0.5,0,0,0,0,d,Thigh injury - 75% chance of playing,2026-07-24T20:00:10.337107Z,,75,,,,0.0,0,51,1229,13,0,0,5,15,0,105,86,19,68,0.15,0.60,0.75,15.22,,1.6
2026-08-11T23:19:05+00:00,2026-08-11,daily,1,2026-08-21T17:30:00Z,420,Yoro,MUN,DEF,50,0,0,0.8,0,0,0,0,a,,,,,,,,0.0,0,56,1730,18,0,1,2,33,0,156,126,30,73,1.34,0.59,1.93,26.83,,2.2
2026-08-11T23:19:05+00:00,2026-08-11,daily,1,2026-08-21T17:30:00Z,421,Heaven,MUN,DEF,45,0,0,0.3,0,0,0,0,a,,,,,,,,0.0,0,42,920,11,0,1,2,15,0,93,71,22,39,0.34,0.18,0.52,11.95,,1.7
2026-08-11T23:19:05+00:00,2026-08-11,daily,1,2026-08-21T17:30:00Z,422,Mazraoui,MUN,DEF,45,0,0,0.8,0,0,0,0,a,,,,,,,,0.0,0,53,977,11,0,0,5,10,0,94,66,28,46,0.19,0.35,0.53,12.99,,1.7
2026-08-11T23:19:05+00:00,2026-08-11,daily,1,2026-08-21T17:30:00Z,423,Shaw,MUN,DEF,45,0,0,24.3,0,0,0,0,a,,,,,,,3,0.0,0,113,3220,38,1,1,10,45,0,224,149,75,105,0.72,1.98,2.69,44.90,,1.7
2026-08-11T23:19:05+00:00,2026-08-11,daily,1,2026-08-21T17:30:00Z,424,Amass,MUN,DEF,40,0,0,0.2,0,0,0,0,a,,,,,,,,0.0,0,0,0,0,0,0,0,0,0,0,0,0,0,0.00,0.00,0.00,0.00,,1.0
2026-08-11T23:19:05+00:00,2026-08-11,daily,1,2026-08-21T17:30:00Z,425,Fredricson,MUN,DEF,40,0,0,0.1,0,0,0,0,a,,,,,,,,0.0,0,1,2,0,0,0,0,0,0,2,2,0,0,0.00,0.00,0.00,0.30,,1.0
2026-08-11T23:19:05+00:00,2026-08-11,daily,1,2026-08-21T17:30:00Z,426,B.Fernandes,MUN,MID,120,0,0,48.2,0,0,0,0,a,,,,,1,1,5,0.0,0,235,3065,35,9,24,7,46,0,287,67,53,167,10.79,12.28,23.07,44.42,,4.0
2026-08-11T23:19:05+00:00,2026-08-11,daily,1,2026-08-21T17:30:00Z,427,Mbeumo,MUN,MID,80,0,0,23.5,0,0,0,0,a,,,,,2,2,6,0.0,0,148,2611,31,11,3,8,37,0,139,23,25,91,11.98,4.99,16.97,35.87,,2.8
2026-08-11T23:19:05+00:00,2026-08-11,daily,1,2026-08-21T17:30:00Z,428,Cunha,MUN,MID,80,0,0,12.8,0,0,0,0,a,,,,,,,,0.0,0,143,2493,29,10,4,8,35,0,211,46,39,126,6.90,3.36,10.26,35.75,,2.8
2026-08-11T23:19:05+00:00,2026-08-11,daily,1,2026-08-21T17:30:00Z,429,Rashford,MUN,MID,70,0,0,1.5,0,0,0,0,a,,,,,,,,0.0,0,0,0,0,0,0,0,0,0,0,0,0,0,0.00,0.00,0.00,0.00,,2.5
2026-08-11T23:19:05+00:00,2026-08-11,daily,1,2026-08-21T17:30:00Z,430,Mount,MUN,MID,55,0,0,0.1,0,0,0,0,a,,,,,,3,,0.0,0,58,1010,12,3,0,5,15,0,102,19,24,59,1.56,1.62,3.18,12.46,,2.0
2026-08-11T23:19:05+00:00,2026-08-11,daily,1,2026-08-21T17:30:00Z,431,Amad,MUN,MID,60,0,0,1.7,0,0,0,0,a,,,,,,,7,0.0,0,91,2339,27,2,5,6,33,0,198,48,38,112,5.46,4.74,10.20,31.69,,2.1
2026-08-11T23:19:05+00:00,2026-08-11,daily,1,2026-08-21T17:30:00Z,432,Mainoo,MUN,MID,55,0,0,1.3,0,0,0,0,a,,,,,,,,0.0,0,73,1653,16,1,2,6,22,0,187,56,36,95,0.48,1.27,1.75,22.88,,2.0
2026-08-11T23:19:05+00:00,2026-08-11,daily,1,2026-08-21T17:30:00Z,433,Ugarte,MUN,MID,50,0,0,0.0,0,0,0,0,i,Knee injury - Unknown return date,2026-07-23T12:01:23.706702Z,,0,,,,0.0,0,38,876,8,0,0,1,23,0,142,45,46,51,0.72,0.16,0.88,18.22,,0.0
2026-08-11T23:19:05+00:00,2026-08-11,daily,1,2026-08-21T17:30:00Z,434,J.Fletcher,MUN,MID,50,0,0,0.0,0,0,0,0,a,,,,,,,,0.0,0,3,107,0,0,0,0,0,0,11,2,5,4,0.03,0.02,0.05,1.86,,1.5
2026-08-11T23:19:05+00:00,2026-08-11,daily,1,2026-08-21T17:30:00Z,435,Lacey,MUN,MID,50,0,0,0.1,0,0,0,0,a,,,,,,,,0.0,0,3,40,0,0,0,0,0,0,3,0,1,2,0.10,0.01,0.11,0.51,,1.5
2026-08-11T23:19:05+00:00,2026-08-11,daily,1,2026-08-21T17:30:00Z,436,Collyer,MUN,MID,50,0,0,0.0,0,0,0,0,a,,,,,,,,0.0,0,0,0,0,0,0,0,0,0,0,0,0,0,0.00,0.00,0.00,0.00,,1.5
2026-08-11T23:19:05+00:00,2026-08-11,daily,1,2026-08-21T17:30:00Z,437,Bendito Mantato,MUN,MID,45,0,0,0.2,0,0,0,0,a,,,,,,,,0.0,0,1,15,0,0,0,0,0,0,0,0,0,0,0.00,0.01,0.01,0.05,,1.0
2026-08-11T23:19:05+00:00,2026-08-11,daily,1,2026-08-21T17:30:00Z,438,Fletcher,MUN,MID,45,0,0,0.3,0,0,0,0,a,,,,,,,,0.0,0,2,17,0,0,0,0,0,0,2,0,0,2,0.00,0.01,0.01,0.33,,1.0
2026-08-11T23:19:05+00:00,2026-08-11,daily,1,2026-08-21T17:30:00Z,439,Šeško,MUN,FWD,70,0,0,2.3,0,0,0,0,d,Shin injury - 75% chance of playing,2026-07-23T12:01:23.722029Z,,75,,,,0.0,0,111,1630,17,11,2,2,30,0,64,20,5,39,9.21,0.28,9.48,27.05,,1.7
2026-08-11T23:19:05+00:00,2026-08-11,daily,1,2026-08-21T17:30:00Z,440,Zirkzee,MUN,FWD,55,0,0,0.6,0,0,0,0,a,,,,,,,,0.0,0,42,607,5,2,1,2,8,0,44,14,9,21,2.74,0.34,3.08,9.41,,1.8
2026-08-11T23:19:05+00:00,2026-08-11,daily,1,2026-08-21T17:30:00Z,441,Obi,MUN,FWD,45,0,0,1.2,0,0,0,0,a,,,,,,,,0.0,0,0,0,0,0,0,0,0,0,0,0,0,0,0.00,0.00,0.00,0.00,,1.0
2026-08-11T23:19:05+00:00,2026-08-11,daily,1,2026-08-21T17:30:00Z,442,Pope,NEW,GKP,50,0,0,1.2,0,0,0,0,a,,,,,,,,0.0,0,96,2416,27,0,1,7,38,89,0,35,1,254,0.16,0.00,0.16,32.89,,2.6
2026-08-11T23:19:05+00:00,2026-08-11,daily,1,2026-08-21T17:30:00Z,443,Gillespie,NEW,GKP,45,0,0,0.0,0,0,0,0,a,,,,,,,,0.0,0,0,0,0,0,0,0,0,0,0,0,0,0,0.00,0.00,0.00,0.00,,1.9
2026-08-11T23:19:05+00:00,2026-08-11,daily,1,2026-08-21T17:30:00Z,444,Jaouen,NEW,GKP,45,0,0,0.1,0,0,0,0,a,,,,,,,,0.0,0,0,0,0,0,0,0,0,0,0,0,0,0,0.00,0.00,0.00,0.00,,1.9
2026-08-11T23:19:05+00:00,2026-08-11,daily,1,2026-08-21T17:30:00Z,445,Thiaw,NEW,DEF,50,0,0,2.0,0,0,0,0,a,,,,,,,,0.0,0,126,2963,33,4,0,5,52,0,292,248,44,118,4.80,0.96,5.76,49.21,,2.2
2026-08-11T23:19:05+00:00,2026-08-11,daily,1,2026-08-21T17:30:00Z,446,Schär,NEW,DEF,50,0,0,0.2,0,0,0,0,a,,2026-07-23T12:01:23.737715Z,,100,,3,,0.0,0,51,1089,11,0,0,4,13,0,115,101,14,42,0.97,0.60,1.57,13.85,,2.2
2026-08-11T23:19:05+00:00,2026-08-11,daily,1,2026-08-21T17:30:00Z,447,Botman,NEW,DEF,50,0,0,0.4,0,0,0,0,a,,,,,,,,0.0,0,89,1834,21,1,1,5,27,0,216,195,21,89,1.73,0.86,2.59,27.58,,2.2
2026-08-11T23:19:05+00:00,2026-08-11,daily,1,2026-08-21T17:30:00Z,448,Burn,NEW,DEF,50,0,0,2.7,0,0,0,0,a,,,,,,,,0.0,0,93,2195,25,1,3,6,36,0,225,185,40,76,1.08,0.36,1.44,30.15,,2.2
2026-08-11T23:19:05+00:00,2026-08-11,daily,1,2026-08-21T17:30:00Z,449,Hall,NEW,DEF,50,0,0,4.0,0,0,0,0,a,,,,,,1,6,0.0,0,79,2176,24,1,2,4,39,0,173,119,54,134,1.01,2.78,3.79,37.72,,2.2
2026-08-11T23:19:05+00:00,2026-08-11,daily,1,2026-08-21T17:30:00Z,450,Livramento,NEW,DEF,50,0,0,0.1,0,0,0,0,d,Calf injury - 75% chance of playing,2026-07-23T12:01:23.753221Z,,75,,,,0.0,0,59,1326,14,0,1,6,14,0,68,46,22,81,0.13,0.89,1.02,18.62,,1.6
2026-08-11T23:19:05+00:00,2026-08-11,daily,1,2026-08-21T17:30:00Z,451,A.Murphy,NEW,DEF,40,0,0,0.8,0,0,0,0,a,,,,,,,,0.0,0,2,7,0,0,0,0,1,0,4,4,0,0,0.00,0.00,0.00,0.49,,1.0
2026-08-11T23:19:05+00:00,2026-08-11,daily,1,2026-08-21T17:30:00Z,453,Barnes,NEW,MID,60,0,0,1.2,0,0,0,0,a,,,,,,,,0.0,0,106,1951,19,7,1,5,31,0,100,20,13,67,6.84,2.72,9.56,30.30,,2.1
2026-08-11T23:19:05+00:00,2026-08-11,daily,1,2026-08-21T17:30:00Z,454,Elanga,NEW,MID,60,0,0,0.7,0,0,0,0,a,,,,,,,9,0.0,0,48,1302,14,0,1,2,28,0,55,9,14,32,1.65,1.74,3.39,21.11,,2.1
2026-08-11T23:19:05+00:00,2026-08-11,daily,1,2026-08-21T17:30:00Z,456,J.Ramsey,NEW,MID,50,0,0,0.4,0,0,0,0,a,,,,,,,,0.0,0,62,1441,15,2,3,1,31,0,149,23,41,85,1.20,1.45,2.65,27.24,,1.5
2026-08-11T23:19:05+00:00,2026-08-11,daily,1,2026-08-21T17:30:00Z,457,J.Murphy,NEW,MID,60,0,0,0.2,0,0,0,0,a,,,,,,,3,0.0,0,82,1606,19,3,2,8,20,0,90,27,16,47,3.07,2.66,5.73,24.35,,2.1
2026-08-11T23:19:05+00:00,2026-08-11,daily,1,2026-08-21T17:30:00Z,458,Joelinton,NEW,MID,55,0,0,0.1,0,0,0,0,a,,2026-07-23T12:01:23.769696Z,,100,,,,0.0,0,73,1950,23,2,1,5,27,0,238,73,43,122,2.36,1.35,3.71,28.75,,2.0
2026-08-11T23:19:05+00:00,2026-08-11,daily,1,2026-08-21T17:30:00Z,459,L.Miley,NEW,MID,55,0,0,0.0,0,0,0,0,i,Leg injury - Expected back 30 Aug,2026-07-23T12:01:23.785456Z,,0,,,8,0.0,0,72,1493,15,1,4,2,22,0,155,57,29,69,1.36,2.10,3.46,21.22,,0.0
2026-08-11T23:19:05+00:00,2026-08-11,daily,1,2026-08-21T17:30:00Z,460,Willock,NEW,MID,50,0,0,0.1,0,0,0,0,a,,,,,,,,0.0,0,38,972,10,0,2,3,18,0,89,17,20,52,1.26,1.07,2.33,17.83,,1.5
2026-08-11T23:19:05+00:00,2026-08-11,daily,1,2026-08-21T17:30:00Z,461,Touré,NEW,MID,60,0,0,0.3,0,0,0,0,a,,,,,,,,0.0,0,0,0,0,0,0,0,0,0,0,0,0,0,0.00,0.00,0.00,0.00,,2.1
2026-08-11T23:19:05+00:00,2026-08-11,daily,1,2026-08-21T17:30:00Z,462,Steur,NEW,MID,50,0,0,0.1,0,0,0,0,a,,,,,,,,0.0,0,0,0,0,0,0,0,0,0,0,0,0,0,0.00,0.00,0.00,0.00,,1.5
2026-08-11T23:19:05+00:00,2026-08-11,daily,1,2026-08-21T17:30:00Z,463,Woltemade,NEW,FWD,60,0,0,1.7,0,0,0,0,a,,,,,1,,,0.0,0,108,1896,24,8,4,8,29,0,105,28,24,53,6.59,1.53,8.12,25.67,,2.0
2026-08-11T23:19:05+00:00,2026-08-11,daily,1,2026-08-21T17:30:00Z,464,Wissa,NEW,FWD,60,0,0,1.7,0,0,0,0,a,,,,,4,,,0.0,0,27,517,4,1,1,1,11,0,22,3,5,14,3.13,0.54,3.67,9.97,,2.0
2026-08-11T23:19:05+00:00,2026-08-11,daily,1,2026-08-21T17:30:00Z,465,Osula,NEW,FWD,60,0,0,1.4,0,0,0,0,a,,,,,2,,,0.0,0,76,805,8,7,1,2,14,0,31,2,6,23,4.28,0.62,4.90,14.48,,2.0
2026-08-11T23:19:05+00:00,2026-08-11,daily,1,2026-08-21T17:30:00Z,466,Neave,NEW,FWD,45,0,0,0.7,0,0,0,0,a,,,,,,,,0.0,0,1,13,0,0,0,0,1,0,0,0,0,0,0.03,0.00,0.03,0.37,,1.0
2026-08-11T23:19:05+00:00,2026-08-11,daily,1,2026-08-21T17:30:00Z,559,Bamba,NEW,MID,50,0,0,0.1,0,0,0,0,a,,,,,,,,0.0,0,0,0,0,0,0,0,0,0,0,0,0,0,0.00,0.00,0.00,0.00,,1.5
2026-08-11T23:19:05+00:00,2026-08-11,daily,1,2026-08-21T17:30:00Z,567,Horníček,NEW,GKP,50,0,0,0.4,0,0,0,0,a,,,,,,,,0.0,0,0,0,0,0,0,0,0,0,0,0,0,0,0.00,0.00,0.00,0.00,,2.6
2026-08-11T23:19:05+00:00,2026-08-11,daily,1,2026-08-21T17:30:00Z,467,Sels,NFO,GKP,50,0,0,1.5,0,0,0,0,a,,,,,,,,0.0,0,105,2667,30,0,0,7,39,95,0,26,1,197,0.00,0.06,0.06,45.12,,2.6
2026-08-11T23:19:05+00:00,2026-08-11,daily,1,2026-08-21T17:30:00Z,468,John,NFO,GKP,45,0,0,0.1,0,0,0,0,a,,,,,,,,0.0,0,11,437,5,0,0,1,8,6,0,4,0,26,0.00,0.00,0.00,6.13,,1.9
2026-08-11T23:19:05+00:00,2026-08-11,daily,1,2026-08-21T17:30:00Z,469,N.Williams,NFO,DEF,50,0,0,12.1,0,0,0,0,a,,,,,,3,6,0.0,0,128,3203,36,2,3,9,48,0,247,151,96,164,2.01,3.97,5.98,51.36,,2.2
2026-08-11T23:19:05+00:00,2026-08-11,daily,1,2026-08-21T17:30:00Z,470,Morato,NFO,DEF,50,0,0,0.1,0,0,0,0,a,,,,,,,,0.0,0,53,1340,14,1,0,2,23,0,144,114,30,52,1.32,0.15,1.47,24.34,,2.2
2026-08-11T23:19:05+00:00,2026-08-11,daily,1,2026-08-21T17:30:00Z,471,Milenković,NFO,DEF,55,0,0,2.3,0,0,0,0,a,,,,,,,,0.0,0,119,3375,37,0,1,9,51,0,311,281,30,107,0.83,0.68,1.51,54.98,,2.5
2026-08-11T23:19:05+00:00,2026-08-11,daily,1,2026-08-21T17:30:00Z,472,Murillo,NFO,DEF,55,0,0,0.5,0,0,0,0,a,,2026-07-23T12:01:23.801183Z,,100,,2,,0.0,0,83,2130,25,1,0,6,29,0,223,188,35,102,0.73,0.47,1.20,32.99,,2.5
2026-08-11T23:19:05+00:00,2026-08-11,daily,1,2026-08-21T17:30:00Z,473,Aina,NFO,DEF,45,0,0,4.3,0,0,0,0,a,,,,,,,,0.0,0,67,1587,18,0,2,6,19,0,130,99,31,81,0.41,0.84,1.25,25.31,,1.7
2026-08-11T23:19:05+00:00,2026-08-11,daily,1,2026-08-21T17:30:00Z,474,Jair Cunha,NFO,DEF,45,0,0,0.4,0,0,0,0,a,,,,,,,,0.0,0,13,514,6,0,0,0,7,0,47,38,9,13,0.27,0.06,0.33,10.35,,1.7
2026-08-11T23:19:05+00:00,2026-08-11,daily,1,2026-08-21T17:30:00Z,475,Savona,NFO,DEF,45,0,0,0.0,0,0,0,0,i,Knee injury - Unknown return date,2026-07-23T12:01:23.816304Z,,0,,,,0.0,0,39,1025,11,2,0,3,18,0,57,37,20,27,1.34,0.45,1.79,15.04,,0.0
2026-08-11T23:19:05+00:00,2026-08-11,daily,1,2026-08-21T17:30:00Z,476,O.Richards,NFO,DEF,40,0,0,0.2,0,0,0,0,a,,,,,,,,0.0,0,0,0,0,0,0,0,0,0,0,0,0,0,0.00,0.00,0.00,0.00,,1.0
2026-08-11T23:19:05+00:00,2026-08-11,daily,1,2026-08-21T17:30:00Z,477,Abbott,NFO,DEF,40,0,0,0.2,0,0,0,0,a,,,,,,,,0.0,0,3,165,2,0,0,0,4,0,13,9,4,10,0.00,0.01,0.01,3.47,,1.0
2026-08-11T23:19:05+00:00,2026-08-11,daily,1,2026-08-21T17:30:00Z,478,Netz,NFO,DEF,45,0,0,0.0,0,0,0,0,a,,,,,,,,0.0,0,11,353,3,0,0,0,5,0,27,15,12,15,0.00,0.41,0.41,7.87,,1.7
2026-08-11T23:19:05+00:00,2026-08-11,daily,1,2026-08-21T17:30:00Z,479,Bindon,NFO,DEF,40,0,0,0.2,0,0,0,0,a,,,,,,,,0.0,0,0,0,0,0,0,0,0,0,0,0,0,0,0.00,0.00,0.00,0.00,,1.0
2026-08-11T23:19:05+00:00,2026-08-11,daily,1,2026-08-21T17:30:00Z,480,Gibbs-White,NFO,MID,80,0,0,11.6,0,0,0,0,a,,,,,2,1,,0.0,0,188,3101,35,15,4,10,45,0,178,48,20,110,10.81,2.91,13.72,49.70,,2.8
2026-08-11T23:19:05+00:00,2026-08-11,daily,1,2026-08-21T17:30:00Z,482,Hudson-Odoi,NFO,MID,60,0,0,0.1,0,0,0,0,a,,2026-07-23T12:01:23.832709Z,,100,,4,,0.0,0,88,1838,21,3,4,6,26,0,106,24,14,68,2.77,3.02,5.79,30.88,,2.1
2026-08-11T23:19:05+00:00,2026-08-11,daily,1,2026-08-21T17:30:00Z,483,Ndoye,NFO,MID,55,0,0,0.5,0,0,0,0,a,,,,,,,3,0.0,0,50,1167,14,1,2,2,17,0,96,24,22,50,1.05,1.51,2.56,15.96,,2.0
2026-08-11T23:19:05+00:00,2026-08-11,daily,1,2026-08-21T17:30:00Z,484,Hutchinson,NFO,MID,55,0,0,0.2,0,0,0,0,a,,,,,,,5,0.0,0,82,1676,17,1,7,6,24,0,129,20,22,87,2.01,3.87,5.88,24.42,,2.0
2026-08-11T23:19:05+00:00,2026-08-11,daily,1,2026-08-21T17:30:00Z,485,Bakwa,NFO,MID,55,0,0,0.0,0,0,0,0,a,,,,,,,7,0.0,0,26,549,6,0,2,2,10,0,35,3,4,28,0.54,1.01,1.55,10.94,,2.0
2026-08-11T23:19:05+00:00,2026-08-11,daily,1,2026-08-21T17:30:00Z,486,McAtee,NFO,MID,55,0,0,0.0,0,0,0,0,a,,,,,,,,0.0,0,17,288,2,0,1,0,9,0,32,7,7,18,0.18,0.37,0.55,7.34,,2.0
2026-08-11T23:19:05+00:00,2026-08-11,daily,1,2026-08-21T17:30:00Z,487,Dominguez,NFO,MID,50,0,0,0.1,0,0,0,0,a,,,,,,,,0.0,0,48,1168,17,1,1,3,20,0,143,29,56,58,1.47,0.77,2.24,23.21,,1.5
2026-08-11T23:19:05+00:00,2026-08-11,daily,1,2026-08-21T17:30:00Z,488,Sangaré,NFO,MID,50,0,0,0.6,0,0,0,0,a,,,,,,,,0.0,0,89,2073,25,2,2,8,26,0,267,95,58,114,1.16,1.80,2.96,33.17,,1.5
2026-08-11T23:19:05+00:00,2026-08-11,daily,1,2026-08-21T17:30:00Z,489,Yates,NFO,MID,45,0,0,7.0,0,0,0,0,a,,,,,,,,0.0,0,30,602,2,0,2,0,7,0,69,35,16,18,0.49,0.37,0.86,8.56,,1.0
2026-08-11T23:19:05+00:00,2026-08-11,daily,1,2026-08-21T17:30:00Z,490,Wood,NFO,FWD,60,0,0,1.8,0,0,0,0,a,,,,,1,,,0.0,0,41,896,11,3,0,2,14,0,29,14,1,14,4.29,0.32,4.61,14.44,,2.0
2026-08-11T23:19:05+00:00,2026-08-11,daily,1,2026-08-21T17:30:00Z,491,Igor Jesus,NFO,FWD,60,0,0,5.2,0,0,0,0,a,,,,,3,,,0.0,0,114,2293,28,6,6,9,37,0,123,38,24,61,6.48,1.26,7.74,38.77,,2.0
2026-08-11T23:19:05+00:00,2026-08-11,daily,1,2026-08-21T17:30:00Z,492,Awoniyi,NFO,FWD,55,0,0,0.4,0,0,0,0,a,,,,,,,,0.0,0,43,480,3,4,2,1,4,0,26,6,2,18,3.68,0.77,4.45,10.35,,1.8
2026-08-11T23:19:05+00:00,2026-08-11,daily,1,2026-08-21T17:30:00Z,493,Kalimuendo,NFO,FWD,55,0,0,0.1,0,0,0,0,a,,,,,,,,0.0,0,9,89,0,0,0,0,3,0,6,1,1,4,0.44,0.02,0.46,1.57,,1.8
2026-08-11T23:19:05+00:00,2026-08-11,daily,1,2026-08-21T17:30:00Z,558,Schlager,NFO,MID,50,0,0,0.1,0,0,0,0,a,,,,,,,,0.0,0,0,0,0,0,0,0,0,0,0,0,0,0,0.00,0.00,0.00,0.00,,1.5
2026-08-11T23:19:05+00:00,2026-08-11,daily,1,2026-08-21T17:30:00Z,112,Van Hecke,TOT,DEF,50,0,0,8.4,0,0,0,0,a,,,,,,,,0.0,0,148,3210,36,3,3,10,44,0,317,264,53,113,3.31,1.57,4.87,46.27,,2.2
2026-08-11T23:19:05+00:00,2026-08-11,daily,1,2026-08-21T17:30:00Z,455,Tonali,TOT,MID,55,0,0,4.2,0,0,0,0,a,,,,,,4,10,0.0,0,81,2534,31,0,2,7,38,0,257,75,35,147,1.75,2.87,4.62,36.19,,2.0
2026-08-11T23:19:05+00:00,2026-08-11,daily,1,2026-08-21T17:30:00Z,494,Vicario,TOT,GKP,45,0,0,1.4,0,0,0,0,a,,,,,,,,0.0,0,90,2790,31,0,0,7,50,83,0,35,1,247,0.00,0.04,0.04,46.21,,1.9
2026-08-11T23:19:05+00:00,2026-08-11,daily,1,2026-08-21T17:30:00Z,495,Austin,TOT,GKP,40,0,0,0.6,0,0,0,0,a,,,,,,,,0.0,0,0,0,0,0,0,0,0,0,0,0,0,0,0.00,0.00,0.00,0.00,,1.0
2026-08-11T23:19:05+00:00,2026-08-11,daily,1,2026-08-21T17:30:00Z,496,Kinsky,TOT,GKP,45,0,0,19.5,0,0,0,0,a,,,,,,,,0.0,0,20,630,7,0,0,2,7,10,0,10,0,33,0.00,0.00,0.00,5.55,,1.9
2026-08-11T23:19:05+00:00,2026-08-11,daily,1,2026-08-21T17:30:00Z,497,Dubravka,TOT,GKP,40,0,0,22.7,0,0,0,0,a,,,,,,,,0.0,0,96,3150,35,0,0,4,71,127,0,59,1,291,0.00,0.04,0.04,71.26,,1.0
2026-08-11T23:19:05+00:00,2026-08-11,daily,1,2026-08-21T17:30:00Z,498,Senesi,TOT,DEF,60,0,0,10.4,0,0,0,0,a,,,,,,,,0.0,0,175,3288,37,0,6,11,53,0,419,357,62,155,1.53,4.72,6.25,54.77,,2.8
2026-08-11T23:19:05+00:00,2026-08-11,daily,1,2026-08-21T17:30:00Z,499,Pedro Porro,TOT,DEF,55,0,0,23.3,0,0,0,0,a,,,,,,1,6,0.0,0,117,2793,32,1,3,9,40,0,218,142,76,132,1.05,4.37,5.42,37.75,,2.5
2026-08-11T23:19:05+00:00,2026-08-11,daily,1,2026-08-21T17:30:00Z,500,Romero,TOT,DEF,50,0,0,1.1,0,0,0,0,a,,,,,,,,0.0,0,91,1869,22,4,1,5,33,0,197,139,58,88,1.39,1.25,2.64,28.32,,2.2
2026-08-11T23:19:05+00:00,2026-08-11,daily,1,2026-08-21T17:30:00Z,501,Danso,TOT,DEF,50,0,0,0.2,0,0,0,0,a,,,,,,,,0.0,0,63,1489,17,0,0,4,25,0,192,165,27,45,0.62,0.28,0.90,20.15,,2.2
2026-08-11T23:19:05+00:00,2026-08-11,daily,1,2026-08-21T17:30:00Z,502,Robertson,TOT,DEF,45,0,0,1.9,0,0,0,0,a,,,,,,,,0.0,0,55,1165,11,1,0,4,16,0,55,43,12,40,1.10,1.40,2.49,17.44,,1.7
2026-08-11T23:19:05+00:00,2026-08-11,daily,1,2026-08-21T17:30:00Z,503,Van de Ven,TOT,DEF,50,0,0,7.1,0,0,0,0,a,,,,,,,,0.0,0,116,3041,35,4,1,9,50,0,212,174,38,121,2.82,0.38,3.20,42.99,,2.2
2026-08-11T23:19:05+00:00,2026-08-11,daily,1,2026-08-21T17:30:00Z,505,Spence,TOT,DEF,45,0,0,8.5,0,0,0,0,a,,,,,,,,0.0,0,78,2049,23,0,0,9,31,0,116,72,44,112,0.90,1.77,2.67,31.42,,1.7
2026-08-11T23:19:05+00:00,2026-08-11,daily,1,2026-08-21T17:30:00Z,506,Udogie,TOT,DEF,45,0,0,0.4,0,0,0,0,a,,,,,,,,0.0,0,29,1335,14,0,1,1,25,0,68,37,31,70,0.18,0.72,0.90,19.15,,1.7
2026-08-11T23:19:05+00:00,2026-08-11,daily,1,2026-08-21T17:30:00Z,507,Phillips,TOT,DEF,45,0,0,0.1,0,0,0,0,a,,,,,,,,0.0,0,0,0,0,0,0,0,0,0,0,0,0,0,0.00,0.00,0.00,0.00,,1.7
2026-08-11T23:19:05+00:00,2026-08-11,daily,1,2026-08-21T17:30:00Z,508,Davies,TOT,DEF,40,0,0,0.8,0,0,0,0,a,,,,,,,,0.0,0,10,136,2,1,0,0,3,0,14,9,5,5,0.49,0.07,0.56,1.11,,1.0
2026-08-11T23:19:05+00:00,2026-08-11,daily,1,2026-08-21T17:30:00Z,509,Byfield,TOT,DEF,40,0,0,0.1,0,0,0,0,a,,,,,,,,0.0,0,1,1,0,0,0,0,0,0,0,0,0,0,0.00,0.00,0.00,0.00,,1.0
2026-08-11T23:19:05+00:00,2026-08-11,daily,1,2026-08-21T17:30:00Z,510,Rowswell,TOT,DEF,40,0,0,0.1,0,0,0,0,a,,,,,,,,0.0,0,1,1,0,0,0,0,0,0,0,0,0,0,0.00,0.00,0.00,0.36,,1.0
2026-08-11T23:19:05+00:00,2026-08-11,daily,1,2026-08-21T17:30:00Z,511,Souza,TOT,DEF,40,0,0,0.3,0,0,0,0,a,,,,,,,,0.0,0,3,142,2,0,0,0,3,0,6,6,0,3,0.02,0.03,0.05,2.61,,1.0
2026-08-11T23:19:05+00:00,2026-08-11,daily,1,2026-08-21T17:30:00Z,512,Kudus,TOT,MID,65,0,0,0.2,0,0,0,0,d,Thigh injury - 75% chance of playing,2026-07-23T12:01:23.848657Z,,75,2,3,7,0.0,0,75,1535,19,2,6,7,20,0,133,9,29,95,1.92,2.41,4.33,22.74,,1.7
2026-08-11T23:19:05+00:00,2026-08-11,daily,1,2026-08-21T17:30:00Z,513,Xavi,TOT,MID,60,0,0,0.0,0,0,0,0,i,Knee injury - Unknown return date,2026-07-23T12:01:23.864304Z,,0,3,2,8,0.0,0,80,1747,19,2,5,4,36,0,149,28,34,87,3.06,3.85,6.91,30.71,,0.0
2026-08-11T23:19:05+00:00,2026-08-11,daily,1,2026-08-21T17:30:00Z,514,Tel,TOT,MID,60,0,0,0.4,0,0,0,0,a,,,,,,,9,0.0,0,78,1334,13,4,2,3,23,0,111,19,20,72,2.47,2.43,4.89,17.29,,2.1
2026-08-11T23:19:05+00:00,2026-08-11,daily,1,2026-08-21T17:30:00Z,515,Maddison,TOT,MID,65,0,0,1.8,0,0,0,0,a,,,,,,,,0.0,0,3,34,0,0,0,0,0,0,5,0,1,4,0.21,0.06,0.27,0.65,,2.3
2026-08-11T23:19:05+00:00,2026-08-11,daily,1,2026-08-21T17:30:00Z,516,Bentancur,TOT,MID,55,0,0,0.2,0,0,0,0,a,,,,,,,,0.0,0,86,1880,23,1,1,8,25,0,278,91,56,131,0.72,0.84,1.56,23.65,,2.0
2026-08-11T23:19:05+00:00,2026-08-11,daily,1,2026-08-21T17:30:00Z,517,Odobert,TOT,MID,55,0,0,0.0,0,0,0,0,i,Knee injury - Unknown return date,2026-07-23T12:01:23.879434Z,,0,,,,0.0,0,46,972,10,0,2,2,13,0,77,14,10,53,1.92,1.21,3.13,14.24,,0.0
2026-08-11T23:19:05+00:00,2026-08-11,daily,1,2026-08-21T17:30:00Z,518,P.M.Sarr,TOT,MID,50,0,0,0.4,0,0,0,0,a,,,,,,,,0.0,0,71,1388,13,2,4,3,23,0,183,74,32,77,1.63,1.11,2.74,26.67,,1.5
2026-08-11T23:19:05+00:00,2026-08-11,daily,1,2026-08-21T17:30:00Z,519,Gallagher,TOT,MID,55,0,0,0.3,0,0,0,0,a,,,,,,,,0.0,0,44,1183,14,1,1,2,23,0,124,29,22,73,1.23,0.70,1.93,19.03,,2.0
2026-08-11T23:19:05+00:00,2026-08-11,daily,1,2026-08-21T17:30:00Z,520,Bergvall,TOT,MID,55,0,0,0.2,0,0,0,0,a,,,,,,,,0.0,0,49,955,11,1,3,3,18,0,79,18,22,39,1.23,0.43,1.66,13.66,,2.0
2026-08-11T23:19:05+00:00,2026-08-11,daily,1,2026-08-21T17:30:00Z,521,Kulusevski,TOT,MID,65,0,0,0.0,0,0,0,0,i,Knee injury - Unknown return date,2026-07-23T12:01:23.895175Z,,0,,,,0.0,0,0,0,0,0,0,0,0,0,0,0,0,0,0.00,0.00,0.00,0.00,,0.0
2026-08-11T23:19:05+00:00,2026-08-11,daily,1,2026-08-21T17:30:00Z,522,Gray,TOT,MID,50,0,0,0.2,0,0,0,0,a,,,,,,,,0.0,0,61,1471,18,2,2,5,28,0,132,65,11,56,1.50,1.29,2.79,24.80,,1.5
2026-08-11T23:19:05+00:00,2026-08-11,daily,1,2026-08-21T17:30:00Z,523,Moore,TOT,MID,50,0,0,0.1,0,0,0,0,a,,,,,,,,0.0,0,0,0,0,0,0,0,0,0,0,0,0,0,0.00,0.00,0.00,0.00,,1.5
2026-08-11T23:19:05+00:00,2026-08-11,daily,1,2026-08-21T17:30:00Z,524,Olusesi,TOT,MID,45,0,0,0.9,0,0,0,0,a,,,,,,,,0.0,0,1,14,0,0,0,0,0,0,2,0,0,2,0.00,0.01,0.01,0.75,,1.0
2026-08-11T23:19:05+00:00,2026-08-11,daily,1,2026-08-21T17:30:00Z,525,Fernandes,TOT,MID,60,0,0,3.0,0,0,0,0,a,,,,,,,,0.0,0,135,3017,35,3,4,8,50,0,369,84,103,182,1.99,2.96,4.95,48.30,,2.1
2026-08-11T23:19:05+00:00,2026-08-11,daily,1,2026-08-21T17:30:00Z,526,Solanke,TOT,FWD,60,0,0,2.3,0,0,0,0,a,,,,,1,,,0.0,0,40,997,11,3,0,0,21,0,71,16,22,33,2.97,0.34,3.30,17.80,,2.0
2026-08-11T23:19:05+00:00,2026-08-11,daily,1,2026-08-21T17:30:00Z,527,Richarlison,TOT,FWD,60,0,0,2.0,0,0,0,0,a,,,,,4,,,0.0,0,119,1954,20,11,4,7,27,0,147,60,27,60,8.64,1.46,10.10,25.64,,2.0
2026-08-11T23:19:05+00:00,2026-08-11,daily,1,2026-08-21T17:30:00Z,528,Scarlett,TOT,FWD,45,0,0,1.7,0,0,0,0,a,,,,,,,,0.0,0,2,7,0,0,0,0,0,0,1,0,0,1,0.00,0.01,0.01,0.03,,1.0
2026-08-11T23:19:05+00:00,2026-08-11,daily,1,2026-08-21T17:30:00Z,529,Roefs,SUN,GKP,50,0,0,5.0,0,0,0,0,a,,,,,,,,0.0,0,136,3150,35,0,0,10,46,109,0,37,0,333,0.00,0.10,0.10,50.05,,2.6
2026-08-11T23:19:05+00:00,2026-08-11,daily,1,2026-08-21T17:30:00Z,530,Patterson,SUN,GKP,40,0,0,1.0,0,0,0,0,a,,,,,,,,0.0,0,0,0,0,0,0,0,0,0,0,0,0,0,0.00,0.00,0.00,0.00,,1.0
2026-08-11T23:19:05+00:00,2026-08-11,daily,1,2026-08-21T17:30:00Z,531,Ellborg,SUN,GKP,45,0,0,0.1,0,0,0,0,a,,,,,,,,0.0,0,16,270,3,0,0,1,2,10,0,6,0,33,0.00,0.02,0.02,4.10,,1.9
2026-08-11T23:19:05+00:00,2026-08-11,daily,1,2026-08-21T17:30:00Z,532,Ballard,SUN,DEF,50,0,0,4.2,0,0,0,0,a,,,,,,,,0.0,0,116,2144,24,2,2,6,35,0,264,231,33,69,2.46,0.63,3.09,33.20,,2.2
2026-08-11T23:19:05+00:00,2026-08-11,daily,1,2026-08-21T17:30:00Z,533,Mukiele,SUN,DEF,55,0,0,5.6,0,0,0,0,d,Knock - 75% chance of playing,2026-08-09T08:30:05.954750Z,,75,,,,0.0,0,151,2784,32,3,5,9,40,0,273,204,69,131,1.62,2.65,4.27,44.71,,1.9
2026-08-11T23:19:05+00:00,2026-08-11,daily,1,2026-08-21T17:30:00Z,534,Hume,SUN,DEF,45,0,0,4.4,0,0,0,0,a,,,,,,,5,0.0,0,110,3032,34,2,1,9,42,0,203,135,68,102,2.27,2.05,4.32,47.27,,1.7
2026-08-11T23:19:05+00:00,2026-08-11,daily,1,2026-08-21T17:30:00Z,535,Alderete,SUN,DEF,50,0,0,0.8,0,0,0,0,d,Knock - 75% chance of playing,2026-08-09T08:30:05.962393Z,,75,,,,0.0,0,125,2797,32,1,1,10,40,0,312,280,32,103,1.62,0.91,2.52,44.52,,1.6
2026-08-11T23:19:05+00:00,2026-08-11,daily,1,2026-08-21T17:30:00Z,536,Reinildo,SUN,DEF,45,0,0,0.5,0,0,0,0,a,,,,,,,,0.0,0,74,1966,23,0,2,6,27,0,164,125,39,90,0.13,0.62,0.75,26.72,,1.7
2026-08-11T23:19:05+00:00,2026-08-11,daily,1,2026-08-21T17:30:00Z,537,Seelt,SUN,DEF,45,0,0,0.0,0,0,0,0,a,,,,,,,,0.0,0,2,133,1,0,0,0,2,0,12,8,4,6,0.00,0.01,0.01,1.33,,1.7
2026-08-11T23:19:05+00:00,2026-08-11,daily,1,2026-08-21T17:30:00Z,538,Hjelde,SUN,DEF,40,0,0,0.3,0,0,0,0,a,,,,,,,,0.0,0,0,0,0,0,0,0,0,0,0,0,0,0,0.00,0.00,0.00,0.00,,1.0
2026-08-11T23:19:05+00:00,2026-08-11,daily,1,2026-08-21T17:30:00Z,539,O'Nien,SUN,DEF,40,0,0,2.5,0,0,0,0,a,,,,,,,,0.0,0,26,565,5,0,1,2,7,0,43,37,6,10,0.15,0.13,0.28,9.24,,1.0
2026-08-11T23:19:05+00:00,2026-08-11,daily,1,2026-08-21T17:30:00Z,540,Masuaku,SUN,DEF,40,0,0,1.5,0,0,0,0,a,,,,,,,,0.0,0,1,125,2,0,0,0,2,0,10,6,4,3,0.07,0.08,0.15,2.09,,1.0
2026-08-11T23:19:05+00:00,2026-08-11,daily,1,2026-08-21T17:30:00Z,541,Meunier,SUN,DEF,45,0,0,0.5,0,0,0,0,a,,,,,,,,0.0,0,0,0,0,0,0,0,0,0,0,0,0,0,0.00,0.00,0.00,0.00,,1.7
2026-08-11T23:19:05+00:00,2026-08-11,daily,1,2026-08-21T17:30:00Z,542,E.Le Fée,SUN,MID,60,0,0,12.9,0,0,0,0,a,,,,,2,2,6,0.0,0,147,2930,33,5,6,10,43,0,319,77,89,153,5.22,5.95,11.17,46.50,,2.1
2026-08-11T23:19:05+00:00,2026-08-11,daily,1,2026-08-21T17:30:00Z,543,Diarra,SUN,MID,55,0,0,0.1,0,0,0,0,a,,,,,1,,,0.0,0,65,1403,15,2,6,5,19,0,79,17,14,48,3.27,0.85,4.12,21.52,,2.0
2026-08-11T23:19:05+00:00,2026-08-11,daily,1,2026-08-21T17:30:00Z,544,Xhaka,SUN,MID,55,0,0,5.4,0,0,0,0,a,,,,,,1,4,0.0,0,124,2901,32,1,6,9,39,0,362,134,50,178,1.01,3.73,4.74,45.68,,2.0
2026-08-11T23:19:05+00:00,2026-08-11,daily,1,2026-08-21T17:30:00Z,545,Sadiki,SUN,MID,50,0,0,0.4,0,0,0,0,a,,,,,,,,0.0,0,80,2891,33,0,2,9,42,0,248,89,46,113,1.43,1.46,2.89,41.39,,1.5
2026-08-11T23:19:05+00:00,2026-08-11,daily,1,2026-08-21T17:30:00Z,546,Adingra,SUN,MID,50,0,0,0.3,0,0,0,0,a,,,,,,,,0.0,0,34,649,9,1,1,4,8,0,45,13,11,21,0.35,0.62,0.97,11.30,,1.5
2026-08-11T23:19:05+00:00,2026-08-11,daily,1,2026-08-21T17:30:00Z,547,Mundle,SUN,MID,50,0,0,0.0,0,0,0,0,a,,,,,,,,0.0,0,14,399,2,0,0,0,11,0,33,6,5,22,0.87,0.48,1.35,8.54,,1.5
2026-08-11T23:19:05+00:00,2026-08-11,daily,1,2026-08-21T17:30:00Z,548,Rigg,SUN,MID,50,0,0,0.1,0,0,0,0,a,,,,,,,,0.0,0,36,758,11,1,1,3,11,0,57,15,13,29,0.86,0.93,1.79,12.46,,1.5
2026-08-11T23:19:05+00:00,2026-08-11,daily,1,2026-08-21T17:30:00Z,549,Talbi,SUN,MID,55,0,0,0.2,0,0,0,0,a,,,,,,,,0.0,0,83,1553,16,4,2,7,14,0,92,20,11,61,2.13,1.18,3.30,22.26,,2.0
2026-08-11T23:19:05+00:00,2026-08-11,daily,1,2026-08-21T17:30:00Z,550,Jocelin.T,SUN,MID,50,0,0,0.0,0,0,0,0,a,,,,,,,,0.0,0,1,38,1,0,0,0,0,0,3,0,1,2,0.00,0.04,0.04,0.24,,1.5
2026-08-11T23:19:05+00:00,2026-08-11,daily,1,2026-08-21T17:30:00Z,551,Angulo,SUN,MID,50,0,0,0.1,0,0,0,0,a,,,,,,,,0.0,0,13,401,5,0,0,1,6,0,35,16,10,9,0.77,0.12,0.89,7.26,,1.5
2026-08-11T23:19:05+00:00,2026-08-11,daily,1,2026-08-21T17:30:00Z,552,Brobbey,SUN,FWD,60,0,0,17.4,0,0,0,0,a,,,,,,,,0.0,0,92,1920,22,7,2,6,30,0,74,21,9,44,6.02,0.67,6.69,31.40,,2.0
2026-08-11T23:19:05+00:00,2026-08-11,daily,1,2026-08-21T17:30:00Z,553,Isidor,SUN,FWD,55,0,0,1.2,0,0,0,0,a,,,,,,,,0.0,0,74,1148,11,6,1,4,17,0,51,17,11,23,4.70,0.38,5.08,19.82,,1.8
