snapshot_utc,snapshot_date,snapshot_kind,event,deadline_time,id,web_name,team,position,now_cost,cost_change_event,cost_change_start,selected_by_percent,transfers_in_event,transfers_out_event,transfers_in,transfers_out,status,news,news_added,chance_of_playing_this_round,chance_of_playing_next_round,penalties_order,direct_freekicks_order,corners_and_indirect_freekicks_order,form,event_points,total_points,minutes,starts,goals_scored,assists,clean_sheets,goals_conceded,saves,defensive_contribution,clearances_blocks_interceptions,tackles,recoveries,expected_goals,expected_assists,expected_goal_involvements,expected_goals_conceded,ep_this,ep_next
2026-09-25T00:42:39+00:00,2026-09-24,daily,6,2026-10-10T10:00:00Z,1,Raya,ARS,GKP,61,1,1,42.2,113406,40177,953805,632581,a,,,,,,,,6.0,1,30,450,5,0,0,3,4,9,0,6,1,58,0.00,0.01,0.01,4.03,6.0,6.0
2026-09-25T00:42:39+00:00,2026-09-24,daily,6,2026-10-10T10:00:00Z,2,Arrizabalaga,ARS,GKP,49,0,-1,0.1,88,209,1465,4222,a,,,,,,,,0.0,0,0,0,0,0,0,0,0,0,0,0,0,0,0.00,0.00,0.00,0.00,0.0,0.0
2026-09-25T00:42:39+00:00,2026-09-24,daily,6,2026-10-10T10:00:00Z,3,Meslier,ARS,GKP,49,0,-1,0.0,41,102,508,1562,a,,,,,,,,0.0,0,0,0,0,0,0,0,0,0,0,0,0,0,0.00,0.00,0.00,0.00,0.0,0.0
2026-09-25T00:42:39+00:00,2026-09-24,daily,6,2026-10-10T10:00:00Z,4,Gabriel,ARS,DEF,80,0,0,22.8,20228,58817,230471,901708,a,,,,,,,,5.0,1,25,450,5,0,0,3,4,0,41,35,6,17,0.51,0.20,0.71,4.03,5.0,5.0
2026-09-25T00:42:39+00:00,2026-09-24,daily,6,2026-10-10T10:00:00Z,5,J.Timber,ARS,DEF,65,0,0,0.4,10462,3364,32118,14117,a,,2026-07-23T12:01:23.272929Z,100,100,,,,0.2,0,1,104,1,0,0,0,3,0,5,2,3,7,0.00,0.03,0.03,2.18,0.2,0.2
2026-09-25T00:42:39+00:00,2026-09-24,daily,6,2026-10-10T10:00:00Z,6,Saliba,ARS,DEF,59,0,-1,0.2,326,955,3408,18508,i,Back injury - Unknown return date,2026-07-23T12:01:23.289376Z,0,0,,,,0.0,0,0,0,0,0,0,0,0,0,0,0,0,0,0.00,0.00,0.00,0.00,0.0,0.0
2026-09-25T00:42:39+00:00,2026-09-24,daily,6,2026-10-10T10:00:00Z,7,Lewis-Skelly,ARS,MID,54,-1,-1,0.6,751,4529,29428,49333,a,,,,,,,,1.5,0,9,271,4,0,0,2,1,0,14,5,1,8,0.16,0.23,0.39,1.02,1.5,1.5
2026-09-25T00:42:39+00:00,2026-09-24,daily,6,2026-10-10T10:00:00Z,8,Calafiori,ARS,DEF,58,0,3,50.5,65430,55183,1645438,393690,a,,,,,,,,5.0,1,29,416,5,0,2,3,4,0,18,12,6,13,0.67,0.62,1.29,3.76,5.0,5.0
2026-09-25T00:42:39+00:00,2026-09-24,daily,6,2026-10-10T10:00:00Z,9,Hincapie,ARS,DEF,52,-1,-3,0.9,1229,5167,16048,116878,a,,,,,,,,0.2,0,2,32,0,0,0,0,0,0,3,2,1,0,0.00,0.00,0.00,0.28,0.2,0.2
2026-09-25T00:42:39+00:00,2026-09-24,daily,6,2026-10-10T10:00:00Z,10,White,ARS,DEF,55,0,0,5.0,3171,59650,455929,558431,d,Groin injury - 75% chance of playing,2026-09-20T19:30:08.247780Z,100,75,,,,2.5,0,21,315,4,0,1,2,1,0,18,12,6,9,0.18,0.29,0.47,1.15,2.5,1.9
2026-09-25T00:42:39+00:00,2026-09-24,daily,6,2026-10-10T10:00:00Z,11,Mosquera,ARS,DEF,53,0,-2,1.6,1016,8246,31181,466975,a,,2026-09-04T14:00:08.080310Z,100,100,,,,1.5,0,12,168,2,0,0,2,0,0,10,10,0,3,0.00,0.01,0.01,0.53,1.5,1.5
2026-09-25T00:42:39+00:00,2026-09-24,daily,6,2026-10-10T10:00:00Z,12,Saka,ARS,MID,95,0,0,13.6,88382,40517,768004,390368,a,,,,,1,2,2,5.8,2,32,416,5,3,0,3,4,0,31,8,6,17,3.22,0.98,4.20,3.58,5.8,5.8
2026-09-25T00:42:39+00:00,2026-09-24,daily,6,2026-10-10T10:00:00Z,13,Rice,ARS,MID,74,0,-1,11.8,7189,67823,119035,710497,d,Unspecified injury - 75% chance of playing,2026-09-21T13:00:08.896379Z,,75,,1,1,4.2,1,20,411,5,0,2,3,4,0,42,18,7,17,0.12,0.69,0.81,3.50,4.2,3.2
2026-09-25T00:42:39+00:00,2026-09-24,daily,6,2026-10-10T10:00:00Z,14,Eze,ARS,MID,63,0,-2,1.0,1886,5957,22805,138801,a,,,,,,3,,0.8,1,4,85,0,0,0,0,0,0,5,0,0,5,0.04,0.09,0.13,1.33,0.8,0.8
2026-09-25T00:42:39+00:00,2026-09-24,daily,6,2026-10-10T10:00:00Z,15,Ødegaard,ARS,MID,68,0,3,19.8,65103,78505,1620823,537954,a,,,,,3,4,,4.5,2,29,377,5,2,0,3,4,0,23,5,6,12,1.08,1.32,2.40,3.23,4.5,4.5
2026-09-25T00:42:39+00:00,2026-09-24,daily,6,2026-10-10T10:00:00Z,16,Madueke,ARS,MID,62,0,-3,0.2,651,1395,5931,25815,a,,,,,,,5,0.2,0,2,23,0,0,0,0,0,0,3,0,1,2,0.00,0.05,0.05,0.15,0.2,0.2
2026-09-25T00:42:39+00:00,2026-09-24,daily,6,2026-10-10T10:00:00Z,17,Merino,ARS,MID,58,0,-2,0.4,584,2575,9321,47865,a,,,,,,,,0.8,1,4,81,0,0,0,0,0,0,10,1,0,9,0.14,0.15,0.29,0.96,0.8,0.8
2026-09-25T00:42:39+00:00,2026-09-24,daily,6,2026-10-10T10:00:00Z,18,Martinelli,ARS,MID,63,0,-2,0.1,0,480,2483,21781,u,Has joined Al Hilal permanently,2026-09-04T12:34:46.738449Z,0,0,,,,0.0,0,0,0,0,0,0,0,0,0,0,0,0,0,0.00,0.00,0.00,0.00,0.0,0.0
2026-09-25T00:42:39+00:00,2026-09-24,daily,6,2026-10-10T10:00:00Z,19,Zubimendi,ARS,MID,53,0,-2,0.6,416,3314,8431,66257,a,,,,,,,,1.0,1,5,89,0,0,0,0,0,0,12,5,4,3,0.21,0.04,0.25,1.38,1.0,1.0
2026-09-25T00:42:39+00:00,2026-09-24,daily,6,2026-10-10T10:00:00Z,20,Dowman,ARS,MID,53,0,-2,0.1,390,503,2978,7222,a,,,,,,,,0.2,1,1,9,0,0,0,0,0,0,0,0,0,0,0.00,0.08,0.08,0.31,0.2,0.2
2026-09-25T00:42:39+00:00,2026-09-24,daily,6,2026-10-10T10:00:00Z,22,Nwaneri,ARS,MID,54,0,-1,0.0,0,46,233,1246,u,Has joined Borussia Dortmund on loan for the rest of the season,2026-09-02T16:01:07.058827Z,0,0,,,,0.0,0,0,0,0,0,0,0,0,0,0,0,0,0,0.00,0.00,0.00,0.00,0.0,0.0
2026-09-25T00:42:39+00:00,2026-09-24,daily,6,2026-10-10T10:00:00Z,23,Fábio Vieira,ARS,MID,55,0,0,0.0,0,34,255,913,u,Has joined Hamburger SV permanently,2026-09-02T16:00:28.446370Z,0,0,,,,0.0,0,0,0,0,0,0,0,0,0,0,0,0,0,0.00,0.00,0.00,0.00,0.0,0.0
2026-09-25T00:42:39+00:00,2026-09-24,daily,6,2026-10-10T10:00:00Z,24,Nelson,ARS,MID,55,0,0,0.0,0,16,68,670,u,has departed the club as a free agent.,2026-08-29T00:33:08.556767Z,0,0,,,,0.0,0,0,0,0,0,0,0,0,0,0,0,0,0,0.00,0.00,0.00,0.00,0.0,0.0
2026-09-25T00:42:39+00:00,2026-09-24,daily,6,2026-10-10T10:00:00Z,25,Gyökeres,ARS,FWD,71,-1,-4,3.1,5241,14545,33464,608869,a,,,,,2,,,0.5,1,2,29,0,0,0,0,0,0,1,0,0,1,0.00,0.23,0.23,0.65,0.5,0.5
2026-09-25T00:42:39+00:00,2026-09-24,daily,6,2026-10-10T10:00:00Z,26,Havertz,ARS,FWD,76,0,1,8.5,49538,41749,652771,402221,d,Hamstring injury - 75% chance of playing,2026-09-24T22:00:09.120308Z,,75,,,,3.2,2,19,437,5,2,0,3,4,0,13,6,0,7,1.67,0.37,2.04,3.91,3.2,2.4
2026-09-25T00:42:39+00:00,2026-09-24,daily,6,2026-10-10T10:00:00Z,27,G.Jesus,ARS,FWD,59,0,-1,0.1,0,836,4164,29111,u,Has joined FC Barcelona permanently,2026-09-02T16:00:28.475184Z,0,0,,,,0.0,0,0,0,0,0,0,0,0,0,0,0,0,0,0.00,0.00,0.00,0.00,0.0,0.0
2026-09-25T00:42:39+00:00,2026-09-24,daily,6,2026-10-10T10:00:00Z,31,Konsa,ARS,DEF,46,1,1,19.4,80489,39017,1453796,630125,a,,,,,,,,3.0,1,12,281,3,0,0,1,4,0,23,18,5,9,0.23,0.02,0.25,3.50,3.0,3.0
2026-09-25T00:42:39+00:00,2026-09-24,daily,6,2026-10-10T10:00:00Z,452,Bruno G.,ARS,MID,67,0,-3,1.8,4613,6617,29559,243690,a,,2026-09-04T14:00:08.328779Z,100,100,4,,4,2.2,1,9,123,1,1,0,0,3,0,12,3,1,8,0.09,0.16,0.25,2.18,2.2,2.2
2026-09-25T00:42:39+00:00,2026-09-24,daily,6,2026-10-10T10:00:00Z,557,Tzolis,ARS,MID,63,-1,-2,12.3,10206,129258,460573,1592466,a,,,,,,,3,2.5,2,16,362,5,0,2,2,4,0,23,7,4,12,0.19,0.55,0.74,2.73,2.5,2.5
2026-09-25T00:42:39+00:00,2026-09-24,daily,6,2026-10-10T10:00:00Z,29,M.Bizot,AVL,GKP,45,0,0,0.1,52,887,4646,7263,i,Back injury - Expected back 10 Oct,2026-09-17T07:30:09.058151Z,0,0,,,,0.0,0,1,90,1,0,0,0,4,3,0,2,0,6,0.00,0.00,0.00,3.77,0.0,0.0
2026-09-25T00:42:39+00:00,2026-09-24,daily,6,2026-10-10T10:00:00Z,30,Digne,AVL,DEF,45,0,0,0.0,0,189,0,8600,u,Has joined Paris Saint-Germain permanently,2026-08-10T14:03:30.089007Z,0,0,,,,0.0,0,0,0,0,0,0,0,0,0,0,0,0,0,0.00,0.00,0.00,0.00,0.0,0.0
2026-09-25T00:42:39+00:00,2026-09-24,daily,6,2026-10-10T10:00:00Z,32,Cash,AVL,DEF,44,0,-1,4.9,2318,22511,94969,416500,a,,2026-09-09T14:30:08.192142Z,100,100,,,1,1.8,-1,6,296,3,0,0,1,7,0,17,11,6,2,0.15,0.04,0.19,5.95,1.8,1.8
2026-09-25T00:42:39+00:00,2026-09-24,daily,6,2026-10-10T10:00:00Z,33,Mings,AVL,DEF,45,0,0,0.4,1434,1195,16154,17219,a,,,,,,,,2.2,3,10,261,2,0,0,1,4,0,24,20,4,7,0.20,0.02,0.22,4.43,2.2,2.2
2026-09-25T00:42:39+00:00,2026-09-24,daily,6,2026-10-10T10:00:00Z,34,Pau,AVL,DEF,45,0,0,0.3,36,2795,11229,27153,i,Hamstring injury - Expected back 10 Oct,2026-09-12T18:00:08.712707Z,0,0,,,,0.8,0,3,187,3,0,0,0,5,0,9,8,1,9,0.00,0.01,0.01,4.79,0.0,0.0
2026-09-25T00:42:39+00:00,2026-09-24,daily,6,2026-10-10T10:00:00Z,35,Bogarde,AVL,MID,49,-1,-1,0.1,150,399,2891,4727,a,,,,,,,,0.0,0,1,16,0,0,0,0,0,0,1,1,0,0,0.00,0.00,0.00,0.22,0.0,0.0
2026-09-25T00:42:39+00:00,2026-09-24,daily,6,2026-10-10T10:00:00Z,36,Maatsen,AVL,DEF,44,-1,-1,0.5,47,5521,31889,61259,i,Ankle injury - Unknown return date,2026-09-12T18:00:08.729468Z,0,0,,,,2.2,0,9,335,4,0,0,1,7,0,24,17,7,10,0.28,0.45,0.73,6.54,0.0,0.0
2026-09-25T00:42:39+00:00,2026-09-24,daily,6,2026-10-10T10:00:00Z,37,Lindelöf,AVL,DEF,45,0,0,0.3,846,1116,14446,14139,a,,,,,,,,2.5,1,8,450,5,0,0,1,9,0,22,21,1,7,0.44,0.17,0.61,9.22,2.5,2.5
2026-09-25T00:42:39+00:00,2026-09-24,daily,6,2026-10-10T10:00:00Z,38,A.García,AVL,DEF,40,0,0,1.5,1616,5319,45062,67219,a,,,,,,,,0.0,0,0,0,0,0,0,0,0,0,0,0,0,0,0.00,0.00,0.00,0.00,0.0,0.0
2026-09-25T00:42:39+00:00,2026-09-24,daily,6,2026-10-10T10:00:00Z,39,Nedeljkovic,AVL,DEF,40,0,0,0.1,0,476,0,15161,u,Has joined Rangers on loan for the rest of the season,2026-08-19T13:56:46.385411Z,0,0,,,,0.0,0,0,0,0,0,0,0,0,0,0,0,0,0,0.00,0.00,0.00,0.00,0.0,0.0
2026-09-25T00:42:39+00:00,2026-09-24,daily,6,2026-10-10T10:00:00Z,41,Buendía,AVL,MID,59,0,-1,1.0,10510,3492,58494,94637,a,,,,,1,1,3,4.8,12,21,401,5,1,0,1,8,0,34,5,9,20,0.92,0.24,1.16,7.86,4.8,4.8
2026-09-25T00:42:39+00:00,2026-09-24,daily,6,2026-10-10T10:00:00Z,44,Bailey,AVL,MID,54,0,-1,0.1,0,418,2096,13149,u,Has joined Olympiakos permanently,2026-09-04T12:35:14.472260Z,0,0,,,,0.0,0,0,0,0,0,0,0,0,0,0,0,0,0,0.00,0.00,0.00,0.00,0.0,0.0
2026-09-25T00:42:39+00:00,2026-09-24,daily,6,2026-10-10T10:00:00Z,45,McGinn,AVL,MID,54,0,-1,2.2,5892,7354,69723,154316,a,,,,,,,2,4.0,6,17,434,5,0,2,2,7,0,30,8,5,17,0.77,0.24,1.01,8.29,4.0,4.0
2026-09-25T00:42:39+00:00,2026-09-24,daily,6,2026-10-10T10:00:00Z,46,Barkley,AVL,MID,50,0,0,0.3,484,1583,16041,16060,a,,,,,,,4,2.0,1,10,308,4,0,0,1,8,0,28,5,7,16,0.38,0.14,0.52,7.36,2.0,2.0
2026-09-25T00:42:39+00:00,2026-09-24,daily,6,2026-10-10T10:00:00Z,47,Kamara,AVL,MID,50,0,0,0.3,1110,1387,14319,21335,a,,2026-07-23T12:01:23.337269Z,100,100,,,,3.2,6,15,443,5,0,1,2,7,0,36,11,9,16,0.12,0.16,0.28,8.44,3.2,3.2
2026-09-25T00:42:39+00:00,2026-09-24,daily,6,2026-10-10T10:00:00Z,48,Onana,AVL,MID,49,0,-1,0.0,32,78,503,1648,i,Knee injury - Unknown return date,2026-07-23T12:01:23.352497Z,0,0,,,,0.0,0,0,0,0,0,0,0,0,0,0,0,0,0,0.00,0.00,0.00,0.00,0.0,0.0
2026-09-25T00:42:39+00:00,2026-09-24,daily,6,2026-10-10T10:00:00Z,49,Iling Jr,AVL,MID,50,0,0,0.0,0,9,0,234,u,Has joined Bolton Wanderers on loan for the rest of the season,2026-08-17T13:52:28.532616Z,0,0,,,,0.0,0,0,0,0,0,0,0,0,0,0,0,0,0,0.00,0.00,0.00,0.00,0.0,0.0
2026-09-25T00:42:39+00:00,2026-09-24,daily,6,2026-10-10T10:00:00Z,50,Burrowes,AVL,MID,45,0,0,0.6,551,2997,21376,34721,a,,,,,,,,0.0,0,0,0,0,0,0,0,0,0,0,0,0,0,0.00,0.00,0.00,0.00,0.0,0.0
2026-09-25T00:42:39+00:00,2026-09-24,daily,6,2026-10-10T10:00:00Z,51,George Hemmings,AVL,MID,45,0,0,1.2,2815,8710,115498,68643,a,,,,,,,,1.8,1,9,297,4,0,0,1,7,0,19,3,6,10,0.07,0.16,0.23,6.26,1.8,1.8
2026-09-25T00:42:39+00:00,2026-09-24,daily,6,2026-10-10T10:00:00Z,52,Alysson,AVL,MID,50,0,0,0.0,62,689,3348,3552,d,Unspecified injury - 75% chance of playing,2026-09-19T11:30:09.355376Z,,75,,,,1.8,0,8,87,0,1,0,0,2,0,8,2,2,4,0.06,0.00,0.06,2.40,1.8,1.4
2026-09-25T00:42:39+00:00,2026-09-24,daily,6,2026-10-10T10:00:00Z,53,Manzambi,AVL,MID,59,0,-1,0.4,25695,2516,28681,19135,a,,2026-08-15T15:30:06.388335Z,100,100,,,,3.5,13,14,98,1,1,1,1,1,0,9,2,2,5,0.44,0.24,0.68,1.54,3.5,3.5
2026-09-25T00:42:39+00:00,2026-09-24,daily,6,2026-10-10T10:00:00Z,54,Gomes,AVL,MID,55,0,0,0.0,382,155,1221,4064,a,,2026-09-16T19:30:08.742410Z,100,100,,,,1.0,4,2,129,2,0,0,0,6,0,20,6,9,5,0.00,0.03,0.03,4.14,1.0,1.0
2026-09-25T00:42:39+00:00,2026-09-24,daily,6,2026-10-10T10:00:00Z,55,Watkins,AVL,FWD,78,0,-2,2.5,0,10512,14882,757893,u,Has joined Al Hilal permanently,2026-09-01T13:15:16.698799Z,0,0,,,,0.0,0,0,0,0,0,0,0,0,0,0,0,0,0,0.00,0.00,0.00,0.00,0.0,0.0
2026-09-25T00:42:39+00:00,2026-09-24,daily,6,2026-10-10T10:00:00Z,56,Abraham,AVL,FWD,55,0,0,0.2,1397,1510,15445,12686,a,,2026-08-15T16:00:07.558543Z,100,100,,,,1.0,1,4,71,0,0,0,0,3,0,2,0,1,1,0.00,0.00,0.00,2.69,1.0,1.0
2026-09-25T00:42:39+00:00,2026-09-24,daily,6,2026-10-10T10:00:00Z,160,Garnacho,AVL,MID,58,0,-2,0.3,440,2461,7388,40914,a,,,,,,,,0.5,0,3,31,0,0,0,0,0,0,2,0,0,2,0.00,0.00,0.00,0.49,0.5,0.5
2026-09-25T00:42:39+00:00,2026-09-24,daily,6,2026-10-10T10:00:00Z,166,N.Jackson,AVL,FWD,65,0,0,1.4,29606,6646,174868,83586,a,,,,,2,,,2.5,6,10,286,4,1,0,1,2,0,9,1,0,8,0.68,0.60,1.28,2.75,2.5,2.5
2026-09-25T00:42:39+00:00,2026-09-24,daily,6,2026-10-10T10:00:00Z,582,Madjo,AVL,FWD,54,0,-1,0.2,160,1606,2845,30377,i,Unspecified injury - Unknown return date,2026-08-15T16:00:07.974271Z,0,0,,,,0.0,0,0,0,0,0,0,0,0,0,0,0,0,0,0.00,0.00,0.00,0.00,0.0,0.0
2026-09-25T00:42:39+00:00,2026-09-24,daily,6,2026-10-10T10:00:00Z,596,Ruggeri,AVL,DEF,45,0,0,0.1,444,281,3087,5545,a,,,,,,,,1.0,3,5,113,1,0,0,0,2,0,16,14,2,11,0.03,0.02,0.05,2.05,1.0,1.0
2026-09-25T00:42:39+00:00,2026-09-24,daily,6,2026-10-10T10:00:00Z,597,Suzuki,AVL,GKP,50,0,0,1.9,12104,5570,149668,61429,a,,,,,,,,4.0,2,16,360,4,0,0,1,5,15,0,8,0,43,0.00,0.01,0.01,5.45,4.0,4.0
2026-09-25T00:42:39+00:00,2026-09-24,daily,6,2026-10-10T10:00:00Z,606,Rowe,AVL,DEF,40,0,0,0.2,269,804,12965,6059,a,,,,,,,,0.0,0,0,0,0,0,0,0,0,0,0,0,0,0,0.00,0.00,0.00,0.00,0.0,0.0
2026-09-25T00:42:39+00:00,2026-09-24,daily,6,2026-10-10T10:00:00Z,607,Lynch,AVL,MID,45,0,0,0.1,0,621,7103,8065,u,Has joined Oxford United on loan until January,2026-09-04T12:35:39.820426Z,0,0,,,,0.0,0,0,0,0,0,0,0,0,0,0,0,0,0,0.00,0.00,0.00,0.00,0.0,0.0
2026-09-25T00:42:39+00:00,2026-09-24,daily,6,2026-10-10T10:00:00Z,611,Wan-Bissaka,AVL,DEF,45,0,0,0.2,1266,1261,18119,7594,a,,,,,,,,1.5,1,6,152,2,0,0,0,2,0,21,12,9,1,0.00,0.07,0.07,3.27,1.5,1.5
2026-09-25T00:42:39+00:00,2026-09-24,daily,6,2026-10-10T10:00:00Z,618,Goretzka,AVL,MID,59,0,-1,0.0,17,379,4626,4693,i,Knee injury - Expected back 10 Oct,2026-09-09T09:30:08.229436Z,0,0,,,,0.0,0,0,0,0,0,0,0,0,0,0,0,0,0,0.00,0.00,0.00,0.00,0.0,0.0
2026-09-25T00:42:39+00:00,2026-09-24,daily,6,2026-10-10T10:00:00Z,630,Harwood-Bellis,AVL,DEF,45,0,0,0.0,159,158,2136,964,a,,,,,,,,0.0,0,0,0,0,0,0,0,0,0,0,0,0,0,0.00,0.00,0.00,0.00,0.0,0.0
2026-09-25T00:42:39+00:00,2026-09-24,daily,6,2026-10-10T10:00:00Z,631,Mbaye,AVL,MID,60,0,0,0.1,781,1022,10289,4703,a,,,,,,,,0.7,1,2,33,0,0,0,0,3,0,2,0,1,1,0.02,0.13,0.15,1.64,0.7,0.7
2026-09-25T00:42:39+00:00,2026-09-24,daily,6,2026-10-10T10:00:00Z,667,Wright,AVL,GKP,40,0,0,0.1,6005,612,6005,612,a,,,,,,,,0.0,0,0,0,0,0,0,0,0,0,0,0,0,0,0.00,0.00,0.00,0.00,1.0,1.0
2026-09-25T00:42:39+00:00,2026-09-24,daily,6,2026-10-10T10:00:00Z,57,Petrović,BOU,GKP,45,0,0,3.0,5133,10213,111116,122884,a,,,,,,,,1.8,2,9,450,5,0,0,0,8,11,0,6,0,43,0.00,0.00,0.00,6.95,1.8,1.8
2026-09-25T00:42:39+00:00,2026-09-24,daily,6,2026-10-10T10:00:00Z,58,Forster,BOU,GKP,40,0,0,3.5,7175,6338,116369,78159,a,,,,,,,,0.0,0,0,0,0,0,0,0,0,0,0,0,0,0,0.00,0.00,0.00,0.00,0.0,0.0
2026-09-25T00:42:39+00:00,2026-09-24,daily,6,2026-10-10T10:00:00Z,59,Dennis,BOU,GKP,40,0,0,0.1,0,485,1133,7453,u,Has joined MK Dons permanently,2026-08-27T14:53:48.692835Z,0,0,,,,0.0,0,0,0,0,0,0,0,0,0,0,0,0,0,0.00,0.00,0.00,0.00,0.0,0.0
2026-09-25T00:42:39+00:00,2026-09-24,daily,6,2026-10-10T10:00:00Z,60,Hill,BOU,DEF,55,0,0,0.8,2680,2661,30421,43255,a,,,,,,,,2.8,4,12,450,5,0,0,0,8,0,50,41,9,11,0.00,0.79,0.79,6.95,2.8,2.8
2026-09-25T00:42:39+00:00,2026-09-24,daily,6,2026-10-10T10:00:00Z,61,Truffert,BOU,DEF,54,-1,-1,3.0,3934,10692,55803,158975,a,,,,,,,,2.2,2,10,450,5,0,0,0,8,0,45,28,17,24,0.11,0.29,0.40,6.95,2.2,2.2
2026-09-25T00:42:39+00:00,2026-09-24,daily,6,2026-10-10T10:00:00Z,62,Diakité,BOU,DEF,49,-1,-1,0.2,416,851,7074,11916,a,,,,,,,,0.0,0,0,0,0,0,0,0,0,0,0,0,0,0,0.00,0.00,0.00,0.00,0.0,0.0
2026-09-25T00:42:39+00:00,2026-09-24,daily,6,2026-10-10T10:00:00Z,63,Milosavljević,BOU,DEF,49,0,-1,0.0,18,37,324,834,i,Thigh injury - Unknown return date,2026-08-06T10:00:10.456051Z,0,0,,,,0.0,0,0,0,0,0,0,0,0,0,0,0,0,0,0.00,0.00,0.00,0.00,0.0,0.0
2026-09-25T00:42:39+00:00,2026-09-24,daily,6,2026-10-10T10:00:00Z,64,Smith,BOU,DEF,45,0,0,0.1,352,417,7150,7245,a,,,,,,,,0.8,2,4,434,5,0,0,0,8,0,21,16,5,15,0.01,0.09,0.10,6.70,0.8,0.8
2026-09-25T00:42:39+00:00,2026-09-24,daily,6,2026-10-10T10:00:00Z,65,J.Araujo,BOU,DEF,44,0,-1,0.0,29,41,413,1280,i,Thigh injury - Unknown return date,2026-08-09T08:00:05.645826Z,0,0,,,,0.0,0,0,0,0,0,0,0,0,0,0,0,0,0,0.00,0.00,0.00,0.00,0.0,0.0
2026-09-25T00:42:39+00:00,2026-09-24,daily,6,2026-10-10T10:00:00Z,66,Soler,BOU,DEF,40,0,0,0.3,651,989,13742,10874,a,,2026-08-15T16:30:07.021055Z,100,100,,,,0.0,0,0,0,0,0,0,0,0,0,0,0,0,0,0.00,0.00,0.00,0.00,0.0,0.0
2026-09-25T00:42:39+00:00,2026-09-24,daily,6,2026-10-10T10:00:00Z,67,Rayan,BOU,MID,63,-1,-2,1.6,3374,8811,52044,168307,a,,,,,,,,2.0,2,10,434,5,0,0,0,7,0,15,6,5,4,0.87,0.43,1.30,6.35,2.0,2.0
2026-09-25T00:42:39+00:00,2026-09-24,daily,6,2026-10-10T10:00:00Z,68,Tavernier,BOU,MID,61,0,1,6.7,71909,37495,683102,212219,a,,,,,3,1,1,5.2,2,31,424,5,3,0,0,8,0,42,5,11,26,1.70,0.92,2.62,6.54,5.2,5.2
2026-09-25T00:42:39+00:00,2026-09-24,daily,6,2026-10-10T10:00:00Z,69,Scott,BOU,MID,61,0,1,5.7,19954,34350,543857,204526,a,,,,,,4,2,7.0,2,30,446,5,1,2,1,7,0,60,15,9,36,0.64,0.42,1.06,6.82,7.0,7.0
2026-09-25T00:42:39+00:00,2026-09-24,daily,6,2026-10-10T10:00:00Z,70,Kluivert,BOU,MID,60,0,0,0.9,2279,15729,52636,80611,i,Unspecified injury - Unknown return date,2026-09-20T15:30:09.074071Z,,0,2,2,3,3.0,0,15,294,4,1,0,2,3,0,22,2,4,16,0.99,0.08,1.07,4.48,3.0,0.0
2026-09-25T00:42:39+00:00,2026-09-24,daily,6,2026-10-10T10:00:00Z,71,Cook,BOU,MID,50,0,0,0.2,236,1030,13070,13811,a,,,,,,,,1.2,1,8,180,2,0,0,2,1,0,14,7,1,6,0.00,0.01,0.01,4.20,1.2,1.2
2026-09-25T00:42:39+00:00,2026-09-24,daily,6,2026-10-10T10:00:00Z,72,Gannon-Doak,BOU,MID,49,0,-1,0.1,124,332,1624,4592,a,,,,,,,,0.8,1,4,12,0,0,0,0,1,0,7,0,2,5,0.12,0.05,0.17,0.60,0.8,0.8
2026-09-25T00:42:39+00:00,2026-09-24,daily,6,2026-10-10T10:00:00Z,73,Adams,BOU,MID,50,0,0,0.3,952,1453,18161,16444,a,,2026-08-15T16:30:07.029928Z,100,100,,,,2.8,4,12,279,3,0,0,0,7,0,41,12,7,22,0.03,0.07,0.10,2.74,2.8,2.8
2026-09-25T00:42:39+00:00,2026-09-24,daily,6,2026-10-10T10:00:00Z,74,Brooks,BOU,MID,50,0,0,0.1,159,294,3341,3752,a,,2026-08-15T16:30:07.037929Z,100,100,,3,4,0.8,1,3,45,0,0,0,0,2,0,5,2,0,3,0.00,0.07,0.07,0.75,0.8,0.8
2026-09-25T00:42:39+00:00,2026-09-24,daily,6,2026-10-10T10:00:00Z,75,Christie,BOU,MID,50,0,0,0.0,258,216,3513,2161,a,,2026-07-24T17:30:10.035483Z,100,100,,,,1.2,2,5,102,1,0,0,0,2,0,14,3,1,10,0.50,0.13,0.63,1.64,1.2,1.2
2026-09-25T00:42:39+00:00,2026-09-24,daily,6,2026-10-10T10:00:00Z,76,Tóth.A,BOU,MID,49,0,-1,0.0,24,52,381,781,a,,,,,,,,0.2,1,2,17,0,0,0,0,2,0,2,0,1,1,0.00,0.00,0.00,0.56,0.2,0.2
2026-09-25T00:42:39+00:00,2026-09-24,daily,6,2026-10-10T10:00:00Z,77,Adli,BOU,MID,49,0,-1,0.0,21,65,290,2206,i,Calf injury - Unknown return date,2026-08-15T16:00:07.590566Z,0,0,,,,0.0,0,0,0,0,0,0,0,0,0,0,0,0,0,0.00,0.00,0.00,0.00,0.0,0.0
2026-09-25T00:42:39+00:00,2026-09-24,daily,6,2026-10-10T10:00:00Z,78,Kroupi.Jr,BOU,MID,74,0,-1,0.2,153,727,1199,27245,i,Foot injury - Expected back 7 Nov,2026-07-29T17:30:09.796802Z,0,0,1,,,0.0,0,0,0,0,0,0,0,0,0,0,0,0,0,0.00,0.00,0.00,0.00,0.0,0.0
2026-09-25T00:42:39+00:00,2026-09-24,daily,6,2026-10-10T10:00:00Z,79,Evanilson,BOU,FWD,60,0,0,3.2,14342,18671,249803,173498,a,,,,,,,,3.5,2,18,424,5,0,3,2,5,0,27,11,3,13,0.87,0.52,1.39,6.45,3.5,3.5
2026-09-25T00:42:39+00:00,2026-09-24,daily,6,2026-10-10T10:00:00Z,80,Enes Ünal,BOU,FWD,55,0,0,0.0,0,45,0,1977,u,Has joined Getafe permanently,2026-08-14T14:14:21.881112Z,0,0,,,,0.0,0,0,0,0,0,0,0,0,0,0,0,0,0,0.00,0.00,0.00,0.00,0.0,0.0
2026-09-25T00:42:39+00:00,2026-09-24,daily,6,2026-10-10T10:00:00Z,81,Rodríguez,BOU,FWD,60,0,0,0.1,606,621,5313,6752,a,,2026-08-15T16:30:07.054142Z,100,100,,,,0.5,0,2,10,0,0,0,0,1,0,1,0,0,1,0.00,0.00,0.00,0.18,0.5,0.5
2026-09-25T00:42:39+00:00,2026-09-24,daily,6,2026-10-10T10:00:00Z,566,Silva,BOU,DEF,50,0,0,0.4,4681,2561,30143,24002,a,,,,,,,,2.8,3,13,450,5,0,0,0,8,0,56,51,5,14,0.85,0.29,1.14,6.95,2.8,2.8
2026-09-25T00:42:39+00:00,2026-09-24,daily,6,2026-10-10T10:00:00Z,573,Sanchez,BOU,DEF,44,0,-1,0.2,132,371,1552,7028,a,,,,,,,,0.0,0,0,0,0,0,0,0,0,0,0,0,0,0,0.00,0.00,0.00,0.00,0.0,0.0
2026-09-25T00:42:39+00:00,2026-09-24,daily,6,2026-10-10T10:00:00Z,608,Jebbison,BOU,FWD,50,0,0,0.1,754,781,13117,7136,a,,,,,,,,0.5,1,3,31,0,0,0,0,2,0,1,0,0,1,0.10,0.00,0.10,0.61,0.5,0.5
2026-09-25T00:42:39+00:00,2026-09-24,daily,6,2026-10-10T10:00:00Z,615,Di Gregorio,BOU,GKP,45,0,0,0.0,162,165,2905,1714,a,,,,,,,,0.0,0,0,0,0,0,0,0,0,0,0,0,0,0,0.00,0.00,0.00,0.00,0.0,0.0
2026-09-25T00:42:39+00:00,2026-09-24,daily,6,2026-10-10T10:00:00Z,82,Kelleher,BRE,GKP,50,0,0,6.1,17670,11456,249307,211722,a,,,,,,,,3.2,6,20,450,5,0,0,2,4,17,0,7,0,34,0.00,0.01,0.01,6.32,3.2,3.2
2026-09-25T00:42:39+00:00,2026-09-24,daily,6,2026-10-10T10:00:00Z,83,Valdimarsson,BRE,GKP,45,0,0,0.1,245,284,2810,4534,a,,,,,,,,0.0,0,0,0,0,0,0,0,0,0,0,0,0,0,0.00,0.00,0.00,0.00,0.0,0.0
2026-09-25T00:42:39+00:00,2026-09-24,daily,6,2026-10-10T10:00:00Z,84,Collins,BRE,DEF,54,0,-1,1.0,101,8189,58720,155545,i,Calf injury - Unknown return date,2026-09-05T18:00:06.182495Z,0,0,,,,1.0,0,10,196,3,0,0,1,1,0,17,15,2,11,0.51,0.05,0.56,2.13,0.0,0.0
2026-09-25T00:42:39+00:00,2026-09-24,daily,6,2026-10-10T10:00:00Z,85,Van den Berg,BRE,DEF,49,0,-1,0.1,31,279,404,8885,i,Groin injury - Unknown return date,2026-08-15T15:30:06.416627Z,0,0,,,,0.0,0,0,0,0,0,0,0,0,0,0,0,0,0,0.00,0.00,0.00,0.00,0.0,0.0
2026-09-25T00:42:39+00:00,2026-09-24,daily,6,2026-10-10T10:00:00Z,86,Lewis-Potter,BRE,MID,55,0,0,1.7,3323,10842,189968,119223,a,,,,,,1,,3.0,3,22,406,5,1,1,2,4,0,38,17,6,15,1.21,0.79,2.00,5.69,3.0,3.0
2026-09-25T00:42:39+00:00,2026-09-24,daily,6,2026-10-10T10:00:00Z,87,Ajer,BRE,DEF,45,0,0,3.9,9922,19754,315409,273446,a,,,,,,,,3.2,7,21,450,5,0,0,2,4,0,50,46,4,11,0.13,0.08,0.21,6.32,3.2,3.2
2026-09-25T00:42:39+00:00,2026-09-24,daily,6,2026-10-10T10:00:00Z,88,Kayode,BRE,DEF,46,0,1,7.6,11551,18505,594249,364739,a,,,,,,,,2.5,6,23,294,4,1,0,2,1,0,16,14,2,14,0.55,0.43,0.98,3.24,2.5,2.5
2026-09-25T00:42:39+00:00,2026-09-24,daily,6,2026-10-10T10:00:00Z,89,Henry,BRE,DEF,44,0,-1,0.2,140,515,1964,8513,a,,,,,,,,0.2,0,1,2,0,0,0,0,0,0,0,0,0,0,0.00,0.00,0.00,0.00,0.2,0.2
2026-09-25T00:42:39+00:00,2026-09-24,daily,6,2026-10-10T10:00:00Z,90,Hickey,BRE,DEF,45,0,0,0.1,153,215,2067,2948,a,,,,,,,,1.0,1,5,152,1,0,0,0,3,0,17,13,4,8,0.03,0.06,0.09,3.07,1.0,1.0
2026-09-25T00:42:39+00:00,2026-09-24,daily,6,2026-10-10T10:00:00Z,92,Ji-soo,BRE,DEF,44,-1,-1,0.0,55,79,489,951,a,,,,,,,,0.0,0,0,0,0,0,0,0,0,0,0,0,0,0,0.00,0.00,0.00,0.00,0.0,0.0
2026-09-25T00:42:39+00:00,2026-09-24,daily,6,2026-10-10T10:00:00Z,93,Schuster,BRE,DEF,45,0,0,0.3,13785,1751,15347,6239,a,,,,,,,,5.2,14,21,253,2,0,1,1,3,0,38,35,3,6,0.10,0.54,0.64,4.19,5.2,5.2
2026-09-25T00:42:39+00:00,2026-09-24,daily,6,2026-10-10T10:00:00Z,94,Schade,BRE,MID,62,1,2,11.1,349343,19562,969198,239566,a,,,,,2,,,9.0,9,39,447,5,3,2,2,4,0,34,6,7,21,1.52,0.32,1.84,6.32,9.0,9.0
2026-09-25T00:42:39+00:00,2026-09-24,daily,6,2026-10-10T10:00:00Z,95,O.Dango,BRE,MID,63,0,-2,0.5,685,3213,15046,81792,a,,,,,,,4,1.0,1,7,179,2,0,0,1,1,0,28,9,2,17,0.09,0.39,0.48,2.81,1.0,1.0
2026-09-25T00:42:39+00:00,2026-09-24,daily,6,2026-10-10T10:00:00Z,96,Damsgaard,BRE,MID,54,0,-1,0.4,1304,1799,14815,29915,a,,,,,,3,2,3.8,3,16,283,3,0,1,2,1,0,31,6,7,18,0.17,0.73,0.90,3.06,3.8,3.8
2026-09-25T00:42:39+00:00,2026-09-24,daily,6,2026-10-10T10:00:00Z,97,Jensen,BRE,MID,54,0,-1,0.1,17,552,4502,14986,i,Unspecified injury - Expected back 10 Oct,2026-08-30T12:30:08.176795Z,0,0,3,2,1,0.0,0,6,66,1,0,1,1,0,0,5,0,2,3,0.08,0.34,0.42,0.47,0.0,0.0
2026-09-25T00:42:39+00:00,2026-09-24,daily,6,2026-10-10T10:00:00Z,98,Janelt,BRE,MID,50,0,0,2.5,17263,15774,304323,104865,a,,,,,,,3,4.8,3,28,450,5,2,0,2,4,0,64,27,17,20,0.53,0.44,0.97,6.32,4.8,4.8
2026-09-25T00:42:39+00:00,2026-09-24,daily,6,2026-10-10T10:00:00Z,99,Milambo,BRE,MID,50,0,0,0.0,6,6,115,158,i,Knee injury - Unknown return date,2026-07-23T12:01:23.384798Z,0,0,,,,0.0,0,0,0,0,0,0,0,0,0,0,0,0,0,0.00,0.00,0.00,0.00,0.0,0.0
2026-09-25T00:42:39+00:00,2026-09-24,daily,6,2026-10-10T10:00:00Z,100,Carvalho,BRE,MID,50,0,0,0.0,562,149,1860,1427,a,,2026-08-18T13:58:17.442072Z,100,100,,,,1.5,6,6,3,0,1,0,0,0,0,0,0,0,0,0.43,0.00,0.43,0.13,1.5,1.5
2026-09-25T00:42:39+00:00,2026-09-24,daily,6,2026-10-10T10:00:00Z,102,Yarmoliuk,BRE,MID,48,0,-2,0.6,1144,2868,5597,61218,a,,,,,,,,2.0,3,9,216,2,0,1,1,4,0,26,7,5,14,0.10,0.30,0.40,4.58,2.0,2.0
2026-09-25T00:42:39+00:00,2026-09-24,daily,6,2026-10-10T10:00:00Z,103,Dasilva,BRE,MID,49,0,-1,0.0,9,90,400,1935,i,Hamstring injury - Expected back 10 Oct,2026-09-04T13:30:08.371955Z,0,0,,,,0.0,0,0,0,0,0,0,0,0,0,0,0,0,0,0.00,0.00,0.00,0.00,0.0,0.0
2026-09-25T00:42:39+00:00,2026-09-24,daily,6,2026-10-10T10:00:00Z,105,Anthony,BRE,MID,59,0,-1,0.1,2045,513,7043,10914,a,,,,,,,,3.5,10,15,267,3,1,0,2,3,0,26,6,4,16,1.15,0.54,1.69,3.50,3.5,3.5
2026-09-25T00:42:39+00:00,2026-09-24,daily,6,2026-10-10T10:00:00Z,106,Thiago,BRE,FWD,78,0,-2,9.0,46844,32818,267267,1029726,a,,,,,1,,,2.5,5,10,442,5,1,0,2,4,0,19,4,3,12,3.13,0.16,3.29,6.25,2.5,2.5
2026-09-25T00:42:39+00:00,2026-09-24,daily,6,2026-10-10T10:00:00Z,107,Furo,BRE,FWD,45,0,0,0.9,525,8514,61598,65676,i,Unspecified injury - Unknown return date,2026-09-14T14:00:09.985723Z,0,0,,,,0.0,0,0,0,0,0,0,0,0,0,0,0,0,0,0.00,0.00,0.00,0.00,0.0,0.0
2026-09-25T00:42:39+00:00,2026-09-24,daily,6,2026-10-10T10:00:00Z,108,Wilson,BRE,FWD,54,-1,-1,0.3,1007,2201,15356,26266,a,,,,,,,,0.5,0,3,13,0,0,0,0,0,0,2,1,0,1,0.07,0.04,0.11,0.15,0.5,0.5
2026-09-25T00:42:39+00:00,2026-09-24,daily,6,2026-10-10T10:00:00Z,565,M.Sangaré,BRE,MID,56,-1,1,10.0,7478,129151,1226766,811040,a,,,,,,,,2.0,0,22,321,4,0,2,1,3,0,48,12,14,22,0.41,0.65,1.06,4.31,2.0,2.0
2026-09-25T00:42:39+00:00,2026-09-24,daily,6,2026-10-10T10:00:00Z,620,Diouf,BRE,DEF,45,0,0,0.1,415,607,13576,7269,a,,,,,,,,0.5,1,2,39,0,0,0,0,0,0,2,2,0,1,0.00,0.01,0.01,0.63,0.5,0.5
2026-09-25T00:42:39+00:00,2026-09-24,daily,6,2026-10-10T10:00:00Z,657,Nunes,BRE,MID,45,0,0,0.0,302,239,2044,632,a,,,,,,,,0.0,0,0,0,0,0,0,0,0,0,0,0,0,0,0.00,0.00,0.00,0.00,0.0,0.0
2026-09-25T00:42:39+00:00,2026-09-24,daily,6,2026-10-10T10:00:00Z,660,Fredrick,BRE,DEF,40,0,0,0.0,450,59,450,59,a,,,,,,,,0.0,0,0,0,0,0,0,0,0,0,0,0,0,0,0.00,0.00,0.00,0.00,1.1,1.1
2026-09-25T00:42:39+00:00,2026-09-24,daily,6,2026-10-10T10:00:00Z,661,Balcombe,BRE,GKP,40,0,0,0.0,2571,461,2571,461,a,,,,,,,,0.0,0,0,0,0,0,0,0,0,0,0,0,0,0,0.00,0.00,0.00,0.00,1.0,1.0
2026-09-25T00:42:39+00:00,2026-09-24,daily,6,2026-10-10T10:00:00Z,109,Verbruggen,BHA,GKP,45,0,0,21.6,62558,62979,756033,598833,a,,,,,,,,4.2,6,23,450,5,0,0,3,5,12,0,3,0,34,0.00,0.20,0.20,8.67,4.2,4.2
2026-09-25T00:42:39+00:00,2026-09-24,daily,6,2026-10-10T10:00:00Z,111,Steele,BHA,GKP,40,0,0,4.1,6313,13079,146500,118834,a,,,,,,,,0.0,0,0,0,0,0,0,0,0,0,0,0,0,0,0.00,0.00,0.00,0.00,0.0,0.0
2026-09-25T00:42:39+00:00,2026-09-24,daily,6,2026-10-10T10:00:00Z,113,F.Kadıoğlu,BHA,DEF,44,0,-1,1.6,3523,6080,29936,133623,a,,2026-08-23T13:00:07.595211Z,100,100,,,3,3.2,5,13,332,4,0,0,2,5,0,10,9,1,8,0.12,0.13,0.25,7.55,3.2,3.2
2026-09-25T00:42:39+00:00,2026-09-24,daily,6,2026-10-10T10:00:00Z,114,Boscagli,BHA,DEF,45,0,0,0.3,1738,660,15955,11737,a,,,,,,,,3.2,6,19,437,5,0,0,3,5,0,29,25,4,17,0.07,0.53,0.60,8.45,3.2,3.2
2026-09-25T00:42:39+00:00,2026-09-24,daily,6,2026-10-10T10:00:00Z,115,De Cuyper,BHA,DEF,49,0,4,27.5,266566,16932,2684905,401963,a,,,,,,4,2,5.2,6,38,423,5,1,3,3,5,0,16,8,8,18,1.55,0.67,2.22,8.58,5.2,5.2
2026-09-25T00:42:39+00:00,2026-09-24,daily,6,2026-10-10T10:00:00Z,116,Dunk,BHA,DEF,45,0,0,1.5,7371,7902,88932,48966,d,Neck injury - 75% chance of playing,2026-09-22T09:30:09.629652Z,,75,,3,,4.0,0,22,360,4,1,0,2,5,0,23,20,3,13,0.03,0.09,0.12,7.04,4.0,3.0
2026-09-25T00:42:39+00:00,2026-09-24,daily,6,2026-10-10T10:00:00Z,117,Coppola,BHA,DEF,45,0,0,0.0,97,81,909,1044,a,,,,,,,,0.0,0,0,0,0,0,0,0,0,0,0,0,0,0,0.00,0.00,0.00,0.00,0.0,0.0
2026-09-25T00:42:39+00:00,2026-09-24,daily,6,2026-10-10T10:00:00Z,118,Igor,BHA,DEF,45,0,0,0.0,0,249,915,5892,u,Has joined Burnley permanently,2026-09-02T15:38:15.529699Z,0,0,,,,0.0,0,0,0,0,0,0,0,0,0,0,0,0,0,0.00,0.00,0.00,0.00,0.0,0.0
2026-09-25T00:42:39+00:00,2026-09-24,daily,6,2026-10-10T10:00:00Z,119,Costinha,BHA,DEF,45,0,0,0.0,142,114,1247,1439,a,,,,,,,,0.8,1,4,68,0,0,0,0,0,0,7,6,1,1,0.12,0.30,0.42,1.02,0.8,0.8
2026-09-25T00:42:39+00:00,2026-09-24,daily,6,2026-10-10T10:00:00Z,120,Svoboda,BHA,DEF,50,0,0,0.1,1225,398,4401,3920,a,,,,,,,,0.2,1,1,4,0,0,0,0,0,0,1,0,1,1,0.00,0.00,0.00,0.14,0.2,0.2
2026-09-25T00:42:39+00:00,2026-09-24,daily,6,2026-10-10T10:00:00Z,121,Mitoma,BHA,MID,59,0,-1,0.0,97,147,523,3084,i,Hamstring injury - Expected back 10 Oct,2026-07-24T18:30:10.661894Z,0,0,,,,0.0,0,0,0,0,0,0,0,0,0,0,0,0,0,0.00,0.00,0.00,0.00,0.0,0.0
2026-09-25T00:42:39+00:00,2026-09-24,daily,6,2026-10-10T10:00:00Z,122,Minteh,BHA,MID,58,-1,-2,0.0,38,178,328,6852,i,Leg injury - Expected back 28 Nov,2026-08-14T18:00:06.418033Z,0,0,,,5,0.0,0,0,0,0,0,0,0,0,0,0,0,0,0,0.00,0.00,0.00,0.00,0.0,0.0
2026-09-25T00:42:39+00:00,2026-09-24,daily,6,2026-10-10T10:00:00Z,123,Hinshelwood,BHA,MID,59,0,-1,0.6,232,5962,147853,215188,i,Ankle injury - Expected back 10 Oct,2026-08-27T19:30:07.780933Z,0,0,,,,0.0,0,16,63,1,2,0,1,0,0,3,0,2,1,1.41,0.02,1.43,0.19,0.0,0.0
2026-09-25T00:42:39+00:00,2026-09-24,daily,6,2026-10-10T10:00:00Z,124,Groß,BHA,MID,58,1,3,28.2,724812,9487,2085305,539270,a,,,,,1,1,1,11.2,14,47,450,5,3,4,3,5,0,26,9,7,10,1.77,0.86,2.63,8.67,11.2,11.2
2026-09-25T00:42:39+00:00,2026-09-24,daily,6,2026-10-10T10:00:00Z,125,Georginio,BHA,FWD,53,-1,-2,0.5,2257,3405,34254,76033,a,,2026-08-26T16:00:07.608056Z,100,100,,,,0.2,1,6,104,1,0,1,1,0,0,9,1,2,6,0.17,0.45,0.62,1.03,0.2,0.2
2026-09-25T00:42:39+00:00,2026-09-24,daily,6,2026-10-10T10:00:00Z,126,O'Riley,BHA,MID,54,0,-1,0.1,349,494,3523,6450,a,,,,,3,,,0.5,1,2,10,0,0,0,0,0,0,3,2,0,1,0.28,0.01,0.29,0.18,0.5,0.5
2026-09-25T00:42:39+00:00,2026-09-24,daily,6,2026-10-10T10:00:00Z,127,Gomez,BHA,MID,50,0,0,4.0,10777,35136,333284,296767,a,,,,,,5,,4.5,8,24,433,5,0,3,3,5,0,36,7,13,16,0.79,0.78,1.57,8.49,4.5,4.5
2026-09-25T00:42:39+00:00,2026-09-24,daily,6,2026-10-10T10:00:00Z,128,Buonanotte,BHA,MID,50,0,0,0.0,0,6,0,329,u,Has joined Elche on loan for the rest of the season,2026-08-10T14:03:07.561436Z,0,0,,,,0.0,0,0,0,0,0,0,0,0,0,0,0,0,0,0.00,0.00,0.00,0.00,0.0,0.0
2026-09-25T00:42:39+00:00,2026-09-24,daily,6,2026-10-10T10:00:00Z,129,Ayari,BHA,MID,54,0,-1,0.4,1933,1769,12174,41324,a,,2026-08-30T18:00:07.935334Z,100,100,,2,4,3.2,3,15,333,4,1,0,3,1,0,21,4,2,15,0.70,0.18,0.88,5.64,3.2,3.2
2026-09-25T00:42:39+00:00,2026-09-24,daily,6,2026-10-10T10:00:00Z,130,Wieffer,BHA,DEF,49,0,-1,0.2,25,1710,25940,43142,i,Knee injury - Unknown return date,2026-09-04T09:30:08.612904Z,0,0,,,,0.0,0,7,156,2,0,0,1,4,0,15,11,4,9,0.12,0.13,0.25,3.18,0.0,0.0
2026-09-25T00:42:39+00:00,2026-09-24,daily,6,2026-10-10T10:00:00Z,132,Howell,BHA,MID,45,0,0,0.0,0,178,0,3656,u,Has joined Leicester City on loan for the rest of the season,2026-08-17T13:53:19.019938Z,0,0,,,,0.0,0,0,0,0,0,0,0,0,0,0,0,0,0,0.00,0.00,0.00,0.00,0.0,0.0
2026-09-25T00:42:39+00:00,2026-09-24,daily,6,2026-10-10T10:00:00Z,133,Watson,BHA,MID,50,0,0,0.0,0,3,0,134,u,Has joined Leicester City on loan for the rest of the season,2026-08-03T14:05:44.459483Z,0,0,,,,0.0,0,0,0,0,0,0,0,0,0,0,0,0,0,0.00,0.00,0.00,0.00,0.0,0.0
2026-09-25T00:42:39+00:00,2026-09-24,daily,6,2026-10-10T10:00:00Z,134,Oriola,BHA,MID,45,0,0,0.2,306,1219,8710,14087,a,,,,,,,,0.0,0,0,0,0,0,0,0,0,0,0,0,0,0,0.00,0.00,0.00,0.00,0.0,0.0
2026-09-25T00:42:39+00:00,2026-09-24,daily,6,2026-10-10T10:00:00Z,135,Yohanna,BHA,MID,49,0,-1,0.0,18,337,1261,5444,i,Unspecified injury - Expected back 10 Oct,2026-09-10T13:00:08.617941Z,0,0,,,,0.0,0,1,12,0,0,0,0,0,0,0,0,0,0,0.00,0.03,0.03,0.00,0.0,0.0
2026-09-25T00:42:39+00:00,2026-09-24,daily,6,2026-10-10T10:00:00Z,137,Tzimas,BHA,FWD,54,0,-1,0.0,27,42,324,740,i,Knee injury - Unknown return date,2026-07-23T12:01:23.432796Z,0,0,,,,0.0,0,0,0,0,0,0,0,0,0,0,0,0,0,0.00,0.00,0.00,0.00,0.0,0.0
2026-09-25T00:42:39+00:00,2026-09-24,daily,6,2026-10-10T10:00:00Z,138,Kostoulas,BHA,FWD,56,1,1,3.7,273738,13993,378429,46503,a,,,,,,,,6.8,10,28,353,4,2,3,2,5,0,27,5,4,18,1.35,0.06,1.41,7.67,6.8,6.8
2026-09-25T00:42:39+00:00,2026-09-24,daily,6,2026-10-10T10:00:00Z,139,Ferguson,BHA,FWD,50,0,0,0.0,111,231,1562,2500,i,Ankle injury - Expected back 10 Oct,2026-07-23T12:01:23.448357Z,0,0,,,,0.0,0,0,0,0,0,0,0,0,0,0,0,0,0,0.00,0.00,0.00,0.00,0.0,0.0
2026-09-25T00:42:39+00:00,2026-09-24,daily,6,2026-10-10T10:00:00Z,328,Struijk,BHA,DEF,49,0,-1,0.2,627,636,5656,11887,d,Hamstring injury - 75% chance of playing,2026-09-22T10:00:09.404233Z,100,75,,,,1.8,5,7,98,1,0,0,1,0,0,10,9,1,6,0.16,0.01,0.17,1.70,1.8,1.4
2026-09-25T00:42:39+00:00,2026-09-24,daily,6,2026-10-10T10:00:00Z,504,Vuskovic,BHA,DEF,50,0,0,3.6,47997,10676,251097,135488,a,,,,,,,,6.5,8,32,437,5,1,0,3,5,0,43,37,6,17,0.46,0.07,0.53,8.45,6.5,6.5
2026-09-25T00:42:39+00:00,2026-09-24,daily,6,2026-10-10T10:00:00Z,594,David,BHA,FWD,59,-1,-1,0.2,2694,1956,14556,22229,a,,,,,2,,,0.2,0,1,23,0,0,0,0,0,0,0,0,0,0,0.42,0.00,0.42,0.14,0.2,0.2
2026-09-25T00:42:39+00:00,2026-09-24,daily,6,2026-10-10T10:00:00Z,600,Osman,BHA,MID,50,0,0,0.0,99,113,930,1080,a,,,,,,,,0.5,0,3,40,0,0,0,0,1,0,4,0,1,3,0.05,0.07,0.12,0.32,0.5,0.5
2026-09-25T00:42:39+00:00,2026-09-24,daily,6,2026-10-10T10:00:00Z,605,Yalcouyé,BHA,MID,45,0,0,4.0,22966,29883,551855,167837,a,,,,,,,,4.8,1,20,236,3,2,0,1,4,0,19,6,6,7,1.46,0.45,1.91,6.57,4.8,4.8
2026-09-25T00:42:39+00:00,2026-09-24,daily,6,2026-10-10T10:00:00Z,614,Hadjam,BHA,DEF,45,0,0,0.0,226,226,3965,1931,a,,,,,,,,0.0,0,0,0,0,0,0,0,0,0,0,0,0,0,0.00,0.00,0.00,0.00,0.0,0.0
2026-09-25T00:42:39+00:00,2026-09-24,daily,6,2026-10-10T10:00:00Z,624,Cozier-Duberry,BHA,MID,50,0,0,0.0,0,5,117,113,u,Has joined Middlesbrough on loan for the rest of the season,2026-09-02T15:38:15.552951Z,0,0,,,,0.0,0,0,0,0,0,0,0,0,0,0,0,0,0,0.00,0.00,0.00,0.00,0.0,0.0
2026-09-25T00:42:39+00:00,2026-09-24,daily,6,2026-10-10T10:00:00Z,639,Andrés,BHA,MID,55,0,0,0.0,2444,256,3688,724,a,,,,,,,,4.0,8,12,109,1,1,1,1,0,0,13,4,1,8,0.52,0.12,0.64,1.70,4.0,4.0
2026-09-25T00:42:39+00:00,2026-09-24,daily,6,2026-10-10T10:00:00Z,652,Azeez,BHA,MID,55,0,0,0.0,15,38,438,195,i,Hamstring injury - Expected back 10 Oct,2026-09-04T11:30:08.661589Z,0,0,,,,0.0,0,0,0,0,0,0,0,0,0,0,0,0,0,0.00,0.00,0.00,0.00,0.0,0.0
2026-09-25T00:42:39+00:00,2026-09-24,daily,6,2026-10-10T10:00:00Z,658,Ibrahim,BHA,MID,45,0,0,0.0,272,191,1435,459,a,,,,,,,,0.0,0,0,0,0,0,0,0,0,0,0,0,0,0,0.00,0.00,0.00,0.00,0.0,0.0
2026-09-25T00:42:39+00:00,2026-09-24,daily,6,2026-10-10T10:00:00Z,28,Martinez,CHE,GKP,50,0,0,4.8,6353,19635,244120,244216,a,,,,,,,,2.2,2,9,360,4,0,0,0,10,18,0,1,0,37,0.00,0.01,0.01,7.49,2.2,2.2
2026-09-25T00:42:39+00:00,2026-09-24,daily,6,2026-10-10T10:00:00Z,40,Rogers,CHE,MID,77,0,2,40.4,124969,61905,2454392,653592,a,,,,,,,3,5.2,2,29,437,5,3,1,0,12,0,31,3,5,23,1.72,1.23,2.95,8.73,5.2,5.2
2026-09-25T00:42:39+00:00,2026-09-24,daily,6,2026-10-10T10:00:00Z,101,Henderson,CHE,MID,49,0,-1,0.0,444,128,1057,2602,a,,2026-08-09T09:30:07.136250Z,50,100,,,,0.5,2,2,90,1,0,0,0,3,0,10,2,1,7,0.00,0.08,0.08,2.65,0.2,0.5
2026-09-25T00:42:39+00:00,2026-09-24,daily,6,2026-10-10T10:00:00Z,136,Welbeck,CHE,FWD,59,0,-1,1.0,6186,8240,60122,82144,a,,2026-08-20T14:00:07.949090Z,100,100,,,,1.0,2,4,85,1,0,0,0,1,0,5,2,1,2,0.00,0.14,0.14,1.99,1.0,1.0
2026-09-25T00:42:39+00:00,2026-09-24,daily,6,2026-10-10T10:00:00Z,140,Sánchez,CHE,GKP,49,0,-1,0.7,0,4124,10847,175732,u,Has joined Como on loan for the rest of the season,2026-09-02T16:20:41.841936Z,0,0,,,,0.0,0,2,90,1,0,0,0,2,4,0,1,0,5,0.00,0.01,0.01,1.33,0.0,0.0
2026-09-25T00:42:39+00:00,2026-09-24,daily,6,2026-10-10T10:00:00Z,141,Jörgensen,CHE,GKP,50,0,0,0.0,0,29,0,947,u,Has joined RC Strasbourg on loan for the rest of the season,2026-08-12T14:07:02.607115Z,0,0,,,,0.0,0,0,0,0,0,0,0,0,0,0,0,0,0,0.00,0.00,0.00,0.00,0.0,0.0
2026-09-25T00:42:39+00:00,2026-09-24,daily,6,2026-10-10T10:00:00Z,142,James,CHE,DEF,54,0,-1,5.9,528,70312,168733,593001,d,Hamstring injury - 75% chance of playing,2026-09-18T10:30:09.719371Z,75,75,,1,1,0.8,0,3,292,3,0,0,0,7,0,13,11,2,15,0.33,0.26,0.59,4.90,0.6,0.6
2026-09-25T00:42:39+00:00,2026-09-24,daily,6,2026-10-10T10:00:00Z,143,Chalobah,CHE,DEF,55,0,0,0.1,0,264,0,13894,u,Has joined Como permanently,2026-08-10T14:03:50.769483Z,0,0,,,,0.0,0,0,0,0,0,0,0,0,0,0,0,0,0,0.00,0.00,0.00,0.00,0.0,0.0
2026-09-25T00:42:39+00:00,2026-09-24,daily,6,2026-10-10T10:00:00Z,144,Gusto,CHE,DEF,49,-1,-1,1.0,1435,6306,36762,66786,a,,,,,,,,0.8,0,4,272,3,0,0,0,7,0,15,11,4,13,0.08,0.12,0.20,3.50,0.8,0.8
2026-09-25T00:42:39+00:00,2026-09-24,daily,6,2026-10-10T10:00:00Z,145,Fofana,CHE,DEF,50,0,0,0.2,2083,1113,18189,8054,a,,2026-07-23T12:01:23.464591Z,100,100,,,,2.0,4,8,312,4,0,0,0,7,0,47,40,7,11,0.00,0.08,0.08,5.65,2.0,2.0
2026-09-25T00:42:39+00:00,2026-09-24,daily,6,2026-10-10T10:00:00Z,146,B.Badiashile,CHE,DEF,45,0,0,0.0,0,37,232,1934,u,Has joined Napoli on loan for the rest of the season,2026-08-25T14:03:47.079414Z,0,0,,,,0.0,0,0,0,0,0,0,0,0,0,0,0,0,0,0.00,0.00,0.00,0.00,0.0,0.0
2026-09-25T00:42:39+00:00,2026-09-24,daily,6,2026-10-10T10:00:00Z,148,Hato,CHE,DEF,45,0,0,0.8,691,6724,91086,59051,a,,,,,,,,1.8,0,8,258,4,0,2,0,9,0,18,11,7,9,0.01,0.21,0.22,4.81,1.8,1.8
2026-09-25T00:42:39+00:00,2026-09-24,daily,6,2026-10-10T10:00:00Z,149,Colwill,CHE,DEF,48,-1,-2,0.9,919,4842,26575,97867,a,,,,,,,,0.8,1,3,341,4,0,0,0,9,0,26,23,3,15,0.01,0.05,0.06,6.67,0.8,0.8
2026-09-25T00:42:39+00:00,2026-09-24,daily,6,2026-10-10T10:00:00Z,150,M.Sarr,CHE,DEF,45,0,0,0.0,0,134,429,5950,u,Has joined Real Sociedad on loan for the rest of the season,2026-08-29T00:34:23.077418Z,0,0,,,,0.0,0,0,0,0,0,0,0,0,0,0,0,0,0,0.00,0.00,0.00,0.00,0.0,0.0
2026-09-25T00:42:39+00:00,2026-09-24,daily,6,2026-10-10T10:00:00Z,151,Acheampong,CHE,DEF,45,0,0,0.3,356,1703,21068,22262,a,,,,,,,,0.5,0,5,221,2,0,0,0,7,0,20,13,7,7,0.00,0.03,0.03,4.72,0.5,0.5
2026-09-25T00:42:39+00:00,2026-09-24,daily,6,2026-10-10T10:00:00Z,152,Palestra,CHE,DEF,53,0,-2,0.6,174,3353,6634,219894,d,Thigh injury - 50% chance of playing,2026-08-24T18:30:07.421239Z,50,50,,,,0.0,0,0,0,0,0,0,0,0,0,0,0,0,0,0.00,0.00,0.00,0.00,0.0,0.0
2026-09-25T00:42:39+00:00,2026-09-24,daily,6,2026-10-10T10:00:00Z,154,Palmer,CHE,MID,97,0,2,25.9,42901,138762,1946277,634068,d,Muscular injury - 75% chance of playing,2026-09-21T13:00:09.022726Z,100,75,1,2,,3.8,2,28,442,5,2,2,0,12,0,29,3,7,19,1.31,0.79,2.10,8.73,3.8,2.8
2026-09-25T00:42:39+00:00,2026-09-24,daily,6,2026-10-10T10:00:00Z,156,Neto,CHE,MID,65,0,0,1.4,4129,8704,81254,90355,a,,,,,,3,2,3.2,2,14,332,4,1,0,0,8,0,28,8,6,14,0.68,0.58,1.26,6.64,3.2,3.2
2026-09-25T00:42:39+00:00,2026-09-24,daily,6,2026-10-10T10:00:00Z,157,Estêvão,CHE,MID,63,0,-2,0.7,1423,3858,17337,86593,a,,,,,2,,4,0.8,1,4,23,0,0,0,0,1,0,2,0,1,1,0.07,0.07,0.14,1.01,0.8,0.8
2026-09-25T00:42:39+00:00,2026-09-24,daily,6,2026-10-10T10:00:00Z,158,Gittens,CHE,MID,58,-1,-2,0.0,135,185,1114,2815,a,,,,,,,,0.0,0,0,0,0,0,0,0,0,0,0,0,0,0,0.00,0.00,0.00,0.00,0.0,0.0
2026-09-25T00:42:39+00:00,2026-09-24,daily,6,2026-10-10T10:00:00Z,159,Caicedo,CHE,MID,53,0,-2,1.1,355,7879,14993,280271,d,Calf injury - 50% chance of playing,2026-08-30T16:00:08.393562Z,50,50,,,,0.2,0,1,13,0,0,0,0,0,0,0,0,0,0,0.00,0.00,0.00,0.07,0.1,0.1
2026-09-25T00:42:39+00:00,2026-09-24,daily,6,2026-10-10T10:00:00Z,161,Lavia,CHE,MID,50,0,0,0.2,362,2242,25737,15352,a,,,,,,,,2.5,0,11,258,4,1,0,0,8,0,31,10,6,15,0.75,0.11,0.86,5.06,2.5,2.5
2026-09-25T00:42:39+00:00,2026-09-24,daily,6,2026-10-10T10:00:00Z,163,D.Essugo,CHE,MID,45,0,0,0.1,0,629,2698,14341,u,Has joined RC Strasbourg on loan for the rest of the season,2026-09-02T16:20:41.865225Z,0,0,,,,0.0,0,0,0,0,0,0,0,0,0,0,0,0,0,0.00,0.00,0.00,0.00,0.0,0.0
2026-09-25T00:42:39+00:00,2026-09-24,daily,6,2026-10-10T10:00:00Z,164,Quenda,CHE,MID,53,0,-2,0.0,59,155,891,3375,a,,2026-07-24T20:30:10.609931Z,100,100,,,,0.2,1,2,27,0,0,0,0,2,0,1,1,0,0,0.03,0.01,0.04,1.29,0.2,0.2
2026-09-25T00:42:39+00:00,2026-09-24,daily,6,2026-10-10T10:00:00Z,165,João Pedro,CHE,FWD,77,-1,2,65.5,50010,356175,1564751,1428671,d,Knee injury - 75% chance of playing,2026-09-16T19:00:09.919929Z,75,75,,,,5.5,0,33,360,4,3,3,0,9,0,9,3,1,5,2.17,0.19,2.36,6.17,4.1,4.1
2026-09-25T00:42:39+00:00,2026-09-24,daily,6,2026-10-10T10:00:00Z,168,Marc Guiu,CHE,FWD,50,0,0,0.2,0,1345,4102,33069,u,Has joined RB Leipzig permanently,2026-09-01T13:24:48.857362Z,0,0,,,,0.0,0,0,0,0,0,0,0,0,0,0,0,0,0,0.00,0.00,0.00,0.00,0.0,0.0
2026-09-25T00:42:39+00:00,2026-09-24,daily,6,2026-10-10T10:00:00Z,169,Mheuka,CHE,FWD,45,0,0,0.5,3830,3082,31551,24871,a,,,,,,,,0.0,0,0,0,0,0,0,0,0,0,0,0,0,0,0.00,0.00,0.00,0.00,0.0,0.0
2026-09-25T00:42:39+00:00,2026-09-24,daily,6,2026-10-10T10:00:00Z,170,Emegha,CHE,FWD,50,0,0,0.1,65,942,6065,12449,i,Hamstring injury - Expected back 10 Oct,2026-09-09T15:00:09.063849Z,0,0,,,,0.0,0,0,0,0,0,0,0,0,0,0,0,0,0,0.00,0.00,0.00,0.00,0.0,0.0
2026-09-25T00:42:39+00:00,2026-09-24,daily,6,2026-10-10T10:00:00Z,200,Lacroix,CHE,DEF,59,-1,-1,6.8,6554,26057,173208,421633,a,,,,,,,,1.8,3,13,364,4,0,1,0,10,0,47,37,10,8,0.15,0.22,0.37,7.93,1.8,1.8
2026-09-25T00:42:39+00:00,2026-09-24,daily,6,2026-10-10T10:00:00Z,560,Penders,CHE,GKP,44,0,-1,0.1,213,254,1988,3574,a,,,,,,,,0.0,0,0,0,0,0,0,0,0,0,0,0,0,0,0.00,0.00,0.00,0.00,0.0,0.0
2026-09-25T00:42:39+00:00,2026-09-24,daily,6,2026-10-10T10:00:00Z,561,Anselmino,CHE,DEF,45,0,0,0.0,52,96,809,1244,a,,2026-08-23T19:00:08.536705Z,100,100,,,,0.0,0,0,0,0,0,0,0,0,0,0,0,0,0,0.00,0.00,0.00,0.00,0.0,0.0
2026-09-25T00:42:39+00:00,2026-09-24,daily,6,2026-10-10T10:00:00Z,568,Barco,CHE,MID,54,0,-1,0.1,194,389,3117,6956,a,,,,,,,,0.8,2,3,115,1,0,0,0,3,0,12,4,3,5,0.07,0.11,0.18,2.83,0.8,0.8
2026-09-25T00:42:39+00:00,2026-09-24,daily,6,2026-10-10T10:00:00Z,583,Chavarria,CHE,DEF,49,0,-1,0.1,348,466,3308,11072,a,,,,,,,,1.0,1,5,208,1,0,0,0,4,0,16,11,5,7,0.04,0.07,0.11,4.10,1.0,1.0
2026-09-25T00:42:39+00:00,2026-09-24,daily,6,2026-10-10T10:00:00Z,662,Nicoll-Jazuli,CHE,MID,45,0,0,0.0,291,54,291,54,a,,,,,,,,1.0,1,1,3,0,0,0,0,1,0,2,0,2,0,0.00,0.00,0.00,0.43,1.1,1.1
2026-09-25T00:42:39+00:00,2026-09-24,daily,6,2026-10-10T10:00:00Z,91,Pinnock,COV,DEF,45,0,0,0.1,323,188,2492,3959,a,,,,,,,,3.5,8,14,282,3,0,0,1,7,0,44,41,3,4,0.12,0.00,0.12,6.57,3.5,3.5
2026-09-25T00:42:39+00:00,2026-09-24,daily,6,2026-10-10T10:00:00Z,104,Onyeka,COV,MID,49,0,-1,0.1,148,398,3958,9525,a,,2026-09-15T09:00:07.851220Z,100,100,,,,1.8,3,9,314,4,0,0,1,7,0,28,9,5,14,0.03,0.02,0.05,6.31,1.8,1.8
2026-09-25T00:42:39+00:00,2026-09-24,daily,6,2026-10-10T10:00:00Z,110,Rushworth,COV,GKP,45,0,0,0.8,2178,5442,23325,58606,a,,,,,,,,3.8,11,16,450,5,0,1,1,10,9,0,4,0,50,0.00,0.02,0.02,8.63,3.8,3.8
2026-09-25T00:42:39+00:00,2026-09-24,daily,6,2026-10-10T10:00:00Z,171,Dovin,COV,GKP,40,0,0,1.0,0,4155,8924,57323,u,Has joined Leyton Orient on loan for the rest of the season,2026-09-02T15:44:14.839336Z,0,0,,,,0.0,0,0,0,0,0,0,0,0,0,0,0,0,0,0.00,0.00,0.00,0.00,0.0,0.0
2026-09-25T00:42:39+00:00,2026-09-24,daily,6,2026-10-10T10:00:00Z,172,Wilson,COV,GKP,44,0,-1,0.4,196,570,1366,12267,a,,,,,,,,0.0,0,0,0,0,0,0,0,0,0,0,0,0,0,0.00,0.00,0.00,0.00,0.0,0.0
2026-09-25T00:42:39+00:00,2026-09-24,daily,6,2026-10-10T10:00:00Z,173,Thomas,COV,DEF,40,0,0,8.6,21784,26486,359218,279510,a,,,,,,,,5.2,9,24,437,5,0,0,2,9,0,52,49,3,16,0.49,0.30,0.79,8.09,5.2,5.2
2026-09-25T00:42:39+00:00,2026-09-24,daily,6,2026-10-10T10:00:00Z,174,Kitching,COV,DEF,40,0,0,0.3,0,1537,981,32630,u,Has joined Sheffield United on loan for the rest of the season,2026-09-02T16:21:03.612394Z,0,0,,,,0.0,0,0,0,0,0,0,0,0,0,0,0,0,0,0.00,0.00,0.00,0.00,0.0,0.0
2026-09-25T00:42:39+00:00,2026-09-24,daily,6,2026-10-10T10:00:00Z,175,van Ewijk,COV,DEF,40,0,0,8.8,1067,67811,122972,492485,d,Hamstring injury - 75% chance of playing,2026-09-19T16:00:09.486751Z,,75,,,,1.2,0,6,360,4,0,0,0,10,0,27,21,6,13,0.00,0.30,0.30,7.53,1.2,0.9
2026-09-25T00:42:39+00:00,2026-09-24,daily,6,2026-10-10T10:00:00Z,176,Dasilva,COV,DEF,40,0,0,0.7,5282,1386,14565,22352,a,,,,,,,,4.8,15,20,444,5,1,0,1,10,0,23,19,4,14,0.50,0.52,1.02,8.63,4.8,4.8
2026-09-25T00:42:39+00:00,2026-09-24,daily,6,2026-10-10T10:00:00Z,177,Kesler-Hayden,COV,DEF,39,-1,-1,0.0,897,442,1496,3667,i,Hamstring injury - Unknown return date,2026-08-27T14:56:28.704361Z,0,0,,,,0.0,0,0,0,0,0,0,0,0,0,0,0,0,0,0.00,0.00,0.00,0.00,0.0,0.0
2026-09-25T00:42:39+00:00,2026-09-24,daily,6,2026-10-10T10:00:00Z,178,Bidwell,COV,DEF,40,0,0,0.1,165,264,2472,3495,a,,,,,,,,0.0,0,0,0,0,0,0,0,0,0,0,0,0,0,0.00,0.00,0.00,0.00,0.0,0.0
2026-09-25T00:42:39+00:00,2026-09-24,daily,6,2026-10-10T10:00:00Z,179,Latibeaudiere,COV,DEF,40,0,0,0.0,62,115,973,1718,a,,,,,,,,0.2,1,1,1,0,0,0,0,0,0,2,2,0,0,0.00,0.00,0.00,0.02,0.2,0.2
2026-09-25T00:42:39+00:00,2026-09-24,daily,6,2026-10-10T10:00:00Z,180,Woolfenden,COV,DEF,40,0,0,0.1,21,452,2256,8961,i,Knee injury - Unknown return date,2026-08-27T14:56:28.718566Z,0,0,,,,0.0,0,0,0,0,0,0,0,0,0,0,0,0,0,0.00,0.00,0.00,0.00,0.0,0.0
2026-09-25T00:42:39+00:00,2026-09-24,daily,6,2026-10-10T10:00:00Z,181,Brau,COV,DEF,40,0,0,0.0,0,87,275,2157,u,Has joined Academico de Viseu on loan for the rest of the season,2026-08-29T00:35:59.980316Z,0,0,,,,0.0,0,0,0,0,0,0,0,0,0,0,0,0,0,0.00,0.00,0.00,0.00,0.0,0.0
2026-09-25T00:42:39+00:00,2026-09-24,daily,6,2026-10-10T10:00:00Z,182,Amenda,COV,DEF,40,0,0,0.6,26,6011,11471,32913,i,Calf injury - Unknown return date,2026-09-17T07:30:09.329041Z,25,0,,,,0.8,0,4,360,4,0,0,0,10,0,24,23,1,11,0.02,0.39,0.41,7.53,0.2,0.0
2026-09-25T00:42:39+00:00,2026-09-24,daily,6,2026-10-10T10:00:00Z,183,Rudoni,COV,MID,49,0,-1,0.1,765,575,4235,7964,a,,2026-07-23T12:01:23.481435Z,100,100,,1,5,3.0,5,13,297,4,0,0,2,4,0,34,9,4,21,0.92,1.11,2.03,4.49,3.0,3.0
2026-09-25T00:42:39+00:00,2026-09-24,daily,6,2026-10-10T10:00:00Z,184,Grimes,COV,MID,49,0,-1,0.1,158,765,4055,11156,a,,,,,3,,1,2.2,3,11,443,5,0,0,1,9,0,38,13,9,16,0.12,0.13,0.25,8.42,2.2,2.2
2026-09-25T00:42:39+00:00,2026-09-24,daily,6,2026-10-10T10:00:00Z,185,Sakamoto,COV,MID,48,0,-2,0.1,112,344,1002,5716,a,,,,,,,,0.2,0,1,31,0,0,0,0,1,0,4,0,2,2,0.02,0.02,0.04,0.69,0.2,0.2
2026-09-25T00:42:39+00:00,2026-09-24,daily,6,2026-10-10T10:00:00Z,186,Mason-Clark,COV,MID,53,-1,-2,0.1,65,324,1104,5928,a,,2026-08-19T18:00:08.310507Z,100,100,,,,1.2,1,5,231,4,0,0,0,3,0,15,6,0,9,0.51,0.12,0.63,3.16,1.2,1.2
2026-09-25T00:42:39+00:00,2026-09-24,daily,6,2026-10-10T10:00:00Z,187,Eccles,COV,MID,48,-1,-2,0.0,11,82,624,1458,i,Unspecified injury - Expected back 12 Oct,2026-09-10T18:30:08.877110Z,0,0,,,,0.0,0,0,0,0,0,0,0,0,0,0,0,0,0,0.00,0.00,0.00,0.00,0.0,0.0
2026-09-25T00:42:39+00:00,2026-09-24,daily,6,2026-10-10T10:00:00Z,188,Torp,COV,MID,53,-1,-2,0.1,40,380,793,7912,a,,,,,2,2,2,0.5,0,3,53,0,0,0,0,2,0,3,1,0,2,0.00,0.12,0.12,1.22,0.5,0.5
2026-09-25T00:42:39+00:00,2026-09-24,daily,6,2026-10-10T10:00:00Z,189,Shepherd,COV,MID,44,0,-1,0.3,3695,2011,10415,14882,a,,,,,,,,0.0,0,0,0,0,0,0,0,0,0,0,0,0,0,0.00,0.00,0.00,0.00,0.0,0.0
2026-09-25T00:42:39+00:00,2026-09-24,daily,6,2026-10-10T10:00:00Z,190,Tchaouna,COV,MID,54,0,-1,0.1,18,305,3134,8182,a,,,,,,,3,0.8,1,5,211,2,0,0,0,3,0,18,6,1,11,0.23,0.18,0.41,3.23,0.8,0.8
2026-09-25T00:42:39+00:00,2026-09-24,daily,6,2026-10-10T10:00:00Z,191,Borges Rodrigues,COV,MID,45,0,0,0.1,0,591,1943,11415,u,Has joined Burton Albion on loan for the rest of the season,2026-09-02T15:44:14.868001Z,0,0,,,,0.0,0,0,0,0,0,0,0,0,0,0,0,0,0,0.00,0.00,0.00,0.00,0.0,0.0
2026-09-25T00:42:39+00:00,2026-09-24,daily,6,2026-10-10T10:00:00Z,192,Andrews,COV,MID,45,0,0,0.3,0,1752,2718,40857,u,Has joined Oxford United on loan for the rest of the season,2026-08-29T00:35:59.998520Z,0,0,,,,0.0,0,0,0,0,0,0,0,0,0,0,0,0,0,0.00,0.00,0.00,0.00,0.0,0.0
2026-09-25T00:42:39+00:00,2026-09-24,daily,6,2026-10-10T10:00:00Z,193,Wright,COV,FWD,54,0,-1,0.1,38,462,605,12388,i,Thigh injury - Unknown return date,2026-08-14T22:00:07.214508Z,0,0,1,,,0.0,0,0,0,0,0,0,0,0,0,0,0,0,0,0.00,0.00,0.00,0.00,0.0,0.0
2026-09-25T00:42:39+00:00,2026-09-24,daily,6,2026-10-10T10:00:00Z,194,Thomas-Asante,COV,FWD,50,0,0,0.8,6636,5069,57261,56094,a,,,,,4,,,1.8,4,9,227,2,0,0,1,6,0,27,12,3,12,0.34,0.06,0.39,4.98,1.8,1.8
2026-09-25T00:42:39+00:00,2026-09-24,daily,6,2026-10-10T10:00:00Z,195,Simms,COV,FWD,49,-1,-1,0.6,1320,4707,39824,63925,a,,,,,,,,0.5,1,4,104,1,0,0,0,3,0,3,1,0,2,0.30,0.01,0.31,2.79,0.5,0.5
2026-09-25T00:42:39+00:00,2026-09-24,daily,6,2026-10-10T10:00:00Z,196,Markelo,COV,FWD,50,0,0,0.0,0,56,0,1183,u,Has joined Shabab Al-Ahli Dubai permanently,2026-08-17T13:53:55.791223Z,0,0,,,,0.0,0,0,0,0,0,0,0,0,0,0,0,0,0,0.00,0.00,0.00,0.00,0.0,0.0
2026-09-25T00:42:39+00:00,2026-09-24,daily,6,2026-10-10T10:00:00Z,197,Bassette,COV,FWD,45,0,0,0.0,0,127,0,2086,u,Has joined KVC Westerlo on loan for the rest of the season,2026-07-28T12:58:50.001768Z,0,0,,,,0.0,0,0,0,0,0,0,0,0,0,0,0,0,0,0.00,0.00,0.00,0.00,0.0,0.0
2026-09-25T00:42:39+00:00,2026-09-24,daily,6,2026-10-10T10:00:00Z,492,Awoniyi,COV,FWD,54,-1,-1,0.4,54,4499,21327,64294,s,Suspended until 19 Oct,2026-09-13T15:00:09.305127Z,0,0,5,,,0.5,0,3,232,3,0,0,0,7,0,11,3,1,7,1.30,0.04,1.34,3.55,0.0,0.0
2026-09-25T00:42:39+00:00,2026-09-24,daily,6,2026-10-10T10:00:00Z,575,Yirenkyi,COV,MID,48,-1,-2,0.1,247,875,2899,13542,a,,,,,,,,2.0,3,9,265,3,0,0,2,5,0,21,7,1,13,0.03,0.15,0.18,4.25,2.0,2.0
2026-09-25T00:42:39+00:00,2026-09-24,daily,6,2026-10-10T10:00:00Z,584,Hamer,COV,MID,54,0,-1,0.1,39,346,789,6353,a,,,,,,,4,0.5,0,3,32,0,0,0,0,1,0,3,0,1,2,0.00,0.02,0.02,0.82,0.5,0.5
2026-09-25T00:42:39+00:00,2026-09-24,daily,6,2026-10-10T10:00:00Z,599,Cherif,COV,FWD,50,0,0,0.1,442,676,7369,7515,a,,,,,,,,0.2,0,1,30,0,0,0,0,3,0,1,1,0,0,0.00,0.00,0.00,1.43,0.2,0.2
2026-09-25T00:42:39+00:00,2026-09-24,daily,6,2026-10-10T10:00:00Z,623,Bentley,COV,GKP,40,0,0,0.6,7402,1968,77780,18860,a,,,,,,,,0.0,0,0,0,0,0,0,0,0,0,0,0,0,0,0.00,0.00,0.00,0.00,0.0,0.0
2026-09-25T00:42:39+00:00,2026-09-24,daily,6,2026-10-10T10:00:00Z,655,Gboho,COV,MID,55,0,0,0.0,60,47,258,96,a,,,,,,,,0.0,0,0,0,0,0,0,0,0,0,0,0,0,0,0.00,0.00,0.00,0.00,0.0,0.0
2026-09-25T00:42:39+00:00,2026-09-24,daily,6,2026-10-10T10:00:00Z,656,Mfuni,COV,DEF,40,0,0,0.1,1617,727,9929,2528,a,,,,,,,,3.0,6,6,90,1,0,0,1,0,0,8,7,1,3,0.00,0.01,0.01,1.10,3.0,3.0
2026-09-25T00:42:39+00:00,2026-09-24,daily,6,2026-10-10T10:00:00Z,42,Guessand,CRY,MID,54,0,-1,0.0,92,232,2385,3603,a,,,,,,,,0.2,0,2,54,0,0,0,0,1,0,2,1,1,0,0.03,0.03,0.06,0.34,0.2,0.2
2026-09-25T00:42:39+00:00,2026-09-24,daily,6,2026-10-10T10:00:00Z,153,Disasi,CRY,DEF,45,0,0,0.1,21,682,9422,10263,s,Suspended until 25 Oct,2026-09-12T15:30:09.445078Z,0,0,,,,0.2,0,1,139,2,0,0,0,6,0,20,15,5,11,0.00,0.04,0.04,3.72,0.0,0.0
2026-09-25T00:42:39+00:00,2026-09-24,daily,6,2026-10-10T10:00:00Z,198,Henderson,CRY,GKP,50,0,0,1.3,110,9639,55236,118547,i,Foot injury - Expected back 11 Oct,2026-09-12T14:00:09.378740Z,0,0,,,,0.8,0,5,270,3,0,0,0,8,12,0,6,0,31,0.00,0.00,0.00,6.47,0.0,0.0
2026-09-25T00:42:39+00:00,2026-09-24,daily,6,2026-10-10T10:00:00Z,199,Benitez,CRY,GKP,45,0,0,0.1,562,291,3654,4708,a,,,,,,,,2.0,6,8,180,2,0,0,1,3,5,0,2,0,11,0.00,0.00,0.00,2.99,2.0,2.0
2026-09-25T00:42:39+00:00,2026-09-24,daily,6,2026-10-10T10:00:00Z,202,Richards,CRY,DEF,50,0,0,0.6,1374,1909,22286,37640,a,,,,,,,,2.8,8,14,450,5,0,0,1,11,0,54,46,8,16,0.08,0.07,0.15,9.46,2.8,2.8
2026-09-25T00:42:39+00:00,2026-09-24,daily,6,2026-10-10T10:00:00Z,203,Canvot,CRY,DEF,48,-1,-2,0.2,326,760,5668,19410,a,,,,,,,,2.2,8,10,360,4,0,0,1,8,0,34,26,8,11,0.05,0.13,0.18,7.78,2.2,2.2
2026-09-25T00:42:39+00:00,2026-09-24,daily,6,2026-10-10T10:00:00Z,204,Mitchell,CRY,DEF,45,0,0,6.0,11811,13802,308346,262204,a,,,,,,,,5.8,7,24,419,5,2,0,1,10,0,25,14,11,23,0.77,0.26,1.03,8.34,5.8,5.8
2026-09-25T00:42:39+00:00,2026-09-24,daily,6,2026-10-10T10:00:00Z,205,Sosa,CRY,DEF,45,0,0,0.0,0,89,236,2058,u,Has joined FC Cologne on loan for the rest of the season,2026-09-02T16:03:25.710518Z,0,0,,,,0.0,0,0,0,0,0,0,0,0,0,0,0,0,0,0.00,0.00,0.00,0.00,0.0,0.0
2026-09-25T00:42:39+00:00,2026-09-24,daily,6,2026-10-10T10:00:00Z,206,Chadi Riad,CRY,DEF,43,-1,-2,0.0,20,109,644,5660,i,Knee injury - Unknown return date,2026-08-22T18:00:07.352049Z,0,0,,,,0.0,0,1,72,1,0,0,0,2,0,7,6,1,3,0.00,0.01,0.01,0.98,0.0,0.0
2026-09-25T00:42:39+00:00,2026-09-24,daily,6,2026-10-10T10:00:00Z,207,Mingueza,CRY,DEF,44,0,-1,0.1,68,246,1978,4802,a,,,,,,,,0.5,0,2,16,0,0,0,0,1,0,2,0,2,1,0.00,0.00,0.00,0.33,0.5,0.5
2026-09-25T00:42:39+00:00,2026-09-24,daily,6,2026-10-10T10:00:00Z,208,Sarr,CRY,MID,62,0,-3,0.6,2164,1884,6218,376335,a,,2026-08-22T18:00:07.363165Z,100,100,2,,,0.2,1,1,8,0,0,0,0,0,0,0,0,0,0,0.00,0.01,0.01,0.06,0.2,0.2
2026-09-25T00:42:39+00:00,2026-09-24,daily,6,2026-10-10T10:00:00Z,210,Wharton,CRY,MID,54,-1,-1,0.7,1015,4069,29422,48059,a,,2026-07-23T12:01:23.498963Z,100,100,,,2,2.0,2,12,436,5,0,0,1,10,0,41,16,10,15,0.15,0.58,0.73,8.91,2.0,2.0
2026-09-25T00:42:39+00:00,2026-09-24,daily,6,2026-10-10T10:00:00Z,211,Yeremy,CRY,MID,55,0,0,0.3,620,2344,45164,30741,a,,,,,,1,1,3.2,2,14,307,4,0,2,1,6,0,26,5,5,16,0.52,0.55,1.07,6.93,3.2,3.2
2026-09-25T00:42:39+00:00,2026-09-24,daily,6,2026-10-10T10:00:00Z,212,Hughes,CRY,MID,44,0,-1,7.4,7919,39236,121318,477851,a,,,,,,,4,0.5,0,2,29,0,0,0,0,1,0,7,3,1,3,0.00,0.04,0.04,1.12,0.5,0.5
2026-09-25T00:42:39+00:00,2026-09-24,daily,6,2026-10-10T10:00:00Z,213,Lerma,CRY,MID,48,-1,-2,0.1,73,319,1279,5500,a,,,,,,,,0.2,0,1,51,0,0,0,0,1,0,12,7,2,3,0.26,0.00,0.26,1.25,0.2,0.2
2026-09-25T00:42:39+00:00,2026-09-24,daily,6,2026-10-10T10:00:00Z,214,Kamada,CRY,MID,50,0,0,0.5,2729,2583,49476,24200,a,,,,,,,3,4.5,3,21,441,5,0,3,1,10,0,38,4,11,23,0.47,0.38,0.85,8.85,4.5,4.5
2026-09-25T00:42:39+00:00,2026-09-24,daily,6,2026-10-10T10:00:00Z,215,Devenny,CRY,MID,50,0,0,0.0,0,30,132,944,u,Has joined Stoke City permanently,2026-09-02T15:41:07.346849Z,0,0,3,2,,0.0,0,0,0,0,0,0,0,0,0,0,0,0,0,0.00,0.00,0.00,0.00,0.0,0.0
2026-09-25T00:42:39+00:00,2026-09-24,daily,6,2026-10-10T10:00:00Z,216,Esse,CRY,MID,50,0,0,0.0,0,101,399,3212,u,Has joined Millwall on loan for the rest of the season,2026-09-02T15:41:07.376544Z,0,0,,,,0.0,0,0,0,0,0,0,0,0,0,0,0,0,0,0.00,0.00,0.00,0.00,0.0,0.0
2026-09-25T00:42:39+00:00,2026-09-24,daily,6,2026-10-10T10:00:00Z,217,M.França,CRY,MID,49,0,-1,0.0,0,129,1007,3411,u,Has joined Alverca on loan for the rest of the season,2026-09-11T14:42:19.322912Z,0,0,,,,0.0,0,0,0,0,0,0,0,0,0,0,0,0,0,0.00,0.00,0.00,0.00,0.0,0.0
2026-09-25T00:42:39+00:00,2026-09-24,daily,6,2026-10-10T10:00:00Z,218,Doucouré,CRY,MID,48,-1,-2,0.0,91,262,2065,4427,a,,,,,,,,0.0,0,0,0,0,0,0,0,0,0,0,0,0,0,0.00,0.00,0.00,0.00,0.0,0.0
2026-09-25T00:42:39+00:00,2026-09-24,daily,6,2026-10-10T10:00:00Z,219,J.Rak-Sakyi,CRY,MID,49,0,-1,0.0,0,19,145,461,u,has joined  Kasimpasa on loan for the rest of the seaon.,2026-09-10T09:12:47.224598Z,0,0,,,,0.0,0,0,0,0,0,0,0,0,0,0,0,0,0,0.00,0.00,0.00,0.00,0.0,0.0
2026-09-25T00:42:39+00:00,2026-09-24,daily,6,2026-10-10T10:00:00Z,220,Cardines,CRY,DEF,45,0,0,0.0,0,3,0,128,u,Has joined Bristol City on loan for the rest of the season,2026-08-12T14:08:46.501813Z,0,0,,,,0.0,0,0,0,0,0,0,0,0,0,0,0,0,0,0.00,0.00,0.00,0.00,0.0,0.0
2026-09-25T00:42:39+00:00,2026-09-24,daily,6,2026-10-10T10:00:00Z,221,Drakes-Thomas,CRY,MID,45,0,0,0.1,125,371,2673,4616,a,,,,,,,,0.0,0,0,0,0,0,0,0,0,0,0,0,0,0,0.00,0.00,0.00,0.00,0.0,0.0
2026-09-25T00:42:39+00:00,2026-09-24,daily,6,2026-10-10T10:00:00Z,222,Strand Larsen,CRY,FWD,60,0,0,0.6,3904,3355,49129,40409,a,,,,,,,,3.2,2,14,298,3,1,0,1,5,0,13,6,2,5,0.43,0.20,0.63,6.15,3.2,3.2
2026-09-25T00:42:39+00:00,2026-09-24,daily,6,2026-10-10T10:00:00Z,223,Mateta,CRY,FWD,63,0,-2,1.3,170,7757,25923,453244,i,Hamstring injury - Expected back 11 Oct,2026-08-28T21:00:08.020382Z,0,0,1,,,0.0,0,2,62,1,0,0,0,2,0,5,1,2,2,0.70,0.02,0.72,0.98,0.0,0.0
2026-09-25T00:42:39+00:00,2026-09-24,daily,6,2026-10-10T10:00:00Z,224,Nketiah,CRY,FWD,55,0,0,0.5,1038,2975,47019,49622,a,,2026-09-12T14:00:09.427136Z,100,100,,,,1.8,1,8,175,3,0,1,0,7,0,12,2,4,6,1.10,0.60,1.70,4.51,1.8,1.8
2026-09-25T00:42:39+00:00,2026-09-24,daily,6,2026-10-10T10:00:00Z,225,Uche,CRY,FWD,50,0,0,0.0,0,0,0,0,u,has returned to Getafe CF,2026-07-23T12:18:56.275922Z,0,0,,,,0.0,0,0,0,0,0,0,0,0,0,0,0,0,0,0.00,0.00,0.00,0.00,0.0,0.0
2026-09-25T00:42:39+00:00,2026-09-24,daily,6,2026-10-10T10:00:00Z,241,McNeil,CRY,MID,54,0,-1,0.1,57,413,1764,8142,a,,,,,,,,0.2,0,3,84,1,0,0,0,3,0,7,4,0,3,0.05,0.02,0.07,1.18,0.2,0.2
2026-09-25T00:42:39+00:00,2026-09-24,daily,6,2026-10-10T10:00:00Z,555,Matthews,CRY,GKP,40,0,0,1.7,928,2667,23112,31107,a,,,,,,,,0.0,0,0,0,0,0,0,0,0,0,0,0,0,0,0.00,0.00,0.00,0.00,0.0,0.0
2026-09-25T00:42:39+00:00,2026-09-24,daily,6,2026-10-10T10:00:00Z,577,Tomiyasu,CRY,DEF,44,0,-1,0.3,143,903,3472,13023,d,Calf injury - 75% chance of playing,2026-09-21T13:30:09.030724Z,,75,,,,0.5,1,3,189,2,0,0,0,5,0,17,15,2,7,0.00,0.03,0.03,3.98,0.5,0.4
2026-09-25T00:42:39+00:00,2026-09-24,daily,6,2026-10-10T10:00:00Z,588,Khalaili,CRY,DEF,50,0,0,0.3,1713,907,34406,15161,a,,,,,,,,4.5,6,19,379,4,1,0,1,8,0,44,23,21,26,0.96,0.33,1.29,8.41,4.5,4.5
2026-09-25T00:42:39+00:00,2026-09-24,daily,6,2026-10-10T10:00:00Z,595,Gozo,CRY,MID,50,0,0,0.0,36,71,486,864,a,,,,,,,,0.5,0,2,28,0,0,0,0,2,0,1,0,1,0,0.00,0.00,0.00,0.68,0.5,0.5
2026-09-25T00:42:39+00:00,2026-09-24,daily,6,2026-10-10T10:00:00Z,633,Ahanor,CRY,DEF,45,0,0,0.0,117,98,1892,550,a,,,,,,,,1.0,0,3,90,1,0,0,0,3,0,11,9,2,4,0.00,0.01,0.01,1.68,1.0,1.0
2026-09-25T00:42:39+00:00,2026-09-24,daily,6,2026-10-10T10:00:00Z,643,Chilwell,CRY,DEF,45,0,0,0.4,484,2637,43038,17847,a,,,,,,,,2.7,0,8,29,0,1,0,0,1,0,1,1,0,0,0.27,0.01,0.28,1.12,2.7,2.7
2026-09-25T00:42:39+00:00,2026-09-24,daily,6,2026-10-10T10:00:00Z,644,Timber,CRY,MID,50,0,0,0.0,403,268,4226,1460,a,,,,,,,,3.0,3,9,253,3,0,0,1,5,0,27,6,11,10,0.24,0.06,0.30,5.56,3.0,3.0
2026-09-25T00:42:39+00:00,2026-09-24,daily,6,2026-10-10T10:00:00Z,647,Osorio,CRY,MID,55,0,0,0.0,21,66,940,402,a,,,,,,,,0.3,0,1,1,0,0,0,0,0,0,1,0,1,0,0.00,0.00,0.00,0.13,0.3,0.3
2026-09-25T00:42:39+00:00,2026-09-24,daily,6,2026-10-10T10:00:00Z,21,Nørgaard,EVE,MID,49,0,-1,0.0,34,266,474,7368,i,Groin injury - Unknown return date,2026-08-15T20:00:06.779594Z,0,0,,,,0.0,0,0,0,0,0,0,0,0,0,0,0,0,0,0.00,0.00,0.00,0.00,0.0,0.0
2026-09-25T00:42:39+00:00,2026-09-24,daily,6,2026-10-10T10:00:00Z,209,Johnson,EVE,MID,59,0,-1,0.1,318,620,5213,10335,a,,,,,,,,2.0,3,9,238,3,0,0,2,1,0,26,8,7,11,1.03,0.22,1.25,3.73,2.0,2.0
2026-09-25T00:42:39+00:00,2026-09-24,daily,6,2026-10-10T10:00:00Z,226,Pickford,EVE,GKP,55,0,0,9.1,25250,12779,292767,232898,a,,,,,,,,4.5,8,25,450,5,0,0,3,3,15,0,7,0,53,0.00,0.02,0.02,6.94,4.5,4.5
2026-09-25T00:42:39+00:00,2026-09-24,daily,6,2026-10-10T10:00:00Z,227,Travers,EVE,GKP,50,0,0,0.0,209,224,1767,2086,a,,,,,,,,0.0,0,0,0,0,0,0,0,0,0,0,0,0,0,0.00,0.00,0.00,0.00,0.0,0.0
2026-09-25T00:42:39+00:00,2026-09-24,daily,6,2026-10-10T10:00:00Z,228,King,EVE,GKP,45,0,0,0.0,97,145,1164,1712,a,,,,,,,,0.0,0,0,0,0,0,0,0,0,0,0,0,0,0,0.00,0.00,0.00,0.00,0.0,0.0
2026-09-25T00:42:39+00:00,2026-09-24,daily,6,2026-10-10T10:00:00Z,229,Tarkowski,EVE,DEF,61,0,1,16.1,192604,15983,903412,279569,a,,,,,,,,9.2,14,43,450,5,1,1,3,3,0,51,40,11,18,0.18,0.04,0.22,6.94,9.2,9.2
2026-09-25T00:42:39+00:00,2026-09-24,daily,6,2026-10-10T10:00:00Z,230,Branthwaite,EVE,DEF,55,0,0,2.4,16821,5711,136993,70176,a,,,,,,,,5.2,8,27,450,5,0,0,3,3,0,54,49,5,14,0.17,0.02,0.19,6.94,5.2,5.2
2026-09-25T00:42:39+00:00,2026-09-24,daily,6,2026-10-10T10:00:00Z,231,Keane,EVE,DEF,48,0,-2,0.7,335,3383,9240,90182,a,,,,,,,,0.0,0,0,0,0,0,0,0,0,0,0,0,0,0,0.00,0.00,0.00,0.00,0.0,0.0
2026-09-25T00:42:39+00:00,2026-09-24,daily,6,2026-10-10T10:00:00Z,232,O'Brien,EVE,DEF,48,-1,-2,0.3,284,981,4539,24452,a,,,,,,,,0.5,1,2,16,0,0,0,0,0,0,2,2,0,2,0.00,0.00,0.00,0.42,0.5,0.5
2026-09-25T00:42:39+00:00,2026-09-24,daily,6,2026-10-10T10:00:00Z,233,Mykolenko,EVE,DEF,46,1,1,4.2,38384,14630,409576,111083,a,,,,,,,,5.2,5,27,450,5,0,0,3,3,0,39,25,14,30,0.04,0.16,0.20,6.94,5.2,5.2
2026-09-25T00:42:39+00:00,2026-09-24,daily,6,2026-10-10T10:00:00Z,234,Patterson,EVE,DEF,45,0,0,0.0,0,103,371,2416,u,Has joined Torino permanently,2026-09-02T16:05:23.326971Z,0,0,,,,0.0,0,0,0,0,0,0,0,0,0,0,0,0,0,0.00,0.00,0.00,0.00,0.0,0.0
2026-09-25T00:42:39+00:00,2026-09-24,daily,6,2026-10-10T10:00:00Z,235,Aznou,EVE,DEF,40,0,0,0.1,0,483,1728,11077,u,Has joined Malaga on loan for the rest of the season,2026-09-01T13:23:16.934847Z,0,0,,,,0.0,0,0,0,0,0,0,0,0,0,0,0,0,0,0.00,0.00,0.00,0.00,0.0,0.0
2026-09-25T00:42:39+00:00,2026-09-24,daily,6,2026-10-10T10:00:00Z,236,Dewsbury-Hall,EVE,MID,66,1,1,6.0,31978,39818,582742,319182,a,,,,,,,2,2.2,3,20,450,5,1,0,3,3,0,42,5,11,26,0.99,0.83,1.82,6.74,2.2,2.2
2026-09-25T00:42:39+00:00,2026-09-24,daily,6,2026-10-10T10:00:00Z,238,Grealish,EVE,MID,65,0,0,0.5,3072,2604,40116,22888,a,,2026-07-29T10:00:10.492904Z,100,100,,,,1.2,3,6,135,1,0,0,1,1,0,13,2,3,8,0.02,0.44,0.46,1.67,1.2,1.2
2026-09-25T00:42:39+00:00,2026-09-24,daily,6,2026-10-10T10:00:00Z,239,Garner,EVE,MID,60,0,0,0.2,1421,1726,20873,13626,a,,2026-09-06T18:00:08.301702Z,100,100,2,1,1,2.5,3,11,328,4,0,0,2,2,0,45,9,11,25,0.20,0.17,0.37,3.45,2.5,2.5
2026-09-25T00:42:39+00:00,2026-09-24,daily,6,2026-10-10T10:00:00Z,242,George,EVE,MID,55,0,0,0.9,2108,9842,106773,41506,a,,,,,,,,4.0,1,19,309,4,1,0,2,3,0,18,5,1,12,0.35,0.32,0.67,3.71,4.0,4.0
2026-09-25T00:42:39+00:00,2026-09-24,daily,6,2026-10-10T10:00:00Z,243,Alcaraz,EVE,MID,49,0,-1,0.1,141,358,2842,5791,a,,,,,,,,0.0,0,1,5,0,0,0,0,0,0,3,0,1,2,0.05,0.02,0.07,0.04,0.0,0.0
2026-09-25T00:42:39+00:00,2026-09-24,daily,6,2026-10-10T10:00:00Z,244,Armstrong,EVE,MID,50,0,0,0.4,702,3023,53762,32377,a,,2026-09-17T08:30:08.942299Z,75,100,,,,2.0,2,16,446,5,0,1,3,3,0,40,13,8,19,0.21,0.49,0.70,6.94,1.5,2.0
2026-09-25T00:42:39+00:00,2026-09-24,daily,6,2026-10-10T10:00:00Z,245,Dibling,EVE,MID,54,0,-1,0.0,106,135,1161,2634,a,,,,,,,,0.2,1,1,24,0,0,0,0,0,0,0,0,0,0,0.17,0.16,0.33,0.38,0.2,0.2
2026-09-25T00:42:39+00:00,2026-09-24,daily,6,2026-10-10T10:00:00Z,246,Röhl,EVE,MID,49,0,-1,0.0,7,533,1962,4633,i,Unspecified injury - Expected back 11 Oct,2026-09-16T18:00:09.541933Z,0,0,,,,0.8,0,6,249,3,0,0,1,2,0,24,6,5,13,0.00,0.20,0.20,4.52,0.0,0.0
2026-09-25T00:42:39+00:00,2026-09-24,daily,6,2026-10-10T10:00:00Z,247,Hackney,EVE,MID,54,-1,-1,0.2,172,972,3723,11812,a,,2026-08-26T22:00:07.797766Z,100,100,,,3,1.8,1,10,137,1,0,1,1,1,0,12,4,3,5,0.05,0.13,0.18,3.91,1.8,1.8
2026-09-25T00:42:39+00:00,2026-09-24,daily,6,2026-10-10T10:00:00Z,248,Beto,EVE,FWD,54,0,-1,0.6,0,6391,16222,218713,u,Has joined Fiorentina permanently,2026-09-02T16:05:23.357221Z,0,0,,,,0.2,0,2,31,0,0,0,0,0,0,1,1,0,0,0.09,0.00,0.09,1.92,0.0,0.0
2026-09-25T00:42:39+00:00,2026-09-24,daily,6,2026-10-10T10:00:00Z,249,Barry,EVE,FWD,56,0,1,8.2,68373,32855,950528,351031,a,,,,,1,,,3.0,6,20,417,5,2,0,3,3,0,17,5,1,11,3.50,0.15,3.65,5.02,3.0,3.0
2026-09-25T00:42:39+00:00,2026-09-24,daily,6,2026-10-10T10:00:00Z,649,Maitland-Niles,EVE,DEF,45,0,0,1.3,17127,3678,90159,13570,a,,,,,,,,7.0,8,21,177,2,1,0,2,1,0,13,8,5,7,0.06,0.25,0.31,2.00,7.0,7.0
2026-09-25T00:42:39+00:00,2026-09-24,daily,6,2026-10-10T10:00:00Z,654,Graham,EVE,MID,45,0,0,0.1,206,898,11252,5203,a,,,,,,,,0.0,0,0,0,0,0,0,0,0,0,0,0,0,0,0.00,0.00,0.00,0.00,0.0,0.0
2026-09-25T00:42:39+00:00,2026-09-24,daily,6,2026-10-10T10:00:00Z,250,Leno,FUL,GKP,45,0,0,3.3,32232,8925,143129,99967,a,,,,,,,,4.0,3,18,450,5,0,0,1,8,16,0,6,0,41,0.00,0.00,0.00,9.11,4.0,4.0
2026-09-25T00:42:39+00:00,2026-09-24,daily,6,2026-10-10T10:00:00Z,251,Lecomte,FUL,GKP,40,0,0,1.1,2140,2136,24868,25571,a,,,,,,,,0.0,0,0,0,0,0,0,0,0,0,0,0,0,0,0.00,0.00,0.00,0.00,0.0,0.0
2026-09-25T00:42:39+00:00,2026-09-24,daily,6,2026-10-10T10:00:00Z,252,McNally,FUL,GKP,40,0,0,0.1,0,540,2589,6536,u,Has joined York City on loan for the rest of the season,2026-09-01T13:25:11.231240Z,0,0,,,,0.0,0,0,0,0,0,0,0,0,0,0,0,0,0,0.00,0.00,0.00,0.00,0.0,0.0
2026-09-25T00:42:39+00:00,2026-09-24,daily,6,2026-10-10T10:00:00Z,253,Andersen,FUL,DEF,50,0,0,0.1,2360,951,14234,9061,a,,2026-07-23T12:01:23.516350Z,100,100,,,,0.8,1,3,190,2,0,0,0,5,0,20,18,2,9,0.00,0.10,0.10,4.35,0.8,0.8
2026-09-25T00:42:39+00:00,2026-09-24,daily,6,2026-10-10T10:00:00Z,254,Robinson,FUL,DEF,45,0,0,1.4,13508,5353,55993,69328,a,,,,,2,,,2.8,2,12,429,5,0,0,1,8,0,31,18,13,20,0.26,0.30,0.56,9.08,2.8,2.8
2026-09-25T00:42:39+00:00,2026-09-24,daily,6,2026-10-10T10:00:00Z,255,J.Cuenca,FUL,DEF,45,0,0,0.0,54,94,1534,1987,a,,,,,,,,0.0,0,3,90,1,0,0,0,3,0,10,9,1,3,0.00,0.03,0.03,2.24,0.0,0.0
2026-09-25T00:42:39+00:00,2026-09-24,daily,6,2026-10-10T10:00:00Z,256,Tete,FUL,DEF,44,0,-1,0.2,42,959,1373,10404,a,,2026-09-18T12:30:09.546158Z,0,100,,,,0.0,0,0,27,0,0,0,0,0,0,3,3,0,0,0.00,0.00,0.00,0.65,0.0,0.0
2026-09-25T00:42:39+00:00,2026-09-24,daily,6,2026-10-10T10:00:00Z,257,Bassey,FUL,DEF,45,0,0,0.7,4305,1428,25319,29574,a,,,,,,,,3.8,6,15,450,5,0,1,1,8,0,29,23,6,22,0.13,0.08,0.21,9.11,3.8,3.8
2026-09-25T00:42:39+00:00,2026-09-24,daily,6,2026-10-10T10:00:00Z,258,Castagne,FUL,DEF,45,0,0,0.9,12759,3973,89401,42702,a,,,,,,,,3.5,1,20,408,5,0,2,2,7,0,29,23,6,18,0.67,0.39,1.06,6.81,3.5,3.5
2026-09-25T00:42:39+00:00,2026-09-24,daily,6,2026-10-10T10:00:00Z,261,Iwobi,FUL,MID,54,0,-1,0.7,2757,2766,21677,55127,a,,,,,3,1,1,3.0,5,14,408,5,0,0,2,7,0,29,5,5,19,0.39,1.22,1.61,8.16,3.0,3.0
2026-09-25T00:42:39+00:00,2026-09-24,daily,6,2026-10-10T10:00:00Z,262,Smith Rowe,FUL,MID,53,-1,-2,0.2,246,1178,4444,20837,a,,,,,,,,0.8,0,3,38,0,0,0,0,0,0,3,1,0,2,0.06,0.02,0.08,0.87,0.8,0.8
2026-09-25T00:42:39+00:00,2026-09-24,daily,6,2026-10-10T10:00:00Z,263,Kevin,FUL,MID,53,0,-2,0.0,172,235,1976,4172,a,,,,,,,4,0.8,1,4,61,0,0,0,0,1,0,8,1,3,4,0.07,0.12,0.19,1.23,0.8,0.8
2026-09-25T00:42:39+00:00,2026-09-24,daily,6,2026-10-10T10:00:00Z,264,Bobb,FUL,MID,55,0,0,0.3,1834,1537,15837,20643,a,,,,,,,2,2.8,3,13,343,5,0,0,3,6,0,28,5,8,15,0.54,1.14,1.68,6.19,2.8,2.8
2026-09-25T00:42:39+00:00,2026-09-24,daily,6,2026-10-10T10:00:00Z,265,Berge,FUL,MID,49,0,-1,0.3,510,1118,6241,17874,a,,,,,,,,2.2,3,11,349,4,0,0,2,5,0,19,7,4,8,0.08,0.36,0.44,7.36,2.2,2.2
2026-09-25T00:42:39+00:00,2026-09-24,daily,6,2026-10-10T10:00:00Z,266,Cairney,FUL,MID,49,0,-1,0.0,7,19,108,330,i,Knee injury - Expected back 10 Oct,2026-08-14T18:00:06.460944Z,0,0,,,,0.0,0,0,0,0,0,0,0,0,0,0,0,0,0,0.00,0.00,0.00,0.00,0.0,0.0
2026-09-25T00:42:39+00:00,2026-09-24,daily,6,2026-10-10T10:00:00Z,268,King,FUL,MID,55,0,0,2.5,73135,14741,317270,93309,a,,,,,,,,4.2,2,24,425,5,2,0,2,7,0,28,5,7,16,1.54,0.46,2.00,8.29,4.2,4.2
2026-09-25T00:42:39+00:00,2026-09-24,daily,6,2026-10-10T10:00:00Z,269,Sessegnon,FUL,DEF,43,-1,-2,0.3,232,1156,2675,18854,a,,2026-09-14T11:30:07.403957Z,75,100,,,3,0.5,0,3,50,0,0,0,0,1,0,3,2,1,3,0.13,0.44,0.57,1.80,0.4,0.5
2026-09-25T00:42:39+00:00,2026-09-24,daily,6,2026-10-10T10:00:00Z,270,Reed,FUL,MID,44,0,-1,1.1,2514,6035,36006,72260,a,,,,,,,,0.0,0,0,0,0,0,0,0,0,0,0,0,0,0,0.00,0.00,0.00,0.00,0.0,0.0
2026-09-25T00:42:39+00:00,2026-09-24,daily,6,2026-10-10T10:00:00Z,271,Muniz,FUL,FWD,54,0,-1,0.4,1402,2361,15731,34802,a,,,,,,,,0.5,0,3,38,0,0,0,0,1,0,3,3,0,0,0.40,0.00,0.40,0.85,0.5,0.5
2026-09-25T00:42:39+00:00,2026-09-24,daily,6,2026-10-10T10:00:00Z,272,Kusi-Asare,FUL,FWD,45,0,0,5.4,9197,29485,158668,297290,a,,,,,,,,0.0,0,0,0,0,0,0,0,0,0,0,0,0,0,0.00,0.00,0.00,0.00,0.0,0.0
2026-09-25T00:42:39+00:00,2026-09-24,daily,6,2026-10-10T10:00:00Z,569,Gonzalo,FUL,FWD,60,0,0,3.9,52855,27696,415164,307081,a,,,,,1,,,2.0,2,14,425,5,1,0,2,7,0,18,7,2,9,2.33,0.58,2.91,8.29,2.0,2.0
2026-09-25T00:42:39+00:00,2026-09-24,daily,6,2026-10-10T10:00:00Z,570,Palacios,FUL,MID,54,0,-1,0.2,643,849,5932,10495,a,,,,,,,,2.5,1,12,226,3,1,0,0,7,0,17,4,3,10,0.98,0.03,1.01,5.46,2.5,2.5
2026-09-25T00:42:39+00:00,2026-09-24,daily,6,2026-10-10T10:00:00Z,580,Charles,FUL,MID,50,0,0,0.1,473,339,2203,4015,a,,,,,,,,3.0,4,13,303,3,0,0,1,5,0,46,23,4,19,0.09,0.16,0.25,6.65,3.0,3.0
2026-09-25T00:42:39+00:00,2026-09-24,daily,6,2026-10-10T10:00:00Z,610,De Fougerolles,FUL,DEF,40,0,0,0.1,0,443,5787,5189,u,has joined  Real Salt Lake on loan for the rest of the seaon.,2026-08-28T11:30:08.336405Z,0,0,,,,0.0,0,0,0,0,0,0,0,0,0,0,0,0,0,0.00,0.00,0.00,0.00,0.0,0.0
2026-09-25T00:42:39+00:00,2026-09-24,daily,6,2026-10-10T10:00:00Z,626,Zepa,FUL,MID,45,0,0,0.3,113,1959,34280,18173,a,,,,,,,,0.0,0,0,0,0,0,0,0,0,0,0,0,0,0,0.00,0.00,0.00,0.00,0.0,0.0
2026-09-25T00:42:39+00:00,2026-09-24,daily,6,2026-10-10T10:00:00Z,635,Larsson,FUL,MID,50,0,0,0.0,79,61,824,294,a,,,,,,,,1.0,1,3,37,0,0,0,0,1,0,6,2,1,3,0.13,0.23,0.36,0.88,1.0,1.0
2026-09-25T00:42:39+00:00,2026-09-24,daily,6,2026-10-10T10:00:00Z,636,Ángel,FUL,MID,50,0,0,0.0,25,21,362,163,a,,,,,,,,0.0,0,0,0,0,0,0,0,0,0,0,0,0,0,0.00,0.00,0.00,0.00,0.0,0.0
2026-09-25T00:42:39+00:00,2026-09-24,daily,6,2026-10-10T10:00:00Z,650,Affengruber,FUL,DEF,45,0,0,0.0,2786,605,5664,1227,a,,,,,,,,4.0,4,12,180,2,0,0,1,1,0,23,20,3,7,0.00,0.02,0.02,2.88,4.0,4.0
2026-09-25T00:42:39+00:00,2026-09-24,daily,6,2026-10-10T10:00:00Z,240,Iroegbunam,HUL,MID,50,0,0,0.0,69,123,1107,1137,a,,2026-08-15T20:00:06.878792Z,100,100,,,,0.5,1,2,70,0,0,0,0,0,0,9,1,3,5,0.12,0.01,0.13,0.60,0.5,0.5
2026-09-25T00:42:39+00:00,2026-09-24,daily,6,2026-10-10T10:00:00Z,273,Phillips,HUL,GKP,40,0,0,1.4,2554,2939,28679,37822,a,,,,,,,,0.0,0,0,0,0,0,0,0,0,0,0,0,0,0,0.00,0.00,0.00,0.00,0.0,0.0
2026-09-25T00:42:39+00:00,2026-09-24,daily,6,2026-10-10T10:00:00Z,274,Butland,HUL,GKP,44,-1,-1,0.1,59,275,628,4888,i,Arm injury - Unknown return date,2026-08-08T19:00:05.601633Z,0,0,,,,0.0,0,0,0,0,0,0,0,0,0,0,0,0,0,0.00,0.00,0.00,0.00,0.0,0.0
2026-09-25T00:42:39+00:00,2026-09-24,daily,6,2026-10-10T10:00:00Z,275,Cartwright,HUL,GKP,40,0,0,0.0,0,22,0,324,u,Has joined Grimsby Town on loan for the rest of the season,2026-07-29T13:00:27.959925Z,0,0,,,,0.0,0,0,0,0,0,0,0,0,0,0,0,0,0,0.00,0.00,0.00,0.00,0.0,0.0
2026-09-25T00:42:39+00:00,2026-09-24,daily,6,2026-10-10T10:00:00Z,276,Lo-Tutala,HUL,GKP,40,0,0,0.0,0,104,0,1098,u,Has joined Colchester United on loan for the rest of the season,2026-08-17T13:50:27.125537Z,0,0,,,,0.0,0,0,0,0,0,0,0,0,0,0,0,0,0,0.00,0.00,0.00,0.00,0.0,0.0
2026-09-25T00:42:39+00:00,2026-09-24,daily,6,2026-10-10T10:00:00Z,277,Egan,HUL,DEF,41,0,1,7.0,24117,25439,747276,212360,a,,,,,,,,4.5,1,26,437,5,0,0,3,4,0,59,50,9,12,0.05,0.00,0.05,7.27,4.5,4.5
2026-09-25T00:42:39+00:00,2026-09-24,daily,6,2026-10-10T10:00:00Z,278,Hughes,HUL,DEF,39,0,-1,0.2,976,1693,16765,12660,i,Groin injury - Unknown return date,2026-08-02T09:00:11.030017Z,0,0,,,,0.0,0,0,0,0,0,0,0,0,0,0,0,0,0,0.00,0.00,0.00,0.00,0.0,0.0
2026-09-25T00:42:39+00:00,2026-09-24,daily,6,2026-10-10T10:00:00Z,279,Ajayi,HUL,DEF,42,0,2,14.0,39425,51930,1350810,302432,a,,2026-08-22T17:30:07.668197Z,100,100,,,,3.2,1,27,423,5,1,0,3,4,0,27,21,6,16,0.66,0.01,0.67,6.43,3.2,3.2
2026-09-25T00:42:39+00:00,2026-09-24,daily,6,2026-10-10T10:00:00Z,280,Coyle,HUL,DEF,40,0,0,0.7,1833,1750,27405,25558,a,,2026-08-29T16:30:08.151841Z,100,100,,,,2.0,1,14,348,5,0,0,2,4,0,11,8,3,11,0.13,0.07,0.20,6.22,2.0,2.0
2026-09-25T00:42:39+00:00,2026-09-24,daily,6,2026-10-10T10:00:00Z,281,Drameh,HUL,DEF,40,0,0,0.0,0,219,2118,4472,u,Has joined Genoa permanently,2026-09-02T16:09:06.479140Z,0,0,,,,0.2,0,2,65,0,0,0,0,0,0,6,5,1,4,0.05,0.00,0.05,0.87,0.0,0.0
2026-09-25T00:42:39+00:00,2026-09-24,daily,6,2026-10-10T10:00:00Z,282,Giles,HUL,DEF,40,0,0,2.9,19299,11885,276116,64176,a,,,,,,1,3,4.5,0,24,444,5,0,1,3,4,0,24,19,5,14,0.02,0.43,0.45,7.33,4.5,4.5
2026-09-25T00:42:39+00:00,2026-09-24,daily,6,2026-10-10T10:00:00Z,283,Jacob,HUL,DEF,40,0,0,0.0,0,31,114,688,u,Has joined Newport County on loan until January,2026-08-02T09:00:11.038361Z,0,0,,,,0.0,0,0,0,0,0,0,0,0,0,0,0,0,0,0.00,0.00,0.00,0.00,0.0,0.0
2026-09-25T00:42:39+00:00,2026-09-24,daily,6,2026-10-10T10:00:00Z,284,McCarthy,HUL,DEF,40,0,0,0.1,347,387,4881,4539,a,,,,,,,,0.0,0,0,0,0,0,0,0,0,0,0,0,0,0,0.00,0.00,0.00,0.00,0.0,0.0
2026-09-25T00:42:39+00:00,2026-09-24,daily,6,2026-10-10T10:00:00Z,285,McNair,HUL,DEF,40,0,0,0.1,169,358,3122,4667,a,,2026-09-09T13:30:08.327907Z,100,100,,,,0.0,0,1,26,0,0,0,0,0,0,2,2,0,1,0.00,0.00,0.00,0.96,0.0,0.0
2026-09-25T00:42:39+00:00,2026-09-24,daily,6,2026-10-10T10:00:00Z,286,Belloumi,HUL,MID,51,0,1,5.0,66218,21076,496154,81114,a,,,,,,2,2,7.0,4,31,394,5,2,2,3,3,0,44,14,16,14,0.72,0.43,1.15,6.44,7.0,7.0
2026-09-25T00:42:39+00:00,2026-09-24,daily,6,2026-10-10T10:00:00Z,287,Millar,HUL,MID,50,0,0,0.0,0,262,3178,7482,u,Has joined Birmingham on loan for the rest of the season,2026-09-02T15:36:41.038103Z,0,0,,,,1.5,0,6,50,0,1,0,0,0,0,4,2,1,1,0.58,0.00,0.58,0.87,0.0,0.0
2026-09-25T00:42:39+00:00,2026-09-24,daily,6,2026-10-10T10:00:00Z,288,Dowell,HUL,MID,45,0,0,0.3,513,1775,12270,21358,a,,,,,,,,0.0,0,0,0,0,0,0,0,0,0,0,0,0,0,0.00,0.00,0.00,0.00,0.0,0.0
2026-09-25T00:42:39+00:00,2026-09-24,daily,6,2026-10-10T10:00:00Z,289,Crooks,HUL,MID,44,-1,-1,0.5,4523,3661,23882,39890,a,,2026-08-29T15:00:08.569326Z,100,100,,,,0.2,0,3,203,3,0,0,1,4,0,21,9,8,4,0.00,0.12,0.12,3.57,0.2,0.2
2026-09-25T00:42:39+00:00,2026-09-24,daily,6,2026-10-10T10:00:00Z,290,Slater,HUL,MID,45,0,0,5.3,13713,33165,496646,274164,a,,,,,,,1,2.2,2,15,437,5,0,1,3,4,0,33,9,9,15,0.21,0.59,0.80,7.27,2.2,2.2
2026-09-25T00:42:39+00:00,2026-09-24,daily,6,2026-10-10T10:00:00Z,291,Matazo,HUL,MID,45,0,0,0.0,27,50,378,488,i,Knee injury - Unknown return date,2026-07-23T12:01:23.532635Z,0,0,,,,0.0,0,0,0,0,0,0,0,0,0,0,0,0,0,0.00,0.00,0.00,0.00,0.0,0.0
2026-09-25T00:42:39+00:00,2026-09-24,daily,6,2026-10-10T10:00:00Z,292,Ömür,HUL,MID,49,0,-1,0.0,77,131,1195,1612,a,,,,,,,,0.0,0,0,0,0,0,0,0,0,0,0,0,0,0,0.00,0.00,0.00,0.00,0.0,0.0
2026-09-25T00:42:39+00:00,2026-09-24,daily,6,2026-10-10T10:00:00Z,293,Kamara,HUL,MID,50,0,0,0.0,0,11,0,373,u,Has joined Portsmouth permanently,2026-08-12T14:08:23.542043Z,0,0,,,,0.0,0,0,0,0,0,0,0,0,0,0,0,0,0,0.00,0.00,0.00,0.00,0.0,0.0
2026-09-25T00:42:39+00:00,2026-09-24,daily,6,2026-10-10T10:00:00Z,294,Zambrano,HUL,MID,45,0,0,0.1,124,448,3853,6777,a,,2026-08-04T18:30:11.016909Z,100,100,,,,0.0,0,0,0,0,0,0,0,0,0,0,0,0,0,0.00,0.00,0.00,0.00,0.0,0.0
2026-09-25T00:42:39+00:00,2026-09-24,daily,6,2026-10-10T10:00:00Z,295,McBurnie,HUL,FWD,55,0,0,1.9,6544,16182,187530,151529,a,,,,,1,,,2.0,1,13,441,5,0,2,3,4,0,21,9,3,9,1.23,0.13,1.36,7.21,2.0,2.0
2026-09-25T00:42:39+00:00,2026-09-24,daily,6,2026-10-10T10:00:00Z,296,Akintola,HUL,MID,50,0,0,0.0,0,240,2704,4853,u,Has joined Omonoia FC permanently,2026-09-11T14:42:38.120231Z,0,0,,,,0.0,0,0,0,0,0,0,0,0,0,0,0,0,0,0.00,0.00,0.00,0.00,0.0,0.0
2026-09-25T00:42:39+00:00,2026-09-24,daily,6,2026-10-10T10:00:00Z,297,Gyabi,HUL,MID,44,-1,-1,0.0,40,115,429,1583,i,Thigh injury - Unknown return date,2026-08-04T18:30:11.027155Z,0,0,,,,0.0,0,0,0,0,0,0,0,0,0,0,0,0,0,0.00,0.00,0.00,0.00,0.0,0.0
2026-09-25T00:42:39+00:00,2026-09-24,daily,6,2026-10-10T10:00:00Z,298,Destan,HUL,FWD,45,0,0,0.2,0,1125,0,22078,u,Has joined Konyaspor permanently,2026-08-17T13:50:27.145733Z,0,0,,,,0.0,0,0,0,0,0,0,0,0,0,0,0,0,0,0.00,0.00,0.00,0.00,0.0,0.0
2026-09-25T00:42:39+00:00,2026-09-24,daily,6,2026-10-10T10:00:00Z,299,Burstow,HUL,FWD,45,0,0,0.0,0,195,0,3045,u,Has joined Sheffield Wednesday on loan for the rest of the season,2026-08-03T14:05:20.234842Z,0,0,,,,0.0,0,0,0,0,0,0,0,0,0,0,0,0,0,0.00,0.00,0.00,0.00,0.0,0.0
2026-09-25T00:42:39+00:00,2026-09-24,daily,6,2026-10-10T10:00:00Z,340,Gelhardt,HUL,MID,50,0,0,0.0,82,96,692,1003,a,,2026-08-17T21:30:07.799839Z,100,100,,,,0.2,1,1,7,0,0,0,0,0,0,1,0,0,1,0.10,0.02,0.12,0.13,0.2,0.2
2026-09-25T00:42:39+00:00,2026-09-24,daily,6,2026-10-10T10:00:00Z,556,Targett,HUL,DEF,40,0,0,1.6,95,8696,24819,85972,d,Ankle injury - 75% chance of playing,2026-09-17T14:00:26.419938Z,75,75,,,,0.0,0,1,5,0,0,0,0,0,0,0,0,0,1,0.00,0.00,0.00,0.07,0.0,0.0
2026-09-25T00:42:39+00:00,2026-09-24,daily,6,2026-10-10T10:00:00Z,563,Morita,HUL,MID,50,0,0,0.0,11,139,714,1735,i,Calf injury - Expected back 11 Oct,2026-09-09T14:00:08.474217Z,0,0,,,,0.2,0,1,45,1,0,0,0,0,0,3,2,0,1,0.00,0.00,0.00,1.09,0.0,0.0
2026-09-25T00:42:39+00:00,2026-09-24,daily,6,2026-10-10T10:00:00Z,572,Tzolakis,HUL,GKP,47,1,2,12.7,113355,17571,984683,213221,a,,,,,,,,6.0,6,34,450,5,0,0,3,4,17,0,2,1,69,0.00,0.00,0.00,7.40,6.0,6.0
2026-09-25T00:42:39+00:00,2026-09-24,daily,6,2026-10-10T10:00:00Z,574,Hjertø-Dahl,HUL,MID,49,0,-1,0.1,67,289,1428,4409,a,,,,,,,,0.2,0,1,8,0,0,0,0,0,0,1,0,0,1,0.00,0.00,0.00,0.00,0.2,0.2
2026-09-25T00:42:39+00:00,2026-09-24,daily,6,2026-10-10T10:00:00Z,576,Stroud,HUL,MID,50,0,0,0.1,115,412,3637,4635,a,,,,,,,,1.0,0,7,249,4,0,0,2,1,0,20,3,5,12,0.06,0.05,0.11,4.32,1.0,1.0
2026-09-25T00:42:39+00:00,2026-09-24,daily,6,2026-10-10T10:00:00Z,585,Herrington,HUL,DEF,40,0,0,0.6,902,1439,12701,18326,a,,,,,,,,1.0,1,5,197,1,0,0,0,3,0,16,14,2,6,0.02,0.04,0.06,3.36,1.0,1.0
2026-09-25T00:42:39+00:00,2026-09-24,daily,6,2026-10-10T10:00:00Z,586,Mendy,HUL,DEF,41,0,1,6.3,5918,31171,682210,356154,a,,2026-09-12T18:00:09.334142Z,0,100,,,,2.5,0,25,249,4,1,0,2,1,0,39,32,7,6,0.32,0.00,0.32,4.02,0.0,2.5
2026-09-25T00:42:39+00:00,2026-09-24,daily,6,2026-10-10T10:00:00Z,589,Gourna-Douath,HUL,MID,50,0,0,0.0,30,98,699,1333,a,,,,,,,,1.0,1,4,138,1,0,0,1,0,0,17,5,5,7,0.03,0.03,0.06,2.26,1.0,1.0
2026-09-25T00:42:39+00:00,2026-09-24,daily,6,2026-10-10T10:00:00Z,617,Cho,HUL,MID,50,0,0,0.0,310,124,1746,736,a,,,,,,,,2.2,6,9,72,0,1,0,0,1,0,2,1,0,1,0.79,0.36,1.15,0.98,2.2,2.2
2026-09-25T00:42:39+00:00,2026-09-24,daily,6,2026-10-10T10:00:00Z,632,Ansah,HUL,FWD,50,0,0,0.0,57,364,5104,3444,i,Back injury - Unknown return date,2026-09-09T10:00:08.919489Z,0,0,,,,0.0,0,0,0,0,0,0,0,0,0,0,0,0,0,0.00,0.00,0.00,0.00,0.0,0.0
2026-09-25T00:42:39+00:00,2026-09-24,daily,6,2026-10-10T10:00:00Z,637,Vaz,HUL,FWD,50,0,0,0.1,1568,1025,12073,3846,a,,,,,,,,0.7,1,2,20,0,0,0,0,0,0,2,0,0,2,0.00,0.01,0.01,0.31,0.7,0.7
2026-09-25T00:42:39+00:00,2026-09-24,daily,6,2026-10-10T10:00:00Z,638,Norton-Cuffy,HUL,DEF,40,0,0,0.2,443,2178,26059,10004,d,Hamstring injury - 75% chance of playing,2026-09-21T08:30:09.561308Z,,75,,,,0.3,0,1,34,0,0,0,0,0,0,1,1,0,4,0.05,0.00,0.05,0.30,0.3,0.2
2026-09-25T00:42:39+00:00,2026-09-24,daily,6,2026-10-10T10:00:00Z,642,Thomas,HUL,MID,55,0,0,0.0,396,304,3000,1153,a,,,,,,,,1.3,2,4,119,1,0,0,0,3,0,8,0,1,7,0.21,0.11,0.32,2.04,1.3,1.3
2026-09-25T00:42:39+00:00,2026-09-24,daily,6,2026-10-10T10:00:00Z,645,Mouzakitis,HUL,MID,50,0,0,0.0,74,82,766,308,a,,,,,,,,0.0,0,0,0,0,0,0,0,0,0,0,0,0,0,0.00,0.00,0.00,0.00,0.0,0.0
2026-09-25T00:42:39+00:00,2026-09-24,daily,6,2026-10-10T10:00:00Z,259,Diop,IPS,DEF,40,0,0,12.8,6126,48983,135163,501605,a,,,,,,,,2.5,4,12,450,5,0,0,0,11,0,45,41,4,21,0.06,0.16,0.22,8.98,2.5,2.5
2026-09-25T00:42:39+00:00,2026-09-24,daily,6,2026-10-10T10:00:00Z,267,Lukić,IPS,MID,49,-1,-1,0.1,173,458,3401,6411,a,,,,,,,1,1.5,2,11,400,5,0,1,0,10,0,37,17,7,13,0.02,0.41,0.43,7.37,1.5,1.5
2026-09-25T00:42:39+00:00,2026-09-24,daily,6,2026-10-10T10:00:00Z,300,Walton,IPS,GKP,44,0,-1,0.4,1427,822,3112,14735,a,,,,,,,,0.5,2,2,90,1,0,0,0,1,1,0,2,0,17,0.00,0.01,0.01,2.24,0.5,0.5
2026-09-25T00:42:39+00:00,2026-09-24,daily,6,2026-10-10T10:00:00Z,301,Palmer,IPS,GKP,40,0,0,3.9,3452,10448,74048,111687,a,,,,,,,,0.0,0,0,0,0,0,0,0,0,0,0,0,0,0,0.00,0.00,0.00,0.00,0.0,0.0
2026-09-25T00:42:39+00:00,2026-09-24,daily,6,2026-10-10T10:00:00Z,302,Button,IPS,GKP,40,0,0,0.6,1286,1144,31296,14996,a,,,,,,,,0.0,0,0,0,0,0,0,0,0,0,0,0,0,0,0.00,0.00,0.00,0.00,0.0,0.0
2026-09-25T00:42:39+00:00,2026-09-24,daily,6,2026-10-10T10:00:00Z,303,Kipré,IPS,DEF,39,0,-1,0.9,3929,3779,48550,28526,a,,,,,,,,0.0,0,0,0,0,0,0,0,0,0,0,0,0,0,0.00,0.00,0.00,0.00,0.0,0.0
2026-09-25T00:42:39+00:00,2026-09-24,daily,6,2026-10-10T10:00:00Z,304,O'Shea,IPS,DEF,40,0,0,2.7,1652,13060,65071,126403,a,,,,,,,,1.5,2,10,450,5,0,0,0,11,0,48,41,7,18,0.07,0.26,0.33,8.98,1.5,1.5
2026-09-25T00:42:39+00:00,2026-09-24,daily,6,2026-10-10T10:00:00Z,305,Davis,IPS,DEF,40,0,0,6.9,43272,22728,363475,180344,a,,,,,,2,,5.8,2,25,450,5,2,2,0,11,0,24,22,2,10,1.59,0.46,2.05,8.98,5.8,5.8
2026-09-25T00:42:39+00:00,2026-09-24,daily,6,2026-10-10T10:00:00Z,306,Greaves,IPS,DEF,40,0,0,1.1,405,2936,8141,37677,a,,,,,,,,0.2,0,3,357,4,0,0,0,10,0,30,25,5,12,0.00,0.06,0.06,6.74,0.2,0.2
2026-09-25T00:42:39+00:00,2026-09-24,daily,6,2026-10-10T10:00:00Z,307,Johnson,IPS,DEF,40,0,0,0.1,0,312,1137,6259,u,Has joined Stoke City on loan for the rest of the season,2026-09-04T12:36:56.236331Z,0,0,,,,0.0,0,0,0,0,0,0,0,0,0,0,0,0,0,0.00,0.00,0.00,0.00,0.0,0.0
2026-09-25T00:42:39+00:00,2026-09-24,daily,6,2026-10-10T10:00:00Z,308,Furlong,IPS,DEF,39,0,-1,0.6,5617,2382,18254,19159,a,,,,,,,,0.2,0,1,17,0,0,0,0,1,0,3,2,1,0,0.00,0.00,0.00,0.86,0.2,0.2
2026-09-25T00:42:39+00:00,2026-09-24,daily,6,2026-10-10T10:00:00Z,309,Núñez,IPS,MID,49,0,-1,0.1,79,545,3096,7552,a,,,,,,1,3,0.5,0,6,140,2,0,0,0,4,0,21,8,3,10,0.03,0.05,0.08,3.48,0.5,0.5
2026-09-25T00:42:39+00:00,2026-09-24,daily,6,2026-10-10T10:00:00Z,310,Matusiwa,IPS,MID,49,0,-1,0.0,14,15,125,276,a,,2026-07-29T18:00:10.305484Z,100,100,,,,0.0,0,0,0,0,0,0,0,0,0,0,0,0,0,0.00,0.00,0.00,0.00,0.0,0.0
2026-09-25T00:42:39+00:00,2026-09-24,daily,6,2026-10-10T10:00:00Z,311,Burns,IPS,MID,50,0,0,0.0,0,8,0,347,u,Has joined Leicester City permanently,2026-08-10T14:02:47.597478Z,0,0,,,,0.0,0,0,0,0,0,0,0,0,0,0,0,0,0,0.00,0.00,0.00,0.00,0.0,0.0
2026-09-25T00:42:39+00:00,2026-09-24,daily,6,2026-10-10T10:00:00Z,312,Taylor,IPS,MID,44,-1,-1,0.0,332,222,908,2603,i,Knee injury - Unknown return date,2026-07-29T18:00:10.319370Z,0,0,,,,0.0,0,0,0,0,0,0,0,0,0,0,0,0,0,0.00,0.00,0.00,0.00,0.0,0.0
2026-09-25T00:42:39+00:00,2026-09-24,daily,6,2026-10-10T10:00:00Z,313,Clarke,IPS,MID,54,0,-1,0.2,110,822,5461,15616,a,,,,,1,3,4,1.0,2,11,170,2,1,0,0,2,0,10,3,2,5,0.30,0.37,0.67,1.97,1.0,1.0
2026-09-25T00:42:39+00:00,2026-09-24,daily,6,2026-10-10T10:00:00Z,314,Ogbene,IPS,MID,49,0,-1,0.0,0,57,104,1199,u,Has joined Lincoln City on loan until January,2026-09-02T16:04:17.497385Z,0,0,,,,0.0,0,0,0,0,0,0,0,0,0,0,0,0,0,0.00,0.00,0.00,0.00,0.0,0.0
2026-09-25T00:42:39+00:00,2026-09-24,daily,6,2026-10-10T10:00:00Z,315,Fatawu,IPS,MID,54,0,-1,0.2,52,2226,5354,13070,s,Suspended until 17 Oct,2026-09-19T15:30:10.126897Z,,0,,,2,1.5,-1,8,352,5,0,1,0,10,0,28,8,9,11,0.17,1.11,1.28,7.79,1.5,0.0
2026-09-25T00:42:39+00:00,2026-09-24,daily,6,2026-10-10T10:00:00Z,316,Emersonn,IPS,FWD,55,0,0,3.5,28683,20460,312381,139734,a,,2026-08-31T09:30:08.306145Z,100,100,2,,,4.2,2,26,317,5,2,1,0,6,0,10,3,3,4,1.61,0.12,1.73,4.29,4.2,4.2
2026-09-25T00:42:39+00:00,2026-09-24,daily,6,2026-10-10T10:00:00Z,317,Hirst,IPS,FWD,50,0,0,0.1,0,409,0,17039,u,Has joined Stoke City permanently,2026-08-21T13:06:08.606019Z,0,0,,,,0.0,0,0,0,0,0,0,0,0,0,0,0,0,0,0.00,0.00,0.00,0.00,0.0,0.0
2026-09-25T00:42:39+00:00,2026-09-24,daily,6,2026-10-10T10:00:00Z,318,Philogene,IPS,MID,54,0,-1,0.1,26,137,294,9261,a,,2026-08-25T11:30:07.532993Z,100,100,3,,5,0.5,1,2,52,0,0,0,0,1,0,4,0,0,4,0.08,0.01,0.08,0.97,0.5,0.5
2026-09-25T00:42:39+00:00,2026-09-24,daily,6,2026-10-10T10:00:00Z,319,Szmodics,IPS,MID,50,0,0,0.0,0,7,0,754,u,Has joined Derby County on loan for the rest of the season,2026-08-17T13:51:41.713979Z,0,0,,,,0.0,0,0,0,0,0,0,0,0,0,0,0,0,0,0.00,0.00,0.00,0.00,0.0,0.0
2026-09-25T00:42:39+00:00,2026-09-24,daily,6,2026-10-10T10:00:00Z,320,Akpom,IPS,FWD,50,0,0,1.2,4453,8630,130409,73063,a,,,,,,,,1.5,1,7,78,0,1,0,0,4,0,3,0,1,2,1.14,0.00,1.14,4.20,1.5,1.5
2026-09-25T00:42:39+00:00,2026-09-24,daily,6,2026-10-10T10:00:00Z,321,Walle Egeli,IPS,FWD,45,0,0,3.5,15582,23598,328203,208085,a,,,,,,,,0.0,0,1,10,0,0,0,0,0,0,0,0,0,0,0.00,0.00,0.00,0.03,0.0,0.0
2026-09-25T00:42:39+00:00,2026-09-24,daily,6,2026-10-10T10:00:00Z,322,Al-Hamadi,IPS,FWD,50,0,0,0.1,0,327,755,9872,u,Has joined Sheffield Wednesday on loan for the rest of the season,2026-08-27T14:54:10.215357Z,0,0,,,,0.0,0,0,0,0,0,0,0,0,0,0,0,0,0,0.00,0.00,0.00,0.00,0.0,0.0
2026-09-25T00:42:39+00:00,2026-09-24,daily,6,2026-10-10T10:00:00Z,323,McAteer,IPS,MID,44,-1,-1,1.0,1014,5690,27758,61537,a,,,,,,,,0.5,0,3,42,0,0,0,0,0,0,5,0,1,4,0.05,0.00,0.05,0.21,0.5,0.5
2026-09-25T00:42:39+00:00,2026-09-24,daily,6,2026-10-10T10:00:00Z,324,Mehmeti,IPS,MID,48,-1,-2,0.0,60,123,386,2454,a,,,,,,,,0.0,0,0,0,0,0,0,0,0,0,0,0,0,0,0.00,0.00,0.00,0.00,0.0,0.0
2026-09-25T00:42:39+00:00,2026-09-24,daily,6,2026-10-10T10:00:00Z,554,Van Oevelen,IPS,GKP,45,0,0,0.0,0,70,54,1944,u,Has joined Valencia on loan for the rest of the season,2026-08-25T14:04:09.529320Z,0,0,,,,0.0,0,0,0,0,0,0,0,0,0,0,0,0,0,0.00,0.00,0.00,0.00,0.0,0.0
2026-09-25T00:42:39+00:00,2026-09-24,daily,6,2026-10-10T10:00:00Z,562,Maeda,IPS,MID,53,-1,-2,0.2,111,1321,2839,20091,a,,,,,,,,1.5,1,8,259,3,0,0,0,8,0,20,8,8,4,0.71,0.02,0.73,6.05,1.5,1.5
2026-09-25T00:42:39+00:00,2026-09-24,daily,6,2026-10-10T10:00:00Z,564,Scherpen,IPS,GKP,45,0,0,0.6,503,2568,15070,23145,a,,,,,,,,1.2,0,7,360,4,0,0,0,10,15,0,8,0,39,0.00,0.01,0.01,6.74,1.2,1.2
2026-09-25T00:42:39+00:00,2026-09-24,daily,6,2026-10-10T10:00:00Z,571,Florentino,IPS,MID,48,-1,-2,0.1,91,289,1036,7020,a,,2026-08-25T11:30:07.678802Z,100,100,,,,0.5,1,2,30,0,0,0,0,0,0,2,1,1,0,0.00,0.01,0.01,0.75,0.5,0.5
2026-09-25T00:42:39+00:00,2026-09-24,daily,6,2026-10-10T10:00:00Z,591,Enciso,IPS,MID,55,0,0,0.8,1834,5502,93397,51791,a,,2026-08-22T18:00:07.551930Z,100,100,,,,2.5,2,15,413,5,0,2,0,11,0,31,5,2,24,1.26,0.89,2.15,8.47,2.5,2.5
2026-09-25T00:42:39+00:00,2026-09-24,daily,6,2026-10-10T10:00:00Z,592,Ouattara,IPS,DEF,40,0,0,0.9,601,1805,13386,25941,a,,,,,,,,1.2,2,6,131,1,0,0,0,2,0,11,7,4,14,0.02,0.03,0.05,3.13,1.2,1.2
2026-09-25T00:42:39+00:00,2026-09-24,daily,6,2026-10-10T10:00:00Z,602,Humphreys,IPS,MID,45,0,0,0.0,0,211,2861,3205,u,Has joined Huddersfield Town on loan for the rest of the season,2026-09-02T16:04:17.524642Z,0,0,,,,0.0,0,0,0,0,0,0,0,0,0,0,0,0,0,0.00,0.00,0.00,0.00,0.0,0.0
2026-09-25T00:42:39+00:00,2026-09-24,daily,6,2026-10-10T10:00:00Z,619,Palacios,IPS,MID,50,0,0,0.1,443,742,8931,3352,a,,,,,,,,2.8,2,11,275,3,0,0,0,7,0,44,12,9,23,0.00,0.09,0.09,5.30,2.8,2.8
2026-09-25T00:42:39+00:00,2026-09-24,daily,6,2026-10-10T10:00:00Z,640,Flemming,IPS,FWD,55,0,0,0.1,741,868,9103,3090,a,,,,,,,,2.0,0,6,60,0,1,0,0,1,0,5,1,1,3,0.64,0.01,0.65,0.63,2.0,2.0
2026-09-25T00:42:39+00:00,2026-09-24,daily,6,2026-10-10T10:00:00Z,260,Wilson,LEE,MID,62,0,-3,1.7,63,36268,29034,452970,i,Thigh injury - Unknown return date,2026-09-18T13:30:09.626858Z,0,0,,2,2,0.5,0,5,145,1,0,0,1,1,0,11,3,4,4,0.01,0.09,0.10,3.28,0.0,0.0
2026-09-25T00:42:39+00:00,2026-09-24,daily,6,2026-10-10T10:00:00Z,326,Perri,LEE,GKP,45,0,0,0.3,0,1082,532,26282,u,Has joined Torino on loan for the rest of the season,2026-09-01T13:12:39.210133Z,0,0,,,,0.0,0,0,0,0,0,0,0,0,0,0,0,0,0,0.00,0.00,0.00,0.00,0.0,0.0
2026-09-25T00:42:39+00:00,2026-09-24,daily,6,2026-10-10T10:00:00Z,327,Bijol,LEE,DEF,50,0,0,0.7,709,4896,69011,58511,a,,,,,,,,0.5,0,12,164,2,0,0,1,2,0,21,18,3,7,0.11,0.00,0.11,3.16,0.5,0.5
2026-09-25T00:42:39+00:00,2026-09-24,daily,6,2026-10-10T10:00:00Z,329,Rodon,LEE,DEF,43,-1,-2,0.8,41,7910,26935,295915,i,Hamstring injury - Expected back 21 Nov,2026-08-30T16:00:08.564382Z,0,0,,,,0.2,0,7,123,2,0,0,1,0,0,11,10,1,2,0.03,0.06,0.09,1.01,0.0,0.0
2026-09-25T00:42:39+00:00,2026-09-24,daily,6,2026-10-10T10:00:00Z,330,Bogle,LEE,DEF,46,0,1,7.0,108027,20891,634600,80099,a,,,,,,,,9.0,5,42,365,5,2,0,4,1,0,16,11,5,11,1.38,0.08,1.46,2.89,9.0,9.0
2026-09-25T00:42:39+00:00,2026-09-24,daily,6,2026-10-10T10:00:00Z,331,Gudmundsson,LEE,DEF,45,0,0,0.1,437,274,4035,2704,a,,2026-08-08T20:00:07.546568Z,100,100,,,,3.5,6,14,252,3,0,0,2,1,0,14,5,9,12,0.00,0.21,0.21,3.83,3.5,3.5
2026-09-25T00:42:39+00:00,2026-09-24,daily,6,2026-10-10T10:00:00Z,332,Justin,LEE,DEF,45,0,0,1.5,3478,4972,120750,69885,a,,,,,,,,4.0,8,26,450,5,0,0,2,3,0,44,28,16,14,0.22,0.42,0.64,6.46,4.0,4.0
2026-09-25T00:42:39+00:00,2026-09-24,daily,6,2026-10-10T10:00:00Z,333,Bornauw,LEE,DEF,45,0,0,0.0,0,4,0,298,u,Has joined Hamburg SV on loan for the rest of the season,2026-08-19T13:56:14.645970Z,0,0,,,,0.0,0,0,0,0,0,0,0,0,0,0,0,0,0,0.00,0.00,0.00,0.00,0.0,0.0
2026-09-25T00:42:39+00:00,2026-09-24,daily,6,2026-10-10T10:00:00Z,334,Muharemović,LEE,DEF,50,0,0,4.3,23056,19014,294341,167898,a,,,,,,,,5.2,6,27,450,5,0,1,2,3,0,58,53,5,16,0.49,0.05,0.54,6.46,5.2,5.2
2026-09-25T00:42:39+00:00,2026-09-24,daily,6,2026-10-10T10:00:00Z,335,Stach,LEE,MID,60,0,0,2.5,4105,17436,201448,162169,a,,,,,,1,1,3.5,5,27,447,5,1,0,3,2,0,61,27,13,21,0.97,0.31,1.28,6.17,3.5,3.5
2026-09-25T00:42:39+00:00,2026-09-24,daily,6,2026-10-10T10:00:00Z,336,Okafor,LEE,MID,58,0,-2,0.4,1498,2985,26605,34771,a,,,,,,,,4.2,3,18,299,4,1,0,3,1,0,18,3,7,8,0.17,0.27,0.44,2.37,4.2,4.2
2026-09-25T00:42:39+00:00,2026-09-24,daily,6,2026-10-10T10:00:00Z,337,Aaronson,LEE,MID,53,-1,-2,0.5,179,3000,6742,47729,a,,,,,,4,,1.0,1,7,194,2,0,0,1,3,0,15,1,3,11,0.01,0.02,0.03,3.78,1.0,1.0
2026-09-25T00:42:39+00:00,2026-09-24,daily,6,2026-10-10T10:00:00Z,338,Ampadu,LEE,MID,54,0,-1,0.9,1336,4259,17769,59938,a,,,,,,,,4.0,5,21,450,5,0,1,2,3,0,60,24,12,24,0.08,0.26,0.34,6.46,4.0,4.0
2026-09-25T00:42:39+00:00,2026-09-24,daily,6,2026-10-10T10:00:00Z,339,Longstaff,LEE,MID,49,0,-1,0.1,113,557,2486,8041,a,,,,,,3,3,0.2,0,2,10,0,0,0,0,1,0,0,0,0,0,0.00,0.00,0.00,0.35,0.2,0.2
2026-09-25T00:42:39+00:00,2026-09-24,daily,6,2026-10-10T10:00:00Z,341,Gnonto,LEE,MID,50,0,0,0.0,0,47,244,1805,u,Has joined ACF Fiorentina on loan for the rest of the season,2026-09-02T16:04:47.189648Z,0,0,,,,0.0,0,0,0,0,0,0,0,0,0,0,0,0,0,0.00,0.00,0.00,0.00,0.0,0.0
2026-09-25T00:42:39+00:00,2026-09-24,daily,6,2026-10-10T10:00:00Z,342,Harrison,LEE,MID,50,0,0,0.0,0,5,0,79,u,Has joined New England Revolution permanently,2026-07-28T12:59:09.492431Z,0,0,,,,0.0,0,0,0,0,0,0,0,0,0,0,0,0,0,0.00,0.00,0.00,0.00,0.0,0.0
2026-09-25T00:42:39+00:00,2026-09-24,daily,6,2026-10-10T10:00:00Z,343,James,LEE,MID,49,0,-1,0.1,166,500,4135,7950,a,,,,,,,,0.8,1,3,52,0,0,0,0,1,0,5,1,0,4,0.35,0.01,0.36,1.61,0.8,0.8
2026-09-25T00:42:39+00:00,2026-09-24,daily,6,2026-10-10T10:00:00Z,344,Gruev,LEE,MID,50,0,0,0.0,42,13,121,308,a,,2026-08-14T23:00:06.272027Z,100,100,,,,0.0,0,0,0,0,0,0,0,0,0,0,0,0,0,0.00,0.00,0.00,0.00,0.0,0.0
2026-09-25T00:42:39+00:00,2026-09-24,daily,6,2026-10-10T10:00:00Z,345,Tanaka,LEE,MID,49,0,-1,0.3,1868,1975,22386,17210,a,,,,,,,4,3.5,2,14,255,3,0,2,2,1,0,29,11,8,10,0.73,0.05,0.78,3.24,3.5,3.5
2026-09-25T00:42:39+00:00,2026-09-24,daily,6,2026-10-10T10:00:00Z,346,Calvert-Lewin,LEE,FWD,60,0,0,24.9,79277,150546,995906,1303488,a,,,,,1,,,5.2,2,22,419,5,2,1,3,2,0,22,9,0,13,3.00,0.08,3.08,4.85,5.2,5.2
2026-09-25T00:42:39+00:00,2026-09-24,daily,6,2026-10-10T10:00:00Z,347,Nmecha,LEE,FWD,54,0,-1,0.5,1641,3310,21835,36731,a,,,,,2,,,1.8,1,7,64,0,0,1,0,1,0,4,0,1,3,0.27,0.15,0.42,2.90,1.8,1.8
2026-09-25T00:42:39+00:00,2026-09-24,daily,6,2026-10-10T10:00:00Z,348,Piroe,LEE,FWD,50,0,0,0.1,0,372,0,11167,u,Has joined West Ham United on loan for the rest of the season,2026-08-19T13:56:14.666726Z,0,0,3,,,0.0,0,0,0,0,0,0,0,0,0,0,0,0,0,0.00,0.00,0.00,0.00,0.0,0.0
2026-09-25T00:42:39+00:00,2026-09-24,daily,6,2026-10-10T10:00:00Z,349,Mateo Joseph,LEE,FWD,45,0,0,0.1,272,417,3058,4391,i,Knee injury - Unknown return date,2026-07-29T18:00:10.338170Z,0,0,,,,0.0,0,0,0,0,0,0,0,0,0,0,0,0,0,0.00,0.00,0.00,0.00,0.0,0.0
2026-09-25T00:42:39+00:00,2026-09-24,daily,6,2026-10-10T10:00:00Z,385,Trafford,LEE,GKP,50,0,0,5.5,17879,12537,259850,156882,a,,,,,,,,4.8,10,28,450,5,0,0,2,3,20,0,6,0,55,0.00,0.00,0.00,6.46,4.8,4.8
2026-09-25T00:42:39+00:00,2026-09-24,daily,6,2026-10-10T10:00:00Z,598,Elvedi,LEE,DEF,45,0,0,0.1,191,203,5306,2762,a,,,,,,,,3.2,6,13,326,3,0,0,1,3,0,29,27,2,8,0.12,0.58,0.70,5.45,3.2,3.2
2026-09-25T00:42:39+00:00,2026-09-24,daily,6,2026-10-10T10:00:00Z,603,Lienou,LEE,DEF,40,0,0,0.1,218,453,6891,3920,a,,,,,,,,0.0,0,0,0,0,0,0,0,0,0,0,0,0,0,0.00,0.00,0.00,0.00,0.0,0.0
2026-09-25T00:42:39+00:00,2026-09-24,daily,6,2026-10-10T10:00:00Z,604,Cresswell,LEE,MID,45,0,0,0.1,260,805,14016,7833,a,,,,,,,,0.0,0,0,0,0,0,0,0,0,0,0,0,0,0,0.00,0.00,0.00,0.00,0.0,0.0
2026-09-25T00:42:39+00:00,2026-09-24,daily,6,2026-10-10T10:00:00Z,625,Cairns,LEE,GKP,40,0,0,0.2,741,683,19700,5841,a,,,,,,,,0.0,0,0,0,0,0,0,0,0,0,0,0,0,0,0.00,0.00,0.00,0.00,0.0,0.0
2026-09-25T00:42:39+00:00,2026-09-24,daily,6,2026-10-10T10:00:00Z,629,Zetterer,LEE,GKP,40,0,0,0.7,2681,2409,58121,13784,a,,,,,,,,0.0,0,0,0,0,0,0,0,0,0,0,0,0,0,0.00,0.00,0.00,0.00,0.0,0.0
2026-09-25T00:42:39+00:00,2026-09-24,daily,6,2026-10-10T10:00:00Z,641,Bard,LEE,DEF,45,0,0,0.0,88,70,950,346,a,,,,,,,,0.3,0,1,18,0,0,0,0,1,0,2,1,1,2,0.00,0.00,0.00,0.30,0.3,0.3
2026-09-25T00:42:39+00:00,2026-09-24,daily,6,2026-10-10T10:00:00Z,648,Bahoya,LEE,MID,50,0,0,0.0,94,160,2226,1128,a,,,,,,,,0.3,1,1,1,0,0,0,0,0,0,0,0,0,0,0.00,0.00,0.00,0.00,0.3,0.3
2026-09-25T00:42:39+00:00,2026-09-24,daily,6,2026-10-10T10:00:00Z,350,A.Becker,LIV,GKP,55,0,0,4.0,10289,9905,143607,143429,a,,,,,,,,6.2,8,27,450,5,0,0,3,4,14,0,10,0,47,0.00,0.00,0.00,6.12,6.2,6.2
2026-09-25T00:42:39+00:00,2026-09-24,daily,6,2026-10-10T10:00:00Z,351,Mamardashvili,LIV,GKP,49,0,-1,0.1,215,528,2827,8546,a,,,,,,,,0.0,0,0,0,0,0,0,0,0,0,0,0,0,0,0.00,0.00,0.00,0.00,0.0,0.0
2026-09-25T00:42:39+00:00,2026-09-24,daily,6,2026-10-10T10:00:00Z,352,Woodman,LIV,GKP,40,0,0,1.0,680,2055,18174,26913,a,,,,,,,,0.0,0,0,0,0,0,0,0,0,0,0,0,0,0,0.00,0.00,0.00,0.00,0.0,0.0
2026-09-25T00:42:39+00:00,2026-09-24,daily,6,2026-10-10T10:00:00Z,353,Pecsi,LIV,GKP,40,0,0,0.0,0,53,0,1080,u,Has joined TSV Hartberg on loan for the rest of the season,2026-08-18T14:11:18.638344Z,0,0,,,,0.0,0,0,0,0,0,0,0,0,0,0,0,0,0,0.00,0.00,0.00,0.00,0.0,0.0
2026-09-25T00:42:39+00:00,2026-09-24,daily,6,2026-10-10T10:00:00Z,354,Jaros,LIV,GKP,40,0,0,0.0,177,139,1724,1225,i,Knee injury - Unknown return date,2026-07-29T18:00:10.351066Z,0,0,,,,0.0,0,0,0,0,0,0,0,0,0,0,0,0,0,0.00,0.00,0.00,0.00,0.0,0.0
2026-09-25T00:42:39+00:00,2026-09-24,daily,6,2026-10-10T10:00:00Z,355,Davies,LIV,GKP,40,0,0,0.2,252,400,4704,4180,a,,,,,,,,0.0,0,0,0,0,0,0,0,0,0,0,0,0,0,0.00,0.00,0.00,0.00,0.0,0.0
2026-09-25T00:42:39+00:00,2026-09-24,daily,6,2026-10-10T10:00:00Z,356,Virgil,LIV,DEF,65,0,0,16.2,17670,38004,274686,610637,a,,,,,,,,5.8,8,25,450,5,0,0,3,4,0,48,43,5,18,0.25,0.08,0.33,6.12,5.8,5.8
2026-09-25T00:42:39+00:00,2026-09-24,daily,6,2026-10-10T10:00:00Z,357,Frimpong,LIV,DEF,53,0,-2,1.8,1373,11291,58716,244676,a,,,,,,,,0.5,0,2,178,2,0,0,0,4,0,12,8,4,7,0.01,0.23,0.24,3.91,0.5,0.5
2026-09-25T00:42:39+00:00,2026-09-24,daily,6,2026-10-10T10:00:00Z,358,Kerkez,LIV,DEF,54,0,-1,2.2,2232,8789,47249,186161,a,,,,,,,,3.2,6,13,385,4,0,0,2,4,0,30,22,8,10,0.07,0.08,0.15,5.65,3.2,3.2
2026-09-25T00:42:39+00:00,2026-09-24,daily,6,2026-10-10T10:00:00Z,359,Gomez,LIV,DEF,49,0,-1,0.0,273,100,693,1164,a,,2026-07-26T08:30:10.078473Z,100,100,,,,0.0,0,0,0,0,0,0,0,0,0,0,0,0,0,0.00,0.00,0.00,0.00,0.0,0.0
2026-09-25T00:42:39+00:00,2026-09-24,daily,6,2026-10-10T10:00:00Z,360,Bradley,LIV,DEF,50,0,0,0.0,44,64,361,776,i,Knee injury - Unknown return date,2026-07-23T12:01:23.565711Z,0,0,,,,0.0,0,0,0,0,0,0,0,0,0,0,0,0,0,0.00,0.00,0.00,0.00,0.0,0.0
2026-09-25T00:42:39+00:00,2026-09-24,daily,6,2026-10-10T10:00:00Z,361,Lucky,LIV,DEF,40,0,0,0.1,243,473,3820,5698,a,,,,,,,,0.0,0,0,0,0,0,0,0,0,0,0,0,0,0,0.00,0.00,0.00,0.00,0.0,0.0
2026-09-25T00:42:39+00:00,2026-09-24,daily,6,2026-10-10T10:00:00Z,362,Jacquet,LIV,DEF,50,0,0,3.5,28516,11113,226398,121146,a,,2026-07-23T12:01:23.581126Z,100,100,,,,5.8,6,24,415,5,0,0,3,4,0,36,25,11,21,0.00,0.14,0.14,5.51,5.8,5.8
2026-09-25T00:42:39+00:00,2026-09-24,daily,6,2026-10-10T10:00:00Z,363,Leoni,LIV,DEF,40,0,0,0.0,58,152,859,2083,i,Knee injury - Unknown return date,2026-07-23T12:01:23.596909Z,0,0,,,,0.0,0,0,0,0,0,0,0,0,0,0,0,0,0,0.00,0.00,0.00,0.00,0.0,0.0
2026-09-25T00:42:39+00:00,2026-09-24,daily,6,2026-10-10T10:00:00Z,364,Tsimikas,LIV,DEF,49,0,-1,0.1,69,345,1556,4371,a,,,,,,,,0.5,0,2,64,1,0,0,0,0,0,3,2,1,3,0.04,0.02,0.06,0.47,0.5,0.5
2026-09-25T00:42:39+00:00,2026-09-24,daily,6,2026-10-10T10:00:00Z,365,Ramsay,LIV,DEF,40,0,0,0.1,0,390,638,12619,u,Has joined St Mirren on loan for the rest of the season,2026-08-26T14:05:26.748768Z,0,0,,,,0.0,0,0,0,0,0,0,0,0,0,0,0,0,0,0.00,0.00,0.00,0.00,0.0,0.0
2026-09-25T00:42:39+00:00,2026-09-24,daily,6,2026-10-10T10:00:00Z,366,Wirtz,LIV,MID,73,0,-2,5.8,2420,37928,132688,761325,a,,,,,4,2,3,4.0,6,18,402,5,0,2,3,4,0,36,3,8,25,1.00,0.40,1.40,4.82,4.0,4.0
2026-09-25T00:42:39+00:00,2026-09-24,daily,6,2026-10-10T10:00:00Z,367,Gakpo,LIV,MID,72,0,2,12.6,45326,70339,1331738,697936,a,,2026-09-09T18:30:08.772955Z,100,100,3,,2,5.0,3,32,370,4,1,3,2,4,0,32,9,8,15,0.64,1.71,2.35,5.51,5.0,5.0
2026-09-25T00:42:39+00:00,2026-09-24,daily,6,2026-10-10T10:00:00Z,368,Szoboszlai,LIV,MID,70,0,0,33.0,30235,189336,922594,1657494,a,,,,,1,1,1,3.0,2,20,440,5,1,0,3,4,0,41,13,6,22,1.42,0.82,2.24,5.99,3.0,3.0
2026-09-25T00:42:39+00:00,2026-09-24,daily,6,2026-10-10T10:00:00Z,369,Ngumoha,LIV,MID,57,-1,-3,0.5,642,3739,14420,88765,a,,,,,,,,0.5,0,4,99,1,0,0,0,2,0,4,1,1,2,0.15,0.05,0.20,0.68,0.5,0.5
2026-09-25T00:42:39+00:00,2026-09-24,daily,6,2026-10-10T10:00:00Z,370,Chiesa,LIV,MID,53,-1,-2,0.0,13,210,678,10043,i,Back injury - Unknown return date,2026-08-27T13:30:07.598926Z,0,0,,,,0.0,0,0,0,0,0,0,0,0,0,0,0,0,0,0.00,0.00,0.00,0.00,0.0,0.0
2026-09-25T00:42:39+00:00,2026-09-24,daily,6,2026-10-10T10:00:00Z,371,Gravenberch,LIV,MID,58,-1,-2,1.1,1038,8067,35576,129420,a,,,,,,,,1.0,1,9,190,2,0,1,0,2,0,25,10,4,11,0.10,0.08,0.18,2.02,1.0,1.0
2026-09-25T00:42:39+00:00,2026-09-24,daily,6,2026-10-10T10:00:00Z,372,Mac Allister,LIV,MID,54,0,-1,1.3,3346,5996,44966,95710,a,,,,,5,,,2.5,5,11,306,3,0,0,2,2,0,41,11,11,19,0.10,0.49,0.59,4.85,2.5,2.5
2026-09-25T00:42:39+00:00,2026-09-24,daily,6,2026-10-10T10:00:00Z,373,C.Jones,LIV,MID,55,0,0,0.0,0,51,34,2638,u,Has joined Internazionale permanently,2026-08-16T18:30:07.426408Z,0,0,,,,0.0,0,0,0,0,0,0,0,0,0,0,0,0,0,0.00,0.00,0.00,0.00,0.0,0.0
2026-09-25T00:42:39+00:00,2026-09-24,daily,6,2026-10-10T10:00:00Z,374,Endo,LIV,MID,49,0,-1,0.1,138,370,2301,4736,a,,2026-07-23T12:01:23.612529Z,100,100,,,,0.0,0,0,0,0,0,0,0,0,0,0,0,0,0,0.00,0.00,0.00,0.00,0.0,0.0
2026-09-25T00:42:39+00:00,2026-09-24,daily,6,2026-10-10T10:00:00Z,375,Nyoni,LIV,MID,49,0,-1,0.0,72,271,1329,3016,a,,,,,,,,0.8,1,3,38,0,0,0,0,0,0,10,6,2,2,0.00,0.00,0.00,0.36,0.8,0.8
2026-09-25T00:42:39+00:00,2026-09-24,daily,6,2026-10-10T10:00:00Z,376,Bajcetic,LIV,MID,50,0,0,0.0,0,1,19,105,u,Has joined Celta Vigo permanently,2026-07-23T12:01:23.628373Z,0,0,,,,0.0,0,0,0,0,0,0,0,0,0,0,0,0,0,0.00,0.00,0.00,0.00,0.0,0.0
2026-09-25T00:42:39+00:00,2026-09-24,daily,6,2026-10-10T10:00:00Z,377,Munoz,LIV,MID,65,0,0,0.9,1189,10397,117172,100739,a,,,,,,,,2.8,1,15,257,3,1,1,1,2,0,16,5,3,8,0.52,0.31,0.83,4.63,2.8,2.8
2026-09-25T00:42:39+00:00,2026-09-24,daily,6,2026-10-10T10:00:00Z,378,McConnell,LIV,MID,44,0,-1,0.2,941,1274,6816,12731,a,,,,,,,,0.0,0,0,0,0,0,0,0,0,0,0,0,0,0,0.00,0.00,0.00,0.00,0.0,0.0
2026-09-25T00:42:39+00:00,2026-09-24,daily,6,2026-10-10T10:00:00Z,379,Isak,LIV,FWD,91,0,1,22.4,100769,60611,1227931,720580,a,,,,,2,,,7.8,8,33,413,5,4,0,3,4,0,7,3,1,3,3.54,0.08,3.62,5.82,7.8,7.8
2026-09-25T00:42:39+00:00,2026-09-24,daily,6,2026-10-10T10:00:00Z,380,Ekitiké,LIV,FWD,74,0,-1,0.1,296,684,2568,11147,i,Achilles injury - Unknown return date,2026-07-23T12:01:23.643771Z,0,0,,,,0.0,0,0,0,0,0,0,0,0,0,0,0,0,0,0.00,0.00,0.00,0.00,0.0,0.0
2026-09-25T00:42:39+00:00,2026-09-24,daily,6,2026-10-10T10:00:00Z,381,Koumas,LIV,MID,50,0,0,0.0,125,157,804,1358,a,,,,,,,,0.5,1,3,22,0,0,0,0,0,0,1,0,0,1,0.28,0.00,0.28,0.72,0.5,0.5
2026-09-25T00:42:39+00:00,2026-09-24,daily,6,2026-10-10T10:00:00Z,382,Danns,LIV,FWD,45,0,0,0.2,2977,2068,22784,9347,a,,2026-07-23T12:01:23.659279Z,100,100,,,,0.0,0,0,0,0,0,0,0,0,0,0,0,0,0,0.00,0.00,0.00,0.00,0.0,0.0
2026-09-25T00:42:39+00:00,2026-09-24,daily,6,2026-10-10T10:00:00Z,383,Elliott,LIV,MID,54,0,-1,0.0,0,183,907,6103,u,Has joined Valencia on loan for the rest of the season,2026-09-02T16:05:49.104326Z,0,0,,,,0.0,0,0,0,0,0,0,0,0,0,0,0,0,0,0.00,0.00,0.00,0.00,0.0,0.0
2026-09-25T00:42:39+00:00,2026-09-24,daily,6,2026-10-10T10:00:00Z,579,Araujo,LIV,DEF,54,0,-1,3.0,14365,9018,146281,158707,a,,,,,,,,5.2,7,22,284,3,0,0,3,0,0,24,19,5,15,0.00,0.06,0.06,2.75,5.2,5.2
2026-09-25T00:42:39+00:00,2026-09-24,daily,6,2026-10-10T10:00:00Z,627,Barcola,LIV,MID,80,0,0,1.8,7827,16675,285289,127921,a,,,,,,,,2.3,3,7,168,2,0,0,2,0,0,8,0,3,5,0.26,0.13,0.39,1.43,2.3,2.3
2026-09-25T00:42:39+00:00,2026-09-24,daily,6,2026-10-10T10:00:00Z,155,Enzo,MCI,MID,69,0,-1,3.6,26663,12068,168330,318977,a,,,,,,,,3.0,7,13,271,3,1,0,2,3,0,21,6,3,12,0.35,0.53,0.88,5.35,3.0,3.0
2026-09-25T00:42:39+00:00,2026-09-24,daily,6,2026-10-10T10:00:00Z,237,Ndiaye,MCI,MID,58,-1,-2,6.8,6032,62320,296901,1130323,a,,,,,,,,3.2,5,22,385,4,0,2,2,4,0,44,10,8,26,0.38,0.58,0.96,9.42,3.2,3.2
2026-09-25T00:42:39+00:00,2026-09-24,daily,6,2026-10-10T10:00:00Z,384,Donnarumma,MCI,GKP,55,0,0,7.6,9381,26454,205572,312370,a,,,,,,,,4.0,2,19,450,5,0,0,2,5,14,0,4,0,32,0.00,0.00,0.00,7.25,4.0,4.0
2026-09-25T00:42:39+00:00,2026-09-24,daily,6,2026-10-10T10:00:00Z,386,Bettinelli,MCI,GKP,45,0,0,0.0,44,73,559,1109,a,,,,,,,,0.0,0,0,0,0,0,0,0,0,0,0,0,0,0,0.00,0.00,0.00,0.00,0.0,0.0
2026-09-25T00:42:39+00:00,2026-09-24,daily,6,2026-10-10T10:00:00Z,387,O'Reilly,MCI,DEF,63,-1,-2,11.0,4416,63314,191760,1199825,a,,2026-09-05T18:00:06.379802Z,100,100,,,,1.0,1,6,163,2,0,0,0,2,0,5,2,3,9,0.87,0.43,1.30,2.10,1.0,1.0
2026-09-25T00:42:39+00:00,2026-09-24,daily,6,2026-10-10T10:00:00Z,388,Guéhi,MCI,DEF,60,0,0,18.3,20894,43537,502814,455513,a,,,,,,,,5.0,4,30,450,5,1,1,2,5,0,29,26,3,19,0.95,0.39,1.34,7.25,5.0,5.0
2026-09-25T00:42:39+00:00,2026-09-24,daily,6,2026-10-10T10:00:00Z,389,Matheus N.,MCI,DEF,59,0,-1,1.0,1426,2492,14581,73633,a,,2026-08-27T11:30:08.171622Z,100,100,4,,,2.5,1,11,213,2,0,0,1,3,0,21,18,3,10,0.00,0.06,0.06,4.67,2.5,2.5
2026-09-25T00:42:39+00:00,2026-09-24,daily,6,2026-10-10T10:00:00Z,390,Rúben,MCI,DEF,55,0,0,1.9,4028,7941,66616,72743,a,,,,,,,,3.8,1,17,450,5,0,0,2,5,0,26,25,1,16,0.29,0.74,1.03,7.25,3.8,3.8
2026-09-25T00:42:39+00:00,2026-09-24,daily,6,2026-10-10T10:00:00Z,391,Gvardiol,MCI,DEF,57,0,2,26.7,129870,44558,1811902,404774,a,,,,,,,,7.0,4,37,434,5,1,3,2,5,0,31,20,11,21,0.22,0.74,0.96,7.25,7.0,7.0
2026-09-25T00:42:39+00:00,2026-09-24,daily,6,2026-10-10T10:00:00Z,392,Aït-Nouri,MCI,DEF,53,0,-2,0.4,447,1918,7799,61327,a,,,,,,,,0.0,0,0,0,0,0,0,0,0,0,0,0,0,0,0.00,0.00,0.00,0.00,0.0,0.0
2026-09-25T00:42:39+00:00,2026-09-24,daily,6,2026-10-10T10:00:00Z,393,Khusanov,MCI,DEF,54,0,-1,1.4,1213,8124,26649,79770,a,,,,,,,,1.8,0,9,268,3,0,0,1,2,0,17,9,8,13,0.00,0.06,0.06,2.68,1.8,1.8
2026-09-25T00:42:39+00:00,2026-09-24,daily,6,2026-10-10T10:00:00Z,394,Alleyne,MCI,DEF,50,0,0,0.0,0,16,0,614,u,Has joined Burnley on loan for the rest of the season,2026-08-18T14:11:56.324656Z,0,0,,,,0.0,0,0,0,0,0,0,0,0,0,0,0,0,0,0.00,0.00,0.00,0.00,0.0,0.0
2026-09-25T00:42:39+00:00,2026-09-24,daily,6,2026-10-10T10:00:00Z,395,Lewis,MCI,DEF,44,0,-1,0.2,259,1059,8215,16125,a,,,,,,,,0.0,0,1,56,1,0,0,0,1,0,2,2,0,0,0.17,0.02,0.19,0.55,0.0,0.0
2026-09-25T00:42:39+00:00,2026-09-24,daily,6,2026-10-10T10:00:00Z,396,Vitor Reis,MCI,DEF,45,0,0,0.0,62,128,542,1151,a,,,,,,,,0.2,0,1,1,0,0,0,0,0,0,0,0,0,0,0.00,0.00,0.00,0.00,0.2,0.2
2026-09-25T00:42:39+00:00,2026-09-24,daily,6,2026-10-10T10:00:00Z,397,Semenyo,MCI,MID,84,0,-1,15.5,118533,44379,309436,1187079,d,Ankle injury - 75% chance of playing,2026-09-24T12:00:09.848000Z,,75,2,,,7.8,17,33,450,5,2,3,2,5,0,22,2,6,14,0.33,1.16,1.49,7.25,7.8,5.8
2026-09-25T00:42:39+00:00,2026-09-24,daily,6,2026-10-10T10:00:00Z,398,Foden,MCI,MID,69,0,-1,1.8,159,25143,303405,562865,s,Suspended until 17 Oct,2026-09-13T17:00:09.433455Z,0,0,,2,2,2.0,0,9,217,3,0,2,0,2,0,14,2,4,8,1.61,0.88,2.49,1.91,0.0,0.0
2026-09-25T00:42:39+00:00,2026-09-24,daily,6,2026-10-10T10:00:00Z,399,Cherki,MCI,MID,78,0,3,28.3,101322,78120,2648483,945065,a,,,,,,1,1,6.5,8,34,302,4,3,2,1,4,0,12,3,0,9,0.72,1.54,2.26,5.00,6.5,6.5
2026-09-25T00:42:39+00:00,2026-09-24,daily,6,2026-10-10T10:00:00Z,400,Doku,MCI,MID,74,0,-1,0.7,3197,1622,4664,127708,a,,2026-08-18T17:00:08.385597Z,75,100,3,,,0.2,1,1,15,0,0,0,0,0,0,2,1,0,1,0.23,0.32,0.55,0.42,0.2,0.2
2026-09-25T00:42:39+00:00,2026-09-24,daily,6,2026-10-10T10:00:00Z,402,Rodrigo,MCI,MID,65,0,0,0.0,0,22,0,1226,u,Has joined Barcelona permanently,2026-07-23T12:01:23.675537Z,0,0,,,,0.0,0,0,0,0,0,0,0,0,0,0,0,0,0,0.00,0.00,0.00,0.00,0.0,0.0
2026-09-25T00:42:39+00:00,2026-09-24,daily,6,2026-10-10T10:00:00Z,404,Reijnders,MCI,MID,60,0,0,0.0,0,78,0,8163,u,Has joined Al Qadsiah permanently,2026-08-20T14:02:58.154273Z,0,0,,,,0.0,0,0,0,0,0,0,0,0,0,0,0,0,0,0.00,0.00,0.00,0.00,0.0,0.0
2026-09-25T00:42:39+00:00,2026-09-24,daily,6,2026-10-10T10:00:00Z,406,Kovačić,MCI,MID,54,0,-1,0.1,88,395,2230,6224,a,,,,,,,,0.2,0,2,42,0,0,0,0,0,0,2,0,0,2,0.00,0.02,0.02,0.10,0.2,0.2
2026-09-25T00:42:39+00:00,2026-09-24,daily,6,2026-10-10T10:00:00Z,407,Echeverri,MCI,MID,49,0,-1,0.0,0,46,250,1335,u,Has joined Benfica on loan for the rest of the season,2026-09-03T15:41:24.710479Z,0,0,,,,0.0,0,0,0,0,0,0,0,0,0,0,0,0,0,0.00,0.00,0.00,0.00,0.0,0.0
2026-09-25T00:42:39+00:00,2026-09-24,daily,6,2026-10-10T10:00:00Z,408,Phillips,MCI,MID,50,0,0,0.0,0,9,0,568,u,Has joined Sheffield United on loan for the rest of the season,2026-08-18T14:11:56.348781Z,0,0,,,,0.0,0,0,0,0,0,0,0,0,0,0,0,0,0,0.00,0.00,0.00,0.00,0.0,0.0
2026-09-25T00:42:39+00:00,2026-09-24,daily,6,2026-10-10T10:00:00Z,409,Mukasa,MCI,MID,45,0,0,0.1,0,512,1621,12079,u,has joined West Ham on loan for the rest of the seaon.,2026-09-03T10:34:10.733520Z,0,0,,,,0.0,0,0,0,0,0,0,0,0,0,0,0,0,0,0.00,0.00,0.00,0.00,0.0,0.0
2026-09-25T00:42:39+00:00,2026-09-24,daily,6,2026-10-10T10:00:00Z,410,Monga,MCI,MID,49,0,-1,0.0,0,44,219,1264,u,Has joined Swansea City on loan for the rest of the season,2026-09-02T16:02:01.136760Z,0,0,,,,0.0,0,0,0,0,0,0,0,0,0,0,0,0,0,0.00,0.00,0.00,0.00,0.0,0.0
2026-09-25T00:42:39+00:00,2026-09-24,daily,6,2026-10-10T10:00:00Z,411,Haaland,MCI,FWD,156,0,1,73.7,66577,16287,911854,317945,a,,,,,1,,,9.2,6,39,450,5,5,0,2,5,0,20,10,0,10,4.42,0.53,4.95,7.25,9.2,9.2
2026-09-25T00:42:39+00:00,2026-09-24,daily,6,2026-10-10T10:00:00Z,481,Anderson,MCI,MID,63,0,-2,4.0,6712,24658,104151,442498,a,,2026-08-23T17:00:07.952697Z,100,100,,,3,3.2,2,15,413,5,0,0,2,5,0,54,18,13,23,0.11,0.67,0.78,7.15,3.2,3.2
2026-09-25T00:42:39+00:00,2026-09-24,daily,6,2026-10-10T10:00:00Z,587,Rulli,MCI,GKP,50,0,0,0.0,56,90,588,1101,a,,,,,,,,0.0,0,0,0,0,0,0,0,0,0,0,0,0,0,0.00,0.00,0.00,0.00,0.0,0.0
2026-09-25T00:42:39+00:00,2026-09-24,daily,6,2026-10-10T10:00:00Z,616,Bouaddi,MCI,MID,55,0,0,0.2,728,1919,20927,13358,a,,,,,,,,0.5,0,2,22,0,0,0,0,0,0,6,3,0,3,0.00,0.12,0.12,0.37,0.5,0.5
2026-09-25T00:42:39+00:00,2026-09-24,daily,6,2026-10-10T10:00:00Z,621,McAidoo,MCI,MID,45,0,0,0.1,166,957,11335,6980,a,,,,,,,,0.5,0,2,11,0,0,0,0,0,0,4,0,2,2,0.10,0.00,0.10,0.02,0.5,0.5
2026-09-25T00:42:39+00:00,2026-09-24,daily,6,2026-10-10T10:00:00Z,622,Braithwaite,MCI,DEF,40,0,0,0.2,505,1437,16712,8988,a,,,,,,,,0.2,0,1,1,0,0,0,0,0,0,0,0,0,1,0.00,0.00,0.00,0.00,0.2,0.2
2026-09-25T00:42:39+00:00,2026-09-24,daily,6,2026-10-10T10:00:00Z,628,Allan,MCI,MID,60,0,0,0.0,195,137,1158,658,a,,,,,,,,0.0,0,0,0,0,0,0,0,0,0,0,0,0,0,0.00,0.00,0.00,0.00,0.0,0.0
2026-09-25T00:42:39+00:00,2026-09-24,daily,6,2026-10-10T10:00:00Z,653,Samba,MCI,MID,45,0,0,0.0,216,422,3865,2105,a,,,,,,,,0.0,0,0,0,0,0,0,0,0,0,0,0,0,0,0.00,0.00,0.00,0.00,0.0,0.0
2026-09-25T00:42:39+00:00,2026-09-24,daily,6,2026-10-10T10:00:00Z,43,Tielemans,MUN,MID,58,0,-2,1.5,2594,9555,44041,160179,a,,2026-07-23T12:01:23.321726Z,100,100,3,,,3.0,4,14,402,5,0,0,0,8,0,43,11,7,25,0.65,0.52,1.17,6.16,3.0,3.0
2026-09-25T00:42:39+00:00,2026-09-24,daily,6,2026-10-10T10:00:00Z,131,Baleba,MUN,MID,49,0,-1,0.1,1003,624,6442,14265,a,,2026-08-06T16:00:10.997714Z,50,100,,,,0.0,0,0,0,0,0,0,0,0,0,0,0,0,0,0.00,0.00,0.00,0.00,0.0,0.0
2026-09-25T00:42:39+00:00,2026-09-24,daily,6,2026-10-10T10:00:00Z,162,Andrey Santos,MUN,MID,48,0,-2,0.6,904,4374,22101,72993,a,,,,,,,,0.5,0,4,82,1,0,0,0,4,0,18,7,4,7,0.00,0.24,0.24,2.03,0.5,0.5
2026-09-25T00:42:39+00:00,2026-09-24,daily,6,2026-10-10T10:00:00Z,325,Darlow,MUN,GKP,45,0,0,0.0,57,168,1064,1549,d,Unspecified injury - 75% chance of playing,2026-09-21T13:30:08.885505Z,100,75,,,,0.0,0,0,0,0,0,0,0,0,0,0,0,0,0,0.00,0.00,0.00,0.00,0.0,0.0
2026-09-25T00:42:39+00:00,2026-09-24,daily,6,2026-10-10T10:00:00Z,412,Lammens,MUN,GKP,49,0,-1,10.0,5670,43605,97878,682036,a,,,,,,,,2.5,4,11,450,5,0,0,0,8,16,0,5,0,38,0.00,0.00,0.00,6.80,2.5,2.5
2026-09-25T00:42:39+00:00,2026-09-24,daily,6,2026-10-10T10:00:00Z,413,Bayindir,MUN,GKP,45,0,0,0.0,0,32,0,1142,u,Has joined Celta Vigo on loan for the rest of the season,2026-08-10T14:02:28.608415Z,0,0,,,,0.0,0,0,0,0,0,0,0,0,0,0,0,0,0,0.00,0.00,0.00,0.00,0.0,0.0
2026-09-25T00:42:39+00:00,2026-09-24,daily,6,2026-10-10T10:00:00Z,414,Heaton,MUN,GKP,40,0,0,0.1,173,231,2091,3518,i,Hamstring injury - Unknown return date,2026-08-15T16:00:07.854151Z,0,0,,,,0.0,0,0,0,0,0,0,0,0,0,0,0,0,0,0.00,0.00,0.00,0.00,0.0,0.0
2026-09-25T00:42:39+00:00,2026-09-24,daily,6,2026-10-10T10:00:00Z,415,Dorgu,MUN,MID,58,0,-2,0.5,902,3402,13872,96939,a,,,,,,,,2.5,4,10,171,2,0,1,0,6,0,20,8,8,4,0.78,0.09,0.87,3.38,2.5,2.5
2026-09-25T00:42:39+00:00,2026-09-24,daily,6,2026-10-10T10:00:00Z,416,De Ligt,MUN,DEF,50,0,0,0.0,62,103,441,1526,i,Back injury - Unknown return date,2026-07-23T12:01:23.690880Z,0,0,,,,0.0,0,0,0,0,0,0,0,0,0,0,0,0,0,0.00,0.00,0.00,0.00,0.0,0.0
2026-09-25T00:42:39+00:00,2026-09-24,daily,6,2026-10-10T10:00:00Z,417,Dalot,MUN,DEF,49,0,-1,1.6,1020,6546,25799,135041,a,,,,,,,,1.8,2,8,346,4,0,0,0,4,0,16,10,6,21,0.24,0.23,0.47,4.70,1.8,1.8
2026-09-25T00:42:39+00:00,2026-09-24,daily,6,2026-10-10T10:00:00Z,418,Maguire,MUN,DEF,48,-1,-2,8.7,3579,68674,137537,998365,a,,,,,,,,2.2,2,10,450,5,0,1,0,8,0,31,28,3,21,0.20,0.46,0.66,6.80,2.2,2.2
2026-09-25T00:42:39+00:00,2026-09-24,daily,6,2026-10-10T10:00:00Z,419,Martinez,MUN,DEF,50,0,0,1.3,3194,5652,36120,66505,a,,2026-07-24T20:00:10.337107Z,100,100,,,,1.5,0,6,360,4,0,0,0,6,0,20,17,3,14,0.21,0.16,0.37,5.79,1.5,1.5
2026-09-25T00:42:39+00:00,2026-09-24,daily,6,2026-10-10T10:00:00Z,420,Yoro,MUN,DEF,48,-1,-2,0.5,419,1927,5201,35769,a,,,,,,,,0.5,0,2,22,0,0,0,0,2,0,5,3,2,1,0.00,0.02,0.02,1.09,0.5,0.5
2026-09-25T00:42:39+00:00,2026-09-24,daily,6,2026-10-10T10:00:00Z,421,Heaven,MUN,DEF,44,0,-1,0.3,194,1267,5964,23853,a,,,,,,,,0.0,0,1,90,1,0,0,0,2,0,2,1,1,4,0.12,0.04,0.16,1.01,0.0,0.0
2026-09-25T00:42:39+00:00,2026-09-24,daily,6,2026-10-10T10:00:00Z,422,Mazraoui,MUN,DEF,44,0,-1,0.5,508,2567,14292,40654,a,,,,,,,,0.5,0,3,97,1,0,0,0,4,0,6,4,2,3,0.22,0.06,0.28,2.08,0.5,0.5
2026-09-25T00:42:39+00:00,2026-09-24,daily,6,2026-10-10T10:00:00Z,423,Shaw,MUN,DEF,43,-1,-2,7.7,2861,70789,100345,1302718,a,,2026-09-11T13:00:09.030120Z,50,100,,,3,2.0,2,9,335,4,0,1,0,5,0,23,17,6,7,0.03,0.58,0.61,4.63,1.0,2.0
2026-09-25T00:42:39+00:00,2026-09-24,daily,6,2026-10-10T10:00:00Z,424,Amass,MUN,DEF,40,0,0,0.2,364,672,6266,8702,a,,,,,,,,0.0,0,0,0,0,0,0,0,0,0,0,0,0,0,0.00,0.00,0.00,0.00,0.0,0.0
2026-09-25T00:42:39+00:00,2026-09-24,daily,6,2026-10-10T10:00:00Z,425,Fredricson,MUN,DEF,40,0,0,0.0,0,40,0,1308,u,Has joined Lausanne-Sport permanently,2026-08-18T14:12:31.904433Z,0,0,,,,0.0,0,0,0,0,0,0,0,0,0,0,0,0,0,0.00,0.00,0.00,0.00,0.0,0.0
2026-09-25T00:42:39+00:00,2026-09-24,daily,6,2026-10-10T10:00:00Z,426,B.Fernandes,MUN,MID,119,-1,-1,38.6,34082,178216,645682,1831166,a,,,,,1,1,1,7.2,2,31,450,5,3,1,0,8,0,29,3,5,21,2.56,1.32,3.88,6.80,7.2,7.2
2026-09-25T00:42:39+00:00,2026-09-24,daily,6,2026-10-10T10:00:00Z,427,Mbeumo,MUN,MID,79,0,-1,20.6,29248,116660,456227,2003159,a,,,,,2,2,2,5.8,2,25,450,5,2,1,0,8,0,26,7,5,14,3.07,0.80,3.87,6.80,5.8,5.8
2026-09-25T00:42:39+00:00,2026-09-24,daily,6,2026-10-10T10:00:00Z,428,Cunha,MUN,MID,79,0,-1,5.7,16903,19031,90649,507062,a,,,,,,,,6.0,10,26,407,5,1,2,1,5,0,13,1,3,9,0.63,0.83,1.46,5.44,6.0,6.0
2026-09-25T00:42:39+00:00,2026-09-24,daily,6,2026-10-10T10:00:00Z,429,Rashford,MUN,MID,70,0,0,1.5,3940,14760,84969,125841,d,Unspecified injury - 75% chance of playing,2026-09-21T10:30:09.221479Z,,75,,3,,2.2,2,10,351,4,0,0,1,3,0,18,4,4,10,0.78,0.43,1.21,4.50,2.2,1.7
2026-09-25T00:42:39+00:00,2026-09-24,daily,6,2026-10-10T10:00:00Z,430,Mount,MUN,MID,54,0,-1,0.0,150,164,878,1940,a,,2026-08-15T16:00:07.879135Z,100,100,,4,,0.2,1,1,10,0,0,0,0,0,0,1,0,0,1,0.09,0.01,0.10,0.00,0.2,0.2
2026-09-25T00:42:39+00:00,2026-09-24,daily,6,2026-10-10T10:00:00Z,431,Amad,MUN,MID,57,0,-3,0.3,102,1543,2144,123264,i,Unspecified injury - Unknown return date,2026-08-22T11:00:08.617283Z,0,0,,,4,0.0,0,0,0,0,0,0,0,0,0,0,0,0,0,0.00,0.00,0.00,0.00,0.0,0.0
2026-09-25T00:42:39+00:00,2026-09-24,daily,6,2026-10-10T10:00:00Z,432,Mainoo,MUN,MID,55,0,0,1.6,7062,12402,94156,64679,d,Unspecified injury - 75% chance of playing,2026-09-21T13:00:09.169862Z,,75,,,,5.2,4,22,354,4,0,1,0,4,0,56,10,6,40,0.30,0.52,0.82,4.77,5.2,3.9
2026-09-25T00:42:39+00:00,2026-09-24,daily,6,2026-10-10T10:00:00Z,433,Ugarte,MUN,MID,50,0,0,0.0,20,23,116,263,i,Knee injury - Unknown return date,2026-07-23T12:01:23.706702Z,0,0,,,,0.0,0,0,0,0,0,0,0,0,0,0,0,0,0,0.00,0.00,0.00,0.00,0.0,0.0
2026-09-25T00:42:39+00:00,2026-09-24,daily,6,2026-10-10T10:00:00Z,434,J.Fletcher,MUN,MID,49,0,-1,0.0,37,53,317,701,a,,,,,,,,0.0,0,0,0,0,0,0,0,0,0,0,0,0,0,0.00,0.00,0.00,0.00,0.0,0.0
2026-09-25T00:42:39+00:00,2026-09-24,daily,6,2026-10-10T10:00:00Z,435,Lacey,MUN,MID,49,0,-1,0.1,334,302,1687,3267,a,,,,,,,,0.0,0,1,10,0,0,0,0,0,0,1,0,0,1,0.00,0.00,0.00,0.00,0.0,0.0
2026-09-25T00:42:39+00:00,2026-09-24,daily,6,2026-10-10T10:00:00Z,436,Collyer,MUN,MID,50,0,0,0.0,0,42,150,1049,u,Has joined West Brom permanently,2026-09-01T13:16:48.584385Z,0,0,,,,0.0,0,0,0,0,0,0,0,0,0,0,0,0,0,0.00,0.00,0.00,0.00,0.0,0.0
2026-09-25T00:42:39+00:00,2026-09-24,daily,6,2026-10-10T10:00:00Z,437,Bendito Mantato,MUN,MID,44,-1,-1,0.2,283,720,4947,9501,a,,,,,,,,0.0,0,0,0,0,0,0,0,0,0,0,0,0,0,0.00,0.00,0.00,0.00,0.0,0.0
2026-09-25T00:42:39+00:00,2026-09-24,daily,6,2026-10-10T10:00:00Z,438,Fletcher,MUN,MID,44,0,-1,0.3,2259,1807,10328,16576,a,,,,,,,,0.0,0,0,0,0,0,0,0,0,0,0,0,0,0,0.00,0.00,0.00,0.00,0.0,0.0
2026-09-25T00:42:39+00:00,2026-09-24,daily,6,2026-10-10T10:00:00Z,439,Šeško,MUN,FWD,70,0,0,1.6,6376,20854,103815,130527,d,Shin injury - 75% chance of playing,2026-09-20T19:30:08.505755Z,100,75,,,,1.8,0,8,76,0,1,0,0,3,0,5,0,0,5,0.39,0.01,0.40,2.00,1.8,1.4
2026-09-25T00:42:39+00:00,2026-09-24,daily,6,2026-10-10T10:00:00Z,440,Zirkzee,MUN,FWD,53,-1,-2,0.4,1547,2711,15427,43264,a,,,,,,,,0.5,1,2,20,0,0,0,0,0,0,4,2,0,2,0.00,0.01,0.01,0.02,0.5,0.5
2026-09-25T00:42:39+00:00,2026-09-24,daily,6,2026-10-10T10:00:00Z,441,Obi,MUN,FWD,45,0,0,0.9,0,9982,45543,72924,u,Has joined Willem II on loan for the rest of the season,2026-09-14T16:12:42.090874Z,0,0,,,,0.0,0,0,0,0,0,0,0,0,0,0,0,0,0,0.00,0.00,0.00,0.00,0.0,0.0
2026-09-25T00:42:39+00:00,2026-09-24,daily,6,2026-10-10T10:00:00Z,405,N.Gonzalez,NEW,MID,55,0,0,0.2,487,1707,17950,16876,a,,2026-09-14T21:30:07.343728Z,0,100,,,,1.2,0,5,164,3,0,0,1,2,0,12,3,0,9,0.00,0.21,0.21,2.34,0.0,1.2
2026-09-25T00:42:39+00:00,2026-09-24,daily,6,2026-10-10T10:00:00Z,442,Pope,NEW,GKP,49,0,-1,0.9,755,2770,13248,53493,a,,,,,,,,0.0,0,0,0,0,0,0,0,0,0,0,0,0,0,0.00,0.00,0.00,0.00,0.0,0.0
2026-09-25T00:42:39+00:00,2026-09-24,daily,6,2026-10-10T10:00:00Z,443,Gillespie,NEW,GKP,45,0,0,0.0,35,73,760,1193,a,,,,,,,,0.0,0,0,0,0,0,0,0,0,0,0,0,0,0,0.00,0.00,0.00,0.00,0.0,0.0
2026-09-25T00:42:39+00:00,2026-09-24,daily,6,2026-10-10T10:00:00Z,444,Jaouen,NEW,GKP,44,-1,-1,0.0,18,107,451,1512,d,Ankle injury - 50% chance of playing,2026-09-10T16:00:09.127466Z,50,50,,,,0.0,0,0,0,0,0,0,0,0,0,0,0,0,0,0.00,0.00,0.00,0.00,0.0,0.0
2026-09-25T00:42:39+00:00,2026-09-24,daily,6,2026-10-10T10:00:00Z,445,Thiaw,NEW,DEF,50,0,0,2.2,7351,8591,176652,121602,a,,,,,,,,2.8,4,14,450,5,0,0,1,9,0,45,45,0,10,0.00,0.08,0.08,9.14,2.8,2.8
2026-09-25T00:42:39+00:00,2026-09-24,daily,6,2026-10-10T10:00:00Z,446,Schär,NEW,DEF,49,0,-1,0.2,476,815,6987,13761,a,,2026-08-15T16:30:07.209742Z,100,100,,2,,0.2,1,2,25,0,0,0,0,2,0,7,7,0,0,0.00,0.01,0.01,1.87,0.2,0.2
2026-09-25T00:42:39+00:00,2026-09-24,daily,6,2026-10-10T10:00:00Z,447,Botman,NEW,DEF,50,0,0,0.7,4102,2517,46776,27811,a,,,,,,,,3.0,4,15,450,5,0,0,1,9,0,59,54,5,14,0.06,0.17,0.23,9.14,3.0,3.0
2026-09-25T00:42:39+00:00,2026-09-24,daily,6,2026-10-10T10:00:00Z,448,Burn,NEW,DEF,48,-1,-2,0.7,84,5058,7299,159966,i,Ankle injury - Expected back 12 Oct,2026-08-23T18:00:08.367241Z,0,0,,,,0.0,0,0,0,0,0,0,0,0,0,0,0,0,0,0.00,0.00,0.00,0.00,0.0,0.0
2026-09-25T00:42:39+00:00,2026-09-24,daily,6,2026-10-10T10:00:00Z,449,Hall,NEW,DEF,53,1,3,17.1,221381,15696,1634883,343529,a,,,,,,1,1,7.0,13,31,449,5,1,1,1,9,0,46,33,13,38,0.25,0.79,1.04,9.12,7.0,7.0
2026-09-25T00:42:39+00:00,2026-09-24,daily,6,2026-10-10T10:00:00Z,450,Livramento,NEW,DEF,49,0,-1,0.1,412,1352,10208,5792,d,Unspecified injury - 75% chance of playing,2026-09-19T14:00:09.046677Z,100,75,,,,1.0,0,4,33,0,0,1,0,1,0,3,1,2,4,0.00,0.01,0.01,0.18,1.0,0.8
2026-09-25T00:42:39+00:00,2026-09-24,daily,6,2026-10-10T10:00:00Z,451,A.Murphy,NEW,DEF,40,0,0,0.1,0,253,0,6904,u,Has joined FC Kaiserslautern on loan for the rest of the season,2026-08-12T14:05:29.224600Z,0,0,,,,0.0,0,0,0,0,0,0,0,0,0,0,0,0,0,0.00,0.00,0.00,0.00,0.0,0.0
2026-09-25T00:42:39+00:00,2026-09-24,daily,6,2026-10-10T10:00:00Z,453,Barnes,NEW,MID,61,1,1,5.5,141035,13555,612138,145463,a,,,,,,,3,6.5,9,28,450,5,1,3,1,9,0,33,14,3,16,0.62,0.48,1.10,9.14,6.5,6.5
2026-09-25T00:42:39+00:00,2026-09-24,daily,6,2026-10-10T10:00:00Z,454,Elanga,NEW,MID,61,-1,1,4.6,278,154972,1286115,1074933,i,Unspecified injury - Unknown return date,2026-09-14T20:00:09.505598Z,0,0,,,2,2.2,0,18,232,3,2,0,1,3,0,9,2,4,3,0.42,0.34,0.76,4.01,0.0,0.0
2026-09-25T00:42:39+00:00,2026-09-24,daily,6,2026-10-10T10:00:00Z,456,J.Ramsey,NEW,MID,49,0,-1,0.2,40,4260,16586,30463,i,Thigh injury - Unknown return date,2026-09-15T09:00:08.191022Z,0,0,,,,1.8,0,7,69,0,1,0,0,1,0,11,3,2,6,0.17,0.16,0.33,1.92,0.0,0.0
2026-09-25T00:42:39+00:00,2026-09-24,daily,6,2026-10-10T10:00:00Z,457,J.Murphy,NEW,MID,59,0,-1,0.1,806,670,5909,10849,a,,,,,,,4,0.8,1,3,181,2,0,0,0,5,0,18,4,4,10,0.03,0.41,0.44,4.96,0.8,0.8
2026-09-25T00:42:39+00:00,2026-09-24,daily,6,2026-10-10T10:00:00Z,458,Joelinton,NEW,MID,54,0,-1,0.0,11,64,222,2226,i,Unspecified injury - Unknown return date,2026-08-16T08:00:08.074045Z,0,0,,,,0.0,0,0,0,0,0,0,0,0,0,0,0,0,0,0.00,0.00,0.00,0.00,0.0,0.0
2026-09-25T00:42:39+00:00,2026-09-24,daily,6,2026-10-10T10:00:00Z,459,L.Miley,NEW,MID,55,0,0,0.1,410,381,6274,5388,a,,2026-07-23T12:01:23.785456Z,100,100,,,5,2.2,4,12,396,5,0,0,1,8,0,52,20,6,26,0.05,0.14,0.19,7.95,2.2,2.2
2026-09-25T00:42:39+00:00,2026-09-24,daily,6,2026-10-10T10:00:00Z,460,Willock,NEW,MID,50,0,0,0.5,8587,2212,63407,30197,a,,,,,,,,4.0,10,22,284,3,2,0,1,5,0,18,4,5,9,0.81,0.30,1.11,5.19,4.0,4.0
2026-09-25T00:42:39+00:00,2026-09-24,daily,6,2026-10-10T10:00:00Z,461,Touré,NEW,MID,58,0,-2,0.1,283,746,3666,16353,a,,,,,,,,2.0,1,8,50,0,1,0,0,1,0,4,1,0,3,0.28,0.01,0.29,0.76,2.0,2.0
2026-09-25T00:42:39+00:00,2026-09-24,daily,6,2026-10-10T10:00:00Z,462,Steur,NEW,MID,49,0,-1,0.1,231,335,2387,6132,a,,,,,,,,1.8,3,8,223,2,0,0,1,5,0,21,9,4,8,0.00,0.06,0.06,4.23,1.8,1.8
2026-09-25T00:42:39+00:00,2026-09-24,daily,6,2026-10-10T10:00:00Z,463,Woltemade,NEW,FWD,59,0,-1,0.5,0,3169,14520,141604,u,Has joined Juventus on loan for the rest of the season,2026-09-02T16:07:16.549304Z,0,0,,,,1.0,0,4,19,0,0,1,0,0,0,0,0,0,0,0.02,0.01,0.03,0.38,0.0,0.0
2026-09-25T00:42:39+00:00,2026-09-24,daily,6,2026-10-10T10:00:00Z,464,Wissa,NEW,FWD,62,0,2,18.7,72334,127945,2267846,714955,a,,,,,2,,,2.8,0,15,441,5,1,1,1,8,0,27,6,6,15,2.35,0.06,2.41,7.97,2.8,2.8
2026-09-25T00:42:39+00:00,2026-09-24,daily,6,2026-10-10T10:00:00Z,465,Osula,NEW,FWD,58,-1,-2,0.3,102,2048,21425,86353,i,Foot injury - Unknown return date,2026-08-25T19:00:08.004915Z,0,0,1,4,,0.0,0,4,55,1,0,1,0,1,0,5,2,1,2,0.06,0.14,0.20,1.48,0.0,0.0
2026-09-25T00:42:39+00:00,2026-09-24,daily,6,2026-10-10T10:00:00Z,466,Neave,NEW,FWD,45,0,0,0.5,0,3396,23805,52018,u,Has joined Wolves on loan for the rest of the season,2026-09-04T12:37:43.515176Z,0,0,,,,0.0,0,0,0,0,0,0,0,0,0,0,0,0,0,0.00,0.00,0.00,0.00,0.0,0.0
2026-09-25T00:42:39+00:00,2026-09-24,daily,6,2026-10-10T10:00:00Z,559,Bamba,NEW,MID,49,0,-1,0.1,111,425,2551,7509,a,,,,,,,,0.5,1,3,27,0,0,0,0,1,0,8,3,3,2,0.00,0.00,0.00,1.29,0.5,0.5
2026-09-25T00:42:39+00:00,2026-09-24,daily,6,2026-10-10T10:00:00Z,567,Horníček,NEW,GKP,50,0,0,1.5,6302,4186,150952,70739,a,,,,,,,,3.2,3,14,450,5,0,0,1,9,19,0,11,0,31,0.00,0.00,0.00,9.14,3.2,3.2
2026-09-25T00:42:39+00:00,2026-09-24,daily,6,2026-10-10T10:00:00Z,593,Dedić,NEW,DEF,45,0,0,1.8,219,34547,447841,304597,i,Unspecified injury - Unknown return date,2026-09-17T14:30:09.823731Z,0,0,,3,,3.0,0,13,327,4,0,1,1,7,0,24,16,8,15,0.14,0.08,0.22,7.38,0.0,0.0
2026-09-25T00:42:39+00:00,2026-09-24,daily,6,2026-10-10T10:00:00Z,609,Shahar,NEW,DEF,40,0,0,0.2,0,1651,18236,15549,u,has joined Arouca on loan for the rest of the seaon.,2026-09-11T14:41:57.406766Z,0,0,,,,0.0,0,0,0,0,0,0,0,0,0,0,0,0,0,0.00,0.00,0.00,0.00,0.0,0.0
2026-09-25T00:42:39+00:00,2026-09-24,daily,6,2026-10-10T10:00:00Z,634,Fernandez-Pardo,NEW,FWD,60,0,0,0.1,1542,1235,16613,6135,a,,,,,,,,1.3,2,4,157,2,0,0,0,4,0,5,0,2,3,0.05,0.01,0.06,2.94,1.3,1.3
2026-09-25T00:42:39+00:00,2026-09-24,daily,6,2026-10-10T10:00:00Z,659,Miley,NEW,MID,45,0,0,0.0,1254,569,4692,1171,a,,,,,,,,0.0,0,0,0,0,0,0,0,0,0,0,0,0,0,0.00,0.00,0.00,0.00,0.0,0.0
2026-09-25T00:42:39+00:00,2026-09-24,daily,6,2026-10-10T10:00:00Z,663,Pivas,NEW,DEF,40,0,0,0.0,327,41,327,41,a,,,,,,,,0.0,0,0,0,0,0,0,0,0,0,0,0,0,0,0.00,0.00,0.00,0.00,1.1,1.1
2026-09-25T00:42:39+00:00,2026-09-24,daily,6,2026-10-10T10:00:00Z,664,Salia,NEW,FWD,45,0,0,0.1,7868,1169,7868,1169,a,,,,,,,,0.0,0,0,0,0,0,0,0,0,0,0,0,0,0,0.00,0.00,0.00,0.00,1.0,1.0
2026-09-25T00:42:39+00:00,2026-09-24,daily,6,2026-10-10T10:00:00Z,665,Mills,NEW,MID,45,0,0,0.0,142,23,142,23,a,,,,,,,,0.0,0,0,0,0,0,0,0,0,0,0,0,0,0,0.00,0.00,0.00,0.00,1.1,1.1
2026-09-25T00:42:39+00:00,2026-09-24,daily,6,2026-10-10T10:00:00Z,666,Thompson,NEW,MID,45,0,0,0.0,188,23,188,23,a,,,,,,,,0.0,0,0,0,0,0,0,0,0,0,0,0,0,0,0.00,0.00,0.00,0.00,1.1,1.1
2026-09-25T00:42:39+00:00,2026-09-24,daily,6,2026-10-10T10:00:00Z,167,Delap,NFO,FWD,56,1,1,2.7,23318,25678,310494,79250,a,,,,,3,,,2.2,1,9,277,3,1,0,1,3,0,17,5,2,10,0.89,0.35,1.24,2.62,2.2,2.2
2026-09-25T00:42:39+00:00,2026-09-24,daily,6,2026-10-10T10:00:00Z,201,Muñoz,NFO,DEF,54,0,-1,5.7,7001,26588,157559,480764,a,,,,,,,,1.2,2,5,257,3,0,0,0,4,0,15,8,7,8,0.60,0.21,0.81,2.59,1.2,1.2
2026-09-25T00:42:39+00:00,2026-09-24,daily,6,2026-10-10T10:00:00Z,467,Sels,NFO,GKP,50,0,0,1.6,1695,5384,67948,61446,a,,,,,,,,3.0,2,14,450,5,0,0,1,5,11,0,6,0,46,0.00,0.01,0.01,4.77,3.0,3.0
2026-09-25T00:42:39+00:00,2026-09-24,daily,6,2026-10-10T10:00:00Z,468,John,NFO,GKP,45,0,0,0.1,48,129,855,1989,a,,,,,,,,0.0,0,0,0,0,0,0,0,0,0,0,0,0,0,0.00,0.00,0.00,0.00,0.0,0.0
2026-09-25T00:42:39+00:00,2026-09-24,daily,6,2026-10-10T10:00:00Z,469,N.Williams,NFO,DEF,50,0,0,8.8,9789,40256,324275,345514,a,,,,,,3,2,4.2,2,19,450,5,0,1,1,5,0,29,15,14,28,0.41,0.61,1.02,4.77,4.2,4.2
2026-09-25T00:42:39+00:00,2026-09-24,daily,6,2026-10-10T10:00:00Z,470,Morato,NFO,DEF,50,0,0,0.0,0,97,424,3677,u,Has joined West Ham on loan for the rest of the season,2026-09-02T16:19:54.503286Z,0,0,,,,0.0,0,0,0,0,0,0,0,0,0,0,0,0,0,0.00,0.00,0.00,0.00,0.0,0.0
2026-09-25T00:42:39+00:00,2026-09-24,daily,6,2026-10-10T10:00:00Z,471,Milenković,NFO,DEF,54,-1,-1,1.0,52,10763,17984,105920,i,Hamstring injury - Expected back 11 Oct,2026-09-12T14:00:09.705107Z,0,0,,,,2.5,0,12,270,3,0,0,1,3,0,31,26,5,12,0.11,0.03,0.14,3.28,0.0,0.0
2026-09-25T00:42:39+00:00,2026-09-24,daily,6,2026-10-10T10:00:00Z,472,Murillo,NFO,DEF,55,0,0,2.1,7036,6994,102533,60255,a,,2026-07-23T12:01:23.801183Z,100,100,,2,,4.8,4,23,449,5,0,1,1,5,0,53,44,9,18,0.42,0.37,0.79,4.77,4.8,4.8
2026-09-25T00:42:39+00:00,2026-09-24,daily,6,2026-10-10T10:00:00Z,473,Aina,NFO,DEF,44,-1,-1,2.4,946,18648,69059,168435,a,,,,,,,,0.8,0,8,306,4,0,0,1,3,0,22,12,10,14,0.04,0.53,0.57,3.72,0.8,0.8
2026-09-25T00:42:39+00:00,2026-09-24,daily,6,2026-10-10T10:00:00Z,474,Jair Cunha,NFO,DEF,45,0,0,0.2,207,574,9713,13100,a,,2026-09-12T14:00:09.724349Z,75,100,,,,2.5,1,11,360,4,0,0,1,4,0,36,29,7,8,0.05,0.02,0.07,3.95,1.9,2.5
2026-09-25T00:42:39+00:00,2026-09-24,daily,6,2026-10-10T10:00:00Z,475,Savona,NFO,DEF,45,0,0,0.0,19,17,239,275,i,Knee injury - Unknown return date,2026-07-23T12:01:23.816304Z,0,0,,,,0.0,0,0,0,0,0,0,0,0,0,0,0,0,0,0.00,0.00,0.00,0.00,0.0,0.0
2026-09-25T00:42:39+00:00,2026-09-24,daily,6,2026-10-10T10:00:00Z,476,O.Richards,NFO,DEF,40,0,0,0.2,250,636,3950,8187,a,,,,,,,,0.0,0,0,0,0,0,0,0,0,0,0,0,0,0,0.00,0.00,0.00,0.00,0.0,0.0
2026-09-25T00:42:39+00:00,2026-09-24,daily,6,2026-10-10T10:00:00Z,477,Abbott,NFO,DEF,40,0,0,0.1,0,689,2459,13762,u,Has joined Southampton on loan for the rest of the season,2026-09-02T16:19:54.536676Z,0,0,,,,0.0,0,0,0,0,0,0,0,0,0,0,0,0,0,0.00,0.00,0.00,0.00,0.0,0.0
2026-09-25T00:42:39+00:00,2026-09-24,daily,6,2026-10-10T10:00:00Z,478,Netz,NFO,DEF,44,0,-1,0.0,49,99,679,1570,a,,,,,,,,0.5,1,3,27,0,0,0,0,1,0,1,0,1,1,0.00,0.02,0.02,0.13,0.5,0.5
2026-09-25T00:42:39+00:00,2026-09-24,daily,6,2026-10-10T10:00:00Z,479,Bindon,NFO,DEF,40,0,0,0.1,0,460,799,8590,u,Has joined Charlton Athletic on loan for the rest of the season,2026-09-01T13:16:05.383880Z,0,0,,,,0.0,0,0,0,0,0,0,0,0,0,0,0,0,0,0.00,0.00,0.00,0.00,0.0,0.0
2026-09-25T00:42:39+00:00,2026-09-24,daily,6,2026-10-10T10:00:00Z,480,Gibbs-White,NFO,MID,80,0,0,15.7,55065,72464,1198747,655158,a,,2026-08-24T15:30:08.350159Z,100,100,1,1,,6.5,2,28,450,5,1,2,1,5,0,21,2,5,14,1.56,1.42,2.98,4.77,6.5,6.5
2026-09-25T00:42:39+00:00,2026-09-24,daily,6,2026-10-10T10:00:00Z,482,Hudson-Odoi,NFO,MID,58,0,-2,0.1,224,1039,5235,17439,a,,2026-07-23T12:01:23.832709Z,100,100,,4,,0.2,0,1,1,0,0,0,0,0,0,0,0,0,0,0.00,0.00,0.00,0.00,0.2,0.2
2026-09-25T00:42:39+00:00,2026-09-24,daily,6,2026-10-10T10:00:00Z,483,Ndoye,NFO,MID,55,0,0,0.7,642,7424,72238,48587,a,,,,,,,,3.0,1,15,316,5,1,0,1,3,0,20,3,2,15,1.25,0.93,2.18,3.84,3.0,3.0
2026-09-25T00:42:39+00:00,2026-09-24,daily,6,2026-10-10T10:00:00Z,484,Hutchinson,NFO,MID,54,0,-1,0.1,0,297,427,10925,u,Has joined AC Milan on loan for the rest of the season,2026-09-01T13:23:52.340206Z,0,0,,,,0.0,0,0,0,0,0,0,0,0,0,0,0,0,0,0.00,0.00,0.00,0.00,0.0,0.0
2026-09-25T00:42:39+00:00,2026-09-24,daily,6,2026-10-10T10:00:00Z,485,Bakwa,NFO,MID,55,0,0,0.0,0,27,107,1169,u,Has joined Lille on loan for the rest of the season,2026-08-27T14:53:03.381941Z,0,0,,,,0.0,0,0,0,0,0,0,0,0,0,0,0,0,0,0.00,0.00,0.00,0.00,0.0,0.0
2026-09-25T00:42:39+00:00,2026-09-24,daily,6,2026-10-10T10:00:00Z,486,McAtee,NFO,MID,55,0,0,0.1,308,827,9953,5873,a,,,,,,,1,2.2,2,12,416,5,0,0,2,4,0,39,9,9,21,0.37,0.96,1.33,4.55,2.2,2.2
2026-09-25T00:42:39+00:00,2026-09-24,daily,6,2026-10-10T10:00:00Z,487,Dominguez,NFO,MID,49,0,-1,0.1,52,266,1190,4068,a,,,,,,,,0.2,0,1,1,0,0,0,0,0,0,0,0,0,0,0.00,0.00,0.00,0.00,0.2,0.2
2026-09-25T00:42:39+00:00,2026-09-24,daily,6,2026-10-10T10:00:00Z,488,I.Sangaré,NFO,MID,49,0,-1,0.4,266,2662,9165,68241,a,,2026-08-28T09:30:07.471668Z,100,100,,,,0.5,1,4,105,1,0,0,0,1,0,8,4,1,3,0.09,0.02,0.11,0.56,0.5,0.5
2026-09-25T00:42:39+00:00,2026-09-24,daily,6,2026-10-10T10:00:00Z,489,Yates,NFO,MID,45,0,0,1.2,515,6547,30161,92902,a,,2026-08-17T20:30:08.195072Z,100,100,,,,0.0,0,0,0,0,0,0,0,0,0,0,0,0,0,0.00,0.00,0.00,0.00,0.0,0.0
2026-09-25T00:42:39+00:00,2026-09-24,daily,6,2026-10-10T10:00:00Z,490,Wood,NFO,FWD,58,0,-2,0.9,1580,5730,24159,115577,a,,,,,2,,,0.8,1,4,62,0,0,0,0,1,0,1,0,0,1,0.12,0.01,0.13,0.53,0.8,0.8
2026-09-25T00:42:39+00:00,2026-09-24,daily,6,2026-10-10T10:00:00Z,491,Igor Jesus,NFO,FWD,58,0,-2,2.6,5951,20800,124951,268145,a,,,,,4,,,2.5,1,12,257,2,1,0,0,3,0,15,5,2,8,1.25,0.08,1.33,2.61,2.5,2.5
2026-09-25T00:42:39+00:00,2026-09-24,daily,6,2026-10-10T10:00:00Z,493,Kalimuendo,NFO,FWD,54,0,-1,0.1,187,350,2997,4050,a,,,,,,,,0.0,0,1,1,0,0,0,0,0,0,0,0,0,0,0.00,0.00,0.00,0.00,0.0,0.0
2026-09-25T00:42:39+00:00,2026-09-24,daily,6,2026-10-10T10:00:00Z,558,Schlager,NFO,MID,50,0,0,0.1,184,680,5864,5697,a,,,,,,,3,3.0,2,13,376,4,0,0,1,5,0,49,11,17,21,0.19,0.18,0.37,4.43,3.0,3.0
2026-09-25T00:42:39+00:00,2026-09-24,daily,6,2026-10-10T10:00:00Z,581,Diomande,NFO,DEF,54,0,-1,0.5,1294,1956,13416,41421,a,,,,,,,,1.8,2,7,163,2,0,0,0,2,0,19,18,1,10,0.16,0.01,0.17,1.45,1.8,1.8
2026-09-25T00:42:39+00:00,2026-09-24,daily,6,2026-10-10T10:00:00Z,590,Benda,NFO,GKP,45,0,0,0.1,108,203,2648,2804,a,,,,,,,,0.0,0,0,0,0,0,0,0,0,0,0,0,0,0,0.00,0.00,0.00,0.00,0.0,0.0
2026-09-25T00:42:39+00:00,2026-09-24,daily,6,2026-10-10T10:00:00Z,112,Van Hecke,TOT,DEF,49,0,-1,6.6,15085,23786,151254,469181,a,,,,,,,,5.8,6,24,450,5,1,0,2,8,0,43,33,10,17,0.69,0.42,1.11,7.78,5.8,5.8
2026-09-25T00:42:39+00:00,2026-09-24,daily,6,2026-10-10T10:00:00Z,147,Tosin,TOT,DEF,44,0,-1,0.1,86,489,1978,7841,a,,,,,,,,0.2,0,1,5,0,0,0,0,0,0,4,2,2,1,0.00,0.00,0.00,0.03,0.2,0.2
2026-09-25T00:42:39+00:00,2026-09-24,daily,6,2026-10-10T10:00:00Z,401,Marmoush,TOT,FWD,70,0,0,2.1,8491,19257,230970,160390,a,,,,,2,5,,2.0,2,8,339,4,0,0,2,5,0,13,0,2,11,0.38,0.15,0.53,3.84,2.0,2.0
2026-09-25T00:42:39+00:00,2026-09-24,daily,6,2026-10-10T10:00:00Z,403,Sávio,TOT,MID,65,0,0,0.7,2395,5972,99307,78735,a,,2026-08-29T16:30:08.380416Z,100,100,,,4,2.0,2,8,240,3,0,0,2,3,0,11,3,0,8,0.41,0.70,1.11,2.76,2.0,2.0
2026-09-25T00:42:39+00:00,2026-09-24,daily,6,2026-10-10T10:00:00Z,455,Tonali,TOT,MID,53,-1,-2,1.9,1939,13489,47528,268096,a,,2026-09-14T14:30:07.387706Z,100,100,,,,3.0,2,14,427,5,0,0,2,8,0,42,11,11,20,0.24,0.61,0.85,7.72,3.0,3.0
2026-09-25T00:42:39+00:00,2026-09-24,daily,6,2026-10-10T10:00:00Z,494,Vicario,TOT,GKP,45,0,0,0.1,0,632,0,22015,u,Has joined Juventus on loan for the rest of the season,2026-08-19T13:55:33.193962Z,0,0,,,,0.0,0,0,0,0,0,0,0,0,0,0,0,0,0,0.00,0.00,0.00,0.00,0.0,0.0
2026-09-25T00:42:39+00:00,2026-09-24,daily,6,2026-10-10T10:00:00Z,495,Austin,TOT,GKP,40,0,0,1.0,1658,1916,29309,21601,a,,,,,,,,0.0,0,0,0,0,0,0,0,0,0,0,0,0,0,0.00,0.00,0.00,0.00,0.0,0.0
2026-09-25T00:42:39+00:00,2026-09-24,daily,6,2026-10-10T10:00:00Z,496,Kinsky,TOT,GKP,45,0,0,17.4,14481,100672,343635,782899,a,,,,,,,,4.0,2,18,450,5,0,0,2,8,12,0,10,0,34,0.00,0.00,0.00,7.78,4.0,4.0
2026-09-25T00:42:39+00:00,2026-09-24,daily,6,2026-10-10T10:00:00Z,497,Dubravka,TOT,GKP,40,0,0,17.2,22500,42062,393139,434712,a,,,,,,,,0.0,0,0,0,0,0,0,0,0,0,0,0,0,0,0.00,0.00,0.00,0.00,0.0,0.0
2026-09-25T00:42:39+00:00,2026-09-24,daily,6,2026-10-10T10:00:00Z,498,Senesi,TOT,DEF,58,0,-2,3.5,997,18946,29141,455409,a,,,,,,,,0.0,0,3,90,1,0,0,0,3,0,16,11,5,2,0.00,0.02,0.02,3.87,0.0,0.0
2026-09-25T00:42:39+00:00,2026-09-24,daily,6,2026-10-10T10:00:00Z,499,Pedro Porro,TOT,DEF,54,0,-1,7.7,1557,65951,124331,983699,d,Hamstring injury - 75% chance of playing,2026-09-19T12:00:08.823872Z,100,75,,1,3,2.2,1,9,198,3,0,0,1,2,0,9,6,3,5,0.37,0.16,0.53,1.68,2.2,1.7
2026-09-25T00:42:39+00:00,2026-09-24,daily,6,2026-10-10T10:00:00Z,500,Romero,TOT,DEF,50,0,0,0.1,0,245,0,16759,u,Has joined Atletico Madrid permanently,2026-08-17T13:49:05.465401Z,0,0,,,,0.0,0,0,0,0,0,0,0,0,0,0,0,0,0,0.00,0.00,0.00,0.00,0.0,0.0
2026-09-25T00:42:39+00:00,2026-09-24,daily,6,2026-10-10T10:00:00Z,502,Robertson,TOT,DEF,44,0,-1,2.5,4663,11110,66335,181786,a,,,,,,,1,3.5,4,17,366,4,0,1,1,7,0,20,15,5,15,0.13,0.43,0.56,7.05,3.5,3.5
2026-09-25T00:42:39+00:00,2026-09-24,daily,6,2026-10-10T10:00:00Z,503,Van de Ven,TOT,DEF,50,0,0,3.8,4809,17626,93265,264867,a,,2026-08-21T15:00:07.610517Z,100,100,,,,4.0,1,16,360,4,0,0,2,5,0,29,24,5,17,0.59,0.05,0.64,3.91,4.0,4.0
2026-09-25T00:42:39+00:00,2026-09-24,daily,6,2026-10-10T10:00:00Z,505,Spence,TOT,DEF,45,0,0,0.2,0,1013,0,69099,u,Has joined Internazionale permanently,2026-08-18T14:13:08.454214Z,0,0,,,,0.0,0,0,0,0,0,0,0,0,0,0,0,0,0,0.00,0.00,0.00,0.00,0.0,0.0
2026-09-25T00:42:39+00:00,2026-09-24,daily,6,2026-10-10T10:00:00Z,506,Udogie,TOT,DEF,44,0,-1,0.3,288,1435,5527,22265,a,,2026-09-11T18:00:09.092110Z,100,100,,,,1.5,0,7,86,1,0,0,1,1,0,4,3,1,4,0.00,0.23,0.23,1.17,1.5,1.5
2026-09-25T00:42:39+00:00,2026-09-24,daily,6,2026-10-10T10:00:00Z,507,Phillips,TOT,DEF,45,0,0,0.0,0,49,0,1264,u,Has joined Middlesbrough permanently,2026-08-18T14:13:08.474144Z,0,0,,,,0.0,0,0,0,0,0,0,0,0,0,0,0,0,0,0.00,0.00,0.00,0.00,0.0,0.0
2026-09-25T00:42:39+00:00,2026-09-24,daily,6,2026-10-10T10:00:00Z,508,Davies,TOT,DEF,39,-1,-1,0.9,6339,3274,18135,40717,a,,,,,,,,0.0,0,0,0,0,0,0,0,0,0,0,0,0,0,0.00,0.00,0.00,0.00,0.0,0.0
2026-09-25T00:42:39+00:00,2026-09-24,daily,6,2026-10-10T10:00:00Z,509,Byfield,TOT,DEF,40,0,0,0.1,113,216,2328,2560,a,,,,,,,,0.0,0,0,0,0,0,0,0,0,0,0,0,0,0,0.00,0.00,0.00,0.00,0.0,0.0
2026-09-25T00:42:39+00:00,2026-09-24,daily,6,2026-10-10T10:00:00Z,510,Rowswell,TOT,DEF,40,0,0,0.1,128,297,2857,3425,a,,,,,,,,0.0,0,0,0,0,0,0,0,0,0,0,0,0,0,0.00,0.00,0.00,0.00,0.0,0.0
2026-09-25T00:42:39+00:00,2026-09-24,daily,6,2026-10-10T10:00:00Z,511,Souza,TOT,DEF,40,0,0,0.2,0,780,2555,16766,u,Has joined FC Porto on loan for the rest of the season,2026-09-01T13:24:26.858636Z,0,0,,,,0.0,0,0,0,0,0,0,0,0,0,0,0,0,0,0.00,0.00,0.00,0.00,0.0,0.0
2026-09-25T00:42:39+00:00,2026-09-24,daily,6,2026-10-10T10:00:00Z,512,Kudus,TOT,MID,65,0,0,0.2,1909,953,12703,10908,a,,2026-07-23T12:01:23.848657Z,100,100,3,3,6,1.8,4,7,123,0,0,1,0,3,0,14,0,3,11,0.11,0.42,0.53,1.46,1.8,1.8
2026-09-25T00:42:39+00:00,2026-09-24,daily,6,2026-10-10T10:00:00Z,513,Xavi,TOT,MID,59,0,-1,0.0,40,70,332,1111,i,Knee injury - Unknown return date,2026-07-23T12:01:23.864304Z,0,0,4,2,,0.0,0,0,0,0,0,0,0,0,0,0,0,0,0,0.00,0.00,0.00,0.00,0.0,0.0
2026-09-25T00:42:39+00:00,2026-09-24,daily,6,2026-10-10T10:00:00Z,514,Tel,TOT,MID,57,-1,-3,0.2,167,1758,9099,46575,a,,,,,,4,5,1.5,0,8,257,3,0,0,1,4,0,13,1,1,11,0.21,0.23,0.44,5.55,1.5,1.5
2026-09-25T00:42:39+00:00,2026-09-24,daily,6,2026-10-10T10:00:00Z,515,Maddison,TOT,MID,63,0,-2,0.4,623,1733,5672,95986,a,,2026-08-25T14:30:07.623508Z,100,100,,,,0.5,1,3,59,0,0,0,0,2,0,11,3,4,4,0.06,0.04,0.10,1.03,0.5,0.5
2026-09-25T00:42:39+00:00,2026-09-24,daily,6,2026-10-10T10:00:00Z,516,Bentancur,TOT,MID,55,0,0,0.2,303,577,5067,8234,a,,,,,,,,3.5,4,15,370,4,0,0,2,6,0,60,22,15,23,0.02,0.12,0.14,5.59,3.5,3.5
2026-09-25T00:42:39+00:00,2026-09-24,daily,6,2026-10-10T10:00:00Z,517,Odobert,TOT,MID,55,0,0,0.0,14,10,116,105,i,Knee injury - Unknown return date,2026-07-23T12:01:23.879434Z,0,0,,,,0.0,0,0,0,0,0,0,0,0,0,0,0,0,0,0.00,0.00,0.00,0.00,0.0,0.0
2026-09-25T00:42:39+00:00,2026-09-24,daily,6,2026-10-10T10:00:00Z,518,P.M.Sarr,TOT,MID,49,0,-1,0.1,0,594,4138,23661,u,Has joined Juventus on loan for the rest of the season,2026-09-02T16:02:43.386849Z,0,0,,,,0.0,0,0,0,0,0,0,0,0,0,0,0,0,0,0.00,0.00,0.00,0.00,0.0,0.0
2026-09-25T00:42:39+00:00,2026-09-24,daily,6,2026-10-10T10:00:00Z,519,Gallagher,TOT,MID,53,0,-2,0.2,716,554,4572,16942,a,,,,,,,,2.2,6,9,134,2,1,0,1,2,0,18,1,8,9,0.37,0.12,0.49,2.65,2.2,2.2
2026-09-25T00:42:39+00:00,2026-09-24,daily,6,2026-10-10T10:00:00Z,520,Bergvall,TOT,MID,53,-1,-2,0.1,85,539,1865,9472,a,,,,,,,,0.5,1,3,78,1,0,0,0,2,0,13,1,3,9,0.06,0.27,0.33,2.21,0.5,0.5
2026-09-25T00:42:39+00:00,2026-09-24,daily,6,2026-10-10T10:00:00Z,521,Kulusevski,TOT,MID,65,0,0,0.0,56,52,362,717,i,Knee injury - Unknown return date,2026-07-23T12:01:23.895175Z,0,0,,,,0.0,0,0,0,0,0,0,0,0,0,0,0,0,0,0.00,0.00,0.00,0.00,0.0,0.0
2026-09-25T00:42:39+00:00,2026-09-24,daily,6,2026-10-10T10:00:00Z,522,Gray,TOT,MID,49,0,-1,0.2,412,1054,6789,13225,a,,,,,,,,1.8,2,9,307,3,0,0,1,7,0,27,10,5,12,0.23,0.05,0.28,6.11,1.8,1.8
2026-09-25T00:42:39+00:00,2026-09-24,daily,6,2026-10-10T10:00:00Z,523,Moore,TOT,MID,50,0,0,0.1,0,483,3258,16968,u,Has joined FC Köln on loan for the rest of the season,2026-09-04T12:39:48.098158Z,0,0,,,,0.2,0,3,89,1,0,0,0,4,0,3,0,1,2,0.40,0.02,0.42,3.26,0.0,0.0
2026-09-25T00:42:39+00:00,2026-09-24,daily,6,2026-10-10T10:00:00Z,524,Olusesi,TOT,MID,44,0,-1,1.0,5523,6808,55139,48653,a,,,,,,,,0.0,0,0,0,0,0,0,0,0,0,0,0,0,0,0.00,0.00,0.00,0.00,0.0,0.0
2026-09-25T00:42:39+00:00,2026-09-24,daily,6,2026-10-10T10:00:00Z,525,Fernandes,TOT,MID,57,-1,-3,0.8,390,5925,14371,124012,a,,,,,,,2,1.5,1,7,249,3,0,0,1,4,0,21,2,7,12,0.19,0.28,0.47,4.43,1.5,1.5
2026-09-25T00:42:39+00:00,2026-09-24,daily,6,2026-10-10T10:00:00Z,526,Solanke,TOT,FWD,58,0,-2,0.8,1460,4979,29007,94030,a,,,,,1,,,1.5,2,7,170,2,0,0,1,1,0,9,2,2,5,0.56,0.01,0.57,2.57,1.5,1.5
2026-09-25T00:42:39+00:00,2026-09-24,daily,6,2026-10-10T10:00:00Z,527,Richarlison,TOT,FWD,59,0,-1,0.6,0,4963,21439,267446,u,not included in squad.,2026-09-04T12:32:39.183614Z,0,0,,,,0.0,0,2,67,1,0,0,0,3,0,1,1,0,0,0.00,0.00,0.00,3.02,0.0,0.0
2026-09-25T00:42:39+00:00,2026-09-24,daily,6,2026-10-10T10:00:00Z,528,Scarlett,TOT,FWD,45,0,0,1.1,0,7169,42525,108736,u,Has joined Leyton Orient permanently,2026-09-02T16:02:43.413625Z,0,0,,,,0.0,0,0,0,0,0,0,0,0,0,0,0,0,0,0.00,0.00,0.00,0.00,0.0,0.0
2026-09-25T00:42:39+00:00,2026-09-24,daily,6,2026-10-10T10:00:00Z,578,Mudryk,TOT,MID,53,-1,-2,0.0,19,504,5439,7552,i,Ankle injury - Unknown return date,2026-09-11T18:00:09.154412Z,0,0,,,,0.2,0,1,16,0,0,0,0,0,0,0,0,0,0,0.00,0.00,0.00,0.16,0.0,0.0
2026-09-25T00:42:39+00:00,2026-09-24,daily,6,2026-10-10T10:00:00Z,601,Williams-Barnett,TOT,MID,45,0,0,0.1,147,671,10229,6954,a,,,,,,,,0.0,0,0,0,0,0,0,0,0,0,0,0,0,0,0.00,0.00,0.00,0.00,0.0,0.0
2026-09-25T00:42:39+00:00,2026-09-24,daily,6,2026-10-10T10:00:00Z,501,Danso,SUN,DEF,50,0,0,0.2,1030,722,6455,9759,a,,,,,,,,0.8,0,3,270,3,0,0,0,8,0,20,19,1,11,0.07,0.17,0.24,5.91,0.8,0.8
2026-09-25T00:42:39+00:00,2026-09-24,daily,6,2026-10-10T10:00:00Z,529,Roefs,SUN,GKP,49,0,-1,2.5,1858,10291,21707,176416,a,,,,,,,,2.5,0,11,450,5,0,0,1,10,6,0,7,0,35,0.00,0.01,0.01,8.66,2.5,2.5
2026-09-25T00:42:39+00:00,2026-09-24,daily,6,2026-10-10T10:00:00Z,530,Patterson,SUN,GKP,40,0,0,0.1,0,310,0,5962,u,Has joined Wrexham permanently,2026-08-12T14:08:03.064533Z,0,0,,,,0.0,0,0,0,0,0,0,0,0,0,0,0,0,0,0.00,0.00,0.00,0.00,0.0,0.0
2026-09-25T00:42:39+00:00,2026-09-24,daily,6,2026-10-10T10:00:00Z,531,Ellborg,SUN,GKP,45,0,0,0.1,116,216,1155,3297,a,,,,,,,,0.0,0,0,0,0,0,0,0,0,0,0,0,0,0,0.00,0.00,0.00,0.00,0.0,0.0
2026-09-25T00:42:39+00:00,2026-09-24,daily,6,2026-10-10T10:00:00Z,532,Ballard,SUN,DEF,49,0,-1,2.5,3421,13389,45320,313957,a,,,,,,,,3.5,2,14,450,5,0,0,1,10,0,49,39,10,12,0.31,0.16,0.47,8.66,3.5,3.5
2026-09-25T00:42:39+00:00,2026-09-24,daily,6,2026-10-10T10:00:00Z,533,Mukiele,SUN,DEF,54,0,-1,1.9,4577,7722,43908,128827,a,,2026-08-09T08:30:05.954750Z,100,100,,,,3.2,0,13,360,4,0,0,1,8,0,48,35,13,16,0.75,0.28,1.03,6.86,3.2,3.2
2026-09-25T00:42:39+00:00,2026-09-24,daily,6,2026-10-10T10:00:00Z,534,Hume,SUN,DEF,43,-1,-2,2.8,1097,27132,37723,394807,a,,,,,,,3,2.0,1,10,206,2,0,0,1,2,0,13,3,10,12,0.14,0.29,0.43,4.57,2.0,2.0
2026-09-25T00:42:39+00:00,2026-09-24,daily,6,2026-10-10T10:00:00Z,535,Alderete,SUN,DEF,48,-1,-2,0.2,197,944,4951,27220,a,,2026-08-09T08:30:05.962393Z,100,100,,,,0.0,0,1,23,0,0,0,0,1,0,0,0,0,2,0.00,0.01,0.01,0.10,0.0,0.0
2026-09-25T00:42:39+00:00,2026-09-24,daily,6,2026-10-10T10:00:00Z,536,Reinildo,SUN,DEF,44,-1,-1,0.3,154,1459,4017,24259,a,,2026-09-12T21:30:09.421687Z,0,100,,,,1.5,0,7,360,4,0,0,1,5,0,29,21,8,18,0.00,0.32,0.32,5.05,0.0,1.5
2026-09-25T00:42:39+00:00,2026-09-24,daily,6,2026-10-10T10:00:00Z,537,Seelt,SUN,DEF,45,0,0,0.0,0,19,61,661,u,Has joined Swansea City on loan for the rest of the season,2026-08-29T00:34:52.425076Z,0,0,,,,0.0,0,0,0,0,0,0,0,0,0,0,0,0,0,0.00,0.00,0.00,0.00,0.0,0.0
2026-09-25T00:42:39+00:00,2026-09-24,daily,6,2026-10-10T10:00:00Z,538,Hjelde,SUN,DEF,40,0,0,0.0,0,134,0,2505,u,Has joined KV Mechelen on loan for the rest of the season,2026-08-12T14:08:03.081789Z,0,0,,,,0.0,0,0,0,0,0,0,0,0,0,0,0,0,0,0.00,0.00,0.00,0.00,0.0,0.0
2026-09-25T00:42:39+00:00,2026-09-24,daily,6,2026-10-10T10:00:00Z,539,O'Nien,SUN,DEF,39,-1,-1,2.5,15465,10017,30208,119917,a,,,,,,,,0.0,0,1,66,1,0,0,0,1,0,5,4,1,4,0.01,0.01,0.02,1.69,0.0,0.0
2026-09-25T00:42:39+00:00,2026-09-24,daily,6,2026-10-10T10:00:00Z,540,Masuaku,SUN,DEF,40,0,0,0.1,0,558,0,11491,u,Has joined Konyaspor permanently,2026-08-12T14:08:03.097784Z,0,0,,,,0.0,0,0,0,0,0,0,0,0,0,0,0,0,0,0.00,0.00,0.00,0.00,0.0,0.0
2026-09-25T00:42:39+00:00,2026-09-24,daily,6,2026-10-10T10:00:00Z,541,Meunier,SUN,DEF,45,0,0,0.3,1456,719,6857,9471,a,,2026-08-16T08:30:07.830062Z,100,100,,,,3.2,3,14,396,5,0,1,1,8,0,20,16,4,15,0.34,0.58,0.92,5.94,3.2,3.2
2026-09-25T00:42:39+00:00,2026-09-24,daily,6,2026-10-10T10:00:00Z,542,E.Le Fée,SUN,MID,57,-1,-3,3.4,9924,21291,43496,647866,a,,,,,2,3,1,4.0,5,18,438,5,1,1,1,9,0,21,3,7,11,2.06,1.34,3.40,8.46,4.0,4.0
2026-09-25T00:42:39+00:00,2026-09-24,daily,6,2026-10-10T10:00:00Z,543,Diarra,SUN,MID,54,0,-1,0.0,9,181,547,5864,i,Hamstring injury - Unknown return date,2026-08-30T16:30:08.428960Z,0,0,1,,,1.0,0,5,28,0,0,1,0,1,0,0,0,0,0,0.03,0.16,0.19,0.12,0.0,0.0
2026-09-25T00:42:39+00:00,2026-09-24,daily,6,2026-10-10T10:00:00Z,544,Xhaka,SUN,MID,55,0,0,3.6,5418,20962,129950,206051,a,,,,,,2,2,3.0,2,21,450,5,0,1,1,10,0,54,12,9,33,0.06,1.32,1.38,8.66,3.0,3.0
2026-09-25T00:42:39+00:00,2026-09-24,daily,6,2026-10-10T10:00:00Z,545,Sadiki,SUN,MID,49,0,-1,0.2,359,1198,5672,18223,a,,,,,,,,2.0,2,10,410,5,0,0,1,9,0,29,11,6,12,0.44,0.24,0.68,6.47,2.0,2.0
2026-09-25T00:42:39+00:00,2026-09-24,daily,6,2026-10-10T10:00:00Z,546,Adingra,SUN,MID,49,0,-1,0.0,0,174,240,7402,u,Has joined Ajax on loan for the rest of the season,2026-08-20T14:00:08.416985Z,0,0,,,,0.0,0,0,0,0,0,0,0,0,0,0,0,0,0,0.00,0.00,0.00,0.00,0.0,0.0
2026-09-25T00:42:39+00:00,2026-09-24,daily,6,2026-10-10T10:00:00Z,547,Mundle,SUN,MID,49,0,-1,0.0,10,50,201,668,i,Knee injury - Unknown return date,2026-09-09T14:00:08.462705Z,0,0,,,,0.2,0,1,1,0,0,0,0,0,0,1,1,0,0,0.17,0.00,0.17,0.09,0.0,0.0
2026-09-25T00:42:39+00:00,2026-09-24,daily,6,2026-10-10T10:00:00Z,548,Rigg,SUN,MID,49,0,-1,0.0,26,205,463,2825,a,,,,,,,,0.2,0,2,17,0,0,0,0,1,0,1,0,0,1,0.00,0.00,0.00,0.44,0.2,0.2
2026-09-25T00:42:39+00:00,2026-09-24,daily,6,2026-10-10T10:00:00Z,549,Talbi,SUN,MID,53,0,-2,0.1,101,500,1334,11720,a,,,,,,,,0.0,0,1,31,0,0,0,0,1,0,2,0,0,2,0.00,0.00,0.00,0.14,0.0,0.0
2026-09-25T00:42:39+00:00,2026-09-24,daily,6,2026-10-10T10:00:00Z,550,Jocelin.T,SUN,MID,50,0,0,0.0,24,36,298,417,a,,,,,,,,0.0,0,0,0,0,0,0,0,0,0,0,0,0,0,0.00,0.00,0.00,0.00,0.0,0.0
2026-09-25T00:42:39+00:00,2026-09-24,daily,6,2026-10-10T10:00:00Z,551,N.Angulo,SUN,MID,50,0,0,0.1,455,685,12734,10473,a,,,,,,1,,2.8,4,16,313,5,1,1,1,7,0,24,5,5,14,0.60,0.13,0.73,4.56,2.8,2.8
2026-09-25T00:42:39+00:00,2026-09-24,daily,6,2026-10-10T10:00:00Z,552,Brobbey,SUN,FWD,57,-1,-3,7.1,187853,27600,279311,913772,d,Hamstring injury - 75% chance of playing,2026-09-24T21:30:10.382142Z,,75,,,,5.5,17,24,399,5,3,0,1,9,0,11,1,0,10,2.94,0.11,3.05,8.18,5.5,4.1
2026-09-25T00:42:39+00:00,2026-09-24,daily,6,2026-10-10T10:00:00Z,553,Isidor,SUN,FWD,55,0,0,1.3,2287,10480,94589,85634,a,,,,,,,,3.5,1,15,117,0,1,1,0,3,0,5,0,2,3,1.49,0.01,1.50,3.78,3.5,3.5
2026-09-25T00:42:39+00:00,2026-09-24,daily,6,2026-10-10T10:00:00Z,612,Methalie,SUN,DEF,45,0,0,0.0,95,56,884,482,a,,2026-08-28T13:00:08.950445Z,100,100,,,,-0.2,-1,-1,90,1,0,0,0,5,0,3,2,1,4,0.03,0.01,0.04,2.82,-0.2,-0.2
2026-09-25T00:42:39+00:00,2026-09-24,daily,6,2026-10-10T10:00:00Z,613,Ahoka,SUN,MID,45,0,0,0.2,519,1427,25314,14125,a,,,,,,,,0.0,0,0,0,0,0,0,0,0,0,0,0,0,0,0.00,0.00,0.00,0.00,0.0,0.0
2026-09-25T00:42:39+00:00,2026-09-24,daily,6,2026-10-10T10:00:00Z,646,Fofana,SUN,MID,55,0,0,0.0,287,272,4023,1700,a,,,,,,,,1.0,1,3,60,0,0,0,0,2,0,3,0,1,2,0.39,0.01,0.40,3.25,1.0,1.0
2026-09-25T00:42:39+00:00,2026-09-24,daily,6,2026-10-10T10:00:00Z,651,J.Angulo,SUN,FWD,45,0,0,0.7,7690,6460,89558,29475,a,,,,,,,,0.0,0,0,0,0,0,0,0,0,0,0,0,0,0,0.00,0.00,0.00,0.00,0.0,0.0
