snapshot_utc,snapshot_date,snapshot_kind,event,deadline_time,id,web_name,team,position,now_cost,cost_change_event,cost_change_start,selected_by_percent,transfers_in_event,transfers_out_event,transfers_in,transfers_out,status,news,news_added,chance_of_playing_this_round,chance_of_playing_next_round,penalties_order,direct_freekicks_order,corners_and_indirect_freekicks_order,form,event_points,total_points,minutes,starts,goals_scored,assists,clean_sheets,goals_conceded,saves,defensive_contribution,clearances_blocks_interceptions,tackles,recoveries,expected_goals,expected_assists,expected_goal_involvements,expected_goals_conceded,ep_this,ep_next
2026-09-22T01:03:07+00:00,2026-09-21,daily,6,2026-10-10T10:00:00Z,1,Raya,ARS,GKP,61,1,1,42.2,96659,29201,937058,621605,a,,,,,,,,6.0,1,30,450,5,0,0,3,4,9,0,6,1,58,0.00,0.01,0.01,4.03,6.0,6.0
2026-09-22T01:03:07+00:00,2026-09-21,daily,6,2026-10-10T10:00:00Z,2,Arrizabalaga,ARS,GKP,49,0,-1,0.1,72,159,1449,4172,a,,,,,,,,0.0,0,0,0,0,0,0,0,0,0,0,0,0,0,0.00,0.00,0.00,0.00,0.0,0.0
2026-09-22T01:03:07+00:00,2026-09-21,daily,6,2026-10-10T10:00:00Z,3,Meslier,ARS,GKP,49,0,-1,0.0,34,75,501,1535,a,,,,,,,,0.0,0,0,0,0,0,0,0,0,0,0,0,0,0,0.00,0.00,0.00,0.00,0.0,0.0
2026-09-22T01:03:07+00:00,2026-09-21,daily,6,2026-10-10T10:00:00Z,4,Gabriel,ARS,DEF,80,0,0,22.8,15335,47677,225578,890568,a,,,,,,,,5.0,1,25,450,5,0,0,3,4,0,41,35,6,17,0.51,0.20,0.71,4.03,5.0,5.0
2026-09-22T01:03:07+00:00,2026-09-21,daily,6,2026-10-10T10:00:00Z,5,J.Timber,ARS,DEF,65,0,0,0.4,8136,2481,29792,13234,a,,2026-07-23T12:01:23.272929Z,100,100,,,,0.2,0,1,104,1,0,0,0,3,0,5,2,3,7,0.00,0.03,0.03,2.18,0.2,0.2
2026-09-22T01:03:07+00:00,2026-09-21,daily,6,2026-10-10T10:00:00Z,6,Saliba,ARS,DEF,59,0,-1,0.2,254,732,3336,18285,i,Back injury - Unknown return date,2026-07-23T12:01:23.289376Z,0,0,,,,0.0,0,0,0,0,0,0,0,0,0,0,0,0,0,0.00,0.00,0.00,0.00,0.0,0.0
2026-09-22T01:03:07+00:00,2026-09-21,daily,6,2026-10-10T10:00:00Z,7,Lewis-Skelly,ARS,MID,54,-1,-1,0.6,586,3798,29263,48602,a,,,,,,,,1.5,0,9,271,4,0,0,2,1,0,14,5,1,8,0.16,0.23,0.39,1.02,1.5,1.5
2026-09-22T01:03:07+00:00,2026-09-21,daily,6,2026-10-10T10:00:00Z,8,Calafiori,ARS,DEF,58,0,3,50.6,51227,43700,1631235,382207,a,,,,,,,,5.0,1,29,416,5,0,2,3,4,0,18,12,6,13,0.67,0.62,1.29,3.76,5.0,5.0
2026-09-22T01:03:07+00:00,2026-09-21,daily,6,2026-10-10T10:00:00Z,9,Hincapie,ARS,DEF,52,-1,-3,0.9,915,4249,15734,115960,a,,,,,,,,0.2,0,2,32,0,0,0,0,0,0,3,2,1,0,0.00,0.00,0.00,0.28,0.2,0.2
2026-09-22T01:03:07+00:00,2026-09-21,daily,6,2026-10-10T10:00:00Z,10,White,ARS,DEF,55,0,0,5.1,3067,47687,455825,546468,d,Groin injury - 75% chance of playing,2026-09-20T19:30:08.247780Z,100,75,,,,2.5,0,21,315,4,0,1,2,1,0,18,12,6,9,0.18,0.29,0.47,1.15,2.5,1.9
2026-09-22T01:03:07+00:00,2026-09-21,daily,6,2026-10-10T10:00:00Z,11,Mosquera,ARS,DEF,53,0,-2,1.7,768,6642,30933,465371,a,,2026-09-04T14:00:08.080310Z,100,100,,,,1.5,0,12,168,2,0,0,2,0,0,10,10,0,3,0.00,0.01,0.01,0.53,1.5,1.5
2026-09-22T01:03:07+00:00,2026-09-21,daily,6,2026-10-10T10:00:00Z,12,Saka,ARS,MID,95,0,0,13.5,68006,31908,747628,381759,a,,,,,1,2,2,5.8,2,32,416,5,3,0,3,4,0,31,8,6,17,3.22,0.98,4.20,3.58,5.8,5.8
2026-09-22T01:03:07+00:00,2026-09-21,daily,6,2026-10-10T10:00:00Z,13,Rice,ARS,MID,74,0,-1,12.1,6788,43497,118634,686171,d,Unspecified injury - 75% chance of playing,2026-09-21T13:00:08.896379Z,,75,,1,1,4.2,1,20,411,5,0,2,3,4,0,42,18,7,17,0.12,0.69,0.81,3.50,4.2,3.2
2026-09-22T01:03:07+00:00,2026-09-21,daily,6,2026-10-10T10:00:00Z,14,Eze,ARS,MID,63,0,-2,1.0,1349,4736,22268,137580,a,,,,,,3,,0.8,1,4,85,0,0,0,0,0,0,5,0,0,5,0.04,0.09,0.13,1.33,0.8,0.8
2026-09-22T01:03:07+00:00,2026-09-21,daily,6,2026-10-10T10:00:00Z,15,Ødegaard,ARS,MID,68,0,3,19.8,51881,64640,1607601,524089,a,,,,,3,4,,4.5,2,29,377,5,2,0,3,4,0,23,5,6,12,1.08,1.32,2.40,3.23,4.5,4.5
2026-09-22T01:03:07+00:00,2026-09-21,daily,6,2026-10-10T10:00:00Z,16,Madueke,ARS,MID,62,0,-3,0.2,500,1130,5780,25550,a,,,,,,,5,0.2,0,2,23,0,0,0,0,0,0,3,0,1,2,0.00,0.05,0.05,0.15,0.2,0.2
2026-09-22T01:03:07+00:00,2026-09-21,daily,6,2026-10-10T10:00:00Z,17,Merino,ARS,MID,58,0,-2,0.4,434,2082,9171,47372,a,,,,,,,,0.8,1,4,81,0,0,0,0,0,0,10,1,0,9,0.14,0.15,0.29,0.96,0.8,0.8
2026-09-22T01:03:07+00:00,2026-09-21,daily,6,2026-10-10T10:00:00Z,18,Martinelli,ARS,MID,63,0,-2,0.1,0,368,2483,21669,u,Has joined Al Hilal permanently,2026-09-04T12:34:46.738449Z,0,0,,,,0.0,0,0,0,0,0,0,0,0,0,0,0,0,0,0.00,0.00,0.00,0.00,0.0,0.0
2026-09-22T01:03:07+00:00,2026-09-21,daily,6,2026-10-10T10:00:00Z,19,Zubimendi,ARS,MID,53,0,-2,0.6,325,2635,8340,65578,a,,,,,,,,1.0,1,5,89,0,0,0,0,0,0,12,5,4,3,0.21,0.04,0.25,1.38,1.0,1.0
2026-09-22T01:03:07+00:00,2026-09-21,daily,6,2026-10-10T10:00:00Z,20,Dowman,ARS,MID,53,0,-2,0.1,310,395,2898,7114,a,,,,,,,,0.2,1,1,9,0,0,0,0,0,0,0,0,0,0,0.00,0.08,0.08,0.31,0.2,0.2
2026-09-22T01:03:07+00:00,2026-09-21,daily,6,2026-10-10T10:00:00Z,22,Nwaneri,ARS,MID,54,0,-1,0.0,0,35,233,1235,u,Has joined Borussia Dortmund on loan for the rest of the season,2026-09-02T16:01:07.058827Z,0,0,,,,0.0,0,0,0,0,0,0,0,0,0,0,0,0,0,0.00,0.00,0.00,0.00,0.0,0.0
2026-09-22T01:03:07+00:00,2026-09-21,daily,6,2026-10-10T10:00:00Z,23,Fábio Vieira,ARS,MID,55,0,0,0.0,0,27,255,906,u,Has joined Hamburger SV permanently,2026-09-02T16:00:28.446370Z,0,0,,,,0.0,0,0,0,0,0,0,0,0,0,0,0,0,0,0.00,0.00,0.00,0.00,0.0,0.0
2026-09-22T01:03:07+00:00,2026-09-21,daily,6,2026-10-10T10:00:00Z,24,Nelson,ARS,MID,55,0,0,0.0,0,11,68,665,u,has departed the club as a free agent.,2026-08-29T00:33:08.556767Z,0,0,,,,0.0,0,0,0,0,0,0,0,0,0,0,0,0,0,0.00,0.00,0.00,0.00,0.0,0.0
2026-09-22T01:03:07+00:00,2026-09-21,daily,6,2026-10-10T10:00:00Z,25,Gyökeres,ARS,FWD,71,-1,-4,3.1,3789,11555,32012,605879,a,,,,,2,,,0.5,1,2,29,0,0,0,0,0,0,1,0,0,1,0.00,0.23,0.23,0.65,0.5,0.5
2026-09-22T01:03:07+00:00,2026-09-21,daily,6,2026-10-10T10:00:00Z,26,Havertz,ARS,FWD,76,0,1,8.5,40979,32776,644212,393248,a,,,,,,,,3.2,2,19,437,5,2,0,3,4,0,13,6,0,7,1.67,0.37,2.04,3.91,3.2,3.2
2026-09-22T01:03:07+00:00,2026-09-21,daily,6,2026-10-10T10:00:00Z,27,G.Jesus,ARS,FWD,59,0,-1,0.1,0,645,4164,28920,u,Has joined FC Barcelona permanently,2026-09-02T16:00:28.475184Z,0,0,,,,0.0,0,0,0,0,0,0,0,0,0,0,0,0,0,0.00,0.00,0.00,0.00,0.0,0.0
2026-09-22T01:03:07+00:00,2026-09-21,daily,6,2026-10-10T10:00:00Z,31,Konsa,ARS,DEF,46,1,1,19.4,65750,30658,1439057,621766,a,,,,,,,,3.0,1,12,281,3,0,0,1,4,0,23,18,5,9,0.23,0.02,0.25,3.50,3.0,3.0
2026-09-22T01:03:07+00:00,2026-09-21,daily,6,2026-10-10T10:00:00Z,452,Bruno G.,ARS,MID,67,0,-3,1.8,3409,5263,28355,242336,a,,2026-09-04T14:00:08.328779Z,100,100,4,,4,2.2,1,9,123,1,1,0,0,3,0,12,3,1,8,0.09,0.16,0.25,2.18,2.2,2.2
2026-09-22T01:03:07+00:00,2026-09-21,daily,6,2026-10-10T10:00:00Z,557,Tzolis,ARS,MID,63,-1,-2,12.4,8161,113441,458528,1576649,a,,,,,,,3,2.5,2,16,362,5,0,2,2,4,0,23,7,4,12,0.19,0.55,0.74,2.73,2.5,2.5
2026-09-22T01:03:07+00:00,2026-09-21,daily,6,2026-10-10T10:00:00Z,29,M.Bizot,AVL,GKP,45,0,0,0.1,41,727,4635,7103,i,Back injury - Expected back 10 Oct,2026-09-17T07:30:09.058151Z,0,0,,,,0.2,0,1,90,1,0,0,0,4,3,0,2,0,6,0.00,0.00,0.00,3.77,0.0,0.0
2026-09-22T01:03:07+00:00,2026-09-21,daily,6,2026-10-10T10:00:00Z,30,Digne,AVL,DEF,45,0,0,0.0,0,151,0,8562,u,Has joined Paris Saint-Germain permanently,2026-08-10T14:03:30.089007Z,0,0,,,,0.0,0,0,0,0,0,0,0,0,0,0,0,0,0,0.00,0.00,0.00,0.00,0.0,0.0
2026-09-22T01:03:07+00:00,2026-09-21,daily,6,2026-10-10T10:00:00Z,32,Cash,AVL,DEF,44,0,-1,4.9,1886,18627,94537,412616,a,,2026-09-09T14:30:08.192142Z,100,100,,,1,1.2,-1,6,296,3,0,0,1,7,0,17,11,6,2,0.15,0.04,0.19,5.95,1.2,1.2
2026-09-22T01:03:07+00:00,2026-09-21,daily,6,2026-10-10T10:00:00Z,33,Mings,AVL,DEF,45,0,0,0.4,1144,935,15864,16959,a,,,,,,,,2.0,3,10,261,2,0,0,1,4,0,24,20,4,7,0.20,0.02,0.22,4.43,2.0,2.0
2026-09-22T01:03:07+00:00,2026-09-21,daily,6,2026-10-10T10:00:00Z,34,Pau,AVL,DEF,45,0,0,0.3,20,2318,11213,26676,i,Hamstring injury - Expected back 10 Oct,2026-09-12T18:00:08.712707Z,0,0,,,,0.6,0,3,187,3,0,0,0,5,0,9,8,1,9,0.00,0.01,0.01,4.79,0.0,0.0
2026-09-22T01:03:07+00:00,2026-09-21,daily,6,2026-10-10T10:00:00Z,35,Bogarde,AVL,MID,49,-1,-1,0.1,126,316,2867,4644,a,,,,,,,,0.2,0,1,16,0,0,0,0,0,0,1,1,0,0,0.00,0.00,0.00,0.22,0.2,0.2
2026-09-22T01:03:07+00:00,2026-09-21,daily,6,2026-10-10T10:00:00Z,36,Maatsen,AVL,DEF,45,0,0,0.5,38,4634,31880,60372,i,Ankle injury - Unknown return date,2026-09-12T18:00:08.729468Z,0,0,,,,1.8,0,9,335,4,0,0,1,7,0,24,17,7,10,0.28,0.45,0.73,6.54,0.0,0.0
2026-09-22T01:03:07+00:00,2026-09-21,daily,6,2026-10-10T10:00:00Z,37,Lindelöf,AVL,DEF,45,0,0,0.3,678,858,14278,13881,a,,,,,,,,1.6,1,8,450,5,0,0,1,9,0,22,21,1,7,0.44,0.17,0.61,9.22,1.6,1.6
2026-09-22T01:03:07+00:00,2026-09-21,daily,6,2026-10-10T10:00:00Z,38,A.García,AVL,DEF,40,0,0,1.5,1280,4301,44726,66201,a,,,,,,,,0.0,0,0,0,0,0,0,0,0,0,0,0,0,0,0.00,0.00,0.00,0.00,0.0,0.0
2026-09-22T01:03:07+00:00,2026-09-21,daily,6,2026-10-10T10:00:00Z,39,Nedeljkovic,AVL,DEF,40,0,0,0.1,0,375,0,15060,u,Has joined Rangers on loan for the rest of the season,2026-08-19T13:56:46.385411Z,0,0,,,,0.0,0,0,0,0,0,0,0,0,0,0,0,0,0,0.00,0.00,0.00,0.00,0.0,0.0
2026-09-22T01:03:07+00:00,2026-09-21,daily,6,2026-10-10T10:00:00Z,41,Buendía,AVL,MID,59,0,-1,1.0,8342,2697,56326,93842,a,,,,,1,1,3,4.2,12,21,401,5,1,0,1,8,0,34,5,9,20,0.92,0.24,1.16,7.86,4.2,4.2
2026-09-22T01:03:07+00:00,2026-09-21,daily,6,2026-10-10T10:00:00Z,44,Bailey,AVL,MID,54,0,-1,0.1,0,341,2096,13072,u,Has joined Olympiakos permanently,2026-09-04T12:35:14.472260Z,0,0,,,,0.0,0,0,0,0,0,0,0,0,0,0,0,0,0,0.00,0.00,0.00,0.00,0.0,0.0
2026-09-22T01:03:07+00:00,2026-09-21,daily,6,2026-10-10T10:00:00Z,45,McGinn,AVL,MID,54,0,-1,2.2,4685,5909,68516,152871,a,,,,,,,2,3.4,6,17,434,5,0,2,2,7,0,30,8,5,17,0.77,0.24,1.01,8.29,3.4,3.4
2026-09-22T01:03:07+00:00,2026-09-21,daily,6,2026-10-10T10:00:00Z,46,Barkley,AVL,MID,50,0,0,0.3,381,1276,15938,15753,a,,,,,,,4,2.0,1,10,308,4,0,0,1,8,0,28,5,7,16,0.38,0.14,0.52,7.36,2.0,2.0
2026-09-22T01:03:07+00:00,2026-09-21,daily,6,2026-10-10T10:00:00Z,47,Kamara,AVL,MID,50,0,0,0.3,883,1105,14092,21053,a,,2026-07-23T12:01:23.337269Z,100,100,,,,3.0,6,15,443,5,0,1,2,7,0,36,11,9,16,0.12,0.16,0.28,8.44,3.0,3.0
2026-09-22T01:03:07+00:00,2026-09-21,daily,6,2026-10-10T10:00:00Z,48,Onana,AVL,MID,49,0,-1,0.0,24,67,495,1637,i,Knee injury - Unknown return date,2026-07-23T12:01:23.352497Z,0,0,,,,0.0,0,0,0,0,0,0,0,0,0,0,0,0,0,0.00,0.00,0.00,0.00,0.0,0.0
2026-09-22T01:03:07+00:00,2026-09-21,daily,6,2026-10-10T10:00:00Z,49,Iling Jr,AVL,MID,50,0,0,0.0,0,7,0,232,u,Has joined Bolton Wanderers on loan for the rest of the season,2026-08-17T13:52:28.532616Z,0,0,,,,0.0,0,0,0,0,0,0,0,0,0,0,0,0,0,0.00,0.00,0.00,0.00,0.0,0.0
2026-09-22T01:03:07+00:00,2026-09-21,daily,6,2026-10-10T10:00:00Z,50,Burrowes,AVL,MID,45,0,0,0.6,434,2449,21259,34173,a,,,,,,,,0.0,0,0,0,0,0,0,0,0,0,0,0,0,0,0.00,0.00,0.00,0.00,0.0,0.0
2026-09-22T01:03:07+00:00,2026-09-21,daily,6,2026-10-10T10:00:00Z,51,George Hemmings,AVL,MID,45,0,0,1.2,2271,7262,114954,67195,a,,,,,,,,1.8,1,9,297,4,0,0,1,7,0,19,3,6,10,0.07,0.16,0.23,6.26,1.8,1.8
2026-09-22T01:03:07+00:00,2026-09-21,daily,6,2026-10-10T10:00:00Z,52,Alysson,AVL,MID,50,0,0,0.0,55,578,3341,3441,d,Unspecified injury - 75% chance of playing,2026-09-19T11:30:09.355376Z,,75,,,,1.6,0,8,87,0,1,0,0,2,0,8,2,2,4,0.06,0.00,0.06,2.40,1.6,1.2
2026-09-22T01:03:07+00:00,2026-09-21,daily,6,2026-10-10T10:00:00Z,53,Manzambi,AVL,MID,59,0,-1,0.3,21844,1703,24830,18322,a,,2026-08-15T15:30:06.388335Z,100,100,,,,2.8,13,14,98,1,1,1,1,1,0,9,2,2,5,0.44,0.24,0.68,1.54,2.8,2.8
2026-09-22T01:03:07+00:00,2026-09-21,daily,6,2026-10-10T10:00:00Z,54,Gomes,AVL,MID,55,0,0,0.0,292,117,1131,4026,a,,2026-09-16T19:30:08.742410Z,100,100,,,,0.4,4,2,129,2,0,0,0,6,0,20,6,9,5,0.00,0.03,0.03,4.14,0.4,0.4
2026-09-22T01:03:07+00:00,2026-09-21,daily,6,2026-10-10T10:00:00Z,55,Watkins,AVL,FWD,78,0,-2,2.5,0,8155,14882,755536,u,Has joined Al Hilal permanently,2026-09-01T13:15:16.698799Z,0,0,,,,0.0,0,0,0,0,0,0,0,0,0,0,0,0,0,0.00,0.00,0.00,0.00,0.0,0.0
2026-09-22T01:03:07+00:00,2026-09-21,daily,6,2026-10-10T10:00:00Z,56,Abraham,AVL,FWD,55,0,0,0.2,1116,1178,15164,12354,a,,2026-08-15T16:00:07.558543Z,100,100,,,,0.8,1,4,71,0,0,0,0,3,0,2,0,1,1,0.00,0.00,0.00,2.69,0.8,0.8
2026-09-22T01:03:07+00:00,2026-09-21,daily,6,2026-10-10T10:00:00Z,160,Garnacho,AVL,MID,58,0,-2,0.3,343,1998,7291,40451,a,,,,,,,,0.6,0,3,31,0,0,0,0,0,0,2,0,0,2,0.00,0.00,0.00,0.49,0.6,0.6
2026-09-22T01:03:07+00:00,2026-09-21,daily,6,2026-10-10T10:00:00Z,166,N.Jackson,AVL,FWD,65,0,0,1.4,24578,5106,169840,82046,a,,,,,2,,,2.0,6,10,286,4,1,0,1,2,0,9,1,0,8,0.68,0.60,1.28,2.75,2.0,2.0
2026-09-22T01:03:07+00:00,2026-09-21,daily,6,2026-10-10T10:00:00Z,582,Madjo,AVL,FWD,54,0,-1,0.2,122,1358,2807,30129,i,Unspecified injury - Unknown return date,2026-08-15T16:00:07.974271Z,0,0,,,,0.0,0,0,0,0,0,0,0,0,0,0,0,0,0,0.00,0.00,0.00,0.00,0.0,0.0
2026-09-22T01:03:07+00:00,2026-09-21,daily,6,2026-10-10T10:00:00Z,596,Ruggeri,AVL,DEF,45,0,0,0.1,367,234,3010,5498,a,,,,,,,,1.0,3,5,113,1,0,0,0,2,0,16,14,2,11,0.03,0.02,0.05,2.05,1.0,1.0
2026-09-22T01:03:07+00:00,2026-09-21,daily,6,2026-10-10T10:00:00Z,597,Suzuki,AVL,GKP,50,0,0,1.9,9869,4344,147433,60203,a,,,,,,,,3.2,2,16,360,4,0,0,1,5,15,0,8,0,43,0.00,0.01,0.01,5.45,3.2,3.2
2026-09-22T01:03:07+00:00,2026-09-21,daily,6,2026-10-10T10:00:00Z,606,Rowe,AVL,DEF,40,0,0,0.2,215,640,12911,5895,a,,,,,,,,0.0,0,0,0,0,0,0,0,0,0,0,0,0,0,0.00,0.00,0.00,0.00,0.0,0.0
2026-09-22T01:03:07+00:00,2026-09-21,daily,6,2026-10-10T10:00:00Z,607,Lynch,AVL,MID,45,0,0,0.1,0,493,7103,7937,u,Has joined Oxford United on loan until January,2026-09-04T12:35:39.820426Z,0,0,,,,0.0,0,0,0,0,0,0,0,0,0,0,0,0,0,0.00,0.00,0.00,0.00,0.0,0.0
2026-09-22T01:03:07+00:00,2026-09-21,daily,6,2026-10-10T10:00:00Z,611,Wan-Bissaka,AVL,DEF,45,0,0,0.2,1012,1012,17865,7345,a,,,,,,,,1.5,1,6,152,2,0,0,0,2,0,21,12,9,1,0.00,0.07,0.07,3.27,1.5,1.5
2026-09-22T01:03:07+00:00,2026-09-21,daily,6,2026-10-10T10:00:00Z,618,Goretzka,AVL,MID,59,0,-1,0.0,10,317,4619,4631,i,Knee injury - Expected back 10 Oct,2026-09-09T09:30:08.229436Z,0,0,,,,0.0,0,0,0,0,0,0,0,0,0,0,0,0,0,0.00,0.00,0.00,0.00,0.0,0.0
2026-09-22T01:03:07+00:00,2026-09-21,daily,6,2026-10-10T10:00:00Z,630,Harwood-Bellis,AVL,DEF,45,0,0,0.0,116,122,2093,928,a,,,,,,,,0.0,0,0,0,0,0,0,0,0,0,0,0,0,0,0.00,0.00,0.00,0.00,0.0,0.0
2026-09-22T01:03:07+00:00,2026-09-21,daily,6,2026-10-10T10:00:00Z,631,Mbaye,AVL,MID,60,0,0,0.1,637,877,10145,4558,a,,,,,,,,0.7,1,2,33,0,0,0,0,3,0,2,0,1,1,0.02,0.13,0.15,1.64,0.7,0.7
2026-09-22T01:03:07+00:00,2026-09-21,daily,6,2026-10-10T10:00:00Z,667,Wright,AVL,GKP,40,0,0,0.1,4357,330,4357,330,a,,,,,,,,0.0,0,0,0,0,0,0,0,0,0,0,0,0,0,0.00,0.00,0.00,0.00,1.0,1.0
2026-09-22T01:03:07+00:00,2026-09-21,daily,6,2026-10-10T10:00:00Z,57,Petrović,BOU,GKP,45,0,0,3.0,3959,7336,109942,120007,a,,,,,,,,1.8,2,9,450,5,0,0,0,8,11,0,6,0,43,0.00,0.00,0.00,6.95,1.8,1.8
2026-09-22T01:03:07+00:00,2026-09-21,daily,6,2026-10-10T10:00:00Z,58,Forster,BOU,GKP,40,0,0,3.5,5880,4650,115074,76471,a,,,,,,,,0.0,0,0,0,0,0,0,0,0,0,0,0,0,0,0.00,0.00,0.00,0.00,0.0,0.0
2026-09-22T01:03:07+00:00,2026-09-21,daily,6,2026-10-10T10:00:00Z,59,Dennis,BOU,GKP,40,0,0,0.1,0,389,1133,7357,u,Has joined MK Dons permanently,2026-08-27T14:53:48.692835Z,0,0,,,,0.0,0,0,0,0,0,0,0,0,0,0,0,0,0,0.00,0.00,0.00,0.00,0.0,0.0
2026-09-22T01:03:07+00:00,2026-09-21,daily,6,2026-10-10T10:00:00Z,60,Hill,BOU,DEF,55,0,0,0.8,2083,2053,29824,42647,a,,,,,,,,2.4,4,12,450,5,0,0,0,8,0,50,41,9,11,0.00,0.79,0.79,6.95,2.4,2.4
2026-09-22T01:03:07+00:00,2026-09-21,daily,6,2026-10-10T10:00:00Z,61,Truffert,BOU,DEF,54,-1,-1,3.0,3165,8563,55034,156846,a,,,,,,,,2.0,2,10,450,5,0,0,0,8,0,45,28,17,24,0.11,0.29,0.40,6.95,2.0,2.0
2026-09-22T01:03:07+00:00,2026-09-21,daily,6,2026-10-10T10:00:00Z,62,Diakité,BOU,DEF,49,-1,-1,0.2,374,696,7032,11761,a,,,,,,,,0.0,0,0,0,0,0,0,0,0,0,0,0,0,0,0.00,0.00,0.00,0.00,0.0,0.0
2026-09-22T01:03:07+00:00,2026-09-21,daily,6,2026-10-10T10:00:00Z,63,Milosavljević,BOU,DEF,49,0,-1,0.0,15,26,321,823,i,Thigh injury - Unknown return date,2026-08-06T10:00:10.456051Z,0,0,,,,0.0,0,0,0,0,0,0,0,0,0,0,0,0,0,0.00,0.00,0.00,0.00,0.0,0.0
2026-09-22T01:03:07+00:00,2026-09-21,daily,6,2026-10-10T10:00:00Z,64,Smith,BOU,DEF,45,0,0,0.1,273,320,7071,7148,a,,,,,,,,0.8,2,4,434,5,0,0,0,8,0,21,16,5,15,0.01,0.09,0.10,6.70,0.8,0.8
2026-09-22T01:03:07+00:00,2026-09-21,daily,6,2026-10-10T10:00:00Z,65,J.Araujo,BOU,DEF,44,0,-1,0.0,22,34,406,1273,i,Thigh injury - Unknown return date,2026-08-09T08:00:05.645826Z,0,0,,,,0.0,0,0,0,0,0,0,0,0,0,0,0,0,0,0.00,0.00,0.00,0.00,0.0,0.0
2026-09-22T01:03:07+00:00,2026-09-21,daily,6,2026-10-10T10:00:00Z,66,Soler,BOU,DEF,40,0,0,0.3,545,799,13636,10684,a,,2026-08-15T16:30:07.021055Z,100,100,,,,0.0,0,0,0,0,0,0,0,0,0,0,0,0,0,0.00,0.00,0.00,0.00,0.0,0.0
2026-09-22T01:03:07+00:00,2026-09-21,daily,6,2026-10-10T10:00:00Z,67,Rayan,BOU,MID,63,-1,-2,1.6,2703,7166,51373,166662,a,,,,,,,,2.0,2,10,434,5,0,0,0,7,0,15,6,5,4,0.87,0.43,1.30,6.35,2.0,2.0
2026-09-22T01:03:07+00:00,2026-09-21,daily,6,2026-10-10T10:00:00Z,68,Tavernier,BOU,MID,61,0,1,6.7,58376,29490,669569,204214,a,,,,,3,1,1,6.2,2,31,424,5,3,0,0,8,0,42,5,11,26,1.70,0.92,2.62,6.54,6.2,6.2
2026-09-22T01:03:07+00:00,2026-09-21,daily,6,2026-10-10T10:00:00Z,69,Scott,BOU,MID,61,0,1,5.7,15045,28258,538948,198434,a,,,,,,4,2,6.0,2,30,446,5,1,2,1,7,0,60,15,9,36,0.64,0.42,1.06,6.82,6.0,6.0
2026-09-22T01:03:07+00:00,2026-09-21,daily,6,2026-10-10T10:00:00Z,70,Kluivert,BOU,MID,60,0,0,0.9,2257,12430,52614,77312,i,Unspecified injury - Unknown return date,2026-09-20T15:30:09.074071Z,,0,2,2,3,3.0,0,15,294,4,1,0,2,3,0,22,2,4,16,0.99,0.08,1.07,4.48,3.0,0.0
2026-09-22T01:03:07+00:00,2026-09-21,daily,6,2026-10-10T10:00:00Z,71,Cook,BOU,MID,50,0,0,0.2,182,825,13016,13606,a,,,,,,,,1.6,1,8,180,2,0,0,2,1,0,14,7,1,6,0.00,0.01,0.01,4.20,1.6,1.6
2026-09-22T01:03:07+00:00,2026-09-21,daily,6,2026-10-10T10:00:00Z,72,Gannon-Doak,BOU,MID,49,0,-1,0.1,94,272,1594,4532,a,,,,,,,,0.8,1,4,12,0,0,0,0,1,0,7,0,2,5,0.12,0.05,0.17,0.60,0.8,0.8
2026-09-22T01:03:07+00:00,2026-09-21,daily,6,2026-10-10T10:00:00Z,73,Adams,BOU,MID,50,0,0,0.3,743,1179,17952,16170,a,,2026-08-15T16:30:07.029928Z,100,100,,,,2.4,4,12,279,3,0,0,0,7,0,41,12,7,22,0.03,0.07,0.10,2.74,2.4,2.4
2026-09-22T01:03:07+00:00,2026-09-21,daily,6,2026-10-10T10:00:00Z,74,Brooks,BOU,MID,50,0,0,0.1,119,244,3301,3702,a,,2026-08-15T16:30:07.037929Z,100,100,,3,4,0.6,1,3,45,0,0,0,0,2,0,5,2,0,3,0.00,0.07,0.07,0.75,0.6,0.6
2026-09-22T01:03:07+00:00,2026-09-21,daily,6,2026-10-10T10:00:00Z,75,Christie,BOU,MID,50,0,0,0.0,206,172,3461,2117,a,,2026-07-24T17:30:10.035483Z,100,100,,,,1.0,2,5,102,1,0,0,0,2,0,14,3,1,10,0.50,0.13,0.63,1.64,1.0,1.0
2026-09-22T01:03:07+00:00,2026-09-21,daily,6,2026-10-10T10:00:00Z,76,Tóth.A,BOU,MID,49,0,-1,0.0,17,42,374,771,a,,,,,,,,0.4,1,2,17,0,0,0,0,2,0,2,0,1,1,0.00,0.00,0.00,0.56,0.4,0.4
2026-09-22T01:03:07+00:00,2026-09-21,daily,6,2026-10-10T10:00:00Z,77,Adli,BOU,MID,49,0,-1,0.0,15,54,284,2195,i,Calf injury - Unknown return date,2026-08-15T16:00:07.590566Z,0,0,,,,0.0,0,0,0,0,0,0,0,0,0,0,0,0,0,0.00,0.00,0.00,0.00,0.0,0.0
2026-09-22T01:03:07+00:00,2026-09-21,daily,6,2026-10-10T10:00:00Z,78,Kroupi.Jr,BOU,MID,74,0,-1,0.2,117,572,1163,27090,i,Foot injury - Expected back 7 Nov,2026-07-29T17:30:09.796802Z,0,0,1,,,0.0,0,0,0,0,0,0,0,0,0,0,0,0,0,0.00,0.00,0.00,0.00,0.0,0.0
2026-09-22T01:03:07+00:00,2026-09-21,daily,6,2026-10-10T10:00:00Z,79,Evanilson,BOU,FWD,60,0,0,3.2,11905,15142,247366,169969,a,,,,,,,,3.6,2,18,424,5,0,3,2,5,0,27,11,3,13,0.87,0.52,1.39,6.45,3.6,3.6
2026-09-22T01:03:07+00:00,2026-09-21,daily,6,2026-10-10T10:00:00Z,80,Enes Ünal,BOU,FWD,55,0,0,0.0,0,30,0,1962,u,Has joined Getafe permanently,2026-08-14T14:14:21.881112Z,0,0,,,,0.0,0,0,0,0,0,0,0,0,0,0,0,0,0,0.00,0.00,0.00,0.00,0.0,0.0
2026-09-22T01:03:07+00:00,2026-09-21,daily,6,2026-10-10T10:00:00Z,81,Rodríguez,BOU,FWD,60,0,0,0.1,493,477,5200,6608,a,,2026-08-15T16:30:07.054142Z,100,100,,,,0.4,0,2,10,0,0,0,0,1,0,1,0,0,1,0.00,0.00,0.00,0.18,0.4,0.4
2026-09-22T01:03:07+00:00,2026-09-21,daily,6,2026-10-10T10:00:00Z,566,Silva,BOU,DEF,50,0,0,0.4,2656,1648,28118,23089,a,,,,,,,,2.6,3,13,450,5,0,0,0,8,0,56,51,5,14,0.85,0.29,1.14,6.95,2.6,2.6
2026-09-22T01:03:07+00:00,2026-09-21,daily,6,2026-10-10T10:00:00Z,573,Sanchez,BOU,DEF,44,0,-1,0.2,115,290,1535,6947,a,,,,,,,,0.0,0,0,0,0,0,0,0,0,0,0,0,0,0,0.00,0.00,0.00,0.00,0.0,0.0
2026-09-22T01:03:07+00:00,2026-09-21,daily,6,2026-10-10T10:00:00Z,608,Jebbison,BOU,FWD,50,0,0,0.1,616,612,12979,6967,a,,,,,,,,0.6,1,3,31,0,0,0,0,2,0,1,0,0,1,0.10,0.00,0.10,0.61,0.6,0.6
2026-09-22T01:03:07+00:00,2026-09-21,daily,6,2026-10-10T10:00:00Z,615,Di Gregorio,BOU,GKP,45,0,0,0.0,133,130,2876,1679,a,,,,,,,,0.0,0,0,0,0,0,0,0,0,0,0,0,0,0,0.00,0.00,0.00,0.00,0.0,0.0
2026-09-22T01:03:07+00:00,2026-09-21,daily,6,2026-10-10T10:00:00Z,82,Kelleher,BRE,GKP,50,0,0,6.2,14945,8218,246582,208484,a,,,,,,,,3.2,6,20,450,5,0,0,2,4,17,0,7,0,34,0.00,0.01,0.01,6.32,3.2,3.2
2026-09-22T01:03:07+00:00,2026-09-21,daily,6,2026-10-10T10:00:00Z,83,Valdimarsson,BRE,GKP,45,0,0,0.1,194,228,2759,4478,a,,,,,,,,0.0,0,0,0,0,0,0,0,0,0,0,0,0,0,0.00,0.00,0.00,0.00,0.0,0.0
2026-09-22T01:03:07+00:00,2026-09-21,daily,6,2026-10-10T10:00:00Z,84,Collins,BRE,DEF,54,0,-1,1.0,75,6615,58694,153971,i,Calf injury - Unknown return date,2026-09-05T18:00:06.182495Z,0,0,,,,1.0,0,10,196,3,0,0,1,1,0,17,15,2,11,0.51,0.05,0.56,2.13,0.0,0.0
2026-09-22T01:03:07+00:00,2026-09-21,daily,6,2026-10-10T10:00:00Z,85,Van den Berg,BRE,DEF,49,0,-1,0.1,25,208,398,8814,i,Groin injury - Unknown return date,2026-08-15T15:30:06.416627Z,0,0,,,,0.0,0,0,0,0,0,0,0,0,0,0,0,0,0,0.00,0.00,0.00,0.00,0.0,0.0
2026-09-22T01:03:07+00:00,2026-09-21,daily,6,2026-10-10T10:00:00Z,86,Lewis-Potter,BRE,MID,55,0,0,1.7,2806,9143,189451,117524,a,,,,,,1,,3.0,3,22,406,5,1,1,2,4,0,38,17,6,15,1.21,0.79,2.00,5.69,3.0,3.0
2026-09-22T01:03:07+00:00,2026-09-21,daily,6,2026-10-10T10:00:00Z,87,Ajer,BRE,DEF,45,0,0,3.9,8322,15782,313809,269474,a,,,,,,,,3.2,7,21,450,5,0,0,2,4,0,50,46,4,11,0.13,0.08,0.21,6.32,3.2,3.2
2026-09-22T01:03:07+00:00,2026-09-21,daily,6,2026-10-10T10:00:00Z,88,Kayode,BRE,DEF,46,0,1,7.7,10087,14513,592785,360747,a,,,,,,,,2.5,6,23,294,4,1,0,2,1,0,16,14,2,14,0.55,0.43,0.98,3.24,2.5,2.5
2026-09-22T01:03:07+00:00,2026-09-21,daily,6,2026-10-10T10:00:00Z,89,Henry,BRE,DEF,44,0,-1,0.2,119,408,1943,8406,a,,,,,,,,0.2,0,1,2,0,0,0,0,0,0,0,0,0,0,0.00,0.00,0.00,0.00,0.2,0.2
2026-09-22T01:03:07+00:00,2026-09-21,daily,6,2026-10-10T10:00:00Z,90,Hickey,BRE,DEF,45,0,0,0.1,125,171,2039,2904,a,,,,,,,,1.0,1,5,152,1,0,0,0,3,0,17,13,4,8,0.03,0.06,0.09,3.07,1.0,1.0
2026-09-22T01:03:07+00:00,2026-09-21,daily,6,2026-10-10T10:00:00Z,92,Ji-soo,BRE,DEF,44,-1,-1,0.0,45,69,479,941,a,,,,,,,,0.0,0,0,0,0,0,0,0,0,0,0,0,0,0,0.00,0.00,0.00,0.00,0.0,0.0
2026-09-22T01:03:07+00:00,2026-09-21,daily,6,2026-10-10T10:00:00Z,93,Schuster,BRE,DEF,45,0,0,0.2,12026,1242,13588,5730,a,,,,,,,,5.2,14,21,253,2,0,1,1,3,0,38,35,3,6,0.10,0.54,0.64,4.19,5.2,5.2
2026-09-22T01:03:07+00:00,2026-09-21,daily,6,2026-10-10T10:00:00Z,94,Schade,BRE,MID,62,1,2,10.5,293193,13631,913048,233635,a,,,,,2,,,9.0,9,39,447,5,3,2,2,4,0,34,6,7,21,1.52,0.32,1.84,6.32,9.0,9.0
2026-09-22T01:03:07+00:00,2026-09-21,daily,6,2026-10-10T10:00:00Z,95,O.Dango,BRE,MID,63,0,-2,0.5,553,2689,14914,81268,a,,,,,,,4,1.0,1,7,179,2,0,0,1,1,0,28,9,2,17,0.09,0.39,0.48,2.81,1.0,1.0
2026-09-22T01:03:07+00:00,2026-09-21,daily,6,2026-10-10T10:00:00Z,96,Damsgaard,BRE,MID,54,0,-1,0.4,1045,1514,14556,29630,a,,,,,,3,2,3.8,3,16,283,3,0,1,2,1,0,31,6,7,18,0.17,0.73,0.90,3.06,3.8,3.8
2026-09-22T01:03:07+00:00,2026-09-21,daily,6,2026-10-10T10:00:00Z,97,Jensen,BRE,MID,54,0,-1,0.1,12,437,4497,14871,i,Unspecified injury - Expected back 10 Oct,2026-08-30T12:30:08.176795Z,0,0,3,2,1,0.0,0,6,66,1,0,1,1,0,0,5,0,2,3,0.08,0.34,0.42,0.47,0.0,0.0
2026-09-22T01:03:07+00:00,2026-09-21,daily,6,2026-10-10T10:00:00Z,98,Janelt,BRE,MID,50,0,0,2.5,14504,13071,301564,102162,a,,,,,,,3,4.8,3,28,450,5,2,0,2,4,0,64,27,17,20,0.53,0.44,0.97,6.32,4.8,4.8
2026-09-22T01:03:07+00:00,2026-09-21,daily,6,2026-10-10T10:00:00Z,99,Milambo,BRE,MID,50,0,0,0.0,6,6,115,158,i,Knee injury - Unknown return date,2026-07-23T12:01:23.384798Z,0,0,,,,0.0,0,0,0,0,0,0,0,0,0,0,0,0,0,0.00,0.00,0.00,0.00,0.0,0.0
2026-09-22T01:03:07+00:00,2026-09-21,daily,6,2026-10-10T10:00:00Z,100,Carvalho,BRE,MID,50,0,0,0.0,472,121,1770,1399,a,,2026-08-18T13:58:17.442072Z,100,100,,,,1.5,6,6,3,0,1,0,0,0,0,0,0,0,0,0.43,0.00,0.43,0.13,1.5,1.5
2026-09-22T01:03:07+00:00,2026-09-21,daily,6,2026-10-10T10:00:00Z,102,Yarmoliuk,BRE,MID,48,0,-2,0.7,906,2285,5359,60635,a,,,,,,,,2.0,3,9,216,2,0,1,1,4,0,26,7,5,14,0.10,0.30,0.40,4.58,2.0,2.0
2026-09-22T01:03:07+00:00,2026-09-21,daily,6,2026-10-10T10:00:00Z,103,Dasilva,BRE,MID,49,0,-1,0.0,7,67,398,1912,i,Hamstring injury - Expected back 10 Oct,2026-09-04T13:30:08.371955Z,0,0,,,,0.0,0,0,0,0,0,0,0,0,0,0,0,0,0,0.00,0.00,0.00,0.00,0.0,0.0
2026-09-22T01:03:07+00:00,2026-09-21,daily,6,2026-10-10T10:00:00Z,105,Anthony,BRE,MID,59,0,-1,0.1,1664,408,6662,10809,a,,,,,,,,3.5,10,15,267,3,1,0,2,3,0,26,6,4,16,1.15,0.54,1.69,3.50,3.5,3.5
2026-09-22T01:03:07+00:00,2026-09-21,daily,6,2026-10-10T10:00:00Z,106,Thiago,BRE,FWD,78,0,-2,9.0,39260,25776,259683,1022684,a,,,,,1,,,2.5,5,10,442,5,1,0,2,4,0,19,4,3,12,3.13,0.16,3.29,6.25,2.5,2.5
2026-09-22T01:03:07+00:00,2026-09-21,daily,6,2026-10-10T10:00:00Z,107,Furo,BRE,FWD,45,0,0,0.9,433,7061,61506,64223,i,Unspecified injury - Unknown return date,2026-09-14T14:00:09.985723Z,0,0,,,,0.0,0,0,0,0,0,0,0,0,0,0,0,0,0,0.00,0.00,0.00,0.00,0.0,0.0
2026-09-22T01:03:07+00:00,2026-09-21,daily,6,2026-10-10T10:00:00Z,108,Wilson,BRE,FWD,54,-1,-1,0.3,792,1825,15141,25890,a,,,,,,,,0.5,0,3,13,0,0,0,0,0,0,2,1,0,1,0.07,0.04,0.11,0.15,0.5,0.5
2026-09-22T01:03:07+00:00,2026-09-21,daily,6,2026-10-10T10:00:00Z,565,M.Sangaré,BRE,MID,56,-1,1,10.2,6156,113003,1225444,794892,a,,,,,,,,2.0,0,22,321,4,0,2,1,3,0,48,12,14,22,0.41,0.65,1.06,4.31,2.0,2.0
2026-09-22T01:03:07+00:00,2026-09-21,daily,6,2026-10-10T10:00:00Z,620,Diouf,BRE,DEF,45,0,0,0.1,329,510,13490,7172,a,,,,,,,,0.5,1,2,39,0,0,0,0,0,0,2,2,0,1,0.00,0.01,0.01,0.63,0.5,0.5
2026-09-22T01:03:07+00:00,2026-09-21,daily,6,2026-10-10T10:00:00Z,657,Nunes,BRE,MID,45,0,0,0.0,256,192,1998,585,a,,,,,,,,0.0,0,0,0,0,0,0,0,0,0,0,0,0,0,0.00,0.00,0.00,0.00,0.0,0.0
2026-09-22T01:03:07+00:00,2026-09-21,daily,6,2026-10-10T10:00:00Z,660,Fredrick,BRE,DEF,40,0,0,0.0,353,37,353,37,a,,,,,,,,0.0,0,0,0,0,0,0,0,0,0,0,0,0,0,0.00,0.00,0.00,0.00,1.1,1.1
2026-09-22T01:03:07+00:00,2026-09-21,daily,6,2026-10-10T10:00:00Z,661,Balcombe,BRE,GKP,40,0,0,0.0,2157,316,2157,316,a,,,,,,,,0.0,0,0,0,0,0,0,0,0,0,0,0,0,0,0.00,0.00,0.00,0.00,1.0,1.0
2026-09-22T01:03:07+00:00,2026-09-21,daily,6,2026-10-10T10:00:00Z,109,Verbruggen,BHA,GKP,45,0,0,21.7,48778,48554,742253,584408,a,,,,,,,,4.6,6,23,450,5,0,0,3,5,12,0,3,0,34,0.00,0.20,0.20,8.67,4.6,4.6
2026-09-22T01:03:07+00:00,2026-09-21,daily,6,2026-10-10T10:00:00Z,111,Steele,BHA,GKP,40,0,0,4.1,5246,10488,145433,116243,a,,,,,,,,0.0,0,0,0,0,0,0,0,0,0,0,0,0,0,0.00,0.00,0.00,0.00,0.0,0.0
2026-09-22T01:03:07+00:00,2026-09-21,daily,6,2026-10-10T10:00:00Z,113,F.Kadıoğlu,BHA,DEF,44,0,-1,1.6,2874,4958,29287,132501,a,,2026-08-23T13:00:07.595211Z,100,100,,,3,2.6,5,13,332,4,0,0,2,5,0,10,9,1,8,0.12,0.13,0.25,7.55,2.6,2.6
2026-09-22T01:03:07+00:00,2026-09-21,daily,6,2026-10-10T10:00:00Z,114,Boscagli,BHA,DEF,45,0,0,0.3,1400,506,15617,11583,a,,,,,,,,3.8,6,19,437,5,0,0,3,5,0,29,25,4,17,0.07,0.53,0.60,8.45,3.8,3.8
2026-09-22T01:03:07+00:00,2026-09-21,daily,6,2026-10-10T10:00:00Z,115,De Cuyper,BHA,DEF,49,0,4,27.0,211113,12241,2629452,397272,a,,,,,,4,2,7.6,6,38,423,5,1,3,3,5,0,16,8,8,18,1.55,0.67,2.22,8.58,7.6,7.6
2026-09-22T01:03:07+00:00,2026-09-21,daily,6,2026-10-10T10:00:00Z,116,Dunk,BHA,DEF,45,0,0,1.5,6922,5086,88483,46150,a,,,,,,3,,4.4,0,22,360,4,1,0,2,5,0,23,20,3,13,0.03,0.09,0.12,7.04,4.4,4.4
2026-09-22T01:03:07+00:00,2026-09-21,daily,6,2026-10-10T10:00:00Z,117,Coppola,BHA,DEF,45,0,0,0.0,72,65,884,1028,a,,,,,,,,0.0,0,0,0,0,0,0,0,0,0,0,0,0,0,0.00,0.00,0.00,0.00,0.0,0.0
2026-09-22T01:03:07+00:00,2026-09-21,daily,6,2026-10-10T10:00:00Z,118,Igor,BHA,DEF,45,0,0,0.0,0,202,915,5845,u,Has joined Burnley permanently,2026-09-02T15:38:15.529699Z,0,0,,,,0.0,0,0,0,0,0,0,0,0,0,0,0,0,0,0.00,0.00,0.00,0.00,0.0,0.0
2026-09-22T01:03:07+00:00,2026-09-21,daily,6,2026-10-10T10:00:00Z,119,Costinha,BHA,DEF,45,0,0,0.0,98,96,1203,1421,a,,,,,,,,0.8,1,4,68,0,0,0,0,0,0,7,6,1,1,0.12,0.30,0.42,1.02,0.8,0.8
2026-09-22T01:03:07+00:00,2026-09-21,daily,6,2026-10-10T10:00:00Z,120,Svoboda,BHA,DEF,50,0,0,0.1,916,315,4092,3837,a,,,,,,,,0.2,1,1,4,0,0,0,0,0,0,1,0,1,1,0.00,0.00,0.00,0.14,0.2,0.2
2026-09-22T01:03:07+00:00,2026-09-21,daily,6,2026-10-10T10:00:00Z,121,Mitoma,BHA,MID,59,0,-1,0.0,73,117,499,3054,i,Hamstring injury - Expected back 10 Oct,2026-07-24T18:30:10.661894Z,0,0,,,,0.0,0,0,0,0,0,0,0,0,0,0,0,0,0,0.00,0.00,0.00,0.00,0.0,0.0
2026-09-22T01:03:07+00:00,2026-09-21,daily,6,2026-10-10T10:00:00Z,122,Minteh,BHA,MID,58,-1,-2,0.0,27,138,317,6812,i,Leg injury - Expected back 28 Nov,2026-08-14T18:00:06.418033Z,0,0,,,5,0.0,0,0,0,0,0,0,0,0,0,0,0,0,0,0.00,0.00,0.00,0.00,0.0,0.0
2026-09-22T01:03:07+00:00,2026-09-21,daily,6,2026-10-10T10:00:00Z,123,Hinshelwood,BHA,MID,59,0,-1,0.6,151,4915,147772,214141,i,Ankle injury - Expected back 10 Oct,2026-08-27T19:30:07.780933Z,0,0,,,,3.2,0,16,63,1,2,0,1,0,0,3,0,2,1,1.41,0.02,1.43,0.19,0.0,0.0
2026-09-22T01:03:07+00:00,2026-09-21,daily,6,2026-10-10T10:00:00Z,124,Groß,BHA,MID,58,1,3,27.2,620993,7113,1981486,536896,a,,,,,1,1,1,9.4,14,47,450,5,3,4,3,5,0,26,9,7,10,1.77,0.86,2.63,8.67,9.4,9.4
2026-09-22T01:03:07+00:00,2026-09-21,daily,6,2026-10-10T10:00:00Z,125,Georginio,BHA,FWD,53,-1,-2,0.5,1775,2857,33772,75485,a,,2026-08-26T16:00:07.608056Z,100,100,,,,1.2,1,6,104,1,0,1,1,0,0,9,1,2,6,0.17,0.45,0.62,1.03,1.2,1.2
2026-09-22T01:03:07+00:00,2026-09-21,daily,6,2026-10-10T10:00:00Z,126,O'Riley,BHA,MID,54,0,-1,0.1,265,379,3439,6335,a,,,,,3,,,0.4,1,2,10,0,0,0,0,0,0,3,2,0,1,0.28,0.01,0.29,0.18,0.4,0.4
2026-09-22T01:03:07+00:00,2026-09-21,daily,6,2026-10-10T10:00:00Z,127,Gomez,BHA,MID,50,0,0,4.0,8606,30154,331113,291785,a,,,,,,5,,4.8,8,24,433,5,0,3,3,5,0,36,7,13,16,0.79,0.78,1.57,8.49,4.8,4.8
2026-09-22T01:03:07+00:00,2026-09-21,daily,6,2026-10-10T10:00:00Z,128,Buonanotte,BHA,MID,50,0,0,0.0,0,3,0,326,u,Has joined Elche on loan for the rest of the season,2026-08-10T14:03:07.561436Z,0,0,,,,0.0,0,0,0,0,0,0,0,0,0,0,0,0,0,0.00,0.00,0.00,0.00,0.0,0.0
2026-09-22T01:03:07+00:00,2026-09-21,daily,6,2026-10-10T10:00:00Z,129,Ayari,BHA,MID,54,0,-1,0.4,1553,1450,11794,41005,a,,2026-08-30T18:00:07.935334Z,100,100,,2,4,3.0,3,15,333,4,1,0,3,1,0,21,4,2,15,0.70,0.18,0.88,5.64,3.0,3.0
2026-09-22T01:03:07+00:00,2026-09-21,daily,6,2026-10-10T10:00:00Z,130,Wieffer,BHA,DEF,49,0,-1,0.2,21,1394,25936,42826,i,Knee injury - Unknown return date,2026-09-04T09:30:08.612904Z,0,0,,,,1.4,0,7,156,2,0,0,1,4,0,15,11,4,9,0.12,0.13,0.25,3.18,0.0,0.0
2026-09-22T01:03:07+00:00,2026-09-21,daily,6,2026-10-10T10:00:00Z,132,Howell,BHA,MID,45,0,0,0.0,0,149,0,3627,u,Has joined Leicester City on loan for the rest of the season,2026-08-17T13:53:19.019938Z,0,0,,,,0.0,0,0,0,0,0,0,0,0,0,0,0,0,0,0.00,0.00,0.00,0.00,0.0,0.0
2026-09-22T01:03:07+00:00,2026-09-21,daily,6,2026-10-10T10:00:00Z,133,Watson,BHA,MID,50,0,0,0.0,0,3,0,134,u,Has joined Leicester City on loan for the rest of the season,2026-08-03T14:05:44.459483Z,0,0,,,,0.0,0,0,0,0,0,0,0,0,0,0,0,0,0,0.00,0.00,0.00,0.00,0.0,0.0
2026-09-22T01:03:07+00:00,2026-09-21,daily,6,2026-10-10T10:00:00Z,134,Oriola,BHA,MID,45,0,0,0.2,238,993,8642,13861,a,,,,,,,,0.0,0,0,0,0,0,0,0,0,0,0,0,0,0,0.00,0.00,0.00,0.00,0.0,0.0
2026-09-22T01:03:07+00:00,2026-09-21,daily,6,2026-10-10T10:00:00Z,135,Yohanna,BHA,MID,49,0,-1,0.0,5,274,1248,5381,i,Unspecified injury - Expected back 10 Oct,2026-09-10T13:00:08.617941Z,0,0,,,,0.2,0,1,12,0,0,0,0,0,0,0,0,0,0,0.00,0.03,0.03,0.00,0.0,0.0
2026-09-22T01:03:07+00:00,2026-09-21,daily,6,2026-10-10T10:00:00Z,137,Tzimas,BHA,FWD,54,0,-1,0.0,22,32,319,730,i,Knee injury - Unknown return date,2026-07-23T12:01:23.432796Z,0,0,,,,0.0,0,0,0,0,0,0,0,0,0,0,0,0,0,0.00,0.00,0.00,0.00,0.0,0.0
2026-09-22T01:03:07+00:00,2026-09-21,daily,6,2026-10-10T10:00:00Z,138,Kostoulas,BHA,FWD,56,1,1,3.3,233251,8667,337942,41177,a,,,,,,,,5.6,10,28,353,4,2,3,2,5,0,27,5,4,18,1.35,0.06,1.41,7.67,5.6,5.6
2026-09-22T01:03:07+00:00,2026-09-21,daily,6,2026-10-10T10:00:00Z,139,Ferguson,BHA,FWD,50,0,0,0.0,82,178,1533,2447,i,Ankle injury - Expected back 10 Oct,2026-07-23T12:01:23.448357Z,0,0,,,,0.0,0,0,0,0,0,0,0,0,0,0,0,0,0,0.00,0.00,0.00,0.00,0.0,0.0
2026-09-22T01:03:07+00:00,2026-09-21,daily,6,2026-10-10T10:00:00Z,328,Struijk,BHA,DEF,49,0,-1,0.2,592,345,5621,11596,a,,2026-08-15T20:30:07.523574Z,100,100,,,,1.4,5,7,98,1,0,0,1,0,0,10,9,1,6,0.16,0.01,0.17,1.70,1.4,1.4
2026-09-22T01:03:07+00:00,2026-09-21,daily,6,2026-10-10T10:00:00Z,504,Vuskovic,BHA,DEF,50,0,0,3.5,38042,7675,241142,132487,a,,,,,,,,6.4,8,32,437,5,1,0,3,5,0,43,37,6,17,0.46,0.07,0.53,8.45,6.4,6.4
2026-09-22T01:03:07+00:00,2026-09-21,daily,6,2026-10-10T10:00:00Z,594,David,BHA,FWD,59,-1,-1,0.2,2120,1569,13982,21842,a,,,,,2,,,0.2,0,1,23,0,0,0,0,0,0,0,0,0,0,0.42,0.00,0.42,0.14,0.2,0.2
2026-09-22T01:03:07+00:00,2026-09-21,daily,6,2026-10-10T10:00:00Z,600,Osman,BHA,MID,50,0,0,0.0,76,90,907,1057,a,,,,,,,,0.6,0,3,40,0,0,0,0,1,0,4,0,1,3,0.05,0.07,0.12,0.32,0.6,0.6
2026-09-22T01:03:07+00:00,2026-09-21,daily,6,2026-10-10T10:00:00Z,605,Yalcouyé,BHA,MID,45,0,0,4.0,18757,25484,547646,163438,a,,,,,,,,4.0,1,20,236,3,2,0,1,4,0,19,6,6,7,1.46,0.45,1.91,6.57,4.0,4.0
2026-09-22T01:03:07+00:00,2026-09-21,daily,6,2026-10-10T10:00:00Z,614,Hadjam,BHA,DEF,45,0,0,0.0,182,188,3921,1893,a,,,,,,,,0.0,0,0,0,0,0,0,0,0,0,0,0,0,0,0.00,0.00,0.00,0.00,0.0,0.0
2026-09-22T01:03:07+00:00,2026-09-21,daily,6,2026-10-10T10:00:00Z,624,Cozier-Duberry,BHA,MID,50,0,0,0.0,0,0,117,108,u,Has joined Middlesbrough on loan for the rest of the season,2026-09-02T15:38:15.552951Z,0,0,,,,0.0,0,0,0,0,0,0,0,0,0,0,0,0,0,0.00,0.00,0.00,0.00,0.0,0.0
2026-09-22T01:03:07+00:00,2026-09-21,daily,6,2026-10-10T10:00:00Z,639,Andrés,BHA,MID,55,0,0,0.0,1790,186,3034,654,a,,,,,,,,4.0,8,12,109,1,1,1,1,0,0,13,4,1,8,0.52,0.12,0.64,1.70,4.0,4.0
2026-09-22T01:03:07+00:00,2026-09-21,daily,6,2026-10-10T10:00:00Z,652,Azeez,BHA,MID,55,0,0,0.0,13,34,436,191,i,Hamstring injury - Expected back 10 Oct,2026-09-04T11:30:08.661589Z,0,0,,,,0.0,0,0,0,0,0,0,0,0,0,0,0,0,0,0.00,0.00,0.00,0.00,0.0,0.0
2026-09-22T01:03:07+00:00,2026-09-21,daily,6,2026-10-10T10:00:00Z,658,Ibrahim,BHA,MID,45,0,0,0.0,212,156,1375,424,a,,,,,,,,0.0,0,0,0,0,0,0,0,0,0,0,0,0,0,0.00,0.00,0.00,0.00,0.0,0.0
2026-09-22T01:03:07+00:00,2026-09-21,daily,6,2026-10-10T10:00:00Z,28,Martinez,CHE,GKP,50,0,0,4.8,4844,16200,242611,240781,a,,,,,,,,1.8,2,9,360,4,0,0,0,10,18,0,1,0,37,0.00,0.01,0.01,7.49,1.8,1.8
2026-09-22T01:03:07+00:00,2026-09-21,daily,6,2026-10-10T10:00:00Z,40,Rogers,CHE,MID,77,0,2,40.3,97734,49926,2427157,641613,a,,,,,,,3,5.8,2,29,437,5,3,1,0,12,0,31,3,5,23,1.72,1.23,2.95,8.73,5.8,5.8
2026-09-22T01:03:07+00:00,2026-09-21,daily,6,2026-10-10T10:00:00Z,101,Henderson,CHE,MID,49,0,-1,0.0,351,98,964,2572,a,,2026-08-09T09:30:07.136250Z,50,100,,,,0.4,2,2,90,1,0,0,0,3,0,10,2,1,7,0.00,0.08,0.08,2.65,0.2,0.4
2026-09-22T01:03:07+00:00,2026-09-21,daily,6,2026-10-10T10:00:00Z,136,Welbeck,CHE,FWD,59,0,-1,1.0,5190,6725,59126,80629,a,,2026-08-20T14:00:07.949090Z,100,100,,,,0.8,2,4,85,1,0,0,0,1,0,5,2,1,2,0.00,0.14,0.14,1.99,0.8,0.8
2026-09-22T01:03:07+00:00,2026-09-21,daily,6,2026-10-10T10:00:00Z,140,Sánchez,CHE,GKP,49,0,-1,0.7,0,3114,10847,174722,u,Has joined Como on loan for the rest of the season,2026-09-02T16:20:41.841936Z,0,0,,,,0.4,0,2,90,1,0,0,0,2,4,0,1,0,5,0.00,0.01,0.01,1.33,0.0,0.0
2026-09-22T01:03:07+00:00,2026-09-21,daily,6,2026-10-10T10:00:00Z,141,Jörgensen,CHE,GKP,50,0,0,0.0,0,21,0,939,u,Has joined RC Strasbourg on loan for the rest of the season,2026-08-12T14:07:02.607115Z,0,0,,,,0.0,0,0,0,0,0,0,0,0,0,0,0,0,0,0.00,0.00,0.00,0.00,0.0,0.0
2026-09-22T01:03:07+00:00,2026-09-21,daily,6,2026-10-10T10:00:00Z,142,James,CHE,DEF,54,0,-1,6.0,430,59133,168635,581822,d,Hamstring injury - 75% chance of playing,2026-09-18T10:30:09.719371Z,75,75,,1,1,0.6,0,3,292,3,0,0,0,7,0,13,11,2,15,0.33,0.26,0.59,4.90,0.4,0.4
2026-09-22T01:03:07+00:00,2026-09-21,daily,6,2026-10-10T10:00:00Z,143,Chalobah,CHE,DEF,55,0,0,0.1,0,192,0,13822,u,Has joined Como permanently,2026-08-10T14:03:50.769483Z,0,0,,,,0.0,0,0,0,0,0,0,0,0,0,0,0,0,0,0.00,0.00,0.00,0.00,0.0,0.0
2026-09-22T01:03:07+00:00,2026-09-21,daily,6,2026-10-10T10:00:00Z,144,Gusto,CHE,DEF,49,-1,-1,1.0,1290,5414,36617,65894,a,,,,,,,,0.8,0,4,272,3,0,0,0,7,0,15,11,4,13,0.08,0.12,0.20,3.50,0.8,0.8
2026-09-22T01:03:07+00:00,2026-09-21,daily,6,2026-10-10T10:00:00Z,145,Fofana,CHE,DEF,50,0,0,0.2,1576,850,17682,7791,a,,2026-07-23T12:01:23.464591Z,100,100,,,,1.6,4,8,312,4,0,0,0,7,0,47,40,7,11,0.00,0.08,0.08,5.65,1.6,1.6
2026-09-22T01:03:07+00:00,2026-09-21,daily,6,2026-10-10T10:00:00Z,146,B.Badiashile,CHE,DEF,45,0,0,0.0,0,33,232,1930,u,Has joined Napoli on loan for the rest of the season,2026-08-25T14:03:47.079414Z,0,0,,,,0.0,0,0,0,0,0,0,0,0,0,0,0,0,0,0.00,0.00,0.00,0.00,0.0,0.0
2026-09-22T01:03:07+00:00,2026-09-21,daily,6,2026-10-10T10:00:00Z,148,Hato,CHE,DEF,45,0,0,0.8,540,5788,90935,58115,a,,,,,,,,1.6,0,8,258,4,0,2,0,9,0,18,11,7,9,0.01,0.21,0.22,4.81,1.6,1.6
2026-09-22T01:03:07+00:00,2026-09-21,daily,6,2026-10-10T10:00:00Z,149,Colwill,CHE,DEF,48,-1,-2,0.9,727,3993,26383,97018,a,,,,,,,,0.6,1,3,341,4,0,0,0,9,0,26,23,3,15,0.01,0.05,0.06,6.67,0.6,0.6
2026-09-22T01:03:07+00:00,2026-09-21,daily,6,2026-10-10T10:00:00Z,150,M.Sarr,CHE,DEF,45,0,0,0.0,0,116,429,5932,u,Has joined Real Sociedad on loan for the rest of the season,2026-08-29T00:34:23.077418Z,0,0,,,,0.0,0,0,0,0,0,0,0,0,0,0,0,0,0,0.00,0.00,0.00,0.00,0.0,0.0
2026-09-22T01:03:07+00:00,2026-09-21,daily,6,2026-10-10T10:00:00Z,151,Acheampong,CHE,DEF,45,0,0,0.3,286,1368,20998,21927,a,,,,,,,,1.0,0,5,221,2,0,0,0,7,0,20,13,7,7,0.00,0.03,0.03,4.72,1.0,1.0
2026-09-22T01:03:07+00:00,2026-09-21,daily,6,2026-10-10T10:00:00Z,152,Palestra,CHE,DEF,53,0,-2,0.6,134,2762,6594,219303,d,Thigh injury - 50% chance of playing,2026-08-24T18:30:07.421239Z,50,50,,,,0.0,0,0,0,0,0,0,0,0,0,0,0,0,0,0.00,0.00,0.00,0.00,0.0,0.0
2026-09-22T01:03:07+00:00,2026-09-21,daily,6,2026-10-10T10:00:00Z,154,Palmer,CHE,MID,97,0,2,26.4,37557,94233,1940933,589539,d,Muscular injury - 75% chance of playing,2026-09-21T13:00:09.022726Z,100,75,1,2,,5.6,2,28,442,5,2,2,0,12,0,29,3,7,19,1.31,0.79,2.10,8.73,5.6,4.2
2026-09-22T01:03:07+00:00,2026-09-21,daily,6,2026-10-10T10:00:00Z,156,Neto,CHE,MID,65,0,0,1.4,3076,7193,80201,88844,a,,,,,,3,2,2.8,2,14,332,4,1,0,0,8,0,28,8,6,14,0.68,0.58,1.26,6.64,2.8,2.8
2026-09-22T01:03:07+00:00,2026-09-21,daily,6,2026-10-10T10:00:00Z,157,Estêvão,CHE,MID,63,0,-2,0.7,1050,3117,16964,85852,a,,,,,2,,4,0.8,1,4,23,0,0,0,0,1,0,2,0,1,1,0.07,0.07,0.14,1.01,0.8,0.8
2026-09-22T01:03:07+00:00,2026-09-21,daily,6,2026-10-10T10:00:00Z,158,Gittens,CHE,MID,58,-1,-2,0.0,107,157,1086,2787,a,,,,,,,,0.0,0,0,0,0,0,0,0,0,0,0,0,0,0,0.00,0.00,0.00,0.00,0.0,0.0
2026-09-22T01:03:07+00:00,2026-09-21,daily,6,2026-10-10T10:00:00Z,159,Caicedo,CHE,MID,53,0,-2,1.1,275,6407,14913,278799,d,Calf injury - 50% chance of playing,2026-08-30T16:00:08.393562Z,50,50,,,,0.2,0,1,13,0,0,0,0,0,0,0,0,0,0,0.00,0.00,0.00,0.07,0.1,0.1
2026-09-22T01:03:07+00:00,2026-09-21,daily,6,2026-10-10T10:00:00Z,161,Lavia,CHE,MID,50,0,0,0.2,272,1908,25647,15018,a,,,,,,,,2.2,0,11,258,4,1,0,0,8,0,31,10,6,15,0.75,0.11,0.86,5.06,2.2,2.2
2026-09-22T01:03:07+00:00,2026-09-21,daily,6,2026-10-10T10:00:00Z,163,D.Essugo,CHE,MID,45,0,0,0.1,0,515,2698,14227,u,Has joined RC Strasbourg on loan for the rest of the season,2026-09-02T16:20:41.865225Z,0,0,,,,0.0,0,0,0,0,0,0,0,0,0,0,0,0,0,0.00,0.00,0.00,0.00,0.0,0.0
2026-09-22T01:03:07+00:00,2026-09-21,daily,6,2026-10-10T10:00:00Z,164,Quenda,CHE,MID,53,0,-2,0.0,43,120,875,3340,a,,2026-07-24T20:30:10.609931Z,100,100,,,,0.4,1,2,27,0,0,0,0,2,0,1,1,0,0,0.03,0.01,0.04,1.29,0.4,0.4
2026-09-22T01:03:07+00:00,2026-09-21,daily,6,2026-10-10T10:00:00Z,165,João Pedro,CHE,FWD,77,-1,2,66.1,36728,298273,1551469,1370769,d,Knee injury - 75% chance of playing,2026-09-16T19:00:09.919929Z,75,75,,,,6.6,0,33,360,4,3,3,0,9,0,9,3,1,5,2.17,0.19,2.36,6.17,4.9,4.9
2026-09-22T01:03:07+00:00,2026-09-21,daily,6,2026-10-10T10:00:00Z,168,Marc Guiu,CHE,FWD,50,0,0,0.2,0,1076,4102,32800,u,Has joined RB Leipzig permanently,2026-09-01T13:24:48.857362Z,0,0,,,,0.0,0,0,0,0,0,0,0,0,0,0,0,0,0,0.00,0.00,0.00,0.00,0.0,0.0
2026-09-22T01:03:07+00:00,2026-09-21,daily,6,2026-10-10T10:00:00Z,169,Mheuka,CHE,FWD,45,0,0,0.5,3035,2409,30756,24198,a,,,,,,,,0.0,0,0,0,0,0,0,0,0,0,0,0,0,0,0.00,0.00,0.00,0.00,0.0,0.0
2026-09-22T01:03:07+00:00,2026-09-21,daily,6,2026-10-10T10:00:00Z,170,Emegha,CHE,FWD,50,0,0,0.1,49,765,6049,12272,i,Hamstring injury - Expected back 10 Oct,2026-09-09T15:00:09.063849Z,0,0,,,,0.0,0,0,0,0,0,0,0,0,0,0,0,0,0,0.00,0.00,0.00,0.00,0.0,0.0
2026-09-22T01:03:07+00:00,2026-09-21,daily,6,2026-10-10T10:00:00Z,200,Lacroix,CHE,DEF,59,-1,-1,6.8,4896,21244,171550,416820,a,,,,,,,,2.6,3,13,364,4,0,1,0,10,0,47,37,10,8,0.15,0.22,0.37,7.93,2.6,2.6
2026-09-22T01:03:07+00:00,2026-09-21,daily,6,2026-10-10T10:00:00Z,560,Penders,CHE,GKP,44,0,-1,0.1,172,207,1947,3527,a,,,,,,,,0.0,0,0,0,0,0,0,0,0,0,0,0,0,0,0.00,0.00,0.00,0.00,0.0,0.0
2026-09-22T01:03:07+00:00,2026-09-21,daily,6,2026-10-10T10:00:00Z,561,Anselmino,CHE,DEF,45,0,0,0.0,43,84,800,1232,a,,2026-08-23T19:00:08.536705Z,100,100,,,,0.0,0,0,0,0,0,0,0,0,0,0,0,0,0,0.00,0.00,0.00,0.00,0.0,0.0
2026-09-22T01:03:07+00:00,2026-09-21,daily,6,2026-10-10T10:00:00Z,568,Barco,CHE,MID,54,0,-1,0.1,156,315,3079,6882,a,,,,,,,,0.6,2,3,115,1,0,0,0,3,0,12,4,3,5,0.07,0.11,0.18,2.83,0.6,0.6
2026-09-22T01:03:07+00:00,2026-09-21,daily,6,2026-10-10T10:00:00Z,583,Chavarria,CHE,DEF,49,0,-1,0.1,291,380,3251,10986,a,,,,,,,,1.0,1,5,208,1,0,0,0,4,0,16,11,5,7,0.04,0.07,0.11,4.10,1.0,1.0
2026-09-22T01:03:07+00:00,2026-09-21,daily,6,2026-10-10T10:00:00Z,662,Nicoll-Jazuli,CHE,MID,45,0,0,0.0,242,42,242,42,a,,,,,,,,1.0,1,1,3,0,0,0,0,1,0,2,0,2,0,0.00,0.00,0.00,0.43,1.1,1.1
2026-09-22T01:03:07+00:00,2026-09-21,daily,6,2026-10-10T10:00:00Z,91,Pinnock,COV,DEF,45,0,0,0.1,247,156,2416,3927,a,,,,,,,,3.5,8,14,282,3,0,0,1,7,0,44,41,3,4,0.12,0.00,0.12,6.57,3.5,3.5
2026-09-22T01:03:07+00:00,2026-09-21,daily,6,2026-10-10T10:00:00Z,104,Onyeka,COV,MID,49,0,-1,0.1,117,312,3927,9439,a,,2026-09-15T09:00:07.851220Z,100,100,,,,1.8,3,9,314,4,0,0,1,7,0,28,9,5,14,0.03,0.02,0.05,6.31,1.8,1.8
2026-09-22T01:03:07+00:00,2026-09-21,daily,6,2026-10-10T10:00:00Z,110,Rushworth,COV,GKP,45,0,0,0.8,1706,4209,22853,57373,a,,,,,,,,3.8,11,16,450,5,0,1,1,10,9,0,4,0,50,0.00,0.02,0.02,8.63,3.8,3.8
2026-09-22T01:03:07+00:00,2026-09-21,daily,6,2026-10-10T10:00:00Z,171,Dovin,COV,GKP,40,0,0,1.0,0,3300,8924,56468,u,Has joined Leyton Orient on loan for the rest of the season,2026-09-02T15:44:14.839336Z,0,0,,,,0.0,0,0,0,0,0,0,0,0,0,0,0,0,0,0.00,0.00,0.00,0.00,0.0,0.0
2026-09-22T01:03:07+00:00,2026-09-21,daily,6,2026-10-10T10:00:00Z,172,Wilson,COV,GKP,44,0,-1,0.4,150,440,1320,12137,a,,,,,,,,0.0,0,0,0,0,0,0,0,0,0,0,0,0,0,0.00,0.00,0.00,0.00,0.0,0.0
2026-09-22T01:03:07+00:00,2026-09-21,daily,6,2026-10-10T10:00:00Z,173,Thomas,COV,DEF,40,0,0,8.6,16673,20280,354107,273304,a,,,,,,,,5.2,9,24,437,5,0,0,2,9,0,52,49,3,16,0.49,0.30,0.79,8.09,5.2,5.2
2026-09-22T01:03:07+00:00,2026-09-21,daily,6,2026-10-10T10:00:00Z,174,Kitching,COV,DEF,40,0,0,0.3,0,1237,981,32330,u,Has joined Sheffield United on loan for the rest of the season,2026-09-02T16:21:03.612394Z,0,0,,,,0.0,0,0,0,0,0,0,0,0,0,0,0,0,0,0.00,0.00,0.00,0.00,0.0,0.0
2026-09-22T01:03:07+00:00,2026-09-21,daily,6,2026-10-10T10:00:00Z,175,van Ewijk,COV,DEF,40,0,0,9.0,969,55648,122874,480322,d,Hamstring injury - 75% chance of playing,2026-09-19T16:00:09.486751Z,,75,,,,1.2,0,6,360,4,0,0,0,10,0,27,21,6,13,0.00,0.30,0.30,7.53,1.2,0.9
2026-09-22T01:03:07+00:00,2026-09-21,daily,6,2026-10-10T10:00:00Z,176,Dasilva,COV,DEF,40,0,0,0.7,3922,982,13205,21948,a,,,,,,,,4.8,15,20,444,5,1,0,1,10,0,23,19,4,14,0.50,0.52,1.02,8.63,4.8,4.8
2026-09-22T01:03:07+00:00,2026-09-21,daily,6,2026-10-10T10:00:00Z,177,Kesler-Hayden,COV,DEF,39,-1,-1,0.0,690,283,1289,3508,i,Hamstring injury - Unknown return date,2026-08-27T14:56:28.704361Z,0,0,,,,0.0,0,0,0,0,0,0,0,0,0,0,0,0,0,0.00,0.00,0.00,0.00,0.0,0.0
2026-09-22T01:03:07+00:00,2026-09-21,daily,6,2026-10-10T10:00:00Z,178,Bidwell,COV,DEF,40,0,0,0.1,133,205,2440,3436,a,,,,,,,,0.0,0,0,0,0,0,0,0,0,0,0,0,0,0,0.00,0.00,0.00,0.00,0.0,0.0
2026-09-22T01:03:07+00:00,2026-09-21,daily,6,2026-10-10T10:00:00Z,179,Latibeaudiere,COV,DEF,40,0,0,0.0,52,89,963,1692,a,,,,,,,,0.2,1,1,1,0,0,0,0,0,0,2,2,0,0,0.00,0.00,0.00,0.02,0.2,0.2
2026-09-22T01:03:07+00:00,2026-09-21,daily,6,2026-10-10T10:00:00Z,180,Woolfenden,COV,DEF,40,0,0,0.1,13,374,2248,8883,i,Knee injury - Unknown return date,2026-08-27T14:56:28.718566Z,0,0,,,,0.0,0,0,0,0,0,0,0,0,0,0,0,0,0,0.00,0.00,0.00,0.00,0.0,0.0
2026-09-22T01:03:07+00:00,2026-09-21,daily,6,2026-10-10T10:00:00Z,181,Brau,COV,DEF,40,0,0,0.0,0,70,275,2140,u,Has joined Academico de Viseu on loan for the rest of the season,2026-08-29T00:35:59.980316Z,0,0,,,,0.0,0,0,0,0,0,0,0,0,0,0,0,0,0,0.00,0.00,0.00,0.00,0.0,0.0
2026-09-22T01:03:07+00:00,2026-09-21,daily,6,2026-10-10T10:00:00Z,182,Amenda,COV,DEF,40,0,0,0.6,20,4899,11465,31801,i,Calf injury - Unknown return date,2026-09-17T07:30:09.329041Z,25,0,,,,0.8,0,4,360,4,0,0,0,10,0,24,23,1,11,0.02,0.39,0.41,7.53,0.2,0.0
2026-09-22T01:03:07+00:00,2026-09-21,daily,6,2026-10-10T10:00:00Z,183,Rudoni,COV,MID,49,0,-1,0.1,588,461,4058,7850,a,,2026-07-23T12:01:23.481435Z,100,100,,1,5,3.0,5,13,297,4,0,0,2,4,0,34,9,4,21,0.92,1.11,2.03,4.49,3.0,3.0
2026-09-22T01:03:07+00:00,2026-09-21,daily,6,2026-10-10T10:00:00Z,184,Grimes,COV,MID,49,0,-1,0.1,130,655,4027,11046,a,,,,,3,,1,2.2,3,11,443,5,0,0,1,9,0,38,13,9,16,0.12,0.13,0.25,8.42,2.2,2.2
2026-09-22T01:03:07+00:00,2026-09-21,daily,6,2026-10-10T10:00:00Z,185,Sakamoto,COV,MID,48,0,-2,0.1,94,289,984,5661,a,,,,,,,,0.2,0,1,31,0,0,0,0,1,0,4,0,2,2,0.02,0.02,0.04,0.69,0.2,0.2
2026-09-22T01:03:07+00:00,2026-09-21,daily,6,2026-10-10T10:00:00Z,186,Mason-Clark,COV,MID,53,-1,-2,0.1,53,272,1092,5876,a,,2026-08-19T18:00:08.310507Z,100,100,,,,1.2,1,5,231,4,0,0,0,3,0,15,6,0,9,0.51,0.12,0.63,3.16,1.2,1.2
2026-09-22T01:03:07+00:00,2026-09-21,daily,6,2026-10-10T10:00:00Z,187,Eccles,COV,MID,48,-1,-2,0.0,11,71,624,1447,i,Unspecified injury - Expected back 12 Oct,2026-09-10T18:30:08.877110Z,0,0,,,,0.0,0,0,0,0,0,0,0,0,0,0,0,0,0,0.00,0.00,0.00,0.00,0.0,0.0
2026-09-22T01:03:07+00:00,2026-09-21,daily,6,2026-10-10T10:00:00Z,188,Torp,COV,MID,53,-1,-2,0.1,36,308,789,7840,a,,,,,2,2,2,0.5,0,3,53,0,0,0,0,2,0,3,1,0,2,0.00,0.12,0.12,1.22,0.5,0.5
2026-09-22T01:03:07+00:00,2026-09-21,daily,6,2026-10-10T10:00:00Z,189,Shepherd,COV,MID,44,0,-1,0.3,3026,1660,9746,14531,a,,,,,,,,0.0,0,0,0,0,0,0,0,0,0,0,0,0,0,0.00,0.00,0.00,0.00,0.0,0.0
2026-09-22T01:03:07+00:00,2026-09-21,daily,6,2026-10-10T10:00:00Z,190,Tchaouna,COV,MID,54,0,-1,0.1,8,233,3124,8110,a,,,,,,,3,0.8,1,5,211,2,0,0,0,3,0,18,6,1,11,0.23,0.18,0.41,3.23,0.8,0.8
2026-09-22T01:03:07+00:00,2026-09-21,daily,6,2026-10-10T10:00:00Z,191,Borges Rodrigues,COV,MID,45,0,0,0.1,0,509,1943,11333,u,Has joined Burton Albion on loan for the rest of the season,2026-09-02T15:44:14.868001Z,0,0,,,,0.0,0,0,0,0,0,0,0,0,0,0,0,0,0,0.00,0.00,0.00,0.00,0.0,0.0
2026-09-22T01:03:07+00:00,2026-09-21,daily,6,2026-10-10T10:00:00Z,192,Andrews,COV,MID,45,0,0,0.3,0,1422,2718,40527,u,Has joined Oxford United on loan for the rest of the season,2026-08-29T00:35:59.998520Z,0,0,,,,0.0,0,0,0,0,0,0,0,0,0,0,0,0,0,0.00,0.00,0.00,0.00,0.0,0.0
2026-09-22T01:03:07+00:00,2026-09-21,daily,6,2026-10-10T10:00:00Z,193,Wright,COV,FWD,54,0,-1,0.1,28,360,595,12286,i,Thigh injury - Unknown return date,2026-08-14T22:00:07.214508Z,0,0,1,,,0.0,0,0,0,0,0,0,0,0,0,0,0,0,0,0.00,0.00,0.00,0.00,0.0,0.0
2026-09-22T01:03:07+00:00,2026-09-21,daily,6,2026-10-10T10:00:00Z,194,Thomas-Asante,COV,FWD,50,0,0,0.8,5071,4006,55696,55031,a,,,,,4,,,1.8,4,9,227,2,0,0,1,6,0,27,12,3,12,0.34,0.06,0.39,4.98,1.8,1.8
2026-09-22T01:03:07+00:00,2026-09-21,daily,6,2026-10-10T10:00:00Z,195,Simms,COV,FWD,49,-1,-1,0.6,707,3908,39211,63126,a,,,,,,,,0.5,1,4,104,1,0,0,0,3,0,3,1,0,2,0.30,0.01,0.31,2.79,0.5,0.5
2026-09-22T01:03:07+00:00,2026-09-21,daily,6,2026-10-10T10:00:00Z,196,Markelo,COV,FWD,50,0,0,0.0,0,42,0,1169,u,Has joined Shabab Al-Ahli Dubai permanently,2026-08-17T13:53:55.791223Z,0,0,,,,0.0,0,0,0,0,0,0,0,0,0,0,0,0,0,0.00,0.00,0.00,0.00,0.0,0.0
2026-09-22T01:03:07+00:00,2026-09-21,daily,6,2026-10-10T10:00:00Z,197,Bassette,COV,FWD,45,0,0,0.0,0,112,0,2071,u,Has joined KVC Westerlo on loan for the rest of the season,2026-07-28T12:58:50.001768Z,0,0,,,,0.0,0,0,0,0,0,0,0,0,0,0,0,0,0,0.00,0.00,0.00,0.00,0.0,0.0
2026-09-22T01:03:07+00:00,2026-09-21,daily,6,2026-10-10T10:00:00Z,492,Awoniyi,COV,FWD,54,-1,-1,0.4,49,3815,21322,63610,s,Suspended until 19 Oct,2026-09-13T15:00:09.305127Z,0,0,5,,,0.5,0,3,232,3,0,0,0,7,0,11,3,1,7,1.30,0.04,1.34,3.55,0.0,0.0
2026-09-22T01:03:07+00:00,2026-09-21,daily,6,2026-10-10T10:00:00Z,575,Yirenkyi,COV,MID,48,-1,-2,0.1,164,753,2816,13420,a,,,,,,,,2.0,3,9,265,3,0,0,2,5,0,21,7,1,13,0.03,0.15,0.18,4.25,2.0,2.0
2026-09-22T01:03:07+00:00,2026-09-21,daily,6,2026-10-10T10:00:00Z,584,Hamer,COV,MID,54,0,-1,0.1,28,268,778,6275,a,,,,,,,4,0.5,0,3,32,0,0,0,0,1,0,3,0,1,2,0.00,0.02,0.02,0.82,0.5,0.5
2026-09-22T01:03:07+00:00,2026-09-21,daily,6,2026-10-10T10:00:00Z,599,Cherif,COV,FWD,50,0,0,0.1,355,551,7282,7390,a,,,,,,,,0.2,0,1,30,0,0,0,0,3,0,1,1,0,0,0.00,0.00,0.00,1.43,0.2,0.2
2026-09-22T01:03:07+00:00,2026-09-21,daily,6,2026-10-10T10:00:00Z,623,Bentley,COV,GKP,40,0,0,0.6,6340,1104,76718,17996,a,,,,,,,,0.0,0,0,0,0,0,0,0,0,0,0,0,0,0,0.00,0.00,0.00,0.00,0.0,0.0
2026-09-22T01:03:07+00:00,2026-09-21,daily,6,2026-10-10T10:00:00Z,655,Gboho,COV,MID,55,0,0,0.0,50,43,248,92,a,,,,,,,,0.0,0,0,0,0,0,0,0,0,0,0,0,0,0,0.00,0.00,0.00,0.00,0.0,0.0
2026-09-22T01:03:07+00:00,2026-09-21,daily,6,2026-10-10T10:00:00Z,656,Mfuni,COV,DEF,40,0,0,0.1,1230,564,9542,2365,a,,,,,,,,3.0,6,6,90,1,0,0,1,0,0,8,7,1,3,0.00,0.01,0.01,1.10,3.0,3.0
2026-09-22T01:03:07+00:00,2026-09-21,daily,6,2026-10-10T10:00:00Z,42,Guessand,CRY,MID,54,0,-1,0.0,62,184,2355,3555,a,,,,,,,,0.2,0,2,54,0,0,0,0,1,0,2,1,1,0,0.03,0.03,0.06,0.34,0.2,0.2
2026-09-22T01:03:07+00:00,2026-09-21,daily,6,2026-10-10T10:00:00Z,153,Disasi,CRY,DEF,45,0,0,0.1,17,560,9418,10141,s,Suspended until 25 Oct,2026-09-12T15:30:09.445078Z,0,0,,,,0.2,0,1,139,2,0,0,0,6,0,20,15,5,11,0.00,0.04,0.04,3.72,0.0,0.0
2026-09-22T01:03:07+00:00,2026-09-21,daily,6,2026-10-10T10:00:00Z,198,Henderson,CRY,GKP,50,0,0,1.3,91,7850,55217,116758,i,Foot injury - Expected back 11 Oct,2026-09-12T14:00:09.378740Z,0,0,,,,0.8,0,5,270,3,0,0,0,8,12,0,6,0,31,0.00,0.00,0.00,6.47,0.0,0.0
2026-09-22T01:03:07+00:00,2026-09-21,daily,6,2026-10-10T10:00:00Z,199,Benitez,CRY,GKP,45,0,0,0.1,423,206,3515,4623,a,,,,,,,,2.0,6,8,180,2,0,0,1,3,5,0,2,0,11,0.00,0.00,0.00,2.99,2.0,2.0
2026-09-22T01:03:07+00:00,2026-09-21,daily,6,2026-10-10T10:00:00Z,202,Richards,CRY,DEF,50,0,0,0.6,1050,1549,21962,37280,a,,,,,,,,2.8,8,14,450,5,0,0,1,11,0,54,46,8,16,0.08,0.07,0.15,9.46,2.8,2.8
2026-09-22T01:03:07+00:00,2026-09-21,daily,6,2026-10-10T10:00:00Z,203,Canvot,CRY,DEF,48,-1,-2,0.2,234,645,5576,19295,a,,,,,,,,2.2,8,10,360,4,0,0,1,8,0,34,26,8,11,0.05,0.13,0.18,7.78,2.2,2.2
2026-09-22T01:03:07+00:00,2026-09-21,daily,6,2026-10-10T10:00:00Z,204,Mitchell,CRY,DEF,45,0,0,6.0,8838,11140,305373,259542,a,,,,,,,,5.8,7,24,419,5,2,0,1,10,0,25,14,11,23,0.77,0.26,1.03,8.34,5.8,5.8
2026-09-22T01:03:07+00:00,2026-09-21,daily,6,2026-10-10T10:00:00Z,205,Sosa,CRY,DEF,45,0,0,0.0,0,70,236,2039,u,Has joined FC Cologne on loan for the rest of the season,2026-09-02T16:03:25.710518Z,0,0,,,,0.0,0,0,0,0,0,0,0,0,0,0,0,0,0,0.00,0.00,0.00,0.00,0.0,0.0
2026-09-22T01:03:07+00:00,2026-09-21,daily,6,2026-10-10T10:00:00Z,206,Chadi Riad,CRY,DEF,43,-1,-2,0.0,16,89,640,5640,i,Knee injury - Unknown return date,2026-08-22T18:00:07.352049Z,0,0,,,,0.0,0,1,72,1,0,0,0,2,0,7,6,1,3,0.00,0.01,0.01,0.98,0.0,0.0
2026-09-22T01:03:07+00:00,2026-09-21,daily,6,2026-10-10T10:00:00Z,207,Mingueza,CRY,DEF,44,0,-1,0.1,58,199,1968,4755,a,,,,,,,,0.5,0,2,16,0,0,0,0,1,0,2,0,2,1,0.00,0.00,0.00,0.33,0.5,0.5
2026-09-22T01:03:07+00:00,2026-09-21,daily,6,2026-10-10T10:00:00Z,208,Sarr,CRY,MID,62,0,-3,0.6,1788,1486,5842,375937,a,,2026-08-22T18:00:07.363165Z,100,100,2,,,0.2,1,1,8,0,0,0,0,0,0,0,0,0,0,0.00,0.01,0.01,0.06,0.2,0.2
2026-09-22T01:03:07+00:00,2026-09-21,daily,6,2026-10-10T10:00:00Z,210,Wharton,CRY,MID,55,0,0,0.7,816,3313,29223,47303,a,,2026-07-23T12:01:23.498963Z,100,100,,,2,2.0,2,12,436,5,0,0,1,10,0,41,16,10,15,0.15,0.58,0.73,8.91,2.0,2.0
2026-09-22T01:03:07+00:00,2026-09-21,daily,6,2026-10-10T10:00:00Z,211,Yeremy,CRY,MID,55,0,0,0.4,491,1987,45035,30384,a,,,,,,1,1,3.2,2,14,307,4,0,2,1,6,0,26,5,5,16,0.52,0.55,1.07,6.93,3.2,3.2
2026-09-22T01:03:07+00:00,2026-09-21,daily,6,2026-10-10T10:00:00Z,212,Hughes,CRY,MID,44,0,-1,7.4,6482,32157,119881,470772,a,,,,,,,4,0.5,0,2,29,0,0,0,0,1,0,7,3,1,3,0.00,0.04,0.04,1.12,0.5,0.5
2026-09-22T01:03:07+00:00,2026-09-21,daily,6,2026-10-10T10:00:00Z,213,Lerma,CRY,MID,48,-1,-2,0.1,44,250,1250,5431,a,,,,,,,,0.2,0,1,51,0,0,0,0,1,0,12,7,2,3,0.26,0.00,0.26,1.25,0.2,0.2
2026-09-22T01:03:07+00:00,2026-09-21,daily,6,2026-10-10T10:00:00Z,214,Kamada,CRY,MID,50,0,0,0.5,2182,2071,48929,23688,a,,,,,,,3,4.5,3,21,441,5,0,3,1,10,0,38,4,11,23,0.47,0.38,0.85,8.85,4.5,4.5
2026-09-22T01:03:07+00:00,2026-09-21,daily,6,2026-10-10T10:00:00Z,215,Devenny,CRY,MID,50,0,0,0.0,0,23,132,937,u,Has joined Stoke City permanently,2026-09-02T15:41:07.346849Z,0,0,3,2,,0.0,0,0,0,0,0,0,0,0,0,0,0,0,0,0.00,0.00,0.00,0.00,0.0,0.0
2026-09-22T01:03:07+00:00,2026-09-21,daily,6,2026-10-10T10:00:00Z,216,Esse,CRY,MID,50,0,0,0.0,0,84,399,3195,u,Has joined Millwall on loan for the rest of the season,2026-09-02T15:41:07.376544Z,0,0,,,,0.0,0,0,0,0,0,0,0,0,0,0,0,0,0,0.00,0.00,0.00,0.00,0.0,0.0
2026-09-22T01:03:07+00:00,2026-09-21,daily,6,2026-10-10T10:00:00Z,217,M.França,CRY,MID,49,0,-1,0.0,0,96,1007,3378,u,Has joined Alverca on loan for the rest of the season,2026-09-11T14:42:19.322912Z,0,0,,,,0.0,0,0,0,0,0,0,0,0,0,0,0,0,0,0.00,0.00,0.00,0.00,0.0,0.0
2026-09-22T01:03:07+00:00,2026-09-21,daily,6,2026-10-10T10:00:00Z,218,Doucouré,CRY,MID,48,-1,-2,0.0,65,201,2039,4366,a,,,,,,,,0.0,0,0,0,0,0,0,0,0,0,0,0,0,0,0.00,0.00,0.00,0.00,0.0,0.0
2026-09-22T01:03:07+00:00,2026-09-21,daily,6,2026-10-10T10:00:00Z,219,J.Rak-Sakyi,CRY,MID,49,0,-1,0.0,0,15,145,457,u,has joined  Kasimpasa on loan for the rest of the seaon.,2026-09-10T09:12:47.224598Z,0,0,,,,0.0,0,0,0,0,0,0,0,0,0,0,0,0,0,0.00,0.00,0.00,0.00,0.0,0.0
2026-09-22T01:03:07+00:00,2026-09-21,daily,6,2026-10-10T10:00:00Z,220,Cardines,CRY,DEF,45,0,0,0.0,0,3,0,128,u,Has joined Bristol City on loan for the rest of the season,2026-08-12T14:08:46.501813Z,0,0,,,,0.0,0,0,0,0,0,0,0,0,0,0,0,0,0,0.00,0.00,0.00,0.00,0.0,0.0
2026-09-22T01:03:07+00:00,2026-09-21,daily,6,2026-10-10T10:00:00Z,221,Drakes-Thomas,CRY,MID,45,0,0,0.1,103,291,2651,4536,a,,,,,,,,0.0,0,0,0,0,0,0,0,0,0,0,0,0,0,0.00,0.00,0.00,0.00,0.0,0.0
2026-09-22T01:03:07+00:00,2026-09-21,daily,6,2026-10-10T10:00:00Z,222,Strand Larsen,CRY,FWD,60,0,0,0.6,3201,2668,48426,39722,a,,,,,,,,3.2,2,14,298,3,1,0,1,5,0,13,6,2,5,0.43,0.20,0.63,6.15,3.2,3.2
2026-09-22T01:03:07+00:00,2026-09-21,daily,6,2026-10-10T10:00:00Z,223,Mateta,CRY,FWD,63,0,-2,1.3,126,6199,25879,451686,i,Hamstring injury - Expected back 11 Oct,2026-08-28T21:00:08.020382Z,0,0,1,,,0.0,0,2,62,1,0,0,0,2,0,5,1,2,2,0.70,0.02,0.72,0.98,0.0,0.0
2026-09-22T01:03:07+00:00,2026-09-21,daily,6,2026-10-10T10:00:00Z,224,Nketiah,CRY,FWD,55,0,0,0.5,823,2399,46804,49046,a,,2026-09-12T14:00:09.427136Z,100,100,,,,1.8,1,8,175,3,0,1,0,7,0,12,2,4,6,1.10,0.60,1.70,4.51,1.8,1.8
2026-09-22T01:03:07+00:00,2026-09-21,daily,6,2026-10-10T10:00:00Z,225,Uche,CRY,FWD,50,0,0,0.0,0,0,0,0,u,has returned to Getafe CF,2026-07-23T12:18:56.275922Z,0,0,,,,0.0,0,0,0,0,0,0,0,0,0,0,0,0,0,0.00,0.00,0.00,0.00,0.0,0.0
2026-09-22T01:03:07+00:00,2026-09-21,daily,6,2026-10-10T10:00:00Z,241,McNeil,CRY,MID,54,0,-1,0.1,47,323,1754,8052,a,,,,,,,,0.2,0,3,84,1,0,0,0,3,0,7,4,0,3,0.05,0.02,0.07,1.18,0.2,0.2
2026-09-22T01:03:07+00:00,2026-09-21,daily,6,2026-10-10T10:00:00Z,555,Matthews,CRY,GKP,40,0,0,1.7,732,2096,22916,30536,a,,,,,,,,0.0,0,0,0,0,0,0,0,0,0,0,0,0,0,0.00,0.00,0.00,0.00,0.0,0.0
2026-09-22T01:03:07+00:00,2026-09-21,daily,6,2026-10-10T10:00:00Z,577,Tomiyasu,CRY,DEF,44,0,-1,0.3,139,566,3468,12686,d,Calf injury - 75% chance of playing,2026-09-21T13:30:09.030724Z,,75,,,,0.5,1,3,189,2,0,0,0,5,0,17,15,2,7,0.00,0.03,0.03,3.98,0.5,0.4
2026-09-22T01:03:07+00:00,2026-09-21,daily,6,2026-10-10T10:00:00Z,588,Khalaili,CRY,DEF,50,0,0,0.3,1305,654,33998,14908,a,,,,,,,,4.5,6,19,379,4,1,0,1,8,0,44,23,21,26,0.96,0.33,1.29,8.41,4.5,4.5
2026-09-22T01:03:07+00:00,2026-09-21,daily,6,2026-10-10T10:00:00Z,595,Gozo,CRY,MID,50,0,0,0.0,16,54,466,847,a,,,,,,,,0.5,0,2,28,0,0,0,0,2,0,1,0,1,0,0.00,0.00,0.00,0.68,0.5,0.5
2026-09-22T01:03:07+00:00,2026-09-21,daily,6,2026-10-10T10:00:00Z,633,Ahanor,CRY,DEF,45,0,0,0.0,100,75,1875,527,a,,,,,,,,1.0,0,3,90,1,0,0,0,3,0,11,9,2,4,0.00,0.01,0.01,1.68,1.0,1.0
2026-09-22T01:03:07+00:00,2026-09-21,daily,6,2026-10-10T10:00:00Z,643,Chilwell,CRY,DEF,45,0,0,0.4,373,2134,42927,17344,a,,,,,,,,2.7,0,8,29,0,1,0,0,1,0,1,1,0,0,0.27,0.01,0.28,1.12,2.7,2.7
2026-09-22T01:03:07+00:00,2026-09-21,daily,6,2026-10-10T10:00:00Z,644,Timber,CRY,MID,50,0,0,0.0,312,216,4135,1408,a,,,,,,,,3.0,3,9,253,3,0,0,1,5,0,27,6,11,10,0.24,0.06,0.30,5.56,3.0,3.0
2026-09-22T01:03:07+00:00,2026-09-21,daily,6,2026-10-10T10:00:00Z,647,Osorio,CRY,MID,55,0,0,0.0,10,51,929,387,a,,,,,,,,0.3,0,1,1,0,0,0,0,0,0,1,0,1,0,0.00,0.00,0.00,0.13,0.3,0.3
2026-09-22T01:03:07+00:00,2026-09-21,daily,6,2026-10-10T10:00:00Z,21,Nørgaard,EVE,MID,49,0,-1,0.0,25,211,465,7313,i,Groin injury - Unknown return date,2026-08-15T20:00:06.779594Z,0,0,,,,0.0,0,0,0,0,0,0,0,0,0,0,0,0,0,0.00,0.00,0.00,0.00,0.0,0.0
2026-09-22T01:03:07+00:00,2026-09-21,daily,6,2026-10-10T10:00:00Z,209,Johnson,EVE,MID,59,0,-1,0.1,253,500,5148,10215,a,,,,,,,,2.0,3,9,238,3,0,0,2,1,0,26,8,7,11,1.03,0.22,1.25,3.73,2.0,2.0
2026-09-22T01:03:07+00:00,2026-09-21,daily,6,2026-10-10T10:00:00Z,226,Pickford,EVE,GKP,55,0,0,9.1,20531,9467,288048,229586,a,,,,,,,,4.5,8,25,450,5,0,0,3,3,15,0,7,0,53,0.00,0.02,0.02,6.94,4.5,4.5
2026-09-22T01:03:07+00:00,2026-09-21,daily,6,2026-10-10T10:00:00Z,227,Travers,EVE,GKP,50,0,0,0.0,164,169,1722,2031,a,,,,,,,,0.0,0,0,0,0,0,0,0,0,0,0,0,0,0,0.00,0.00,0.00,0.00,0.0,0.0
2026-09-22T01:03:07+00:00,2026-09-21,daily,6,2026-10-10T10:00:00Z,228,King,EVE,GKP,45,0,0,0.0,73,112,1140,1679,a,,,,,,,,0.0,0,0,0,0,0,0,0,0,0,0,0,0,0,0.00,0.00,0.00,0.00,0.0,0.0
2026-09-22T01:03:07+00:00,2026-09-21,daily,6,2026-10-10T10:00:00Z,229,Tarkowski,EVE,DEF,61,0,1,15.6,152538,10926,863346,274512,a,,,,,,,,9.2,14,43,450,5,1,1,3,3,0,51,40,11,18,0.18,0.04,0.22,6.94,9.2,9.2
2026-09-22T01:03:07+00:00,2026-09-21,daily,6,2026-10-10T10:00:00Z,230,Branthwaite,EVE,DEF,55,0,0,2.4,13328,4203,133500,68668,a,,,,,,,,5.2,8,27,450,5,0,0,3,3,0,54,49,5,14,0.17,0.02,0.19,6.94,5.2,5.2
2026-09-22T01:03:07+00:00,2026-09-21,daily,6,2026-10-10T10:00:00Z,231,Keane,EVE,DEF,48,0,-2,0.7,271,2782,9176,89581,a,,,,,,,,0.0,0,0,0,0,0,0,0,0,0,0,0,0,0,0.00,0.00,0.00,0.00,0.0,0.0
2026-09-22T01:03:07+00:00,2026-09-21,daily,6,2026-10-10T10:00:00Z,232,O'Brien,EVE,DEF,48,-1,-2,0.3,232,786,4487,24257,a,,,,,,,,0.5,1,2,16,0,0,0,0,0,0,2,2,0,2,0.00,0.00,0.00,0.42,0.5,0.5
2026-09-22T01:03:07+00:00,2026-09-21,daily,6,2026-10-10T10:00:00Z,233,Mykolenko,EVE,DEF,46,1,1,4.2,34738,10938,405930,107391,a,,,,,,,,5.2,5,27,450,5,0,0,3,3,0,39,25,14,30,0.04,0.16,0.20,6.94,5.2,5.2
2026-09-22T01:03:07+00:00,2026-09-21,daily,6,2026-10-10T10:00:00Z,234,Patterson,EVE,DEF,45,0,0,0.0,0,85,371,2398,u,Has joined Torino permanently,2026-09-02T16:05:23.326971Z,0,0,,,,0.0,0,0,0,0,0,0,0,0,0,0,0,0,0,0.00,0.00,0.00,0.00,0.0,0.0
2026-09-22T01:03:07+00:00,2026-09-21,daily,6,2026-10-10T10:00:00Z,235,Aznou,EVE,DEF,40,0,0,0.1,0,389,1728,10983,u,Has joined Malaga on loan for the rest of the season,2026-09-01T13:23:16.934847Z,0,0,,,,0.0,0,0,0,0,0,0,0,0,0,0,0,0,0,0.00,0.00,0.00,0.00,0.0,0.0
2026-09-22T01:03:07+00:00,2026-09-21,daily,6,2026-10-10T10:00:00Z,236,Dewsbury-Hall,EVE,MID,66,1,1,6.0,29370,33478,580134,312842,a,,,,,,,2,2.2,3,20,450,5,1,0,3,3,0,42,5,11,26,0.99,0.83,1.82,6.74,2.2,2.2
2026-09-22T01:03:07+00:00,2026-09-21,daily,6,2026-10-10T10:00:00Z,238,Grealish,EVE,MID,65,0,0,0.5,2296,2101,39340,22385,a,,2026-07-29T10:00:10.492904Z,100,100,,,,1.2,3,6,135,1,0,0,1,1,0,13,2,3,8,0.02,0.44,0.46,1.67,1.2,1.2
2026-09-22T01:03:07+00:00,2026-09-21,daily,6,2026-10-10T10:00:00Z,239,Garner,EVE,MID,60,0,0,0.2,1086,1422,20538,13322,a,,2026-09-06T18:00:08.301702Z,100,100,2,1,1,2.5,3,11,328,4,0,0,2,2,0,45,9,11,25,0.20,0.17,0.37,3.45,2.5,2.5
2026-09-22T01:03:07+00:00,2026-09-21,daily,6,2026-10-10T10:00:00Z,242,George,EVE,MID,55,0,0,0.9,1674,8622,106339,40286,a,,,,,,,,4.0,1,19,309,4,1,0,2,3,0,18,5,1,12,0.35,0.32,0.67,3.71,4.0,4.0
2026-09-22T01:03:07+00:00,2026-09-21,daily,6,2026-10-10T10:00:00Z,243,Alcaraz,EVE,MID,49,0,-1,0.1,113,291,2814,5724,a,,,,,,,,0.0,0,1,5,0,0,0,0,0,0,3,0,1,2,0.05,0.02,0.07,0.04,0.0,0.0
2026-09-22T01:03:07+00:00,2026-09-21,daily,6,2026-10-10T10:00:00Z,244,Armstrong,EVE,MID,50,0,0,0.4,565,2600,53625,31954,a,,2026-09-17T08:30:08.942299Z,75,100,,,,2.0,2,16,446,5,0,1,3,3,0,40,13,8,19,0.21,0.49,0.70,6.94,1.5,2.0
2026-09-22T01:03:07+00:00,2026-09-21,daily,6,2026-10-10T10:00:00Z,245,Dibling,EVE,MID,54,0,-1,0.0,85,104,1140,2603,a,,,,,,,,0.2,1,1,24,0,0,0,0,0,0,0,0,0,0,0.17,0.16,0.33,0.38,0.2,0.2
2026-09-22T01:03:07+00:00,2026-09-21,daily,6,2026-10-10T10:00:00Z,246,Röhl,EVE,MID,49,0,-1,0.0,6,453,1961,4553,i,Unspecified injury - Expected back 11 Oct,2026-09-16T18:00:09.541933Z,0,0,,,,0.8,0,6,249,3,0,0,1,2,0,24,6,5,13,0.00,0.20,0.20,4.52,0.0,0.0
2026-09-22T01:03:07+00:00,2026-09-21,daily,6,2026-10-10T10:00:00Z,247,Hackney,EVE,MID,54,-1,-1,0.2,141,816,3692,11656,a,,2026-08-26T22:00:07.797766Z,100,100,,,3,1.8,1,10,137,1,0,1,1,1,0,12,4,3,5,0.05,0.13,0.18,3.91,1.8,1.8
2026-09-22T01:03:07+00:00,2026-09-21,daily,6,2026-10-10T10:00:00Z,248,Beto,EVE,FWD,54,0,-1,0.6,0,5272,16222,217594,u,Has joined Fiorentina permanently,2026-09-02T16:05:23.357221Z,0,0,,,,0.2,0,2,31,0,0,0,0,0,0,1,1,0,0,0.09,0.00,0.09,1.92,0.0,0.0
2026-09-22T01:03:07+00:00,2026-09-21,daily,6,2026-10-10T10:00:00Z,249,Barry,EVE,FWD,56,0,1,8.1,51803,25850,933958,344026,a,,,,,1,,,3.0,6,20,417,5,2,0,3,3,0,17,5,1,11,3.50,0.15,3.65,5.02,3.0,3.0
2026-09-22T01:03:07+00:00,2026-09-21,daily,6,2026-10-10T10:00:00Z,649,Maitland-Niles,EVE,DEF,45,0,0,1.2,13622,2631,86654,12523,a,,,,,,,,7.0,8,21,177,2,1,0,2,1,0,13,8,5,7,0.06,0.25,0.31,2.00,7.0,7.0
2026-09-22T01:03:07+00:00,2026-09-21,daily,6,2026-10-10T10:00:00Z,654,Graham,EVE,MID,45,0,0,0.1,158,695,11204,5000,a,,,,,,,,0.0,0,0,0,0,0,0,0,0,0,0,0,0,0,0.00,0.00,0.00,0.00,0.0,0.0
2026-09-22T01:03:07+00:00,2026-09-21,daily,6,2026-10-10T10:00:00Z,250,Leno,FUL,GKP,45,0,0,3.3,24814,5629,135711,96671,a,,,,,,,,3.6,3,18,450,5,0,0,1,8,16,0,6,0,41,0.00,0.00,0.00,9.11,3.6,3.6
2026-09-22T01:03:07+00:00,2026-09-21,daily,6,2026-10-10T10:00:00Z,251,Lecomte,FUL,GKP,40,0,0,1.1,1768,1603,24496,25038,a,,,,,,,,0.0,0,0,0,0,0,0,0,0,0,0,0,0,0,0.00,0.00,0.00,0.00,0.0,0.0
2026-09-22T01:03:07+00:00,2026-09-21,daily,6,2026-10-10T10:00:00Z,252,McNally,FUL,GKP,40,0,0,0.1,0,448,2589,6444,u,Has joined York City on loan for the rest of the season,2026-09-01T13:25:11.231240Z,0,0,,,,0.0,0,0,0,0,0,0,0,0,0,0,0,0,0,0.00,0.00,0.00,0.00,0.0,0.0
2026-09-22T01:03:07+00:00,2026-09-21,daily,6,2026-10-10T10:00:00Z,253,Andersen,FUL,DEF,50,0,0,0.1,1909,734,13783,8844,a,,2026-07-23T12:01:23.516350Z,100,100,,,,0.6,1,3,190,2,0,0,0,5,0,20,18,2,9,0.00,0.10,0.10,4.35,0.6,0.6
2026-09-22T01:03:07+00:00,2026-09-21,daily,6,2026-10-10T10:00:00Z,254,Robinson,FUL,DEF,45,0,0,1.4,10529,3870,53014,67845,a,,,,,2,,,2.4,2,12,429,5,0,0,1,8,0,31,18,13,20,0.26,0.30,0.56,9.08,2.4,2.4
2026-09-22T01:03:07+00:00,2026-09-21,daily,6,2026-10-10T10:00:00Z,255,J.Cuenca,FUL,DEF,45,0,0,0.0,44,67,1524,1960,a,,,,,,,,0.6,0,3,90,1,0,0,0,3,0,10,9,1,3,0.00,0.03,0.03,2.24,0.6,0.6
2026-09-22T01:03:07+00:00,2026-09-21,daily,6,2026-10-10T10:00:00Z,256,Tete,FUL,DEF,44,0,-1,0.2,23,880,1354,10325,a,,2026-09-18T12:30:09.546158Z,0,100,,,,0.0,0,0,27,0,0,0,0,0,0,3,3,0,0,0.00,0.00,0.00,0.65,0.0,0.0
2026-09-22T01:03:07+00:00,2026-09-21,daily,6,2026-10-10T10:00:00Z,257,Bassey,FUL,DEF,45,0,0,0.7,3060,1005,24074,29151,a,,,,,,,,3.0,6,15,450,5,0,1,1,8,0,29,23,6,22,0.13,0.08,0.21,9.11,3.0,3.0
2026-09-22T01:03:07+00:00,2026-09-21,daily,6,2026-10-10T10:00:00Z,258,Castagne,FUL,DEF,45,0,0,0.9,10834,2996,87476,41725,a,,,,,,,,4.0,1,20,408,5,0,2,2,7,0,29,23,6,18,0.67,0.39,1.06,6.81,4.0,4.0
2026-09-22T01:03:07+00:00,2026-09-21,daily,6,2026-10-10T10:00:00Z,261,Iwobi,FUL,MID,54,0,-1,0.7,1924,2228,20844,54589,a,,,,,3,1,1,2.8,5,14,408,5,0,0,2,7,0,29,5,5,19,0.39,1.22,1.61,8.16,2.8,2.8
2026-09-22T01:03:07+00:00,2026-09-21,daily,6,2026-10-10T10:00:00Z,262,Smith Rowe,FUL,MID,54,0,-1,0.2,180,942,4378,20601,a,,,,,,,,0.6,0,3,38,0,0,0,0,0,0,3,1,0,2,0.06,0.02,0.08,0.87,0.6,0.6
2026-09-22T01:03:07+00:00,2026-09-21,daily,6,2026-10-10T10:00:00Z,263,Kevin,FUL,MID,53,0,-2,0.0,125,188,1929,4125,a,,,,,,,4,0.8,1,4,61,0,0,0,0,1,0,8,1,3,4,0.07,0.12,0.19,1.23,0.8,0.8
2026-09-22T01:03:07+00:00,2026-09-21,daily,6,2026-10-10T10:00:00Z,264,Bobb,FUL,MID,55,0,0,0.3,1374,1220,15377,20326,a,,,,,,,2,2.6,3,13,343,5,0,0,3,6,0,28,5,8,15,0.54,1.14,1.68,6.19,2.6,2.6
2026-09-22T01:03:07+00:00,2026-09-21,daily,6,2026-10-10T10:00:00Z,265,Berge,FUL,MID,49,0,-1,0.3,410,914,6141,17670,a,,,,,,,,2.2,3,11,349,4,0,0,2,5,0,19,7,4,8,0.08,0.36,0.44,7.36,2.2,2.2
2026-09-22T01:03:07+00:00,2026-09-21,daily,6,2026-10-10T10:00:00Z,266,Cairney,FUL,MID,49,0,-1,0.0,6,15,107,326,i,Knee injury - Expected back 10 Oct,2026-08-14T18:00:06.460944Z,0,0,,,,0.0,0,0,0,0,0,0,0,0,0,0,0,0,0,0.00,0.00,0.00,0.00,0.0,0.0
2026-09-22T01:03:07+00:00,2026-09-21,daily,6,2026-10-10T10:00:00Z,268,King,FUL,MID,55,0,0,2.4,56196,11015,300331,89583,a,,,,,,,,4.8,2,24,425,5,2,0,2,7,0,28,5,7,16,1.54,0.46,2.00,8.29,4.8,4.8
2026-09-22T01:03:07+00:00,2026-09-21,daily,6,2026-10-10T10:00:00Z,269,Sessegnon,FUL,DEF,43,-1,-2,0.3,140,998,2583,18696,a,,2026-09-14T11:30:07.403957Z,75,100,,,3,0.6,0,3,50,0,0,0,0,1,0,3,2,1,3,0.13,0.44,0.57,1.80,0.4,0.6
2026-09-22T01:03:07+00:00,2026-09-21,daily,6,2026-10-10T10:00:00Z,270,Reed,FUL,MID,44,0,-1,1.1,2052,4934,35544,71159,a,,,,,,,,0.0,0,0,0,0,0,0,0,0,0,0,0,0,0,0.00,0.00,0.00,0.00,0.0,0.0
2026-09-22T01:03:07+00:00,2026-09-21,daily,6,2026-10-10T10:00:00Z,271,Muniz,FUL,FWD,54,0,-1,0.4,1161,1866,15490,34307,a,,,,,,,,0.6,0,3,38,0,0,0,0,1,0,3,3,0,0,0.40,0.00,0.40,0.85,0.6,0.6
2026-09-22T01:03:07+00:00,2026-09-21,daily,6,2026-10-10T10:00:00Z,272,Kusi-Asare,FUL,FWD,45,0,0,5.5,7226,23832,156697,291637,a,,,,,,,,0.0,0,0,0,0,0,0,0,0,0,0,0,0,0,0.00,0.00,0.00,0.00,0.0,0.0
2026-09-22T01:03:07+00:00,2026-09-21,daily,6,2026-10-10T10:00:00Z,569,Gonzalo,FUL,FWD,60,0,0,3.8,39478,21489,401787,300874,a,,,,,1,,,2.8,2,14,425,5,1,0,2,7,0,18,7,2,9,2.33,0.58,2.91,8.29,2.8,2.8
2026-09-22T01:03:07+00:00,2026-09-21,daily,6,2026-10-10T10:00:00Z,570,Palacios,FUL,MID,54,0,-1,0.2,565,663,5854,10309,a,,,,,,,,2.4,1,12,226,3,1,0,0,7,0,17,4,3,10,0.98,0.03,1.01,5.46,2.4,2.4
2026-09-22T01:03:07+00:00,2026-09-21,daily,6,2026-10-10T10:00:00Z,580,Charles,FUL,MID,50,0,0,0.1,346,258,2076,3934,a,,,,,,,,2.6,4,13,303,3,0,0,1,5,0,46,23,4,19,0.09,0.16,0.25,6.65,2.6,2.6
2026-09-22T01:03:07+00:00,2026-09-21,daily,6,2026-10-10T10:00:00Z,610,De Fougerolles,FUL,DEF,40,0,0,0.1,0,359,5787,5105,u,has joined  Real Salt Lake on loan for the rest of the seaon.,2026-08-28T11:30:08.336405Z,0,0,,,,0.0,0,0,0,0,0,0,0,0,0,0,0,0,0,0.00,0.00,0.00,0.00,0.0,0.0
2026-09-22T01:03:07+00:00,2026-09-21,daily,6,2026-10-10T10:00:00Z,626,Zepa,FUL,MID,45,0,0,0.3,79,1609,34246,17823,a,,,,,,,,0.0,0,0,0,0,0,0,0,0,0,0,0,0,0,0.00,0.00,0.00,0.00,0.0,0.0
2026-09-22T01:03:07+00:00,2026-09-21,daily,6,2026-10-10T10:00:00Z,635,Larsson,FUL,MID,50,0,0,0.0,62,53,807,286,a,,,,,,,,1.0,1,3,37,0,0,0,0,1,0,6,2,1,3,0.13,0.23,0.36,0.88,1.0,1.0
2026-09-22T01:03:07+00:00,2026-09-21,daily,6,2026-10-10T10:00:00Z,636,Ángel,FUL,MID,50,0,0,0.0,21,18,358,160,a,,,,,,,,0.0,0,0,0,0,0,0,0,0,0,0,0,0,0,0.00,0.00,0.00,0.00,0.0,0.0
2026-09-22T01:03:07+00:00,2026-09-21,daily,6,2026-10-10T10:00:00Z,650,Affengruber,FUL,DEF,45,0,0,0.0,1800,341,4678,963,a,,,,,,,,4.0,4,12,180,2,0,0,1,1,0,23,20,3,7,0.00,0.02,0.02,2.88,4.0,4.0
2026-09-22T01:03:07+00:00,2026-09-21,daily,6,2026-10-10T10:00:00Z,240,Iroegbunam,HUL,MID,50,0,0,0.0,54,102,1092,1116,a,,2026-08-15T20:00:06.878792Z,100,100,,,,0.5,1,2,70,0,0,0,0,0,0,9,1,3,5,0.12,0.01,0.13,0.60,0.5,0.5
2026-09-22T01:03:07+00:00,2026-09-21,daily,6,2026-10-10T10:00:00Z,273,Phillips,HUL,GKP,40,0,0,1.4,1570,2200,27695,37083,a,,,,,,,,0.0,0,0,0,0,0,0,0,0,0,0,0,0,0,0.00,0.00,0.00,0.00,0.0,0.0
2026-09-22T01:03:07+00:00,2026-09-21,daily,6,2026-10-10T10:00:00Z,274,Butland,HUL,GKP,45,0,0,0.1,46,206,615,4819,i,Arm injury - Unknown return date,2026-08-08T19:00:05.601633Z,0,0,,,,0.0,0,0,0,0,0,0,0,0,0,0,0,0,0,0.00,0.00,0.00,0.00,0.0,0.0
2026-09-22T01:03:07+00:00,2026-09-21,daily,6,2026-10-10T10:00:00Z,275,Cartwright,HUL,GKP,40,0,0,0.0,0,17,0,319,u,Has joined Grimsby Town on loan for the rest of the season,2026-07-29T13:00:27.959925Z,0,0,,,,0.0,0,0,0,0,0,0,0,0,0,0,0,0,0,0.00,0.00,0.00,0.00,0.0,0.0
2026-09-22T01:03:07+00:00,2026-09-21,daily,6,2026-10-10T10:00:00Z,276,Lo-Tutala,HUL,GKP,40,0,0,0.0,0,78,0,1072,u,Has joined Colchester United on loan for the rest of the season,2026-08-17T13:50:27.125537Z,0,0,,,,0.0,0,0,0,0,0,0,0,0,0,0,0,0,0,0.00,0.00,0.00,0.00,0.0,0.0
2026-09-22T01:03:07+00:00,2026-09-21,daily,6,2026-10-10T10:00:00Z,277,Egan,HUL,DEF,41,0,1,7.1,19401,20017,742560,206938,a,,,,,,,,4.5,1,26,437,5,0,0,3,4,0,59,50,9,12,0.05,0.00,0.05,7.27,4.5,4.5
2026-09-22T01:03:07+00:00,2026-09-21,daily,6,2026-10-10T10:00:00Z,278,Hughes,HUL,DEF,39,0,-1,0.2,859,1302,16648,12269,i,Groin injury - Unknown return date,2026-08-02T09:00:11.030017Z,0,0,,,,0.0,0,0,0,0,0,0,0,0,0,0,0,0,0,0.00,0.00,0.00,0.00,0.0,0.0
2026-09-22T01:03:07+00:00,2026-09-21,daily,6,2026-10-10T10:00:00Z,279,Ajayi,HUL,DEF,42,0,2,14.1,34064,41377,1345449,291879,a,,2026-08-22T17:30:07.668197Z,100,100,,,,3.2,1,27,423,5,1,0,3,4,0,27,21,6,16,0.66,0.01,0.67,6.43,3.2,3.2
2026-09-22T01:03:07+00:00,2026-09-21,daily,6,2026-10-10T10:00:00Z,280,Coyle,HUL,DEF,40,0,0,0.7,1550,1360,27122,25168,a,,2026-08-29T16:30:08.151841Z,100,100,,,,2.0,1,14,348,5,0,0,2,4,0,11,8,3,11,0.13,0.07,0.20,6.22,2.0,2.0
2026-09-22T01:03:07+00:00,2026-09-21,daily,6,2026-10-10T10:00:00Z,281,Drameh,HUL,DEF,40,0,0,0.0,0,165,2118,4418,u,Has joined Genoa permanently,2026-09-02T16:09:06.479140Z,0,0,,,,0.2,0,2,65,0,0,0,0,0,0,6,5,1,4,0.05,0.00,0.05,0.87,0.0,0.0
2026-09-22T01:03:07+00:00,2026-09-21,daily,6,2026-10-10T10:00:00Z,282,Giles,HUL,DEF,40,0,0,2.9,16768,9426,273585,61717,a,,,,,,1,3,4.5,0,24,444,5,0,1,3,4,0,24,19,5,14,0.02,0.43,0.45,7.33,4.5,4.5
2026-09-22T01:03:07+00:00,2026-09-21,daily,6,2026-10-10T10:00:00Z,283,Jacob,HUL,DEF,40,0,0,0.0,0,19,114,676,u,Has joined Newport County on loan until January,2026-08-02T09:00:11.038361Z,0,0,,,,0.0,0,0,0,0,0,0,0,0,0,0,0,0,0,0.00,0.00,0.00,0.00,0.0,0.0
2026-09-22T01:03:07+00:00,2026-09-21,daily,6,2026-10-10T10:00:00Z,284,McCarthy,HUL,DEF,40,0,0,0.1,277,299,4811,4451,a,,,,,,,,0.0,0,0,0,0,0,0,0,0,0,0,0,0,0,0.00,0.00,0.00,0.00,0.0,0.0
2026-09-22T01:03:07+00:00,2026-09-21,daily,6,2026-10-10T10:00:00Z,285,McNair,HUL,DEF,40,0,0,0.1,126,286,3079,4595,a,,2026-09-09T13:30:08.327907Z,100,100,,,,0.0,0,1,26,0,0,0,0,0,0,2,2,0,1,0.00,0.00,0.00,0.96,0.0,0.0
2026-09-22T01:03:07+00:00,2026-09-21,daily,6,2026-10-10T10:00:00Z,286,Belloumi,HUL,MID,51,0,1,4.8,52414,16715,482350,76753,a,,,,,,2,2,7.0,4,31,394,5,2,2,3,3,0,44,14,16,14,0.72,0.43,1.15,6.44,7.0,7.0
2026-09-22T01:03:07+00:00,2026-09-21,daily,6,2026-10-10T10:00:00Z,287,Millar,HUL,MID,50,0,0,0.0,0,208,3178,7428,u,Has joined Birmingham on loan for the rest of the season,2026-09-02T15:36:41.038103Z,0,0,,,,1.5,0,6,50,0,1,0,0,0,0,4,2,1,1,0.58,0.00,0.58,0.87,0.0,0.0
2026-09-22T01:03:07+00:00,2026-09-21,daily,6,2026-10-10T10:00:00Z,288,Dowell,HUL,MID,45,0,0,0.3,403,1427,12160,21010,a,,,,,,,,0.0,0,0,0,0,0,0,0,0,0,0,0,0,0,0.00,0.00,0.00,0.00,0.0,0.0
2026-09-22T01:03:07+00:00,2026-09-21,daily,6,2026-10-10T10:00:00Z,289,Crooks,HUL,MID,44,-1,-1,0.5,3644,2965,23003,39194,a,,2026-08-29T15:00:08.569326Z,100,100,,,,0.2,0,3,203,3,0,0,1,4,0,21,9,8,4,0.00,0.12,0.12,3.57,0.2,0.2
2026-09-22T01:03:07+00:00,2026-09-21,daily,6,2026-10-10T10:00:00Z,290,Slater,HUL,MID,45,0,0,5.3,11198,27585,494131,268584,a,,,,,,,1,2.2,2,15,437,5,0,1,3,4,0,33,9,9,15,0.21,0.59,0.80,7.27,2.2,2.2
2026-09-22T01:03:07+00:00,2026-09-21,daily,6,2026-10-10T10:00:00Z,291,Matazo,HUL,MID,45,0,0,0.0,21,44,372,482,i,Knee injury - Unknown return date,2026-07-23T12:01:23.532635Z,0,0,,,,0.0,0,0,0,0,0,0,0,0,0,0,0,0,0,0.00,0.00,0.00,0.00,0.0,0.0
2026-09-22T01:03:07+00:00,2026-09-21,daily,6,2026-10-10T10:00:00Z,292,Ömür,HUL,MID,49,0,-1,0.0,61,102,1179,1583,a,,,,,,,,0.0,0,0,0,0,0,0,0,0,0,0,0,0,0,0.00,0.00,0.00,0.00,0.0,0.0
2026-09-22T01:03:07+00:00,2026-09-21,daily,6,2026-10-10T10:00:00Z,293,Kamara,HUL,MID,50,0,0,0.0,0,9,0,371,u,Has joined Portsmouth permanently,2026-08-12T14:08:23.542043Z,0,0,,,,0.0,0,0,0,0,0,0,0,0,0,0,0,0,0,0.00,0.00,0.00,0.00,0.0,0.0
2026-09-22T01:03:07+00:00,2026-09-21,daily,6,2026-10-10T10:00:00Z,294,Zambrano,HUL,MID,45,0,0,0.1,104,351,3833,6680,a,,2026-08-04T18:30:11.016909Z,100,100,,,,0.0,0,0,0,0,0,0,0,0,0,0,0,0,0,0.00,0.00,0.00,0.00,0.0,0.0
2026-09-22T01:03:07+00:00,2026-09-21,daily,6,2026-10-10T10:00:00Z,295,McBurnie,HUL,FWD,55,0,0,1.9,5451,13549,186437,148896,a,,,,,1,,,2.0,1,13,441,5,0,2,3,4,0,21,9,3,9,1.23,0.13,1.36,7.21,2.0,2.0
2026-09-22T01:03:07+00:00,2026-09-21,daily,6,2026-10-10T10:00:00Z,296,Akintola,HUL,MID,50,0,0,0.0,0,193,2704,4806,u,Has joined Omonoia FC permanently,2026-09-11T14:42:38.120231Z,0,0,,,,0.0,0,0,0,0,0,0,0,0,0,0,0,0,0,0.00,0.00,0.00,0.00,0.0,0.0
2026-09-22T01:03:07+00:00,2026-09-21,daily,6,2026-10-10T10:00:00Z,297,Gyabi,HUL,MID,45,0,0,0.0,22,89,411,1557,i,Thigh injury - Unknown return date,2026-08-04T18:30:11.027155Z,0,0,,,,0.0,0,0,0,0,0,0,0,0,0,0,0,0,0,0.00,0.00,0.00,0.00,0.0,0.0
2026-09-22T01:03:07+00:00,2026-09-21,daily,6,2026-10-10T10:00:00Z,298,Destan,HUL,FWD,45,0,0,0.2,0,926,0,21879,u,Has joined Konyaspor permanently,2026-08-17T13:50:27.145733Z,0,0,,,,0.0,0,0,0,0,0,0,0,0,0,0,0,0,0,0.00,0.00,0.00,0.00,0.0,0.0
2026-09-22T01:03:07+00:00,2026-09-21,daily,6,2026-10-10T10:00:00Z,299,Burstow,HUL,FWD,45,0,0,0.0,0,171,0,3021,u,Has joined Sheffield Wednesday on loan for the rest of the season,2026-08-03T14:05:20.234842Z,0,0,,,,0.0,0,0,0,0,0,0,0,0,0,0,0,0,0,0.00,0.00,0.00,0.00,0.0,0.0
2026-09-22T01:03:07+00:00,2026-09-21,daily,6,2026-10-10T10:00:00Z,340,Gelhardt,HUL,MID,50,0,0,0.0,61,71,671,978,a,,2026-08-17T21:30:07.799839Z,100,100,,,,0.2,1,1,7,0,0,0,0,0,0,1,0,0,1,0.10,0.02,0.12,0.13,0.2,0.2
2026-09-22T01:03:07+00:00,2026-09-21,daily,6,2026-10-10T10:00:00Z,556,Targett,HUL,DEF,40,0,0,1.7,78,7076,24802,84352,d,Ankle injury - 75% chance of playing,2026-09-17T14:00:26.419938Z,75,75,,,,0.0,0,1,5,0,0,0,0,0,0,0,0,0,1,0.00,0.00,0.00,0.07,0.0,0.0
2026-09-22T01:03:07+00:00,2026-09-21,daily,6,2026-10-10T10:00:00Z,563,Morita,HUL,MID,50,0,0,0.0,9,104,712,1700,i,Calf injury - Expected back 11 Oct,2026-09-09T14:00:08.474217Z,0,0,,,,0.2,0,1,45,1,0,0,0,0,0,3,2,0,1,0.00,0.00,0.00,1.09,0.0,0.0
2026-09-22T01:03:07+00:00,2026-09-21,daily,6,2026-10-10T10:00:00Z,572,Tzolakis,HUL,GKP,46,0,1,12.3,76589,13085,947917,208735,a,,,,,,,,6.0,6,34,450,5,0,0,3,4,17,0,2,1,69,0.00,0.00,0.00,7.40,6.0,6.0
2026-09-22T01:03:07+00:00,2026-09-21,daily,6,2026-10-10T10:00:00Z,574,Hjertø-Dahl,HUL,MID,49,0,-1,0.1,58,225,1419,4345,a,,,,,,,,0.2,0,1,8,0,0,0,0,0,0,1,0,0,1,0.00,0.00,0.00,0.00,0.2,0.2
2026-09-22T01:03:07+00:00,2026-09-21,daily,6,2026-10-10T10:00:00Z,576,Stroud,HUL,MID,50,0,0,0.1,90,321,3612,4544,a,,,,,,,,1.0,0,7,249,4,0,0,2,1,0,20,3,5,12,0.06,0.05,0.11,4.32,1.0,1.0
2026-09-22T01:03:07+00:00,2026-09-21,daily,6,2026-10-10T10:00:00Z,585,Herrington,HUL,DEF,40,0,0,0.6,729,1105,12528,17992,a,,,,,,,,1.0,1,5,197,1,0,0,0,3,0,16,14,2,6,0.02,0.04,0.06,3.36,1.0,1.0
2026-09-22T01:03:07+00:00,2026-09-21,daily,6,2026-10-10T10:00:00Z,586,Mendy,HUL,DEF,41,0,1,6.3,4596,27886,680888,352869,a,,2026-09-12T18:00:09.334142Z,0,100,,,,2.5,0,25,249,4,1,0,2,1,0,39,32,7,6,0.32,0.00,0.32,4.02,0.0,2.5
2026-09-22T01:03:07+00:00,2026-09-21,daily,6,2026-10-10T10:00:00Z,589,Gourna-Douath,HUL,MID,50,0,0,0.0,27,69,696,1304,a,,,,,,,,1.0,1,4,138,1,0,0,1,0,0,17,5,5,7,0.03,0.03,0.06,2.26,1.0,1.0
2026-09-22T01:03:07+00:00,2026-09-21,daily,6,2026-10-10T10:00:00Z,617,Cho,HUL,MID,50,0,0,0.0,249,98,1685,710,a,,,,,,,,2.2,6,9,72,0,1,0,0,1,0,2,1,0,1,0.79,0.36,1.15,0.98,2.2,2.2
2026-09-22T01:03:07+00:00,2026-09-21,daily,6,2026-10-10T10:00:00Z,632,Ansah,HUL,FWD,50,0,0,0.0,46,302,5093,3382,i,Back injury - Unknown return date,2026-09-09T10:00:08.919489Z,0,0,,,,0.0,0,0,0,0,0,0,0,0,0,0,0,0,0,0.00,0.00,0.00,0.00,0.0,0.0
2026-09-22T01:03:07+00:00,2026-09-21,daily,6,2026-10-10T10:00:00Z,637,Vaz,HUL,FWD,50,0,0,0.1,1266,791,11771,3612,a,,,,,,,,0.7,1,2,20,0,0,0,0,0,0,2,0,0,2,0.00,0.01,0.01,0.31,0.7,0.7
2026-09-22T01:03:07+00:00,2026-09-21,daily,6,2026-10-10T10:00:00Z,638,Norton-Cuffy,HUL,DEF,40,0,0,0.2,422,1494,26038,9320,d,Hamstring injury - 75% chance of playing,2026-09-21T08:30:09.561308Z,,75,,,,0.3,0,1,34,0,0,0,0,0,0,1,1,0,4,0.05,0.00,0.05,0.30,0.3,0.2
2026-09-22T01:03:07+00:00,2026-09-21,daily,6,2026-10-10T10:00:00Z,642,Thomas,HUL,MID,55,0,0,0.0,306,237,2910,1086,a,,,,,,,,1.3,2,4,119,1,0,0,0,3,0,8,0,1,7,0.21,0.11,0.32,2.04,1.3,1.3
2026-09-22T01:03:07+00:00,2026-09-21,daily,6,2026-10-10T10:00:00Z,645,Mouzakitis,HUL,MID,50,0,0,0.0,53,65,745,291,a,,,,,,,,0.0,0,0,0,0,0,0,0,0,0,0,0,0,0,0.00,0.00,0.00,0.00,0.0,0.0
2026-09-22T01:03:07+00:00,2026-09-21,daily,6,2026-10-10T10:00:00Z,259,Diop,IPS,DEF,40,0,0,12.9,4929,39654,133966,492276,a,,,,,,,,2.5,4,12,450,5,0,0,0,11,0,45,41,4,21,0.06,0.16,0.22,8.98,2.5,2.5
2026-09-22T01:03:07+00:00,2026-09-21,daily,6,2026-10-10T10:00:00Z,267,Lukić,IPS,MID,49,-1,-1,0.1,133,373,3361,6326,a,,,,,,,1,1.5,2,11,400,5,0,1,0,10,0,37,17,7,13,0.02,0.41,0.43,7.37,1.5,1.5
2026-09-22T01:03:07+00:00,2026-09-21,daily,6,2026-10-10T10:00:00Z,300,Walton,IPS,GKP,44,0,-1,0.4,1108,584,2793,14497,a,,,,,,,,0.5,2,2,90,1,0,0,0,1,1,0,2,0,17,0.00,0.01,0.01,2.24,0.5,0.5
2026-09-22T01:03:07+00:00,2026-09-21,daily,6,2026-10-10T10:00:00Z,301,Palmer,IPS,GKP,40,0,0,3.9,2717,8061,73313,109300,a,,,,,,,,0.0,0,0,0,0,0,0,0,0,0,0,0,0,0,0.00,0.00,0.00,0.00,0.0,0.0
2026-09-22T01:03:07+00:00,2026-09-21,daily,6,2026-10-10T10:00:00Z,302,Button,IPS,GKP,40,0,0,0.6,1099,862,31109,14714,a,,,,,,,,0.0,0,0,0,0,0,0,0,0,0,0,0,0,0,0.00,0.00,0.00,0.00,0.0,0.0
2026-09-22T01:03:07+00:00,2026-09-21,daily,6,2026-10-10T10:00:00Z,303,Kipré,IPS,DEF,39,0,-1,0.9,3247,2944,47868,27691,a,,,,,,,,0.0,0,0,0,0,0,0,0,0,0,0,0,0,0,0.00,0.00,0.00,0.00,0.0,0.0
2026-09-22T01:03:07+00:00,2026-09-21,daily,6,2026-10-10T10:00:00Z,304,O'Shea,IPS,DEF,40,0,0,2.7,1310,10280,64729,123623,a,,,,,,,,1.5,2,10,450,5,0,0,0,11,0,48,41,7,18,0.07,0.26,0.33,8.98,1.5,1.5
2026-09-22T01:03:07+00:00,2026-09-21,daily,6,2026-10-10T10:00:00Z,305,Davis,IPS,DEF,40,0,0,6.9,34623,16958,354826,174574,a,,,,,,2,,5.8,2,25,450,5,2,2,0,11,0,24,22,2,10,1.59,0.46,2.05,8.98,5.8,5.8
2026-09-22T01:03:07+00:00,2026-09-21,daily,6,2026-10-10T10:00:00Z,306,Greaves,IPS,DEF,40,0,0,1.1,321,2349,8057,37090,a,,,,,,,,0.2,0,3,357,4,0,0,0,10,0,30,25,5,12,0.00,0.06,0.06,6.74,0.2,0.2
2026-09-22T01:03:07+00:00,2026-09-21,daily,6,2026-10-10T10:00:00Z,307,Johnson,IPS,DEF,40,0,0,0.1,0,270,1137,6217,u,Has joined Stoke City on loan for the rest of the season,2026-09-04T12:36:56.236331Z,0,0,,,,0.0,0,0,0,0,0,0,0,0,0,0,0,0,0,0.00,0.00,0.00,0.00,0.0,0.0
2026-09-22T01:03:07+00:00,2026-09-21,daily,6,2026-10-10T10:00:00Z,308,Furlong,IPS,DEF,39,0,-1,0.6,4577,1806,17214,18583,a,,,,,,,,0.2,0,1,17,0,0,0,0,1,0,3,2,1,0,0.00,0.00,0.00,0.86,0.2,0.2
2026-09-22T01:03:07+00:00,2026-09-21,daily,6,2026-10-10T10:00:00Z,309,Núñez,IPS,MID,49,0,-1,0.1,57,440,3074,7447,a,,,,,,1,3,0.5,0,6,140,2,0,0,0,4,0,21,8,3,10,0.03,0.05,0.08,3.48,0.5,0.5
2026-09-22T01:03:07+00:00,2026-09-21,daily,6,2026-10-10T10:00:00Z,310,Matusiwa,IPS,MID,49,0,-1,0.0,10,13,121,274,a,,2026-07-29T18:00:10.305484Z,100,100,,,,0.0,0,0,0,0,0,0,0,0,0,0,0,0,0,0.00,0.00,0.00,0.00,0.0,0.0
2026-09-22T01:03:07+00:00,2026-09-21,daily,6,2026-10-10T10:00:00Z,311,Burns,IPS,MID,50,0,0,0.0,0,6,0,345,u,Has joined Leicester City permanently,2026-08-10T14:02:47.597478Z,0,0,,,,0.0,0,0,0,0,0,0,0,0,0,0,0,0,0,0.00,0.00,0.00,0.00,0.0,0.0
2026-09-22T01:03:07+00:00,2026-09-21,daily,6,2026-10-10T10:00:00Z,312,Taylor,IPS,MID,44,-1,-1,0.0,258,174,834,2555,i,Knee injury - Unknown return date,2026-07-29T18:00:10.319370Z,0,0,,,,0.0,0,0,0,0,0,0,0,0,0,0,0,0,0,0.00,0.00,0.00,0.00,0.0,0.0
2026-09-22T01:03:07+00:00,2026-09-21,daily,6,2026-10-10T10:00:00Z,313,Clarke,IPS,MID,54,0,-1,0.2,89,693,5440,15487,a,,,,,1,3,4,1.0,2,11,170,2,1,0,0,2,0,10,3,2,5,0.30,0.37,0.67,1.97,1.0,1.0
2026-09-22T01:03:07+00:00,2026-09-21,daily,6,2026-10-10T10:00:00Z,314,Ogbene,IPS,MID,49,0,-1,0.0,0,50,104,1192,u,Has joined Lincoln City on loan until January,2026-09-02T16:04:17.497385Z,0,0,,,,0.0,0,0,0,0,0,0,0,0,0,0,0,0,0,0.00,0.00,0.00,0.00,0.0,0.0
2026-09-22T01:03:07+00:00,2026-09-21,daily,6,2026-10-10T10:00:00Z,315,Fatawu,IPS,MID,54,0,-1,0.2,46,1801,5348,12645,s,Suspended until 17 Oct,2026-09-19T15:30:10.126897Z,,0,,,2,1.5,-1,8,352,5,0,1,0,10,0,28,8,9,11,0.17,1.11,1.28,7.79,1.5,0.0
2026-09-22T01:03:07+00:00,2026-09-21,daily,6,2026-10-10T10:00:00Z,316,Emersonn,IPS,FWD,55,0,0,3.4,24695,16673,308393,135947,a,,2026-08-31T09:30:08.306145Z,100,100,2,,,4.2,2,26,317,5,2,1,0,6,0,10,3,3,4,1.61,0.12,1.73,4.29,4.2,4.2
2026-09-22T01:03:07+00:00,2026-09-21,daily,6,2026-10-10T10:00:00Z,317,Hirst,IPS,FWD,50,0,0,0.1,0,319,0,16949,u,Has joined Stoke City permanently,2026-08-21T13:06:08.606019Z,0,0,,,,0.0,0,0,0,0,0,0,0,0,0,0,0,0,0,0.00,0.00,0.00,0.00,0.0,0.0
2026-09-22T01:03:07+00:00,2026-09-21,daily,6,2026-10-10T10:00:00Z,318,Philogene,IPS,MID,54,0,-1,0.1,19,109,287,9233,a,,2026-08-25T11:30:07.532993Z,100,100,3,,5,0.5,1,2,52,0,0,0,0,1,0,4,0,0,4,0.08,0.01,0.08,0.97,0.5,0.5
2026-09-22T01:03:07+00:00,2026-09-21,daily,6,2026-10-10T10:00:00Z,319,Szmodics,IPS,MID,50,0,0,0.0,0,5,0,752,u,Has joined Derby County on loan for the rest of the season,2026-08-17T13:51:41.713979Z,0,0,,,,0.0,0,0,0,0,0,0,0,0,0,0,0,0,0,0.00,0.00,0.00,0.00,0.0,0.0
2026-09-22T01:03:07+00:00,2026-09-21,daily,6,2026-10-10T10:00:00Z,320,Akpom,IPS,FWD,50,0,0,1.2,3728,7182,129684,71615,a,,,,,,,,1.5,1,7,78,0,1,0,0,4,0,3,0,1,2,1.14,0.00,1.14,4.20,1.5,1.5
2026-09-22T01:03:07+00:00,2026-09-21,daily,6,2026-10-10T10:00:00Z,321,Walle Egeli,IPS,FWD,45,0,0,3.5,12559,19178,325180,203665,a,,,,,,,,0.0,0,1,10,0,0,0,0,0,0,0,0,0,0,0.00,0.00,0.00,0.03,0.0,0.0
2026-09-22T01:03:07+00:00,2026-09-21,daily,6,2026-10-10T10:00:00Z,322,Al-Hamadi,IPS,FWD,50,0,0,0.1,0,261,755,9806,u,Has joined Sheffield Wednesday on loan for the rest of the season,2026-08-27T14:54:10.215357Z,0,0,,,,0.0,0,0,0,0,0,0,0,0,0,0,0,0,0,0.00,0.00,0.00,0.00,0.0,0.0
2026-09-22T01:03:07+00:00,2026-09-21,daily,6,2026-10-10T10:00:00Z,323,McAteer,IPS,MID,44,-1,-1,1.0,381,4759,27125,60606,a,,,,,,,,0.5,0,3,42,0,0,0,0,0,0,5,0,1,4,0.05,0.00,0.05,0.21,0.5,0.5
2026-09-22T01:03:07+00:00,2026-09-21,daily,6,2026-10-10T10:00:00Z,324,Mehmeti,IPS,MID,48,-1,-2,0.0,48,92,374,2423,a,,,,,,,,0.0,0,0,0,0,0,0,0,0,0,0,0,0,0,0.00,0.00,0.00,0.00,0.0,0.0
2026-09-22T01:03:07+00:00,2026-09-21,daily,6,2026-10-10T10:00:00Z,554,Van Oevelen,IPS,GKP,45,0,0,0.0,0,59,54,1933,u,Has joined Valencia on loan for the rest of the season,2026-08-25T14:04:09.529320Z,0,0,,,,0.0,0,0,0,0,0,0,0,0,0,0,0,0,0,0.00,0.00,0.00,0.00,0.0,0.0
2026-09-22T01:03:07+00:00,2026-09-21,daily,6,2026-10-10T10:00:00Z,562,Maeda,IPS,MID,53,-1,-2,0.2,90,1116,2818,19886,a,,,,,,,,1.5,1,8,259,3,0,0,0,8,0,20,8,8,4,0.71,0.02,0.73,6.05,1.5,1.5
2026-09-22T01:03:07+00:00,2026-09-21,daily,6,2026-10-10T10:00:00Z,564,Scherpen,IPS,GKP,45,0,0,0.6,382,1810,14949,22387,a,,,,,,,,1.2,0,7,360,4,0,0,0,10,15,0,8,0,39,0.00,0.01,0.01,6.74,1.2,1.2
2026-09-22T01:03:07+00:00,2026-09-21,daily,6,2026-10-10T10:00:00Z,571,Florentino,IPS,MID,48,-1,-2,0.1,64,233,1009,6964,a,,2026-08-25T11:30:07.678802Z,100,100,,,,0.5,1,2,30,0,0,0,0,0,0,2,1,1,0,0.00,0.01,0.01,0.75,0.5,0.5
2026-09-22T01:03:07+00:00,2026-09-21,daily,6,2026-10-10T10:00:00Z,591,Enciso,IPS,MID,55,0,0,0.8,1428,4671,92991,50960,a,,2026-08-22T18:00:07.551930Z,100,100,,,,2.5,2,15,413,5,0,2,0,11,0,31,5,2,24,1.26,0.89,2.15,8.47,2.5,2.5
2026-09-22T01:03:07+00:00,2026-09-21,daily,6,2026-10-10T10:00:00Z,592,Ouattara,IPS,DEF,40,0,0,0.9,494,1452,13279,25588,a,,,,,,,,1.2,2,6,131,1,0,0,0,2,0,11,7,4,14,0.02,0.03,0.05,3.13,1.2,1.2
2026-09-22T01:03:07+00:00,2026-09-21,daily,6,2026-10-10T10:00:00Z,602,Humphreys,IPS,MID,45,0,0,0.0,0,170,2861,3164,u,Has joined Huddersfield Town on loan for the rest of the season,2026-09-02T16:04:17.524642Z,0,0,,,,0.0,0,0,0,0,0,0,0,0,0,0,0,0,0,0.00,0.00,0.00,0.00,0.0,0.0
2026-09-22T01:03:07+00:00,2026-09-21,daily,6,2026-10-10T10:00:00Z,619,Palacios,IPS,MID,50,0,0,0.1,384,579,8872,3189,a,,,,,,,,2.8,2,11,275,3,0,0,0,7,0,44,12,9,23,0.00,0.09,0.09,5.30,2.8,2.8
2026-09-22T01:03:07+00:00,2026-09-21,daily,6,2026-10-10T10:00:00Z,640,Flemming,IPS,FWD,55,0,0,0.1,614,730,8976,2952,a,,,,,,,,2.0,0,6,60,0,1,0,0,1,0,5,1,1,3,0.64,0.01,0.65,0.63,2.0,2.0
2026-09-22T01:03:07+00:00,2026-09-21,daily,6,2026-10-10T10:00:00Z,260,Wilson,LEE,MID,62,0,-3,1.8,46,30937,29017,447639,i,Thigh injury - Unknown return date,2026-09-18T13:30:09.626858Z,0,0,,2,2,0.5,0,5,145,1,0,0,1,1,0,11,3,4,4,0.01,0.09,0.10,3.28,0.0,0.0
2026-09-22T01:03:07+00:00,2026-09-21,daily,6,2026-10-10T10:00:00Z,326,Perri,LEE,GKP,45,0,0,0.3,0,854,532,26054,u,Has joined Torino on loan for the rest of the season,2026-09-01T13:12:39.210133Z,0,0,,,,0.0,0,0,0,0,0,0,0,0,0,0,0,0,0,0.00,0.00,0.00,0.00,0.0,0.0
2026-09-22T01:03:07+00:00,2026-09-21,daily,6,2026-10-10T10:00:00Z,327,Bijol,LEE,DEF,50,0,0,0.7,559,3988,68861,57603,a,,,,,,,,0.5,0,12,164,2,0,0,1,2,0,21,18,3,7,0.11,0.00,0.11,3.16,0.5,0.5
2026-09-22T01:03:07+00:00,2026-09-21,daily,6,2026-10-10T10:00:00Z,329,Rodon,LEE,DEF,43,-1,-2,0.8,29,6757,26923,294762,i,Hamstring injury - Expected back 21 Nov,2026-08-30T16:00:08.564382Z,0,0,,,,0.2,0,7,123,2,0,0,1,0,0,11,10,1,2,0.03,0.06,0.09,1.01,0.0,0.0
2026-09-22T01:03:07+00:00,2026-09-21,daily,6,2026-10-10T10:00:00Z,330,Bogle,LEE,DEF,46,0,1,6.7,85419,15365,611992,74573,a,,,,,,,,9.0,5,42,365,5,2,0,4,1,0,16,11,5,11,1.38,0.08,1.46,2.89,9.0,9.0
2026-09-22T01:03:07+00:00,2026-09-21,daily,6,2026-10-10T10:00:00Z,331,Gudmundsson,LEE,DEF,45,0,0,0.1,317,195,3915,2625,a,,2026-08-08T20:00:07.546568Z,100,100,,,,3.5,6,14,252,3,0,0,2,1,0,14,5,9,12,0.00,0.21,0.21,3.83,3.5,3.5
2026-09-22T01:03:07+00:00,2026-09-21,daily,6,2026-10-10T10:00:00Z,332,Justin,LEE,DEF,45,0,0,1.5,2637,4029,119909,68942,a,,,,,,,,4.0,8,26,450,5,0,0,2,3,0,44,28,16,14,0.22,0.42,0.64,6.46,4.0,4.0
2026-09-22T01:03:07+00:00,2026-09-21,daily,6,2026-10-10T10:00:00Z,333,Bornauw,LEE,DEF,45,0,0,0.0,0,4,0,298,u,Has joined Hamburg SV on loan for the rest of the season,2026-08-19T13:56:14.645970Z,0,0,,,,0.0,0,0,0,0,0,0,0,0,0,0,0,0,0,0.00,0.00,0.00,0.00,0.0,0.0
2026-09-22T01:03:07+00:00,2026-09-21,daily,6,2026-10-10T10:00:00Z,334,Muharemović,LEE,DEF,50,0,0,4.3,16791,14113,288076,162997,a,,,,,,,,5.2,6,27,450,5,0,1,2,3,0,58,53,5,16,0.49,0.05,0.54,6.46,5.2,5.2
2026-09-22T01:03:07+00:00,2026-09-21,daily,6,2026-10-10T10:00:00Z,335,Stach,LEE,MID,60,0,0,2.5,3312,14660,200655,159393,a,,,,,,1,1,3.5,5,27,447,5,1,0,3,2,0,61,27,13,21,0.97,0.31,1.28,6.17,3.5,3.5
2026-09-22T01:03:07+00:00,2026-09-21,daily,6,2026-10-10T10:00:00Z,336,Okafor,LEE,MID,58,0,-2,0.4,1187,2403,26294,34189,a,,,,,,,,4.2,3,18,299,4,1,0,3,1,0,18,3,7,8,0.17,0.27,0.44,2.37,4.2,4.2
2026-09-22T01:03:07+00:00,2026-09-21,daily,6,2026-10-10T10:00:00Z,337,Aaronson,LEE,MID,53,-1,-2,0.5,140,2482,6703,47211,a,,,,,,4,,1.0,1,7,194,2,0,0,1,3,0,15,1,3,11,0.01,0.02,0.03,3.78,1.0,1.0
2026-09-22T01:03:07+00:00,2026-09-21,daily,6,2026-10-10T10:00:00Z,338,Ampadu,LEE,MID,54,0,-1,0.9,981,3478,17414,59157,a,,,,,,,,4.0,5,21,450,5,0,1,2,3,0,60,24,12,24,0.08,0.26,0.34,6.46,4.0,4.0
2026-09-22T01:03:07+00:00,2026-09-21,daily,6,2026-10-10T10:00:00Z,339,Longstaff,LEE,MID,49,0,-1,0.1,91,446,2464,7930,a,,,,,,3,3,0.2,0,2,10,0,0,0,0,1,0,0,0,0,0,0.00,0.00,0.00,0.35,0.2,0.2
2026-09-22T01:03:07+00:00,2026-09-21,daily,6,2026-10-10T10:00:00Z,341,Gnonto,LEE,MID,50,0,0,0.0,0,38,244,1796,u,Has joined ACF Fiorentina on loan for the rest of the season,2026-09-02T16:04:47.189648Z,0,0,,,,0.0,0,0,0,0,0,0,0,0,0,0,0,0,0,0.00,0.00,0.00,0.00,0.0,0.0
2026-09-22T01:03:07+00:00,2026-09-21,daily,6,2026-10-10T10:00:00Z,342,Harrison,LEE,MID,50,0,0,0.0,0,4,0,78,u,Has joined New England Revolution permanently,2026-07-28T12:59:09.492431Z,0,0,,,,0.0,0,0,0,0,0,0,0,0,0,0,0,0,0,0.00,0.00,0.00,0.00,0.0,0.0
2026-09-22T01:03:07+00:00,2026-09-21,daily,6,2026-10-10T10:00:00Z,343,James,LEE,MID,49,0,-1,0.1,135,411,4104,7861,a,,,,,,,,0.8,1,3,52,0,0,0,0,1,0,5,1,0,4,0.35,0.01,0.36,1.61,0.8,0.8
2026-09-22T01:03:07+00:00,2026-09-21,daily,6,2026-10-10T10:00:00Z,344,Gruev,LEE,MID,50,0,0,0.0,34,10,113,305,a,,2026-08-14T23:00:06.272027Z,100,100,,,,0.0,0,0,0,0,0,0,0,0,0,0,0,0,0,0.00,0.00,0.00,0.00,0.0,0.0
2026-09-22T01:03:07+00:00,2026-09-21,daily,6,2026-10-10T10:00:00Z,345,Tanaka,LEE,MID,49,0,-1,0.3,1439,1554,21957,16789,a,,,,,,,4,3.5,2,14,255,3,0,2,2,1,0,29,11,8,10,0.73,0.05,0.78,3.24,3.5,3.5
2026-09-22T01:03:07+00:00,2026-09-21,daily,6,2026-10-10T10:00:00Z,346,Calvert-Lewin,LEE,FWD,60,0,0,25.1,67772,121140,984401,1274082,a,,,,,1,,,5.2,2,22,419,5,2,1,3,2,0,22,9,0,13,3.00,0.08,3.08,4.85,5.2,5.2
2026-09-22T01:03:07+00:00,2026-09-21,daily,6,2026-10-10T10:00:00Z,347,Nmecha,LEE,FWD,54,0,-1,0.5,1295,2662,21489,36083,a,,,,,2,,,1.8,1,7,64,0,0,1,0,1,0,4,0,1,3,0.27,0.15,0.42,2.90,1.8,1.8
2026-09-22T01:03:07+00:00,2026-09-21,daily,6,2026-10-10T10:00:00Z,348,Piroe,LEE,FWD,50,0,0,0.1,0,295,0,11090,u,Has joined West Ham United on loan for the rest of the season,2026-08-19T13:56:14.666726Z,0,0,3,,,0.0,0,0,0,0,0,0,0,0,0,0,0,0,0,0.00,0.00,0.00,0.00,0.0,0.0
2026-09-22T01:03:07+00:00,2026-09-21,daily,6,2026-10-10T10:00:00Z,349,Mateo Joseph,LEE,FWD,45,0,0,0.1,218,345,3004,4319,i,Knee injury - Unknown return date,2026-07-29T18:00:10.338170Z,0,0,,,,0.0,0,0,0,0,0,0,0,0,0,0,0,0,0,0.00,0.00,0.00,0.00,0.0,0.0
2026-09-22T01:03:07+00:00,2026-09-21,daily,6,2026-10-10T10:00:00Z,385,Trafford,LEE,GKP,50,0,0,5.5,12504,9479,254475,153824,a,,,,,,,,4.8,10,28,450,5,0,0,2,3,20,0,6,0,55,0.00,0.00,0.00,6.46,4.8,4.8
2026-09-22T01:03:07+00:00,2026-09-21,daily,6,2026-10-10T10:00:00Z,598,Elvedi,LEE,DEF,45,0,0,0.1,152,141,5267,2700,a,,,,,,,,3.2,6,13,326,3,0,0,1,3,0,29,27,2,8,0.12,0.58,0.70,5.45,3.2,3.2
2026-09-22T01:03:07+00:00,2026-09-21,daily,6,2026-10-10T10:00:00Z,603,Lienou,LEE,DEF,40,0,0,0.1,173,352,6846,3819,a,,,,,,,,0.0,0,0,0,0,0,0,0,0,0,0,0,0,0,0.00,0.00,0.00,0.00,0.0,0.0
2026-09-22T01:03:07+00:00,2026-09-21,daily,6,2026-10-10T10:00:00Z,604,Cresswell,LEE,MID,45,0,0,0.1,222,634,13978,7662,a,,,,,,,,0.0,0,0,0,0,0,0,0,0,0,0,0,0,0,0.00,0.00,0.00,0.00,0.0,0.0
2026-09-22T01:03:07+00:00,2026-09-21,daily,6,2026-10-10T10:00:00Z,625,Cairns,LEE,GKP,40,0,0,0.2,622,514,19581,5672,a,,,,,,,,0.0,0,0,0,0,0,0,0,0,0,0,0,0,0,0.00,0.00,0.00,0.00,0.0,0.0
2026-09-22T01:03:07+00:00,2026-09-21,daily,6,2026-10-10T10:00:00Z,629,Zetterer,LEE,GKP,40,0,0,0.7,2173,1826,57613,13201,a,,,,,,,,0.0,0,0,0,0,0,0,0,0,0,0,0,0,0,0.00,0.00,0.00,0.00,0.0,0.0
2026-09-22T01:03:07+00:00,2026-09-21,daily,6,2026-10-10T10:00:00Z,641,Bard,LEE,DEF,45,0,0,0.0,66,58,928,334,a,,,,,,,,0.3,0,1,18,0,0,0,0,1,0,2,1,1,2,0.00,0.00,0.00,0.30,0.3,0.3
2026-09-22T01:03:07+00:00,2026-09-21,daily,6,2026-10-10T10:00:00Z,648,Bahoya,LEE,MID,50,0,0,0.0,70,129,2202,1097,a,,,,,,,,0.3,1,1,1,0,0,0,0,0,0,0,0,0,0,0.00,0.00,0.00,0.00,0.3,0.3
2026-09-22T01:03:07+00:00,2026-09-21,daily,6,2026-10-10T10:00:00Z,350,A.Becker,LIV,GKP,55,0,0,3.9,7244,7469,140562,140993,a,,,,,,,,5.4,8,27,450,5,0,0,3,4,14,0,10,0,47,0.00,0.00,0.00,6.12,5.4,5.4
2026-09-22T01:03:07+00:00,2026-09-21,daily,6,2026-10-10T10:00:00Z,351,Mamardashvili,LIV,GKP,49,0,-1,0.1,169,418,2781,8436,a,,,,,,,,0.0,0,0,0,0,0,0,0,0,0,0,0,0,0,0.00,0.00,0.00,0.00,0.0,0.0
2026-09-22T01:03:07+00:00,2026-09-21,daily,6,2026-10-10T10:00:00Z,352,Woodman,LIV,GKP,40,0,0,1.0,537,1610,18031,26468,a,,,,,,,,0.0,0,0,0,0,0,0,0,0,0,0,0,0,0,0.00,0.00,0.00,0.00,0.0,0.0
2026-09-22T01:03:07+00:00,2026-09-21,daily,6,2026-10-10T10:00:00Z,353,Pecsi,LIV,GKP,40,0,0,0.0,0,46,0,1073,u,Has joined TSV Hartberg on loan for the rest of the season,2026-08-18T14:11:18.638344Z,0,0,,,,0.0,0,0,0,0,0,0,0,0,0,0,0,0,0,0.00,0.00,0.00,0.00,0.0,0.0
2026-09-22T01:03:07+00:00,2026-09-21,daily,6,2026-10-10T10:00:00Z,354,Jaros,LIV,GKP,40,0,0,0.0,144,93,1691,1179,i,Knee injury - Unknown return date,2026-07-29T18:00:10.351066Z,0,0,,,,0.0,0,0,0,0,0,0,0,0,0,0,0,0,0,0.00,0.00,0.00,0.00,0.0,0.0
2026-09-22T01:03:07+00:00,2026-09-21,daily,6,2026-10-10T10:00:00Z,355,Davies,LIV,GKP,40,0,0,0.2,191,295,4643,4075,a,,,,,,,,0.0,0,0,0,0,0,0,0,0,0,0,0,0,0,0.00,0.00,0.00,0.00,0.0,0.0
2026-09-22T01:03:07+00:00,2026-09-21,daily,6,2026-10-10T10:00:00Z,356,Virgil,LIV,DEF,65,0,0,16.2,13667,29912,270683,602545,a,,,,,,,,5.0,8,25,450,5,0,0,3,4,0,48,43,5,18,0.25,0.08,0.33,6.12,5.0,5.0
2026-09-22T01:03:07+00:00,2026-09-21,daily,6,2026-10-10T10:00:00Z,357,Frimpong,LIV,DEF,53,0,-2,1.8,1091,9019,58434,242404,a,,,,,,,,0.4,0,2,178,2,0,0,0,4,0,12,8,4,7,0.01,0.23,0.24,3.91,0.4,0.4
2026-09-22T01:03:07+00:00,2026-09-21,daily,6,2026-10-10T10:00:00Z,358,Kerkez,LIV,DEF,54,0,-1,2.3,1697,7201,46714,184573,a,,,,,,,,2.6,6,13,385,4,0,0,2,4,0,30,22,8,10,0.07,0.08,0.15,5.65,2.6,2.6
2026-09-22T01:03:07+00:00,2026-09-21,daily,6,2026-10-10T10:00:00Z,359,Gomez,LIV,DEF,49,0,-1,0.0,218,72,638,1136,a,,2026-07-26T08:30:10.078473Z,100,100,,,,0.0,0,0,0,0,0,0,0,0,0,0,0,0,0,0.00,0.00,0.00,0.00,0.0,0.0
2026-09-22T01:03:07+00:00,2026-09-21,daily,6,2026-10-10T10:00:00Z,360,Bradley,LIV,DEF,50,0,0,0.0,32,44,349,756,i,Knee injury - Unknown return date,2026-07-23T12:01:23.565711Z,0,0,,,,0.0,0,0,0,0,0,0,0,0,0,0,0,0,0,0.00,0.00,0.00,0.00,0.0,0.0
2026-09-22T01:03:07+00:00,2026-09-21,daily,6,2026-10-10T10:00:00Z,361,Lucky,LIV,DEF,40,0,0,0.1,199,361,3776,5586,a,,,,,,,,0.0,0,0,0,0,0,0,0,0,0,0,0,0,0,0.00,0.00,0.00,0.00,0.0,0.0
2026-09-22T01:03:07+00:00,2026-09-21,daily,6,2026-10-10T10:00:00Z,362,Jacquet,LIV,DEF,50,0,0,3.4,20811,8555,218693,118588,a,,2026-07-23T12:01:23.581126Z,100,100,,,,4.8,6,24,415,5,0,0,3,4,0,36,25,11,21,0.00,0.14,0.14,5.51,4.8,4.8
2026-09-22T01:03:07+00:00,2026-09-21,daily,6,2026-10-10T10:00:00Z,363,Leoni,LIV,DEF,40,0,0,0.0,52,126,853,2057,i,Knee injury - Unknown return date,2026-07-23T12:01:23.596909Z,0,0,,,,0.0,0,0,0,0,0,0,0,0,0,0,0,0,0,0.00,0.00,0.00,0.00,0.0,0.0
2026-09-22T01:03:07+00:00,2026-09-21,daily,6,2026-10-10T10:00:00Z,364,Tsimikas,LIV,DEF,49,0,-1,0.1,53,270,1540,4296,a,,,,,,,,0.4,0,2,64,1,0,0,0,0,0,3,2,1,3,0.04,0.02,0.06,0.47,0.4,0.4
2026-09-22T01:03:07+00:00,2026-09-21,daily,6,2026-10-10T10:00:00Z,365,Ramsay,LIV,DEF,40,0,0,0.1,0,288,638,12517,u,Has joined St Mirren on loan for the rest of the season,2026-08-26T14:05:26.748768Z,0,0,,,,0.0,0,0,0,0,0,0,0,0,0,0,0,0,0,0.00,0.00,0.00,0.00,0.0,0.0
2026-09-22T01:03:07+00:00,2026-09-21,daily,6,2026-10-10T10:00:00Z,366,Wirtz,LIV,MID,73,0,-2,5.8,1734,31906,132002,755303,a,,,,,4,2,3,3.6,6,18,402,5,0,2,3,4,0,36,3,8,25,1.00,0.40,1.40,4.82,3.6,3.6
2026-09-22T01:03:07+00:00,2026-09-21,daily,6,2026-10-10T10:00:00Z,367,Gakpo,LIV,MID,72,0,2,12.6,36089,57924,1322501,685521,a,,2026-09-09T18:30:08.772955Z,100,100,3,,2,6.4,3,32,370,4,1,3,2,4,0,32,9,8,15,0.64,1.71,2.35,5.51,6.4,6.4
2026-09-22T01:03:07+00:00,2026-09-21,daily,6,2026-10-10T10:00:00Z,368,Szoboszlai,LIV,MID,70,0,0,33.3,23918,157153,916277,1625311,a,,,,,1,1,1,4.0,2,20,440,5,1,0,3,4,0,41,13,6,22,1.42,0.82,2.24,5.99,4.0,4.0
2026-09-22T01:03:07+00:00,2026-09-21,daily,6,2026-10-10T10:00:00Z,369,Ngumoha,LIV,MID,57,-1,-3,0.5,529,3102,14307,88128,a,,,,,,,,0.8,0,4,99,1,0,0,0,2,0,4,1,1,2,0.15,0.05,0.20,0.68,0.8,0.8
2026-09-22T01:03:07+00:00,2026-09-21,daily,6,2026-10-10T10:00:00Z,370,Chiesa,LIV,MID,53,-1,-2,0.0,11,160,676,9993,i,Back injury - Unknown return date,2026-08-27T13:30:07.598926Z,0,0,,,,0.0,0,0,0,0,0,0,0,0,0,0,0,0,0,0.00,0.00,0.00,0.00,0.0,0.0
2026-09-22T01:03:07+00:00,2026-09-21,daily,6,2026-10-10T10:00:00Z,371,Gravenberch,LIV,MID,58,-1,-2,1.1,812,6413,35350,127766,a,,,,,,,,1.8,1,9,190,2,0,1,0,2,0,25,10,4,11,0.10,0.08,0.18,2.02,1.8,1.8
2026-09-22T01:03:07+00:00,2026-09-21,daily,6,2026-10-10T10:00:00Z,372,Mac Allister,LIV,MID,54,0,-1,1.3,2615,4730,44235,94444,a,,,,,5,,,2.2,5,11,306,3,0,0,2,2,0,41,11,11,19,0.10,0.49,0.59,4.85,2.2,2.2
2026-09-22T01:03:07+00:00,2026-09-21,daily,6,2026-10-10T10:00:00Z,373,C.Jones,LIV,MID,55,0,0,0.0,0,39,34,2626,u,Has joined Internazionale permanently,2026-08-16T18:30:07.426408Z,0,0,,,,0.0,0,0,0,0,0,0,0,0,0,0,0,0,0,0.00,0.00,0.00,0.00,0.0,0.0
2026-09-22T01:03:07+00:00,2026-09-21,daily,6,2026-10-10T10:00:00Z,374,Endo,LIV,MID,49,0,-1,0.1,107,282,2270,4648,a,,2026-07-23T12:01:23.612529Z,100,100,,,,0.0,0,0,0,0,0,0,0,0,0,0,0,0,0,0.00,0.00,0.00,0.00,0.0,0.0
2026-09-22T01:03:07+00:00,2026-09-21,daily,6,2026-10-10T10:00:00Z,375,Nyoni,LIV,MID,49,0,-1,0.0,51,223,1308,2968,a,,,,,,,,0.6,1,3,38,0,0,0,0,0,0,10,6,2,2,0.00,0.00,0.00,0.36,0.6,0.6
2026-09-22T01:03:07+00:00,2026-09-21,daily,6,2026-10-10T10:00:00Z,376,Bajcetic,LIV,MID,50,0,0,0.0,0,1,19,105,u,Has joined Celta Vigo permanently,2026-07-23T12:01:23.628373Z,0,0,,,,0.0,0,0,0,0,0,0,0,0,0,0,0,0,0,0.00,0.00,0.00,0.00,0.0,0.0
2026-09-22T01:03:07+00:00,2026-09-21,daily,6,2026-10-10T10:00:00Z,377,Munoz,LIV,MID,65,0,0,0.9,959,8701,116942,99043,a,,,,,,,,3.0,1,15,257,3,1,1,1,2,0,16,5,3,8,0.52,0.31,0.83,4.63,3.0,3.0
2026-09-22T01:03:07+00:00,2026-09-21,daily,6,2026-10-10T10:00:00Z,378,McConnell,LIV,MID,44,0,-1,0.2,747,985,6622,12442,a,,,,,,,,0.0,0,0,0,0,0,0,0,0,0,0,0,0,0,0.00,0.00,0.00,0.00,0.0,0.0
2026-09-22T01:03:07+00:00,2026-09-21,daily,6,2026-10-10T10:00:00Z,379,Isak,LIV,FWD,91,0,1,22.3,77096,48757,1204258,708726,a,,,,,2,,,6.6,8,33,413,5,4,0,3,4,0,7,3,1,3,3.54,0.08,3.62,5.82,6.6,6.6
2026-09-22T01:03:07+00:00,2026-09-21,daily,6,2026-10-10T10:00:00Z,380,Ekitiké,LIV,FWD,74,0,-1,0.1,232,536,2504,10999,i,Achilles injury - Unknown return date,2026-07-23T12:01:23.643771Z,0,0,,,,0.0,0,0,0,0,0,0,0,0,0,0,0,0,0,0.00,0.00,0.00,0.00,0.0,0.0
2026-09-22T01:03:07+00:00,2026-09-21,daily,6,2026-10-10T10:00:00Z,381,Koumas,LIV,MID,50,0,0,0.0,93,117,772,1318,a,,,,,,,,0.6,1,3,22,0,0,0,0,0,0,1,0,0,1,0.28,0.00,0.28,0.72,0.6,0.6
2026-09-22T01:03:07+00:00,2026-09-21,daily,6,2026-10-10T10:00:00Z,382,Danns,LIV,FWD,45,0,0,0.2,2488,1638,22295,8917,a,,2026-07-23T12:01:23.659279Z,100,100,,,,0.0,0,0,0,0,0,0,0,0,0,0,0,0,0,0.00,0.00,0.00,0.00,0.0,0.0
2026-09-22T01:03:07+00:00,2026-09-21,daily,6,2026-10-10T10:00:00Z,383,Elliott,LIV,MID,54,0,-1,0.0,0,149,907,6069,u,Has joined Valencia on loan for the rest of the season,2026-09-02T16:05:49.104326Z,0,0,,,,0.0,0,0,0,0,0,0,0,0,0,0,0,0,0,0.00,0.00,0.00,0.00,0.0,0.0
2026-09-22T01:03:07+00:00,2026-09-21,daily,6,2026-10-10T10:00:00Z,579,Araujo,LIV,DEF,54,0,-1,3.0,11202,7004,143118,156693,a,,,,,,,,4.4,7,22,284,3,0,0,3,0,0,24,19,5,15,0.00,0.06,0.06,2.75,4.4,4.4
2026-09-22T01:03:07+00:00,2026-09-21,daily,6,2026-10-10T10:00:00Z,627,Barcola,LIV,MID,80,0,0,1.8,5908,13696,283370,124942,a,,,,,,,,2.3,3,7,168,2,0,0,2,0,0,8,0,3,5,0.26,0.13,0.39,1.43,2.3,2.3
2026-09-22T01:03:07+00:00,2026-09-21,daily,6,2026-10-10T10:00:00Z,155,Enzo,MCI,MID,69,0,-1,3.6,20713,9304,162380,316213,a,,,,,,,,2.6,7,13,271,3,1,0,2,3,0,21,6,3,12,0.35,0.53,0.88,5.35,2.6,2.6
2026-09-22T01:03:07+00:00,2026-09-21,daily,6,2026-10-10T10:00:00Z,237,Ndiaye,MCI,MID,58,-1,-2,6.9,4945,52971,295814,1120974,a,,,,,,,,3.2,5,22,385,4,0,2,2,4,0,44,10,8,26,0.38,0.58,0.96,9.42,3.2,3.2
2026-09-22T01:03:07+00:00,2026-09-21,daily,6,2026-10-10T10:00:00Z,384,Donnarumma,MCI,GKP,55,0,0,7.6,7799,20727,203990,306643,a,,,,,,,,3.8,2,19,450,5,0,0,2,5,14,0,4,0,32,0.00,0.00,0.00,7.25,3.8,3.8
2026-09-22T01:03:07+00:00,2026-09-21,daily,6,2026-10-10T10:00:00Z,386,Bettinelli,MCI,GKP,45,0,0,0.0,34,53,549,1089,a,,,,,,,,0.0,0,0,0,0,0,0,0,0,0,0,0,0,0,0.00,0.00,0.00,0.00,0.0,0.0
2026-09-22T01:03:07+00:00,2026-09-21,daily,6,2026-10-10T10:00:00Z,387,O'Reilly,MCI,DEF,63,-1,-2,11.1,3470,52736,190814,1189247,a,,2026-09-05T18:00:06.379802Z,100,100,,,,1.2,1,6,163,2,0,0,0,2,0,5,2,3,9,0.87,0.43,1.30,2.10,1.2,1.2
2026-09-22T01:03:07+00:00,2026-09-21,daily,6,2026-10-10T10:00:00Z,388,Guéhi,MCI,DEF,60,0,0,18.4,17213,33932,499133,445908,a,,,,,,,,6.0,4,30,450,5,1,1,2,5,0,29,26,3,19,0.95,0.39,1.34,7.25,6.0,6.0
2026-09-22T01:03:07+00:00,2026-09-21,daily,6,2026-10-10T10:00:00Z,389,Matheus N.,MCI,DEF,59,0,-1,1.0,1178,1872,14333,73013,a,,2026-08-27T11:30:08.171622Z,100,100,4,,,2.2,1,11,213,2,0,0,1,3,0,21,18,3,10,0.00,0.06,0.06,4.67,2.2,2.2
2026-09-22T01:03:07+00:00,2026-09-21,daily,6,2026-10-10T10:00:00Z,390,Rúben,MCI,DEF,55,0,0,1.9,3249,6137,65837,70939,a,,,,,,,,3.4,1,17,450,5,0,0,2,5,0,26,25,1,16,0.29,0.74,1.03,7.25,3.4,3.4
2026-09-22T01:03:07+00:00,2026-09-21,daily,6,2026-10-10T10:00:00Z,391,Gvardiol,MCI,DEF,57,0,2,26.5,105294,33711,1787326,393927,a,,,,,,,,7.4,4,37,434,5,1,3,2,5,0,31,20,11,21,0.22,0.74,0.96,7.25,7.4,7.4
2026-09-22T01:03:07+00:00,2026-09-21,daily,6,2026-10-10T10:00:00Z,392,Aït-Nouri,MCI,DEF,53,0,-2,0.4,360,1535,7712,60944,a,,,,,,,,0.0,0,0,0,0,0,0,0,0,0,0,0,0,0,0.00,0.00,0.00,0.00,0.0,0.0
2026-09-22T01:03:07+00:00,2026-09-21,daily,6,2026-10-10T10:00:00Z,393,Khusanov,MCI,DEF,54,0,-1,1.4,985,6576,26421,78222,a,,,,,,,,1.8,0,9,268,3,0,0,1,2,0,17,9,8,13,0.00,0.06,0.06,2.68,1.8,1.8
2026-09-22T01:03:07+00:00,2026-09-21,daily,6,2026-10-10T10:00:00Z,394,Alleyne,MCI,DEF,50,0,0,0.0,0,10,0,608,u,Has joined Burnley on loan for the rest of the season,2026-08-18T14:11:56.324656Z,0,0,,,,0.0,0,0,0,0,0,0,0,0,0,0,0,0,0,0.00,0.00,0.00,0.00,0.0,0.0
2026-09-22T01:03:07+00:00,2026-09-21,daily,6,2026-10-10T10:00:00Z,395,Lewis,MCI,DEF,44,0,-1,0.2,206,828,8162,15894,a,,,,,,,,0.2,0,1,56,1,0,0,0,1,0,2,2,0,0,0.17,0.02,0.19,0.55,0.2,0.2
2026-09-22T01:03:07+00:00,2026-09-21,daily,6,2026-10-10T10:00:00Z,396,Vitor Reis,MCI,DEF,45,0,0,0.0,52,108,532,1131,a,,,,,,,,0.2,0,1,1,0,0,0,0,0,0,0,0,0,0,0.00,0.00,0.00,0.00,0.2,0.2
2026-09-22T01:03:07+00:00,2026-09-21,daily,6,2026-10-10T10:00:00Z,397,Semenyo,MCI,MID,84,0,-1,15.3,89816,32816,280719,1175516,a,,,,,2,,,6.6,17,33,450,5,2,3,2,5,0,22,2,6,14,0.33,1.16,1.49,7.25,6.6,6.6
2026-09-22T01:03:07+00:00,2026-09-21,daily,6,2026-10-10T10:00:00Z,398,Foden,MCI,MID,69,0,-1,1.9,113,21104,303359,558826,s,Suspended until 17 Oct,2026-09-13T17:00:09.433455Z,0,0,,2,2,1.8,0,9,217,3,0,2,0,2,0,14,2,4,8,1.61,0.88,2.49,1.91,0.0,0.0
2026-09-22T01:03:07+00:00,2026-09-21,daily,6,2026-10-10T10:00:00Z,399,Cherki,MCI,MID,78,0,3,28.2,76171,65404,2623332,932349,a,,,,,,1,1,6.8,8,34,302,4,3,2,1,4,0,12,3,0,9,0.72,1.54,2.26,5.00,6.8,6.8
2026-09-22T01:03:07+00:00,2026-09-21,daily,6,2026-10-10T10:00:00Z,400,Doku,MCI,MID,74,0,-1,0.7,1991,1224,3458,127310,a,,2026-08-18T17:00:08.385597Z,75,100,3,,,0.2,1,1,15,0,0,0,0,0,0,2,1,0,1,0.23,0.32,0.55,0.42,0.2,0.2
2026-09-22T01:03:07+00:00,2026-09-21,daily,6,2026-10-10T10:00:00Z,402,Rodrigo,MCI,MID,65,0,0,0.0,0,15,0,1219,u,Has joined Barcelona permanently,2026-07-23T12:01:23.675537Z,0,0,,,,0.0,0,0,0,0,0,0,0,0,0,0,0,0,0,0.00,0.00,0.00,0.00,0.0,0.0
2026-09-22T01:03:07+00:00,2026-09-21,daily,6,2026-10-10T10:00:00Z,404,Reijnders,MCI,MID,60,0,0,0.0,0,60,0,8145,u,Has joined Al Qadsiah permanently,2026-08-20T14:02:58.154273Z,0,0,,,,0.0,0,0,0,0,0,0,0,0,0,0,0,0,0,0.00,0.00,0.00,0.00,0.0,0.0
2026-09-22T01:03:07+00:00,2026-09-21,daily,6,2026-10-10T10:00:00Z,406,Kovačić,MCI,MID,54,0,-1,0.1,62,329,2204,6158,a,,,,,,,,0.4,0,2,42,0,0,0,0,0,0,2,0,0,2,0.00,0.02,0.02,0.10,0.4,0.4
2026-09-22T01:03:07+00:00,2026-09-21,daily,6,2026-10-10T10:00:00Z,407,Echeverri,MCI,MID,49,0,-1,0.0,0,37,250,1326,u,Has joined Benfica on loan for the rest of the season,2026-09-03T15:41:24.710479Z,0,0,,,,0.0,0,0,0,0,0,0,0,0,0,0,0,0,0,0.00,0.00,0.00,0.00,0.0,0.0
2026-09-22T01:03:07+00:00,2026-09-21,daily,6,2026-10-10T10:00:00Z,408,Phillips,MCI,MID,50,0,0,0.0,0,7,0,566,u,Has joined Sheffield United on loan for the rest of the season,2026-08-18T14:11:56.348781Z,0,0,,,,0.0,0,0,0,0,0,0,0,0,0,0,0,0,0,0.00,0.00,0.00,0.00,0.0,0.0
2026-09-22T01:03:07+00:00,2026-09-21,daily,6,2026-10-10T10:00:00Z,409,Mukasa,MCI,MID,45,0,0,0.1,0,408,1621,11975,u,has joined West Ham on loan for the rest of the seaon.,2026-09-03T10:34:10.733520Z,0,0,,,,0.0,0,0,0,0,0,0,0,0,0,0,0,0,0,0.00,0.00,0.00,0.00,0.0,0.0
2026-09-22T01:03:07+00:00,2026-09-21,daily,6,2026-10-10T10:00:00Z,410,Monga,MCI,MID,49,0,-1,0.0,0,37,219,1257,u,Has joined Swansea City on loan for the rest of the season,2026-09-02T16:02:01.136760Z,0,0,,,,0.0,0,0,0,0,0,0,0,0,0,0,0,0,0,0.00,0.00,0.00,0.00,0.0,0.0
2026-09-22T01:03:07+00:00,2026-09-21,daily,6,2026-10-10T10:00:00Z,411,Haaland,MCI,FWD,156,0,1,73.6,53017,12935,898294,314593,a,,,,,1,,,7.8,6,39,450,5,5,0,2,5,0,20,10,0,10,4.42,0.53,4.95,7.25,7.8,7.8
2026-09-22T01:03:07+00:00,2026-09-21,daily,6,2026-10-10T10:00:00Z,481,Anderson,MCI,MID,63,0,-2,4.0,5372,20053,102811,437893,a,,2026-08-23T17:00:07.952697Z,100,100,,,3,3.0,2,15,413,5,0,0,2,5,0,54,18,13,23,0.11,0.67,0.78,7.15,3.0,3.0
2026-09-22T01:03:07+00:00,2026-09-21,daily,6,2026-10-10T10:00:00Z,587,Rulli,MCI,GKP,50,0,0,0.0,42,68,574,1079,a,,,,,,,,0.0,0,0,0,0,0,0,0,0,0,0,0,0,0,0.00,0.00,0.00,0.00,0.0,0.0
2026-09-22T01:03:07+00:00,2026-09-21,daily,6,2026-10-10T10:00:00Z,616,Bouaddi,MCI,MID,55,0,0,0.2,591,1535,20790,12974,a,,,,,,,,0.5,0,2,22,0,0,0,0,0,0,6,3,0,3,0.00,0.12,0.12,0.37,0.5,0.5
2026-09-22T01:03:07+00:00,2026-09-21,daily,6,2026-10-10T10:00:00Z,621,McAidoo,MCI,MID,45,0,0,0.1,135,766,11304,6789,a,,,,,,,,0.5,0,2,11,0,0,0,0,0,0,4,0,2,2,0.10,0.00,0.10,0.02,0.5,0.5
2026-09-22T01:03:07+00:00,2026-09-21,daily,6,2026-10-10T10:00:00Z,622,Braithwaite,MCI,DEF,40,0,0,0.2,397,1124,16604,8675,a,,,,,,,,0.2,0,1,1,0,0,0,0,0,0,0,0,0,1,0.00,0.00,0.00,0.00,0.2,0.2
2026-09-22T01:03:07+00:00,2026-09-21,daily,6,2026-10-10T10:00:00Z,628,Allan,MCI,MID,60,0,0,0.0,154,104,1117,625,a,,,,,,,,0.0,0,0,0,0,0,0,0,0,0,0,0,0,0,0.00,0.00,0.00,0.00,0.0,0.0
2026-09-22T01:03:07+00:00,2026-09-21,daily,6,2026-10-10T10:00:00Z,653,Samba,MCI,MID,45,0,0,0.0,179,325,3828,2008,a,,,,,,,,0.0,0,0,0,0,0,0,0,0,0,0,0,0,0,0.00,0.00,0.00,0.00,0.0,0.0
2026-09-22T01:03:07+00:00,2026-09-21,daily,6,2026-10-10T10:00:00Z,43,Tielemans,MUN,MID,58,0,-2,1.5,1967,7710,43414,158334,a,,2026-07-23T12:01:23.321726Z,100,100,3,,,3.0,4,14,402,5,0,0,0,8,0,43,11,7,25,0.65,0.52,1.17,6.16,3.0,3.0
2026-09-22T01:03:07+00:00,2026-09-21,daily,6,2026-10-10T10:00:00Z,131,Baleba,MUN,MID,49,0,-1,0.1,705,525,6144,14166,a,,2026-08-06T16:00:10.997714Z,50,100,,,,0.0,0,0,0,0,0,0,0,0,0,0,0,0,0,0.00,0.00,0.00,0.00,0.0,0.0
2026-09-22T01:03:07+00:00,2026-09-21,daily,6,2026-10-10T10:00:00Z,162,Andrey Santos,MUN,MID,48,0,-2,0.6,729,3585,21926,72204,a,,,,,,,,0.5,0,4,82,1,0,0,0,4,0,18,7,4,7,0.00,0.24,0.24,2.03,0.5,0.5
2026-09-22T01:03:07+00:00,2026-09-21,daily,6,2026-10-10T10:00:00Z,325,Darlow,MUN,GKP,45,0,0,0.0,51,109,1058,1490,d,Unspecified injury - 75% chance of playing,2026-09-21T13:30:08.885505Z,100,75,,,,0.0,0,0,0,0,0,0,0,0,0,0,0,0,0,0.00,0.00,0.00,0.00,0.0,0.0
2026-09-22T01:03:07+00:00,2026-09-21,daily,6,2026-10-10T10:00:00Z,412,Lammens,MUN,GKP,49,0,-1,10.0,4530,34650,96738,673081,a,,,,,,,,2.5,4,11,450,5,0,0,0,8,16,0,5,0,38,0.00,0.00,0.00,6.80,2.5,2.5
2026-09-22T01:03:07+00:00,2026-09-21,daily,6,2026-10-10T10:00:00Z,413,Bayindir,MUN,GKP,45,0,0,0.0,0,26,0,1136,u,Has joined Celta Vigo on loan for the rest of the season,2026-08-10T14:02:28.608415Z,0,0,,,,0.0,0,0,0,0,0,0,0,0,0,0,0,0,0,0.00,0.00,0.00,0.00,0.0,0.0
2026-09-22T01:03:07+00:00,2026-09-21,daily,6,2026-10-10T10:00:00Z,414,Heaton,MUN,GKP,40,0,0,0.1,144,175,2062,3462,i,Hamstring injury - Unknown return date,2026-08-15T16:00:07.854151Z,0,0,,,,0.0,0,0,0,0,0,0,0,0,0,0,0,0,0,0.00,0.00,0.00,0.00,0.0,0.0
2026-09-22T01:03:07+00:00,2026-09-21,daily,6,2026-10-10T10:00:00Z,415,Dorgu,MUN,MID,58,0,-2,0.5,674,2802,13644,96339,a,,,,,,,,2.5,4,10,171,2,0,1,0,6,0,20,8,8,4,0.78,0.09,0.87,3.38,2.5,2.5
2026-09-22T01:03:07+00:00,2026-09-21,daily,6,2026-10-10T10:00:00Z,416,De Ligt,MUN,DEF,50,0,0,0.0,49,72,428,1495,i,Back injury - Unknown return date,2026-07-23T12:01:23.690880Z,0,0,,,,0.0,0,0,0,0,0,0,0,0,0,0,0,0,0,0.00,0.00,0.00,0.00,0.0,0.0
2026-09-22T01:03:07+00:00,2026-09-21,daily,6,2026-10-10T10:00:00Z,417,Dalot,MUN,DEF,49,0,-1,1.6,814,5248,25593,133743,a,,,,,,,,1.8,2,8,346,4,0,0,0,4,0,16,10,6,21,0.24,0.23,0.47,4.70,1.8,1.8
2026-09-22T01:03:07+00:00,2026-09-21,daily,6,2026-10-10T10:00:00Z,418,Maguire,MUN,DEF,49,0,-1,8.8,2781,56571,136739,986262,a,,,,,,,,2.2,2,10,450,5,0,1,0,8,0,31,28,3,21,0.20,0.46,0.66,6.80,2.2,2.2
2026-09-22T01:03:07+00:00,2026-09-21,daily,6,2026-10-10T10:00:00Z,419,Martinez,MUN,DEF,50,0,0,1.3,2524,4356,35450,65209,a,,2026-07-24T20:00:10.337107Z,100,100,,,,1.5,0,6,360,4,0,0,0,6,0,20,17,3,14,0.21,0.16,0.37,5.79,1.5,1.5
2026-09-22T01:03:07+00:00,2026-09-21,daily,6,2026-10-10T10:00:00Z,420,Yoro,MUN,DEF,48,-1,-2,0.5,343,1514,5125,35356,a,,,,,,,,0.5,0,2,22,0,0,0,0,2,0,5,3,2,1,0.00,0.02,0.02,1.09,0.5,0.5
2026-09-22T01:03:07+00:00,2026-09-21,daily,6,2026-10-10T10:00:00Z,421,Heaven,MUN,DEF,44,0,-1,0.3,156,1034,5926,23620,a,,,,,,,,0.0,0,1,90,1,0,0,0,2,0,2,1,1,4,0.12,0.04,0.16,1.01,0.0,0.0
2026-09-22T01:03:07+00:00,2026-09-21,daily,6,2026-10-10T10:00:00Z,422,Mazraoui,MUN,DEF,44,0,-1,0.5,436,2059,14220,40146,a,,,,,,,,0.5,0,3,97,1,0,0,0,4,0,6,4,2,3,0.22,0.06,0.28,2.08,0.5,0.5
2026-09-22T01:03:07+00:00,2026-09-21,daily,6,2026-10-10T10:00:00Z,423,Shaw,MUN,DEF,43,-1,-2,7.8,1990,62743,99474,1294672,a,,2026-09-11T13:00:09.030120Z,50,100,,,3,2.0,2,9,335,4,0,1,0,5,0,23,17,6,7,0.03,0.58,0.61,4.63,1.0,2.0
2026-09-22T01:03:07+00:00,2026-09-21,daily,6,2026-10-10T10:00:00Z,424,Amass,MUN,DEF,40,0,0,0.2,293,515,6195,8545,a,,,,,,,,0.0,0,0,0,0,0,0,0,0,0,0,0,0,0,0.00,0.00,0.00,0.00,0.0,0.0
2026-09-22T01:03:07+00:00,2026-09-21,daily,6,2026-10-10T10:00:00Z,425,Fredricson,MUN,DEF,40,0,0,0.0,0,28,0,1296,u,Has joined Lausanne-Sport permanently,2026-08-18T14:12:31.904433Z,0,0,,,,0.0,0,0,0,0,0,0,0,0,0,0,0,0,0,0.00,0.00,0.00,0.00,0.0,0.0
2026-09-22T01:03:07+00:00,2026-09-21,daily,6,2026-10-10T10:00:00Z,426,B.Fernandes,MUN,MID,119,-1,-1,38.8,23893,149434,635493,1802384,a,,,,,1,1,1,7.2,2,31,450,5,3,1,0,8,0,29,3,5,21,2.56,1.32,3.88,6.80,7.2,7.2
2026-09-22T01:03:07+00:00,2026-09-21,daily,6,2026-10-10T10:00:00Z,427,Mbeumo,MUN,MID,79,0,-1,20.8,22590,95988,449569,1982487,a,,,,,2,2,2,5.8,2,25,450,5,2,1,0,8,0,26,7,5,14,3.07,0.80,3.87,6.80,5.8,5.8
2026-09-22T01:03:07+00:00,2026-09-21,daily,6,2026-10-10T10:00:00Z,428,Cunha,MUN,MID,79,0,-1,5.7,11524,15928,85270,503959,a,,,,,,,,6.0,10,26,407,5,1,2,1,5,0,13,1,3,9,0.63,0.83,1.46,5.44,6.0,6.0
2026-09-22T01:03:07+00:00,2026-09-21,daily,6,2026-10-10T10:00:00Z,429,Rashford,MUN,MID,70,0,0,1.5,3744,10175,84773,121256,d,Unspecified injury - 75% chance of playing,2026-09-21T10:30:09.221479Z,,75,,3,,2.2,2,10,351,4,0,0,1,3,0,18,4,4,10,0.78,0.43,1.21,4.50,2.2,1.7
2026-09-22T01:03:07+00:00,2026-09-21,daily,6,2026-10-10T10:00:00Z,430,Mount,MUN,MID,54,0,-1,0.0,110,125,838,1901,a,,2026-08-15T16:00:07.879135Z,100,100,,4,,0.2,1,1,10,0,0,0,0,0,0,1,0,0,1,0.09,0.01,0.10,0.00,0.2,0.2
2026-09-22T01:03:07+00:00,2026-09-21,daily,6,2026-10-10T10:00:00Z,431,Amad,MUN,MID,57,0,-3,0.3,76,1271,2118,122992,i,Unspecified injury - Unknown return date,2026-08-22T11:00:08.617283Z,0,0,,,4,0.0,0,0,0,0,0,0,0,0,0,0,0,0,0,0.00,0.00,0.00,0.00,0.0,0.0
2026-09-22T01:03:07+00:00,2026-09-21,daily,6,2026-10-10T10:00:00Z,432,Mainoo,MUN,MID,55,0,0,1.6,6376,8058,93470,60335,d,Unspecified injury - 75% chance of playing,2026-09-21T13:00:09.169862Z,,75,,,,5.2,4,22,354,4,0,1,0,4,0,56,10,6,40,0.30,0.52,0.82,4.77,5.2,3.9
2026-09-22T01:03:07+00:00,2026-09-21,daily,6,2026-10-10T10:00:00Z,433,Ugarte,MUN,MID,50,0,0,0.0,16,19,112,259,i,Knee injury - Unknown return date,2026-07-23T12:01:23.706702Z,0,0,,,,0.0,0,0,0,0,0,0,0,0,0,0,0,0,0,0.00,0.00,0.00,0.00,0.0,0.0
2026-09-22T01:03:07+00:00,2026-09-21,daily,6,2026-10-10T10:00:00Z,434,J.Fletcher,MUN,MID,49,0,-1,0.0,25,44,305,692,a,,,,,,,,0.0,0,0,0,0,0,0,0,0,0,0,0,0,0,0.00,0.00,0.00,0.00,0.0,0.0
2026-09-22T01:03:07+00:00,2026-09-21,daily,6,2026-10-10T10:00:00Z,435,Lacey,MUN,MID,49,0,-1,0.1,276,227,1629,3192,a,,,,,,,,0.0,0,1,10,0,0,0,0,0,0,1,0,0,1,0.00,0.00,0.00,0.00,0.0,0.0
2026-09-22T01:03:07+00:00,2026-09-21,daily,6,2026-10-10T10:00:00Z,436,Collyer,MUN,MID,50,0,0,0.0,0,33,150,1040,u,Has joined West Brom permanently,2026-09-01T13:16:48.584385Z,0,0,,,,0.0,0,0,0,0,0,0,0,0,0,0,0,0,0,0.00,0.00,0.00,0.00,0.0,0.0
2026-09-22T01:03:07+00:00,2026-09-21,daily,6,2026-10-10T10:00:00Z,437,Bendito Mantato,MUN,MID,45,0,0,0.2,158,550,4822,9331,a,,,,,,,,0.0,0,0,0,0,0,0,0,0,0,0,0,0,0,0.00,0.00,0.00,0.00,0.0,0.0
2026-09-22T01:03:07+00:00,2026-09-21,daily,6,2026-10-10T10:00:00Z,438,Fletcher,MUN,MID,44,0,-1,0.3,1792,1399,9861,16168,a,,,,,,,,0.0,0,0,0,0,0,0,0,0,0,0,0,0,0,0.00,0.00,0.00,0.00,0.0,0.0
2026-09-22T01:03:07+00:00,2026-09-21,daily,6,2026-10-10T10:00:00Z,439,Šeško,MUN,FWD,70,0,0,1.7,6185,15668,103624,125341,d,Shin injury - 75% chance of playing,2026-09-20T19:30:08.505755Z,100,75,,,,1.8,0,8,76,0,1,0,0,3,0,5,0,0,5,0.39,0.01,0.40,2.00,1.8,1.4
2026-09-22T01:03:07+00:00,2026-09-21,daily,6,2026-10-10T10:00:00Z,440,Zirkzee,MUN,FWD,53,-1,-2,0.4,1177,2138,15057,42691,a,,,,,,,,0.5,1,2,20,0,0,0,0,0,0,4,2,0,2,0.00,0.01,0.01,0.02,0.5,0.5
2026-09-22T01:03:07+00:00,2026-09-21,daily,6,2026-10-10T10:00:00Z,441,Obi,MUN,FWD,45,0,0,1.0,0,8264,45543,71206,u,Has joined Willem II on loan for the rest of the season,2026-09-14T16:12:42.090874Z,0,0,,,,0.0,0,0,0,0,0,0,0,0,0,0,0,0,0,0.00,0.00,0.00,0.00,0.0,0.0
2026-09-22T01:03:07+00:00,2026-09-21,daily,6,2026-10-10T10:00:00Z,405,N.Gonzalez,NEW,MID,55,0,0,0.2,324,1540,17787,16709,a,,2026-09-14T21:30:07.343728Z,0,100,,,,1.0,0,5,164,3,0,0,1,2,0,12,3,0,9,0.00,0.21,0.21,2.34,0.0,1.0
2026-09-22T01:03:07+00:00,2026-09-21,daily,6,2026-10-10T10:00:00Z,442,Pope,NEW,GKP,49,0,-1,1.0,586,2200,13079,52923,a,,,,,,,,0.0,0,0,0,0,0,0,0,0,0,0,0,0,0,0.00,0.00,0.00,0.00,0.0,0.0
2026-09-22T01:03:07+00:00,2026-09-21,daily,6,2026-10-10T10:00:00Z,443,Gillespie,NEW,GKP,45,0,0,0.0,26,53,751,1173,a,,,,,,,,0.0,0,0,0,0,0,0,0,0,0,0,0,0,0,0.00,0.00,0.00,0.00,0.0,0.0
2026-09-22T01:03:07+00:00,2026-09-21,daily,6,2026-10-10T10:00:00Z,444,Jaouen,NEW,GKP,44,-1,-1,0.0,14,86,447,1491,d,Ankle injury - 50% chance of playing,2026-09-10T16:00:09.127466Z,50,50,,,,0.0,0,0,0,0,0,0,0,0,0,0,0,0,0,0.00,0.00,0.00,0.00,0.0,0.0
2026-09-22T01:03:07+00:00,2026-09-21,daily,6,2026-10-10T10:00:00Z,445,Thiaw,NEW,DEF,50,0,0,2.2,5874,6760,175175,119771,a,,,,,,,,2.8,4,14,450,5,0,0,1,9,0,45,45,0,10,0.00,0.08,0.08,9.14,2.8,2.8
2026-09-22T01:03:07+00:00,2026-09-21,daily,6,2026-10-10T10:00:00Z,446,Schär,NEW,DEF,49,0,-1,0.2,384,656,6895,13602,a,,2026-08-15T16:30:07.209742Z,100,100,,2,,0.4,1,2,25,0,0,0,0,2,0,7,7,0,0,0.00,0.01,0.01,1.87,0.4,0.4
2026-09-22T01:03:07+00:00,2026-09-21,daily,6,2026-10-10T10:00:00Z,447,Botman,NEW,DEF,50,0,0,0.7,3244,1921,45918,27215,a,,,,,,,,3.0,4,15,450,5,0,0,1,9,0,59,54,5,14,0.06,0.17,0.23,9.14,3.0,3.0
2026-09-22T01:03:07+00:00,2026-09-21,daily,6,2026-10-10T10:00:00Z,448,Burn,NEW,DEF,48,-1,-2,0.7,65,4167,7280,159075,i,Ankle injury - Expected back 12 Oct,2026-08-23T18:00:08.367241Z,0,0,,,,0.0,0,0,0,0,0,0,0,0,0,0,0,0,0,0.00,0.00,0.00,0.00,0.0,0.0
2026-09-22T01:03:07+00:00,2026-09-21,daily,6,2026-10-10T10:00:00Z,449,Hall,NEW,DEF,53,1,3,16.6,183852,10841,1597354,338674,a,,,,,,1,1,6.2,13,31,449,5,1,1,1,9,0,46,33,13,38,0.25,0.79,1.04,9.12,6.2,6.2
2026-09-22T01:03:07+00:00,2026-09-21,daily,6,2026-10-10T10:00:00Z,450,Livramento,NEW,DEF,49,0,-1,0.1,382,1134,10178,5574,d,Unspecified injury - 75% chance of playing,2026-09-19T14:00:09.046677Z,100,75,,,,0.8,0,4,33,0,0,1,0,1,0,3,1,2,4,0.00,0.01,0.01,0.18,0.8,0.6
2026-09-22T01:03:07+00:00,2026-09-21,daily,6,2026-10-10T10:00:00Z,451,A.Murphy,NEW,DEF,40,0,0,0.1,0,198,0,6849,u,Has joined FC Kaiserslautern on loan for the rest of the season,2026-08-12T14:05:29.224600Z,0,0,,,,0.0,0,0,0,0,0,0,0,0,0,0,0,0,0,0.00,0.00,0.00,0.00,0.0,0.0
2026-09-22T01:03:07+00:00,2026-09-21,daily,6,2026-10-10T10:00:00Z,453,Barnes,NEW,MID,61,1,1,5.3,117820,8907,588923,140815,a,,,,,,,3,5.6,9,28,450,5,1,3,1,9,0,33,14,3,16,0.62,0.48,1.10,9.14,5.6,5.6
2026-09-22T01:03:07+00:00,2026-09-21,daily,6,2026-10-10T10:00:00Z,454,Elanga,NEW,MID,61,-1,1,4.8,227,138070,1286064,1058031,i,Unspecified injury - Unknown return date,2026-09-14T20:00:09.505598Z,0,0,,,2,3.6,0,18,232,3,2,0,1,3,0,9,2,4,3,0.42,0.34,0.76,4.01,0.0,0.0
2026-09-22T01:03:07+00:00,2026-09-21,daily,6,2026-10-10T10:00:00Z,456,J.Ramsey,NEW,MID,49,0,-1,0.3,21,3628,16567,29831,i,Thigh injury - Unknown return date,2026-09-15T09:00:08.191022Z,0,0,,,,1.4,0,7,69,0,1,0,0,1,0,11,3,2,6,0.17,0.16,0.33,1.92,0.0,0.0
2026-09-22T01:03:07+00:00,2026-09-21,daily,6,2026-10-10T10:00:00Z,457,J.Murphy,NEW,MID,59,0,-1,0.1,610,530,5713,10709,a,,,,,,,4,0.6,1,3,181,2,0,0,0,5,0,18,4,4,10,0.03,0.41,0.44,4.96,0.6,0.6
2026-09-22T01:03:07+00:00,2026-09-21,daily,6,2026-10-10T10:00:00Z,458,Joelinton,NEW,MID,54,0,-1,0.0,9,55,220,2217,i,Unspecified injury - Unknown return date,2026-08-16T08:00:08.074045Z,0,0,,,,0.0,0,0,0,0,0,0,0,0,0,0,0,0,0,0.00,0.00,0.00,0.00,0.0,0.0
2026-09-22T01:03:07+00:00,2026-09-21,daily,6,2026-10-10T10:00:00Z,459,L.Miley,NEW,MID,55,0,0,0.1,322,310,6186,5317,a,,2026-07-23T12:01:23.785456Z,100,100,,,5,2.4,4,12,396,5,0,0,1,8,0,52,20,6,26,0.05,0.14,0.19,7.95,2.4,2.4
2026-09-22T01:03:07+00:00,2026-09-21,daily,6,2026-10-10T10:00:00Z,460,Willock,NEW,MID,50,0,0,0.5,7024,1684,61844,29669,a,,,,,,,,4.4,10,22,284,3,2,0,1,5,0,18,4,5,9,0.81,0.30,1.11,5.19,4.4,4.4
2026-09-22T01:03:07+00:00,2026-09-21,daily,6,2026-10-10T10:00:00Z,461,Touré,NEW,MID,58,0,-2,0.1,232,603,3615,16210,a,,,,,,,,1.6,1,8,50,0,1,0,0,1,0,4,1,0,3,0.28,0.01,0.29,0.76,1.6,1.6
2026-09-22T01:03:07+00:00,2026-09-21,daily,6,2026-10-10T10:00:00Z,462,Steur,NEW,MID,49,0,-1,0.1,162,272,2318,6069,a,,,,,,,,1.6,3,8,223,2,0,0,1,5,0,21,9,4,8,0.00,0.06,0.06,4.23,1.6,1.6
2026-09-22T01:03:07+00:00,2026-09-21,daily,6,2026-10-10T10:00:00Z,463,Woltemade,NEW,FWD,59,0,-1,0.5,0,2526,14520,140961,u,Has joined Juventus on loan for the rest of the season,2026-09-02T16:07:16.549304Z,0,0,,,,0.8,0,4,19,0,0,1,0,0,0,0,0,0,0,0.02,0.01,0.03,0.38,0.0,0.0
2026-09-22T01:03:07+00:00,2026-09-21,daily,6,2026-10-10T10:00:00Z,464,Wissa,NEW,FWD,62,0,2,18.8,59654,106563,2255166,693573,a,,,,,2,,,3.0,0,15,441,5,1,1,1,8,0,27,6,6,15,2.35,0.06,2.41,7.97,3.0,3.0
2026-09-22T01:03:07+00:00,2026-09-21,daily,6,2026-10-10T10:00:00Z,465,Osula,NEW,FWD,58,-1,-2,0.3,71,1663,21394,85968,i,Foot injury - Unknown return date,2026-08-25T19:00:08.004915Z,0,0,1,4,,0.8,0,4,55,1,0,1,0,1,0,5,2,1,2,0.06,0.14,0.20,1.48,0.0,0.0
2026-09-22T01:03:07+00:00,2026-09-21,daily,6,2026-10-10T10:00:00Z,466,Neave,NEW,FWD,45,0,0,0.5,0,2770,23805,51392,u,Has joined Wolves on loan for the rest of the season,2026-09-04T12:37:43.515176Z,0,0,,,,0.0,0,0,0,0,0,0,0,0,0,0,0,0,0,0.00,0.00,0.00,0.00,0.0,0.0
2026-09-22T01:03:07+00:00,2026-09-21,daily,6,2026-10-10T10:00:00Z,559,Bamba,NEW,MID,49,0,-1,0.1,87,334,2527,7418,a,,,,,,,,0.6,1,3,27,0,0,0,0,1,0,8,3,3,2,0.00,0.00,0.00,1.29,0.6,0.6
2026-09-22T01:03:07+00:00,2026-09-21,daily,6,2026-10-10T10:00:00Z,567,Horníček,NEW,GKP,50,0,0,1.5,4885,3183,149535,69736,a,,,,,,,,2.8,3,14,450,5,0,0,1,9,19,0,11,0,31,0.00,0.00,0.00,9.14,2.8,2.8
2026-09-22T01:03:07+00:00,2026-09-21,daily,6,2026-10-10T10:00:00Z,593,Dedić,NEW,DEF,45,0,0,1.9,178,30373,447800,300423,i,Unspecified injury - Unknown return date,2026-09-17T14:30:09.823731Z,0,0,,3,,2.6,0,13,327,4,0,1,1,7,0,24,16,8,15,0.14,0.08,0.22,7.38,0.0,0.0
2026-09-22T01:03:07+00:00,2026-09-21,daily,6,2026-10-10T10:00:00Z,609,Shahar,NEW,DEF,40,0,0,0.2,0,1296,18236,15194,u,has joined Arouca on loan for the rest of the seaon.,2026-09-11T14:41:57.406766Z,0,0,,,,0.0,0,0,0,0,0,0,0,0,0,0,0,0,0,0.00,0.00,0.00,0.00,0.0,0.0
2026-09-22T01:03:07+00:00,2026-09-21,daily,6,2026-10-10T10:00:00Z,634,Fernandez-Pardo,NEW,FWD,60,0,0,0.1,1182,996,16253,5896,a,,,,,,,,1.3,2,4,157,2,0,0,0,4,0,5,0,2,3,0.05,0.01,0.06,2.94,1.3,1.3
2026-09-22T01:03:07+00:00,2026-09-21,daily,6,2026-10-10T10:00:00Z,659,Miley,NEW,MID,45,0,0,0.0,1057,437,4495,1039,a,,,,,,,,0.0,0,0,0,0,0,0,0,0,0,0,0,0,0,0.00,0.00,0.00,0.00,0.0,0.0
2026-09-22T01:03:07+00:00,2026-09-21,daily,6,2026-10-10T10:00:00Z,663,Pivas,NEW,DEF,40,0,0,0.0,231,24,231,24,a,,,,,,,,0.0,0,0,0,0,0,0,0,0,0,0,0,0,0,0.00,0.00,0.00,0.00,1.1,1.1
2026-09-22T01:03:07+00:00,2026-09-21,daily,6,2026-10-10T10:00:00Z,664,Salia,NEW,FWD,45,0,0,0.1,5706,758,5706,758,a,,,,,,,,0.0,0,0,0,0,0,0,0,0,0,0,0,0,0,0.00,0.00,0.00,0.00,1.0,1.0
2026-09-22T01:03:07+00:00,2026-09-21,daily,6,2026-10-10T10:00:00Z,665,Mills,NEW,MID,45,0,0,0.0,109,17,109,17,a,,,,,,,,0.0,0,0,0,0,0,0,0,0,0,0,0,0,0,0.00,0.00,0.00,0.00,1.1,1.1
2026-09-22T01:03:07+00:00,2026-09-21,daily,6,2026-10-10T10:00:00Z,666,Thompson,NEW,MID,45,0,0,0.0,133,10,133,10,a,,,,,,,,0.0,0,0,0,0,0,0,0,0,0,0,0,0,0,0.00,0.00,0.00,0.00,1.1,1.1
2026-09-22T01:03:07+00:00,2026-09-21,daily,6,2026-10-10T10:00:00Z,167,Delap,NFO,FWD,56,1,1,2.8,22012,21303,309188,74875,a,,,,,3,,,1.8,1,9,277,3,1,0,1,3,0,17,5,2,10,0.89,0.35,1.24,2.62,1.8,1.8
2026-09-22T01:03:07+00:00,2026-09-21,daily,6,2026-10-10T10:00:00Z,201,Muñoz,NFO,DEF,54,0,-1,5.8,5876,21647,156434,475823,a,,,,,,,,1.2,2,5,257,3,0,0,0,4,0,15,8,7,8,0.60,0.21,0.81,2.59,1.2,1.2
2026-09-22T01:03:07+00:00,2026-09-21,daily,6,2026-10-10T10:00:00Z,467,Sels,NFO,GKP,50,0,0,1.6,1355,4059,67608,60121,a,,,,,,,,3.0,2,14,450,5,0,0,1,5,11,0,6,0,46,0.00,0.01,0.01,4.77,3.0,3.0
2026-09-22T01:03:07+00:00,2026-09-21,daily,6,2026-10-10T10:00:00Z,468,John,NFO,GKP,45,0,0,0.1,40,104,847,1964,a,,,,,,,,0.0,0,0,0,0,0,0,0,0,0,0,0,0,0,0.00,0.00,0.00,0.00,0.0,0.0
2026-09-22T01:03:07+00:00,2026-09-21,daily,6,2026-10-10T10:00:00Z,469,N.Williams,NFO,DEF,50,0,0,8.9,7961,31268,322447,336526,a,,,,,,3,2,4.2,2,19,450,5,0,1,1,5,0,29,15,14,28,0.41,0.61,1.02,4.77,4.2,4.2
2026-09-22T01:03:07+00:00,2026-09-21,daily,6,2026-10-10T10:00:00Z,470,Morato,NFO,DEF,50,0,0,0.0,0,83,424,3663,u,Has joined West Ham on loan for the rest of the season,2026-09-02T16:19:54.503286Z,0,0,,,,0.0,0,0,0,0,0,0,0,0,0,0,0,0,0,0.00,0.00,0.00,0.00,0.0,0.0
2026-09-22T01:03:07+00:00,2026-09-21,daily,6,2026-10-10T10:00:00Z,471,Milenković,NFO,DEF,54,-1,-1,1.0,42,8900,17974,104057,i,Hamstring injury - Expected back 11 Oct,2026-09-12T14:00:09.705107Z,0,0,,,,2.5,0,12,270,3,0,0,1,3,0,31,26,5,12,0.11,0.03,0.14,3.28,0.0,0.0
2026-09-22T01:03:07+00:00,2026-09-21,daily,6,2026-10-10T10:00:00Z,472,Murillo,NFO,DEF,55,0,0,2.1,5528,5281,101025,58542,a,,2026-07-23T12:01:23.801183Z,100,100,,2,,4.8,4,23,449,5,0,1,1,5,0,53,44,9,18,0.42,0.37,0.79,4.77,4.8,4.8
2026-09-22T01:03:07+00:00,2026-09-21,daily,6,2026-10-10T10:00:00Z,473,Aina,NFO,DEF,44,-1,-1,2.4,803,15896,68916,165683,a,,,,,,,,0.8,0,8,306,4,0,0,1,3,0,22,12,10,14,0.04,0.53,0.57,3.72,0.8,0.8
2026-09-22T01:03:07+00:00,2026-09-21,daily,6,2026-10-10T10:00:00Z,474,Jair Cunha,NFO,DEF,45,0,0,0.2,160,473,9666,12999,a,,2026-09-12T14:00:09.724349Z,75,100,,,,2.5,1,11,360,4,0,0,1,4,0,36,29,7,8,0.05,0.02,0.07,3.95,1.9,2.5
2026-09-22T01:03:07+00:00,2026-09-21,daily,6,2026-10-10T10:00:00Z,475,Savona,NFO,DEF,45,0,0,0.0,14,13,234,271,i,Knee injury - Unknown return date,2026-07-23T12:01:23.816304Z,0,0,,,,0.0,0,0,0,0,0,0,0,0,0,0,0,0,0,0.00,0.00,0.00,0.00,0.0,0.0
2026-09-22T01:03:07+00:00,2026-09-21,daily,6,2026-10-10T10:00:00Z,476,O.Richards,NFO,DEF,40,0,0,0.2,195,509,3895,8060,a,,,,,,,,0.0,0,0,0,0,0,0,0,0,0,0,0,0,0,0.00,0.00,0.00,0.00,0.0,0.0
2026-09-22T01:03:07+00:00,2026-09-21,daily,6,2026-10-10T10:00:00Z,477,Abbott,NFO,DEF,40,0,0,0.1,0,556,2459,13629,u,Has joined Southampton on loan for the rest of the season,2026-09-02T16:19:54.536676Z,0,0,,,,0.0,0,0,0,0,0,0,0,0,0,0,0,0,0,0.00,0.00,0.00,0.00,0.0,0.0
2026-09-22T01:03:07+00:00,2026-09-21,daily,6,2026-10-10T10:00:00Z,478,Netz,NFO,DEF,44,0,-1,0.0,41,83,671,1554,a,,,,,,,,0.5,1,3,27,0,0,0,0,1,0,1,0,1,1,0.00,0.02,0.02,0.13,0.5,0.5
2026-09-22T01:03:07+00:00,2026-09-21,daily,6,2026-10-10T10:00:00Z,479,Bindon,NFO,DEF,40,0,0,0.1,0,366,799,8496,u,Has joined Charlton Athletic on loan for the rest of the season,2026-09-01T13:16:05.383880Z,0,0,,,,0.0,0,0,0,0,0,0,0,0,0,0,0,0,0,0.00,0.00,0.00,0.00,0.0,0.0
2026-09-22T01:03:07+00:00,2026-09-21,daily,6,2026-10-10T10:00:00Z,480,Gibbs-White,NFO,MID,80,0,0,15.7,43209,58785,1186891,641479,a,,2026-08-24T15:30:08.350159Z,100,100,1,1,,6.5,2,28,450,5,1,2,1,5,0,21,2,5,14,1.56,1.42,2.98,4.77,6.5,6.5
2026-09-22T01:03:07+00:00,2026-09-21,daily,6,2026-10-10T10:00:00Z,482,Hudson-Odoi,NFO,MID,58,0,-2,0.1,183,863,5194,17263,a,,2026-07-23T12:01:23.832709Z,100,100,,4,,0.2,0,1,1,0,0,0,0,0,0,0,0,0,0,0.00,0.00,0.00,0.00,0.2,0.2
2026-09-22T01:03:07+00:00,2026-09-21,daily,6,2026-10-10T10:00:00Z,483,Ndoye,NFO,MID,55,0,0,0.7,498,6366,72094,47529,a,,,,,,,,3.0,1,15,316,5,1,0,1,3,0,20,3,2,15,1.25,0.93,2.18,3.84,3.0,3.0
2026-09-22T01:03:07+00:00,2026-09-21,daily,6,2026-10-10T10:00:00Z,484,Hutchinson,NFO,MID,54,0,-1,0.1,0,242,427,10870,u,Has joined AC Milan on loan for the rest of the season,2026-09-01T13:23:52.340206Z,0,0,,,,0.0,0,0,0,0,0,0,0,0,0,0,0,0,0,0.00,0.00,0.00,0.00,0.0,0.0
2026-09-22T01:03:07+00:00,2026-09-21,daily,6,2026-10-10T10:00:00Z,485,Bakwa,NFO,MID,55,0,0,0.0,0,23,107,1165,u,Has joined Lille on loan for the rest of the season,2026-08-27T14:53:03.381941Z,0,0,,,,0.0,0,0,0,0,0,0,0,0,0,0,0,0,0,0.00,0.00,0.00,0.00,0.0,0.0
2026-09-22T01:03:07+00:00,2026-09-21,daily,6,2026-10-10T10:00:00Z,486,McAtee,NFO,MID,55,0,0,0.1,249,671,9894,5717,a,,,,,,,1,2.2,2,12,416,5,0,0,2,4,0,39,9,9,21,0.37,0.96,1.33,4.55,2.2,2.2
2026-09-22T01:03:07+00:00,2026-09-21,daily,6,2026-10-10T10:00:00Z,487,Dominguez,NFO,MID,49,0,-1,0.1,42,219,1180,4021,a,,,,,,,,0.2,0,1,1,0,0,0,0,0,0,0,0,0,0,0.00,0.00,0.00,0.00,0.2,0.2
2026-09-22T01:03:07+00:00,2026-09-21,daily,6,2026-10-10T10:00:00Z,488,I.Sangaré,NFO,MID,49,0,-1,0.4,211,2198,9110,67777,a,,2026-08-28T09:30:07.471668Z,100,100,,,,0.5,1,4,105,1,0,0,0,1,0,8,4,1,3,0.09,0.02,0.11,0.56,0.5,0.5
2026-09-22T01:03:07+00:00,2026-09-21,daily,6,2026-10-10T10:00:00Z,489,Yates,NFO,MID,45,0,0,1.2,415,5412,30061,91767,a,,2026-08-17T20:30:08.195072Z,100,100,,,,0.0,0,0,0,0,0,0,0,0,0,0,0,0,0,0.00,0.00,0.00,0.00,0.0,0.0
2026-09-22T01:03:07+00:00,2026-09-21,daily,6,2026-10-10T10:00:00Z,490,Wood,NFO,FWD,58,0,-2,0.9,1257,4581,23836,114428,a,,,,,2,,,0.8,1,4,62,0,0,0,0,1,0,1,0,0,1,0.12,0.01,0.13,0.53,0.8,0.8
2026-09-22T01:03:07+00:00,2026-09-21,daily,6,2026-10-10T10:00:00Z,491,Igor Jesus,NFO,FWD,58,0,-2,2.7,4999,17170,123999,264515,a,,,,,4,,,2.5,1,12,257,2,1,0,0,3,0,15,5,2,8,1.25,0.08,1.33,2.61,2.5,2.5
2026-09-22T01:03:07+00:00,2026-09-21,daily,6,2026-10-10T10:00:00Z,493,Kalimuendo,NFO,FWD,54,0,-1,0.1,144,289,2954,3989,a,,,,,,,,0.0,0,1,1,0,0,0,0,0,0,0,0,0,0,0.00,0.00,0.00,0.00,0.0,0.0
2026-09-22T01:03:07+00:00,2026-09-21,daily,6,2026-10-10T10:00:00Z,558,Schlager,NFO,MID,50,0,0,0.1,143,557,5823,5574,a,,,,,,,3,3.0,2,13,376,4,0,0,1,5,0,49,11,17,21,0.19,0.18,0.37,4.43,3.0,3.0
2026-09-22T01:03:07+00:00,2026-09-21,daily,6,2026-10-10T10:00:00Z,581,Diomande,NFO,DEF,54,0,-1,0.5,1021,1522,13143,40987,a,,,,,,,,1.8,2,7,163,2,0,0,0,2,0,19,18,1,10,0.16,0.01,0.17,1.45,1.8,1.8
2026-09-22T01:03:07+00:00,2026-09-21,daily,6,2026-10-10T10:00:00Z,590,Benda,NFO,GKP,45,0,0,0.1,93,164,2633,2765,a,,,,,,,,0.0,0,0,0,0,0,0,0,0,0,0,0,0,0,0.00,0.00,0.00,0.00,0.0,0.0
2026-09-22T01:03:07+00:00,2026-09-21,daily,6,2026-10-10T10:00:00Z,112,Van Hecke,TOT,DEF,49,0,-1,6.6,10650,18453,146819,463848,a,,,,,,,,5.8,6,24,450,5,1,0,2,8,0,43,33,10,17,0.69,0.42,1.11,7.78,5.8,5.8
2026-09-22T01:03:07+00:00,2026-09-21,daily,6,2026-10-10T10:00:00Z,147,Tosin,TOT,DEF,44,0,-1,0.1,73,388,1965,7740,a,,,,,,,,0.2,0,1,5,0,0,0,0,0,0,4,2,2,1,0.00,0.00,0.00,0.03,0.2,0.2
2026-09-22T01:03:07+00:00,2026-09-21,daily,6,2026-10-10T10:00:00Z,401,Marmoush,TOT,FWD,70,0,0,2.1,6689,15940,229168,157073,a,,,,,2,5,,1.6,2,8,339,4,0,0,2,5,0,13,0,2,11,0.38,0.15,0.53,3.84,1.6,1.6
2026-09-22T01:03:07+00:00,2026-09-21,daily,6,2026-10-10T10:00:00Z,403,Sávio,TOT,MID,65,0,0,0.7,1851,5002,98763,77765,a,,2026-08-29T16:30:08.380416Z,100,100,,,4,1.6,2,8,240,3,0,0,2,3,0,11,3,0,8,0.41,0.70,1.11,2.76,1.6,1.6
2026-09-22T01:03:07+00:00,2026-09-21,daily,6,2026-10-10T10:00:00Z,455,Tonali,TOT,MID,53,-1,-2,1.9,1515,11354,47104,265961,a,,2026-09-14T14:30:07.387706Z,100,100,,,,3.0,2,14,427,5,0,0,2,8,0,42,11,11,20,0.24,0.61,0.85,7.72,3.0,3.0
2026-09-22T01:03:07+00:00,2026-09-21,daily,6,2026-10-10T10:00:00Z,494,Vicario,TOT,GKP,45,0,0,0.1,0,507,0,21890,u,Has joined Juventus on loan for the rest of the season,2026-08-19T13:55:33.193962Z,0,0,,,,0.0,0,0,0,0,0,0,0,0,0,0,0,0,0,0.00,0.00,0.00,0.00,0.0,0.0
2026-09-22T01:03:07+00:00,2026-09-21,daily,6,2026-10-10T10:00:00Z,495,Austin,TOT,GKP,40,0,0,1.0,1332,1471,28983,21156,a,,,,,,,,0.0,0,0,0,0,0,0,0,0,0,0,0,0,0,0.00,0.00,0.00,0.00,0.0,0.0
2026-09-22T01:03:07+00:00,2026-09-21,daily,6,2026-10-10T10:00:00Z,496,Kinsky,TOT,GKP,45,0,0,17.6,10700,82450,339854,764677,a,,,,,,,,4.0,2,18,450,5,0,0,2,8,12,0,10,0,34,0.00,0.00,0.00,7.78,4.0,4.0
2026-09-22T01:03:07+00:00,2026-09-21,daily,6,2026-10-10T10:00:00Z,497,Dubravka,TOT,GKP,40,0,0,17.2,17518,32443,388157,425093,a,,,,,,,,0.0,0,0,0,0,0,0,0,0,0,0,0,0,0,0.00,0.00,0.00,0.00,0.0,0.0
2026-09-22T01:03:07+00:00,2026-09-21,daily,6,2026-10-10T10:00:00Z,498,Senesi,TOT,DEF,58,0,-2,3.6,779,15435,28923,451898,a,,,,,,,,0.0,0,3,90,1,0,0,0,3,0,16,11,5,2,0.00,0.02,0.02,3.87,0.0,0.0
2026-09-22T01:03:07+00:00,2026-09-21,daily,6,2026-10-10T10:00:00Z,499,Pedro Porro,TOT,DEF,54,0,-1,7.8,1437,53325,124211,971073,d,Hamstring injury - 75% chance of playing,2026-09-19T12:00:08.823872Z,100,75,,1,3,2.2,1,9,198,3,0,0,1,2,0,9,6,3,5,0.37,0.16,0.53,1.68,2.2,1.7
2026-09-22T01:03:07+00:00,2026-09-21,daily,6,2026-10-10T10:00:00Z,500,Romero,TOT,DEF,50,0,0,0.1,0,191,0,16705,u,Has joined Atletico Madrid permanently,2026-08-17T13:49:05.465401Z,0,0,,,,0.0,0,0,0,0,0,0,0,0,0,0,0,0,0,0.00,0.00,0.00,0.00,0.0,0.0
2026-09-22T01:03:07+00:00,2026-09-21,daily,6,2026-10-10T10:00:00Z,502,Robertson,TOT,DEF,44,0,-1,2.6,3740,8980,65412,179656,a,,,,,,,1,3.5,4,17,366,4,0,1,1,7,0,20,15,5,15,0.13,0.43,0.56,7.05,3.5,3.5
2026-09-22T01:03:07+00:00,2026-09-21,daily,6,2026-10-10T10:00:00Z,503,Van de Ven,TOT,DEF,50,0,0,3.8,3758,14382,92214,261623,a,,2026-08-21T15:00:07.610517Z,100,100,,,,4.0,1,16,360,4,0,0,2,5,0,29,24,5,17,0.59,0.05,0.64,3.91,4.0,4.0
2026-09-22T01:03:07+00:00,2026-09-21,daily,6,2026-10-10T10:00:00Z,505,Spence,TOT,DEF,45,0,0,0.2,0,794,0,68880,u,Has joined Internazionale permanently,2026-08-18T14:13:08.454214Z,0,0,,,,0.0,0,0,0,0,0,0,0,0,0,0,0,0,0,0.00,0.00,0.00,0.00,0.0,0.0
2026-09-22T01:03:07+00:00,2026-09-21,daily,6,2026-10-10T10:00:00Z,506,Udogie,TOT,DEF,44,0,-1,0.3,231,1181,5470,22011,a,,2026-09-11T18:00:09.092110Z,100,100,,,,1.5,0,7,86,1,0,0,1,1,0,4,3,1,4,0.00,0.23,0.23,1.17,1.5,1.5
2026-09-22T01:03:07+00:00,2026-09-21,daily,6,2026-10-10T10:00:00Z,507,Phillips,TOT,DEF,45,0,0,0.0,0,38,0,1253,u,Has joined Middlesbrough permanently,2026-08-18T14:13:08.474144Z,0,0,,,,0.0,0,0,0,0,0,0,0,0,0,0,0,0,0,0.00,0.00,0.00,0.00,0.0,0.0
2026-09-22T01:03:07+00:00,2026-09-21,daily,6,2026-10-10T10:00:00Z,508,Davies,TOT,DEF,39,-1,-1,0.9,4928,2460,16724,39903,a,,,,,,,,0.0,0,0,0,0,0,0,0,0,0,0,0,0,0,0.00,0.00,0.00,0.00,0.0,0.0
2026-09-22T01:03:07+00:00,2026-09-21,daily,6,2026-10-10T10:00:00Z,509,Byfield,TOT,DEF,40,0,0,0.1,91,174,2306,2518,a,,,,,,,,0.0,0,0,0,0,0,0,0,0,0,0,0,0,0,0.00,0.00,0.00,0.00,0.0,0.0
2026-09-22T01:03:07+00:00,2026-09-21,daily,6,2026-10-10T10:00:00Z,510,Rowswell,TOT,DEF,40,0,0,0.1,107,225,2836,3353,a,,,,,,,,0.0,0,0,0,0,0,0,0,0,0,0,0,0,0,0.00,0.00,0.00,0.00,0.0,0.0
2026-09-22T01:03:07+00:00,2026-09-21,daily,6,2026-10-10T10:00:00Z,511,Souza,TOT,DEF,40,0,0,0.2,0,613,2555,16599,u,Has joined FC Porto on loan for the rest of the season,2026-09-01T13:24:26.858636Z,0,0,,,,0.0,0,0,0,0,0,0,0,0,0,0,0,0,0,0.00,0.00,0.00,0.00,0.0,0.0
2026-09-22T01:03:07+00:00,2026-09-21,daily,6,2026-10-10T10:00:00Z,512,Kudus,TOT,MID,65,0,0,0.1,1484,731,12278,10686,a,,2026-07-23T12:01:23.848657Z,100,100,3,3,6,1.8,4,7,123,0,0,1,0,3,0,14,0,3,11,0.11,0.42,0.53,1.46,1.8,1.8
2026-09-22T01:03:07+00:00,2026-09-21,daily,6,2026-10-10T10:00:00Z,513,Xavi,TOT,MID,59,0,-1,0.0,31,49,323,1090,i,Knee injury - Unknown return date,2026-07-23T12:01:23.864304Z,0,0,4,2,,0.0,0,0,0,0,0,0,0,0,0,0,0,0,0,0.00,0.00,0.00,0.00,0.0,0.0
2026-09-22T01:03:07+00:00,2026-09-21,daily,6,2026-10-10T10:00:00Z,514,Tel,TOT,MID,57,-1,-3,0.2,125,1498,9057,46315,a,,,,,,4,5,1.5,0,8,257,3,0,0,1,4,0,13,1,1,11,0.21,0.23,0.44,5.55,1.5,1.5
2026-09-22T01:03:07+00:00,2026-09-21,daily,6,2026-10-10T10:00:00Z,515,Maddison,TOT,MID,63,0,-2,0.4,480,1355,5529,95608,a,,2026-08-25T14:30:07.623508Z,100,100,,,,0.5,1,3,59,0,0,0,0,2,0,11,3,4,4,0.06,0.04,0.10,1.03,0.5,0.5
2026-09-22T01:03:07+00:00,2026-09-21,daily,6,2026-10-10T10:00:00Z,516,Bentancur,TOT,MID,55,0,0,0.2,228,436,4992,8093,a,,,,,,,,3.5,4,15,370,4,0,0,2,6,0,60,22,15,23,0.02,0.12,0.14,5.59,3.5,3.5
2026-09-22T01:03:07+00:00,2026-09-21,daily,6,2026-10-10T10:00:00Z,517,Odobert,TOT,MID,55,0,0,0.0,12,8,114,103,i,Knee injury - Unknown return date,2026-07-23T12:01:23.879434Z,0,0,,,,0.0,0,0,0,0,0,0,0,0,0,0,0,0,0,0.00,0.00,0.00,0.00,0.0,0.0
2026-09-22T01:03:07+00:00,2026-09-21,daily,6,2026-10-10T10:00:00Z,518,P.M.Sarr,TOT,MID,49,0,-1,0.1,0,490,4138,23557,u,Has joined Juventus on loan for the rest of the season,2026-09-02T16:02:43.386849Z,0,0,,,,0.0,0,0,0,0,0,0,0,0,0,0,0,0,0,0.00,0.00,0.00,0.00,0.0,0.0
2026-09-22T01:03:07+00:00,2026-09-21,daily,6,2026-10-10T10:00:00Z,519,Gallagher,TOT,MID,53,0,-2,0.2,578,429,4434,16817,a,,,,,,,,2.2,6,9,134,2,1,0,1,2,0,18,1,8,9,0.37,0.12,0.49,2.65,2.2,2.2
2026-09-22T01:03:07+00:00,2026-09-21,daily,6,2026-10-10T10:00:00Z,520,Bergvall,TOT,MID,53,-1,-2,0.1,65,439,1845,9372,a,,,,,,,,0.5,1,3,78,1,0,0,0,2,0,13,1,3,9,0.06,0.27,0.33,2.21,0.5,0.5
2026-09-22T01:03:07+00:00,2026-09-21,daily,6,2026-10-10T10:00:00Z,521,Kulusevski,TOT,MID,65,0,0,0.0,38,37,344,702,i,Knee injury - Unknown return date,2026-07-23T12:01:23.895175Z,0,0,,,,0.0,0,0,0,0,0,0,0,0,0,0,0,0,0,0.00,0.00,0.00,0.00,0.0,0.0
2026-09-22T01:03:07+00:00,2026-09-21,daily,6,2026-10-10T10:00:00Z,522,Gray,TOT,MID,49,0,-1,0.2,332,852,6709,13023,a,,,,,,,,1.8,2,9,307,3,0,0,1,7,0,27,10,5,12,0.23,0.05,0.28,6.11,1.8,1.8
2026-09-22T01:03:07+00:00,2026-09-21,daily,6,2026-10-10T10:00:00Z,523,Moore,TOT,MID,50,0,0,0.1,0,403,3258,16888,u,Has joined FC Köln on loan for the rest of the season,2026-09-04T12:39:48.098158Z,0,0,,,,0.2,0,3,89,1,0,0,0,4,0,3,0,1,2,0.40,0.02,0.42,3.26,0.0,0.0
2026-09-22T01:03:07+00:00,2026-09-21,daily,6,2026-10-10T10:00:00Z,524,Olusesi,TOT,MID,44,0,-1,1.0,4274,5522,53890,47367,a,,,,,,,,0.0,0,0,0,0,0,0,0,0,0,0,0,0,0,0.00,0.00,0.00,0.00,0.0,0.0
2026-09-22T01:03:07+00:00,2026-09-21,daily,6,2026-10-10T10:00:00Z,525,Fernandes,TOT,MID,57,-1,-3,0.8,304,4955,14285,123042,a,,,,,,,2,1.5,1,7,249,3,0,0,1,4,0,21,2,7,12,0.19,0.28,0.47,4.43,1.5,1.5
2026-09-22T01:03:07+00:00,2026-09-21,daily,6,2026-10-10T10:00:00Z,526,Solanke,TOT,FWD,58,0,-2,0.8,1181,3931,28728,92982,a,,,,,1,,,1.5,2,7,170,2,0,0,1,1,0,9,2,2,5,0.56,0.01,0.57,2.57,1.5,1.5
2026-09-22T01:03:07+00:00,2026-09-21,daily,6,2026-10-10T10:00:00Z,527,Richarlison,TOT,FWD,59,0,-1,0.7,0,3973,21439,266456,u,not included in squad.,2026-09-04T12:32:39.183614Z,0,0,,,,0.0,0,2,67,1,0,0,0,3,0,1,1,0,0,0.00,0.00,0.00,3.02,0.0,0.0
2026-09-22T01:03:07+00:00,2026-09-21,daily,6,2026-10-10T10:00:00Z,528,Scarlett,TOT,FWD,45,0,0,1.1,0,5883,42525,107450,u,Has joined Leyton Orient permanently,2026-09-02T16:02:43.413625Z,0,0,,,,0.0,0,0,0,0,0,0,0,0,0,0,0,0,0,0.00,0.00,0.00,0.00,0.0,0.0
2026-09-22T01:03:07+00:00,2026-09-21,daily,6,2026-10-10T10:00:00Z,578,Mudryk,TOT,MID,53,-1,-2,0.0,14,406,5434,7454,i,Ankle injury - Unknown return date,2026-09-11T18:00:09.154412Z,0,0,,,,0.2,0,1,16,0,0,0,0,0,0,0,0,0,0,0.00,0.00,0.00,0.16,0.0,0.0
2026-09-22T01:03:07+00:00,2026-09-21,daily,6,2026-10-10T10:00:00Z,601,Williams-Barnett,TOT,MID,45,0,0,0.1,119,534,10201,6817,a,,,,,,,,0.0,0,0,0,0,0,0,0,0,0,0,0,0,0,0.00,0.00,0.00,0.00,0.0,0.0
2026-09-22T01:03:07+00:00,2026-09-21,daily,6,2026-10-10T10:00:00Z,501,Danso,SUN,DEF,50,0,0,0.2,813,553,6238,9590,a,,,,,,,,0.8,0,3,270,3,0,0,0,8,0,20,19,1,11,0.07,0.17,0.24,5.91,0.8,0.8
2026-09-22T01:03:07+00:00,2026-09-21,daily,6,2026-10-10T10:00:00Z,529,Roefs,SUN,GKP,49,0,-1,2.5,1469,8091,21318,174216,a,,,,,,,,2.5,0,11,450,5,0,0,1,10,6,0,7,0,35,0.00,0.01,0.01,8.66,2.5,2.5
2026-09-22T01:03:07+00:00,2026-09-21,daily,6,2026-10-10T10:00:00Z,530,Patterson,SUN,GKP,40,0,0,0.1,0,248,0,5900,u,Has joined Wrexham permanently,2026-08-12T14:08:03.064533Z,0,0,,,,0.0,0,0,0,0,0,0,0,0,0,0,0,0,0,0.00,0.00,0.00,0.00,0.0,0.0
2026-09-22T01:03:07+00:00,2026-09-21,daily,6,2026-10-10T10:00:00Z,531,Ellborg,SUN,GKP,45,0,0,0.1,81,173,1120,3254,a,,,,,,,,0.0,0,0,0,0,0,0,0,0,0,0,0,0,0,0.00,0.00,0.00,0.00,0.0,0.0
2026-09-22T01:03:07+00:00,2026-09-21,daily,6,2026-10-10T10:00:00Z,532,Ballard,SUN,DEF,49,0,-1,2.6,2688,10889,44587,311457,a,,,,,,,,3.5,2,14,450,5,0,0,1,10,0,49,39,10,12,0.31,0.16,0.47,8.66,3.5,3.5
2026-09-22T01:03:07+00:00,2026-09-21,daily,6,2026-10-10T10:00:00Z,533,Mukiele,SUN,DEF,54,0,-1,1.9,3772,6122,43103,127227,a,,2026-08-09T08:30:05.954750Z,100,100,,,,3.2,0,13,360,4,0,0,1,8,0,48,35,13,16,0.75,0.28,1.03,6.86,3.2,3.2
2026-09-22T01:03:07+00:00,2026-09-21,daily,6,2026-10-10T10:00:00Z,534,Hume,SUN,DEF,43,-1,-2,2.9,935,23202,37561,390877,a,,,,,,,3,2.0,1,10,206,2,0,0,1,2,0,13,3,10,12,0.14,0.29,0.43,4.57,2.0,2.0
2026-09-22T01:03:07+00:00,2026-09-21,daily,6,2026-10-10T10:00:00Z,535,Alderete,SUN,DEF,48,-1,-2,0.2,164,766,4918,27042,a,,2026-08-09T08:30:05.962393Z,100,100,,,,0.0,0,1,23,0,0,0,0,1,0,0,0,0,2,0.00,0.01,0.01,0.10,0.0,0.0
2026-09-22T01:03:07+00:00,2026-09-21,daily,6,2026-10-10T10:00:00Z,536,Reinildo,SUN,DEF,44,-1,-1,0.3,110,1311,3973,24111,a,,2026-09-12T21:30:09.421687Z,0,100,,,,1.5,0,7,360,4,0,0,1,5,0,29,21,8,18,0.00,0.32,0.32,5.05,0.0,1.5
2026-09-22T01:03:07+00:00,2026-09-21,daily,6,2026-10-10T10:00:00Z,537,Seelt,SUN,DEF,45,0,0,0.0,0,15,61,657,u,Has joined Swansea City on loan for the rest of the season,2026-08-29T00:34:52.425076Z,0,0,,,,0.0,0,0,0,0,0,0,0,0,0,0,0,0,0,0.00,0.00,0.00,0.00,0.0,0.0
2026-09-22T01:03:07+00:00,2026-09-21,daily,6,2026-10-10T10:00:00Z,538,Hjelde,SUN,DEF,40,0,0,0.0,0,114,0,2485,u,Has joined KV Mechelen on loan for the rest of the season,2026-08-12T14:08:03.081789Z,0,0,,,,0.0,0,0,0,0,0,0,0,0,0,0,0,0,0,0.00,0.00,0.00,0.00,0.0,0.0
2026-09-22T01:03:07+00:00,2026-09-21,daily,6,2026-10-10T10:00:00Z,539,O'Nien,SUN,DEF,39,-1,-1,2.5,12308,7941,27051,117841,a,,,,,,,,0.0,0,1,66,1,0,0,0,1,0,5,4,1,4,0.01,0.01,0.02,1.69,0.0,0.0
2026-09-22T01:03:07+00:00,2026-09-21,daily,6,2026-10-10T10:00:00Z,540,Masuaku,SUN,DEF,40,0,0,0.1,0,473,0,11406,u,Has joined Konyaspor permanently,2026-08-12T14:08:03.097784Z,0,0,,,,0.0,0,0,0,0,0,0,0,0,0,0,0,0,0,0.00,0.00,0.00,0.00,0.0,0.0
2026-09-22T01:03:07+00:00,2026-09-21,daily,6,2026-10-10T10:00:00Z,541,Meunier,SUN,DEF,45,0,0,0.3,1167,526,6568,9278,a,,2026-08-16T08:30:07.830062Z,100,100,,,,3.2,3,14,396,5,0,1,1,8,0,20,16,4,15,0.34,0.58,0.92,5.94,3.2,3.2
2026-09-22T01:03:07+00:00,2026-09-21,daily,6,2026-10-10T10:00:00Z,542,E.Le Fée,SUN,MID,57,-1,-3,3.4,7464,18047,41036,644622,a,,,,,2,3,1,4.0,5,18,438,5,1,1,1,9,0,21,3,7,11,2.06,1.34,3.40,8.46,4.0,4.0
2026-09-22T01:03:07+00:00,2026-09-21,daily,6,2026-10-10T10:00:00Z,543,Diarra,SUN,MID,54,0,-1,0.0,6,142,544,5825,i,Hamstring injury - Unknown return date,2026-08-30T16:30:08.428960Z,0,0,1,,,1.0,0,5,28,0,0,1,0,1,0,0,0,0,0,0.03,0.16,0.19,0.12,0.0,0.0
2026-09-22T01:03:07+00:00,2026-09-21,daily,6,2026-10-10T10:00:00Z,544,Xhaka,SUN,MID,55,0,0,3.7,4294,17257,128826,202346,a,,,,,,2,2,3.0,2,21,450,5,0,1,1,10,0,54,12,9,33,0.06,1.32,1.38,8.66,3.0,3.0
2026-09-22T01:03:07+00:00,2026-09-21,daily,6,2026-10-10T10:00:00Z,545,Sadiki,SUN,MID,49,0,-1,0.2,291,972,5604,17997,a,,,,,,,,2.0,2,10,410,5,0,0,1,9,0,29,11,6,12,0.44,0.24,0.68,6.47,2.0,2.0
2026-09-22T01:03:07+00:00,2026-09-21,daily,6,2026-10-10T10:00:00Z,546,Adingra,SUN,MID,49,0,-1,0.0,0,153,240,7381,u,Has joined Ajax on loan for the rest of the season,2026-08-20T14:00:08.416985Z,0,0,,,,0.0,0,0,0,0,0,0,0,0,0,0,0,0,0,0.00,0.00,0.00,0.00,0.0,0.0
2026-09-22T01:03:07+00:00,2026-09-21,daily,6,2026-10-10T10:00:00Z,547,Mundle,SUN,MID,49,0,-1,0.0,6,41,197,659,i,Knee injury - Unknown return date,2026-09-09T14:00:08.462705Z,0,0,,,,0.2,0,1,1,0,0,0,0,0,0,1,1,0,0,0.17,0.00,0.17,0.09,0.0,0.0
2026-09-22T01:03:07+00:00,2026-09-21,daily,6,2026-10-10T10:00:00Z,548,Rigg,SUN,MID,49,0,-1,0.0,19,159,456,2779,a,,,,,,,,0.2,0,2,17,0,0,0,0,1,0,1,0,0,1,0.00,0.00,0.00,0.44,0.2,0.2
2026-09-22T01:03:07+00:00,2026-09-21,daily,6,2026-10-10T10:00:00Z,549,Talbi,SUN,MID,53,0,-2,0.1,81,413,1314,11633,a,,,,,,,,0.0,0,1,31,0,0,0,0,1,0,2,0,0,2,0.00,0.00,0.00,0.14,0.0,0.0
2026-09-22T01:03:07+00:00,2026-09-21,daily,6,2026-10-10T10:00:00Z,550,Jocelin.T,SUN,MID,50,0,0,0.0,21,28,295,409,a,,,,,,,,0.0,0,0,0,0,0,0,0,0,0,0,0,0,0,0.00,0.00,0.00,0.00,0.0,0.0
2026-09-22T01:03:07+00:00,2026-09-21,daily,6,2026-10-10T10:00:00Z,551,N.Angulo,SUN,MID,50,0,0,0.1,352,556,12631,10344,a,,,,,,1,,2.8,4,16,313,5,1,1,1,7,0,24,5,5,14,0.60,0.13,0.73,4.56,2.8,2.8
2026-09-22T01:03:07+00:00,2026-09-21,daily,6,2026-10-10T10:00:00Z,552,Brobbey,SUN,FWD,57,-1,-3,6.7,147749,19855,239207,906027,a,,,,,,,,5.5,17,24,399,5,3,0,1,9,0,11,1,0,10,2.94,0.11,3.05,8.18,5.5,5.5
2026-09-22T01:03:07+00:00,2026-09-21,daily,6,2026-10-10T10:00:00Z,553,Isidor,SUN,FWD,55,0,0,1.3,1804,8675,94106,83829,a,,,,,,,,3.5,1,15,117,0,1,1,0,3,0,5,0,2,3,1.49,0.01,1.50,3.78,3.5,3.5
2026-09-22T01:03:07+00:00,2026-09-21,daily,6,2026-10-10T10:00:00Z,612,Methalie,SUN,DEF,45,0,0,0.0,76,46,865,472,a,,2026-08-28T13:00:08.950445Z,100,100,,,,-0.2,-1,-1,90,1,0,0,0,5,0,3,2,1,4,0.03,0.01,0.04,2.82,-0.2,-0.2
2026-09-22T01:03:07+00:00,2026-09-21,daily,6,2026-10-10T10:00:00Z,613,Ahoka,SUN,MID,45,0,0,0.2,402,1145,25197,13843,a,,,,,,,,0.0,0,0,0,0,0,0,0,0,0,0,0,0,0,0.00,0.00,0.00,0.00,0.0,0.0
2026-09-22T01:03:07+00:00,2026-09-21,daily,6,2026-10-10T10:00:00Z,646,Fofana,SUN,MID,55,0,0,0.0,230,223,3966,1651,a,,,,,,,,1.0,1,3,60,0,0,0,0,2,0,3,0,1,2,0.39,0.01,0.40,3.25,1.0,1.0
2026-09-22T01:03:07+00:00,2026-09-21,daily,6,2026-10-10T10:00:00Z,651,J.Angulo,SUN,FWD,45,0,0,0.7,6435,5133,88303,28148,a,,,,,,,,0.0,0,0,0,0,0,0,0,0,0,0,0,0,0,0.00,0.00,0.00,0.00,0.0,0.0
