snapshot_utc,snapshot_date,snapshot_kind,event,deadline_time,id,web_name,team,position,now_cost,cost_change_event,cost_change_start,selected_by_percent,transfers_in_event,transfers_out_event,transfers_in,transfers_out,status,news,news_added,chance_of_playing_this_round,chance_of_playing_next_round,penalties_order,direct_freekicks_order,corners_and_indirect_freekicks_order,form,event_points,total_points,minutes,starts,goals_scored,assists,clean_sheets,goals_conceded,saves,defensive_contribution,clearances_blocks_interceptions,tackles,recoveries,expected_goals,expected_assists,expected_goal_involvements,expected_goals_conceded,ep_this,ep_next
2026-09-09T00:28:10+00:00,2026-09-08,daily,4,2026-09-12T12:30:00Z,1,Raya,ARS,GKP,60,0,0,38.9,123939,99523,435621,410229,a,,,,,,,,5.0,3,15,270,3,0,0,2,1,5,0,4,0,30,0.00,0.01,0.01,0.92,5.0,5.0
2026-09-09T00:28:10+00:00,2026-09-08,daily,4,2026-09-12T12:30:00Z,2,Arrizabalaga,ARS,GKP,49,-1,-1,0.1,202,527,1123,3130,a,,,,,,,,0.0,0,0,0,0,0,0,0,0,0,0,0,0,0,0.00,0.00,0.00,0.00,0.0,0.0
2026-09-09T00:28:10+00:00,2026-09-08,daily,4,2026-09-12T12:30:00Z,3,Meslier,ARS,GKP,49,-1,-1,0.0,78,189,351,1140,a,,,,,,,,0.0,0,0,0,0,0,0,0,0,0,0,0,0,0,0.00,0.00,0.00,0.00,0.0,0.0
2026-09-09T00:28:10+00:00,2026-09-08,daily,4,2026-09-12T12:30:00Z,4,Gabriel,ARS,DEF,80,0,0,24.8,29873,129366,135521,599116,a,,,,,,,,5.0,2,15,270,3,0,0,2,1,0,21,19,2,11,0.49,0.05,0.54,0.92,5.0,5.0
2026-09-09T00:28:10+00:00,2026-09-08,daily,4,2026-09-12T12:30:00Z,5,J.Timber,ARS,DEF,65,0,0,0.1,416,904,1366,6449,d,Groin injury - 25% chance of playing,2026-07-23T12:01:23.272929Z,25,25,,,,0.0,0,0,0,0,0,0,0,0,0,0,0,0,0,0.00,0.00,0.00,0.00,0.0,0.0
2026-09-09T00:28:10+00:00,2026-09-08,daily,4,2026-09-12T12:30:00Z,6,Saliba,ARS,DEF,59,-1,-1,0.2,558,2367,2506,14665,i,Back injury - Unknown return date,2026-07-23T12:01:23.289376Z,0,0,,,,0.0,0,0,0,0,0,0,0,0,0,0,0,0,0,0.00,0.00,0.00,0.00,0.0,0.0
2026-09-09T00:28:10+00:00,2026-09-08,daily,4,2026-09-12T12:30:00Z,7,Lewis-Skelly,ARS,MID,55,0,0,0.7,4470,5896,23012,28437,a,,,,,,,,2.7,2,8,226,3,0,0,2,1,0,14,5,1,8,0.16,0.23,0.39,0.79,2.7,2.7
2026-09-09T00:28:10+00:00,2026-09-08,daily,4,2026-09-12T12:30:00Z,8,Calafiori,ARS,DEF,57,0,2,47.7,259084,45179,1084668,205368,a,,,,,,,,7.3,2,22,236,3,0,2,2,1,0,9,6,3,6,0.54,0.58,1.12,0.65,7.3,7.3
2026-09-09T00:28:10+00:00,2026-09-08,daily,4,2026-09-12T12:30:00Z,9,Hincapie,ARS,DEF,53,-1,-2,1.1,2337,11480,10672,88167,a,,,,,,,,0.7,1,2,32,0,0,0,0,0,0,3,2,1,0,0.00,0.00,0.00,0.28,0.7,0.7
2026-09-09T00:28:10+00:00,2026-09-08,daily,4,2026-09-12T12:30:00Z,10,White,ARS,DEF,55,0,0,7.6,67251,59353,375487,201784,a,,2026-07-23T12:01:23.305229Z,100,100,,,,6.7,2,20,270,3,0,1,2,1,0,15,11,4,9,0.18,0.29,0.47,0.92,6.7,6.7
2026-09-09T00:28:10+00:00,2026-09-08,daily,4,2026-09-12T12:30:00Z,11,Mosquera,ARS,DEF,54,-1,-1,3.5,576,93837,29532,268154,d,Muscular injury - 75% chance of playing,2026-09-04T14:00:08.080310Z,75,75,,,,4.0,0,12,168,2,0,0,2,0,0,10,10,0,3,0.00,0.01,0.01,0.53,3.0,3.0
2026-09-09T00:28:10+00:00,2026-09-08,daily,4,2026-09-12T12:30:00Z,12,Saka,ARS,MID,95,0,0,11.4,108159,63421,353449,199937,a,,,,,1,2,2,7.3,2,22,246,3,2,0,2,1,0,22,6,4,12,1.50,0.35,1.85,0.78,7.3,7.3
2026-09-09T00:28:10+00:00,2026-09-08,daily,4,2026-09-12T12:30:00Z,13,Rice,ARS,MID,74,-1,-1,13.6,15126,77197,72398,483810,a,,,,,,1,1,4.3,5,13,241,3,0,1,2,1,0,24,10,3,11,0.10,0.26,0.36,0.78,4.3,4.3
2026-09-09T00:28:10+00:00,2026-09-08,daily,4,2026-09-12T12:30:00Z,14,Eze,ARS,MID,64,0,-1,1.3,2613,17523,16600,102587,a,,,,,,3,,0.7,0,2,59,0,0,0,0,0,0,5,0,0,5,0.04,0.07,0.11,0.39,0.7,0.7
2026-09-09T00:28:10+00:00,2026-09-08,daily,4,2026-09-12T12:30:00Z,15,Ødegaard,ARS,MID,66,0,1,13.6,264737,54459,673949,263921,a,,,,,3,4,4,8.0,10,24,221,3,2,0,2,1,0,16,3,5,8,1.01,1.05,2.06,0.66,8.0,8.0
2026-09-09T00:28:10+00:00,2026-09-08,daily,4,2026-09-12T12:30:00Z,16,Madueke,ARS,MID,63,0,-2,0.2,1045,2622,3733,18926,a,,,,,,,6,0.7,1,2,23,0,0,0,0,0,0,3,0,1,2,0.00,0.05,0.05,0.15,0.7,0.7
2026-09-09T00:28:10+00:00,2026-09-08,daily,4,2026-09-12T12:30:00Z,17,Merino,ARS,MID,59,0,-1,0.5,1259,6499,6742,35625,a,,,,,,,,0.7,0,2,46,0,0,0,0,0,0,6,0,0,6,0.14,0.02,0.16,0.26,0.7,0.7
2026-09-09T00:28:10+00:00,2026-09-08,daily,4,2026-09-12T12:30:00Z,18,Martinelli,ARS,MID,63,0,-2,0.1,0,4640,2483,18282,u,Has joined Al Hilal permanently,2026-09-04T12:34:46.738449Z,0,0,,,,0.0,0,0,0,0,0,0,0,0,0,0,0,0,0,0.00,0.00,0.00,0.00,0.0,0.0
2026-09-09T00:28:10+00:00,2026-09-08,daily,4,2026-09-12T12:30:00Z,19,Zubimendi,ARS,MID,54,0,-1,0.7,1089,7178,6153,47787,a,,,,,,,,1.0,1,3,50,0,0,0,0,0,0,9,4,3,2,0.08,0.04,0.12,0.28,1.0,1.0
2026-09-09T00:28:10+00:00,2026-09-08,daily,4,2026-09-12T12:30:00Z,20,Dowman,ARS,MID,53,-1,-2,0.1,376,818,1457,5145,a,,,,,,,,0.0,0,0,0,0,0,0,0,0,0,0,0,0,0,0.00,0.00,0.00,0.00,0.0,0.0
2026-09-09T00:28:10+00:00,2026-09-08,daily,4,2026-09-12T12:30:00Z,22,Nwaneri,ARS,MID,54,0,-1,0.0,0,240,233,991,u,Has joined Borussia Dortmund on loan for the rest of the season,2026-09-02T16:01:07.058827Z,0,0,,,,0.0,0,0,0,0,0,0,0,0,0,0,0,0,0,0.00,0.00,0.00,0.00,0.0,0.0
2026-09-09T00:28:10+00:00,2026-09-08,daily,4,2026-09-12T12:30:00Z,23,Fábio Vieira,ARS,MID,55,0,0,0.0,0,197,255,723,u,Has joined Hamburger SV permanently,2026-09-02T16:00:28.446370Z,0,0,,,,0.0,0,0,0,0,0,0,0,0,0,0,0,0,0,0.00,0.00,0.00,0.00,0.0,0.0
2026-09-09T00:28:10+00:00,2026-09-08,daily,4,2026-09-12T12:30:00Z,24,Nelson,ARS,MID,55,0,0,0.0,0,71,68,546,u,has departed the club as a free agent.,2026-08-29T00:33:08.556767Z,0,0,,,,0.0,0,0,0,0,0,0,0,0,0,0,0,0,0,0.00,0.00,0.00,0.00,0.0,0.0
2026-09-09T00:28:10+00:00,2026-09-08,daily,4,2026-09-12T12:30:00Z,25,Gyökeres,ARS,FWD,73,0,-2,4.1,4164,53890,21101,493010,a,,,,,2,,,0.3,1,1,12,0,0,0,0,0,0,1,0,0,1,0.00,0.00,0.00,0.11,0.3,0.3
2026-09-09T00:28:10+00:00,2026-09-08,daily,4,2026-09-12T12:30:00Z,26,Havertz,ARS,FWD,75,0,0,7.5,101959,39229,362086,219443,a,,,,,,,,5.3,8,16,257,3,2,0,2,1,0,8,3,0,5,0.55,0.33,0.88,0.80,5.3,5.3
2026-09-09T00:28:10+00:00,2026-09-08,daily,4,2026-09-12T12:30:00Z,27,G.Jesus,ARS,FWD,59,0,-1,0.2,0,5790,4164,24077,u,Has joined FC Barcelona permanently,2026-09-02T16:00:28.475184Z,0,0,,,,0.0,0,0,0,0,0,0,0,0,0,0,0,0,0,0.00,0.00,0.00,0.00,0.0,0.0
2026-09-09T00:28:10+00:00,2026-09-08,daily,4,2026-09-12T12:30:00Z,31,Konsa,ARS,DEF,44,0,-1,13.3,280478,52252,601171,480985,a,,,,,,,,1.7,4,5,101,1,0,0,0,1,0,11,8,3,5,0.00,0.01,0.01,0.39,1.7,1.7
2026-09-09T00:28:10+00:00,2026-09-08,daily,4,2026-09-12T12:30:00Z,452,Bruno G.,ARS,MID,68,0,-2,1.8,1261,22162,7657,211499,a,,2026-09-04T14:00:08.328779Z,75,100,4,,5,0.3,0,1,19,0,0,0,0,0,0,3,0,0,3,0.00,0.01,0.01,0.00,0.2,0.3
2026-09-09T00:28:10+00:00,2026-09-08,daily,4,2026-09-12T12:30:00Z,557,Tzolis,ARS,MID,64,-1,-1,17.4,39570,211146,367641,960170,a,,,,,,,3,3.7,5,11,210,3,0,2,1,1,0,17,5,2,10,0.19,0.35,0.54,0.55,3.7,3.7
2026-09-09T00:28:10+00:00,2026-09-08,daily,4,2026-09-12T12:30:00Z,29,M.Bizot,AVL,GKP,45,0,0,0.1,573,942,3724,4198,a,,,,,,,,0.3,0,1,90,1,0,0,0,4,3,0,2,0,6,0.00,0.00,0.00,3.77,0.3,0.3
2026-09-09T00:28:10+00:00,2026-09-08,daily,4,2026-09-12T12:30:00Z,30,Digne,AVL,DEF,45,0,0,0.1,0,627,0,7675,u,Has joined Paris Saint-Germain permanently,2026-08-10T14:03:30.089007Z,0,0,,,,0.0,0,0,0,0,0,0,0,0,0,0,0,0,0,0.00,0.00,0.00,0.00,0.0,0.0
2026-09-09T00:28:10+00:00,2026-09-08,daily,4,2026-09-12T12:30:00Z,32,Cash,AVL,DEF,45,0,0,6.8,16154,25662,84760,209296,a,,,,,,,1,2.3,6,7,251,3,0,0,1,5,0,14,8,6,2,0.15,0.04,0.19,5.03,2.3,2.3
2026-09-09T00:28:10+00:00,2026-09-08,daily,4,2026-09-12T12:30:00Z,33,Mings,AVL,DEF,45,0,0,0.4,1668,1274,7543,9617,a,,,,,,,,2.3,6,7,106,1,0,0,1,0,0,6,4,2,2,0.11,0.02,0.13,0.79,2.3,2.3
2026-09-09T00:28:10+00:00,2026-09-08,daily,4,2026-09-12T12:30:00Z,34,Pau,AVL,DEF,45,0,0,0.4,888,3109,7974,12505,a,,,,,,,,0.7,0,2,163,2,0,0,0,5,0,9,8,1,9,0.00,0.01,0.01,4.59,0.7,0.7
2026-09-09T00:28:10+00:00,2026-09-08,daily,4,2026-09-12T12:30:00Z,35,Bogarde,AVL,MID,50,0,0,0.1,415,689,1996,2930,a,,,,,,,,0.3,0,1,16,0,0,0,0,0,0,1,1,0,0,0.00,0.00,0.00,0.22,0.3,0.3
2026-09-09T00:28:10+00:00,2026-09-08,daily,4,2026-09-12T12:30:00Z,36,Maatsen,AVL,DEF,45,0,0,0.8,5209,3086,19047,20569,a,,,,,,,,2.7,7,8,245,3,0,0,1,5,0,20,14,6,4,0.10,0.42,0.52,4.88,2.7,2.7
2026-09-09T00:28:10+00:00,2026-09-08,daily,4,2026-09-12T12:30:00Z,37,Lindelöf,AVL,DEF,45,0,0,0.3,1571,1045,6557,8051,a,,,,,,,,2.0,6,6,270,3,0,0,1,5,0,14,13,1,5,0.00,0.16,0.16,5.38,2.0,2.0
2026-09-09T00:28:10+00:00,2026-09-08,daily,4,2026-09-12T12:30:00Z,38,A.García,AVL,DEF,40,0,0,1.7,7604,10036,31114,40636,a,,,,,,,,0.0,0,0,0,0,0,0,0,0,0,0,0,0,0,0.00,0.00,0.00,0.00,0.0,0.0
2026-09-09T00:28:10+00:00,2026-09-08,daily,4,2026-09-12T12:30:00Z,39,Nedeljkovic,AVL,DEF,40,0,0,0.2,0,1309,0,12535,u,Has joined Rangers on loan for the rest of the season,2026-08-19T13:56:46.385411Z,0,0,,,,0.0,0,0,0,0,0,0,0,0,0,0,0,0,0,0.00,0.00,0.00,0.00,0.0,0.0
2026-09-09T00:28:10+00:00,2026-09-08,daily,4,2026-09-12T12:30:00Z,41,Buendía,AVL,MID,59,-1,-1,1.0,4903,11737,30521,57740,a,,,,,1,1,3,2.3,3,7,249,3,0,0,1,5,0,14,3,2,9,0.78,0.16,0.94,4.88,2.3,2.3
2026-09-09T00:28:10+00:00,2026-09-08,daily,4,2026-09-12T12:30:00Z,44,Bailey,AVL,MID,54,0,-1,0.1,0,3281,2096,9662,u,Has joined Olympiakos permanently,2026-09-04T12:35:14.472260Z,0,0,,,,0.0,0,0,0,0,0,0,0,0,0,0,0,0,0,0.00,0.00,0.00,0.00,0.0,0.0
2026-09-09T00:28:10+00:00,2026-09-08,daily,4,2026-09-12T12:30:00Z,45,McGinn,AVL,MID,54,0,-1,2.3,7134,17754,31631,106889,a,,,,,,,2,1.7,3,5,261,3,0,0,1,5,0,15,4,4,7,0.77,0.09,0.86,5.23,1.7,1.7
2026-09-09T00:28:10+00:00,2026-09-08,daily,4,2026-09-12T12:30:00Z,46,Barkley,AVL,MID,50,0,0,0.3,2623,1871,10242,8596,a,,,,,,,4,2.3,3,7,240,3,0,0,1,5,0,17,4,3,10,0.35,0.13,0.48,5.16,2.3,2.3
2026-09-09T00:28:10+00:00,2026-09-08,daily,4,2026-09-12T12:30:00Z,47,Kamara,AVL,MID,50,0,0,0.3,2096,2600,9646,13120,a,,2026-07-23T12:01:23.337269Z,100,100,,,,2.3,3,7,270,3,0,0,1,5,0,25,9,4,12,0.00,0.10,0.10,5.38,2.3,2.3
2026-09-09T00:28:10+00:00,2026-09-08,daily,4,2026-09-12T12:30:00Z,48,Onana,AVL,MID,50,0,0,0.0,67,172,364,1271,i,Knee injury - Unknown return date,2026-07-23T12:01:23.352497Z,0,0,,,,0.0,0,0,0,0,0,0,0,0,0,0,0,0,0,0.00,0.00,0.00,0.00,0.0,0.0
2026-09-09T00:28:10+00:00,2026-09-08,daily,4,2026-09-12T12:30:00Z,49,Iling Jr,AVL,MID,50,0,0,0.0,0,15,0,198,u,Has joined Bolton Wanderers on loan for the rest of the season,2026-08-17T13:52:28.532616Z,0,0,,,,0.0,0,0,0,0,0,0,0,0,0,0,0,0,0,0.00,0.00,0.00,0.00,0.0,0.0
2026-09-09T00:28:10+00:00,2026-09-08,daily,4,2026-09-12T12:30:00Z,50,Burrowes,AVL,MID,45,0,0,0.7,4382,4804,16600,20685,a,,,,,,,,0.0,0,0,0,0,0,0,0,0,0,0,0,0,0,0.00,0.00,0.00,0.00,0.0,0.0
2026-09-09T00:28:10+00:00,2026-09-08,daily,4,2026-09-12T12:30:00Z,51,George Hemmings,AVL,MID,45,0,0,1.2,25286,10385,70434,30304,a,,,,,,,,2.3,3,7,234,3,0,0,1,5,0,18,2,6,10,0.07,0.15,0.22,5.00,2.3,2.3
2026-09-09T00:28:10+00:00,2026-09-08,daily,4,2026-09-12T12:30:00Z,52,Alysson,AVL,MID,50,0,0,0.0,277,398,1447,1923,a,,,,,,,,0.7,1,2,42,0,0,0,0,0,0,6,1,2,3,0.00,0.00,0.00,0.51,0.7,0.7
2026-09-09T00:28:10+00:00,2026-09-08,daily,4,2026-09-12T12:30:00Z,53,Manzambi,AVL,MID,59,0,-1,0.1,258,1192,831,15031,i,Knee injury - Expected back 12 Sep,2026-08-15T15:30:06.388335Z,0,0,,,,0.0,0,0,0,0,0,0,0,0,0,0,0,0,0,0.00,0.00,0.00,0.00,0.0,0.0
2026-09-09T00:28:10+00:00,2026-09-08,daily,4,2026-09-12T12:30:00Z,54,Gomes,AVL,MID,55,0,0,0.0,59,310,303,3378,s,Suspended until 19 Sep,2026-08-23T17:30:08.367415Z,0,0,,,,-0.7,0,-2,39,1,0,0,0,4,0,7,1,4,2,0.00,0.01,0.01,2.58,0.0,0.0
2026-09-09T00:28:10+00:00,2026-09-08,daily,4,2026-09-12T12:30:00Z,55,Watkins,AVL,FWD,78,0,-2,3.4,0,85765,14882,671604,u,Has joined Al Hilal permanently,2026-09-01T13:15:16.698799Z,0,0,,,,0.0,0,0,0,0,0,0,0,0,0,0,0,0,0,0.00,0.00,0.00,0.00,0.0,0.0
2026-09-09T00:28:10+00:00,2026-09-08,daily,4,2026-09-12T12:30:00Z,56,Abraham,AVL,FWD,55,0,0,0.2,2581,1597,8103,7031,a,,2026-08-15T16:00:07.558543Z,100,100,,,,0.7,1,2,24,0,0,0,0,0,0,1,0,1,0,0.00,0.00,0.00,0.37,0.7,0.7
2026-09-09T00:28:10+00:00,2026-09-08,daily,4,2026-09-12T12:30:00Z,160,Garnacho,AVL,MID,59,0,-1,0.4,968,5129,5546,27785,a,,,,,,,,1.0,1,3,31,0,0,0,0,0,0,2,0,0,2,0.00,0.00,0.00,0.49,1.0,1.0
2026-09-09T00:28:10+00:00,2026-09-08,daily,4,2026-09-12T12:30:00Z,166,N.Jackson,AVL,FWD,65,0,0,1.1,15938,9705,95143,32140,a,,,,,,,,1.3,2,4,154,2,0,0,1,1,0,5,0,0,5,0.24,0.54,0.78,1.23,1.3,1.3
2026-09-09T00:28:10+00:00,2026-09-08,daily,4,2026-09-12T12:30:00Z,582,Madjo,AVL,FWD,55,0,0,0.3,237,3168,2297,21448,i,Unspecified injury - Unknown return date,2026-08-15T16:00:07.974271Z,0,0,,,,0.0,0,0,0,0,0,0,0,0,0,0,0,0,0,0.00,0.00,0.00,0.00,0.0,0.0
2026-09-09T00:28:10+00:00,2026-09-08,daily,4,2026-09-12T12:30:00Z,596,Ruggeri,AVL,DEF,45,0,0,0.1,138,692,1730,3517,a,,,,,,,,0.7,1,2,23,0,0,0,0,0,0,3,1,2,2,0.00,0.01,0.01,0.49,0.7,0.7
2026-09-09T00:28:10+00:00,2026-09-08,daily,4,2026-09-12T12:30:00Z,597,Suzuki,AVL,GKP,50,0,0,1.5,38855,7472,76178,25517,a,,,,,,,,4.0,10,12,180,2,0,0,1,1,5,0,3,0,22,0.00,0.00,0.00,1.61,4.0,4.0
2026-09-09T00:28:10+00:00,2026-09-08,daily,4,2026-09-12T12:30:00Z,606,Rowe,AVL,DEF,40,0,0,0.2,1750,1092,9710,3021,a,,,,,,,,0.0,0,0,0,0,0,0,0,0,0,0,0,0,0,0.00,0.00,0.00,0.00,0.0,0.0
2026-09-09T00:28:10+00:00,2026-09-08,daily,4,2026-09-12T12:30:00Z,607,Lynch,AVL,MID,45,0,0,0.1,0,2174,7103,5329,u,Has joined Oxford United on loan until January,2026-09-04T12:35:39.820426Z,0,0,,,,0.0,0,0,0,0,0,0,0,0,0,0,0,0,0,0.00,0.00,0.00,0.00,0.0,0.0
2026-09-09T00:28:10+00:00,2026-09-08,daily,4,2026-09-12T12:30:00Z,611,Wan-Bissaka,AVL,DEF,45,0,0,0.2,1585,1291,9767,3078,a,,,,,,,,1.0,1,2,17,0,0,0,0,0,0,3,1,2,0,0.00,0.00,0.00,0.35,1.0,1.0
2026-09-09T00:28:10+00:00,2026-09-08,daily,4,2026-09-12T12:30:00Z,618,Goretzka,AVL,MID,60,0,0,0.1,847,992,4508,1840,a,,,,,,,,0.0,0,0,0,0,0,0,0,0,0,0,0,0,0,0.00,0.00,0.00,0.00,0.0,0.0
2026-09-09T00:28:10+00:00,2026-09-08,daily,4,2026-09-12T12:30:00Z,630,Harwood-Bellis,AVL,DEF,45,0,0,0.0,401,153,1346,343,a,,,,,,,,0.0,0,0,0,0,0,0,0,0,0,0,0,0,0,0.00,0.00,0.00,0.00,1.8,1.8
2026-09-09T00:28:10+00:00,2026-09-08,daily,4,2026-09-12T12:30:00Z,631,Mbaye,AVL,MID,60,0,0,0.1,1952,796,6008,1426,a,,,,,,,,0.0,0,0,0,0,0,0,0,0,0,0,0,0,0,0.00,0.00,0.00,0.00,2.2,2.2
2026-09-09T00:28:10+00:00,2026-09-08,daily,4,2026-09-12T12:30:00Z,57,Petrović,BOU,GKP,45,0,0,3.3,14306,18229,85666,67234,a,,,,,,,,2.0,1,6,270,3,0,0,0,5,9,0,6,0,21,0.00,0.00,0.00,4.80,2.0,2.0
2026-09-09T00:28:10+00:00,2026-09-08,daily,4,2026-09-12T12:30:00Z,58,Forster,BOU,GKP,40,0,0,3.4,18182,9829,66092,41807,a,,,,,,,,0.0,0,0,0,0,0,0,0,0,0,0,0,0,0,0.00,0.00,0.00,0.00,0.0,0.0
2026-09-09T00:28:10+00:00,2026-09-08,daily,4,2026-09-12T12:30:00Z,59,Dennis,BOU,GKP,40,0,0,0.1,0,950,1133,5251,u,Has joined MK Dons permanently,2026-08-27T14:53:48.692835Z,0,0,,,,0.0,0,0,0,0,0,0,0,0,0,0,0,0,0,0.00,0.00,0.00,0.00,0.0,0.0
2026-09-09T00:28:10+00:00,2026-09-08,daily,4,2026-09-12T12:30:00Z,60,Hill,BOU,DEF,55,0,0,0.8,3558,5553,19805,23962,a,,,,,,,,2.0,1,6,270,3,0,0,0,5,0,24,20,4,5,0.00,0.76,0.76,4.80,2.0,2.0
2026-09-09T00:28:10+00:00,2026-09-08,daily,4,2026-09-12T12:30:00Z,61,Truffert,BOU,DEF,55,0,0,3.5,5399,25937,37879,93842,a,,,,,,,,1.7,0,5,270,3,0,0,0,5,0,22,15,7,18,0.01,0.13,0.14,4.80,1.7,1.7
2026-09-09T00:28:10+00:00,2026-09-08,daily,4,2026-09-12T12:30:00Z,62,Diakité,BOU,DEF,50,0,0,0.2,720,1734,5152,7918,a,,,,,,,,0.0,0,0,0,0,0,0,0,0,0,0,0,0,0,0.00,0.00,0.00,0.00,0.0,0.0
2026-09-09T00:28:10+00:00,2026-09-08,daily,4,2026-09-12T12:30:00Z,63,Milosavljević,BOU,DEF,50,0,0,0.0,39,95,201,633,i,Unspecified injury - Unknown return date,2026-08-06T10:00:10.456051Z,0,0,,,,0.0,0,0,0,0,0,0,0,0,0,0,0,0,0,0.00,0.00,0.00,0.00,0.0,0.0
2026-09-09T00:28:10+00:00,2026-09-08,daily,4,2026-09-12T12:30:00Z,64,Smith,BOU,DEF,45,0,0,0.1,625,944,5100,4053,a,,,,,,,,0.7,0,2,270,3,0,0,0,5,0,15,11,4,9,0.01,0.06,0.07,4.80,0.7,0.7
2026-09-09T00:28:10+00:00,2026-09-08,daily,4,2026-09-12T12:30:00Z,65,J.Araujo,BOU,DEF,44,-1,-1,0.0,60,144,244,1016,i,Thigh injury - Unknown return date,2026-08-09T08:00:05.645826Z,0,0,,,,0.0,0,0,0,0,0,0,0,0,0,0,0,0,0,0.00,0.00,0.00,0.00,0.0,0.0
2026-09-09T00:28:10+00:00,2026-09-08,daily,4,2026-09-12T12:30:00Z,66,Soler,BOU,DEF,40,0,0,0.3,2306,1568,8768,6350,a,,2026-08-15T16:30:07.021055Z,100,100,,,,0.0,0,0,0,0,0,0,0,0,0,0,0,0,0,0.00,0.00,0.00,0.00,0.0,0.0
2026-09-09T00:28:10+00:00,2026-09-08,daily,4,2026-09-12T12:30:00Z,67,Rayan,BOU,MID,64,-1,-1,2.0,4145,23838,39533,106041,a,,,,,,,,2.0,2,6,266,3,0,0,0,4,0,8,3,2,3,0.48,0.06,0.54,4.56,2.0,2.0
2026-09-09T00:28:10+00:00,2026-09-08,daily,4,2026-09-12T12:30:00Z,68,Tavernier,BOU,MID,60,0,0,3.1,88347,20854,203817,83133,a,,,,,3,1,1,7.0,10,21,268,3,2,0,0,5,0,28,3,7,18,1.50,0.34,1.84,4.75,7.0,7.0
2026-09-09T00:28:10+00:00,2026-09-08,daily,4,2026-09-12T12:30:00Z,69,Scott,BOU,MID,60,0,0,4.3,202266,23951,267671,54608,a,,,,,,4,2,8.0,10,24,266,3,1,2,1,4,0,37,9,7,21,0.33,0.30,0.63,4.67,8.0,8.0
2026-09-09T00:28:10+00:00,2026-09-08,daily,4,2026-09-12T12:30:00Z,70,Kluivert,BOU,MID,60,0,0,1.0,4349,11262,31500,44374,a,,,,,2,2,3,2.3,1,7,229,3,0,0,2,1,0,18,1,4,13,0.78,0.06,0.84,4.09,2.3,2.3
2026-09-09T00:28:10+00:00,2026-09-08,daily,4,2026-09-12T12:30:00Z,71,Cook,BOU,MID,50,0,0,0.2,1298,1977,11157,7527,a,,,,,,,5,2.3,1,7,157,2,0,0,2,1,0,10,4,1,5,0.00,0.01,0.01,3.84,2.3,2.3
2026-09-09T00:28:10+00:00,2026-09-08,daily,4,2026-09-12T12:30:00Z,72,Gannon-Doak,BOU,MID,49,-1,-1,0.1,209,600,958,2982,a,,,,,,,,0.7,1,2,2,0,0,0,0,1,0,3,0,1,2,0.02,0.00,0.02,0.24,0.7,0.7
2026-09-09T00:28:10+00:00,2026-09-08,daily,4,2026-09-12T12:30:00Z,73,Adams,BOU,MID,50,0,0,0.3,3376,2059,11996,9605,a,,2026-08-15T16:30:07.029928Z,100,100,,,,2.0,4,6,111,1,0,0,0,4,0,18,4,3,11,0.00,0.01,0.01,0.95,2.0,2.0
2026-09-09T00:28:10+00:00,2026-09-08,daily,4,2026-09-12T12:30:00Z,74,Brooks,BOU,MID,50,0,0,0.1,414,462,2312,2161,a,,2026-08-15T16:30:07.037929Z,100,100,,3,4,0.7,1,2,23,0,0,0,0,2,0,0,0,0,0,0.00,0.01,0.01,0.39,0.7,0.7
2026-09-09T00:28:10+00:00,2026-09-08,daily,4,2026-09-12T12:30:00Z,75,Christie,BOU,MID,50,0,0,0.0,400,289,1998,1001,a,,2026-07-24T17:30:10.035483Z,100,100,,,6,0.7,1,2,4,0,0,0,0,1,0,2,0,1,1,0.00,0.00,0.00,0.13,0.7,0.7
2026-09-09T00:28:10+00:00,2026-09-08,daily,4,2026-09-12T12:30:00Z,76,Tóth.A,BOU,MID,50,0,0,0.0,48,131,271,508,a,,,,,,,,0.3,0,1,15,0,0,0,0,2,0,2,0,1,1,0.00,0.00,0.00,0.31,0.3,0.3
2026-09-09T00:28:10+00:00,2026-09-08,daily,4,2026-09-12T12:30:00Z,77,Adli,BOU,MID,49,0,-1,0.0,34,178,224,1781,i,Unspecified injury - Unknown return date,2026-08-15T16:00:07.590566Z,0,0,,,,0.0,0,0,0,0,0,0,0,0,0,0,0,0,0,0.00,0.00,0.00,0.00,0.0,0.0
2026-09-09T00:28:10+00:00,2026-09-08,daily,4,2026-09-12T12:30:00Z,78,Kroupi.Jr,BOU,MID,74,0,-1,0.2,121,2169,829,23537,i,Foot injury - Unknown return date,2026-07-29T17:30:09.796802Z,0,0,1,,,0.0,0,0,0,0,0,0,0,0,0,0,0,0,0,0.00,0.00,0.00,0.00,0.0,0.0
2026-09-09T00:28:10+00:00,2026-09-08,daily,4,2026-09-12T12:30:00Z,79,Evanilson,BOU,FWD,60,0,0,3.3,25555,24196,167751,86674,a,,,,,,,,3.7,2,11,244,3,0,2,2,2,0,18,9,1,8,0.71,0.26,0.97,4.32,3.7,3.7
2026-09-09T00:28:10+00:00,2026-09-08,daily,4,2026-09-12T12:30:00Z,80,Enes Ünal,BOU,FWD,55,0,0,0.0,0,152,0,1744,u,Has joined Getafe permanently,2026-08-14T14:14:21.881112Z,0,0,,,,0.0,0,0,0,0,0,0,0,0,0,0,0,0,0,0.00,0.00,0.00,0.00,0.0,0.0
2026-09-09T00:28:10+00:00,2026-09-08,daily,4,2026-09-12T12:30:00Z,81,Rodríguez,BOU,FWD,60,0,0,0.1,772,1034,3293,4135,a,,2026-08-15T16:30:07.054142Z,100,100,,,,0.3,0,1,9,0,0,0,0,1,0,1,0,0,1,0.00,0.00,0.00,0.16,0.3,0.3
2026-09-09T00:28:10+00:00,2026-09-08,daily,4,2026-09-12T12:30:00Z,566,Silva,BOU,DEF,50,0,0,0.4,2133,2922,19220,11786,a,,,,,,,,2.3,1,7,270,3,0,0,0,5,0,31,28,3,7,0.27,0.04,0.31,4.80,2.3,2.3
2026-09-09T00:28:10+00:00,2026-09-08,daily,4,2026-09-12T12:30:00Z,573,Sanchez,BOU,DEF,45,0,0,0.2,151,906,972,4660,a,,,,,,,,0.0,0,0,0,0,0,0,0,0,0,0,0,0,0,0.00,0.00,0.00,0.00,0.0,0.0
2026-09-09T00:28:10+00:00,2026-09-08,daily,4,2026-09-12T12:30:00Z,608,Jebbison,BOU,FWD,50,0,0,0.1,1993,1039,8980,3458,a,,,,,,,,0.7,1,2,16,0,0,0,0,2,0,1,0,0,1,0.10,0.00,0.10,0.36,0.7,0.7
2026-09-09T00:28:10+00:00,2026-09-08,daily,4,2026-09-12T12:30:00Z,615,Di Gregorio,BOU,GKP,45,0,0,0.0,453,315,2098,797,a,,,,,,,,0.0,0,0,0,0,0,0,0,0,0,0,0,0,0,0.00,0.00,0.00,0.00,0.0,0.0
2026-09-09T00:28:10+00:00,2026-09-08,daily,4,2026-09-12T12:30:00Z,82,Kelleher,BRE,GKP,50,0,0,6.8,18876,29573,207013,108442,a,,,,,,,,3.7,2,11,270,3,0,0,1,2,7,0,4,0,15,0.00,0.01,0.01,3.74,3.7,3.7
2026-09-09T00:28:10+00:00,2026-09-08,daily,4,2026-09-12T12:30:00Z,83,Valdimarsson,BRE,GKP,45,0,0,0.1,327,553,1944,2850,a,,,,,,,,0.0,0,0,0,0,0,0,0,0,0,0,0,0,0,0.00,0.00,0.00,0.00,0.0,0.0
2026-09-09T00:28:10+00:00,2026-09-08,daily,4,2026-09-12T12:30:00Z,84,Collins,BRE,DEF,55,0,0,1.8,1169,39200,58433,69157,d,Calf injury - 25% chance of playing,2026-09-05T18:00:06.182495Z,,25,,,,3.3,1,10,196,3,0,0,1,1,0,17,15,2,11,0.51,0.05,0.56,2.13,3.3,0.8
2026-09-09T00:28:10+00:00,2026-09-08,daily,4,2026-09-12T12:30:00Z,85,Van den Berg,BRE,DEF,49,0,-1,0.1,39,809,305,7395,i,Groin injury - Unknown return date,2026-08-15T15:30:06.416627Z,0,0,,,,0.0,0,0,0,0,0,0,0,0,0,0,0,0,0,0.00,0.00,0.00,0.00,0.0,0.0
2026-09-09T00:28:10+00:00,2026-09-08,daily,4,2026-09-12T12:30:00Z,86,Lewis-Potter,BRE,MID,55,0,0,2.2,15266,16381,169017,49424,a,,,,,,1,,6.0,2,18,267,3,1,1,1,2,0,27,11,4,12,1.03,0.65,1.68,3.74,6.0,6.0
2026-09-09T00:28:10+00:00,2026-09-08,daily,4,2026-09-12T12:30:00Z,87,Ajer,BRE,DEF,45,0,0,4.9,26546,47372,270977,123204,a,,,,,,,,4.3,2,13,270,3,0,0,1,2,0,32,30,2,7,0.11,0.03,0.14,3.74,4.3,4.3
2026-09-09T00:28:10+00:00,2026-09-08,daily,4,2026-09-12T12:30:00Z,88,Kayode,BRE,DEF,46,0,1,9.1,26601,61580,538917,162350,a,,,,,,,,5.3,1,16,207,3,1,0,1,1,0,13,12,1,11,0.55,0.21,0.76,2.28,5.3,5.3
2026-09-09T00:28:10+00:00,2026-09-08,daily,4,2026-09-12T12:30:00Z,89,Henry,BRE,DEF,45,0,0,0.2,179,1087,1284,5435,a,,,,,,,,0.3,0,1,2,0,0,0,0,0,0,0,0,0,0,0.00,0.00,0.00,0.00,0.3,0.3
2026-09-09T00:28:10+00:00,2026-09-08,daily,4,2026-09-12T12:30:00Z,90,Hickey,BRE,DEF,45,0,0,0.1,174,408,1450,1840,a,,,,,,,,1.0,1,3,61,0,0,0,0,1,0,6,4,2,4,0.00,0.02,0.02,1.46,1.0,1.0
2026-09-09T00:28:10+00:00,2026-09-08,daily,4,2026-09-12T12:30:00Z,92,Ji-soo,BRE,DEF,45,0,0,0.0,61,143,324,625,a,,,,,,,,0.0,0,0,0,0,0,0,0,0,0,0,0,0,0,0.00,0.00,0.00,0.00,0.0,0.0
2026-09-09T00:28:10+00:00,2026-09-08,daily,4,2026-09-12T12:30:00Z,93,Schuster,BRE,DEF,45,0,0,0.1,184,374,492,3052,a,,,,,,,,1.3,4,4,73,0,0,0,0,1,0,10,10,0,0,0.10,0.01,0.11,1.61,1.3,1.3
2026-09-09T00:28:10+00:00,2026-09-08,daily,4,2026-09-12T12:30:00Z,94,Schade,BRE,MID,60,0,0,3.9,15447,41361,180733,114656,a,,,,,2,,,5.0,2,15,267,3,1,0,1,2,0,23,4,5,14,0.77,0.20,0.97,3.74,5.0,5.0
2026-09-09T00:28:10+00:00,2026-09-08,daily,4,2026-09-12T12:30:00Z,95,O.Dango,BRE,MID,64,-1,-1,0.7,717,11556,12672,52089,a,,,,,,,4,1.7,1,5,140,2,0,0,1,1,0,24,8,2,14,0.07,0.38,0.45,2.18,1.7,1.7
2026-09-09T00:28:10+00:00,2026-09-08,daily,4,2026-09-12T12:30:00Z,96,Damsgaard,BRE,MID,55,0,0,0.5,2892,2141,9143,17352,a,,,,,,3,2,4.0,8,12,167,2,0,1,1,1,0,17,3,3,11,0.03,0.45,0.48,1.86,4.0,4.0
2026-09-09T00:28:10+00:00,2026-09-08,daily,4,2026-09-12T12:30:00Z,97,Jensen,BRE,MID,55,0,0,0.1,17,2492,4444,10738,i,Unspecified injury - Expected back 18 Sep,2026-08-30T12:30:08.176795Z,0,0,3,2,1,2.0,0,6,66,1,0,1,1,0,0,5,0,2,3,0.08,0.34,0.42,0.47,0.0,0.0
2026-09-09T00:28:10+00:00,2026-09-08,daily,4,2026-09-12T12:30:00Z,98,Janelt,BRE,MID,50,0,0,1.6,79673,14662,143037,32537,a,,,,,,,3,7.0,11,21,270,3,2,0,1,2,0,35,14,11,10,0.50,0.32,0.82,3.74,7.0,7.0
2026-09-09T00:28:10+00:00,2026-09-08,daily,4,2026-09-12T12:30:00Z,99,Milambo,BRE,MID,50,0,0,0.0,13,22,75,109,i,Knee injury - Unknown return date,2026-07-23T12:01:23.384798Z,0,0,,,,0.0,0,0,0,0,0,0,0,0,0,0,0,0,0,0.00,0.00,0.00,0.00,0.0,0.0
2026-09-09T00:28:10+00:00,2026-09-08,daily,4,2026-09-12T12:30:00Z,100,Carvalho,BRE,MID,50,0,0,0.0,226,212,924,816,a,,2026-08-18T13:58:17.442072Z,100,100,,,,0.0,0,0,0,0,0,0,0,0,0,0,0,0,0,0.00,0.00,0.00,0.00,0.0,0.0
2026-09-09T00:28:10+00:00,2026-09-08,daily,4,2026-09-12T12:30:00Z,102,Yarmoliuk,BRE,MID,49,0,-1,0.8,466,8346,2287,40831,a,,,,,,,,0.7,0,2,89,0,0,0,0,2,0,11,2,3,6,0.07,0.03,0.10,2.78,0.7,0.7
2026-09-09T00:28:10+00:00,2026-09-08,daily,4,2026-09-12T12:30:00Z,103,Dasilva,BRE,MID,50,0,0,0.0,19,381,363,1283,i,Hamstring injury - Expected back 10 Oct,2026-09-04T13:30:08.371955Z,0,0,,,,0.0,0,0,0,0,0,0,0,0,0,0,0,0,0,0.00,0.00,0.00,0.00,0.0,0.0
2026-09-09T00:28:10+00:00,2026-09-08,daily,4,2026-09-12T12:30:00Z,105,Anthony,BRE,MID,60,0,0,0.1,401,1400,4003,7142,a,,,,,,,,1.3,1,4,128,1,0,0,1,1,0,13,0,2,11,0.19,0.42,0.61,1.55,1.3,1.3
2026-09-09T00:28:10+00:00,2026-09-08,daily,4,2026-09-12T12:30:00Z,106,Thiago,BRE,FWD,79,-1,-1,12.0,12352,172907,176182,626862,a,,,,,1,,,1.3,2,4,262,3,0,0,1,2,0,15,4,2,9,2.30,0.10,2.40,3.67,1.3,1.3
2026-09-09T00:28:10+00:00,2026-09-08,daily,4,2026-09-12T12:30:00Z,107,Furo,BRE,FWD,45,0,0,1.1,11527,7948,46998,30176,a,,,,,,,,0.0,0,0,0,0,0,0,0,0,0,0,0,0,0,0.00,0.00,0.00,0.00,0.0,0.0
2026-09-09T00:28:10+00:00,2026-09-08,daily,4,2026-09-12T12:30:00Z,108,Wilson,BRE,FWD,55,0,0,0.4,1690,3403,11601,15495,a,,,,,,,,1.0,1,3,13,0,0,0,0,0,0,2,1,0,1,0.07,0.04,0.11,0.15,1.0,1.0
2026-09-09T00:28:10+00:00,2026-09-08,daily,4,2026-09-12T12:30:00Z,565,M.Sangaré,BRE,MID,57,0,2,14.1,70822,161108,1154052,314520,a,,,,,,,,6.0,0,18,210,3,0,2,1,1,0,32,10,7,15,0.41,0.37,0.78,2.28,6.0,6.0
2026-09-09T00:28:10+00:00,2026-09-08,daily,4,2026-09-12T12:30:00Z,620,Diouf,BRE,DEF,45,0,0,0.1,1013,1257,11155,4276,a,,,,,,,,0.0,0,0,0,0,0,0,0,0,0,0,0,0,0,0.00,0.00,0.00,0.00,0.0,0.0
2026-09-09T00:28:10+00:00,2026-09-08,daily,4,2026-09-12T12:30:00Z,109,Verbruggen,BHA,GKP,45,0,0,22.2,110816,86025,466520,288403,a,,,,,,,,3.0,3,9,270,3,0,0,1,5,4,0,0,0,23,0.00,0.20,0.20,5.71,3.0,3.0
2026-09-09T00:28:10+00:00,2026-09-08,daily,4,2026-09-12T12:30:00Z,111,Steele,BHA,GKP,40,0,0,4.3,23885,16337,96692,64640,a,,,,,,,,0.0,0,0,0,0,0,0,0,0,0,0,0,0,0,0.00,0.00,0.00,0.00,0.0,0.0
2026-09-09T00:28:10+00:00,2026-09-08,daily,4,2026-09-12T12:30:00Z,113,F.Kadıoğlu,BHA,DEF,44,0,-1,1.8,3139,12688,18443,96725,a,,2026-08-23T13:00:07.595211Z,100,100,,,3,0.7,2,2,167,2,0,0,0,5,0,5,4,1,4,0.08,0.02,0.10,5.33,0.7,0.7
2026-09-09T00:28:10+00:00,2026-09-08,daily,4,2026-09-12T12:30:00Z,114,Boscagli,BHA,DEF,45,0,0,0.3,1056,1414,11452,6968,a,,,,,,,,2.3,2,7,270,3,0,0,1,5,0,13,12,1,10,0.05,0.48,0.53,5.71,2.3,2.3
2026-09-09T00:28:10+00:00,2026-09-08,daily,4,2026-09-12T12:30:00Z,115,De Cuyper,BHA,DEF,48,1,3,19.7,287912,57812,1654751,188780,a,,,,,,4,2,7.0,4,21,243,3,1,2,1,5,0,8,4,4,10,1.50,0.40,1.90,5.62,7.0,7.0
2026-09-09T00:28:10+00:00,2026-09-08,daily,4,2026-09-12T12:30:00Z,116,Dunk,BHA,DEF,45,0,0,1.3,8186,4476,41855,23544,a,,,,,,3,,3.3,5,10,270,3,0,0,1,5,0,17,15,2,11,0.00,0.06,0.06,5.71,3.3,3.3
2026-09-09T00:28:10+00:00,2026-09-08,daily,4,2026-09-12T12:30:00Z,117,Coppola,BHA,DEF,45,0,0,0.0,88,133,540,653,a,,,,,,,,0.0,0,0,0,0,0,0,0,0,0,0,0,0,0,0.00,0.00,0.00,0.00,0.0,0.0
2026-09-09T00:28:10+00:00,2026-09-08,daily,4,2026-09-12T12:30:00Z,118,Igor,BHA,DEF,45,0,0,0.1,0,1340,915,4110,u,Has joined Burnley permanently,2026-09-02T15:38:15.529699Z,0,0,,,,0.0,0,0,0,0,0,0,0,0,0,0,0,0,0,0.00,0.00,0.00,0.00,0.0,0.0
2026-09-09T00:28:10+00:00,2026-09-08,daily,4,2026-09-12T12:30:00Z,119,Costinha,BHA,DEF,45,0,0,0.0,110,159,795,857,a,,,,,,,,0.7,1,2,48,0,0,0,0,0,0,5,4,1,0,0.12,0.16,0.28,0.24,0.7,0.7
2026-09-09T00:28:10+00:00,2026-09-08,daily,4,2026-09-12T12:30:00Z,120,Svoboda,BHA,DEF,50,0,0,0.1,492,555,2123,2226,a,,,,,,,,0.0,0,0,0,0,0,0,0,0,0,0,0,0,0,0.00,0.00,0.00,0.00,0.0,0.0
2026-09-09T00:28:10+00:00,2026-09-08,daily,4,2026-09-12T12:30:00Z,121,Mitoma,BHA,MID,59,-1,-1,0.0,47,306,336,2494,i,Hamstring injury - Unknown return date,2026-07-24T18:30:10.661894Z,0,0,,,,0.0,0,0,0,0,0,0,0,0,0,0,0,0,0,0.00,0.00,0.00,0.00,0.0,0.0
2026-09-09T00:28:10+00:00,2026-09-08,daily,4,2026-09-12T12:30:00Z,122,Minteh,BHA,MID,59,0,-1,0.0,22,484,249,5931,i,Leg injury - Expected back 28 Nov,2026-08-14T18:00:06.418033Z,0,0,,,5,0.0,0,0,0,0,0,0,0,0,0,0,0,0,0,0.00,0.00,0.00,0.00,0.0,0.0
2026-09-09T00:28:10+00:00,2026-09-08,daily,4,2026-09-12T12:30:00Z,123,Hinshelwood,BHA,MID,60,0,0,1.1,735,24856,147186,161636,d,Unspecified injury - 50% chance of playing,2026-08-27T19:30:07.780933Z,50,50,,,,5.3,0,16,63,1,2,0,1,0,0,3,0,2,1,1.41,0.02,1.43,0.19,2.6,2.6
2026-09-09T00:28:10+00:00,2026-09-08,daily,4,2026-09-12T12:30:00Z,124,Groß,BHA,MID,55,0,0,16.2,145851,87994,618345,301071,a,,,,,1,1,1,5.3,1,16,270,3,1,1,1,5,0,15,4,4,7,0.84,0.42,1.26,5.71,5.3,5.3
2026-09-09T00:28:10+00:00,2026-09-08,daily,4,2026-09-12T12:30:00Z,125,Georginio,BHA,FWD,55,0,0,0.6,619,9942,29052,51425,d,Unspecified injury - 75% chance of playing,2026-08-26T16:00:07.608056Z,75,75,,,,1.7,0,5,90,1,0,1,1,0,0,7,1,2,4,0.08,0.44,0.52,0.29,1.3,1.3
2026-09-09T00:28:10+00:00,2026-09-08,daily,4,2026-09-12T12:30:00Z,126,O'Riley,BHA,MID,55,0,0,0.1,546,825,2242,4126,a,,,,,3,,,0.0,0,0,0,0,0,0,0,0,0,0,0,0,0,0.00,0.00,0.00,0.00,0.0,0.0
2026-09-09T00:28:10+00:00,2026-09-08,daily,4,2026-09-12T12:30:00Z,127,Gomez,BHA,MID,50,0,0,4.9,47388,46185,248841,123169,a,,,,,,5,,4.3,2,13,265,3,0,2,1,5,0,20,5,8,7,0.65,0.70,1.35,5.71,4.3,4.3
2026-09-09T00:28:10+00:00,2026-09-08,daily,4,2026-09-12T12:30:00Z,128,Buonanotte,BHA,MID,50,0,0,0.0,0,28,0,295,u,Has joined Elche on loan for the rest of the season,2026-08-10T14:03:07.561436Z,0,0,,,,0.0,0,0,0,0,0,0,0,0,0,0,0,0,0,0.00,0.00,0.00,0.00,0.0,0.0
2026-09-09T00:28:10+00:00,2026-09-08,daily,4,2026-09-12T12:30:00Z,129,Ayari,BHA,MID,54,0,-1,0.4,1005,3425,5782,32371,a,,2026-08-30T18:00:07.935334Z,75,100,,2,4,1.3,2,4,153,2,0,0,1,1,0,7,2,0,5,0.28,0.07,0.35,2.68,1.0,1.3
2026-09-09T00:28:10+00:00,2026-09-08,daily,4,2026-09-12T12:30:00Z,130,Wieffer,BHA,DEF,50,0,0,0.3,50,12289,25840,28181,i,Knee injury - Unknown return date,2026-09-04T09:30:08.612904Z,0,0,,,,2.3,0,7,156,2,0,0,1,4,0,15,11,4,9,0.12,0.13,0.25,3.18,0.0,0.0
2026-09-09T00:28:10+00:00,2026-09-08,daily,4,2026-09-12T12:30:00Z,132,Howell,BHA,MID,45,0,0,0.0,0,354,0,2862,u,Has joined Leicester City on loan for the rest of the season,2026-08-17T13:53:19.019938Z,0,0,,,,0.0,0,0,0,0,0,0,0,0,0,0,0,0,0,0.00,0.00,0.00,0.00,0.0,0.0
2026-09-09T00:28:10+00:00,2026-09-08,daily,4,2026-09-12T12:30:00Z,133,Watson,BHA,MID,50,0,0,0.0,0,15,0,117,u,Has joined Leicester City on loan for the rest of the season,2026-08-03T14:05:44.459483Z,0,0,,,,0.0,0,0,0,0,0,0,0,0,0,0,0,0,0,0.00,0.00,0.00,0.00,0.0,0.0
2026-09-09T00:28:10+00:00,2026-09-08,daily,4,2026-09-12T12:30:00Z,134,Oriola,BHA,MID,45,0,0,0.3,1365,1802,6685,8341,a,,,,,,,,0.0,0,0,0,0,0,0,0,0,0,0,0,0,0,0.00,0.00,0.00,0.00,0.0,0.0
2026-09-09T00:28:10+00:00,2026-09-08,daily,4,2026-09-12T12:30:00Z,135,Yohanna,BHA,MID,49,-1,-1,0.1,270,587,1160,3045,a,,,,,,,,0.3,0,1,12,0,0,0,0,0,0,0,0,0,0,0.00,0.03,0.03,0.00,0.3,0.3
2026-09-09T00:28:10+00:00,2026-09-08,daily,4,2026-09-12T12:30:00Z,137,Tzimas,BHA,FWD,55,0,0,0.0,45,77,209,539,i,Knee injury - Unknown return date,2026-07-23T12:01:23.432796Z,0,0,,,,0.0,0,0,0,0,0,0,0,0,0,0,0,0,0,0.00,0.00,0.00,0.00,0.0,0.0
2026-09-09T00:28:10+00:00,2026-09-08,daily,4,2026-09-12T12:30:00Z,138,Kostoulas,BHA,FWD,55,0,0,0.5,7928,3792,39045,12061,a,,,,,,,,2.7,2,8,195,2,0,1,0,5,0,16,3,2,11,0.78,0.04,0.82,5.48,2.7,2.7
2026-09-09T00:28:10+00:00,2026-09-08,daily,4,2026-09-12T12:30:00Z,139,Ferguson,BHA,FWD,50,0,0,0.0,237,331,1100,1672,i,Ankle injury - Expected back 10 Oct,2026-07-23T12:01:23.448357Z,0,0,,,,0.0,0,0,0,0,0,0,0,0,0,0,0,0,0,0.00,0.00,0.00,0.00,0.0,0.0
2026-09-09T00:28:10+00:00,2026-09-08,daily,4,2026-09-12T12:30:00Z,328,Struijk,BHA,DEF,50,0,0,0.2,758,1335,3722,7565,a,,2026-08-15T20:30:07.523574Z,100,100,,,,0.3,1,1,1,0,0,0,0,0,0,0,0,0,0,0.00,0.00,0.00,0.00,0.3,0.3
2026-09-09T00:28:10+00:00,2026-09-08,daily,4,2026-09-12T12:30:00Z,504,Vuskovic,BHA,DEF,50,0,0,2.9,56810,15686,100839,60611,a,,,,,,,,6.0,12,18,270,3,1,0,1,5,0,22,19,3,9,0.35,0.06,0.41,5.71,6.0,6.0
2026-09-09T00:28:10+00:00,2026-09-08,daily,4,2026-09-12T12:30:00Z,594,David,BHA,FWD,60,0,0,0.2,1687,2934,8650,12797,a,,,,,2,,,0.3,0,1,23,0,0,0,0,0,0,0,0,0,0,0.42,0.00,0.42,0.14,0.3,0.3
2026-09-09T00:28:10+00:00,2026-09-08,daily,4,2026-09-12T12:30:00Z,600,Osman,BHA,MID,50,0,0,0.0,94,174,624,599,a,,,,,,,,0.7,0,2,28,0,0,0,0,1,0,3,0,1,2,0.00,0.06,0.06,0.10,0.7,0.7
2026-09-09T00:28:10+00:00,2026-09-08,daily,4,2026-09-12T12:30:00Z,605,Yalcouyé,BHA,MID,45,0,0,2.8,92575,25982,305327,60567,a,,,,,,,,3.7,2,11,167,2,1,0,0,4,0,12,4,3,5,0.75,0.26,1.01,5.32,3.7,3.7
2026-09-09T00:28:10+00:00,2026-09-08,daily,4,2026-09-12T12:30:00Z,614,Hadjam,BHA,DEF,45,0,0,0.0,248,379,3049,918,a,,,,,,,,0.0,0,0,0,0,0,0,0,0,0,0,0,0,0,0.00,0.00,0.00,0.00,0.0,0.0
2026-09-09T00:28:10+00:00,2026-09-08,daily,4,2026-09-12T12:30:00Z,624,Cozier-Duberry,BHA,MID,50,0,0,0.0,0,31,117,87,u,Has joined Middlesbrough on loan for the rest of the season,2026-09-02T15:38:15.552951Z,0,0,,,,0.0,0,0,0,0,0,0,0,0,0,0,0,0,0,0.00,0.00,0.00,0.00,0.0,0.0
2026-09-09T00:28:10+00:00,2026-09-08,daily,4,2026-09-12T12:30:00Z,639,Andrés,BHA,MID,55,0,0,0.0,348,111,609,153,a,,,,,,,,0.0,0,0,0,0,0,0,0,0,0,0,0,0,0,0.00,0.00,0.00,0.00,2.0,2.0
2026-09-09T00:28:10+00:00,2026-09-08,daily,4,2026-09-12T12:30:00Z,652,Azeez,BHA,MID,55,0,0,0.0,82,29,330,63,i,Unspecified injury - Expected back 13 Sep,2026-09-04T11:30:08.661589Z,0,0,,,,0.0,0,0,0,0,0,0,0,0,0,0,0,0,0,0.00,0.00,0.00,0.00,0.0,0.0
2026-09-09T00:28:10+00:00,2026-09-08,daily,4,2026-09-12T12:30:00Z,28,Martinez,CHE,GKP,50,0,0,4.9,63491,25297,161255,145474,a,,,,,,,,1.7,3,5,180,2,0,0,0,5,12,0,1,0,21,0.00,0.01,0.01,3.46,1.7,1.7
2026-09-09T00:28:10+00:00,2026-09-08,daily,4,2026-09-12T12:30:00Z,40,Rogers,CHE,MID,76,1,1,28.4,435779,66261,899180,459994,a,,,,,,,4,6.3,6,19,257,3,2,1,0,7,0,17,1,3,13,1.18,1.14,2.32,4.70,6.3,6.3
2026-09-09T00:28:10+00:00,2026-09-08,daily,4,2026-09-12T12:30:00Z,101,Henderson,CHE,MID,49,-1,-1,0.0,99,339,522,1796,d,Wrist injury - 75% chance of playing,2026-08-09T09:30:07.136250Z,75,75,,,,0.0,0,0,0,0,0,0,0,0,0,0,0,0,0,0.00,0.00,0.00,0.00,0.0,0.0
2026-09-09T00:28:10+00:00,2026-09-08,daily,4,2026-09-12T12:30:00Z,136,Welbeck,CHE,FWD,59,0,-1,0.8,3407,7855,14416,54656,a,,2026-08-20T14:00:07.949090Z,100,100,,,,0.3,1,1,3,0,0,0,0,0,0,0,0,0,0,0.00,0.00,0.00,0.00,0.3,0.3
2026-09-09T00:28:10+00:00,2026-09-08,daily,4,2026-09-12T12:30:00Z,140,Sánchez,CHE,GKP,49,0,-1,1.1,0,27627,10847,139180,u,Has joined Como on loan for the rest of the season,2026-09-02T16:20:41.841936Z,0,0,,,,0.7,0,2,90,1,0,0,0,2,4,0,1,0,5,0.00,0.01,0.01,1.33,0.0,0.0
2026-09-09T00:28:10+00:00,2026-09-08,daily,4,2026-09-12T12:30:00Z,141,Jörgensen,CHE,GKP,50,0,0,0.0,0,72,0,843,u,Has joined RC Strasbourg on loan for the rest of the season,2026-08-12T14:07:02.607115Z,0,0,,,,0.0,0,0,0,0,0,0,0,0,0,0,0,0,0,0.00,0.00,0.00,0.00,0.0,0.0
2026-09-09T00:28:10+00:00,2026-09-08,daily,4,2026-09-12T12:30:00Z,142,James,CHE,DEF,54,-1,-1,7.8,26882,49020,116446,341500,a,,,,,,1,1,0.7,1,2,202,2,0,0,0,5,0,9,9,0,11,0.17,0.12,0.29,3.52,0.7,0.7
2026-09-09T00:28:10+00:00,2026-09-08,daily,4,2026-09-12T12:30:00Z,143,Chalobah,CHE,DEF,55,0,0,0.1,0,898,0,12485,u,Has joined Como permanently,2026-08-10T14:03:50.769483Z,0,0,,,,0.0,0,0,0,0,0,0,0,0,0,0,0,0,0,0.00,0.00,0.00,0.00,0.0,0.0
2026-09-09T00:28:10+00:00,2026-09-08,daily,4,2026-09-12T12:30:00Z,144,Gusto,CHE,DEF,50,0,0,1.1,4428,8142,27679,40610,a,,,,,,,,1.0,1,3,195,2,0,0,0,5,0,10,6,4,9,0.04,0.05,0.09,2.66,1.0,1.0
2026-09-09T00:28:10+00:00,2026-09-08,daily,4,2026-09-12T12:30:00Z,145,Fofana,CHE,DEF,50,0,0,0.1,4518,1005,7910,2494,a,,2026-07-23T12:01:23.464591Z,100,100,,,,1.0,3,3,157,2,0,0,0,4,0,26,23,3,3,0.00,0.05,0.05,3.31,1.0,1.0
2026-09-09T00:28:10+00:00,2026-09-08,daily,4,2026-09-12T12:30:00Z,146,B.Badiashile,CHE,DEF,45,0,0,0.0,0,168,232,1687,u,Has joined Napoli on loan for the rest of the season,2026-08-25T14:03:47.079414Z,0,0,,,,0.0,0,0,0,0,0,0,0,0,0,0,0,0,0,0.00,0.00,0.00,0.00,0.0,0.0
2026-09-09T00:28:10+00:00,2026-09-08,daily,4,2026-09-12T12:30:00Z,148,Hato,CHE,DEF,45,0,0,0.8,26408,7246,53282,22157,a,,,,,,,,2.7,3,8,213,3,0,2,0,7,0,15,9,6,7,0.01,0.11,0.12,4.37,2.7,2.7
2026-09-09T00:28:10+00:00,2026-09-08,daily,4,2026-09-12T12:30:00Z,149,Colwill,CHE,DEF,49,-1,-1,1.1,3091,12057,21382,63434,a,,,,,,,,0.3,0,1,161,2,0,0,0,4,0,13,10,3,5,0.01,0.03,0.04,2.64,0.3,0.3
2026-09-09T00:28:10+00:00,2026-09-08,daily,4,2026-09-12T12:30:00Z,150,M.Sarr,CHE,DEF,45,0,0,0.0,0,670,429,4968,u,Has joined Real Sociedad on loan for the rest of the season,2026-08-29T00:34:23.077418Z,0,0,,,,0.0,0,0,0,0,0,0,0,0,0,0,0,0,0,0.00,0.00,0.00,0.00,0.0,0.0
2026-09-09T00:28:10+00:00,2026-09-08,daily,4,2026-09-12T12:30:00Z,151,Acheampong,CHE,DEF,45,0,0,0.4,2794,2319,15651,12234,a,,,,,,,,1.7,1,5,202,2,0,0,0,5,0,19,13,6,7,0.00,0.02,0.02,3.52,1.7,1.7
2026-09-09T00:28:10+00:00,2026-09-08,daily,4,2026-09-12T12:30:00Z,152,Palestra,CHE,DEF,54,0,-1,1.1,340,17513,6121,167453,d,Unspecified injury - 75% chance of playing,2026-08-24T18:30:07.421239Z,75,75,,,,0.0,0,0,0,0,0,0,0,0,0,0,0,0,0,0.00,0.00,0.00,0.00,0.0,0.0
2026-09-09T00:28:10+00:00,2026-09-08,daily,4,2026-09-12T12:30:00Z,154,Palmer,CHE,MID,96,0,1,22.1,341807,64144,1106581,288904,a,,2026-08-24T22:00:07.971542Z,100,100,1,3,,7.0,1,21,262,3,2,1,0,7,0,20,2,4,14,1.05,0.36,1.41,4.70,7.0,7.0
2026-09-09T00:28:10+00:00,2026-09-08,daily,4,2026-09-12T12:30:00Z,156,Neto,CHE,MID,65,0,0,1.3,13274,8690,40787,51631,a,,,,,,4,2,3.3,2,10,161,2,1,0,0,4,0,15,5,2,8,0.47,0.43,0.90,3.53,3.3,3.3
2026-09-09T00:28:10+00:00,2026-09-08,daily,4,2026-09-12T12:30:00Z,157,Estêvão,CHE,MID,64,0,-1,0.8,2432,8349,11482,66885,a,,,,,3,,5,0.7,1,2,16,0,0,0,0,0,0,1,0,0,1,0.04,0.00,0.04,0.09,0.7,0.7
2026-09-09T00:28:10+00:00,2026-09-08,daily,4,2026-09-12T12:30:00Z,158,Gittens,CHE,MID,59,0,-1,0.0,162,309,693,2057,a,,,,,,,,0.0,0,0,0,0,0,0,0,0,0,0,0,0,0,0.00,0.00,0.00,0.00,0.0,0.0
2026-09-09T00:28:10+00:00,2026-09-08,daily,4,2026-09-12T12:30:00Z,159,Caicedo,CHE,MID,54,0,-1,1.7,1080,25755,13792,216229,d,Unspecified injury - 75% chance of playing,2026-08-30T16:00:08.393562Z,75,75,,,,0.3,0,1,13,0,0,0,0,0,0,0,0,0,0,0.00,0.00,0.00,0.07,0.2,0.2
2026-09-09T00:28:10+00:00,2026-09-08,daily,4,2026-09-12T12:30:00Z,161,Lavia,CHE,MID,50,0,0,0.2,4553,2193,19450,6870,a,,,,,,,,3.0,1,9,190,3,1,0,0,6,0,22,7,5,10,0.75,0.04,0.79,4.22,3.0,3.0
2026-09-09T00:28:10+00:00,2026-09-08,daily,4,2026-09-12T12:30:00Z,163,D.Essugo,CHE,MID,45,0,0,0.1,0,2720,2698,10200,u,Has joined RC Strasbourg on loan for the rest of the season,2026-09-02T16:20:41.865225Z,0,0,,,,0.0,0,0,0,0,0,0,0,0,0,0,0,0,0,0.00,0.00,0.00,0.00,0.0,0.0
2026-09-09T00:28:10+00:00,2026-09-08,daily,4,2026-09-12T12:30:00Z,164,Quenda,CHE,MID,54,0,-1,0.0,111,375,634,2391,a,,2026-07-24T20:30:10.609931Z,100,100,,,,0.3,0,1,8,0,0,0,0,0,0,1,1,0,0,0.00,0.00,0.00,0.09,0.3,0.3
2026-09-09T00:28:10+00:00,2026-09-08,daily,4,2026-09-12T12:30:00Z,165,João Pedro,CHE,FWD,77,0,2,72.4,201213,64324,1052929,283260,a,,,,,,,,7.0,1,21,270,3,2,2,0,7,0,7,1,1,5,1.88,0.15,2.03,4.79,7.0,7.0
2026-09-09T00:28:10+00:00,2026-09-08,daily,4,2026-09-12T12:30:00Z,168,Marc Guiu,CHE,FWD,50,0,0,0.3,0,5593,4102,24526,u,Has joined RB Leipzig permanently,2026-09-01T13:24:48.857362Z,0,0,,,,0.0,0,0,0,0,0,0,0,0,0,0,0,0,0,0.00,0.00,0.00,0.00,0.0,0.0
2026-09-09T00:28:10+00:00,2026-09-08,daily,4,2026-09-12T12:30:00Z,169,Mheuka,CHE,FWD,45,0,0,0.4,4646,3345,16014,13512,a,,,,,,,,0.0,0,0,0,0,0,0,0,0,0,0,0,0,0,0.00,0.00,0.00,0.00,0.0,0.0
2026-09-09T00:28:10+00:00,2026-09-08,daily,4,2026-09-12T12:30:00Z,170,Emegha,CHE,FWD,50,0,0,0.2,1596,1578,5755,7160,a,,2026-07-24T20:30:10.622380Z,100,100,,,,0.0,0,0,0,0,0,0,0,0,0,0,0,0,0,0.00,0.00,0.00,0.00,0.0,0.0
2026-09-09T00:28:10+00:00,2026-09-08,daily,4,2026-09-12T12:30:00Z,200,Lacroix,CHE,DEF,60,0,0,8.2,30705,42226,127106,237243,a,,,,,,,,3.0,2,9,270,3,0,1,0,7,0,32,24,8,5,0.02,0.21,0.23,4.79,3.0,3.0
2026-09-09T00:28:10+00:00,2026-09-08,daily,4,2026-09-12T12:30:00Z,560,Penders,CHE,GKP,45,0,0,0.1,155,426,913,2323,a,,,,,,,,0.0,0,0,0,0,0,0,0,0,0,0,0,0,0,0.00,0.00,0.00,0.00,0.0,0.0
2026-09-09T00:28:10+00:00,2026-09-08,daily,4,2026-09-12T12:30:00Z,561,Anselmino,CHE,DEF,45,0,0,0.0,128,115,475,835,a,,2026-08-23T19:00:08.536705Z,100,100,,,,0.0,0,0,0,0,0,0,0,0,0,0,0,0,0,0.00,0.00,0.00,0.00,0.0,0.0
2026-09-09T00:28:10+00:00,2026-09-08,daily,4,2026-09-12T12:30:00Z,568,Barco,CHE,MID,55,0,0,0.1,382,844,1965,4578,a,,,,,,,,0.3,0,1,8,0,0,0,0,1,0,1,1,0,0,0.04,0.00,0.04,0.07,0.3,0.3
2026-09-09T00:28:10+00:00,2026-09-08,daily,4,2026-09-12T12:30:00Z,583,Chavarria,CHE,DEF,49,-1,-1,0.2,340,1152,2085,7787,a,,,,,,,,1.0,1,3,73,0,0,0,0,1,0,6,4,2,3,0.00,0.02,0.02,0.51,1.0,1.0
2026-09-09T00:28:10+00:00,2026-09-08,daily,4,2026-09-12T12:30:00Z,91,Pinnock,COV,DEF,45,0,0,0.1,343,389,1422,2676,a,,,,,,,,1.3,3,4,102,1,0,0,0,2,0,15,14,1,2,0.11,0.00,0.11,2.66,1.3,1.3
2026-09-09T00:28:10+00:00,2026-09-08,daily,4,2026-09-12T12:30:00Z,104,Onyeka,COV,MID,49,-1,-1,0.1,302,802,3137,6607,a,,,,,,,,1.3,2,4,152,2,0,0,0,4,0,12,3,2,7,0.00,0.01,0.01,3.05,1.3,1.3
2026-09-09T00:28:10+00:00,2026-09-08,daily,4,2026-09-12T12:30:00Z,110,Rushworth,COV,GKP,45,0,0,1.0,2520,8216,17389,31841,a,,,,,,,,1.7,2,5,270,3,0,0,0,5,5,0,3,0,29,0.00,0.01,0.01,4.72,1.7,1.7
2026-09-09T00:28:10+00:00,2026-09-08,daily,4,2026-09-12T12:30:00Z,171,Dovin,COV,GKP,40,0,0,1.2,0,10612,8924,35318,u,Has joined Leyton Orient on loan for the rest of the season,2026-09-02T15:44:14.839336Z,0,0,,,,0.0,0,0,0,0,0,0,0,0,0,0,0,0,0,0.00,0.00,0.00,0.00,0.0,0.0
2026-09-09T00:28:10+00:00,2026-09-08,daily,4,2026-09-12T12:30:00Z,172,Wilson,COV,GKP,45,0,0,0.4,138,1189,630,8836,a,,,,,,,,0.0,0,0,0,0,0,0,0,0,0,0,0,0,0,0.00,0.00,0.00,0.00,0.0,0.0
2026-09-09T00:28:10+00:00,2026-09-08,daily,4,2026-09-12T12:30:00Z,173,Thomas,COV,DEF,40,0,0,8.7,61268,39834,213487,133391,a,,,,,,,,5.0,4,15,257,3,0,0,1,4,0,31,29,2,11,0.24,0.19,0.43,4.18,5.0,5.0
2026-09-09T00:28:10+00:00,2026-09-08,daily,4,2026-09-12T12:30:00Z,174,Kitching,COV,DEF,40,0,0,0.5,0,6229,981,21452,u,Has joined Sheffield United on loan for the rest of the season,2026-09-02T16:21:03.612394Z,0,0,,,,0.0,0,0,0,0,0,0,0,0,0,0,0,0,0,0.00,0.00,0.00,0.00,0.0,0.0
2026-09-09T00:28:10+00:00,2026-09-08,daily,4,2026-09-12T12:30:00Z,175,van Ewijk,COV,DEF,40,0,0,11.1,16769,70834,92932,242659,a,,,,,,,,2.0,3,6,270,3,0,0,0,5,0,20,15,5,10,0.00,0.26,0.26,4.72,2.0,2.0
2026-09-09T00:28:10+00:00,2026-09-08,daily,4,2026-09-12T12:30:00Z,176,Dasilva,COV,DEF,40,0,0,0.7,1011,2316,6899,13556,a,,,,,,,,1.7,2,5,264,3,0,0,0,5,0,16,12,4,7,0.18,0.15,0.33,4.72,1.7,1.7
2026-09-09T00:28:10+00:00,2026-09-08,daily,4,2026-09-12T12:30:00Z,177,Kesler-Hayden,COV,DEF,40,0,0,0.0,66,377,365,2389,i,Hamstring injury - Unknown return date,2026-08-27T14:56:28.704361Z,0,0,,,,0.0,0,0,0,0,0,0,0,0,0,0,0,0,0,0.00,0.00,0.00,0.00,0.0,0.0
2026-09-09T00:28:10+00:00,2026-09-08,daily,4,2026-09-12T12:30:00Z,178,Bidwell,COV,DEF,40,0,0,0.1,366,431,1535,2153,a,,,,,,,,0.0,0,0,0,0,0,0,0,0,0,0,0,0,0,0.00,0.00,0.00,0.00,0.0,0.0
2026-09-09T00:28:10+00:00,2026-09-08,daily,4,2026-09-12T12:30:00Z,179,Latibeaudiere,COV,DEF,40,0,0,0.0,162,192,641,1092,a,,,,,,,,0.0,0,0,0,0,0,0,0,0,0,0,0,0,0,0.00,0.00,0.00,0.00,0.0,0.0
2026-09-09T00:28:10+00:00,2026-09-08,daily,4,2026-09-12T12:30:00Z,180,Woolfenden,COV,DEF,40,0,0,0.1,201,1071,1806,6480,i,Knee injury - Unknown return date,2026-08-27T14:56:28.718566Z,0,0,,,,0.0,0,0,0,0,0,0,0,0,0,0,0,0,0,0.00,0.00,0.00,0.00,0.0,0.0
2026-09-09T00:28:10+00:00,2026-09-08,daily,4,2026-09-12T12:30:00Z,181,Brau,COV,DEF,40,0,0,0.0,0,245,275,1558,u,Has joined Academico de Viseu on loan for the rest of the season,2026-08-29T00:35:59.980316Z,0,0,,,,0.0,0,0,0,0,0,0,0,0,0,0,0,0,0,0.00,0.00,0.00,0.00,0.0,0.0
2026-09-09T00:28:10+00:00,2026-09-08,daily,4,2026-09-12T12:30:00Z,182,Amenda,COV,DEF,40,0,0,0.8,1900,3052,8352,15640,a,,,,,,,,1.3,2,4,270,3,0,0,0,5,0,16,15,1,11,0.02,0.39,0.41,4.72,1.3,1.3
2026-09-09T00:28:10+00:00,2026-09-08,daily,4,2026-09-12T12:30:00Z,183,Rudoni,COV,MID,50,0,0,0.1,489,897,2445,4765,a,,2026-07-23T12:01:23.481435Z,100,100,,1,4,2.0,2,6,152,2,0,0,1,1,0,16,3,3,10,0.50,0.18,0.68,1.48,2.0,2.0
2026-09-09T00:28:10+00:00,2026-09-08,daily,4,2026-09-12T12:30:00Z,184,Grimes,COV,MID,50,0,0,0.1,297,1288,3068,6828,a,,,,,3,,1,2.0,2,6,270,3,0,0,0,5,0,25,8,5,12,0.05,0.05,0.10,4.72,2.0,2.0
2026-09-09T00:28:10+00:00,2026-09-08,daily,4,2026-09-12T12:30:00Z,185,Sakamoto,COV,MID,49,0,-1,0.1,138,618,679,3816,a,,,,,,,,0.3,0,1,31,0,0,0,0,1,0,4,0,2,2,0.02,0.02,0.04,0.69,0.3,0.3
2026-09-09T00:28:10+00:00,2026-09-08,daily,4,2026-09-12T12:30:00Z,186,Mason-Clark,COV,MID,54,0,-1,0.1,124,510,841,4176,a,,2026-08-19T18:00:08.310507Z,100,100,,,,1.0,2,3,127,2,0,0,0,1,0,9,4,0,5,0.00,0.06,0.06,1.19,1.0,1.0
2026-09-09T00:28:10+00:00,2026-09-08,daily,4,2026-09-12T12:30:00Z,187,Eccles,COV,MID,49,0,-1,0.0,53,150,556,853,a,,,,,,,,0.0,0,0,0,0,0,0,0,0,0,0,0,0,0,0.00,0.00,0.00,0.00,0.0,0.0
2026-09-09T00:28:10+00:00,2026-09-08,daily,4,2026-09-12T12:30:00Z,188,Torp,COV,MID,54,0,-1,0.1,37,803,686,5599,a,,,,,2,2,2,0.7,0,2,47,0,0,0,0,1,0,3,1,0,2,0.00,0.12,0.12,1.01,0.7,0.7
2026-09-09T00:28:10+00:00,2026-09-08,daily,4,2026-09-12T12:30:00Z,189,Shepherd,COV,MID,45,0,0,0.3,798,1519,3508,8429,a,,,,,,,,0.0,0,0,0,0,0,0,0,0,0,0,0,0,0,0.00,0.00,0.00,0.00,0.0,0.0
2026-09-09T00:28:10+00:00,2026-09-08,daily,4,2026-09-12T12:30:00Z,190,Tchaouna,COV,MID,55,0,0,0.1,110,727,3000,5930,a,,,,,,,5,1.3,1,4,166,2,0,0,0,3,0,15,5,1,9,0.19,0.18,0.37,2.73,1.3,1.3
2026-09-09T00:28:10+00:00,2026-09-08,daily,4,2026-09-12T12:30:00Z,191,Borges Rodrigues,COV,MID,45,0,0,0.1,0,1995,1943,7556,u,Has joined Burton Albion on loan for the rest of the season,2026-09-02T15:44:14.868001Z,0,0,,,,0.0,0,0,0,0,0,0,0,0,0,0,0,0,0,0.00,0.00,0.00,0.00,0.0,0.0
2026-09-09T00:28:10+00:00,2026-09-08,daily,4,2026-09-12T12:30:00Z,192,Andrews,COV,MID,45,0,0,0.4,0,4443,2718,29402,u,Has joined Oxford United on loan for the rest of the season,2026-08-29T00:35:59.998520Z,0,0,,,,0.0,0,0,0,0,0,0,0,0,0,0,0,0,0,0.00,0.00,0.00,0.00,0.0,0.0
2026-09-09T00:28:10+00:00,2026-09-08,daily,4,2026-09-12T12:30:00Z,193,Wright,COV,FWD,54,0,-1,0.1,91,1111,444,9884,i,Thigh injury - Unknown return date,2026-08-14T22:00:07.214508Z,0,0,1,,,0.0,0,0,0,0,0,0,0,0,0,0,0,0,0,0.00,0.00,0.00,0.00,0.0,0.0
2026-09-09T00:28:10+00:00,2026-09-08,daily,4,2026-09-12T12:30:00Z,194,Thomas-Asante,COV,FWD,50,0,0,0.8,6358,6677,37341,32064,a,,,,,4,,,1.3,1,4,120,1,0,0,0,4,0,11,6,0,5,0.00,0.02,0.02,3.24,1.3,1.3
2026-09-09T00:28:10+00:00,2026-09-08,daily,4,2026-09-12T12:30:00Z,195,Simms,COV,FWD,50,0,0,0.8,3087,7157,33080,38761,a,,,,,,,,1.0,1,3,88,1,0,0,0,3,0,3,1,0,2,0.30,0.01,0.31,2.55,1.0,1.0
2026-09-09T00:28:10+00:00,2026-09-08,daily,4,2026-09-12T12:30:00Z,196,Markelo,COV,FWD,50,0,0,0.0,0,76,0,962,u,Has joined Shabab Al-Ahli Dubai permanently,2026-08-17T13:53:55.791223Z,0,0,,,,0.0,0,0,0,0,0,0,0,0,0,0,0,0,0,0.00,0.00,0.00,0.00,0.0,0.0
2026-09-09T00:28:10+00:00,2026-09-08,daily,4,2026-09-12T12:30:00Z,197,Bassette,COV,FWD,45,0,0,0.0,0,239,0,1575,u,Has joined KVC Westerlo on loan for the rest of the season,2026-07-28T12:58:50.001768Z,0,0,,,,0.0,0,0,0,0,0,0,0,0,0,0,0,0,0,0.00,0.00,0.00,0.00,0.0,0.0
2026-09-09T00:28:10+00:00,2026-09-08,daily,4,2026-09-12T12:30:00Z,492,Awoniyi,COV,FWD,55,0,0,0.7,3762,4889,17258,32338,a,,,,,5,,,1.7,2,5,180,2,0,0,0,2,0,9,3,0,6,1.24,0.03,1.27,2.18,1.7,1.7
2026-09-09T00:28:10+00:00,2026-09-08,daily,4,2026-09-12T12:30:00Z,575,Yirenkyi,COV,MID,49,-1,-1,0.2,321,1708,2096,8499,a,,,,,,,,1.7,1,5,158,2,0,0,1,3,0,16,5,0,11,0.03,0.13,0.16,2.53,1.7,1.7
2026-09-09T00:28:10+00:00,2026-09-08,daily,4,2026-09-12T12:30:00Z,584,Hamer,COV,MID,54,-1,-1,0.1,87,676,626,4383,a,,,,,,,3,1.0,1,3,32,0,0,0,0,1,0,3,0,1,2,0.00,0.02,0.02,0.82,1.0,1.0
2026-09-09T00:28:10+00:00,2026-09-08,daily,4,2026-09-12T12:30:00Z,599,Cherif,COV,FWD,50,0,0,0.1,704,882,4655,4637,a,,,,,,,,0.0,0,0,0,0,0,0,0,0,0,0,0,0,0,0.00,0.00,0.00,0.00,0.0,0.0
2026-09-09T00:28:10+00:00,2026-09-08,daily,4,2026-09-12T12:30:00Z,623,Bentley,COV,GKP,40,0,0,0.4,15366,2824,35446,5651,a,,,,,,,,0.0,0,0,0,0,0,0,0,0,0,0,0,0,0,0.00,0.00,0.00,0.00,0.0,0.0
2026-09-09T00:28:10+00:00,2026-09-08,daily,4,2026-09-12T12:30:00Z,42,Guessand,CRY,MID,55,0,0,0.0,598,579,1637,2180,a,,,,,,,,0.7,0,2,54,0,0,0,0,1,0,2,1,1,0,0.03,0.03,0.06,0.34,0.7,0.7
2026-09-09T00:28:10+00:00,2026-09-08,daily,4,2026-09-12T12:30:00Z,153,Disasi,CRY,DEF,45,0,0,0.1,2651,1052,4687,2908,a,,,,,,,,1.3,3,4,106,1,0,0,0,3,0,14,9,5,9,0.00,0.04,0.04,3.34,1.3,1.3
2026-09-09T00:28:10+00:00,2026-09-08,daily,4,2026-09-12T12:30:00Z,198,Henderson,CRY,GKP,50,0,0,1.9,13459,8441,34370,40550,a,,2026-08-20T14:00:08.018379Z,100,100,,,,1.7,2,5,270,3,0,0,0,8,12,0,6,0,31,0.00,0.00,0.00,6.47,1.7,1.7
2026-09-09T00:28:10+00:00,2026-09-08,daily,4,2026-09-12T12:30:00Z,199,Benitez,CRY,GKP,45,0,0,0.1,301,549,1417,3219,a,,,,,,,,0.0,0,0,0,0,0,0,0,0,0,0,0,0,0,0.00,0.00,0.00,0.00,0.0,0.0
2026-09-09T00:28:10+00:00,2026-09-08,daily,4,2026-09-12T12:30:00Z,202,Richards,CRY,DEF,50,0,0,0.7,3934,4440,13887,22065,a,,,,,,,,1.3,1,4,270,3,0,0,0,8,0,31,26,5,7,0.08,0.00,0.08,6.47,1.3,1.3
2026-09-09T00:28:10+00:00,2026-09-08,daily,4,2026-09-12T12:30:00Z,203,Canvot,CRY,DEF,49,0,-1,0.2,1205,2178,3734,11964,a,,,,,,,,0.7,1,2,270,3,0,0,0,8,0,24,17,7,6,0.05,0.01,0.06,6.47,0.7,0.7
2026-09-09T00:28:10+00:00,2026-09-08,daily,4,2026-09-12T12:30:00Z,204,Mitchell,CRY,DEF,45,0,0,5.7,108709,19241,123725,147163,a,,,,,,,,5.3,15,16,253,3,2,0,0,8,0,16,10,6,7,0.77,0.18,0.95,5.90,5.3,5.3
2026-09-09T00:28:10+00:00,2026-09-08,daily,4,2026-09-12T12:30:00Z,205,Sosa,CRY,DEF,45,0,0,0.0,0,449,236,1505,u,Has joined FC Cologne on loan for the rest of the season,2026-09-02T16:03:25.710518Z,0,0,,,,0.0,0,0,0,0,0,0,0,0,0,0,0,0,0,0.00,0.00,0.00,0.00,0.0,0.0
2026-09-09T00:28:10+00:00,2026-09-08,daily,4,2026-09-12T12:30:00Z,206,Chadi Riad,CRY,DEF,44,0,-1,0.0,27,391,540,4850,i,Knee injury - Unknown return date,2026-08-22T18:00:07.352049Z,0,0,,,,0.3,0,1,72,1,0,0,0,2,0,7,6,1,3,0.00,0.01,0.01,0.98,0.0,0.0
2026-09-09T00:28:10+00:00,2026-09-08,daily,4,2026-09-12T12:30:00Z,207,Mingueza,CRY,DEF,44,0,-1,0.1,338,499,1307,3090,a,,,,,,,,0.7,1,2,16,0,0,0,0,1,0,2,0,2,1,0.00,0.00,0.00,0.33,0.7,0.7
2026-09-09T00:28:10+00:00,2026-09-08,daily,4,2026-09-12T12:30:00Z,208,Sarr,CRY,MID,63,0,-2,0.9,110,19768,2542,344775,i,Groin injury - Unknown return date,2026-08-22T18:00:07.363165Z,0,0,2,,,0.0,0,0,0,0,0,0,0,0,0,0,0,0,0,0.00,0.00,0.00,0.00,0.0,0.0
2026-09-09T00:28:10+00:00,2026-09-08,daily,4,2026-09-12T12:30:00Z,210,Wharton,CRY,MID,55,0,0,0.9,4856,5602,21642,27122,a,,2026-07-23T12:01:23.498963Z,100,100,,,2,2.7,2,8,270,3,0,0,0,8,0,29,11,7,11,0.00,0.32,0.32,6.47,2.7,2.7
2026-09-09T00:28:10+00:00,2026-09-08,daily,4,2026-09-12T12:30:00Z,211,Yeremy,CRY,MID,55,0,0,0.3,13152,2979,18917,8019,a,,,,,,1,1,3.7,5,11,190,2,0,2,0,5,0,20,3,5,12,0.36,0.39,0.75,5.29,3.7,3.7
2026-09-09T00:28:10+00:00,2026-09-08,daily,4,2026-09-12T12:30:00Z,212,Hughes,CRY,MID,45,0,0,8.9,14980,54941,72750,278732,a,,,,,,,4,0.3,1,1,16,0,0,0,0,0,0,3,2,0,1,0.00,0.00,0.00,0.57,0.3,0.3
2026-09-09T00:28:10+00:00,2026-09-08,daily,4,2026-09-12T12:30:00Z,213,Lerma,CRY,MID,49,0,-1,0.1,189,594,889,3786,a,,,,,,,,0.0,0,0,0,0,0,0,0,0,0,0,0,0,0,0.00,0.00,0.00,0.00,0.0,0.0
2026-09-09T00:28:10+00:00,2026-09-08,daily,4,2026-09-12T12:30:00Z,214,Kamada,CRY,MID,50,0,0,0.3,6950,2532,13187,10178,a,,,,,,,3,3.3,5,10,268,3,0,1,0,8,0,27,4,9,14,0.05,0.30,0.35,6.34,3.3,3.3
2026-09-09T00:28:10+00:00,2026-09-08,daily,4,2026-09-12T12:30:00Z,215,Devenny,CRY,MID,50,0,0,0.0,0,183,132,697,u,Has joined Stoke City permanently,2026-09-02T15:41:07.346849Z,0,0,3,2,,0.0,0,0,0,0,0,0,0,0,0,0,0,0,0,0.00,0.00,0.00,0.00,0.0,0.0
2026-09-09T00:28:10+00:00,2026-09-08,daily,4,2026-09-12T12:30:00Z,216,Esse,CRY,MID,50,0,0,0.0,0,673,399,2416,u,Has joined Millwall on loan for the rest of the season,2026-09-02T15:41:07.376544Z,0,0,,,,0.0,0,0,0,0,0,0,0,0,0,0,0,0,0,0.00,0.00,0.00,0.00,0.0,0.0
2026-09-09T00:28:10+00:00,2026-09-08,daily,4,2026-09-12T12:30:00Z,217,M.França,CRY,MID,49,0,-1,0.0,45,382,995,2202,a,,,,,,,,0.0,0,0,0,0,0,0,0,0,0,0,0,0,0,0.00,0.00,0.00,0.00,0.0,0.0
2026-09-09T00:28:10+00:00,2026-09-08,daily,4,2026-09-12T12:30:00Z,218,Doucouré,CRY,MID,49,0,-1,0.1,288,548,1520,2927,a,,,,,,,,0.0,0,0,0,0,0,0,0,0,0,0,0,0,0,0.00,0.00,0.00,0.00,0.0,0.0
2026-09-09T00:28:10+00:00,2026-09-08,daily,4,2026-09-12T12:30:00Z,219,J.Rak-Sakyi,CRY,MID,50,0,0,0.0,42,57,132,258,a,,,,,,,,0.0,0,0,0,0,0,0,0,0,0,0,0,0,0,0.00,0.00,0.00,0.00,0.0,0.0
2026-09-09T00:28:10+00:00,2026-09-08,daily,4,2026-09-12T12:30:00Z,220,Cardines,CRY,DEF,45,0,0,0.0,0,9,0,113,u,Has joined Bristol City on loan for the rest of the season,2026-08-12T14:08:46.501813Z,0,0,,,,0.0,0,0,0,0,0,0,0,0,0,0,0,0,0,0.00,0.00,0.00,0.00,0.0,0.0
2026-09-09T00:28:10+00:00,2026-09-08,daily,4,2026-09-12T12:30:00Z,221,Drakes-Thomas,CRY,MID,45,0,0,0.1,556,569,1894,2748,a,,,,,,,,0.0,0,0,0,0,0,0,0,0,0,0,0,0,0,0.00,0.00,0.00,0.00,0.0,0.0
2026-09-09T00:28:10+00:00,2026-09-08,daily,4,2026-09-12T12:30:00Z,222,Strand Larsen,CRY,FWD,60,0,0,0.5,4282,4190,13316,20466,a,,,,,,,,1.3,1,4,134,1,0,0,0,3,0,8,3,1,4,0.30,0.01,0.31,3.69,1.3,1.3
2026-09-09T00:28:10+00:00,2026-09-08,daily,4,2026-09-12T12:30:00Z,223,Mateta,CRY,FWD,64,0,-1,2.0,203,41194,25381,384155,i,Hamstring injury - Expected back 11 Oct,2026-08-28T21:00:08.020382Z,0,0,1,,,0.7,0,2,62,1,0,0,0,2,0,5,1,2,2,0.70,0.02,0.72,0.98,0.0,0.0
2026-09-09T00:28:10+00:00,2026-09-08,daily,4,2026-09-12T12:30:00Z,224,Nketiah,CRY,FWD,55,0,0,0.7,14760,4323,29897,18387,a,,,,,,,,2.3,4,7,167,3,0,1,0,7,0,11,2,4,5,1.10,0.58,1.68,4.45,2.3,2.3
2026-09-09T00:28:10+00:00,2026-09-08,daily,4,2026-09-12T12:30:00Z,225,Uche,CRY,FWD,50,0,0,0.0,0,0,0,0,u,has returned to Getafe CF,2026-07-23T12:18:56.275922Z,0,0,,,,0.0,0,0,0,0,0,0,0,0,0,0,0,0,0,0.00,0.00,0.00,0.00,0.0,0.0
2026-09-09T00:28:10+00:00,2026-09-08,daily,4,2026-09-12T12:30:00Z,241,McNeil,CRY,MID,54,-1,-1,0.1,264,988,1276,5298,a,,,,,,,,1.0,0,3,84,1,0,0,0,3,0,7,4,0,3,0.05,0.02,0.07,1.18,1.0,1.0
2026-09-09T00:28:10+00:00,2026-09-08,daily,4,2026-09-12T12:30:00Z,555,Matthews,CRY,GKP,40,0,0,1.8,2705,4239,16216,19137,a,,,,,,,,0.0,0,0,0,0,0,0,0,0,0,0,0,0,0,0.00,0.00,0.00,0.00,0.0,0.0
2026-09-09T00:28:10+00:00,2026-09-08,daily,4,2026-09-12T12:30:00Z,577,Tomiyasu,CRY,DEF,45,0,0,0.3,313,1799,2520,7896,a,,,,,,,,0.7,0,2,91,1,0,0,0,3,0,9,8,1,4,0.00,0.01,0.01,2.15,0.7,0.7
2026-09-09T00:28:10+00:00,2026-09-08,daily,4,2026-09-12T12:30:00Z,588,Khalaili,CRY,DEF,50,0,0,0.2,5402,1518,9912,3894,a,,,,,,,,2.0,3,6,199,2,0,0,0,5,0,33,16,17,11,0.74,0.17,0.91,5.42,2.0,2.0
2026-09-09T00:28:10+00:00,2026-09-08,daily,4,2026-09-12T12:30:00Z,595,Gozo,CRY,MID,50,0,0,0.0,70,102,329,499,a,,,,,,,,0.3,0,1,22,0,0,0,0,1,0,1,0,1,0,0.00,0.00,0.00,0.20,0.3,0.3
2026-09-09T00:28:10+00:00,2026-09-08,daily,4,2026-09-12T12:30:00Z,633,Ahanor,CRY,DEF,45,0,0,0.0,211,63,428,95,a,,,,,,,,0.0,0,0,0,0,0,0,0,0,0,0,0,0,0,0.00,0.00,0.00,0.00,1.8,1.8
2026-09-09T00:28:10+00:00,2026-09-08,daily,4,2026-09-12T12:30:00Z,643,Chilwell,CRY,DEF,45,0,0,0.3,16460,2139,17223,2223,a,,,,,,,,7.0,7,7,16,0,1,0,0,0,0,0,0,0,0,0.15,0.00,0.15,0.57,1.8,1.8
2026-09-09T00:28:10+00:00,2026-09-08,daily,4,2026-09-12T12:30:00Z,644,Timber,CRY,MID,50,0,0,0.0,1008,232,1664,332,a,,,,,,,,2.0,2,2,73,1,0,0,0,2,0,6,2,1,3,0.02,0.00,0.02,2.57,1.5,1.5
2026-09-09T00:28:10+00:00,2026-09-08,daily,4,2026-09-12T12:30:00Z,647,Osorio,CRY,MID,55,0,0,0.0,273,61,734,111,a,,,,,,,,1.0,1,1,1,0,0,0,0,0,0,1,0,1,0,0.00,0.00,0.00,0.13,2.0,2.0
2026-09-09T00:28:10+00:00,2026-09-08,daily,4,2026-09-12T12:30:00Z,21,Nørgaard,EVE,MID,49,0,-1,0.1,61,702,372,5739,i,Groin injury - Unknown return date,2026-08-15T20:00:06.779594Z,0,0,,,,0.0,0,0,0,0,0,0,0,0,0,0,0,0,0,0.00,0.00,0.00,0.00,0.0,0.0
2026-09-09T00:28:10+00:00,2026-09-08,daily,4,2026-09-12T12:30:00Z,209,Johnson,EVE,MID,59,0,-1,0.1,696,1179,2214,7236,a,,,,,,,,1.0,1,3,99,1,0,0,0,1,0,12,5,2,5,0.05,0.04,0.09,2.24,1.0,1.0
2026-09-09T00:28:10+00:00,2026-09-08,daily,4,2026-09-12T12:30:00Z,226,Pickford,EVE,GKP,55,0,0,8.6,33709,36269,153726,146383,a,,,,,,,,3.7,1,11,270,3,0,0,1,3,9,0,4,0,35,0.00,0.02,0.02,4.81,3.7,3.7
2026-09-09T00:28:10+00:00,2026-09-08,daily,4,2026-09-12T12:30:00Z,227,Travers,EVE,GKP,50,0,0,0.0,214,233,786,1194,a,,,,,,,,0.0,0,0,0,0,0,0,0,0,0,0,0,0,0,0.00,0.00,0.00,0.00,0.0,0.0
2026-09-09T00:28:10+00:00,2026-09-08,daily,4,2026-09-12T12:30:00Z,228,King,EVE,GKP,45,0,0,0.0,163,222,709,1115,a,,,,,,,,0.0,0,0,0,0,0,0,0,0,0,0,0,0,0,0.00,0.00,0.00,0.00,0.0,0.0
2026-09-09T00:28:10+00:00,2026-09-08,daily,4,2026-09-12T12:30:00Z,229,Tarkowski,EVE,DEF,60,0,0,11.3,87614,46620,341988,169243,a,,,,,,,,7.0,3,21,270,3,1,0,1,3,0,31,26,5,10,0.17,0.02,0.19,4.81,7.0,7.0
2026-09-09T00:28:10+00:00,2026-09-08,daily,4,2026-09-12T12:30:00Z,230,Branthwaite,EVE,DEF,55,0,0,1.9,17626,9958,52230,40261,a,,,,,,,,4.3,3,13,270,3,0,0,1,3,0,31,27,4,9,0.17,0.02,0.19,4.81,4.3,4.3
2026-09-09T00:28:10+00:00,2026-09-08,daily,4,2026-09-12T12:30:00Z,231,Keane,EVE,DEF,49,0,-1,0.9,699,8770,6253,66659,a,,,,,,,,0.0,0,0,0,0,0,0,0,0,0,0,0,0,0,0.00,0.00,0.00,0.00,0.0,0.0
2026-09-09T00:28:10+00:00,2026-09-08,daily,4,2026-09-12T12:30:00Z,232,O'Brien,EVE,DEF,49,0,-1,0.3,369,2351,2701,18520,a,,,,,,,,0.0,0,0,0,0,0,0,0,0,0,0,0,0,0,0.00,0.00,0.00,0.00,0.0,0.0
2026-09-09T00:28:10+00:00,2026-09-08,daily,4,2026-09-12T12:30:00Z,233,Mykolenko,EVE,DEF,45,0,0,1.9,30342,16465,92246,51791,a,,,,,,,,3.7,1,11,270,3,0,0,1,3,0,22,18,4,15,0.00,0.07,0.07,4.81,3.7,3.7
2026-09-09T00:28:10+00:00,2026-09-08,daily,4,2026-09-12T12:30:00Z,234,Patterson,EVE,DEF,45,0,0,0.0,0,491,371,1739,u,Has joined Torino permanently,2026-09-02T16:05:23.326971Z,0,0,,,,0.0,0,0,0,0,0,0,0,0,0,0,0,0,0,0.00,0.00,0.00,0.00,0.0,0.0
2026-09-09T00:28:10+00:00,2026-09-08,daily,4,2026-09-12T12:30:00Z,235,Aznou,EVE,DEF,40,0,0,0.1,0,1952,1728,7821,u,Has joined Malaga on loan for the rest of the season,2026-09-01T13:23:16.934847Z,0,0,,,,0.0,0,0,0,0,0,0,0,0,0,0,0,0,0,0.00,0.00,0.00,0.00,0.0,0.0
2026-09-09T00:28:10+00:00,2026-09-08,daily,4,2026-09-12T12:30:00Z,236,Dewsbury-Hall,EVE,MID,65,0,0,4.5,62368,45272,255876,165156,a,,,,,,,2,5.0,2,15,270,3,1,0,1,3,0,29,3,9,17,0.45,0.40,0.85,4.77,5.0,5.0
2026-09-09T00:28:10+00:00,2026-09-08,daily,4,2026-09-12T12:30:00Z,238,Grealish,EVE,MID,65,0,0,0.4,9415,3362,20138,11297,a,,2026-07-29T10:00:10.492904Z,100,100,,,,0.7,1,2,32,0,0,0,0,1,0,2,0,2,0,0.02,0.13,0.15,0.31,0.7,0.7
2026-09-09T00:28:10+00:00,2026-09-08,daily,4,2026-09-12T12:30:00Z,239,Garner,EVE,MID,60,0,0,0.1,1652,2361,6173,7334,d,Unspecified injury - 75% chance of playing,2026-09-06T18:00:08.301702Z,100,75,2,1,1,1.3,2,4,148,2,0,0,0,2,0,19,2,5,12,0.00,0.11,0.11,1.32,1.3,1.0
2026-09-09T00:28:10+00:00,2026-09-08,daily,4,2026-09-12T12:30:00Z,242,George,EVE,MID,55,0,0,0.4,21880,4613,25913,11895,a,,,,,,,,5.0,10,15,234,3,1,0,1,3,0,13,4,1,8,0.27,0.16,0.43,2.94,5.0,5.0
2026-09-09T00:28:10+00:00,2026-09-08,daily,4,2026-09-12T12:30:00Z,243,Alcaraz,EVE,MID,50,0,0,0.1,354,705,1922,3782,a,,,,,,,,0.3,0,1,5,0,0,0,0,0,0,3,0,1,2,0.05,0.02,0.07,0.04,0.3,0.3
2026-09-09T00:28:10+00:00,2026-09-08,daily,4,2026-09-12T12:30:00Z,244,Armstrong,EVE,MID,50,0,0,0.4,7308,4730,41462,16375,a,,,,,,,,3.7,1,11,266,3,0,1,1,3,0,30,9,6,15,0.09,0.10,0.19,4.81,3.7,3.7
2026-09-09T00:28:10+00:00,2026-09-08,daily,4,2026-09-12T12:30:00Z,245,Dibling,EVE,MID,54,0,-1,0.0,145,279,702,1898,a,,,,,,,,0.0,0,0,0,0,0,0,0,0,0,0,0,0,0,0.00,0.00,0.00,0.00,0.0,0.0
2026-09-09T00:28:10+00:00,2026-09-08,daily,4,2026-09-12T12:30:00Z,246,Röhl,EVE,MID,50,0,0,0.1,336,519,1434,2322,a,,,,,,,,2.0,1,6,249,3,0,0,1,2,0,24,6,5,13,0.00,0.20,0.20,4.52,2.0,2.0
2026-09-09T00:28:10+00:00,2026-09-08,daily,4,2026-09-12T12:30:00Z,247,Hackney,EVE,MID,55,0,0,0.2,918,1043,2261,7959,a,,2026-08-26T22:00:07.797766Z,100,100,,,3,2.7,4,8,121,1,0,1,1,1,0,11,3,3,5,0.05,0.11,0.16,3.49,2.7,2.7
2026-09-09T00:28:10+00:00,2026-09-08,daily,4,2026-09-12T12:30:00Z,248,Beto,EVE,FWD,54,0,-1,1.1,0,39217,16222,164159,u,Has joined Fiorentina permanently,2026-09-02T16:05:23.357221Z,0,0,,,,0.7,0,2,31,0,0,0,0,0,0,1,1,0,0,0.09,0.00,0.09,1.92,0.0,0.0
2026-09-09T00:28:10+00:00,2026-09-08,daily,4,2026-09-12T12:30:00Z,249,Barry,EVE,FWD,56,1,1,5.5,127950,52050,474124,165821,a,,,,,1,,,4.0,2,12,237,3,1,0,1,3,0,10,2,1,7,2.31,0.11,2.42,2.89,4.0,4.0
2026-09-09T00:28:10+00:00,2026-09-08,daily,4,2026-09-12T12:30:00Z,649,Maitland-Niles,EVE,DEF,45,0,0,0.1,7618,1213,8177,1341,a,,,,,,,,7.0,7,7,13,0,1,0,0,1,0,0,0,0,0,0.03,0.00,0.03,0.29,1.8,1.8
2026-09-09T00:28:10+00:00,2026-09-08,daily,4,2026-09-12T12:30:00Z,654,Graham,EVE,MID,45,0,0,0.1,4692,793,4692,793,a,,,,,,,,0.0,0,0,0,0,0,0,0,0,0,0,0,0,0,0.00,0.00,0.00,0.00,1.0,1.0
2026-09-09T00:28:10+00:00,2026-09-08,daily,4,2026-09-12T12:30:00Z,250,Leno,FUL,GKP,45,0,0,3.0,10874,16284,64608,54890,a,,,,,,,,2.0,1,6,270,3,0,0,0,7,8,0,3,0,25,0.00,0.00,0.00,6.23,2.0,2.0
2026-09-09T00:28:10+00:00,2026-09-08,daily,4,2026-09-12T12:30:00Z,251,Lecomte,FUL,GKP,40,0,0,1.2,4377,3250,15319,15229,a,,,,,,,,0.0,0,0,0,0,0,0,0,0,0,0,0,0,0,0.00,0.00,0.00,0.00,0.0,0.0
2026-09-09T00:28:10+00:00,2026-09-08,daily,4,2026-09-12T12:30:00Z,252,McNally,FUL,GKP,40,0,0,0.1,0,1118,2589,4327,u,Has joined York City on loan for the rest of the season,2026-09-01T13:25:11.231240Z,0,0,,,,0.0,0,0,0,0,0,0,0,0,0,0,0,0,0,0.00,0.00,0.00,0.00,0.0,0.0
2026-09-09T00:28:10+00:00,2026-09-08,daily,4,2026-09-12T12:30:00Z,253,Andersen,FUL,DEF,50,0,0,0.1,1144,1431,9300,4199,a,,2026-07-23T12:01:23.516350Z,100,100,,,,0.7,1,2,180,2,0,0,0,4,0,15,13,2,9,0.00,0.10,0.10,3.99,0.7,0.7
2026-09-09T00:28:10+00:00,2026-09-08,daily,4,2026-09-12T12:30:00Z,254,Robinson,FUL,DEF,45,0,0,1.5,2718,13113,28905,39724,a,,,,,2,,,1.3,1,4,249,3,0,0,0,7,0,15,7,8,12,0.21,0.16,0.37,6.20,1.3,1.3
2026-09-09T00:28:10+00:00,2026-09-08,daily,4,2026-09-12T12:30:00Z,255,J.Cuenca,FUL,DEF,45,0,0,0.0,55,301,1342,1249,a,,,,,,,,1.0,0,3,90,1,0,0,0,3,0,10,9,1,3,0.00,0.03,0.03,2.24,1.0,1.0
2026-09-09T00:28:10+00:00,2026-09-08,daily,4,2026-09-12T12:30:00Z,256,Tete,FUL,DEF,44,-1,-1,0.2,98,1243,866,6320,a,,,,,,,,0.0,0,0,0,0,0,0,0,0,0,0,0,0,0,0.00,0.00,0.00,0.00,0.0,0.0
2026-09-09T00:28:10+00:00,2026-09-08,daily,4,2026-09-12T12:30:00Z,257,Bassey,FUL,DEF,45,0,0,0.7,1211,4923,16273,18940,a,,,,,,,,1.0,1,3,270,3,0,0,0,7,0,13,10,3,12,0.02,0.07,0.09,6.23,1.0,1.0
2026-09-09T00:28:10+00:00,2026-09-08,daily,4,2026-09-12T12:30:00Z,258,Castagne,FUL,DEF,45,0,0,0.9,3672,7682,59982,21136,a,,,,,,,,4.3,1,13,247,3,0,2,1,6,0,15,11,4,11,0.67,0.37,1.04,4.47,4.3,4.3
2026-09-09T00:28:10+00:00,2026-09-08,daily,4,2026-09-12T12:30:00Z,261,Iwobi,FUL,MID,55,0,0,0.8,1375,8001,14824,34268,a,,,,,3,1,1,2.0,2,6,262,3,0,0,0,7,0,18,4,3,11,0.05,0.70,0.75,6.23,2.0,2.0
2026-09-09T00:28:10+00:00,2026-09-08,daily,4,2026-09-12T12:30:00Z,262,Smith Rowe,FUL,MID,54,-1,-1,0.3,522,2714,3361,13988,a,,,,,,,,0.7,1,2,25,0,0,0,0,0,0,1,0,0,1,0.06,0.02,0.08,0.41,0.7,0.7
2026-09-09T00:28:10+00:00,2026-09-08,daily,4,2026-09-12T12:30:00Z,263,Kevin,FUL,MID,54,0,-1,0.0,156,618,1128,2822,a,,,,,,,4,0.7,0,2,24,0,0,0,0,0,0,3,0,2,1,0.00,0.05,0.05,0.20,0.7,0.7
2026-09-09T00:28:10+00:00,2026-09-08,daily,4,2026-09-12T12:30:00Z,264,Bobb,FUL,MID,55,0,0,0.3,1400,3175,10555,12167,a,,,,,,,2,2.3,2,7,211,3,0,0,1,6,0,15,2,5,8,0.32,0.92,1.24,4.44,2.3,2.3
2026-09-09T00:28:10+00:00,2026-09-08,daily,4,2026-09-12T12:30:00Z,265,Berge,FUL,MID,50,0,0,0.3,416,2610,3756,11127,a,,,,,,,,1.7,1,5,183,2,0,0,0,5,0,8,1,1,6,0.03,0.33,0.36,4.90,1.7,1.7
2026-09-09T00:28:10+00:00,2026-09-08,daily,4,2026-09-12T12:30:00Z,266,Cairney,FUL,MID,50,0,0,0.0,16,29,52,226,i,Knee injury - Expected back 10 Oct,2026-08-14T18:00:06.460944Z,0,0,,,,0.0,0,0,0,0,0,0,0,0,0,0,0,0,0,0.00,0.00,0.00,0.00,0.0,0.0
2026-09-09T00:28:10+00:00,2026-09-08,daily,4,2026-09-12T12:30:00Z,268,King,FUL,MID,55,0,0,1.0,45029,13712,102846,31348,a,,,,,,,,6.3,10,19,270,3,2,0,0,7,0,19,4,5,10,0.95,0.34,1.29,6.23,6.3,6.3
2026-09-09T00:28:10+00:00,2026-09-08,daily,4,2026-09-12T12:30:00Z,269,Sessegnon,FUL,DEF,45,0,0,0.3,159,2174,2005,10031,a,,,,,,,3,1.0,1,3,50,0,0,0,0,1,0,3,2,1,3,0.13,0.44,0.57,1.80,1.0,1.0
2026-09-09T00:28:10+00:00,2026-09-08,daily,4,2026-09-12T12:30:00Z,270,Reed,FUL,MID,45,0,0,1.2,2263,8337,15920,41916,a,,,,,,,,0.0,0,0,0,0,0,0,0,0,0,0,0,0,0,0.00,0.00,0.00,0.00,0.0,0.0
2026-09-09T00:28:10+00:00,2026-09-08,daily,4,2026-09-12T12:30:00Z,271,Muniz,FUL,FWD,54,-1,-1,0.5,1831,4140,9052,22358,a,,,,,,,,0.7,1,2,15,0,0,0,0,0,0,1,1,0,0,0.40,0.00,0.40,0.03,0.7,0.7
2026-09-09T00:28:10+00:00,2026-09-08,daily,4,2026-09-12T12:30:00Z,272,Kusi-Asare,FUL,FWD,45,0,0,6.3,20619,39973,104893,156195,a,,,,,,,,0.0,0,0,0,0,0,0,0,0,0,0,0,0,0,0.00,0.00,0.00,0.00,0.0,0.0
2026-09-09T00:28:10+00:00,2026-09-08,daily,4,2026-09-12T12:30:00Z,569,Gonzalo,FUL,FWD,60,0,0,4.3,23752,53580,304581,149972,a,,,,,1,,,3.3,2,10,270,3,1,0,0,7,0,13,5,2,6,1.44,0.22,1.66,6.23,3.3,3.3
2026-09-09T00:28:10+00:00,2026-09-08,daily,4,2026-09-12T12:30:00Z,570,Palacios,FUL,MID,55,0,0,0.2,953,1006,2875,6146,a,,,,,,,,3.7,8,11,207,3,1,0,0,6,0,13,3,2,8,0.98,0.03,1.01,4.97,3.7,3.7
2026-09-09T00:28:10+00:00,2026-09-08,daily,4,2026-09-12T12:30:00Z,580,Charles,FUL,MID,50,0,0,0.1,191,450,884,2502,a,,,,,,,,1.3,2,4,123,1,0,0,0,4,0,16,4,1,11,0.09,0.12,0.21,3.77,1.3,1.3
2026-09-09T00:28:10+00:00,2026-09-08,daily,4,2026-09-12T12:30:00Z,610,De Fougerolles,FUL,DEF,40,0,0,0.1,372,777,5644,3090,d,Unspecified injury - 75% chance of playing,2026-08-28T11:30:08.336405Z,75,75,,,,0.0,0,0,0,0,0,0,0,0,0,0,0,0,0,0.00,0.00,0.00,0.00,0.0,0.0
2026-09-09T00:28:10+00:00,2026-09-08,daily,4,2026-09-12T12:30:00Z,626,Zepa,FUL,MID,45,0,0,0.4,8493,4145,30503,8976,a,,,,,,,,0.0,0,0,0,0,0,0,0,0,0,0,0,0,0,0.00,0.00,0.00,0.00,0.0,0.0
2026-09-09T00:28:10+00:00,2026-09-08,daily,4,2026-09-12T12:30:00Z,635,Larsson,FUL,MID,50,0,0,0.0,161,42,449,69,a,,,,,,,,1.0,1,1,11,0,0,0,0,0,0,1,0,1,0,0.13,0.22,0.35,0.00,1.5,1.5
2026-09-09T00:28:10+00:00,2026-09-08,daily,4,2026-09-12T12:30:00Z,636,Ángel,FUL,MID,50,0,0,0.0,89,39,209,53,a,,,,,,,,0.0,0,0,0,0,0,0,0,0,0,0,0,0,0,0.00,0.00,0.00,0.00,1.5,1.5
2026-09-09T00:28:10+00:00,2026-09-08,daily,4,2026-09-12T12:30:00Z,650,Affengruber,FUL,DEF,45,0,0,0.0,170,55,374,82,a,,,,,,,,0.0,0,0,0,0,0,0,0,0,0,0,0,0,0,0.00,0.00,0.00,0.00,1.8,1.8
2026-09-09T00:28:10+00:00,2026-09-08,daily,4,2026-09-12T12:30:00Z,240,Iroegbunam,HUL,MID,50,0,0,0.0,224,119,554,654,a,,2026-08-15T20:00:06.878792Z,100,100,,,,0.3,0,1,4,0,0,0,0,0,0,0,0,0,0,0.00,0.00,0.00,0.00,0.3,0.3
2026-09-09T00:28:10+00:00,2026-09-08,daily,4,2026-09-12T12:30:00Z,273,Phillips,HUL,GKP,40,0,0,1.5,5131,4947,17564,23281,a,,,,,,,,0.0,0,0,0,0,0,0,0,0,0,0,0,0,0,0.00,0.00,0.00,0.00,0.0,0.0
2026-09-09T00:28:10+00:00,2026-09-08,daily,4,2026-09-12T12:30:00Z,274,Butland,HUL,GKP,45,0,0,0.1,81,522,371,3727,i,Arm injury - Unknown return date,2026-08-08T19:00:05.601633Z,0,0,,,,0.0,0,0,0,0,0,0,0,0,0,0,0,0,0,0.00,0.00,0.00,0.00,0.0,0.0
2026-09-09T00:28:10+00:00,2026-09-08,daily,4,2026-09-12T12:30:00Z,275,Cartwright,HUL,GKP,40,0,0,0.0,0,42,0,236,u,Has joined Grimsby Town on loan for the rest of the season,2026-07-29T13:00:27.959925Z,0,0,,,,0.0,0,0,0,0,0,0,0,0,0,0,0,0,0,0.00,0.00,0.00,0.00,0.0,0.0
2026-09-09T00:28:10+00:00,2026-09-08,daily,4,2026-09-12T12:30:00Z,276,Lo-Tutala,HUL,GKP,40,0,0,0.0,0,114,0,769,u,Has joined Colchester United on loan for the rest of the season,2026-08-17T13:50:27.125537Z,0,0,,,,0.0,0,0,0,0,0,0,0,0,0,0,0,0,0,0.00,0.00,0.00,0.00,0.0,0.0
2026-09-09T00:28:10+00:00,2026-09-08,daily,4,2026-09-12T12:30:00Z,277,Egan,HUL,DEF,41,1,1,6.2,151980,29695,530623,98568,a,,,,,,,,7.7,6,23,270,3,0,0,3,0,0,41,36,5,5,0.00,0.00,0.00,5.05,7.7,7.7
2026-09-09T00:28:10+00:00,2026-09-08,daily,4,2026-09-12T12:30:00Z,278,Hughes,HUL,DEF,40,0,0,0.1,68,640,305,4780,i,Groin injury - Unknown return date,2026-08-02T09:00:11.030017Z,0,0,,,,0.0,0,0,0,0,0,0,0,0,0,0,0,0,0,0.00,0.00,0.00,0.00,0.0,0.0
2026-09-09T00:28:10+00:00,2026-09-08,daily,4,2026-09-12T12:30:00Z,279,Ajayi,HUL,DEF,41,0,1,11.2,182565,36503,893891,121345,a,,2026-08-22T17:30:07.668197Z,100,100,,,,8.3,5,25,243,3,1,0,3,0,0,20,17,3,9,0.52,0.00,0.52,4.08,8.3,8.3
2026-09-09T00:28:10+00:00,2026-09-08,daily,4,2026-09-12T12:30:00Z,280,Coyle,HUL,DEF,40,0,0,0.5,3458,1932,7613,17199,a,,2026-08-29T16:30:08.151841Z,75,100,,,,4.0,6,12,177,3,0,0,2,0,0,6,5,1,4,0.00,0.02,0.02,4.06,3.0,4.0
2026-09-09T00:28:10+00:00,2026-09-08,daily,4,2026-09-12T12:30:00Z,281,Drameh,HUL,DEF,40,0,0,0.1,0,1079,2118,3165,u,Has joined Genoa permanently,2026-09-02T16:09:06.479140Z,0,0,,,,0.7,0,2,65,0,0,0,0,0,0,6,5,1,4,0.05,0.00,0.05,0.87,0.0,0.0
2026-09-09T00:28:10+00:00,2026-09-08,daily,4,2026-09-12T12:30:00Z,282,Giles,HUL,DEF,40,0,0,1.3,23907,5783,63611,18317,a,,,,,,1,1,6.7,8,20,264,3,0,0,3,0,0,12,9,3,10,0.02,0.18,0.20,4.98,6.7,6.7
2026-09-09T00:28:10+00:00,2026-09-08,daily,4,2026-09-12T12:30:00Z,283,Jacob,HUL,DEF,40,0,0,0.0,0,75,114,513,u,Has joined Newport County on loan until January,2026-08-02T09:00:11.038361Z,0,0,,,,0.0,0,0,0,0,0,0,0,0,0,0,0,0,0,0.00,0.00,0.00,0.00,0.0,0.0
2026-09-09T00:28:10+00:00,2026-09-08,daily,4,2026-09-12T12:30:00Z,284,McCarthy,HUL,DEF,40,0,0,0.1,448,543,2630,2714,a,,,,,,,,0.0,0,0,0,0,0,0,0,0,0,0,0,0,0,0.00,0.00,0.00,0.00,0.0,0.0
2026-09-09T00:28:10+00:00,2026-09-08,daily,4,2026-09-12T12:30:00Z,285,McNair,HUL,DEF,40,0,0,0.1,278,618,1932,2807,a,,,,,,,,0.3,0,1,26,0,0,0,0,0,0,2,2,0,1,0.00,0.00,0.00,0.96,0.3,0.3
2026-09-09T00:28:10+00:00,2026-09-08,daily,4,2026-09-12T12:30:00Z,286,Belloumi,HUL,MID,50,0,0,0.9,14437,5450,54889,19920,a,,,,,,2,3,4.7,5,14,253,3,0,1,3,0,0,32,14,9,9,0.20,0.06,0.26,4.87,4.7,4.7
2026-09-09T00:28:10+00:00,2026-09-08,daily,4,2026-09-12T12:30:00Z,287,Millar,HUL,MID,50,0,0,0.0,0,1681,3178,5401,u,Has joined Birmingham on loan for the rest of the season,2026-09-02T15:36:41.038103Z,0,0,,,,2.0,0,6,50,0,1,0,0,0,0,4,2,1,1,0.58,0.00,0.58,0.87,0.0,0.0
2026-09-09T00:28:10+00:00,2026-09-08,daily,4,2026-09-12T12:30:00Z,288,Dowell,HUL,MID,45,0,0,0.4,1970,2687,9453,12877,a,,,,,,,,0.0,0,0,0,0,0,0,0,0,0,0,0,0,0,0.00,0.00,0.00,0.00,0.0,0.0
2026-09-09T00:28:10+00:00,2026-09-08,daily,4,2026-09-12T12:30:00Z,289,Crooks,HUL,MID,45,0,0,0.5,457,5367,13483,26307,a,,2026-08-29T15:00:08.569326Z,75,100,,,,0.7,0,2,90,1,0,0,1,0,0,9,4,4,1,0.00,0.00,0.00,1.83,0.5,0.7
2026-09-09T00:28:10+00:00,2026-09-08,daily,4,2026-09-12T12:30:00Z,290,Slater,HUL,MID,45,0,0,5.1,76816,39766,326755,128382,a,,,,,,,2,3.7,3,11,270,3,0,1,3,0,0,19,5,6,8,0.04,0.46,0.50,5.05,3.7,3.7
2026-09-09T00:28:10+00:00,2026-09-08,daily,4,2026-09-12T12:30:00Z,291,Matazo,HUL,MID,45,0,0,0.0,58,70,225,302,i,Knee injury - Unknown return date,2026-07-23T12:01:23.532635Z,0,0,,,,0.0,0,0,0,0,0,0,0,0,0,0,0,0,0,0.00,0.00,0.00,0.00,0.0,0.0
2026-09-09T00:28:10+00:00,2026-09-08,daily,4,2026-09-12T12:30:00Z,292,Ömür,HUL,MID,49,0,-1,0.0,183,196,715,1037,a,,,,,,,,0.0,0,0,0,0,0,0,0,0,0,0,0,0,0,0.00,0.00,0.00,0.00,0.0,0.0
2026-09-09T00:28:10+00:00,2026-09-08,daily,4,2026-09-12T12:30:00Z,293,Kamara,HUL,MID,50,0,0,0.0,0,26,0,319,u,Has joined Portsmouth permanently,2026-08-12T14:08:23.542043Z,0,0,,,,0.0,0,0,0,0,0,0,0,0,0,0,0,0,0,0.00,0.00,0.00,0.00,0.0,0.0
2026-09-09T00:28:10+00:00,2026-09-08,daily,4,2026-09-12T12:30:00Z,294,Zambrano,HUL,MID,45,0,0,0.1,198,656,1334,4713,a,,2026-08-04T18:30:11.016909Z,0,100,,,,0.0,0,0,0,0,0,0,0,0,0,0,0,0,0,0.00,0.00,0.00,0.00,0.0,0.0
2026-09-09T00:28:10+00:00,2026-09-08,daily,4,2026-09-12T12:30:00Z,295,McBurnie,HUL,FWD,55,0,0,2.0,12558,21713,135831,87654,a,,,,,1,,,2.7,2,8,270,3,0,1,3,0,0,12,4,2,6,0.54,0.07,0.61,5.05,2.7,2.7
2026-09-09T00:28:10+00:00,2026-09-08,daily,4,2026-09-12T12:30:00Z,296,Akintola,HUL,MID,50,0,0,0.0,414,566,2596,2841,a,,,,,,,,0.0,0,0,0,0,0,0,0,0,0,0,0,0,0,0.00,0.00,0.00,0.00,0.0,0.0
2026-09-09T00:28:10+00:00,2026-09-08,daily,4,2026-09-12T12:30:00Z,297,Gyabi,HUL,MID,45,0,0,0.0,62,176,267,1145,i,Thigh injury - Unknown return date,2026-08-04T18:30:11.027155Z,0,0,,,,0.0,0,0,0,0,0,0,0,0,0,0,0,0,0,0.00,0.00,0.00,0.00,0.0,0.0
2026-09-09T00:28:10+00:00,2026-09-08,daily,4,2026-09-12T12:30:00Z,298,Destan,HUL,FWD,45,0,0,0.2,0,2285,0,16725,u,Has joined Konyaspor permanently,2026-08-17T13:50:27.145733Z,0,0,,,,0.0,0,0,0,0,0,0,0,0,0,0,0,0,0,0.00,0.00,0.00,0.00,0.0,0.0
2026-09-09T00:28:10+00:00,2026-09-08,daily,4,2026-09-12T12:30:00Z,299,Burstow,HUL,FWD,45,0,0,0.0,0,321,0,2309,u,Has joined Sheffield Wednesday on loan for the rest of the season,2026-08-03T14:05:20.234842Z,0,0,,,,0.0,0,0,0,0,0,0,0,0,0,0,0,0,0,0.00,0.00,0.00,0.00,0.0,0.0
2026-09-09T00:28:10+00:00,2026-09-08,daily,4,2026-09-12T12:30:00Z,340,Gelhardt,HUL,MID,50,0,0,0.0,115,86,259,597,a,,2026-08-17T21:30:07.799839Z,100,100,,,,0.0,0,0,0,0,0,0,0,0,0,0,0,0,0,0.00,0.00,0.00,0.00,0.0,0.0
2026-09-09T00:28:10+00:00,2026-09-08,daily,4,2026-09-12T12:30:00Z,556,Targett,HUL,DEF,40,0,0,2.0,2530,10535,18342,49089,a,,,,,,,,0.3,0,1,5,0,0,0,0,0,0,0,0,0,1,0.00,0.00,0.00,0.07,0.3,0.3
2026-09-09T00:28:10+00:00,2026-09-08,daily,4,2026-09-12T12:30:00Z,563,Morita,HUL,MID,50,0,0,0.0,110,204,649,849,a,,2026-08-15T16:00:07.961518Z,100,100,,,,0.3,0,1,45,1,0,0,0,0,0,3,2,0,1,0.00,0.00,0.00,1.09,0.3,0.3
2026-09-09T00:28:10+00:00,2026-09-08,daily,4,2026-09-12T12:30:00Z,572,Tzolakis,HUL,GKP,46,0,1,9.3,139097,30032,608849,103320,a,,,,,,,,8.7,6,26,270,3,0,0,3,0,9,0,0,0,43,0.00,0.00,0.00,5.05,8.7,8.7
2026-09-09T00:28:10+00:00,2026-09-08,daily,4,2026-09-12T12:30:00Z,574,Hjertø-Dahl,HUL,MID,49,-1,-1,0.1,284,455,912,2884,a,,,,,,,,0.3,1,1,8,0,0,0,0,0,0,1,0,0,1,0.00,0.00,0.00,0.00,0.3,0.3
2026-09-09T00:28:10+00:00,2026-09-08,daily,4,2026-09-12T12:30:00Z,576,Stroud,HUL,MID,50,0,0,0.1,342,540,2542,2823,a,,,,,,,,2.0,3,6,190,3,0,0,2,0,0,15,3,3,9,0.05,0.05,0.10,4.06,2.0,2.0
2026-09-09T00:28:10+00:00,2026-09-08,daily,4,2026-09-12T12:30:00Z,585,Herrington,HUL,DEF,40,0,0,0.6,1013,2402,7218,11103,a,,,,,,,,1.0,1,3,76,0,0,0,0,0,0,7,6,1,1,0.00,0.00,0.00,1.28,1.0,1.0
2026-09-09T00:28:10+00:00,2026-09-08,daily,4,2026-09-12T12:30:00Z,586,Mendy,HUL,DEF,40,0,0,7.1,169011,29054,515389,117277,a,,2026-08-22T17:30:08.045208Z,100,100,,,,8.0,8,24,191,3,1,0,2,0,0,32,27,5,6,0.32,0.00,0.32,3.76,8.0,8.0
2026-09-09T00:28:10+00:00,2026-09-08,daily,4,2026-09-12T12:30:00Z,589,Gourna-Douath,HUL,MID,50,0,0,0.0,106,158,454,818,a,,,,,,,,1.0,2,3,126,1,0,0,1,0,0,16,5,4,7,0.00,0.02,0.02,2.13,1.0,1.0
2026-09-09T00:28:10+00:00,2026-09-08,daily,4,2026-09-12T12:30:00Z,617,Cho,HUL,MID,50,0,0,0.0,222,110,918,301,a,,,,,,,,1.0,1,2,15,0,0,0,0,0,0,0,0,0,0,0.05,0.00,0.05,0.18,1.0,1.0
2026-09-09T00:28:10+00:00,2026-09-08,daily,4,2026-09-12T12:30:00Z,632,Ansah,HUL,FWD,50,0,0,0.0,2536,615,4758,825,a,,,,,,,,0.0,0,0,0,0,0,0,0,0,0,0,0,0,0,0.00,0.00,0.00,0.00,1.4,1.4
2026-09-09T00:28:10+00:00,2026-09-08,daily,4,2026-09-12T12:30:00Z,637,Vaz,HUL,FWD,50,0,0,0.0,1681,408,3288,610,a,,,,,,,,0.0,0,0,0,0,0,0,0,0,0,0,0,0,0,0.00,0.00,0.00,0.00,1.4,1.4
2026-09-09T00:28:10+00:00,2026-09-08,daily,4,2026-09-12T12:30:00Z,638,Norton-Cuffy,HUL,DEF,40,0,0,0.2,9314,1954,15768,2727,a,,,,,,,,1.0,1,1,26,0,0,0,0,0,0,1,1,0,2,0.00,0.00,0.00,0.12,1.0,1.0
2026-09-09T00:28:10+00:00,2026-09-08,daily,4,2026-09-12T12:30:00Z,642,Thomas,HUL,MID,55,0,0,0.0,540,148,986,206,a,,,,,,,,1.0,1,1,27,0,0,0,0,0,0,1,0,0,1,0.00,0.04,0.04,0.12,2.0,2.0
2026-09-09T00:28:10+00:00,2026-09-08,daily,4,2026-09-12T12:30:00Z,645,Mouzakitis,HUL,MID,50,0,0,0.0,173,50,383,74,a,,,,,,,,0.0,0,0,0,0,0,0,0,0,0,0,0,0,0,0.00,0.00,0.00,0.00,1.5,1.5
2026-09-09T00:28:10+00:00,2026-09-08,daily,4,2026-09-12T12:30:00Z,259,Diop,IPS,DEF,40,0,0,14.9,17429,69866,87456,265940,a,,,,,,,,2.3,3,7,270,3,0,0,0,8,0,28,25,3,12,0.00,0.02,0.02,6.12,2.3,2.3
2026-09-09T00:28:10+00:00,2026-09-08,daily,4,2026-09-12T12:30:00Z,267,Lukić,IPS,MID,50,0,0,0.1,370,701,2357,3852,a,,,,,,,2,2.7,2,8,252,3,0,1,0,7,0,21,10,5,6,0.02,0.06,0.08,5.26,2.7,2.7
2026-09-09T00:28:10+00:00,2026-09-08,daily,4,2026-09-12T12:30:00Z,300,Walton,IPS,GKP,45,0,0,0.4,149,1477,708,10513,a,,,,,,,,0.0,0,0,0,0,0,0,0,0,0,0,0,0,0,0.00,0.00,0.00,0.00,0.0,0.0
2026-09-09T00:28:10+00:00,2026-09-08,daily,4,2026-09-12T12:30:00Z,301,Palmer,IPS,GKP,40,0,0,4.2,12457,16045,49823,64260,a,,,,,,,,0.0,0,0,0,0,0,0,0,0,0,0,0,0,0,0.00,0.00,0.00,0.00,0.0,0.0
2026-09-09T00:28:10+00:00,2026-09-08,daily,4,2026-09-12T12:30:00Z,302,Button,IPS,GKP,40,0,0,0.5,6461,2133,16017,7833,a,,,,,,,,0.0,0,0,0,0,0,0,0,0,0,0,0,0,0,0.00,0.00,0.00,0.00,0.0,0.0
2026-09-09T00:28:10+00:00,2026-09-08,daily,4,2026-09-12T12:30:00Z,303,Kipré,IPS,DEF,40,0,0,0.5,287,2191,1251,12562,a,,,,,,,,0.0,0,0,0,0,0,0,0,0,0,0,0,0,0,0.00,0.00,0.00,0.00,0.0,0.0
2026-09-09T00:28:10+00:00,2026-09-08,daily,4,2026-09-12T12:30:00Z,304,O'Shea,IPS,DEF,40,0,0,3.1,7255,19362,45066,70539,a,,,,,,,,2.3,3,7,270,3,0,0,0,8,0,30,25,5,11,0.07,0.18,0.25,6.12,2.3,2.3
2026-09-09T00:28:10+00:00,2026-09-08,daily,4,2026-09-12T12:30:00Z,305,Davis,IPS,DEF,40,0,0,5.1,21602,31000,91797,92246,a,,,,,,2,6,3.0,1,9,270,3,1,0,0,8,0,17,15,2,8,0.65,0.25,0.90,6.12,3.0,3.0
2026-09-09T00:28:10+00:00,2026-09-08,daily,4,2026-09-12T12:30:00Z,306,Greaves,IPS,DEF,40,0,0,1.2,976,4213,5290,21597,a,,,,,,,,0.7,1,2,270,3,0,0,0,8,0,24,19,5,8,0.00,0.05,0.05,6.12,0.7,0.7
2026-09-09T00:28:10+00:00,2026-09-08,daily,4,2026-09-12T12:30:00Z,307,Johnson,IPS,DEF,40,0,0,0.1,0,1471,1137,3861,u,Has joined Stoke City on loan for the rest of the season,2026-09-04T12:36:56.236331Z,0,0,,,,0.0,0,0,0,0,0,0,0,0,0,0,0,0,0,0.00,0.00,0.00,0.00,0.0,0.0
2026-09-09T00:28:10+00:00,2026-09-08,daily,4,2026-09-12T12:30:00Z,308,Furlong,IPS,DEF,40,0,0,0.5,188,1930,1069,10894,a,,,,,,,,0.3,0,1,17,0,0,0,0,1,0,3,2,1,0,0.00,0.00,0.00,0.86,0.3,0.3
2026-09-09T00:28:10+00:00,2026-09-08,daily,4,2026-09-12T12:30:00Z,309,Núñez,IPS,MID,50,0,0,0.1,219,1061,2522,4439,a,,,,,,1,1,2.0,0,6,140,2,0,0,0,4,0,21,8,3,10,0.03,0.05,0.08,3.48,2.0,2.0
2026-09-09T00:28:10+00:00,2026-09-08,daily,4,2026-09-12T12:30:00Z,310,Matusiwa,IPS,MID,49,-1,-1,0.0,15,28,35,207,i,Muscular injury - Unknown return date,2026-07-29T18:00:10.305484Z,0,0,,,,0.0,0,0,0,0,0,0,0,0,0,0,0,0,0,0.00,0.00,0.00,0.00,0.0,0.0
2026-09-09T00:28:10+00:00,2026-09-08,daily,4,2026-09-12T12:30:00Z,311,Burns,IPS,MID,50,0,0,0.0,0,27,0,306,u,Has joined Leicester City permanently,2026-08-10T14:02:47.597478Z,0,0,,,,0.0,0,0,0,0,0,0,0,0,0,0,0,0,0,0.00,0.00,0.00,0.00,0.0,0.0
2026-09-09T00:28:10+00:00,2026-09-08,daily,4,2026-09-12T12:30:00Z,312,Taylor,IPS,MID,45,0,0,0.0,96,284,397,1862,i,Knee injury - Unknown return date,2026-07-29T18:00:10.319370Z,0,0,,,,0.0,0,0,0,0,0,0,0,0,0,0,0,0,0,0.00,0.00,0.00,0.00,0.0,0.0
2026-09-09T00:28:10+00:00,2026-09-08,daily,4,2026-09-12T12:30:00Z,313,Clarke,IPS,MID,55,0,0,0.2,267,1931,4636,10100,a,,,,,1,3,3,2.7,1,8,43,0,1,0,0,0,0,4,1,1,2,0.15,0.02,0.17,0.09,2.7,2.7
2026-09-09T00:28:10+00:00,2026-09-08,daily,4,2026-09-12T12:30:00Z,314,Ogbene,IPS,MID,49,0,-1,0.0,0,202,104,863,u,Has joined Lincoln City on loan until January,2026-09-02T16:04:17.497385Z,0,0,,,,0.0,0,0,0,0,0,0,0,0,0,0,0,0,0,0.00,0.00,0.00,0.00,0.0,0.0
2026-09-09T00:28:10+00:00,2026-09-08,daily,4,2026-09-12T12:30:00Z,315,Fatawu,IPS,MID,55,0,0,0.2,1077,1306,3773,7049,a,,,,,,,5,2.7,2,8,225,3,0,1,0,8,0,17,4,7,6,0.03,0.78,0.81,5.91,2.7,2.7
2026-09-09T00:28:10+00:00,2026-09-08,daily,4,2026-09-12T12:30:00Z,316,Emersonn,IPS,FWD,55,0,0,1.7,15282,14273,112829,82327,a,,2026-08-31T09:30:08.306145Z,100,100,2,,,4.0,2,12,175,3,1,0,0,4,0,7,3,2,2,1.04,0.06,1.10,2.02,4.0,4.0
2026-09-09T00:28:10+00:00,2026-09-08,daily,4,2026-09-12T12:30:00Z,317,Hirst,IPS,FWD,50,0,0,0.1,0,1113,0,14173,u,Has joined Stoke City permanently,2026-08-21T13:06:08.606019Z,0,0,,,,0.0,0,0,0,0,0,0,0,0,0,0,0,0,0,0.00,0.00,0.00,0.00,0.0,0.0
2026-09-09T00:28:10+00:00,2026-09-08,daily,4,2026-09-12T12:30:00Z,318,Philogene,IPS,MID,54,0,-1,0.1,8,841,155,8219,i,Ankle injury - Unknown return date,2026-08-25T11:30:07.532993Z,0,0,3,,4,0.0,0,0,0,0,0,0,0,0,0,0,0,0,0,0.00,0.00,0.00,0.00,0.0,0.0
2026-09-09T00:28:10+00:00,2026-09-08,daily,4,2026-09-12T12:30:00Z,319,Szmodics,IPS,MID,50,0,0,0.0,0,54,0,654,u,Has joined Derby County on loan for the rest of the season,2026-08-17T13:51:41.713979Z,0,0,,,,0.0,0,0,0,0,0,0,0,0,0,0,0,0,0,0.00,0.00,0.00,0.00,0.0,0.0
2026-09-09T00:28:10+00:00,2026-09-08,daily,4,2026-09-12T12:30:00Z,320,Akpom,IPS,FWD,50,0,0,1.1,21197,10446,88476,33916,a,,,,,,,,2.0,0,6,69,0,1,0,0,4,0,3,0,1,2,0.97,0.00,0.97,4.04,2.0,2.0
2026-09-09T00:28:10+00:00,2026-09-08,daily,4,2026-09-12T12:30:00Z,321,Walle Egeli,IPS,FWD,45,0,0,3.4,45654,29711,214064,107306,a,,,,,,,,0.3,0,1,10,0,0,0,0,0,0,0,0,0,0,0.00,0.00,0.00,0.03,0.3,0.3
2026-09-09T00:28:10+00:00,2026-09-08,daily,4,2026-09-12T12:30:00Z,322,Al-Hamadi,IPS,FWD,50,0,0,0.1,0,1002,755,7881,u,Has joined Sheffield Wednesday on loan for the rest of the season,2026-08-27T14:54:10.215357Z,0,0,,,,0.0,0,0,0,0,0,0,0,0,0,0,0,0,0,0.00,0.00,0.00,0.00,0.0,0.0
2026-09-09T00:28:10+00:00,2026-09-08,daily,4,2026-09-12T12:30:00Z,323,McAteer,IPS,MID,45,0,0,1.2,4308,7261,21549,34792,a,,,,,,,,1.0,1,3,42,0,0,0,0,0,0,5,0,1,4,0.05,0.00,0.05,0.21,1.0,1.0
2026-09-09T00:28:10+00:00,2026-09-08,daily,4,2026-09-12T12:30:00Z,324,Mehmeti,IPS,MID,49,0,-1,0.0,66,296,222,1739,a,,,,,,,,0.0,0,0,0,0,0,0,0,0,0,0,0,0,0,0.00,0.00,0.00,0.00,0.0,0.0
2026-09-09T00:28:10+00:00,2026-09-08,daily,4,2026-09-12T12:30:00Z,554,Van Oevelen,IPS,GKP,45,0,0,0.0,0,180,54,1515,u,Has joined Valencia on loan for the rest of the season,2026-08-25T14:04:09.529320Z,0,0,,,,0.0,0,0,0,0,0,0,0,0,0,0,0,0,0,0.00,0.00,0.00,0.00,0.0,0.0
2026-09-09T00:28:10+00:00,2026-09-08,daily,4,2026-09-12T12:30:00Z,562,Maeda,IPS,MID,54,-1,-1,0.3,507,2307,2150,12188,a,,,,,,,,2.0,2,6,216,3,0,0,0,7,0,19,8,7,4,0.71,0.01,0.72,5.16,2.0,2.0
2026-09-09T00:28:10+00:00,2026-09-08,daily,4,2026-09-12T12:30:00Z,564,Scherpen,IPS,GKP,45,0,0,0.6,2619,2505,8347,13238,a,,,,,,,,2.0,2,6,270,3,0,0,0,8,13,0,5,0,30,0.00,0.01,0.01,6.12,2.0,2.0
2026-09-09T00:28:10+00:00,2026-09-08,daily,4,2026-09-12T12:30:00Z,571,Florentino,IPS,MID,49,0,-1,0.1,217,532,654,5090,a,,2026-08-25T11:30:07.678802Z,100,100,,,,0.0,0,0,0,0,0,0,0,0,0,0,0,0,0,0.00,0.00,0.00,0.00,0.0,0.0
2026-09-09T00:28:10+00:00,2026-09-08,daily,4,2026-09-12T12:30:00Z,591,Enciso,IPS,MID,55,0,0,0.8,13814,7551,67380,22816,a,,2026-08-22T18:00:07.551930Z,100,100,,,,3.7,1,11,250,3,0,2,0,8,0,21,4,2,15,0.87,0.64,1.51,6.09,3.7,3.7
2026-09-09T00:28:10+00:00,2026-09-08,daily,4,2026-09-12T12:30:00Z,592,Ouattara,IPS,DEF,40,0,0,0.9,1531,2847,8701,15874,a,,,,,,,,1.0,1,3,39,0,0,0,0,1,0,2,2,0,3,0.00,0.02,0.02,0.89,1.0,1.0
2026-09-09T00:28:10+00:00,2026-09-08,daily,4,2026-09-12T12:30:00Z,602,Humphreys,IPS,MID,45,0,0,0.0,0,712,2861,2249,u,Has joined Huddersfield Town on loan for the rest of the season,2026-09-02T16:04:17.524642Z,0,0,,,,0.0,0,0,0,0,0,0,0,0,0,0,0,0,0,0.00,0.00,0.00,0.00,0.0,0.0
2026-09-09T00:28:10+00:00,2026-09-08,daily,4,2026-09-12T12:30:00Z,619,Palacios,IPS,MID,50,0,0,0.0,1429,473,2844,825,a,,,,,,,,2.5,4,5,105,1,0,0,0,4,0,25,5,5,15,0.00,0.03,0.03,2.61,2.5,2.5
2026-09-09T00:28:10+00:00,2026-09-08,daily,4,2026-09-12T12:30:00Z,640,Flemming,IPS,FWD,55,0,0,0.0,1341,353,3102,586,a,,,,,,,,1.0,1,1,24,0,0,0,0,0,0,0,0,0,0,0.02,0.01,0.03,0.06,1.8,1.8
2026-09-09T00:28:10+00:00,2026-09-08,daily,4,2026-09-12T12:30:00Z,260,Wilson,LEE,MID,63,-1,-2,3.3,1789,68519,24045,281892,a,,,,,,,2,1.3,0,4,127,1,0,0,1,0,0,9,2,3,4,0.01,0.06,0.07,2.98,1.3,1.3
2026-09-09T00:28:10+00:00,2026-09-08,daily,4,2026-09-12T12:30:00Z,326,Perri,LEE,GKP,45,0,0,0.4,0,4265,532,19081,u,Has joined Torino on loan for the rest of the season,2026-09-01T13:12:39.210133Z,0,0,,,,0.0,0,0,0,0,0,0,0,0,0,0,0,0,0,0.00,0.00,0.00,0.00,0.0,0.0
2026-09-09T00:28:10+00:00,2026-09-08,daily,4,2026-09-12T12:30:00Z,327,Bijol,LEE,DEF,50,0,0,0.9,2578,8328,62705,34039,a,,,,,,,,4.0,1,12,164,2,0,0,1,2,0,21,18,3,7,0.11,0.00,0.11,3.16,4.0,4.0
2026-09-09T00:28:10+00:00,2026-09-08,daily,4,2026-09-12T12:30:00Z,329,Rodon,LEE,DEF,44,-1,-1,1.7,100,58612,26770,198813,i,Hamstring injury - Expected back 21 Nov,2026-08-30T16:00:08.564382Z,0,0,,,,2.3,0,7,123,2,0,0,1,0,0,11,10,1,2,0.03,0.06,0.09,1.01,0.0,0.0
2026-09-09T00:28:10+00:00,2026-09-08,daily,4,2026-09-12T12:30:00Z,330,Bogle,LEE,DEF,45,0,0,1.4,56441,9097,67455,17742,a,,,,,,,,7.3,14,22,217,3,1,0,2,1,0,12,9,3,8,0.90,0.03,0.93,1.64,7.3,7.3
2026-09-09T00:28:10+00:00,2026-09-08,daily,4,2026-09-12T12:30:00Z,331,Gudmundsson,LEE,DEF,45,0,0,0.1,557,254,1267,1637,a,,2026-08-08T20:00:07.546568Z,100,100,,,,0.7,2,2,90,1,0,0,0,1,0,5,2,3,9,0.00,0.00,0.00,2.19,0.7,0.7
2026-09-09T00:28:10+00:00,2026-09-08,daily,4,2026-09-12T12:30:00Z,332,Justin,LEE,DEF,45,0,0,1.5,11027,9162,90193,39981,a,,,,,,,,5.3,4,16,270,3,0,0,1,2,0,30,19,11,11,0.17,0.02,0.19,4.52,5.3,5.3
2026-09-09T00:28:10+00:00,2026-09-08,daily,4,2026-09-12T12:30:00Z,333,Bornauw,LEE,DEF,45,0,0,0.0,0,22,0,255,u,Has joined Hamburg SV on loan for the rest of the season,2026-08-19T13:56:14.645970Z,0,0,,,,0.0,0,0,0,0,0,0,0,0,0,0,0,0,0,0.00,0.00,0.00,0.00,0.0,0.0
2026-09-09T00:28:10+00:00,2026-09-08,daily,4,2026-09-12T12:30:00Z,334,Muharemović,LEE,DEF,50,0,0,3.4,46851,26473,108894,80908,a,,,,,,,,4.7,4,14,270,3,0,0,1,2,0,39,36,3,6,0.09,0.02,0.11,4.52,4.7,4.7
2026-09-09T00:28:10+00:00,2026-09-08,daily,4,2026-09-12T12:30:00Z,335,Stach,LEE,MID,60,0,0,2.8,14962,25212,158482,88448,a,,,,,,1,1,6.3,2,19,270,3,1,0,1,2,0,38,18,9,11,0.49,0.16,0.65,4.52,6.3,6.3
2026-09-09T00:28:10+00:00,2026-09-08,daily,4,2026-09-12T12:30:00Z,336,Okafor,LEE,MID,59,0,-1,0.3,1048,3042,4922,23101,a,,,,,,,,2.0,3,6,153,2,0,0,1,1,0,7,2,3,2,0.08,0.18,0.26,1.11,2.0,2.0
2026-09-09T00:28:10+00:00,2026-09-08,daily,4,2026-09-12T12:30:00Z,337,Aaronson,LEE,MID,54,-1,-1,0.6,585,5895,5204,30422,a,,,,,,3,,1.7,1,5,154,2,0,0,1,2,0,10,1,2,7,0.01,0.02,0.03,3.08,1.7,1.7
2026-09-09T00:28:10+00:00,2026-09-08,daily,4,2026-09-12T12:30:00Z,338,Ampadu,LEE,MID,55,0,0,1.1,1442,8376,9595,37086,a,,,,,,,,3.0,2,9,270,3,0,0,1,2,0,34,17,8,9,0.01,0.14,0.15,4.52,3.0,3.0
2026-09-09T00:28:10+00:00,2026-09-08,daily,4,2026-09-12T12:30:00Z,339,Longstaff,LEE,MID,49,-1,-1,0.1,404,992,1618,5227,a,,,,,,2,3,0.3,0,1,8,0,0,0,0,0,0,0,0,0,0,0.00,0.00,0.00,0.07,0.3,0.3
2026-09-09T00:28:10+00:00,2026-09-08,daily,4,2026-09-12T12:30:00Z,341,Gnonto,LEE,MID,50,0,0,0.0,0,313,244,1457,u,Has joined ACF Fiorentina on loan for the rest of the season,2026-09-02T16:04:47.189648Z,0,0,,,,0.0,0,0,0,0,0,0,0,0,0,0,0,0,0,0.00,0.00,0.00,0.00,0.0,0.0
2026-09-09T00:28:10+00:00,2026-09-08,daily,4,2026-09-12T12:30:00Z,342,Harrison,LEE,MID,50,0,0,0.0,0,9,0,62,u,Has joined New England Revolution permanently,2026-07-28T12:59:09.492431Z,0,0,,,,0.0,0,0,0,0,0,0,0,0,0,0,0,0,0,0.00,0.00,0.00,0.00,0.0,0.0
2026-09-09T00:28:10+00:00,2026-09-08,daily,4,2026-09-12T12:30:00Z,343,James,LEE,MID,50,0,0,0.1,440,1082,2902,5109,a,,,,,,,,0.3,0,1,22,0,0,0,0,0,0,2,0,0,2,0.24,0.01,0.25,0.93,0.3,0.3
2026-09-09T00:28:10+00:00,2026-09-08,daily,4,2026-09-12T12:30:00Z,344,Gruev,LEE,MID,50,0,0,0.0,8,27,50,227,d,Knee injury - 25% chance of playing,2026-08-14T23:00:06.272027Z,25,25,,,,0.0,0,0,0,0,0,0,0,0,0,0,0,0,0,0.00,0.00,0.00,0.00,0.0,0.0
2026-09-09T00:28:10+00:00,2026-09-08,daily,4,2026-09-12T12:30:00Z,345,Tanaka,LEE,MID,49,0,-1,0.2,3366,1570,7731,10304,a,,,,,,,4,2.0,5,6,117,1,0,1,0,1,0,19,8,5,6,0.53,0.02,0.55,2.00,2.0,2.0
2026-09-09T00:28:10+00:00,2026-09-08,daily,4,2026-09-12T12:30:00Z,346,Calvert-Lewin,LEE,FWD,60,0,0,23.9,52611,231960,335511,764124,a,,,,,1,,,3.3,1,10,252,3,1,0,1,2,0,9,4,0,5,1.61,0.08,1.69,3.20,3.3,3.3
2026-09-09T00:28:10+00:00,2026-09-08,daily,4,2026-09-12T12:30:00Z,347,Nmecha,LEE,FWD,54,-1,-1,0.5,2973,3919,10317,22002,a,,,,,2,,,1.7,1,5,38,0,0,1,0,0,0,1,0,0,1,0.27,0.14,0.41,2.25,1.7,1.7
2026-09-09T00:28:10+00:00,2026-09-08,daily,4,2026-09-12T12:30:00Z,348,Piroe,LEE,FWD,50,0,0,0.1,0,948,0,9244,u,Has joined West Ham United on loan for the rest of the season,2026-08-19T13:56:14.666726Z,0,0,3,,,0.0,0,0,0,0,0,0,0,0,0,0,0,0,0,0.00,0.00,0.00,0.00,0.0,0.0
2026-09-09T00:28:10+00:00,2026-09-08,daily,4,2026-09-12T12:30:00Z,349,Mateo Joseph,LEE,FWD,45,0,0,0.1,436,580,1708,2713,i,Knee injury - Unknown return date,2026-07-29T18:00:10.338170Z,0,0,,,,0.0,0,0,0,0,0,0,0,0,0,0,0,0,0,0.00,0.00,0.00,0.00,0.0,0.0
2026-09-09T00:28:10+00:00,2026-09-08,daily,4,2026-09-12T12:30:00Z,385,Trafford,LEE,GKP,50,0,0,5.4,32795,23468,178086,87392,a,,,,,,,,5.0,3,15,270,3,0,0,1,2,11,0,2,0,31,0.00,0.00,0.00,4.52,5.0,5.0
2026-09-09T00:28:10+00:00,2026-09-08,daily,4,2026-09-12T12:30:00Z,598,Elvedi,LEE,DEF,45,0,0,0.0,853,442,1936,1249,a,,,,,,,,1.7,4,5,146,1,0,0,0,2,0,16,15,1,4,0.00,0.57,0.57,3.51,1.7,1.7
2026-09-09T00:28:10+00:00,2026-09-08,daily,4,2026-09-12T12:30:00Z,603,Lienou,LEE,DEF,40,0,0,0.1,780,635,4804,2090,a,,,,,,,,0.0,0,0,0,0,0,0,0,0,0,0,0,0,0,0.00,0.00,0.00,0.00,0.0,0.0
2026-09-09T00:28:10+00:00,2026-09-08,daily,4,2026-09-12T12:30:00Z,604,Cresswell,LEE,MID,45,0,0,0.1,2153,1304,11104,4208,a,,,,,,,,0.0,0,0,0,0,0,0,0,0,0,0,0,0,0,0.00,0.00,0.00,0.00,0.0,0.0
2026-09-09T00:28:10+00:00,2026-09-08,daily,4,2026-09-12T12:30:00Z,625,Cairns,LEE,GKP,40,0,0,0.2,3693,1132,13118,2516,a,,,,,,,,0.0,0,0,0,0,0,0,0,0,0,0,0,0,0,0.00,0.00,0.00,0.00,0.0,0.0
2026-09-09T00:28:10+00:00,2026-09-08,daily,4,2026-09-12T12:30:00Z,629,Zetterer,LEE,GKP,40,0,0,0.4,13517,2429,26791,3736,a,,,,,,,,0.0,0,0,0,0,0,0,0,0,0,0,0,0,0,0.00,0.00,0.00,0.00,1.0,1.0
2026-09-09T00:28:10+00:00,2026-09-08,daily,4,2026-09-12T12:30:00Z,641,Bard,LEE,DEF,45,0,0,0.0,167,52,344,80,a,,,,,,,,0.0,0,0,0,0,0,0,0,0,0,0,0,0,0,0.00,0.00,0.00,0.00,1.8,1.8
2026-09-09T00:28:10+00:00,2026-09-08,daily,4,2026-09-12T12:30:00Z,648,Bahoya,LEE,MID,50,0,0,0.0,552,205,1567,401,a,,,,,,,,0.0,0,0,0,0,0,0,0,0,0,0,0,0,0,0.00,0.00,0.00,0.00,1.5,1.5
2026-09-09T00:28:10+00:00,2026-09-08,daily,4,2026-09-12T12:30:00Z,350,A.Becker,LIV,GKP,55,0,0,3.8,20386,15408,88214,94621,a,,,,,,,,3.3,8,10,270,3,0,0,1,4,9,0,6,0,24,0.00,0.00,0.00,4.63,3.3,3.3
2026-09-09T00:28:10+00:00,2026-09-08,daily,4,2026-09-12T12:30:00Z,351,Mamardashvili,LIV,GKP,49,0,-1,0.1,383,1279,2043,6157,a,,,,,,,,0.0,0,0,0,0,0,0,0,0,0,0,0,0,0,0.00,0.00,0.00,0.00,0.0,0.0
2026-09-09T00:28:10+00:00,2026-09-08,daily,4,2026-09-12T12:30:00Z,352,Woodman,LIV,GKP,40,0,0,1.1,2044,4186,13534,17656,a,,,,,,,,0.0,0,0,0,0,0,0,0,0,0,0,0,0,0,0.00,0.00,0.00,0.00,0.0,0.0
2026-09-09T00:28:10+00:00,2026-09-08,daily,4,2026-09-12T12:30:00Z,353,Pecsi,LIV,GKP,40,0,0,0.0,0,116,0,848,u,Has joined TSV Hartberg on loan for the rest of the season,2026-08-18T14:11:18.638344Z,0,0,,,,0.0,0,0,0,0,0,0,0,0,0,0,0,0,0,0.00,0.00,0.00,0.00,0.0,0.0
2026-09-09T00:28:10+00:00,2026-09-08,daily,4,2026-09-12T12:30:00Z,354,Jaros,LIV,GKP,40,0,0,0.0,343,195,1055,710,i,Knee injury - Unknown return date,2026-07-29T18:00:10.351066Z,0,0,,,,0.0,0,0,0,0,0,0,0,0,0,0,0,0,0,0.00,0.00,0.00,0.00,0.0,0.0
2026-09-09T00:28:10+00:00,2026-09-08,daily,4,2026-09-12T12:30:00Z,355,Davies,LIV,GKP,40,0,0,0.2,683,642,3044,2494,a,,,,,,,,0.0,0,0,0,0,0,0,0,0,0,0,0,0,0,0.00,0.00,0.00,0.00,0.0,0.0
2026-09-09T00:28:10+00:00,2026-09-08,daily,4,2026-09-12T12:30:00Z,356,Virgil,LIV,DEF,65,0,0,17.3,45072,68176,187336,420731,a,,,,,,,,3.0,6,9,270,3,0,0,1,4,0,25,20,5,15,0.25,0.06,0.31,4.63,3.0,3.0
2026-09-09T00:28:10+00:00,2026-09-08,daily,4,2026-09-12T12:30:00Z,357,Frimpong,LIV,DEF,54,-1,-1,2.5,2651,52177,52265,156146,a,,,,,,,,0.3,0,1,160,2,0,0,0,4,0,8,5,3,6,0.01,0.11,0.12,3.81,0.3,0.3
2026-09-09T00:28:10+00:00,2026-09-08,daily,4,2026-09-12T12:30:00Z,358,Kerkez,LIV,DEF,54,-1,-1,2.8,6404,18326,36048,117764,a,,,,,,,,2.0,5,6,250,3,0,0,1,4,0,20,14,6,8,0.02,0.06,0.08,4.56,2.0,2.0
2026-09-09T00:28:10+00:00,2026-09-08,daily,4,2026-09-12T12:30:00Z,359,Gomez,LIV,DEF,50,0,0,0.0,44,135,193,869,i,Muscular injury - Unknown return date,2026-07-26T08:30:10.078473Z,0,0,,,,0.0,0,0,0,0,0,0,0,0,0,0,0,0,0,0.00,0.00,0.00,0.00,0.0,0.0
2026-09-09T00:28:10+00:00,2026-09-08,daily,4,2026-09-12T12:30:00Z,360,Bradley,LIV,DEF,50,0,0,0.0,47,111,240,548,i,Knee injury - Unknown return date,2026-07-23T12:01:23.565711Z,0,0,,,,0.0,0,0,0,0,0,0,0,0,0,0,0,0,0,0.00,0.00,0.00,0.00,0.0,0.0
2026-09-09T00:28:10+00:00,2026-09-08,daily,4,2026-09-12T12:30:00Z,361,Lucky,LIV,DEF,40,0,0,0.1,503,902,2531,3467,a,,,,,,,,0.0,0,0,0,0,0,0,0,0,0,0,0,0,0,0.00,0.00,0.00,0.00,0.0,0.0
2026-09-09T00:28:10+00:00,2026-09-08,daily,4,2026-09-12T12:30:00Z,362,Jacquet,LIV,DEF,50,0,0,2.7,24301,17579,103836,76252,a,,2026-07-23T12:01:23.581126Z,100,100,,,,3.0,5,9,235,3,0,0,1,4,0,23,16,7,10,0.00,0.10,0.10,4.02,3.0,3.0
2026-09-09T00:28:10+00:00,2026-09-08,daily,4,2026-09-12T12:30:00Z,363,Leoni,LIV,DEF,40,0,0,0.0,105,285,619,1421,i,Knee injury - Unknown return date,2026-07-23T12:01:23.596909Z,0,0,,,,0.0,0,0,0,0,0,0,0,0,0,0,0,0,0,0.00,0.00,0.00,0.00,0.0,0.0
2026-09-09T00:28:10+00:00,2026-09-08,daily,4,2026-09-12T12:30:00Z,364,Tsimikas,LIV,DEF,49,-1,-1,0.1,185,875,1011,2944,a,,,,,,,,0.3,0,1,19,0,0,0,0,0,0,0,0,0,0,0.04,0.01,0.05,0.07,0.3,0.3
2026-09-09T00:28:10+00:00,2026-09-08,daily,4,2026-09-12T12:30:00Z,365,Ramsay,LIV,DEF,40,0,0,0.1,0,1271,638,10238,u,Has joined St Mirren on loan for the rest of the season,2026-08-26T14:05:26.748768Z,0,0,,,,0.0,0,0,0,0,0,0,0,0,0,0,0,0,0,0.00,0.00,0.00,0.00,0.0,0.0
2026-09-09T00:28:10+00:00,2026-09-08,daily,4,2026-09-12T12:30:00Z,366,Wirtz,LIV,MID,74,-1,-1,8.4,7166,137370,101119,451011,a,,,,,4,2,3,3.0,3,9,242,3,0,1,1,4,0,19,0,4,15,0.67,0.29,0.96,3.46,3.0,3.0
2026-09-09T00:28:10+00:00,2026-09-08,daily,4,2026-09-12T12:30:00Z,367,Gakpo,LIV,MID,72,1,2,14.4,546296,38543,986993,197475,a,,,,,3,,2,9.3,11,28,250,3,1,3,1,4,0,25,7,6,12,0.36,1.20,1.56,4.56,9.3,9.3
2026-09-09T00:28:10+00:00,2026-09-08,daily,4,2026-09-12T12:30:00Z,368,Szoboszlai,LIV,MID,70,0,0,38.5,66821,313247,592845,767080,a,,,,,1,1,1,5.0,3,15,270,3,1,0,1,4,0,29,8,4,17,1.17,0.52,1.69,4.63,5.0,5.0
2026-09-09T00:28:10+00:00,2026-09-08,daily,4,2026-09-12T12:30:00Z,369,Ngumoha,LIV,MID,58,-1,-2,0.6,845,15233,9865,65519,a,,,,,,,,1.0,0,3,81,1,0,0,0,2,0,3,0,1,2,0.04,0.05,0.09,0.58,1.0,1.0
2026-09-09T00:28:10+00:00,2026-09-08,daily,4,2026-09-12T12:30:00Z,370,Chiesa,LIV,MID,54,0,-1,0.1,12,894,647,8690,i,Back injury - Unknown return date,2026-08-27T13:30:07.598926Z,0,0,,,,0.0,0,0,0,0,0,0,0,0,0,0,0,0,0,0.00,0.00,0.00,0.00,0.0,0.0
2026-09-09T00:28:10+00:00,2026-09-08,daily,4,2026-09-12T12:30:00Z,371,Gravenberch,LIV,MID,59,-1,-1,1.4,3221,24094,29000,84247,a,,,,,,,,2.3,1,7,122,1,0,1,0,2,0,14,3,2,9,0.06,0.06,0.12,1.34,2.3,2.3
2026-09-09T00:28:10+00:00,2026-09-08,daily,4,2026-09-12T12:30:00Z,372,Mac Allister,LIV,MID,54,-1,-1,1.4,5068,12890,22257,62456,a,,,,,5,,,1.7,2,5,186,2,0,0,1,2,0,24,5,8,11,0.08,0.42,0.50,3.90,1.7,1.7
2026-09-09T00:28:10+00:00,2026-09-08,daily,4,2026-09-12T12:30:00Z,373,C.Jones,LIV,MID,55,0,0,0.0,0,251,34,2309,u,Has joined Internazionale permanently,2026-08-16T18:30:07.426408Z,0,0,,,,0.0,0,0,0,0,0,0,0,0,0,0,0,0,0,0.00,0.00,0.00,0.00,0.0,0.0
2026-09-09T00:28:10+00:00,2026-09-08,daily,4,2026-09-12T12:30:00Z,374,Endo,LIV,MID,50,0,0,0.1,357,738,1640,3169,a,,2026-07-23T12:01:23.612529Z,100,100,,,,0.0,0,0,0,0,0,0,0,0,0,0,0,0,0,0.00,0.00,0.00,0.00,0.0,0.0
2026-09-09T00:28:10+00:00,2026-09-08,daily,4,2026-09-12T12:30:00Z,375,Nyoni,LIV,MID,49,-1,-1,0.0,305,425,947,1920,a,,,,,,,,0.7,1,2,19,0,0,0,0,0,0,5,1,2,2,0.00,0.00,0.00,0.22,0.7,0.7
2026-09-09T00:28:10+00:00,2026-09-08,daily,4,2026-09-12T12:30:00Z,376,Bajcetic,LIV,MID,50,0,0,0.0,0,13,19,85,u,Has joined Celta Vigo permanently,2026-07-23T12:01:23.628373Z,0,0,,,,0.0,0,0,0,0,0,0,0,0,0,0,0,0,0,0.00,0.00,0.00,0.00,0.0,0.0
2026-09-09T00:28:10+00:00,2026-09-08,daily,4,2026-09-12T12:30:00Z,377,Munoz,LIV,MID,65,0,0,1.2,9842,17022,99539,46136,a,,,,,,,,4.3,3,13,180,2,1,1,1,2,0,11,4,2,5,0.42,0.25,0.67,3.95,4.3,4.3
2026-09-09T00:28:10+00:00,2026-09-08,daily,4,2026-09-12T12:30:00Z,378,McConnell,LIV,MID,45,0,0,0.2,602,1600,2889,7823,a,,,,,,,,0.0,0,0,0,0,0,0,0,0,0,0,0,0,0,0.00,0.00,0.00,0.00,0.0,0.0
2026-09-09T00:28:10+00:00,2026-09-08,daily,4,2026-09-12T12:30:00Z,379,Isak,LIV,FWD,91,1,1,20.5,386609,43815,641232,351797,a,,,,,2,,,7.7,13,23,243,3,3,0,1,4,0,5,2,1,2,2.29,0.06,2.35,4.46,7.7,7.7
2026-09-09T00:28:10+00:00,2026-09-08,daily,4,2026-09-12T12:30:00Z,380,Ekitiké,LIV,FWD,74,-1,-1,0.1,333,1517,1738,8756,i,Achilles injury - Unknown return date,2026-07-23T12:01:23.643771Z,0,0,,,,0.0,0,0,0,0,0,0,0,0,0,0,0,0,0,0.00,0.00,0.00,0.00,0.0,0.0
2026-09-09T00:28:10+00:00,2026-09-08,daily,4,2026-09-12T12:30:00Z,381,Koumas,LIV,MID,50,0,0,0.0,83,193,400,781,a,,,,,,,,0.7,1,2,13,0,0,0,0,0,0,1,0,0,1,0.03,0.00,0.03,0.58,0.7,0.7
2026-09-09T00:28:10+00:00,2026-09-08,daily,4,2026-09-12T12:30:00Z,382,Danns,LIV,FWD,45,0,0,0.1,4414,1388,7638,2896,a,,2026-07-23T12:01:23.659279Z,100,100,,,,0.0,0,0,0,0,0,0,0,0,0,0,0,0,0,0.00,0.00,0.00,0.00,0.0,0.0
2026-09-09T00:28:10+00:00,2026-09-08,daily,4,2026-09-12T12:30:00Z,383,Elliott,LIV,MID,54,0,-1,0.0,0,1203,907,4875,u,Has joined Valencia on loan for the rest of the season,2026-09-02T16:05:49.104326Z,0,0,,,,0.0,0,0,0,0,0,0,0,0,0,0,0,0,0,0.00,0.00,0.00,0.00,0.0,0.0
2026-09-09T00:28:10+00:00,2026-09-08,daily,4,2026-09-12T12:30:00Z,579,Araujo,LIV,DEF,54,0,-1,2.3,20654,9987,55936,124301,a,,,,,,,,3.0,8,9,123,1,0,0,1,0,0,15,13,2,4,0.00,0.05,0.05,1.36,3.0,3.0
2026-09-09T00:28:10+00:00,2026-09-08,daily,4,2026-09-12T12:30:00Z,627,Barcola,LIV,MID,80,0,0,1.8,57945,20125,193733,39741,a,,,,,,,,1.0,1,1,26,0,0,0,0,0,0,0,0,0,0,0.00,0.07,0.07,0.17,2.8,2.8
2026-09-09T00:28:10+00:00,2026-09-08,daily,4,2026-09-12T12:30:00Z,155,Enzo,MCI,MID,69,0,-1,3.2,17860,28766,63782,250867,a,,,,,,,,1.3,3,4,100,1,0,0,1,0,0,6,1,1,4,0.13,0.14,0.27,1.28,1.3,1.3
2026-09-09T00:28:10+00:00,2026-09-08,daily,4,2026-09-12T12:30:00Z,237,Ndiaye,MCI,MID,59,-1,-1,10.1,27480,175923,231849,709095,a,,,,,,,,5.3,3,16,266,3,0,1,2,1,0,30,6,7,17,0.28,0.43,0.71,5.47,5.3,5.3
2026-09-09T00:28:10+00:00,2026-09-08,daily,4,2026-09-12T12:30:00Z,384,Donnarumma,MCI,GKP,55,0,0,7.7,18848,41192,123996,206209,a,,,,,,,,3.3,7,10,270,3,0,0,1,2,7,0,2,0,14,0.00,0.00,0.00,2.68,3.3,3.3
2026-09-09T00:28:10+00:00,2026-09-08,daily,4,2026-09-12T12:30:00Z,386,Bettinelli,MCI,GKP,45,0,0,0.0,79,148,386,757,a,,,,,,,,0.0,0,0,0,0,0,0,0,0,0,0,0,0,0,0.00,0.00,0.00,0.00,0.0,0.0
2026-09-09T00:28:10+00:00,2026-09-08,daily,4,2026-09-12T12:30:00Z,387,O'Reilly,MCI,DEF,65,0,0,15.1,4168,338262,170195,736622,d,Back injury - 75% chance of playing,2026-09-05T18:00:06.379802Z,,75,,,,1.3,0,4,150,2,0,0,0,2,0,3,1,2,7,0.09,0.43,0.52,1.21,1.3,1.0
2026-09-09T00:28:10+00:00,2026-09-08,daily,4,2026-09-12T12:30:00Z,388,Guéhi,MCI,DEF,60,0,0,18.6,56418,59601,362050,283419,a,,,,,,,,6.7,8,20,270,3,1,0,1,2,0,18,15,3,14,0.89,0.38,1.27,2.68,6.7,6.7
2026-09-09T00:28:10+00:00,2026-09-08,daily,4,2026-09-12T12:30:00Z,389,Matheus N.,MCI,DEF,59,0,-1,1.0,1375,6429,4885,62341,a,,2026-08-27T11:30:08.171622Z,100,100,4,,,0.3,0,1,33,0,0,0,0,0,0,1,1,0,2,0.00,0.04,0.04,0.10,0.3,0.3
2026-09-09T00:28:10+00:00,2026-09-08,daily,4,2026-09-12T12:30:00Z,390,Rúben,MCI,DEF,55,0,0,1.8,6433,9385,36708,45896,a,,,,,,,,3.3,6,10,270,3,0,0,1,2,0,15,14,1,14,0.09,0.74,0.83,2.68,3.3,3.3
2026-09-09T00:28:10+00:00,2026-09-08,daily,4,2026-09-12T12:30:00Z,391,Gvardiol,MCI,DEF,56,0,1,19.9,191509,69589,968279,225890,a,,,,,,,,7.3,8,22,254,3,1,1,1,2,0,17,10,7,12,0.20,0.11,0.31,2.68,7.3,7.3
2026-09-09T00:28:10+00:00,2026-09-08,daily,4,2026-09-12T12:30:00Z,392,Aït-Nouri,MCI,DEF,53,-1,-2,0.5,646,7062,5282,48912,a,,,,,,,,0.0,0,0,0,0,0,0,0,0,0,0,0,0,0,0.00,0.00,0.00,0.00,0.0,0.0
2026-09-09T00:28:10+00:00,2026-09-08,daily,4,2026-09-12T12:30:00Z,393,Khusanov,MCI,DEF,55,0,0,1.6,3929,7806,19807,46626,a,,,,,,,,3.0,5,9,268,3,0,0,1,2,0,17,9,8,13,0.00,0.06,0.06,2.68,3.0,3.0
2026-09-09T00:28:10+00:00,2026-09-08,daily,4,2026-09-12T12:30:00Z,394,Alleyne,MCI,DEF,50,0,0,0.0,0,41,0,540,u,Has joined Burnley on loan for the rest of the season,2026-08-18T14:11:56.324656Z,0,0,,,,0.0,0,0,0,0,0,0,0,0,0,0,0,0,0,0.00,0.00,0.00,0.00,0.0,0.0
2026-09-09T00:28:10+00:00,2026-09-08,daily,4,2026-09-12T12:30:00Z,395,Lewis,MCI,DEF,45,0,0,0.2,587,2562,6359,10818,a,,,,,,,,0.3,0,1,56,1,0,0,0,1,0,2,2,0,0,0.17,0.02,0.19,0.55,0.3,0.3
2026-09-09T00:28:10+00:00,2026-09-08,daily,4,2026-09-12T12:30:00Z,396,Vitor Reis,MCI,DEF,45,0,0,0.0,44,179,278,681,a,,,,,,,,0.3,0,1,1,0,0,0,0,0,0,0,0,0,0,0.00,0.00,0.00,0.00,0.3,0.3
2026-09-09T00:28:10+00:00,2026-09-08,daily,4,2026-09-12T12:30:00Z,397,Semenyo,MCI,MID,84,-1,-1,18.0,22290,156668,140018,760999,a,,,,,2,,,4.3,6,13,270,3,0,2,1,2,0,12,0,3,9,0.17,0.93,1.10,2.68,4.3,4.3
2026-09-09T00:28:10+00:00,2026-09-08,daily,4,2026-09-12T12:30:00Z,398,Foden,MCI,MID,70,0,0,4.8,11046,107374,293929,228774,a,,,,,,2,3,3.7,1,11,195,2,0,2,0,2,0,14,2,4,8,1.61,0.86,2.47,1.81,3.7,3.7
2026-09-09T00:28:10+00:00,2026-09-08,daily,4,2026-09-12T12:30:00Z,399,Cherki,MCI,MID,78,1,3,30.3,189623,189354,2258831,312698,a,,,,,,1,1,8.3,3,25,173,2,2,2,1,1,0,6,0,0,6,0.56,1.35,1.91,1.62,8.3,8.3
2026-09-09T00:28:10+00:00,2026-09-08,daily,4,2026-09-12T12:30:00Z,400,Doku,MCI,MID,74,0,-1,0.8,176,8696,1123,113082,i,Calf injury - Expected back 13 Sep,2026-08-18T17:00:08.385597Z,0,0,3,,,0.0,0,0,0,0,0,0,0,0,0,0,0,0,0,0.00,0.00,0.00,0.00,0.0,0.0
2026-09-09T00:28:10+00:00,2026-09-08,daily,4,2026-09-12T12:30:00Z,402,Rodrigo,MCI,MID,65,0,0,0.0,0,62,0,1127,u,Has joined Barcelona permanently,2026-07-23T12:01:23.675537Z,0,0,,,,0.0,0,0,0,0,0,0,0,0,0,0,0,0,0,0.00,0.00,0.00,0.00,0.0,0.0
2026-09-09T00:28:10+00:00,2026-09-08,daily,4,2026-09-12T12:30:00Z,404,Reijnders,MCI,MID,60,0,0,0.0,0,369,0,7689,u,Has joined Al Qadsiah permanently,2026-08-20T14:02:58.154273Z,0,0,,,,0.0,0,0,0,0,0,0,0,0,0,0,0,0,0,0.00,0.00,0.00,0.00,0.0,0.0
2026-09-09T00:28:10+00:00,2026-09-08,daily,4,2026-09-12T12:30:00Z,406,Kovačić,MCI,MID,54,-1,-1,0.1,302,880,1778,4316,a,,,,,,,,0.7,0,2,42,0,0,0,0,0,0,2,0,0,2,0.00,0.02,0.02,0.10,0.7,0.7
2026-09-09T00:28:10+00:00,2026-09-08,daily,4,2026-09-12T12:30:00Z,407,Echeverri,MCI,MID,49,0,-1,0.0,0,265,250,1068,u,Has joined Benfica on loan for the rest of the season,2026-09-03T15:41:24.710479Z,0,0,,,,0.0,0,0,0,0,0,0,0,0,0,0,0,0,0,0.00,0.00,0.00,0.00,0.0,0.0
2026-09-09T00:28:10+00:00,2026-09-08,daily,4,2026-09-12T12:30:00Z,408,Phillips,MCI,MID,50,0,0,0.0,0,36,0,497,u,Has joined Sheffield United on loan for the rest of the season,2026-08-18T14:11:56.348781Z,0,0,,,,0.0,0,0,0,0,0,0,0,0,0,0,0,0,0,0.00,0.00,0.00,0.00,0.0,0.0
2026-09-09T00:28:10+00:00,2026-09-08,daily,4,2026-09-12T12:30:00Z,409,Mukasa,MCI,MID,45,0,0,0.1,0,2231,1621,8692,u,has joined West Ham on loan for the rest of the seaon.,2026-09-03T10:34:10.733520Z,0,0,,,,0.0,0,0,0,0,0,0,0,0,0,0,0,0,0,0.00,0.00,0.00,0.00,0.0,0.0
2026-09-09T00:28:10+00:00,2026-09-08,daily,4,2026-09-12T12:30:00Z,410,Monga,MCI,MID,49,0,-1,0.0,0,260,219,995,u,Has joined Swansea City on loan for the rest of the season,2026-09-02T16:02:01.136760Z,0,0,,,,0.0,0,0,0,0,0,0,0,0,0,0,0,0,0,0.00,0.00,0.00,0.00,0.0,0.0
2026-09-09T00:28:10+00:00,2026-09-08,daily,4,2026-09-12T12:30:00Z,411,Haaland,MCI,FWD,155,0,0,71.2,91793,68565,561971,212927,a,,,,,1,,,8.0,9,24,270,3,3,0,1,2,0,15,8,0,7,2.46,0.50,2.96,2.68,8.0,8.0
2026-09-09T00:28:10+00:00,2026-09-08,daily,4,2026-09-12T12:30:00Z,481,Anderson,MCI,MID,63,-1,-2,4.6,10880,48242,62236,334466,a,,2026-08-23T17:00:07.952697Z,100,100,,,2,2.7,3,8,233,3,0,0,1,2,0,31,9,8,14,0.09,0.64,0.73,2.58,2.7,2.7
2026-09-09T00:28:10+00:00,2026-09-08,daily,4,2026-09-12T12:30:00Z,587,Rulli,MCI,GKP,50,0,0,0.0,78,152,319,716,a,,,,,,,,0.0,0,0,0,0,0,0,0,0,0,0,0,0,0,0.00,0.00,0.00,0.00,0.0,0.0
2026-09-09T00:28:10+00:00,2026-09-08,daily,4,2026-09-12T12:30:00Z,616,Bouaddi,MCI,MID,55,0,0,0.2,1988,2619,14342,6226,a,,,,,,,,1.0,1,2,22,0,0,0,0,0,0,6,3,0,3,0.00,0.12,0.12,0.37,1.0,1.0
2026-09-09T00:28:10+00:00,2026-09-08,daily,4,2026-09-12T12:30:00Z,621,McAidoo,MCI,MID,45,0,0,0.1,2449,1479,9127,3405,a,,,,,,,,1.0,1,2,11,0,0,0,0,0,0,4,0,2,2,0.10,0.00,0.10,0.02,1.0,1.0
2026-09-09T00:28:10+00:00,2026-09-08,daily,4,2026-09-12T12:30:00Z,622,Braithwaite,MCI,DEF,40,0,0,0.2,2984,1862,12268,4067,a,,,,,,,,0.5,0,1,1,0,0,0,0,0,0,0,0,0,1,0.00,0.00,0.00,0.00,0.5,0.5
2026-09-09T00:28:10+00:00,2026-09-08,daily,4,2026-09-12T12:30:00Z,628,Allan,MCI,MID,60,0,0,0.0,206,117,506,204,a,,,,,,,,0.0,0,0,0,0,0,0,0,0,0,0,0,0,0,0.00,0.00,0.00,0.00,2.2,2.2
2026-09-09T00:28:10+00:00,2026-09-08,daily,4,2026-09-12T12:30:00Z,653,Samba,MCI,MID,45,0,0,0.0,2036,493,2036,493,a,,,,,,,,0.0,0,0,0,0,0,0,0,0,0,0,0,0,0,0.00,0.00,0.00,0.00,1.0,1.0
2026-09-09T00:28:10+00:00,2026-09-08,daily,4,2026-09-12T12:30:00Z,43,Tielemans,MUN,MID,59,0,-1,1.8,4714,21080,30111,108292,a,,2026-07-23T12:01:23.321726Z,100,100,3,,,2.7,2,8,246,3,0,0,0,6,0,25,6,2,17,0.56,0.28,0.84,4.01,2.7,2.7
2026-09-09T00:28:10+00:00,2026-09-08,daily,4,2026-09-12T12:30:00Z,131,Baleba,MUN,MID,50,0,0,0.1,584,1511,4604,10906,i,Ankle injury - Expected back 19 Sep,2026-08-06T16:00:10.997714Z,0,0,,,,0.0,0,0,0,0,0,0,0,0,0,0,0,0,0,0.00,0.00,0.00,0.00,0.0,0.0
2026-09-09T00:28:10+00:00,2026-09-08,daily,4,2026-09-12T12:30:00Z,162,Andrey Santos,MUN,MID,49,0,-1,0.7,2483,9619,17285,49071,a,,,,,,,,1.3,1,4,82,1,0,0,0,4,0,18,7,4,7,0.00,0.24,0.24,2.03,1.3,1.3
2026-09-09T00:28:10+00:00,2026-09-08,daily,4,2026-09-12T12:30:00Z,325,Darlow,MUN,GKP,45,0,0,0.0,156,220,738,939,a,,2026-07-23T12:01:23.549136Z,100,100,,,,0.0,0,0,0,0,0,0,0,0,0,0,0,0,0,0.00,0.00,0.00,0.00,0.0,0.0
2026-09-09T00:28:10+00:00,2026-09-08,daily,4,2026-09-12T12:30:00Z,412,Lammens,MUN,GKP,50,0,0,12.4,7084,122555,73998,401747,a,,,,,,,,1.7,2,5,270,3,0,0,0,6,9,0,4,0,28,0.00,0.00,0.00,4.08,1.7,1.7
2026-09-09T00:28:10+00:00,2026-09-08,daily,4,2026-09-12T12:30:00Z,413,Bayindir,MUN,GKP,45,0,0,0.0,0,98,0,978,u,Has joined Celta Vigo on loan for the rest of the season,2026-08-10T14:02:28.608415Z,0,0,,,,0.0,0,0,0,0,0,0,0,0,0,0,0,0,0,0.00,0.00,0.00,0.00,0.0,0.0
2026-09-09T00:28:10+00:00,2026-09-08,daily,4,2026-09-12T12:30:00Z,414,Heaton,MUN,GKP,40,0,0,0.1,416,475,1265,2456,i,Hamstring injury - Unknown return date,2026-08-15T16:00:07.854151Z,0,0,,,,0.0,0,0,0,0,0,0,0,0,0,0,0,0,0,0.00,0.00,0.00,0.00,0.0,0.0
2026-09-09T00:28:10+00:00,2026-09-08,daily,4,2026-09-12T12:30:00Z,415,Dorgu,MUN,MID,58,-1,-2,0.7,940,11158,8887,76504,a,,,,,,,,0.7,1,2,75,1,0,0,0,5,0,6,3,2,1,0.65,0.05,0.70,2.28,0.7,0.7
2026-09-09T00:28:10+00:00,2026-09-08,daily,4,2026-09-12T12:30:00Z,416,De Ligt,MUN,DEF,50,0,0,0.0,68,203,281,1164,i,Back injury - Unknown return date,2026-07-23T12:01:23.690880Z,0,0,,,,0.0,0,0,0,0,0,0,0,0,0,0,0,0,0,0.00,0.00,0.00,0.00,0.0,0.0
2026-09-09T00:28:10+00:00,2026-09-08,daily,4,2026-09-12T12:30:00Z,417,Dalot,MUN,DEF,49,-1,-1,2.0,2484,18255,19685,90572,a,,,,,,,,1.3,1,4,166,2,0,0,0,2,0,11,7,4,5,0.16,0.13,0.29,1.98,1.3,1.3
2026-09-09T00:28:10+00:00,2026-09-08,daily,4,2026-09-12T12:30:00Z,418,Maguire,MUN,DEF,49,-1,-1,12.4,10841,178196,113574,575220,a,,,,,,,,2.3,2,7,270,3,0,1,0,6,0,21,20,1,11,0.07,0.42,0.49,4.08,2.3,2.3
2026-09-09T00:28:10+00:00,2026-09-08,daily,4,2026-09-12T12:30:00Z,419,Martinez,MUN,DEF,50,0,0,1.2,3365,7197,18314,44890,a,,2026-07-24T20:00:10.337107Z,100,100,,,,1.3,3,4,180,2,0,0,0,4,0,10,10,0,8,0.03,0.06,0.09,3.07,1.3,1.3
2026-09-09T00:28:10+00:00,2026-09-08,daily,4,2026-09-12T12:30:00Z,420,Yoro,MUN,DEF,49,0,-1,0.5,589,4207,3860,26147,a,,,,,,,,0.7,1,2,22,0,0,0,0,2,0,5,3,2,1,0.00,0.02,0.02,1.09,0.7,0.7
2026-09-09T00:28:10+00:00,2026-09-08,daily,4,2026-09-12T12:30:00Z,421,Heaven,MUN,DEF,44,-1,-1,0.3,543,3426,4931,16578,a,,,,,,,,0.3,0,1,90,1,0,0,0,2,0,2,1,1,4,0.12,0.04,0.16,1.01,0.3,0.3
2026-09-09T00:28:10+00:00,2026-09-08,daily,4,2026-09-12T12:30:00Z,422,Mazraoui,MUN,DEF,45,0,0,0.6,857,6426,9955,25541,a,,,,,,,,1.0,1,3,97,1,0,0,0,4,0,6,4,2,3,0.22,0.06,0.28,2.08,1.0,1.0
2026-09-09T00:28:10+00:00,2026-09-08,daily,4,2026-09-12T12:30:00Z,423,Shaw,MUN,DEF,44,-1,-1,14.0,12796,176647,86182,627626,a,,,,,,,3,2.3,4,7,252,3,0,1,0,4,0,20,14,6,6,0.02,0.51,0.53,3.01,2.3,2.3
2026-09-09T00:28:10+00:00,2026-09-08,daily,4,2026-09-12T12:30:00Z,424,Amass,MUN,DEF,40,0,0,0.2,954,1169,3784,5506,a,,,,,,,,0.0,0,0,0,0,0,0,0,0,0,0,0,0,0,0.00,0.00,0.00,0.00,0.0,0.0
2026-09-09T00:28:10+00:00,2026-09-08,daily,4,2026-09-12T12:30:00Z,425,Fredricson,MUN,DEF,40,0,0,0.0,0,103,0,1112,u,Has joined Lausanne-Sport permanently,2026-08-18T14:12:31.904433Z,0,0,,,,0.0,0,0,0,0,0,0,0,0,0,0,0,0,0,0.00,0.00,0.00,0.00,0.0,0.0
2026-09-09T00:28:10+00:00,2026-09-08,daily,4,2026-09-12T12:30:00Z,426,B.Fernandes,MUN,MID,120,0,0,46.3,71818,282499,492168,846161,a,,,,,1,1,1,9.0,2,27,270,3,3,1,0,6,0,16,2,2,12,2.25,0.80,3.05,4.08,9.0,9.0
2026-09-09T00:28:10+00:00,2026-09-08,daily,4,2026-09-12T12:30:00Z,427,Mbeumo,MUN,MID,79,-1,-1,25.6,77222,222259,252075,1287359,a,,,,,2,2,2,7.0,8,21,270,3,2,1,0,6,0,17,4,3,10,2.31,0.47,2.78,4.08,7.0,7.0
2026-09-09T00:28:10+00:00,2026-09-08,daily,4,2026-09-12T12:30:00Z,428,Cunha,MUN,MID,79,-1,-1,7.0,5683,79447,56121,330171,a,,,,,,,,4.7,3,14,227,3,0,2,1,3,0,8,0,2,6,0.47,0.41,0.88,2.72,4.7,4.7
2026-09-09T00:28:10+00:00,2026-09-08,daily,4,2026-09-12T12:30:00Z,429,Rashford,MUN,MID,70,0,0,1.6,12520,15088,50395,75021,a,,,,,,3,,2.0,3,6,193,2,0,0,1,1,0,11,0,3,8,0.26,0.21,0.47,1.80,2.0,2.0
2026-09-09T00:28:10+00:00,2026-09-08,daily,4,2026-09-12T12:30:00Z,430,Mount,MUN,MID,54,0,-1,0.0,159,150,254,1435,a,,2026-08-15T16:00:07.879135Z,75,100,,4,,0.0,0,0,0,0,0,0,0,0,0,0,0,0,0,0.00,0.00,0.00,0.00,0.0,0.0
2026-09-09T00:28:10+00:00,2026-09-08,daily,4,2026-09-12T12:30:00Z,431,Amad,MUN,MID,58,0,-2,0.4,106,7283,1925,109545,i,Unspecified injury - Unknown return date,2026-08-22T11:00:08.617283Z,0,0,,,4,0.0,0,0,0,0,0,0,0,0,0,0,0,0,0,0.00,0.00,0.00,0.00,0.0,0.0
2026-09-09T00:28:10+00:00,2026-09-08,daily,4,2026-09-12T12:30:00Z,432,Mainoo,MUN,MID,55,0,0,1.3,16673,6131,39615,32955,a,,,,,,,,4.7,9,14,185,2,0,1,0,2,0,31,5,5,21,0.21,0.35,0.56,2.05,4.7,4.7
2026-09-09T00:28:10+00:00,2026-09-08,daily,4,2026-09-12T12:30:00Z,433,Ugarte,MUN,MID,50,0,0,0.0,16,35,72,192,i,Knee injury - Unknown return date,2026-07-23T12:01:23.706702Z,0,0,,,,0.0,0,0,0,0,0,0,0,0,0,0,0,0,0,0.00,0.00,0.00,0.00,0.0,0.0
2026-09-09T00:28:10+00:00,2026-09-08,daily,4,2026-09-12T12:30:00Z,434,J.Fletcher,MUN,MID,50,0,0,0.0,62,98,187,453,a,,,,,,,,0.0,0,0,0,0,0,0,0,0,0,0,0,0,0,0.00,0.00,0.00,0.00,0.0,0.0
2026-09-09T00:28:10+00:00,2026-09-08,daily,4,2026-09-12T12:30:00Z,435,Lacey,MUN,MID,49,-1,-1,0.1,122,494,747,2122,a,,,,,,,,0.3,0,1,10,0,0,0,0,0,0,1,0,0,1,0.00,0.00,0.00,0.00,0.3,0.3
2026-09-09T00:28:10+00:00,2026-09-08,daily,4,2026-09-12T12:30:00Z,436,Collyer,MUN,MID,50,0,0,0.0,0,183,150,798,u,Has joined West Brom permanently,2026-09-01T13:16:48.584385Z,0,0,,,,0.0,0,0,0,0,0,0,0,0,0,0,0,0,0,0.00,0.00,0.00,0.00,0.0,0.0
2026-09-09T00:28:10+00:00,2026-09-08,daily,4,2026-09-12T12:30:00Z,437,Bendito Mantato,MUN,MID,45,0,0,0.2,926,1246,3649,6313,a,,,,,,,,0.0,0,0,0,0,0,0,0,0,0,0,0,0,0,0.00,0.00,0.00,0.00,0.0,0.0
2026-09-09T00:28:10+00:00,2026-09-08,daily,4,2026-09-12T12:30:00Z,438,Fletcher,MUN,MID,45,0,0,0.3,895,1877,4107,10181,a,,,,,,,,0.0,0,0,0,0,0,0,0,0,0,0,0,0,0,0.00,0.00,0.00,0.00,0.0,0.0
2026-09-09T00:28:10+00:00,2026-09-08,daily,4,2026-09-12T12:30:00Z,439,Šeško,MUN,FWD,70,0,0,1.6,13173,14274,59308,77900,a,,2026-07-23T12:01:23.722029Z,100,100,,,,2.3,5,7,53,0,1,0,0,3,0,3,0,0,3,0.33,0.01,0.34,1.43,2.3,2.3
2026-09-09T00:28:10+00:00,2026-09-08,daily,4,2026-09-12T12:30:00Z,440,Zirkzee,MUN,FWD,54,0,-1,0.4,2530,5198,10190,31235,a,,,,,,,,0.0,0,0,0,0,0,0,0,0,0,0,0,0,0,0.00,0.00,0.00,0.00,0.0,0.0
2026-09-09T00:28:10+00:00,2026-09-08,daily,4,2026-09-12T12:30:00Z,441,Obi,MUN,FWD,45,0,0,1.2,9713,8510,35147,35917,a,,,,,,,,0.0,0,0,0,0,0,0,0,0,0,0,0,0,0,0.00,0.00,0.00,0.00,0.0,0.0
2026-09-09T00:28:10+00:00,2026-09-08,daily,4,2026-09-12T12:30:00Z,405,N.Gonzalez,NEW,MID,55,0,0,0.3,2400,1995,14923,6710,a,,,,,,,,1.3,2,4,146,2,0,0,1,2,0,11,3,0,8,0.00,0.21,0.21,2.07,1.3,1.3
2026-09-09T00:28:10+00:00,2026-09-08,daily,4,2026-09-12T12:30:00Z,442,Pope,NEW,GKP,49,-1,-1,1.1,1889,7414,9547,38927,a,,,,,,,,0.0,0,0,0,0,0,0,0,0,0,0,0,0,0,0.00,0.00,0.00,0.00,0.0,0.0
2026-09-09T00:28:10+00:00,2026-09-08,daily,4,2026-09-12T12:30:00Z,443,Gillespie,NEW,GKP,45,0,0,0.0,84,172,485,785,a,,,,,,,,0.0,0,0,0,0,0,0,0,0,0,0,0,0,0,0.00,0.00,0.00,0.00,0.0,0.0
2026-09-09T00:28:10+00:00,2026-09-08,daily,4,2026-09-12T12:30:00Z,444,Jaouen,NEW,GKP,45,0,0,0.0,74,174,380,983,a,,,,,,,,0.0,0,0,0,0,0,0,0,0,0,0,0,0,0,0.00,0.00,0.00,0.00,0.0,0.0
2026-09-09T00:28:10+00:00,2026-09-08,daily,4,2026-09-12T12:30:00Z,445,Thiaw,NEW,DEF,50,0,0,2.1,21845,23083,113880,65944,a,,,,,,,,2.7,-1,8,270,3,0,0,1,4,0,21,21,0,6,0.00,0.07,0.07,5.47,2.7,2.7
2026-09-09T00:28:10+00:00,2026-09-08,daily,4,2026-09-12T12:30:00Z,446,Schär,NEW,DEF,50,0,0,0.2,674,2330,4624,9108,a,,2026-08-15T16:30:07.209742Z,100,100,,2,,0.3,0,1,1,0,0,0,0,1,0,0,0,0,0,0.00,0.00,0.00,0.79,0.3,0.3
2026-09-09T00:28:10+00:00,2026-09-08,daily,4,2026-09-12T12:30:00Z,447,Botman,NEW,DEF,50,0,0,0.7,4311,4660,28648,14783,a,,,,,,,,3.0,1,9,270,3,0,0,1,4,0,24,22,2,9,0.01,0.17,0.18,5.47,3.0,3.0
2026-09-09T00:28:10+00:00,2026-09-08,daily,4,2026-09-12T12:30:00Z,448,Burn,NEW,DEF,49,0,-1,1.0,160,12342,6956,134621,i,Ankle injury - Expected back 14 Sep,2026-08-23T18:00:08.367241Z,0,0,,,,0.0,0,0,0,0,0,0,0,0,0,0,0,0,0,0.00,0.00,0.00,0.00,0.0,0.0
2026-09-09T00:28:10+00:00,2026-09-08,daily,4,2026-09-12T12:30:00Z,449,Hall,NEW,DEF,51,0,1,11.8,256339,48184,885676,147686,a,,,,,,1,1,6.0,4,18,269,3,0,1,1,4,0,30,22,8,27,0.04,0.67,0.71,5.45,6.0,6.0
2026-09-09T00:28:10+00:00,2026-09-08,daily,4,2026-09-12T12:30:00Z,450,Livramento,NEW,DEF,49,0,-1,0.0,1365,358,1571,2446,a,,2026-07-23T12:01:23.753221Z,0,100,,,,0.3,1,1,1,0,0,0,0,0,0,0,0,0,0,0.00,0.00,0.00,0.02,0.0,0.3
2026-09-09T00:28:10+00:00,2026-09-08,daily,4,2026-09-12T12:30:00Z,451,A.Murphy,NEW,DEF,40,0,0,0.1,0,614,0,5716,u,Has joined FC Kaiserslautern on loan for the rest of the season,2026-08-12T14:05:29.224600Z,0,0,,,,0.0,0,0,0,0,0,0,0,0,0,0,0,0,0,0.00,0.00,0.00,0.00,0.0,0.0
2026-09-09T00:28:10+00:00,2026-09-08,daily,4,2026-09-12T12:30:00Z,453,Barnes,NEW,MID,60,0,0,1.9,97268,20986,137450,54057,a,,,,,,,5,5.7,12,17,270,3,1,1,1,4,0,18,7,3,8,0.22,0.06,0.28,5.47,5.7,5.7
2026-09-09T00:28:10+00:00,2026-09-08,daily,4,2026-09-12T12:30:00Z,454,Elanga,NEW,MID,61,0,1,11.0,183306,98801,1089419,205143,a,,,,,,,4,6.0,1,18,232,3,2,0,1,3,0,9,2,4,3,0.42,0.34,0.76,4.01,6.0,6.0
2026-09-09T00:28:10+00:00,2026-09-08,daily,4,2026-09-12T12:30:00Z,456,J.Ramsey,NEW,MID,49,-1,-1,0.3,6668,2434,9909,13666,a,,,,,,,,2.3,6,7,69,0,1,0,0,1,0,11,3,2,6,0.17,0.16,0.33,1.92,2.3,2.3
2026-09-09T00:28:10+00:00,2026-09-08,daily,4,2026-09-12T12:30:00Z,457,J.Murphy,NEW,MID,59,0,-1,0.1,620,1192,2452,7346,a,,,,,,,2,0.7,1,2,35,0,0,0,0,1,0,6,1,1,4,0.00,0.20,0.20,1.46,0.7,0.7
2026-09-09T00:28:10+00:00,2026-09-08,daily,4,2026-09-12T12:30:00Z,458,Joelinton,NEW,MID,54,0,-1,0.0,24,179,158,1879,i,Unspecified injury - Unknown return date,2026-08-16T08:00:08.074045Z,0,0,,,,0.0,0,0,0,0,0,0,0,0,0,0,0,0,0,0.00,0.00,0.00,0.00,0.0,0.0
2026-09-09T00:28:10+00:00,2026-09-08,daily,4,2026-09-12T12:30:00Z,459,L.Miley,NEW,MID,55,0,0,0.1,609,784,4211,2900,a,,2026-07-23T12:01:23.785456Z,100,100,,,3,2.7,2,8,227,3,0,0,1,3,0,26,10,1,15,0.05,0.07,0.12,4.39,2.7,2.7
2026-09-09T00:28:10+00:00,2026-09-08,daily,4,2026-09-12T12:30:00Z,460,Willock,NEW,MID,50,0,0,0.5,8333,4788,39323,14462,a,,,,,,,,3.7,2,11,166,2,1,0,1,3,0,8,2,3,3,0.52,0.20,0.72,3.57,3.7,3.7
2026-09-09T00:28:10+00:00,2026-09-08,daily,4,2026-09-12T12:30:00Z,461,Touré,NEW,MID,59,0,-1,0.1,197,1940,1367,12628,a,,,,,,,,0.3,0,1,1,0,0,0,0,0,0,0,0,0,0,0.00,0.00,0.00,0.00,0.3,0.3
2026-09-09T00:28:10+00:00,2026-09-08,daily,4,2026-09-12T12:30:00Z,462,Steur,NEW,MID,49,-1,-1,0.1,248,830,1594,4177,a,,,,,,,,1.0,1,3,87,1,0,0,0,1,0,7,4,0,3,0.00,0.00,0.00,1.90,1.0,1.0
2026-09-09T00:28:10+00:00,2026-09-08,daily,4,2026-09-12T12:30:00Z,463,Woltemade,NEW,FWD,59,0,-1,0.7,0,28819,14520,116379,u,Has joined Juventus on loan for the rest of the season,2026-09-02T16:07:16.549304Z,0,0,,,,1.3,0,4,19,0,0,1,0,0,0,0,0,0,0,0.02,0.01,0.03,0.38,0.0,0.0
2026-09-09T00:28:10+00:00,2026-09-08,daily,4,2026-09-12T12:30:00Z,464,Wissa,NEW,FWD,62,1,2,17.0,314950,117521,1593046,231017,a,,,,,2,,,4.3,1,13,261,3,1,1,1,3,0,17,2,5,10,1.35,0.05,1.40,4.30,4.3,4.3
2026-09-09T00:28:10+00:00,2026-09-08,daily,4,2026-09-12T12:30:00Z,465,Osula,NEW,FWD,59,0,-1,0.4,155,7879,21056,72635,i,Foot injury - Unknown return date,2026-08-25T19:00:08.004915Z,0,0,1,,,1.3,0,4,55,1,0,1,0,1,0,5,2,1,2,0.06,0.14,0.20,1.48,0.0,0.0
2026-09-09T00:28:10+00:00,2026-09-08,daily,4,2026-09-12T12:30:00Z,466,Neave,NEW,FWD,45,0,0,0.7,0,11845,23805,33369,u,Has joined Wolves on loan for the rest of the season,2026-09-04T12:37:43.515176Z,0,0,,,,0.0,0,0,0,0,0,0,0,0,0,0,0,0,0,0.00,0.00,0.00,0.00,0.0,0.0
2026-09-09T00:28:10+00:00,2026-09-08,daily,4,2026-09-12T12:30:00Z,559,Bamba,NEW,MID,49,-1,-1,0.1,359,982,1883,5271,a,,,,,,,,0.3,0,1,14,0,0,0,0,1,0,2,1,1,0,0.00,0.00,0.00,1.04,0.3,0.3
2026-09-09T00:28:10+00:00,2026-09-08,daily,4,2026-09-12T12:30:00Z,567,Horníček,NEW,GKP,50,0,0,1.3,26494,11868,90292,35233,a,,,,,,,,3.3,2,10,270,3,0,0,1,4,13,0,5,0,15,0.00,0.00,0.00,5.47,3.3,3.3
2026-09-09T00:28:10+00:00,2026-09-08,daily,4,2026-09-12T12:30:00Z,593,Dedić,NEW,DEF,45,0,0,3.6,88038,39112,417042,90471,a,,,,,,,,4.3,1,13,270,3,0,1,1,4,0,18,13,5,11,0.14,0.08,0.22,5.47,4.3,4.3
2026-09-09T00:28:10+00:00,2026-09-08,daily,4,2026-09-12T12:30:00Z,609,Shahar,NEW,DEF,40,0,0,0.3,2512,2006,17376,5967,a,,,,,,,,0.0,0,0,0,0,0,0,0,0,0,0,0,0,0,0.00,0.00,0.00,0.00,0.0,0.0
2026-09-09T00:28:10+00:00,2026-09-08,daily,4,2026-09-12T12:30:00Z,634,Fernandez-Pardo,NEW,FWD,60,0,0,0.1,4026,961,9410,1547,a,,,,,,,,1.0,1,1,27,0,0,0,0,0,0,1,0,0,1,0.00,0.00,0.00,0.04,2.1,2.1
2026-09-09T00:28:10+00:00,2026-09-08,daily,4,2026-09-12T12:30:00Z,167,Delap,NFO,FWD,55,0,0,0.8,11395,6814,56081,26356,a,,,,,3,,,1.0,2,3,97,1,0,0,1,1,0,5,2,0,3,0.13,0.06,0.19,1.22,1.0,1.0
2026-09-09T00:28:10+00:00,2026-09-08,daily,4,2026-09-12T12:30:00Z,201,Muñoz,NFO,DEF,54,0,-1,6.0,6583,49868,45488,357012,a,,,,,,,,0.3,1,1,85,1,0,0,0,2,0,5,3,2,1,0.26,0.01,0.27,1.10,0.3,0.3
2026-09-09T00:28:10+00:00,2026-09-08,daily,4,2026-09-12T12:30:00Z,467,Sels,NFO,GKP,50,0,0,1.4,6578,5845,18332,35814,a,,,,,,,,3.0,6,9,270,3,0,0,1,3,4,0,4,0,26,0.00,0.01,0.01,3.28,3.0,3.0
2026-09-09T00:28:10+00:00,2026-09-08,daily,4,2026-09-12T12:30:00Z,468,John,NFO,GKP,45,0,0,0.1,107,241,544,1358,a,,,,,,,,0.0,0,0,0,0,0,0,0,0,0,0,0,0,0,0.00,0.00,0.00,0.00,0.0,0.0
2026-09-09T00:28:10+00:00,2026-09-08,daily,4,2026-09-12T12:30:00Z,469,N.Williams,NFO,DEF,50,0,0,8.3,45190,36077,112858,206909,a,,,,,,2,2,5.0,7,15,270,3,0,1,1,3,0,24,12,12,19,0.12,0.24,0.36,3.28,5.0,5.0
2026-09-09T00:28:10+00:00,2026-09-08,daily,4,2026-09-12T12:30:00Z,470,Morato,NFO,DEF,50,0,0,0.0,0,734,424,2767,u,Has joined West Ham on loan for the rest of the season,2026-09-02T16:19:54.503286Z,0,0,,,,0.0,0,0,0,0,0,0,0,0,0,0,0,0,0,0.00,0.00,0.00,0.00,0.0,0.0
2026-09-09T00:28:10+00:00,2026-09-08,daily,4,2026-09-12T12:30:00Z,471,Milenković,NFO,DEF,55,0,0,1.6,4519,4575,12737,39464,a,,,,,,,,4.0,7,12,270,3,0,0,1,3,0,31,26,5,12,0.11,0.03,0.14,3.28,4.0,4.0
2026-09-09T00:28:10+00:00,2026-09-08,daily,4,2026-09-12T12:30:00Z,472,Murillo,NFO,DEF,55,0,0,1.6,7464,4719,25704,36708,a,,2026-07-23T12:01:23.801183Z,100,100,,3,,4.3,8,13,269,3,0,0,1,3,0,30,24,6,10,0.35,0.28,0.63,3.28,4.3,4.3
2026-09-09T00:28:10+00:00,2026-09-08,daily,4,2026-09-12T12:30:00Z,473,Aina,NFO,DEF,45,0,0,2.8,4236,26003,42614,99850,a,,,,,,,,2.0,1,6,216,3,0,0,1,2,0,14,7,7,12,0.04,0.52,0.56,2.90,2.0,2.0
2026-09-09T00:28:10+00:00,2026-09-08,daily,4,2026-09-12T12:30:00Z,474,Jair Cunha,NFO,DEF,45,0,0,0.2,2931,1521,4114,5074,a,,,,,,,,3.3,8,10,270,3,0,0,1,3,0,28,23,5,5,0.03,0.01,0.04,3.28,3.3,3.3
2026-09-09T00:28:10+00:00,2026-09-08,daily,4,2026-09-12T12:30:00Z,475,Savona,NFO,DEF,45,0,0,0.0,28,17,175,196,i,Knee injury - Unknown return date,2026-07-23T12:01:23.816304Z,0,0,,,,0.0,0,0,0,0,0,0,0,0,0,0,0,0,0,0.00,0.00,0.00,0.00,0.0,0.0
2026-09-09T00:28:10+00:00,2026-09-08,daily,4,2026-09-12T12:30:00Z,476,O.Richards,NFO,DEF,40,0,0,0.2,527,986,2280,5110,a,,,,,,,,0.0,0,0,0,0,0,0,0,0,0,0,0,0,0,0.00,0.00,0.00,0.00,0.0,0.0
2026-09-09T00:28:10+00:00,2026-09-08,daily,4,2026-09-12T12:30:00Z,477,Abbott,NFO,DEF,40,0,0,0.2,0,2703,2459,9191,u,Has joined Southampton on loan for the rest of the season,2026-09-02T16:19:54.536676Z,0,0,,,,0.0,0,0,0,0,0,0,0,0,0,0,0,0,0,0.00,0.00,0.00,0.00,0.0,0.0
2026-09-09T00:28:10+00:00,2026-09-08,daily,4,2026-09-12T12:30:00Z,478,Netz,NFO,DEF,45,0,0,0.0,63,217,343,977,a,,,,,,,,0.7,0,2,20,0,0,0,0,1,0,1,0,1,1,0.00,0.00,0.00,0.13,0.7,0.7
2026-09-09T00:28:10+00:00,2026-09-08,daily,4,2026-09-12T12:30:00Z,479,Bindon,NFO,DEF,40,0,0,0.1,0,1439,799,5797,u,Has joined Charlton Athletic on loan for the rest of the season,2026-09-01T13:16:05.383880Z,0,0,,,,0.0,0,0,0,0,0,0,0,0,0,0,0,0,0,0.00,0.00,0.00,0.00,0.0,0.0
2026-09-09T00:28:10+00:00,2026-09-08,daily,4,2026-09-12T12:30:00Z,480,Gibbs-White,NFO,MID,79,0,-1,9.4,75163,64033,299139,459796,a,,2026-08-24T15:30:08.350159Z,100,100,1,1,,6.0,3,18,270,3,1,1,1,3,0,15,2,4,9,1.40,0.11,1.51,3.28,6.0,6.0
2026-09-09T00:28:10+00:00,2026-09-08,daily,4,2026-09-12T12:30:00Z,482,Hudson-Odoi,NFO,MID,59,0,-1,0.2,491,1810,2826,12218,a,,2026-07-23T12:01:23.832709Z,100,100,,4,,0.3,0,1,1,0,0,0,0,0,0,0,0,0,0,0.00,0.00,0.00,0.00,0.3,0.3
2026-09-09T00:28:10+00:00,2026-09-08,daily,4,2026-09-12T12:30:00Z,483,Ndoye,NFO,MID,55,0,0,0.7,5461,6775,40684,23318,a,,,,,,,,4.3,1,13,184,3,1,0,1,1,0,17,2,2,13,0.35,0.63,0.98,2.48,4.3,4.3
2026-09-09T00:28:10+00:00,2026-09-08,daily,4,2026-09-12T12:30:00Z,484,Hutchinson,NFO,MID,54,0,-1,0.1,0,1647,427,8506,u,Has joined AC Milan on loan for the rest of the season,2026-09-01T13:23:52.340206Z,0,0,,,,0.0,0,0,0,0,0,0,0,0,0,0,0,0,0,0.00,0.00,0.00,0.00,0.0,0.0
2026-09-09T00:28:10+00:00,2026-09-08,daily,4,2026-09-12T12:30:00Z,485,Bakwa,NFO,MID,55,0,0,0.0,0,87,107,1024,u,Has joined Lille on loan for the rest of the season,2026-08-27T14:53:03.381941Z,0,0,,,,0.0,0,0,0,0,0,0,0,0,0,0,0,0,0,0.00,0.00,0.00,0.00,0.0,0.0
2026-09-09T00:28:10+00:00,2026-09-08,daily,4,2026-09-12T12:30:00Z,486,McAtee,NFO,MID,55,0,0,0.1,1044,697,5111,2700,a,,,,,,,1,2.3,2,7,253,3,0,0,2,2,0,23,4,5,14,0.13,0.54,0.67,3.15,2.3,2.3
2026-09-09T00:28:10+00:00,2026-09-08,daily,4,2026-09-12T12:30:00Z,487,Dominguez,NFO,MID,49,-1,-1,0.1,205,474,777,2682,a,,,,,,,,0.3,0,1,1,0,0,0,0,0,0,0,0,0,0,0.00,0.00,0.00,0.00,0.3,0.3
2026-09-09T00:28:10+00:00,2026-09-08,daily,4,2026-09-12T12:30:00Z,488,I.Sangaré,NFO,MID,49,0,-1,0.6,1609,4907,6276,51363,a,,2026-08-28T09:30:07.471668Z,100,100,,,,0.7,0,2,90,1,0,0,0,1,0,6,3,0,3,0.03,0.01,0.04,0.47,0.7,0.7
2026-09-09T00:28:10+00:00,2026-09-08,daily,4,2026-09-12T12:30:00Z,489,Yates,NFO,MID,45,0,0,1.4,5015,9536,24077,64802,a,,2026-08-17T20:30:08.195072Z,100,100,,,,0.0,0,0,0,0,0,0,0,0,0,0,0,0,0,0.00,0.00,0.00,0.00,0.0,0.0
2026-09-09T00:28:10+00:00,2026-09-08,daily,4,2026-09-12T12:30:00Z,490,Wood,NFO,FWD,59,0,-1,1.1,3035,11924,15384,84183,a,,,,,2,,,0.7,1,2,44,0,0,0,0,1,0,1,0,0,1,0.12,0.01,0.13,0.40,0.7,0.7
2026-09-09T00:28:10+00:00,2026-09-08,daily,4,2026-09-12T12:30:00Z,491,Igor Jesus,NFO,FWD,59,0,-1,2.7,7551,37458,43199,177731,a,,,,,4,,,1.3,1,4,211,2,0,0,0,3,0,9,5,2,2,0.96,0.06,1.02,2.48,1.3,1.3
2026-09-09T00:28:10+00:00,2026-09-08,daily,4,2026-09-12T12:30:00Z,493,Kalimuendo,NFO,FWD,54,0,-1,0.1,915,524,2092,2530,a,,,,,,,,0.3,0,1,1,0,0,0,0,0,0,0,0,0,0,0.00,0.00,0.00,0.00,0.3,0.3
2026-09-09T00:28:10+00:00,2026-09-08,daily,4,2026-09-12T12:30:00Z,558,Schlager,NFO,MID,50,0,0,0.1,517,626,2094,3090,a,,,,,,,3,2.7,3,8,196,2,0,0,1,3,0,26,6,9,11,0.08,0.06,0.14,2.94,2.7,2.7
2026-09-09T00:28:10+00:00,2026-09-08,daily,4,2026-09-12T12:30:00Z,581,Diomande,NFO,DEF,54,0,-1,0.6,951,4644,7577,32677,a,,,,,,,,0.3,1,1,1,0,0,0,0,0,0,0,0,0,0,0.00,0.00,0.00,0.00,0.3,0.3
2026-09-09T00:28:10+00:00,2026-09-08,daily,4,2026-09-12T12:30:00Z,590,Benda,NFO,GKP,45,0,0,0.1,303,360,1878,1775,a,,,,,,,,0.0,0,0,0,0,0,0,0,0,0,0,0,0,0,0.00,0.00,0.00,0.00,0.0,0.0
2026-09-09T00:28:10+00:00,2026-09-08,daily,4,2026-09-12T12:30:00Z,112,Van Hecke,TOT,DEF,49,0,-1,7.0,16756,39869,74552,358216,a,,,,,,,,3.3,8,10,270,3,0,0,1,5,0,21,16,5,11,0.20,0.07,0.27,5.51,3.3,3.3
2026-09-09T00:28:10+00:00,2026-09-08,daily,4,2026-09-12T12:30:00Z,147,Tosin,TOT,DEF,44,-1,-1,0.2,375,943,1191,5620,a,,,,,,,,0.0,0,0,0,0,0,0,0,0,0,0,0,0,0,0.00,0.00,0.00,0.00,0.0,0.0
2026-09-09T00:28:10+00:00,2026-09-08,daily,4,2026-09-12T12:30:00Z,401,Marmoush,TOT,FWD,70,0,0,2.2,24610,24146,164913,79095,a,,,,,2,5,,1.3,2,4,173,2,0,0,1,2,0,4,0,1,3,0.34,0.08,0.42,1.60,1.3,1.3
2026-09-09T00:28:10+00:00,2026-09-08,daily,4,2026-09-12T12:30:00Z,403,Sávio,TOT,MID,65,0,0,0.7,6079,6762,76962,52432,a,,2026-08-29T16:30:08.380416Z,100,100,,,4,1.0,3,3,60,1,0,0,1,0,0,0,0,0,0,0.02,0.27,0.29,0.49,1.0,1.0
2026-09-09T00:28:10+00:00,2026-09-08,daily,4,2026-09-12T12:30:00Z,455,Tonali,TOT,MID,54,0,-1,2.7,7551,21348,35701,170880,a,,,,,,6,,3.0,5,9,254,3,0,0,1,5,0,20,5,5,10,0.09,0.09,0.18,5.51,3.0,3.0
2026-09-09T00:28:10+00:00,2026-09-08,daily,4,2026-09-12T12:30:00Z,494,Vicario,TOT,GKP,45,0,0,0.2,0,1618,0,18814,u,Has joined Juventus on loan for the rest of the season,2026-08-19T13:55:33.193962Z,0,0,,,,0.0,0,0,0,0,0,0,0,0,0,0,0,0,0,0.00,0.00,0.00,0.00,0.0,0.0
2026-09-09T00:28:10+00:00,2026-09-08,daily,4,2026-09-12T12:30:00Z,495,Austin,TOT,GKP,40,0,0,1.0,4776,2952,17705,12472,a,,,,,,,,0.0,0,0,0,0,0,0,0,0,0,0,0,0,0,0.00,0.00,0.00,0.00,0.0,0.0
2026-09-09T00:28:10+00:00,2026-09-08,daily,4,2026-09-12T12:30:00Z,496,Kinsky,TOT,GKP,45,0,0,18.7,54500,113579,141545,467869,a,,,,,,,,3.0,6,9,270,3,0,0,1,5,6,0,6,0,26,0.00,0.00,0.00,5.51,3.0,3.0
2026-09-09T00:28:10+00:00,2026-09-08,daily,4,2026-09-12T12:30:00Z,497,Dubravka,TOT,GKP,40,0,0,17.9,62444,60138,228542,242786,a,,,,,,,,0.0,0,0,0,0,0,0,0,0,0,0,0,0,0,0.00,0.00,0.00,0.00,0.0,0.0
2026-09-09T00:28:10+00:00,2026-09-08,daily,4,2026-09-12T12:30:00Z,498,Senesi,TOT,DEF,59,0,-1,4.9,2383,61165,23707,315984,a,,,,,,,,1.0,0,3,90,1,0,0,0,3,0,16,11,5,2,0.00,0.02,0.02,3.87,1.0,1.0
2026-09-09T00:28:10+00:00,2026-09-08,daily,4,2026-09-12T12:30:00Z,499,Pedro Porro,TOT,DEF,55,0,0,11.4,32911,37968,101875,583671,a,,2026-08-21T15:22:48.149081Z,100,100,,1,3,2.7,7,8,180,2,0,0,1,2,0,8,6,2,5,0.36,0.16,0.52,1.64,2.7,2.7
2026-09-09T00:28:10+00:00,2026-09-08,daily,4,2026-09-12T12:30:00Z,500,Romero,TOT,DEF,50,0,0,0.1,0,922,0,15464,u,Has joined Atletico Madrid permanently,2026-08-17T13:49:05.465401Z,0,0,,,,0.0,0,0,0,0,0,0,0,0,0,0,0,0,0,0.00,0.00,0.00,0.00,0.0,0.0
2026-09-09T00:28:10+00:00,2026-09-08,daily,4,2026-09-12T12:30:00Z,502,Robertson,TOT,DEF,45,0,0,2.9,2376,32375,38252,117024,a,,,,,,,1,2.0,1,6,186,2,0,0,0,4,0,15,12,3,5,0.06,0.08,0.14,4.78,2.0,2.0
2026-09-09T00:28:10+00:00,2026-09-08,daily,4,2026-09-12T12:30:00Z,503,Van de Ven,TOT,DEF,50,0,0,3.8,19197,12409,44128,215128,a,,2026-08-21T15:00:07.610517Z,100,100,,,,3.0,9,9,180,2,0,0,1,2,0,17,13,4,8,0.57,0.02,0.59,1.64,3.0,3.0
2026-09-09T00:28:10+00:00,2026-09-08,daily,4,2026-09-12T12:30:00Z,505,Spence,TOT,DEF,45,0,0,0.3,0,3570,0,63646,u,Has joined Internazionale permanently,2026-08-18T14:13:08.454214Z,0,0,,,,0.0,0,0,0,0,0,0,0,0,0,0,0,0,0,0.00,0.00,0.00,0.00,0.0,0.0
2026-09-09T00:28:10+00:00,2026-09-08,daily,4,2026-09-12T12:30:00Z,506,Udogie,TOT,DEF,45,0,0,0.4,894,1720,3706,13199,a,,,,,,,,2.3,5,7,86,1,0,0,1,1,0,4,3,1,4,0.00,0.23,0.23,1.17,2.3,2.3
2026-09-09T00:28:10+00:00,2026-09-08,daily,4,2026-09-12T12:30:00Z,507,Phillips,TOT,DEF,45,0,0,0.0,0,87,0,1057,u,Has joined Middlesbrough permanently,2026-08-18T14:13:08.474144Z,0,0,,,,0.0,0,0,0,0,0,0,0,0,0,0,0,0,0,0.00,0.00,0.00,0.00,0.0,0.0
2026-09-09T00:28:10+00:00,2026-09-08,daily,4,2026-09-12T12:30:00Z,508,Davies,TOT,DEF,40,0,0,0.9,1377,4897,8559,25647,a,,,,,,,,0.0,0,0,0,0,0,0,0,0,0,0,0,0,0,0.00,0.00,0.00,0.00,0.0,0.0
2026-09-09T00:28:10+00:00,2026-09-08,daily,4,2026-09-12T12:30:00Z,509,Byfield,TOT,DEF,40,0,0,0.1,337,348,1375,1554,a,,,,,,,,0.0,0,0,0,0,0,0,0,0,0,0,0,0,0,0.00,0.00,0.00,0.00,0.0,0.0
2026-09-09T00:28:10+00:00,2026-09-08,daily,4,2026-09-12T12:30:00Z,510,Rowswell,TOT,DEF,40,0,0,0.1,411,439,1644,2057,a,,,,,,,,0.0,0,0,0,0,0,0,0,0,0,0,0,0,0,0.00,0.00,0.00,0.00,0.0,0.0
2026-09-09T00:28:10+00:00,2026-09-08,daily,4,2026-09-12T12:30:00Z,511,Souza,TOT,DEF,40,0,0,0.2,0,3110,2555,11946,u,Has joined FC Porto on loan for the rest of the season,2026-09-01T13:24:26.858636Z,0,0,,,,0.0,0,0,0,0,0,0,0,0,0,0,0,0,0,0.00,0.00,0.00,0.00,0.0,0.0
2026-09-09T00:28:10+00:00,2026-09-08,daily,4,2026-09-12T12:30:00Z,512,Kudus,TOT,MID,65,0,0,0.1,1673,1511,6541,5990,a,,2026-07-23T12:01:23.848657Z,100,100,3,3,6,0.7,1,2,51,0,0,0,0,1,0,5,0,0,5,0.04,0.17,0.21,0.67,0.7,0.7
2026-09-09T00:28:10+00:00,2026-09-08,daily,4,2026-09-12T12:30:00Z,513,Xavi,TOT,MID,60,0,0,0.0,51,127,206,852,i,Knee injury - Unknown return date,2026-07-23T12:01:23.864304Z,0,0,4,2,,0.0,0,0,0,0,0,0,0,0,0,0,0,0,0,0.00,0.00,0.00,0.00,0.0,0.0
2026-09-09T00:28:10+00:00,2026-09-08,daily,4,2026-09-12T12:30:00Z,514,Tel,TOT,MID,58,-1,-2,0.3,748,4015,6971,34233,a,,,,,,4,5,2.3,3,7,230,3,0,0,1,4,0,13,1,1,11,0.20,0.14,0.34,5.11,2.3,2.3
2026-09-09T00:28:10+00:00,2026-09-08,daily,4,2026-09-12T12:30:00Z,515,Maddison,TOT,MID,63,-1,-2,0.5,92,8478,2953,84522,d,Shoulder injury - 75% chance of playing,2026-08-25T14:30:07.623508Z,75,75,,,,0.3,0,1,22,0,0,0,0,0,0,2,1,0,1,0.00,0.01,0.01,0.85,0.2,0.2
2026-09-09T00:28:10+00:00,2026-09-08,daily,4,2026-09-12T12:30:00Z,516,Bentancur,TOT,MID,55,0,0,0.2,729,713,2162,5364,a,,,,,,,,2.7,5,8,225,2,0,0,1,3,0,33,14,6,13,0.02,0.04,0.06,3.82,2.7,2.7
2026-09-09T00:28:10+00:00,2026-09-08,daily,4,2026-09-12T12:30:00Z,517,Odobert,TOT,MID,55,0,0,0.0,21,9,64,66,i,Knee injury - Unknown return date,2026-07-23T12:01:23.879434Z,0,0,,,,0.0,0,0,0,0,0,0,0,0,0,0,0,0,0,0.00,0.00,0.00,0.00,0.0,0.0
2026-09-09T00:28:10+00:00,2026-09-08,daily,4,2026-09-12T12:30:00Z,518,P.M.Sarr,TOT,MID,49,0,-1,0.1,0,3044,4138,19315,u,Has joined Juventus on loan for the rest of the season,2026-09-02T16:02:43.386849Z,0,0,,,,0.0,0,0,0,0,0,0,0,0,0,0,0,0,0,0.00,0.00,0.00,0.00,0.0,0.0
2026-09-09T00:28:10+00:00,2026-09-08,daily,4,2026-09-12T12:30:00Z,519,Gallagher,TOT,MID,54,0,-1,0.2,480,1307,2712,12541,a,,,,,,,,1.0,3,3,128,2,0,0,1,2,0,14,1,5,8,0.02,0.12,0.14,2.58,1.0,1.0
2026-09-09T00:28:10+00:00,2026-09-08,daily,4,2026-09-12T12:30:00Z,520,Bergvall,TOT,MID,54,0,-1,0.2,206,1135,1323,6828,a,,,,,,,,0.3,0,1,45,1,0,0,0,2,0,8,0,1,7,0.00,0.01,0.01,1.70,0.3,0.3
2026-09-09T00:28:10+00:00,2026-09-08,daily,4,2026-09-12T12:30:00Z,521,Kulusevski,TOT,MID,65,0,0,0.0,47,101,209,519,i,Knee injury - Unknown return date,2026-07-23T12:01:23.895175Z,0,0,,,,0.0,0,0,0,0,0,0,0,0,0,0,0,0,0,0.00,0.00,0.00,0.00,0.0,0.0
2026-09-09T00:28:10+00:00,2026-09-08,daily,4,2026-09-12T12:30:00Z,522,Gray,TOT,MID,50,0,0,0.2,568,1972,4440,8562,a,,,,,,,,1.3,0,4,152,2,0,0,0,4,0,11,5,1,5,0.00,0.01,0.01,3.91,1.3,1.3
2026-09-09T00:28:10+00:00,2026-09-08,daily,4,2026-09-12T12:30:00Z,523,Moore,TOT,MID,50,0,0,0.1,0,3380,3258,12395,u,Has joined FC Köln on loan for the rest of the season,2026-09-04T12:39:48.098158Z,0,0,,,,1.0,0,3,89,1,0,0,0,4,0,3,0,1,2,0.40,0.02,0.42,3.26,0.0,0.0
2026-09-09T00:28:10+00:00,2026-09-08,daily,4,2026-09-12T12:30:00Z,524,Olusesi,TOT,MID,45,0,0,0.7,676,3895,4303,22673,a,,,,,,,,0.0,0,0,0,0,0,0,0,0,0,0,0,0,0,0.00,0.00,0.00,0.00,0.0,0.0
2026-09-09T00:28:10+00:00,2026-09-08,daily,4,2026-09-12T12:30:00Z,525,Fernandes,TOT,MID,59,0,-1,1.0,1018,17267,10489,91601,a,,,,,,,2,1.0,0,3,142,1,0,0,0,3,0,10,0,4,6,0.01,0.23,0.24,2.94,1.0,1.0
2026-09-09T00:28:10+00:00,2026-09-08,daily,4,2026-09-12T12:30:00Z,526,Solanke,TOT,FWD,59,0,-1,1.0,3697,10798,19441,66954,a,,,,,1,,,1.0,1,3,43,0,0,0,0,0,0,1,1,0,0,0.44,0.00,0.44,0.89,1.0,1.0
2026-09-09T00:28:10+00:00,2026-09-08,daily,4,2026-09-12T12:30:00Z,527,Richarlison,TOT,FWD,59,0,-1,1.2,0,41607,21439,212307,u,not included in squad.,2026-09-04T12:32:39.183614Z,0,0,,,,0.7,0,2,67,1,0,0,0,3,0,1,1,0,0,0.00,0.00,0.00,3.02,0.0,0.0
2026-09-09T00:28:10+00:00,2026-09-08,daily,4,2026-09-12T12:30:00Z,528,Scarlett,TOT,FWD,45,0,0,1.5,0,20315,42525,72244,u,Has joined Leyton Orient permanently,2026-09-02T16:02:43.413625Z,0,0,,,,0.0,0,0,0,0,0,0,0,0,0,0,0,0,0,0.00,0.00,0.00,0.00,0.0,0.0
2026-09-09T00:28:10+00:00,2026-09-08,daily,4,2026-09-12T12:30:00Z,578,Mudryk,TOT,MID,54,0,-1,0.1,1378,832,5146,3450,a,,,,,,,,0.3,1,1,16,0,0,0,0,0,0,0,0,0,0,0.00,0.00,0.00,0.16,0.3,0.3
2026-09-09T00:28:10+00:00,2026-09-08,daily,4,2026-09-12T12:30:00Z,601,Williams-Barnett,TOT,MID,45,0,0,0.1,1593,1198,8696,3948,a,,,,,,,,0.0,0,0,0,0,0,0,0,0,0,0,0,0,0,0.00,0.00,0.00,0.00,0.0,0.0
2026-09-09T00:28:10+00:00,2026-09-08,daily,4,2026-09-12T12:30:00Z,501,Danso,SUN,DEF,50,0,0,0.2,990,930,3317,6674,a,,,,,,,,0.7,2,2,90,1,0,0,0,1,0,8,7,1,3,0.00,0.08,0.08,1.21,0.7,0.7
2026-09-09T00:28:10+00:00,2026-09-08,daily,4,2026-09-12T12:30:00Z,529,Roefs,SUN,GKP,50,0,0,3.1,1339,24496,16342,104054,a,,,,,,,,3.0,2,9,270,3,0,0,1,3,2,0,4,0,28,0.00,0.00,0.00,3.96,3.0,3.0
2026-09-09T00:28:10+00:00,2026-09-08,daily,4,2026-09-12T12:30:00Z,530,Patterson,SUN,GKP,40,0,0,0.1,0,652,0,4575,u,Has joined Wrexham permanently,2026-08-12T14:08:03.064533Z,0,0,,,,0.0,0,0,0,0,0,0,0,0,0,0,0,0,0,0.00,0.00,0.00,0.00,0.0,0.0
2026-09-09T00:28:10+00:00,2026-09-08,daily,4,2026-09-12T12:30:00Z,531,Ellborg,SUN,GKP,45,0,0,0.1,131,385,745,2190,a,,,,,,,,0.0,0,0,0,0,0,0,0,0,0,0,0,0,0,0.00,0.00,0.00,0.00,0.0,0.0
2026-09-09T00:28:10+00:00,2026-09-08,daily,4,2026-09-12T12:30:00Z,532,Ballard,SUN,DEF,49,-1,-1,3.5,4182,50984,32608,195483,a,,,,,,,,4.0,4,12,270,3,0,0,1,3,0,29,24,5,6,0.09,0.15,0.24,3.96,4.0,4.0
2026-09-09T00:28:10+00:00,2026-09-08,daily,4,2026-09-12T12:30:00Z,533,Mukiele,SUN,DEF,55,0,0,2.3,4128,12430,31134,75822,a,,2026-08-09T08:30:05.954750Z,100,100,,,,4.3,4,13,180,2,0,0,1,1,0,33,27,6,10,0.00,0.03,0.03,2.16,4.3,4.3
2026-09-09T00:28:10+00:00,2026-09-08,daily,4,2026-09-12T12:30:00Z,534,Hume,SUN,DEF,45,0,0,4.6,1721,76952,32901,200876,a,,,,,,,3,3.0,1,9,195,2,0,0,1,1,0,12,3,9,12,0.04,0.28,0.32,3.09,3.0,3.0
2026-09-09T00:28:10+00:00,2026-09-08,daily,4,2026-09-12T12:30:00Z,535,Alderete,SUN,DEF,49,-1,-1,0.3,238,3587,4311,18891,a,,2026-08-09T08:30:05.962393Z,100,100,,,,0.3,0,1,23,0,0,0,0,1,0,0,0,0,2,0.00,0.01,0.01,0.10,0.3,0.3
2026-09-09T00:28:10+00:00,2026-09-08,daily,4,2026-09-12T12:30:00Z,536,Reinildo,SUN,DEF,45,0,0,0.4,440,2384,3387,10285,a,,,,,,,,3.0,2,9,270,3,0,0,1,3,0,22,15,7,15,0.00,0.31,0.31,3.96,3.0,3.0
2026-09-09T00:28:10+00:00,2026-09-08,daily,4,2026-09-12T12:30:00Z,537,Seelt,SUN,DEF,45,0,0,0.0,0,59,61,546,u,Has joined Swansea City on loan for the rest of the season,2026-08-29T00:34:52.425076Z,0,0,,,,0.0,0,0,0,0,0,0,0,0,0,0,0,0,0,0.00,0.00,0.00,0.00,0.0,0.0
2026-09-09T00:28:10+00:00,2026-09-08,daily,4,2026-09-12T12:30:00Z,538,Hjelde,SUN,DEF,40,0,0,0.0,0,268,0,1938,u,Has joined KV Mechelen on loan for the rest of the season,2026-08-12T14:08:03.081789Z,0,0,,,,0.0,0,0,0,0,0,0,0,0,0,0,0,0,0,0.00,0.00,0.00,0.00,0.0,0.0
2026-09-09T00:28:10+00:00,2026-09-08,daily,4,2026-09-12T12:30:00Z,539,O'Nien,SUN,DEF,40,0,0,2.8,1185,17632,11088,68301,a,,,,,,,,0.3,0,1,66,1,0,0,0,1,0,5,4,1,4,0.01,0.01,0.02,1.69,0.3,0.3
2026-09-09T00:28:10+00:00,2026-09-08,daily,4,2026-09-12T12:30:00Z,540,Masuaku,SUN,DEF,40,0,0,0.2,0,1118,0,9056,u,Has joined Konyaspor permanently,2026-08-12T14:08:03.097784Z,0,0,,,,0.0,0,0,0,0,0,0,0,0,0,0,0,0,0,0.00,0.00,0.00,0.00,0.0,0.0
2026-09-09T00:28:10+00:00,2026-09-08,daily,4,2026-09-12T12:30:00Z,541,Meunier,SUN,DEF,45,0,0,0.3,414,1198,4063,5254,a,,2026-08-16T08:30:07.830062Z,100,100,,,,3.0,2,9,243,3,0,0,1,3,0,14,12,2,8,0.21,0.13,0.34,3.51,3.0,3.0
2026-09-09T00:28:10+00:00,2026-09-08,daily,4,2026-09-12T12:30:00Z,542,E.Le Fée,SUN,MID,59,0,-1,5.1,5945,66927,24651,445887,a,,,,,2,2,1,4.3,8,13,258,3,1,0,1,2,0,14,1,6,7,1.21,0.23,1.44,3.76,4.3,4.3
2026-09-09T00:28:10+00:00,2026-09-08,daily,4,2026-09-12T12:30:00Z,543,Diarra,SUN,MID,54,-1,-1,0.0,16,918,515,4401,i,Hamstring injury - Unknown return date,2026-08-30T16:30:08.428960Z,0,0,1,,,1.7,0,5,28,0,0,1,0,1,0,0,0,0,0,0.03,0.16,0.19,0.12,0.0,0.0
2026-09-09T00:28:10+00:00,2026-09-08,daily,4,2026-09-12T12:30:00Z,544,Xhaka,SUN,MID,55,0,0,4.4,14685,29572,102591,94863,a,,,,,,1,2,6.0,3,18,270,3,0,1,1,3,0,35,7,5,23,0.06,0.57,0.63,3.96,6.0,6.0
2026-09-09T00:28:10+00:00,2026-09-08,daily,4,2026-09-12T12:30:00Z,545,Sadiki,SUN,MID,50,0,0,0.3,454,2524,3506,10971,a,,,,,,,,2.0,1,6,253,3,0,0,1,3,0,16,6,3,7,0.36,0.23,0.59,3.57,2.0,2.0
2026-09-09T00:28:10+00:00,2026-09-08,daily,4,2026-09-12T12:30:00Z,546,Adingra,SUN,MID,49,0,-1,0.0,0,622,240,6117,u,Has joined Ajax on loan for the rest of the season,2026-08-20T14:00:08.416985Z,0,0,,,,0.0,0,0,0,0,0,0,0,0,0,0,0,0,0,0.00,0.00,0.00,0.00,0.0,0.0
2026-09-09T00:28:10+00:00,2026-09-08,daily,4,2026-09-12T12:30:00Z,547,Mundle,SUN,MID,49,-1,-1,0.0,44,81,167,365,a,,,,,,,,0.3,0,1,1,0,0,0,0,0,0,1,1,0,0,0.17,0.00,0.17,0.09,0.3,0.3
2026-09-09T00:28:10+00:00,2026-09-08,daily,4,2026-09-12T12:30:00Z,548,Rigg,SUN,MID,49,-1,-1,0.1,77,347,319,1829,a,,,,,,,,0.7,0,2,17,0,0,0,0,1,0,1,0,0,1,0.00,0.00,0.00,0.44,0.7,0.7
2026-09-09T00:28:10+00:00,2026-09-08,daily,4,2026-09-12T12:30:00Z,549,Talbi,SUN,MID,54,0,-1,0.2,104,1434,815,8405,a,,,,,,,,0.3,0,1,31,0,0,0,0,1,0,2,0,0,2,0.00,0.00,0.00,0.14,0.3,0.3
2026-09-09T00:28:10+00:00,2026-09-08,daily,4,2026-09-12T12:30:00Z,550,Jocelin.T,SUN,MID,50,0,0,0.0,37,45,168,247,a,,,,,,,,0.0,0,0,0,0,0,0,0,0,0,0,0,0,0,0.00,0.00,0.00,0.00,0.0,0.0
2026-09-09T00:28:10+00:00,2026-09-08,daily,4,2026-09-12T12:30:00Z,551,N.Angulo,SUN,MID,50,0,0,0.1,888,1541,10999,6032,a,,,,,,3,,3.3,2,10,185,3,1,0,1,2,0,17,2,3,12,0.15,0.12,0.27,3.00,3.3,3.3
2026-09-09T00:28:10+00:00,2026-09-08,daily,4,2026-09-12T12:30:00Z,552,Brobbey,SUN,FWD,59,0,-1,7.9,9559,131844,75112,600488,a,,,,,,,,2.0,2,6,219,3,0,0,1,2,0,7,1,0,6,0.59,0.06,0.65,3.48,2.0,2.0
2026-09-09T00:28:10+00:00,2026-09-08,daily,4,2026-09-12T12:30:00Z,553,Isidor,SUN,FWD,55,0,0,1.4,27694,10369,65994,37847,a,,,,,,,,4.3,4,13,75,0,1,1,0,1,0,2,0,0,2,1.49,0.01,1.50,0.92,4.3,4.3
2026-09-09T00:28:10+00:00,2026-09-08,daily,4,2026-09-12T12:30:00Z,612,Methalie,SUN,DEF,45,0,0,0.0,86,103,543,230,a,,2026-08-28T13:00:08.950445Z,100,100,,,,0.0,0,0,0,0,0,0,0,0,0,0,0,0,0,0.00,0.00,0.00,0.00,0.0,0.0
2026-09-09T00:28:10+00:00,2026-09-08,daily,4,2026-09-12T12:30:00Z,613,Ahoka,SUN,MID,45,0,0,0.2,4417,2592,20074,7288,a,,,,,,,,0.0,0,0,0,0,0,0,0,0,0,0,0,0,0,0.00,0.00,0.00,0.00,0.0,0.0
2026-09-09T00:28:10+00:00,2026-09-08,daily,4,2026-09-12T12:30:00Z,646,Fofana,SUN,MID,55,0,0,0.0,898,272,2969,511,a,,,,,,,,1.0,1,1,16,0,0,0,0,0,0,0,0,0,0,0.00,0.00,0.00,0.39,2.0,2.0
2026-09-09T00:28:10+00:00,2026-09-08,daily,4,2026-09-12T12:30:00Z,651,J.Angulo,SUN,FWD,45,0,0,0.4,19783,4719,35722,6555,a,,,,,,,,0.0,0,0,0,0,0,0,0,0,0,0,0,0,0,0.00,0.00,0.00,0.00,1.0,1.0
