snapshot_utc,snapshot_date,snapshot_kind,event,deadline_time,id,web_name,team,position,now_cost,cost_change_event,cost_change_start,selected_by_percent,transfers_in_event,transfers_out_event,transfers_in,transfers_out,status,news,news_added,chance_of_playing_this_round,chance_of_playing_next_round,penalties_order,direct_freekicks_order,corners_and_indirect_freekicks_order,form,event_points,total_points,minutes,starts,goals_scored,assists,clean_sheets,goals_conceded,saves,defensive_contribution,clearances_blocks_interceptions,tackles,recoveries,expected_goals,expected_assists,expected_goal_involvements,expected_goals_conceded,ep_this,ep_next
2026-09-08T00:37:13+00:00,2026-09-07,daily,4,2026-09-12T12:30:00Z,1,Raya,ARS,GKP,60,0,0,38.8,104158,81983,415840,392689,a,,,,,,,,5.0,3,15,270,3,0,0,2,1,5,0,4,0,30,0.00,0.01,0.01,0.92,5.0,5.0
2026-09-08T00:37:13+00:00,2026-09-07,daily,4,2026-09-12T12:30:00Z,2,Arrizabalaga,ARS,GKP,49,-1,-1,0.1,184,446,1105,3049,a,,,,,,,,0.0,0,0,0,0,0,0,0,0,0,0,0,0,0,0.00,0.00,0.00,0.00,0.0,0.0
2026-09-08T00:37:13+00:00,2026-09-07,daily,4,2026-09-12T12:30:00Z,3,Meslier,ARS,GKP,49,-1,-1,0.0,68,169,341,1120,a,,,,,,,,0.0,0,0,0,0,0,0,0,0,0,0,0,0,0,0.00,0.00,0.00,0.00,0.0,0.0
2026-09-08T00:37:13+00:00,2026-09-07,daily,4,2026-09-12T12:30:00Z,4,Gabriel,ARS,DEF,80,0,0,24.9,25092,110707,130740,580457,a,,,,,,,,5.0,2,15,270,3,0,0,2,1,0,21,19,2,11,0.49,0.05,0.54,0.92,5.0,5.0
2026-09-08T00:37:13+00:00,2026-09-07,daily,4,2026-09-12T12:30:00Z,5,J.Timber,ARS,DEF,65,0,0,0.1,360,782,1310,6327,d,Groin injury - 25% chance of playing,2026-07-23T12:01:23.272929Z,25,25,,,,0.0,0,0,0,0,0,0,0,0,0,0,0,0,0,0.00,0.00,0.00,0.00,0.0,0.0
2026-09-08T00:37:13+00:00,2026-09-07,daily,4,2026-09-12T12:30:00Z,6,Saliba,ARS,DEF,60,0,0,0.2,500,2054,2448,14352,i,Back injury - Unknown return date,2026-07-23T12:01:23.289376Z,0,0,,,,0.0,0,0,0,0,0,0,0,0,0,0,0,0,0,0.00,0.00,0.00,0.00,0.0,0.0
2026-09-08T00:37:13+00:00,2026-09-07,daily,4,2026-09-12T12:30:00Z,7,Lewis-Skelly,ARS,MID,55,0,0,0.7,3912,4966,22454,27507,a,,,,,,,,2.7,2,8,226,3,0,0,2,1,0,14,5,1,8,0.16,0.23,0.39,0.79,2.7,2.7
2026-09-08T00:37:13+00:00,2026-09-07,daily,4,2026-09-12T12:30:00Z,8,Calafiori,ARS,DEF,57,0,2,47.3,221338,37866,1046922,198055,a,,,,,,,,7.3,2,22,236,3,0,2,2,1,0,9,6,3,6,0.54,0.58,1.12,0.65,7.3,7.3
2026-09-08T00:37:13+00:00,2026-09-07,daily,4,2026-09-12T12:30:00Z,9,Hincapie,ARS,DEF,53,-1,-2,1.1,2045,9907,10380,86594,a,,,,,,,,0.7,1,2,32,0,0,0,0,0,0,3,2,1,0,0.00,0.00,0.00,0.28,0.7,0.7
2026-09-08T00:37:13+00:00,2026-09-07,daily,4,2026-09-12T12:30:00Z,10,White,ARS,DEF,55,0,0,7.6,59350,50746,367586,193177,a,,2026-07-23T12:01:23.305229Z,100,100,,,,6.7,2,20,270,3,0,1,2,1,0,15,11,4,9,0.18,0.29,0.47,0.92,6.7,6.7
2026-09-08T00:37:13+00:00,2026-09-07,daily,4,2026-09-12T12:30:00Z,11,Mosquera,ARS,DEF,54,-1,-1,3.6,533,80863,29489,255180,d,Muscular injury - 75% chance of playing,2026-09-04T14:00:08.080310Z,75,75,,,,4.0,0,12,168,2,0,0,2,0,0,10,10,0,3,0.00,0.01,0.01,0.53,3.0,3.0
2026-09-08T00:37:13+00:00,2026-09-07,daily,4,2026-09-12T12:30:00Z,12,Saka,ARS,MID,95,0,0,11.4,92769,51538,338059,188054,a,,,,,1,2,2,7.3,2,22,246,3,2,0,2,1,0,22,6,4,12,1.50,0.35,1.85,0.78,7.3,7.3
2026-09-08T00:37:13+00:00,2026-09-07,daily,4,2026-09-12T12:30:00Z,13,Rice,ARS,MID,74,-1,-1,13.7,13077,65945,70349,472558,a,,,,,,1,1,4.3,5,13,241,3,0,1,2,1,0,24,10,3,11,0.10,0.26,0.36,0.78,4.3,4.3
2026-09-08T00:37:13+00:00,2026-09-07,daily,4,2026-09-12T12:30:00Z,14,Eze,ARS,MID,64,0,-1,1.3,2334,15126,16321,100190,a,,,,,,3,,0.7,0,2,59,0,0,0,0,0,0,5,0,0,5,0.04,0.07,0.11,0.39,0.7,0.7
2026-09-08T00:37:13+00:00,2026-09-07,daily,4,2026-09-12T12:30:00Z,15,Ødegaard,ARS,MID,66,0,1,13.0,210717,44994,619929,254456,a,,,,,3,4,4,8.0,10,24,221,3,2,0,2,1,0,16,3,5,8,1.01,1.05,2.06,0.66,8.0,8.0
2026-09-08T00:37:13+00:00,2026-09-07,daily,4,2026-09-12T12:30:00Z,16,Madueke,ARS,MID,63,0,-2,0.2,942,2261,3630,18565,a,,,,,,,6,0.7,1,2,23,0,0,0,0,0,0,3,0,1,2,0.00,0.05,0.05,0.15,0.7,0.7
2026-09-08T00:37:13+00:00,2026-09-07,daily,4,2026-09-12T12:30:00Z,17,Merino,ARS,MID,59,0,-1,0.5,1103,5621,6586,34747,a,,,,,,,,0.7,0,2,46,0,0,0,0,0,0,6,0,0,6,0.14,0.02,0.16,0.26,0.7,0.7
2026-09-08T00:37:13+00:00,2026-09-07,daily,4,2026-09-12T12:30:00Z,18,Martinelli,ARS,MID,63,0,-2,0.1,0,4203,2483,17845,u,Has joined Al Hilal permanently,2026-09-04T12:34:46.738449Z,0,0,,,,0.0,0,0,0,0,0,0,0,0,0,0,0,0,0,0.00,0.00,0.00,0.00,0.0,0.0
2026-09-08T00:37:13+00:00,2026-09-07,daily,4,2026-09-12T12:30:00Z,19,Zubimendi,ARS,MID,54,0,-1,0.7,981,6164,6045,46773,a,,,,,,,,1.0,1,3,50,0,0,0,0,0,0,9,4,3,2,0.08,0.04,0.12,0.28,1.0,1.0
2026-09-08T00:37:13+00:00,2026-09-07,daily,4,2026-09-12T12:30:00Z,20,Dowman,ARS,MID,53,-1,-2,0.1,312,699,1393,5026,a,,,,,,,,0.0,0,0,0,0,0,0,0,0,0,0,0,0,0,0.00,0.00,0.00,0.00,0.0,0.0
2026-09-08T00:37:13+00:00,2026-09-07,daily,4,2026-09-12T12:30:00Z,22,Nwaneri,ARS,MID,54,0,-1,0.0,0,220,233,971,u,Has joined Borussia Dortmund on loan for the rest of the season,2026-09-02T16:01:07.058827Z,0,0,,,,0.0,0,0,0,0,0,0,0,0,0,0,0,0,0,0.00,0.00,0.00,0.00,0.0,0.0
2026-09-08T00:37:13+00:00,2026-09-07,daily,4,2026-09-12T12:30:00Z,23,Fábio Vieira,ARS,MID,55,0,0,0.0,0,176,255,702,u,Has joined Hamburger SV permanently,2026-09-02T16:00:28.446370Z,0,0,,,,0.0,0,0,0,0,0,0,0,0,0,0,0,0,0,0.00,0.00,0.00,0.00,0.0,0.0
2026-09-08T00:37:13+00:00,2026-09-07,daily,4,2026-09-12T12:30:00Z,24,Nelson,ARS,MID,55,0,0,0.0,0,57,68,532,u,has departed the club as a free agent.,2026-08-29T00:33:08.556767Z,0,0,,,,0.0,0,0,0,0,0,0,0,0,0,0,0,0,0,0.00,0.00,0.00,0.00,0.0,0.0
2026-09-08T00:37:13+00:00,2026-09-07,daily,4,2026-09-12T12:30:00Z,25,Gyökeres,ARS,FWD,73,0,-2,4.1,3701,46348,20638,485468,a,,,,,2,,,0.3,1,1,12,0,0,0,0,0,0,1,0,0,1,0.00,0.00,0.00,0.11,0.3,0.3
2026-09-08T00:37:13+00:00,2026-09-07,daily,4,2026-09-12T12:30:00Z,26,Havertz,ARS,FWD,75,0,0,7.4,83835,33868,343962,214082,a,,,,,,,,5.3,8,16,257,3,2,0,2,1,0,8,3,0,5,0.55,0.33,0.88,0.80,5.3,5.3
2026-09-08T00:37:13+00:00,2026-09-07,daily,4,2026-09-12T12:30:00Z,27,G.Jesus,ARS,FWD,59,0,-1,0.2,0,5206,4164,23493,u,Has joined FC Barcelona permanently,2026-09-02T16:00:28.475184Z,0,0,,,,0.0,0,0,0,0,0,0,0,0,0,0,0,0,0,0.00,0.00,0.00,0.00,0.0,0.0
2026-09-08T00:37:13+00:00,2026-09-07,daily,4,2026-09-12T12:30:00Z,31,Konsa,ARS,DEF,44,0,-1,12.9,235863,44760,556556,473493,a,,,,,,,,1.7,4,5,101,1,0,0,0,1,0,11,8,3,5,0.00,0.01,0.01,0.39,1.7,1.7
2026-09-08T00:37:13+00:00,2026-09-07,daily,4,2026-09-12T12:30:00Z,452,Bruno G.,ARS,MID,68,0,-2,1.9,1035,19463,7431,208800,a,,2026-09-04T14:00:08.328779Z,75,100,4,,5,0.3,0,1,19,0,0,0,0,0,0,3,0,0,3,0.00,0.01,0.01,0.00,0.2,0.3
2026-09-08T00:37:13+00:00,2026-09-07,daily,4,2026-09-12T12:30:00Z,557,Tzolis,ARS,MID,64,-1,-1,17.6,32588,189001,360659,938025,a,,,,,,,3,3.7,5,11,210,3,0,2,1,1,0,17,5,2,10,0.19,0.35,0.54,0.55,3.7,3.7
2026-09-08T00:37:13+00:00,2026-09-07,daily,4,2026-09-12T12:30:00Z,29,M.Bizot,AVL,GKP,45,0,0,0.1,508,823,3659,4079,a,,,,,,,,0.3,0,1,90,1,0,0,0,4,3,0,2,0,6,0.00,0.00,0.00,3.77,0.3,0.3
2026-09-08T00:37:13+00:00,2026-09-07,daily,4,2026-09-12T12:30:00Z,30,Digne,AVL,DEF,45,0,0,0.1,0,556,0,7604,u,Has joined Paris Saint-Germain permanently,2026-08-10T14:03:30.089007Z,0,0,,,,0.0,0,0,0,0,0,0,0,0,0,0,0,0,0,0.00,0.00,0.00,0.00,0.0,0.0
2026-09-08T00:37:13+00:00,2026-09-07,daily,4,2026-09-12T12:30:00Z,32,Cash,AVL,DEF,45,0,0,6.9,13719,21781,82325,205415,a,,,,,,,1,2.3,6,7,251,3,0,0,1,5,0,14,8,6,2,0.15,0.04,0.19,5.03,2.3,2.3
2026-09-08T00:37:13+00:00,2026-09-07,daily,4,2026-09-12T12:30:00Z,33,Mings,AVL,DEF,45,0,0,0.4,1392,1086,7267,9429,a,,,,,,,,2.3,6,7,106,1,0,0,1,0,0,6,4,2,2,0.11,0.02,0.13,0.79,2.3,2.3
2026-09-08T00:37:13+00:00,2026-09-07,daily,4,2026-09-12T12:30:00Z,34,Pau,AVL,DEF,45,0,0,0.4,634,2723,7720,12119,a,,,,,,,,0.7,0,2,163,2,0,0,0,5,0,9,8,1,9,0.00,0.01,0.01,4.59,0.7,0.7
2026-09-08T00:37:13+00:00,2026-09-07,daily,4,2026-09-12T12:30:00Z,35,Bogarde,AVL,MID,50,0,0,0.1,361,593,1942,2834,a,,,,,,,,0.3,0,1,16,0,0,0,0,0,0,1,1,0,0,0.00,0.00,0.00,0.22,0.3,0.3
2026-09-08T00:37:13+00:00,2026-09-07,daily,4,2026-09-12T12:30:00Z,36,Maatsen,AVL,DEF,45,0,0,0.8,4199,2562,18037,20045,a,,,,,,,,2.7,7,8,245,3,0,0,1,5,0,20,14,6,4,0.10,0.42,0.52,4.88,2.7,2.7
2026-09-08T00:37:13+00:00,2026-09-07,daily,4,2026-09-12T12:30:00Z,37,Lindelöf,AVL,DEF,45,0,0,0.3,1293,867,6279,7873,a,,,,,,,,2.0,6,6,270,3,0,0,1,5,0,14,13,1,5,0.00,0.16,0.16,5.38,2.0,2.0
2026-09-08T00:37:13+00:00,2026-09-07,daily,4,2026-09-12T12:30:00Z,38,A.García,AVL,DEF,40,0,0,1.7,6778,8677,30288,39277,a,,,,,,,,0.0,0,0,0,0,0,0,0,0,0,0,0,0,0,0.00,0.00,0.00,0.00,0.0,0.0
2026-09-08T00:37:13+00:00,2026-09-07,daily,4,2026-09-12T12:30:00Z,39,Nedeljkovic,AVL,DEF,40,0,0,0.2,0,1133,0,12359,u,Has joined Rangers on loan for the rest of the season,2026-08-19T13:56:46.385411Z,0,0,,,,0.0,0,0,0,0,0,0,0,0,0,0,0,0,0,0.00,0.00,0.00,0.00,0.0,0.0
2026-09-08T00:37:13+00:00,2026-09-07,daily,4,2026-09-12T12:30:00Z,41,Buendía,AVL,MID,59,-1,-1,1.0,3847,10259,29465,56262,a,,,,,1,1,3,2.3,3,7,249,3,0,0,1,5,0,14,3,2,9,0.78,0.16,0.94,4.88,2.3,2.3
2026-09-08T00:37:13+00:00,2026-09-07,daily,4,2026-09-12T12:30:00Z,44,Bailey,AVL,MID,54,0,-1,0.1,0,2948,2096,9329,u,Has joined Olympiakos permanently,2026-09-04T12:35:14.472260Z,0,0,,,,0.0,0,0,0,0,0,0,0,0,0,0,0,0,0,0.00,0.00,0.00,0.00,0.0,0.0
2026-09-08T00:37:13+00:00,2026-09-07,daily,4,2026-09-12T12:30:00Z,45,McGinn,AVL,MID,54,0,-1,2.3,5796,15351,30293,104486,a,,,,,,,2,1.7,3,5,261,3,0,0,1,5,0,15,4,4,7,0.77,0.09,0.86,5.23,1.7,1.7
2026-09-08T00:37:13+00:00,2026-09-07,daily,4,2026-09-12T12:30:00Z,46,Barkley,AVL,MID,50,0,0,0.3,2269,1577,9888,8302,a,,,,,,,4,2.3,3,7,240,3,0,0,1,5,0,17,4,3,10,0.35,0.13,0.48,5.16,2.3,2.3
2026-09-08T00:37:13+00:00,2026-09-07,daily,4,2026-09-12T12:30:00Z,47,Kamara,AVL,MID,50,0,0,0.3,1801,2238,9351,12758,a,,2026-07-23T12:01:23.337269Z,100,100,,,,2.3,3,7,270,3,0,0,1,5,0,25,9,4,12,0.00,0.10,0.10,5.38,2.3,2.3
2026-09-08T00:37:13+00:00,2026-09-07,daily,4,2026-09-12T12:30:00Z,48,Onana,AVL,MID,50,0,0,0.0,56,152,353,1251,i,Knee injury - Unknown return date,2026-07-23T12:01:23.352497Z,0,0,,,,0.0,0,0,0,0,0,0,0,0,0,0,0,0,0,0.00,0.00,0.00,0.00,0.0,0.0
2026-09-08T00:37:13+00:00,2026-09-07,daily,4,2026-09-12T12:30:00Z,49,Iling Jr,AVL,MID,50,0,0,0.0,0,12,0,195,u,Has joined Bolton Wanderers on loan for the rest of the season,2026-08-17T13:52:28.532616Z,0,0,,,,0.0,0,0,0,0,0,0,0,0,0,0,0,0,0,0.00,0.00,0.00,0.00,0.0,0.0
2026-09-08T00:37:13+00:00,2026-09-07,daily,4,2026-09-12T12:30:00Z,50,Burrowes,AVL,MID,45,0,0,0.7,3879,4054,16097,19935,a,,,,,,,,0.0,0,0,0,0,0,0,0,0,0,0,0,0,0,0.00,0.00,0.00,0.00,0.0,0.0
2026-09-08T00:37:13+00:00,2026-09-07,daily,4,2026-09-12T12:30:00Z,51,George Hemmings,AVL,MID,45,0,0,1.1,21233,8545,66381,28464,a,,,,,,,,2.3,3,7,234,3,0,0,1,5,0,18,2,6,10,0.07,0.15,0.22,5.00,2.3,2.3
2026-09-08T00:37:13+00:00,2026-09-07,daily,4,2026-09-12T12:30:00Z,52,Alysson,AVL,MID,50,0,0,0.0,229,340,1399,1865,a,,,,,,,,0.7,1,2,42,0,0,0,0,0,0,6,1,2,3,0.00,0.00,0.00,0.51,0.7,0.7
2026-09-08T00:37:13+00:00,2026-09-07,daily,4,2026-09-12T12:30:00Z,53,Manzambi,AVL,MID,59,0,-1,0.1,220,1047,793,14886,i,Knee injury - Expected back 12 Sep,2026-08-15T15:30:06.388335Z,0,0,,,,0.0,0,0,0,0,0,0,0,0,0,0,0,0,0,0.00,0.00,0.00,0.00,0.0,0.0
2026-09-08T00:37:13+00:00,2026-09-07,daily,4,2026-09-12T12:30:00Z,54,Gomes,AVL,MID,55,0,0,0.0,42,269,286,3337,s,Suspended until 19 Sep,2026-08-23T17:30:08.367415Z,0,0,,,,-0.7,0,-2,39,1,0,0,0,4,0,7,1,4,2,0.00,0.01,0.01,2.58,0.0,0.0
2026-09-08T00:37:13+00:00,2026-09-07,daily,4,2026-09-12T12:30:00Z,55,Watkins,AVL,FWD,78,0,-2,3.5,0,77126,14882,662965,u,Has joined Al Hilal permanently,2026-09-01T13:15:16.698799Z,0,0,,,,0.0,0,0,0,0,0,0,0,0,0,0,0,0,0,0.00,0.00,0.00,0.00,0.0,0.0
2026-09-08T00:37:13+00:00,2026-09-07,daily,4,2026-09-12T12:30:00Z,56,Abraham,AVL,FWD,55,0,0,0.2,2279,1369,7801,6803,a,,2026-08-15T16:00:07.558543Z,100,100,,,,0.7,1,2,24,0,0,0,0,0,0,1,0,1,0,0.00,0.00,0.00,0.37,0.7,0.7
2026-09-08T00:37:13+00:00,2026-09-07,daily,4,2026-09-12T12:30:00Z,160,Garnacho,AVL,MID,59,0,-1,0.4,840,4474,5418,27130,a,,,,,,,,1.0,1,3,31,0,0,0,0,0,0,2,0,0,2,0.00,0.00,0.00,0.49,1.0,1.0
2026-09-08T00:37:13+00:00,2026-09-07,daily,4,2026-09-12T12:30:00Z,166,N.Jackson,AVL,FWD,65,0,0,1.1,12769,8281,91974,30716,a,,,,,,,,1.3,2,4,154,2,0,0,1,1,0,5,0,0,5,0.24,0.54,0.78,1.23,1.3,1.3
2026-09-08T00:37:13+00:00,2026-09-07,daily,4,2026-09-12T12:30:00Z,582,Madjo,AVL,FWD,55,0,0,0.3,210,2751,2270,21031,i,Unspecified injury - Unknown return date,2026-08-15T16:00:07.974271Z,0,0,,,,0.0,0,0,0,0,0,0,0,0,0,0,0,0,0,0.00,0.00,0.00,0.00,0.0,0.0
2026-09-08T00:37:13+00:00,2026-09-07,daily,4,2026-09-12T12:30:00Z,596,Ruggeri,AVL,DEF,45,0,0,0.1,117,610,1709,3435,a,,,,,,,,0.7,1,2,23,0,0,0,0,0,0,3,1,2,2,0.00,0.01,0.01,0.49,0.7,0.7
2026-09-08T00:37:13+00:00,2026-09-07,daily,4,2026-09-12T12:30:00Z,597,Suzuki,AVL,GKP,50,0,0,1.4,32079,5595,69402,23640,a,,,,,,,,4.0,10,12,180,2,0,0,1,1,5,0,3,0,22,0.00,0.00,0.00,1.61,4.0,4.0
2026-09-08T00:37:13+00:00,2026-09-07,daily,4,2026-09-12T12:30:00Z,606,Rowe,AVL,DEF,40,0,0,0.2,1508,921,9468,2850,a,,,,,,,,0.0,0,0,0,0,0,0,0,0,0,0,0,0,0,0.00,0.00,0.00,0.00,0.0,0.0
2026-09-08T00:37:13+00:00,2026-09-07,daily,4,2026-09-12T12:30:00Z,607,Lynch,AVL,MID,45,0,0,0.1,0,1952,7103,5107,u,Has joined Oxford United on loan until January,2026-09-04T12:35:39.820426Z,0,0,,,,0.0,0,0,0,0,0,0,0,0,0,0,0,0,0,0.00,0.00,0.00,0.00,0.0,0.0
2026-09-08T00:37:13+00:00,2026-09-07,daily,4,2026-09-12T12:30:00Z,611,Wan-Bissaka,AVL,DEF,45,0,0,0.2,1325,1121,9507,2908,a,,,,,,,,1.0,1,2,17,0,0,0,0,0,0,3,1,2,0,0.00,0.00,0.00,0.35,1.0,1.0
2026-09-08T00:37:13+00:00,2026-09-07,daily,4,2026-09-12T12:30:00Z,618,Goretzka,AVL,MID,60,0,0,0.1,733,848,4394,1696,a,,,,,,,,0.0,0,0,0,0,0,0,0,0,0,0,0,0,0,0.00,0.00,0.00,0.00,0.0,0.0
2026-09-08T00:37:13+00:00,2026-09-07,daily,4,2026-09-12T12:30:00Z,630,Harwood-Bellis,AVL,DEF,45,0,0,0.0,363,131,1308,321,a,,,,,,,,0.0,0,0,0,0,0,0,0,0,0,0,0,0,0,0.00,0.00,0.00,0.00,1.8,1.8
2026-09-08T00:37:13+00:00,2026-09-07,daily,4,2026-09-12T12:30:00Z,631,Mbaye,AVL,MID,60,0,0,0.1,1778,672,5834,1302,a,,,,,,,,0.0,0,0,0,0,0,0,0,0,0,0,0,0,0,0.00,0.00,0.00,0.00,2.2,2.2
2026-09-08T00:37:13+00:00,2026-09-07,daily,4,2026-09-12T12:30:00Z,57,Petrović,BOU,GKP,45,0,0,3.3,12386,15522,83746,64527,a,,,,,,,,2.0,1,6,270,3,0,0,0,5,9,0,6,0,21,0.00,0.00,0.00,4.80,2.0,2.0
2026-09-08T00:37:13+00:00,2026-09-07,daily,4,2026-09-12T12:30:00Z,58,Forster,BOU,GKP,40,0,0,3.4,15556,7989,63466,39967,a,,,,,,,,0.0,0,0,0,0,0,0,0,0,0,0,0,0,0,0.00,0.00,0.00,0.00,0.0,0.0
2026-09-08T00:37:13+00:00,2026-09-07,daily,4,2026-09-12T12:30:00Z,59,Dennis,BOU,GKP,40,0,0,0.1,0,805,1133,5106,u,Has joined MK Dons permanently,2026-08-27T14:53:48.692835Z,0,0,,,,0.0,0,0,0,0,0,0,0,0,0,0,0,0,0,0.00,0.00,0.00,0.00,0.0,0.0
2026-09-08T00:37:13+00:00,2026-09-07,daily,4,2026-09-12T12:30:00Z,60,Hill,BOU,DEF,55,0,0,0.8,2949,4812,19196,23221,a,,,,,,,,2.0,1,6,270,3,0,0,0,5,0,24,20,4,5,0.00,0.76,0.76,4.80,2.0,2.0
2026-09-08T00:37:13+00:00,2026-09-07,daily,4,2026-09-12T12:30:00Z,61,Truffert,BOU,DEF,55,0,0,3.6,4577,22476,37057,90381,a,,,,,,,,1.7,0,5,270,3,0,0,0,5,0,22,15,7,18,0.01,0.13,0.14,4.80,1.7,1.7
2026-09-08T00:37:13+00:00,2026-09-07,daily,4,2026-09-12T12:30:00Z,62,Diakité,BOU,DEF,50,0,0,0.2,620,1511,5052,7695,a,,,,,,,,0.0,0,0,0,0,0,0,0,0,0,0,0,0,0,0.00,0.00,0.00,0.00,0.0,0.0
2026-09-08T00:37:13+00:00,2026-09-07,daily,4,2026-09-12T12:30:00Z,63,Milosavljević,BOU,DEF,50,0,0,0.0,36,80,198,618,i,Unspecified injury - Unknown return date,2026-08-06T10:00:10.456051Z,0,0,,,,0.0,0,0,0,0,0,0,0,0,0,0,0,0,0,0.00,0.00,0.00,0.00,0.0,0.0
2026-09-08T00:37:13+00:00,2026-09-07,daily,4,2026-09-12T12:30:00Z,64,Smith,BOU,DEF,45,0,0,0.1,542,781,5017,3890,a,,,,,,,,0.7,0,2,270,3,0,0,0,5,0,15,11,4,9,0.01,0.06,0.07,4.80,0.7,0.7
2026-09-08T00:37:13+00:00,2026-09-07,daily,4,2026-09-12T12:30:00Z,65,J.Araujo,BOU,DEF,44,-1,-1,0.0,52,123,236,995,i,Thigh injury - Unknown return date,2026-08-09T08:00:05.645826Z,0,0,,,,0.0,0,0,0,0,0,0,0,0,0,0,0,0,0,0.00,0.00,0.00,0.00,0.0,0.0
2026-09-08T00:37:13+00:00,2026-09-07,daily,4,2026-09-12T12:30:00Z,66,Soler,BOU,DEF,40,0,0,0.3,2013,1352,8475,6134,a,,2026-08-15T16:30:07.021055Z,100,100,,,,0.0,0,0,0,0,0,0,0,0,0,0,0,0,0,0.00,0.00,0.00,0.00,0.0,0.0
2026-09-08T00:37:13+00:00,2026-09-07,daily,4,2026-09-12T12:30:00Z,67,Rayan,BOU,MID,64,-1,-1,2.1,3541,20893,38929,103096,a,,,,,,,,2.0,2,6,266,3,0,0,0,4,0,8,3,2,3,0.48,0.06,0.54,4.56,2.0,2.0
2026-09-08T00:37:13+00:00,2026-09-07,daily,4,2026-09-12T12:30:00Z,68,Tavernier,BOU,MID,60,0,0,3.1,76988,16465,192458,78744,a,,,,,3,1,1,7.0,10,21,268,3,2,0,0,5,0,28,3,7,18,1.50,0.34,1.84,4.75,7.0,7.0
2026-09-08T00:37:13+00:00,2026-09-07,daily,4,2026-09-12T12:30:00Z,69,Scott,BOU,MID,60,0,0,4.0,173437,18541,238842,49198,a,,,,,,4,2,8.0,10,24,266,3,1,2,1,4,0,37,9,7,21,0.33,0.30,0.63,4.67,8.0,8.0
2026-09-08T00:37:13+00:00,2026-09-07,daily,4,2026-09-12T12:30:00Z,70,Kluivert,BOU,MID,60,0,0,1.0,3784,9820,30935,42932,a,,,,,2,2,3,2.3,1,7,229,3,0,0,2,1,0,18,1,4,13,0.78,0.06,0.84,4.09,2.3,2.3
2026-09-08T00:37:13+00:00,2026-09-07,daily,4,2026-09-12T12:30:00Z,71,Cook,BOU,MID,50,0,0,0.2,1162,1679,11021,7229,a,,,,,,,5,2.3,1,7,157,2,0,0,2,1,0,10,4,1,5,0.00,0.01,0.01,3.84,2.3,2.3
2026-09-08T00:37:13+00:00,2026-09-07,daily,4,2026-09-12T12:30:00Z,72,Gannon-Doak,BOU,MID,49,-1,-1,0.1,166,528,915,2910,a,,,,,,,,0.7,1,2,2,0,0,0,0,1,0,3,0,1,2,0.02,0.00,0.02,0.24,0.7,0.7
2026-09-08T00:37:13+00:00,2026-09-07,daily,4,2026-09-12T12:30:00Z,73,Adams,BOU,MID,50,0,0,0.3,2974,1753,11594,9299,a,,2026-08-15T16:30:07.029928Z,100,100,,,,2.0,4,6,111,1,0,0,0,4,0,18,4,3,11,0.00,0.01,0.01,0.95,2.0,2.0
2026-09-08T00:37:13+00:00,2026-09-07,daily,4,2026-09-12T12:30:00Z,74,Brooks,BOU,MID,50,0,0,0.1,358,384,2256,2083,a,,2026-08-15T16:30:07.037929Z,100,100,,3,4,0.7,1,2,23,0,0,0,0,2,0,0,0,0,0,0.00,0.01,0.01,0.39,0.7,0.7
2026-09-08T00:37:13+00:00,2026-09-07,daily,4,2026-09-12T12:30:00Z,75,Christie,BOU,MID,50,0,0,0.0,264,253,1862,965,a,,2026-07-24T17:30:10.035483Z,100,100,,,6,0.7,1,2,4,0,0,0,0,1,0,2,0,1,1,0.00,0.00,0.00,0.13,0.7,0.7
2026-09-08T00:37:13+00:00,2026-09-07,daily,4,2026-09-12T12:30:00Z,76,Tóth.A,BOU,MID,50,0,0,0.0,45,113,268,490,a,,,,,,,,0.3,0,1,15,0,0,0,0,2,0,2,0,1,1,0.00,0.00,0.00,0.31,0.3,0.3
2026-09-08T00:37:13+00:00,2026-09-07,daily,4,2026-09-12T12:30:00Z,77,Adli,BOU,MID,49,0,-1,0.0,30,157,220,1760,i,Unspecified injury - Unknown return date,2026-08-15T16:00:07.590566Z,0,0,,,,0.0,0,0,0,0,0,0,0,0,0,0,0,0,0,0.00,0.00,0.00,0.00,0.0,0.0
2026-09-08T00:37:13+00:00,2026-09-07,daily,4,2026-09-12T12:30:00Z,78,Kroupi.Jr,BOU,MID,74,0,-1,0.2,98,1902,806,23270,i,Foot injury - Unknown return date,2026-07-29T17:30:09.796802Z,0,0,1,,,0.0,0,0,0,0,0,0,0,0,0,0,0,0,0,0.00,0.00,0.00,0.00,0.0,0.0
2026-09-08T00:37:13+00:00,2026-09-07,daily,4,2026-09-12T12:30:00Z,79,Evanilson,BOU,FWD,60,0,0,3.3,22104,20759,164300,83237,a,,,,,,,,3.7,2,11,244,3,0,2,2,2,0,18,9,1,8,0.71,0.26,0.97,4.32,3.7,3.7
2026-09-08T00:37:13+00:00,2026-09-07,daily,4,2026-09-12T12:30:00Z,80,Enes Ünal,BOU,FWD,55,0,0,0.0,0,133,0,1725,u,Has joined Getafe permanently,2026-08-14T14:14:21.881112Z,0,0,,,,0.0,0,0,0,0,0,0,0,0,0,0,0,0,0,0.00,0.00,0.00,0.00,0.0,0.0
2026-09-08T00:37:13+00:00,2026-09-07,daily,4,2026-09-12T12:30:00Z,81,Rodríguez,BOU,FWD,60,0,0,0.1,635,871,3156,3972,a,,2026-08-15T16:30:07.054142Z,100,100,,,,0.3,0,1,9,0,0,0,0,1,0,1,0,0,1,0.00,0.00,0.00,0.16,0.3,0.3
2026-09-08T00:37:13+00:00,2026-09-07,daily,4,2026-09-12T12:30:00Z,566,Silva,BOU,DEF,50,0,0,0.4,1732,2388,18819,11252,a,,,,,,,,2.3,1,7,270,3,0,0,0,5,0,31,28,3,7,0.27,0.04,0.31,4.80,2.3,2.3
2026-09-08T00:37:13+00:00,2026-09-07,daily,4,2026-09-12T12:30:00Z,573,Sanchez,BOU,DEF,45,0,0,0.2,133,769,954,4523,a,,,,,,,,0.0,0,0,0,0,0,0,0,0,0,0,0,0,0,0.00,0.00,0.00,0.00,0.0,0.0
2026-09-08T00:37:13+00:00,2026-09-07,daily,4,2026-09-12T12:30:00Z,608,Jebbison,BOU,FWD,50,0,0,0.1,1763,884,8750,3303,a,,,,,,,,0.7,1,2,16,0,0,0,0,2,0,1,0,0,1,0.10,0.00,0.10,0.36,0.7,0.7
2026-09-08T00:37:13+00:00,2026-09-07,daily,4,2026-09-12T12:30:00Z,615,Di Gregorio,BOU,GKP,45,0,0,0.0,396,272,2041,754,a,,,,,,,,0.0,0,0,0,0,0,0,0,0,0,0,0,0,0,0.00,0.00,0.00,0.00,0.0,0.0
2026-09-08T00:37:13+00:00,2026-09-07,daily,4,2026-09-12T12:30:00Z,82,Kelleher,BRE,GKP,50,0,0,6.8,16132,25022,204269,103891,a,,,,,,,,3.7,2,11,270,3,0,0,1,2,7,0,4,0,15,0.00,0.01,0.01,3.74,3.7,3.7
2026-09-08T00:37:13+00:00,2026-09-07,daily,4,2026-09-12T12:30:00Z,83,Valdimarsson,BRE,GKP,45,0,0,0.1,270,463,1887,2760,a,,,,,,,,0.0,0,0,0,0,0,0,0,0,0,0,0,0,0,0.00,0.00,0.00,0.00,0.0,0.0
2026-09-08T00:37:13+00:00,2026-09-07,daily,4,2026-09-12T12:30:00Z,84,Collins,BRE,DEF,55,0,0,1.8,1152,33591,58416,63548,d,Calf injury - 25% chance of playing,2026-09-05T18:00:06.182495Z,,25,,,,3.3,1,10,196,3,0,0,1,1,0,17,15,2,11,0.51,0.05,0.56,2.13,3.3,0.8
2026-09-08T00:37:13+00:00,2026-09-07,daily,4,2026-09-12T12:30:00Z,85,Van den Berg,BRE,DEF,49,0,-1,0.1,30,716,296,7302,i,Groin injury - Unknown return date,2026-08-15T15:30:06.416627Z,0,0,,,,0.0,0,0,0,0,0,0,0,0,0,0,0,0,0,0.00,0.00,0.00,0.00,0.0,0.0
2026-09-08T00:37:13+00:00,2026-09-07,daily,4,2026-09-12T12:30:00Z,86,Lewis-Potter,BRE,MID,55,0,0,2.2,13645,13976,167396,47019,a,,,,,,1,,6.0,2,18,267,3,1,1,1,2,0,27,11,4,12,1.03,0.65,1.68,3.74,6.0,6.0
2026-09-08T00:37:13+00:00,2026-09-07,daily,4,2026-09-12T12:30:00Z,87,Ajer,BRE,DEF,45,0,0,5.0,23092,40325,267523,116157,a,,,,,,,,4.3,2,13,270,3,0,0,1,2,0,32,30,2,7,0.11,0.03,0.14,3.74,4.3,4.3
2026-09-08T00:37:13+00:00,2026-09-07,daily,4,2026-09-12T12:30:00Z,88,Kayode,BRE,DEF,46,0,1,9.2,23153,53138,535469,153908,a,,,,,,,,5.3,1,16,207,3,1,0,1,1,0,13,12,1,11,0.55,0.21,0.76,2.28,5.3,5.3
2026-09-08T00:37:13+00:00,2026-09-07,daily,4,2026-09-12T12:30:00Z,89,Henry,BRE,DEF,45,0,0,0.2,165,932,1270,5280,a,,,,,,,,0.3,0,1,2,0,0,0,0,0,0,0,0,0,0,0.00,0.00,0.00,0.00,0.3,0.3
2026-09-08T00:37:13+00:00,2026-09-07,daily,4,2026-09-12T12:30:00Z,90,Hickey,BRE,DEF,45,0,0,0.1,149,341,1425,1773,a,,,,,,,,1.0,1,3,61,0,0,0,0,1,0,6,4,2,4,0.00,0.02,0.02,1.46,1.0,1.0
2026-09-08T00:37:13+00:00,2026-09-07,daily,4,2026-09-12T12:30:00Z,92,Ji-soo,BRE,DEF,45,0,0,0.0,46,120,309,602,a,,,,,,,,0.0,0,0,0,0,0,0,0,0,0,0,0,0,0,0.00,0.00,0.00,0.00,0.0,0.0
2026-09-08T00:37:13+00:00,2026-09-07,daily,4,2026-09-12T12:30:00Z,93,Schuster,BRE,DEF,45,0,0,0.1,131,315,439,2993,a,,,,,,,,1.3,4,4,73,0,0,0,0,1,0,10,10,0,0,0.10,0.01,0.11,1.61,1.3,1.3
2026-09-08T00:37:13+00:00,2026-09-07,daily,4,2026-09-12T12:30:00Z,94,Schade,BRE,MID,60,0,0,4.0,13844,36050,179130,109345,a,,,,,2,,,5.0,2,15,267,3,1,0,1,2,0,23,4,5,14,0.77,0.20,0.97,3.74,5.0,5.0
2026-09-08T00:37:13+00:00,2026-09-07,daily,4,2026-09-12T12:30:00Z,95,O.Dango,BRE,MID,64,-1,-1,0.7,627,10206,12582,50739,a,,,,,,,4,1.7,1,5,140,2,0,0,1,1,0,24,8,2,14,0.07,0.38,0.45,2.18,1.7,1.7
2026-09-08T00:37:13+00:00,2026-09-07,daily,4,2026-09-12T12:30:00Z,96,Damsgaard,BRE,MID,55,0,0,0.5,2445,1787,8696,16998,a,,,,,,3,2,4.0,8,12,167,2,0,1,1,1,0,17,3,3,11,0.03,0.45,0.48,1.86,4.0,4.0
2026-09-08T00:37:13+00:00,2026-09-07,daily,4,2026-09-12T12:30:00Z,97,Jensen,BRE,MID,55,0,0,0.1,17,2189,4444,10435,i,Unspecified injury - Expected back 18 Sep,2026-08-30T12:30:08.176795Z,0,0,3,2,1,2.0,0,6,66,1,0,1,1,0,0,5,0,2,3,0.08,0.34,0.42,0.47,0.0,0.0
2026-09-08T00:37:13+00:00,2026-09-07,daily,4,2026-09-12T12:30:00Z,98,Janelt,BRE,MID,50,0,0,1.4,66126,11277,129490,29152,a,,,,,,,3,7.0,11,21,270,3,2,0,1,2,0,35,14,11,10,0.50,0.32,0.82,3.74,7.0,7.0
2026-09-08T00:37:13+00:00,2026-09-07,daily,4,2026-09-12T12:30:00Z,99,Milambo,BRE,MID,50,0,0,0.0,12,20,74,107,i,Knee injury - Unknown return date,2026-07-23T12:01:23.384798Z,0,0,,,,0.0,0,0,0,0,0,0,0,0,0,0,0,0,0,0.00,0.00,0.00,0.00,0.0,0.0
2026-09-08T00:37:13+00:00,2026-09-07,daily,4,2026-09-12T12:30:00Z,100,Carvalho,BRE,MID,50,0,0,0.0,206,188,904,792,a,,2026-08-18T13:58:17.442072Z,100,100,,,,0.0,0,0,0,0,0,0,0,0,0,0,0,0,0,0.00,0.00,0.00,0.00,0.0,0.0
2026-09-08T00:37:13+00:00,2026-09-07,daily,4,2026-09-12T12:30:00Z,102,Yarmoliuk,BRE,MID,49,0,-1,0.8,418,7174,2239,39659,a,,,,,,,,0.7,0,2,89,0,0,0,0,2,0,11,2,3,6,0.07,0.03,0.10,2.78,0.7,0.7
2026-09-08T00:37:13+00:00,2026-09-07,daily,4,2026-09-12T12:30:00Z,103,Dasilva,BRE,MID,50,0,0,0.0,16,344,360,1246,i,Hamstring injury - Expected back 10 Oct,2026-09-04T13:30:08.371955Z,0,0,,,,0.0,0,0,0,0,0,0,0,0,0,0,0,0,0,0.00,0.00,0.00,0.00,0.0,0.0
2026-09-08T00:37:13+00:00,2026-09-07,daily,4,2026-09-12T12:30:00Z,105,Anthony,BRE,MID,60,0,0,0.1,345,1195,3947,6937,a,,,,,,,,1.3,1,4,128,1,0,0,1,1,0,13,0,2,11,0.19,0.42,0.61,1.55,1.3,1.3
2026-09-08T00:37:13+00:00,2026-09-07,daily,4,2026-09-12T12:30:00Z,106,Thiago,BRE,FWD,79,-1,-1,12.2,10464,152808,174294,606763,a,,,,,1,,,1.3,2,4,262,3,0,0,1,2,0,15,4,2,9,2.30,0.10,2.40,3.67,1.3,1.3
2026-09-08T00:37:13+00:00,2026-09-07,daily,4,2026-09-12T12:30:00Z,107,Furo,BRE,FWD,45,0,0,1.1,10134,6720,45605,28948,a,,,,,,,,0.0,0,0,0,0,0,0,0,0,0,0,0,0,0,0.00,0.00,0.00,0.00,0.0,0.0
2026-09-08T00:37:13+00:00,2026-09-07,daily,4,2026-09-12T12:30:00Z,108,Wilson,BRE,FWD,55,0,0,0.4,1473,2924,11384,15016,a,,,,,,,,1.0,1,3,13,0,0,0,0,0,0,2,1,0,1,0.07,0.04,0.11,0.15,1.0,1.0
2026-09-08T00:37:13+00:00,2026-09-07,daily,4,2026-09-12T12:30:00Z,565,M.Sangaré,BRE,MID,57,0,2,14.3,64433,137708,1147663,291120,a,,,,,,,,6.0,0,18,210,3,0,2,1,1,0,32,10,7,15,0.41,0.37,0.78,2.28,6.0,6.0
2026-09-08T00:37:13+00:00,2026-09-07,daily,4,2026-09-12T12:30:00Z,620,Diouf,BRE,DEF,45,0,0,0.1,887,1108,11029,4127,a,,,,,,,,0.0,0,0,0,0,0,0,0,0,0,0,0,0,0,0.00,0.00,0.00,0.00,0.0,0.0
2026-09-08T00:37:13+00:00,2026-09-07,daily,4,2026-09-12T12:30:00Z,109,Verbruggen,BHA,GKP,45,0,0,22.1,90485,72296,446189,274674,a,,,,,,,,3.0,3,9,270,3,0,0,1,5,4,0,0,0,23,0.00,0.20,0.20,5.71,3.0,3.0
2026-09-08T00:37:13+00:00,2026-09-07,daily,4,2026-09-12T12:30:00Z,111,Steele,BHA,GKP,40,0,0,4.3,20830,13501,93637,61804,a,,,,,,,,0.0,0,0,0,0,0,0,0,0,0,0,0,0,0,0.00,0.00,0.00,0.00,0.0,0.0
2026-09-08T00:37:13+00:00,2026-09-07,daily,4,2026-09-12T12:30:00Z,113,F.Kadıoğlu,BHA,DEF,44,0,-1,1.9,2749,11015,18053,95052,a,,2026-08-23T13:00:07.595211Z,100,100,,,3,0.7,2,2,167,2,0,0,0,5,0,5,4,1,4,0.08,0.02,0.10,5.33,0.7,0.7
2026-09-08T00:37:13+00:00,2026-09-07,daily,4,2026-09-12T12:30:00Z,114,Boscagli,BHA,DEF,45,0,0,0.3,917,1199,11313,6753,a,,,,,,,,2.3,2,7,270,3,0,0,1,5,0,13,12,1,10,0.05,0.48,0.53,5.71,2.3,2.3
2026-09-08T00:37:13+00:00,2026-09-07,daily,4,2026-09-12T12:30:00Z,115,De Cuyper,BHA,DEF,48,1,3,19.4,248891,47143,1615730,178111,a,,,,,,4,2,7.0,4,21,243,3,1,2,1,5,0,8,4,4,10,1.50,0.40,1.90,5.62,7.0,7.0
2026-09-08T00:37:13+00:00,2026-09-07,daily,4,2026-09-12T12:30:00Z,116,Dunk,BHA,DEF,45,0,0,1.3,6904,3635,40573,22703,a,,,,,,3,,3.3,5,10,270,3,0,0,1,5,0,17,15,2,11,0.00,0.06,0.06,5.71,3.3,3.3
2026-09-08T00:37:13+00:00,2026-09-07,daily,4,2026-09-12T12:30:00Z,117,Coppola,BHA,DEF,45,0,0,0.0,75,119,527,639,a,,,,,,,,0.0,0,0,0,0,0,0,0,0,0,0,0,0,0,0.00,0.00,0.00,0.00,0.0,0.0
2026-09-08T00:37:13+00:00,2026-09-07,daily,4,2026-09-12T12:30:00Z,118,Igor,BHA,DEF,45,0,0,0.1,0,1172,915,3942,u,Has joined Burnley permanently,2026-09-02T15:38:15.529699Z,0,0,,,,0.0,0,0,0,0,0,0,0,0,0,0,0,0,0,0.00,0.00,0.00,0.00,0.0,0.0
2026-09-08T00:37:13+00:00,2026-09-07,daily,4,2026-09-12T12:30:00Z,119,Costinha,BHA,DEF,45,0,0,0.0,93,138,778,836,a,,,,,,,,0.7,1,2,48,0,0,0,0,0,0,5,4,1,0,0.12,0.16,0.28,0.24,0.7,0.7
2026-09-08T00:37:13+00:00,2026-09-07,daily,4,2026-09-12T12:30:00Z,120,Svoboda,BHA,DEF,50,0,0,0.1,398,479,2029,2150,a,,,,,,,,0.0,0,0,0,0,0,0,0,0,0,0,0,0,0,0.00,0.00,0.00,0.00,0.0,0.0
2026-09-08T00:37:13+00:00,2026-09-07,daily,4,2026-09-12T12:30:00Z,121,Mitoma,BHA,MID,59,-1,-1,0.0,38,265,327,2453,i,Hamstring injury - Unknown return date,2026-07-24T18:30:10.661894Z,0,0,,,,0.0,0,0,0,0,0,0,0,0,0,0,0,0,0,0.00,0.00,0.00,0.00,0.0,0.0
2026-09-08T00:37:13+00:00,2026-09-07,daily,4,2026-09-12T12:30:00Z,122,Minteh,BHA,MID,59,0,-1,0.0,20,420,247,5867,i,Leg injury - Expected back 28 Nov,2026-08-14T18:00:06.418033Z,0,0,,,5,0.0,0,0,0,0,0,0,0,0,0,0,0,0,0,0.00,0.00,0.00,0.00,0.0,0.0
2026-09-08T00:37:13+00:00,2026-09-07,daily,4,2026-09-12T12:30:00Z,123,Hinshelwood,BHA,MID,60,0,0,1.1,663,21837,147114,158617,d,Unspecified injury - 50% chance of playing,2026-08-27T19:30:07.780933Z,50,50,,,,5.3,0,16,63,1,2,0,1,0,0,3,0,2,1,1.41,0.02,1.43,0.19,2.6,2.6
2026-09-08T00:37:13+00:00,2026-09-07,daily,4,2026-09-12T12:30:00Z,124,Groß,BHA,MID,55,0,0,16.2,123063,73370,595557,286447,a,,,,,1,1,1,5.3,1,16,270,3,1,1,1,5,0,15,4,4,7,0.84,0.42,1.26,5.71,5.3,5.3
2026-09-08T00:37:13+00:00,2026-09-07,daily,4,2026-09-12T12:30:00Z,125,Georginio,BHA,FWD,55,0,0,0.7,530,8629,28963,50112,d,Unspecified injury - 75% chance of playing,2026-08-26T16:00:07.608056Z,75,75,,,,1.7,0,5,90,1,0,1,1,0,0,7,1,2,4,0.08,0.44,0.52,0.29,1.3,1.3
2026-09-08T00:37:13+00:00,2026-09-07,daily,4,2026-09-12T12:30:00Z,126,O'Riley,BHA,MID,55,0,0,0.1,470,714,2166,4015,a,,,,,3,,,0.0,0,0,0,0,0,0,0,0,0,0,0,0,0,0.00,0.00,0.00,0.00,0.0,0.0
2026-09-08T00:37:13+00:00,2026-09-07,daily,4,2026-09-12T12:30:00Z,127,Gomez,BHA,MID,50,0,0,4.9,40270,38555,241723,115539,a,,,,,,5,,4.3,2,13,265,3,0,2,1,5,0,20,5,8,7,0.65,0.70,1.35,5.71,4.3,4.3
2026-09-08T00:37:13+00:00,2026-09-07,daily,4,2026-09-12T12:30:00Z,128,Buonanotte,BHA,MID,50,0,0,0.0,0,24,0,291,u,Has joined Elche on loan for the rest of the season,2026-08-10T14:03:07.561436Z,0,0,,,,0.0,0,0,0,0,0,0,0,0,0,0,0,0,0,0.00,0.00,0.00,0.00,0.0,0.0
2026-09-08T00:37:13+00:00,2026-09-07,daily,4,2026-09-12T12:30:00Z,129,Ayari,BHA,MID,54,0,-1,0.4,867,3028,5644,31974,a,,2026-08-30T18:00:07.935334Z,75,100,,2,4,1.3,2,4,153,2,0,0,1,1,0,7,2,0,5,0.28,0.07,0.35,2.68,1.0,1.3
2026-09-08T00:37:13+00:00,2026-09-07,daily,4,2026-09-12T12:30:00Z,130,Wieffer,BHA,DEF,50,0,0,0.3,44,11008,25834,26900,i,Knee injury - Unknown return date,2026-09-04T09:30:08.612904Z,0,0,,,,2.3,0,7,156,2,0,0,1,4,0,15,11,4,9,0.12,0.13,0.25,3.18,0.0,0.0
2026-09-08T00:37:13+00:00,2026-09-07,daily,4,2026-09-12T12:30:00Z,132,Howell,BHA,MID,45,0,0,0.0,0,312,0,2820,u,Has joined Leicester City on loan for the rest of the season,2026-08-17T13:53:19.019938Z,0,0,,,,0.0,0,0,0,0,0,0,0,0,0,0,0,0,0,0.00,0.00,0.00,0.00,0.0,0.0
2026-09-08T00:37:13+00:00,2026-09-07,daily,4,2026-09-12T12:30:00Z,133,Watson,BHA,MID,50,0,0,0.0,0,13,0,115,u,Has joined Leicester City on loan for the rest of the season,2026-08-03T14:05:44.459483Z,0,0,,,,0.0,0,0,0,0,0,0,0,0,0,0,0,0,0,0.00,0.00,0.00,0.00,0.0,0.0
2026-09-08T00:37:13+00:00,2026-09-07,daily,4,2026-09-12T12:30:00Z,134,Oriola,BHA,MID,45,0,0,0.3,1162,1524,6482,8063,a,,,,,,,,0.0,0,0,0,0,0,0,0,0,0,0,0,0,0,0.00,0.00,0.00,0.00,0.0,0.0
2026-09-08T00:37:13+00:00,2026-09-07,daily,4,2026-09-12T12:30:00Z,135,Yohanna,BHA,MID,49,-1,-1,0.1,238,514,1128,2972,a,,,,,,,,0.3,0,1,12,0,0,0,0,0,0,0,0,0,0,0.00,0.03,0.03,0.00,0.3,0.3
2026-09-08T00:37:13+00:00,2026-09-07,daily,4,2026-09-12T12:30:00Z,137,Tzimas,BHA,FWD,55,0,0,0.0,39,68,203,530,i,Knee injury - Unknown return date,2026-07-23T12:01:23.432796Z,0,0,,,,0.0,0,0,0,0,0,0,0,0,0,0,0,0,0,0.00,0.00,0.00,0.00,0.0,0.0
2026-09-08T00:37:13+00:00,2026-09-07,daily,4,2026-09-12T12:30:00Z,138,Kostoulas,BHA,FWD,55,0,0,0.5,6746,3074,37863,11343,a,,,,,,,,2.7,2,8,195,2,0,1,0,5,0,16,3,2,11,0.78,0.04,0.82,5.48,2.7,2.7
2026-09-08T00:37:13+00:00,2026-09-07,daily,4,2026-09-12T12:30:00Z,139,Ferguson,BHA,FWD,50,0,0,0.0,217,285,1080,1626,i,Ankle injury - Expected back 10 Oct,2026-07-23T12:01:23.448357Z,0,0,,,,0.0,0,0,0,0,0,0,0,0,0,0,0,0,0,0.00,0.00,0.00,0.00,0.0,0.0
2026-09-08T00:37:13+00:00,2026-09-07,daily,4,2026-09-12T12:30:00Z,328,Struijk,BHA,DEF,50,0,0,0.2,623,1142,3587,7372,a,,2026-08-15T20:30:07.523574Z,100,100,,,,0.3,1,1,1,0,0,0,0,0,0,0,0,0,0,0.00,0.00,0.00,0.00,0.3,0.3
2026-09-08T00:37:13+00:00,2026-09-07,daily,4,2026-09-12T12:30:00Z,504,Vuskovic,BHA,DEF,50,0,0,2.8,45182,12151,89211,57076,a,,,,,,,,6.0,12,18,270,3,1,0,1,5,0,22,19,3,9,0.35,0.06,0.41,5.71,6.0,6.0
2026-09-08T00:37:13+00:00,2026-09-07,daily,4,2026-09-12T12:30:00Z,594,David,BHA,FWD,60,0,0,0.2,1443,2507,8406,12370,a,,,,,2,,,0.3,0,1,23,0,0,0,0,0,0,0,0,0,0,0.42,0.00,0.42,0.14,0.3,0.3
2026-09-08T00:37:13+00:00,2026-09-07,daily,4,2026-09-12T12:30:00Z,600,Osman,BHA,MID,50,0,0,0.0,87,151,617,576,a,,,,,,,,0.7,0,2,28,0,0,0,0,1,0,3,0,1,2,0.00,0.06,0.06,0.10,0.7,0.7
2026-09-08T00:37:13+00:00,2026-09-07,daily,4,2026-09-12T12:30:00Z,605,Yalcouyé,BHA,MID,45,0,0,2.7,80323,20937,293075,55522,a,,,,,,,,3.7,2,11,167,2,1,0,0,4,0,12,4,3,5,0.75,0.26,1.01,5.32,3.7,3.7
2026-09-08T00:37:13+00:00,2026-09-07,daily,4,2026-09-12T12:30:00Z,614,Hadjam,BHA,DEF,45,0,0,0.0,224,343,3025,882,a,,,,,,,,0.0,0,0,0,0,0,0,0,0,0,0,0,0,0,0.00,0.00,0.00,0.00,0.0,0.0
2026-09-08T00:37:13+00:00,2026-09-07,daily,4,2026-09-12T12:30:00Z,624,Cozier-Duberry,BHA,MID,50,0,0,0.0,0,26,117,82,u,Has joined Middlesbrough on loan for the rest of the season,2026-09-02T15:38:15.552951Z,0,0,,,,0.0,0,0,0,0,0,0,0,0,0,0,0,0,0,0.00,0.00,0.00,0.00,0.0,0.0
2026-09-08T00:37:13+00:00,2026-09-07,daily,4,2026-09-12T12:30:00Z,639,Andrés,BHA,MID,55,0,0,0.0,310,88,571,130,a,,,,,,,,0.0,0,0,0,0,0,0,0,0,0,0,0,0,0,0.00,0.00,0.00,0.00,2.0,2.0
2026-09-08T00:37:13+00:00,2026-09-07,daily,4,2026-09-12T12:30:00Z,652,Azeez,BHA,MID,55,0,0,0.0,80,26,328,60,i,Unspecified injury - Expected back 13 Sep,2026-09-04T11:30:08.661589Z,0,0,,,,0.0,0,0,0,0,0,0,0,0,0,0,0,0,0,0.00,0.00,0.00,0.00,0.0,0.0
2026-09-08T00:37:13+00:00,2026-09-07,daily,4,2026-09-12T12:30:00Z,28,Martinez,CHE,GKP,50,0,0,4.9,54436,21171,152200,141348,a,,,,,,,,1.7,3,5,180,2,0,0,0,5,12,0,1,0,21,0.00,0.01,0.01,3.46,1.7,1.7
2026-09-08T00:37:13+00:00,2026-09-07,daily,4,2026-09-12T12:30:00Z,40,Rogers,CHE,MID,76,1,1,27.9,377908,55026,841309,448759,a,,,,,,,4,6.3,6,19,257,3,2,1,0,7,0,17,1,3,13,1.18,1.14,2.32,4.70,6.3,6.3
2026-09-08T00:37:13+00:00,2026-09-07,daily,4,2026-09-12T12:30:00Z,101,Henderson,CHE,MID,50,0,0,0.0,75,290,498,1747,d,Wrist injury - 75% chance of playing,2026-08-09T09:30:07.136250Z,75,75,,,,0.0,0,0,0,0,0,0,0,0,0,0,0,0,0,0.00,0.00,0.00,0.00,0.0,0.0
2026-09-08T00:37:13+00:00,2026-09-07,daily,4,2026-09-12T12:30:00Z,136,Welbeck,CHE,FWD,59,0,-1,0.8,3030,6731,14039,53532,a,,2026-08-20T14:00:07.949090Z,100,100,,,,0.3,1,1,3,0,0,0,0,0,0,0,0,0,0,0.00,0.00,0.00,0.00,0.3,0.3
2026-09-08T00:37:13+00:00,2026-09-07,daily,4,2026-09-12T12:30:00Z,140,Sánchez,CHE,GKP,49,0,-1,1.1,0,24827,10847,136380,u,Has joined Como on loan for the rest of the season,2026-09-02T16:20:41.841936Z,0,0,,,,0.7,0,2,90,1,0,0,0,2,4,0,1,0,5,0.00,0.01,0.01,1.33,0.0,0.0
2026-09-08T00:37:13+00:00,2026-09-07,daily,4,2026-09-12T12:30:00Z,141,Jörgensen,CHE,GKP,50,0,0,0.0,0,67,0,838,u,Has joined RC Strasbourg on loan for the rest of the season,2026-08-12T14:07:02.607115Z,0,0,,,,0.0,0,0,0,0,0,0,0,0,0,0,0,0,0,0.00,0.00,0.00,0.00,0.0,0.0
2026-09-08T00:37:13+00:00,2026-09-07,daily,4,2026-09-12T12:30:00Z,142,James,CHE,DEF,54,-1,-1,7.9,22622,42305,112186,334785,a,,,,,,1,1,0.7,1,2,202,2,0,0,0,5,0,9,9,0,11,0.17,0.12,0.29,3.52,0.7,0.7
2026-09-08T00:37:13+00:00,2026-09-07,daily,4,2026-09-12T12:30:00Z,143,Chalobah,CHE,DEF,55,0,0,0.1,0,783,0,12370,u,Has joined Como permanently,2026-08-10T14:03:50.769483Z,0,0,,,,0.0,0,0,0,0,0,0,0,0,0,0,0,0,0,0.00,0.00,0.00,0.00,0.0,0.0
2026-09-08T00:37:13+00:00,2026-09-07,daily,4,2026-09-12T12:30:00Z,144,Gusto,CHE,DEF,50,0,0,1.1,3905,7013,27156,39481,a,,,,,,,,1.0,1,3,195,2,0,0,0,5,0,10,6,4,9,0.04,0.05,0.09,2.66,1.0,1.0
2026-09-08T00:37:13+00:00,2026-09-07,daily,4,2026-09-12T12:30:00Z,145,Fofana,CHE,DEF,50,0,0,0.1,3789,808,7181,2297,a,,2026-07-23T12:01:23.464591Z,100,100,,,,1.0,3,3,157,2,0,0,0,4,0,26,23,3,3,0.00,0.05,0.05,3.31,1.0,1.0
2026-09-08T00:37:13+00:00,2026-09-07,daily,4,2026-09-12T12:30:00Z,146,B.Badiashile,CHE,DEF,45,0,0,0.0,0,149,232,1668,u,Has joined Napoli on loan for the rest of the season,2026-08-25T14:03:47.079414Z,0,0,,,,0.0,0,0,0,0,0,0,0,0,0,0,0,0,0,0.00,0.00,0.00,0.00,0.0,0.0
2026-09-08T00:37:13+00:00,2026-09-07,daily,4,2026-09-12T12:30:00Z,148,Hato,CHE,DEF,45,0,0,0.8,23071,5917,49945,20828,a,,,,,,,,2.7,3,8,213,3,0,2,0,7,0,15,9,6,7,0.01,0.11,0.12,4.37,2.7,2.7
2026-09-08T00:37:13+00:00,2026-09-07,daily,4,2026-09-12T12:30:00Z,149,Colwill,CHE,DEF,49,-1,-1,1.2,2817,10460,21108,61837,a,,,,,,,,0.3,0,1,161,2,0,0,0,4,0,13,10,3,5,0.01,0.03,0.04,2.64,0.3,0.3
2026-09-08T00:37:13+00:00,2026-09-07,daily,4,2026-09-12T12:30:00Z,150,M.Sarr,CHE,DEF,45,0,0,0.0,0,584,429,4882,u,Has joined Real Sociedad on loan for the rest of the season,2026-08-29T00:34:23.077418Z,0,0,,,,0.0,0,0,0,0,0,0,0,0,0,0,0,0,0,0.00,0.00,0.00,0.00,0.0,0.0
2026-09-08T00:37:13+00:00,2026-09-07,daily,4,2026-09-12T12:30:00Z,151,Acheampong,CHE,DEF,45,0,0,0.4,2389,1982,15246,11897,a,,,,,,,,1.7,1,5,202,2,0,0,0,5,0,19,13,6,7,0.00,0.02,0.02,3.52,1.7,1.7
2026-09-08T00:37:13+00:00,2026-09-07,daily,4,2026-09-12T12:30:00Z,152,Palestra,CHE,DEF,54,0,-1,1.1,319,15199,6100,165139,d,Unspecified injury - 75% chance of playing,2026-08-24T18:30:07.421239Z,75,75,,,,0.0,0,0,0,0,0,0,0,0,0,0,0,0,0,0.00,0.00,0.00,0.00,0.0,0.0
2026-09-08T00:37:13+00:00,2026-09-07,daily,4,2026-09-12T12:30:00Z,154,Palmer,CHE,MID,96,0,1,21.6,291761,54202,1056535,278962,a,,2026-08-24T22:00:07.971542Z,100,100,1,3,,7.0,1,21,262,3,2,1,0,7,0,20,2,4,14,1.05,0.36,1.41,4.70,7.0,7.0
2026-09-08T00:37:13+00:00,2026-09-07,daily,4,2026-09-12T12:30:00Z,156,Neto,CHE,MID,65,0,0,1.3,11475,7308,38988,50249,a,,,,,,4,2,3.3,2,10,161,2,1,0,0,4,0,15,5,2,8,0.47,0.43,0.90,3.53,3.3,3.3
2026-09-08T00:37:13+00:00,2026-09-07,daily,4,2026-09-12T12:30:00Z,157,Estêvão,CHE,MID,64,0,-1,0.8,2005,7321,11055,65857,a,,,,,3,,5,0.7,1,2,16,0,0,0,0,0,0,1,0,0,1,0.04,0.00,0.04,0.09,0.7,0.7
2026-09-08T00:37:13+00:00,2026-09-07,daily,4,2026-09-12T12:30:00Z,158,Gittens,CHE,MID,59,0,-1,0.0,135,263,666,2011,a,,,,,,,,0.0,0,0,0,0,0,0,0,0,0,0,0,0,0,0.00,0.00,0.00,0.00,0.0,0.0
2026-09-08T00:37:13+00:00,2026-09-07,daily,4,2026-09-12T12:30:00Z,159,Caicedo,CHE,MID,54,0,-1,1.7,977,22376,13689,212850,d,Unspecified injury - 75% chance of playing,2026-08-30T16:00:08.393562Z,75,75,,,,0.3,0,1,13,0,0,0,0,0,0,0,0,0,0,0.00,0.00,0.00,0.07,0.2,0.2
2026-09-08T00:37:13+00:00,2026-09-07,daily,4,2026-09-12T12:30:00Z,161,Lavia,CHE,MID,50,0,0,0.2,3991,1861,18888,6538,a,,,,,,,,3.0,1,9,190,3,1,0,0,6,0,22,7,5,10,0.75,0.04,0.79,4.22,3.0,3.0
2026-09-08T00:37:13+00:00,2026-09-07,daily,4,2026-09-12T12:30:00Z,163,D.Essugo,CHE,MID,45,0,0,0.1,0,2411,2698,9891,u,Has joined RC Strasbourg on loan for the rest of the season,2026-09-02T16:20:41.865225Z,0,0,,,,0.0,0,0,0,0,0,0,0,0,0,0,0,0,0,0.00,0.00,0.00,0.00,0.0,0.0
2026-09-08T00:37:13+00:00,2026-09-07,daily,4,2026-09-12T12:30:00Z,164,Quenda,CHE,MID,54,0,-1,0.0,101,316,624,2332,a,,2026-07-24T20:30:10.609931Z,100,100,,,,0.3,0,1,8,0,0,0,0,0,0,1,1,0,0,0.00,0.00,0.00,0.09,0.3,0.3
2026-09-08T00:37:13+00:00,2026-09-07,daily,4,2026-09-12T12:30:00Z,165,João Pedro,CHE,FWD,77,0,2,72.2,174721,55140,1026437,274076,a,,,,,,,,7.0,1,21,270,3,2,2,0,7,0,7,1,1,5,1.88,0.15,2.03,4.79,7.0,7.0
2026-09-08T00:37:13+00:00,2026-09-07,daily,4,2026-09-12T12:30:00Z,168,Marc Guiu,CHE,FWD,50,0,0,0.3,0,4992,4102,23925,u,Has joined RB Leipzig permanently,2026-09-01T13:24:48.857362Z,0,0,,,,0.0,0,0,0,0,0,0,0,0,0,0,0,0,0,0.00,0.00,0.00,0.00,0.0,0.0
2026-09-08T00:37:13+00:00,2026-09-07,daily,4,2026-09-12T12:30:00Z,169,Mheuka,CHE,FWD,45,0,0,0.4,4077,2849,15445,13016,a,,,,,,,,0.0,0,0,0,0,0,0,0,0,0,0,0,0,0,0.00,0.00,0.00,0.00,0.0,0.0
2026-09-08T00:37:13+00:00,2026-09-07,daily,4,2026-09-12T12:30:00Z,170,Emegha,CHE,FWD,50,0,0,0.2,1435,1368,5594,6950,a,,2026-07-24T20:30:10.622380Z,100,100,,,,0.0,0,0,0,0,0,0,0,0,0,0,0,0,0,0.00,0.00,0.00,0.00,0.0,0.0
2026-09-08T00:37:13+00:00,2026-09-07,daily,4,2026-09-12T12:30:00Z,200,Lacroix,CHE,DEF,60,0,0,8.2,25906,36133,122307,231150,a,,,,,,,,3.0,2,9,270,3,0,1,0,7,0,32,24,8,5,0.02,0.21,0.23,4.79,3.0,3.0
2026-09-08T00:37:13+00:00,2026-09-07,daily,4,2026-09-12T12:30:00Z,560,Penders,CHE,GKP,45,0,0,0.1,126,352,884,2249,a,,,,,,,,0.0,0,0,0,0,0,0,0,0,0,0,0,0,0,0.00,0.00,0.00,0.00,0.0,0.0
2026-09-08T00:37:13+00:00,2026-09-07,daily,4,2026-09-12T12:30:00Z,561,Anselmino,CHE,DEF,45,0,0,0.0,114,101,461,821,a,,2026-08-23T19:00:08.536705Z,100,100,,,,0.0,0,0,0,0,0,0,0,0,0,0,0,0,0,0.00,0.00,0.00,0.00,0.0,0.0
2026-09-08T00:37:13+00:00,2026-09-07,daily,4,2026-09-12T12:30:00Z,568,Barco,CHE,MID,55,0,0,0.1,340,729,1923,4463,a,,,,,,,,0.3,0,1,8,0,0,0,0,1,0,1,1,0,0,0.04,0.00,0.04,0.07,0.3,0.3
2026-09-08T00:37:13+00:00,2026-09-07,daily,4,2026-09-12T12:30:00Z,583,Chavarria,CHE,DEF,49,-1,-1,0.2,286,996,2031,7631,a,,,,,,,,1.0,1,3,73,0,0,0,0,1,0,6,4,2,3,0.00,0.02,0.02,0.51,1.0,1.0
2026-09-08T00:37:13+00:00,2026-09-07,daily,4,2026-09-12T12:30:00Z,91,Pinnock,COV,DEF,45,0,0,0.1,299,320,1378,2607,a,,,,,,,,1.3,3,4,102,1,0,0,0,2,0,15,14,1,2,0.11,0.00,0.11,2.66,1.3,1.3
2026-09-08T00:37:13+00:00,2026-09-07,daily,4,2026-09-12T12:30:00Z,104,Onyeka,COV,MID,49,-1,-1,0.1,233,694,3068,6499,a,,,,,,,,1.3,2,4,152,2,0,0,0,4,0,12,3,2,7,0.00,0.01,0.01,3.05,1.3,1.3
2026-09-08T00:37:13+00:00,2026-09-07,daily,4,2026-09-12T12:30:00Z,110,Rushworth,COV,GKP,45,0,0,1.0,2142,7298,17011,30923,a,,,,,,,,1.7,2,5,270,3,0,0,0,5,5,0,3,0,29,0.00,0.01,0.01,4.72,1.7,1.7
2026-09-08T00:37:13+00:00,2026-09-07,daily,4,2026-09-12T12:30:00Z,171,Dovin,COV,GKP,40,0,0,1.3,0,9304,8924,34010,u,Has joined Leyton Orient on loan for the rest of the season,2026-09-02T15:44:14.839336Z,0,0,,,,0.0,0,0,0,0,0,0,0,0,0,0,0,0,0,0.00,0.00,0.00,0.00,0.0,0.0
2026-09-08T00:37:13+00:00,2026-09-07,daily,4,2026-09-12T12:30:00Z,172,Wilson,COV,GKP,45,0,0,0.4,123,1024,615,8671,a,,,,,,,,0.0,0,0,0,0,0,0,0,0,0,0,0,0,0,0.00,0.00,0.00,0.00,0.0,0.0
2026-09-08T00:37:13+00:00,2026-09-07,daily,4,2026-09-12T12:30:00Z,173,Thomas,COV,DEF,40,0,0,8.7,51814,33495,204033,127052,a,,,,,,,,5.0,4,15,257,3,0,0,1,4,0,31,29,2,11,0.24,0.19,0.43,4.18,5.0,5.0
2026-09-08T00:37:13+00:00,2026-09-07,daily,4,2026-09-12T12:30:00Z,174,Kitching,COV,DEF,40,0,0,0.5,0,5398,981,20621,u,Has joined Sheffield United on loan for the rest of the season,2026-09-02T16:21:03.612394Z,0,0,,,,0.0,0,0,0,0,0,0,0,0,0,0,0,0,0,0.00,0.00,0.00,0.00,0.0,0.0
2026-09-08T00:37:13+00:00,2026-09-07,daily,4,2026-09-12T12:30:00Z,175,van Ewijk,COV,DEF,40,0,0,11.2,14510,61447,90673,233272,a,,,,,,,,2.0,3,6,270,3,0,0,0,5,0,20,15,5,10,0.00,0.26,0.26,4.72,2.0,2.0
2026-09-08T00:37:13+00:00,2026-09-07,daily,4,2026-09-12T12:30:00Z,176,Dasilva,COV,DEF,40,0,0,0.7,883,1958,6771,13198,a,,,,,,,,1.7,2,5,264,3,0,0,0,5,0,16,12,4,7,0.18,0.15,0.33,4.72,1.7,1.7
2026-09-08T00:37:13+00:00,2026-09-07,daily,4,2026-09-12T12:30:00Z,177,Kesler-Hayden,COV,DEF,40,0,0,0.0,61,313,360,2325,i,Hamstring injury - Unknown return date,2026-08-27T14:56:28.704361Z,0,0,,,,0.0,0,0,0,0,0,0,0,0,0,0,0,0,0,0.00,0.00,0.00,0.00,0.0,0.0
2026-09-08T00:37:13+00:00,2026-09-07,daily,4,2026-09-12T12:30:00Z,178,Bidwell,COV,DEF,40,0,0,0.1,329,380,1498,2102,a,,,,,,,,0.0,0,0,0,0,0,0,0,0,0,0,0,0,0,0.00,0.00,0.00,0.00,0.0,0.0
2026-09-08T00:37:13+00:00,2026-09-07,daily,4,2026-09-12T12:30:00Z,179,Latibeaudiere,COV,DEF,40,0,0,0.0,129,159,608,1059,a,,,,,,,,0.0,0,0,0,0,0,0,0,0,0,0,0,0,0,0.00,0.00,0.00,0.00,0.0,0.0
2026-09-08T00:37:13+00:00,2026-09-07,daily,4,2026-09-12T12:30:00Z,180,Woolfenden,COV,DEF,40,0,0,0.1,185,938,1790,6347,i,Knee injury - Unknown return date,2026-08-27T14:56:28.718566Z,0,0,,,,0.0,0,0,0,0,0,0,0,0,0,0,0,0,0,0.00,0.00,0.00,0.00,0.0,0.0
2026-09-08T00:37:13+00:00,2026-09-07,daily,4,2026-09-12T12:30:00Z,181,Brau,COV,DEF,40,0,0,0.0,0,212,275,1525,u,Has joined Academico de Viseu on loan for the rest of the season,2026-08-29T00:35:59.980316Z,0,0,,,,0.0,0,0,0,0,0,0,0,0,0,0,0,0,0,0.00,0.00,0.00,0.00,0.0,0.0
2026-09-08T00:37:13+00:00,2026-09-07,daily,4,2026-09-12T12:30:00Z,182,Amenda,COV,DEF,40,0,0,0.8,1623,2648,8075,15236,a,,,,,,,,1.3,2,4,270,3,0,0,0,5,0,16,15,1,11,0.02,0.39,0.41,4.72,1.3,1.3
2026-09-08T00:37:13+00:00,2026-09-07,daily,4,2026-09-12T12:30:00Z,183,Rudoni,COV,MID,50,0,0,0.1,414,787,2370,4655,a,,2026-07-23T12:01:23.481435Z,100,100,,1,4,2.0,2,6,152,2,0,0,1,1,0,16,3,3,10,0.50,0.18,0.68,1.48,2.0,2.0
2026-09-08T00:37:13+00:00,2026-09-07,daily,4,2026-09-12T12:30:00Z,184,Grimes,COV,MID,50,0,0,0.2,258,1127,3029,6667,a,,,,,3,,1,2.0,2,6,270,3,0,0,0,5,0,25,8,5,12,0.05,0.05,0.10,4.72,2.0,2.0
2026-09-08T00:37:13+00:00,2026-09-07,daily,4,2026-09-12T12:30:00Z,185,Sakamoto,COV,MID,49,0,-1,0.1,119,539,660,3737,a,,,,,,,,0.3,0,1,31,0,0,0,0,1,0,4,0,2,2,0.02,0.02,0.04,0.69,0.3,0.3
2026-09-08T00:37:13+00:00,2026-09-07,daily,4,2026-09-12T12:30:00Z,186,Mason-Clark,COV,MID,54,0,-1,0.1,105,446,822,4112,a,,2026-08-19T18:00:08.310507Z,100,100,,,,1.0,2,3,127,2,0,0,0,1,0,9,4,0,5,0.00,0.06,0.06,1.19,1.0,1.0
2026-09-08T00:37:13+00:00,2026-09-07,daily,4,2026-09-12T12:30:00Z,187,Eccles,COV,MID,49,0,-1,0.0,47,125,550,828,a,,,,,,,,0.0,0,0,0,0,0,0,0,0,0,0,0,0,0,0.00,0.00,0.00,0.00,0.0,0.0
2026-09-08T00:37:13+00:00,2026-09-07,daily,4,2026-09-12T12:30:00Z,188,Torp,COV,MID,54,0,-1,0.1,32,692,681,5488,a,,,,,2,2,2,0.7,0,2,47,0,0,0,0,1,0,3,1,0,2,0.00,0.12,0.12,1.01,0.7,0.7
2026-09-08T00:37:13+00:00,2026-09-07,daily,4,2026-09-12T12:30:00Z,189,Shepherd,COV,MID,45,0,0,0.3,688,1321,3398,8231,a,,,,,,,,0.0,0,0,0,0,0,0,0,0,0,0,0,0,0,0.00,0.00,0.00,0.00,0.0,0.0
2026-09-08T00:37:13+00:00,2026-09-07,daily,4,2026-09-12T12:30:00Z,190,Tchaouna,COV,MID,55,0,0,0.1,92,631,2982,5834,a,,,,,,,5,1.3,1,4,166,2,0,0,0,3,0,15,5,1,9,0.19,0.18,0.37,2.73,1.3,1.3
2026-09-08T00:37:13+00:00,2026-09-07,daily,4,2026-09-12T12:30:00Z,191,Borges Rodrigues,COV,MID,45,0,0,0.1,0,1767,1943,7328,u,Has joined Burton Albion on loan for the rest of the season,2026-09-02T15:44:14.868001Z,0,0,,,,0.0,0,0,0,0,0,0,0,0,0,0,0,0,0,0.00,0.00,0.00,0.00,0.0,0.0
2026-09-08T00:37:13+00:00,2026-09-07,daily,4,2026-09-12T12:30:00Z,192,Andrews,COV,MID,45,0,0,0.4,0,3889,2718,28848,u,Has joined Oxford United on loan for the rest of the season,2026-08-29T00:35:59.998520Z,0,0,,,,0.0,0,0,0,0,0,0,0,0,0,0,0,0,0,0.00,0.00,0.00,0.00,0.0,0.0
2026-09-08T00:37:13+00:00,2026-09-07,daily,4,2026-09-12T12:30:00Z,193,Wright,COV,FWD,54,0,-1,0.1,85,967,438,9740,i,Thigh injury - Unknown return date,2026-08-14T22:00:07.214508Z,0,0,1,,,0.0,0,0,0,0,0,0,0,0,0,0,0,0,0,0.00,0.00,0.00,0.00,0.0,0.0
2026-09-08T00:37:13+00:00,2026-09-07,daily,4,2026-09-12T12:30:00Z,194,Thomas-Asante,COV,FWD,50,0,0,0.8,5518,5678,36501,31065,a,,,,,4,,,1.3,1,4,120,1,0,0,0,4,0,11,6,0,5,0.00,0.02,0.02,3.24,1.3,1.3
2026-09-08T00:37:13+00:00,2026-09-07,daily,4,2026-09-12T12:30:00Z,195,Simms,COV,FWD,50,0,0,0.8,2704,6179,32697,37783,a,,,,,,,,1.0,1,3,88,1,0,0,0,3,0,3,1,0,2,0.30,0.01,0.31,2.55,1.0,1.0
2026-09-08T00:37:13+00:00,2026-09-07,daily,4,2026-09-12T12:30:00Z,196,Markelo,COV,FWD,50,0,0,0.0,0,65,0,951,u,Has joined Shabab Al-Ahli Dubai permanently,2026-08-17T13:53:55.791223Z,0,0,,,,0.0,0,0,0,0,0,0,0,0,0,0,0,0,0,0.00,0.00,0.00,0.00,0.0,0.0
2026-09-08T00:37:13+00:00,2026-09-07,daily,4,2026-09-12T12:30:00Z,197,Bassette,COV,FWD,45,0,0,0.0,0,212,0,1548,u,Has joined KVC Westerlo on loan for the rest of the season,2026-07-28T12:58:50.001768Z,0,0,,,,0.0,0,0,0,0,0,0,0,0,0,0,0,0,0,0.00,0.00,0.00,0.00,0.0,0.0
2026-09-08T00:37:13+00:00,2026-09-07,daily,4,2026-09-12T12:30:00Z,492,Awoniyi,COV,FWD,55,0,0,0.7,3223,4200,16719,31649,a,,,,,5,,,1.7,2,5,180,2,0,0,0,2,0,9,3,0,6,1.24,0.03,1.27,2.18,1.7,1.7
2026-09-08T00:37:13+00:00,2026-09-07,daily,4,2026-09-12T12:30:00Z,575,Yirenkyi,COV,MID,49,-1,-1,0.2,248,1509,2023,8300,a,,,,,,,,1.7,1,5,158,2,0,0,1,3,0,16,5,0,11,0.03,0.13,0.16,2.53,1.7,1.7
2026-09-08T00:37:13+00:00,2026-09-07,daily,4,2026-09-12T12:30:00Z,584,Hamer,COV,MID,54,-1,-1,0.1,81,577,620,4284,a,,,,,,,3,1.0,1,3,32,0,0,0,0,1,0,3,0,1,2,0.00,0.02,0.02,0.82,1.0,1.0
2026-09-08T00:37:13+00:00,2026-09-07,daily,4,2026-09-12T12:30:00Z,599,Cherif,COV,FWD,50,0,0,0.1,614,749,4565,4504,a,,,,,,,,0.0,0,0,0,0,0,0,0,0,0,0,0,0,0,0.00,0.00,0.00,0.00,0.0,0.0
2026-09-08T00:37:13+00:00,2026-09-07,daily,4,2026-09-12T12:30:00Z,623,Bentley,COV,GKP,40,0,0,0.3,13181,2130,33261,4957,a,,,,,,,,0.0,0,0,0,0,0,0,0,0,0,0,0,0,0,0.00,0.00,0.00,0.00,0.0,0.0
2026-09-08T00:37:13+00:00,2026-09-07,daily,4,2026-09-12T12:30:00Z,42,Guessand,CRY,MID,55,0,0,0.0,536,503,1575,2104,a,,,,,,,,0.7,0,2,54,0,0,0,0,1,0,2,1,1,0,0.03,0.03,0.06,0.34,0.7,0.7
2026-09-08T00:37:13+00:00,2026-09-07,daily,4,2026-09-12T12:30:00Z,153,Disasi,CRY,DEF,45,0,0,0.1,2188,825,4224,2681,a,,,,,,,,1.3,3,4,106,1,0,0,0,3,0,14,9,5,9,0.00,0.04,0.04,3.34,1.3,1.3
2026-09-08T00:37:13+00:00,2026-09-07,daily,4,2026-09-12T12:30:00Z,198,Henderson,CRY,GKP,50,0,0,1.9,11250,7072,32161,39181,a,,2026-08-20T14:00:08.018379Z,100,100,,,,1.7,2,5,270,3,0,0,0,8,12,0,6,0,31,0.00,0.00,0.00,6.47,1.7,1.7
2026-09-08T00:37:13+00:00,2026-09-07,daily,4,2026-09-12T12:30:00Z,199,Benitez,CRY,GKP,45,0,0,0.1,267,479,1383,3149,a,,,,,,,,0.0,0,0,0,0,0,0,0,0,0,0,0,0,0,0.00,0.00,0.00,0.00,0.0,0.0
2026-09-08T00:37:13+00:00,2026-09-07,daily,4,2026-09-12T12:30:00Z,202,Richards,CRY,DEF,50,0,0,0.7,3314,3745,13267,21370,a,,,,,,,,1.3,1,4,270,3,0,0,0,8,0,31,26,5,7,0.08,0.00,0.08,6.47,1.3,1.3
2026-09-08T00:37:13+00:00,2026-09-07,daily,4,2026-09-12T12:30:00Z,203,Canvot,CRY,DEF,49,0,-1,0.2,1028,1854,3557,11640,a,,,,,,,,0.7,1,2,270,3,0,0,0,8,0,24,17,7,6,0.05,0.01,0.06,6.47,0.7,0.7
2026-09-08T00:37:13+00:00,2026-09-07,daily,4,2026-09-12T12:30:00Z,204,Mitchell,CRY,DEF,45,0,0,5.5,92783,15312,107799,143234,a,,,,,,,,5.3,15,16,253,3,2,0,0,8,0,16,10,6,7,0.77,0.18,0.95,5.90,5.3,5.3
2026-09-08T00:37:13+00:00,2026-09-07,daily,4,2026-09-12T12:30:00Z,205,Sosa,CRY,DEF,45,0,0,0.0,0,396,236,1452,u,Has joined FC Cologne on loan for the rest of the season,2026-09-02T16:03:25.710518Z,0,0,,,,0.0,0,0,0,0,0,0,0,0,0,0,0,0,0,0.00,0.00,0.00,0.00,0.0,0.0
2026-09-08T00:37:13+00:00,2026-09-07,daily,4,2026-09-12T12:30:00Z,206,Chadi Riad,CRY,DEF,44,0,-1,0.0,23,342,536,4801,i,Knee injury - Unknown return date,2026-08-22T18:00:07.352049Z,0,0,,,,0.3,0,1,72,1,0,0,0,2,0,7,6,1,3,0.00,0.01,0.01,0.98,0.0,0.0
2026-09-08T00:37:13+00:00,2026-09-07,daily,4,2026-09-12T12:30:00Z,207,Mingueza,CRY,DEF,44,0,-1,0.1,294,430,1263,3021,a,,,,,,,,0.7,1,2,16,0,0,0,0,1,0,2,0,2,1,0.00,0.00,0.00,0.33,0.7,0.7
2026-09-08T00:37:13+00:00,2026-09-07,daily,4,2026-09-12T12:30:00Z,208,Sarr,CRY,MID,63,0,-2,0.9,100,17248,2532,342255,i,Groin injury - Unknown return date,2026-08-22T18:00:07.363165Z,0,0,2,,,0.0,0,0,0,0,0,0,0,0,0,0,0,0,0,0.00,0.00,0.00,0.00,0.0,0.0
2026-09-08T00:37:13+00:00,2026-09-07,daily,4,2026-09-12T12:30:00Z,210,Wharton,CRY,MID,55,0,0,0.9,4226,4671,21012,26191,a,,2026-07-23T12:01:23.498963Z,100,100,,,2,2.7,2,8,270,3,0,0,0,8,0,29,11,7,11,0.00,0.32,0.32,6.47,2.7,2.7
2026-09-08T00:37:13+00:00,2026-09-07,daily,4,2026-09-12T12:30:00Z,211,Yeremy,CRY,MID,55,0,0,0.3,10548,2186,16313,7226,a,,,,,,1,1,3.7,5,11,190,2,0,2,0,5,0,20,3,5,12,0.36,0.39,0.75,5.29,3.7,3.7
2026-09-08T00:37:13+00:00,2026-09-07,daily,4,2026-09-12T12:30:00Z,212,Hughes,CRY,MID,45,0,0,9.0,12884,46750,70654,270541,a,,,,,,,4,0.3,1,1,16,0,0,0,0,0,0,3,2,0,1,0.00,0.00,0.00,0.57,0.3,0.3
2026-09-08T00:37:13+00:00,2026-09-07,daily,4,2026-09-12T12:30:00Z,213,Lerma,CRY,MID,49,0,-1,0.1,168,513,868,3705,a,,,,,,,,0.0,0,0,0,0,0,0,0,0,0,0,0,0,0,0.00,0.00,0.00,0.00,0.0,0.0
2026-09-08T00:37:13+00:00,2026-09-07,daily,4,2026-09-12T12:30:00Z,214,Kamada,CRY,MID,50,0,0,0.3,5789,2081,12026,9727,a,,,,,,,3,3.3,5,10,268,3,0,1,0,8,0,27,4,9,14,0.05,0.30,0.35,6.34,3.3,3.3
2026-09-08T00:37:13+00:00,2026-09-07,daily,4,2026-09-12T12:30:00Z,215,Devenny,CRY,MID,50,0,0,0.0,0,164,132,678,u,Has joined Stoke City permanently,2026-09-02T15:41:07.346849Z,0,0,3,2,,0.0,0,0,0,0,0,0,0,0,0,0,0,0,0,0.00,0.00,0.00,0.00,0.0,0.0
2026-09-08T00:37:13+00:00,2026-09-07,daily,4,2026-09-12T12:30:00Z,216,Esse,CRY,MID,50,0,0,0.0,0,598,399,2341,u,Has joined Millwall on loan for the rest of the season,2026-09-02T15:41:07.376544Z,0,0,,,,0.0,0,0,0,0,0,0,0,0,0,0,0,0,0,0.00,0.00,0.00,0.00,0.0,0.0
2026-09-08T00:37:13+00:00,2026-09-07,daily,4,2026-09-12T12:30:00Z,217,M.França,CRY,MID,49,0,-1,0.0,38,336,988,2156,a,,,,,,,,0.0,0,0,0,0,0,0,0,0,0,0,0,0,0,0.00,0.00,0.00,0.00,0.0,0.0
2026-09-08T00:37:13+00:00,2026-09-07,daily,4,2026-09-12T12:30:00Z,218,Doucouré,CRY,MID,49,0,-1,0.1,246,465,1478,2844,a,,,,,,,,0.0,0,0,0,0,0,0,0,0,0,0,0,0,0,0.00,0.00,0.00,0.00,0.0,0.0
2026-09-08T00:37:13+00:00,2026-09-07,daily,4,2026-09-12T12:30:00Z,219,J.Rak-Sakyi,CRY,MID,50,0,0,0.0,35,43,125,244,a,,,,,,,,0.0,0,0,0,0,0,0,0,0,0,0,0,0,0,0.00,0.00,0.00,0.00,0.0,0.0
2026-09-08T00:37:13+00:00,2026-09-07,daily,4,2026-09-12T12:30:00Z,220,Cardines,CRY,DEF,45,0,0,0.0,0,9,0,113,u,Has joined Bristol City on loan for the rest of the season,2026-08-12T14:08:46.501813Z,0,0,,,,0.0,0,0,0,0,0,0,0,0,0,0,0,0,0,0.00,0.00,0.00,0.00,0.0,0.0
2026-09-08T00:37:13+00:00,2026-09-07,daily,4,2026-09-12T12:30:00Z,221,Drakes-Thomas,CRY,MID,45,0,0,0.1,494,498,1832,2677,a,,,,,,,,0.0,0,0,0,0,0,0,0,0,0,0,0,0,0,0.00,0.00,0.00,0.00,0.0,0.0
2026-09-08T00:37:13+00:00,2026-09-07,daily,4,2026-09-12T12:30:00Z,222,Strand Larsen,CRY,FWD,60,0,0,0.5,3303,3547,12337,19823,a,,,,,,,,1.3,1,4,134,1,0,0,0,3,0,8,3,1,4,0.30,0.01,0.31,3.69,1.3,1.3
2026-09-08T00:37:13+00:00,2026-09-07,daily,4,2026-09-12T12:30:00Z,223,Mateta,CRY,FWD,64,0,-1,2.0,170,35838,25348,378799,i,Hamstring injury - Expected back 11 Oct,2026-08-28T21:00:08.020382Z,0,0,1,,,0.7,0,2,62,1,0,0,0,2,0,5,1,2,2,0.70,0.02,0.72,0.98,0.0,0.0
2026-09-08T00:37:13+00:00,2026-09-07,daily,4,2026-09-12T12:30:00Z,224,Nketiah,CRY,FWD,55,0,0,0.6,12637,3502,27774,17566,a,,,,,,,,2.3,4,7,167,3,0,1,0,7,0,11,2,4,5,1.10,0.58,1.68,4.45,2.3,2.3
2026-09-08T00:37:13+00:00,2026-09-07,daily,4,2026-09-12T12:30:00Z,225,Uche,CRY,FWD,50,0,0,0.0,0,0,0,0,u,has returned to Getafe CF,2026-07-23T12:18:56.275922Z,0,0,,,,0.0,0,0,0,0,0,0,0,0,0,0,0,0,0,0.00,0.00,0.00,0.00,0.0,0.0
2026-09-08T00:37:13+00:00,2026-09-07,daily,4,2026-09-12T12:30:00Z,241,McNeil,CRY,MID,54,-1,-1,0.1,233,856,1245,5166,a,,,,,,,,1.0,0,3,84,1,0,0,0,3,0,7,4,0,3,0.05,0.02,0.07,1.18,1.0,1.0
2026-09-08T00:37:13+00:00,2026-09-07,daily,4,2026-09-12T12:30:00Z,555,Matthews,CRY,GKP,40,0,0,1.8,2332,3594,15843,18492,a,,,,,,,,0.0,0,0,0,0,0,0,0,0,0,0,0,0,0,0.00,0.00,0.00,0.00,0.0,0.0
2026-09-08T00:37:13+00:00,2026-09-07,daily,4,2026-09-12T12:30:00Z,577,Tomiyasu,CRY,DEF,45,0,0,0.3,266,1542,2473,7639,a,,,,,,,,0.7,0,2,91,1,0,0,0,3,0,9,8,1,4,0.00,0.01,0.01,2.15,0.7,0.7
2026-09-08T00:37:13+00:00,2026-09-07,daily,4,2026-09-12T12:30:00Z,588,Khalaili,CRY,DEF,50,0,0,0.2,3431,1058,7941,3434,a,,,,,,,,2.0,3,6,199,2,0,0,0,5,0,33,16,17,11,0.74,0.17,0.91,5.42,2.0,2.0
2026-09-08T00:37:13+00:00,2026-09-07,daily,4,2026-09-12T12:30:00Z,595,Gozo,CRY,MID,50,0,0,0.0,58,96,317,493,a,,,,,,,,0.3,0,1,22,0,0,0,0,1,0,1,0,1,0,0.00,0.00,0.00,0.20,0.3,0.3
2026-09-08T00:37:13+00:00,2026-09-07,daily,4,2026-09-12T12:30:00Z,633,Ahanor,CRY,DEF,45,0,0,0.0,176,56,393,88,a,,,,,,,,0.0,0,0,0,0,0,0,0,0,0,0,0,0,0,0.00,0.00,0.00,0.00,1.8,1.8
2026-09-08T00:37:13+00:00,2026-09-07,daily,4,2026-09-12T12:30:00Z,643,Chilwell,CRY,DEF,45,0,0,0.3,13962,1624,14725,1708,a,,,,,,,,7.0,7,7,16,0,1,0,0,0,0,0,0,0,0,0.15,0.00,0.15,0.57,1.8,1.8
2026-09-08T00:37:13+00:00,2026-09-07,daily,4,2026-09-12T12:30:00Z,644,Timber,CRY,MID,50,0,0,0.0,899,188,1555,288,a,,,,,,,,2.0,2,2,73,1,0,0,0,2,0,6,2,1,3,0.02,0.00,0.02,2.57,1.5,1.5
2026-09-08T00:37:13+00:00,2026-09-07,daily,4,2026-09-12T12:30:00Z,647,Osorio,CRY,MID,55,0,0,0.0,248,48,709,98,a,,,,,,,,1.0,1,1,1,0,0,0,0,0,0,1,0,1,0,0.00,0.00,0.00,0.13,2.0,2.0
2026-09-08T00:37:13+00:00,2026-09-07,daily,4,2026-09-12T12:30:00Z,21,Nørgaard,EVE,MID,49,0,-1,0.1,50,608,361,5645,i,Groin injury - Unknown return date,2026-08-15T20:00:06.779594Z,0,0,,,,0.0,0,0,0,0,0,0,0,0,0,0,0,0,0,0.00,0.00,0.00,0.00,0.0,0.0
2026-09-08T00:37:13+00:00,2026-09-07,daily,4,2026-09-12T12:30:00Z,209,Johnson,EVE,MID,59,0,-1,0.1,587,1002,2105,7059,a,,,,,,,,1.0,1,3,99,1,0,0,0,1,0,12,5,2,5,0.05,0.04,0.09,2.24,1.0,1.0
2026-09-08T00:37:13+00:00,2026-09-07,daily,4,2026-09-12T12:30:00Z,226,Pickford,EVE,GKP,55,0,0,8.6,28202,30217,148219,140331,a,,,,,,,,3.7,1,11,270,3,0,0,1,3,9,0,4,0,35,0.00,0.02,0.02,4.81,3.7,3.7
2026-09-08T00:37:13+00:00,2026-09-07,daily,4,2026-09-12T12:30:00Z,227,Travers,EVE,GKP,50,0,0,0.0,182,200,754,1161,a,,,,,,,,0.0,0,0,0,0,0,0,0,0,0,0,0,0,0,0.00,0.00,0.00,0.00,0.0,0.0
2026-09-08T00:37:13+00:00,2026-09-07,daily,4,2026-09-12T12:30:00Z,228,King,EVE,GKP,45,0,0,0.0,144,197,690,1090,a,,,,,,,,0.0,0,0,0,0,0,0,0,0,0,0,0,0,0,0.00,0.00,0.00,0.00,0.0,0.0
2026-09-08T00:37:13+00:00,2026-09-07,daily,4,2026-09-12T12:30:00Z,229,Tarkowski,EVE,DEF,60,0,0,11.2,74624,38680,328998,161303,a,,,,,,,,7.0,3,21,270,3,1,0,1,3,0,31,26,5,10,0.17,0.02,0.19,4.81,7.0,7.0
2026-09-08T00:37:13+00:00,2026-09-07,daily,4,2026-09-12T12:30:00Z,230,Branthwaite,EVE,DEF,55,0,0,1.8,14630,8049,49234,38352,a,,,,,,,,4.3,3,13,270,3,0,0,1,3,0,31,27,4,9,0.17,0.02,0.19,4.81,4.3,4.3
2026-09-08T00:37:13+00:00,2026-09-07,daily,4,2026-09-12T12:30:00Z,231,Keane,EVE,DEF,49,0,-1,1.0,611,7530,6165,65419,a,,,,,,,,0.0,0,0,0,0,0,0,0,0,0,0,0,0,0,0.00,0.00,0.00,0.00,0.0,0.0
2026-09-08T00:37:13+00:00,2026-09-07,daily,4,2026-09-12T12:30:00Z,232,O'Brien,EVE,DEF,49,0,-1,0.3,325,1967,2657,18136,a,,,,,,,,0.0,0,0,0,0,0,0,0,0,0,0,0,0,0,0.00,0.00,0.00,0.00,0.0,0.0
2026-09-08T00:37:13+00:00,2026-09-07,daily,4,2026-09-12T12:30:00Z,233,Mykolenko,EVE,DEF,45,0,0,1.9,26121,13701,88025,49027,a,,,,,,,,3.7,1,11,270,3,0,0,1,3,0,22,18,4,15,0.00,0.07,0.07,4.81,3.7,3.7
2026-09-08T00:37:13+00:00,2026-09-07,daily,4,2026-09-12T12:30:00Z,234,Patterson,EVE,DEF,45,0,0,0.0,0,445,371,1693,u,Has joined Torino permanently,2026-09-02T16:05:23.326971Z,0,0,,,,0.0,0,0,0,0,0,0,0,0,0,0,0,0,0,0.00,0.00,0.00,0.00,0.0,0.0
2026-09-08T00:37:13+00:00,2026-09-07,daily,4,2026-09-12T12:30:00Z,235,Aznou,EVE,DEF,40,0,0,0.1,0,1740,1728,7609,u,Has joined Malaga on loan for the rest of the season,2026-09-01T13:23:16.934847Z,0,0,,,,0.0,0,0,0,0,0,0,0,0,0,0,0,0,0,0.00,0.00,0.00,0.00,0.0,0.0
2026-09-08T00:37:13+00:00,2026-09-07,daily,4,2026-09-12T12:30:00Z,236,Dewsbury-Hall,EVE,MID,65,0,0,4.4,51944,37431,245452,157315,a,,,,,,,2,5.0,2,15,270,3,1,0,1,3,0,29,3,9,17,0.45,0.40,0.85,4.77,5.0,5.0
2026-09-08T00:37:13+00:00,2026-09-07,daily,4,2026-09-12T12:30:00Z,238,Grealish,EVE,MID,65,0,0,0.3,8237,2857,18960,10792,a,,2026-07-29T10:00:10.492904Z,100,100,,,,0.7,1,2,32,0,0,0,0,1,0,2,0,2,0,0.02,0.13,0.15,0.31,0.7,0.7
2026-09-08T00:37:13+00:00,2026-09-07,daily,4,2026-09-12T12:30:00Z,239,Garner,EVE,MID,60,0,0,0.1,1593,2049,6114,7022,d,Unspecified injury - 75% chance of playing,2026-09-06T18:00:08.301702Z,100,75,2,1,1,1.3,2,4,148,2,0,0,0,2,0,19,2,5,12,0.00,0.11,0.11,1.32,1.3,1.0
2026-09-08T00:37:13+00:00,2026-09-07,daily,4,2026-09-12T12:30:00Z,242,George,EVE,MID,55,0,0,0.4,17245,3330,21278,10612,a,,,,,,,,5.0,10,15,234,3,1,0,1,3,0,13,4,1,8,0.27,0.16,0.43,2.94,5.0,5.0
2026-09-08T00:37:13+00:00,2026-09-07,daily,4,2026-09-12T12:30:00Z,243,Alcaraz,EVE,MID,50,0,0,0.1,309,597,1877,3674,a,,,,,,,,0.3,0,1,5,0,0,0,0,0,0,3,0,1,2,0.05,0.02,0.07,0.04,0.3,0.3
2026-09-08T00:37:13+00:00,2026-09-07,daily,4,2026-09-12T12:30:00Z,244,Armstrong,EVE,MID,50,0,0,0.4,6415,4037,40569,15682,a,,,,,,,,3.7,1,11,266,3,0,1,1,3,0,30,9,6,15,0.09,0.10,0.19,4.81,3.7,3.7
2026-09-08T00:37:13+00:00,2026-09-07,daily,4,2026-09-12T12:30:00Z,245,Dibling,EVE,MID,54,0,-1,0.0,125,229,682,1848,a,,,,,,,,0.0,0,0,0,0,0,0,0,0,0,0,0,0,0,0.00,0.00,0.00,0.00,0.0,0.0
2026-09-08T00:37:13+00:00,2026-09-07,daily,4,2026-09-12T12:30:00Z,246,Röhl,EVE,MID,50,0,0,0.1,305,454,1403,2257,a,,,,,,,,2.0,1,6,249,3,0,0,1,2,0,24,6,5,13,0.00,0.20,0.20,4.52,2.0,2.0
2026-09-08T00:37:13+00:00,2026-09-07,daily,4,2026-09-12T12:30:00Z,247,Hackney,EVE,MID,55,0,0,0.2,750,887,2093,7803,a,,2026-08-26T22:00:07.797766Z,100,100,,,3,2.7,4,8,121,1,0,1,1,1,0,11,3,3,5,0.05,0.11,0.16,3.49,2.7,2.7
2026-09-08T00:37:13+00:00,2026-09-07,daily,4,2026-09-12T12:30:00Z,248,Beto,EVE,FWD,54,0,-1,1.2,0,35155,16222,160097,u,Has joined Fiorentina permanently,2026-09-02T16:05:23.357221Z,0,0,,,,0.7,0,2,31,0,0,0,0,0,0,1,1,0,0,0.09,0.00,0.09,1.92,0.0,0.0
2026-09-08T00:37:13+00:00,2026-09-07,daily,4,2026-09-12T12:30:00Z,249,Barry,EVE,FWD,56,1,1,5.4,107340,42825,453514,156596,a,,,,,1,,,4.0,2,12,237,3,1,0,1,3,0,10,2,1,7,2.31,0.11,2.42,2.89,4.0,4.0
2026-09-08T00:37:13+00:00,2026-09-07,daily,4,2026-09-12T12:30:00Z,649,Maitland-Niles,EVE,DEF,45,0,0,0.1,6140,858,6699,986,a,,,,,,,,7.0,7,7,13,0,1,0,0,1,0,0,0,0,0,0.03,0.00,0.03,0.29,1.8,1.8
2026-09-08T00:37:13+00:00,2026-09-07,daily,4,2026-09-12T12:30:00Z,654,Graham,EVE,MID,45,0,0,0.1,3388,546,3388,546,a,,,,,,,,0.0,0,0,0,0,0,0,0,0,0,0,0,0,0,0.00,0.00,0.00,0.00,1.0,1.0
2026-09-08T00:37:13+00:00,2026-09-07,daily,4,2026-09-12T12:30:00Z,250,Leno,FUL,GKP,45,0,0,3.0,9548,13658,63282,52264,a,,,,,,,,2.0,1,6,270,3,0,0,0,7,8,0,3,0,25,0.00,0.00,0.00,6.23,2.0,2.0
2026-09-08T00:37:13+00:00,2026-09-07,daily,4,2026-09-12T12:30:00Z,251,Lecomte,FUL,GKP,40,0,0,1.2,3875,2695,14817,14674,a,,,,,,,,0.0,0,0,0,0,0,0,0,0,0,0,0,0,0,0.00,0.00,0.00,0.00,0.0,0.0
2026-09-08T00:37:13+00:00,2026-09-07,daily,4,2026-09-12T12:30:00Z,252,McNally,FUL,GKP,40,0,0,0.1,0,961,2589,4170,u,Has joined York City on loan for the rest of the season,2026-09-01T13:25:11.231240Z,0,0,,,,0.0,0,0,0,0,0,0,0,0,0,0,0,0,0,0.00,0.00,0.00,0.00,0.0,0.0
2026-09-08T00:37:13+00:00,2026-09-07,daily,4,2026-09-12T12:30:00Z,253,Andersen,FUL,DEF,50,0,0,0.1,984,1176,9140,3944,a,,2026-07-23T12:01:23.516350Z,100,100,,,,0.7,1,2,180,2,0,0,0,4,0,15,13,2,9,0.00,0.10,0.10,3.99,0.7,0.7
2026-09-08T00:37:13+00:00,2026-09-07,daily,4,2026-09-12T12:30:00Z,254,Robinson,FUL,DEF,45,0,0,1.5,2416,11271,28603,37882,a,,,,,2,,,1.3,1,4,249,3,0,0,0,7,0,15,7,8,12,0.21,0.16,0.37,6.20,1.3,1.3
2026-09-08T00:37:13+00:00,2026-09-07,daily,4,2026-09-12T12:30:00Z,255,J.Cuenca,FUL,DEF,45,0,0,0.0,45,254,1332,1202,a,,,,,,,,1.0,0,3,90,1,0,0,0,3,0,10,9,1,3,0.00,0.03,0.03,2.24,1.0,1.0
2026-09-08T00:37:13+00:00,2026-09-07,daily,4,2026-09-12T12:30:00Z,256,Tete,FUL,DEF,45,0,0,0.2,83,1074,851,6151,a,,,,,,,,0.0,0,0,0,0,0,0,0,0,0,0,0,0,0,0.00,0.00,0.00,0.00,0.0,0.0
2026-09-08T00:37:13+00:00,2026-09-07,daily,4,2026-09-12T12:30:00Z,257,Bassey,FUL,DEF,45,0,0,0.7,1056,4153,16118,18170,a,,,,,,,,1.0,1,3,270,3,0,0,0,7,0,13,10,3,12,0.02,0.07,0.09,6.23,1.0,1.0
2026-09-08T00:37:13+00:00,2026-09-07,daily,4,2026-09-12T12:30:00Z,258,Castagne,FUL,DEF,45,0,0,0.9,3307,6378,59617,19832,a,,,,,,,,4.3,1,13,247,3,0,2,1,6,0,15,11,4,11,0.67,0.37,1.04,4.47,4.3,4.3
2026-09-08T00:37:13+00:00,2026-09-07,daily,4,2026-09-12T12:30:00Z,261,Iwobi,FUL,MID,55,0,0,0.8,1213,6878,14662,33145,a,,,,,3,1,1,2.0,2,6,262,3,0,0,0,7,0,18,4,3,11,0.05,0.70,0.75,6.23,2.0,2.0
2026-09-08T00:37:13+00:00,2026-09-07,daily,4,2026-09-12T12:30:00Z,262,Smith Rowe,FUL,MID,54,-1,-1,0.3,459,2373,3298,13647,a,,,,,,,,0.7,1,2,25,0,0,0,0,0,0,1,0,0,1,0.06,0.02,0.08,0.41,0.7,0.7
2026-09-08T00:37:13+00:00,2026-09-07,daily,4,2026-09-12T12:30:00Z,263,Kevin,FUL,MID,54,0,-1,0.0,138,539,1110,2743,a,,,,,,,4,0.7,0,2,24,0,0,0,0,0,0,3,0,2,1,0.00,0.05,0.05,0.20,0.7,0.7
2026-09-08T00:37:13+00:00,2026-09-07,daily,4,2026-09-12T12:30:00Z,264,Bobb,FUL,MID,55,0,0,0.3,1244,2736,10399,11728,a,,,,,,,2,2.3,2,7,211,3,0,0,1,6,0,15,2,5,8,0.32,0.92,1.24,4.44,2.3,2.3
2026-09-08T00:37:13+00:00,2026-09-07,daily,4,2026-09-12T12:30:00Z,265,Berge,FUL,MID,50,0,0,0.3,362,2237,3702,10754,a,,,,,,,,1.7,1,5,183,2,0,0,0,5,0,8,1,1,6,0.03,0.33,0.36,4.90,1.7,1.7
2026-09-08T00:37:13+00:00,2026-09-07,daily,4,2026-09-12T12:30:00Z,266,Cairney,FUL,MID,50,0,0,0.0,12,22,48,219,i,Knee injury - Expected back 10 Oct,2026-08-14T18:00:06.460944Z,0,0,,,,0.0,0,0,0,0,0,0,0,0,0,0,0,0,0,0.00,0.00,0.00,0.00,0.0,0.0
2026-09-08T00:37:13+00:00,2026-09-07,daily,4,2026-09-12T12:30:00Z,268,King,FUL,MID,55,0,0,1.0,38461,10599,96278,28235,a,,,,,,,,6.3,10,19,270,3,2,0,0,7,0,19,4,5,10,0.95,0.34,1.29,6.23,6.3,6.3
2026-09-08T00:37:13+00:00,2026-09-07,daily,4,2026-09-12T12:30:00Z,269,Sessegnon,FUL,DEF,45,0,0,0.3,139,1876,1985,9733,a,,,,,,,3,1.0,1,3,50,0,0,0,0,1,0,3,2,1,3,0.13,0.44,0.57,1.80,1.0,1.0
2026-09-08T00:37:13+00:00,2026-09-07,daily,4,2026-09-12T12:30:00Z,270,Reed,FUL,MID,45,0,0,1.2,2000,7188,15657,40767,a,,,,,,,,0.0,0,0,0,0,0,0,0,0,0,0,0,0,0,0.00,0.00,0.00,0.00,0.0,0.0
2026-09-08T00:37:13+00:00,2026-09-07,daily,4,2026-09-12T12:30:00Z,271,Muniz,FUL,FWD,54,-1,-1,0.5,1456,3533,8677,21751,a,,,,,,,,0.7,1,2,15,0,0,0,0,0,0,1,1,0,0,0.40,0.00,0.40,0.03,0.7,0.7
2026-09-08T00:37:13+00:00,2026-09-07,daily,4,2026-09-12T12:30:00Z,272,Kusi-Asare,FUL,FWD,45,0,0,6.4,18027,33831,102301,150053,a,,,,,,,,0.0,0,0,0,0,0,0,0,0,0,0,0,0,0,0.00,0.00,0.00,0.00,0.0,0.0
2026-09-08T00:37:13+00:00,2026-09-07,daily,4,2026-09-12T12:30:00Z,569,Gonzalo,FUL,FWD,60,0,0,4.3,20607,45921,301436,142313,a,,,,,1,,,3.3,2,10,270,3,1,0,0,7,0,13,5,2,6,1.44,0.22,1.66,6.23,3.3,3.3
2026-09-08T00:37:13+00:00,2026-09-07,daily,4,2026-09-12T12:30:00Z,570,Palacios,FUL,MID,55,0,0,0.2,852,836,2774,5976,a,,,,,,,,3.7,8,11,207,3,1,0,0,6,0,13,3,2,8,0.98,0.03,1.01,4.97,3.7,3.7
2026-09-08T00:37:13+00:00,2026-09-07,daily,4,2026-09-12T12:30:00Z,580,Charles,FUL,MID,50,0,0,0.1,166,378,859,2430,a,,,,,,,,1.3,2,4,123,1,0,0,0,4,0,16,4,1,11,0.09,0.12,0.21,3.77,1.3,1.3
2026-09-08T00:37:13+00:00,2026-09-07,daily,4,2026-09-12T12:30:00Z,610,De Fougerolles,FUL,DEF,40,0,0,0.1,321,650,5593,2963,d,Unspecified injury - 75% chance of playing,2026-08-28T11:30:08.336405Z,75,75,,,,0.0,0,0,0,0,0,0,0,0,0,0,0,0,0,0.00,0.00,0.00,0.00,0.0,0.0
2026-09-08T00:37:13+00:00,2026-09-07,daily,4,2026-09-12T12:30:00Z,626,Zepa,FUL,MID,45,0,0,0.3,7814,3611,29824,8442,a,,,,,,,,0.0,0,0,0,0,0,0,0,0,0,0,0,0,0,0.00,0.00,0.00,0.00,0.0,0.0
2026-09-08T00:37:13+00:00,2026-09-07,daily,4,2026-09-12T12:30:00Z,635,Larsson,FUL,MID,50,0,0,0.0,147,34,435,61,a,,,,,,,,1.0,1,1,11,0,0,0,0,0,0,1,0,1,0,0.13,0.22,0.35,0.00,1.5,1.5
2026-09-08T00:37:13+00:00,2026-09-07,daily,4,2026-09-12T12:30:00Z,636,Ángel,FUL,MID,50,0,0,0.0,79,30,199,44,a,,,,,,,,0.0,0,0,0,0,0,0,0,0,0,0,0,0,0,0.00,0.00,0.00,0.00,1.5,1.5
2026-09-08T00:37:13+00:00,2026-09-07,daily,4,2026-09-12T12:30:00Z,650,Affengruber,FUL,DEF,45,0,0,0.0,147,46,351,73,a,,,,,,,,0.0,0,0,0,0,0,0,0,0,0,0,0,0,0,0.00,0.00,0.00,0.00,1.8,1.8
2026-09-08T00:37:13+00:00,2026-09-07,daily,4,2026-09-12T12:30:00Z,240,Iroegbunam,HUL,MID,50,0,0,0.0,196,98,526,633,a,,2026-08-15T20:00:06.878792Z,100,100,,,,0.3,0,1,4,0,0,0,0,0,0,0,0,0,0,0.00,0.00,0.00,0.00,0.3,0.3
2026-09-08T00:37:13+00:00,2026-09-07,daily,4,2026-09-12T12:30:00Z,273,Phillips,HUL,GKP,40,0,0,1.5,4448,4125,16881,22459,a,,,,,,,,0.0,0,0,0,0,0,0,0,0,0,0,0,0,0,0.00,0.00,0.00,0.00,0.0,0.0
2026-09-08T00:37:13+00:00,2026-09-07,daily,4,2026-09-12T12:30:00Z,274,Butland,HUL,GKP,45,0,0,0.1,72,467,362,3672,i,Arm injury - Unknown return date,2026-08-08T19:00:05.601633Z,0,0,,,,0.0,0,0,0,0,0,0,0,0,0,0,0,0,0,0.00,0.00,0.00,0.00,0.0,0.0
2026-09-08T00:37:13+00:00,2026-09-07,daily,4,2026-09-12T12:30:00Z,275,Cartwright,HUL,GKP,40,0,0,0.0,0,39,0,233,u,Has joined Grimsby Town on loan for the rest of the season,2026-07-29T13:00:27.959925Z,0,0,,,,0.0,0,0,0,0,0,0,0,0,0,0,0,0,0,0.00,0.00,0.00,0.00,0.0,0.0
2026-09-08T00:37:13+00:00,2026-09-07,daily,4,2026-09-12T12:30:00Z,276,Lo-Tutala,HUL,GKP,40,0,0,0.0,0,107,0,762,u,Has joined Colchester United on loan for the rest of the season,2026-08-17T13:50:27.125537Z,0,0,,,,0.0,0,0,0,0,0,0,0,0,0,0,0,0,0,0.00,0.00,0.00,0.00,0.0,0.0
2026-09-08T00:37:13+00:00,2026-09-07,daily,4,2026-09-12T12:30:00Z,277,Egan,HUL,DEF,41,1,1,6.1,140920,23991,519563,92864,a,,,,,,,,7.7,6,23,270,3,0,0,3,0,0,41,36,5,5,0.00,0.00,0.00,5.05,7.7,7.7
2026-09-08T00:37:13+00:00,2026-09-07,daily,4,2026-09-12T12:30:00Z,278,Hughes,HUL,DEF,40,0,0,0.1,56,527,293,4667,i,Groin injury - Unknown return date,2026-08-02T09:00:11.030017Z,0,0,,,,0.0,0,0,0,0,0,0,0,0,0,0,0,0,0,0.00,0.00,0.00,0.00,0.0,0.0
2026-09-08T00:37:13+00:00,2026-09-07,daily,4,2026-09-12T12:30:00Z,279,Ajayi,HUL,DEF,41,0,1,10.9,157243,29707,868569,114549,a,,2026-08-22T17:30:07.668197Z,100,100,,,,8.3,5,25,243,3,1,0,3,0,0,20,17,3,9,0.52,0.00,0.52,4.08,8.3,8.3
2026-09-08T00:37:13+00:00,2026-09-07,daily,4,2026-09-12T12:30:00Z,280,Coyle,HUL,DEF,40,0,0,0.5,2754,1655,6909,16922,a,,2026-08-29T16:30:08.151841Z,75,100,,,,4.0,6,12,177,3,0,0,2,0,0,6,5,1,4,0.00,0.02,0.02,4.06,3.0,4.0
2026-09-08T00:37:13+00:00,2026-09-07,daily,4,2026-09-12T12:30:00Z,281,Drameh,HUL,DEF,40,0,0,0.1,0,951,2118,3037,u,Has joined Genoa permanently,2026-09-02T16:09:06.479140Z,0,0,,,,0.7,0,2,65,0,0,0,0,0,0,6,5,1,4,0.05,0.00,0.05,0.87,0.0,0.0
2026-09-08T00:37:13+00:00,2026-09-07,daily,4,2026-09-12T12:30:00Z,282,Giles,HUL,DEF,40,0,0,1.2,19340,4399,59044,16933,a,,,,,,1,1,6.7,8,20,264,3,0,0,3,0,0,12,9,3,10,0.02,0.18,0.20,4.98,6.7,6.7
2026-09-08T00:37:13+00:00,2026-09-07,daily,4,2026-09-12T12:30:00Z,283,Jacob,HUL,DEF,40,0,0,0.0,0,69,114,507,u,Has joined Newport County on loan until January,2026-08-02T09:00:11.038361Z,0,0,,,,0.0,0,0,0,0,0,0,0,0,0,0,0,0,0,0.00,0.00,0.00,0.00,0.0,0.0
2026-09-08T00:37:13+00:00,2026-09-07,daily,4,2026-09-12T12:30:00Z,284,McCarthy,HUL,DEF,40,0,0,0.1,393,466,2575,2637,a,,,,,,,,0.0,0,0,0,0,0,0,0,0,0,0,0,0,0,0.00,0.00,0.00,0.00,0.0,0.0
2026-09-08T00:37:13+00:00,2026-09-07,daily,4,2026-09-12T12:30:00Z,285,McNair,HUL,DEF,40,0,0,0.1,232,522,1886,2711,a,,,,,,,,0.3,0,1,26,0,0,0,0,0,0,2,2,0,1,0.00,0.00,0.00,0.96,0.3,0.3
2026-09-08T00:37:13+00:00,2026-09-07,daily,4,2026-09-12T12:30:00Z,286,Belloumi,HUL,MID,50,0,0,0.9,12462,4540,52914,19010,a,,,,,,2,3,4.7,5,14,253,3,0,1,3,0,0,32,14,9,9,0.20,0.06,0.26,4.87,4.7,4.7
2026-09-08T00:37:13+00:00,2026-09-07,daily,4,2026-09-12T12:30:00Z,287,Millar,HUL,MID,50,0,0,0.1,0,1527,3178,5247,u,Has joined Birmingham on loan for the rest of the season,2026-09-02T15:36:41.038103Z,0,0,,,,2.0,0,6,50,0,1,0,0,0,0,4,2,1,1,0.58,0.00,0.58,0.87,0.0,0.0
2026-09-08T00:37:13+00:00,2026-09-07,daily,4,2026-09-12T12:30:00Z,288,Dowell,HUL,MID,45,0,0,0.4,1715,2325,9198,12515,a,,,,,,,,0.0,0,0,0,0,0,0,0,0,0,0,0,0,0,0.00,0.00,0.00,0.00,0.0,0.0
2026-09-08T00:37:13+00:00,2026-09-07,daily,4,2026-09-12T12:30:00Z,289,Crooks,HUL,MID,45,0,0,0.5,360,4694,13386,25634,d,Thigh injury - 75% chance of playing,2026-08-29T15:00:08.569326Z,75,75,,,,0.7,0,2,90,1,0,0,1,0,0,9,4,4,1,0.00,0.00,0.00,1.83,0.5,0.5
2026-09-08T00:37:13+00:00,2026-09-07,daily,4,2026-09-12T12:30:00Z,290,Slater,HUL,MID,45,0,0,5.1,63576,32366,313515,120982,a,,,,,,,2,3.7,3,11,270,3,0,1,3,0,0,19,5,6,8,0.04,0.46,0.50,5.05,3.7,3.7
2026-09-08T00:37:13+00:00,2026-09-07,daily,4,2026-09-12T12:30:00Z,291,Matazo,HUL,MID,45,0,0,0.0,55,68,222,300,i,Knee injury - Unknown return date,2026-07-23T12:01:23.532635Z,0,0,,,,0.0,0,0,0,0,0,0,0,0,0,0,0,0,0,0.00,0.00,0.00,0.00,0.0,0.0
2026-09-08T00:37:13+00:00,2026-09-07,daily,4,2026-09-12T12:30:00Z,292,Ömür,HUL,MID,49,0,-1,0.0,161,167,693,1008,a,,,,,,,,0.0,0,0,0,0,0,0,0,0,0,0,0,0,0,0.00,0.00,0.00,0.00,0.0,0.0
2026-09-08T00:37:13+00:00,2026-09-07,daily,4,2026-09-12T12:30:00Z,293,Kamara,HUL,MID,50,0,0,0.0,0,23,0,316,u,Has joined Portsmouth permanently,2026-08-12T14:08:23.542043Z,0,0,,,,0.0,0,0,0,0,0,0,0,0,0,0,0,0,0,0.00,0.00,0.00,0.00,0.0,0.0
2026-09-08T00:37:13+00:00,2026-09-07,daily,4,2026-09-12T12:30:00Z,294,Zambrano,HUL,MID,45,0,0,0.1,150,552,1286,4609,i,Thigh injury - Unknown return date,2026-08-04T18:30:11.016909Z,0,0,,,,0.0,0,0,0,0,0,0,0,0,0,0,0,0,0,0.00,0.00,0.00,0.00,0.0,0.0
2026-09-08T00:37:13+00:00,2026-09-07,daily,4,2026-09-12T12:30:00Z,295,McBurnie,HUL,FWD,55,0,0,2.0,10883,18868,134156,84809,a,,,,,1,,,2.7,2,8,270,3,0,1,3,0,0,12,4,2,6,0.54,0.07,0.61,5.05,2.7,2.7
2026-09-08T00:37:13+00:00,2026-09-07,daily,4,2026-09-12T12:30:00Z,296,Akintola,HUL,MID,50,0,0,0.0,377,492,2559,2767,a,,,,,,,,0.0,0,0,0,0,0,0,0,0,0,0,0,0,0,0.00,0.00,0.00,0.00,0.0,0.0
2026-09-08T00:37:13+00:00,2026-09-07,daily,4,2026-09-12T12:30:00Z,297,Gyabi,HUL,MID,45,0,0,0.0,51,157,256,1126,i,Thigh injury - Unknown return date,2026-08-04T18:30:11.027155Z,0,0,,,,0.0,0,0,0,0,0,0,0,0,0,0,0,0,0,0.00,0.00,0.00,0.00,0.0,0.0
2026-09-08T00:37:13+00:00,2026-09-07,daily,4,2026-09-12T12:30:00Z,298,Destan,HUL,FWD,45,0,0,0.2,0,1933,0,16373,u,Has joined Konyaspor permanently,2026-08-17T13:50:27.145733Z,0,0,,,,0.0,0,0,0,0,0,0,0,0,0,0,0,0,0,0.00,0.00,0.00,0.00,0.0,0.0
2026-09-08T00:37:13+00:00,2026-09-07,daily,4,2026-09-12T12:30:00Z,299,Burstow,HUL,FWD,45,0,0,0.0,0,294,0,2282,u,Has joined Sheffield Wednesday on loan for the rest of the season,2026-08-03T14:05:20.234842Z,0,0,,,,0.0,0,0,0,0,0,0,0,0,0,0,0,0,0,0.00,0.00,0.00,0.00,0.0,0.0
2026-09-08T00:37:13+00:00,2026-09-07,daily,4,2026-09-12T12:30:00Z,340,Gelhardt,HUL,MID,50,0,0,0.0,99,72,243,583,a,,2026-08-17T21:30:07.799839Z,100,100,,,,0.0,0,0,0,0,0,0,0,0,0,0,0,0,0,0.00,0.00,0.00,0.00,0.0,0.0
2026-09-08T00:37:13+00:00,2026-09-07,daily,4,2026-09-12T12:30:00Z,556,Targett,HUL,DEF,40,0,0,2.0,2185,9118,17997,47672,a,,,,,,,,0.3,0,1,5,0,0,0,0,0,0,0,0,0,1,0.00,0.00,0.00,0.07,0.3,0.3
2026-09-08T00:37:13+00:00,2026-09-07,daily,4,2026-09-12T12:30:00Z,563,Morita,HUL,MID,50,0,0,0.0,89,177,628,822,a,,2026-08-15T16:00:07.961518Z,100,100,,,,0.3,0,1,45,1,0,0,0,0,0,3,2,0,1,0.00,0.00,0.00,1.09,0.3,0.3
2026-09-08T00:37:13+00:00,2026-09-07,daily,4,2026-09-12T12:30:00Z,572,Tzolakis,HUL,GKP,46,0,1,9.0,120140,23927,589892,97215,a,,,,,,,,8.7,6,26,270,3,0,0,3,0,9,0,0,0,43,0.00,0.00,0.00,5.05,8.7,8.7
2026-09-08T00:37:13+00:00,2026-09-07,daily,4,2026-09-12T12:30:00Z,574,Hjertø-Dahl,HUL,MID,49,-1,-1,0.1,243,398,871,2827,a,,,,,,,,0.3,1,1,8,0,0,0,0,0,0,1,0,0,1,0.00,0.00,0.00,0.00,0.3,0.3
2026-09-08T00:37:13+00:00,2026-09-07,daily,4,2026-09-12T12:30:00Z,576,Stroud,HUL,MID,50,0,0,0.1,288,448,2488,2731,a,,,,,,,,2.0,3,6,190,3,0,0,2,0,0,15,3,3,9,0.05,0.05,0.10,4.06,2.0,2.0
2026-09-08T00:37:13+00:00,2026-09-07,daily,4,2026-09-12T12:30:00Z,585,Herrington,HUL,DEF,40,0,0,0.6,854,2008,7059,10709,a,,,,,,,,1.0,1,3,76,0,0,0,0,0,0,7,6,1,1,0.00,0.00,0.00,1.28,1.0,1.0
2026-09-08T00:37:13+00:00,2026-09-07,daily,4,2026-09-12T12:30:00Z,586,Mendy,HUL,DEF,40,0,0,6.8,140761,23018,487139,111241,a,,2026-08-22T17:30:08.045208Z,100,100,,,,8.0,8,24,191,3,1,0,2,0,0,32,27,5,6,0.32,0.00,0.32,3.76,8.0,8.0
2026-09-08T00:37:13+00:00,2026-09-07,daily,4,2026-09-12T12:30:00Z,589,Gourna-Douath,HUL,MID,50,0,0,0.0,84,133,432,793,a,,,,,,,,1.0,2,3,126,1,0,0,1,0,0,16,5,4,7,0.00,0.02,0.02,2.13,1.0,1.0
2026-09-08T00:37:13+00:00,2026-09-07,daily,4,2026-09-12T12:30:00Z,617,Cho,HUL,MID,50,0,0,0.0,198,93,894,284,a,,,,,,,,1.0,1,2,15,0,0,0,0,0,0,0,0,0,0,0.05,0.00,0.05,0.18,1.0,1.0
2026-09-08T00:37:13+00:00,2026-09-07,daily,4,2026-09-12T12:30:00Z,632,Ansah,HUL,FWD,50,0,0,0.0,2230,508,4452,718,a,,,,,,,,0.0,0,0,0,0,0,0,0,0,0,0,0,0,0,0.00,0.00,0.00,0.00,1.4,1.4
2026-09-08T00:37:13+00:00,2026-09-07,daily,4,2026-09-12T12:30:00Z,637,Vaz,HUL,FWD,50,0,0,0.0,1462,329,3069,531,a,,,,,,,,0.0,0,0,0,0,0,0,0,0,0,0,0,0,0,0.00,0.00,0.00,0.00,1.4,1.4
2026-09-08T00:37:13+00:00,2026-09-07,daily,4,2026-09-12T12:30:00Z,638,Norton-Cuffy,HUL,DEF,40,0,0,0.2,8088,1602,14542,2375,a,,,,,,,,1.0,1,1,26,0,0,0,0,0,0,1,1,0,2,0.00,0.00,0.00,0.12,1.0,1.0
2026-09-08T00:37:13+00:00,2026-09-07,daily,4,2026-09-12T12:30:00Z,642,Thomas,HUL,MID,55,0,0,0.0,475,124,921,182,a,,,,,,,,1.0,1,1,27,0,0,0,0,0,0,1,0,0,1,0.00,0.04,0.04,0.12,2.0,2.0
2026-09-08T00:37:13+00:00,2026-09-07,daily,4,2026-09-12T12:30:00Z,645,Mouzakitis,HUL,MID,50,0,0,0.0,153,45,363,69,a,,,,,,,,0.0,0,0,0,0,0,0,0,0,0,0,0,0,0,0.00,0.00,0.00,0.00,1.5,1.5
2026-09-08T00:37:13+00:00,2026-09-07,daily,4,2026-09-12T12:30:00Z,259,Diop,IPS,DEF,40,0,0,15.0,14810,59828,84837,255902,a,,,,,,,,2.3,3,7,270,3,0,0,0,8,0,28,25,3,12,0.00,0.02,0.02,6.12,2.3,2.3
2026-09-08T00:37:13+00:00,2026-09-07,daily,4,2026-09-12T12:30:00Z,267,Lukić,IPS,MID,50,0,0,0.1,326,608,2313,3759,a,,,,,,,2,2.7,2,8,252,3,0,1,0,7,0,21,10,5,6,0.02,0.06,0.08,5.26,2.7,2.7
2026-09-08T00:37:13+00:00,2026-09-07,daily,4,2026-09-12T12:30:00Z,300,Walton,IPS,GKP,45,0,0,0.4,130,1244,689,10280,a,,,,,,,,0.0,0,0,0,0,0,0,0,0,0,0,0,0,0,0.00,0.00,0.00,0.00,0.0,0.0
2026-09-08T00:37:13+00:00,2026-09-07,daily,4,2026-09-12T12:30:00Z,301,Palmer,IPS,GKP,40,0,0,4.2,10733,13466,48099,61681,a,,,,,,,,0.0,0,0,0,0,0,0,0,0,0,0,0,0,0,0.00,0.00,0.00,0.00,0.0,0.0
2026-09-08T00:37:13+00:00,2026-09-07,daily,4,2026-09-12T12:30:00Z,302,Button,IPS,GKP,40,0,0,0.5,5532,1689,15088,7389,a,,,,,,,,0.0,0,0,0,0,0,0,0,0,0,0,0,0,0,0.00,0.00,0.00,0.00,0.0,0.0
2026-09-08T00:37:13+00:00,2026-09-07,daily,4,2026-09-12T12:30:00Z,303,Kipré,IPS,DEF,40,0,0,0.5,252,1870,1216,12241,a,,,,,,,,0.0,0,0,0,0,0,0,0,0,0,0,0,0,0,0.00,0.00,0.00,0.00,0.0,0.0
2026-09-08T00:37:13+00:00,2026-09-07,daily,4,2026-09-12T12:30:00Z,304,O'Shea,IPS,DEF,40,0,0,3.1,5879,16797,43690,67974,a,,,,,,,,2.3,3,7,270,3,0,0,0,8,0,30,25,5,11,0.07,0.18,0.25,6.12,2.3,2.3
2026-09-08T00:37:13+00:00,2026-09-07,daily,4,2026-09-12T12:30:00Z,305,Davis,IPS,DEF,40,0,0,5.1,18860,26758,89055,88004,a,,,,,,2,6,3.0,1,9,270,3,1,0,0,8,0,17,15,2,8,0.65,0.25,0.90,6.12,3.0,3.0
2026-09-08T00:37:13+00:00,2026-09-07,daily,4,2026-09-12T12:30:00Z,306,Greaves,IPS,DEF,40,0,0,1.3,838,3565,5152,20949,a,,,,,,,,0.7,1,2,270,3,0,0,0,8,0,24,19,5,8,0.00,0.05,0.05,6.12,0.7,0.7
2026-09-08T00:37:13+00:00,2026-09-07,daily,4,2026-09-12T12:30:00Z,307,Johnson,IPS,DEF,40,0,0,0.1,0,1301,1137,3691,u,Has joined Stoke City on loan for the rest of the season,2026-09-04T12:36:56.236331Z,0,0,,,,0.0,0,0,0,0,0,0,0,0,0,0,0,0,0,0.00,0.00,0.00,0.00,0.0,0.0
2026-09-08T00:37:13+00:00,2026-09-07,daily,4,2026-09-12T12:30:00Z,308,Furlong,IPS,DEF,40,0,0,0.5,168,1677,1049,10641,a,,,,,,,,0.3,0,1,17,0,0,0,0,1,0,3,2,1,0,0.00,0.00,0.00,0.86,0.3,0.3
2026-09-08T00:37:13+00:00,2026-09-07,daily,4,2026-09-12T12:30:00Z,309,Núñez,IPS,MID,50,0,0,0.1,177,920,2480,4298,a,,,,,,1,1,2.0,0,6,140,2,0,0,0,4,0,21,8,3,10,0.03,0.05,0.08,3.48,2.0,2.0
2026-09-08T00:37:13+00:00,2026-09-07,daily,4,2026-09-12T12:30:00Z,310,Matusiwa,IPS,MID,49,-1,-1,0.0,12,18,32,197,i,Muscular injury - Unknown return date,2026-07-29T18:00:10.305484Z,0,0,,,,0.0,0,0,0,0,0,0,0,0,0,0,0,0,0,0.00,0.00,0.00,0.00,0.0,0.0
2026-09-08T00:37:13+00:00,2026-09-07,daily,4,2026-09-12T12:30:00Z,311,Burns,IPS,MID,50,0,0,0.0,0,24,0,303,u,Has joined Leicester City permanently,2026-08-10T14:02:47.597478Z,0,0,,,,0.0,0,0,0,0,0,0,0,0,0,0,0,0,0,0.00,0.00,0.00,0.00,0.0,0.0
2026-09-08T00:37:13+00:00,2026-09-07,daily,4,2026-09-12T12:30:00Z,312,Taylor,IPS,MID,45,0,0,0.0,79,241,380,1819,i,Knee injury - Unknown return date,2026-07-29T18:00:10.319370Z,0,0,,,,0.0,0,0,0,0,0,0,0,0,0,0,0,0,0,0.00,0.00,0.00,0.00,0.0,0.0
2026-09-08T00:37:13+00:00,2026-09-07,daily,4,2026-09-12T12:30:00Z,313,Clarke,IPS,MID,55,0,0,0.2,234,1729,4603,9898,a,,,,,1,3,3,2.7,1,8,43,0,1,0,0,0,0,4,1,1,2,0.15,0.02,0.17,0.09,2.7,2.7
2026-09-08T00:37:13+00:00,2026-09-07,daily,4,2026-09-12T12:30:00Z,314,Ogbene,IPS,MID,49,0,-1,0.0,0,182,104,843,u,Has joined Lincoln City on loan until January,2026-09-02T16:04:17.497385Z,0,0,,,,0.0,0,0,0,0,0,0,0,0,0,0,0,0,0,0.00,0.00,0.00,0.00,0.0,0.0
2026-09-08T00:37:13+00:00,2026-09-07,daily,4,2026-09-12T12:30:00Z,315,Fatawu,IPS,MID,55,0,0,0.2,959,1112,3655,6855,a,,,,,,,5,2.7,2,8,225,3,0,1,0,8,0,17,4,7,6,0.03,0.78,0.81,5.91,2.7,2.7
2026-09-08T00:37:13+00:00,2026-09-07,daily,4,2026-09-12T12:30:00Z,316,Emersonn,IPS,FWD,55,0,0,1.7,13669,12486,111216,80540,a,,2026-08-31T09:30:08.306145Z,100,100,2,,,4.0,2,12,175,3,1,0,0,4,0,7,3,2,2,1.04,0.06,1.10,2.02,4.0,4.0
2026-09-08T00:37:13+00:00,2026-09-07,daily,4,2026-09-12T12:30:00Z,317,Hirst,IPS,FWD,50,0,0,0.1,0,957,0,14017,u,Has joined Stoke City permanently,2026-08-21T13:06:08.606019Z,0,0,,,,0.0,0,0,0,0,0,0,0,0,0,0,0,0,0,0.00,0.00,0.00,0.00,0.0,0.0
2026-09-08T00:37:13+00:00,2026-09-07,daily,4,2026-09-12T12:30:00Z,318,Philogene,IPS,MID,54,0,-1,0.1,7,725,154,8103,i,Ankle injury - Unknown return date,2026-08-25T11:30:07.532993Z,0,0,3,,4,0.0,0,0,0,0,0,0,0,0,0,0,0,0,0,0.00,0.00,0.00,0.00,0.0,0.0
2026-09-08T00:37:13+00:00,2026-09-07,daily,4,2026-09-12T12:30:00Z,319,Szmodics,IPS,MID,50,0,0,0.0,0,46,0,646,u,Has joined Derby County on loan for the rest of the season,2026-08-17T13:51:41.713979Z,0,0,,,,0.0,0,0,0,0,0,0,0,0,0,0,0,0,0,0.00,0.00,0.00,0.00,0.0,0.0
2026-09-08T00:37:13+00:00,2026-09-07,daily,4,2026-09-12T12:30:00Z,320,Akpom,IPS,FWD,50,0,0,1.1,18580,8863,85859,32333,a,,,,,,,,2.0,0,6,69,0,1,0,0,4,0,3,0,1,2,0.97,0.00,0.97,4.04,2.0,2.0
2026-09-08T00:37:13+00:00,2026-09-07,daily,4,2026-09-12T12:30:00Z,321,Walle Egeli,IPS,FWD,45,0,0,3.4,39637,25181,208047,102776,a,,,,,,,,0.3,0,1,10,0,0,0,0,0,0,0,0,0,0,0.00,0.00,0.00,0.03,0.3,0.3
2026-09-08T00:37:13+00:00,2026-09-07,daily,4,2026-09-12T12:30:00Z,322,Al-Hamadi,IPS,FWD,50,0,0,0.1,0,889,755,7768,u,Has joined Sheffield Wednesday on loan for the rest of the season,2026-08-27T14:54:10.215357Z,0,0,,,,0.0,0,0,0,0,0,0,0,0,0,0,0,0,0,0.00,0.00,0.00,0.00,0.0,0.0
2026-09-08T00:37:13+00:00,2026-09-07,daily,4,2026-09-12T12:30:00Z,323,McAteer,IPS,MID,45,0,0,1.2,3834,6208,21075,33739,a,,,,,,,,1.0,1,3,42,0,0,0,0,0,0,5,0,1,4,0.05,0.00,0.05,0.21,1.0,1.0
2026-09-08T00:37:13+00:00,2026-09-07,daily,4,2026-09-12T12:30:00Z,324,Mehmeti,IPS,MID,49,0,-1,0.0,59,252,215,1695,a,,,,,,,,0.0,0,0,0,0,0,0,0,0,0,0,0,0,0,0.00,0.00,0.00,0.00,0.0,0.0
2026-09-08T00:37:13+00:00,2026-09-07,daily,4,2026-09-12T12:30:00Z,554,Van Oevelen,IPS,GKP,45,0,0,0.0,0,147,54,1482,u,Has joined Valencia on loan for the rest of the season,2026-08-25T14:04:09.529320Z,0,0,,,,0.0,0,0,0,0,0,0,0,0,0,0,0,0,0,0.00,0.00,0.00,0.00,0.0,0.0
2026-09-08T00:37:13+00:00,2026-09-07,daily,4,2026-09-12T12:30:00Z,562,Maeda,IPS,MID,54,-1,-1,0.3,450,2020,2093,11901,a,,,,,,,,2.0,2,6,216,3,0,0,0,7,0,19,8,7,4,0.71,0.01,0.72,5.16,2.0,2.0
2026-09-08T00:37:13+00:00,2026-09-07,daily,4,2026-09-12T12:30:00Z,564,Scherpen,IPS,GKP,45,0,0,0.6,2231,2129,7959,12862,a,,,,,,,,2.0,2,6,270,3,0,0,0,8,13,0,5,0,30,0.00,0.01,0.01,6.12,2.0,2.0
2026-09-08T00:37:13+00:00,2026-09-07,daily,4,2026-09-12T12:30:00Z,571,Florentino,IPS,MID,49,0,-1,0.1,195,450,632,5008,a,,2026-08-25T11:30:07.678802Z,100,100,,,,0.0,0,0,0,0,0,0,0,0,0,0,0,0,0,0.00,0.00,0.00,0.00,0.0,0.0
2026-09-08T00:37:13+00:00,2026-09-07,daily,4,2026-09-12T12:30:00Z,591,Enciso,IPS,MID,55,0,0,0.8,11970,6373,65536,21638,a,,2026-08-22T18:00:07.551930Z,100,100,,,,3.7,1,11,250,3,0,2,0,8,0,21,4,2,15,0.87,0.64,1.51,6.09,3.7,3.7
2026-09-08T00:37:13+00:00,2026-09-07,daily,4,2026-09-12T12:30:00Z,592,Ouattara,IPS,DEF,40,0,0,0.9,1335,2436,8505,15463,a,,,,,,,,1.0,1,3,39,0,0,0,0,1,0,2,2,0,3,0.00,0.02,0.02,0.89,1.0,1.0
2026-09-08T00:37:13+00:00,2026-09-07,daily,4,2026-09-12T12:30:00Z,602,Humphreys,IPS,MID,45,0,0,0.0,0,640,2861,2177,u,Has joined Huddersfield Town on loan for the rest of the season,2026-09-02T16:04:17.524642Z,0,0,,,,0.0,0,0,0,0,0,0,0,0,0,0,0,0,0,0.00,0.00,0.00,0.00,0.0,0.0
2026-09-08T00:37:13+00:00,2026-09-07,daily,4,2026-09-12T12:30:00Z,619,Palacios,IPS,MID,50,0,0,0.0,1285,397,2700,749,a,,,,,,,,2.5,4,5,105,1,0,0,0,4,0,25,5,5,15,0.00,0.03,0.03,2.61,2.5,2.5
2026-09-08T00:37:13+00:00,2026-09-07,daily,4,2026-09-12T12:30:00Z,640,Flemming,IPS,FWD,55,0,0,0.0,1178,299,2939,532,a,,,,,,,,1.0,1,1,24,0,0,0,0,0,0,0,0,0,0,0.02,0.01,0.03,0.06,1.8,1.8
2026-09-08T00:37:13+00:00,2026-09-07,daily,4,2026-09-12T12:30:00Z,260,Wilson,LEE,MID,64,0,-1,3.4,1570,59882,23826,273255,a,,,,,,,2,1.3,0,4,127,1,0,0,1,0,0,9,2,3,4,0.01,0.06,0.07,2.98,1.3,1.3
2026-09-08T00:37:13+00:00,2026-09-07,daily,4,2026-09-12T12:30:00Z,326,Perri,LEE,GKP,45,0,0,0.4,0,3744,532,18560,u,Has joined Torino on loan for the rest of the season,2026-09-01T13:12:39.210133Z,0,0,,,,0.0,0,0,0,0,0,0,0,0,0,0,0,0,0,0.00,0.00,0.00,0.00,0.0,0.0
2026-09-08T00:37:13+00:00,2026-09-07,daily,4,2026-09-12T12:30:00Z,327,Bijol,LEE,DEF,50,0,0,0.9,2284,7211,62411,32922,a,,,,,,,,4.0,1,12,164,2,0,0,1,2,0,21,18,3,7,0.11,0.00,0.11,3.16,4.0,4.0
2026-09-08T00:37:13+00:00,2026-09-07,daily,4,2026-09-12T12:30:00Z,329,Rodon,LEE,DEF,44,-1,-1,1.7,90,53163,26760,193364,i,Hamstring injury - Expected back 21 Nov,2026-08-30T16:00:08.564382Z,0,0,,,,2.3,0,7,123,2,0,0,1,0,0,11,10,1,2,0.03,0.06,0.09,1.01,0.0,0.0
2026-09-08T00:37:13+00:00,2026-09-07,daily,4,2026-09-12T12:30:00Z,330,Bogle,LEE,DEF,45,0,0,1.3,47797,7042,58811,15687,a,,,,,,,,7.3,14,22,217,3,1,0,2,1,0,12,9,3,8,0.90,0.03,0.93,1.64,7.3,7.3
2026-09-08T00:37:13+00:00,2026-09-07,daily,4,2026-09-12T12:30:00Z,331,Gudmundsson,LEE,DEF,45,0,0,0.1,478,217,1188,1600,a,,2026-08-08T20:00:07.546568Z,100,100,,,,0.7,2,2,90,1,0,0,0,1,0,5,2,3,9,0.00,0.00,0.00,2.19,0.7,0.7
2026-09-08T00:37:13+00:00,2026-09-07,daily,4,2026-09-12T12:30:00Z,332,Justin,LEE,DEF,45,0,0,1.5,9323,7536,88489,38355,a,,,,,,,,5.3,4,16,270,3,0,0,1,2,0,30,19,11,11,0.17,0.02,0.19,4.52,5.3,5.3
2026-09-08T00:37:13+00:00,2026-09-07,daily,4,2026-09-12T12:30:00Z,333,Bornauw,LEE,DEF,45,0,0,0.0,0,20,0,253,u,Has joined Hamburg SV on loan for the rest of the season,2026-08-19T13:56:14.645970Z,0,0,,,,0.0,0,0,0,0,0,0,0,0,0,0,0,0,0,0.00,0.00,0.00,0.00,0.0,0.0
2026-09-08T00:37:13+00:00,2026-09-07,daily,4,2026-09-12T12:30:00Z,334,Muharemović,LEE,DEF,50,0,0,3.4,35744,21246,97787,75681,a,,,,,,,,4.7,4,14,270,3,0,0,1,2,0,39,36,3,6,0.09,0.02,0.11,4.52,4.7,4.7
2026-09-08T00:37:13+00:00,2026-09-07,daily,4,2026-09-12T12:30:00Z,335,Stach,LEE,MID,60,0,0,2.9,12847,21512,156367,84748,a,,,,,,1,1,6.3,2,19,270,3,1,0,1,2,0,38,18,9,11,0.49,0.16,0.65,4.52,6.3,6.3
2026-09-08T00:37:13+00:00,2026-09-07,daily,4,2026-09-12T12:30:00Z,336,Okafor,LEE,MID,59,0,-1,0.3,919,2622,4793,22681,a,,,,,,,,2.0,3,6,153,2,0,0,1,1,0,7,2,3,2,0.08,0.18,0.26,1.11,2.0,2.0
2026-09-08T00:37:13+00:00,2026-09-07,daily,4,2026-09-12T12:30:00Z,337,Aaronson,LEE,MID,54,-1,-1,0.6,539,5165,5158,29692,a,,,,,,3,,1.7,1,5,154,2,0,0,1,2,0,10,1,2,7,0.01,0.02,0.03,3.08,1.7,1.7
2026-09-08T00:37:13+00:00,2026-09-07,daily,4,2026-09-12T12:30:00Z,338,Ampadu,LEE,MID,55,0,0,1.1,1251,7187,9404,35897,a,,,,,,,,3.0,2,9,270,3,0,0,1,2,0,34,17,8,9,0.01,0.14,0.15,4.52,3.0,3.0
2026-09-08T00:37:13+00:00,2026-09-07,daily,4,2026-09-12T12:30:00Z,339,Longstaff,LEE,MID,49,-1,-1,0.1,358,853,1572,5088,a,,,,,,2,3,0.3,0,1,8,0,0,0,0,0,0,0,0,0,0,0.00,0.00,0.00,0.07,0.3,0.3
2026-09-08T00:37:13+00:00,2026-09-07,daily,4,2026-09-12T12:30:00Z,341,Gnonto,LEE,MID,50,0,0,0.0,0,277,244,1421,u,Has joined ACF Fiorentina on loan for the rest of the season,2026-09-02T16:04:47.189648Z,0,0,,,,0.0,0,0,0,0,0,0,0,0,0,0,0,0,0,0.00,0.00,0.00,0.00,0.0,0.0
2026-09-08T00:37:13+00:00,2026-09-07,daily,4,2026-09-12T12:30:00Z,342,Harrison,LEE,MID,50,0,0,0.0,0,7,0,60,u,Has joined New England Revolution permanently,2026-07-28T12:59:09.492431Z,0,0,,,,0.0,0,0,0,0,0,0,0,0,0,0,0,0,0,0.00,0.00,0.00,0.00,0.0,0.0
2026-09-08T00:37:13+00:00,2026-09-07,daily,4,2026-09-12T12:30:00Z,343,James,LEE,MID,50,0,0,0.1,375,915,2837,4942,a,,,,,,,,0.3,0,1,22,0,0,0,0,0,0,2,0,0,2,0.24,0.01,0.25,0.93,0.3,0.3
2026-09-08T00:37:13+00:00,2026-09-07,daily,4,2026-09-12T12:30:00Z,344,Gruev,LEE,MID,50,0,0,0.0,7,22,49,222,d,Knee injury - 25% chance of playing,2026-08-14T23:00:06.272027Z,25,25,,,,0.0,0,0,0,0,0,0,0,0,0,0,0,0,0,0.00,0.00,0.00,0.00,0.0,0.0
2026-09-08T00:37:13+00:00,2026-09-07,daily,4,2026-09-12T12:30:00Z,345,Tanaka,LEE,MID,49,0,-1,0.2,2924,1290,7289,10024,a,,,,,,,4,2.0,5,6,117,1,0,1,0,1,0,19,8,5,6,0.53,0.02,0.55,2.00,2.0,2.0
2026-09-08T00:37:13+00:00,2026-09-07,daily,4,2026-09-12T12:30:00Z,346,Calvert-Lewin,LEE,FWD,60,0,0,24.3,45979,201098,328879,733262,a,,,,,1,,,3.3,1,10,252,3,1,0,1,2,0,9,4,0,5,1.61,0.08,1.69,3.20,3.3,3.3
2026-09-08T00:37:13+00:00,2026-09-07,daily,4,2026-09-12T12:30:00Z,347,Nmecha,LEE,FWD,54,-1,-1,0.5,2314,3342,9658,21425,a,,,,,2,,,1.7,1,5,38,0,0,1,0,0,0,1,0,0,1,0.27,0.14,0.41,2.25,1.7,1.7
2026-09-08T00:37:13+00:00,2026-09-07,daily,4,2026-09-12T12:30:00Z,348,Piroe,LEE,FWD,50,0,0,0.1,0,814,0,9110,u,Has joined West Ham United on loan for the rest of the season,2026-08-19T13:56:14.666726Z,0,0,3,,,0.0,0,0,0,0,0,0,0,0,0,0,0,0,0,0.00,0.00,0.00,0.00,0.0,0.0
2026-09-08T00:37:13+00:00,2026-09-07,daily,4,2026-09-12T12:30:00Z,349,Mateo Joseph,LEE,FWD,45,0,0,0.1,386,516,1658,2649,i,Knee injury - Unknown return date,2026-07-29T18:00:10.338170Z,0,0,,,,0.0,0,0,0,0,0,0,0,0,0,0,0,0,0,0.00,0.00,0.00,0.00,0.0,0.0
2026-09-08T00:37:13+00:00,2026-09-07,daily,4,2026-09-12T12:30:00Z,385,Trafford,LEE,GKP,50,0,0,5.4,27770,19314,173061,83238,a,,,,,,,,5.0,3,15,270,3,0,0,1,2,11,0,2,0,31,0.00,0.00,0.00,4.52,5.0,5.0
2026-09-08T00:37:13+00:00,2026-09-07,daily,4,2026-09-12T12:30:00Z,598,Elvedi,LEE,DEF,45,0,0,0.0,585,331,1668,1138,a,,,,,,,,1.7,4,5,146,1,0,0,0,2,0,16,15,1,4,0.00,0.57,0.57,3.51,1.7,1.7
2026-09-08T00:37:13+00:00,2026-09-07,daily,4,2026-09-12T12:30:00Z,603,Lienou,LEE,DEF,40,0,0,0.1,679,536,4703,1991,a,,,,,,,,0.0,0,0,0,0,0,0,0,0,0,0,0,0,0,0.00,0.00,0.00,0.00,0.0,0.0
2026-09-08T00:37:13+00:00,2026-09-07,daily,4,2026-09-12T12:30:00Z,604,Cresswell,LEE,MID,45,0,0,0.1,1928,1115,10879,4019,a,,,,,,,,0.0,0,0,0,0,0,0,0,0,0,0,0,0,0,0.00,0.00,0.00,0.00,0.0,0.0
2026-09-08T00:37:13+00:00,2026-09-07,daily,4,2026-09-12T12:30:00Z,625,Cairns,LEE,GKP,40,0,0,0.2,3263,940,12688,2324,a,,,,,,,,0.0,0,0,0,0,0,0,0,0,0,0,0,0,0,0.00,0.00,0.00,0.00,0.0,0.0
2026-09-08T00:37:13+00:00,2026-09-07,daily,4,2026-09-12T12:30:00Z,629,Zetterer,LEE,GKP,40,0,0,0.4,11723,1946,24997,3253,a,,,,,,,,0.0,0,0,0,0,0,0,0,0,0,0,0,0,0,0.00,0.00,0.00,0.00,1.0,1.0
2026-09-08T00:37:13+00:00,2026-09-07,daily,4,2026-09-12T12:30:00Z,641,Bard,LEE,DEF,45,0,0,0.0,143,46,320,74,a,,,,,,,,0.0,0,0,0,0,0,0,0,0,0,0,0,0,0,0.00,0.00,0.00,0.00,1.8,1.8
2026-09-08T00:37:13+00:00,2026-09-07,daily,4,2026-09-12T12:30:00Z,648,Bahoya,LEE,MID,50,0,0,0.0,491,170,1506,366,a,,,,,,,,0.0,0,0,0,0,0,0,0,0,0,0,0,0,0,0.00,0.00,0.00,0.00,1.5,1.5
2026-09-08T00:37:13+00:00,2026-09-07,daily,4,2026-09-12T12:30:00Z,350,A.Becker,LIV,GKP,55,0,0,3.8,17109,12995,84937,92208,a,,,,,,,,3.3,8,10,270,3,0,0,1,4,9,0,6,0,24,0.00,0.00,0.00,4.63,3.3,3.3
2026-09-08T00:37:13+00:00,2026-09-07,daily,4,2026-09-12T12:30:00Z,351,Mamardashvili,LIV,GKP,49,0,-1,0.1,346,1133,2006,6011,a,,,,,,,,0.0,0,0,0,0,0,0,0,0,0,0,0,0,0,0.00,0.00,0.00,0.00,0.0,0.0
2026-09-08T00:37:13+00:00,2026-09-07,daily,4,2026-09-12T12:30:00Z,352,Woodman,LIV,GKP,40,0,0,1.1,1762,3582,13252,17052,a,,,,,,,,0.0,0,0,0,0,0,0,0,0,0,0,0,0,0,0.00,0.00,0.00,0.00,0.0,0.0
2026-09-08T00:37:13+00:00,2026-09-07,daily,4,2026-09-12T12:30:00Z,353,Pecsi,LIV,GKP,40,0,0,0.0,0,97,0,829,u,Has joined TSV Hartberg on loan for the rest of the season,2026-08-18T14:11:18.638344Z,0,0,,,,0.0,0,0,0,0,0,0,0,0,0,0,0,0,0,0.00,0.00,0.00,0.00,0.0,0.0
2026-09-08T00:37:13+00:00,2026-09-07,daily,4,2026-09-12T12:30:00Z,354,Jaros,LIV,GKP,40,0,0,0.0,316,169,1028,684,i,Knee injury - Unknown return date,2026-07-29T18:00:10.351066Z,0,0,,,,0.0,0,0,0,0,0,0,0,0,0,0,0,0,0,0.00,0.00,0.00,0.00,0.0,0.0
2026-09-08T00:37:13+00:00,2026-09-07,daily,4,2026-09-12T12:30:00Z,355,Davies,LIV,GKP,40,0,0,0.2,592,554,2953,2406,a,,,,,,,,0.0,0,0,0,0,0,0,0,0,0,0,0,0,0,0.00,0.00,0.00,0.00,0.0,0.0
2026-09-08T00:37:13+00:00,2026-09-07,daily,4,2026-09-12T12:30:00Z,356,Virgil,LIV,DEF,65,0,0,17.3,38534,58669,180798,411224,a,,,,,,,,3.0,6,9,270,3,0,0,1,4,0,25,20,5,15,0.25,0.06,0.31,4.63,3.0,3.0
2026-09-08T00:37:13+00:00,2026-09-07,daily,4,2026-09-12T12:30:00Z,357,Frimpong,LIV,DEF,54,-1,-1,2.5,2283,47506,51897,151475,a,,,,,,,,0.3,0,1,160,2,0,0,0,4,0,8,5,3,6,0.01,0.11,0.12,3.81,0.3,0.3
2026-09-08T00:37:13+00:00,2026-09-07,daily,4,2026-09-12T12:30:00Z,358,Kerkez,LIV,DEF,54,-1,-1,2.8,5652,16128,35296,115566,a,,,,,,,,2.0,5,6,250,3,0,0,1,4,0,20,14,6,8,0.02,0.06,0.08,4.56,2.0,2.0
2026-09-08T00:37:13+00:00,2026-09-07,daily,4,2026-09-12T12:30:00Z,359,Gomez,LIV,DEF,50,0,0,0.0,30,110,179,844,i,Muscular injury - Unknown return date,2026-07-26T08:30:10.078473Z,0,0,,,,0.0,0,0,0,0,0,0,0,0,0,0,0,0,0,0.00,0.00,0.00,0.00,0.0,0.0
2026-09-08T00:37:13+00:00,2026-09-07,daily,4,2026-09-12T12:30:00Z,360,Bradley,LIV,DEF,50,0,0,0.0,41,99,234,536,i,Knee injury - Unknown return date,2026-07-23T12:01:23.565711Z,0,0,,,,0.0,0,0,0,0,0,0,0,0,0,0,0,0,0,0.00,0.00,0.00,0.00,0.0,0.0
2026-09-08T00:37:13+00:00,2026-09-07,daily,4,2026-09-12T12:30:00Z,361,Lucky,LIV,DEF,40,0,0,0.1,429,775,2457,3340,a,,,,,,,,0.0,0,0,0,0,0,0,0,0,0,0,0,0,0,0.00,0.00,0.00,0.00,0.0,0.0
2026-09-08T00:37:13+00:00,2026-09-07,daily,4,2026-09-12T12:30:00Z,362,Jacquet,LIV,DEF,50,0,0,2.7,21575,15182,101110,73855,a,,2026-07-23T12:01:23.581126Z,100,100,,,,3.0,5,9,235,3,0,0,1,4,0,23,16,7,10,0.00,0.10,0.10,4.02,3.0,3.0
2026-09-08T00:37:13+00:00,2026-09-07,daily,4,2026-09-12T12:30:00Z,363,Leoni,LIV,DEF,40,0,0,0.0,91,242,605,1378,i,Knee injury - Unknown return date,2026-07-23T12:01:23.596909Z,0,0,,,,0.0,0,0,0,0,0,0,0,0,0,0,0,0,0,0.00,0.00,0.00,0.00,0.0,0.0
2026-09-08T00:37:13+00:00,2026-09-07,daily,4,2026-09-12T12:30:00Z,364,Tsimikas,LIV,DEF,49,-1,-1,0.1,149,756,975,2825,a,,,,,,,,0.3,0,1,19,0,0,0,0,0,0,0,0,0,0,0.04,0.01,0.05,0.07,0.3,0.3
2026-09-08T00:37:13+00:00,2026-09-07,daily,4,2026-09-12T12:30:00Z,365,Ramsay,LIV,DEF,40,0,0,0.1,0,1102,638,10069,u,Has joined St Mirren on loan for the rest of the season,2026-08-26T14:05:26.748768Z,0,0,,,,0.0,0,0,0,0,0,0,0,0,0,0,0,0,0,0.00,0.00,0.00,0.00,0.0,0.0
2026-09-08T00:37:13+00:00,2026-09-07,daily,4,2026-09-12T12:30:00Z,366,Wirtz,LIV,MID,74,-1,-1,8.6,6048,124324,100001,437965,a,,,,,4,2,3,3.0,3,9,242,3,0,1,1,4,0,19,0,4,15,0.67,0.29,0.96,3.46,3.0,3.0
2026-09-08T00:37:13+00:00,2026-09-07,daily,4,2026-09-12T12:30:00Z,367,Gakpo,LIV,MID,72,1,2,13.6,479352,29465,920049,188397,a,,,,,3,,2,9.3,11,28,250,3,1,3,1,4,0,25,7,6,12,0.36,1.20,1.56,4.56,9.3,9.3
2026-09-08T00:37:13+00:00,2026-09-07,daily,4,2026-09-12T12:30:00Z,368,Szoboszlai,LIV,MID,70,0,0,38.8,54865,274025,580889,727858,a,,,,,1,1,1,5.0,3,15,270,3,1,0,1,4,0,29,8,4,17,1.17,0.52,1.69,4.63,5.0,5.0
2026-09-08T00:37:13+00:00,2026-09-07,daily,4,2026-09-12T12:30:00Z,369,Ngumoha,LIV,MID,58,-1,-2,0.6,703,13703,9723,63989,a,,,,,,,,1.0,0,3,81,1,0,0,0,2,0,3,0,1,2,0.04,0.05,0.09,0.58,1.0,1.0
2026-09-08T00:37:13+00:00,2026-09-07,daily,4,2026-09-12T12:30:00Z,370,Chiesa,LIV,MID,54,0,-1,0.1,11,803,646,8599,i,Back injury - Unknown return date,2026-08-27T13:30:07.598926Z,0,0,,,,0.0,0,0,0,0,0,0,0,0,0,0,0,0,0,0.00,0.00,0.00,0.00,0.0,0.0
2026-09-08T00:37:13+00:00,2026-09-07,daily,4,2026-09-12T12:30:00Z,371,Gravenberch,LIV,MID,59,-1,-1,1.5,2827,21445,28606,81598,a,,,,,,,,2.3,1,7,122,1,0,1,0,2,0,14,3,2,9,0.06,0.06,0.12,1.34,2.3,2.3
2026-09-08T00:37:13+00:00,2026-09-07,daily,4,2026-09-12T12:30:00Z,372,Mac Allister,LIV,MID,54,-1,-1,1.4,4449,11211,21638,60777,a,,,,,5,,,1.7,2,5,186,2,0,0,1,2,0,24,5,8,11,0.08,0.42,0.50,3.90,1.7,1.7
2026-09-08T00:37:13+00:00,2026-09-07,daily,4,2026-09-12T12:30:00Z,373,C.Jones,LIV,MID,55,0,0,0.0,0,219,34,2277,u,Has joined Internazionale permanently,2026-08-16T18:30:07.426408Z,0,0,,,,0.0,0,0,0,0,0,0,0,0,0,0,0,0,0,0.00,0.00,0.00,0.00,0.0,0.0
2026-09-08T00:37:13+00:00,2026-09-07,daily,4,2026-09-12T12:30:00Z,374,Endo,LIV,MID,50,0,0,0.1,311,640,1594,3071,a,,2026-07-23T12:01:23.612529Z,100,100,,,,0.0,0,0,0,0,0,0,0,0,0,0,0,0,0,0.00,0.00,0.00,0.00,0.0,0.0
2026-09-08T00:37:13+00:00,2026-09-07,daily,4,2026-09-12T12:30:00Z,375,Nyoni,LIV,MID,49,-1,-1,0.0,268,374,910,1869,a,,,,,,,,0.7,1,2,19,0,0,0,0,0,0,5,1,2,2,0.00,0.00,0.00,0.22,0.7,0.7
2026-09-08T00:37:13+00:00,2026-09-07,daily,4,2026-09-12T12:30:00Z,376,Bajcetic,LIV,MID,50,0,0,0.0,0,11,19,83,u,Has joined Celta Vigo permanently,2026-07-23T12:01:23.628373Z,0,0,,,,0.0,0,0,0,0,0,0,0,0,0,0,0,0,0,0.00,0.00,0.00,0.00,0.0,0.0
2026-09-08T00:37:13+00:00,2026-09-07,daily,4,2026-09-12T12:30:00Z,377,Munoz,LIV,MID,65,0,0,1.2,8799,14988,98496,44102,a,,,,,,,,4.3,3,13,180,2,1,1,1,2,0,11,4,2,5,0.42,0.25,0.67,3.95,4.3,4.3
2026-09-08T00:37:13+00:00,2026-09-07,daily,4,2026-09-12T12:30:00Z,378,McConnell,LIV,MID,45,0,0,0.2,541,1378,2828,7601,a,,,,,,,,0.0,0,0,0,0,0,0,0,0,0,0,0,0,0,0.00,0.00,0.00,0.00,0.0,0.0
2026-09-08T00:37:13+00:00,2026-09-07,daily,4,2026-09-12T12:30:00Z,379,Isak,LIV,FWD,91,1,1,20.0,337878,35449,592501,343431,a,,,,,2,,,7.7,13,23,243,3,3,0,1,4,0,5,2,1,2,2.29,0.06,2.35,4.46,7.7,7.7
2026-09-08T00:37:13+00:00,2026-09-07,daily,4,2026-09-12T12:30:00Z,380,Ekitiké,LIV,FWD,74,-1,-1,0.1,293,1349,1698,8588,i,Achilles injury - Unknown return date,2026-07-23T12:01:23.643771Z,0,0,,,,0.0,0,0,0,0,0,0,0,0,0,0,0,0,0,0.00,0.00,0.00,0.00,0.0,0.0
2026-09-08T00:37:13+00:00,2026-09-07,daily,4,2026-09-12T12:30:00Z,381,Koumas,LIV,MID,50,0,0,0.0,71,165,388,753,a,,,,,,,,0.7,1,2,13,0,0,0,0,0,0,1,0,0,1,0.03,0.00,0.03,0.58,0.7,0.7
2026-09-08T00:37:13+00:00,2026-09-07,daily,4,2026-09-12T12:30:00Z,382,Danns,LIV,FWD,45,0,0,0.1,3861,1183,7085,2691,a,,2026-07-23T12:01:23.659279Z,100,100,,,,0.0,0,0,0,0,0,0,0,0,0,0,0,0,0,0.00,0.00,0.00,0.00,0.0,0.0
2026-09-08T00:37:13+00:00,2026-09-07,daily,4,2026-09-12T12:30:00Z,383,Elliott,LIV,MID,54,0,-1,0.0,0,1103,907,4775,u,Has joined Valencia on loan for the rest of the season,2026-09-02T16:05:49.104326Z,0,0,,,,0.0,0,0,0,0,0,0,0,0,0,0,0,0,0,0.00,0.00,0.00,0.00,0.0,0.0
2026-09-08T00:37:13+00:00,2026-09-07,daily,4,2026-09-12T12:30:00Z,579,Araujo,LIV,DEF,54,0,-1,2.3,18003,8584,53285,122898,a,,,,,,,,3.0,8,9,123,1,0,0,1,0,0,15,13,2,4,0.00,0.05,0.05,1.36,3.0,3.0
2026-09-08T00:37:13+00:00,2026-09-07,daily,4,2026-09-12T12:30:00Z,627,Barcola,LIV,MID,80,0,0,1.7,51197,17200,186985,36816,a,,,,,,,,1.0,1,1,26,0,0,0,0,0,0,0,0,0,0,0.00,0.07,0.07,0.17,2.8,2.8
2026-09-08T00:37:13+00:00,2026-09-07,daily,4,2026-09-12T12:30:00Z,155,Enzo,MCI,MID,69,0,-1,3.2,14678,24863,60600,246964,a,,,,,,,,1.3,3,4,100,1,0,0,1,0,0,6,1,1,4,0.13,0.14,0.27,1.28,1.3,1.3
2026-09-08T00:37:13+00:00,2026-09-07,daily,4,2026-09-12T12:30:00Z,237,Ndiaye,MCI,MID,59,-1,-1,10.3,24445,155200,228814,688372,a,,,,,,,,5.3,3,16,266,3,0,1,2,1,0,30,6,7,17,0.28,0.43,0.71,5.47,5.3,5.3
2026-09-08T00:37:13+00:00,2026-09-07,daily,4,2026-09-12T12:30:00Z,384,Donnarumma,MCI,GKP,55,0,0,7.8,16089,35221,121237,200238,a,,,,,,,,3.3,7,10,270,3,0,0,1,2,7,0,2,0,14,0.00,0.00,0.00,2.68,3.3,3.3
2026-09-08T00:37:13+00:00,2026-09-07,daily,4,2026-09-12T12:30:00Z,386,Bettinelli,MCI,GKP,45,0,0,0.0,72,128,379,737,a,,,,,,,,0.0,0,0,0,0,0,0,0,0,0,0,0,0,0,0.00,0.00,0.00,0.00,0.0,0.0
2026-09-08T00:37:13+00:00,2026-09-07,daily,4,2026-09-12T12:30:00Z,387,O'Reilly,MCI,DEF,65,0,0,15.6,3995,293848,170022,692208,d,Back injury - 75% chance of playing,2026-09-05T18:00:06.379802Z,,75,,,,1.3,0,4,150,2,0,0,0,2,0,3,1,2,7,0.09,0.43,0.52,1.21,1.3,1.0
2026-09-08T00:37:13+00:00,2026-09-07,daily,4,2026-09-12T12:30:00Z,388,Guéhi,MCI,DEF,60,0,0,18.7,48553,50714,354185,274532,a,,,,,,,,6.7,8,20,270,3,1,0,1,2,0,18,15,3,14,0.89,0.38,1.27,2.68,6.7,6.7
2026-09-08T00:37:13+00:00,2026-09-07,daily,4,2026-09-12T12:30:00Z,389,Matheus N.,MCI,DEF,59,0,-1,1.0,1133,5627,4643,61539,a,,2026-08-27T11:30:08.171622Z,100,100,4,,,0.3,0,1,33,0,0,0,0,0,0,1,1,0,2,0.00,0.04,0.04,0.10,0.3,0.3
2026-09-08T00:37:13+00:00,2026-09-07,daily,4,2026-09-12T12:30:00Z,390,Rúben,MCI,DEF,55,0,0,1.8,5514,8033,35789,44544,a,,,,,,,,3.3,6,10,270,3,0,0,1,2,0,15,14,1,14,0.09,0.74,0.83,2.68,3.3,3.3
2026-09-08T00:37:13+00:00,2026-09-07,daily,4,2026-09-12T12:30:00Z,391,Gvardiol,MCI,DEF,56,0,1,19.7,168585,56073,945355,212374,a,,,,,,,,7.3,8,22,254,3,1,1,1,2,0,17,10,7,12,0.20,0.11,0.31,2.68,7.3,7.3
2026-09-08T00:37:13+00:00,2026-09-07,daily,4,2026-09-12T12:30:00Z,392,Aït-Nouri,MCI,DEF,53,-1,-2,0.5,507,6269,5143,48119,a,,,,,,,,0.0,0,0,0,0,0,0,0,0,0,0,0,0,0,0.00,0.00,0.00,0.00,0.0,0.0
2026-09-08T00:37:13+00:00,2026-09-07,daily,4,2026-09-12T12:30:00Z,393,Khusanov,MCI,DEF,55,0,0,1.6,3367,6630,19245,45450,a,,,,,,,,3.0,5,9,268,3,0,0,1,2,0,17,9,8,13,0.00,0.06,0.06,2.68,3.0,3.0
2026-09-08T00:37:13+00:00,2026-09-07,daily,4,2026-09-12T12:30:00Z,394,Alleyne,MCI,DEF,50,0,0,0.0,0,37,0,536,u,Has joined Burnley on loan for the rest of the season,2026-08-18T14:11:56.324656Z,0,0,,,,0.0,0,0,0,0,0,0,0,0,0,0,0,0,0,0.00,0.00,0.00,0.00,0.0,0.0
2026-09-08T00:37:13+00:00,2026-09-07,daily,4,2026-09-12T12:30:00Z,395,Lewis,MCI,DEF,45,0,0,0.2,501,2245,6273,10501,a,,,,,,,,0.3,0,1,56,1,0,0,0,1,0,2,2,0,0,0.17,0.02,0.19,0.55,0.3,0.3
2026-09-08T00:37:13+00:00,2026-09-07,daily,4,2026-09-12T12:30:00Z,396,Vitor Reis,MCI,DEF,45,0,0,0.0,40,155,274,657,a,,,,,,,,0.3,0,1,1,0,0,0,0,0,0,0,0,0,0,0.00,0.00,0.00,0.00,0.3,0.3
2026-09-08T00:37:13+00:00,2026-09-07,daily,4,2026-09-12T12:30:00Z,397,Semenyo,MCI,MID,84,-1,-1,18.2,19258,136437,136986,740768,a,,,,,2,,,4.3,6,13,270,3,0,2,1,2,0,12,0,3,9,0.17,0.93,1.10,2.68,4.3,4.3
2026-09-08T00:37:13+00:00,2026-09-07,daily,4,2026-09-12T12:30:00Z,398,Foden,MCI,MID,70,0,0,4.9,10103,96130,292986,217530,a,,,,,,2,3,3.7,1,11,195,2,0,2,0,2,0,14,2,4,8,1.61,0.86,2.47,1.81,3.7,3.7
2026-09-08T00:37:13+00:00,2026-09-07,daily,4,2026-09-12T12:30:00Z,399,Cherki,MCI,MID,78,1,3,30.4,168482,161222,2237690,284566,a,,,,,,1,1,8.3,3,25,173,2,2,2,1,1,0,6,0,0,6,0.56,1.35,1.91,1.62,8.3,8.3
2026-09-08T00:37:13+00:00,2026-09-07,daily,4,2026-09-12T12:30:00Z,400,Doku,MCI,MID,74,0,-1,0.8,153,7523,1100,111909,i,Calf injury - Expected back 13 Sep,2026-08-18T17:00:08.385597Z,0,0,3,,,0.0,0,0,0,0,0,0,0,0,0,0,0,0,0,0.00,0.00,0.00,0.00,0.0,0.0
2026-09-08T00:37:13+00:00,2026-09-07,daily,4,2026-09-12T12:30:00Z,402,Rodrigo,MCI,MID,65,0,0,0.0,0,54,0,1119,u,Has joined Barcelona permanently,2026-07-23T12:01:23.675537Z,0,0,,,,0.0,0,0,0,0,0,0,0,0,0,0,0,0,0,0.00,0.00,0.00,0.00,0.0,0.0
2026-09-08T00:37:13+00:00,2026-09-07,daily,4,2026-09-12T12:30:00Z,404,Reijnders,MCI,MID,60,0,0,0.0,0,311,0,7631,u,Has joined Al Qadsiah permanently,2026-08-20T14:02:58.154273Z,0,0,,,,0.0,0,0,0,0,0,0,0,0,0,0,0,0,0,0.00,0.00,0.00,0.00,0.0,0.0
2026-09-08T00:37:13+00:00,2026-09-07,daily,4,2026-09-12T12:30:00Z,406,Kovačić,MCI,MID,54,-1,-1,0.1,268,768,1744,4204,a,,,,,,,,0.7,0,2,42,0,0,0,0,0,0,2,0,0,2,0.00,0.02,0.02,0.10,0.7,0.7
2026-09-08T00:37:13+00:00,2026-09-07,daily,4,2026-09-12T12:30:00Z,407,Echeverri,MCI,MID,49,0,-1,0.0,0,233,250,1036,u,Has joined Benfica on loan for the rest of the season,2026-09-03T15:41:24.710479Z,0,0,,,,0.0,0,0,0,0,0,0,0,0,0,0,0,0,0,0.00,0.00,0.00,0.00,0.0,0.0
2026-09-08T00:37:13+00:00,2026-09-07,daily,4,2026-09-12T12:30:00Z,408,Phillips,MCI,MID,50,0,0,0.0,0,32,0,493,u,Has joined Sheffield United on loan for the rest of the season,2026-08-18T14:11:56.348781Z,0,0,,,,0.0,0,0,0,0,0,0,0,0,0,0,0,0,0,0.00,0.00,0.00,0.00,0.0,0.0
2026-09-08T00:37:13+00:00,2026-09-07,daily,4,2026-09-12T12:30:00Z,409,Mukasa,MCI,MID,45,0,0,0.1,0,1969,1621,8430,u,has joined West Ham on loan for the rest of the seaon.,2026-09-03T10:34:10.733520Z,0,0,,,,0.0,0,0,0,0,0,0,0,0,0,0,0,0,0,0.00,0.00,0.00,0.00,0.0,0.0
2026-09-08T00:37:13+00:00,2026-09-07,daily,4,2026-09-12T12:30:00Z,410,Monga,MCI,MID,49,0,-1,0.0,0,232,219,967,u,Has joined Swansea City on loan for the rest of the season,2026-09-02T16:02:01.136760Z,0,0,,,,0.0,0,0,0,0,0,0,0,0,0,0,0,0,0,0.00,0.00,0.00,0.00,0.0,0.0
2026-09-08T00:37:13+00:00,2026-09-07,daily,4,2026-09-12T12:30:00Z,411,Haaland,MCI,FWD,155,0,0,71.2,77273,59883,547451,204245,a,,,,,1,,,8.0,9,24,270,3,3,0,1,2,0,15,8,0,7,2.46,0.50,2.96,2.68,8.0,8.0
2026-09-08T00:37:13+00:00,2026-09-07,daily,4,2026-09-12T12:30:00Z,481,Anderson,MCI,MID,63,-1,-2,4.7,9587,41657,60943,327881,a,,2026-08-23T17:00:07.952697Z,100,100,,,2,2.7,3,8,233,3,0,0,1,2,0,31,9,8,14,0.09,0.64,0.73,2.58,2.7,2.7
2026-09-08T00:37:13+00:00,2026-09-07,daily,4,2026-09-12T12:30:00Z,587,Rulli,MCI,GKP,50,0,0,0.0,70,135,311,699,a,,,,,,,,0.0,0,0,0,0,0,0,0,0,0,0,0,0,0,0.00,0.00,0.00,0.00,0.0,0.0
2026-09-08T00:37:13+00:00,2026-09-07,daily,4,2026-09-12T12:30:00Z,616,Bouaddi,MCI,MID,55,0,0,0.1,1693,2307,14047,5914,a,,,,,,,,1.0,1,2,22,0,0,0,0,0,0,6,3,0,3,0.00,0.12,0.12,0.37,1.0,1.0
2026-09-08T00:37:13+00:00,2026-09-07,daily,4,2026-09-12T12:30:00Z,621,McAidoo,MCI,MID,45,0,0,0.1,2218,1274,8896,3200,a,,,,,,,,1.0,1,2,11,0,0,0,0,0,0,4,0,2,2,0.10,0.00,0.10,0.02,1.0,1.0
2026-09-08T00:37:13+00:00,2026-09-07,daily,4,2026-09-12T12:30:00Z,622,Braithwaite,MCI,DEF,40,0,0,0.2,2538,1580,11822,3785,a,,,,,,,,0.5,0,1,1,0,0,0,0,0,0,0,0,0,1,0.00,0.00,0.00,0.00,0.5,0.5
2026-09-08T00:37:13+00:00,2026-09-07,daily,4,2026-09-12T12:30:00Z,628,Allan,MCI,MID,60,0,0,0.0,181,99,481,186,a,,,,,,,,0.0,0,0,0,0,0,0,0,0,0,0,0,0,0,0.00,0.00,0.00,0.00,2.2,2.2
2026-09-08T00:37:13+00:00,2026-09-07,daily,4,2026-09-12T12:30:00Z,653,Samba,MCI,MID,45,0,0,0.0,1790,393,1790,393,a,,,,,,,,0.0,0,0,0,0,0,0,0,0,0,0,0,0,0,0.00,0.00,0.00,0.00,1.0,1.0
2026-09-08T00:37:13+00:00,2026-09-07,daily,4,2026-09-12T12:30:00Z,43,Tielemans,MUN,MID,59,0,-1,1.8,4179,18005,29576,105217,a,,2026-07-23T12:01:23.321726Z,100,100,3,,,2.7,2,8,246,3,0,0,0,6,0,25,6,2,17,0.56,0.28,0.84,4.01,2.7,2.7
2026-09-08T00:37:13+00:00,2026-09-07,daily,4,2026-09-12T12:30:00Z,131,Baleba,MUN,MID,50,0,0,0.1,527,1306,4547,10701,i,Ankle injury - Expected back 19 Sep,2026-08-06T16:00:10.997714Z,0,0,,,,0.0,0,0,0,0,0,0,0,0,0,0,0,0,0,0.00,0.00,0.00,0.00,0.0,0.0
2026-09-08T00:37:13+00:00,2026-09-07,daily,4,2026-09-12T12:30:00Z,162,Andrey Santos,MUN,MID,49,0,-1,0.8,2258,8307,17060,47759,a,,,,,,,,1.3,1,4,82,1,0,0,0,4,0,18,7,4,7,0.00,0.24,0.24,2.03,1.3,1.3
2026-09-08T00:37:13+00:00,2026-09-07,daily,4,2026-09-12T12:30:00Z,325,Darlow,MUN,GKP,45,0,0,0.0,137,184,719,903,a,,2026-07-23T12:01:23.549136Z,100,100,,,,0.0,0,0,0,0,0,0,0,0,0,0,0,0,0,0.00,0.00,0.00,0.00,0.0,0.0
2026-09-08T00:37:13+00:00,2026-09-07,daily,4,2026-09-12T12:30:00Z,412,Lammens,MUN,GKP,50,0,0,12.6,6267,105657,73181,384849,a,,,,,,,,1.7,2,5,270,3,0,0,0,6,9,0,4,0,28,0.00,0.00,0.00,4.08,1.7,1.7
2026-09-08T00:37:13+00:00,2026-09-07,daily,4,2026-09-12T12:30:00Z,413,Bayindir,MUN,GKP,45,0,0,0.0,0,88,0,968,u,Has joined Celta Vigo on loan for the rest of the season,2026-08-10T14:02:28.608415Z,0,0,,,,0.0,0,0,0,0,0,0,0,0,0,0,0,0,0,0.00,0.00,0.00,0.00,0.0,0.0
2026-09-08T00:37:13+00:00,2026-09-07,daily,4,2026-09-12T12:30:00Z,414,Heaton,MUN,GKP,40,0,0,0.1,360,398,1209,2379,i,Hamstring injury - Unknown return date,2026-08-15T16:00:07.854151Z,0,0,,,,0.0,0,0,0,0,0,0,0,0,0,0,0,0,0,0.00,0.00,0.00,0.00,0.0,0.0
2026-09-08T00:37:13+00:00,2026-09-07,daily,4,2026-09-12T12:30:00Z,415,Dorgu,MUN,MID,58,-1,-2,0.7,813,9790,8760,75136,a,,,,,,,,0.7,1,2,75,1,0,0,0,5,0,6,3,2,1,0.65,0.05,0.70,2.28,0.7,0.7
2026-09-08T00:37:13+00:00,2026-09-07,daily,4,2026-09-12T12:30:00Z,416,De Ligt,MUN,DEF,50,0,0,0.0,61,176,274,1137,i,Back injury - Unknown return date,2026-07-23T12:01:23.690880Z,0,0,,,,0.0,0,0,0,0,0,0,0,0,0,0,0,0,0,0.00,0.00,0.00,0.00,0.0,0.0
2026-09-08T00:37:13+00:00,2026-09-07,daily,4,2026-09-12T12:30:00Z,417,Dalot,MUN,DEF,49,-1,-1,2.0,2244,15643,19445,87960,a,,,,,,,,1.3,1,4,166,2,0,0,0,2,0,11,7,4,5,0.16,0.13,0.29,1.98,1.3,1.3
2026-09-08T00:37:13+00:00,2026-09-07,daily,4,2026-09-12T12:30:00Z,418,Maguire,MUN,DEF,49,-1,-1,12.7,9604,155463,112337,552487,a,,,,,,,,2.3,2,7,270,3,0,1,0,6,0,21,20,1,11,0.07,0.42,0.49,4.08,2.3,2.3
2026-09-08T00:37:13+00:00,2026-09-07,daily,4,2026-09-12T12:30:00Z,419,Martinez,MUN,DEF,50,0,0,1.2,2847,6130,17796,43823,a,,2026-07-24T20:00:10.337107Z,100,100,,,,1.3,3,4,180,2,0,0,0,4,0,10,10,0,8,0.03,0.06,0.09,3.07,1.3,1.3
2026-09-08T00:37:13+00:00,2026-09-07,daily,4,2026-09-12T12:30:00Z,420,Yoro,MUN,DEF,49,0,-1,0.5,531,3594,3802,25534,a,,,,,,,,0.7,1,2,22,0,0,0,0,2,0,5,3,2,1,0.00,0.02,0.02,1.09,0.7,0.7
2026-09-08T00:37:13+00:00,2026-09-07,daily,4,2026-09-12T12:30:00Z,421,Heaven,MUN,DEF,44,-1,-1,0.3,489,2972,4877,16124,a,,,,,,,,0.3,0,1,90,1,0,0,0,2,0,2,1,1,4,0.12,0.04,0.16,1.01,0.3,0.3
2026-09-08T00:37:13+00:00,2026-09-07,daily,4,2026-09-12T12:30:00Z,422,Mazraoui,MUN,DEF,45,0,0,0.6,745,5589,9843,24704,a,,,,,,,,1.0,1,3,97,1,0,0,0,4,0,6,4,2,3,0.22,0.06,0.28,2.08,1.0,1.0
2026-09-08T00:37:13+00:00,2026-09-07,daily,4,2026-09-12T12:30:00Z,423,Shaw,MUN,DEF,44,-1,-1,14.2,10412,156588,83798,607567,a,,,,,,,3,2.3,4,7,252,3,0,1,0,4,0,20,14,6,6,0.02,0.51,0.53,3.01,2.3,2.3
2026-09-08T00:37:13+00:00,2026-09-07,daily,4,2026-09-12T12:30:00Z,424,Amass,MUN,DEF,40,0,0,0.2,841,994,3671,5331,a,,,,,,,,0.0,0,0,0,0,0,0,0,0,0,0,0,0,0,0.00,0.00,0.00,0.00,0.0,0.0
2026-09-08T00:37:13+00:00,2026-09-07,daily,4,2026-09-12T12:30:00Z,425,Fredricson,MUN,DEF,40,0,0,0.0,0,88,0,1097,u,Has joined Lausanne-Sport permanently,2026-08-18T14:12:31.904433Z,0,0,,,,0.0,0,0,0,0,0,0,0,0,0,0,0,0,0,0.00,0.00,0.00,0.00,0.0,0.0
2026-09-08T00:37:13+00:00,2026-09-07,daily,4,2026-09-12T12:30:00Z,426,B.Fernandes,MUN,MID,120,0,0,46.8,63081,236349,483431,800011,a,,,,,1,1,1,9.0,2,27,270,3,3,1,0,6,0,16,2,2,12,2.25,0.80,3.05,4.08,9.0,9.0
2026-09-08T00:37:13+00:00,2026-09-07,daily,4,2026-09-12T12:30:00Z,427,Mbeumo,MUN,MID,79,-1,-1,25.8,64812,194650,239665,1259750,a,,,,,2,2,2,7.0,8,21,270,3,2,1,0,6,0,17,4,3,10,2.31,0.47,2.78,4.08,7.0,7.0
2026-09-08T00:37:13+00:00,2026-09-07,daily,4,2026-09-12T12:30:00Z,428,Cunha,MUN,MID,79,-1,-1,7.2,5033,68323,55471,319047,a,,,,,,,,4.7,3,14,227,3,0,2,1,3,0,8,0,2,6,0.47,0.41,0.88,2.72,4.7,4.7
2026-09-08T00:37:13+00:00,2026-09-07,daily,4,2026-09-12T12:30:00Z,429,Rashford,MUN,MID,70,0,0,1.6,10479,12880,48354,72813,a,,,,,,3,,2.0,3,6,193,2,0,0,1,1,0,11,0,3,8,0.26,0.21,0.47,1.80,2.0,2.0
2026-09-08T00:37:13+00:00,2026-09-07,daily,4,2026-09-12T12:30:00Z,430,Mount,MUN,MID,54,0,-1,0.0,137,132,232,1417,a,,2026-08-15T16:00:07.879135Z,75,100,,4,,0.0,0,0,0,0,0,0,0,0,0,0,0,0,0,0.00,0.00,0.00,0.00,0.0,0.0
2026-09-08T00:37:13+00:00,2026-09-07,daily,4,2026-09-12T12:30:00Z,431,Amad,MUN,MID,58,0,-2,0.4,99,6361,1918,108623,i,Unspecified injury - Unknown return date,2026-08-22T11:00:08.617283Z,0,0,,,4,0.0,0,0,0,0,0,0,0,0,0,0,0,0,0,0.00,0.00,0.00,0.00,0.0,0.0
2026-09-08T00:37:13+00:00,2026-09-07,daily,4,2026-09-12T12:30:00Z,432,Mainoo,MUN,MID,55,0,0,1.2,14090,5028,37032,31852,a,,,,,,,,4.7,9,14,185,2,0,1,0,2,0,31,5,5,21,0.21,0.35,0.56,2.05,4.7,4.7
2026-09-08T00:37:13+00:00,2026-09-07,daily,4,2026-09-12T12:30:00Z,433,Ugarte,MUN,MID,50,0,0,0.0,15,30,71,187,i,Knee injury - Unknown return date,2026-07-23T12:01:23.706702Z,0,0,,,,0.0,0,0,0,0,0,0,0,0,0,0,0,0,0,0.00,0.00,0.00,0.00,0.0,0.0
2026-09-08T00:37:13+00:00,2026-09-07,daily,4,2026-09-12T12:30:00Z,434,J.Fletcher,MUN,MID,50,0,0,0.0,44,75,169,430,a,,,,,,,,0.0,0,0,0,0,0,0,0,0,0,0,0,0,0,0.00,0.00,0.00,0.00,0.0,0.0
2026-09-08T00:37:13+00:00,2026-09-07,daily,4,2026-09-12T12:30:00Z,435,Lacey,MUN,MID,49,-1,-1,0.1,108,416,733,2044,a,,,,,,,,0.3,0,1,10,0,0,0,0,0,0,1,0,0,1,0.00,0.00,0.00,0.00,0.3,0.3
2026-09-08T00:37:13+00:00,2026-09-07,daily,4,2026-09-12T12:30:00Z,436,Collyer,MUN,MID,50,0,0,0.0,0,163,150,778,u,Has joined West Brom permanently,2026-09-01T13:16:48.584385Z,0,0,,,,0.0,0,0,0,0,0,0,0,0,0,0,0,0,0,0.00,0.00,0.00,0.00,0.0,0.0
2026-09-08T00:37:13+00:00,2026-09-07,daily,4,2026-09-12T12:30:00Z,437,Bendito Mantato,MUN,MID,45,0,0,0.2,810,1072,3533,6139,a,,,,,,,,0.0,0,0,0,0,0,0,0,0,0,0,0,0,0,0.00,0.00,0.00,0.00,0.0,0.0
2026-09-08T00:37:13+00:00,2026-09-07,daily,4,2026-09-12T12:30:00Z,438,Fletcher,MUN,MID,45,0,0,0.3,795,1600,4007,9904,a,,,,,,,,0.0,0,0,0,0,0,0,0,0,0,0,0,0,0,0.00,0.00,0.00,0.00,0.0,0.0
2026-09-08T00:37:13+00:00,2026-09-07,daily,4,2026-09-12T12:30:00Z,439,Šeško,MUN,FWD,70,0,0,1.6,11112,12536,57247,76162,a,,2026-07-23T12:01:23.722029Z,100,100,,,,2.3,5,7,53,0,1,0,0,3,0,3,0,0,3,0.33,0.01,0.34,1.43,2.3,2.3
2026-09-08T00:37:13+00:00,2026-09-07,daily,4,2026-09-12T12:30:00Z,440,Zirkzee,MUN,FWD,54,0,-1,0.4,2299,4462,9959,30499,a,,,,,,,,0.0,0,0,0,0,0,0,0,0,0,0,0,0,0,0.00,0.00,0.00,0.00,0.0,0.0
2026-09-08T00:37:13+00:00,2026-09-07,daily,4,2026-09-12T12:30:00Z,441,Obi,MUN,FWD,45,0,0,1.2,8543,7244,33977,34651,a,,,,,,,,0.0,0,0,0,0,0,0,0,0,0,0,0,0,0,0.00,0.00,0.00,0.00,0.0,0.0
2026-09-08T00:37:13+00:00,2026-09-07,daily,4,2026-09-12T12:30:00Z,405,N.Gonzalez,NEW,MID,55,0,0,0.3,2114,1681,14637,6396,a,,,,,,,,1.3,2,4,146,2,0,0,1,2,0,11,3,0,8,0.00,0.21,0.21,2.07,1.3,1.3
2026-09-08T00:37:13+00:00,2026-09-07,daily,4,2026-09-12T12:30:00Z,442,Pope,NEW,GKP,49,-1,-1,1.1,1646,6516,9304,38029,a,,,,,,,,0.0,0,0,0,0,0,0,0,0,0,0,0,0,0,0.00,0.00,0.00,0.00,0.0,0.0
2026-09-08T00:37:13+00:00,2026-09-07,daily,4,2026-09-12T12:30:00Z,443,Gillespie,NEW,GKP,45,0,0,0.0,70,147,471,760,a,,,,,,,,0.0,0,0,0,0,0,0,0,0,0,0,0,0,0,0.00,0.00,0.00,0.00,0.0,0.0
2026-09-08T00:37:13+00:00,2026-09-07,daily,4,2026-09-12T12:30:00Z,444,Jaouen,NEW,GKP,45,0,0,0.0,65,152,371,961,a,,,,,,,,0.0,0,0,0,0,0,0,0,0,0,0,0,0,0,0.00,0.00,0.00,0.00,0.0,0.0
2026-09-08T00:37:13+00:00,2026-09-07,daily,4,2026-09-12T12:30:00Z,445,Thiaw,NEW,DEF,50,0,0,2.2,19033,19634,111068,62495,a,,,,,,,,2.7,-1,8,270,3,0,0,1,4,0,21,21,0,6,0.00,0.07,0.07,5.47,2.7,2.7
2026-09-08T00:37:13+00:00,2026-09-07,daily,4,2026-09-12T12:30:00Z,446,Schär,NEW,DEF,50,0,0,0.2,564,2063,4514,8841,a,,2026-08-15T16:30:07.209742Z,100,100,,2,,0.3,0,1,1,0,0,0,0,1,0,0,0,0,0,0.00,0.00,0.00,0.79,0.3,0.3
2026-09-08T00:37:13+00:00,2026-09-07,daily,4,2026-09-12T12:30:00Z,447,Botman,NEW,DEF,50,0,0,0.7,3621,3936,27958,14059,a,,,,,,,,3.0,1,9,270,3,0,0,1,4,0,24,22,2,9,0.01,0.17,0.18,5.47,3.0,3.0
2026-09-08T00:37:13+00:00,2026-09-07,daily,4,2026-09-12T12:30:00Z,448,Burn,NEW,DEF,49,0,-1,1.0,143,10760,6939,133039,i,Ankle injury - Expected back 14 Sep,2026-08-23T18:00:08.367241Z,0,0,,,,0.0,0,0,0,0,0,0,0,0,0,0,0,0,0,0.00,0.00,0.00,0.00,0.0,0.0
2026-09-08T00:37:13+00:00,2026-09-07,daily,4,2026-09-12T12:30:00Z,449,Hall,NEW,DEF,51,0,1,11.5,220038,38020,849375,137522,a,,,,,,1,1,6.0,4,18,269,3,0,1,1,4,0,30,22,8,27,0.04,0.67,0.71,5.45,6.0,6.0
2026-09-08T00:37:13+00:00,2026-09-07,daily,4,2026-09-12T12:30:00Z,450,Livramento,NEW,DEF,49,0,-1,0.0,1147,292,1353,2380,a,,2026-07-23T12:01:23.753221Z,0,100,,,,0.3,1,1,1,0,0,0,0,0,0,0,0,0,0,0.00,0.00,0.00,0.02,0.0,0.3
2026-09-08T00:37:13+00:00,2026-09-07,daily,4,2026-09-12T12:30:00Z,451,A.Murphy,NEW,DEF,40,0,0,0.1,0,532,0,5634,u,Has joined FC Kaiserslautern on loan for the rest of the season,2026-08-12T14:05:29.224600Z,0,0,,,,0.0,0,0,0,0,0,0,0,0,0,0,0,0,0,0.00,0.00,0.00,0.00,0.0,0.0
2026-09-08T00:37:13+00:00,2026-09-07,daily,4,2026-09-12T12:30:00Z,453,Barnes,NEW,MID,60,0,0,1.8,83101,15807,123283,48878,a,,,,,,,5,5.7,12,17,270,3,1,1,1,4,0,18,7,3,8,0.22,0.06,0.28,5.47,5.7,5.7
2026-09-08T00:37:13+00:00,2026-09-07,daily,4,2026-09-12T12:30:00Z,454,Elanga,NEW,MID,61,0,1,10.9,163766,84462,1069879,190804,a,,,,,,,4,6.0,1,18,232,3,2,0,1,3,0,9,2,4,3,0.42,0.34,0.76,4.01,6.0,6.0
2026-09-08T00:37:13+00:00,2026-09-07,daily,4,2026-09-12T12:30:00Z,456,J.Ramsey,NEW,MID,49,-1,-1,0.3,5785,2049,9026,13281,a,,,,,,,,2.3,6,7,69,0,1,0,0,1,0,11,3,2,6,0.17,0.16,0.33,1.92,2.3,2.3
2026-09-08T00:37:13+00:00,2026-09-07,daily,4,2026-09-12T12:30:00Z,457,J.Murphy,NEW,MID,59,0,-1,0.1,548,1037,2380,7191,a,,,,,,,2,0.7,1,2,35,0,0,0,0,1,0,6,1,1,4,0.00,0.20,0.20,1.46,0.7,0.7
2026-09-08T00:37:13+00:00,2026-09-07,daily,4,2026-09-12T12:30:00Z,458,Joelinton,NEW,MID,54,0,-1,0.0,23,155,157,1855,i,Unspecified injury - Unknown return date,2026-08-16T08:00:08.074045Z,0,0,,,,0.0,0,0,0,0,0,0,0,0,0,0,0,0,0,0.00,0.00,0.00,0.00,0.0,0.0
2026-09-08T00:37:13+00:00,2026-09-07,daily,4,2026-09-12T12:30:00Z,459,L.Miley,NEW,MID,55,0,0,0.1,535,663,4137,2779,a,,2026-07-23T12:01:23.785456Z,100,100,,,3,2.7,2,8,227,3,0,0,1,3,0,26,10,1,15,0.05,0.07,0.12,4.39,2.7,2.7
2026-09-08T00:37:13+00:00,2026-09-07,daily,4,2026-09-12T12:30:00Z,460,Willock,NEW,MID,50,0,0,0.5,7355,4060,38345,13734,a,,,,,,,,3.7,2,11,166,2,1,0,1,3,0,8,2,3,3,0.52,0.20,0.72,3.57,3.7,3.7
2026-09-08T00:37:13+00:00,2026-09-07,daily,4,2026-09-12T12:30:00Z,461,Touré,NEW,MID,59,0,-1,0.1,170,1688,1340,12376,a,,,,,,,,0.3,0,1,1,0,0,0,0,0,0,0,0,0,0,0.00,0.00,0.00,0.00,0.3,0.3
2026-09-08T00:37:13+00:00,2026-09-07,daily,4,2026-09-12T12:30:00Z,462,Steur,NEW,MID,49,-1,-1,0.1,213,725,1559,4072,a,,,,,,,,1.0,1,3,87,1,0,0,0,1,0,7,4,0,3,0.00,0.00,0.00,1.90,1.0,1.0
2026-09-08T00:37:13+00:00,2026-09-07,daily,4,2026-09-12T12:30:00Z,463,Woltemade,NEW,FWD,59,0,-1,0.8,0,26166,14520,113726,u,Has joined Juventus on loan for the rest of the season,2026-09-02T16:07:16.549304Z,0,0,,,,1.3,0,4,19,0,0,1,0,0,0,0,0,0,0,0.02,0.01,0.03,0.38,0.0,0.0
2026-09-08T00:37:13+00:00,2026-09-07,daily,4,2026-09-12T12:30:00Z,464,Wissa,NEW,FWD,62,1,2,16.8,277690,97306,1555786,210802,a,,,,,2,,,4.3,1,13,261,3,1,1,1,3,0,17,2,5,10,1.35,0.05,1.40,4.30,4.3,4.3
2026-09-08T00:37:13+00:00,2026-09-07,daily,4,2026-09-12T12:30:00Z,465,Osula,NEW,FWD,59,0,-1,0.4,138,6877,21039,71633,i,Foot injury - Unknown return date,2026-08-25T19:00:08.004915Z,0,0,1,,,1.3,0,4,55,1,0,1,0,1,0,5,2,1,2,0.06,0.14,0.20,1.48,0.0,0.0
2026-09-08T00:37:13+00:00,2026-09-07,daily,4,2026-09-12T12:30:00Z,466,Neave,NEW,FWD,45,0,0,0.7,0,10520,23805,32044,u,Has joined Wolves on loan for the rest of the season,2026-09-04T12:37:43.515176Z,0,0,,,,0.0,0,0,0,0,0,0,0,0,0,0,0,0,0,0.00,0.00,0.00,0.00,0.0,0.0
2026-09-08T00:37:13+00:00,2026-09-07,daily,4,2026-09-12T12:30:00Z,559,Bamba,NEW,MID,49,-1,-1,0.1,318,844,1842,5133,a,,,,,,,,0.3,0,1,14,0,0,0,0,1,0,2,1,1,0,0.00,0.00,0.00,1.04,0.3,0.3
2026-09-08T00:37:13+00:00,2026-09-07,daily,4,2026-09-12T12:30:00Z,567,Horníček,NEW,GKP,50,0,0,1.3,22587,9525,86385,32890,a,,,,,,,,3.3,2,10,270,3,0,0,1,4,13,0,5,0,15,0.00,0.00,0.00,5.47,3.3,3.3
2026-09-08T00:37:13+00:00,2026-09-07,daily,4,2026-09-12T12:30:00Z,593,Dedić,NEW,DEF,45,0,0,3.6,77673,31534,406677,82893,a,,,,,,,,4.3,1,13,270,3,0,1,1,4,0,18,13,5,11,0.14,0.08,0.22,5.47,4.3,4.3
2026-09-08T00:37:13+00:00,2026-09-07,daily,4,2026-09-12T12:30:00Z,609,Shahar,NEW,DEF,40,0,0,0.3,2163,1694,17027,5655,a,,,,,,,,0.0,0,0,0,0,0,0,0,0,0,0,0,0,0,0.00,0.00,0.00,0.00,0.0,0.0
2026-09-08T00:37:13+00:00,2026-09-07,daily,4,2026-09-12T12:30:00Z,634,Fernandez-Pardo,NEW,FWD,60,0,0,0.1,3610,789,8994,1375,a,,,,,,,,1.0,1,1,27,0,0,0,0,0,0,1,0,0,1,0.00,0.00,0.00,0.04,2.1,2.1
2026-09-08T00:37:13+00:00,2026-09-07,daily,4,2026-09-12T12:30:00Z,167,Delap,NFO,FWD,55,0,0,0.8,9969,5777,54655,25319,a,,,,,3,,,1.0,2,3,97,1,0,0,1,1,0,5,2,0,3,0.13,0.06,0.19,1.22,1.0,1.0
2026-09-08T00:37:13+00:00,2026-09-07,daily,4,2026-09-12T12:30:00Z,201,Muñoz,NFO,DEF,54,0,-1,6.0,5748,43332,44653,350476,a,,,,,,,,0.3,1,1,85,1,0,0,0,2,0,5,3,2,1,0.26,0.01,0.27,1.10,0.3,0.3
2026-09-08T00:37:13+00:00,2026-09-07,daily,4,2026-09-12T12:30:00Z,467,Sels,NFO,GKP,50,0,0,1.4,5476,4781,17230,34750,a,,,,,,,,3.0,6,9,270,3,0,0,1,3,4,0,4,0,26,0.00,0.01,0.01,3.28,3.0,3.0
2026-09-08T00:37:13+00:00,2026-09-07,daily,4,2026-09-12T12:30:00Z,468,John,NFO,GKP,45,0,0,0.1,95,204,532,1321,a,,,,,,,,0.0,0,0,0,0,0,0,0,0,0,0,0,0,0,0.00,0.00,0.00,0.00,0.0,0.0
2026-09-08T00:37:13+00:00,2026-09-07,daily,4,2026-09-12T12:30:00Z,469,N.Williams,NFO,DEF,50,0,0,8.3,37533,29721,105201,200553,a,,,,,,2,2,5.0,7,15,270,3,0,1,1,3,0,24,12,12,19,0.12,0.24,0.36,3.28,5.0,5.0
2026-09-08T00:37:13+00:00,2026-09-07,daily,4,2026-09-12T12:30:00Z,470,Morato,NFO,DEF,50,0,0,0.0,0,635,424,2668,u,Has joined West Ham on loan for the rest of the season,2026-09-02T16:19:54.503286Z,0,0,,,,0.0,0,0,0,0,0,0,0,0,0,0,0,0,0,0.00,0.00,0.00,0.00,0.0,0.0
2026-09-08T00:37:13+00:00,2026-09-07,daily,4,2026-09-12T12:30:00Z,471,Milenković,NFO,DEF,55,0,0,1.6,3841,3812,12059,38701,a,,,,,,,,4.0,7,12,270,3,0,0,1,3,0,31,26,5,12,0.11,0.03,0.14,3.28,4.0,4.0
2026-09-08T00:37:13+00:00,2026-09-07,daily,4,2026-09-12T12:30:00Z,472,Murillo,NFO,DEF,55,0,0,1.6,6047,3956,24287,35945,a,,2026-07-23T12:01:23.801183Z,100,100,,3,,4.3,8,13,269,3,0,0,1,3,0,30,24,6,10,0.35,0.28,0.63,3.28,4.3,4.3
2026-09-08T00:37:13+00:00,2026-09-07,daily,4,2026-09-12T12:30:00Z,473,Aina,NFO,DEF,45,0,0,2.9,3704,22757,42082,96604,a,,,,,,,,2.0,1,6,216,3,0,0,1,2,0,14,7,7,12,0.04,0.52,0.56,2.90,2.0,2.0
2026-09-08T00:37:13+00:00,2026-09-07,daily,4,2026-09-12T12:30:00Z,474,Jair Cunha,NFO,DEF,45,0,0,0.2,2432,1176,3615,4729,a,,,,,,,,3.3,8,10,270,3,0,0,1,3,0,28,23,5,5,0.03,0.01,0.04,3.28,3.3,3.3
2026-09-08T00:37:13+00:00,2026-09-07,daily,4,2026-09-12T12:30:00Z,475,Savona,NFO,DEF,45,0,0,0.0,22,11,169,190,i,Knee injury - Unknown return date,2026-07-23T12:01:23.816304Z,0,0,,,,0.0,0,0,0,0,0,0,0,0,0,0,0,0,0,0.00,0.00,0.00,0.00,0.0,0.0
2026-09-08T00:37:13+00:00,2026-09-07,daily,4,2026-09-12T12:30:00Z,476,O.Richards,NFO,DEF,40,0,0,0.2,456,841,2209,4965,a,,,,,,,,0.0,0,0,0,0,0,0,0,0,0,0,0,0,0,0.00,0.00,0.00,0.00,0.0,0.0
2026-09-08T00:37:13+00:00,2026-09-07,daily,4,2026-09-12T12:30:00Z,477,Abbott,NFO,DEF,40,0,0,0.2,0,2402,2459,8890,u,Has joined Southampton on loan for the rest of the season,2026-09-02T16:19:54.536676Z,0,0,,,,0.0,0,0,0,0,0,0,0,0,0,0,0,0,0,0.00,0.00,0.00,0.00,0.0,0.0
2026-09-08T00:37:13+00:00,2026-09-07,daily,4,2026-09-12T12:30:00Z,478,Netz,NFO,DEF,45,0,0,0.0,54,188,334,948,a,,,,,,,,0.7,0,2,20,0,0,0,0,1,0,1,0,1,1,0.00,0.00,0.00,0.13,0.7,0.7
2026-09-08T00:37:13+00:00,2026-09-07,daily,4,2026-09-12T12:30:00Z,479,Bindon,NFO,DEF,40,0,0,0.1,0,1255,799,5613,u,Has joined Charlton Athletic on loan for the rest of the season,2026-09-01T13:16:05.383880Z,0,0,,,,0.0,0,0,0,0,0,0,0,0,0,0,0,0,0,0.00,0.00,0.00,0.00,0.0,0.0
2026-09-08T00:37:13+00:00,2026-09-07,daily,4,2026-09-12T12:30:00Z,480,Gibbs-White,NFO,MID,79,0,-1,9.4,62880,53610,286856,449373,a,,2026-08-24T15:30:08.350159Z,100,100,1,1,,6.0,3,18,270,3,1,1,1,3,0,15,2,4,9,1.40,0.11,1.51,3.28,6.0,6.0
2026-09-08T00:37:13+00:00,2026-09-07,daily,4,2026-09-12T12:30:00Z,482,Hudson-Odoi,NFO,MID,59,0,-1,0.2,437,1576,2772,11984,a,,2026-07-23T12:01:23.832709Z,100,100,,4,,0.3,0,1,1,0,0,0,0,0,0,0,0,0,0,0.00,0.00,0.00,0.00,0.3,0.3
2026-09-08T00:37:13+00:00,2026-09-07,daily,4,2026-09-12T12:30:00Z,483,Ndoye,NFO,MID,55,0,0,0.7,4948,5874,40171,22417,a,,,,,,,,4.3,1,13,184,3,1,0,1,1,0,17,2,2,13,0.35,0.63,0.98,2.48,4.3,4.3
2026-09-08T00:37:13+00:00,2026-09-07,daily,4,2026-09-12T12:30:00Z,484,Hutchinson,NFO,MID,54,0,-1,0.1,0,1462,427,8321,u,Has joined AC Milan on loan for the rest of the season,2026-09-01T13:23:52.340206Z,0,0,,,,0.0,0,0,0,0,0,0,0,0,0,0,0,0,0,0.00,0.00,0.00,0.00,0.0,0.0
2026-09-08T00:37:13+00:00,2026-09-07,daily,4,2026-09-12T12:30:00Z,485,Bakwa,NFO,MID,55,0,0,0.0,0,83,107,1020,u,Has joined Lille on loan for the rest of the season,2026-08-27T14:53:03.381941Z,0,0,,,,0.0,0,0,0,0,0,0,0,0,0,0,0,0,0,0.00,0.00,0.00,0.00,0.0,0.0
2026-09-08T00:37:13+00:00,2026-09-07,daily,4,2026-09-12T12:30:00Z,486,McAtee,NFO,MID,55,0,0,0.1,890,596,4957,2599,a,,,,,,,1,2.3,2,7,253,3,0,0,2,2,0,23,4,5,14,0.13,0.54,0.67,3.15,2.3,2.3
2026-09-08T00:37:13+00:00,2026-09-07,daily,4,2026-09-12T12:30:00Z,487,Dominguez,NFO,MID,49,-1,-1,0.1,181,409,753,2617,a,,,,,,,,0.3,0,1,1,0,0,0,0,0,0,0,0,0,0,0.00,0.00,0.00,0.00,0.3,0.3
2026-09-08T00:37:13+00:00,2026-09-07,daily,4,2026-09-12T12:30:00Z,488,I.Sangaré,NFO,MID,49,0,-1,0.6,1431,4185,6098,50641,a,,2026-08-28T09:30:07.471668Z,100,100,,,,0.7,0,2,90,1,0,0,0,1,0,6,3,0,3,0.03,0.01,0.04,0.47,0.7,0.7
2026-09-08T00:37:13+00:00,2026-09-07,daily,4,2026-09-12T12:30:00Z,489,Yates,NFO,MID,45,0,0,1.4,4457,8167,23519,63433,a,,2026-08-17T20:30:08.195072Z,100,100,,,,0.0,0,0,0,0,0,0,0,0,0,0,0,0,0,0.00,0.00,0.00,0.00,0.0,0.0
2026-09-08T00:37:13+00:00,2026-09-07,daily,4,2026-09-12T12:30:00Z,490,Wood,NFO,FWD,59,0,-1,1.1,2706,10363,15055,82622,a,,,,,2,,,0.7,1,2,44,0,0,0,0,1,0,1,0,0,1,0.12,0.01,0.13,0.40,0.7,0.7
2026-09-08T00:37:13+00:00,2026-09-07,daily,4,2026-09-12T12:30:00Z,491,Igor Jesus,NFO,FWD,59,0,-1,2.8,6664,32510,42312,172783,a,,,,,4,,,1.3,1,4,211,2,0,0,0,3,0,9,5,2,2,0.96,0.06,1.02,2.48,1.3,1.3
2026-09-08T00:37:13+00:00,2026-09-07,daily,4,2026-09-12T12:30:00Z,493,Kalimuendo,NFO,FWD,54,0,-1,0.1,851,447,2028,2453,a,,,,,,,,0.3,0,1,1,0,0,0,0,0,0,0,0,0,0,0.00,0.00,0.00,0.00,0.3,0.3
2026-09-08T00:37:13+00:00,2026-09-07,daily,4,2026-09-12T12:30:00Z,558,Schlager,NFO,MID,50,0,0,0.1,443,523,2020,2987,a,,,,,,,3,2.7,3,8,196,2,0,0,1,3,0,26,6,9,11,0.08,0.06,0.14,2.94,2.7,2.7
2026-09-08T00:37:13+00:00,2026-09-07,daily,4,2026-09-12T12:30:00Z,581,Diomande,NFO,DEF,54,0,-1,0.6,830,4012,7456,32045,a,,,,,,,,0.3,1,1,1,0,0,0,0,0,0,0,0,0,0,0.00,0.00,0.00,0.00,0.3,0.3
2026-09-08T00:37:13+00:00,2026-09-07,daily,4,2026-09-12T12:30:00Z,590,Benda,NFO,GKP,45,0,0,0.1,256,325,1831,1740,a,,,,,,,,0.0,0,0,0,0,0,0,0,0,0,0,0,0,0,0.00,0.00,0.00,0.00,0.0,0.0
2026-09-08T00:37:13+00:00,2026-09-07,daily,4,2026-09-12T12:30:00Z,112,Van Hecke,TOT,DEF,49,0,-1,7.0,13852,33966,71648,352313,a,,,,,,,,3.3,8,10,270,3,0,0,1,5,0,21,16,5,11,0.20,0.07,0.27,5.51,3.3,3.3
2026-09-08T00:37:13+00:00,2026-09-07,daily,4,2026-09-12T12:30:00Z,147,Tosin,TOT,DEF,44,-1,-1,0.2,321,817,1137,5494,a,,,,,,,,0.0,0,0,0,0,0,0,0,0,0,0,0,0,0,0.00,0.00,0.00,0.00,0.0,0.0
2026-09-08T00:37:13+00:00,2026-09-07,daily,4,2026-09-12T12:30:00Z,401,Marmoush,TOT,FWD,70,0,0,2.2,21320,21011,161623,75960,a,,,,,2,5,,1.3,2,4,173,2,0,0,1,2,0,4,0,1,3,0.34,0.08,0.42,1.60,1.3,1.3
2026-09-08T00:37:13+00:00,2026-09-07,daily,4,2026-09-12T12:30:00Z,403,Sávio,TOT,MID,65,0,0,0.7,5238,5873,76121,51543,a,,2026-08-29T16:30:08.380416Z,100,100,,,4,1.0,3,3,60,1,0,0,1,0,0,0,0,0,0,0.02,0.27,0.29,0.49,1.0,1.0
2026-09-08T00:37:13+00:00,2026-09-07,daily,4,2026-09-12T12:30:00Z,455,Tonali,TOT,MID,54,0,-1,2.7,6640,18165,34790,167697,a,,,,,,6,,3.0,5,9,254,3,0,0,1,5,0,20,5,5,10,0.09,0.09,0.18,5.51,3.0,3.0
2026-09-08T00:37:13+00:00,2026-09-07,daily,4,2026-09-12T12:30:00Z,494,Vicario,TOT,GKP,45,0,0,0.2,0,1423,0,18619,u,Has joined Juventus on loan for the rest of the season,2026-08-19T13:55:33.193962Z,0,0,,,,0.0,0,0,0,0,0,0,0,0,0,0,0,0,0,0.00,0.00,0.00,0.00,0.0,0.0
2026-09-08T00:37:13+00:00,2026-09-07,daily,4,2026-09-12T12:30:00Z,495,Austin,TOT,GKP,40,0,0,1.0,4120,2467,17049,11987,a,,,,,,,,0.0,0,0,0,0,0,0,0,0,0,0,0,0,0,0.00,0.00,0.00,0.00,0.0,0.0
2026-09-08T00:37:13+00:00,2026-09-07,daily,4,2026-09-12T12:30:00Z,496,Kinsky,TOT,GKP,45,0,0,18.8,43398,97655,130443,451945,a,,,,,,,,3.0,6,9,270,3,0,0,1,5,6,0,6,0,26,0.00,0.00,0.00,5.51,3.0,3.0
2026-09-08T00:37:13+00:00,2026-09-07,daily,4,2026-09-12T12:30:00Z,497,Dubravka,TOT,GKP,40,0,0,17.9,52302,50158,218400,232806,a,,,,,,,,0.0,0,0,0,0,0,0,0,0,0,0,0,0,0,0.00,0.00,0.00,0.00,0.0,0.0
2026-09-08T00:37:13+00:00,2026-09-07,daily,4,2026-09-12T12:30:00Z,498,Senesi,TOT,DEF,59,0,-1,4.9,2082,53938,23406,308757,a,,,,,,,,1.0,0,3,90,1,0,0,0,3,0,16,11,5,2,0.00,0.02,0.02,3.87,1.0,1.0
2026-09-08T00:37:13+00:00,2026-09-07,daily,4,2026-09-12T12:30:00Z,499,Pedro Porro,TOT,DEF,55,0,0,11.5,28553,32016,97517,577719,a,,2026-08-21T15:22:48.149081Z,100,100,,1,3,2.7,7,8,180,2,0,0,1,2,0,8,6,2,5,0.36,0.16,0.52,1.64,2.7,2.7
2026-09-08T00:37:13+00:00,2026-09-07,daily,4,2026-09-12T12:30:00Z,500,Romero,TOT,DEF,50,0,0,0.1,0,783,0,15325,u,Has joined Atletico Madrid permanently,2026-08-17T13:49:05.465401Z,0,0,,,,0.0,0,0,0,0,0,0,0,0,0,0,0,0,0,0.00,0.00,0.00,0.00,0.0,0.0
2026-09-08T00:37:13+00:00,2026-09-07,daily,4,2026-09-12T12:30:00Z,502,Robertson,TOT,DEF,45,0,0,3.0,2111,28607,37987,113256,a,,,,,,,1,2.0,1,6,186,2,0,0,0,4,0,15,12,3,5,0.06,0.08,0.14,4.78,2.0,2.0
2026-09-08T00:37:13+00:00,2026-09-07,daily,4,2026-09-12T12:30:00Z,503,Van de Ven,TOT,DEF,50,0,0,3.8,16835,10507,41766,213226,a,,2026-08-21T15:00:07.610517Z,100,100,,,,3.0,9,9,180,2,0,0,1,2,0,17,13,4,8,0.57,0.02,0.59,1.64,3.0,3.0
2026-09-08T00:37:13+00:00,2026-09-07,daily,4,2026-09-12T12:30:00Z,505,Spence,TOT,DEF,45,0,0,0.3,0,3152,0,63228,u,Has joined Internazionale permanently,2026-08-18T14:13:08.454214Z,0,0,,,,0.0,0,0,0,0,0,0,0,0,0,0,0,0,0,0.00,0.00,0.00,0.00,0.0,0.0
2026-09-08T00:37:13+00:00,2026-09-07,daily,4,2026-09-12T12:30:00Z,506,Udogie,TOT,DEF,45,0,0,0.4,761,1435,3573,12914,a,,,,,,,,2.3,5,7,86,1,0,0,1,1,0,4,3,1,4,0.00,0.23,0.23,1.17,2.3,2.3
2026-09-08T00:37:13+00:00,2026-09-07,daily,4,2026-09-12T12:30:00Z,507,Phillips,TOT,DEF,45,0,0,0.0,0,78,0,1048,u,Has joined Middlesbrough permanently,2026-08-18T14:13:08.474144Z,0,0,,,,0.0,0,0,0,0,0,0,0,0,0,0,0,0,0,0.00,0.00,0.00,0.00,0.0,0.0
2026-09-08T00:37:13+00:00,2026-09-07,daily,4,2026-09-12T12:30:00Z,508,Davies,TOT,DEF,40,0,0,0.9,1163,4215,8345,24965,a,,,,,,,,0.0,0,0,0,0,0,0,0,0,0,0,0,0,0,0.00,0.00,0.00,0.00,0.0,0.0
2026-09-08T00:37:13+00:00,2026-09-07,daily,4,2026-09-12T12:30:00Z,509,Byfield,TOT,DEF,40,0,0,0.1,293,303,1331,1509,a,,,,,,,,0.0,0,0,0,0,0,0,0,0,0,0,0,0,0,0.00,0.00,0.00,0.00,0.0,0.0
2026-09-08T00:37:13+00:00,2026-09-07,daily,4,2026-09-12T12:30:00Z,510,Rowswell,TOT,DEF,40,0,0,0.1,363,376,1596,1994,a,,,,,,,,0.0,0,0,0,0,0,0,0,0,0,0,0,0,0,0.00,0.00,0.00,0.00,0.0,0.0
2026-09-08T00:37:13+00:00,2026-09-07,daily,4,2026-09-12T12:30:00Z,511,Souza,TOT,DEF,40,0,0,0.2,0,2733,2555,11569,u,Has joined FC Porto on loan for the rest of the season,2026-09-01T13:24:26.858636Z,0,0,,,,0.0,0,0,0,0,0,0,0,0,0,0,0,0,0,0.00,0.00,0.00,0.00,0.0,0.0
2026-09-08T00:37:13+00:00,2026-09-07,daily,4,2026-09-12T12:30:00Z,512,Kudus,TOT,MID,65,0,0,0.1,1443,1295,6311,5774,a,,2026-07-23T12:01:23.848657Z,100,100,3,3,6,0.7,1,2,51,0,0,0,0,1,0,5,0,0,5,0.04,0.17,0.21,0.67,0.7,0.7
2026-09-08T00:37:13+00:00,2026-09-07,daily,4,2026-09-12T12:30:00Z,513,Xavi,TOT,MID,60,0,0,0.0,42,111,197,836,i,Knee injury - Unknown return date,2026-07-23T12:01:23.864304Z,0,0,4,2,,0.0,0,0,0,0,0,0,0,0,0,0,0,0,0,0.00,0.00,0.00,0.00,0.0,0.0
2026-09-08T00:37:13+00:00,2026-09-07,daily,4,2026-09-12T12:30:00Z,514,Tel,TOT,MID,59,0,-1,0.3,634,3429,6857,33647,a,,,,,,4,5,2.3,3,7,230,3,0,0,1,4,0,13,1,1,11,0.20,0.14,0.34,5.11,2.3,2.3
2026-09-08T00:37:13+00:00,2026-09-07,daily,4,2026-09-12T12:30:00Z,515,Maddison,TOT,MID,64,0,-1,0.5,68,7333,2929,83377,d,Shoulder injury - 75% chance of playing,2026-08-25T14:30:07.623508Z,75,75,,,,0.3,0,1,22,0,0,0,0,0,0,2,1,0,1,0.00,0.01,0.01,0.85,0.2,0.2
2026-09-08T00:37:13+00:00,2026-09-07,daily,4,2026-09-12T12:30:00Z,516,Bentancur,TOT,MID,55,0,0,0.2,628,601,2061,5252,a,,,,,,,,2.7,5,8,225,2,0,0,1,3,0,33,14,6,13,0.02,0.04,0.06,3.82,2.7,2.7
2026-09-08T00:37:13+00:00,2026-09-07,daily,4,2026-09-12T12:30:00Z,517,Odobert,TOT,MID,55,0,0,0.0,21,9,64,66,i,Knee injury - Unknown return date,2026-07-23T12:01:23.879434Z,0,0,,,,0.0,0,0,0,0,0,0,0,0,0,0,0,0,0,0.00,0.00,0.00,0.00,0.0,0.0
2026-09-08T00:37:13+00:00,2026-09-07,daily,4,2026-09-12T12:30:00Z,518,P.M.Sarr,TOT,MID,49,0,-1,0.1,0,2715,4138,18986,u,Has joined Juventus on loan for the rest of the season,2026-09-02T16:02:43.386849Z,0,0,,,,0.0,0,0,0,0,0,0,0,0,0,0,0,0,0,0.00,0.00,0.00,0.00,0.0,0.0
2026-09-08T00:37:13+00:00,2026-09-07,daily,4,2026-09-12T12:30:00Z,519,Gallagher,TOT,MID,54,0,-1,0.2,418,1111,2650,12345,a,,,,,,,,1.0,3,3,128,2,0,0,1,2,0,14,1,5,8,0.02,0.12,0.14,2.58,1.0,1.0
2026-09-08T00:37:13+00:00,2026-09-07,daily,4,2026-09-12T12:30:00Z,520,Bergvall,TOT,MID,54,0,-1,0.2,175,971,1292,6664,a,,,,,,,,0.3,0,1,45,1,0,0,0,2,0,8,0,1,7,0.00,0.01,0.01,1.70,0.3,0.3
2026-09-08T00:37:13+00:00,2026-09-07,daily,4,2026-09-12T12:30:00Z,521,Kulusevski,TOT,MID,65,0,0,0.0,42,90,204,508,i,Knee injury - Unknown return date,2026-07-23T12:01:23.895175Z,0,0,,,,0.0,0,0,0,0,0,0,0,0,0,0,0,0,0,0.00,0.00,0.00,0.00,0.0,0.0
2026-09-08T00:37:13+00:00,2026-09-07,daily,4,2026-09-12T12:30:00Z,522,Gray,TOT,MID,50,0,0,0.2,503,1751,4375,8341,a,,,,,,,,1.3,0,4,152,2,0,0,0,4,0,11,5,1,5,0.00,0.01,0.01,3.91,1.3,1.3
2026-09-08T00:37:13+00:00,2026-09-07,daily,4,2026-09-12T12:30:00Z,523,Moore,TOT,MID,50,0,0,0.1,0,3079,3258,12094,u,Has joined FC Köln on loan for the rest of the season,2026-09-04T12:39:48.098158Z,0,0,,,,1.0,0,3,89,1,0,0,0,4,0,3,0,1,2,0.40,0.02,0.42,3.26,0.0,0.0
2026-09-08T00:37:13+00:00,2026-09-07,daily,4,2026-09-12T12:30:00Z,524,Olusesi,TOT,MID,45,0,0,0.7,607,3358,4234,22136,a,,,,,,,,0.0,0,0,0,0,0,0,0,0,0,0,0,0,0,0.00,0.00,0.00,0.00,0.0,0.0
2026-09-08T00:37:13+00:00,2026-09-07,daily,4,2026-09-12T12:30:00Z,525,Fernandes,TOT,MID,59,0,-1,1.1,886,15100,10357,89434,a,,,,,,,2,1.0,0,3,142,1,0,0,0,3,0,10,0,4,6,0.01,0.23,0.24,2.94,1.0,1.0
2026-09-08T00:37:13+00:00,2026-09-07,daily,4,2026-09-12T12:30:00Z,526,Solanke,TOT,FWD,59,0,-1,1.0,3276,9283,19020,65439,a,,,,,1,,,1.0,1,3,43,0,0,0,0,0,0,1,1,0,0,0.44,0.00,0.44,0.89,1.0,1.0
2026-09-08T00:37:13+00:00,2026-09-07,daily,4,2026-09-12T12:30:00Z,527,Richarlison,TOT,FWD,59,0,-1,1.2,0,37330,21439,208030,u,not included in squad.,2026-09-04T12:32:39.183614Z,0,0,,,,0.7,0,2,67,1,0,0,0,3,0,1,1,0,0,0.00,0.00,0.00,3.02,0.0,0.0
2026-09-08T00:37:13+00:00,2026-09-07,daily,4,2026-09-12T12:30:00Z,528,Scarlett,TOT,FWD,45,0,0,1.5,0,17998,42525,69927,u,Has joined Leyton Orient permanently,2026-09-02T16:02:43.413625Z,0,0,,,,0.0,0,0,0,0,0,0,0,0,0,0,0,0,0,0.00,0.00,0.00,0.00,0.0,0.0
2026-09-08T00:37:13+00:00,2026-09-07,daily,4,2026-09-12T12:30:00Z,578,Mudryk,TOT,MID,54,0,-1,0.1,1257,725,5025,3343,a,,,,,,,,0.3,1,1,16,0,0,0,0,0,0,0,0,0,0,0.00,0.00,0.00,0.16,0.3,0.3
2026-09-08T00:37:13+00:00,2026-09-07,daily,4,2026-09-12T12:30:00Z,601,Williams-Barnett,TOT,MID,45,0,0,0.1,1411,1056,8514,3806,a,,,,,,,,0.0,0,0,0,0,0,0,0,0,0,0,0,0,0,0.00,0.00,0.00,0.00,0.0,0.0
2026-09-08T00:37:13+00:00,2026-09-07,daily,4,2026-09-12T12:30:00Z,501,Danso,SUN,DEF,50,0,0,0.2,860,793,3187,6537,a,,,,,,,,0.7,2,2,90,1,0,0,0,1,0,8,7,1,3,0.00,0.08,0.08,1.21,0.7,0.7
2026-09-08T00:37:13+00:00,2026-09-07,daily,4,2026-09-12T12:30:00Z,529,Roefs,SUN,GKP,50,0,0,3.2,1151,21312,16154,100870,a,,,,,,,,3.0,2,9,270,3,0,0,1,3,2,0,4,0,28,0.00,0.00,0.00,3.96,3.0,3.0
2026-09-08T00:37:13+00:00,2026-09-07,daily,4,2026-09-12T12:30:00Z,530,Patterson,SUN,GKP,40,0,0,0.1,0,559,0,4482,u,Has joined Wrexham permanently,2026-08-12T14:08:03.064533Z,0,0,,,,0.0,0,0,0,0,0,0,0,0,0,0,0,0,0,0.00,0.00,0.00,0.00,0.0,0.0
2026-09-08T00:37:13+00:00,2026-09-07,daily,4,2026-09-12T12:30:00Z,531,Ellborg,SUN,GKP,45,0,0,0.1,113,320,727,2125,a,,,,,,,,0.0,0,0,0,0,0,0,0,0,0,0,0,0,0,0.00,0.00,0.00,0.00,0.0,0.0
2026-09-08T00:37:13+00:00,2026-09-07,daily,4,2026-09-12T12:30:00Z,532,Ballard,SUN,DEF,49,-1,-1,3.6,3636,45653,32062,190152,a,,,,,,,,4.0,4,12,270,3,0,0,1,3,0,29,24,5,6,0.09,0.15,0.24,3.96,4.0,4.0
2026-09-08T00:37:13+00:00,2026-09-07,daily,4,2026-09-12T12:30:00Z,533,Mukiele,SUN,DEF,55,0,0,2.3,3612,10548,30618,73940,a,,2026-08-09T08:30:05.954750Z,100,100,,,,4.3,4,13,180,2,0,0,1,1,0,33,27,6,10,0.00,0.03,0.03,2.16,4.3,4.3
2026-09-08T00:37:13+00:00,2026-09-07,daily,4,2026-09-12T12:30:00Z,534,Hume,SUN,DEF,45,0,0,4.7,1540,68361,32720,192285,a,,,,,,,3,3.0,1,9,195,2,0,0,1,1,0,12,3,9,12,0.04,0.28,0.32,3.09,3.0,3.0
2026-09-08T00:37:13+00:00,2026-09-07,daily,4,2026-09-12T12:30:00Z,535,Alderete,SUN,DEF,49,-1,-1,0.3,214,3204,4287,18508,a,,2026-08-09T08:30:05.962393Z,100,100,,,,0.3,0,1,23,0,0,0,0,1,0,0,0,0,2,0.00,0.01,0.01,0.10,0.3,0.3
2026-09-08T00:37:13+00:00,2026-09-07,daily,4,2026-09-12T12:30:00Z,536,Reinildo,SUN,DEF,45,0,0,0.4,397,2057,3344,9958,a,,,,,,,,3.0,2,9,270,3,0,0,1,3,0,22,15,7,15,0.00,0.31,0.31,3.96,3.0,3.0
2026-09-08T00:37:13+00:00,2026-09-07,daily,4,2026-09-12T12:30:00Z,537,Seelt,SUN,DEF,45,0,0,0.0,0,48,61,535,u,Has joined Swansea City on loan for the rest of the season,2026-08-29T00:34:52.425076Z,0,0,,,,0.0,0,0,0,0,0,0,0,0,0,0,0,0,0,0.00,0.00,0.00,0.00,0.0,0.0
2026-09-08T00:37:13+00:00,2026-09-07,daily,4,2026-09-12T12:30:00Z,538,Hjelde,SUN,DEF,40,0,0,0.0,0,236,0,1906,u,Has joined KV Mechelen on loan for the rest of the season,2026-08-12T14:08:03.081789Z,0,0,,,,0.0,0,0,0,0,0,0,0,0,0,0,0,0,0,0.00,0.00,0.00,0.00,0.0,0.0
2026-09-08T00:37:13+00:00,2026-09-07,daily,4,2026-09-12T12:30:00Z,539,O'Nien,SUN,DEF,40,0,0,2.8,1033,15289,10936,65958,a,,,,,,,,0.3,0,1,66,1,0,0,0,1,0,5,4,1,4,0.01,0.01,0.02,1.69,0.3,0.3
2026-09-08T00:37:13+00:00,2026-09-07,daily,4,2026-09-12T12:30:00Z,540,Masuaku,SUN,DEF,40,0,0,0.2,0,978,0,8916,u,Has joined Konyaspor permanently,2026-08-12T14:08:03.097784Z,0,0,,,,0.0,0,0,0,0,0,0,0,0,0,0,0,0,0,0.00,0.00,0.00,0.00,0.0,0.0
2026-09-08T00:37:13+00:00,2026-09-07,daily,4,2026-09-12T12:30:00Z,541,Meunier,SUN,DEF,45,0,0,0.3,369,991,4018,5047,a,,2026-08-16T08:30:07.830062Z,100,100,,,,3.0,2,9,243,3,0,0,1,3,0,14,12,2,8,0.21,0.13,0.34,3.51,3.0,3.0
2026-09-08T00:37:13+00:00,2026-09-07,daily,4,2026-09-12T12:30:00Z,542,E.Le Fée,SUN,MID,59,0,-1,5.2,5263,58823,23969,437783,a,,,,,2,2,1,4.3,8,13,258,3,1,0,1,2,0,14,1,6,7,1.21,0.23,1.44,3.76,4.3,4.3
2026-09-08T00:37:13+00:00,2026-09-07,daily,4,2026-09-12T12:30:00Z,543,Diarra,SUN,MID,54,-1,-1,0.0,14,825,513,4308,i,Hamstring injury - Unknown return date,2026-08-30T16:30:08.428960Z,0,0,1,,,1.7,0,5,28,0,0,1,0,1,0,0,0,0,0,0.03,0.16,0.19,0.12,0.0,0.0
2026-09-08T00:37:13+00:00,2026-09-07,daily,4,2026-09-12T12:30:00Z,544,Xhaka,SUN,MID,55,0,0,4.5,12970,24916,100876,90207,a,,,,,,1,2,6.0,3,18,270,3,0,1,1,3,0,35,7,5,23,0.06,0.57,0.63,3.96,6.0,6.0
2026-09-08T00:37:13+00:00,2026-09-07,daily,4,2026-09-12T12:30:00Z,545,Sadiki,SUN,MID,50,0,0,0.3,403,2140,3455,10587,a,,,,,,,,2.0,1,6,253,3,0,0,1,3,0,16,6,3,7,0.36,0.23,0.59,3.57,2.0,2.0
2026-09-08T00:37:13+00:00,2026-09-07,daily,4,2026-09-12T12:30:00Z,546,Adingra,SUN,MID,49,0,-1,0.0,0,537,240,6032,u,Has joined Ajax on loan for the rest of the season,2026-08-20T14:00:08.416985Z,0,0,,,,0.0,0,0,0,0,0,0,0,0,0,0,0,0,0,0.00,0.00,0.00,0.00,0.0,0.0
2026-09-08T00:37:13+00:00,2026-09-07,daily,4,2026-09-12T12:30:00Z,547,Mundle,SUN,MID,49,-1,-1,0.0,39,73,162,357,a,,,,,,,,0.3,0,1,1,0,0,0,0,0,0,1,1,0,0,0.17,0.00,0.17,0.09,0.3,0.3
2026-09-08T00:37:13+00:00,2026-09-07,daily,4,2026-09-12T12:30:00Z,548,Rigg,SUN,MID,49,-1,-1,0.1,64,309,306,1791,a,,,,,,,,0.7,0,2,17,0,0,0,0,1,0,1,0,0,1,0.00,0.00,0.00,0.44,0.7,0.7
2026-09-08T00:37:13+00:00,2026-09-07,daily,4,2026-09-12T12:30:00Z,549,Talbi,SUN,MID,54,0,-1,0.2,95,1252,806,8223,a,,,,,,,,0.3,0,1,31,0,0,0,0,1,0,2,0,0,2,0.00,0.00,0.00,0.14,0.3,0.3
2026-09-08T00:37:13+00:00,2026-09-07,daily,4,2026-09-12T12:30:00Z,550,Jocelin.T,SUN,MID,50,0,0,0.0,32,37,163,239,a,,,,,,,,0.0,0,0,0,0,0,0,0,0,0,0,0,0,0,0.00,0.00,0.00,0.00,0.0,0.0
2026-09-08T00:37:13+00:00,2026-09-07,daily,4,2026-09-12T12:30:00Z,551,N.Angulo,SUN,MID,50,0,0,0.1,727,1326,10838,5817,a,,,,,,3,,3.3,2,10,185,3,1,0,1,2,0,17,2,3,12,0.15,0.12,0.27,3.00,3.3,3.3
2026-09-08T00:37:13+00:00,2026-09-07,daily,4,2026-09-12T12:30:00Z,552,Brobbey,SUN,FWD,59,0,-1,8.1,8503,115647,74056,584291,a,,,,,,,,2.0,2,6,219,3,0,0,1,2,0,7,1,0,6,0.59,0.06,0.65,3.48,2.0,2.0
2026-09-08T00:37:13+00:00,2026-09-07,daily,4,2026-09-12T12:30:00Z,553,Isidor,SUN,FWD,55,0,0,1.4,23842,8607,62142,36085,a,,,,,,,,4.3,4,13,75,0,1,1,0,1,0,2,0,0,2,1.49,0.01,1.50,0.92,4.3,4.3
2026-09-08T00:37:13+00:00,2026-09-07,daily,4,2026-09-12T12:30:00Z,612,Methalie,SUN,DEF,45,0,0,0.0,78,65,535,192,a,,2026-08-28T13:00:08.950445Z,100,100,,,,0.0,0,0,0,0,0,0,0,0,0,0,0,0,0,0.00,0.00,0.00,0.00,0.0,0.0
2026-09-08T00:37:13+00:00,2026-09-07,daily,4,2026-09-12T12:30:00Z,613,Ahoka,SUN,MID,45,0,0,0.2,3897,2231,19554,6927,a,,,,,,,,0.0,0,0,0,0,0,0,0,0,0,0,0,0,0,0.00,0.00,0.00,0.00,0.0,0.0
2026-09-08T00:37:13+00:00,2026-09-07,daily,4,2026-09-12T12:30:00Z,646,Fofana,SUN,MID,55,0,0,0.0,815,228,2886,467,a,,,,,,,,1.0,1,1,16,0,0,0,0,0,0,0,0,0,0,0.00,0.00,0.00,0.39,2.0,2.0
2026-09-08T00:37:13+00:00,2026-09-07,daily,4,2026-09-12T12:30:00Z,651,J.Angulo,SUN,FWD,45,0,0,0.4,17378,3806,33317,5642,a,,,,,,,,0.0,0,0,0,0,0,0,0,0,0,0,0,0,0,0.00,0.00,0.00,0.00,1.0,1.0
