snapshot_utc,snapshot_date,snapshot_kind,event,deadline_time,id,web_name,team,position,now_cost,cost_change_event,cost_change_start,selected_by_percent,transfers_in_event,transfers_out_event,transfers_in,transfers_out,status,news,news_added,chance_of_playing_this_round,chance_of_playing_next_round,penalties_order,direct_freekicks_order,corners_and_indirect_freekicks_order,form,event_points,total_points,minutes,starts,goals_scored,assists,clean_sheets,goals_conceded,saves,defensive_contribution,clearances_blocks_interceptions,tackles,recoveries,expected_goals,expected_assists,expected_goal_involvements,expected_goals_conceded,ep_this,ep_next
2026-08-31T00:46:51+00:00,2026-08-30,daily,3,2026-09-04T17:30:00Z,1,Raya,ARS,GKP,60,0,0,38.1,48208,53792,154942,135770,a,,,,,,,,3.0,0,6,90,1,0,0,1,0,1,0,1,0,8,0.00,0.00,0.00,0.20,3.0,3.0
2026-08-31T00:46:51+00:00,2026-08-30,daily,3,2026-09-04T17:30:00Z,2,Arrizabalaga,ARS,GKP,50,0,0,0.1,205,337,527,1726,a,,,,,,,,0.0,0,0,0,0,0,0,0,0,0,0,0,0,0,0.00,0.00,0.00,0.00,0.0,0.0
2026-08-31T00:46:51+00:00,2026-08-30,daily,3,2026-09-04T17:30:00Z,3,Meslier,ARS,GKP,50,0,0,0.0,41,121,142,613,a,,,,,,,,0.0,0,0,0,0,0,0,0,0,0,0,0,0,0,0.00,0.00,0.00,0.00,0.0,0.0
2026-08-31T00:46:51+00:00,2026-08-30,daily,3,2026-09-04T17:30:00Z,4,Gabriel,ARS,DEF,80,0,0,28.1,14995,87410,73760,211518,a,,,,,,,,2.5,0,5,90,1,0,0,1,0,0,4,4,0,2,0.05,0.01,0.06,0.20,2.5,2.5
2026-08-31T00:46:51+00:00,2026-08-30,daily,3,2026-09-04T17:30:00Z,5,J.Timber,ARS,DEF,65,0,0,0.1,219,957,620,4061,i,Groin injury - Unknown return date,2026-07-23T12:01:23.272929Z,0,0,,,,0.0,0,0,0,0,0,0,0,0,0,0,0,0,0,0.00,0.00,0.00,0.00,0.0,0.0
2026-08-31T00:46:51+00:00,2026-08-30,daily,3,2026-09-04T17:30:00Z,6,Saliba,ARS,DEF,60,0,0,0.3,561,2319,1407,9135,i,Back injury - Unknown return date,2026-07-23T12:01:23.289376Z,0,0,,,,0.0,0,0,0,0,0,0,0,0,0,0,0,0,0,0.00,0.00,0.00,0.00,0.0,0.0
2026-08-31T00:46:51+00:00,2026-08-30,daily,3,2026-09-04T17:30:00Z,7,Lewis-Skelly,ARS,MID,55,0,0,0.7,2444,3237,12137,12288,a,,,,,,,,1.5,0,3,90,1,0,0,1,0,0,7,1,1,5,0.06,0.11,0.17,0.20,1.5,1.5
2026-08-31T00:46:51+00:00,2026-08-30,daily,3,2026-09-04T17:30:00Z,8,Calafiori,ARS,DEF,56,0,1,41.6,74529,34659,384634,76292,a,,,,,,,,4.5,0,9,80,1,0,1,1,0,0,5,4,1,1,0.04,0.09,0.13,0.06,4.5,4.5
2026-08-31T00:46:51+00:00,2026-08-30,daily,3,2026-09-04T17:30:00Z,9,Hincapie,ARS,DEF,54,0,-1,1.4,2252,7350,6162,48396,a,,,,,,,,0.5,0,1,9,0,0,0,0,0,0,0,0,0,0,0.00,0.00,0.00,0.15,0.5,0.5
2026-08-31T00:46:51+00:00,2026-08-30,daily,3,2026-09-04T17:30:00Z,10,White,ARS,DEF,55,0,0,7.0,34945,25555,179886,50610,a,,2026-07-23T12:01:23.305229Z,100,100,,,,5.5,0,11,90,1,0,1,1,0,0,5,4,1,3,0.18,0.21,0.39,0.20,5.5,5.5
2026-08-31T00:46:51+00:00,2026-08-30,daily,3,2026-09-04T17:30:00Z,11,Mosquera,ARS,DEF,55,0,0,5.5,4382,19799,19792,65748,a,,,,,,,,3.0,0,6,90,1,0,0,1,0,0,6,6,0,3,0.00,0.00,0.00,0.20,3.0,3.0
2026-08-31T00:46:51+00:00,2026-08-30,daily,3,2026-09-04T17:30:00Z,12,Saka,ARS,MID,95,0,0,10.2,12953,27738,101866,62968,a,,,,,1,2,2,4.5,0,9,67,1,1,0,1,0,0,7,2,1,4,0.64,0.08,0.72,0.06,4.5,4.5
2026-08-31T00:46:51+00:00,2026-08-30,daily,3,2026-09-04T17:30:00Z,13,Rice,ARS,MID,75,0,0,16.1,7097,62552,42584,220274,a,,,,,,1,1,1.5,0,3,67,1,0,0,1,0,0,6,3,0,3,0.07,0.08,0.15,0.06,1.5,1.5
2026-08-31T00:46:51+00:00,2026-08-30,daily,3,2026-09-04T17:30:00Z,14,Eze,ARS,MID,64,-1,-1,1.7,2831,9817,8547,54309,a,,,,,,3,,0.5,0,1,14,0,0,0,0,0,0,2,0,0,2,0.04,0.00,0.04,0.15,0.5,0.5
2026-08-31T00:46:51+00:00,2026-08-30,daily,3,2026-09-04T17:30:00Z,15,Ødegaard,ARS,MID,66,0,1,11.9,40186,27743,329745,64603,a,,,,,3,,4,5.5,0,11,75,1,1,0,1,0,0,8,1,3,4,0.21,0.10,0.31,0.06,5.5,5.5
2026-08-31T00:46:51+00:00,2026-08-30,daily,3,2026-09-04T17:30:00Z,16,Madueke,ARS,MID,64,0,-1,0.3,563,1706,1975,9937,a,,,,,,,6,0.5,0,1,22,0,0,0,0,0,0,2,0,0,2,0.00,0.04,0.04,0.15,0.5,0.5
2026-08-31T00:46:51+00:00,2026-08-30,daily,3,2026-09-04T17:30:00Z,17,Merino,ARS,MID,59,-1,-1,0.6,1258,4388,3680,19645,a,,,,,,,,0.5,0,1,14,0,0,0,0,0,0,2,0,0,2,0.14,0.02,0.16,0.15,0.5,0.5
2026-08-31T00:46:51+00:00,2026-08-30,daily,3,2026-09-04T17:30:00Z,18,Martinelli,ARS,MID,64,0,-1,0.2,505,1589,1823,8625,a,,,,,,,,0.0,0,0,0,0,0,0,0,0,0,0,0,0,0,0.00,0.00,0.00,0.00,0.0,0.0
2026-08-31T00:46:51+00:00,2026-08-30,daily,3,2026-09-04T17:30:00Z,19,Zubimendi,ARS,MID,54,-1,-1,0.9,1622,4909,3201,25501,a,,,,,,,,0.5,0,1,22,0,0,0,0,0,0,3,0,1,2,0.00,0.02,0.02,0.15,0.5,0.5
2026-08-31T00:46:51+00:00,2026-08-30,daily,3,2026-09-04T17:30:00Z,20,Dowman,ARS,MID,54,0,-1,0.1,309,618,782,2948,a,,,,,,,,0.0,0,0,0,0,0,0,0,0,0,0,0,0,0,0.00,0.00,0.00,0.00,0.0,0.0
2026-08-31T00:46:51+00:00,2026-08-30,daily,3,2026-09-04T17:30:00Z,22,Nwaneri,ARS,MID,54,-1,-1,0.0,68,107,144,431,a,,,,,,,,0.0,0,0,0,0,0,0,0,0,0,0,0,0,0,0.00,0.00,0.00,0.00,0.0,0.0
2026-08-31T00:46:51+00:00,2026-08-30,daily,3,2026-09-04T17:30:00Z,23,Fábio Vieira,ARS,MID,55,0,0,0.0,70,61,150,276,a,,,,,,,,0.0,0,0,0,0,0,0,0,0,0,0,0,0,0,0.00,0.00,0.00,0.00,0.0,0.0
2026-08-31T00:46:51+00:00,2026-08-30,daily,3,2026-09-04T17:30:00Z,24,Nelson,ARS,MID,55,0,0,0.0,4,136,68,308,u,has departed the club as a free agent.,2026-08-29T00:33:08.556767Z,,0,,,,0.0,0,0,0,0,0,0,0,0,0,0,0,0,0,0.00,0.00,0.00,0.00,0.0,0.0
2026-08-31T00:46:51+00:00,2026-08-30,daily,3,2026-09-04T17:30:00Z,25,Gyökeres,ARS,FWD,74,0,-1,6.2,3072,36981,11848,275110,a,,,,,2,,,0.0,0,0,0,0,0,0,0,0,0,0,0,0,0,0.00,0.00,0.00,0.00,0.0,0.0
2026-08-31T00:46:51+00:00,2026-08-30,daily,3,2026-09-04T17:30:00Z,26,Havertz,ARS,FWD,75,0,0,7.5,23905,27680,211513,66505,a,,,,,,,,3.0,0,6,90,1,1,0,1,0,0,2,2,0,0,0.26,0.03,0.29,0.20,3.0,3.0
2026-08-31T00:46:51+00:00,2026-08-30,daily,3,2026-09-04T17:30:00Z,27,G.Jesus,ARS,FWD,60,0,0,0.3,1304,2427,3218,9605,a,,,,,,,,0.0,0,0,0,0,0,0,0,0,0,0,0,0,0,0.00,0.00,0.00,0.00,0.0,0.0
2026-08-31T00:46:51+00:00,2026-08-30,daily,3,2026-09-04T17:30:00Z,31,Konsa,ARS,DEF,44,-1,-1,10.4,35851,53491,85672,283078,a,,,,,,,,0.0,0,0,0,0,0,0,0,0,0,0,0,0,0,0.00,0.00,0.00,0.00,0.0,0.0
2026-08-31T00:46:51+00:00,2026-08-30,daily,3,2026-09-04T17:30:00Z,452,Bruno G.,ARS,MID,69,0,-1,2.4,410,24692,1260,151247,d,Thigh injury - 75% chance of playing,2026-08-20T17:00:08.846118Z,75,75,4,,5,0.0,0,0,0,0,0,0,0,0,0,0,0,0,0,0.00,0.00,0.00,0.00,0.0,0.0
2026-08-31T00:46:51+00:00,2026-08-30,daily,3,2026-09-04T17:30:00Z,557,Tzolis,ARS,MID,65,0,0,25.7,53789,49437,290476,105137,a,,,,,,,3,3.0,0,6,75,1,0,1,1,0,0,6,2,1,3,0.19,0.14,0.33,0.06,3.0,3.0
2026-08-31T00:46:51+00:00,2026-08-30,daily,3,2026-09-04T17:30:00Z,29,M.Bizot,AVL,GKP,45,0,0,0.1,943,520,1788,1401,a,,,,,,,,0.5,0,1,90,1,0,0,0,4,3,0,2,0,6,0.00,0.00,0.00,3.77,0.5,0.5
2026-08-31T00:46:51+00:00,2026-08-30,daily,3,2026-09-04T17:30:00Z,30,Digne,AVL,DEF,45,0,0,0.1,0,903,0,5880,u,Has joined Paris Saint-Germain permanently,2026-08-10T14:03:30.089007Z,0,0,,,,0.0,0,0,0,0,0,0,0,0,0,0,0,0,0,0.00,0.00,0.00,0.00,0.0,0.0
2026-08-31T00:46:51+00:00,2026-08-30,daily,3,2026-09-04T17:30:00Z,32,Cash,AVL,DEF,45,0,0,7.3,7077,22455,34055,128782,a,,,,,,,1,-0.5,0,-1,90,1,0,0,0,4,0,7,5,2,0,0.00,0.00,0.00,3.77,-0.5,-0.5
2026-08-31T00:46:51+00:00,2026-08-30,daily,3,2026-09-04T17:30:00Z,33,Mings,AVL,DEF,45,0,0,0.4,960,1055,4213,4562,a,,,,,,,,0.5,0,1,16,0,0,0,0,0,0,1,0,1,0,0.00,0.00,0.00,0.22,0.5,0.5
2026-08-31T00:46:51+00:00,2026-08-30,daily,3,2026-09-04T17:30:00Z,34,Pau,AVL,DEF,45,0,0,0.4,635,1125,2466,6185,a,,,,,,,,0.0,0,0,73,1,0,0,0,4,0,5,5,0,1,0.00,0.00,0.00,3.55,0.0,0.0
2026-08-31T00:46:51+00:00,2026-08-30,daily,3,2026-09-04T17:30:00Z,35,Bogarde,AVL,MID,50,0,0,0.1,302,378,938,1363,a,,,,,,,,0.5,0,1,16,0,0,0,0,0,0,1,1,0,0,0.00,0.00,0.00,0.22,0.5,0.5
2026-08-31T00:46:51+00:00,2026-08-30,daily,3,2026-09-04T17:30:00Z,36,Maatsen,AVL,DEF,45,0,0,0.7,1199,2143,3745,11001,a,,,,,,,,0.0,0,0,81,1,0,0,0,4,0,9,7,2,2,0.03,0.00,0.03,3.62,0.0,0.0
2026-08-31T00:46:51+00:00,2026-08-30,daily,3,2026-09-04T17:30:00Z,37,Lindelöf,AVL,DEF,45,0,0,0.3,601,823,2376,4834,a,,,,,,,,-1.0,0,-2,90,1,0,0,0,4,0,3,3,0,1,0.00,0.00,0.00,3.77,-1.0,-1.0
2026-08-31T00:46:51+00:00,2026-08-30,daily,3,2026-09-04T17:30:00Z,38,A.García,AVL,DEF,40,0,0,1.7,4663,4584,12002,18507,a,,,,,,,,0.0,0,0,0,0,0,0,0,0,0,0,0,0,0,0.00,0.00,0.00,0.00,0.0,0.0
2026-08-31T00:46:51+00:00,2026-08-30,daily,3,2026-09-04T17:30:00Z,39,Nedeljkovic,AVL,DEF,40,0,0,0.2,0,1501,0,8739,u,Has joined Rangers on loan for the rest of the season,2026-08-19T13:56:46.385411Z,0,0,,,,0.0,0,0,0,0,0,0,0,0,0,0,0,0,0,0.00,0.00,0.00,0.00,0.0,0.0
2026-08-31T00:46:51+00:00,2026-08-30,daily,3,2026-09-04T17:30:00Z,41,Buendía,AVL,MID,60,0,0,1.1,2804,6443,7824,28329,a,,,,,1,1,3,1.0,0,2,85,1,0,0,0,4,0,7,3,1,3,0.13,0.09,0.22,3.62,1.0,1.0
2026-08-31T00:46:51+00:00,2026-08-30,daily,3,2026-09-04T17:30:00Z,44,Bailey,AVL,MID,55,0,0,0.1,430,856,1432,3513,a,,,,,,,,0.0,0,0,0,0,0,0,0,0,0,0,0,0,0,0.00,0.00,0.00,0.00,0.0,0.0
2026-08-31T00:46:51+00:00,2026-08-30,daily,3,2026-09-04T17:30:00Z,45,McGinn,AVL,MID,55,0,0,2.7,3767,11971,11373,56624,a,,,,,,,2,0.5,0,1,81,1,0,0,0,4,0,6,2,1,3,0.04,0.01,0.05,3.62,0.5,0.5
2026-08-31T00:46:51+00:00,2026-08-30,daily,3,2026-09-04T17:30:00Z,46,Barkley,AVL,MID,50,0,0,0.2,1027,1038,2902,3754,a,,,,,,,4,1.0,0,2,73,1,0,0,0,4,0,1,1,0,0,0.10,0.02,0.12,3.55,1.0,1.0
2026-08-31T00:46:51+00:00,2026-08-30,daily,3,2026-09-04T17:30:00Z,47,Kamara,AVL,MID,50,0,0,0.3,1355,1752,3844,6491,a,,2026-07-23T12:01:23.337269Z,100,100,,,,1.0,0,2,90,1,0,0,0,4,0,7,3,2,2,0.00,0.00,0.00,3.77,1.0,1.0
2026-08-31T00:46:51+00:00,2026-08-30,daily,3,2026-09-04T17:30:00Z,48,Onana,AVL,MID,50,0,0,0.0,62,216,219,745,i,Knee injury - Unknown return date,2026-07-23T12:01:23.352497Z,0,0,,,,0.0,0,0,0,0,0,0,0,0,0,0,0,0,0,0.00,0.00,0.00,0.00,0.0,0.0
2026-08-31T00:46:51+00:00,2026-08-30,daily,3,2026-09-04T17:30:00Z,49,Iling Jr,AVL,MID,50,0,0,0.0,0,29,0,149,u,Has joined Bolton Wanderers on loan for the rest of the season,2026-08-17T13:52:28.532616Z,0,0,,,,0.0,0,0,0,0,0,0,0,0,0,0,0,0,0,0.00,0.00,0.00,0.00,0.0,0.0
2026-08-31T00:46:51+00:00,2026-08-30,daily,3,2026-09-04T17:30:00Z,50,Burrowes,AVL,MID,45,0,0,0.7,2769,2613,6282,9381,a,,,,,,,,0.0,0,0,0,0,0,0,0,0,0,0,0,0,0,0.00,0.00,0.00,0.00,0.0,0.0
2026-08-31T00:46:51+00:00,2026-08-30,daily,3,2026-09-04T17:30:00Z,51,George Hemmings,AVL,MID,45,0,0,0.8,6204,3025,14947,8509,a,,,,,,,,1.0,0,2,90,1,0,0,0,4,0,5,0,3,2,0.00,0.00,0.00,3.77,1.0,1.0
2026-08-31T00:46:51+00:00,2026-08-30,daily,3,2026-09-04T17:30:00Z,52,Alysson,AVL,MID,50,0,0,0.0,170,253,513,849,a,,,,,,,,0.5,0,1,8,0,0,0,0,0,0,3,1,1,1,0.00,0.00,0.00,0.14,0.5,0.5
2026-08-31T00:46:51+00:00,2026-08-30,daily,3,2026-09-04T17:30:00Z,53,Manzambi,AVL,MID,59,-1,-1,0.2,151,2189,383,10979,i,Knee injury - Unknown return date,2026-08-15T15:30:06.388335Z,0,0,,,,0.0,0,0,0,0,0,0,0,0,0,0,0,0,0,0.00,0.00,0.00,0.00,0.0,0.0
2026-08-31T00:46:51+00:00,2026-08-30,daily,3,2026-09-04T17:30:00Z,54,Gomes,AVL,MID,55,0,0,0.0,23,440,177,2323,s,Suspended until 19 Sep,2026-08-23T17:30:08.367415Z,0,0,,,,-1.0,0,-2,39,1,0,0,0,4,0,7,1,4,2,0.00,0.01,0.01,2.58,0.0,0.0
2026-08-31T00:46:51+00:00,2026-08-30,daily,3,2026-09-04T17:30:00Z,55,Watkins,AVL,FWD,79,0,-1,6.7,2559,70881,13191,347341,a,,,,,2,,,0.0,0,0,0,0,0,0,0,0,0,0,0,0,0,0.00,0.00,0.00,0.00,0.0,0.0
2026-08-31T00:46:51+00:00,2026-08-30,daily,3,2026-09-04T17:30:00Z,56,Abraham,AVL,FWD,55,0,0,0.1,165,971,762,3654,d,Knock - 50% chance of playing,2026-08-15T16:00:07.558543Z,50,50,,,,0.0,0,0,0,0,0,0,0,0,0,0,0,0,0,0.00,0.00,0.00,0.00,0.0,0.0
2026-08-31T00:46:51+00:00,2026-08-30,daily,3,2026-09-04T17:30:00Z,160,Garnacho,AVL,MID,59,-1,-1,0.5,821,3326,2842,13901,a,,,,,,,,0.5,0,1,4,0,0,0,0,0,0,0,0,0,0,0.00,0.00,0.00,0.14,0.5,0.5
2026-08-31T00:46:51+00:00,2026-08-30,daily,3,2026-09-04T17:30:00Z,166,N.Jackson,AVL,FWD,65,0,0,0.6,20574,3633,25913,11850,a,,,,,,,,0.0,0,0,0,0,0,0,0,0,0,0,0,0,0,0.00,0.00,0.00,0.00,0.0,0.0
2026-08-31T00:46:51+00:00,2026-08-30,daily,3,2026-09-04T17:30:00Z,582,Madjo,AVL,FWD,55,0,0,0.4,360,3299,1526,12222,i,Unspecified injury - Unknown return date,2026-08-15T16:00:07.974271Z,0,0,,,,0.0,0,0,0,0,0,0,0,0,0,0,0,0,0,0.00,0.00,0.00,0.00,0.0,0.0
2026-08-31T00:46:51+00:00,2026-08-30,daily,3,2026-09-04T17:30:00Z,596,Ruggeri,AVL,DEF,45,0,0,0.1,333,351,1189,1450,a,,,,,,,,0.5,0,1,8,0,0,0,0,0,0,2,0,2,0,0.00,0.00,0.00,0.14,0.5,0.5
2026-08-31T00:46:51+00:00,2026-08-30,daily,3,2026-09-04T17:30:00Z,597,Suzuki,AVL,GKP,50,0,0,0.9,3412,2507,7641,9278,a,,,,,,,,0.0,0,0,0,0,0,0,0,0,0,0,0,0,0,0.00,0.00,0.00,0.00,0.0,0.0
2026-08-31T00:46:51+00:00,2026-08-30,daily,3,2026-09-04T17:30:00Z,606,Rowe,AVL,DEF,40,0,0,0.1,1917,453,3477,699,a,,,,,,,,0.0,0,0,0,0,0,0,0,0,0,0,0,0,0,0.00,0.00,0.00,0.00,0.0,0.0
2026-08-31T00:46:51+00:00,2026-08-30,daily,3,2026-09-04T17:30:00Z,607,Lynch,AVL,MID,45,0,0,0.1,1546,709,5149,1541,a,,,,,,,,0.0,0,0,0,0,0,0,0,0,0,0,0,0,0,0.00,0.00,0.00,0.00,0.0,0.0
2026-08-31T00:46:51+00:00,2026-08-30,daily,3,2026-09-04T17:30:00Z,611,Wan-Bissaka,AVL,DEF,45,0,0,0.1,2099,396,3648,562,a,,,,,,,,0.0,0,0,0,0,0,0,0,0,0,0,0,0,0,0.00,0.00,0.00,0.00,1.7,1.7
2026-08-31T00:46:51+00:00,2026-08-30,daily,3,2026-09-04T17:30:00Z,618,Goretzka,AVL,MID,60,0,0,0.0,1296,197,1508,204,a,,,,,,,,0.0,0,0,0,0,0,0,0,0,0,0,0,0,0,0.00,0.00,0.00,0.00,2.2,2.2
2026-08-31T00:46:51+00:00,2026-08-30,daily,3,2026-09-04T17:30:00Z,57,Petrović,BOU,GKP,45,0,0,3.4,13796,8222,39174,22275,a,,,,,,,,2.5,3,5,180,2,0,0,0,3,9,0,5,0,13,0.00,0.00,0.00,4.09,2.5,2.5
2026-08-31T00:46:51+00:00,2026-08-30,daily,3,2026-09-04T17:30:00Z,58,Forster,BOU,GKP,40,0,0,3.2,9103,5032,18665,15685,a,,,,,,,,0.0,0,0,0,0,0,0,0,0,0,0,0,0,0,0.00,0.00,0.00,0.00,0.0,0.0
2026-08-31T00:46:51+00:00,2026-08-30,daily,3,2026-09-04T17:30:00Z,59,Dennis,BOU,GKP,40,0,0,0.2,0,1161,1133,2678,u,Has joined MK Dons permanently,2026-08-27T14:53:48.692835Z,0,0,,,,0.0,0,0,0,0,0,0,0,0,0,0,0,0,0,0.00,0.00,0.00,0.00,0.0,0.0
2026-08-31T00:46:51+00:00,2026-08-30,daily,3,2026-09-04T17:30:00Z,60,Hill,BOU,DEF,55,0,0,0.9,2316,3004,11469,9745,a,,,,,,,,2.5,4,5,180,2,0,0,0,3,0,18,14,4,4,0.00,0.74,0.74,4.09,2.5,2.5
2026-08-31T00:46:51+00:00,2026-08-30,daily,3,2026-09-04T17:30:00Z,61,Truffert,BOU,DEF,55,0,0,4.1,4722,10577,25323,36398,a,,,,,,,,2.5,4,5,180,2,0,0,0,3,0,16,12,4,13,0.00,0.07,0.07,4.09,2.5,2.5
2026-08-31T00:46:51+00:00,2026-08-30,daily,3,2026-09-04T17:30:00Z,62,Diakité,BOU,DEF,50,0,0,0.2,700,1344,3422,3665,a,,,,,,,,0.0,0,0,0,0,0,0,0,0,0,0,0,0,0,0.00,0.00,0.00,0.00,0.0,0.0
2026-08-31T00:46:51+00:00,2026-08-30,daily,3,2026-09-04T17:30:00Z,63,Milosavljević,BOU,DEF,50,0,0,0.0,29,79,103,375,i,Unspecified injury - Unknown return date,2026-08-06T10:00:10.456051Z,0,0,,,,0.0,0,0,0,0,0,0,0,0,0,0,0,0,0,0.00,0.00,0.00,0.00,0.0,0.0
2026-08-31T00:46:51+00:00,2026-08-30,daily,3,2026-09-04T17:30:00Z,64,Smith,BOU,DEF,45,0,0,0.1,553,556,3398,1574,a,,,,,,,,1.0,1,2,180,2,0,0,0,3,0,11,8,3,3,0.00,0.02,0.02,4.09,1.0,1.0
2026-08-31T00:46:51+00:00,2026-08-30,daily,3,2026-09-04T17:30:00Z,65,J.Araujo,BOU,DEF,45,0,0,0.0,34,156,122,662,i,Thigh injury - Unknown return date,2026-08-09T08:00:05.645826Z,0,0,,,,0.0,0,0,0,0,0,0,0,0,0,0,0,0,0,0.00,0.00,0.00,0.00,0.0,0.0
2026-08-31T00:46:51+00:00,2026-08-30,daily,3,2026-09-04T17:30:00Z,66,Soler,BOU,DEF,40,0,0,0.2,1335,706,1751,3133,a,,2026-08-15T16:30:07.021055Z,75,100,,,,0.0,0,0,0,0,0,0,0,0,0,0,0,0,0,0.00,0.00,0.00,0.00,0.0,0.0
2026-08-31T00:46:51+00:00,2026-08-30,daily,3,2026-09-04T17:30:00Z,67,Rayan,BOU,MID,65,0,0,2.6,3833,18649,27513,40828,a,,,,,,,,2.0,2,4,178,2,0,0,0,2,0,6,2,1,3,0.44,0.05,0.49,3.90,2.0,2.0
2026-08-31T00:46:51+00:00,2026-08-30,daily,3,2026-09-04T17:30:00Z,68,Tavernier,BOU,MID,60,0,0,2.5,11110,14310,98317,26741,a,,,,,3,1,1,5.5,1,11,180,2,1,0,0,3,0,19,3,6,10,0.49,0.29,0.78,4.09,5.5,5.5
2026-08-31T00:46:51+00:00,2026-08-30,daily,3,2026-09-04T17:30:00Z,69,Scott,BOU,MID,60,0,0,1.7,18526,5148,27046,18034,a,,,,,,4,2,7.0,12,14,176,2,1,0,1,2,0,26,4,7,15,0.26,0.28,0.54,3.96,7.0,7.0
2026-08-31T00:46:51+00:00,2026-08-30,daily,3,2026-09-04T17:30:00Z,70,Kluivert,BOU,MID,60,0,0,1.2,3373,7070,19694,16660,a,,,,,2,2,3,3.0,3,6,154,2,0,0,2,0,0,14,1,3,10,0.72,0.05,0.77,3.61,3.0,3.0
2026-08-31T00:46:51+00:00,2026-08-30,daily,3,2026-09-04T17:30:00Z,71,Cook,BOU,MID,50,0,0,0.2,2207,1051,5466,2758,a,,,,,,,5,3.0,3,6,143,2,0,0,2,0,0,9,3,1,5,0.00,0.01,0.01,3.61,3.0,3.0
2026-08-31T00:46:51+00:00,2026-08-30,daily,3,2026-09-04T17:30:00Z,72,Gannon-Doak,BOU,MID,50,0,0,0.1,146,511,511,1344,a,,,,,,,,0.5,0,1,1,0,0,0,0,1,0,1,0,0,1,0.00,0.00,0.00,0.19,0.5,0.5
2026-08-31T00:46:51+00:00,2026-08-30,daily,3,2026-09-04T17:30:00Z,73,Adams,BOU,MID,50,0,0,0.2,1959,1581,4991,4436,a,,2026-08-15T16:30:07.029928Z,100,100,,,,1.0,1,2,36,0,0,0,0,3,0,6,3,0,3,0.00,0.00,0.00,0.47,1.0,1.0
2026-08-31T00:46:51+00:00,2026-08-30,daily,3,2026-09-04T17:30:00Z,74,Brooks,BOU,MID,50,0,0,0.1,393,289,995,984,a,,2026-08-15T16:30:07.037929Z,100,100,,3,4,0.5,1,1,9,0,0,0,0,1,0,0,0,0,0,0.00,0.01,0.01,0.16,0.5,0.5
2026-08-31T00:46:51+00:00,2026-08-30,daily,3,2026-09-04T17:30:00Z,75,Christie,BOU,MID,50,0,0,0.0,352,166,912,362,a,,2026-07-24T17:30:10.035483Z,100,100,,,6,0.5,1,1,3,0,0,0,0,1,0,2,0,1,1,0.00,0.00,0.00,0.13,0.5,0.5
2026-08-31T00:46:51+00:00,2026-08-30,daily,3,2026-09-04T17:30:00Z,76,Tóth.A,BOU,MID,50,0,0,0.0,42,78,142,224,a,,,,,,,,0.5,0,1,15,0,0,0,0,2,0,2,0,1,1,0.00,0.00,0.00,0.31,0.5,0.5
2026-08-31T00:46:51+00:00,2026-08-30,daily,3,2026-09-04T17:30:00Z,77,Adli,BOU,MID,49,-1,-1,0.0,35,273,89,1249,i,Unspecified injury - Unknown return date,2026-08-15T16:00:07.590566Z,0,0,,,,0.0,0,0,0,0,0,0,0,0,0,0,0,0,0,0.00,0.00,0.00,0.00,0.0,0.0
2026-08-31T00:46:51+00:00,2026-08-30,daily,3,2026-09-04T17:30:00Z,78,Kroupi.Jr,BOU,MID,74,-1,-1,0.3,122,3620,584,17028,i,Foot injury - Unknown return date,2026-07-29T17:30:09.796802Z,0,0,1,,,0.0,0,0,0,0,0,0,0,0,0,0,0,0,0,0.00,0.00,0.00,0.00,0.0,0.0
2026-08-31T00:46:51+00:00,2026-08-30,daily,3,2026-09-04T17:30:00Z,79,Evanilson,BOU,FWD,60,0,0,3.2,26197,11778,98822,30804,a,,,,,,,,4.5,5,9,154,2,0,2,2,0,0,11,5,1,5,0.58,0.25,0.83,3.61,4.5,4.5
2026-08-31T00:46:51+00:00,2026-08-30,daily,3,2026-09-04T17:30:00Z,80,Enes Ünal,BOU,FWD,55,0,0,0.0,0,220,0,1290,u,Has joined Getafe permanently,2026-08-14T14:14:21.881112Z,0,0,,,,0.0,0,0,0,0,0,0,0,0,0,0,0,0,0,0.00,0.00,0.00,0.00,0.0,0.0
2026-08-31T00:46:51+00:00,2026-08-30,daily,3,2026-09-04T17:30:00Z,81,Rodríguez,BOU,FWD,60,0,0,0.1,470,601,1470,1783,a,,2026-08-15T16:30:07.054142Z,100,100,,,,0.5,1,1,9,0,0,0,0,1,0,1,0,0,1,0.00,0.00,0.00,0.16,0.5,0.5
2026-08-31T00:46:51+00:00,2026-08-30,daily,3,2026-09-04T17:30:00Z,566,Silva,BOU,DEF,50,0,0,0.4,1462,1137,8827,3327,a,,,,,,,,3.0,4,6,180,2,0,0,0,3,0,23,21,2,5,0.25,0.03,0.28,4.09,3.0,3.0
2026-08-31T00:46:51+00:00,2026-08-30,daily,3,2026-09-04T17:30:00Z,573,Sanchez,BOU,DEF,45,0,0,0.2,110,693,562,2158,a,,,,,,,,0.0,0,0,0,0,0,0,0,0,0,0,0,0,0,0.00,0.00,0.00,0.00,0.0,0.0
2026-08-31T00:46:51+00:00,2026-08-30,daily,3,2026-09-04T17:30:00Z,608,Jebbison,BOU,FWD,50,0,0,0.1,1452,578,3929,999,a,,,,,,,,0.5,0,1,15,0,0,0,0,2,0,1,0,0,1,0.10,0.00,0.10,0.31,0.5,0.5
2026-08-31T00:46:51+00:00,2026-08-30,daily,3,2026-09-04T17:30:00Z,615,Di Gregorio,BOU,GKP,45,0,0,0.0,500,137,741,164,a,,,,,,,,0.0,0,0,0,0,0,0,0,0,0,0,0,0,0,0.00,0.00,0.00,0.00,1.9,1.9
2026-08-31T00:46:51+00:00,2026-08-30,daily,3,2026-09-04T17:30:00Z,82,Kelleher,BRE,GKP,50,0,0,6.7,29853,13036,104287,32960,a,,,,,,,,4.5,2,9,180,2,0,0,1,1,5,0,2,0,9,0.00,0.01,0.01,2.03,4.5,4.5
2026-08-31T00:46:51+00:00,2026-08-30,daily,3,2026-09-04T17:30:00Z,83,Valdimarsson,BRE,GKP,45,0,0,0.1,268,379,910,1269,a,,,,,,,,0.0,0,0,0,0,0,0,0,0,0,0,0,0,0,0.00,0.00,0.00,0.00,0.0,0.0
2026-08-31T00:46:51+00:00,2026-08-30,daily,3,2026-09-04T17:30:00Z,84,Collins,BRE,DEF,55,0,0,2.1,8303,5075,33392,14448,a,,,,,,,,4.5,3,9,180,2,0,0,1,1,0,16,14,2,11,0.51,0.05,0.56,2.03,4.5,4.5
2026-08-31T00:46:51+00:00,2026-08-30,daily,3,2026-09-04T17:30:00Z,85,Van den Berg,BRE,DEF,50,0,0,0.1,57,1006,202,5129,i,Groin injury - Unknown return date,2026-08-15T15:30:06.416627Z,0,0,,,,0.0,0,0,0,0,0,0,0,0,0,0,0,0,0,0.00,0.00,0.00,0.00,0.0,0.0
2026-08-31T00:46:51+00:00,2026-08-30,daily,3,2026-09-04T17:30:00Z,86,Lewis-Potter,BRE,MID,55,0,0,1.5,25350,5666,77892,12382,a,,,,,,1,,8.0,6,16,177,2,1,1,1,1,0,21,7,3,11,0.79,0.25,1.04,2.03,8.0,8.0
2026-08-31T00:46:51+00:00,2026-08-30,daily,3,2026-09-04T17:30:00Z,87,Ajer,BRE,DEF,45,0,0,4.4,31202,10474,101180,24376,a,,,,,,,,5.5,3,11,180,2,0,0,1,1,0,27,25,2,5,0.11,0.03,0.14,2.03,5.5,5.5
2026-08-31T00:46:51+00:00,2026-08-30,daily,3,2026-09-04T17:30:00Z,88,Kayode,BRE,DEF,46,0,1,8.6,59325,18054,370128,39214,a,,,,,,,,7.5,2,15,162,2,1,0,1,1,0,8,7,1,9,0.52,0.21,0.73,1.93,7.5,7.5
2026-08-31T00:46:51+00:00,2026-08-30,daily,3,2026-09-04T17:30:00Z,89,Henry,BRE,DEF,45,0,0,0.2,183,574,727,2720,a,,,,,,,,0.5,1,1,2,0,0,0,0,0,0,0,0,0,0,0.00,0.00,0.00,0.00,0.5,0.5
2026-08-31T00:46:51+00:00,2026-08-30,daily,3,2026-09-04T17:30:00Z,90,Hickey,BRE,DEF,45,0,0,0.1,238,271,861,811,a,,,,,,,,1.0,1,2,16,0,0,0,0,0,0,1,0,1,2,0.00,0.02,0.02,0.10,1.0,1.0
2026-08-31T00:46:51+00:00,2026-08-30,daily,3,2026-09-04T17:30:00Z,92,Ji-soo,BRE,DEF,45,0,0,0.0,50,82,162,280,a,,,,,,,,0.0,0,0,0,0,0,0,0,0,0,0,0,0,0,0.00,0.00,0.00,0.00,0.0,0.0
2026-08-31T00:46:51+00:00,2026-08-30,daily,3,2026-09-04T17:30:00Z,93,Schuster,BRE,DEF,45,0,0,0.2,49,370,191,1576,a,,,,,,,,0.0,0,0,0,0,0,0,0,0,0,0,0,0,0,0.00,0.00,0.00,0.00,0.0,0.0
2026-08-31T00:46:51+00:00,2026-08-30,daily,3,2026-09-04T17:30:00Z,94,Schade,BRE,MID,60,0,0,3.6,21642,12145,46640,37934,a,,,,,2,,,6.5,10,13,177,2,1,0,1,1,0,18,4,5,9,0.77,0.03,0.80,2.03,6.5,6.5
2026-08-31T00:46:51+00:00,2026-08-30,daily,3,2026-09-04T17:30:00Z,95,O.Dango,BRE,MID,65,0,0,1.0,1495,8118,8843,19070,a,,,,,,,2,2.0,1,4,95,1,0,0,1,1,0,13,5,1,7,0.07,0.37,0.44,1.83,2.0,2.0
2026-08-31T00:46:51+00:00,2026-08-30,daily,3,2026-09-04T17:30:00Z,96,Damsgaard,BRE,MID,55,0,0,0.5,988,2153,3306,9697,a,,,,,,3,3,2.0,3,4,82,1,0,0,1,0,0,13,2,3,8,0.03,0.24,0.27,0.23,2.0,2.0
2026-08-31T00:46:51+00:00,2026-08-30,daily,3,2026-09-04T17:30:00Z,97,Jensen,BRE,MID,55,0,0,0.2,501,1644,4359,2981,d,Unspecified injury - 75% chance of playing,2026-08-30T12:30:08.176795Z,,75,3,2,1,3.0,0,6,66,1,0,1,1,0,0,5,0,2,3,0.08,0.34,0.42,0.47,3.0,2.2
2026-08-31T00:46:51+00:00,2026-08-30,daily,3,2026-09-04T17:30:00Z,98,Janelt,BRE,MID,50,0,0,0.6,11574,3909,45333,8194,a,,,,,,,4,5.0,1,10,180,2,1,0,1,1,0,23,11,7,5,0.39,0.31,0.70,2.03,5.0,5.0
2026-08-31T00:46:51+00:00,2026-08-30,daily,3,2026-09-04T17:30:00Z,99,Milambo,BRE,MID,50,0,0,0.0,13,12,41,57,i,Knee injury - Unknown return date,2026-07-23T12:01:23.384798Z,0,0,,,,0.0,0,0,0,0,0,0,0,0,0,0,0,0,0,0.00,0.00,0.00,0.00,0.0,0.0
2026-08-31T00:46:51+00:00,2026-08-30,daily,3,2026-09-04T17:30:00Z,100,Carvalho,BRE,MID,50,0,0,0.0,180,117,335,363,a,,2026-08-18T13:58:17.442072Z,100,100,,,,0.0,0,0,0,0,0,0,0,0,0,0,0,0,0,0.00,0.00,0.00,0.00,0.0,0.0
2026-08-31T00:46:51+00:00,2026-08-30,daily,3,2026-09-04T17:30:00Z,102,Yarmoliuk,BRE,MID,50,0,0,1.1,322,5427,1067,18606,a,,,,,,,,1.0,1,2,44,0,0,0,0,1,0,6,1,2,3,0.04,0.01,0.05,1.42,1.0,1.0
2026-08-31T00:46:51+00:00,2026-08-30,daily,3,2026-09-04T17:30:00Z,103,Dasilva,BRE,MID,50,0,0,0.0,52,168,216,521,a,,,,,,,,0.0,0,0,0,0,0,0,0,0,0,0,0,0,0,0.00,0.00,0.00,0.00,0.0,0.0
2026-08-31T00:46:51+00:00,2026-08-30,daily,3,2026-09-04T17:30:00Z,105,Anthony,BRE,MID,60,0,0,0.2,567,1032,2525,3423,a,,,,,,,,1.5,2,3,83,1,0,0,1,0,0,9,0,2,7,0.14,0.41,0.55,0.19,1.5,1.5
2026-08-31T00:46:51+00:00,2026-08-30,daily,3,2026-09-04T17:30:00Z,106,Thiago,BRE,FWD,80,0,0,15.5,17287,95889,109059,237056,a,,,,,1,,,1.0,2,2,172,2,0,0,1,1,0,9,1,1,7,1.80,0.09,1.89,1.96,1.0,1.0
2026-08-31T00:46:51+00:00,2026-08-30,daily,3,2026-09-04T17:30:00Z,107,Furo,BRE,FWD,45,0,0,1.0,7015,3658,15206,12101,a,,,,,,,,0.0,0,0,0,0,0,0,0,0,0,0,0,0,0,0.00,0.00,0.00,0.00,0.0,0.0
2026-08-31T00:46:51+00:00,2026-08-30,daily,3,2026-09-04T17:30:00Z,108,Wilson,BRE,FWD,55,0,0,0.4,1681,2135,6032,6943,a,,,,,,,,1.0,1,2,9,0,0,0,0,0,0,1,0,0,1,0.07,0.04,0.11,0.07,1.0,1.0
2026-08-31T00:46:51+00:00,2026-08-30,daily,3,2026-09-04T17:30:00Z,565,M.Sangaré,BRE,MID,56,0,1,10.3,114544,31998,558306,55338,a,,,,,,,,9.0,4,18,165,2,0,2,1,1,0,27,9,6,12,0.26,0.36,0.62,1.93,9.0,9.0
2026-08-31T00:46:51+00:00,2026-08-30,daily,3,2026-09-04T17:30:00Z,620,Diouf,BRE,DEF,45,0,0,0.1,4645,1115,5245,1152,a,,,,,,,,0.0,0,0,0,0,0,0,0,0,0,0,0,0,0,0.00,0.00,0.00,0.00,1.7,1.7
2026-08-31T00:46:51+00:00,2026-08-30,daily,3,2026-09-04T17:30:00Z,109,Verbruggen,BHA,GKP,45,0,0,21.5,63982,34930,148738,80410,a,,,,,,,,3.0,0,6,180,2,0,0,1,4,1,0,0,0,18,0.00,0.00,0.00,3.22,3.0,3.0
2026-08-31T00:46:51+00:00,2026-08-30,daily,3,2026-09-04T17:30:00Z,111,Steele,BHA,GKP,40,0,0,4.0,11883,6821,22597,20865,a,,,,,,,,0.0,0,0,0,0,0,0,0,0,0,0,0,0,0,0.00,0.00,0.00,0.00,0.0,0.0
2026-08-31T00:46:51+00:00,2026-08-30,daily,3,2026-09-04T17:30:00Z,113,F.Kadıoğlu,BHA,DEF,44,-1,-1,2.2,4166,8983,6746,60387,a,,2026-08-23T13:00:07.595211Z,100,100,,,3,0.0,0,0,90,1,0,0,0,4,0,0,0,0,2,0.02,0.01,0.03,2.93,0.0,0.0
2026-08-31T00:46:51+00:00,2026-08-30,daily,3,2026-09-04T17:30:00Z,114,Boscagli,BHA,DEF,45,0,0,0.3,2208,1141,6311,2700,a,,,,,,,,2.5,-1,5,180,2,0,0,1,4,0,9,8,1,6,0.05,0.15,0.20,3.22,2.5,2.5
2026-08-31T00:46:51+00:00,2026-08-30,daily,3,2026-09-04T17:30:00Z,115,De Cuyper,BHA,DEF,46,0,1,11.5,239822,24264,734820,45422,a,,,,,,4,2,8.5,0,17,167,2,1,1,1,4,0,6,3,3,6,1.50,0.26,1.76,3.22,8.5,8.5
2026-08-31T00:46:51+00:00,2026-08-30,daily,3,2026-09-04T17:30:00Z,116,Dunk,BHA,DEF,45,0,0,1.2,6578,3535,19921,8845,a,,,,,,3,,2.5,-1,5,180,2,0,0,1,4,0,5,3,2,6,0.00,0.05,0.05,3.22,2.5,2.5
2026-08-31T00:46:51+00:00,2026-08-30,daily,3,2026-09-04T17:30:00Z,117,Coppola,BHA,DEF,45,0,0,0.0,80,80,271,304,a,,,,,,,,0.0,0,0,0,0,0,0,0,0,0,0,0,0,0,0.00,0.00,0.00,0.00,0.0,0.0
2026-08-31T00:46:51+00:00,2026-08-30,daily,3,2026-09-04T17:30:00Z,118,Igor,BHA,DEF,45,0,0,0.1,198,298,669,1173,a,,,,,,,,0.0,0,0,0,0,0,0,0,0,0,0,0,0,0,0.00,0.00,0.00,0.00,0.0,0.0
2026-08-31T00:46:51+00:00,2026-08-30,daily,3,2026-09-04T17:30:00Z,119,Costinha,BHA,DEF,45,0,0,0.0,103,144,388,370,a,,,,,,,,0.5,0,1,36,0,0,0,0,0,0,4,3,1,0,0.12,0.00,0.12,0.14,0.5,0.5
2026-08-31T00:46:51+00:00,2026-08-30,daily,3,2026-09-04T17:30:00Z,120,Svoboda,BHA,DEF,50,0,0,0.1,272,285,1040,969,a,,,,,,,,0.0,0,0,0,0,0,0,0,0,0,0,0,0,0,0.00,0.00,0.00,0.00,0.0,0.0
2026-08-31T00:46:51+00:00,2026-08-30,daily,3,2026-09-04T17:30:00Z,121,Mitoma,BHA,MID,60,0,0,0.0,57,390,216,1627,i,Hamstring injury - Unknown return date,2026-07-24T18:30:10.661894Z,0,0,,,,0.0,0,0,0,0,0,0,0,0,0,0,0,0,0,0.00,0.00,0.00,0.00,0.0,0.0
2026-08-31T00:46:51+00:00,2026-08-30,daily,3,2026-09-04T17:30:00Z,122,Minteh,BHA,MID,59,-1,-1,0.1,35,796,175,4317,i,Leg injury - Expected back 28 Nov,2026-08-14T18:00:06.418033Z,0,0,,,5,0.0,0,0,0,0,0,0,0,0,0,0,0,0,0,0.00,0.00,0.00,0.00,0.0,0.0
2026-08-31T00:46:51+00:00,2026-08-30,daily,3,2026-09-04T17:30:00Z,123,Hinshelwood,BHA,MID,60,0,0,1.9,3890,41604,143718,79689,d,Unspecified injury - 50% chance of playing,2026-08-27T19:30:07.780933Z,25,50,,,,8.0,0,16,63,1,2,0,1,0,0,3,0,2,1,1.41,0.02,1.43,0.19,2.0,4.0
2026-08-31T00:46:51+00:00,2026-08-30,daily,3,2026-09-04T17:30:00Z,124,Groß,BHA,MID,55,0,0,13.0,59360,28661,83539,134534,a,,,,,1,1,1,7.5,13,15,180,2,1,1,1,4,0,11,2,4,5,0.05,0.38,0.43,3.22,7.5,7.5
2026-08-31T00:46:51+00:00,2026-08-30,daily,3,2026-09-04T17:30:00Z,125,Georginio,BHA,FWD,55,0,0,0.9,2356,8651,26243,23658,d,Unspecified injury - 75% chance of playing,2026-08-26T16:00:07.608056Z,75,75,,,,2.5,0,5,90,1,0,1,1,0,0,7,1,2,4,0.08,0.44,0.52,0.29,1.9,1.9
2026-08-31T00:46:51+00:00,2026-08-30,daily,3,2026-09-04T17:30:00Z,126,O'Riley,BHA,MID,55,0,0,0.1,352,621,1008,1973,a,,,,,3,,,0.0,0,0,0,0,0,0,0,0,0,0,0,0,0,0.00,0.00,0.00,0.00,0.0,0.0
2026-08-31T00:46:51+00:00,2026-08-30,daily,3,2026-09-04T17:30:00Z,127,Gomez,BHA,MID,50,0,0,4.0,30381,11905,54333,28777,a,,,,,,5,,5.5,5,11,175,2,0,2,1,4,0,11,3,5,3,0.56,0.65,1.21,3.22,5.5,5.5
2026-08-31T00:46:51+00:00,2026-08-30,daily,3,2026-09-04T17:30:00Z,128,Buonanotte,BHA,MID,50,0,0,0.0,0,39,0,212,u,Has joined Elche on loan for the rest of the season,2026-08-10T14:03:07.561436Z,0,0,,,,0.0,0,0,0,0,0,0,0,0,0,0,0,0,0,0.00,0.00,0.00,0.00,0.0,0.0
2026-08-31T00:46:51+00:00,2026-08-30,daily,3,2026-09-04T17:30:00Z,129,Ayari,BHA,MID,55,0,0,0.6,1251,5085,4585,12696,d,Ankle injury - 75% chance of playing,2026-08-30T18:00:07.935334Z,,75,,2,4,1.0,0,2,63,1,0,0,1,0,0,4,1,0,3,0.11,0.03,0.14,0.19,1.0,0.8
2026-08-31T00:46:51+00:00,2026-08-30,daily,3,2026-09-04T17:30:00Z,130,Wieffer,BHA,DEF,50,0,0,0.5,5198,2269,18626,5326,a,,,,,,,,3.5,0,7,156,2,0,0,1,4,0,15,11,4,9,0.12,0.13,0.25,3.18,3.5,3.5
2026-08-31T00:46:51+00:00,2026-08-30,daily,3,2026-09-04T17:30:00Z,132,Howell,BHA,MID,45,0,0,0.0,0,408,0,1940,u,Has joined Leicester City on loan for the rest of the season,2026-08-17T13:53:19.019938Z,0,0,,,,0.0,0,0,0,0,0,0,0,0,0,0,0,0,0,0.00,0.00,0.00,0.00,0.0,0.0
2026-08-31T00:46:51+00:00,2026-08-30,daily,3,2026-09-04T17:30:00Z,133,Watson,BHA,MID,50,0,0,0.0,0,15,0,71,u,Has joined Leicester City on loan for the rest of the season,2026-08-03T14:05:44.459483Z,0,0,,,,0.0,0,0,0,0,0,0,0,0,0,0,0,0,0,0.00,0.00,0.00,0.00,0.0,0.0
2026-08-31T00:46:51+00:00,2026-08-30,daily,3,2026-09-04T17:30:00Z,134,Oriola,BHA,MID,45,0,0,0.3,1055,1079,2763,3859,a,,,,,,,,0.0,0,0,0,0,0,0,0,0,0,0,0,0,0,0.00,0.00,0.00,0.00,0.0,0.0
2026-08-31T00:46:51+00:00,2026-08-30,daily,3,2026-09-04T17:30:00Z,135,Yohanna,BHA,MID,50,0,0,0.1,155,473,528,1352,a,,,,,,,,0.5,0,1,12,0,0,0,0,0,0,0,0,0,0,0.00,0.03,0.03,0.00,0.5,0.5
2026-08-31T00:46:51+00:00,2026-08-30,daily,3,2026-09-04T17:30:00Z,137,Tzimas,BHA,FWD,55,0,0,0.0,20,72,104,324,i,Knee injury - Unknown return date,2026-07-23T12:01:23.432796Z,0,0,,,,0.0,0,0,0,0,0,0,0,0,0,0,0,0,0,0.00,0.00,0.00,0.00,0.0,0.0
2026-08-31T00:46:51+00:00,2026-08-30,daily,3,2026-09-04T17:30:00Z,138,Kostoulas,BHA,FWD,55,0,0,0.3,4155,1100,5539,3251,a,,,,,,,,3.0,5,6,105,1,0,1,0,4,0,8,0,1,7,0.35,0.02,0.37,2.99,3.0,3.0
2026-08-31T00:46:51+00:00,2026-08-30,daily,3,2026-09-04T17:30:00Z,139,Ferguson,BHA,FWD,50,0,0,0.0,220,277,538,900,i,Ankle injury - Expected back 10 Oct,2026-07-23T12:01:23.448357Z,0,0,,,,0.0,0,0,0,0,0,0,0,0,0,0,0,0,0,0.00,0.00,0.00,0.00,0.0,0.0
2026-08-31T00:46:51+00:00,2026-08-30,daily,3,2026-09-04T17:30:00Z,328,Struijk,BHA,DEF,50,0,0,0.2,492,1073,1908,3627,a,,2026-08-15T20:30:07.523574Z,100,100,,,,0.0,0,0,0,0,0,0,0,0,0,0,0,0,0,0.00,0.00,0.00,0.00,0.0,0.0
2026-08-31T00:46:51+00:00,2026-08-30,daily,3,2026-09-04T17:30:00Z,504,Vuskovic,BHA,DEF,50,0,0,2.5,8070,8643,29256,20990,a,,,,,,,,3.0,0,6,180,2,0,0,1,4,0,12,11,1,5,0.16,0.05,0.21,3.22,3.0,3.0
2026-08-31T00:46:51+00:00,2026-08-30,daily,3,2026-09-04T17:30:00Z,594,David,BHA,FWD,60,0,0,0.3,1288,1731,3807,5872,a,,,,,2,,,0.5,1,1,10,0,0,0,0,0,0,0,0,0,0,0.00,0.00,0.00,0.04,0.5,0.5
2026-08-31T00:46:51+00:00,2026-08-30,daily,3,2026-09-04T17:30:00Z,600,Osman,BHA,MID,50,0,0,0.0,96,72,314,215,a,,,,,,,,1.0,1,2,28,0,0,0,0,1,0,3,0,1,2,0.00,0.06,0.06,0.10,1.0,1.0
2026-08-31T00:46:51+00:00,2026-08-30,daily,3,2026-09-04T17:30:00Z,605,Yalcouyé,BHA,MID,45,0,0,0.5,32927,3543,37266,4495,a,,,,,,,,4.5,8,9,77,1,1,0,0,3,0,7,2,3,2,0.70,0.17,0.87,2.83,4.5,4.5
2026-08-31T00:46:51+00:00,2026-08-30,daily,3,2026-09-04T17:30:00Z,614,Hadjam,BHA,DEF,45,0,0,0.0,891,161,1897,215,a,,,,,,,,0.0,0,0,0,0,0,0,0,0,0,0,0,0,0,0.00,0.00,0.00,0.00,1.7,1.7
2026-08-31T00:46:51+00:00,2026-08-30,daily,3,2026-09-04T17:30:00Z,624,Cozier-Duberry,BHA,MID,50,0,0,0.0,16,2,16,2,a,,,,,,,,0.0,0,0,0,0,0,0,0,0,0,0,0,0,0,0.00,0.00,0.00,0.00,1.5,1.5
2026-08-31T00:46:51+00:00,2026-08-30,daily,3,2026-09-04T17:30:00Z,28,Martinez,CHE,GKP,50,0,0,4.3,20138,11351,49524,76265,a,,,,,,,,1.0,2,2,90,1,0,0,0,3,4,0,1,0,13,0.00,0.01,0.01,1.41,1.0,1.0
2026-08-31T00:46:51+00:00,2026-08-30,daily,3,2026-09-04T17:30:00Z,40,Rogers,CHE,MID,75,0,0,26.0,85261,76862,337112,148611,a,,,,,,,4,6.5,5,13,171,2,1,1,0,5,0,12,1,3,8,1.10,1.11,2.21,2.65,6.5,6.5
2026-08-31T00:46:51+00:00,2026-08-30,daily,3,2026-09-04T17:30:00Z,101,Henderson,CHE,MID,50,0,0,0.0,96,293,310,984,d,Wrist injury - 75% chance of playing,2026-08-09T09:30:07.136250Z,75,75,,,,0.0,0,0,0,0,0,0,0,0,0,0,0,0,0,0.00,0.00,0.00,0.00,0.0,0.0
2026-08-31T00:46:51+00:00,2026-08-30,daily,3,2026-09-04T17:30:00Z,136,Welbeck,CHE,FWD,59,-1,-1,0.9,3220,8254,6356,30679,a,,2026-08-20T14:00:07.949090Z,100,100,,,,0.0,0,0,0,0,0,0,0,0,0,0,0,0,0,0.00,0.00,0.00,0.00,0.0,0.0
2026-08-31T00:46:51+00:00,2026-08-30,daily,3,2026-09-04T17:30:00Z,140,Sánchez,CHE,GKP,50,0,0,1.9,1259,23643,10183,50834,a,,,,,,,,1.0,0,2,90,1,0,0,0,2,4,0,1,0,5,0.00,0.01,0.01,1.33,1.0,1.0
2026-08-31T00:46:51+00:00,2026-08-30,daily,3,2026-09-04T17:30:00Z,141,Jörgensen,CHE,GKP,50,0,0,0.0,0,105,0,606,u,Has joined RC Strasbourg on loan for the rest of the season,2026-08-12T14:07:02.607115Z,0,0,,,,0.0,0,0,0,0,0,0,0,0,0,0,0,0,0,0.00,0.00,0.00,0.00,0.0,0.0
2026-08-31T00:46:51+00:00,2026-08-30,daily,3,2026-09-04T17:30:00Z,142,James,CHE,DEF,55,0,0,9.4,13396,59096,75921,140414,a,,,,,,1,1,0.5,1,1,112,1,0,0,0,3,0,6,6,0,5,0.10,0.07,0.17,1.47,0.5,0.5
2026-08-31T00:46:51+00:00,2026-08-30,daily,3,2026-09-04T17:30:00Z,143,Chalobah,CHE,DEF,55,0,0,0.1,0,1602,0,9660,u,Has joined Como permanently,2026-08-10T14:03:50.769483Z,0,0,,,,0.0,0,0,0,0,0,0,0,0,0,0,0,0,0,0.00,0.00,0.00,0.00,0.0,0.0
2026-08-31T00:46:51+00:00,2026-08-30,daily,3,2026-09-04T17:30:00Z,144,Gusto,CHE,DEF,50,0,0,1.2,4327,5943,17652,16890,a,,,,,,,,1.0,1,2,165,2,0,0,0,5,0,8,6,2,7,0.00,0.04,0.04,2.52,1.0,1.0
2026-08-31T00:46:51+00:00,2026-08-30,daily,3,2026-09-04T17:30:00Z,145,Fofana,CHE,DEF,50,0,0,0.1,1062,365,1875,626,a,,2026-07-23T12:01:23.464591Z,100,100,,,,0.0,0,0,67,1,0,0,0,2,0,9,9,0,0,0.00,0.01,0.01,1.26,0.0,0.0
2026-08-31T00:46:51+00:00,2026-08-30,daily,3,2026-09-04T17:30:00Z,146,B.Badiashile,CHE,DEF,45,0,0,0.0,0,330,232,1130,u,Has joined Napoli on loan for the rest of the season,2026-08-25T14:03:47.079414Z,0,0,,,,0.0,0,0,0,0,0,0,0,0,0,0,0,0,0,0.00,0.00,0.00,0.00,0.0,0.0
2026-08-31T00:46:51+00:00,2026-08-30,daily,3,2026-09-04T17:30:00Z,147,Tosin,CHE,DEF,45,0,0,0.2,93,741,356,2861,a,,,,,,,,0.0,0,0,0,0,0,0,0,0,0,0,0,0,0,0.00,0.00,0.00,0.00,0.0,0.0
2026-08-31T00:46:51+00:00,2026-08-30,daily,3,2026-09-04T17:30:00Z,148,Hato,CHE,DEF,45,0,0,0.5,7555,2507,11913,6991,a,,,,,,,,2.5,4,5,154,2,0,1,0,5,0,9,5,4,5,0.01,0.09,0.10,2.46,2.5,2.5
2026-08-31T00:46:51+00:00,2026-08-30,daily,3,2026-09-04T17:30:00Z,149,Colwill,CHE,DEF,50,0,0,1.4,3509,9315,14080,27094,a,,,,,,,,0.5,1,1,161,2,0,0,0,4,0,13,10,3,5,0.01,0.03,0.04,2.64,0.5,0.5
2026-08-31T00:46:51+00:00,2026-08-30,daily,3,2026-09-04T17:30:00Z,150,M.Sarr,CHE,DEF,45,0,0,0.1,24,1543,429,2492,u,Has joined Real Sociedad on loan for the rest of the season,2026-08-29T00:34:23.077418Z,,0,,,,0.0,0,0,0,0,0,0,0,0,0,0,0,0,0,0.00,0.00,0.00,0.00,0.0,0.0
2026-08-31T00:46:51+00:00,2026-08-30,daily,3,2026-09-04T17:30:00Z,151,Acheampong,CHE,DEF,45,0,0,0.4,2447,2260,10512,5394,a,,,,,,,,2.0,1,4,112,1,0,0,0,3,0,18,12,6,6,0.00,0.01,0.01,1.47,2.0,2.0
2026-08-31T00:46:51+00:00,2026-08-30,daily,3,2026-09-04T17:30:00Z,152,Palestra,CHE,DEF,54,-1,-1,1.8,318,26929,5278,96866,d,Unspecified injury - 75% chance of playing,2026-08-24T18:30:07.421239Z,75,75,,,,0.0,0,0,0,0,0,0,0,0,0,0,0,0,0,0.00,0.00,0.00,0.00,0.0,0.0
2026-08-31T00:46:51+00:00,2026-08-30,daily,3,2026-09-04T17:30:00Z,154,Palmer,CHE,MID,96,1,1,17.6,140812,45555,517684,77515,a,,2026-08-24T22:00:07.971542Z,100,100,1,3,,10.0,7,20,172,2,2,1,0,5,0,17,2,4,11,0.94,0.32,1.26,2.65,10.0,10.0
2026-08-31T00:46:51+00:00,2026-08-30,daily,3,2026-09-04T17:30:00Z,155,Enzo,CHE,MID,69,-1,-1,3.9,2866,49132,17820,138297,a,,,,,2,2,3,0.5,0,1,25,0,0,0,0,0,0,3,0,0,3,0.00,0.02,0.02,0.28,0.5,0.5
2026-08-31T00:46:51+00:00,2026-08-30,daily,3,2026-09-04T17:30:00Z,156,Neto,CHE,MID,65,0,0,1.2,7614,6374,13249,29736,a,,,,,,4,2,4.0,7,8,81,1,1,0,0,2,0,8,3,1,4,0.44,0.40,0.84,1.48,4.0,4.0
2026-08-31T00:46:51+00:00,2026-08-30,daily,3,2026-09-04T17:30:00Z,157,Estêvão,CHE,MID,64,-1,-1,1.0,1595,12352,7159,36136,a,,,,,3,,5,0.5,0,1,7,0,0,0,0,0,0,1,0,0,1,0.00,0.00,0.00,0.09,0.5,0.5
2026-08-31T00:46:51+00:00,2026-08-30,daily,3,2026-09-04T17:30:00Z,158,Gittens,CHE,MID,59,-1,-1,0.0,108,348,379,1121,a,,,,,,,,0.0,0,0,0,0,0,0,0,0,0,0,0,0,0,0.00,0.00,0.00,0.00,0.0,0.0
2026-08-31T00:46:51+00:00,2026-08-30,daily,3,2026-09-04T17:30:00Z,159,Caicedo,CHE,MID,54,-1,-1,2.5,1693,33482,11174,131805,d,Unspecified injury - 75% chance of playing,2026-08-30T16:00:08.393562Z,75,75,,,,0.5,1,1,13,0,0,0,0,0,0,0,0,0,0,0.00,0.00,0.00,0.07,0.4,0.4
2026-08-31T00:46:51+00:00,2026-08-30,daily,3,2026-09-04T17:30:00Z,161,Lavia,CHE,MID,50,0,0,0.1,3381,650,4554,1569,a,,,,,,,,4.0,7,8,131,2,1,0,0,4,0,16,5,4,7,0.75,0.03,0.78,2.31,4.0,4.0
2026-08-31T00:46:51+00:00,2026-08-30,daily,3,2026-09-04T17:30:00Z,163,D.Essugo,CHE,MID,45,0,0,0.2,681,988,1933,3875,a,,,,,,,,0.0,0,0,0,0,0,0,0,0,0,0,0,0,0,0.00,0.00,0.00,0.00,0.0,0.0
2026-08-31T00:46:51+00:00,2026-08-30,daily,3,2026-09-04T17:30:00Z,164,Quenda,CHE,MID,54,-1,-1,0.0,91,440,322,1260,a,,2026-07-24T20:30:10.609931Z,100,100,,,,0.5,0,1,8,0,0,0,0,0,0,1,1,0,0,0.00,0.00,0.00,0.09,0.5,0.5
2026-08-31T00:46:51+00:00,2026-08-30,daily,3,2026-09-04T17:30:00Z,165,João Pedro,CHE,FWD,76,0,1,69.2,134548,32937,539736,61102,a,,,,,,,,10.0,9,20,180,2,2,2,0,5,0,6,1,1,4,1.86,0.10,1.96,2.74,10.0,10.0
2026-08-31T00:46:51+00:00,2026-08-30,daily,3,2026-09-04T17:30:00Z,168,Marc Guiu,CHE,FWD,50,0,0,0.4,1117,2607,3295,8753,a,,,,,,,,0.0,0,0,0,0,0,0,0,0,0,0,0,0,0,0.00,0.00,0.00,0.00,0.0,0.0
2026-08-31T00:46:51+00:00,2026-08-30,daily,3,2026-09-04T17:30:00Z,169,Mheuka,CHE,FWD,45,0,0,0.4,2189,1760,5118,6169,a,,,,,,,,0.0,0,0,0,0,0,0,0,0,0,0,0,0,0,0.00,0.00,0.00,0.00,0.0,0.0
2026-08-31T00:46:51+00:00,2026-08-30,daily,3,2026-09-04T17:30:00Z,170,Emegha,CHE,FWD,50,0,0,0.1,737,1168,2187,3502,a,,2026-07-24T20:30:10.622380Z,100,100,,,,0.0,0,0,0,0,0,0,0,0,0,0,0,0,0,0.00,0.00,0.00,0.00,0.0,0.0
2026-08-31T00:46:51+00:00,2026-08-30,daily,3,2026-09-04T17:30:00Z,200,Lacroix,CHE,DEF,60,0,0,9.3,17664,37935,81186,82742,a,,,,,,,,3.5,1,7,180,2,0,1,0,5,0,21,15,6,3,0.02,0.20,0.22,2.74,3.5,3.5
2026-08-31T00:46:51+00:00,2026-08-30,daily,3,2026-09-04T17:30:00Z,560,Penders,CHE,GKP,45,0,0,0.1,146,420,541,1185,a,,,,,,,,0.0,0,0,0,0,0,0,0,0,0,0,0,0,0,0.00,0.00,0.00,0.00,0.0,0.0
2026-08-31T00:46:51+00:00,2026-08-30,daily,3,2026-09-04T17:30:00Z,561,Anselmino,CHE,DEF,45,0,0,0.0,72,88,194,534,a,,2026-08-23T19:00:08.536705Z,100,100,,,,0.0,0,0,0,0,0,0,0,0,0,0,0,0,0,0.00,0.00,0.00,0.00,0.0,0.0
2026-08-31T00:46:51+00:00,2026-08-30,daily,3,2026-09-04T17:30:00Z,568,Barco,CHE,MID,55,0,0,0.1,480,583,1008,2244,a,,,,,,,,0.5,1,1,8,0,0,0,0,1,0,1,1,0,0,0.04,0.00,0.04,0.07,0.5,0.5
2026-08-31T00:46:51+00:00,2026-08-30,daily,3,2026-09-04T17:30:00Z,578,Mudryk,CHE,MID,55,0,0,0.0,74,423,308,1399,a,,,,,,,,0.0,0,0,0,0,0,0,0,0,0,0,0,0,0,0.00,0.00,0.00,0.00,0.0,0.0
2026-08-31T00:46:51+00:00,2026-08-30,daily,3,2026-09-04T17:30:00Z,583,Chavarria,CHE,DEF,50,0,0,0.2,272,1201,1353,3759,a,,,,,,,,1.0,1,2,43,0,0,0,0,1,0,4,3,1,2,0.00,0.02,0.02,0.37,1.0,1.0
2026-08-31T00:46:51+00:00,2026-08-30,daily,3,2026-09-04T17:30:00Z,91,Pinnock,COV,DEF,45,0,0,0.1,228,380,802,1351,a,,,,,,,,0.5,1,1,12,0,0,0,0,1,0,2,2,0,0,0.00,0.00,0.00,0.54,0.5,0.5
2026-08-31T00:46:51+00:00,2026-08-30,daily,3,2026-09-04T17:30:00Z,104,Onyeka,COV,MID,50,0,0,0.2,146,1029,2602,2629,a,,,,,,,,1.0,0,2,90,1,0,0,0,3,0,9,3,1,5,0.00,0.01,0.01,1.88,1.0,1.0
2026-08-31T00:46:51+00:00,2026-08-30,daily,3,2026-09-04T17:30:00Z,110,Rushworth,COV,GKP,45,0,0,1.2,852,4928,12783,9600,a,,,,,,,,1.5,2,3,180,2,0,0,0,4,3,0,2,0,20,0.00,0.01,0.01,2.60,1.5,1.5
2026-08-31T00:46:51+00:00,2026-08-30,daily,3,2026-09-04T17:30:00Z,171,Dovin,COV,GKP,40,0,0,1.5,2352,2684,4986,9095,a,,,,,,,,0.0,0,0,0,0,0,0,0,0,0,0,0,0,0,0.00,0.00,0.00,0.00,0.0,0.0
2026-08-31T00:46:51+00:00,2026-08-30,daily,3,2026-09-04T17:30:00Z,172,Wilson,COV,GKP,45,0,0,0.4,65,1267,292,4707,a,,,,,,,,0.0,0,0,0,0,0,0,0,0,0,0,0,0,0,0.00,0.00,0.00,0.00,0.0,0.0
2026-08-31T00:46:51+00:00,2026-08-30,daily,3,2026-09-04T17:30:00Z,173,Thomas,COV,DEF,40,0,0,8.1,29747,14482,67858,38372,a,,,,,,,,5.5,8,11,167,2,0,0,1,3,0,19,18,1,8,0.02,0.02,0.04,2.06,5.5,5.5
2026-08-31T00:46:51+00:00,2026-08-30,daily,3,2026-09-04T17:30:00Z,174,Kitching,COV,DEF,40,0,0,0.6,191,1731,711,6517,a,,,,,,,,0.0,0,0,0,0,0,0,0,0,0,0,0,0,0,0.00,0.00,0.00,0.00,0.0,0.0
2026-08-31T00:46:51+00:00,2026-08-30,daily,3,2026-09-04T17:30:00Z,175,van Ewijk,COV,DEF,40,0,0,12.6,12983,36433,47434,86291,a,,,,,,,,1.5,2,3,180,2,0,0,0,4,0,9,7,2,6,0.00,0.20,0.20,2.60,1.5,1.5
2026-08-31T00:46:51+00:00,2026-08-30,daily,3,2026-09-04T17:30:00Z,176,Dasilva,COV,DEF,40,0,0,0.8,673,1631,3897,5685,a,,,,,,,,1.5,2,3,180,2,0,0,0,4,0,9,7,2,4,0.18,0.07,0.25,2.60,1.5,1.5
2026-08-31T00:46:51+00:00,2026-08-30,daily,3,2026-09-04T17:30:00Z,177,Kesler-Hayden,COV,DEF,40,0,0,0.1,33,494,201,1244,i,Hamstring injury - Unknown return date,2026-08-27T14:56:28.704361Z,0,0,,,,0.0,0,0,0,0,0,0,0,0,0,0,0,0,0,0.00,0.00,0.00,0.00,0.0,0.0
2026-08-31T00:46:51+00:00,2026-08-30,daily,3,2026-09-04T17:30:00Z,178,Bidwell,COV,DEF,40,0,0,0.1,114,321,620,1065,a,,,,,,,,0.0,0,0,0,0,0,0,0,0,0,0,0,0,0,0.00,0.00,0.00,0.00,0.0,0.0
2026-08-31T00:46:51+00:00,2026-08-30,daily,3,2026-09-04T17:30:00Z,179,Latibeaudiere,COV,DEF,40,0,0,0.0,83,136,243,556,a,,,,,,,,0.0,0,0,0,0,0,0,0,0,0,0,0,0,0,0.00,0.00,0.00,0.00,0.0,0.0
2026-08-31T00:46:51+00:00,2026-08-30,daily,3,2026-09-04T17:30:00Z,180,Woolfenden,COV,DEF,40,0,0,0.2,174,1268,1120,3496,i,Knee injury - Unknown return date,2026-08-27T14:56:28.718566Z,0,0,,,,0.0,0,0,0,0,0,0,0,0,0,0,0,0,0,0.00,0.00,0.00,0.00,0.0,0.0
2026-08-31T00:46:51+00:00,2026-08-30,daily,3,2026-09-04T17:30:00Z,181,Brau,COV,DEF,40,0,0,0.0,19,391,275,729,u,Has joined Academico de Viseu on loan for the rest of the season,2026-08-29T00:35:59.980316Z,,0,,,,0.0,0,0,0,0,0,0,0,0,0,0,0,0,0,0.00,0.00,0.00,0.00,0.0,0.0
2026-08-31T00:46:51+00:00,2026-08-30,daily,3,2026-09-04T17:30:00Z,182,Amenda,COV,DEF,40,0,0,0.8,619,2327,3947,6838,a,,,,,,,,1.0,1,2,180,2,0,0,0,4,0,13,13,0,5,0.02,0.05,0.07,2.60,1.0,1.0
2026-08-31T00:46:51+00:00,2026-08-30,daily,3,2026-09-04T17:30:00Z,183,Rudoni,COV,MID,50,0,0,0.1,281,738,1531,2037,a,,2026-07-23T12:01:23.481435Z,100,100,,1,4,2.0,3,4,90,1,0,0,1,0,0,11,1,2,8,0.21,0.09,0.30,0.31,2.0,2.0
2026-08-31T00:46:51+00:00,2026-08-30,daily,3,2026-09-04T17:30:00Z,184,Grimes,COV,MID,50,0,0,0.2,202,1023,2492,2639,a,,,,,3,,1,2.0,2,4,180,2,0,0,0,4,0,17,5,0,12,0.01,0.05,0.06,2.60,2.0,2.0
2026-08-31T00:46:51+00:00,2026-08-30,daily,3,2026-09-04T17:30:00Z,185,Sakamoto,COV,MID,50,0,0,0.1,53,492,190,1947,a,,,,,,,,0.5,1,1,31,0,0,0,0,1,0,4,0,2,2,0.02,0.02,0.04,0.69,0.5,0.5
2026-08-31T00:46:51+00:00,2026-08-30,daily,3,2026-09-04T17:30:00Z,186,Mason-Clark,COV,MID,55,0,0,0.1,86,586,575,2164,a,,2026-08-19T18:00:08.310507Z,100,100,,,,0.5,1,1,57,1,0,0,0,0,0,4,2,0,2,0.00,0.06,0.06,0.02,0.5,0.5
2026-08-31T00:46:51+00:00,2026-08-30,daily,3,2026-09-04T17:30:00Z,187,Eccles,COV,MID,49,-1,-1,0.0,52,105,121,404,a,,,,,,,,0.0,0,0,0,0,0,0,0,0,0,0,0,0,0,0.00,0.00,0.00,0.00,0.0,0.0
2026-08-31T00:46:51+00:00,2026-08-30,daily,3,2026-09-04T17:30:00Z,188,Torp,COV,MID,55,0,0,0.2,24,908,573,2732,a,,,,,2,2,2,1.0,1,2,47,0,0,0,0,1,0,3,1,0,2,0.00,0.12,0.12,1.01,1.0,1.0
2026-08-31T00:46:51+00:00,2026-08-30,daily,3,2026-09-04T17:30:00Z,189,Shepherd,COV,MID,45,0,0,0.3,522,1169,1535,4340,a,,,,,,,,0.0,0,0,0,0,0,0,0,0,0,0,0,0,0,0.00,0.00,0.00,0.00,0.0,0.0
2026-08-31T00:46:51+00:00,2026-08-30,daily,3,2026-09-04T17:30:00Z,190,Tchaouna,COV,MID,55,0,0,0.2,52,808,2814,2259,a,,,,,,,,1.5,1,3,139,2,0,0,0,3,0,14,5,1,8,0.09,0.15,0.24,1.78,1.5,1.5
2026-08-31T00:46:51+00:00,2026-08-30,daily,3,2026-09-04T17:30:00Z,191,Borges Rodrigues,COV,MID,45,0,0,0.2,552,757,1232,2630,a,,,,,,,,0.0,0,0,0,0,0,0,0,0,0,0,0,0,0,0.00,0.00,0.00,0.00,0.0,0.0
2026-08-31T00:46:51+00:00,2026-08-30,daily,3,2026-09-04T17:30:00Z,192,Andrews,COV,MID,45,0,0,0.6,142,7144,2718,14338,u,Has joined Oxford United on loan for the rest of the season,2026-08-29T00:35:59.998520Z,,0,,,,0.0,0,0,0,0,0,0,0,0,0,0,0,0,0,0.00,0.00,0.00,0.00,0.0,0.0
2026-08-31T00:46:51+00:00,2026-08-30,daily,3,2026-09-04T17:30:00Z,193,Wright,COV,FWD,54,-1,-1,0.1,34,1404,141,6829,i,Thigh injury - Unknown return date,2026-08-14T22:00:07.214508Z,0,0,1,,,0.0,0,0,0,0,0,0,0,0,0,0,0,0,0,0.00,0.00,0.00,0.00,0.0,0.0
2026-08-31T00:46:51+00:00,2026-08-30,daily,3,2026-09-04T17:30:00Z,194,Thomas-Asante,COV,FWD,50,0,0,0.9,7057,5422,21651,13310,a,,,,,4,,,1.5,1,3,101,1,0,0,0,4,0,8,5,0,3,0.00,0.02,0.02,2.29,1.5,1.5
2026-08-31T00:46:51+00:00,2026-08-30,daily,3,2026-09-04T17:30:00Z,195,Simms,COV,FWD,50,0,0,1.0,4320,6848,24256,16451,a,,,,,,,,1.0,0,2,69,1,0,0,0,3,0,3,1,0,2,0.00,0.01,0.01,1.60,1.0,1.0
2026-08-31T00:46:51+00:00,2026-08-30,daily,3,2026-09-04T17:30:00Z,196,Markelo,COV,FWD,50,0,0,0.0,0,125,0,715,u,Has joined Shabab Al-Ahli Dubai permanently,2026-08-17T13:53:55.791223Z,0,0,,,,0.0,0,0,0,0,0,0,0,0,0,0,0,0,0,0.00,0.00,0.00,0.00,0.0,0.0
2026-08-31T00:46:51+00:00,2026-08-30,daily,3,2026-09-04T17:30:00Z,197,Bassette,COV,FWD,45,0,0,0.0,0,256,0,1044,u,Has joined KVC Westerlo on loan for the rest of the season,2026-07-28T12:58:50.001768Z,0,0,,,,0.0,0,0,0,0,0,0,0,0,0,0,0,0,0,0.00,0.00,0.00,0.00,0.0,0.0
2026-08-31T00:46:51+00:00,2026-08-30,daily,3,2026-09-04T17:30:00Z,492,Awoniyi,COV,FWD,55,0,0,0.8,1521,4931,10175,14224,a,,,,,5,,,1.5,2,3,110,1,0,0,0,1,0,4,1,0,3,0.93,0.03,0.96,1.01,1.5,1.5
2026-08-31T00:46:51+00:00,2026-08-30,daily,3,2026-09-04T17:30:00Z,575,Yirenkyi,COV,MID,50,0,0,0.2,296,1233,1293,3808,a,,,,,,,,2.0,3,4,131,2,0,0,1,3,0,10,3,0,7,0.03,0.13,0.16,1.58,2.0,2.0
2026-08-31T00:46:51+00:00,2026-08-30,daily,3,2026-09-04T17:30:00Z,584,Hamer,COV,MID,55,0,0,0.1,79,681,465,2109,a,,,,,,,3,1.0,1,2,27,0,0,0,0,1,0,1,0,0,1,0.00,0.02,0.02,0.82,1.0,1.0
2026-08-31T00:46:51+00:00,2026-08-30,daily,3,2026-09-04T17:30:00Z,599,Cherif,COV,FWD,50,0,0,0.1,782,704,2506,2098,a,,,,,,,,0.0,0,0,0,0,0,0,0,0,0,0,0,0,0,0.00,0.00,0.00,0.00,0.0,0.0
2026-08-31T00:46:51+00:00,2026-08-30,daily,3,2026-09-04T17:30:00Z,623,Bentley,COV,GKP,40,0,0,0.1,3935,362,3935,362,a,,,,,,,,0.0,0,0,0,0,0,0,0,0,0,0,0,0,0,0.00,0.00,0.00,0.00,1.0,1.0
2026-08-31T00:46:51+00:00,2026-08-30,daily,3,2026-09-04T17:30:00Z,42,Guessand,CRY,MID,55,0,0,0.0,186,363,669,986,a,,,,,,,,1.0,1,2,54,0,0,0,0,1,0,2,1,1,0,0.03,0.03,0.06,0.34,1.0,1.0
2026-08-31T00:46:51+00:00,2026-08-30,daily,3,2026-09-04T17:30:00Z,153,Disasi,CRY,DEF,45,0,0,0.1,452,302,977,1150,a,,,,,,,,0.5,1,1,16,0,0,0,0,1,0,1,0,1,1,0.00,0.00,0.00,0.20,0.5,0.5
2026-08-31T00:46:51+00:00,2026-08-30,daily,3,2026-09-04T17:30:00Z,198,Henderson,CRY,GKP,50,0,0,1.8,4121,5736,10025,19510,a,,2026-08-20T14:00:08.018379Z,100,100,,,,1.5,1,3,180,2,0,0,0,6,7,0,5,0,24,0.00,0.00,0.00,3.33,1.5,1.5
2026-08-31T00:46:51+00:00,2026-08-30,daily,3,2026-09-04T17:30:00Z,199,Benitez,CRY,GKP,45,0,0,0.1,195,384,663,1760,a,,,,,,,,0.0,0,0,0,0,0,0,0,0,0,0,0,0,0,0.00,0.00,0.00,0.00,0.0,0.0
2026-08-31T00:46:51+00:00,2026-08-30,daily,3,2026-09-04T17:30:00Z,201,Muñoz,CRY,DEF,54,-1,-1,7.5,6143,73565,21788,198991,a,,,,,,,,0.0,0,0,54,1,0,0,0,2,0,4,3,1,1,0.23,0.01,0.24,0.84,0.0,0.0
2026-08-31T00:46:51+00:00,2026-08-30,daily,3,2026-09-04T17:30:00Z,202,Richards,CRY,DEF,50,0,0,0.7,1468,3639,5676,10093,a,,,,,,,,1.5,0,3,180,2,0,0,0,6,0,22,18,4,3,0.04,0.00,0.04,3.33,1.5,1.5
2026-08-31T00:46:51+00:00,2026-08-30,daily,3,2026-09-04T17:30:00Z,203,Canvot,CRY,DEF,50,0,0,0.3,419,1721,1240,5742,a,,,,,,,,0.5,0,1,180,2,0,0,0,6,0,15,10,5,4,0.05,0.01,0.06,3.33,0.5,0.5
2026-08-31T00:46:51+00:00,2026-08-30,daily,3,2026-09-04T17:30:00Z,204,Mitchell,CRY,DEF,45,0,0,5.2,2761,23292,8726,73631,a,,,,,,,,0.5,0,1,180,2,0,0,0,6,0,10,6,4,5,0.11,0.17,0.28,3.33,0.5,0.5
2026-08-31T00:46:51+00:00,2026-08-30,daily,3,2026-09-04T17:30:00Z,205,Sosa,CRY,DEF,45,0,0,0.0,43,145,169,497,a,,,,,,,,0.0,0,0,0,0,0,0,0,0,0,0,0,0,0,0.00,0.00,0.00,0.00,0.0,0.0
2026-08-31T00:46:51+00:00,2026-08-30,daily,3,2026-09-04T17:30:00Z,206,Chadi Riad,CRY,DEF,44,-1,-1,0.0,79,705,399,3548,i,Knee injury - Unknown return date,2026-08-22T18:00:07.352049Z,0,0,,,,0.5,0,1,72,1,0,0,0,2,0,7,6,1,3,0.00,0.01,0.01,0.98,0.0,0.0
2026-08-31T00:46:51+00:00,2026-08-30,daily,3,2026-09-04T17:30:00Z,207,Mingueza,CRY,DEF,45,0,0,0.1,87,374,286,1654,a,,,,,,,,0.5,1,1,15,0,0,0,0,1,0,1,0,1,0,0.00,0.00,0.00,0.20,0.5,0.5
2026-08-31T00:46:51+00:00,2026-08-30,daily,3,2026-09-04T17:30:00Z,208,Sarr,CRY,MID,64,0,-1,1.8,114,45395,2216,251973,i,Groin injury - Unknown return date,2026-08-22T18:00:07.363165Z,0,0,2,,,0.0,0,0,0,0,0,0,0,0,0,0,0,0,0,0.00,0.00,0.00,0.00,0.0,0.0
2026-08-31T00:46:51+00:00,2026-08-30,daily,3,2026-09-04T17:30:00Z,210,Wharton,CRY,MID,55,0,0,0.9,3689,4288,10399,12088,a,,2026-07-23T12:01:23.498963Z,100,100,,,2,3.0,2,6,180,2,0,0,0,6,0,21,4,6,11,0.00,0.31,0.31,3.33,3.0,3.0
2026-08-31T00:46:51+00:00,2026-08-30,daily,3,2026-09-04T17:30:00Z,211,Yeremy,CRY,MID,55,0,0,0.2,1718,706,2032,3164,a,,,,,,1,1,3.0,5,6,102,1,0,1,0,3,0,15,2,4,9,0.11,0.09,0.20,2.28,3.0,3.0
2026-08-31T00:46:51+00:00,2026-08-30,daily,3,2026-09-04T17:30:00Z,212,Hughes,CRY,MID,45,0,0,10.3,12008,41670,32190,131850,a,,,,,,,4,0.0,0,0,0,0,0,0,0,0,0,0,0,0,0,0.00,0.00,0.00,0.00,0.0,0.0
2026-08-31T00:46:51+00:00,2026-08-30,daily,3,2026-09-04T17:30:00Z,213,Lerma,CRY,MID,50,0,0,0.1,68,573,272,2023,a,,,,,,,,0.0,0,0,0,0,0,0,0,0,0,0,0,0,0,0.00,0.00,0.00,0.00,0.0,0.0
2026-08-31T00:46:51+00:00,2026-08-30,daily,3,2026-09-04T17:30:00Z,214,Kamada,CRY,MID,50,0,0,0.3,1456,1351,3400,4445,a,,,,,,,3,2.5,2,5,180,2,0,0,0,6,0,23,4,9,10,0.05,0.29,0.34,3.33,2.5,2.5
2026-08-31T00:46:51+00:00,2026-08-30,daily,3,2026-09-04T17:30:00Z,215,Devenny,CRY,MID,50,0,0,0.0,34,72,103,248,a,,,,,3,2,,0.0,0,0,0,0,0,0,0,0,0,0,0,0,0,0.00,0.00,0.00,0.00,0.0,0.0
2026-08-31T00:46:51+00:00,2026-08-30,daily,3,2026-09-04T17:30:00Z,216,Esse,CRY,MID,50,0,0,0.0,76,267,287,857,a,,,,,,,,0.0,0,0,0,0,0,0,0,0,0,0,0,0,0,0.00,0.00,0.00,0.00,0.0,0.0
2026-08-31T00:46:51+00:00,2026-08-30,daily,3,2026-09-04T17:30:00Z,217,M.França,CRY,MID,49,-1,-1,0.0,622,431,639,1145,a,,,,,,,,0.0,0,0,0,0,0,0,0,0,0,0,0,0,0,0.00,0.00,0.00,0.00,0.0,0.0
2026-08-31T00:46:51+00:00,2026-08-30,daily,3,2026-09-04T17:30:00Z,218,Doucouré,CRY,MID,50,0,0,0.1,122,459,370,1518,a,,,,,,,,0.0,0,0,0,0,0,0,0,0,0,0,0,0,0,0.00,0.00,0.00,0.00,0.0,0.0
2026-08-31T00:46:51+00:00,2026-08-30,daily,3,2026-09-04T17:30:00Z,219,J.Rak-Sakyi,CRY,MID,50,0,0,0.0,14,34,53,124,a,,,,,,,,0.0,0,0,0,0,0,0,0,0,0,0,0,0,0,0.00,0.00,0.00,0.00,0.0,0.0
2026-08-31T00:46:51+00:00,2026-08-30,daily,3,2026-09-04T17:30:00Z,220,Cardines,CRY,DEF,45,0,0,0.0,0,16,0,81,u,Has joined Bristol City on loan for the rest of the season,2026-08-12T14:08:46.501813Z,0,0,,,,0.0,0,0,0,0,0,0,0,0,0,0,0,0,0,0.00,0.00,0.00,0.00,0.0,0.0
2026-08-31T00:46:51+00:00,2026-08-30,daily,3,2026-09-04T17:30:00Z,221,Drakes-Thomas,CRY,MID,45,0,0,0.1,241,386,640,1374,a,,,,,,,,0.0,0,0,0,0,0,0,0,0,0,0,0,0,0,0.00,0.00,0.00,0.00,0.0,0.0
2026-08-31T00:46:51+00:00,2026-08-30,daily,3,2026-09-04T17:30:00Z,222,Strand Larsen,CRY,FWD,60,0,0,0.5,2427,2702,3937,10473,a,,,,,,,,1.5,2,3,89,1,0,0,0,3,0,4,2,1,1,0.30,0.01,0.31,2.15,1.5,1.5
2026-08-31T00:46:51+00:00,2026-08-30,daily,3,2026-09-04T17:30:00Z,223,Mateta,CRY,FWD,65,0,0,3.9,855,113258,24806,185691,i,Hamstring injury - Expected back 11 Oct,2026-08-28T21:00:08.020382Z,,0,1,,,1.0,0,2,62,1,0,0,0,2,0,5,1,2,2,0.70,0.02,0.72,0.98,1.0,0.0
2026-08-31T00:46:51+00:00,2026-08-30,daily,3,2026-09-04T17:30:00Z,224,Nketiah,CRY,FWD,55,0,0,0.5,3319,2512,6582,8292,a,,,,,,,,1.5,2,3,122,2,0,0,0,5,0,9,2,3,4,0.96,0.58,1.54,2.85,1.5,1.5
2026-08-31T00:46:51+00:00,2026-08-30,daily,3,2026-09-04T17:30:00Z,225,Uche,CRY,FWD,50,0,0,0.0,0,0,0,0,u,has returned to Getafe CF,2026-07-23T12:18:56.275922Z,0,0,,,,0.0,0,0,0,0,0,0,0,0,0,0,0,0,0,0.00,0.00,0.00,0.00,0.0,0.0
2026-08-31T00:46:51+00:00,2026-08-30,daily,3,2026-09-04T17:30:00Z,241,McNeil,CRY,MID,55,0,0,0.2,160,765,632,2593,a,,,,,,,,1.5,1,3,84,1,0,0,0,3,0,7,4,0,3,0.05,0.02,0.07,1.18,1.5,1.5
2026-08-31T00:46:51+00:00,2026-08-30,daily,3,2026-09-04T17:30:00Z,555,Matthews,CRY,GKP,40,0,0,1.9,3178,2758,9123,8993,a,,,,,,,,0.0,0,0,0,0,0,0,0,0,0,0,0,0,0,0.00,0.00,0.00,0.00,0.0,0.0
2026-08-31T00:46:51+00:00,2026-08-30,daily,3,2026-09-04T17:30:00Z,577,Tomiyasu,CRY,DEF,45,0,0,0.3,422,938,1251,3605,a,,,,,,,,1.0,1,2,91,1,0,0,0,3,0,9,8,1,4,0.00,0.01,0.01,2.15,1.0,1.0
2026-08-31T00:46:51+00:00,2026-08-30,daily,3,2026-09-04T17:30:00Z,588,Khalaili,CRY,DEF,50,0,0,0.1,794,347,1256,1174,a,,,,,,,,1.5,2,3,109,1,0,0,0,3,0,23,9,14,8,0.02,0.16,0.18,2.28,1.5,1.5
2026-08-31T00:46:51+00:00,2026-08-30,daily,3,2026-09-04T17:30:00Z,595,Gozo,CRY,MID,50,0,0,0.0,53,66,154,239,a,,,,,,,,0.5,1,1,22,0,0,0,0,1,0,1,0,1,0,0.00,0.00,0.00,0.20,0.5,0.5
2026-08-31T00:46:51+00:00,2026-08-30,daily,3,2026-09-04T17:30:00Z,21,Nørgaard,EVE,MID,50,0,0,0.1,43,745,145,3611,i,Groin injury - Unknown return date,2026-08-15T20:00:06.779594Z,0,0,,,,0.0,0,0,0,0,0,0,0,0,0,0,0,0,0,0.00,0.00,0.00,0.00,0.0,0.0
2026-08-31T00:46:51+00:00,2026-08-30,daily,3,2026-09-04T17:30:00Z,209,Johnson,EVE,MID,60,0,0,0.1,235,1091,967,3671,a,,,,,,,,1.0,1,2,34,0,0,0,0,0,0,4,2,1,1,0.00,0.00,0.00,1.87,1.0,1.0
2026-08-31T00:46:51+00:00,2026-08-30,daily,3,2026-09-04T17:30:00Z,226,Pickford,EVE,GKP,55,0,0,9.0,22812,20118,86351,48308,a,,,,,,,,5.0,3,10,180,2,0,0,1,1,8,0,4,0,23,0.00,0.02,0.02,4.12,5.0,5.0
2026-08-31T00:46:51+00:00,2026-08-30,daily,3,2026-09-04T17:30:00Z,227,Travers,EVE,GKP,50,0,0,0.0,90,163,380,566,a,,,,,,,,0.0,0,0,0,0,0,0,0,0,0,0,0,0,0,0.00,0.00,0.00,0.00,0.0,0.0
2026-08-31T00:46:51+00:00,2026-08-30,daily,3,2026-09-04T17:30:00Z,228,King,EVE,GKP,45,0,0,0.0,89,152,332,531,a,,,,,,,,0.0,0,0,0,0,0,0,0,0,0,0,0,0,0,0.00,0.00,0.00,0.00,0.0,0.0
2026-08-31T00:46:51+00:00,2026-08-30,daily,3,2026-09-04T17:30:00Z,229,Tarkowski,EVE,DEF,60,0,0,9.5,76282,20549,119018,57615,a,,,,,,,,9.0,12,18,180,2,1,0,1,1,0,19,17,2,7,0.15,0.01,0.16,4.12,9.0,9.0
2026-08-31T00:46:51+00:00,2026-08-30,daily,3,2026-09-04T17:30:00Z,230,Branthwaite,EVE,DEF,55,0,0,1.8,6323,5502,25426,14420,a,,,,,,,,5.0,4,10,180,2,0,0,1,1,0,20,17,3,5,0.09,0.02,0.11,4.12,5.0,5.0
2026-08-31T00:46:51+00:00,2026-08-30,daily,3,2026-09-04T17:30:00Z,231,Keane,EVE,DEF,49,-1,-1,1.3,660,11103,3920,35988,a,,,,,,,,0.0,0,0,0,0,0,0,0,0,0,0,0,0,0,0.00,0.00,0.00,0.00,0.0,0.0
2026-08-31T00:46:51+00:00,2026-08-30,daily,3,2026-09-04T17:30:00Z,232,O'Brien,EVE,DEF,49,-1,-1,0.4,315,2726,1718,10455,a,,,,,,,,0.0,0,0,0,0,0,0,0,0,0,0,0,0,0,0.00,0.00,0.00,0.00,0.0,0.0
2026-08-31T00:46:51+00:00,2026-08-30,daily,3,2026-09-04T17:30:00Z,233,Mykolenko,EVE,DEF,45,0,0,1.7,13474,5650,35258,14720,a,,,,,,,,5.0,4,10,180,2,0,0,1,1,0,16,15,1,11,0.00,0.06,0.06,4.12,5.0,5.0
2026-08-31T00:46:51+00:00,2026-08-30,daily,3,2026-09-04T17:30:00Z,234,Patterson,EVE,DEF,45,0,0,0.0,80,146,287,515,a,,,,,,,,0.0,0,0,0,0,0,0,0,0,0,0,0,0,0,0.00,0.00,0.00,0.00,0.0,0.0
2026-08-31T00:46:51+00:00,2026-08-30,daily,3,2026-09-04T17:30:00Z,235,Aznou,EVE,DEF,40,0,0,0.2,398,646,1407,2334,a,,,,,,,,0.0,0,0,0,0,0,0,0,0,0,0,0,0,0,0.00,0.00,0.00,0.00,0.0,0.0
2026-08-31T00:46:51+00:00,2026-08-30,daily,3,2026-09-04T17:30:00Z,236,Dewsbury-Hall,EVE,MID,65,0,0,4.6,19927,27195,152574,54146,a,,,,,,,2,6.5,2,13,180,2,1,0,1,1,0,18,1,5,12,0.18,0.33,0.51,4.08,6.5,6.5
2026-08-31T00:46:51+00:00,2026-08-30,daily,3,2026-09-04T17:30:00Z,237,Ndiaye,EVE,MID,60,0,0,15.4,32335,73026,155023,133046,a,,,,,1,,,6.5,4,13,180,2,0,1,1,1,0,25,5,5,15,0.26,0.39,0.65,4.12,6.5,6.5
2026-08-31T00:46:51+00:00,2026-08-30,daily,3,2026-09-04T17:30:00Z,239,Garner,EVE,MID,60,0,0,0.1,775,1038,2308,2687,a,,2026-07-25T14:30:10.455878Z,100,100,3,1,1,1.0,1,2,72,1,0,0,0,1,0,11,0,4,7,0.00,0.03,0.03,0.92,1.0,1.0
2026-08-31T00:46:51+00:00,2026-08-30,daily,3,2026-09-04T17:30:00Z,240,Iroegbunam,EVE,MID,50,0,0,0.0,37,65,58,413,a,,2026-08-15T20:00:06.878792Z,0,100,,,,0.5,1,1,4,0,0,0,0,0,0,0,0,0,0,0.00,0.00,0.00,0.00,0.0,0.5
2026-08-31T00:46:51+00:00,2026-08-30,daily,3,2026-09-04T17:30:00Z,242,George,EVE,MID,55,0,0,0.3,604,1363,2877,3845,a,,,,,,,,2.5,2,5,144,2,0,0,1,1,0,9,3,1,5,0.23,0.09,0.32,2.25,2.5,2.5
2026-08-31T00:46:51+00:00,2026-08-30,daily,3,2026-09-04T17:30:00Z,243,Alcaraz,EVE,MID,50,0,0,0.1,289,588,1042,1726,a,,,,,,,,0.5,0,1,5,0,0,0,0,0,0,3,0,1,2,0.05,0.02,0.07,0.04,0.5,0.5
2026-08-31T00:46:51+00:00,2026-08-30,daily,3,2026-09-04T17:30:00Z,244,Armstrong,EVE,MID,50,0,0,0.3,7887,2413,20673,4880,a,,,,,,,,5.0,2,10,176,2,0,1,1,1,0,25,6,5,14,0.00,0.07,0.07,4.12,5.0,5.0
2026-08-31T00:46:51+00:00,2026-08-30,daily,3,2026-09-04T17:30:00Z,245,Dibling,EVE,MID,54,-1,-1,0.0,62,259,263,1010,a,,,,,,,,0.0,0,0,0,0,0,0,0,0,0,0,0,0,0,0.00,0.00,0.00,0.00,0.0,0.0
2026-08-31T00:46:51+00:00,2026-08-30,daily,3,2026-09-04T17:30:00Z,246,Röhl,EVE,MID,50,0,0,0.1,190,314,708,950,a,,,,,,,,2.5,2,5,175,2,0,0,1,1,0,18,4,5,9,0.00,0.07,0.07,4.12,2.5,2.5
2026-08-31T00:46:51+00:00,2026-08-30,daily,3,2026-09-04T17:30:00Z,247,Hackney,EVE,MID,55,0,0,0.2,168,1424,1012,4626,a,,2026-08-26T22:00:07.797766Z,50,100,,,3,2.0,1,4,106,1,0,0,1,0,0,10,3,2,5,0.01,0.02,0.03,3.20,1.0,2.0
2026-08-31T00:46:51+00:00,2026-08-30,daily,3,2026-09-04T17:30:00Z,248,Beto,EVE,FWD,54,-1,-1,2.1,2557,16535,10266,59346,a,,,,,4,,,1.0,1,2,31,0,0,0,0,0,0,1,1,0,0,0.09,0.00,0.09,1.92,1.0,1.0
2026-08-31T00:46:51+00:00,2026-08-30,daily,3,2026-09-04T17:30:00Z,249,Barry,EVE,FWD,55,0,0,3.9,51979,24455,202244,46883,a,,,,,2,,,5.0,2,10,147,2,1,0,1,1,0,6,2,1,3,1.93,0.09,2.02,2.20,5.0,5.0
2026-08-31T00:46:51+00:00,2026-08-30,daily,3,2026-09-04T17:30:00Z,250,Leno,FUL,GKP,45,0,0,3.0,7883,6241,20057,17770,a,,,,,,,,2.5,3,5,180,2,0,0,0,4,6,0,3,0,17,0.00,0.00,0.00,4.26,2.5,2.5
2026-08-31T00:46:51+00:00,2026-08-30,daily,3,2026-09-04T17:30:00Z,251,Lecomte,FUL,GKP,40,0,0,1.2,1431,1663,2923,5791,a,,,,,,,,0.0,0,0,0,0,0,0,0,0,0,0,0,0,0,0.00,0.00,0.00,0.00,0.0,0.0
2026-08-31T00:46:51+00:00,2026-08-30,daily,3,2026-09-04T17:30:00Z,252,McNally,FUL,GKP,40,0,0,0.2,929,310,1734,930,a,,,,,,,,0.0,0,0,0,0,0,0,0,0,0,0,0,0,0,0.00,0.00,0.00,0.00,0.0,0.0
2026-08-31T00:46:51+00:00,2026-08-30,daily,3,2026-09-04T17:30:00Z,253,Andersen,FUL,DEF,50,0,0,0.1,1693,604,4007,1234,a,,2026-07-23T12:01:23.516350Z,100,100,,,,0.5,1,1,90,1,0,0,0,1,0,8,8,0,2,0.00,0.04,0.04,2.02,0.5,0.5
2026-08-31T00:46:51+00:00,2026-08-30,daily,3,2026-09-04T17:30:00Z,254,Robinson,FUL,DEF,45,0,0,1.6,3597,4505,14778,13934,a,,,,,2,,,1.5,2,3,171,2,0,0,0,4,0,10,4,6,7,0.13,0.06,0.19,4.23,1.5,1.5
2026-08-31T00:46:51+00:00,2026-08-30,daily,3,2026-09-04T17:30:00Z,255,J.Cuenca,FUL,DEF,45,0,0,0.0,205,196,986,455,a,,,,,,,,1.5,0,3,90,1,0,0,0,3,0,10,9,1,3,0.00,0.03,0.03,2.24,1.5,1.5
2026-08-31T00:46:51+00:00,2026-08-30,daily,3,2026-09-04T17:30:00Z,256,Tete,FUL,DEF,45,0,0,0.3,144,781,482,2842,a,,,,,,,,0.0,0,0,0,0,0,0,0,0,0,0,0,0,0,0.00,0.00,0.00,0.00,0.0,0.0
2026-08-31T00:46:51+00:00,2026-08-30,daily,3,2026-09-04T17:30:00Z,257,Bassey,FUL,DEF,45,0,0,0.8,1964,2145,8827,8187,a,,,,,,,,1.0,2,2,180,2,0,0,0,4,0,11,9,2,10,0.02,0.03,0.05,4.26,1.0,1.0
2026-08-31T00:46:51+00:00,2026-08-30,daily,3,2026-09-04T17:30:00Z,258,Castagne,FUL,DEF,45,0,0,0.6,8514,1756,20610,4371,a,,,,,,,,6.0,6,12,157,2,0,2,1,3,0,8,6,2,6,0.09,0.18,0.27,2.50,6.0,6.0
2026-08-31T00:46:51+00:00,2026-08-30,daily,3,2026-09-04T17:30:00Z,261,Iwobi,FUL,MID,55,0,0,0.9,1912,4897,8007,14293,a,,,,,3,1,1,2.0,2,4,180,2,0,0,0,4,0,14,4,2,8,0.01,0.44,0.45,4.26,2.0,2.0
2026-08-31T00:46:51+00:00,2026-08-30,daily,3,2026-09-04T17:30:00Z,262,Smith Rowe,FUL,MID,55,0,0,0.4,494,1972,1908,6720,a,,,,,,,,0.5,1,1,14,0,0,0,0,0,0,1,0,0,1,0.06,0.02,0.08,0.41,0.5,0.5
2026-08-31T00:46:51+00:00,2026-08-30,daily,3,2026-09-04T17:30:00Z,263,Kevin,FUL,MID,55,0,0,0.1,134,447,553,1309,a,,,,,,,3,1.0,1,2,24,0,0,0,0,0,0,3,0,2,1,0.00,0.05,0.05,0.20,1.0,1.0
2026-08-31T00:46:51+00:00,2026-08-30,daily,3,2026-09-04T17:30:00Z,264,Bobb,FUL,MID,55,0,0,0.3,1342,1774,5862,4771,a,,,,,,,2,2.5,3,5,133,2,0,0,1,3,0,11,2,5,4,0.00,0.27,0.27,2.47,2.5,2.5
2026-08-31T00:46:51+00:00,2026-08-30,daily,3,2026-09-04T17:30:00Z,265,Berge,FUL,MID,50,0,0,0.4,598,1474,2063,4807,a,,,,,,,,2.0,2,4,154,2,0,0,0,4,0,6,1,1,4,0.03,0.23,0.26,4.06,2.0,2.0
2026-08-31T00:46:51+00:00,2026-08-30,daily,3,2026-09-04T17:30:00Z,266,Cairney,FUL,MID,50,0,0,0.0,4,31,16,146,i,Knee injury - Expected back 10 Oct,2026-08-14T18:00:06.460944Z,0,0,,,,0.0,0,0,0,0,0,0,0,0,0,0,0,0,0,0.00,0.00,0.00,0.00,0.0,0.0
2026-08-31T00:46:51+00:00,2026-08-30,daily,3,2026-09-04T17:30:00Z,268,King,FUL,MID,55,0,0,0.6,7023,3471,41706,7635,a,,,,,,,,4.5,2,9,180,2,1,0,0,4,0,12,3,4,5,0.64,0.07,0.71,4.26,4.5,4.5
2026-08-31T00:46:51+00:00,2026-08-30,daily,3,2026-09-04T17:30:00Z,269,Sessegnon,FUL,DEF,45,0,0,0.4,270,1265,1229,4279,a,,,,,,,,1.0,1,2,39,0,0,0,0,1,0,2,1,1,2,0.05,0.12,0.17,1.80,1.0,1.0
2026-08-31T00:46:51+00:00,2026-08-30,daily,3,2026-09-04T17:30:00Z,270,Reed,FUL,MID,45,0,0,1.4,2696,5837,8278,20340,a,,,,,,,,0.0,0,0,0,0,0,0,0,0,0,0,0,0,0,0.00,0.00,0.00,0.00,0.0,0.0
2026-08-31T00:46:51+00:00,2026-08-30,daily,3,2026-09-04T17:30:00Z,271,Muniz,FUL,FWD,55,0,0,0.5,1264,3314,4076,10204,a,,,,,,,,0.5,0,1,8,0,0,0,0,0,0,1,1,0,0,0.02,0.00,0.02,0.03,0.5,0.5
2026-08-31T00:46:51+00:00,2026-08-30,daily,3,2026-09-04T17:30:00Z,272,Kusi-Asare,FUL,FWD,45,0,0,6.8,17078,20484,40766,64761,a,,,,,,,,0.0,0,0,0,0,0,0,0,0,0,0,0,0,0,0.00,0.00,0.00,0.00,0.0,0.0
2026-08-31T00:46:51+00:00,2026-08-30,daily,3,2026-09-04T17:30:00Z,569,Gonzalo,FUL,FWD,60,0,0,4.4,55741,21974,207959,39181,a,,,,,1,,,4.0,2,8,180,2,1,0,0,4,0,6,2,1,3,1.00,0.02,1.02,4.26,4.0,4.0
2026-08-31T00:46:51+00:00,2026-08-30,daily,3,2026-09-04T17:30:00Z,570,Palacios,FUL,MID,55,0,0,0.2,293,942,1203,2726,a,,,,,,,,1.5,1,3,147,2,0,0,0,4,0,13,3,2,8,0.18,0.01,0.19,3.83,1.5,1.5
2026-08-31T00:46:51+00:00,2026-08-30,daily,3,2026-09-04T17:30:00Z,580,Charles,FUL,MID,50,0,0,0.1,110,356,469,1164,a,,,,,,,,1.0,1,2,45,0,0,0,0,1,0,5,1,1,3,0.09,0.03,0.12,1.80,1.0,1.0
2026-08-31T00:46:51+00:00,2026-08-30,daily,3,2026-09-04T17:30:00Z,610,De Fougerolles,FUL,DEF,40,0,0,0.1,904,608,3955,1082,d,Unspecified injury - 75% chance of playing,2026-08-28T11:30:08.336405Z,75,75,,,,0.0,0,0,0,0,0,0,0,0,0,0,0,0,0,0.00,0.00,0.00,0.00,0.0,0.0
2026-08-31T00:46:51+00:00,2026-08-30,daily,3,2026-09-04T17:30:00Z,626,Zepa,FUL,MID,45,0,0,0.0,1453,214,1453,214,a,,,,,,,,0.0,0,0,0,0,0,0,0,0,0,0,0,0,0,0.00,0.00,0.00,0.00,1.0,1.0
2026-08-31T00:46:51+00:00,2026-08-30,daily,3,2026-09-04T17:30:00Z,273,Phillips,HUL,GKP,40,0,0,1.5,2256,2838,5371,9932,a,,,,,,,,0.0,0,0,0,0,0,0,0,0,0,0,0,0,0,0.00,0.00,0.00,0.00,0.0,0.0
2026-08-31T00:46:51+00:00,2026-08-30,daily,3,2026-09-04T17:30:00Z,274,Butland,HUL,GKP,45,0,0,0.1,45,567,169,2305,i,Arm injury - Unknown return date,2026-08-08T19:00:05.601633Z,0,0,,,,0.0,0,0,0,0,0,0,0,0,0,0,0,0,0,0.00,0.00,0.00,0.00,0.0,0.0
2026-08-31T00:46:51+00:00,2026-08-30,daily,3,2026-09-04T17:30:00Z,275,Cartwright,HUL,GKP,40,0,0,0.0,0,34,0,145,u,Has joined Grimsby Town on loan for the rest of the season,2026-07-29T13:00:27.959925Z,0,0,,,,0.0,0,0,0,0,0,0,0,0,0,0,0,0,0,0.00,0.00,0.00,0.00,0.0,0.0
2026-08-31T00:46:51+00:00,2026-08-30,daily,3,2026-09-04T17:30:00Z,276,Lo-Tutala,HUL,GKP,40,0,0,0.0,0,107,0,490,u,Has joined Colchester United on loan for the rest of the season,2026-08-17T13:50:27.125537Z,0,0,,,,0.0,0,0,0,0,0,0,0,0,0,0,0,0,0,0.00,0.00,0.00,0.00,0.0,0.0
2026-08-31T00:46:51+00:00,2026-08-30,daily,3,2026-09-04T17:30:00Z,277,Egan,HUL,DEF,40,0,0,2.8,76162,7182,119099,18389,a,,,,,,,,8.5,9,17,180,2,0,0,2,0,0,34,32,2,4,0.00,0.00,0.00,3.12,8.5,8.5
2026-08-31T00:46:51+00:00,2026-08-30,daily,3,2026-09-04T17:30:00Z,278,Hughes,HUL,DEF,40,0,0,0.1,35,616,134,2936,i,Groin injury - Unknown return date,2026-08-02T09:00:11.030017Z,0,0,,,,0.0,0,0,0,0,0,0,0,0,0,0,0,0,0,0.00,0.00,0.00,0.00,0.0,0.0
2026-08-31T00:46:51+00:00,2026-08-30,daily,3,2026-09-04T17:30:00Z,279,Ajayi,HUL,DEF,40,0,0,4.5,186678,10159,266084,25752,a,,2026-08-22T17:30:07.668197Z,100,100,,,,10.0,6,20,153,2,1,0,2,0,0,14,12,2,8,0.52,0.00,0.52,2.15,10.0,10.0
2026-08-31T00:46:51+00:00,2026-08-30,daily,3,2026-09-04T17:30:00Z,280,Coyle,HUL,DEF,40,0,0,0.6,708,2644,3331,7725,d,Unspecified injury - 75% chance of playing,2026-08-29T16:30:08.151841Z,100,75,,,,3.0,0,6,114,2,0,0,1,0,0,6,5,1,4,0.00,0.01,0.01,2.25,3.0,2.2
2026-08-31T00:46:51+00:00,2026-08-30,daily,3,2026-09-04T17:30:00Z,281,Drameh,HUL,DEF,40,0,0,0.1,325,272,1433,685,a,,2026-08-08T19:00:05.613036Z,100,100,,,,1.0,1,2,65,0,0,0,0,0,0,6,5,1,4,0.05,0.00,0.05,0.87,1.0,1.0
2026-08-31T00:46:51+00:00,2026-08-30,daily,3,2026-09-04T17:30:00Z,282,Giles,HUL,DEF,40,0,0,0.9,5646,1639,18538,5830,a,,,,,,1,1,6.0,6,12,174,2,0,0,2,0,0,8,6,2,5,0.02,0.14,0.16,3.05,6.0,6.0
2026-08-31T00:46:51+00:00,2026-08-30,daily,3,2026-09-04T17:30:00Z,283,Jacob,HUL,DEF,40,0,0,0.0,30,61,87,289,i,Hip injury - Expected back 5 Sep,2026-08-02T09:00:11.038361Z,0,0,,,,0.0,0,0,0,0,0,0,0,0,0,0,0,0,0,0.00,0.00,0.00,0.00,0.0,0.0
2026-08-31T00:46:51+00:00,2026-08-30,daily,3,2026-09-04T17:30:00Z,284,McCarthy,HUL,DEF,40,0,0,0.1,330,404,1005,1363,a,,,,,,,,0.0,0,0,0,0,0,0,0,0,0,0,0,0,0,0.00,0.00,0.00,0.00,0.0,0.0
2026-08-31T00:46:51+00:00,2026-08-30,daily,3,2026-09-04T17:30:00Z,285,McNair,HUL,DEF,40,0,0,0.1,239,476,885,1166,a,,,,,,,,0.5,0,1,26,0,0,0,0,0,0,2,2,0,1,0.00,0.00,0.00,0.96,0.5,0.5
2026-08-31T00:46:51+00:00,2026-08-30,daily,3,2026-09-04T17:30:00Z,286,Belloumi,HUL,MID,50,0,0,0.7,8629,2376,22519,6407,a,,,,,,2,3,4.5,6,9,172,2,0,1,2,0,0,20,6,6,8,0.17,0.05,0.22,2.94,4.5,4.5
2026-08-31T00:46:51+00:00,2026-08-30,daily,3,2026-09-04T17:30:00Z,287,Millar,HUL,MID,50,0,0,0.1,1464,340,1769,1327,a,,,,,,,,3.0,6,6,50,0,1,0,0,0,0,4,2,1,1,0.58,0.00,0.58,0.87,3.0,3.0
2026-08-31T00:46:51+00:00,2026-08-30,daily,3,2026-09-04T17:30:00Z,288,Dowell,HUL,MID,45,0,0,0.4,1686,1886,3402,6144,a,,,,,,,,0.0,0,0,0,0,0,0,0,0,0,0,0,0,0,0.00,0.00,0.00,0.00,0.0,0.0
2026-08-31T00:46:51+00:00,2026-08-30,daily,3,2026-09-04T17:30:00Z,289,Crooks,HUL,MID,45,0,0,0.7,1890,4976,12031,10666,d,Thigh injury - 75% chance of playing,2026-08-29T15:00:08.569326Z,,75,,,,1.0,0,2,90,1,0,0,1,0,0,9,4,4,1,0.00,0.00,0.00,1.83,1.0,0.8
2026-08-31T00:46:51+00:00,2026-08-30,daily,3,2026-09-04T17:30:00Z,290,Slater,HUL,MID,45,0,0,4.2,47075,16365,139446,38739,a,,,,,,,2,4.0,2,8,180,2,0,1,2,0,0,13,2,5,6,0.00,0.45,0.45,3.12,4.0,4.0
2026-08-31T00:46:51+00:00,2026-08-30,daily,3,2026-09-04T17:30:00Z,291,Matazo,HUL,MID,45,0,0,0.0,30,43,94,139,i,Knee injury - Unknown return date,2026-07-23T12:01:23.532635Z,0,0,,,,0.0,0,0,0,0,0,0,0,0,0,0,0,0,0,0.00,0.00,0.00,0.00,0.0,0.0
2026-08-31T00:46:51+00:00,2026-08-30,daily,3,2026-09-04T17:30:00Z,292,Ömür,HUL,MID,50,0,0,0.0,81,160,290,547,a,,,,,,,,0.0,0,0,0,0,0,0,0,0,0,0,0,0,0,0.00,0.00,0.00,0.00,0.0,0.0
2026-08-31T00:46:51+00:00,2026-08-30,daily,3,2026-09-04T17:30:00Z,293,Kamara,HUL,MID,50,0,0,0.0,0,40,0,237,u,Has joined Portsmouth permanently,2026-08-12T14:08:23.542043Z,0,0,,,,0.0,0,0,0,0,0,0,0,0,0,0,0,0,0,0.00,0.00,0.00,0.00,0.0,0.0
2026-08-31T00:46:51+00:00,2026-08-30,daily,3,2026-09-04T17:30:00Z,294,Zambrano,HUL,MID,45,0,0,0.1,372,771,863,2920,i,Thigh injury - Unknown return date,2026-08-04T18:30:11.016909Z,0,0,,,,0.0,0,0,0,0,0,0,0,0,0,0,0,0,0,0.00,0.00,0.00,0.00,0.0,0.0
2026-08-31T00:46:51+00:00,2026-08-30,daily,3,2026-09-04T17:30:00Z,295,McBurnie,HUL,FWD,55,0,0,2.1,12818,14722,95459,30663,a,,,,,1,,,3.0,1,6,180,2,0,1,2,0,0,9,3,0,6,0.16,0.02,0.18,3.12,3.0,3.0
2026-08-31T00:46:51+00:00,2026-08-30,daily,3,2026-09-04T17:30:00Z,296,Akintola,HUL,MID,50,0,0,0.0,463,509,1377,1449,a,,,,,,,,0.0,0,0,0,0,0,0,0,0,0,0,0,0,0,0.00,0.00,0.00,0.00,0.0,0.0
2026-08-31T00:46:51+00:00,2026-08-30,daily,3,2026-09-04T17:30:00Z,297,Gyabi,HUL,MID,45,0,0,0.0,46,179,110,705,i,Thigh injury - Unknown return date,2026-08-04T18:30:11.027155Z,0,0,,,,0.0,0,0,0,0,0,0,0,0,0,0,0,0,0,0.00,0.00,0.00,0.00,0.0,0.0
2026-08-31T00:46:51+00:00,2026-08-30,daily,3,2026-09-04T17:30:00Z,298,Destan,HUL,FWD,45,0,0,0.3,0,2391,0,11257,u,Has joined Konyaspor permanently,2026-08-17T13:50:27.145733Z,0,0,,,,0.0,0,0,0,0,0,0,0,0,0,0,0,0,0,0.00,0.00,0.00,0.00,0.0,0.0
2026-08-31T00:46:51+00:00,2026-08-30,daily,3,2026-09-04T17:30:00Z,299,Burstow,HUL,FWD,45,0,0,0.0,0,363,0,1573,u,Has joined Sheffield Wednesday on loan for the rest of the season,2026-08-03T14:05:20.234842Z,0,0,,,,0.0,0,0,0,0,0,0,0,0,0,0,0,0,0,0.00,0.00,0.00,0.00,0.0,0.0
2026-08-31T00:46:51+00:00,2026-08-30,daily,3,2026-09-04T17:30:00Z,340,Gelhardt,HUL,MID,50,0,0,0.0,18,84,63,372,i,Ankle injury - Expected back 5 Sep,2026-08-17T21:30:07.799839Z,0,0,,,,0.0,0,0,0,0,0,0,0,0,0,0,0,0,0,0.00,0.00,0.00,0.00,0.0,0.0
2026-08-31T00:46:51+00:00,2026-08-30,daily,3,2026-09-04T17:30:00Z,556,Targett,HUL,DEF,40,0,0,2.2,2811,7743,8204,23184,a,,,,,,,,0.5,0,1,5,0,0,0,0,0,0,0,0,0,1,0.00,0.00,0.00,0.07,0.5,0.5
2026-08-31T00:46:51+00:00,2026-08-30,daily,3,2026-09-04T17:30:00Z,563,Morita,HUL,MID,50,0,0,0.0,120,89,238,417,a,,2026-08-15T16:00:07.961518Z,100,100,,,,0.5,1,1,45,1,0,0,0,0,0,3,2,0,1,0.00,0.00,0.00,1.09,0.5,0.5
2026-08-31T00:46:51+00:00,2026-08-30,daily,3,2026-09-04T17:30:00Z,572,Tzolakis,HUL,GKP,45,0,0,4.7,104474,9663,206444,22078,a,,,,,,,,10.0,10,20,180,2,0,0,2,0,8,0,0,0,33,0.00,0.00,0.00,3.12,10.0,10.0
2026-08-31T00:46:51+00:00,2026-08-30,daily,3,2026-09-04T17:30:00Z,574,Hjertø-Dahl,HUL,MID,50,0,0,0.1,116,464,423,1433,a,,,,,,,,0.0,0,0,0,0,0,0,0,0,0,0,0,0,0,0.00,0.00,0.00,0.00,0.0,0.0
2026-08-31T00:46:51+00:00,2026-08-30,daily,3,2026-09-04T17:30:00Z,576,Stroud,HUL,MID,50,0,0,0.1,289,468,1719,1065,a,,,,,,,,1.5,0,3,128,2,0,0,1,0,0,13,3,3,7,0.01,0.04,0.05,2.25,1.5,1.5
2026-08-31T00:46:51+00:00,2026-08-30,daily,3,2026-09-04T17:30:00Z,585,Herrington,HUL,DEF,40,0,0,0.6,1004,1415,3775,5017,a,,,,,,,,1.0,1,2,57,0,0,0,0,0,0,5,5,0,0,0.00,0.00,0.00,1.16,1.0,1.0
2026-08-31T00:46:51+00:00,2026-08-30,daily,3,2026-09-04T17:30:00Z,586,Mendy,HUL,DEF,40,0,0,5.0,65160,19421,244740,38881,a,,2026-08-22T17:30:08.045208Z,100,100,,,,8.0,1,16,121,2,1,0,1,0,0,22,20,2,4,0.29,0.00,0.29,1.95,8.0,8.0
2026-08-31T00:46:51+00:00,2026-08-30,daily,3,2026-09-04T17:30:00Z,589,Gourna-Douath,HUL,MID,50,0,0,0.0,77,107,212,420,a,,,,,,,,0.5,1,1,45,0,0,0,0,0,0,6,1,3,2,0.00,0.01,0.01,0.20,0.5,0.5
2026-08-31T00:46:51+00:00,2026-08-30,daily,3,2026-09-04T17:30:00Z,617,Cho,HUL,MID,50,0,0,0.0,242,54,267,56,a,,,,,,,,1.0,1,1,7,0,0,0,0,0,0,0,0,0,0,0.00,0.00,0.00,0.18,1.5,1.5
2026-08-31T00:46:51+00:00,2026-08-30,daily,3,2026-09-04T17:30:00Z,259,Diop,IPS,DEF,40,0,0,16.5,11932,32566,38445,103490,a,,,,,,,,2.0,2,4,180,2,0,0,0,6,0,16,15,1,10,0.00,0.01,0.01,5.22,2.0,2.0
2026-08-31T00:46:51+00:00,2026-08-30,daily,3,2026-09-04T17:30:00Z,267,Lukić,IPS,MID,50,0,0,0.1,266,471,1444,1816,a,,,,,,,4,3.0,1,6,162,2,0,1,0,5,0,17,9,4,4,0.01,0.04,0.05,4.48,3.0,3.0
2026-08-31T00:46:51+00:00,2026-08-30,daily,3,2026-09-04T17:30:00Z,300,Walton,IPS,GKP,45,0,0,0.5,117,1143,326,5715,a,,,,,,,,0.0,0,0,0,0,0,0,0,0,0,0,0,0,0,0.00,0.00,0.00,0.00,0.0,0.0
2026-08-31T00:46:51+00:00,2026-08-30,daily,3,2026-09-04T17:30:00Z,301,Palmer,IPS,GKP,40,0,0,4.4,6960,7966,14646,25314,a,,,,,,,,0.0,0,0,0,0,0,0,0,0,0,0,0,0,0,0.00,0.00,0.00,0.00,0.0,0.0
2026-08-31T00:46:51+00:00,2026-08-30,daily,3,2026-09-04T17:30:00Z,302,Button,IPS,GKP,40,0,0,0.5,1837,904,3796,2723,a,,,,,,,,0.0,0,0,0,0,0,0,0,0,0,0,0,0,0,0.00,0.00,0.00,0.00,0.0,0.0
2026-08-31T00:46:51+00:00,2026-08-30,daily,3,2026-09-04T17:30:00Z,303,Kipré,IPS,DEF,40,0,0,0.6,153,1363,485,6310,a,,,,,,,,0.0,0,0,0,0,0,0,0,0,0,0,0,0,0,0.00,0.00,0.00,0.00,0.0,0.0
2026-08-31T00:46:51+00:00,2026-08-30,daily,3,2026-09-04T17:30:00Z,304,O'Shea,IPS,DEF,40,0,0,3.4,7452,8229,23091,22213,a,,,,,,,,2.0,0,4,180,2,0,0,0,6,0,19,17,2,8,0.07,0.17,0.24,5.22,2.0,2.0
2026-08-31T00:46:51+00:00,2026-08-30,daily,3,2026-09-04T17:30:00Z,305,Davis,IPS,DEF,40,0,0,4.8,12854,9862,20176,31152,a,,,,,,2,2,4.0,6,8,180,2,1,0,0,6,0,11,11,0,5,0.49,0.13,0.62,5.22,4.0,4.0
2026-08-31T00:46:51+00:00,2026-08-30,daily,3,2026-09-04T17:30:00Z,306,Greaves,IPS,DEF,40,0,0,1.4,739,2512,2375,8623,a,,,,,,,,0.5,-1,1,180,2,0,0,0,6,0,17,13,4,5,0.00,0.01,0.01,5.22,0.5,0.5
2026-08-31T00:46:51+00:00,2026-08-30,daily,3,2026-09-04T17:30:00Z,307,Johnson,IPS,DEF,40,0,0,0.1,201,344,628,1366,a,,,,,,,,0.0,0,0,0,0,0,0,0,0,0,0,0,0,0,0.00,0.00,0.00,0.00,0.0,0.0
2026-08-31T00:46:51+00:00,2026-08-30,daily,3,2026-09-04T17:30:00Z,308,Furlong,IPS,DEF,40,0,0,0.6,139,1206,408,5622,a,,,,,,,,0.5,1,1,17,0,0,0,0,1,0,2,2,0,0,0.00,0.00,0.00,0.73,0.5,0.5
2026-08-31T00:46:51+00:00,2026-08-30,daily,3,2026-09-04T17:30:00Z,309,Núñez,IPS,MID,50,0,0,0.1,413,540,1610,1933,a,,,,,,1,1,3.0,2,6,140,2,0,0,0,4,0,21,8,3,10,0.03,0.05,0.08,3.44,3.0,3.0
2026-08-31T00:46:51+00:00,2026-08-30,daily,3,2026-09-04T17:30:00Z,310,Matusiwa,IPS,MID,50,0,0,0.0,4,24,12,136,i,Muscular injury - Unknown return date,2026-07-29T18:00:10.305484Z,0,0,,,,0.0,0,0,0,0,0,0,0,0,0,0,0,0,0,0.00,0.00,0.00,0.00,0.0,0.0
2026-08-31T00:46:51+00:00,2026-08-30,daily,3,2026-09-04T17:30:00Z,311,Burns,IPS,MID,50,0,0,0.0,0,31,0,222,u,Has joined Leicester City permanently,2026-08-10T14:02:47.597478Z,0,0,,,,0.0,0,0,0,0,0,0,0,0,0,0,0,0,0,0.00,0.00,0.00,0.00,0.0,0.0
2026-08-31T00:46:51+00:00,2026-08-30,daily,3,2026-09-04T17:30:00Z,312,Taylor,IPS,MID,45,0,0,0.0,66,277,177,1160,i,Knee injury - Unknown return date,2026-07-29T18:00:10.319370Z,0,0,,,,0.0,0,0,0,0,0,0,0,0,0,0,0,0,0,0.00,0.00,0.00,0.00,0.0,0.0
2026-08-31T00:46:51+00:00,2026-08-30,daily,3,2026-09-04T17:30:00Z,313,Clarke,IPS,MID,55,0,0,0.3,631,1609,3833,4052,a,,,,,1,3,3,3.5,0,7,19,0,1,0,0,0,0,2,0,1,1,0.10,0.00,0.10,0.03,3.5,3.5
2026-08-31T00:46:51+00:00,2026-08-30,daily,3,2026-09-04T17:30:00Z,314,Ogbene,IPS,MID,50,0,0,0.0,25,85,62,328,a,,,,,,,,0.0,0,0,0,0,0,0,0,0,0,0,0,0,0,0.00,0.00,0.00,0.00,0.0,0.0
2026-08-31T00:46:51+00:00,2026-08-30,daily,3,2026-09-04T17:30:00Z,315,Fatawu,IPS,MID,55,0,0,0.2,568,904,1138,3672,a,,,,,,,,3.0,4,6,147,2,0,1,0,6,0,11,2,5,4,0.00,0.64,0.64,5.05,3.0,3.0
2026-08-31T00:46:51+00:00,2026-08-30,daily,3,2026-09-04T17:30:00Z,316,Emersonn,IPS,FWD,55,0,0,2.0,11811,12777,88618,29587,a,,,,,2,,,5.0,1,10,110,2,1,0,0,2,0,4,2,1,1,0.82,0.06,0.88,1.37,5.0,5.0
2026-08-31T00:46:51+00:00,2026-08-30,daily,3,2026-09-04T17:30:00Z,317,Hirst,IPS,FWD,50,0,0,0.1,0,1540,0,10235,u,Has joined Stoke City permanently,2026-08-21T13:06:08.606019Z,0,0,,,,0.0,0,0,0,0,0,0,0,0,0,0,0,0,0,0.00,0.00,0.00,0.00,0.0,0.0
2026-08-31T00:46:51+00:00,2026-08-30,daily,3,2026-09-04T17:30:00Z,318,Philogene,IPS,MID,55,0,0,0.1,6,1337,112,5265,i,Ankle injury - Unknown return date,2026-08-25T11:30:07.532993Z,0,0,3,,5,0.0,0,0,0,0,0,0,0,0,0,0,0,0,0,0.00,0.00,0.00,0.00,0.0,0.0
2026-08-31T00:46:51+00:00,2026-08-30,daily,3,2026-09-04T17:30:00Z,319,Szmodics,IPS,MID,50,0,0,0.0,0,86,0,495,u,Has joined Derby County on loan for the rest of the season,2026-08-17T13:51:41.713979Z,0,0,,,,0.0,0,0,0,0,0,0,0,0,0,0,0,0,0,0.00,0.00,0.00,0.00,0.0,0.0
2026-08-31T00:46:51+00:00,2026-08-30,daily,3,2026-09-04T17:30:00Z,320,Akpom,IPS,FWD,50,0,0,0.6,7390,2885,12015,9135,a,,,,,,,,3.0,5,6,69,0,1,0,0,4,0,3,0,1,2,0.97,0.00,0.97,3.85,3.0,3.0
2026-08-31T00:46:51+00:00,2026-08-30,daily,3,2026-09-04T17:30:00Z,321,Walle Egeli,IPS,FWD,45,0,0,2.7,34420,13624,75132,37065,a,,,,,,,,0.5,0,1,10,0,0,0,0,0,0,0,0,0,0,0.00,0.00,0.00,0.03,0.5,0.5
2026-08-31T00:46:51+00:00,2026-08-30,daily,3,2026-09-04T17:30:00Z,322,Al-Hamadi,IPS,FWD,50,0,0,0.1,0,1685,755,4687,u,Has joined Sheffield Wednesday on loan for the rest of the season,2026-08-27T14:54:10.215357Z,0,0,,,,0.0,0,0,0,0,0,0,0,0,0,0,0,0,0,0.00,0.00,0.00,0.00,0.0,0.0
2026-08-31T00:46:51+00:00,2026-08-30,daily,3,2026-09-04T17:30:00Z,323,McAteer,IPS,MID,45,0,0,1.3,3171,4641,8786,16206,a,,,,,,,,1.0,1,2,31,0,0,0,0,0,0,4,0,1,3,0.00,0.00,0.00,0.17,1.0,1.0
2026-08-31T00:46:51+00:00,2026-08-30,daily,3,2026-09-04T17:30:00Z,324,Mehmeti,IPS,MID,50,0,0,0.0,17,214,64,900,a,,,,,,,,0.0,0,0,0,0,0,0,0,0,0,0,0,0,0,0.00,0.00,0.00,0.00,0.0,0.0
2026-08-31T00:46:51+00:00,2026-08-30,daily,3,2026-09-04T17:30:00Z,554,Van Oevelen,IPS,GKP,45,0,0,0.0,0,311,54,948,u,Has joined Valencia on loan for the rest of the season,2026-08-25T14:04:09.529320Z,0,0,,,,0.0,0,0,0,0,0,0,0,0,0,0,0,0,0,0.00,0.00,0.00,0.00,0.0,0.0
2026-08-31T00:46:51+00:00,2026-08-30,daily,3,2026-09-04T17:30:00Z,562,Maeda,IPS,MID,55,0,0,0.4,304,1456,1044,5498,a,,,,,,,,2.0,2,4,151,2,0,0,0,5,0,13,5,5,3,0.66,0.01,0.67,4.45,2.0,2.0
2026-08-31T00:46:51+00:00,2026-08-30,daily,3,2026-09-04T17:30:00Z,564,Scherpen,IPS,GKP,45,0,0,0.6,744,1493,2073,5069,a,,,,,,,,2.0,2,4,180,2,0,0,0,6,8,0,6,0,23,0.00,0.00,0.00,5.22,2.0,2.0
2026-08-31T00:46:51+00:00,2026-08-30,daily,3,2026-09-04T17:30:00Z,571,Florentino,IPS,MID,50,0,0,0.1,45,689,259,2896,d,Calf injury - 75% chance of playing,2026-08-25T11:30:07.678802Z,75,75,,,,0.0,0,0,0,0,0,0,0,0,0,0,0,0,0,0.00,0.00,0.00,0.00,0.0,0.0
2026-08-31T00:46:51+00:00,2026-08-30,daily,3,2026-09-04T17:30:00Z,591,Enciso,IPS,MID,55,0,0,0.5,7052,2285,24721,6739,a,,2026-08-22T18:00:07.551930Z,100,100,,,,5.0,5,10,160,2,0,2,0,6,0,16,2,2,12,0.63,0.62,1.25,5.19,5.0,5.0
2026-08-31T00:46:51+00:00,2026-08-30,daily,3,2026-09-04T17:30:00Z,592,Ouattara,IPS,DEF,40,0,0,1.0,1138,1906,3907,7772,a,,,,,,,,1.0,1,2,27,0,0,0,0,1,0,2,2,0,1,0.00,0.00,0.00,0.76,1.0,1.0
2026-08-31T00:46:51+00:00,2026-08-30,daily,3,2026-09-04T17:30:00Z,602,Humphreys,IPS,MID,45,0,0,0.0,759,286,2034,619,a,,,,,,,,0.0,0,0,0,0,0,0,0,0,0,0,0,0,0,0.00,0.00,0.00,0.00,0.0,0.0
2026-08-31T00:46:51+00:00,2026-08-30,daily,3,2026-09-04T17:30:00Z,619,Palacios,IPS,MID,50,0,0,0.0,627,104,716,109,a,,,,,,,,1.0,1,1,28,0,0,0,0,2,0,6,2,1,3,0.00,0.01,0.01,1.74,1.5,1.5
2026-08-31T00:46:51+00:00,2026-08-30,daily,3,2026-09-04T17:30:00Z,260,Wilson,LEE,MID,65,0,0,5.1,2499,44424,17428,102192,a,,,,,,,2,2.0,1,4,110,1,0,0,1,0,0,8,2,3,3,0.01,0.06,0.07,1.66,2.0,2.0
2026-08-31T00:46:51+00:00,2026-08-30,daily,3,2026-09-04T17:30:00Z,326,Perri,LEE,GKP,45,0,0,0.5,118,1472,446,6831,a,,,,,,,,0.0,0,0,0,0,0,0,0,0,0,0,0,0,0,0.00,0.00,0.00,0.00,0.0,0.0
2026-08-31T00:46:51+00:00,2026-08-30,daily,3,2026-09-04T17:30:00Z,327,Bijol,LEE,DEF,50,0,0,1.0,7029,5161,52248,13345,a,,,,,,,,5.5,1,11,135,2,0,0,1,1,0,17,16,1,7,0.11,0.00,0.11,1.21,5.5,5.5
2026-08-31T00:46:51+00:00,2026-08-30,daily,3,2026-09-04T17:30:00Z,329,Rodon,LEE,DEF,45,0,0,3.4,4519,18249,26119,30823,d,Hamstring injury - 50% chance of playing,2026-08-30T16:00:08.564382Z,,50,,,,3.5,1,7,123,2,0,0,1,0,0,11,10,1,2,0.03,0.06,0.09,1.01,3.5,1.8
2026-08-31T00:46:51+00:00,2026-08-30,daily,3,2026-09-04T17:30:00Z,330,Bogle,LEE,DEF,45,0,0,0.5,1504,1341,7429,4465,a,,,,,,,,4.0,2,8,157,2,0,0,1,1,0,10,7,3,8,0.00,0.01,0.01,1.40,4.0,4.0
2026-08-31T00:46:51+00:00,2026-08-30,daily,3,2026-09-04T17:30:00Z,331,Gudmundsson,LEE,DEF,45,0,0,0.0,114,131,180,1123,a,,2026-08-08T20:00:07.546568Z,75,100,,,,0.0,0,0,0,0,0,0,0,0,0,0,0,0,0,0.00,0.00,0.00,0.00,0.0,0.0
2026-08-31T00:46:51+00:00,2026-08-30,daily,3,2026-09-04T17:30:00Z,332,Justin,LEE,DEF,45,0,0,1.3,12344,5606,55878,14997,a,,,,,,,,6.0,2,12,180,2,0,0,1,1,0,20,12,8,7,0.03,0.02,0.05,2.33,6.0,6.0
2026-08-31T00:46:51+00:00,2026-08-30,daily,3,2026-09-04T17:30:00Z,333,Bornauw,LEE,DEF,45,0,0,0.0,0,19,0,189,u,Has joined Hamburg SV on loan for the rest of the season,2026-08-19T13:56:14.645970Z,0,0,,,,0.0,0,0,0,0,0,0,0,0,0,0,0,0,0,0.00,0.00,0.00,0.00,0.0,0.0
2026-08-31T00:46:51+00:00,2026-08-30,daily,3,2026-09-04T17:30:00Z,334,Muharemović,LEE,DEF,50,0,0,3.3,9261,9532,30800,21374,a,,,,,,,,5.0,4,10,180,2,0,0,1,1,0,26,24,2,4,0.09,0.01,0.10,2.33,5.0,5.0
2026-08-31T00:46:51+00:00,2026-08-30,daily,3,2026-09-04T17:30:00Z,335,Stach,LEE,MID,60,0,0,2.8,17397,13715,98741,27394,a,,,,,,1,1,8.5,4,17,180,2,1,0,1,1,0,32,16,7,9,0.17,0.06,0.23,2.33,8.5,8.5
2026-08-31T00:46:51+00:00,2026-08-30,daily,3,2026-09-04T17:30:00Z,336,Okafor,LEE,MID,59,-1,-1,0.4,661,3376,2016,12544,a,,,,,,,,1.5,2,3,92,1,0,0,0,1,0,7,2,3,2,0.08,0.17,0.25,0.87,1.5,1.5
2026-08-31T00:46:51+00:00,2026-08-30,daily,3,2026-09-04T17:30:00Z,337,Aaronson,LEE,MID,55,0,0,0.8,760,4499,3353,12932,a,,,,,,3,,2.0,1,4,126,2,0,0,1,1,0,10,1,2,7,0.01,0.02,0.03,1.13,2.0,2.0
2026-08-31T00:46:51+00:00,2026-08-30,daily,3,2026-09-04T17:30:00Z,338,Ampadu,LEE,MID,55,0,0,1.3,1184,5167,5775,14608,a,,,,,,,,3.5,2,7,180,2,0,0,1,1,0,23,11,4,8,0.01,0.13,0.14,2.33,3.5,3.5
2026-08-31T00:46:51+00:00,2026-08-30,daily,3,2026-09-04T17:30:00Z,339,Longstaff,LEE,MID,50,0,0,0.1,225,777,800,2408,a,,,,,,2,3,0.5,0,1,8,0,0,0,0,0,0,0,0,0,0,0.00,0.00,0.00,0.07,0.5,0.5
2026-08-31T00:46:51+00:00,2026-08-30,daily,3,2026-09-04T17:30:00Z,341,Gnonto,LEE,MID,50,0,0,0.0,75,105,93,801,a,,2026-08-17T20:30:08.092366Z,75,100,,,,0.0,0,0,0,0,0,0,0,0,0,0,0,0,0,0.00,0.00,0.00,0.00,0.0,0.0
2026-08-31T00:46:51+00:00,2026-08-30,daily,3,2026-09-04T17:30:00Z,342,Harrison,LEE,MID,50,0,0,0.0,0,5,0,41,u,Has joined New England Revolution permanently,2026-07-28T12:59:09.492431Z,0,0,,,,0.0,0,0,0,0,0,0,0,0,0,0,0,0,0,0.00,0.00,0.00,0.00,0.0,0.0
2026-08-31T00:46:51+00:00,2026-08-30,daily,3,2026-09-04T17:30:00Z,343,James,LEE,MID,50,0,0,0.1,598,675,1461,2411,a,,,,,,,,0.5,1,1,22,0,0,0,0,0,0,2,0,0,2,0.24,0.01,0.25,0.93,0.5,0.5
2026-08-31T00:46:51+00:00,2026-08-30,daily,3,2026-09-04T17:30:00Z,344,Gruev,LEE,MID,50,0,0,0.0,5,28,14,157,d,Knee injury - 25% chance of playing,2026-08-14T23:00:06.272027Z,0,25,,,,0.0,0,0,0,0,0,0,0,0,0,0,0,0,0,0.00,0.00,0.00,0.00,0.0,0.0
2026-08-31T00:46:51+00:00,2026-08-30,daily,3,2026-09-04T17:30:00Z,345,Tanaka,LEE,MID,50,0,0,0.2,421,1336,1320,5569,a,,,,,,,4,0.5,1,1,45,0,0,0,0,0,0,11,5,3,3,0.00,0.01,0.01,1.13,0.5,0.5
2026-08-31T00:46:51+00:00,2026-08-30,daily,3,2026-09-04T17:30:00Z,346,Calvert-Lewin,LEE,FWD,60,0,0,27.4,49311,107794,133625,296730,a,,,,,1,,,4.5,8,9,180,2,1,0,1,1,0,6,3,0,3,1.05,0.02,1.07,2.33,4.5,4.5
2026-08-31T00:46:51+00:00,2026-08-30,daily,3,2026-09-04T17:30:00Z,347,Nmecha,LEE,FWD,55,0,0,0.5,1313,2726,3230,12270,a,,,,,2,,,2.0,4,4,21,0,0,1,0,0,0,1,0,0,1,0.10,0.00,0.10,0.93,2.0,2.0
2026-08-31T00:46:51+00:00,2026-08-30,daily,3,2026-09-04T17:30:00Z,348,Piroe,LEE,FWD,50,0,0,0.1,0,1173,0,6524,u,Has joined West Ham United on loan for the rest of the season,2026-08-19T13:56:14.666726Z,0,0,3,,,0.0,0,0,0,0,0,0,0,0,0,0,0,0,0,0.00,0.00,0.00,0.00,0.0,0.0
2026-08-31T00:46:51+00:00,2026-08-30,daily,3,2026-09-04T17:30:00Z,349,Mateo Joseph,LEE,FWD,45,0,0,0.1,267,386,592,1437,i,Knee injury - Unknown return date,2026-07-29T18:00:10.338170Z,0,0,,,,0.0,0,0,0,0,0,0,0,0,0,0,0,0,0,0.00,0.00,0.00,0.00,0.0,0.0
2026-08-31T00:46:51+00:00,2026-08-30,daily,3,2026-09-04T17:30:00Z,385,Trafford,LEE,GKP,50,0,0,4.8,25154,11687,88948,26791,a,,,,,,,,6.0,3,12,180,2,0,0,1,1,7,0,0,0,20,0.00,0.00,0.00,2.33,6.0,6.0
2026-08-31T00:46:51+00:00,2026-08-30,daily,3,2026-09-04T17:30:00Z,598,Elvedi,LEE,DEF,45,0,0,0.0,152,126,506,405,a,,,,,,,,0.5,1,1,56,0,0,0,0,1,0,6,5,1,4,0.00,0.00,0.00,1.32,0.5,0.5
2026-08-31T00:46:51+00:00,2026-08-30,daily,3,2026-09-04T17:30:00Z,603,Lienou,LEE,DEF,40,0,0,0.1,721,349,2209,668,a,,,,,,,,0.0,0,0,0,0,0,0,0,0,0,0,0,0,0,0.00,0.00,0.00,0.00,0.0,0.0
2026-08-31T00:46:51+00:00,2026-08-30,daily,3,2026-09-04T17:30:00Z,604,Cresswell,LEE,MID,45,0,0,0.1,1906,626,4935,1336,a,,,,,,,,0.0,0,0,0,0,0,0,0,0,0,0,0,0,0,0.00,0.00,0.00,0.00,0.0,0.0
2026-08-31T00:46:51+00:00,2026-08-30,daily,3,2026-09-04T17:30:00Z,625,Cairns,LEE,GKP,40,0,0,0.0,926,47,926,47,a,,,,,,,,0.0,0,0,0,0,0,0,0,0,0,0,0,0,0,0.00,0.00,0.00,0.00,1.0,1.0
2026-08-31T00:46:51+00:00,2026-08-30,daily,3,2026-09-04T17:30:00Z,350,A.Becker,LIV,GKP,55,0,0,3.8,11359,17254,36666,38477,a,,,,,,,,1.0,0,2,180,2,0,0,0,4,4,0,4,0,10,0.00,0.00,0.00,3.88,1.0,1.0
2026-08-31T00:46:51+00:00,2026-08-30,daily,3,2026-09-04T17:30:00Z,351,Mamardashvili,LIV,GKP,50,0,0,0.1,292,1109,950,3147,a,,,,,,,,0.0,0,0,0,0,0,0,0,0,0,0,0,0,0,0.00,0.00,0.00,0.00,0.0,0.0
2026-08-31T00:46:51+00:00,2026-08-30,daily,3,2026-09-04T17:30:00Z,352,Woodman,LIV,GKP,40,0,0,1.1,2957,2356,6220,7879,a,,,,,,,,0.0,0,0,0,0,0,0,0,0,0,0,0,0,0,0.00,0.00,0.00,0.00,0.0,0.0
2026-08-31T00:46:51+00:00,2026-08-30,daily,3,2026-09-04T17:30:00Z,353,Pecsi,LIV,GKP,40,0,0,0.0,0,95,0,543,u,Has joined TSV Hartberg on loan for the rest of the season,2026-08-18T14:11:18.638344Z,0,0,,,,0.0,0,0,0,0,0,0,0,0,0,0,0,0,0,0.00,0.00,0.00,0.00,0.0,0.0
2026-08-31T00:46:51+00:00,2026-08-30,daily,3,2026-09-04T17:30:00Z,354,Jaros,LIV,GKP,40,0,0,0.0,113,70,276,249,i,Knee injury - Unknown return date,2026-07-29T18:00:10.351066Z,0,0,,,,0.0,0,0,0,0,0,0,0,0,0,0,0,0,0,0.00,0.00,0.00,0.00,0.0,0.0
2026-08-31T00:46:51+00:00,2026-08-30,daily,3,2026-09-04T17:30:00Z,355,Davies,LIV,GKP,40,0,0,0.1,424,310,1068,1023,a,,,,,,,,0.0,0,0,0,0,0,0,0,0,0,0,0,0,0,0.00,0.00,0.00,0.00,0.0,0.0
2026-08-31T00:46:51+00:00,2026-08-30,daily,3,2026-09-04T17:30:00Z,356,Virgil,LIV,DEF,65,0,0,18.9,20170,85420,94784,164540,a,,,,,,,,1.5,1,3,180,2,0,0,0,4,0,18,16,2,11,0.25,0.04,0.29,3.88,1.5,1.5
2026-08-31T00:46:51+00:00,2026-08-30,daily,3,2026-09-04T17:30:00Z,357,Frimpong,LIV,DEF,55,0,0,3.3,7676,23823,32196,57392,a,,,,,,,,0.5,1,1,160,2,0,0,0,4,0,8,5,3,6,0.01,0.11,0.12,3.81,0.5,0.5
2026-08-31T00:46:51+00:00,2026-08-30,daily,3,2026-09-04T17:30:00Z,358,Kerkez,LIV,DEF,55,0,0,3.3,3917,21460,19562,55847,a,,,,,,,,0.5,1,1,160,2,0,0,0,4,0,15,11,4,7,0.02,0.03,0.05,3.81,0.5,0.5
2026-08-31T00:46:51+00:00,2026-08-30,daily,3,2026-09-04T17:30:00Z,359,Gomez,LIV,DEF,50,0,0,0.0,32,137,111,546,i,Muscular injury - Unknown return date,2026-07-26T08:30:10.078473Z,0,0,,,,0.0,0,0,0,0,0,0,0,0,0,0,0,0,0,0.00,0.00,0.00,0.00,0.0,0.0
2026-08-31T00:46:51+00:00,2026-08-30,daily,3,2026-09-04T17:30:00Z,360,Bradley,LIV,DEF,50,0,0,0.0,41,67,120,286,i,Knee injury - Unknown return date,2026-07-23T12:01:23.565711Z,0,0,,,,0.0,0,0,0,0,0,0,0,0,0,0,0,0,0,0.00,0.00,0.00,0.00,0.0,0.0
2026-08-31T00:46:51+00:00,2026-08-30,daily,3,2026-09-04T17:30:00Z,361,Lucky,LIV,DEF,40,0,0,0.1,411,473,1019,1610,a,,,,,,,,0.0,0,0,0,0,0,0,0,0,0,0,0,0,0,0.00,0.00,0.00,0.00,0.0,0.0
2026-08-31T00:46:51+00:00,2026-08-30,daily,3,2026-09-04T17:30:00Z,362,Jacquet,LIV,DEF,50,0,0,2.5,17241,10932,39953,29088,a,,2026-07-23T12:01:23.581126Z,100,100,,,,2.0,3,4,145,2,0,0,0,4,0,14,10,4,7,0.00,0.07,0.07,3.27,2.0,2.0
2026-08-31T00:46:51+00:00,2026-08-30,daily,3,2026-09-04T17:30:00Z,363,Leoni,LIV,DEF,40,0,0,0.0,116,216,298,735,i,Knee injury - Unknown return date,2026-07-23T12:01:23.596909Z,0,0,,,,0.0,0,0,0,0,0,0,0,0,0,0,0,0,0,0.00,0.00,0.00,0.00,0.0,0.0
2026-08-31T00:46:51+00:00,2026-08-30,daily,3,2026-09-04T17:30:00Z,364,Tsimikas,LIV,DEF,50,0,0,0.1,135,339,474,1321,a,,,,,,,,0.5,1,1,19,0,0,0,0,0,0,0,0,0,0,0.04,0.01,0.05,0.07,0.5,0.5
2026-08-31T00:46:51+00:00,2026-08-30,daily,3,2026-09-04T17:30:00Z,365,Ramsay,LIV,DEF,40,0,0,0.2,0,2380,638,6132,u,Has joined St Mirren on loan for the rest of the season,2026-08-26T14:05:26.748768Z,0,0,,,,0.0,0,0,0,0,0,0,0,0,0,0,0,0,0,0.00,0.00,0.00,0.00,0.0,0.0
2026-08-31T00:46:51+00:00,2026-08-30,daily,3,2026-09-04T17:30:00Z,366,Wirtz,LIV,MID,75,0,0,10.7,13974,61798,38897,185060,a,,,,,4,2,3,3.0,4,6,152,2,0,1,0,4,0,15,0,4,11,0.49,0.24,0.73,2.81,3.0,3.0
2026-08-31T00:46:51+00:00,2026-08-30,daily,3,2026-09-04T17:30:00Z,367,Gakpo,LIV,MID,70,0,0,7.2,57195,34926,262899,62677,a,,,,,3,,2,8.5,5,17,160,2,1,1,0,4,0,15,5,3,7,0.30,0.80,1.10,3.81,8.5,8.5
2026-08-31T00:46:51+00:00,2026-08-30,daily,3,2026-09-04T17:30:00Z,368,Szoboszlai,LIV,MID,70,0,0,42.5,62632,113368,307635,180773,a,,,,,1,1,1,6.0,4,12,180,2,1,0,0,4,0,20,5,4,11,1.01,0.44,1.45,3.88,6.0,6.0
2026-08-31T00:46:51+00:00,2026-08-30,daily,3,2026-09-04T17:30:00Z,369,Ngumoha,LIV,MID,60,0,0,1.0,1244,11686,6791,26563,a,,,,,,,,1.5,1,3,81,1,0,0,0,2,0,3,0,1,2,0.04,0.05,0.09,0.58,1.5,1.5
2026-08-31T00:46:51+00:00,2026-08-30,daily,3,2026-09-04T17:30:00Z,370,Chiesa,LIV,MID,54,-1,-1,0.1,19,2121,604,5671,i,Back injury - Unknown return date,2026-08-27T13:30:07.598926Z,0,0,,,,0.0,0,0,0,0,0,0,0,0,0,0,0,0,0,0.00,0.00,0.00,0.00,0.0,0.0
2026-08-31T00:46:51+00:00,2026-08-30,daily,3,2026-09-04T17:30:00Z,371,Gravenberch,LIV,MID,60,0,0,1.9,3337,15540,18342,30723,a,,,,,,,,3.0,1,6,96,1,0,1,0,2,0,12,2,2,8,0.06,0.06,0.12,1.17,3.0,3.0
2026-08-31T00:46:51+00:00,2026-08-30,daily,3,2026-09-04T17:30:00Z,372,Mac Allister,LIV,MID,55,0,0,1.5,3498,8984,10065,30492,a,,,,,5,,,1.5,2,3,103,1,0,0,0,2,0,13,2,5,6,0.00,0.40,0.40,3.30,1.5,1.5
2026-08-31T00:46:51+00:00,2026-08-30,daily,3,2026-09-04T17:30:00Z,373,C.Jones,LIV,MID,55,0,0,0.0,1,406,34,1534,u,Has joined Internazionale permanently,2026-08-16T18:30:07.426408Z,75,0,,,,0.0,0,0,0,0,0,0,0,0,0,0,0,0,0,0.00,0.00,0.00,0.00,0.0,0.0
2026-08-31T00:46:51+00:00,2026-08-30,daily,3,2026-09-04T17:30:00Z,374,Endo,LIV,MID,50,0,0,0.1,253,505,738,1490,a,,2026-07-23T12:01:23.612529Z,100,100,,,,0.0,0,0,0,0,0,0,0,0,0,0,0,0,0,0.00,0.00,0.00,0.00,0.0,0.0
2026-08-31T00:46:51+00:00,2026-08-30,daily,3,2026-09-04T17:30:00Z,375,Nyoni,LIV,MID,50,0,0,0.0,154,259,293,932,a,,,,,,,,0.5,1,1,13,0,0,0,0,0,0,5,1,2,2,0.00,0.00,0.00,0.07,0.5,0.5
2026-08-31T00:46:51+00:00,2026-08-30,daily,3,2026-09-04T17:30:00Z,376,Bajcetic,LIV,MID,50,0,0,0.0,3,14,11,43,i,Hamstring injury - Unknown return date,2026-07-23T12:01:23.628373Z,0,0,,,,0.0,0,0,0,0,0,0,0,0,0,0,0,0,0,0.00,0.00,0.00,0.00,0.0,0.0
2026-08-31T00:46:51+00:00,2026-08-30,daily,3,2026-09-04T17:30:00Z,377,Munoz,LIV,MID,65,0,0,0.9,25210,4929,31696,10842,a,,,,,,,,5.0,6,10,117,1,1,1,0,2,0,7,4,2,1,0.42,0.23,0.65,3.37,5.0,5.0
2026-08-31T00:46:51+00:00,2026-08-30,daily,3,2026-09-04T17:30:00Z,378,McConnell,LIV,MID,45,0,0,0.3,445,1076,1328,3976,a,,,,,,,,0.0,0,0,0,0,0,0,0,0,0,0,0,0,0,0.00,0.00,0.00,0.00,0.0,0.0
2026-08-31T00:46:51+00:00,2026-08-30,daily,3,2026-09-04T17:30:00Z,379,Isak,LIV,FWD,90,0,0,16.2,37428,64544,110464,165677,a,,,,,2,,,5.0,8,10,180,2,1,0,0,4,0,2,1,1,0,2.08,0.01,2.09,3.88,5.0,5.0
2026-08-31T00:46:51+00:00,2026-08-30,daily,3,2026-09-04T17:30:00Z,380,Ekitiké,LIV,FWD,75,0,0,0.1,247,1434,956,5241,i,Achilles injury - Unknown return date,2026-07-23T12:01:23.643771Z,0,0,,,,0.0,0,0,0,0,0,0,0,0,0,0,0,0,0,0.00,0.00,0.00,0.00,0.0,0.0
2026-08-31T00:46:51+00:00,2026-08-30,daily,3,2026-09-04T17:30:00Z,381,Koumas,LIV,MID,50,0,0,0.0,66,129,222,339,a,,,,,,,,0.5,0,1,12,0,0,0,0,0,0,1,0,0,1,0.03,0.00,0.03,0.48,0.5,0.5
2026-08-31T00:46:51+00:00,2026-08-30,daily,3,2026-09-04T17:30:00Z,382,Danns,LIV,FWD,45,0,0,0.0,242,231,551,793,i,Unspecified injury - Unknown return date,2026-07-23T12:01:23.659279Z,0,0,,,,0.0,0,0,0,0,0,0,0,0,0,0,0,0,0,0.00,0.00,0.00,0.00,0.0,0.0
2026-08-31T00:46:51+00:00,2026-08-30,daily,3,2026-09-04T17:30:00Z,383,Elliott,LIV,MID,55,0,0,0.1,239,641,619,1857,a,,,,,,,,0.0,0,0,0,0,0,0,0,0,0,0,0,0,0,0.00,0.00,0.00,0.00,0.0,0.0
2026-08-31T00:46:51+00:00,2026-08-30,daily,3,2026-09-04T17:30:00Z,579,Araujo,LIV,DEF,55,0,0,2.5,4935,30937,28842,64711,a,,,,,,,,0.5,0,1,33,0,0,0,0,0,0,5,4,1,3,0.00,0.04,0.04,0.61,0.5,0.5
2026-08-31T00:46:51+00:00,2026-08-30,daily,3,2026-09-04T17:30:00Z,238,Grealish,MCI,MID,65,0,0,0.2,478,1830,1680,4233,a,,2026-07-29T10:00:10.492904Z,100,100,,,,0.5,0,1,8,0,0,0,0,0,0,1,0,1,0,0.00,0.00,0.00,0.00,0.5,0.5
2026-08-31T00:46:51+00:00,2026-08-30,daily,3,2026-09-04T17:30:00Z,384,Donnarumma,MCI,GKP,55,0,0,8.1,16098,43046,50106,87998,a,,,,,,,,1.5,0,3,180,2,0,0,0,2,4,0,1,0,12,0.00,0.00,0.00,1.31,1.5,1.5
2026-08-31T00:46:51+00:00,2026-08-30,daily,3,2026-09-04T17:30:00Z,386,Bettinelli,MCI,GKP,45,0,0,0.0,45,124,180,360,a,,,,,,,,0.0,0,0,0,0,0,0,0,0,0,0,0,0,0,0.00,0.00,0.00,0.00,0.0,0.0
2026-08-31T00:46:51+00:00,2026-08-30,daily,3,2026-09-04T17:30:00Z,387,O'Reilly,MCI,DEF,65,0,0,20.0,24914,92770,93698,200100,a,,,,,,,,2.0,2,4,150,2,0,0,0,2,0,3,1,2,7,0.09,0.43,0.52,1.21,2.0,2.0
2026-08-31T00:46:51+00:00,2026-08-30,daily,3,2026-09-04T17:30:00Z,388,Guéhi,MCI,DEF,60,0,0,19.4,45810,56006,228555,97764,a,,,,,,,,6.0,2,12,180,2,1,0,0,2,0,9,6,3,8,0.89,0.36,1.25,1.31,6.0,6.0
2026-08-31T00:46:51+00:00,2026-08-30,daily,3,2026-09-04T17:30:00Z,389,Matheus N.,MCI,DEF,60,0,0,1.3,64,15119,3095,32612,d,Unspecified injury - 75% chance of playing,2026-08-27T11:30:08.171622Z,75,75,4,,,0.5,0,1,33,0,0,0,0,0,0,1,1,0,2,0.00,0.04,0.04,0.10,0.4,0.4
2026-08-31T00:46:51+00:00,2026-08-30,daily,3,2026-09-04T17:30:00Z,390,Rúben,MCI,DEF,55,0,0,1.8,5197,7533,15055,20090,a,,,,,,,,2.0,2,4,180,2,0,0,0,2,0,12,11,1,14,0.09,0.71,0.80,1.31,2.0,2.0
2026-08-31T00:46:51+00:00,2026-08-30,daily,3,2026-09-04T17:30:00Z,391,Gvardiol,MCI,DEF,56,1,1,16.1,197830,23926,426248,59283,a,,,,,,,,7.0,5,14,164,2,1,1,0,2,0,9,6,3,5,0.19,0.09,0.28,1.31,7.0,7.0
2026-08-31T00:46:51+00:00,2026-08-30,daily,3,2026-09-04T17:30:00Z,392,Aït-Nouri,MCI,DEF,54,-1,-1,0.7,764,10101,3380,26880,a,,,,,,,,0.0,0,0,0,0,0,0,0,0,0,0,0,0,0,0.00,0.00,0.00,0.00,0.0,0.0
2026-08-31T00:46:51+00:00,2026-08-30,daily,3,2026-09-04T17:30:00Z,393,Khusanov,MCI,DEF,55,0,0,1.7,2905,7711,8991,22248,a,,,,,,,,2.0,2,4,178,2,0,0,0,2,0,11,5,6,9,0.00,0.04,0.04,1.31,2.0,2.0
2026-08-31T00:46:51+00:00,2026-08-30,daily,3,2026-09-04T17:30:00Z,394,Alleyne,MCI,DEF,50,0,0,0.0,0,54,0,411,u,Has joined Burnley on loan for the rest of the season,2026-08-18T14:11:56.324656Z,0,0,,,,0.0,0,0,0,0,0,0,0,0,0,0,0,0,0,0.00,0.00,0.00,0.00,0.0,0.0
2026-08-31T00:46:51+00:00,2026-08-30,daily,3,2026-09-04T17:30:00Z,395,Lewis,MCI,DEF,45,0,0,0.2,653,2129,4273,4652,a,,,,,,,,0.5,0,1,56,1,0,0,0,1,0,2,2,0,0,0.17,0.02,0.19,0.55,0.5,0.5
2026-08-31T00:46:51+00:00,2026-08-30,daily,3,2026-09-04T17:30:00Z,396,Vitor Reis,MCI,DEF,45,0,0,0.0,42,92,144,332,a,,,,,,,,0.5,1,1,1,0,0,0,0,0,0,0,0,0,0,0.00,0.00,0.00,0.00,0.5,0.5
2026-08-31T00:46:51+00:00,2026-08-30,daily,3,2026-09-04T17:30:00Z,397,Semenyo,MCI,MID,85,0,0,22.4,19221,142726,68321,315936,a,,,,,2,,,3.5,5,7,180,2,0,1,0,2,0,8,0,2,6,0.12,0.59,0.71,1.31,3.5,3.5
2026-08-31T00:46:51+00:00,2026-08-30,daily,3,2026-09-04T17:30:00Z,398,Foden,MCI,MID,70,0,0,4.4,46339,17299,66486,63820,a,,,,,,2,3,5.0,9,10,171,2,0,2,0,2,0,13,2,4,7,0.99,0.85,1.84,1.31,5.0,5.0
2026-08-31T00:46:51+00:00,2026-08-30,daily,3,2026-09-04T17:30:00Z,399,Cherki,MCI,MID,76,1,1,18.4,638107,15311,841425,56713,a,,,,,,1,1,11.0,14,22,108,1,2,2,0,1,0,3,0,0,3,0.35,1.05,1.40,0.76,11.0,11.0
2026-08-31T00:46:51+00:00,2026-08-30,daily,3,2026-09-04T17:30:00Z,400,Doku,MCI,MID,74,-1,-1,1.1,182,13861,676,83876,i,Calf injury - Expected back 5 Sep,2026-08-18T17:00:08.385597Z,0,0,3,,,0.0,0,0,0,0,0,0,0,0,0,0,0,0,0,0.00,0.00,0.00,0.00,0.0,0.0
2026-08-31T00:46:51+00:00,2026-08-30,daily,3,2026-09-04T17:30:00Z,402,Rodrigo,MCI,MID,65,0,0,0.0,0,138,0,934,u,Has joined Barcelona permanently,2026-07-23T12:01:23.675537Z,0,0,,,,0.0,0,0,0,0,0,0,0,0,0,0,0,0,0,0.00,0.00,0.00,0.00,0.0,0.0
2026-08-31T00:46:51+00:00,2026-08-30,daily,3,2026-09-04T17:30:00Z,404,Reijnders,MCI,MID,60,0,0,0.1,0,769,0,6393,u,Has joined Al Qadsiah permanently,2026-08-20T14:02:58.154273Z,0,0,,,,0.0,0,0,0,0,0,0,0,0,0,0,0,0,0,0.00,0.00,0.00,0.00,0.0,0.0
2026-08-31T00:46:51+00:00,2026-08-30,daily,3,2026-09-04T17:30:00Z,406,Kovačić,MCI,MID,55,0,0,0.1,246,720,1075,2009,a,,,,,,,,1.0,1,2,42,0,0,0,0,0,0,2,0,0,2,0.00,0.02,0.02,0.10,1.0,1.0
2026-08-31T00:46:51+00:00,2026-08-30,daily,3,2026-09-04T17:30:00Z,407,Echeverri,MCI,MID,50,0,0,0.0,46,154,139,451,a,,,,,,,,0.0,0,0,0,0,0,0,0,0,0,0,0,0,0,0.00,0.00,0.00,0.00,0.0,0.0
2026-08-31T00:46:51+00:00,2026-08-30,daily,3,2026-09-04T17:30:00Z,408,Phillips,MCI,MID,50,0,0,0.0,0,67,0,372,u,Has joined Sheffield United on loan for the rest of the season,2026-08-18T14:11:56.348781Z,0,0,,,,0.0,0,0,0,0,0,0,0,0,0,0,0,0,0,0.00,0.00,0.00,0.00,0.0,0.0
2026-08-31T00:46:51+00:00,2026-08-30,daily,3,2026-09-04T17:30:00Z,409,Mukasa,MCI,MID,45,0,0,0.2,291,1174,1218,3660,a,,,,,,,,0.0,0,0,0,0,0,0,0,0,0,0,0,0,0,0.00,0.00,0.00,0.00,0.0,0.0
2026-08-31T00:46:51+00:00,2026-08-30,daily,3,2026-09-04T17:30:00Z,410,Monga,MCI,MID,50,0,0,0.0,36,123,112,406,a,,,,,,,,0.0,0,0,0,0,0,0,0,0,0,0,0,0,0,0.00,0.00,0.00,0.00,0.0,0.0
2026-08-31T00:46:51+00:00,2026-08-30,daily,3,2026-09-04T17:30:00Z,411,Haaland,MCI,FWD,155,0,0,69.4,128389,10783,197994,114635,a,,,,,1,,,7.5,13,15,180,2,2,0,0,2,0,8,3,0,5,1.40,0.02,1.42,1.31,7.5,7.5
2026-08-31T00:46:51+00:00,2026-08-30,daily,3,2026-09-04T17:30:00Z,481,Anderson,MCI,MID,64,0,-1,5.7,8601,42510,18837,195815,a,,2026-08-23T17:00:07.952697Z,100,100,,,2,2.5,3,5,143,2,0,0,0,2,0,20,5,7,8,0.07,0.47,0.54,1.21,2.5,2.5
2026-08-31T00:46:51+00:00,2026-08-30,daily,3,2026-09-04T17:30:00Z,587,Rulli,MCI,GKP,50,0,0,0.0,36,115,130,339,a,,,,,,,,0.0,0,0,0,0,0,0,0,0,0,0,0,0,0,0.00,0.00,0.00,0.00,0.0,0.0
2026-08-31T00:46:51+00:00,2026-08-30,daily,3,2026-09-04T17:30:00Z,616,Bouaddi,MCI,MID,55,0,0,0.1,4307,975,7362,1324,a,,,,,,,,1.0,1,1,8,0,0,0,0,0,0,1,1,0,0,0.00,0.12,0.12,0.00,2.0,2.0
2026-08-31T00:46:51+00:00,2026-08-30,daily,3,2026-09-04T17:30:00Z,621,McAidoo,MCI,MID,45,0,0,0.0,2785,616,2785,616,a,,,,,,,,1.0,1,1,8,0,0,0,0,0,0,0,0,0,0,0.10,0.00,0.10,0.00,1.0,1.0
2026-08-31T00:46:51+00:00,2026-08-30,daily,3,2026-09-04T17:30:00Z,622,Braithwaite,MCI,DEF,40,0,0,0.0,2683,466,2683,466,a,,,,,,,,1.0,1,1,1,0,0,0,0,0,0,0,0,0,1,0.00,0.00,0.00,0.00,1.0,1.0
2026-08-31T00:46:51+00:00,2026-08-30,daily,3,2026-09-04T17:30:00Z,43,Tielemans,MUN,MID,60,0,0,2.2,4125,15315,16756,51019,a,,2026-07-23T12:01:23.321726Z,100,100,3,,,3.0,4,6,156,2,0,0,0,4,0,17,3,2,12,0.60,0.22,0.82,2.95,3.0,3.0
2026-08-31T00:46:51+00:00,2026-08-30,daily,3,2026-09-04T17:30:00Z,131,Baleba,MUN,MID,50,0,0,0.2,752,2035,3076,6456,i,Ankle injury - Expected back 19 Sep,2026-08-06T16:00:10.997714Z,0,0,,,,0.0,0,0,0,0,0,0,0,0,0,0,0,0,0,0.00,0.00,0.00,0.00,0.0,0.0
2026-08-31T00:46:51+00:00,2026-08-30,daily,3,2026-09-04T17:30:00Z,162,Andrey Santos,MUN,MID,50,0,0,0.9,2941,7686,10397,22835,a,,,,,,,,1.5,1,3,76,1,0,0,0,3,0,14,3,4,7,0.00,0.23,0.23,1.94,1.5,1.5
2026-08-31T00:46:51+00:00,2026-08-30,daily,3,2026-09-04T17:30:00Z,325,Darlow,MUN,GKP,45,0,0,0.0,121,156,363,413,a,,2026-07-23T12:01:23.549136Z,100,100,,,,0.0,0,0,0,0,0,0,0,0,0,0,0,0,0,0.00,0.00,0.00,0.00,0.0,0.0
2026-08-31T00:46:51+00:00,2026-08-30,daily,3,2026-09-04T17:30:00Z,412,Lammens,MUN,GKP,50,0,0,14.9,10392,51988,45106,140598,a,,,,,,,,1.5,2,3,180,2,0,0,0,4,5,0,3,0,14,0.00,0.00,0.00,3.02,1.5,1.5
2026-08-31T00:46:51+00:00,2026-08-30,daily,3,2026-09-04T17:30:00Z,413,Bayindir,MUN,GKP,45,0,0,0.0,0,119,0,707,u,Has joined Celta Vigo on loan for the rest of the season,2026-08-10T14:02:28.608415Z,0,0,,,,0.0,0,0,0,0,0,0,0,0,0,0,0,0,0,0.00,0.00,0.00,0.00,0.0,0.0
2026-08-31T00:46:51+00:00,2026-08-30,daily,3,2026-09-04T17:30:00Z,414,Heaton,MUN,GKP,40,0,0,0.1,127,354,342,1359,i,Hamstring injury - Unknown return date,2026-08-15T16:00:07.854151Z,0,0,,,,0.0,0,0,0,0,0,0,0,0,0,0,0,0,0,0.00,0.00,0.00,0.00,0.0,0.0
2026-08-31T00:46:51+00:00,2026-08-30,daily,3,2026-09-04T17:30:00Z,415,Dorgu,MUN,MID,59,-1,-1,1.0,1456,11417,6264,40078,a,,,,,,,,0.5,1,1,55,1,0,0,0,3,0,3,2,1,0,0.61,0.04,0.65,1.92,0.5,0.5
2026-08-31T00:46:51+00:00,2026-08-30,daily,3,2026-09-04T17:30:00Z,416,De Ligt,MUN,DEF,50,0,0,0.0,42,190,159,688,i,Back injury - Unknown return date,2026-07-23T12:01:23.690880Z,0,0,,,,0.0,0,0,0,0,0,0,0,0,0,0,0,0,0,0.00,0.00,0.00,0.00,0.0,0.0
2026-08-31T00:46:51+00:00,2026-08-30,daily,3,2026-09-04T17:30:00Z,417,Dalot,MUN,DEF,50,0,0,2.4,2747,10284,10937,43916,a,,,,,,,,1.5,2,3,83,1,0,0,0,1,0,6,4,2,2,0.17,0.12,0.29,1.01,1.5,1.5
2026-08-31T00:46:51+00:00,2026-08-30,daily,3,2026-09-04T17:30:00Z,418,Maguire,MUN,DEF,50,0,0,16.1,14252,72920,67205,179231,a,,,,,,,,2.5,4,5,180,2,0,1,0,4,0,9,8,1,9,0.07,0.41,0.48,3.02,2.5,2.5
2026-08-31T00:46:51+00:00,2026-08-30,daily,3,2026-09-04T17:30:00Z,419,Martinez,MUN,DEF,50,0,0,1.3,2498,5064,9273,24639,a,,2026-07-24T20:00:10.337107Z,100,100,,,,0.5,1,1,90,1,0,0,0,2,0,0,0,0,6,0.03,0.06,0.09,2.01,0.5,0.5
2026-08-31T00:46:51+00:00,2026-08-30,daily,3,2026-09-04T17:30:00Z,420,Yoro,MUN,DEF,50,0,0,0.6,477,3494,2013,14238,a,,,,,,,,0.5,1,1,16,0,0,0,0,1,0,2,2,0,1,0.00,0.01,0.01,1.00,0.5,0.5
2026-08-31T00:46:51+00:00,2026-08-30,daily,3,2026-09-04T17:30:00Z,421,Heaven,MUN,DEF,45,0,0,0.4,618,2421,3706,6612,a,,,,,,,,0.5,0,1,90,1,0,0,0,2,0,2,1,1,4,0.12,0.04,0.16,1.01,0.5,0.5
2026-08-31T00:46:51+00:00,2026-08-30,daily,3,2026-09-04T17:30:00Z,422,Mazraoui,MUN,DEF,45,0,0,0.7,1286,3697,7140,9789,a,,,,,,,,1.0,1,2,96,1,0,0,0,3,0,5,4,1,3,0.22,0.05,0.27,2.01,1.0,1.0
2026-08-31T00:46:51+00:00,2026-08-30,daily,3,2026-09-04T17:30:00Z,423,Shaw,MUN,DEF,45,0,0,18.4,10090,79663,53017,196752,a,,,,,,,3,1.5,2,3,162,2,0,0,0,3,0,12,7,5,5,0.00,0.28,0.28,2.02,1.5,1.5
2026-08-31T00:46:51+00:00,2026-08-30,daily,3,2026-09-04T17:30:00Z,424,Amass,MUN,DEF,40,0,0,0.2,429,720,1317,2701,a,,,,,,,,0.0,0,0,0,0,0,0,0,0,0,0,0,0,0,0.00,0.00,0.00,0.00,0.0,0.0
2026-08-31T00:46:51+00:00,2026-08-30,daily,3,2026-09-04T17:30:00Z,425,Fredricson,MUN,DEF,40,0,0,0.0,0,138,0,818,u,Has joined Lausanne-Sport permanently,2026-08-18T14:12:31.904433Z,0,0,,,,0.0,0,0,0,0,0,0,0,0,0,0,0,0,0,0.00,0.00,0.00,0.00,0.0,0.0
2026-08-31T00:46:51+00:00,2026-08-30,daily,3,2026-09-04T17:30:00Z,426,B.Fernandes,MUN,MID,120,0,0,47.3,105890,154856,154408,383436,a,,,,,1,1,1,12.5,23,25,180,2,3,1,0,4,0,13,3,1,9,2.03,0.53,2.56,3.02,12.5,12.5
2026-08-31T00:46:51+00:00,2026-08-30,daily,3,2026-09-04T17:30:00Z,427,Mbeumo,MUN,MID,80,0,0,32.7,21374,252319,103599,472507,a,,,,,2,2,2,6.5,11,13,180,2,1,1,0,4,0,10,0,3,7,2.13,0.44,2.57,3.02,6.5,6.5
2026-08-31T00:46:51+00:00,2026-08-30,daily,3,2026-09-04T17:30:00Z,428,Cunha,MUN,MID,80,0,0,8.8,7405,51180,34259,144137,a,,,,,,,,5.5,9,11,158,2,0,2,0,3,0,5,0,0,5,0.35,0.36,0.71,2.02,5.5,5.5
2026-08-31T00:46:51+00:00,2026-08-30,daily,3,2026-09-04T17:30:00Z,429,Rashford,MUN,MID,70,0,0,1.6,5541,11922,20605,34000,a,,,,,,,,1.5,2,3,124,1,0,0,0,1,0,7,0,3,4,0.26,0.15,0.41,1.10,1.5,1.5
2026-08-31T00:46:51+00:00,2026-08-30,daily,3,2026-09-04T17:30:00Z,430,Mount,MUN,MID,55,0,0,0.0,19,184,54,879,d,Foot injury - 75% chance of playing,2026-08-15T16:00:07.879135Z,75,75,,3,,0.0,0,0,0,0,0,0,0,0,0,0,0,0,0,0.00,0.00,0.00,0.00,0.0,0.0
2026-08-31T00:46:51+00:00,2026-08-30,daily,3,2026-09-04T17:30:00Z,431,Amad,MUN,MID,59,0,-1,0.8,104,16409,1680,75868,i,Unspecified injury - Unknown return date,2026-08-22T11:00:08.617283Z,0,0,,,4,0.0,0,0,0,0,0,0,0,0,0,0,0,0,0,0.00,0.00,0.00,0.00,0.0,0.0
2026-08-31T00:46:51+00:00,2026-08-30,daily,3,2026-09-04T17:30:00Z,432,Mainoo,MUN,MID,55,0,0,1.0,3600,4425,7060,18118,a,,,,,,,,2.5,4,5,102,1,0,0,0,1,0,15,2,3,10,0.21,0.06,0.27,1.08,2.5,2.5
2026-08-31T00:46:51+00:00,2026-08-30,daily,3,2026-09-04T17:30:00Z,433,Ugarte,MUN,MID,50,0,0,0.0,11,27,35,115,i,Knee injury - Unknown return date,2026-07-23T12:01:23.706702Z,0,0,,,,0.0,0,0,0,0,0,0,0,0,0,0,0,0,0,0.00,0.00,0.00,0.00,0.0,0.0
2026-08-31T00:46:51+00:00,2026-08-30,daily,3,2026-09-04T17:30:00Z,434,J.Fletcher,MUN,MID,50,0,0,0.0,25,56,66,225,a,,,,,,,,0.0,0,0,0,0,0,0,0,0,0,0,0,0,0,0.00,0.00,0.00,0.00,0.0,0.0
2026-08-31T00:46:51+00:00,2026-08-30,daily,3,2026-09-04T17:30:00Z,435,Lacey,MUN,MID,50,0,0,0.1,143,351,470,941,a,,,,,,,,0.5,0,1,10,0,0,0,0,0,0,1,0,0,1,0.00,0.00,0.00,0.00,0.5,0.5
2026-08-31T00:46:51+00:00,2026-08-30,daily,3,2026-09-04T17:30:00Z,436,Collyer,MUN,MID,50,0,0,0.0,49,73,109,307,a,,,,,,,,0.0,0,0,0,0,0,0,0,0,0,0,0,0,0,0.00,0.00,0.00,0.00,0.0,0.0
2026-08-31T00:46:51+00:00,2026-08-30,daily,3,2026-09-04T17:30:00Z,437,Bendito Mantato,MUN,MID,45,0,0,0.2,546,895,1507,3266,a,,,,,,,,0.0,0,0,0,0,0,0,0,0,0,0,0,0,0,0.00,0.00,0.00,0.00,0.0,0.0
2026-08-31T00:46:51+00:00,2026-08-30,daily,3,2026-09-04T17:30:00Z,438,Fletcher,MUN,MID,45,0,0,0.3,668,1432,1996,5416,a,,,,,,,,0.0,0,0,0,0,0,0,0,0,0,0,0,0,0,0.00,0.00,0.00,0.00,0.0,0.0
2026-08-31T00:46:51+00:00,2026-08-30,daily,3,2026-09-04T17:30:00Z,439,Šeško,MUN,FWD,70,0,0,1.8,6590,15183,37144,30309,a,,2026-07-23T12:01:23.722029Z,100,100,,,,1.0,1,2,33,0,0,0,0,1,0,3,0,0,3,0.04,0.01,0.05,1.07,1.0,1.0
2026-08-31T00:46:51+00:00,2026-08-30,daily,3,2026-09-04T17:30:00Z,440,Zirkzee,MUN,FWD,54,-1,-1,0.5,1948,4057,3993,17188,a,,,,,,,,0.0,0,0,0,0,0,0,0,0,0,0,0,0,0,0.00,0.00,0.00,0.00,0.0,0.0
2026-08-31T00:46:51+00:00,2026-08-30,daily,3,2026-09-04T17:30:00Z,441,Obi,MUN,FWD,45,0,0,1.1,5707,4607,12023,16176,a,,,,,,,,0.0,0,0,0,0,0,0,0,0,0,0,0,0,0,0.00,0.00,0.00,0.00,0.0,0.0
2026-08-31T00:46:51+00:00,2026-08-30,daily,3,2026-09-04T17:30:00Z,405,N.Gonzalez,NEW,MID,55,0,0,0.2,3318,886,5705,2628,a,,,,,,,,1.0,2,2,70,1,0,0,1,0,0,4,2,0,2,0.00,0.20,0.20,0.74,1.0,1.0
2026-08-31T00:46:51+00:00,2026-08-30,daily,3,2026-09-04T17:30:00Z,442,Pope,NEW,GKP,50,0,0,1.2,1593,6288,4299,18592,a,,,,,,,,0.0,0,0,0,0,0,0,0,0,0,0,0,0,0,0.00,0.00,0.00,0.00,0.0,0.0
2026-08-31T00:46:51+00:00,2026-08-30,daily,3,2026-09-04T17:30:00Z,443,Gillespie,NEW,GKP,45,0,0,0.0,72,126,234,357,a,,,,,,,,0.0,0,0,0,0,0,0,0,0,0,0,0,0,0,0.00,0.00,0.00,0.00,0.0,0.0
2026-08-31T00:46:51+00:00,2026-08-30,daily,3,2026-09-04T17:30:00Z,444,Jaouen,NEW,GKP,45,0,0,0.0,63,177,187,525,a,,,,,,,,0.0,0,0,0,0,0,0,0,0,0,0,0,0,0,0.00,0.00,0.00,0.00,0.0,0.0
2026-08-31T00:46:51+00:00,2026-08-30,daily,3,2026-09-04T17:30:00Z,445,Thiaw,NEW,DEF,50,0,0,1.9,16269,7575,36067,18473,a,,,,,,,,4.5,6,9,180,2,0,0,1,2,0,18,18,0,3,0.00,0.02,0.02,4.10,4.5,4.5
2026-08-31T00:46:51+00:00,2026-08-30,daily,3,2026-09-04T17:30:00Z,446,Schär,NEW,DEF,50,0,0,0.3,628,1706,2523,3591,a,,2026-08-15T16:30:07.209742Z,100,100,,2,,0.5,0,1,1,0,0,0,0,1,0,0,0,0,0,0.00,0.00,0.00,0.79,0.5,0.5
2026-08-31T00:46:51+00:00,2026-08-30,daily,3,2026-09-04T17:30:00Z,447,Botman,NEW,DEF,50,0,0,0.6,5036,1726,13921,5008,a,,,,,,,,4.0,5,8,180,2,0,0,1,2,0,15,14,1,6,0.01,0.01,0.02,4.10,4.0,4.0
2026-08-31T00:46:51+00:00,2026-08-30,daily,3,2026-09-04T17:30:00Z,448,Burn,NEW,DEF,49,-1,-1,1.4,295,20017,6542,95328,i,Ankle injury - Expected back 14 Sep,2026-08-23T18:00:08.367241Z,0,0,,,,0.0,0,0,0,0,0,0,0,0,0,0,0,0,0,0.00,0.00,0.00,0.00,0.0,0.0
2026-08-31T00:46:51+00:00,2026-08-30,daily,3,2026-09-04T17:30:00Z,449,Hall,NEW,DEF,50,0,0,5.8,137766,12720,190467,32156,a,,,,,,1,1,7.0,11,14,180,2,0,0,1,2,0,24,17,7,14,0.03,0.66,0.69,4.10,7.0,7.0
2026-08-31T00:46:51+00:00,2026-08-30,daily,3,2026-09-04T17:30:00Z,450,Livramento,NEW,DEF,50,0,0,0.0,23,335,114,1563,i,Calf injury - Unknown return date,2026-07-23T12:01:23.753221Z,0,0,,,,0.0,0,0,0,0,0,0,0,0,0,0,0,0,0,0.00,0.00,0.00,0.00,0.0,0.0
2026-08-31T00:46:51+00:00,2026-08-30,daily,3,2026-09-04T17:30:00Z,451,A.Murphy,NEW,DEF,40,0,0,0.1,0,830,0,4106,u,Has joined FC Kaiserslautern on loan for the rest of the season,2026-08-12T14:05:29.224600Z,0,0,,,,0.0,0,0,0,0,0,0,0,0,0,0,0,0,0,0.00,0.00,0.00,0.00,0.0,0.0
2026-08-31T00:46:51+00:00,2026-08-30,daily,3,2026-09-04T17:30:00Z,453,Barnes,NEW,MID,60,0,0,1.1,5395,6807,20390,17137,a,,,,,,,5,2.5,3,5,180,2,0,0,1,2,0,12,5,3,4,0.11,0.03,0.14,4.10,2.5,2.5
2026-08-31T00:46:51+00:00,2026-08-30,daily,3,2026-09-04T17:30:00Z,454,Elanga,NEW,MID,61,1,1,5.1,249712,15894,345153,27767,a,,,,,,,4,8.5,8,17,156,2,2,0,1,1,0,5,1,2,2,0.42,0.11,0.53,2.68,8.5,8.5
2026-08-31T00:46:51+00:00,2026-08-30,daily,3,2026-09-04T17:30:00Z,456,J.Ramsey,NEW,MID,50,0,0,0.3,609,2094,2051,6774,a,,,,,,,,0.5,1,1,42,0,0,0,0,1,0,7,3,2,2,0.06,0.14,0.20,1.88,0.5,0.5
2026-08-31T00:46:51+00:00,2026-08-30,daily,3,2026-09-04T17:30:00Z,457,J.Murphy,NEW,MID,60,0,0,0.1,274,1229,991,3911,a,,,,,,,2,0.5,1,1,22,0,0,0,0,1,0,5,1,1,3,0.00,0.20,0.20,1.42,0.5,0.5
2026-08-31T00:46:51+00:00,2026-08-30,daily,3,2026-09-04T17:30:00Z,458,Joelinton,NEW,MID,55,0,0,0.0,23,249,71,1317,i,Unspecified injury - Unknown return date,2026-08-16T08:00:08.074045Z,0,0,,,,0.0,0,0,0,0,0,0,0,0,0,0,0,0,0,0.00,0.00,0.00,0.00,0.0,0.0
2026-08-31T00:46:51+00:00,2026-08-30,daily,3,2026-09-04T17:30:00Z,459,L.Miley,NEW,MID,55,0,0,0.1,637,442,2028,976,a,,2026-07-23T12:01:23.785456Z,100,100,,,3,3.0,3,6,165,2,0,0,1,1,0,22,9,1,12,0.05,0.05,0.10,3.06,3.0,3.0
2026-08-31T00:46:51+00:00,2026-08-30,daily,3,2026-09-04T17:30:00Z,460,Willock,NEW,MID,50,0,0,0.3,6656,1808,15419,3740,a,,,,,,,,4.5,3,9,104,1,1,0,1,1,0,5,1,2,2,0.16,0.19,0.35,2.24,4.5,4.5
2026-08-31T00:46:51+00:00,2026-08-30,daily,3,2026-09-04T17:30:00Z,461,Touré,NEW,MID,59,-1,-1,0.2,308,2505,821,6963,a,,,,,,,,0.5,1,1,1,0,0,0,0,0,0,0,0,0,0,0.00,0.00,0.00,0.00,0.5,0.5
2026-08-31T00:46:51+00:00,2026-08-30,daily,3,2026-09-04T17:30:00Z,462,Steur,NEW,MID,50,0,0,0.1,224,900,986,1900,a,,,,,,,,1.0,1,2,74,1,0,0,0,1,0,5,3,0,2,0.00,0.00,0.00,1.86,1.0,1.0
2026-08-31T00:46:51+00:00,2026-08-30,daily,3,2026-09-04T17:30:00Z,463,Woltemade,NEW,FWD,60,0,0,1.5,3430,9747,10623,40531,a,,,,,1,,,2.0,4,4,19,0,0,1,0,0,0,0,0,0,0,0.02,0.01,0.03,0.38,2.0,2.0
2026-08-31T00:46:51+00:00,2026-08-30,daily,3,2026-09-04T17:30:00Z,464,Wissa,NEW,FWD,61,1,1,6.7,281088,19448,440045,43536,a,,,,,3,,,6.0,8,12,171,2,1,1,1,1,0,14,2,5,7,1.35,0.02,1.37,2.93,6.0,6.0
2026-08-31T00:46:51+00:00,2026-08-30,daily,3,2026-09-04T17:30:00Z,465,Osula,NEW,FWD,60,0,0,0.7,212,16824,20556,43331,i,Foot injury - Unknown return date,2026-08-25T19:00:08.004915Z,0,0,2,,,2.0,0,4,55,1,0,1,0,1,0,5,2,1,2,0.06,0.14,0.20,1.48,0.0,0.0
2026-08-31T00:46:51+00:00,2026-08-30,daily,3,2026-09-04T17:30:00Z,466,Neave,NEW,FWD,45,0,0,0.8,5092,3515,11570,11640,a,,,,,,,,0.0,0,0,0,0,0,0,0,0,0,0,0,0,0,0.00,0.00,0.00,0.00,0.0,0.0
2026-08-31T00:46:51+00:00,2026-08-30,daily,3,2026-09-04T17:30:00Z,559,Bamba,NEW,MID,50,0,0,0.1,319,914,1009,2581,a,,,,,,,,0.5,0,1,14,0,0,0,0,1,0,2,1,1,0,0.00,0.00,0.00,1.04,0.5,0.5
2026-08-31T00:46:51+00:00,2026-08-30,daily,3,2026-09-04T17:30:00Z,567,Horníček,NEW,GKP,50,0,0,0.9,15959,3476,21496,7734,a,,,,,,,,4.0,7,8,180,2,0,0,1,2,9,0,5,0,9,0.00,0.00,0.00,4.10,4.0,4.0
2026-08-31T00:46:51+00:00,2026-08-30,daily,3,2026-09-04T17:30:00Z,593,Dedić,NEW,DEF,45,0,0,1.0,62294,5202,72653,7358,a,,,,,,,,6.0,11,12,180,2,0,1,1,2,0,17,12,5,7,0.03,0.06,0.09,4.10,6.0,6.0
2026-08-31T00:46:51+00:00,2026-08-30,daily,3,2026-09-04T17:30:00Z,609,Shahar,NEW,DEF,40,0,0,0.2,3617,915,7610,1560,a,,,,,,,,0.0,0,0,0,0,0,0,0,0,0,0,0,0,0,0.00,0.00,0.00,0.00,0.0,0.0
2026-08-31T00:46:51+00:00,2026-08-30,daily,3,2026-09-04T17:30:00Z,167,Delap,NFO,FWD,55,0,0,0.6,11234,3459,18974,11024,a,,,,,3,,,0.5,1,1,24,0,0,0,0,1,0,0,0,0,0,0.07,0.00,0.07,0.33,0.5,0.5
2026-08-31T00:46:51+00:00,2026-08-30,daily,3,2026-09-04T17:30:00Z,467,Sels,NFO,GKP,50,0,0,1.5,2548,4422,5898,16168,a,,,,,,,,1.5,1,3,180,2,0,0,0,3,4,0,3,0,15,0.00,0.01,0.01,2.22,1.5,1.5
2026-08-31T00:46:51+00:00,2026-08-30,daily,3,2026-09-04T17:30:00Z,468,John,NFO,GKP,45,0,0,0.1,74,188,252,654,a,,,,,,,,0.0,0,0,0,0,0,0,0,0,0,0,0,0,0,0.00,0.00,0.00,0.00,0.0,0.0
2026-08-31T00:46:51+00:00,2026-08-30,daily,3,2026-09-04T17:30:00Z,469,N.Williams,NFO,DEF,50,0,0,8.7,16100,22427,30250,104561,a,,,,,,2,2,4.0,6,8,180,2,0,1,0,3,0,18,9,9,11,0.12,0.17,0.29,2.22,4.0,4.0
2026-08-31T00:46:51+00:00,2026-08-30,daily,3,2026-09-04T17:30:00Z,470,Morato,NFO,DEF,50,0,0,0.0,87,276,317,943,a,,,,,,,,0.0,0,0,0,0,0,0,0,0,0,0,0,0,0,0.00,0.00,0.00,0.00,0.0,0.0
2026-08-31T00:46:51+00:00,2026-08-30,daily,3,2026-09-04T17:30:00Z,471,Milenković,NFO,DEF,55,0,0,1.7,1857,4510,4448,21551,a,,,,,,,,2.5,3,5,180,2,0,0,0,3,0,20,17,3,9,0.11,0.02,0.13,2.22,2.5,2.5
2026-08-31T00:46:51+00:00,2026-08-30,daily,3,2026-09-04T17:30:00Z,472,Murillo,NFO,DEF,55,0,0,1.6,3277,5326,11857,17163,a,,2026-07-23T12:01:23.801183Z,100,100,,3,,2.5,1,5,180,2,0,0,0,3,0,20,18,2,6,0.18,0.28,0.46,2.22,2.5,2.5
2026-08-31T00:46:51+00:00,2026-08-30,daily,3,2026-09-04T17:30:00Z,473,Aina,NFO,DEF,45,0,0,3.4,7550,14105,25320,36942,a,,,,,,,,2.5,0,5,158,2,0,0,1,2,0,7,5,2,8,0.04,0.52,0.56,2.09,2.5,2.5
2026-08-31T00:46:51+00:00,2026-08-30,daily,3,2026-09-04T17:30:00Z,474,Jair Cunha,NFO,DEF,45,0,0,0.2,306,535,565,2094,a,,,,,,,,1.0,1,2,180,2,0,0,0,3,0,16,13,3,3,0.00,0.00,0.00,2.22,1.0,1.0
2026-08-31T00:46:51+00:00,2026-08-30,daily,3,2026-09-04T17:30:00Z,475,Savona,NFO,DEF,45,0,0,0.0,10,18,123,66,i,Knee injury - Unknown return date,2026-07-23T12:01:23.816304Z,0,0,,,,0.0,0,0,0,0,0,0,0,0,0,0,0,0,0,0.00,0.00,0.00,0.00,0.0,0.0
2026-08-31T00:46:51+00:00,2026-08-30,daily,3,2026-09-04T17:30:00Z,476,O.Richards,NFO,DEF,40,0,0,0.2,290,674,785,2682,a,,,,,,,,0.0,0,0,0,0,0,0,0,0,0,0,0,0,0,0.00,0.00,0.00,0.00,0.0,0.0
2026-08-31T00:46:51+00:00,2026-08-30,daily,3,2026-09-04T17:30:00Z,477,Abbott,NFO,DEF,40,0,0,0.2,531,806,1527,3029,a,,,,,,,,0.0,0,0,0,0,0,0,0,0,0,0,0,0,0,0.00,0.00,0.00,0.00,0.0,0.0
2026-08-31T00:46:51+00:00,2026-08-30,daily,3,2026-09-04T17:30:00Z,478,Netz,NFO,DEF,45,0,0,0.0,63,136,175,424,a,,,,,,,,1.0,1,2,20,0,0,0,0,1,0,1,0,1,1,0.00,0.00,0.00,0.13,1.0,1.0
2026-08-31T00:46:51+00:00,2026-08-30,daily,3,2026-09-04T17:30:00Z,479,Bindon,NFO,DEF,40,0,0,0.2,204,514,569,1931,a,,,,,,,,0.0,0,0,0,0,0,0,0,0,0,0,0,0,0,0.00,0.00,0.00,0.00,0.0,0.0
2026-08-31T00:46:51+00:00,2026-08-30,daily,3,2026-09-04T17:30:00Z,480,Gibbs-White,NFO,MID,79,-1,-1,8.7,55537,37586,64317,320679,a,,2026-08-24T15:30:08.350159Z,100,100,1,1,,7.5,13,15,180,2,1,1,0,3,0,8,2,2,4,0.92,0.10,1.02,2.22,7.5,7.5
2026-08-31T00:46:51+00:00,2026-08-30,daily,3,2026-09-04T17:30:00Z,482,Hudson-Odoi,NFO,MID,59,-1,-1,0.2,580,1556,1306,7040,a,,2026-07-23T12:01:23.832709Z,100,100,,4,,0.5,1,1,1,0,0,0,0,0,0,0,0,0,0,0.00,0.00,0.00,0.00,0.5,0.5
2026-08-31T00:46:51+00:00,2026-08-30,daily,3,2026-09-04T17:30:00Z,483,Ndoye,NFO,MID,55,0,0,0.5,11788,2777,13279,8039,a,,,,,,,,6.0,9,12,126,2,1,0,1,1,0,12,2,1,9,0.35,0.63,0.98,1.67,6.0,6.0
2026-08-31T00:46:51+00:00,2026-08-30,daily,3,2026-09-04T17:30:00Z,484,Hutchinson,NFO,MID,55,0,0,0.1,115,998,329,3244,a,,,,,,,,0.0,0,0,0,0,0,0,0,0,0,0,0,0,0,0.00,0.00,0.00,0.00,0.0,0.0
2026-08-31T00:46:51+00:00,2026-08-30,daily,3,2026-09-04T17:30:00Z,485,Bakwa,NFO,MID,55,0,0,0.0,0,234,107,639,u,Has joined Lille on loan for the rest of the season,2026-08-27T14:53:03.381941Z,0,0,,,,0.0,0,0,0,0,0,0,0,0,0,0,0,0,0,0.00,0.00,0.00,0.00,0.0,0.0
2026-08-31T00:46:51+00:00,2026-08-30,daily,3,2026-09-04T17:30:00Z,486,McAtee,NFO,MID,55,0,0,0.1,1276,408,1950,883,a,,,,,,,1,2.5,2,5,163,2,0,0,1,2,0,16,4,2,10,0.00,0.32,0.32,2.09,2.5,2.5
2026-08-31T00:46:51+00:00,2026-08-30,daily,3,2026-09-04T17:30:00Z,487,Dominguez,NFO,MID,50,0,0,0.1,128,333,342,1395,a,,,,,,,,0.5,1,1,1,0,0,0,0,0,0,0,0,0,0,0.00,0.00,0.00,0.00,0.5,0.5
2026-08-31T00:46:51+00:00,2026-08-30,daily,3,2026-09-04T17:30:00Z,488,I.Sangaré,NFO,MID,50,0,0,0.8,93,10010,2943,27987,i,Calf injury - Unknown return date,2026-08-28T09:30:07.471668Z,0,0,,,,1.0,0,2,90,1,0,0,0,1,0,6,3,0,3,0.03,0.01,0.04,0.47,0.0,0.0
2026-08-31T00:46:51+00:00,2026-08-30,daily,3,2026-09-04T17:30:00Z,489,Yates,NFO,MID,45,0,0,1.5,6980,6342,8723,43425,a,,2026-08-17T20:30:08.195072Z,100,100,,,,0.0,0,0,0,0,0,0,0,0,0,0,0,0,0,0.00,0.00,0.00,0.00,0.0,0.0
2026-08-31T00:46:51+00:00,2026-08-30,daily,3,2026-09-04T17:30:00Z,490,Wood,NFO,FWD,59,-1,-1,1.4,2329,15282,6898,44633,a,,,,,2,,,0.5,0,1,28,0,0,0,0,1,0,1,0,0,1,0.12,0.01,0.13,0.22,0.5,0.5
2026-08-31T00:46:51+00:00,2026-08-30,daily,3,2026-09-04T17:30:00Z,491,Igor Jesus,NFO,FWD,60,0,0,3.4,6315,26272,16552,84822,a,,,,,4,,,1.5,1,3,180,2,0,0,0,3,0,8,5,1,2,0.96,0.06,1.02,2.22,1.5,1.5
2026-08-31T00:46:51+00:00,2026-08-30,daily,3,2026-09-04T17:30:00Z,493,Kalimuendo,NFO,FWD,55,0,0,0.0,134,427,473,1184,a,,,,,,,,0.5,0,1,1,0,0,0,0,0,0,0,0,0,0,0.00,0.00,0.00,0.00,0.5,0.5
2026-08-31T00:46:51+00:00,2026-08-30,daily,3,2026-09-04T17:30:00Z,558,Schlager,NFO,MID,50,0,0,0.1,398,330,556,1474,a,,,,,,,3,2.5,4,5,106,1,0,0,0,3,0,16,3,5,8,0.05,0.00,0.05,1.88,2.5,2.5
2026-08-31T00:46:51+00:00,2026-08-30,daily,3,2026-09-04T17:30:00Z,581,Diomande,NFO,DEF,55,0,0,0.7,1246,5506,4730,17607,a,,,,,,,,0.0,0,0,0,0,0,0,0,0,0,0,0,0,0,0.00,0.00,0.00,0.00,0.0,0.0
2026-08-31T00:46:51+00:00,2026-08-30,daily,3,2026-09-04T17:30:00Z,590,Benda,NFO,GKP,45,0,0,0.1,321,276,946,820,a,,,,,,,,0.0,0,0,0,0,0,0,0,0,0,0,0,0,0,0.00,0.00,0.00,0.00,0.0,0.0
2026-08-31T00:46:51+00:00,2026-08-30,daily,3,2026-09-04T17:30:00Z,112,Van Hecke,TOT,DEF,50,0,0,8.8,6809,65324,43413,164092,a,,,,,,,,1.0,1,2,180,2,0,0,0,5,0,17,13,4,7,0.11,0.06,0.17,4.59,1.0,1.0
2026-08-31T00:46:51+00:00,2026-08-30,daily,3,2026-09-04T17:30:00Z,401,Marmoush,TOT,FWD,70,0,0,1.7,39003,12140,78811,31501,a,,,,,2,,,1.0,2,2,90,1,0,0,0,2,0,4,0,1,3,0.17,0.07,0.24,0.72,1.0,1.0
2026-08-31T00:46:51+00:00,2026-08-30,daily,3,2026-09-04T17:30:00Z,403,Sávio,TOT,MID,65,0,0,0.9,10031,12510,65778,19374,d,Muscular injury - 75% chance of playing,2026-08-29T16:30:08.380416Z,,75,,,,0.0,0,0,0,0,0,0,0,0,0,0,0,0,0,0.00,0.00,0.00,0.00,0.0,0.0
2026-08-31T00:46:51+00:00,2026-08-30,daily,3,2026-09-04T17:30:00Z,455,Tonali,TOT,MID,55,0,0,3.4,3250,31366,17369,83582,a,,,,,,5,,2.0,2,4,164,2,0,0,0,5,0,8,1,1,6,0.09,0.08,0.17,4.59,2.0,2.0
2026-08-31T00:46:51+00:00,2026-08-30,daily,3,2026-09-04T17:30:00Z,494,Vicario,TOT,GKP,45,0,0,0.2,0,2522,0,13959,u,Has joined Juventus on loan for the rest of the season,2026-08-19T13:55:33.193962Z,0,0,,,,0.0,0,0,0,0,0,0,0,0,0,0,0,0,0,0.00,0.00,0.00,0.00,0.0,0.0
2026-08-31T00:46:51+00:00,2026-08-30,daily,3,2026-09-04T17:30:00Z,495,Austin,TOT,GKP,40,0,0,0.9,2459,1552,5671,5254,a,,,,,,,,0.0,0,0,0,0,0,0,0,0,0,0,0,0,0,0.00,0.00,0.00,0.00,0.0,0.0
2026-08-31T00:46:51+00:00,2026-08-30,daily,3,2026-09-04T17:30:00Z,496,Kinsky,TOT,GKP,45,0,0,21.5,14095,79325,54720,161476,a,,,,,,,,1.5,1,3,180,2,0,0,0,5,5,0,4,0,18,0.00,0.00,0.00,4.59,1.5,1.5
2026-08-31T00:46:51+00:00,2026-08-30,daily,3,2026-09-04T17:30:00Z,497,Dubravka,TOT,GKP,40,0,0,18.2,29434,33363,64520,97180,a,,,,,,,,0.0,0,0,0,0,0,0,0,0,0,0,0,0,0,0.00,0.00,0.00,0.00,0.0,0.0
2026-08-31T00:46:51+00:00,2026-08-30,daily,3,2026-09-04T17:30:00Z,498,Senesi,TOT,DEF,60,0,0,6.8,2449,60738,18391,124973,a,,,,,,,,1.5,0,3,90,1,0,0,0,3,0,16,11,5,2,0.00,0.02,0.02,3.87,1.5,1.5
2026-08-31T00:46:51+00:00,2026-08-30,daily,3,2026-09-04T17:30:00Z,499,Pedro Porro,TOT,DEF,55,0,0,13.0,19535,61540,40109,379058,a,,2026-08-21T15:22:48.149081Z,100,100,,1,3,0.5,1,1,90,1,0,0,0,2,0,4,3,1,2,0.33,0.10,0.43,0.72,0.5,0.5
2026-08-31T00:46:51+00:00,2026-08-30,daily,3,2026-09-04T17:30:00Z,500,Romero,TOT,DEF,50,0,0,0.1,0,1784,0,12563,u,Has joined Atletico Madrid permanently,2026-08-17T13:49:05.465401Z,0,0,,,,0.0,0,0,0,0,0,0,0,0,0,0,0,0,0,0.00,0.00,0.00,0.00,0.0,0.0
2026-08-31T00:46:51+00:00,2026-08-30,daily,3,2026-09-04T17:30:00Z,501,Danso,TOT,DEF,50,0,0,0.2,247,1075,1267,3507,a,,,,,,,,0.0,0,0,0,0,0,0,0,0,0,0,0,0,0,0.00,0.00,0.00,0.00,0.0,0.0
2026-08-31T00:46:51+00:00,2026-08-30,daily,3,2026-09-04T17:30:00Z,502,Robertson,TOT,DEF,45,0,0,3.6,5231,17580,27402,40878,a,,,,,,,1,2.5,2,5,157,2,0,0,0,4,0,14,11,3,4,0.06,0.08,0.14,4.35,2.5,2.5
2026-08-31T00:46:51+00:00,2026-08-30,daily,3,2026-09-04T17:30:00Z,503,Van de Ven,TOT,DEF,50,0,0,4.1,6547,23485,14921,148188,a,,2026-08-21T15:00:07.610517Z,100,100,,,,0.0,0,0,90,1,0,0,0,2,0,8,7,1,4,0.00,0.02,0.02,0.72,0.0,0.0
2026-08-31T00:46:51+00:00,2026-08-30,daily,3,2026-09-04T17:30:00Z,505,Spence,TOT,DEF,45,0,0,0.4,0,6832,0,52614,u,Has joined Internazionale permanently,2026-08-18T14:13:08.454214Z,0,0,,,,0.0,0,0,0,0,0,0,0,0,0,0,0,0,0,0.00,0.00,0.00,0.00,0.0,0.0
2026-08-31T00:46:51+00:00,2026-08-30,daily,3,2026-09-04T17:30:00Z,506,Udogie,TOT,DEF,45,0,0,0.5,436,2134,2121,6826,a,,,,,,,,1.0,1,2,26,0,0,0,0,1,0,1,0,1,3,0.00,0.21,0.21,0.68,1.0,1.0
2026-08-31T00:46:51+00:00,2026-08-30,daily,3,2026-09-04T17:30:00Z,507,Phillips,TOT,DEF,45,0,0,0.0,0,132,0,790,u,Has joined Middlesbrough permanently,2026-08-18T14:13:08.474144Z,0,0,,,,0.0,0,0,0,0,0,0,0,0,0,0,0,0,0,0.00,0.00,0.00,0.00,0.0,0.0
2026-08-31T00:46:51+00:00,2026-08-30,daily,3,2026-09-04T17:30:00Z,508,Davies,TOT,DEF,40,0,0,1.0,1156,3686,4033,12669,a,,,,,,,,0.0,0,0,0,0,0,0,0,0,0,0,0,0,0,0.00,0.00,0.00,0.00,0.0,0.0
2026-08-31T00:46:51+00:00,2026-08-30,daily,3,2026-09-04T17:30:00Z,509,Byfield,TOT,DEF,40,0,0,0.1,154,199,473,757,a,,,,,,,,0.0,0,0,0,0,0,0,0,0,0,0,0,0,0,0.00,0.00,0.00,0.00,0.0,0.0
2026-08-31T00:46:51+00:00,2026-08-30,daily,3,2026-09-04T17:30:00Z,510,Rowswell,TOT,DEF,40,0,0,0.1,182,315,517,1010,a,,,,,,,,0.0,0,0,0,0,0,0,0,0,0,0,0,0,0,0.00,0.00,0.00,0.00,0.0,0.0
2026-08-31T00:46:51+00:00,2026-08-30,daily,3,2026-09-04T17:30:00Z,511,Souza,TOT,DEF,40,0,0,0.3,720,1053,1913,3747,a,,,,,,,,0.0,0,0,0,0,0,0,0,0,0,0,0,0,0,0.00,0.00,0.00,0.00,0.0,0.0
2026-08-31T00:46:51+00:00,2026-08-30,daily,3,2026-09-04T17:30:00Z,512,Kudus,TOT,MID,65,0,0,0.1,1003,662,1272,3068,a,,2026-07-23T12:01:23.848657Z,75,100,3,3,,0.5,1,1,22,0,0,0,0,1,0,2,0,0,2,0.04,0.01,0.05,0.24,0.4,0.5
2026-08-31T00:46:51+00:00,2026-08-30,daily,3,2026-09-04T17:30:00Z,513,Xavi,TOT,MID,60,0,0,0.0,32,161,109,517,i,Knee injury - Unknown return date,2026-07-23T12:01:23.864304Z,0,0,4,2,,0.0,0,0,0,0,0,0,0,0,0,0,0,0,0,0.00,0.00,0.00,0.00,0.0,0.0
2026-08-31T00:46:51+00:00,2026-08-30,daily,3,2026-09-04T17:30:00Z,514,Tel,TOT,MID,59,-1,-1,0.4,535,6394,4709,16855,a,,,,,,4,,2.0,2,4,157,2,0,0,0,4,0,11,1,1,9,0.20,0.09,0.29,4.35,2.0,2.0
2026-08-31T00:46:51+00:00,2026-08-30,daily,3,2026-09-04T17:30:00Z,515,Maddison,TOT,MID,64,-1,-1,0.8,94,14904,2780,51890,d,Shoulder injury - 75% chance of playing,2026-08-25T14:30:07.623508Z,75,75,,,,0.5,0,1,22,0,0,0,0,0,0,2,1,0,1,0.00,0.01,0.01,0.85,0.4,0.4
2026-08-31T00:46:51+00:00,2026-08-30,daily,3,2026-09-04T17:30:00Z,516,Bentancur,TOT,MID,55,0,0,0.2,302,757,904,2788,a,,,,,,,,1.5,2,3,135,1,0,0,0,3,0,16,3,5,8,0.00,0.03,0.03,2.90,1.5,1.5
2026-08-31T00:46:51+00:00,2026-08-30,daily,3,2026-09-04T17:30:00Z,517,Odobert,TOT,MID,55,0,0,0.0,11,15,27,34,i,Knee injury - Unknown return date,2026-07-23T12:01:23.879434Z,0,0,,,,0.0,0,0,0,0,0,0,0,0,0,0,0,0,0,0.00,0.00,0.00,0.00,0.0,0.0
2026-08-31T00:46:51+00:00,2026-08-30,daily,3,2026-09-04T17:30:00Z,518,P.M.Sarr,TOT,MID,49,0,-1,0.2,2538,1307,2651,11771,a,,2026-08-21T14:30:08.419690Z,0,100,,,,0.0,0,0,0,0,0,0,0,0,0,0,0,0,0,0.00,0.00,0.00,0.00,0.0,0.0
2026-08-31T00:46:51+00:00,2026-08-30,daily,3,2026-09-04T17:30:00Z,519,Gallagher,TOT,MID,54,-1,-1,0.3,291,2156,1499,6803,a,,,,,,,,0.0,0,0,45,1,0,0,0,2,0,3,0,1,2,0.02,0.06,0.08,1.70,0.0,0.0
2026-08-31T00:46:51+00:00,2026-08-30,daily,3,2026-09-04T17:30:00Z,520,Bergvall,TOT,MID,55,0,0,0.2,190,1087,825,3286,a,,,,,,,,0.5,0,1,45,1,0,0,0,2,0,8,0,1,7,0.00,0.01,0.01,1.70,0.5,0.5
2026-08-31T00:46:51+00:00,2026-08-30,daily,3,2026-09-04T17:30:00Z,521,Kulusevski,TOT,MID,65,0,0,0.0,28,63,103,304,i,Knee injury - Unknown return date,2026-07-23T12:01:23.895175Z,0,0,,,,0.0,0,0,0,0,0,0,0,0,0,0,0,0,0,0.00,0.00,0.00,0.00,0.0,0.0
2026-08-31T00:46:51+00:00,2026-08-30,daily,3,2026-09-04T17:30:00Z,522,Gray,TOT,MID,50,0,0,0.2,857,1329,2568,3873,a,,,,,,,,2.0,2,4,152,2,0,0,0,4,0,11,5,1,5,0.00,0.01,0.01,3.91,2.0,2.0
2026-08-31T00:46:51+00:00,2026-08-30,daily,3,2026-09-04T17:30:00Z,523,Moore,TOT,MID,50,0,0,0.2,503,1397,2922,3923,a,,,,,,,,1.5,1,3,89,1,0,0,0,4,0,3,0,1,2,0.40,0.02,0.42,3.26,1.5,1.5
2026-08-31T00:46:51+00:00,2026-08-30,daily,3,2026-09-04T17:30:00Z,524,Olusesi,TOT,MID,45,0,0,0.8,556,3370,2570,12682,a,,,,,,,,0.0,0,0,0,0,0,0,0,0,0,0,0,0,0,0.00,0.00,0.00,0.00,0.0,0.0
2026-08-31T00:46:51+00:00,2026-08-30,daily,3,2026-09-04T17:30:00Z,525,Fernandes,TOT,MID,59,-1,-1,1.5,1374,15279,5903,46608,a,,,,,,,2,1.5,2,3,135,1,0,0,0,3,0,10,0,4,6,0.01,0.23,0.24,2.90,1.5,1.5
2026-08-31T00:46:51+00:00,2026-08-30,daily,3,2026-09-04T17:30:00Z,526,Solanke,TOT,FWD,60,0,0,1.2,2337,12196,10549,33014,a,,,,,1,,,1.0,1,2,37,0,0,0,0,0,0,0,0,0,0,0.27,0.00,0.27,0.85,1.0,1.0
2026-08-31T00:46:51+00:00,2026-08-30,daily,3,2026-09-04T17:30:00Z,527,Richarlison,TOT,FWD,59,-1,-1,2.4,2637,38869,17360,85340,a,,,,,5,,,1.0,0,2,67,1,0,0,0,3,0,1,1,0,0,0.00,0.00,0.00,3.02,1.0,1.0
2026-08-31T00:46:51+00:00,2026-08-30,daily,3,2026-09-04T17:30:00Z,528,Scarlett,TOT,FWD,45,0,0,1.8,11766,7709,24950,24889,a,,,,,,,,0.0,0,0,0,0,0,0,0,0,0,0,0,0,0,0.00,0.00,0.00,0.00,0.0,0.0
2026-08-31T00:46:51+00:00,2026-08-30,daily,3,2026-09-04T17:30:00Z,601,Williams-Barnett,TOT,MID,45,0,0,0.1,1655,674,4291,1258,a,,,,,,,,0.0,0,0,0,0,0,0,0,0,0,0,0,0,0,0.00,0.00,0.00,0.00,0.0,0.0
2026-08-31T00:46:51+00:00,2026-08-30,daily,3,2026-09-04T17:30:00Z,529,Roefs,SUN,GKP,50,0,0,3.7,2223,14709,6989,45043,a,,,,,,,,3.5,6,7,180,2,0,0,1,2,1,0,3,0,15,0.00,0.00,0.00,2.75,3.5,3.5
2026-08-31T00:46:51+00:00,2026-08-30,daily,3,2026-09-04T17:30:00Z,530,Patterson,SUN,GKP,40,0,0,0.2,0,667,0,2974,u,Has joined Wrexham permanently,2026-08-12T14:08:03.064533Z,0,0,,,,0.0,0,0,0,0,0,0,0,0,0,0,0,0,0,0.00,0.00,0.00,0.00,0.0,0.0
2026-08-31T00:46:51+00:00,2026-08-30,daily,3,2026-09-04T17:30:00Z,531,Ellborg,SUN,GKP,45,0,0,0.1,94,261,303,1115,a,,,,,,,,0.0,0,0,0,0,0,0,0,0,0,0,0,0,0,0.00,0.00,0.00,0.00,0.0,0.0
2026-08-31T00:46:51+00:00,2026-08-30,daily,3,2026-09-04T17:30:00Z,532,Ballard,SUN,DEF,50,0,0,4.7,3629,25794,16427,75498,a,,,,,,,,4.0,8,8,180,2,0,0,1,2,0,19,16,3,1,0.03,0.01,0.04,2.75,4.0,4.0
2026-08-31T00:46:51+00:00,2026-08-30,daily,3,2026-09-04T17:30:00Z,533,Mukiele,SUN,DEF,55,0,0,2.4,6485,7737,12073,46324,a,,2026-08-09T08:30:05.954750Z,100,100,,,,4.5,9,9,90,1,0,0,1,0,0,19,17,2,4,0.00,0.01,0.01,0.95,4.5,4.5
2026-08-31T00:46:51+00:00,2026-08-30,daily,3,2026-09-04T17:30:00Z,534,Hume,SUN,DEF,45,0,0,6.0,4860,22462,18479,59833,a,,,,,,,3,4.0,6,8,169,2,0,0,1,1,0,10,3,7,10,0.04,0.28,0.32,2.64,4.0,4.0
2026-08-31T00:46:51+00:00,2026-08-30,daily,3,2026-09-04T17:30:00Z,535,Alderete,SUN,DEF,50,0,0,0.4,608,2778,3205,8042,a,,2026-08-09T08:30:05.962393Z,100,100,,,,0.5,0,1,23,0,0,0,0,1,0,0,0,0,2,0.00,0.01,0.01,0.10,0.5,0.5
2026-08-31T00:46:51+00:00,2026-08-30,daily,3,2026-09-04T17:30:00Z,536,Reinildo,SUN,DEF,45,0,0,0.4,471,1167,1446,4745,a,,,,,,,,3.5,6,7,180,2,0,0,1,2,0,15,11,4,8,0.00,0.30,0.30,2.75,3.5,3.5
2026-08-31T00:46:51+00:00,2026-08-30,daily,3,2026-09-04T17:30:00Z,537,Seelt,SUN,DEF,45,0,0,0.0,3,143,61,270,u,Has joined Swansea City on loan for the rest of the season,2026-08-29T00:34:52.425076Z,,0,,,,0.0,0,0,0,0,0,0,0,0,0,0,0,0,0,0.00,0.00,0.00,0.00,0.0,0.0
2026-08-31T00:46:51+00:00,2026-08-30,daily,3,2026-09-04T17:30:00Z,538,Hjelde,SUN,DEF,40,0,0,0.0,0,289,0,1279,u,Has joined KV Mechelen on loan for the rest of the season,2026-08-12T14:08:03.081789Z,0,0,,,,0.0,0,0,0,0,0,0,0,0,0,0,0,0,0,0.00,0.00,0.00,0.00,0.0,0.0
2026-08-31T00:46:51+00:00,2026-08-30,daily,3,2026-09-04T17:30:00Z,539,O'Nien,SUN,DEF,40,0,0,3.3,1519,8983,6121,26522,a,,,,,,,,0.5,0,1,66,1,0,0,0,1,0,5,4,1,4,0.01,0.01,0.02,1.69,0.5,0.5
2026-08-31T00:46:51+00:00,2026-08-30,daily,3,2026-09-04T17:30:00Z,540,Masuaku,SUN,DEF,40,0,0,0.2,0,1311,0,6179,u,Has joined Konyaspor permanently,2026-08-12T14:08:03.097784Z,0,0,,,,0.0,0,0,0,0,0,0,0,0,0,0,0,0,0,0.00,0.00,0.00,0.00,0.0,0.0
2026-08-31T00:46:51+00:00,2026-08-30,daily,3,2026-09-04T17:30:00Z,541,Meunier,SUN,DEF,45,0,0,0.3,816,608,1826,2326,a,,2026-08-16T08:30:07.830062Z,100,100,,,,3.5,6,7,180,2,0,0,1,2,0,12,10,2,8,0.10,0.13,0.23,2.75,3.5,3.5
2026-08-31T00:46:51+00:00,2026-08-30,daily,3,2026-09-04T17:30:00Z,542,E.Le Fée,SUN,MID,59,-1,-1,7.7,2100,79172,13486,194282,a,,,,,2,2,1,2.5,3,5,168,2,0,0,1,1,0,8,1,2,5,0.37,0.20,0.57,2.55,2.5,2.5
2026-08-31T00:46:51+00:00,2026-08-30,daily,3,2026-09-04T17:30:00Z,543,Diarra,SUN,MID,55,0,0,0.1,93,486,428,1663,d,Unspecified injury - 75% chance of playing,2026-08-30T16:30:08.428960Z,,75,1,,,2.5,4,5,28,0,0,1,0,1,0,0,0,0,0,0.03,0.16,0.19,0.12,2.5,1.9
2026-08-31T00:46:51+00:00,2026-08-30,daily,3,2026-09-04T17:30:00Z,544,Xhaka,SUN,MID,55,0,0,4.6,10795,13302,53576,31517,a,,,,,,1,2,7.5,6,15,180,2,0,1,1,2,0,20,3,3,14,0.00,0.45,0.45,2.75,7.5,7.5
2026-08-31T00:46:51+00:00,2026-08-30,daily,3,2026-09-04T17:30:00Z,545,Sadiki,SUN,MID,50,0,0,0.3,561,1375,1726,4872,a,,,,,,,,2.5,3,5,180,2,0,0,1,2,0,13,6,3,4,0.08,0.05,0.13,2.75,2.5,2.5
2026-08-31T00:46:51+00:00,2026-08-30,daily,3,2026-09-04T17:30:00Z,546,Adingra,SUN,MID,49,-1,-1,0.1,93,701,146,4260,i,Ankle injury - Unknown return date,2026-08-20T14:00:08.416985Z,0,0,,,,0.0,0,0,0,0,0,0,0,0,0,0,0,0,0,0.00,0.00,0.00,0.00,0.0,0.0
2026-08-31T00:46:51+00:00,2026-08-30,daily,3,2026-09-04T17:30:00Z,547,Mundle,SUN,MID,50,0,0,0.0,22,40,62,190,a,,,,,,,,0.5,1,1,1,0,0,0,0,0,0,1,1,0,0,0.17,0.00,0.17,0.09,0.5,0.5
2026-08-31T00:46:51+00:00,2026-08-30,daily,3,2026-09-04T17:30:00Z,548,Rigg,SUN,MID,50,0,0,0.1,45,261,144,881,a,,,,,,,,1.0,1,2,17,0,0,0,0,1,0,1,0,0,1,0.00,0.00,0.00,0.44,1.0,1.0
2026-08-31T00:46:51+00:00,2026-08-30,daily,3,2026-09-04T17:30:00Z,549,Talbi,SUN,MID,55,0,0,0.2,79,1183,363,4027,a,,,,,,,,0.5,0,1,31,0,0,0,0,1,0,2,0,0,2,0.00,0.00,0.00,0.14,0.5,0.5
2026-08-31T00:46:51+00:00,2026-08-30,daily,3,2026-09-04T17:30:00Z,550,Jocelin.T,SUN,MID,50,0,0,0.0,24,30,75,131,a,,,,,,,,0.0,0,0,0,0,0,0,0,0,0,0,0,0,0,0.00,0.00,0.00,0.00,0.0,0.0
2026-08-31T00:46:51+00:00,2026-08-30,daily,3,2026-09-04T17:30:00Z,551,Angulo,SUN,MID,50,0,0,0.1,1450,839,6793,2218,a,,,,,,3,,4.0,3,8,122,2,1,0,1,1,0,12,1,2,9,0.15,0.05,0.20,2.24,4.0,4.0
2026-08-31T00:46:51+00:00,2026-08-30,daily,3,2026-09-04T17:30:00Z,552,Brobbey,SUN,FWD,60,0,0,11.5,9523,106393,47792,226020,a,,,,,,,,2.0,2,4,129,2,0,0,1,1,0,4,1,0,3,0.33,0.00,0.33,2.27,2.0,2.0
2026-08-31T00:46:51+00:00,2026-08-30,daily,3,2026-09-04T17:30:00Z,553,Isidor,SUN,FWD,55,0,0,0.9,5574,3982,8044,16903,a,,,,,,,,4.5,8,9,49,0,1,0,0,1,0,0,0,0,0,1.39,0.00,1.39,0.47,4.5,4.5
2026-08-31T00:46:51+00:00,2026-08-30,daily,3,2026-09-04T17:30:00Z,612,Methalie,SUN,DEF,45,0,0,0.0,38,25,133,52,a,,2026-08-28T13:00:08.950445Z,0,100,,,,0.0,0,0,0,0,0,0,0,0,0,0,0,0,0,0.00,0.00,0.00,0.00,0.0,1.7
2026-08-31T00:46:51+00:00,2026-08-30,daily,3,2026-09-04T17:30:00Z,613,Ahoka,SUN,MID,45,0,0,0.1,5368,1287,7843,1685,a,,,,,,,,0.0,0,0,0,0,0,0,0,0,0,0,0,0,0,0.00,0.00,0.00,0.00,1.0,1.0
