snapshot_utc,snapshot_date,snapshot_kind,event,deadline_time,id,web_name,team,position,now_cost,cost_change_event,cost_change_start,selected_by_percent,transfers_in_event,transfers_out_event,transfers_in,transfers_out,status,news,news_added,chance_of_playing_this_round,chance_of_playing_next_round,penalties_order,direct_freekicks_order,corners_and_indirect_freekicks_order,form,event_points,total_points,minutes,starts,goals_scored,assists,clean_sheets,goals_conceded,saves,defensive_contribution,clearances_blocks_interceptions,tackles,recoveries,expected_goals,expected_assists,expected_goal_involvements,expected_goals_conceded,ep_this,ep_next
2026-09-12T00:30:10+00:00,2026-09-11,daily,4,2026-09-12T12:30:00Z,1,Raya,ARS,GKP,60,0,0,39.1,209088,180656,520770,491362,a,,,,,,,,5.0,3,15,270,3,0,0,2,1,5,0,4,0,30,0.00,0.01,0.01,0.92,5.0,5.0
2026-09-12T00:30:10+00:00,2026-09-11,daily,4,2026-09-12T12:30:00Z,2,Arrizabalaga,ARS,GKP,49,-1,-1,0.1,262,757,1183,3360,a,,,,,,,,0.0,0,0,0,0,0,0,0,0,0,0,0,0,0,0.00,0.00,0.00,0.00,0.0,0.0
2026-09-12T00:30:10+00:00,2026-09-11,daily,4,2026-09-12T12:30:00Z,3,Meslier,ARS,GKP,49,-1,-1,0.0,103,284,376,1235,a,,,,,,,,0.0,0,0,0,0,0,0,0,0,0,0,0,0,0,0.00,0.00,0.00,0.00,0.0,0.0
2026-09-12T00:30:10+00:00,2026-09-11,daily,4,2026-09-12T12:30:00Z,4,Gabriel,ARS,DEF,80,0,0,24.1,47183,213318,152831,683068,a,,,,,,,,5.0,2,15,270,3,0,0,2,1,0,21,19,2,11,0.49,0.05,0.54,0.92,5.0,5.0
2026-09-12T00:30:10+00:00,2026-09-11,daily,4,2026-09-12T12:30:00Z,5,J.Timber,ARS,DEF,65,0,0,0.1,580,1268,1530,6813,d,Groin injury - 25% chance of playing,2026-07-23T12:01:23.272929Z,25,25,,,,0.0,0,0,0,0,0,0,0,0,0,0,0,0,0,0.00,0.00,0.00,0.00,0.0,0.0
2026-09-12T00:30:10+00:00,2026-09-11,daily,4,2026-09-12T12:30:00Z,6,Saliba,ARS,DEF,59,-1,-1,0.2,702,3051,2650,15349,i,Back injury - Unknown return date,2026-07-23T12:01:23.289376Z,0,0,,,,0.0,0,0,0,0,0,0,0,0,0,0,0,0,0,0.00,0.00,0.00,0.00,0.0,0.0
2026-09-12T00:30:10+00:00,2026-09-11,daily,4,2026-09-12T12:30:00Z,7,Lewis-Skelly,ARS,MID,55,0,0,0.7,6222,9497,24764,32038,a,,,,,,,,2.7,2,8,226,3,0,0,2,1,0,14,5,1,8,0.16,0.23,0.39,0.79,2.7,2.7
2026-09-12T00:30:10+00:00,2026-09-11,daily,4,2026-09-12T12:30:00Z,8,Calafiori,ARS,DEF,58,1,3,48.9,414225,78341,1239809,238530,a,,,,,,,,7.3,2,22,236,3,0,2,2,1,0,9,6,3,6,0.54,0.58,1.12,0.65,7.3,7.3
2026-09-12T00:30:10+00:00,2026-09-11,daily,4,2026-09-12T12:30:00Z,9,Hincapie,ARS,DEF,53,-1,-2,1.0,3447,16876,11782,93563,a,,,,,,,,0.7,1,2,32,0,0,0,0,0,0,3,2,1,0,0.00,0.00,0.00,0.28,0.7,0.7
2026-09-12T00:30:10+00:00,2026-09-11,daily,4,2026-09-12T12:30:00Z,10,White,ARS,DEF,55,0,0,7.6,103770,99955,412006,242386,a,,2026-07-23T12:01:23.305229Z,100,100,,,,6.7,2,20,270,3,0,1,2,1,0,15,11,4,9,0.18,0.29,0.47,0.92,6.7,6.7
2026-09-12T00:30:10+00:00,2026-09-11,daily,4,2026-09-12T12:30:00Z,11,Mosquera,ARS,DEF,54,-1,-1,2.7,689,164865,29645,339182,d,Muscular injury - 50% chance of playing,2026-09-04T14:00:08.080310Z,75,50,,,,4.0,0,12,168,2,0,0,2,0,0,10,10,0,3,0.00,0.01,0.01,0.53,3.0,2.0
2026-09-12T00:30:10+00:00,2026-09-11,daily,4,2026-09-12T12:30:00Z,12,Saka,ARS,MID,95,0,0,11.5,175385,124418,420675,260934,a,,,,,1,2,2,7.3,2,22,246,3,2,0,2,1,0,22,6,4,12,1.50,0.35,1.85,0.78,7.3,7.3
2026-09-12T00:30:10+00:00,2026-09-11,daily,4,2026-09-12T12:30:00Z,13,Rice,ARS,MID,74,-1,-1,13.1,22943,129157,80215,535770,a,,,,,,1,1,4.3,5,13,241,3,0,1,2,1,0,24,10,3,11,0.10,0.26,0.36,0.78,4.3,4.3
2026-09-12T00:30:10+00:00,2026-09-11,daily,4,2026-09-12T12:30:00Z,14,Eze,ARS,MID,63,-1,-2,1.2,3531,26103,17518,111167,a,,,,,,3,,0.7,0,2,59,0,0,0,0,0,0,5,0,0,5,0.04,0.07,0.11,0.39,0.7,0.7
2026-09-12T00:30:10+00:00,2026-09-11,daily,4,2026-09-12T12:30:00Z,15,Ødegaard,ARS,MID,67,1,2,17.4,647228,96581,1056440,306043,a,,,,,3,4,,8.0,10,24,221,3,2,0,2,1,0,16,3,5,8,1.01,1.05,2.06,0.66,8.0,8.0
2026-09-12T00:30:10+00:00,2026-09-11,daily,4,2026-09-12T12:30:00Z,16,Madueke,ARS,MID,63,0,-2,0.2,1339,3928,4027,20232,a,,,,,,,5,0.7,1,2,23,0,0,0,0,0,0,3,0,1,2,0.00,0.05,0.05,0.15,0.7,0.7
2026-09-12T00:30:10+00:00,2026-09-11,daily,4,2026-09-12T12:30:00Z,17,Merino,ARS,MID,58,-1,-2,0.4,1747,8956,7230,38082,a,,,,,,,,0.7,0,2,46,0,0,0,0,0,0,6,0,0,6,0.14,0.02,0.16,0.26,0.7,0.7
2026-09-12T00:30:10+00:00,2026-09-11,daily,4,2026-09-12T12:30:00Z,18,Martinelli,ARS,MID,63,0,-2,0.1,0,5798,2483,19440,u,Has joined Al Hilal permanently,2026-09-04T12:34:46.738449Z,0,0,,,,0.0,0,0,0,0,0,0,0,0,0,0,0,0,0,0.00,0.00,0.00,0.00,0.0,0.0
2026-09-12T00:30:10+00:00,2026-09-11,daily,4,2026-09-12T12:30:00Z,19,Zubimendi,ARS,MID,54,0,-1,0.7,1396,11147,6460,51756,a,,,,,,,,1.0,1,3,50,0,0,0,0,0,0,9,4,3,2,0.08,0.04,0.12,0.28,1.0,1.0
2026-09-12T00:30:10+00:00,2026-09-11,daily,4,2026-09-12T12:30:00Z,20,Dowman,ARS,MID,53,-1,-2,0.1,572,1210,1653,5537,a,,,,,,,,0.0,0,0,0,0,0,0,0,0,0,0,0,0,0,0.00,0.00,0.00,0.00,0.0,0.0
2026-09-12T00:30:10+00:00,2026-09-11,daily,4,2026-09-12T12:30:00Z,22,Nwaneri,ARS,MID,54,0,-1,0.0,0,311,233,1062,u,Has joined Borussia Dortmund on loan for the rest of the season,2026-09-02T16:01:07.058827Z,0,0,,,,0.0,0,0,0,0,0,0,0,0,0,0,0,0,0,0.00,0.00,0.00,0.00,0.0,0.0
2026-09-12T00:30:10+00:00,2026-09-11,daily,4,2026-09-12T12:30:00Z,23,Fábio Vieira,ARS,MID,55,0,0,0.0,0,247,255,773,u,Has joined Hamburger SV permanently,2026-09-02T16:00:28.446370Z,0,0,,,,0.0,0,0,0,0,0,0,0,0,0,0,0,0,0,0.00,0.00,0.00,0.00,0.0,0.0
2026-09-12T00:30:10+00:00,2026-09-11,daily,4,2026-09-12T12:30:00Z,24,Nelson,ARS,MID,55,0,0,0.0,0,99,68,574,u,has departed the club as a free agent.,2026-08-29T00:33:08.556767Z,0,0,,,,0.0,0,0,0,0,0,0,0,0,0,0,0,0,0,0.00,0.00,0.00,0.00,0.0,0.0
2026-09-12T00:30:10+00:00,2026-09-11,daily,4,2026-09-12T12:30:00Z,25,Gyökeres,ARS,FWD,72,-1,-3,3.8,5616,83386,22553,522506,a,,,,,2,,,0.3,1,1,12,0,0,0,0,0,0,1,0,0,1,0.00,0.00,0.00,0.11,0.3,0.3
2026-09-12T00:30:10+00:00,2026-09-11,daily,4,2026-09-12T12:30:00Z,26,Havertz,ARS,FWD,75,0,0,7.9,165773,65210,425900,245424,a,,,,,,,,5.3,8,16,257,3,2,0,2,1,0,8,3,0,5,0.55,0.33,0.88,0.80,5.3,5.3
2026-09-12T00:30:10+00:00,2026-09-11,daily,4,2026-09-12T12:30:00Z,27,G.Jesus,ARS,FWD,59,0,-1,0.2,0,7275,4164,25562,u,Has joined FC Barcelona permanently,2026-09-02T16:00:28.475184Z,0,0,,,,0.0,0,0,0,0,0,0,0,0,0,0,0,0,0,0.00,0.00,0.00,0.00,0.0,0.0
2026-09-12T00:30:10+00:00,2026-09-11,daily,4,2026-09-12T12:30:00Z,31,Konsa,ARS,DEF,45,1,0,16.0,566220,82909,886913,511642,a,,,,,,,,1.7,4,5,101,1,0,0,0,1,0,11,8,3,5,0.00,0.01,0.01,0.39,1.7,1.7
2026-09-12T00:30:10+00:00,2026-09-11,daily,4,2026-09-12T12:30:00Z,452,Bruno G.,ARS,MID,68,0,-2,1.7,2070,33444,8466,222781,a,,2026-09-04T14:00:08.328779Z,75,100,4,,4,0.3,0,1,19,0,0,0,0,0,0,3,0,0,3,0.00,0.01,0.01,0.00,0.2,0.3
2026-09-12T00:30:10+00:00,2026-09-11,daily,4,2026-09-12T12:30:00Z,557,Tzolis,ARS,MID,64,-1,-1,16.2,68752,338965,396823,1087989,a,,,,,,,3,3.7,5,11,210,3,0,2,1,1,0,17,5,2,10,0.19,0.35,0.54,0.55,3.7,3.7
2026-09-12T00:30:10+00:00,2026-09-11,daily,4,2026-09-12T12:30:00Z,29,M.Bizot,AVL,GKP,45,0,0,0.1,896,1409,4047,4665,a,,,,,,,,0.3,0,1,90,1,0,0,0,4,3,0,2,0,6,0.00,0.00,0.00,3.77,0.3,0.3
2026-09-12T00:30:10+00:00,2026-09-11,daily,4,2026-09-12T12:30:00Z,30,Digne,AVL,DEF,45,0,0,0.1,0,848,0,7896,u,Has joined Paris Saint-Germain permanently,2026-08-10T14:03:30.089007Z,0,0,,,,0.0,0,0,0,0,0,0,0,0,0,0,0,0,0,0.00,0.00,0.00,0.00,0.0,0.0
2026-09-12T00:30:10+00:00,2026-09-11,daily,4,2026-09-12T12:30:00Z,32,Cash,AVL,DEF,45,0,0,6.3,18304,74702,86910,258336,d,Muscular injury - 75% chance of playing,2026-09-09T14:30:08.192142Z,,75,,,1,2.3,6,7,251,3,0,0,1,5,0,14,8,6,2,0.15,0.04,0.19,5.03,2.3,1.7
2026-09-12T00:30:10+00:00,2026-09-11,daily,4,2026-09-12T12:30:00Z,33,Mings,AVL,DEF,45,0,0,0.4,4080,2089,9955,10432,a,,,,,,,,2.3,6,7,106,1,0,0,1,0,0,6,4,2,2,0.11,0.02,0.13,0.79,2.3,2.3
2026-09-12T00:30:10+00:00,2026-09-11,daily,4,2026-09-12T12:30:00Z,34,Pau,AVL,DEF,45,0,0,0.4,2884,4734,9970,14130,a,,,,,,,,0.7,0,2,163,2,0,0,0,5,0,9,8,1,9,0.00,0.01,0.01,4.59,0.7,0.7
2026-09-12T00:30:10+00:00,2026-09-11,daily,4,2026-09-12T12:30:00Z,35,Bogarde,AVL,MID,50,0,0,0.1,618,991,2199,3232,a,,,,,,,,0.3,0,1,16,0,0,0,0,0,0,1,1,0,0,0.00,0.00,0.00,0.22,0.3,0.3
2026-09-12T00:30:10+00:00,2026-09-11,daily,4,2026-09-12T12:30:00Z,36,Maatsen,AVL,DEF,45,0,0,0.8,12840,5651,26678,23134,a,,,,,,,,2.7,7,8,245,3,0,0,1,5,0,20,14,6,4,0.10,0.42,0.52,4.88,2.7,2.7
2026-09-12T00:30:10+00:00,2026-09-11,daily,4,2026-09-12T12:30:00Z,37,Lindelöf,AVL,DEF,45,0,0,0.3,3775,1800,8761,8806,a,,,,,,,,2.0,6,6,270,3,0,0,1,5,0,14,13,1,5,0.00,0.16,0.16,5.38,2.0,2.0
2026-09-12T00:30:10+00:00,2026-09-11,daily,4,2026-09-12T12:30:00Z,38,A.García,AVL,DEF,40,0,0,1.7,11079,15106,34589,45706,a,,,,,,,,0.0,0,0,0,0,0,0,0,0,0,0,0,0,0,0.00,0.00,0.00,0.00,0.0,0.0
2026-09-12T00:30:10+00:00,2026-09-11,daily,4,2026-09-12T12:30:00Z,39,Nedeljkovic,AVL,DEF,40,0,0,0.1,0,1943,0,13169,u,Has joined Rangers on loan for the rest of the season,2026-08-19T13:56:46.385411Z,0,0,,,,0.0,0,0,0,0,0,0,0,0,0,0,0,0,0,0.00,0.00,0.00,0.00,0.0,0.0
2026-09-12T00:30:10+00:00,2026-09-11,daily,4,2026-09-12T12:30:00Z,41,Buendía,AVL,MID,59,-1,-1,1.0,11724,18405,37342,64408,a,,,,,1,1,3,2.3,3,7,249,3,0,0,1,5,0,14,3,2,9,0.78,0.16,0.94,4.88,2.3,2.3
2026-09-12T00:30:10+00:00,2026-09-11,daily,4,2026-09-12T12:30:00Z,44,Bailey,AVL,MID,54,0,-1,0.1,0,4310,2096,10691,u,Has joined Olympiakos permanently,2026-09-04T12:35:14.472260Z,0,0,,,,0.0,0,0,0,0,0,0,0,0,0,0,0,0,0,0.00,0.00,0.00,0.00,0.0,0.0
2026-09-12T00:30:10+00:00,2026-09-11,daily,4,2026-09-12T12:30:00Z,45,McGinn,AVL,MID,54,0,-1,2.3,15785,28021,40282,117156,a,,,,,,,2,1.7,3,5,261,3,0,0,1,5,0,15,4,4,7,0.77,0.09,0.86,5.23,1.7,1.7
2026-09-12T00:30:10+00:00,2026-09-11,daily,4,2026-09-12T12:30:00Z,46,Barkley,AVL,MID,50,0,0,0.3,4377,3167,11996,9892,a,,,,,,,4,2.3,3,7,240,3,0,0,1,5,0,17,4,3,10,0.35,0.13,0.48,5.16,2.3,2.3
2026-09-12T00:30:10+00:00,2026-09-11,daily,4,2026-09-12T12:30:00Z,47,Kamara,AVL,MID,50,0,0,0.3,3170,4066,10720,14586,a,,2026-07-23T12:01:23.337269Z,100,100,,,,2.3,3,7,270,3,0,0,1,5,0,25,9,4,12,0.00,0.10,0.10,5.38,2.3,2.3
2026-09-12T00:30:10+00:00,2026-09-11,daily,4,2026-09-12T12:30:00Z,48,Onana,AVL,MID,50,0,0,0.0,95,240,392,1339,i,Knee injury - Unknown return date,2026-07-23T12:01:23.352497Z,0,0,,,,0.0,0,0,0,0,0,0,0,0,0,0,0,0,0,0.00,0.00,0.00,0.00,0.0,0.0
2026-09-12T00:30:10+00:00,2026-09-11,daily,4,2026-09-12T12:30:00Z,49,Iling Jr,AVL,MID,50,0,0,0.0,0,21,0,204,u,Has joined Bolton Wanderers on loan for the rest of the season,2026-08-17T13:52:28.532616Z,0,0,,,,0.0,0,0,0,0,0,0,0,0,0,0,0,0,0,0.00,0.00,0.00,0.00,0.0,0.0
2026-09-12T00:30:10+00:00,2026-09-11,daily,4,2026-09-12T12:30:00Z,50,Burrowes,AVL,MID,45,0,0,0.7,6219,7539,18437,23420,a,,,,,,,,0.0,0,0,0,0,0,0,0,0,0,0,0,0,0,0.00,0.00,0.00,0.00,0.0,0.0
2026-09-12T00:30:10+00:00,2026-09-11,daily,4,2026-09-12T12:30:00Z,51,George Hemmings,AVL,MID,45,0,0,1.3,44855,19210,90003,39129,a,,,,,,,,2.3,3,7,234,3,0,0,1,5,0,18,2,6,10,0.07,0.15,0.22,5.00,2.3,2.3
2026-09-12T00:30:10+00:00,2026-09-11,daily,4,2026-09-12T12:30:00Z,52,Alysson,AVL,MID,50,0,0,0.0,445,627,1615,2152,a,,,,,,,,0.7,1,2,42,0,0,0,0,0,0,6,1,2,3,0.00,0.00,0.00,0.51,0.7,0.7
2026-09-12T00:30:10+00:00,2026-09-11,daily,4,2026-09-12T12:30:00Z,53,Manzambi,AVL,MID,59,0,-1,0.1,460,1638,1033,15477,d,Knee injury - 50% chance of playing,2026-08-15T15:30:06.388335Z,0,50,,,,0.0,0,0,0,0,0,0,0,0,0,0,0,0,0,0.00,0.00,0.00,0.00,0.0,0.0
2026-09-12T00:30:10+00:00,2026-09-11,daily,4,2026-09-12T12:30:00Z,54,Gomes,AVL,MID,55,0,0,0.0,113,464,357,3532,s,Suspended until 19 Sep,2026-08-23T17:30:08.367415Z,0,0,,,,-0.7,0,-2,39,1,0,0,0,4,0,7,1,4,2,0.00,0.01,0.01,2.58,0.0,0.0
2026-09-12T00:30:10+00:00,2026-09-11,daily,4,2026-09-12T12:30:00Z,55,Watkins,AVL,FWD,78,0,-2,3.1,0,113371,14882,699210,u,Has joined Al Hilal permanently,2026-09-01T13:15:16.698799Z,0,0,,,,0.0,0,0,0,0,0,0,0,0,0,0,0,0,0,0.00,0.00,0.00,0.00,0.0,0.0
2026-09-12T00:30:10+00:00,2026-09-11,daily,4,2026-09-12T12:30:00Z,56,Abraham,AVL,FWD,55,0,0,0.2,3724,2463,9246,7897,a,,2026-08-15T16:00:07.558543Z,100,100,,,,0.7,1,2,24,0,0,0,0,0,0,1,0,1,0,0.00,0.00,0.00,0.37,0.7,0.7
2026-09-12T00:30:10+00:00,2026-09-11,daily,4,2026-09-12T12:30:00Z,160,Garnacho,AVL,MID,59,0,-1,0.4,1370,7614,5948,30270,a,,,,,,,,1.0,1,3,31,0,0,0,0,0,0,2,0,0,2,0.00,0.00,0.00,0.49,1.0,1.0
2026-09-12T00:30:10+00:00,2026-09-11,daily,4,2026-09-12T12:30:00Z,166,N.Jackson,AVL,FWD,65,0,0,1.3,36511,15593,115716,38028,a,,,,,2,,,1.3,2,4,154,2,0,0,1,1,0,5,0,0,5,0.24,0.54,0.78,1.23,1.3,1.3
2026-09-12T00:30:10+00:00,2026-09-11,daily,4,2026-09-12T12:30:00Z,582,Madjo,AVL,FWD,55,0,0,0.3,325,4957,2385,23237,i,Unspecified injury - Unknown return date,2026-08-15T16:00:07.974271Z,0,0,,,,0.0,0,0,0,0,0,0,0,0,0,0,0,0,0,0.00,0.00,0.00,0.00,0.0,0.0
2026-09-12T00:30:10+00:00,2026-09-11,daily,4,2026-09-12T12:30:00Z,596,Ruggeri,AVL,DEF,45,0,0,0.1,233,1052,1825,3877,a,,,,,,,,0.7,1,2,23,0,0,0,0,0,0,3,1,2,2,0.00,0.01,0.01,0.49,0.7,0.7
2026-09-12T00:30:10+00:00,2026-09-11,daily,4,2026-09-12T12:30:00Z,597,Suzuki,AVL,GKP,50,0,0,1.8,68494,15310,105817,33355,a,,,,,,,,4.0,10,12,180,2,0,0,1,1,5,0,3,0,22,0.00,0.00,0.00,1.61,4.0,4.0
2026-09-12T00:30:10+00:00,2026-09-11,daily,4,2026-09-12T12:30:00Z,606,Rowe,AVL,DEF,40,0,0,0.2,2559,1589,10519,3518,a,,,,,,,,0.0,0,0,0,0,0,0,0,0,0,0,0,0,0,0.00,0.00,0.00,0.00,0.0,0.0
2026-09-12T00:30:10+00:00,2026-09-11,daily,4,2026-09-12T12:30:00Z,607,Lynch,AVL,MID,45,0,0,0.1,0,2760,7103,5915,u,Has joined Oxford United on loan until January,2026-09-04T12:35:39.820426Z,0,0,,,,0.0,0,0,0,0,0,0,0,0,0,0,0,0,0,0.00,0.00,0.00,0.00,0.0,0.0
2026-09-12T00:30:10+00:00,2026-09-11,daily,4,2026-09-12T12:30:00Z,611,Wan-Bissaka,AVL,DEF,45,0,0,0.2,3233,1932,11415,3719,a,,,,,,,,1.0,1,2,17,0,0,0,0,0,0,3,1,2,0,0.00,0.00,0.00,0.35,1.0,1.0
2026-09-12T00:30:10+00:00,2026-09-11,daily,4,2026-09-12T12:30:00Z,618,Goretzka,AVL,MID,60,0,0,0.0,884,1882,4545,2730,i,Knee injury - Expected back 10 Oct,2026-09-09T09:30:08.229436Z,,0,,,,0.0,0,0,0,0,0,0,0,0,0,0,0,0,0,0.00,0.00,0.00,0.00,0.0,0.0
2026-09-12T00:30:10+00:00,2026-09-11,daily,4,2026-09-12T12:30:00Z,630,Harwood-Bellis,AVL,DEF,45,0,0,0.0,568,237,1513,427,a,,,,,,,,0.0,0,0,0,0,0,0,0,0,0,0,0,0,0,0.00,0.00,0.00,0.00,1.8,1.8
2026-09-12T00:30:10+00:00,2026-09-11,daily,4,2026-09-12T12:30:00Z,631,Mbaye,AVL,MID,60,0,0,0.1,2517,1341,6573,1971,a,,,,,,,,0.0,0,0,0,0,0,0,0,0,0,0,0,0,0,0.00,0.00,0.00,0.00,2.2,2.2
2026-09-12T00:30:10+00:00,2026-09-11,daily,4,2026-09-12T12:30:00Z,57,Petrović,BOU,GKP,45,0,0,3.3,23176,31009,94536,80014,a,,,,,,,,2.0,1,6,270,3,0,0,0,5,9,0,6,0,21,0.00,0.00,0.00,4.80,2.0,2.0
2026-09-12T00:30:10+00:00,2026-09-11,daily,4,2026-09-12T12:30:00Z,58,Forster,BOU,GKP,40,0,0,3.6,33196,17447,81106,49425,a,,,,,,,,0.0,0,0,0,0,0,0,0,0,0,0,0,0,0,0.00,0.00,0.00,0.00,0.0,0.0
2026-09-12T00:30:10+00:00,2026-09-11,daily,4,2026-09-12T12:30:00Z,59,Dennis,BOU,GKP,40,0,0,0.1,0,1408,1133,5709,u,Has joined MK Dons permanently,2026-08-27T14:53:48.692835Z,0,0,,,,0.0,0,0,0,0,0,0,0,0,0,0,0,0,0,0.00,0.00,0.00,0.00,0.0,0.0
2026-09-12T00:30:10+00:00,2026-09-11,daily,4,2026-09-12T12:30:00Z,60,Hill,BOU,DEF,55,0,0,0.8,6379,8850,22626,27259,a,,,,,,,,2.0,1,6,270,3,0,0,0,5,0,24,20,4,5,0.00,0.76,0.76,4.80,2.0,2.0
2026-09-12T00:30:10+00:00,2026-09-11,daily,4,2026-09-12T12:30:00Z,61,Truffert,BOU,DEF,55,0,0,3.4,9913,39475,42393,107380,a,,,,,,,,1.7,0,5,270,3,0,0,0,5,0,22,15,7,18,0.01,0.13,0.14,4.80,1.7,1.7
2026-09-12T00:30:10+00:00,2026-09-11,daily,4,2026-09-12T12:30:00Z,62,Diakité,BOU,DEF,50,0,0,0.2,1126,2379,5558,8563,a,,,,,,,,0.0,0,0,0,0,0,0,0,0,0,0,0,0,0,0.00,0.00,0.00,0.00,0.0,0.0
2026-09-12T00:30:10+00:00,2026-09-11,daily,4,2026-09-12T12:30:00Z,63,Milosavljević,BOU,DEF,50,0,0,0.0,60,148,222,686,i,Thigh injury - Unknown return date,2026-08-06T10:00:10.456051Z,0,0,,,,0.0,0,0,0,0,0,0,0,0,0,0,0,0,0,0.00,0.00,0.00,0.00,0.0,0.0
2026-09-12T00:30:10+00:00,2026-09-11,daily,4,2026-09-12T12:30:00Z,64,Smith,BOU,DEF,45,0,0,0.1,1227,1485,5702,4594,a,,,,,,,,0.7,0,2,270,3,0,0,0,5,0,15,11,4,9,0.01,0.06,0.07,4.80,0.7,0.7
2026-09-12T00:30:10+00:00,2026-09-11,daily,4,2026-09-12T12:30:00Z,65,J.Araujo,BOU,DEF,44,-1,-1,0.0,88,207,272,1079,i,Thigh injury - Unknown return date,2026-08-09T08:00:05.645826Z,0,0,,,,0.0,0,0,0,0,0,0,0,0,0,0,0,0,0,0.00,0.00,0.00,0.00,0.0,0.0
2026-09-12T00:30:10+00:00,2026-09-11,daily,4,2026-09-12T12:30:00Z,66,Soler,BOU,DEF,40,0,0,0.3,3607,2404,10069,7186,a,,2026-08-15T16:30:07.021055Z,100,100,,,,0.0,0,0,0,0,0,0,0,0,0,0,0,0,0,0.00,0.00,0.00,0.00,0.0,0.0
2026-09-12T00:30:10+00:00,2026-09-11,daily,4,2026-09-12T12:30:00Z,67,Rayan,BOU,MID,64,-1,-1,1.9,6920,35881,42308,118084,a,,,,,,,,2.0,2,6,266,3,0,0,0,4,0,8,3,2,3,0.48,0.06,0.54,4.56,2.0,2.0
2026-09-12T00:30:10+00:00,2026-09-11,daily,4,2026-09-12T12:30:00Z,68,Tavernier,BOU,MID,60,0,0,3.6,144457,42488,259927,104767,a,,,,,3,1,1,7.0,10,21,268,3,2,0,0,5,0,28,3,7,18,1.50,0.34,1.84,4.75,7.0,7.0
2026-09-12T00:30:10+00:00,2026-09-11,daily,4,2026-09-12T12:30:00Z,69,Scott,BOU,MID,61,1,1,5.6,328158,49106,393563,79763,a,,,,,,4,2,8.0,10,24,266,3,1,2,1,4,0,37,9,7,21,0.33,0.30,0.63,4.67,8.0,8.0
2026-09-12T00:30:10+00:00,2026-09-11,daily,4,2026-09-12T12:30:00Z,70,Kluivert,BOU,MID,60,0,0,1.0,7011,17559,34162,50671,a,,,,,2,2,3,2.3,1,7,229,3,0,0,2,1,0,18,1,4,13,0.78,0.06,0.84,4.09,2.3,2.3
2026-09-12T00:30:10+00:00,2026-09-11,daily,4,2026-09-12T12:30:00Z,71,Cook,BOU,MID,50,0,0,0.2,1898,2977,11757,8527,a,,,,,,,,2.3,1,7,157,2,0,0,2,1,0,10,4,1,5,0.00,0.01,0.01,3.84,2.3,2.3
2026-09-12T00:30:10+00:00,2026-09-11,daily,4,2026-09-12T12:30:00Z,72,Gannon-Doak,BOU,MID,49,-1,-1,0.1,356,916,1105,3298,a,,,,,,,,0.7,1,2,2,0,0,0,0,1,0,3,0,1,2,0.02,0.00,0.02,0.24,0.7,0.7
2026-09-12T00:30:10+00:00,2026-09-11,daily,4,2026-09-12T12:30:00Z,73,Adams,BOU,MID,50,0,0,0.3,4937,3150,13557,10696,a,,2026-08-15T16:30:07.029928Z,100,100,,,,2.0,4,6,111,1,0,0,0,4,0,18,4,3,11,0.00,0.01,0.01,0.95,2.0,2.0
2026-09-12T00:30:10+00:00,2026-09-11,daily,4,2026-09-12T12:30:00Z,74,Brooks,BOU,MID,50,0,0,0.1,658,737,2556,2436,a,,2026-08-15T16:30:07.037929Z,100,100,,3,4,0.7,1,2,23,0,0,0,0,2,0,0,0,0,0,0.00,0.01,0.01,0.39,0.7,0.7
2026-09-12T00:30:10+00:00,2026-09-11,daily,4,2026-09-12T12:30:00Z,75,Christie,BOU,MID,50,0,0,0.0,924,483,2522,1195,a,,2026-07-24T17:30:10.035483Z,100,100,,,,0.7,1,2,4,0,0,0,0,1,0,2,0,1,1,0.00,0.00,0.00,0.13,0.7,0.7
2026-09-12T00:30:10+00:00,2026-09-11,daily,4,2026-09-12T12:30:00Z,76,Tóth.A,BOU,MID,50,0,0,0.0,62,178,285,555,a,,,,,,,,0.3,0,1,15,0,0,0,0,2,0,2,0,1,1,0.00,0.00,0.00,0.31,0.3,0.3
2026-09-12T00:30:10+00:00,2026-09-11,daily,4,2026-09-12T12:30:00Z,77,Adli,BOU,MID,49,0,-1,0.0,44,288,234,1891,i,Calf injury - Unknown return date,2026-08-15T16:00:07.590566Z,0,0,,,,0.0,0,0,0,0,0,0,0,0,0,0,0,0,0,0.00,0.00,0.00,0.00,0.0,0.0
2026-09-12T00:30:10+00:00,2026-09-11,daily,4,2026-09-12T12:30:00Z,78,Kroupi.Jr,BOU,MID,74,0,-1,0.2,178,3002,886,24370,i,Foot injury - Expected back 7 Nov,2026-07-29T17:30:09.796802Z,0,0,1,,,0.0,0,0,0,0,0,0,0,0,0,0,0,0,0,0.00,0.00,0.00,0.00,0.0,0.0
2026-09-12T00:30:10+00:00,2026-09-11,daily,4,2026-09-12T12:30:00Z,79,Evanilson,BOU,FWD,60,0,0,3.2,40509,38342,182705,100820,a,,,,,,,,3.7,2,11,244,3,0,2,2,2,0,18,9,1,8,0.71,0.26,0.97,4.32,3.7,3.7
2026-09-12T00:30:10+00:00,2026-09-11,daily,4,2026-09-12T12:30:00Z,80,Enes Ünal,BOU,FWD,55,0,0,0.0,0,204,0,1796,u,Has joined Getafe permanently,2026-08-14T14:14:21.881112Z,0,0,,,,0.0,0,0,0,0,0,0,0,0,0,0,0,0,0,0.00,0.00,0.00,0.00,0.0,0.0
2026-09-12T00:30:10+00:00,2026-09-11,daily,4,2026-09-12T12:30:00Z,81,Rodríguez,BOU,FWD,60,0,0,0.1,1122,1490,3643,4591,a,,2026-08-15T16:30:07.054142Z,100,100,,,,0.3,0,1,9,0,0,0,0,1,0,1,0,0,1,0.00,0.00,0.00,0.16,0.3,0.3
2026-09-12T00:30:10+00:00,2026-09-11,daily,4,2026-09-12T12:30:00Z,566,Silva,BOU,DEF,50,0,0,0.4,4294,4986,21381,13850,a,,,,,,,,2.3,1,7,270,3,0,0,0,5,0,31,28,3,7,0.27,0.04,0.31,4.80,2.3,2.3
2026-09-12T00:30:10+00:00,2026-09-11,daily,4,2026-09-12T12:30:00Z,573,Sanchez,BOU,DEF,45,0,0,0.2,241,1383,1062,5137,a,,,,,,,,0.0,0,0,0,0,0,0,0,0,0,0,0,0,0,0.00,0.00,0.00,0.00,0.0,0.0
2026-09-12T00:30:10+00:00,2026-09-11,daily,4,2026-09-12T12:30:00Z,608,Jebbison,BOU,FWD,50,0,0,0.1,2951,1649,9938,4068,a,,,,,,,,0.7,1,2,16,0,0,0,0,2,0,1,0,0,1,0.10,0.00,0.10,0.36,0.7,0.7
2026-09-12T00:30:10+00:00,2026-09-11,daily,4,2026-09-12T12:30:00Z,615,Di Gregorio,BOU,GKP,45,0,0,0.0,674,464,2319,946,a,,,,,,,,0.0,0,0,0,0,0,0,0,0,0,0,0,0,0,0.00,0.00,0.00,0.00,0.0,0.0
2026-09-12T00:30:10+00:00,2026-09-11,daily,4,2026-09-12T12:30:00Z,82,Kelleher,BRE,GKP,50,0,0,6.6,29614,49025,217751,127894,a,,,,,,,,3.7,2,11,270,3,0,0,1,2,7,0,4,0,15,0.00,0.01,0.01,3.74,3.7,3.7
2026-09-12T00:30:10+00:00,2026-09-11,daily,4,2026-09-12T12:30:00Z,83,Valdimarsson,BRE,GKP,45,0,0,0.1,530,883,2147,3180,a,,,,,,,,0.0,0,0,0,0,0,0,0,0,0,0,0,0,0,0.00,0.00,0.00,0.00,0.0,0.0
2026-09-12T00:30:10+00:00,2026-09-11,daily,4,2026-09-12T12:30:00Z,84,Collins,BRE,DEF,55,0,0,1.5,1221,64780,58485,94737,i,Calf injury - Unknown return date,2026-09-05T18:00:06.182495Z,,0,,,,3.3,1,10,196,3,0,0,1,1,0,17,15,2,11,0.51,0.05,0.56,2.13,3.3,0.0
2026-09-12T00:30:10+00:00,2026-09-11,daily,4,2026-09-12T12:30:00Z,85,Van den Berg,BRE,DEF,49,0,-1,0.1,63,1145,329,7731,i,Groin injury - Unknown return date,2026-08-15T15:30:06.416627Z,0,0,,,,0.0,0,0,0,0,0,0,0,0,0,0,0,0,0,0.00,0.00,0.00,0.00,0.0,0.0
2026-09-12T00:30:10+00:00,2026-09-11,daily,4,2026-09-12T12:30:00Z,86,Lewis-Potter,BRE,MID,55,0,0,2.1,22813,27190,176564,60233,a,,,,,,1,,6.0,2,18,267,3,1,1,1,2,0,27,11,4,12,1.03,0.65,1.68,3.74,6.0,6.0
2026-09-12T00:30:10+00:00,2026-09-11,daily,4,2026-09-12T12:30:00Z,87,Ajer,BRE,DEF,45,0,0,4.6,44110,84920,288541,160752,a,,,,,,,,4.3,2,13,270,3,0,0,1,2,0,32,30,2,7,0.11,0.03,0.14,3.74,4.3,4.3
2026-09-12T00:30:10+00:00,2026-09-11,daily,4,2026-09-12T12:30:00Z,88,Kayode,BRE,DEF,46,0,1,8.8,43655,95165,555971,195935,a,,,,,,,,5.3,1,16,207,3,1,0,1,1,0,13,12,1,11,0.55,0.21,0.76,2.28,5.3,5.3
2026-09-12T00:30:10+00:00,2026-09-11,daily,4,2026-09-12T12:30:00Z,89,Henry,BRE,DEF,45,0,0,0.2,273,1703,1378,6051,a,,,,,,,,0.3,0,1,2,0,0,0,0,0,0,0,0,0,0,0.00,0.00,0.00,0.00,0.3,0.3
2026-09-12T00:30:10+00:00,2026-09-11,daily,4,2026-09-12T12:30:00Z,90,Hickey,BRE,DEF,45,0,0,0.1,273,628,1549,2060,a,,,,,,,,1.0,1,3,61,0,0,0,0,1,0,6,4,2,4,0.00,0.02,0.02,1.46,1.0,1.0
2026-09-12T00:30:10+00:00,2026-09-11,daily,4,2026-09-12T12:30:00Z,92,Ji-soo,BRE,DEF,45,0,0,0.0,93,205,356,687,a,,,,,,,,0.0,0,0,0,0,0,0,0,0,0,0,0,0,0,0.00,0.00,0.00,0.00,0.0,0.0
2026-09-12T00:30:10+00:00,2026-09-11,daily,4,2026-09-12T12:30:00Z,93,Schuster,BRE,DEF,45,0,0,0.1,560,586,868,3264,a,,,,,,,,1.3,4,4,73,0,0,0,0,1,0,10,10,0,0,0.10,0.01,0.11,1.61,1.3,1.3
2026-09-12T00:30:10+00:00,2026-09-11,daily,4,2026-09-12T12:30:00Z,94,Schade,BRE,MID,60,0,0,3.6,23228,71408,188514,144703,a,,,,,2,,,5.0,2,15,267,3,1,0,1,2,0,23,4,5,14,0.77,0.20,0.97,3.74,5.0,5.0
2026-09-12T00:30:10+00:00,2026-09-11,daily,4,2026-09-12T12:30:00Z,95,O.Dango,BRE,MID,64,-1,-1,0.6,1141,18871,13096,59404,a,,,,,,,4,1.7,1,5,140,2,0,0,1,1,0,24,8,2,14,0.07,0.38,0.45,2.18,1.7,1.7
2026-09-12T00:30:10+00:00,2026-09-11,daily,4,2026-09-12T12:30:00Z,96,Damsgaard,BRE,MID,55,0,0,0.5,4707,3961,10958,19172,a,,,,,,3,2,4.0,8,12,167,2,0,1,1,1,0,17,3,3,11,0.03,0.45,0.48,1.86,4.0,4.0
2026-09-12T00:30:10+00:00,2026-09-11,daily,4,2026-09-12T12:30:00Z,97,Jensen,BRE,MID,54,-1,-1,0.1,33,3721,4460,11967,i,Unspecified injury - Expected back 18 Sep,2026-08-30T12:30:08.176795Z,0,0,3,2,1,2.0,0,6,66,1,0,1,1,0,0,5,0,2,3,0.08,0.34,0.42,0.47,0.0,0.0
2026-09-12T00:30:10+00:00,2026-09-11,daily,4,2026-09-12T12:30:00Z,98,Janelt,BRE,MID,50,0,0,2.2,143600,30622,206964,48497,a,,,,,,,3,7.0,11,21,270,3,2,0,1,2,0,35,14,11,10,0.50,0.32,0.82,3.74,7.0,7.0
2026-09-12T00:30:10+00:00,2026-09-11,daily,4,2026-09-12T12:30:00Z,99,Milambo,BRE,MID,50,0,0,0.0,23,30,85,117,i,Knee injury - Unknown return date,2026-07-23T12:01:23.384798Z,0,0,,,,0.0,0,0,0,0,0,0,0,0,0,0,0,0,0,0.00,0.00,0.00,0.00,0.0,0.0
2026-09-12T00:30:10+00:00,2026-09-11,daily,4,2026-09-12T12:30:00Z,100,Carvalho,BRE,MID,50,0,0,0.0,301,298,999,902,a,,2026-08-18T13:58:17.442072Z,100,100,,,,0.0,0,0,0,0,0,0,0,0,0,0,0,0,0,0.00,0.00,0.00,0.00,0.0,0.0
2026-09-12T00:30:10+00:00,2026-09-11,daily,4,2026-09-12T12:30:00Z,102,Yarmoliuk,BRE,MID,49,0,-1,0.8,649,13737,2470,46222,a,,,,,,,,0.7,0,2,89,0,0,0,0,2,0,11,2,3,6,0.07,0.03,0.10,2.78,0.7,0.7
2026-09-12T00:30:10+00:00,2026-09-11,daily,4,2026-09-12T12:30:00Z,103,Dasilva,BRE,MID,49,-1,-1,0.0,33,568,377,1470,i,Hamstring injury - Expected back 10 Oct,2026-09-04T13:30:08.371955Z,0,0,,,,0.0,0,0,0,0,0,0,0,0,0,0,0,0,0,0.00,0.00,0.00,0.00,0.0,0.0
2026-09-12T00:30:10+00:00,2026-09-11,daily,4,2026-09-12T12:30:00Z,105,Anthony,BRE,MID,60,0,0,0.1,629,2184,4231,7926,a,,,,,,,,1.3,1,4,128,1,0,0,1,1,0,13,0,2,11,0.19,0.42,0.61,1.55,1.3,1.3
2026-09-12T00:30:10+00:00,2026-09-11,daily,4,2026-09-12T12:30:00Z,106,Thiago,BRE,FWD,79,-1,-1,11.0,19973,268053,183803,722008,a,,,,,1,,,1.3,2,4,262,3,0,0,1,2,0,15,4,2,9,2.30,0.10,2.40,3.67,1.3,1.3
2026-09-12T00:30:10+00:00,2026-09-11,daily,4,2026-09-12T12:30:00Z,107,Furo,BRE,FWD,45,0,0,1.1,16709,12525,52180,34753,a,,,,,,,,0.0,0,0,0,0,0,0,0,0,0,0,0,0,0,0.00,0.00,0.00,0.00,0.0,0.0
2026-09-12T00:30:10+00:00,2026-09-11,daily,4,2026-09-12T12:30:00Z,108,Wilson,BRE,FWD,55,0,0,0.3,2462,5172,12373,17264,a,,,,,,,,1.0,1,3,13,0,0,0,0,0,0,2,1,0,1,0.07,0.04,0.11,0.15,1.0,1.0
2026-09-12T00:30:10+00:00,2026-09-11,daily,4,2026-09-12T12:30:00Z,565,M.Sangaré,BRE,MID,57,0,2,13.1,95597,264193,1178827,417605,a,,,,,,,,6.0,0,18,210,3,0,2,1,1,0,32,10,7,15,0.41,0.37,0.78,2.28,6.0,6.0
2026-09-12T00:30:10+00:00,2026-09-11,daily,4,2026-09-12T12:30:00Z,620,Diouf,BRE,DEF,45,0,0,0.1,1642,1748,11784,4767,a,,,,,,,,0.0,0,0,0,0,0,0,0,0,0,0,0,0,0,0.00,0.00,0.00,0.00,0.0,0.0
2026-09-12T00:30:10+00:00,2026-09-11,daily,4,2026-09-12T12:30:00Z,109,Verbruggen,BHA,GKP,45,0,0,22.3,202602,159707,558306,362085,a,,,,,,,,3.0,3,9,270,3,0,0,1,5,4,0,0,0,23,0.00,0.20,0.20,5.71,3.0,3.0
2026-09-12T00:30:10+00:00,2026-09-11,daily,4,2026-09-12T12:30:00Z,111,Steele,BHA,GKP,40,0,0,4.3,40482,28443,113289,76746,a,,,,,,,,0.0,0,0,0,0,0,0,0,0,0,0,0,0,0,0.00,0.00,0.00,0.00,0.0,0.0
2026-09-12T00:30:10+00:00,2026-09-11,daily,4,2026-09-12T12:30:00Z,113,F.Kadıoğlu,BHA,DEF,44,0,-1,1.8,5388,20907,20692,104944,a,,2026-08-23T13:00:07.595211Z,100,100,,,3,0.7,2,2,167,2,0,0,0,5,0,5,4,1,4,0.08,0.02,0.10,5.33,0.7,0.7
2026-09-12T00:30:10+00:00,2026-09-11,daily,4,2026-09-12T12:30:00Z,114,Boscagli,BHA,DEF,45,0,0,0.3,1957,2444,12353,7998,a,,,,,,,,2.3,2,7,270,3,0,0,1,5,0,13,12,1,10,0.05,0.48,0.53,5.71,2.3,2.3
2026-09-12T00:30:10+00:00,2026-09-11,daily,4,2026-09-12T12:30:00Z,115,De Cuyper,BHA,DEF,48,1,3,21.9,505107,106280,1871946,237248,a,,,,,,4,2,7.0,4,21,243,3,1,2,1,5,0,8,4,4,10,1.50,0.40,1.90,5.62,7.0,7.0
2026-09-12T00:30:10+00:00,2026-09-11,daily,4,2026-09-12T12:30:00Z,116,Dunk,BHA,DEF,45,0,0,1.4,15865,8467,49534,27535,a,,,,,,3,,3.3,5,10,270,3,0,0,1,5,0,17,15,2,11,0.00,0.06,0.06,5.71,3.3,3.3
2026-09-12T00:30:10+00:00,2026-09-11,daily,4,2026-09-12T12:30:00Z,117,Coppola,BHA,DEF,45,0,0,0.0,153,206,605,726,a,,,,,,,,0.0,0,0,0,0,0,0,0,0,0,0,0,0,0,0.00,0.00,0.00,0.00,0.0,0.0
2026-09-12T00:30:10+00:00,2026-09-11,daily,4,2026-09-12T12:30:00Z,118,Igor,BHA,DEF,45,0,0,0.0,0,1825,915,4595,u,Has joined Burnley permanently,2026-09-02T15:38:15.529699Z,0,0,,,,0.0,0,0,0,0,0,0,0,0,0,0,0,0,0,0.00,0.00,0.00,0.00,0.0,0.0
2026-09-12T00:30:10+00:00,2026-09-11,daily,4,2026-09-12T12:30:00Z,119,Costinha,BHA,DEF,45,0,0,0.0,174,272,859,970,a,,,,,,,,0.7,1,2,48,0,0,0,0,0,0,5,4,1,0,0.12,0.16,0.28,0.24,0.7,0.7
2026-09-12T00:30:10+00:00,2026-09-11,daily,4,2026-09-12T12:30:00Z,120,Svoboda,BHA,DEF,50,0,0,0.1,768,814,2399,2485,a,,,,,,,,0.0,0,0,0,0,0,0,0,0,0,0,0,0,0,0.00,0.00,0.00,0.00,0.0,0.0
2026-09-12T00:30:10+00:00,2026-09-11,daily,4,2026-09-12T12:30:00Z,121,Mitoma,BHA,MID,59,-1,-1,0.0,71,425,360,2613,i,Hamstring injury - Expected back 10 Oct,2026-07-24T18:30:10.661894Z,0,0,,,,0.0,0,0,0,0,0,0,0,0,0,0,0,0,0,0.00,0.00,0.00,0.00,0.0,0.0
2026-09-12T00:30:10+00:00,2026-09-11,daily,4,2026-09-12T12:30:00Z,122,Minteh,BHA,MID,59,0,-1,0.0,31,672,258,6119,i,Leg injury - Expected back 28 Nov,2026-08-14T18:00:06.418033Z,0,0,,,5,0.0,0,0,0,0,0,0,0,0,0,0,0,0,0,0.00,0.00,0.00,0.00,0.0,0.0
2026-09-12T00:30:10+00:00,2026-09-11,daily,4,2026-09-12T12:30:00Z,123,Hinshelwood,BHA,MID,60,0,0,0.9,1015,37682,147466,174462,i,Ankle injury - Expected back 10 Oct,2026-08-27T19:30:07.780933Z,50,0,,,,5.3,0,16,63,1,2,0,1,0,0,3,0,2,1,1.41,0.02,1.43,0.19,2.6,0.0
2026-09-12T00:30:10+00:00,2026-09-11,daily,4,2026-09-12T12:30:00Z,124,Groß,BHA,MID,56,1,1,16.3,237926,165696,710420,378773,a,,,,,1,1,1,5.3,1,16,270,3,1,1,1,5,0,15,4,4,7,0.84,0.42,1.26,5.71,5.3,5.3
2026-09-12T00:30:10+00:00,2026-09-11,daily,4,2026-09-12T12:30:00Z,125,Georginio,BHA,FWD,54,-1,-1,0.6,956,15890,29389,57373,d,Unspecified injury - 75% chance of playing,2026-08-26T16:00:07.608056Z,75,75,,,,1.7,0,5,90,1,0,1,1,0,0,7,1,2,4,0.08,0.44,0.52,0.29,1.3,1.3
2026-09-12T00:30:10+00:00,2026-09-11,daily,4,2026-09-12T12:30:00Z,126,O'Riley,BHA,MID,55,0,0,0.1,818,1260,2514,4561,a,,,,,3,,,0.0,0,0,0,0,0,0,0,0,0,0,0,0,0,0.00,0.00,0.00,0.00,0.0,0.0
2026-09-12T00:30:10+00:00,2026-09-11,daily,4,2026-09-12T12:30:00Z,127,Gomez,BHA,MID,50,0,0,4.9,86056,83558,287509,160542,a,,,,,,5,,4.3,2,13,265,3,0,2,1,5,0,20,5,8,7,0.65,0.70,1.35,5.71,4.3,4.3
2026-09-12T00:30:10+00:00,2026-09-11,daily,4,2026-09-12T12:30:00Z,128,Buonanotte,BHA,MID,50,0,0,0.0,0,36,0,303,u,Has joined Elche on loan for the rest of the season,2026-08-10T14:03:07.561436Z,0,0,,,,0.0,0,0,0,0,0,0,0,0,0,0,0,0,0,0.00,0.00,0.00,0.00,0.0,0.0
2026-09-12T00:30:10+00:00,2026-09-11,daily,4,2026-09-12T12:30:00Z,129,Ayari,BHA,MID,54,0,-1,0.4,1673,5184,6450,34130,a,,2026-08-30T18:00:07.935334Z,75,100,,2,4,1.3,2,4,153,2,0,0,1,1,0,7,2,0,5,0.28,0.07,0.35,2.68,1.0,1.3
2026-09-12T00:30:10+00:00,2026-09-11,daily,4,2026-09-12T12:30:00Z,130,Wieffer,BHA,DEF,50,0,0,0.3,61,16766,25851,32658,i,Knee injury - Unknown return date,2026-09-04T09:30:08.612904Z,0,0,,,,2.3,0,7,156,2,0,0,1,4,0,15,11,4,9,0.12,0.13,0.25,3.18,0.0,0.0
2026-09-12T00:30:10+00:00,2026-09-11,daily,4,2026-09-12T12:30:00Z,132,Howell,BHA,MID,45,0,0,0.0,0,515,0,3023,u,Has joined Leicester City on loan for the rest of the season,2026-08-17T13:53:19.019938Z,0,0,,,,0.0,0,0,0,0,0,0,0,0,0,0,0,0,0,0.00,0.00,0.00,0.00,0.0,0.0
2026-09-12T00:30:10+00:00,2026-09-11,daily,4,2026-09-12T12:30:00Z,133,Watson,BHA,MID,50,0,0,0.0,0,19,0,121,u,Has joined Leicester City on loan for the rest of the season,2026-08-03T14:05:44.459483Z,0,0,,,,0.0,0,0,0,0,0,0,0,0,0,0,0,0,0,0.00,0.00,0.00,0.00,0.0,0.0
2026-09-12T00:30:10+00:00,2026-09-11,daily,4,2026-09-12T12:30:00Z,134,Oriola,BHA,MID,45,0,0,0.3,2000,2822,7320,9361,a,,,,,,,,0.0,0,0,0,0,0,0,0,0,0,0,0,0,0,0.00,0.00,0.00,0.00,0.0,0.0
2026-09-12T00:30:10+00:00,2026-09-11,daily,4,2026-09-12T12:30:00Z,135,Yohanna,BHA,MID,49,-1,-1,0.1,313,1152,1203,3610,i,Unspecified injury - Expected back 10 Oct,2026-09-10T13:00:08.617941Z,,0,,,,0.3,0,1,12,0,0,0,0,0,0,0,0,0,0,0.00,0.03,0.03,0.00,0.3,0.0
2026-09-12T00:30:10+00:00,2026-09-11,daily,4,2026-09-12T12:30:00Z,137,Tzimas,BHA,FWD,55,0,0,0.0,64,127,228,589,i,Knee injury - Unknown return date,2026-07-23T12:01:23.432796Z,0,0,,,,0.0,0,0,0,0,0,0,0,0,0,0,0,0,0,0.00,0.00,0.00,0.00,0.0,0.0
2026-09-12T00:30:10+00:00,2026-09-11,daily,4,2026-09-12T12:30:00Z,138,Kostoulas,BHA,FWD,55,0,0,0.5,13362,7202,44479,15471,a,,,,,,,,2.7,2,8,195,2,0,1,0,5,0,16,3,2,11,0.78,0.04,0.82,5.48,2.7,2.7
2026-09-12T00:30:10+00:00,2026-09-11,daily,4,2026-09-12T12:30:00Z,139,Ferguson,BHA,FWD,50,0,0,0.0,323,466,1186,1807,i,Ankle injury - Expected back 10 Oct,2026-07-23T12:01:23.448357Z,0,0,,,,0.0,0,0,0,0,0,0,0,0,0,0,0,0,0,0.00,0.00,0.00,0.00,0.0,0.0
2026-09-12T00:30:10+00:00,2026-09-11,daily,4,2026-09-12T12:30:00Z,328,Struijk,BHA,DEF,50,0,0,0.2,1246,2090,4210,8320,a,,2026-08-15T20:30:07.523574Z,100,100,,,,0.3,1,1,1,0,0,0,0,0,0,0,0,0,0,0.00,0.00,0.00,0.00,0.3,0.3
2026-09-12T00:30:10+00:00,2026-09-11,daily,4,2026-09-12T12:30:00Z,504,Vuskovic,BHA,DEF,50,0,0,3.3,108533,36133,152562,81058,a,,,,,,,,6.0,12,18,270,3,1,0,1,5,0,22,19,3,9,0.35,0.06,0.41,5.71,6.0,6.0
2026-09-12T00:30:10+00:00,2026-09-11,daily,4,2026-09-12T12:30:00Z,594,David,BHA,FWD,60,0,0,0.2,2499,4523,9462,14386,a,,,,,2,,,0.3,0,1,23,0,0,0,0,0,0,0,0,0,0,0.42,0.00,0.42,0.14,0.3,0.3
2026-09-12T00:30:10+00:00,2026-09-11,daily,4,2026-09-12T12:30:00Z,600,Osman,BHA,MID,50,0,0,0.0,125,255,655,680,a,,,,,,,,0.7,0,2,28,0,0,0,0,1,0,3,0,1,2,0.00,0.06,0.06,0.10,0.7,0.7
2026-09-12T00:30:10+00:00,2026-09-11,daily,4,2026-09-12T12:30:00Z,605,Yalcouyé,BHA,MID,45,0,0,3.3,155479,49790,368231,84375,a,,,,,,,,3.7,2,11,167,2,1,0,0,4,0,12,4,3,5,0.75,0.26,1.01,5.32,3.7,3.7
2026-09-12T00:30:10+00:00,2026-09-11,daily,4,2026-09-12T12:30:00Z,614,Hadjam,BHA,DEF,45,0,0,0.0,384,514,3185,1053,a,,,,,,,,0.0,0,0,0,0,0,0,0,0,0,0,0,0,0,0.00,0.00,0.00,0.00,0.0,0.0
2026-09-12T00:30:10+00:00,2026-09-11,daily,4,2026-09-12T12:30:00Z,624,Cozier-Duberry,BHA,MID,50,0,0,0.0,0,39,117,95,u,Has joined Middlesbrough on loan for the rest of the season,2026-09-02T15:38:15.552951Z,0,0,,,,0.0,0,0,0,0,0,0,0,0,0,0,0,0,0,0.00,0.00,0.00,0.00,0.0,0.0
2026-09-12T00:30:10+00:00,2026-09-11,daily,4,2026-09-12T12:30:00Z,639,Andrés,BHA,MID,55,0,0,0.0,460,173,721,215,a,,,,,,,,0.0,0,0,0,0,0,0,0,0,0,0,0,0,0,0.00,0.00,0.00,0.00,2.0,2.0
2026-09-12T00:30:10+00:00,2026-09-11,daily,4,2026-09-12T12:30:00Z,652,Azeez,BHA,MID,55,0,0,0.0,106,54,354,88,d,Hamstring injury - 75% chance of playing,2026-09-04T11:30:08.661589Z,0,75,,,,0.0,0,0,0,0,0,0,0,0,0,0,0,0,0,0.00,0.00,0.00,0.00,0.0,1.5
2026-09-12T00:30:10+00:00,2026-09-11,daily,4,2026-09-12T12:30:00Z,28,Martinez,CHE,GKP,50,0,0,5.1,100097,43957,197861,164134,a,,,,,,,,1.7,3,5,180,2,0,0,0,5,12,0,1,0,21,0.00,0.01,0.01,3.46,1.7,1.7
2026-09-12T00:30:10+00:00,2026-09-11,daily,4,2026-09-12T12:30:00Z,40,Rogers,CHE,MID,76,1,1,33.0,899230,109721,1362631,503454,a,,,,,,,3,6.3,6,19,257,3,2,1,0,7,0,17,1,3,13,1.18,1.14,2.32,4.70,6.3,6.3
2026-09-12T00:30:10+00:00,2026-09-11,daily,4,2026-09-12T12:30:00Z,101,Henderson,CHE,MID,49,-1,-1,0.0,138,508,561,1965,i,Wrist injury - Unknown return date,2026-08-09T09:30:07.136250Z,75,0,,,,0.0,0,0,0,0,0,0,0,0,0,0,0,0,0,0.00,0.00,0.00,0.00,0.0,0.0
2026-09-12T00:30:10+00:00,2026-09-11,daily,4,2026-09-12T12:30:00Z,136,Welbeck,CHE,FWD,59,0,-1,0.8,6772,11579,17781,58380,a,,2026-08-20T14:00:07.949090Z,100,100,,,,0.3,1,1,3,0,0,0,0,0,0,0,0,0,0,0.00,0.00,0.00,0.00,0.3,0.3
2026-09-12T00:30:10+00:00,2026-09-11,daily,4,2026-09-12T12:30:00Z,140,Sánchez,CHE,GKP,49,0,-1,0.9,0,38726,10847,150279,u,Has joined Como on loan for the rest of the season,2026-09-02T16:20:41.841936Z,0,0,,,,0.7,0,2,90,1,0,0,0,2,4,0,1,0,5,0.00,0.01,0.01,1.33,0.0,0.0
2026-09-12T00:30:10+00:00,2026-09-11,daily,4,2026-09-12T12:30:00Z,141,Jörgensen,CHE,GKP,50,0,0,0.0,0,90,0,861,u,Has joined RC Strasbourg on loan for the rest of the season,2026-08-12T14:07:02.607115Z,0,0,,,,0.0,0,0,0,0,0,0,0,0,0,0,0,0,0,0.00,0.00,0.00,0.00,0.0,0.0
2026-09-12T00:30:10+00:00,2026-09-11,daily,4,2026-09-12T12:30:00Z,142,James,CHE,DEF,54,-1,-1,7.7,46910,77821,136474,370301,a,,,,,,1,1,0.7,1,2,202,2,0,0,0,5,0,9,9,0,11,0.17,0.12,0.29,3.52,0.7,0.7
2026-09-12T00:30:10+00:00,2026-09-11,daily,4,2026-09-12T12:30:00Z,143,Chalobah,CHE,DEF,55,0,0,0.1,0,1229,0,12816,u,Has joined Como permanently,2026-08-10T14:03:50.769483Z,0,0,,,,0.0,0,0,0,0,0,0,0,0,0,0,0,0,0,0.00,0.00,0.00,0.00,0.0,0.0
2026-09-12T00:30:10+00:00,2026-09-11,daily,4,2026-09-12T12:30:00Z,144,Gusto,CHE,DEF,50,0,0,1.1,6431,12278,29682,44746,a,,,,,,,,1.0,1,3,195,2,0,0,0,5,0,10,6,4,9,0.04,0.05,0.09,2.66,1.0,1.0
2026-09-12T00:30:10+00:00,2026-09-11,daily,4,2026-09-12T12:30:00Z,145,Fofana,CHE,DEF,50,0,0,0.2,7259,1724,10651,3213,a,,2026-07-23T12:01:23.464591Z,100,100,,,,1.0,3,3,157,2,0,0,0,4,0,26,23,3,3,0.00,0.05,0.05,3.31,1.0,1.0
2026-09-12T00:30:10+00:00,2026-09-11,daily,4,2026-09-12T12:30:00Z,146,B.Badiashile,CHE,DEF,45,0,0,0.0,0,225,232,1744,u,Has joined Napoli on loan for the rest of the season,2026-08-25T14:03:47.079414Z,0,0,,,,0.0,0,0,0,0,0,0,0,0,0,0,0,0,0,0.00,0.00,0.00,0.00,0.0,0.0
2026-09-12T00:30:10+00:00,2026-09-11,daily,4,2026-09-12T12:30:00Z,148,Hato,CHE,DEF,45,0,0,1.0,45506,13266,72380,28177,a,,,,,,,,2.7,3,8,213,3,0,2,0,7,0,15,9,6,7,0.01,0.11,0.12,4.37,2.7,2.7
2026-09-12T00:30:10+00:00,2026-09-11,daily,4,2026-09-12T12:30:00Z,149,Colwill,CHE,DEF,49,-1,-1,1.1,4370,19234,22661,70611,a,,,,,,,,0.3,0,1,161,2,0,0,0,4,0,13,10,3,5,0.01,0.03,0.04,2.64,0.3,0.3
2026-09-12T00:30:10+00:00,2026-09-11,daily,4,2026-09-12T12:30:00Z,150,M.Sarr,CHE,DEF,45,0,0,0.0,0,944,429,5242,u,Has joined Real Sociedad on loan for the rest of the season,2026-08-29T00:34:23.077418Z,0,0,,,,0.0,0,0,0,0,0,0,0,0,0,0,0,0,0,0.00,0.00,0.00,0.00,0.0,0.0
2026-09-12T00:30:10+00:00,2026-09-11,daily,4,2026-09-12T12:30:00Z,151,Acheampong,CHE,DEF,45,0,0,0.4,5065,3919,17922,13834,a,,,,,,,,1.7,1,5,202,2,0,0,0,5,0,19,13,6,7,0.00,0.02,0.02,3.52,1.7,1.7
2026-09-12T00:30:10+00:00,2026-09-11,daily,4,2026-09-12T12:30:00Z,152,Palestra,CHE,DEF,54,0,-1,0.9,406,34725,6187,184665,i,Unspecified injury - Expected back 18 Sep,2026-08-24T18:30:07.421239Z,75,0,,,,0.0,0,0,0,0,0,0,0,0,0,0,0,0,0,0.00,0.00,0.00,0.00,0.0,0.0
2026-09-12T00:30:10+00:00,2026-09-11,daily,4,2026-09-12T12:30:00Z,154,Palmer,CHE,MID,97,1,2,26.3,727001,93423,1491775,318183,a,,2026-08-24T22:00:07.971542Z,100,100,1,2,,7.0,1,21,262,3,2,1,0,7,0,20,2,4,14,1.05,0.36,1.41,4.70,7.0,7.0
2026-09-12T00:30:10+00:00,2026-09-11,daily,4,2026-09-12T12:30:00Z,156,Neto,CHE,MID,65,0,0,1.4,25919,14118,53432,57059,a,,,,,,3,2,3.3,2,10,161,2,1,0,0,4,0,15,5,2,8,0.47,0.43,0.90,3.53,3.3,3.3
2026-09-12T00:30:10+00:00,2026-09-11,daily,4,2026-09-12T12:30:00Z,157,Estêvão,CHE,MID,64,0,-1,0.8,3486,12258,12536,70794,a,,,,,2,,4,0.7,1,2,16,0,0,0,0,0,0,1,0,0,1,0.04,0.00,0.04,0.09,0.7,0.7
2026-09-12T00:30:10+00:00,2026-09-11,daily,4,2026-09-12T12:30:00Z,158,Gittens,CHE,MID,59,0,-1,0.0,232,422,763,2170,a,,,,,,,,0.0,0,0,0,0,0,0,0,0,0,0,0,0,0,0.00,0.00,0.00,0.00,0.0,0.0
2026-09-12T00:30:10+00:00,2026-09-11,daily,4,2026-09-12T12:30:00Z,159,Caicedo,CHE,MID,54,0,-1,1.5,1312,41696,14024,232170,i,Calf injury - Expected back 18 Sep,2026-08-30T16:00:08.393562Z,75,0,,,,0.3,0,1,13,0,0,0,0,0,0,0,0,0,0,0.00,0.00,0.00,0.07,0.2,0.0
2026-09-12T00:30:10+00:00,2026-09-11,daily,4,2026-09-12T12:30:00Z,161,Lavia,CHE,MID,50,0,0,0.2,6577,3529,21474,8206,a,,,,,,,,3.0,1,9,190,3,1,0,0,6,0,22,7,5,10,0.75,0.04,0.79,4.22,3.0,3.0
2026-09-12T00:30:10+00:00,2026-09-11,daily,4,2026-09-12T12:30:00Z,163,D.Essugo,CHE,MID,45,0,0,0.1,0,3723,2698,11203,u,Has joined RC Strasbourg on loan for the rest of the season,2026-09-02T16:20:41.865225Z,0,0,,,,0.0,0,0,0,0,0,0,0,0,0,0,0,0,0,0.00,0.00,0.00,0.00,0.0,0.0
2026-09-12T00:30:10+00:00,2026-09-11,daily,4,2026-09-12T12:30:00Z,164,Quenda,CHE,MID,54,0,-1,0.0,141,567,664,2583,a,,2026-07-24T20:30:10.609931Z,100,100,,,,0.3,0,1,8,0,0,0,0,0,0,1,1,0,0,0.00,0.00,0.00,0.09,0.3,0.3
2026-09-12T00:30:10+00:00,2026-09-11,daily,4,2026-09-12T12:30:00Z,165,João Pedro,CHE,FWD,77,0,2,73.4,327868,94166,1179584,313102,a,,,,,,,,7.0,1,21,270,3,2,2,0,7,0,7,1,1,5,1.88,0.15,2.03,4.79,7.0,7.0
2026-09-12T00:30:10+00:00,2026-09-11,daily,4,2026-09-12T12:30:00Z,168,Marc Guiu,CHE,FWD,50,0,0,0.2,0,7755,4102,26688,u,Has joined RB Leipzig permanently,2026-09-01T13:24:48.857362Z,0,0,,,,0.0,0,0,0,0,0,0,0,0,0,0,0,0,0,0.00,0.00,0.00,0.00,0.0,0.0
2026-09-12T00:30:10+00:00,2026-09-11,daily,4,2026-09-12T12:30:00Z,169,Mheuka,CHE,FWD,45,0,0,0.4,6319,5044,17687,15211,a,,,,,,,,0.0,0,0,0,0,0,0,0,0,0,0,0,0,0,0.00,0.00,0.00,0.00,0.0,0.0
2026-09-12T00:30:10+00:00,2026-09-11,daily,4,2026-09-12T12:30:00Z,170,Emegha,CHE,FWD,50,0,0,0.1,1707,2693,5866,8275,i,Hamstring injury - Expected back 18 Sep,2026-09-09T15:00:09.063849Z,100,0,,,,0.0,0,0,0,0,0,0,0,0,0,0,0,0,0,0.00,0.00,0.00,0.00,0.0,0.0
2026-09-12T00:30:10+00:00,2026-09-11,daily,4,2026-09-12T12:30:00Z,200,Lacroix,CHE,DEF,60,0,0,8.1,49255,68605,145656,263622,a,,,,,,,,3.0,2,9,270,3,0,1,0,7,0,32,24,8,5,0.02,0.21,0.23,4.79,3.0,3.0
2026-09-12T00:30:10+00:00,2026-09-11,daily,4,2026-09-12T12:30:00Z,560,Penders,CHE,GKP,44,-1,-1,0.1,246,679,1004,2576,a,,,,,,,,0.0,0,0,0,0,0,0,0,0,0,0,0,0,0,0.00,0.00,0.00,0.00,0.0,0.0
2026-09-12T00:30:10+00:00,2026-09-11,daily,4,2026-09-12T12:30:00Z,561,Anselmino,CHE,DEF,45,0,0,0.0,197,191,544,911,a,,2026-08-23T19:00:08.536705Z,100,100,,,,0.0,0,0,0,0,0,0,0,0,0,0,0,0,0,0.00,0.00,0.00,0.00,0.0,0.0
2026-09-12T00:30:10+00:00,2026-09-11,daily,4,2026-09-12T12:30:00Z,568,Barco,CHE,MID,55,0,0,0.1,750,1273,2333,5007,a,,,,,,,,0.3,0,1,8,0,0,0,0,1,0,1,1,0,0,0.04,0.00,0.04,0.07,0.3,0.3
2026-09-12T00:30:10+00:00,2026-09-11,daily,4,2026-09-12T12:30:00Z,583,Chavarria,CHE,DEF,49,-1,-1,0.2,566,1897,2311,8532,a,,,,,,,,1.0,1,3,73,0,0,0,0,1,0,6,4,2,3,0.00,0.02,0.02,0.51,1.0,1.0
2026-09-12T00:30:10+00:00,2026-09-11,daily,4,2026-09-12T12:30:00Z,91,Pinnock,COV,DEF,45,0,0,0.1,567,649,1646,2936,a,,,,,,,,1.3,3,4,102,1,0,0,0,2,0,15,14,1,2,0.11,0.00,0.11,2.66,1.3,1.3
2026-09-12T00:30:10+00:00,2026-09-11,daily,4,2026-09-12T12:30:00Z,104,Onyeka,COV,MID,49,-1,-1,0.1,535,1423,3370,7228,a,,,,,,,,1.3,2,4,152,2,0,0,0,4,0,12,3,2,7,0.00,0.01,0.01,3.05,1.3,1.3
2026-09-12T00:30:10+00:00,2026-09-11,daily,4,2026-09-12T12:30:00Z,110,Rushworth,COV,GKP,45,0,0,0.9,4287,13904,19156,37529,a,,,,,,,,1.7,2,5,270,3,0,0,0,5,5,0,3,0,29,0.00,0.01,0.01,4.72,1.7,1.7
2026-09-12T00:30:10+00:00,2026-09-11,daily,4,2026-09-12T12:30:00Z,171,Dovin,COV,GKP,40,0,0,1.2,0,15684,8924,40390,u,Has joined Leyton Orient on loan for the rest of the season,2026-09-02T15:44:14.839336Z,0,0,,,,0.0,0,0,0,0,0,0,0,0,0,0,0,0,0,0.00,0.00,0.00,0.00,0.0,0.0
2026-09-12T00:30:10+00:00,2026-09-11,daily,4,2026-09-12T12:30:00Z,172,Wilson,COV,GKP,45,0,0,0.4,214,1938,706,9585,a,,,,,,,,0.0,0,0,0,0,0,0,0,0,0,0,0,0,0,0.00,0.00,0.00,0.00,0.0,0.0
2026-09-12T00:30:10+00:00,2026-09-11,daily,4,2026-09-12T12:30:00Z,173,Thomas,COV,DEF,40,0,0,9.1,121129,70234,273348,163791,a,,,,,,,,5.0,4,15,257,3,0,0,1,4,0,31,29,2,11,0.24,0.19,0.43,4.18,5.0,5.0
2026-09-12T00:30:10+00:00,2026-09-11,daily,4,2026-09-12T12:30:00Z,174,Kitching,COV,DEF,40,0,0,0.4,0,9153,981,24376,u,Has joined Sheffield United on loan for the rest of the season,2026-09-02T16:21:03.612394Z,0,0,,,,0.0,0,0,0,0,0,0,0,0,0,0,0,0,0,0.00,0.00,0.00,0.00,0.0,0.0
2026-09-12T00:30:10+00:00,2026-09-11,daily,4,2026-09-12T12:30:00Z,175,van Ewijk,COV,DEF,40,0,0,10.7,27144,116862,103307,288687,a,,,,,,,,2.0,3,6,270,3,0,0,0,5,0,20,15,5,10,0.00,0.26,0.26,4.72,2.0,2.0
2026-09-12T00:30:10+00:00,2026-09-11,daily,4,2026-09-12T12:30:00Z,176,Dasilva,COV,DEF,40,0,0,0.7,2023,3943,7911,15183,a,,,,,,,,1.7,2,5,264,3,0,0,0,5,0,16,12,4,7,0.18,0.15,0.33,4.72,1.7,1.7
2026-09-12T00:30:10+00:00,2026-09-11,daily,4,2026-09-12T12:30:00Z,177,Kesler-Hayden,COV,DEF,40,0,0,0.0,93,580,392,2592,i,Hamstring injury - Unknown return date,2026-08-27T14:56:28.704361Z,0,0,,,,0.0,0,0,0,0,0,0,0,0,0,0,0,0,0,0.00,0.00,0.00,0.00,0.0,0.0
2026-09-12T00:30:10+00:00,2026-09-11,daily,4,2026-09-12T12:30:00Z,178,Bidwell,COV,DEF,40,0,0,0.1,570,681,1739,2403,a,,,,,,,,0.0,0,0,0,0,0,0,0,0,0,0,0,0,0,0.00,0.00,0.00,0.00,0.0,0.0
2026-09-12T00:30:10+00:00,2026-09-11,daily,4,2026-09-12T12:30:00Z,179,Latibeaudiere,COV,DEF,40,0,0,0.0,235,311,714,1211,a,,,,,,,,0.0,0,0,0,0,0,0,0,0,0,0,0,0,0,0.00,0.00,0.00,0.00,0.0,0.0
2026-09-12T00:30:10+00:00,2026-09-11,daily,4,2026-09-12T12:30:00Z,180,Woolfenden,COV,DEF,40,0,0,0.1,315,1615,1920,7024,i,Knee injury - Unknown return date,2026-08-27T14:56:28.718566Z,0,0,,,,0.0,0,0,0,0,0,0,0,0,0,0,0,0,0,0.00,0.00,0.00,0.00,0.0,0.0
2026-09-12T00:30:10+00:00,2026-09-11,daily,4,2026-09-12T12:30:00Z,181,Brau,COV,DEF,40,0,0,0.0,0,404,275,1717,u,Has joined Academico de Viseu on loan for the rest of the season,2026-08-29T00:35:59.980316Z,0,0,,,,0.0,0,0,0,0,0,0,0,0,0,0,0,0,0,0.00,0.00,0.00,0.00,0.0,0.0
2026-09-12T00:30:10+00:00,2026-09-11,daily,4,2026-09-12T12:30:00Z,182,Amenda,COV,DEF,40,0,0,0.8,2983,4760,9435,17348,a,,,,,,,,1.3,2,4,270,3,0,0,0,5,0,16,15,1,11,0.02,0.39,0.41,4.72,1.3,1.3
2026-09-12T00:30:10+00:00,2026-09-11,daily,4,2026-09-12T12:30:00Z,183,Rudoni,COV,MID,50,0,0,0.1,792,1483,2748,5351,a,,2026-07-23T12:01:23.481435Z,100,100,,1,5,2.0,2,6,152,2,0,0,1,1,0,16,3,3,10,0.50,0.18,0.68,1.48,2.0,2.0
2026-09-12T00:30:10+00:00,2026-09-11,daily,4,2026-09-12T12:30:00Z,184,Grimes,COV,MID,50,0,0,0.1,439,2162,3210,7702,a,,,,,3,,1,2.0,2,6,270,3,0,0,0,5,0,25,8,5,12,0.05,0.05,0.10,4.72,2.0,2.0
2026-09-12T00:30:10+00:00,2026-09-11,daily,4,2026-09-12T12:30:00Z,185,Sakamoto,COV,MID,49,0,-1,0.1,185,994,726,4192,a,,,,,,,,0.3,0,1,31,0,0,0,0,1,0,4,0,2,2,0.02,0.02,0.04,0.69,0.3,0.3
2026-09-12T00:30:10+00:00,2026-09-11,daily,4,2026-09-12T12:30:00Z,186,Mason-Clark,COV,MID,54,0,-1,0.1,192,828,909,4494,a,,2026-08-19T18:00:08.310507Z,100,100,,,,1.0,2,3,127,2,0,0,0,1,0,9,4,0,5,0.00,0.06,0.06,1.19,1.0,1.0
2026-09-12T00:30:10+00:00,2026-09-11,daily,4,2026-09-12T12:30:00Z,187,Eccles,COV,MID,49,0,-1,0.0,74,270,577,973,i,Unspecified injury - Expected back 12 Oct,2026-09-10T18:30:08.877110Z,,0,,,,0.0,0,0,0,0,0,0,0,0,0,0,0,0,0,0.00,0.00,0.00,0.00,0.0,0.0
2026-09-12T00:30:10+00:00,2026-09-11,daily,4,2026-09-12T12:30:00Z,188,Torp,COV,MID,54,0,-1,0.1,51,1335,700,6131,a,,,,,2,2,2,0.7,0,2,47,0,0,0,0,1,0,3,1,0,2,0.00,0.12,0.12,1.01,0.7,0.7
2026-09-12T00:30:10+00:00,2026-09-11,daily,4,2026-09-12T12:30:00Z,189,Shepherd,COV,MID,45,0,0,0.2,1171,2515,3881,9425,a,,,,,,,,0.0,0,0,0,0,0,0,0,0,0,0,0,0,0,0.00,0.00,0.00,0.00,0.0,0.0
2026-09-12T00:30:10+00:00,2026-09-11,daily,4,2026-09-12T12:30:00Z,190,Tchaouna,COV,MID,54,-1,-1,0.1,173,1270,3063,6473,a,,,,,,,3,1.3,1,4,166,2,0,0,0,3,0,15,5,1,9,0.19,0.18,0.37,2.73,1.3,1.3
2026-09-12T00:30:10+00:00,2026-09-11,daily,4,2026-09-12T12:30:00Z,191,Borges Rodrigues,COV,MID,45,0,0,0.1,0,2930,1943,8491,u,Has joined Burton Albion on loan for the rest of the season,2026-09-02T15:44:14.868001Z,0,0,,,,0.0,0,0,0,0,0,0,0,0,0,0,0,0,0,0.00,0.00,0.00,0.00,0.0,0.0
2026-09-12T00:30:10+00:00,2026-09-11,daily,4,2026-09-12T12:30:00Z,192,Andrews,COV,MID,45,0,0,0.4,0,7018,2718,31977,u,Has joined Oxford United on loan for the rest of the season,2026-08-29T00:35:59.998520Z,0,0,,,,0.0,0,0,0,0,0,0,0,0,0,0,0,0,0,0.00,0.00,0.00,0.00,0.0,0.0
2026-09-12T00:30:10+00:00,2026-09-11,daily,4,2026-09-12T12:30:00Z,193,Wright,COV,FWD,54,0,-1,0.1,114,1663,467,10436,i,Thigh injury - Unknown return date,2026-08-14T22:00:07.214508Z,0,0,1,,,0.0,0,0,0,0,0,0,0,0,0,0,0,0,0,0.00,0.00,0.00,0.00,0.0,0.0
2026-09-12T00:30:10+00:00,2026-09-11,daily,4,2026-09-12T12:30:00Z,194,Thomas-Asante,COV,FWD,50,0,0,0.8,9736,10810,40719,36197,a,,,,,4,,,1.3,1,4,120,1,0,0,0,4,0,11,6,0,5,0.00,0.02,0.02,3.24,1.3,1.3
2026-09-12T00:30:10+00:00,2026-09-11,daily,4,2026-09-12T12:30:00Z,195,Simms,COV,FWD,50,0,0,0.8,4840,11740,34833,43344,a,,,,,,,,1.0,1,3,88,1,0,0,0,3,0,3,1,0,2,0.30,0.01,0.31,2.55,1.0,1.0
2026-09-12T00:30:10+00:00,2026-09-11,daily,4,2026-09-12T12:30:00Z,196,Markelo,COV,FWD,50,0,0,0.0,0,121,0,1007,u,Has joined Shabab Al-Ahli Dubai permanently,2026-08-17T13:53:55.791223Z,0,0,,,,0.0,0,0,0,0,0,0,0,0,0,0,0,0,0,0.00,0.00,0.00,0.00,0.0,0.0
2026-09-12T00:30:10+00:00,2026-09-11,daily,4,2026-09-12T12:30:00Z,197,Bassette,COV,FWD,45,0,0,0.0,0,317,0,1653,u,Has joined KVC Westerlo on loan for the rest of the season,2026-07-28T12:58:50.001768Z,0,0,,,,0.0,0,0,0,0,0,0,0,0,0,0,0,0,0,0.00,0.00,0.00,0.00,0.0,0.0
2026-09-12T00:30:10+00:00,2026-09-11,daily,4,2026-09-12T12:30:00Z,492,Awoniyi,COV,FWD,55,0,0,0.7,6015,8316,19511,35765,a,,,,,5,,,1.7,2,5,180,2,0,0,0,2,0,9,3,0,6,1.24,0.03,1.27,2.18,1.7,1.7
2026-09-12T00:30:10+00:00,2026-09-11,daily,4,2026-09-12T12:30:00Z,575,Yirenkyi,COV,MID,49,-1,-1,0.2,541,2692,2316,9483,a,,,,,,,,1.7,1,5,158,2,0,0,1,3,0,16,5,0,11,0.03,0.13,0.16,2.53,1.7,1.7
2026-09-12T00:30:10+00:00,2026-09-11,daily,4,2026-09-12T12:30:00Z,584,Hamer,COV,MID,54,-1,-1,0.1,129,1075,668,4782,a,,,,,,,4,1.0,1,3,32,0,0,0,0,1,0,3,0,1,2,0.00,0.02,0.02,0.82,1.0,1.0
2026-09-12T00:30:10+00:00,2026-09-11,daily,4,2026-09-12T12:30:00Z,599,Cherif,COV,FWD,50,0,0,0.1,1156,1381,5107,5136,a,,,,,,,,0.0,0,0,0,0,0,0,0,0,0,0,0,0,0,0.00,0.00,0.00,0.00,0.0,0.0
2026-09-12T00:30:10+00:00,2026-09-11,daily,4,2026-09-12T12:30:00Z,623,Bentley,COV,GKP,40,0,0,0.5,29959,7750,50039,10577,a,,,,,,,,0.0,0,0,0,0,0,0,0,0,0,0,0,0,0,0.00,0.00,0.00,0.00,0.0,0.0
2026-09-12T00:30:10+00:00,2026-09-11,daily,4,2026-09-12T12:30:00Z,655,Gboho,COV,MID,55,0,0,0.0,48,6,48,6,a,,,,,,,,0.0,0,0,0,0,0,0,0,0,0,0,0,0,0,0.00,0.00,0.00,0.00,2.0,2.0
2026-09-12T00:30:10+00:00,2026-09-11,daily,4,2026-09-12T12:30:00Z,656,Mfuni,COV,DEF,40,0,0,0.0,1094,103,1094,103,a,,,,,,,,0.0,0,0,0,0,0,0,0,0,0,0,0,0,0,0.00,0.00,0.00,0.00,1.0,1.0
2026-09-12T00:30:10+00:00,2026-09-11,daily,4,2026-09-12T12:30:00Z,42,Guessand,CRY,MID,55,0,0,0.0,839,858,1878,2459,a,,,,,,,,0.7,0,2,54,0,0,0,0,1,0,2,1,1,0,0.03,0.03,0.06,0.34,0.7,0.7
2026-09-12T00:30:10+00:00,2026-09-11,daily,4,2026-09-12T12:30:00Z,153,Disasi,CRY,DEF,45,0,0,0.1,5334,2023,7370,3879,a,,,,,,,,1.3,3,4,106,1,0,0,0,3,0,14,9,5,9,0.00,0.04,0.04,3.34,1.3,1.3
2026-09-12T00:30:10+00:00,2026-09-11,daily,4,2026-09-12T12:30:00Z,198,Henderson,CRY,GKP,50,0,0,2.1,25946,14134,46857,46243,a,,2026-08-20T14:00:08.018379Z,100,100,,,,1.7,2,5,270,3,0,0,0,8,12,0,6,0,31,0.00,0.00,0.00,6.47,1.7,1.7
2026-09-12T00:30:10+00:00,2026-09-11,daily,4,2026-09-12T12:30:00Z,199,Benitez,CRY,GKP,45,0,0,0.1,493,825,1609,3495,a,,,,,,,,0.0,0,0,0,0,0,0,0,0,0,0,0,0,0,0.00,0.00,0.00,0.00,0.0,0.0
2026-09-12T00:30:10+00:00,2026-09-11,daily,4,2026-09-12T12:30:00Z,202,Richards,CRY,DEF,50,0,0,0.7,7114,7231,17067,24856,a,,,,,,,,1.3,1,4,270,3,0,0,0,8,0,31,26,5,7,0.08,0.00,0.08,6.47,1.3,1.3
2026-09-12T00:30:10+00:00,2026-09-11,daily,4,2026-09-12T12:30:00Z,203,Canvot,CRY,DEF,49,0,-1,0.2,2083,3518,4612,13304,a,,,,,,,,0.7,1,2,270,3,0,0,0,8,0,24,17,7,6,0.05,0.01,0.06,6.47,0.7,0.7
2026-09-12T00:30:10+00:00,2026-09-11,daily,4,2026-09-12T12:30:00Z,204,Mitchell,CRY,DEF,45,0,0,6.6,201812,38499,216828,166421,a,,,,,,,,5.3,15,16,253,3,2,0,0,8,0,16,10,6,7,0.77,0.18,0.95,5.90,5.3,5.3
2026-09-12T00:30:10+00:00,2026-09-11,daily,4,2026-09-12T12:30:00Z,205,Sosa,CRY,DEF,45,0,0,0.0,0,604,236,1660,u,Has joined FC Cologne on loan for the rest of the season,2026-09-02T16:03:25.710518Z,0,0,,,,0.0,0,0,0,0,0,0,0,0,0,0,0,0,0,0.00,0.00,0.00,0.00,0.0,0.0
2026-09-12T00:30:10+00:00,2026-09-11,daily,4,2026-09-12T12:30:00Z,206,Chadi Riad,CRY,DEF,44,0,-1,0.0,49,585,562,5044,i,Knee injury - Unknown return date,2026-08-22T18:00:07.352049Z,0,0,,,,0.3,0,1,72,1,0,0,0,2,0,7,6,1,3,0.00,0.01,0.01,0.98,0.0,0.0
2026-09-12T00:30:10+00:00,2026-09-11,daily,4,2026-09-12T12:30:00Z,207,Mingueza,CRY,DEF,44,0,-1,0.1,559,823,1528,3414,a,,,,,,,,0.7,1,2,16,0,0,0,0,1,0,2,0,2,1,0.00,0.00,0.00,0.33,0.7,0.7
2026-09-12T00:30:10+00:00,2026-09-11,daily,4,2026-09-12T12:30:00Z,208,Sarr,CRY,MID,63,0,-2,0.8,159,30898,2591,355905,i,Groin injury - Unknown return date,2026-08-22T18:00:07.363165Z,0,0,2,,,0.0,0,0,0,0,0,0,0,0,0,0,0,0,0,0.00,0.00,0.00,0.00,0.0,0.0
2026-09-12T00:30:10+00:00,2026-09-11,daily,4,2026-09-12T12:30:00Z,210,Wharton,CRY,MID,55,0,0,0.9,7493,9019,24279,30539,a,,2026-07-23T12:01:23.498963Z,100,100,,,2,2.7,2,8,270,3,0,0,0,8,0,29,11,7,11,0.00,0.32,0.32,6.47,2.7,2.7
2026-09-12T00:30:10+00:00,2026-09-11,daily,4,2026-09-12T12:30:00Z,211,Yeremy,CRY,MID,55,0,0,0.5,26911,7106,32676,12146,a,,,,,,1,1,3.7,5,11,190,2,0,2,0,5,0,20,3,5,12,0.36,0.39,0.75,5.29,3.7,3.7
2026-09-12T00:30:10+00:00,2026-09-11,daily,4,2026-09-12T12:30:00Z,212,Hughes,CRY,MID,45,0,0,8.5,23078,93473,80848,317264,a,,,,,,,4,0.3,1,1,16,0,0,0,0,0,0,3,2,0,1,0.00,0.00,0.00,0.57,0.3,0.3
2026-09-12T00:30:10+00:00,2026-09-11,daily,4,2026-09-12T12:30:00Z,213,Lerma,CRY,MID,49,0,-1,0.1,272,952,972,4144,a,,,,,,,,0.0,0,0,0,0,0,0,0,0,0,0,0,0,0,0.00,0.00,0.00,0.00,0.0,0.0
2026-09-12T00:30:10+00:00,2026-09-11,daily,4,2026-09-12T12:30:00Z,214,Kamada,CRY,MID,50,0,0,0.4,13993,4937,20230,12583,a,,,,,,,3,3.3,5,10,268,3,0,1,0,8,0,27,4,9,14,0.05,0.30,0.35,6.34,3.3,3.3
2026-09-12T00:30:10+00:00,2026-09-11,daily,4,2026-09-12T12:30:00Z,215,Devenny,CRY,MID,50,0,0,0.0,0,241,132,755,u,Has joined Stoke City permanently,2026-09-02T15:41:07.346849Z,0,0,3,2,,0.0,0,0,0,0,0,0,0,0,0,0,0,0,0,0.00,0.00,0.00,0.00,0.0,0.0
2026-09-12T00:30:10+00:00,2026-09-11,daily,4,2026-09-12T12:30:00Z,216,Esse,CRY,MID,50,0,0,0.0,0,887,399,2630,u,Has joined Millwall on loan for the rest of the season,2026-09-02T15:41:07.376544Z,0,0,,,,0.0,0,0,0,0,0,0,0,0,0,0,0,0,0,0.00,0.00,0.00,0.00,0.0,0.0
2026-09-12T00:30:10+00:00,2026-09-11,daily,4,2026-09-12T12:30:00Z,217,M.França,CRY,MID,49,0,-1,0.0,57,623,1007,2443,u,Has joined Alverca on loan for the rest of the season,2026-09-11T14:42:19.322912Z,,0,,,,0.0,0,0,0,0,0,0,0,0,0,0,0,0,0,0.00,0.00,0.00,0.00,0.0,0.0
2026-09-12T00:30:10+00:00,2026-09-11,daily,4,2026-09-12T12:30:00Z,218,Doucouré,CRY,MID,49,0,-1,0.1,433,815,1665,3194,a,,,,,,,,0.0,0,0,0,0,0,0,0,0,0,0,0,0,0,0.00,0.00,0.00,0.00,0.0,0.0
2026-09-12T00:30:10+00:00,2026-09-11,daily,4,2026-09-12T12:30:00Z,219,J.Rak-Sakyi,CRY,MID,49,-1,-1,0.0,55,125,145,326,u,has joined  Kasimpasa on loan for the rest of the seaon.,2026-09-10T09:12:47.224598Z,,0,,,,0.0,0,0,0,0,0,0,0,0,0,0,0,0,0,0.00,0.00,0.00,0.00,0.0,0.0
2026-09-12T00:30:10+00:00,2026-09-11,daily,4,2026-09-12T12:30:00Z,220,Cardines,CRY,DEF,45,0,0,0.0,0,13,0,117,u,Has joined Bristol City on loan for the rest of the season,2026-08-12T14:08:46.501813Z,0,0,,,,0.0,0,0,0,0,0,0,0,0,0,0,0,0,0,0.00,0.00,0.00,0.00,0.0,0.0
2026-09-12T00:30:10+00:00,2026-09-11,daily,4,2026-09-12T12:30:00Z,221,Drakes-Thomas,CRY,MID,45,0,0,0.1,779,915,2117,3094,a,,,,,,,,0.0,0,0,0,0,0,0,0,0,0,0,0,0,0,0.00,0.00,0.00,0.00,0.0,0.0
2026-09-12T00:30:10+00:00,2026-09-11,daily,4,2026-09-12T12:30:00Z,222,Strand Larsen,CRY,FWD,60,0,0,0.6,13916,7630,22950,23906,a,,,,,,,,1.3,1,4,134,1,0,0,0,3,0,8,3,1,4,0.30,0.01,0.31,3.69,1.3,1.3
2026-09-12T00:30:10+00:00,2026-09-11,daily,4,2026-09-12T12:30:00Z,223,Mateta,CRY,FWD,64,0,-1,1.7,306,62040,25484,405001,i,Hamstring injury - Expected back 11 Oct,2026-08-28T21:00:08.020382Z,0,0,1,,,0.7,0,2,62,1,0,0,0,2,0,5,1,2,2,0.70,0.02,0.72,0.98,0.0,0.0
2026-09-12T00:30:10+00:00,2026-09-11,daily,4,2026-09-12T12:30:00Z,224,Nketiah,CRY,FWD,55,0,0,0.7,24458,7776,39595,21840,a,,,,,,,,2.3,4,7,167,3,0,1,0,7,0,11,2,4,5,1.10,0.58,1.68,4.45,2.3,2.3
2026-09-12T00:30:10+00:00,2026-09-11,daily,4,2026-09-12T12:30:00Z,225,Uche,CRY,FWD,50,0,0,0.0,0,0,0,0,u,has returned to Getafe CF,2026-07-23T12:18:56.275922Z,0,0,,,,0.0,0,0,0,0,0,0,0,0,0,0,0,0,0,0.00,0.00,0.00,0.00,0.0,0.0
2026-09-12T00:30:10+00:00,2026-09-11,daily,4,2026-09-12T12:30:00Z,241,McNeil,CRY,MID,54,-1,-1,0.1,410,1561,1422,5871,a,,,,,,,,1.0,0,3,84,1,0,0,0,3,0,7,4,0,3,0.05,0.02,0.07,1.18,1.0,1.0
2026-09-12T00:30:10+00:00,2026-09-11,daily,4,2026-09-12T12:30:00Z,555,Matthews,CRY,GKP,40,0,0,1.8,4553,6443,18064,21341,a,,,,,,,,0.0,0,0,0,0,0,0,0,0,0,0,0,0,0,0.00,0.00,0.00,0.00,0.0,0.0
2026-09-12T00:30:10+00:00,2026-09-11,daily,4,2026-09-12T12:30:00Z,577,Tomiyasu,CRY,DEF,45,0,0,0.3,536,2725,2743,8822,a,,,,,,,,0.7,0,2,91,1,0,0,0,3,0,9,8,1,4,0.00,0.01,0.01,2.15,0.7,0.7
2026-09-12T00:30:10+00:00,2026-09-11,daily,4,2026-09-12T12:30:00Z,588,Khalaili,CRY,DEF,50,0,0,0.3,15342,4048,19852,6424,a,,,,,,,,2.0,3,6,199,2,0,0,0,5,0,33,16,17,11,0.74,0.17,0.91,5.42,2.0,2.0
2026-09-12T00:30:10+00:00,2026-09-11,daily,4,2026-09-12T12:30:00Z,595,Gozo,CRY,MID,50,0,0,0.0,97,166,356,563,a,,,,,,,,0.3,0,1,22,0,0,0,0,1,0,1,0,1,0,0.00,0.00,0.00,0.20,0.3,0.3
2026-09-12T00:30:10+00:00,2026-09-11,daily,4,2026-09-12T12:30:00Z,633,Ahanor,CRY,DEF,45,0,0,0.0,667,141,884,173,a,,,,,,,,0.0,0,0,0,0,0,0,0,0,0,0,0,0,0,0.00,0.00,0.00,0.00,1.8,1.8
2026-09-12T00:30:10+00:00,2026-09-11,daily,4,2026-09-12T12:30:00Z,643,Chilwell,CRY,DEF,45,0,0,0.5,30566,4456,31329,4540,a,,,,,,,,7.0,7,7,16,0,1,0,0,0,0,0,0,0,0,0.15,0.00,0.15,0.57,1.8,1.8
2026-09-12T00:30:10+00:00,2026-09-11,daily,4,2026-09-12T12:30:00Z,644,Timber,CRY,MID,50,0,0,0.0,1504,385,2160,485,a,,,,,,,,2.0,2,2,73,1,0,0,0,2,0,6,2,1,3,0.02,0.00,0.02,2.57,1.6,1.6
2026-09-12T00:30:10+00:00,2026-09-11,daily,4,2026-09-12T12:30:00Z,647,Osorio,CRY,MID,55,0,0,0.0,353,95,814,145,a,,,,,,,,1.0,1,1,1,0,0,0,0,0,0,1,0,1,0,0.00,0.00,0.00,0.13,2.0,2.0
2026-09-12T00:30:10+00:00,2026-09-11,daily,4,2026-09-12T12:30:00Z,21,Nørgaard,EVE,MID,49,0,-1,0.1,79,1096,390,6133,i,Groin injury - Unknown return date,2026-08-15T20:00:06.779594Z,0,0,,,,0.0,0,0,0,0,0,0,0,0,0,0,0,0,0,0.00,0.00,0.00,0.00,0.0,0.0
2026-09-12T00:30:10+00:00,2026-09-11,daily,4,2026-09-12T12:30:00Z,209,Johnson,EVE,MID,59,0,-1,0.1,934,1880,2452,7937,a,,,,,,,,1.0,1,3,99,1,0,0,0,1,0,12,5,2,5,0.05,0.04,0.09,2.24,1.0,1.0
2026-09-12T00:30:10+00:00,2026-09-11,daily,4,2026-09-12T12:30:00Z,226,Pickford,EVE,GKP,55,0,0,8.6,58638,59226,178655,169340,a,,,,,,,,3.7,1,11,270,3,0,0,1,3,9,0,4,0,35,0.00,0.02,0.02,4.81,3.7,3.7
2026-09-12T00:30:10+00:00,2026-09-11,daily,4,2026-09-12T12:30:00Z,227,Travers,EVE,GKP,50,0,0,0.0,354,367,926,1328,a,,,,,,,,0.0,0,0,0,0,0,0,0,0,0,0,0,0,0,0.00,0.00,0.00,0.00,0.0,0.0
2026-09-12T00:30:10+00:00,2026-09-11,daily,4,2026-09-12T12:30:00Z,228,King,EVE,GKP,45,0,0,0.0,251,341,797,1234,a,,,,,,,,0.0,0,0,0,0,0,0,0,0,0,0,0,0,0,0.00,0.00,0.00,0.00,0.0,0.0
2026-09-12T00:30:10+00:00,2026-09-11,daily,4,2026-09-12T12:30:00Z,229,Tarkowski,EVE,DEF,60,0,0,11.5,139463,78519,393837,201142,a,,,,,,,,7.0,3,21,270,3,1,0,1,3,0,31,26,5,10,0.17,0.02,0.19,4.81,7.0,7.0
2026-09-12T00:30:10+00:00,2026-09-11,daily,4,2026-09-12T12:30:00Z,230,Branthwaite,EVE,DEF,55,0,0,1.9,29916,17864,64520,48167,a,,,,,,,,4.3,3,13,270,3,0,0,1,3,0,31,27,4,9,0.17,0.02,0.19,4.81,4.3,4.3
2026-09-12T00:30:10+00:00,2026-09-11,daily,4,2026-09-12T12:30:00Z,231,Keane,EVE,DEF,49,0,-1,0.9,1106,13934,6660,71823,a,,,,,,,,0.0,0,0,0,0,0,0,0,0,0,0,0,0,0,0.00,0.00,0.00,0.00,0.0,0.0
2026-09-12T00:30:10+00:00,2026-09-11,daily,4,2026-09-12T12:30:00Z,232,O'Brien,EVE,DEF,49,0,-1,0.3,565,3820,2897,19989,a,,,,,,,,0.0,0,0,0,0,0,0,0,0,0,0,0,0,0,0.00,0.00,0.00,0.00,0.0,0.0
2026-09-12T00:30:10+00:00,2026-09-11,daily,4,2026-09-12T12:30:00Z,233,Mykolenko,EVE,DEF,45,0,0,2.0,57476,31112,119380,66438,a,,,,,,,,3.7,1,11,270,3,0,0,1,3,0,22,18,4,15,0.00,0.07,0.07,4.81,3.7,3.7
2026-09-12T00:30:10+00:00,2026-09-11,daily,4,2026-09-12T12:30:00Z,234,Patterson,EVE,DEF,45,0,0,0.0,0,670,371,1918,u,Has joined Torino permanently,2026-09-02T16:05:23.326971Z,0,0,,,,0.0,0,0,0,0,0,0,0,0,0,0,0,0,0,0.00,0.00,0.00,0.00,0.0,0.0
2026-09-12T00:30:10+00:00,2026-09-11,daily,4,2026-09-12T12:30:00Z,235,Aznou,EVE,DEF,40,0,0,0.1,0,2759,1728,8628,u,Has joined Malaga on loan for the rest of the season,2026-09-01T13:23:16.934847Z,0,0,,,,0.0,0,0,0,0,0,0,0,0,0,0,0,0,0,0.00,0.00,0.00,0.00,0.0,0.0
2026-09-12T00:30:10+00:00,2026-09-11,daily,4,2026-09-12T12:30:00Z,236,Dewsbury-Hall,EVE,MID,65,0,0,4.6,115007,83348,308515,203232,a,,,,,,,2,5.0,2,15,270,3,1,0,1,3,0,29,3,9,17,0.45,0.40,0.85,4.77,5.0,5.0
2026-09-12T00:30:10+00:00,2026-09-11,daily,4,2026-09-12T12:30:00Z,238,Grealish,EVE,MID,65,0,0,0.4,13914,5434,24637,13369,a,,2026-07-29T10:00:10.492904Z,100,100,,,,0.7,1,2,32,0,0,0,0,1,0,2,0,2,0,0.02,0.13,0.15,0.31,0.7,0.7
2026-09-12T00:30:10+00:00,2026-09-11,daily,4,2026-09-12T12:30:00Z,239,Garner,EVE,MID,60,0,0,0.1,1936,3406,6457,8379,a,,2026-09-06T18:00:08.301702Z,100,100,2,1,1,1.3,2,4,148,2,0,0,0,2,0,19,2,5,12,0.00,0.11,0.11,1.32,1.3,1.3
2026-09-12T00:30:10+00:00,2026-09-11,daily,4,2026-09-12T12:30:00Z,242,George,EVE,MID,55,0,0,0.6,40794,10940,44827,18222,a,,,,,,,,5.0,10,15,234,3,1,0,1,3,0,13,4,1,8,0.27,0.16,0.43,2.94,5.0,5.0
2026-09-12T00:30:10+00:00,2026-09-11,daily,4,2026-09-12T12:30:00Z,243,Alcaraz,EVE,MID,49,-1,-1,0.1,518,1135,2086,4212,a,,,,,,,,0.3,0,1,5,0,0,0,0,0,0,3,0,1,2,0.05,0.02,0.07,0.04,0.3,0.3
2026-09-12T00:30:10+00:00,2026-09-11,daily,4,2026-09-12T12:30:00Z,244,Armstrong,EVE,MID,50,0,0,0.4,11207,7709,45361,19354,a,,,,,,,,3.7,1,11,266,3,0,1,1,3,0,30,9,6,15,0.09,0.10,0.19,4.81,3.7,3.7
2026-09-12T00:30:10+00:00,2026-09-11,daily,4,2026-09-12T12:30:00Z,245,Dibling,EVE,MID,54,0,-1,0.0,196,432,753,2051,a,,,,,,,,0.0,0,0,0,0,0,0,0,0,0,0,0,0,0,0.00,0.00,0.00,0.00,0.0,0.0
2026-09-12T00:30:10+00:00,2026-09-11,daily,4,2026-09-12T12:30:00Z,246,Röhl,EVE,MID,50,0,0,0.0,503,880,1601,2683,a,,,,,,,,2.0,1,6,249,3,0,0,1,2,0,24,6,5,13,0.00,0.20,0.20,4.52,2.0,2.0
2026-09-12T00:30:10+00:00,2026-09-11,daily,4,2026-09-12T12:30:00Z,247,Hackney,EVE,MID,55,0,0,0.2,1316,1698,2659,8614,a,,2026-08-26T22:00:07.797766Z,100,100,,,3,2.7,4,8,121,1,0,1,1,1,0,11,3,3,5,0.05,0.11,0.16,3.49,2.7,2.7
2026-09-12T00:30:10+00:00,2026-09-11,daily,4,2026-09-12T12:30:00Z,248,Beto,EVE,FWD,54,0,-1,1.0,0,54797,16222,179739,u,Has joined Fiorentina permanently,2026-09-02T16:05:23.357221Z,0,0,,,,0.7,0,2,31,0,0,0,0,0,0,1,1,0,0,0.09,0.00,0.09,1.92,0.0,0.0
2026-09-12T00:30:10+00:00,2026-09-11,daily,4,2026-09-12T12:30:00Z,249,Barry,EVE,FWD,56,1,1,6.0,227193,97464,573367,211235,a,,,,,1,,,4.0,2,12,237,3,1,0,1,3,0,10,2,1,7,2.31,0.11,2.42,2.89,4.0,4.0
2026-09-12T00:30:10+00:00,2026-09-11,daily,4,2026-09-12T12:30:00Z,649,Maitland-Niles,EVE,DEF,45,0,0,0.2,14837,2967,15396,3095,a,,,,,,,,7.0,7,7,13,0,1,0,0,1,0,0,0,0,0,0.03,0.00,0.03,0.29,1.8,1.8
2026-09-12T00:30:10+00:00,2026-09-11,daily,4,2026-09-12T12:30:00Z,654,Graham,EVE,MID,45,0,0,0.2,8847,1797,8847,1797,a,,,,,,,,0.0,0,0,0,0,0,0,0,0,0,0,0,0,0,0.00,0.00,0.00,0.00,1.1,1.1
2026-09-12T00:30:10+00:00,2026-09-11,daily,4,2026-09-12T12:30:00Z,250,Leno,FUL,GKP,45,0,0,2.9,16594,28561,70328,67167,a,,,,,,,,2.0,1,6,270,3,0,0,0,7,8,0,3,0,25,0.00,0.00,0.00,6.23,2.0,2.0
2026-09-12T00:30:10+00:00,2026-09-11,daily,4,2026-09-12T12:30:00Z,251,Lecomte,FUL,GKP,40,0,0,1.2,6823,5808,17765,17787,a,,,,,,,,0.0,0,0,0,0,0,0,0,0,0,0,0,0,0,0.00,0.00,0.00,0.00,0.0,0.0
2026-09-12T00:30:10+00:00,2026-09-11,daily,4,2026-09-12T12:30:00Z,252,McNally,FUL,GKP,40,0,0,0.1,0,1638,2589,4847,u,Has joined York City on loan for the rest of the season,2026-09-01T13:25:11.231240Z,0,0,,,,0.0,0,0,0,0,0,0,0,0,0,0,0,0,0,0.00,0.00,0.00,0.00,0.0,0.0
2026-09-12T00:30:10+00:00,2026-09-11,daily,4,2026-09-12T12:30:00Z,253,Andersen,FUL,DEF,50,0,0,0.1,1648,2583,9804,5351,a,,2026-07-23T12:01:23.516350Z,100,100,,,,0.7,1,2,180,2,0,0,0,4,0,15,13,2,9,0.00,0.10,0.10,3.99,0.7,0.7
2026-09-12T00:30:10+00:00,2026-09-11,daily,4,2026-09-12T12:30:00Z,254,Robinson,FUL,DEF,45,0,0,1.4,4069,21547,30256,48158,a,,,,,2,,,1.3,1,4,249,3,0,0,0,7,0,15,7,8,12,0.21,0.16,0.37,6.20,1.3,1.3
2026-09-12T00:30:10+00:00,2026-09-11,daily,4,2026-09-12T12:30:00Z,255,J.Cuenca,FUL,DEF,45,0,0,0.0,85,507,1372,1455,a,,,,,,,,1.0,0,3,90,1,0,0,0,3,0,10,9,1,3,0.00,0.03,0.03,2.24,1.0,1.0
2026-09-12T00:30:10+00:00,2026-09-11,daily,4,2026-09-12T12:30:00Z,256,Tete,FUL,DEF,44,-1,-1,0.2,196,1951,964,7028,a,,,,,,,,0.0,0,0,0,0,0,0,0,0,0,0,0,0,0,0.00,0.00,0.00,0.00,0.0,0.0
2026-09-12T00:30:10+00:00,2026-09-11,daily,4,2026-09-12T12:30:00Z,257,Bassey,FUL,DEF,45,0,0,0.7,1966,8440,17028,22457,a,,,,,,,,1.0,1,3,270,3,0,0,0,7,0,13,10,3,12,0.02,0.07,0.09,6.23,1.0,1.0
2026-09-12T00:30:10+00:00,2026-09-11,daily,4,2026-09-12T12:30:00Z,258,Castagne,FUL,DEF,45,0,0,0.8,5414,13822,61724,27276,a,,,,,,,,4.3,1,13,247,3,0,2,1,6,0,15,11,4,11,0.67,0.37,1.04,4.47,4.3,4.3
2026-09-12T00:30:10+00:00,2026-09-11,daily,4,2026-09-12T12:30:00Z,261,Iwobi,FUL,MID,54,-1,-1,0.7,2048,13464,15497,39731,a,,,,,3,1,1,2.0,2,6,262,3,0,0,0,7,0,18,4,3,11,0.05,0.70,0.75,6.23,2.0,2.0
2026-09-12T00:30:10+00:00,2026-09-11,daily,4,2026-09-12T12:30:00Z,262,Smith Rowe,FUL,MID,54,-1,-1,0.3,721,4148,3560,15422,a,,,,,,,,0.7,1,2,25,0,0,0,0,0,0,1,0,0,1,0.06,0.02,0.08,0.41,0.7,0.7
2026-09-12T00:30:10+00:00,2026-09-11,daily,4,2026-09-12T12:30:00Z,263,Kevin,FUL,MID,54,0,-1,0.0,212,934,1184,3138,a,,,,,,,4,0.7,0,2,24,0,0,0,0,0,0,3,0,2,1,0.00,0.05,0.05,0.20,0.7,0.7
2026-09-12T00:30:10+00:00,2026-09-11,daily,4,2026-09-12T12:30:00Z,264,Bobb,FUL,MID,55,0,0,0.3,1874,5197,11029,14189,a,,,,,,,2,2.3,2,7,211,3,0,0,1,6,0,15,2,5,8,0.32,0.92,1.24,4.44,2.3,2.3
2026-09-12T00:30:10+00:00,2026-09-11,daily,4,2026-09-12T12:30:00Z,265,Berge,FUL,MID,49,-1,-1,0.3,605,4246,3945,12763,a,,,,,,,,1.7,1,5,183,2,0,0,0,5,0,8,1,1,6,0.03,0.33,0.36,4.90,1.7,1.7
2026-09-12T00:30:10+00:00,2026-09-11,daily,4,2026-09-12T12:30:00Z,266,Cairney,FUL,MID,50,0,0,0.0,30,46,66,243,i,Knee injury - Expected back 10 Oct,2026-08-14T18:00:06.460944Z,0,0,,,,0.0,0,0,0,0,0,0,0,0,0,0,0,0,0,0.00,0.00,0.00,0.00,0.0,0.0
2026-09-12T00:30:10+00:00,2026-09-11,daily,4,2026-09-12T12:30:00Z,268,King,FUL,MID,55,0,0,1.2,70626,28265,128443,45901,a,,,,,,,,6.3,10,19,270,3,2,0,0,7,0,19,4,5,10,0.95,0.34,1.29,6.23,6.3,6.3
2026-09-12T00:30:10+00:00,2026-09-11,daily,4,2026-09-12T12:30:00Z,269,Sessegnon,FUL,DEF,44,-1,-1,0.3,259,3738,2105,11595,a,,,,,,,3,1.0,1,3,50,0,0,0,0,1,0,3,2,1,3,0.13,0.44,0.57,1.80,1.0,1.0
2026-09-12T00:30:10+00:00,2026-09-11,daily,4,2026-09-12T12:30:00Z,270,Reed,FUL,MID,45,0,0,1.2,3218,13230,16875,46809,a,,,,,,,,0.0,0,0,0,0,0,0,0,0,0,0,0,0,0,0.00,0.00,0.00,0.00,0.0,0.0
2026-09-12T00:30:10+00:00,2026-09-11,daily,4,2026-09-12T12:30:00Z,271,Muniz,FUL,FWD,54,-1,-1,0.4,3087,6556,10308,24774,a,,,,,,,,0.7,1,2,15,0,0,0,0,0,0,1,1,0,0,0.40,0.00,0.40,0.03,0.7,0.7
2026-09-12T00:30:10+00:00,2026-09-11,daily,4,2026-09-12T12:30:00Z,272,Kusi-Asare,FUL,FWD,45,0,0,6.1,30829,66784,115103,183006,a,,,,,,,,0.0,0,0,0,0,0,0,0,0,0,0,0,0,0,0.00,0.00,0.00,0.00,0.0,0.0
2026-09-12T00:30:10+00:00,2026-09-11,daily,4,2026-09-12T12:30:00Z,569,Gonzalo,FUL,FWD,60,0,0,4.0,34105,89629,314934,186021,a,,,,,1,,,3.3,2,10,270,3,1,0,0,7,0,13,5,2,6,1.44,0.22,1.66,6.23,3.3,3.3
2026-09-12T00:30:10+00:00,2026-09-11,daily,4,2026-09-12T12:30:00Z,570,Palacios,FUL,MID,55,0,0,0.2,1286,1715,3208,6855,a,,,,,,,,3.7,8,11,207,3,1,0,0,6,0,13,3,2,8,0.98,0.03,1.01,4.97,3.7,3.7
2026-09-12T00:30:10+00:00,2026-09-11,daily,4,2026-09-12T12:30:00Z,580,Charles,FUL,MID,50,0,0,0.1,272,770,965,2822,a,,,,,,,,1.3,2,4,123,1,0,0,0,4,0,16,4,1,11,0.09,0.12,0.21,3.77,1.3,1.3
2026-09-12T00:30:10+00:00,2026-09-11,daily,4,2026-09-12T12:30:00Z,610,De Fougerolles,FUL,DEF,40,0,0,0.1,515,1096,5787,3409,u,has joined  Real Salt Lake on loan for the rest of the seaon.,2026-08-28T11:30:08.336405Z,75,0,,,,0.0,0,0,0,0,0,0,0,0,0,0,0,0,0,0.00,0.00,0.00,0.00,0.0,0.0
2026-09-12T00:30:10+00:00,2026-09-11,daily,4,2026-09-12T12:30:00Z,626,Zepa,FUL,MID,45,0,0,0.4,10796,5902,32806,10733,a,,,,,,,,0.0,0,0,0,0,0,0,0,0,0,0,0,0,0,0.00,0.00,0.00,0.00,0.0,0.0
2026-09-12T00:30:10+00:00,2026-09-11,daily,4,2026-09-12T12:30:00Z,635,Larsson,FUL,MID,50,0,0,0.0,236,69,524,96,a,,,,,,,,1.0,1,1,11,0,0,0,0,0,0,1,0,1,0,0.13,0.22,0.35,0.00,1.6,1.6
2026-09-12T00:30:10+00:00,2026-09-11,daily,4,2026-09-12T12:30:00Z,636,Ángel,FUL,MID,50,0,0,0.0,117,50,237,64,a,,,,,,,,0.0,0,0,0,0,0,0,0,0,0,0,0,0,0,0.00,0.00,0.00,0.00,1.6,1.6
2026-09-12T00:30:10+00:00,2026-09-11,daily,4,2026-09-12T12:30:00Z,650,Affengruber,FUL,DEF,45,0,0,0.0,242,92,446,119,a,,,,,,,,0.0,0,0,0,0,0,0,0,0,0,0,0,0,0,0.00,0.00,0.00,0.00,1.8,1.8
2026-09-12T00:30:10+00:00,2026-09-11,daily,4,2026-09-12T12:30:00Z,240,Iroegbunam,HUL,MID,50,0,0,0.0,295,189,625,724,a,,2026-08-15T20:00:06.878792Z,100,100,,,,0.3,0,1,4,0,0,0,0,0,0,0,0,0,0,0.00,0.00,0.00,0.00,0.3,0.3
2026-09-12T00:30:10+00:00,2026-09-11,daily,4,2026-09-12T12:30:00Z,273,Phillips,HUL,GKP,40,0,0,1.4,7586,8194,20019,26528,a,,,,,,,,0.0,0,0,0,0,0,0,0,0,0,0,0,0,0,0.00,0.00,0.00,0.00,0.0,0.0
2026-09-12T00:30:10+00:00,2026-09-11,daily,4,2026-09-12T12:30:00Z,274,Butland,HUL,GKP,45,0,0,0.1,128,758,418,3963,i,Arm injury - Unknown return date,2026-08-08T19:00:05.601633Z,0,0,,,,0.0,0,0,0,0,0,0,0,0,0,0,0,0,0,0.00,0.00,0.00,0.00,0.0,0.0
2026-09-12T00:30:10+00:00,2026-09-11,daily,4,2026-09-12T12:30:00Z,275,Cartwright,HUL,GKP,40,0,0,0.0,0,57,0,251,u,Has joined Grimsby Town on loan for the rest of the season,2026-07-29T13:00:27.959925Z,0,0,,,,0.0,0,0,0,0,0,0,0,0,0,0,0,0,0,0.00,0.00,0.00,0.00,0.0,0.0
2026-09-12T00:30:10+00:00,2026-09-11,daily,4,2026-09-12T12:30:00Z,276,Lo-Tutala,HUL,GKP,40,0,0,0.0,0,175,0,830,u,Has joined Colchester United on loan for the rest of the season,2026-08-17T13:50:27.125537Z,0,0,,,,0.0,0,0,0,0,0,0,0,0,0,0,0,0,0,0.00,0.00,0.00,0.00,0.0,0.0
2026-09-12T00:30:10+00:00,2026-09-11,daily,4,2026-09-12T12:30:00Z,277,Egan,HUL,DEF,41,1,1,6.3,198860,60140,577503,129013,a,,,,,,,,7.7,6,23,270,3,0,0,3,0,0,41,36,5,5,0.00,0.00,0.00,5.05,7.7,7.7
2026-09-12T00:30:10+00:00,2026-09-11,daily,4,2026-09-12T12:30:00Z,278,Hughes,HUL,DEF,40,0,0,0.1,140,1015,377,5155,i,Groin injury - Unknown return date,2026-08-02T09:00:11.030017Z,0,0,,,,0.0,0,0,0,0,0,0,0,0,0,0,0,0,0,0.00,0.00,0.00,0.00,0.0,0.0
2026-09-12T00:30:10+00:00,2026-09-11,daily,4,2026-09-12T12:30:00Z,279,Ajayi,HUL,DEF,42,1,2,12.2,299801,65018,1011127,149860,a,,2026-08-22T17:30:07.668197Z,100,100,,,,8.3,5,25,243,3,1,0,3,0,0,20,17,3,9,0.52,0.00,0.52,4.08,8.3,8.3
2026-09-12T00:30:10+00:00,2026-09-11,daily,4,2026-09-12T12:30:00Z,280,Coyle,HUL,DEF,40,0,0,0.6,7197,3333,11352,18600,a,,2026-08-29T16:30:08.151841Z,75,100,,,,4.0,6,12,177,3,0,0,2,0,0,6,5,1,4,0.00,0.02,0.02,4.06,3.0,4.0
2026-09-12T00:30:10+00:00,2026-09-11,daily,4,2026-09-12T12:30:00Z,281,Drameh,HUL,DEF,40,0,0,0.1,0,1391,2118,3477,u,Has joined Genoa permanently,2026-09-02T16:09:06.479140Z,0,0,,,,0.7,0,2,65,0,0,0,0,0,0,6,5,1,4,0.05,0.00,0.05,0.87,0.0,0.0
2026-09-12T00:30:10+00:00,2026-09-11,daily,4,2026-09-12T12:30:00Z,282,Giles,HUL,DEF,40,0,0,1.6,54385,13118,94089,25652,a,,,,,,1,3,6.7,8,20,264,3,0,0,3,0,0,12,9,3,10,0.02,0.18,0.20,4.98,6.7,6.7
2026-09-12T00:30:10+00:00,2026-09-11,daily,4,2026-09-12T12:30:00Z,283,Jacob,HUL,DEF,40,0,0,0.0,0,108,114,546,u,Has joined Newport County on loan until January,2026-08-02T09:00:11.038361Z,0,0,,,,0.0,0,0,0,0,0,0,0,0,0,0,0,0,0,0.00,0.00,0.00,0.00,0.0,0.0
2026-09-12T00:30:10+00:00,2026-09-11,daily,4,2026-09-12T12:30:00Z,284,McCarthy,HUL,DEF,40,0,0,0.1,791,882,2973,3053,a,,,,,,,,0.0,0,0,0,0,0,0,0,0,0,0,0,0,0,0.00,0.00,0.00,0.00,0.0,0.0
2026-09-12T00:30:10+00:00,2026-09-11,daily,4,2026-09-12T12:30:00Z,285,McNair,HUL,DEF,40,0,0,0.1,459,1035,2113,3224,a,,2026-09-09T13:30:08.327907Z,,100,,,,0.3,0,1,26,0,0,0,0,0,0,2,2,0,1,0.00,0.00,0.00,0.96,0.3,0.3
2026-09-12T00:30:10+00:00,2026-09-11,daily,4,2026-09-12T12:30:00Z,286,Belloumi,HUL,MID,50,0,0,1.0,22420,9687,62872,24157,a,,,,,,2,2,4.7,5,14,253,3,0,1,3,0,0,32,14,9,9,0.20,0.06,0.26,4.87,4.7,4.7
2026-09-12T00:30:10+00:00,2026-09-11,daily,4,2026-09-12T12:30:00Z,287,Millar,HUL,MID,50,0,0,0.0,0,2237,3178,5957,u,Has joined Birmingham on loan for the rest of the season,2026-09-02T15:36:41.038103Z,0,0,,,,2.0,0,6,50,0,1,0,0,0,0,4,2,1,1,0.58,0.00,0.58,0.87,0.0,0.0
2026-09-12T00:30:10+00:00,2026-09-11,daily,4,2026-09-12T12:30:00Z,288,Dowell,HUL,MID,45,0,0,0.3,2526,4191,10009,14381,a,,,,,,,,0.0,0,0,0,0,0,0,0,0,0,0,0,0,0,0.00,0.00,0.00,0.00,0.0,0.0
2026-09-12T00:30:10+00:00,2026-09-11,daily,4,2026-09-12T12:30:00Z,289,Crooks,HUL,MID,45,0,0,0.5,1715,7738,14741,28678,a,,2026-08-29T15:00:08.569326Z,75,100,,,,0.7,0,2,90,1,0,0,1,0,0,9,4,4,1,0.00,0.00,0.00,1.83,0.5,0.7
2026-09-12T00:30:10+00:00,2026-09-11,daily,4,2026-09-12T12:30:00Z,290,Slater,HUL,MID,45,0,0,5.4,135863,73674,385802,162290,a,,,,,,,1,3.7,3,11,270,3,0,1,3,0,0,19,5,6,8,0.04,0.46,0.50,5.05,3.7,3.7
2026-09-12T00:30:10+00:00,2026-09-11,daily,4,2026-09-12T12:30:00Z,291,Matazo,HUL,MID,45,0,0,0.0,95,104,262,336,i,Knee injury - Unknown return date,2026-07-23T12:01:23.532635Z,0,0,,,,0.0,0,0,0,0,0,0,0,0,0,0,0,0,0,0.00,0.00,0.00,0.00,0.0,0.0
2026-09-12T00:30:10+00:00,2026-09-11,daily,4,2026-09-12T12:30:00Z,292,Ömür,HUL,MID,49,0,-1,0.0,267,291,799,1132,a,,,,,,,,0.0,0,0,0,0,0,0,0,0,0,0,0,0,0,0.00,0.00,0.00,0.00,0.0,0.0
2026-09-12T00:30:10+00:00,2026-09-11,daily,4,2026-09-12T12:30:00Z,293,Kamara,HUL,MID,50,0,0,0.0,0,45,0,338,u,Has joined Portsmouth permanently,2026-08-12T14:08:23.542043Z,0,0,,,,0.0,0,0,0,0,0,0,0,0,0,0,0,0,0,0.00,0.00,0.00,0.00,0.0,0.0
2026-09-12T00:30:10+00:00,2026-09-11,daily,4,2026-09-12T12:30:00Z,294,Zambrano,HUL,MID,45,0,0,0.1,1138,994,2274,5051,a,,2026-08-04T18:30:11.016909Z,0,100,,,,0.0,0,0,0,0,0,0,0,0,0,0,0,0,0,0.00,0.00,0.00,0.00,0.0,0.0
2026-09-12T00:30:10+00:00,2026-09-11,daily,4,2026-09-12T12:30:00Z,295,McBurnie,HUL,FWD,55,0,0,1.9,18963,34022,142236,99963,a,,,,,1,,,2.7,2,8,270,3,0,1,3,0,0,12,4,2,6,0.54,0.07,0.61,5.05,2.7,2.7
2026-09-12T00:30:10+00:00,2026-09-11,daily,4,2026-09-12T12:30:00Z,296,Akintola,HUL,MID,50,0,0,0.0,522,905,2704,3180,u,Has joined Omonoia FC permanently,2026-09-11T14:42:38.120231Z,,0,,,,0.0,0,0,0,0,0,0,0,0,0,0,0,0,0,0.00,0.00,0.00,0.00,0.0,0.0
2026-09-12T00:30:10+00:00,2026-09-11,daily,4,2026-09-12T12:30:00Z,297,Gyabi,HUL,MID,45,0,0,0.0,98,244,303,1213,i,Thigh injury - Unknown return date,2026-08-04T18:30:11.027155Z,0,0,,,,0.0,0,0,0,0,0,0,0,0,0,0,0,0,0,0.00,0.00,0.00,0.00,0.0,0.0
2026-09-12T00:30:10+00:00,2026-09-11,daily,4,2026-09-12T12:30:00Z,298,Destan,HUL,FWD,45,0,0,0.2,0,3354,0,17794,u,Has joined Konyaspor permanently,2026-08-17T13:50:27.145733Z,0,0,,,,0.0,0,0,0,0,0,0,0,0,0,0,0,0,0,0.00,0.00,0.00,0.00,0.0,0.0
2026-09-12T00:30:10+00:00,2026-09-11,daily,4,2026-09-12T12:30:00Z,299,Burstow,HUL,FWD,45,0,0,0.0,0,447,0,2435,u,Has joined Sheffield Wednesday on loan for the rest of the season,2026-08-03T14:05:20.234842Z,0,0,,,,0.0,0,0,0,0,0,0,0,0,0,0,0,0,0,0.00,0.00,0.00,0.00,0.0,0.0
2026-09-12T00:30:10+00:00,2026-09-11,daily,4,2026-09-12T12:30:00Z,340,Gelhardt,HUL,MID,50,0,0,0.0,162,148,306,659,a,,2026-08-17T21:30:07.799839Z,100,100,,,,0.0,0,0,0,0,0,0,0,0,0,0,0,0,0,0.00,0.00,0.00,0.00,0.0,0.0
2026-09-12T00:30:10+00:00,2026-09-11,daily,4,2026-09-12T12:30:00Z,556,Targett,HUL,DEF,40,0,0,1.9,4245,16395,20057,54949,a,,,,,,,,0.3,0,1,5,0,0,0,0,0,0,0,0,0,1,0.00,0.00,0.00,0.07,0.3,0.3
2026-09-12T00:30:10+00:00,2026-09-11,daily,4,2026-09-12T12:30:00Z,563,Morita,HUL,MID,50,0,0,0.0,123,421,662,1066,i,Calf injury - Expected back 11 Oct,2026-09-09T14:00:08.474217Z,100,0,,,,0.3,0,1,45,1,0,0,0,0,0,3,2,0,1,0.00,0.00,0.00,1.09,0.3,0.0
2026-09-12T00:30:10+00:00,2026-09-11,daily,4,2026-09-12T12:30:00Z,572,Tzolakis,HUL,GKP,46,0,1,9.8,207349,55914,677101,129202,a,,,,,,,,8.7,6,26,270,3,0,0,3,0,9,0,0,0,43,0.00,0.00,0.00,5.05,8.7,8.7
2026-09-12T00:30:10+00:00,2026-09-11,daily,4,2026-09-12T12:30:00Z,574,Hjertø-Dahl,HUL,MID,49,-1,-1,0.1,398,753,1026,3182,a,,,,,,,,0.3,1,1,8,0,0,0,0,0,0,1,0,0,1,0.00,0.00,0.00,0.00,0.3,0.3
2026-09-12T00:30:10+00:00,2026-09-11,daily,4,2026-09-12T12:30:00Z,576,Stroud,HUL,MID,50,0,0,0.1,515,849,2715,3132,a,,,,,,,,2.0,3,6,190,3,0,0,2,0,0,15,3,3,9,0.05,0.05,0.10,4.06,2.0,2.0
2026-09-12T00:30:10+00:00,2026-09-11,daily,4,2026-09-12T12:30:00Z,585,Herrington,HUL,DEF,40,0,0,0.6,1723,3868,7928,12569,a,,,,,,,,1.0,1,3,76,0,0,0,0,0,0,7,6,1,1,0.00,0.00,0.00,1.28,1.0,1.0
2026-09-12T00:30:10+00:00,2026-09-11,daily,4,2026-09-12T12:30:00Z,586,Mendy,HUL,DEF,41,1,1,8.1,276484,58129,622862,146352,a,,2026-08-22T17:30:08.045208Z,100,100,,,,8.0,8,24,191,3,1,0,2,0,0,32,27,5,6,0.32,0.00,0.32,3.76,8.0,8.0
2026-09-12T00:30:10+00:00,2026-09-11,daily,4,2026-09-12T12:30:00Z,589,Gourna-Douath,HUL,MID,50,0,0,0.0,154,238,502,898,a,,,,,,,,1.0,2,3,126,1,0,0,1,0,0,16,5,4,7,0.00,0.02,0.02,2.13,1.0,1.0
2026-09-12T00:30:10+00:00,2026-09-11,daily,4,2026-09-12T12:30:00Z,617,Cho,HUL,MID,50,0,0,0.0,303,167,999,358,a,,,,,,,,1.0,1,2,15,0,0,0,0,0,0,0,0,0,0,0.05,0.00,0.05,0.18,1.0,1.0
2026-09-12T00:30:10+00:00,2026-09-11,daily,4,2026-09-12T12:30:00Z,632,Ansah,HUL,FWD,50,0,0,0.0,2649,1306,4871,1516,i,Back injury - Unknown return date,2026-09-09T10:00:08.919489Z,,0,,,,0.0,0,0,0,0,0,0,0,0,0,0,0,0,0,0.00,0.00,0.00,0.00,1.4,0.0
2026-09-12T00:30:10+00:00,2026-09-11,daily,4,2026-09-12T12:30:00Z,637,Vaz,HUL,FWD,50,0,0,0.0,2883,731,4490,933,a,,,,,,,,0.0,0,0,0,0,0,0,0,0,0,0,0,0,0,0.00,0.00,0.00,0.00,1.4,1.4
2026-09-12T00:30:10+00:00,2026-09-11,daily,4,2026-09-12T12:30:00Z,638,Norton-Cuffy,HUL,DEF,40,0,0,0.3,13093,3086,19547,3859,a,,,,,,,,1.0,1,1,26,0,0,0,0,0,0,1,1,0,2,0.00,0.00,0.00,0.12,1.0,1.0
2026-09-12T00:30:10+00:00,2026-09-11,daily,4,2026-09-12T12:30:00Z,642,Thomas,HUL,MID,55,0,0,0.0,788,246,1234,304,a,,,,,,,,1.0,1,1,27,0,0,0,0,0,0,1,0,0,1,0.00,0.04,0.04,0.12,2.0,2.0
2026-09-12T00:30:10+00:00,2026-09-11,daily,4,2026-09-12T12:30:00Z,645,Mouzakitis,HUL,MID,50,0,0,0.0,250,77,460,101,a,,,,,,,,0.0,0,0,0,0,0,0,0,0,0,0,0,0,0,0.00,0.00,0.00,0.00,1.6,1.6
2026-09-12T00:30:10+00:00,2026-09-11,daily,4,2026-09-12T12:30:00Z,259,Diop,IPS,DEF,40,0,0,14.4,31050,118919,101077,314993,a,,,,,,,,2.3,3,7,270,3,0,0,0,8,0,28,25,3,12,0.00,0.02,0.02,6.12,2.3,2.3
2026-09-12T00:30:10+00:00,2026-09-11,daily,4,2026-09-12T12:30:00Z,267,Lukić,IPS,MID,50,0,0,0.1,629,1168,2616,4319,a,,,,,,,1,2.7,2,8,252,3,0,1,0,7,0,21,10,5,6,0.02,0.06,0.08,5.26,2.7,2.7
2026-09-12T00:30:10+00:00,2026-09-11,daily,4,2026-09-12T12:30:00Z,300,Walton,IPS,GKP,44,-1,-1,0.4,216,2359,775,11395,a,,,,,,,,0.0,0,0,0,0,0,0,0,0,0,0,0,0,0,0.00,0.00,0.00,0.00,0.0,0.0
2026-09-12T00:30:10+00:00,2026-09-11,daily,4,2026-09-12T12:30:00Z,301,Palmer,IPS,GKP,40,0,0,4.2,20352,27408,57718,75623,a,,,,,,,,0.0,0,0,0,0,0,0,0,0,0,0,0,0,0,0.00,0.00,0.00,0.00,0.0,0.0
2026-09-12T00:30:10+00:00,2026-09-11,daily,4,2026-09-12T12:30:00Z,302,Button,IPS,GKP,40,0,0,0.6,12936,4463,22492,10163,a,,,,,,,,0.0,0,0,0,0,0,0,0,0,0,0,0,0,0,0.00,0.00,0.00,0.00,0.0,0.0
2026-09-12T00:30:10+00:00,2026-09-11,daily,4,2026-09-12T12:30:00Z,303,Kipré,IPS,DEF,40,0,0,0.5,500,3413,1464,13784,a,,,,,,,,0.0,0,0,0,0,0,0,0,0,0,0,0,0,0,0.00,0.00,0.00,0.00,0.0,0.0
2026-09-12T00:30:10+00:00,2026-09-11,daily,4,2026-09-12T12:30:00Z,304,O'Shea,IPS,DEF,40,0,0,3.0,13762,33556,51573,84733,a,,,,,,,,2.3,3,7,270,3,0,0,0,8,0,30,25,5,11,0.07,0.18,0.25,6.12,2.3,2.3
2026-09-12T00:30:10+00:00,2026-09-11,daily,4,2026-09-12T12:30:00Z,305,Davis,IPS,DEF,40,0,0,5.1,36886,51472,107081,112718,a,,,,,,2,,3.0,1,9,270,3,1,0,0,8,0,17,15,2,8,0.65,0.25,0.90,6.12,3.0,3.0
2026-09-12T00:30:10+00:00,2026-09-11,daily,4,2026-09-12T12:30:00Z,306,Greaves,IPS,DEF,40,0,0,1.2,1607,7675,5921,25059,a,,,,,,,,0.7,1,2,270,3,0,0,0,8,0,24,19,5,8,0.00,0.05,0.05,6.12,0.7,0.7
2026-09-12T00:30:10+00:00,2026-09-11,daily,4,2026-09-12T12:30:00Z,307,Johnson,IPS,DEF,40,0,0,0.1,0,2100,1137,4490,u,Has joined Stoke City on loan for the rest of the season,2026-09-04T12:36:56.236331Z,0,0,,,,0.0,0,0,0,0,0,0,0,0,0,0,0,0,0,0.00,0.00,0.00,0.00,0.0,0.0
2026-09-12T00:30:10+00:00,2026-09-11,daily,4,2026-09-12T12:30:00Z,308,Furlong,IPS,DEF,40,0,0,0.5,348,3092,1229,12056,a,,,,,,,,0.3,0,1,17,0,0,0,0,1,0,3,2,1,0,0.00,0.00,0.00,0.86,0.3,0.3
2026-09-12T00:30:10+00:00,2026-09-11,daily,4,2026-09-12T12:30:00Z,309,Núñez,IPS,MID,50,0,0,0.1,331,1600,2634,4978,a,,,,,,1,3,2.0,0,6,140,2,0,0,0,4,0,21,8,3,10,0.03,0.05,0.08,3.48,2.0,2.0
2026-09-12T00:30:10+00:00,2026-09-11,daily,4,2026-09-12T12:30:00Z,310,Matusiwa,IPS,MID,49,-1,-1,0.0,29,40,49,219,a,,2026-07-29T18:00:10.305484Z,0,100,,,,0.0,0,0,0,0,0,0,0,0,0,0,0,0,0,0.00,0.00,0.00,0.00,0.0,0.0
2026-09-12T00:30:10+00:00,2026-09-11,daily,4,2026-09-12T12:30:00Z,311,Burns,IPS,MID,50,0,0,0.0,0,36,0,315,u,Has joined Leicester City permanently,2026-08-10T14:02:47.597478Z,0,0,,,,0.0,0,0,0,0,0,0,0,0,0,0,0,0,0,0.00,0.00,0.00,0.00,0.0,0.0
2026-09-12T00:30:10+00:00,2026-09-11,daily,4,2026-09-12T12:30:00Z,312,Taylor,IPS,MID,45,0,0,0.0,148,402,449,1980,i,Knee injury - Unknown return date,2026-07-29T18:00:10.319370Z,0,0,,,,0.0,0,0,0,0,0,0,0,0,0,0,0,0,0,0.00,0.00,0.00,0.00,0.0,0.0
2026-09-12T00:30:10+00:00,2026-09-11,daily,4,2026-09-12T12:30:00Z,313,Clarke,IPS,MID,54,-1,-1,0.2,392,3107,4761,11276,a,,,,,1,3,4,2.7,1,8,43,0,1,0,0,0,0,4,1,1,2,0.15,0.02,0.17,0.09,2.7,2.7
2026-09-12T00:30:10+00:00,2026-09-11,daily,4,2026-09-12T12:30:00Z,314,Ogbene,IPS,MID,49,0,-1,0.0,0,284,104,945,u,Has joined Lincoln City on loan until January,2026-09-02T16:04:17.497385Z,0,0,,,,0.0,0,0,0,0,0,0,0,0,0,0,0,0,0,0.00,0.00,0.00,0.00,0.0,0.0
2026-09-12T00:30:10+00:00,2026-09-11,daily,4,2026-09-12T12:30:00Z,315,Fatawu,IPS,MID,55,0,0,0.2,1582,2029,4278,7772,a,,,,,,,2,2.7,2,8,225,3,0,1,0,8,0,17,4,7,6,0.03,0.78,0.81,5.91,2.7,2.7
2026-09-12T00:30:10+00:00,2026-09-11,daily,4,2026-09-12T12:30:00Z,316,Emersonn,IPS,FWD,55,0,0,1.7,22257,21008,119804,89062,a,,2026-08-31T09:30:08.306145Z,100,100,2,,,4.0,2,12,175,3,1,0,0,4,0,7,3,2,2,1.04,0.06,1.10,2.02,4.0,4.0
2026-09-12T00:30:10+00:00,2026-09-11,daily,4,2026-09-12T12:30:00Z,317,Hirst,IPS,FWD,50,0,0,0.1,0,1828,0,14888,u,Has joined Stoke City permanently,2026-08-21T13:06:08.606019Z,0,0,,,,0.0,0,0,0,0,0,0,0,0,0,0,0,0,0,0.00,0.00,0.00,0.00,0.0,0.0
2026-09-12T00:30:10+00:00,2026-09-11,daily,4,2026-09-12T12:30:00Z,318,Philogene,IPS,MID,54,0,-1,0.1,23,1210,170,8588,a,,2026-08-25T11:30:07.532993Z,0,100,3,,5,0.0,0,0,0,0,0,0,0,0,0,0,0,0,0,0.00,0.00,0.00,0.00,0.0,0.0
2026-09-12T00:30:10+00:00,2026-09-11,daily,4,2026-09-12T12:30:00Z,319,Szmodics,IPS,MID,50,0,0,0.0,0,77,0,677,u,Has joined Derby County on loan for the rest of the season,2026-08-17T13:51:41.713979Z,0,0,,,,0.0,0,0,0,0,0,0,0,0,0,0,0,0,0,0.00,0.00,0.00,0.00,0.0,0.0
2026-09-12T00:30:10+00:00,2026-09-11,daily,4,2026-09-12T12:30:00Z,320,Akpom,IPS,FWD,50,0,0,1.2,31783,16568,99062,40038,a,,,,,,,,2.0,0,6,69,0,1,0,0,4,0,3,0,1,2,0.97,0.00,0.97,4.04,2.0,2.0
2026-09-12T00:30:10+00:00,2026-09-11,daily,4,2026-09-12T12:30:00Z,321,Walle Egeli,IPS,FWD,45,0,0,3.5,70258,48733,238668,126328,a,,,,,,,,0.3,0,1,10,0,0,0,0,0,0,0,0,0,0,0.00,0.00,0.00,0.03,0.3,0.3
2026-09-12T00:30:10+00:00,2026-09-11,daily,4,2026-09-12T12:30:00Z,322,Al-Hamadi,IPS,FWD,50,0,0,0.1,0,1460,755,8339,u,Has joined Sheffield Wednesday on loan for the rest of the season,2026-08-27T14:54:10.215357Z,0,0,,,,0.0,0,0,0,0,0,0,0,0,0,0,0,0,0,0.00,0.00,0.00,0.00,0.0,0.0
2026-09-12T00:30:10+00:00,2026-09-11,daily,4,2026-09-12T12:30:00Z,323,McAteer,IPS,MID,45,0,0,1.2,6336,11946,23577,39477,a,,,,,,,,1.0,1,3,42,0,0,0,0,0,0,5,0,1,4,0.05,0.00,0.05,0.21,1.0,1.0
2026-09-12T00:30:10+00:00,2026-09-11,daily,4,2026-09-12T12:30:00Z,324,Mehmeti,IPS,MID,49,0,-1,0.0,85,462,241,1905,a,,,,,,,,0.0,0,0,0,0,0,0,0,0,0,0,0,0,0,0.00,0.00,0.00,0.00,0.0,0.0
2026-09-12T00:30:10+00:00,2026-09-11,daily,4,2026-09-12T12:30:00Z,554,Van Oevelen,IPS,GKP,45,0,0,0.0,0,268,54,1603,u,Has joined Valencia on loan for the rest of the season,2026-08-25T14:04:09.529320Z,0,0,,,,0.0,0,0,0,0,0,0,0,0,0,0,0,0,0,0.00,0.00,0.00,0.00,0.0,0.0
2026-09-12T00:30:10+00:00,2026-09-11,daily,4,2026-09-12T12:30:00Z,562,Maeda,IPS,MID,54,-1,-1,0.3,741,3816,2384,13697,a,,,,,,,,2.0,2,6,216,3,0,0,0,7,0,19,8,7,4,0.71,0.01,0.72,5.16,2.0,2.0
2026-09-12T00:30:10+00:00,2026-09-11,daily,4,2026-09-12T12:30:00Z,564,Scherpen,IPS,GKP,45,0,0,0.6,4505,4622,10233,15355,a,,,,,,,,2.0,2,6,270,3,0,0,0,8,13,0,5,0,30,0.00,0.01,0.01,6.12,2.0,2.0
2026-09-12T00:30:10+00:00,2026-09-11,daily,4,2026-09-12T12:30:00Z,571,Florentino,IPS,MID,49,0,-1,0.1,293,998,730,5556,a,,2026-08-25T11:30:07.678802Z,100,100,,,,0.0,0,0,0,0,0,0,0,0,0,0,0,0,0,0.00,0.00,0.00,0.00,0.0,0.0
2026-09-12T00:30:10+00:00,2026-09-11,daily,4,2026-09-12T12:30:00Z,591,Enciso,IPS,MID,55,0,0,0.9,22735,12900,76301,28165,a,,2026-08-22T18:00:07.551930Z,100,100,,,,3.7,1,11,250,3,0,2,0,8,0,21,4,2,15,0.87,0.64,1.51,6.09,3.7,3.7
2026-09-12T00:30:10+00:00,2026-09-11,daily,4,2026-09-12T12:30:00Z,592,Ouattara,IPS,DEF,40,0,0,0.9,2513,4612,9683,17639,a,,,,,,,,1.0,1,3,39,0,0,0,0,1,0,2,2,0,3,0.00,0.02,0.02,0.89,1.0,1.0
2026-09-12T00:30:10+00:00,2026-09-11,daily,4,2026-09-12T12:30:00Z,602,Humphreys,IPS,MID,45,0,0,0.0,0,895,2861,2432,u,Has joined Huddersfield Town on loan for the rest of the season,2026-09-02T16:04:17.524642Z,0,0,,,,0.0,0,0,0,0,0,0,0,0,0,0,0,0,0,0.00,0.00,0.00,0.00,0.0,0.0
2026-09-12T00:30:10+00:00,2026-09-11,daily,4,2026-09-12T12:30:00Z,619,Palacios,IPS,MID,50,0,0,0.0,2069,809,3484,1161,a,,,,,,,,2.5,4,5,105,1,0,0,0,4,0,25,5,5,15,0.00,0.03,0.03,2.61,2.5,2.5
2026-09-12T00:30:10+00:00,2026-09-11,daily,4,2026-09-12T12:30:00Z,640,Flemming,IPS,FWD,55,0,0,0.0,2069,565,3830,798,a,,,,,,,,1.0,1,1,24,0,0,0,0,0,0,0,0,0,0,0.02,0.01,0.03,0.06,1.8,1.8
2026-09-12T00:30:10+00:00,2026-09-11,daily,4,2026-09-12T12:30:00Z,260,Wilson,LEE,MID,63,-1,-2,2.9,2797,105248,25053,318621,a,,,,,,2,2,1.3,0,4,127,1,0,0,1,0,0,9,2,3,4,0.01,0.06,0.07,2.98,1.3,1.3
2026-09-12T00:30:10+00:00,2026-09-11,daily,4,2026-09-12T12:30:00Z,326,Perri,LEE,GKP,45,0,0,0.4,0,6104,532,20920,u,Has joined Torino on loan for the rest of the season,2026-09-01T13:12:39.210133Z,0,0,,,,0.0,0,0,0,0,0,0,0,0,0,0,0,0,0,0.00,0.00,0.00,0.00,0.0,0.0
2026-09-12T00:30:10+00:00,2026-09-11,daily,4,2026-09-12T12:30:00Z,327,Bijol,LEE,DEF,50,0,0,0.8,3802,12582,63929,38293,a,,,,,,,,4.0,1,12,164,2,0,0,1,2,0,21,18,3,7,0.11,0.00,0.11,3.16,4.0,4.0
2026-09-12T00:30:10+00:00,2026-09-11,daily,4,2026-09-12T12:30:00Z,329,Rodon,LEE,DEF,44,-1,-1,1.3,149,91697,26819,231898,i,Hamstring injury - Expected back 21 Nov,2026-08-30T16:00:08.564382Z,0,0,,,,2.3,0,7,123,2,0,0,1,0,0,11,10,1,2,0.03,0.06,0.09,1.01,0.0,0.0
2026-09-12T00:30:10+00:00,2026-09-11,daily,4,2026-09-12T12:30:00Z,330,Bogle,LEE,DEF,45,0,0,1.9,99360,19339,110374,27984,a,,,,,,,,7.3,14,22,217,3,1,0,2,1,0,12,9,3,8,0.90,0.03,0.93,1.64,7.3,7.3
2026-09-12T00:30:10+00:00,2026-09-11,daily,4,2026-09-12T12:30:00Z,331,Gudmundsson,LEE,DEF,45,0,0,0.1,927,447,1637,1830,a,,2026-08-08T20:00:07.546568Z,100,100,,,,0.7,2,2,90,1,0,0,0,1,0,5,2,3,9,0.00,0.00,0.00,2.19,0.7,0.7
2026-09-12T00:30:10+00:00,2026-09-11,daily,4,2026-09-12T12:30:00Z,332,Justin,LEE,DEF,45,0,0,1.5,21466,17749,100632,48568,a,,,,,,,,5.3,4,16,270,3,0,0,1,2,0,30,19,11,11,0.17,0.02,0.19,4.52,5.3,5.3
2026-09-12T00:30:10+00:00,2026-09-11,daily,4,2026-09-12T12:30:00Z,333,Bornauw,LEE,DEF,45,0,0,0.0,0,33,0,266,u,Has joined Hamburg SV on loan for the rest of the season,2026-08-19T13:56:14.645970Z,0,0,,,,0.0,0,0,0,0,0,0,0,0,0,0,0,0,0,0.00,0.00,0.00,0.00,0.0,0.0
2026-09-12T00:30:10+00:00,2026-09-11,daily,4,2026-09-12T12:30:00Z,334,Muharemović,LEE,DEF,50,0,0,3.7,104735,55535,166778,109970,a,,,,,,,,4.7,4,14,270,3,0,0,1,2,0,39,36,3,6,0.09,0.02,0.11,4.52,4.7,4.7
2026-09-12T00:30:10+00:00,2026-09-11,daily,4,2026-09-12T12:30:00Z,335,Stach,LEE,MID,60,0,0,2.8,25052,41094,168572,104330,a,,,,,,1,1,6.3,2,19,270,3,1,0,1,2,0,38,18,9,11,0.49,0.16,0.65,4.52,6.3,6.3
2026-09-12T00:30:10+00:00,2026-09-11,daily,4,2026-09-12T12:30:00Z,336,Okafor,LEE,MID,59,0,-1,0.3,1710,5280,5584,25339,a,,,,,,,,2.0,3,6,153,2,0,0,1,1,0,7,2,3,2,0.08,0.18,0.26,1.11,2.0,2.0
2026-09-12T00:30:10+00:00,2026-09-11,daily,4,2026-09-12T12:30:00Z,337,Aaronson,LEE,MID,54,-1,-1,0.6,960,9390,5579,33917,a,,,,,,4,,1.7,1,5,154,2,0,0,1,2,0,10,1,2,7,0.01,0.02,0.03,3.08,1.7,1.7
2026-09-12T00:30:10+00:00,2026-09-11,daily,4,2026-09-12T12:30:00Z,338,Ampadu,LEE,MID,54,-1,-1,1.0,2189,14276,10342,42986,a,,,,,,,,3.0,2,9,270,3,0,0,1,2,0,34,17,8,9,0.01,0.14,0.15,4.52,3.0,3.0
2026-09-12T00:30:10+00:00,2026-09-11,daily,4,2026-09-12T12:30:00Z,339,Longstaff,LEE,MID,49,-1,-1,0.1,614,1563,1828,5798,a,,,,,,3,3,0.3,0,1,8,0,0,0,0,0,0,0,0,0,0,0.00,0.00,0.00,0.07,0.3,0.3
2026-09-12T00:30:10+00:00,2026-09-11,daily,4,2026-09-12T12:30:00Z,341,Gnonto,LEE,MID,50,0,0,0.0,0,400,244,1544,u,Has joined ACF Fiorentina on loan for the rest of the season,2026-09-02T16:04:47.189648Z,0,0,,,,0.0,0,0,0,0,0,0,0,0,0,0,0,0,0,0.00,0.00,0.00,0.00,0.0,0.0
2026-09-12T00:30:10+00:00,2026-09-11,daily,4,2026-09-12T12:30:00Z,342,Harrison,LEE,MID,50,0,0,0.0,0,11,0,64,u,Has joined New England Revolution permanently,2026-07-28T12:59:09.492431Z,0,0,,,,0.0,0,0,0,0,0,0,0,0,0,0,0,0,0,0.00,0.00,0.00,0.00,0.0,0.0
2026-09-12T00:30:10+00:00,2026-09-11,daily,4,2026-09-12T12:30:00Z,343,James,LEE,MID,50,0,0,0.1,678,1691,3140,5718,a,,,,,,,,0.3,0,1,22,0,0,0,0,0,0,2,0,0,2,0.24,0.01,0.25,0.93,0.3,0.3
2026-09-12T00:30:10+00:00,2026-09-11,daily,4,2026-09-12T12:30:00Z,344,Gruev,LEE,MID,50,0,0,0.0,12,49,54,249,d,Knee injury - 25% chance of playing,2026-08-14T23:00:06.272027Z,25,25,,,,0.0,0,0,0,0,0,0,0,0,0,0,0,0,0,0.00,0.00,0.00,0.00,0.0,0.0
2026-09-12T00:30:10+00:00,2026-09-11,daily,4,2026-09-12T12:30:00Z,345,Tanaka,LEE,MID,49,0,-1,0.2,5033,2677,9398,11411,a,,,,,,,4,2.0,5,6,117,1,0,1,0,1,0,19,8,5,6,0.53,0.02,0.55,2.00,2.0,2.0
2026-09-12T00:30:10+00:00,2026-09-11,daily,4,2026-09-12T12:30:00Z,346,Calvert-Lewin,LEE,FWD,60,0,0,22.3,84613,388351,367513,920515,a,,,,,1,,,3.3,1,10,252,3,1,0,1,2,0,9,4,0,5,1.61,0.08,1.69,3.20,3.3,3.3
2026-09-12T00:30:10+00:00,2026-09-11,daily,4,2026-09-12T12:30:00Z,347,Nmecha,LEE,FWD,54,-1,-1,0.5,5592,6385,12936,24468,a,,,,,2,,,1.7,1,5,38,0,0,1,0,0,0,1,0,0,1,0.27,0.14,0.41,2.25,1.7,1.7
2026-09-12T00:30:10+00:00,2026-09-11,daily,4,2026-09-12T12:30:00Z,348,Piroe,LEE,FWD,50,0,0,0.1,0,1356,0,9652,u,Has joined West Ham United on loan for the rest of the season,2026-08-19T13:56:14.666726Z,0,0,3,,,0.0,0,0,0,0,0,0,0,0,0,0,0,0,0,0.00,0.00,0.00,0.00,0.0,0.0
2026-09-12T00:30:10+00:00,2026-09-11,daily,4,2026-09-12T12:30:00Z,349,Mateo Joseph,LEE,FWD,45,0,0,0.1,685,889,1957,3022,i,Knee injury - Unknown return date,2026-07-29T18:00:10.338170Z,0,0,,,,0.0,0,0,0,0,0,0,0,0,0,0,0,0,0,0.00,0.00,0.00,0.00,0.0,0.0
2026-09-12T00:30:10+00:00,2026-09-11,daily,4,2026-09-12T12:30:00Z,385,Trafford,LEE,GKP,50,0,0,5.4,55206,41384,200497,105308,a,,,,,,,,5.0,3,15,270,3,0,0,1,2,11,0,2,0,31,0.00,0.00,0.00,4.52,5.0,5.0
2026-09-12T00:30:10+00:00,2026-09-11,daily,4,2026-09-12T12:30:00Z,598,Elvedi,LEE,DEF,45,0,0,0.0,2285,1073,3368,1880,a,,,,,,,,1.7,4,5,146,1,0,0,0,2,0,16,15,1,4,0.00,0.57,0.57,3.51,1.7,1.7
2026-09-12T00:30:10+00:00,2026-09-11,daily,4,2026-09-12T12:30:00Z,603,Lienou,LEE,DEF,40,0,0,0.1,1214,924,5238,2379,a,,,,,,,,0.0,0,0,0,0,0,0,0,0,0,0,0,0,0,0.00,0.00,0.00,0.00,0.0,0.0
2026-09-12T00:30:10+00:00,2026-09-11,daily,4,2026-09-12T12:30:00Z,604,Cresswell,LEE,MID,45,0,0,0.1,3124,1952,12075,4856,a,,,,,,,,0.0,0,0,0,0,0,0,0,0,0,0,0,0,0,0.00,0.00,0.00,0.00,0.0,0.0
2026-09-12T00:30:10+00:00,2026-09-11,daily,4,2026-09-12T12:30:00Z,625,Cairns,LEE,GKP,40,0,0,0.2,5374,1955,14799,3339,a,,,,,,,,0.0,0,0,0,0,0,0,0,0,0,0,0,0,0,0.00,0.00,0.00,0.00,0.0,0.0
2026-09-12T00:30:10+00:00,2026-09-11,daily,4,2026-09-12T12:30:00Z,629,Zetterer,LEE,GKP,40,0,0,0.6,20362,4322,33636,5629,a,,,,,,,,0.0,0,0,0,0,0,0,0,0,0,0,0,0,0,0.00,0.00,0.00,0.00,1.0,1.0
2026-09-12T00:30:10+00:00,2026-09-11,daily,4,2026-09-12T12:30:00Z,641,Bard,LEE,DEF,45,0,0,0.0,277,88,454,116,a,,,,,,,,0.0,0,0,0,0,0,0,0,0,0,0,0,0,0,0.00,0.00,0.00,0.00,1.8,1.8
2026-09-12T00:30:10+00:00,2026-09-11,daily,4,2026-09-12T12:30:00Z,648,Bahoya,LEE,MID,50,0,0,0.0,690,317,1705,513,a,,,,,,,,0.0,0,0,0,0,0,0,0,0,0,0,0,0,0,0.00,0.00,0.00,0.00,1.6,1.6
2026-09-12T00:30:10+00:00,2026-09-11,daily,4,2026-09-12T12:30:00Z,350,A.Becker,LIV,GKP,55,0,0,4.0,36725,25174,104553,104387,a,,,,,,,,3.3,8,10,270,3,0,0,1,4,9,0,6,0,24,0.00,0.00,0.00,4.63,3.3,3.3
2026-09-12T00:30:10+00:00,2026-09-11,daily,4,2026-09-12T12:30:00Z,351,Mamardashvili,LIV,GKP,49,0,-1,0.1,486,1688,2146,6566,a,,,,,,,,0.0,0,0,0,0,0,0,0,0,0,0,0,0,0,0.00,0.00,0.00,0.00,0.0,0.0
2026-09-12T00:30:10+00:00,2026-09-11,daily,4,2026-09-12T12:30:00Z,352,Woodman,LIV,GKP,40,0,0,1.1,3098,6115,14588,19585,a,,,,,,,,0.0,0,0,0,0,0,0,0,0,0,0,0,0,0,0.00,0.00,0.00,0.00,0.0,0.0
2026-09-12T00:30:10+00:00,2026-09-11,daily,4,2026-09-12T12:30:00Z,353,Pecsi,LIV,GKP,40,0,0,0.0,0,168,0,900,u,Has joined TSV Hartberg on loan for the rest of the season,2026-08-18T14:11:18.638344Z,0,0,,,,0.0,0,0,0,0,0,0,0,0,0,0,0,0,0,0.00,0.00,0.00,0.00,0.0,0.0
2026-09-12T00:30:10+00:00,2026-09-11,daily,4,2026-09-12T12:30:00Z,354,Jaros,LIV,GKP,40,0,0,0.0,494,326,1206,841,i,Knee injury - Unknown return date,2026-07-29T18:00:10.351066Z,0,0,,,,0.0,0,0,0,0,0,0,0,0,0,0,0,0,0,0.00,0.00,0.00,0.00,0.0,0.0
2026-09-12T00:30:10+00:00,2026-09-11,daily,4,2026-09-12T12:30:00Z,355,Davies,LIV,GKP,40,0,0,0.2,1056,967,3417,2819,a,,,,,,,,0.0,0,0,0,0,0,0,0,0,0,0,0,0,0,0.00,0.00,0.00,0.00,0.0,0.0
2026-09-12T00:30:10+00:00,2026-09-11,daily,4,2026-09-12T12:30:00Z,356,Virgil,LIV,DEF,65,0,0,17.2,68983,109141,211247,461696,a,,,,,,,,3.0,6,9,270,3,0,0,1,4,0,25,20,5,15,0.25,0.06,0.31,4.63,3.0,3.0
2026-09-12T00:30:10+00:00,2026-09-11,daily,4,2026-09-12T12:30:00Z,357,Frimpong,LIV,DEF,54,-1,-1,2.3,4081,73622,53695,177591,a,,,,,,,,0.3,0,1,160,2,0,0,0,4,0,8,5,3,6,0.01,0.11,0.12,3.81,0.3,0.3
2026-09-12T00:30:10+00:00,2026-09-11,daily,4,2026-09-12T12:30:00Z,358,Kerkez,LIV,DEF,54,-1,-1,2.7,10047,29123,39691,128561,a,,,,,,,,2.0,5,6,250,3,0,0,1,4,0,20,14,6,8,0.02,0.06,0.08,4.56,2.0,2.0
2026-09-12T00:30:10+00:00,2026-09-11,daily,4,2026-09-12T12:30:00Z,359,Gomez,LIV,DEF,50,0,0,0.0,70,194,219,928,i,Muscular injury - Unknown return date,2026-07-26T08:30:10.078473Z,0,0,,,,0.0,0,0,0,0,0,0,0,0,0,0,0,0,0,0.00,0.00,0.00,0.00,0.0,0.0
2026-09-12T00:30:10+00:00,2026-09-11,daily,4,2026-09-12T12:30:00Z,360,Bradley,LIV,DEF,50,0,0,0.0,64,150,257,587,i,Knee injury - Unknown return date,2026-07-23T12:01:23.565711Z,0,0,,,,0.0,0,0,0,0,0,0,0,0,0,0,0,0,0,0.00,0.00,0.00,0.00,0.0,0.0
2026-09-12T00:30:10+00:00,2026-09-11,daily,4,2026-09-12T12:30:00Z,361,Lucky,LIV,DEF,40,0,0,0.1,742,1332,2770,3897,a,,,,,,,,0.0,0,0,0,0,0,0,0,0,0,0,0,0,0,0.00,0.00,0.00,0.00,0.0,0.0
2026-09-12T00:30:10+00:00,2026-09-11,daily,4,2026-09-12T12:30:00Z,362,Jacquet,LIV,DEF,50,0,0,2.7,40234,28011,119769,86684,a,,2026-07-23T12:01:23.581126Z,100,100,,,,3.0,5,9,235,3,0,0,1,4,0,23,16,7,10,0.00,0.10,0.10,4.02,3.0,3.0
2026-09-12T00:30:10+00:00,2026-09-11,daily,4,2026-09-12T12:30:00Z,363,Leoni,LIV,DEF,40,0,0,0.0,144,404,658,1540,i,Knee injury - Unknown return date,2026-07-23T12:01:23.596909Z,0,0,,,,0.0,0,0,0,0,0,0,0,0,0,0,0,0,0,0.00,0.00,0.00,0.00,0.0,0.0
2026-09-12T00:30:10+00:00,2026-09-11,daily,4,2026-09-12T12:30:00Z,364,Tsimikas,LIV,DEF,49,-1,-1,0.1,302,1187,1128,3256,a,,,,,,,,0.3,0,1,19,0,0,0,0,0,0,0,0,0,0,0.04,0.01,0.05,0.07,0.3,0.3
2026-09-12T00:30:10+00:00,2026-09-11,daily,4,2026-09-12T12:30:00Z,365,Ramsay,LIV,DEF,40,0,0,0.1,0,1837,638,10804,u,Has joined St Mirren on loan for the rest of the season,2026-08-26T14:05:26.748768Z,0,0,,,,0.0,0,0,0,0,0,0,0,0,0,0,0,0,0,0.00,0.00,0.00,0.00,0.0,0.0
2026-09-12T00:30:10+00:00,2026-09-11,daily,4,2026-09-12T12:30:00Z,366,Wirtz,LIV,MID,74,-1,-1,8.0,20438,199651,114391,513292,a,,,,,4,2,3,3.0,3,9,242,3,0,1,1,4,0,19,0,4,15,0.67,0.29,0.96,3.46,3.0,3.0
2026-09-12T00:30:10+00:00,2026-09-11,daily,4,2026-09-12T12:30:00Z,367,Gakpo,LIV,MID,72,1,2,13.1,641028,232233,1081725,391165,d,Thigh injury - 75% chance of playing,2026-09-09T18:30:08.772955Z,,75,3,,2,9.3,11,28,250,3,1,3,1,4,0,25,7,6,12,0.36,1.20,1.56,4.56,9.3,7.0
2026-09-12T00:30:10+00:00,2026-09-11,daily,4,2026-09-12T12:30:00Z,368,Szoboszlai,LIV,MID,70,0,0,38.5,201302,452929,727326,906762,a,,,,,1,1,1,5.0,3,15,270,3,1,0,1,4,0,29,8,4,17,1.17,0.52,1.69,4.63,5.0,5.0
2026-09-12T00:30:10+00:00,2026-09-11,daily,4,2026-09-12T12:30:00Z,369,Ngumoha,LIV,MID,58,-1,-2,0.6,2232,20785,11252,71071,a,,,,,,,,1.0,0,3,81,1,0,0,0,2,0,3,0,1,2,0.04,0.05,0.09,0.58,1.0,1.0
2026-09-12T00:30:10+00:00,2026-09-11,daily,4,2026-09-12T12:30:00Z,370,Chiesa,LIV,MID,54,0,-1,0.1,14,1229,649,9025,i,Back injury - Unknown return date,2026-08-27T13:30:07.598926Z,0,0,,,,0.0,0,0,0,0,0,0,0,0,0,0,0,0,0,0.00,0.00,0.00,0.00,0.0,0.0
2026-09-12T00:30:10+00:00,2026-09-11,daily,4,2026-09-12T12:30:00Z,371,Gravenberch,LIV,MID,59,-1,-1,1.4,4625,33925,30404,94078,a,,,,,,,,2.3,1,7,122,1,0,1,0,2,0,14,3,2,9,0.06,0.06,0.12,1.34,2.3,2.3
2026-09-12T00:30:10+00:00,2026-09-11,daily,4,2026-09-12T12:30:00Z,372,Mac Allister,LIV,MID,54,-1,-1,1.4,10482,18439,27671,68005,a,,,,,5,,,1.7,2,5,186,2,0,0,1,2,0,24,5,8,11,0.08,0.42,0.50,3.90,1.7,1.7
2026-09-12T00:30:10+00:00,2026-09-11,daily,4,2026-09-12T12:30:00Z,373,C.Jones,LIV,MID,55,0,0,0.0,0,328,34,2386,u,Has joined Internazionale permanently,2026-08-16T18:30:07.426408Z,0,0,,,,0.0,0,0,0,0,0,0,0,0,0,0,0,0,0,0.00,0.00,0.00,0.00,0.0,0.0
2026-09-12T00:30:10+00:00,2026-09-11,daily,4,2026-09-12T12:30:00Z,374,Endo,LIV,MID,49,-1,-1,0.1,488,1016,1771,3447,a,,2026-07-23T12:01:23.612529Z,100,100,,,,0.0,0,0,0,0,0,0,0,0,0,0,0,0,0,0.00,0.00,0.00,0.00,0.0,0.0
2026-09-12T00:30:10+00:00,2026-09-11,daily,4,2026-09-12T12:30:00Z,375,Nyoni,LIV,MID,49,-1,-1,0.0,389,628,1031,2123,a,,,,,,,,0.7,1,2,19,0,0,0,0,0,0,5,1,2,2,0.00,0.00,0.00,0.22,0.7,0.7
2026-09-12T00:30:10+00:00,2026-09-11,daily,4,2026-09-12T12:30:00Z,376,Bajcetic,LIV,MID,50,0,0,0.0,0,23,19,95,u,Has joined Celta Vigo permanently,2026-07-23T12:01:23.628373Z,0,0,,,,0.0,0,0,0,0,0,0,0,0,0,0,0,0,0,0.00,0.00,0.00,0.00,0.0,0.0
2026-09-12T00:30:10+00:00,2026-09-11,daily,4,2026-09-12T12:30:00Z,377,Munoz,LIV,MID,65,0,0,1.2,16417,26223,106114,55337,a,,,,,,,,4.3,3,13,180,2,1,1,1,2,0,11,4,2,5,0.42,0.25,0.67,3.95,4.3,4.3
2026-09-12T00:30:10+00:00,2026-09-11,daily,4,2026-09-12T12:30:00Z,378,McConnell,LIV,MID,45,0,0,0.2,818,2305,3105,8528,a,,,,,,,,0.0,0,0,0,0,0,0,0,0,0,0,0,0,0,0.00,0.00,0.00,0.00,0.0,0.0
2026-09-12T00:30:10+00:00,2026-09-11,daily,4,2026-09-12T12:30:00Z,379,Isak,LIV,FWD,91,1,1,23.1,607687,87963,862310,395945,a,,,,,2,,,7.7,13,23,243,3,3,0,1,4,0,5,2,1,2,2.29,0.06,2.35,4.46,7.7,7.7
2026-09-12T00:30:10+00:00,2026-09-11,daily,4,2026-09-12T12:30:00Z,380,Ekitiké,LIV,FWD,74,-1,-1,0.1,446,1925,1851,9164,i,Achilles injury - Unknown return date,2026-07-23T12:01:23.643771Z,0,0,,,,0.0,0,0,0,0,0,0,0,0,0,0,0,0,0,0.00,0.00,0.00,0.00,0.0,0.0
2026-09-12T00:30:10+00:00,2026-09-11,daily,4,2026-09-12T12:30:00Z,381,Koumas,LIV,MID,50,0,0,0.0,127,289,444,877,a,,,,,,,,0.7,1,2,13,0,0,0,0,0,0,1,0,0,1,0.03,0.00,0.03,0.58,0.7,0.7
2026-09-12T00:30:10+00:00,2026-09-11,daily,4,2026-09-12T12:30:00Z,382,Danns,LIV,FWD,45,0,0,0.1,6322,2133,9546,3641,a,,2026-07-23T12:01:23.659279Z,100,100,,,,0.0,0,0,0,0,0,0,0,0,0,0,0,0,0,0.00,0.00,0.00,0.00,0.0,0.0
2026-09-12T00:30:10+00:00,2026-09-11,daily,4,2026-09-12T12:30:00Z,383,Elliott,LIV,MID,54,0,-1,0.0,0,1555,907,5227,u,Has joined Valencia on loan for the rest of the season,2026-09-02T16:05:49.104326Z,0,0,,,,0.0,0,0,0,0,0,0,0,0,0,0,0,0,0,0.00,0.00,0.00,0.00,0.0,0.0
2026-09-12T00:30:10+00:00,2026-09-11,daily,4,2026-09-12T12:30:00Z,579,Araujo,LIV,DEF,54,0,-1,2.6,46191,15385,81473,129699,a,,,,,,,,3.0,8,9,123,1,0,0,1,0,0,15,13,2,4,0.00,0.05,0.05,1.36,3.0,3.0
2026-09-12T00:30:10+00:00,2026-09-11,daily,4,2026-09-12T12:30:00Z,627,Barcola,LIV,MID,80,0,0,2.0,96219,39145,232007,58761,a,,,,,,,,1.0,1,1,26,0,0,0,0,0,0,0,0,0,0,0.00,0.07,0.07,0.17,2.8,2.8
2026-09-12T00:30:10+00:00,2026-09-11,daily,4,2026-09-12T12:30:00Z,155,Enzo,MCI,MID,69,0,-1,3.2,33987,44529,79909,266630,a,,,,,,,,1.3,3,4,100,1,0,0,1,0,0,6,1,1,4,0.13,0.14,0.27,1.28,1.3,1.3
2026-09-12T00:30:10+00:00,2026-09-11,daily,4,2026-09-12T12:30:00Z,237,Ndiaye,MCI,MID,59,-1,-1,9.1,38329,280862,242698,814034,a,,,,,,,,5.3,3,16,266,3,0,1,2,1,0,30,6,7,17,0.28,0.43,0.71,5.47,5.3,5.3
2026-09-12T00:30:10+00:00,2026-09-11,daily,4,2026-09-12T12:30:00Z,384,Donnarumma,MCI,GKP,55,0,0,7.6,28408,66294,133556,231311,a,,,,,,,,3.3,7,10,270,3,0,0,1,2,7,0,2,0,14,0.00,0.00,0.00,2.68,3.3,3.3
2026-09-12T00:30:10+00:00,2026-09-11,daily,4,2026-09-12T12:30:00Z,386,Bettinelli,MCI,GKP,45,0,0,0.0,109,217,416,826,a,,,,,,,,0.0,0,0,0,0,0,0,0,0,0,0,0,0,0,0.00,0.00,0.00,0.00,0.0,0.0
2026-09-12T00:30:10+00:00,2026-09-11,daily,4,2026-09-12T12:30:00Z,387,O'Reilly,MCI,DEF,64,-1,-1,13.5,6526,492381,172553,890741,a,,2026-09-05T18:00:06.379802Z,,100,,,,1.3,0,4,150,2,0,0,0,2,0,3,1,2,7,0.09,0.43,0.52,1.21,1.3,1.3
2026-09-12T00:30:10+00:00,2026-09-11,daily,4,2026-09-12T12:30:00Z,388,Guéhi,MCI,DEF,60,0,0,18.4,82076,97282,387708,321100,a,,,,,,,,6.7,8,20,270,3,1,0,1,2,0,18,15,3,14,0.89,0.38,1.27,2.68,6.7,6.7
2026-09-12T00:30:10+00:00,2026-09-11,daily,4,2026-09-12T12:30:00Z,389,Matheus N.,MCI,DEF,59,0,-1,0.9,2144,9325,5654,65237,a,,2026-08-27T11:30:08.171622Z,100,100,4,,,0.3,0,1,33,0,0,0,0,0,0,1,1,0,2,0.00,0.04,0.04,0.10,0.3,0.3
2026-09-12T00:30:10+00:00,2026-09-11,daily,4,2026-09-12T12:30:00Z,390,Rúben,MCI,DEF,55,0,0,1.8,9762,14950,40037,51461,a,,,,,,,,3.3,6,10,270,3,0,0,1,2,0,15,14,1,14,0.09,0.74,0.83,2.68,3.3,3.3
2026-09-12T00:30:10+00:00,2026-09-11,daily,4,2026-09-12T12:30:00Z,391,Gvardiol,MCI,DEF,56,0,1,19.9,279050,134070,1055820,290371,a,,,,,,,,7.3,8,22,254,3,1,1,1,2,0,17,10,7,12,0.20,0.11,0.31,2.68,7.3,7.3
2026-09-12T00:30:10+00:00,2026-09-11,daily,4,2026-09-12T12:30:00Z,392,Aït-Nouri,MCI,DEF,53,-1,-2,0.5,1172,9826,5808,51676,a,,,,,,,,0.0,0,0,0,0,0,0,0,0,0,0,0,0,0,0.00,0.00,0.00,0.00,0.0,0.0
2026-09-12T00:30:10+00:00,2026-09-11,daily,4,2026-09-12T12:30:00Z,393,Khusanov,MCI,DEF,55,0,0,1.6,5502,12118,21380,50938,a,,,,,,,,3.0,5,9,268,3,0,0,1,2,0,17,9,8,13,0.00,0.06,0.06,2.68,3.0,3.0
2026-09-12T00:30:10+00:00,2026-09-11,daily,4,2026-09-12T12:30:00Z,394,Alleyne,MCI,DEF,50,0,0,0.0,0,55,0,554,u,Has joined Burnley on loan for the rest of the season,2026-08-18T14:11:56.324656Z,0,0,,,,0.0,0,0,0,0,0,0,0,0,0,0,0,0,0,0.00,0.00,0.00,0.00,0.0,0.0
2026-09-12T00:30:10+00:00,2026-09-11,daily,4,2026-09-12T12:30:00Z,395,Lewis,MCI,DEF,44,-1,-1,0.2,892,3629,6664,11885,a,,,,,,,,0.3,0,1,56,1,0,0,0,1,0,2,2,0,0,0.17,0.02,0.19,0.55,0.3,0.3
2026-09-12T00:30:10+00:00,2026-09-11,daily,4,2026-09-12T12:30:00Z,396,Vitor Reis,MCI,DEF,45,0,0,0.0,73,257,307,759,a,,,,,,,,0.3,0,1,1,0,0,0,0,0,0,0,0,0,0,0.00,0.00,0.00,0.00,0.3,0.3
2026-09-12T00:30:10+00:00,2026-09-11,daily,4,2026-09-12T12:30:00Z,397,Semenyo,MCI,MID,84,-1,-1,16.6,32018,285437,149746,889768,a,,,,,2,,,4.3,6,13,270,3,0,2,1,2,0,12,0,3,9,0.17,0.93,1.10,2.68,4.3,4.3
2026-09-12T00:30:10+00:00,2026-09-11,daily,4,2026-09-12T12:30:00Z,398,Foden,MCI,MID,70,0,0,4.1,16096,172010,298979,293410,a,,,,,,2,2,3.7,1,11,195,2,0,2,0,2,0,14,2,4,8,1.61,0.86,2.47,1.81,3.7,3.7
2026-09-12T00:30:10+00:00,2026-09-11,daily,4,2026-09-12T12:30:00Z,399,Cherki,MCI,MID,78,1,3,29.4,275872,358650,2345080,481994,a,,,,,,1,1,8.3,3,25,173,2,2,2,1,1,0,6,0,0,6,0.56,1.35,1.91,1.62,8.3,8.3
2026-09-12T00:30:10+00:00,2026-09-11,daily,4,2026-09-12T12:30:00Z,400,Doku,MCI,MID,74,0,-1,0.7,237,13069,1184,117455,i,Calf injury - Expected back 20 Sep,2026-08-18T17:00:08.385597Z,0,0,3,,,0.0,0,0,0,0,0,0,0,0,0,0,0,0,0,0.00,0.00,0.00,0.00,0.0,0.0
2026-09-12T00:30:10+00:00,2026-09-11,daily,4,2026-09-12T12:30:00Z,402,Rodrigo,MCI,MID,65,0,0,0.0,0,79,0,1144,u,Has joined Barcelona permanently,2026-07-23T12:01:23.675537Z,0,0,,,,0.0,0,0,0,0,0,0,0,0,0,0,0,0,0,0.00,0.00,0.00,0.00,0.0,0.0
2026-09-12T00:30:10+00:00,2026-09-11,daily,4,2026-09-12T12:30:00Z,404,Reijnders,MCI,MID,60,0,0,0.0,0,494,0,7814,u,Has joined Al Qadsiah permanently,2026-08-20T14:02:58.154273Z,0,0,,,,0.0,0,0,0,0,0,0,0,0,0,0,0,0,0,0.00,0.00,0.00,0.00,0.0,0.0
2026-09-12T00:30:10+00:00,2026-09-11,daily,4,2026-09-12T12:30:00Z,406,Kovačić,MCI,MID,54,-1,-1,0.1,392,1263,1868,4699,a,,,,,,,,0.7,0,2,42,0,0,0,0,0,0,2,0,0,2,0.00,0.02,0.02,0.10,0.7,0.7
2026-09-12T00:30:10+00:00,2026-09-11,daily,4,2026-09-12T12:30:00Z,407,Echeverri,MCI,MID,49,0,-1,0.0,0,331,250,1134,u,Has joined Benfica on loan for the rest of the season,2026-09-03T15:41:24.710479Z,0,0,,,,0.0,0,0,0,0,0,0,0,0,0,0,0,0,0,0.00,0.00,0.00,0.00,0.0,0.0
2026-09-12T00:30:10+00:00,2026-09-11,daily,4,2026-09-12T12:30:00Z,408,Phillips,MCI,MID,50,0,0,0.0,0,55,0,516,u,Has joined Sheffield United on loan for the rest of the season,2026-08-18T14:11:56.348781Z,0,0,,,,0.0,0,0,0,0,0,0,0,0,0,0,0,0,0,0.00,0.00,0.00,0.00,0.0,0.0
2026-09-12T00:30:10+00:00,2026-09-11,daily,4,2026-09-12T12:30:00Z,409,Mukasa,MCI,MID,45,0,0,0.1,0,3089,1621,9550,u,has joined West Ham on loan for the rest of the seaon.,2026-09-03T10:34:10.733520Z,0,0,,,,0.0,0,0,0,0,0,0,0,0,0,0,0,0,0,0.00,0.00,0.00,0.00,0.0,0.0
2026-09-12T00:30:10+00:00,2026-09-11,daily,4,2026-09-12T12:30:00Z,410,Monga,MCI,MID,49,0,-1,0.0,0,338,219,1073,u,Has joined Swansea City on loan for the rest of the season,2026-09-02T16:02:01.136760Z,0,0,,,,0.0,0,0,0,0,0,0,0,0,0,0,0,0,0,0.00,0.00,0.00,0.00,0.0,0.0
2026-09-12T00:30:10+00:00,2026-09-11,daily,4,2026-09-12T12:30:00Z,411,Haaland,MCI,FWD,155,0,0,71.2,149484,108756,619662,253118,a,,,,,1,,,8.0,9,24,270,3,3,0,1,2,0,15,8,0,7,2.46,0.50,2.96,2.68,8.0,8.0
2026-09-12T00:30:10+00:00,2026-09-11,daily,4,2026-09-12T12:30:00Z,481,Anderson,MCI,MID,63,-1,-2,4.3,14954,77836,66310,364060,a,,2026-08-23T17:00:07.952697Z,100,100,,,3,2.7,3,8,233,3,0,0,1,2,0,31,9,8,14,0.09,0.64,0.73,2.58,2.7,2.7
2026-09-12T00:30:10+00:00,2026-09-11,daily,4,2026-09-12T12:30:00Z,587,Rulli,MCI,GKP,50,0,0,0.0,116,228,357,792,a,,,,,,,,0.0,0,0,0,0,0,0,0,0,0,0,0,0,0,0.00,0.00,0.00,0.00,0.0,0.0
2026-09-12T00:30:10+00:00,2026-09-11,daily,4,2026-09-12T12:30:00Z,616,Bouaddi,MCI,MID,55,0,0,0.2,4305,3613,16659,7220,a,,,,,,,,1.0,1,2,22,0,0,0,0,0,0,6,3,0,3,0.00,0.12,0.12,0.37,1.0,1.0
2026-09-12T00:30:10+00:00,2026-09-11,daily,4,2026-09-12T12:30:00Z,621,McAidoo,MCI,MID,45,0,0,0.1,3291,2039,9969,3965,a,,,,,,,,1.0,1,2,11,0,0,0,0,0,0,4,0,2,2,0.10,0.00,0.10,0.02,1.0,1.0
2026-09-12T00:30:10+00:00,2026-09-11,daily,4,2026-09-12T12:30:00Z,622,Braithwaite,MCI,DEF,40,0,0,0.2,4281,2517,13565,4722,a,,,,,,,,0.5,0,1,1,0,0,0,0,0,0,0,0,0,1,0.00,0.00,0.00,0.00,0.5,0.5
2026-09-12T00:30:10+00:00,2026-09-11,daily,4,2026-09-12T12:30:00Z,628,Allan,MCI,MID,60,0,0,0.0,284,174,584,261,a,,,,,,,,0.0,0,0,0,0,0,0,0,0,0,0,0,0,0,0.00,0.00,0.00,0.00,2.2,2.2
2026-09-12T00:30:10+00:00,2026-09-11,daily,4,2026-09-12T12:30:00Z,653,Samba,MCI,MID,45,0,0,0.0,2779,741,2779,741,a,,,,,,,,0.0,0,0,0,0,0,0,0,0,0,0,0,0,0,0.00,0.00,0.00,0.00,1.1,1.1
2026-09-12T00:30:10+00:00,2026-09-11,daily,4,2026-09-12T12:30:00Z,43,Tielemans,MUN,MID,59,0,-1,1.7,6987,33058,32384,120270,a,,2026-07-23T12:01:23.321726Z,100,100,3,,,2.7,2,8,246,3,0,0,0,6,0,25,6,2,17,0.56,0.28,0.84,4.01,2.7,2.7
2026-09-12T00:30:10+00:00,2026-09-11,daily,4,2026-09-12T12:30:00Z,131,Baleba,MUN,MID,50,0,0,0.1,737,2236,4757,11631,i,Ankle injury - Expected back 19 Sep,2026-08-06T16:00:10.997714Z,0,0,,,,0.0,0,0,0,0,0,0,0,0,0,0,0,0,0,0.00,0.00,0.00,0.00,0.0,0.0
2026-09-12T00:30:10+00:00,2026-09-11,daily,4,2026-09-12T12:30:00Z,162,Andrey Santos,MUN,MID,49,0,-1,0.7,3283,14421,18085,53873,a,,,,,,,,1.3,1,4,82,1,0,0,0,4,0,18,7,4,7,0.00,0.24,0.24,2.03,1.3,1.3
2026-09-12T00:30:10+00:00,2026-09-11,daily,4,2026-09-12T12:30:00Z,325,Darlow,MUN,GKP,45,0,0,0.0,237,317,819,1036,a,,2026-07-23T12:01:23.549136Z,100,100,,,,0.0,0,0,0,0,0,0,0,0,0,0,0,0,0,0.00,0.00,0.00,0.00,0.0,0.0
2026-09-12T00:30:10+00:00,2026-09-11,daily,4,2026-09-12T12:30:00Z,412,Lammens,MUN,GKP,50,0,0,11.5,10165,198548,77079,477740,a,,,,,,,,1.7,2,5,270,3,0,0,0,6,9,0,4,0,28,0.00,0.00,0.00,4.08,1.7,1.7
2026-09-12T00:30:10+00:00,2026-09-11,daily,4,2026-09-12T12:30:00Z,413,Bayindir,MUN,GKP,45,0,0,0.0,0,128,0,1008,u,Has joined Celta Vigo on loan for the rest of the season,2026-08-10T14:02:28.608415Z,0,0,,,,0.0,0,0,0,0,0,0,0,0,0,0,0,0,0,0.00,0.00,0.00,0.00,0.0,0.0
2026-09-12T00:30:10+00:00,2026-09-11,daily,4,2026-09-12T12:30:00Z,414,Heaton,MUN,GKP,40,0,0,0.1,599,716,1448,2697,i,Hamstring injury - Unknown return date,2026-08-15T16:00:07.854151Z,0,0,,,,0.0,0,0,0,0,0,0,0,0,0,0,0,0,0,0.00,0.00,0.00,0.00,0.0,0.0
2026-09-12T00:30:10+00:00,2026-09-11,daily,4,2026-09-12T12:30:00Z,415,Dorgu,MUN,MID,58,-1,-2,0.6,1776,16323,9723,81669,a,,,,,,,,0.7,1,2,75,1,0,0,0,5,0,6,3,2,1,0.65,0.05,0.70,2.28,0.7,0.7
2026-09-12T00:30:10+00:00,2026-09-11,daily,4,2026-09-12T12:30:00Z,416,De Ligt,MUN,DEF,50,0,0,0.0,85,252,298,1213,i,Back injury - Unknown return date,2026-07-23T12:01:23.690880Z,0,0,,,,0.0,0,0,0,0,0,0,0,0,0,0,0,0,0,0.00,0.00,0.00,0.00,0.0,0.0
2026-09-12T00:30:10+00:00,2026-09-11,daily,4,2026-09-12T12:30:00Z,417,Dalot,MUN,DEF,49,-1,-1,1.9,3428,29635,20629,101952,a,,,,,,,,1.3,1,4,166,2,0,0,0,2,0,11,7,4,5,0.16,0.13,0.29,1.98,1.3,1.3
2026-09-12T00:30:10+00:00,2026-09-11,daily,4,2026-09-12T12:30:00Z,418,Maguire,MUN,DEF,49,-1,-1,11.1,15392,300395,118125,697419,a,,,,,,,,2.3,2,7,270,3,0,1,0,6,0,21,20,1,11,0.07,0.42,0.49,4.08,2.3,2.3
2026-09-12T00:30:10+00:00,2026-09-11,daily,4,2026-09-12T12:30:00Z,419,Martinez,MUN,DEF,50,0,0,1.2,6102,11332,21051,49025,a,,2026-07-24T20:00:10.337107Z,100,100,,,,1.3,3,4,180,2,0,0,0,4,0,10,10,0,8,0.03,0.06,0.09,3.07,1.3,1.3
2026-09-12T00:30:10+00:00,2026-09-11,daily,4,2026-09-12T12:30:00Z,420,Yoro,MUN,DEF,49,0,-1,0.5,811,6055,4082,27995,a,,,,,,,,0.7,1,2,22,0,0,0,0,2,0,5,3,2,1,0.00,0.02,0.02,1.09,0.7,0.7
2026-09-12T00:30:10+00:00,2026-09-11,daily,4,2026-09-12T12:30:00Z,421,Heaven,MUN,DEF,44,-1,-1,0.3,698,4984,5086,18136,a,,,,,,,,0.3,0,1,90,1,0,0,0,2,0,2,1,1,4,0.12,0.04,0.16,1.01,0.3,0.3
2026-09-12T00:30:10+00:00,2026-09-11,daily,4,2026-09-12T12:30:00Z,422,Mazraoui,MUN,DEF,44,-1,-1,0.6,1632,9524,10730,28639,a,,,,,,,,1.0,1,3,97,1,0,0,0,4,0,6,4,2,3,0.22,0.06,0.28,2.08,1.0,1.0
2026-09-12T00:30:10+00:00,2026-09-11,daily,4,2026-09-12T12:30:00Z,423,Shaw,MUN,DEF,44,-1,-1,12.4,20580,318326,93966,769305,d,Unspecified injury - 75% chance of playing,2026-09-11T13:00:09.030120Z,,75,,,3,2.3,4,7,252,3,0,1,0,4,0,20,14,6,6,0.02,0.51,0.53,3.01,2.3,1.7
2026-09-12T00:30:10+00:00,2026-09-11,daily,4,2026-09-12T12:30:00Z,424,Amass,MUN,DEF,40,0,0,0.2,1444,1725,4274,6062,a,,,,,,,,0.0,0,0,0,0,0,0,0,0,0,0,0,0,0,0.00,0.00,0.00,0.00,0.0,0.0
2026-09-12T00:30:10+00:00,2026-09-11,daily,4,2026-09-12T12:30:00Z,425,Fredricson,MUN,DEF,40,0,0,0.0,0,140,0,1149,u,Has joined Lausanne-Sport permanently,2026-08-18T14:12:31.904433Z,0,0,,,,0.0,0,0,0,0,0,0,0,0,0,0,0,0,0,0.00,0.00,0.00,0.00,0.0,0.0
2026-09-12T00:30:10+00:00,2026-09-11,daily,4,2026-09-12T12:30:00Z,426,B.Fernandes,MUN,MID,120,0,0,43.4,107143,569900,527493,1133562,a,,,,,1,1,1,9.0,2,27,270,3,3,1,0,6,0,16,2,2,12,2.25,0.80,3.05,4.08,9.0,9.0
2026-09-12T00:30:10+00:00,2026-09-11,daily,4,2026-09-12T12:30:00Z,427,Mbeumo,MUN,MID,79,-1,-1,24.0,132155,406477,307008,1471577,a,,,,,2,2,2,7.0,8,21,270,3,2,1,0,6,0,17,4,3,10,2.31,0.47,2.78,4.08,7.0,7.0
2026-09-12T00:30:10+00:00,2026-09-11,daily,4,2026-09-12T12:30:00Z,428,Cunha,MUN,MID,79,-1,-1,6.6,9808,126469,60246,377193,a,,,,,,,,4.7,3,14,227,3,0,2,1,3,0,8,0,2,6,0.47,0.41,0.88,2.72,4.7,4.7
2026-09-12T00:30:10+00:00,2026-09-11,daily,4,2026-09-12T12:30:00Z,429,Rashford,MUN,MID,70,0,0,1.6,20764,24209,58639,84142,a,,,,,,3,,2.0,3,6,193,2,0,0,1,1,0,11,0,3,8,0.26,0.21,0.47,1.80,2.0,2.0
2026-09-12T00:30:10+00:00,2026-09-11,daily,4,2026-09-12T12:30:00Z,430,Mount,MUN,MID,54,0,-1,0.0,246,199,341,1484,a,,2026-08-15T16:00:07.879135Z,75,100,,4,,0.0,0,0,0,0,0,0,0,0,0,0,0,0,0,0.00,0.00,0.00,0.00,0.0,0.0
2026-09-12T00:30:10+00:00,2026-09-11,daily,4,2026-09-12T12:30:00Z,431,Amad,MUN,MID,58,0,-2,0.4,140,11264,1959,113526,i,Unspecified injury - Unknown return date,2026-08-22T11:00:08.617283Z,0,0,,,4,0.0,0,0,0,0,0,0,0,0,0,0,0,0,0,0.00,0.00,0.00,0.00,0.0,0.0
2026-09-12T00:30:10+00:00,2026-09-11,daily,4,2026-09-12T12:30:00Z,432,Mainoo,MUN,MID,55,0,0,1.3,25940,10440,48882,37264,a,,,,,,,,4.7,9,14,185,2,0,1,0,2,0,31,5,5,21,0.21,0.35,0.56,2.05,4.7,4.7
2026-09-12T00:30:10+00:00,2026-09-11,daily,4,2026-09-12T12:30:00Z,433,Ugarte,MUN,MID,50,0,0,0.0,24,44,80,201,i,Knee injury - Unknown return date,2026-07-23T12:01:23.706702Z,0,0,,,,0.0,0,0,0,0,0,0,0,0,0,0,0,0,0,0.00,0.00,0.00,0.00,0.0,0.0
2026-09-12T00:30:10+00:00,2026-09-11,daily,4,2026-09-12T12:30:00Z,434,J.Fletcher,MUN,MID,49,-1,-1,0.0,91,155,216,510,a,,,,,,,,0.0,0,0,0,0,0,0,0,0,0,0,0,0,0,0.00,0.00,0.00,0.00,0.0,0.0
2026-09-12T00:30:10+00:00,2026-09-11,daily,4,2026-09-12T12:30:00Z,435,Lacey,MUN,MID,49,-1,-1,0.1,171,693,796,2321,a,,,,,,,,0.3,0,1,10,0,0,0,0,0,0,1,0,0,1,0.00,0.00,0.00,0.00,0.3,0.3
2026-09-12T00:30:10+00:00,2026-09-11,daily,4,2026-09-12T12:30:00Z,436,Collyer,MUN,MID,50,0,0,0.0,0,243,150,858,u,Has joined West Brom permanently,2026-09-01T13:16:48.584385Z,0,0,,,,0.0,0,0,0,0,0,0,0,0,0,0,0,0,0,0.00,0.00,0.00,0.00,0.0,0.0
2026-09-12T00:30:10+00:00,2026-09-11,daily,4,2026-09-12T12:30:00Z,437,Bendito Mantato,MUN,MID,45,0,0,0.2,1238,1788,3961,6855,a,,,,,,,,0.0,0,0,0,0,0,0,0,0,0,0,0,0,0,0.00,0.00,0.00,0.00,0.0,0.0
2026-09-12T00:30:10+00:00,2026-09-11,daily,4,2026-09-12T12:30:00Z,438,Fletcher,MUN,MID,45,0,0,0.3,1235,2793,4447,11097,a,,,,,,,,0.0,0,0,0,0,0,0,0,0,0,0,0,0,0,0.00,0.00,0.00,0.00,0.0,0.0
2026-09-12T00:30:10+00:00,2026-09-11,daily,4,2026-09-12T12:30:00Z,439,Šeško,MUN,FWD,70,0,0,1.7,22517,20247,68652,83873,a,,2026-07-23T12:01:23.722029Z,100,100,,,,2.3,5,7,53,0,1,0,0,3,0,3,0,0,3,0.33,0.01,0.34,1.43,2.3,2.3
2026-09-12T00:30:10+00:00,2026-09-11,daily,4,2026-09-12T12:30:00Z,440,Zirkzee,MUN,FWD,54,0,-1,0.4,3303,7464,10963,33501,a,,,,,,,,0.0,0,0,0,0,0,0,0,0,0,0,0,0,0,0.00,0.00,0.00,0.00,0.0,0.0
2026-09-12T00:30:10+00:00,2026-09-11,daily,4,2026-09-12T12:30:00Z,441,Obi,MUN,FWD,45,0,0,1.2,13634,12577,39068,39984,a,,,,,,,,0.0,0,0,0,0,0,0,0,0,0,0,0,0,0,0.00,0.00,0.00,0.00,0.0,0.0
2026-09-12T00:30:10+00:00,2026-09-11,daily,4,2026-09-12T12:30:00Z,405,N.Gonzalez,NEW,MID,55,0,0,0.3,3399,3144,15922,7859,a,,,,,,,,1.3,2,4,146,2,0,0,1,2,0,11,3,0,8,0.00,0.21,0.21,2.07,1.3,1.3
2026-09-12T00:30:10+00:00,2026-09-11,daily,4,2026-09-12T12:30:00Z,442,Pope,NEW,GKP,49,-1,-1,1.0,2691,10593,10349,42106,a,,,,,,,,0.0,0,0,0,0,0,0,0,0,0,0,0,0,0,0.00,0.00,0.00,0.00,0.0,0.0
2026-09-12T00:30:10+00:00,2026-09-11,daily,4,2026-09-12T12:30:00Z,443,Gillespie,NEW,GKP,45,0,0,0.0,130,253,531,866,a,,,,,,,,0.0,0,0,0,0,0,0,0,0,0,0,0,0,0,0.00,0.00,0.00,0.00,0.0,0.0
2026-09-12T00:30:10+00:00,2026-09-11,daily,4,2026-09-12T12:30:00Z,444,Jaouen,NEW,GKP,45,0,0,0.0,94,284,400,1093,d,Ankle injury - 50% chance of playing,2026-09-10T16:00:09.127466Z,,50,,,,0.0,0,0,0,0,0,0,0,0,0,0,0,0,0,0.00,0.00,0.00,0.00,0.0,0.0
2026-09-12T00:30:10+00:00,2026-09-11,daily,4,2026-09-12T12:30:00Z,445,Thiaw,NEW,DEF,50,0,0,2.1,37668,38859,129703,81720,a,,,,,,,,2.7,-1,8,270,3,0,0,1,4,0,21,21,0,6,0.00,0.07,0.07,5.47,2.7,2.7
2026-09-12T00:30:10+00:00,2026-09-11,daily,4,2026-09-12T12:30:00Z,446,Schär,NEW,DEF,50,0,0,0.2,1162,3257,5112,10035,a,,2026-08-15T16:30:07.209742Z,100,100,,2,,0.3,0,1,1,0,0,0,0,1,0,0,0,0,0,0.00,0.00,0.00,0.79,0.3,0.3
2026-09-12T00:30:10+00:00,2026-09-11,daily,4,2026-09-12T12:30:00Z,447,Botman,NEW,DEF,50,0,0,0.7,7682,7537,32019,17660,a,,,,,,,,3.0,1,9,270,3,0,0,1,4,0,24,22,2,9,0.01,0.17,0.18,5.47,3.0,3.0
2026-09-12T00:30:10+00:00,2026-09-11,daily,4,2026-09-12T12:30:00Z,448,Burn,NEW,DEF,49,0,-1,0.9,227,18087,7023,140366,i,Ankle injury - Expected back 14 Sep,2026-08-23T18:00:08.367241Z,0,0,,,,0.0,0,0,0,0,0,0,0,0,0,0,0,0,0,0.00,0.00,0.00,0.00,0.0,0.0
2026-09-12T00:30:10+00:00,2026-09-11,daily,4,2026-09-12T12:30:00Z,449,Hall,NEW,DEF,52,1,2,13.4,468737,92727,1098074,192229,a,,,,,,1,1,6.0,4,18,269,3,0,1,1,4,0,30,22,8,27,0.04,0.67,0.71,5.45,6.0,6.0
2026-09-12T00:30:10+00:00,2026-09-11,daily,4,2026-09-12T12:30:00Z,450,Livramento,NEW,DEF,49,0,-1,0.1,2891,869,3097,2957,a,,2026-07-23T12:01:23.753221Z,0,100,,,,0.3,1,1,1,0,0,0,0,0,0,0,0,0,0,0.00,0.00,0.00,0.02,0.0,0.3
2026-09-12T00:30:10+00:00,2026-09-11,daily,4,2026-09-12T12:30:00Z,451,A.Murphy,NEW,DEF,40,0,0,0.1,0,859,0,5961,u,Has joined FC Kaiserslautern on loan for the rest of the season,2026-08-12T14:05:29.224600Z,0,0,,,,0.0,0,0,0,0,0,0,0,0,0,0,0,0,0,0.00,0.00,0.00,0.00,0.0,0.0
2026-09-12T00:30:10+00:00,2026-09-11,daily,4,2026-09-12T12:30:00Z,453,Barnes,NEW,MID,60,0,0,2.4,168337,47044,208519,80115,a,,,,,,,3,5.7,12,17,270,3,1,1,1,4,0,18,7,3,8,0.22,0.06,0.28,5.47,5.7,5.7
2026-09-12T00:30:10+00:00,2026-09-11,daily,4,2026-09-12T12:30:00Z,454,Elanga,NEW,MID,62,1,2,11.2,282096,162761,1188209,269103,a,,,,,,,2,6.0,1,18,232,3,2,0,1,3,0,9,2,4,3,0.42,0.34,0.76,4.01,6.0,6.0
2026-09-12T00:30:10+00:00,2026-09-11,daily,4,2026-09-12T12:30:00Z,456,J.Ramsey,NEW,MID,49,-1,-1,0.4,9994,4219,13235,15451,a,,,,,,,,2.3,6,7,69,0,1,0,0,1,0,11,3,2,6,0.17,0.16,0.33,1.92,2.3,2.3
2026-09-12T00:30:10+00:00,2026-09-11,daily,4,2026-09-12T12:30:00Z,457,J.Murphy,NEW,MID,59,0,-1,0.1,908,1854,2740,8008,a,,,,,,,4,0.7,1,2,35,0,0,0,0,1,0,6,1,1,4,0.00,0.20,0.20,1.46,0.7,0.7
2026-09-12T00:30:10+00:00,2026-09-11,daily,4,2026-09-12T12:30:00Z,458,Joelinton,NEW,MID,54,0,-1,0.0,30,253,164,1953,i,Unspecified injury - Unknown return date,2026-08-16T08:00:08.074045Z,0,0,,,,0.0,0,0,0,0,0,0,0,0,0,0,0,0,0,0.00,0.00,0.00,0.00,0.0,0.0
2026-09-12T00:30:10+00:00,2026-09-11,daily,4,2026-09-12T12:30:00Z,459,L.Miley,NEW,MID,55,0,0,0.1,924,1313,4526,3429,a,,2026-07-23T12:01:23.785456Z,100,100,,,5,2.7,2,8,227,3,0,0,1,3,0,26,10,1,15,0.05,0.07,0.12,4.39,2.7,2.7
2026-09-12T00:30:10+00:00,2026-09-11,daily,4,2026-09-12T12:30:00Z,460,Willock,NEW,MID,50,0,0,0.5,13930,8306,44920,17980,a,,,,,,,,3.7,2,11,166,2,1,0,1,3,0,8,2,3,3,0.52,0.20,0.72,3.57,3.7,3.7
2026-09-12T00:30:10+00:00,2026-09-11,daily,4,2026-09-12T12:30:00Z,461,Touré,NEW,MID,58,-1,-2,0.1,333,2982,1503,13670,a,,,,,,,,0.3,0,1,1,0,0,0,0,0,0,0,0,0,0,0.00,0.00,0.00,0.00,0.3,0.3
2026-09-12T00:30:10+00:00,2026-09-11,daily,4,2026-09-12T12:30:00Z,462,Steur,NEW,MID,49,-1,-1,0.1,341,1267,1687,4614,a,,,,,,,,1.0,1,3,87,1,0,0,0,1,0,7,4,0,3,0.00,0.00,0.00,1.90,1.0,1.0
2026-09-12T00:30:10+00:00,2026-09-11,daily,4,2026-09-12T12:30:00Z,463,Woltemade,NEW,FWD,59,0,-1,0.6,0,36332,14520,123892,u,Has joined Juventus on loan for the rest of the season,2026-09-02T16:07:16.549304Z,0,0,,,,1.3,0,4,19,0,0,1,0,0,0,0,0,0,0,0.02,0.01,0.03,0.38,0.0,0.0
2026-09-12T00:30:10+00:00,2026-09-11,daily,4,2026-09-12T12:30:00Z,464,Wissa,NEW,FWD,62,1,2,17.7,489938,210483,1768034,323979,a,,,,,2,,,4.3,1,13,261,3,1,1,1,3,0,17,2,5,10,1.35,0.05,1.40,4.30,4.3,4.3
2026-09-12T00:30:10+00:00,2026-09-11,daily,4,2026-09-12T12:30:00Z,465,Osula,NEW,FWD,59,0,-1,0.4,219,11337,21120,76093,i,Foot injury - Unknown return date,2026-08-25T19:00:08.004915Z,0,0,1,4,,1.3,0,4,55,1,0,1,0,1,0,5,2,1,2,0.06,0.14,0.20,1.48,0.0,0.0
2026-09-12T00:30:10+00:00,2026-09-11,daily,4,2026-09-12T12:30:00Z,466,Neave,NEW,FWD,45,0,0,0.6,0,16147,23805,37671,u,Has joined Wolves on loan for the rest of the season,2026-09-04T12:37:43.515176Z,0,0,,,,0.0,0,0,0,0,0,0,0,0,0,0,0,0,0,0.00,0.00,0.00,0.00,0.0,0.0
2026-09-12T00:30:10+00:00,2026-09-11,daily,4,2026-09-12T12:30:00Z,559,Bamba,NEW,MID,49,-1,-1,0.1,505,1423,2029,5712,a,,,,,,,,0.3,0,1,14,0,0,0,0,1,0,2,1,1,0,0.00,0.00,0.00,1.04,0.3,0.3
2026-09-12T00:30:10+00:00,2026-09-11,daily,4,2026-09-12T12:30:00Z,567,Horníček,NEW,GKP,50,0,0,1.4,47295,23333,111093,46698,a,,,,,,,,3.3,2,10,270,3,0,0,1,4,13,0,5,0,15,0.00,0.00,0.00,5.47,3.3,3.3
2026-09-12T00:30:10+00:00,2026-09-11,daily,4,2026-09-12T12:30:00Z,593,Dedić,NEW,DEF,45,0,0,3.1,102447,97218,431451,148577,d,Hamstring injury - 75% chance of playing,2026-09-09T14:30:08.475769Z,,75,,3,,4.3,1,13,270,3,0,1,1,4,0,18,13,5,11,0.14,0.08,0.22,5.47,4.3,3.2
2026-09-12T00:30:10+00:00,2026-09-11,daily,4,2026-09-12T12:30:00Z,609,Shahar,NEW,DEF,40,0,0,0.3,3372,3500,18236,7461,u,has joined Arouca on loan for the rest of the seaon.,2026-09-11T14:41:57.406766Z,,0,,,,0.0,0,0,0,0,0,0,0,0,0,0,0,0,0,0.00,0.00,0.00,0.00,0.0,0.0
2026-09-12T00:30:10+00:00,2026-09-11,daily,4,2026-09-12T12:30:00Z,634,Fernandez-Pardo,NEW,FWD,60,0,0,0.1,5511,1669,10895,2255,a,,,,,,,,1.0,1,1,27,0,0,0,0,0,0,1,0,0,1,0.00,0.00,0.00,0.04,2.1,2.1
2026-09-12T00:30:10+00:00,2026-09-11,daily,4,2026-09-12T12:30:00Z,167,Delap,NFO,FWD,55,0,0,0.9,17309,10766,61995,30308,a,,,,,3,,,1.0,2,3,97,1,0,0,1,1,0,5,2,0,3,0.13,0.06,0.19,1.22,1.0,1.0
2026-09-12T00:30:10+00:00,2026-09-11,daily,4,2026-09-12T12:30:00Z,201,Muñoz,NFO,DEF,54,0,-1,5.7,9594,78875,48499,386019,a,,,,,,,,0.3,1,1,85,1,0,0,0,2,0,5,3,2,1,0.26,0.01,0.27,1.10,0.3,0.3
2026-09-12T00:30:10+00:00,2026-09-11,daily,4,2026-09-12T12:30:00Z,467,Sels,NFO,GKP,50,0,0,1.4,11914,10662,23668,40631,a,,,,,,,,3.0,6,9,270,3,0,0,1,3,4,0,4,0,26,0.00,0.01,0.01,3.28,3.0,3.0
2026-09-12T00:30:10+00:00,2026-09-11,daily,4,2026-09-12T12:30:00Z,468,John,NFO,GKP,45,0,0,0.1,150,359,587,1476,a,,,,,,,,0.0,0,0,0,0,0,0,0,0,0,0,0,0,0,0.00,0.00,0.00,0.00,0.0,0.0
2026-09-12T00:30:10+00:00,2026-09-11,daily,4,2026-09-12T12:30:00Z,469,N.Williams,NFO,DEF,50,0,0,8.1,75961,69471,143629,240303,a,,,,,,3,2,5.0,7,15,270,3,0,1,1,3,0,24,12,12,19,0.12,0.24,0.36,3.28,5.0,5.0
2026-09-12T00:30:10+00:00,2026-09-11,daily,4,2026-09-12T12:30:00Z,470,Morato,NFO,DEF,50,0,0,0.0,0,1023,424,3056,u,Has joined West Ham on loan for the rest of the season,2026-09-02T16:19:54.503286Z,0,0,,,,0.0,0,0,0,0,0,0,0,0,0,0,0,0,0,0.00,0.00,0.00,0.00,0.0,0.0
2026-09-12T00:30:10+00:00,2026-09-11,daily,4,2026-09-12T12:30:00Z,471,Milenković,NFO,DEF,55,0,0,1.6,7553,8071,15771,42960,a,,,,,,,,4.0,7,12,270,3,0,0,1,3,0,31,26,5,12,0.11,0.03,0.14,3.28,4.0,4.0
2026-09-12T00:30:10+00:00,2026-09-11,daily,4,2026-09-12T12:30:00Z,472,Murillo,NFO,DEF,55,0,0,1.6,12613,8156,30853,40145,a,,2026-07-23T12:01:23.801183Z,100,100,,2,,4.3,8,13,269,3,0,0,1,3,0,30,24,6,10,0.35,0.28,0.63,3.28,4.3,4.3
2026-09-12T00:30:10+00:00,2026-09-11,daily,4,2026-09-12T12:30:00Z,473,Aina,NFO,DEF,45,0,0,2.6,6949,42497,45327,116344,a,,,,,,,,2.0,1,6,216,3,0,0,1,2,0,14,7,7,12,0.04,0.52,0.56,2.90,2.0,2.0
2026-09-12T00:30:10+00:00,2026-09-11,daily,4,2026-09-12T12:30:00Z,474,Jair Cunha,NFO,DEF,45,0,0,0.2,6377,3401,7560,6954,a,,,,,,,,3.3,8,10,270,3,0,0,1,3,0,28,23,5,5,0.03,0.01,0.04,3.28,3.3,3.3
2026-09-12T00:30:10+00:00,2026-09-11,daily,4,2026-09-12T12:30:00Z,475,Savona,NFO,DEF,45,0,0,0.0,45,29,192,208,i,Knee injury - Unknown return date,2026-07-23T12:01:23.816304Z,0,0,,,,0.0,0,0,0,0,0,0,0,0,0,0,0,0,0,0.00,0.00,0.00,0.00,0.0,0.0
2026-09-12T00:30:10+00:00,2026-09-11,daily,4,2026-09-12T12:30:00Z,476,O.Richards,NFO,DEF,40,0,0,0.2,795,1512,2548,5636,a,,,,,,,,0.0,0,0,0,0,0,0,0,0,0,0,0,0,0,0.00,0.00,0.00,0.00,0.0,0.0
2026-09-12T00:30:10+00:00,2026-09-11,daily,4,2026-09-12T12:30:00Z,477,Abbott,NFO,DEF,40,0,0,0.2,0,3818,2459,10306,u,Has joined Southampton on loan for the rest of the season,2026-09-02T16:19:54.536676Z,0,0,,,,0.0,0,0,0,0,0,0,0,0,0,0,0,0,0,0.00,0.00,0.00,0.00,0.0,0.0
2026-09-12T00:30:10+00:00,2026-09-11,daily,4,2026-09-12T12:30:00Z,478,Netz,NFO,DEF,45,0,0,0.0,91,330,371,1090,a,,,,,,,,0.7,0,2,20,0,0,0,0,1,0,1,0,1,1,0.00,0.00,0.00,0.13,0.7,0.7
2026-09-12T00:30:10+00:00,2026-09-11,daily,4,2026-09-12T12:30:00Z,479,Bindon,NFO,DEF,40,0,0,0.1,0,2103,799,6461,u,Has joined Charlton Athletic on loan for the rest of the season,2026-09-01T13:16:05.383880Z,0,0,,,,0.0,0,0,0,0,0,0,0,0,0,0,0,0,0,0.00,0.00,0.00,0.00,0.0,0.0
2026-09-12T00:30:10+00:00,2026-09-11,daily,4,2026-09-12T12:30:00Z,480,Gibbs-White,NFO,MID,79,0,-1,9.4,139779,120668,363755,516431,a,,2026-08-24T15:30:08.350159Z,100,100,1,1,,6.0,3,18,270,3,1,1,1,3,0,15,2,4,9,1.40,0.11,1.51,3.28,6.0,6.0
2026-09-12T00:30:10+00:00,2026-09-11,daily,4,2026-09-12T12:30:00Z,482,Hudson-Odoi,NFO,MID,59,0,-1,0.2,682,2826,3017,13234,a,,2026-07-23T12:01:23.832709Z,100,100,,4,,0.3,0,1,1,0,0,0,0,0,0,0,0,0,0,0.00,0.00,0.00,0.00,0.3,0.3
2026-09-12T00:30:10+00:00,2026-09-11,daily,4,2026-09-12T12:30:00Z,483,Ndoye,NFO,MID,55,0,0,0.6,8249,10950,43472,27493,a,,,,,,,,4.3,1,13,184,3,1,0,1,1,0,17,2,2,13,0.35,0.63,0.98,2.48,4.3,4.3
2026-09-12T00:30:10+00:00,2026-09-11,daily,4,2026-09-12T12:30:00Z,484,Hutchinson,NFO,MID,54,0,-1,0.1,0,2316,427,9175,u,Has joined AC Milan on loan for the rest of the season,2026-09-01T13:23:52.340206Z,0,0,,,,0.0,0,0,0,0,0,0,0,0,0,0,0,0,0,0.00,0.00,0.00,0.00,0.0,0.0
2026-09-12T00:30:10+00:00,2026-09-11,daily,4,2026-09-12T12:30:00Z,485,Bakwa,NFO,MID,55,0,0,0.0,0,130,107,1067,u,Has joined Lille on loan for the rest of the season,2026-08-27T14:53:03.381941Z,0,0,,,,0.0,0,0,0,0,0,0,0,0,0,0,0,0,0,0.00,0.00,0.00,0.00,0.0,0.0
2026-09-12T00:30:10+00:00,2026-09-11,daily,4,2026-09-12T12:30:00Z,486,McAtee,NFO,MID,55,0,0,0.1,1636,1193,5703,3196,a,,,,,,,1,2.3,2,7,253,3,0,0,2,2,0,23,4,5,14,0.13,0.54,0.67,3.15,2.3,2.3
2026-09-12T00:30:10+00:00,2026-09-11,daily,4,2026-09-12T12:30:00Z,487,Dominguez,NFO,MID,49,-1,-1,0.1,283,745,855,2953,a,,,,,,,,0.3,0,1,1,0,0,0,0,0,0,0,0,0,0,0.00,0.00,0.00,0.00,0.3,0.3
2026-09-12T00:30:10+00:00,2026-09-11,daily,4,2026-09-12T12:30:00Z,488,I.Sangaré,NFO,MID,49,0,-1,0.5,2298,9349,6965,55805,a,,2026-08-28T09:30:07.471668Z,100,100,,,,0.7,0,2,90,1,0,0,0,1,0,6,3,0,3,0.03,0.01,0.04,0.47,0.7,0.7
2026-09-12T00:30:10+00:00,2026-09-11,daily,4,2026-09-12T12:30:00Z,489,Yates,NFO,MID,45,0,0,1.4,7007,14110,26069,69376,a,,2026-08-17T20:30:08.195072Z,100,100,,,,0.0,0,0,0,0,0,0,0,0,0,0,0,0,0,0.00,0.00,0.00,0.00,0.0,0.0
2026-09-12T00:30:10+00:00,2026-09-11,daily,4,2026-09-12T12:30:00Z,490,Wood,NFO,FWD,59,0,-1,1.0,4153,18507,16502,90766,a,,,,,2,,,0.7,1,2,44,0,0,0,0,1,0,1,0,0,1,0.12,0.01,0.13,0.40,0.7,0.7
2026-09-12T00:30:10+00:00,2026-09-11,daily,4,2026-09-12T12:30:00Z,491,Igor Jesus,NFO,FWD,59,0,-1,2.5,11073,61308,46721,201581,a,,,,,4,,,1.3,1,4,211,2,0,0,0,3,0,9,5,2,2,0.96,0.06,1.02,2.48,1.3,1.3
2026-09-12T00:30:10+00:00,2026-09-11,daily,4,2026-09-12T12:30:00Z,493,Kalimuendo,NFO,FWD,54,0,-1,0.1,1086,756,2263,2762,a,,,,,,,,0.3,0,1,1,0,0,0,0,0,0,0,0,0,0,0.00,0.00,0.00,0.00,0.3,0.3
2026-09-12T00:30:10+00:00,2026-09-11,daily,4,2026-09-12T12:30:00Z,558,Schlager,NFO,MID,50,0,0,0.1,866,1057,2443,3521,a,,,,,,,3,2.7,3,8,196,2,0,0,1,3,0,26,6,9,11,0.08,0.06,0.14,2.94,2.7,2.7
2026-09-12T00:30:10+00:00,2026-09-11,daily,4,2026-09-12T12:30:00Z,581,Diomande,NFO,DEF,54,0,-1,0.5,1330,6925,7956,34958,a,,,,,,,,0.3,1,1,1,0,0,0,0,0,0,0,0,0,0,0.00,0.00,0.00,0.00,0.3,0.3
2026-09-12T00:30:10+00:00,2026-09-11,daily,4,2026-09-12T12:30:00Z,590,Benda,NFO,GKP,45,0,0,0.1,477,539,2052,1954,a,,,,,,,,0.0,0,0,0,0,0,0,0,0,0,0,0,0,0,0.00,0.00,0.00,0.00,0.0,0.0
2026-09-12T00:30:10+00:00,2026-09-11,daily,4,2026-09-12T12:30:00Z,112,Van Hecke,TOT,DEF,49,0,-1,6.8,29068,69030,86864,387377,a,,,,,,,,3.3,8,10,270,3,0,0,1,5,0,21,16,5,11,0.20,0.07,0.27,5.51,3.3,3.3
2026-09-12T00:30:10+00:00,2026-09-11,daily,4,2026-09-12T12:30:00Z,147,Tosin,TOT,DEF,44,-1,-1,0.2,559,1417,1375,6094,a,,,,,,,,0.0,0,0,0,0,0,0,0,0,0,0,0,0,0,0.00,0.00,0.00,0.00,0.0,0.0
2026-09-12T00:30:10+00:00,2026-09-11,daily,4,2026-09-12T12:30:00Z,401,Marmoush,TOT,FWD,70,0,0,2.3,38493,35953,178796,90902,a,,,,,2,5,,1.3,2,4,173,2,0,0,1,2,0,4,0,1,3,0.34,0.08,0.42,1.60,1.3,1.3
2026-09-12T00:30:10+00:00,2026-09-11,daily,4,2026-09-12T12:30:00Z,403,Sávio,TOT,MID,65,0,0,0.7,10455,11302,81338,56972,a,,2026-08-29T16:30:08.380416Z,100,100,,,4,1.0,3,3,60,1,0,0,1,0,0,0,0,0,0,0.02,0.27,0.29,0.49,1.0,1.0
2026-09-12T00:30:10+00:00,2026-09-11,daily,4,2026-09-12T12:30:00Z,455,Tonali,TOT,MID,54,0,-1,2.5,11209,36612,39359,186144,a,,,,,,,,3.0,5,9,254,3,0,0,1,5,0,20,5,5,10,0.09,0.09,0.18,5.51,3.0,3.0
2026-09-12T00:30:10+00:00,2026-09-11,daily,4,2026-09-12T12:30:00Z,494,Vicario,TOT,GKP,45,0,0,0.2,0,2223,0,19419,u,Has joined Juventus on loan for the rest of the season,2026-08-19T13:55:33.193962Z,0,0,,,,0.0,0,0,0,0,0,0,0,0,0,0,0,0,0,0.00,0.00,0.00,0.00,0.0,0.0
2026-09-12T00:30:10+00:00,2026-09-11,daily,4,2026-09-12T12:30:00Z,495,Austin,TOT,GKP,40,0,0,1.0,7449,4853,20378,14373,a,,,,,,,,0.0,0,0,0,0,0,0,0,0,0,0,0,0,0,0.00,0.00,0.00,0.00,0.0,0.0
2026-09-12T00:30:10+00:00,2026-09-11,daily,4,2026-09-12T12:30:00Z,496,Kinsky,TOT,GKP,45,0,0,18.2,115687,191896,202732,546186,a,,,,,,,,3.0,6,9,270,3,0,0,1,5,6,0,6,0,26,0.00,0.00,0.00,5.51,3.0,3.0
2026-09-12T00:30:10+00:00,2026-09-11,daily,4,2026-09-12T12:30:00Z,497,Dubravka,TOT,GKP,40,0,0,17.9,115853,104090,281951,286738,a,,,,,,,,0.0,0,0,0,0,0,0,0,0,0,0,0,0,0,0.00,0.00,0.00,0.00,0.0,0.0
2026-09-12T00:30:10+00:00,2026-09-11,daily,4,2026-09-12T12:30:00Z,498,Senesi,TOT,DEF,59,0,-1,4.5,3646,92223,24970,347042,a,,,,,,,,1.0,0,3,90,1,0,0,0,3,0,16,11,5,2,0.00,0.02,0.02,3.87,1.0,1.0
2026-09-12T00:30:10+00:00,2026-09-11,daily,4,2026-09-12T12:30:00Z,499,Pedro Porro,TOT,DEF,55,0,0,11.1,47556,80093,116520,625796,d,Unspecified injury - 75% chance of playing,2026-09-11T18:00:09.076279Z,100,75,,1,3,2.7,7,8,180,2,0,0,1,2,0,8,6,2,5,0.36,0.16,0.52,1.64,2.7,2.0
2026-09-12T00:30:10+00:00,2026-09-11,daily,4,2026-09-12T12:30:00Z,500,Romero,TOT,DEF,50,0,0,0.1,0,1244,0,15786,u,Has joined Atletico Madrid permanently,2026-08-17T13:49:05.465401Z,0,0,,,,0.0,0,0,0,0,0,0,0,0,0,0,0,0,0,0.00,0.00,0.00,0.00,0.0,0.0
2026-09-12T00:30:10+00:00,2026-09-11,daily,4,2026-09-12T12:30:00Z,502,Robertson,TOT,DEF,44,-1,-1,2.7,3819,53335,39695,137984,a,,,,,,,1,2.0,1,6,186,2,0,0,0,4,0,15,12,3,5,0.06,0.08,0.14,4.78,2.0,2.0
2026-09-12T00:30:10+00:00,2026-09-11,daily,4,2026-09-12T12:30:00Z,503,Van de Ven,TOT,DEF,50,0,0,3.8,28192,20374,53123,223093,a,,2026-08-21T15:00:07.610517Z,100,100,,,,3.0,9,9,180,2,0,0,1,2,0,17,13,4,8,0.57,0.02,0.59,1.64,3.0,3.0
2026-09-12T00:30:10+00:00,2026-09-11,daily,4,2026-09-12T12:30:00Z,505,Spence,TOT,DEF,45,0,0,0.3,0,4881,0,64957,u,Has joined Internazionale permanently,2026-08-18T14:13:08.454214Z,0,0,,,,0.0,0,0,0,0,0,0,0,0,0,0,0,0,0,0.00,0.00,0.00,0.00,0.0,0.0
2026-09-12T00:30:10+00:00,2026-09-11,daily,4,2026-09-12T12:30:00Z,506,Udogie,TOT,DEF,45,0,0,0.4,1440,3101,4252,14580,d,Unspecified injury - 75% chance of playing,2026-09-11T18:00:09.092110Z,,75,,,,2.3,5,7,86,1,0,0,1,1,0,4,3,1,4,0.00,0.23,0.23,1.17,2.3,1.7
2026-09-12T00:30:10+00:00,2026-09-11,daily,4,2026-09-12T12:30:00Z,507,Phillips,TOT,DEF,45,0,0,0.0,0,125,0,1095,u,Has joined Middlesbrough permanently,2026-08-18T14:13:08.474144Z,0,0,,,,0.0,0,0,0,0,0,0,0,0,0,0,0,0,0,0.00,0.00,0.00,0.00,0.0,0.0
2026-09-12T00:30:10+00:00,2026-09-11,daily,4,2026-09-12T12:30:00Z,508,Davies,TOT,DEF,40,0,0,0.9,2199,7638,9381,28388,a,,,,,,,,0.0,0,0,0,0,0,0,0,0,0,0,0,0,0,0.00,0.00,0.00,0.00,0.0,0.0
2026-09-12T00:30:10+00:00,2026-09-11,daily,4,2026-09-12T12:30:00Z,509,Byfield,TOT,DEF,40,0,0,0.1,507,513,1545,1719,a,,,,,,,,0.0,0,0,0,0,0,0,0,0,0,0,0,0,0,0.00,0.00,0.00,0.00,0.0,0.0
2026-09-12T00:30:10+00:00,2026-09-11,daily,4,2026-09-12T12:30:00Z,510,Rowswell,TOT,DEF,40,0,0,0.1,684,654,1917,2272,a,,,,,,,,0.0,0,0,0,0,0,0,0,0,0,0,0,0,0,0.00,0.00,0.00,0.00,0.0,0.0
2026-09-12T00:30:10+00:00,2026-09-11,daily,4,2026-09-12T12:30:00Z,511,Souza,TOT,DEF,40,0,0,0.2,0,4270,2555,13106,u,Has joined FC Porto on loan for the rest of the season,2026-09-01T13:24:26.858636Z,0,0,,,,0.0,0,0,0,0,0,0,0,0,0,0,0,0,0,0.00,0.00,0.00,0.00,0.0,0.0
2026-09-12T00:30:10+00:00,2026-09-11,daily,4,2026-09-12T12:30:00Z,512,Kudus,TOT,MID,65,0,0,0.1,2693,2311,7561,6790,a,,2026-07-23T12:01:23.848657Z,100,100,3,3,6,0.7,1,2,51,0,0,0,0,1,0,5,0,0,5,0.04,0.17,0.21,0.67,0.7,0.7
2026-09-12T00:30:10+00:00,2026-09-11,daily,4,2026-09-12T12:30:00Z,513,Xavi,TOT,MID,59,-1,-1,0.0,84,184,239,909,i,Knee injury - Unknown return date,2026-07-23T12:01:23.864304Z,0,0,4,2,,0.0,0,0,0,0,0,0,0,0,0,0,0,0,0,0.00,0.00,0.00,0.00,0.0,0.0
2026-09-12T00:30:10+00:00,2026-09-11,daily,4,2026-09-12T12:30:00Z,514,Tel,TOT,MID,58,-1,-2,0.3,1426,6811,7649,37029,a,,,,,,4,5,2.3,3,7,230,3,0,0,1,4,0,13,1,1,11,0.20,0.14,0.34,5.11,2.3,2.3
2026-09-12T00:30:10+00:00,2026-09-11,daily,4,2026-09-12T12:30:00Z,515,Maddison,TOT,MID,63,-1,-2,0.4,263,12134,3124,88178,a,,2026-08-25T14:30:07.623508Z,75,100,,,,0.3,0,1,22,0,0,0,0,0,0,2,1,0,1,0.00,0.01,0.01,0.85,0.2,0.3
2026-09-12T00:30:10+00:00,2026-09-11,daily,4,2026-09-12T12:30:00Z,516,Bentancur,TOT,MID,55,0,0,0.2,1066,1189,2499,5840,a,,,,,,,,2.7,5,8,225,2,0,0,1,3,0,33,14,6,13,0.02,0.04,0.06,3.82,2.7,2.7
2026-09-12T00:30:10+00:00,2026-09-11,daily,4,2026-09-12T12:30:00Z,517,Odobert,TOT,MID,55,0,0,0.0,29,14,72,71,i,Knee injury - Unknown return date,2026-07-23T12:01:23.879434Z,0,0,,,,0.0,0,0,0,0,0,0,0,0,0,0,0,0,0,0.00,0.00,0.00,0.00,0.0,0.0
2026-09-12T00:30:10+00:00,2026-09-11,daily,4,2026-09-12T12:30:00Z,518,P.M.Sarr,TOT,MID,49,0,-1,0.1,0,4122,4138,20393,u,Has joined Juventus on loan for the rest of the season,2026-09-02T16:02:43.386849Z,0,0,,,,0.0,0,0,0,0,0,0,0,0,0,0,0,0,0,0.00,0.00,0.00,0.00,0.0,0.0
2026-09-12T00:30:10+00:00,2026-09-11,daily,4,2026-09-12T12:30:00Z,519,Gallagher,TOT,MID,54,0,-1,0.2,716,2107,2948,13341,a,,,,,,,,1.0,3,3,128,2,0,0,1,2,0,14,1,5,8,0.02,0.12,0.14,2.58,1.0,1.0
2026-09-12T00:30:10+00:00,2026-09-11,daily,4,2026-09-12T12:30:00Z,520,Bergvall,TOT,MID,54,0,-1,0.2,285,1712,1402,7405,a,,,,,,,,0.3,0,1,45,1,0,0,0,2,0,8,0,1,7,0.00,0.01,0.01,1.70,0.3,0.3
2026-09-12T00:30:10+00:00,2026-09-11,daily,4,2026-09-12T12:30:00Z,521,Kulusevski,TOT,MID,65,0,0,0.0,70,134,232,552,i,Knee injury - Unknown return date,2026-07-23T12:01:23.895175Z,0,0,,,,0.0,0,0,0,0,0,0,0,0,0,0,0,0,0,0.00,0.00,0.00,0.00,0.0,0.0
2026-09-12T00:30:10+00:00,2026-09-11,daily,4,2026-09-12T12:30:00Z,522,Gray,TOT,MID,50,0,0,0.2,780,2938,4652,9528,a,,,,,,,,1.3,0,4,152,2,0,0,0,4,0,11,5,1,5,0.00,0.01,0.01,3.91,1.3,1.3
2026-09-12T00:30:10+00:00,2026-09-11,daily,4,2026-09-12T12:30:00Z,523,Moore,TOT,MID,50,0,0,0.1,0,4800,3258,13815,u,Has joined FC Köln on loan for the rest of the season,2026-09-04T12:39:48.098158Z,0,0,,,,1.0,0,3,89,1,0,0,0,4,0,3,0,1,2,0.40,0.02,0.42,3.26,0.0,0.0
2026-09-12T00:30:10+00:00,2026-09-11,daily,4,2026-09-12T12:30:00Z,524,Olusesi,TOT,MID,44,-1,-1,0.7,1596,5857,5223,24635,a,,,,,,,,0.0,0,0,0,0,0,0,0,0,0,0,0,0,0,0.00,0.00,0.00,0.00,0.0,0.0
2026-09-12T00:30:10+00:00,2026-09-11,daily,4,2026-09-12T12:30:00Z,525,Fernandes,TOT,MID,58,-1,-2,1.0,1591,25897,11062,100231,a,,,,,,,2,1.0,0,3,142,1,0,0,0,3,0,10,0,4,6,0.01,0.23,0.24,2.94,1.0,1.0
2026-09-12T00:30:10+00:00,2026-09-11,daily,4,2026-09-12T12:30:00Z,526,Solanke,TOT,FWD,59,0,-1,0.9,5145,16790,20889,72946,a,,,,,1,,,1.0,1,3,43,0,0,0,0,0,0,1,1,0,0,0.44,0.00,0.44,0.89,1.0,1.0
2026-09-12T00:30:10+00:00,2026-09-11,daily,4,2026-09-12T12:30:00Z,527,Richarlison,TOT,FWD,59,0,-1,1.0,0,59455,21439,230155,u,not included in squad.,2026-09-04T12:32:39.183614Z,0,0,,,,0.7,0,2,67,1,0,0,0,3,0,1,1,0,0,0.00,0.00,0.00,3.02,0.0,0.0
2026-09-12T00:30:10+00:00,2026-09-11,daily,4,2026-09-12T12:30:00Z,528,Scarlett,TOT,FWD,45,0,0,1.4,0,27907,42525,79836,u,Has joined Leyton Orient permanently,2026-09-02T16:02:43.413625Z,0,0,,,,0.0,0,0,0,0,0,0,0,0,0,0,0,0,0,0.00,0.00,0.00,0.00,0.0,0.0
2026-09-12T00:30:10+00:00,2026-09-11,daily,4,2026-09-12T12:30:00Z,578,Mudryk,TOT,MID,54,0,-1,0.1,1613,1792,5381,4410,i,Ankle injury - Unknown return date,2026-09-11T18:00:09.154412Z,,0,,,,0.3,1,1,16,0,0,0,0,0,0,0,0,0,0,0.00,0.00,0.00,0.16,0.3,0.0
2026-09-12T00:30:10+00:00,2026-09-11,daily,4,2026-09-12T12:30:00Z,601,Williams-Barnett,TOT,MID,45,0,0,0.1,2172,1734,9275,4484,a,,,,,,,,0.0,0,0,0,0,0,0,0,0,0,0,0,0,0,0.00,0.00,0.00,0.00,0.0,0.0
2026-09-12T00:30:10+00:00,2026-09-11,daily,4,2026-09-12T12:30:00Z,501,Danso,SUN,DEF,50,0,0,0.2,1393,1479,3720,7223,a,,,,,,,,0.7,2,2,90,1,0,0,0,1,0,8,7,1,3,0.00,0.08,0.08,1.21,0.7,0.7
2026-09-12T00:30:10+00:00,2026-09-11,daily,4,2026-09-12T12:30:00Z,529,Roefs,SUN,GKP,50,0,0,2.9,2005,40687,17008,120245,a,,,,,,,,3.0,2,9,270,3,0,0,1,3,2,0,4,0,28,0.00,0.00,0.00,3.96,3.0,3.0
2026-09-12T00:30:10+00:00,2026-09-11,daily,4,2026-09-12T12:30:00Z,530,Patterson,SUN,GKP,40,0,0,0.1,0,905,0,4828,u,Has joined Wrexham permanently,2026-08-12T14:08:03.064533Z,0,0,,,,0.0,0,0,0,0,0,0,0,0,0,0,0,0,0,0.00,0.00,0.00,0.00,0.0,0.0
2026-09-12T00:30:10+00:00,2026-09-11,daily,4,2026-09-12T12:30:00Z,531,Ellborg,SUN,GKP,45,0,0,0.1,208,613,822,2418,a,,,,,,,,0.0,0,0,0,0,0,0,0,0,0,0,0,0,0,0.00,0.00,0.00,0.00,0.0,0.0
2026-09-12T00:30:10+00:00,2026-09-11,daily,4,2026-09-12T12:30:00Z,532,Ballard,SUN,DEF,49,-1,-1,3.2,6279,82669,34705,227168,a,,,,,,,,4.0,4,12,270,3,0,0,1,3,0,29,24,5,6,0.09,0.15,0.24,3.96,4.0,4.0
2026-09-12T00:30:10+00:00,2026-09-11,daily,4,2026-09-12T12:30:00Z,533,Mukiele,SUN,DEF,55,0,0,2.2,6090,22083,33096,85475,a,,2026-08-09T08:30:05.954750Z,100,100,,,,4.3,4,13,180,2,0,0,1,1,0,33,27,6,10,0.00,0.03,0.03,2.16,4.3,4.3
2026-09-12T00:30:10+00:00,2026-09-11,daily,4,2026-09-12T12:30:00Z,534,Hume,SUN,DEF,44,-1,-1,4.0,2966,129017,34146,252941,a,,,,,,,3,3.0,1,9,195,2,0,0,1,1,0,12,3,9,12,0.04,0.28,0.32,3.09,3.0,3.0
2026-09-12T00:30:10+00:00,2026-09-11,daily,4,2026-09-12T12:30:00Z,535,Alderete,SUN,DEF,49,-1,-1,0.3,353,5457,4426,20761,a,,2026-08-09T08:30:05.962393Z,100,100,,,,0.3,0,1,23,0,0,0,0,1,0,0,0,0,2,0.00,0.01,0.01,0.10,0.3,0.3
2026-09-12T00:30:10+00:00,2026-09-11,daily,4,2026-09-12T12:30:00Z,536,Reinildo,SUN,DEF,45,0,0,0.4,670,4092,3617,11993,a,,,,,,,,3.0,2,9,270,3,0,0,1,3,0,22,15,7,15,0.00,0.31,0.31,3.96,3.0,3.0
2026-09-12T00:30:10+00:00,2026-09-11,daily,4,2026-09-12T12:30:00Z,537,Seelt,SUN,DEF,45,0,0,0.0,0,87,61,574,u,Has joined Swansea City on loan for the rest of the season,2026-08-29T00:34:52.425076Z,0,0,,,,0.0,0,0,0,0,0,0,0,0,0,0,0,0,0,0.00,0.00,0.00,0.00,0.0,0.0
2026-09-12T00:30:10+00:00,2026-09-11,daily,4,2026-09-12T12:30:00Z,538,Hjelde,SUN,DEF,40,0,0,0.0,0,376,0,2046,u,Has joined KV Mechelen on loan for the rest of the season,2026-08-12T14:08:03.081789Z,0,0,,,,0.0,0,0,0,0,0,0,0,0,0,0,0,0,0,0.00,0.00,0.00,0.00,0.0,0.0
2026-09-12T00:30:10+00:00,2026-09-11,daily,4,2026-09-12T12:30:00Z,539,O'Nien,SUN,DEF,40,0,0,2.7,2114,28565,12017,79234,a,,,,,,,,0.3,0,1,66,1,0,0,0,1,0,5,4,1,4,0.01,0.01,0.02,1.69,0.3,0.3
2026-09-12T00:30:10+00:00,2026-09-11,daily,4,2026-09-12T12:30:00Z,540,Masuaku,SUN,DEF,40,0,0,0.1,0,1551,0,9489,u,Has joined Konyaspor permanently,2026-08-12T14:08:03.097784Z,0,0,,,,0.0,0,0,0,0,0,0,0,0,0,0,0,0,0,0.00,0.00,0.00,0.00,0.0,0.0
2026-09-12T00:30:10+00:00,2026-09-11,daily,4,2026-09-12T12:30:00Z,541,Meunier,SUN,DEF,45,0,0,0.3,675,2020,4324,6076,a,,2026-08-16T08:30:07.830062Z,100,100,,,,3.0,2,9,243,3,0,0,1,3,0,14,12,2,8,0.21,0.13,0.34,3.51,3.0,3.0
2026-09-12T00:30:10+00:00,2026-09-11,daily,4,2026-09-12T12:30:00Z,542,E.Le Fée,SUN,MID,58,-1,-2,4.5,8113,118470,26819,497430,a,,,,,2,3,1,4.3,8,13,258,3,1,0,1,2,0,14,1,6,7,1.21,0.23,1.44,3.76,4.3,4.3
2026-09-12T00:30:10+00:00,2026-09-11,daily,4,2026-09-12T12:30:00Z,543,Diarra,SUN,MID,54,-1,-1,0.0,26,1319,525,4802,i,Hamstring injury - Unknown return date,2026-08-30T16:30:08.428960Z,0,0,1,,,1.7,0,5,28,0,0,1,0,1,0,0,0,0,0,0.03,0.16,0.19,0.12,0.0,0.0
2026-09-12T00:30:10+00:00,2026-09-11,daily,4,2026-09-12T12:30:00Z,544,Xhaka,SUN,MID,55,0,0,4.2,20965,50294,108871,115585,a,,,,,,2,2,6.0,3,18,270,3,0,1,1,3,0,35,7,5,23,0.06,0.57,0.63,3.96,6.0,6.0
2026-09-12T00:30:10+00:00,2026-09-11,daily,4,2026-09-12T12:30:00Z,545,Sadiki,SUN,MID,49,-1,-1,0.3,866,4094,3918,12541,a,,,,,,,,2.0,1,6,253,3,0,0,1,3,0,16,6,3,7,0.36,0.23,0.59,3.57,2.0,2.0
2026-09-12T00:30:10+00:00,2026-09-11,daily,4,2026-09-12T12:30:00Z,546,Adingra,SUN,MID,49,0,-1,0.0,0,948,240,6443,u,Has joined Ajax on loan for the rest of the season,2026-08-20T14:00:08.416985Z,0,0,,,,0.0,0,0,0,0,0,0,0,0,0,0,0,0,0,0.00,0.00,0.00,0.00,0.0,0.0
2026-09-12T00:30:10+00:00,2026-09-11,daily,4,2026-09-12T12:30:00Z,547,Mundle,SUN,MID,49,-1,-1,0.0,49,175,172,459,i,Knee injury - Unknown return date,2026-09-09T14:00:08.462705Z,,0,,,,0.3,0,1,1,0,0,0,0,0,0,1,1,0,0,0.17,0.00,0.17,0.09,0.3,0.0
2026-09-12T00:30:10+00:00,2026-09-11,daily,4,2026-09-12T12:30:00Z,548,Rigg,SUN,MID,49,-1,-1,0.1,113,528,355,2010,a,,,,,,,,0.7,0,2,17,0,0,0,0,1,0,1,0,0,1,0.00,0.00,0.00,0.44,0.7,0.7
2026-09-12T00:30:10+00:00,2026-09-11,daily,4,2026-09-12T12:30:00Z,549,Talbi,SUN,MID,54,0,-1,0.1,189,2129,900,9100,a,,,,,,,,0.3,0,1,31,0,0,0,0,1,0,2,0,0,2,0.00,0.00,0.00,0.14,0.3,0.3
2026-09-12T00:30:10+00:00,2026-09-11,daily,4,2026-09-12T12:30:00Z,550,Jocelin.T,SUN,MID,50,0,0,0.0,66,75,197,277,a,,,,,,,,0.0,0,0,0,0,0,0,0,0,0,0,0,0,0,0.00,0.00,0.00,0.00,0.0,0.0
2026-09-12T00:30:10+00:00,2026-09-11,daily,4,2026-09-12T12:30:00Z,551,N.Angulo,SUN,MID,50,0,0,0.1,1272,2592,11383,7083,a,,,,,,1,,3.3,2,10,185,3,1,0,1,2,0,17,2,3,12,0.15,0.12,0.27,3.00,3.3,3.3
2026-09-12T00:30:10+00:00,2026-09-11,daily,4,2026-09-12T12:30:00Z,552,Brobbey,SUN,FWD,58,-1,-2,7.0,12589,214414,78142,683058,a,,,,,,,,2.0,2,6,219,3,0,0,1,2,0,7,1,0,6,0.59,0.06,0.65,3.48,2.0,2.0
2026-09-12T00:30:10+00:00,2026-09-11,daily,4,2026-09-12T12:30:00Z,553,Isidor,SUN,FWD,55,0,0,1.5,41708,18140,80008,45618,a,,,,,,,,4.3,4,13,75,0,1,1,0,1,0,2,0,0,2,1.49,0.01,1.50,0.92,4.3,4.3
2026-09-12T00:30:10+00:00,2026-09-11,daily,4,2026-09-12T12:30:00Z,612,Methalie,SUN,DEF,45,0,0,0.0,157,170,614,297,a,,2026-08-28T13:00:08.950445Z,100,100,,,,0.0,0,0,0,0,0,0,0,0,0,0,0,0,0,0.00,0.00,0.00,0.00,0.0,0.0
2026-09-12T00:30:10+00:00,2026-09-11,daily,4,2026-09-12T12:30:00Z,613,Ahoka,SUN,MID,45,0,0,0.3,6369,3900,22026,8596,a,,,,,,,,0.0,0,0,0,0,0,0,0,0,0,0,0,0,0,0.00,0.00,0.00,0.00,0.0,0.0
2026-09-12T00:30:10+00:00,2026-09-11,daily,4,2026-09-12T12:30:00Z,646,Fofana,SUN,MID,55,0,0,0.0,1106,456,3177,695,a,,,,,,,,1.0,1,1,16,0,0,0,0,0,0,0,0,0,0,0.00,0.00,0.00,0.39,2.0,2.0
2026-09-12T00:30:10+00:00,2026-09-11,daily,4,2026-09-12T12:30:00Z,651,J.Angulo,SUN,FWD,45,0,0,0.5,28599,8077,44538,9913,a,,,,,,,,0.0,0,0,0,0,0,0,0,0,0,0,0,0,0,0.00,0.00,0.00,0.00,1.0,1.0
