snapshot_utc,snapshot_date,snapshot_kind,event,deadline_time,id,web_name,team,position,now_cost,cost_change_event,cost_change_start,selected_by_percent,transfers_in_event,transfers_out_event,transfers_in,transfers_out,status,news,news_added,chance_of_playing_this_round,chance_of_playing_next_round,penalties_order,direct_freekicks_order,corners_and_indirect_freekicks_order,form,event_points,total_points,minutes,starts,goals_scored,assists,clean_sheets,goals_conceded,saves,defensive_contribution,clearances_blocks_interceptions,tackles,recoveries,expected_goals,expected_assists,expected_goal_involvements,expected_goals_conceded,ep_this,ep_next
2026-08-22T22:49:48+00:00,2026-08-22,daily,2,2026-08-28T17:30:00Z,1,Raya,ARS,GKP,60,0,0,37.7,11203,8522,11203,8522,a,,,,,,,,6.0,6,6,90,1,0,0,1,0,1,0,1,0,8,0.00,0.00,0.00,0.20,4.0,4.0
2026-08-22T22:49:48+00:00,2026-08-22,daily,2,2026-08-28T17:30:00Z,2,Arrizabalaga,ARS,GKP,50,0,0,0.1,70,306,70,306,a,,,,,,,,0.0,0,0,0,0,0,0,0,0,0,0,0,0,0,0.00,0.00,0.00,0.00,2.6,2.6
2026-08-22T22:49:48+00:00,2026-08-22,daily,2,2026-08-28T17:30:00Z,3,Meslier,ARS,GKP,50,0,0,0.0,20,104,20,104,a,,,,,,,,0.0,0,0,0,0,0,0,0,0,0,0,0,0,0,0.00,0.00,0.00,0.00,2.6,2.6
2026-08-22T22:49:48+00:00,2026-08-22,daily,2,2026-08-28T17:30:00Z,4,Gabriel,ARS,DEF,80,0,0,29.6,7265,16839,7265,16839,a,,,,,,,,5.0,5,5,90,1,0,0,1,0,0,4,4,0,2,0.05,0.01,0.06,0.20,4.0,4.0
2026-08-22T22:49:48+00:00,2026-08-22,daily,2,2026-08-28T17:30:00Z,5,J.Timber,ARS,DEF,65,0,0,0.1,91,775,91,775,i,Groin injury - Unknown return date,2026-07-23T12:01:23.272929Z,0,0,,,,0.0,0,0,0,0,0,0,0,0,0,0,0,0,0,0.00,0.00,0.00,0.00,0.0,0.0
2026-08-22T22:49:48+00:00,2026-08-22,daily,2,2026-08-28T17:30:00Z,6,Saliba,ARS,DEF,60,0,0,0.3,231,1814,231,1814,i,Back injury - Unknown return date,2026-07-23T12:01:23.289376Z,0,0,,,,0.0,0,0,0,0,0,0,0,0,0,0,0,0,0,0.00,0.00,0.00,0.00,0.0,0.0
2026-08-22T22:49:48+00:00,2026-08-22,daily,2,2026-08-28T17:30:00Z,7,Lewis-Skelly,ARS,MID,55,0,0,0.7,2787,1307,2787,1307,a,,,,,,,,3.0,3,3,90,1,0,0,1,0,0,7,1,1,5,0.06,0.11,0.17,0.20,2.0,2.0
2026-08-22T22:49:48+00:00,2026-08-22,daily,2,2026-08-28T17:30:00Z,8,Calafiori,ARS,DEF,55,0,0,40.0,67570,4510,67570,4510,a,,,,,,,,9.0,9,9,80,1,0,1,1,0,0,5,4,1,1,0.04,0.09,0.13,0.06,2.5,2.5
2026-08-22T22:49:48+00:00,2026-08-22,daily,2,2026-08-28T17:30:00Z,9,Hincapie,ARS,DEF,55,0,0,1.8,953,10340,953,10340,a,,,,,,,,1.0,1,1,9,0,0,0,0,0,0,0,0,0,0,0.00,0.00,0.00,0.15,2.5,2.5
2026-08-22T22:49:48+00:00,2026-08-22,daily,2,2026-08-28T17:30:00Z,10,White,ARS,DEF,55,0,0,4.8,19393,2003,19393,2003,a,,2026-07-23T12:01:23.305229Z,100,100,,,,11.0,11,11,90,1,0,1,1,0,0,5,4,1,3,0.18,0.21,0.39,0.20,2.5,2.5
2026-08-22T22:49:48+00:00,2026-08-22,daily,2,2026-08-28T17:30:00Z,11,Mosquera,ARS,DEF,55,0,0,6.2,4133,6415,4133,6415,a,,,,,,,,6.0,6,6,90,1,0,0,1,0,0,6,6,0,3,0.00,0.00,0.00,0.20,2.5,2.5
2026-08-22T22:49:48+00:00,2026-08-22,daily,2,2026-08-28T17:30:00Z,12,Saka,ARS,MID,95,0,0,9.7,12134,2536,12134,2536,a,,,,,1,2,2,9.0,9,9,67,1,1,0,1,0,0,7,2,1,4,0.64,0.08,0.72,0.06,3.2,3.2
2026-08-22T22:49:48+00:00,2026-08-22,daily,2,2026-08-28T17:30:00Z,13,Rice,ARS,MID,75,0,0,18.0,7402,24057,7402,24057,a,,,,,,1,1,3.0,3,3,67,1,0,0,1,0,0,6,3,0,3,0.07,0.08,0.15,0.06,2.6,2.6
2026-08-22T22:49:48+00:00,2026-08-22,daily,2,2026-08-28T17:30:00Z,14,Eze,ARS,MID,65,0,0,2.0,1052,9579,1052,9579,a,,,,,,3,,1.0,1,1,14,0,0,0,0,0,0,2,0,0,2,0.04,0.00,0.04,0.15,2.3,2.3
2026-08-22T22:49:48+00:00,2026-08-22,daily,2,2026-08-28T17:30:00Z,15,Ødegaard,ARS,MID,65,0,0,8.8,45862,3326,45862,3326,a,,,,,3,,4,11.0,11,11,75,1,1,0,1,0,0,8,1,3,4,0.21,0.10,0.31,0.06,2.3,2.3
2026-08-22T22:49:48+00:00,2026-08-22,daily,2,2026-08-28T17:30:00Z,16,Madueke,ARS,MID,65,0,0,0.3,228,1610,228,1610,a,,,,,,,6,1.0,1,1,22,0,0,0,0,0,0,2,0,0,2,0.00,0.04,0.04,0.15,2.3,2.3
2026-08-22T22:49:48+00:00,2026-08-22,daily,2,2026-08-28T17:30:00Z,17,Merino,ARS,MID,60,0,0,0.7,625,3157,625,3157,a,,,,,,,,1.0,1,1,14,0,0,0,0,0,0,2,0,0,2,0.14,0.02,0.16,0.15,2.1,2.1
2026-08-22T22:49:48+00:00,2026-08-22,daily,2,2026-08-28T17:30:00Z,18,Martinelli,ARS,MID,65,0,0,0.2,264,1676,264,1676,a,,,,,,,,0.0,0,0,0,0,0,0,0,0,0,0,0,0,0,0.00,0.00,0.00,0.00,2.3,2.3
2026-08-22T22:49:48+00:00,2026-08-22,daily,2,2026-08-28T17:30:00Z,19,Zubimendi,ARS,MID,55,0,0,1.2,318,3787,318,3787,a,,,,,,,,1.0,1,1,22,0,0,0,0,0,0,3,0,1,2,0.00,0.02,0.02,0.15,2.0,2.0
2026-08-22T22:49:48+00:00,2026-08-22,daily,2,2026-08-28T17:30:00Z,20,Dowman,ARS,MID,55,0,0,0.1,109,590,109,590,a,,,,,,,,0.0,0,0,0,0,0,0,0,0,0,0,0,0,0,0.00,0.00,0.00,0.00,2.0,2.0
2026-08-22T22:49:48+00:00,2026-08-22,daily,2,2026-08-28T17:30:00Z,22,Nwaneri,ARS,MID,55,0,0,0.0,14,79,14,79,a,,,,,,,,0.0,0,0,0,0,0,0,0,0,0,0,0,0,0,0.00,0.00,0.00,0.00,2.0,2.0
2026-08-22T22:49:48+00:00,2026-08-22,daily,2,2026-08-28T17:30:00Z,23,Fábio Vieira,ARS,MID,55,0,0,0.0,25,55,25,55,a,,,,,,,,0.0,0,0,0,0,0,0,0,0,0,0,0,0,0,0.00,0.00,0.00,0.00,2.0,2.0
2026-08-22T22:49:48+00:00,2026-08-22,daily,2,2026-08-28T17:30:00Z,24,Nelson,ARS,MID,55,0,0,0.0,17,35,17,35,a,,,,,,,,0.0,0,0,0,0,0,0,0,0,0,0,0,0,0,0.00,0.00,0.00,0.00,2.0,2.0
2026-08-22T22:49:48+00:00,2026-08-22,daily,2,2026-08-28T17:30:00Z,25,Gyökeres,ARS,FWD,75,0,0,8.7,1293,45341,1293,45341,a,,,,,2,,,0.0,0,0,0,0,0,0,0,0,0,0,0,0,0,0.00,0.00,0.00,0.00,2.4,2.4
2026-08-22T22:49:48+00:00,2026-08-22,daily,2,2026-08-28T17:30:00Z,26,Havertz,ARS,FWD,75,0,0,5.8,31554,3339,31554,3339,a,,,,,,,,6.0,6,6,90,1,1,0,1,0,0,2,2,0,0,0.26,0.03,0.29,0.20,2.4,2.4
2026-08-22T22:49:48+00:00,2026-08-22,daily,2,2026-08-28T17:30:00Z,27,G.Jesus,ARS,FWD,60,0,0,0.4,431,1717,431,1717,a,,,,,,,,0.0,0,0,0,0,0,0,0,0,0,0,0,0,0,0.00,0.00,0.00,0.00,2.0,2.0
2026-08-22T22:49:48+00:00,2026-08-22,daily,2,2026-08-28T17:30:00Z,31,Konsa,ARS,DEF,45,0,0,12.8,11193,46336,11193,46336,a,,,,,,,,0.0,0,0,0,0,0,0,0,0,0,0,0,0,0,0.00,0.00,0.00,0.00,1.7,1.7
2026-08-22T22:49:48+00:00,2026-08-22,daily,2,2026-08-28T17:30:00Z,452,Bruno G.,ARS,MID,70,0,0,3.9,231,26717,231,26717,d,Thigh injury - 75% chance of playing,2026-08-20T17:00:08.846118Z,75,75,4,,5,0.0,0,0,0,0,0,0,0,0,0,0,0,0,0,0.00,0.00,0.00,0.00,1.8,1.8
2026-08-22T22:49:48+00:00,2026-08-22,daily,2,2026-08-28T17:30:00Z,557,Tzolis,ARS,MID,65,0,0,25.3,47507,4364,47507,4364,a,,,,,,,3,6.0,6,6,75,1,0,1,1,0,0,6,2,1,3,0.19,0.14,0.33,0.06,2.3,2.3
2026-08-22T22:49:48+00:00,2026-08-22,daily,2,2026-08-28T17:30:00Z,28,Martinez,AVL,GKP,50,0,0,4.5,2638,3383,2638,3383,a,,,,,,,,0.0,0,0,0,0,0,0,0,0,0,0,0,0,0,0.00,0.00,0.00,0.00,2.6,2.6
2026-08-22T22:49:48+00:00,2026-08-22,daily,2,2026-08-28T17:30:00Z,29,M.Bizot,AVL,GKP,45,0,0,0.1,95,62,95,62,a,,,,,,,,0.0,0,0,0,0,0,0,0,0,0,0,0,0,0,0.00,0.00,0.00,0.00,1.9,1.9
2026-08-22T22:49:48+00:00,2026-08-22,daily,2,2026-08-28T17:30:00Z,30,Digne,AVL,DEF,45,0,0,0.1,0,1613,0,1613,u,Has joined Paris Saint-Germain permanently,2026-08-10T14:03:30.089007Z,0,0,,,,0.0,0,0,0,0,0,0,0,0,0,0,0,0,0,0.00,0.00,0.00,0.00,0.0,0.0
2026-08-22T22:49:48+00:00,2026-08-22,daily,2,2026-08-28T17:30:00Z,32,Cash,AVL,DEF,45,0,0,9.0,15886,3944,15886,3944,a,,,,,,,1,0.0,0,0,0,0,0,0,0,0,0,0,0,0,0,0.00,0.00,0.00,0.00,1.7,1.7
2026-08-22T22:49:48+00:00,2026-08-22,daily,2,2026-08-28T17:30:00Z,33,Mings,AVL,DEF,45,0,0,0.4,1461,258,1461,258,a,,,,,,,,0.0,0,0,0,0,0,0,0,0,0,0,0,0,0,0.00,0.00,0.00,0.00,1.7,1.7
2026-08-22T22:49:48+00:00,2026-08-22,daily,2,2026-08-28T17:30:00Z,34,Pau,AVL,DEF,45,0,0,0.5,1010,288,1010,288,a,,,,,,,,0.0,0,0,0,0,0,0,0,0,0,0,0,0,0,0.00,0.00,0.00,0.00,1.7,1.7
2026-08-22T22:49:48+00:00,2026-08-22,daily,2,2026-08-28T17:30:00Z,35,Bogarde,AVL,MID,50,0,0,0.1,247,101,247,101,a,,,,,,,,0.0,0,0,0,0,0,0,0,0,0,0,0,0,0,0.00,0.00,0.00,0.00,1.5,1.5
2026-08-22T22:49:48+00:00,2026-08-22,daily,2,2026-08-28T17:30:00Z,36,Maatsen,AVL,DEF,45,0,0,0.8,1132,402,1132,402,a,,,,,,,,0.0,0,0,0,0,0,0,0,0,0,0,0,0,0,0.00,0.00,0.00,0.00,1.7,1.7
2026-08-22T22:49:48+00:00,2026-08-22,daily,2,2026-08-28T17:30:00Z,37,Lindelöf,AVL,DEF,45,0,0,0.3,785,204,785,204,a,,,,,,,,0.0,0,0,0,0,0,0,0,0,0,0,0,0,0,0.00,0.00,0.00,0.00,1.7,1.7
2026-08-22T22:49:48+00:00,2026-08-22,daily,2,2026-08-28T17:30:00Z,38,A.García,AVL,DEF,40,0,0,1.8,1964,1243,1964,1243,a,,,,,,,,0.0,0,0,0,0,0,0,0,0,0,0,0,0,0,0.00,0.00,0.00,0.00,1.0,1.0
2026-08-22T22:49:48+00:00,2026-08-22,daily,2,2026-08-28T17:30:00Z,39,Nedeljkovic,AVL,DEF,40,0,0,0.3,0,1816,0,1816,u,Has joined Rangers on loan for the rest of the season,2026-08-19T13:56:46.385411Z,0,0,,,,0.0,0,0,0,0,0,0,0,0,0,0,0,0,0,0.00,0.00,0.00,0.00,0.0,0.0
2026-08-22T22:49:48+00:00,2026-08-22,daily,2,2026-08-28T17:30:00Z,41,Buendía,AVL,MID,60,0,0,1.4,1380,1056,1380,1056,a,,,,,1,1,,0.0,0,0,0,0,0,0,0,0,0,0,0,0,0,0.00,0.00,0.00,0.00,2.1,2.1
2026-08-22T22:49:48+00:00,2026-08-22,daily,2,2026-08-28T17:30:00Z,44,Bailey,AVL,MID,55,0,0,0.2,301,205,301,205,a,,,,,,,,0.0,0,0,0,0,0,0,0,0,0,0,0,0,0,0.00,0.00,0.00,0.00,2.0,2.0
2026-08-22T22:49:48+00:00,2026-08-22,daily,2,2026-08-28T17:30:00Z,45,McGinn,AVL,MID,55,0,0,3.3,2213,2232,2213,2232,a,,,,,,,2,0.0,0,0,0,0,0,0,0,0,0,0,0,0,0,0.00,0.00,0.00,0.00,2.0,2.0
2026-08-22T22:49:48+00:00,2026-08-22,daily,2,2026-08-28T17:30:00Z,46,Barkley,AVL,MID,50,0,0,0.2,482,247,482,247,a,,,,,,,,0.0,0,0,0,0,0,0,0,0,0,0,0,0,0,0.00,0.00,0.00,0.00,1.5,1.5
2026-08-22T22:49:48+00:00,2026-08-22,daily,2,2026-08-28T17:30:00Z,47,Kamara,AVL,MID,50,0,0,0.4,769,462,769,462,a,,2026-07-23T12:01:23.337269Z,100,100,,,,0.0,0,0,0,0,0,0,0,0,0,0,0,0,0,0.00,0.00,0.00,0.00,1.5,1.5
2026-08-22T22:49:48+00:00,2026-08-22,daily,2,2026-08-28T17:30:00Z,48,Onana,AVL,MID,50,0,0,0.0,47,113,47,113,i,Knee injury - Unknown return date,2026-07-23T12:01:23.352497Z,0,0,,,,0.0,0,0,0,0,0,0,0,0,0,0,0,0,0,0.00,0.00,0.00,0.00,0.0,0.0
2026-08-22T22:49:48+00:00,2026-08-22,daily,2,2026-08-28T17:30:00Z,49,Iling Jr,AVL,MID,50,0,0,0.0,0,46,0,46,u,Has joined Bolton Wanderers on loan for the rest of the season,2026-08-17T13:52:28.532616Z,0,0,,,,0.0,0,0,0,0,0,0,0,0,0,0,0,0,0,0.00,0.00,0.00,0.00,0.0,0.0
2026-08-22T22:49:48+00:00,2026-08-22,daily,2,2026-08-28T17:30:00Z,50,Burrowes,AVL,MID,45,0,0,0.7,968,626,968,626,a,,,,,,,,0.0,0,0,0,0,0,0,0,0,0,0,0,0,0,0.00,0.00,0.00,0.00,1.0,1.0
2026-08-22T22:49:48+00:00,2026-08-22,daily,2,2026-08-28T17:30:00Z,51,George Hemmings,AVL,MID,45,0,0,0.7,532,408,532,408,a,,,,,,,,0.0,0,0,0,0,0,0,0,0,0,0,0,0,0,0.00,0.00,0.00,0.00,1.0,1.0
2026-08-22T22:49:48+00:00,2026-08-22,daily,2,2026-08-28T17:30:00Z,52,Alysson,AVL,MID,50,0,0,0.0,131,73,131,73,a,,,,,,,,0.0,0,0,0,0,0,0,0,0,0,0,0,0,0,0.00,0.00,0.00,0.00,1.5,1.5
2026-08-22T22:49:48+00:00,2026-08-22,daily,2,2026-08-28T17:30:00Z,53,Manzambi,AVL,MID,60,0,0,0.3,80,2082,80,2082,i,Knee injury - Unknown return date,2026-08-15T15:30:06.388335Z,0,0,,,,0.0,0,0,0,0,0,0,0,0,0,0,0,0,0,0.00,0.00,0.00,0.00,0.0,0.0
2026-08-22T22:49:48+00:00,2026-08-22,daily,2,2026-08-28T17:30:00Z,54,Gomes,AVL,MID,55,0,0,0.1,16,375,16,375,i,Calf injury - Unknown return date,2026-08-15T16:00:07.546807Z,0,0,,,,0.0,0,0,0,0,0,0,0,0,0,0,0,0,0,0.00,0.00,0.00,0.00,0.0,0.0
2026-08-22T22:49:48+00:00,2026-08-22,daily,2,2026-08-28T17:30:00Z,55,Watkins,AVL,FWD,80,0,0,10.4,3361,7894,3361,7894,a,,,,,2,,,0.0,0,0,0,0,0,0,0,0,0,0,0,0,0,0.00,0.00,0.00,0.00,2.5,2.5
2026-08-22T22:49:48+00:00,2026-08-22,daily,2,2026-08-28T17:30:00Z,56,Abraham,AVL,FWD,55,0,0,0.1,148,336,148,336,d,Knock - 75% chance of playing,2026-08-15T16:00:07.558543Z,75,75,,,,0.0,0,0,0,0,0,0,0,0,0,0,0,0,0,0.00,0.00,0.00,0.00,1.3,1.3
2026-08-22T22:49:48+00:00,2026-08-22,daily,2,2026-08-28T17:30:00Z,160,Garnacho,AVL,MID,60,0,0,0.6,708,683,708,683,a,,,,,,,,0.0,0,0,0,0,0,0,0,0,0,0,0,0,0,0.00,0.00,0.00,0.00,2.1,2.1
2026-08-22T22:49:48+00:00,2026-08-22,daily,2,2026-08-28T17:30:00Z,582,Madjo,AVL,FWD,55,0,0,0.5,322,1120,322,1120,i,Unspecified injury - Unknown return date,2026-08-15T16:00:07.974271Z,0,0,,,,0.0,0,0,0,0,0,0,0,0,0,0,0,0,0,0.00,0.00,0.00,0.00,0.0,0.0
2026-08-22T22:49:48+00:00,2026-08-22,daily,2,2026-08-28T17:30:00Z,596,Ruggeri,AVL,DEF,45,0,0,0.1,363,97,363,97,a,,,,,,,,0.0,0,0,0,0,0,0,0,0,0,0,0,0,0,0.00,0.00,0.00,0.00,1.7,1.7
2026-08-22T22:49:48+00:00,2026-08-22,daily,2,2026-08-28T17:30:00Z,597,Suzuki,AVL,GKP,50,0,0,0.8,1115,450,1115,450,a,,,,,,,,0.0,0,0,0,0,0,0,0,0,0,0,0,0,0,0.00,0.00,0.00,0.00,2.6,2.6
2026-08-22T22:49:48+00:00,2026-08-22,daily,2,2026-08-28T17:30:00Z,57,Petrović,BOU,GKP,45,0,0,3.2,1392,1094,1392,1094,a,,,,,,,,0.0,0,0,0,0,0,0,0,0,0,0,0,0,0,0.00,0.00,0.00,0.00,1.9,1.9
2026-08-22T22:49:48+00:00,2026-08-22,daily,2,2026-08-28T17:30:00Z,58,Forster,BOU,GKP,40,0,0,3.2,1064,701,1064,701,a,,,,,,,,0.0,0,0,0,0,0,0,0,0,0,0,0,0,0,0.00,0.00,0.00,0.00,1.0,1.0
2026-08-22T22:49:48+00:00,2026-08-22,daily,2,2026-08-28T17:30:00Z,59,Dennis,BOU,GKP,40,0,0,0.2,191,72,191,72,a,,,,,,,,0.0,0,0,0,0,0,0,0,0,0,0,0,0,0,0.00,0.00,0.00,0.00,1.0,1.0
2026-08-22T22:49:48+00:00,2026-08-22,daily,2,2026-08-28T17:30:00Z,60,Hill,BOU,DEF,55,0,0,0.9,1220,639,1220,639,a,,,,,,,,0.0,0,0,0,0,0,0,0,0,0,0,0,0,0,0.00,0.00,0.00,0.00,2.5,2.5
2026-08-22T22:49:48+00:00,2026-08-22,daily,2,2026-08-28T17:30:00Z,61,Truffert,BOU,DEF,55,0,0,4.4,2370,2113,2370,2113,a,,,,,,,,0.0,0,0,0,0,0,0,0,0,0,0,0,0,0,0.00,0.00,0.00,0.00,2.5,2.5
2026-08-22T22:49:48+00:00,2026-08-22,daily,2,2026-08-28T17:30:00Z,62,Diakité,BOU,DEF,50,0,0,0.2,695,163,695,163,a,,,,,,,,0.0,0,0,0,0,0,0,0,0,0,0,0,0,0,0.00,0.00,0.00,0.00,2.2,2.2
2026-08-22T22:49:48+00:00,2026-08-22,daily,2,2026-08-28T17:30:00Z,63,Milosavljević,BOU,DEF,50,0,0,0.0,14,55,14,55,i,Unspecified injury - Unknown return date,2026-08-06T10:00:10.456051Z,0,0,,,,0.0,0,0,0,0,0,0,0,0,0,0,0,0,0,0.00,0.00,0.00,0.00,0.0,0.0
2026-08-22T22:49:48+00:00,2026-08-22,daily,2,2026-08-28T17:30:00Z,64,Smith,BOU,DEF,45,0,0,0.1,264,79,264,79,a,,,,,,,,0.0,0,0,0,0,0,0,0,0,0,0,0,0,0,0.00,0.00,0.00,0.00,1.7,1.7
2026-08-22T22:49:48+00:00,2026-08-22,daily,2,2026-08-28T17:30:00Z,65,J.Araujo,BOU,DEF,45,0,0,0.0,25,125,25,125,i,Thigh injury - Unknown return date,2026-08-09T08:00:05.645826Z,0,0,,,,0.0,0,0,0,0,0,0,0,0,0,0,0,0,0,0.00,0.00,0.00,0.00,0.0,0.0
2026-08-22T22:49:48+00:00,2026-08-22,daily,2,2026-08-28T17:30:00Z,66,Soler,BOU,DEF,40,0,0,0.2,86,361,86,361,d,Hamstring injury - 75% chance of playing,2026-08-15T16:30:07.021055Z,75,75,,,,0.0,0,0,0,0,0,0,0,0,0,0,0,0,0,0.00,0.00,0.00,0.00,0.8,0.8
2026-08-22T22:49:48+00:00,2026-08-22,daily,2,2026-08-28T17:30:00Z,67,Rayan,BOU,MID,65,0,0,2.8,2904,1862,2904,1862,a,,,,,,,,0.0,0,0,0,0,0,0,0,0,0,0,0,0,0,0.00,0.00,0.00,0.00,2.3,2.3
2026-08-22T22:49:48+00:00,2026-08-22,daily,2,2026-08-28T17:30:00Z,68,Tavernier,BOU,MID,60,0,0,1.5,755,772,755,772,a,,,,,3,1,1,0.0,0,0,0,0,0,0,0,0,0,0,0,0,0,0.00,0.00,0.00,0.00,2.1,2.1
2026-08-22T22:49:48+00:00,2026-08-22,daily,2,2026-08-28T17:30:00Z,69,Scott,BOU,MID,60,0,0,1.5,1090,1047,1090,1047,a,,,,,,4,2,0.0,0,0,0,0,0,0,0,0,0,0,0,0,0,0.00,0.00,0.00,0.00,2.1,2.1
2026-08-22T22:49:48+00:00,2026-08-22,daily,2,2026-08-28T17:30:00Z,70,Kluivert,BOU,MID,60,0,0,1.1,1535,757,1535,757,a,,,,,2,2,3,0.0,0,0,0,0,0,0,0,0,0,0,0,0,0,0.00,0.00,0.00,0.00,2.1,2.1
2026-08-22T22:49:48+00:00,2026-08-22,daily,2,2026-08-28T17:30:00Z,71,Cook,BOU,MID,50,0,0,0.2,368,182,368,182,a,,,,,,,5,0.0,0,0,0,0,0,0,0,0,0,0,0,0,0,0.00,0.00,0.00,0.00,1.5,1.5
2026-08-22T22:49:48+00:00,2026-08-22,daily,2,2026-08-28T17:30:00Z,72,Gannon-Doak,BOU,MID,50,0,0,0.1,84,73,84,73,a,,,,,,,,0.0,0,0,0,0,0,0,0,0,0,0,0,0,0,0.00,0.00,0.00,0.00,1.5,1.5
2026-08-22T22:49:48+00:00,2026-08-22,daily,2,2026-08-28T17:30:00Z,73,Adams,BOU,MID,50,0,0,0.2,78,716,78,716,d,Unspecified injury - 75% chance of playing,2026-08-15T16:30:07.029928Z,75,75,,,,0.0,0,0,0,0,0,0,0,0,0,0,0,0,0,0.00,0.00,0.00,0.00,1.1,1.1
2026-08-22T22:49:48+00:00,2026-08-22,daily,2,2026-08-28T17:30:00Z,74,Brooks,BOU,MID,50,0,0,0.0,22,143,22,143,d,Unspecified injury - 75% chance of playing,2026-08-15T16:30:07.037929Z,75,75,,3,4,0.0,0,0,0,0,0,0,0,0,0,0,0,0,0,0.00,0.00,0.00,0.00,1.1,1.1
2026-08-22T22:49:48+00:00,2026-08-22,daily,2,2026-08-28T17:30:00Z,75,Christie,BOU,MID,50,0,0,0.0,14,24,14,24,s,Suspended until 29 Aug,2026-07-24T17:30:10.035483Z,0,0,,,6,0.0,0,0,0,0,0,0,0,0,0,0,0,0,0,0.00,0.00,0.00,0.00,0.0,0.0
2026-08-22T22:49:48+00:00,2026-08-22,daily,2,2026-08-28T17:30:00Z,76,Tóth.A,BOU,MID,50,0,0,0.0,15,19,15,19,a,,,,,,,,0.0,0,0,0,0,0,0,0,0,0,0,0,0,0,0.00,0.00,0.00,0.00,1.5,1.5
2026-08-22T22:49:48+00:00,2026-08-22,daily,2,2026-08-28T17:30:00Z,77,Adli,BOU,MID,50,0,0,0.0,13,236,13,236,i,Unspecified injury - Unknown return date,2026-08-15T16:00:07.590566Z,0,0,,,,0.0,0,0,0,0,0,0,0,0,0,0,0,0,0,0.00,0.00,0.00,0.00,0.0,0.0
2026-08-22T22:49:48+00:00,2026-08-22,daily,2,2026-08-28T17:30:00Z,78,Kroupi.Jr,BOU,MID,75,0,0,0.4,125,3215,125,3215,i,Foot injury - Unknown return date,2026-07-29T17:30:09.796802Z,0,0,1,,,0.0,0,0,0,0,0,0,0,0,0,0,0,0,0,0.00,0.00,0.00,0.00,0.0,0.0
2026-08-22T22:49:48+00:00,2026-08-22,daily,2,2026-08-28T17:30:00Z,79,Evanilson,BOU,FWD,60,0,0,2.3,2809,1413,2809,1413,a,,,,,,,,0.0,0,0,0,0,0,0,0,0,0,0,0,0,0,0.00,0.00,0.00,0.00,2.0,2.0
2026-08-22T22:49:48+00:00,2026-08-22,daily,2,2026-08-28T17:30:00Z,80,Enes Ünal,BOU,FWD,55,0,0,0.0,0,280,0,280,u,Has joined Getafe permanently,2026-08-14T14:14:21.881112Z,0,0,,,,0.0,0,0,0,0,0,0,0,0,0,0,0,0,0,0.00,0.00,0.00,0.00,0.0,0.0
2026-08-22T22:49:48+00:00,2026-08-22,daily,2,2026-08-28T17:30:00Z,81,Rodríguez,BOU,FWD,60,0,0,0.1,30,283,30,283,d,Unspecified injury - 75% chance of playing,2026-08-15T16:30:07.054142Z,75,75,,,,0.0,0,0,0,0,0,0,0,0,0,0,0,0,0,0.00,0.00,0.00,0.00,1.5,1.5
2026-08-22T22:49:48+00:00,2026-08-22,daily,2,2026-08-28T17:30:00Z,566,Silva,BOU,DEF,50,0,0,0.3,388,139,388,139,a,,,,,,,,0.0,0,0,0,0,0,0,0,0,0,0,0,0,0,0.00,0.00,0.00,0.00,2.2,2.2
2026-08-22T22:49:48+00:00,2026-08-22,daily,2,2026-08-28T17:30:00Z,573,Sanchez,BOU,DEF,45,0,0,0.2,140,125,140,125,a,,,,,,,,0.0,0,0,0,0,0,0,0,0,0,0,0,0,0,0.00,0.00,0.00,0.00,1.7,1.7
2026-08-22T22:49:48+00:00,2026-08-22,daily,2,2026-08-28T17:30:00Z,82,Kelleher,BRE,GKP,50,0,0,5.8,4978,1670,4978,1670,a,,,,,,,,7.0,7,7,90,1,0,0,1,0,4,0,0,0,5,0.00,0.01,0.01,0.47,2.6,2.6
2026-08-22T22:49:48+00:00,2026-08-22,daily,2,2026-08-28T17:30:00Z,83,Valdimarsson,BRE,GKP,45,0,0,0.1,85,100,85,100,a,,,,,,,,0.0,0,0,0,0,0,0,0,0,0,0,0,0,0,0.00,0.00,0.00,0.00,1.9,1.9
2026-08-22T22:49:48+00:00,2026-08-22,daily,2,2026-08-28T17:30:00Z,84,Collins,BRE,DEF,55,0,0,1.8,2318,982,2318,982,a,,,,,,,,6.0,6,6,90,1,0,0,1,0,0,3,3,0,3,0.50,0.04,0.54,0.47,2.5,2.5
2026-08-22T22:49:48+00:00,2026-08-22,daily,2,2026-08-28T17:30:00Z,85,Van den Berg,BRE,DEF,50,0,0,0.1,45,922,45,922,i,Groin injury - Unknown return date,2026-08-15T15:30:06.416627Z,0,0,,,,0.0,0,0,0,0,0,0,0,0,0,0,0,0,0,0.00,0.00,0.00,0.00,0.0,0.0
2026-08-22T22:49:48+00:00,2026-08-22,daily,2,2026-08-28T17:30:00Z,86,Lewis-Potter,BRE,MID,55,0,0,0.5,3224,340,3224,340,a,,,,,,1,,10.0,10,10,90,1,1,0,1,0,0,9,3,1,5,0.37,0.08,0.45,0.47,2.0,2.0
2026-08-22T22:49:48+00:00,2026-08-22,daily,2,2026-08-28T17:30:00Z,87,Ajer,BRE,DEF,45,0,0,3.6,4239,838,4239,838,a,,,,,,,,8.0,8,8,90,1,0,0,1,0,0,10,8,2,3,0.16,0.04,0.20,0.47,1.7,1.7
2026-08-22T22:49:48+00:00,2026-08-22,daily,2,2026-08-28T17:30:00Z,88,Kayode,BRE,DEF,45,0,0,3.4,21711,907,21711,907,a,,,,,,,,14.0,14,14,75,1,1,0,1,0,0,4,3,1,5,0.87,0.00,0.87,0.37,1.7,1.7
2026-08-22T22:49:48+00:00,2026-08-22,daily,2,2026-08-28T17:30:00Z,89,Henry,BRE,DEF,45,0,0,0.3,149,225,149,225,a,,,,,,,,0.0,0,0,0,0,0,0,0,0,0,0,0,0,0,0.00,0.00,0.00,0.00,1.7,1.7
2026-08-22T22:49:48+00:00,2026-08-22,daily,2,2026-08-28T17:30:00Z,90,Hickey,BRE,DEF,45,0,0,0.1,138,68,138,68,a,,,,,,,,1.0,1,1,14,0,0,0,0,0,0,0,0,0,2,0.00,0.00,0.00,0.10,1.7,1.7
2026-08-22T22:49:48+00:00,2026-08-22,daily,2,2026-08-28T17:30:00Z,91,Pinnock,BRE,DEF,45,0,0,0.1,106,94,106,94,a,,,,,,,,0.0,0,0,0,0,0,0,0,0,0,0,0,0,0,0.00,0.00,0.00,0.00,1.7,1.7
2026-08-22T22:49:48+00:00,2026-08-22,daily,2,2026-08-28T17:30:00Z,92,Ji-soo,BRE,DEF,45,0,0,0.0,31,18,31,18,a,,,,,,,,0.0,0,0,0,0,0,0,0,0,0,0,0,0,0,0.00,0.00,0.00,0.00,1.7,1.7
2026-08-22T22:49:48+00:00,2026-08-22,daily,2,2026-08-28T17:30:00Z,93,Schuster,BRE,DEF,45,0,0,0.2,35,115,35,115,a,,,,,,,,0.0,0,0,0,0,0,0,0,0,0,0,0,0,0,0.00,0.00,0.00,0.00,1.7,1.7
2026-08-22T22:49:48+00:00,2026-08-22,daily,2,2026-08-28T17:30:00Z,94,Schade,BRE,MID,60,0,0,3.6,2637,2027,2637,2027,a,,,,,2,,,3.0,3,3,90,1,0,0,1,0,0,10,2,3,5,0.43,0.01,0.44,0.47,2.1,2.1
2026-08-22T22:49:48+00:00,2026-08-22,daily,2,2026-08-28T17:30:00Z,95,O.Dango,BRE,MID,65,0,0,1.2,926,968,926,968,a,,,,,,,2,3.0,3,3,66,1,0,0,1,0,0,6,2,0,4,0.06,0.20,0.26,0.37,2.3,2.3
2026-08-22T22:49:48+00:00,2026-08-22,daily,2,2026-08-28T17:30:00Z,96,Damsgaard,BRE,MID,55,0,0,0.6,343,732,343,732,a,,,,,,3,3,1.0,1,1,14,0,0,0,0,0,0,4,0,1,3,0.00,0.24,0.24,0.10,2.0,2.0
2026-08-22T22:49:48+00:00,2026-08-22,daily,2,2026-08-28T17:30:00Z,97,Jensen,BRE,MID,55,0,0,0.2,323,138,323,138,a,,,,,3,2,1,6.0,6,6,66,1,0,1,1,0,0,5,0,2,3,0.09,0.55,0.64,0.37,2.0,2.0
2026-08-22T22:49:48+00:00,2026-08-22,daily,2,2026-08-28T17:30:00Z,98,Janelt,BRE,MID,50,0,0,0.1,1377,100,1377,100,a,,,,,,,4,9.0,9,9,90,1,1,0,1,0,0,13,6,4,3,0.41,0.08,0.49,0.47,1.5,1.5
2026-08-22T22:49:48+00:00,2026-08-22,daily,2,2026-08-28T17:30:00Z,99,Milambo,BRE,MID,50,0,0,0.0,8,12,8,12,i,Knee injury - Unknown return date,2026-07-23T12:01:23.384798Z,0,0,,,,0.0,0,0,0,0,0,0,0,0,0,0,0,0,0,0.00,0.00,0.00,0.00,0.0,0.0
2026-08-22T22:49:48+00:00,2026-08-22,daily,2,2026-08-28T17:30:00Z,100,Carvalho,BRE,MID,50,0,0,0.0,12,52,12,52,d,Lack of match fitness - 75% chance of playing,2026-08-18T13:58:17.442072Z,75,75,,,,0.0,0,0,0,0,0,0,0,0,0,0,0,0,0,0.00,0.00,0.00,0.00,1.1,1.1
2026-08-22T22:49:48+00:00,2026-08-22,daily,2,2026-08-28T17:30:00Z,102,Yarmoliuk,BRE,MID,50,0,0,1.3,194,1182,194,1182,a,,,,,,,,1.0,1,1,23,0,0,0,0,0,0,6,1,2,3,0.03,0.01,0.04,0.10,1.5,1.5
2026-08-22T22:49:48+00:00,2026-08-22,daily,2,2026-08-28T17:30:00Z,103,Dasilva,BRE,MID,50,0,0,0.0,44,35,44,35,a,,,,,,,,0.0,0,0,0,0,0,0,0,0,0,0,0,0,0,0.00,0.00,0.00,0.00,1.5,1.5
2026-08-22T22:49:48+00:00,2026-08-22,daily,2,2026-08-28T17:30:00Z,105,Anthony,BRE,MID,60,0,0,0.2,302,223,302,223,a,,,,,,,,1.0,1,1,23,0,0,0,0,0,0,8,0,2,6,0.04,0.50,0.54,0.10,2.1,2.1
2026-08-22T22:49:48+00:00,2026-08-22,daily,2,2026-08-28T17:30:00Z,106,Thiago,BRE,FWD,80,0,0,17.2,8321,9701,8321,9701,a,,,,,1,,,0.0,0,0,82,1,0,0,1,0,0,5,1,0,4,0.95,0.08,1.03,0.40,2.5,2.5
2026-08-22T22:49:48+00:00,2026-08-22,daily,2,2026-08-28T17:30:00Z,107,Furo,BRE,FWD,45,0,0,0.9,1425,769,1425,769,a,,,,,,,,0.0,0,0,0,0,0,0,0,0,0,0,0,0,0,0.00,0.00,0.00,0.00,1.0,1.0
2026-08-22T22:49:48+00:00,2026-08-22,daily,2,2026-08-28T17:30:00Z,108,Wilson,BRE,FWD,55,0,0,0.4,732,503,732,503,a,,,,,,,,1.0,1,1,7,0,0,0,0,0,0,0,0,0,0,0.05,0.09,0.14,0.07,1.8,1.8
2026-08-22T22:49:48+00:00,2026-08-22,daily,2,2026-08-28T17:30:00Z,565,M.Sangaré,BRE,MID,55,0,0,3.5,22317,713,22317,713,a,,,,,,,,14.0,14,14,75,1,0,2,1,0,0,13,4,2,7,0.07,0.37,0.44,0.37,2.0,2.0
2026-08-22T22:49:48+00:00,2026-08-22,daily,2,2026-08-28T17:30:00Z,109,Verbruggen,BHA,GKP,45,0,0,21.7,5152,4218,5152,4218,a,,,,,,,,0.0,0,0,0,0,0,0,0,0,0,0,0,0,0,0.00,0.00,0.00,0.00,1.9,1.9
2026-08-22T22:49:48+00:00,2026-08-22,daily,2,2026-08-28T17:30:00Z,111,Steele,BHA,GKP,40,0,0,4.1,1201,829,1201,829,a,,,,,,,,0.0,0,0,0,0,0,0,0,0,0,0,0,0,0,0.00,0.00,0.00,0.00,1.0,1.0
2026-08-22T22:49:48+00:00,2026-08-22,daily,2,2026-08-28T17:30:00Z,113,F.Kadıoğlu,BHA,DEF,45,0,0,2.9,1503,1180,1503,1180,a,,,,,,,3,0.0,0,0,0,0,0,0,0,0,0,0,0,0,0,0.00,0.00,0.00,0.00,1.7,1.7
2026-08-22T22:49:48+00:00,2026-08-22,daily,2,2026-08-28T17:30:00Z,114,Boscagli,BHA,DEF,45,0,0,0.2,104,107,104,107,a,,,,,,,,0.0,0,0,0,0,0,0,0,0,0,0,0,0,0,0.00,0.00,0.00,0.00,1.7,1.7
2026-08-22T22:49:48+00:00,2026-08-22,daily,2,2026-08-28T17:30:00Z,115,De Cuyper,BHA,DEF,45,0,0,1.7,854,629,854,629,a,,,,,,4,2,0.0,0,0,0,0,0,0,0,0,0,0,0,0,0,0.00,0.00,0.00,0.00,1.7,1.7
2026-08-22T22:49:48+00:00,2026-08-22,daily,2,2026-08-28T17:30:00Z,116,Dunk,BHA,DEF,45,0,0,1.0,1271,479,1271,479,a,,,,,,3,,0.0,0,0,0,0,0,0,0,0,0,0,0,0,0,0.00,0.00,0.00,0.00,1.7,1.7
2026-08-22T22:49:48+00:00,2026-08-22,daily,2,2026-08-28T17:30:00Z,117,Coppola,BHA,DEF,45,0,0,0.0,25,17,25,17,a,,,,,,,,0.0,0,0,0,0,0,0,0,0,0,0,0,0,0,0.00,0.00,0.00,0.00,1.7,1.7
2026-08-22T22:49:48+00:00,2026-08-22,daily,2,2026-08-28T17:30:00Z,118,Igor,BHA,DEF,45,0,0,0.1,121,54,121,54,a,,,,,,,,0.0,0,0,0,0,0,0,0,0,0,0,0,0,0,0.00,0.00,0.00,0.00,1.7,1.7
2026-08-22T22:49:48+00:00,2026-08-22,daily,2,2026-08-28T17:30:00Z,119,Costinha,BHA,DEF,45,0,0,0.0,32,9,32,9,a,,,,,,,,0.0,0,0,0,0,0,0,0,0,0,0,0,0,0,0.00,0.00,0.00,0.00,1.7,1.7
2026-08-22T22:49:48+00:00,2026-08-22,daily,2,2026-08-28T17:30:00Z,120,Svoboda,BHA,DEF,50,0,0,0.0,113,33,113,33,a,,,,,,,,0.0,0,0,0,0,0,0,0,0,0,0,0,0,0,0.00,0.00,0.00,0.00,2.2,2.2
2026-08-22T22:49:48+00:00,2026-08-22,daily,2,2026-08-28T17:30:00Z,121,Mitoma,BHA,MID,60,0,0,0.1,49,239,49,239,i,Hamstring injury - Unknown return date,2026-07-24T18:30:10.661894Z,0,0,,,,0.0,0,0,0,0,0,0,0,0,0,0,0,0,0,0.00,0.00,0.00,0.00,0.0,0.0
2026-08-22T22:49:48+00:00,2026-08-22,daily,2,2026-08-28T17:30:00Z,122,Minteh,BHA,MID,60,0,0,0.1,43,772,43,772,i,Leg injury - Expected back 28 Nov,2026-08-14T18:00:06.418033Z,0,0,,,5,0.0,0,0,0,0,0,0,0,0,0,0,0,0,0,0.00,0.00,0.00,0.00,0.0,0.0
2026-08-22T22:49:48+00:00,2026-08-22,daily,2,2026-08-28T17:30:00Z,123,Hinshelwood,BHA,MID,60,0,0,0.4,150,234,150,234,a,,,,,,,,0.0,0,0,0,0,0,0,0,0,0,0,0,0,0,0.00,0.00,0.00,0.00,2.1,2.1
2026-08-22T22:49:48+00:00,2026-08-22,daily,2,2026-08-28T17:30:00Z,124,Groß,BHA,MID,55,0,0,14.3,4347,5589,4347,5589,a,,,,,1,1,1,0.0,0,0,0,0,0,0,0,0,0,0,0,0,0,0.00,0.00,0.00,0.00,2.0,2.0
2026-08-22T22:49:48+00:00,2026-08-22,daily,2,2026-08-28T17:30:00Z,125,Georginio,BHA,FWD,55,0,0,0.9,596,491,596,491,a,,,,,,,,0.0,0,0,0,0,0,0,0,0,0,0,0,0,0,0.00,0.00,0.00,0.00,1.8,1.8
2026-08-22T22:49:48+00:00,2026-08-22,daily,2,2026-08-28T17:30:00Z,126,O'Riley,BHA,MID,55,0,0,0.1,117,101,117,101,a,,,,,3,,,0.0,0,0,0,0,0,0,0,0,0,0,0,0,0,0.00,0.00,0.00,0.00,2.0,2.0
2026-08-22T22:49:48+00:00,2026-08-22,daily,2,2026-08-28T17:30:00Z,127,Gomez,BHA,MID,50,0,0,3.9,1647,1674,1647,1674,a,,,,,,5,,0.0,0,0,0,0,0,0,0,0,0,0,0,0,0,0.00,0.00,0.00,0.00,1.5,1.5
2026-08-22T22:49:48+00:00,2026-08-22,daily,2,2026-08-28T17:30:00Z,128,Buonanotte,BHA,MID,50,0,0,0.0,0,58,0,58,u,Has joined Elche on loan for the rest of the season,2026-08-10T14:03:07.561436Z,0,0,,,,0.0,0,0,0,0,0,0,0,0,0,0,0,0,0,0.00,0.00,0.00,0.00,0.0,0.0
2026-08-22T22:49:48+00:00,2026-08-22,daily,2,2026-08-28T17:30:00Z,129,Ayari,BHA,MID,55,0,0,0.7,337,524,337,524,a,,,,,,2,4,0.0,0,0,0,0,0,0,0,0,0,0,0,0,0,0.00,0.00,0.00,0.00,2.0,2.0
2026-08-22T22:49:48+00:00,2026-08-22,daily,2,2026-08-28T17:30:00Z,130,Wieffer,BHA,DEF,50,0,0,0.3,159,155,159,155,a,,,,,,,,0.0,0,0,0,0,0,0,0,0,0,0,0,0,0,0.00,0.00,0.00,0.00,2.2,2.2
2026-08-22T22:49:48+00:00,2026-08-22,daily,2,2026-08-28T17:30:00Z,131,Baleba,BHA,MID,50,0,0,0.2,602,741,602,741,i,Ankle injury - Unknown return date,2026-08-06T16:00:10.997714Z,0,0,,,,0.0,0,0,0,0,0,0,0,0,0,0,0,0,0,0.00,0.00,0.00,0.00,0.0,0.0
2026-08-22T22:49:48+00:00,2026-08-22,daily,2,2026-08-28T17:30:00Z,132,Howell,BHA,MID,45,0,0,0.1,0,361,0,361,u,Has joined Leicester City on loan for the rest of the season,2026-08-17T13:53:19.019938Z,0,0,,,,0.0,0,0,0,0,0,0,0,0,0,0,0,0,0,0.00,0.00,0.00,0.00,0.0,0.0
2026-08-22T22:49:48+00:00,2026-08-22,daily,2,2026-08-28T17:30:00Z,133,Watson,BHA,MID,50,0,0,0.0,0,11,0,11,u,Has joined Leicester City on loan for the rest of the season,2026-08-03T14:05:44.459483Z,0,0,,,,0.0,0,0,0,0,0,0,0,0,0,0,0,0,0,0.00,0.00,0.00,0.00,0.0,0.0
2026-08-22T22:49:48+00:00,2026-08-22,daily,2,2026-08-28T17:30:00Z,134,Oriola,BHA,MID,45,0,0,0.3,389,208,389,208,a,,,,,,,,0.0,0,0,0,0,0,0,0,0,0,0,0,0,0,0.00,0.00,0.00,0.00,1.0,1.0
2026-08-22T22:49:48+00:00,2026-08-22,daily,2,2026-08-28T17:30:00Z,135,Yohanna,BHA,MID,50,0,0,0.1,81,53,81,53,a,,,,,,,,0.0,0,0,0,0,0,0,0,0,0,0,0,0,0,0.00,0.00,0.00,0.00,1.5,1.5
2026-08-22T22:49:48+00:00,2026-08-22,daily,2,2026-08-28T17:30:00Z,137,Tzimas,BHA,FWD,55,0,0,0.0,19,52,19,52,i,Knee injury - Unknown return date,2026-07-23T12:01:23.432796Z,0,0,,,,0.0,0,0,0,0,0,0,0,0,0,0,0,0,0,0.00,0.00,0.00,0.00,0.0,0.0
2026-08-22T22:49:48+00:00,2026-08-22,daily,2,2026-08-28T17:30:00Z,138,Kostoulas,BHA,FWD,55,0,0,0.2,117,185,117,185,a,,,,,,,,0.0,0,0,0,0,0,0,0,0,0,0,0,0,0,0.00,0.00,0.00,0.00,1.8,1.8
2026-08-22T22:49:48+00:00,2026-08-22,daily,2,2026-08-28T17:30:00Z,139,Ferguson,BHA,FWD,50,0,0,0.0,74,119,74,119,i,Ankle injury - Expected back 10 Oct,2026-07-23T12:01:23.448357Z,0,0,,,,0.0,0,0,0,0,0,0,0,0,0,0,0,0,0,0.00,0.00,0.00,0.00,0.0,0.0
2026-08-22T22:49:48+00:00,2026-08-22,daily,2,2026-08-28T17:30:00Z,328,Struijk,BHA,DEF,50,0,0,0.2,239,132,239,132,a,,2026-08-15T20:30:07.523574Z,100,100,,,,0.0,0,0,0,0,0,0,0,0,0,0,0,0,0,0.00,0.00,0.00,0.00,2.2,2.2
2026-08-22T22:49:48+00:00,2026-08-22,daily,2,2026-08-28T17:30:00Z,504,Vuskovic,BHA,DEF,50,0,0,2.5,1650,808,1650,808,a,,,,,,,,0.0,0,0,0,0,0,0,0,0,0,0,0,0,0,0.00,0.00,0.00,0.00,2.2,2.2
2026-08-22T22:49:48+00:00,2026-08-22,daily,2,2026-08-28T17:30:00Z,594,David,BHA,FWD,60,0,0,0.3,457,220,457,220,a,,,,,2,,,0.0,0,0,0,0,0,0,0,0,0,0,0,0,0,0.00,0.00,0.00,0.00,2.0,2.0
2026-08-22T22:49:48+00:00,2026-08-22,daily,2,2026-08-28T17:30:00Z,600,Osman,BHA,MID,50,0,0,0.0,36,12,36,12,a,,,,,,,,0.0,0,0,0,0,0,0,0,0,0,0,0,0,0,0.00,0.00,0.00,0.00,1.5,1.5
2026-08-22T22:49:48+00:00,2026-08-22,daily,2,2026-08-28T17:30:00Z,40,Rogers,CHE,MID,75,0,0,24.4,9918,7036,9918,7036,a,,,,,,,4,0.0,0,0,0,0,0,0,0,0,0,0,0,0,0,0.00,0.00,0.00,0.00,2.6,2.6
2026-08-22T22:49:48+00:00,2026-08-22,daily,2,2026-08-28T17:30:00Z,101,Henderson,CHE,MID,50,0,0,0.0,69,103,69,103,d,Wrist injury - 75% chance of playing,2026-08-09T09:30:07.136250Z,75,75,,,,0.0,0,0,0,0,0,0,0,0,0,0,0,0,0,0.00,0.00,0.00,0.00,1.1,1.1
2026-08-22T22:49:48+00:00,2026-08-22,daily,2,2026-08-28T17:30:00Z,136,Welbeck,CHE,FWD,60,0,0,1.2,164,3722,164,3722,d,Unspecified injury - 75% chance of playing,2026-08-20T14:00:07.949090Z,75,75,,,,0.0,0,0,0,0,0,0,0,0,0,0,0,0,0,0.00,0.00,0.00,0.00,1.5,1.5
2026-08-22T22:49:48+00:00,2026-08-22,daily,2,2026-08-28T17:30:00Z,140,Sánchez,CHE,GKP,50,0,0,2.4,1296,1191,1296,1191,a,,,,,,,,0.0,0,0,0,0,0,0,0,0,0,0,0,0,0,0.00,0.00,0.00,0.00,2.6,2.6
2026-08-22T22:49:48+00:00,2026-08-22,daily,2,2026-08-28T17:30:00Z,141,Jörgensen,CHE,GKP,50,0,0,0.0,0,171,0,171,u,Has joined RC Strasbourg on loan for the rest of the season,2026-08-12T14:07:02.607115Z,0,0,,,,0.0,0,0,0,0,0,0,0,0,0,0,0,0,0,0.00,0.00,0.00,0.00,0.0,0.0
2026-08-22T22:49:48+00:00,2026-08-22,daily,2,2026-08-28T17:30:00Z,142,James,CHE,DEF,55,0,0,10.2,13717,3805,13717,3805,a,,,,,,1,1,0.0,0,0,0,0,0,0,0,0,0,0,0,0,0,0.00,0.00,0.00,0.00,2.5,2.5
2026-08-22T22:49:48+00:00,2026-08-22,daily,2,2026-08-28T17:30:00Z,143,Chalobah,CHE,DEF,55,0,0,0.2,0,2364,0,2364,u,Has joined Como permanently,2026-08-10T14:03:50.769483Z,0,0,,,,0.0,0,0,0,0,0,0,0,0,0,0,0,0,0,0.00,0.00,0.00,0.00,0.0,0.0
2026-08-22T22:49:48+00:00,2026-08-22,daily,2,2026-08-28T17:30:00Z,144,Gusto,CHE,DEF,50,0,0,1.2,2540,878,2540,878,a,,,,,,,,0.0,0,0,0,0,0,0,0,0,0,0,0,0,0,0.00,0.00,0.00,0.00,2.2,2.2
2026-08-22T22:49:48+00:00,2026-08-22,daily,2,2026-08-28T17:30:00Z,145,Fofana,CHE,DEF,50,0,0,0.0,24,55,24,55,s,Suspended until 6 Sep,2026-07-23T12:01:23.464591Z,0,0,,,,0.0,0,0,0,0,0,0,0,0,0,0,0,0,0,0.00,0.00,0.00,0.00,0.0,0.0
2026-08-22T22:49:48+00:00,2026-08-22,daily,2,2026-08-28T17:30:00Z,146,B.Badiashile,CHE,DEF,45,0,0,0.0,99,64,99,64,a,,,,,,,,0.0,0,0,0,0,0,0,0,0,0,0,0,0,0,0.00,0.00,0.00,0.00,1.7,1.7
2026-08-22T22:49:48+00:00,2026-08-22,daily,2,2026-08-28T17:30:00Z,147,Tosin,CHE,DEF,45,0,0,0.2,86,157,86,157,a,,,,,,,,0.0,0,0,0,0,0,0,0,0,0,0,0,0,0,0.00,0.00,0.00,0.00,1.7,1.7
2026-08-22T22:49:48+00:00,2026-08-22,daily,2,2026-08-28T17:30:00Z,148,Hato,CHE,DEF,45,0,0,0.5,467,349,467,349,a,,,,,,,,0.0,0,0,0,0,0,0,0,0,0,0,0,0,0,0.00,0.00,0.00,0.00,1.7,1.7
2026-08-22T22:49:48+00:00,2026-08-22,daily,2,2026-08-28T17:30:00Z,149,Colwill,CHE,DEF,50,0,0,1.6,2241,870,2241,870,a,,,,,,,,0.0,0,0,0,0,0,0,0,0,0,0,0,0,0,0.00,0.00,0.00,0.00,2.2,2.2
2026-08-22T22:49:48+00:00,2026-08-22,daily,2,2026-08-28T17:30:00Z,150,M.Sarr,CHE,DEF,45,0,0,0.1,161,79,161,79,a,,,,,,,,0.0,0,0,0,0,0,0,0,0,0,0,0,0,0,0.00,0.00,0.00,0.00,1.7,1.7
2026-08-22T22:49:48+00:00,2026-08-22,daily,2,2026-08-28T17:30:00Z,151,Acheampong,CHE,DEF,45,0,0,0.3,325,271,325,271,a,,,,,,,,0.0,0,0,0,0,0,0,0,0,0,0,0,0,0,0.00,0.00,0.00,0.00,1.7,1.7
2026-08-22T22:49:48+00:00,2026-08-22,daily,2,2026-08-28T17:30:00Z,152,Palestra,CHE,DEF,55,0,0,3.0,2017,1027,2017,1027,a,,,,,,,,0.0,0,0,0,0,0,0,0,0,0,0,0,0,0,0.00,0.00,0.00,0.00,2.5,2.5
2026-08-22T22:49:48+00:00,2026-08-22,daily,2,2026-08-28T17:30:00Z,153,Disasi,CHE,DEF,45,0,0,0.1,159,81,159,81,a,,,,,,,,0.0,0,0,0,0,0,0,0,0,0,0,0,0,0,0.00,0.00,0.00,0.00,1.7,1.7
2026-08-22T22:49:48+00:00,2026-08-22,daily,2,2026-08-28T17:30:00Z,154,Palmer,CHE,MID,95,0,0,10.6,4030,3479,4030,3479,a,,,,,1,3,,0.0,0,0,0,0,0,0,0,0,0,0,0,0,0,0.00,0.00,0.00,0.00,3.2,3.2
2026-08-22T22:49:48+00:00,2026-08-22,daily,2,2026-08-28T17:30:00Z,155,Enzo,CHE,MID,70,0,0,5.2,4818,3639,4818,3639,a,,,,,2,2,3,0.0,0,0,0,0,0,0,0,0,0,0,0,0,0,0.00,0.00,0.00,0.00,2.5,2.5
2026-08-22T22:49:48+00:00,2026-08-22,daily,2,2026-08-28T17:30:00Z,156,Neto,CHE,MID,65,0,0,1.4,1258,1146,1258,1146,a,,,,,,4,2,0.0,0,0,0,0,0,0,0,0,0,0,0,0,0,0.00,0.00,0.00,0.00,2.3,2.3
2026-08-22T22:49:48+00:00,2026-08-22,daily,2,2026-08-28T17:30:00Z,157,Estêvão,CHE,MID,65,0,0,1.3,1457,1590,1457,1590,a,,,,,3,,5,0.0,0,0,0,0,0,0,0,0,0,0,0,0,0,0.00,0.00,0.00,0.00,2.3,2.3
2026-08-22T22:49:48+00:00,2026-08-22,daily,2,2026-08-28T17:30:00Z,158,Gittens,CHE,MID,60,0,0,0.0,61,72,61,72,a,,,,,,,,0.0,0,0,0,0,0,0,0,0,0,0,0,0,0,0.00,0.00,0.00,0.00,2.1,2.1
2026-08-22T22:49:48+00:00,2026-08-22,daily,2,2026-08-28T17:30:00Z,159,Caicedo,CHE,MID,55,0,0,4.0,4148,3069,4148,3069,a,,,,,,,,0.0,0,0,0,0,0,0,0,0,0,0,0,0,0,0.00,0.00,0.00,0.00,2.0,2.0
2026-08-22T22:49:48+00:00,2026-08-22,daily,2,2026-08-28T17:30:00Z,161,Lavia,CHE,MID,50,0,0,0.1,95,76,95,76,a,,,,,,,,0.0,0,0,0,0,0,0,0,0,0,0,0,0,0,0.00,0.00,0.00,0.00,1.5,1.5
2026-08-22T22:49:48+00:00,2026-08-22,daily,2,2026-08-28T17:30:00Z,163,D.Essugo,CHE,MID,45,0,0,0.2,345,313,345,313,a,,,,,,,,0.0,0,0,0,0,0,0,0,0,0,0,0,0,0,0.00,0.00,0.00,0.00,1.0,1.0
2026-08-22T22:49:48+00:00,2026-08-22,daily,2,2026-08-28T17:30:00Z,164,Quenda,CHE,MID,55,0,0,0.0,46,67,46,67,a,,2026-07-24T20:30:10.609931Z,100,100,,,,0.0,0,0,0,0,0,0,0,0,0,0,0,0,0,0.00,0.00,0.00,0.00,2.0,2.0
2026-08-22T22:49:48+00:00,2026-08-22,daily,2,2026-08-28T17:30:00Z,165,João Pedro,CHE,FWD,75,0,0,64.1,19469,5786,19469,5786,a,,,,,,,,0.0,0,0,0,0,0,0,0,0,0,0,0,0,0,0.00,0.00,0.00,0.00,2.4,2.4
2026-08-22T22:49:48+00:00,2026-08-22,daily,2,2026-08-28T17:30:00Z,166,N.Jackson,CHE,FWD,65,0,0,0.4,531,561,531,561,a,,,,,,,,0.0,0,0,0,0,0,0,0,0,0,0,0,0,0,0.00,0.00,0.00,0.00,2.1,2.1
2026-08-22T22:49:48+00:00,2026-08-22,daily,2,2026-08-28T17:30:00Z,167,Delap,CHE,FWD,55,0,0,0.5,445,652,445,652,a,,,,,4,,,0.0,0,0,0,0,0,0,0,0,0,0,0,0,0,0.00,0.00,0.00,0.00,1.8,1.8
2026-08-22T22:49:48+00:00,2026-08-22,daily,2,2026-08-28T17:30:00Z,168,Marc Guiu,CHE,FWD,50,0,0,0.5,617,639,617,639,a,,,,,,,,0.0,0,0,0,0,0,0,0,0,0,0,0,0,0,0.00,0.00,0.00,0.00,1.4,1.4
2026-08-22T22:49:48+00:00,2026-08-22,daily,2,2026-08-28T17:30:00Z,169,Mheuka,CHE,FWD,45,0,0,0.4,649,469,649,469,a,,,,,,,,0.0,0,0,0,0,0,0,0,0,0,0,0,0,0,0.00,0.00,0.00,0.00,1.0,1.0
2026-08-22T22:49:48+00:00,2026-08-22,daily,2,2026-08-28T17:30:00Z,170,Emegha,CHE,FWD,50,0,0,0.2,441,268,441,268,a,,2026-07-24T20:30:10.622380Z,100,100,,,,0.0,0,0,0,0,0,0,0,0,0,0,0,0,0,0.00,0.00,0.00,0.00,1.4,1.4
2026-08-22T22:49:48+00:00,2026-08-22,daily,2,2026-08-28T17:30:00Z,200,Lacroix,CHE,DEF,60,0,0,9.1,4660,5044,4660,5044,a,,,,,,,,0.0,0,0,0,0,0,0,0,0,0,0,0,0,0,0.00,0.00,0.00,0.00,2.8,2.8
2026-08-22T22:49:48+00:00,2026-08-22,daily,2,2026-08-28T17:30:00Z,560,Penders,CHE,GKP,45,0,0,0.1,58,69,58,69,a,,,,,,,,0.0,0,0,0,0,0,0,0,0,0,0,0,0,0,0.00,0.00,0.00,0.00,1.9,1.9
2026-08-22T22:49:48+00:00,2026-08-22,daily,2,2026-08-28T17:30:00Z,561,Anselmino,CHE,DEF,45,0,0,0.0,60,27,60,27,a,,,,,,,,0.0,0,0,0,0,0,0,0,0,0,0,0,0,0,0.00,0.00,0.00,0.00,1.7,1.7
2026-08-22T22:49:48+00:00,2026-08-22,daily,2,2026-08-28T17:30:00Z,568,Barco,CHE,MID,55,0,0,0.1,73,143,73,143,a,,,,,,,,0.0,0,0,0,0,0,0,0,0,0,0,0,0,0,0.00,0.00,0.00,0.00,2.0,2.0
2026-08-22T22:49:48+00:00,2026-08-22,daily,2,2026-08-28T17:30:00Z,578,Mudryk,CHE,MID,55,0,0,0.0,61,91,61,91,a,,,,,,,,0.0,0,0,0,0,0,0,0,0,0,0,0,0,0,0.00,0.00,0.00,0.00,2.0,2.0
2026-08-22T22:49:48+00:00,2026-08-22,daily,2,2026-08-28T17:30:00Z,583,Chavarria,CHE,DEF,50,0,0,0.2,246,152,246,152,a,,,,,,,,0.0,0,0,0,0,0,0,0,0,0,0,0,0,0,0.00,0.00,0.00,0.00,2.2,2.2
2026-08-22T22:49:48+00:00,2026-08-22,daily,2,2026-08-28T17:30:00Z,104,Onyeka,COV,MID,50,0,0,0.2,332,186,332,186,a,,,,,,,,2.0,2,2,90,1,0,0,0,3,0,9,3,1,5,0.00,0.01,0.01,1.88,1.5,1.5
2026-08-22T22:49:48+00:00,2026-08-22,daily,2,2026-08-28T17:30:00Z,110,Rushworth,COV,GKP,45,0,0,1.1,807,614,807,614,a,,,,,,,,1.0,1,1,90,1,0,0,0,3,2,0,1,0,7,0.00,0.01,0.01,1.88,1.9,1.9
2026-08-22T22:49:48+00:00,2026-08-22,daily,2,2026-08-28T17:30:00Z,171,Dovin,COV,GKP,40,0,0,1.6,254,707,254,707,a,,,,,,,,0.0,0,0,0,0,0,0,0,0,0,0,0,0,0,0.00,0.00,0.00,0.00,1.0,1.0
2026-08-22T22:49:48+00:00,2026-08-22,daily,2,2026-08-28T17:30:00Z,172,Wilson,COV,GKP,45,0,0,0.5,35,477,35,477,a,,,,,,,,0.0,0,0,0,0,0,0,0,0,0,0,0,0,0,0.00,0.00,0.00,0.00,1.9,1.9
2026-08-22T22:49:48+00:00,2026-08-22,daily,2,2026-08-28T17:30:00Z,173,Thomas,COV,DEF,40,0,0,8.1,6048,1995,6048,1995,a,,,,,,,,3.0,3,3,90,1,0,0,0,3,0,10,9,1,2,0.02,0.01,0.03,1.88,1.0,1.0
2026-08-22T22:49:48+00:00,2026-08-22,daily,2,2026-08-28T17:30:00Z,174,Kitching,COV,DEF,40,0,0,0.7,98,625,98,625,a,,,,,,,,0.0,0,0,0,0,0,0,0,0,0,0,0,0,0,0.00,0.00,0.00,0.00,1.0,1.0
2026-08-22T22:49:48+00:00,2026-08-22,daily,2,2026-08-28T17:30:00Z,175,van Ewijk,COV,DEF,40,0,0,13.8,5561,5196,5561,5196,a,,,,,,,,1.0,1,1,90,1,0,0,0,3,0,7,6,1,3,0.00,0.01,0.01,1.88,1.0,1.0
2026-08-22T22:49:48+00:00,2026-08-22,daily,2,2026-08-28T17:30:00Z,176,Dasilva,COV,DEF,40,0,0,0.9,422,463,422,463,a,,,,,,,,1.0,1,1,90,1,0,0,0,3,0,6,6,0,1,0.00,0.02,0.02,1.88,1.0,1.0
2026-08-22T22:49:48+00:00,2026-08-22,daily,2,2026-08-28T17:30:00Z,177,Kesler-Hayden,COV,DEF,40,0,0,0.1,27,78,27,78,a,,,,,,,,0.0,0,0,0,0,0,0,0,0,0,0,0,0,0,0.00,0.00,0.00,0.00,1.0,1.0
2026-08-22T22:49:48+00:00,2026-08-22,daily,2,2026-08-28T17:30:00Z,178,Bidwell,COV,DEF,40,0,0,0.1,242,139,242,139,a,,,,,,,,0.0,0,0,0,0,0,0,0,0,0,0,0,0,0,0.00,0.00,0.00,0.00,1.0,1.0
2026-08-22T22:49:48+00:00,2026-08-22,daily,2,2026-08-28T17:30:00Z,179,Latibeaudiere,COV,DEF,40,0,0,0.0,33,61,33,61,a,,,,,,,,0.0,0,0,0,0,0,0,0,0,0,0,0,0,0,0.00,0.00,0.00,0.00,1.0,1.0
2026-08-22T22:49:48+00:00,2026-08-22,daily,2,2026-08-28T17:30:00Z,180,Woolfenden,COV,DEF,40,0,0,0.2,144,227,144,227,a,,,,,,,,0.0,0,0,0,0,0,0,0,0,0,0,0,0,0,0.00,0.00,0.00,0.00,1.0,1.0
2026-08-22T22:49:48+00:00,2026-08-22,daily,2,2026-08-28T17:30:00Z,181,Brau,COV,DEF,40,0,0,0.0,33,45,33,45,a,,,,,,,,0.0,0,0,0,0,0,0,0,0,0,0,0,0,0,0.00,0.00,0.00,0.00,1.0,1.0
2026-08-22T22:49:48+00:00,2026-08-22,daily,2,2026-08-28T17:30:00Z,182,Amenda,COV,DEF,40,0,0,0.9,457,500,457,500,a,,,,,,,,1.0,1,1,90,1,0,0,0,3,0,9,9,0,4,0.00,0.01,0.01,1.88,1.0,1.0
2026-08-22T22:49:48+00:00,2026-08-22,daily,2,2026-08-28T17:30:00Z,183,Rudoni,COV,MID,50,0,0,0.1,124,187,124,187,a,,2026-07-23T12:01:23.481435Z,100,100,,1,3,1.0,1,1,20,0,0,0,0,0,0,5,0,1,4,0.15,0.00,0.15,0.29,1.5,1.5
2026-08-22T22:49:48+00:00,2026-08-22,daily,2,2026-08-28T17:30:00Z,184,Grimes,COV,MID,50,0,0,0.2,419,177,419,177,a,,,,,3,,1,2.0,2,2,90,1,0,0,0,3,0,7,4,0,3,0.00,0.01,0.01,1.88,1.5,1.5
2026-08-22T22:49:48+00:00,2026-08-22,daily,2,2026-08-28T17:30:00Z,185,Sakamoto,COV,MID,50,0,0,0.1,34,202,34,202,a,,,,,,,,0.0,0,0,0,0,0,0,0,0,0,0,0,0,0,0.00,0.00,0.00,0.00,1.5,1.5
2026-08-22T22:49:48+00:00,2026-08-22,daily,2,2026-08-28T17:30:00Z,186,Mason-Clark,COV,MID,55,0,0,0.1,40,251,40,251,a,,2026-08-19T18:00:08.310507Z,100,100,,,,0.0,0,0,0,0,0,0,0,0,0,0,0,0,0,0.00,0.00,0.00,0.00,2.0,2.0
2026-08-22T22:49:48+00:00,2026-08-22,daily,2,2026-08-28T17:30:00Z,187,Eccles,COV,MID,50,0,0,0.0,14,37,14,37,a,,,,,,,,0.0,0,0,0,0,0,0,0,0,0,0,0,0,0,0.00,0.00,0.00,0.00,1.5,1.5
2026-08-22T22:49:48+00:00,2026-08-22,daily,2,2026-08-28T17:30:00Z,188,Torp,COV,MID,55,0,0,0.2,29,272,29,272,a,,,,,2,2,2,1.0,1,1,28,0,0,0,0,0,0,1,1,0,0,0.00,0.11,0.11,0.32,2.0,2.0
2026-08-22T22:49:48+00:00,2026-08-22,daily,2,2026-08-28T17:30:00Z,189,Shepherd,COV,MID,45,0,0,0.3,296,386,296,386,a,,,,,,,,0.0,0,0,0,0,0,0,0,0,0,0,0,0,0,0.00,0.00,0.00,0.00,1.0,1.0
2026-08-22T22:49:48+00:00,2026-08-22,daily,2,2026-08-28T17:30:00Z,190,Tchaouna,COV,MID,55,0,0,0.2,205,160,205,160,a,,,,,,,,2.0,2,2,81,1,0,0,0,3,0,8,3,0,5,0.04,0.02,0.06,1.76,2.0,2.0
2026-08-22T22:49:48+00:00,2026-08-22,daily,2,2026-08-28T17:30:00Z,191,Borges Rodrigues,COV,MID,45,0,0,0.2,118,240,118,240,a,,,,,,,,0.0,0,0,0,0,0,0,0,0,0,0,0,0,0,0.00,0.00,0.00,0.00,1.0,1.0
2026-08-22T22:49:48+00:00,2026-08-22,daily,2,2026-08-28T17:30:00Z,192,Andrews,COV,MID,45,0,0,0.7,546,836,546,836,a,,,,,,,,0.0,0,0,0,0,0,0,0,0,0,0,0,0,0,0.00,0.00,0.00,0.00,1.0,1.0
2026-08-22T22:49:48+00:00,2026-08-22,daily,2,2026-08-28T17:30:00Z,193,Wright,COV,FWD,55,0,0,0.2,26,1233,26,1233,i,Thigh injury - Unknown return date,2026-08-14T22:00:07.214508Z,0,0,1,,,0.0,0,0,0,0,0,0,0,0,0,0,0,0,0,0.00,0.00,0.00,0.00,0.0,0.0
2026-08-22T22:49:48+00:00,2026-08-22,daily,2,2026-08-28T17:30:00Z,194,Thomas-Asante,COV,FWD,50,0,0,0.8,1811,742,1811,742,a,,,,,4,,,2.0,2,2,69,1,0,0,0,3,0,6,5,0,1,0.00,0.02,0.02,1.60,1.4,1.4
2026-08-22T22:49:48+00:00,2026-08-22,daily,2,2026-08-28T17:30:00Z,195,Simms,COV,FWD,50,0,0,0.9,2140,757,2140,757,a,,,,,,,,2.0,2,2,69,1,0,0,0,3,0,3,1,0,2,0.00,0.01,0.01,1.60,1.4,1.4
2026-08-22T22:49:48+00:00,2026-08-22,daily,2,2026-08-28T17:30:00Z,196,Markelo,COV,FWD,50,0,0,0.0,0,165,0,165,u,Has joined Shabab Al-Ahli Dubai permanently,2026-08-17T13:53:55.791223Z,0,0,,,,0.0,0,0,0,0,0,0,0,0,0,0,0,0,0,0.00,0.00,0.00,0.00,0.0,0.0
2026-08-22T22:49:48+00:00,2026-08-22,daily,2,2026-08-28T17:30:00Z,197,Bassette,COV,FWD,45,0,0,0.0,0,195,0,195,u,Has joined KVC Westerlo on loan for the rest of the season,2026-07-28T12:58:50.001768Z,0,0,,,,0.0,0,0,0,0,0,0,0,0,0,0,0,0,0,0.00,0.00,0.00,0.00,0.0,0.0
2026-08-22T22:49:48+00:00,2026-08-22,daily,2,2026-08-28T17:30:00Z,492,Awoniyi,COV,FWD,55,0,0,0.9,603,1156,603,1156,a,,,,,5,,,1.0,1,1,20,0,0,0,0,0,0,1,0,0,1,0.00,0.00,0.00,0.29,1.8,1.8
2026-08-22T22:49:48+00:00,2026-08-22,daily,2,2026-08-28T17:30:00Z,575,Yirenkyi,COV,MID,50,0,0,0.3,194,399,194,399,a,,,,,,,,1.0,1,1,61,1,0,0,0,3,0,3,0,0,3,0.00,0.00,0.00,1.56,1.5,1.5
2026-08-22T22:49:48+00:00,2026-08-22,daily,2,2026-08-28T17:30:00Z,584,Hamer,COV,MID,55,0,0,0.2,65,241,65,241,a,,,,,,,,1.0,1,1,8,0,0,0,0,0,0,1,0,0,1,0.00,0.00,0.00,0.13,2.0,2.0
2026-08-22T22:49:48+00:00,2026-08-22,daily,2,2026-08-28T17:30:00Z,599,Cherif,COV,FWD,50,0,0,0.1,294,207,294,207,a,,,,,,,,0.0,0,0,0,0,0,0,0,0,0,0,0,0,0,0.00,0.00,0.00,0.00,1.4,1.4
2026-08-22T22:49:48+00:00,2026-08-22,daily,2,2026-08-28T17:30:00Z,42,Guessand,CRY,MID,55,0,0,0.0,81,96,81,96,a,,,,,,,,1.0,1,1,27,0,0,0,0,0,0,1,0,1,0,0.03,0.02,0.05,0.14,2.0,2.0
2026-08-22T22:49:48+00:00,2026-08-22,daily,2,2026-08-28T17:30:00Z,198,Henderson,CRY,GKP,50,0,0,1.9,453,3365,453,3365,a,,2026-08-20T14:00:08.018379Z,75,100,,,,2.0,2,2,90,1,0,0,0,2,3,0,3,0,13,0.00,0.00,0.00,1.12,2.0,2.6
2026-08-22T22:49:48+00:00,2026-08-22,daily,2,2026-08-28T17:30:00Z,199,Benitez,CRY,GKP,45,0,0,0.1,129,149,129,149,a,,,,,,,,0.0,0,0,0,0,0,0,0,0,0,0,0,0,0,0.00,0.00,0.00,0.00,1.9,1.9
2026-08-22T22:49:48+00:00,2026-08-22,daily,2,2026-08-28T17:30:00Z,201,Muñoz,CRY,DEF,55,0,0,9.7,5752,10999,5752,10999,a,,,,,,,,0.0,0,0,54,1,0,0,0,2,0,4,3,1,1,0.23,0.01,0.24,0.84,2.5,2.5
2026-08-22T22:49:48+00:00,2026-08-22,daily,2,2026-08-28T17:30:00Z,202,Richards,CRY,DEF,50,0,0,0.8,743,563,743,563,a,,,,,,,,3.0,3,3,90,1,0,0,0,2,0,16,14,2,1,0.00,0.00,0.00,1.12,2.2,2.2
2026-08-22T22:49:48+00:00,2026-08-22,daily,2,2026-08-28T17:30:00Z,203,Canvot,CRY,DEF,50,0,0,0.3,204,344,204,344,a,,,,,,,,1.0,1,1,90,1,0,0,0,2,0,8,4,4,3,0.05,0.01,0.06,1.12,2.2,2.2
2026-08-22T22:49:48+00:00,2026-08-22,daily,2,2026-08-28T17:30:00Z,204,Mitchell,CRY,DEF,45,0,0,6.3,2162,3942,2162,3942,a,,,,,,,,1.0,1,1,90,1,0,0,0,2,0,5,3,2,4,0.00,0.01,0.01,1.12,1.7,1.7
2026-08-22T22:49:48+00:00,2026-08-22,daily,2,2026-08-28T17:30:00Z,205,Sosa,CRY,DEF,45,0,0,0.0,41,41,41,41,a,,,,,,,,0.0,0,0,0,0,0,0,0,0,0,0,0,0,0,0.00,0.00,0.00,0.00,1.7,1.7
2026-08-22T22:49:48+00:00,2026-08-22,daily,2,2026-08-28T17:30:00Z,206,Chadi Riad,CRY,DEF,45,0,0,0.1,223,361,223,361,d,Knee injury - 50% chance of playing,2026-08-22T18:00:07.352049Z,,50,,,,1.0,1,1,72,1,0,0,0,2,0,7,6,1,3,0.00,0.01,0.01,0.98,1.7,0.9
2026-08-22T22:49:48+00:00,2026-08-22,daily,2,2026-08-28T17:30:00Z,207,Mingueza,CRY,DEF,45,0,0,0.1,79,129,79,129,a,,,,,,,,0.0,0,0,0,0,0,0,0,0,0,0,0,0,0,0.00,0.00,0.00,0.00,1.7,1.7
2026-08-22T22:49:48+00:00,2026-08-22,daily,2,2026-08-28T17:30:00Z,208,Sarr,CRY,MID,65,0,0,4.5,1600,19972,1600,19972,d,Groin injury - 75% chance of playing,2026-08-22T18:00:07.363165Z,,75,2,,,0.0,0,0,0,0,0,0,0,0,0,0,0,0,0,0.00,0.00,0.00,0.00,2.3,1.7
2026-08-22T22:49:48+00:00,2026-08-22,daily,2,2026-08-28T17:30:00Z,210,Wharton,CRY,MID,55,0,0,0.9,948,795,948,795,a,,2026-07-23T12:01:23.498963Z,100,100,,,1,4.0,4,4,90,1,0,0,0,2,0,14,4,2,8,0.00,0.24,0.24,1.12,2.0,2.0
2026-08-22T22:49:48+00:00,2026-08-22,daily,2,2026-08-28T17:30:00Z,211,Yeremy,CRY,MID,55,0,0,0.2,58,227,58,227,a,,,,,,1,2,1.0,1,1,35,0,0,0,0,0,0,5,0,2,3,0.06,0.02,0.08,0.27,2.0,2.0
2026-08-22T22:49:48+00:00,2026-08-22,daily,2,2026-08-28T17:30:00Z,212,Hughes,CRY,MID,45,0,0,12.0,5164,7525,5164,7525,a,,,,,,,3,0.0,0,0,0,0,0,0,0,0,0,0,0,0,0,0.00,0.00,0.00,0.00,1.0,1.0
2026-08-22T22:49:48+00:00,2026-08-22,daily,2,2026-08-28T17:30:00Z,213,Lerma,CRY,MID,50,0,0,0.1,69,137,69,137,a,,,,,,,,0.0,0,0,0,0,0,0,0,0,0,0,0,0,0,0.00,0.00,0.00,0.00,1.5,1.5
2026-08-22T22:49:48+00:00,2026-08-22,daily,2,2026-08-28T17:30:00Z,214,Kamada,CRY,MID,50,0,0,0.3,373,288,373,288,a,,,,,,,4,3.0,3,3,90,1,0,0,0,2,0,14,3,3,8,0.00,0.27,0.27,1.12,1.5,1.5
2026-08-22T22:49:48+00:00,2026-08-22,daily,2,2026-08-28T17:30:00Z,215,Devenny,CRY,MID,50,0,0,0.0,20,27,20,27,a,,,,,3,2,,0.0,0,0,0,0,0,0,0,0,0,0,0,0,0,0.00,0.00,0.00,0.00,1.5,1.5
2026-08-22T22:49:48+00:00,2026-08-22,daily,2,2026-08-28T17:30:00Z,216,Esse,CRY,MID,50,0,0,0.0,74,78,74,78,a,,,,,,,,0.0,0,0,0,0,0,0,0,0,0,0,0,0,0,0.00,0.00,0.00,0.00,1.5,1.5
2026-08-22T22:49:48+00:00,2026-08-22,daily,2,2026-08-28T17:30:00Z,217,M.França,CRY,MID,50,0,0,0.0,3,75,3,75,a,,,,,,,,0.0,0,0,0,0,0,0,0,0,0,0,0,0,0,0.00,0.00,0.00,0.00,1.5,1.5
2026-08-22T22:49:48+00:00,2026-08-22,daily,2,2026-08-28T17:30:00Z,218,Doucouré,CRY,MID,50,0,0,0.1,74,105,74,105,a,,,,,,,,0.0,0,0,0,0,0,0,0,0,0,0,0,0,0,0.00,0.00,0.00,0.00,1.5,1.5
2026-08-22T22:49:48+00:00,2026-08-22,daily,2,2026-08-28T17:30:00Z,219,J.Rak-Sakyi,CRY,MID,50,0,0,0.0,7,13,7,13,a,,,,,,,,0.0,0,0,0,0,0,0,0,0,0,0,0,0,0,0.00,0.00,0.00,0.00,1.5,1.5
2026-08-22T22:49:48+00:00,2026-08-22,daily,2,2026-08-28T17:30:00Z,220,Cardines,CRY,DEF,45,0,0,0.0,0,10,0,10,u,Has joined Bristol City on loan for the rest of the season,2026-08-12T14:08:46.501813Z,0,0,,,,0.0,0,0,0,0,0,0,0,0,0,0,0,0,0,0.00,0.00,0.00,0.00,0.0,0.0
2026-08-22T22:49:48+00:00,2026-08-22,daily,2,2026-08-28T17:30:00Z,221,Drakes-Thomas,CRY,MID,45,0,0,0.1,125,118,125,118,a,,,,,,,,0.0,0,0,0,0,0,0,0,0,0,0,0,0,0,0.00,0.00,0.00,0.00,1.0,1.0
2026-08-22T22:49:48+00:00,2026-08-22,daily,2,2026-08-28T17:30:00Z,222,Strand Larsen,CRY,FWD,60,0,0,0.6,348,705,348,705,a,,,,,,,,1.0,1,1,27,0,0,0,0,0,0,0,0,0,0,0.25,0.01,0.26,0.14,2.0,2.0
2026-08-22T22:49:48+00:00,2026-08-22,daily,2,2026-08-28T17:30:00Z,223,Mateta,CRY,FWD,65,0,0,5.7,4000,5418,4000,5418,a,,,,,1,,,2.0,2,2,62,1,0,0,0,2,0,5,1,2,2,0.70,0.02,0.72,0.98,2.1,2.1
2026-08-22T22:49:48+00:00,2026-08-22,daily,2,2026-08-28T17:30:00Z,224,Nketiah,CRY,FWD,55,0,0,0.5,548,545,548,545,a,,,,,,,,1.0,1,1,55,1,0,0,0,2,0,3,1,1,1,0.60,0.58,1.18,0.84,1.8,1.8
2026-08-22T22:49:48+00:00,2026-08-22,daily,2,2026-08-28T17:30:00Z,225,Uche,CRY,FWD,50,0,0,0.0,0,0,0,0,u,has returned to Getafe CF,2026-07-23T12:18:56.275922Z,0,0,,,,0.0,0,0,0,0,0,0,0,0,0,0,0,0,0,0.00,0.00,0.00,0.00,0.0,0.0
2026-08-22T22:49:48+00:00,2026-08-22,daily,2,2026-08-28T17:30:00Z,241,McNeil,CRY,MID,55,0,0,0.2,84,157,84,157,a,,,,,,,,2.0,2,2,62,1,0,0,0,2,0,5,3,0,2,0.05,0.02,0.07,0.98,2.0,2.0
2026-08-22T22:49:48+00:00,2026-08-22,daily,2,2026-08-28T17:30:00Z,555,Matthews,CRY,GKP,40,0,0,1.8,873,636,873,636,a,,,,,,,,0.0,0,0,0,0,0,0,0,0,0,0,0,0,0,0.00,0.00,0.00,0.00,1.0,1.0
2026-08-22T22:49:48+00:00,2026-08-22,daily,2,2026-08-28T17:30:00Z,577,Tomiyasu,CRY,DEF,45,0,0,0.4,268,283,268,283,a,,,,,,,,1.0,1,1,18,0,0,0,0,0,0,1,1,0,1,0.00,0.01,0.01,0.14,1.7,1.7
2026-08-22T22:49:48+00:00,2026-08-22,daily,2,2026-08-28T17:30:00Z,588,Khalaili,CRY,DEF,50,0,0,0.1,114,96,114,96,a,,,,,,,,1.0,1,1,35,0,0,0,0,0,0,9,5,4,3,0.00,0.16,0.16,0.27,2.2,2.2
2026-08-22T22:49:48+00:00,2026-08-22,daily,2,2026-08-28T17:30:00Z,595,Gozo,CRY,MID,50,0,0,0.0,27,16,27,16,a,,,,,,,,0.0,0,0,0,0,0,0,0,0,0,0,0,0,0,0.00,0.00,0.00,0.00,1.5,1.5
2026-08-22T22:49:48+00:00,2026-08-22,daily,2,2026-08-28T17:30:00Z,21,Nørgaard,EVE,MID,50,0,0,0.1,24,564,24,564,i,Unspecified injury - Unknown return date,2026-08-15T20:00:06.779594Z,0,0,,,,0.0,0,0,0,0,0,0,0,0,0,0,0,0,0,0.00,0.00,0.00,0.00,0.0,0.0
2026-08-22T22:49:48+00:00,2026-08-22,daily,2,2026-08-28T17:30:00Z,209,Johnson,EVE,MID,60,0,0,0.2,146,280,146,280,a,,,,,,,,1.0,1,1,6,0,0,0,0,0,0,2,2,0,0,0.00,0.00,0.00,0.29,2.1,2.1
2026-08-22T22:49:48+00:00,2026-08-22,daily,2,2026-08-28T17:30:00Z,226,Pickford,EVE,GKP,55,0,0,8.1,5811,2996,5811,2996,a,,,,,,,,7.0,7,7,90,1,0,0,1,0,4,0,0,0,12,0.00,0.02,0.02,1.96,3.3,3.3
2026-08-22T22:49:48+00:00,2026-08-22,daily,2,2026-08-28T17:30:00Z,227,Travers,EVE,GKP,50,0,0,0.0,27,46,27,46,a,,,,,,,,0.0,0,0,0,0,0,0,0,0,0,0,0,0,0,0.00,0.00,0.00,0.00,2.6,2.6
2026-08-22T22:49:48+00:00,2026-08-22,daily,2,2026-08-28T17:30:00Z,228,King,EVE,GKP,45,0,0,0.0,51,60,51,60,a,,,,,,,,0.0,0,0,0,0,0,0,0,0,0,0,0,0,0,0.00,0.00,0.00,0.00,1.9,1.9
2026-08-22T22:49:48+00:00,2026-08-22,daily,2,2026-08-28T17:30:00Z,229,Tarkowski,EVE,DEF,60,0,0,8.7,5030,3370,5030,3370,a,,,,,,,,6.0,6,6,90,1,0,0,1,0,0,9,8,1,4,0.05,0.00,0.05,1.96,2.8,2.8
2026-08-22T22:49:48+00:00,2026-08-22,daily,2,2026-08-28T17:30:00Z,230,Branthwaite,EVE,DEF,55,0,0,1.7,2514,926,2514,926,a,,,,,,,,6.0,6,6,90,1,0,0,1,0,0,8,6,2,2,0.00,0.01,0.01,1.96,2.5,2.5
2026-08-22T22:49:48+00:00,2026-08-22,daily,2,2026-08-28T17:30:00Z,231,Keane,EVE,DEF,50,0,0,1.7,847,2472,847,2472,a,,,,,,,,0.0,0,0,0,0,0,0,0,0,0,0,0,0,0,0.00,0.00,0.00,0.00,2.2,2.2
2026-08-22T22:49:48+00:00,2026-08-22,daily,2,2026-08-28T17:30:00Z,232,O'Brien,EVE,DEF,50,0,0,0.5,340,736,340,736,a,,,,,,,,0.0,0,0,0,0,0,0,0,0,0,0,0,0,0,0.00,0.00,0.00,0.00,2.2,2.2
2026-08-22T22:49:48+00:00,2026-08-22,daily,2,2026-08-28T17:30:00Z,233,Mykolenko,EVE,DEF,45,0,0,1.5,2888,620,2888,620,a,,,,,,,,6.0,6,6,90,1,0,0,1,0,0,4,4,0,4,0.00,0.05,0.05,1.96,1.7,1.7
2026-08-22T22:49:48+00:00,2026-08-22,daily,2,2026-08-28T17:30:00Z,234,Patterson,EVE,DEF,45,0,0,0.0,57,51,57,51,a,,,,,,,,0.0,0,0,0,0,0,0,0,0,0,0,0,0,0,0.00,0.00,0.00,0.00,1.7,1.7
2026-08-22T22:49:48+00:00,2026-08-22,daily,2,2026-08-28T17:30:00Z,235,Aznou,EVE,DEF,40,0,0,0.2,238,202,238,202,a,,,,,,,,0.0,0,0,0,0,0,0,0,0,0,0,0,0,0,0.00,0.00,0.00,0.00,1.0,1.0
2026-08-22T22:49:48+00:00,2026-08-22,daily,2,2026-08-28T17:30:00Z,236,Dewsbury-Hall,EVE,MID,65,0,0,3.4,14472,1852,14472,1852,a,,,,,,,2,11.0,11,11,90,1,1,0,1,0,0,8,1,2,5,0.12,0.17,0.29,1.92,2.3,2.3
2026-08-22T22:49:48+00:00,2026-08-22,daily,2,2026-08-28T17:30:00Z,237,Ndiaye,EVE,MID,60,0,0,15.9,14392,4763,14392,4763,a,,,,,1,,,9.0,9,9,90,1,0,1,1,0,0,12,0,4,8,0.24,0.32,0.56,1.96,2.1,2.1
2026-08-22T22:49:48+00:00,2026-08-22,daily,2,2026-08-28T17:30:00Z,239,Garner,EVE,MID,60,0,0,0.1,145,341,145,341,a,,2026-07-25T14:30:10.455878Z,25,100,3,1,1,1.0,1,1,11,0,0,0,0,0,0,1,0,1,0,0.00,0.03,0.03,0.34,0.5,2.1
2026-08-22T22:49:48+00:00,2026-08-22,daily,2,2026-08-28T17:30:00Z,240,Iroegbunam,EVE,MID,50,0,0,0.0,3,66,3,66,i,Thigh injury - Unknown return date,2026-08-15T20:00:06.878792Z,0,0,,,,0.0,0,0,0,0,0,0,0,0,0,0,0,0,0,0.00,0.00,0.00,0.00,0.0,0.0
2026-08-22T22:49:48+00:00,2026-08-22,daily,2,2026-08-28T17:30:00Z,242,George,EVE,MID,55,0,0,0.3,319,237,319,237,a,,,,,,,,3.0,3,3,83,1,0,0,1,0,0,7,3,0,4,0.18,0.08,0.26,1.67,2.0,2.0
2026-08-22T22:49:48+00:00,2026-08-22,daily,2,2026-08-28T17:30:00Z,243,Alcaraz,EVE,MID,50,0,0,0.1,238,157,238,157,a,,,,,,,,1.0,1,1,1,0,0,0,0,0,0,3,0,1,2,0.02,0.00,0.02,0.04,1.5,1.5
2026-08-22T22:49:48+00:00,2026-08-22,daily,2,2026-08-28T17:30:00Z,244,Armstrong,EVE,MID,50,0,0,0.1,893,116,893,116,a,,,,,,,,8.0,8,8,90,1,0,1,1,0,0,16,3,2,11,0.00,0.04,0.04,1.96,1.5,1.5
2026-08-22T22:49:48+00:00,2026-08-22,daily,2,2026-08-28T17:30:00Z,245,Dibling,EVE,MID,55,0,0,0.0,35,87,35,87,a,,,,,,,,0.0,0,0,0,0,0,0,0,0,0,0,0,0,0,0.00,0.00,0.00,0.00,2.0,2.0
2026-08-22T22:49:48+00:00,2026-08-22,daily,2,2026-08-28T17:30:00Z,246,Röhl,EVE,MID,50,0,0,0.1,87,57,87,57,a,,,,,,,,3.0,3,3,90,1,0,0,1,0,0,9,2,2,5,0.00,0.06,0.06,1.96,1.5,1.5
2026-08-22T22:49:48+00:00,2026-08-22,daily,2,2026-08-28T17:30:00Z,247,Hackney,EVE,MID,55,0,0,0.3,173,260,173,260,a,,,,,,,,3.0,3,3,78,1,0,0,1,0,0,7,1,2,4,0.01,0.01,0.02,1.62,2.0,2.0
2026-08-22T22:49:48+00:00,2026-08-22,daily,2,2026-08-28T17:30:00Z,248,Beto,EVE,FWD,55,0,0,2.7,1713,4248,1713,4248,a,,,,,4,,,1.0,1,1,11,0,0,0,0,0,0,0,0,0,0,0.05,0.00,0.05,0.34,1.8,1.8
2026-08-22T22:49:48+00:00,2026-08-22,daily,2,2026-08-28T17:30:00Z,249,Barry,EVE,FWD,55,0,0,1.4,7347,1013,7347,1013,a,,,,,2,,,8.0,8,8,78,1,1,0,1,0,0,3,0,1,2,0.45,0.09,0.54,1.62,1.8,1.8
2026-08-22T22:49:48+00:00,2026-08-22,daily,2,2026-08-28T17:30:00Z,250,Leno,FUL,GKP,45,0,0,3.1,1210,910,1210,910,a,,,,,,,,0.0,0,0,0,0,0,0,0,0,0,0,0,0,0,0.00,0.00,0.00,0.00,1.9,1.9
2026-08-22T22:49:48+00:00,2026-08-22,daily,2,2026-08-28T17:30:00Z,251,Lecomte,FUL,GKP,40,0,0,1.2,204,348,204,348,a,,,,,,,,0.0,0,0,0,0,0,0,0,0,0,0,0,0,0,0.00,0.00,0.00,0.00,1.0,1.0
2026-08-22T22:49:48+00:00,2026-08-22,daily,2,2026-08-28T17:30:00Z,252,McNally,FUL,GKP,40,0,0,0.2,118,55,118,55,a,,,,,,,,0.0,0,0,0,0,0,0,0,0,0,0,0,0,0,0.00,0.00,0.00,0.00,1.0,1.0
2026-08-22T22:49:48+00:00,2026-08-22,daily,2,2026-08-28T17:30:00Z,253,Andersen,FUL,DEF,50,0,0,0.0,23,78,23,78,s,Suspended until 30 Aug,2026-07-23T12:01:23.516350Z,0,0,,,,0.0,0,0,0,0,0,0,0,0,0,0,0,0,0,0.00,0.00,0.00,0.00,0.0,0.0
2026-08-22T22:49:48+00:00,2026-08-22,daily,2,2026-08-28T17:30:00Z,254,Robinson,FUL,DEF,45,0,0,1.7,1842,664,1842,664,a,,,,,2,,,0.0,0,0,0,0,0,0,0,0,0,0,0,0,0,0.00,0.00,0.00,0.00,1.7,1.7
2026-08-22T22:49:48+00:00,2026-08-22,daily,2,2026-08-28T17:30:00Z,255,J.Cuenca,FUL,DEF,45,0,0,0.0,27,14,27,14,a,,,,,,,,0.0,0,0,0,0,0,0,0,0,0,0,0,0,0,0.00,0.00,0.00,0.00,1.7,1.7
2026-08-22T22:49:48+00:00,2026-08-22,daily,2,2026-08-28T17:30:00Z,256,Tete,FUL,DEF,45,0,0,0.3,85,123,85,123,a,,,,,,,,0.0,0,0,0,0,0,0,0,0,0,0,0,0,0,0.00,0.00,0.00,0.00,1.7,1.7
2026-08-22T22:49:48+00:00,2026-08-22,daily,2,2026-08-28T17:30:00Z,257,Bassey,FUL,DEF,45,0,0,0.8,1088,423,1088,423,a,,,,,,,,0.0,0,0,0,0,0,0,0,0,0,0,0,0,0,0.00,0.00,0.00,0.00,1.7,1.7
2026-08-22T22:49:48+00:00,2026-08-22,daily,2,2026-08-28T17:30:00Z,258,Castagne,FUL,DEF,45,0,0,0.3,180,131,180,131,a,,,,,,,,0.0,0,0,0,0,0,0,0,0,0,0,0,0,0,0.00,0.00,0.00,0.00,1.7,1.7
2026-08-22T22:49:48+00:00,2026-08-22,daily,2,2026-08-28T17:30:00Z,261,Iwobi,FUL,MID,55,0,0,1.0,625,622,625,622,a,,,,,3,1,1,0.0,0,0,0,0,0,0,0,0,0,0,0,0,0,0.00,0.00,0.00,0.00,2.0,2.0
2026-08-22T22:49:48+00:00,2026-08-22,daily,2,2026-08-28T17:30:00Z,262,Smith Rowe,FUL,MID,55,0,0,0.4,263,255,263,255,a,,,,,,,,0.0,0,0,0,0,0,0,0,0,0,0,0,0,0,0.00,0.00,0.00,0.00,2.0,2.0
2026-08-22T22:49:48+00:00,2026-08-22,daily,2,2026-08-28T17:30:00Z,263,Kevin,FUL,MID,55,0,0,0.1,51,51,51,51,a,,,,,,,3,0.0,0,0,0,0,0,0,0,0,0,0,0,0,0,0.00,0.00,0.00,0.00,2.0,2.0
2026-08-22T22:49:48+00:00,2026-08-22,daily,2,2026-08-28T17:30:00Z,264,Bobb,FUL,MID,55,0,0,0.3,250,243,250,243,a,,,,,,,2,0.0,0,0,0,0,0,0,0,0,0,0,0,0,0,0.00,0.00,0.00,0.00,2.0,2.0
2026-08-22T22:49:48+00:00,2026-08-22,daily,2,2026-08-28T17:30:00Z,265,Berge,FUL,MID,50,0,0,0.4,258,282,258,282,a,,,,,,,,0.0,0,0,0,0,0,0,0,0,0,0,0,0,0,0.00,0.00,0.00,0.00,1.5,1.5
2026-08-22T22:49:48+00:00,2026-08-22,daily,2,2026-08-28T17:30:00Z,266,Cairney,FUL,MID,50,0,0,0.0,2,20,2,20,i,Knee injury - Expected back 10 Oct,2026-08-14T18:00:06.460944Z,0,0,,,,0.0,0,0,0,0,0,0,0,0,0,0,0,0,0,0.00,0.00,0.00,0.00,0.0,0.0
2026-08-22T22:49:48+00:00,2026-08-22,daily,2,2026-08-28T17:30:00Z,268,King,FUL,MID,55,0,0,0.2,33,115,33,115,a,,,,,,,,0.0,0,0,0,0,0,0,0,0,0,0,0,0,0,0.00,0.00,0.00,0.00,2.0,2.0
2026-08-22T22:49:48+00:00,2026-08-22,daily,2,2026-08-28T17:30:00Z,269,Sessegnon,FUL,DEF,45,0,0,0.5,187,152,187,152,a,,,,,,,,0.0,0,0,0,0,0,0,0,0,0,0,0,0,0,0.00,0.00,0.00,0.00,1.7,1.7
2026-08-22T22:49:48+00:00,2026-08-22,daily,2,2026-08-28T17:30:00Z,270,Reed,FUL,MID,45,0,0,1.6,1678,1177,1678,1177,a,,,,,,,,0.0,0,0,0,0,0,0,0,0,0,0,0,0,0,0.00,0.00,0.00,0.00,1.0,1.0
2026-08-22T22:49:48+00:00,2026-08-22,daily,2,2026-08-28T17:30:00Z,271,Muniz,FUL,FWD,55,0,0,0.6,415,456,415,456,a,,,,,,,,0.0,0,0,0,0,0,0,0,0,0,0,0,0,0,0.00,0.00,0.00,0.00,1.8,1.8
2026-08-22T22:49:48+00:00,2026-08-22,daily,2,2026-08-28T17:30:00Z,272,Kusi-Asare,FUL,FWD,45,0,0,7.4,4202,2850,4202,2850,a,,,,,,,,0.0,0,0,0,0,0,0,0,0,0,0,0,0,0,0.00,0.00,0.00,0.00,1.0,1.0
2026-08-22T22:49:48+00:00,2026-08-22,daily,2,2026-08-28T17:30:00Z,569,Gonzalo,FUL,FWD,60,0,0,2.1,2438,1095,2438,1095,a,,,,,1,,,0.0,0,0,0,0,0,0,0,0,0,0,0,0,0,0.00,0.00,0.00,0.00,2.0,2.0
2026-08-22T22:49:48+00:00,2026-08-22,daily,2,2026-08-28T17:30:00Z,570,Palacios,FUL,MID,55,0,0,0.2,81,132,81,132,a,,,,,,,,0.0,0,0,0,0,0,0,0,0,0,0,0,0,0,0.00,0.00,0.00,0.00,2.0,2.0
2026-08-22T22:49:48+00:00,2026-08-22,daily,2,2026-08-28T17:30:00Z,580,Charles,FUL,MID,50,0,0,0.1,76,75,76,75,a,,,,,,,,0.0,0,0,0,0,0,0,0,0,0,0,0,0,0,0.00,0.00,0.00,0.00,1.5,1.5
2026-08-22T22:49:48+00:00,2026-08-22,daily,2,2026-08-28T17:30:00Z,273,Phillips,HUL,GKP,40,0,0,1.6,459,704,459,704,a,,,,,,,,0.0,0,0,0,0,0,0,0,0,0,0,0,0,0,0.00,0.00,0.00,0.00,1.0,1.0
2026-08-22T22:49:48+00:00,2026-08-22,daily,2,2026-08-28T17:30:00Z,274,Butland,HUL,GKP,45,0,0,0.1,31,387,31,387,i,Arm injury - Unknown return date,2026-08-08T19:00:05.601633Z,0,0,,,,0.0,0,0,0,0,0,0,0,0,0,0,0,0,0,0.00,0.00,0.00,0.00,0.0,0.0
2026-08-22T22:49:48+00:00,2026-08-22,daily,2,2026-08-28T17:30:00Z,275,Cartwright,HUL,GKP,40,0,0,0.0,0,20,0,20,u,Has joined Grimsby Town on loan for the rest of the season,2026-07-29T13:00:27.959925Z,0,0,,,,0.0,0,0,0,0,0,0,0,0,0,0,0,0,0,0.00,0.00,0.00,0.00,0.0,0.0
2026-08-22T22:49:48+00:00,2026-08-22,daily,2,2026-08-28T17:30:00Z,276,Lo-Tutala,HUL,GKP,40,0,0,0.0,0,103,0,103,u,Has joined Colchester United on loan for the rest of the season,2026-08-17T13:50:27.125537Z,0,0,,,,0.0,0,0,0,0,0,0,0,0,0,0,0,0,0,0.00,0.00,0.00,0.00,0.0,0.0
2026-08-22T22:49:48+00:00,2026-08-22,daily,2,2026-08-28T17:30:00Z,277,Egan,HUL,DEF,40,0,0,1.6,3802,655,3802,655,a,,,,,,,,8.0,8,8,90,1,0,0,1,0,0,21,20,1,3,0.00,0.00,0.00,1.81,1.0,1.0
2026-08-22T22:49:48+00:00,2026-08-22,daily,2,2026-08-28T17:30:00Z,278,Hughes,HUL,DEF,40,0,0,0.1,21,472,21,472,i,Groin injury - Unknown return date,2026-08-02T09:00:11.030017Z,0,0,,,,0.0,0,0,0,0,0,0,0,0,0,0,0,0,0,0.00,0.00,0.00,0.00,0.0,0.0
2026-08-22T22:49:48+00:00,2026-08-22,daily,2,2026-08-28T17:30:00Z,279,Ajayi,HUL,DEF,40,0,0,1.2,12383,1251,12383,1251,d,Hamstring injury - 75% chance of playing,2026-08-22T17:30:07.668197Z,,75,,,,14.0,14,14,63,1,1,0,1,0,0,7,7,0,3,0.81,0.00,0.81,0.84,1.0,0.8
2026-08-22T22:49:48+00:00,2026-08-22,daily,2,2026-08-28T17:30:00Z,280,Coyle,HUL,DEF,40,0,0,0.7,490,470,490,470,d,Ankle injury - 75% chance of playing,2026-08-22T17:30:07.685683Z,,75,,,,6.0,6,6,69,1,0,0,1,0,0,2,1,1,3,0.00,0.01,0.01,1.14,1.0,0.8
2026-08-22T22:49:48+00:00,2026-08-22,daily,2,2026-08-28T17:30:00Z,281,Drameh,HUL,DEF,40,0,0,0.0,81,33,81,33,a,,2026-08-08T19:00:05.613036Z,100,100,,,,1.0,1,1,20,0,0,0,0,0,0,3,2,1,2,0.06,0.00,0.06,0.67,1.0,1.0
2026-08-22T22:49:48+00:00,2026-08-22,daily,2,2026-08-28T17:30:00Z,282,Giles,HUL,DEF,40,0,0,0.8,1467,327,1467,327,a,,,,,,1,1,6.0,6,6,84,1,0,0,1,0,0,6,5,1,1,0.02,0.07,0.09,1.74,1.0,1.0
2026-08-22T22:49:48+00:00,2026-08-22,daily,2,2026-08-28T17:30:00Z,283,Jacob,HUL,DEF,40,0,0,0.0,9,58,9,58,i,Hip injury - Expected back 29 Aug,2026-08-02T09:00:11.038361Z,0,0,,,,0.0,0,0,0,0,0,0,0,0,0,0,0,0,0,0.00,0.00,0.00,0.00,0.0,0.0
2026-08-22T22:49:48+00:00,2026-08-22,daily,2,2026-08-28T17:30:00Z,284,McCarthy,HUL,DEF,40,0,0,0.1,74,144,74,144,a,,,,,,,,0.0,0,0,0,0,0,0,0,0,0,0,0,0,0,0.00,0.00,0.00,0.00,1.0,1.0
2026-08-22T22:49:48+00:00,2026-08-22,daily,2,2026-08-28T17:30:00Z,285,McNair,HUL,DEF,40,0,0,0.1,70,75,70,75,a,,,,,,,,1.0,1,1,26,0,0,0,0,0,0,2,2,0,1,0.00,0.00,0.00,0.97,1.0,1.0
2026-08-22T22:49:48+00:00,2026-08-22,daily,2,2026-08-28T17:30:00Z,286,Belloumi,HUL,MID,50,0,0,0.5,2267,338,2267,338,a,,,,,,2,3,3.0,3,3,90,1,0,0,1,0,0,10,3,4,3,0.05,0.03,0.08,1.81,1.5,1.5
2026-08-22T22:49:48+00:00,2026-08-22,daily,2,2026-08-28T17:30:00Z,287,Millar,HUL,MID,50,0,0,0.1,62,117,62,117,a,,,,,,,,0.0,0,0,19,0,0,0,0,0,0,3,1,1,1,0.00,0.00,0.00,0.67,1.5,1.5
2026-08-22T22:49:48+00:00,2026-08-22,daily,2,2026-08-28T17:30:00Z,288,Dowell,HUL,MID,45,0,0,0.4,300,536,300,536,a,,,,,,,,0.0,0,0,0,0,0,0,0,0,0,0,0,0,0,0.00,0.00,0.00,0.00,1.0,1.0
2026-08-22T22:49:48+00:00,2026-08-22,daily,2,2026-08-28T17:30:00Z,289,Crooks,HUL,MID,45,0,0,0.7,1229,499,1229,499,a,,,,,,,,2.0,2,2,90,1,0,0,1,0,0,9,4,4,1,0.00,0.00,0.00,1.81,1.0,1.0
2026-08-22T22:49:48+00:00,2026-08-22,daily,2,2026-08-28T17:30:00Z,290,Slater,HUL,MID,45,0,0,3.2,10044,1328,10044,1328,a,,,,,,,2,6.0,6,6,90,1,0,1,1,0,0,3,0,1,2,0.00,0.44,0.44,1.81,1.0,1.0
2026-08-22T22:49:48+00:00,2026-08-22,daily,2,2026-08-28T17:30:00Z,291,Matazo,HUL,MID,45,0,0,0.0,6,9,6,9,i,Knee injury - Unknown return date,2026-07-23T12:01:23.532635Z,0,0,,,,0.0,0,0,0,0,0,0,0,0,0,0,0,0,0,0.00,0.00,0.00,0.00,0.0,0.0
2026-08-22T22:49:48+00:00,2026-08-22,daily,2,2026-08-28T17:30:00Z,292,Ömür,HUL,MID,50,0,0,0.0,88,59,88,59,a,,,,,,,,0.0,0,0,0,0,0,0,0,0,0,0,0,0,0,0.00,0.00,0.00,0.00,1.5,1.5
2026-08-22T22:49:48+00:00,2026-08-22,daily,2,2026-08-28T17:30:00Z,293,Kamara,HUL,MID,50,0,0,0.0,0,58,0,58,u,Has joined Portsmouth permanently,2026-08-12T14:08:23.542043Z,0,0,,,,0.0,0,0,0,0,0,0,0,0,0,0,0,0,0,0.00,0.00,0.00,0.00,0.0,0.0
2026-08-22T22:49:48+00:00,2026-08-22,daily,2,2026-08-28T17:30:00Z,294,Zambrano,HUL,MID,45,0,0,0.1,75,423,75,423,i,Thigh injury - Unknown return date,2026-08-04T18:30:11.016909Z,0,0,,,,0.0,0,0,0,0,0,0,0,0,0,0,0,0,0,0.00,0.00,0.00,0.00,0.0,0.0
2026-08-22T22:49:48+00:00,2026-08-22,daily,2,2026-08-28T17:30:00Z,295,McBurnie,HUL,FWD,55,0,0,1.4,6587,918,6587,918,a,,,,,1,,,5.0,5,5,90,1,0,1,1,0,0,5,3,0,2,0.10,0.01,0.11,1.81,1.8,1.8
2026-08-22T22:49:48+00:00,2026-08-22,daily,2,2026-08-28T17:30:00Z,296,Akintola,HUL,MID,50,0,0,0.0,211,161,211,161,a,,,,,,,,0.0,0,0,0,0,0,0,0,0,0,0,0,0,0,0.00,0.00,0.00,0.00,1.5,1.5
2026-08-22T22:49:48+00:00,2026-08-22,daily,2,2026-08-28T17:30:00Z,297,Gyabi,HUL,MID,45,0,0,0.0,13,100,13,100,i,Thigh injury - Unknown return date,2026-08-04T18:30:11.027155Z,0,0,,,,0.0,0,0,0,0,0,0,0,0,0,0,0,0,0,0.00,0.00,0.00,0.00,0.0,0.0
2026-08-22T22:49:48+00:00,2026-08-22,daily,2,2026-08-28T17:30:00Z,298,Destan,HUL,FWD,45,0,0,0.4,0,2281,0,2281,u,Has joined Konyaspor permanently,2026-08-17T13:50:27.145733Z,0,0,,,,0.0,0,0,0,0,0,0,0,0,0,0,0,0,0,0.00,0.00,0.00,0.00,0.0,0.0
2026-08-22T22:49:48+00:00,2026-08-22,daily,2,2026-08-28T17:30:00Z,299,Burstow,HUL,FWD,45,0,0,0.1,0,313,0,313,u,Has joined Sheffield Wednesday on loan for the rest of the season,2026-08-03T14:05:20.234842Z,0,0,,,,0.0,0,0,0,0,0,0,0,0,0,0,0,0,0,0.00,0.00,0.00,0.00,0.0,0.0
2026-08-22T22:49:48+00:00,2026-08-22,daily,2,2026-08-28T17:30:00Z,340,Gelhardt,HUL,MID,50,0,0,0.0,15,63,15,63,i,Ankle injury - Expected back 5 Sep,2026-08-17T21:30:07.799839Z,0,0,,,,0.0,0,0,0,0,0,0,0,0,0,0,0,0,0,0.00,0.00,0.00,0.00,0.0,0.0
2026-08-22T22:49:48+00:00,2026-08-22,daily,2,2026-08-28T17:30:00Z,556,Targett,HUL,DEF,40,0,0,2.4,828,2053,828,2053,a,,,,,,,,1.0,1,1,5,0,0,0,0,0,0,0,0,0,1,0.00,0.00,0.00,0.07,1.0,1.0
2026-08-22T22:49:48+00:00,2026-08-22,daily,2,2026-08-28T17:30:00Z,563,Morita,HUL,MID,50,0,0,0.0,13,71,13,71,d,Calf injury - 50% chance of playing,2026-08-15T16:00:07.961518Z,50,50,,,,0.0,0,0,0,0,0,0,0,0,0,0,0,0,0,0.00,0.00,0.00,0.00,0.8,0.8
2026-08-22T22:49:48+00:00,2026-08-22,daily,2,2026-08-28T17:30:00Z,572,Tzolakis,HUL,GKP,45,0,0,0.8,7879,530,7879,530,a,,,,,,,,10.0,10,10,90,1,0,0,1,0,5,0,0,0,22,0.00,0.00,0.00,1.81,1.9,1.9
2026-08-22T22:49:48+00:00,2026-08-22,daily,2,2026-08-28T17:30:00Z,574,Hjertø-Dahl,HUL,MID,50,0,0,0.1,83,101,83,101,a,,,,,,,,0.0,0,0,0,0,0,0,0,0,0,0,0,0,0,0.00,0.00,0.00,0.00,1.5,1.5
2026-08-22T22:49:48+00:00,2026-08-22,daily,2,2026-08-28T17:30:00Z,576,Stroud,HUL,MID,50,0,0,0.1,229,61,229,61,a,,,,,,,,3.0,3,3,70,1,0,0,1,0,0,6,1,3,2,0.00,0.03,0.03,1.14,1.5,1.5
2026-08-22T22:49:48+00:00,2026-08-22,daily,2,2026-08-28T17:30:00Z,585,Herrington,HUL,DEF,40,0,0,0.6,515,474,515,474,a,,,,,,,,1.0,1,1,26,0,0,0,0,0,0,4,4,0,0,0.00,0.00,0.00,0.97,1.0,1.0
2026-08-22T22:49:48+00:00,2026-08-22,daily,2,2026-08-28T17:30:00Z,586,Mendy,HUL,DEF,40,0,0,1.4,18780,1362,18780,1362,d,Thigh injury - 75% chance of playing,2026-08-22T17:30:08.045208Z,,75,,,,15.0,15,15,63,1,1,0,1,0,0,13,13,0,2,0.28,0.00,0.28,0.84,1.0,0.8
2026-08-22T22:49:48+00:00,2026-08-22,daily,2,2026-08-28T17:30:00Z,589,Gourna-Douath,HUL,MID,50,0,0,0.0,16,29,16,29,a,,,,,,,,0.0,0,0,0,0,0,0,0,0,0,0,0,0,0,0.00,0.00,0.00,0.00,1.5,1.5
2026-08-22T22:49:48+00:00,2026-08-22,daily,2,2026-08-28T17:30:00Z,259,Diop,IPS,DEF,40,0,0,18.3,5868,5484,5868,5484,a,,,,,,,,2.0,2,2,90,1,0,0,0,1,0,5,4,1,6,0.00,0.01,0.01,0.66,1.0,1.0
2026-08-22T22:49:48+00:00,2026-08-22,daily,2,2026-08-28T17:30:00Z,267,Lukić,IPS,MID,50,0,0,0.1,119,75,119,75,a,,,,,,,4,5.0,5,5,90,1,0,1,0,1,0,6,2,1,3,0.00,0.02,0.02,0.66,1.5,1.5
2026-08-22T22:49:48+00:00,2026-08-22,daily,2,2026-08-28T17:30:00Z,300,Walton,IPS,GKP,45,0,0,0.5,53,452,53,452,a,,,,,,,,0.0,0,0,0,0,0,0,0,0,0,0,0,0,0,0.00,0.00,0.00,0.00,1.9,1.9
2026-08-22T22:49:48+00:00,2026-08-22,daily,2,2026-08-28T17:30:00Z,301,Palmer,IPS,GKP,40,0,0,4.7,1148,1404,1148,1404,a,,,,,,,,0.0,0,0,0,0,0,0,0,0,0,0,0,0,0,0.00,0.00,0.00,0.00,1.0,1.0
2026-08-22T22:49:48+00:00,2026-08-22,daily,2,2026-08-28T17:30:00Z,302,Button,IPS,GKP,40,0,0,0.5,265,150,265,150,a,,,,,,,,0.0,0,0,0,0,0,0,0,0,0,0,0,0,0,0.00,0.00,0.00,0.00,1.0,1.0
2026-08-22T22:49:48+00:00,2026-08-22,daily,2,2026-08-28T17:30:00Z,303,Kipré,IPS,DEF,40,0,0,0.7,86,455,86,455,a,,,,,,,,0.0,0,0,0,0,0,0,0,0,0,0,0,0,0,0.00,0.00,0.00,0.00,1.0,1.0
2026-08-22T22:49:48+00:00,2026-08-22,daily,2,2026-08-28T17:30:00Z,304,O'Shea,IPS,DEF,40,0,0,3.5,1242,980,1242,980,a,,,,,,,,4.0,4,4,90,1,0,0,0,1,0,18,16,2,6,0.00,0.16,0.16,0.66,1.0,1.0
2026-08-22T22:49:48+00:00,2026-08-22,daily,2,2026-08-28T17:30:00Z,305,Davis,IPS,DEF,40,0,0,5.3,1237,1765,1237,1765,a,,,,,,2,2,2.0,2,2,90,1,0,0,0,1,0,7,7,0,4,0.00,0.01,0.01,0.66,1.0,1.0
2026-08-22T22:49:48+00:00,2026-08-22,daily,2,2026-08-28T17:30:00Z,306,Greaves,IPS,DEF,40,0,0,1.5,281,458,281,458,a,,,,,,,,2.0,2,2,90,1,0,0,0,1,0,7,4,3,1,0.00,0.00,0.00,0.66,1.0,1.0
2026-08-22T22:49:48+00:00,2026-08-22,daily,2,2026-08-28T17:30:00Z,307,Johnson,IPS,DEF,40,0,0,0.1,90,118,90,118,a,,,,,,,,0.0,0,0,0,0,0,0,0,0,0,0,0,0,0,0.00,0.00,0.00,0.00,1.0,1.0
2026-08-22T22:49:48+00:00,2026-08-22,daily,2,2026-08-28T17:30:00Z,308,Furlong,IPS,DEF,40,0,0,0.7,64,472,64,472,a,,,,,,,,0.0,0,0,0,0,0,0,0,0,0,0,0,0,0,0.00,0.00,0.00,0.00,1.0,1.0
2026-08-22T22:49:48+00:00,2026-08-22,daily,2,2026-08-28T17:30:00Z,309,Núñez,IPS,MID,50,0,0,0.1,110,113,110,113,a,,,,,,1,1,4.0,4,4,79,1,0,0,0,1,0,12,4,2,6,0.03,0.03,0.06,0.63,1.5,1.5
2026-08-22T22:49:48+00:00,2026-08-22,daily,2,2026-08-28T17:30:00Z,310,Matusiwa,IPS,MID,50,0,0,0.0,1,23,1,23,i,Muscular injury - Unknown return date,2026-07-29T18:00:10.305484Z,0,0,,,,0.0,0,0,0,0,0,0,0,0,0,0,0,0,0,0.00,0.00,0.00,0.00,0.0,0.0
2026-08-22T22:49:48+00:00,2026-08-22,daily,2,2026-08-28T17:30:00Z,311,Burns,IPS,MID,50,0,0,0.0,0,55,0,55,u,Has joined Leicester City permanently,2026-08-10T14:02:47.597478Z,0,0,,,,0.0,0,0,0,0,0,0,0,0,0,0,0,0,0,0.00,0.00,0.00,0.00,0.0,0.0
2026-08-22T22:49:48+00:00,2026-08-22,daily,2,2026-08-28T17:30:00Z,312,Taylor,IPS,MID,45,0,0,0.0,36,206,36,206,i,Knee injury - Unknown return date,2026-07-29T18:00:10.319370Z,0,0,,,,0.0,0,0,0,0,0,0,0,0,0,0,0,0,0,0.00,0.00,0.00,0.00,0.0,0.0
2026-08-22T22:49:48+00:00,2026-08-22,daily,2,2026-08-28T17:30:00Z,313,Clarke,IPS,MID,55,0,0,0.3,323,260,323,260,a,,,,,1,3,3,7.0,7,7,19,0,1,0,0,0,0,2,0,1,1,0.10,0.00,0.10,0.03,2.0,2.0
2026-08-22T22:49:48+00:00,2026-08-22,daily,2,2026-08-28T17:30:00Z,314,Ogbene,IPS,MID,50,0,0,0.0,11,24,11,24,a,,,,,,,,0.0,0,0,0,0,0,0,0,0,0,0,0,0,0,0.00,0.00,0.00,0.00,1.5,1.5
2026-08-22T22:49:48+00:00,2026-08-22,daily,2,2026-08-28T17:30:00Z,315,Fatawu,IPS,MID,55,0,0,0.2,123,314,123,314,a,,,,,,,,2.0,2,2,65,1,0,0,0,1,0,7,1,4,2,0.00,0.41,0.41,0.63,2.0,2.0
2026-08-22T22:49:48+00:00,2026-08-22,daily,2,2026-08-28T17:30:00Z,316,Emersonn,IPS,FWD,55,0,0,0.5,5437,423,5437,423,a,,,,,2,,,9.0,9,9,65,1,1,0,0,1,0,3,1,1,1,0.82,0.06,0.88,0.63,1.8,1.8
2026-08-22T22:49:48+00:00,2026-08-22,daily,2,2026-08-28T17:30:00Z,317,Hirst,IPS,FWD,50,0,0,0.2,0,2434,0,2434,u,Has joined Stoke City permanently,2026-08-21T13:06:08.606019Z,0,0,,,,0.0,0,0,0,0,0,0,0,0,0,0,0,0,0,0.00,0.00,0.00,0.00,0.0,0.0
2026-08-22T22:49:48+00:00,2026-08-22,daily,2,2026-08-28T17:30:00Z,318,Philogene,IPS,MID,55,0,0,0.2,50,297,50,297,a,,,,,3,,5,0.0,0,0,0,0,0,0,0,0,0,0,0,0,0,0.00,0.00,0.00,0.00,2.0,2.0
2026-08-22T22:49:48+00:00,2026-08-22,daily,2,2026-08-28T17:30:00Z,319,Szmodics,IPS,MID,50,0,0,0.0,0,126,0,126,u,Has joined Derby County on loan for the rest of the season,2026-08-17T13:51:41.713979Z,0,0,,,,0.0,0,0,0,0,0,0,0,0,0,0,0,0,0,0.00,0.00,0.00,0.00,0.0,0.0
2026-08-22T22:49:48+00:00,2026-08-22,daily,2,2026-08-28T17:30:00Z,320,Akpom,IPS,FWD,50,0,0,0.6,894,598,894,598,a,,,,,,,,1.0,1,1,24,0,0,0,0,0,0,3,0,1,2,0.00,0.00,0.00,0.03,1.4,1.4
2026-08-22T22:49:48+00:00,2026-08-22,daily,2,2026-08-28T17:30:00Z,321,Walle Egeli,IPS,FWD,45,0,0,2.2,2342,1533,2342,1533,a,,,,,,,,1.0,1,1,10,0,0,0,0,0,0,0,0,0,0,0.00,0.00,0.00,0.03,1.0,1.0
2026-08-22T22:49:48+00:00,2026-08-22,daily,2,2026-08-28T17:30:00Z,322,Al-Hamadi,IPS,FWD,50,0,0,0.2,219,290,219,290,a,,,,,,,,0.0,0,0,0,0,0,0,0,0,0,0,0,0,0,0.00,0.00,0.00,0.00,1.4,1.4
2026-08-22T22:49:48+00:00,2026-08-22,daily,2,2026-08-28T17:30:00Z,323,McAteer,IPS,MID,45,0,0,1.5,1215,1173,1215,1173,a,,,,,,,,1.0,1,1,24,0,0,0,0,0,0,3,0,1,2,0.00,0.00,0.00,0.03,1.0,1.0
2026-08-22T22:49:48+00:00,2026-08-22,daily,2,2026-08-28T17:30:00Z,324,Mehmeti,IPS,MID,50,0,0,0.1,11,76,11,76,a,,,,,,,,0.0,0,0,0,0,0,0,0,0,0,0,0,0,0,0.00,0.00,0.00,0.00,1.5,1.5
2026-08-22T22:49:48+00:00,2026-08-22,daily,2,2026-08-28T17:30:00Z,554,Van Oevelen,IPS,GKP,45,0,0,0.0,15,53,15,53,a,,,,,,,,0.0,0,0,0,0,0,0,0,0,0,0,0,0,0,0.00,0.00,0.00,0.00,1.9,1.9
2026-08-22T22:49:48+00:00,2026-08-22,daily,2,2026-08-28T17:30:00Z,562,Maeda,IPS,MID,55,0,0,0.4,192,370,192,370,a,,,,,,,,2.0,2,2,79,1,0,0,0,1,0,9,3,4,2,0.61,0.00,0.61,0.63,2.0,2.0
2026-08-22T22:49:48+00:00,2026-08-22,daily,2,2026-08-28T17:30:00Z,564,Scherpen,IPS,GKP,45,0,0,0.7,213,316,213,316,a,,,,,,,,2.0,2,2,90,1,0,0,0,1,2,0,1,0,10,0.00,0.00,0.00,0.66,1.9,1.9
2026-08-22T22:49:48+00:00,2026-08-22,daily,2,2026-08-28T17:30:00Z,571,Florentino,IPS,MID,50,0,0,0.1,70,156,70,156,a,,,,,,,,0.0,0,0,0,0,0,0,0,0,0,0,0,0,0,0.00,0.00,0.00,0.00,1.5,1.5
2026-08-22T22:49:48+00:00,2026-08-22,daily,2,2026-08-28T17:30:00Z,591,Enciso,IPS,MID,55,0,0,0.3,2189,315,2189,315,d,Muscular injury - 75% chance of playing,2026-08-22T18:00:07.551930Z,,75,,,,5.0,5,5,70,1,0,1,0,1,0,8,2,1,5,0.23,0.31,0.54,0.63,2.0,1.5
2026-08-22T22:49:48+00:00,2026-08-22,daily,2,2026-08-28T17:30:00Z,592,Ouattara,IPS,DEF,40,0,0,1.1,1117,638,1117,638,a,,,,,,,,1.0,1,1,10,0,0,0,0,0,0,2,2,0,0,0.00,0.00,0.00,0.03,1.0,1.0
2026-08-22T22:49:48+00:00,2026-08-22,daily,2,2026-08-28T17:30:00Z,602,Humphreys,IPS,MID,45,0,0,0.0,23,4,23,4,a,,,,,,,,0.0,0,0,0,0,0,0,0,0,0,0,0,0,0,0.00,0.00,0.00,0.00,1.0,1.0
2026-08-22T22:49:48+00:00,2026-08-22,daily,2,2026-08-28T17:30:00Z,260,Wilson,LEE,MID,65,0,0,6.3,2662,5168,2662,5168,a,,,,,,,2,3.0,3,3,65,1,0,0,1,0,0,2,0,2,0,0.00,0.02,0.02,0.53,2.3,2.3
2026-08-22T22:49:48+00:00,2026-08-22,daily,2,2026-08-28T17:30:00Z,326,Perri,LEE,GKP,45,0,0,0.6,67,549,67,549,a,,,,,,,,0.0,0,0,0,0,0,0,0,0,0,0,0,0,0,0.00,0.00,0.00,0.00,1.9,1.9
2026-08-22T22:49:48+00:00,2026-08-22,daily,2,2026-08-28T17:30:00Z,327,Bijol,LEE,DEF,50,0,0,0.4,3670,345,3670,345,a,,,,,,,,10.0,10,10,90,1,0,0,1,0,0,12,11,1,5,0.11,0.00,0.11,0.66,2.2,2.2
2026-08-22T22:49:48+00:00,2026-08-22,daily,2,2026-08-28T17:30:00Z,329,Rodon,LEE,DEF,45,0,0,3.6,1765,752,1765,752,a,,,,,,,,6.0,6,6,90,1,0,0,1,0,0,7,6,1,1,0.03,0.06,0.09,0.66,1.7,1.7
2026-08-22T22:49:48+00:00,2026-08-22,daily,2,2026-08-28T17:30:00Z,330,Bogle,LEE,DEF,45,0,0,0.5,686,211,686,211,a,,,,,,,,6.0,6,6,90,1,0,0,1,0,0,3,2,1,3,0.00,0.00,0.00,0.66,1.7,1.7
2026-08-22T22:49:48+00:00,2026-08-22,daily,2,2026-08-28T17:30:00Z,331,Gudmundsson,LEE,DEF,45,0,0,0.1,17,206,17,206,i,Hamstring injury - Unknown return date,2026-08-08T20:00:07.546568Z,0,0,,,,0.0,0,0,0,0,0,0,0,0,0,0,0,0,0,0.00,0.00,0.00,0.00,0.0,0.0
2026-08-22T22:49:48+00:00,2026-08-22,daily,2,2026-08-28T17:30:00Z,332,Justin,LEE,DEF,45,0,0,0.7,3734,311,3734,311,a,,,,,,,,10.0,10,10,90,1,0,0,1,0,0,12,6,6,4,0.00,0.01,0.01,0.66,1.7,1.7
2026-08-22T22:49:48+00:00,2026-08-22,daily,2,2026-08-28T17:30:00Z,333,Bornauw,LEE,DEF,45,0,0,0.0,0,49,0,49,u,Has joined Hamburg SV on loan for the rest of the season,2026-08-19T13:56:14.645970Z,0,0,,,,0.0,0,0,0,0,0,0,0,0,0,0,0,0,0,0.00,0.00,0.00,0.00,0.0,0.0
2026-08-22T22:49:48+00:00,2026-08-22,daily,2,2026-08-28T17:30:00Z,334,Muharemović,LEE,DEF,50,0,0,3.4,2490,718,2490,718,a,,,,,,,,6.0,6,6,90,1,0,0,1,0,0,7,7,0,1,0.09,0.00,0.09,0.66,2.2,2.2
2026-08-22T22:49:48+00:00,2026-08-22,daily,2,2026-08-28T17:30:00Z,335,Stach,LEE,MID,60,0,0,1.0,5968,576,5968,576,a,,,,,,1,1,13.0,13,13,90,1,1,0,1,0,0,16,8,3,5,0.10,0.05,0.15,0.66,2.1,2.1
2026-08-22T22:49:48+00:00,2026-08-22,daily,2,2026-08-28T17:30:00Z,336,Okafor,LEE,MID,60,0,0,0.5,304,891,304,891,a,,,,,,,,1.0,1,1,24,0,0,0,0,0,0,5,1,2,2,0.00,0.16,0.16,0.13,2.1,2.1
2026-08-22T22:49:48+00:00,2026-08-22,daily,2,2026-08-28T17:30:00Z,337,Aaronson,LEE,MID,55,0,0,1.0,414,727,414,727,a,,,,,,3,,3.0,3,3,81,1,0,0,1,0,0,7,0,1,6,0.01,0.01,0.02,0.58,2.0,2.0
2026-08-22T22:49:48+00:00,2026-08-22,daily,2,2026-08-28T17:30:00Z,338,Ampadu,LEE,MID,55,0,0,1.4,368,1056,368,1056,a,,,,,,,,5.0,5,5,90,1,0,0,1,0,0,13,6,2,5,0.00,0.04,0.04,0.66,2.0,2.0
2026-08-22T22:49:48+00:00,2026-08-22,daily,2,2026-08-28T17:30:00Z,339,Longstaff,LEE,MID,50,0,0,0.1,127,165,127,165,a,,,,,,2,3,1.0,1,1,8,0,0,0,0,0,0,0,0,0,0,0.00,0.00,0.00,0.07,1.5,1.5
2026-08-22T22:49:48+00:00,2026-08-22,daily,2,2026-08-28T17:30:00Z,341,Gnonto,LEE,MID,50,0,0,0.0,3,168,3,168,i,Hamstring injury - Unknown return date,2026-08-17T20:30:08.092366Z,0,0,,,,0.0,0,0,0,0,0,0,0,0,0,0,0,0,0,0.00,0.00,0.00,0.00,0.0,0.0
2026-08-22T22:49:48+00:00,2026-08-22,daily,2,2026-08-28T17:30:00Z,342,Harrison,LEE,MID,50,0,0,0.0,0,12,0,12,u,Has joined New England Revolution permanently,2026-07-28T12:59:09.492431Z,0,0,,,,0.0,0,0,0,0,0,0,0,0,0,0,0,0,0,0.00,0.00,0.00,0.00,0.0,0.0
2026-08-22T22:49:48+00:00,2026-08-22,daily,2,2026-08-28T17:30:00Z,343,James,LEE,MID,50,0,0,0.1,153,192,153,192,a,,,,,,,,0.0,0,0,0,0,0,0,0,0,0,0,0,0,0,0.00,0.00,0.00,0.00,1.5,1.5
2026-08-22T22:49:48+00:00,2026-08-22,daily,2,2026-08-28T17:30:00Z,344,Gruev,LEE,MID,50,0,0,0.0,1,22,1,22,i,Knee injury - Unknown return date,2026-08-14T23:00:06.272027Z,0,0,,,,0.0,0,0,0,0,0,0,0,0,0,0,0,0,0,0.00,0.00,0.00,0.00,0.0,0.0
2026-08-22T22:49:48+00:00,2026-08-22,daily,2,2026-08-28T17:30:00Z,345,Tanaka,LEE,MID,50,0,0,0.3,252,465,252,465,a,,,,,,,4,0.0,0,0,0,0,0,0,0,0,0,0,0,0,0,0.00,0.00,0.00,0.00,1.5,1.5
2026-08-22T22:49:48+00:00,2026-08-22,daily,2,2026-08-28T17:30:00Z,346,Calvert-Lewin,LEE,FWD,60,0,0,30.9,11746,10355,11746,10355,a,,,,,1,,,1.0,1,1,90,1,0,0,1,0,0,2,0,0,2,0.13,0.00,0.13,0.66,2.0,2.0
2026-08-22T22:49:48+00:00,2026-08-22,daily,2,2026-08-28T17:30:00Z,347,Nmecha,LEE,FWD,55,0,0,0.6,379,956,379,956,a,,,,,2,,,0.0,0,0,0,0,0,0,0,0,0,0,0,0,0,0.00,0.00,0.00,0.00,1.8,1.8
2026-08-22T22:49:48+00:00,2026-08-22,daily,2,2026-08-28T17:30:00Z,348,Piroe,LEE,FWD,50,0,0,0.2,0,1449,0,1449,u,Has joined West Ham United on loan for the rest of the season,2026-08-19T13:56:14.666726Z,0,0,3,,,0.0,0,0,0,0,0,0,0,0,0,0,0,0,0,0.00,0.00,0.00,0.00,0.0,0.0
2026-08-22T22:49:48+00:00,2026-08-22,daily,2,2026-08-28T17:30:00Z,349,Mateo Joseph,LEE,FWD,45,0,0,0.1,59,203,59,203,i,Knee injury - Unknown return date,2026-07-29T18:00:10.338170Z,0,0,,,,0.0,0,0,0,0,0,0,0,0,0,0,0,0,0,0.00,0.00,0.00,0.00,0.0,0.0
2026-08-22T22:49:48+00:00,2026-08-22,daily,2,2026-08-28T17:30:00Z,385,Trafford,LEE,GKP,50,0,0,3.1,4198,920,4198,920,a,,,,,,,,9.0,9,9,90,1,0,0,1,0,3,0,0,0,9,0.00,0.00,0.00,0.66,2.6,2.6
2026-08-22T22:49:48+00:00,2026-08-22,daily,2,2026-08-28T17:30:00Z,598,Elvedi,LEE,DEF,45,0,0,0.0,79,24,79,24,a,,,,,,,,0.0,0,0,0,0,0,0,0,0,0,0,0,0,0,0.00,0.00,0.00,0.00,1.7,1.7
2026-08-22T22:49:48+00:00,2026-08-22,daily,2,2026-08-28T17:30:00Z,603,Lienou,LEE,DEF,40,0,0,0.0,61,8,61,8,a,,,,,,,,0.0,0,0,0,0,0,0,0,0,0,0,0,0,0,0.00,0.00,0.00,0.00,1.0,1.0
2026-08-22T22:49:48+00:00,2026-08-22,daily,2,2026-08-28T17:30:00Z,604,Cresswell,LEE,MID,45,0,0,0.0,71,5,71,5,a,,,,,,,,0.0,0,0,0,0,0,0,0,0,0,0,0,0,0,0.00,0.00,0.00,0.00,1.0,1.0
2026-08-22T22:49:48+00:00,2026-08-22,daily,2,2026-08-28T17:30:00Z,350,A.Becker,LIV,GKP,55,0,0,3.6,2525,1872,2525,1872,a,,,,,,,,0.0,0,0,0,0,0,0,0,0,0,0,0,0,0,0.00,0.00,0.00,0.00,3.3,3.3
2026-08-22T22:49:48+00:00,2026-08-22,daily,2,2026-08-28T17:30:00Z,351,Mamardashvili,LIV,GKP,50,0,0,0.2,162,216,162,216,a,,,,,,,,0.0,0,0,0,0,0,0,0,0,0,0,0,0,0,0.00,0.00,0.00,0.00,2.6,2.6
2026-08-22T22:49:48+00:00,2026-08-22,daily,2,2026-08-28T17:30:00Z,352,Woodman,LIV,GKP,40,0,0,1.1,476,616,476,616,a,,,,,,,,0.0,0,0,0,0,0,0,0,0,0,0,0,0,0,0.00,0.00,0.00,0.00,1.0,1.0
2026-08-22T22:49:48+00:00,2026-08-22,daily,2,2026-08-28T17:30:00Z,353,Pecsi,LIV,GKP,40,0,0,0.0,0,120,0,120,u,Has joined TSV Hartberg on loan for the rest of the season,2026-08-18T14:11:18.638344Z,0,0,,,,0.0,0,0,0,0,0,0,0,0,0,0,0,0,0,0.00,0.00,0.00,0.00,0.0,0.0
2026-08-22T22:49:48+00:00,2026-08-22,daily,2,2026-08-28T17:30:00Z,354,Jaros,LIV,GKP,40,0,0,0.0,29,38,29,38,i,Knee injury - Unknown return date,2026-07-29T18:00:10.351066Z,0,0,,,,0.0,0,0,0,0,0,0,0,0,0,0,0,0,0,0.00,0.00,0.00,0.00,0.0,0.0
2026-08-22T22:49:48+00:00,2026-08-22,daily,2,2026-08-28T17:30:00Z,355,Davies,LIV,GKP,40,0,0,0.1,126,75,126,75,a,,,,,,,,0.0,0,0,0,0,0,0,0,0,0,0,0,0,0,0.00,0.00,0.00,0.00,1.0,1.0
2026-08-22T22:49:48+00:00,2026-08-22,daily,2,2026-08-28T17:30:00Z,356,Virgil,LIV,DEF,65,0,0,19.3,11318,4559,11318,4559,a,,,,,,,,0.0,0,0,0,0,0,0,0,0,0,0,0,0,0,0.00,0.00,0.00,0.00,3.1,3.1
2026-08-22T22:49:48+00:00,2026-08-22,daily,2,2026-08-28T17:30:00Z,357,Frimpong,LIV,DEF,55,0,0,3.5,4913,1716,4913,1716,a,,,,,,,,0.0,0,0,0,0,0,0,0,0,0,0,0,0,0,0.00,0.00,0.00,0.00,2.5,2.5
2026-08-22T22:49:48+00:00,2026-08-22,daily,2,2026-08-28T17:30:00Z,358,Kerkez,LIV,DEF,55,0,0,3.8,2992,1711,2992,1711,a,,,,,,,,0.0,0,0,0,0,0,0,0,0,0,0,0,0,0,0.00,0.00,0.00,0.00,2.5,2.5
2026-08-22T22:49:48+00:00,2026-08-22,daily,2,2026-08-28T17:30:00Z,359,Gomez,LIV,DEF,50,0,0,0.0,26,101,26,101,i,Muscular injury - Unknown return date,2026-07-26T08:30:10.078473Z,0,0,,,,0.0,0,0,0,0,0,0,0,0,0,0,0,0,0,0.00,0.00,0.00,0.00,0.0,0.0
2026-08-22T22:49:48+00:00,2026-08-22,daily,2,2026-08-28T17:30:00Z,360,Bradley,LIV,DEF,50,0,0,0.0,17,47,17,47,i,Knee injury - Unknown return date,2026-07-23T12:01:23.565711Z,0,0,,,,0.0,0,0,0,0,0,0,0,0,0,0,0,0,0,0.00,0.00,0.00,0.00,0.0,0.0
2026-08-22T22:49:48+00:00,2026-08-22,daily,2,2026-08-28T17:30:00Z,361,Lucky,LIV,DEF,40,0,0,0.1,168,146,168,146,a,,,,,,,,0.0,0,0,0,0,0,0,0,0,0,0,0,0,0,0.00,0.00,0.00,0.00,1.0,1.0
2026-08-22T22:49:48+00:00,2026-08-22,daily,2,2026-08-28T17:30:00Z,362,Jacquet,LIV,DEF,50,0,0,2.3,3064,937,3064,937,a,,2026-07-23T12:01:23.581126Z,100,100,,,,0.0,0,0,0,0,0,0,0,0,0,0,0,0,0,0.00,0.00,0.00,0.00,2.2,2.2
2026-08-22T22:49:48+00:00,2026-08-22,daily,2,2026-08-28T17:30:00Z,363,Leoni,LIV,DEF,40,0,0,0.0,53,97,53,97,i,Knee injury - Unknown return date,2026-07-23T12:01:23.596909Z,0,0,,,,0.0,0,0,0,0,0,0,0,0,0,0,0,0,0,0.00,0.00,0.00,0.00,0.0,0.0
2026-08-22T22:49:48+00:00,2026-08-22,daily,2,2026-08-28T17:30:00Z,364,Tsimikas,LIV,DEF,50,0,0,0.1,111,62,111,62,a,,,,,,,,0.0,0,0,0,0,0,0,0,0,0,0,0,0,0,0.00,0.00,0.00,0.00,2.2,2.2
2026-08-22T22:49:48+00:00,2026-08-22,daily,2,2026-08-28T17:30:00Z,365,Ramsay,LIV,DEF,40,0,0,0.2,245,235,245,235,a,,,,,,,,0.0,0,0,0,0,0,0,0,0,0,0,0,0,0,0.00,0.00,0.00,0.00,1.0,1.0
2026-08-22T22:49:48+00:00,2026-08-22,daily,2,2026-08-28T17:30:00Z,366,Wirtz,LIV,MID,75,0,0,12.7,5717,4116,5717,4116,a,,,,,4,2,3,0.0,0,0,0,0,0,0,0,0,0,0,0,0,0,0.00,0.00,0.00,0.00,2.6,2.6
2026-08-22T22:49:48+00:00,2026-08-22,daily,2,2026-08-28T17:30:00Z,367,Gakpo,LIV,MID,70,0,0,3.6,2200,1761,2200,1761,a,,,,,3,,2,0.0,0,0,0,0,0,0,0,0,0,0,0,0,0,0.00,0.00,0.00,0.00,2.5,2.5
2026-08-22T22:49:48+00:00,2026-08-22,daily,2,2026-08-28T17:30:00Z,368,Szoboszlai,LIV,MID,70,0,0,41.7,16417,7402,16417,7402,a,,,,,2,1,1,0.0,0,0,0,0,0,0,0,0,0,0,0,0,0,0.00,0.00,0.00,0.00,2.5,2.5
2026-08-22T22:49:48+00:00,2026-08-22,daily,2,2026-08-28T17:30:00Z,369,Ngumoha,LIV,MID,60,0,0,1.2,916,1035,916,1035,a,,,,,,,,0.0,0,0,0,0,0,0,0,0,0,0,0,0,0,0.00,0.00,0.00,0.00,2.1,2.1
2026-08-22T22:49:48+00:00,2026-08-22,daily,2,2026-08-28T17:30:00Z,370,Chiesa,LIV,MID,55,0,0,0.1,192,230,192,230,a,,,,,,,,0.0,0,0,0,0,0,0,0,0,0,0,0,0,0,0.00,0.00,0.00,0.00,2.0,2.0
2026-08-22T22:49:48+00:00,2026-08-22,daily,2,2026-08-28T17:30:00Z,371,Gravenberch,LIV,MID,60,0,0,1.9,1724,1744,1724,1744,a,,,,,,,,0.0,0,0,0,0,0,0,0,0,0,0,0,0,0,0.00,0.00,0.00,0.00,2.1,2.1
2026-08-22T22:49:48+00:00,2026-08-22,daily,2,2026-08-28T17:30:00Z,372,Mac Allister,LIV,MID,55,0,0,1.8,1522,1494,1522,1494,a,,,,,5,,,0.0,0,0,0,0,0,0,0,0,0,0,0,0,0,0.00,0.00,0.00,0.00,2.0,2.0
2026-08-22T22:49:48+00:00,2026-08-22,daily,2,2026-08-28T17:30:00Z,373,C.Jones,LIV,MID,55,0,0,0.0,15,294,15,294,d,Hip injury - 75% chance of playing,2026-08-16T18:30:07.426408Z,75,75,,,,0.0,0,0,0,0,0,0,0,0,0,0,0,0,0,0.00,0.00,0.00,0.00,1.5,1.5
2026-08-22T22:49:48+00:00,2026-08-22,daily,2,2026-08-28T17:30:00Z,374,Endo,LIV,MID,50,0,0,0.1,169,135,169,135,a,,2026-07-23T12:01:23.612529Z,100,100,,,,0.0,0,0,0,0,0,0,0,0,0,0,0,0,0,0.00,0.00,0.00,0.00,1.5,1.5
2026-08-22T22:49:48+00:00,2026-08-22,daily,2,2026-08-28T17:30:00Z,375,Nyoni,LIV,MID,50,0,0,0.0,45,63,45,63,a,,,,,,,,0.0,0,0,0,0,0,0,0,0,0,0,0,0,0,0.00,0.00,0.00,0.00,1.5,1.5
2026-08-22T22:49:48+00:00,2026-08-22,daily,2,2026-08-28T17:30:00Z,376,Bajcetic,LIV,MID,50,0,0,0.0,1,7,1,7,i,Hamstring injury - Expected back 23 Aug,2026-07-23T12:01:23.628373Z,0,0,,,,0.0,0,0,0,0,0,0,0,0,0,0,0,0,0,0.00,0.00,0.00,0.00,0.0,0.0
2026-08-22T22:49:48+00:00,2026-08-22,daily,2,2026-08-28T17:30:00Z,377,Munoz,LIV,MID,65,0,0,0.6,384,662,384,662,a,,,,,,,,0.0,0,0,0,0,0,0,0,0,0,0,0,0,0,0.00,0.00,0.00,0.00,2.3,2.3
2026-08-22T22:49:48+00:00,2026-08-22,daily,2,2026-08-28T17:30:00Z,378,McConnell,LIV,MID,45,0,0,0.3,322,331,322,331,a,,,,,,,,0.0,0,0,0,0,0,0,0,0,0,0,0,0,0,0.00,0.00,0.00,0.00,1.0,1.0
2026-08-22T22:49:48+00:00,2026-08-22,daily,2,2026-08-28T17:30:00Z,379,Isak,LIV,FWD,90,0,0,16.9,6535,4541,6535,4541,a,,,,,1,,,0.0,0,0,0,0,0,0,0,0,0,0,0,0,0,0.00,0.00,0.00,0.00,2.7,2.7
2026-08-22T22:49:48+00:00,2026-08-22,daily,2,2026-08-28T17:30:00Z,380,Ekitiké,LIV,FWD,75,0,0,0.2,160,854,160,854,i,Achilles injury - Unknown return date,2026-07-23T12:01:23.643771Z,0,0,,,,0.0,0,0,0,0,0,0,0,0,0,0,0,0,0,0.00,0.00,0.00,0.00,0.0,0.0
2026-08-22T22:49:48+00:00,2026-08-22,daily,2,2026-08-28T17:30:00Z,381,Koumas,LIV,MID,50,0,0,0.0,12,18,12,18,a,,,,,,,,0.0,0,0,0,0,0,0,0,0,0,0,0,0,0,0.00,0.00,0.00,0.00,1.5,1.5
2026-08-22T22:49:48+00:00,2026-08-22,daily,2,2026-08-28T17:30:00Z,382,Danns,LIV,FWD,45,0,0,0.0,56,122,56,122,i,Unspecified injury - Unknown return date,2026-07-23T12:01:23.659279Z,0,0,,,,0.0,0,0,0,0,0,0,0,0,0,0,0,0,0,0.00,0.00,0.00,0.00,0.0,0.0
2026-08-22T22:49:48+00:00,2026-08-22,daily,2,2026-08-28T17:30:00Z,383,Elliott,LIV,MID,55,0,0,0.1,77,111,77,111,a,,,,,,,,0.0,0,0,0,0,0,0,0,0,0,0,0,0,0,0.00,0.00,0.00,0.00,2.0,2.0
2026-08-22T22:49:48+00:00,2026-08-22,daily,2,2026-08-28T17:30:00Z,579,Araujo,LIV,DEF,55,0,0,2.7,8534,2288,8534,2288,a,,,,,,,,0.0,0,0,0,0,0,0,0,0,0,0,0,0,0,0.00,0.00,0.00,0.00,2.5,2.5
2026-08-22T22:49:48+00:00,2026-08-22,daily,2,2026-08-28T17:30:00Z,238,Grealish,MCI,MID,65,0,0,0.2,234,270,234,270,a,,2026-07-29T10:00:10.492904Z,100,100,,,,0.0,0,0,0,0,0,0,0,0,0,0,0,0,0,0.00,0.00,0.00,0.00,2.3,2.3
2026-08-22T22:49:48+00:00,2026-08-22,daily,2,2026-08-28T17:30:00Z,384,Donnarumma,MCI,GKP,55,0,0,8.3,4175,4218,4175,4218,a,,,,,,,,0.0,0,0,0,0,0,0,0,0,0,0,0,0,0,0.00,0.00,0.00,0.00,3.3,3.3
2026-08-22T22:49:48+00:00,2026-08-22,daily,2,2026-08-28T17:30:00Z,386,Bettinelli,MCI,GKP,45,0,0,0.0,47,40,47,40,a,,,,,,,,0.0,0,0,0,0,0,0,0,0,0,0,0,0,0,0.00,0.00,0.00,0.00,1.9,1.9
2026-08-22T22:49:48+00:00,2026-08-22,daily,2,2026-08-28T17:30:00Z,387,O'Reilly,MCI,DEF,65,0,0,21.4,9218,5854,9218,5854,a,,,,,,,,0.0,0,0,0,0,0,0,0,0,0,0,0,0,0,0.00,0.00,0.00,0.00,3.1,3.1
2026-08-22T22:49:48+00:00,2026-08-22,daily,2,2026-08-28T17:30:00Z,388,Guéhi,MCI,DEF,60,0,0,17.1,7108,5988,7108,5988,a,,,,,,,,0.0,0,0,0,0,0,0,0,0,0,0,0,0,0,0.00,0.00,0.00,0.00,2.8,2.8
2026-08-22T22:49:48+00:00,2026-08-22,daily,2,2026-08-28T17:30:00Z,389,Matheus N.,MCI,DEF,60,0,0,1.6,829,922,829,922,a,,2026-08-16T18:30:07.457097Z,100,100,5,,,0.0,0,0,0,0,0,0,0,0,0,0,0,0,0,0.00,0.00,0.00,0.00,2.8,2.8
2026-08-22T22:49:48+00:00,2026-08-22,daily,2,2026-08-28T17:30:00Z,390,Rúben,MCI,DEF,55,0,0,1.8,2574,1068,2574,1068,a,,,,,,,,0.0,0,0,0,0,0,0,0,0,0,0,0,0,0,0.00,0.00,0.00,0.00,2.5,2.5
2026-08-22T22:49:48+00:00,2026-08-22,daily,2,2026-08-28T17:30:00Z,391,Gvardiol,MCI,DEF,55,0,0,11.1,11295,3530,11295,3530,a,,,,,,,,0.0,0,0,0,0,0,0,0,0,0,0,0,0,0,0.00,0.00,0.00,0.00,2.5,2.5
2026-08-22T22:49:48+00:00,2026-08-22,daily,2,2026-08-28T17:30:00Z,392,Aït-Nouri,MCI,DEF,55,0,0,0.9,1015,745,1015,745,a,,,,,,,,0.0,0,0,0,0,0,0,0,0,0,0,0,0,0,0.00,0.00,0.00,0.00,2.5,2.5
2026-08-22T22:49:48+00:00,2026-08-22,daily,2,2026-08-28T17:30:00Z,393,Khusanov,MCI,DEF,55,0,0,1.8,1415,1341,1415,1341,a,,,,,,,,0.0,0,0,0,0,0,0,0,0,0,0,0,0,0,0.00,0.00,0.00,0.00,2.5,2.5
2026-08-22T22:49:48+00:00,2026-08-22,daily,2,2026-08-28T17:30:00Z,394,Alleyne,MCI,DEF,50,0,0,0.0,0,105,0,105,u,Has joined Burnley on loan for the rest of the season,2026-08-18T14:11:56.324656Z,0,0,,,,0.0,0,0,0,0,0,0,0,0,0,0,0,0,0,0.00,0.00,0.00,0.00,0.0,0.0
2026-08-22T22:49:48+00:00,2026-08-22,daily,2,2026-08-28T17:30:00Z,395,Lewis,MCI,DEF,45,0,0,0.2,494,243,494,243,a,,,,,,,,0.0,0,0,0,0,0,0,0,0,0,0,0,0,0,0.00,0.00,0.00,0.00,1.7,1.7
2026-08-22T22:49:48+00:00,2026-08-22,daily,2,2026-08-28T17:30:00Z,396,Vitor Reis,MCI,DEF,45,0,0,0.0,28,27,28,27,a,,,,,,,,0.0,0,0,0,0,0,0,0,0,0,0,0,0,0,0.00,0.00,0.00,0.00,1.7,1.7
2026-08-22T22:49:48+00:00,2026-08-22,daily,2,2026-08-28T17:30:00Z,397,Semenyo,MCI,MID,85,0,0,26.2,7619,5987,7619,5987,a,,,,,3,,,0.0,0,0,0,0,0,0,0,0,0,0,0,0,0,0.00,0.00,0.00,0.00,2.9,2.9
2026-08-22T22:49:48+00:00,2026-08-22,daily,2,2026-08-28T17:30:00Z,398,Foden,MCI,MID,70,0,0,4.4,2689,2165,2689,2165,a,,,,,,3,3,0.0,0,0,0,0,0,0,0,0,0,0,0,0,0,0.00,0.00,0.00,0.00,2.5,2.5
2026-08-22T22:49:48+00:00,2026-08-22,daily,2,2026-08-28T17:30:00Z,399,Cherki,MCI,MID,75,0,0,8.0,5147,4715,5147,4715,a,,,,,,1,1,0.0,0,0,0,0,0,0,0,0,0,0,0,0,0,0.00,0.00,0.00,0.00,2.6,2.6
2026-08-22T22:49:48+00:00,2026-08-22,daily,2,2026-08-28T17:30:00Z,400,Doku,MCI,MID,75,0,0,1.9,141,15028,141,15028,i,Calf injury - Expected back 5 Sep,2026-08-18T17:00:08.385597Z,0,0,4,,,0.0,0,0,0,0,0,0,0,0,0,0,0,0,0,0.00,0.00,0.00,0.00,0.0,0.0
2026-08-22T22:49:48+00:00,2026-08-22,daily,2,2026-08-28T17:30:00Z,401,Marmoush,MCI,FWD,70,0,0,1.0,1819,1432,1819,1432,a,,,,,2,2,,0.0,0,0,0,0,0,0,0,0,0,0,0,0,0,0.00,0.00,0.00,0.00,2.2,2.2
2026-08-22T22:49:48+00:00,2026-08-22,daily,2,2026-08-28T17:30:00Z,402,Rodrigo,MCI,MID,65,0,0,0.0,0,293,0,293,u,Has joined Barcelona permanently,2026-07-23T12:01:23.675537Z,0,0,,,,0.0,0,0,0,0,0,0,0,0,0,0,0,0,0,0.00,0.00,0.00,0.00,0.0,0.0
2026-08-22T22:49:48+00:00,2026-08-22,daily,2,2026-08-28T17:30:00Z,403,Savinho,MCI,MID,65,0,0,0.3,747,428,747,428,a,,,,,,,,0.0,0,0,0,0,0,0,0,0,0,0,0,0,0,0.00,0.00,0.00,0.00,2.3,2.3
2026-08-22T22:49:48+00:00,2026-08-22,daily,2,2026-08-28T17:30:00Z,404,Reijnders,MCI,MID,60,0,0,0.1,0,1981,0,1981,u,Has joined Al Qadsiah permanently,2026-08-20T14:02:58.154273Z,0,0,,,,0.0,0,0,0,0,0,0,0,0,0,0,0,0,0,0.00,0.00,0.00,0.00,0.0,0.0
2026-08-22T22:49:48+00:00,2026-08-22,daily,2,2026-08-28T17:30:00Z,405,N.Gonzalez,MCI,MID,55,0,0,0.1,53,155,53,155,a,,,,,,,,0.0,0,0,0,0,0,0,0,0,0,0,0,0,0,0.00,0.00,0.00,0.00,2.0,2.0
2026-08-22T22:49:48+00:00,2026-08-22,daily,2,2026-08-28T17:30:00Z,406,Kovačić,MCI,MID,55,0,0,0.1,158,113,158,113,a,,,,,,,,0.0,0,0,0,0,0,0,0,0,0,0,0,0,0,0.00,0.00,0.00,0.00,2.0,2.0
2026-08-22T22:49:48+00:00,2026-08-22,daily,2,2026-08-28T17:30:00Z,407,Echeverri,MCI,MID,50,0,0,0.0,30,27,30,27,a,,,,,,,,0.0,0,0,0,0,0,0,0,0,0,0,0,0,0,0.00,0.00,0.00,0.00,1.5,1.5
2026-08-22T22:49:48+00:00,2026-08-22,daily,2,2026-08-28T17:30:00Z,408,Phillips,MCI,MID,50,0,0,0.0,0,90,0,90,u,Has joined Sheffield United on loan for the rest of the season,2026-08-18T14:11:56.348781Z,0,0,,,,0.0,0,0,0,0,0,0,0,0,0,0,0,0,0,0.00,0.00,0.00,0.00,0.0,0.0
2026-08-22T22:49:48+00:00,2026-08-22,daily,2,2026-08-28T17:30:00Z,409,Mukasa,MCI,MID,45,0,0,0.2,378,321,378,321,a,,,,,,,,0.0,0,0,0,0,0,0,0,0,0,0,0,0,0,0.00,0.00,0.00,0.00,1.0,1.0
2026-08-22T22:49:48+00:00,2026-08-22,daily,2,2026-08-28T17:30:00Z,410,Monga,MCI,MID,50,0,0,0.0,31,42,31,42,a,,,,,,,,0.0,0,0,0,0,0,0,0,0,0,0,0,0,0,0.00,0.00,0.00,0.00,1.5,1.5
2026-08-22T22:49:48+00:00,2026-08-22,daily,2,2026-08-28T17:30:00Z,411,Haaland,MCI,FWD,155,0,0,69.2,8630,3089,8630,3089,a,,,,,1,,,0.0,0,0,0,0,0,0,0,0,0,0,0,0,0,0.00,0.00,0.00,0.00,4.0,4.0
2026-08-22T22:49:48+00:00,2026-08-22,daily,2,2026-08-28T17:30:00Z,481,Anderson,MCI,MID,65,0,0,7.9,3286,6209,3286,6209,a,,,,,,,2,0.0,0,0,0,0,0,0,0,0,0,0,0,0,0,0.00,0.00,0.00,0.00,2.3,2.3
2026-08-22T22:49:48+00:00,2026-08-22,daily,2,2026-08-28T17:30:00Z,587,Rulli,MCI,GKP,50,0,0,0.0,27,28,27,28,a,,,,,,,,0.0,0,0,0,0,0,0,0,0,0,0,0,0,0,0.00,0.00,0.00,0.00,2.6,2.6
2026-08-22T22:49:48+00:00,2026-08-22,daily,2,2026-08-28T17:30:00Z,43,Tielemans,MUN,MID,60,0,0,2.6,3523,4102,3523,4102,a,,2026-07-23T12:01:23.321726Z,100,100,3,,,2.0,2,2,66,1,0,0,0,2,0,5,0,0,5,0.04,0.11,0.15,1.18,2.1,2.1
2026-08-22T22:49:48+00:00,2026-08-22,daily,2,2026-08-28T17:30:00Z,162,Andrey Santos,MUN,MID,50,0,0,1.1,1927,1925,1927,1925,a,,,,,,,,2.0,2,2,66,1,0,0,0,2,0,9,3,1,5,0.00,0.23,0.23,1.18,1.5,1.5
2026-08-22T22:49:48+00:00,2026-08-22,daily,2,2026-08-28T17:30:00Z,325,Darlow,MUN,GKP,45,0,0,0.0,27,41,27,41,a,,2026-07-23T12:01:23.549136Z,75,100,,,,0.0,0,0,0,0,0,0,0,0,0,0,0,0,0,0.00,0.00,0.00,0.00,1.4,1.9
2026-08-22T22:49:48+00:00,2026-08-22,daily,2,2026-08-28T17:30:00Z,412,Lammens,MUN,GKP,50,0,0,16.5,4814,11981,4814,11981,a,,,,,,,,1.0,1,1,90,1,0,0,0,2,2,0,2,0,8,0.00,0.00,0.00,1.26,2.6,2.6
2026-08-22T22:49:48+00:00,2026-08-22,daily,2,2026-08-28T17:30:00Z,413,Bayindir,MUN,GKP,45,0,0,0.0,0,188,0,188,u,Has joined Celta Vigo on loan for the rest of the season,2026-08-10T14:02:28.608415Z,0,0,,,,0.0,0,0,0,0,0,0,0,0,0,0,0,0,0,0.00,0.00,0.00,0.00,0.0,0.0
2026-08-22T22:49:48+00:00,2026-08-22,daily,2,2026-08-28T17:30:00Z,414,Heaton,MUN,GKP,40,0,0,0.1,33,242,33,242,i,Hamstring injury - Unknown return date,2026-08-15T16:00:07.854151Z,0,0,,,,0.0,0,0,0,0,0,0,0,0,0,0,0,0,0,0.00,0.00,0.00,0.00,0.0,0.0
2026-08-22T22:49:48+00:00,2026-08-22,daily,2,2026-08-28T17:30:00Z,415,Dorgu,MUN,MID,60,0,0,1.3,1541,3811,1541,3811,a,,,,,,,,0.0,0,0,45,1,0,0,0,2,0,0,0,0,0,0.47,0.03,0.50,1.16,2.1,2.1
2026-08-22T22:49:48+00:00,2026-08-22,daily,2,2026-08-28T17:30:00Z,416,De Ligt,MUN,DEF,50,0,0,0.0,43,120,43,120,i,Back injury - Unknown return date,2026-07-23T12:01:23.690880Z,0,0,,,,0.0,0,0,0,0,0,0,0,0,0,0,0,0,0,0.00,0.00,0.00,0.00,0.0,0.0
2026-08-22T22:49:48+00:00,2026-08-22,daily,2,2026-08-28T17:30:00Z,417,Dalot,MUN,DEF,50,0,0,2.8,2553,4413,2553,4413,a,,,,,,,,1.0,1,1,10,0,0,0,0,0,0,3,1,2,1,0.00,0.00,0.00,0.00,2.2,2.2
2026-08-22T22:49:48+00:00,2026-08-22,daily,2,2026-08-28T17:30:00Z,418,Maguire,MUN,DEF,50,0,0,18.2,11394,10872,11394,10872,a,,,,,,,,1.0,1,1,90,1,0,0,0,2,0,4,4,0,5,0.04,0.40,0.44,1.26,2.2,2.2
2026-08-22T22:49:48+00:00,2026-08-22,daily,2,2026-08-28T17:30:00Z,419,Martinez,MUN,DEF,50,0,0,1.4,2775,2798,2775,2798,a,,2026-07-24T20:00:10.337107Z,100,100,,,,0.0,0,0,0,0,0,0,0,0,0,0,0,0,0,0.00,0.00,0.00,0.00,2.2,2.2
2026-08-22T22:49:48+00:00,2026-08-22,daily,2,2026-08-28T17:30:00Z,420,Yoro,MUN,DEF,50,0,0,0.7,622,1574,622,1574,a,,,,,,,,0.0,0,0,0,0,0,0,0,0,0,0,0,0,0,0.00,0.00,0.00,0.00,2.2,2.2
2026-08-22T22:49:48+00:00,2026-08-22,daily,2,2026-08-28T17:30:00Z,421,Heaven,MUN,DEF,45,0,0,0.4,803,550,803,550,a,,,,,,,,1.0,1,1,90,1,0,0,0,2,0,2,1,1,4,0.12,0.04,0.16,1.26,1.7,1.7
2026-08-22T22:49:48+00:00,2026-08-22,daily,2,2026-08-28T17:30:00Z,422,Mazraoui,MUN,DEF,45,0,0,0.7,1336,855,1336,855,a,,,,,,,,1.0,1,1,79,1,0,0,0,2,0,5,4,1,3,0.23,0.05,0.28,1.26,1.7,1.7
2026-08-22T22:49:48+00:00,2026-08-22,daily,2,2026-08-28T17:30:00Z,423,Shaw,MUN,DEF,45,0,0,21.3,10569,12270,10569,12270,a,,,,,,,3,1.0,1,1,90,1,0,0,0,2,0,4,3,1,3,0.00,0.26,0.26,1.26,1.7,1.7
2026-08-22T22:49:48+00:00,2026-08-22,daily,2,2026-08-28T17:30:00Z,424,Amass,MUN,DEF,40,0,0,0.2,244,313,244,313,a,,,,,,,,0.0,0,0,0,0,0,0,0,0,0,0,0,0,0,0.00,0.00,0.00,0.00,1.0,1.0
2026-08-22T22:49:48+00:00,2026-08-22,daily,2,2026-08-28T17:30:00Z,425,Fredricson,MUN,DEF,40,0,0,0.0,0,212,0,212,u,Has joined Lausanne-Sport permanently,2026-08-18T14:12:31.904433Z,0,0,,,,0.0,0,0,0,0,0,0,0,0,0,0,0,0,0,0.00,0.00,0.00,0.00,0.0,0.0
2026-08-22T22:49:48+00:00,2026-08-22,daily,2,2026-08-28T17:30:00Z,426,B.Fernandes,MUN,MID,120,0,0,51.4,5029,17642,5029,17642,a,,,,,1,1,1,2.0,2,2,90,1,0,0,0,2,0,6,1,0,5,0.07,0.26,0.33,1.26,4.0,4.0
2026-08-22T22:49:48+00:00,2026-08-22,daily,2,2026-08-28T17:30:00Z,427,Mbeumo,MUN,MID,80,0,0,38.4,9369,17850,9369,17850,a,,,,,2,2,2,2.0,2,2,90,1,0,0,0,2,0,4,0,0,4,0.50,0.23,0.73,1.26,2.8,2.8
2026-08-22T22:49:48+00:00,2026-08-22,daily,2,2026-08-28T17:30:00Z,428,Cunha,MUN,MID,80,0,0,10.1,3954,9274,3954,9274,a,,,,,,,,2.0,2,2,79,1,0,0,0,2,0,3,0,0,3,0.24,0.21,0.45,1.26,2.8,2.8
2026-08-22T22:49:48+00:00,2026-08-22,daily,2,2026-08-28T17:30:00Z,429,Rashford,MUN,MID,70,0,0,1.6,2863,2890,2863,2890,a,,,,,,,,1.0,1,1,45,0,0,0,0,0,0,1,0,0,1,0.00,0.10,0.10,0.10,2.5,2.5
2026-08-22T22:49:48+00:00,2026-08-22,daily,2,2026-08-28T17:30:00Z,430,Mount,MUN,MID,55,0,0,0.0,8,151,8,151,d,Foot injury - 50% chance of playing,2026-08-15T16:00:07.879135Z,50,50,,3,,0.0,0,0,0,0,0,0,0,0,0,0,0,0,0,0.00,0.00,0.00,0.00,1.0,1.0
2026-08-22T22:49:48+00:00,2026-08-22,daily,2,2026-08-28T17:30:00Z,431,Amad,MUN,MID,60,0,0,1.6,1192,7840,1192,7840,d,Unspecified injury - 75% chance of playing,2026-08-22T11:00:08.617283Z,,75,,,4,0.0,0,0,0,0,0,0,0,0,0,0,0,0,0,0.00,0.00,0.00,0.00,2.1,1.6
2026-08-22T22:49:48+00:00,2026-08-22,daily,2,2026-08-28T17:30:00Z,432,Mainoo,MUN,MID,55,0,0,1.0,730,2164,730,2164,a,,,,,,,,1.0,1,1,23,0,0,0,0,0,0,1,0,0,1,0.07,0.01,0.08,0.08,2.0,2.0
2026-08-22T22:49:48+00:00,2026-08-22,daily,2,2026-08-28T17:30:00Z,433,Ugarte,MUN,MID,50,0,0,0.0,7,29,7,29,i,Knee injury - Unknown return date,2026-07-23T12:01:23.706702Z,0,0,,,,0.0,0,0,0,0,0,0,0,0,0,0,0,0,0,0.00,0.00,0.00,0.00,0.0,0.0
2026-08-22T22:49:48+00:00,2026-08-22,daily,2,2026-08-28T17:30:00Z,434,J.Fletcher,MUN,MID,50,0,0,0.0,16,21,16,21,a,,,,,,,,0.0,0,0,0,0,0,0,0,0,0,0,0,0,0,0.00,0.00,0.00,0.00,1.5,1.5
2026-08-22T22:49:48+00:00,2026-08-22,daily,2,2026-08-28T17:30:00Z,435,Lacey,MUN,MID,50,0,0,0.0,54,82,54,82,a,,,,,,,,1.0,1,1,10,0,0,0,0,0,0,1,0,0,1,0.00,0.00,0.00,0.00,1.5,1.5
2026-08-22T22:49:48+00:00,2026-08-22,daily,2,2026-08-28T17:30:00Z,436,Collyer,MUN,MID,50,0,0,0.0,17,45,17,45,a,,,,,,,,0.0,0,0,0,0,0,0,0,0,0,0,0,0,0,0.00,0.00,0.00,0.00,1.5,1.5
2026-08-22T22:49:48+00:00,2026-08-22,daily,2,2026-08-28T17:30:00Z,437,Bendito Mantato,MUN,MID,45,0,0,0.2,349,369,349,369,a,,,,,,,,0.0,0,0,0,0,0,0,0,0,0,0,0,0,0,0.00,0.00,0.00,0.00,1.0,1.0
2026-08-22T22:49:48+00:00,2026-08-22,daily,2,2026-08-28T17:30:00Z,438,Fletcher,MUN,MID,45,0,0,0.4,469,608,469,608,a,,,,,,,,0.0,0,0,0,0,0,0,0,0,0,0,0,0,0,0.00,0.00,0.00,0.00,1.0,1.0
2026-08-22T22:49:48+00:00,2026-08-22,daily,2,2026-08-28T17:30:00Z,439,Šeško,MUN,FWD,70,0,0,1.4,2285,2124,2285,2124,a,,2026-07-23T12:01:23.722029Z,75,100,,,,1.0,1,1,23,0,0,0,0,0,0,0,0,0,0,0.04,0.00,0.04,0.08,1.7,2.2
2026-08-22T22:49:48+00:00,2026-08-22,daily,2,2026-08-28T17:30:00Z,440,Zirkzee,MUN,FWD,55,0,0,0.6,717,1871,717,1871,a,,,,,,,,0.0,0,0,0,0,0,0,0,0,0,0,0,0,0,0.00,0.00,0.00,0.00,1.8,1.8
2026-08-22T22:49:48+00:00,2026-08-22,daily,2,2026-08-28T17:30:00Z,441,Obi,MUN,FWD,45,0,0,1.2,1104,1636,1104,1636,a,,,,,,,,0.0,0,0,0,0,0,0,0,0,0,0,0,0,0,0.00,0.00,0.00,0.00,1.0,1.0
2026-08-22T22:49:48+00:00,2026-08-22,daily,2,2026-08-28T17:30:00Z,442,Pope,NEW,GKP,50,0,0,1.4,446,737,446,737,a,,,,,,,,0.0,0,0,0,0,0,0,0,0,0,0,0,0,0,0.00,0.00,0.00,0.00,2.6,2.6
2026-08-22T22:49:48+00:00,2026-08-22,daily,2,2026-08-28T17:30:00Z,443,Gillespie,NEW,GKP,45,0,0,0.0,30,33,30,33,a,,,,,,,,0.0,0,0,0,0,0,0,0,0,0,0,0,0,0,0.00,0.00,0.00,0.00,1.9,1.9
2026-08-22T22:49:48+00:00,2026-08-22,daily,2,2026-08-28T17:30:00Z,444,Jaouen,NEW,GKP,45,0,0,0.0,24,32,24,32,a,,,,,,,,0.0,0,0,0,0,0,0,0,0,0,0,0,0,0,0.00,0.00,0.00,0.00,1.9,1.9
2026-08-22T22:49:48+00:00,2026-08-22,daily,2,2026-08-28T17:30:00Z,445,Thiaw,NEW,DEF,50,0,0,1.6,1213,821,1213,821,a,,,,,,,,0.0,0,0,0,0,0,0,0,0,0,0,0,0,0,0.00,0.00,0.00,0.00,2.2,2.2
2026-08-22T22:49:48+00:00,2026-08-22,daily,2,2026-08-28T17:30:00Z,446,Schär,NEW,DEF,50,0,0,0.3,404,118,404,118,a,,2026-08-15T16:30:07.209742Z,100,100,,2,,0.0,0,0,0,0,0,0,0,0,0,0,0,0,0,0.00,0.00,0.00,0.00,2.2,2.2
2026-08-22T22:49:48+00:00,2026-08-22,daily,2,2026-08-28T17:30:00Z,447,Botman,NEW,DEF,50,0,0,0.4,942,363,942,363,a,,,,,,,,0.0,0,0,0,0,0,0,0,0,0,0,0,0,0,0.00,0.00,0.00,0.00,2.2,2.2
2026-08-22T22:49:48+00:00,2026-08-22,daily,2,2026-08-28T17:30:00Z,448,Burn,NEW,DEF,50,0,0,2.5,4069,1612,4069,1612,a,,,,,,,,0.0,0,0,0,0,0,0,0,0,0,0,0,0,0,0.00,0.00,0.00,0.00,2.2,2.2
2026-08-22T22:49:48+00:00,2026-08-22,daily,2,2026-08-28T17:30:00Z,449,Hall,NEW,DEF,50,0,0,3.6,4957,1582,4957,1582,a,,,,,,1,1,0.0,0,0,0,0,0,0,0,0,0,0,0,0,0,0.00,0.00,0.00,0.00,2.2,2.2
2026-08-22T22:49:48+00:00,2026-08-22,daily,2,2026-08-28T17:30:00Z,450,Livramento,NEW,DEF,50,0,0,0.0,22,279,22,279,i,Calf injury - Unknown return date,2026-07-23T12:01:23.753221Z,0,0,,,,0.0,0,0,0,0,0,0,0,0,0,0,0,0,0,0.00,0.00,0.00,0.00,0.0,0.0
2026-08-22T22:49:48+00:00,2026-08-22,daily,2,2026-08-28T17:30:00Z,451,A.Murphy,NEW,DEF,40,0,0,0.1,0,1018,0,1018,u,Has joined FC Kaiserslautern on loan for the rest of the season,2026-08-12T14:05:29.224600Z,0,0,,,,0.0,0,0,0,0,0,0,0,0,0,0,0,0,0,0.00,0.00,0.00,0.00,0.0,0.0
2026-08-22T22:49:48+00:00,2026-08-22,daily,2,2026-08-28T17:30:00Z,453,Barnes,NEW,MID,60,0,0,1.1,1125,612,1125,612,a,,,,,,,,0.0,0,0,0,0,0,0,0,0,0,0,0,0,0,0.00,0.00,0.00,0.00,2.1,2.1
2026-08-22T22:49:48+00:00,2026-08-22,daily,2,2026-08-28T17:30:00Z,454,Elanga,NEW,MID,60,0,0,0.8,1072,687,1072,687,a,,,,,,,4,0.0,0,0,0,0,0,0,0,0,0,0,0,0,0,0.00,0.00,0.00,0.00,2.1,2.1
2026-08-22T22:49:48+00:00,2026-08-22,daily,2,2026-08-28T17:30:00Z,456,J.Ramsey,NEW,MID,50,0,0,0.4,365,318,365,318,a,,,,,,,,0.0,0,0,0,0,0,0,0,0,0,0,0,0,0,0.00,0.00,0.00,0.00,1.5,1.5
2026-08-22T22:49:48+00:00,2026-08-22,daily,2,2026-08-28T17:30:00Z,457,J.Murphy,NEW,MID,60,0,0,0.2,140,123,140,123,a,,,,,,,2,0.0,0,0,0,0,0,0,0,0,0,0,0,0,0,0.00,0.00,0.00,0.00,2.1,2.1
2026-08-22T22:49:48+00:00,2026-08-22,daily,2,2026-08-28T17:30:00Z,458,Joelinton,NEW,MID,55,0,0,0.0,7,209,7,209,i,Unspecified injury - Unknown return date,2026-08-16T08:00:08.074045Z,0,0,,,,0.0,0,0,0,0,0,0,0,0,0,0,0,0,0,0.00,0.00,0.00,0.00,0.0,0.0
2026-08-22T22:49:48+00:00,2026-08-22,daily,2,2026-08-28T17:30:00Z,459,L.Miley,NEW,MID,55,0,0,0.0,56,42,56,42,a,,2026-07-23T12:01:23.785456Z,100,100,,,3,0.0,0,0,0,0,0,0,0,0,0,0,0,0,0,0.00,0.00,0.00,0.00,2.0,2.0
2026-08-22T22:49:48+00:00,2026-08-22,daily,2,2026-08-28T17:30:00Z,460,Willock,NEW,MID,50,0,0,0.1,137,130,137,130,a,,,,,,,,0.0,0,0,0,0,0,0,0,0,0,0,0,0,0,0.00,0.00,0.00,0.00,1.5,1.5
2026-08-22T22:49:48+00:00,2026-08-22,daily,2,2026-08-28T17:30:00Z,461,Touré,NEW,MID,60,0,0,0.3,132,153,132,153,a,,,,,,,,0.0,0,0,0,0,0,0,0,0,0,0,0,0,0,0.00,0.00,0.00,0.00,2.1,2.1
2026-08-22T22:49:48+00:00,2026-08-22,daily,2,2026-08-28T17:30:00Z,462,Steur,NEW,MID,50,0,0,0.1,80,72,80,72,a,,,,,,,,0.0,0,0,0,0,0,0,0,0,0,0,0,0,0,0.00,0.00,0.00,0.00,1.5,1.5
2026-08-22T22:49:48+00:00,2026-08-22,daily,2,2026-08-28T17:30:00Z,463,Woltemade,NEW,FWD,60,0,0,1.8,1875,1583,1875,1583,a,,,,,1,,,0.0,0,0,0,0,0,0,0,0,0,0,0,0,0,0.00,0.00,0.00,0.00,2.0,2.0
2026-08-22T22:49:48+00:00,2026-08-22,daily,2,2026-08-28T17:30:00Z,464,Wissa,NEW,FWD,60,0,0,1.7,1518,1064,1518,1064,a,,,,,3,,,0.0,0,0,0,0,0,0,0,0,0,0,0,0,0,0.00,0.00,0.00,0.00,2.0,2.0
2026-08-22T22:49:48+00:00,2026-08-22,daily,2,2026-08-28T17:30:00Z,465,Osula,NEW,FWD,60,0,0,0.9,661,791,661,791,a,,,,,2,,,0.0,0,0,0,0,0,0,0,0,0,0,0,0,0,0.00,0.00,0.00,0.00,2.0,2.0
2026-08-22T22:49:48+00:00,2026-08-22,daily,2,2026-08-28T17:30:00Z,466,Neave,NEW,FWD,45,0,0,0.8,1096,878,1096,878,a,,,,,,,,0.0,0,0,0,0,0,0,0,0,0,0,0,0,0,0.00,0.00,0.00,0.00,1.0,1.0
2026-08-22T22:49:48+00:00,2026-08-22,daily,2,2026-08-28T17:30:00Z,559,Bamba,NEW,MID,50,0,0,0.1,155,147,155,147,a,,,,,,,,0.0,0,0,0,0,0,0,0,0,0,0,0,0,0,0.00,0.00,0.00,0.00,1.5,1.5
2026-08-22T22:49:48+00:00,2026-08-22,daily,2,2026-08-28T17:30:00Z,567,Horníček,NEW,GKP,50,0,0,0.7,191,449,191,449,a,,,,,,,,0.0,0,0,0,0,0,0,0,0,0,0,0,0,0,0.00,0.00,0.00,0.00,2.6,2.6
2026-08-22T22:49:48+00:00,2026-08-22,daily,2,2026-08-28T17:30:00Z,593,Dedić,NEW,DEF,45,0,0,0.3,507,128,507,128,a,,,,,,,,0.0,0,0,0,0,0,0,0,0,0,0,0,0,0,0.00,0.00,0.00,0.00,1.7,1.7
2026-08-22T22:49:48+00:00,2026-08-22,daily,2,2026-08-28T17:30:00Z,467,Sels,NFO,GKP,50,0,0,1.6,370,941,370,941,a,,,,,,,,2.0,2,2,90,1,0,0,0,1,2,0,0,0,9,0.00,0.00,0.00,0.47,2.6,2.6
2026-08-22T22:49:48+00:00,2026-08-22,daily,2,2026-08-28T17:30:00Z,468,John,NFO,GKP,45,0,0,0.1,37,50,37,50,a,,,,,,,,0.0,0,0,0,0,0,0,0,0,0,0,0,0,0,0.00,0.00,0.00,0.00,1.9,1.9
2026-08-22T22:49:48+00:00,2026-08-22,daily,2,2026-08-28T17:30:00Z,469,N.Williams,NFO,DEF,50,0,0,10.1,4236,5127,4236,5127,a,,,,,,2,1,2.0,2,2,90,1,0,0,0,1,0,6,3,3,10,0.00,0.02,0.02,0.47,2.2,2.2
2026-08-22T22:49:48+00:00,2026-08-22,daily,2,2026-08-28T17:30:00Z,470,Morato,NFO,DEF,50,0,0,0.1,76,69,76,69,a,,,,,,,,0.0,0,0,0,0,0,0,0,0,0,0,0,0,0,0.00,0.00,0.00,0.00,2.2,2.2
2026-08-22T22:49:48+00:00,2026-08-22,daily,2,2026-08-28T17:30:00Z,471,Milenković,NFO,DEF,55,0,0,2.0,602,1419,602,1419,a,,,,,,,,2.0,2,2,90,1,0,0,0,1,0,7,7,0,6,0.11,0.02,0.13,0.47,2.5,2.5
2026-08-22T22:49:48+00:00,2026-08-22,daily,2,2026-08-28T17:30:00Z,472,Murillo,NFO,DEF,55,0,0,1.6,1737,1105,1737,1105,a,,2026-07-23T12:01:23.801183Z,100,100,,3,,4.0,4,4,90,1,0,0,0,1,0,14,12,2,3,0.00,0.28,0.28,0.47,2.5,2.5
2026-08-22T22:49:48+00:00,2026-08-22,daily,2,2026-08-28T17:30:00Z,473,Aina,NFO,DEF,45,0,0,3.6,2898,2006,2898,2006,a,,,,,,,,5.0,5,5,73,1,0,0,1,0,0,2,2,0,4,0.04,0.17,0.21,0.34,1.7,1.7
2026-08-22T22:49:48+00:00,2026-08-22,daily,2,2026-08-28T17:30:00Z,474,Jair Cunha,NFO,DEF,45,0,0,0.2,67,154,67,154,a,,,,,,,,1.0,1,1,90,1,0,0,0,1,0,8,7,1,0,0.00,0.00,0.00,0.47,1.7,1.7
2026-08-22T22:49:48+00:00,2026-08-22,daily,2,2026-08-28T17:30:00Z,475,Savona,NFO,DEF,45,0,0,0.0,8,8,8,8,i,Knee injury - Unknown return date,2026-07-23T12:01:23.816304Z,0,0,,,,0.0,0,0,0,0,0,0,0,0,0,0,0,0,0,0.00,0.00,0.00,0.00,0.0,0.0
2026-08-22T22:49:48+00:00,2026-08-22,daily,2,2026-08-28T17:30:00Z,476,O.Richards,NFO,DEF,40,0,0,0.3,159,212,159,212,a,,,,,,,,0.0,0,0,0,0,0,0,0,0,0,0,0,0,0,0.00,0.00,0.00,0.00,1.0,1.0
2026-08-22T22:49:48+00:00,2026-08-22,daily,2,2026-08-28T17:30:00Z,477,Abbott,NFO,DEF,40,0,0,0.3,228,249,228,249,a,,,,,,,,0.0,0,0,0,0,0,0,0,0,0,0,0,0,0,0.00,0.00,0.00,0.00,1.0,1.0
2026-08-22T22:49:48+00:00,2026-08-22,daily,2,2026-08-28T17:30:00Z,478,Netz,NFO,DEF,45,0,0,0.0,34,27,34,27,a,,,,,,,,1.0,1,1,16,0,0,0,0,1,0,0,0,0,1,0.00,0.00,0.00,0.13,1.7,1.7
2026-08-22T22:49:48+00:00,2026-08-22,daily,2,2026-08-28T17:30:00Z,479,Bindon,NFO,DEF,40,0,0,0.2,96,131,96,131,a,,,,,,,,0.0,0,0,0,0,0,0,0,0,0,0,0,0,0,0.00,0.00,0.00,0.00,1.0,1.0
2026-08-22T22:49:48+00:00,2026-08-22,daily,2,2026-08-28T17:30:00Z,480,Gibbs-White,NFO,MID,80,0,0,11.6,2884,10620,2884,10620,a,,,,,2,1,,2.0,2,2,90,1,0,0,0,1,0,3,1,0,2,0.13,0.06,0.19,0.47,2.8,2.8
2026-08-22T22:49:48+00:00,2026-08-22,daily,2,2026-08-28T17:30:00Z,482,Hudson-Odoi,NFO,MID,60,0,0,0.3,206,447,206,447,a,,2026-07-23T12:01:23.832709Z,100,100,,4,,0.0,0,0,0,0,0,0,0,0,0,0,0,0,0,0.00,0.00,0.00,0.00,2.1,2.1
2026-08-22T22:49:48+00:00,2026-08-22,daily,2,2026-08-28T17:30:00Z,483,Ndoye,NFO,MID,55,0,0,0.4,141,478,141,478,a,,,,,,,,3.0,3,3,61,1,0,0,1,0,0,3,1,1,1,0.00,0.00,0.00,0.25,2.0,2.0
2026-08-22T22:49:48+00:00,2026-08-22,daily,2,2026-08-28T17:30:00Z,484,Hutchinson,NFO,MID,55,0,0,0.2,46,214,46,214,a,,,,,,,4,0.0,0,0,0,0,0,0,0,0,0,0,0,0,0,0.00,0.00,0.00,0.00,2.0,2.0
2026-08-22T22:49:48+00:00,2026-08-22,daily,2,2026-08-28T17:30:00Z,485,Bakwa,NFO,MID,55,0,0,0.0,28,44,28,44,a,,,,,,,,0.0,0,0,0,0,0,0,0,0,0,0,0,0,0,0.00,0.00,0.00,0.00,2.0,2.0
2026-08-22T22:49:48+00:00,2026-08-22,daily,2,2026-08-28T17:30:00Z,486,McAtee,NFO,MID,55,0,0,0.0,83,47,83,47,a,,,,,,,3,3.0,3,3,73,1,0,0,1,0,0,8,2,1,5,0.00,0.16,0.16,0.34,2.0,2.0
2026-08-22T22:49:48+00:00,2026-08-22,daily,2,2026-08-28T17:30:00Z,487,Dominguez,NFO,MID,50,0,0,0.1,52,118,52,118,a,,,,,,,,0.0,0,0,0,0,0,0,0,0,0,0,0,0,0,0.00,0.00,0.00,0.00,1.5,1.5
2026-08-22T22:49:48+00:00,2026-08-22,daily,2,2026-08-28T17:30:00Z,488,I.Sangaré,NFO,MID,50,0,0,1.1,460,1073,460,1073,a,,,,,,,,2.0,2,2,90,1,0,0,0,1,0,6,3,0,3,0.03,0.01,0.04,0.47,1.5,1.5
2026-08-22T22:49:48+00:00,2026-08-22,daily,2,2026-08-28T17:30:00Z,489,Yates,NFO,MID,45,0,0,1.8,185,8510,185,8510,i,Unspecified injury - Unknown return date,2026-08-17T20:30:08.195072Z,0,0,,,,0.0,0,0,0,0,0,0,0,0,0,0,0,0,0,0.00,0.00,0.00,0.00,0.0,0.0
2026-08-22T22:49:48+00:00,2026-08-22,daily,2,2026-08-28T17:30:00Z,490,Wood,NFO,FWD,60,0,0,1.8,1075,2433,1075,2433,a,,,,,1,,,1.0,1,1,28,0,0,0,0,1,0,1,0,0,1,0.12,0.01,0.13,0.22,2.0,2.0
2026-08-22T22:49:48+00:00,2026-08-22,daily,2,2026-08-28T17:30:00Z,491,Igor Jesus,NFO,FWD,60,0,0,4.3,1783,3608,1783,3608,a,,,,,3,,,2.0,2,2,90,1,0,0,0,1,0,3,2,0,1,0.22,0.02,0.24,0.47,2.0,2.0
2026-08-22T22:49:48+00:00,2026-08-22,daily,2,2026-08-28T17:30:00Z,493,Kalimuendo,NFO,FWD,55,0,0,0.1,64,80,64,80,a,,,,,,,,1.0,1,1,1,0,0,0,0,0,0,0,0,0,0,0.00,0.00,0.00,0.00,1.8,1.8
2026-08-22T22:49:48+00:00,2026-08-22,daily,2,2026-08-28T17:30:00Z,558,Schlager,NFO,MID,50,0,0,0.1,37,119,37,119,a,,,,,,,2,1.0,1,1,16,0,0,0,0,1,0,1,0,0,1,0.00,0.00,0.00,0.13,1.5,1.5
2026-08-22T22:49:48+00:00,2026-08-22,daily,2,2026-08-28T17:30:00Z,581,Diomande,NFO,DEF,55,0,0,0.8,1141,1294,1141,1294,a,,,,,,,,0.0,0,0,0,0,0,0,0,0,0,0,0,0,0,0.00,0.00,0.00,0.00,2.5,2.5
2026-08-22T22:49:48+00:00,2026-08-22,daily,2,2026-08-28T17:30:00Z,590,Benda,NFO,GKP,45,0,0,0.1,158,64,158,64,a,,,,,,,,0.0,0,0,0,0,0,0,0,0,0,0,0,0,0,0.00,0.00,0.00,0.00,1.9,1.9
2026-08-22T22:49:48+00:00,2026-08-22,daily,2,2026-08-28T17:30:00Z,112,Van Hecke,TOT,DEF,50,0,0,10.7,16098,8150,16098,8150,a,,,,,,,,1.0,1,1,90,1,0,0,0,3,0,6,4,2,4,0.00,0.03,0.03,3.96,2.2,2.2
2026-08-22T22:49:48+00:00,2026-08-22,daily,2,2026-08-28T17:30:00Z,455,Tonali,TOT,MID,55,0,0,4.3,3558,4264,3558,4264,a,,,,,,5,2,2.0,2,2,90,1,0,0,0,3,0,4,0,1,3,0.05,0.07,0.12,3.96,2.0,2.0
2026-08-22T22:49:48+00:00,2026-08-22,daily,2,2026-08-28T17:30:00Z,494,Vicario,TOT,GKP,45,0,0,0.3,0,3755,0,3755,u,Has joined Juventus on loan for the rest of the season,2026-08-19T13:55:33.193962Z,0,0,,,,0.0,0,0,0,0,0,0,0,0,0,0,0,0,0,0.00,0.00,0.00,0.00,0.0,0.0
2026-08-22T22:49:48+00:00,2026-08-22,daily,2,2026-08-28T17:30:00Z,495,Austin,TOT,GKP,40,0,0,0.9,505,369,505,369,a,,,,,,,,0.0,0,0,0,0,0,0,0,0,0,0,0,0,0,0.00,0.00,0.00,0.00,1.0,1.0
2026-08-22T22:49:48+00:00,2026-08-22,daily,2,2026-08-28T17:30:00Z,496,Kinsky,TOT,GKP,45,0,0,24.2,5804,7051,5804,7051,a,,,,,,,,2.0,2,2,90,1,0,0,0,3,5,0,4,0,12,0.00,0.00,0.00,3.96,1.9,1.9
2026-08-22T22:49:48+00:00,2026-08-22,daily,2,2026-08-28T17:30:00Z,497,Dubravka,TOT,GKP,40,0,0,19.6,4168,4443,4168,4443,a,,,,,,,,0.0,0,0,0,0,0,0,0,0,0,0,0,0,0,0.00,0.00,0.00,0.00,1.0,1.0
2026-08-22T22:49:48+00:00,2026-08-22,daily,2,2026-08-28T17:30:00Z,498,Senesi,TOT,DEF,60,0,0,8.2,3999,6074,3999,6074,a,,,,,,,,3.0,3,3,90,1,0,0,0,3,0,15,10,5,2,0.00,0.02,0.02,3.96,2.8,2.8
2026-08-22T22:49:48+00:00,2026-08-22,daily,2,2026-08-28T17:30:00Z,499,Pedro Porro,TOT,DEF,55,0,0,16.2,1276,97673,1276,97673,i,Lack of match fitness - Expected back 29 Aug,2026-08-21T15:22:48.149081Z,0,0,,1,1,0.0,0,0,0,0,0,0,0,0,0,0,0,0,0,0.00,0.00,0.00,0.00,0.0,0.0
2026-08-22T22:49:48+00:00,2026-08-22,daily,2,2026-08-28T17:30:00Z,500,Romero,TOT,DEF,50,0,0,0.2,0,3865,0,3865,u,Has joined Atletico Madrid permanently,2026-08-17T13:49:05.465401Z,0,0,,,,0.0,0,0,0,0,0,0,0,0,0,0,0,0,0,0.00,0.00,0.00,0.00,0.0,0.0
2026-08-22T22:49:48+00:00,2026-08-22,daily,2,2026-08-28T17:30:00Z,501,Danso,TOT,DEF,50,0,0,0.2,440,284,440,284,a,,,,,,,,0.0,0,0,0,0,0,0,0,0,0,0,0,0,0,0.00,0.00,0.00,0.00,2.2,2.2
2026-08-22T22:49:48+00:00,2026-08-22,daily,2,2026-08-28T17:30:00Z,502,Robertson,TOT,DEF,45,0,0,4.0,5316,1850,5316,1850,a,,,,,,,3,3.0,3,3,90,1,0,0,0,3,0,11,9,2,3,0.00,0.06,0.06,3.96,1.7,1.7
2026-08-22T22:49:48+00:00,2026-08-22,daily,2,2026-08-28T17:30:00Z,503,Van de Ven,TOT,DEF,50,0,0,5.2,764,39883,764,39883,i,Unspecified injury - Expected back 29 Aug,2026-08-21T15:00:07.610517Z,0,0,,,,0.0,0,0,0,0,0,0,0,0,0,0,0,0,0,0.00,0.00,0.00,0.00,0.0,0.0
2026-08-22T22:49:48+00:00,2026-08-22,daily,2,2026-08-28T17:30:00Z,505,Spence,TOT,DEF,45,0,0,0.8,0,18151,0,18151,u,Has joined Internazionale permanently,2026-08-18T14:13:08.454214Z,0,0,,,,0.0,0,0,0,0,0,0,0,0,0,0,0,0,0,0.00,0.00,0.00,0.00,0.0,0.0
2026-08-22T22:49:48+00:00,2026-08-22,daily,2,2026-08-28T17:30:00Z,506,Udogie,TOT,DEF,45,0,0,0.5,655,513,655,513,a,,,,,,,,1.0,1,1,4,0,0,0,0,0,0,0,0,0,2,0.00,0.02,0.02,0.35,1.7,1.7
2026-08-22T22:49:48+00:00,2026-08-22,daily,2,2026-08-28T17:30:00Z,507,Phillips,TOT,DEF,45,0,0,0.0,0,181,0,181,u,Has joined Middlesbrough permanently,2026-08-18T14:13:08.474144Z,0,0,,,,0.0,0,0,0,0,0,0,0,0,0,0,0,0,0,0.00,0.00,0.00,0.00,0.0,0.0
2026-08-22T22:49:48+00:00,2026-08-22,daily,2,2026-08-28T17:30:00Z,508,Davies,TOT,DEF,40,0,0,1.1,985,829,985,829,a,,,,,,,,0.0,0,0,0,0,0,0,0,0,0,0,0,0,0,0.00,0.00,0.00,0.00,1.0,1.0
2026-08-22T22:49:48+00:00,2026-08-22,daily,2,2026-08-28T17:30:00Z,509,Byfield,TOT,DEF,40,0,0,0.1,108,78,108,78,a,,,,,,,,0.0,0,0,0,0,0,0,0,0,0,0,0,0,0,0.00,0.00,0.00,0.00,1.0,1.0
2026-08-22T22:49:48+00:00,2026-08-22,daily,2,2026-08-28T17:30:00Z,510,Rowswell,TOT,DEF,40,0,0,0.1,83,83,83,83,a,,,,,,,,0.0,0,0,0,0,0,0,0,0,0,0,0,0,0,0.00,0.00,0.00,0.00,1.0,1.0
2026-08-22T22:49:48+00:00,2026-08-22,daily,2,2026-08-28T17:30:00Z,511,Souza,TOT,DEF,40,0,0,0.3,321,303,321,303,a,,,,,,,,0.0,0,0,0,0,0,0,0,0,0,0,0,0,0,0.00,0.00,0.00,0.00,1.0,1.0
2026-08-22T22:49:48+00:00,2026-08-22,daily,2,2026-08-28T17:30:00Z,512,Kudus,TOT,MID,65,0,0,0.1,56,478,56,478,d,Thigh injury - 25% chance of playing,2026-07-23T12:01:23.848657Z,25,25,2,3,5,0.0,0,0,0,0,0,0,0,0,0,0,0,0,0,0.00,0.00,0.00,0.00,0.6,0.6
2026-08-22T22:49:48+00:00,2026-08-22,daily,2,2026-08-28T17:30:00Z,513,Xavi,TOT,MID,60,0,0,0.0,29,89,29,89,i,Knee injury - Unknown return date,2026-07-23T12:01:23.864304Z,0,0,3,2,6,0.0,0,0,0,0,0,0,0,0,0,0,0,0,0,0.00,0.00,0.00,0.00,0.0,0.0
2026-08-22T22:49:48+00:00,2026-08-22,daily,2,2026-08-28T17:30:00Z,514,Tel,TOT,MID,60,0,0,0.6,460,634,460,634,a,,,,,,4,4,2.0,2,2,90,1,0,0,0,3,0,9,2,0,7,0.06,0.05,0.11,3.96,2.1,2.1
2026-08-22T22:49:48+00:00,2026-08-22,daily,2,2026-08-28T17:30:00Z,515,Maddison,TOT,MID,65,0,0,1.4,1173,1905,1173,1905,a,,,,,,,,1.0,1,1,22,0,0,0,0,0,0,2,1,0,1,0.00,0.02,0.02,0.77,2.3,2.3
2026-08-22T22:49:48+00:00,2026-08-22,daily,2,2026-08-28T17:30:00Z,516,Bentancur,TOT,MID,55,0,0,0.2,118,223,118,223,a,,,,,,,,1.0,1,1,45,0,0,0,0,1,0,6,1,3,2,0.00,0.01,0.01,2.48,2.0,2.0
2026-08-22T22:49:48+00:00,2026-08-22,daily,2,2026-08-28T17:30:00Z,517,Odobert,TOT,MID,55,0,0,0.0,2,6,2,6,i,Knee injury - Unknown return date,2026-07-23T12:01:23.879434Z,0,0,,,,0.0,0,0,0,0,0,0,0,0,0,0,0,0,0,0.00,0.00,0.00,0.00,0.0,0.0
2026-08-22T22:49:48+00:00,2026-08-22,daily,2,2026-08-28T17:30:00Z,518,P.M.Sarr,TOT,MID,50,0,0,0.2,10,2348,10,2348,i,Hamstring injury - Unknown return date,2026-08-21T14:30:08.419690Z,0,0,,,,0.0,0,0,0,0,0,0,0,0,0,0,0,0,0,0.00,0.00,0.00,0.00,0.0,0.0
2026-08-22T22:49:48+00:00,2026-08-22,daily,2,2026-08-28T17:30:00Z,519,Gallagher,TOT,MID,55,0,0,0.3,289,424,289,424,a,,,,,,,,0.0,0,0,45,1,0,0,0,2,0,3,0,1,2,0.02,0.06,0.08,1.48,2.0,2.0
2026-08-22T22:49:48+00:00,2026-08-22,daily,2,2026-08-28T17:30:00Z,520,Bergvall,TOT,MID,55,0,0,0.2,185,236,185,236,a,,,,,,,,1.0,1,1,45,1,0,0,0,2,0,8,0,1,7,0.00,0.01,0.01,1.48,2.0,2.0
2026-08-22T22:49:48+00:00,2026-08-22,daily,2,2026-08-28T17:30:00Z,521,Kulusevski,TOT,MID,65,0,0,0.0,22,42,22,42,i,Knee injury - Unknown return date,2026-07-23T12:01:23.895175Z,0,0,,,,0.0,0,0,0,0,0,0,0,0,0,0,0,0,0,0.00,0.00,0.00,0.00,0.0,0.0
2026-08-22T22:49:48+00:00,2026-08-22,daily,2,2026-08-28T17:30:00Z,522,Gray,TOT,MID,50,0,0,0.2,358,298,358,298,a,,,,,,,,2.0,2,2,85,1,0,0,0,3,0,6,3,1,2,0.00,0.01,0.01,3.61,1.5,1.5
2026-08-22T22:49:48+00:00,2026-08-22,daily,2,2026-08-28T17:30:00Z,523,Moore,TOT,MID,50,0,0,0.2,192,236,192,236,a,,,,,,,,2.0,2,2,67,1,0,0,0,3,0,2,0,1,1,0.27,0.02,0.29,3.19,1.5,1.5
2026-08-22T22:49:48+00:00,2026-08-22,daily,2,2026-08-28T17:30:00Z,524,Olusesi,TOT,MID,45,0,0,0.9,1127,1137,1127,1137,a,,,,,,,,0.0,0,0,0,0,0,0,0,0,0,0,0,0,0,0.00,0.00,0.00,0.00,1.0,1.0
2026-08-22T22:49:48+00:00,2026-08-22,daily,2,2026-08-28T17:30:00Z,525,Fernandes,TOT,MID,60,0,0,2.0,1167,2914,1167,2914,a,,,,,,,,1.0,1,1,45,0,0,0,0,1,0,2,0,1,1,0.00,0.04,0.04,2.48,2.1,2.1
2026-08-22T22:49:48+00:00,2026-08-22,daily,2,2026-08-28T17:30:00Z,526,Solanke,TOT,FWD,60,0,0,1.5,1290,1856,1290,1856,a,,,,,1,,,1.0,1,1,22,0,0,0,0,0,0,0,0,0,0,0.07,0.00,0.07,0.77,2.0,2.0
2026-08-22T22:49:48+00:00,2026-08-22,daily,2,2026-08-28T17:30:00Z,527,Richarlison,TOT,FWD,60,0,0,3.2,3086,2744,3086,2744,a,,,,,4,,,2.0,2,2,67,1,0,0,0,3,0,1,1,0,0,0.00,0.00,0.00,3.19,2.0,2.0
2026-08-22T22:49:48+00:00,2026-08-22,daily,2,2026-08-28T17:30:00Z,528,Scarlett,TOT,FWD,45,0,0,1.8,2371,1787,2371,1787,a,,,,,,,,0.0,0,0,0,0,0,0,0,0,0,0,0,0,0,0.00,0.00,0.00,0.00,1.0,1.0
2026-08-22T22:49:48+00:00,2026-08-22,daily,2,2026-08-28T17:30:00Z,601,Williams-Barnett,TOT,MID,45,0,0,0.0,34,3,34,3,a,,,,,,,,0.0,0,0,0,0,0,0,0,0,0,0,0,0,0,0.00,0.00,0.00,0.00,1.0,1.0
2026-08-22T22:49:48+00:00,2026-08-22,daily,2,2026-08-28T17:30:00Z,529,Roefs,SUN,GKP,50,0,0,4.4,790,2693,790,2693,a,,,,,,,,1.0,1,1,90,1,0,0,0,2,1,0,1,0,8,0.00,0.00,0.00,1.80,2.6,2.6
2026-08-22T22:49:48+00:00,2026-08-22,daily,2,2026-08-28T17:30:00Z,530,Patterson,SUN,GKP,40,0,0,0.2,0,597,0,597,u,Has joined Wrexham permanently,2026-08-12T14:08:03.064533Z,0,0,,,,0.0,0,0,0,0,0,0,0,0,0,0,0,0,0,0.00,0.00,0.00,0.00,0.0,0.0
2026-08-22T22:49:48+00:00,2026-08-22,daily,2,2026-08-28T17:30:00Z,531,Ellborg,SUN,GKP,45,0,0,0.1,46,86,46,86,a,,,,,,,,0.0,0,0,0,0,0,0,0,0,0,0,0,0,0,0.00,0.00,0.00,0.00,1.9,1.9
2026-08-22T22:49:48+00:00,2026-08-22,daily,2,2026-08-28T17:30:00Z,532,Ballard,SUN,DEF,50,0,0,5.7,2718,3897,2718,3897,a,,,,,,,,0.0,0,0,90,1,0,0,0,2,0,9,7,2,0,0.00,0.01,0.01,1.80,2.2,2.2
2026-08-22T22:49:48+00:00,2026-08-22,daily,2,2026-08-28T17:30:00Z,533,Mukiele,SUN,DEF,55,0,0,2.9,1267,3453,1267,3453,a,,2026-08-09T08:30:05.954750Z,100,100,,,,0.0,0,0,0,0,0,0,0,0,0,0,0,0,0,0.00,0.00,0.00,0.00,2.5,2.5
2026-08-22T22:49:48+00:00,2026-08-22,daily,2,2026-08-28T17:30:00Z,534,Hume,SUN,DEF,45,0,0,7.0,3138,3016,3138,3016,a,,,,,,,3,2.0,2,2,79,1,0,0,0,1,0,4,1,3,6,0.04,0.27,0.31,1.69,1.7,1.7
2026-08-22T22:49:48+00:00,2026-08-22,daily,2,2026-08-28T17:30:00Z,535,Alderete,SUN,DEF,50,0,0,0.5,655,512,655,512,a,,2026-08-09T08:30:05.962393Z,100,100,,,,1.0,1,1,23,0,0,0,0,1,0,0,0,0,2,0.00,0.01,0.01,0.10,2.2,2.2
2026-08-22T22:49:48+00:00,2026-08-22,daily,2,2026-08-28T17:30:00Z,536,Reinildo,SUN,DEF,45,0,0,0.5,181,254,181,254,a,,,,,,,,1.0,1,1,90,1,0,0,0,2,0,8,5,3,5,0.00,0.29,0.29,1.80,1.7,1.7
2026-08-22T22:49:48+00:00,2026-08-22,daily,2,2026-08-28T17:30:00Z,537,Seelt,SUN,DEF,45,0,0,0.0,14,13,14,13,a,,,,,,,,0.0,0,0,0,0,0,0,0,0,0,0,0,0,0,0.00,0.00,0.00,0.00,1.7,1.7
2026-08-22T22:49:48+00:00,2026-08-22,daily,2,2026-08-28T17:30:00Z,538,Hjelde,SUN,DEF,40,0,0,0.1,0,248,0,248,u,Has joined KV Mechelen on loan for the rest of the season,2026-08-12T14:08:03.081789Z,0,0,,,,0.0,0,0,0,0,0,0,0,0,0,0,0,0,0,0.00,0.00,0.00,0.00,0.0,0.0
2026-08-22T22:49:48+00:00,2026-08-22,daily,2,2026-08-28T17:30:00Z,539,O'Nien,SUN,DEF,40,0,0,3.7,1069,1494,1069,1494,a,,,,,,,,1.0,1,1,66,1,0,0,0,1,0,5,4,1,4,0.01,0.01,0.02,1.69,1.0,1.0
2026-08-22T22:49:48+00:00,2026-08-22,daily,2,2026-08-28T17:30:00Z,540,Masuaku,SUN,DEF,40,0,0,0.3,0,1234,0,1234,u,Has joined Konyaspor permanently,2026-08-12T14:08:03.097784Z,0,0,,,,0.0,0,0,0,0,0,0,0,0,0,0,0,0,0,0.00,0.00,0.00,0.00,0.0,0.0
2026-08-22T22:49:48+00:00,2026-08-22,daily,2,2026-08-28T17:30:00Z,541,Meunier,SUN,DEF,45,0,0,0.3,219,162,219,162,a,,2026-08-16T08:30:07.830062Z,100,100,,,,1.0,1,1,90,1,0,0,0,2,0,4,2,2,3,0.08,0.08,0.16,1.80,1.7,1.7
2026-08-22T22:49:48+00:00,2026-08-22,daily,2,2026-08-28T17:30:00Z,542,E.Le Fée,SUN,MID,60,0,0,10.2,2391,9584,2391,9584,a,,,,,2,2,1,2.0,2,2,79,1,0,0,0,1,0,2,0,1,1,0.00,0.03,0.03,1.69,2.1,2.1
2026-08-22T22:49:48+00:00,2026-08-22,daily,2,2026-08-28T17:30:00Z,543,Diarra,SUN,MID,55,0,0,0.1,47,103,47,103,a,,,,,1,,,1.0,1,1,10,0,0,0,0,1,0,0,0,0,0,0.03,0.00,0.03,0.10,2.0,2.0
2026-08-22T22:49:48+00:00,2026-08-22,daily,2,2026-08-28T17:30:00Z,544,Xhaka,SUN,MID,55,0,0,4.4,3803,1822,3803,1822,a,,,,,,1,2,9.0,9,9,90,1,0,1,0,2,0,13,2,3,8,0.00,0.09,0.09,1.80,2.0,2.0
2026-08-22T22:49:48+00:00,2026-08-22,daily,2,2026-08-28T17:30:00Z,545,Sadiki,SUN,MID,50,0,0,0.4,236,322,236,322,a,,,,,,,,2.0,2,2,90,1,0,0,0,2,0,2,0,0,2,0.06,0.03,0.09,1.80,1.5,1.5
2026-08-22T22:49:48+00:00,2026-08-22,daily,2,2026-08-28T17:30:00Z,546,Adingra,SUN,MID,50,0,0,0.1,7,792,7,792,i,Ankle injury - Unknown return date,2026-08-20T14:00:08.416985Z,0,0,,,,0.0,0,0,0,0,0,0,0,0,0,0,0,0,0,0.00,0.00,0.00,0.00,0.0,0.0
2026-08-22T22:49:48+00:00,2026-08-22,daily,2,2026-08-28T17:30:00Z,547,Mundle,SUN,MID,50,0,0,0.0,12,22,12,22,a,,,,,,,,0.0,0,0,0,0,0,0,0,0,0,0,0,0,0,0.00,0.00,0.00,0.00,1.5,1.5
2026-08-22T22:49:48+00:00,2026-08-22,daily,2,2026-08-28T17:30:00Z,548,Rigg,SUN,MID,50,0,0,0.1,24,56,24,56,a,,,,,,,,1.0,1,1,10,0,0,0,0,1,0,1,0,0,1,0.00,0.00,0.00,0.10,1.5,1.5
2026-08-22T22:49:48+00:00,2026-08-22,daily,2,2026-08-28T17:30:00Z,549,Talbi,SUN,MID,55,0,0,0.2,78,291,78,291,a,,,,,,,,1.0,1,1,31,0,0,0,0,1,0,2,0,0,2,0.00,0.00,0.00,0.14,2.0,2.0
2026-08-22T22:49:48+00:00,2026-08-22,daily,2,2026-08-28T17:30:00Z,550,Jocelin.T,SUN,MID,50,0,0,0.0,8,16,8,16,a,,,,,,,,0.0,0,0,0,0,0,0,0,0,0,0,0,0,0,0.00,0.00,0.00,0.00,1.5,1.5
2026-08-22T22:49:48+00:00,2026-08-22,daily,2,2026-08-28T17:30:00Z,551,Angulo,SUN,MID,50,0,0,0.1,851,119,851,119,a,,,,,,3,,5.0,5,5,58,1,1,0,0,1,0,7,1,1,5,0.15,0.01,0.16,1.66,1.5,1.5
2026-08-22T22:49:48+00:00,2026-08-22,daily,2,2026-08-28T17:30:00Z,552,Brobbey,SUN,FWD,60,0,0,14.1,5722,7763,5722,7763,a,,,,,,,,2.0,2,2,66,1,0,0,0,1,0,0,0,0,0,0.30,0.00,0.30,1.69,2.0,2.0
2026-08-22T22:49:48+00:00,2026-08-22,daily,2,2026-08-28T17:30:00Z,553,Isidor,SUN,FWD,55,0,0,1.0,481,1227,481,1227,a,,,,,,,,1.0,1,1,23,0,0,0,0,1,0,0,0,0,0,0.00,0.00,0.00,0.10,1.8,1.8
