snapshot_utc,snapshot_date,snapshot_kind,event,deadline_time,id,web_name,team,position,now_cost,cost_change_event,cost_change_start,selected_by_percent,transfers_in_event,transfers_out_event,transfers_in,transfers_out,status,news,news_added,chance_of_playing_this_round,chance_of_playing_next_round,penalties_order,direct_freekicks_order,corners_and_indirect_freekicks_order,form,event_points,total_points,minutes,starts,goals_scored,assists,clean_sheets,goals_conceded,saves,defensive_contribution,clearances_blocks_interceptions,tackles,recoveries,expected_goals,expected_assists,expected_goal_involvements,expected_goals_conceded,ep_this,ep_next
2026-09-07T00:13:54+00:00,2026-09-06,daily,4,2026-09-12T12:30:00Z,1,Raya,ARS,GKP,60,0,0,38.7,71140,52155,382822,362861,a,,,,,,,,5.0,3,15,270,3,0,0,2,1,5,0,4,0,30,0.00,0.01,0.01,0.92,5.0,5.0
2026-09-07T00:13:54+00:00,2026-09-06,daily,4,2026-09-12T12:30:00Z,2,Arrizabalaga,ARS,GKP,49,-1,-1,0.1,150,309,1071,2912,a,,,,,,,,0.0,0,0,0,0,0,0,0,0,0,0,0,0,0,0.00,0.00,0.00,0.00,0.0,0.0
2026-09-07T00:13:54+00:00,2026-09-06,daily,4,2026-09-12T12:30:00Z,3,Meslier,ARS,GKP,49,-1,-1,0.0,56,131,329,1082,a,,,,,,,,0.0,0,0,0,0,0,0,0,0,0,0,0,0,0,0.00,0.00,0.00,0.00,0.0,0.0
2026-09-07T00:13:54+00:00,2026-09-06,daily,4,2026-09-12T12:30:00Z,4,Gabriel,ARS,DEF,80,0,0,25.2,17070,74320,122718,544070,a,,,,,,,,5.0,2,15,270,3,0,0,2,1,0,21,19,2,11,0.49,0.05,0.54,0.92,5.0,5.0
2026-09-07T00:13:54+00:00,2026-09-06,daily,4,2026-09-12T12:30:00Z,5,J.Timber,ARS,DEF,65,0,0,0.1,291,554,1241,6099,d,Groin injury - 25% chance of playing,2026-07-23T12:01:23.272929Z,25,25,,,,0.0,0,0,0,0,0,0,0,0,0,0,0,0,0,0.00,0.00,0.00,0.00,0.0,0.0
2026-09-07T00:13:54+00:00,2026-09-06,daily,4,2026-09-12T12:30:00Z,6,Saliba,ARS,DEF,60,0,0,0.2,381,1494,2329,13792,i,Back injury - Unknown return date,2026-07-23T12:01:23.289376Z,0,0,,,,0.0,0,0,0,0,0,0,0,0,0,0,0,0,0,0.00,0.00,0.00,0.00,0.0,0.0
2026-09-07T00:13:54+00:00,2026-09-06,daily,4,2026-09-12T12:30:00Z,7,Lewis-Skelly,ARS,MID,55,0,0,0.7,2836,3257,21378,25798,a,,,,,,,,2.7,2,8,226,3,0,0,2,1,0,14,5,1,8,0.16,0.23,0.39,0.79,2.7,2.7
2026-09-07T00:13:54+00:00,2026-09-06,daily,4,2026-09-12T12:30:00Z,8,Calafiori,ARS,DEF,57,0,2,46.8,152527,24146,978111,184335,a,,,,,,,,7.3,2,22,236,3,0,2,2,1,0,9,6,3,6,0.54,0.58,1.12,0.65,7.3,7.3
2026-09-07T00:13:54+00:00,2026-09-06,daily,4,2026-09-12T12:30:00Z,9,Hincapie,ARS,DEF,53,-1,-2,1.1,1538,6933,9873,83620,a,,,,,,,,0.7,1,2,32,0,0,0,0,0,0,3,2,1,0,0.00,0.00,0.00,0.28,0.7,0.7
2026-09-07T00:13:54+00:00,2026-09-06,daily,4,2026-09-12T12:30:00Z,10,White,ARS,DEF,55,0,0,7.7,44476,34396,352712,176827,a,,2026-07-23T12:01:23.305229Z,100,100,,,,6.7,2,20,270,3,0,1,2,1,0,15,11,4,9,0.18,0.29,0.47,0.92,6.7,6.7
2026-09-07T00:13:54+00:00,2026-09-06,daily,4,2026-09-12T12:30:00Z,11,Mosquera,ARS,DEF,54,-1,-1,3.9,451,55255,29407,229572,d,Unspecified injury - 75% chance of playing,2026-09-04T14:00:08.080310Z,75,75,,,,4.0,0,12,168,2,0,0,2,0,0,10,10,0,3,0.00,0.01,0.01,0.53,3.0,3.0
2026-09-07T00:13:54+00:00,2026-09-06,daily,4,2026-09-12T12:30:00Z,12,Saka,ARS,MID,95,0,0,11.2,64947,32678,310237,169194,a,,,,,1,2,2,7.3,2,22,246,3,2,0,2,1,0,22,6,4,12,1.50,0.35,1.85,0.78,7.3,7.3
2026-09-07T00:13:54+00:00,2026-09-06,daily,4,2026-09-12T12:30:00Z,13,Rice,ARS,MID,74,-1,-1,13.9,9051,45239,66323,451852,a,,,,,,1,1,4.3,5,13,241,3,0,1,2,1,0,24,10,3,11,0.10,0.26,0.36,0.78,4.3,4.3
2026-09-07T00:13:54+00:00,2026-09-06,daily,4,2026-09-12T12:30:00Z,14,Eze,ARS,MID,64,0,-1,1.3,1859,9943,15846,95007,a,,,,,,3,,0.7,0,2,59,0,0,0,0,0,0,5,0,0,5,0.04,0.07,0.11,0.39,0.7,0.7
2026-09-07T00:13:54+00:00,2026-09-06,daily,4,2026-09-12T12:30:00Z,15,Ødegaard,ARS,MID,66,0,1,12.0,106853,30814,516065,240276,a,,,,,3,4,4,8.0,10,24,221,3,2,0,2,1,0,16,3,5,8,1.01,1.05,2.06,0.66,8.0,8.0
2026-09-07T00:13:54+00:00,2026-09-06,daily,4,2026-09-12T12:30:00Z,16,Madueke,ARS,MID,63,0,-2,0.2,760,1548,3448,17852,a,,,,,,,6,0.7,1,2,23,0,0,0,0,0,0,3,0,1,2,0.00,0.05,0.05,0.15,0.7,0.7
2026-09-07T00:13:54+00:00,2026-09-06,daily,4,2026-09-12T12:30:00Z,17,Merino,ARS,MID,59,0,-1,0.5,840,3800,6323,32926,a,,,,,,,,0.7,0,2,46,0,0,0,0,0,0,6,0,0,6,0.14,0.02,0.16,0.26,0.7,0.7
2026-09-07T00:13:54+00:00,2026-09-06,daily,4,2026-09-12T12:30:00Z,18,Martinelli,ARS,MID,63,0,-2,0.1,0,3399,2483,17041,u,Has joined Al Hilal permanently,2026-09-04T12:34:46.738449Z,0,0,,,,0.0,0,0,0,0,0,0,0,0,0,0,0,0,0,0.00,0.00,0.00,0.00,0.0,0.0
2026-09-07T00:13:54+00:00,2026-09-06,daily,4,2026-09-12T12:30:00Z,19,Zubimendi,ARS,MID,54,0,-1,0.8,769,4071,5833,44680,a,,,,,,,,1.0,1,3,50,0,0,0,0,0,0,9,4,3,2,0.08,0.04,0.12,0.28,1.0,1.0
2026-09-07T00:13:54+00:00,2026-09-06,daily,4,2026-09-12T12:30:00Z,20,Dowman,ARS,MID,53,-1,-2,0.1,211,505,1292,4832,a,,,,,,,,0.0,0,0,0,0,0,0,0,0,0,0,0,0,0,0.00,0.00,0.00,0.00,0.0,0.0
2026-09-07T00:13:54+00:00,2026-09-06,daily,4,2026-09-12T12:30:00Z,22,Nwaneri,ARS,MID,54,0,-1,0.0,0,179,233,930,u,Has joined Borussia Dortmund on loan for the rest of the season,2026-09-02T16:01:07.058827Z,0,0,,,,0.0,0,0,0,0,0,0,0,0,0,0,0,0,0,0.00,0.00,0.00,0.00,0.0,0.0
2026-09-07T00:13:54+00:00,2026-09-06,daily,4,2026-09-12T12:30:00Z,23,Fábio Vieira,ARS,MID,55,0,0,0.0,0,131,255,657,u,Has joined Hamburger SV permanently,2026-09-02T16:00:28.446370Z,0,0,,,,0.0,0,0,0,0,0,0,0,0,0,0,0,0,0,0.00,0.00,0.00,0.00,0.0,0.0
2026-09-07T00:13:54+00:00,2026-09-06,daily,4,2026-09-12T12:30:00Z,24,Nelson,ARS,MID,55,0,0,0.0,0,44,68,519,u,has departed the club as a free agent.,2026-08-29T00:33:08.556767Z,0,0,,,,0.0,0,0,0,0,0,0,0,0,0,0,0,0,0,0.00,0.00,0.00,0.00,0.0,0.0
2026-09-07T00:13:54+00:00,2026-09-06,daily,4,2026-09-12T12:30:00Z,25,Gyökeres,ARS,FWD,73,0,-2,4.3,2948,31149,19885,470269,a,,,,,2,,,0.3,1,1,12,0,0,0,0,0,0,1,0,0,1,0.00,0.00,0.00,0.11,0.3,0.3
2026-09-07T00:13:54+00:00,2026-09-06,daily,4,2026-09-12T12:30:00Z,26,Havertz,ARS,FWD,75,0,0,7.1,47344,25402,307471,205616,a,,,,,,,,5.3,8,16,257,3,2,0,2,1,0,8,3,0,5,0.55,0.33,0.88,0.80,5.3,5.3
2026-09-07T00:13:54+00:00,2026-09-06,daily,4,2026-09-12T12:30:00Z,27,G.Jesus,ARS,FWD,59,0,-1,0.2,0,4216,4164,22503,u,Has joined FC Barcelona permanently,2026-09-02T16:00:28.475184Z,0,0,,,,0.0,0,0,0,0,0,0,0,0,0,0,0,0,0,0.00,0.00,0.00,0.00,0.0,0.0
2026-09-07T00:13:54+00:00,2026-09-06,daily,4,2026-09-12T12:30:00Z,31,Konsa,ARS,DEF,44,0,-1,12.2,152075,32682,472768,461415,a,,,,,,,,1.7,4,5,101,1,0,0,0,1,0,11,8,3,5,0.00,0.01,0.01,0.39,1.7,1.7
2026-09-07T00:13:54+00:00,2026-09-06,daily,4,2026-09-12T12:30:00Z,452,Bruno G.,ARS,MID,68,0,-2,1.9,661,13540,7057,202877,a,,2026-09-04T14:00:08.328779Z,75,100,4,,5,0.3,0,1,19,0,0,0,0,0,0,3,0,0,3,0.00,0.01,0.01,0.00,0.2,0.3
2026-09-07T00:13:54+00:00,2026-09-06,daily,4,2026-09-12T12:30:00Z,557,Tzolis,ARS,MID,65,0,0,18.1,21620,134243,349691,883267,a,,,,,,,3,3.7,5,11,210,3,0,2,1,1,0,17,5,2,10,0.19,0.35,0.54,0.55,3.7,3.7
2026-09-07T00:13:54+00:00,2026-09-06,daily,4,2026-09-12T12:30:00Z,29,M.Bizot,AVL,GKP,45,0,0,0.1,367,566,3518,3822,a,,,,,,,,0.3,0,1,90,1,0,0,0,4,3,0,2,0,6,0.00,0.00,0.00,3.77,0.3,0.3
2026-09-07T00:13:54+00:00,2026-09-06,daily,4,2026-09-12T12:30:00Z,30,Digne,AVL,DEF,45,0,0,0.1,0,426,0,7474,u,Has joined Paris Saint-Germain permanently,2026-08-10T14:03:30.089007Z,0,0,,,,0.0,0,0,0,0,0,0,0,0,0,0,0,0,0,0.00,0.00,0.00,0.00,0.0,0.0
2026-09-07T00:13:54+00:00,2026-09-06,daily,4,2026-09-12T12:30:00Z,32,Cash,AVL,DEF,45,0,0,6.9,9605,15184,78211,198818,a,,,,,,,1,2.3,6,7,251,3,0,0,1,5,0,14,8,6,2,0.15,0.04,0.19,5.03,2.3,2.3
2026-09-07T00:13:54+00:00,2026-09-06,daily,4,2026-09-12T12:30:00Z,33,Mings,AVL,DEF,45,0,0,0.4,894,772,6769,9115,a,,,,,,,,2.3,6,7,106,1,0,0,1,0,0,6,4,2,2,0.11,0.02,0.13,0.79,2.3,2.3
2026-09-07T00:13:54+00:00,2026-09-06,daily,4,2026-09-12T12:30:00Z,34,Pau,AVL,DEF,45,0,0,0.4,496,1842,7582,11238,a,,,,,,,,0.7,0,2,163,2,0,0,0,5,0,9,8,1,9,0.00,0.01,0.01,4.59,0.7,0.7
2026-09-07T00:13:54+00:00,2026-09-06,daily,4,2026-09-12T12:30:00Z,35,Bogarde,AVL,MID,50,0,0,0.1,279,423,1860,2664,a,,,,,,,,0.3,0,1,16,0,0,0,0,0,0,1,1,0,0,0.00,0.00,0.00,0.22,0.3,0.3
2026-09-07T00:13:54+00:00,2026-09-06,daily,4,2026-09-12T12:30:00Z,36,Maatsen,AVL,DEF,45,0,0,0.8,2842,1764,16680,19247,a,,,,,,,,2.7,7,8,245,3,0,0,1,5,0,20,14,6,4,0.10,0.42,0.52,4.88,2.7,2.7
2026-09-07T00:13:54+00:00,2026-09-06,daily,4,2026-09-12T12:30:00Z,37,Lindelöf,AVL,DEF,45,0,0,0.3,840,590,5826,7596,a,,,,,,,,2.0,6,6,270,3,0,0,1,5,0,14,13,1,5,0.00,0.16,0.16,5.38,2.0,2.0
2026-09-07T00:13:54+00:00,2026-09-06,daily,4,2026-09-12T12:30:00Z,38,A.García,AVL,DEF,40,0,0,1.7,5121,6313,28631,36913,a,,,,,,,,0.0,0,0,0,0,0,0,0,0,0,0,0,0,0,0.00,0.00,0.00,0.00,0.0,0.0
2026-09-07T00:13:54+00:00,2026-09-06,daily,4,2026-09-12T12:30:00Z,39,Nedeljkovic,AVL,DEF,40,0,0,0.2,0,789,0,12015,u,Has joined Rangers on loan for the rest of the season,2026-08-19T13:56:46.385411Z,0,0,,,,0.0,0,0,0,0,0,0,0,0,0,0,0,0,0,0.00,0.00,0.00,0.00,0.0,0.0
2026-09-07T00:13:54+00:00,2026-09-06,daily,4,2026-09-12T12:30:00Z,41,Buendía,AVL,MID,60,0,0,1.1,2774,6897,28392,52900,a,,,,,1,1,3,2.3,3,7,249,3,0,0,1,5,0,14,3,2,9,0.78,0.16,0.94,4.88,2.3,2.3
2026-09-07T00:13:54+00:00,2026-09-06,daily,4,2026-09-12T12:30:00Z,44,Bailey,AVL,MID,54,0,-1,0.1,0,2350,2096,8731,u,Has joined Olympiakos permanently,2026-09-04T12:35:14.472260Z,0,0,,,,0.0,0,0,0,0,0,0,0,0,0,0,0,0,0,0.00,0.00,0.00,0.00,0.0,0.0
2026-09-07T00:13:54+00:00,2026-09-06,daily,4,2026-09-12T12:30:00Z,45,McGinn,AVL,MID,54,0,-1,2.4,4167,10596,28664,99731,a,,,,,,,2,1.7,3,5,261,3,0,0,1,5,0,15,4,4,7,0.77,0.09,0.86,5.23,1.7,1.7
2026-09-07T00:13:54+00:00,2026-09-06,daily,4,2026-09-12T12:30:00Z,46,Barkley,AVL,MID,50,0,0,0.3,1582,1071,9201,7796,a,,,,,,,4,2.3,3,7,240,3,0,0,1,5,0,17,4,3,10,0.35,0.13,0.48,5.16,2.3,2.3
2026-09-07T00:13:54+00:00,2026-09-06,daily,4,2026-09-12T12:30:00Z,47,Kamara,AVL,MID,50,0,0,0.3,1349,1566,8899,12086,a,,2026-07-23T12:01:23.337269Z,100,100,,,,2.3,3,7,270,3,0,0,1,5,0,25,9,4,12,0.00,0.10,0.10,5.38,2.3,2.3
2026-09-07T00:13:54+00:00,2026-09-06,daily,4,2026-09-12T12:30:00Z,48,Onana,AVL,MID,50,0,0,0.0,49,119,346,1218,i,Knee injury - Unknown return date,2026-07-23T12:01:23.352497Z,0,0,,,,0.0,0,0,0,0,0,0,0,0,0,0,0,0,0,0.00,0.00,0.00,0.00,0.0,0.0
2026-09-07T00:13:54+00:00,2026-09-06,daily,4,2026-09-12T12:30:00Z,49,Iling Jr,AVL,MID,50,0,0,0.0,0,10,0,193,u,Has joined Bolton Wanderers on loan for the rest of the season,2026-08-17T13:52:28.532616Z,0,0,,,,0.0,0,0,0,0,0,0,0,0,0,0,0,0,0,0.00,0.00,0.00,0.00,0.0,0.0
2026-09-07T00:13:54+00:00,2026-09-06,daily,4,2026-09-12T12:30:00Z,50,Burrowes,AVL,MID,45,0,0,0.7,2715,2763,14933,18644,a,,,,,,,,0.0,0,0,0,0,0,0,0,0,0,0,0,0,0,0.00,0.00,0.00,0.00,0.0,0.0
2026-09-07T00:13:54+00:00,2026-09-06,daily,4,2026-09-12T12:30:00Z,51,George Hemmings,AVL,MID,45,0,0,1.1,14859,5603,60007,25522,a,,,,,,,,2.3,3,7,234,3,0,0,1,5,0,18,2,6,10,0.07,0.15,0.22,5.00,2.3,2.3
2026-09-07T00:13:54+00:00,2026-09-06,daily,4,2026-09-12T12:30:00Z,52,Alysson,AVL,MID,50,0,0,0.0,166,235,1336,1760,a,,,,,,,,0.7,1,2,42,0,0,0,0,0,0,6,1,2,3,0.00,0.00,0.00,0.51,0.7,0.7
2026-09-07T00:13:54+00:00,2026-09-06,daily,4,2026-09-12T12:30:00Z,53,Manzambi,AVL,MID,59,0,-1,0.1,168,782,741,14621,i,Knee injury - Expected back 12 Sep,2026-08-15T15:30:06.388335Z,0,0,,,,0.0,0,0,0,0,0,0,0,0,0,0,0,0,0,0.00,0.00,0.00,0.00,0.0,0.0
2026-09-07T00:13:54+00:00,2026-09-06,daily,4,2026-09-12T12:30:00Z,54,Gomes,AVL,MID,55,0,0,0.0,27,181,271,3249,s,Suspended until 19 Sep,2026-08-23T17:30:08.367415Z,0,0,,,,-0.7,0,-2,39,1,0,0,0,4,0,7,1,4,2,0.00,0.01,0.01,2.58,0.0,0.0
2026-09-07T00:13:54+00:00,2026-09-06,daily,4,2026-09-12T12:30:00Z,55,Watkins,AVL,FWD,78,0,-2,3.6,0,60518,14882,646357,u,Has joined Al Hilal permanently,2026-09-01T13:15:16.698799Z,0,0,,,,0.0,0,0,0,0,0,0,0,0,0,0,0,0,0,0.00,0.00,0.00,0.00,0.0,0.0
2026-09-07T00:13:54+00:00,2026-09-06,daily,4,2026-09-12T12:30:00Z,56,Abraham,AVL,FWD,55,0,0,0.2,1765,929,7287,6363,a,,2026-08-15T16:00:07.558543Z,100,100,,,,0.7,1,2,24,0,0,0,0,0,0,1,0,1,0,0.00,0.00,0.00,0.37,0.7,0.7
2026-09-07T00:13:54+00:00,2026-09-06,daily,4,2026-09-12T12:30:00Z,160,Garnacho,AVL,MID,59,0,-1,0.4,629,3185,5207,25841,a,,,,,,,,1.0,1,3,31,0,0,0,0,0,0,2,0,0,2,0.00,0.00,0.00,0.49,1.0,1.0
2026-09-07T00:13:54+00:00,2026-09-06,daily,4,2026-09-12T12:30:00Z,166,N.Jackson,AVL,FWD,65,0,0,1.1,9427,5659,88632,28094,a,,,,,,,,1.3,2,4,154,2,0,0,1,1,0,5,0,0,5,0.24,0.54,0.78,1.23,1.3,1.3
2026-09-07T00:13:54+00:00,2026-09-06,daily,4,2026-09-12T12:30:00Z,582,Madjo,AVL,FWD,55,0,0,0.3,161,1949,2221,20229,i,Unspecified injury - Unknown return date,2026-08-15T16:00:07.974271Z,0,0,,,,0.0,0,0,0,0,0,0,0,0,0,0,0,0,0,0.00,0.00,0.00,0.00,0.0,0.0
2026-09-07T00:13:54+00:00,2026-09-06,daily,4,2026-09-12T12:30:00Z,596,Ruggeri,AVL,DEF,45,0,0,0.1,81,446,1673,3271,a,,,,,,,,0.7,1,2,23,0,0,0,0,0,0,3,1,2,2,0.00,0.01,0.01,0.49,0.7,0.7
2026-09-07T00:13:54+00:00,2026-09-06,daily,4,2026-09-12T12:30:00Z,597,Suzuki,AVL,GKP,50,0,0,1.3,19628,3311,56951,21356,a,,,,,,,,4.0,10,12,180,2,0,0,1,1,5,0,3,0,22,0.00,0.00,0.00,1.61,4.0,4.0
2026-09-07T00:13:54+00:00,2026-09-06,daily,4,2026-09-12T12:30:00Z,606,Rowe,AVL,DEF,40,0,0,0.1,1107,662,9067,2591,a,,,,,,,,0.0,0,0,0,0,0,0,0,0,0,0,0,0,0,0.00,0.00,0.00,0.00,0.0,0.0
2026-09-07T00:13:54+00:00,2026-09-06,daily,4,2026-09-12T12:30:00Z,607,Lynch,AVL,MID,45,0,0,0.1,0,1536,7103,4691,u,Has joined Oxford United on loan until January,2026-09-04T12:35:39.820426Z,0,0,,,,0.0,0,0,0,0,0,0,0,0,0,0,0,0,0,0.00,0.00,0.00,0.00,0.0,0.0
2026-09-07T00:13:54+00:00,2026-09-06,daily,4,2026-09-12T12:30:00Z,611,Wan-Bissaka,AVL,DEF,45,0,0,0.2,960,735,9142,2522,a,,,,,,,,1.0,1,2,17,0,0,0,0,0,0,3,1,2,0,0.00,0.00,0.00,0.35,1.0,1.0
2026-09-07T00:13:54+00:00,2026-09-06,daily,4,2026-09-12T12:30:00Z,618,Goretzka,AVL,MID,60,0,0,0.1,559,608,4220,1456,a,,,,,,,,0.0,0,0,0,0,0,0,0,0,0,0,0,0,0,0.00,0.00,0.00,0.00,0.0,0.0
2026-09-07T00:13:54+00:00,2026-09-06,daily,4,2026-09-12T12:30:00Z,630,Harwood-Bellis,AVL,DEF,45,0,0,0.0,287,96,1232,286,a,,,,,,,,0.0,0,0,0,0,0,0,0,0,0,0,0,0,0,0.00,0.00,0.00,0.00,1.8,1.8
2026-09-07T00:13:54+00:00,2026-09-06,daily,4,2026-09-12T12:30:00Z,631,Mbaye,AVL,MID,60,0,0,0.0,1422,484,5478,1114,a,,,,,,,,0.0,0,0,0,0,0,0,0,0,0,0,0,0,0,0.00,0.00,0.00,0.00,2.2,2.2
2026-09-07T00:13:54+00:00,2026-09-06,daily,4,2026-09-12T12:30:00Z,57,Petrović,BOU,GKP,45,0,0,3.4,9188,10484,80548,59489,a,,,,,,,,2.0,1,6,270,3,0,0,0,5,9,0,6,0,21,0.00,0.00,0.00,4.80,2.0,2.0
2026-09-07T00:13:54+00:00,2026-09-06,daily,4,2026-09-12T12:30:00Z,58,Forster,BOU,GKP,40,0,0,3.4,10828,5138,58738,37116,a,,,,,,,,0.0,0,0,0,0,0,0,0,0,0,0,0,0,0,0.00,0.00,0.00,0.00,0.0,0.0
2026-09-07T00:13:54+00:00,2026-09-06,daily,4,2026-09-12T12:30:00Z,59,Dennis,BOU,GKP,40,0,0,0.1,0,578,1133,4879,u,Has joined MK Dons permanently,2026-08-27T14:53:48.692835Z,0,0,,,,0.0,0,0,0,0,0,0,0,0,0,0,0,0,0,0.00,0.00,0.00,0.00,0.0,0.0
2026-09-07T00:13:54+00:00,2026-09-06,daily,4,2026-09-12T12:30:00Z,60,Hill,BOU,DEF,55,0,0,0.8,1986,3370,18233,21779,a,,,,,,,,2.0,1,6,270,3,0,0,0,5,0,24,20,4,5,0.00,0.76,0.76,4.80,2.0,2.0
2026-09-07T00:13:54+00:00,2026-09-06,daily,4,2026-09-12T12:30:00Z,61,Truffert,BOU,DEF,55,0,0,3.6,3127,15626,35607,83531,a,,,,,,,,1.7,0,5,270,3,0,0,0,5,0,22,15,7,18,0.01,0.13,0.14,4.80,1.7,1.7
2026-09-07T00:13:54+00:00,2026-09-06,daily,4,2026-09-12T12:30:00Z,62,Diakité,BOU,DEF,50,0,0,0.2,426,1089,4858,7273,a,,,,,,,,0.0,0,0,0,0,0,0,0,0,0,0,0,0,0,0.00,0.00,0.00,0.00,0.0,0.0
2026-09-07T00:13:54+00:00,2026-09-06,daily,4,2026-09-12T12:30:00Z,63,Milosavljević,BOU,DEF,50,0,0,0.0,26,58,188,596,i,Unspecified injury - Unknown return date,2026-08-06T10:00:10.456051Z,0,0,,,,0.0,0,0,0,0,0,0,0,0,0,0,0,0,0,0.00,0.00,0.00,0.00,0.0,0.0
2026-09-07T00:13:54+00:00,2026-09-06,daily,4,2026-09-12T12:30:00Z,64,Smith,BOU,DEF,45,0,0,0.1,371,538,4846,3647,a,,,,,,,,0.7,0,2,270,3,0,0,0,5,0,15,11,4,9,0.01,0.06,0.07,4.80,0.7,0.7
2026-09-07T00:13:54+00:00,2026-09-06,daily,4,2026-09-12T12:30:00Z,65,J.Araujo,BOU,DEF,44,-1,-1,0.0,44,83,228,955,i,Thigh injury - Unknown return date,2026-08-09T08:00:05.645826Z,0,0,,,,0.0,0,0,0,0,0,0,0,0,0,0,0,0,0,0.00,0.00,0.00,0.00,0.0,0.0
2026-09-07T00:13:54+00:00,2026-09-06,daily,4,2026-09-12T12:30:00Z,66,Soler,BOU,DEF,40,0,0,0.3,1501,939,7963,5721,a,,2026-08-15T16:30:07.021055Z,100,100,,,,0.0,0,0,0,0,0,0,0,0,0,0,0,0,0,0.00,0.00,0.00,0.00,0.0,0.0
2026-09-07T00:13:54+00:00,2026-09-06,daily,4,2026-09-12T12:30:00Z,67,Rayan,BOU,MID,64,-1,-1,2.1,2491,15189,37879,97392,a,,,,,,,,2.0,2,6,266,3,0,0,0,4,0,8,3,2,3,0.48,0.06,0.54,4.56,2.0,2.0
2026-09-07T00:13:54+00:00,2026-09-06,daily,4,2026-09-12T12:30:00Z,68,Tavernier,BOU,MID,60,0,0,2.9,55036,10553,170506,72832,a,,,,,3,1,1,7.0,10,21,268,3,2,0,0,5,0,28,3,7,18,1.50,0.34,1.84,4.75,7.0,7.0
2026-09-07T00:13:54+00:00,2026-09-06,daily,4,2026-09-12T12:30:00Z,69,Scott,BOU,MID,60,0,0,3.4,120024,10632,185429,41289,a,,,,,,4,2,8.0,10,24,266,3,1,2,1,4,0,37,9,7,21,0.33,0.30,0.63,4.67,8.0,8.0
2026-09-07T00:13:54+00:00,2026-09-06,daily,4,2026-09-12T12:30:00Z,70,Kluivert,BOU,MID,60,0,0,1.1,2675,7115,29826,40227,a,,,,,2,2,3,2.3,1,7,229,3,0,0,2,1,0,18,1,4,13,0.78,0.06,0.84,4.09,2.3,2.3
2026-09-07T00:13:54+00:00,2026-09-06,daily,4,2026-09-12T12:30:00Z,71,Cook,BOU,MID,50,0,0,0.2,908,1188,10767,6738,a,,,,,,,5,2.3,1,7,157,2,0,0,2,1,0,10,4,1,5,0.00,0.01,0.01,3.84,2.3,2.3
2026-09-07T00:13:54+00:00,2026-09-06,daily,4,2026-09-12T12:30:00Z,72,Gannon-Doak,BOU,MID,49,-1,-1,0.1,120,357,869,2739,a,,,,,,,,0.7,1,2,2,0,0,0,0,1,0,3,0,1,2,0.02,0.00,0.02,0.24,0.7,0.7
2026-09-07T00:13:54+00:00,2026-09-06,daily,4,2026-09-12T12:30:00Z,73,Adams,BOU,MID,50,0,0,0.3,2164,1241,10784,8787,a,,2026-08-15T16:30:07.029928Z,100,100,,,,2.0,4,6,111,1,0,0,0,4,0,18,4,3,11,0.00,0.01,0.01,0.95,2.0,2.0
2026-09-07T00:13:54+00:00,2026-09-06,daily,4,2026-09-12T12:30:00Z,74,Brooks,BOU,MID,50,0,0,0.1,275,265,2173,1964,a,,2026-08-15T16:30:07.037929Z,100,100,,3,4,0.7,1,2,23,0,0,0,0,2,0,0,0,0,0,0.00,0.01,0.01,0.39,0.7,0.7
2026-09-07T00:13:54+00:00,2026-09-06,daily,4,2026-09-12T12:30:00Z,75,Christie,BOU,MID,50,0,0,0.0,187,180,1785,892,a,,2026-07-24T17:30:10.035483Z,100,100,,,6,0.7,1,2,4,0,0,0,0,1,0,2,0,1,1,0.00,0.00,0.00,0.13,0.7,0.7
2026-09-07T00:13:54+00:00,2026-09-06,daily,4,2026-09-12T12:30:00Z,76,Tóth.A,BOU,MID,50,0,0,0.0,30,73,253,450,a,,,,,,,,0.3,0,1,15,0,0,0,0,2,0,2,0,1,1,0.00,0.00,0.00,0.31,0.3,0.3
2026-09-07T00:13:54+00:00,2026-09-06,daily,4,2026-09-12T12:30:00Z,77,Adli,BOU,MID,49,0,-1,0.0,23,108,213,1711,i,Unspecified injury - Unknown return date,2026-08-15T16:00:07.590566Z,0,0,,,,0.0,0,0,0,0,0,0,0,0,0,0,0,0,0,0.00,0.00,0.00,0.00,0.0,0.0
2026-09-07T00:13:54+00:00,2026-09-06,daily,4,2026-09-12T12:30:00Z,78,Kroupi.Jr,BOU,MID,74,0,-1,0.2,73,1412,781,22780,i,Foot injury - Unknown return date,2026-07-29T17:30:09.796802Z,0,0,1,,,0.0,0,0,0,0,0,0,0,0,0,0,0,0,0,0.00,0.00,0.00,0.00,0.0,0.0
2026-09-07T00:13:54+00:00,2026-09-06,daily,4,2026-09-12T12:30:00Z,79,Evanilson,BOU,FWD,60,0,0,3.3,15469,14316,157665,76794,a,,,,,,,,3.7,2,11,244,3,0,2,2,2,0,18,9,1,8,0.71,0.26,0.97,4.32,3.7,3.7
2026-09-07T00:13:54+00:00,2026-09-06,daily,4,2026-09-12T12:30:00Z,80,Enes Ünal,BOU,FWD,55,0,0,0.0,0,94,0,1686,u,Has joined Getafe permanently,2026-08-14T14:14:21.881112Z,0,0,,,,0.0,0,0,0,0,0,0,0,0,0,0,0,0,0,0.00,0.00,0.00,0.00,0.0,0.0
2026-09-07T00:13:54+00:00,2026-09-06,daily,4,2026-09-12T12:30:00Z,81,Rodríguez,BOU,FWD,60,0,0,0.1,476,620,2997,3721,a,,2026-08-15T16:30:07.054142Z,100,100,,,,0.3,0,1,9,0,0,0,0,1,0,1,0,0,1,0.00,0.00,0.00,0.16,0.3,0.3
2026-09-07T00:13:54+00:00,2026-09-06,daily,4,2026-09-12T12:30:00Z,566,Silva,BOU,DEF,50,0,0,0.4,1134,1556,18221,10420,a,,,,,,,,2.3,1,7,270,3,0,0,0,5,0,31,28,3,7,0.27,0.04,0.31,4.80,2.3,2.3
2026-09-07T00:13:54+00:00,2026-09-06,daily,4,2026-09-12T12:30:00Z,573,Sanchez,BOU,DEF,45,0,0,0.2,92,522,913,4276,a,,,,,,,,0.0,0,0,0,0,0,0,0,0,0,0,0,0,0,0.00,0.00,0.00,0.00,0.0,0.0
2026-09-07T00:13:54+00:00,2026-09-06,daily,4,2026-09-12T12:30:00Z,608,Jebbison,BOU,FWD,50,0,0,0.1,1324,600,8311,3019,a,,,,,,,,0.7,1,2,16,0,0,0,0,2,0,1,0,0,1,0.10,0.00,0.10,0.36,0.7,0.7
2026-09-07T00:13:54+00:00,2026-09-06,daily,4,2026-09-12T12:30:00Z,615,Di Gregorio,BOU,GKP,45,0,0,0.0,288,183,1933,665,a,,,,,,,,0.0,0,0,0,0,0,0,0,0,0,0,0,0,0,0.00,0.00,0.00,0.00,0.0,0.0
2026-09-07T00:13:54+00:00,2026-09-06,daily,4,2026-09-12T12:30:00Z,82,Kelleher,BRE,GKP,50,0,0,6.9,11202,16916,199339,95785,a,,,,,,,,3.7,2,11,270,3,0,0,1,2,7,0,4,0,15,0.00,0.01,0.01,3.74,3.7,3.7
2026-09-07T00:13:54+00:00,2026-09-06,daily,4,2026-09-12T12:30:00Z,83,Valdimarsson,BRE,GKP,45,0,0,0.1,184,326,1801,2623,a,,,,,,,,0.0,0,0,0,0,0,0,0,0,0,0,0,0,0,0.00,0.00,0.00,0.00,0.0,0.0
2026-09-07T00:13:54+00:00,2026-09-06,daily,4,2026-09-12T12:30:00Z,84,Collins,BRE,DEF,55,0,0,2.0,1125,22397,58389,52354,d,Calf injury - 25% chance of playing,2026-09-05T18:00:06.182495Z,,25,,,,3.3,1,10,196,3,0,0,1,1,0,17,15,2,11,0.51,0.05,0.56,2.13,3.3,0.8
2026-09-07T00:13:54+00:00,2026-09-06,daily,4,2026-09-12T12:30:00Z,85,Van den Berg,BRE,DEF,49,0,-1,0.1,22,512,288,7098,i,Groin injury - Unknown return date,2026-08-15T15:30:06.416627Z,0,0,,,,0.0,0,0,0,0,0,0,0,0,0,0,0,0,0,0.00,0.00,0.00,0.00,0.0,0.0
2026-09-07T00:13:54+00:00,2026-09-06,daily,4,2026-09-12T12:30:00Z,86,Lewis-Potter,BRE,MID,55,0,0,2.2,10615,9672,164366,42715,a,,,,,,1,,6.0,2,18,267,3,1,1,1,2,0,27,11,4,12,1.03,0.65,1.68,3.74,6.0,6.0
2026-09-07T00:13:54+00:00,2026-09-06,daily,4,2026-09-12T12:30:00Z,87,Ajer,BRE,DEF,45,0,0,5.1,17676,26275,262107,102107,a,,,,,,,,4.3,2,13,270,3,0,0,1,2,0,32,30,2,7,0.11,0.03,0.14,3.74,4.3,4.3
2026-09-07T00:13:54+00:00,2026-09-06,daily,4,2026-09-12T12:30:00Z,88,Kayode,BRE,DEF,46,0,1,9.3,17621,37268,529937,138038,a,,,,,,,,5.3,1,16,207,3,1,0,1,1,0,13,12,1,11,0.55,0.21,0.76,2.28,5.3,5.3
2026-09-07T00:13:54+00:00,2026-09-06,daily,4,2026-09-12T12:30:00Z,89,Henry,BRE,DEF,45,0,0,0.2,118,679,1223,5027,a,,,,,,,,0.3,0,1,2,0,0,0,0,0,0,0,0,0,0,0.00,0.00,0.00,0.00,0.3,0.3
2026-09-07T00:13:54+00:00,2026-09-06,daily,4,2026-09-12T12:30:00Z,90,Hickey,BRE,DEF,45,0,0,0.1,110,232,1386,1664,a,,,,,,,,1.0,1,3,61,0,0,0,0,1,0,6,4,2,4,0.00,0.02,0.02,1.46,1.0,1.0
2026-09-07T00:13:54+00:00,2026-09-06,daily,4,2026-09-12T12:30:00Z,92,Ji-soo,BRE,DEF,45,0,0,0.0,36,82,299,564,a,,,,,,,,0.0,0,0,0,0,0,0,0,0,0,0,0,0,0,0.00,0.00,0.00,0.00,0.0,0.0
2026-09-07T00:13:54+00:00,2026-09-06,daily,4,2026-09-12T12:30:00Z,93,Schuster,BRE,DEF,45,0,0,0.1,73,219,381,2897,a,,,,,,,,1.3,4,4,73,0,0,0,0,1,0,10,10,0,0,0.10,0.01,0.11,1.61,1.3,1.3
2026-09-07T00:13:54+00:00,2026-09-06,daily,4,2026-09-12T12:30:00Z,94,Schade,BRE,MID,60,0,0,4.1,10800,25455,176086,98750,a,,,,,2,,,5.0,2,15,267,3,1,0,1,2,0,23,4,5,14,0.77,0.20,0.97,3.74,5.0,5.0
2026-09-07T00:13:54+00:00,2026-09-06,daily,4,2026-09-12T12:30:00Z,95,O.Dango,BRE,MID,64,-1,-1,0.8,481,7472,12436,48005,a,,,,,,,4,1.7,1,5,140,2,0,0,1,1,0,24,8,2,14,0.07,0.38,0.45,2.18,1.7,1.7
2026-09-07T00:13:54+00:00,2026-09-06,daily,4,2026-09-12T12:30:00Z,96,Damsgaard,BRE,MID,55,0,0,0.5,1675,1186,7926,16397,a,,,,,,3,2,4.0,8,12,167,2,0,1,1,1,0,17,3,3,11,0.03,0.45,0.48,1.86,4.0,4.0
2026-09-07T00:13:54+00:00,2026-09-06,daily,4,2026-09-12T12:30:00Z,97,Jensen,BRE,MID,55,0,0,0.1,14,1591,4441,9837,i,Unspecified injury - Expected back 18 Sep,2026-08-30T12:30:08.176795Z,0,0,3,2,1,2.0,0,6,66,1,0,1,1,0,0,5,0,2,3,0.08,0.34,0.42,0.47,0.0,0.0
2026-09-07T00:13:54+00:00,2026-09-06,daily,4,2026-09-12T12:30:00Z,98,Janelt,BRE,MID,50,0,0,1.1,42515,6804,105879,24679,a,,,,,,,3,7.0,11,21,270,3,2,0,1,2,0,35,14,11,10,0.50,0.32,0.82,3.74,7.0,7.0
2026-09-07T00:13:54+00:00,2026-09-06,daily,4,2026-09-12T12:30:00Z,99,Milambo,BRE,MID,50,0,0,0.0,9,14,71,101,i,Knee injury - Unknown return date,2026-07-23T12:01:23.384798Z,0,0,,,,0.0,0,0,0,0,0,0,0,0,0,0,0,0,0,0.00,0.00,0.00,0.00,0.0,0.0
2026-09-07T00:13:54+00:00,2026-09-06,daily,4,2026-09-12T12:30:00Z,100,Carvalho,BRE,MID,50,0,0,0.0,163,124,861,728,a,,2026-08-18T13:58:17.442072Z,100,100,,,,0.0,0,0,0,0,0,0,0,0,0,0,0,0,0,0.00,0.00,0.00,0.00,0.0,0.0
2026-09-07T00:13:54+00:00,2026-09-06,daily,4,2026-09-12T12:30:00Z,102,Yarmoliuk,BRE,MID,49,0,-1,0.9,326,4924,2147,37409,a,,,,,,,,0.7,0,2,89,0,0,0,0,2,0,11,2,3,6,0.07,0.03,0.10,2.78,0.7,0.7
2026-09-07T00:13:54+00:00,2026-09-06,daily,4,2026-09-12T12:30:00Z,103,Dasilva,BRE,MID,50,0,0,0.0,11,259,355,1161,i,Hamstring injury - Expected back 10 Oct,2026-09-04T13:30:08.371955Z,0,0,,,,0.0,0,0,0,0,0,0,0,0,0,0,0,0,0,0.00,0.00,0.00,0.00,0.0,0.0
2026-09-07T00:13:54+00:00,2026-09-06,daily,4,2026-09-12T12:30:00Z,105,Anthony,BRE,MID,60,0,0,0.1,248,834,3850,6576,a,,,,,,,,1.3,1,4,128,1,0,0,1,1,0,13,0,2,11,0.19,0.42,0.61,1.55,1.3,1.3
2026-09-07T00:13:54+00:00,2026-09-06,daily,4,2026-09-12T12:30:00Z,106,Thiago,BRE,FWD,79,-1,-1,12.6,7356,112003,171186,565958,a,,,,,1,,,1.3,2,4,262,3,0,0,1,2,0,15,4,2,9,2.30,0.10,2.40,3.67,1.3,1.3
2026-09-07T00:13:54+00:00,2026-09-06,daily,4,2026-09-12T12:30:00Z,107,Furo,BRE,FWD,45,0,0,1.1,7484,4563,42955,26791,a,,,,,,,,0.0,0,0,0,0,0,0,0,0,0,0,0,0,0,0.00,0.00,0.00,0.00,0.0,0.0
2026-09-07T00:13:54+00:00,2026-09-06,daily,4,2026-09-12T12:30:00Z,108,Wilson,BRE,FWD,55,0,0,0.4,1114,2026,11025,14118,a,,,,,,,,1.0,1,3,13,0,0,0,0,0,0,2,1,0,1,0.07,0.04,0.11,0.15,1.0,1.0
2026-09-07T00:13:54+00:00,2026-09-06,daily,4,2026-09-12T12:30:00Z,565,M.Sangaré,BRE,MID,57,0,2,14.7,51909,93602,1135139,247014,a,,,,,,,,6.0,0,18,210,3,0,2,1,1,0,32,10,7,15,0.41,0.37,0.78,2.28,6.0,6.0
2026-09-07T00:13:54+00:00,2026-09-06,daily,4,2026-09-12T12:30:00Z,620,Diouf,BRE,DEF,45,0,0,0.1,692,819,10834,3838,a,,,,,,,,0.0,0,0,0,0,0,0,0,0,0,0,0,0,0,0.00,0.00,0.00,0.00,0.0,0.0
2026-09-07T00:13:54+00:00,2026-09-06,daily,4,2026-09-12T12:30:00Z,109,Verbruggen,BHA,GKP,45,0,0,22.1,58490,49370,414194,251748,a,,,,,,,,3.0,3,9,270,3,0,0,1,5,4,0,0,0,23,0.00,0.20,0.20,5.71,3.0,3.0
2026-09-07T00:13:54+00:00,2026-09-06,daily,4,2026-09-12T12:30:00Z,111,Steele,BHA,GKP,40,0,0,4.3,15179,8516,87986,56819,a,,,,,,,,0.0,0,0,0,0,0,0,0,0,0,0,0,0,0,0.00,0.00,0.00,0.00,0.0,0.0
2026-09-07T00:13:54+00:00,2026-09-06,daily,4,2026-09-12T12:30:00Z,113,F.Kadıoğlu,BHA,DEF,44,0,-1,1.9,2091,7581,17395,91618,a,,2026-08-23T13:00:07.595211Z,100,100,,,3,0.7,2,2,167,2,0,0,0,5,0,5,4,1,4,0.08,0.02,0.10,5.33,0.7,0.7
2026-09-07T00:13:54+00:00,2026-09-06,daily,4,2026-09-12T12:30:00Z,114,Boscagli,BHA,DEF,45,0,0,0.3,657,789,11053,6343,a,,,,,,,,2.3,2,7,270,3,0,0,1,5,0,13,12,1,10,0.05,0.48,0.53,5.71,2.3,2.3
2026-09-07T00:13:54+00:00,2026-09-06,daily,4,2026-09-12T12:30:00Z,115,De Cuyper,BHA,DEF,47,0,2,18.6,163153,31781,1529992,162749,a,,,,,,4,2,7.0,4,21,243,3,1,2,1,5,0,8,4,4,10,1.50,0.40,1.90,5.62,7.0,7.0
2026-09-07T00:13:54+00:00,2026-09-06,daily,4,2026-09-12T12:30:00Z,116,Dunk,BHA,DEF,45,0,0,1.3,4795,2372,38464,21440,a,,,,,,3,,3.3,5,10,270,3,0,0,1,5,0,17,15,2,11,0.00,0.06,0.06,5.71,3.3,3.3
2026-09-07T00:13:54+00:00,2026-09-06,daily,4,2026-09-12T12:30:00Z,117,Coppola,BHA,DEF,45,0,0,0.0,57,91,509,611,a,,,,,,,,0.0,0,0,0,0,0,0,0,0,0,0,0,0,0,0.00,0.00,0.00,0.00,0.0,0.0
2026-09-07T00:13:54+00:00,2026-09-06,daily,4,2026-09-12T12:30:00Z,118,Igor,BHA,DEF,45,0,0,0.1,0,899,915,3669,u,Has joined Burnley permanently,2026-09-02T15:38:15.529699Z,0,0,,,,0.0,0,0,0,0,0,0,0,0,0,0,0,0,0,0.00,0.00,0.00,0.00,0.0,0.0
2026-09-07T00:13:54+00:00,2026-09-06,daily,4,2026-09-12T12:30:00Z,119,Costinha,BHA,DEF,45,0,0,0.0,72,85,757,783,a,,,,,,,,0.7,1,2,48,0,0,0,0,0,0,5,4,1,0,0.12,0.16,0.28,0.24,0.7,0.7
2026-09-07T00:13:54+00:00,2026-09-06,daily,4,2026-09-12T12:30:00Z,120,Svoboda,BHA,DEF,50,0,0,0.1,261,313,1892,1984,a,,,,,,,,0.0,0,0,0,0,0,0,0,0,0,0,0,0,0,0.00,0.00,0.00,0.00,0.0,0.0
2026-09-07T00:13:54+00:00,2026-09-06,daily,4,2026-09-12T12:30:00Z,121,Mitoma,BHA,MID,59,-1,-1,0.0,25,191,314,2379,i,Hamstring injury - Unknown return date,2026-07-24T18:30:10.661894Z,0,0,,,,0.0,0,0,0,0,0,0,0,0,0,0,0,0,0,0.00,0.00,0.00,0.00,0.0,0.0
2026-09-07T00:13:54+00:00,2026-09-06,daily,4,2026-09-12T12:30:00Z,122,Minteh,BHA,MID,59,0,-1,0.0,17,302,244,5749,i,Leg injury - Expected back 28 Nov,2026-08-14T18:00:06.418033Z,0,0,,,5,0.0,0,0,0,0,0,0,0,0,0,0,0,0,0,0.00,0.00,0.00,0.00,0.0,0.0
2026-09-07T00:13:54+00:00,2026-09-06,daily,4,2026-09-12T12:30:00Z,123,Hinshelwood,BHA,MID,60,0,0,1.2,537,15774,146988,152554,d,Unspecified injury - 50% chance of playing,2026-08-27T19:30:07.780933Z,50,50,,,,5.3,0,16,63,1,2,0,1,0,0,3,0,2,1,1.41,0.02,1.43,0.19,2.6,2.6
2026-09-07T00:13:54+00:00,2026-09-06,daily,4,2026-09-12T12:30:00Z,124,Groß,BHA,MID,55,0,0,16.0,81756,50658,554250,263735,a,,,,,1,1,1,5.3,1,16,270,3,1,1,1,5,0,15,4,4,7,0.84,0.42,1.26,5.71,5.3,5.3
2026-09-07T00:13:54+00:00,2026-09-06,daily,4,2026-09-12T12:30:00Z,125,Georginio,BHA,FWD,55,0,0,0.7,403,6204,28836,47687,d,Unspecified injury - 75% chance of playing,2026-08-26T16:00:07.608056Z,75,75,,,,1.7,0,5,90,1,0,1,1,0,0,7,1,2,4,0.08,0.44,0.52,0.29,1.3,1.3
2026-09-07T00:13:54+00:00,2026-09-06,daily,4,2026-09-12T12:30:00Z,126,O'Riley,BHA,MID,55,0,0,0.1,324,504,2020,3805,a,,,,,3,,,0.0,0,0,0,0,0,0,0,0,0,0,0,0,0,0.00,0.00,0.00,0.00,0.0,0.0
2026-09-07T00:13:54+00:00,2026-09-06,daily,4,2026-09-12T12:30:00Z,127,Gomez,BHA,MID,50,0,0,4.9,28999,25727,230452,102711,a,,,,,,5,,4.3,2,13,265,3,0,2,1,5,0,20,5,8,7,0.65,0.70,1.35,5.71,4.3,4.3
2026-09-07T00:13:54+00:00,2026-09-06,daily,4,2026-09-12T12:30:00Z,128,Buonanotte,BHA,MID,50,0,0,0.0,0,18,0,285,u,Has joined Elche on loan for the rest of the season,2026-08-10T14:03:07.561436Z,0,0,,,,0.0,0,0,0,0,0,0,0,0,0,0,0,0,0,0.00,0.00,0.00,0.00,0.0,0.0
2026-09-07T00:13:54+00:00,2026-09-06,daily,4,2026-09-12T12:30:00Z,129,Ayari,BHA,MID,54,0,-1,0.4,556,2278,5333,31224,a,,2026-08-30T18:00:07.935334Z,75,100,,2,4,1.3,2,4,153,2,0,0,1,1,0,7,2,0,5,0.28,0.07,0.35,2.68,1.0,1.3
2026-09-07T00:13:54+00:00,2026-09-06,daily,4,2026-09-12T12:30:00Z,130,Wieffer,BHA,DEF,50,0,0,0.4,31,8265,25821,24157,i,Knee injury - Unknown return date,2026-09-04T09:30:08.612904Z,0,0,,,,2.3,0,7,156,2,0,0,1,4,0,15,11,4,9,0.12,0.13,0.25,3.18,0.0,0.0
2026-09-07T00:13:54+00:00,2026-09-06,daily,4,2026-09-12T12:30:00Z,132,Howell,BHA,MID,45,0,0,0.0,0,227,0,2735,u,Has joined Leicester City on loan for the rest of the season,2026-08-17T13:53:19.019938Z,0,0,,,,0.0,0,0,0,0,0,0,0,0,0,0,0,0,0,0.00,0.00,0.00,0.00,0.0,0.0
2026-09-07T00:13:54+00:00,2026-09-06,daily,4,2026-09-12T12:30:00Z,133,Watson,BHA,MID,50,0,0,0.0,0,9,0,111,u,Has joined Leicester City on loan for the rest of the season,2026-08-03T14:05:44.459483Z,0,0,,,,0.0,0,0,0,0,0,0,0,0,0,0,0,0,0,0.00,0.00,0.00,0.00,0.0,0.0
2026-09-07T00:13:54+00:00,2026-09-06,daily,4,2026-09-12T12:30:00Z,134,Oriola,BHA,MID,45,0,0,0.3,851,1010,6171,7549,a,,,,,,,,0.0,0,0,0,0,0,0,0,0,0,0,0,0,0,0.00,0.00,0.00,0.00,0.0,0.0
2026-09-07T00:13:54+00:00,2026-09-06,daily,4,2026-09-12T12:30:00Z,135,Yohanna,BHA,MID,49,-1,-1,0.1,169,359,1059,2817,a,,,,,,,,0.3,0,1,12,0,0,0,0,0,0,0,0,0,0,0.00,0.03,0.03,0.00,0.3,0.3
2026-09-07T00:13:54+00:00,2026-09-06,daily,4,2026-09-12T12:30:00Z,137,Tzimas,BHA,FWD,55,0,0,0.0,23,51,187,513,i,Knee injury - Unknown return date,2026-07-23T12:01:23.432796Z,0,0,,,,0.0,0,0,0,0,0,0,0,0,0,0,0,0,0,0.00,0.00,0.00,0.00,0.0,0.0
2026-09-07T00:13:54+00:00,2026-09-06,daily,4,2026-09-12T12:30:00Z,138,Kostoulas,BHA,FWD,55,0,0,0.5,4581,1939,35698,10208,a,,,,,,,,2.7,2,8,195,2,0,1,0,5,0,16,3,2,11,0.78,0.04,0.82,5.48,2.7,2.7
2026-09-07T00:13:54+00:00,2026-09-06,daily,4,2026-09-12T12:30:00Z,139,Ferguson,BHA,FWD,50,0,0,0.0,162,220,1025,1561,i,Ankle injury - Expected back 10 Oct,2026-07-23T12:01:23.448357Z,0,0,,,,0.0,0,0,0,0,0,0,0,0,0,0,0,0,0,0.00,0.00,0.00,0.00,0.0,0.0
2026-09-07T00:13:54+00:00,2026-09-06,daily,4,2026-09-12T12:30:00Z,328,Struijk,BHA,DEF,50,0,0,0.2,420,821,3384,7051,a,,2026-08-15T20:30:07.523574Z,100,100,,,,0.3,1,1,1,0,0,0,0,0,0,0,0,0,0,0.00,0.00,0.00,0.00,0.3,0.3
2026-09-07T00:13:54+00:00,2026-09-06,daily,4,2026-09-12T12:30:00Z,504,Vuskovic,BHA,DEF,50,0,0,2.6,24524,7020,68553,51945,a,,,,,,,,6.0,12,18,270,3,1,0,1,5,0,22,19,3,9,0.35,0.06,0.41,5.71,6.0,6.0
2026-09-07T00:13:54+00:00,2026-09-06,daily,4,2026-09-12T12:30:00Z,594,David,BHA,FWD,60,0,0,0.2,1030,1732,7993,11595,a,,,,,2,,,0.3,0,1,23,0,0,0,0,0,0,0,0,0,0,0.42,0.00,0.42,0.14,0.3,0.3
2026-09-07T00:13:54+00:00,2026-09-06,daily,4,2026-09-12T12:30:00Z,600,Osman,BHA,MID,50,0,0,0.0,61,95,591,520,a,,,,,,,,0.7,0,2,28,0,0,0,0,1,0,3,0,1,2,0.00,0.06,0.06,0.10,0.7,0.7
2026-09-07T00:13:54+00:00,2026-09-06,daily,4,2026-09-12T12:30:00Z,605,Yalcouyé,BHA,MID,45,0,0,2.5,57952,13527,270704,48112,a,,,,,,,,3.7,2,11,167,2,1,0,0,4,0,12,4,3,5,0.75,0.26,1.01,5.32,3.7,3.7
2026-09-07T00:13:54+00:00,2026-09-06,daily,4,2026-09-12T12:30:00Z,614,Hadjam,BHA,DEF,45,0,0,0.0,167,254,2968,793,a,,,,,,,,0.0,0,0,0,0,0,0,0,0,0,0,0,0,0,0.00,0.00,0.00,0.00,0.0,0.0
2026-09-07T00:13:54+00:00,2026-09-06,daily,4,2026-09-12T12:30:00Z,624,Cozier-Duberry,BHA,MID,50,0,0,0.0,0,22,117,78,u,Has joined Middlesbrough on loan for the rest of the season,2026-09-02T15:38:15.552951Z,0,0,,,,0.0,0,0,0,0,0,0,0,0,0,0,0,0,0,0.00,0.00,0.00,0.00,0.0,0.0
2026-09-07T00:13:54+00:00,2026-09-06,daily,4,2026-09-12T12:30:00Z,639,Andrés,BHA,MID,55,0,0,0.0,211,61,472,103,a,,,,,,,,0.0,0,0,0,0,0,0,0,0,0,0,0,0,0,0.00,0.00,0.00,0.00,2.0,2.0
2026-09-07T00:13:54+00:00,2026-09-06,daily,4,2026-09-12T12:30:00Z,652,Azeez,BHA,MID,55,0,0,0.0,68,23,316,57,i,Unspecified injury - Expected back 13 Sep,2026-09-04T11:30:08.661589Z,0,0,,,,0.0,0,0,0,0,0,0,0,0,0,0,0,0,0,0.00,0.00,0.00,0.00,0.0,0.0
2026-09-07T00:13:54+00:00,2026-09-06,daily,4,2026-09-12T12:30:00Z,28,Martinez,CHE,GKP,50,0,0,4.7,37393,14417,135157,134594,a,,,,,,,,1.7,3,5,180,2,0,0,0,5,12,0,1,0,21,0.00,0.01,0.01,3.46,1.7,1.7
2026-09-07T00:13:54+00:00,2026-09-06,daily,4,2026-09-12T12:30:00Z,40,Rogers,CHE,MID,76,1,1,26.9,269582,39389,732983,433122,a,,,,,,,4,6.3,6,19,257,3,2,1,0,7,0,17,1,3,13,1.18,1.14,2.32,4.70,6.3,6.3
2026-09-07T00:13:54+00:00,2026-09-06,daily,4,2026-09-12T12:30:00Z,101,Henderson,CHE,MID,50,0,0,0.0,63,207,486,1664,d,Wrist injury - 75% chance of playing,2026-08-09T09:30:07.136250Z,75,75,,,,0.0,0,0,0,0,0,0,0,0,0,0,0,0,0,0.00,0.00,0.00,0.00,0.0,0.0
2026-09-07T00:13:54+00:00,2026-09-06,daily,4,2026-09-12T12:30:00Z,136,Welbeck,CHE,FWD,59,0,-1,0.8,2444,4554,13453,51355,a,,2026-08-20T14:00:07.949090Z,100,100,,,,0.3,1,1,3,0,0,0,0,0,0,0,0,0,0,0.00,0.00,0.00,0.00,0.3,0.3
2026-09-07T00:13:54+00:00,2026-09-06,daily,4,2026-09-12T12:30:00Z,140,Sánchez,CHE,GKP,49,0,-1,1.1,0,19181,10847,130734,u,Has joined Como on loan for the rest of the season,2026-09-02T16:20:41.841936Z,0,0,,,,0.7,0,2,90,1,0,0,0,2,4,0,1,0,5,0.00,0.01,0.01,1.33,0.0,0.0
2026-09-07T00:13:54+00:00,2026-09-06,daily,4,2026-09-12T12:30:00Z,141,Jörgensen,CHE,GKP,50,0,0,0.0,0,54,0,825,u,Has joined RC Strasbourg on loan for the rest of the season,2026-08-12T14:07:02.607115Z,0,0,,,,0.0,0,0,0,0,0,0,0,0,0,0,0,0,0,0.00,0.00,0.00,0.00,0.0,0.0
2026-09-07T00:13:54+00:00,2026-09-06,daily,4,2026-09-12T12:30:00Z,142,James,CHE,DEF,54,-1,-1,7.9,14171,29682,103735,322162,a,,,,,,1,1,0.7,1,2,202,2,0,0,0,5,0,9,9,0,11,0.17,0.12,0.29,3.52,0.7,0.7
2026-09-07T00:13:54+00:00,2026-09-06,daily,4,2026-09-12T12:30:00Z,143,Chalobah,CHE,DEF,55,0,0,0.1,0,571,0,12158,u,Has joined Como permanently,2026-08-10T14:03:50.769483Z,0,0,,,,0.0,0,0,0,0,0,0,0,0,0,0,0,0,0,0.00,0.00,0.00,0.00,0.0,0.0
2026-09-07T00:13:54+00:00,2026-09-06,daily,4,2026-09-12T12:30:00Z,144,Gusto,CHE,DEF,50,0,0,1.1,2937,4759,26188,37227,a,,,,,,,,1.0,1,3,195,2,0,0,0,5,0,10,6,4,9,0.04,0.05,0.09,2.66,1.0,1.0
2026-09-07T00:13:54+00:00,2026-09-06,daily,4,2026-09-12T12:30:00Z,145,Fofana,CHE,DEF,50,0,0,0.1,2273,489,5665,1978,a,,2026-07-23T12:01:23.464591Z,100,100,,,,1.0,3,3,157,2,0,0,0,4,0,26,23,3,3,0.00,0.05,0.05,3.31,1.0,1.0
2026-09-07T00:13:54+00:00,2026-09-06,daily,4,2026-09-12T12:30:00Z,146,B.Badiashile,CHE,DEF,45,0,0,0.0,0,117,232,1636,u,Has joined Napoli on loan for the rest of the season,2026-08-25T14:03:47.079414Z,0,0,,,,0.0,0,0,0,0,0,0,0,0,0,0,0,0,0,0.00,0.00,0.00,0.00,0.0,0.0
2026-09-07T00:13:54+00:00,2026-09-06,daily,4,2026-09-12T12:30:00Z,148,Hato,CHE,DEF,45,0,0,0.8,16517,3907,43391,18818,a,,,,,,,,2.7,3,8,213,3,0,2,0,7,0,15,9,6,7,0.01,0.11,0.12,4.37,2.7,2.7
2026-09-07T00:13:54+00:00,2026-09-06,daily,4,2026-09-12T12:30:00Z,149,Colwill,CHE,DEF,49,-1,-1,1.2,2337,7187,20628,58564,a,,,,,,,,0.3,0,1,161,2,0,0,0,4,0,13,10,3,5,0.01,0.03,0.04,2.64,0.3,0.3
2026-09-07T00:13:54+00:00,2026-09-06,daily,4,2026-09-12T12:30:00Z,150,M.Sarr,CHE,DEF,45,0,0,0.0,0,418,429,4716,u,Has joined Real Sociedad on loan for the rest of the season,2026-08-29T00:34:23.077418Z,0,0,,,,0.0,0,0,0,0,0,0,0,0,0,0,0,0,0,0.00,0.00,0.00,0.00,0.0,0.0
2026-09-07T00:13:54+00:00,2026-09-06,daily,4,2026-09-12T12:30:00Z,151,Acheampong,CHE,DEF,45,0,0,0.4,1611,1355,14468,11270,a,,,,,,,,1.7,1,5,202,2,0,0,0,5,0,19,13,6,7,0.00,0.02,0.02,3.52,1.7,1.7
2026-09-07T00:13:54+00:00,2026-09-06,daily,4,2026-09-12T12:30:00Z,152,Palestra,CHE,DEF,54,0,-1,1.2,272,10632,6053,160572,d,Unspecified injury - 75% chance of playing,2026-08-24T18:30:07.421239Z,75,75,,,,0.0,0,0,0,0,0,0,0,0,0,0,0,0,0,0.00,0.00,0.00,0.00,0.0,0.0
2026-09-07T00:13:54+00:00,2026-09-06,daily,4,2026-09-12T12:30:00Z,154,Palmer,CHE,MID,96,0,1,20.8,200415,35431,965189,260191,a,,2026-08-24T22:00:07.971542Z,100,100,1,3,,7.0,1,21,262,3,2,1,0,7,0,20,2,4,14,1.05,0.36,1.41,4.70,7.0,7.0
2026-09-07T00:13:54+00:00,2026-09-06,daily,4,2026-09-12T12:30:00Z,156,Neto,CHE,MID,65,0,0,1.3,7739,4760,35252,47701,a,,,,,,4,2,3.3,2,10,161,2,1,0,0,4,0,15,5,2,8,0.47,0.43,0.90,3.53,3.3,3.3
2026-09-07T00:13:54+00:00,2026-09-06,daily,4,2026-09-12T12:30:00Z,157,Estêvão,CHE,MID,64,0,-1,0.8,1255,5237,10305,63773,a,,,,,3,,5,0.7,1,2,16,0,0,0,0,0,0,1,0,0,1,0.04,0.00,0.04,0.09,0.7,0.7
2026-09-07T00:13:54+00:00,2026-09-06,daily,4,2026-09-12T12:30:00Z,158,Gittens,CHE,MID,59,0,-1,0.0,102,182,633,1930,a,,,,,,,,0.0,0,0,0,0,0,0,0,0,0,0,0,0,0,0.00,0.00,0.00,0.00,0.0,0.0
2026-09-07T00:13:54+00:00,2026-09-06,daily,4,2026-09-12T12:30:00Z,159,Caicedo,CHE,MID,54,0,-1,1.8,780,15665,13492,206139,d,Unspecified injury - 75% chance of playing,2026-08-30T16:00:08.393562Z,75,75,,,,0.3,0,1,13,0,0,0,0,0,0,0,0,0,0,0.00,0.00,0.00,0.07,0.2,0.2
2026-09-07T00:13:54+00:00,2026-09-06,daily,4,2026-09-12T12:30:00Z,161,Lavia,CHE,MID,50,0,0,0.2,2919,1237,17816,5914,a,,,,,,,,3.0,1,9,190,3,1,0,0,6,0,22,7,5,10,0.75,0.04,0.79,4.22,3.0,3.0
2026-09-07T00:13:54+00:00,2026-09-06,daily,4,2026-09-12T12:30:00Z,163,D.Essugo,CHE,MID,45,0,0,0.1,0,1864,2698,9344,u,Has joined RC Strasbourg on loan for the rest of the season,2026-09-02T16:20:41.865225Z,0,0,,,,0.0,0,0,0,0,0,0,0,0,0,0,0,0,0,0.00,0.00,0.00,0.00,0.0,0.0
2026-09-07T00:13:54+00:00,2026-09-06,daily,4,2026-09-12T12:30:00Z,164,Quenda,CHE,MID,54,0,-1,0.0,82,212,605,2228,a,,2026-07-24T20:30:10.609931Z,100,100,,,,0.3,0,1,8,0,0,0,0,0,0,1,1,0,0,0.00,0.00,0.00,0.09,0.3,0.3
2026-09-07T00:13:54+00:00,2026-09-06,daily,4,2026-09-12T12:30:00Z,165,João Pedro,CHE,FWD,77,0,2,71.9,127036,35413,978752,254349,a,,,,,,,,7.0,1,21,270,3,2,2,0,7,0,7,1,1,5,1.88,0.15,2.03,4.79,7.0,7.0
2026-09-07T00:13:54+00:00,2026-09-06,daily,4,2026-09-12T12:30:00Z,168,Marc Guiu,CHE,FWD,50,0,0,0.3,0,3840,4102,22773,u,Has joined RB Leipzig permanently,2026-09-01T13:24:48.857362Z,0,0,,,,0.0,0,0,0,0,0,0,0,0,0,0,0,0,0,0.00,0.00,0.00,0.00,0.0,0.0
2026-09-07T00:13:54+00:00,2026-09-06,daily,4,2026-09-12T12:30:00Z,169,Mheuka,CHE,FWD,45,0,0,0.4,3099,2013,14467,12180,a,,,,,,,,0.0,0,0,0,0,0,0,0,0,0,0,0,0,0,0.00,0.00,0.00,0.00,0.0,0.0
2026-09-07T00:13:54+00:00,2026-09-06,daily,4,2026-09-12T12:30:00Z,170,Emegha,CHE,FWD,50,0,0,0.2,1133,993,5292,6575,a,,2026-07-24T20:30:10.622380Z,100,100,,,,0.0,0,0,0,0,0,0,0,0,0,0,0,0,0,0.00,0.00,0.00,0.00,0.0,0.0
2026-09-07T00:13:54+00:00,2026-09-06,daily,4,2026-09-12T12:30:00Z,200,Lacroix,CHE,DEF,60,0,0,8.2,17701,24574,114102,219591,a,,,,,,,,3.0,2,9,270,3,0,1,0,7,0,32,24,8,5,0.02,0.21,0.23,4.79,3.0,3.0
2026-09-07T00:13:54+00:00,2026-09-06,daily,4,2026-09-12T12:30:00Z,560,Penders,CHE,GKP,45,0,0,0.1,79,249,837,2146,a,,,,,,,,0.0,0,0,0,0,0,0,0,0,0,0,0,0,0,0.00,0.00,0.00,0.00,0.0,0.0
2026-09-07T00:13:54+00:00,2026-09-06,daily,4,2026-09-12T12:30:00Z,561,Anselmino,CHE,DEF,45,0,0,0.0,89,62,436,782,a,,2026-08-23T19:00:08.536705Z,100,100,,,,0.0,0,0,0,0,0,0,0,0,0,0,0,0,0,0.00,0.00,0.00,0.00,0.0,0.0
2026-09-07T00:13:54+00:00,2026-09-06,daily,4,2026-09-12T12:30:00Z,568,Barco,CHE,MID,55,0,0,0.1,268,481,1851,4215,a,,,,,,,,0.3,0,1,8,0,0,0,0,1,0,1,1,0,0,0.04,0.00,0.04,0.07,0.3,0.3
2026-09-07T00:13:54+00:00,2026-09-06,daily,4,2026-09-12T12:30:00Z,583,Chavarria,CHE,DEF,49,-1,-1,0.2,207,704,1952,7339,a,,,,,,,,1.0,1,3,73,0,0,0,0,1,0,6,4,2,3,0.00,0.02,0.02,0.51,1.0,1.0
2026-09-07T00:13:54+00:00,2026-09-06,daily,4,2026-09-12T12:30:00Z,91,Pinnock,COV,DEF,45,0,0,0.1,222,218,1301,2505,a,,,,,,,,1.3,3,4,102,1,0,0,0,2,0,15,14,1,2,0.11,0.00,0.11,2.66,1.3,1.3
2026-09-07T00:13:54+00:00,2026-09-06,daily,4,2026-09-12T12:30:00Z,104,Onyeka,COV,MID,49,-1,-1,0.1,118,517,2953,6322,a,,,,,,,,1.3,2,4,152,2,0,0,0,4,0,12,3,2,7,0.00,0.01,0.01,3.05,1.3,1.3
2026-09-07T00:13:54+00:00,2026-09-06,daily,4,2026-09-12T12:30:00Z,110,Rushworth,COV,GKP,45,0,0,1.0,1528,5195,16397,28820,a,,,,,,,,1.7,2,5,270,3,0,0,0,5,5,0,3,0,29,0.00,0.01,0.01,4.72,1.7,1.7
2026-09-07T00:13:54+00:00,2026-09-06,daily,4,2026-09-12T12:30:00Z,171,Dovin,COV,GKP,40,0,0,1.3,0,6747,8924,31453,u,Has joined Leyton Orient on loan for the rest of the season,2026-09-02T15:44:14.839336Z,0,0,,,,0.0,0,0,0,0,0,0,0,0,0,0,0,0,0,0.00,0.00,0.00,0.00,0.0,0.0
2026-09-07T00:13:54+00:00,2026-09-06,daily,4,2026-09-12T12:30:00Z,172,Wilson,COV,GKP,45,0,0,0.4,89,689,581,8336,a,,,,,,,,0.0,0,0,0,0,0,0,0,0,0,0,0,0,0,0.00,0.00,0.00,0.00,0.0,0.0
2026-09-07T00:13:54+00:00,2026-09-06,daily,4,2026-09-12T12:30:00Z,173,Thomas,COV,DEF,40,0,0,8.6,36352,22635,188571,116192,a,,,,,,,,5.0,4,15,257,3,0,0,1,4,0,31,29,2,11,0.24,0.19,0.43,4.18,5.0,5.0
2026-09-07T00:13:54+00:00,2026-09-06,daily,4,2026-09-12T12:30:00Z,174,Kitching,COV,DEF,40,0,0,0.5,0,3914,981,19137,u,Has joined Sheffield United on loan for the rest of the season,2026-09-02T16:21:03.612394Z,0,0,,,,0.0,0,0,0,0,0,0,0,0,0,0,0,0,0,0.00,0.00,0.00,0.00,0.0,0.0
2026-09-07T00:13:54+00:00,2026-09-06,daily,4,2026-09-12T12:30:00Z,175,van Ewijk,COV,DEF,40,0,0,11.4,10571,42785,86734,214610,a,,,,,,,,2.0,3,6,270,3,0,0,0,5,0,20,15,5,10,0.00,0.26,0.26,4.72,2.0,2.0
2026-09-07T00:13:54+00:00,2026-09-06,daily,4,2026-09-12T12:30:00Z,176,Dasilva,COV,DEF,40,0,0,0.7,666,1313,6554,12553,a,,,,,,,,1.7,2,5,264,3,0,0,0,5,0,16,12,4,7,0.18,0.15,0.33,4.72,1.7,1.7
2026-09-07T00:13:54+00:00,2026-09-06,daily,4,2026-09-12T12:30:00Z,177,Kesler-Hayden,COV,DEF,40,0,0,0.0,46,231,345,2243,i,Hamstring injury - Unknown return date,2026-08-27T14:56:28.704361Z,0,0,,,,0.0,0,0,0,0,0,0,0,0,0,0,0,0,0,0.00,0.00,0.00,0.00,0.0,0.0
2026-09-07T00:13:54+00:00,2026-09-06,daily,4,2026-09-12T12:30:00Z,178,Bidwell,COV,DEF,40,0,0,0.1,240,252,1409,1974,a,,,,,,,,0.0,0,0,0,0,0,0,0,0,0,0,0,0,0,0.00,0.00,0.00,0.00,0.0,0.0
2026-09-07T00:13:54+00:00,2026-09-06,daily,4,2026-09-12T12:30:00Z,179,Latibeaudiere,COV,DEF,40,0,0,0.0,97,116,576,1016,a,,,,,,,,0.0,0,0,0,0,0,0,0,0,0,0,0,0,0,0.00,0.00,0.00,0.00,0.0,0.0
2026-09-07T00:13:54+00:00,2026-09-06,daily,4,2026-09-12T12:30:00Z,180,Woolfenden,COV,DEF,40,0,0,0.1,142,684,1747,6093,i,Knee injury - Unknown return date,2026-08-27T14:56:28.718566Z,0,0,,,,0.0,0,0,0,0,0,0,0,0,0,0,0,0,0,0.00,0.00,0.00,0.00,0.0,0.0
2026-09-07T00:13:54+00:00,2026-09-06,daily,4,2026-09-12T12:30:00Z,181,Brau,COV,DEF,40,0,0,0.0,0,151,275,1464,u,Has joined Academico de Viseu on loan for the rest of the season,2026-08-29T00:35:59.980316Z,0,0,,,,0.0,0,0,0,0,0,0,0,0,0,0,0,0,0,0.00,0.00,0.00,0.00,0.0,0.0
2026-09-07T00:13:54+00:00,2026-09-06,daily,4,2026-09-12T12:30:00Z,182,Amenda,COV,DEF,40,0,0,0.8,1181,1946,7633,14534,a,,,,,,,,1.3,2,4,270,3,0,0,0,5,0,16,15,1,11,0.02,0.39,0.41,4.72,1.3,1.3
2026-09-07T00:13:54+00:00,2026-09-06,daily,4,2026-09-12T12:30:00Z,183,Rudoni,COV,MID,50,0,0,0.1,290,546,2246,4414,a,,2026-07-23T12:01:23.481435Z,100,100,,1,4,2.0,2,6,152,2,0,0,1,1,0,16,3,3,10,0.50,0.18,0.68,1.48,2.0,2.0
2026-09-07T00:13:54+00:00,2026-09-06,daily,4,2026-09-12T12:30:00Z,184,Grimes,COV,MID,50,0,0,0.2,178,808,2949,6348,a,,,,,3,,1,2.0,2,6,270,3,0,0,0,5,0,25,8,5,12,0.05,0.05,0.10,4.72,2.0,2.0
2026-09-07T00:13:54+00:00,2026-09-06,daily,4,2026-09-12T12:30:00Z,185,Sakamoto,COV,MID,49,0,-1,0.1,104,361,645,3559,a,,,,,,,,0.3,0,1,31,0,0,0,0,1,0,4,0,2,2,0.02,0.02,0.04,0.69,0.3,0.3
2026-09-07T00:13:54+00:00,2026-09-06,daily,4,2026-09-12T12:30:00Z,186,Mason-Clark,COV,MID,54,0,-1,0.1,68,316,785,3982,a,,2026-08-19T18:00:08.310507Z,100,100,,,,1.0,2,3,127,2,0,0,0,1,0,9,4,0,5,0.00,0.06,0.06,1.19,1.0,1.0
2026-09-07T00:13:54+00:00,2026-09-06,daily,4,2026-09-12T12:30:00Z,187,Eccles,COV,MID,49,0,-1,0.0,37,89,540,792,a,,,,,,,,0.0,0,0,0,0,0,0,0,0,0,0,0,0,0,0.00,0.00,0.00,0.00,0.0,0.0
2026-09-07T00:13:54+00:00,2026-09-06,daily,4,2026-09-12T12:30:00Z,188,Torp,COV,MID,54,0,-1,0.1,23,477,672,5273,a,,,,,2,2,2,0.7,0,2,47,0,0,0,0,1,0,3,1,0,2,0.00,0.12,0.12,1.01,0.7,0.7
2026-09-07T00:13:54+00:00,2026-09-06,daily,4,2026-09-12T12:30:00Z,189,Shepherd,COV,MID,45,0,0,0.3,494,879,3204,7789,a,,,,,,,,0.0,0,0,0,0,0,0,0,0,0,0,0,0,0,0.00,0.00,0.00,0.00,0.0,0.0
2026-09-07T00:13:54+00:00,2026-09-06,daily,4,2026-09-12T12:30:00Z,190,Tchaouna,COV,MID,55,0,0,0.1,59,432,2949,5635,a,,,,,,,5,1.3,1,4,166,2,0,0,0,3,0,15,5,1,9,0.19,0.18,0.37,2.73,1.3,1.3
2026-09-07T00:13:54+00:00,2026-09-06,daily,4,2026-09-12T12:30:00Z,191,Borges Rodrigues,COV,MID,45,0,0,0.1,0,1324,1943,6885,u,Has joined Burton Albion on loan for the rest of the season,2026-09-02T15:44:14.868001Z,0,0,,,,0.0,0,0,0,0,0,0,0,0,0,0,0,0,0,0.00,0.00,0.00,0.00,0.0,0.0
2026-09-07T00:13:54+00:00,2026-09-06,daily,4,2026-09-12T12:30:00Z,192,Andrews,COV,MID,45,0,0,0.4,0,2802,2718,27761,u,Has joined Oxford United on loan for the rest of the season,2026-08-29T00:35:59.998520Z,0,0,,,,0.0,0,0,0,0,0,0,0,0,0,0,0,0,0,0.00,0.00,0.00,0.00,0.0,0.0
2026-09-07T00:13:54+00:00,2026-09-06,daily,4,2026-09-12T12:30:00Z,193,Wright,COV,FWD,54,0,-1,0.1,63,689,416,9462,i,Thigh injury - Unknown return date,2026-08-14T22:00:07.214508Z,0,0,1,,,0.0,0,0,0,0,0,0,0,0,0,0,0,0,0,0.00,0.00,0.00,0.00,0.0,0.0
2026-09-07T00:13:54+00:00,2026-09-06,daily,4,2026-09-12T12:30:00Z,194,Thomas-Asante,COV,FWD,50,0,0,0.8,4006,3954,34989,29341,a,,,,,4,,,1.3,1,4,120,1,0,0,0,4,0,11,6,0,5,0.00,0.02,0.02,3.24,1.3,1.3
2026-09-07T00:13:54+00:00,2026-09-06,daily,4,2026-09-12T12:30:00Z,195,Simms,COV,FWD,50,0,0,0.8,1935,4372,31928,35976,a,,,,,,,,1.0,1,3,88,1,0,0,0,3,0,3,1,0,2,0.30,0.01,0.31,2.55,1.0,1.0
2026-09-07T00:13:54+00:00,2026-09-06,daily,4,2026-09-12T12:30:00Z,196,Markelo,COV,FWD,50,0,0,0.0,0,49,0,935,u,Has joined Shabab Al-Ahli Dubai permanently,2026-08-17T13:53:55.791223Z,0,0,,,,0.0,0,0,0,0,0,0,0,0,0,0,0,0,0,0.00,0.00,0.00,0.00,0.0,0.0
2026-09-07T00:13:54+00:00,2026-09-06,daily,4,2026-09-12T12:30:00Z,197,Bassette,COV,FWD,45,0,0,0.0,0,169,0,1505,u,Has joined KVC Westerlo on loan for the rest of the season,2026-07-28T12:58:50.001768Z,0,0,,,,0.0,0,0,0,0,0,0,0,0,0,0,0,0,0,0.00,0.00,0.00,0.00,0.0,0.0
2026-09-07T00:13:54+00:00,2026-09-06,daily,4,2026-09-12T12:30:00Z,492,Awoniyi,COV,FWD,55,0,0,0.7,2189,2872,15685,30321,a,,,,,5,,,1.7,2,5,180,2,0,0,0,2,0,9,3,0,6,1.24,0.03,1.27,2.18,1.7,1.7
2026-09-07T00:13:54+00:00,2026-09-06,daily,4,2026-09-12T12:30:00Z,575,Yirenkyi,COV,MID,49,-1,-1,0.2,138,1108,1913,7899,a,,,,,,,,1.7,1,5,158,2,0,0,1,3,0,16,5,0,11,0.03,0.13,0.16,2.53,1.7,1.7
2026-09-07T00:13:54+00:00,2026-09-06,daily,4,2026-09-12T12:30:00Z,584,Hamer,COV,MID,54,-1,-1,0.1,59,408,598,4115,a,,,,,,,3,1.0,1,3,32,0,0,0,0,1,0,3,0,1,2,0.00,0.02,0.02,0.82,1.0,1.0
2026-09-07T00:13:54+00:00,2026-09-06,daily,4,2026-09-12T12:30:00Z,599,Cherif,COV,FWD,50,0,0,0.1,452,544,4403,4299,a,,,,,,,,0.0,0,0,0,0,0,0,0,0,0,0,0,0,0,0.00,0.00,0.00,0.00,0.0,0.0
2026-09-07T00:13:54+00:00,2026-09-06,daily,4,2026-09-12T12:30:00Z,623,Bentley,COV,GKP,40,0,0,0.3,8815,1108,28895,3935,a,,,,,,,,0.0,0,0,0,0,0,0,0,0,0,0,0,0,0,0.00,0.00,0.00,0.00,0.0,0.0
2026-09-07T00:13:54+00:00,2026-09-06,daily,4,2026-09-12T12:30:00Z,42,Guessand,CRY,MID,55,0,0,0.0,387,363,1426,1964,a,,,,,,,,0.7,0,2,54,0,0,0,0,1,0,2,1,1,0,0.03,0.03,0.06,0.34,0.7,0.7
2026-09-07T00:13:54+00:00,2026-09-06,daily,4,2026-09-12T12:30:00Z,153,Disasi,CRY,DEF,45,0,0,0.1,1422,517,3458,2373,a,,,,,,,,1.3,3,4,106,1,0,0,0,3,0,14,9,5,9,0.00,0.04,0.04,3.34,1.3,1.3
2026-09-07T00:13:54+00:00,2026-09-06,daily,4,2026-09-12T12:30:00Z,198,Henderson,CRY,GKP,50,0,0,1.9,7625,4760,28536,36869,a,,2026-08-20T14:00:08.018379Z,100,100,,,,1.7,2,5,270,3,0,0,0,8,12,0,6,0,31,0.00,0.00,0.00,6.47,1.7,1.7
2026-09-07T00:13:54+00:00,2026-09-06,daily,4,2026-09-12T12:30:00Z,199,Benitez,CRY,GKP,45,0,0,0.1,196,318,1312,2988,a,,,,,,,,0.0,0,0,0,0,0,0,0,0,0,0,0,0,0,0.00,0.00,0.00,0.00,0.0,0.0
2026-09-07T00:13:54+00:00,2026-09-06,daily,4,2026-09-12T12:30:00Z,202,Richards,CRY,DEF,50,0,0,0.7,2266,2520,12219,20145,a,,,,,,,,1.3,1,4,270,3,0,0,0,8,0,31,26,5,7,0.08,0.00,0.08,6.47,1.3,1.3
2026-09-07T00:13:54+00:00,2026-09-06,daily,4,2026-09-12T12:30:00Z,203,Canvot,CRY,DEF,49,0,-1,0.2,755,1255,3284,11041,a,,,,,,,,0.7,1,2,270,3,0,0,0,8,0,24,17,7,6,0.05,0.01,0.06,6.47,0.7,0.7
2026-09-07T00:13:54+00:00,2026-09-06,daily,4,2026-09-12T12:30:00Z,204,Mitchell,CRY,DEF,45,0,0,5.2,63873,10073,78889,137995,a,,,,,,,,5.3,15,16,253,3,2,0,0,8,0,16,10,6,7,0.77,0.18,0.95,5.90,5.3,5.3
2026-09-07T00:13:54+00:00,2026-09-06,daily,4,2026-09-12T12:30:00Z,205,Sosa,CRY,DEF,45,0,0,0.0,0,311,236,1367,u,Has joined FC Cologne on loan for the rest of the season,2026-09-02T16:03:25.710518Z,0,0,,,,0.0,0,0,0,0,0,0,0,0,0,0,0,0,0,0.00,0.00,0.00,0.00,0.0,0.0
2026-09-07T00:13:54+00:00,2026-09-06,daily,4,2026-09-12T12:30:00Z,206,Chadi Riad,CRY,DEF,44,0,-1,0.0,16,261,529,4720,i,Knee injury - Unknown return date,2026-08-22T18:00:07.352049Z,0,0,,,,0.3,0,1,72,1,0,0,0,2,0,7,6,1,3,0.00,0.01,0.01,0.98,0.0,0.0
2026-09-07T00:13:54+00:00,2026-09-06,daily,4,2026-09-12T12:30:00Z,207,Mingueza,CRY,DEF,44,0,-1,0.1,227,320,1196,2911,a,,,,,,,,0.7,1,2,16,0,0,0,0,1,0,2,0,2,1,0.00,0.00,0.00,0.33,0.7,0.7
2026-09-07T00:13:54+00:00,2026-09-06,daily,4,2026-09-12T12:30:00Z,208,Sarr,CRY,MID,63,0,-2,1.0,71,12380,2503,337387,i,Groin injury - Unknown return date,2026-08-22T18:00:07.363165Z,0,0,2,,,0.0,0,0,0,0,0,0,0,0,0,0,0,0,0,0.00,0.00,0.00,0.00,0.0,0.0
2026-09-07T00:13:54+00:00,2026-09-06,daily,4,2026-09-12T12:30:00Z,210,Wharton,CRY,MID,55,0,0,0.9,3076,3136,19862,24656,a,,2026-07-23T12:01:23.498963Z,100,100,,,2,2.7,2,8,270,3,0,0,0,8,0,29,11,7,11,0.00,0.32,0.32,6.47,2.7,2.7
2026-09-07T00:13:54+00:00,2026-09-06,daily,4,2026-09-12T12:30:00Z,211,Yeremy,CRY,MID,55,0,0,0.3,6808,1342,12573,6382,a,,,,,,1,1,3.7,5,11,190,2,0,2,0,5,0,20,3,5,12,0.36,0.39,0.75,5.29,3.7,3.7
2026-09-07T00:13:54+00:00,2026-09-06,daily,4,2026-09-12T12:30:00Z,212,Hughes,CRY,MID,45,0,0,9.2,9304,31595,67074,255386,a,,,,,,,4,0.3,1,1,16,0,0,0,0,0,0,3,2,0,1,0.00,0.00,0.00,0.57,0.3,0.3
2026-09-07T00:13:54+00:00,2026-09-06,daily,4,2026-09-12T12:30:00Z,213,Lerma,CRY,MID,49,0,-1,0.1,118,356,818,3548,a,,,,,,,,0.0,0,0,0,0,0,0,0,0,0,0,0,0,0,0.00,0.00,0.00,0.00,0.0,0.0
2026-09-07T00:13:54+00:00,2026-09-06,daily,4,2026-09-12T12:30:00Z,214,Kamada,CRY,MID,50,0,0,0.3,3877,1371,10114,9017,a,,,,,,,3,3.3,5,10,268,3,0,1,0,8,0,27,4,9,14,0.05,0.30,0.35,6.34,3.3,3.3
2026-09-07T00:13:54+00:00,2026-09-06,daily,4,2026-09-12T12:30:00Z,215,Devenny,CRY,MID,50,0,0,0.0,0,135,132,649,u,Has joined Stoke City permanently,2026-09-02T15:41:07.346849Z,0,0,3,2,,0.0,0,0,0,0,0,0,0,0,0,0,0,0,0,0.00,0.00,0.00,0.00,0.0,0.0
2026-09-07T00:13:54+00:00,2026-09-06,daily,4,2026-09-12T12:30:00Z,216,Esse,CRY,MID,50,0,0,0.0,0,452,399,2195,u,Has joined Millwall on loan for the rest of the season,2026-09-02T15:41:07.376544Z,0,0,,,,0.0,0,0,0,0,0,0,0,0,0,0,0,0,0,0.00,0.00,0.00,0.00,0.0,0.0
2026-09-07T00:13:54+00:00,2026-09-06,daily,4,2026-09-12T12:30:00Z,217,M.França,CRY,MID,49,0,-1,0.0,30,254,980,2074,a,,,,,,,,0.0,0,0,0,0,0,0,0,0,0,0,0,0,0,0.00,0.00,0.00,0.00,0.0,0.0
2026-09-07T00:13:54+00:00,2026-09-06,daily,4,2026-09-12T12:30:00Z,218,Doucouré,CRY,MID,49,0,-1,0.1,192,310,1424,2689,a,,,,,,,,0.0,0,0,0,0,0,0,0,0,0,0,0,0,0,0.00,0.00,0.00,0.00,0.0,0.0
2026-09-07T00:13:54+00:00,2026-09-06,daily,4,2026-09-12T12:30:00Z,219,J.Rak-Sakyi,CRY,MID,50,0,0,0.0,24,28,114,229,a,,,,,,,,0.0,0,0,0,0,0,0,0,0,0,0,0,0,0,0.00,0.00,0.00,0.00,0.0,0.0
2026-09-07T00:13:54+00:00,2026-09-06,daily,4,2026-09-12T12:30:00Z,220,Cardines,CRY,DEF,45,0,0,0.0,0,7,0,111,u,Has joined Bristol City on loan for the rest of the season,2026-08-12T14:08:46.501813Z,0,0,,,,0.0,0,0,0,0,0,0,0,0,0,0,0,0,0,0.00,0.00,0.00,0.00,0.0,0.0
2026-09-07T00:13:54+00:00,2026-09-06,daily,4,2026-09-12T12:30:00Z,221,Drakes-Thomas,CRY,MID,45,0,0,0.1,367,330,1705,2509,a,,,,,,,,0.0,0,0,0,0,0,0,0,0,0,0,0,0,0,0.00,0.00,0.00,0.00,0.0,0.0
2026-09-07T00:13:54+00:00,2026-09-06,daily,4,2026-09-12T12:30:00Z,222,Strand Larsen,CRY,FWD,60,0,0,0.5,2386,2429,11420,18705,a,,,,,,,,1.3,1,4,134,1,0,0,0,3,0,8,3,1,4,0.30,0.01,0.31,3.69,1.3,1.3
2026-09-07T00:13:54+00:00,2026-09-06,daily,4,2026-09-12T12:30:00Z,223,Mateta,CRY,FWD,64,0,-1,2.1,134,25847,25312,368808,i,Hamstring injury - Expected back 11 Oct,2026-08-28T21:00:08.020382Z,0,0,1,,,0.7,0,2,62,1,0,0,0,2,0,5,1,2,2,0.70,0.02,0.72,0.98,0.0,0.0
2026-09-07T00:13:54+00:00,2026-09-06,daily,4,2026-09-12T12:30:00Z,224,Nketiah,CRY,FWD,55,0,0,0.6,8729,2248,23866,16312,a,,,,,,,,2.3,4,7,167,3,0,1,0,7,0,11,2,4,5,1.10,0.58,1.68,4.45,2.3,2.3
2026-09-07T00:13:54+00:00,2026-09-06,daily,4,2026-09-12T12:30:00Z,225,Uche,CRY,FWD,50,0,0,0.0,0,0,0,0,u,has returned to Getafe CF,2026-07-23T12:18:56.275922Z,0,0,,,,0.0,0,0,0,0,0,0,0,0,0,0,0,0,0,0.00,0.00,0.00,0.00,0.0,0.0
2026-09-07T00:13:54+00:00,2026-09-06,daily,4,2026-09-12T12:30:00Z,241,McNeil,CRY,MID,54,-1,-1,0.1,159,598,1171,4908,a,,,,,,,,1.0,0,3,84,1,0,0,0,3,0,7,4,0,3,0.05,0.02,0.07,1.18,1.0,1.0
2026-09-07T00:13:54+00:00,2026-09-06,daily,4,2026-09-12T12:30:00Z,555,Matthews,CRY,GKP,40,0,0,1.8,1631,2475,15142,17373,a,,,,,,,,0.0,0,0,0,0,0,0,0,0,0,0,0,0,0,0.00,0.00,0.00,0.00,0.0,0.0
2026-09-07T00:13:54+00:00,2026-09-06,daily,4,2026-09-12T12:30:00Z,577,Tomiyasu,CRY,DEF,45,0,0,0.3,190,994,2397,7091,a,,,,,,,,0.7,0,2,91,1,0,0,0,3,0,9,8,1,4,0.00,0.01,0.01,2.15,0.7,0.7
2026-09-07T00:13:54+00:00,2026-09-06,daily,4,2026-09-12T12:30:00Z,588,Khalaili,CRY,DEF,50,0,0,0.2,2199,658,6709,3034,a,,,,,,,,2.0,3,6,199,2,0,0,0,5,0,33,16,17,11,0.74,0.17,0.91,5.42,2.0,2.0
2026-09-07T00:13:54+00:00,2026-09-06,daily,4,2026-09-12T12:30:00Z,595,Gozo,CRY,MID,50,0,0,0.0,33,64,292,461,a,,,,,,,,0.3,0,1,22,0,0,0,0,1,0,1,0,1,0,0.00,0.00,0.00,0.20,0.3,0.3
2026-09-07T00:13:54+00:00,2026-09-06,daily,4,2026-09-12T12:30:00Z,633,Ahanor,CRY,DEF,45,0,0,0.0,122,34,339,66,a,,,,,,,,0.0,0,0,0,0,0,0,0,0,0,0,0,0,0,0.00,0.00,0.00,0.00,1.8,1.8
2026-09-07T00:13:54+00:00,2026-09-06,daily,4,2026-09-12T12:30:00Z,643,Chilwell,CRY,DEF,45,0,0,0.2,9756,945,10519,1029,a,,,,,,,,7.0,7,7,16,0,1,0,0,0,0,0,0,0,0,0.15,0.00,0.15,0.57,1.8,1.8
2026-09-07T00:13:54+00:00,2026-09-06,daily,4,2026-09-12T12:30:00Z,644,Timber,CRY,MID,50,0,0,0.0,652,133,1308,233,a,,,,,,,,2.0,2,2,73,1,0,0,0,2,0,6,2,1,3,0.02,0.00,0.02,2.57,1.5,1.5
2026-09-07T00:13:54+00:00,2026-09-06,daily,4,2026-09-12T12:30:00Z,647,Osorio,CRY,MID,55,0,0,0.0,187,39,648,89,a,,,,,,,,1.0,1,1,1,0,0,0,0,0,0,1,0,1,0,0.00,0.00,0.00,0.13,2.0,2.0
2026-09-07T00:13:54+00:00,2026-09-06,daily,4,2026-09-12T12:30:00Z,21,Nørgaard,EVE,MID,49,0,-1,0.1,41,430,352,5467,i,Groin injury - Unknown return date,2026-08-15T20:00:06.779594Z,0,0,,,,0.0,0,0,0,0,0,0,0,0,0,0,0,0,0,0.00,0.00,0.00,0.00,0.0,0.0
2026-09-07T00:13:54+00:00,2026-09-06,daily,4,2026-09-12T12:30:00Z,209,Johnson,EVE,MID,59,0,-1,0.1,432,684,1950,6741,a,,,,,,,,1.0,1,3,99,1,0,0,0,1,0,12,5,2,5,0.05,0.04,0.09,2.24,1.0,1.0
2026-09-07T00:13:54+00:00,2026-09-06,daily,4,2026-09-12T12:30:00Z,226,Pickford,EVE,GKP,55,0,0,8.7,19135,19962,139152,130076,a,,,,,,,,3.7,1,11,270,3,0,0,1,3,9,0,4,0,35,0.00,0.02,0.02,4.81,3.7,3.7
2026-09-07T00:13:54+00:00,2026-09-06,daily,4,2026-09-12T12:30:00Z,227,Travers,EVE,GKP,50,0,0,0.0,121,130,693,1091,a,,,,,,,,0.0,0,0,0,0,0,0,0,0,0,0,0,0,0,0.00,0.00,0.00,0.00,0.0,0.0
2026-09-07T00:13:54+00:00,2026-09-06,daily,4,2026-09-12T12:30:00Z,228,King,EVE,GKP,45,0,0,0.0,97,149,643,1042,a,,,,,,,,0.0,0,0,0,0,0,0,0,0,0,0,0,0,0,0.00,0.00,0.00,0.00,0.0,0.0
2026-09-07T00:13:54+00:00,2026-09-06,daily,4,2026-09-12T12:30:00Z,229,Tarkowski,EVE,DEF,60,0,0,11.1,50748,25822,305122,148445,a,,,,,,,,7.0,3,21,270,3,1,0,1,3,0,31,26,5,10,0.17,0.02,0.19,4.81,7.0,7.0
2026-09-07T00:13:54+00:00,2026-09-06,daily,4,2026-09-12T12:30:00Z,230,Branthwaite,EVE,DEF,55,0,0,1.8,9259,5146,43863,35449,a,,,,,,,,4.3,3,13,270,3,0,0,1,3,0,31,27,4,9,0.17,0.02,0.19,4.81,4.3,4.3
2026-09-07T00:13:54+00:00,2026-09-06,daily,4,2026-09-12T12:30:00Z,231,Keane,EVE,DEF,49,0,-1,1.0,449,5081,6003,62970,a,,,,,,,,0.0,0,0,0,0,0,0,0,0,0,0,0,0,0,0.00,0.00,0.00,0.00,0.0,0.0
2026-09-07T00:13:54+00:00,2026-09-06,daily,4,2026-09-12T12:30:00Z,232,O'Brien,EVE,DEF,49,0,-1,0.3,240,1324,2572,17493,a,,,,,,,,0.0,0,0,0,0,0,0,0,0,0,0,0,0,0,0.00,0.00,0.00,0.00,0.0,0.0
2026-09-07T00:13:54+00:00,2026-09-06,daily,4,2026-09-12T12:30:00Z,233,Mykolenko,EVE,DEF,45,0,0,1.9,19564,9376,81468,44702,a,,,,,,,,3.7,1,11,270,3,0,0,1,3,0,22,18,4,15,0.00,0.07,0.07,4.81,3.7,3.7
2026-09-07T00:13:54+00:00,2026-09-06,daily,4,2026-09-12T12:30:00Z,234,Patterson,EVE,DEF,45,0,0,0.0,0,341,371,1589,u,Has joined Torino permanently,2026-09-02T16:05:23.326971Z,0,0,,,,0.0,0,0,0,0,0,0,0,0,0,0,0,0,0,0.00,0.00,0.00,0.00,0.0,0.0
2026-09-07T00:13:54+00:00,2026-09-06,daily,4,2026-09-12T12:30:00Z,235,Aznou,EVE,DEF,40,0,0,0.1,0,1296,1728,7165,u,Has joined Malaga on loan for the rest of the season,2026-09-01T13:23:16.934847Z,0,0,,,,0.0,0,0,0,0,0,0,0,0,0,0,0,0,0,0.00,0.00,0.00,0.00,0.0,0.0
2026-09-07T00:13:54+00:00,2026-09-06,daily,4,2026-09-12T12:30:00Z,236,Dewsbury-Hall,EVE,MID,65,0,0,4.4,35767,25474,229275,145358,a,,,,,,,2,5.0,2,15,270,3,1,0,1,3,0,29,3,9,17,0.45,0.40,0.85,4.77,5.0,5.0
2026-09-07T00:13:54+00:00,2026-09-06,daily,4,2026-09-12T12:30:00Z,238,Grealish,EVE,MID,65,0,0,0.3,5925,1947,16648,9882,a,,2026-07-29T10:00:10.492904Z,100,100,,,,0.7,1,2,32,0,0,0,0,1,0,2,0,2,0,0.02,0.13,0.15,0.31,0.7,0.7
2026-09-07T00:13:54+00:00,2026-09-06,daily,4,2026-09-12T12:30:00Z,239,Garner,EVE,MID,60,0,0,0.1,1486,1427,6007,6400,d,Unspecified injury - 75% chance of playing,2026-09-06T18:00:08.301702Z,100,75,2,1,1,1.3,2,4,148,2,0,0,0,2,0,19,2,5,12,0.00,0.11,0.11,1.32,1.3,1.0
2026-09-07T00:13:54+00:00,2026-09-06,daily,4,2026-09-12T12:30:00Z,242,George,EVE,MID,55,0,0,0.3,8712,1675,12745,8957,a,,,,,,,,5.0,10,15,234,3,1,0,1,3,0,13,4,1,8,0.27,0.16,0.43,2.94,5.0,5.0
2026-09-07T00:13:54+00:00,2026-09-06,daily,4,2026-09-12T12:30:00Z,243,Alcaraz,EVE,MID,50,0,0,0.1,234,395,1802,3472,a,,,,,,,,0.3,0,1,5,0,0,0,0,0,0,3,0,1,2,0.05,0.02,0.07,0.04,0.3,0.3
2026-09-07T00:13:54+00:00,2026-09-06,daily,4,2026-09-12T12:30:00Z,244,Armstrong,EVE,MID,50,0,0,0.4,4795,2773,38949,14418,a,,,,,,,,3.7,1,11,266,3,0,1,1,3,0,30,9,6,15,0.09,0.10,0.19,4.81,3.7,3.7
2026-09-07T00:13:54+00:00,2026-09-06,daily,4,2026-09-12T12:30:00Z,245,Dibling,EVE,MID,54,0,-1,0.0,93,158,650,1777,a,,,,,,,,0.0,0,0,0,0,0,0,0,0,0,0,0,0,0,0.00,0.00,0.00,0.00,0.0,0.0
2026-09-07T00:13:54+00:00,2026-09-06,daily,4,2026-09-12T12:30:00Z,246,Röhl,EVE,MID,50,0,0,0.1,208,314,1306,2117,a,,,,,,,,2.0,1,6,249,3,0,0,1,2,0,24,6,5,13,0.00,0.20,0.20,4.52,2.0,2.0
2026-09-07T00:13:54+00:00,2026-09-06,daily,4,2026-09-12T12:30:00Z,247,Hackney,EVE,MID,55,0,0,0.2,458,648,1801,7564,a,,2026-08-26T22:00:07.797766Z,100,100,,,3,2.7,4,8,121,1,0,1,1,1,0,11,3,3,5,0.05,0.11,0.16,3.49,2.7,2.7
2026-09-07T00:13:54+00:00,2026-09-06,daily,4,2026-09-12T12:30:00Z,248,Beto,EVE,FWD,54,0,-1,1.3,0,26739,16222,151681,u,Has joined Fiorentina permanently,2026-09-02T16:05:23.357221Z,0,0,,,,0.7,0,2,31,0,0,0,0,0,0,1,1,0,0,0.09,0.00,0.09,1.92,0.0,0.0
2026-09-07T00:13:54+00:00,2026-09-06,daily,4,2026-09-12T12:30:00Z,249,Barry,EVE,FWD,56,1,1,5.3,75421,27063,421595,140834,a,,,,,1,,,4.0,2,12,237,3,1,0,1,3,0,10,2,1,7,2.31,0.11,2.42,2.89,4.0,4.0
2026-09-07T00:13:54+00:00,2026-09-06,daily,4,2026-09-12T12:30:00Z,649,Maitland-Niles,EVE,DEF,45,0,0,0.1,3220,369,3779,497,a,,,,,,,,7.0,7,7,13,0,1,0,0,1,0,0,0,0,0,0.03,0.00,0.03,0.29,1.8,1.8
2026-09-07T00:13:54+00:00,2026-09-06,daily,4,2026-09-12T12:30:00Z,654,Graham,EVE,MID,45,0,0,0.0,1107,140,1107,140,a,,,,,,,,0.0,0,0,0,0,0,0,0,0,0,0,0,0,0,0.00,0.00,0.00,0.00,1.0,1.0
2026-09-07T00:13:54+00:00,2026-09-06,daily,4,2026-09-12T12:30:00Z,250,Leno,FUL,GKP,45,0,0,3.1,7077,9176,60811,47782,a,,,,,,,,2.0,1,6,270,3,0,0,0,7,8,0,3,0,25,0.00,0.00,0.00,6.23,2.0,2.0
2026-09-07T00:13:54+00:00,2026-09-06,daily,4,2026-09-12T12:30:00Z,251,Lecomte,FUL,GKP,40,0,0,1.2,2821,1718,13763,13697,a,,,,,,,,0.0,0,0,0,0,0,0,0,0,0,0,0,0,0,0.00,0.00,0.00,0.00,0.0,0.0
2026-09-07T00:13:54+00:00,2026-09-06,daily,4,2026-09-12T12:30:00Z,252,McNally,FUL,GKP,40,0,0,0.1,0,693,2589,3902,u,Has joined York City on loan for the rest of the season,2026-09-01T13:25:11.231240Z,0,0,,,,0.0,0,0,0,0,0,0,0,0,0,0,0,0,0,0.00,0.00,0.00,0.00,0.0,0.0
2026-09-07T00:13:54+00:00,2026-09-06,daily,4,2026-09-12T12:30:00Z,253,Andersen,FUL,DEF,50,0,0,0.1,749,767,8905,3535,a,,2026-07-23T12:01:23.516350Z,100,100,,,,0.7,1,2,180,2,0,0,0,4,0,15,13,2,9,0.00,0.10,0.10,3.99,0.7,0.7
2026-09-07T00:13:54+00:00,2026-09-06,daily,4,2026-09-12T12:30:00Z,254,Robinson,FUL,DEF,45,0,0,1.5,1867,7834,28054,34445,a,,,,,2,,,1.3,1,4,249,3,0,0,0,7,0,15,7,8,12,0.21,0.16,0.37,6.20,1.3,1.3
2026-09-07T00:13:54+00:00,2026-09-06,daily,4,2026-09-12T12:30:00Z,255,J.Cuenca,FUL,DEF,45,0,0,0.0,35,175,1322,1123,a,,,,,,,,1.0,0,3,90,1,0,0,0,3,0,10,9,1,3,0.00,0.03,0.03,2.24,1.0,1.0
2026-09-07T00:13:54+00:00,2026-09-06,daily,4,2026-09-12T12:30:00Z,256,Tete,FUL,DEF,45,0,0,0.2,50,722,818,5799,a,,,,,,,,0.0,0,0,0,0,0,0,0,0,0,0,0,0,0,0.00,0.00,0.00,0.00,0.0,0.0
2026-09-07T00:13:54+00:00,2026-09-06,daily,4,2026-09-12T12:30:00Z,257,Bassey,FUL,DEF,45,0,0,0.7,771,2765,15833,16782,a,,,,,,,,1.0,1,3,270,3,0,0,0,7,0,13,10,3,12,0.02,0.07,0.09,6.23,1.0,1.0
2026-09-07T00:13:54+00:00,2026-09-06,daily,4,2026-09-12T12:30:00Z,258,Castagne,FUL,DEF,45,0,0,0.9,2717,4343,59027,17797,a,,,,,,,,4.3,1,13,247,3,0,2,1,6,0,15,11,4,11,0.67,0.37,1.04,4.47,4.3,4.3
2026-09-07T00:13:54+00:00,2026-09-06,daily,4,2026-09-12T12:30:00Z,261,Iwobi,FUL,MID,55,0,0,0.8,867,4719,14316,30986,a,,,,,3,1,1,2.0,2,6,262,3,0,0,0,7,0,18,4,3,11,0.05,0.70,0.75,6.23,2.0,2.0
2026-09-07T00:13:54+00:00,2026-09-06,daily,4,2026-09-12T12:30:00Z,262,Smith Rowe,FUL,MID,54,-1,-1,0.3,345,1690,3184,12964,a,,,,,,,,0.7,1,2,25,0,0,0,0,0,0,1,0,0,1,0.06,0.02,0.08,0.41,0.7,0.7
2026-09-07T00:13:54+00:00,2026-09-06,daily,4,2026-09-12T12:30:00Z,263,Kevin,FUL,MID,54,0,-1,0.0,102,414,1074,2618,a,,,,,,,4,0.7,0,2,24,0,0,0,0,0,0,3,0,2,1,0.00,0.05,0.05,0.20,0.7,0.7
2026-09-07T00:13:54+00:00,2026-09-06,daily,4,2026-09-12T12:30:00Z,264,Bobb,FUL,MID,55,0,0,0.3,927,1915,10082,10907,a,,,,,,,2,2.3,2,7,211,3,0,0,1,6,0,15,2,5,8,0.32,0.92,1.24,4.44,2.3,2.3
2026-09-07T00:13:54+00:00,2026-09-06,daily,4,2026-09-12T12:30:00Z,265,Berge,FUL,MID,50,0,0,0.3,271,1509,3611,10026,a,,,,,,,,1.7,1,5,183,2,0,0,0,5,0,8,1,1,6,0.03,0.33,0.36,4.90,1.7,1.7
2026-09-07T00:13:54+00:00,2026-09-06,daily,4,2026-09-12T12:30:00Z,266,Cairney,FUL,MID,50,0,0,0.0,7,12,43,209,i,Knee injury - Expected back 10 Oct,2026-08-14T18:00:06.460944Z,0,0,,,,0.0,0,0,0,0,0,0,0,0,0,0,0,0,0,0.00,0.00,0.00,0.00,0.0,0.0
2026-09-07T00:13:54+00:00,2026-09-06,daily,4,2026-09-12T12:30:00Z,268,King,FUL,MID,55,0,0,0.9,27039,6588,84856,24224,a,,,,,,,,6.3,10,19,270,3,2,0,0,7,0,19,4,5,10,0.95,0.34,1.29,6.23,6.3,6.3
2026-09-07T00:13:54+00:00,2026-09-06,daily,4,2026-09-12T12:30:00Z,269,Sessegnon,FUL,DEF,45,0,0,0.4,106,1309,1952,9166,a,,,,,,,3,1.0,1,3,50,0,0,0,0,1,0,3,2,1,3,0.13,0.44,0.57,1.80,1.0,1.0
2026-09-07T00:13:54+00:00,2026-09-06,daily,4,2026-09-12T12:30:00Z,270,Reed,FUL,MID,45,0,0,1.2,1546,4976,15203,38555,a,,,,,,,,0.0,0,0,0,0,0,0,0,0,0,0,0,0,0,0.00,0.00,0.00,0.00,0.0,0.0
2026-09-07T00:13:54+00:00,2026-09-06,daily,4,2026-09-12T12:30:00Z,271,Muniz,FUL,FWD,54,-1,-1,0.5,760,2408,7981,20626,a,,,,,,,,0.7,1,2,15,0,0,0,0,0,0,1,1,0,0,0.40,0.00,0.40,0.03,0.7,0.7
2026-09-07T00:13:54+00:00,2026-09-06,daily,4,2026-09-12T12:30:00Z,272,Kusi-Asare,FUL,FWD,45,0,0,6.5,13434,22970,97708,139192,a,,,,,,,,0.0,0,0,0,0,0,0,0,0,0,0,0,0,0,0.00,0.00,0.00,0.00,0.0,0.0
2026-09-07T00:13:54+00:00,2026-09-06,daily,4,2026-09-12T12:30:00Z,569,Gonzalo,FUL,FWD,60,0,0,4.4,13982,31706,294811,128098,a,,,,,1,,,3.3,2,10,270,3,1,0,0,7,0,13,5,2,6,1.44,0.22,1.66,6.23,3.3,3.3
2026-09-07T00:13:54+00:00,2026-09-06,daily,4,2026-09-12T12:30:00Z,570,Palacios,FUL,MID,55,0,0,0.2,632,594,2554,5734,a,,,,,,,,3.7,8,11,207,3,1,0,0,6,0,13,3,2,8,0.98,0.03,1.01,4.97,3.7,3.7
2026-09-07T00:13:54+00:00,2026-09-06,daily,4,2026-09-12T12:30:00Z,580,Charles,FUL,MID,50,0,0,0.1,127,264,820,2316,a,,,,,,,,1.3,2,4,123,1,0,0,0,4,0,16,4,1,11,0.09,0.12,0.21,3.77,1.3,1.3
2026-09-07T00:13:54+00:00,2026-09-06,daily,4,2026-09-12T12:30:00Z,610,De Fougerolles,FUL,DEF,40,0,0,0.1,228,448,5500,2761,d,Unspecified injury - 75% chance of playing,2026-08-28T11:30:08.336405Z,75,75,,,,0.0,0,0,0,0,0,0,0,0,0,0,0,0,0,0.00,0.00,0.00,0.00,0.0,0.0
2026-09-07T00:13:54+00:00,2026-09-06,daily,4,2026-09-12T12:30:00Z,626,Zepa,FUL,MID,45,0,0,0.3,6542,2598,28552,7429,a,,,,,,,,0.0,0,0,0,0,0,0,0,0,0,0,0,0,0,0.00,0.00,0.00,0.00,0.0,0.0
2026-09-07T00:13:54+00:00,2026-09-06,daily,4,2026-09-12T12:30:00Z,635,Larsson,FUL,MID,50,0,0,0.0,119,27,407,54,a,,,,,,,,1.0,1,1,11,0,0,0,0,0,0,1,0,1,0,0.13,0.22,0.35,0.00,1.5,1.5
2026-09-07T00:13:54+00:00,2026-09-06,daily,4,2026-09-12T12:30:00Z,636,Ángel,FUL,MID,50,0,0,0.0,57,20,177,34,a,,,,,,,,0.0,0,0,0,0,0,0,0,0,0,0,0,0,0,0.00,0.00,0.00,0.00,1.5,1.5
2026-09-07T00:13:54+00:00,2026-09-06,daily,4,2026-09-12T12:30:00Z,650,Affengruber,FUL,DEF,45,0,0,0.0,111,35,315,62,a,,,,,,,,0.0,0,0,0,0,0,0,0,0,0,0,0,0,0,0.00,0.00,0.00,0.00,1.8,1.8
2026-09-07T00:13:54+00:00,2026-09-06,daily,4,2026-09-12T12:30:00Z,240,Iroegbunam,HUL,MID,50,0,0,0.0,135,73,465,608,a,,2026-08-15T20:00:06.878792Z,100,100,,,,0.3,0,1,4,0,0,0,0,0,0,0,0,0,0,0.00,0.00,0.00,0.00,0.3,0.3
2026-09-07T00:13:54+00:00,2026-09-06,daily,4,2026-09-12T12:30:00Z,273,Phillips,HUL,GKP,40,0,0,1.5,3082,2678,15515,21012,a,,,,,,,,0.0,0,0,0,0,0,0,0,0,0,0,0,0,0,0.00,0.00,0.00,0.00,0.0,0.0
2026-09-07T00:13:54+00:00,2026-09-06,daily,4,2026-09-12T12:30:00Z,274,Butland,HUL,GKP,45,0,0,0.1,54,310,344,3515,i,Arm injury - Unknown return date,2026-08-08T19:00:05.601633Z,0,0,,,,0.0,0,0,0,0,0,0,0,0,0,0,0,0,0,0.00,0.00,0.00,0.00,0.0,0.0
2026-09-07T00:13:54+00:00,2026-09-06,daily,4,2026-09-12T12:30:00Z,275,Cartwright,HUL,GKP,40,0,0,0.0,0,33,0,227,u,Has joined Grimsby Town on loan for the rest of the season,2026-07-29T13:00:27.959925Z,0,0,,,,0.0,0,0,0,0,0,0,0,0,0,0,0,0,0,0.00,0.00,0.00,0.00,0.0,0.0
2026-09-07T00:13:54+00:00,2026-09-06,daily,4,2026-09-12T12:30:00Z,276,Lo-Tutala,HUL,GKP,40,0,0,0.0,0,74,0,729,u,Has joined Colchester United on loan for the rest of the season,2026-08-17T13:50:27.125537Z,0,0,,,,0.0,0,0,0,0,0,0,0,0,0,0,0,0,0,0.00,0.00,0.00,0.00,0.0,0.0
2026-09-07T00:13:54+00:00,2026-09-06,daily,4,2026-09-12T12:30:00Z,277,Egan,HUL,DEF,41,1,1,6.0,120367,15399,499010,84272,a,,,,,,,,7.7,6,23,270,3,0,0,3,0,0,41,36,5,5,0.00,0.00,0.00,5.05,7.7,7.7
2026-09-07T00:13:54+00:00,2026-09-06,daily,4,2026-09-12T12:30:00Z,278,Hughes,HUL,DEF,40,0,0,0.1,36,356,273,4496,i,Groin injury - Unknown return date,2026-08-02T09:00:11.030017Z,0,0,,,,0.0,0,0,0,0,0,0,0,0,0,0,0,0,0,0.00,0.00,0.00,0.00,0.0,0.0
2026-09-07T00:13:54+00:00,2026-09-06,daily,4,2026-09-12T12:30:00Z,279,Ajayi,HUL,DEF,41,0,1,10.4,108375,19505,819701,104347,a,,2026-08-22T17:30:07.668197Z,100,100,,,,8.3,5,25,243,3,1,0,3,0,0,20,17,3,9,0.52,0.00,0.52,4.08,8.3,8.3
2026-09-07T00:13:54+00:00,2026-09-06,daily,4,2026-09-12T12:30:00Z,280,Coyle,HUL,DEF,40,0,0,0.5,1408,1255,5563,16522,a,,2026-08-29T16:30:08.151841Z,75,100,,,,4.0,6,12,177,3,0,0,2,0,0,6,5,1,4,0.00,0.02,0.02,4.06,3.0,4.0
2026-09-07T00:13:54+00:00,2026-09-06,daily,4,2026-09-12T12:30:00Z,281,Drameh,HUL,DEF,40,0,0,0.1,0,735,2118,2821,u,Has joined Genoa permanently,2026-09-02T16:09:06.479140Z,0,0,,,,0.7,0,2,65,0,0,0,0,0,0,6,5,1,4,0.05,0.00,0.05,0.87,0.0,0.0
2026-09-07T00:13:54+00:00,2026-09-06,daily,4,2026-09-12T12:30:00Z,282,Giles,HUL,DEF,40,0,0,1.2,10841,2560,50545,15094,a,,,,,,1,1,6.7,8,20,264,3,0,0,3,0,0,12,9,3,10,0.02,0.18,0.20,4.98,6.7,6.7
2026-09-07T00:13:54+00:00,2026-09-06,daily,4,2026-09-12T12:30:00Z,283,Jacob,HUL,DEF,40,0,0,0.0,0,51,114,489,u,Has joined Newport County on loan until January,2026-08-02T09:00:11.038361Z,0,0,,,,0.0,0,0,0,0,0,0,0,0,0,0,0,0,0,0.00,0.00,0.00,0.00,0.0,0.0
2026-09-07T00:13:54+00:00,2026-09-06,daily,4,2026-09-12T12:30:00Z,284,McCarthy,HUL,DEF,40,0,0,0.1,291,313,2473,2484,a,,,,,,,,0.0,0,0,0,0,0,0,0,0,0,0,0,0,0,0.00,0.00,0.00,0.00,0.0,0.0
2026-09-07T00:13:54+00:00,2026-09-06,daily,4,2026-09-12T12:30:00Z,285,McNair,HUL,DEF,40,0,0,0.1,166,336,1820,2525,a,,,,,,,,0.3,0,1,26,0,0,0,0,0,0,2,2,0,1,0.00,0.00,0.00,0.96,0.3,0.3
2026-09-07T00:13:54+00:00,2026-09-06,daily,4,2026-09-12T12:30:00Z,286,Belloumi,HUL,MID,50,0,0,0.9,8585,2969,49037,17439,a,,,,,,2,3,4.7,5,14,253,3,0,1,3,0,0,32,14,9,9,0.20,0.06,0.26,4.87,4.7,4.7
2026-09-07T00:13:54+00:00,2026-09-06,daily,4,2026-09-12T12:30:00Z,287,Millar,HUL,MID,50,0,0,0.1,0,1184,3178,4904,u,Has joined Birmingham on loan for the rest of the season,2026-09-02T15:36:41.038103Z,0,0,,,,2.0,0,6,50,0,1,0,0,0,0,4,2,1,1,0.58,0.00,0.58,0.87,0.0,0.0
2026-09-07T00:13:54+00:00,2026-09-06,daily,4,2026-09-12T12:30:00Z,288,Dowell,HUL,MID,45,0,0,0.4,1275,1594,8758,11784,a,,,,,,,,0.0,0,0,0,0,0,0,0,0,0,0,0,0,0,0.00,0.00,0.00,0.00,0.0,0.0
2026-09-07T00:13:54+00:00,2026-09-06,daily,4,2026-09-12T12:30:00Z,289,Crooks,HUL,MID,45,0,0,0.5,283,3310,13309,24250,d,Thigh injury - 75% chance of playing,2026-08-29T15:00:08.569326Z,75,75,,,,0.7,0,2,90,1,0,0,1,0,0,9,4,4,1,0.00,0.00,0.00,1.83,0.5,0.5
2026-09-07T00:13:54+00:00,2026-09-06,daily,4,2026-09-12T12:30:00Z,290,Slater,HUL,MID,45,0,0,5.0,42029,21380,291968,109996,a,,,,,,,2,3.7,3,11,270,3,0,1,3,0,0,19,5,6,8,0.04,0.46,0.50,5.05,3.7,3.7
2026-09-07T00:13:54+00:00,2026-09-06,daily,4,2026-09-12T12:30:00Z,291,Matazo,HUL,MID,45,0,0,0.0,39,38,206,270,i,Knee injury - Unknown return date,2026-07-23T12:01:23.532635Z,0,0,,,,0.0,0,0,0,0,0,0,0,0,0,0,0,0,0,0.00,0.00,0.00,0.00,0.0,0.0
2026-09-07T00:13:54+00:00,2026-09-06,daily,4,2026-09-12T12:30:00Z,292,Ömür,HUL,MID,49,0,-1,0.0,126,133,658,974,a,,,,,,,,0.0,0,0,0,0,0,0,0,0,0,0,0,0,0,0.00,0.00,0.00,0.00,0.0,0.0
2026-09-07T00:13:54+00:00,2026-09-06,daily,4,2026-09-12T12:30:00Z,293,Kamara,HUL,MID,50,0,0,0.0,0,19,0,312,u,Has joined Portsmouth permanently,2026-08-12T14:08:23.542043Z,0,0,,,,0.0,0,0,0,0,0,0,0,0,0,0,0,0,0,0.00,0.00,0.00,0.00,0.0,0.0
2026-09-07T00:13:54+00:00,2026-09-06,daily,4,2026-09-12T12:30:00Z,294,Zambrano,HUL,MID,45,0,0,0.1,125,395,1261,4452,i,Thigh injury - Unknown return date,2026-08-04T18:30:11.016909Z,0,0,,,,0.0,0,0,0,0,0,0,0,0,0,0,0,0,0,0.00,0.00,0.00,0.00,0.0,0.0
2026-09-07T00:13:54+00:00,2026-09-06,daily,4,2026-09-12T12:30:00Z,295,McBurnie,HUL,FWD,55,0,0,2.0,7647,13489,130920,79430,a,,,,,1,,,2.7,2,8,270,3,0,1,3,0,0,12,4,2,6,0.54,0.07,0.61,5.05,2.7,2.7
2026-09-07T00:13:54+00:00,2026-09-06,daily,4,2026-09-12T12:30:00Z,296,Akintola,HUL,MID,50,0,0,0.0,277,345,2459,2620,a,,,,,,,,0.0,0,0,0,0,0,0,0,0,0,0,0,0,0,0.00,0.00,0.00,0.00,0.0,0.0
2026-09-07T00:13:54+00:00,2026-09-06,daily,4,2026-09-12T12:30:00Z,297,Gyabi,HUL,MID,45,0,0,0.0,40,112,245,1081,i,Thigh injury - Unknown return date,2026-08-04T18:30:11.027155Z,0,0,,,,0.0,0,0,0,0,0,0,0,0,0,0,0,0,0,0.00,0.00,0.00,0.00,0.0,0.0
2026-09-07T00:13:54+00:00,2026-09-06,daily,4,2026-09-12T12:30:00Z,298,Destan,HUL,FWD,45,0,0,0.2,0,1374,0,15814,u,Has joined Konyaspor permanently,2026-08-17T13:50:27.145733Z,0,0,,,,0.0,0,0,0,0,0,0,0,0,0,0,0,0,0,0.00,0.00,0.00,0.00,0.0,0.0
2026-09-07T00:13:54+00:00,2026-09-06,daily,4,2026-09-12T12:30:00Z,299,Burstow,HUL,FWD,45,0,0,0.0,0,215,0,2203,u,Has joined Sheffield Wednesday on loan for the rest of the season,2026-08-03T14:05:20.234842Z,0,0,,,,0.0,0,0,0,0,0,0,0,0,0,0,0,0,0,0.00,0.00,0.00,0.00,0.0,0.0
2026-09-07T00:13:54+00:00,2026-09-06,daily,4,2026-09-12T12:30:00Z,340,Gelhardt,HUL,MID,50,0,0,0.0,82,52,226,563,a,,2026-08-17T21:30:07.799839Z,100,100,,,,0.0,0,0,0,0,0,0,0,0,0,0,0,0,0,0.00,0.00,0.00,0.00,0.0,0.0
2026-09-07T00:13:54+00:00,2026-09-06,daily,4,2026-09-12T12:30:00Z,556,Targett,HUL,DEF,40,0,0,2.0,1590,6308,17402,44862,a,,,,,,,,0.3,0,1,5,0,0,0,0,0,0,0,0,0,1,0.00,0.00,0.00,0.07,0.3,0.3
2026-09-07T00:13:54+00:00,2026-09-06,daily,4,2026-09-12T12:30:00Z,563,Morita,HUL,MID,50,0,0,0.0,66,122,605,767,a,,2026-08-15T16:00:07.961518Z,100,100,,,,0.3,0,1,45,1,0,0,0,0,0,3,2,0,1,0.00,0.00,0.00,1.09,0.3,0.3
2026-09-07T00:13:54+00:00,2026-09-06,daily,4,2026-09-12T12:30:00Z,572,Tzolakis,HUL,GKP,46,0,1,8.6,82279,15043,552031,88331,a,,,,,,,,8.7,6,26,270,3,0,0,3,0,9,0,0,0,43,0.00,0.00,0.00,5.05,8.7,8.7
2026-09-07T00:13:54+00:00,2026-09-06,daily,4,2026-09-12T12:30:00Z,574,Hjertø-Dahl,HUL,MID,49,-1,-1,0.1,185,272,813,2701,a,,,,,,,,0.3,1,1,8,0,0,0,0,0,0,1,0,0,1,0.00,0.00,0.00,0.00,0.3,0.3
2026-09-07T00:13:54+00:00,2026-09-06,daily,4,2026-09-12T12:30:00Z,576,Stroud,HUL,MID,50,0,0,0.1,206,302,2406,2585,a,,,,,,,,2.0,3,6,190,3,0,0,2,0,0,15,3,3,9,0.05,0.05,0.10,4.06,2.0,2.0
2026-09-07T00:13:54+00:00,2026-09-06,daily,4,2026-09-12T12:30:00Z,585,Herrington,HUL,DEF,40,0,0,0.6,605,1318,6810,10019,a,,,,,,,,1.0,1,3,76,0,0,0,0,0,0,7,6,1,1,0.00,0.00,0.00,1.28,1.0,1.0
2026-09-07T00:13:54+00:00,2026-09-06,daily,4,2026-09-12T12:30:00Z,586,Mendy,HUL,DEF,40,0,0,6.3,88088,14919,434466,103142,a,,2026-08-22T17:30:08.045208Z,100,100,,,,8.0,8,24,191,3,1,0,2,0,0,32,27,5,6,0.32,0.00,0.32,3.76,8.0,8.0
2026-09-07T00:13:54+00:00,2026-09-06,daily,4,2026-09-12T12:30:00Z,589,Gourna-Douath,HUL,MID,50,0,0,0.0,58,90,406,750,a,,,,,,,,1.0,2,3,126,1,0,0,1,0,0,16,5,4,7,0.00,0.02,0.02,2.13,1.0,1.0
2026-09-07T00:13:54+00:00,2026-09-06,daily,4,2026-09-12T12:30:00Z,617,Cho,HUL,MID,50,0,0,0.0,151,69,847,260,a,,,,,,,,1.0,1,2,15,0,0,0,0,0,0,0,0,0,0,0.05,0.00,0.05,0.18,1.0,1.0
2026-09-07T00:13:54+00:00,2026-09-06,daily,4,2026-09-12T12:30:00Z,632,Ansah,HUL,FWD,50,0,0,0.0,1680,351,3902,561,a,,,,,,,,0.0,0,0,0,0,0,0,0,0,0,0,0,0,0,0.00,0.00,0.00,0.00,1.4,1.4
2026-09-07T00:13:54+00:00,2026-09-06,daily,4,2026-09-12T12:30:00Z,637,Vaz,HUL,FWD,50,0,0,0.0,1067,216,2674,418,a,,,,,,,,0.0,0,0,0,0,0,0,0,0,0,0,0,0,0,0.00,0.00,0.00,0.00,1.4,1.4
2026-09-07T00:13:54+00:00,2026-09-06,daily,4,2026-09-12T12:30:00Z,638,Norton-Cuffy,HUL,DEF,40,0,0,0.2,5969,1107,12423,1880,a,,,,,,,,1.0,1,1,26,0,0,0,0,0,0,1,1,0,2,0.00,0.00,0.00,0.12,1.0,1.0
2026-09-07T00:13:54+00:00,2026-09-06,daily,4,2026-09-12T12:30:00Z,642,Thomas,HUL,MID,55,0,0,0.0,343,82,789,140,a,,,,,,,,1.0,1,1,27,0,0,0,0,0,0,1,0,0,1,0.00,0.04,0.04,0.12,2.0,2.0
2026-09-07T00:13:54+00:00,2026-09-06,daily,4,2026-09-12T12:30:00Z,645,Mouzakitis,HUL,MID,50,0,0,0.0,117,31,327,55,a,,,,,,,,0.0,0,0,0,0,0,0,0,0,0,0,0,0,0,0.00,0.00,0.00,0.00,1.5,1.5
2026-09-07T00:13:54+00:00,2026-09-06,daily,4,2026-09-12T12:30:00Z,259,Diop,IPS,DEF,40,0,0,15.2,10521,40903,80548,236977,a,,,,,,,,2.3,3,7,270,3,0,0,0,8,0,28,25,3,12,0.00,0.02,0.02,6.12,2.3,2.3
2026-09-07T00:13:54+00:00,2026-09-06,daily,4,2026-09-12T12:30:00Z,267,Lukić,IPS,MID,50,0,0,0.1,244,421,2231,3572,a,,,,,,,4,2.7,2,8,252,3,0,1,0,7,0,21,10,5,6,0.02,0.06,0.08,5.26,2.7,2.7
2026-09-07T00:13:54+00:00,2026-09-06,daily,4,2026-09-12T12:30:00Z,300,Walton,IPS,GKP,45,0,0,0.4,98,851,657,9887,a,,,,,,,,0.0,0,0,0,0,0,0,0,0,0,0,0,0,0,0.00,0.00,0.00,0.00,0.0,0.0
2026-09-07T00:13:54+00:00,2026-09-06,daily,4,2026-09-12T12:30:00Z,301,Palmer,IPS,GKP,40,0,0,4.3,7589,9034,44955,57249,a,,,,,,,,0.0,0,0,0,0,0,0,0,0,0,0,0,0,0,0.00,0.00,0.00,0.00,0.0,0.0
2026-09-07T00:13:54+00:00,2026-09-06,daily,4,2026-09-12T12:30:00Z,302,Button,IPS,GKP,40,0,0,0.5,3210,970,12766,6670,a,,,,,,,,0.0,0,0,0,0,0,0,0,0,0,0,0,0,0,0.00,0.00,0.00,0.00,0.0,0.0
2026-09-07T00:13:54+00:00,2026-09-06,daily,4,2026-09-12T12:30:00Z,303,Kipré,IPS,DEF,40,0,0,0.5,184,1265,1148,11636,a,,,,,,,,0.0,0,0,0,0,0,0,0,0,0,0,0,0,0,0.00,0.00,0.00,0.00,0.0,0.0
2026-09-07T00:13:54+00:00,2026-09-06,daily,4,2026-09-12T12:30:00Z,304,O'Shea,IPS,DEF,40,0,0,3.1,3902,11840,41713,63017,a,,,,,,,,2.3,3,7,270,3,0,0,0,8,0,30,25,5,11,0.07,0.18,0.25,6.12,2.3,2.3
2026-09-07T00:13:54+00:00,2026-09-06,daily,4,2026-09-12T12:30:00Z,305,Davis,IPS,DEF,40,0,0,5.1,13939,18893,84134,80139,a,,,,,,2,2,3.0,1,9,270,3,1,0,0,8,0,17,15,2,8,0.65,0.25,0.90,6.12,3.0,3.0
2026-09-07T00:13:54+00:00,2026-09-06,daily,4,2026-09-12T12:30:00Z,306,Greaves,IPS,DEF,40,0,0,1.3,600,2376,4914,19760,a,,,,,,,,0.7,1,2,270,3,0,0,0,8,0,24,19,5,8,0.00,0.05,0.05,6.12,0.7,0.7
2026-09-07T00:13:54+00:00,2026-09-06,daily,4,2026-09-12T12:30:00Z,307,Johnson,IPS,DEF,40,0,0,0.1,0,989,1137,3379,u,Has joined Stoke City on loan for the rest of the season,2026-09-04T12:36:56.236331Z,0,0,,,,0.0,0,0,0,0,0,0,0,0,0,0,0,0,0,0.00,0.00,0.00,0.00,0.0,0.0
2026-09-07T00:13:54+00:00,2026-09-06,daily,4,2026-09-12T12:30:00Z,308,Furlong,IPS,DEF,40,0,0,0.5,125,1166,1006,10130,a,,,,,,,,0.3,0,1,17,0,0,0,0,1,0,3,2,1,0,0.00,0.00,0.00,0.86,0.3,0.3
2026-09-07T00:13:54+00:00,2026-09-06,daily,4,2026-09-12T12:30:00Z,309,Núñez,IPS,MID,50,0,0,0.1,126,645,2429,4023,a,,,,,,1,1,2.0,0,6,140,2,0,0,0,4,0,21,8,3,10,0.03,0.05,0.08,3.48,2.0,2.0
2026-09-07T00:13:54+00:00,2026-09-06,daily,4,2026-09-12T12:30:00Z,310,Matusiwa,IPS,MID,50,0,0,0.0,5,11,25,190,i,Muscular injury - Unknown return date,2026-07-29T18:00:10.305484Z,0,0,,,,0.0,0,0,0,0,0,0,0,0,0,0,0,0,0,0.00,0.00,0.00,0.00,0.0,0.0
2026-09-07T00:13:54+00:00,2026-09-06,daily,4,2026-09-12T12:30:00Z,311,Burns,IPS,MID,50,0,0,0.0,0,19,0,298,u,Has joined Leicester City permanently,2026-08-10T14:02:47.597478Z,0,0,,,,0.0,0,0,0,0,0,0,0,0,0,0,0,0,0,0.00,0.00,0.00,0.00,0.0,0.0
2026-09-07T00:13:54+00:00,2026-09-06,daily,4,2026-09-12T12:30:00Z,312,Taylor,IPS,MID,45,0,0,0.0,53,184,354,1762,i,Knee injury - Unknown return date,2026-07-29T18:00:10.319370Z,0,0,,,,0.0,0,0,0,0,0,0,0,0,0,0,0,0,0,0.00,0.00,0.00,0.00,0.0,0.0
2026-09-07T00:13:54+00:00,2026-09-06,daily,4,2026-09-12T12:30:00Z,313,Clarke,IPS,MID,55,0,0,0.2,181,1294,4550,9463,a,,,,,1,3,3,2.7,1,8,43,0,1,0,0,0,0,4,1,1,2,0.15,0.02,0.17,0.09,2.7,2.7
2026-09-07T00:13:54+00:00,2026-09-06,daily,4,2026-09-12T12:30:00Z,314,Ogbene,IPS,MID,49,0,-1,0.0,0,149,104,810,u,Has joined Lincoln City on loan until January,2026-09-02T16:04:17.497385Z,0,0,,,,0.0,0,0,0,0,0,0,0,0,0,0,0,0,0,0.00,0.00,0.00,0.00,0.0,0.0
2026-09-07T00:13:54+00:00,2026-09-06,daily,4,2026-09-12T12:30:00Z,315,Fatawu,IPS,MID,55,0,0,0.2,730,777,3426,6520,a,,,,,,,6,2.7,2,8,225,3,0,1,0,8,0,17,4,7,6,0.03,0.78,0.81,5.91,2.7,2.7
2026-09-07T00:13:54+00:00,2026-09-06,daily,4,2026-09-12T12:30:00Z,316,Emersonn,IPS,FWD,55,0,0,1.7,10746,9047,108293,77101,a,,2026-08-31T09:30:08.306145Z,100,100,2,,,4.0,2,12,175,3,1,0,0,4,0,7,3,2,2,1.04,0.06,1.10,2.02,4.0,4.0
2026-09-07T00:13:54+00:00,2026-09-06,daily,4,2026-09-12T12:30:00Z,317,Hirst,IPS,FWD,50,0,0,0.1,0,664,0,13724,u,Has joined Stoke City permanently,2026-08-21T13:06:08.606019Z,0,0,,,,0.0,0,0,0,0,0,0,0,0,0,0,0,0,0,0.00,0.00,0.00,0.00,0.0,0.0
2026-09-07T00:13:54+00:00,2026-09-06,daily,4,2026-09-12T12:30:00Z,318,Philogene,IPS,MID,54,0,-1,0.1,6,518,153,7896,i,Ankle injury - Unknown return date,2026-08-25T11:30:07.532993Z,0,0,3,,5,0.0,0,0,0,0,0,0,0,0,0,0,0,0,0,0.00,0.00,0.00,0.00,0.0,0.0
2026-09-07T00:13:54+00:00,2026-09-06,daily,4,2026-09-12T12:30:00Z,319,Szmodics,IPS,MID,50,0,0,0.0,0,39,0,639,u,Has joined Derby County on loan for the rest of the season,2026-08-17T13:51:41.713979Z,0,0,,,,0.0,0,0,0,0,0,0,0,0,0,0,0,0,0,0.00,0.00,0.00,0.00,0.0,0.0
2026-09-07T00:13:54+00:00,2026-09-06,daily,4,2026-09-12T12:30:00Z,320,Akpom,IPS,FWD,50,0,0,1.1,13666,5936,80945,29406,a,,,,,,,,2.0,0,6,69,0,1,0,0,4,0,3,0,1,2,0.97,0.00,0.97,4.04,2.0,2.0
2026-09-07T00:13:54+00:00,2026-09-06,daily,4,2026-09-12T12:30:00Z,321,Walle Egeli,IPS,FWD,45,0,0,3.4,29116,17081,197526,94676,a,,,,,,,,0.3,0,1,10,0,0,0,0,0,0,0,0,0,0,0.00,0.00,0.00,0.03,0.3,0.3
2026-09-07T00:13:54+00:00,2026-09-06,daily,4,2026-09-12T12:30:00Z,322,Al-Hamadi,IPS,FWD,50,0,0,0.1,0,639,755,7518,u,Has joined Sheffield Wednesday on loan for the rest of the season,2026-08-27T14:54:10.215357Z,0,0,,,,0.0,0,0,0,0,0,0,0,0,0,0,0,0,0,0.00,0.00,0.00,0.00,0.0,0.0
2026-09-07T00:13:54+00:00,2026-09-06,daily,4,2026-09-12T12:30:00Z,323,McAteer,IPS,MID,45,0,0,1.3,2852,4277,20093,31808,a,,,,,,,,1.0,1,3,42,0,0,0,0,0,0,5,0,1,4,0.05,0.00,0.05,0.21,1.0,1.0
2026-09-07T00:13:54+00:00,2026-09-06,daily,4,2026-09-12T12:30:00Z,324,Mehmeti,IPS,MID,49,0,-1,0.0,47,182,203,1625,a,,,,,,,,0.0,0,0,0,0,0,0,0,0,0,0,0,0,0,0.00,0.00,0.00,0.00,0.0,0.0
2026-09-07T00:13:54+00:00,2026-09-06,daily,4,2026-09-12T12:30:00Z,554,Van Oevelen,IPS,GKP,45,0,0,0.0,0,103,54,1438,u,Has joined Valencia on loan for the rest of the season,2026-08-25T14:04:09.529320Z,0,0,,,,0.0,0,0,0,0,0,0,0,0,0,0,0,0,0,0.00,0.00,0.00,0.00,0.0,0.0
2026-09-07T00:13:54+00:00,2026-09-06,daily,4,2026-09-12T12:30:00Z,562,Maeda,IPS,MID,54,-1,-1,0.3,354,1435,1997,11316,a,,,,,,,,2.0,2,6,216,3,0,0,0,7,0,19,8,7,4,0.71,0.01,0.72,5.16,2.0,2.0
2026-09-07T00:13:54+00:00,2026-09-06,daily,4,2026-09-12T12:30:00Z,564,Scherpen,IPS,GKP,45,0,0,0.6,1632,1443,7360,12176,a,,,,,,,,2.0,2,6,270,3,0,0,0,8,13,0,5,0,30,0.00,0.01,0.01,6.12,2.0,2.0
2026-09-07T00:13:54+00:00,2026-09-06,daily,4,2026-09-12T12:30:00Z,571,Florentino,IPS,MID,49,0,-1,0.1,141,305,578,4863,a,,2026-08-25T11:30:07.678802Z,100,100,,,,0.0,0,0,0,0,0,0,0,0,0,0,0,0,0,0.00,0.00,0.00,0.00,0.0,0.0
2026-09-07T00:13:54+00:00,2026-09-06,daily,4,2026-09-12T12:30:00Z,591,Enciso,IPS,MID,55,0,0,0.8,8742,4439,62308,19704,a,,2026-08-22T18:00:07.551930Z,100,100,,,,3.7,1,11,250,3,0,2,0,8,0,21,4,2,15,0.87,0.64,1.51,6.09,3.7,3.7
2026-09-07T00:13:54+00:00,2026-09-06,daily,4,2026-09-12T12:30:00Z,592,Ouattara,IPS,DEF,40,0,0,0.9,1004,1667,8174,14694,a,,,,,,,,1.0,1,3,39,0,0,0,0,1,0,2,2,0,3,0.00,0.02,0.02,0.89,1.0,1.0
2026-09-07T00:13:54+00:00,2026-09-06,daily,4,2026-09-12T12:30:00Z,602,Humphreys,IPS,MID,45,0,0,0.0,0,494,2861,2031,u,Has joined Huddersfield Town on loan for the rest of the season,2026-09-02T16:04:17.524642Z,0,0,,,,0.0,0,0,0,0,0,0,0,0,0,0,0,0,0,0.00,0.00,0.00,0.00,0.0,0.0
2026-09-07T00:13:54+00:00,2026-09-06,daily,4,2026-09-12T12:30:00Z,619,Palacios,IPS,MID,50,0,0,0.0,972,270,2387,622,a,,,,,,,,2.5,4,5,105,1,0,0,0,4,0,25,5,5,15,0.00,0.03,0.03,2.61,2.5,2.5
2026-09-07T00:13:54+00:00,2026-09-06,daily,4,2026-09-12T12:30:00Z,640,Flemming,IPS,FWD,55,0,0,0.0,876,212,2637,445,a,,,,,,,,1.0,1,1,24,0,0,0,0,0,0,0,0,0,0,0.02,0.01,0.03,0.06,1.8,1.8
2026-09-07T00:13:54+00:00,2026-09-06,daily,4,2026-09-12T12:30:00Z,260,Wilson,LEE,MID,64,0,-1,3.6,1190,42939,23446,256312,a,,,,,,,2,1.3,0,4,127,1,0,0,1,0,0,9,2,3,4,0.01,0.06,0.07,2.98,1.3,1.3
2026-09-07T00:13:54+00:00,2026-09-06,daily,4,2026-09-12T12:30:00Z,326,Perri,LEE,GKP,45,0,0,0.4,0,2760,532,17576,u,Has joined Torino on loan for the rest of the season,2026-09-01T13:12:39.210133Z,0,0,,,,0.0,0,0,0,0,0,0,0,0,0,0,0,0,0,0.00,0.00,0.00,0.00,0.0,0.0
2026-09-07T00:13:54+00:00,2026-09-06,daily,4,2026-09-12T12:30:00Z,327,Bijol,LEE,DEF,50,0,0,0.9,1669,5122,61796,30833,a,,,,,,,,4.0,1,12,164,2,0,0,1,2,0,21,18,3,7,0.11,0.00,0.11,3.16,4.0,4.0
2026-09-07T00:13:54+00:00,2026-09-06,daily,4,2026-09-12T12:30:00Z,329,Rodon,LEE,DEF,44,-1,-1,1.9,61,40348,26731,180549,i,Hamstring injury - Expected back 21 Nov,2026-08-30T16:00:08.564382Z,0,0,,,,2.3,0,7,123,2,0,0,1,0,0,11,10,1,2,0.03,0.06,0.09,1.01,0.0,0.0
2026-09-07T00:13:54+00:00,2026-09-06,daily,4,2026-09-12T12:30:00Z,330,Bogle,LEE,DEF,45,0,0,1.0,32285,4309,43299,12954,a,,,,,,,,7.3,14,22,217,3,1,0,2,1,0,12,9,3,8,0.90,0.03,0.93,1.64,7.3,7.3
2026-09-07T00:13:54+00:00,2026-09-06,daily,4,2026-09-12T12:30:00Z,331,Gudmundsson,LEE,DEF,45,0,0,0.0,322,151,1032,1534,a,,2026-08-08T20:00:07.546568Z,100,100,,,,0.7,2,2,90,1,0,0,0,1,0,5,2,3,9,0.00,0.00,0.00,2.19,0.7,0.7
2026-09-07T00:13:54+00:00,2026-09-06,daily,4,2026-09-12T12:30:00Z,332,Justin,LEE,DEF,45,0,0,1.5,6821,5118,85987,35937,a,,,,,,,,5.3,4,16,270,3,0,0,1,2,0,30,19,11,11,0.17,0.02,0.19,4.52,5.3,5.3
2026-09-07T00:13:54+00:00,2026-09-06,daily,4,2026-09-12T12:30:00Z,333,Bornauw,LEE,DEF,45,0,0,0.0,0,16,0,249,u,Has joined Hamburg SV on loan for the rest of the season,2026-08-19T13:56:14.645970Z,0,0,,,,0.0,0,0,0,0,0,0,0,0,0,0,0,0,0,0.00,0.00,0.00,0.00,0.0,0.0
2026-09-07T00:13:54+00:00,2026-09-06,daily,4,2026-09-12T12:30:00Z,334,Muharemović,LEE,DEF,50,0,0,3.3,18102,13774,80145,68209,a,,,,,,,,4.7,4,14,270,3,0,0,1,2,0,39,36,3,6,0.09,0.02,0.11,4.52,4.7,4.7
2026-09-07T00:13:54+00:00,2026-09-06,daily,4,2026-09-12T12:30:00Z,335,Stach,LEE,MID,60,0,0,2.9,9968,15108,153488,78344,a,,,,,,1,1,6.3,2,19,270,3,1,0,1,2,0,38,18,9,11,0.49,0.16,0.65,4.52,6.3,6.3
2026-09-07T00:13:54+00:00,2026-09-06,daily,4,2026-09-12T12:30:00Z,336,Okafor,LEE,MID,59,0,-1,0.3,700,1813,4574,21872,a,,,,,,,,2.0,3,6,153,2,0,0,1,1,0,7,2,3,2,0.08,0.18,0.26,1.11,2.0,2.0
2026-09-07T00:13:54+00:00,2026-09-06,daily,4,2026-09-12T12:30:00Z,337,Aaronson,LEE,MID,54,-1,-1,0.7,406,3618,5025,28145,a,,,,,,3,,1.7,1,5,154,2,0,0,1,2,0,10,1,2,7,0.01,0.02,0.03,3.08,1.7,1.7
2026-09-07T00:13:54+00:00,2026-09-06,daily,4,2026-09-12T12:30:00Z,338,Ampadu,LEE,MID,55,0,0,1.1,936,4938,9089,33648,a,,,,,,,,3.0,2,9,270,3,0,0,1,2,0,34,17,8,9,0.01,0.14,0.15,4.52,3.0,3.0
2026-09-07T00:13:54+00:00,2026-09-06,daily,4,2026-09-12T12:30:00Z,339,Longstaff,LEE,MID,49,-1,-1,0.1,267,609,1481,4844,a,,,,,,2,3,0.3,0,1,8,0,0,0,0,0,0,0,0,0,0,0.00,0.00,0.00,0.07,0.3,0.3
2026-09-07T00:13:54+00:00,2026-09-06,daily,4,2026-09-12T12:30:00Z,341,Gnonto,LEE,MID,50,0,0,0.0,0,201,244,1345,u,Has joined ACF Fiorentina on loan for the rest of the season,2026-09-02T16:04:47.189648Z,0,0,,,,0.0,0,0,0,0,0,0,0,0,0,0,0,0,0,0.00,0.00,0.00,0.00,0.0,0.0
2026-09-07T00:13:54+00:00,2026-09-06,daily,4,2026-09-12T12:30:00Z,342,Harrison,LEE,MID,50,0,0,0.0,0,5,0,58,u,Has joined New England Revolution permanently,2026-07-28T12:59:09.492431Z,0,0,,,,0.0,0,0,0,0,0,0,0,0,0,0,0,0,0,0.00,0.00,0.00,0.00,0.0,0.0
2026-09-07T00:13:54+00:00,2026-09-06,daily,4,2026-09-12T12:30:00Z,343,James,LEE,MID,50,0,0,0.1,296,638,2758,4665,a,,,,,,,,0.3,0,1,22,0,0,0,0,0,0,2,0,0,2,0.24,0.01,0.25,0.93,0.3,0.3
2026-09-07T00:13:54+00:00,2026-09-06,daily,4,2026-09-12T12:30:00Z,344,Gruev,LEE,MID,50,0,0,0.0,5,15,47,215,d,Knee injury - 25% chance of playing,2026-08-14T23:00:06.272027Z,25,25,,,,0.0,0,0,0,0,0,0,0,0,0,0,0,0,0,0.00,0.00,0.00,0.00,0.0,0.0
2026-09-07T00:13:54+00:00,2026-09-06,daily,4,2026-09-12T12:30:00Z,345,Tanaka,LEE,MID,49,0,-1,0.2,2102,887,6467,9621,a,,,,,,,4,2.0,5,6,117,1,0,1,0,1,0,19,8,5,6,0.53,0.02,0.55,2.00,2.0,2.0
2026-09-07T00:13:54+00:00,2026-09-06,daily,4,2026-09-12T12:30:00Z,346,Calvert-Lewin,LEE,FWD,60,0,0,24.9,33482,139431,316382,671595,a,,,,,1,,,3.3,1,10,252,3,1,0,1,2,0,9,4,0,5,1.61,0.08,1.69,3.20,3.3,3.3
2026-09-07T00:13:54+00:00,2026-09-06,daily,4,2026-09-12T12:30:00Z,347,Nmecha,LEE,FWD,54,-1,-1,0.5,1003,2309,8347,20392,a,,,,,2,,,1.7,1,5,38,0,0,1,0,0,0,1,0,0,1,0.27,0.14,0.41,2.25,1.7,1.7
2026-09-07T00:13:54+00:00,2026-09-06,daily,4,2026-09-12T12:30:00Z,348,Piroe,LEE,FWD,50,0,0,0.1,0,572,0,8868,u,Has joined West Ham United on loan for the rest of the season,2026-08-19T13:56:14.666726Z,0,0,3,,,0.0,0,0,0,0,0,0,0,0,0,0,0,0,0,0.00,0.00,0.00,0.00,0.0,0.0
2026-09-07T00:13:54+00:00,2026-09-06,daily,4,2026-09-12T12:30:00Z,349,Mateo Joseph,LEE,FWD,45,0,0,0.1,274,363,1546,2496,i,Knee injury - Unknown return date,2026-07-29T18:00:10.338170Z,0,0,,,,0.0,0,0,0,0,0,0,0,0,0,0,0,0,0,0.00,0.00,0.00,0.00,0.0,0.0
2026-09-07T00:13:54+00:00,2026-09-06,daily,4,2026-09-12T12:30:00Z,385,Trafford,LEE,GKP,50,0,0,5.3,19416,12795,164707,76719,a,,,,,,,,5.0,3,15,270,3,0,0,1,2,11,0,2,0,31,0.00,0.00,0.00,4.52,5.0,5.0
2026-09-07T00:13:54+00:00,2026-09-06,daily,4,2026-09-12T12:30:00Z,598,Elvedi,LEE,DEF,45,0,0,0.0,425,214,1508,1021,a,,,,,,,,1.7,4,5,146,1,0,0,0,2,0,16,15,1,4,0.00,0.57,0.57,3.51,1.7,1.7
2026-09-07T00:13:54+00:00,2026-09-06,daily,4,2026-09-12T12:30:00Z,603,Lienou,LEE,DEF,40,0,0,0.1,512,375,4536,1830,a,,,,,,,,0.0,0,0,0,0,0,0,0,0,0,0,0,0,0,0.00,0.00,0.00,0.00,0.0,0.0
2026-09-07T00:13:54+00:00,2026-09-06,daily,4,2026-09-12T12:30:00Z,604,Cresswell,LEE,MID,45,0,0,0.1,1431,780,10382,3684,a,,,,,,,,0.0,0,0,0,0,0,0,0,0,0,0,0,0,0,0.00,0.00,0.00,0.00,0.0,0.0
2026-09-07T00:13:54+00:00,2026-09-06,daily,4,2026-09-12T12:30:00Z,625,Cairns,LEE,GKP,40,0,0,0.2,2459,605,11884,1989,a,,,,,,,,0.0,0,0,0,0,0,0,0,0,0,0,0,0,0,0.00,0.00,0.00,0.00,0.0,0.0
2026-09-07T00:13:54+00:00,2026-09-06,daily,4,2026-09-12T12:30:00Z,629,Zetterer,LEE,GKP,40,0,0,0.3,8492,1221,21766,2528,a,,,,,,,,0.0,0,0,0,0,0,0,0,0,0,0,0,0,0,0.00,0.00,0.00,0.00,1.0,1.0
2026-09-07T00:13:54+00:00,2026-09-06,daily,4,2026-09-12T12:30:00Z,641,Bard,LEE,DEF,45,0,0,0.0,108,28,285,56,a,,,,,,,,0.0,0,0,0,0,0,0,0,0,0,0,0,0,0,0.00,0.00,0.00,0.00,1.8,1.8
2026-09-07T00:13:54+00:00,2026-09-06,daily,4,2026-09-12T12:30:00Z,648,Bahoya,LEE,MID,50,0,0,0.0,398,120,1413,316,a,,,,,,,,0.0,0,0,0,0,0,0,0,0,0,0,0,0,0,0.00,0.00,0.00,0.00,1.5,1.5
2026-09-07T00:13:54+00:00,2026-09-06,daily,4,2026-09-12T12:30:00Z,350,A.Becker,LIV,GKP,55,0,0,3.8,11372,8831,79200,88044,a,,,,,,,,3.3,8,10,270,3,0,0,1,4,9,0,6,0,24,0.00,0.00,0.00,4.63,3.3,3.3
2026-09-07T00:13:54+00:00,2026-09-06,daily,4,2026-09-12T12:30:00Z,351,Mamardashvili,LIV,GKP,49,0,-1,0.1,266,854,1926,5732,a,,,,,,,,0.0,0,0,0,0,0,0,0,0,0,0,0,0,0,0.00,0.00,0.00,0.00,0.0,0.0
2026-09-07T00:13:54+00:00,2026-09-06,daily,4,2026-09-12T12:30:00Z,352,Woodman,LIV,GKP,40,0,0,1.1,1289,2491,12779,15961,a,,,,,,,,0.0,0,0,0,0,0,0,0,0,0,0,0,0,0,0.00,0.00,0.00,0.00,0.0,0.0
2026-09-07T00:13:54+00:00,2026-09-06,daily,4,2026-09-12T12:30:00Z,353,Pecsi,LIV,GKP,40,0,0,0.0,0,68,0,800,u,Has joined TSV Hartberg on loan for the rest of the season,2026-08-18T14:11:18.638344Z,0,0,,,,0.0,0,0,0,0,0,0,0,0,0,0,0,0,0,0.00,0.00,0.00,0.00,0.0,0.0
2026-09-07T00:13:54+00:00,2026-09-06,daily,4,2026-09-12T12:30:00Z,354,Jaros,LIV,GKP,40,0,0,0.0,244,117,956,632,i,Knee injury - Unknown return date,2026-07-29T18:00:10.351066Z,0,0,,,,0.0,0,0,0,0,0,0,0,0,0,0,0,0,0,0.00,0.00,0.00,0.00,0.0,0.0
2026-09-07T00:13:54+00:00,2026-09-06,daily,4,2026-09-12T12:30:00Z,355,Davies,LIV,GKP,40,0,0,0.2,432,369,2793,2221,a,,,,,,,,0.0,0,0,0,0,0,0,0,0,0,0,0,0,0,0.00,0.00,0.00,0.00,0.0,0.0
2026-09-07T00:13:54+00:00,2026-09-06,daily,4,2026-09-12T12:30:00Z,356,Virgil,LIV,DEF,65,0,0,17.3,26339,41368,168603,393923,a,,,,,,,,3.0,6,9,270,3,0,0,1,4,0,25,20,5,15,0.25,0.06,0.31,4.63,3.0,3.0
2026-09-07T00:13:54+00:00,2026-09-06,daily,4,2026-09-12T12:30:00Z,357,Frimpong,LIV,DEF,54,-1,-1,2.6,1591,36954,51205,140923,a,,,,,,,,0.3,0,1,160,2,0,0,0,4,0,8,5,3,6,0.01,0.11,0.12,3.81,0.3,0.3
2026-09-07T00:13:54+00:00,2026-09-06,daily,4,2026-09-12T12:30:00Z,358,Kerkez,LIV,DEF,54,-1,-1,2.9,4205,12031,33849,111469,a,,,,,,,,2.0,5,6,250,3,0,0,1,4,0,20,14,6,8,0.02,0.06,0.08,4.56,2.0,2.0
2026-09-07T00:13:54+00:00,2026-09-06,daily,4,2026-09-12T12:30:00Z,359,Gomez,LIV,DEF,50,0,0,0.0,20,79,169,813,i,Muscular injury - Unknown return date,2026-07-26T08:30:10.078473Z,0,0,,,,0.0,0,0,0,0,0,0,0,0,0,0,0,0,0,0.00,0.00,0.00,0.00,0.0,0.0
2026-09-07T00:13:54+00:00,2026-09-06,daily,4,2026-09-12T12:30:00Z,360,Bradley,LIV,DEF,50,0,0,0.0,23,72,216,509,i,Knee injury - Unknown return date,2026-07-23T12:01:23.565711Z,0,0,,,,0.0,0,0,0,0,0,0,0,0,0,0,0,0,0,0.00,0.00,0.00,0.00,0.0,0.0
2026-09-07T00:13:54+00:00,2026-09-06,daily,4,2026-09-12T12:30:00Z,361,Lucky,LIV,DEF,40,0,0,0.1,324,556,2352,3121,a,,,,,,,,0.0,0,0,0,0,0,0,0,0,0,0,0,0,0,0.00,0.00,0.00,0.00,0.0,0.0
2026-09-07T00:13:54+00:00,2026-09-06,daily,4,2026-09-12T12:30:00Z,362,Jacquet,LIV,DEF,50,0,0,2.6,16143,10852,95678,69525,a,,2026-07-23T12:01:23.581126Z,100,100,,,,3.0,5,9,235,3,0,0,1,4,0,23,16,7,10,0.00,0.10,0.10,4.02,3.0,3.0
2026-09-07T00:13:54+00:00,2026-09-06,daily,4,2026-09-12T12:30:00Z,363,Leoni,LIV,DEF,40,0,0,0.0,66,170,580,1306,i,Knee injury - Unknown return date,2026-07-23T12:01:23.596909Z,0,0,,,,0.0,0,0,0,0,0,0,0,0,0,0,0,0,0,0.00,0.00,0.00,0.00,0.0,0.0
2026-09-07T00:13:54+00:00,2026-09-06,daily,4,2026-09-12T12:30:00Z,364,Tsimikas,LIV,DEF,49,-1,-1,0.1,100,565,926,2634,a,,,,,,,,0.3,0,1,19,0,0,0,0,0,0,0,0,0,0,0.04,0.01,0.05,0.07,0.3,0.3
2026-09-07T00:13:54+00:00,2026-09-06,daily,4,2026-09-12T12:30:00Z,365,Ramsay,LIV,DEF,40,0,0,0.1,0,804,638,9771,u,Has joined St Mirren on loan for the rest of the season,2026-08-26T14:05:26.748768Z,0,0,,,,0.0,0,0,0,0,0,0,0,0,0,0,0,0,0,0.00,0.00,0.00,0.00,0.0,0.0
2026-09-07T00:13:54+00:00,2026-09-06,daily,4,2026-09-12T12:30:00Z,366,Wirtz,LIV,MID,74,-1,-1,8.8,4063,96768,98016,410409,a,,,,,4,2,3,3.0,3,9,242,3,0,1,1,4,0,19,0,4,15,0.67,0.29,0.96,3.46,3.0,3.0
2026-09-07T00:13:54+00:00,2026-09-06,daily,4,2026-09-12T12:30:00Z,367,Gakpo,LIV,MID,72,1,2,12.3,353113,18451,793810,177383,a,,,,,3,,2,9.3,11,28,250,3,1,3,1,4,0,25,7,6,12,0.36,1.20,1.56,4.56,9.3,9.3
2026-09-07T00:13:54+00:00,2026-09-06,daily,4,2026-09-12T12:30:00Z,368,Szoboszlai,LIV,MID,70,0,0,39.5,37115,198965,563139,652798,a,,,,,1,1,1,5.0,3,15,270,3,1,0,1,4,0,29,8,4,17,1.17,0.52,1.69,4.63,5.0,5.0
2026-09-07T00:13:54+00:00,2026-09-06,daily,4,2026-09-12T12:30:00Z,369,Ngumoha,LIV,MID,58,-1,-2,0.7,471,10627,9491,60913,a,,,,,,,,1.0,0,3,81,1,0,0,0,2,0,3,0,1,2,0.04,0.05,0.09,0.58,1.0,1.0
2026-09-07T00:13:54+00:00,2026-09-06,daily,4,2026-09-12T12:30:00Z,370,Chiesa,LIV,MID,54,0,-1,0.1,9,599,644,8395,i,Back injury - Unknown return date,2026-08-27T13:30:07.598926Z,0,0,,,,0.0,0,0,0,0,0,0,0,0,0,0,0,0,0,0.00,0.00,0.00,0.00,0.0,0.0
2026-09-07T00:13:54+00:00,2026-09-06,daily,4,2026-09-12T12:30:00Z,371,Gravenberch,LIV,MID,59,-1,-1,1.5,2076,16116,27855,76269,a,,,,,,,,2.3,1,7,122,1,0,1,0,2,0,14,3,2,9,0.06,0.06,0.12,1.34,2.3,2.3
2026-09-07T00:13:54+00:00,2026-09-06,daily,4,2026-09-12T12:30:00Z,372,Mac Allister,LIV,MID,54,-1,-1,1.4,3216,8079,20405,57645,a,,,,,5,,,1.7,2,5,186,2,0,0,1,2,0,24,5,8,11,0.08,0.42,0.50,3.90,1.7,1.7
2026-09-07T00:13:54+00:00,2026-09-06,daily,4,2026-09-12T12:30:00Z,373,C.Jones,LIV,MID,55,0,0,0.0,0,161,34,2219,u,Has joined Internazionale permanently,2026-08-16T18:30:07.426408Z,0,0,,,,0.0,0,0,0,0,0,0,0,0,0,0,0,0,0,0.00,0.00,0.00,0.00,0.0,0.0
2026-09-07T00:13:54+00:00,2026-09-06,daily,4,2026-09-12T12:30:00Z,374,Endo,LIV,MID,50,0,0,0.1,238,472,1521,2903,a,,2026-07-23T12:01:23.612529Z,100,100,,,,0.0,0,0,0,0,0,0,0,0,0,0,0,0,0,0.00,0.00,0.00,0.00,0.0,0.0
2026-09-07T00:13:54+00:00,2026-09-06,daily,4,2026-09-12T12:30:00Z,375,Nyoni,LIV,MID,49,-1,-1,0.0,212,264,854,1759,a,,,,,,,,0.7,1,2,19,0,0,0,0,0,0,5,1,2,2,0.00,0.00,0.00,0.22,0.7,0.7
2026-09-07T00:13:54+00:00,2026-09-06,daily,4,2026-09-12T12:30:00Z,376,Bajcetic,LIV,MID,50,0,0,0.0,0,9,19,81,u,Has joined Celta Vigo permanently,2026-07-23T12:01:23.628373Z,0,0,,,,0.0,0,0,0,0,0,0,0,0,0,0,0,0,0,0.00,0.00,0.00,0.00,0.0,0.0
2026-09-07T00:13:54+00:00,2026-09-06,daily,4,2026-09-12T12:30:00Z,377,Munoz,LIV,MID,65,0,0,1.3,6822,11117,96519,40231,a,,,,,,,,4.3,3,13,180,2,1,1,1,2,0,11,4,2,5,0.42,0.25,0.67,3.95,4.3,4.3
2026-09-07T00:13:54+00:00,2026-09-06,daily,4,2026-09-12T12:30:00Z,378,McConnell,LIV,MID,45,0,0,0.2,422,985,2709,7208,a,,,,,,,,0.0,0,0,0,0,0,0,0,0,0,0,0,0,0,0.00,0.00,0.00,0.00,0.0,0.0
2026-09-07T00:13:54+00:00,2026-09-06,daily,4,2026-09-12T12:30:00Z,379,Isak,LIV,FWD,90,0,0,18.7,228315,24689,482938,332671,a,,,,,2,,,7.7,13,23,243,3,3,0,1,4,0,5,2,1,2,2.29,0.06,2.35,4.46,7.7,7.7
2026-09-07T00:13:54+00:00,2026-09-06,daily,4,2026-09-12T12:30:00Z,380,Ekitiké,LIV,FWD,74,-1,-1,0.1,239,1050,1644,8289,i,Achilles injury - Unknown return date,2026-07-23T12:01:23.643771Z,0,0,,,,0.0,0,0,0,0,0,0,0,0,0,0,0,0,0,0.00,0.00,0.00,0.00,0.0,0.0
2026-09-07T00:13:54+00:00,2026-09-06,daily,4,2026-09-12T12:30:00Z,381,Koumas,LIV,MID,50,0,0,0.0,60,129,377,717,a,,,,,,,,0.7,1,2,13,0,0,0,0,0,0,1,0,0,1,0.03,0.00,0.03,0.58,0.7,0.7
2026-09-07T00:13:54+00:00,2026-09-06,daily,4,2026-09-12T12:30:00Z,382,Danns,LIV,FWD,45,0,0,0.1,2974,831,6198,2339,a,,2026-07-23T12:01:23.659279Z,100,100,,,,0.0,0,0,0,0,0,0,0,0,0,0,0,0,0,0.00,0.00,0.00,0.00,0.0,0.0
2026-09-07T00:13:54+00:00,2026-09-06,daily,4,2026-09-12T12:30:00Z,383,Elliott,LIV,MID,54,0,-1,0.0,0,890,907,4562,u,Has joined Valencia on loan for the rest of the season,2026-09-02T16:05:49.104326Z,0,0,,,,0.0,0,0,0,0,0,0,0,0,0,0,0,0,0,0.00,0.00,0.00,0.00,0.0,0.0
2026-09-07T00:13:54+00:00,2026-09-06,daily,4,2026-09-12T12:30:00Z,579,Araujo,LIV,DEF,54,0,-1,2.2,12681,6109,47963,120423,a,,,,,,,,3.0,8,9,123,1,0,0,1,0,0,15,13,2,4,0.00,0.05,0.05,1.36,3.0,3.0
2026-09-07T00:13:54+00:00,2026-09-06,daily,4,2026-09-12T12:30:00Z,627,Barcola,LIV,MID,80,0,0,1.6,38654,12452,174442,32068,a,,,,,,,,1.0,1,1,26,0,0,0,0,0,0,0,0,0,0,0.00,0.07,0.07,0.17,2.8,2.8
2026-09-07T00:13:54+00:00,2026-09-06,daily,4,2026-09-12T12:30:00Z,155,Enzo,MCI,MID,69,0,-1,3.3,11002,17883,56924,239984,a,,,,,,,,1.3,3,4,100,1,0,0,1,0,0,6,1,1,4,0.13,0.14,0.27,1.28,1.3,1.3
2026-09-07T00:13:54+00:00,2026-09-06,daily,4,2026-09-12T12:30:00Z,237,Ndiaye,MCI,MID,59,-1,-1,10.7,18527,115332,222896,648504,a,,,,,,,,5.3,3,16,266,3,0,1,2,1,0,30,6,7,17,0.28,0.43,0.71,5.47,5.3,5.3
2026-09-07T00:13:54+00:00,2026-09-06,daily,4,2026-09-12T12:30:00Z,384,Donnarumma,MCI,GKP,55,0,0,7.8,10875,24775,116023,189792,a,,,,,,,,3.3,7,10,270,3,0,0,1,2,7,0,2,0,14,0.00,0.00,0.00,2.68,3.3,3.3
2026-09-07T00:13:54+00:00,2026-09-06,daily,4,2026-09-12T12:30:00Z,386,Bettinelli,MCI,GKP,45,0,0,0.0,48,84,355,693,a,,,,,,,,0.0,0,0,0,0,0,0,0,0,0,0,0,0,0,0.00,0.00,0.00,0.00,0.0,0.0
2026-09-07T00:13:54+00:00,2026-09-06,daily,4,2026-09-12T12:30:00Z,387,O'Reilly,MCI,DEF,65,0,0,16.5,3701,205322,169728,603682,d,Back injury - 75% chance of playing,2026-09-05T18:00:06.379802Z,,75,,,,1.3,0,4,150,2,0,0,0,2,0,3,1,2,7,0.09,0.43,0.52,1.21,1.3,1.0
2026-09-07T00:13:54+00:00,2026-09-06,daily,4,2026-09-12T12:30:00Z,388,Guéhi,MCI,DEF,60,0,0,18.7,33445,35394,339077,259212,a,,,,,,,,6.7,8,20,270,3,1,0,1,2,0,18,15,3,14,0.89,0.38,1.27,2.68,6.7,6.7
2026-09-07T00:13:54+00:00,2026-09-06,daily,4,2026-09-12T12:30:00Z,389,Matheus N.,MCI,DEF,59,0,-1,1.0,760,4044,4270,59956,a,,2026-08-27T11:30:08.171622Z,100,100,4,,,0.3,0,1,33,0,0,0,0,0,0,1,1,0,2,0.00,0.04,0.04,0.10,0.3,0.3
2026-09-07T00:13:54+00:00,2026-09-06,daily,4,2026-09-12T12:30:00Z,390,Rúben,MCI,DEF,55,0,0,1.8,3795,5520,34070,42031,a,,,,,,,,3.3,6,10,270,3,0,0,1,2,0,15,14,1,14,0.09,0.74,0.83,2.68,3.3,3.3
2026-09-07T00:13:54+00:00,2026-09-06,daily,4,2026-09-12T12:30:00Z,391,Gvardiol,MCI,DEF,56,0,1,19.5,123231,35595,900001,191896,a,,,,,,,,7.3,8,22,254,3,1,1,1,2,0,17,10,7,12,0.20,0.11,0.31,2.68,7.3,7.3
2026-09-07T00:13:54+00:00,2026-09-06,daily,4,2026-09-12T12:30:00Z,392,Aït-Nouri,MCI,DEF,54,0,-1,0.5,364,4560,5000,46410,a,,,,,,,,0.0,0,0,0,0,0,0,0,0,0,0,0,0,0,0.00,0.00,0.00,0.00,0.0,0.0
2026-09-07T00:13:54+00:00,2026-09-06,daily,4,2026-09-12T12:30:00Z,393,Khusanov,MCI,DEF,55,0,0,1.6,2299,4526,18177,43346,a,,,,,,,,3.0,5,9,268,3,0,0,1,2,0,17,9,8,13,0.00,0.06,0.06,2.68,3.0,3.0
2026-09-07T00:13:54+00:00,2026-09-06,daily,4,2026-09-12T12:30:00Z,394,Alleyne,MCI,DEF,50,0,0,0.0,0,27,0,526,u,Has joined Burnley on loan for the rest of the season,2026-08-18T14:11:56.324656Z,0,0,,,,0.0,0,0,0,0,0,0,0,0,0,0,0,0,0,0.00,0.00,0.00,0.00,0.0,0.0
2026-09-07T00:13:54+00:00,2026-09-06,daily,4,2026-09-12T12:30:00Z,395,Lewis,MCI,DEF,45,0,0,0.2,351,1581,6123,9837,a,,,,,,,,0.3,0,1,56,1,0,0,0,1,0,2,2,0,0,0.17,0.02,0.19,0.55,0.3,0.3
2026-09-07T00:13:54+00:00,2026-09-06,daily,4,2026-09-12T12:30:00Z,396,Vitor Reis,MCI,DEF,45,0,0,0.0,30,105,264,607,a,,,,,,,,0.3,0,1,1,0,0,0,0,0,0,0,0,0,0,0.00,0.00,0.00,0.00,0.3,0.3
2026-09-07T00:13:54+00:00,2026-09-06,daily,4,2026-09-12T12:30:00Z,397,Semenyo,MCI,MID,84,-1,-1,18.6,13455,99810,131183,704141,a,,,,,2,,,4.3,6,13,270,3,0,2,1,2,0,12,0,3,9,0.17,0.93,1.10,2.68,4.3,4.3
2026-09-07T00:13:54+00:00,2026-09-06,daily,4,2026-09-12T12:30:00Z,398,Foden,MCI,MID,70,0,0,5.1,8674,72555,291557,193955,a,,,,,,2,3,3.7,1,11,195,2,0,2,0,2,0,14,2,4,8,1.61,0.86,2.47,1.81,3.7,3.7
2026-09-07T00:13:54+00:00,2026-09-06,daily,4,2026-09-12T12:30:00Z,399,Cherki,MCI,MID,78,1,3,30.5,127226,110754,2196434,234098,a,,,,,,1,1,8.3,3,25,173,2,2,2,1,1,0,6,0,0,6,0.56,1.35,1.91,1.62,8.3,8.3
2026-09-07T00:13:54+00:00,2026-09-06,daily,4,2026-09-12T12:30:00Z,400,Doku,MCI,MID,74,0,-1,0.8,121,5237,1068,109623,i,Calf injury - Expected back 13 Sep,2026-08-18T17:00:08.385597Z,0,0,3,,,0.0,0,0,0,0,0,0,0,0,0,0,0,0,0,0.00,0.00,0.00,0.00,0.0,0.0
2026-09-07T00:13:54+00:00,2026-09-06,daily,4,2026-09-12T12:30:00Z,402,Rodrigo,MCI,MID,65,0,0,0.0,0,42,0,1107,u,Has joined Barcelona permanently,2026-07-23T12:01:23.675537Z,0,0,,,,0.0,0,0,0,0,0,0,0,0,0,0,0,0,0,0.00,0.00,0.00,0.00,0.0,0.0
2026-09-07T00:13:54+00:00,2026-09-06,daily,4,2026-09-12T12:30:00Z,404,Reijnders,MCI,MID,60,0,0,0.0,0,235,0,7555,u,Has joined Al Qadsiah permanently,2026-08-20T14:02:58.154273Z,0,0,,,,0.0,0,0,0,0,0,0,0,0,0,0,0,0,0,0.00,0.00,0.00,0.00,0.0,0.0
2026-09-07T00:13:54+00:00,2026-09-06,daily,4,2026-09-12T12:30:00Z,406,Kovačić,MCI,MID,54,-1,-1,0.1,225,554,1701,3990,a,,,,,,,,0.7,0,2,42,0,0,0,0,0,0,2,0,0,2,0.00,0.02,0.02,0.10,0.7,0.7
2026-09-07T00:13:54+00:00,2026-09-06,daily,4,2026-09-12T12:30:00Z,407,Echeverri,MCI,MID,49,0,-1,0.0,0,184,250,987,u,Has joined Benfica on loan for the rest of the season,2026-09-03T15:41:24.710479Z,0,0,,,,0.0,0,0,0,0,0,0,0,0,0,0,0,0,0,0.00,0.00,0.00,0.00,0.0,0.0
2026-09-07T00:13:54+00:00,2026-09-06,daily,4,2026-09-12T12:30:00Z,408,Phillips,MCI,MID,50,0,0,0.0,0,21,0,482,u,Has joined Sheffield United on loan for the rest of the season,2026-08-18T14:11:56.348781Z,0,0,,,,0.0,0,0,0,0,0,0,0,0,0,0,0,0,0,0.00,0.00,0.00,0.00,0.0,0.0
2026-09-07T00:13:54+00:00,2026-09-06,daily,4,2026-09-12T12:30:00Z,409,Mukasa,MCI,MID,45,0,0,0.1,0,1481,1621,7942,u,has joined West Ham on loan for the rest of the seaon.,2026-09-03T10:34:10.733520Z,0,0,,,,0.0,0,0,0,0,0,0,0,0,0,0,0,0,0,0.00,0.00,0.00,0.00,0.0,0.0
2026-09-07T00:13:54+00:00,2026-09-06,daily,4,2026-09-12T12:30:00Z,410,Monga,MCI,MID,49,0,-1,0.0,0,177,219,912,u,Has joined Swansea City on loan for the rest of the season,2026-09-02T16:02:01.136760Z,0,0,,,,0.0,0,0,0,0,0,0,0,0,0,0,0,0,0,0.00,0.00,0.00,0.00,0.0,0.0
2026-09-07T00:13:54+00:00,2026-09-06,daily,4,2026-09-12T12:30:00Z,411,Haaland,MCI,FWD,155,0,0,71.2,52323,40979,522501,185341,a,,,,,1,,,8.0,9,24,270,3,3,0,1,2,0,15,8,0,7,2.46,0.50,2.96,2.68,8.0,8.0
2026-09-07T00:13:54+00:00,2026-09-06,daily,4,2026-09-12T12:30:00Z,481,Anderson,MCI,MID,63,-1,-2,4.8,6744,29538,58100,315762,a,,2026-08-23T17:00:07.952697Z,100,100,,,2,2.7,3,8,233,3,0,0,1,2,0,31,9,8,14,0.09,0.64,0.73,2.58,2.7,2.7
2026-09-07T00:13:54+00:00,2026-09-06,daily,4,2026-09-12T12:30:00Z,587,Rulli,MCI,GKP,50,0,0,0.0,49,95,290,659,a,,,,,,,,0.0,0,0,0,0,0,0,0,0,0,0,0,0,0,0.00,0.00,0.00,0.00,0.0,0.0
2026-09-07T00:13:54+00:00,2026-09-06,daily,4,2026-09-12T12:30:00Z,616,Bouaddi,MCI,MID,55,0,0,0.2,1347,1686,13701,5293,a,,,,,,,,1.0,1,2,22,0,0,0,0,0,0,6,3,0,3,0.00,0.12,0.12,0.37,1.0,1.0
2026-09-07T00:13:54+00:00,2026-09-06,daily,4,2026-09-12T12:30:00Z,621,McAidoo,MCI,MID,45,0,0,0.1,1775,936,8453,2862,a,,,,,,,,1.0,1,2,11,0,0,0,0,0,0,4,0,2,2,0.10,0.00,0.10,0.02,1.0,1.0
2026-09-07T00:13:54+00:00,2026-09-06,daily,4,2026-09-12T12:30:00Z,622,Braithwaite,MCI,DEF,40,0,0,0.1,1861,1144,11145,3349,a,,,,,,,,0.5,0,1,1,0,0,0,0,0,0,0,0,0,1,0.00,0.00,0.00,0.00,0.5,0.5
2026-09-07T00:13:54+00:00,2026-09-06,daily,4,2026-09-12T12:30:00Z,628,Allan,MCI,MID,60,0,0,0.0,144,71,444,158,a,,,,,,,,0.0,0,0,0,0,0,0,0,0,0,0,0,0,0,0.00,0.00,0.00,0.00,2.2,2.2
2026-09-07T00:13:54+00:00,2026-09-06,daily,4,2026-09-12T12:30:00Z,653,Samba,MCI,MID,45,0,0,0.0,1377,256,1377,256,a,,,,,,,,0.0,0,0,0,0,0,0,0,0,0,0,0,0,0,0.00,0.00,0.00,0.00,1.0,1.0
2026-09-07T00:13:54+00:00,2026-09-06,daily,4,2026-09-12T12:30:00Z,43,Tielemans,MUN,MID,59,0,-1,1.9,3222,11914,28619,99126,a,,2026-07-23T12:01:23.321726Z,100,100,3,,,2.7,2,8,246,3,0,0,0,6,0,25,6,2,17,0.56,0.28,0.84,4.01,2.7,2.7
2026-09-07T00:13:54+00:00,2026-09-06,daily,4,2026-09-12T12:30:00Z,131,Baleba,MUN,MID,50,0,0,0.1,411,947,4431,10342,i,Ankle injury - Expected back 19 Sep,2026-08-06T16:00:10.997714Z,0,0,,,,0.0,0,0,0,0,0,0,0,0,0,0,0,0,0,0.00,0.00,0.00,0.00,0.0,0.0
2026-09-07T00:13:54+00:00,2026-09-06,daily,4,2026-09-12T12:30:00Z,162,Andrey Santos,MUN,MID,49,0,-1,0.8,1821,5798,16623,45250,a,,,,,,,,1.3,1,4,82,1,0,0,0,4,0,18,7,4,7,0.00,0.24,0.24,2.03,1.3,1.3
2026-09-07T00:13:54+00:00,2026-09-06,daily,4,2026-09-12T12:30:00Z,325,Darlow,MUN,GKP,45,0,0,0.0,110,127,692,846,a,,2026-07-23T12:01:23.549136Z,100,100,,,,0.0,0,0,0,0,0,0,0,0,0,0,0,0,0,0.00,0.00,0.00,0.00,0.0,0.0
2026-09-07T00:13:54+00:00,2026-09-06,daily,4,2026-09-12T12:30:00Z,412,Lammens,MUN,GKP,50,0,0,12.9,4843,71570,71757,350762,a,,,,,,,,1.7,2,5,270,3,0,0,0,6,9,0,4,0,28,0.00,0.00,0.00,4.08,1.7,1.7
2026-09-07T00:13:54+00:00,2026-09-06,daily,4,2026-09-12T12:30:00Z,413,Bayindir,MUN,GKP,45,0,0,0.0,0,71,0,951,u,Has joined Celta Vigo on loan for the rest of the season,2026-08-10T14:02:28.608415Z,0,0,,,,0.0,0,0,0,0,0,0,0,0,0,0,0,0,0,0.00,0.00,0.00,0.00,0.0,0.0
2026-09-07T00:13:54+00:00,2026-09-06,daily,4,2026-09-12T12:30:00Z,414,Heaton,MUN,GKP,40,0,0,0.1,253,275,1102,2256,i,Hamstring injury - Unknown return date,2026-08-15T16:00:07.854151Z,0,0,,,,0.0,0,0,0,0,0,0,0,0,0,0,0,0,0,0.00,0.00,0.00,0.00,0.0,0.0
2026-09-07T00:13:54+00:00,2026-09-06,daily,4,2026-09-12T12:30:00Z,415,Dorgu,MUN,MID,59,0,-1,0.7,639,6827,8586,72173,a,,,,,,,,0.7,1,2,75,1,0,0,0,5,0,6,3,2,1,0.65,0.05,0.70,2.28,0.7,0.7
2026-09-07T00:13:54+00:00,2026-09-06,daily,4,2026-09-12T12:30:00Z,416,De Ligt,MUN,DEF,50,0,0,0.0,53,125,266,1086,i,Back injury - Unknown return date,2026-07-23T12:01:23.690880Z,0,0,,,,0.0,0,0,0,0,0,0,0,0,0,0,0,0,0,0.00,0.00,0.00,0.00,0.0,0.0
2026-09-07T00:13:54+00:00,2026-09-06,daily,4,2026-09-12T12:30:00Z,417,Dalot,MUN,DEF,49,-1,-1,2.1,1634,10744,18835,83061,a,,,,,,,,1.3,1,4,166,2,0,0,0,2,0,11,7,4,5,0.16,0.13,0.29,1.98,1.3,1.3
2026-09-07T00:13:54+00:00,2026-09-06,daily,4,2026-09-12T12:30:00Z,418,Maguire,MUN,DEF,50,0,0,13.3,7221,96328,109954,493352,a,,,,,,,,2.3,2,7,270,3,0,1,0,6,0,21,20,1,11,0.07,0.42,0.49,4.08,2.3,2.3
2026-09-07T00:13:54+00:00,2026-09-06,daily,4,2026-09-12T12:30:00Z,419,Martinez,MUN,DEF,50,0,0,1.2,2015,4099,16964,41792,a,,2026-07-24T20:00:10.337107Z,100,100,,,,1.3,3,4,180,2,0,0,0,4,0,10,10,0,8,0.03,0.06,0.09,3.07,1.3,1.3
2026-09-07T00:13:54+00:00,2026-09-06,daily,4,2026-09-12T12:30:00Z,420,Yoro,MUN,DEF,49,0,-1,0.5,420,2471,3691,24411,a,,,,,,,,0.7,1,2,22,0,0,0,0,2,0,5,3,2,1,0.00,0.02,0.02,1.09,0.7,0.7
2026-09-07T00:13:54+00:00,2026-09-06,daily,4,2026-09-12T12:30:00Z,421,Heaven,MUN,DEF,44,-1,-1,0.3,418,2094,4806,15246,a,,,,,,,,0.3,0,1,90,1,0,0,0,2,0,2,1,1,4,0.12,0.04,0.16,1.01,0.3,0.3
2026-09-07T00:13:54+00:00,2026-09-06,daily,4,2026-09-12T12:30:00Z,422,Mazraoui,MUN,DEF,45,0,0,0.6,564,3847,9662,22962,a,,,,,,,,1.0,1,3,97,1,0,0,0,4,0,6,4,2,3,0.22,0.06,0.28,2.08,1.0,1.0
2026-09-07T00:13:54+00:00,2026-09-06,daily,4,2026-09-12T12:30:00Z,423,Shaw,MUN,DEF,44,-1,-1,14.6,6355,118347,79741,569326,a,,,,,,,3,2.3,4,7,252,3,0,1,0,4,0,20,14,6,6,0.02,0.51,0.53,3.01,2.3,2.3
2026-09-07T00:13:54+00:00,2026-09-06,daily,4,2026-09-12T12:30:00Z,424,Amass,MUN,DEF,40,0,0,0.2,648,670,3478,5007,a,,,,,,,,0.0,0,0,0,0,0,0,0,0,0,0,0,0,0,0.00,0.00,0.00,0.00,0.0,0.0
2026-09-07T00:13:54+00:00,2026-09-06,daily,4,2026-09-12T12:30:00Z,425,Fredricson,MUN,DEF,40,0,0,0.0,0,67,0,1076,u,Has joined Lausanne-Sport permanently,2026-08-18T14:12:31.904433Z,0,0,,,,0.0,0,0,0,0,0,0,0,0,0,0,0,0,0,0.00,0.00,0.00,0.00,0.0,0.0
2026-09-07T00:13:54+00:00,2026-09-06,daily,4,2026-09-12T12:30:00Z,426,B.Fernandes,MUN,MID,120,0,0,47.6,47705,148512,468055,712174,a,,,,,1,1,1,9.0,2,27,270,3,3,1,0,6,0,16,2,2,12,2.25,0.80,3.05,4.08,9.0,9.0
2026-09-07T00:13:54+00:00,2026-09-06,daily,4,2026-09-12T12:30:00Z,427,Mbeumo,MUN,MID,79,-1,-1,26.1,42805,146444,217658,1211544,a,,,,,2,2,2,7.0,8,21,270,3,2,1,0,6,0,17,4,3,10,2.31,0.47,2.78,4.08,7.0,7.0
2026-09-07T00:13:54+00:00,2026-09-06,daily,4,2026-09-12T12:30:00Z,428,Cunha,MUN,MID,79,-1,-1,7.4,3892,45489,54330,296213,a,,,,,,,,4.7,3,14,227,3,0,2,1,3,0,8,0,2,6,0.47,0.41,0.88,2.72,4.7,4.7
2026-09-07T00:13:54+00:00,2026-09-06,daily,4,2026-09-12T12:30:00Z,429,Rashford,MUN,MID,70,0,0,1.6,6847,8814,44722,68747,a,,,,,,3,,2.0,3,6,193,2,0,0,1,1,0,11,0,3,8,0.26,0.21,0.47,1.80,2.0,2.0
2026-09-07T00:13:54+00:00,2026-09-06,daily,4,2026-09-12T12:30:00Z,430,Mount,MUN,MID,54,0,-1,0.0,83,97,178,1382,a,,2026-08-15T16:00:07.879135Z,75,100,,4,,0.0,0,0,0,0,0,0,0,0,0,0,0,0,0,0.00,0.00,0.00,0.00,0.0,0.0
2026-09-07T00:13:54+00:00,2026-09-06,daily,4,2026-09-12T12:30:00Z,431,Amad,MUN,MID,58,0,-2,0.5,83,4597,1902,106859,i,Unspecified injury - Unknown return date,2026-08-22T11:00:08.617283Z,0,0,,,4,0.0,0,0,0,0,0,0,0,0,0,0,0,0,0,0.00,0.00,0.00,0.00,0.0,0.0
2026-09-07T00:13:54+00:00,2026-09-06,daily,4,2026-09-12T12:30:00Z,432,Mainoo,MUN,MID,55,0,0,1.2,9177,3371,32119,30195,a,,,,,,,,4.7,9,14,185,2,0,1,0,2,0,31,5,5,21,0.21,0.35,0.56,2.05,4.7,4.7
2026-09-07T00:13:54+00:00,2026-09-06,daily,4,2026-09-12T12:30:00Z,433,Ugarte,MUN,MID,50,0,0,0.0,9,23,65,180,i,Knee injury - Unknown return date,2026-07-23T12:01:23.706702Z,0,0,,,,0.0,0,0,0,0,0,0,0,0,0,0,0,0,0,0.00,0.00,0.00,0.00,0.0,0.0
2026-09-07T00:13:54+00:00,2026-09-06,daily,4,2026-09-12T12:30:00Z,434,J.Fletcher,MUN,MID,50,0,0,0.0,29,51,154,406,a,,,,,,,,0.0,0,0,0,0,0,0,0,0,0,0,0,0,0,0.00,0.00,0.00,0.00,0.0,0.0
2026-09-07T00:13:54+00:00,2026-09-06,daily,4,2026-09-12T12:30:00Z,435,Lacey,MUN,MID,50,0,0,0.1,73,290,698,1918,a,,,,,,,,0.3,0,1,10,0,0,0,0,0,0,1,0,0,1,0.00,0.00,0.00,0.00,0.3,0.3
2026-09-07T00:13:54+00:00,2026-09-06,daily,4,2026-09-12T12:30:00Z,436,Collyer,MUN,MID,50,0,0,0.0,0,122,150,737,u,Has joined West Brom permanently,2026-09-01T13:16:48.584385Z,0,0,,,,0.0,0,0,0,0,0,0,0,0,0,0,0,0,0,0.00,0.00,0.00,0.00,0.0,0.0
2026-09-07T00:13:54+00:00,2026-09-06,daily,4,2026-09-12T12:30:00Z,437,Bendito Mantato,MUN,MID,45,0,0,0.2,617,733,3340,5800,a,,,,,,,,0.0,0,0,0,0,0,0,0,0,0,0,0,0,0,0.00,0.00,0.00,0.00,0.0,0.0
2026-09-07T00:13:54+00:00,2026-09-06,daily,4,2026-09-12T12:30:00Z,438,Fletcher,MUN,MID,45,0,0,0.3,640,1131,3852,9435,a,,,,,,,,0.0,0,0,0,0,0,0,0,0,0,0,0,0,0,0.00,0.00,0.00,0.00,0.0,0.0
2026-09-07T00:13:54+00:00,2026-09-06,daily,4,2026-09-12T12:30:00Z,439,Šeško,MUN,FWD,70,0,0,1.6,7116,9450,53251,73076,a,,2026-07-23T12:01:23.722029Z,100,100,,,,2.3,5,7,53,0,1,0,0,3,0,3,0,0,3,0.33,0.01,0.34,1.43,2.3,2.3
2026-09-07T00:13:54+00:00,2026-09-06,daily,4,2026-09-12T12:30:00Z,440,Zirkzee,MUN,FWD,54,0,-1,0.5,1917,3123,9577,29160,a,,,,,,,,0.0,0,0,0,0,0,0,0,0,0,0,0,0,0,0.00,0.00,0.00,0.00,0.0,0.0
2026-09-07T00:13:54+00:00,2026-09-06,daily,4,2026-09-12T12:30:00Z,441,Obi,MUN,FWD,45,0,0,1.2,6463,4989,31897,32396,a,,,,,,,,0.0,0,0,0,0,0,0,0,0,0,0,0,0,0,0.00,0.00,0.00,0.00,0.0,0.0
2026-09-07T00:13:54+00:00,2026-09-06,daily,4,2026-09-12T12:30:00Z,405,N.Gonzalez,NEW,MID,55,0,0,0.3,1602,1163,14125,5878,a,,,,,,,,1.3,2,4,146,2,0,0,1,2,0,11,3,0,8,0.00,0.21,0.21,2.07,1.3,1.3
2026-09-07T00:13:54+00:00,2026-09-06,daily,4,2026-09-12T12:30:00Z,442,Pope,NEW,GKP,49,-1,-1,1.1,1224,4692,8882,36205,a,,,,,,,,0.0,0,0,0,0,0,0,0,0,0,0,0,0,0,0.00,0.00,0.00,0.00,0.0,0.0
2026-09-07T00:13:54+00:00,2026-09-06,daily,4,2026-09-12T12:30:00Z,443,Gillespie,NEW,GKP,45,0,0,0.0,61,102,462,715,a,,,,,,,,0.0,0,0,0,0,0,0,0,0,0,0,0,0,0,0.00,0.00,0.00,0.00,0.0,0.0
2026-09-07T00:13:54+00:00,2026-09-06,daily,4,2026-09-12T12:30:00Z,444,Jaouen,NEW,GKP,45,0,0,0.0,51,107,357,916,a,,,,,,,,0.0,0,0,0,0,0,0,0,0,0,0,0,0,0,0.00,0.00,0.00,0.00,0.0,0.0
2026-09-07T00:13:54+00:00,2026-09-06,daily,4,2026-09-12T12:30:00Z,445,Thiaw,NEW,DEF,50,0,0,2.2,13889,13507,105924,56368,a,,,,,,,,2.7,-1,8,270,3,0,0,1,4,0,21,21,0,6,0.00,0.07,0.07,5.47,2.7,2.7
2026-09-07T00:13:54+00:00,2026-09-06,daily,4,2026-09-12T12:30:00Z,446,Schär,NEW,DEF,50,0,0,0.2,385,1523,4335,8301,a,,2026-08-15T16:30:07.209742Z,100,100,,2,,0.3,0,1,1,0,0,0,0,1,0,0,0,0,0,0.00,0.00,0.00,0.79,0.3,0.3
2026-09-07T00:13:54+00:00,2026-09-06,daily,4,2026-09-12T12:30:00Z,447,Botman,NEW,DEF,50,0,0,0.7,2467,2645,26804,12768,a,,,,,,,,3.0,1,9,270,3,0,0,1,4,0,24,22,2,9,0.01,0.17,0.18,5.47,3.0,3.0
2026-09-07T00:13:54+00:00,2026-09-06,daily,4,2026-09-12T12:30:00Z,448,Burn,NEW,DEF,49,0,-1,1.0,110,7930,6906,130209,i,Ankle injury - Expected back 14 Sep,2026-08-23T18:00:08.367241Z,0,0,,,,0.0,0,0,0,0,0,0,0,0,0,0,0,0,0,0.00,0.00,0.00,0.00,0.0,0.0
2026-09-07T00:13:54+00:00,2026-09-06,daily,4,2026-09-12T12:30:00Z,449,Hall,NEW,DEF,51,0,1,10.9,153513,23801,782850,123303,a,,,,,,1,1,6.0,4,18,269,3,0,1,1,4,0,30,22,8,27,0.04,0.67,0.71,5.45,6.0,6.0
2026-09-07T00:13:54+00:00,2026-09-06,daily,4,2026-09-12T12:30:00Z,450,Livramento,NEW,DEF,49,0,-1,0.0,762,212,968,2300,a,,2026-07-23T12:01:23.753221Z,0,100,,,,0.3,1,1,1,0,0,0,0,0,0,0,0,0,0,0.00,0.00,0.00,0.02,0.0,0.3
2026-09-07T00:13:54+00:00,2026-09-06,daily,4,2026-09-12T12:30:00Z,451,A.Murphy,NEW,DEF,40,0,0,0.1,0,382,0,5484,u,Has joined FC Kaiserslautern on loan for the rest of the season,2026-08-12T14:05:29.224600Z,0,0,,,,0.0,0,0,0,0,0,0,0,0,0,0,0,0,0,0.00,0.00,0.00,0.00,0.0,0.0
2026-09-07T00:13:54+00:00,2026-09-06,daily,4,2026-09-12T12:30:00Z,453,Barnes,NEW,MID,60,0,0,1.6,56128,9432,96310,42503,a,,,,,,,5,5.7,12,17,270,3,1,1,1,4,0,18,7,3,8,0.22,0.06,0.28,5.47,5.7,5.7
2026-09-07T00:13:54+00:00,2026-09-06,daily,4,2026-09-12T12:30:00Z,454,Elanga,NEW,MID,61,0,1,10.8,124533,60220,1030646,166562,a,,,,,,,4,6.0,1,18,232,3,2,0,1,3,0,9,2,4,3,0.42,0.34,0.76,4.01,6.0,6.0
2026-09-07T00:13:54+00:00,2026-09-06,daily,4,2026-09-12T12:30:00Z,456,J.Ramsey,NEW,MID,49,-1,-1,0.3,4199,1395,7440,12627,a,,,,,,,,2.3,6,7,69,0,1,0,0,1,0,11,3,2,6,0.17,0.16,0.33,1.92,2.3,2.3
2026-09-07T00:13:54+00:00,2026-09-06,daily,4,2026-09-12T12:30:00Z,457,J.Murphy,NEW,MID,59,0,-1,0.1,383,727,2215,6881,a,,,,,,,2,0.7,1,2,35,0,0,0,0,1,0,6,1,1,4,0.00,0.20,0.20,1.46,0.7,0.7
2026-09-07T00:13:54+00:00,2026-09-06,daily,4,2026-09-12T12:30:00Z,458,Joelinton,NEW,MID,54,0,-1,0.0,14,109,148,1809,i,Unspecified injury - Unknown return date,2026-08-16T08:00:08.074045Z,0,0,,,,0.0,0,0,0,0,0,0,0,0,0,0,0,0,0,0.00,0.00,0.00,0.00,0.0,0.0
2026-09-07T00:13:54+00:00,2026-09-06,daily,4,2026-09-12T12:30:00Z,459,L.Miley,NEW,MID,55,0,0,0.1,419,446,4021,2562,a,,2026-07-23T12:01:23.785456Z,100,100,,,3,2.7,2,8,227,3,0,0,1,3,0,26,10,1,15,0.05,0.07,0.12,4.39,2.7,2.7
2026-09-07T00:13:54+00:00,2026-09-06,daily,4,2026-09-12T12:30:00Z,460,Willock,NEW,MID,50,0,0,0.5,5684,2804,36674,12478,a,,,,,,,,3.7,2,11,166,2,1,0,1,3,0,8,2,3,3,0.52,0.20,0.72,3.57,3.7,3.7
2026-09-07T00:13:54+00:00,2026-09-06,daily,4,2026-09-12T12:30:00Z,461,Touré,NEW,MID,59,0,-1,0.1,131,1253,1301,11941,a,,,,,,,,0.3,0,1,1,0,0,0,0,0,0,0,0,0,0,0.00,0.00,0.00,0.00,0.3,0.3
2026-09-07T00:13:54+00:00,2026-09-06,daily,4,2026-09-12T12:30:00Z,462,Steur,NEW,MID,49,-1,-1,0.1,145,526,1491,3873,a,,,,,,,,1.0,1,3,87,1,0,0,0,1,0,7,4,0,3,0.00,0.00,0.00,1.90,1.0,1.0
2026-09-07T00:13:54+00:00,2026-09-06,daily,4,2026-09-12T12:30:00Z,463,Woltemade,NEW,FWD,59,0,-1,0.8,0,20669,14520,108229,u,Has joined Juventus on loan for the rest of the season,2026-09-02T16:07:16.549304Z,0,0,,,,1.3,0,4,19,0,0,1,0,0,0,0,0,0,0,0.02,0.01,0.03,0.38,0.0,0.0
2026-09-07T00:13:54+00:00,2026-09-06,daily,4,2026-09-12T12:30:00Z,464,Wissa,NEW,FWD,62,1,2,16.5,208828,62206,1486924,175702,a,,,,,2,,,4.3,1,13,261,3,1,1,1,3,0,17,2,5,10,1.35,0.05,1.40,4.30,4.3,4.3
2026-09-07T00:13:54+00:00,2026-09-06,daily,4,2026-09-12T12:30:00Z,465,Osula,NEW,FWD,59,0,-1,0.5,100,5013,21001,69769,i,Foot injury - Unknown return date,2026-08-25T19:00:08.004915Z,0,0,1,,,1.3,0,4,55,1,0,1,0,1,0,5,2,1,2,0.06,0.14,0.20,1.48,0.0,0.0
2026-09-07T00:13:54+00:00,2026-09-06,daily,4,2026-09-12T12:30:00Z,466,Neave,NEW,FWD,45,0,0,0.7,0,7979,23805,29503,u,Has joined Wolves on loan for the rest of the season,2026-09-04T12:37:43.515176Z,0,0,,,,0.0,0,0,0,0,0,0,0,0,0,0,0,0,0,0.00,0.00,0.00,0.00,0.0,0.0
2026-09-07T00:13:54+00:00,2026-09-06,daily,4,2026-09-12T12:30:00Z,559,Bamba,NEW,MID,49,-1,-1,0.1,225,587,1749,4876,a,,,,,,,,0.3,0,1,14,0,0,0,0,1,0,2,1,1,0,0.00,0.00,0.00,1.04,0.3,0.3
2026-09-07T00:13:54+00:00,2026-09-06,daily,4,2026-09-12T12:30:00Z,567,Horníček,NEW,GKP,50,0,0,1.2,15875,6297,79673,29662,a,,,,,,,,3.3,2,10,270,3,0,0,1,4,13,0,5,0,15,0.00,0.00,0.00,5.47,3.3,3.3
2026-09-07T00:13:54+00:00,2026-09-06,daily,4,2026-09-12T12:30:00Z,593,Dedić,NEW,DEF,45,0,0,3.5,59309,21115,388313,72474,a,,,,,,,,4.3,1,13,270,3,0,1,1,4,0,18,13,5,11,0.14,0.08,0.22,5.47,4.3,4.3
2026-09-07T00:13:54+00:00,2026-09-06,daily,4,2026-09-12T12:30:00Z,609,Shahar,NEW,DEF,40,0,0,0.3,1594,1179,16458,5140,a,,,,,,,,0.0,0,0,0,0,0,0,0,0,0,0,0,0,0,0.00,0.00,0.00,0.00,0.0,0.0
2026-09-07T00:13:54+00:00,2026-09-06,daily,4,2026-09-12T12:30:00Z,634,Fernandez-Pardo,NEW,FWD,60,0,0,0.1,2804,535,8188,1121,a,,,,,,,,1.0,1,1,27,0,0,0,0,0,0,1,0,0,1,0.00,0.00,0.00,0.04,2.1,2.1
2026-09-07T00:13:54+00:00,2026-09-06,daily,4,2026-09-12T12:30:00Z,167,Delap,NFO,FWD,55,0,0,0.8,7338,3931,52024,23473,a,,,,,3,,,1.0,2,3,97,1,0,0,1,1,0,5,2,0,3,0.13,0.06,0.19,1.22,1.0,1.0
2026-09-07T00:13:54+00:00,2026-09-06,daily,4,2026-09-12T12:30:00Z,201,Muñoz,NFO,DEF,54,0,-1,6.2,4347,30658,43252,337802,a,,,,,,,,0.3,1,1,85,1,0,0,0,2,0,5,3,2,1,0.26,0.01,0.27,1.10,0.3,0.3
2026-09-07T00:13:54+00:00,2026-09-06,daily,4,2026-09-12T12:30:00Z,467,Sels,NFO,GKP,50,0,0,1.4,3557,3140,15311,33109,a,,,,,,,,3.0,6,9,270,3,0,0,1,3,4,0,4,0,26,0.00,0.01,0.01,3.28,3.0,3.0
2026-09-07T00:13:54+00:00,2026-09-06,daily,4,2026-09-12T12:30:00Z,468,John,NFO,GKP,45,0,0,0.1,75,148,512,1265,a,,,,,,,,0.0,0,0,0,0,0,0,0,0,0,0,0,0,0,0.00,0.00,0.00,0.00,0.0,0.0
2026-09-07T00:13:54+00:00,2026-09-06,daily,4,2026-09-12T12:30:00Z,469,N.Williams,NFO,DEF,50,0,0,8.3,24199,19727,91867,190559,a,,,,,,2,2,5.0,7,15,270,3,0,1,1,3,0,24,12,12,19,0.12,0.24,0.36,3.28,5.0,5.0
2026-09-07T00:13:54+00:00,2026-09-06,daily,4,2026-09-12T12:30:00Z,470,Morato,NFO,DEF,50,0,0,0.0,0,480,424,2513,u,Has joined West Ham on loan for the rest of the season,2026-09-02T16:19:54.503286Z,0,0,,,,0.0,0,0,0,0,0,0,0,0,0,0,0,0,0,0.00,0.00,0.00,0.00,0.0,0.0
2026-09-07T00:13:54+00:00,2026-09-06,daily,4,2026-09-12T12:30:00Z,471,Milenković,NFO,DEF,55,0,0,1.6,2642,2633,10860,37522,a,,,,,,,,4.0,7,12,270,3,0,0,1,3,0,31,26,5,12,0.11,0.03,0.14,3.28,4.0,4.0
2026-09-07T00:13:54+00:00,2026-09-06,daily,4,2026-09-12T12:30:00Z,472,Murillo,NFO,DEF,55,0,0,1.6,3668,2703,21908,34692,a,,2026-07-23T12:01:23.801183Z,100,100,,3,,4.3,8,13,269,3,0,0,1,3,0,30,24,6,10,0.35,0.28,0.63,3.28,4.3,4.3
2026-09-07T00:13:54+00:00,2026-09-06,daily,4,2026-09-12T12:30:00Z,473,Aina,NFO,DEF,45,0,0,2.9,2758,16429,41136,90276,a,,,,,,,,2.0,1,6,216,3,0,0,1,2,0,14,7,7,12,0.04,0.52,0.56,2.90,2.0,2.0
2026-09-07T00:13:54+00:00,2026-09-06,daily,4,2026-09-12T12:30:00Z,474,Jair Cunha,NFO,DEF,45,0,0,0.2,1702,760,2885,4313,a,,,,,,,,3.3,8,10,270,3,0,0,1,3,0,28,23,5,5,0.03,0.01,0.04,3.28,3.3,3.3
2026-09-07T00:13:54+00:00,2026-09-06,daily,4,2026-09-12T12:30:00Z,475,Savona,NFO,DEF,45,0,0,0.0,16,8,163,187,i,Knee injury - Unknown return date,2026-07-23T12:01:23.816304Z,0,0,,,,0.0,0,0,0,0,0,0,0,0,0,0,0,0,0,0.00,0.00,0.00,0.00,0.0,0.0
2026-09-07T00:13:54+00:00,2026-09-06,daily,4,2026-09-12T12:30:00Z,476,O.Richards,NFO,DEF,40,0,0,0.2,352,568,2105,4692,a,,,,,,,,0.0,0,0,0,0,0,0,0,0,0,0,0,0,0,0.00,0.00,0.00,0.00,0.0,0.0
2026-09-07T00:13:54+00:00,2026-09-06,daily,4,2026-09-12T12:30:00Z,477,Abbott,NFO,DEF,40,0,0,0.2,0,1803,2459,8291,u,Has joined Southampton on loan for the rest of the season,2026-09-02T16:19:54.536676Z,0,0,,,,0.0,0,0,0,0,0,0,0,0,0,0,0,0,0,0.00,0.00,0.00,0.00,0.0,0.0
2026-09-07T00:13:54+00:00,2026-09-06,daily,4,2026-09-12T12:30:00Z,478,Netz,NFO,DEF,45,0,0,0.0,41,135,321,895,a,,,,,,,,0.7,0,2,20,0,0,0,0,1,0,1,0,1,1,0.00,0.00,0.00,0.13,0.7,0.7
2026-09-07T00:13:54+00:00,2026-09-06,daily,4,2026-09-12T12:30:00Z,479,Bindon,NFO,DEF,40,0,0,0.1,0,923,799,5281,u,Has joined Charlton Athletic on loan for the rest of the season,2026-09-01T13:16:05.383880Z,0,0,,,,0.0,0,0,0,0,0,0,0,0,0,0,0,0,0,0.00,0.00,0.00,0.00,0.0,0.0
2026-09-07T00:13:54+00:00,2026-09-06,daily,4,2026-09-12T12:30:00Z,480,Gibbs-White,NFO,MID,79,0,-1,9.3,42784,36737,266760,432500,a,,2026-08-24T15:30:08.350159Z,100,100,1,1,,6.0,3,18,270,3,1,1,1,3,0,15,2,4,9,1.40,0.11,1.51,3.28,6.0,6.0
2026-09-07T00:13:54+00:00,2026-09-06,daily,4,2026-09-12T12:30:00Z,482,Hudson-Odoi,NFO,MID,59,0,-1,0.2,317,1105,2652,11513,a,,2026-07-23T12:01:23.832709Z,100,100,,4,,0.3,0,1,1,0,0,0,0,0,0,0,0,0,0,0.00,0.00,0.00,0.00,0.3,0.3
2026-09-07T00:13:54+00:00,2026-09-06,daily,4,2026-09-12T12:30:00Z,483,Ndoye,NFO,MID,55,0,0,0.7,3993,4208,39216,20751,a,,,,,,,,4.3,1,13,184,3,1,0,1,1,0,17,2,2,13,0.35,0.63,0.98,2.48,4.3,4.3
2026-09-07T00:13:54+00:00,2026-09-06,daily,4,2026-09-12T12:30:00Z,484,Hutchinson,NFO,MID,54,0,-1,0.1,0,1046,427,7905,u,Has joined AC Milan on loan for the rest of the season,2026-09-01T13:23:52.340206Z,0,0,,,,0.0,0,0,0,0,0,0,0,0,0,0,0,0,0,0.00,0.00,0.00,0.00,0.0,0.0
2026-09-07T00:13:54+00:00,2026-09-06,daily,4,2026-09-12T12:30:00Z,485,Bakwa,NFO,MID,55,0,0,0.0,0,58,107,995,u,Has joined Lille on loan for the rest of the season,2026-08-27T14:53:03.381941Z,0,0,,,,0.0,0,0,0,0,0,0,0,0,0,0,0,0,0,0.00,0.00,0.00,0.00,0.0,0.0
2026-09-07T00:13:54+00:00,2026-09-06,daily,4,2026-09-12T12:30:00Z,486,McAtee,NFO,MID,55,0,0,0.1,621,402,4688,2405,a,,,,,,,1,2.3,2,7,253,3,0,0,2,2,0,23,4,5,14,0.13,0.54,0.67,3.15,2.3,2.3
2026-09-07T00:13:54+00:00,2026-09-06,daily,4,2026-09-12T12:30:00Z,487,Dominguez,NFO,MID,49,-1,-1,0.1,136,279,708,2487,a,,,,,,,,0.3,0,1,1,0,0,0,0,0,0,0,0,0,0,0.00,0.00,0.00,0.00,0.3,0.3
2026-09-07T00:13:54+00:00,2026-09-06,daily,4,2026-09-12T12:30:00Z,488,I.Sangaré,NFO,MID,49,0,-1,0.6,1108,2757,5775,49213,a,,2026-08-28T09:30:07.471668Z,100,100,,,,0.7,0,2,90,1,0,0,0,1,0,6,3,0,3,0.03,0.01,0.04,0.47,0.7,0.7
2026-09-07T00:13:54+00:00,2026-09-06,daily,4,2026-09-12T12:30:00Z,489,Yates,NFO,MID,45,0,0,1.4,3427,5783,22489,61049,a,,2026-08-17T20:30:08.195072Z,100,100,,,,0.0,0,0,0,0,0,0,0,0,0,0,0,0,0,0.00,0.00,0.00,0.00,0.0,0.0
2026-09-07T00:13:54+00:00,2026-09-06,daily,4,2026-09-12T12:30:00Z,490,Wood,NFO,FWD,59,0,-1,1.1,2062,7316,14411,79575,a,,,,,2,,,0.7,1,2,44,0,0,0,0,1,0,1,0,0,1,0.12,0.01,0.13,0.40,0.7,0.7
2026-09-07T00:13:54+00:00,2026-09-06,daily,4,2026-09-12T12:30:00Z,491,Igor Jesus,NFO,FWD,59,0,-1,2.8,4934,22892,40582,163165,a,,,,,4,,,1.3,1,4,211,2,0,0,0,3,0,9,5,2,2,0.96,0.06,1.02,2.48,1.3,1.3
2026-09-07T00:13:54+00:00,2026-09-06,daily,4,2026-09-12T12:30:00Z,493,Kalimuendo,NFO,FWD,54,0,-1,0.1,756,321,1933,2327,a,,,,,,,,0.3,0,1,1,0,0,0,0,0,0,0,0,0,0,0.00,0.00,0.00,0.00,0.3,0.3
2026-09-07T00:13:54+00:00,2026-09-06,daily,4,2026-09-12T12:30:00Z,558,Schlager,NFO,MID,50,0,0,0.1,317,357,1894,2821,a,,,,,,,3,2.7,3,8,196,2,0,0,1,3,0,26,6,9,11,0.08,0.06,0.14,2.94,2.7,2.7
2026-09-07T00:13:54+00:00,2026-09-06,daily,4,2026-09-12T12:30:00Z,581,Diomande,NFO,DEF,54,0,-1,0.6,608,2835,7234,30868,a,,,,,,,,0.3,1,1,1,0,0,0,0,0,0,0,0,0,0,0.00,0.00,0.00,0.00,0.3,0.3
2026-09-07T00:13:54+00:00,2026-09-06,daily,4,2026-09-12T12:30:00Z,590,Benda,NFO,GKP,45,0,0,0.1,192,229,1767,1644,a,,,,,,,,0.0,0,0,0,0,0,0,0,0,0,0,0,0,0,0.00,0.00,0.00,0.00,0.0,0.0
2026-09-07T00:13:54+00:00,2026-09-06,daily,4,2026-09-12T12:30:00Z,112,Van Hecke,TOT,DEF,49,0,-1,7.1,8591,23956,66387,342303,a,,,,,,,,3.3,8,10,270,3,0,0,1,5,0,21,16,5,11,0.20,0.07,0.27,5.51,3.3,3.3
2026-09-07T00:13:54+00:00,2026-09-06,daily,4,2026-09-12T12:30:00Z,147,Tosin,TOT,DEF,44,-1,-1,0.2,248,582,1064,5259,a,,,,,,,,0.0,0,0,0,0,0,0,0,0,0,0,0,0,0,0.00,0.00,0.00,0.00,0.0,0.0
2026-09-07T00:13:54+00:00,2026-09-06,daily,4,2026-09-12T12:30:00Z,401,Marmoush,TOT,FWD,70,0,0,2.2,15684,15004,155987,69953,a,,,,,2,5,,1.3,2,4,173,2,0,0,1,2,0,4,0,1,3,0.34,0.08,0.42,1.60,1.3,1.3
2026-09-07T00:13:54+00:00,2026-09-06,daily,4,2026-09-12T12:30:00Z,403,Sávio,TOT,MID,65,0,0,0.7,3963,4207,74846,49877,a,,2026-08-29T16:30:08.380416Z,100,100,,,4,1.0,3,3,60,1,0,0,1,0,0,0,0,0,0,0.02,0.27,0.29,0.49,1.0,1.0
2026-09-07T00:13:54+00:00,2026-09-06,daily,4,2026-09-12T12:30:00Z,455,Tonali,TOT,MID,54,0,-1,2.8,4810,12307,32960,161839,a,,,,,,6,,3.0,5,9,254,3,0,0,1,5,0,20,5,5,10,0.09,0.09,0.18,5.51,3.0,3.0
2026-09-07T00:13:54+00:00,2026-09-06,daily,4,2026-09-12T12:30:00Z,494,Vicario,TOT,GKP,45,0,0,0.2,0,1027,0,18223,u,Has joined Juventus on loan for the rest of the season,2026-08-19T13:55:33.193962Z,0,0,,,,0.0,0,0,0,0,0,0,0,0,0,0,0,0,0,0.00,0.00,0.00,0.00,0.0,0.0
2026-09-07T00:13:54+00:00,2026-09-06,daily,4,2026-09-12T12:30:00Z,495,Austin,TOT,GKP,40,0,0,1.0,2898,1627,15827,11147,a,,,,,,,,0.0,0,0,0,0,0,0,0,0,0,0,0,0,0,0.00,0.00,0.00,0.00,0.0,0.0
2026-09-07T00:13:54+00:00,2026-09-06,daily,4,2026-09-12T12:30:00Z,496,Kinsky,TOT,GKP,45,0,0,19.0,26143,69662,113188,423952,a,,,,,,,,3.0,6,9,270,3,0,0,1,5,6,0,6,0,26,0.00,0.00,0.00,5.51,3.0,3.0
2026-09-07T00:13:54+00:00,2026-09-06,daily,4,2026-09-12T12:30:00Z,497,Dubravka,TOT,GKP,40,0,0,17.9,36312,33295,202410,215943,a,,,,,,,,0.0,0,0,0,0,0,0,0,0,0,0,0,0,0,0.00,0.00,0.00,0.00,0.0,0.0
2026-09-07T00:13:54+00:00,2026-09-06,daily,4,2026-09-12T12:30:00Z,498,Senesi,TOT,DEF,59,0,-1,5.1,1472,38825,22796,293644,a,,,,,,,,1.0,0,3,90,1,0,0,0,3,0,16,11,5,2,0.00,0.02,0.02,3.87,1.0,1.0
2026-09-07T00:13:54+00:00,2026-09-06,daily,4,2026-09-12T12:30:00Z,499,Pedro Porro,TOT,DEF,55,0,0,11.5,19799,21894,88763,567597,a,,2026-08-21T15:22:48.149081Z,100,100,,1,3,2.7,7,8,180,2,0,0,1,2,0,8,6,2,5,0.36,0.16,0.52,1.64,2.7,2.7
2026-09-07T00:13:54+00:00,2026-09-06,daily,4,2026-09-12T12:30:00Z,500,Romero,TOT,DEF,50,0,0,0.1,0,575,0,15117,u,Has joined Atletico Madrid permanently,2026-08-17T13:49:05.465401Z,0,0,,,,0.0,0,0,0,0,0,0,0,0,0,0,0,0,0,0.00,0.00,0.00,0.00,0.0,0.0
2026-09-07T00:13:54+00:00,2026-09-06,daily,4,2026-09-12T12:30:00Z,502,Robertson,TOT,DEF,45,0,0,3.0,1677,20821,37553,105470,a,,,,,,,1,2.0,1,6,186,2,0,0,0,4,0,15,12,3,5,0.06,0.08,0.14,4.78,2.0,2.0
2026-09-07T00:13:54+00:00,2026-09-06,daily,4,2026-09-12T12:30:00Z,503,Van de Ven,TOT,DEF,50,0,0,3.8,11619,7348,36550,210067,a,,2026-08-21T15:00:07.610517Z,100,100,,,,3.0,9,9,180,2,0,0,1,2,0,17,13,4,8,0.57,0.02,0.59,1.64,3.0,3.0
2026-09-07T00:13:54+00:00,2026-09-06,daily,4,2026-09-12T12:30:00Z,505,Spence,TOT,DEF,45,0,0,0.3,0,2357,0,62433,u,Has joined Internazionale permanently,2026-08-18T14:13:08.454214Z,0,0,,,,0.0,0,0,0,0,0,0,0,0,0,0,0,0,0,0.00,0.00,0.00,0.00,0.0,0.0
2026-09-07T00:13:54+00:00,2026-09-06,daily,4,2026-09-12T12:30:00Z,506,Udogie,TOT,DEF,45,0,0,0.4,537,984,3349,12463,a,,,,,,,,2.3,5,7,86,1,0,0,1,1,0,4,3,1,4,0.00,0.23,0.23,1.17,2.3,2.3
2026-09-07T00:13:54+00:00,2026-09-06,daily,4,2026-09-12T12:30:00Z,507,Phillips,TOT,DEF,45,0,0,0.0,0,53,0,1023,u,Has joined Middlesbrough permanently,2026-08-18T14:13:08.474144Z,0,0,,,,0.0,0,0,0,0,0,0,0,0,0,0,0,0,0,0.00,0.00,0.00,0.00,0.0,0.0
2026-09-07T00:13:54+00:00,2026-09-06,daily,4,2026-09-12T12:30:00Z,508,Davies,TOT,DEF,40,0,0,0.9,847,2852,8029,23602,a,,,,,,,,0.0,0,0,0,0,0,0,0,0,0,0,0,0,0,0.00,0.00,0.00,0.00,0.0,0.0
2026-09-07T00:13:54+00:00,2026-09-06,daily,4,2026-09-12T12:30:00Z,509,Byfield,TOT,DEF,40,0,0,0.1,218,210,1256,1416,a,,,,,,,,0.0,0,0,0,0,0,0,0,0,0,0,0,0,0,0.00,0.00,0.00,0.00,0.0,0.0
2026-09-07T00:13:54+00:00,2026-09-06,daily,4,2026-09-12T12:30:00Z,510,Rowswell,TOT,DEF,40,0,0,0.1,260,259,1493,1877,a,,,,,,,,0.0,0,0,0,0,0,0,0,0,0,0,0,0,0,0.00,0.00,0.00,0.00,0.0,0.0
2026-09-07T00:13:54+00:00,2026-09-06,daily,4,2026-09-12T12:30:00Z,511,Souza,TOT,DEF,40,0,0,0.2,0,2015,2555,10851,u,Has joined FC Porto on loan for the rest of the season,2026-09-01T13:24:26.858636Z,0,0,,,,0.0,0,0,0,0,0,0,0,0,0,0,0,0,0,0.00,0.00,0.00,0.00,0.0,0.0
2026-09-07T00:13:54+00:00,2026-09-06,daily,4,2026-09-12T12:30:00Z,512,Kudus,TOT,MID,65,0,0,0.1,1040,881,5908,5360,a,,2026-07-23T12:01:23.848657Z,100,100,3,3,6,0.7,1,2,51,0,0,0,0,1,0,5,0,0,5,0.04,0.17,0.21,0.67,0.7,0.7
2026-09-07T00:13:54+00:00,2026-09-06,daily,4,2026-09-12T12:30:00Z,513,Xavi,TOT,MID,60,0,0,0.0,27,83,182,808,i,Knee injury - Unknown return date,2026-07-23T12:01:23.864304Z,0,0,4,2,,0.0,0,0,0,0,0,0,0,0,0,0,0,0,0,0.00,0.00,0.00,0.00,0.0,0.0
2026-09-07T00:13:54+00:00,2026-09-06,daily,4,2026-09-12T12:30:00Z,514,Tel,TOT,MID,59,0,-1,0.3,467,2385,6690,32603,a,,,,,,4,5,2.3,3,7,230,3,0,0,1,4,0,13,1,1,11,0.20,0.14,0.34,5.11,2.3,2.3
2026-09-07T00:13:54+00:00,2026-09-06,daily,4,2026-09-12T12:30:00Z,515,Maddison,TOT,MID,64,0,-1,0.5,52,5198,2913,81242,d,Shoulder injury - 75% chance of playing,2026-08-25T14:30:07.623508Z,75,75,,,,0.3,0,1,22,0,0,0,0,0,0,2,1,0,1,0.00,0.01,0.01,0.85,0.2,0.2
2026-09-07T00:13:54+00:00,2026-09-06,daily,4,2026-09-12T12:30:00Z,516,Bentancur,TOT,MID,55,0,0,0.2,424,416,1857,5067,a,,,,,,,,2.7,5,8,225,2,0,0,1,3,0,33,14,6,13,0.02,0.04,0.06,3.82,2.7,2.7
2026-09-07T00:13:54+00:00,2026-09-06,daily,4,2026-09-12T12:30:00Z,517,Odobert,TOT,MID,55,0,0,0.0,12,5,55,62,i,Knee injury - Unknown return date,2026-07-23T12:01:23.879434Z,0,0,,,,0.0,0,0,0,0,0,0,0,0,0,0,0,0,0,0.00,0.00,0.00,0.00,0.0,0.0
2026-09-07T00:13:54+00:00,2026-09-06,daily,4,2026-09-12T12:30:00Z,518,P.M.Sarr,TOT,MID,49,0,-1,0.1,0,2048,4138,18319,u,Has joined Juventus on loan for the rest of the season,2026-09-02T16:02:43.386849Z,0,0,,,,0.0,0,0,0,0,0,0,0,0,0,0,0,0,0,0.00,0.00,0.00,0.00,0.0,0.0
2026-09-07T00:13:54+00:00,2026-09-06,daily,4,2026-09-12T12:30:00Z,519,Gallagher,TOT,MID,54,0,-1,0.2,305,752,2537,11986,a,,,,,,,,1.0,3,3,128,2,0,0,1,2,0,14,1,5,8,0.02,0.12,0.14,2.58,1.0,1.0
2026-09-07T00:13:54+00:00,2026-09-06,daily,4,2026-09-12T12:30:00Z,520,Bergvall,TOT,MID,54,0,-1,0.2,128,680,1245,6373,a,,,,,,,,0.3,0,1,45,1,0,0,0,2,0,8,0,1,7,0.00,0.01,0.01,1.70,0.3,0.3
2026-09-07T00:13:54+00:00,2026-09-06,daily,4,2026-09-12T12:30:00Z,521,Kulusevski,TOT,MID,65,0,0,0.0,32,70,194,488,i,Knee injury - Unknown return date,2026-07-23T12:01:23.895175Z,0,0,,,,0.0,0,0,0,0,0,0,0,0,0,0,0,0,0,0.00,0.00,0.00,0.00,0.0,0.0
2026-09-07T00:13:54+00:00,2026-09-06,daily,4,2026-09-12T12:30:00Z,522,Gray,TOT,MID,50,0,0,0.2,394,1230,4266,7820,a,,,,,,,,1.3,0,4,152,2,0,0,0,4,0,11,5,1,5,0.00,0.01,0.01,3.91,1.3,1.3
2026-09-07T00:13:54+00:00,2026-09-06,daily,4,2026-09-12T12:30:00Z,523,Moore,TOT,MID,50,0,0,0.1,0,2383,3258,11398,u,Has joined FC Köln on loan for the rest of the season,2026-09-04T12:39:48.098158Z,0,0,,,,1.0,0,3,89,1,0,0,0,4,0,3,0,1,2,0.40,0.02,0.42,3.26,0.0,0.0
2026-09-07T00:13:54+00:00,2026-09-06,daily,4,2026-09-12T12:30:00Z,524,Olusesi,TOT,MID,45,0,0,0.7,489,2374,4116,21152,a,,,,,,,,0.0,0,0,0,0,0,0,0,0,0,0,0,0,0,0.00,0.00,0.00,0.00,0.0,0.0
2026-09-07T00:13:54+00:00,2026-09-06,daily,4,2026-09-12T12:30:00Z,525,Fernandes,TOT,MID,59,0,-1,1.1,683,10942,10154,85276,a,,,,,,,2,1.0,0,3,142,1,0,0,0,3,0,10,0,4,6,0.01,0.23,0.24,2.94,1.0,1.0
2026-09-07T00:13:54+00:00,2026-09-06,daily,4,2026-09-12T12:30:00Z,526,Solanke,TOT,FWD,59,0,-1,1.0,2456,6527,18200,62683,a,,,,,1,,,1.0,1,3,43,0,0,0,0,0,0,1,1,0,0,0.44,0.00,0.44,0.89,1.0,1.0
2026-09-07T00:13:54+00:00,2026-09-06,daily,4,2026-09-12T12:30:00Z,527,Richarlison,TOT,FWD,59,0,-1,1.3,0,28435,21439,199135,u,not included in squad.,2026-09-04T12:32:39.183614Z,0,0,,,,0.7,0,2,67,1,0,0,0,3,0,1,1,0,0,0.00,0.00,0.00,3.02,0.0,0.0
2026-09-07T00:13:54+00:00,2026-09-06,daily,4,2026-09-12T12:30:00Z,528,Scarlett,TOT,FWD,45,0,0,1.5,0,13648,42525,65577,u,Has joined Leyton Orient permanently,2026-09-02T16:02:43.413625Z,0,0,,,,0.0,0,0,0,0,0,0,0,0,0,0,0,0,0,0.00,0.00,0.00,0.00,0.0,0.0
2026-09-07T00:13:54+00:00,2026-09-06,daily,4,2026-09-12T12:30:00Z,578,Mudryk,TOT,MID,54,0,-1,0.1,1028,495,4796,3113,a,,,,,,,,0.3,1,1,16,0,0,0,0,0,0,0,0,0,0,0.00,0.00,0.00,0.16,0.3,0.3
2026-09-07T00:13:54+00:00,2026-09-06,daily,4,2026-09-12T12:30:00Z,601,Williams-Barnett,TOT,MID,45,0,0,0.1,1078,711,8181,3461,a,,,,,,,,0.0,0,0,0,0,0,0,0,0,0,0,0,0,0,0.00,0.00,0.00,0.00,0.0,0.0
2026-09-07T00:13:54+00:00,2026-09-06,daily,4,2026-09-12T12:30:00Z,501,Danso,SUN,DEF,50,0,0,0.2,616,540,2943,6284,a,,,,,,,,0.7,2,2,90,1,0,0,0,1,0,8,7,1,3,0.00,0.08,0.08,1.21,0.7,0.7
2026-09-07T00:13:54+00:00,2026-09-06,daily,4,2026-09-12T12:30:00Z,529,Roefs,SUN,GKP,50,0,0,3.2,858,15121,15861,94679,a,,,,,,,,3.0,2,9,270,3,0,0,1,3,2,0,4,0,28,0.00,0.00,0.00,3.96,3.0,3.0
2026-09-07T00:13:54+00:00,2026-09-06,daily,4,2026-09-12T12:30:00Z,530,Patterson,SUN,GKP,40,0,0,0.1,0,402,0,4325,u,Has joined Wrexham permanently,2026-08-12T14:08:03.064533Z,0,0,,,,0.0,0,0,0,0,0,0,0,0,0,0,0,0,0,0.00,0.00,0.00,0.00,0.0,0.0
2026-09-07T00:13:54+00:00,2026-09-06,daily,4,2026-09-12T12:30:00Z,531,Ellborg,SUN,GKP,45,0,0,0.1,80,225,694,2030,a,,,,,,,,0.0,0,0,0,0,0,0,0,0,0,0,0,0,0,0.00,0.00,0.00,0.00,0.0,0.0
2026-09-07T00:13:54+00:00,2026-09-06,daily,4,2026-09-12T12:30:00Z,532,Ballard,SUN,DEF,49,-1,-1,3.7,2582,34541,31008,179040,a,,,,,,,,4.0,4,12,270,3,0,0,1,3,0,29,24,5,6,0.09,0.15,0.24,3.96,4.0,4.0
2026-09-07T00:13:54+00:00,2026-09-06,daily,4,2026-09-12T12:30:00Z,533,Mukiele,SUN,DEF,55,0,0,2.3,2618,7210,29624,70602,a,,2026-08-09T08:30:05.954750Z,100,100,,,,4.3,4,13,180,2,0,0,1,1,0,33,27,6,10,0.00,0.03,0.03,2.16,4.3,4.3
2026-09-07T00:13:54+00:00,2026-09-06,daily,4,2026-09-12T12:30:00Z,534,Hume,SUN,DEF,45,0,0,4.9,1212,49649,32392,173573,a,,,,,,,3,3.0,1,9,195,2,0,0,1,1,0,12,3,9,12,0.04,0.28,0.32,3.09,3.0,3.0
2026-09-07T00:13:54+00:00,2026-09-06,daily,4,2026-09-12T12:30:00Z,535,Alderete,SUN,DEF,49,-1,-1,0.3,174,2382,4247,17686,a,,2026-08-09T08:30:05.962393Z,100,100,,,,0.3,0,1,23,0,0,0,0,1,0,0,0,0,2,0.00,0.01,0.01,0.10,0.3,0.3
2026-09-07T00:13:54+00:00,2026-09-06,daily,4,2026-09-12T12:30:00Z,536,Reinildo,SUN,DEF,45,0,0,0.4,304,1427,3251,9328,a,,,,,,,,3.0,2,9,270,3,0,0,1,3,0,22,15,7,15,0.00,0.31,0.31,3.96,3.0,3.0
2026-09-07T00:13:54+00:00,2026-09-06,daily,4,2026-09-12T12:30:00Z,537,Seelt,SUN,DEF,45,0,0,0.0,0,37,61,524,u,Has joined Swansea City on loan for the rest of the season,2026-08-29T00:34:52.425076Z,0,0,,,,0.0,0,0,0,0,0,0,0,0,0,0,0,0,0,0.00,0.00,0.00,0.00,0.0,0.0
2026-09-07T00:13:54+00:00,2026-09-06,daily,4,2026-09-12T12:30:00Z,538,Hjelde,SUN,DEF,40,0,0,0.0,0,172,0,1842,u,Has joined KV Mechelen on loan for the rest of the season,2026-08-12T14:08:03.081789Z,0,0,,,,0.0,0,0,0,0,0,0,0,0,0,0,0,0,0,0.00,0.00,0.00,0.00,0.0,0.0
2026-09-07T00:13:54+00:00,2026-09-06,daily,4,2026-09-12T12:30:00Z,539,O'Nien,SUN,DEF,40,0,0,2.9,763,10604,10666,61273,a,,,,,,,,0.3,0,1,66,1,0,0,0,1,0,5,4,1,4,0.01,0.01,0.02,1.69,0.3,0.3
2026-09-07T00:13:54+00:00,2026-09-06,daily,4,2026-09-12T12:30:00Z,540,Masuaku,SUN,DEF,40,0,0,0.2,0,719,0,8657,u,Has joined Konyaspor permanently,2026-08-12T14:08:03.097784Z,0,0,,,,0.0,0,0,0,0,0,0,0,0,0,0,0,0,0,0.00,0.00,0.00,0.00,0.0,0.0
2026-09-07T00:13:54+00:00,2026-09-06,daily,4,2026-09-12T12:30:00Z,541,Meunier,SUN,DEF,45,0,0,0.3,297,670,3946,4726,a,,2026-08-16T08:30:07.830062Z,100,100,,,,3.0,2,9,243,3,0,0,1,3,0,14,12,2,8,0.21,0.13,0.34,3.51,3.0,3.0
2026-09-07T00:13:54+00:00,2026-09-06,daily,4,2026-09-12T12:30:00Z,542,E.Le Fée,SUN,MID,59,0,-1,5.4,3867,43123,22573,422083,a,,,,,2,2,1,4.3,8,13,258,3,1,0,1,2,0,14,1,6,7,1.21,0.23,1.44,3.76,4.3,4.3
2026-09-07T00:13:54+00:00,2026-09-06,daily,4,2026-09-12T12:30:00Z,543,Diarra,SUN,MID,54,-1,-1,0.0,10,585,509,4068,i,Hamstring injury - Unknown return date,2026-08-30T16:30:08.428960Z,0,0,1,,,1.7,0,5,28,0,0,1,0,1,0,0,0,0,0,0.03,0.16,0.19,0.12,0.0,0.0
2026-09-07T00:13:54+00:00,2026-09-06,daily,4,2026-09-12T12:30:00Z,544,Xhaka,SUN,MID,55,0,0,4.5,9713,16564,97619,81855,a,,,,,,1,2,6.0,3,18,270,3,0,1,1,3,0,35,7,5,23,0.06,0.57,0.63,3.96,6.0,6.0
2026-09-07T00:13:54+00:00,2026-09-06,daily,4,2026-09-12T12:30:00Z,545,Sadiki,SUN,MID,50,0,0,0.3,308,1492,3360,9939,a,,,,,,,,2.0,1,6,253,3,0,0,1,3,0,16,6,3,7,0.36,0.23,0.59,3.57,2.0,2.0
2026-09-07T00:13:54+00:00,2026-09-06,daily,4,2026-09-12T12:30:00Z,546,Adingra,SUN,MID,49,0,-1,0.0,0,384,240,5879,u,Has joined Ajax on loan for the rest of the season,2026-08-20T14:00:08.416985Z,0,0,,,,0.0,0,0,0,0,0,0,0,0,0,0,0,0,0,0.00,0.00,0.00,0.00,0.0,0.0
2026-09-07T00:13:54+00:00,2026-09-06,daily,4,2026-09-12T12:30:00Z,547,Mundle,SUN,MID,49,-1,-1,0.0,26,56,149,340,a,,,,,,,,0.3,0,1,1,0,0,0,0,0,0,1,1,0,0,0.17,0.00,0.17,0.09,0.3,0.3
2026-09-07T00:13:54+00:00,2026-09-06,daily,4,2026-09-12T12:30:00Z,548,Rigg,SUN,MID,49,-1,-1,0.1,34,209,276,1691,a,,,,,,,,0.7,0,2,17,0,0,0,0,1,0,1,0,0,1,0.00,0.00,0.00,0.44,0.7,0.7
2026-09-07T00:13:54+00:00,2026-09-06,daily,4,2026-09-12T12:30:00Z,549,Talbi,SUN,MID,54,0,-1,0.2,75,905,786,7876,a,,,,,,,,0.3,0,1,31,0,0,0,0,1,0,2,0,0,2,0.00,0.00,0.00,0.14,0.3,0.3
2026-09-07T00:13:54+00:00,2026-09-06,daily,4,2026-09-12T12:30:00Z,550,Jocelin.T,SUN,MID,50,0,0,0.0,23,23,154,225,a,,,,,,,,0.0,0,0,0,0,0,0,0,0,0,0,0,0,0,0.00,0.00,0.00,0.00,0.0,0.0
2026-09-07T00:13:54+00:00,2026-09-06,daily,4,2026-09-12T12:30:00Z,551,N.Angulo,SUN,MID,50,0,0,0.1,554,919,10665,5410,a,,,,,,3,,3.3,2,10,185,3,1,0,1,2,0,17,2,3,12,0.15,0.12,0.27,3.00,3.3,3.3
2026-09-07T00:13:54+00:00,2026-09-06,daily,4,2026-09-12T12:30:00Z,552,Brobbey,SUN,FWD,59,0,-1,8.4,6513,83246,72066,551890,a,,,,,,,,2.0,2,6,219,3,0,0,1,2,0,7,1,0,6,0.59,0.06,0.65,3.48,2.0,2.0
2026-09-07T00:13:54+00:00,2026-09-06,daily,4,2026-09-12T12:30:00Z,553,Isidor,SUN,FWD,55,0,0,1.3,16357,5575,54657,33053,a,,,,,,,,4.3,4,13,75,0,1,1,0,1,0,2,0,0,2,1.49,0.01,1.50,0.92,4.3,4.3
2026-09-07T00:13:54+00:00,2026-09-06,daily,4,2026-09-12T12:30:00Z,612,Methalie,SUN,DEF,45,0,0,0.0,52,35,509,162,a,,2026-08-28T13:00:08.950445Z,100,100,,,,0.0,0,0,0,0,0,0,0,0,0,0,0,0,0,0.00,0.00,0.00,0.00,0.0,0.0
2026-09-07T00:13:54+00:00,2026-09-06,daily,4,2026-09-12T12:30:00Z,613,Ahoka,SUN,MID,45,0,0,0.2,2947,1555,18604,6251,a,,,,,,,,0.0,0,0,0,0,0,0,0,0,0,0,0,0,0,0.00,0.00,0.00,0.00,0.0,0.0
2026-09-07T00:13:54+00:00,2026-09-06,daily,4,2026-09-12T12:30:00Z,646,Fofana,SUN,MID,55,0,0,0.0,664,163,2735,402,a,,,,,,,,1.0,1,1,16,0,0,0,0,0,0,0,0,0,0,0.00,0.00,0.00,0.39,2.0,2.0
2026-09-07T00:13:54+00:00,2026-09-06,daily,4,2026-09-12T12:30:00Z,651,J.Angulo,SUN,FWD,45,0,0,0.3,12876,2513,28815,4349,a,,,,,,,,0.0,0,0,0,0,0,0,0,0,0,0,0,0,0,0.00,0.00,0.00,0.00,1.0,1.0
