snapshot_utc,snapshot_date,snapshot_kind,event,deadline_time,id,web_name,team,position,now_cost,cost_change_event,cost_change_start,selected_by_percent,transfers_in_event,transfers_out_event,transfers_in,transfers_out,status,news,news_added,chance_of_playing_this_round,chance_of_playing_next_round,penalties_order,direct_freekicks_order,corners_and_indirect_freekicks_order,form,event_points,total_points,minutes,starts,goals_scored,assists,clean_sheets,goals_conceded,saves,defensive_contribution,clearances_blocks_interceptions,tackles,recoveries,expected_goals,expected_assists,expected_goal_involvements,expected_goals_conceded,ep_this,ep_next
2026-08-27T03:28:50+00:00,2026-08-26,daily,2,2026-08-28T17:30:00Z,1,Raya,ARS,GKP,60,0,0,38.2,78990,58005,78990,58005,a,,,,,,,,6.0,6,6,90,1,0,0,1,0,1,0,1,0,8,0.00,0.00,0.00,0.20,4.0,4.0
2026-08-27T03:28:50+00:00,2026-08-26,daily,2,2026-08-28T17:30:00Z,2,Arrizabalaga,ARS,GKP,50,0,0,0.1,260,1029,260,1029,a,,,,,,,,0.0,0,0,0,0,0,0,0,0,0,0,0,0,0,0.00,0.00,0.00,0.00,2.6,2.6
2026-08-27T03:28:50+00:00,2026-08-26,daily,2,2026-08-28T17:30:00Z,3,Meslier,ARS,GKP,50,0,0,0.0,81,390,81,390,a,,,,,,,,0.0,0,0,0,0,0,0,0,0,0,0,0,0,0,0.00,0.00,0.00,0.00,2.6,2.6
2026-08-27T03:28:50+00:00,2026-08-26,daily,2,2026-08-28T17:30:00Z,4,Gabriel,ARS,DEF,80,0,0,29.3,45879,89103,45879,89103,a,,,,,,,,5.0,5,5,90,1,0,0,1,0,0,4,4,0,2,0.05,0.01,0.06,0.20,4.0,4.0
2026-08-27T03:28:50+00:00,2026-08-26,daily,2,2026-08-28T17:30:00Z,5,J.Timber,ARS,DEF,65,0,0,0.1,330,2539,330,2539,i,Groin injury - Unknown return date,2026-07-23T12:01:23.272929Z,0,0,,,,0.0,0,0,0,0,0,0,0,0,0,0,0,0,0,0.00,0.00,0.00,0.00,0.0,0.0
2026-08-27T03:28:50+00:00,2026-08-26,daily,2,2026-08-28T17:30:00Z,6,Saliba,ARS,DEF,60,0,0,0.3,719,5695,719,5695,i,Back injury - Unknown return date,2026-07-23T12:01:23.289376Z,0,0,,,,0.0,0,0,0,0,0,0,0,0,0,0,0,0,0,0.00,0.00,0.00,0.00,0.0,0.0
2026-08-27T03:28:50+00:00,2026-08-26,daily,2,2026-08-28T17:30:00Z,7,Lewis-Skelly,ARS,MID,55,0,0,0.7,7499,6779,7499,6779,a,,,,,,,,3.0,3,3,90,1,0,0,1,0,0,7,1,1,5,0.06,0.11,0.17,0.20,2.0,2.0
2026-08-27T03:28:50+00:00,2026-08-26,daily,2,2026-08-28T17:30:00Z,8,Calafiori,ARS,DEF,56,1,1,41.4,255161,29407,255161,29407,a,,,,,,,,9.0,9,9,80,1,0,1,1,0,0,5,4,1,1,0.04,0.09,0.13,0.06,2.6,2.6
2026-08-27T03:28:50+00:00,2026-08-26,daily,2,2026-08-28T17:30:00Z,9,Hincapie,ARS,DEF,55,0,0,1.6,3119,32099,3119,32099,a,,,,,,,,1.0,1,1,9,0,0,0,0,0,0,0,0,0,0,0.00,0.00,0.00,0.15,2.5,2.5
2026-08-27T03:28:50+00:00,2026-08-26,daily,2,2026-08-28T17:30:00Z,10,White,ARS,DEF,55,0,0,6.2,103926,16251,103926,16251,a,,2026-07-23T12:01:23.305229Z,100,100,,,,11.0,11,11,90,1,0,1,1,0,0,5,4,1,3,0.18,0.21,0.39,0.20,2.5,2.5
2026-08-27T03:28:50+00:00,2026-08-26,daily,2,2026-08-28T17:30:00Z,11,Mosquera,ARS,DEF,55,0,0,5.9,12257,30617,12257,30617,a,,,,,,,,6.0,6,6,90,1,0,0,1,0,0,6,6,0,3,0.00,0.00,0.00,0.20,2.5,2.5
2026-08-27T03:28:50+00:00,2026-08-26,daily,2,2026-08-28T17:30:00Z,12,Saka,ARS,MID,95,0,0,10.4,68091,22858,68091,22858,a,,,,,1,2,2,9.0,9,9,67,1,1,0,1,0,0,7,2,1,4,0.64,0.08,0.72,0.06,3.2,3.2
2026-08-27T03:28:50+00:00,2026-08-26,daily,2,2026-08-28T17:30:00Z,13,Rice,ARS,MID,75,0,0,17.3,28499,113981,28499,113981,a,,,,,,1,1,3.0,3,3,67,1,0,0,1,0,0,6,3,0,3,0.07,0.08,0.15,0.06,2.6,2.6
2026-08-27T03:28:50+00:00,2026-08-26,daily,2,2026-08-28T17:30:00Z,14,Eze,ARS,MID,65,0,0,1.8,4469,33531,4469,33531,a,,,,,,3,,1.0,1,1,14,0,0,0,0,0,0,2,0,0,2,0.04,0.00,0.04,0.15,2.3,2.3
2026-08-27T03:28:50+00:00,2026-08-26,daily,2,2026-08-28T17:30:00Z,15,Ødegaard,ARS,MID,65,0,0,11.1,223779,24899,223779,24899,a,,,,,3,,4,11.0,11,11,75,1,1,0,1,0,0,8,1,3,4,0.21,0.10,0.31,0.06,2.3,2.3
2026-08-27T03:28:50+00:00,2026-08-26,daily,2,2026-08-28T17:30:00Z,16,Madueke,ARS,MID,65,0,0,0.3,978,6015,978,6015,a,,,,,,,6,1.0,1,1,22,0,0,0,0,0,0,2,0,0,2,0.00,0.04,0.04,0.15,2.3,2.3
2026-08-27T03:28:50+00:00,2026-08-26,daily,2,2026-08-28T17:30:00Z,17,Merino,ARS,MID,60,0,0,0.6,1978,12376,1978,12376,a,,,,,,,,1.0,1,1,14,0,0,0,0,0,0,2,0,0,2,0.14,0.02,0.16,0.15,2.2,2.2
2026-08-27T03:28:50+00:00,2026-08-26,daily,2,2026-08-28T17:30:00Z,18,Martinelli,ARS,MID,64,-1,-1,0.2,989,5498,989,5498,a,,,,,,,,0.0,0,0,0,0,0,0,0,0,0,0,0,0,0,0.00,0.00,0.00,0.00,2.3,2.3
2026-08-27T03:28:50+00:00,2026-08-26,daily,2,2026-08-28T17:30:00Z,19,Zubimendi,ARS,MID,55,0,0,1.0,1235,15526,1235,15526,a,,,,,,,,1.0,1,1,22,0,0,0,0,0,0,3,0,1,2,0.00,0.02,0.02,0.15,2.0,2.0
2026-08-27T03:28:50+00:00,2026-08-26,daily,2,2026-08-28T17:30:00Z,20,Dowman,ARS,MID,54,-1,-1,0.1,332,1930,332,1930,a,,,,,,,,0.0,0,0,0,0,0,0,0,0,0,0,0,0,0,0.00,0.00,0.00,0.00,1.9,1.9
2026-08-27T03:28:50+00:00,2026-08-26,daily,2,2026-08-28T17:30:00Z,22,Nwaneri,ARS,MID,55,0,0,0.0,57,264,57,264,a,,,,,,,,0.0,0,0,0,0,0,0,0,0,0,0,0,0,0,0.00,0.00,0.00,0.00,2.0,2.0
2026-08-27T03:28:50+00:00,2026-08-26,daily,2,2026-08-28T17:30:00Z,23,Fábio Vieira,ARS,MID,55,0,0,0.0,59,173,59,173,a,,,,,,,,0.0,0,0,0,0,0,0,0,0,0,0,0,0,0,0.00,0.00,0.00,0.00,2.0,2.0
2026-08-27T03:28:50+00:00,2026-08-26,daily,2,2026-08-28T17:30:00Z,24,Nelson,ARS,MID,55,0,0,0.0,49,129,49,129,a,,,,,,,,0.0,0,0,0,0,0,0,0,0,0,0,0,0,0,0.00,0.00,0.00,0.00,2.0,2.0
2026-08-27T03:28:50+00:00,2026-08-26,daily,2,2026-08-28T17:30:00Z,25,Gyökeres,ARS,FWD,74,-1,-1,7.3,7037,170793,7037,170793,a,,,,,2,,,0.0,0,0,0,0,0,0,0,0,0,0,0,0,0,0.00,0.00,0.00,0.00,2.3,2.3
2026-08-27T03:28:50+00:00,2026-08-26,daily,2,2026-08-28T17:30:00Z,26,Havertz,ARS,FWD,75,0,0,7.2,144295,25635,144295,25635,a,,,,,,,,6.0,6,6,90,1,1,0,1,0,0,2,2,0,0,0.26,0.03,0.29,0.20,2.4,2.4
2026-08-27T03:28:50+00:00,2026-08-26,daily,2,2026-08-28T17:30:00Z,27,G.Jesus,ARS,FWD,60,0,0,0.3,1503,5652,1503,5652,a,,,,,,,,0.0,0,0,0,0,0,0,0,0,0,0,0,0,0,0.00,0.00,0.00,0.00,2.0,2.0
2026-08-27T03:28:50+00:00,2026-08-26,daily,2,2026-08-28T17:30:00Z,31,Konsa,ARS,DEF,45,0,0,11.2,34884,179517,34884,179517,a,,,,,,,,0.0,0,0,0,0,0,0,0,0,0,0,0,0,0,0.00,0.00,0.00,0.00,1.7,1.7
2026-08-27T03:28:50+00:00,2026-08-26,daily,2,2026-08-28T17:30:00Z,452,Bruno G.,ARS,MID,70,0,0,3.0,673,95517,673,95517,d,Thigh injury - 75% chance of playing,2026-08-20T17:00:08.846118Z,75,75,4,,5,0.0,0,0,0,0,0,0,0,0,0,0,0,0,0,0.00,0.00,0.00,0.00,1.8,1.8
2026-08-27T03:28:50+00:00,2026-08-26,daily,2,2026-08-28T17:30:00Z,557,Tzolis,ARS,MID,65,0,0,25.9,175854,36145,175854,36145,a,,,,,,,3,6.0,6,6,75,1,0,1,1,0,0,6,2,1,3,0.19,0.14,0.33,0.06,2.3,2.3
2026-08-27T03:28:50+00:00,2026-08-26,daily,2,2026-08-28T17:30:00Z,28,Martinez,AVL,GKP,50,0,0,4.1,6679,42018,6679,42018,a,,,,,,,,0.0,0,0,0,0,0,0,0,0,0,0,0,0,0,0.00,0.00,0.00,0.00,2.6,2.6
2026-08-27T03:28:50+00:00,2026-08-26,daily,2,2026-08-28T17:30:00Z,29,M.Bizot,AVL,GKP,45,0,0,0.1,579,601,579,601,a,,,,,,,,1.0,1,1,90,1,0,0,0,4,3,0,2,0,6,0.00,0.00,0.00,3.77,1.9,1.9
2026-08-27T03:28:50+00:00,2026-08-26,daily,2,2026-08-28T17:30:00Z,30,Digne,AVL,DEF,45,0,0,0.1,0,4291,0,4291,u,Has joined Paris Saint-Germain permanently,2026-08-10T14:03:30.089007Z,0,0,,,,0.0,0,0,0,0,0,0,0,0,0,0,0,0,0,0.00,0.00,0.00,0.00,0.0,0.0
2026-08-27T03:28:50+00:00,2026-08-26,daily,2,2026-08-28T17:30:00Z,32,Cash,AVL,DEF,45,0,0,7.9,24690,77382,24690,77382,a,,,,,,,1,-1.0,-1,-1,90,1,0,0,0,4,0,7,5,2,0,0.00,0.00,0.00,3.77,1.7,1.7
2026-08-27T03:28:50+00:00,2026-08-26,daily,2,2026-08-28T17:30:00Z,33,Mings,AVL,DEF,45,0,0,0.4,2831,2614,2831,2614,a,,,,,,,,1.0,1,1,16,0,0,0,0,0,0,1,0,1,0,0.00,0.00,0.00,0.22,1.7,1.7
2026-08-27T03:28:50+00:00,2026-08-26,daily,2,2026-08-28T17:30:00Z,34,Pau,AVL,DEF,45,0,0,0.4,1679,3711,1679,3711,a,,,,,,,,0.0,0,0,73,1,0,0,0,4,0,5,5,0,1,0.00,0.00,0.00,3.55,1.7,1.7
2026-08-27T03:28:50+00:00,2026-08-26,daily,2,2026-08-28T17:30:00Z,35,Bogarde,AVL,MID,50,0,0,0.1,535,723,535,723,a,,,,,,,,1.0,1,1,16,0,0,0,0,0,0,1,1,0,0,0.00,0.00,0.00,0.22,1.5,1.5
2026-08-27T03:28:50+00:00,2026-08-26,daily,2,2026-08-28T17:30:00Z,36,Maatsen,AVL,DEF,45,0,0,0.8,2228,6489,2228,6489,a,,,,,,,,0.0,0,0,81,1,0,0,0,4,0,9,7,2,2,0.03,0.00,0.03,3.62,1.7,1.7
2026-08-27T03:28:50+00:00,2026-08-26,daily,2,2026-08-28T17:30:00Z,37,Lindelöf,AVL,DEF,45,0,0,0.3,1548,3034,1548,3034,a,,,,,,,,-2.0,-2,-2,90,1,0,0,0,4,0,3,3,0,1,0.00,0.00,0.00,3.77,1.7,1.7
2026-08-27T03:28:50+00:00,2026-08-26,daily,2,2026-08-28T17:30:00Z,38,A.García,AVL,DEF,40,0,0,1.7,5938,10612,5938,10612,a,,,,,,,,0.0,0,0,0,0,0,0,0,0,0,0,0,0,0,0.00,0.00,0.00,0.00,1.0,1.0
2026-08-27T03:28:50+00:00,2026-08-26,daily,2,2026-08-28T17:30:00Z,39,Nedeljkovic,AVL,DEF,40,0,0,0.2,0,5709,0,5709,u,Has joined Rangers on loan for the rest of the season,2026-08-19T13:56:46.385411Z,0,0,,,,0.0,0,0,0,0,0,0,0,0,0,0,0,0,0,0.00,0.00,0.00,0.00,0.0,0.0
2026-08-27T03:28:50+00:00,2026-08-26,daily,2,2026-08-28T17:30:00Z,41,Buendía,AVL,MID,60,0,0,1.2,3977,14679,3977,14679,a,,,,,1,1,3,2.0,2,2,85,1,0,0,0,4,0,7,3,1,3,0.13,0.09,0.22,3.62,2.2,2.2
2026-08-27T03:28:50+00:00,2026-08-26,daily,2,2026-08-28T17:30:00Z,44,Bailey,AVL,MID,55,0,0,0.1,826,2014,826,2014,a,,,,,,,,0.0,0,0,0,0,0,0,0,0,0,0,0,0,0,0.00,0.00,0.00,0.00,2.0,2.0
2026-08-27T03:28:50+00:00,2026-08-26,daily,2,2026-08-28T17:30:00Z,45,McGinn,AVL,MID,55,0,0,2.9,6139,31483,6139,31483,a,,,,,,,2,1.0,1,1,81,1,0,0,0,4,0,6,2,1,3,0.04,0.01,0.05,3.62,2.0,2.0
2026-08-27T03:28:50+00:00,2026-08-26,daily,2,2026-08-28T17:30:00Z,46,Barkley,AVL,MID,50,0,0,0.2,1453,1979,1453,1979,a,,,,,,,4,2.0,2,2,73,1,0,0,0,4,0,1,1,0,0,0.10,0.02,0.12,3.55,1.5,1.5
2026-08-27T03:28:50+00:00,2026-08-26,daily,2,2026-08-28T17:30:00Z,47,Kamara,AVL,MID,50,0,0,0.3,2072,3601,2072,3601,a,,2026-07-23T12:01:23.337269Z,100,100,,,,2.0,2,2,90,1,0,0,0,4,0,7,3,2,2,0.00,0.00,0.00,3.77,1.5,1.5
2026-08-27T03:28:50+00:00,2026-08-26,daily,2,2026-08-28T17:30:00Z,48,Onana,AVL,MID,50,0,0,0.0,121,438,121,438,i,Knee injury - Unknown return date,2026-07-23T12:01:23.352497Z,0,0,,,,0.0,0,0,0,0,0,0,0,0,0,0,0,0,0,0.00,0.00,0.00,0.00,0.0,0.0
2026-08-27T03:28:50+00:00,2026-08-26,daily,2,2026-08-28T17:30:00Z,49,Iling Jr,AVL,MID,50,0,0,0.0,0,107,0,107,u,Has joined Bolton Wanderers on loan for the rest of the season,2026-08-17T13:52:28.532616Z,0,0,,,,0.0,0,0,0,0,0,0,0,0,0,0,0,0,0,0.00,0.00,0.00,0.00,0.0,0.0
2026-08-27T03:28:50+00:00,2026-08-26,daily,2,2026-08-28T17:30:00Z,50,Burrowes,AVL,MID,45,0,0,0.7,2800,5229,2800,5229,a,,,,,,,,0.0,0,0,0,0,0,0,0,0,0,0,0,0,0,0.00,0.00,0.00,0.00,1.0,1.0
2026-08-27T03:28:50+00:00,2026-08-26,daily,2,2026-08-28T17:30:00Z,51,George Hemmings,AVL,MID,45,0,0,0.7,5715,3860,5715,3860,a,,,,,,,,2.0,2,2,90,1,0,0,0,4,0,5,0,3,2,0.00,0.00,0.00,3.77,1.0,1.0
2026-08-27T03:28:50+00:00,2026-08-26,daily,2,2026-08-28T17:30:00Z,52,Alysson,AVL,MID,50,0,0,0.0,283,450,283,450,a,,,,,,,,1.0,1,1,8,0,0,0,0,0,0,3,1,1,1,0.00,0.00,0.00,0.14,1.5,1.5
2026-08-27T03:28:50+00:00,2026-08-26,daily,2,2026-08-28T17:30:00Z,53,Manzambi,AVL,MID,60,0,0,0.2,192,7406,192,7406,i,Knee injury - Unknown return date,2026-08-15T15:30:06.388335Z,0,0,,,,0.0,0,0,0,0,0,0,0,0,0,0,0,0,0,0.00,0.00,0.00,0.00,0.0,0.0
2026-08-27T03:28:50+00:00,2026-08-26,daily,2,2026-08-28T17:30:00Z,54,Gomes,AVL,MID,55,0,0,0.1,120,1540,120,1540,s,Suspended until 19 Sep,2026-08-23T17:30:08.367415Z,0,0,,,,-2.0,-2,-2,39,1,0,0,0,4,0,7,1,4,2,0.00,0.01,0.01,2.58,0.0,0.0
2026-08-27T03:28:50+00:00,2026-08-26,daily,2,2026-08-28T17:30:00Z,55,Watkins,AVL,FWD,79,-1,-1,8.6,9472,172836,9472,172836,a,,,,,2,,,0.0,0,0,0,0,0,0,0,0,0,0,0,0,0,0.00,0.00,0.00,0.00,2.4,2.4
2026-08-27T03:28:50+00:00,2026-08-26,daily,2,2026-08-28T17:30:00Z,56,Abraham,AVL,FWD,55,0,0,0.1,428,1943,428,1943,d,Knock - 75% chance of playing,2026-08-15T16:00:07.558543Z,75,75,,,,0.0,0,0,0,0,0,0,0,0,0,0,0,0,0,0.00,0.00,0.00,0.00,1.3,1.3
2026-08-27T03:28:50+00:00,2026-08-26,daily,2,2026-08-28T17:30:00Z,160,Garnacho,AVL,MID,60,0,0,0.6,1710,7668,1710,7668,a,,,,,,,,1.0,1,1,4,0,0,0,0,0,0,0,0,0,0,0.00,0.00,0.00,0.14,2.2,2.2
2026-08-27T03:28:50+00:00,2026-08-26,daily,2,2026-08-28T17:30:00Z,582,Madjo,AVL,FWD,55,0,0,0.4,1024,6407,1024,6407,i,Unspecified injury - Unknown return date,2026-08-15T16:00:07.974271Z,0,0,,,,0.0,0,0,0,0,0,0,0,0,0,0,0,0,0,0.00,0.00,0.00,0.00,0.0,0.0
2026-08-27T03:28:50+00:00,2026-08-26,daily,2,2026-08-28T17:30:00Z,596,Ruggeri,AVL,DEF,45,0,0,0.1,734,781,734,781,a,,,,,,,,1.0,1,1,8,0,0,0,0,0,0,2,0,2,0,0.00,0.00,0.00,0.14,1.7,1.7
2026-08-27T03:28:50+00:00,2026-08-26,daily,2,2026-08-28T17:30:00Z,597,Suzuki,AVL,GKP,50,0,0,0.8,3150,4874,3150,4874,a,,,,,,,,0.0,0,0,0,0,0,0,0,0,0,0,0,0,0,0.00,0.00,0.00,0.00,2.6,2.6
2026-08-27T03:28:50+00:00,2026-08-26,daily,2,2026-08-28T17:30:00Z,606,Rowe,AVL,DEF,40,0,0,0.0,1090,181,1090,181,a,,,,,,,,0.0,0,0,0,0,0,0,0,0,0,0,0,0,0,0.00,0.00,0.00,0.00,1.0,1.0
2026-08-27T03:28:50+00:00,2026-08-26,daily,2,2026-08-28T17:30:00Z,607,Lynch,AVL,MID,45,0,0,0.1,3094,619,3094,619,a,,,,,,,,0.0,0,0,0,0,0,0,0,0,0,0,0,0,0,0.00,0.00,0.00,0.00,1.0,1.0
2026-08-27T03:28:50+00:00,2026-08-26,daily,2,2026-08-28T17:30:00Z,611,Wan-Bissaka,AVL,DEF,45,0,0,0.0,740,59,740,59,a,,,,,,,,0.0,0,0,0,0,0,0,0,0,0,0,0,0,0,0.00,0.00,0.00,0.00,1.7,1.7
2026-08-27T03:28:50+00:00,2026-08-26,daily,2,2026-08-28T17:30:00Z,57,Petrović,BOU,GKP,45,0,0,3.3,16766,9478,16766,9478,a,,,,,,,,2.0,2,2,90,1,0,0,0,2,4,0,2,0,5,0.00,0.00,0.00,2.25,1.9,1.9
2026-08-27T03:28:50+00:00,2026-08-26,daily,2,2026-08-28T17:30:00Z,58,Forster,BOU,GKP,40,0,0,3.2,6696,7503,6696,7503,a,,,,,,,,0.0,0,0,0,0,0,0,0,0,0,0,0,0,0,0.00,0.00,0.00,0.00,1.0,1.0
2026-08-27T03:28:50+00:00,2026-08-26,daily,2,2026-08-28T17:30:00Z,59,Dennis,BOU,GKP,40,0,0,0.2,1054,654,1054,654,a,,,,,,,,0.0,0,0,0,0,0,0,0,0,0,0,0,0,0,0.00,0.00,0.00,0.00,1.0,1.0
2026-08-27T03:28:50+00:00,2026-08-26,daily,2,2026-08-28T17:30:00Z,60,Hill,BOU,DEF,55,0,0,0.9,6216,4862,6216,4862,a,,,,,,,,1.0,1,1,90,1,0,0,0,2,0,6,5,1,1,0.00,0.00,0.00,2.25,2.5,2.5
2026-08-27T03:28:50+00:00,2026-08-26,daily,2,2026-08-28T17:30:00Z,61,Truffert,BOU,DEF,55,0,0,4.3,14429,18277,14429,18277,a,,,,,,,,1.0,1,1,90,1,0,0,0,2,0,7,5,2,7,0.00,0.00,0.00,2.25,2.5,2.5
2026-08-27T03:28:50+00:00,2026-08-26,daily,2,2026-08-28T17:30:00Z,62,Diakité,BOU,DEF,50,0,0,0.2,2265,1843,2265,1843,a,,,,,,,,0.0,0,0,0,0,0,0,0,0,0,0,0,0,0,0.00,0.00,0.00,0.00,2.2,2.2
2026-08-27T03:28:50+00:00,2026-08-26,daily,2,2026-08-28T17:30:00Z,63,Milosavljević,BOU,DEF,50,0,0,0.0,63,240,63,240,i,Unspecified injury - Unknown return date,2026-08-06T10:00:10.456051Z,0,0,,,,0.0,0,0,0,0,0,0,0,0,0,0,0,0,0,0.00,0.00,0.00,0.00,0.0,0.0
2026-08-27T03:28:50+00:00,2026-08-26,daily,2,2026-08-28T17:30:00Z,64,Smith,BOU,DEF,45,0,0,0.1,1903,712,1903,712,a,,,,,,,,1.0,1,1,90,1,0,0,0,2,0,5,4,1,3,0.00,0.00,0.00,2.25,1.7,1.7
2026-08-27T03:28:50+00:00,2026-08-26,daily,2,2026-08-28T17:30:00Z,65,J.Araujo,BOU,DEF,45,0,0,0.0,74,428,74,428,i,Thigh injury - Unknown return date,2026-08-09T08:00:05.645826Z,0,0,,,,0.0,0,0,0,0,0,0,0,0,0,0,0,0,0,0.00,0.00,0.00,0.00,0.0,0.0
2026-08-27T03:28:50+00:00,2026-08-26,daily,2,2026-08-28T17:30:00Z,66,Soler,BOU,DEF,40,0,0,0.2,316,1935,316,1935,d,Hamstring injury - 75% chance of playing,2026-08-15T16:30:07.021055Z,75,75,,,,0.0,0,0,0,0,0,0,0,0,0,0,0,0,0,0.00,0.00,0.00,0.00,0.8,0.8
2026-08-27T03:28:50+00:00,2026-08-26,daily,2,2026-08-28T17:30:00Z,67,Rayan,BOU,MID,65,0,0,2.8,16750,15904,16750,15904,a,,,,,,,,2.0,2,2,88,1,0,0,0,1,0,1,1,0,0,0.04,0.03,0.07,2.06,2.3,2.3
2026-08-27T03:28:50+00:00,2026-08-26,daily,2,2026-08-28T17:30:00Z,68,Tavernier,BOU,MID,60,0,0,2.2,50928,8129,50928,8129,a,,,,,3,1,1,10.0,10,10,90,1,1,0,0,2,0,8,2,2,4,0.40,0.08,0.48,2.25,2.2,2.2
2026-08-27T03:28:50+00:00,2026-08-26,daily,2,2026-08-28T17:30:00Z,69,Scott,BOU,MID,60,0,0,1.5,6002,9434,6002,9434,a,,,,,,4,2,2.0,2,2,90,1,0,0,0,2,0,11,1,4,6,0.00,0.01,0.01,2.25,2.2,2.2
2026-08-27T03:28:50+00:00,2026-08-26,daily,2,2026-08-28T17:30:00Z,70,Kluivert,BOU,MID,60,0,0,1.2,10379,6827,10379,6827,a,,,,,2,2,3,3.0,3,3,74,1,0,0,1,0,0,9,1,3,5,0.11,0.00,0.11,1.94,2.2,2.2
2026-08-27T03:28:50+00:00,2026-08-26,daily,2,2026-08-28T17:30:00Z,71,Cook,BOU,MID,50,0,0,0.2,2220,1224,2220,1224,a,,,,,,,5,3.0,3,3,75,1,0,0,1,0,0,7,3,1,3,0.00,0.00,0.00,1.94,1.5,1.5
2026-08-27T03:28:50+00:00,2026-08-26,daily,2,2026-08-28T17:30:00Z,72,Gannon-Doak,BOU,MID,50,0,0,0.1,290,647,290,647,a,,,,,,,,1.0,1,1,1,0,0,0,0,1,0,1,0,0,1,0.00,0.00,0.00,0.19,1.5,1.5
2026-08-27T03:28:50+00:00,2026-08-26,daily,2,2026-08-28T17:30:00Z,73,Adams,BOU,MID,50,0,0,0.2,2167,2346,2167,2346,a,,2026-08-15T16:30:07.029928Z,75,100,,,,1.0,1,1,15,0,0,0,0,2,0,3,3,0,0,0.00,0.00,0.00,0.31,1.1,1.5
2026-08-27T03:28:50+00:00,2026-08-26,daily,2,2026-08-28T17:30:00Z,74,Brooks,BOU,MID,50,0,0,0.1,393,534,393,534,a,,2026-08-15T16:30:07.037929Z,75,100,,3,4,0.0,0,0,0,0,0,0,0,0,0,0,0,0,0,0.00,0.00,0.00,0.00,1.1,1.5
2026-08-27T03:28:50+00:00,2026-08-26,daily,2,2026-08-28T17:30:00Z,75,Christie,BOU,MID,50,0,0,0.0,368,143,368,143,a,,2026-07-24T17:30:10.035483Z,0,100,,,6,0.0,0,0,0,0,0,0,0,0,0,0,0,0,0,0.00,0.00,0.00,0.00,0.0,1.5
2026-08-27T03:28:50+00:00,2026-08-26,daily,2,2026-08-28T17:30:00Z,76,Tóth.A,BOU,MID,50,0,0,0.0,75,115,75,115,a,,,,,,,,1.0,1,1,15,0,0,0,0,2,0,2,0,1,1,0.00,0.00,0.00,0.31,1.5,1.5
2026-08-27T03:28:50+00:00,2026-08-26,daily,2,2026-08-28T17:30:00Z,77,Adli,BOU,MID,50,0,0,0.0,39,814,39,814,i,Unspecified injury - Unknown return date,2026-08-15T16:00:07.590566Z,0,0,,,,0.0,0,0,0,0,0,0,0,0,0,0,0,0,0,0.00,0.00,0.00,0.00,0.0,0.0
2026-08-27T03:28:50+00:00,2026-08-26,daily,2,2026-08-28T17:30:00Z,78,Kroupi.Jr,BOU,MID,75,0,0,0.3,392,10876,392,10876,i,Foot injury - Unknown return date,2026-07-29T17:30:09.796802Z,0,0,1,,,0.0,0,0,0,0,0,0,0,0,0,0,0,0,0,0.00,0.00,0.00,0.00,0.0,0.0
2026-08-27T03:28:50+00:00,2026-08-26,daily,2,2026-08-28T17:30:00Z,79,Evanilson,BOU,FWD,60,0,0,2.8,47235,12971,47235,12971,a,,,,,,,,4.0,4,4,74,1,0,1,1,0,0,8,4,1,3,0.00,0.21,0.21,1.94,2.0,2.0
2026-08-27T03:28:50+00:00,2026-08-26,daily,2,2026-08-28T17:30:00Z,80,Enes Ünal,BOU,FWD,55,0,0,0.0,0,893,0,893,u,Has joined Getafe permanently,2026-08-14T14:14:21.881112Z,0,0,,,,0.0,0,0,0,0,0,0,0,0,0,0,0,0,0,0.00,0.00,0.00,0.00,0.0,0.0
2026-08-27T03:28:50+00:00,2026-08-26,daily,2,2026-08-28T17:30:00Z,81,Rodríguez,BOU,FWD,60,0,0,0.1,703,925,703,925,a,,2026-08-15T16:30:07.054142Z,75,100,,,,0.0,0,0,0,0,0,0,0,0,0,0,0,0,0,0.00,0.00,0.00,0.00,1.5,2.0
2026-08-27T03:28:50+00:00,2026-08-26,daily,2,2026-08-28T17:30:00Z,566,Silva,BOU,DEF,50,0,0,0.3,4469,1479,4469,1479,a,,,,,,,,2.0,2,2,90,1,0,0,0,2,0,13,13,0,1,0.00,0.00,0.00,2.25,2.2,2.2
2026-08-27T03:28:50+00:00,2026-08-26,daily,2,2026-08-28T17:30:00Z,573,Sanchez,BOU,DEF,45,0,0,0.2,382,1038,382,1038,a,,,,,,,,0.0,0,0,0,0,0,0,0,0,0,0,0,0,0,0.00,0.00,0.00,0.00,1.7,1.7
2026-08-27T03:28:50+00:00,2026-08-26,daily,2,2026-08-28T17:30:00Z,608,Jebbison,BOU,FWD,50,0,0,0.0,1599,270,1599,270,a,,,,,,,,1.0,1,1,15,0,0,0,0,2,0,1,0,0,1,0.10,0.00,0.10,0.31,1.4,1.4
2026-08-27T03:28:50+00:00,2026-08-26,daily,2,2026-08-28T17:30:00Z,82,Kelleher,BRE,GKP,50,0,0,6.4,55074,13384,55074,13384,a,,,,,,,,7.0,7,7,90,1,0,0,1,0,4,0,0,0,5,0.00,0.01,0.01,0.57,2.6,2.6
2026-08-27T03:28:50+00:00,2026-08-26,daily,2,2026-08-28T17:30:00Z,83,Valdimarsson,BRE,GKP,45,0,0,0.1,493,637,493,637,a,,,,,,,,0.0,0,0,0,0,0,0,0,0,0,0,0,0,0,0.00,0.00,0.00,0.00,1.9,1.9
2026-08-27T03:28:50+00:00,2026-08-26,daily,2,2026-08-28T17:30:00Z,84,Collins,BRE,DEF,55,0,0,2.1,18829,6382,18829,6382,a,,,,,,,,6.0,6,6,90,1,0,0,1,0,0,3,3,0,3,0.34,0.04,0.38,0.57,2.5,2.5
2026-08-27T03:28:50+00:00,2026-08-26,daily,2,2026-08-28T17:30:00Z,85,Van den Berg,BRE,DEF,50,0,0,0.1,127,3392,127,3392,i,Groin injury - Unknown return date,2026-08-15T15:30:06.416627Z,0,0,,,,0.0,0,0,0,0,0,0,0,0,0,0,0,0,0,0.00,0.00,0.00,0.00,0.0,0.0
2026-08-27T03:28:50+00:00,2026-08-26,daily,2,2026-08-28T17:30:00Z,86,Lewis-Potter,BRE,MID,55,0,0,0.9,31469,4664,31469,4664,a,,,,,,1,,10.0,10,10,90,1,1,0,1,0,0,10,4,1,5,0.77,0.12,0.89,0.57,2.0,2.0
2026-08-27T03:28:50+00:00,2026-08-26,daily,2,2026-08-28T17:30:00Z,87,Ajer,BRE,DEF,45,0,0,3.9,41702,8802,41702,8802,a,,,,,,,,8.0,8,8,90,1,0,0,1,0,0,10,8,2,3,0.11,0.02,0.13,0.57,1.7,1.7
2026-08-27T03:28:50+00:00,2026-08-26,daily,2,2026-08-28T17:30:00Z,88,Kayode,BRE,DEF,46,1,1,6.7,247260,14413,247260,14413,a,,,,,,,,13.0,13,13,75,1,1,0,1,0,0,4,4,0,5,0.50,0.00,0.50,0.47,1.9,1.9
2026-08-27T03:28:50+00:00,2026-08-26,daily,2,2026-08-28T17:30:00Z,89,Henry,BRE,DEF,45,0,0,0.3,449,1549,449,1549,a,,,,,,,,0.0,0,0,0,0,0,0,0,0,0,0,0,0,0,0.00,0.00,0.00,0.00,1.7,1.7
2026-08-27T03:28:50+00:00,2026-08-26,daily,2,2026-08-28T17:30:00Z,90,Hickey,BRE,DEF,45,0,0,0.1,454,400,454,400,a,,,,,,,,1.0,1,1,14,0,0,0,0,0,0,0,0,0,2,0.00,0.00,0.00,0.10,1.7,1.7
2026-08-27T03:28:50+00:00,2026-08-26,daily,2,2026-08-28T17:30:00Z,91,Pinnock,BRE,DEF,45,0,0,0.1,340,710,340,710,a,,,,,,,,0.0,0,0,0,0,0,0,0,0,0,0,0,0,0,0.00,0.00,0.00,0.00,1.7,1.7
2026-08-27T03:28:50+00:00,2026-08-26,daily,2,2026-08-28T17:30:00Z,92,Ji-soo,BRE,DEF,45,0,0,0.0,92,147,92,147,a,,,,,,,,0.0,0,0,0,0,0,0,0,0,0,0,0,0,0,0.00,0.00,0.00,0.00,1.7,1.7
2026-08-27T03:28:50+00:00,2026-08-26,daily,2,2026-08-28T17:30:00Z,93,Schuster,BRE,DEF,45,0,0,0.2,117,860,117,860,a,,,,,,,,0.0,0,0,0,0,0,0,0,0,0,0,0,0,0,0.00,0.00,0.00,0.00,1.7,1.7
2026-08-27T03:28:50+00:00,2026-08-26,daily,2,2026-08-28T17:30:00Z,94,Schade,BRE,MID,60,0,0,3.5,15738,17586,15738,17586,a,,,,,2,,,3.0,3,3,90,1,0,0,1,0,0,9,1,3,5,0.52,0.01,0.53,0.57,2.2,2.2
2026-08-27T03:28:50+00:00,2026-08-26,daily,2,2026-08-28T17:30:00Z,95,O.Dango,BRE,MID,65,0,0,1.1,5339,7254,5339,7254,a,,,,,,,2,3.0,3,3,66,1,0,0,1,0,0,6,2,0,4,0.05,0.29,0.34,0.47,2.3,2.3
2026-08-27T03:28:50+00:00,2026-08-26,daily,2,2026-08-28T17:30:00Z,96,Damsgaard,BRE,MID,55,0,0,0.6,1537,5410,1537,5410,a,,,,,,3,3,1.0,1,1,14,0,0,0,0,0,0,4,0,1,3,0.00,0.11,0.11,0.10,2.0,2.0
2026-08-27T03:28:50+00:00,2026-08-26,daily,2,2026-08-28T17:30:00Z,97,Jensen,BRE,MID,55,0,0,0.2,2611,951,2611,951,a,,,,,3,2,1,6.0,6,6,66,1,0,1,1,0,0,5,0,2,3,0.08,0.34,0.42,0.47,2.0,2.0
2026-08-27T03:28:50+00:00,2026-08-26,daily,2,2026-08-28T17:30:00Z,98,Janelt,BRE,MID,50,0,0,0.4,20199,2749,20199,2749,a,,,,,,,4,9.0,9,9,90,1,1,0,1,0,0,13,6,4,3,0.39,0.17,0.56,0.57,1.5,1.5
2026-08-27T03:28:50+00:00,2026-08-26,daily,2,2026-08-28T17:30:00Z,99,Milambo,BRE,MID,50,0,0,0.0,22,38,22,38,i,Knee injury - Unknown return date,2026-07-23T12:01:23.384798Z,0,0,,,,0.0,0,0,0,0,0,0,0,0,0,0,0,0,0,0.00,0.00,0.00,0.00,0.0,0.0
2026-08-27T03:28:50+00:00,2026-08-26,daily,2,2026-08-28T17:30:00Z,100,Carvalho,BRE,MID,50,0,0,0.0,69,210,69,210,a,,2026-08-18T13:58:17.442072Z,75,100,,,,0.0,0,0,0,0,0,0,0,0,0,0,0,0,0,0.00,0.00,0.00,0.00,1.1,1.5
2026-08-27T03:28:50+00:00,2026-08-26,daily,2,2026-08-28T17:30:00Z,102,Yarmoliuk,BRE,MID,50,0,0,1.2,572,9237,572,9237,a,,,,,,,,1.0,1,1,23,0,0,0,0,0,0,6,1,2,3,0.04,0.00,0.04,0.10,1.5,1.5
2026-08-27T03:28:50+00:00,2026-08-26,daily,2,2026-08-28T17:30:00Z,103,Dasilva,BRE,MID,50,0,0,0.0,140,263,140,263,a,,,,,,,,0.0,0,0,0,0,0,0,0,0,0,0,0,0,0,0.00,0.00,0.00,0.00,1.5,1.5
2026-08-27T03:28:50+00:00,2026-08-26,daily,2,2026-08-28T17:30:00Z,105,Anthony,BRE,MID,60,0,0,0.2,1400,1712,1400,1712,a,,,,,,,,1.0,1,1,23,0,0,0,0,0,0,8,0,2,6,0.03,0.35,0.38,0.10,2.2,2.2
2026-08-27T03:28:50+00:00,2026-08-26,daily,2,2026-08-28T17:30:00Z,106,Thiago,BRE,FWD,80,0,0,16.9,70148,96195,70148,96195,a,,,,,1,,,0.0,0,0,82,1,0,0,1,0,0,5,1,0,4,1.00,0.08,1.08,0.50,2.5,2.5
2026-08-27T03:28:50+00:00,2026-08-26,daily,2,2026-08-28T17:30:00Z,107,Furo,BRE,FWD,45,0,0,0.9,6040,6264,6040,6264,a,,,,,,,,0.0,0,0,0,0,0,0,0,0,0,0,0,0,0,0.00,0.00,0.00,0.00,1.0,1.0
2026-08-27T03:28:50+00:00,2026-08-26,daily,2,2026-08-28T17:30:00Z,108,Wilson,BRE,FWD,55,0,0,0.4,3097,3524,3097,3524,a,,,,,,,,1.0,1,1,7,0,0,0,0,0,0,0,0,0,0,0.03,0.04,0.07,0.07,1.8,1.8
2026-08-27T03:28:50+00:00,2026-08-26,daily,2,2026-08-28T17:30:00Z,565,M.Sangaré,BRE,MID,56,1,1,7.4,316535,14843,316535,14843,a,,,,,,,,14.0,14,14,75,1,0,2,1,0,0,13,4,2,7,0.05,0.33,0.38,0.47,2.0,2.0
2026-08-27T03:28:50+00:00,2026-08-26,daily,2,2026-08-28T17:30:00Z,109,Verbruggen,BHA,GKP,45,0,0,21.6,61545,30136,61545,30136,a,,,,,,,,6.0,6,6,90,1,0,0,1,0,0,0,0,0,4,0.00,0.00,0.00,0.29,1.9,1.9
2026-08-27T03:28:50+00:00,2026-08-26,daily,2,2026-08-28T17:30:00Z,111,Steele,BHA,GKP,40,0,0,4.1,7554,9899,7554,9899,a,,,,,,,,0.0,0,0,0,0,0,0,0,0,0,0,0,0,0,0.00,0.00,0.00,0.00,1.0,1.0
2026-08-27T03:28:50+00:00,2026-08-26,daily,2,2026-08-28T17:30:00Z,113,F.Kadıoğlu,BHA,DEF,45,0,0,2.4,2049,40898,2049,40898,d,Unspecified injury - 75% chance of playing,2026-08-23T13:00:07.595211Z,,75,,,3,0.0,0,0,0,0,0,0,0,0,0,0,0,0,0,0.00,0.00,0.00,0.00,1.7,1.3
2026-08-27T03:28:50+00:00,2026-08-26,daily,2,2026-08-28T17:30:00Z,114,Boscagli,BHA,DEF,45,0,0,0.3,2617,995,2617,995,a,,,,,,,,6.0,6,6,90,1,0,0,1,0,0,6,5,1,4,0.00,0.04,0.04,0.29,1.7,1.7
2026-08-27T03:28:50+00:00,2026-08-26,daily,2,2026-08-28T17:30:00Z,115,De Cuyper,BHA,DEF,46,1,1,6.7,373356,13795,373356,13795,a,,,,,,4,2,17.0,17,17,77,1,1,1,1,0,0,4,1,3,3,1.47,0.21,1.68,0.29,1.9,1.9
2026-08-27T03:28:50+00:00,2026-08-26,daily,2,2026-08-28T17:30:00Z,116,Dunk,BHA,DEF,45,0,0,1.2,9287,3557,9287,3557,a,,,,,,3,,6.0,6,6,90,1,0,0,1,0,0,2,1,1,2,0.00,0.04,0.04,0.29,1.7,1.7
2026-08-27T03:28:50+00:00,2026-08-26,daily,2,2026-08-28T17:30:00Z,117,Coppola,BHA,DEF,45,0,0,0.0,147,165,147,165,a,,,,,,,,0.0,0,0,0,0,0,0,0,0,0,0,0,0,0,0.00,0.00,0.00,0.00,1.7,1.7
2026-08-27T03:28:50+00:00,2026-08-26,daily,2,2026-08-28T17:30:00Z,118,Igor,BHA,DEF,45,0,0,0.1,385,648,385,648,a,,,,,,,,0.0,0,0,0,0,0,0,0,0,0,0,0,0,0,0.00,0.00,0.00,0.00,1.7,1.7
2026-08-27T03:28:50+00:00,2026-08-26,daily,2,2026-08-28T17:30:00Z,119,Costinha,BHA,DEF,45,0,0,0.0,215,147,215,147,a,,,,,,,,1.0,1,1,26,0,0,0,0,0,0,4,3,1,0,0.12,0.00,0.12,0.10,1.7,1.7
2026-08-27T03:28:50+00:00,2026-08-26,daily,2,2026-08-28T17:30:00Z,120,Svoboda,BHA,DEF,50,0,0,0.1,668,526,668,526,a,,,,,,,,0.0,0,0,0,0,0,0,0,0,0,0,0,0,0,0.00,0.00,0.00,0.00,2.2,2.2
2026-08-27T03:28:50+00:00,2026-08-26,daily,2,2026-08-28T17:30:00Z,121,Mitoma,BHA,MID,60,0,0,0.0,130,994,130,994,i,Hamstring injury - Unknown return date,2026-07-24T18:30:10.661894Z,0,0,,,,0.0,0,0,0,0,0,0,0,0,0,0,0,0,0,0.00,0.00,0.00,0.00,0.0,0.0
2026-08-27T03:28:50+00:00,2026-08-26,daily,2,2026-08-28T17:30:00Z,122,Minteh,BHA,MID,60,0,0,0.1,122,2879,122,2879,i,Leg injury - Expected back 28 Nov,2026-08-14T18:00:06.418033Z,0,0,,,5,0.0,0,0,0,0,0,0,0,0,0,0,0,0,0,0.00,0.00,0.00,0.00,0.0,0.0
2026-08-27T03:28:50+00:00,2026-08-26,daily,2,2026-08-28T17:30:00Z,123,Hinshelwood,BHA,MID,60,0,0,2.4,121502,13700,121502,13700,a,,,,,,,,16.0,16,16,63,1,2,0,1,0,0,3,0,2,1,1.41,0.02,1.43,0.19,2.2,2.2
2026-08-27T03:28:50+00:00,2026-08-26,daily,2,2026-08-28T17:30:00Z,124,Groß,BHA,MID,55,0,0,13.2,17407,74956,17407,74956,a,,,,,1,1,1,2.0,2,2,90,1,0,0,1,0,0,5,0,3,2,0.00,0.27,0.27,0.29,2.0,2.0
2026-08-27T03:28:50+00:00,2026-08-26,daily,2,2026-08-28T17:30:00Z,125,Georginio,BHA,FWD,55,0,0,1.1,22062,7744,22062,7744,d,Unspecified injury - 75% chance of playing,2026-08-26T16:00:07.608056Z,,75,,,,5.0,5,5,90,1,0,1,1,0,0,7,1,2,4,0.08,0.44,0.52,0.29,1.8,1.3
2026-08-27T03:28:50+00:00,2026-08-26,daily,2,2026-08-28T17:30:00Z,126,O'Riley,BHA,MID,55,0,0,0.1,494,1026,494,1026,a,,,,,3,,,0.0,0,0,0,0,0,0,0,0,0,0,0,0,0,0.00,0.00,0.00,0.00,2.0,2.0
2026-08-27T03:28:50+00:00,2026-08-26,daily,2,2026-08-28T17:30:00Z,127,Gomez,BHA,MID,50,0,0,3.8,14806,11557,14806,11557,a,,,,,,5,,6.0,6,6,85,1,0,1,1,0,0,6,2,3,1,0.18,0.48,0.66,0.29,1.5,1.5
2026-08-27T03:28:50+00:00,2026-08-26,daily,2,2026-08-28T17:30:00Z,128,Buonanotte,BHA,MID,50,0,0,0.0,0,147,0,147,u,Has joined Elche on loan for the rest of the season,2026-08-10T14:03:07.561436Z,0,0,,,,0.0,0,0,0,0,0,0,0,0,0,0,0,0,0,0.00,0.00,0.00,0.00,0.0,0.0
2026-08-27T03:28:50+00:00,2026-08-26,daily,2,2026-08-28T17:30:00Z,129,Ayari,BHA,MID,55,0,0,0.7,2449,5333,2449,5333,a,,,,,,2,4,2.0,2,2,63,1,0,0,1,0,0,4,1,0,3,0.11,0.03,0.14,0.19,2.0,2.0
2026-08-27T03:28:50+00:00,2026-08-26,daily,2,2026-08-28T17:30:00Z,130,Wieffer,BHA,DEF,50,0,0,0.4,10399,2097,10399,2097,a,,,,,,,,7.0,7,7,77,1,0,0,1,0,0,8,4,4,5,0.09,0.05,0.14,0.29,2.2,2.2
2026-08-27T03:28:50+00:00,2026-08-26,daily,2,2026-08-28T17:30:00Z,132,Howell,BHA,MID,45,0,0,0.1,0,1278,0,1278,u,Has joined Leicester City on loan for the rest of the season,2026-08-17T13:53:19.019938Z,0,0,,,,0.0,0,0,0,0,0,0,0,0,0,0,0,0,0,0.00,0.00,0.00,0.00,0.0,0.0
2026-08-27T03:28:50+00:00,2026-08-26,daily,2,2026-08-28T17:30:00Z,133,Watson,BHA,MID,50,0,0,0.0,0,44,0,44,u,Has joined Leicester City on loan for the rest of the season,2026-08-03T14:05:44.459483Z,0,0,,,,0.0,0,0,0,0,0,0,0,0,0,0,0,0,0,0.00,0.00,0.00,0.00,0.0,0.0
2026-08-27T03:28:50+00:00,2026-08-26,daily,2,2026-08-28T17:30:00Z,134,Oriola,BHA,MID,45,0,0,0.3,1300,2026,1300,2026,a,,,,,,,,0.0,0,0,0,0,0,0,0,0,0,0,0,0,0,0.00,0.00,0.00,0.00,1.0,1.0
2026-08-27T03:28:50+00:00,2026-08-26,daily,2,2026-08-28T17:30:00Z,135,Yohanna,BHA,MID,50,0,0,0.1,300,608,300,608,a,,,,,,,,1.0,1,1,12,0,0,0,0,0,0,0,0,0,0,0.00,0.03,0.03,0.00,1.5,1.5
2026-08-27T03:28:50+00:00,2026-08-26,daily,2,2026-08-28T17:30:00Z,137,Tzimas,BHA,FWD,55,0,0,0.0,68,189,68,189,i,Knee injury - Unknown return date,2026-07-23T12:01:23.432796Z,0,0,,,,0.0,0,0,0,0,0,0,0,0,0,0,0,0,0,0.00,0.00,0.00,0.00,0.0,0.0
2026-08-27T03:28:50+00:00,2026-08-26,daily,2,2026-08-28T17:30:00Z,138,Kostoulas,BHA,FWD,55,0,0,0.2,697,1523,697,1523,a,,,,,,,,1.0,1,1,26,0,0,0,0,0,0,2,0,1,1,0.18,0.00,0.18,0.10,1.8,1.8
2026-08-27T03:28:50+00:00,2026-08-26,daily,2,2026-08-28T17:30:00Z,139,Ferguson,BHA,FWD,50,0,0,0.0,258,514,258,514,i,Ankle injury - Expected back 10 Oct,2026-07-23T12:01:23.448357Z,0,0,,,,0.0,0,0,0,0,0,0,0,0,0,0,0,0,0,0.00,0.00,0.00,0.00,0.0,0.0
2026-08-27T03:28:50+00:00,2026-08-26,daily,2,2026-08-28T17:30:00Z,328,Struijk,BHA,DEF,50,0,0,0.2,1213,1830,1213,1830,a,,2026-08-15T20:30:07.523574Z,100,100,,,,0.0,0,0,0,0,0,0,0,0,0,0,0,0,0,0.00,0.00,0.00,0.00,2.2,2.2
2026-08-27T03:28:50+00:00,2026-08-26,daily,2,2026-08-28T17:30:00Z,504,Vuskovic,BHA,DEF,50,0,0,2.5,17564,8394,17564,8394,a,,,,,,,,6.0,6,6,90,1,0,0,1,0,0,4,4,0,2,0.13,0.03,0.16,0.29,2.2,2.2
2026-08-27T03:28:50+00:00,2026-08-26,daily,2,2026-08-28T17:30:00Z,594,David,BHA,FWD,60,0,0,0.3,2027,2780,2027,2780,a,,,,,2,,,0.0,0,0,0,0,0,0,0,0,0,0,0,0,0,0.00,0.00,0.00,0.00,2.0,2.0
2026-08-27T03:28:50+00:00,2026-08-26,daily,2,2026-08-28T17:30:00Z,600,Osman,BHA,MID,50,0,0,0.0,180,111,180,111,a,,,,,,,,1.0,1,1,12,0,0,0,0,0,0,2,0,0,2,0.00,0.05,0.05,0.00,1.5,1.5
2026-08-27T03:28:50+00:00,2026-08-26,daily,2,2026-08-28T17:30:00Z,605,Yalcouyé,BHA,MID,45,0,0,0.1,3016,647,3016,647,a,,,,,,,,1.0,1,1,4,0,0,0,0,0,0,0,0,0,0,0.00,0.01,0.01,0.00,1.0,1.0
2026-08-27T03:28:50+00:00,2026-08-26,daily,2,2026-08-28T17:30:00Z,614,Hadjam,BHA,DEF,45,0,0,0.0,330,14,330,14,a,,,,,,,,0.0,0,0,0,0,0,0,0,0,0,0,0,0,0,0.00,0.00,0.00,0.00,1.7,1.7
2026-08-27T03:28:50+00:00,2026-08-26,daily,2,2026-08-28T17:30:00Z,40,Rogers,CHE,MID,75,0,0,25.8,175368,47387,175368,47387,a,,,,,,,4,8.0,8,8,81,1,1,0,0,2,0,7,0,2,5,0.96,0.10,1.06,1.24,2.6,2.6
2026-08-27T03:28:50+00:00,2026-08-26,daily,2,2026-08-28T17:30:00Z,101,Henderson,CHE,MID,50,0,0,0.0,183,537,183,537,d,Wrist injury - 75% chance of playing,2026-08-09T09:30:07.136250Z,75,75,,,,0.0,0,0,0,0,0,0,0,0,0,0,0,0,0,0.00,0.00,0.00,0.00,1.1,1.1
2026-08-27T03:28:50+00:00,2026-08-26,daily,2,2026-08-28T17:30:00Z,136,Welbeck,CHE,FWD,60,0,0,1.0,1122,17792,1122,17792,a,,2026-08-20T14:00:07.949090Z,75,100,,,,0.0,0,0,0,0,0,0,0,0,0,0,0,0,0,0.00,0.00,0.00,0.00,1.5,2.0
2026-08-27T03:28:50+00:00,2026-08-26,daily,2,2026-08-28T17:30:00Z,140,Sánchez,CHE,GKP,50,0,0,2.3,7060,14272,7060,14272,a,,,,,,,,2.0,2,2,90,1,0,0,0,2,4,0,1,0,5,0.00,0.01,0.01,1.33,2.6,2.6
2026-08-27T03:28:50+00:00,2026-08-26,daily,2,2026-08-28T17:30:00Z,141,Jörgensen,CHE,GKP,50,0,0,0.0,0,443,0,443,u,Has joined RC Strasbourg on loan for the rest of the season,2026-08-12T14:07:02.607115Z,0,0,,,,0.0,0,0,0,0,0,0,0,0,0,0,0,0,0,0.00,0.00,0.00,0.00,0.0,0.0
2026-08-27T03:28:50+00:00,2026-08-26,daily,2,2026-08-28T17:30:00Z,142,James,CHE,DEF,55,0,0,10.1,47601,57934,47601,57934,a,,,,,,1,1,0.0,0,0,90,1,0,0,0,2,0,6,6,0,4,0.10,0.07,0.17,1.33,2.5,2.5
2026-08-27T03:28:50+00:00,2026-08-26,daily,2,2026-08-28T17:30:00Z,143,Chalobah,CHE,DEF,55,0,0,0.1,0,6777,0,6777,u,Has joined Como permanently,2026-08-10T14:03:50.769483Z,0,0,,,,0.0,0,0,0,0,0,0,0,0,0,0,0,0,0,0.00,0.00,0.00,0.00,0.0,0.0
2026-08-27T03:28:50+00:00,2026-08-26,daily,2,2026-08-28T17:30:00Z,144,Gusto,CHE,DEF,50,0,0,1.2,9898,8039,9898,8039,a,,,,,,,,1.0,1,1,75,1,0,0,0,2,0,3,2,1,4,0.00,0.03,0.03,1.11,2.2,2.2
2026-08-27T03:28:50+00:00,2026-08-26,daily,2,2026-08-28T17:30:00Z,145,Fofana,CHE,DEF,50,0,0,0.0,547,196,547,196,a,,2026-07-23T12:01:23.464591Z,0,100,,,,0.0,0,0,0,0,0,0,0,0,0,0,0,0,0,0.00,0.00,0.00,0.00,0.0,2.2
2026-08-27T03:28:50+00:00,2026-08-26,daily,2,2026-08-28T17:30:00Z,146,B.Badiashile,CHE,DEF,45,0,0,0.0,232,560,232,560,u,Has joined Napoli on loan for the rest of the season,2026-08-25T14:03:47.079414Z,,0,,,,0.0,0,0,0,0,0,0,0,0,0,0,0,0,0,0.00,0.00,0.00,0.00,1.7,0.0
2026-08-27T03:28:50+00:00,2026-08-26,daily,2,2026-08-28T17:30:00Z,147,Tosin,CHE,DEF,45,0,0,0.2,219,1490,219,1490,a,,,,,,,,0.0,0,0,0,0,0,0,0,0,0,0,0,0,0,0.00,0.00,0.00,0.00,1.7,1.7
2026-08-27T03:28:50+00:00,2026-08-26,daily,2,2026-08-28T17:30:00Z,148,Hato,CHE,DEF,45,0,0,0.5,3127,3320,3127,3320,a,,,,,,,,1.0,1,1,64,1,0,0,0,2,0,3,1,2,2,0.01,0.03,0.04,1.05,1.7,1.7
2026-08-27T03:28:50+00:00,2026-08-26,daily,2,2026-08-28T17:30:00Z,149,Colwill,CHE,DEF,50,0,0,1.6,8496,12837,8496,12837,a,,,,,,,,0.0,0,0,90,1,0,0,0,2,0,4,2,2,3,0.01,0.03,0.04,1.33,2.2,2.2
2026-08-27T03:28:50+00:00,2026-08-26,daily,2,2026-08-28T17:30:00Z,150,M.Sarr,CHE,DEF,45,0,0,0.1,352,739,352,739,a,,,,,,,,0.0,0,0,0,0,0,0,0,0,0,0,0,0,0,0.00,0.00,0.00,0.00,1.7,1.7
2026-08-27T03:28:50+00:00,2026-08-26,daily,2,2026-08-28T17:30:00Z,151,Acheampong,CHE,DEF,45,0,0,0.3,4602,2101,4602,2101,a,,,,,,,,3.0,3,3,90,1,0,0,0,2,0,15,10,5,6,0.00,0.01,0.01,1.33,1.7,1.7
2026-08-27T03:28:50+00:00,2026-08-26,daily,2,2026-08-28T17:30:00Z,152,Palestra,CHE,DEF,55,0,0,2.5,4772,38946,4772,38946,d,Unspecified injury - 75% chance of playing,2026-08-24T18:30:07.421239Z,,75,,,,0.0,0,0,0,0,0,0,0,0,0,0,0,0,0,0.00,0.00,0.00,0.00,2.5,1.9
2026-08-27T03:28:50+00:00,2026-08-26,daily,2,2026-08-28T17:30:00Z,153,Disasi,CHE,DEF,45,0,0,0.1,364,681,364,681,a,,,,,,,,0.0,0,0,0,0,0,0,0,0,0,0,0,0,0,0.00,0.00,0.00,0.00,1.7,1.7
2026-08-27T03:28:50+00:00,2026-08-26,daily,2,2026-08-28T17:30:00Z,154,Palmer,CHE,MID,95,0,0,14.3,238709,24156,238709,24156,a,,2026-08-24T22:00:07.971542Z,,100,1,3,,13.0,13,13,82,1,1,1,0,2,0,9,0,2,7,0.28,0.19,0.47,1.24,3.2,3.2
2026-08-27T03:28:50+00:00,2026-08-26,daily,2,2026-08-28T17:30:00Z,155,Enzo,CHE,MID,70,0,0,4.7,13308,56455,13308,56455,a,,,,,2,2,3,1.0,1,1,25,0,0,0,0,0,0,3,0,0,3,0.00,0.02,0.02,0.28,2.5,2.5
2026-08-27T03:28:50+00:00,2026-08-26,daily,2,2026-08-28T17:30:00Z,156,Neto,CHE,MID,65,0,0,1.3,4666,15454,4666,15454,a,,,,,,4,2,1.0,1,1,14,0,0,0,0,0,0,4,0,1,3,0.03,0.07,0.10,0.22,2.3,2.3
2026-08-27T03:28:50+00:00,2026-08-26,daily,2,2026-08-28T17:30:00Z,157,Estêvão,CHE,MID,65,0,0,1.2,4358,17442,4358,17442,a,,,,,3,,5,1.0,1,1,7,0,0,0,0,0,0,1,0,0,1,0.00,0.00,0.00,0.09,2.3,2.3
2026-08-27T03:28:50+00:00,2026-08-26,daily,2,2026-08-28T17:30:00Z,158,Gittens,CHE,MID,60,0,0,0.0,220,558,220,558,a,,,,,,,,0.0,0,0,0,0,0,0,0,0,0,0,0,0,0,0.00,0.00,0.00,0.00,2.2,2.2
2026-08-27T03:28:50+00:00,2026-08-26,daily,2,2026-08-28T17:30:00Z,159,Caicedo,CHE,MID,55,0,0,3.2,9135,68035,9135,68035,d,Unspecified injury - 75% chance of playing,2026-08-24T18:30:07.431154Z,,75,,,,0.0,0,0,0,0,0,0,0,0,0,0,0,0,0,0.00,0.00,0.00,0.00,2.0,1.5
2026-08-27T03:28:50+00:00,2026-08-26,daily,2,2026-08-28T17:30:00Z,161,Lavia,CHE,MID,50,0,0,0.1,846,692,846,692,a,,,,,,,,1.0,1,1,64,1,0,0,0,2,0,9,2,3,4,0.21,0.03,0.24,1.05,1.5,1.5
2026-08-27T03:28:50+00:00,2026-08-26,daily,2,2026-08-28T17:30:00Z,163,D.Essugo,CHE,MID,45,0,0,0.2,1019,2208,1019,2208,a,,,,,,,,0.0,0,0,0,0,0,0,0,0,0,0,0,0,0,0.00,0.00,0.00,0.00,1.0,1.0
2026-08-27T03:28:50+00:00,2026-08-26,daily,2,2026-08-28T17:30:00Z,164,Quenda,CHE,MID,55,0,0,0.0,191,598,191,598,a,,2026-07-24T20:30:10.609931Z,100,100,,,,1.0,1,1,8,0,0,0,0,0,0,1,1,0,0,0.00,0.00,0.00,0.09,2.0,2.0
2026-08-27T03:28:50+00:00,2026-08-26,daily,2,2026-08-28T17:30:00Z,165,João Pedro,CHE,FWD,76,1,1,66.9,277586,21650,277586,21650,a,,,,,,,,11.0,11,11,90,1,1,1,0,2,0,3,1,0,2,0.63,0.06,0.69,1.33,2.4,2.4
2026-08-27T03:28:50+00:00,2026-08-26,daily,2,2026-08-28T17:30:00Z,166,N.Jackson,CHE,FWD,65,0,0,0.3,2628,5965,2628,5965,a,,,,,,,,0.0,0,0,0,0,0,0,0,0,0,0,0,0,0,0.00,0.00,0.00,0.00,2.1,2.1
2026-08-27T03:28:50+00:00,2026-08-26,daily,2,2026-08-28T17:30:00Z,167,Delap,CHE,FWD,55,0,0,0.4,3046,5603,3046,5603,a,,,,,4,,,0.0,0,0,0,0,0,0,0,0,0,0,0,0,0,0.00,0.00,0.00,0.00,1.8,1.8
2026-08-27T03:28:50+00:00,2026-08-26,daily,2,2026-08-28T17:30:00Z,168,Marc Guiu,CHE,FWD,50,0,0,0.5,1796,4534,1796,4534,a,,,,,,,,0.0,0,0,0,0,0,0,0,0,0,0,0,0,0,0.00,0.00,0.00,0.00,1.4,1.4
2026-08-27T03:28:50+00:00,2026-08-26,daily,2,2026-08-28T17:30:00Z,169,Mheuka,CHE,FWD,45,0,0,0.3,2278,3431,2278,3431,a,,,,,,,,0.0,0,0,0,0,0,0,0,0,0,0,0,0,0,0.00,0.00,0.00,0.00,1.0,1.0
2026-08-27T03:28:50+00:00,2026-08-26,daily,2,2026-08-28T17:30:00Z,170,Emegha,CHE,FWD,50,0,0,0.2,1235,1799,1235,1799,a,,2026-07-24T20:30:10.622380Z,100,100,,,,0.0,0,0,0,0,0,0,0,0,0,0,0,0,0,0.00,0.00,0.00,0.00,1.4,1.4
2026-08-27T03:28:50+00:00,2026-08-26,daily,2,2026-08-28T17:30:00Z,200,Lacroix,CHE,DEF,60,0,0,9.5,46442,32098,46442,32098,a,,,,,,,,6.0,6,6,90,1,0,1,0,2,0,12,7,5,2,0.00,0.20,0.20,1.33,2.8,2.8
2026-08-27T03:28:50+00:00,2026-08-26,daily,2,2026-08-28T17:30:00Z,560,Penders,CHE,GKP,45,0,0,0.1,290,565,290,565,a,,,,,,,,0.0,0,0,0,0,0,0,0,0,0,0,0,0,0,0.00,0.00,0.00,0.00,1.9,1.9
2026-08-27T03:28:50+00:00,2026-08-26,daily,2,2026-08-28T17:30:00Z,561,Anselmino,CHE,DEF,45,0,0,0.0,95,381,95,381,d,Hamstring injury - 25% chance of playing,2026-08-23T19:00:08.536705Z,,25,,,,0.0,0,0,0,0,0,0,0,0,0,0,0,0,0,0.00,0.00,0.00,0.00,1.7,0.4
2026-08-27T03:28:50+00:00,2026-08-26,daily,2,2026-08-28T17:30:00Z,568,Barco,CHE,MID,55,0,0,0.1,249,1191,249,1191,a,,,,,,,,0.0,0,0,0,0,0,0,0,0,0,0,0,0,0,0.00,0.00,0.00,0.00,2.0,2.0
2026-08-27T03:28:50+00:00,2026-08-26,daily,2,2026-08-28T17:30:00Z,578,Mudryk,CHE,MID,55,0,0,0.0,198,745,198,745,a,,,,,,,,0.0,0,0,0,0,0,0,0,0,0,0,0,0,0,0.00,0.00,0.00,0.00,2.0,2.0
2026-08-27T03:28:50+00:00,2026-08-26,daily,2,2026-08-28T17:30:00Z,583,Chavarria,CHE,DEF,50,0,0,0.2,805,1688,805,1688,a,,,,,,,,1.0,1,1,25,0,0,0,0,0,0,1,1,0,1,0.00,0.00,0.00,0.28,2.2,2.2
2026-08-27T03:28:50+00:00,2026-08-26,daily,2,2026-08-28T17:30:00Z,104,Onyeka,COV,MID,50,0,0,0.2,1285,1083,1285,1083,a,,,,,,,,2.0,2,2,90,1,0,0,0,3,0,9,3,1,5,0.00,0.01,0.01,1.88,1.5,1.5
2026-08-27T03:28:50+00:00,2026-08-26,daily,2,2026-08-28T17:30:00Z,110,Rushworth,COV,GKP,45,0,0,1.2,4506,3102,4506,3102,a,,,,,,,,1.0,1,1,90,1,0,0,0,3,2,0,1,0,7,0.00,0.01,0.01,1.88,1.9,1.9
2026-08-27T03:28:50+00:00,2026-08-26,daily,2,2026-08-28T17:30:00Z,171,Dovin,COV,GKP,40,0,0,1.6,1652,4426,1652,4426,a,,,,,,,,0.0,0,0,0,0,0,0,0,0,0,0,0,0,0,0.00,0.00,0.00,0.00,1.0,1.0
2026-08-27T03:28:50+00:00,2026-08-26,daily,2,2026-08-28T17:30:00Z,172,Wilson,COV,GKP,45,0,0,0.5,163,2419,163,2419,a,,,,,,,,0.0,0,0,0,0,0,0,0,0,0,0,0,0,0,0.00,0.00,0.00,0.00,1.9,1.9
2026-08-27T03:28:50+00:00,2026-08-26,daily,2,2026-08-28T17:30:00Z,173,Thomas,COV,DEF,40,0,0,7.9,23940,16674,23940,16674,a,,,,,,,,3.0,3,3,90,1,0,0,0,3,0,10,9,1,2,0.02,0.01,0.03,1.88,1.0,1.0
2026-08-27T03:28:50+00:00,2026-08-26,daily,2,2026-08-28T17:30:00Z,174,Kitching,COV,DEF,40,0,0,0.7,373,3328,373,3328,a,,,,,,,,0.0,0,0,0,0,0,0,0,0,0,0,0,0,0,0.00,0.00,0.00,0.00,1.0,1.0
2026-08-27T03:28:50+00:00,2026-08-26,daily,2,2026-08-28T17:30:00Z,175,van Ewijk,COV,DEF,40,0,0,13.2,23082,37815,23082,37815,a,,,,,,,,1.0,1,1,90,1,0,0,0,3,0,7,6,1,3,0.00,0.01,0.01,1.88,1.0,1.0
2026-08-27T03:28:50+00:00,2026-08-26,daily,2,2026-08-28T17:30:00Z,176,Dasilva,COV,DEF,40,0,0,0.8,1855,2779,1855,2779,a,,,,,,,,1.0,1,1,90,1,0,0,0,3,0,6,6,0,1,0.00,0.02,0.02,1.88,1.0,1.0
2026-08-27T03:28:50+00:00,2026-08-26,daily,2,2026-08-28T17:30:00Z,177,Kesler-Hayden,COV,DEF,40,0,0,0.1,129,374,129,374,a,,,,,,,,0.0,0,0,0,0,0,0,0,0,0,0,0,0,0,0.00,0.00,0.00,0.00,1.0,1.0
2026-08-27T03:28:50+00:00,2026-08-26,daily,2,2026-08-28T17:30:00Z,178,Bidwell,COV,DEF,40,0,0,0.1,424,556,424,556,a,,,,,,,,0.0,0,0,0,0,0,0,0,0,0,0,0,0,0,0.00,0.00,0.00,0.00,1.0,1.0
2026-08-27T03:28:50+00:00,2026-08-26,daily,2,2026-08-28T17:30:00Z,179,Latibeaudiere,COV,DEF,40,0,0,0.0,94,292,94,292,a,,,,,,,,0.0,0,0,0,0,0,0,0,0,0,0,0,0,0,0.00,0.00,0.00,0.00,1.0,1.0
2026-08-27T03:28:50+00:00,2026-08-26,daily,2,2026-08-28T17:30:00Z,180,Woolfenden,COV,DEF,40,0,0,0.2,786,1265,786,1265,a,,,,,,,,0.0,0,0,0,0,0,0,0,0,0,0,0,0,0,0.00,0.00,0.00,0.00,1.0,1.0
2026-08-27T03:28:50+00:00,2026-08-26,daily,2,2026-08-28T17:30:00Z,181,Brau,COV,DEF,40,0,0,0.0,190,244,190,244,a,,,,,,,,0.0,0,0,0,0,0,0,0,0,0,0,0,0,0,0.00,0.00,0.00,0.00,1.0,1.0
2026-08-27T03:28:50+00:00,2026-08-26,daily,2,2026-08-28T17:30:00Z,182,Amenda,COV,DEF,40,0,0,0.9,2162,3164,2162,3164,a,,,,,,,,1.0,1,1,90,1,0,0,0,3,0,9,9,0,4,0.00,0.01,0.01,1.88,1.0,1.0
2026-08-27T03:28:50+00:00,2026-08-26,daily,2,2026-08-28T17:30:00Z,183,Rudoni,COV,MID,50,0,0,0.1,601,909,601,909,a,,2026-07-23T12:01:23.481435Z,100,100,,1,3,1.0,1,1,20,0,0,0,0,0,0,5,0,1,4,0.15,0.00,0.15,0.29,1.5,1.5
2026-08-27T03:28:50+00:00,2026-08-26,daily,2,2026-08-28T17:30:00Z,184,Grimes,COV,MID,50,0,0,0.2,1233,1111,1233,1111,a,,,,,3,,1,2.0,2,2,90,1,0,0,0,3,0,7,4,0,3,0.00,0.01,0.01,1.88,1.5,1.5
2026-08-27T03:28:50+00:00,2026-08-26,daily,2,2026-08-28T17:30:00Z,185,Sakamoto,COV,MID,50,0,0,0.1,100,1049,100,1049,a,,,,,,,,0.0,0,0,0,0,0,0,0,0,0,0,0,0,0,0.00,0.00,0.00,0.00,1.5,1.5
2026-08-27T03:28:50+00:00,2026-08-26,daily,2,2026-08-28T17:30:00Z,186,Mason-Clark,COV,MID,55,0,0,0.1,247,1149,247,1149,a,,2026-08-19T18:00:08.310507Z,100,100,,,,0.0,0,0,0,0,0,0,0,0,0,0,0,0,0,0.00,0.00,0.00,0.00,2.0,2.0
2026-08-27T03:28:50+00:00,2026-08-26,daily,2,2026-08-28T17:30:00Z,187,Eccles,COV,MID,50,0,0,0.0,57,193,57,193,a,,,,,,,,0.0,0,0,0,0,0,0,0,0,0,0,0,0,0,0.00,0.00,0.00,0.00,1.5,1.5
2026-08-27T03:28:50+00:00,2026-08-26,daily,2,2026-08-28T17:30:00Z,188,Torp,COV,MID,55,0,0,0.2,199,1290,199,1290,a,,,,,2,2,2,1.0,1,1,28,0,0,0,0,0,0,1,1,0,0,0.00,0.11,0.11,0.32,2.0,2.0
2026-08-27T03:28:50+00:00,2026-08-26,daily,2,2026-08-28T17:30:00Z,189,Shepherd,COV,MID,45,0,0,0.3,777,2342,777,2342,a,,,,,,,,0.0,0,0,0,0,0,0,0,0,0,0,0,0,0,0.00,0.00,0.00,0.00,1.0,1.0
2026-08-27T03:28:50+00:00,2026-08-26,daily,2,2026-08-28T17:30:00Z,190,Tchaouna,COV,MID,55,0,0,0.2,1281,917,1281,917,a,,,,,,,,2.0,2,2,81,1,0,0,0,3,0,8,3,0,5,0.04,0.02,0.06,1.76,2.0,2.0
2026-08-27T03:28:50+00:00,2026-08-26,daily,2,2026-08-28T17:30:00Z,191,Borges Rodrigues,COV,MID,45,0,0,0.2,495,1413,495,1413,a,,,,,,,,0.0,0,0,0,0,0,0,0,0,0,0,0,0,0,0.00,0.00,0.00,0.00,1.0,1.0
2026-08-27T03:28:50+00:00,2026-08-26,daily,2,2026-08-28T17:30:00Z,192,Andrews,COV,MID,45,0,0,0.7,2106,5413,2106,5413,a,,,,,,,,0.0,0,0,0,0,0,0,0,0,0,0,0,0,0,0.00,0.00,0.00,0.00,1.0,1.0
2026-08-27T03:28:50+00:00,2026-08-26,daily,2,2026-08-28T17:30:00Z,193,Wright,COV,FWD,55,0,0,0.2,83,4346,83,4346,i,Thigh injury - Unknown return date,2026-08-14T22:00:07.214508Z,0,0,1,,,0.0,0,0,0,0,0,0,0,0,0,0,0,0,0,0.00,0.00,0.00,0.00,0.0,0.0
2026-08-27T03:28:50+00:00,2026-08-26,daily,2,2026-08-28T17:30:00Z,194,Thomas-Asante,COV,FWD,50,0,0,0.8,9523,5518,9523,5518,a,,,,,4,,,2.0,2,2,69,1,0,0,0,3,0,6,5,0,1,0.00,0.02,0.02,1.60,1.4,1.4
2026-08-27T03:28:50+00:00,2026-08-26,daily,2,2026-08-28T17:30:00Z,195,Simms,COV,FWD,50,0,0,1.0,13046,6317,13046,6317,a,,,,,,,,2.0,2,2,69,1,0,0,0,3,0,3,1,0,2,0.00,0.01,0.01,1.60,1.4,1.4
2026-08-27T03:28:50+00:00,2026-08-26,daily,2,2026-08-28T17:30:00Z,196,Markelo,COV,FWD,50,0,0,0.0,0,495,0,495,u,Has joined Shabab Al-Ahli Dubai permanently,2026-08-17T13:53:55.791223Z,0,0,,,,0.0,0,0,0,0,0,0,0,0,0,0,0,0,0,0.00,0.00,0.00,0.00,0.0,0.0
2026-08-27T03:28:50+00:00,2026-08-26,daily,2,2026-08-28T17:30:00Z,197,Bassette,COV,FWD,45,0,0,0.0,0,667,0,667,u,Has joined KVC Westerlo on loan for the rest of the season,2026-07-28T12:58:50.001768Z,0,0,,,,0.0,0,0,0,0,0,0,0,0,0,0,0,0,0,0.00,0.00,0.00,0.00,0.0,0.0
2026-08-27T03:28:50+00:00,2026-08-26,daily,2,2026-08-28T17:30:00Z,492,Awoniyi,COV,FWD,55,0,0,0.8,4114,6353,4114,6353,a,,,,,5,,,1.0,1,1,20,0,0,0,0,0,0,1,0,0,1,0.00,0.00,0.00,0.29,1.8,1.8
2026-08-27T03:28:50+00:00,2026-08-26,daily,2,2026-08-28T17:30:00Z,575,Yirenkyi,COV,MID,50,0,0,0.2,648,1967,648,1967,a,,,,,,,,1.0,1,1,61,1,0,0,0,3,0,3,0,0,3,0.00,0.00,0.00,1.56,1.5,1.5
2026-08-27T03:28:50+00:00,2026-08-26,daily,2,2026-08-28T17:30:00Z,584,Hamer,COV,MID,55,0,0,0.1,266,1011,266,1011,a,,,,,,,,1.0,1,1,8,0,0,0,0,0,0,1,0,0,1,0.00,0.00,0.00,0.13,2.0,2.0
2026-08-27T03:28:50+00:00,2026-08-26,daily,2,2026-08-28T17:30:00Z,599,Cherif,COV,FWD,50,0,0,0.1,1267,993,1267,993,a,,,,,,,,0.0,0,0,0,0,0,0,0,0,0,0,0,0,0,0.00,0.00,0.00,0.00,1.4,1.4
2026-08-27T03:28:50+00:00,2026-08-26,daily,2,2026-08-28T17:30:00Z,42,Guessand,CRY,MID,55,0,0,0.0,324,477,324,477,a,,,,,,,,1.0,1,1,27,0,0,0,0,0,0,1,0,1,0,0.03,0.02,0.05,0.14,2.0,2.0
2026-08-27T03:28:50+00:00,2026-08-26,daily,2,2026-08-28T17:30:00Z,198,Henderson,CRY,GKP,50,0,0,1.9,4301,10321,4301,10321,a,,2026-08-20T14:00:08.018379Z,75,100,,,,2.0,2,2,90,1,0,0,0,2,3,0,3,0,13,0.00,0.00,0.00,1.12,2.0,2.6
2026-08-27T03:28:50+00:00,2026-08-26,daily,2,2026-08-28T17:30:00Z,199,Benitez,CRY,GKP,45,0,0,0.1,374,846,374,846,a,,,,,,,,0.0,0,0,0,0,0,0,0,0,0,0,0,0,0,0.00,0.00,0.00,0.00,1.9,1.9
2026-08-27T03:28:50+00:00,2026-08-26,daily,2,2026-08-28T17:30:00Z,201,Muñoz,CRY,DEF,55,0,0,8.7,13458,87866,13458,87866,a,,,,,,,,0.0,0,0,54,1,0,0,0,2,0,4,3,1,1,0.23,0.01,0.24,0.84,2.5,2.5
2026-08-27T03:28:50+00:00,2026-08-26,daily,2,2026-08-28T17:30:00Z,202,Richards,CRY,DEF,50,0,0,0.7,3168,4281,3168,4281,a,,,,,,,,3.0,3,3,90,1,0,0,0,2,0,16,14,2,1,0.00,0.00,0.00,1.12,2.2,2.2
2026-08-27T03:28:50+00:00,2026-08-26,daily,2,2026-08-28T17:30:00Z,203,Canvot,CRY,DEF,50,0,0,0.3,643,2666,643,2666,a,,,,,,,,1.0,1,1,90,1,0,0,0,2,0,8,4,4,3,0.05,0.01,0.06,1.12,2.2,2.2
2026-08-27T03:28:50+00:00,2026-08-26,daily,2,2026-08-28T17:30:00Z,204,Mitchell,CRY,DEF,45,0,0,5.8,4809,35819,4809,35819,a,,,,,,,,1.0,1,1,90,1,0,0,0,2,0,5,3,2,4,0.00,0.01,0.01,1.12,1.7,1.7
2026-08-27T03:28:50+00:00,2026-08-26,daily,2,2026-08-28T17:30:00Z,205,Sosa,CRY,DEF,45,0,0,0.0,103,264,103,264,a,,,,,,,,0.0,0,0,0,0,0,0,0,0,0,0,0,0,0,0.00,0.00,0.00,0.00,1.7,1.7
2026-08-27T03:28:50+00:00,2026-08-26,daily,2,2026-08-28T17:30:00Z,206,Chadi Riad,CRY,DEF,45,0,0,0.1,259,2150,259,2150,i,Knee injury - Unknown return date,2026-08-22T18:00:07.352049Z,,0,,,,1.0,1,1,72,1,0,0,0,2,0,7,6,1,3,0.00,0.01,0.01,0.98,1.7,0.0
2026-08-27T03:28:50+00:00,2026-08-26,daily,2,2026-08-28T17:30:00Z,207,Mingueza,CRY,DEF,45,0,0,0.1,162,948,162,948,a,,,,,,,,0.0,0,0,0,0,0,0,0,0,0,0,0,0,0,0.00,0.00,0.00,0.00,1.7,1.7
2026-08-27T03:28:50+00:00,2026-08-26,daily,2,2026-08-28T17:30:00Z,208,Sarr,CRY,MID,65,0,0,3.1,2017,131913,2017,131913,i,Groin injury - Unknown return date,2026-08-22T18:00:07.363165Z,,0,2,,,0.0,0,0,0,0,0,0,0,0,0,0,0,0,0,0.00,0.00,0.00,0.00,2.3,0.0
2026-08-27T03:28:50+00:00,2026-08-26,daily,2,2026-08-28T17:30:00Z,210,Wharton,CRY,MID,55,0,0,0.9,4764,5452,4764,5452,a,,2026-07-23T12:01:23.498963Z,100,100,,,1,4.0,4,4,90,1,0,0,0,2,0,14,4,2,8,0.00,0.24,0.24,1.12,2.0,2.0
2026-08-27T03:28:50+00:00,2026-08-26,daily,2,2026-08-28T17:30:00Z,211,Yeremy,CRY,MID,55,0,0,0.2,202,1680,202,1680,a,,,,,,1,2,1.0,1,1,35,0,0,0,0,0,0,5,0,2,3,0.06,0.02,0.08,0.27,2.0,2.0
2026-08-27T03:28:50+00:00,2026-08-26,daily,2,2026-08-28T17:30:00Z,212,Hughes,CRY,MID,45,0,0,11.1,15586,65824,15586,65824,a,,,,,,,3,0.0,0,0,0,0,0,0,0,0,0,0,0,0,0,0.00,0.00,0.00,0.00,1.0,1.0
2026-08-27T03:28:50+00:00,2026-08-26,daily,2,2026-08-28T17:30:00Z,213,Lerma,CRY,MID,50,0,0,0.1,162,1022,162,1022,a,,,,,,,,0.0,0,0,0,0,0,0,0,0,0,0,0,0,0,0.00,0.00,0.00,0.00,1.5,1.5
2026-08-27T03:28:50+00:00,2026-08-26,daily,2,2026-08-28T17:30:00Z,214,Kamada,CRY,MID,50,0,0,0.3,1378,2212,1378,2212,a,,,,,,,4,3.0,3,3,90,1,0,0,0,2,0,14,3,3,8,0.00,0.27,0.27,1.12,1.5,1.5
2026-08-27T03:28:50+00:00,2026-08-26,daily,2,2026-08-28T17:30:00Z,215,Devenny,CRY,MID,50,0,0,0.0,53,139,53,139,a,,,,,3,2,,0.0,0,0,0,0,0,0,0,0,0,0,0,0,0,0.00,0.00,0.00,0.00,1.5,1.5
2026-08-27T03:28:50+00:00,2026-08-26,daily,2,2026-08-28T17:30:00Z,216,Esse,CRY,MID,50,0,0,0.0,171,445,171,445,a,,,,,,,,0.0,0,0,0,0,0,0,0,0,0,0,0,0,0,0.00,0.00,0.00,0.00,1.5,1.5
2026-08-27T03:28:50+00:00,2026-08-26,daily,2,2026-08-28T17:30:00Z,217,M.França,CRY,MID,50,0,0,0.0,12,496,12,496,a,,,,,,,,0.0,0,0,0,0,0,0,0,0,0,0,0,0,0,0.00,0.00,0.00,0.00,1.5,1.5
2026-08-27T03:28:50+00:00,2026-08-26,daily,2,2026-08-28T17:30:00Z,218,Doucouré,CRY,MID,50,0,0,0.1,190,776,190,776,a,,,,,,,,0.0,0,0,0,0,0,0,0,0,0,0,0,0,0,0.00,0.00,0.00,0.00,1.5,1.5
2026-08-27T03:28:50+00:00,2026-08-26,daily,2,2026-08-28T17:30:00Z,219,J.Rak-Sakyi,CRY,MID,50,0,0,0.0,28,66,28,66,a,,,,,,,,0.0,0,0,0,0,0,0,0,0,0,0,0,0,0,0.00,0.00,0.00,0.00,1.5,1.5
2026-08-27T03:28:50+00:00,2026-08-26,daily,2,2026-08-28T17:30:00Z,220,Cardines,CRY,DEF,45,0,0,0.0,0,54,0,54,u,Has joined Bristol City on loan for the rest of the season,2026-08-12T14:08:46.501813Z,0,0,,,,0.0,0,0,0,0,0,0,0,0,0,0,0,0,0,0.00,0.00,0.00,0.00,0.0,0.0
2026-08-27T03:28:50+00:00,2026-08-26,daily,2,2026-08-28T17:30:00Z,221,Drakes-Thomas,CRY,MID,45,0,0,0.1,303,736,303,736,a,,,,,,,,0.0,0,0,0,0,0,0,0,0,0,0,0,0,0,0.00,0.00,0.00,0.00,1.0,1.0
2026-08-27T03:28:50+00:00,2026-08-26,daily,2,2026-08-28T17:30:00Z,222,Strand Larsen,CRY,FWD,60,0,0,0.5,1055,5084,1055,5084,a,,,,,,,,1.0,1,1,27,0,0,0,0,0,0,0,0,0,0,0.25,0.01,0.26,0.14,2.0,2.0
2026-08-27T03:28:50+00:00,2026-08-26,daily,2,2026-08-28T17:30:00Z,223,Mateta,CRY,FWD,65,0,0,5.4,17761,47765,17761,47765,a,,,,,1,,,2.0,2,2,62,1,0,0,0,2,0,5,1,2,2,0.70,0.02,0.72,0.98,2.1,2.1
2026-08-27T03:28:50+00:00,2026-08-26,daily,2,2026-08-28T17:30:00Z,224,Nketiah,CRY,FWD,55,0,0,0.5,2320,4092,2320,4092,a,,,,,,,,1.0,1,1,55,1,0,0,0,2,0,3,1,1,1,0.60,0.58,1.18,0.84,1.8,1.8
2026-08-27T03:28:50+00:00,2026-08-26,daily,2,2026-08-28T17:30:00Z,225,Uche,CRY,FWD,50,0,0,0.0,0,0,0,0,u,has returned to Getafe CF,2026-07-23T12:18:56.275922Z,0,0,,,,0.0,0,0,0,0,0,0,0,0,0,0,0,0,0,0.00,0.00,0.00,0.00,0.0,0.0
2026-08-27T03:28:50+00:00,2026-08-26,daily,2,2026-08-28T17:30:00Z,241,McNeil,CRY,MID,55,0,0,0.2,266,1140,266,1140,a,,,,,,,,2.0,2,2,62,1,0,0,0,2,0,5,3,0,2,0.05,0.02,0.07,0.98,2.0,2.0
2026-08-27T03:28:50+00:00,2026-08-26,daily,2,2026-08-28T17:30:00Z,555,Matthews,CRY,GKP,40,0,0,1.8,4479,4811,4479,4811,a,,,,,,,,0.0,0,0,0,0,0,0,0,0,0,0,0,0,0,0.00,0.00,0.00,0.00,1.0,1.0
2026-08-27T03:28:50+00:00,2026-08-26,daily,2,2026-08-28T17:30:00Z,577,Tomiyasu,CRY,DEF,45,0,0,0.4,666,1853,666,1853,a,,,,,,,,1.0,1,1,18,0,0,0,0,0,0,1,1,0,1,0.00,0.01,0.01,0.14,1.7,1.7
2026-08-27T03:28:50+00:00,2026-08-26,daily,2,2026-08-28T17:30:00Z,588,Khalaili,CRY,DEF,50,0,0,0.1,348,556,348,556,a,,,,,,,,1.0,1,1,35,0,0,0,0,0,0,9,5,4,3,0.00,0.16,0.16,0.27,2.2,2.2
2026-08-27T03:28:50+00:00,2026-08-26,daily,2,2026-08-28T17:30:00Z,595,Gozo,CRY,MID,50,0,0,0.0,87,123,87,123,a,,,,,,,,0.0,0,0,0,0,0,0,0,0,0,0,0,0,0,0.00,0.00,0.00,0.00,1.5,1.5
2026-08-27T03:28:50+00:00,2026-08-26,daily,2,2026-08-28T17:30:00Z,21,Nørgaard,EVE,MID,50,0,0,0.1,85,2247,85,2247,i,Unspecified injury - Unknown return date,2026-08-15T20:00:06.779594Z,0,0,,,,0.0,0,0,0,0,0,0,0,0,0,0,0,0,0,0.00,0.00,0.00,0.00,0.0,0.0
2026-08-27T03:28:50+00:00,2026-08-26,daily,2,2026-08-28T17:30:00Z,209,Johnson,EVE,MID,60,0,0,0.2,439,1787,439,1787,a,,,,,,,,1.0,1,1,6,0,0,0,0,0,0,2,2,0,0,0.00,0.00,0.00,0.29,2.2,2.2
2026-08-27T03:28:50+00:00,2026-08-26,daily,2,2026-08-28T17:30:00Z,226,Pickford,EVE,GKP,55,0,0,8.7,48640,18567,48640,18567,a,,,,,,,,7.0,7,7,90,1,0,0,1,0,4,0,0,0,12,0.00,0.02,0.02,1.96,3.3,3.3
2026-08-27T03:28:50+00:00,2026-08-26,daily,2,2026-08-28T17:30:00Z,227,Travers,EVE,GKP,50,0,0,0.0,212,297,212,297,a,,,,,,,,0.0,0,0,0,0,0,0,0,0,0,0,0,0,0,0.00,0.00,0.00,0.00,2.6,2.6
2026-08-27T03:28:50+00:00,2026-08-26,daily,2,2026-08-28T17:30:00Z,228,King,EVE,GKP,45,0,0,0.0,195,286,195,286,a,,,,,,,,0.0,0,0,0,0,0,0,0,0,0,0,0,0,0,0.00,0.00,0.00,0.00,1.9,1.9
2026-08-27T03:28:50+00:00,2026-08-26,daily,2,2026-08-28T17:30:00Z,229,Tarkowski,EVE,DEF,60,0,0,8.8,33384,22963,33384,22963,a,,,,,,,,6.0,6,6,90,1,0,0,1,0,0,9,8,1,4,0.05,0.00,0.05,1.96,2.8,2.8
2026-08-27T03:28:50+00:00,2026-08-26,daily,2,2026-08-28T17:30:00Z,230,Branthwaite,EVE,DEF,55,0,0,1.8,14669,5874,14669,5874,a,,,,,,,,6.0,6,6,90,1,0,0,1,0,0,8,6,2,2,0.00,0.01,0.01,1.96,2.5,2.5
2026-08-27T03:28:50+00:00,2026-08-26,daily,2,2026-08-28T17:30:00Z,231,Keane,EVE,DEF,50,0,0,1.5,2678,17317,2678,17317,a,,,,,,,,0.0,0,0,0,0,0,0,0,0,0,0,0,0,0,0.00,0.00,0.00,0.00,2.2,2.2
2026-08-27T03:28:50+00:00,2026-08-26,daily,2,2026-08-28T17:30:00Z,232,O'Brien,EVE,DEF,50,0,0,0.5,1163,4955,1163,4955,a,,,,,,,,0.0,0,0,0,0,0,0,0,0,0,0,0,0,0,0.00,0.00,0.00,0.00,2.2,2.2
2026-08-27T03:28:50+00:00,2026-08-26,daily,2,2026-08-28T17:30:00Z,233,Mykolenko,EVE,DEF,45,0,0,1.6,14886,5698,14886,5698,a,,,,,,,,6.0,6,6,90,1,0,0,1,0,0,4,4,0,4,0.00,0.05,0.05,1.96,1.7,1.7
2026-08-27T03:28:50+00:00,2026-08-26,daily,2,2026-08-28T17:30:00Z,234,Patterson,EVE,DEF,45,0,0,0.0,152,276,152,276,a,,,,,,,,0.0,0,0,0,0,0,0,0,0,0,0,0,0,0,0.00,0.00,0.00,0.00,1.7,1.7
2026-08-27T03:28:50+00:00,2026-08-26,daily,2,2026-08-28T17:30:00Z,235,Aznou,EVE,DEF,40,0,0,0.2,804,1248,804,1248,a,,,,,,,,0.0,0,0,0,0,0,0,0,0,0,0,0,0,0,0.00,0.00,0.00,0.00,1.0,1.0
2026-08-27T03:28:50+00:00,2026-08-26,daily,2,2026-08-28T17:30:00Z,236,Dewsbury-Hall,EVE,MID,65,0,0,4.4,96099,18103,96099,18103,a,,,,,,,2,11.0,11,11,90,1,1,0,1,0,0,8,1,2,5,0.12,0.17,0.29,1.92,2.3,2.3
2026-08-27T03:28:50+00:00,2026-08-26,daily,2,2026-08-28T17:30:00Z,237,Ndiaye,EVE,MID,60,0,0,16.0,85399,34757,85399,34757,a,,,,,1,,,9.0,9,9,90,1,0,1,1,0,0,12,0,4,8,0.24,0.32,0.56,1.96,2.2,2.2
2026-08-27T03:28:50+00:00,2026-08-26,daily,2,2026-08-28T17:30:00Z,239,Garner,EVE,MID,60,0,0,0.1,965,1254,965,1254,a,,2026-07-25T14:30:10.455878Z,25,100,3,1,1,1.0,1,1,11,0,0,0,0,0,0,1,0,1,0,0.00,0.03,0.03,0.34,0.5,2.2
2026-08-27T03:28:50+00:00,2026-08-26,daily,2,2026-08-28T17:30:00Z,240,Iroegbunam,EVE,MID,50,0,0,0.0,17,271,17,271,i,Thigh injury - Unknown return date,2026-08-15T20:00:06.878792Z,0,0,,,,0.0,0,0,0,0,0,0,0,0,0,0,0,0,0,0.00,0.00,0.00,0.00,0.0,0.0
2026-08-27T03:28:50+00:00,2026-08-26,daily,2,2026-08-28T17:30:00Z,242,George,EVE,MID,55,0,0,0.3,1561,1726,1561,1726,a,,,,,,,,3.0,3,3,83,1,0,0,1,0,0,7,3,0,4,0.18,0.08,0.26,1.67,2.0,2.0
2026-08-27T03:28:50+00:00,2026-08-26,daily,2,2026-08-28T17:30:00Z,243,Alcaraz,EVE,MID,50,0,0,0.1,599,823,599,823,a,,,,,,,,1.0,1,1,1,0,0,0,0,0,0,3,0,1,2,0.02,0.00,0.02,0.04,1.5,1.5
2026-08-27T03:28:50+00:00,2026-08-26,daily,2,2026-08-28T17:30:00Z,244,Armstrong,EVE,MID,50,0,0,0.2,8350,1599,8350,1599,a,,,,,,,,8.0,8,8,90,1,0,1,1,0,0,16,3,2,11,0.00,0.04,0.04,1.96,1.5,1.5
2026-08-27T03:28:50+00:00,2026-08-26,daily,2,2026-08-28T17:30:00Z,245,Dibling,EVE,MID,55,0,0,0.0,132,537,132,537,a,,,,,,,,0.0,0,0,0,0,0,0,0,0,0,0,0,0,0,0.00,0.00,0.00,0.00,2.0,2.0
2026-08-27T03:28:50+00:00,2026-08-26,daily,2,2026-08-28T17:30:00Z,246,Röhl,EVE,MID,50,0,0,0.1,355,425,355,425,a,,,,,,,,3.0,3,3,90,1,0,0,1,0,0,9,2,2,5,0.00,0.06,0.06,1.96,1.5,1.5
2026-08-27T03:28:50+00:00,2026-08-26,daily,2,2026-08-28T17:30:00Z,247,Hackney,EVE,MID,55,0,0,0.3,801,1571,801,1571,d,Knock - 75% chance of playing,2026-08-26T22:00:07.797766Z,,75,,,,3.0,3,3,78,1,0,0,1,0,0,7,1,2,4,0.01,0.01,0.02,1.62,2.0,1.5
2026-08-27T03:28:50+00:00,2026-08-26,daily,2,2026-08-28T17:30:00Z,248,Beto,EVE,FWD,55,0,0,2.5,5974,28541,5974,28541,a,,,,,4,,,1.0,1,1,11,0,0,0,0,0,0,0,0,0,0,0.05,0.00,0.05,0.34,1.8,1.8
2026-08-27T03:28:50+00:00,2026-08-26,daily,2,2026-08-28T17:30:00Z,249,Barry,EVE,FWD,55,0,0,2.6,82819,13512,82819,13512,a,,,,,2,,,8.0,8,8,78,1,1,0,1,0,0,3,0,1,2,0.45,0.09,0.54,1.62,1.8,1.8
2026-08-27T03:28:50+00:00,2026-08-26,daily,2,2026-08-28T17:30:00Z,250,Leno,FUL,GKP,45,0,0,3.0,8103,8011,8103,8011,a,,,,,,,,2.0,2,2,90,1,0,0,0,3,3,0,1,0,9,0.00,0.00,0.00,2.24,1.9,1.9
2026-08-27T03:28:50+00:00,2026-08-26,daily,2,2026-08-28T17:30:00Z,251,Lecomte,FUL,GKP,40,0,0,1.2,1018,2653,1018,2653,a,,,,,,,,0.0,0,0,0,0,0,0,0,0,0,0,0,0,0,0.00,0.00,0.00,0.00,1.0,1.0
2026-08-27T03:28:50+00:00,2026-08-26,daily,2,2026-08-28T17:30:00Z,252,McNally,FUL,GKP,40,0,0,0.2,554,449,554,449,a,,,,,,,,0.0,0,0,0,0,0,0,0,0,0,0,0,0,0,0.00,0.00,0.00,0.00,1.0,1.0
2026-08-27T03:28:50+00:00,2026-08-26,daily,2,2026-08-28T17:30:00Z,253,Andersen,FUL,DEF,50,0,0,0.1,1370,429,1370,429,a,,2026-07-23T12:01:23.516350Z,0,100,,,,0.0,0,0,0,0,0,0,0,0,0,0,0,0,0,0.00,0.00,0.00,0.00,0.0,2.2
2026-08-27T03:28:50+00:00,2026-08-26,daily,2,2026-08-28T17:30:00Z,254,Robinson,FUL,DEF,45,0,0,1.7,8183,6959,8183,6959,a,,,,,2,,,1.0,1,1,81,1,0,0,0,3,0,7,4,3,5,0.13,0.04,0.17,2.21,1.7,1.7
2026-08-27T03:28:50+00:00,2026-08-26,daily,2,2026-08-28T17:30:00Z,255,J.Cuenca,FUL,DEF,45,0,0,0.0,518,167,518,167,a,,,,,,,,3.0,3,3,90,1,0,0,0,3,0,10,9,1,3,0.00,0.03,0.03,2.24,1.7,1.7
2026-08-27T03:28:50+00:00,2026-08-26,daily,2,2026-08-28T17:30:00Z,256,Tete,FUL,DEF,45,0,0,0.3,253,1406,253,1406,a,,,,,,,,0.0,0,0,0,0,0,0,0,0,0,0,0,0,0,0.00,0.00,0.00,0.00,1.7,1.7
2026-08-27T03:28:50+00:00,2026-08-26,daily,2,2026-08-28T17:30:00Z,257,Bassey,FUL,DEF,45,0,0,0.8,5490,4296,5490,4296,a,,,,,,,,0.0,0,0,90,1,0,0,0,3,0,4,3,1,4,0.02,0.02,0.04,2.24,1.7,1.7
2026-08-27T03:28:50+00:00,2026-08-26,daily,2,2026-08-28T17:30:00Z,258,Castagne,FUL,DEF,45,0,0,0.4,6996,1556,6996,1556,a,,,,,,,,6.0,6,6,90,1,0,2,0,3,0,6,5,1,4,0.09,0.18,0.27,2.24,1.7,1.7
2026-08-27T03:28:50+00:00,2026-08-26,daily,2,2026-08-28T17:30:00Z,261,Iwobi,FUL,MID,55,0,0,1.0,4247,6459,4247,6459,a,,,,,3,1,1,2.0,2,2,90,1,0,0,0,3,0,10,3,1,6,0.00,0.04,0.04,2.24,2.0,2.0
2026-08-27T03:28:50+00:00,2026-08-26,daily,2,2026-08-28T17:30:00Z,262,Smith Rowe,FUL,MID,55,0,0,0.4,954,3290,954,3290,a,,,,,,,,0.0,0,0,0,0,0,0,0,0,0,0,0,0,0,0.00,0.00,0.00,0.00,2.0,2.0
2026-08-27T03:28:50+00:00,2026-08-26,daily,2,2026-08-28T17:30:00Z,263,Kevin,FUL,MID,55,0,0,0.1,316,608,316,608,a,,,,,,,3,1.0,1,1,17,0,0,0,0,0,0,3,0,2,1,0.00,0.01,0.01,0.03,2.0,2.0
2026-08-27T03:28:50+00:00,2026-08-26,daily,2,2026-08-28T17:30:00Z,264,Bobb,FUL,MID,55,0,0,0.3,3146,2198,3146,2198,a,,,,,,,2,2.0,2,2,66,1,0,0,0,3,0,6,1,3,2,0.00,0.26,0.26,2.21,2.0,2.0
2026-08-27T03:28:50+00:00,2026-08-26,daily,2,2026-08-28T17:30:00Z,265,Berge,FUL,MID,50,0,0,0.4,1113,2404,1113,2404,a,,,,,,,,2.0,2,2,72,1,0,0,0,3,0,4,1,1,2,0.03,0.03,0.06,2.21,1.5,1.5
2026-08-27T03:28:50+00:00,2026-08-26,daily,2,2026-08-28T17:30:00Z,266,Cairney,FUL,MID,50,0,0,0.0,12,96,12,96,i,Knee injury - Expected back 10 Oct,2026-08-14T18:00:06.460944Z,0,0,,,,0.0,0,0,0,0,0,0,0,0,0,0,0,0,0,0.00,0.00,0.00,0.00,0.0,0.0
2026-08-27T03:28:50+00:00,2026-08-26,daily,2,2026-08-28T17:30:00Z,268,King,FUL,MID,55,0,0,0.5,22743,2444,22743,2444,a,,,,,,,,7.0,7,7,90,1,1,0,0,3,0,8,2,2,4,0.17,0.04,0.21,2.24,2.0,2.0
2026-08-27T03:28:50+00:00,2026-08-26,daily,2,2026-08-28T17:30:00Z,269,Sessegnon,FUL,DEF,45,0,0,0.4,708,1975,708,1975,a,,,,,,,,1.0,1,1,17,0,0,0,0,0,0,1,1,0,1,0.03,0.00,0.03,0.03,1.7,1.7
2026-08-27T03:28:50+00:00,2026-08-26,daily,2,2026-08-28T17:30:00Z,270,Reed,FUL,MID,45,0,0,1.5,4447,10440,4447,10440,a,,,,,,,,0.0,0,0,0,0,0,0,0,0,0,0,0,0,0,0.00,0.00,0.00,0.00,1.0,1.0
2026-08-27T03:28:50+00:00,2026-08-26,daily,2,2026-08-28T17:30:00Z,271,Muniz,FUL,FWD,55,0,0,0.6,1987,4707,1987,4707,a,,,,,,,,1.0,1,1,8,0,0,0,0,0,0,1,1,0,0,0.02,0.00,0.02,0.03,1.8,1.8
2026-08-27T03:28:50+00:00,2026-08-26,daily,2,2026-08-28T17:30:00Z,272,Kusi-Asare,FUL,FWD,45,0,0,7.1,18176,31705,18176,31705,a,,,,,,,,0.0,0,0,0,0,0,0,0,0,0,0,0,0,0,0.00,0.00,0.00,0.00,1.0,1.0
2026-08-27T03:28:50+00:00,2026-08-26,daily,2,2026-08-28T17:30:00Z,569,Gonzalo,FUL,FWD,60,0,0,3.1,77736,10687,77736,10687,a,,,,,1,,,6.0,6,6,90,1,1,0,0,3,0,2,0,1,1,0.73,0.01,0.74,2.24,2.0,2.0
2026-08-27T03:28:50+00:00,2026-08-26,daily,2,2026-08-28T17:30:00Z,570,Palacios,FUL,MID,55,0,0,0.2,679,1271,679,1271,a,,,,,,,,2.0,2,2,72,1,0,0,0,3,0,4,0,2,2,0.16,0.01,0.17,2.21,2.0,2.0
2026-08-27T03:28:50+00:00,2026-08-26,daily,2,2026-08-28T17:30:00Z,580,Charles,FUL,MID,50,0,0,0.1,292,567,292,567,a,,,,,,,,1.0,1,1,23,0,0,0,0,0,0,3,0,1,2,0.00,0.00,0.00,0.03,1.5,1.5
2026-08-27T03:28:50+00:00,2026-08-26,daily,2,2026-08-28T17:30:00Z,610,De Fougerolles,FUL,DEF,40,0,0,0.1,1981,230,1981,230,a,,,,,,,,0.0,0,0,0,0,0,0,0,0,0,0,0,0,0,0.00,0.00,0.00,0.00,1.0,1.0
2026-08-27T03:28:50+00:00,2026-08-26,daily,2,2026-08-28T17:30:00Z,273,Phillips,HUL,GKP,40,0,0,1.6,2316,4815,2316,4815,a,,,,,,,,0.0,0,0,0,0,0,0,0,0,0,0,0,0,0,0.00,0.00,0.00,0.00,1.0,1.0
2026-08-27T03:28:50+00:00,2026-08-26,daily,2,2026-08-28T17:30:00Z,274,Butland,HUL,GKP,45,0,0,0.1,96,1374,96,1374,i,Arm injury - Unknown return date,2026-08-08T19:00:05.601633Z,0,0,,,,0.0,0,0,0,0,0,0,0,0,0,0,0,0,0,0.00,0.00,0.00,0.00,0.0,0.0
2026-08-27T03:28:50+00:00,2026-08-26,daily,2,2026-08-28T17:30:00Z,275,Cartwright,HUL,GKP,40,0,0,0.0,0,98,0,98,u,Has joined Grimsby Town on loan for the rest of the season,2026-07-29T13:00:27.959925Z,0,0,,,,0.0,0,0,0,0,0,0,0,0,0,0,0,0,0,0.00,0.00,0.00,0.00,0.0,0.0
2026-08-27T03:28:50+00:00,2026-08-26,daily,2,2026-08-28T17:30:00Z,276,Lo-Tutala,HUL,GKP,40,0,0,0.0,0,323,0,323,u,Has joined Colchester United on loan for the rest of the season,2026-08-17T13:50:27.125537Z,0,0,,,,0.0,0,0,0,0,0,0,0,0,0,0,0,0,0,0.00,0.00,0.00,0.00,0.0,0.0
2026-08-27T03:28:50+00:00,2026-08-26,daily,2,2026-08-28T17:30:00Z,277,Egan,HUL,DEF,40,0,0,2.0,34974,7292,34974,7292,a,,,,,,,,8.0,8,8,90,1,0,0,1,0,0,21,20,1,3,0.00,0.00,0.00,1.83,1.0,1.0
2026-08-27T03:28:50+00:00,2026-08-26,daily,2,2026-08-28T17:30:00Z,278,Hughes,HUL,DEF,40,0,0,0.1,73,1868,73,1868,i,Groin injury - Unknown return date,2026-08-02T09:00:11.030017Z,0,0,,,,0.0,0,0,0,0,0,0,0,0,0,0,0,0,0,0.00,0.00,0.00,0.00,0.0,0.0
2026-08-27T03:28:50+00:00,2026-08-26,daily,2,2026-08-28T17:30:00Z,279,Ajayi,HUL,DEF,40,0,0,1.6,46589,11927,46589,11927,d,Hamstring injury - 75% chance of playing,2026-08-22T17:30:07.668197Z,,75,,,,14.0,14,14,63,1,1,0,1,0,0,7,7,0,3,0.52,0.00,0.52,0.86,1.0,0.8
2026-08-27T03:28:50+00:00,2026-08-26,daily,2,2026-08-28T17:30:00Z,280,Coyle,HUL,DEF,40,0,0,0.6,1423,3960,1423,3960,d,Ankle injury - 75% chance of playing,2026-08-22T17:30:07.685683Z,,75,,,,6.0,6,6,69,1,0,0,1,0,0,2,1,1,3,0.00,0.01,0.01,1.16,1.0,0.8
2026-08-27T03:28:50+00:00,2026-08-26,daily,2,2026-08-28T17:30:00Z,281,Drameh,HUL,DEF,40,0,0,0.1,866,289,866,289,a,,2026-08-08T19:00:05.613036Z,100,100,,,,1.0,1,1,20,0,0,0,0,0,0,3,2,1,2,0.05,0.00,0.05,0.67,1.0,1.0
2026-08-27T03:28:50+00:00,2026-08-26,daily,2,2026-08-28T17:30:00Z,282,Giles,HUL,DEF,40,0,0,0.9,10280,2761,10280,2761,a,,,,,,1,1,6.0,6,6,84,1,0,0,1,0,0,6,5,1,1,0.02,0.07,0.09,1.76,1.0,1.0
2026-08-27T03:28:50+00:00,2026-08-26,daily,2,2026-08-28T17:30:00Z,283,Jacob,HUL,DEF,40,0,0,0.0,35,174,35,174,i,Hip injury - Expected back 5 Sep,2026-08-02T09:00:11.038361Z,0,0,,,,0.0,0,0,0,0,0,0,0,0,0,0,0,0,0,0.00,0.00,0.00,0.00,0.0,0.0
2026-08-27T03:28:50+00:00,2026-08-26,daily,2,2026-08-28T17:30:00Z,284,McCarthy,HUL,DEF,40,0,0,0.1,548,733,548,733,a,,,,,,,,0.0,0,0,0,0,0,0,0,0,0,0,0,0,0,0.00,0.00,0.00,0.00,1.0,1.0
2026-08-27T03:28:50+00:00,2026-08-26,daily,2,2026-08-28T17:30:00Z,285,McNair,HUL,DEF,40,0,0,0.1,540,498,540,498,a,,,,,,,,1.0,1,1,26,0,0,0,0,0,0,2,2,0,1,0.00,0.00,0.00,0.96,1.0,1.0
2026-08-27T03:28:50+00:00,2026-08-26,daily,2,2026-08-28T17:30:00Z,286,Belloumi,HUL,MID,50,0,0,0.6,9997,2750,9997,2750,a,,,,,,2,3,3.0,3,3,90,1,0,0,1,0,0,10,3,4,3,0.05,0.03,0.08,1.83,1.5,1.5
2026-08-27T03:28:50+00:00,2026-08-26,daily,2,2026-08-28T17:30:00Z,287,Millar,HUL,MID,50,0,0,0.1,244,660,244,660,a,,,,,,,,0.0,0,0,19,0,0,0,0,0,0,3,1,1,1,0.00,0.00,0.00,0.67,1.5,1.5
2026-08-27T03:28:50+00:00,2026-08-26,daily,2,2026-08-28T17:30:00Z,288,Dowell,HUL,MID,45,0,0,0.4,1327,3118,1327,3118,a,,,,,,,,0.0,0,0,0,0,0,0,0,0,0,0,0,0,0,0.00,0.00,0.00,0.00,1.0,1.0
2026-08-27T03:28:50+00:00,2026-08-26,daily,2,2026-08-28T17:30:00Z,289,Crooks,HUL,MID,45,0,0,0.7,7323,4123,7323,4123,a,,,,,,,,2.0,2,2,90,1,0,0,1,0,0,9,4,4,1,0.00,0.00,0.00,1.83,1.0,1.0
2026-08-27T03:28:50+00:00,2026-08-26,daily,2,2026-08-28T17:30:00Z,290,Slater,HUL,MID,45,0,0,3.7,62412,15644,62412,15644,a,,,,,,,2,6.0,6,6,90,1,0,1,1,0,0,3,0,1,2,0.00,0.44,0.44,1.83,1.0,1.0
2026-08-27T03:28:50+00:00,2026-08-26,daily,2,2026-08-28T17:30:00Z,291,Matazo,HUL,MID,45,0,0,0.0,45,70,45,70,i,Knee injury - Unknown return date,2026-07-23T12:01:23.532635Z,0,0,,,,0.0,0,0,0,0,0,0,0,0,0,0,0,0,0,0.00,0.00,0.00,0.00,0.0,0.0
2026-08-27T03:28:50+00:00,2026-08-26,daily,2,2026-08-28T17:30:00Z,292,Ömür,HUL,MID,50,0,0,0.0,172,283,172,283,a,,,,,,,,0.0,0,0,0,0,0,0,0,0,0,0,0,0,0,0.00,0.00,0.00,0.00,1.5,1.5
2026-08-27T03:28:50+00:00,2026-08-26,daily,2,2026-08-28T17:30:00Z,293,Kamara,HUL,MID,50,0,0,0.0,0,162,0,162,u,Has joined Portsmouth permanently,2026-08-12T14:08:23.542043Z,0,0,,,,0.0,0,0,0,0,0,0,0,0,0,0,0,0,0,0.00,0.00,0.00,0.00,0.0,0.0
2026-08-27T03:28:50+00:00,2026-08-26,daily,2,2026-08-28T17:30:00Z,294,Zambrano,HUL,MID,45,0,0,0.1,354,1758,354,1758,i,Thigh injury - Unknown return date,2026-08-04T18:30:11.016909Z,0,0,,,,0.0,0,0,0,0,0,0,0,0,0,0,0,0,0,0.00,0.00,0.00,0.00,0.0,0.0
2026-08-27T03:28:50+00:00,2026-08-26,daily,2,2026-08-28T17:30:00Z,295,McBurnie,HUL,FWD,55,0,0,2.0,56253,10326,56253,10326,a,,,,,1,,,5.0,5,5,90,1,0,1,1,0,0,5,3,0,2,0.16,0.01,0.17,1.83,1.8,1.8
2026-08-27T03:28:50+00:00,2026-08-26,daily,2,2026-08-28T17:30:00Z,296,Akintola,HUL,MID,50,0,0,0.0,747,719,747,719,a,,,,,,,,0.0,0,0,0,0,0,0,0,0,0,0,0,0,0,0.00,0.00,0.00,0.00,1.5,1.5
2026-08-27T03:28:50+00:00,2026-08-26,daily,2,2026-08-28T17:30:00Z,297,Gyabi,HUL,MID,45,0,0,0.0,47,450,47,450,i,Thigh injury - Unknown return date,2026-08-04T18:30:11.027155Z,0,0,,,,0.0,0,0,0,0,0,0,0,0,0,0,0,0,0,0.00,0.00,0.00,0.00,0.0,0.0
2026-08-27T03:28:50+00:00,2026-08-26,daily,2,2026-08-28T17:30:00Z,298,Destan,HUL,FWD,45,0,0,0.3,0,7314,0,7314,u,Has joined Konyaspor permanently,2026-08-17T13:50:27.145733Z,0,0,,,,0.0,0,0,0,0,0,0,0,0,0,0,0,0,0,0.00,0.00,0.00,0.00,0.0,0.0
2026-08-27T03:28:50+00:00,2026-08-26,daily,2,2026-08-28T17:30:00Z,299,Burstow,HUL,FWD,45,0,0,0.1,0,1023,0,1023,u,Has joined Sheffield Wednesday on loan for the rest of the season,2026-08-03T14:05:20.234842Z,0,0,,,,0.0,0,0,0,0,0,0,0,0,0,0,0,0,0,0.00,0.00,0.00,0.00,0.0,0.0
2026-08-27T03:28:50+00:00,2026-08-26,daily,2,2026-08-28T17:30:00Z,340,Gelhardt,HUL,MID,50,0,0,0.0,37,221,37,221,i,Ankle injury - Expected back 5 Sep,2026-08-17T21:30:07.799839Z,0,0,,,,0.0,0,0,0,0,0,0,0,0,0,0,0,0,0,0.00,0.00,0.00,0.00,0.0,0.0
2026-08-27T03:28:50+00:00,2026-08-26,daily,2,2026-08-28T17:30:00Z,556,Targett,HUL,DEF,40,0,0,2.3,4379,11362,4379,11362,a,,,,,,,,1.0,1,1,5,0,0,0,0,0,0,0,0,0,1,0.00,0.00,0.00,0.07,1.0,1.0
2026-08-27T03:28:50+00:00,2026-08-26,daily,2,2026-08-28T17:30:00Z,563,Morita,HUL,MID,50,0,0,0.0,65,284,65,284,a,,2026-08-15T16:00:07.961518Z,50,100,,,,0.0,0,0,0,0,0,0,0,0,0,0,0,0,0,0.00,0.00,0.00,0.00,0.8,1.5
2026-08-27T03:28:50+00:00,2026-08-26,daily,2,2026-08-28T17:30:00Z,572,Tzolakis,HUL,GKP,45,0,0,2.3,71758,7779,71758,7779,a,,,,,,,,10.0,10,10,90,1,0,0,1,0,5,0,0,0,22,0.00,0.00,0.00,1.83,1.9,1.9
2026-08-27T03:28:50+00:00,2026-08-26,daily,2,2026-08-28T17:30:00Z,574,Hjertø-Dahl,HUL,MID,50,0,0,0.1,240,654,240,654,a,,,,,,,,0.0,0,0,0,0,0,0,0,0,0,0,0,0,0,0.00,0.00,0.00,0.00,1.5,1.5
2026-08-27T03:28:50+00:00,2026-08-26,daily,2,2026-08-28T17:30:00Z,576,Stroud,HUL,MID,50,0,0,0.1,968,395,968,395,a,,,,,,,,3.0,3,3,70,1,0,0,1,0,0,6,1,3,2,0.00,0.03,0.03,1.16,1.5,1.5
2026-08-27T03:28:50+00:00,2026-08-26,daily,2,2026-08-28T17:30:00Z,585,Herrington,HUL,DEF,40,0,0,0.7,2371,2566,2371,2566,a,,,,,,,,1.0,1,1,26,0,0,0,0,0,0,4,4,0,0,0.00,0.00,0.00,0.96,1.0,1.0
2026-08-27T03:28:50+00:00,2026-08-26,daily,2,2026-08-28T17:30:00Z,586,Mendy,HUL,DEF,40,0,0,2.8,102237,13910,102237,13910,a,,2026-08-22T17:30:08.045208Z,,100,,,,15.0,15,15,63,1,1,0,1,0,0,13,13,0,2,0.28,0.00,0.28,0.86,1.0,1.0
2026-08-27T03:28:50+00:00,2026-08-26,daily,2,2026-08-28T17:30:00Z,589,Gourna-Douath,HUL,MID,50,0,0,0.0,98,201,98,201,a,,,,,,,,0.0,0,0,0,0,0,0,0,0,0,0,0,0,0,0.00,0.00,0.00,0.00,1.5,1.5
2026-08-27T03:28:50+00:00,2026-08-26,daily,2,2026-08-28T17:30:00Z,259,Diop,IPS,DEF,40,0,0,17.3,20616,49342,20616,49342,a,,,,,,,,2.0,2,2,90,1,0,0,0,1,0,5,4,1,6,0.00,0.01,0.01,0.66,1.0,1.0
2026-08-27T03:28:50+00:00,2026-08-26,daily,2,2026-08-28T17:30:00Z,267,Lukić,IPS,MID,50,0,0,0.1,819,712,819,712,a,,,,,,,4,5.0,5,5,90,1,0,1,0,1,0,6,2,1,3,0.00,0.02,0.02,0.66,1.5,1.5
2026-08-27T03:28:50+00:00,2026-08-26,daily,2,2026-08-28T17:30:00Z,300,Walton,IPS,GKP,45,0,0,0.5,172,2976,172,2976,a,,,,,,,,0.0,0,0,0,0,0,0,0,0,0,0,0,0,0,0.00,0.00,0.00,0.00,1.9,1.9
2026-08-27T03:28:50+00:00,2026-08-26,daily,2,2026-08-28T17:30:00Z,301,Palmer,IPS,GKP,40,0,0,4.5,5566,12363,5566,12363,a,,,,,,,,0.0,0,0,0,0,0,0,0,0,0,0,0,0,0,0.00,0.00,0.00,0.00,1.0,1.0
2026-08-27T03:28:50+00:00,2026-08-26,daily,2,2026-08-28T17:30:00Z,302,Button,IPS,GKP,40,0,0,0.4,1360,1307,1360,1307,a,,,,,,,,0.0,0,0,0,0,0,0,0,0,0,0,0,0,0,0.00,0.00,0.00,0.00,1.0,1.0
2026-08-27T03:28:50+00:00,2026-08-26,daily,2,2026-08-28T17:30:00Z,303,Kipré,IPS,DEF,40,0,0,0.6,285,3332,285,3332,a,,,,,,,,0.0,0,0,0,0,0,0,0,0,0,0,0,0,0,0.00,0.00,0.00,0.00,1.0,1.0
2026-08-27T03:28:50+00:00,2026-08-26,daily,2,2026-08-28T17:30:00Z,304,O'Shea,IPS,DEF,40,0,0,3.4,11215,8887,11215,8887,a,,,,,,,,4.0,4,4,90,1,0,0,0,1,0,18,16,2,6,0.00,0.16,0.16,0.66,1.0,1.0
2026-08-27T03:28:50+00:00,2026-08-26,daily,2,2026-08-28T17:30:00Z,305,Davis,IPS,DEF,40,0,0,5.0,5519,14708,5519,14708,a,,,,,,2,2,2.0,2,2,90,1,0,0,0,1,0,7,7,0,4,0.00,0.01,0.01,0.66,1.0,1.0
2026-08-27T03:28:50+00:00,2026-08-26,daily,2,2026-08-28T17:30:00Z,306,Greaves,IPS,DEF,40,0,0,1.5,1265,3841,1265,3841,a,,,,,,,,2.0,2,2,90,1,0,0,0,1,0,7,4,3,1,0.00,0.00,0.00,0.66,1.0,1.0
2026-08-27T03:28:50+00:00,2026-08-26,daily,2,2026-08-28T17:30:00Z,307,Johnson,IPS,DEF,40,0,0,0.1,335,777,335,777,a,,,,,,,,0.0,0,0,0,0,0,0,0,0,0,0,0,0,0,0.00,0.00,0.00,0.00,1.0,1.0
2026-08-27T03:28:50+00:00,2026-08-26,daily,2,2026-08-28T17:30:00Z,308,Furlong,IPS,DEF,40,0,0,0.6,211,3010,211,3010,a,,,,,,,,0.0,0,0,0,0,0,0,0,0,0,0,0,0,0,0.00,0.00,0.00,0.00,1.0,1.0
2026-08-27T03:28:50+00:00,2026-08-26,daily,2,2026-08-28T17:30:00Z,309,Núñez,IPS,MID,50,0,0,0.1,851,844,851,844,a,,,,,,1,1,4.0,4,4,79,1,0,0,0,1,0,12,4,2,6,0.03,0.03,0.06,0.63,1.5,1.5
2026-08-27T03:28:50+00:00,2026-08-26,daily,2,2026-08-28T17:30:00Z,310,Matusiwa,IPS,MID,50,0,0,0.0,5,89,5,89,i,Muscular injury - Unknown return date,2026-07-29T18:00:10.305484Z,0,0,,,,0.0,0,0,0,0,0,0,0,0,0,0,0,0,0,0.00,0.00,0.00,0.00,0.0,0.0
2026-08-27T03:28:50+00:00,2026-08-26,daily,2,2026-08-28T17:30:00Z,311,Burns,IPS,MID,50,0,0,0.0,0,164,0,164,u,Has joined Leicester City permanently,2026-08-10T14:02:47.597478Z,0,0,,,,0.0,0,0,0,0,0,0,0,0,0,0,0,0,0,0.00,0.00,0.00,0.00,0.0,0.0
2026-08-27T03:28:50+00:00,2026-08-26,daily,2,2026-08-28T17:30:00Z,312,Taylor,IPS,MID,45,0,0,0.0,79,715,79,715,i,Knee injury - Unknown return date,2026-07-29T18:00:10.319370Z,0,0,,,,0.0,0,0,0,0,0,0,0,0,0,0,0,0,0,0.00,0.00,0.00,0.00,0.0,0.0
2026-08-27T03:28:50+00:00,2026-08-26,daily,2,2026-08-28T17:30:00Z,313,Clarke,IPS,MID,55,0,0,0.3,2450,1551,2450,1551,a,,,,,1,3,3,7.0,7,7,19,0,1,0,0,0,0,2,0,1,1,0.10,0.00,0.10,0.03,2.0,2.0
2026-08-27T03:28:50+00:00,2026-08-26,daily,2,2026-08-28T17:30:00Z,314,Ogbene,IPS,MID,50,0,0,0.0,31,171,31,171,a,,,,,,,,0.0,0,0,0,0,0,0,0,0,0,0,0,0,0,0.00,0.00,0.00,0.00,1.5,1.5
2026-08-27T03:28:50+00:00,2026-08-26,daily,2,2026-08-28T17:30:00Z,315,Fatawu,IPS,MID,55,0,0,0.2,465,1919,465,1919,a,,,,,,,,2.0,2,2,65,1,0,0,0,1,0,7,1,4,2,0.00,0.41,0.41,0.63,2.0,2.0
2026-08-27T03:28:50+00:00,2026-08-26,daily,2,2026-08-28T17:30:00Z,316,Emersonn,IPS,FWD,55,0,0,1.5,60300,10846,60300,10846,a,,,,,2,,,9.0,9,9,65,1,1,0,0,1,0,3,1,1,1,0.82,0.06,0.88,0.63,1.8,1.8
2026-08-27T03:28:50+00:00,2026-08-26,daily,2,2026-08-28T17:30:00Z,317,Hirst,IPS,FWD,50,0,0,0.2,0,6830,0,6830,u,Has joined Stoke City permanently,2026-08-21T13:06:08.606019Z,0,0,,,,0.0,0,0,0,0,0,0,0,0,0,0,0,0,0,0.00,0.00,0.00,0.00,0.0,0.0
2026-08-27T03:28:50+00:00,2026-08-26,daily,2,2026-08-28T17:30:00Z,318,Philogene,IPS,MID,55,0,0,0.1,102,2449,102,2449,i,Ankle injury - Unknown return date,2026-08-25T11:30:07.532993Z,,0,3,,5,0.0,0,0,0,0,0,0,0,0,0,0,0,0,0,0.00,0.00,0.00,0.00,2.0,0.0
2026-08-27T03:28:50+00:00,2026-08-26,daily,2,2026-08-28T17:30:00Z,319,Szmodics,IPS,MID,50,0,0,0.0,0,351,0,351,u,Has joined Derby County on loan for the rest of the season,2026-08-17T13:51:41.713979Z,0,0,,,,0.0,0,0,0,0,0,0,0,0,0,0,0,0,0,0.00,0.00,0.00,0.00,0.0,0.0
2026-08-27T03:28:50+00:00,2026-08-26,daily,2,2026-08-28T17:30:00Z,320,Akpom,IPS,FWD,50,0,0,0.5,3593,4432,3593,4432,a,,,,,,,,1.0,1,1,24,0,0,0,0,0,0,3,0,1,2,0.00,0.00,0.00,0.03,1.4,1.4
2026-08-27T03:28:50+00:00,2026-08-26,daily,2,2026-08-28T17:30:00Z,321,Walle Egeli,IPS,FWD,45,0,0,2.4,26654,15981,26654,15981,a,,,,,,,,1.0,1,1,10,0,0,0,0,0,0,0,0,0,0,0.00,0.00,0.00,0.03,1.0,1.0
2026-08-27T03:28:50+00:00,2026-08-26,daily,2,2026-08-28T17:30:00Z,322,Al-Hamadi,IPS,FWD,50,0,0,0.1,720,1664,720,1664,a,,,,,,,,0.0,0,0,0,0,0,0,0,0,0,0,0,0,0,0.00,0.00,0.00,0.00,1.4,1.4
2026-08-27T03:28:50+00:00,2026-08-26,daily,2,2026-08-28T17:30:00Z,323,McAteer,IPS,MID,45,0,0,1.4,4290,8434,4290,8434,a,,,,,,,,1.0,1,1,24,0,0,0,0,0,0,3,0,1,2,0.00,0.00,0.00,0.03,1.0,1.0
2026-08-27T03:28:50+00:00,2026-08-26,daily,2,2026-08-28T17:30:00Z,324,Mehmeti,IPS,MID,50,0,0,0.1,37,491,37,491,a,,,,,,,,0.0,0,0,0,0,0,0,0,0,0,0,0,0,0,0.00,0.00,0.00,0.00,1.5,1.5
2026-08-27T03:28:50+00:00,2026-08-26,daily,2,2026-08-28T17:30:00Z,554,Van Oevelen,IPS,GKP,45,0,0,0.0,54,425,54,425,u,Has joined Valencia on loan for the rest of the season,2026-08-25T14:04:09.529320Z,,0,,,,0.0,0,0,0,0,0,0,0,0,0,0,0,0,0,0.00,0.00,0.00,0.00,1.9,0.0
2026-08-27T03:28:50+00:00,2026-08-26,daily,2,2026-08-28T17:30:00Z,562,Maeda,IPS,MID,55,0,0,0.4,606,2676,606,2676,a,,,,,,,,2.0,2,2,79,1,0,0,0,1,0,9,3,4,2,0.61,0.00,0.61,0.63,2.0,2.0
2026-08-27T03:28:50+00:00,2026-08-26,daily,2,2026-08-28T17:30:00Z,564,Scherpen,IPS,GKP,45,0,0,0.7,1043,2174,1043,2174,a,,,,,,,,2.0,2,2,90,1,0,0,0,1,2,0,1,0,10,0.00,0.00,0.00,0.66,1.9,1.9
2026-08-27T03:28:50+00:00,2026-08-26,daily,2,2026-08-28T17:30:00Z,571,Florentino,IPS,MID,50,0,0,0.1,186,1319,186,1319,d,Calf injury - 75% chance of playing,2026-08-25T11:30:07.678802Z,,75,,,,0.0,0,0,0,0,0,0,0,0,0,0,0,0,0,0.00,0.00,0.00,0.00,1.5,1.1
2026-08-27T03:28:50+00:00,2026-08-26,daily,2,2026-08-28T17:30:00Z,591,Enciso,IPS,MID,55,0,0,0.4,11775,3182,11775,3182,a,,2026-08-22T18:00:07.551930Z,,100,,,,5.0,5,5,70,1,0,1,0,1,0,8,2,1,5,0.23,0.31,0.54,0.63,2.0,2.0
2026-08-27T03:28:50+00:00,2026-08-26,daily,2,2026-08-28T17:30:00Z,592,Ouattara,IPS,DEF,40,0,0,1.0,2348,4134,2348,4134,a,,,,,,,,1.0,1,1,10,0,0,0,0,0,0,2,2,0,0,0.00,0.00,0.00,0.03,1.0,1.0
2026-08-27T03:28:50+00:00,2026-08-26,daily,2,2026-08-28T17:30:00Z,602,Humphreys,IPS,MID,45,0,0,0.0,1015,263,1015,263,a,,,,,,,,0.0,0,0,0,0,0,0,0,0,0,0,0,0,0,0.00,0.00,0.00,0.00,1.0,1.0
2026-08-27T03:28:50+00:00,2026-08-26,daily,2,2026-08-28T17:30:00Z,260,Wilson,LEE,MID,65,0,0,5.9,11137,38169,11137,38169,a,,,,,,,2,3.0,3,3,65,1,0,0,1,0,0,2,0,2,0,0.00,0.02,0.02,0.53,2.3,2.3
2026-08-27T03:28:50+00:00,2026-08-26,daily,2,2026-08-28T17:30:00Z,326,Perri,LEE,GKP,45,0,0,0.6,264,3555,264,3555,a,,,,,,,,0.0,0,0,0,0,0,0,0,0,0,0,0,0,0,0.00,0.00,0.00,0.00,1.9,1.9
2026-08-27T03:28:50+00:00,2026-08-26,daily,2,2026-08-28T17:30:00Z,327,Bijol,LEE,DEF,50,0,0,0.8,31496,5304,31496,5304,a,,,,,,,,10.0,10,10,90,1,0,0,1,0,0,12,11,1,5,0.11,0.00,0.11,0.66,2.2,2.2
2026-08-27T03:28:50+00:00,2026-08-26,daily,2,2026-08-28T17:30:00Z,329,Rodon,LEE,DEF,45,0,0,3.6,12768,7883,12768,7883,a,,,,,,,,6.0,6,6,90,1,0,0,1,0,0,7,6,1,1,0.03,0.06,0.09,0.66,1.7,1.7
2026-08-27T03:28:50+00:00,2026-08-26,daily,2,2026-08-28T17:30:00Z,330,Bogle,LEE,DEF,45,0,0,0.6,4567,1905,4567,1905,a,,,,,,,,6.0,6,6,90,1,0,0,1,0,0,3,2,1,3,0.00,0.00,0.00,0.66,1.7,1.7
2026-08-27T03:28:50+00:00,2026-08-26,daily,2,2026-08-28T17:30:00Z,331,Gudmundsson,LEE,DEF,45,0,0,0.0,50,803,50,803,i,Hamstring injury - Unknown return date,2026-08-08T20:00:07.546568Z,0,0,,,,0.0,0,0,0,0,0,0,0,0,0,0,0,0,0,0.00,0.00,0.00,0.00,0.0,0.0
2026-08-27T03:28:50+00:00,2026-08-26,daily,2,2026-08-28T17:30:00Z,332,Justin,LEE,DEF,45,0,0,1.0,27119,5630,27119,5630,a,,,,,,,,10.0,10,10,90,1,0,0,1,0,0,12,6,6,4,0.00,0.01,0.01,0.66,1.7,1.7
2026-08-27T03:28:50+00:00,2026-08-26,daily,2,2026-08-28T17:30:00Z,333,Bornauw,LEE,DEF,45,0,0,0.0,0,139,0,139,u,Has joined Hamburg SV on loan for the rest of the season,2026-08-19T13:56:14.645970Z,0,0,,,,0.0,0,0,0,0,0,0,0,0,0,0,0,0,0,0.00,0.00,0.00,0.00,0.0,0.0
2026-08-27T03:28:50+00:00,2026-08-26,daily,2,2026-08-28T17:30:00Z,334,Muharemović,LEE,DEF,50,0,0,3.4,16174,7407,16174,7407,a,,,,,,,,6.0,6,6,90,1,0,0,1,0,0,7,7,0,1,0.09,0.00,0.09,0.66,2.2,2.2
2026-08-27T03:28:50+00:00,2026-08-26,daily,2,2026-08-28T17:30:00Z,335,Stach,LEE,MID,60,0,0,1.9,51447,8979,51447,8979,a,,,,,,1,1,13.0,13,13,90,1,1,0,1,0,0,16,8,3,5,0.10,0.05,0.15,0.66,2.2,2.2
2026-08-27T03:28:50+00:00,2026-08-26,daily,2,2026-08-28T17:30:00Z,336,Okafor,LEE,MID,60,0,0,0.4,993,6039,993,6039,a,,,,,,,,1.0,1,1,24,0,0,0,0,0,0,5,1,2,2,0.00,0.16,0.16,0.13,2.2,2.2
2026-08-27T03:28:50+00:00,2026-08-26,daily,2,2026-08-28T17:30:00Z,337,Aaronson,LEE,MID,55,0,0,0.9,1769,5620,1769,5620,a,,,,,,3,,3.0,3,3,81,1,0,0,1,0,0,7,0,1,6,0.01,0.01,0.02,0.58,2.0,2.0
2026-08-27T03:28:50+00:00,2026-08-26,daily,2,2026-08-28T17:30:00Z,338,Ampadu,LEE,MID,55,0,0,1.4,2997,6706,2997,6706,a,,,,,,,,5.0,5,5,90,1,0,0,1,0,0,13,6,2,5,0.00,0.04,0.04,0.66,2.0,2.0
2026-08-27T03:28:50+00:00,2026-08-26,daily,2,2026-08-28T17:30:00Z,339,Longstaff,LEE,MID,50,0,0,0.1,432,1179,432,1179,a,,,,,,2,3,1.0,1,1,8,0,0,0,0,0,0,0,0,0,0,0.00,0.00,0.00,0.07,1.5,1.5
2026-08-27T03:28:50+00:00,2026-08-26,daily,2,2026-08-28T17:30:00Z,341,Gnonto,LEE,MID,50,0,0,0.0,13,578,13,578,i,Hamstring injury - Unknown return date,2026-08-17T20:30:08.092366Z,0,0,,,,0.0,0,0,0,0,0,0,0,0,0,0,0,0,0,0.00,0.00,0.00,0.00,0.0,0.0
2026-08-27T03:28:50+00:00,2026-08-26,daily,2,2026-08-28T17:30:00Z,342,Harrison,LEE,MID,50,0,0,0.0,0,33,0,33,u,Has joined New England Revolution permanently,2026-07-28T12:59:09.492431Z,0,0,,,,0.0,0,0,0,0,0,0,0,0,0,0,0,0,0,0.00,0.00,0.00,0.00,0.0,0.0
2026-08-27T03:28:50+00:00,2026-08-26,daily,2,2026-08-28T17:30:00Z,343,James,LEE,MID,50,0,0,0.1,536,1298,536,1298,a,,,,,,,,0.0,0,0,0,0,0,0,0,0,0,0,0,0,0,0.00,0.00,0.00,0.00,1.5,1.5
2026-08-27T03:28:50+00:00,2026-08-26,daily,2,2026-08-28T17:30:00Z,344,Gruev,LEE,MID,50,0,0,0.0,5,105,5,105,i,Knee injury - Unknown return date,2026-08-14T23:00:06.272027Z,0,0,,,,0.0,0,0,0,0,0,0,0,0,0,0,0,0,0,0.00,0.00,0.00,0.00,0.0,0.0
2026-08-27T03:28:50+00:00,2026-08-26,daily,2,2026-08-28T17:30:00Z,345,Tanaka,LEE,MID,50,0,0,0.2,727,3171,727,3171,a,,,,,,,4,0.0,0,0,0,0,0,0,0,0,0,0,0,0,0,0.00,0.00,0.00,0.00,1.5,1.5
2026-08-27T03:28:50+00:00,2026-08-26,daily,2,2026-08-28T17:30:00Z,346,Calvert-Lewin,LEE,FWD,60,0,0,29.2,57017,120245,57017,120245,a,,,,,1,,,1.0,1,1,90,1,0,0,1,0,0,2,0,0,2,0.13,0.00,0.13,0.66,2.0,2.0
2026-08-27T03:28:50+00:00,2026-08-26,daily,2,2026-08-28T17:30:00Z,347,Nmecha,LEE,FWD,55,0,0,0.5,1386,6667,1386,6667,a,,,,,2,,,0.0,0,0,0,0,0,0,0,0,0,0,0,0,0,0.00,0.00,0.00,0.00,1.8,1.8
2026-08-27T03:28:50+00:00,2026-08-26,daily,2,2026-08-28T17:30:00Z,348,Piroe,LEE,FWD,50,0,0,0.1,0,4465,0,4465,u,Has joined West Ham United on loan for the rest of the season,2026-08-19T13:56:14.666726Z,0,0,3,,,0.0,0,0,0,0,0,0,0,0,0,0,0,0,0,0.00,0.00,0.00,0.00,0.0,0.0
2026-08-27T03:28:50+00:00,2026-08-26,daily,2,2026-08-28T17:30:00Z,349,Mateo Joseph,LEE,FWD,45,0,0,0.1,239,826,239,826,i,Knee injury - Unknown return date,2026-07-29T18:00:10.338170Z,0,0,,,,0.0,0,0,0,0,0,0,0,0,0,0,0,0,0,0.00,0.00,0.00,0.00,0.0,0.0
2026-08-27T03:28:50+00:00,2026-08-26,daily,2,2026-08-28T17:30:00Z,385,Trafford,LEE,GKP,50,0,0,4.0,46318,9530,46318,9530,a,,,,,,,,9.0,9,9,90,1,0,0,1,0,3,0,0,0,9,0.00,0.00,0.00,0.66,2.6,2.6
2026-08-27T03:28:50+00:00,2026-08-26,daily,2,2026-08-28T17:30:00Z,598,Elvedi,LEE,DEF,45,0,0,0.0,252,194,252,194,a,,,,,,,,0.0,0,0,0,0,0,0,0,0,0,0,0,0,0,0.00,0.00,0.00,0.00,1.7,1.7
2026-08-27T03:28:50+00:00,2026-08-26,daily,2,2026-08-28T17:30:00Z,603,Lienou,LEE,DEF,40,0,0,0.1,1280,253,1280,253,a,,,,,,,,0.0,0,0,0,0,0,0,0,0,0,0,0,0,0,0.00,0.00,0.00,0.00,1.0,1.0
2026-08-27T03:28:50+00:00,2026-08-26,daily,2,2026-08-28T17:30:00Z,604,Cresswell,LEE,MID,45,0,0,0.1,2350,544,2350,544,a,,,,,,,,0.0,0,0,0,0,0,0,0,0,0,0,0,0,0,0.00,0.00,0.00,0.00,1.0,1.0
2026-08-27T03:28:50+00:00,2026-08-26,daily,2,2026-08-28T17:30:00Z,350,A.Becker,LIV,GKP,55,0,0,3.7,17029,15095,17029,15095,a,,,,,,,,2.0,2,2,90,1,0,0,0,2,3,0,2,0,6,0.00,0.00,0.00,1.58,3.3,3.3
2026-08-27T03:28:50+00:00,2026-08-26,daily,2,2026-08-28T17:30:00Z,351,Mamardashvili,LIV,GKP,50,0,0,0.2,505,1645,505,1645,a,,,,,,,,0.0,0,0,0,0,0,0,0,0,0,0,0,0,0,0.00,0.00,0.00,0.00,2.6,2.6
2026-08-27T03:28:50+00:00,2026-08-26,daily,2,2026-08-28T17:30:00Z,352,Woodman,LIV,GKP,40,0,0,1.1,2357,4260,2357,4260,a,,,,,,,,0.0,0,0,0,0,0,0,0,0,0,0,0,0,0,0.00,0.00,0.00,0.00,1.0,1.0
2026-08-27T03:28:50+00:00,2026-08-26,daily,2,2026-08-28T17:30:00Z,353,Pecsi,LIV,GKP,40,0,0,0.0,0,378,0,378,u,Has joined TSV Hartberg on loan for the rest of the season,2026-08-18T14:11:18.638344Z,0,0,,,,0.0,0,0,0,0,0,0,0,0,0,0,0,0,0,0.00,0.00,0.00,0.00,0.0,0.0
2026-08-27T03:28:50+00:00,2026-08-26,daily,2,2026-08-28T17:30:00Z,354,Jaros,LIV,GKP,40,0,0,0.0,115,142,115,142,i,Knee injury - Unknown return date,2026-07-29T18:00:10.351066Z,0,0,,,,0.0,0,0,0,0,0,0,0,0,0,0,0,0,0,0.00,0.00,0.00,0.00,0.0,0.0
2026-08-27T03:28:50+00:00,2026-08-26,daily,2,2026-08-28T17:30:00Z,355,Davies,LIV,GKP,40,0,0,0.1,477,536,477,536,a,,,,,,,,0.0,0,0,0,0,0,0,0,0,0,0,0,0,0,0.00,0.00,0.00,0.00,1.0,1.0
2026-08-27T03:28:50+00:00,2026-08-26,daily,2,2026-08-28T17:30:00Z,356,Virgil,LIV,DEF,65,0,0,19.6,54647,56439,54647,56439,a,,,,,,,,2.0,2,2,90,1,0,0,0,2,0,11,9,2,6,0.25,0.01,0.26,1.58,3.1,3.1
2026-08-27T03:28:50+00:00,2026-08-26,daily,2,2026-08-28T17:30:00Z,357,Frimpong,LIV,DEF,55,0,0,3.4,17252,24692,17252,24692,a,,,,,,,,0.0,0,0,90,1,0,0,0,2,0,2,1,1,3,0.01,0.09,0.10,1.58,2.5,2.5
2026-08-27T03:28:50+00:00,2026-08-26,daily,2,2026-08-28T17:30:00Z,358,Kerkez,LIV,DEF,55,0,0,3.6,10951,24909,10951,24909,a,,,,,,,,0.0,0,0,90,1,0,0,0,2,0,7,4,3,3,0.02,0.02,0.04,1.58,2.5,2.5
2026-08-27T03:28:50+00:00,2026-08-26,daily,2,2026-08-28T17:30:00Z,359,Gomez,LIV,DEF,50,0,0,0.0,63,339,63,339,i,Muscular injury - Unknown return date,2026-07-26T08:30:10.078473Z,0,0,,,,0.0,0,0,0,0,0,0,0,0,0,0,0,0,0,0.00,0.00,0.00,0.00,0.0,0.0
2026-08-27T03:28:50+00:00,2026-08-26,daily,2,2026-08-28T17:30:00Z,360,Bradley,LIV,DEF,50,0,0,0.0,64,187,64,187,i,Knee injury - Unknown return date,2026-07-23T12:01:23.565711Z,0,0,,,,0.0,0,0,0,0,0,0,0,0,0,0,0,0,0,0.00,0.00,0.00,0.00,0.0,0.0
2026-08-27T03:28:50+00:00,2026-08-26,daily,2,2026-08-28T17:30:00Z,361,Lucky,LIV,DEF,40,0,0,0.1,485,864,485,864,a,,,,,,,,0.0,0,0,0,0,0,0,0,0,0,0,0,0,0,0.00,0.00,0.00,0.00,1.0,1.0
2026-08-27T03:28:50+00:00,2026-08-26,daily,2,2026-08-28T17:30:00Z,362,Jacquet,LIV,DEF,50,0,0,2.4,16695,13224,16695,13224,a,,2026-07-23T12:01:23.581126Z,100,100,,,,1.0,1,1,69,1,0,0,0,2,0,3,2,1,3,0.00,0.02,0.02,1.04,2.2,2.2
2026-08-27T03:28:50+00:00,2026-08-26,daily,2,2026-08-28T17:30:00Z,363,Leoni,LIV,DEF,40,0,0,0.0,153,424,153,424,i,Knee injury - Unknown return date,2026-07-23T12:01:23.596909Z,0,0,,,,0.0,0,0,0,0,0,0,0,0,0,0,0,0,0,0.00,0.00,0.00,0.00,0.0,0.0
2026-08-27T03:28:50+00:00,2026-08-26,daily,2,2026-08-28T17:30:00Z,364,Tsimikas,LIV,DEF,50,0,0,0.1,283,749,283,749,a,,,,,,,,0.0,0,0,0,0,0,0,0,0,0,0,0,0,0,0.00,0.00,0.00,0.00,2.2,2.2
2026-08-27T03:28:50+00:00,2026-08-26,daily,2,2026-08-28T17:30:00Z,365,Ramsay,LIV,DEF,40,0,0,0.2,638,1971,638,1971,u,Has joined St Mirren on loan for the rest of the season,2026-08-26T14:05:26.748768Z,,0,,,,0.0,0,0,0,0,0,0,0,0,0,0,0,0,0,0.00,0.00,0.00,0.00,1.0,0.0
2026-08-27T03:28:50+00:00,2026-08-26,daily,2,2026-08-28T17:30:00Z,366,Wirtz,LIV,MID,75,0,0,11.8,18977,83726,18977,83726,a,,,,,4,2,3,2.0,2,2,62,1,0,0,0,2,0,5,0,1,4,0.26,0.04,0.30,0.51,2.6,2.6
2026-08-27T03:28:50+00:00,2026-08-26,daily,2,2026-08-28T17:30:00Z,367,Gakpo,LIV,MID,70,0,0,5.6,135577,16952,135577,16952,a,,,,,3,,2,12.0,12,12,90,1,1,0,0,2,0,12,4,3,5,0.30,0.15,0.45,1.58,2.5,2.5
2026-08-27T03:28:50+00:00,2026-08-26,daily,2,2026-08-28T17:30:00Z,368,Szoboszlai,LIV,MID,70,0,0,42.9,168033,47091,168033,47091,a,,,,,1,1,1,8.0,8,8,90,1,1,0,0,2,0,7,2,1,4,0.85,0.27,1.12,1.58,2.5,2.5
2026-08-27T03:28:50+00:00,2026-08-26,daily,2,2026-08-28T17:30:00Z,369,Ngumoha,LIV,MID,60,0,0,1.1,4236,10722,4236,10722,a,,,,,,,,2.0,2,2,62,1,0,0,0,2,0,3,0,1,2,0.04,0.02,0.06,0.51,2.2,2.2
2026-08-27T03:28:50+00:00,2026-08-26,daily,2,2026-08-28T17:30:00Z,370,Chiesa,LIV,MID,55,0,0,0.1,557,2177,557,2177,a,,,,,,,,0.0,0,0,0,0,0,0,0,0,0,0,0,0,0,0.00,0.00,0.00,0.00,2.0,2.0
2026-08-27T03:28:50+00:00,2026-08-26,daily,2,2026-08-28T17:30:00Z,371,Gravenberch,LIV,MID,60,0,0,2.0,10506,11175,10506,11175,a,,,,,,,,5.0,5,5,77,1,0,1,0,2,0,11,2,1,8,0.06,0.05,0.11,1.10,2.2,2.2
2026-08-27T03:28:50+00:00,2026-08-26,daily,2,2026-08-28T17:30:00Z,372,Mac Allister,LIV,MID,55,0,0,1.6,4894,15893,4894,15893,a,,,,,5,,,1.0,1,1,27,0,0,0,0,0,0,3,0,2,1,0.00,0.01,0.01,1.07,2.0,2.0
2026-08-27T03:28:50+00:00,2026-08-26,daily,2,2026-08-28T17:30:00Z,373,C.Jones,LIV,MID,55,0,0,0.0,28,907,28,907,d,Hip injury - 75% chance of playing,2026-08-16T18:30:07.426408Z,75,75,,,,0.0,0,0,0,0,0,0,0,0,0,0,0,0,0,0.00,0.00,0.00,0.00,1.5,1.5
2026-08-27T03:28:50+00:00,2026-08-26,daily,2,2026-08-28T17:30:00Z,374,Endo,LIV,MID,50,0,0,0.1,420,775,420,775,a,,2026-07-23T12:01:23.612529Z,100,100,,,,0.0,0,0,0,0,0,0,0,0,0,0,0,0,0,0.00,0.00,0.00,0.00,1.5,1.5
2026-08-27T03:28:50+00:00,2026-08-26,daily,2,2026-08-28T17:30:00Z,375,Nyoni,LIV,MID,50,0,0,0.0,116,521,116,521,a,,,,,,,,0.0,0,0,0,0,0,0,0,0,0,0,0,0,0,0.00,0.00,0.00,0.00,1.5,1.5
2026-08-27T03:28:50+00:00,2026-08-26,daily,2,2026-08-28T17:30:00Z,376,Bajcetic,LIV,MID,50,0,0,0.0,6,24,6,24,i,Hamstring injury - Unknown return date,2026-07-23T12:01:23.628373Z,0,0,,,,0.0,0,0,0,0,0,0,0,0,0,0,0,0,0,0.00,0.00,0.00,0.00,0.0,0.0
2026-08-27T03:28:50+00:00,2026-08-26,daily,2,2026-08-28T17:30:00Z,377,Munoz,LIV,MID,65,0,0,0.6,4670,4201,4670,4201,a,,,,,,,,4.0,4,4,27,0,0,1,0,0,0,0,0,0,0,0.10,0.04,0.14,1.07,2.3,2.3
2026-08-27T03:28:50+00:00,2026-08-26,daily,2,2026-08-28T17:30:00Z,378,McConnell,LIV,MID,45,0,0,0.3,766,2272,766,2272,a,,,,,,,,0.0,0,0,0,0,0,0,0,0,0,0,0,0,0,0.00,0.00,0.00,0.00,1.0,1.0
2026-08-27T03:28:50+00:00,2026-08-26,daily,2,2026-08-28T17:30:00Z,379,Isak,LIV,FWD,90,0,0,16.6,48203,70084,48203,70084,a,,,,,2,,,2.0,2,2,90,1,0,0,0,2,0,1,1,0,0,1.09,0.01,1.10,1.58,2.7,2.7
2026-08-27T03:28:50+00:00,2026-08-26,daily,2,2026-08-28T17:30:00Z,380,Ekitiké,LIV,FWD,75,0,0,0.1,602,3181,602,3181,i,Achilles injury - Unknown return date,2026-07-23T12:01:23.643771Z,0,0,,,,0.0,0,0,0,0,0,0,0,0,0,0,0,0,0,0.00,0.00,0.00,0.00,0.0,0.0
2026-08-27T03:28:50+00:00,2026-08-26,daily,2,2026-08-28T17:30:00Z,381,Koumas,LIV,MID,50,0,0,0.0,119,151,119,151,a,,,,,,,,1.0,1,1,12,0,0,0,0,0,0,1,0,0,1,0.03,0.00,0.03,0.48,1.5,1.5
2026-08-27T03:28:50+00:00,2026-08-26,daily,2,2026-08-28T17:30:00Z,382,Danns,LIV,FWD,45,0,0,0.0,236,437,236,437,i,Unspecified injury - Unknown return date,2026-07-23T12:01:23.659279Z,0,0,,,,0.0,0,0,0,0,0,0,0,0,0,0,0,0,0,0.00,0.00,0.00,0.00,0.0,0.0
2026-08-27T03:28:50+00:00,2026-08-26,daily,2,2026-08-28T17:30:00Z,383,Elliott,LIV,MID,55,0,0,0.1,283,922,283,922,a,,,,,,,,0.0,0,0,0,0,0,0,0,0,0,0,0,0,0,0.00,0.00,0.00,0.00,2.0,2.0
2026-08-27T03:28:50+00:00,2026-08-26,daily,2,2026-08-28T17:30:00Z,579,Araujo,LIV,DEF,55,0,0,2.7,20681,25608,20681,25608,a,,,,,,,,1.0,1,1,20,0,0,0,0,0,0,4,3,1,1,0.00,0.03,0.03,0.54,2.5,2.5
2026-08-27T03:28:50+00:00,2026-08-26,daily,2,2026-08-28T17:30:00Z,238,Grealish,MCI,MID,65,0,0,0.2,940,1612,940,1612,a,,2026-07-29T10:00:10.492904Z,100,100,,,,1.0,1,1,8,0,0,0,0,0,0,1,0,1,0,0.00,0.00,0.00,0.00,2.3,2.3
2026-08-27T03:28:50+00:00,2026-08-26,daily,2,2026-08-28T17:30:00Z,384,Donnarumma,MCI,GKP,55,0,0,8.3,24348,33522,24348,33522,a,,,,,,,,3.0,3,3,90,1,0,0,0,1,3,0,1,0,4,0.00,0.00,0.00,0.65,3.3,3.3
2026-08-27T03:28:50+00:00,2026-08-26,daily,2,2026-08-28T17:30:00Z,386,Bettinelli,MCI,GKP,45,0,0,0.0,104,179,104,179,a,,,,,,,,0.0,0,0,0,0,0,0,0,0,0,0,0,0,0,0.00,0.00,0.00,0.00,1.9,1.9
2026-08-27T03:28:50+00:00,2026-08-26,daily,2,2026-08-28T17:30:00Z,387,O'Reilly,MCI,DEF,65,0,0,21.1,51449,77215,51449,77215,a,,,,,,,,2.0,2,2,62,1,0,0,0,1,0,2,1,1,5,0.07,0.41,0.48,0.55,3.1,3.1
2026-08-27T03:28:50+00:00,2026-08-26,daily,2,2026-08-28T17:30:00Z,388,Guéhi,MCI,DEF,60,0,0,19.1,136349,28877,136349,28877,a,,,,,,,,10.0,10,10,90,1,1,0,0,1,0,4,1,3,4,0.89,0.32,1.21,0.65,2.8,2.8
2026-08-27T03:28:50+00:00,2026-08-26,daily,2,2026-08-28T17:30:00Z,389,Matheus N.,MCI,DEF,60,0,0,1.6,2884,8616,2884,8616,a,,2026-08-16T18:30:07.457097Z,100,100,5,,,1.0,1,1,33,0,0,0,0,0,0,1,1,0,2,0.00,0.04,0.04,0.10,2.8,2.8
2026-08-27T03:28:50+00:00,2026-08-26,daily,2,2026-08-28T17:30:00Z,390,Rúben,MCI,DEF,55,0,0,1.8,7867,9316,7867,9316,a,,,,,,,,2.0,2,2,90,1,0,0,0,1,0,6,6,0,8,0.00,0.14,0.14,0.65,2.5,2.5
2026-08-27T03:28:50+00:00,2026-08-26,daily,2,2026-08-28T17:30:00Z,391,Gvardiol,MCI,DEF,55,0,0,13.1,159420,23829,159420,23829,a,,,,,,,,9.0,9,9,90,1,1,0,0,1,0,7,5,2,5,0.19,0.05,0.24,0.65,2.5,2.5
2026-08-27T03:28:50+00:00,2026-08-26,daily,2,2026-08-28T17:30:00Z,392,Aït-Nouri,MCI,DEF,55,0,0,0.8,2252,11966,2252,11966,a,,,,,,,,0.0,0,0,0,0,0,0,0,0,0,0,0,0,0,0.00,0.00,0.00,0.00,2.5,2.5
2026-08-27T03:28:50+00:00,2026-08-26,daily,2,2026-08-28T17:30:00Z,393,Khusanov,MCI,DEF,55,0,0,1.8,4934,10690,4934,10690,a,,,,,,,,2.0,2,2,90,1,0,0,0,1,0,4,2,2,6,0.00,0.02,0.02,0.65,2.5,2.5
2026-08-27T03:28:50+00:00,2026-08-26,daily,2,2026-08-28T17:30:00Z,394,Alleyne,MCI,DEF,50,0,0,0.0,0,297,0,297,u,Has joined Burnley on loan for the rest of the season,2026-08-18T14:11:56.324656Z,0,0,,,,0.0,0,0,0,0,0,0,0,0,0,0,0,0,0,0.00,0.00,0.00,0.00,0.0,0.0
2026-08-27T03:28:50+00:00,2026-08-26,daily,2,2026-08-28T17:30:00Z,395,Lewis,MCI,DEF,45,0,0,0.2,2672,1875,2672,1875,a,,,,,,,,1.0,1,1,56,1,0,0,0,1,0,2,2,0,0,0.17,0.02,0.19,0.55,1.7,1.7
2026-08-27T03:28:50+00:00,2026-08-26,daily,2,2026-08-28T17:30:00Z,396,Vitor Reis,MCI,DEF,45,0,0,0.0,85,174,85,174,a,,,,,,,,0.0,0,0,0,0,0,0,0,0,0,0,0,0,0,0.00,0.00,0.00,0.00,1.7,1.7
2026-08-27T03:28:50+00:00,2026-08-26,daily,2,2026-08-28T17:30:00Z,397,Semenyo,MCI,MID,85,0,0,24.7,34220,116618,34220,116618,a,,,,,3,,,2.0,2,2,90,1,0,0,0,1,0,5,0,1,4,0.06,0.02,0.08,0.65,2.9,2.9
2026-08-27T03:28:50+00:00,2026-08-26,daily,2,2026-08-28T17:30:00Z,398,Foden,MCI,MID,70,0,0,4.2,13622,30615,13622,30615,a,,,,,,3,3,1.0,1,1,81,1,0,0,0,1,0,6,0,3,3,0.12,0.40,0.52,0.65,2.5,2.5
2026-08-27T03:28:50+00:00,2026-08-26,daily,2,2026-08-28T17:30:00Z,399,Cherki,MCI,MID,75,0,0,10.1,143767,29144,143767,29144,a,,,,,,1,1,8.0,8,8,27,0,0,2,0,0,0,0,0,0,0,0.00,0.50,0.50,0.10,2.6,2.6
2026-08-27T03:28:50+00:00,2026-08-26,daily,2,2026-08-28T17:30:00Z,400,Doku,MCI,MID,75,0,0,1.4,428,54748,428,54748,i,Calf injury - Expected back 5 Sep,2026-08-18T17:00:08.385597Z,0,0,4,,,0.0,0,0,0,0,0,0,0,0,0,0,0,0,0,0.00,0.00,0.00,0.00,0.0,0.0
2026-08-27T03:28:50+00:00,2026-08-26,daily,2,2026-08-28T17:30:00Z,401,Marmoush,MCI,FWD,70,0,0,1.0,14532,14112,14532,14112,a,,,,,2,2,,0.0,0,0,0,0,0,0,0,0,0,0,0,0,0,0.00,0.00,0.00,0.00,2.2,2.2
2026-08-27T03:28:50+00:00,2026-08-26,daily,2,2026-08-28T17:30:00Z,402,Rodrigo,MCI,MID,65,0,0,0.0,0,719,0,719,u,Has joined Barcelona permanently,2026-07-23T12:01:23.675537Z,0,0,,,,0.0,0,0,0,0,0,0,0,0,0,0,0,0,0,0.00,0.00,0.00,0.00,0.0,0.0
2026-08-27T03:28:50+00:00,2026-08-26,daily,2,2026-08-28T17:30:00Z,404,Reijnders,MCI,MID,60,0,0,0.1,0,4840,0,4840,u,Has joined Al Qadsiah permanently,2026-08-20T14:02:58.154273Z,0,0,,,,0.0,0,0,0,0,0,0,0,0,0,0,0,0,0,0.00,0.00,0.00,0.00,0.0,0.0
2026-08-27T03:28:50+00:00,2026-08-26,daily,2,2026-08-28T17:30:00Z,405,N.Gonzalez,MCI,MID,55,0,0,0.1,1041,1240,1041,1240,a,,,,,,,,0.0,0,0,0,0,0,0,0,0,0,0,0,0,0,0.00,0.00,0.00,0.00,2.0,2.0
2026-08-27T03:28:50+00:00,2026-08-26,daily,2,2026-08-28T17:30:00Z,406,Kovačić,MCI,MID,55,0,0,0.1,637,962,637,962,a,,,,,,,,1.0,1,1,27,0,0,0,0,0,0,2,0,0,2,0.00,0.01,0.01,0.10,2.0,2.0
2026-08-27T03:28:50+00:00,2026-08-26,daily,2,2026-08-28T17:30:00Z,407,Echeverri,MCI,MID,50,0,0,0.0,78,210,78,210,a,,,,,,,,0.0,0,0,0,0,0,0,0,0,0,0,0,0,0,0.00,0.00,0.00,0.00,1.5,1.5
2026-08-27T03:28:50+00:00,2026-08-26,daily,2,2026-08-28T17:30:00Z,408,Phillips,MCI,MID,50,0,0,0.0,0,260,0,260,u,Has joined Sheffield United on loan for the rest of the season,2026-08-18T14:11:56.348781Z,0,0,,,,0.0,0,0,0,0,0,0,0,0,0,0,0,0,0,0.00,0.00,0.00,0.00,0.0,0.0
2026-08-27T03:28:50+00:00,2026-08-26,daily,2,2026-08-28T17:30:00Z,409,Mukasa,MCI,MID,45,0,0,0.2,785,1910,785,1910,a,,,,,,,,0.0,0,0,0,0,0,0,0,0,0,0,0,0,0,0.00,0.00,0.00,0.00,1.0,1.0
2026-08-27T03:28:50+00:00,2026-08-26,daily,2,2026-08-28T17:30:00Z,410,Monga,MCI,MID,50,0,0,0.0,67,219,67,219,a,,,,,,,,0.0,0,0,0,0,0,0,0,0,0,0,0,0,0,0.00,0.00,0.00,0.00,1.5,1.5
2026-08-27T03:28:50+00:00,2026-08-26,daily,2,2026-08-28T17:30:00Z,411,Haaland,MCI,FWD,155,0,0,68.1,49280,72790,49280,72790,a,,,,,1,,,2.0,2,2,90,1,0,0,0,1,0,3,0,0,3,0.74,0.02,0.76,0.65,4.0,4.0
2026-08-27T03:28:50+00:00,2026-08-26,daily,2,2026-08-28T17:30:00Z,481,Anderson,MCI,MID,65,0,0,6.3,5784,124928,5784,124928,d,Knock - 75% chance of playing,2026-08-23T17:00:07.952697Z,,75,,,2,2.0,2,2,62,1,0,0,0,1,0,6,1,2,3,0.00,0.25,0.25,0.55,2.3,1.7
2026-08-27T03:28:50+00:00,2026-08-26,daily,2,2026-08-28T17:30:00Z,587,Rulli,MCI,GKP,50,0,0,0.0,77,163,77,163,a,,,,,,,,0.0,0,0,0,0,0,0,0,0,0,0,0,0,0,0.00,0.00,0.00,0.00,2.6,2.6
2026-08-27T03:28:50+00:00,2026-08-26,daily,2,2026-08-28T17:30:00Z,43,Tielemans,MUN,MID,60,0,0,2.4,9514,26430,9514,26430,a,,2026-07-23T12:01:23.321726Z,100,100,3,,,2.0,2,2,66,1,0,0,0,2,0,5,0,0,5,0.04,0.11,0.15,0.94,2.2,2.2
2026-08-27T03:28:50+00:00,2026-08-26,daily,2,2026-08-28T17:30:00Z,131,Baleba,MUN,MID,50,0,0,0.2,2022,3340,2022,3340,i,Ankle injury - Unknown return date,2026-08-06T16:00:10.997714Z,0,0,,,,0.0,0,0,0,0,0,0,0,0,0,0,0,0,0,0.00,0.00,0.00,0.00,0.0,0.0
2026-08-27T03:28:50+00:00,2026-08-26,daily,2,2026-08-28T17:30:00Z,162,Andrey Santos,MUN,MID,50,0,0,1.0,5886,11674,5886,11674,a,,,,,,,,2.0,2,2,66,1,0,0,0,2,0,9,3,1,5,0.00,0.23,0.23,0.94,1.5,1.5
2026-08-27T03:28:50+00:00,2026-08-26,daily,2,2026-08-28T17:30:00Z,325,Darlow,MUN,GKP,45,0,0,0.0,186,189,186,189,a,,2026-07-23T12:01:23.549136Z,75,100,,,,0.0,0,0,0,0,0,0,0,0,0,0,0,0,0,0.00,0.00,0.00,0.00,1.4,1.9
2026-08-27T03:28:50+00:00,2026-08-26,daily,2,2026-08-28T17:30:00Z,412,Lammens,MUN,GKP,50,0,0,15.8,23218,66791,23218,66791,a,,,,,,,,1.0,1,1,90,1,0,0,0,2,2,0,2,0,8,0.00,0.00,0.00,1.01,2.6,2.6
2026-08-27T03:28:50+00:00,2026-08-26,daily,2,2026-08-28T17:30:00Z,413,Bayindir,MUN,GKP,45,0,0,0.0,0,513,0,513,u,Has joined Celta Vigo on loan for the rest of the season,2026-08-10T14:02:28.608415Z,0,0,,,,0.0,0,0,0,0,0,0,0,0,0,0,0,0,0,0.00,0.00,0.00,0.00,0.0,0.0
2026-08-27T03:28:50+00:00,2026-08-26,daily,2,2026-08-28T17:30:00Z,414,Heaton,MUN,GKP,40,0,0,0.1,148,833,148,833,i,Hamstring injury - Unknown return date,2026-08-15T16:00:07.854151Z,0,0,,,,0.0,0,0,0,0,0,0,0,0,0,0,0,0,0,0.00,0.00,0.00,0.00,0.0,0.0
2026-08-27T03:28:50+00:00,2026-08-26,daily,2,2026-08-28T17:30:00Z,415,Dorgu,MUN,MID,60,0,0,1.2,3660,20756,3660,20756,a,,,,,,,,0.0,0,0,45,1,0,0,0,2,0,1,1,0,0,0.47,0.03,0.50,0.92,2.2,2.2
2026-08-27T03:28:50+00:00,2026-08-26,daily,2,2026-08-28T17:30:00Z,416,De Ligt,MUN,DEF,50,0,0,0.0,94,423,94,423,i,Back injury - Unknown return date,2026-07-23T12:01:23.690880Z,0,0,,,,0.0,0,0,0,0,0,0,0,0,0,0,0,0,0,0.00,0.00,0.00,0.00,0.0,0.0
2026-08-27T03:28:50+00:00,2026-08-26,daily,2,2026-08-28T17:30:00Z,417,Dalot,MUN,DEF,50,0,0,2.5,6368,23300,6368,23300,a,,,,,,,,1.0,1,1,10,0,0,0,0,0,0,3,1,2,1,0.00,0.00,0.00,0.00,2.2,2.2
2026-08-27T03:28:50+00:00,2026-08-26,daily,2,2026-08-28T17:30:00Z,418,Maguire,MUN,DEF,50,0,0,17.3,36428,76334,36428,76334,a,,,,,,,,1.0,1,1,90,1,0,0,0,2,0,4,4,0,5,0.04,0.40,0.44,1.01,2.2,2.2
2026-08-27T03:28:50+00:00,2026-08-26,daily,2,2026-08-28T17:30:00Z,419,Martinez,MUN,DEF,50,0,0,1.3,5748,14323,5748,14323,a,,2026-07-24T20:00:10.337107Z,100,100,,,,0.0,0,0,0,0,0,0,0,0,0,0,0,0,0,0.00,0.00,0.00,0.00,2.2,2.2
2026-08-27T03:28:50+00:00,2026-08-26,daily,2,2026-08-28T17:30:00Z,420,Yoro,MUN,DEF,50,0,0,0.7,1377,8085,1377,8085,a,,,,,,,,0.0,0,0,0,0,0,0,0,0,0,0,0,0,0,0.00,0.00,0.00,0.00,2.2,2.2
2026-08-27T03:28:50+00:00,2026-08-26,daily,2,2026-08-28T17:30:00Z,421,Heaven,MUN,DEF,45,0,0,0.4,2375,3126,2375,3126,a,,,,,,,,1.0,1,1,90,1,0,0,0,2,0,2,1,1,4,0.12,0.04,0.16,1.01,1.7,1.7
2026-08-27T03:28:50+00:00,2026-08-26,daily,2,2026-08-28T17:30:00Z,422,Mazraoui,MUN,DEF,45,0,0,0.7,4349,4652,4349,4652,a,,,,,,,,1.0,1,1,79,1,0,0,0,2,0,5,4,1,3,0.22,0.05,0.27,1.01,1.7,1.7
2026-08-27T03:28:50+00:00,2026-08-26,daily,2,2026-08-28T17:30:00Z,423,Shaw,MUN,DEF,45,0,0,19.9,29954,88288,29954,88288,a,,,,,,,3,1.0,1,1,90,1,0,0,0,2,0,4,3,1,3,0.00,0.26,0.26,1.01,1.7,1.7
2026-08-27T03:28:50+00:00,2026-08-26,daily,2,2026-08-28T17:30:00Z,424,Amass,MUN,DEF,40,0,0,0.2,715,1554,715,1554,a,,,,,,,,0.0,0,0,0,0,0,0,0,0,0,0,0,0,0,0.00,0.00,0.00,0.00,1.0,1.0
2026-08-27T03:28:50+00:00,2026-08-26,daily,2,2026-08-28T17:30:00Z,425,Fredricson,MUN,DEF,40,0,0,0.0,0,598,0,598,u,Has joined Lausanne-Sport permanently,2026-08-18T14:12:31.904433Z,0,0,,,,0.0,0,0,0,0,0,0,0,0,0,0,0,0,0,0.00,0.00,0.00,0.00,0.0,0.0
2026-08-27T03:28:50+00:00,2026-08-26,daily,2,2026-08-28T17:30:00Z,426,B.Fernandes,MUN,MID,120,0,0,48.9,32185,162944,32185,162944,a,,,,,1,1,1,2.0,2,2,90,1,0,0,0,2,0,6,1,0,5,0.08,0.26,0.34,1.01,4.0,4.0
2026-08-27T03:28:50+00:00,2026-08-26,daily,2,2026-08-28T17:30:00Z,427,Mbeumo,MUN,MID,80,0,0,36.4,53216,150855,53216,150855,a,,,,,2,2,2,2.0,2,2,90,1,0,0,0,2,0,4,0,0,4,0.50,0.23,0.73,1.01,2.8,2.8
2026-08-27T03:28:50+00:00,2026-08-26,daily,2,2026-08-28T17:30:00Z,428,Cunha,MUN,MID,80,0,0,9.6,18915,66905,18915,66905,a,,,,,,,,2.0,2,2,79,1,0,0,0,2,0,3,0,0,3,0.24,0.21,0.45,1.01,2.8,2.8
2026-08-27T03:28:50+00:00,2026-08-26,daily,2,2026-08-28T17:30:00Z,429,Rashford,MUN,MID,70,0,0,1.7,11422,16495,11422,16495,a,,,,,,,,1.0,1,1,45,0,0,0,0,0,0,1,0,0,1,0.00,0.10,0.10,0.09,2.5,2.5
2026-08-27T03:28:50+00:00,2026-08-26,daily,2,2026-08-28T17:30:00Z,430,Mount,MUN,MID,55,0,0,0.0,29,580,29,580,d,Foot injury - 75% chance of playing,2026-08-15T16:00:07.879135Z,50,75,,3,,0.0,0,0,0,0,0,0,0,0,0,0,0,0,0,0.00,0.00,0.00,0.00,1.0,1.5
2026-08-27T03:28:50+00:00,2026-08-26,daily,2,2026-08-28T17:30:00Z,431,Amad,MUN,MID,59,-1,-1,1.1,1454,40910,1454,40910,d,Unspecified injury - 75% chance of playing,2026-08-22T11:00:08.617283Z,,75,,,4,0.0,0,0,0,0,0,0,0,0,0,0,0,0,0,0.00,0.00,0.00,0.00,2.1,1.6
2026-08-27T03:28:50+00:00,2026-08-26,daily,2,2026-08-28T17:30:00Z,432,Mainoo,MUN,MID,55,0,0,1.0,2614,10779,2614,10779,a,,,,,,,,1.0,1,1,23,0,0,0,0,0,0,1,0,0,1,0.07,0.01,0.08,0.07,2.0,2.0
2026-08-27T03:28:50+00:00,2026-08-26,daily,2,2026-08-28T17:30:00Z,433,Ugarte,MUN,MID,50,0,0,0.0,17,79,17,79,i,Knee injury - Unknown return date,2026-07-23T12:01:23.706702Z,0,0,,,,0.0,0,0,0,0,0,0,0,0,0,0,0,0,0,0.00,0.00,0.00,0.00,0.0,0.0
2026-08-27T03:28:50+00:00,2026-08-26,daily,2,2026-08-28T17:30:00Z,434,J.Fletcher,MUN,MID,50,0,0,0.0,36,131,36,131,a,,,,,,,,0.0,0,0,0,0,0,0,0,0,0,0,0,0,0,0.00,0.00,0.00,0.00,1.5,1.5
2026-08-27T03:28:50+00:00,2026-08-26,daily,2,2026-08-28T17:30:00Z,435,Lacey,MUN,MID,50,0,0,0.0,250,455,250,455,a,,,,,,,,1.0,1,1,10,0,0,0,0,0,0,1,0,0,1,0.00,0.00,0.00,0.00,1.5,1.5
2026-08-27T03:28:50+00:00,2026-08-26,daily,2,2026-08-28T17:30:00Z,436,Collyer,MUN,MID,50,0,0,0.0,52,188,52,188,a,,,,,,,,0.0,0,0,0,0,0,0,0,0,0,0,0,0,0,0.00,0.00,0.00,0.00,1.5,1.5
2026-08-27T03:28:50+00:00,2026-08-26,daily,2,2026-08-28T17:30:00Z,437,Bendito Mantato,MUN,MID,45,0,0,0.2,821,1895,821,1895,a,,,,,,,,0.0,0,0,0,0,0,0,0,0,0,0,0,0,0,0.00,0.00,0.00,0.00,1.0,1.0
2026-08-27T03:28:50+00:00,2026-08-26,daily,2,2026-08-28T17:30:00Z,438,Fletcher,MUN,MID,45,0,0,0.3,1124,3152,1124,3152,a,,,,,,,,0.0,0,0,0,0,0,0,0,0,0,0,0,0,0,0.00,0.00,0.00,0.00,1.0,1.0
2026-08-27T03:28:50+00:00,2026-08-26,daily,2,2026-08-28T17:30:00Z,439,Šeško,MUN,FWD,70,0,0,1.7,21301,11423,21301,11423,a,,2026-07-23T12:01:23.722029Z,75,100,,,,1.0,1,1,23,0,0,0,0,0,0,0,0,0,0,0.04,0.00,0.04,0.07,1.7,2.2
2026-08-27T03:28:50+00:00,2026-08-26,daily,2,2026-08-28T17:30:00Z,440,Zirkzee,MUN,FWD,55,0,0,0.6,1703,9619,1703,9619,a,,,,,,,,0.0,0,0,0,0,0,0,0,0,0,0,0,0,0,0.00,0.00,0.00,0.00,1.8,1.8
2026-08-27T03:28:50+00:00,2026-08-26,daily,2,2026-08-28T17:30:00Z,441,Obi,MUN,FWD,45,0,0,1.1,4910,8907,4910,8907,a,,,,,,,,0.0,0,0,0,0,0,0,0,0,0,0,0,0,0,0.00,0.00,0.00,0.00,1.0,1.0
2026-08-27T03:28:50+00:00,2026-08-26,daily,2,2026-08-28T17:30:00Z,442,Pope,NEW,GKP,50,0,0,1.3,2131,8894,2131,8894,a,,,,,,,,0.0,0,0,0,0,0,0,0,0,0,0,0,0,0,0.00,0.00,0.00,0.00,2.6,2.6
2026-08-27T03:28:50+00:00,2026-08-26,daily,2,2026-08-28T17:30:00Z,443,Gillespie,NEW,GKP,45,0,0,0.0,129,180,129,180,a,,,,,,,,0.0,0,0,0,0,0,0,0,0,0,0,0,0,0,0.00,0.00,0.00,0.00,1.9,1.9
2026-08-27T03:28:50+00:00,2026-08-26,daily,2,2026-08-28T17:30:00Z,444,Jaouen,NEW,GKP,45,0,0,0.0,84,276,84,276,a,,,,,,,,0.0,0,0,0,0,0,0,0,0,0,0,0,0,0,0.00,0.00,0.00,0.00,1.9,1.9
2026-08-27T03:28:50+00:00,2026-08-26,daily,2,2026-08-28T17:30:00Z,445,Thiaw,NEW,DEF,50,0,0,1.7,13438,7338,13438,7338,a,,,,,,,,3.0,3,3,90,1,0,0,0,2,0,15,15,0,2,0.00,0.00,0.00,2.98,2.2,2.2
2026-08-27T03:28:50+00:00,2026-08-26,daily,2,2026-08-28T17:30:00Z,446,Schär,NEW,DEF,50,0,0,0.3,1549,1364,1549,1364,a,,2026-08-15T16:30:07.209742Z,100,100,,2,,1.0,1,1,1,0,0,0,0,1,0,0,0,0,0,0.00,0.00,0.00,0.79,2.2,2.2
2026-08-27T03:28:50+00:00,2026-08-26,daily,2,2026-08-28T17:30:00Z,447,Botman,NEW,DEF,50,0,0,0.5,6688,2389,6688,2389,a,,,,,,,,3.0,3,3,90,1,0,0,0,2,0,10,10,0,2,0.00,0.01,0.01,2.98,2.2,2.2
2026-08-27T03:28:50+00:00,2026-08-26,daily,2,2026-08-28T17:30:00Z,448,Burn,NEW,DEF,50,0,0,1.8,6196,57776,6196,57776,i,Ankle injury - Expected back 14 Sep,2026-08-23T18:00:08.367241Z,,0,,,,0.0,0,0,0,0,0,0,0,0,0,0,0,0,0,0.00,0.00,0.00,0.00,2.2,0.0
2026-08-27T03:28:50+00:00,2026-08-26,daily,2,2026-08-28T17:30:00Z,449,Hall,NEW,DEF,50,0,0,4.0,41122,13609,41122,13609,a,,,,,,1,1,3.0,3,3,90,1,0,0,0,2,0,11,6,5,8,0.00,0.35,0.35,2.98,2.2,2.2
2026-08-27T03:28:50+00:00,2026-08-26,daily,2,2026-08-28T17:30:00Z,450,Livramento,NEW,DEF,50,0,0,0.0,76,1006,76,1006,i,Calf injury - Unknown return date,2026-07-23T12:01:23.753221Z,0,0,,,,0.0,0,0,0,0,0,0,0,0,0,0,0,0,0,0.00,0.00,0.00,0.00,0.0,0.0
2026-08-27T03:28:50+00:00,2026-08-26,daily,2,2026-08-28T17:30:00Z,451,A.Murphy,NEW,DEF,40,0,0,0.1,0,2844,0,2844,u,Has joined FC Kaiserslautern on loan for the rest of the season,2026-08-12T14:05:29.224600Z,0,0,,,,0.0,0,0,0,0,0,0,0,0,0,0,0,0,0,0.00,0.00,0.00,0.00,0.0,0.0
2026-08-27T03:28:50+00:00,2026-08-26,daily,2,2026-08-28T17:30:00Z,453,Barnes,NEW,MID,60,0,0,1.1,7378,6950,7378,6950,a,,,,,,,,2.0,2,2,90,1,0,0,0,2,0,8,3,1,4,0.07,0.02,0.09,2.98,2.2,2.2
2026-08-27T03:28:50+00:00,2026-08-26,daily,2,2026-08-28T17:30:00Z,454,Elanga,NEW,MID,60,0,0,1.8,63121,7800,63121,7800,a,,,,,,,4,9.0,9,9,75,1,1,0,0,1,0,2,1,0,1,0.22,0.01,0.23,1.94,2.2,2.2
2026-08-27T03:28:50+00:00,2026-08-26,daily,2,2026-08-28T17:30:00Z,456,J.Ramsey,NEW,MID,50,0,0,0.4,1145,3297,1145,3297,a,,,,,,,,0.0,0,0,34,0,0,0,0,1,0,6,3,2,1,0.06,0.01,0.07,1.50,1.5,1.5
2026-08-27T03:28:50+00:00,2026-08-26,daily,2,2026-08-28T17:30:00Z,457,J.Murphy,NEW,MID,60,0,0,0.2,562,1861,562,1861,a,,,,,,,2,0.0,0,0,14,0,0,0,0,1,0,2,1,0,1,0.00,0.00,0.00,1.04,2.2,2.2
2026-08-27T03:28:50+00:00,2026-08-26,daily,2,2026-08-28T17:30:00Z,458,Joelinton,NEW,MID,55,0,0,0.0,33,845,33,845,i,Unspecified injury - Unknown return date,2026-08-16T08:00:08.074045Z,0,0,,,,0.0,0,0,0,0,0,0,0,0,0,0,0,0,0,0.00,0.00,0.00,0.00,0.0,0.0
2026-08-27T03:28:50+00:00,2026-08-26,daily,2,2026-08-28T17:30:00Z,459,L.Miley,NEW,MID,55,0,0,0.1,921,364,921,364,a,,2026-07-23T12:01:23.785456Z,100,100,,,3,3.0,3,3,75,1,0,0,0,1,0,13,6,1,6,0.05,0.01,0.06,1.94,2.0,2.0
2026-08-27T03:28:50+00:00,2026-08-26,daily,2,2026-08-28T17:30:00Z,460,Willock,NEW,MID,50,0,0,0.2,5504,1288,5504,1288,a,,,,,,,,6.0,6,6,34,0,1,0,0,1,0,3,0,2,1,0.09,0.17,0.26,1.50,1.5,1.5
2026-08-27T03:28:50+00:00,2026-08-26,daily,2,2026-08-28T17:30:00Z,461,Touré,NEW,MID,60,0,0,0.2,384,3057,384,3057,a,,,,,,,,0.0,0,0,0,0,0,0,0,0,0,0,0,0,0,0.00,0.00,0.00,0.00,2.2,2.2
2026-08-27T03:28:50+00:00,2026-08-26,daily,2,2026-08-28T17:30:00Z,462,Steur,NEW,MID,50,0,0,0.1,587,742,587,742,a,,,,,,,,1.0,1,1,55,1,0,0,0,1,0,2,0,0,2,0.00,0.00,0.00,1.48,1.5,1.5
2026-08-27T03:28:50+00:00,2026-08-26,daily,2,2026-08-28T17:30:00Z,463,Woltemade,NEW,FWD,60,0,0,1.6,5697,22524,5697,22524,a,,,,,1,,,0.0,0,0,0,0,0,0,0,0,0,0,0,0,0,0.00,0.00,0.00,0.00,2.0,2.0
2026-08-27T03:28:50+00:00,2026-08-26,daily,2,2026-08-28T17:30:00Z,464,Wissa,NEW,FWD,60,0,0,2.9,95716,14620,95716,14620,a,,,,,3,,,4.0,4,4,90,1,0,1,0,1,0,8,1,4,3,1.00,0.02,1.02,2.19,2.0,2.0
2026-08-27T03:28:50+00:00,2026-08-26,daily,2,2026-08-28T17:30:00Z,465,Osula,NEW,FWD,60,0,0,1.1,20081,11812,20081,11812,d,Knock - 50% chance of playing,2026-08-25T19:00:08.004915Z,,50,2,,,4.0,4,4,55,1,0,1,0,1,0,5,2,1,2,0.06,0.14,0.20,1.48,2.0,1.0
2026-08-27T03:28:50+00:00,2026-08-26,daily,2,2026-08-28T17:30:00Z,466,Neave,NEW,FWD,45,0,0,0.8,4910,6100,4910,6100,a,,,,,,,,0.0,0,0,0,0,0,0,0,0,0,0,0,0,0,0.00,0.00,0.00,0.00,1.0,1.0
2026-08-27T03:28:50+00:00,2026-08-26,daily,2,2026-08-28T17:30:00Z,559,Bamba,NEW,MID,50,0,0,0.1,552,1219,552,1219,a,,,,,,,,1.0,1,1,14,0,0,0,0,1,0,2,1,1,0,0.00,0.00,0.00,1.04,1.5,1.5
2026-08-27T03:28:50+00:00,2026-08-26,daily,2,2026-08-28T17:30:00Z,567,Horníček,NEW,GKP,50,0,0,0.7,3945,2900,3945,2900,a,,,,,,,,1.0,1,1,90,1,0,0,0,2,5,0,3,0,5,0.00,0.00,0.00,2.98,2.6,2.6
2026-08-27T03:28:50+00:00,2026-08-26,daily,2,2026-08-28T17:30:00Z,593,Dedić,NEW,DEF,45,0,0,0.3,5270,1347,5270,1347,a,,,,,,,,1.0,1,1,90,1,0,0,0,2,0,9,7,2,2,0.03,0.00,0.03,2.98,1.7,1.7
2026-08-27T03:28:50+00:00,2026-08-26,daily,2,2026-08-28T17:30:00Z,609,Shahar,NEW,DEF,40,0,0,0.1,2871,448,2871,448,a,,,,,,,,0.0,0,0,0,0,0,0,0,0,0,0,0,0,0,0.00,0.00,0.00,0.00,1.0,1.0
2026-08-27T03:28:50+00:00,2026-08-26,daily,2,2026-08-28T17:30:00Z,467,Sels,NFO,GKP,50,0,0,1.5,2059,7240,2059,7240,a,,,,,,,,2.0,2,2,90,1,0,0,0,1,2,0,0,0,9,0.00,0.00,0.00,0.47,2.6,2.6
2026-08-27T03:28:50+00:00,2026-08-26,daily,2,2026-08-28T17:30:00Z,468,John,NFO,GKP,45,0,0,0.1,132,348,132,348,a,,,,,,,,0.0,0,0,0,0,0,0,0,0,0,0,0,0,0,0.00,0.00,0.00,0.00,1.9,1.9
2026-08-27T03:28:50+00:00,2026-08-26,daily,2,2026-08-28T17:30:00Z,469,N.Williams,NFO,DEF,50,0,0,9.3,11852,52712,11852,52712,a,,,,,,2,1,2.0,2,2,90,1,0,0,0,1,0,6,3,3,10,0.00,0.02,0.02,0.47,2.2,2.2
2026-08-27T03:28:50+00:00,2026-08-26,daily,2,2026-08-28T17:30:00Z,470,Morato,NFO,DEF,50,0,0,0.0,202,481,202,481,a,,,,,,,,0.0,0,0,0,0,0,0,0,0,0,0,0,0,0,0.00,0.00,0.00,0.00,2.2,2.2
2026-08-27T03:28:50+00:00,2026-08-26,daily,2,2026-08-28T17:30:00Z,471,Milenković,NFO,DEF,55,0,0,1.9,2031,10689,2031,10689,a,,,,,,,,2.0,2,2,90,1,0,0,0,1,0,7,7,0,6,0.11,0.02,0.13,0.47,2.5,2.5
2026-08-27T03:28:50+00:00,2026-08-26,daily,2,2026-08-28T17:30:00Z,472,Murillo,NFO,DEF,55,0,0,1.7,6833,7641,6833,7641,a,,2026-07-23T12:01:23.801183Z,100,100,,3,,4.0,4,4,90,1,0,0,0,1,0,14,12,2,3,0.00,0.28,0.28,0.47,2.5,2.5
2026-08-27T03:28:50+00:00,2026-08-26,daily,2,2026-08-28T17:30:00Z,473,Aina,NFO,DEF,45,0,0,3.5,13564,15406,13564,15406,a,,,,,,,,5.0,5,5,73,1,0,0,1,0,0,2,2,0,4,0.04,0.17,0.21,0.34,1.7,1.7
2026-08-27T03:28:50+00:00,2026-08-26,daily,2,2026-08-28T17:30:00Z,474,Jair Cunha,NFO,DEF,45,0,0,0.2,213,1077,213,1077,a,,,,,,,,1.0,1,1,90,1,0,0,0,1,0,8,7,1,0,0.00,0.00,0.00,0.47,1.7,1.7
2026-08-27T03:28:50+00:00,2026-08-26,daily,2,2026-08-28T17:30:00Z,475,Savona,NFO,DEF,45,0,0,0.0,55,36,55,36,i,Knee injury - Unknown return date,2026-07-23T12:01:23.816304Z,0,0,,,,0.0,0,0,0,0,0,0,0,0,0,0,0,0,0,0.00,0.00,0.00,0.00,0.0,0.0
2026-08-27T03:28:50+00:00,2026-08-26,daily,2,2026-08-28T17:30:00Z,476,O.Richards,NFO,DEF,40,0,0,0.2,402,1495,402,1495,a,,,,,,,,0.0,0,0,0,0,0,0,0,0,0,0,0,0,0,0.00,0.00,0.00,0.00,1.0,1.0
2026-08-27T03:28:50+00:00,2026-08-26,daily,2,2026-08-28T17:30:00Z,477,Abbott,NFO,DEF,40,0,0,0.3,802,1657,802,1657,a,,,,,,,,0.0,0,0,0,0,0,0,0,0,0,0,0,0,0,0.00,0.00,0.00,0.00,1.0,1.0
2026-08-27T03:28:50+00:00,2026-08-26,daily,2,2026-08-28T17:30:00Z,478,Netz,NFO,DEF,45,0,0,0.0,81,215,81,215,a,,,,,,,,1.0,1,1,16,0,0,0,0,1,0,0,0,0,1,0.00,0.00,0.00,0.13,1.7,1.7
2026-08-27T03:28:50+00:00,2026-08-26,daily,2,2026-08-28T17:30:00Z,479,Bindon,NFO,DEF,40,0,0,0.2,284,1030,284,1030,a,,,,,,,,0.0,0,0,0,0,0,0,0,0,0,0,0,0,0,0.00,0.00,0.00,0.00,1.0,1.0
2026-08-27T03:28:50+00:00,2026-08-26,daily,2,2026-08-28T17:30:00Z,480,Gibbs-White,NFO,MID,80,0,0,9.4,7049,184218,7049,184218,d,Knee injury - 75% chance of playing,2026-08-24T15:30:08.350159Z,,75,2,1,,2.0,2,2,90,1,0,0,0,1,0,3,1,0,2,0.13,0.06,0.19,0.47,2.8,2.1
2026-08-27T03:28:50+00:00,2026-08-26,daily,2,2026-08-28T17:30:00Z,482,Hudson-Odoi,NFO,MID,60,0,0,0.2,568,3564,568,3564,a,,2026-07-23T12:01:23.832709Z,100,100,,4,,0.0,0,0,0,0,0,0,0,0,0,0,0,0,0,0.00,0.00,0.00,0.00,2.2,2.2
2026-08-27T03:28:50+00:00,2026-08-26,daily,2,2026-08-28T17:30:00Z,483,Ndoye,NFO,MID,55,0,0,0.4,779,3378,779,3378,a,,,,,,,,3.0,3,3,61,1,0,0,1,0,0,3,1,1,1,0.00,0.00,0.00,0.25,2.0,2.0
2026-08-27T03:28:50+00:00,2026-08-26,daily,2,2026-08-28T17:30:00Z,484,Hutchinson,NFO,MID,55,0,0,0.2,160,1527,160,1527,a,,,,,,,4,0.0,0,0,0,0,0,0,0,0,0,0,0,0,0,0.00,0.00,0.00,0.00,2.0,2.0
2026-08-27T03:28:50+00:00,2026-08-26,daily,2,2026-08-28T17:30:00Z,485,Bakwa,NFO,MID,55,0,0,0.0,100,247,100,247,a,,,,,,,,0.0,0,0,0,0,0,0,0,0,0,0,0,0,0,0.00,0.00,0.00,0.00,2.0,2.0
2026-08-27T03:28:50+00:00,2026-08-26,daily,2,2026-08-28T17:30:00Z,486,McAtee,NFO,MID,55,0,0,0.1,397,316,397,316,a,,,,,,,2,3.0,3,3,73,1,0,0,1,0,0,8,2,1,5,0.00,0.16,0.16,0.34,2.0,2.0
2026-08-27T03:28:50+00:00,2026-08-26,daily,2,2026-08-28T17:30:00Z,487,Dominguez,NFO,MID,50,0,0,0.1,166,778,166,778,a,,,,,,,,0.0,0,0,0,0,0,0,0,0,0,0,0,0,0,0.00,0.00,0.00,0.00,1.5,1.5
2026-08-27T03:28:50+00:00,2026-08-26,daily,2,2026-08-28T17:30:00Z,488,I.Sangaré,NFO,MID,50,0,0,1.0,2321,8462,2321,8462,a,,,,,,,,2.0,2,2,90,1,0,0,0,1,0,6,3,0,3,0.03,0.01,0.04,0.47,1.5,1.5
2026-08-27T03:28:50+00:00,2026-08-26,daily,2,2026-08-28T17:30:00Z,489,Yates,NFO,MID,45,0,0,1.5,569,31735,569,31735,i,Unspecified injury - Unknown return date,2026-08-17T20:30:08.195072Z,0,0,,,,0.0,0,0,0,0,0,0,0,0,0,0,0,0,0,0.00,0.00,0.00,0.00,0.0,0.0
2026-08-27T03:28:50+00:00,2026-08-26,daily,2,2026-08-28T17:30:00Z,490,Wood,NFO,FWD,60,0,0,1.7,3569,19234,3569,19234,a,,,,,1,,,1.0,1,1,28,0,0,0,0,1,0,1,0,0,1,0.12,0.01,0.13,0.22,2.0,2.0
2026-08-27T03:28:50+00:00,2026-08-26,daily,2,2026-08-28T17:30:00Z,491,Igor Jesus,NFO,FWD,60,0,0,3.9,7577,34800,7577,34800,a,,,,,3,,,2.0,2,2,90,1,0,0,0,1,0,3,2,0,1,0.22,0.02,0.24,0.47,2.0,2.0
2026-08-27T03:28:50+00:00,2026-08-26,daily,2,2026-08-28T17:30:00Z,493,Kalimuendo,NFO,FWD,55,0,0,0.1,253,525,253,525,a,,,,,,,,1.0,1,1,1,0,0,0,0,0,0,0,0,0,0,0.00,0.00,0.00,0.00,1.8,1.8
2026-08-27T03:28:50+00:00,2026-08-26,daily,2,2026-08-28T17:30:00Z,558,Schlager,NFO,MID,50,0,0,0.1,123,762,123,762,a,,,,,,,3,1.0,1,1,16,0,0,0,0,1,0,1,0,0,1,0.00,0.00,0.00,0.13,1.5,1.5
2026-08-27T03:28:50+00:00,2026-08-26,daily,2,2026-08-28T17:30:00Z,581,Diomande,NFO,DEF,55,0,0,0.8,2997,8828,2997,8828,a,,,,,,,,0.0,0,0,0,0,0,0,0,0,0,0,0,0,0,0.00,0.00,0.00,0.00,2.5,2.5
2026-08-27T03:28:50+00:00,2026-08-26,daily,2,2026-08-28T17:30:00Z,590,Benda,NFO,GKP,45,0,0,0.1,498,427,498,427,a,,,,,,,,0.0,0,0,0,0,0,0,0,0,0,0,0,0,0,0.00,0.00,0.00,0.00,1.9,1.9
2026-08-27T03:28:50+00:00,2026-08-26,daily,2,2026-08-28T17:30:00Z,112,Van Hecke,TOT,DEF,50,0,0,9.9,30608,72024,30608,72024,a,,,,,,,,1.0,1,1,90,1,0,0,0,3,0,9,7,2,3,0.00,0.03,0.03,3.87,2.2,2.2
2026-08-27T03:28:50+00:00,2026-08-26,daily,2,2026-08-28T17:30:00Z,403,Sávio,TOT,MID,65,0,0,0.4,13607,3660,13607,3660,a,,,,,,,,0.0,0,0,0,0,0,0,0,0,0,0,0,0,0,0.00,0.00,0.00,0.00,2.3,2.3
2026-08-27T03:28:50+00:00,2026-08-26,daily,2,2026-08-28T17:30:00Z,455,Tonali,TOT,MID,55,0,0,3.9,9606,37494,9606,37494,a,,,,,,5,2,2.0,2,2,90,1,0,0,0,3,0,4,0,1,3,0.04,0.06,0.10,3.87,2.0,2.0
2026-08-27T03:28:50+00:00,2026-08-26,daily,2,2026-08-28T17:30:00Z,494,Vicario,TOT,GKP,45,0,0,0.3,0,9826,0,9826,u,Has joined Juventus on loan for the rest of the season,2026-08-19T13:55:33.193962Z,0,0,,,,0.0,0,0,0,0,0,0,0,0,0,0,0,0,0,0.00,0.00,0.00,0.00,0.0,0.0
2026-08-27T03:28:50+00:00,2026-08-26,daily,2,2026-08-28T17:30:00Z,495,Austin,TOT,GKP,40,0,0,0.9,2307,2749,2307,2749,a,,,,,,,,0.0,0,0,0,0,0,0,0,0,0,0,0,0,0,0.00,0.00,0.00,0.00,1.0,1.0
2026-08-27T03:28:50+00:00,2026-08-26,daily,2,2026-08-28T17:30:00Z,496,Kinsky,TOT,GKP,45,0,0,23.0,23449,58615,23449,58615,a,,,,,,,,2.0,2,2,90,1,0,0,0,3,5,0,4,0,12,0.00,0.00,0.00,3.87,1.9,1.9
2026-08-27T03:28:50+00:00,2026-08-26,daily,2,2026-08-28T17:30:00Z,497,Dubravka,TOT,GKP,40,0,0,18.7,24489,45333,24489,45333,a,,,,,,,,0.0,0,0,0,0,0,0,0,0,0,0,0,0,0,0.00,0.00,0.00,0.00,1.0,1.0
2026-08-27T03:28:50+00:00,2026-08-26,daily,2,2026-08-28T17:30:00Z,498,Senesi,TOT,DEF,60,0,0,7.8,11922,44654,11922,44654,a,,,,,,,,3.0,3,3,90,1,0,0,0,3,0,16,11,5,2,0.00,0.02,0.02,3.87,2.8,2.8
2026-08-27T03:28:50+00:00,2026-08-26,daily,2,2026-08-28T17:30:00Z,499,Pedro Porro,TOT,DEF,55,0,0,13.8,9758,278906,9758,278906,a,,2026-08-21T15:22:48.149081Z,0,100,,1,1,0.0,0,0,0,0,0,0,0,0,0,0,0,0,0,0.00,0.00,0.00,0.00,0.0,2.5
2026-08-27T03:28:50+00:00,2026-08-26,daily,2,2026-08-28T17:30:00Z,500,Romero,TOT,DEF,50,0,0,0.2,0,9511,0,9511,u,Has joined Atletico Madrid permanently,2026-08-17T13:49:05.465401Z,0,0,,,,0.0,0,0,0,0,0,0,0,0,0,0,0,0,0,0.00,0.00,0.00,0.00,0.0,0.0
2026-08-27T03:28:50+00:00,2026-08-26,daily,2,2026-08-28T17:30:00Z,501,Danso,TOT,DEF,50,0,0,0.2,866,1848,866,1848,a,,,,,,,,0.0,0,0,0,0,0,0,0,0,0,0,0,0,0,0.00,0.00,0.00,0.00,2.2,2.2
2026-08-27T03:28:50+00:00,2026-08-26,daily,2,2026-08-28T17:30:00Z,502,Robertson,TOT,DEF,45,0,0,3.8,15661,16679,15661,16679,a,,,,,,,3,3.0,3,3,90,1,0,0,0,3,0,11,9,2,3,0.00,0.06,0.06,3.87,1.7,1.7
2026-08-27T03:28:50+00:00,2026-08-26,daily,2,2026-08-28T17:30:00Z,503,Van de Ven,TOT,DEF,50,0,0,4.3,4401,112615,4401,112615,a,,2026-08-21T15:00:07.610517Z,0,100,,,,0.0,0,0,0,0,0,0,0,0,0,0,0,0,0,0.00,0.00,0.00,0.00,0.0,2.2
2026-08-27T03:28:50+00:00,2026-08-26,daily,2,2026-08-28T17:30:00Z,505,Spence,TOT,DEF,45,0,0,0.5,0,40804,0,40804,u,Has joined Internazionale permanently,2026-08-18T14:13:08.454214Z,0,0,,,,0.0,0,0,0,0,0,0,0,0,0,0,0,0,0,0.00,0.00,0.00,0.00,0.0,0.0
2026-08-27T03:28:50+00:00,2026-08-26,daily,2,2026-08-28T17:30:00Z,506,Udogie,TOT,DEF,45,0,0,0.5,1389,3490,1389,3490,a,,,,,,,,1.0,1,1,4,0,0,0,0,0,0,0,0,0,2,0.00,0.02,0.02,0.44,1.7,1.7
2026-08-27T03:28:50+00:00,2026-08-26,daily,2,2026-08-28T17:30:00Z,507,Phillips,TOT,DEF,45,0,0,0.0,0,564,0,564,u,Has joined Middlesbrough permanently,2026-08-18T14:13:08.474144Z,0,0,,,,0.0,0,0,0,0,0,0,0,0,0,0,0,0,0,0.00,0.00,0.00,0.00,0.0,0.0
2026-08-27T03:28:50+00:00,2026-08-26,daily,2,2026-08-28T17:30:00Z,508,Davies,TOT,DEF,40,0,0,1.1,2245,6658,2245,6658,a,,,,,,,,0.0,0,0,0,0,0,0,0,0,0,0,0,0,0,0.00,0.00,0.00,0.00,1.0,1.0
2026-08-27T03:28:50+00:00,2026-08-26,daily,2,2026-08-28T17:30:00Z,509,Byfield,TOT,DEF,40,0,0,0.1,260,425,260,425,a,,,,,,,,0.0,0,0,0,0,0,0,0,0,0,0,0,0,0,0.00,0.00,0.00,0.00,1.0,1.0
2026-08-27T03:28:50+00:00,2026-08-26,daily,2,2026-08-28T17:30:00Z,510,Rowswell,TOT,DEF,40,0,0,0.1,259,536,259,536,a,,,,,,,,0.0,0,0,0,0,0,0,0,0,0,0,0,0,0,0.00,0.00,0.00,0.00,1.0,1.0
2026-08-27T03:28:50+00:00,2026-08-26,daily,2,2026-08-28T17:30:00Z,511,Souza,TOT,DEF,40,0,0,0.3,914,2048,914,2048,a,,,,,,,,0.0,0,0,0,0,0,0,0,0,0,0,0,0,0,0.00,0.00,0.00,0.00,1.0,1.0
2026-08-27T03:28:50+00:00,2026-08-26,daily,2,2026-08-28T17:30:00Z,512,Kudus,TOT,MID,65,0,0,0.1,232,1826,232,1826,d,Thigh injury - 50% chance of playing,2026-07-23T12:01:23.848657Z,25,50,2,3,5,0.0,0,0,0,0,0,0,0,0,0,0,0,0,0,0.00,0.00,0.00,0.00,0.6,1.1
2026-08-27T03:28:50+00:00,2026-08-26,daily,2,2026-08-28T17:30:00Z,513,Xavi,TOT,MID,60,0,0,0.0,56,286,56,286,i,Knee injury - Unknown return date,2026-07-23T12:01:23.864304Z,0,0,3,2,6,0.0,0,0,0,0,0,0,0,0,0,0,0,0,0,0.00,0.00,0.00,0.00,0.0,0.0
2026-08-27T03:28:50+00:00,2026-08-26,daily,2,2026-08-28T17:30:00Z,514,Tel,TOT,MID,60,0,0,0.5,2214,6281,2214,6281,a,,,,,,4,4,2.0,2,2,90,1,0,0,0,3,0,8,1,0,7,0.06,0.06,0.12,3.87,2.2,2.2
2026-08-27T03:28:50+00:00,2026-08-26,daily,2,2026-08-28T17:30:00Z,515,Maddison,TOT,MID,65,0,0,1.2,2649,21625,2649,21625,d,Shoulder injury - 75% chance of playing,2026-08-25T14:30:07.623508Z,,75,,,,1.0,1,1,22,0,0,0,0,0,0,2,1,0,1,0.00,0.01,0.01,0.85,2.3,1.7
2026-08-27T03:28:50+00:00,2026-08-26,daily,2,2026-08-28T17:30:00Z,516,Bentancur,TOT,MID,55,0,0,0.2,396,1442,396,1442,a,,,,,,,,1.0,1,1,45,0,0,0,0,1,0,5,0,3,2,0.00,0.01,0.01,2.18,2.0,2.0
2026-08-27T03:28:50+00:00,2026-08-26,daily,2,2026-08-28T17:30:00Z,517,Odobert,TOT,MID,55,0,0,0.0,9,14,9,14,i,Knee injury - Unknown return date,2026-07-23T12:01:23.879434Z,0,0,,,,0.0,0,0,0,0,0,0,0,0,0,0,0,0,0,0.00,0.00,0.00,0.00,0.0,0.0
2026-08-27T03:28:50+00:00,2026-08-26,daily,2,2026-08-28T17:30:00Z,518,P.M.Sarr,TOT,MID,50,0,0,0.2,38,8259,38,8259,i,Hamstring injury - Unknown return date,2026-08-21T14:30:08.419690Z,0,0,,,,0.0,0,0,0,0,0,0,0,0,0,0,0,0,0,0.00,0.00,0.00,0.00,0.0,0.0
2026-08-27T03:28:50+00:00,2026-08-26,daily,2,2026-08-28T17:30:00Z,519,Gallagher,TOT,MID,55,0,0,0.3,867,3279,867,3279,a,,,,,,,,0.0,0,0,45,1,0,0,0,2,0,3,0,1,2,0.02,0.06,0.08,1.70,2.0,2.0
2026-08-27T03:28:50+00:00,2026-08-26,daily,2,2026-08-28T17:30:00Z,520,Bergvall,TOT,MID,55,0,0,0.2,486,1597,486,1597,a,,,,,,,,1.0,1,1,45,1,0,0,0,2,0,8,0,1,7,0.00,0.01,0.01,1.70,2.0,2.0
2026-08-27T03:28:50+00:00,2026-08-26,daily,2,2026-08-28T17:30:00Z,521,Kulusevski,TOT,MID,65,0,0,0.0,59,192,59,192,i,Knee injury - Unknown return date,2026-07-23T12:01:23.895175Z,0,0,,,,0.0,0,0,0,0,0,0,0,0,0,0,0,0,0,0.00,0.00,0.00,0.00,0.0,0.0
2026-08-27T03:28:50+00:00,2026-08-26,daily,2,2026-08-28T17:30:00Z,522,Gray,TOT,MID,50,0,0,0.2,1250,1883,1250,1883,a,,,,,,,,2.0,2,2,85,1,0,0,0,3,0,5,2,1,2,0.00,0.01,0.01,3.43,1.5,1.5
2026-08-27T03:28:50+00:00,2026-08-26,daily,2,2026-08-28T17:30:00Z,523,Moore,TOT,MID,50,0,0,0.2,1017,1700,1017,1700,a,,,,,,,,2.0,2,2,67,1,0,0,0,3,0,2,0,1,1,0.38,0.02,0.40,3.02,1.5,1.5
2026-08-27T03:28:50+00:00,2026-08-26,daily,2,2026-08-28T17:30:00Z,524,Olusesi,TOT,MID,45,0,0,0.8,1770,7357,1770,7357,a,,,,,,,,0.0,0,0,0,0,0,0,0,0,0,0,0,0,0,0.00,0.00,0.00,0.00,1.0,1.0
2026-08-27T03:28:50+00:00,2026-08-26,daily,2,2026-08-28T17:30:00Z,525,Fernandes,TOT,MID,60,0,0,1.7,2854,23005,2854,23005,a,,,,,,,,1.0,1,1,45,0,0,0,0,1,0,2,0,1,1,0.00,0.06,0.06,2.18,2.2,2.2
2026-08-27T03:28:50+00:00,2026-08-26,daily,2,2026-08-28T17:30:00Z,526,Solanke,TOT,FWD,60,0,0,1.3,3992,14747,3992,14747,a,,,,,1,,,1.0,1,1,22,0,0,0,0,0,0,0,0,0,0,0.07,0.00,0.07,0.85,2.0,2.0
2026-08-27T03:28:50+00:00,2026-08-26,daily,2,2026-08-28T17:30:00Z,527,Richarlison,TOT,FWD,60,0,0,3.0,10000,26653,10000,26653,a,,,,,4,,,2.0,2,2,67,1,0,0,0,3,0,1,1,0,0,0.00,0.00,0.00,3.02,2.0,2.0
2026-08-27T03:28:50+00:00,2026-08-26,daily,2,2026-08-28T17:30:00Z,528,Scarlett,TOT,FWD,45,0,0,1.7,9893,13092,9893,13092,a,,,,,,,,0.0,0,0,0,0,0,0,0,0,0,0,0,0,0,0.00,0.00,0.00,0.00,1.0,1.0
2026-08-27T03:28:50+00:00,2026-08-26,daily,2,2026-08-28T17:30:00Z,601,Williams-Barnett,TOT,MID,45,0,0,0.1,2012,419,2012,419,a,,,,,,,,0.0,0,0,0,0,0,0,0,0,0,0,0,0,0,0.00,0.00,0.00,0.00,1.0,1.0
2026-08-27T03:28:50+00:00,2026-08-26,daily,2,2026-08-28T17:30:00Z,529,Roefs,SUN,GKP,50,0,0,4.1,3339,20242,3339,20242,a,,,,,,,,1.0,1,1,90,1,0,0,0,2,1,0,1,0,8,0.00,0.00,0.00,1.80,2.6,2.6
2026-08-27T03:28:50+00:00,2026-08-26,daily,2,2026-08-28T17:30:00Z,530,Patterson,SUN,GKP,40,0,0,0.2,0,2014,0,2014,u,Has joined Wrexham permanently,2026-08-12T14:08:03.064533Z,0,0,,,,0.0,0,0,0,0,0,0,0,0,0,0,0,0,0,0.00,0.00,0.00,0.00,0.0,0.0
2026-08-27T03:28:50+00:00,2026-08-26,daily,2,2026-08-28T17:30:00Z,531,Ellborg,SUN,GKP,45,0,0,0.1,162,618,162,618,a,,,,,,,,0.0,0,0,0,0,0,0,0,0,0,0,0,0,0,0.00,0.00,0.00,0.00,1.9,1.9
2026-08-27T03:28:50+00:00,2026-08-26,daily,2,2026-08-28T17:30:00Z,532,Ballard,SUN,DEF,50,0,0,5.2,8894,33607,8894,33607,a,,,,,,,,0.0,0,0,90,1,0,0,0,2,0,9,7,2,0,0.00,0.01,0.01,1.80,2.2,2.2
2026-08-27T03:28:50+00:00,2026-08-26,daily,2,2026-08-28T17:30:00Z,533,Mukiele,SUN,DEF,55,0,0,2.6,4366,25088,4366,25088,a,,2026-08-09T08:30:05.954750Z,100,100,,,,0.0,0,0,0,0,0,0,0,0,0,0,0,0,0,0.00,0.00,0.00,0.00,2.5,2.5
2026-08-27T03:28:50+00:00,2026-08-26,daily,2,2026-08-28T17:30:00Z,534,Hume,SUN,DEF,45,0,0,6.5,9414,27138,9414,27138,a,,,,,,,3,2.0,2,2,79,1,0,0,0,1,0,4,1,3,6,0.04,0.27,0.31,1.69,1.7,1.7
2026-08-27T03:28:50+00:00,2026-08-26,daily,2,2026-08-28T17:30:00Z,535,Alderete,SUN,DEF,50,0,0,0.5,2083,3303,2083,3303,a,,2026-08-09T08:30:05.962393Z,100,100,,,,1.0,1,1,23,0,0,0,0,1,0,0,0,0,2,0.00,0.01,0.01,0.10,2.2,2.2
2026-08-27T03:28:50+00:00,2026-08-26,daily,2,2026-08-28T17:30:00Z,536,Reinildo,SUN,DEF,45,0,0,0.5,687,2331,687,2331,a,,,,,,,,1.0,1,1,90,1,0,0,0,2,0,8,5,3,5,0.00,0.29,0.29,1.80,1.7,1.7
2026-08-27T03:28:50+00:00,2026-08-26,daily,2,2026-08-28T17:30:00Z,537,Seelt,SUN,DEF,45,0,0,0.0,47,87,47,87,a,,,,,,,,0.0,0,0,0,0,0,0,0,0,0,0,0,0,0,0.00,0.00,0.00,0.00,1.7,1.7
2026-08-27T03:28:50+00:00,2026-08-26,daily,2,2026-08-28T17:30:00Z,538,Hjelde,SUN,DEF,40,0,0,0.1,0,833,0,833,u,Has joined KV Mechelen on loan for the rest of the season,2026-08-12T14:08:03.081789Z,0,0,,,,0.0,0,0,0,0,0,0,0,0,0,0,0,0,0,0.00,0.00,0.00,0.00,0.0,0.0
2026-08-27T03:28:50+00:00,2026-08-26,daily,2,2026-08-28T17:30:00Z,539,O'Nien,SUN,DEF,40,0,0,3.5,3666,12407,3666,12407,a,,,,,,,,1.0,1,1,66,1,0,0,0,1,0,5,4,1,4,0.01,0.01,0.02,1.69,1.0,1.0
2026-08-27T03:28:50+00:00,2026-08-26,daily,2,2026-08-28T17:30:00Z,540,Masuaku,SUN,DEF,40,0,0,0.2,0,4049,0,4049,u,Has joined Konyaspor permanently,2026-08-12T14:08:03.097784Z,0,0,,,,0.0,0,0,0,0,0,0,0,0,0,0,0,0,0,0.00,0.00,0.00,0.00,0.0,0.0
2026-08-27T03:28:50+00:00,2026-08-26,daily,2,2026-08-28T17:30:00Z,541,Meunier,SUN,DEF,45,0,0,0.3,737,1164,737,1164,a,,2026-08-16T08:30:07.830062Z,100,100,,,,1.0,1,1,90,1,0,0,0,2,0,4,2,2,3,0.08,0.08,0.16,1.80,1.7,1.7
2026-08-27T03:28:50+00:00,2026-08-26,daily,2,2026-08-28T17:30:00Z,542,E.Le Fée,SUN,MID,60,0,0,9.1,7691,78559,7691,78559,a,,,,,2,2,1,2.0,2,2,79,1,0,0,0,1,0,2,0,1,1,0.00,0.03,0.03,1.69,2.2,2.2
2026-08-27T03:28:50+00:00,2026-08-26,daily,2,2026-08-28T17:30:00Z,543,Diarra,SUN,MID,55,0,0,0.1,227,828,227,828,a,,,,,1,,,1.0,1,1,10,0,0,0,0,1,0,0,0,0,0,0.03,0.00,0.03,0.10,2.0,2.0
2026-08-27T03:28:50+00:00,2026-08-26,daily,2,2026-08-28T17:30:00Z,544,Xhaka,SUN,MID,55,0,0,4.6,28541,12739,28541,12739,a,,,,,,1,2,9.0,9,9,90,1,0,1,0,2,0,13,2,3,8,0.00,0.09,0.09,1.80,2.0,2.0
2026-08-27T03:28:50+00:00,2026-08-26,daily,2,2026-08-28T17:30:00Z,545,Sadiki,SUN,MID,50,0,0,0.3,858,2540,858,2540,a,,,,,,,,2.0,2,2,90,1,0,0,0,2,0,2,0,0,2,0.06,0.03,0.09,1.80,1.5,1.5
2026-08-27T03:28:50+00:00,2026-08-26,daily,2,2026-08-28T17:30:00Z,546,Adingra,SUN,MID,50,0,0,0.1,44,2823,44,2823,i,Ankle injury - Unknown return date,2026-08-20T14:00:08.416985Z,0,0,,,,0.0,0,0,0,0,0,0,0,0,0,0,0,0,0,0.00,0.00,0.00,0.00,0.0,0.0
2026-08-27T03:28:50+00:00,2026-08-26,daily,2,2026-08-28T17:30:00Z,547,Mundle,SUN,MID,50,0,0,0.0,33,124,33,124,a,,,,,,,,0.0,0,0,0,0,0,0,0,0,0,0,0,0,0,0.00,0.00,0.00,0.00,1.5,1.5
2026-08-27T03:28:50+00:00,2026-08-26,daily,2,2026-08-28T17:30:00Z,548,Rigg,SUN,MID,50,0,0,0.1,85,435,85,435,a,,,,,,,,1.0,1,1,10,0,0,0,0,1,0,1,0,0,1,0.00,0.00,0.00,0.10,1.5,1.5
2026-08-27T03:28:50+00:00,2026-08-26,daily,2,2026-08-28T17:30:00Z,549,Talbi,SUN,MID,55,0,0,0.2,232,1936,232,1936,a,,,,,,,,1.0,1,1,31,0,0,0,0,1,0,2,0,0,2,0.00,0.00,0.00,0.14,2.0,2.0
2026-08-27T03:28:50+00:00,2026-08-26,daily,2,2026-08-28T17:30:00Z,550,Jocelin.T,SUN,MID,50,0,0,0.0,41,71,41,71,a,,,,,,,,0.0,0,0,0,0,0,0,0,0,0,0,0,0,0,0.00,0.00,0.00,0.00,1.5,1.5
2026-08-27T03:28:50+00:00,2026-08-26,daily,2,2026-08-28T17:30:00Z,551,Angulo,SUN,MID,50,0,0,0.1,3816,981,3816,981,a,,,,,,3,,5.0,5,5,58,1,1,0,0,1,0,7,1,1,5,0.15,0.01,0.16,1.66,1.5,1.5
2026-08-27T03:28:50+00:00,2026-08-26,daily,2,2026-08-28T17:30:00Z,552,Brobbey,SUN,FWD,60,0,0,13.2,27199,78250,27199,78250,a,,,,,,,,2.0,2,2,66,1,0,0,0,1,0,0,0,0,0,0.30,0.00,0.30,1.69,2.0,2.0
2026-08-27T03:28:50+00:00,2026-08-26,daily,2,2026-08-28T17:30:00Z,553,Isidor,SUN,FWD,55,0,0,0.9,1795,8713,1795,8713,a,,,,,,,,1.0,1,1,23,0,0,0,0,1,0,0,0,0,0,0.00,0.00,0.00,0.10,1.8,1.8
2026-08-27T03:28:50+00:00,2026-08-26,daily,2,2026-08-28T17:30:00Z,612,Methalie,SUN,DEF,45,0,0,0.0,53,11,53,11,a,,,,,,,,0.0,0,0,0,0,0,0,0,0,0,0,0,0,0,0.00,0.00,0.00,0.00,1.7,1.7
2026-08-27T03:28:50+00:00,2026-08-26,daily,2,2026-08-28T17:30:00Z,613,Ahoka,SUN,MID,45,0,0,0.0,448,55,448,55,a,,,,,,,,0.0,0,0,0,0,0,0,0,0,0,0,0,0,0,0.00,0.00,0.00,0.00,1.0,1.0
