snapshot_utc,snapshot_date,snapshot_kind,event,deadline_time,id,web_name,team,position,now_cost,cost_change_event,cost_change_start,selected_by_percent,transfers_in_event,transfers_out_event,transfers_in,transfers_out,status,news,news_added,chance_of_playing_this_round,chance_of_playing_next_round,penalties_order,direct_freekicks_order,corners_and_indirect_freekicks_order,form,event_points,total_points,minutes,starts,goals_scored,assists,clean_sheets,goals_conceded,saves,defensive_contribution,clearances_blocks_interceptions,tackles,recoveries,expected_goals,expected_assists,expected_goal_involvements,expected_goals_conceded,ep_this,ep_next
2026-09-03T00:32:00+00:00,2026-09-02,daily,3,2026-09-04T17:30:00Z,1,Raya,ARS,GKP,60,0,0,37.9,139275,147872,246009,229850,a,,,,,,,,6.0,6,12,180,2,0,0,2,0,1,0,2,0,19,0.00,0.00,0.00,0.53,6.0,6.0
2026-09-03T00:32:00+00:00,2026-09-02,daily,3,2026-09-04T17:30:00Z,2,Arrizabalaga,ARS,GKP,50,0,0,0.1,441,890,763,2279,a,,,,,,,,0.0,0,0,0,0,0,0,0,0,0,0,0,0,0,0.00,0.00,0.00,0.00,0.0,0.0
2026-09-03T00:32:00+00:00,2026-09-02,daily,3,2026-09-04T17:30:00Z,3,Meslier,ARS,GKP,50,0,0,0.0,117,334,218,826,a,,,,,,,,0.0,0,0,0,0,0,0,0,0,0,0,0,0,0,0.00,0.00,0.00,0.00,0.0,0.0
2026-09-03T00:32:00+00:00,2026-09-02,daily,3,2026-09-04T17:30:00Z,4,Gabriel,ARS,DEF,80,0,0,26.4,35008,230038,93773,354146,a,,,,,,,,6.5,8,13,180,2,0,0,2,0,0,14,12,2,7,0.18,0.03,0.21,0.53,6.5,6.5
2026-09-03T00:32:00+00:00,2026-09-02,daily,3,2026-09-04T17:30:00Z,5,J.Timber,ARS,DEF,65,0,0,0.1,419,1921,820,5025,i,Groin injury - Unknown return date,2026-07-23T12:01:23.272929Z,0,0,,,,0.0,0,0,0,0,0,0,0,0,0,0,0,0,0,0.00,0.00,0.00,0.00,0.0,0.0
2026-09-03T00:32:00+00:00,2026-09-02,daily,3,2026-09-04T17:30:00Z,6,Saliba,ARS,DEF,60,0,0,0.2,954,4538,1800,11354,i,Back injury - Unknown return date,2026-07-23T12:01:23.289376Z,0,0,,,,0.0,0,0,0,0,0,0,0,0,0,0,0,0,0,0.00,0.00,0.00,0.00,0.0,0.0
2026-09-03T00:32:00+00:00,2026-09-02,daily,3,2026-09-04T17:30:00Z,7,Lewis-Skelly,ARS,MID,55,0,0,0.7,6590,9244,16283,18295,a,,,,,,,,3.0,3,6,160,2,0,0,2,0,0,12,5,1,6,0.13,0.13,0.26,0.53,3.0,3.0
2026-09-03T00:32:00+00:00,2026-09-02,daily,3,2026-09-04T17:30:00Z,8,Calafiori,ARS,DEF,56,0,1,43.6,341294,78929,651399,120562,a,,,,,,,,10.0,11,20,170,2,0,2,2,0,0,8,6,2,5,0.15,0.55,0.70,0.39,10.0,10.0
2026-09-03T00:32:00+00:00,2026-09-02,daily,3,2026-09-04T17:30:00Z,9,Hincapie,ARS,DEF,54,0,-1,1.2,3819,25576,7729,66622,a,,,,,,,,0.5,0,1,9,0,0,0,0,0,0,0,0,0,0,0.00,0.00,0.00,0.15,0.5,0.5
2026-09-03T00:32:00+00:00,2026-09-02,daily,3,2026-09-04T17:30:00Z,10,White,ARS,DEF,55,0,0,7.2,112624,74091,257565,99146,a,,2026-07-23T12:01:23.305229Z,100,100,,,,9.0,7,18,180,2,0,1,2,0,0,9,7,2,5,0.18,0.26,0.44,0.53,9.0,9.0
2026-09-03T00:32:00+00:00,2026-09-02,daily,3,2026-09-04T17:30:00Z,11,Mosquera,ARS,DEF,55,0,0,5.0,11000,62649,26410,108598,a,,,,,,,,6.0,6,12,168,2,0,0,2,0,0,10,10,0,3,0.00,0.01,0.01,0.53,6.0,6.0
2026-09-03T00:32:00+00:00,2026-09-02,daily,3,2026-09-04T17:30:00Z,12,Saka,ARS,MID,95,0,0,10.6,85565,65451,174478,100681,a,,,,,1,2,2,10.0,11,20,157,2,2,0,2,0,0,18,5,3,10,1.27,0.12,1.39,0.39,10.0,10.0
2026-09-03T00:32:00+00:00,2026-09-02,daily,3,2026-09-04T17:30:00Z,13,Rice,ARS,MID,75,0,0,14.9,16348,170859,51835,328581,a,,,,,,1,1,4.0,5,8,151,2,0,0,2,0,0,18,5,3,10,0.07,0.18,0.25,0.39,4.0,4.0
2026-09-03T00:32:00+00:00,2026-09-02,daily,3,2026-09-04T17:30:00Z,14,Eze,ARS,MID,64,-1,-1,1.5,6058,28944,11774,73436,a,,,,,,3,,1.0,1,2,59,0,0,0,0,0,0,5,0,0,5,0.04,0.07,0.11,0.39,1.0,1.0
2026-09-03T00:32:00+00:00,2026-09-02,daily,3,2026-09-04T17:30:00Z,15,Ødegaard,ARS,MID,66,0,1,11.3,88723,112197,378282,149057,a,,,,,3,4,4,7.0,3,14,145,2,1,0,2,0,0,13,3,5,5,0.29,0.17,0.46,0.39,7.0,7.0
2026-09-03T00:32:00+00:00,2026-09-02,daily,3,2026-09-04T17:30:00Z,16,Madueke,ARS,MID,64,0,-1,0.3,951,5584,2363,13815,a,,,,,,,6,0.5,0,1,22,0,0,0,0,0,0,2,0,0,2,0.00,0.04,0.04,0.15,0.5,0.5
2026-09-03T00:32:00+00:00,2026-09-02,daily,3,2026-09-04T17:30:00Z,17,Merino,ARS,MID,59,-1,-1,0.5,2504,10909,4926,26166,a,,,,,,,,1.0,1,2,33,0,0,0,0,0,0,6,0,0,6,0.14,0.02,0.16,0.15,1.0,1.0
2026-09-03T00:32:00+00:00,2026-09-02,daily,3,2026-09-04T17:30:00Z,18,Martinelli,ARS,MID,63,-1,-2,0.2,976,4422,2294,11458,a,,,,,,,,0.0,0,0,0,0,0,0,0,0,0,0,0,0,0,0.00,0.00,0.00,0.00,0.0,0.0
2026-09-03T00:32:00+00:00,2026-09-02,daily,3,2026-09-04T17:30:00Z,19,Zubimendi,ARS,MID,54,-1,-1,0.8,2984,14126,4563,34718,a,,,,,,,,1.0,1,2,27,0,0,0,0,0,0,5,0,3,2,0.00,0.02,0.02,0.15,1.0,1.0
2026-09-03T00:32:00+00:00,2026-09-02,daily,3,2026-09-04T17:30:00Z,20,Dowman,ARS,MID,54,0,-1,0.1,510,1512,983,3842,a,,,,,,,,0.0,0,0,0,0,0,0,0,0,0,0,0,0,0,0.00,0.00,0.00,0.00,0.0,0.0
2026-09-03T00:32:00+00:00,2026-09-02,daily,3,2026-09-04T17:30:00Z,22,Nwaneri,ARS,MID,54,-1,-1,0.0,157,282,233,606,u,Has joined Borussia Dortmund on loan for the rest of the season,2026-09-02T16:01:07.058827Z,,0,,,,0.0,0,0,0,0,0,0,0,0,0,0,0,0,0,0.00,0.00,0.00,0.00,0.0,0.0
2026-09-03T00:32:00+00:00,2026-09-02,daily,3,2026-09-04T17:30:00Z,23,Fábio Vieira,ARS,MID,55,0,0,0.0,175,194,255,409,u,Has joined Hamburger SV permanently,2026-09-02T16:00:28.446370Z,,0,,,,0.0,0,0,0,0,0,0,0,0,0,0,0,0,0,0.00,0.00,0.00,0.00,0.0,0.0
2026-09-03T00:32:00+00:00,2026-09-02,daily,3,2026-09-04T17:30:00Z,24,Nelson,ARS,MID,55,0,0,0.0,4,251,68,423,u,has departed the club as a free agent.,2026-08-29T00:33:08.556767Z,,0,,,,0.0,0,0,0,0,0,0,0,0,0,0,0,0,0,0.00,0.00,0.00,0.00,0.0,0.0
2026-09-03T00:32:00+00:00,2026-09-02,daily,3,2026-09-04T17:30:00Z,25,Gyökeres,ARS,FWD,73,-1,-2,5.2,6233,134970,15009,373099,a,,,,,2,,,0.0,0,0,0,0,0,0,0,0,0,0,0,0,0,0.00,0.00,0.00,0.00,0.0,0.0
2026-09-03T00:32:00+00:00,2026-09-02,daily,3,2026-09-04T17:30:00Z,26,Havertz,ARS,FWD,75,0,0,7.0,53170,91290,240778,130115,a,,,,,,,,4.0,2,8,180,2,1,0,2,0,0,7,2,0,5,0.28,0.06,0.34,0.53,4.0,4.0
2026-09-03T00:32:00+00:00,2026-09-02,daily,3,2026-09-04T17:30:00Z,27,G.Jesus,ARS,FWD,59,-1,-1,0.3,2250,7374,4164,14552,u,Has joined FC Barcelona permanently,2026-09-02T16:00:28.475184Z,,0,,,,0.0,0,0,0,0,0,0,0,0,0,0,0,0,0,0.00,0.00,0.00,0.00,0.0,0.0
2026-09-03T00:32:00+00:00,2026-09-02,daily,3,2026-09-04T17:30:00Z,31,Konsa,ARS,DEF,44,-1,-1,10.5,156201,141264,206022,370851,a,,,,,,,,0.5,1,1,11,0,0,0,0,0,0,1,1,0,0,0.00,0.00,0.00,0.00,0.5,0.5
2026-09-03T00:32:00+00:00,2026-09-02,daily,3,2026-09-04T17:30:00Z,452,Bruno G.,ARS,MID,68,-1,-2,2.2,3730,46684,4580,173239,a,,2026-08-20T17:00:08.846118Z,75,100,4,,5,0.5,1,1,19,0,0,0,0,0,0,3,0,0,3,0.00,0.01,0.01,0.00,0.4,0.5
2026-09-03T00:32:00+00:00,2026-09-02,daily,3,2026-09-04T17:30:00Z,557,Tzolis,ARS,MID,65,0,0,21.8,79633,380872,316320,436572,a,,,,,,,3,3.0,0,6,120,2,0,1,1,0,0,9,3,1,5,0.19,0.15,0.34,0.16,3.0,3.0
2026-09-03T00:32:00+00:00,2026-09-02,daily,3,2026-09-04T17:30:00Z,29,M.Bizot,AVL,GKP,45,0,0,0.1,1793,1720,2638,2601,a,,,,,,,,0.5,0,1,90,1,0,0,0,4,3,0,2,0,6,0.00,0.00,0.00,3.77,0.5,0.5
2026-09-03T00:32:00+00:00,2026-09-02,daily,3,2026-09-04T17:30:00Z,30,Digne,AVL,DEF,45,0,0,0.1,0,1704,0,6681,u,Has joined Paris Saint-Germain permanently,2026-08-10T14:03:30.089007Z,0,0,,,,0.0,0,0,0,0,0,0,0,0,0,0,0,0,0,0.00,0.00,0.00,0.00,0.0,0.0
2026-09-03T00:32:00+00:00,2026-09-02,daily,3,2026-09-04T17:30:00Z,32,Cash,AVL,DEF,45,0,0,7.1,26188,54159,53166,160486,a,,,,,,,1,0.5,2,1,167,2,0,0,0,5,0,13,7,6,1,0.15,0.01,0.16,4.81,0.5,0.5
2026-09-03T00:32:00+00:00,2026-09-02,daily,3,2026-09-04T17:30:00Z,33,Mings,AVL,DEF,45,0,0,0.4,2087,3601,5340,7108,a,,,,,,,,0.5,0,1,16,0,0,0,0,0,0,1,0,1,0,0.00,0.00,0.00,0.22,0.5,0.5
2026-09-03T00:32:00+00:00,2026-09-02,daily,3,2026-09-04T17:30:00Z,34,Pau,AVL,DEF,45,0,0,0.4,3106,2948,4937,8008,a,,,,,,,,1.0,2,2,163,2,0,0,0,5,0,9,8,1,9,0.00,0.01,0.01,4.59,1.0,1.0
2026-09-03T00:32:00+00:00,2026-09-02,daily,3,2026-09-04T17:30:00Z,35,Bogarde,AVL,MID,50,0,0,0.1,721,954,1357,1939,a,,,,,,,,0.5,0,1,16,0,0,0,0,0,0,1,1,0,0,0.00,0.00,0.00,0.22,0.5,0.5
2026-09-03T00:32:00+00:00,2026-09-02,daily,3,2026-09-04T17:30:00Z,36,Maatsen,AVL,DEF,45,0,0,0.8,6588,5829,9134,14687,a,,,,,,,,0.5,1,1,171,2,0,0,0,5,0,17,12,5,4,0.10,0.00,0.10,4.66,0.5,0.5
2026-09-03T00:32:00+00:00,2026-09-02,daily,3,2026-09-04T17:30:00Z,37,Lindelöf,AVL,DEF,45,0,0,0.3,2220,2116,3995,6127,a,,,,,,,,0.0,2,0,180,2,0,0,0,5,0,10,9,1,2,0.00,0.08,0.08,4.81,0.0,0.0
2026-09-03T00:32:00+00:00,2026-09-02,daily,3,2026-09-04T17:30:00Z,38,A.García,AVL,DEF,40,0,0,1.7,11712,12253,19051,26176,a,,,,,,,,0.0,0,0,0,0,0,0,0,0,0,0,0,0,0,0.00,0.00,0.00,0.00,0.0,0.0
2026-09-03T00:32:00+00:00,2026-09-02,daily,3,2026-09-04T17:30:00Z,39,Nedeljkovic,AVL,DEF,40,0,0,0.2,0,3031,0,10269,u,Has joined Rangers on loan for the rest of the season,2026-08-19T13:56:46.385411Z,0,0,,,,0.0,0,0,0,0,0,0,0,0,0,0,0,0,0,0.00,0.00,0.00,0.00,0.0,0.0
2026-09-03T00:32:00+00:00,2026-09-02,daily,3,2026-09-04T17:30:00Z,41,Buendía,AVL,MID,60,0,0,1.1,10588,16064,15608,37950,a,,,,,1,1,3,2.0,2,4,175,2,0,0,0,5,0,12,3,2,7,0.17,0.11,0.28,4.66,2.0,2.0
2026-09-03T00:32:00+00:00,2026-09-02,daily,3,2026-09-04T17:30:00Z,44,Bailey,AVL,MID,54,-1,-1,0.1,927,2412,1929,5069,a,,,,,,,,0.0,0,0,0,0,0,0,0,0,0,0,0,0,0,0.00,0.00,0.00,0.00,0.0,0.0
2026-09-03T00:32:00+00:00,2026-09-02,daily,3,2026-09-04T17:30:00Z,45,McGinn,AVL,MID,55,0,0,2.5,10552,30755,18158,75408,a,,,,,,,2,1.0,1,2,171,2,0,0,0,5,0,10,3,2,5,0.09,0.06,0.15,4.66,1.0,1.0
2026-09-03T00:32:00+00:00,2026-09-02,daily,3,2026-09-04T17:30:00Z,46,Barkley,AVL,MID,50,0,0,0.3,3673,2788,5548,5504,a,,,,,,,4,2.0,2,4,150,2,0,0,0,5,0,11,2,3,6,0.13,0.04,0.17,4.59,2.0,2.0
2026-09-03T00:32:00+00:00,2026-09-02,daily,3,2026-09-04T17:30:00Z,47,Kamara,AVL,MID,50,0,0,0.3,3683,4253,6172,8992,a,,2026-07-23T12:01:23.337269Z,100,100,,,,2.0,2,4,180,2,0,0,0,5,0,15,6,3,6,0.00,0.03,0.03,4.81,2.0,2.0
2026-09-03T00:32:00+00:00,2026-09-02,daily,3,2026-09-04T17:30:00Z,48,Onana,AVL,MID,50,0,0,0.0,118,463,275,992,i,Knee injury - Unknown return date,2026-07-23T12:01:23.352497Z,0,0,,,,0.0,0,0,0,0,0,0,0,0,0,0,0,0,0,0.00,0.00,0.00,0.00,0.0,0.0
2026-09-03T00:32:00+00:00,2026-09-02,daily,3,2026-09-04T17:30:00Z,49,Iling Jr,AVL,MID,50,0,0,0.0,0,56,0,176,u,Has joined Bolton Wanderers on loan for the rest of the season,2026-08-17T13:52:28.532616Z,0,0,,,,0.0,0,0,0,0,0,0,0,0,0,0,0,0,0,0.00,0.00,0.00,0.00,0.0,0.0
2026-09-03T00:32:00+00:00,2026-09-02,daily,3,2026-09-04T17:30:00Z,50,Burrowes,AVL,MID,45,0,0,0.7,6495,6805,10008,13573,a,,,,,,,,0.0,0,0,0,0,0,0,0,0,0,0,0,0,0,0.00,0.00,0.00,0.00,0.0,0.0
2026-09-03T00:32:00+00:00,2026-09-02,daily,3,2026-09-04T17:30:00Z,51,George Hemmings,AVL,MID,45,0,0,0.9,23314,9394,32057,14878,a,,,,,,,,2.0,2,4,160,2,0,0,0,5,0,11,0,5,6,0.00,0.01,0.01,4.78,2.0,2.0
2026-09-03T00:32:00+00:00,2026-09-02,daily,3,2026-09-04T17:30:00Z,52,Alysson,AVL,MID,50,0,0,0.0,580,661,923,1257,a,,,,,,,,0.5,0,1,27,0,0,0,0,0,0,5,1,2,2,0.00,0.00,0.00,0.16,0.5,0.5
2026-09-03T00:32:00+00:00,2026-09-02,daily,3,2026-09-04T17:30:00Z,53,Manzambi,AVL,MID,59,-1,-1,0.1,260,4086,492,12876,i,Knee injury - Unknown return date,2026-08-15T15:30:06.388335Z,0,0,,,,0.0,0,0,0,0,0,0,0,0,0,0,0,0,0,0.00,0.00,0.00,0.00,0.0,0.0
2026-09-03T00:32:00+00:00,2026-09-02,daily,3,2026-09-04T17:30:00Z,54,Gomes,AVL,MID,55,0,0,0.0,61,898,215,2781,s,Suspended until 19 Sep,2026-08-23T17:30:08.367415Z,0,0,,,,-1.0,0,-2,39,1,0,0,0,4,0,7,1,4,2,0.00,0.01,0.01,2.58,0.0,0.0
2026-09-03T00:32:00+00:00,2026-09-02,daily,3,2026-09-04T17:30:00Z,55,Watkins,AVL,FWD,78,-1,-2,5.2,4250,211802,14882,488262,u,Has joined Al Hilal permanently,2026-09-01T13:15:16.698799Z,,0,2,,,0.0,0,0,0,0,0,0,0,0,0,0,0,0,0,0.00,0.00,0.00,0.00,0.0,0.0
2026-09-03T00:32:00+00:00,2026-09-02,daily,3,2026-09-04T17:30:00Z,56,Abraham,AVL,FWD,55,0,0,0.1,2698,2030,3295,4713,a,,2026-08-15T16:00:07.558543Z,50,100,,,,0.5,1,1,19,0,0,0,0,0,0,0,0,0,0,0.00,0.00,0.00,0.02,0.2,0.5
2026-09-03T00:32:00+00:00,2026-09-02,daily,3,2026-09-04T17:30:00Z,160,Garnacho,AVL,MID,59,-1,-1,0.5,1913,8758,3934,19333,a,,,,,,,,1.0,1,2,16,0,0,0,0,0,0,2,0,0,2,0.00,0.00,0.00,0.14,1.0,1.0
2026-09-03T00:32:00+00:00,2026-09-02,daily,3,2026-09-04T17:30:00Z,166,N.Jackson,AVL,FWD,65,0,0,0.8,20917,4793,53245,18185,a,,,,,,,,1.0,2,2,70,1,0,0,0,1,0,3,0,0,3,0.00,0.10,0.10,1.01,1.0,1.0
2026-09-03T00:32:00+00:00,2026-09-02,daily,3,2026-09-04T17:30:00Z,582,Madjo,AVL,FWD,55,0,0,0.3,727,6775,1893,15698,i,Unspecified injury - Unknown return date,2026-08-15T16:00:07.974271Z,0,0,,,,0.0,0,0,0,0,0,0,0,0,0,0,0,0,0,0.00,0.00,0.00,0.00,0.0,0.0
2026-09-03T00:32:00+00:00,2026-09-02,daily,3,2026-09-04T17:30:00Z,596,Ruggeri,AVL,DEF,45,0,0,0.1,600,1156,1456,2255,a,,,,,,,,0.5,0,1,8,0,0,0,0,0,0,2,0,2,0,0.00,0.00,0.00,0.14,0.5,0.5
2026-09-03T00:32:00+00:00,2026-09-02,daily,3,2026-09-04T17:30:00Z,597,Suzuki,AVL,GKP,50,0,0,1.1,19889,7305,24118,14076,a,,,,,,,,1.0,2,2,90,1,0,0,0,1,1,0,2,0,9,0.00,0.00,0.00,1.04,1.0,1.0
2026-09-03T00:32:00+00:00,2026-09-02,daily,3,2026-09-04T17:30:00Z,606,Rowe,AVL,DEF,40,0,0,0.2,5147,1271,6707,1517,a,,,,,,,,0.0,0,0,0,0,0,0,0,0,0,0,0,0,0,0.00,0.00,0.00,0.00,0.0,0.0
2026-09-03T00:32:00+00:00,2026-09-02,daily,3,2026-09-04T17:30:00Z,607,Lynch,AVL,MID,45,0,0,0.1,2990,1706,6593,2538,a,,,,,,,,0.0,0,0,0,0,0,0,0,0,0,0,0,0,0,0.00,0.00,0.00,0.00,0.0,0.0
2026-09-03T00:32:00+00:00,2026-09-02,daily,3,2026-09-04T17:30:00Z,611,Wan-Bissaka,AVL,DEF,45,0,0,0.1,4985,1181,6534,1347,a,,,,,,,,1.0,1,1,12,0,0,0,0,0,0,2,0,2,0,0.00,0.00,0.00,0.00,1.8,1.8
2026-09-03T00:32:00+00:00,2026-09-02,daily,3,2026-09-04T17:30:00Z,618,Goretzka,AVL,MID,60,0,0,0.0,2659,629,2871,636,a,,,,,,,,0.0,0,0,0,0,0,0,0,0,0,0,0,0,0,0.00,0.00,0.00,0.00,2.2,2.2
2026-09-03T00:32:00+00:00,2026-09-02,daily,3,2026-09-04T17:30:00Z,630,Harwood-Bellis,AVL,DEF,45,0,0,0.0,218,26,218,26,a,,,,,,,,0.0,0,0,0,0,0,0,0,0,0,0,0,0,0,0.00,0.00,0.00,0.00,1.8,1.8
2026-09-03T00:32:00+00:00,2026-09-02,daily,3,2026-09-04T17:30:00Z,631,Mbaye,AVL,MID,60,0,0,0.0,995,86,995,86,a,,,,,,,,0.0,0,0,0,0,0,0,0,0,0,0,0,0,0,0.00,0.00,0.00,0.00,2.2,2.2
2026-09-03T00:32:00+00:00,2026-09-02,daily,3,2026-09-04T17:30:00Z,57,Petrović,BOU,GKP,45,0,0,3.4,31692,23406,57070,37459,a,,,,,,,,2.5,3,5,180,2,0,0,0,3,9,0,5,0,13,0.00,0.00,0.00,4.09,2.5,2.5
2026-09-03T00:32:00+00:00,2026-09-02,daily,3,2026-09-04T17:30:00Z,58,Forster,BOU,GKP,40,0,0,3.4,24934,14325,34496,24978,a,,,,,,,,0.0,0,0,0,0,0,0,0,0,0,0,0,0,0,0.00,0.00,0.00,0.00,0.0,0.0
2026-09-03T00:32:00+00:00,2026-09-02,daily,3,2026-09-04T17:30:00Z,59,Dennis,BOU,GKP,40,0,0,0.2,0,2180,1133,3697,u,Has joined MK Dons permanently,2026-08-27T14:53:48.692835Z,0,0,,,,0.0,0,0,0,0,0,0,0,0,0,0,0,0,0,0.00,0.00,0.00,0.00,0.0,0.0
2026-09-03T00:32:00+00:00,2026-09-02,daily,3,2026-09-04T17:30:00Z,60,Hill,BOU,DEF,55,0,0,0.9,5039,7794,14192,14535,a,,,,,,,,2.5,4,5,180,2,0,0,0,3,0,18,14,4,4,0.00,0.74,0.74,4.09,2.5,2.5
2026-09-03T00:32:00+00:00,2026-09-02,daily,3,2026-09-04T17:30:00Z,61,Truffert,BOU,DEF,55,0,0,3.9,8801,28055,29402,53876,a,,,,,,,,2.5,4,5,180,2,0,0,0,3,0,16,12,4,13,0.00,0.07,0.07,4.09,2.5,2.5
2026-09-03T00:32:00+00:00,2026-09-02,daily,3,2026-09-04T17:30:00Z,62,Diakité,BOU,DEF,50,0,0,0.2,1401,3071,4123,5392,a,,,,,,,,0.0,0,0,0,0,0,0,0,0,0,0,0,0,0,0.00,0.00,0.00,0.00,0.0,0.0
2026-09-03T00:32:00+00:00,2026-09-02,daily,3,2026-09-04T17:30:00Z,63,Milosavljević,BOU,DEF,50,0,0,0.0,63,187,137,483,i,Unspecified injury - Unknown return date,2026-08-06T10:00:10.456051Z,0,0,,,,0.0,0,0,0,0,0,0,0,0,0,0,0,0,0,0.00,0.00,0.00,0.00,0.0,0.0
2026-09-03T00:32:00+00:00,2026-09-02,daily,3,2026-09-04T17:30:00Z,64,Smith,BOU,DEF,45,0,0,0.1,1212,1435,4057,2453,a,,,,,,,,1.0,1,2,180,2,0,0,0,3,0,11,8,3,3,0.00,0.02,0.02,4.09,1.0,1.0
2026-09-03T00:32:00+00:00,2026-09-02,daily,3,2026-09-04T17:30:00Z,65,J.Araujo,BOU,DEF,45,0,0,0.0,62,291,150,797,i,Thigh injury - Unknown return date,2026-08-09T08:00:05.645826Z,0,0,,,,0.0,0,0,0,0,0,0,0,0,0,0,0,0,0,0.00,0.00,0.00,0.00,0.0,0.0
2026-09-03T00:32:00+00:00,2026-09-02,daily,3,2026-09-04T17:30:00Z,66,Soler,BOU,DEF,40,0,0,0.3,4238,1758,4654,4185,a,,2026-08-15T16:30:07.021055Z,75,100,,,,0.0,0,0,0,0,0,0,0,0,0,0,0,0,0,0.00,0.00,0.00,0.00,0.0,0.0
2026-09-03T00:32:00+00:00,2026-09-02,daily,3,2026-09-04T17:30:00Z,67,Rayan,BOU,MID,65,0,0,2.4,8229,42395,31909,64574,a,,,,,,,,2.0,2,4,178,2,0,0,0,2,0,6,2,1,3,0.44,0.05,0.49,3.90,2.0,2.0
2026-09-03T00:32:00+00:00,2026-09-02,daily,3,2026-09-04T17:30:00Z,68,Tavernier,BOU,MID,60,0,0,2.3,19778,33597,106985,46028,a,,,,,3,1,1,5.5,1,11,180,2,1,0,0,3,0,19,3,6,10,0.49,0.29,0.78,4.09,5.5,5.5
2026-09-03T00:32:00+00:00,2026-09-02,daily,3,2026-09-04T17:30:00Z,69,Scott,BOU,MID,60,0,0,1.9,40864,12500,49384,25386,a,,,,,,4,2,7.0,12,14,176,2,1,0,1,2,0,26,4,7,15,0.26,0.28,0.54,3.96,7.0,7.0
2026-09-03T00:32:00+00:00,2026-09-02,daily,3,2026-09-04T17:30:00Z,70,Kluivert,BOU,MID,60,0,0,1.1,7233,16271,23554,25861,a,,,,,2,2,3,3.0,3,6,154,2,0,0,2,0,0,14,1,3,10,0.72,0.05,0.77,3.61,3.0,3.0
2026-09-03T00:32:00+00:00,2026-09-02,daily,3,2026-09-04T17:30:00Z,71,Cook,BOU,MID,50,0,0,0.2,4905,2743,8164,4450,a,,,,,,,5,3.0,3,6,143,2,0,0,2,0,0,9,3,1,5,0.00,0.01,0.01,3.61,3.0,3.0
2026-09-03T00:32:00+00:00,2026-09-02,daily,3,2026-09-04T17:30:00Z,72,Gannon-Doak,BOU,MID,50,0,0,0.1,299,1153,664,1986,a,,,,,,,,0.5,0,1,1,0,0,0,0,1,0,1,0,0,1,0.00,0.00,0.00,0.19,0.5,0.5
2026-09-03T00:32:00+00:00,2026-09-02,daily,3,2026-09-04T17:30:00Z,73,Adams,BOU,MID,50,0,0,0.2,4250,3644,7282,6499,a,,2026-08-15T16:30:07.029928Z,100,100,,,,1.0,1,2,36,0,0,0,0,3,0,6,3,0,3,0.00,0.00,0.00,0.47,1.0,1.0
2026-09-03T00:32:00+00:00,2026-09-02,daily,3,2026-09-04T17:30:00Z,74,Brooks,BOU,MID,50,0,0,0.1,900,703,1502,1398,a,,2026-08-15T16:30:07.037929Z,100,100,,3,4,0.5,1,1,9,0,0,0,0,1,0,0,0,0,0,0.00,0.01,0.01,0.16,0.5,0.5
2026-09-03T00:32:00+00:00,2026-09-02,daily,3,2026-09-04T17:30:00Z,75,Christie,BOU,MID,50,0,0,0.0,762,369,1322,565,a,,2026-07-24T17:30:10.035483Z,100,100,,,6,0.5,1,1,3,0,0,0,0,1,0,2,0,1,1,0.00,0.00,0.00,0.13,0.5,0.5
2026-09-03T00:32:00+00:00,2026-09-02,daily,3,2026-09-04T17:30:00Z,76,Tóth.A,BOU,MID,50,0,0,0.0,88,177,188,323,a,,,,,,,,0.5,0,1,15,0,0,0,0,2,0,2,0,1,1,0.00,0.00,0.00,0.31,0.5,0.5
2026-09-03T00:32:00+00:00,2026-09-02,daily,3,2026-09-04T17:30:00Z,77,Adli,BOU,MID,49,-1,-1,0.0,113,500,167,1476,i,Unspecified injury - Unknown return date,2026-08-15T16:00:07.590566Z,0,0,,,,0.0,0,0,0,0,0,0,0,0,0,0,0,0,0,0.00,0.00,0.00,0.00,0.0,0.0
2026-09-03T00:32:00+00:00,2026-09-02,daily,3,2026-09-04T17:30:00Z,78,Kroupi.Jr,BOU,MID,74,-1,-1,0.2,204,6394,666,19802,i,Foot injury - Unknown return date,2026-07-29T17:30:09.796802Z,0,0,1,,,0.0,0,0,0,0,0,0,0,0,0,0,0,0,0,0.00,0.00,0.00,0.00,0.0,0.0
2026-09-03T00:32:00+00:00,2026-09-02,daily,3,2026-09-04T17:30:00Z,79,Evanilson,BOU,FWD,60,0,0,3.2,51798,29371,124423,48397,a,,,,,,,,4.5,5,9,154,2,0,2,2,0,0,11,5,1,5,0.58,0.25,0.83,3.61,4.5,4.5
2026-09-03T00:32:00+00:00,2026-09-02,daily,3,2026-09-04T17:30:00Z,80,Enes Ünal,BOU,FWD,55,0,0,0.0,0,413,0,1483,u,Has joined Getafe permanently,2026-08-14T14:14:21.881112Z,0,0,,,,0.0,0,0,0,0,0,0,0,0,0,0,0,0,0,0.00,0.00,0.00,0.00,0.0,0.0
2026-09-03T00:32:00+00:00,2026-09-02,daily,3,2026-09-04T17:30:00Z,81,Rodríguez,BOU,FWD,60,0,0,0.1,1067,1428,2067,2610,a,,2026-08-15T16:30:07.054142Z,100,100,,,,0.5,1,1,9,0,0,0,0,1,0,1,0,0,1,0.00,0.00,0.00,0.16,0.5,0.5
2026-09-03T00:32:00+00:00,2026-09-02,daily,3,2026-09-04T17:30:00Z,566,Silva,BOU,DEF,50,0,0,0.4,7335,4103,14700,6293,a,,,,,,,,3.0,4,6,180,2,0,0,0,3,0,23,21,2,5,0.25,0.03,0.28,4.09,3.0,3.0
2026-09-03T00:32:00+00:00,2026-09-02,daily,3,2026-09-04T17:30:00Z,573,Sanchez,BOU,DEF,45,0,0,0.2,279,1688,731,3153,a,,,,,,,,0.0,0,0,0,0,0,0,0,0,0,0,0,0,0,0.00,0.00,0.00,0.00,0.0,0.0
2026-09-03T00:32:00+00:00,2026-09-02,daily,3,2026-09-04T17:30:00Z,608,Jebbison,BOU,FWD,50,0,0,0.1,3393,1473,5870,1894,a,,,,,,,,0.5,0,1,15,0,0,0,0,2,0,1,0,0,1,0.10,0.00,0.10,0.31,0.5,0.5
2026-09-03T00:32:00+00:00,2026-09-02,daily,3,2026-09-04T17:30:00Z,615,Di Gregorio,BOU,GKP,45,0,0,0.0,1075,334,1316,361,a,,,,,,,,0.0,0,0,0,0,0,0,0,0,0,0,0,0,0,0.00,0.00,0.00,0.00,2.0,2.0
2026-09-03T00:32:00+00:00,2026-09-02,daily,3,2026-09-04T17:30:00Z,82,Kelleher,BRE,GKP,50,0,0,7.2,71951,39618,146385,59542,a,,,,,,,,4.5,2,9,180,2,0,0,1,1,5,0,2,0,9,0.00,0.01,0.01,2.03,4.5,4.5
2026-09-03T00:32:00+00:00,2026-09-02,daily,3,2026-09-04T17:30:00Z,83,Valdimarsson,BRE,GKP,45,0,0,0.1,655,966,1297,1856,a,,,,,,,,0.0,0,0,0,0,0,0,0,0,0,0,0,0,0,0.00,0.00,0.00,0.00,0.0,0.0
2026-09-03T00:32:00+00:00,2026-09-02,daily,3,2026-09-04T17:30:00Z,84,Collins,BRE,DEF,55,0,0,2.2,18213,14089,43302,23462,a,,,,,,,,4.5,3,9,180,2,0,0,1,1,0,16,14,2,11,0.51,0.05,0.56,2.03,4.5,4.5
2026-09-03T00:32:00+00:00,2026-09-02,daily,3,2026-09-04T17:30:00Z,85,Van den Berg,BRE,DEF,49,-1,-1,0.1,96,1988,241,6111,i,Groin injury - Unknown return date,2026-08-15T15:30:06.416627Z,0,0,,,,0.0,0,0,0,0,0,0,0,0,0,0,0,0,0,0.00,0.00,0.00,0.00,0.0,0.0
2026-09-03T00:32:00+00:00,2026-09-02,daily,3,2026-09-04T17:30:00Z,86,Lewis-Potter,BRE,MID,55,0,0,1.9,64638,17081,117180,23797,a,,,,,,1,,8.0,6,16,177,2,1,1,1,1,0,21,7,3,11,0.79,0.25,1.04,2.03,8.0,8.0
2026-09-03T00:32:00+00:00,2026-09-02,daily,3,2026-09-04T17:30:00Z,87,Ajer,BRE,DEF,45,0,0,4.9,92818,36962,162796,50864,a,,,,,,,,5.5,3,11,180,2,0,0,1,1,0,27,25,2,5,0.11,0.03,0.14,2.03,5.5,5.5
2026-09-03T00:32:00+00:00,2026-09-02,daily,3,2026-09-04T17:30:00Z,88,Kayode,BRE,DEF,46,0,1,9.3,134299,55561,445102,76721,a,,,,,,,,7.5,2,15,162,2,1,0,1,1,0,8,7,1,9,0.52,0.21,0.73,1.93,7.5,7.5
2026-09-03T00:32:00+00:00,2026-09-02,daily,3,2026-09-04T17:30:00Z,89,Henry,BRE,DEF,45,0,0,0.2,421,1496,965,3642,a,,,,,,,,0.5,1,1,2,0,0,0,0,0,0,0,0,0,0,0.00,0.00,0.00,0.00,0.5,0.5
2026-09-03T00:32:00+00:00,2026-09-02,daily,3,2026-09-04T17:30:00Z,90,Hickey,BRE,DEF,45,0,0,0.1,500,655,1123,1195,a,,,,,,,,1.0,1,2,16,0,0,0,0,0,0,1,0,1,2,0.00,0.02,0.02,0.10,1.0,1.0
2026-09-03T00:32:00+00:00,2026-09-02,daily,3,2026-09-04T17:30:00Z,92,Ji-soo,BRE,DEF,45,0,0,0.0,111,206,223,404,a,,,,,,,,0.0,0,0,0,0,0,0,0,0,0,0,0,0,0,0.00,0.00,0.00,0.00,0.0,0.0
2026-09-03T00:32:00+00:00,2026-09-02,daily,3,2026-09-04T17:30:00Z,93,Schuster,BRE,DEF,45,0,0,0.2,122,1006,264,2212,a,,,,,,,,0.0,0,0,0,0,0,0,0,0,0,0,0,0,0,0.00,0.00,0.00,0.00,0.0,0.0
2026-09-03T00:32:00+00:00,2026-09-02,daily,3,2026-09-04T17:30:00Z,94,Schade,BRE,MID,60,0,0,4.0,72901,30558,97899,56347,a,,,,,2,,,6.5,10,13,177,2,1,0,1,1,0,18,4,5,9,0.77,0.03,0.80,2.03,6.5,6.5
2026-09-03T00:32:00+00:00,2026-09-02,daily,3,2026-09-04T17:30:00Z,95,O.Dango,BRE,MID,65,0,0,0.9,2942,18939,10290,29891,a,,,,,,,2,2.0,1,4,95,1,0,0,1,1,0,13,5,1,7,0.07,0.37,0.44,1.83,2.0,2.0
2026-09-03T00:32:00+00:00,2026-09-02,daily,3,2026-09-04T17:30:00Z,96,Damsgaard,BRE,MID,55,0,0,0.5,2449,5183,4767,12727,a,,,,,,3,3,2.0,3,4,82,1,0,0,1,0,0,13,2,3,8,0.03,0.24,0.27,0.23,2.0,2.0
2026-09-03T00:32:00+00:00,2026-09-02,daily,3,2026-09-04T17:30:00Z,97,Jensen,BRE,MID,55,0,0,0.2,540,4545,4398,5882,d,Unspecified injury - 75% chance of playing,2026-08-30T12:30:08.176795Z,,75,3,2,1,3.0,0,6,66,1,0,1,1,0,0,5,0,2,3,0.08,0.34,0.42,0.47,3.0,2.2
2026-09-03T00:32:00+00:00,2026-09-02,daily,3,2026-09-04T17:30:00Z,98,Janelt,BRE,MID,50,0,0,0.6,21693,9689,55452,13974,a,,,,,,,4,5.0,1,10,180,2,1,0,1,1,0,23,11,7,5,0.39,0.31,0.70,2.03,5.0,5.0
2026-09-03T00:32:00+00:00,2026-09-02,daily,3,2026-09-04T17:30:00Z,99,Milambo,BRE,MID,50,0,0,0.0,21,26,49,71,i,Knee injury - Unknown return date,2026-07-23T12:01:23.384798Z,0,0,,,,0.0,0,0,0,0,0,0,0,0,0,0,0,0,0,0.00,0.00,0.00,0.00,0.0,0.0
2026-09-03T00:32:00+00:00,2026-09-02,daily,3,2026-09-04T17:30:00Z,100,Carvalho,BRE,MID,50,0,0,0.0,395,266,550,512,a,,2026-08-18T13:58:17.442072Z,100,100,,,,0.0,0,0,0,0,0,0,0,0,0,0,0,0,0,0.00,0.00,0.00,0.00,0.0,0.0
2026-09-03T00:32:00+00:00,2026-09-02,daily,3,2026-09-04T17:30:00Z,102,Yarmoliuk,BRE,MID,50,0,0,1.0,623,12947,1368,26126,a,,,,,,,,1.0,1,2,44,0,0,0,0,1,0,6,1,2,3,0.04,0.01,0.05,1.42,1.0,1.0
2026-09-03T00:32:00+00:00,2026-09-02,daily,3,2026-09-04T17:30:00Z,103,Dasilva,BRE,MID,50,0,0,0.0,135,365,299,718,a,,,,,,,,0.0,0,0,0,0,0,0,0,0,0,0,0,0,0,0.00,0.00,0.00,0.00,0.0,0.0
2026-09-03T00:32:00+00:00,2026-09-02,daily,3,2026-09-04T17:30:00Z,105,Anthony,BRE,MID,60,0,0,0.2,1192,2425,3150,4816,a,,,,,,,,1.5,2,3,83,1,0,0,1,0,0,9,0,2,7,0.14,0.41,0.55,0.19,1.5,1.5
2026-09-03T00:32:00+00:00,2026-09-02,daily,3,2026-09-04T17:30:00Z,106,Thiago,BRE,FWD,80,0,0,14.5,42194,220134,133966,361301,a,,,,,1,,,1.0,2,2,172,2,0,0,1,1,0,9,1,1,7,1.80,0.09,1.89,1.96,1.0,1.0
2026-09-03T00:32:00+00:00,2026-09-02,daily,3,2026-09-04T17:30:00Z,107,Furo,BRE,FWD,45,0,0,1.1,19261,9818,27452,18261,a,,,,,,,,0.0,0,0,0,0,0,0,0,0,0,0,0,0,0,0.00,0.00,0.00,0.00,0.0,0.0
2026-09-03T00:32:00+00:00,2026-09-02,daily,3,2026-09-04T17:30:00Z,108,Wilson,BRE,FWD,55,0,0,0.4,3986,5362,8337,10170,a,,,,,,,,1.0,1,2,9,0,0,0,0,0,0,1,0,0,1,0.07,0.04,0.11,0.07,1.0,1.0
2026-09-03T00:32:00+00:00,2026-09-02,daily,3,2026-09-04T17:30:00Z,565,M.Sangaré,BRE,MID,57,1,2,13.2,387298,84177,831060,107517,a,,,,,,,,9.0,4,18,165,2,0,2,1,1,0,27,9,6,12,0.26,0.36,0.62,1.93,9.0,9.0
2026-09-03T00:32:00+00:00,2026-09-02,daily,3,2026-09-04T17:30:00Z,620,Diouf,BRE,DEF,45,0,0,0.1,7766,2278,8366,2315,a,,,,,,,,0.0,0,0,0,0,0,0,0,0,0,0,0,0,0,0.00,0.00,0.00,0.00,1.8,1.8
2026-09-03T00:32:00+00:00,2026-09-02,daily,3,2026-09-04T17:30:00Z,109,Verbruggen,BHA,GKP,45,0,0,21.6,164552,101958,249308,147438,a,,,,,,,,3.0,0,6,180,2,0,0,1,4,1,0,0,0,18,0.00,0.00,0.00,3.22,3.0,3.0
2026-09-03T00:32:00+00:00,2026-09-02,daily,3,2026-09-04T17:30:00Z,111,Steele,BHA,GKP,40,0,0,4.2,37810,20767,48524,34811,a,,,,,,,,0.0,0,0,0,0,0,0,0,0,0,0,0,0,0,0.00,0.00,0.00,0.00,0.0,0.0
2026-09-03T00:32:00+00:00,2026-09-02,daily,3,2026-09-04T17:30:00Z,113,F.Kadıoğlu,BHA,DEF,44,-1,-1,2.0,8974,21680,11554,73084,a,,2026-08-23T13:00:07.595211Z,100,100,,,3,0.0,0,0,90,1,0,0,0,4,0,0,0,0,2,0.02,0.01,0.03,2.93,0.0,0.0
2026-09-03T00:32:00+00:00,2026-09-02,daily,3,2026-09-04T17:30:00Z,114,Boscagli,BHA,DEF,45,0,0,0.3,4169,2879,8272,4438,a,,,,,,,,2.5,-1,5,180,2,0,0,1,4,0,9,8,1,6,0.05,0.15,0.20,3.22,2.5,2.5
2026-09-03T00:32:00+00:00,2026-09-02,daily,3,2026-09-04T17:30:00Z,115,De Cuyper,BHA,DEF,47,1,2,14.9,538163,76593,1033161,97751,a,,,,,,4,2,8.5,0,17,167,2,1,1,1,4,0,6,3,3,6,1.50,0.26,1.76,3.22,8.5,8.5
2026-09-03T00:32:00+00:00,2026-09-02,daily,3,2026-09-04T17:30:00Z,116,Dunk,BHA,DEF,45,0,0,1.2,13832,9920,27175,15230,a,,,,,,3,,2.5,-1,5,180,2,0,0,1,4,0,5,3,2,6,0.00,0.05,0.05,3.22,2.5,2.5
2026-09-03T00:32:00+00:00,2026-09-02,daily,3,2026-09-04T17:30:00Z,117,Coppola,BHA,DEF,45,0,0,0.0,193,210,384,434,a,,,,,,,,0.0,0,0,0,0,0,0,0,0,0,0,0,0,0,0.00,0.00,0.00,0.00,0.0,0.0
2026-09-03T00:32:00+00:00,2026-09-02,daily,3,2026-09-04T17:30:00Z,118,Igor,BHA,DEF,45,0,0,0.1,444,949,915,1824,u,Has joined Burnley permanently,2026-09-02T15:38:15.529699Z,,0,,,,0.0,0,0,0,0,0,0,0,0,0,0,0,0,0,0.00,0.00,0.00,0.00,0.0,0.0
2026-09-03T00:32:00+00:00,2026-09-02,daily,3,2026-09-04T17:30:00Z,119,Costinha,BHA,DEF,45,0,0,0.0,264,360,549,586,a,,,,,,,,0.5,0,1,36,0,0,0,0,0,0,4,3,1,0,0.12,0.00,0.12,0.14,0.5,0.5
2026-09-03T00:32:00+00:00,2026-09-02,daily,3,2026-09-04T17:30:00Z,120,Svoboda,BHA,DEF,50,0,0,0.1,638,761,1406,1445,a,,,,,,,,0.0,0,0,0,0,0,0,0,0,0,0,0,0,0,0.00,0.00,0.00,0.00,0.0,0.0
2026-09-03T00:32:00+00:00,2026-09-02,daily,3,2026-09-04T17:30:00Z,121,Mitoma,BHA,MID,60,0,0,0.0,105,766,264,2003,i,Hamstring injury - Unknown return date,2026-07-24T18:30:10.661894Z,0,0,,,,0.0,0,0,0,0,0,0,0,0,0,0,0,0,0,0.00,0.00,0.00,0.00,0.0,0.0
2026-09-03T00:32:00+00:00,2026-09-02,daily,3,2026-09-04T17:30:00Z,122,Minteh,BHA,MID,59,-1,-1,0.0,72,1536,212,5057,i,Leg injury - Expected back 28 Nov,2026-08-14T18:00:06.418033Z,0,0,,,5,0.0,0,0,0,0,0,0,0,0,0,0,0,0,0,0.00,0.00,0.00,0.00,0.0,0.0
2026-09-03T00:32:00+00:00,2026-09-02,daily,3,2026-09-04T17:30:00Z,123,Hinshelwood,BHA,MID,60,0,0,1.5,5659,77674,145487,115759,d,Unspecified injury - 50% chance of playing,2026-08-27T19:30:07.780933Z,25,50,,,,8.0,0,16,63,1,2,0,1,0,0,3,0,2,1,1.41,0.02,1.43,0.19,2.0,4.0
2026-09-03T00:32:00+00:00,2026-09-02,daily,3,2026-09-04T17:30:00Z,124,Groß,BHA,MID,55,0,0,14.6,257334,68296,281513,174169,a,,,,,1,1,1,7.5,13,15,180,2,1,1,1,4,0,11,2,4,5,0.05,0.38,0.43,3.22,7.5,7.5
2026-09-03T00:32:00+00:00,2026-09-02,daily,3,2026-09-04T17:30:00Z,125,Georginio,BHA,FWD,55,0,0,0.8,3739,18737,27626,33744,d,Unspecified injury - 75% chance of playing,2026-08-26T16:00:07.608056Z,75,75,,,,2.5,0,5,90,1,0,1,1,0,0,7,1,2,4,0.08,0.44,0.52,0.29,1.9,1.9
2026-09-03T00:32:00+00:00,2026-09-02,daily,3,2026-09-04T17:30:00Z,126,O'Riley,BHA,MID,55,0,0,0.1,766,1486,1422,2838,a,,,,,3,,,0.0,0,0,0,0,0,0,0,0,0,0,0,0,0,0.00,0.00,0.00,0.00,0.0,0.0
2026-09-03T00:32:00+00:00,2026-09-02,daily,3,2026-09-04T17:30:00Z,127,Gomez,BHA,MID,50,0,0,4.5,103178,36950,127130,53822,a,,,,,,5,,5.5,5,11,175,2,0,2,1,4,0,11,3,5,3,0.56,0.65,1.21,3.22,5.5,5.5
2026-09-03T00:32:00+00:00,2026-09-02,daily,3,2026-09-04T17:30:00Z,128,Buonanotte,BHA,MID,50,0,0,0.0,0,80,0,253,u,Has joined Elche on loan for the rest of the season,2026-08-10T14:03:07.561436Z,0,0,,,,0.0,0,0,0,0,0,0,0,0,0,0,0,0,0,0.00,0.00,0.00,0.00,0.0,0.0
2026-09-03T00:32:00+00:00,2026-09-02,daily,3,2026-09-04T17:30:00Z,129,Ayari,BHA,MID,55,0,0,0.5,1361,14304,4695,21915,d,Ankle injury - 75% chance of playing,2026-08-30T18:00:07.935334Z,,75,,2,4,1.0,0,2,63,1,0,0,1,0,0,4,1,0,3,0.11,0.03,0.14,0.19,1.0,0.8
2026-09-03T00:32:00+00:00,2026-09-02,daily,3,2026-09-04T17:30:00Z,130,Wieffer,BHA,DEF,50,0,0,0.5,10198,5935,23626,8992,a,,,,,,,,3.5,0,7,156,2,0,0,1,4,0,15,11,4,9,0.12,0.13,0.25,3.18,3.5,3.5
2026-09-03T00:32:00+00:00,2026-09-02,daily,3,2026-09-04T17:30:00Z,132,Howell,BHA,MID,45,0,0,0.0,0,775,0,2307,u,Has joined Leicester City on loan for the rest of the season,2026-08-17T13:53:19.019938Z,0,0,,,,0.0,0,0,0,0,0,0,0,0,0,0,0,0,0,0.00,0.00,0.00,0.00,0.0,0.0
2026-09-03T00:32:00+00:00,2026-09-02,daily,3,2026-09-04T17:30:00Z,133,Watson,BHA,MID,50,0,0,0.0,0,39,0,95,u,Has joined Leicester City on loan for the rest of the season,2026-08-03T14:05:44.459483Z,0,0,,,,0.0,0,0,0,0,0,0,0,0,0,0,0,0,0,0.00,0.00,0.00,0.00,0.0,0.0
2026-09-03T00:32:00+00:00,2026-09-02,daily,3,2026-09-04T17:30:00Z,134,Oriola,BHA,MID,45,0,0,0.3,2562,2727,4270,5507,a,,,,,,,,0.0,0,0,0,0,0,0,0,0,0,0,0,0,0,0.00,0.00,0.00,0.00,0.0,0.0
2026-09-03T00:32:00+00:00,2026-09-02,daily,3,2026-09-04T17:30:00Z,135,Yohanna,BHA,MID,50,0,0,0.1,361,1117,734,1996,a,,,,,,,,0.5,0,1,12,0,0,0,0,0,0,0,0,0,0,0.00,0.03,0.03,0.00,0.5,0.5
2026-09-03T00:32:00+00:00,2026-09-02,daily,3,2026-09-04T17:30:00Z,137,Tzimas,BHA,FWD,55,0,0,0.0,60,157,144,409,i,Knee injury - Unknown return date,2026-07-23T12:01:23.432796Z,0,0,,,,0.0,0,0,0,0,0,0,0,0,0,0,0,0,0,0.00,0.00,0.00,0.00,0.0,0.0
2026-09-03T00:32:00+00:00,2026-09-02,daily,3,2026-09-04T17:30:00Z,138,Kostoulas,BHA,FWD,55,0,0,0.4,17380,3907,18764,6058,a,,,,,,,,3.0,5,6,105,1,0,1,0,4,0,8,0,1,7,0.35,0.02,0.37,2.99,3.0,3.0
2026-09-03T00:32:00+00:00,2026-09-02,daily,3,2026-09-04T17:30:00Z,139,Ferguson,BHA,FWD,50,0,0,0.0,422,556,740,1179,i,Ankle injury - Expected back 10 Oct,2026-07-23T12:01:23.448357Z,0,0,,,,0.0,0,0,0,0,0,0,0,0,0,0,0,0,0,0.00,0.00,0.00,0.00,0.0,0.0
2026-09-03T00:32:00+00:00,2026-09-02,daily,3,2026-09-04T17:30:00Z,328,Struijk,BHA,DEF,50,0,0,0.2,1137,2671,2553,5225,a,,2026-08-15T20:30:07.523574Z,100,100,,,,0.0,0,0,0,0,0,0,0,0,0,0,0,0,0,0.00,0.00,0.00,0.00,0.0,0.0
2026-09-03T00:32:00+00:00,2026-09-02,daily,3,2026-09-04T17:30:00Z,504,Vuskovic,BHA,DEF,50,0,0,2.4,15456,22892,36642,35239,a,,,,,,,,3.0,0,6,180,2,0,0,1,4,0,12,11,1,5,0.16,0.05,0.21,3.22,3.0,3.0
2026-09-03T00:32:00+00:00,2026-09-02,daily,3,2026-09-04T17:30:00Z,594,David,BHA,FWD,60,0,0,0.3,3072,4035,5591,8176,a,,,,,2,,,0.5,1,1,10,0,0,0,0,0,0,0,0,0,0,0.00,0.00,0.00,0.04,0.5,0.5
2026-09-03T00:32:00+00:00,2026-09-02,daily,3,2026-09-04T17:30:00Z,600,Osman,BHA,MID,50,0,0,0.0,236,209,454,352,a,,,,,,,,1.0,1,2,28,0,0,0,0,1,0,3,0,1,2,0.00,0.06,0.06,0.10,1.0,1.0
2026-09-03T00:32:00+00:00,2026-09-02,daily,3,2026-09-04T17:30:00Z,605,Yalcouyé,BHA,MID,45,0,0,1.5,129531,20011,133870,20963,a,,,,,,,,4.5,8,9,77,1,1,0,0,3,0,7,2,3,2,0.70,0.17,0.87,2.83,4.5,4.5
2026-09-03T00:32:00+00:00,2026-09-02,daily,3,2026-09-04T17:30:00Z,614,Hadjam,BHA,DEF,45,0,0,0.0,1490,380,2496,434,a,,,,,,,,0.0,0,0,0,0,0,0,0,0,0,0,0,0,0,0.00,0.00,0.00,0.00,1.8,1.8
2026-09-03T00:32:00+00:00,2026-09-02,daily,3,2026-09-04T17:30:00Z,624,Cozier-Duberry,BHA,MID,50,0,0,0.0,117,44,117,44,u,Has joined Middlesbrough on loan for the rest of the season,2026-09-02T15:38:15.552951Z,,0,,,,0.0,0,0,0,0,0,0,0,0,0,0,0,0,0,0.00,0.00,0.00,0.00,1.5,0.0
2026-09-03T00:32:00+00:00,2026-09-02,daily,3,2026-09-04T17:30:00Z,639,Andrés,BHA,MID,55,0,0,0.0,40,5,40,5,a,,,,,,,,0.0,0,0,0,0,0,0,0,0,0,0,0,0,0,0.00,0.00,0.00,0.00,2.0,2.0
2026-09-03T00:32:00+00:00,2026-09-02,daily,3,2026-09-04T17:30:00Z,28,Martinez,CHE,GKP,50,0,0,4.4,51380,39485,80766,104399,a,,,,,,,,1.0,2,2,90,1,0,0,0,3,4,0,1,0,13,0.00,0.01,0.01,1.41,1.0,1.0
2026-09-03T00:32:00+00:00,2026-09-02,daily,3,2026-09-04T17:30:00Z,40,Rogers,CHE,MID,75,0,0,24.9,163670,208067,415521,279816,a,,,,,,,4,6.5,5,13,171,2,1,1,0,5,0,12,1,3,8,1.10,1.11,2.21,2.65,6.5,6.5
2026-09-03T00:32:00+00:00,2026-09-02,daily,3,2026-09-04T17:30:00Z,101,Henderson,CHE,MID,50,0,0,0.0,170,602,384,1293,d,Wrist injury - 75% chance of playing,2026-08-09T09:30:07.136250Z,75,75,,,,0.0,0,0,0,0,0,0,0,0,0,0,0,0,0,0.00,0.00,0.00,0.00,0.0,0.0
2026-09-03T00:32:00+00:00,2026-09-02,daily,3,2026-09-04T17:30:00Z,136,Welbeck,CHE,FWD,59,-1,-1,0.9,6001,18395,9137,40820,a,,2026-08-20T14:00:07.949090Z,100,100,,,,0.0,0,0,0,0,0,0,0,0,0,0,0,0,0,0.00,0.00,0.00,0.00,0.0,0.0
2026-09-03T00:32:00+00:00,2026-09-02,daily,3,2026-09-04T17:30:00Z,140,Sánchez,CHE,GKP,49,-1,-1,1.6,1923,54336,10847,81527,u,Has joined Como on loan for the rest of the season,2026-09-02T16:20:41.841936Z,,0,,,,1.0,0,2,90,1,0,0,0,2,4,0,1,0,5,0.00,0.01,0.01,1.33,1.0,0.0
2026-09-03T00:32:00+00:00,2026-09-02,daily,3,2026-09-04T17:30:00Z,141,Jörgensen,CHE,GKP,50,0,0,0.0,0,214,0,715,u,Has joined RC Strasbourg on loan for the rest of the season,2026-08-12T14:07:02.607115Z,0,0,,,,0.0,0,0,0,0,0,0,0,0,0,0,0,0,0,0.00,0.00,0.00,0.00,0.0,0.0
2026-09-03T00:32:00+00:00,2026-09-02,daily,3,2026-09-04T17:30:00Z,142,James,CHE,DEF,55,0,0,8.5,22130,146959,84655,228277,a,,,,,,1,1,0.5,1,1,112,1,0,0,0,3,0,6,6,0,5,0.10,0.07,0.17,1.47,0.5,0.5
2026-09-03T00:32:00+00:00,2026-09-02,daily,3,2026-09-04T17:30:00Z,143,Chalobah,CHE,DEF,55,0,0,0.1,0,2929,0,10987,u,Has joined Como permanently,2026-08-10T14:03:50.769483Z,0,0,,,,0.0,0,0,0,0,0,0,0,0,0,0,0,0,0,0.00,0.00,0.00,0.00,0.0,0.0
2026-09-03T00:32:00+00:00,2026-09-02,daily,3,2026-09-04T17:30:00Z,144,Gusto,CHE,DEF,50,0,0,1.2,8168,15614,21493,26561,a,,,,,,,,1.0,1,2,165,2,0,0,0,5,0,8,6,2,7,0.00,0.04,0.04,2.52,1.0,1.0
2026-09-03T00:32:00+00:00,2026-09-02,daily,3,2026-09-04T17:30:00Z,145,Fofana,CHE,DEF,50,0,0,0.1,2150,966,2963,1227,a,,2026-07-23T12:01:23.464591Z,100,100,,,,0.0,0,0,67,1,0,0,0,2,0,9,9,0,0,0.00,0.01,0.01,1.26,0.0,0.0
2026-09-03T00:32:00+00:00,2026-09-02,daily,3,2026-09-04T17:30:00Z,146,B.Badiashile,CHE,DEF,45,0,0,0.0,0,580,232,1380,u,Has joined Napoli on loan for the rest of the season,2026-08-25T14:03:47.079414Z,0,0,,,,0.0,0,0,0,0,0,0,0,0,0,0,0,0,0,0.00,0.00,0.00,0.00,0.0,0.0
2026-09-03T00:32:00+00:00,2026-09-02,daily,3,2026-09-04T17:30:00Z,148,Hato,CHE,DEF,45,0,0,0.6,17000,7303,21358,11787,a,,,,,,,,2.5,4,5,154,2,0,1,0,5,0,9,5,4,5,0.01,0.09,0.10,2.46,2.5,2.5
2026-09-03T00:32:00+00:00,2026-09-02,daily,3,2026-09-04T17:30:00Z,149,Colwill,CHE,DEF,50,0,0,1.3,6440,22863,17011,40642,a,,,,,,,,0.5,1,1,161,2,0,0,0,4,0,13,10,3,5,0.01,0.03,0.04,2.64,0.5,0.5
2026-09-03T00:32:00+00:00,2026-09-02,daily,3,2026-09-04T17:30:00Z,150,M.Sarr,CHE,DEF,45,0,0,0.0,24,2722,429,3671,u,Has joined Real Sociedad on loan for the rest of the season,2026-08-29T00:34:23.077418Z,,0,,,,0.0,0,0,0,0,0,0,0,0,0,0,0,0,0,0.00,0.00,0.00,0.00,0.0,0.0
2026-09-03T00:32:00+00:00,2026-09-02,daily,3,2026-09-04T17:30:00Z,151,Acheampong,CHE,DEF,45,0,0,0.4,3962,5025,12027,8159,a,,,,,,,,2.0,1,4,112,1,0,0,0,3,0,18,12,6,6,0.00,0.01,0.01,1.47,2.0,2.0
2026-09-03T00:32:00+00:00,2026-09-02,daily,3,2026-09-04T17:30:00Z,152,Palestra,CHE,DEF,54,-1,-1,1.5,591,54170,5551,124107,d,Unspecified injury - 75% chance of playing,2026-08-24T18:30:07.421239Z,75,75,,,,0.0,0,0,0,0,0,0,0,0,0,0,0,0,0,0.00,0.00,0.00,0.00,0.0,0.0
2026-09-03T00:32:00+00:00,2026-09-02,daily,3,2026-09-04T17:30:00Z,154,Palmer,CHE,MID,96,1,1,18.3,284692,122010,661564,153970,a,,2026-08-24T22:00:07.971542Z,100,100,1,3,,10.0,7,20,172,2,2,1,0,5,0,17,2,4,11,0.94,0.32,1.26,2.65,10.0,10.0
2026-09-03T00:32:00+00:00,2026-09-02,daily,3,2026-09-04T17:30:00Z,156,Neto,CHE,MID,65,0,0,1.3,17464,14098,23099,37460,a,,,,,,4,2,4.0,7,8,81,1,1,0,0,2,0,8,3,1,4,0.44,0.40,0.84,1.48,4.0,4.0
2026-09-03T00:32:00+00:00,2026-09-02,daily,3,2026-09-04T17:30:00Z,157,Estêvão,CHE,MID,64,-1,-1,0.9,2902,26865,8466,50649,a,,,,,3,,5,0.5,0,1,7,0,0,0,0,0,0,1,0,0,1,0.00,0.00,0.00,0.09,0.5,0.5
2026-09-03T00:32:00+00:00,2026-09-02,daily,3,2026-09-04T17:30:00Z,158,Gittens,CHE,MID,59,-1,-1,0.0,212,759,483,1532,a,,,,,,,,0.0,0,0,0,0,0,0,0,0,0,0,0,0,0,0.00,0.00,0.00,0.00,0.0,0.0
2026-09-03T00:32:00+00:00,2026-09-02,daily,3,2026-09-04T17:30:00Z,159,Caicedo,CHE,MID,54,-1,-1,2.1,2850,69027,12331,167350,d,Unspecified injury - 75% chance of playing,2026-08-30T16:00:08.393562Z,75,75,,,,0.5,1,1,13,0,0,0,0,0,0,0,0,0,0,0.00,0.00,0.00,0.07,0.4,0.4
2026-09-03T00:32:00+00:00,2026-09-02,daily,3,2026-09-04T17:30:00Z,161,Lavia,CHE,MID,50,0,0,0.2,9920,2522,11093,3441,a,,,,,,,,4.0,7,8,131,2,1,0,0,4,0,16,5,4,7,0.75,0.03,0.78,2.31,4.0,4.0
2026-09-03T00:32:00+00:00,2026-09-02,daily,3,2026-09-04T17:30:00Z,163,D.Essugo,CHE,MID,45,0,0,0.2,1446,2641,2698,5528,u,Has joined RC Strasbourg on loan for the rest of the season,2026-09-02T16:20:41.865225Z,,0,,,,0.0,0,0,0,0,0,0,0,0,0,0,0,0,0,0.00,0.00,0.00,0.00,0.0,0.0
2026-09-03T00:32:00+00:00,2026-09-02,daily,3,2026-09-04T17:30:00Z,164,Quenda,CHE,MID,54,-1,-1,0.0,240,923,471,1743,a,,2026-07-24T20:30:10.609931Z,100,100,,,,0.5,0,1,8,0,0,0,0,0,0,1,1,0,0,0.00,0.00,0.00,0.09,0.5,0.5
2026-09-03T00:32:00+00:00,2026-09-02,daily,3,2026-09-04T17:30:00Z,165,João Pedro,CHE,FWD,77,1,2,69.8,332091,100629,737279,128794,a,,,,,,,,10.0,9,20,180,2,2,2,0,5,0,6,1,1,4,1.86,0.10,1.96,2.74,10.0,10.0
2026-09-03T00:32:00+00:00,2026-09-02,daily,3,2026-09-04T17:30:00Z,168,Marc Guiu,CHE,FWD,50,0,0,0.4,1924,8461,4102,14607,u,Has joined RB Leipzig permanently,2026-09-01T13:24:48.857362Z,,0,,,,0.0,0,0,0,0,0,0,0,0,0,0,0,0,0,0.00,0.00,0.00,0.00,0.0,0.0
2026-09-03T00:32:00+00:00,2026-09-02,daily,3,2026-09-04T17:30:00Z,169,Mheuka,CHE,FWD,45,0,0,0.4,5979,4347,8908,8756,a,,,,,,,,0.0,0,0,0,0,0,0,0,0,0,0,0,0,0,0.00,0.00,0.00,0.00,0.0,0.0
2026-09-03T00:32:00+00:00,2026-09-02,daily,3,2026-09-04T17:30:00Z,170,Emegha,CHE,FWD,50,0,0,0.1,1956,2540,3406,4874,a,,2026-07-24T20:30:10.622380Z,100,100,,,,0.0,0,0,0,0,0,0,0,0,0,0,0,0,0,0.00,0.00,0.00,0.00,0.0,0.0
2026-09-03T00:32:00+00:00,2026-09-02,daily,3,2026-09-04T17:30:00Z,200,Lacroix,CHE,DEF,60,0,0,8.5,27896,105955,91418,150762,a,,,,,,,,3.5,1,7,180,2,0,1,0,5,0,21,15,6,3,0.02,0.20,0.22,2.74,3.5,3.5
2026-09-03T00:32:00+00:00,2026-09-02,daily,3,2026-09-04T17:30:00Z,560,Penders,CHE,GKP,45,0,0,0.1,269,911,664,1676,a,,,,,,,,0.0,0,0,0,0,0,0,0,0,0,0,0,0,0,0.00,0.00,0.00,0.00,0.0,0.0
2026-09-03T00:32:00+00:00,2026-09-02,daily,3,2026-09-04T17:30:00Z,561,Anselmino,CHE,DEF,45,0,0,0.0,166,203,288,649,a,,2026-08-23T19:00:08.536705Z,100,100,,,,0.0,0,0,0,0,0,0,0,0,0,0,0,0,0,0.00,0.00,0.00,0.00,0.0,0.0
2026-09-03T00:32:00+00:00,2026-09-02,daily,3,2026-09-04T17:30:00Z,568,Barco,CHE,MID,55,0,0,0.1,842,1455,1370,3116,a,,,,,,,,0.5,1,1,8,0,0,0,0,1,0,1,1,0,0,0.04,0.00,0.04,0.07,0.5,0.5
2026-09-03T00:32:00+00:00,2026-09-02,daily,3,2026-09-04T17:30:00Z,583,Chavarria,CHE,DEF,50,0,0,0.2,537,2848,1618,5406,a,,,,,,,,1.0,1,2,43,0,0,0,0,1,0,4,3,1,2,0.00,0.02,0.02,0.37,1.0,1.0
2026-09-03T00:32:00+00:00,2026-09-02,daily,3,2026-09-04T17:30:00Z,91,Pinnock,COV,DEF,45,0,0,0.1,397,889,971,1860,a,,,,,,,,0.5,1,1,12,0,0,0,0,1,0,2,2,0,0,0.00,0.00,0.00,0.54,0.5,0.5
2026-09-03T00:32:00+00:00,2026-09-02,daily,3,2026-09-04T17:30:00Z,104,Onyeka,COV,MID,50,0,0,0.1,293,2569,2749,4169,a,,,,,,,,1.0,0,2,90,1,0,0,0,3,0,9,3,1,5,0.00,0.01,0.01,1.88,1.0,1.0
2026-09-03T00:32:00+00:00,2026-09-02,daily,3,2026-09-04T17:30:00Z,110,Rushworth,COV,GKP,45,0,0,1.1,1868,11538,13799,16210,a,,,,,,,,1.5,2,3,180,2,0,0,0,4,3,0,2,0,20,0.00,0.01,0.01,2.60,1.5,1.5
2026-09-03T00:32:00+00:00,2026-09-02,daily,3,2026-09-04T17:30:00Z,171,Dovin,COV,GKP,40,0,0,1.5,6290,8533,8924,14944,u,Has joined Leyton Orient on loan for the rest of the season,2026-09-02T15:44:14.839336Z,,0,,,,0.0,0,0,0,0,0,0,0,0,0,0,0,0,0,0.00,0.00,0.00,0.00,0.0,0.0
2026-09-03T00:32:00+00:00,2026-09-02,daily,3,2026-09-04T17:30:00Z,172,Wilson,COV,GKP,45,0,0,0.4,172,3024,399,6464,a,,,,,,,,0.0,0,0,0,0,0,0,0,0,0,0,0,0,0,0.00,0.00,0.00,0.00,0.0,0.0
2026-09-03T00:32:00+00:00,2026-09-02,daily,3,2026-09-04T17:30:00Z,173,Thomas,COV,DEF,40,0,0,8.4,81279,45230,119390,69120,a,,,,,,,,5.5,8,11,167,2,0,0,1,3,0,19,18,1,8,0.02,0.02,0.04,2.06,5.5,5.5
2026-09-03T00:32:00+00:00,2026-09-02,daily,3,2026-09-04T17:30:00Z,174,Kitching,COV,DEF,40,0,0,0.6,461,4804,981,9590,u,Has joined Sheffield United on loan for the rest of the season,2026-09-02T16:21:03.612394Z,,0,,,,0.0,0,0,0,0,0,0,0,0,0,0,0,0,0,0.00,0.00,0.00,0.00,0.0,0.0
2026-09-03T00:32:00+00:00,2026-09-02,daily,3,2026-09-04T17:30:00Z,175,van Ewijk,COV,DEF,40,0,0,12.1,30783,85027,65234,134885,a,,,,,,,,1.5,2,3,180,2,0,0,0,4,0,9,7,2,6,0.00,0.20,0.20,2.60,1.5,1.5
2026-09-03T00:32:00+00:00,2026-09-02,daily,3,2026-09-04T17:30:00Z,176,Dasilva,COV,DEF,40,0,0,0.8,1790,4444,5014,8498,a,,,,,,,,1.5,2,3,180,2,0,0,0,4,0,9,7,2,4,0.18,0.07,0.25,2.60,1.5,1.5
2026-09-03T00:32:00+00:00,2026-09-02,daily,3,2026-09-04T17:30:00Z,177,Kesler-Hayden,COV,DEF,40,0,0,0.0,77,931,245,1681,i,Hamstring injury - Unknown return date,2026-08-27T14:56:28.704361Z,0,0,,,,0.0,0,0,0,0,0,0,0,0,0,0,0,0,0,0.00,0.00,0.00,0.00,0.0,0.0
2026-09-03T00:32:00+00:00,2026-09-02,daily,3,2026-09-04T17:30:00Z,178,Bidwell,COV,DEF,40,0,0,0.1,401,728,907,1472,a,,,,,,,,0.0,0,0,0,0,0,0,0,0,0,0,0,0,0,0.00,0.00,0.00,0.00,0.0,0.0
2026-09-03T00:32:00+00:00,2026-09-02,daily,3,2026-09-04T17:30:00Z,179,Latibeaudiere,COV,DEF,40,0,0,0.0,197,314,357,734,a,,,,,,,,0.0,0,0,0,0,0,0,0,0,0,0,0,0,0,0.00,0.00,0.00,0.00,0.0,0.0
2026-09-03T00:32:00+00:00,2026-09-02,daily,3,2026-09-04T17:30:00Z,180,Woolfenden,COV,DEF,40,0,0,0.1,466,2514,1412,4742,i,Knee injury - Unknown return date,2026-08-27T14:56:28.718566Z,0,0,,,,0.0,0,0,0,0,0,0,0,0,0,0,0,0,0,0.00,0.00,0.00,0.00,0.0,0.0
2026-09-03T00:32:00+00:00,2026-09-02,daily,3,2026-09-04T17:30:00Z,181,Brau,COV,DEF,40,0,0,0.0,19,756,275,1094,u,Has joined Academico de Viseu on loan for the rest of the season,2026-08-29T00:35:59.980316Z,,0,,,,0.0,0,0,0,0,0,0,0,0,0,0,0,0,0,0.00,0.00,0.00,0.00,0.0,0.0
2026-09-03T00:32:00+00:00,2026-09-02,daily,3,2026-09-04T17:30:00Z,182,Amenda,COV,DEF,40,0,0,0.8,1948,5426,5276,9937,a,,,,,,,,1.0,1,2,180,2,0,0,0,4,0,13,13,0,5,0.02,0.05,0.07,2.60,1.0,1.0
2026-09-03T00:32:00+00:00,2026-09-02,daily,3,2026-09-04T17:30:00Z,183,Rudoni,COV,MID,50,0,0,0.1,554,1610,1804,2909,a,,2026-07-23T12:01:23.481435Z,100,100,,1,4,2.0,3,4,90,1,0,0,1,0,0,11,1,2,8,0.21,0.09,0.30,0.31,2.0,2.0
2026-09-03T00:32:00+00:00,2026-09-02,daily,3,2026-09-04T17:30:00Z,184,Grimes,COV,MID,50,0,0,0.2,371,2345,2661,3961,a,,,,,3,,1,2.0,2,4,180,2,0,0,0,4,0,17,5,0,12,0.01,0.05,0.06,2.60,2.0,2.0
2026-09-03T00:32:00+00:00,2026-09-02,daily,3,2026-09-04T17:30:00Z,185,Sakamoto,COV,MID,49,-1,-1,0.1,241,1188,378,2643,a,,,,,,,,0.5,1,1,31,0,0,0,0,1,0,4,0,2,2,0.02,0.02,0.04,0.69,0.5,0.5
2026-09-03T00:32:00+00:00,2026-09-02,daily,3,2026-09-04T17:30:00Z,186,Mason-Clark,COV,MID,55,0,0,0.1,148,1400,637,2978,a,,2026-08-19T18:00:08.310507Z,100,100,,,,0.5,1,1,57,1,0,0,0,0,0,4,2,0,2,0.00,0.06,0.06,0.02,0.5,0.5
2026-09-03T00:32:00+00:00,2026-09-02,daily,3,2026-09-04T17:30:00Z,187,Eccles,COV,MID,49,-1,-1,0.0,380,310,449,609,a,,,,,,,,0.0,0,0,0,0,0,0,0,0,0,0,0,0,0,0.00,0.00,0.00,0.00,0.0,0.0
2026-09-03T00:32:00+00:00,2026-09-02,daily,3,2026-09-04T17:30:00Z,188,Torp,COV,MID,55,0,0,0.1,54,1969,603,3793,a,,,,,2,2,2,1.0,1,2,47,0,0,0,0,1,0,3,1,0,2,0.00,0.12,0.12,1.01,1.0,1.0
2026-09-03T00:32:00+00:00,2026-09-02,daily,3,2026-09-04T17:30:00Z,189,Shepherd,COV,MID,45,0,0,0.3,1211,2670,2224,5841,a,,,,,,,,0.0,0,0,0,0,0,0,0,0,0,0,0,0,0,0.00,0.00,0.00,0.00,0.0,0.0
2026-09-03T00:32:00+00:00,2026-09-02,daily,3,2026-09-04T17:30:00Z,190,Tchaouna,COV,MID,55,0,0,0.1,92,2114,2854,3565,a,,,,,,,,1.5,1,3,139,2,0,0,0,3,0,14,5,1,8,0.09,0.15,0.24,1.78,1.5,1.5
2026-09-03T00:32:00+00:00,2026-09-02,daily,3,2026-09-04T17:30:00Z,191,Borges Rodrigues,COV,MID,45,0,0,0.2,1263,2008,1943,3881,u,Has joined Burton Albion on loan for the rest of the season,2026-09-02T15:44:14.868001Z,,0,,,,0.0,0,0,0,0,0,0,0,0,0,0,0,0,0,0.00,0.00,0.00,0.00,0.0,0.0
2026-09-03T00:32:00+00:00,2026-09-02,daily,3,2026-09-04T17:30:00Z,192,Andrews,COV,MID,45,0,0,0.5,142,13554,2718,20748,u,Has joined Oxford United on loan for the rest of the season,2026-08-29T00:35:59.998520Z,,0,,,,0.0,0,0,0,0,0,0,0,0,0,0,0,0,0,0.00,0.00,0.00,0.00,0.0,0.0
2026-09-03T00:32:00+00:00,2026-09-02,daily,3,2026-09-04T17:30:00Z,193,Wright,COV,FWD,54,-1,-1,0.1,146,2639,253,8064,i,Thigh injury - Unknown return date,2026-08-14T22:00:07.214508Z,0,0,1,,,0.0,0,0,0,0,0,0,0,0,0,0,0,0,0,0.00,0.00,0.00,0.00,0.0,0.0
2026-09-03T00:32:00+00:00,2026-09-02,daily,3,2026-09-04T17:30:00Z,194,Thomas-Asante,COV,FWD,50,0,0,0.8,12723,12278,27317,20166,a,,,,,4,,,1.5,1,3,101,1,0,0,0,4,0,8,5,0,3,0.00,0.02,0.02,2.29,1.5,1.5
2026-09-03T00:32:00+00:00,2026-09-02,daily,3,2026-09-04T17:30:00Z,195,Simms,COV,FWD,50,0,0,0.9,7896,15043,27832,24646,a,,,,,,,,1.0,0,2,69,1,0,0,0,3,0,3,1,0,2,0.00,0.01,0.01,1.60,1.0,1.0
2026-09-03T00:32:00+00:00,2026-09-02,daily,3,2026-09-04T17:30:00Z,196,Markelo,COV,FWD,50,0,0,0.0,0,236,0,826,u,Has joined Shabab Al-Ahli Dubai permanently,2026-08-17T13:53:55.791223Z,0,0,,,,0.0,0,0,0,0,0,0,0,0,0,0,0,0,0,0.00,0.00,0.00,0.00,0.0,0.0
2026-09-03T00:32:00+00:00,2026-09-02,daily,3,2026-09-04T17:30:00Z,197,Bassette,COV,FWD,45,0,0,0.0,0,453,0,1241,u,Has joined KVC Westerlo on loan for the rest of the season,2026-07-28T12:58:50.001768Z,0,0,,,,0.0,0,0,0,0,0,0,0,0,0,0,0,0,0,0.00,0.00,0.00,0.00,0.0,0.0
2026-09-03T00:32:00+00:00,2026-09-02,daily,3,2026-09-04T17:30:00Z,492,Awoniyi,COV,FWD,55,0,0,0.7,3634,11478,12288,20771,a,,,,,5,,,1.5,2,3,110,1,0,0,0,1,0,4,1,0,3,0.93,0.03,0.96,1.01,1.5,1.5
2026-09-03T00:32:00+00:00,2026-09-02,daily,3,2026-09-04T17:30:00Z,575,Yirenkyi,COV,MID,50,0,0,0.2,611,2821,1608,5396,a,,,,,,,,2.0,3,4,131,2,0,0,1,3,0,10,3,0,7,0.03,0.13,0.16,1.58,2.0,2.0
2026-09-03T00:32:00+00:00,2026-09-02,daily,3,2026-09-04T17:30:00Z,584,Hamer,COV,MID,55,0,0,0.1,128,1531,514,2959,a,,,,,,,3,1.0,1,2,27,0,0,0,0,1,0,1,0,0,1,0.00,0.02,0.02,0.82,1.0,1.0
2026-09-03T00:32:00+00:00,2026-09-02,daily,3,2026-09-04T17:30:00Z,599,Cherif,COV,FWD,50,0,0,0.1,1776,1717,3500,3111,a,,,,,,,,0.0,0,0,0,0,0,0,0,0,0,0,0,0,0,0.00,0.00,0.00,0.00,0.0,0.0
2026-09-03T00:32:00+00:00,2026-09-02,daily,3,2026-09-04T17:30:00Z,623,Bentley,COV,GKP,40,0,0,0.2,8807,1411,8807,1411,a,,,,,,,,0.0,0,0,0,0,0,0,0,0,0,0,0,0,0,0.00,0.00,0.00,0.00,1.0,1.0
2026-09-03T00:32:00+00:00,2026-09-02,daily,3,2026-09-04T17:30:00Z,42,Guessand,CRY,MID,55,0,0,0.0,391,751,874,1374,a,,,,,,,,1.0,1,2,54,0,0,0,0,1,0,2,1,1,0,0.03,0.03,0.06,0.34,1.0,1.0
2026-09-03T00:32:00+00:00,2026-09-02,daily,3,2026-09-04T17:30:00Z,153,Disasi,CRY,DEF,45,0,0,0.1,1044,732,1569,1580,a,,,,,,,,0.5,1,1,16,0,0,0,0,1,0,1,0,1,1,0.00,0.00,0.00,0.20,0.5,0.5
2026-09-03T00:32:00+00:00,2026-09-02,daily,3,2026-09-04T17:30:00Z,198,Henderson,CRY,GKP,50,0,0,1.8,9771,13845,15675,27619,a,,2026-08-20T14:00:08.018379Z,100,100,,,,1.5,1,3,180,2,0,0,0,6,7,0,5,0,24,0.00,0.00,0.00,3.33,1.5,1.5
2026-09-03T00:32:00+00:00,2026-09-02,daily,3,2026-09-04T17:30:00Z,199,Benitez,CRY,GKP,45,0,0,0.1,481,953,949,2329,a,,,,,,,,0.0,0,0,0,0,0,0,0,0,0,0,0,0,0,0.00,0.00,0.00,0.00,0.0,0.0
2026-09-03T00:32:00+00:00,2026-09-02,daily,3,2026-09-04T17:30:00Z,202,Richards,CRY,DEF,50,0,0,0.7,3374,8294,7582,14748,a,,,,,,,,1.5,0,3,180,2,0,0,0,6,0,22,18,4,3,0.04,0.00,0.04,3.33,1.5,1.5
2026-09-03T00:32:00+00:00,2026-09-02,daily,3,2026-09-04T17:30:00Z,203,Canvot,CRY,DEF,49,-1,-1,0.3,976,4142,1797,8163,a,,,,,,,,0.5,0,1,180,2,0,0,0,6,0,15,10,5,4,0.05,0.01,0.06,3.33,0.5,0.5
2026-09-03T00:32:00+00:00,2026-09-02,daily,3,2026-09-04T17:30:00Z,204,Mitchell,CRY,DEF,45,0,0,4.8,6244,54151,12209,104490,a,,,,,,,,0.5,0,1,180,2,0,0,0,6,0,10,6,4,5,0.11,0.17,0.28,3.33,0.5,0.5
2026-09-03T00:32:00+00:00,2026-09-02,daily,3,2026-09-04T17:30:00Z,205,Sosa,CRY,DEF,45,0,0,0.0,110,352,236,704,u,Has joined FC Cologne on loan for the rest of the season,2026-09-02T16:03:25.710518Z,,0,,,,0.0,0,0,0,0,0,0,0,0,0,0,0,0,0,0.00,0.00,0.00,0.00,0.0,0.0
2026-09-03T00:32:00+00:00,2026-09-02,daily,3,2026-09-04T17:30:00Z,206,Chadi Riad,CRY,DEF,44,-1,-1,0.0,128,1260,448,4103,i,Knee injury - Unknown return date,2026-08-22T18:00:07.352049Z,0,0,,,,0.5,0,1,72,1,0,0,0,2,0,7,6,1,3,0.00,0.01,0.01,0.98,0.0,0.0
2026-09-03T00:32:00+00:00,2026-09-02,daily,3,2026-09-04T17:30:00Z,207,Mingueza,CRY,DEF,44,-1,-1,0.1,372,887,571,2167,a,,,,,,,,0.5,1,1,15,0,0,0,0,1,0,1,0,1,0,0.00,0.00,0.00,0.20,0.5,0.5
2026-09-03T00:32:00+00:00,2026-09-02,daily,3,2026-09-04T17:30:00Z,208,Sarr,CRY,MID,63,-1,-2,1.4,240,84904,2342,291482,i,Groin injury - Unknown return date,2026-08-22T18:00:07.363165Z,0,0,2,,,0.0,0,0,0,0,0,0,0,0,0,0,0,0,0,0.00,0.00,0.00,0.00,0.0,0.0
2026-09-03T00:32:00+00:00,2026-09-02,daily,3,2026-09-04T17:30:00Z,210,Wharton,CRY,MID,55,0,0,0.9,7200,10010,13910,17810,a,,2026-07-23T12:01:23.498963Z,100,100,,,2,3.0,2,6,180,2,0,0,0,6,0,21,4,6,11,0.00,0.31,0.31,3.33,3.0,3.0
2026-09-03T00:32:00+00:00,2026-09-02,daily,3,2026-09-04T17:30:00Z,211,Yeremy,CRY,MID,55,0,0,0.2,3391,1708,3705,4166,a,,,,,,1,1,3.0,5,6,102,1,0,1,0,3,0,15,2,4,9,0.11,0.09,0.20,2.28,3.0,3.0
2026-09-03T00:32:00+00:00,2026-09-02,daily,3,2026-09-04T17:30:00Z,212,Hughes,CRY,MID,45,0,0,9.7,27899,94153,48081,184333,a,,,,,,,4,0.0,0,0,0,0,0,0,0,0,0,0,0,0,0,0.00,0.00,0.00,0.00,0.0,0.0
2026-09-03T00:32:00+00:00,2026-09-02,daily,3,2026-09-04T17:30:00Z,213,Lerma,CRY,MID,49,-1,-1,0.1,276,1255,480,2705,a,,,,,,,,0.0,0,0,0,0,0,0,0,0,0,0,0,0,0,0.00,0.00,0.00,0.00,0.0,0.0
2026-09-03T00:32:00+00:00,2026-09-02,daily,3,2026-09-04T17:30:00Z,214,Kamada,CRY,MID,50,0,0,0.3,3074,3255,5018,6349,a,,,,,,,3,2.5,2,5,180,2,0,0,0,6,0,23,4,9,10,0.05,0.29,0.34,3.33,2.5,2.5
2026-09-03T00:32:00+00:00,2026-09-02,daily,3,2026-09-04T17:30:00Z,215,Devenny,CRY,MID,50,0,0,0.0,63,194,132,370,u,Has joined Stoke City permanently,2026-09-02T15:41:07.346849Z,,0,3,2,,0.0,0,0,0,0,0,0,0,0,0,0,0,0,0,0.00,0.00,0.00,0.00,0.0,0.0
2026-09-03T00:32:00+00:00,2026-09-02,daily,3,2026-09-04T17:30:00Z,216,Esse,CRY,MID,50,0,0,0.0,188,674,399,1264,u,Has joined Millwall on loan for the rest of the season,2026-09-02T15:41:07.376544Z,,0,,,,0.0,0,0,0,0,0,0,0,0,0,0,0,0,0,0.00,0.00,0.00,0.00,0.0,0.0
2026-09-03T00:32:00+00:00,2026-09-02,daily,3,2026-09-04T17:30:00Z,217,M.França,CRY,MID,49,-1,-1,0.0,896,834,913,1548,a,,,,,,,,0.0,0,0,0,0,0,0,0,0,0,0,0,0,0,0.00,0.00,0.00,0.00,0.0,0.0
2026-09-03T00:32:00+00:00,2026-09-02,daily,3,2026-09-04T17:30:00Z,218,Doucouré,CRY,MID,49,-1,-1,0.1,665,981,913,2040,a,,,,,,,,0.0,0,0,0,0,0,0,0,0,0,0,0,0,0,0.00,0.00,0.00,0.00,0.0,0.0
2026-09-03T00:32:00+00:00,2026-09-02,daily,3,2026-09-04T17:30:00Z,219,J.Rak-Sakyi,CRY,MID,50,0,0,0.0,33,79,72,169,a,,,,,,,,0.0,0,0,0,0,0,0,0,0,0,0,0,0,0,0.00,0.00,0.00,0.00,0.0,0.0
2026-09-03T00:32:00+00:00,2026-09-02,daily,3,2026-09-04T17:30:00Z,220,Cardines,CRY,DEF,45,0,0,0.0,0,28,0,93,u,Has joined Bristol City on loan for the rest of the season,2026-08-12T14:08:46.501813Z,0,0,,,,0.0,0,0,0,0,0,0,0,0,0,0,0,0,0,0.00,0.00,0.00,0.00,0.0,0.0
2026-09-03T00:32:00+00:00,2026-09-02,daily,3,2026-09-04T17:30:00Z,221,Drakes-Thomas,CRY,MID,45,0,0,0.1,641,855,1040,1843,a,,,,,,,,0.0,0,0,0,0,0,0,0,0,0,0,0,0,0,0.00,0.00,0.00,0.00,0.0,0.0
2026-09-03T00:32:00+00:00,2026-09-02,daily,3,2026-09-04T17:30:00Z,222,Strand Larsen,CRY,FWD,60,0,0,0.5,4849,5995,6359,13766,a,,,,,,,,1.5,2,3,89,1,0,0,0,3,0,4,2,1,1,0.30,0.01,0.31,2.15,1.5,1.5
2026-09-03T00:32:00+00:00,2026-09-02,daily,3,2026-09-04T17:30:00Z,223,Mateta,CRY,FWD,64,-1,-1,3.0,1065,204671,25016,277104,i,Hamstring injury - Expected back 11 Oct,2026-08-28T21:00:08.020382Z,,0,1,,,1.0,0,2,62,1,0,0,0,2,0,5,1,2,2,0.70,0.02,0.72,0.98,1.0,0.0
2026-09-03T00:32:00+00:00,2026-09-02,daily,3,2026-09-04T17:30:00Z,224,Nketiah,CRY,FWD,55,0,0,0.5,8033,6016,11296,11796,a,,,,,,,,1.5,2,3,122,2,0,0,0,5,0,9,2,3,4,0.96,0.58,1.54,2.85,1.5,1.5
2026-09-03T00:32:00+00:00,2026-09-02,daily,3,2026-09-04T17:30:00Z,225,Uche,CRY,FWD,50,0,0,0.0,0,0,0,0,u,has returned to Getafe CF,2026-07-23T12:18:56.275922Z,0,0,,,,0.0,0,0,0,0,0,0,0,0,0,0,0,0,0,0.00,0.00,0.00,0.00,0.0,0.0
2026-09-03T00:32:00+00:00,2026-09-02,daily,3,2026-09-04T17:30:00Z,241,McNeil,CRY,MID,55,0,0,0.1,309,1707,781,3535,a,,,,,,,,1.5,1,3,84,1,0,0,0,3,0,7,4,0,3,0.05,0.02,0.07,1.18,1.5,1.5
2026-09-03T00:32:00+00:00,2026-09-02,daily,3,2026-09-04T17:30:00Z,555,Matthews,CRY,GKP,40,0,0,1.8,5521,6504,11466,12739,a,,,,,,,,0.0,0,0,0,0,0,0,0,0,0,0,0,0,0,0.00,0.00,0.00,0.00,0.0,0.0
2026-09-03T00:32:00+00:00,2026-09-02,daily,3,2026-09-04T17:30:00Z,577,Tomiyasu,CRY,DEF,45,0,0,0.3,941,2408,1770,5075,a,,,,,,,,1.0,1,2,91,1,0,0,0,3,0,9,8,1,4,0.00,0.01,0.01,2.15,1.0,1.0
2026-09-03T00:32:00+00:00,2026-09-02,daily,3,2026-09-04T17:30:00Z,588,Khalaili,CRY,DEF,50,0,0,0.1,1941,902,2403,1729,a,,,,,,,,1.5,2,3,109,1,0,0,0,3,0,23,9,14,8,0.02,0.16,0.18,2.28,1.5,1.5
2026-09-03T00:32:00+00:00,2026-09-02,daily,3,2026-09-04T17:30:00Z,595,Gozo,CRY,MID,50,0,0,0.0,109,161,210,334,a,,,,,,,,0.5,1,1,22,0,0,0,0,1,0,1,0,1,0,0.00,0.00,0.00,0.20,0.5,0.5
2026-09-03T00:32:00+00:00,2026-09-02,daily,3,2026-09-04T17:30:00Z,633,Ahanor,CRY,DEF,45,0,0,0.0,44,8,44,8,a,,,,,,,,0.0,0,0,0,0,0,0,0,0,0,0,0,0,0,0.00,0.00,0.00,0.00,1.8,1.8
2026-09-03T00:32:00+00:00,2026-09-02,daily,3,2026-09-04T17:30:00Z,643,Chilwell,CRY,DEF,45,0,0,0.0,137,13,137,13,a,,,,,,,,0.0,0,0,0,0,0,0,0,0,0,0,0,0,0,0.00,0.00,0.00,0.00,1.8,1.8
2026-09-03T00:32:00+00:00,2026-09-02,daily,3,2026-09-04T17:30:00Z,644,Timber,CRY,MID,50,0,0,0.0,105,15,105,15,a,,,,,,,,0.0,0,0,0,0,0,0,0,0,0,0,0,0,0,0.00,0.00,0.00,0.00,1.5,1.5
2026-09-03T00:32:00+00:00,2026-09-02,daily,3,2026-09-04T17:30:00Z,647,Osorio,CRY,MID,55,0,0,0.0,135,9,135,9,a,,,,,,,,0.0,0,0,0,0,0,0,0,0,0,0,0,0,0,0.00,0.00,0.00,0.00,2.0,2.0
2026-09-03T00:32:00+00:00,2026-09-02,daily,3,2026-09-04T17:30:00Z,21,Nørgaard,EVE,MID,49,-1,-1,0.1,122,1665,224,4531,i,Groin injury - Unknown return date,2026-08-15T20:00:06.779594Z,0,0,,,,0.0,0,0,0,0,0,0,0,0,0,0,0,0,0,0.00,0.00,0.00,0.00,0.0,0.0
2026-09-03T00:32:00+00:00,2026-09-02,daily,3,2026-09-04T17:30:00Z,209,Johnson,EVE,MID,59,-1,-1,0.1,562,2417,1294,4997,a,,,,,,,,1.0,1,2,34,0,0,0,0,0,0,4,2,1,1,0.00,0.00,0.00,1.87,1.0,1.0
2026-09-03T00:32:00+00:00,2026-09-02,daily,3,2026-09-04T17:30:00Z,226,Pickford,EVE,GKP,55,0,0,8.8,44479,56519,108018,84709,a,,,,,,,,5.0,3,10,180,2,0,0,1,1,8,0,4,0,23,0.00,0.02,0.02,4.12,5.0,5.0
2026-09-03T00:32:00+00:00,2026-09-02,daily,3,2026-09-04T17:30:00Z,227,Travers,EVE,GKP,50,0,0,0.0,217,408,507,811,a,,,,,,,,0.0,0,0,0,0,0,0,0,0,0,0,0,0,0,0.00,0.00,0.00,0.00,0.0,0.0
2026-09-03T00:32:00+00:00,2026-09-02,daily,3,2026-09-04T17:30:00Z,228,King,EVE,GKP,45,0,0,0.0,218,376,461,755,a,,,,,,,,0.0,0,0,0,0,0,0,0,0,0,0,0,0,0,0.00,0.00,0.00,0.00,0.0,0.0
2026-09-03T00:32:00+00:00,2026-09-02,daily,3,2026-09-04T17:30:00Z,229,Tarkowski,EVE,DEF,60,0,0,10.4,165556,55892,208292,92958,a,,,,,,,,9.0,12,18,180,2,1,0,1,1,0,19,17,2,7,0.15,0.01,0.16,4.12,9.0,9.0
2026-09-03T00:32:00+00:00,2026-09-02,daily,3,2026-09-04T17:30:00Z,230,Branthwaite,EVE,DEF,55,0,0,1.8,12221,14550,31324,23468,a,,,,,,,,5.0,4,10,180,2,0,0,1,1,0,20,17,3,5,0.09,0.02,0.11,4.12,5.0,5.0
2026-09-03T00:32:00+00:00,2026-09-02,daily,3,2026-09-04T17:30:00Z,231,Keane,EVE,DEF,49,-1,-1,1.1,1816,23584,5076,48469,a,,,,,,,,0.0,0,0,0,0,0,0,0,0,0,0,0,0,0,0.00,0.00,0.00,0.00,0.0,0.0
2026-09-03T00:32:00+00:00,2026-09-02,daily,3,2026-09-04T17:30:00Z,232,O'Brien,EVE,DEF,49,-1,-1,0.4,749,5967,2152,13696,a,,,,,,,,0.0,0,0,0,0,0,0,0,0,0,0,0,0,0,0.00,0.00,0.00,0.00,0.0,0.0
2026-09-03T00:32:00+00:00,2026-09-02,daily,3,2026-09-04T17:30:00Z,233,Mykolenko,EVE,DEF,45,0,0,1.7,29694,17150,51478,26220,a,,,,,,,,5.0,4,10,180,2,0,0,1,1,0,16,15,1,11,0.00,0.06,0.06,4.12,5.0,5.0
2026-09-03T00:32:00+00:00,2026-09-02,daily,3,2026-09-04T17:30:00Z,234,Patterson,EVE,DEF,45,0,0,0.0,164,445,371,814,u,Has joined Torino permanently,2026-09-02T16:05:23.326971Z,,0,,,,0.0,0,0,0,0,0,0,0,0,0,0,0,0,0,0.00,0.00,0.00,0.00,0.0,0.0
2026-09-03T00:32:00+00:00,2026-09-02,daily,3,2026-09-04T17:30:00Z,235,Aznou,EVE,DEF,40,0,0,0.2,719,2624,1728,4312,u,Has joined Malaga on loan for the rest of the season,2026-09-01T13:23:16.934847Z,,0,,,,0.0,0,0,0,0,0,0,0,0,0,0,0,0,0,0.00,0.00,0.00,0.00,0.0,0.0
2026-09-03T00:32:00+00:00,2026-09-02,daily,3,2026-09-04T17:30:00Z,236,Dewsbury-Hall,EVE,MID,65,0,0,4.4,41515,63246,174162,90197,a,,,,,,,2,6.5,2,13,180,2,1,0,1,1,0,18,1,5,12,0.18,0.33,0.51,4.08,6.5,6.5
2026-09-03T00:32:00+00:00,2026-09-02,daily,3,2026-09-04T17:30:00Z,238,Grealish,EVE,MID,65,0,0,0.2,4473,3977,5675,6380,a,,2026-07-29T10:00:10.492904Z,100,100,,,,0.5,0,1,8,0,0,0,0,0,0,1,0,1,0,0.00,0.00,0.00,0.00,0.5,0.5
2026-09-03T00:32:00+00:00,2026-09-02,daily,3,2026-09-04T17:30:00Z,239,Garner,EVE,MID,60,0,0,0.1,1737,2451,3270,4100,a,,2026-07-25T14:30:10.455878Z,100,100,3,1,1,1.0,1,2,72,1,0,0,0,1,0,11,0,4,7,0.00,0.03,0.03,0.92,1.0,1.0
2026-09-03T00:32:00+00:00,2026-09-02,daily,3,2026-09-04T17:30:00Z,242,George,EVE,MID,55,0,0,0.3,1251,3171,3524,5653,a,,,,,,,,2.5,2,5,144,2,0,0,1,1,0,9,3,1,5,0.23,0.09,0.32,2.25,2.5,2.5
2026-09-03T00:32:00+00:00,2026-09-02,daily,3,2026-09-04T17:30:00Z,243,Alcaraz,EVE,MID,50,0,0,0.1,590,1396,1343,2534,a,,,,,,,,0.5,0,1,5,0,0,0,0,0,0,3,0,1,2,0.05,0.02,0.07,0.04,0.5,0.5
2026-09-03T00:32:00+00:00,2026-09-02,daily,3,2026-09-04T17:30:00Z,244,Armstrong,EVE,MID,50,0,0,0.4,15660,6439,28446,8906,a,,,,,,,,5.0,2,10,176,2,0,1,1,1,0,25,6,5,14,0.00,0.07,0.07,4.12,5.0,5.0
2026-09-03T00:32:00+00:00,2026-09-02,daily,3,2026-09-04T17:30:00Z,245,Dibling,EVE,MID,54,-1,-1,0.0,270,638,471,1389,a,,,,,,,,0.0,0,0,0,0,0,0,0,0,0,0,0,0,0,0.00,0.00,0.00,0.00,0.0,0.0
2026-09-03T00:32:00+00:00,2026-09-02,daily,3,2026-09-04T17:30:00Z,246,Röhl,EVE,MID,50,0,0,0.1,421,765,939,1401,a,,,,,,,,2.5,2,5,175,2,0,0,1,1,0,18,4,5,9,0.00,0.07,0.07,4.12,2.5,2.5
2026-09-03T00:32:00+00:00,2026-09-02,daily,3,2026-09-04T17:30:00Z,247,Hackney,EVE,MID,55,0,0,0.2,385,2777,1229,5979,a,,2026-08-26T22:00:07.797766Z,50,100,,,3,2.0,1,4,106,1,0,0,1,0,0,10,3,2,5,0.01,0.02,0.03,3.20,1.0,2.0
2026-09-03T00:32:00+00:00,2026-09-02,daily,3,2026-09-04T17:30:00Z,248,Beto,EVE,FWD,54,-1,-1,1.9,8513,43396,16222,86207,u,Has joined Fiorentina permanently,2026-09-02T16:05:23.357221Z,,0,4,,,1.0,1,2,31,0,0,0,0,0,0,1,1,0,0,0.09,0.00,0.09,1.92,1.0,0.0
2026-09-03T00:32:00+00:00,2026-09-02,daily,3,2026-09-04T17:30:00Z,249,Barry,EVE,FWD,55,0,0,4.4,126813,60984,277078,83412,a,,,,,2,,,5.0,2,10,147,2,1,0,1,1,0,6,2,1,3,1.93,0.09,2.02,2.20,5.0,5.0
2026-09-03T00:32:00+00:00,2026-09-02,daily,3,2026-09-04T17:30:00Z,649,Maitland-Niles,EVE,DEF,45,0,0,0.0,126,19,126,19,a,,,,,,,,0.0,0,0,0,0,0,0,0,0,0,0,0,0,0,0.00,0.00,0.00,0.00,1.8,1.8
2026-09-03T00:32:00+00:00,2026-09-02,daily,3,2026-09-04T17:30:00Z,250,Leno,FUL,GKP,45,0,0,3.1,23528,17911,35702,29440,a,,,,,,,,2.5,3,5,180,2,0,0,0,4,6,0,3,0,17,0.00,0.00,0.00,4.26,2.5,2.5
2026-09-03T00:32:00+00:00,2026-09-02,daily,3,2026-09-04T17:30:00Z,251,Lecomte,FUL,GKP,40,0,0,1.2,4208,4687,5700,8815,a,,,,,,,,0.0,0,0,0,0,0,0,0,0,0,0,0,0,0,0.00,0.00,0.00,0.00,0.0,0.0
2026-09-03T00:32:00+00:00,2026-09-02,daily,3,2026-09-04T17:30:00Z,252,McNally,FUL,GKP,40,0,0,0.2,1784,1747,2589,2367,u,Has joined York City on loan for the rest of the season,2026-09-01T13:25:11.231240Z,,0,,,,0.0,0,0,0,0,0,0,0,0,0,0,0,0,0,0.00,0.00,0.00,0.00,0.0,0.0
2026-09-03T00:32:00+00:00,2026-09-02,daily,3,2026-09-04T17:30:00Z,253,Andersen,FUL,DEF,50,0,0,0.1,3624,1546,5938,2176,a,,2026-07-23T12:01:23.516350Z,100,100,,,,0.5,1,1,90,1,0,0,0,1,0,8,8,0,2,0.00,0.04,0.04,2.02,0.5,0.5
2026-09-03T00:32:00+00:00,2026-09-02,daily,3,2026-09-04T17:30:00Z,254,Robinson,FUL,DEF,45,0,0,1.6,8841,12007,20022,21436,a,,,,,2,,,1.5,2,3,171,2,0,0,0,4,0,10,4,6,7,0.13,0.06,0.19,4.23,1.5,1.5
2026-09-03T00:32:00+00:00,2026-09-02,daily,3,2026-09-04T17:30:00Z,255,J.Cuenca,FUL,DEF,45,0,0,0.0,359,484,1140,743,a,,,,,,,,1.5,0,3,90,1,0,0,0,3,0,10,9,1,3,0.00,0.03,0.03,2.24,1.5,1.5
2026-09-03T00:32:00+00:00,2026-09-02,daily,3,2026-09-04T17:30:00Z,256,Tete,FUL,DEF,45,0,0,0.2,330,2145,668,4206,a,,,,,,,,0.0,0,0,0,0,0,0,0,0,0,0,0,0,0,0.00,0.00,0.00,0.00,0.0,0.0
2026-09-03T00:32:00+00:00,2026-09-02,daily,3,2026-09-04T17:30:00Z,257,Bassey,FUL,DEF,45,0,0,0.8,5213,5644,12076,11686,a,,,,,,,,1.0,2,2,180,2,0,0,0,4,0,11,9,2,10,0.02,0.03,0.05,4.26,1.0,1.0
2026-09-03T00:32:00+00:00,2026-09-02,daily,3,2026-09-04T17:30:00Z,258,Castagne,FUL,DEF,45,0,0,0.8,27089,6904,39185,9519,a,,,,,,,,6.0,6,12,157,2,0,2,1,3,0,8,6,2,6,0.09,0.18,0.27,2.50,6.0,6.0
2026-09-03T00:32:00+00:00,2026-09-02,daily,3,2026-09-04T17:30:00Z,261,Iwobi,FUL,MID,55,0,0,0.9,4559,11799,10654,21195,a,,,,,3,1,1,2.0,2,4,180,2,0,0,0,4,0,14,4,2,8,0.01,0.44,0.45,4.26,2.0,2.0
2026-09-03T00:32:00+00:00,2026-09-02,daily,3,2026-09-04T17:30:00Z,262,Smith Rowe,FUL,MID,55,0,0,0.3,1056,4637,2470,9385,a,,,,,,,,0.5,1,1,14,0,0,0,0,0,0,1,0,0,1,0.06,0.02,0.08,0.41,0.5,0.5
2026-09-03T00:32:00+00:00,2026-09-02,daily,3,2026-09-04T17:30:00Z,263,Kevin,FUL,MID,54,-1,-1,0.0,311,985,730,1847,a,,,,,,,3,1.0,1,2,24,0,0,0,0,0,0,3,0,2,1,0.00,0.05,0.05,0.20,1.0,1.0
2026-09-03T00:32:00+00:00,2026-09-02,daily,3,2026-09-04T17:30:00Z,264,Bobb,FUL,MID,55,0,0,0.3,3064,4329,7584,7326,a,,,,,,,2,2.5,3,5,133,2,0,0,1,3,0,11,2,5,4,0.00,0.27,0.27,2.47,2.5,2.5
2026-09-03T00:32:00+00:00,2026-09-02,daily,3,2026-09-04T17:30:00Z,265,Berge,FUL,MID,50,0,0,0.4,1329,3659,2794,6992,a,,,,,,,,2.0,2,4,154,2,0,0,0,4,0,6,1,1,4,0.03,0.23,0.26,4.06,2.0,2.0
2026-09-03T00:32:00+00:00,2026-09-02,daily,3,2026-09-04T17:30:00Z,266,Cairney,FUL,MID,50,0,0,0.0,14,63,26,178,i,Knee injury - Expected back 10 Oct,2026-08-14T18:00:06.460944Z,0,0,,,,0.0,0,0,0,0,0,0,0,0,0,0,0,0,0,0.00,0.00,0.00,0.00,0.0,0.0
2026-09-03T00:32:00+00:00,2026-09-02,daily,3,2026-09-04T17:30:00Z,268,King,FUL,MID,55,0,0,0.7,14246,9099,48929,13263,a,,,,,,,,4.5,2,9,180,2,1,0,0,4,0,12,3,4,5,0.64,0.07,0.71,4.26,4.5,4.5
2026-09-03T00:32:00+00:00,2026-09-02,daily,3,2026-09-04T17:30:00Z,269,Sessegnon,FUL,DEF,45,0,0,0.4,593,3152,1552,6166,a,,,,,,,,1.0,1,2,39,0,0,0,0,1,0,2,1,1,2,0.05,0.12,0.17,1.80,1.0,1.0
2026-09-03T00:32:00+00:00,2026-09-02,daily,3,2026-09-04T17:30:00Z,270,Reed,FUL,MID,45,0,0,1.3,5987,13689,11569,28192,a,,,,,,,,0.0,0,0,0,0,0,0,0,0,0,0,0,0,0,0.00,0.00,0.00,0.00,0.0,0.0
2026-09-03T00:32:00+00:00,2026-09-02,daily,3,2026-09-04T17:30:00Z,271,Muniz,FUL,FWD,55,0,0,0.5,3045,7981,5857,14871,a,,,,,,,,0.5,0,1,8,0,0,0,0,0,0,1,1,0,0,0.02,0.00,0.02,0.03,0.5,0.5
2026-09-03T00:32:00+00:00,2026-09-02,daily,3,2026-09-04T17:30:00Z,272,Kusi-Asare,FUL,FWD,45,0,0,6.7,43711,49923,67399,94200,a,,,,,,,,0.0,0,0,0,0,0,0,0,0,0,0,0,0,0,0.00,0.00,0.00,0.00,0.0,0.0
2026-09-03T00:32:00+00:00,2026-09-02,daily,3,2026-09-04T17:30:00Z,569,Gonzalo,FUL,FWD,60,0,0,4.6,96663,54264,248881,71471,a,,,,,1,,,4.0,2,8,180,2,1,0,0,4,0,6,2,1,3,1.00,0.02,1.02,4.26,4.0,4.0
2026-09-03T00:32:00+00:00,2026-09-02,daily,3,2026-09-04T17:30:00Z,570,Palacios,FUL,MID,55,0,0,0.2,656,2340,1566,4124,a,,,,,,,,1.5,1,3,147,2,0,0,0,4,0,13,3,2,8,0.18,0.01,0.19,3.83,1.5,1.5
2026-09-03T00:32:00+00:00,2026-09-02,daily,3,2026-09-04T17:30:00Z,580,Charles,FUL,MID,50,0,0,0.1,248,856,607,1664,a,,,,,,,,1.0,1,2,45,0,0,0,0,1,0,5,1,1,3,0.09,0.03,0.12,1.80,1.0,1.0
2026-09-03T00:32:00+00:00,2026-09-02,daily,3,2026-09-04T17:30:00Z,610,De Fougerolles,FUL,DEF,40,0,0,0.1,1973,1467,5024,1941,d,Unspecified injury - 75% chance of playing,2026-08-28T11:30:08.336405Z,75,75,,,,0.0,0,0,0,0,0,0,0,0,0,0,0,0,0,0.00,0.00,0.00,0.00,0.0,0.0
2026-09-03T00:32:00+00:00,2026-09-02,daily,3,2026-09-04T17:30:00Z,626,Zepa,FUL,MID,45,0,0,0.3,15020,3154,15020,3154,a,,,,,,,,0.0,0,0,0,0,0,0,0,0,0,0,0,0,0,0.00,0.00,0.00,0.00,1.0,1.0
2026-09-03T00:32:00+00:00,2026-09-02,daily,3,2026-09-04T17:30:00Z,635,Larsson,FUL,MID,50,0,0,0.0,86,4,86,4,a,,,,,,,,0.0,0,0,0,0,0,0,0,0,0,0,0,0,0,0.00,0.00,0.00,0.00,1.5,1.5
2026-09-03T00:32:00+00:00,2026-09-02,daily,3,2026-09-04T17:30:00Z,636,Ángel,FUL,MID,50,0,0,0.0,25,2,25,2,a,,,,,,,,0.0,0,0,0,0,0,0,0,0,0,0,0,0,0,0.00,0.00,0.00,0.00,1.5,1.5
2026-09-03T00:32:00+00:00,2026-09-02,daily,3,2026-09-04T17:30:00Z,650,Affengruber,FUL,DEF,45,0,0,0.0,43,5,43,5,a,,,,,,,,0.0,0,0,0,0,0,0,0,0,0,0,0,0,0,0.00,0.00,0.00,0.00,1.8,1.8
2026-09-03T00:32:00+00:00,2026-09-02,daily,3,2026-09-04T17:30:00Z,240,Iroegbunam,HUL,MID,50,0,0,0.0,148,129,169,477,a,,2026-08-15T20:00:06.878792Z,0,100,,,,0.5,1,1,4,0,0,0,0,0,0,0,0,0,0,0.00,0.00,0.00,0.00,0.0,0.5
2026-09-03T00:32:00+00:00,2026-09-02,daily,3,2026-09-04T17:30:00Z,273,Phillips,HUL,GKP,40,0,0,1.5,6258,7509,9373,14603,a,,,,,,,,0.0,0,0,0,0,0,0,0,0,0,0,0,0,0,0.00,0.00,0.00,0.00,0.0,0.0
2026-09-03T00:32:00+00:00,2026-09-02,daily,3,2026-09-04T17:30:00Z,274,Butland,HUL,GKP,45,0,0,0.1,126,1166,250,2904,i,Arm injury - Unknown return date,2026-08-08T19:00:05.601633Z,0,0,,,,0.0,0,0,0,0,0,0,0,0,0,0,0,0,0,0.00,0.00,0.00,0.00,0.0,0.0
2026-09-03T00:32:00+00:00,2026-09-02,daily,3,2026-09-04T17:30:00Z,275,Cartwright,HUL,GKP,40,0,0,0.0,0,71,0,182,u,Has joined Grimsby Town on loan for the rest of the season,2026-07-29T13:00:27.959925Z,0,0,,,,0.0,0,0,0,0,0,0,0,0,0,0,0,0,0,0.00,0.00,0.00,0.00,0.0,0.0
2026-09-03T00:32:00+00:00,2026-09-02,daily,3,2026-09-04T17:30:00Z,276,Lo-Tutala,HUL,GKP,40,0,0,0.0,0,222,0,605,u,Has joined Colchester United on loan for the rest of the season,2026-08-17T13:50:27.125537Z,0,0,,,,0.0,0,0,0,0,0,0,0,0,0,0,0,0,0,0.00,0.00,0.00,0.00,0.0,0.0
2026-09-03T00:32:00+00:00,2026-09-02,daily,3,2026-09-04T17:30:00Z,277,Egan,HUL,DEF,40,0,0,4.4,217614,33183,260551,44390,a,,,,,,,,8.5,9,17,180,2,0,0,2,0,0,34,32,2,4,0.00,0.00,0.00,3.12,8.5,8.5
2026-09-03T00:32:00+00:00,2026-09-02,daily,3,2026-09-04T17:30:00Z,278,Hughes,HUL,DEF,40,0,0,0.1,81,1335,180,3655,i,Groin injury - Unknown return date,2026-08-02T09:00:11.030017Z,0,0,,,,0.0,0,0,0,0,0,0,0,0,0,0,0,0,0,0.00,0.00,0.00,0.00,0.0,0.0
2026-09-03T00:32:00+00:00,2026-09-02,daily,3,2026-09-04T17:30:00Z,279,Ajayi,HUL,DEF,41,1,1,8.0,456602,38569,536008,54162,a,,2026-08-22T17:30:07.668197Z,100,100,,,,10.0,6,20,153,2,1,0,2,0,0,14,12,2,8,0.52,0.00,0.52,2.15,10.0,10.0
2026-09-03T00:32:00+00:00,2026-09-02,daily,3,2026-09-04T17:30:00Z,280,Coyle,HUL,DEF,40,0,0,0.6,1176,6751,3799,11832,d,Unspecified injury - 75% chance of playing,2026-08-29T16:30:08.151841Z,100,75,,,,3.0,0,6,114,2,0,0,1,0,0,6,5,1,4,0.00,0.01,0.01,2.25,3.0,2.2
2026-09-03T00:32:00+00:00,2026-09-02,daily,3,2026-09-04T17:30:00Z,281,Drameh,HUL,DEF,40,0,0,0.1,1010,874,2118,1287,u,Has joined Genoa permanently,2026-09-02T16:09:06.479140Z,100,0,,,,1.0,1,2,65,0,0,0,0,0,0,6,5,1,4,0.05,0.00,0.05,0.87,1.0,0.0
2026-09-03T00:32:00+00:00,2026-09-02,daily,3,2026-09-04T17:30:00Z,282,Giles,HUL,DEF,40,0,0,1.1,17558,5358,30450,9549,a,,,,,,1,1,6.0,6,12,174,2,0,0,2,0,0,8,6,2,5,0.02,0.14,0.16,3.05,6.0,6.0
2026-09-03T00:32:00+00:00,2026-09-02,daily,3,2026-09-04T17:30:00Z,283,Jacob,HUL,DEF,40,0,0,0.0,57,144,114,372,u,Has joined Newport County on loan until January,2026-08-02T09:00:11.038361Z,0,0,,,,0.0,0,0,0,0,0,0,0,0,0,0,0,0,0,0.00,0.00,0.00,0.00,0.0,0.0
2026-09-03T00:32:00+00:00,2026-09-02,daily,3,2026-09-04T17:30:00Z,284,McCarthy,HUL,DEF,40,0,0,0.1,1038,909,1713,1868,a,,,,,,,,0.0,0,0,0,0,0,0,0,0,0,0,0,0,0,0.00,0.00,0.00,0.00,0.0,0.0
2026-09-03T00:32:00+00:00,2026-09-02,daily,3,2026-09-04T17:30:00Z,285,McNair,HUL,DEF,40,0,0,0.1,712,1097,1358,1787,a,,,,,,,,0.5,0,1,26,0,0,0,0,0,0,2,2,0,1,0.00,0.00,0.00,0.96,0.5,0.5
2026-09-03T00:32:00+00:00,2026-09-02,daily,3,2026-09-04T17:30:00Z,286,Belloumi,HUL,MID,50,0,0,0.8,19642,6908,33532,10939,a,,,,,,2,3,4.5,6,9,172,2,0,1,2,0,0,20,6,6,8,0.17,0.05,0.22,2.94,4.5,4.5
2026-09-03T00:32:00+00:00,2026-09-02,daily,3,2026-09-04T17:30:00Z,287,Millar,HUL,MID,50,0,0,0.1,2873,1346,3178,2333,u,Has joined Birmingham on loan for the rest of the season,2026-09-02T15:36:41.038103Z,,0,,,,3.0,6,6,50,0,1,0,0,0,0,4,2,1,1,0.58,0.00,0.58,0.87,3.0,0.0
2026-09-03T00:32:00+00:00,2026-09-02,daily,3,2026-09-04T17:30:00Z,288,Dowell,HUL,MID,45,0,0,0.4,4299,4315,6015,8573,a,,,,,,,,0.0,0,0,0,0,0,0,0,0,0,0,0,0,0,0.00,0.00,0.00,0.00,0.0,0.0
2026-09-03T00:32:00+00:00,2026-09-02,daily,3,2026-09-04T17:30:00Z,289,Crooks,HUL,MID,45,0,0,0.6,2519,11054,12660,16744,d,Thigh injury - 75% chance of playing,2026-08-29T15:00:08.569326Z,,75,,,,1.0,0,2,90,1,0,0,1,0,0,9,4,4,1,0.00,0.00,0.00,1.83,1.0,0.8
2026-09-03T00:32:00+00:00,2026-09-02,daily,3,2026-09-04T17:30:00Z,290,Slater,HUL,MID,45,0,0,4.6,107583,44383,199954,66757,a,,,,,,,2,4.0,2,8,180,2,0,1,2,0,0,13,2,5,6,0.00,0.45,0.45,3.12,4.0,4.0
2026-09-03T00:32:00+00:00,2026-09-02,daily,3,2026-09-04T17:30:00Z,291,Matazo,HUL,MID,45,0,0,0.0,67,90,131,186,i,Knee injury - Unknown return date,2026-07-23T12:01:23.532635Z,0,0,,,,0.0,0,0,0,0,0,0,0,0,0,0,0,0,0,0.00,0.00,0.00,0.00,0.0,0.0
2026-09-03T00:32:00+00:00,2026-09-02,daily,3,2026-09-04T17:30:00Z,292,Ömür,HUL,MID,50,0,0,0.0,172,349,381,736,a,,,,,,,,0.0,0,0,0,0,0,0,0,0,0,0,0,0,0,0.00,0.00,0.00,0.00,0.0,0.0
2026-09-03T00:32:00+00:00,2026-09-02,daily,3,2026-09-04T17:30:00Z,293,Kamara,HUL,MID,50,0,0,0.0,0,85,0,282,u,Has joined Portsmouth permanently,2026-08-12T14:08:23.542043Z,0,0,,,,0.0,0,0,0,0,0,0,0,0,0,0,0,0,0,0.00,0.00,0.00,0.00,0.0,0.0
2026-09-03T00:32:00+00:00,2026-09-02,daily,3,2026-09-04T17:30:00Z,294,Zambrano,HUL,MID,45,0,0,0.1,547,1547,1038,3696,i,Thigh injury - Unknown return date,2026-08-04T18:30:11.016909Z,0,0,,,,0.0,0,0,0,0,0,0,0,0,0,0,0,0,0,0.00,0.00,0.00,0.00,0.0,0.0
2026-09-03T00:32:00+00:00,2026-09-02,daily,3,2026-09-04T17:30:00Z,295,McBurnie,HUL,FWD,55,0,0,2.1,29599,34265,112240,50206,a,,,,,1,,,3.0,1,6,180,2,0,1,2,0,0,9,3,0,6,0.16,0.02,0.18,3.12,3.0,3.0
2026-09-03T00:32:00+00:00,2026-09-02,daily,3,2026-09-04T17:30:00Z,296,Akintola,HUL,MID,50,0,0,0.0,1030,1051,1944,1991,a,,,,,,,,0.0,0,0,0,0,0,0,0,0,0,0,0,0,0,0.00,0.00,0.00,0.00,0.0,0.0
2026-09-03T00:32:00+00:00,2026-09-02,daily,3,2026-09-04T17:30:00Z,297,Gyabi,HUL,MID,45,0,0,0.0,88,341,152,867,i,Thigh injury - Unknown return date,2026-08-04T18:30:11.027155Z,0,0,,,,0.0,0,0,0,0,0,0,0,0,0,0,0,0,0,0.00,0.00,0.00,0.00,0.0,0.0
2026-09-03T00:32:00+00:00,2026-09-02,daily,3,2026-09-04T17:30:00Z,298,Destan,HUL,FWD,45,0,0,0.3,0,4448,0,13314,u,Has joined Konyaspor permanently,2026-08-17T13:50:27.145733Z,0,0,,,,0.0,0,0,0,0,0,0,0,0,0,0,0,0,0,0.00,0.00,0.00,0.00,0.0,0.0
2026-09-03T00:32:00+00:00,2026-09-02,daily,3,2026-09-04T17:30:00Z,299,Burstow,HUL,FWD,45,0,0,0.0,0,639,0,1849,u,Has joined Sheffield Wednesday on loan for the rest of the season,2026-08-03T14:05:20.234842Z,0,0,,,,0.0,0,0,0,0,0,0,0,0,0,0,0,0,0,0.00,0.00,0.00,0.00,0.0,0.0
2026-09-03T00:32:00+00:00,2026-09-02,daily,3,2026-09-04T17:30:00Z,340,Gelhardt,HUL,MID,50,0,0,0.0,37,178,82,466,i,Ankle injury - Expected back 5 Sep,2026-08-17T21:30:07.799839Z,0,0,,,,0.0,0,0,0,0,0,0,0,0,0,0,0,0,0,0.00,0.00,0.00,0.00,0.0,0.0
2026-09-03T00:32:00+00:00,2026-09-02,daily,3,2026-09-04T17:30:00Z,556,Targett,HUL,DEF,40,0,0,2.1,7850,17211,13243,32652,a,,,,,,,,0.5,0,1,5,0,0,0,0,0,0,0,0,0,1,0.00,0.00,0.00,0.07,0.5,0.5
2026-09-03T00:32:00+00:00,2026-09-02,daily,3,2026-09-04T17:30:00Z,563,Morita,HUL,MID,50,0,0,0.0,318,228,436,556,a,,2026-08-15T16:00:07.961518Z,100,100,,,,0.5,1,1,45,1,0,0,0,0,0,3,2,0,1,0.00,0.00,0.00,1.09,0.5,0.5
2026-09-03T00:32:00+00:00,2026-09-02,daily,3,2026-09-04T17:30:00Z,572,Tzolakis,HUL,GKP,46,1,1,7.0,271770,33981,373740,46396,a,,,,,,,,10.0,10,20,180,2,0,0,2,0,8,0,0,0,33,0.00,0.00,0.00,3.12,10.0,10.0
2026-09-03T00:32:00+00:00,2026-09-02,daily,3,2026-09-04T17:30:00Z,574,Hjertø-Dahl,HUL,MID,50,0,0,0.1,267,1060,574,2029,a,,,,,,,,0.0,0,0,0,0,0,0,0,0,0,0,0,0,0,0.00,0.00,0.00,0.00,0.0,0.0
2026-09-03T00:32:00+00:00,2026-09-02,daily,3,2026-09-04T17:30:00Z,576,Stroud,HUL,MID,50,0,0,0.1,584,1113,2014,1710,a,,,,,,,,1.5,0,3,128,2,0,0,1,0,0,13,3,3,7,0.01,0.04,0.05,2.25,1.5,1.5
2026-09-03T00:32:00+00:00,2026-09-02,daily,3,2026-09-04T17:30:00Z,585,Herrington,HUL,DEF,40,0,0,0.6,2655,3624,5426,7226,a,,,,,,,,1.0,1,2,57,0,0,0,0,0,0,5,5,0,0,0.00,0.00,0.00,1.16,1.0,1.0
2026-09-03T00:32:00+00:00,2026-09-02,daily,3,2026-09-04T17:30:00Z,586,Mendy,HUL,DEF,40,0,0,5.4,123823,49077,303403,68537,a,,2026-08-22T17:30:08.045208Z,100,100,,,,8.0,1,16,121,2,1,0,1,0,0,22,20,2,4,0.29,0.00,0.29,1.95,8.0,8.0
2026-09-03T00:32:00+00:00,2026-09-02,daily,3,2026-09-04T17:30:00Z,589,Gourna-Douath,HUL,MID,50,0,0,0.0,167,251,302,564,a,,,,,,,,0.5,1,1,45,0,0,0,0,0,0,6,1,3,2,0.00,0.01,0.01,0.20,0.5,0.5
2026-09-03T00:32:00+00:00,2026-09-02,daily,3,2026-09-04T17:30:00Z,617,Cho,HUL,MID,50,0,0,0.0,556,149,581,151,a,,,,,,,,1.0,1,1,7,0,0,0,0,0,0,0,0,0,0,0.00,0.00,0.00,0.18,1.5,1.5
2026-09-03T00:32:00+00:00,2026-09-02,daily,3,2026-09-04T17:30:00Z,632,Ansah,HUL,FWD,50,0,0,0.0,348,33,348,33,a,,,,,,,,0.0,0,0,0,0,0,0,0,0,0,0,0,0,0,0.00,0.00,0.00,0.00,1.4,1.4
2026-09-03T00:32:00+00:00,2026-09-02,daily,3,2026-09-04T17:30:00Z,637,Vaz,HUL,FWD,50,0,0,0.0,258,24,258,24,a,,,,,,,,0.0,0,0,0,0,0,0,0,0,0,0,0,0,0,0.00,0.00,0.00,0.00,1.4,1.4
2026-09-03T00:32:00+00:00,2026-09-02,daily,3,2026-09-04T17:30:00Z,638,Norton-Cuffy,HUL,DEF,40,0,0,0.0,1084,103,1084,103,a,,,,,,,,0.0,0,0,0,0,0,0,0,0,0,0,0,0,0,0.00,0.00,0.00,0.00,1.0,1.0
2026-09-03T00:32:00+00:00,2026-09-02,daily,3,2026-09-04T17:30:00Z,642,Thomas,HUL,MID,55,0,0,0.0,115,8,115,8,a,,,,,,,,0.0,0,0,0,0,0,0,0,0,0,0,0,0,0,0.00,0.00,0.00,0.00,2.0,2.0
2026-09-03T00:32:00+00:00,2026-09-02,daily,3,2026-09-04T17:30:00Z,645,Mouzakitis,HUL,MID,50,0,0,0.0,55,2,55,2,a,,,,,,,,0.0,0,0,0,0,0,0,0,0,0,0,0,0,0,0.00,0.00,0.00,0.00,1.5,1.5
2026-09-03T00:32:00+00:00,2026-09-02,daily,3,2026-09-04T17:30:00Z,259,Diop,IPS,DEF,40,0,0,15.9,30653,83055,57166,153979,a,,,,,,,,2.0,2,4,180,2,0,0,0,6,0,17,16,1,10,0.00,0.01,0.01,5.43,2.0,2.0
2026-09-03T00:32:00+00:00,2026-09-02,daily,3,2026-09-04T17:30:00Z,267,Lukić,IPS,MID,50,0,0,0.1,582,1218,1760,2563,a,,,,,,,4,3.0,1,6,162,2,0,1,0,5,0,17,9,4,4,0.02,0.04,0.06,4.57,3.0,3.0
2026-09-03T00:32:00+00:00,2026-09-02,daily,3,2026-09-04T17:30:00Z,300,Walton,IPS,GKP,45,0,0,0.4,255,3104,464,7676,a,,,,,,,,0.0,0,0,0,0,0,0,0,0,0,0,0,0,0,0.00,0.00,0.00,0.00,0.0,0.0
2026-09-03T00:32:00+00:00,2026-09-02,daily,3,2026-09-04T17:30:00Z,301,Palmer,IPS,GKP,40,0,0,4.3,17886,20803,25572,38151,a,,,,,,,,0.0,0,0,0,0,0,0,0,0,0,0,0,0,0,0.00,0.00,0.00,0.00,0.0,0.0
2026-09-03T00:32:00+00:00,2026-09-02,daily,3,2026-09-04T17:30:00Z,302,Button,IPS,GKP,40,0,0,0.5,4795,2534,6754,4353,a,,,,,,,,0.0,0,0,0,0,0,0,0,0,0,0,0,0,0,0.00,0.00,0.00,0.00,0.0,0.0
2026-09-03T00:32:00+00:00,2026-09-02,daily,3,2026-09-04T17:30:00Z,303,Kipré,IPS,DEF,40,0,0,0.6,418,3694,750,8641,a,,,,,,,,0.0,0,0,0,0,0,0,0,0,0,0,0,0,0,0.00,0.00,0.00,0.00,0.0,0.0
2026-09-03T00:32:00+00:00,2026-09-02,daily,3,2026-09-04T17:30:00Z,304,O'Shea,IPS,DEF,40,0,0,3.3,15300,22593,30939,36577,a,,,,,,,,2.0,0,4,180,2,0,0,0,6,0,19,17,2,8,0.07,0.17,0.24,5.43,2.0,2.0
2026-09-03T00:32:00+00:00,2026-09-02,daily,3,2026-09-04T17:30:00Z,305,Davis,IPS,DEF,40,0,0,5.1,41772,26436,49094,47726,a,,,,,,2,2,4.0,6,8,180,2,1,0,0,6,0,11,11,0,5,0.54,0.13,0.67,5.43,4.0,4.0
2026-09-03T00:32:00+00:00,2026-09-02,daily,3,2026-09-04T17:30:00Z,306,Greaves,IPS,DEF,40,0,0,1.3,1909,7208,3545,13319,a,,,,,,,,0.5,-1,1,180,2,0,0,0,6,0,17,13,4,5,0.00,0.01,0.01,5.43,0.5,0.5
2026-09-03T00:32:00+00:00,2026-09-02,daily,3,2026-09-04T17:30:00Z,307,Johnson,IPS,DEF,40,0,0,0.1,531,846,958,1868,a,,,,,,,,0.0,0,0,0,0,0,0,0,0,0,0,0,0,0,0.00,0.00,0.00,0.00,0.0,0.0
2026-09-03T00:32:00+00:00,2026-09-02,daily,3,2026-09-04T17:30:00Z,308,Furlong,IPS,DEF,40,0,0,0.6,413,3015,682,7431,a,,,,,,,,0.5,1,1,17,0,0,0,0,1,0,3,2,1,0,0.00,0.00,0.00,0.86,0.5,0.5
2026-09-03T00:32:00+00:00,2026-09-02,daily,3,2026-09-04T17:30:00Z,309,Núñez,IPS,MID,50,0,0,0.1,810,1378,2007,2771,a,,,,,,1,1,3.0,2,6,140,2,0,0,0,4,0,21,8,3,10,0.03,0.05,0.08,3.48,3.0,3.0
2026-09-03T00:32:00+00:00,2026-09-02,daily,3,2026-09-04T17:30:00Z,310,Matusiwa,IPS,MID,50,0,0,0.0,10,54,18,166,i,Muscular injury - Unknown return date,2026-07-29T18:00:10.305484Z,0,0,,,,0.0,0,0,0,0,0,0,0,0,0,0,0,0,0,0.00,0.00,0.00,0.00,0.0,0.0
2026-09-03T00:32:00+00:00,2026-09-02,daily,3,2026-09-04T17:30:00Z,311,Burns,IPS,MID,50,0,0,0.0,0,67,0,258,u,Has joined Leicester City permanently,2026-08-10T14:02:47.597478Z,0,0,,,,0.0,0,0,0,0,0,0,0,0,0,0,0,0,0,0.00,0.00,0.00,0.00,0.0,0.0
2026-09-03T00:32:00+00:00,2026-09-02,daily,3,2026-09-04T17:30:00Z,312,Taylor,IPS,MID,45,0,0,0.0,128,552,239,1435,i,Knee injury - Unknown return date,2026-07-29T18:00:10.319370Z,0,0,,,,0.0,0,0,0,0,0,0,0,0,0,0,0,0,0,0.00,0.00,0.00,0.00,0.0,0.0
2026-09-03T00:32:00+00:00,2026-09-02,daily,3,2026-09-04T17:30:00Z,313,Clarke,IPS,MID,55,0,0,0.3,926,3935,4128,6378,a,,,,,1,3,3,3.5,0,7,19,0,1,0,0,0,0,2,0,1,1,0.10,0.00,0.10,0.03,3.5,3.5
2026-09-03T00:32:00+00:00,2026-09-02,daily,3,2026-09-04T17:30:00Z,314,Ogbene,IPS,MID,49,-1,-1,0.0,67,235,104,478,u,Has joined Lincoln City on loan until January,2026-09-02T16:04:17.497385Z,,0,,,,0.0,0,0,0,0,0,0,0,0,0,0,0,0,0,0.00,0.00,0.00,0.00,0.0,0.0
2026-09-03T00:32:00+00:00,2026-09-02,daily,3,2026-09-04T17:30:00Z,315,Fatawu,IPS,MID,55,0,0,0.2,1455,2083,2025,4851,a,,,,,,,,3.0,4,6,147,2,0,1,0,6,0,11,2,5,4,0.00,0.63,0.63,5.22,3.0,3.0
2026-09-03T00:32:00+00:00,2026-09-02,daily,3,2026-09-04T17:30:00Z,316,Emersonn,IPS,FWD,55,0,0,1.6,14058,41339,90865,58149,d,Knee injury - 75% chance of playing,2026-08-31T09:30:08.306145Z,,75,2,,,5.0,1,10,110,2,1,0,0,2,0,4,2,1,1,0.82,0.06,0.88,1.40,5.0,3.8
2026-09-03T00:32:00+00:00,2026-09-02,daily,3,2026-09-04T17:30:00Z,317,Hirst,IPS,FWD,50,0,0,0.1,0,3138,0,11833,u,Has joined Stoke City permanently,2026-08-21T13:06:08.606019Z,0,0,,,,0.0,0,0,0,0,0,0,0,0,0,0,0,0,0,0.00,0.00,0.00,0.00,0.0,0.0
2026-09-03T00:32:00+00:00,2026-09-02,daily,3,2026-09-04T17:30:00Z,318,Philogene,IPS,MID,54,-1,-1,0.1,35,2612,141,6540,i,Ankle injury - Unknown return date,2026-08-25T11:30:07.532993Z,0,0,3,,5,0.0,0,0,0,0,0,0,0,0,0,0,0,0,0,0.00,0.00,0.00,0.00,0.0,0.0
2026-09-03T00:32:00+00:00,2026-09-02,daily,3,2026-09-04T17:30:00Z,319,Szmodics,IPS,MID,50,0,0,0.0,0,154,0,563,u,Has joined Derby County on loan for the rest of the season,2026-08-17T13:51:41.713979Z,0,0,,,,0.0,0,0,0,0,0,0,0,0,0,0,0,0,0,0.00,0.00,0.00,0.00,0.0,0.0
2026-09-03T00:32:00+00:00,2026-09-02,daily,3,2026-09-04T17:30:00Z,320,Akpom,IPS,FWD,50,0,0,0.9,39770,11324,44395,17574,a,,,,,,,,3.0,5,6,69,0,1,0,0,4,0,3,0,1,2,0.97,0.00,0.97,4.04,3.0,3.0
2026-09-03T00:32:00+00:00,2026-09-02,daily,3,2026-09-04T17:30:00Z,321,Walle Egeli,IPS,FWD,45,0,0,3.2,91326,37089,132038,60530,a,,,,,,,,0.5,0,1,10,0,0,0,0,0,0,0,0,0,0,0.00,0.00,0.00,0.03,0.5,0.5
2026-09-03T00:32:00+00:00,2026-09-02,daily,3,2026-09-04T17:30:00Z,322,Al-Hamadi,IPS,FWD,50,0,0,0.1,0,3048,755,6050,u,Has joined Sheffield Wednesday on loan for the rest of the season,2026-08-27T14:54:10.215357Z,0,0,,,,0.0,0,0,0,0,0,0,0,0,0,0,0,0,0,0.00,0.00,0.00,0.00,0.0,0.0
2026-09-03T00:32:00+00:00,2026-09-02,daily,3,2026-09-04T17:30:00Z,323,McAteer,IPS,MID,45,0,0,1.3,8311,11245,13926,22810,a,,,,,,,,1.0,1,2,31,0,0,0,0,0,0,4,0,1,3,0.00,0.00,0.00,0.21,1.0,1.0
2026-09-03T00:32:00+00:00,2026-09-02,daily,3,2026-09-04T17:30:00Z,324,Mehmeti,IPS,MID,49,-1,-1,0.0,67,527,114,1213,a,,,,,,,,0.0,0,0,0,0,0,0,0,0,0,0,0,0,0,0.00,0.00,0.00,0.00,0.0,0.0
2026-09-03T00:32:00+00:00,2026-09-02,daily,3,2026-09-04T17:30:00Z,554,Van Oevelen,IPS,GKP,45,0,0,0.0,0,574,54,1211,u,Has joined Valencia on loan for the rest of the season,2026-08-25T14:04:09.529320Z,0,0,,,,0.0,0,0,0,0,0,0,0,0,0,0,0,0,0,0.00,0.00,0.00,0.00,0.0,0.0
2026-09-03T00:32:00+00:00,2026-09-02,daily,3,2026-09-04T17:30:00Z,562,Maeda,IPS,MID,55,0,0,0.3,639,3729,1379,7771,a,,,,,,,,2.0,2,4,151,2,0,0,0,5,0,14,6,5,3,0.67,0.01,0.68,4.54,2.0,2.0
2026-09-03T00:32:00+00:00,2026-09-02,daily,3,2026-09-04T17:30:00Z,564,Scherpen,IPS,GKP,45,0,0,0.6,2027,4325,3356,7901,a,,,,,,,,2.0,2,4,180,2,0,0,0,6,8,0,5,0,23,0.00,0.01,0.01,5.43,2.0,2.0
2026-09-03T00:32:00+00:00,2026-09-02,daily,3,2026-09-04T17:30:00Z,571,Florentino,IPS,MID,50,0,0,0.1,105,1657,319,3864,d,Calf injury - 75% chance of playing,2026-08-25T11:30:07.678802Z,75,75,,,,0.0,0,0,0,0,0,0,0,0,0,0,0,0,0,0.00,0.00,0.00,0.00,0.0,0.0
2026-09-03T00:32:00+00:00,2026-09-02,daily,3,2026-09-04T17:30:00Z,591,Enciso,IPS,MID,55,0,0,0.7,21643,6877,39312,11331,a,,2026-08-22T18:00:07.551930Z,100,100,,,,5.0,5,10,160,2,0,2,0,6,0,16,2,2,12,0.63,0.62,1.25,5.40,5.0,5.0
2026-09-03T00:32:00+00:00,2026-09-02,daily,3,2026-09-04T17:30:00Z,592,Ouattara,IPS,DEF,40,0,0,1.0,3285,4907,6054,10773,a,,,,,,,,1.0,1,2,27,0,0,0,0,1,0,2,2,0,1,0.00,0.00,0.00,0.89,1.0,1.0
2026-09-03T00:32:00+00:00,2026-09-02,daily,3,2026-09-04T17:30:00Z,602,Humphreys,IPS,MID,45,0,0,0.0,1586,801,2861,1134,u,Has joined Huddersfield Town on loan for the rest of the season,2026-09-02T16:04:17.524642Z,,0,,,,0.0,0,0,0,0,0,0,0,0,0,0,0,0,0,0.00,0.00,0.00,0.00,0.0,0.0
2026-09-03T00:32:00+00:00,2026-09-02,daily,3,2026-09-04T17:30:00Z,619,Palacios,IPS,MID,50,0,0,0.0,1107,279,1196,284,a,,,,,,,,1.0,1,1,28,0,0,0,0,2,0,6,2,1,3,0.00,0.01,0.01,1.92,1.5,1.5
2026-09-03T00:32:00+00:00,2026-09-02,daily,3,2026-09-04T17:30:00Z,640,Flemming,IPS,FWD,55,0,0,0.0,386,34,386,34,a,,,,,,,,0.0,0,0,0,0,0,0,0,0,0,0,0,0,0,0.00,0.00,0.00,0.00,1.8,1.8
2026-09-03T00:32:00+00:00,2026-09-02,daily,3,2026-09-04T17:30:00Z,260,Wilson,LEE,MID,64,-1,-1,4.4,5054,104144,19983,161912,a,,,,,,,2,2.0,1,4,110,1,0,0,1,0,0,8,2,3,3,0.01,0.06,0.07,1.66,2.0,2.0
2026-09-03T00:32:00+00:00,2026-09-02,daily,3,2026-09-04T17:30:00Z,326,Perri,LEE,GKP,45,0,0,0.5,204,5630,532,10989,u,Has joined Torino on loan for the rest of the season,2026-09-01T13:12:39.210133Z,,0,,,,0.0,0,0,0,0,0,0,0,0,0,0,0,0,0,0.00,0.00,0.00,0.00,0.0,0.0
2026-09-03T00:32:00+00:00,2026-09-02,daily,3,2026-09-04T17:30:00Z,327,Bijol,LEE,DEF,50,0,0,0.9,11845,12832,57064,21016,a,,,,,,,,5.5,1,11,135,2,0,0,1,1,0,17,16,1,7,0.11,0.00,0.11,1.21,5.5,5.5
2026-09-03T00:32:00+00:00,2026-09-02,daily,3,2026-09-04T17:30:00Z,329,Rodon,LEE,DEF,45,0,0,2.9,4884,57686,26484,70260,d,Hamstring injury - 50% chance of playing,2026-08-30T16:00:08.564382Z,,50,,,,3.5,1,7,123,2,0,0,1,0,0,11,10,1,2,0.03,0.06,0.09,1.01,3.5,1.8
2026-09-03T00:32:00+00:00,2026-09-02,daily,3,2026-09-04T17:30:00Z,330,Bogle,LEE,DEF,45,0,0,0.5,3513,3727,9438,6851,a,,,,,,,,4.0,2,8,157,2,0,0,1,1,0,10,7,3,8,0.00,0.01,0.01,1.40,4.0,4.0
2026-09-03T00:32:00+00:00,2026-09-02,daily,3,2026-09-04T17:30:00Z,331,Gudmundsson,LEE,DEF,45,0,0,0.0,441,279,507,1271,a,,2026-08-08T20:00:07.546568Z,75,100,,,,0.0,0,0,0,0,0,0,0,0,0,0,0,0,0,0.00,0.00,0.00,0.00,0.0,0.0
2026-09-03T00:32:00+00:00,2026-09-02,daily,3,2026-09-04T17:30:00Z,332,Justin,LEE,DEF,45,0,0,1.4,24599,14898,68133,24289,a,,,,,,,,6.0,2,12,180,2,0,0,1,1,0,20,12,8,7,0.03,0.02,0.05,2.33,6.0,6.0
2026-09-03T00:32:00+00:00,2026-09-02,daily,3,2026-09-04T17:30:00Z,333,Bornauw,LEE,DEF,45,0,0,0.0,0,48,0,218,u,Has joined Hamburg SV on loan for the rest of the season,2026-08-19T13:56:14.645970Z,0,0,,,,0.0,0,0,0,0,0,0,0,0,0,0,0,0,0,0.00,0.00,0.00,0.00,0.0,0.0
2026-09-03T00:32:00+00:00,2026-09-02,daily,3,2026-09-04T17:30:00Z,334,Muharemović,LEE,DEF,50,0,0,3.3,29076,27517,50615,39359,a,,,,,,,,5.0,4,10,180,2,0,0,1,1,0,26,24,2,4,0.09,0.01,0.10,2.33,5.0,5.0
2026-09-03T00:32:00+00:00,2026-09-02,daily,3,2026-09-04T17:30:00Z,335,Stach,LEE,MID,60,0,0,2.8,41201,34548,122545,48227,a,,,,,,1,1,8.5,4,17,180,2,1,0,1,1,0,32,16,7,9,0.17,0.06,0.23,2.33,8.5,8.5
2026-09-03T00:32:00+00:00,2026-09-02,daily,3,2026-09-04T17:30:00Z,336,Okafor,LEE,MID,59,-1,-1,0.3,1652,7383,3007,16551,a,,,,,,,,1.5,2,3,92,1,0,0,0,1,0,7,2,3,2,0.08,0.17,0.25,0.87,1.5,1.5
2026-09-03T00:32:00+00:00,2026-09-02,daily,3,2026-09-04T17:30:00Z,337,Aaronson,LEE,MID,55,0,0,0.7,1484,10634,4077,19067,a,,,,,,3,,2.0,1,4,126,2,0,0,1,1,0,10,1,2,7,0.01,0.02,0.03,1.13,2.0,2.0
2026-09-03T00:32:00+00:00,2026-09-02,daily,3,2026-09-04T17:30:00Z,338,Ampadu,LEE,MID,55,0,0,1.2,2498,13062,7089,22503,a,,,,,,,,3.5,2,7,180,2,0,0,1,1,0,23,11,4,8,0.01,0.13,0.14,2.33,3.5,3.5
2026-09-03T00:32:00+00:00,2026-09-02,daily,3,2026-09-04T17:30:00Z,339,Longstaff,LEE,MID,50,0,0,0.1,491,1871,1066,3502,a,,,,,,2,3,0.5,0,1,8,0,0,0,0,0,0,0,0,0,0,0.00,0.00,0.00,0.07,0.5,0.5
2026-09-03T00:32:00+00:00,2026-09-02,daily,3,2026-09-04T17:30:00Z,341,Gnonto,LEE,MID,50,0,0,0.0,226,274,244,970,u,Has joined ACF Fiorentina on loan for the rest of the season,2026-09-02T16:04:47.189648Z,75,0,,,,0.0,0,0,0,0,0,0,0,0,0,0,0,0,0,0.00,0.00,0.00,0.00,0.0,0.0
2026-09-03T00:32:00+00:00,2026-09-02,daily,3,2026-09-04T17:30:00Z,342,Harrison,LEE,MID,50,0,0,0.0,0,15,0,51,u,Has joined New England Revolution permanently,2026-07-28T12:59:09.492431Z,0,0,,,,0.0,0,0,0,0,0,0,0,0,0,0,0,0,0,0.00,0.00,0.00,0.00,0.0,0.0
2026-09-03T00:32:00+00:00,2026-09-02,daily,3,2026-09-04T17:30:00Z,343,James,LEE,MID,50,0,0,0.1,1235,1596,2098,3332,a,,,,,,,,0.5,1,1,22,0,0,0,0,0,0,2,0,0,2,0.24,0.01,0.25,0.93,0.5,0.5
2026-09-03T00:32:00+00:00,2026-09-02,daily,3,2026-09-04T17:30:00Z,344,Gruev,LEE,MID,50,0,0,0.0,25,53,34,182,d,Knee injury - 25% chance of playing,2026-08-14T23:00:06.272027Z,0,25,,,,0.0,0,0,0,0,0,0,0,0,0,0,0,0,0,0.00,0.00,0.00,0.00,0.0,0.0
2026-09-03T00:32:00+00:00,2026-09-02,daily,3,2026-09-04T17:30:00Z,345,Tanaka,LEE,MID,49,-1,-1,0.2,2248,3224,3147,7457,a,,,,,,,4,0.5,1,1,45,0,0,0,0,0,0,11,5,3,3,0.00,0.01,0.01,1.13,0.5,0.5
2026-09-03T00:32:00+00:00,2026-09-02,daily,3,2026-09-04T17:30:00Z,346,Calvert-Lewin,LEE,FWD,60,0,0,26.5,141911,216813,226225,405749,a,,,,,1,,,4.5,8,9,180,2,1,0,1,1,0,6,3,0,3,1.05,0.02,1.07,2.33,4.5,4.5
2026-09-03T00:32:00+00:00,2026-09-02,daily,3,2026-09-04T17:30:00Z,347,Nmecha,LEE,FWD,55,0,0,0.5,3737,6069,5654,15613,a,,,,,2,,,2.0,4,4,21,0,0,1,0,0,0,1,0,0,1,0.10,0.00,0.10,0.93,2.0,2.0
2026-09-03T00:32:00+00:00,2026-09-02,daily,3,2026-09-04T17:30:00Z,348,Piroe,LEE,FWD,50,0,0,0.1,0,2359,0,7710,u,Has joined West Ham United on loan for the rest of the season,2026-08-19T13:56:14.666726Z,0,0,3,,,0.0,0,0,0,0,0,0,0,0,0,0,0,0,0,0.00,0.00,0.00,0.00,0.0,0.0
2026-09-03T00:32:00+00:00,2026-09-02,daily,3,2026-09-04T17:30:00Z,349,Mateo Joseph,LEE,FWD,45,0,0,0.1,655,793,980,1844,i,Knee injury - Unknown return date,2026-07-29T18:00:10.338170Z,0,0,,,,0.0,0,0,0,0,0,0,0,0,0,0,0,0,0,0.00,0.00,0.00,0.00,0.0,0.0
2026-09-03T00:32:00+00:00,2026-09-02,daily,3,2026-09-04T17:30:00Z,385,Trafford,LEE,GKP,50,0,0,5.0,58418,34070,122212,49174,a,,,,,,,,6.0,3,12,180,2,0,0,1,1,7,0,0,0,20,0.00,0.00,0.00,2.33,6.0,6.0
2026-09-03T00:32:00+00:00,2026-09-02,daily,3,2026-09-04T17:30:00Z,598,Elvedi,LEE,DEF,45,0,0,0.0,418,348,772,627,a,,,,,,,,0.5,1,1,56,0,0,0,0,1,0,6,5,1,4,0.00,0.00,0.00,1.32,0.5,0.5
2026-09-03T00:32:00+00:00,2026-09-02,daily,3,2026-09-04T17:30:00Z,603,Lienou,LEE,DEF,40,0,0,0.1,2010,919,3498,1238,a,,,,,,,,0.0,0,0,0,0,0,0,0,0,0,0,0,0,0,0.00,0.00,0.00,0.00,0.0,0.0
2026-09-03T00:32:00+00:00,2026-09-02,daily,3,2026-09-04T17:30:00Z,604,Cresswell,LEE,MID,45,0,0,0.1,4303,1638,7332,2348,a,,,,,,,,0.0,0,0,0,0,0,0,0,0,0,0,0,0,0,0.00,0.00,0.00,0.00,0.0,0.0
2026-09-03T00:32:00+00:00,2026-09-02,daily,3,2026-09-04T17:30:00Z,625,Cairns,LEE,GKP,40,0,0,0.2,7307,876,7307,876,a,,,,,,,,0.0,0,0,0,0,0,0,0,0,0,0,0,0,0,0.00,0.00,0.00,0.00,1.0,1.0
2026-09-03T00:32:00+00:00,2026-09-02,daily,3,2026-09-04T17:30:00Z,629,Zetterer,LEE,GKP,40,0,0,0.1,5495,447,5495,447,a,,,,,,,,0.0,0,0,0,0,0,0,0,0,0,0,0,0,0,0.00,0.00,0.00,0.00,1.0,1.0
2026-09-03T00:32:00+00:00,2026-09-02,daily,3,2026-09-04T17:30:00Z,641,Bard,LEE,DEF,45,0,0,0.0,36,4,36,4,a,,,,,,,,0.0,0,0,0,0,0,0,0,0,0,0,0,0,0,0.00,0.00,0.00,0.00,1.8,1.8
2026-09-03T00:32:00+00:00,2026-09-02,daily,3,2026-09-04T17:30:00Z,648,Bahoya,LEE,MID,50,0,0,0.0,284,32,284,32,a,,,,,,,,0.0,0,0,0,0,0,0,0,0,0,0,0,0,0,0.00,0.00,0.00,0.00,1.5,1.5
2026-09-03T00:32:00+00:00,2026-09-02,daily,3,2026-09-04T17:30:00Z,350,A.Becker,LIV,GKP,55,0,0,3.8,27796,41805,53103,63028,a,,,,,,,,1.0,0,2,180,2,0,0,0,4,4,0,4,0,10,0.00,0.00,0.00,3.88,1.0,1.0
2026-09-03T00:32:00+00:00,2026-09-02,daily,3,2026-09-04T17:30:00Z,351,Mamardashvili,LIV,GKP,49,-1,-1,0.1,666,2250,1324,4288,a,,,,,,,,0.0,0,0,0,0,0,0,0,0,0,0,0,0,0,0.00,0.00,0.00,0.00,0.0,0.0
2026-09-03T00:32:00+00:00,2026-09-02,daily,3,2026-09-04T17:30:00Z,352,Woodman,LIV,GKP,40,0,0,1.1,6820,5869,10083,11392,a,,,,,,,,0.0,0,0,0,0,0,0,0,0,0,0,0,0,0,0.00,0.00,0.00,0.00,0.0,0.0
2026-09-03T00:32:00+00:00,2026-09-02,daily,3,2026-09-04T17:30:00Z,353,Pecsi,LIV,GKP,40,0,0,0.0,0,228,0,676,u,Has joined TSV Hartberg on loan for the rest of the season,2026-08-18T14:11:18.638344Z,0,0,,,,0.0,0,0,0,0,0,0,0,0,0,0,0,0,0,0.00,0.00,0.00,0.00,0.0,0.0
2026-09-03T00:32:00+00:00,2026-09-02,daily,3,2026-09-04T17:30:00Z,354,Jaros,LIV,GKP,40,0,0,0.0,232,199,395,378,i,Knee injury - Unknown return date,2026-07-29T18:00:10.351066Z,0,0,,,,0.0,0,0,0,0,0,0,0,0,0,0,0,0,0,0.00,0.00,0.00,0.00,0.0,0.0
2026-09-03T00:32:00+00:00,2026-09-02,daily,3,2026-09-04T17:30:00Z,355,Davies,LIV,GKP,40,0,0,0.2,1125,805,1769,1518,a,,,,,,,,0.0,0,0,0,0,0,0,0,0,0,0,0,0,0,0.00,0.00,0.00,0.00,0.0,0.0
2026-09-03T00:32:00+00:00,2026-09-02,daily,3,2026-09-04T17:30:00Z,356,Virgil,LIV,DEF,65,0,0,17.9,43116,201252,117730,280372,a,,,,,,,,1.5,1,3,180,2,0,0,0,4,0,18,16,2,11,0.25,0.04,0.29,3.88,1.5,1.5
2026-09-03T00:32:00+00:00,2026-09-02,daily,3,2026-09-04T17:30:00Z,357,Frimpong,LIV,DEF,55,0,0,3.1,16897,49787,41417,83356,a,,,,,,,,0.5,1,1,160,2,0,0,0,4,0,8,5,3,6,0.01,0.11,0.12,3.81,0.5,0.5
2026-09-03T00:32:00+00:00,2026-09-02,daily,3,2026-09-04T17:30:00Z,358,Kerkez,LIV,DEF,55,0,0,3.1,8799,46163,24444,80550,a,,,,,,,,0.5,1,1,160,2,0,0,0,4,0,15,11,4,7,0.02,0.03,0.05,3.81,0.5,0.5
2026-09-03T00:32:00+00:00,2026-09-02,daily,3,2026-09-04T17:30:00Z,359,Gomez,LIV,DEF,50,0,0,0.0,55,255,134,664,i,Muscular injury - Unknown return date,2026-07-26T08:30:10.078473Z,0,0,,,,0.0,0,0,0,0,0,0,0,0,0,0,0,0,0,0.00,0.00,0.00,0.00,0.0,0.0
2026-09-03T00:32:00+00:00,2026-09-02,daily,3,2026-09-04T17:30:00Z,360,Bradley,LIV,DEF,50,0,0,0.0,88,170,167,389,i,Knee injury - Unknown return date,2026-07-23T12:01:23.565711Z,0,0,,,,0.0,0,0,0,0,0,0,0,0,0,0,0,0,0,0.00,0.00,0.00,0.00,0.0,0.0
2026-09-03T00:32:00+00:00,2026-09-02,daily,3,2026-09-04T17:30:00Z,361,Lucky,LIV,DEF,40,0,0,0.1,1025,1083,1633,2220,a,,,,,,,,0.0,0,0,0,0,0,0,0,0,0,0,0,0,0,0.00,0.00,0.00,0.00,0.0,0.0
2026-09-03T00:32:00+00:00,2026-09-02,daily,3,2026-09-04T17:30:00Z,362,Jacquet,LIV,DEF,50,0,0,2.6,38297,27951,61009,46107,a,,2026-07-23T12:01:23.581126Z,100,100,,,,2.0,3,4,145,2,0,0,0,4,0,14,10,4,7,0.00,0.07,0.07,3.27,2.0,2.0
2026-09-03T00:32:00+00:00,2026-09-02,daily,3,2026-09-04T17:30:00Z,363,Leoni,LIV,DEF,40,0,0,0.0,255,470,437,989,i,Knee injury - Unknown return date,2026-07-23T12:01:23.596909Z,0,0,,,,0.0,0,0,0,0,0,0,0,0,0,0,0,0,0,0.00,0.00,0.00,0.00,0.0,0.0
2026-09-03T00:32:00+00:00,2026-09-02,daily,3,2026-09-04T17:30:00Z,364,Tsimikas,LIV,DEF,50,0,0,0.1,341,799,680,1781,a,,,,,,,,0.5,1,1,19,0,0,0,0,0,0,0,0,0,0,0.04,0.01,0.05,0.07,0.5,0.5
2026-09-03T00:32:00+00:00,2026-09-02,daily,3,2026-09-04T17:30:00Z,365,Ramsay,LIV,DEF,40,0,0,0.1,0,4267,638,8019,u,Has joined St Mirren on loan for the rest of the season,2026-08-26T14:05:26.748768Z,0,0,,,,0.0,0,0,0,0,0,0,0,0,0,0,0,0,0,0.00,0.00,0.00,0.00,0.0,0.0
2026-09-03T00:32:00+00:00,2026-09-02,daily,3,2026-09-04T17:30:00Z,366,Wirtz,LIV,MID,75,0,0,10.2,37940,133583,62863,256845,a,,,,,4,2,3,3.0,4,6,152,2,0,1,0,4,0,15,0,4,11,0.49,0.24,0.73,2.81,3.0,3.0
2026-09-03T00:32:00+00:00,2026-09-02,daily,3,2026-09-04T17:30:00Z,367,Gakpo,LIV,MID,70,0,0,8.0,143063,86181,348767,113932,a,,,,,3,,2,8.5,5,17,160,2,1,1,0,4,0,15,5,3,7,0.30,0.80,1.10,3.81,8.5,8.5
2026-09-03T00:32:00+00:00,2026-09-02,daily,3,2026-09-04T17:30:00Z,368,Szoboszlai,LIV,MID,70,0,0,41.5,162766,272260,407769,339665,a,,,,,1,1,1,6.0,4,12,180,2,1,0,0,4,0,20,5,4,11,1.01,0.44,1.45,3.88,6.0,6.0
2026-09-03T00:32:00+00:00,2026-09-02,daily,3,2026-09-04T17:30:00Z,369,Ngumoha,LIV,MID,59,-1,-1,0.8,2629,25132,8176,40009,a,,,,,,,,1.5,1,3,81,1,0,0,0,2,0,3,0,1,2,0.04,0.05,0.09,0.58,1.5,1.5
2026-09-03T00:32:00+00:00,2026-09-02,daily,3,2026-09-04T17:30:00Z,370,Chiesa,LIV,MID,54,-1,-1,0.1,41,3550,626,7100,i,Back injury - Unknown return date,2026-08-27T13:30:07.598926Z,0,0,,,,0.0,0,0,0,0,0,0,0,0,0,0,0,0,0,0.00,0.00,0.00,0.00,0.0,0.0
2026-09-03T00:32:00+00:00,2026-09-02,daily,3,2026-09-04T17:30:00Z,371,Gravenberch,LIV,MID,60,0,0,1.7,7415,33641,22420,48824,a,,,,,,,,3.0,1,6,96,1,0,1,0,2,0,12,2,2,8,0.06,0.06,0.12,1.17,3.0,3.0
2026-09-03T00:32:00+00:00,2026-09-02,daily,3,2026-09-04T17:30:00Z,372,Mac Allister,LIV,MID,55,0,0,1.5,7776,20709,14343,42217,a,,,,,5,,,1.5,2,3,103,1,0,0,0,2,0,13,2,5,6,0.00,0.40,0.40,3.30,1.5,1.5
2026-09-03T00:32:00+00:00,2026-09-02,daily,3,2026-09-04T17:30:00Z,373,C.Jones,LIV,MID,55,0,0,0.0,1,742,34,1870,u,Has joined Internazionale permanently,2026-08-16T18:30:07.426408Z,75,0,,,,0.0,0,0,0,0,0,0,0,0,0,0,0,0,0,0.00,0.00,0.00,0.00,0.0,0.0
2026-09-03T00:32:00+00:00,2026-09-02,daily,3,2026-09-04T17:30:00Z,374,Endo,LIV,MID,50,0,0,0.1,602,1143,1087,2128,a,,2026-07-23T12:01:23.612529Z,100,100,,,,0.0,0,0,0,0,0,0,0,0,0,0,0,0,0,0.00,0.00,0.00,0.00,0.0,0.0
2026-09-03T00:32:00+00:00,2026-09-02,daily,3,2026-09-04T17:30:00Z,375,Nyoni,LIV,MID,50,0,0,0.0,372,600,511,1273,a,,,,,,,,0.5,1,1,13,0,0,0,0,0,0,5,1,2,2,0.00,0.00,0.00,0.07,0.5,0.5
2026-09-03T00:32:00+00:00,2026-09-02,daily,3,2026-09-04T17:30:00Z,376,Bajcetic,LIV,MID,50,0,0,0.0,11,33,19,62,u,Has joined Celta Vigo permanently,2026-07-23T12:01:23.628373Z,0,0,,,,0.0,0,0,0,0,0,0,0,0,0,0,0,0,0,0.00,0.00,0.00,0.00,0.0,0.0
2026-09-03T00:32:00+00:00,2026-09-02,daily,3,2026-09-04T17:30:00Z,377,Munoz,LIV,MID,65,0,0,1.2,55724,15625,62210,21538,a,,,,,,,,5.0,6,10,117,1,1,1,0,2,0,7,4,2,1,0.42,0.23,0.65,3.37,5.0,5.0
2026-09-03T00:32:00+00:00,2026-09-02,daily,3,2026-09-04T17:30:00Z,378,McConnell,LIV,MID,45,0,0,0.2,1027,2465,1910,5365,a,,,,,,,,0.0,0,0,0,0,0,0,0,0,0,0,0,0,0,0.00,0.00,0.00,0.00,0.0,0.0
2026-09-03T00:32:00+00:00,2026-09-02,daily,3,2026-09-04T17:30:00Z,379,Isak,LIV,FWD,90,0,0,16.5,105879,140128,178915,241261,a,,,,,2,,,5.0,8,10,180,2,1,0,0,4,0,2,1,1,0,2.08,0.01,2.09,3.88,5.0,5.0
2026-09-03T00:32:00+00:00,2026-09-02,daily,3,2026-09-04T17:30:00Z,380,Ekitiké,LIV,FWD,75,0,0,0.1,544,2753,1253,6560,i,Achilles injury - Unknown return date,2026-07-23T12:01:23.643771Z,0,0,,,,0.0,0,0,0,0,0,0,0,0,0,0,0,0,0,0.00,0.00,0.00,0.00,0.0,0.0
2026-09-03T00:32:00+00:00,2026-09-02,daily,3,2026-09-04T17:30:00Z,381,Koumas,LIV,MID,50,0,0,0.0,126,287,282,497,a,,,,,,,,0.5,0,1,12,0,0,0,0,0,0,1,0,0,1,0.03,0.00,0.03,0.48,0.5,0.5
2026-09-03T00:32:00+00:00,2026-09-02,daily,3,2026-09-04T17:30:00Z,382,Danns,LIV,FWD,45,0,0,0.0,541,517,850,1079,i,Unspecified injury - Unknown return date,2026-07-23T12:01:23.659279Z,0,0,,,,0.0,0,0,0,0,0,0,0,0,0,0,0,0,0,0.00,0.00,0.00,0.00,0.0,0.0
2026-09-03T00:32:00+00:00,2026-09-02,daily,3,2026-09-04T17:30:00Z,383,Elliott,LIV,MID,54,-1,-1,0.1,527,1578,907,2794,u,Has joined Valencia on loan for the rest of the season,2026-09-02T16:05:49.104326Z,,0,,,,0.0,0,0,0,0,0,0,0,0,0,0,0,0,0,0.00,0.00,0.00,0.00,0.0,0.0
2026-09-03T00:32:00+00:00,2026-09-02,daily,3,2026-09-04T17:30:00Z,579,Araujo,LIV,DEF,54,-1,-1,2.2,9196,63551,33103,97325,a,,,,,,,,0.5,0,1,33,0,0,0,0,0,0,5,4,1,3,0.00,0.04,0.04,0.61,0.5,0.5
2026-09-03T00:32:00+00:00,2026-09-02,daily,3,2026-09-04T17:30:00Z,627,Barcola,LIV,MID,80,0,0,0.8,74893,7436,74893,7436,a,,,,,,,,0.0,0,0,0,0,0,0,0,0,0,0,0,0,0,0.00,0.00,0.00,0.00,2.8,2.8
2026-09-03T00:32:00+00:00,2026-09-02,daily,3,2026-09-04T17:30:00Z,155,Enzo,MCI,MID,69,-1,-1,3.5,19700,104900,34654,194065,a,,,,,,,,0.5,0,1,25,0,0,0,0,0,0,3,0,0,3,0.00,0.02,0.02,0.28,0.5,0.5
2026-09-03T00:32:00+00:00,2026-09-02,daily,3,2026-09-04T17:30:00Z,237,Ndiaye,MCI,MID,60,0,0,13.7,66680,238325,189368,298345,a,,,,,,,,6.5,4,13,180,2,0,1,1,1,0,25,5,5,15,0.26,0.39,0.65,4.12,6.5,6.5
2026-09-03T00:32:00+00:00,2026-09-02,daily,3,2026-09-04T17:30:00Z,384,Donnarumma,MCI,GKP,55,0,0,8.0,46020,91153,80028,136105,a,,,,,,,,1.5,0,3,180,2,0,0,0,2,4,0,1,0,12,0.00,0.00,0.00,1.31,1.5,1.5
2026-09-03T00:32:00+00:00,2026-09-02,daily,3,2026-09-04T17:30:00Z,386,Bettinelli,MCI,GKP,45,0,0,0.0,125,291,260,527,a,,,,,,,,0.0,0,0,0,0,0,0,0,0,0,0,0,0,0,0.00,0.00,0.00,0.00,0.0,0.0
2026-09-03T00:32:00+00:00,2026-09-02,daily,3,2026-09-04T17:30:00Z,387,O'Reilly,MCI,DEF,65,0,0,19.1,61229,205905,130013,313235,a,,,,,,,,2.0,2,4,150,2,0,0,0,2,0,3,1,2,7,0.09,0.43,0.52,1.21,2.0,2.0
2026-09-03T00:32:00+00:00,2026-09-02,daily,3,2026-09-04T17:30:00Z,388,Guéhi,MCI,DEF,60,0,0,18.9,92310,133136,275055,174894,a,,,,,,,,6.0,2,12,180,2,1,0,0,2,0,9,6,3,8,0.89,0.36,1.25,1.31,6.0,6.0
2026-09-03T00:32:00+00:00,2026-09-02,daily,3,2026-09-04T17:30:00Z,389,Matheus N.,MCI,DEF,60,0,0,1.1,189,29623,3220,47116,d,Unspecified injury - 75% chance of playing,2026-08-27T11:30:08.171622Z,75,75,4,,,0.5,0,1,33,0,0,0,0,0,0,1,1,0,2,0.00,0.04,0.04,0.10,0.4,0.4
2026-09-03T00:32:00+00:00,2026-09-02,daily,3,2026-09-04T17:30:00Z,390,Rúben,MCI,DEF,55,0,0,1.8,13633,17464,23491,30021,a,,,,,,,,2.0,2,4,180,2,0,0,0,2,0,12,11,1,14,0.09,0.71,0.80,1.31,2.0,2.0
2026-09-03T00:32:00+00:00,2026-09-02,daily,3,2026-09-04T17:30:00Z,391,Gvardiol,MCI,DEF,56,1,1,17.8,380076,73506,608494,108863,a,,,,,,,,7.0,5,14,164,2,1,1,0,2,0,9,6,3,5,0.19,0.09,0.28,1.31,7.0,7.0
2026-09-03T00:32:00+00:00,2026-09-02,daily,3,2026-09-04T17:30:00Z,392,Aït-Nouri,MCI,DEF,54,-1,-1,0.6,1681,18635,4297,35414,a,,,,,,,,0.0,0,0,0,0,0,0,0,0,0,0,0,0,0,0.00,0.00,0.00,0.00,0.0,0.0
2026-09-03T00:32:00+00:00,2026-09-02,daily,3,2026-09-04T17:30:00Z,393,Khusanov,MCI,DEF,55,0,0,1.6,7086,17762,13172,32299,a,,,,,,,,2.0,2,4,178,2,0,0,0,2,0,11,5,6,9,0.00,0.04,0.04,1.31,2.0,2.0
2026-09-03T00:32:00+00:00,2026-09-02,daily,3,2026-09-04T17:30:00Z,394,Alleyne,MCI,DEF,50,0,0,0.0,0,115,0,472,u,Has joined Burnley on loan for the rest of the season,2026-08-18T14:11:56.324656Z,0,0,,,,0.0,0,0,0,0,0,0,0,0,0,0,0,0,0,0.00,0.00,0.00,0.00,0.0,0.0
2026-09-03T00:32:00+00:00,2026-09-02,daily,3,2026-09-04T17:30:00Z,395,Lewis,MCI,DEF,45,0,0,0.2,1614,4330,5234,6853,a,,,,,,,,0.5,0,1,56,1,0,0,0,1,0,2,2,0,0,0.17,0.02,0.19,0.55,0.5,0.5
2026-09-03T00:32:00+00:00,2026-09-02,daily,3,2026-09-04T17:30:00Z,396,Vitor Reis,MCI,DEF,45,0,0,0.0,100,210,202,450,a,,,,,,,,0.5,1,1,1,0,0,0,0,0,0,0,0,0,0,0.00,0.00,0.00,0.00,0.5,0.5
2026-09-03T00:32:00+00:00,2026-09-02,daily,3,2026-09-04T17:30:00Z,397,Semenyo,MCI,MID,85,0,0,20.6,42865,295230,91965,468440,a,,,,,2,,,3.5,5,7,180,2,0,1,0,2,0,8,0,2,6,0.12,0.59,0.71,1.31,3.5,3.5
2026-09-03T00:32:00+00:00,2026-09-02,daily,3,2026-09-04T17:30:00Z,398,Foden,MCI,MID,70,0,0,5.1,129548,46839,149695,93360,a,,,,,,2,3,5.0,9,10,171,2,0,2,0,2,0,13,2,4,7,0.99,0.85,1.84,1.31,5.0,5.0
2026-09-03T00:32:00+00:00,2026-09-02,daily,3,2026-09-04T17:30:00Z,399,Cherki,MCI,MID,77,2,2,25.7,1247034,48073,1450352,89475,a,,,,,,1,1,11.0,14,22,108,1,2,2,0,1,0,3,0,0,3,0.35,1.05,1.40,0.76,11.0,11.0
2026-09-03T00:32:00+00:00,2026-09-02,daily,3,2026-09-04T17:30:00Z,400,Doku,MCI,MID,74,-1,-1,1.0,389,26296,883,96311,i,Calf injury - Expected back 5 Sep,2026-08-18T17:00:08.385597Z,0,0,3,,,0.0,0,0,0,0,0,0,0,0,0,0,0,0,0,0.00,0.00,0.00,0.00,0.0,0.0
2026-09-03T00:32:00+00:00,2026-09-02,daily,3,2026-09-04T17:30:00Z,402,Rodrigo,MCI,MID,65,0,0,0.0,0,238,0,1034,u,Has joined Barcelona permanently,2026-07-23T12:01:23.675537Z,0,0,,,,0.0,0,0,0,0,0,0,0,0,0,0,0,0,0,0.00,0.00,0.00,0.00,0.0,0.0
2026-09-03T00:32:00+00:00,2026-09-02,daily,3,2026-09-04T17:30:00Z,404,Reijnders,MCI,MID,60,0,0,0.0,0,1404,0,7028,u,Has joined Al Qadsiah permanently,2026-08-20T14:02:58.154273Z,0,0,,,,0.0,0,0,0,0,0,0,0,0,0,0,0,0,0,0.00,0.00,0.00,0.00,0.0,0.0
2026-09-03T00:32:00+00:00,2026-09-02,daily,3,2026-09-04T17:30:00Z,406,Kovačić,MCI,MID,55,0,0,0.1,529,1593,1358,2882,a,,,,,,,,1.0,1,2,42,0,0,0,0,0,0,2,0,0,2,0.00,0.02,0.02,0.10,1.0,1.0
2026-09-03T00:32:00+00:00,2026-09-02,daily,3,2026-09-04T17:30:00Z,407,Echeverri,MCI,MID,49,-1,-1,0.0,145,354,238,651,a,,,,,,,,0.0,0,0,0,0,0,0,0,0,0,0,0,0,0,0.00,0.00,0.00,0.00,0.0,0.0
2026-09-03T00:32:00+00:00,2026-09-02,daily,3,2026-09-04T17:30:00Z,408,Phillips,MCI,MID,50,0,0,0.0,0,127,0,432,u,Has joined Sheffield United on loan for the rest of the season,2026-08-18T14:11:56.348781Z,0,0,,,,0.0,0,0,0,0,0,0,0,0,0,0,0,0,0,0.00,0.00,0.00,0.00,0.0,0.0
2026-09-03T00:32:00+00:00,2026-09-02,daily,3,2026-09-04T17:30:00Z,409,Mukasa,MCI,MID,45,0,0,0.2,680,2361,1607,4847,a,,,,,,,,0.0,0,0,0,0,0,0,0,0,0,0,0,0,0,0.00,0.00,0.00,0.00,0.0,0.0
2026-09-03T00:32:00+00:00,2026-09-02,daily,3,2026-09-04T17:30:00Z,410,Monga,MCI,MID,49,-1,-1,0.0,143,294,219,577,u,Has joined Swansea City on loan for the rest of the season,2026-09-02T16:02:01.136760Z,,0,,,,0.0,0,0,0,0,0,0,0,0,0,0,0,0,0,0.00,0.00,0.00,0.00,0.0,0.0
2026-09-03T00:32:00+00:00,2026-09-02,daily,3,2026-09-04T17:30:00Z,411,Haaland,MCI,FWD,155,0,0,70.9,266390,30615,335995,134467,a,,,,,1,,,7.5,13,15,180,2,2,0,0,2,0,8,3,0,5,1.40,0.02,1.42,1.31,7.5,7.5
2026-09-03T00:32:00+00:00,2026-09-02,daily,3,2026-09-04T17:30:00Z,481,Anderson,MCI,MID,64,0,-1,5.3,25973,90145,36209,243450,a,,2026-08-23T17:00:07.952697Z,100,100,,,2,2.5,3,5,143,2,0,0,0,2,0,20,5,7,8,0.07,0.47,0.54,1.21,2.5,2.5
2026-09-03T00:32:00+00:00,2026-09-02,daily,3,2026-09-04T17:30:00Z,587,Rulli,MCI,GKP,50,0,0,0.0,102,241,196,465,a,,,,,,,,0.0,0,0,0,0,0,0,0,0,0,0,0,0,0,0.00,0.00,0.00,0.00,0.0,0.0
2026-09-03T00:32:00+00:00,2026-09-02,daily,3,2026-09-04T17:30:00Z,616,Bouaddi,MCI,MID,55,0,0,0.1,7839,2413,10894,2762,a,,,,,,,,1.0,1,1,8,0,0,0,0,0,0,1,1,0,0,0.00,0.12,0.12,0.00,2.0,2.0
2026-09-03T00:32:00+00:00,2026-09-02,daily,3,2026-09-04T17:30:00Z,621,McAidoo,MCI,MID,45,0,0,0.1,5478,1526,5478,1526,a,,,,,,,,1.0,1,1,8,0,0,0,0,0,0,0,0,0,0,0.10,0.00,0.10,0.00,1.0,1.0
2026-09-03T00:32:00+00:00,2026-09-02,daily,3,2026-09-04T17:30:00Z,622,Braithwaite,MCI,DEF,40,0,0,0.1,7732,1657,7732,1657,a,,,,,,,,1.0,1,1,1,0,0,0,0,0,0,0,0,0,1,0.00,0.00,0.00,0.00,1.0,1.0
2026-09-03T00:32:00+00:00,2026-09-02,daily,3,2026-09-04T17:30:00Z,628,Allan,MCI,MID,60,0,0,0.0,189,52,189,52,a,,,,,,,,0.0,0,0,0,0,0,0,0,0,0,0,0,0,0,0.00,0.00,0.00,0.00,2.2,2.2
2026-09-03T00:32:00+00:00,2026-09-02,daily,3,2026-09-04T17:30:00Z,43,Tielemans,MUN,MID,59,-1,-1,2.1,9337,36888,21968,72592,a,,2026-07-23T12:01:23.321726Z,100,100,3,,,3.0,4,6,156,2,0,0,0,4,0,18,4,2,12,0.51,0.22,0.73,3.00,3.0,3.0
2026-09-03T00:32:00+00:00,2026-09-02,daily,3,2026-09-04T17:30:00Z,131,Baleba,MUN,MID,50,0,0,0.2,1426,3976,3750,8397,i,Ankle injury - Expected back 19 Sep,2026-08-06T16:00:10.997714Z,0,0,,,,0.0,0,0,0,0,0,0,0,0,0,0,0,0,0,0.00,0.00,0.00,0.00,0.0,0.0
2026-09-03T00:32:00+00:00,2026-09-02,daily,3,2026-09-04T17:30:00Z,162,Andrey Santos,MUN,MID,49,-1,-1,0.8,5217,18268,12673,33417,a,,,,,,,,1.5,1,3,76,1,0,0,0,3,0,14,3,4,7,0.00,0.23,0.23,1.94,1.5,1.5
2026-09-03T00:32:00+00:00,2026-09-02,daily,3,2026-09-04T17:30:00Z,325,Darlow,MUN,GKP,45,0,0,0.0,261,353,503,610,a,,2026-07-23T12:01:23.549136Z,100,100,,,,0.0,0,0,0,0,0,0,0,0,0,0,0,0,0,0.00,0.00,0.00,0.00,0.0,0.0
2026-09-03T00:32:00+00:00,2026-09-02,daily,3,2026-09-04T17:30:00Z,412,Lammens,MUN,GKP,50,0,0,14.0,23999,132668,58713,221278,a,,,,,,,,1.5,2,3,180,2,0,0,0,4,5,0,3,0,14,0.00,0.00,0.00,3.07,1.5,1.5
2026-09-03T00:32:00+00:00,2026-09-02,daily,3,2026-09-04T17:30:00Z,413,Bayindir,MUN,GKP,45,0,0,0.0,0,243,0,831,u,Has joined Celta Vigo on loan for the rest of the season,2026-08-10T14:02:28.608415Z,0,0,,,,0.0,0,0,0,0,0,0,0,0,0,0,0,0,0,0.00,0.00,0.00,0.00,0.0,0.0
2026-09-03T00:32:00+00:00,2026-09-02,daily,3,2026-09-04T17:30:00Z,414,Heaton,MUN,GKP,40,0,0,0.1,304,723,519,1728,i,Hamstring injury - Unknown return date,2026-08-15T16:00:07.854151Z,0,0,,,,0.0,0,0,0,0,0,0,0,0,0,0,0,0,0,0.00,0.00,0.00,0.00,0.0,0.0
2026-09-03T00:32:00+00:00,2026-09-02,daily,3,2026-09-04T17:30:00Z,415,Dorgu,MUN,MID,59,-1,-1,0.8,2597,25733,7405,54394,a,,,,,,,,0.5,1,1,55,1,0,0,0,3,0,3,2,1,0,0.65,0.04,0.69,1.92,0.5,0.5
2026-09-03T00:32:00+00:00,2026-09-02,daily,3,2026-09-04T17:30:00Z,416,De Ligt,MUN,DEF,50,0,0,0.0,76,378,193,876,i,Back injury - Unknown return date,2026-07-23T12:01:23.690880Z,0,0,,,,0.0,0,0,0,0,0,0,0,0,0,0,0,0,0,0.00,0.00,0.00,0.00,0.0,0.0
2026-09-03T00:32:00+00:00,2026-09-02,daily,3,2026-09-04T17:30:00Z,417,Dalot,MUN,DEF,50,0,0,2.2,6867,25945,15057,59577,a,,,,,,,,1.5,2,3,83,1,0,0,0,1,0,7,5,2,2,0.15,0.12,0.27,1.06,1.5,1.5
2026-09-03T00:32:00+00:00,2026-09-02,daily,3,2026-09-04T17:30:00Z,418,Maguire,MUN,DEF,50,0,0,15.0,37732,175087,90685,281398,a,,,,,,,,2.5,4,5,180,2,0,1,0,4,0,9,8,1,9,0.07,0.41,0.48,3.07,2.5,2.5
2026-09-03T00:32:00+00:00,2026-09-02,daily,3,2026-09-04T17:30:00Z,419,Martinez,MUN,DEF,50,0,0,1.3,6141,13191,12916,32766,a,,2026-07-24T20:00:10.337107Z,100,100,,,,0.5,1,1,90,1,0,0,0,2,0,0,0,0,6,0.03,0.06,0.09,2.06,0.5,0.5
2026-09-03T00:32:00+00:00,2026-09-02,daily,3,2026-09-04T17:30:00Z,420,Yoro,MUN,DEF,49,-1,-1,0.6,1341,8417,2877,19161,a,,,,,,,,0.5,1,1,16,0,0,0,0,1,0,2,2,0,1,0.00,0.01,0.01,1.00,0.5,0.5
2026-09-03T00:32:00+00:00,2026-09-02,daily,3,2026-09-04T17:30:00Z,421,Heaven,MUN,DEF,45,0,0,0.4,1077,6429,4165,10620,a,,,,,,,,0.5,0,1,90,1,0,0,0,2,0,2,1,1,4,0.12,0.04,0.16,1.01,0.5,0.5
2026-09-03T00:32:00+00:00,2026-09-02,daily,3,2026-09-04T17:30:00Z,422,Mazraoui,MUN,DEF,45,0,0,0.7,2646,9558,8500,15650,a,,,,,,,,1.0,1,2,96,1,0,0,0,3,0,5,4,1,3,0.22,0.05,0.27,2.01,1.0,1.0
2026-09-03T00:32:00+00:00,2026-09-02,daily,3,2026-09-04T17:30:00Z,423,Shaw,MUN,DEF,45,0,0,16.8,22684,209771,65611,326860,a,,,,,,,3,1.5,2,3,162,2,0,0,0,3,0,12,7,5,5,0.00,0.28,0.28,2.07,1.5,1.5
2026-09-03T00:32:00+00:00,2026-09-02,daily,3,2026-09-04T17:30:00Z,424,Amass,MUN,DEF,40,0,0,0.2,1240,1788,2128,3769,a,,,,,,,,0.0,0,0,0,0,0,0,0,0,0,0,0,0,0,0.00,0.00,0.00,0.00,0.0,0.0
2026-09-03T00:32:00+00:00,2026-09-02,daily,3,2026-09-04T17:30:00Z,425,Fredricson,MUN,DEF,40,0,0,0.0,0,269,0,949,u,Has joined Lausanne-Sport permanently,2026-08-18T14:12:31.904433Z,0,0,,,,0.0,0,0,0,0,0,0,0,0,0,0,0,0,0,0.00,0.00,0.00,0.00,0.0,0.0
2026-09-03T00:32:00+00:00,2026-09-02,daily,3,2026-09-04T17:30:00Z,426,B.Fernandes,MUN,MID,120,0,0,48.6,282736,234602,331254,463182,a,,,,,1,1,1,12.5,23,25,180,2,3,1,0,4,0,14,2,2,10,2.10,0.74,2.84,3.07,12.5,12.5
2026-09-03T00:32:00+00:00,2026-09-02,daily,3,2026-09-04T17:30:00Z,427,Mbeumo,MUN,MID,80,0,0,29.8,64182,506246,146407,726434,a,,,,,2,2,2,6.5,11,13,180,2,1,1,0,4,0,9,0,3,6,2.26,0.44,2.70,3.07,6.5,6.5
2026-09-03T00:32:00+00:00,2026-09-02,daily,3,2026-09-04T17:30:00Z,428,Cunha,MUN,MID,80,0,0,8.2,17160,108490,44014,201447,a,,,,,,,,5.5,9,11,158,2,0,2,0,3,0,5,0,0,5,0.35,0.36,0.71,2.07,5.5,5.5
2026-09-03T00:32:00+00:00,2026-09-02,daily,3,2026-09-04T17:30:00Z,429,Rashford,MUN,MID,70,0,0,1.6,15386,28220,30450,50298,a,,,,,,3,,1.5,2,3,124,1,0,0,0,1,0,7,0,3,4,0.26,0.15,0.41,1.15,1.5,1.5
2026-09-03T00:32:00+00:00,2026-09-02,daily,3,2026-09-04T17:30:00Z,430,Mount,MUN,MID,55,0,0,0.0,46,443,81,1138,d,Foot injury - 75% chance of playing,2026-08-15T16:00:07.879135Z,75,75,,4,,0.0,0,0,0,0,0,0,0,0,0,0,0,0,0,0.00,0.00,0.00,0.00,0.0,0.0
2026-09-03T00:32:00+00:00,2026-09-02,daily,3,2026-09-04T17:30:00Z,431,Amad,MUN,MID,58,-1,-2,0.6,205,30950,1781,90409,i,Unspecified injury - Unknown return date,2026-08-22T11:00:08.617283Z,0,0,,,4,0.0,0,0,0,0,0,0,0,0,0,0,0,0,0,0.00,0.00,0.00,0.00,0.0,0.0
2026-09-03T00:32:00+00:00,2026-09-02,daily,3,2026-09-04T17:30:00Z,432,Mainoo,MUN,MID,55,0,0,1.1,14268,9893,17728,23586,a,,,,,,,,2.5,4,5,102,1,0,0,0,1,0,16,2,3,11,0.21,0.28,0.49,1.13,2.5,2.5
2026-09-03T00:32:00+00:00,2026-09-02,daily,3,2026-09-04T17:30:00Z,433,Ugarte,MUN,MID,50,0,0,0.0,24,59,48,147,i,Knee injury - Unknown return date,2026-07-23T12:01:23.706702Z,0,0,,,,0.0,0,0,0,0,0,0,0,0,0,0,0,0,0,0.00,0.00,0.00,0.00,0.0,0.0
2026-09-03T00:32:00+00:00,2026-09-02,daily,3,2026-09-04T17:30:00Z,434,J.Fletcher,MUN,MID,50,0,0,0.0,62,142,103,311,a,,,,,,,,0.0,0,0,0,0,0,0,0,0,0,0,0,0,0,0.00,0.00,0.00,0.00,0.0,0.0
2026-09-03T00:32:00+00:00,2026-09-02,daily,3,2026-09-04T17:30:00Z,435,Lacey,MUN,MID,50,0,0,0.1,248,811,575,1401,a,,,,,,,,0.5,0,1,10,0,0,0,0,0,0,1,0,0,1,0.00,0.00,0.00,0.00,0.5,0.5
2026-09-03T00:32:00+00:00,2026-09-02,daily,3,2026-09-04T17:30:00Z,436,Collyer,MUN,MID,50,0,0,0.0,90,269,150,503,u,Has joined West Brom permanently,2026-09-01T13:16:48.584385Z,,0,,,,0.0,0,0,0,0,0,0,0,0,0,0,0,0,0,0.00,0.00,0.00,0.00,0.0,0.0
2026-09-03T00:32:00+00:00,2026-09-02,daily,3,2026-09-04T17:30:00Z,437,Bendito Mantato,MUN,MID,45,0,0,0.2,1337,2138,2298,4509,a,,,,,,,,0.0,0,0,0,0,0,0,0,0,0,0,0,0,0,0.00,0.00,0.00,0.00,0.0,0.0
2026-09-03T00:32:00+00:00,2026-09-02,daily,3,2026-09-04T17:30:00Z,438,Fletcher,MUN,MID,45,0,0,0.3,1420,3315,2748,7299,a,,,,,,,,0.0,0,0,0,0,0,0,0,0,0,0,0,0,0,0.00,0.00,0.00,0.00,0.0,0.0
2026-09-03T00:32:00+00:00,2026-09-02,daily,3,2026-09-04T17:30:00Z,439,Šeško,MUN,FWD,70,0,0,1.6,12129,36869,42683,51995,a,,2026-07-23T12:01:23.722029Z,100,100,,,,1.0,1,2,33,0,0,0,0,1,0,3,0,0,3,0.04,0.01,0.05,1.07,1.0,1.0
2026-09-03T00:32:00+00:00,2026-09-02,daily,3,2026-09-04T17:30:00Z,440,Zirkzee,MUN,FWD,54,-1,-1,0.5,3977,9614,6022,22745,a,,,,,,,,0.0,0,0,0,0,0,0,0,0,0,0,0,0,0,0.00,0.00,0.00,0.00,0.0,0.0
2026-09-03T00:32:00+00:00,2026-09-02,daily,3,2026-09-04T17:30:00Z,441,Obi,MUN,FWD,45,0,0,1.2,14263,11548,20579,23117,a,,,,,,,,0.0,0,0,0,0,0,0,0,0,0,0,0,0,0,0.00,0.00,0.00,0.00,0.0,0.0
2026-09-03T00:32:00+00:00,2026-09-02,daily,3,2026-09-04T17:30:00Z,405,N.Gonzalez,NEW,MID,55,0,0,0.2,7370,2110,9757,3852,a,,,,,,,,1.0,2,2,70,1,0,0,1,0,0,4,2,0,2,0.00,0.20,0.20,0.74,1.0,1.0
2026-09-03T00:32:00+00:00,2026-09-02,daily,3,2026-09-04T17:30:00Z,442,Pope,NEW,GKP,50,0,0,1.1,3673,14514,6379,26818,a,,,,,,,,0.0,0,0,0,0,0,0,0,0,0,0,0,0,0,0.00,0.00,0.00,0.00,0.0,0.0
2026-09-03T00:32:00+00:00,2026-09-02,daily,3,2026-09-04T17:30:00Z,443,Gillespie,NEW,GKP,45,0,0,0.0,189,298,351,529,a,,,,,,,,0.0,0,0,0,0,0,0,0,0,0,0,0,0,0,0.00,0.00,0.00,0.00,0.0,0.0
2026-09-03T00:32:00+00:00,2026-09-02,daily,3,2026-09-04T17:30:00Z,444,Jaouen,NEW,GKP,45,0,0,0.0,133,357,257,705,a,,,,,,,,0.0,0,0,0,0,0,0,0,0,0,0,0,0,0,0.00,0.00,0.00,0.00,0.0,0.0
2026-09-03T00:32:00+00:00,2026-09-02,daily,3,2026-09-04T17:30:00Z,445,Thiaw,NEW,DEF,50,0,0,2.0,39832,20771,59630,31669,a,,,,,,,,4.5,6,9,180,2,0,0,1,2,0,18,18,0,3,0.00,0.02,0.02,4.10,4.5,4.5
2026-09-03T00:32:00+00:00,2026-09-02,daily,3,2026-09-04T17:30:00Z,446,Schär,NEW,DEF,50,0,0,0.2,1431,3764,3326,5649,a,,2026-08-15T16:30:07.209742Z,100,100,,2,,0.5,0,1,1,0,0,0,0,1,0,0,0,0,0,0.00,0.00,0.00,0.79,0.5,0.5
2026-09-03T00:32:00+00:00,2026-09-02,daily,3,2026-09-04T17:30:00Z,447,Botman,NEW,DEF,50,0,0,0.6,11098,4744,19983,8026,a,,,,,,,,4.0,5,8,180,2,0,0,1,2,0,15,14,1,6,0.01,0.01,0.02,4.10,4.0,4.0
2026-09-03T00:32:00+00:00,2026-09-02,daily,3,2026-09-04T17:30:00Z,448,Burn,NEW,DEF,49,-1,-1,1.2,473,36861,6720,112172,i,Ankle injury - Expected back 14 Sep,2026-08-23T18:00:08.367241Z,0,0,,,,0.0,0,0,0,0,0,0,0,0,0,0,0,0,0,0.00,0.00,0.00,0.00,0.0,0.0
2026-09-03T00:32:00+00:00,2026-09-02,daily,3,2026-09-04T17:30:00Z,449,Hall,NEW,DEF,51,1,1,8.5,389416,45871,442117,65307,a,,,,,,1,1,7.0,11,14,180,2,0,0,1,2,0,24,17,7,14,0.03,0.66,0.69,4.10,7.0,7.0
2026-09-03T00:32:00+00:00,2026-09-02,daily,3,2026-09-04T17:30:00Z,450,Livramento,NEW,DEF,49,-1,-1,0.0,87,692,178,1920,i,Calf injury - Unknown return date,2026-07-23T12:01:23.753221Z,0,0,,,,0.0,0,0,0,0,0,0,0,0,0,0,0,0,0,0.00,0.00,0.00,0.00,0.0,0.0
2026-09-03T00:32:00+00:00,2026-09-02,daily,3,2026-09-04T17:30:00Z,451,A.Murphy,NEW,DEF,40,0,0,0.1,0,1535,0,4811,u,Has joined FC Kaiserslautern on loan for the rest of the season,2026-08-12T14:05:29.224600Z,0,0,,,,0.0,0,0,0,0,0,0,0,0,0,0,0,0,0,0.00,0.00,0.00,0.00,0.0,0.0
2026-09-03T00:32:00+00:00,2026-09-02,daily,3,2026-09-04T17:30:00Z,453,Barnes,NEW,MID,60,0,0,1.1,13304,15270,28299,25600,a,,,,,,,5,2.5,3,5,180,2,0,0,1,2,0,12,5,3,4,0.11,0.03,0.14,4.10,2.5,2.5
2026-09-03T00:32:00+00:00,2026-09-02,daily,3,2026-09-04T17:30:00Z,454,Elanga,NEW,MID,61,1,1,8.3,544904,56648,640345,68521,a,,,,,,,4,8.5,8,17,156,2,2,0,1,1,0,5,1,2,2,0.42,0.11,0.53,2.68,8.5,8.5
2026-09-03T00:32:00+00:00,2026-09-02,daily,3,2026-09-04T17:30:00Z,456,J.Ramsey,NEW,MID,50,0,0,0.3,1356,4636,2798,9316,a,,,,,,,,0.5,1,1,42,0,0,0,0,1,0,7,3,2,2,0.06,0.14,0.20,1.88,0.5,0.5
2026-09-03T00:32:00+00:00,2026-09-02,daily,3,2026-09-04T17:30:00Z,457,J.Murphy,NEW,MID,59,-1,-1,0.1,772,2543,1489,5225,a,,,,,,,2,0.5,1,1,22,0,0,0,0,1,0,5,1,1,3,0.00,0.20,0.20,1.42,0.5,0.5
2026-09-03T00:32:00+00:00,2026-09-02,daily,3,2026-09-04T17:30:00Z,458,Joelinton,NEW,MID,54,-1,-1,0.0,69,521,117,1589,i,Unspecified injury - Unknown return date,2026-08-16T08:00:08.074045Z,0,0,,,,0.0,0,0,0,0,0,0,0,0,0,0,0,0,0,0.00,0.00,0.00,0.00,0.0,0.0
2026-09-03T00:32:00+00:00,2026-09-02,daily,3,2026-09-04T17:30:00Z,459,L.Miley,NEW,MID,55,0,0,0.1,1523,1081,2914,1615,a,,2026-07-23T12:01:23.785456Z,100,100,,,3,3.0,3,6,165,2,0,0,1,1,0,22,9,1,12,0.05,0.05,0.10,3.06,3.0,3.0
2026-09-03T00:32:00+00:00,2026-09-02,daily,3,2026-09-04T17:30:00Z,460,Willock,NEW,MID,50,0,0,0.4,15382,5279,24145,7211,a,,,,,,,,4.5,3,9,104,1,1,0,1,1,0,5,1,2,2,0.16,0.19,0.35,2.24,4.5,4.5
2026-09-03T00:32:00+00:00,2026-09-02,daily,3,2026-09-04T17:30:00Z,461,Touré,NEW,MID,59,-1,-1,0.2,546,4691,1059,9149,a,,,,,,,,0.5,1,1,1,0,0,0,0,0,0,0,0,0,0,0.00,0.00,0.00,0.00,0.5,0.5
2026-09-03T00:32:00+00:00,2026-09-02,daily,3,2026-09-04T17:30:00Z,462,Steur,NEW,MID,50,0,0,0.1,469,1794,1231,2794,a,,,,,,,,1.0,1,2,74,1,0,0,0,1,0,5,3,0,2,0.00,0.00,0.00,1.86,1.0,1.0
2026-09-03T00:32:00+00:00,2026-09-02,daily,3,2026-09-04T17:30:00Z,463,Woltemade,NEW,FWD,59,-1,-1,1.2,7327,33199,14520,63983,u,Has joined Juventus on loan for the rest of the season,2026-09-02T16:07:16.549304Z,,0,1,,,2.0,4,4,19,0,0,1,0,0,0,0,0,0,0,0.02,0.01,0.03,0.38,2.0,0.0
2026-09-03T00:32:00+00:00,2026-09-02,daily,3,2026-09-04T17:30:00Z,464,Wissa,NEW,FWD,61,1,1,11.6,696345,57582,855302,81670,a,,,,,3,,,6.0,8,12,171,2,1,1,1,1,0,14,2,5,7,1.35,0.02,1.37,2.93,6.0,6.0
2026-09-03T00:32:00+00:00,2026-09-02,daily,3,2026-09-04T17:30:00Z,465,Osula,NEW,FWD,59,-1,-1,0.6,407,30224,20751,56731,i,Foot injury - Unknown return date,2026-08-25T19:00:08.004915Z,0,0,2,,,2.0,0,4,55,1,0,1,0,1,0,5,2,1,2,0.06,0.14,0.20,1.48,0.0,0.0
2026-09-03T00:32:00+00:00,2026-09-02,daily,3,2026-09-04T17:30:00Z,466,Neave,NEW,FWD,45,0,0,0.9,13960,8773,20438,16898,a,,,,,,,,0.0,0,0,0,0,0,0,0,0,0,0,0,0,0,0.00,0.00,0.00,0.00,0.0,0.0
2026-09-03T00:32:00+00:00,2026-09-02,daily,3,2026-09-04T17:30:00Z,559,Bamba,NEW,MID,50,0,0,0.1,648,1983,1338,3650,a,,,,,,,,0.5,0,1,14,0,0,0,0,1,0,2,1,1,0,0.00,0.00,0.00,1.04,0.5,0.5
2026-09-03T00:32:00+00:00,2026-09-02,daily,3,2026-09-04T17:30:00Z,567,Horníček,NEW,GKP,50,0,0,1.1,39367,12059,44904,16317,a,,,,,,,,4.0,7,8,180,2,0,0,1,2,9,0,5,0,9,0.00,0.00,0.00,4.10,4.0,4.0
2026-09-03T00:32:00+00:00,2026-09-02,daily,3,2026-09-04T17:30:00Z,593,Dedić,NEW,DEF,45,0,0,2.2,182702,28055,193061,30211,a,,,,,,,,6.0,11,12,180,2,0,1,1,2,0,17,12,5,7,0.03,0.06,0.09,4.10,6.0,6.0
2026-09-03T00:32:00+00:00,2026-09-02,daily,3,2026-09-04T17:30:00Z,609,Shahar,NEW,DEF,40,0,0,0.3,8951,2545,12944,3190,a,,,,,,,,0.0,0,0,0,0,0,0,0,0,0,0,0,0,0,0.00,0.00,0.00,0.00,0.0,0.0
2026-09-03T00:32:00+00:00,2026-09-02,daily,3,2026-09-04T17:30:00Z,634,Fernandez-Pardo,NEW,FWD,60,0,0,0.0,1362,74,1362,74,a,,,,,,,,0.0,0,0,0,0,0,0,0,0,0,0,0,0,0,0.00,0.00,0.00,0.00,2.1,2.1
2026-09-03T00:32:00+00:00,2026-09-02,daily,3,2026-09-04T17:30:00Z,167,Delap,NFO,FWD,55,0,0,0.7,26473,8763,34213,16328,a,,,,,3,,,0.5,1,1,24,0,0,0,0,1,0,0,0,0,0,0.07,0.00,0.07,0.33,0.5,0.5
2026-09-03T00:32:00+00:00,2026-09-02,daily,3,2026-09-04T17:30:00Z,201,Muñoz,NFO,DEF,54,-1,-1,6.8,16987,140619,32632,266045,a,,,,,,,,0.0,0,0,54,1,0,0,0,2,0,4,3,1,1,0.23,0.01,0.24,0.84,0.0,0.0
2026-09-03T00:32:00+00:00,2026-09-02,daily,3,2026-09-04T17:30:00Z,467,Sels,NFO,GKP,50,0,0,1.4,5816,11879,9166,23625,a,,,,,,,,1.5,1,3,180,2,0,0,0,3,4,0,3,0,15,0.00,0.01,0.01,2.22,1.5,1.5
2026-09-03T00:32:00+00:00,2026-09-02,daily,3,2026-09-04T17:30:00Z,468,John,NFO,GKP,45,0,0,0.1,188,497,366,963,a,,,,,,,,0.0,0,0,0,0,0,0,0,0,0,0,0,0,0,0.00,0.00,0.00,0.00,0.0,0.0
2026-09-03T00:32:00+00:00,2026-09-02,daily,3,2026-09-04T17:30:00Z,469,N.Williams,NFO,DEF,50,0,0,8.4,37822,56351,51972,138485,a,,,,,,2,2,4.0,6,8,180,2,0,1,0,3,0,18,9,9,11,0.12,0.17,0.29,2.22,4.0,4.0
2026-09-03T00:32:00+00:00,2026-09-02,daily,3,2026-09-04T17:30:00Z,470,Morato,NFO,DEF,50,0,0,0.0,194,725,424,1392,u,Has joined West Ham on loan for the rest of the season,2026-09-02T16:19:54.503286Z,,0,,,,0.0,0,0,0,0,0,0,0,0,0,0,0,0,0,0.00,0.00,0.00,0.00,0.0,0.0
2026-09-03T00:32:00+00:00,2026-09-02,daily,3,2026-09-04T17:30:00Z,471,Milenković,NFO,DEF,55,0,0,1.7,3978,11686,6569,28727,a,,,,,,,,2.5,3,5,180,2,0,0,0,3,0,20,17,3,9,0.11,0.02,0.13,2.22,2.5,2.5
2026-09-03T00:32:00+00:00,2026-09-02,daily,3,2026-09-04T17:30:00Z,472,Murillo,NFO,DEF,55,0,0,1.6,6801,13928,15381,25765,a,,2026-07-23T12:01:23.801183Z,100,100,,3,,2.5,1,5,180,2,0,0,0,3,0,20,18,2,6,0.18,0.28,0.46,2.22,2.5,2.5
2026-09-03T00:32:00+00:00,2026-09-02,daily,3,2026-09-04T17:30:00Z,473,Aina,NFO,DEF,45,0,0,3.2,15331,34331,33101,57168,a,,,,,,,,2.5,0,5,158,2,0,0,1,2,0,7,5,2,8,0.04,0.52,0.56,2.09,2.5,2.5
2026-09-03T00:32:00+00:00,2026-09-02,daily,3,2026-09-04T17:30:00Z,474,Jair Cunha,NFO,DEF,45,0,0,0.2,678,1397,937,2956,a,,,,,,,,1.0,1,2,180,2,0,0,0,3,0,16,13,3,3,0.00,0.00,0.00,2.22,1.0,1.0
2026-09-03T00:32:00+00:00,2026-09-02,daily,3,2026-09-04T17:30:00Z,475,Savona,NFO,DEF,45,0,0,0.0,20,68,133,116,i,Knee injury - Unknown return date,2026-07-23T12:01:23.816304Z,0,0,,,,0.0,0,0,0,0,0,0,0,0,0,0,0,0,0,0.00,0.00,0.00,0.00,0.0,0.0
2026-09-03T00:32:00+00:00,2026-09-02,daily,3,2026-09-04T17:30:00Z,476,O.Richards,NFO,DEF,40,0,0,0.2,859,1558,1354,3566,a,,,,,,,,0.0,0,0,0,0,0,0,0,0,0,0,0,0,0,0.00,0.00,0.00,0.00,0.0,0.0
2026-09-03T00:32:00+00:00,2026-09-02,daily,3,2026-09-04T17:30:00Z,477,Abbott,NFO,DEF,40,0,0,0.2,1463,2219,2459,4442,u,Has joined Southampton on loan for the rest of the season,2026-09-02T16:19:54.536676Z,,0,,,,0.0,0,0,0,0,0,0,0,0,0,0,0,0,0,0.00,0.00,0.00,0.00,0.0,0.0
2026-09-03T00:32:00+00:00,2026-09-02,daily,3,2026-09-04T17:30:00Z,478,Netz,NFO,DEF,45,0,0,0.0,129,331,241,619,a,,,,,,,,1.0,1,2,20,0,0,0,0,1,0,1,0,1,1,0.00,0.00,0.00,0.13,1.0,1.0
2026-09-03T00:32:00+00:00,2026-09-02,daily,3,2026-09-04T17:30:00Z,479,Bindon,NFO,DEF,40,0,0,0.2,434,1767,799,3184,u,Has joined Charlton Athletic on loan for the rest of the season,2026-09-01T13:16:05.383880Z,,0,,,,0.0,0,0,0,0,0,0,0,0,0,0,0,0,0,0.00,0.00,0.00,0.00,0.0,0.0
2026-09-03T00:32:00+00:00,2026-09-02,daily,3,2026-09-04T17:30:00Z,480,Gibbs-White,NFO,MID,79,-1,-1,9.3,133210,75938,141990,359031,a,,2026-08-24T15:30:08.350159Z,100,100,1,1,,7.5,13,15,180,2,1,1,0,3,0,8,2,2,4,0.92,0.10,1.02,2.22,7.5,7.5
2026-09-03T00:32:00+00:00,2026-09-02,daily,3,2026-09-04T17:30:00Z,482,Hudson-Odoi,NFO,MID,59,-1,-1,0.2,1188,3407,1914,8891,a,,2026-07-23T12:01:23.832709Z,100,100,,4,,0.5,1,1,1,0,0,0,0,0,0,0,0,0,0,0.00,0.00,0.00,0.00,0.5,0.5
2026-09-03T00:32:00+00:00,2026-09-02,daily,3,2026-09-04T17:30:00Z,483,Ndoye,NFO,MID,55,0,0,0.6,23785,7411,25276,12673,a,,,,,,,,6.0,9,12,126,2,1,0,1,1,0,12,2,1,9,0.35,0.63,0.98,1.67,6.0,6.0
2026-09-03T00:32:00+00:00,2026-09-02,daily,3,2026-09-04T17:30:00Z,484,Hutchinson,NFO,MID,54,-1,-1,0.1,213,2877,427,5123,u,Has joined AC Milan on loan for the rest of the season,2026-09-01T13:23:52.340206Z,,0,,,,0.0,0,0,0,0,0,0,0,0,0,0,0,0,0,0.00,0.00,0.00,0.00,0.0,0.0
2026-09-03T00:32:00+00:00,2026-09-02,daily,3,2026-09-04T17:30:00Z,485,Bakwa,NFO,MID,55,0,0,0.0,0,441,107,846,u,Has joined Lille on loan for the rest of the season,2026-08-27T14:53:03.381941Z,0,0,,,,0.0,0,0,0,0,0,0,0,0,0,0,0,0,0,0.00,0.00,0.00,0.00,0.0,0.0
2026-09-03T00:32:00+00:00,2026-09-02,daily,3,2026-09-04T17:30:00Z,486,McAtee,NFO,MID,55,0,0,0.1,2582,1042,3256,1517,a,,,,,,,1,2.5,2,5,163,2,0,0,1,2,0,16,4,2,10,0.00,0.32,0.32,2.09,2.5,2.5
2026-09-03T00:32:00+00:00,2026-09-02,daily,3,2026-09-04T17:30:00Z,487,Dominguez,NFO,MID,50,0,0,0.1,267,799,481,1861,a,,,,,,,,0.5,1,1,1,0,0,0,0,0,0,0,0,0,0,0.00,0.00,0.00,0.00,0.5,0.5
2026-09-03T00:32:00+00:00,2026-09-02,daily,3,2026-09-04T17:30:00Z,488,I.Sangaré,NFO,MID,49,-1,-1,0.6,186,21664,3036,39641,i,Calf injury - Unknown return date,2026-08-28T09:30:07.471668Z,0,0,,,,1.0,0,2,90,1,0,0,0,1,0,6,3,0,3,0.03,0.01,0.04,0.47,0.0,0.0
2026-09-03T00:32:00+00:00,2026-09-02,daily,3,2026-09-04T17:30:00Z,489,Yates,NFO,MID,45,0,0,1.5,13705,14136,15448,51219,a,,2026-08-17T20:30:08.195072Z,100,100,,,,0.0,0,0,0,0,0,0,0,0,0,0,0,0,0,0.00,0.00,0.00,0.00,0.0,0.0
2026-09-03T00:32:00+00:00,2026-09-02,daily,3,2026-09-04T17:30:00Z,490,Wood,NFO,FWD,59,-1,-1,1.3,5610,31401,10179,60752,a,,,,,2,,,0.5,0,1,28,0,0,0,0,1,0,1,0,0,1,0.12,0.01,0.13,0.22,0.5,0.5
2026-09-03T00:32:00+00:00,2026-09-02,daily,3,2026-09-04T17:30:00Z,491,Igor Jesus,NFO,FWD,59,-1,-1,3.2,15761,56457,25998,115007,a,,,,,4,,,1.5,1,3,180,2,0,0,0,3,0,8,5,1,2,0.96,0.06,1.02,2.22,1.5,1.5
2026-09-03T00:32:00+00:00,2026-09-02,daily,3,2026-09-04T17:30:00Z,493,Kalimuendo,NFO,FWD,55,0,0,0.0,372,904,711,1661,a,,,,,,,,0.5,0,1,1,0,0,0,0,0,0,0,0,0,0,0.00,0.00,0.00,0.00,0.5,0.5
2026-09-03T00:32:00+00:00,2026-09-02,daily,3,2026-09-04T17:30:00Z,558,Schlager,NFO,MID,50,0,0,0.1,1025,895,1183,2039,a,,,,,,,3,2.5,4,5,106,1,0,0,0,3,0,16,3,5,8,0.05,0.00,0.05,1.88,2.5,2.5
2026-09-03T00:32:00+00:00,2026-09-02,daily,3,2026-09-04T17:30:00Z,581,Diomande,NFO,DEF,55,0,0,0.6,2524,11920,6008,24021,a,,,,,,,,0.0,0,0,0,0,0,0,0,0,0,0,0,0,0,0.00,0.00,0.00,0.00,0.0,0.0
2026-09-03T00:32:00+00:00,2026-09-02,daily,3,2026-09-04T17:30:00Z,590,Benda,NFO,GKP,45,0,0,0.1,760,654,1385,1198,a,,,,,,,,0.0,0,0,0,0,0,0,0,0,0,0,0,0,0,0.00,0.00,0.00,0.00,0.0,0.0
2026-09-03T00:32:00+00:00,2026-09-02,daily,3,2026-09-04T17:30:00Z,112,Van Hecke,TOT,DEF,49,-1,-1,7.8,13482,150086,50086,248854,a,,,,,,,,1.0,1,2,180,2,0,0,0,5,0,17,13,4,7,0.11,0.06,0.17,4.59,1.0,1.0
2026-09-03T00:32:00+00:00,2026-09-02,daily,3,2026-09-04T17:30:00Z,147,Tosin,TOT,DEF,45,0,0,0.2,351,1850,614,3970,a,,,,,,,,0.0,0,0,0,0,0,0,0,0,0,0,0,0,0,0.00,0.00,0.00,0.00,0.0,0.0
2026-09-03T00:32:00+00:00,2026-09-02,daily,3,2026-09-04T17:30:00Z,401,Marmoush,TOT,FWD,70,0,0,2.0,74162,26380,113970,45741,a,,,,,2,,,1.0,2,2,90,1,0,0,0,2,0,4,0,1,3,0.17,0.07,0.24,0.72,1.0,1.0
2026-09-03T00:32:00+00:00,2026-09-02,daily,3,2026-09-04T17:30:00Z,403,Sávio,TOT,MID,65,0,0,0.8,12102,26427,67849,33291,d,Muscular injury - 75% chance of playing,2026-08-29T16:30:08.380416Z,,75,,,,0.0,0,0,0,0,0,0,0,0,0,0,0,0,0,0.00,0.00,0.00,0.00,0.0,0.0
2026-09-03T00:32:00+00:00,2026-09-02,daily,3,2026-09-04T17:30:00Z,455,Tonali,TOT,MID,54,-1,-1,3.1,9511,67686,23630,119902,a,,,,,,5,,2.0,2,4,164,2,0,0,0,5,0,8,1,1,6,0.09,0.08,0.17,4.59,2.0,2.0
2026-09-03T00:32:00+00:00,2026-09-02,daily,3,2026-09-04T17:30:00Z,494,Vicario,TOT,GKP,45,0,0,0.2,0,4750,0,16187,u,Has joined Juventus on loan for the rest of the season,2026-08-19T13:55:33.193962Z,0,0,,,,0.0,0,0,0,0,0,0,0,0,0,0,0,0,0,0.00,0.00,0.00,0.00,0.0,0.0
2026-09-03T00:32:00+00:00,2026-09-02,daily,3,2026-09-04T17:30:00Z,495,Austin,TOT,GKP,40,0,0,1.0,6660,4149,9872,7851,a,,,,,,,,0.0,0,0,0,0,0,0,0,0,0,0,0,0,0,0.00,0.00,0.00,0.00,0.0,0.0
2026-09-03T00:32:00+00:00,2026-09-02,daily,3,2026-09-04T17:30:00Z,496,Kinsky,TOT,GKP,45,0,0,20.1,30730,181939,71355,264090,a,,,,,,,,1.5,1,3,180,2,0,0,0,5,5,0,4,0,18,0.00,0.00,0.00,4.59,1.5,1.5
2026-09-03T00:32:00+00:00,2026-09-02,daily,3,2026-09-04T17:30:00Z,497,Dubravka,TOT,GKP,40,0,0,18.2,85344,81406,120430,145223,a,,,,,,,,0.0,0,0,0,0,0,0,0,0,0,0,0,0,0,0.00,0.00,0.00,0.00,0.0,0.0
2026-09-03T00:32:00+00:00,2026-09-02,daily,3,2026-09-04T17:30:00Z,498,Senesi,TOT,DEF,59,-1,-1,6.0,4182,137363,20124,201598,a,,,,,,,,1.5,0,3,90,1,0,0,0,3,0,16,11,5,2,0.00,0.02,0.02,3.87,1.5,1.5
2026-09-03T00:32:00+00:00,2026-09-02,daily,3,2026-09-04T17:30:00Z,499,Pedro Porro,TOT,DEF,55,0,0,12.1,36915,154037,57489,471555,a,,2026-08-21T15:22:48.149081Z,100,100,,1,3,0.5,1,1,90,1,0,0,0,2,0,4,3,1,2,0.33,0.10,0.43,0.72,0.5,0.5
2026-09-03T00:32:00+00:00,2026-09-02,daily,3,2026-09-04T17:30:00Z,500,Romero,TOT,DEF,50,0,0,0.1,0,3190,0,13969,u,Has joined Atletico Madrid permanently,2026-08-17T13:49:05.465401Z,0,0,,,,0.0,0,0,0,0,0,0,0,0,0,0,0,0,0,0.00,0.00,0.00,0.00,0.0,0.0
2026-09-03T00:32:00+00:00,2026-09-02,daily,3,2026-09-04T17:30:00Z,502,Robertson,TOT,DEF,45,0,0,3.4,10351,40239,32522,63537,a,,,,,,,1,2.5,2,5,157,2,0,0,0,4,0,14,11,3,4,0.06,0.08,0.14,4.35,2.5,2.5
2026-09-03T00:32:00+00:00,2026-09-02,daily,3,2026-09-04T17:30:00Z,503,Van de Ven,TOT,DEF,50,0,0,3.9,12930,56797,21304,181500,a,,2026-08-21T15:00:07.610517Z,100,100,,,,0.0,0,0,90,1,0,0,0,2,0,8,7,1,4,0.00,0.02,0.02,0.72,0.0,0.0
2026-09-03T00:32:00+00:00,2026-09-02,daily,3,2026-09-04T17:30:00Z,505,Spence,TOT,DEF,45,0,0,0.3,0,11984,0,57766,u,Has joined Internazionale permanently,2026-08-18T14:13:08.454214Z,0,0,,,,0.0,0,0,0,0,0,0,0,0,0,0,0,0,0,0.00,0.00,0.00,0.00,0.0,0.0
2026-09-03T00:32:00+00:00,2026-09-02,daily,3,2026-09-04T17:30:00Z,506,Udogie,TOT,DEF,45,0,0,0.4,869,4942,2554,9634,a,,,,,,,,1.0,1,2,26,0,0,0,0,1,0,1,0,1,3,0.00,0.21,0.21,0.68,1.0,1.0
2026-09-03T00:32:00+00:00,2026-09-02,daily,3,2026-09-04T17:30:00Z,507,Phillips,TOT,DEF,45,0,0,0.0,0,261,0,919,u,Has joined Middlesbrough permanently,2026-08-18T14:13:08.474144Z,0,0,,,,0.0,0,0,0,0,0,0,0,0,0,0,0,0,0,0.00,0.00,0.00,0.00,0.0,0.0
2026-09-03T00:32:00+00:00,2026-09-02,daily,3,2026-09-04T17:30:00Z,508,Davies,TOT,DEF,40,0,0,1.0,2991,8660,5868,17643,a,,,,,,,,0.0,0,0,0,0,0,0,0,0,0,0,0,0,0,0.00,0.00,0.00,0.00,0.0,0.0
2026-09-03T00:32:00+00:00,2026-09-02,daily,3,2026-09-04T17:30:00Z,509,Byfield,TOT,DEF,40,0,0,0.1,430,468,749,1026,a,,,,,,,,0.0,0,0,0,0,0,0,0,0,0,0,0,0,0,0.00,0.00,0.00,0.00,0.0,0.0
2026-09-03T00:32:00+00:00,2026-09-02,daily,3,2026-09-04T17:30:00Z,510,Rowswell,TOT,DEF,40,0,0,0.1,544,702,879,1397,a,,,,,,,,0.0,0,0,0,0,0,0,0,0,0,0,0,0,0,0.00,0.00,0.00,0.00,0.0,0.0
2026-09-03T00:32:00+00:00,2026-09-02,daily,3,2026-09-04T17:30:00Z,511,Souza,TOT,DEF,40,0,0,0.3,1362,4024,2555,6718,u,Has joined FC Porto on loan for the rest of the season,2026-09-01T13:24:26.858636Z,,0,,,,0.0,0,0,0,0,0,0,0,0,0,0,0,0,0,0.00,0.00,0.00,0.00,0.0,0.0
2026-09-03T00:32:00+00:00,2026-09-02,daily,3,2026-09-04T17:30:00Z,512,Kudus,TOT,MID,65,0,0,0.1,3151,1530,3420,3936,a,,2026-07-23T12:01:23.848657Z,75,100,3,3,,0.5,1,1,22,0,0,0,0,1,0,2,0,0,2,0.04,0.01,0.05,0.24,0.4,0.5
2026-09-03T00:32:00+00:00,2026-09-02,daily,3,2026-09-04T17:30:00Z,513,Xavi,TOT,MID,60,0,0,0.0,57,291,134,647,i,Knee injury - Unknown return date,2026-07-23T12:01:23.864304Z,0,0,4,2,,0.0,0,0,0,0,0,0,0,0,0,0,0,0,0,0.00,0.00,0.00,0.00,0.0,0.0
2026-09-03T00:32:00+00:00,2026-09-02,daily,3,2026-09-04T17:30:00Z,514,Tel,TOT,MID,59,-1,-1,0.4,1427,12644,5601,23105,a,,,,,,4,,2.0,2,4,157,2,0,0,0,4,0,11,1,1,9,0.20,0.09,0.29,4.35,2.0,2.0
2026-09-03T00:32:00+00:00,2026-09-02,daily,3,2026-09-04T17:30:00Z,515,Maddison,TOT,MID,64,-1,-1,0.7,146,28899,2832,65885,d,Shoulder injury - 75% chance of playing,2026-08-25T14:30:07.623508Z,75,75,,,,0.5,0,1,22,0,0,0,0,0,0,2,1,0,1,0.00,0.01,0.01,0.85,0.4,0.4
2026-09-03T00:32:00+00:00,2026-09-02,daily,3,2026-09-04T17:30:00Z,516,Bentancur,TOT,MID,55,0,0,0.2,620,1886,1222,3917,a,,,,,,,,1.5,2,3,135,1,0,0,0,3,0,16,3,5,8,0.00,0.03,0.03,2.90,1.5,1.5
2026-09-03T00:32:00+00:00,2026-09-02,daily,3,2026-09-04T17:30:00Z,517,Odobert,TOT,MID,55,0,0,0.0,17,30,33,49,i,Knee injury - Unknown return date,2026-07-23T12:01:23.879434Z,0,0,,,,0.0,0,0,0,0,0,0,0,0,0,0,0,0,0,0.00,0.00,0.00,0.00,0.0,0.0
2026-09-03T00:32:00+00:00,2026-09-02,daily,3,2026-09-04T17:30:00Z,518,P.M.Sarr,TOT,MID,49,0,-1,0.2,4025,3529,4138,13993,u,Has joined Juventus on loan for the rest of the season,2026-09-02T16:02:43.386849Z,0,0,,,,0.0,0,0,0,0,0,0,0,0,0,0,0,0,0,0.00,0.00,0.00,0.00,0.0,0.0
2026-09-03T00:32:00+00:00,2026-09-02,daily,3,2026-09-04T17:30:00Z,519,Gallagher,TOT,MID,54,-1,-1,0.2,797,4709,2005,9356,a,,,,,,,,0.0,0,0,45,1,0,0,0,2,0,3,0,1,2,0.02,0.06,0.08,1.70,0.0,0.0
2026-09-03T00:32:00+00:00,2026-09-02,daily,3,2026-09-04T17:30:00Z,520,Bergvall,TOT,MID,55,0,0,0.2,360,2518,995,4717,a,,,,,,,,0.5,0,1,45,1,0,0,0,2,0,8,0,1,7,0.00,0.01,0.01,1.70,0.5,0.5
2026-09-03T00:32:00+00:00,2026-09-02,daily,3,2026-09-04T17:30:00Z,521,Kulusevski,TOT,MID,65,0,0,0.0,52,124,127,365,i,Knee injury - Unknown return date,2026-07-23T12:01:23.895175Z,0,0,,,,0.0,0,0,0,0,0,0,0,0,0,0,0,0,0,0.00,0.00,0.00,0.00,0.0,0.0
2026-09-03T00:32:00+00:00,2026-09-02,daily,3,2026-09-04T17:30:00Z,522,Gray,TOT,MID,50,0,0,0.2,1719,2943,3430,5487,a,,,,,,,,2.0,2,4,152,2,0,0,0,4,0,11,5,1,5,0.00,0.01,0.01,3.91,2.0,2.0
2026-09-03T00:32:00+00:00,2026-09-02,daily,3,2026-09-04T17:30:00Z,523,Moore,TOT,MID,50,0,0,0.2,773,3756,3192,6282,a,,,,,,,,1.5,1,3,89,1,0,0,0,4,0,3,0,1,2,0.40,0.02,0.42,3.26,1.5,1.5
2026-09-03T00:32:00+00:00,2026-09-02,daily,3,2026-09-04T17:30:00Z,524,Olusesi,TOT,MID,45,0,0,0.7,1160,7406,3174,16718,a,,,,,,,,0.0,0,0,0,0,0,0,0,0,0,0,0,0,0,0.00,0.00,0.00,0.00,0.0,0.0
2026-09-03T00:32:00+00:00,2026-09-02,daily,3,2026-09-04T17:30:00Z,525,Fernandes,TOT,MID,59,-1,-1,1.3,3433,31096,7962,62425,a,,,,,,,2,1.5,2,3,135,1,0,0,0,3,0,10,0,4,6,0.01,0.23,0.24,2.90,1.5,1.5
2026-09-03T00:32:00+00:00,2026-09-02,daily,3,2026-09-04T17:30:00Z,526,Solanke,TOT,FWD,59,-1,-1,1.1,5117,25219,13329,46037,a,,,,,1,,,1.0,1,2,37,0,0,0,0,0,0,0,0,0,0,0.27,0.00,0.27,0.85,1.0,1.0
2026-09-03T00:32:00+00:00,2026-09-02,daily,3,2026-09-04T17:30:00Z,527,Richarlison,TOT,FWD,59,-1,-1,2.0,5713,76520,20436,122991,a,,,,,5,,,1.0,0,2,67,1,0,0,0,3,0,1,1,0,0,0.00,0.00,0.00,3.02,1.0,1.0
2026-09-03T00:32:00+00:00,2026-09-02,daily,3,2026-09-04T17:30:00Z,528,Scarlett,TOT,FWD,45,0,0,1.9,29341,20617,42525,37797,u,Has joined Leyton Orient permanently,2026-09-02T16:02:43.413625Z,,0,,,,0.0,0,0,0,0,0,0,0,0,0,0,0,0,0,0.00,0.00,0.00,0.00,0.0,0.0
2026-09-03T00:32:00+00:00,2026-09-02,daily,3,2026-09-04T17:30:00Z,578,Mudryk,TOT,MID,54,-1,-1,0.1,1714,1136,1948,2112,a,,,,,,,,0.0,0,0,0,0,0,0,0,0,0,0,0,0,0,0.00,0.00,0.00,0.00,0.0,0.0
2026-09-03T00:32:00+00:00,2026-09-02,daily,3,2026-09-04T17:30:00Z,601,Williams-Barnett,TOT,MID,45,0,0,0.1,3451,1697,6087,2281,a,,,,,,,,0.0,0,0,0,0,0,0,0,0,0,0,0,0,0,0.00,0.00,0.00,0.00,0.0,0.0
2026-09-03T00:32:00+00:00,2026-09-02,daily,3,2026-09-04T17:30:00Z,501,Danso,SUN,DEF,50,0,0,0.2,681,2521,1701,4953,a,,,,,,,,0.0,0,0,0,0,0,0,0,0,0,0,0,0,0,0.00,0.00,0.00,0.00,0.0,0.0
2026-09-03T00:32:00+00:00,2026-09-02,daily,3,2026-09-04T17:30:00Z,529,Roefs,SUN,GKP,50,0,0,3.5,6767,33031,11533,63365,a,,,,,,,,3.5,6,7,180,2,0,0,1,2,1,0,3,0,15,0.00,0.00,0.00,2.75,3.5,3.5
2026-09-03T00:32:00+00:00,2026-09-02,daily,3,2026-09-04T17:30:00Z,530,Patterson,SUN,GKP,40,0,0,0.1,0,1324,0,3631,u,Has joined Wrexham permanently,2026-08-12T14:08:03.064533Z,0,0,,,,0.0,0,0,0,0,0,0,0,0,0,0,0,0,0,0.00,0.00,0.00,0.00,0.0,0.0
2026-09-03T00:32:00+00:00,2026-09-02,daily,3,2026-09-04T17:30:00Z,531,Ellborg,SUN,GKP,45,0,0,0.1,277,682,486,1536,a,,,,,,,,0.0,0,0,0,0,0,0,0,0,0,0,0,0,0,0.00,0.00,0.00,0.00,0.0,0.0
2026-09-03T00:32:00+00:00,2026-09-02,daily,3,2026-09-04T17:30:00Z,532,Ballard,SUN,DEF,50,0,0,4.3,10795,56615,23593,106319,a,,,,,,,,4.0,8,8,180,2,0,0,1,2,0,19,16,3,1,0.03,0.01,0.04,2.75,4.0,4.0
2026-09-03T00:32:00+00:00,2026-09-02,daily,3,2026-09-04T17:30:00Z,533,Mukiele,SUN,DEF,55,0,0,2.4,15469,16136,21057,54723,a,,2026-08-09T08:30:05.954750Z,100,100,,,,4.5,9,9,90,1,0,0,1,0,0,19,17,2,4,0.00,0.01,0.01,0.95,4.5,4.5
2026-09-03T00:32:00+00:00,2026-09-02,daily,3,2026-09-04T17:30:00Z,534,Hume,SUN,DEF,45,0,0,5.6,12878,54860,26497,92231,a,,,,,,,3,4.0,6,8,169,2,0,0,1,1,0,10,3,7,10,0.04,0.28,0.32,2.64,4.0,4.0
2026-09-03T00:32:00+00:00,2026-09-02,daily,3,2026-09-04T17:30:00Z,535,Alderete,SUN,DEF,50,0,0,0.4,1154,6704,3751,11968,a,,2026-08-09T08:30:05.962393Z,100,100,,,,0.5,0,1,23,0,0,0,0,1,0,0,0,0,2,0.00,0.01,0.01,0.10,0.5,0.5
2026-09-03T00:32:00+00:00,2026-09-02,daily,3,2026-09-04T17:30:00Z,536,Reinildo,SUN,DEF,45,0,0,0.4,1420,2787,2395,6365,a,,,,,,,,3.5,6,7,180,2,0,0,1,2,0,15,11,4,8,0.00,0.30,0.30,2.75,3.5,3.5
2026-09-03T00:32:00+00:00,2026-09-02,daily,3,2026-09-04T17:30:00Z,537,Seelt,SUN,DEF,45,0,0,0.0,3,272,61,399,u,Has joined Swansea City on loan for the rest of the season,2026-08-29T00:34:52.425076Z,,0,,,,0.0,0,0,0,0,0,0,0,0,0,0,0,0,0,0.00,0.00,0.00,0.00,0.0,0.0
2026-09-03T00:32:00+00:00,2026-09-02,daily,3,2026-09-04T17:30:00Z,538,Hjelde,SUN,DEF,40,0,0,0.0,0,563,0,1553,u,Has joined KV Mechelen on loan for the rest of the season,2026-08-12T14:08:03.081789Z,0,0,,,,0.0,0,0,0,0,0,0,0,0,0,0,0,0,0,0.00,0.00,0.00,0.00,0.0,0.0
2026-09-03T00:32:00+00:00,2026-09-02,daily,3,2026-09-04T17:30:00Z,539,O'Nien,SUN,DEF,40,0,0,3.1,3873,22847,8475,40386,a,,,,,,,,0.5,0,1,66,1,0,0,0,1,0,5,4,1,4,0.01,0.01,0.02,1.69,0.5,0.5
2026-09-03T00:32:00+00:00,2026-09-02,daily,3,2026-09-04T17:30:00Z,540,Masuaku,SUN,DEF,40,0,0,0.2,0,2558,0,7426,u,Has joined Konyaspor permanently,2026-08-12T14:08:03.097784Z,0,0,,,,0.0,0,0,0,0,0,0,0,0,0,0,0,0,0,0.00,0.00,0.00,0.00,0.0,0.0
2026-09-03T00:32:00+00:00,2026-09-02,daily,3,2026-09-04T17:30:00Z,541,Meunier,SUN,DEF,45,0,0,0.3,1893,1582,2903,3300,a,,2026-08-16T08:30:07.830062Z,100,100,,,,3.5,6,7,180,2,0,0,1,2,0,12,10,2,8,0.10,0.13,0.23,2.75,3.5,3.5
2026-09-03T00:32:00+00:00,2026-09-02,daily,3,2026-09-04T17:30:00Z,542,E.Le Fée,SUN,MID,59,-1,-1,6.5,4968,172335,16354,287445,a,,,,,2,2,1,2.5,3,5,168,2,0,0,1,1,0,8,1,2,5,0.37,0.20,0.57,2.55,2.5,2.5
2026-09-03T00:32:00+00:00,2026-09-02,daily,3,2026-09-04T17:30:00Z,543,Diarra,SUN,MID,55,0,0,0.1,120,1386,455,2563,d,Unspecified injury - 75% chance of playing,2026-08-30T16:30:08.428960Z,,75,1,,,2.5,4,5,28,0,0,1,0,1,0,0,0,0,0,0.03,0.16,0.19,0.12,2.5,1.9
2026-09-03T00:32:00+00:00,2026-09-02,daily,3,2026-09-04T17:30:00Z,544,Xhaka,SUN,MID,55,0,0,4.6,31645,32272,74426,50487,a,,,,,,1,2,7.5,6,15,180,2,0,1,1,2,0,20,3,3,14,0.00,0.45,0.45,2.75,7.5,7.5
2026-09-03T00:32:00+00:00,2026-09-02,daily,3,2026-09-04T17:30:00Z,545,Sadiki,SUN,MID,50,0,0,0.3,1389,3403,2554,6900,a,,,,,,,,2.5,3,5,180,2,0,0,1,2,0,13,6,3,4,0.08,0.05,0.13,2.75,2.5,2.5
2026-09-03T00:32:00+00:00,2026-09-02,daily,3,2026-09-04T17:30:00Z,546,Adingra,SUN,MID,49,-1,-1,0.0,166,1434,219,4993,i,Ankle injury - Unknown return date,2026-08-20T14:00:08.416985Z,0,0,,,,0.0,0,0,0,0,0,0,0,0,0,0,0,0,0,0.00,0.00,0.00,0.00,0.0,0.0
2026-09-03T00:32:00+00:00,2026-09-02,daily,3,2026-09-04T17:30:00Z,547,Mundle,SUN,MID,50,0,0,0.0,58,105,98,255,a,,,,,,,,0.5,1,1,1,0,0,0,0,0,0,1,1,0,0,0.17,0.00,0.17,0.09,0.5,0.5
2026-09-03T00:32:00+00:00,2026-09-02,daily,3,2026-09-04T17:30:00Z,548,Rigg,SUN,MID,50,0,0,0.1,103,612,202,1232,a,,,,,,,,1.0,1,2,17,0,0,0,0,1,0,1,0,0,1,0.00,0.00,0.00,0.44,1.0,1.0
2026-09-03T00:32:00+00:00,2026-09-02,daily,3,2026-09-04T17:30:00Z,549,Talbi,SUN,MID,54,-1,-1,0.2,304,2862,588,5706,a,,,,,,,,0.5,0,1,31,0,0,0,0,1,0,2,0,0,2,0.00,0.00,0.00,0.14,0.5,0.5
2026-09-03T00:32:00+00:00,2026-09-02,daily,3,2026-09-04T17:30:00Z,550,Jocelin.T,SUN,MID,50,0,0,0.0,58,79,109,180,a,,,,,,,,0.0,0,0,0,0,0,0,0,0,0,0,0,0,0,0.00,0.00,0.00,0.00,0.0,0.0
2026-09-03T00:32:00+00:00,2026-09-02,daily,3,2026-09-04T17:30:00Z,551,N.Angulo,SUN,MID,50,0,0,0.1,3561,2228,8904,3607,a,,,,,,3,,4.0,3,8,122,2,1,0,1,1,0,12,1,2,9,0.15,0.05,0.20,2.24,4.0,4.0
2026-09-03T00:32:00+00:00,2026-09-02,daily,3,2026-09-04T17:30:00Z,552,Brobbey,SUN,FWD,59,-1,-1,10.1,19351,232887,57620,352514,a,,,,,,,,2.0,2,4,129,2,0,0,1,1,0,4,1,0,3,0.33,0.00,0.33,2.27,2.0,2.0
2026-09-03T00:32:00+00:00,2026-09-02,daily,3,2026-09-04T17:30:00Z,553,Isidor,SUN,FWD,55,0,0,1.0,23768,9798,26238,22719,a,,,,,,,,4.5,8,9,49,0,1,0,0,1,0,0,0,0,0,1.39,0.00,1.39,0.47,4.5,4.5
2026-09-03T00:32:00+00:00,2026-09-02,daily,3,2026-09-04T17:30:00Z,612,Methalie,SUN,DEF,45,0,0,0.0,235,58,330,85,a,,2026-08-28T13:00:08.950445Z,0,100,,,,0.0,0,0,0,0,0,0,0,0,0,0,0,0,0,0.00,0.00,0.00,0.00,0.0,1.8
2026-09-03T00:32:00+00:00,2026-09-02,daily,3,2026-09-04T17:30:00Z,613,Ahoka,SUN,MID,45,0,0,0.2,10144,3205,12619,3603,a,,,,,,,,0.0,0,0,0,0,0,0,0,0,0,0,0,0,0,0.00,0.00,0.00,0.00,1.0,1.0
2026-09-03T00:32:00+00:00,2026-09-02,daily,3,2026-09-04T17:30:00Z,646,Fofana,SUN,MID,55,0,0,0.0,676,43,676,43,a,,,,,,,,0.0,0,0,0,0,0,0,0,0,0,0,0,0,0,0.00,0.00,0.00,0.00,2.0,2.0
2026-09-03T00:32:00+00:00,2026-09-02,daily,3,2026-09-04T17:30:00Z,651,J.Angulo,SUN,FWD,45,0,0,0.0,2243,204,2243,204,a,,,,,,,,0.0,0,0,0,0,0,0,0,0,0,0,0,0,0,0.00,0.00,0.00,0.00,1.0,1.0
