snapshot_utc,snapshot_date,snapshot_kind,event,deadline_time,id,web_name,team,position,now_cost,cost_change_event,cost_change_start,selected_by_percent,transfers_in_event,transfers_out_event,transfers_in,transfers_out,status,news,news_added,chance_of_playing_this_round,chance_of_playing_next_round,penalties_order,direct_freekicks_order,corners_and_indirect_freekicks_order,form,event_points,total_points,minutes,starts,goals_scored,assists,clean_sheets,goals_conceded,saves,defensive_contribution,clearances_blocks_interceptions,tackles,recoveries,expected_goals,expected_assists,expected_goal_involvements,expected_goals_conceded,ep_this,ep_next
2026-09-02T00:25:52+00:00,2026-09-01,daily,3,2026-09-04T17:30:00Z,1,Raya,ARS,GKP,60,0,0,37.9,116709,123095,223443,205073,a,,,,,,,,6.0,6,12,180,2,0,0,2,0,1,0,2,0,19,0.00,0.00,0.00,0.53,6.0,6.0
2026-09-02T00:25:52+00:00,2026-09-01,daily,3,2026-09-04T17:30:00Z,2,Arrizabalaga,ARS,GKP,50,0,0,0.1,382,761,704,2150,a,,,,,,,,0.0,0,0,0,0,0,0,0,0,0,0,0,0,0,0.00,0.00,0.00,0.00,0.0,0.0
2026-09-02T00:25:52+00:00,2026-09-01,daily,3,2026-09-04T17:30:00Z,3,Meslier,ARS,GKP,50,0,0,0.0,92,282,193,774,a,,,,,,,,0.0,0,0,0,0,0,0,0,0,0,0,0,0,0,0.00,0.00,0.00,0.00,0.0,0.0
2026-09-02T00:25:52+00:00,2026-09-01,daily,3,2026-09-04T17:30:00Z,4,Gabriel,ARS,DEF,80,0,0,26.8,29836,195682,88601,319790,a,,,,,,,,6.5,8,13,180,2,0,0,2,0,0,14,12,2,7,0.18,0.03,0.21,0.53,6.5,6.5
2026-09-02T00:25:52+00:00,2026-09-01,daily,3,2026-09-04T17:30:00Z,5,J.Timber,ARS,DEF,65,0,0,0.1,358,1716,759,4820,i,Groin injury - Unknown return date,2026-07-23T12:01:23.272929Z,0,0,,,,0.0,0,0,0,0,0,0,0,0,0,0,0,0,0,0.00,0.00,0.00,0.00,0.0,0.0
2026-09-02T00:25:52+00:00,2026-09-01,daily,3,2026-09-04T17:30:00Z,6,Saliba,ARS,DEF,60,0,0,0.2,880,4075,1726,10891,i,Back injury - Unknown return date,2026-07-23T12:01:23.289376Z,0,0,,,,0.0,0,0,0,0,0,0,0,0,0,0,0,0,0,0.00,0.00,0.00,0.00,0.0,0.0
2026-09-02T00:25:52+00:00,2026-09-01,daily,3,2026-09-04T17:30:00Z,7,Lewis-Skelly,ARS,MID,55,0,0,0.7,5597,7813,15290,16864,a,,,,,,,,3.0,3,6,160,2,0,0,2,0,0,12,5,1,6,0.13,0.13,0.26,0.53,3.0,3.0
2026-09-02T00:25:52+00:00,2026-09-01,daily,3,2026-09-04T17:30:00Z,8,Calafiori,ARS,DEF,56,0,1,43.2,277592,67516,587697,109149,a,,,,,,,,10.0,11,20,170,2,0,2,2,0,0,8,6,2,5,0.15,0.55,0.70,0.39,10.0,10.0
2026-09-02T00:25:52+00:00,2026-09-01,daily,3,2026-09-04T17:30:00Z,9,Hincapie,ARS,DEF,54,0,-1,1.3,3514,21966,7424,63012,a,,,,,,,,0.5,0,1,9,0,0,0,0,0,0,0,0,0,0,0.00,0.00,0.00,0.15,0.5,0.5
2026-09-02T00:25:52+00:00,2026-09-01,daily,3,2026-09-04T17:30:00Z,10,White,ARS,DEF,55,0,0,7.2,93244,62019,238185,87074,a,,2026-07-23T12:01:23.305229Z,100,100,,,,9.0,7,18,180,2,0,1,2,0,0,9,7,2,5,0.18,0.26,0.44,0.53,9.0,9.0
2026-09-02T00:25:52+00:00,2026-09-01,daily,3,2026-09-04T17:30:00Z,11,Mosquera,ARS,DEF,55,0,0,5.1,9466,52003,24876,97952,a,,,,,,,,6.0,6,12,168,2,0,0,2,0,0,10,10,0,3,0.00,0.01,0.01,0.53,6.0,6.0
2026-09-02T00:25:52+00:00,2026-09-01,daily,3,2026-09-04T17:30:00Z,12,Saka,ARS,MID,95,0,0,10.5,67216,54937,156129,90167,a,,,,,1,2,2,10.0,11,20,157,2,2,0,2,0,0,18,5,3,10,1.27,0.12,1.39,0.39,10.0,10.0
2026-09-02T00:25:52+00:00,2026-09-01,daily,3,2026-09-04T17:30:00Z,13,Rice,ARS,MID,75,0,0,15.2,14220,145656,49707,303378,a,,,,,,1,1,4.0,5,8,151,2,0,0,2,0,0,18,5,3,10,0.07,0.18,0.25,0.39,4.0,4.0
2026-09-02T00:25:52+00:00,2026-09-01,daily,3,2026-09-04T17:30:00Z,14,Eze,ARS,MID,64,-1,-1,1.5,5255,24717,10971,69209,a,,,,,,3,,1.0,1,2,59,0,0,0,0,0,0,5,0,0,5,0.04,0.07,0.11,0.39,1.0,1.0
2026-09-02T00:25:52+00:00,2026-09-01,daily,3,2026-09-04T17:30:00Z,15,Ødegaard,ARS,MID,66,0,1,11.5,77725,91949,367284,128809,a,,,,,3,4,4,7.0,3,14,145,2,1,0,2,0,0,13,3,5,5,0.29,0.17,0.46,0.39,7.0,7.0
2026-09-02T00:25:52+00:00,2026-09-01,daily,3,2026-09-04T17:30:00Z,16,Madueke,ARS,MID,64,0,-1,0.3,876,4692,2288,12923,a,,,,,,,6,0.5,0,1,22,0,0,0,0,0,0,2,0,0,2,0.00,0.04,0.04,0.15,0.5,0.5
2026-09-02T00:25:52+00:00,2026-09-01,daily,3,2026-09-04T17:30:00Z,17,Merino,ARS,MID,59,-1,-1,0.5,2229,9488,4651,24745,a,,,,,,,,1.0,1,2,33,0,0,0,0,0,0,6,0,0,6,0.14,0.02,0.16,0.15,1.0,1.0
2026-09-02T00:25:52+00:00,2026-09-01,daily,3,2026-09-04T17:30:00Z,18,Martinelli,ARS,MID,63,-1,-2,0.2,840,3855,2158,10891,a,,,,,,,,0.0,0,0,0,0,0,0,0,0,0,0,0,0,0,0.00,0.00,0.00,0.00,0.0,0.0
2026-09-02T00:25:52+00:00,2026-09-01,daily,3,2026-09-04T17:30:00Z,19,Zubimendi,ARS,MID,54,-1,-1,0.9,2763,12102,4342,32694,a,,,,,,,,1.0,1,2,27,0,0,0,0,0,0,5,0,3,2,0.00,0.02,0.02,0.15,1.0,1.0
2026-09-02T00:25:52+00:00,2026-09-01,daily,3,2026-09-04T17:30:00Z,20,Dowman,ARS,MID,54,0,-1,0.1,462,1316,935,3646,a,,,,,,,,0.0,0,0,0,0,0,0,0,0,0,0,0,0,0,0.00,0.00,0.00,0.00,0.0,0.0
2026-09-02T00:25:52+00:00,2026-09-01,daily,3,2026-09-04T17:30:00Z,22,Nwaneri,ARS,MID,54,-1,-1,0.0,147,235,223,559,a,,,,,,,,0.0,0,0,0,0,0,0,0,0,0,0,0,0,0,0.00,0.00,0.00,0.00,0.0,0.0
2026-09-02T00:25:52+00:00,2026-09-01,daily,3,2026-09-04T17:30:00Z,23,Fábio Vieira,ARS,MID,55,0,0,0.0,159,158,239,373,a,,,,,,,,0.0,0,0,0,0,0,0,0,0,0,0,0,0,0,0.00,0.00,0.00,0.00,0.0,0.0
2026-09-02T00:25:52+00:00,2026-09-01,daily,3,2026-09-04T17:30:00Z,24,Nelson,ARS,MID,55,0,0,0.0,4,224,68,396,u,has departed the club as a free agent.,2026-08-29T00:33:08.556767Z,,0,,,,0.0,0,0,0,0,0,0,0,0,0,0,0,0,0,0.00,0.00,0.00,0.00,0.0,0.0
2026-09-02T00:25:52+00:00,2026-09-01,daily,3,2026-09-04T17:30:00Z,25,Gyökeres,ARS,FWD,73,-1,-2,5.4,5429,113846,14205,351975,a,,,,,2,,,0.0,0,0,0,0,0,0,0,0,0,0,0,0,0,0.00,0.00,0.00,0.00,0.0,0.0
2026-09-02T00:25:52+00:00,2026-09-01,daily,3,2026-09-04T17:30:00Z,26,Havertz,ARS,FWD,75,0,0,7.1,45951,75952,233559,114777,a,,,,,,,,4.0,2,8,180,2,1,0,2,0,0,7,2,0,5,0.28,0.06,0.34,0.53,4.0,4.0
2026-09-02T00:25:52+00:00,2026-09-01,daily,3,2026-09-04T17:30:00Z,27,G.Jesus,ARS,FWD,59,-1,-1,0.3,2113,6005,4027,13183,a,,,,,,,,0.0,0,0,0,0,0,0,0,0,0,0,0,0,0,0.00,0.00,0.00,0.00,0.0,0.0
2026-09-02T00:25:52+00:00,2026-09-01,daily,3,2026-09-04T17:30:00Z,31,Konsa,ARS,DEF,44,-1,-1,10.5,126896,121002,176717,350589,a,,,,,,,,0.5,1,1,11,0,0,0,0,0,0,1,1,0,0,0.00,0.00,0.00,0.00,0.5,0.5
2026-09-02T00:25:52+00:00,2026-09-01,daily,3,2026-09-04T17:30:00Z,452,Bruno G.,ARS,MID,69,0,-1,2.2,2815,41859,3665,168414,a,,2026-08-20T17:00:08.846118Z,75,100,4,,5,0.5,1,1,19,0,0,0,0,0,0,3,0,0,3,0.00,0.01,0.01,0.00,0.4,0.5
2026-09-02T00:25:52+00:00,2026-09-01,daily,3,2026-09-04T17:30:00Z,557,Tzolis,ARS,MID,65,0,0,22.8,75219,305616,311906,361316,a,,,,,,,3,3.0,0,6,120,2,0,1,1,0,0,9,3,1,5,0.19,0.15,0.34,0.16,3.0,3.0
2026-09-02T00:25:52+00:00,2026-09-01,daily,3,2026-09-04T17:30:00Z,29,M.Bizot,AVL,GKP,45,0,0,0.1,1611,1500,2456,2381,a,,,,,,,,0.5,0,1,90,1,0,0,0,4,3,0,2,0,6,0.00,0.00,0.00,3.77,0.5,0.5
2026-09-02T00:25:52+00:00,2026-09-01,daily,3,2026-09-04T17:30:00Z,30,Digne,AVL,DEF,45,0,0,0.1,0,1524,0,6501,u,Has joined Paris Saint-Germain permanently,2026-08-10T14:03:30.089007Z,0,0,,,,0.0,0,0,0,0,0,0,0,0,0,0,0,0,0,0.00,0.00,0.00,0.00,0.0,0.0
2026-09-02T00:25:52+00:00,2026-09-01,daily,3,2026-09-04T17:30:00Z,32,Cash,AVL,DEF,45,0,0,7.2,21017,46578,47995,152905,a,,,,,,,1,0.5,2,1,167,2,0,0,0,5,0,13,7,6,1,0.15,0.01,0.16,4.81,0.5,0.5
2026-09-02T00:25:52+00:00,2026-09-01,daily,3,2026-09-04T17:30:00Z,33,Mings,AVL,DEF,45,0,0,0.4,1859,3047,5112,6554,a,,,,,,,,0.5,0,1,16,0,0,0,0,0,0,1,0,1,0,0.00,0.00,0.00,0.22,0.5,0.5
2026-09-02T00:25:52+00:00,2026-09-01,daily,3,2026-09-04T17:30:00Z,34,Pau,AVL,DEF,45,0,0,0.4,2405,2502,4236,7562,a,,,,,,,,1.0,2,2,163,2,0,0,0,5,0,9,8,1,9,0.00,0.01,0.01,4.59,1.0,1.0
2026-09-02T00:25:52+00:00,2026-09-01,daily,3,2026-09-04T17:30:00Z,35,Bogarde,AVL,MID,50,0,0,0.1,633,830,1269,1815,a,,,,,,,,0.5,0,1,16,0,0,0,0,0,0,1,1,0,0,0.00,0.00,0.00,0.22,0.5,0.5
2026-09-02T00:25:52+00:00,2026-09-01,daily,3,2026-09-04T17:30:00Z,36,Maatsen,AVL,DEF,45,0,0,0.7,5069,4850,7615,13708,a,,,,,,,,0.5,1,1,171,2,0,0,0,5,0,17,12,5,4,0.10,0.00,0.10,4.66,0.5,0.5
2026-09-02T00:25:52+00:00,2026-09-01,daily,3,2026-09-04T17:30:00Z,37,Lindelöf,AVL,DEF,45,0,0,0.3,1828,1768,3603,5779,a,,,,,,,,0.0,2,0,180,2,0,0,0,5,0,10,9,1,2,0.00,0.08,0.08,4.81,0.0,0.0
2026-09-02T00:25:52+00:00,2026-09-01,daily,3,2026-09-04T17:30:00Z,38,A.García,AVL,DEF,40,0,0,1.7,9931,10522,17270,24445,a,,,,,,,,0.0,0,0,0,0,0,0,0,0,0,0,0,0,0,0.00,0.00,0.00,0.00,0.0,0.0
2026-09-02T00:25:52+00:00,2026-09-01,daily,3,2026-09-04T17:30:00Z,39,Nedeljkovic,AVL,DEF,40,0,0,0.2,0,2676,0,9914,u,Has joined Rangers on loan for the rest of the season,2026-08-19T13:56:46.385411Z,0,0,,,,0.0,0,0,0,0,0,0,0,0,0,0,0,0,0,0.00,0.00,0.00,0.00,0.0,0.0
2026-09-02T00:25:52+00:00,2026-09-01,daily,3,2026-09-04T17:30:00Z,41,Buendía,AVL,MID,60,0,0,1.1,8122,13611,13142,35497,a,,,,,1,1,3,2.0,2,4,175,2,0,0,0,5,0,12,3,2,7,0.17,0.11,0.28,4.66,2.0,2.0
2026-09-02T00:25:52+00:00,2026-09-01,daily,3,2026-09-04T17:30:00Z,44,Bailey,AVL,MID,55,0,0,0.1,794,2042,1796,4699,a,,,,,,,,0.0,0,0,0,0,0,0,0,0,0,0,0,0,0,0.00,0.00,0.00,0.00,0.0,0.0
2026-09-02T00:25:52+00:00,2026-09-01,daily,3,2026-09-04T17:30:00Z,45,McGinn,AVL,MID,55,0,0,2.6,8764,26148,16370,70801,a,,,,,,,2,1.0,1,2,171,2,0,0,0,5,0,10,3,2,5,0.09,0.06,0.15,4.66,1.0,1.0
2026-09-02T00:25:52+00:00,2026-09-01,daily,3,2026-09-04T17:30:00Z,46,Barkley,AVL,MID,50,0,0,0.2,2973,2337,4848,5053,a,,,,,,,4,2.0,2,4,150,2,0,0,0,5,0,11,2,3,6,0.13,0.04,0.17,4.59,2.0,2.0
2026-09-02T00:25:52+00:00,2026-09-01,daily,3,2026-09-04T17:30:00Z,47,Kamara,AVL,MID,50,0,0,0.3,3115,3612,5604,8351,a,,2026-07-23T12:01:23.337269Z,100,100,,,,2.0,2,4,180,2,0,0,0,5,0,15,6,3,6,0.00,0.03,0.03,4.81,2.0,2.0
2026-09-02T00:25:52+00:00,2026-09-01,daily,3,2026-09-04T17:30:00Z,48,Onana,AVL,MID,50,0,0,0.0,107,404,264,933,i,Knee injury - Unknown return date,2026-07-23T12:01:23.352497Z,0,0,,,,0.0,0,0,0,0,0,0,0,0,0,0,0,0,0,0.00,0.00,0.00,0.00,0.0,0.0
2026-09-02T00:25:52+00:00,2026-09-01,daily,3,2026-09-04T17:30:00Z,49,Iling Jr,AVL,MID,50,0,0,0.0,0,51,0,171,u,Has joined Bolton Wanderers on loan for the rest of the season,2026-08-17T13:52:28.532616Z,0,0,,,,0.0,0,0,0,0,0,0,0,0,0,0,0,0,0,0.00,0.00,0.00,0.00,0.0,0.0
2026-09-02T00:25:52+00:00,2026-09-01,daily,3,2026-09-04T17:30:00Z,50,Burrowes,AVL,MID,45,0,0,0.7,5633,5825,9146,12593,a,,,,,,,,0.0,0,0,0,0,0,0,0,0,0,0,0,0,0,0.00,0.00,0.00,0.00,0.0,0.0
2026-09-02T00:25:52+00:00,2026-09-01,daily,3,2026-09-04T17:30:00Z,51,George Hemmings,AVL,MID,45,0,0,0.9,18771,7536,27514,13020,a,,,,,,,,2.0,2,4,160,2,0,0,0,5,0,11,0,5,6,0.00,0.01,0.01,4.78,2.0,2.0
2026-09-02T00:25:52+00:00,2026-09-01,daily,3,2026-09-04T17:30:00Z,52,Alysson,AVL,MID,50,0,0,0.0,491,559,834,1155,a,,,,,,,,0.5,0,1,27,0,0,0,0,0,0,5,1,2,2,0.00,0.00,0.00,0.16,0.5,0.5
2026-09-02T00:25:52+00:00,2026-09-01,daily,3,2026-09-04T17:30:00Z,53,Manzambi,AVL,MID,59,-1,-1,0.2,233,3626,465,12416,i,Knee injury - Unknown return date,2026-08-15T15:30:06.388335Z,0,0,,,,0.0,0,0,0,0,0,0,0,0,0,0,0,0,0,0.00,0.00,0.00,0.00,0.0,0.0
2026-09-02T00:25:52+00:00,2026-09-01,daily,3,2026-09-04T17:30:00Z,54,Gomes,AVL,MID,55,0,0,0.0,54,792,208,2675,s,Suspended until 19 Sep,2026-08-23T17:30:08.367415Z,0,0,,,,-1.0,0,-2,39,1,0,0,0,4,0,7,1,4,2,0.00,0.01,0.01,2.58,0.0,0.0
2026-09-02T00:25:52+00:00,2026-09-01,daily,3,2026-09-04T17:30:00Z,55,Watkins,AVL,FWD,78,-1,-2,5.6,4250,172573,14882,449033,u,Has joined Al Hilal permanently,2026-09-01T13:15:16.698799Z,,0,2,,,0.0,0,0,0,0,0,0,0,0,0,0,0,0,0,0.00,0.00,0.00,0.00,0.0,0.0
2026-09-02T00:25:52+00:00,2026-09-01,daily,3,2026-09-04T17:30:00Z,56,Abraham,AVL,FWD,55,0,0,0.1,1874,1708,2471,4391,a,,2026-08-15T16:00:07.558543Z,50,100,,,,0.5,1,1,19,0,0,0,0,0,0,0,0,0,0,0.00,0.00,0.00,0.02,0.2,0.5
2026-09-02T00:25:52+00:00,2026-09-01,daily,3,2026-09-04T17:30:00Z,160,Garnacho,AVL,MID,59,-1,-1,0.5,1618,7464,3639,18039,a,,,,,,,,1.0,1,2,16,0,0,0,0,0,0,2,0,0,2,0.00,0.00,0.00,0.14,1.0,1.0
2026-09-02T00:25:52+00:00,2026-09-01,daily,3,2026-09-04T17:30:00Z,166,N.Jackson,AVL,FWD,65,0,0,0.7,12859,3079,45187,16471,a,,,,,,,,1.0,2,2,70,1,0,0,0,1,0,3,0,0,3,0.00,0.10,0.10,1.01,1.0,1.0
2026-09-02T00:25:52+00:00,2026-09-01,daily,3,2026-09-04T17:30:00Z,582,Madjo,AVL,FWD,55,0,0,0.3,644,5879,1810,14802,i,Unspecified injury - Unknown return date,2026-08-15T16:00:07.974271Z,0,0,,,,0.0,0,0,0,0,0,0,0,0,0,0,0,0,0,0.00,0.00,0.00,0.00,0.0,0.0
2026-09-02T00:25:52+00:00,2026-09-01,daily,3,2026-09-04T17:30:00Z,596,Ruggeri,AVL,DEF,45,0,0,0.1,541,959,1397,2058,a,,,,,,,,0.5,0,1,8,0,0,0,0,0,0,2,0,2,0,0.00,0.00,0.00,0.14,0.5,0.5
2026-09-02T00:25:52+00:00,2026-09-01,daily,3,2026-09-04T17:30:00Z,597,Suzuki,AVL,GKP,50,0,0,1.0,15234,5915,19463,12686,a,,,,,,,,1.0,2,2,90,1,0,0,0,1,1,0,2,0,9,0.00,0.00,0.00,1.04,1.0,1.0
2026-09-02T00:25:52+00:00,2026-09-01,daily,3,2026-09-04T17:30:00Z,606,Rowe,AVL,DEF,40,0,0,0.1,4460,1075,6020,1321,a,,,,,,,,0.0,0,0,0,0,0,0,0,0,0,0,0,0,0,0.00,0.00,0.00,0.00,0.0,0.0
2026-09-02T00:25:52+00:00,2026-09-01,daily,3,2026-09-04T17:30:00Z,607,Lynch,AVL,MID,45,0,0,0.1,2659,1495,6262,2327,a,,,,,,,,0.0,0,0,0,0,0,0,0,0,0,0,0,0,0,0.00,0.00,0.00,0.00,0.0,0.0
2026-09-02T00:25:52+00:00,2026-09-01,daily,3,2026-09-04T17:30:00Z,611,Wan-Bissaka,AVL,DEF,45,0,0,0.1,4262,999,5811,1165,a,,,,,,,,1.0,1,1,12,0,0,0,0,0,0,2,0,2,0,0.00,0.00,0.00,0.00,1.7,1.7
2026-09-02T00:25:52+00:00,2026-09-01,daily,3,2026-09-04T17:30:00Z,618,Goretzka,AVL,MID,60,0,0,0.0,2290,508,2502,515,a,,,,,,,,0.0,0,0,0,0,0,0,0,0,0,0,0,0,0,0.00,0.00,0.00,0.00,2.2,2.2
2026-09-02T00:25:52+00:00,2026-09-01,daily,3,2026-09-04T17:30:00Z,57,Petrović,BOU,GKP,45,0,0,3.4,27255,19450,52633,33503,a,,,,,,,,2.5,3,5,180,2,0,0,0,3,9,0,5,0,13,0.00,0.00,0.00,4.09,2.5,2.5
2026-09-02T00:25:52+00:00,2026-09-01,daily,3,2026-09-04T17:30:00Z,58,Forster,BOU,GKP,40,0,0,3.3,20923,11928,30485,22581,a,,,,,,,,0.0,0,0,0,0,0,0,0,0,0,0,0,0,0,0.00,0.00,0.00,0.00,0.0,0.0
2026-09-02T00:25:52+00:00,2026-09-01,daily,3,2026-09-04T17:30:00Z,59,Dennis,BOU,GKP,40,0,0,0.2,0,1934,1133,3451,u,Has joined MK Dons permanently,2026-08-27T14:53:48.692835Z,0,0,,,,0.0,0,0,0,0,0,0,0,0,0,0,0,0,0,0.00,0.00,0.00,0.00,0.0,0.0
2026-09-02T00:25:52+00:00,2026-09-01,daily,3,2026-09-04T17:30:00Z,60,Hill,BOU,DEF,55,0,0,0.9,4338,6527,13491,13268,a,,,,,,,,2.5,4,5,180,2,0,0,0,3,0,18,14,4,4,0.00,0.74,0.74,4.09,2.5,2.5
2026-09-02T00:25:52+00:00,2026-09-01,daily,3,2026-09-04T17:30:00Z,61,Truffert,BOU,DEF,55,0,0,3.9,7814,23563,28415,49384,a,,,,,,,,2.5,4,5,180,2,0,0,0,3,0,16,12,4,13,0.00,0.07,0.07,4.09,2.5,2.5
2026-09-02T00:25:52+00:00,2026-09-01,daily,3,2026-09-04T17:30:00Z,62,Diakité,BOU,DEF,50,0,0,0.2,1276,2718,3998,5039,a,,,,,,,,0.0,0,0,0,0,0,0,0,0,0,0,0,0,0,0.00,0.00,0.00,0.00,0.0,0.0
2026-09-02T00:25:52+00:00,2026-09-01,daily,3,2026-09-04T17:30:00Z,63,Milosavljević,BOU,DEF,50,0,0,0.0,52,160,126,456,i,Unspecified injury - Unknown return date,2026-08-06T10:00:10.456051Z,0,0,,,,0.0,0,0,0,0,0,0,0,0,0,0,0,0,0,0.00,0.00,0.00,0.00,0.0,0.0
2026-09-02T00:25:52+00:00,2026-09-01,daily,3,2026-09-04T17:30:00Z,64,Smith,BOU,DEF,45,0,0,0.1,1048,1213,3893,2231,a,,,,,,,,1.0,1,2,180,2,0,0,0,3,0,11,8,3,3,0.00,0.02,0.02,4.09,1.0,1.0
2026-09-02T00:25:52+00:00,2026-09-01,daily,3,2026-09-04T17:30:00Z,65,J.Araujo,BOU,DEF,45,0,0,0.0,58,270,146,776,i,Thigh injury - Unknown return date,2026-08-09T08:00:05.645826Z,0,0,,,,0.0,0,0,0,0,0,0,0,0,0,0,0,0,0,0.00,0.00,0.00,0.00,0.0,0.0
2026-09-02T00:25:52+00:00,2026-09-01,daily,3,2026-09-04T17:30:00Z,66,Soler,BOU,DEF,40,0,0,0.2,3571,1491,3987,3918,a,,2026-08-15T16:30:07.021055Z,75,100,,,,0.0,0,0,0,0,0,0,0,0,0,0,0,0,0,0.00,0.00,0.00,0.00,0.0,0.0
2026-09-02T00:25:52+00:00,2026-09-01,daily,3,2026-09-04T17:30:00Z,67,Rayan,BOU,MID,65,0,0,2.4,7105,36683,30785,58862,a,,,,,,,,2.0,2,4,178,2,0,0,0,2,0,6,2,1,3,0.44,0.05,0.49,3.90,2.0,2.0
2026-09-02T00:25:52+00:00,2026-09-01,daily,3,2026-09-04T17:30:00Z,68,Tavernier,BOU,MID,60,0,0,2.4,17444,28916,104651,41347,a,,,,,3,1,1,5.5,1,11,180,2,1,0,0,3,0,19,3,6,10,0.49,0.29,0.78,4.09,5.5,5.5
2026-09-02T00:25:52+00:00,2026-09-01,daily,3,2026-09-04T17:30:00Z,69,Scott,BOU,MID,60,0,0,1.8,35108,10432,43628,23318,a,,,,,,4,2,7.0,12,14,176,2,1,0,1,2,0,26,4,7,15,0.26,0.28,0.54,3.96,7.0,7.0
2026-09-02T00:25:52+00:00,2026-09-01,daily,3,2026-09-04T17:30:00Z,70,Kluivert,BOU,MID,60,0,0,1.1,6187,13974,22508,23564,a,,,,,2,2,3,3.0,3,6,154,2,0,0,2,0,0,14,1,3,10,0.72,0.05,0.77,3.61,3.0,3.0
2026-09-02T00:25:52+00:00,2026-09-01,daily,3,2026-09-04T17:30:00Z,71,Cook,BOU,MID,50,0,0,0.2,4288,2358,7547,4065,a,,,,,,,5,3.0,3,6,143,2,0,0,2,0,0,9,3,1,5,0.00,0.01,0.01,3.61,3.0,3.0
2026-09-02T00:25:52+00:00,2026-09-01,daily,3,2026-09-04T17:30:00Z,72,Gannon-Doak,BOU,MID,50,0,0,0.1,256,1000,621,1833,a,,,,,,,,0.5,0,1,1,0,0,0,0,1,0,1,0,0,1,0.00,0.00,0.00,0.19,0.5,0.5
2026-09-02T00:25:52+00:00,2026-09-01,daily,3,2026-09-04T17:30:00Z,73,Adams,BOU,MID,50,0,0,0.2,3736,3152,6768,6007,a,,2026-08-15T16:30:07.029928Z,100,100,,,,1.0,1,2,36,0,0,0,0,3,0,6,3,0,3,0.00,0.00,0.00,0.47,1.0,1.0
2026-09-02T00:25:52+00:00,2026-09-01,daily,3,2026-09-04T17:30:00Z,74,Brooks,BOU,MID,50,0,0,0.1,783,601,1385,1296,a,,2026-08-15T16:30:07.037929Z,100,100,,3,4,0.5,1,1,9,0,0,0,0,1,0,0,0,0,0,0.00,0.01,0.01,0.16,0.5,0.5
2026-09-02T00:25:52+00:00,2026-09-01,daily,3,2026-09-04T17:30:00Z,75,Christie,BOU,MID,50,0,0,0.0,674,327,1234,523,a,,2026-07-24T17:30:10.035483Z,100,100,,,6,0.5,1,1,3,0,0,0,0,1,0,2,0,1,1,0.00,0.00,0.00,0.13,0.5,0.5
2026-09-02T00:25:52+00:00,2026-09-01,daily,3,2026-09-04T17:30:00Z,76,Tóth.A,BOU,MID,50,0,0,0.0,77,149,177,295,a,,,,,,,,0.5,0,1,15,0,0,0,0,2,0,2,0,1,1,0.00,0.00,0.00,0.31,0.5,0.5
2026-09-02T00:25:52+00:00,2026-09-01,daily,3,2026-09-04T17:30:00Z,77,Adli,BOU,MID,49,-1,-1,0.0,98,452,152,1428,i,Unspecified injury - Unknown return date,2026-08-15T16:00:07.590566Z,0,0,,,,0.0,0,0,0,0,0,0,0,0,0,0,0,0,0,0.00,0.00,0.00,0.00,0.0,0.0
2026-09-02T00:25:52+00:00,2026-09-01,daily,3,2026-09-04T17:30:00Z,78,Kroupi.Jr,BOU,MID,74,-1,-1,0.3,187,5737,649,19145,i,Foot injury - Unknown return date,2026-07-29T17:30:09.796802Z,0,0,1,,,0.0,0,0,0,0,0,0,0,0,0,0,0,0,0,0.00,0.00,0.00,0.00,0.0,0.0
2026-09-02T00:25:52+00:00,2026-09-01,daily,3,2026-09-04T17:30:00Z,79,Evanilson,BOU,FWD,60,0,0,3.2,45718,24702,118343,43728,a,,,,,,,,4.5,5,9,154,2,0,2,2,0,0,11,5,1,5,0.58,0.25,0.83,3.61,4.5,4.5
2026-09-02T00:25:52+00:00,2026-09-01,daily,3,2026-09-04T17:30:00Z,80,Enes Ünal,BOU,FWD,55,0,0,0.0,0,367,0,1437,u,Has joined Getafe permanently,2026-08-14T14:14:21.881112Z,0,0,,,,0.0,0,0,0,0,0,0,0,0,0,0,0,0,0,0.00,0.00,0.00,0.00,0.0,0.0
2026-09-02T00:25:52+00:00,2026-09-01,daily,3,2026-09-04T17:30:00Z,81,Rodríguez,BOU,FWD,60,0,0,0.1,896,1229,1896,2411,a,,2026-08-15T16:30:07.054142Z,100,100,,,,0.5,1,1,9,0,0,0,0,1,0,1,0,0,1,0.00,0.00,0.00,0.16,0.5,0.5
2026-09-02T00:25:52+00:00,2026-09-01,daily,3,2026-09-04T17:30:00Z,566,Silva,BOU,DEF,50,0,0,0.4,6378,3195,13743,5385,a,,,,,,,,3.0,4,6,180,2,0,0,0,3,0,23,21,2,5,0.25,0.03,0.28,4.09,3.0,3.0
2026-09-02T00:25:52+00:00,2026-09-01,daily,3,2026-09-04T17:30:00Z,573,Sanchez,BOU,DEF,45,0,0,0.2,243,1448,695,2913,a,,,,,,,,0.0,0,0,0,0,0,0,0,0,0,0,0,0,0,0.00,0.00,0.00,0.00,0.0,0.0
2026-09-02T00:25:52+00:00,2026-09-01,daily,3,2026-09-04T17:30:00Z,608,Jebbison,BOU,FWD,50,0,0,0.1,2911,1250,5388,1671,a,,,,,,,,0.5,0,1,15,0,0,0,0,2,0,1,0,0,1,0.10,0.00,0.10,0.31,0.5,0.5
2026-09-02T00:25:52+00:00,2026-09-01,daily,3,2026-09-04T17:30:00Z,615,Di Gregorio,BOU,GKP,45,0,0,0.0,945,291,1186,318,a,,,,,,,,0.0,0,0,0,0,0,0,0,0,0,0,0,0,0,0.00,0.00,0.00,0.00,2.0,2.0
2026-09-02T00:25:52+00:00,2026-09-01,daily,3,2026-09-04T17:30:00Z,82,Kelleher,BRE,GKP,50,0,0,7.0,59820,32472,134254,52396,a,,,,,,,,4.5,2,9,180,2,0,0,1,1,5,0,2,0,9,0.00,0.01,0.01,2.03,4.5,4.5
2026-09-02T00:25:52+00:00,2026-09-01,daily,3,2026-09-04T17:30:00Z,83,Valdimarsson,BRE,GKP,45,0,0,0.1,553,838,1195,1728,a,,,,,,,,0.0,0,0,0,0,0,0,0,0,0,0,0,0,0,0.00,0.00,0.00,0.00,0.0,0.0
2026-09-02T00:25:52+00:00,2026-09-01,daily,3,2026-09-04T17:30:00Z,84,Collins,BRE,DEF,55,0,0,2.2,15357,11822,40446,21195,a,,,,,,,,4.5,3,9,180,2,0,0,1,1,0,16,14,2,11,0.51,0.05,0.56,2.03,4.5,4.5
2026-09-02T00:25:52+00:00,2026-09-01,daily,3,2026-09-04T17:30:00Z,85,Van den Berg,BRE,DEF,49,-1,-1,0.1,88,1767,233,5890,i,Groin injury - Unknown return date,2026-08-15T15:30:06.416627Z,0,0,,,,0.0,0,0,0,0,0,0,0,0,0,0,0,0,0,0.00,0.00,0.00,0.00,0.0,0.0
2026-09-02T00:25:52+00:00,2026-09-01,daily,3,2026-09-04T17:30:00Z,86,Lewis-Potter,BRE,MID,55,0,0,1.8,54487,13957,107029,20673,a,,,,,,1,,8.0,6,16,177,2,1,1,1,1,0,21,7,3,11,0.79,0.25,1.04,2.03,8.0,8.0
2026-09-02T00:25:52+00:00,2026-09-01,daily,3,2026-09-04T17:30:00Z,87,Ajer,BRE,DEF,45,0,0,4.7,73509,29942,143487,43844,a,,,,,,,,5.5,3,11,180,2,0,0,1,1,0,27,25,2,5,0.11,0.03,0.14,2.03,5.5,5.5
2026-09-02T00:25:52+00:00,2026-09-01,daily,3,2026-09-04T17:30:00Z,88,Kayode,BRE,DEF,46,0,1,9.1,114921,46316,425724,67476,a,,,,,,,,7.5,2,15,162,2,1,0,1,1,0,8,7,1,9,0.52,0.21,0.73,1.93,7.5,7.5
2026-09-02T00:25:52+00:00,2026-09-01,daily,3,2026-09-04T17:30:00Z,89,Henry,BRE,DEF,45,0,0,0.2,358,1271,902,3417,a,,,,,,,,0.5,1,1,2,0,0,0,0,0,0,0,0,0,0,0.00,0.00,0.00,0.00,0.5,0.5
2026-09-02T00:25:52+00:00,2026-09-01,daily,3,2026-09-04T17:30:00Z,90,Hickey,BRE,DEF,45,0,0,0.1,441,550,1064,1090,a,,,,,,,,1.0,1,2,16,0,0,0,0,0,0,1,0,1,2,0.00,0.02,0.02,0.10,1.0,1.0
2026-09-02T00:25:52+00:00,2026-09-01,daily,3,2026-09-04T17:30:00Z,92,Ji-soo,BRE,DEF,45,0,0,0.0,94,180,206,378,a,,,,,,,,0.0,0,0,0,0,0,0,0,0,0,0,0,0,0,0.00,0.00,0.00,0.00,0.0,0.0
2026-09-02T00:25:52+00:00,2026-09-01,daily,3,2026-09-04T17:30:00Z,93,Schuster,BRE,DEF,45,0,0,0.2,103,845,245,2051,a,,,,,,,,0.0,0,0,0,0,0,0,0,0,0,0,0,0,0,0.00,0.00,0.00,0.00,0.0,0.0
2026-09-02T00:25:52+00:00,2026-09-01,daily,3,2026-09-04T17:30:00Z,94,Schade,BRE,MID,60,0,0,3.9,58299,25295,83297,51084,a,,,,,2,,,6.5,10,13,177,2,1,0,1,1,0,18,4,5,9,0.77,0.03,0.80,2.03,6.5,6.5
2026-09-02T00:25:52+00:00,2026-09-01,daily,3,2026-09-04T17:30:00Z,95,O.Dango,BRE,MID,65,0,0,0.9,2522,16326,9870,27278,a,,,,,,,2,2.0,1,4,95,1,0,0,1,1,0,13,5,1,7,0.07,0.37,0.44,1.83,2.0,2.0
2026-09-02T00:25:52+00:00,2026-09-01,daily,3,2026-09-04T17:30:00Z,96,Damsgaard,BRE,MID,55,0,0,0.5,2050,4426,4368,11970,a,,,,,,3,3,2.0,3,4,82,1,0,0,1,0,0,13,2,3,8,0.03,0.24,0.27,0.23,2.0,2.0
2026-09-02T00:25:52+00:00,2026-09-01,daily,3,2026-09-04T17:30:00Z,97,Jensen,BRE,MID,55,0,0,0.2,533,3897,4391,5234,d,Unspecified injury - 75% chance of playing,2026-08-30T12:30:08.176795Z,,75,3,2,1,3.0,0,6,66,1,0,1,1,0,0,5,0,2,3,0.08,0.34,0.42,0.47,3.0,2.2
2026-09-02T00:25:52+00:00,2026-09-01,daily,3,2026-09-04T17:30:00Z,98,Janelt,BRE,MID,50,0,0,0.6,19143,8243,52902,12528,a,,,,,,,4,5.0,1,10,180,2,1,0,1,1,0,23,11,7,5,0.39,0.31,0.70,2.03,5.0,5.0
2026-09-02T00:25:52+00:00,2026-09-01,daily,3,2026-09-04T17:30:00Z,99,Milambo,BRE,MID,50,0,0,0.0,20,21,48,66,i,Knee injury - Unknown return date,2026-07-23T12:01:23.384798Z,0,0,,,,0.0,0,0,0,0,0,0,0,0,0,0,0,0,0,0.00,0.00,0.00,0.00,0.0,0.0
2026-09-02T00:25:52+00:00,2026-09-01,daily,3,2026-09-04T17:30:00Z,100,Carvalho,BRE,MID,50,0,0,0.0,336,232,491,478,a,,2026-08-18T13:58:17.442072Z,100,100,,,,0.0,0,0,0,0,0,0,0,0,0,0,0,0,0,0.00,0.00,0.00,0.00,0.0,0.0
2026-09-02T00:25:52+00:00,2026-09-01,daily,3,2026-09-04T17:30:00Z,102,Yarmoliuk,BRE,MID,50,0,0,1.0,550,11054,1295,24233,a,,,,,,,,1.0,1,2,44,0,0,0,0,1,0,6,1,2,3,0.04,0.01,0.05,1.42,1.0,1.0
2026-09-02T00:25:52+00:00,2026-09-01,daily,3,2026-09-04T17:30:00Z,103,Dasilva,BRE,MID,50,0,0,0.0,119,320,283,673,a,,,,,,,,0.0,0,0,0,0,0,0,0,0,0,0,0,0,0,0.00,0.00,0.00,0.00,0.0,0.0
2026-09-02T00:25:52+00:00,2026-09-01,daily,3,2026-09-04T17:30:00Z,105,Anthony,BRE,MID,60,0,0,0.2,1026,2111,2984,4502,a,,,,,,,,1.5,2,3,83,1,0,0,1,0,0,9,0,2,7,0.14,0.41,0.55,0.19,1.5,1.5
2026-09-02T00:25:52+00:00,2026-09-01,daily,3,2026-09-04T17:30:00Z,106,Thiago,BRE,FWD,80,0,0,14.6,34690,191655,126462,332822,a,,,,,1,,,1.0,2,2,172,2,0,0,1,1,0,9,1,1,7,1.80,0.09,1.89,1.96,1.0,1.0
2026-09-02T00:25:52+00:00,2026-09-01,daily,3,2026-09-04T17:30:00Z,107,Furo,BRE,FWD,45,0,0,1.0,16325,8272,24516,16715,a,,,,,,,,0.0,0,0,0,0,0,0,0,0,0,0,0,0,0,0.00,0.00,0.00,0.00,0.0,0.0
2026-09-02T00:25:52+00:00,2026-09-01,daily,3,2026-09-04T17:30:00Z,108,Wilson,BRE,FWD,55,0,0,0.4,3423,4562,7774,9370,a,,,,,,,,1.0,1,2,9,0,0,0,0,0,0,1,0,0,1,0.07,0.04,0.11,0.07,1.0,1.0
2026-09-02T00:25:52+00:00,2026-09-01,daily,3,2026-09-04T17:30:00Z,565,M.Sangaré,BRE,MID,57,1,2,12.5,318407,69988,762169,93328,a,,,,,,,,9.0,4,18,165,2,0,2,1,1,0,27,9,6,12,0.26,0.36,0.62,1.93,9.0,9.0
2026-09-02T00:25:52+00:00,2026-09-01,daily,3,2026-09-04T17:30:00Z,620,Diouf,BRE,DEF,45,0,0,0.1,7022,1989,7622,2026,a,,,,,,,,0.0,0,0,0,0,0,0,0,0,0,0,0,0,0,0.00,0.00,0.00,0.00,1.7,1.7
2026-09-02T00:25:52+00:00,2026-09-01,daily,3,2026-09-04T17:30:00Z,109,Verbruggen,BHA,GKP,45,0,0,21.6,136808,84116,221564,129596,a,,,,,,,,3.0,0,6,180,2,0,0,1,4,1,0,0,0,18,0.00,0.00,0.00,3.22,3.0,3.0
2026-09-02T00:25:52+00:00,2026-09-01,daily,3,2026-09-04T17:30:00Z,111,Steele,BHA,GKP,40,0,0,4.1,29852,16929,40566,30973,a,,,,,,,,0.0,0,0,0,0,0,0,0,0,0,0,0,0,0,0.00,0.00,0.00,0.00,0.0,0.0
2026-09-02T00:25:52+00:00,2026-09-01,daily,3,2026-09-04T17:30:00Z,113,F.Kadıoğlu,BHA,DEF,44,-1,-1,2.1,7898,18640,10478,70044,a,,2026-08-23T13:00:07.595211Z,100,100,,,3,0.0,0,0,90,1,0,0,0,4,0,0,0,0,2,0.02,0.01,0.03,2.93,0.0,0.0
2026-09-02T00:25:52+00:00,2026-09-01,daily,3,2026-09-04T17:30:00Z,114,Boscagli,BHA,DEF,45,0,0,0.3,3629,2490,7732,4049,a,,,,,,,,2.5,-1,5,180,2,0,0,1,4,0,9,8,1,6,0.05,0.15,0.20,3.22,2.5,2.5
2026-09-02T00:25:52+00:00,2026-09-01,daily,3,2026-09-04T17:30:00Z,115,De Cuyper,BHA,DEF,47,1,2,14.0,465361,63666,960359,84824,a,,,,,,4,2,8.5,0,17,167,2,1,1,1,4,0,6,3,3,6,1.50,0.26,1.76,3.22,8.5,8.5
2026-09-02T00:25:52+00:00,2026-09-01,daily,3,2026-09-04T17:30:00Z,116,Dunk,BHA,DEF,45,0,0,1.2,12065,8524,25408,13834,a,,,,,,3,,2.5,-1,5,180,2,0,0,1,4,0,5,3,2,6,0.00,0.05,0.05,3.22,2.5,2.5
2026-09-02T00:25:52+00:00,2026-09-01,daily,3,2026-09-04T17:30:00Z,117,Coppola,BHA,DEF,45,0,0,0.0,162,179,353,403,a,,,,,,,,0.0,0,0,0,0,0,0,0,0,0,0,0,0,0,0.00,0.00,0.00,0.00,0.0,0.0
2026-09-02T00:25:52+00:00,2026-09-01,daily,3,2026-09-04T17:30:00Z,118,Igor,BHA,DEF,45,0,0,0.1,397,703,868,1578,a,,,,,,,,0.0,0,0,0,0,0,0,0,0,0,0,0,0,0,0.00,0.00,0.00,0.00,0.0,0.0
2026-09-02T00:25:52+00:00,2026-09-01,daily,3,2026-09-04T17:30:00Z,119,Costinha,BHA,DEF,45,0,0,0.0,228,307,513,533,a,,,,,,,,0.5,0,1,36,0,0,0,0,0,0,4,3,1,0,0.12,0.00,0.12,0.14,0.5,0.5
2026-09-02T00:25:52+00:00,2026-09-01,daily,3,2026-09-04T17:30:00Z,120,Svoboda,BHA,DEF,50,0,0,0.1,556,661,1324,1345,a,,,,,,,,0.0,0,0,0,0,0,0,0,0,0,0,0,0,0,0.00,0.00,0.00,0.00,0.0,0.0
2026-09-02T00:25:52+00:00,2026-09-01,daily,3,2026-09-04T17:30:00Z,121,Mitoma,BHA,MID,60,0,0,0.0,95,684,254,1921,i,Hamstring injury - Unknown return date,2026-07-24T18:30:10.661894Z,0,0,,,,0.0,0,0,0,0,0,0,0,0,0,0,0,0,0,0.00,0.00,0.00,0.00,0.0,0.0
2026-09-02T00:25:52+00:00,2026-09-01,daily,3,2026-09-04T17:30:00Z,122,Minteh,BHA,MID,59,-1,-1,0.0,66,1374,206,4895,i,Leg injury - Expected back 28 Nov,2026-08-14T18:00:06.418033Z,0,0,,,5,0.0,0,0,0,0,0,0,0,0,0,0,0,0,0,0.00,0.00,0.00,0.00,0.0,0.0
2026-09-02T00:25:52+00:00,2026-09-01,daily,3,2026-09-04T17:30:00Z,123,Hinshelwood,BHA,MID,60,0,0,1.6,5292,69942,145120,108027,d,Unspecified injury - 50% chance of playing,2026-08-27T19:30:07.780933Z,25,50,,,,8.0,0,16,63,1,2,0,1,0,0,3,0,2,1,1.41,0.02,1.43,0.19,2.0,4.0
2026-09-02T00:25:52+00:00,2026-09-01,daily,3,2026-09-04T17:30:00Z,124,Groß,BHA,MID,55,0,0,14.2,207625,56268,231804,162141,a,,,,,1,1,1,7.5,13,15,180,2,1,1,1,4,0,11,2,4,5,0.05,0.38,0.43,3.22,7.5,7.5
2026-09-02T00:25:52+00:00,2026-09-01,daily,3,2026-09-04T17:30:00Z,125,Georginio,BHA,FWD,55,0,0,0.8,3410,16329,27297,31336,d,Unspecified injury - 75% chance of playing,2026-08-26T16:00:07.608056Z,75,75,,,,2.5,0,5,90,1,0,1,1,0,0,7,1,2,4,0.08,0.44,0.52,0.29,1.9,1.9
2026-09-02T00:25:52+00:00,2026-09-01,daily,3,2026-09-04T17:30:00Z,126,O'Riley,BHA,MID,55,0,0,0.1,651,1304,1307,2656,a,,,,,3,,,0.0,0,0,0,0,0,0,0,0,0,0,0,0,0,0.00,0.00,0.00,0.00,0.0,0.0
2026-09-02T00:25:52+00:00,2026-09-01,daily,3,2026-09-04T17:30:00Z,127,Gomez,BHA,MID,50,0,0,4.4,84063,29780,108015,46652,a,,,,,,5,,5.5,5,11,175,2,0,2,1,4,0,11,3,5,3,0.56,0.65,1.21,3.22,5.5,5.5
2026-09-02T00:25:52+00:00,2026-09-01,daily,3,2026-09-04T17:30:00Z,128,Buonanotte,BHA,MID,50,0,0,0.0,0,72,0,245,u,Has joined Elche on loan for the rest of the season,2026-08-10T14:03:07.561436Z,0,0,,,,0.0,0,0,0,0,0,0,0,0,0,0,0,0,0,0.00,0.00,0.00,0.00,0.0,0.0
2026-09-02T00:25:52+00:00,2026-09-01,daily,3,2026-09-04T17:30:00Z,129,Ayari,BHA,MID,55,0,0,0.5,1333,12303,4667,19914,d,Ankle injury - 75% chance of playing,2026-08-30T18:00:07.935334Z,,75,,2,4,1.0,0,2,63,1,0,0,1,0,0,4,1,0,3,0.11,0.03,0.14,0.19,1.0,0.8
2026-09-02T00:25:52+00:00,2026-09-01,daily,3,2026-09-04T17:30:00Z,130,Wieffer,BHA,DEF,50,0,0,0.5,9025,5104,22453,8161,a,,,,,,,,3.5,0,7,156,2,0,0,1,4,0,15,11,4,9,0.12,0.13,0.25,3.18,3.5,3.5
2026-09-02T00:25:52+00:00,2026-09-01,daily,3,2026-09-04T17:30:00Z,132,Howell,BHA,MID,45,0,0,0.0,0,704,0,2236,u,Has joined Leicester City on loan for the rest of the season,2026-08-17T13:53:19.019938Z,0,0,,,,0.0,0,0,0,0,0,0,0,0,0,0,0,0,0,0.00,0.00,0.00,0.00,0.0,0.0
2026-09-02T00:25:52+00:00,2026-09-01,daily,3,2026-09-04T17:30:00Z,133,Watson,BHA,MID,50,0,0,0.0,0,33,0,89,u,Has joined Leicester City on loan for the rest of the season,2026-08-03T14:05:44.459483Z,0,0,,,,0.0,0,0,0,0,0,0,0,0,0,0,0,0,0,0.00,0.00,0.00,0.00,0.0,0.0
2026-09-02T00:25:52+00:00,2026-09-01,daily,3,2026-09-04T17:30:00Z,134,Oriola,BHA,MID,45,0,0,0.3,2183,2357,3891,5137,a,,,,,,,,0.0,0,0,0,0,0,0,0,0,0,0,0,0,0,0.00,0.00,0.00,0.00,0.0,0.0
2026-09-02T00:25:52+00:00,2026-09-01,daily,3,2026-09-04T17:30:00Z,135,Yohanna,BHA,MID,50,0,0,0.1,315,958,688,1837,a,,,,,,,,0.5,0,1,12,0,0,0,0,0,0,0,0,0,0,0.00,0.03,0.03,0.00,0.5,0.5
2026-09-02T00:25:52+00:00,2026-09-01,daily,3,2026-09-04T17:30:00Z,137,Tzimas,BHA,FWD,55,0,0,0.0,55,137,139,389,i,Knee injury - Unknown return date,2026-07-23T12:01:23.432796Z,0,0,,,,0.0,0,0,0,0,0,0,0,0,0,0,0,0,0,0.00,0.00,0.00,0.00,0.0,0.0
2026-09-02T00:25:52+00:00,2026-09-01,daily,3,2026-09-04T17:30:00Z,138,Kostoulas,BHA,FWD,55,0,0,0.4,13882,3085,15266,5236,a,,,,,,,,3.0,5,6,105,1,0,1,0,4,0,8,0,1,7,0.35,0.02,0.37,2.99,3.0,3.0
2026-09-02T00:25:52+00:00,2026-09-01,daily,3,2026-09-04T17:30:00Z,139,Ferguson,BHA,FWD,50,0,0,0.0,375,487,693,1110,i,Ankle injury - Expected back 10 Oct,2026-07-23T12:01:23.448357Z,0,0,,,,0.0,0,0,0,0,0,0,0,0,0,0,0,0,0,0.00,0.00,0.00,0.00,0.0,0.0
2026-09-02T00:25:52+00:00,2026-09-01,daily,3,2026-09-04T17:30:00Z,328,Struijk,BHA,DEF,50,0,0,0.2,995,2322,2411,4876,a,,2026-08-15T20:30:07.523574Z,100,100,,,,0.0,0,0,0,0,0,0,0,0,0,0,0,0,0,0.00,0.00,0.00,0.00,0.0,0.0
2026-09-02T00:25:52+00:00,2026-09-01,daily,3,2026-09-04T17:30:00Z,504,Vuskovic,BHA,DEF,50,0,0,2.4,13665,19580,34851,31927,a,,,,,,,,3.0,0,6,180,2,0,0,1,4,0,12,11,1,5,0.16,0.05,0.21,3.22,3.0,3.0
2026-09-02T00:25:52+00:00,2026-09-01,daily,3,2026-09-04T17:30:00Z,594,David,BHA,FWD,60,0,0,0.3,2548,3413,5067,7554,a,,,,,2,,,0.5,1,1,10,0,0,0,0,0,0,0,0,0,0,0.00,0.00,0.00,0.04,0.5,0.5
2026-09-02T00:25:52+00:00,2026-09-01,daily,3,2026-09-04T17:30:00Z,600,Osman,BHA,MID,50,0,0,0.0,202,169,420,312,a,,,,,,,,1.0,1,2,28,0,0,0,0,1,0,3,0,1,2,0.00,0.06,0.06,0.10,1.0,1.0
2026-09-02T00:25:52+00:00,2026-09-01,daily,3,2026-09-04T17:30:00Z,605,Yalcouyé,BHA,MID,45,0,0,1.3,105462,14966,109801,15918,a,,,,,,,,4.5,8,9,77,1,1,0,0,3,0,7,2,3,2,0.70,0.17,0.87,2.83,4.5,4.5
2026-09-02T00:25:52+00:00,2026-09-01,daily,3,2026-09-04T17:30:00Z,614,Hadjam,BHA,DEF,45,0,0,0.0,1375,336,2381,390,a,,,,,,,,0.0,0,0,0,0,0,0,0,0,0,0,0,0,0,0.00,0.00,0.00,0.00,1.7,1.7
2026-09-02T00:25:52+00:00,2026-09-01,daily,3,2026-09-04T17:30:00Z,624,Cozier-Duberry,BHA,MID,50,0,0,0.0,101,35,101,35,a,,,,,,,,0.0,0,0,0,0,0,0,0,0,0,0,0,0,0,0.00,0.00,0.00,0.00,1.5,1.5
2026-09-02T00:25:52+00:00,2026-09-01,daily,3,2026-09-04T17:30:00Z,28,Martinez,CHE,GKP,50,0,0,4.4,44304,33133,73690,98047,a,,,,,,,,1.0,2,2,90,1,0,0,0,3,4,0,1,0,13,0.00,0.01,0.01,1.41,1.0,1.0
2026-09-02T00:25:52+00:00,2026-09-01,daily,3,2026-09-04T17:30:00Z,40,Rogers,CHE,MID,75,0,0,25.2,145735,174724,397586,246473,a,,,,,,,4,6.5,5,13,171,2,1,1,0,5,0,12,1,3,8,1.10,1.11,2.21,2.65,6.5,6.5
2026-09-02T00:25:52+00:00,2026-09-01,daily,3,2026-09-04T17:30:00Z,101,Henderson,CHE,MID,50,0,0,0.0,147,521,361,1212,d,Wrist injury - 75% chance of playing,2026-08-09T09:30:07.136250Z,75,75,,,,0.0,0,0,0,0,0,0,0,0,0,0,0,0,0,0.00,0.00,0.00,0.00,0.0,0.0
2026-09-02T00:25:52+00:00,2026-09-01,daily,3,2026-09-04T17:30:00Z,136,Welbeck,CHE,FWD,59,-1,-1,0.9,5292,16189,8428,38614,a,,2026-08-20T14:00:07.949090Z,100,100,,,,0.0,0,0,0,0,0,0,0,0,0,0,0,0,0,0.00,0.00,0.00,0.00,0.0,0.0
2026-09-02T00:25:52+00:00,2026-09-01,daily,3,2026-09-04T17:30:00Z,140,Sánchez,CHE,GKP,49,-1,-1,1.7,1801,46470,10725,73661,a,,,,,,,,1.0,0,2,90,1,0,0,0,2,4,0,1,0,5,0.00,0.01,0.01,1.33,1.0,1.0
2026-09-02T00:25:52+00:00,2026-09-01,daily,3,2026-09-04T17:30:00Z,141,Jörgensen,CHE,GKP,50,0,0,0.0,0,197,0,698,u,Has joined RC Strasbourg on loan for the rest of the season,2026-08-12T14:07:02.607115Z,0,0,,,,0.0,0,0,0,0,0,0,0,0,0,0,0,0,0,0.00,0.00,0.00,0.00,0.0,0.0
2026-09-02T00:25:52+00:00,2026-09-01,daily,3,2026-09-04T17:30:00Z,142,James,CHE,DEF,55,0,0,8.7,20108,127211,82633,208529,a,,,,,,1,1,0.5,1,1,112,1,0,0,0,3,0,6,6,0,5,0.10,0.07,0.17,1.47,0.5,0.5
2026-09-02T00:25:52+00:00,2026-09-01,daily,3,2026-09-04T17:30:00Z,143,Chalobah,CHE,DEF,55,0,0,0.1,0,2631,0,10689,u,Has joined Como permanently,2026-08-10T14:03:50.769483Z,0,0,,,,0.0,0,0,0,0,0,0,0,0,0,0,0,0,0,0.00,0.00,0.00,0.00,0.0,0.0
2026-09-02T00:25:52+00:00,2026-09-01,daily,3,2026-09-04T17:30:00Z,144,Gusto,CHE,DEF,50,0,0,1.2,7393,13321,20718,24268,a,,,,,,,,1.0,1,2,165,2,0,0,0,5,0,8,6,2,7,0.00,0.04,0.04,2.52,1.0,1.0
2026-09-02T00:25:52+00:00,2026-09-01,daily,3,2026-09-04T17:30:00Z,145,Fofana,CHE,DEF,50,0,0,0.1,1960,833,2773,1094,a,,2026-07-23T12:01:23.464591Z,100,100,,,,0.0,0,0,67,1,0,0,0,2,0,9,9,0,0,0.00,0.01,0.01,1.26,0.0,0.0
2026-09-02T00:25:52+00:00,2026-09-01,daily,3,2026-09-04T17:30:00Z,146,B.Badiashile,CHE,DEF,45,0,0,0.0,0,530,232,1330,u,Has joined Napoli on loan for the rest of the season,2026-08-25T14:03:47.079414Z,0,0,,,,0.0,0,0,0,0,0,0,0,0,0,0,0,0,0,0.00,0.00,0.00,0.00,0.0,0.0
2026-09-02T00:25:52+00:00,2026-09-01,daily,3,2026-09-04T17:30:00Z,147,Tosin,CHE,DEF,45,0,0,0.2,265,1604,528,3724,a,,,,,,,,0.0,0,0,0,0,0,0,0,0,0,0,0,0,0,0.00,0.00,0.00,0.00,0.0,0.0
2026-09-02T00:25:52+00:00,2026-09-01,daily,3,2026-09-04T17:30:00Z,148,Hato,CHE,DEF,45,0,0,0.6,14911,6111,19269,10595,a,,,,,,,,2.5,4,5,154,2,0,1,0,5,0,9,5,4,5,0.01,0.09,0.10,2.46,2.5,2.5
2026-09-02T00:25:52+00:00,2026-09-01,daily,3,2026-09-04T17:30:00Z,149,Colwill,CHE,DEF,50,0,0,1.3,5890,19618,16461,37397,a,,,,,,,,0.5,1,1,161,2,0,0,0,4,0,13,10,3,5,0.01,0.03,0.04,2.64,0.5,0.5
2026-09-02T00:25:52+00:00,2026-09-01,daily,3,2026-09-04T17:30:00Z,150,M.Sarr,CHE,DEF,45,0,0,0.1,24,2476,429,3425,u,Has joined Real Sociedad on loan for the rest of the season,2026-08-29T00:34:23.077418Z,,0,,,,0.0,0,0,0,0,0,0,0,0,0,0,0,0,0,0.00,0.00,0.00,0.00,0.0,0.0
2026-09-02T00:25:52+00:00,2026-09-01,daily,3,2026-09-04T17:30:00Z,151,Acheampong,CHE,DEF,45,0,0,0.4,3664,4405,11729,7539,a,,,,,,,,2.0,1,4,112,1,0,0,0,3,0,18,12,6,6,0.00,0.01,0.01,1.47,2.0,2.0
2026-09-02T00:25:52+00:00,2026-09-01,daily,3,2026-09-04T17:30:00Z,152,Palestra,CHE,DEF,54,-1,-1,1.6,513,47911,5473,117848,d,Unspecified injury - 75% chance of playing,2026-08-24T18:30:07.421239Z,75,75,,,,0.0,0,0,0,0,0,0,0,0,0,0,0,0,0,0.00,0.00,0.00,0.00,0.0,0.0
2026-09-02T00:25:52+00:00,2026-09-01,daily,3,2026-09-04T17:30:00Z,154,Palmer,CHE,MID,96,1,1,18.2,250695,100622,627567,132582,a,,2026-08-24T22:00:07.971542Z,100,100,1,3,,10.0,7,20,172,2,2,1,0,5,0,17,2,4,11,0.94,0.32,1.26,2.65,10.0,10.0
2026-09-02T00:25:52+00:00,2026-09-01,daily,3,2026-09-04T17:30:00Z,155,Enzo,CHE,MID,69,-1,-1,3.5,10967,93813,25921,182978,a,,,,,2,2,3,0.5,0,1,25,0,0,0,0,0,0,3,0,0,3,0.00,0.02,0.02,0.28,0.5,0.5
2026-09-02T00:25:52+00:00,2026-09-01,daily,3,2026-09-04T17:30:00Z,156,Neto,CHE,MID,65,0,0,1.3,15452,12057,21087,35419,a,,,,,,4,2,4.0,7,8,81,1,1,0,0,2,0,8,3,1,4,0.44,0.40,0.84,1.48,4.0,4.0
2026-09-02T00:25:52+00:00,2026-09-01,daily,3,2026-09-04T17:30:00Z,157,Estêvão,CHE,MID,64,-1,-1,0.9,2582,23872,8146,47656,a,,,,,3,,5,0.5,0,1,7,0,0,0,0,0,0,1,0,0,1,0.00,0.00,0.00,0.09,0.5,0.5
2026-09-02T00:25:52+00:00,2026-09-01,daily,3,2026-09-04T17:30:00Z,158,Gittens,CHE,MID,59,-1,-1,0.0,187,675,458,1448,a,,,,,,,,0.0,0,0,0,0,0,0,0,0,0,0,0,0,0,0.00,0.00,0.00,0.00,0.0,0.0
2026-09-02T00:25:52+00:00,2026-09-01,daily,3,2026-09-04T17:30:00Z,159,Caicedo,CHE,MID,54,-1,-1,2.2,2603,61037,12084,159360,d,Unspecified injury - 75% chance of playing,2026-08-30T16:00:08.393562Z,75,75,,,,0.5,1,1,13,0,0,0,0,0,0,0,0,0,0,0.00,0.00,0.00,0.07,0.4,0.4
2026-09-02T00:25:52+00:00,2026-09-01,daily,3,2026-09-04T17:30:00Z,161,Lavia,CHE,MID,50,0,0,0.2,8390,2035,9563,2954,a,,,,,,,,4.0,7,8,131,2,1,0,0,4,0,16,5,4,7,0.75,0.03,0.78,2.31,4.0,4.0
2026-09-02T00:25:52+00:00,2026-09-01,daily,3,2026-09-04T17:30:00Z,163,D.Essugo,CHE,MID,45,0,0,0.2,1313,2050,2565,4937,a,,,,,,,,0.0,0,0,0,0,0,0,0,0,0,0,0,0,0,0.00,0.00,0.00,0.00,0.0,0.0
2026-09-02T00:25:52+00:00,2026-09-01,daily,3,2026-09-04T17:30:00Z,164,Quenda,CHE,MID,54,-1,-1,0.0,214,810,445,1630,a,,2026-07-24T20:30:10.609931Z,100,100,,,,0.5,0,1,8,0,0,0,0,0,0,1,1,0,0,0.00,0.00,0.00,0.09,0.5,0.5
2026-09-02T00:25:52+00:00,2026-09-01,daily,3,2026-09-04T17:30:00Z,165,João Pedro,CHE,FWD,77,1,2,69.9,286719,79861,691907,108026,a,,,,,,,,10.0,9,20,180,2,2,2,0,5,0,6,1,1,4,1.86,0.10,1.96,2.74,10.0,10.0
2026-09-02T00:25:52+00:00,2026-09-01,daily,3,2026-09-04T17:30:00Z,168,Marc Guiu,CHE,FWD,50,0,0,0.4,1924,6487,4102,12633,u,Has joined RB Leipzig permanently,2026-09-01T13:24:48.857362Z,,0,,,,0.0,0,0,0,0,0,0,0,0,0,0,0,0,0,0.00,0.00,0.00,0.00,0.0,0.0
2026-09-02T00:25:52+00:00,2026-09-01,daily,3,2026-09-04T17:30:00Z,169,Mheuka,CHE,FWD,45,0,0,0.4,4980,3697,7909,8106,a,,,,,,,,0.0,0,0,0,0,0,0,0,0,0,0,0,0,0,0.00,0.00,0.00,0.00,0.0,0.0
2026-09-02T00:25:52+00:00,2026-09-01,daily,3,2026-09-04T17:30:00Z,170,Emegha,CHE,FWD,50,0,0,0.1,1535,2215,2985,4549,a,,2026-07-24T20:30:10.622380Z,100,100,,,,0.0,0,0,0,0,0,0,0,0,0,0,0,0,0,0.00,0.00,0.00,0.00,0.0,0.0
2026-09-02T00:25:52+00:00,2026-09-01,daily,3,2026-09-04T17:30:00Z,200,Lacroix,CHE,DEF,60,0,0,8.7,25673,90459,89195,135266,a,,,,,,,,3.5,1,7,180,2,0,1,0,5,0,21,15,6,3,0.02,0.20,0.22,2.74,3.5,3.5
2026-09-02T00:25:52+00:00,2026-09-01,daily,3,2026-09-04T17:30:00Z,560,Penders,CHE,GKP,45,0,0,0.1,237,799,632,1564,a,,,,,,,,0.0,0,0,0,0,0,0,0,0,0,0,0,0,0,0.00,0.00,0.00,0.00,0.0,0.0
2026-09-02T00:25:52+00:00,2026-09-01,daily,3,2026-09-04T17:30:00Z,561,Anselmino,CHE,DEF,45,0,0,0.0,149,173,271,619,a,,2026-08-23T19:00:08.536705Z,100,100,,,,0.0,0,0,0,0,0,0,0,0,0,0,0,0,0,0.00,0.00,0.00,0.00,0.0,0.0
2026-09-02T00:25:52+00:00,2026-09-01,daily,3,2026-09-04T17:30:00Z,568,Barco,CHE,MID,55,0,0,0.1,738,1245,1266,2906,a,,,,,,,,0.5,1,1,8,0,0,0,0,1,0,1,1,0,0,0.04,0.00,0.04,0.07,0.5,0.5
2026-09-02T00:25:52+00:00,2026-09-01,daily,3,2026-09-04T17:30:00Z,578,Mudryk,CHE,MID,54,-1,-1,0.0,825,913,1059,1889,a,,,,,,,,0.0,0,0,0,0,0,0,0,0,0,0,0,0,0,0.00,0.00,0.00,0.00,0.0,0.0
2026-09-02T00:25:52+00:00,2026-09-01,daily,3,2026-09-04T17:30:00Z,583,Chavarria,CHE,DEF,50,0,0,0.2,473,2450,1554,5008,a,,,,,,,,1.0,1,2,43,0,0,0,0,1,0,4,3,1,2,0.00,0.02,0.02,0.37,1.0,1.0
2026-09-02T00:25:52+00:00,2026-09-01,daily,3,2026-09-04T17:30:00Z,91,Pinnock,COV,DEF,45,0,0,0.1,357,778,931,1749,a,,,,,,,,0.5,1,1,12,0,0,0,0,1,0,2,2,0,0,0.00,0.00,0.00,0.54,0.5,0.5
2026-09-02T00:25:52+00:00,2026-09-01,daily,3,2026-09-04T17:30:00Z,104,Onyeka,COV,MID,50,0,0,0.1,259,2141,2715,3741,a,,,,,,,,1.0,0,2,90,1,0,0,0,3,0,9,3,1,5,0.00,0.01,0.01,1.88,1.0,1.0
2026-09-02T00:25:52+00:00,2026-09-01,daily,3,2026-09-04T17:30:00Z,110,Rushworth,COV,GKP,45,0,0,1.1,1640,9722,13571,14394,a,,,,,,,,1.5,2,3,180,2,0,0,0,4,3,0,2,0,20,0.00,0.01,0.01,2.60,1.5,1.5
2026-09-02T00:25:52+00:00,2026-09-01,daily,3,2026-09-04T17:30:00Z,171,Dovin,COV,GKP,40,0,0,1.5,4951,5950,7585,12361,a,,,,,,,,0.0,0,0,0,0,0,0,0,0,0,0,0,0,0,0.00,0.00,0.00,0.00,0.0,0.0
2026-09-02T00:25:52+00:00,2026-09-01,daily,3,2026-09-04T17:30:00Z,172,Wilson,COV,GKP,45,0,0,0.4,136,2592,363,6032,a,,,,,,,,0.0,0,0,0,0,0,0,0,0,0,0,0,0,0,0.00,0.00,0.00,0.00,0.0,0.0
2026-09-02T00:25:52+00:00,2026-09-01,daily,3,2026-09-04T17:30:00Z,173,Thomas,COV,DEF,40,0,0,8.3,68703,36903,106814,60793,a,,,,,,,,5.5,8,11,167,2,0,0,1,3,0,19,18,1,8,0.02,0.02,0.04,2.06,5.5,5.5
2026-09-02T00:25:52+00:00,2026-09-01,daily,3,2026-09-04T17:30:00Z,174,Kitching,COV,DEF,40,0,0,0.6,404,3689,924,8475,a,,,,,,,,0.0,0,0,0,0,0,0,0,0,0,0,0,0,0,0.00,0.00,0.00,0.00,0.0,0.0
2026-09-02T00:25:52+00:00,2026-09-01,daily,3,2026-09-04T17:30:00Z,175,van Ewijk,COV,DEF,40,0,0,12.2,26421,73487,60872,123345,a,,,,,,,,1.5,2,3,180,2,0,0,0,4,0,9,7,2,6,0.00,0.20,0.20,2.60,1.5,1.5
2026-09-02T00:25:52+00:00,2026-09-01,daily,3,2026-09-04T17:30:00Z,176,Dasilva,COV,DEF,40,0,0,0.8,1493,3628,4717,7682,a,,,,,,,,1.5,2,3,180,2,0,0,0,4,0,9,7,2,4,0.18,0.07,0.25,2.60,1.5,1.5
2026-09-02T00:25:52+00:00,2026-09-01,daily,3,2026-09-04T17:30:00Z,177,Kesler-Hayden,COV,DEF,40,0,0,0.0,68,827,236,1577,i,Hamstring injury - Unknown return date,2026-08-27T14:56:28.704361Z,0,0,,,,0.0,0,0,0,0,0,0,0,0,0,0,0,0,0,0.00,0.00,0.00,0.00,0.0,0.0
2026-09-02T00:25:52+00:00,2026-09-01,daily,3,2026-09-04T17:30:00Z,178,Bidwell,COV,DEF,40,0,0,0.1,310,633,816,1377,a,,,,,,,,0.0,0,0,0,0,0,0,0,0,0,0,0,0,0,0.00,0.00,0.00,0.00,0.0,0.0
2026-09-02T00:25:52+00:00,2026-09-01,daily,3,2026-09-04T17:30:00Z,179,Latibeaudiere,COV,DEF,40,0,0,0.0,163,271,323,691,a,,,,,,,,0.0,0,0,0,0,0,0,0,0,0,0,0,0,0,0.00,0.00,0.00,0.00,0.0,0.0
2026-09-02T00:25:52+00:00,2026-09-01,daily,3,2026-09-04T17:30:00Z,180,Woolfenden,COV,DEF,40,0,0,0.2,407,2240,1353,4468,i,Knee injury - Unknown return date,2026-08-27T14:56:28.718566Z,0,0,,,,0.0,0,0,0,0,0,0,0,0,0,0,0,0,0,0.00,0.00,0.00,0.00,0.0,0.0
2026-09-02T00:25:52+00:00,2026-09-01,daily,3,2026-09-04T17:30:00Z,181,Brau,COV,DEF,40,0,0,0.0,19,679,275,1017,u,Has joined Academico de Viseu on loan for the rest of the season,2026-08-29T00:35:59.980316Z,,0,,,,0.0,0,0,0,0,0,0,0,0,0,0,0,0,0,0.00,0.00,0.00,0.00,0.0,0.0
2026-09-02T00:25:52+00:00,2026-09-01,daily,3,2026-09-04T17:30:00Z,182,Amenda,COV,DEF,40,0,0,0.8,1576,4581,4904,9092,a,,,,,,,,1.0,1,2,180,2,0,0,0,4,0,13,13,0,5,0.02,0.05,0.07,2.60,1.0,1.0
2026-09-02T00:25:52+00:00,2026-09-01,daily,3,2026-09-04T17:30:00Z,183,Rudoni,COV,MID,50,0,0,0.1,488,1359,1738,2658,a,,2026-07-23T12:01:23.481435Z,100,100,,1,4,2.0,3,4,90,1,0,0,1,0,0,11,1,2,8,0.21,0.09,0.30,0.31,2.0,2.0
2026-09-02T00:25:52+00:00,2026-09-01,daily,3,2026-09-04T17:30:00Z,184,Grimes,COV,MID,50,0,0,0.2,331,1973,2621,3589,a,,,,,3,,1,2.0,2,4,180,2,0,0,0,4,0,17,5,0,12,0.01,0.05,0.06,2.60,2.0,2.0
2026-09-02T00:25:52+00:00,2026-09-01,daily,3,2026-09-04T17:30:00Z,185,Sakamoto,COV,MID,49,-1,-1,0.1,121,999,258,2454,a,,,,,,,,0.5,1,1,31,0,0,0,0,1,0,4,0,2,2,0.02,0.02,0.04,0.69,0.5,0.5
2026-09-02T00:25:52+00:00,2026-09-01,daily,3,2026-09-04T17:30:00Z,186,Mason-Clark,COV,MID,55,0,0,0.1,133,1180,622,2758,a,,2026-08-19T18:00:08.310507Z,100,100,,,,0.5,1,1,57,1,0,0,0,0,0,4,2,0,2,0.00,0.06,0.06,0.02,0.5,0.5
2026-09-02T00:25:52+00:00,2026-09-01,daily,3,2026-09-04T17:30:00Z,187,Eccles,COV,MID,49,-1,-1,0.0,356,277,425,576,a,,,,,,,,0.0,0,0,0,0,0,0,0,0,0,0,0,0,0,0.00,0.00,0.00,0.00,0.0,0.0
2026-09-02T00:25:52+00:00,2026-09-01,daily,3,2026-09-04T17:30:00Z,188,Torp,COV,MID,55,0,0,0.1,41,1677,590,3501,a,,,,,2,2,2,1.0,1,2,47,0,0,0,0,1,0,3,1,0,2,0.00,0.12,0.12,1.01,1.0,1.0
2026-09-02T00:25:52+00:00,2026-09-01,daily,3,2026-09-04T17:30:00Z,189,Shepherd,COV,MID,45,0,0,0.3,1047,2302,2060,5473,a,,,,,,,,0.0,0,0,0,0,0,0,0,0,0,0,0,0,0,0.00,0.00,0.00,0.00,0.0,0.0
2026-09-02T00:25:52+00:00,2026-09-01,daily,3,2026-09-04T17:30:00Z,190,Tchaouna,COV,MID,55,0,0,0.1,84,1714,2846,3165,a,,,,,,,,1.5,1,3,139,2,0,0,0,3,0,14,5,1,8,0.09,0.15,0.24,1.78,1.5,1.5
2026-09-02T00:25:52+00:00,2026-09-01,daily,3,2026-09-04T17:30:00Z,191,Borges Rodrigues,COV,MID,45,0,0,0.2,1145,1579,1825,3452,a,,,,,,,,0.0,0,0,0,0,0,0,0,0,0,0,0,0,0,0.00,0.00,0.00,0.00,0.0,0.0
2026-09-02T00:25:52+00:00,2026-09-01,daily,3,2026-09-04T17:30:00Z,192,Andrews,COV,MID,45,0,0,0.5,142,12104,2718,19298,u,Has joined Oxford United on loan for the rest of the season,2026-08-29T00:35:59.998520Z,,0,,,,0.0,0,0,0,0,0,0,0,0,0,0,0,0,0,0.00,0.00,0.00,0.00,0.0,0.0
2026-09-02T00:25:52+00:00,2026-09-01,daily,3,2026-09-04T17:30:00Z,193,Wright,COV,FWD,54,-1,-1,0.1,113,2376,220,7801,i,Thigh injury - Unknown return date,2026-08-14T22:00:07.214508Z,0,0,1,,,0.0,0,0,0,0,0,0,0,0,0,0,0,0,0,0.00,0.00,0.00,0.00,0.0,0.0
2026-09-02T00:25:52+00:00,2026-09-01,daily,3,2026-09-04T17:30:00Z,194,Thomas-Asante,COV,FWD,50,0,0,0.8,11292,10536,25886,18424,a,,,,,4,,,1.5,1,3,101,1,0,0,0,4,0,8,5,0,3,0.00,0.02,0.02,2.29,1.5,1.5
2026-09-02T00:25:52+00:00,2026-09-01,daily,3,2026-09-04T17:30:00Z,195,Simms,COV,FWD,50,0,0,0.9,7076,12975,27012,22578,a,,,,,,,,1.0,0,2,69,1,0,0,0,3,0,3,1,0,2,0.00,0.01,0.01,1.60,1.0,1.0
2026-09-02T00:25:52+00:00,2026-09-01,daily,3,2026-09-04T17:30:00Z,196,Markelo,COV,FWD,50,0,0,0.0,0,221,0,811,u,Has joined Shabab Al-Ahli Dubai permanently,2026-08-17T13:53:55.791223Z,0,0,,,,0.0,0,0,0,0,0,0,0,0,0,0,0,0,0,0.00,0.00,0.00,0.00,0.0,0.0
2026-09-02T00:25:52+00:00,2026-09-01,daily,3,2026-09-04T17:30:00Z,197,Bassette,COV,FWD,45,0,0,0.0,0,415,0,1203,u,Has joined KVC Westerlo on loan for the rest of the season,2026-07-28T12:58:50.001768Z,0,0,,,,0.0,0,0,0,0,0,0,0,0,0,0,0,0,0,0.00,0.00,0.00,0.00,0.0,0.0
2026-09-02T00:25:52+00:00,2026-09-01,daily,3,2026-09-04T17:30:00Z,492,Awoniyi,COV,FWD,55,0,0,0.7,3166,9713,11820,19006,a,,,,,5,,,1.5,2,3,110,1,0,0,0,1,0,4,1,0,3,0.93,0.03,0.96,1.01,1.5,1.5
2026-09-02T00:25:52+00:00,2026-09-01,daily,3,2026-09-04T17:30:00Z,575,Yirenkyi,COV,MID,50,0,0,0.2,544,2421,1541,4996,a,,,,,,,,2.0,3,4,131,2,0,0,1,3,0,10,3,0,7,0.03,0.13,0.16,1.58,2.0,2.0
2026-09-02T00:25:52+00:00,2026-09-01,daily,3,2026-09-04T17:30:00Z,584,Hamer,COV,MID,55,0,0,0.1,119,1326,505,2754,a,,,,,,,3,1.0,1,2,27,0,0,0,0,1,0,1,0,0,1,0.00,0.02,0.02,0.82,1.0,1.0
2026-09-02T00:25:52+00:00,2026-09-01,daily,3,2026-09-04T17:30:00Z,599,Cherif,COV,FWD,50,0,0,0.1,1550,1462,3274,2856,a,,,,,,,,0.0,0,0,0,0,0,0,0,0,0,0,0,0,0,0.00,0.00,0.00,0.00,0.0,0.0
2026-09-02T00:25:52+00:00,2026-09-01,daily,3,2026-09-04T17:30:00Z,623,Bentley,COV,GKP,40,0,0,0.1,7498,1064,7498,1064,a,,,,,,,,0.0,0,0,0,0,0,0,0,0,0,0,0,0,0,0.00,0.00,0.00,0.00,1.0,1.0
2026-09-02T00:25:52+00:00,2026-09-01,daily,3,2026-09-04T17:30:00Z,42,Guessand,CRY,MID,55,0,0,0.0,326,653,809,1276,a,,,,,,,,1.0,1,2,54,0,0,0,0,1,0,2,1,1,0,0.03,0.03,0.06,0.34,1.0,1.0
2026-09-02T00:25:52+00:00,2026-09-01,daily,3,2026-09-04T17:30:00Z,153,Disasi,CRY,DEF,45,0,0,0.1,870,631,1395,1479,a,,,,,,,,0.5,1,1,16,0,0,0,0,1,0,1,0,1,1,0.00,0.00,0.00,0.20,0.5,0.5
2026-09-02T00:25:52+00:00,2026-09-01,daily,3,2026-09-04T17:30:00Z,198,Henderson,CRY,GKP,50,0,0,1.8,8235,11960,14139,25734,a,,2026-08-20T14:00:08.018379Z,100,100,,,,1.5,1,3,180,2,0,0,0,6,7,0,5,0,24,0.00,0.00,0.00,3.33,1.5,1.5
2026-09-02T00:25:52+00:00,2026-09-01,daily,3,2026-09-04T17:30:00Z,199,Benitez,CRY,GKP,45,0,0,0.1,393,830,861,2206,a,,,,,,,,0.0,0,0,0,0,0,0,0,0,0,0,0,0,0,0.00,0.00,0.00,0.00,0.0,0.0
2026-09-02T00:25:52+00:00,2026-09-01,daily,3,2026-09-04T17:30:00Z,202,Richards,CRY,DEF,50,0,0,0.7,2803,7222,7011,13676,a,,,,,,,,1.5,0,3,180,2,0,0,0,6,0,22,18,4,3,0.04,0.00,0.04,3.33,1.5,1.5
2026-09-02T00:25:52+00:00,2026-09-01,daily,3,2026-09-04T17:30:00Z,203,Canvot,CRY,DEF,50,0,0,0.3,800,3524,1621,7545,a,,,,,,,,0.5,0,1,180,2,0,0,0,6,0,15,10,5,4,0.05,0.01,0.06,3.33,0.5,0.5
2026-09-02T00:25:52+00:00,2026-09-01,daily,3,2026-09-04T17:30:00Z,204,Mitchell,CRY,DEF,45,0,0,4.9,5342,46980,11307,97319,a,,,,,,,,0.5,0,1,180,2,0,0,0,6,0,10,6,4,5,0.11,0.17,0.28,3.33,0.5,0.5
2026-09-02T00:25:52+00:00,2026-09-01,daily,3,2026-09-04T17:30:00Z,205,Sosa,CRY,DEF,45,0,0,0.0,94,281,220,633,a,,,,,,,,0.0,0,0,0,0,0,0,0,0,0,0,0,0,0,0.00,0.00,0.00,0.00,0.0,0.0
2026-09-02T00:25:52+00:00,2026-09-01,daily,3,2026-09-04T17:30:00Z,206,Chadi Riad,CRY,DEF,44,-1,-1,0.0,116,1137,436,3980,i,Knee injury - Unknown return date,2026-08-22T18:00:07.352049Z,0,0,,,,0.5,0,1,72,1,0,0,0,2,0,7,6,1,3,0.00,0.01,0.01,0.98,0.0,0.0
2026-09-02T00:25:52+00:00,2026-09-01,daily,3,2026-09-04T17:30:00Z,207,Mingueza,CRY,DEF,44,-1,-1,0.1,214,717,413,1997,a,,,,,,,,0.5,1,1,15,0,0,0,0,1,0,1,0,1,0,0.00,0.00,0.00,0.20,0.5,0.5
2026-09-02T00:25:52+00:00,2026-09-01,daily,3,2026-09-04T17:30:00Z,208,Sarr,CRY,MID,63,-1,-2,1.5,205,75258,2307,281836,i,Groin injury - Unknown return date,2026-08-22T18:00:07.363165Z,0,0,2,,,0.0,0,0,0,0,0,0,0,0,0,0,0,0,0,0.00,0.00,0.00,0.00,0.0,0.0
2026-09-02T00:25:52+00:00,2026-09-01,daily,3,2026-09-04T17:30:00Z,210,Wharton,CRY,MID,55,0,0,0.9,6235,8636,12945,16436,a,,2026-07-23T12:01:23.498963Z,100,100,,,2,3.0,2,6,180,2,0,0,0,6,0,21,4,6,11,0.00,0.31,0.31,3.33,3.0,3.0
2026-09-02T00:25:52+00:00,2026-09-01,daily,3,2026-09-04T17:30:00Z,211,Yeremy,CRY,MID,55,0,0,0.2,2892,1446,3206,3904,a,,,,,,1,1,3.0,5,6,102,1,0,1,0,3,0,15,2,4,9,0.11,0.09,0.20,2.28,3.0,3.0
2026-09-02T00:25:52+00:00,2026-09-01,daily,3,2026-09-04T17:30:00Z,212,Hughes,CRY,MID,45,0,0,9.9,24377,81807,44559,171987,a,,,,,,,4,0.0,0,0,0,0,0,0,0,0,0,0,0,0,0,0.00,0.00,0.00,0.00,0.0,0.0
2026-09-02T00:25:52+00:00,2026-09-01,daily,3,2026-09-04T17:30:00Z,213,Lerma,CRY,MID,49,-1,-1,0.1,151,1089,355,2539,a,,,,,,,,0.0,0,0,0,0,0,0,0,0,0,0,0,0,0,0.00,0.00,0.00,0.00,0.0,0.0
2026-09-02T00:25:52+00:00,2026-09-01,daily,3,2026-09-04T17:30:00Z,214,Kamada,CRY,MID,50,0,0,0.3,2654,2782,4598,5876,a,,,,,,,3,2.5,2,5,180,2,0,0,0,6,0,23,4,9,10,0.05,0.29,0.34,3.33,2.5,2.5
2026-09-02T00:25:52+00:00,2026-09-01,daily,3,2026-09-04T17:30:00Z,215,Devenny,CRY,MID,50,0,0,0.0,57,156,126,332,a,,,,,3,2,,0.0,0,0,0,0,0,0,0,0,0,0,0,0,0,0.00,0.00,0.00,0.00,0.0,0.0
2026-09-02T00:25:52+00:00,2026-09-01,daily,3,2026-09-04T17:30:00Z,216,Esse,CRY,MID,50,0,0,0.0,167,512,378,1102,a,,,,,,,,0.0,0,0,0,0,0,0,0,0,0,0,0,0,0,0.00,0.00,0.00,0.00,0.0,0.0
2026-09-02T00:25:52+00:00,2026-09-01,daily,3,2026-09-04T17:30:00Z,217,M.França,CRY,MID,49,-1,-1,0.0,871,751,888,1465,a,,,,,,,,0.0,0,0,0,0,0,0,0,0,0,0,0,0,0,0.00,0.00,0.00,0.00,0.0,0.0
2026-09-02T00:25:52+00:00,2026-09-01,daily,3,2026-09-04T17:30:00Z,218,Doucouré,CRY,MID,49,-1,-1,0.1,523,866,771,1925,a,,,,,,,,0.0,0,0,0,0,0,0,0,0,0,0,0,0,0,0.00,0.00,0.00,0.00,0.0,0.0
2026-09-02T00:25:52+00:00,2026-09-01,daily,3,2026-09-04T17:30:00Z,219,J.Rak-Sakyi,CRY,MID,50,0,0,0.0,30,66,69,156,a,,,,,,,,0.0,0,0,0,0,0,0,0,0,0,0,0,0,0,0.00,0.00,0.00,0.00,0.0,0.0
2026-09-02T00:25:52+00:00,2026-09-01,daily,3,2026-09-04T17:30:00Z,220,Cardines,CRY,DEF,45,0,0,0.0,0,27,0,92,u,Has joined Bristol City on loan for the rest of the season,2026-08-12T14:08:46.501813Z,0,0,,,,0.0,0,0,0,0,0,0,0,0,0,0,0,0,0,0.00,0.00,0.00,0.00,0.0,0.0
2026-09-02T00:25:52+00:00,2026-09-01,daily,3,2026-09-04T17:30:00Z,221,Drakes-Thomas,CRY,MID,45,0,0,0.1,543,749,942,1737,a,,,,,,,,0.0,0,0,0,0,0,0,0,0,0,0,0,0,0,0.00,0.00,0.00,0.00,0.0,0.0
2026-09-02T00:25:52+00:00,2026-09-01,daily,3,2026-09-04T17:30:00Z,222,Strand Larsen,CRY,FWD,60,0,0,0.5,4096,5125,5606,12896,a,,,,,,,,1.5,2,3,89,1,0,0,0,3,0,4,2,1,1,0.30,0.01,0.31,2.15,1.5,1.5
2026-09-02T00:25:52+00:00,2026-09-01,daily,3,2026-09-04T17:30:00Z,223,Mateta,CRY,FWD,64,-1,-1,3.2,1007,184358,24958,256791,i,Hamstring injury - Expected back 11 Oct,2026-08-28T21:00:08.020382Z,,0,1,,,1.0,0,2,62,1,0,0,0,2,0,5,1,2,2,0.70,0.02,0.72,0.98,1.0,0.0
2026-09-02T00:25:52+00:00,2026-09-01,daily,3,2026-09-04T17:30:00Z,224,Nketiah,CRY,FWD,55,0,0,0.5,6790,5185,10053,10965,a,,,,,,,,1.5,2,3,122,2,0,0,0,5,0,9,2,3,4,0.96,0.58,1.54,2.85,1.5,1.5
2026-09-02T00:25:52+00:00,2026-09-01,daily,3,2026-09-04T17:30:00Z,225,Uche,CRY,FWD,50,0,0,0.0,0,0,0,0,u,has returned to Getafe CF,2026-07-23T12:18:56.275922Z,0,0,,,,0.0,0,0,0,0,0,0,0,0,0,0,0,0,0,0.00,0.00,0.00,0.00,0.0,0.0
2026-09-02T00:25:52+00:00,2026-09-01,daily,3,2026-09-04T17:30:00Z,241,McNeil,CRY,MID,55,0,0,0.2,263,1454,735,3282,a,,,,,,,,1.5,1,3,84,1,0,0,0,3,0,7,4,0,3,0.05,0.02,0.07,1.18,1.5,1.5
2026-09-02T00:25:52+00:00,2026-09-01,daily,3,2026-09-04T17:30:00Z,555,Matthews,CRY,GKP,40,0,0,1.8,4980,5689,10925,11924,a,,,,,,,,0.0,0,0,0,0,0,0,0,0,0,0,0,0,0,0.00,0.00,0.00,0.00,0.0,0.0
2026-09-02T00:25:52+00:00,2026-09-01,daily,3,2026-09-04T17:30:00Z,577,Tomiyasu,CRY,DEF,45,0,0,0.3,813,2039,1642,4706,a,,,,,,,,1.0,1,2,91,1,0,0,0,3,0,9,8,1,4,0.00,0.01,0.01,2.15,1.0,1.0
2026-09-02T00:25:52+00:00,2026-09-01,daily,3,2026-09-04T17:30:00Z,588,Khalaili,CRY,DEF,50,0,0,0.1,1487,726,1949,1553,a,,,,,,,,1.5,2,3,109,1,0,0,0,3,0,23,9,14,8,0.02,0.16,0.18,2.28,1.5,1.5
2026-09-02T00:25:52+00:00,2026-09-01,daily,3,2026-09-04T17:30:00Z,595,Gozo,CRY,MID,50,0,0,0.0,100,129,201,302,a,,,,,,,,0.5,1,1,22,0,0,0,0,1,0,1,0,1,0,0.00,0.00,0.00,0.20,0.5,0.5
2026-09-02T00:25:52+00:00,2026-09-01,daily,3,2026-09-04T17:30:00Z,21,Nørgaard,EVE,MID,49,-1,-1,0.1,94,1427,196,4293,i,Groin injury - Unknown return date,2026-08-15T20:00:06.779594Z,0,0,,,,0.0,0,0,0,0,0,0,0,0,0,0,0,0,0,0.00,0.00,0.00,0.00,0.0,0.0
2026-09-02T00:25:52+00:00,2026-09-01,daily,3,2026-09-04T17:30:00Z,209,Johnson,EVE,MID,59,-1,-1,0.1,474,2089,1206,4669,a,,,,,,,,1.0,1,2,34,0,0,0,0,0,0,4,2,1,1,0.00,0.00,0.00,1.87,1.0,1.0
2026-09-02T00:25:52+00:00,2026-09-01,daily,3,2026-09-04T17:30:00Z,226,Pickford,EVE,GKP,55,0,0,8.8,39515,47528,103054,75718,a,,,,,,,,5.0,3,10,180,2,0,0,1,1,8,0,4,0,23,0.00,0.02,0.02,4.12,5.0,5.0
2026-09-02T00:25:52+00:00,2026-09-01,daily,3,2026-09-04T17:30:00Z,227,Travers,EVE,GKP,50,0,0,0.0,187,359,477,762,a,,,,,,,,0.0,0,0,0,0,0,0,0,0,0,0,0,0,0,0.00,0.00,0.00,0.00,0.0,0.0
2026-09-02T00:25:52+00:00,2026-09-01,daily,3,2026-09-04T17:30:00Z,228,King,EVE,GKP,45,0,0,0.0,193,308,436,687,a,,,,,,,,0.0,0,0,0,0,0,0,0,0,0,0,0,0,0,0.00,0.00,0.00,0.00,0.0,0.0
2026-09-02T00:25:52+00:00,2026-09-01,daily,3,2026-09-04T17:30:00Z,229,Tarkowski,EVE,DEF,60,0,0,10.3,146211,46655,188947,83721,a,,,,,,,,9.0,12,18,180,2,1,0,1,1,0,19,17,2,7,0.15,0.01,0.16,4.12,9.0,9.0
2026-09-02T00:25:52+00:00,2026-09-01,daily,3,2026-09-04T17:30:00Z,230,Branthwaite,EVE,DEF,55,0,0,1.8,10964,12165,30067,21083,a,,,,,,,,5.0,4,10,180,2,0,0,1,1,0,20,17,3,5,0.09,0.02,0.11,4.12,5.0,5.0
2026-09-02T00:25:52+00:00,2026-09-01,daily,3,2026-09-04T17:30:00Z,231,Keane,EVE,DEF,49,-1,-1,1.1,1551,20761,4811,45646,a,,,,,,,,0.0,0,0,0,0,0,0,0,0,0,0,0,0,0,0.00,0.00,0.00,0.00,0.0,0.0
2026-09-02T00:25:52+00:00,2026-09-01,daily,3,2026-09-04T17:30:00Z,232,O'Brien,EVE,DEF,49,-1,-1,0.4,656,5207,2059,12936,a,,,,,,,,0.0,0,0,0,0,0,0,0,0,0,0,0,0,0,0.00,0.00,0.00,0.00,0.0,0.0
2026-09-02T00:25:52+00:00,2026-09-01,daily,3,2026-09-04T17:30:00Z,233,Mykolenko,EVE,DEF,45,0,0,1.7,25766,14143,47550,23213,a,,,,,,,,5.0,4,10,180,2,0,0,1,1,0,16,15,1,11,0.00,0.06,0.06,4.12,5.0,5.0
2026-09-02T00:25:52+00:00,2026-09-01,daily,3,2026-09-04T17:30:00Z,234,Patterson,EVE,DEF,45,0,0,0.0,151,321,358,690,a,,,,,,,,0.0,0,0,0,0,0,0,0,0,0,0,0,0,0,0.00,0.00,0.00,0.00,0.0,0.0
2026-09-02T00:25:52+00:00,2026-09-01,daily,3,2026-09-04T17:30:00Z,235,Aznou,EVE,DEF,40,0,0,0.2,719,1851,1728,3539,u,Has joined Malaga on loan for the rest of the season,2026-09-01T13:23:16.934847Z,,0,,,,0.0,0,0,0,0,0,0,0,0,0,0,0,0,0,0.00,0.00,0.00,0.00,0.0,0.0
2026-09-02T00:25:52+00:00,2026-09-01,daily,3,2026-09-04T17:30:00Z,236,Dewsbury-Hall,EVE,MID,65,0,0,4.4,35755,54333,168402,81284,a,,,,,,,2,6.5,2,13,180,2,1,0,1,1,0,18,1,5,12,0.18,0.33,0.51,4.08,6.5,6.5
2026-09-02T00:25:52+00:00,2026-09-01,daily,3,2026-09-04T17:30:00Z,237,Ndiaye,EVE,MID,60,0,0,14.3,58407,183583,181095,243603,a,,,,,1,,,6.5,4,13,180,2,0,1,1,1,0,25,5,5,15,0.26,0.39,0.65,4.12,6.5,6.5
2026-09-02T00:25:52+00:00,2026-09-01,daily,3,2026-09-04T17:30:00Z,239,Garner,EVE,MID,60,0,0,0.1,1431,2079,2964,3728,a,,2026-07-25T14:30:10.455878Z,100,100,3,1,1,1.0,1,2,72,1,0,0,0,1,0,11,0,4,7,0.00,0.03,0.03,0.92,1.0,1.0
2026-09-02T00:25:52+00:00,2026-09-01,daily,3,2026-09-04T17:30:00Z,240,Iroegbunam,EVE,MID,50,0,0,0.0,90,113,111,461,a,,2026-08-15T20:00:06.878792Z,0,100,,,,0.5,1,1,4,0,0,0,0,0,0,0,0,0,0,0.00,0.00,0.00,0.00,0.0,0.5
2026-09-02T00:25:52+00:00,2026-09-01,daily,3,2026-09-04T17:30:00Z,242,George,EVE,MID,55,0,0,0.3,1065,2684,3338,5166,a,,,,,,,,2.5,2,5,144,2,0,0,1,1,0,9,3,1,5,0.23,0.09,0.32,2.25,2.5,2.5
2026-09-02T00:25:52+00:00,2026-09-01,daily,3,2026-09-04T17:30:00Z,243,Alcaraz,EVE,MID,50,0,0,0.1,526,1194,1279,2332,a,,,,,,,,0.5,0,1,5,0,0,0,0,0,0,3,0,1,2,0.05,0.02,0.07,0.04,0.5,0.5
2026-09-02T00:25:52+00:00,2026-09-01,daily,3,2026-09-04T17:30:00Z,244,Armstrong,EVE,MID,50,0,0,0.4,13762,5380,26548,7847,a,,,,,,,,5.0,2,10,176,2,0,1,1,1,0,25,6,5,14,0.00,0.07,0.07,4.12,5.0,5.0
2026-09-02T00:25:52+00:00,2026-09-01,daily,3,2026-09-04T17:30:00Z,245,Dibling,EVE,MID,54,-1,-1,0.0,229,547,430,1298,a,,,,,,,,0.0,0,0,0,0,0,0,0,0,0,0,0,0,0,0.00,0.00,0.00,0.00,0.0,0.0
2026-09-02T00:25:52+00:00,2026-09-01,daily,3,2026-09-04T17:30:00Z,246,Röhl,EVE,MID,50,0,0,0.1,365,644,883,1280,a,,,,,,,,2.5,2,5,175,2,0,0,1,1,0,18,4,5,9,0.00,0.07,0.07,4.12,2.5,2.5
2026-09-02T00:25:52+00:00,2026-09-01,daily,3,2026-09-04T17:30:00Z,247,Hackney,EVE,MID,55,0,0,0.2,336,2435,1180,5637,a,,2026-08-26T22:00:07.797766Z,50,100,,,3,2.0,1,4,106,1,0,0,1,0,0,10,3,2,5,0.01,0.02,0.03,3.20,1.0,2.0
2026-09-02T00:25:52+00:00,2026-09-01,daily,3,2026-09-04T17:30:00Z,248,Beto,EVE,FWD,54,-1,-1,2.0,7615,33789,15324,76600,a,,,,,4,,,1.0,1,2,31,0,0,0,0,0,0,1,1,0,0,0.09,0.00,0.09,1.92,1.0,1.0
2026-09-02T00:25:52+00:00,2026-09-01,daily,3,2026-09-04T17:30:00Z,249,Barry,EVE,FWD,55,0,0,4.2,103168,51178,253433,73606,a,,,,,2,,,5.0,2,10,147,2,1,0,1,1,0,6,2,1,3,1.93,0.09,2.02,2.20,5.0,5.0
2026-09-02T00:25:52+00:00,2026-09-01,daily,3,2026-09-04T17:30:00Z,250,Leno,FUL,GKP,45,0,0,3.1,18731,14671,30905,26200,a,,,,,,,,2.5,3,5,180,2,0,0,0,4,6,0,3,0,17,0.00,0.00,0.00,4.26,2.5,2.5
2026-09-02T00:25:52+00:00,2026-09-01,daily,3,2026-09-04T17:30:00Z,251,Lecomte,FUL,GKP,40,0,0,1.2,3343,3847,4835,7975,a,,,,,,,,0.0,0,0,0,0,0,0,0,0,0,0,0,0,0,0.00,0.00,0.00,0.00,0.0,0.0
2026-09-02T00:25:52+00:00,2026-09-01,daily,3,2026-09-04T17:30:00Z,252,McNally,FUL,GKP,40,0,0,0.2,1784,1241,2589,1861,u,Has joined York City on loan for the rest of the season,2026-09-01T13:25:11.231240Z,,0,,,,0.0,0,0,0,0,0,0,0,0,0,0,0,0,0,0.00,0.00,0.00,0.00,0.0,0.0
2026-09-02T00:25:52+00:00,2026-09-01,daily,3,2026-09-04T17:30:00Z,253,Andersen,FUL,DEF,50,0,0,0.1,3104,1305,5418,1935,a,,2026-07-23T12:01:23.516350Z,100,100,,,,0.5,1,1,90,1,0,0,0,1,0,8,8,0,2,0.00,0.04,0.04,2.02,0.5,0.5
2026-09-02T00:25:52+00:00,2026-09-01,daily,3,2026-09-04T17:30:00Z,254,Robinson,FUL,DEF,45,0,0,1.6,7270,10263,18451,19692,a,,,,,2,,,1.5,2,3,171,2,0,0,0,4,0,10,4,6,7,0.13,0.06,0.19,4.23,1.5,1.5
2026-09-02T00:25:52+00:00,2026-09-01,daily,3,2026-09-04T17:30:00Z,255,J.Cuenca,FUL,DEF,45,0,0,0.0,313,399,1094,658,a,,,,,,,,1.5,0,3,90,1,0,0,0,3,0,10,9,1,3,0.00,0.03,0.03,2.24,1.5,1.5
2026-09-02T00:25:52+00:00,2026-09-01,daily,3,2026-09-04T17:30:00Z,256,Tete,FUL,DEF,45,0,0,0.2,296,1838,634,3899,a,,,,,,,,0.0,0,0,0,0,0,0,0,0,0,0,0,0,0,0.00,0.00,0.00,0.00,0.0,0.0
2026-09-02T00:25:52+00:00,2026-09-01,daily,3,2026-09-04T17:30:00Z,257,Bassey,FUL,DEF,45,0,0,0.8,4369,4788,11232,10830,a,,,,,,,,1.0,2,2,180,2,0,0,0,4,0,11,9,2,10,0.02,0.03,0.05,4.26,1.0,1.0
2026-09-02T00:25:52+00:00,2026-09-01,daily,3,2026-09-04T17:30:00Z,258,Castagne,FUL,DEF,45,0,0,0.8,22292,5478,34388,8093,a,,,,,,,,6.0,6,12,157,2,0,2,1,3,0,8,6,2,6,0.09,0.18,0.27,2.50,6.0,6.0
2026-09-02T00:25:52+00:00,2026-09-01,daily,3,2026-09-04T17:30:00Z,261,Iwobi,FUL,MID,55,0,0,0.9,3826,10193,9921,19589,a,,,,,3,1,1,2.0,2,4,180,2,0,0,0,4,0,14,4,2,8,0.01,0.44,0.45,4.26,2.0,2.0
2026-09-02T00:25:52+00:00,2026-09-01,daily,3,2026-09-04T17:30:00Z,262,Smith Rowe,FUL,MID,55,0,0,0.3,913,3996,2327,8744,a,,,,,,,,0.5,1,1,14,0,0,0,0,0,0,1,0,0,1,0.06,0.02,0.08,0.41,0.5,0.5
2026-09-02T00:25:52+00:00,2026-09-01,daily,3,2026-09-04T17:30:00Z,263,Kevin,FUL,MID,55,0,0,0.0,254,867,673,1729,a,,,,,,,3,1.0,1,2,24,0,0,0,0,0,0,3,0,2,1,0.00,0.05,0.05,0.20,1.0,1.0
2026-09-02T00:25:52+00:00,2026-09-01,daily,3,2026-09-04T17:30:00Z,264,Bobb,FUL,MID,55,0,0,0.3,2570,3690,7090,6687,a,,,,,,,2,2.5,3,5,133,2,0,0,1,3,0,11,2,5,4,0.00,0.27,0.27,2.47,2.5,2.5
2026-09-02T00:25:52+00:00,2026-09-01,daily,3,2026-09-04T17:30:00Z,265,Berge,FUL,MID,50,0,0,0.4,1141,3154,2606,6487,a,,,,,,,,2.0,2,4,154,2,0,0,0,4,0,6,1,1,4,0.03,0.23,0.26,4.06,2.0,2.0
2026-09-02T00:25:52+00:00,2026-09-01,daily,3,2026-09-04T17:30:00Z,266,Cairney,FUL,MID,50,0,0,0.0,12,55,24,170,i,Knee injury - Expected back 10 Oct,2026-08-14T18:00:06.460944Z,0,0,,,,0.0,0,0,0,0,0,0,0,0,0,0,0,0,0,0.00,0.00,0.00,0.00,0.0,0.0
2026-09-02T00:25:52+00:00,2026-09-01,daily,3,2026-09-04T17:30:00Z,268,King,FUL,MID,55,0,0,0.7,12177,7673,46860,11837,a,,,,,,,,4.5,2,9,180,2,1,0,0,4,0,12,3,4,5,0.64,0.07,0.71,4.26,4.5,4.5
2026-09-02T00:25:52+00:00,2026-09-01,daily,3,2026-09-04T17:30:00Z,269,Sessegnon,FUL,DEF,45,0,0,0.4,519,2718,1478,5732,a,,,,,,,,1.0,1,2,39,0,0,0,0,1,0,2,1,1,2,0.05,0.12,0.17,1.80,1.0,1.0
2026-09-02T00:25:52+00:00,2026-09-01,daily,3,2026-09-04T17:30:00Z,270,Reed,FUL,MID,45,0,0,1.3,5177,11854,10759,26357,a,,,,,,,,0.0,0,0,0,0,0,0,0,0,0,0,0,0,0,0.00,0.00,0.00,0.00,0.0,0.0
2026-09-02T00:25:52+00:00,2026-09-01,daily,3,2026-09-04T17:30:00Z,271,Muniz,FUL,FWD,55,0,0,0.5,2587,6880,5399,13770,a,,,,,,,,0.5,0,1,8,0,0,0,0,0,0,1,1,0,0,0.02,0.00,0.02,0.03,0.5,0.5
2026-09-02T00:25:52+00:00,2026-09-01,daily,3,2026-09-04T17:30:00Z,272,Kusi-Asare,FUL,FWD,45,0,0,6.7,37176,42318,60864,86595,a,,,,,,,,0.0,0,0,0,0,0,0,0,0,0,0,0,0,0,0.00,0.00,0.00,0.00,0.0,0.0
2026-09-02T00:25:52+00:00,2026-09-01,daily,3,2026-09-04T17:30:00Z,569,Gonzalo,FUL,FWD,60,0,0,4.5,86116,46341,238334,63548,a,,,,,1,,,4.0,2,8,180,2,1,0,0,4,0,6,2,1,3,1.00,0.02,1.02,4.26,4.0,4.0
2026-09-02T00:25:52+00:00,2026-09-01,daily,3,2026-09-04T17:30:00Z,570,Palacios,FUL,MID,55,0,0,0.2,539,1998,1449,3782,a,,,,,,,,1.5,1,3,147,2,0,0,0,4,0,13,3,2,8,0.18,0.01,0.19,3.83,1.5,1.5
2026-09-02T00:25:52+00:00,2026-09-01,daily,3,2026-09-04T17:30:00Z,580,Charles,FUL,MID,50,0,0,0.1,217,730,576,1538,a,,,,,,,,1.0,1,2,45,0,0,0,0,1,0,5,1,1,3,0.09,0.03,0.12,1.80,1.0,1.0
2026-09-02T00:25:52+00:00,2026-09-01,daily,3,2026-09-04T17:30:00Z,610,De Fougerolles,FUL,DEF,40,0,0,0.1,1761,1265,4812,1739,d,Unspecified injury - 75% chance of playing,2026-08-28T11:30:08.336405Z,75,75,,,,0.0,0,0,0,0,0,0,0,0,0,0,0,0,0,0.00,0.00,0.00,0.00,0.0,0.0
2026-09-02T00:25:52+00:00,2026-09-01,daily,3,2026-09-04T17:30:00Z,626,Zepa,FUL,MID,45,0,0,0.2,11994,2346,11994,2346,a,,,,,,,,0.0,0,0,0,0,0,0,0,0,0,0,0,0,0,0.00,0.00,0.00,0.00,1.0,1.0
2026-09-02T00:25:52+00:00,2026-09-01,daily,3,2026-09-04T17:30:00Z,273,Phillips,HUL,GKP,40,0,0,1.5,5276,6331,8391,13425,a,,,,,,,,0.0,0,0,0,0,0,0,0,0,0,0,0,0,0,0.00,0.00,0.00,0.00,0.0,0.0
2026-09-02T00:25:52+00:00,2026-09-01,daily,3,2026-09-04T17:30:00Z,274,Butland,HUL,GKP,45,0,0,0.1,104,1028,228,2766,i,Arm injury - Unknown return date,2026-08-08T19:00:05.601633Z,0,0,,,,0.0,0,0,0,0,0,0,0,0,0,0,0,0,0,0.00,0.00,0.00,0.00,0.0,0.0
2026-09-02T00:25:52+00:00,2026-09-01,daily,3,2026-09-04T17:30:00Z,275,Cartwright,HUL,GKP,40,0,0,0.0,0,66,0,177,u,Has joined Grimsby Town on loan for the rest of the season,2026-07-29T13:00:27.959925Z,0,0,,,,0.0,0,0,0,0,0,0,0,0,0,0,0,0,0,0.00,0.00,0.00,0.00,0.0,0.0
2026-09-02T00:25:52+00:00,2026-09-01,daily,3,2026-09-04T17:30:00Z,276,Lo-Tutala,HUL,GKP,40,0,0,0.0,0,196,0,579,u,Has joined Colchester United on loan for the rest of the season,2026-08-17T13:50:27.125537Z,0,0,,,,0.0,0,0,0,0,0,0,0,0,0,0,0,0,0,0.00,0.00,0.00,0.00,0.0,0.0
2026-09-02T00:25:52+00:00,2026-09-01,daily,3,2026-09-04T17:30:00Z,277,Egan,HUL,DEF,40,0,0,4.0,182174,25710,225111,36917,a,,,,,,,,8.5,9,17,180,2,0,0,2,0,0,34,32,2,4,0.00,0.00,0.00,3.12,8.5,8.5
2026-09-02T00:25:52+00:00,2026-09-01,daily,3,2026-09-04T17:30:00Z,278,Hughes,HUL,DEF,40,0,0,0.1,69,1181,168,3501,i,Groin injury - Unknown return date,2026-08-02T09:00:11.030017Z,0,0,,,,0.0,0,0,0,0,0,0,0,0,0,0,0,0,0,0.00,0.00,0.00,0.00,0.0,0.0
2026-09-02T00:25:52+00:00,2026-09-01,daily,3,2026-09-04T17:30:00Z,279,Ajayi,HUL,DEF,41,1,1,7.3,400824,30653,480230,46246,a,,2026-08-22T17:30:07.668197Z,100,100,,,,10.0,6,20,153,2,1,0,2,0,0,14,12,2,8,0.52,0.00,0.52,2.15,10.0,10.0
2026-09-02T00:25:52+00:00,2026-09-01,daily,3,2026-09-04T17:30:00Z,280,Coyle,HUL,DEF,40,0,0,0.6,1033,5721,3656,10802,d,Unspecified injury - 75% chance of playing,2026-08-29T16:30:08.151841Z,100,75,,,,3.0,0,6,114,2,0,0,1,0,0,6,5,1,4,0.00,0.01,0.01,2.25,3.0,2.2
2026-09-02T00:25:52+00:00,2026-09-01,daily,3,2026-09-04T17:30:00Z,281,Drameh,HUL,DEF,40,0,0,0.1,886,621,1994,1034,a,,2026-08-08T19:00:05.613036Z,100,100,,,,1.0,1,2,65,0,0,0,0,0,0,6,5,1,4,0.05,0.00,0.05,0.87,1.0,1.0
2026-09-02T00:25:52+00:00,2026-09-01,daily,3,2026-09-04T17:30:00Z,282,Giles,HUL,DEF,40,0,0,1.0,14408,4274,27300,8465,a,,,,,,1,1,6.0,6,12,174,2,0,0,2,0,0,8,6,2,5,0.02,0.14,0.16,3.05,6.0,6.0
2026-09-02T00:25:52+00:00,2026-09-01,daily,3,2026-09-04T17:30:00Z,283,Jacob,HUL,DEF,40,0,0,0.0,53,118,110,346,i,Hip injury - Expected back 5 Sep,2026-08-02T09:00:11.038361Z,0,0,,,,0.0,0,0,0,0,0,0,0,0,0,0,0,0,0,0.00,0.00,0.00,0.00,0.0,0.0
2026-09-02T00:25:52+00:00,2026-09-01,daily,3,2026-09-04T17:30:00Z,284,McCarthy,HUL,DEF,40,0,0,0.1,869,800,1544,1759,a,,,,,,,,0.0,0,0,0,0,0,0,0,0,0,0,0,0,0,0.00,0.00,0.00,0.00,0.0,0.0
2026-09-02T00:25:52+00:00,2026-09-01,daily,3,2026-09-04T17:30:00Z,285,McNair,HUL,DEF,40,0,0,0.1,613,959,1259,1649,a,,,,,,,,0.5,0,1,26,0,0,0,0,0,0,2,2,0,1,0.00,0.00,0.00,0.96,0.5,0.5
2026-09-02T00:25:52+00:00,2026-09-01,daily,3,2026-09-04T17:30:00Z,286,Belloumi,HUL,MID,50,0,0,0.8,17172,5664,31062,9695,a,,,,,,2,3,4.5,6,9,172,2,0,1,2,0,0,20,6,6,8,0.17,0.05,0.22,2.94,4.5,4.5
2026-09-02T00:25:52+00:00,2026-09-01,daily,3,2026-09-04T17:30:00Z,287,Millar,HUL,MID,50,0,0,0.1,2691,885,2996,1872,a,,,,,,,,3.0,6,6,50,0,1,0,0,0,0,4,2,1,1,0.58,0.00,0.58,0.87,3.0,3.0
2026-09-02T00:25:52+00:00,2026-09-01,daily,3,2026-09-04T17:30:00Z,288,Dowell,HUL,MID,45,0,0,0.4,3728,3714,5444,7972,a,,,,,,,,0.0,0,0,0,0,0,0,0,0,0,0,0,0,0,0.00,0.00,0.00,0.00,0.0,0.0
2026-09-02T00:25:52+00:00,2026-09-01,daily,3,2026-09-04T17:30:00Z,289,Crooks,HUL,MID,45,0,0,0.6,2371,9616,12512,15306,d,Thigh injury - 75% chance of playing,2026-08-29T15:00:08.569326Z,,75,,,,1.0,0,2,90,1,0,0,1,0,0,9,4,4,1,0.00,0.00,0.00,1.83,1.0,0.8
2026-09-02T00:25:52+00:00,2026-09-01,daily,3,2026-09-04T17:30:00Z,290,Slater,HUL,MID,45,0,0,4.5,91526,36722,183897,59096,a,,,,,,,2,4.0,2,8,180,2,0,1,2,0,0,13,2,5,6,0.00,0.45,0.45,3.12,4.0,4.0
2026-09-02T00:25:52+00:00,2026-09-01,daily,3,2026-09-04T17:30:00Z,291,Matazo,HUL,MID,45,0,0,0.0,60,80,124,176,i,Knee injury - Unknown return date,2026-07-23T12:01:23.532635Z,0,0,,,,0.0,0,0,0,0,0,0,0,0,0,0,0,0,0,0.00,0.00,0.00,0.00,0.0,0.0
2026-09-02T00:25:52+00:00,2026-09-01,daily,3,2026-09-04T17:30:00Z,292,Ömür,HUL,MID,50,0,0,0.0,154,309,363,696,a,,,,,,,,0.0,0,0,0,0,0,0,0,0,0,0,0,0,0,0.00,0.00,0.00,0.00,0.0,0.0
2026-09-02T00:25:52+00:00,2026-09-01,daily,3,2026-09-04T17:30:00Z,293,Kamara,HUL,MID,50,0,0,0.0,0,70,0,267,u,Has joined Portsmouth permanently,2026-08-12T14:08:23.542043Z,0,0,,,,0.0,0,0,0,0,0,0,0,0,0,0,0,0,0,0.00,0.00,0.00,0.00,0.0,0.0
2026-09-02T00:25:52+00:00,2026-09-01,daily,3,2026-09-04T17:30:00Z,294,Zambrano,HUL,MID,45,0,0,0.1,514,1389,1005,3538,i,Thigh injury - Unknown return date,2026-08-04T18:30:11.016909Z,0,0,,,,0.0,0,0,0,0,0,0,0,0,0,0,0,0,0,0.00,0.00,0.00,0.00,0.0,0.0
2026-09-02T00:25:52+00:00,2026-09-01,daily,3,2026-09-04T17:30:00Z,295,McBurnie,HUL,FWD,55,0,0,2.1,25650,29382,108291,45323,a,,,,,1,,,3.0,1,6,180,2,0,1,2,0,0,9,3,0,6,0.16,0.02,0.18,3.12,3.0,3.0
2026-09-02T00:25:52+00:00,2026-09-01,daily,3,2026-09-04T17:30:00Z,296,Akintola,HUL,MID,50,0,0,0.0,907,923,1821,1863,a,,,,,,,,0.0,0,0,0,0,0,0,0,0,0,0,0,0,0,0.00,0.00,0.00,0.00,0.0,0.0
2026-09-02T00:25:52+00:00,2026-09-01,daily,3,2026-09-04T17:30:00Z,297,Gyabi,HUL,MID,45,0,0,0.0,79,310,143,836,i,Thigh injury - Unknown return date,2026-08-04T18:30:11.027155Z,0,0,,,,0.0,0,0,0,0,0,0,0,0,0,0,0,0,0,0.00,0.00,0.00,0.00,0.0,0.0
2026-09-02T00:25:52+00:00,2026-09-01,daily,3,2026-09-04T17:30:00Z,298,Destan,HUL,FWD,45,0,0,0.3,0,3970,0,12836,u,Has joined Konyaspor permanently,2026-08-17T13:50:27.145733Z,0,0,,,,0.0,0,0,0,0,0,0,0,0,0,0,0,0,0,0.00,0.00,0.00,0.00,0.0,0.0
2026-09-02T00:25:52+00:00,2026-09-01,daily,3,2026-09-04T17:30:00Z,299,Burstow,HUL,FWD,45,0,0,0.0,0,578,0,1788,u,Has joined Sheffield Wednesday on loan for the rest of the season,2026-08-03T14:05:20.234842Z,0,0,,,,0.0,0,0,0,0,0,0,0,0,0,0,0,0,0,0.00,0.00,0.00,0.00,0.0,0.0
2026-09-02T00:25:52+00:00,2026-09-01,daily,3,2026-09-04T17:30:00Z,340,Gelhardt,HUL,MID,50,0,0,0.0,30,148,75,436,i,Ankle injury - Expected back 5 Sep,2026-08-17T21:30:07.799839Z,0,0,,,,0.0,0,0,0,0,0,0,0,0,0,0,0,0,0,0.00,0.00,0.00,0.00,0.0,0.0
2026-09-02T00:25:52+00:00,2026-09-01,daily,3,2026-09-04T17:30:00Z,556,Targett,HUL,DEF,40,0,0,2.1,6759,15022,12152,30463,a,,,,,,,,0.5,0,1,5,0,0,0,0,0,0,0,0,0,1,0.00,0.00,0.00,0.07,0.5,0.5
2026-09-02T00:25:52+00:00,2026-09-01,daily,3,2026-09-04T17:30:00Z,563,Morita,HUL,MID,50,0,0,0.0,270,179,388,507,a,,2026-08-15T16:00:07.961518Z,100,100,,,,0.5,1,1,45,1,0,0,0,0,0,3,2,0,1,0.00,0.00,0.00,1.09,0.5,0.5
2026-09-02T00:25:52+00:00,2026-09-01,daily,3,2026-09-04T17:30:00Z,572,Tzolakis,HUL,GKP,45,0,0,6.5,232975,26769,334945,39184,a,,,,,,,,10.0,10,20,180,2,0,0,2,0,8,0,0,0,33,0.00,0.00,0.00,3.12,10.0,10.0
2026-09-02T00:25:52+00:00,2026-09-01,daily,3,2026-09-04T17:30:00Z,574,Hjertø-Dahl,HUL,MID,50,0,0,0.1,221,894,528,1863,a,,,,,,,,0.0,0,0,0,0,0,0,0,0,0,0,0,0,0,0.00,0.00,0.00,0.00,0.0,0.0
2026-09-02T00:25:52+00:00,2026-09-01,daily,3,2026-09-04T17:30:00Z,576,Stroud,HUL,MID,50,0,0,0.1,504,942,1934,1539,a,,,,,,,,1.5,0,3,128,2,0,0,1,0,0,13,3,3,7,0.01,0.04,0.05,2.25,1.5,1.5
2026-09-02T00:25:52+00:00,2026-09-01,daily,3,2026-09-04T17:30:00Z,585,Herrington,HUL,DEF,40,0,0,0.6,2282,3095,5053,6697,a,,,,,,,,1.0,1,2,57,0,0,0,0,0,0,5,5,0,0,0.00,0.00,0.00,1.16,1.0,1.0
2026-09-02T00:25:52+00:00,2026-09-01,daily,3,2026-09-04T17:30:00Z,586,Mendy,HUL,DEF,40,0,0,5.3,108981,42394,288561,61854,a,,2026-08-22T17:30:08.045208Z,100,100,,,,8.0,1,16,121,2,1,0,1,0,0,22,20,2,4,0.29,0.00,0.29,1.95,8.0,8.0
2026-09-02T00:25:52+00:00,2026-09-01,daily,3,2026-09-04T17:30:00Z,589,Gourna-Douath,HUL,MID,50,0,0,0.0,155,221,290,534,a,,,,,,,,0.5,1,1,45,0,0,0,0,0,0,6,1,3,2,0.00,0.01,0.01,0.20,0.5,0.5
2026-09-02T00:25:52+00:00,2026-09-01,daily,3,2026-09-04T17:30:00Z,617,Cho,HUL,MID,50,0,0,0.0,491,124,516,126,a,,,,,,,,1.0,1,1,7,0,0,0,0,0,0,0,0,0,0,0.00,0.00,0.00,0.18,1.5,1.5
2026-09-02T00:25:52+00:00,2026-09-01,daily,3,2026-09-04T17:30:00Z,259,Diop,IPS,DEF,40,0,0,16.0,25846,70186,52359,141110,a,,,,,,,,2.0,2,4,180,2,0,0,0,6,0,17,16,1,10,0.00,0.01,0.01,5.43,2.0,2.0
2026-09-02T00:25:52+00:00,2026-09-01,daily,3,2026-09-04T17:30:00Z,267,Lukić,IPS,MID,50,0,0,0.1,493,1026,1671,2371,a,,,,,,,4,3.0,1,6,162,2,0,1,0,5,0,17,9,4,4,0.02,0.04,0.06,4.57,3.0,3.0
2026-09-02T00:25:52+00:00,2026-09-01,daily,3,2026-09-04T17:30:00Z,300,Walton,IPS,GKP,45,0,0,0.5,220,2632,429,7204,a,,,,,,,,0.0,0,0,0,0,0,0,0,0,0,0,0,0,0,0.00,0.00,0.00,0.00,0.0,0.0
2026-09-02T00:25:52+00:00,2026-09-01,daily,3,2026-09-04T17:30:00Z,301,Palmer,IPS,GKP,40,0,0,4.3,14831,17515,22517,34863,a,,,,,,,,0.0,0,0,0,0,0,0,0,0,0,0,0,0,0,0.00,0.00,0.00,0.00,0.0,0.0
2026-09-02T00:25:52+00:00,2026-09-01,daily,3,2026-09-04T17:30:00Z,302,Button,IPS,GKP,40,0,0,0.5,4101,2085,6060,3904,a,,,,,,,,0.0,0,0,0,0,0,0,0,0,0,0,0,0,0,0.00,0.00,0.00,0.00,0.0,0.0
2026-09-02T00:25:52+00:00,2026-09-01,daily,3,2026-09-04T17:30:00Z,303,Kipré,IPS,DEF,40,0,0,0.6,344,3139,676,8086,a,,,,,,,,0.0,0,0,0,0,0,0,0,0,0,0,0,0,0,0.00,0.00,0.00,0.00,0.0,0.0
2026-09-02T00:25:52+00:00,2026-09-01,daily,3,2026-09-04T17:30:00Z,304,O'Shea,IPS,DEF,40,0,0,3.3,12720,19252,28359,33236,a,,,,,,,,2.0,0,4,180,2,0,0,0,6,0,19,17,2,8,0.07,0.17,0.24,5.43,2.0,2.0
2026-09-02T00:25:52+00:00,2026-09-01,daily,3,2026-09-04T17:30:00Z,305,Davis,IPS,DEF,40,0,0,5.0,34547,22140,41869,43430,a,,,,,,2,2,4.0,6,8,180,2,1,0,0,6,0,11,11,0,5,0.54,0.13,0.67,5.43,4.0,4.0
2026-09-02T00:25:52+00:00,2026-09-01,daily,3,2026-09-04T17:30:00Z,306,Greaves,IPS,DEF,40,0,0,1.3,1660,6060,3296,12171,a,,,,,,,,0.5,-1,1,180,2,0,0,0,6,0,17,13,4,5,0.00,0.01,0.01,5.43,0.5,0.5
2026-09-02T00:25:52+00:00,2026-09-01,daily,3,2026-09-04T17:30:00Z,307,Johnson,IPS,DEF,40,0,0,0.1,450,738,877,1760,a,,,,,,,,0.0,0,0,0,0,0,0,0,0,0,0,0,0,0,0.00,0.00,0.00,0.00,0.0,0.0
2026-09-02T00:25:52+00:00,2026-09-01,daily,3,2026-09-04T17:30:00Z,308,Furlong,IPS,DEF,40,0,0,0.6,345,2565,614,6981,a,,,,,,,,0.5,1,1,17,0,0,0,0,1,0,3,2,1,0,0.00,0.00,0.00,0.86,0.5,0.5
2026-09-02T00:25:52+00:00,2026-09-01,daily,3,2026-09-04T17:30:00Z,309,Núñez,IPS,MID,50,0,0,0.1,708,1171,1905,2564,a,,,,,,1,1,3.0,2,6,140,2,0,0,0,4,0,21,8,3,10,0.03,0.05,0.08,3.48,3.0,3.0
2026-09-02T00:25:52+00:00,2026-09-01,daily,3,2026-09-04T17:30:00Z,310,Matusiwa,IPS,MID,50,0,0,0.0,7,47,15,159,i,Muscular injury - Unknown return date,2026-07-29T18:00:10.305484Z,0,0,,,,0.0,0,0,0,0,0,0,0,0,0,0,0,0,0,0.00,0.00,0.00,0.00,0.0,0.0
2026-09-02T00:25:52+00:00,2026-09-01,daily,3,2026-09-04T17:30:00Z,311,Burns,IPS,MID,50,0,0,0.0,0,61,0,252,u,Has joined Leicester City permanently,2026-08-10T14:02:47.597478Z,0,0,,,,0.0,0,0,0,0,0,0,0,0,0,0,0,0,0,0.00,0.00,0.00,0.00,0.0,0.0
2026-09-02T00:25:52+00:00,2026-09-01,daily,3,2026-09-04T17:30:00Z,312,Taylor,IPS,MID,45,0,0,0.0,112,496,223,1379,i,Knee injury - Unknown return date,2026-07-29T18:00:10.319370Z,0,0,,,,0.0,0,0,0,0,0,0,0,0,0,0,0,0,0,0.00,0.00,0.00,0.00,0.0,0.0
2026-09-02T00:25:52+00:00,2026-09-01,daily,3,2026-09-04T17:30:00Z,313,Clarke,IPS,MID,55,0,0,0.3,855,3383,4057,5826,a,,,,,1,3,3,3.5,0,7,19,0,1,0,0,0,0,2,0,1,1,0.10,0.00,0.10,0.03,3.5,3.5
2026-09-02T00:25:52+00:00,2026-09-01,daily,3,2026-09-04T17:30:00Z,314,Ogbene,IPS,MID,49,-1,-1,0.0,54,183,91,426,a,,,,,,,,0.0,0,0,0,0,0,0,0,0,0,0,0,0,0,0.00,0.00,0.00,0.00,0.0,0.0
2026-09-02T00:25:52+00:00,2026-09-01,daily,3,2026-09-04T17:30:00Z,315,Fatawu,IPS,MID,55,0,0,0.2,1262,1795,1832,4563,a,,,,,,,,3.0,4,6,147,2,0,1,0,6,0,11,2,5,4,0.00,0.63,0.63,5.22,3.0,3.0
2026-09-02T00:25:52+00:00,2026-09-01,daily,3,2026-09-04T17:30:00Z,316,Emersonn,IPS,FWD,55,0,0,1.7,13700,35530,90507,52340,d,Knee injury - 75% chance of playing,2026-08-31T09:30:08.306145Z,,75,2,,,5.0,1,10,110,2,1,0,0,2,0,4,2,1,1,0.82,0.06,0.88,1.40,5.0,3.8
2026-09-02T00:25:52+00:00,2026-09-01,daily,3,2026-09-04T17:30:00Z,317,Hirst,IPS,FWD,50,0,0,0.1,0,2763,0,11458,u,Has joined Stoke City permanently,2026-08-21T13:06:08.606019Z,0,0,,,,0.0,0,0,0,0,0,0,0,0,0,0,0,0,0,0.00,0.00,0.00,0.00,0.0,0.0
2026-09-02T00:25:52+00:00,2026-09-01,daily,3,2026-09-04T17:30:00Z,318,Philogene,IPS,MID,54,-1,-1,0.1,34,2303,140,6231,i,Ankle injury - Unknown return date,2026-08-25T11:30:07.532993Z,0,0,3,,5,0.0,0,0,0,0,0,0,0,0,0,0,0,0,0,0.00,0.00,0.00,0.00,0.0,0.0
2026-09-02T00:25:52+00:00,2026-09-01,daily,3,2026-09-04T17:30:00Z,319,Szmodics,IPS,MID,50,0,0,0.0,0,140,0,549,u,Has joined Derby County on loan for the rest of the season,2026-08-17T13:51:41.713979Z,0,0,,,,0.0,0,0,0,0,0,0,0,0,0,0,0,0,0,0.00,0.00,0.00,0.00,0.0,0.0
2026-09-02T00:25:52+00:00,2026-09-01,daily,3,2026-09-04T17:30:00Z,320,Akpom,IPS,FWD,50,0,0,0.8,31412,8769,36037,15019,a,,,,,,,,3.0,5,6,69,0,1,0,0,4,0,3,0,1,2,0.97,0.00,0.97,4.04,3.0,3.0
2026-09-02T00:25:52+00:00,2026-09-01,daily,3,2026-09-04T17:30:00Z,321,Walle Egeli,IPS,FWD,45,0,0,3.1,77908,30497,118620,53938,a,,,,,,,,0.5,0,1,10,0,0,0,0,0,0,0,0,0,0,0.00,0.00,0.00,0.03,0.5,0.5
2026-09-02T00:25:52+00:00,2026-09-01,daily,3,2026-09-04T17:30:00Z,322,Al-Hamadi,IPS,FWD,50,0,0,0.1,0,2754,755,5756,u,Has joined Sheffield Wednesday on loan for the rest of the season,2026-08-27T14:54:10.215357Z,0,0,,,,0.0,0,0,0,0,0,0,0,0,0,0,0,0,0,0.00,0.00,0.00,0.00,0.0,0.0
2026-09-02T00:25:52+00:00,2026-09-01,daily,3,2026-09-04T17:30:00Z,323,McAteer,IPS,MID,45,0,0,1.3,7120,9624,12735,21189,a,,,,,,,,1.0,1,2,31,0,0,0,0,0,0,4,0,1,3,0.00,0.00,0.00,0.21,1.0,1.0
2026-09-02T00:25:52+00:00,2026-09-01,daily,3,2026-09-04T17:30:00Z,324,Mehmeti,IPS,MID,49,-1,-1,0.0,36,448,83,1134,a,,,,,,,,0.0,0,0,0,0,0,0,0,0,0,0,0,0,0,0.00,0.00,0.00,0.00,0.0,0.0
2026-09-02T00:25:52+00:00,2026-09-01,daily,3,2026-09-04T17:30:00Z,554,Van Oevelen,IPS,GKP,45,0,0,0.0,0,509,54,1146,u,Has joined Valencia on loan for the rest of the season,2026-08-25T14:04:09.529320Z,0,0,,,,0.0,0,0,0,0,0,0,0,0,0,0,0,0,0,0.00,0.00,0.00,0.00,0.0,0.0
2026-09-02T00:25:52+00:00,2026-09-01,daily,3,2026-09-04T17:30:00Z,562,Maeda,IPS,MID,55,0,0,0.3,556,3153,1296,7195,a,,,,,,,,2.0,2,4,151,2,0,0,0,5,0,14,6,5,3,0.67,0.01,0.68,4.54,2.0,2.0
2026-09-02T00:25:52+00:00,2026-09-01,daily,3,2026-09-04T17:30:00Z,564,Scherpen,IPS,GKP,45,0,0,0.6,1703,3581,3032,7157,a,,,,,,,,2.0,2,4,180,2,0,0,0,6,8,0,5,0,23,0.00,0.01,0.01,5.43,2.0,2.0
2026-09-02T00:25:52+00:00,2026-09-01,daily,3,2026-09-04T17:30:00Z,571,Florentino,IPS,MID,50,0,0,0.1,98,1425,312,3632,d,Calf injury - 75% chance of playing,2026-08-25T11:30:07.678802Z,75,75,,,,0.0,0,0,0,0,0,0,0,0,0,0,0,0,0,0.00,0.00,0.00,0.00,0.0,0.0
2026-09-02T00:25:52+00:00,2026-09-01,daily,3,2026-09-04T17:30:00Z,591,Enciso,IPS,MID,55,0,0,0.6,17982,5587,35651,10041,a,,2026-08-22T18:00:07.551930Z,100,100,,,,5.0,5,10,160,2,0,2,0,6,0,16,2,2,12,0.63,0.62,1.25,5.40,5.0,5.0
2026-09-02T00:25:52+00:00,2026-09-01,daily,3,2026-09-04T17:30:00Z,592,Ouattara,IPS,DEF,40,0,0,1.0,2781,4165,5550,10031,a,,,,,,,,1.0,1,2,27,0,0,0,0,1,0,2,2,0,1,0.00,0.00,0.00,0.89,1.0,1.0
2026-09-02T00:25:52+00:00,2026-09-01,daily,3,2026-09-04T17:30:00Z,602,Humphreys,IPS,MID,45,0,0,0.0,1472,646,2747,979,a,,,,,,,,0.0,0,0,0,0,0,0,0,0,0,0,0,0,0,0.00,0.00,0.00,0.00,0.0,0.0
2026-09-02T00:25:52+00:00,2026-09-01,daily,3,2026-09-04T17:30:00Z,619,Palacios,IPS,MID,50,0,0,0.0,1012,246,1101,251,a,,,,,,,,1.0,1,1,28,0,0,0,0,2,0,6,2,1,3,0.00,0.01,0.01,1.92,1.5,1.5
2026-09-02T00:25:52+00:00,2026-09-01,daily,3,2026-09-04T17:30:00Z,260,Wilson,LEE,MID,64,-1,-1,4.6,4296,89971,19225,147739,a,,,,,,,2,2.0,1,4,110,1,0,0,1,0,0,8,2,3,3,0.01,0.06,0.07,1.66,2.0,2.0
2026-09-02T00:25:52+00:00,2026-09-01,daily,3,2026-09-04T17:30:00Z,326,Perri,LEE,GKP,45,0,0,0.5,204,4131,532,9490,u,Has joined Torino on loan for the rest of the season,2026-09-01T13:12:39.210133Z,,0,,,,0.0,0,0,0,0,0,0,0,0,0,0,0,0,0,0.00,0.00,0.00,0.00,0.0,0.0
2026-09-02T00:25:52+00:00,2026-09-01,daily,3,2026-09-04T17:30:00Z,327,Bijol,LEE,DEF,50,0,0,1.0,10960,11115,56179,19299,a,,,,,,,,5.5,1,11,135,2,0,0,1,1,0,17,16,1,7,0.11,0.00,0.11,1.21,5.5,5.5
2026-09-02T00:25:52+00:00,2026-09-01,daily,3,2026-09-04T17:30:00Z,329,Rodon,LEE,DEF,45,0,0,3.0,4817,48606,26417,61180,d,Hamstring injury - 50% chance of playing,2026-08-30T16:00:08.564382Z,,50,,,,3.5,1,7,123,2,0,0,1,0,0,11,10,1,2,0.03,0.06,0.09,1.01,3.5,1.8
2026-09-02T00:25:52+00:00,2026-09-01,daily,3,2026-09-04T17:30:00Z,330,Bogle,LEE,DEF,45,0,0,0.5,3006,3133,8931,6257,a,,,,,,,,4.0,2,8,157,2,0,0,1,1,0,10,7,3,8,0.00,0.01,0.01,1.40,4.0,4.0
2026-09-02T00:25:52+00:00,2026-09-01,daily,3,2026-09-04T17:30:00Z,331,Gudmundsson,LEE,DEF,45,0,0,0.0,364,247,430,1239,a,,2026-08-08T20:00:07.546568Z,75,100,,,,0.0,0,0,0,0,0,0,0,0,0,0,0,0,0,0.00,0.00,0.00,0.00,0.0,0.0
2026-09-02T00:25:52+00:00,2026-09-01,daily,3,2026-09-04T17:30:00Z,332,Justin,LEE,DEF,45,0,0,1.4,21479,12618,65013,22009,a,,,,,,,,6.0,2,12,180,2,0,0,1,1,0,20,12,8,7,0.03,0.02,0.05,2.33,6.0,6.0
2026-09-02T00:25:52+00:00,2026-09-01,daily,3,2026-09-04T17:30:00Z,333,Bornauw,LEE,DEF,45,0,0,0.0,0,41,0,211,u,Has joined Hamburg SV on loan for the rest of the season,2026-08-19T13:56:14.645970Z,0,0,,,,0.0,0,0,0,0,0,0,0,0,0,0,0,0,0,0.00,0.00,0.00,0.00,0.0,0.0
2026-09-02T00:25:52+00:00,2026-09-01,daily,3,2026-09-04T17:30:00Z,334,Muharemović,LEE,DEF,50,0,0,3.3,24757,23021,46296,34863,a,,,,,,,,5.0,4,10,180,2,0,0,1,1,0,26,24,2,4,0.09,0.01,0.10,2.33,5.0,5.0
2026-09-02T00:25:52+00:00,2026-09-01,daily,3,2026-09-04T17:30:00Z,335,Stach,LEE,MID,60,0,0,2.8,34717,29312,116061,42991,a,,,,,,1,1,8.5,4,17,180,2,1,0,1,1,0,32,16,7,9,0.17,0.06,0.23,2.33,8.5,8.5
2026-09-02T00:25:52+00:00,2026-09-01,daily,3,2026-09-04T17:30:00Z,336,Okafor,LEE,MID,59,-1,-1,0.4,1386,6456,2741,15624,a,,,,,,,,1.5,2,3,92,1,0,0,0,1,0,7,2,3,2,0.08,0.17,0.25,0.87,1.5,1.5
2026-09-02T00:25:52+00:00,2026-09-01,daily,3,2026-09-04T17:30:00Z,337,Aaronson,LEE,MID,55,0,0,0.8,1306,9209,3899,17642,a,,,,,,3,,2.0,1,4,126,2,0,0,1,1,0,10,1,2,7,0.01,0.02,0.03,1.13,2.0,2.0
2026-09-02T00:25:52+00:00,2026-09-01,daily,3,2026-09-04T17:30:00Z,338,Ampadu,LEE,MID,55,0,0,1.2,2130,11127,6721,20568,a,,,,,,,,3.5,2,7,180,2,0,0,1,1,0,23,11,4,8,0.01,0.13,0.14,2.33,3.5,3.5
2026-09-02T00:25:52+00:00,2026-09-01,daily,3,2026-09-04T17:30:00Z,339,Longstaff,LEE,MID,50,0,0,0.1,428,1617,1003,3248,a,,,,,,2,3,0.5,0,1,8,0,0,0,0,0,0,0,0,0,0,0.00,0.00,0.00,0.07,0.5,0.5
2026-09-02T00:25:52+00:00,2026-09-01,daily,3,2026-09-04T17:30:00Z,341,Gnonto,LEE,MID,50,0,0,0.0,208,222,226,918,a,,2026-08-17T20:30:08.092366Z,75,100,,,,0.0,0,0,0,0,0,0,0,0,0,0,0,0,0,0.00,0.00,0.00,0.00,0.0,0.0
2026-09-02T00:25:52+00:00,2026-09-01,daily,3,2026-09-04T17:30:00Z,342,Harrison,LEE,MID,50,0,0,0.0,0,13,0,49,u,Has joined New England Revolution permanently,2026-07-28T12:59:09.492431Z,0,0,,,,0.0,0,0,0,0,0,0,0,0,0,0,0,0,0,0.00,0.00,0.00,0.00,0.0,0.0
2026-09-02T00:25:52+00:00,2026-09-01,daily,3,2026-09-04T17:30:00Z,343,James,LEE,MID,50,0,0,0.1,1090,1366,1953,3102,a,,,,,,,,0.5,1,1,22,0,0,0,0,0,0,2,0,0,2,0.24,0.01,0.25,0.93,0.5,0.5
2026-09-02T00:25:52+00:00,2026-09-01,daily,3,2026-09-04T17:30:00Z,344,Gruev,LEE,MID,50,0,0,0.0,21,44,30,173,d,Knee injury - 25% chance of playing,2026-08-14T23:00:06.272027Z,0,25,,,,0.0,0,0,0,0,0,0,0,0,0,0,0,0,0,0.00,0.00,0.00,0.00,0.0,0.0
2026-09-02T00:25:52+00:00,2026-09-01,daily,3,2026-09-04T17:30:00Z,345,Tanaka,LEE,MID,49,-1,-1,0.2,1680,2718,2579,6951,a,,,,,,,4,0.5,1,1,45,0,0,0,0,0,0,11,5,3,3,0.00,0.01,0.01,1.13,0.5,0.5
2026-09-02T00:25:52+00:00,2026-09-01,daily,3,2026-09-04T17:30:00Z,346,Calvert-Lewin,LEE,FWD,60,0,0,26.9,121861,184858,206175,373794,a,,,,,1,,,4.5,8,9,180,2,1,0,1,1,0,6,3,0,3,1.05,0.02,1.07,2.33,4.5,4.5
2026-09-02T00:25:52+00:00,2026-09-01,daily,3,2026-09-04T17:30:00Z,347,Nmecha,LEE,FWD,55,0,0,0.5,3122,5259,5039,14803,a,,,,,2,,,2.0,4,4,21,0,0,1,0,0,0,1,0,0,1,0.10,0.00,0.10,0.93,2.0,2.0
2026-09-02T00:25:52+00:00,2026-09-01,daily,3,2026-09-04T17:30:00Z,348,Piroe,LEE,FWD,50,0,0,0.1,0,2110,0,7461,u,Has joined West Ham United on loan for the rest of the season,2026-08-19T13:56:14.666726Z,0,0,3,,,0.0,0,0,0,0,0,0,0,0,0,0,0,0,0,0.00,0.00,0.00,0.00,0.0,0.0
2026-09-02T00:25:52+00:00,2026-09-01,daily,3,2026-09-04T17:30:00Z,349,Mateo Joseph,LEE,FWD,45,0,0,0.1,578,708,903,1759,i,Knee injury - Unknown return date,2026-07-29T18:00:10.338170Z,0,0,,,,0.0,0,0,0,0,0,0,0,0,0,0,0,0,0,0.00,0.00,0.00,0.00,0.0,0.0
2026-09-02T00:25:52+00:00,2026-09-01,daily,3,2026-09-04T17:30:00Z,385,Trafford,LEE,GKP,50,0,0,5.0,49773,28408,113567,43512,a,,,,,,,,6.0,3,12,180,2,0,0,1,1,7,0,0,0,20,0.00,0.00,0.00,2.33,6.0,6.0
2026-09-02T00:25:52+00:00,2026-09-01,daily,3,2026-09-04T17:30:00Z,598,Elvedi,LEE,DEF,45,0,0,0.0,352,289,706,568,a,,,,,,,,0.5,1,1,56,0,0,0,0,1,0,6,5,1,4,0.00,0.00,0.00,1.32,0.5,0.5
2026-09-02T00:25:52+00:00,2026-09-01,daily,3,2026-09-04T17:30:00Z,603,Lienou,LEE,DEF,40,0,0,0.1,1720,782,3208,1101,a,,,,,,,,0.0,0,0,0,0,0,0,0,0,0,0,0,0,0,0.00,0.00,0.00,0.00,0.0,0.0
2026-09-02T00:25:52+00:00,2026-09-01,daily,3,2026-09-04T17:30:00Z,604,Cresswell,LEE,MID,45,0,0,0.1,3759,1409,6788,2119,a,,,,,,,,0.0,0,0,0,0,0,0,0,0,0,0,0,0,0,0.00,0.00,0.00,0.00,0.0,0.0
2026-09-02T00:25:52+00:00,2026-09-01,daily,3,2026-09-04T17:30:00Z,625,Cairns,LEE,GKP,40,0,0,0.1,6725,652,6725,652,a,,,,,,,,0.0,0,0,0,0,0,0,0,0,0,0,0,0,0,0.00,0.00,0.00,0.00,1.0,1.0
2026-09-02T00:25:52+00:00,2026-09-01,daily,3,2026-09-04T17:30:00Z,629,Zetterer,LEE,GKP,40,0,0,0.1,2507,138,2507,138,a,,,,,,,,0.0,0,0,0,0,0,0,0,0,0,0,0,0,0,0.00,0.00,0.00,0.00,1.0,1.0
2026-09-02T00:25:52+00:00,2026-09-01,daily,3,2026-09-04T17:30:00Z,350,A.Becker,LIV,GKP,55,0,0,3.8,23533,35783,48840,57006,a,,,,,,,,1.0,0,2,180,2,0,0,0,4,4,0,4,0,10,0.00,0.00,0.00,3.88,1.0,1.0
2026-09-02T00:25:52+00:00,2026-09-01,daily,3,2026-09-04T17:30:00Z,351,Mamardashvili,LIV,GKP,50,0,0,0.1,571,1993,1229,4031,a,,,,,,,,0.0,0,0,0,0,0,0,0,0,0,0,0,0,0,0.00,0.00,0.00,0.00,0.0,0.0
2026-09-02T00:25:52+00:00,2026-09-01,daily,3,2026-09-04T17:30:00Z,352,Woodman,LIV,GKP,40,0,0,1.1,6271,5040,9534,10563,a,,,,,,,,0.0,0,0,0,0,0,0,0,0,0,0,0,0,0,0.00,0.00,0.00,0.00,0.0,0.0
2026-09-02T00:25:52+00:00,2026-09-01,daily,3,2026-09-04T17:30:00Z,353,Pecsi,LIV,GKP,40,0,0,0.0,0,195,0,643,u,Has joined TSV Hartberg on loan for the rest of the season,2026-08-18T14:11:18.638344Z,0,0,,,,0.0,0,0,0,0,0,0,0,0,0,0,0,0,0,0.00,0.00,0.00,0.00,0.0,0.0
2026-09-02T00:25:52+00:00,2026-09-01,daily,3,2026-09-04T17:30:00Z,354,Jaros,LIV,GKP,40,0,0,0.0,212,163,375,342,i,Knee injury - Unknown return date,2026-07-29T18:00:10.351066Z,0,0,,,,0.0,0,0,0,0,0,0,0,0,0,0,0,0,0,0.00,0.00,0.00,0.00,0.0,0.0
2026-09-02T00:25:52+00:00,2026-09-01,daily,3,2026-09-04T17:30:00Z,355,Davies,LIV,GKP,40,0,0,0.1,942,681,1586,1394,a,,,,,,,,0.0,0,0,0,0,0,0,0,0,0,0,0,0,0,0.00,0.00,0.00,0.00,0.0,0.0
2026-09-02T00:25:52+00:00,2026-09-01,daily,3,2026-09-04T17:30:00Z,356,Virgil,LIV,DEF,65,0,0,18.1,37183,174730,111797,253850,a,,,,,,,,1.5,1,3,180,2,0,0,0,4,0,18,16,2,11,0.25,0.04,0.29,3.88,1.5,1.5
2026-09-02T00:25:52+00:00,2026-09-01,daily,3,2026-09-04T17:30:00Z,357,Frimpong,LIV,DEF,55,0,0,3.2,14571,43557,39091,77126,a,,,,,,,,0.5,1,1,160,2,0,0,0,4,0,8,5,3,6,0.01,0.11,0.12,3.81,0.5,0.5
2026-09-02T00:25:52+00:00,2026-09-01,daily,3,2026-09-04T17:30:00Z,358,Kerkez,LIV,DEF,55,0,0,3.1,7516,40087,23161,74474,a,,,,,,,,0.5,1,1,160,2,0,0,0,4,0,15,11,4,7,0.02,0.03,0.05,3.81,0.5,0.5
2026-09-02T00:25:52+00:00,2026-09-01,daily,3,2026-09-04T17:30:00Z,359,Gomez,LIV,DEF,50,0,0,0.0,49,225,128,634,i,Muscular injury - Unknown return date,2026-07-26T08:30:10.078473Z,0,0,,,,0.0,0,0,0,0,0,0,0,0,0,0,0,0,0,0.00,0.00,0.00,0.00,0.0,0.0
2026-09-02T00:25:52+00:00,2026-09-01,daily,3,2026-09-04T17:30:00Z,360,Bradley,LIV,DEF,50,0,0,0.0,80,147,159,366,i,Knee injury - Unknown return date,2026-07-23T12:01:23.565711Z,0,0,,,,0.0,0,0,0,0,0,0,0,0,0,0,0,0,0,0.00,0.00,0.00,0.00,0.0,0.0
2026-09-02T00:25:52+00:00,2026-09-01,daily,3,2026-09-04T17:30:00Z,361,Lucky,LIV,DEF,40,0,0,0.1,843,941,1451,2078,a,,,,,,,,0.0,0,0,0,0,0,0,0,0,0,0,0,0,0,0.00,0.00,0.00,0.00,0.0,0.0
2026-09-02T00:25:52+00:00,2026-09-01,daily,3,2026-09-04T17:30:00Z,362,Jacquet,LIV,DEF,50,0,0,2.5,33004,23572,55716,41728,a,,2026-07-23T12:01:23.581126Z,100,100,,,,2.0,3,4,145,2,0,0,0,4,0,14,10,4,7,0.00,0.07,0.07,3.27,2.0,2.0
2026-09-02T00:25:52+00:00,2026-09-01,daily,3,2026-09-04T17:30:00Z,363,Leoni,LIV,DEF,40,0,0,0.0,219,414,401,933,i,Knee injury - Unknown return date,2026-07-23T12:01:23.596909Z,0,0,,,,0.0,0,0,0,0,0,0,0,0,0,0,0,0,0,0.00,0.00,0.00,0.00,0.0,0.0
2026-09-02T00:25:52+00:00,2026-09-01,daily,3,2026-09-04T17:30:00Z,364,Tsimikas,LIV,DEF,50,0,0,0.1,298,695,637,1677,a,,,,,,,,0.5,1,1,19,0,0,0,0,0,0,0,0,0,0,0.04,0.01,0.05,0.07,0.5,0.5
2026-09-02T00:25:52+00:00,2026-09-01,daily,3,2026-09-04T17:30:00Z,365,Ramsay,LIV,DEF,40,0,0,0.1,0,3887,638,7639,u,Has joined St Mirren on loan for the rest of the season,2026-08-26T14:05:26.748768Z,0,0,,,,0.0,0,0,0,0,0,0,0,0,0,0,0,0,0,0.00,0.00,0.00,0.00,0.0,0.0
2026-09-02T00:25:52+00:00,2026-09-01,daily,3,2026-09-04T17:30:00Z,366,Wirtz,LIV,MID,75,0,0,10.3,31341,115312,56264,238574,a,,,,,4,2,3,3.0,4,6,152,2,0,1,0,4,0,15,0,4,11,0.49,0.24,0.73,2.81,3.0,3.0
2026-09-02T00:25:52+00:00,2026-09-01,daily,3,2026-09-04T17:30:00Z,367,Gakpo,LIV,MID,70,0,0,7.8,117919,72840,323623,100591,a,,,,,3,,2,8.5,5,17,160,2,1,1,0,4,0,15,5,3,7,0.30,0.80,1.10,3.81,8.5,8.5
2026-09-02T00:25:52+00:00,2026-09-01,daily,3,2026-09-04T17:30:00Z,368,Szoboszlai,LIV,MID,70,0,0,41.7,134292,233822,379295,301227,a,,,,,1,1,1,6.0,4,12,180,2,1,0,0,4,0,20,5,4,11,1.01,0.44,1.45,3.88,6.0,6.0
2026-09-02T00:25:52+00:00,2026-09-01,daily,3,2026-09-04T17:30:00Z,369,Ngumoha,LIV,MID,59,-1,-1,0.9,2261,21709,7808,36586,a,,,,,,,,1.5,1,3,81,1,0,0,0,2,0,3,0,1,2,0.04,0.05,0.09,0.58,1.5,1.5
2026-09-02T00:25:52+00:00,2026-09-01,daily,3,2026-09-04T17:30:00Z,370,Chiesa,LIV,MID,54,-1,-1,0.1,32,3229,617,6779,i,Back injury - Unknown return date,2026-08-27T13:30:07.598926Z,0,0,,,,0.0,0,0,0,0,0,0,0,0,0,0,0,0,0,0.00,0.00,0.00,0.00,0.0,0.0
2026-09-02T00:25:52+00:00,2026-09-01,daily,3,2026-09-04T17:30:00Z,371,Gravenberch,LIV,MID,60,0,0,1.7,6340,29471,21345,44654,a,,,,,,,,3.0,1,6,96,1,0,1,0,2,0,12,2,2,8,0.06,0.06,0.12,1.17,3.0,3.0
2026-09-02T00:25:52+00:00,2026-09-01,daily,3,2026-09-04T17:30:00Z,372,Mac Allister,LIV,MID,55,0,0,1.5,6775,17943,13342,39451,a,,,,,5,,,1.5,2,3,103,1,0,0,0,2,0,13,2,5,6,0.00,0.40,0.40,3.30,1.5,1.5
2026-09-02T00:25:52+00:00,2026-09-01,daily,3,2026-09-04T17:30:00Z,373,C.Jones,LIV,MID,55,0,0,0.0,1,656,34,1784,u,Has joined Internazionale permanently,2026-08-16T18:30:07.426408Z,75,0,,,,0.0,0,0,0,0,0,0,0,0,0,0,0,0,0,0.00,0.00,0.00,0.00,0.0,0.0
2026-09-02T00:25:52+00:00,2026-09-01,daily,3,2026-09-04T17:30:00Z,374,Endo,LIV,MID,50,0,0,0.1,510,999,995,1984,a,,2026-07-23T12:01:23.612529Z,100,100,,,,0.0,0,0,0,0,0,0,0,0,0,0,0,0,0,0.00,0.00,0.00,0.00,0.0,0.0
2026-09-02T00:25:52+00:00,2026-09-01,daily,3,2026-09-04T17:30:00Z,375,Nyoni,LIV,MID,50,0,0,0.0,318,519,457,1192,a,,,,,,,,0.5,1,1,13,0,0,0,0,0,0,5,1,2,2,0.00,0.00,0.00,0.07,0.5,0.5
2026-09-02T00:25:52+00:00,2026-09-01,daily,3,2026-09-04T17:30:00Z,376,Bajcetic,LIV,MID,50,0,0,0.0,11,29,19,58,u,Has joined Celta Vigo permanently,2026-07-23T12:01:23.628373Z,0,0,,,,0.0,0,0,0,0,0,0,0,0,0,0,0,0,0,0.00,0.00,0.00,0.00,0.0,0.0
2026-09-02T00:25:52+00:00,2026-09-01,daily,3,2026-09-04T17:30:00Z,377,Munoz,LIV,MID,65,0,0,1.1,49079,12640,55565,18553,a,,,,,,,,5.0,6,10,117,1,1,1,0,2,0,7,4,2,1,0.42,0.23,0.65,3.37,5.0,5.0
2026-09-02T00:25:52+00:00,2026-09-01,daily,3,2026-09-04T17:30:00Z,378,McConnell,LIV,MID,45,0,0,0.2,872,2133,1755,5033,a,,,,,,,,0.0,0,0,0,0,0,0,0,0,0,0,0,0,0,0.00,0.00,0.00,0.00,0.0,0.0
2026-09-02T00:25:52+00:00,2026-09-01,daily,3,2026-09-04T17:30:00Z,379,Isak,LIV,FWD,90,0,0,16.3,87069,119993,160105,221126,a,,,,,2,,,5.0,8,10,180,2,1,0,0,4,0,2,1,1,0,2.08,0.01,2.09,3.88,5.0,5.0
2026-09-02T00:25:52+00:00,2026-09-01,daily,3,2026-09-04T17:30:00Z,380,Ekitiké,LIV,FWD,75,0,0,0.1,459,2469,1168,6276,i,Achilles injury - Unknown return date,2026-07-23T12:01:23.643771Z,0,0,,,,0.0,0,0,0,0,0,0,0,0,0,0,0,0,0,0.00,0.00,0.00,0.00,0.0,0.0
2026-09-02T00:25:52+00:00,2026-09-01,daily,3,2026-09-04T17:30:00Z,381,Koumas,LIV,MID,50,0,0,0.0,108,245,264,455,a,,,,,,,,0.5,0,1,12,0,0,0,0,0,0,1,0,0,1,0.03,0.00,0.03,0.48,0.5,0.5
2026-09-02T00:25:52+00:00,2026-09-01,daily,3,2026-09-04T17:30:00Z,382,Danns,LIV,FWD,45,0,0,0.0,463,441,772,1003,i,Unspecified injury - Unknown return date,2026-07-23T12:01:23.659279Z,0,0,,,,0.0,0,0,0,0,0,0,0,0,0,0,0,0,0,0.00,0.00,0.00,0.00,0.0,0.0
2026-09-02T00:25:52+00:00,2026-09-01,daily,3,2026-09-04T17:30:00Z,383,Elliott,LIV,MID,54,-1,-1,0.1,474,1266,854,2482,a,,,,,,,,0.0,0,0,0,0,0,0,0,0,0,0,0,0,0,0.00,0.00,0.00,0.00,0.0,0.0
2026-09-02T00:25:52+00:00,2026-09-01,daily,3,2026-09-04T17:30:00Z,579,Araujo,LIV,DEF,54,-1,-1,2.3,8232,56473,32139,90247,a,,,,,,,,0.5,0,1,33,0,0,0,0,0,0,5,4,1,3,0.00,0.04,0.04,0.61,0.5,0.5
2026-09-02T00:25:52+00:00,2026-09-01,daily,3,2026-09-04T17:30:00Z,627,Barcola,LIV,MID,80,0,0,0.5,43108,2683,43108,2683,a,,,,,,,,0.0,0,0,0,0,0,0,0,0,0,0,0,0,0,0.00,0.00,0.00,0.00,2.8,2.8
2026-09-02T00:25:52+00:00,2026-09-01,daily,3,2026-09-04T17:30:00Z,238,Grealish,MCI,MID,65,0,0,0.2,2091,3407,3293,5810,a,,2026-07-29T10:00:10.492904Z,100,100,,,,0.5,0,1,8,0,0,0,0,0,0,1,0,1,0,0.00,0.00,0.00,0.00,0.5,0.5
2026-09-02T00:25:52+00:00,2026-09-01,daily,3,2026-09-04T17:30:00Z,384,Donnarumma,MCI,GKP,55,0,0,8.0,38018,79658,72026,124610,a,,,,,,,,1.5,0,3,180,2,0,0,0,2,4,0,1,0,12,0.00,0.00,0.00,1.31,1.5,1.5
2026-09-02T00:25:52+00:00,2026-09-01,daily,3,2026-09-04T17:30:00Z,386,Bettinelli,MCI,GKP,45,0,0,0.0,99,247,234,483,a,,,,,,,,0.0,0,0,0,0,0,0,0,0,0,0,0,0,0,0.00,0.00,0.00,0.00,0.0,0.0
2026-09-02T00:25:52+00:00,2026-09-01,daily,3,2026-09-04T17:30:00Z,387,O'Reilly,MCI,DEF,65,0,0,19.3,51435,178514,120219,285844,a,,,,,,,,2.0,2,4,150,2,0,0,0,2,0,3,1,2,7,0.09,0.43,0.52,1.21,2.0,2.0
2026-09-02T00:25:52+00:00,2026-09-01,daily,3,2026-09-04T17:30:00Z,388,Guéhi,MCI,DEF,60,0,0,19.1,81718,114596,264463,156354,a,,,,,,,,6.0,2,12,180,2,1,0,0,2,0,9,6,3,8,0.89,0.36,1.25,1.31,6.0,6.0
2026-09-02T00:25:52+00:00,2026-09-01,daily,3,2026-09-04T17:30:00Z,389,Matheus N.,MCI,DEF,60,0,0,1.1,149,26291,3180,43784,d,Unspecified injury - 75% chance of playing,2026-08-27T11:30:08.171622Z,75,75,4,,,0.5,0,1,33,0,0,0,0,0,0,1,1,0,2,0.00,0.04,0.04,0.10,0.4,0.4
2026-09-02T00:25:52+00:00,2026-09-01,daily,3,2026-09-04T17:30:00Z,390,Rúben,MCI,DEF,55,0,0,1.8,11584,15004,21442,27561,a,,,,,,,,2.0,2,4,180,2,0,0,0,2,0,12,11,1,14,0.09,0.71,0.80,1.31,2.0,2.0
2026-09-02T00:25:52+00:00,2026-09-01,daily,3,2026-09-04T17:30:00Z,391,Gvardiol,MCI,DEF,56,1,1,17.4,335031,59629,563449,94986,a,,,,,,,,7.0,5,14,164,2,1,1,0,2,0,9,6,3,5,0.19,0.09,0.28,1.31,7.0,7.0
2026-09-02T00:25:52+00:00,2026-09-01,daily,3,2026-09-04T17:30:00Z,392,Aït-Nouri,MCI,DEF,54,-1,-1,0.6,1518,16744,4134,33523,a,,,,,,,,0.0,0,0,0,0,0,0,0,0,0,0,0,0,0,0.00,0.00,0.00,0.00,0.0,0.0
2026-09-02T00:25:52+00:00,2026-09-01,daily,3,2026-09-04T17:30:00Z,393,Khusanov,MCI,DEF,55,0,0,1.6,6108,15302,12194,29839,a,,,,,,,,2.0,2,4,178,2,0,0,0,2,0,11,5,6,9,0.00,0.04,0.04,1.31,2.0,2.0
2026-09-02T00:25:52+00:00,2026-09-01,daily,3,2026-09-04T17:30:00Z,394,Alleyne,MCI,DEF,50,0,0,0.0,0,99,0,456,u,Has joined Burnley on loan for the rest of the season,2026-08-18T14:11:56.324656Z,0,0,,,,0.0,0,0,0,0,0,0,0,0,0,0,0,0,0,0.00,0.00,0.00,0.00,0.0,0.0
2026-09-02T00:25:52+00:00,2026-09-01,daily,3,2026-09-04T17:30:00Z,395,Lewis,MCI,DEF,45,0,0,0.2,1400,3834,5020,6357,a,,,,,,,,0.5,0,1,56,1,0,0,0,1,0,2,2,0,0,0.17,0.02,0.19,0.55,0.5,0.5
2026-09-02T00:25:52+00:00,2026-09-01,daily,3,2026-09-04T17:30:00Z,396,Vitor Reis,MCI,DEF,45,0,0,0.0,82,183,184,423,a,,,,,,,,0.5,1,1,1,0,0,0,0,0,0,0,0,0,0,0.00,0.00,0.00,0.00,0.5,0.5
2026-09-02T00:25:52+00:00,2026-09-01,daily,3,2026-09-04T17:30:00Z,397,Semenyo,MCI,MID,85,0,0,21.1,35022,257255,84122,430465,a,,,,,2,,,3.5,5,7,180,2,0,1,0,2,0,8,0,2,6,0.12,0.59,0.71,1.31,3.5,3.5
2026-09-02T00:25:52+00:00,2026-09-01,daily,3,2026-09-04T17:30:00Z,398,Foden,MCI,MID,70,0,0,4.9,106961,37462,127108,83983,a,,,,,,2,3,5.0,9,10,171,2,0,2,0,2,0,13,2,4,7,0.99,0.85,1.84,1.31,5.0,5.0
2026-09-02T00:25:52+00:00,2026-09-01,daily,3,2026-09-04T17:30:00Z,399,Cherki,MCI,MID,77,2,2,23.9,1101454,37341,1304772,78743,a,,,,,,1,1,11.0,14,22,108,1,2,2,0,1,0,3,0,0,3,0.35,1.05,1.40,0.76,11.0,11.0
2026-09-02T00:25:52+00:00,2026-09-01,daily,3,2026-09-04T17:30:00Z,400,Doku,MCI,MID,74,-1,-1,1.0,346,23321,840,93336,i,Calf injury - Expected back 5 Sep,2026-08-18T17:00:08.385597Z,0,0,3,,,0.0,0,0,0,0,0,0,0,0,0,0,0,0,0,0.00,0.00,0.00,0.00,0.0,0.0
2026-09-02T00:25:52+00:00,2026-09-01,daily,3,2026-09-04T17:30:00Z,402,Rodrigo,MCI,MID,65,0,0,0.0,0,223,0,1019,u,Has joined Barcelona permanently,2026-07-23T12:01:23.675537Z,0,0,,,,0.0,0,0,0,0,0,0,0,0,0,0,0,0,0,0.00,0.00,0.00,0.00,0.0,0.0
2026-09-02T00:25:52+00:00,2026-09-01,daily,3,2026-09-04T17:30:00Z,404,Reijnders,MCI,MID,60,0,0,0.0,0,1259,0,6883,u,Has joined Al Qadsiah permanently,2026-08-20T14:02:58.154273Z,0,0,,,,0.0,0,0,0,0,0,0,0,0,0,0,0,0,0,0.00,0.00,0.00,0.00,0.0,0.0
2026-09-02T00:25:52+00:00,2026-09-01,daily,3,2026-09-04T17:30:00Z,406,Kovačić,MCI,MID,55,0,0,0.1,472,1400,1301,2689,a,,,,,,,,1.0,1,2,42,0,0,0,0,0,0,2,0,0,2,0.00,0.02,0.02,0.10,1.0,1.0
2026-09-02T00:25:52+00:00,2026-09-01,daily,3,2026-09-04T17:30:00Z,407,Echeverri,MCI,MID,49,-1,-1,0.0,116,293,209,590,a,,,,,,,,0.0,0,0,0,0,0,0,0,0,0,0,0,0,0,0.00,0.00,0.00,0.00,0.0,0.0
2026-09-02T00:25:52+00:00,2026-09-01,daily,3,2026-09-04T17:30:00Z,408,Phillips,MCI,MID,50,0,0,0.0,0,113,0,418,u,Has joined Sheffield United on loan for the rest of the season,2026-08-18T14:11:56.348781Z,0,0,,,,0.0,0,0,0,0,0,0,0,0,0,0,0,0,0,0.00,0.00,0.00,0.00,0.0,0.0
2026-09-02T00:25:52+00:00,2026-09-01,daily,3,2026-09-04T17:30:00Z,409,Mukasa,MCI,MID,45,0,0,0.2,571,2086,1498,4572,a,,,,,,,,0.0,0,0,0,0,0,0,0,0,0,0,0,0,0,0.00,0.00,0.00,0.00,0.0,0.0
2026-09-02T00:25:52+00:00,2026-09-01,daily,3,2026-09-04T17:30:00Z,410,Monga,MCI,MID,49,-1,-1,0.0,125,235,201,518,a,,,,,,,,0.0,0,0,0,0,0,0,0,0,0,0,0,0,0,0.00,0.00,0.00,0.00,0.0,0.0
2026-09-02T00:25:52+00:00,2026-09-01,daily,3,2026-09-04T17:30:00Z,411,Haaland,MCI,FWD,155,0,0,70.5,231896,26143,301501,129995,a,,,,,1,,,7.5,13,15,180,2,2,0,0,2,0,8,3,0,5,1.40,0.02,1.42,1.31,7.5,7.5
2026-09-02T00:25:52+00:00,2026-09-01,daily,3,2026-09-04T17:30:00Z,481,Anderson,MCI,MID,64,0,-1,5.4,19678,77936,29914,231241,a,,2026-08-23T17:00:07.952697Z,100,100,,,2,2.5,3,5,143,2,0,0,0,2,0,20,5,7,8,0.07,0.47,0.54,1.21,2.5,2.5
2026-09-02T00:25:52+00:00,2026-09-01,daily,3,2026-09-04T17:30:00Z,587,Rulli,MCI,GKP,50,0,0,0.0,82,208,176,432,a,,,,,,,,0.0,0,0,0,0,0,0,0,0,0,0,0,0,0,0.00,0.00,0.00,0.00,0.0,0.0
2026-09-02T00:25:52+00:00,2026-09-01,daily,3,2026-09-04T17:30:00Z,616,Bouaddi,MCI,MID,55,0,0,0.1,6973,1980,10028,2329,a,,,,,,,,1.0,1,1,8,0,0,0,0,0,0,1,1,0,0,0.00,0.12,0.12,0.00,2.0,2.0
2026-09-02T00:25:52+00:00,2026-09-01,daily,3,2026-09-04T17:30:00Z,621,McAidoo,MCI,MID,45,0,0,0.1,4895,1328,4895,1328,a,,,,,,,,1.0,1,1,8,0,0,0,0,0,0,0,0,0,0,0.10,0.00,0.10,0.00,1.0,1.0
2026-09-02T00:25:52+00:00,2026-09-01,daily,3,2026-09-04T17:30:00Z,622,Braithwaite,MCI,DEF,40,0,0,0.1,6727,1350,6727,1350,a,,,,,,,,1.0,1,1,1,0,0,0,0,0,0,0,0,0,1,0.00,0.00,0.00,0.00,1.0,1.0
2026-09-02T00:25:52+00:00,2026-09-01,daily,3,2026-09-04T17:30:00Z,628,Allan,MCI,MID,60,0,0,0.0,96,27,96,27,a,,,,,,,,0.0,0,0,0,0,0,0,0,0,0,0,0,0,0,0.00,0.00,0.00,0.00,2.2,2.2
2026-09-02T00:25:52+00:00,2026-09-01,daily,3,2026-09-04T17:30:00Z,43,Tielemans,MUN,MID,60,0,0,2.1,8032,31595,20663,67299,a,,2026-07-23T12:01:23.321726Z,100,100,3,,,3.0,4,6,156,2,0,0,0,4,0,18,4,2,12,0.51,0.22,0.73,3.00,3.0,3.0
2026-09-02T00:25:52+00:00,2026-09-01,daily,3,2026-09-04T17:30:00Z,131,Baleba,MUN,MID,50,0,0,0.2,1292,3544,3616,7965,i,Ankle injury - Expected back 19 Sep,2026-08-06T16:00:10.997714Z,0,0,,,,0.0,0,0,0,0,0,0,0,0,0,0,0,0,0,0.00,0.00,0.00,0.00,0.0,0.0
2026-09-02T00:25:52+00:00,2026-09-01,daily,3,2026-09-04T17:30:00Z,162,Andrey Santos,MUN,MID,50,0,0,0.9,4683,15793,12139,30942,a,,,,,,,,1.5,1,3,76,1,0,0,0,3,0,14,3,4,7,0.00,0.23,0.23,1.94,1.5,1.5
2026-09-02T00:25:52+00:00,2026-09-01,daily,3,2026-09-04T17:30:00Z,325,Darlow,MUN,GKP,45,0,0,0.0,224,310,466,567,a,,2026-07-23T12:01:23.549136Z,100,100,,,,0.0,0,0,0,0,0,0,0,0,0,0,0,0,0,0.00,0.00,0.00,0.00,0.0,0.0
2026-09-02T00:25:52+00:00,2026-09-01,daily,3,2026-09-04T17:30:00Z,412,Lammens,MUN,GKP,50,0,0,14.2,20848,113632,55562,202242,a,,,,,,,,1.5,2,3,180,2,0,0,0,4,5,0,3,0,14,0.00,0.00,0.00,3.07,1.5,1.5
2026-09-02T00:25:52+00:00,2026-09-01,daily,3,2026-09-04T17:30:00Z,413,Bayindir,MUN,GKP,45,0,0,0.0,0,213,0,801,u,Has joined Celta Vigo on loan for the rest of the season,2026-08-10T14:02:28.608415Z,0,0,,,,0.0,0,0,0,0,0,0,0,0,0,0,0,0,0,0.00,0.00,0.00,0.00,0.0,0.0
2026-09-02T00:25:52+00:00,2026-09-01,daily,3,2026-09-04T17:30:00Z,414,Heaton,MUN,GKP,40,0,0,0.1,258,646,473,1651,i,Hamstring injury - Unknown return date,2026-08-15T16:00:07.854151Z,0,0,,,,0.0,0,0,0,0,0,0,0,0,0,0,0,0,0,0.00,0.00,0.00,0.00,0.0,0.0
2026-09-02T00:25:52+00:00,2026-09-01,daily,3,2026-09-04T17:30:00Z,415,Dorgu,MUN,MID,59,-1,-1,0.9,2347,22634,7155,51295,a,,,,,,,,0.5,1,1,55,1,0,0,0,3,0,3,2,1,0,0.65,0.04,0.69,1.92,0.5,0.5
2026-09-02T00:25:52+00:00,2026-09-01,daily,3,2026-09-04T17:30:00Z,416,De Ligt,MUN,DEF,50,0,0,0.0,71,330,188,828,i,Back injury - Unknown return date,2026-07-23T12:01:23.690880Z,0,0,,,,0.0,0,0,0,0,0,0,0,0,0,0,0,0,0,0.00,0.00,0.00,0.00,0.0,0.0
2026-09-02T00:25:52+00:00,2026-09-01,daily,3,2026-09-04T17:30:00Z,417,Dalot,MUN,DEF,50,0,0,2.3,5944,22182,14134,55814,a,,,,,,,,1.5,2,3,83,1,0,0,0,1,0,7,5,2,2,0.15,0.12,0.27,1.06,1.5,1.5
2026-09-02T00:25:52+00:00,2026-09-01,daily,3,2026-09-04T17:30:00Z,418,Maguire,MUN,DEF,50,0,0,15.3,32908,148811,85861,255122,a,,,,,,,,2.5,4,5,180,2,0,1,0,4,0,9,8,1,9,0.07,0.41,0.48,3.07,2.5,2.5
2026-09-02T00:25:52+00:00,2026-09-01,daily,3,2026-09-04T17:30:00Z,419,Martinez,MUN,DEF,50,0,0,1.3,5313,11271,12088,30846,a,,2026-07-24T20:00:10.337107Z,100,100,,,,0.5,1,1,90,1,0,0,0,2,0,0,0,0,6,0.03,0.06,0.09,2.06,0.5,0.5
2026-09-02T00:25:52+00:00,2026-09-01,daily,3,2026-09-04T17:30:00Z,420,Yoro,MUN,DEF,49,-1,-1,0.6,1096,7359,2632,18103,a,,,,,,,,0.5,1,1,16,0,0,0,0,1,0,2,2,0,1,0.00,0.01,0.01,1.00,0.5,0.5
2026-09-02T00:25:52+00:00,2026-09-01,daily,3,2026-09-04T17:30:00Z,421,Heaven,MUN,DEF,45,0,0,0.4,969,5573,4057,9764,a,,,,,,,,0.5,0,1,90,1,0,0,0,2,0,2,1,1,4,0.12,0.04,0.16,1.01,0.5,0.5
2026-09-02T00:25:52+00:00,2026-09-01,daily,3,2026-09-04T17:30:00Z,422,Mazraoui,MUN,DEF,45,0,0,0.7,2375,8258,8229,14350,a,,,,,,,,1.0,1,2,96,1,0,0,0,3,0,5,4,1,3,0.22,0.05,0.27,2.01,1.0,1.0
2026-09-02T00:25:52+00:00,2026-09-01,daily,3,2026-09-04T17:30:00Z,423,Shaw,MUN,DEF,45,0,0,17.2,19569,178724,62496,295813,a,,,,,,,3,1.5,2,3,162,2,0,0,0,3,0,12,7,5,5,0.00,0.28,0.28,2.07,1.5,1.5
2026-09-02T00:25:52+00:00,2026-09-01,daily,3,2026-09-04T17:30:00Z,424,Amass,MUN,DEF,40,0,0,0.2,983,1545,1871,3526,a,,,,,,,,0.0,0,0,0,0,0,0,0,0,0,0,0,0,0,0.00,0.00,0.00,0.00,0.0,0.0
2026-09-02T00:25:52+00:00,2026-09-01,daily,3,2026-09-04T17:30:00Z,425,Fredricson,MUN,DEF,40,0,0,0.0,0,243,0,923,u,Has joined Lausanne-Sport permanently,2026-08-18T14:12:31.904433Z,0,0,,,,0.0,0,0,0,0,0,0,0,0,0,0,0,0,0,0.00,0.00,0.00,0.00,0.0,0.0
2026-09-02T00:25:52+00:00,2026-09-01,daily,3,2026-09-04T17:30:00Z,426,B.Fernandes,MUN,MID,120,0,0,48.4,247119,211611,295637,440191,a,,,,,1,1,1,12.5,23,25,180,2,3,1,0,4,0,14,2,2,10,2.10,0.74,2.84,3.07,12.5,12.5
2026-09-02T00:25:52+00:00,2026-09-01,daily,3,2026-09-04T17:30:00Z,427,Mbeumo,MUN,MID,80,0,0,30.6,53631,440897,135856,661085,a,,,,,2,2,2,6.5,11,13,180,2,1,1,0,4,0,9,0,3,6,2.26,0.44,2.70,3.07,6.5,6.5
2026-09-02T00:25:52+00:00,2026-09-01,daily,3,2026-09-04T17:30:00Z,428,Cunha,MUN,MID,80,0,0,8.4,14826,94043,41680,187000,a,,,,,,,,5.5,9,11,158,2,0,2,0,3,0,5,0,0,5,0.35,0.36,0.71,2.07,5.5,5.5
2026-09-02T00:25:52+00:00,2026-09-01,daily,3,2026-09-04T17:30:00Z,429,Rashford,MUN,MID,70,0,0,1.6,12892,24481,27956,46559,a,,,,,,,,1.5,2,3,124,1,0,0,0,1,0,7,0,3,4,0.26,0.15,0.41,1.15,1.5,1.5
2026-09-02T00:25:52+00:00,2026-09-01,daily,3,2026-09-04T17:30:00Z,430,Mount,MUN,MID,55,0,0,0.0,38,388,73,1083,d,Foot injury - 75% chance of playing,2026-08-15T16:00:07.879135Z,75,75,,3,,0.0,0,0,0,0,0,0,0,0,0,0,0,0,0,0.00,0.00,0.00,0.00,0.0,0.0
2026-09-02T00:25:52+00:00,2026-09-01,daily,3,2026-09-04T17:30:00Z,431,Amad,MUN,MID,59,0,-1,0.6,169,27515,1745,86974,i,Unspecified injury - Unknown return date,2026-08-22T11:00:08.617283Z,0,0,,,4,0.0,0,0,0,0,0,0,0,0,0,0,0,0,0,0.00,0.00,0.00,0.00,0.0,0.0
2026-09-02T00:25:52+00:00,2026-09-01,daily,3,2026-09-04T17:30:00Z,432,Mainoo,MUN,MID,55,0,0,1.1,11974,8586,15434,22279,a,,,,,,,,2.5,4,5,102,1,0,0,0,1,0,16,2,3,11,0.21,0.28,0.49,1.13,2.5,2.5
2026-09-02T00:25:52+00:00,2026-09-01,daily,3,2026-09-04T17:30:00Z,433,Ugarte,MUN,MID,50,0,0,0.0,19,56,43,144,i,Knee injury - Unknown return date,2026-07-23T12:01:23.706702Z,0,0,,,,0.0,0,0,0,0,0,0,0,0,0,0,0,0,0,0.00,0.00,0.00,0.00,0.0,0.0
2026-09-02T00:25:52+00:00,2026-09-01,daily,3,2026-09-04T17:30:00Z,434,J.Fletcher,MUN,MID,50,0,0,0.0,55,118,96,287,a,,,,,,,,0.0,0,0,0,0,0,0,0,0,0,0,0,0,0,0.00,0.00,0.00,0.00,0.0,0.0
2026-09-02T00:25:52+00:00,2026-09-01,daily,3,2026-09-04T17:30:00Z,435,Lacey,MUN,MID,50,0,0,0.1,225,732,552,1322,a,,,,,,,,0.5,0,1,10,0,0,0,0,0,0,1,0,0,1,0.00,0.00,0.00,0.00,0.5,0.5
2026-09-02T00:25:52+00:00,2026-09-01,daily,3,2026-09-04T17:30:00Z,436,Collyer,MUN,MID,50,0,0,0.0,90,200,150,434,u,Has joined West Brom permanently,2026-09-01T13:16:48.584385Z,,0,,,,0.0,0,0,0,0,0,0,0,0,0,0,0,0,0,0.00,0.00,0.00,0.00,0.0,0.0
2026-09-02T00:25:52+00:00,2026-09-01,daily,3,2026-09-04T17:30:00Z,437,Bendito Mantato,MUN,MID,45,0,0,0.2,1164,1850,2125,4221,a,,,,,,,,0.0,0,0,0,0,0,0,0,0,0,0,0,0,0,0.00,0.00,0.00,0.00,0.0,0.0
2026-09-02T00:25:52+00:00,2026-09-01,daily,3,2026-09-04T17:30:00Z,438,Fletcher,MUN,MID,45,0,0,0.3,1249,2898,2577,6882,a,,,,,,,,0.0,0,0,0,0,0,0,0,0,0,0,0,0,0,0.00,0.00,0.00,0.00,0.0,0.0
2026-09-02T00:25:52+00:00,2026-09-01,daily,3,2026-09-04T17:30:00Z,439,Šeško,MUN,FWD,70,0,0,1.7,10610,32412,41164,47538,a,,2026-07-23T12:01:23.722029Z,100,100,,,,1.0,1,2,33,0,0,0,0,1,0,3,0,0,3,0.04,0.01,0.05,1.07,1.0,1.0
2026-09-02T00:25:52+00:00,2026-09-01,daily,3,2026-09-04T17:30:00Z,440,Zirkzee,MUN,FWD,54,-1,-1,0.5,3295,8400,5340,21531,a,,,,,,,,0.0,0,0,0,0,0,0,0,0,0,0,0,0,0,0.00,0.00,0.00,0.00,0.0,0.0
2026-09-02T00:25:52+00:00,2026-09-01,daily,3,2026-09-04T17:30:00Z,441,Obi,MUN,FWD,45,0,0,1.2,12160,9775,18476,21344,a,,,,,,,,0.0,0,0,0,0,0,0,0,0,0,0,0,0,0,0.00,0.00,0.00,0.00,0.0,0.0
2026-09-02T00:25:52+00:00,2026-09-01,daily,3,2026-09-04T17:30:00Z,405,N.Gonzalez,NEW,MID,55,0,0,0.2,6144,1759,8531,3501,a,,,,,,,,1.0,2,2,70,1,0,0,1,0,0,4,2,0,2,0.00,0.20,0.20,0.74,1.0,1.0
2026-09-02T00:25:52+00:00,2026-09-01,daily,3,2026-09-04T17:30:00Z,442,Pope,NEW,GKP,50,0,0,1.2,3167,12683,5873,24987,a,,,,,,,,0.0,0,0,0,0,0,0,0,0,0,0,0,0,0,0.00,0.00,0.00,0.00,0.0,0.0
2026-09-02T00:25:52+00:00,2026-09-01,daily,3,2026-09-04T17:30:00Z,443,Gillespie,NEW,GKP,45,0,0,0.0,155,257,317,488,a,,,,,,,,0.0,0,0,0,0,0,0,0,0,0,0,0,0,0,0.00,0.00,0.00,0.00,0.0,0.0
2026-09-02T00:25:52+00:00,2026-09-01,daily,3,2026-09-04T17:30:00Z,444,Jaouen,NEW,GKP,45,0,0,0.0,110,317,234,665,a,,,,,,,,0.0,0,0,0,0,0,0,0,0,0,0,0,0,0,0.00,0.00,0.00,0.00,0.0,0.0
2026-09-02T00:25:52+00:00,2026-09-01,daily,3,2026-09-04T17:30:00Z,445,Thiaw,NEW,DEF,50,0,0,1.9,31941,17365,51739,28263,a,,,,,,,,4.5,6,9,180,2,0,0,1,2,0,18,18,0,3,0.00,0.02,0.02,4.10,4.5,4.5
2026-09-02T00:25:52+00:00,2026-09-01,daily,3,2026-09-04T17:30:00Z,446,Schär,NEW,DEF,50,0,0,0.2,1224,3368,3119,5253,a,,2026-08-15T16:30:07.209742Z,100,100,,2,,0.5,0,1,1,0,0,0,0,1,0,0,0,0,0,0.00,0.00,0.00,0.79,0.5,0.5
2026-09-02T00:25:52+00:00,2026-09-01,daily,3,2026-09-04T17:30:00Z,447,Botman,NEW,DEF,50,0,0,0.6,9768,3941,18653,7223,a,,,,,,,,4.0,5,8,180,2,0,0,1,2,0,15,14,1,6,0.01,0.01,0.02,4.10,4.0,4.0
2026-09-02T00:25:52+00:00,2026-09-01,daily,3,2026-09-04T17:30:00Z,448,Burn,NEW,DEF,49,-1,-1,1.3,435,33086,6682,108397,i,Ankle injury - Expected back 14 Sep,2026-08-23T18:00:08.367241Z,0,0,,,,0.0,0,0,0,0,0,0,0,0,0,0,0,0,0,0.00,0.00,0.00,0.00,0.0,0.0
2026-09-02T00:25:52+00:00,2026-09-01,daily,3,2026-09-04T17:30:00Z,449,Hall,NEW,DEF,51,1,1,7.9,334922,36387,387623,55823,a,,,,,,1,1,7.0,11,14,180,2,0,0,1,2,0,24,17,7,14,0.03,0.66,0.69,4.10,7.0,7.0
2026-09-02T00:25:52+00:00,2026-09-01,daily,3,2026-09-04T17:30:00Z,450,Livramento,NEW,DEF,49,-1,-1,0.0,73,590,164,1818,i,Calf injury - Unknown return date,2026-07-23T12:01:23.753221Z,0,0,,,,0.0,0,0,0,0,0,0,0,0,0,0,0,0,0,0.00,0.00,0.00,0.00,0.0,0.0
2026-09-02T00:25:52+00:00,2026-09-01,daily,3,2026-09-04T17:30:00Z,451,A.Murphy,NEW,DEF,40,0,0,0.1,0,1381,0,4657,u,Has joined FC Kaiserslautern on loan for the rest of the season,2026-08-12T14:05:29.224600Z,0,0,,,,0.0,0,0,0,0,0,0,0,0,0,0,0,0,0,0.00,0.00,0.00,0.00,0.0,0.0
2026-09-02T00:25:52+00:00,2026-09-01,daily,3,2026-09-04T17:30:00Z,453,Barnes,NEW,MID,60,0,0,1.1,10874,13018,25869,23348,a,,,,,,,5,2.5,3,5,180,2,0,0,1,2,0,12,5,3,4,0.11,0.03,0.14,4.10,2.5,2.5
2026-09-02T00:25:52+00:00,2026-09-01,daily,3,2026-09-04T17:30:00Z,454,Elanga,NEW,MID,61,1,1,7.5,473506,44027,568947,55900,a,,,,,,,4,8.5,8,17,156,2,2,0,1,1,0,5,1,2,2,0.42,0.11,0.53,2.68,8.5,8.5
2026-09-02T00:25:52+00:00,2026-09-01,daily,3,2026-09-04T17:30:00Z,456,J.Ramsey,NEW,MID,50,0,0,0.3,1180,4005,2622,8685,a,,,,,,,,0.5,1,1,42,0,0,0,0,1,0,7,3,2,2,0.06,0.14,0.20,1.88,0.5,0.5
2026-09-02T00:25:52+00:00,2026-09-01,daily,3,2026-09-04T17:30:00Z,457,J.Murphy,NEW,MID,59,-1,-1,0.1,636,2251,1353,4933,a,,,,,,,2,0.5,1,1,22,0,0,0,0,1,0,5,1,1,3,0.00,0.20,0.20,1.42,0.5,0.5
2026-09-02T00:25:52+00:00,2026-09-01,daily,3,2026-09-04T17:30:00Z,458,Joelinton,NEW,MID,54,-1,-1,0.0,65,459,113,1527,i,Unspecified injury - Unknown return date,2026-08-16T08:00:08.074045Z,0,0,,,,0.0,0,0,0,0,0,0,0,0,0,0,0,0,0,0.00,0.00,0.00,0.00,0.0,0.0
2026-09-02T00:25:52+00:00,2026-09-01,daily,3,2026-09-04T17:30:00Z,459,L.Miley,NEW,MID,55,0,0,0.1,1280,896,2671,1430,a,,2026-07-23T12:01:23.785456Z,100,100,,,3,3.0,3,6,165,2,0,0,1,1,0,22,9,1,12,0.05,0.05,0.10,3.06,3.0,3.0
2026-09-02T00:25:52+00:00,2026-09-01,daily,3,2026-09-04T17:30:00Z,460,Willock,NEW,MID,50,0,0,0.4,13227,4309,21990,6241,a,,,,,,,,4.5,3,9,104,1,1,0,1,1,0,5,1,2,2,0.16,0.19,0.35,2.24,4.5,4.5
2026-09-02T00:25:52+00:00,2026-09-01,daily,3,2026-09-04T17:30:00Z,461,Touré,NEW,MID,59,-1,-1,0.2,501,4159,1014,8617,a,,,,,,,,0.5,1,1,1,0,0,0,0,0,0,0,0,0,0,0.00,0.00,0.00,0.00,0.5,0.5
2026-09-02T00:25:52+00:00,2026-09-01,daily,3,2026-09-04T17:30:00Z,462,Steur,NEW,MID,50,0,0,0.1,407,1570,1169,2570,a,,,,,,,,1.0,1,2,74,1,0,0,0,1,0,5,3,0,2,0.00,0.00,0.00,1.86,1.0,1.0
2026-09-02T00:25:52+00:00,2026-09-01,daily,3,2026-09-04T17:30:00Z,463,Woltemade,NEW,FWD,59,-1,-1,1.3,6756,25252,13949,56036,a,,,,,1,,,2.0,4,4,19,0,0,1,0,0,0,0,0,0,0,0.02,0.01,0.03,0.38,2.0,2.0
2026-09-02T00:25:52+00:00,2026-09-01,daily,3,2026-09-04T17:30:00Z,464,Wissa,NEW,FWD,61,1,1,10.2,582715,45926,741672,70014,a,,,,,3,,,6.0,8,12,171,2,1,1,1,1,0,14,2,5,7,1.35,0.02,1.37,2.93,6.0,6.0
2026-09-02T00:25:52+00:00,2026-09-01,daily,3,2026-09-04T17:30:00Z,465,Osula,NEW,FWD,60,0,0,0.6,349,27249,20693,53756,i,Foot injury - Unknown return date,2026-08-25T19:00:08.004915Z,0,0,2,,,2.0,0,4,55,1,0,1,0,1,0,5,2,1,2,0.06,0.14,0.20,1.48,0.0,0.0
2026-09-02T00:25:52+00:00,2026-09-01,daily,3,2026-09-04T17:30:00Z,466,Neave,NEW,FWD,45,0,0,0.8,11752,7438,18230,15563,a,,,,,,,,0.0,0,0,0,0,0,0,0,0,0,0,0,0,0,0.00,0.00,0.00,0.00,0.0,0.0
2026-09-02T00:25:52+00:00,2026-09-01,daily,3,2026-09-04T17:30:00Z,559,Bamba,NEW,MID,50,0,0,0.1,577,1728,1267,3395,a,,,,,,,,0.5,0,1,14,0,0,0,0,1,0,2,1,1,0,0.00,0.00,0.00,1.04,0.5,0.5
2026-09-02T00:25:52+00:00,2026-09-01,daily,3,2026-09-04T17:30:00Z,567,Horníček,NEW,GKP,50,0,0,1.0,33370,9566,38907,13824,a,,,,,,,,4.0,7,8,180,2,0,0,1,2,9,0,5,0,9,0.00,0.00,0.00,4.10,4.0,4.0
2026-09-02T00:25:52+00:00,2026-09-01,daily,3,2026-09-04T17:30:00Z,593,Dedić,NEW,DEF,45,0,0,1.9,147531,21790,157890,23946,a,,,,,,,,6.0,11,12,180,2,0,1,1,2,0,17,12,5,7,0.03,0.06,0.09,4.10,6.0,6.0
2026-09-02T00:25:52+00:00,2026-09-01,daily,3,2026-09-04T17:30:00Z,609,Shahar,NEW,DEF,40,0,0,0.3,7874,2160,11867,2805,a,,,,,,,,0.0,0,0,0,0,0,0,0,0,0,0,0,0,0,0.00,0.00,0.00,0.00,0.0,0.0
2026-09-02T00:25:52+00:00,2026-09-01,daily,3,2026-09-04T17:30:00Z,167,Delap,NFO,FWD,55,0,0,0.7,22605,7356,30345,14921,a,,,,,3,,,0.5,1,1,24,0,0,0,0,1,0,0,0,0,0,0.07,0.00,0.07,0.33,0.5,0.5
2026-09-02T00:25:52+00:00,2026-09-01,daily,3,2026-09-04T17:30:00Z,201,Muñoz,NFO,DEF,54,-1,-1,6.9,14376,127631,30021,253057,a,,,,,,,,0.0,0,0,54,1,0,0,0,2,0,4,3,1,1,0.23,0.01,0.24,0.84,0.0,0.0
2026-09-02T00:25:52+00:00,2026-09-01,daily,3,2026-09-04T17:30:00Z,467,Sels,NFO,GKP,50,0,0,1.4,4936,9952,8286,21698,a,,,,,,,,1.5,1,3,180,2,0,0,0,3,4,0,3,0,15,0.00,0.01,0.01,2.22,1.5,1.5
2026-09-02T00:25:52+00:00,2026-09-01,daily,3,2026-09-04T17:30:00Z,468,John,NFO,GKP,45,0,0,0.1,151,410,329,876,a,,,,,,,,0.0,0,0,0,0,0,0,0,0,0,0,0,0,0,0.00,0.00,0.00,0.00,0.0,0.0
2026-09-02T00:25:52+00:00,2026-09-01,daily,3,2026-09-04T17:30:00Z,469,N.Williams,NFO,DEF,50,0,0,8.5,32171,47367,46321,129501,a,,,,,,2,2,4.0,6,8,180,2,0,1,0,3,0,18,9,9,11,0.12,0.17,0.29,2.22,4.0,4.0
2026-09-02T00:25:52+00:00,2026-09-01,daily,3,2026-09-04T17:30:00Z,470,Morato,NFO,DEF,50,0,0,0.0,168,583,398,1250,a,,,,,,,,0.0,0,0,0,0,0,0,0,0,0,0,0,0,0,0.00,0.00,0.00,0.00,0.0,0.0
2026-09-02T00:25:52+00:00,2026-09-01,daily,3,2026-09-04T17:30:00Z,471,Milenković,NFO,DEF,55,0,0,1.7,3491,9854,6082,26895,a,,,,,,,,2.5,3,5,180,2,0,0,0,3,0,20,17,3,9,0.11,0.02,0.13,2.22,2.5,2.5
2026-09-02T00:25:52+00:00,2026-09-01,daily,3,2026-09-04T17:30:00Z,472,Murillo,NFO,DEF,55,0,0,1.6,5990,11898,14570,23735,a,,2026-07-23T12:01:23.801183Z,100,100,,3,,2.5,1,5,180,2,0,0,0,3,0,20,18,2,6,0.18,0.28,0.46,2.22,2.5,2.5
2026-09-02T00:25:52+00:00,2026-09-01,daily,3,2026-09-04T17:30:00Z,473,Aina,NFO,DEF,45,0,0,3.2,13475,29466,31245,52303,a,,,,,,,,2.5,0,5,158,2,0,0,1,2,0,7,5,2,8,0.04,0.52,0.56,2.09,2.5,2.5
2026-09-02T00:25:52+00:00,2026-09-01,daily,3,2026-09-04T17:30:00Z,474,Jair Cunha,NFO,DEF,45,0,0,0.2,579,1176,838,2735,a,,,,,,,,1.0,1,2,180,2,0,0,0,3,0,16,13,3,3,0.00,0.00,0.00,2.22,1.0,1.0
2026-09-02T00:25:52+00:00,2026-09-01,daily,3,2026-09-04T17:30:00Z,475,Savona,NFO,DEF,45,0,0,0.0,16,56,129,104,i,Knee injury - Unknown return date,2026-07-23T12:01:23.816304Z,0,0,,,,0.0,0,0,0,0,0,0,0,0,0,0,0,0,0,0.00,0.00,0.00,0.00,0.0,0.0
2026-09-02T00:25:52+00:00,2026-09-01,daily,3,2026-09-04T17:30:00Z,476,O.Richards,NFO,DEF,40,0,0,0.2,708,1359,1203,3367,a,,,,,,,,0.0,0,0,0,0,0,0,0,0,0,0,0,0,0,0.00,0.00,0.00,0.00,0.0,0.0
2026-09-02T00:25:52+00:00,2026-09-01,daily,3,2026-09-04T17:30:00Z,477,Abbott,NFO,DEF,40,0,0,0.2,1252,1705,2248,3928,a,,,,,,,,0.0,0,0,0,0,0,0,0,0,0,0,0,0,0,0.00,0.00,0.00,0.00,0.0,0.0
2026-09-02T00:25:52+00:00,2026-09-01,daily,3,2026-09-04T17:30:00Z,478,Netz,NFO,DEF,45,0,0,0.0,110,279,222,567,a,,,,,,,,1.0,1,2,20,0,0,0,0,1,0,1,0,1,1,0.00,0.00,0.00,0.13,1.0,1.0
2026-09-02T00:25:52+00:00,2026-09-01,daily,3,2026-09-04T17:30:00Z,479,Bindon,NFO,DEF,40,0,0,0.2,434,1326,799,2743,u,Has joined Charlton Athletic on loan for the rest of the season,2026-09-01T13:16:05.383880Z,,0,,,,0.0,0,0,0,0,0,0,0,0,0,0,0,0,0,0.00,0.00,0.00,0.00,0.0,0.0
2026-09-02T00:25:52+00:00,2026-09-01,daily,3,2026-09-04T17:30:00Z,480,Gibbs-White,NFO,MID,79,-1,-1,9.1,110525,65008,119305,348101,a,,2026-08-24T15:30:08.350159Z,100,100,1,1,,7.5,13,15,180,2,1,1,0,3,0,8,2,2,4,0.92,0.10,1.02,2.22,7.5,7.5
2026-09-02T00:25:52+00:00,2026-09-01,daily,3,2026-09-04T17:30:00Z,482,Hudson-Odoi,NFO,MID,59,-1,-1,0.2,1040,2933,1766,8417,a,,2026-07-23T12:01:23.832709Z,100,100,,4,,0.5,1,1,1,0,0,0,0,0,0,0,0,0,0,0.00,0.00,0.00,0.00,0.5,0.5
2026-09-02T00:25:52+00:00,2026-09-01,daily,3,2026-09-04T17:30:00Z,483,Ndoye,NFO,MID,55,0,0,0.6,20733,6070,22224,11332,a,,,,,,,,6.0,9,12,126,2,1,0,1,1,0,12,2,1,9,0.35,0.63,0.98,1.67,6.0,6.0
2026-09-02T00:25:52+00:00,2026-09-01,daily,3,2026-09-04T17:30:00Z,484,Hutchinson,NFO,MID,54,-1,-1,0.1,213,2212,427,4458,u,Has joined AC Milan on loan for the rest of the season,2026-09-01T13:23:52.340206Z,,0,,,,0.0,0,0,0,0,0,0,0,0,0,0,0,0,0,0.00,0.00,0.00,0.00,0.0,0.0
2026-09-02T00:25:52+00:00,2026-09-01,daily,3,2026-09-04T17:30:00Z,485,Bakwa,NFO,MID,55,0,0,0.0,0,394,107,799,u,Has joined Lille on loan for the rest of the season,2026-08-27T14:53:03.381941Z,0,0,,,,0.0,0,0,0,0,0,0,0,0,0,0,0,0,0,0.00,0.00,0.00,0.00,0.0,0.0
2026-09-02T00:25:52+00:00,2026-09-01,daily,3,2026-09-04T17:30:00Z,486,McAtee,NFO,MID,55,0,0,0.1,2299,830,2973,1305,a,,,,,,,1,2.5,2,5,163,2,0,0,1,2,0,16,4,2,10,0.00,0.32,0.32,2.09,2.5,2.5
2026-09-02T00:25:52+00:00,2026-09-01,daily,3,2026-09-04T17:30:00Z,487,Dominguez,NFO,MID,50,0,0,0.1,238,691,452,1753,a,,,,,,,,0.5,1,1,1,0,0,0,0,0,0,0,0,0,0,0.00,0.00,0.00,0.00,0.5,0.5
2026-09-02T00:25:52+00:00,2026-09-01,daily,3,2026-09-04T17:30:00Z,488,I.Sangaré,NFO,MID,50,0,0,0.7,156,18544,3006,36521,i,Calf injury - Unknown return date,2026-08-28T09:30:07.471668Z,0,0,,,,1.0,0,2,90,1,0,0,0,1,0,6,3,0,3,0.03,0.01,0.04,0.47,0.0,0.0
2026-09-02T00:25:52+00:00,2026-09-01,daily,3,2026-09-04T17:30:00Z,489,Yates,NFO,MID,45,0,0,1.5,12188,12324,13931,49407,a,,2026-08-17T20:30:08.195072Z,100,100,,,,0.0,0,0,0,0,0,0,0,0,0,0,0,0,0,0.00,0.00,0.00,0.00,0.0,0.0
2026-09-02T00:25:52+00:00,2026-09-01,daily,3,2026-09-04T17:30:00Z,490,Wood,NFO,FWD,59,-1,-1,1.3,4837,27746,9406,57097,a,,,,,2,,,0.5,0,1,28,0,0,0,0,1,0,1,0,0,1,0.12,0.01,0.13,0.22,0.5,0.5
2026-09-02T00:25:52+00:00,2026-09-01,daily,3,2026-09-04T17:30:00Z,491,Igor Jesus,NFO,FWD,59,-1,-1,3.2,12675,48901,22912,107451,a,,,,,4,,,1.5,1,3,180,2,0,0,0,3,0,8,5,1,2,0.96,0.06,1.02,2.22,1.5,1.5
2026-09-02T00:25:52+00:00,2026-09-01,daily,3,2026-09-04T17:30:00Z,493,Kalimuendo,NFO,FWD,55,0,0,0.0,292,804,631,1561,a,,,,,,,,0.5,0,1,1,0,0,0,0,0,0,0,0,0,0,0.00,0.00,0.00,0.00,0.5,0.5
2026-09-02T00:25:52+00:00,2026-09-01,daily,3,2026-09-04T17:30:00Z,558,Schlager,NFO,MID,50,0,0,0.1,866,751,1024,1895,a,,,,,,,3,2.5,4,5,106,1,0,0,0,3,0,16,3,5,8,0.05,0.00,0.05,1.88,2.5,2.5
2026-09-02T00:25:52+00:00,2026-09-01,daily,3,2026-09-04T17:30:00Z,581,Diomande,NFO,DEF,55,0,0,0.6,2204,10440,5688,22541,a,,,,,,,,0.0,0,0,0,0,0,0,0,0,0,0,0,0,0,0.00,0.00,0.00,0.00,0.0,0.0
2026-09-02T00:25:52+00:00,2026-09-01,daily,3,2026-09-04T17:30:00Z,590,Benda,NFO,GKP,45,0,0,0.1,653,575,1278,1119,a,,,,,,,,0.0,0,0,0,0,0,0,0,0,0,0,0,0,0,0.00,0.00,0.00,0.00,0.0,0.0
2026-09-02T00:25:52+00:00,2026-09-01,daily,3,2026-09-04T17:30:00Z,112,Van Hecke,TOT,DEF,50,0,0,8.1,11744,128965,48348,227733,a,,,,,,,,1.0,1,2,180,2,0,0,0,5,0,17,13,4,7,0.11,0.06,0.17,4.59,1.0,1.0
2026-09-02T00:25:52+00:00,2026-09-01,daily,3,2026-09-04T17:30:00Z,401,Marmoush,TOT,FWD,70,0,0,1.9,64859,22643,104667,42004,a,,,,,2,,,1.0,2,2,90,1,0,0,0,2,0,4,0,1,3,0.17,0.07,0.24,0.72,1.0,1.0
2026-09-02T00:25:52+00:00,2026-09-01,daily,3,2026-09-04T17:30:00Z,403,Sávio,TOT,MID,65,0,0,0.8,11560,22770,67307,29634,d,Muscular injury - 75% chance of playing,2026-08-29T16:30:08.380416Z,,75,,,,0.0,0,0,0,0,0,0,0,0,0,0,0,0,0,0.00,0.00,0.00,0.00,0.0,0.0
2026-09-02T00:25:52+00:00,2026-09-01,daily,3,2026-09-04T17:30:00Z,455,Tonali,TOT,MID,54,-1,-1,3.1,7448,58898,21567,111114,a,,,,,,5,,2.0,2,4,164,2,0,0,0,5,0,8,1,1,6,0.09,0.08,0.17,4.59,2.0,2.0
2026-09-02T00:25:52+00:00,2026-09-01,daily,3,2026-09-04T17:30:00Z,494,Vicario,TOT,GKP,45,0,0,0.2,0,4288,0,15725,u,Has joined Juventus on loan for the rest of the season,2026-08-19T13:55:33.193962Z,0,0,,,,0.0,0,0,0,0,0,0,0,0,0,0,0,0,0,0.00,0.00,0.00,0.00,0.0,0.0
2026-09-02T00:25:52+00:00,2026-09-01,daily,3,2026-09-04T17:30:00Z,495,Austin,TOT,GKP,40,0,0,0.9,5610,3454,8822,7156,a,,,,,,,,0.0,0,0,0,0,0,0,0,0,0,0,0,0,0,0.00,0.00,0.00,0.00,0.0,0.0
2026-09-02T00:25:52+00:00,2026-09-01,daily,3,2026-09-04T17:30:00Z,496,Kinsky,TOT,GKP,45,0,0,20.5,26409,156052,67034,238203,a,,,,,,,,1.5,1,3,180,2,0,0,0,5,5,0,4,0,18,0.00,0.00,0.00,4.59,1.5,1.5
2026-09-02T00:25:52+00:00,2026-09-01,daily,3,2026-09-04T17:30:00Z,497,Dubravka,TOT,GKP,40,0,0,18.2,70793,68886,105879,132703,a,,,,,,,,0.0,0,0,0,0,0,0,0,0,0,0,0,0,0,0.00,0.00,0.00,0.00,0.0,0.0
2026-09-02T00:25:52+00:00,2026-09-01,daily,3,2026-09-04T17:30:00Z,498,Senesi,TOT,DEF,59,-1,-1,6.1,3691,120696,19633,184931,a,,,,,,,,1.5,0,3,90,1,0,0,0,3,0,16,11,5,2,0.00,0.02,0.02,3.87,1.5,1.5
2026-09-02T00:25:52+00:00,2026-09-01,daily,3,2026-09-04T17:30:00Z,499,Pedro Porro,TOT,DEF,55,0,0,12.3,32784,131873,53358,449391,a,,2026-08-21T15:22:48.149081Z,100,100,,1,3,0.5,1,1,90,1,0,0,0,2,0,4,3,1,2,0.33,0.10,0.43,0.72,0.5,0.5
2026-09-02T00:25:52+00:00,2026-09-01,daily,3,2026-09-04T17:30:00Z,500,Romero,TOT,DEF,50,0,0,0.1,0,2888,0,13667,u,Has joined Atletico Madrid permanently,2026-08-17T13:49:05.465401Z,0,0,,,,0.0,0,0,0,0,0,0,0,0,0,0,0,0,0,0.00,0.00,0.00,0.00,0.0,0.0
2026-09-02T00:25:52+00:00,2026-09-01,daily,3,2026-09-04T17:30:00Z,501,Danso,TOT,DEF,50,0,0,0.2,507,2219,1527,4651,a,,,,,,,,0.0,0,0,0,0,0,0,0,0,0,0,0,0,0,0.00,0.00,0.00,0.00,0.0,0.0
2026-09-02T00:25:52+00:00,2026-09-01,daily,3,2026-09-04T17:30:00Z,502,Robertson,TOT,DEF,45,0,0,3.5,9088,34471,31259,57769,a,,,,,,,1,2.5,2,5,157,2,0,0,0,4,0,14,11,3,4,0.06,0.08,0.14,4.35,2.5,2.5
2026-09-02T00:25:52+00:00,2026-09-01,daily,3,2026-09-04T17:30:00Z,503,Van de Ven,TOT,DEF,50,0,0,3.9,11325,49121,19699,173824,a,,2026-08-21T15:00:07.610517Z,100,100,,,,0.0,0,0,90,1,0,0,0,2,0,8,7,1,4,0.00,0.02,0.02,0.72,0.0,0.0
2026-09-02T00:25:52+00:00,2026-09-01,daily,3,2026-09-04T17:30:00Z,505,Spence,TOT,DEF,45,0,0,0.4,0,10866,0,56648,u,Has joined Internazionale permanently,2026-08-18T14:13:08.454214Z,0,0,,,,0.0,0,0,0,0,0,0,0,0,0,0,0,0,0,0.00,0.00,0.00,0.00,0.0,0.0
2026-09-02T00:25:52+00:00,2026-09-01,daily,3,2026-09-04T17:30:00Z,506,Udogie,TOT,DEF,45,0,0,0.4,777,4259,2462,8951,a,,,,,,,,1.0,1,2,26,0,0,0,0,1,0,1,0,1,3,0.00,0.21,0.21,0.68,1.0,1.0
2026-09-02T00:25:52+00:00,2026-09-01,daily,3,2026-09-04T17:30:00Z,507,Phillips,TOT,DEF,45,0,0,0.0,0,239,0,897,u,Has joined Middlesbrough permanently,2026-08-18T14:13:08.474144Z,0,0,,,,0.0,0,0,0,0,0,0,0,0,0,0,0,0,0,0.00,0.00,0.00,0.00,0.0,0.0
2026-09-02T00:25:52+00:00,2026-09-01,daily,3,2026-09-04T17:30:00Z,508,Davies,TOT,DEF,40,0,0,1.0,2493,7526,5370,16509,a,,,,,,,,0.0,0,0,0,0,0,0,0,0,0,0,0,0,0,0.00,0.00,0.00,0.00,0.0,0.0
2026-09-02T00:25:52+00:00,2026-09-01,daily,3,2026-09-04T17:30:00Z,509,Byfield,TOT,DEF,40,0,0,0.1,349,409,668,967,a,,,,,,,,0.0,0,0,0,0,0,0,0,0,0,0,0,0,0,0.00,0.00,0.00,0.00,0.0,0.0
2026-09-02T00:25:52+00:00,2026-09-01,daily,3,2026-09-04T17:30:00Z,510,Rowswell,TOT,DEF,40,0,0,0.1,419,616,754,1311,a,,,,,,,,0.0,0,0,0,0,0,0,0,0,0,0,0,0,0,0.00,0.00,0.00,0.00,0.0,0.0
2026-09-02T00:25:52+00:00,2026-09-01,daily,3,2026-09-04T17:30:00Z,511,Souza,TOT,DEF,40,0,0,0.3,1362,2875,2555,5569,u,Has joined FC Porto on loan for the rest of the season,2026-09-01T13:24:26.858636Z,,0,,,,0.0,0,0,0,0,0,0,0,0,0,0,0,0,0,0.00,0.00,0.00,0.00,0.0,0.0
2026-09-02T00:25:52+00:00,2026-09-01,daily,3,2026-09-04T17:30:00Z,512,Kudus,TOT,MID,65,0,0,0.1,2591,1288,2860,3694,a,,2026-07-23T12:01:23.848657Z,75,100,3,3,,0.5,1,1,22,0,0,0,0,1,0,2,0,0,2,0.04,0.01,0.05,0.24,0.4,0.5
2026-09-02T00:25:52+00:00,2026-09-01,daily,3,2026-09-04T17:30:00Z,513,Xavi,TOT,MID,60,0,0,0.0,53,262,130,618,i,Knee injury - Unknown return date,2026-07-23T12:01:23.864304Z,0,0,4,2,,0.0,0,0,0,0,0,0,0,0,0,0,0,0,0,0.00,0.00,0.00,0.00,0.0,0.0
2026-09-02T00:25:52+00:00,2026-09-01,daily,3,2026-09-04T17:30:00Z,514,Tel,TOT,MID,59,-1,-1,0.4,1221,10949,5395,21410,a,,,,,,4,,2.0,2,4,157,2,0,0,0,4,0,11,1,1,9,0.20,0.09,0.29,4.35,2.0,2.0
2026-09-02T00:25:52+00:00,2026-09-01,daily,3,2026-09-04T17:30:00Z,515,Maddison,TOT,MID,64,-1,-1,0.7,132,25702,2818,62688,d,Shoulder injury - 75% chance of playing,2026-08-25T14:30:07.623508Z,75,75,,,,0.5,0,1,22,0,0,0,0,0,0,2,1,0,1,0.00,0.01,0.01,0.85,0.4,0.4
2026-09-02T00:25:52+00:00,2026-09-01,daily,3,2026-09-04T17:30:00Z,516,Bentancur,TOT,MID,55,0,0,0.2,545,1616,1147,3647,a,,,,,,,,1.5,2,3,135,1,0,0,0,3,0,16,3,5,8,0.00,0.03,0.03,2.90,1.5,1.5
2026-09-02T00:25:52+00:00,2026-09-01,daily,3,2026-09-04T17:30:00Z,517,Odobert,TOT,MID,55,0,0,0.0,16,28,32,47,i,Knee injury - Unknown return date,2026-07-23T12:01:23.879434Z,0,0,,,,0.0,0,0,0,0,0,0,0,0,0,0,0,0,0,0.00,0.00,0.00,0.00,0.0,0.0
2026-09-02T00:25:52+00:00,2026-09-01,daily,3,2026-09-04T17:30:00Z,518,P.M.Sarr,TOT,MID,49,0,-1,0.2,3858,2855,3971,13319,a,,2026-08-21T14:30:08.419690Z,0,100,,,,0.0,0,0,0,0,0,0,0,0,0,0,0,0,0,0.00,0.00,0.00,0.00,0.0,0.0
2026-09-02T00:25:52+00:00,2026-09-01,daily,3,2026-09-04T17:30:00Z,519,Gallagher,TOT,MID,54,-1,-1,0.2,713,4120,1921,8767,a,,,,,,,,0.0,0,0,45,1,0,0,0,2,0,3,0,1,2,0.02,0.06,0.08,1.70,0.0,0.0
2026-09-02T00:25:52+00:00,2026-09-01,daily,3,2026-09-04T17:30:00Z,520,Bergvall,TOT,MID,55,0,0,0.2,323,2204,958,4403,a,,,,,,,,0.5,0,1,45,1,0,0,0,2,0,8,0,1,7,0.00,0.01,0.01,1.70,0.5,0.5
2026-09-02T00:25:52+00:00,2026-09-01,daily,3,2026-09-04T17:30:00Z,521,Kulusevski,TOT,MID,65,0,0,0.0,47,104,122,345,i,Knee injury - Unknown return date,2026-07-23T12:01:23.895175Z,0,0,,,,0.0,0,0,0,0,0,0,0,0,0,0,0,0,0,0.00,0.00,0.00,0.00,0.0,0.0
2026-09-02T00:25:52+00:00,2026-09-01,daily,3,2026-09-04T17:30:00Z,522,Gray,TOT,MID,50,0,0,0.2,1527,2548,3238,5092,a,,,,,,,,2.0,2,4,152,2,0,0,0,4,0,11,5,1,5,0.00,0.01,0.01,3.91,2.0,2.0
2026-09-02T00:25:52+00:00,2026-09-01,daily,3,2026-09-04T17:30:00Z,523,Moore,TOT,MID,50,0,0,0.2,720,3186,3139,5712,a,,,,,,,,1.5,1,3,89,1,0,0,0,4,0,3,0,1,2,0.40,0.02,0.42,3.26,1.5,1.5
2026-09-02T00:25:52+00:00,2026-09-01,daily,3,2026-09-04T17:30:00Z,524,Olusesi,TOT,MID,45,0,0,0.7,1012,6560,3026,15872,a,,,,,,,,0.0,0,0,0,0,0,0,0,0,0,0,0,0,0,0.00,0.00,0.00,0.00,0.0,0.0
2026-09-02T00:25:52+00:00,2026-09-01,daily,3,2026-09-04T17:30:00Z,525,Fernandes,TOT,MID,59,-1,-1,1.3,2893,27306,7422,58635,a,,,,,,,2,1.5,2,3,135,1,0,0,0,3,0,10,0,4,6,0.01,0.23,0.24,2.90,1.5,1.5
2026-09-02T00:25:52+00:00,2026-09-01,daily,3,2026-09-04T17:30:00Z,526,Solanke,TOT,FWD,59,-1,-1,1.1,4341,22134,12553,42952,a,,,,,1,,,1.0,1,2,37,0,0,0,0,0,0,0,0,0,0,0.27,0.00,0.27,0.85,1.0,1.0
2026-09-02T00:25:52+00:00,2026-09-01,daily,3,2026-09-04T17:30:00Z,527,Richarlison,TOT,FWD,59,-1,-1,2.1,5055,66290,19778,112761,a,,,,,5,,,1.0,0,2,67,1,0,0,0,3,0,1,1,0,0,0.00,0.00,0.00,3.02,1.0,1.0
2026-09-02T00:25:52+00:00,2026-09-01,daily,3,2026-09-04T17:30:00Z,528,Scarlett,TOT,FWD,45,0,0,1.9,26612,15885,39796,33065,a,,,,,,,,0.0,0,0,0,0,0,0,0,0,0,0,0,0,0,0.00,0.00,0.00,0.00,0.0,0.0
2026-09-02T00:25:52+00:00,2026-09-01,daily,3,2026-09-04T17:30:00Z,601,Williams-Barnett,TOT,MID,45,0,0,0.1,3025,1456,5661,2040,a,,,,,,,,0.0,0,0,0,0,0,0,0,0,0,0,0,0,0,0.00,0.00,0.00,0.00,0.0,0.0
2026-09-02T00:25:52+00:00,2026-09-01,daily,3,2026-09-04T17:30:00Z,529,Roefs,SUN,GKP,50,0,0,3.6,5568,28625,10334,58959,a,,,,,,,,3.5,6,7,180,2,0,0,1,2,1,0,3,0,15,0.00,0.00,0.00,2.75,3.5,3.5
2026-09-02T00:25:52+00:00,2026-09-01,daily,3,2026-09-04T17:30:00Z,530,Patterson,SUN,GKP,40,0,0,0.1,0,1183,0,3490,u,Has joined Wrexham permanently,2026-08-12T14:08:03.064533Z,0,0,,,,0.0,0,0,0,0,0,0,0,0,0,0,0,0,0,0.00,0.00,0.00,0.00,0.0,0.0
2026-09-02T00:25:52+00:00,2026-09-01,daily,3,2026-09-04T17:30:00Z,531,Ellborg,SUN,GKP,45,0,0,0.1,238,581,447,1435,a,,,,,,,,0.0,0,0,0,0,0,0,0,0,0,0,0,0,0,0.00,0.00,0.00,0.00,0.0,0.0
2026-09-02T00:25:52+00:00,2026-09-01,daily,3,2026-09-04T17:30:00Z,532,Ballard,SUN,DEF,50,0,0,4.4,9295,48703,22093,98407,a,,,,,,,,4.0,8,8,180,2,0,0,1,2,0,19,16,3,1,0.03,0.01,0.04,2.75,4.0,4.0
2026-09-02T00:25:52+00:00,2026-09-01,daily,3,2026-09-04T17:30:00Z,533,Mukiele,SUN,DEF,55,0,0,2.4,13506,13926,19094,52513,a,,2026-08-09T08:30:05.954750Z,100,100,,,,4.5,9,9,90,1,0,0,1,0,0,19,17,2,4,0.00,0.01,0.01,0.95,4.5,4.5
2026-09-02T00:25:52+00:00,2026-09-01,daily,3,2026-09-04T17:30:00Z,534,Hume,SUN,DEF,45,0,0,5.7,10970,46473,24589,83844,a,,,,,,,3,4.0,6,8,169,2,0,0,1,1,0,10,3,7,10,0.04,0.28,0.32,2.64,4.0,4.0
2026-09-02T00:25:52+00:00,2026-09-01,daily,3,2026-09-04T17:30:00Z,535,Alderete,SUN,DEF,50,0,0,0.4,1044,5851,3641,11115,a,,2026-08-09T08:30:05.962393Z,100,100,,,,0.5,0,1,23,0,0,0,0,1,0,0,0,0,2,0.00,0.01,0.01,0.10,0.5,0.5
2026-09-02T00:25:52+00:00,2026-09-01,daily,3,2026-09-04T17:30:00Z,536,Reinildo,SUN,DEF,45,0,0,0.4,1183,2322,2158,5900,a,,,,,,,,3.5,6,7,180,2,0,0,1,2,0,15,11,4,8,0.00,0.30,0.30,2.75,3.5,3.5
2026-09-02T00:25:52+00:00,2026-09-01,daily,3,2026-09-04T17:30:00Z,537,Seelt,SUN,DEF,45,0,0,0.0,3,249,61,376,u,Has joined Swansea City on loan for the rest of the season,2026-08-29T00:34:52.425076Z,,0,,,,0.0,0,0,0,0,0,0,0,0,0,0,0,0,0,0.00,0.00,0.00,0.00,0.0,0.0
2026-09-02T00:25:52+00:00,2026-09-01,daily,3,2026-09-04T17:30:00Z,538,Hjelde,SUN,DEF,40,0,0,0.0,0,499,0,1489,u,Has joined KV Mechelen on loan for the rest of the season,2026-08-12T14:08:03.081789Z,0,0,,,,0.0,0,0,0,0,0,0,0,0,0,0,0,0,0,0.00,0.00,0.00,0.00,0.0,0.0
2026-09-02T00:25:52+00:00,2026-09-01,daily,3,2026-09-04T17:30:00Z,539,O'Nien,SUN,DEF,40,0,0,3.1,3303,19787,7905,37326,a,,,,,,,,0.5,0,1,66,1,0,0,0,1,0,5,4,1,4,0.01,0.01,0.02,1.69,0.5,0.5
2026-09-02T00:25:52+00:00,2026-09-01,daily,3,2026-09-04T17:30:00Z,540,Masuaku,SUN,DEF,40,0,0,0.2,0,2292,0,7160,u,Has joined Konyaspor permanently,2026-08-12T14:08:03.097784Z,0,0,,,,0.0,0,0,0,0,0,0,0,0,0,0,0,0,0,0.00,0.00,0.00,0.00,0.0,0.0
2026-09-02T00:25:52+00:00,2026-09-01,daily,3,2026-09-04T17:30:00Z,541,Meunier,SUN,DEF,45,0,0,0.3,1628,1329,2638,3047,a,,2026-08-16T08:30:07.830062Z,100,100,,,,3.5,6,7,180,2,0,0,1,2,0,12,10,2,8,0.10,0.13,0.23,2.75,3.5,3.5
2026-09-02T00:25:52+00:00,2026-09-01,daily,3,2026-09-04T17:30:00Z,542,E.Le Fée,SUN,MID,59,-1,-1,6.8,4189,149988,15575,265098,a,,,,,2,2,1,2.5,3,5,168,2,0,0,1,1,0,8,1,2,5,0.37,0.20,0.57,2.55,2.5,2.5
2026-09-02T00:25:52+00:00,2026-09-01,daily,3,2026-09-04T17:30:00Z,543,Diarra,SUN,MID,55,0,0,0.1,115,1200,450,2377,d,Unspecified injury - 75% chance of playing,2026-08-30T16:30:08.428960Z,,75,1,,,2.5,4,5,28,0,0,1,0,1,0,0,0,0,0,0.03,0.16,0.19,0.12,2.5,1.9
2026-09-02T00:25:52+00:00,2026-09-01,daily,3,2026-09-04T17:30:00Z,544,Xhaka,SUN,MID,55,0,0,4.6,26451,27388,69232,45603,a,,,,,,1,2,7.5,6,15,180,2,0,1,1,2,0,20,3,3,14,0.00,0.45,0.45,2.75,7.5,7.5
2026-09-02T00:25:52+00:00,2026-09-01,daily,3,2026-09-04T17:30:00Z,545,Sadiki,SUN,MID,50,0,0,0.3,1191,2913,2356,6410,a,,,,,,,,2.5,3,5,180,2,0,0,1,2,0,13,6,3,4,0.08,0.05,0.13,2.75,2.5,2.5
2026-09-02T00:25:52+00:00,2026-09-01,daily,3,2026-09-04T17:30:00Z,546,Adingra,SUN,MID,49,-1,-1,0.0,151,1251,204,4810,i,Ankle injury - Unknown return date,2026-08-20T14:00:08.416985Z,0,0,,,,0.0,0,0,0,0,0,0,0,0,0,0,0,0,0,0.00,0.00,0.00,0.00,0.0,0.0
2026-09-02T00:25:52+00:00,2026-09-01,daily,3,2026-09-04T17:30:00Z,547,Mundle,SUN,MID,50,0,0,0.0,49,93,89,243,a,,,,,,,,0.5,1,1,1,0,0,0,0,0,0,1,1,0,0,0.17,0.00,0.17,0.09,0.5,0.5
2026-09-02T00:25:52+00:00,2026-09-01,daily,3,2026-09-04T17:30:00Z,548,Rigg,SUN,MID,50,0,0,0.1,93,530,192,1150,a,,,,,,,,1.0,1,2,17,0,0,0,0,1,0,1,0,0,1,0.00,0.00,0.00,0.44,1.0,1.0
2026-09-02T00:25:52+00:00,2026-09-01,daily,3,2026-09-04T17:30:00Z,549,Talbi,SUN,MID,54,-1,-1,0.2,242,2516,526,5360,a,,,,,,,,0.5,0,1,31,0,0,0,0,1,0,2,0,0,2,0.00,0.00,0.00,0.14,0.5,0.5
2026-09-02T00:25:52+00:00,2026-09-01,daily,3,2026-09-04T17:30:00Z,550,Jocelin.T,SUN,MID,50,0,0,0.0,52,68,103,169,a,,,,,,,,0.0,0,0,0,0,0,0,0,0,0,0,0,0,0,0.00,0.00,0.00,0.00,0.0,0.0
2026-09-02T00:25:52+00:00,2026-09-01,daily,3,2026-09-04T17:30:00Z,551,Angulo,SUN,MID,50,0,0,0.1,3144,1892,8487,3271,a,,,,,,3,,4.0,3,8,122,2,1,0,1,1,0,12,1,2,9,0.15,0.05,0.20,2.24,4.0,4.0
2026-09-02T00:25:52+00:00,2026-09-01,daily,3,2026-09-04T17:30:00Z,552,Brobbey,SUN,FWD,59,-1,-1,10.4,16232,201482,54501,321109,a,,,,,,,,2.0,2,4,129,2,0,0,1,1,0,4,1,0,3,0.33,0.00,0.33,2.27,2.0,2.0
2026-09-02T00:25:52+00:00,2026-09-01,daily,3,2026-09-04T17:30:00Z,553,Isidor,SUN,FWD,55,0,0,1.0,19398,8262,21868,21183,a,,,,,,,,4.5,8,9,49,0,1,0,0,1,0,0,0,0,0,1.39,0.00,1.39,0.47,4.5,4.5
2026-09-02T00:25:52+00:00,2026-09-01,daily,3,2026-09-04T17:30:00Z,612,Methalie,SUN,DEF,45,0,0,0.0,166,38,261,65,a,,2026-08-28T13:00:08.950445Z,0,100,,,,0.0,0,0,0,0,0,0,0,0,0,0,0,0,0,0.00,0.00,0.00,0.00,0.0,1.7
2026-09-02T00:25:52+00:00,2026-09-01,daily,3,2026-09-04T17:30:00Z,613,Ahoka,SUN,MID,45,0,0,0.2,8980,2729,11455,3127,a,,,,,,,,0.0,0,0,0,0,0,0,0,0,0,0,0,0,0,0.00,0.00,0.00,0.00,1.0,1.0
