snapshot_utc,snapshot_date,snapshot_kind,event,deadline_time,id,web_name,team,position,now_cost,cost_change_event,cost_change_start,selected_by_percent,transfers_in_event,transfers_out_event,transfers_in,transfers_out,status,news,news_added,chance_of_playing_this_round,chance_of_playing_next_round,penalties_order,direct_freekicks_order,corners_and_indirect_freekicks_order,form,event_points,total_points,minutes,starts,goals_scored,assists,clean_sheets,goals_conceded,saves,defensive_contribution,clearances_blocks_interceptions,tackles,recoveries,expected_goals,expected_assists,expected_goal_involvements,expected_goals_conceded,ep_this,ep_next
2026-09-18T00:41:43+00:00,2026-09-17,daily,5,2026-09-18T17:30:00Z,1,Raya,ARS,GKP,60,0,0,41.0,220516,47478,781317,572854,a,,,,,,,,7.2,14,29,360,4,0,0,3,1,7,0,6,0,44,0.00,0.01,0.01,2.72,7.2,7.2
2026-09-18T00:41:43+00:00,2026-09-17,daily,5,2026-09-18T17:30:00Z,2,Arrizabalaga,ARS,GKP,49,0,-1,0.1,151,469,1347,3923,a,,,,,,,,0.0,0,0,0,0,0,0,0,0,0,0,0,0,0,0.00,0.00,0.00,0.00,0.0,0.0
2026-09-18T00:41:43+00:00,2026-09-17,daily,5,2026-09-18T17:30:00Z,3,Meslier,ARS,GKP,49,0,-1,0.0,65,180,446,1439,a,,,,,,,,0.0,0,0,0,0,0,0,0,0,0,0,0,0,0,0.00,0.00,0.00,0.00,0.0,0.0
2026-09-18T00:41:43+00:00,2026-09-17,daily,5,2026-09-18T17:30:00Z,4,Gabriel,ARS,DEF,80,0,0,23.2,37157,87368,199367,811447,a,,,,,,,,6.0,9,24,360,4,0,0,3,1,0,32,29,3,13,0.51,0.06,0.57,2.72,6.0,6.0
2026-09-18T00:41:43+00:00,2026-09-17,daily,5,2026-09-18T17:30:00Z,5,J.Timber,ARS,DEF,65,0,0,0.3,15753,2877,17321,9812,a,,2026-07-23T12:01:23.272929Z,25,100,,,,0.2,1,1,45,0,0,0,0,0,0,3,2,1,5,0.00,0.01,0.01,1.57,0.1,0.2
2026-09-18T00:41:43+00:00,2026-09-17,daily,5,2026-09-18T17:30:00Z,6,Saliba,ARS,DEF,59,0,-1,0.2,358,1768,3041,17317,i,Back injury - Unknown return date,2026-07-23T12:01:23.289376Z,0,0,,,,0.0,0,0,0,0,0,0,0,0,0,0,0,0,0,0.00,0.00,0.00,0.00,0.0,0.0
2026-09-18T00:41:43+00:00,2026-09-17,daily,5,2026-09-18T17:30:00Z,7,Lewis-Skelly,ARS,MID,55,0,0,0.6,2694,8787,28144,42448,a,,,,,,,,2.2,1,9,271,4,0,0,2,1,0,14,5,1,8,0.16,0.23,0.39,1.02,2.2,2.2
2026-09-18T00:41:43+00:00,2026-09-17,daily,5,2026-09-18T17:30:00Z,8,Calafiori,ARS,DEF,58,0,3,50.2,210239,59253,1523347,314157,a,,,,,,,,7.0,6,28,326,4,0,2,3,1,0,13,10,3,8,0.60,0.59,1.19,2.45,7.0,7.0
2026-09-18T00:41:43+00:00,2026-09-17,daily,5,2026-09-18T17:30:00Z,9,Hincapie,ARS,DEF,53,0,-2,0.9,2216,13239,14476,109302,a,,,,,,,,0.5,0,2,32,0,0,0,0,0,0,3,2,1,0,0.00,0.00,0.00,0.28,0.5,0.5
2026-09-18T00:41:43+00:00,2026-09-17,daily,5,2026-09-18T17:30:00Z,10,White,ARS,DEF,55,0,0,5.9,17859,182454,449450,441841,d,Muscular injury - 75% chance of playing,2026-09-15T19:30:09.494382Z,100,75,,,,5.2,1,21,315,4,0,1,2,1,0,18,12,6,9,0.18,0.29,0.47,1.15,5.2,3.9
2026-09-18T00:41:43+00:00,2026-09-17,daily,5,2026-09-18T17:30:00Z,11,Mosquera,ARS,DEF,53,-1,-2,1.8,150,68413,29839,445265,d,Muscular injury - 50% chance of playing,2026-09-04T14:00:08.080310Z,50,50,,,,3.0,0,12,168,2,0,0,2,0,0,10,10,0,3,0.00,0.01,0.01,0.53,1.5,1.5
2026-09-18T00:41:43+00:00,2026-09-17,daily,5,2026-09-18T17:30:00Z,12,Saka,ARS,MID,95,0,0,12.7,151542,47882,609918,332804,a,,,,,1,2,2,7.5,8,30,336,4,3,0,3,1,0,29,8,5,16,2.88,0.43,3.31,2.58,7.5,7.5
2026-09-18T00:41:43+00:00,2026-09-17,daily,5,2026-09-18T17:30:00Z,13,Rice,ARS,MID,74,0,-1,12.5,22922,64264,106083,623433,a,,,,,,1,1,4.8,6,19,321,4,0,2,3,1,0,34,16,5,13,0.10,0.63,0.73,2.19,4.8,4.8
2026-09-18T00:41:43+00:00,2026-09-17,daily,5,2026-09-18T17:30:00Z,14,Eze,ARS,MID,63,0,-2,1.1,2558,14712,20451,129515,a,,,,,,3,,0.8,1,3,68,0,0,0,0,0,0,5,0,0,5,0.04,0.07,0.11,0.79,0.8,0.8
2026-09-18T00:41:43+00:00,2026-09-17,daily,5,2026-09-18T17:30:00Z,15,Ødegaard,ARS,MID,68,1,3,19.7,253706,95844,1483150,423265,a,,,,,3,4,,6.8,3,27,305,4,2,0,3,1,0,21,4,6,11,1.01,1.30,2.31,2.46,6.8,6.8
2026-09-18T00:41:43+00:00,2026-09-17,daily,5,2026-09-18T17:30:00Z,16,Madueke,ARS,MID,62,-1,-3,0.2,972,3043,5059,23827,a,,,,,,,5,0.5,0,2,23,0,0,0,0,0,0,3,0,1,2,0.00,0.05,0.05,0.15,0.5,0.5
2026-09-18T00:41:43+00:00,2026-09-17,daily,5,2026-09-18T17:30:00Z,17,Merino,ARS,MID,58,0,-2,0.4,1163,5416,8555,44392,a,,,,,,,,0.8,1,3,51,0,0,0,0,0,0,6,0,0,6,0.14,0.02,0.16,0.26,0.8,0.8
2026-09-18T00:41:43+00:00,2026-09-17,daily,5,2026-09-18T17:30:00Z,18,Martinelli,ARS,MID,63,0,-2,0.1,0,1298,2483,21100,u,Has joined Al Hilal permanently,2026-09-04T12:34:46.738449Z,0,0,,,,0.0,0,0,0,0,0,0,0,0,0,0,0,0,0,0.00,0.00,0.00,0.00,0.0,0.0
2026-09-18T00:41:43+00:00,2026-09-17,daily,5,2026-09-18T17:30:00Z,19,Zubimendi,ARS,MID,53,-1,-2,0.6,1263,7467,7834,61048,a,,,,,,,,1.0,1,4,59,0,0,0,0,0,0,11,4,4,3,0.08,0.04,0.12,0.68,1.0,1.0
2026-09-18T00:41:43+00:00,2026-09-17,daily,5,2026-09-18T17:30:00Z,20,Dowman,ARS,MID,53,0,-2,0.1,763,914,2473,6583,a,,,,,,,,0.0,0,0,0,0,0,0,0,0,0,0,0,0,0,0.00,0.00,0.00,0.00,0.0,0.0
2026-09-18T00:41:43+00:00,2026-09-17,daily,5,2026-09-18T17:30:00Z,22,Nwaneri,ARS,MID,54,0,-1,0.0,0,98,233,1182,u,Has joined Borussia Dortmund on loan for the rest of the season,2026-09-02T16:01:07.058827Z,0,0,,,,0.0,0,0,0,0,0,0,0,0,0,0,0,0,0,0.00,0.00,0.00,0.00,0.0,0.0
2026-09-18T00:41:43+00:00,2026-09-17,daily,5,2026-09-18T17:30:00Z,23,Fábio Vieira,ARS,MID,55,0,0,0.0,0,77,255,868,u,Has joined Hamburger SV permanently,2026-09-02T16:00:28.446370Z,0,0,,,,0.0,0,0,0,0,0,0,0,0,0,0,0,0,0,0.00,0.00,0.00,0.00,0.0,0.0
2026-09-18T00:41:43+00:00,2026-09-17,daily,5,2026-09-18T17:30:00Z,24,Nelson,ARS,MID,55,0,0,0.0,0,54,68,642,u,has departed the club as a free agent.,2026-08-29T00:33:08.556767Z,0,0,,,,0.0,0,0,0,0,0,0,0,0,0,0,0,0,0,0.00,0.00,0.00,0.00,0.0,0.0
2026-09-18T00:41:43+00:00,2026-09-17,daily,5,2026-09-18T17:30:00Z,25,Gyökeres,ARS,FWD,72,0,-3,3.3,3762,44634,26829,581932,a,,,,,2,,,0.2,0,1,12,0,0,0,0,0,0,1,0,0,1,0.00,0.00,0.00,0.11,0.2,0.2
2026-09-18T00:41:43+00:00,2026-09-17,daily,5,2026-09-18T17:30:00Z,26,Havertz,ARS,FWD,76,1,1,8.1,88375,78736,544266,336237,a,,,,,,,,4.2,1,17,347,4,2,0,3,1,0,10,4,0,6,0.89,0.35,1.24,2.60,4.2,4.2
2026-09-18T00:41:43+00:00,2026-09-17,daily,5,2026-09-18T17:30:00Z,27,G.Jesus,ARS,FWD,59,0,-1,0.2,0,2006,4164,27989,u,Has joined FC Barcelona permanently,2026-09-02T16:00:28.475184Z,0,0,,,,0.0,0,0,0,0,0,0,0,0,0,0,0,0,0,0.00,0.00,0.00,0.00,0.0,0.0
2026-09-18T00:41:43+00:00,2026-09-17,daily,5,2026-09-18T17:30:00Z,31,Konsa,ARS,DEF,45,0,0,18.5,254617,48179,1284830,573757,a,,,,,,,,2.8,6,11,191,2,0,0,1,1,0,19,14,5,6,0.00,0.01,0.01,2.19,2.8,2.8
2026-09-18T00:41:43+00:00,2026-09-17,daily,5,2026-09-18T17:30:00Z,452,Bruno G.,ARS,MID,67,-1,-3,1.8,13380,7803,22127,234993,a,,2026-09-04T14:00:08.328779Z,100,100,4,,4,2.0,7,8,64,0,1,0,0,0,0,6,1,1,4,0.09,0.15,0.24,1.57,2.0,2.0
2026-09-18T00:41:43+00:00,2026-09-17,daily,5,2026-09-18T17:30:00Z,557,Tzolis,ARS,MID,64,0,-1,14.1,29423,208197,440185,1368467,a,,,,,,,3,3.5,3,14,290,4,0,2,2,1,0,20,6,3,11,0.19,0.48,0.67,1.96,3.5,3.5
2026-09-18T00:41:43+00:00,2026-09-17,daily,5,2026-09-18T17:30:00Z,29,M.Bizot,AVL,GKP,45,0,0,0.1,382,1072,4560,5956,d,Back injury - 75% chance of playing,2026-09-17T07:30:09.058151Z,,75,,,,0.2,0,1,90,1,0,0,0,4,3,0,2,0,6,0.00,0.00,0.00,3.77,0.2,0.2
2026-09-18T00:41:43+00:00,2026-09-17,daily,5,2026-09-18T17:30:00Z,30,Digne,AVL,DEF,45,0,0,0.1,0,366,0,8346,u,Has joined Paris Saint-Germain permanently,2026-08-10T14:03:30.089007Z,0,0,,,,0.0,0,0,0,0,0,0,0,0,0,0,0,0,0,0.00,0.00,0.00,0.00,0.0,0.0
2026-09-18T00:41:43+00:00,2026-09-17,daily,5,2026-09-18T17:30:00Z,32,Cash,AVL,DEF,44,-1,-1,5.1,2227,96037,89614,379334,a,,2026-09-09T14:30:08.192142Z,75,100,,,1,1.8,0,7,251,3,0,0,1,5,0,14,8,6,2,0.15,0.04,0.19,5.03,1.4,1.8
2026-09-18T00:41:43+00:00,2026-09-17,daily,5,2026-09-18T17:30:00Z,33,Mings,AVL,DEF,45,0,0,0.4,2495,3890,13682,14757,a,,,,,,,,1.8,0,7,171,1,0,0,1,2,0,11,8,3,4,0.20,0.02,0.22,2.87,1.8,1.8
2026-09-18T00:41:43+00:00,2026-09-17,daily,5,2026-09-18T17:30:00Z,34,Pau,AVL,DEF,45,0,0,0.3,221,6588,11177,21571,d,Hamstring injury - 75% chance of playing,2026-09-12T18:00:08.712707Z,,75,,,,0.8,1,3,187,3,0,0,0,5,0,9,8,1,9,0.00,0.01,0.01,4.79,0.8,0.6
2026-09-18T00:41:43+00:00,2026-09-17,daily,5,2026-09-18T17:30:00Z,35,Bogarde,AVL,MID,50,0,0,0.1,408,799,2675,4166,a,,,,,,,,0.2,0,1,16,0,0,0,0,0,0,1,1,0,0,0.00,0.00,0.00,0.22,0.2,0.2
2026-09-18T00:41:43+00:00,2026-09-17,daily,5,2026-09-18T17:30:00Z,36,Maatsen,AVL,DEF,45,0,0,0.6,525,21586,31819,46081,d,Ankle injury - 25% chance of playing,2026-09-12T18:00:08.729468Z,,25,,,,2.2,1,9,335,4,0,0,1,7,0,24,17,7,10,0.28,0.45,0.73,6.54,2.2,0.6
2026-09-18T00:41:43+00:00,2026-09-17,daily,5,2026-09-18T17:30:00Z,37,Lindelöf,AVL,DEF,45,0,0,0.3,2463,2725,12561,11831,a,,,,,,,,1.8,1,7,360,4,0,0,1,7,0,16,15,1,5,0.44,0.17,0.61,7.66,1.8,1.8
2026-09-18T00:41:43+00:00,2026-09-17,daily,5,2026-09-18T17:30:00Z,38,A.García,AVL,DEF,40,0,0,1.6,6131,11254,42425,58981,a,,,,,,,,0.0,0,0,0,0,0,0,0,0,0,0,0,0,0,0.00,0.00,0.00,0.00,0.0,0.0
2026-09-18T00:41:43+00:00,2026-09-17,daily,5,2026-09-18T17:30:00Z,39,Nedeljkovic,AVL,DEF,40,0,0,0.1,0,1000,0,14412,u,Has joined Rangers on loan for the rest of the season,2026-08-19T13:56:46.385411Z,0,0,,,,0.0,0,0,0,0,0,0,0,0,0,0,0,0,0,0.00,0.00,0.00,0.00,0.0,0.0
2026-09-18T00:41:43+00:00,2026-09-17,daily,5,2026-09-18T17:30:00Z,41,Buendía,AVL,MID,59,0,-1,0.9,4239,16243,45818,84107,a,,,,,1,1,3,2.2,2,9,311,4,0,0,1,6,0,19,3,2,14,0.78,0.17,0.95,6.30,2.2,2.2
2026-09-18T00:41:43+00:00,2026-09-17,daily,5,2026-09-18T17:30:00Z,44,Bailey,AVL,MID,54,0,-1,0.1,0,1351,2096,12434,u,Has joined Olympiakos permanently,2026-09-04T12:35:14.472260Z,0,0,,,,0.0,0,0,0,0,0,0,0,0,0,0,0,0,0,0.00,0.00,0.00,0.00,0.0,0.0
2026-09-18T00:41:43+00:00,2026-09-17,daily,5,2026-09-18T17:30:00Z,45,McGinn,AVL,MID,54,0,-1,2.2,13582,17267,58599,139643,a,,,,,,,2,2.8,6,11,351,4,0,1,1,7,0,24,6,5,13,0.77,0.20,0.97,7.51,2.8,2.8
2026-09-18T00:41:43+00:00,2026-09-17,daily,5,2026-09-18T17:30:00Z,46,Barkley,AVL,MID,50,0,0,0.3,1899,3003,14762,13476,a,,,,,,,4,2.2,2,9,302,4,0,0,1,6,0,24,4,7,13,0.38,0.14,0.52,6.58,2.2,2.2
2026-09-18T00:41:43+00:00,2026-09-17,daily,5,2026-09-18T17:30:00Z,47,Kamara,AVL,MID,50,0,0,0.3,1618,3685,12839,18899,a,,2026-07-23T12:01:23.337269Z,100,100,,,,2.2,2,9,360,4,0,0,1,7,0,30,10,7,13,0.00,0.15,0.15,7.66,2.2,2.2
2026-09-18T00:41:43+00:00,2026-09-17,daily,5,2026-09-18T17:30:00Z,48,Onana,AVL,MID,49,-1,-1,0.0,52,179,457,1546,i,Knee injury - Unknown return date,2026-07-23T12:01:23.352497Z,0,0,,,,0.0,0,0,0,0,0,0,0,0,0,0,0,0,0,0.00,0.00,0.00,0.00,0.0,0.0
2026-09-18T00:41:43+00:00,2026-09-17,daily,5,2026-09-18T17:30:00Z,49,Iling Jr,AVL,MID,50,0,0,0.0,0,18,0,223,u,Has joined Bolton Wanderers on loan for the rest of the season,2026-08-17T13:52:28.532616Z,0,0,,,,0.0,0,0,0,0,0,0,0,0,0,0,0,0,0,0.00,0.00,0.00,0.00,0.0,0.0
2026-09-18T00:41:43+00:00,2026-09-17,daily,5,2026-09-18T17:30:00Z,50,Burrowes,AVL,MID,45,0,0,0.6,1688,5774,20552,30268,a,,,,,,,,0.0,0,0,0,0,0,0,0,0,0,0,0,0,0,0.00,0.00,0.00,0.00,0.0,0.0
2026-09-18T00:41:43+00:00,2026-09-17,daily,5,2026-09-18T17:30:00Z,51,George Hemmings,AVL,MID,45,0,0,1.3,11294,12796,109901,55455,a,,,,,,,,2.0,1,8,279,4,0,0,1,5,0,19,3,6,10,0.07,0.16,0.23,5.39,2.0,2.0
2026-09-18T00:41:43+00:00,2026-09-17,daily,5,2026-09-18T17:30:00Z,52,Alysson,AVL,MID,50,0,0,0.1,1271,476,2949,2714,a,,,,,,,,2.0,6,8,87,0,1,0,0,2,0,8,2,2,4,0.06,0.00,0.06,2.40,2.0,2.0
2026-09-18T00:41:43+00:00,2026-09-17,daily,5,2026-09-18T17:30:00Z,53,Manzambi,AVL,MID,59,0,-1,0.1,1479,809,2622,16438,a,,2026-08-15T15:30:06.388335Z,50,100,,,,0.2,1,1,27,0,0,0,0,1,0,2,0,1,1,0.00,0.08,0.08,0.86,0.1,0.2
2026-09-18T00:41:43+00:00,2026-09-17,daily,5,2026-09-18T17:30:00Z,54,Gomes,AVL,MID,55,0,0,0.0,385,248,760,3830,d,Calf injury - 75% chance of playing,2026-09-16T19:30:08.742410Z,0,75,,,,-0.5,0,-2,39,1,0,0,0,4,0,7,1,4,2,0.00,0.01,0.01,2.58,0.0,-0.4
2026-09-18T00:41:43+00:00,2026-09-17,daily,5,2026-09-18T17:30:00Z,55,Watkins,AVL,FWD,78,0,-2,2.7,0,28430,14882,740561,u,Has joined Al Hilal permanently,2026-09-01T13:15:16.698799Z,0,0,,,,0.0,0,0,0,0,0,0,0,0,0,0,0,0,0,0.00,0.00,0.00,0.00,0.0,0.0
2026-09-18T00:41:43+00:00,2026-09-17,daily,5,2026-09-18T17:30:00Z,56,Abraham,AVL,FWD,55,0,0,0.2,2720,2230,12428,10481,a,,2026-08-15T16:00:07.558543Z,100,100,,,,0.8,1,3,69,0,0,0,0,2,0,2,0,1,1,0.00,0.00,0.00,2.26,0.8,0.8
2026-09-18T00:41:43+00:00,2026-09-17,daily,5,2026-09-18T17:30:00Z,160,Garnacho,AVL,MID,58,-1,-2,0.3,710,5767,6819,37179,a,,,,,,,,0.8,0,3,31,0,0,0,0,0,0,2,0,0,2,0.00,0.00,0.00,0.49,0.8,0.8
2026-09-18T00:41:43+00:00,2026-09-17,daily,5,2026-09-18T17:30:00Z,166,N.Jackson,AVL,FWD,65,0,0,1.2,12292,26125,138720,66926,a,,,,,2,,,1.0,0,4,199,3,0,0,1,1,0,5,0,0,5,0.24,0.58,0.82,1.62,1.0,1.0
2026-09-18T00:41:43+00:00,2026-09-17,daily,5,2026-09-18T17:30:00Z,582,Madjo,AVL,FWD,54,-1,-1,0.2,215,3416,2632,27542,i,Unspecified injury - Unknown return date,2026-08-15T16:00:07.974271Z,0,0,,,,0.0,0,0,0,0,0,0,0,0,0,0,0,0,0,0.00,0.00,0.00,0.00,0.0,0.0
2026-09-18T00:41:43+00:00,2026-09-17,daily,5,2026-09-18T17:30:00Z,596,Ruggeri,AVL,DEF,45,0,0,0.1,494,925,2358,5015,a,,,,,,,,0.5,0,2,23,0,0,0,0,0,0,3,1,2,2,0.00,0.01,0.01,0.49,0.5,0.5
2026-09-18T00:41:43+00:00,2026-09-17,daily,5,2026-09-18T17:30:00Z,597,Suzuki,AVL,GKP,50,0,0,1.8,12411,13781,133389,50830,a,,,,,,,,3.5,2,14,270,3,0,0,1,3,10,0,5,0,31,0.00,0.01,0.01,3.89,3.5,3.5
2026-09-18T00:41:43+00:00,2026-09-17,daily,5,2026-09-18T17:30:00Z,606,Rowe,AVL,DEF,40,0,0,0.2,1528,1358,12402,5014,a,,,,,,,,0.0,0,0,0,0,0,0,0,0,0,0,0,0,0,0.00,0.00,0.00,0.00,0.0,0.0
2026-09-18T00:41:43+00:00,2026-09-17,daily,5,2026-09-18T17:30:00Z,607,Lynch,AVL,MID,45,0,0,0.1,0,1201,7103,7278,u,Has joined Oxford United on loan until January,2026-09-04T12:35:39.820426Z,0,0,,,,0.0,0,0,0,0,0,0,0,0,0,0,0,0,0,0.00,0.00,0.00,0.00,0.0,0.0
2026-09-18T00:41:43+00:00,2026-09-17,daily,5,2026-09-18T17:30:00Z,611,Wan-Bissaka,AVL,DEF,45,0,0,0.2,3640,1733,15898,5754,a,,,,,,,,1.7,3,5,107,1,0,0,0,2,0,15,8,7,1,0.00,0.06,0.06,2.63,1.7,1.7
2026-09-18T00:41:43+00:00,2026-09-17,daily,5,2026-09-18T17:30:00Z,618,Goretzka,AVL,MID,59,-1,-1,0.0,36,1204,4598,4154,i,Knee injury - Expected back 10 Oct,2026-09-09T09:30:08.229436Z,0,0,,,,0.0,0,0,0,0,0,0,0,0,0,0,0,0,0,0.00,0.00,0.00,0.00,0.0,0.0
2026-09-18T00:41:43+00:00,2026-09-17,daily,5,2026-09-18T17:30:00Z,630,Harwood-Bellis,AVL,DEF,45,0,0,0.0,271,285,1869,740,a,,,,,,,,0.0,0,0,0,0,0,0,0,0,0,0,0,0,0,0.00,0.00,0.00,0.00,0.0,0.0
2026-09-18T00:41:43+00:00,2026-09-17,daily,5,2026-09-18T17:30:00Z,631,Mbaye,AVL,MID,60,0,0,0.1,1942,1096,8785,3306,a,,,,,,,,0.5,1,1,27,0,0,0,0,1,0,2,0,1,1,0.02,0.13,0.15,0.86,0.5,0.5
2026-09-18T00:41:43+00:00,2026-09-17,daily,5,2026-09-18T17:30:00Z,57,Petrović,BOU,GKP,45,0,0,3.1,5334,19711,104198,105842,a,,,,,,,,1.8,1,7,360,4,0,0,0,7,9,0,6,0,31,0.00,0.00,0.00,5.30,1.8,1.8
2026-09-18T00:41:43+00:00,2026-09-17,daily,5,2026-09-18T17:30:00Z,58,Forster,BOU,GKP,40,0,0,3.5,17187,11417,103876,67619,a,,,,,,,,0.0,0,0,0,0,0,0,0,0,0,0,0,0,0,0.00,0.00,0.00,0.00,0.0,0.0
2026-09-18T00:41:43+00:00,2026-09-17,daily,5,2026-09-18T17:30:00Z,59,Dennis,BOU,GKP,40,0,0,0.1,0,823,1133,6732,u,Has joined MK Dons permanently,2026-08-27T14:53:48.692835Z,0,0,,,,0.0,0,0,0,0,0,0,0,0,0,0,0,0,0,0.00,0.00,0.00,0.00,0.0,0.0
2026-09-18T00:41:43+00:00,2026-09-17,daily,5,2026-09-18T17:30:00Z,60,Hill,BOU,DEF,55,0,0,0.8,2609,8314,27029,37278,a,,,,,,,,2.0,2,8,360,4,0,0,0,7,0,35,30,5,8,0.00,0.77,0.77,5.30,2.0,2.0
2026-09-18T00:41:43+00:00,2026-09-17,daily,5,2026-09-18T17:30:00Z,61,Truffert,BOU,DEF,55,0,0,3.2,4868,24911,50217,138696,a,,,,,,,,2.0,3,8,360,4,0,0,0,7,0,38,23,15,21,0.09,0.23,0.32,5.30,2.0,2.0
2026-09-18T00:41:43+00:00,2026-09-17,daily,5,2026-09-18T17:30:00Z,62,Diakité,BOU,DEF,50,0,0,0.2,746,1854,6488,10691,a,,,,,,,,0.0,0,0,0,0,0,0,0,0,0,0,0,0,0,0.00,0.00,0.00,0.00,0.0,0.0
2026-09-18T00:41:43+00:00,2026-09-17,daily,5,2026-09-18T17:30:00Z,63,Milosavljević,BOU,DEF,49,-1,-1,0.0,47,79,279,781,i,Thigh injury - Unknown return date,2026-08-06T10:00:10.456051Z,0,0,,,,0.0,0,0,0,0,0,0,0,0,0,0,0,0,0,0.00,0.00,0.00,0.00,0.0,0.0
2026-09-18T00:41:43+00:00,2026-09-17,daily,5,2026-09-18T17:30:00Z,64,Smith,BOU,DEF,45,0,0,0.1,650,1466,6630,6313,a,,,,,,,,0.5,0,2,360,4,0,0,0,7,0,21,16,5,13,0.01,0.07,0.08,5.30,0.5,0.5
2026-09-18T00:41:43+00:00,2026-09-17,daily,5,2026-09-18T17:30:00Z,65,J.Araujo,BOU,DEF,44,0,-1,0.0,74,125,357,1213,i,Thigh injury - Unknown return date,2026-08-09T08:00:05.645826Z,0,0,,,,0.0,0,0,0,0,0,0,0,0,0,0,0,0,0,0.00,0.00,0.00,0.00,0.0,0.0
2026-09-18T00:41:43+00:00,2026-09-17,daily,5,2026-09-18T17:30:00Z,66,Soler,BOU,DEF,40,0,0,0.3,1942,1954,12686,9435,a,,2026-08-15T16:30:07.021055Z,100,100,,,,0.0,0,0,0,0,0,0,0,0,0,0,0,0,0,0.00,0.00,0.00,0.00,0.0,0.0
2026-09-18T00:41:43+00:00,2026-09-17,daily,5,2026-09-18T17:30:00Z,67,Rayan,BOU,MID,64,0,-1,1.7,3113,27289,47050,151425,a,,,,,,,,2.0,2,8,347,4,0,0,0,6,0,11,5,3,3,0.87,0.08,0.95,4.95,2.0,2.0
2026-09-18T00:41:43+00:00,2026-09-17,daily,5,2026-09-18T17:30:00Z,68,Tavernier,BOU,MID,61,1,1,6.0,245554,41820,538444,155559,a,,,,,3,1,1,7.2,8,29,350,4,3,0,0,7,0,36,5,8,23,1.70,0.81,2.51,5.14,7.2,7.2
2026-09-18T00:41:43+00:00,2026-09-17,daily,5,2026-09-18T17:30:00Z,69,Scott,BOU,MID,61,0,1,5.8,58374,58608,510214,151664,a,,,,,,4,2,7.0,4,28,356,4,1,2,1,6,0,52,15,9,28,0.52,0.35,0.87,5.17,7.0,7.0
2026-09-18T00:41:43+00:00,2026-09-17,daily,5,2026-09-18T17:30:00Z,70,Kluivert,BOU,MID,60,0,0,1.0,10586,7741,46402,61544,a,,,,,2,2,3,3.8,8,15,294,4,1,0,2,3,0,22,2,4,16,0.99,0.08,1.07,4.48,3.8,3.8
2026-09-18T00:41:43+00:00,2026-09-17,daily,5,2026-09-18T17:30:00Z,71,Cook,BOU,MID,50,0,0,0.2,656,2962,12649,12004,a,,,,,,,,1.8,0,7,165,2,0,0,2,1,0,12,6,1,5,0.00,0.01,0.01,3.95,1.8,1.8
2026-09-18T00:41:43+00:00,2026-09-17,daily,5,2026-09-18T17:30:00Z,72,Gannon-Doak,BOU,MID,49,0,-1,0.1,264,649,1426,4056,a,,,,,,,,0.8,1,3,10,0,0,0,0,1,0,7,0,2,5,0.12,0.03,0.15,0.35,0.8,0.8
2026-09-18T00:41:43+00:00,2026-09-17,daily,5,2026-09-18T17:30:00Z,73,Adams,BOU,MID,50,0,0,0.3,2470,3234,16684,14359,a,,2026-08-15T16:30:07.029928Z,100,100,,,,2.0,2,8,192,2,0,0,0,6,0,28,7,5,16,0.03,0.03,0.06,1.34,2.0,2.0
2026-09-18T00:41:43+00:00,2026-09-17,daily,5,2026-09-18T17:30:00Z,74,Brooks,BOU,MID,50,0,0,0.1,398,716,3077,3277,a,,2026-08-15T16:30:07.037929Z,100,100,,3,4,0.5,0,2,30,0,0,0,0,2,0,3,2,0,1,0.00,0.01,0.01,0.50,0.5,0.5
2026-09-18T00:41:43+00:00,2026-09-17,daily,5,2026-09-18T17:30:00Z,75,Christie,BOU,MID,50,0,0,0.0,454,507,3168,1793,a,,2026-07-24T17:30:10.035483Z,100,100,,,,0.8,1,3,28,0,0,0,0,1,0,9,3,1,5,0.00,0.12,0.12,0.24,0.8,0.8
2026-09-18T00:41:43+00:00,2026-09-17,daily,5,2026-09-18T17:30:00Z,76,Tóth.A,BOU,MID,49,-1,-1,0.0,46,107,341,694,a,,,,,,,,0.2,0,1,15,0,0,0,0,2,0,2,0,1,1,0.00,0.00,0.00,0.31,0.2,0.2
2026-09-18T00:41:43+00:00,2026-09-17,daily,5,2026-09-18T17:30:00Z,77,Adli,BOU,MID,49,0,-1,0.0,21,182,265,2114,i,Calf injury - Unknown return date,2026-08-15T16:00:07.590566Z,0,0,,,,0.0,0,0,0,0,0,0,0,0,0,0,0,0,0,0.00,0.00,0.00,0.00,0.0,0.0
2026-09-18T00:41:43+00:00,2026-09-17,daily,5,2026-09-18T17:30:00Z,78,Kroupi.Jr,BOU,MID,74,0,-1,0.2,122,1478,1027,26167,i,Foot injury - Expected back 7 Nov,2026-07-29T17:30:09.796802Z,0,0,1,,,0.0,0,0,0,0,0,0,0,0,0,0,0,0,0,0.00,0.00,0.00,0.00,0.0,0.0
2026-09-18T00:41:43+00:00,2026-09-17,daily,5,2026-09-18T17:30:00Z,79,Evanilson,BOU,FWD,60,0,0,3.3,33508,33360,224565,141205,a,,,,,,,,4.0,5,16,334,4,0,3,2,4,0,22,10,1,11,0.71,0.51,1.22,4.80,4.0,4.0
2026-09-18T00:41:43+00:00,2026-09-17,daily,5,2026-09-18T17:30:00Z,80,Enes Ünal,BOU,FWD,55,0,0,0.0,0,99,0,1910,u,Has joined Getafe permanently,2026-08-14T14:14:21.881112Z,0,0,,,,0.0,0,0,0,0,0,0,0,0,0,0,0,0,0,0.00,0.00,0.00,0.00,0.0,0.0
2026-09-18T00:41:43+00:00,2026-09-17,daily,5,2026-09-18T17:30:00Z,81,Rodríguez,BOU,FWD,60,0,0,0.1,704,1098,4472,5855,a,,2026-08-15T16:30:07.054142Z,100,100,,,,0.5,1,2,10,0,0,0,0,1,0,1,0,0,1,0.00,0.00,0.00,0.18,0.5,0.5
2026-09-18T00:41:43+00:00,2026-09-17,daily,5,2026-09-18T17:30:00Z,566,Silva,BOU,DEF,50,0,0,0.4,1712,4396,24502,19262,a,,,,,,,,2.5,3,10,360,4,0,0,0,7,0,41,38,3,12,0.85,0.27,1.12,5.30,2.5,2.5
2026-09-18T00:41:43+00:00,2026-09-17,daily,5,2026-09-18T17:30:00Z,573,Sanchez,BOU,DEF,44,-1,-1,0.2,258,1006,1364,6367,a,,,,,,,,0.0,0,0,0,0,0,0,0,0,0,0,0,0,0,0.00,0.00,0.00,0.00,0.0,0.0
2026-09-18T00:41:43+00:00,2026-09-17,daily,5,2026-09-18T17:30:00Z,608,Jebbison,BOU,FWD,50,0,0,0.1,1609,1631,11986,5938,a,,,,,,,,0.5,0,2,16,0,0,0,0,2,0,1,0,0,1,0.10,0.00,0.10,0.36,0.5,0.5
2026-09-18T00:41:43+00:00,2026-09-17,daily,5,2026-09-18T17:30:00Z,615,Di Gregorio,BOU,GKP,45,0,0,0.0,287,447,2687,1455,a,,,,,,,,0.0,0,0,0,0,0,0,0,0,0,0,0,0,0,0.00,0.00,0.00,0.00,0.0,0.0
2026-09-18T00:41:43+00:00,2026-09-17,daily,5,2026-09-18T17:30:00Z,82,Kelleher,BRE,GKP,50,0,0,6.2,7352,47682,229863,184898,a,,,,,,,,3.5,3,14,360,4,0,0,1,4,15,0,5,0,26,0.00,0.01,0.01,5.49,3.5,3.5
2026-09-18T00:41:43+00:00,2026-09-17,daily,5,2026-09-18T17:30:00Z,83,Valdimarsson,BRE,GKP,45,0,0,0.1,249,670,2497,4036,a,,,,,,,,0.0,0,0,0,0,0,0,0,0,0,0,0,0,0,0.00,0.00,0.00,0.00,0.0,0.0
2026-09-18T00:41:43+00:00,2026-09-17,daily,5,2026-09-18T17:30:00Z,84,Collins,BRE,DEF,54,-1,-1,1.1,90,30510,58605,138474,i,Calf injury - Unknown return date,2026-09-05T18:00:06.182495Z,0,0,,,,2.5,0,10,196,3,0,0,1,1,0,17,15,2,11,0.51,0.05,0.56,2.13,0.0,0.0
2026-09-18T00:41:43+00:00,2026-09-17,daily,5,2026-09-18T17:30:00Z,85,Van den Berg,BRE,DEF,49,0,-1,0.1,30,628,366,8468,i,Groin injury - Unknown return date,2026-08-15T15:30:06.416627Z,0,0,,,,0.0,0,0,0,0,0,0,0,0,0,0,0,0,0,0.00,0.00,0.00,0.00,0.0,0.0
2026-09-18T00:41:43+00:00,2026-09-17,daily,5,2026-09-18T17:30:00Z,86,Lewis-Potter,BRE,MID,55,0,0,1.8,4736,31967,185130,97846,a,,,,,,1,,4.8,1,19,326,4,1,1,1,4,0,29,12,5,12,1.06,0.78,1.84,4.99,4.8,4.8
2026-09-18T00:41:43+00:00,2026-09-17,daily,5,2026-09-18T17:30:00Z,87,Ajer,BRE,DEF,45,0,0,4.2,7166,47483,303706,227205,a,,,,,,,,3.5,1,14,360,4,0,0,1,4,0,41,37,4,8,0.13,0.03,0.16,5.49,3.5,3.5
2026-09-18T00:41:43+00:00,2026-09-17,daily,5,2026-09-18T17:30:00Z,88,Kayode,BRE,DEF,46,0,1,7.9,15142,105641,579604,317264,a,,,,,,,,4.2,1,17,226,3,1,0,1,1,0,14,13,1,12,0.55,0.36,0.91,2.69,4.2,4.2
2026-09-18T00:41:43+00:00,2026-09-17,daily,5,2026-09-18T17:30:00Z,89,Henry,BRE,DEF,44,-1,-1,0.2,332,1271,1746,7621,a,,,,,,,,0.2,0,1,2,0,0,0,0,0,0,0,0,0,0,0.00,0.00,0.00,0.00,0.2,0.2
2026-09-18T00:41:43+00:00,2026-09-17,daily,5,2026-09-18T17:30:00Z,90,Hickey,BRE,DEF,45,0,0,0.1,256,483,1841,2626,a,,,,,,,,1.0,1,4,131,1,0,0,0,3,0,13,9,4,8,0.03,0.05,0.08,2.79,1.0,1.0
2026-09-18T00:41:43+00:00,2026-09-17,daily,5,2026-09-18T17:30:00Z,92,Ji-soo,BRE,DEF,45,0,0,0.0,54,131,419,840,a,,,,,,,,0.0,0,0,0,0,0,0,0,0,0,0,0,0,0,0.00,0.00,0.00,0.00,0.0,0.0
2026-09-18T00:41:43+00:00,2026-09-17,daily,5,2026-09-18T17:30:00Z,93,Schuster,BRE,DEF,45,0,0,0.1,247,652,1460,4065,a,,,,,,,,1.8,3,7,163,1,0,0,0,3,0,22,20,2,3,0.10,0.02,0.12,3.36,1.8,1.8
2026-09-18T00:41:43+00:00,2026-09-17,daily,5,2026-09-18T17:30:00Z,94,Schade,BRE,MID,61,1,1,6.8,319996,40748,514272,202194,a,,,,,2,,,7.5,15,30,357,4,3,0,1,4,0,27,4,6,17,0.98,0.30,1.28,5.49,7.5,7.5
2026-09-18T00:41:43+00:00,2026-09-17,daily,5,2026-09-18T17:30:00Z,95,O.Dango,BRE,MID,63,-1,-2,0.5,639,10450,13971,74381,a,,,,,,,4,1.5,1,6,170,2,0,0,1,1,0,28,9,2,17,0.09,0.39,0.48,2.68,1.5,1.5
2026-09-18T00:41:43+00:00,2026-09-17,daily,5,2026-09-18T17:30:00Z,96,Damsgaard,BRE,MID,54,-1,-1,0.4,1048,5856,13033,25994,a,,,,,,3,2,3.2,1,13,197,2,0,1,1,1,0,21,4,3,14,0.13,0.45,0.58,2.36,3.2,3.2
2026-09-18T00:41:43+00:00,2026-09-17,daily,5,2026-09-18T17:30:00Z,97,Jensen,BRE,MID,54,0,-1,0.1,12,1373,4481,13910,i,Unspecified injury - Expected back 10 Oct,2026-08-30T12:30:08.176795Z,0,0,3,2,1,1.5,0,6,66,1,0,1,1,0,0,5,0,2,3,0.08,0.34,0.42,0.47,0.0,0.0
2026-09-18T00:41:43+00:00,2026-09-17,daily,5,2026-09-18T17:30:00Z,98,Janelt,BRE,MID,50,0,0,2.5,34508,24971,274333,80300,a,,,,,,,3,6.2,4,25,360,4,2,0,1,4,0,55,25,14,16,0.50,0.40,0.90,5.49,6.2,6.2
2026-09-18T00:41:43+00:00,2026-09-17,daily,5,2026-09-18T17:30:00Z,99,Milambo,BRE,MID,50,0,0,0.0,14,25,103,144,i,Knee injury - Unknown return date,2026-07-23T12:01:23.384798Z,0,0,,,,0.0,0,0,0,0,0,0,0,0,0,0,0,0,0,0.00,0.00,0.00,0.00,0.0,0.0
2026-09-18T00:41:43+00:00,2026-09-17,daily,5,2026-09-18T17:30:00Z,100,Carvalho,BRE,MID,50,0,0,0.0,211,281,1244,1217,a,,2026-08-18T13:58:17.442072Z,100,100,,,,0.0,0,0,0,0,0,0,0,0,0,0,0,0,0,0.00,0.00,0.00,0.00,0.0,0.0
2026-09-18T00:41:43+00:00,2026-09-17,daily,5,2026-09-18T17:30:00Z,102,Yarmoliuk,BRE,MID,48,-1,-2,0.7,1346,6692,3873,55592,a,,,,,,,,1.5,4,6,148,1,0,1,0,4,0,16,4,3,9,0.07,0.24,0.31,4.03,1.5,1.5
2026-09-18T00:41:43+00:00,2026-09-17,daily,5,2026-09-18T17:30:00Z,103,Dasilva,BRE,MID,49,0,-1,0.0,7,230,387,1782,i,Hamstring injury - Expected back 10 Oct,2026-09-04T13:30:08.371955Z,0,0,,,,0.0,0,0,0,0,0,0,0,0,0,0,0,0,0,0.00,0.00,0.00,0.00,0.0,0.0
2026-09-18T00:41:43+00:00,2026-09-17,daily,5,2026-09-18T17:30:00Z,105,Anthony,BRE,MID,59,-1,-1,0.1,451,1623,4814,9927,a,,,,,,,,1.2,1,5,187,2,0,0,1,3,0,24,5,4,15,0.19,0.52,0.71,2.80,1.2,1.2
2026-09-18T00:41:43+00:00,2026-09-17,daily,5,2026-09-18T17:30:00Z,106,Thiago,BRE,FWD,78,-1,-2,9.2,14080,166086,202064,941063,a,,,,,1,,,1.2,1,5,352,4,0,0,1,4,0,16,4,2,10,2.41,0.13,2.54,5.42,1.2,1.2
2026-09-18T00:41:43+00:00,2026-09-17,daily,5,2026-09-18T17:30:00Z,107,Furo,BRE,FWD,45,0,0,1.0,6187,15569,60725,52338,i,Unspecified injury - Unknown return date,2026-09-14T14:00:09.985723Z,,0,,,,0.0,0,0,0,0,0,0,0,0,0,0,0,0,0,0.00,0.00,0.00,0.00,0.0,0.0
2026-09-18T00:41:43+00:00,2026-09-17,daily,5,2026-09-18T17:30:00Z,108,Wilson,BRE,FWD,55,0,0,0.3,1248,4768,13926,22791,a,,,,,,,,0.8,0,3,13,0,0,0,0,0,0,2,1,0,1,0.07,0.04,0.11,0.15,0.8,0.8
2026-09-18T00:41:43+00:00,2026-09-17,daily,5,2026-09-18T17:30:00Z,565,M.Sangaré,BRE,MID,57,0,2,11.6,22425,150524,1212544,618507,a,,,,,,,,5.5,4,22,300,4,0,2,1,3,0,45,11,13,21,0.41,0.65,1.06,4.03,5.5,5.5
2026-09-18T00:41:43+00:00,2026-09-17,daily,5,2026-09-18T17:30:00Z,620,Diouf,BRE,DEF,45,0,0,0.1,869,1365,12951,6355,a,,,,,,,,0.3,1,1,30,0,0,0,0,0,0,1,1,0,1,0.00,0.01,0.01,0.50,0.3,0.3
2026-09-18T00:41:43+00:00,2026-09-17,daily,5,2026-09-18T17:30:00Z,657,Nunes,BRE,MID,45,0,0,0.0,1567,353,1567,353,a,,,,,,,,0.0,0,0,0,0,0,0,0,0,0,0,0,0,0,0.00,0.00,0.00,0.00,1.1,1.1
2026-09-18T00:41:43+00:00,2026-09-17,daily,5,2026-09-18T17:30:00Z,109,Verbruggen,BHA,GKP,45,0,0,21.6,68229,97353,672632,496703,a,,,,,,,,4.2,8,17,360,4,0,0,2,5,10,0,3,0,30,0.00,0.20,0.20,7.04,4.2,4.2
2026-09-18T00:41:43+00:00,2026-09-17,daily,5,2026-09-18T17:30:00Z,111,Steele,BHA,GKP,40,0,0,4.2,15263,15999,135026,100342,a,,,,,,,,0.0,0,0,0,0,0,0,0,0,0,0,0,0,0,0.00,0.00,0.00,0.00,0.0,0.0
2026-09-18T00:41:43+00:00,2026-09-17,daily,5,2026-09-18T17:30:00Z,113,F.Kadıoğlu,BHA,DEF,44,0,-1,1.6,3405,12719,25541,122002,a,,2026-08-23T13:00:07.595211Z,100,100,,,3,2.0,6,8,257,3,0,0,1,5,0,7,6,1,5,0.08,0.11,0.19,6.66,2.0,2.0
2026-09-18T00:41:43+00:00,2026-09-17,daily,5,2026-09-18T17:30:00Z,114,Boscagli,BHA,DEF,45,0,0,0.3,1053,1817,13888,10395,a,,,,,,,,3.2,6,13,347,4,0,0,2,5,0,22,20,2,15,0.06,0.51,0.57,6.82,3.2,3.2
2026-09-18T00:41:43+00:00,2026-09-17,daily,5,2026-09-18T17:30:00Z,115,De Cuyper,BHA,DEF,49,1,4,24.3,327994,85873,2335775,347909,a,,,,,,4,2,8.0,11,32,333,4,1,3,2,5,0,9,5,4,14,1.53,0.44,1.97,6.95,8.0,8.0
2026-09-18T00:41:43+00:00,2026-09-17,daily,5,2026-09-18T17:30:00Z,116,Dunk,BHA,DEF,45,0,0,1.5,22399,8465,75847,37908,a,,,,,,3,,5.5,12,22,360,4,1,0,2,5,0,23,20,3,13,0.03,0.09,0.12,7.04,5.5,5.5
2026-09-18T00:41:43+00:00,2026-09-17,daily,5,2026-09-18T17:30:00Z,117,Coppola,BHA,DEF,45,0,0,0.0,153,185,785,935,a,,,,,,,,0.0,0,0,0,0,0,0,0,0,0,0,0,0,0,0.00,0.00,0.00,0.00,0.0,0.0
2026-09-18T00:41:43+00:00,2026-09-17,daily,5,2026-09-18T17:30:00Z,118,Igor,BHA,DEF,45,0,0,0.0,0,714,915,5474,u,Has joined Burnley permanently,2026-09-02T15:38:15.529699Z,0,0,,,,0.0,0,0,0,0,0,0,0,0,0,0,0,0,0,0.00,0.00,0.00,0.00,0.0,0.0
2026-09-18T00:41:43+00:00,2026-09-17,daily,5,2026-09-18T17:30:00Z,119,Costinha,BHA,DEF,45,0,0,0.0,173,242,1062,1261,a,,,,,,,,0.8,1,3,54,0,0,0,0,0,0,6,5,1,1,0.12,0.16,0.28,0.28,0.8,0.8
2026-09-18T00:41:43+00:00,2026-09-17,daily,5,2026-09-18T17:30:00Z,120,Svoboda,BHA,DEF,50,0,0,0.1,549,785,3078,3350,a,,,,,,,,0.0,0,0,0,0,0,0,0,0,0,0,0,0,0,0.00,0.00,0.00,0.00,0.0,0.0
2026-09-18T00:41:43+00:00,2026-09-17,daily,5,2026-09-18T17:30:00Z,121,Mitoma,BHA,MID,59,0,-1,0.0,49,249,412,2894,i,Hamstring injury - Expected back 10 Oct,2026-07-24T18:30:10.661894Z,0,0,,,,0.0,0,0,0,0,0,0,0,0,0,0,0,0,0,0.00,0.00,0.00,0.00,0.0,0.0
2026-09-18T00:41:43+00:00,2026-09-17,daily,5,2026-09-18T17:30:00Z,122,Minteh,BHA,MID,59,0,-1,0.0,24,397,286,6595,i,Leg injury - Expected back 28 Nov,2026-08-14T18:00:06.418033Z,0,0,,,5,0.0,0,0,0,0,0,0,0,0,0,0,0,0,0,0.00,0.00,0.00,0.00,0.0,0.0
2026-09-18T00:41:43+00:00,2026-09-17,daily,5,2026-09-18T17:30:00Z,123,Hinshelwood,BHA,MID,59,-1,-1,0.7,106,21966,147599,204523,i,Ankle injury - Expected back 10 Oct,2026-08-27T19:30:07.780933Z,0,0,,,,4.0,0,16,63,1,2,0,1,0,0,3,0,2,1,1.41,0.02,1.43,0.19,0.0,0.0
2026-09-18T00:41:43+00:00,2026-09-17,daily,5,2026-09-18T17:30:00Z,124,Groß,BHA,MID,57,1,2,20.0,460121,72559,1216205,496984,a,,,,,1,1,1,8.2,17,33,360,4,2,3,2,5,0,21,6,6,9,1.66,0.61,2.27,7.04,8.2,8.2
2026-09-18T00:41:43+00:00,2026-09-17,daily,5,2026-09-18T17:30:00Z,125,Georginio,BHA,FWD,54,0,-1,0.5,1573,9420,31255,69564,a,,2026-08-26T16:00:07.608056Z,75,100,,,,1.2,0,5,90,1,0,1,1,0,0,7,1,2,4,0.08,0.44,0.52,0.29,0.9,1.2
2026-09-18T00:41:43+00:00,2026-09-17,daily,5,2026-09-18T17:30:00Z,126,O'Riley,BHA,MID,54,-1,-1,0.1,480,1030,3077,5747,a,,,,,3,,,0.2,1,1,6,0,0,0,0,0,0,1,0,0,1,0.00,0.01,0.01,0.04,0.2,0.2
2026-09-18T00:41:43+00:00,2026-09-17,daily,5,2026-09-18T17:30:00Z,127,Gomez,BHA,MID,50,0,0,4.4,10406,54645,319536,234230,a,,,,,,5,,4.0,3,16,348,4,0,2,2,5,0,23,6,8,9,0.79,0.76,1.55,7.01,4.0,4.0
2026-09-18T00:41:43+00:00,2026-09-17,daily,5,2026-09-18T17:30:00Z,128,Buonanotte,BHA,MID,50,0,0,0.0,0,14,0,320,u,Has joined Elche on loan for the rest of the season,2026-08-10T14:03:07.561436Z,0,0,,,,0.0,0,0,0,0,0,0,0,0,0,0,0,0,0,0.00,0.00,0.00,0.00,0.0,0.0
2026-09-18T00:41:43+00:00,2026-09-17,daily,5,2026-09-18T17:30:00Z,129,Ayari,BHA,MID,54,0,-1,0.4,2776,3137,9564,38300,a,,2026-08-30T18:00:07.935334Z,100,100,,2,4,3.0,8,12,243,3,1,0,2,1,0,14,2,1,11,0.59,0.10,0.69,4.01,3.0,3.0
2026-09-18T00:41:43+00:00,2026-09-17,daily,5,2026-09-18T17:30:00Z,130,Wieffer,BHA,DEF,49,-1,-1,0.2,44,5626,25902,40099,i,Knee injury - Unknown return date,2026-09-04T09:30:08.612904Z,0,0,,,,1.8,0,7,156,2,0,0,1,4,0,15,11,4,9,0.12,0.13,0.25,3.18,0.0,0.0
2026-09-18T00:41:43+00:00,2026-09-17,daily,5,2026-09-18T17:30:00Z,132,Howell,BHA,MID,45,0,0,0.0,0,330,0,3413,u,Has joined Leicester City on loan for the rest of the season,2026-08-17T13:53:19.019938Z,0,0,,,,0.0,0,0,0,0,0,0,0,0,0,0,0,0,0,0.00,0.00,0.00,0.00,0.0,0.0
2026-09-18T00:41:43+00:00,2026-09-17,daily,5,2026-09-18T17:30:00Z,133,Watson,BHA,MID,50,0,0,0.0,0,8,0,129,u,Has joined Leicester City on loan for the rest of the season,2026-08-03T14:05:44.459483Z,0,0,,,,0.0,0,0,0,0,0,0,0,0,0,0,0,0,0,0.00,0.00,0.00,0.00,0.0,0.0
2026-09-18T00:41:43+00:00,2026-09-17,daily,5,2026-09-18T17:30:00Z,134,Oriola,BHA,MID,45,0,0,0.2,794,2351,8308,12177,a,,,,,,,,0.0,0,0,0,0,0,0,0,0,0,0,0,0,0,0.00,0.00,0.00,0.00,0.0,0.0
2026-09-18T00:41:43+00:00,2026-09-17,daily,5,2026-09-18T17:30:00Z,135,Yohanna,BHA,MID,49,0,-1,0.0,27,938,1235,4849,i,Unspecified injury - Expected back 10 Oct,2026-09-10T13:00:08.617941Z,0,0,,,,0.2,0,1,12,0,0,0,0,0,0,0,0,0,0,0.00,0.03,0.03,0.00,0.0,0.0
2026-09-18T00:41:43+00:00,2026-09-17,daily,5,2026-09-18T17:30:00Z,137,Tzimas,BHA,FWD,54,-1,-1,0.0,44,71,278,685,i,Knee injury - Unknown return date,2026-07-23T12:01:23.432796Z,0,0,,,,0.0,0,0,0,0,0,0,0,0,0,0,0,0,0,0.00,0.00,0.00,0.00,0.0,0.0
2026-09-18T00:41:43+00:00,2026-09-17,daily,5,2026-09-18T17:30:00Z,138,Kostoulas,BHA,FWD,55,0,0,0.8,40434,10527,87967,27958,a,,,,,,,,4.5,10,18,278,3,1,2,1,5,0,23,5,3,15,1.17,0.05,1.22,6.78,4.5,4.5
2026-09-18T00:41:43+00:00,2026-09-17,daily,5,2026-09-18T17:30:00Z,139,Ferguson,BHA,FWD,50,0,0,0.0,203,336,1412,2201,i,Ankle injury - Expected back 10 Oct,2026-07-23T12:01:23.448357Z,0,0,,,,0.0,0,0,0,0,0,0,0,0,0,0,0,0,0,0.00,0.00,0.00,0.00,0.0,0.0
2026-09-18T00:41:43+00:00,2026-09-17,daily,5,2026-09-18T17:30:00Z,328,Struijk,BHA,DEF,49,-1,-1,0.2,515,1984,4973,10715,a,,2026-08-15T20:30:07.523574Z,100,100,,,,0.5,1,2,13,0,0,0,0,0,0,4,4,0,0,0.00,0.01,0.01,0.22,0.5,0.5
2026-09-18T00:41:43+00:00,2026-09-17,daily,5,2026-09-18T17:30:00Z,504,Vuskovic,BHA,DEF,50,0,0,3.1,22854,25121,198266,114993,a,,,,,,,,6.0,6,24,347,4,1,0,2,5,0,31,27,4,13,0.46,0.07,0.53,6.82,6.0,6.0
2026-09-18T00:41:43+00:00,2026-09-17,daily,5,2026-09-18T17:30:00Z,594,David,BHA,FWD,60,0,0,0.2,1724,4059,11486,19136,a,,,,,2,,,0.2,0,1,23,0,0,0,0,0,0,0,0,0,0,0.42,0.00,0.42,0.14,0.2,0.2
2026-09-18T00:41:43+00:00,2026-09-17,daily,5,2026-09-18T17:30:00Z,600,Osman,BHA,MID,50,0,0,0.0,126,181,809,907,a,,,,,,,,0.8,1,3,40,0,0,0,0,1,0,4,0,1,3,0.05,0.07,0.12,0.32,0.8,0.8
2026-09-18T00:41:43+00:00,2026-09-17,daily,5,2026-09-18T17:30:00Z,605,Yalcouyé,BHA,MID,45,0,0,3.9,97652,31525,495848,126414,a,,,,,,,,4.8,8,19,231,3,2,0,1,4,0,18,6,5,7,1.42,0.27,1.69,6.43,4.8,4.8
2026-09-18T00:41:43+00:00,2026-09-17,daily,5,2026-09-18T17:30:00Z,614,Hadjam,BHA,DEF,45,0,0,0.0,384,546,3610,1645,a,,,,,,,,0.0,0,0,0,0,0,0,0,0,0,0,0,0,0,0.00,0.00,0.00,0.00,0.0,0.0
2026-09-18T00:41:43+00:00,2026-09-17,daily,5,2026-09-18T17:30:00Z,624,Cozier-Duberry,BHA,MID,50,0,0,0.0,0,9,117,105,u,Has joined Middlesbrough on loan for the rest of the season,2026-09-02T15:38:15.552951Z,0,0,,,,0.0,0,0,0,0,0,0,0,0,0,0,0,0,0,0.00,0.00,0.00,0.00,0.0,0.0
2026-09-18T00:41:43+00:00,2026-09-17,daily,5,2026-09-18T17:30:00Z,639,Andrés,BHA,MID,55,0,0,0.0,386,192,1160,429,a,,,,,,,,2.0,4,4,25,0,0,1,0,0,0,4,2,1,1,0.24,0.01,0.25,0.22,2.0,2.0
2026-09-18T00:41:43+00:00,2026-09-17,daily,5,2026-09-18T17:30:00Z,652,Azeez,BHA,MID,55,0,0,0.0,51,45,420,138,d,Hamstring injury - 75% chance of playing,2026-09-04T11:30:08.661589Z,75,75,,,,0.0,0,0,0,0,0,0,0,0,0,0,0,0,0,0.00,0.00,0.00,0.00,0.0,0.0
2026-09-18T00:41:43+00:00,2026-09-17,daily,5,2026-09-18T17:30:00Z,658,Ibrahim,BHA,MID,45,0,0,0.0,1031,220,1031,220,a,,,,,,,,0.0,0,0,0,0,0,0,0,0,0,0,0,0,0,0.00,0.00,0.00,0.00,1.1,1.1
2026-09-18T00:41:43+00:00,2026-09-17,daily,5,2026-09-18T17:30:00Z,28,Martinez,CHE,GKP,50,0,0,4.9,16486,43400,233272,214197,a,,,,,,,,1.8,2,7,270,3,0,0,0,7,15,0,1,0,31,0.00,0.01,0.01,4.84,1.8,1.8
2026-09-18T00:41:43+00:00,2026-09-17,daily,5,2026-09-18T17:30:00Z,40,Rogers,CHE,MID,77,1,2,38.8,523927,46416,2155836,568719,a,,,,,,,3,6.8,8,27,347,4,3,1,0,9,0,23,1,5,17,1.39,1.16,2.55,6.08,6.8,6.8
2026-09-18T00:41:43+00:00,2026-09-17,daily,5,2026-09-18T17:30:00Z,101,Henderson,CHE,MID,49,0,-1,0.0,35,358,603,2404,d,Wrist injury - 50% chance of playing,2026-08-09T09:30:07.136250Z,0,50,,,,0.0,0,0,0,0,0,0,0,0,0,0,0,0,0,0.00,0.00,0.00,0.00,0.0,0.0
2026-09-18T00:41:43+00:00,2026-09-17,daily,5,2026-09-18T17:30:00Z,136,Welbeck,CHE,FWD,59,0,-1,0.8,12821,9961,31848,69892,a,,2026-08-20T14:00:07.949090Z,100,100,,,,0.5,1,2,15,0,0,0,0,0,0,1,1,0,0,0.00,0.06,0.06,0.54,0.5,0.5
2026-09-18T00:41:43+00:00,2026-09-17,daily,5,2026-09-18T17:30:00Z,140,Sánchez,CHE,GKP,49,0,-1,0.8,0,12029,10847,168089,u,Has joined Como on loan for the rest of the season,2026-09-02T16:20:41.841936Z,0,0,,,,0.5,0,2,90,1,0,0,0,2,4,0,1,0,5,0.00,0.01,0.01,1.33,0.0,0.0
2026-09-18T00:41:43+00:00,2026-09-17,daily,5,2026-09-18T17:30:00Z,141,Jörgensen,CHE,GKP,50,0,0,0.0,0,46,0,912,u,Has joined RC Strasbourg on loan for the rest of the season,2026-08-12T14:07:02.607115Z,0,0,,,,0.0,0,0,0,0,0,0,0,0,0,0,0,0,0,0.00,0.00,0.00,0.00,0.0,0.0
2026-09-18T00:41:43+00:00,2026-09-17,daily,5,2026-09-18T17:30:00Z,142,James,CHE,DEF,54,0,-1,7.0,16732,86218,166739,470075,a,,,,,,1,1,0.8,1,3,292,3,0,0,0,7,0,13,11,2,15,0.33,0.26,0.59,4.90,0.8,0.8
2026-09-18T00:41:43+00:00,2026-09-17,daily,5,2026-09-18T17:30:00Z,143,Chalobah,CHE,DEF,55,0,0,0.1,0,608,0,13533,u,Has joined Como permanently,2026-08-10T14:03:50.769483Z,0,0,,,,0.0,0,0,0,0,0,0,0,0,0,0,0,0,0,0.00,0.00,0.00,0.00,0.0,0.0
2026-09-18T00:41:43+00:00,2026-09-17,daily,5,2026-09-18T17:30:00Z,144,Gusto,CHE,DEF,50,0,0,1.0,3407,11218,34127,57810,a,,,,,,,,1.0,1,4,272,3,0,0,0,7,0,15,11,4,13,0.08,0.12,0.20,3.50,1.0,1.0
2026-09-18T00:41:43+00:00,2026-09-17,daily,5,2026-09-18T17:30:00Z,145,Fofana,CHE,DEF,50,0,0,0.2,2493,2635,15262,6127,a,,2026-07-23T12:01:23.464591Z,100,100,,,,1.0,1,4,242,3,0,0,0,6,0,32,27,5,7,0.00,0.08,0.08,4.20,1.0,1.0
2026-09-18T00:41:43+00:00,2026-09-17,daily,5,2026-09-18T17:30:00Z,146,B.Badiashile,CHE,DEF,45,0,0,0.0,0,110,232,1879,u,Has joined Napoli on loan for the rest of the season,2026-08-25T14:03:47.079414Z,0,0,,,,0.0,0,0,0,0,0,0,0,0,0,0,0,0,0,0.00,0.00,0.00,0.00,0.0,0.0
2026-09-18T00:41:43+00:00,2026-09-17,daily,5,2026-09-18T17:30:00Z,148,Hato,CHE,DEF,45,0,0,0.9,3784,16116,89312,46718,a,,,,,,,,2.0,0,8,258,4,0,2,0,9,0,18,11,7,9,0.01,0.21,0.22,4.81,2.0,2.0
2026-09-18T00:41:43+00:00,2026-09-17,daily,5,2026-09-18T17:30:00Z,149,Colwill,CHE,DEF,49,0,-1,0.9,1522,14481,25175,88551,a,,,,,,,,0.5,1,2,251,3,0,0,0,6,0,19,16,3,11,0.01,0.04,0.05,4.02,0.5,0.5
2026-09-18T00:41:43+00:00,2026-09-17,daily,5,2026-09-18T17:30:00Z,150,M.Sarr,CHE,DEF,45,0,0,0.0,0,362,429,5723,u,Has joined Real Sociedad on loan for the rest of the season,2026-08-29T00:34:23.077418Z,0,0,,,,0.0,0,0,0,0,0,0,0,0,0,0,0,0,0,0.00,0.00,0.00,0.00,0.0,0.0
2026-09-18T00:41:43+00:00,2026-09-17,daily,5,2026-09-18T17:30:00Z,151,Acheampong,CHE,DEF,45,0,0,0.4,1162,4778,20345,19303,a,,,,,,,,1.2,0,5,202,2,0,0,0,5,0,19,13,6,7,0.00,0.02,0.02,3.52,1.2,1.2
2026-09-18T00:41:43+00:00,2026-09-17,daily,5,2026-09-18T17:30:00Z,152,Palestra,CHE,DEF,53,-1,-2,0.7,179,15664,6379,211280,d,Thigh injury - 50% chance of playing,2026-08-24T18:30:07.421239Z,0,50,,,,0.0,0,0,0,0,0,0,0,0,0,0,0,0,0,0.00,0.00,0.00,0.00,0.0,0.0
2026-09-18T00:41:43+00:00,2026-09-17,daily,5,2026-09-18T17:30:00Z,154,Palmer,CHE,MID,97,0,2,26.8,133944,123206,1844780,451925,a,,2026-08-24T22:00:07.971542Z,100,100,1,2,,6.5,5,26,352,4,2,2,0,9,0,23,2,4,17,1.18,0.61,1.79,6.08,6.5,6.5
2026-09-18T00:41:43+00:00,2026-09-17,daily,5,2026-09-18T17:30:00Z,156,Neto,CHE,MID,65,0,0,1.4,11360,16932,72500,76377,a,,,,,,3,2,3.0,2,12,246,3,1,0,0,6,0,22,8,3,11,0.52,0.53,1.05,4.42,3.0,3.0
2026-09-18T00:41:43+00:00,2026-09-17,daily,5,2026-09-18T17:30:00Z,157,Estêvão,CHE,MID,63,-1,-2,0.7,2346,8443,15263,81029,a,,,,,2,,4,0.8,1,3,20,0,0,0,0,0,0,2,0,1,1,0.07,0.07,0.14,0.58,0.8,0.8
2026-09-18T00:41:43+00:00,2026-09-17,daily,5,2026-09-18T17:30:00Z,158,Gittens,CHE,MID,59,0,-1,0.0,155,342,936,2565,a,,,,,,,,0.0,0,0,0,0,0,0,0,0,0,0,0,0,0,0.00,0.00,0.00,0.00,0.0,0.0
2026-09-18T00:41:43+00:00,2026-09-17,daily,5,2026-09-18T17:30:00Z,159,Caicedo,CHE,MID,53,-1,-2,1.2,500,25809,14554,266482,d,Calf injury - 50% chance of playing,2026-08-30T16:00:08.393562Z,0,50,,,,0.2,0,1,13,0,0,0,0,0,0,0,0,0,0,0.00,0.00,0.00,0.07,0.0,0.1
2026-09-18T00:41:43+00:00,2026-09-17,daily,5,2026-09-18T17:30:00Z,161,Lavia,CHE,MID,50,0,0,0.2,2200,3556,24644,12253,a,,,,,,,,2.8,2,11,258,4,1,0,0,8,0,31,10,6,15,0.75,0.11,0.86,5.06,2.8,2.8
2026-09-18T00:41:43+00:00,2026-09-17,daily,5,2026-09-18T17:30:00Z,163,D.Essugo,CHE,MID,45,0,0,0.1,0,1631,2698,13285,u,Has joined RC Strasbourg on loan for the rest of the season,2026-09-02T16:20:41.865225Z,0,0,,,,0.0,0,0,0,0,0,0,0,0,0,0,0,0,0,0.00,0.00,0.00,0.00,0.0,0.0
2026-09-18T00:41:43+00:00,2026-09-17,daily,5,2026-09-18T17:30:00Z,164,Quenda,CHE,MID,53,-1,-2,0.0,131,446,808,3133,a,,2026-07-24T20:30:10.609931Z,100,100,,,,0.2,0,1,8,0,0,0,0,0,0,1,1,0,0,0.00,0.00,0.00,0.09,0.2,0.2
2026-09-18T00:41:43+00:00,2026-09-17,daily,5,2026-09-18T17:30:00Z,165,João Pedro,CHE,FWD,78,1,3,72.6,235569,259798,1488919,583491,d,Unspecified injury - 75% chance of playing,2026-09-16T19:00:09.919929Z,,75,,,,8.2,12,33,360,4,3,3,0,9,0,9,3,1,5,2.17,0.19,2.36,6.17,8.2,6.1
2026-09-18T00:41:43+00:00,2026-09-17,daily,5,2026-09-18T17:30:00Z,168,Marc Guiu,CHE,FWD,50,0,0,0.2,0,3120,4102,30763,u,Has joined RB Leipzig permanently,2026-09-01T13:24:48.857362Z,0,0,,,,0.0,0,0,0,0,0,0,0,0,0,0,0,0,0,0.00,0.00,0.00,0.00,0.0,0.0
2026-09-18T00:41:43+00:00,2026-09-17,daily,5,2026-09-18T17:30:00Z,169,Mheuka,CHE,FWD,45,0,0,0.5,6887,4697,25139,20596,a,,,,,,,,0.0,0,0,0,0,0,0,0,0,0,0,0,0,0,0.00,0.00,0.00,0.00,0.0,0.0
2026-09-18T00:41:43+00:00,2026-09-17,daily,5,2026-09-18T17:30:00Z,170,Emegha,CHE,FWD,50,0,0,0.1,101,2338,5979,11064,i,Hamstring injury - Expected back 18 Sep,2026-09-09T15:00:09.063849Z,0,0,,,,0.0,0,0,0,0,0,0,0,0,0,0,0,0,0,0.00,0.00,0.00,0.00,0.0,0.0
2026-09-18T00:41:43+00:00,2026-09-17,daily,5,2026-09-18T17:30:00Z,200,Lacroix,CHE,DEF,60,0,0,7.1,7133,94997,164290,369893,a,,,,,,,,2.5,1,10,274,3,0,1,0,7,0,35,26,9,5,0.02,0.21,0.23,5.28,2.5,2.5
2026-09-18T00:41:43+00:00,2026-09-17,daily,5,2026-09-18T17:30:00Z,560,Penders,CHE,GKP,44,0,-1,0.1,561,505,1640,3205,a,,,,,,,,0.0,0,0,0,0,0,0,0,0,0,0,0,0,0,0.00,0.00,0.00,0.00,0.0,0.0
2026-09-18T00:41:43+00:00,2026-09-17,daily,5,2026-09-18T17:30:00Z,561,Anselmino,CHE,DEF,45,0,0,0.0,162,179,731,1111,a,,2026-08-23T19:00:08.536705Z,100,100,,,,0.0,0,0,0,0,0,0,0,0,0,0,0,0,0,0.00,0.00,0.00,0.00,0.0,0.0
2026-09-18T00:41:43+00:00,2026-09-17,daily,5,2026-09-18T17:30:00Z,568,Barco,CHE,MID,54,-1,-1,0.1,391,1092,2837,6280,a,,,,,,,,0.2,0,1,29,0,0,0,0,1,0,3,2,0,1,0.04,0.09,0.13,0.61,0.2,0.2
2026-09-18T00:41:43+00:00,2026-09-17,daily,5,2026-09-18T17:30:00Z,583,Chavarria,CHE,DEF,49,0,-1,0.1,357,1302,2788,10234,a,,,,,,,,1.0,1,4,118,0,0,0,0,1,0,7,5,2,4,0.00,0.03,0.03,1.45,1.0,1.0
2026-09-18T00:41:43+00:00,2026-09-17,daily,5,2026-09-18T17:30:00Z,91,Pinnock,COV,DEF,45,0,0,0.1,319,547,2086,3604,a,,,,,,,,1.5,2,6,192,2,0,0,0,7,0,25,22,3,3,0.12,0.00,0.12,5.47,1.5,1.5
2026-09-18T00:41:43+00:00,2026-09-17,daily,5,2026-09-18T17:30:00Z,104,Onyeka,COV,MID,49,0,-1,0.1,264,1222,3728,8740,a,,2026-09-15T09:00:07.851220Z,,100,,,,1.5,2,6,224,3,0,0,0,7,0,19,5,3,11,0.03,0.02,0.05,5.21,1.5,1.5
2026-09-18T00:41:43+00:00,2026-09-17,daily,5,2026-09-18T17:30:00Z,110,Rushworth,COV,GKP,45,0,0,0.8,746,9148,20965,49460,a,,,,,,,,1.2,0,5,360,4,0,0,0,10,7,0,4,0,40,0.00,0.02,0.02,7.53,1.2,1.2
2026-09-18T00:41:43+00:00,2026-09-17,daily,5,2026-09-18T17:30:00Z,171,Dovin,COV,GKP,40,0,0,1.1,0,7987,8924,50776,u,Has joined Leyton Orient on loan for the rest of the season,2026-09-02T15:44:14.839336Z,0,0,,,,0.0,0,0,0,0,0,0,0,0,0,0,0,0,0,0.00,0.00,0.00,0.00,0.0,0.0
2026-09-18T00:41:43+00:00,2026-09-17,daily,5,2026-09-18T17:30:00Z,172,Wilson,COV,GKP,44,-1,-1,0.4,272,1368,1006,11329,a,,,,,,,,0.0,0,0,0,0,0,0,0,0,0,0,0,0,0,0.00,0.00,0.00,0.00,0.0,0.0
2026-09-18T00:41:43+00:00,2026-09-17,daily,5,2026-09-18T17:30:00Z,173,Thomas,COV,DEF,40,0,0,8.8,24196,55649,330656,232472,a,,,,,,,,3.8,0,15,347,4,0,0,1,9,0,39,37,2,13,0.43,0.26,0.69,6.99,3.8,3.8
2026-09-18T00:41:43+00:00,2026-09-17,daily,5,2026-09-18T17:30:00Z,174,Kitching,COV,DEF,40,0,0,0.4,0,3941,981,29697,u,Has joined Sheffield United on loan for the rest of the season,2026-09-02T16:21:03.612394Z,0,0,,,,0.0,0,0,0,0,0,0,0,0,0,0,0,0,0,0.00,0.00,0.00,0.00,0.0,0.0
2026-09-18T00:41:43+00:00,2026-09-17,daily,5,2026-09-18T17:30:00Z,175,van Ewijk,COV,DEF,40,0,0,9.7,11081,83054,119827,393788,a,,,,,,,,1.5,0,6,360,4,0,0,0,10,0,27,21,6,13,0.00,0.30,0.30,7.53,1.5,1.5
2026-09-18T00:41:43+00:00,2026-09-17,daily,5,2026-09-18T17:30:00Z,176,Dasilva,COV,DEF,40,0,0,0.7,683,3586,9063,19639,a,,,,,,,,1.2,0,5,354,4,0,0,0,10,0,19,15,4,10,0.18,0.48,0.66,7.53,1.2,1.2
2026-09-18T00:41:43+00:00,2026-09-17,daily,5,2026-09-18T17:30:00Z,177,Kesler-Hayden,COV,DEF,40,0,0,0.0,117,354,530,3076,i,Hamstring injury - Unknown return date,2026-08-27T14:56:28.704361Z,0,0,,,,0.0,0,0,0,0,0,0,0,0,0,0,0,0,0,0.00,0.00,0.00,0.00,0.0,0.0
2026-09-18T00:41:43+00:00,2026-09-17,daily,5,2026-09-18T17:30:00Z,178,Bidwell,COV,DEF,40,0,0,0.1,368,538,2182,3065,a,,,,,,,,0.0,0,0,0,0,0,0,0,0,0,0,0,0,0,0.00,0.00,0.00,0.00,0.0,0.0
2026-09-18T00:41:43+00:00,2026-09-17,daily,5,2026-09-18T17:30:00Z,179,Latibeaudiere,COV,DEF,40,0,0,0.0,121,246,877,1524,a,,,,,,,,0.0,0,0,0,0,0,0,0,0,0,0,0,0,0,0.00,0.00,0.00,0.00,0.0,0.0
2026-09-18T00:41:43+00:00,2026-09-17,daily,5,2026-09-18T17:30:00Z,180,Woolfenden,COV,DEF,40,0,0,0.1,182,956,2162,8187,i,Knee injury - Unknown return date,2026-08-27T14:56:28.718566Z,0,0,,,,0.0,0,0,0,0,0,0,0,0,0,0,0,0,0,0.00,0.00,0.00,0.00,0.0,0.0
2026-09-18T00:41:43+00:00,2026-09-17,daily,5,2026-09-18T17:30:00Z,181,Brau,COV,DEF,40,0,0,0.0,0,206,275,1996,u,Has joined Academico de Viseu on loan for the rest of the season,2026-08-29T00:35:59.980316Z,0,0,,,,0.0,0,0,0,0,0,0,0,0,0,0,0,0,0,0.00,0.00,0.00,0.00,0.0,0.0
2026-09-18T00:41:43+00:00,2026-09-17,daily,5,2026-09-18T17:30:00Z,182,Amenda,COV,DEF,40,0,0,0.7,1359,5139,11407,23358,d,Calf injury - 25% chance of playing,2026-09-17T07:30:09.329041Z,,25,,,,1.0,0,4,360,4,0,0,0,10,0,24,23,1,11,0.02,0.39,0.41,7.53,1.0,0.2
2026-09-18T00:41:43+00:00,2026-09-17,daily,5,2026-09-18T17:30:00Z,183,Rudoni,COV,MID,49,-1,-1,0.1,349,1208,3270,6853,a,,2026-07-23T12:01:23.481435Z,100,100,,1,5,2.0,2,8,224,3,0,0,1,4,0,21,5,3,13,0.83,0.91,1.74,3.64,2.0,2.0
2026-09-18T00:41:43+00:00,2026-09-17,daily,5,2026-09-18T17:30:00Z,184,Grimes,COV,MID,49,-1,-1,0.1,498,1585,3801,9758,a,,,,,3,,1,2.0,2,8,353,4,0,0,0,9,0,28,9,6,13,0.10,0.07,0.17,7.32,2.0,2.0
2026-09-18T00:41:43+00:00,2026-09-17,daily,5,2026-09-18T17:30:00Z,185,Sakamoto,COV,MID,48,-1,-2,0.1,71,720,819,5100,a,,,,,,,,0.2,0,1,31,0,0,0,0,1,0,4,0,2,2,0.02,0.02,0.04,0.69,0.2,0.2
2026-09-18T00:41:43+00:00,2026-09-17,daily,5,2026-09-18T17:30:00Z,186,Mason-Clark,COV,MID,54,0,-1,0.1,79,677,1018,5345,a,,2026-08-19T18:00:08.310507Z,100,100,,,,1.0,1,4,186,3,0,0,0,3,0,13,6,0,7,0.49,0.07,0.56,2.56,1.0,1.0
2026-09-18T00:41:43+00:00,2026-09-17,daily,5,2026-09-18T17:30:00Z,187,Eccles,COV,MID,49,0,-1,0.0,12,261,608,1306,i,Unspecified injury - Expected back 12 Oct,2026-09-10T18:30:08.877110Z,0,0,,,,0.0,0,0,0,0,0,0,0,0,0,0,0,0,0,0.00,0.00,0.00,0.00,0.0,0.0
2026-09-18T00:41:43+00:00,2026-09-17,daily,5,2026-09-18T17:30:00Z,188,Torp,COV,MID,54,0,-1,0.1,34,832,735,7222,a,,,,,2,2,2,0.8,1,3,53,0,0,0,0,2,0,3,1,0,2,0.00,0.12,0.12,1.22,0.8,0.8
2026-09-18T00:41:43+00:00,2026-09-17,daily,5,2026-09-18T17:30:00Z,189,Shepherd,COV,MID,44,-1,-1,0.2,423,1998,4435,11910,a,,,,,,,,0.0,0,0,0,0,0,0,0,0,0,0,0,0,0,0.00,0.00,0.00,0.00,0.0,0.0
2026-09-18T00:41:43+00:00,2026-09-17,daily,5,2026-09-18T17:30:00Z,190,Tchaouna,COV,MID,54,0,-1,0.1,30,793,3107,7573,a,,,,,,,3,1.0,0,4,166,2,0,0,0,3,0,15,5,1,9,0.19,0.18,0.37,2.73,1.0,1.0
2026-09-18T00:41:43+00:00,2026-09-17,daily,5,2026-09-18T17:30:00Z,191,Borges Rodrigues,COV,MID,45,0,0,0.1,0,1458,1943,10347,u,Has joined Burton Albion on loan for the rest of the season,2026-09-02T15:44:14.868001Z,0,0,,,,0.0,0,0,0,0,0,0,0,0,0,0,0,0,0,0.00,0.00,0.00,0.00,0.0,0.0
2026-09-18T00:41:43+00:00,2026-09-17,daily,5,2026-09-18T17:30:00Z,192,Andrews,COV,MID,45,0,0,0.3,0,4221,2718,37523,u,Has joined Oxford United on loan for the rest of the season,2026-08-29T00:35:59.998520Z,0,0,,,,0.0,0,0,0,0,0,0,0,0,0,0,0,0,0,0.00,0.00,0.00,0.00,0.0,0.0
2026-09-18T00:41:43+00:00,2026-09-17,daily,5,2026-09-18T17:30:00Z,193,Wright,COV,FWD,54,0,-1,0.1,67,994,537,11673,i,Thigh injury - Unknown return date,2026-08-14T22:00:07.214508Z,0,0,1,,,0.0,0,0,0,0,0,0,0,0,0,0,0,0,0,0.00,0.00,0.00,0.00,0.0,0.0
2026-09-18T00:41:43+00:00,2026-09-17,daily,5,2026-09-18T17:30:00Z,194,Thomas-Asante,COV,FWD,50,0,0,0.8,6545,9542,48682,47603,a,,,,,4,,,1.2,1,5,137,1,0,0,0,6,0,11,6,0,5,0.21,0.05,0.26,3.88,1.2,1.2
2026-09-18T00:41:43+00:00,2026-09-17,daily,5,2026-09-18T17:30:00Z,195,Simms,COV,FWD,50,0,0,0.7,2217,9301,37816,55094,a,,,,,,,,0.8,0,3,88,1,0,0,0,3,0,3,1,0,2,0.30,0.01,0.31,2.55,0.8,0.8
2026-09-18T00:41:43+00:00,2026-09-17,daily,5,2026-09-18T17:30:00Z,196,Markelo,COV,FWD,50,0,0,0.0,0,90,0,1112,u,Has joined Shabab Al-Ahli Dubai permanently,2026-08-17T13:53:55.791223Z,0,0,,,,0.0,0,0,0,0,0,0,0,0,0,0,0,0,0,0.00,0.00,0.00,0.00,0.0,0.0
2026-09-18T00:41:43+00:00,2026-09-17,daily,5,2026-09-18T17:30:00Z,197,Bassette,COV,FWD,45,0,0,0.0,0,224,0,1910,u,Has joined KVC Westerlo on loan for the rest of the season,2026-07-28T12:58:50.001768Z,0,0,,,,0.0,0,0,0,0,0,0,0,0,0,0,0,0,0,0.00,0.00,0.00,0.00,0.0,0.0
2026-09-18T00:41:43+00:00,2026-09-17,daily,5,2026-09-18T17:30:00Z,492,Awoniyi,COV,FWD,55,0,0,0.5,540,15589,21227,53337,s,Suspended until 19 Oct,2026-09-13T15:00:09.305127Z,,0,5,,,0.8,-2,3,232,3,0,0,0,7,0,11,3,1,7,1.30,0.04,1.34,3.55,0.8,0.0
2026-09-18T00:41:43+00:00,2026-09-17,daily,5,2026-09-18T17:30:00Z,575,Yirenkyi,COV,MID,49,0,-1,0.2,203,1920,2619,11841,a,,,,,,,,1.5,1,6,175,2,0,0,1,5,0,16,5,0,11,0.03,0.14,0.17,3.17,1.5,1.5
2026-09-18T00:41:43+00:00,2026-09-17,daily,5,2026-09-18T17:30:00Z,584,Hamer,COV,MID,54,0,-1,0.1,58,740,744,5736,a,,,,,,,4,0.8,0,3,32,0,0,0,0,1,0,3,0,1,2,0.00,0.02,0.02,0.82,0.8,0.8
2026-09-18T00:41:43+00:00,2026-09-17,daily,5,2026-09-18T17:30:00Z,599,Cherif,COV,FWD,50,0,0,0.1,1215,1101,6489,6460,a,,,,,,,,0.2,1,1,30,0,0,0,0,3,0,1,1,0,0,0.00,0.00,0.00,1.43,0.2,0.2
2026-09-18T00:41:43+00:00,2026-09-17,daily,5,2026-09-18T17:30:00Z,623,Bentley,COV,GKP,40,0,0,0.6,9197,2059,66260,15980,a,,,,,,,,0.0,0,0,0,0,0,0,0,0,0,0,0,0,0,0.00,0.00,0.00,0.00,0.0,0.0
2026-09-18T00:41:43+00:00,2026-09-17,daily,5,2026-09-18T17:30:00Z,655,Gboho,COV,MID,55,0,0,0.0,105,33,170,40,a,,,,,,,,0.0,0,0,0,0,0,0,0,0,0,0,0,0,0,0.00,0.00,0.00,0.00,2.0,2.0
2026-09-18T00:41:43+00:00,2026-09-17,daily,5,2026-09-18T17:30:00Z,656,Mfuni,COV,DEF,40,0,0,0.1,5246,1317,8057,1584,a,,,,,,,,0.0,0,0,0,0,0,0,0,0,0,0,0,0,0,0.00,0.00,0.00,0.00,1.1,1.1
2026-09-18T00:41:43+00:00,2026-09-17,daily,5,2026-09-18T17:30:00Z,42,Guessand,CRY,MID,54,-1,-1,0.0,269,648,2243,3217,a,,,,,,,,0.5,0,2,54,0,0,0,0,1,0,2,1,1,0,0.03,0.03,0.06,0.34,0.5,0.5
2026-09-18T00:41:43+00:00,2026-09-17,daily,5,2026-09-18T17:30:00Z,153,Disasi,CRY,DEF,45,0,0,0.1,118,3774,9362,8117,s,Suspended until 25 Oct,2026-09-12T15:30:09.445078Z,,0,,,,0.2,-3,1,139,2,0,0,0,6,0,20,15,5,11,0.00,0.04,0.04,3.72,0.2,0.0
2026-09-18T00:41:43+00:00,2026-09-17,daily,5,2026-09-18T17:30:00Z,198,Henderson,CRY,GKP,50,0,0,1.5,183,47102,55099,96088,i,Foot injury - Expected back 11 Oct,2026-09-12T14:00:09.378740Z,100,0,,,,1.2,0,5,270,3,0,0,0,8,12,0,6,0,31,0.00,0.00,0.00,6.47,1.2,0.0
2026-09-18T00:41:43+00:00,2026-09-17,daily,5,2026-09-18T17:30:00Z,199,Benitez,CRY,GKP,45,0,0,0.1,1023,620,2702,4242,a,,,,,,,,0.5,2,2,90,1,0,0,0,3,3,0,1,0,7,0.00,0.00,0.00,1.68,0.5,0.5
2026-09-18T00:41:43+00:00,2026-09-17,daily,5,2026-09-18T17:30:00Z,202,Richards,CRY,DEF,50,0,0,0.6,1467,6765,20525,32998,a,,,,,,,,1.5,2,6,360,4,0,0,0,11,0,44,38,6,13,0.08,0.06,0.14,8.15,1.5,1.5
2026-09-18T00:41:43+00:00,2026-09-17,daily,5,2026-09-18T17:30:00Z,203,Canvot,CRY,DEF,49,0,-1,0.2,216,3317,5299,17251,a,,,,,,,,0.5,0,2,270,3,0,0,0,8,0,24,17,7,6,0.05,0.01,0.06,6.47,0.5,0.5
2026-09-18T00:41:43+00:00,2026-09-17,daily,5,2026-09-18T17:30:00Z,204,Mitchell,CRY,DEF,45,0,0,6.2,17594,51844,292348,226526,a,,,,,,,,4.2,1,17,329,4,2,0,0,10,0,17,11,6,15,0.77,0.24,1.01,7.03,4.2,4.2
2026-09-18T00:41:43+00:00,2026-09-17,daily,5,2026-09-18T17:30:00Z,205,Sosa,CRY,DEF,45,0,0,0.0,0,233,236,1928,u,Has joined FC Cologne on loan for the rest of the season,2026-09-02T16:03:25.710518Z,0,0,,,,0.0,0,0,0,0,0,0,0,0,0,0,0,0,0,0.00,0.00,0.00,0.00,0.0,0.0
2026-09-18T00:41:43+00:00,2026-09-17,daily,5,2026-09-18T17:30:00Z,206,Chadi Riad,CRY,DEF,44,0,-1,0.0,40,304,611,5472,i,Knee injury - Unknown return date,2026-08-22T18:00:07.352049Z,0,0,,,,0.2,0,1,72,1,0,0,0,2,0,7,6,1,3,0.00,0.01,0.01,0.98,0.0,0.0
2026-09-18T00:41:43+00:00,2026-09-17,daily,5,2026-09-18T17:30:00Z,207,Mingueza,CRY,DEF,44,0,-1,0.1,214,731,1874,4329,a,,,,,,,,0.5,0,2,16,0,0,0,0,1,0,2,0,2,1,0.00,0.00,0.00,0.33,0.5,0.5
2026-09-18T00:41:43+00:00,2026-09-17,daily,5,2026-09-18T17:30:00Z,208,Sarr,CRY,MID,62,-1,-3,0.6,212,10445,2823,372508,a,,2026-08-22T18:00:07.363165Z,0,100,2,,,0.0,0,0,0,0,0,0,0,0,0,0,0,0,0,0.00,0.00,0.00,0.00,0.0,0.0
2026-09-18T00:41:43+00:00,2026-09-17,daily,5,2026-09-18T17:30:00Z,210,Wharton,CRY,MID,55,0,0,0.8,2278,9167,27858,41282,a,,2026-07-23T12:01:23.498963Z,100,100,,,2,2.5,2,10,346,4,0,0,0,10,0,34,12,8,14,0.08,0.36,0.44,7.60,2.5,2.5
2026-09-18T00:41:43+00:00,2026-09-17,daily,5,2026-09-18T17:30:00Z,211,Yeremy,CRY,MID,55,0,0,0.4,1292,9200,43908,23436,a,,,,,,1,1,3.0,1,12,226,3,0,2,0,6,0,21,3,5,13,0.36,0.40,0.76,5.67,3.0,3.0
2026-09-18T00:41:43+00:00,2026-09-17,daily,5,2026-09-18T17:30:00Z,212,Hughes,CRY,MID,44,-1,-1,7.9,20650,72641,105038,410321,a,,,,,,,4,0.5,1,2,29,0,0,0,0,1,0,7,3,1,3,0.00,0.04,0.04,1.12,0.5,0.5
2026-09-18T00:41:43+00:00,2026-09-17,daily,5,2026-09-18T17:30:00Z,213,Lerma,CRY,MID,49,0,-1,0.1,140,616,1167,4941,a,,,,,,,,0.2,1,1,6,0,0,0,0,1,0,1,1,0,0,0.00,0.00,0.00,0.48,0.2,0.2
2026-09-18T00:41:43+00:00,2026-09-17,daily,5,2026-09-18T17:30:00Z,214,Kamada,CRY,MID,50,0,0,0.5,16968,5422,41314,19192,a,,,,,,,3,4.5,8,18,351,4,0,3,0,10,0,28,4,10,14,0.05,0.35,0.40,7.54,4.5,4.5
2026-09-18T00:41:43+00:00,2026-09-17,daily,5,2026-09-18T17:30:00Z,215,Devenny,CRY,MID,50,0,0,0.0,0,89,132,879,u,Has joined Stoke City permanently,2026-09-02T15:41:07.346849Z,0,0,3,2,,0.0,0,0,0,0,0,0,0,0,0,0,0,0,0,0.00,0.00,0.00,0.00,0.0,0.0
2026-09-18T00:41:43+00:00,2026-09-17,daily,5,2026-09-18T17:30:00Z,216,Esse,CRY,MID,50,0,0,0.0,0,335,399,3041,u,Has joined Millwall on loan for the rest of the season,2026-09-02T15:41:07.376544Z,0,0,,,,0.0,0,0,0,0,0,0,0,0,0,0,0,0,0,0.00,0.00,0.00,0.00,0.0,0.0
2026-09-18T00:41:43+00:00,2026-09-17,daily,5,2026-09-18T17:30:00Z,217,M.França,CRY,MID,49,0,-1,0.0,0,534,1007,3141,u,Has joined Alverca on loan for the rest of the season,2026-09-11T14:42:19.322912Z,0,0,,,,0.0,0,0,0,0,0,0,0,0,0,0,0,0,0,0.00,0.00,0.00,0.00,0.0,0.0
2026-09-18T00:41:43+00:00,2026-09-17,daily,5,2026-09-18T17:30:00Z,218,Doucouré,CRY,MID,49,0,-1,0.0,210,673,1912,3990,a,,,,,,,,0.0,0,0,0,0,0,0,0,0,0,0,0,0,0,0.00,0.00,0.00,0.00,0.0,0.0
2026-09-18T00:41:43+00:00,2026-09-17,daily,5,2026-09-18T17:30:00Z,219,J.Rak-Sakyi,CRY,MID,49,0,-1,0.0,0,89,145,430,u,has joined  Kasimpasa on loan for the rest of the seaon.,2026-09-10T09:12:47.224598Z,0,0,,,,0.0,0,0,0,0,0,0,0,0,0,0,0,0,0,0.00,0.00,0.00,0.00,0.0,0.0
2026-09-18T00:41:43+00:00,2026-09-17,daily,5,2026-09-18T17:30:00Z,220,Cardines,CRY,DEF,45,0,0,0.0,0,7,0,124,u,Has joined Bristol City on loan for the rest of the season,2026-08-12T14:08:46.501813Z,0,0,,,,0.0,0,0,0,0,0,0,0,0,0,0,0,0,0,0.00,0.00,0.00,0.00,0.0,0.0
2026-09-18T00:41:43+00:00,2026-09-17,daily,5,2026-09-18T17:30:00Z,221,Drakes-Thomas,CRY,MID,45,0,0,0.1,283,770,2471,4025,a,,,,,,,,0.0,0,0,0,0,0,0,0,0,0,0,0,0,0,0.00,0.00,0.00,0.00,0.0,0.0
2026-09-18T00:41:43+00:00,2026-09-17,daily,5,2026-09-18T17:30:00Z,222,Strand Larsen,CRY,FWD,60,0,0,0.6,10814,7219,40848,33135,a,,,,,,,,3.0,8,12,217,2,1,0,0,5,0,10,3,2,5,0.39,0.03,0.42,4.89,3.0,3.0
2026-09-18T00:41:43+00:00,2026-09-17,daily,5,2026-09-18T17:30:00Z,223,Mateta,CRY,FWD,63,-1,-2,1.4,173,22029,25694,437982,i,Hamstring injury - Expected back 11 Oct,2026-08-28T21:00:08.020382Z,0,0,1,,,0.5,0,2,62,1,0,0,0,2,0,5,1,2,2,0.70,0.02,0.72,0.98,0.0,0.0
2026-09-18T00:41:43+00:00,2026-09-17,daily,5,2026-09-18T17:30:00Z,224,Nketiah,CRY,FWD,55,0,0,0.6,347,18594,45302,42262,a,,2026-09-12T14:00:09.427136Z,,100,,,,1.8,0,7,167,3,0,1,0,7,0,11,2,4,5,1.10,0.58,1.68,4.45,1.8,1.8
2026-09-18T00:41:43+00:00,2026-09-17,daily,5,2026-09-18T17:30:00Z,225,Uche,CRY,FWD,50,0,0,0.0,0,0,0,0,u,has returned to Getafe CF,2026-07-23T12:18:56.275922Z,0,0,,,,0.0,0,0,0,0,0,0,0,0,0,0,0,0,0,0.00,0.00,0.00,0.00,0.0,0.0
2026-09-18T00:41:43+00:00,2026-09-17,daily,5,2026-09-18T17:30:00Z,241,McNeil,CRY,MID,54,0,-1,0.1,146,1148,1668,7318,a,,,,,,,,0.8,0,3,84,1,0,0,0,3,0,7,4,0,3,0.05,0.02,0.07,1.18,0.8,0.8
2026-09-18T00:41:43+00:00,2026-09-17,daily,5,2026-09-18T17:30:00Z,555,Matthews,CRY,GKP,40,0,0,1.7,2737,4718,21460,27365,a,,,,,,,,0.0,0,0,0,0,0,0,0,0,0,0,0,0,0,0.00,0.00,0.00,0.00,0.0,0.0
2026-09-18T00:41:43+00:00,2026-09-17,daily,5,2026-09-18T17:30:00Z,577,Tomiyasu,CRY,DEF,44,-1,-1,0.3,350,2186,3182,11482,a,,,,,,,,0.5,0,2,144,1,0,0,0,5,0,14,12,2,7,0.00,0.02,0.02,3.44,0.5,0.5
2026-09-18T00:41:43+00:00,2026-09-17,daily,5,2026-09-18T17:30:00Z,588,Khalaili,CRY,DEF,50,0,0,0.3,4738,3869,31617,11592,a,,,,,,,,3.2,7,13,289,3,1,0,0,8,0,38,19,19,15,0.96,0.31,1.27,7.10,3.2,3.2
2026-09-18T00:41:43+00:00,2026-09-17,daily,5,2026-09-18T17:30:00Z,595,Gozo,CRY,MID,50,0,0,0.0,68,153,437,748,a,,,,,,,,0.5,1,2,28,0,0,0,0,2,0,1,0,1,0,0.00,0.00,0.00,0.68,0.5,0.5
2026-09-18T00:41:43+00:00,2026-09-17,daily,5,2026-09-18T17:30:00Z,633,Ahanor,CRY,DEF,45,0,0,0.0,589,179,1654,391,a,,,,,,,,1.5,3,3,90,1,0,0,0,3,0,11,9,2,4,0.00,0.01,0.01,1.68,1.5,1.5
2026-09-18T00:41:43+00:00,2026-09-17,daily,5,2026-09-18T17:30:00Z,643,Chilwell,CRY,DEF,45,0,0,0.5,2642,7053,41927,12806,a,,,,,,,,4.0,1,8,29,0,1,0,0,1,0,1,1,0,0,0.27,0.01,0.28,1.12,4.0,4.0
2026-09-18T00:41:43+00:00,2026-09-17,daily,5,2026-09-18T17:30:00Z,644,Timber,CRY,MID,50,0,0,0.0,1157,483,3570,1047,a,,,,,,,,3.0,4,6,163,2,0,0,0,5,0,22,4,9,9,0.12,0.03,0.15,4.25,3.0,3.0
2026-09-18T00:41:43+00:00,2026-09-17,daily,5,2026-09-18T17:30:00Z,647,Osorio,CRY,MID,55,0,0,0.0,68,123,907,288,a,,,,,,,,0.5,0,1,1,0,0,0,0,0,0,1,0,1,0,0.00,0.00,0.00,0.13,0.5,0.5
2026-09-18T00:41:43+00:00,2026-09-17,daily,5,2026-09-18T17:30:00Z,21,Nørgaard,EVE,MID,49,0,-1,0.0,37,615,431,6934,i,Groin injury - Unknown return date,2026-08-15T20:00:06.779594Z,0,0,,,,0.0,0,0,0,0,0,0,0,0,0,0,0,0,0,0.00,0.00,0.00,0.00,0.0,0.0
2026-09-18T00:41:43+00:00,2026-09-17,daily,5,2026-09-18T17:30:00Z,209,Johnson,EVE,MID,59,0,-1,0.1,1552,1082,4139,9336,a,,,,,,,,1.5,3,6,173,2,0,0,1,1,0,18,7,4,7,0.21,0.22,0.43,2.67,1.5,1.5
2026-09-18T00:41:43+00:00,2026-09-17,daily,5,2026-09-18T17:30:00Z,226,Pickford,EVE,GKP,55,0,0,9.0,53319,32592,243107,211685,a,,,,,,,,4.2,6,17,360,4,0,0,2,3,11,0,6,0,46,0.00,0.02,0.02,5.50,4.2,4.2
2026-09-18T00:41:43+00:00,2026-09-17,daily,5,2026-09-18T17:30:00Z,227,Travers,EVE,GKP,50,0,0,0.0,440,370,1422,1770,a,,,,,,,,0.0,0,0,0,0,0,0,0,0,0,0,0,0,0,0.00,0.00,0.00,0.00,0.0,0.0
2026-09-18T00:41:43+00:00,2026-09-17,daily,5,2026-09-18T17:30:00Z,228,King,EVE,GKP,45,0,0,0.0,186,240,1010,1511,a,,,,,,,,0.0,0,0,0,0,0,0,0,0,0,0,0,0,0,0.00,0.00,0.00,0.00,0.0,0.0
2026-09-18T00:41:43+00:00,2026-09-17,daily,5,2026-09-18T17:30:00Z,229,Tarkowski,EVE,DEF,61,1,1,13.9,220964,36846,638907,251231,a,,,,,,,,7.2,8,29,360,4,1,0,2,3,0,39,29,10,13,0.17,0.03,0.20,5.50,7.2,7.2
2026-09-18T00:41:43+00:00,2026-09-17,daily,5,2026-09-18T17:30:00Z,230,Branthwaite,EVE,DEF,55,0,0,2.2,35943,10156,106019,61428,a,,,,,,,,4.8,6,19,360,4,0,0,2,3,0,40,35,5,11,0.17,0.02,0.19,5.50,4.8,4.8
2026-09-18T00:41:43+00:00,2026-09-17,daily,5,2026-09-18T17:30:00Z,231,Keane,EVE,DEF,48,-1,-2,0.8,1515,9241,8337,83831,a,,,,,,,,0.0,0,0,0,0,0,0,0,0,0,0,0,0,0,0.00,0.00,0.00,0.00,0.0,0.0
2026-09-18T00:41:43+00:00,2026-09-17,daily,5,2026-09-18T17:30:00Z,232,O'Brien,EVE,DEF,49,0,-1,0.3,945,2099,3943,22797,a,,,,,,,,0.2,1,1,15,0,0,0,0,0,0,1,1,0,1,0.00,0.00,0.00,0.26,0.2,0.2
2026-09-18T00:41:43+00:00,2026-09-17,daily,5,2026-09-18T17:30:00Z,233,Mykolenko,EVE,DEF,45,0,0,3.4,153960,17239,286546,89570,a,,,,,,,,5.5,11,22,360,4,0,0,2,3,0,33,22,11,19,0.00,0.14,0.14,5.50,5.5,5.5
2026-09-18T00:41:43+00:00,2026-09-17,daily,5,2026-09-18T17:30:00Z,234,Patterson,EVE,DEF,45,0,0,0.0,0,256,371,2248,u,Has joined Torino permanently,2026-09-02T16:05:23.326971Z,0,0,,,,0.0,0,0,0,0,0,0,0,0,0,0,0,0,0,0.00,0.00,0.00,0.00,0.0,0.0
2026-09-18T00:41:43+00:00,2026-09-17,daily,5,2026-09-18T17:30:00Z,235,Aznou,EVE,DEF,40,0,0,0.1,0,1297,1728,10244,u,Has joined Malaga on loan for the rest of the season,2026-09-01T13:23:16.934847Z,0,0,,,,0.0,0,0,0,0,0,0,0,0,0,0,0,0,0,0.00,0.00,0.00,0.00,0.0,0.0
2026-09-18T00:41:43+00:00,2026-09-17,daily,5,2026-09-18T17:30:00Z,236,Dewsbury-Hall,EVE,MID,65,0,0,5.7,125570,45540,460218,265344,a,,,,,,,2,4.2,2,17,360,4,1,0,2,3,0,35,5,9,21,0.62,0.49,1.11,5.46,4.2,4.2
2026-09-18T00:41:43+00:00,2026-09-17,daily,5,2026-09-18T17:30:00Z,238,Grealish,EVE,MID,65,0,0,0.4,7235,4746,33966,18992,a,,2026-07-29T10:00:10.492904Z,100,100,,,,0.8,1,3,57,0,0,0,0,1,0,6,2,3,1,0.02,0.14,0.16,0.61,0.8,0.8
2026-09-18T00:41:43+00:00,2026-09-17,daily,5,2026-09-18T17:30:00Z,239,Garner,EVE,MID,60,0,0,0.2,8500,2424,15700,11100,a,,2026-09-06T18:00:08.301702Z,100,100,2,1,1,2.0,4,8,238,3,0,0,1,2,0,36,5,11,20,0.04,0.13,0.17,2.01,2.0,2.0
2026-09-18T00:41:43+00:00,2026-09-17,daily,5,2026-09-18T17:30:00Z,242,George,EVE,MID,55,0,0,0.9,34332,8125,88437,28832,a,,,,,,,,4.5,3,18,298,4,1,0,2,3,0,16,5,1,10,0.32,0.31,0.63,3.33,4.5,4.5
2026-09-18T00:41:43+00:00,2026-09-17,daily,5,2026-09-18T17:30:00Z,243,Alcaraz,EVE,MID,49,0,-1,0.1,384,786,2546,5188,a,,,,,,,,0.2,0,1,5,0,0,0,0,0,0,3,0,1,2,0.05,0.02,0.07,0.04,0.2,0.2
2026-09-18T00:41:43+00:00,2026-09-17,daily,5,2026-09-18T17:30:00Z,244,Armstrong,EVE,MID,50,0,0,0.4,5762,5844,52872,26340,d,Unspecified injury - 75% chance of playing,2026-09-17T08:30:08.942299Z,,75,,,,3.5,3,14,356,4,0,1,2,3,0,35,12,6,17,0.09,0.12,0.21,5.50,3.5,2.6
2026-09-18T00:41:43+00:00,2026-09-17,daily,5,2026-09-18T17:30:00Z,245,Dibling,EVE,MID,54,0,-1,0.0,200,303,967,2427,a,,,,,,,,0.0,0,0,0,0,0,0,0,0,0,0,0,0,0,0.00,0.00,0.00,0.00,0.0,0.0
2026-09-18T00:41:43+00:00,2026-09-17,daily,5,2026-09-18T17:30:00Z,246,Röhl,EVE,MID,49,-1,-1,0.0,278,808,1948,3652,d,Unspecified injury - 75% chance of playing,2026-09-16T18:00:09.541933Z,,75,,,,1.5,0,6,249,3,0,0,1,2,0,24,6,5,13,0.00,0.20,0.20,4.52,1.5,1.1
2026-09-18T00:41:43+00:00,2026-09-17,daily,5,2026-09-18T17:30:00Z,247,Hackney,EVE,MID,55,0,0,0.2,575,1539,3400,10417,a,,2026-08-26T22:00:07.797766Z,100,100,,,3,2.2,1,9,136,1,0,1,1,1,0,12,4,3,5,0.05,0.13,0.18,3.75,2.2,2.2
2026-09-18T00:41:43+00:00,2026-09-17,daily,5,2026-09-18T17:30:00Z,248,Beto,EVE,FWD,54,0,-1,0.7,0,19016,16222,206022,u,Has joined Fiorentina permanently,2026-09-02T16:05:23.357221Z,0,0,,,,0.5,0,2,31,0,0,0,0,0,0,1,1,0,0,0.09,0.00,0.09,1.92,0.0,0.0
2026-09-18T00:41:43+00:00,2026-09-17,daily,5,2026-09-18T17:30:00Z,249,Barry,EVE,FWD,56,0,1,7.1,134765,63383,754709,297229,a,,,,,1,,,3.5,2,14,327,4,1,0,2,3,0,12,3,1,8,2.98,0.14,3.12,3.58,3.5,3.5
2026-09-18T00:41:43+00:00,2026-09-17,daily,5,2026-09-18T17:30:00Z,649,Maitland-Niles,EVE,DEF,45,0,0,0.8,37385,4702,56349,8532,a,,,,,,,,6.5,6,13,87,1,1,0,1,1,0,5,3,2,4,0.06,0.14,0.20,0.72,6.5,6.5
2026-09-18T00:41:43+00:00,2026-09-17,daily,5,2026-09-18T17:30:00Z,654,Graham,EVE,MID,45,0,0,0.1,1437,1946,10898,4007,a,,,,,,,,0.0,0,0,0,0,0,0,0,0,0,0,0,0,0,0.00,0.00,0.00,0.00,0.0,0.0
2026-09-18T00:41:43+00:00,2026-09-17,daily,5,2026-09-18T17:30:00Z,250,Leno,FUL,GKP,45,0,0,3.1,27282,12606,100806,86236,a,,,,,,,,3.8,9,15,360,4,0,0,1,7,11,0,4,0,33,0.00,0.00,0.00,7.51,3.8,3.8
2026-09-18T00:41:43+00:00,2026-09-17,daily,5,2026-09-18T17:30:00Z,251,Lecomte,FUL,GKP,40,0,0,1.1,2745,3135,21838,22284,a,,,,,,,,0.0,0,0,0,0,0,0,0,0,0,0,0,0,0,0.00,0.00,0.00,0.00,0.0,0.0
2026-09-18T00:41:43+00:00,2026-09-17,daily,5,2026-09-18T17:30:00Z,252,McNally,FUL,GKP,40,0,0,0.1,0,721,2589,5809,u,Has joined York City on loan for the rest of the season,2026-09-01T13:25:11.231240Z,0,0,,,,0.0,0,0,0,0,0,0,0,0,0,0,0,0,0,0.00,0.00,0.00,0.00,0.0,0.0
2026-09-18T00:41:43+00:00,2026-09-17,daily,5,2026-09-18T17:30:00Z,253,Andersen,FUL,DEF,50,0,0,0.1,1433,1608,11476,7641,a,,2026-07-23T12:01:23.516350Z,100,100,,,,0.5,0,2,180,2,0,0,0,4,0,15,13,2,9,0.00,0.10,0.10,3.99,0.5,0.5
2026-09-18T00:41:43+00:00,2026-09-17,daily,5,2026-09-18T17:30:00Z,254,Robinson,FUL,DEF,45,0,0,1.4,8162,8449,39078,61145,a,,,,,2,,,2.5,6,10,339,4,0,0,1,7,0,24,14,10,16,0.26,0.21,0.47,7.48,2.5,2.5
2026-09-18T00:41:43+00:00,2026-09-17,daily,5,2026-09-18T17:30:00Z,255,J.Cuenca,FUL,DEF,45,0,0,0.0,72,267,1463,1828,a,,,,,,,,0.8,0,3,90,1,0,0,0,3,0,10,9,1,3,0.00,0.03,0.03,2.24,0.8,0.8
2026-09-18T00:41:43+00:00,2026-09-17,daily,5,2026-09-18T17:30:00Z,256,Tete,FUL,DEF,44,0,-1,0.2,293,1256,1298,8628,a,,,,,,,,0.0,0,0,27,0,0,0,0,0,0,3,3,0,0,0.00,0.00,0.00,0.65,0.0,0.0
2026-09-18T00:41:43+00:00,2026-09-17,daily,5,2026-09-18T17:30:00Z,257,Bassey,FUL,DEF,45,0,0,0.7,2825,2854,20181,27087,a,,,,,,,,2.2,6,9,360,4,0,0,1,7,0,21,17,4,15,0.07,0.07,0.14,7.51,2.2,2.2
2026-09-18T00:41:43+00:00,2026-09-17,daily,5,2026-09-18T17:30:00Z,258,Castagne,FUL,DEF,45,0,0,0.8,10138,5534,72651,36649,a,,,,,,,,4.8,6,19,318,4,0,2,2,6,0,20,14,6,14,0.67,0.38,1.05,5.21,4.8,4.8
2026-09-18T00:41:43+00:00,2026-09-17,daily,5,2026-09-18T17:30:00Z,261,Iwobi,FUL,MID,54,0,-1,0.7,2338,7086,18183,49868,a,,,,,3,1,1,2.2,3,9,338,4,0,0,1,7,0,22,4,4,14,0.20,0.81,1.01,7.04,2.2,2.2
2026-09-18T00:41:43+00:00,2026-09-17,daily,5,2026-09-18T17:30:00Z,262,Smith Rowe,FUL,MID,54,0,-1,0.2,459,2660,4075,18828,a,,,,,,,,0.8,1,3,38,0,0,0,0,0,0,3,1,0,2,0.06,0.02,0.08,0.87,0.8,0.8
2026-09-18T00:41:43+00:00,2026-09-17,daily,5,2026-09-18T17:30:00Z,263,Kevin,FUL,MID,53,-1,-2,0.0,489,523,1697,3789,a,,,,,,,4,0.8,1,3,42,0,0,0,0,0,0,6,0,3,3,0.03,0.12,0.15,0.74,0.8,0.8
2026-09-18T00:41:43+00:00,2026-09-17,daily,5,2026-09-18T17:30:00Z,264,Bobb,FUL,MID,55,0,0,0.3,2018,3021,13279,18251,a,,,,,,,2,2.5,3,10,273,4,0,0,2,6,0,22,4,6,12,0.32,1.05,1.37,5.07,2.5,2.5
2026-09-18T00:41:43+00:00,2026-09-17,daily,5,2026-09-18T17:30:00Z,265,Berge,FUL,MID,49,0,-1,0.3,1323,2372,5411,15932,a,,,,,,,,2.0,3,8,273,3,0,0,1,5,0,17,5,4,8,0.03,0.34,0.37,6.18,2.0,2.0
2026-09-18T00:41:43+00:00,2026-09-17,daily,5,2026-09-18T17:30:00Z,266,Cairney,FUL,MID,49,-1,-1,0.0,12,41,98,291,i,Knee injury - Expected back 10 Oct,2026-08-14T18:00:06.460944Z,0,0,,,,0.0,0,0,0,0,0,0,0,0,0,0,0,0,0,0.00,0.00,0.00,0.00,0.0,0.0
2026-09-18T00:41:43+00:00,2026-09-17,daily,5,2026-09-18T17:30:00Z,268,King,FUL,MID,55,0,0,1.7,68608,19185,208022,71303,a,,,,,,,,5.5,3,22,346,4,2,0,1,7,0,23,4,7,12,1.16,0.43,1.59,7.04,5.5,5.5
2026-09-18T00:41:43+00:00,2026-09-17,daily,5,2026-09-18T17:30:00Z,269,Sessegnon,FUL,DEF,44,0,-1,0.3,218,3690,2433,16098,d,Groin injury - 75% chance of playing,2026-09-14T11:30:07.403957Z,,75,,,3,0.8,0,3,50,0,0,0,0,1,0,3,2,1,3,0.13,0.44,0.57,1.80,0.8,0.6
2026-09-18T00:41:43+00:00,2026-09-17,daily,5,2026-09-18T17:30:00Z,270,Reed,FUL,MID,44,-1,-1,1.2,14064,12536,31341,62116,a,,,,,,,,0.0,0,0,0,0,0,0,0,0,0,0,0,0,0,0.00,0.00,0.00,0.00,0.0,0.0
2026-09-18T00:41:43+00:00,2026-09-17,daily,5,2026-09-18T17:30:00Z,271,Muniz,FUL,FWD,54,0,-1,0.4,2548,4603,13393,30717,a,,,,,,,,0.8,1,3,28,0,0,0,0,0,0,2,2,0,0,0.40,0.00,0.40,0.49,0.8,0.8
2026-09-18T00:41:43+00:00,2026-09-17,daily,5,2026-09-18T17:30:00Z,272,Kusi-Asare,FUL,FWD,45,0,0,5.8,23266,48910,142551,245871,a,,,,,,,,0.0,0,0,0,0,0,0,0,0,0,0,0,0,0,0.00,0.00,0.00,0.00,0.0,0.0
2026-09-18T00:41:43+00:00,2026-09-17,daily,5,2026-09-18T17:30:00Z,569,Gonzalo,FUL,FWD,60,0,0,3.6,25005,56024,344443,261241,a,,,,,1,,,3.0,2,12,346,4,1,0,1,7,0,16,6,2,8,1.64,0.25,1.89,7.04,3.0,3.0
2026-09-18T00:41:43+00:00,2026-09-17,daily,5,2026-09-18T17:30:00Z,570,Palacios,FUL,MID,54,-1,-1,0.2,1322,1854,4693,9126,a,,,,,,,,2.8,0,11,207,3,1,0,0,6,0,13,3,2,8,0.98,0.03,1.01,4.97,2.8,2.8
2026-09-18T00:41:43+00:00,2026-09-17,daily,5,2026-09-18T17:30:00Z,580,Charles,FUL,MID,50,0,0,0.1,572,505,1560,3488,a,,,,,,,,2.2,5,9,213,2,0,0,1,4,0,33,12,2,19,0.09,0.14,0.23,5.05,2.2,2.2
2026-09-18T00:41:43+00:00,2026-09-17,daily,5,2026-09-18T17:30:00Z,610,De Fougerolles,FUL,DEF,40,0,0,0.1,0,1002,5787,4580,u,has joined  Real Salt Lake on loan for the rest of the seaon.,2026-08-28T11:30:08.336405Z,0,0,,,,0.0,0,0,0,0,0,0,0,0,0,0,0,0,0,0.00,0.00,0.00,0.00,0.0,0.0
2026-09-18T00:41:43+00:00,2026-09-17,daily,5,2026-09-18T17:30:00Z,626,Zepa,FUL,MID,45,0,0,0.3,947,4099,34118,15456,a,,,,,,,,0.0,0,0,0,0,0,0,0,0,0,0,0,0,0,0.00,0.00,0.00,0.00,0.0,0.0
2026-09-18T00:41:43+00:00,2026-09-17,daily,5,2026-09-18T17:30:00Z,635,Larsson,FUL,MID,50,0,0,0.0,159,98,713,206,a,,,,,,,,1.0,1,2,24,0,0,0,0,0,0,2,0,1,1,0.13,0.23,0.36,0.46,1.0,1.0
2026-09-18T00:41:43+00:00,2026-09-17,daily,5,2026-09-18T17:30:00Z,636,Ángel,FUL,MID,50,0,0,0.0,71,58,324,126,a,,,,,,,,0.0,0,0,0,0,0,0,0,0,0,0,0,0,0,0.00,0.00,0.00,0.00,0.0,0.0
2026-09-18T00:41:43+00:00,2026-09-17,daily,5,2026-09-18T17:30:00Z,650,Affengruber,FUL,DEF,45,0,0,0.0,1801,398,2279,527,a,,,,,,,,4.0,8,8,90,1,0,0,1,0,0,12,11,1,3,0.00,0.00,0.00,1.28,4.0,4.0
2026-09-18T00:41:43+00:00,2026-09-17,daily,5,2026-09-18T17:30:00Z,240,Iroegbunam,HUL,MID,50,0,0,0.0,339,229,1003,970,a,,2026-08-15T20:00:06.878792Z,100,100,,,,0.2,0,1,25,0,0,0,0,0,0,2,1,1,0,0.00,0.00,0.00,0.35,0.2,0.2
2026-09-18T00:41:43+00:00,2026-09-17,daily,5,2026-09-18T17:30:00Z,273,Phillips,HUL,GKP,40,0,0,1.4,4045,5248,25074,33395,a,,,,,,,,0.0,0,0,0,0,0,0,0,0,0,0,0,0,0,0.00,0.00,0.00,0.00,0.0,0.0
2026-09-18T00:41:43+00:00,2026-09-17,daily,5,2026-09-18T17:30:00Z,274,Butland,HUL,GKP,45,0,0,0.1,81,475,541,4519,i,Arm injury - Unknown return date,2026-08-08T19:00:05.601633Z,0,0,,,,0.0,0,0,0,0,0,0,0,0,0,0,0,0,0,0.00,0.00,0.00,0.00,0.0,0.0
2026-09-18T00:41:43+00:00,2026-09-17,daily,5,2026-09-18T17:30:00Z,275,Cartwright,HUL,GKP,40,0,0,0.0,0,36,0,297,u,Has joined Grimsby Town on loan for the rest of the season,2026-07-29T13:00:27.959925Z,0,0,,,,0.0,0,0,0,0,0,0,0,0,0,0,0,0,0,0.00,0.00,0.00,0.00,0.0,0.0
2026-09-18T00:41:43+00:00,2026-09-17,daily,5,2026-09-18T17:30:00Z,276,Lo-Tutala,HUL,GKP,40,0,0,0.0,0,112,0,971,u,Has joined Colchester United on loan for the rest of the season,2026-08-17T13:50:27.125537Z,0,0,,,,0.0,0,0,0,0,0,0,0,0,0,0,0,0,0,0.00,0.00,0.00,0.00,0.0,0.0
2026-09-18T00:41:43+00:00,2026-09-17,daily,5,2026-09-18T17:30:00Z,277,Egan,HUL,DEF,41,0,1,6.9,88167,33876,690545,176300,a,,,,,,,,6.2,2,25,360,4,0,0,3,2,0,55,48,7,11,0.04,0.00,0.04,5.96,6.2,6.2
2026-09-18T00:41:43+00:00,2026-09-17,daily,5,2026-09-18T17:30:00Z,278,Hughes,HUL,DEF,39,-1,-1,0.3,14064,4446,14475,9776,i,Groin injury - Unknown return date,2026-08-02T09:00:11.030017Z,0,0,,,,0.0,0,0,0,0,0,0,0,0,0,0,0,0,0,0.00,0.00,0.00,0.00,0.0,0.0
2026-09-18T00:41:43+00:00,2026-09-17,daily,5,2026-09-18T17:30:00Z,279,Ajayi,HUL,DEF,42,0,2,13.9,195093,68547,1256412,231932,a,,2026-08-22T17:30:07.668197Z,100,100,,,,6.5,1,26,333,4,1,0,3,2,0,23,19,4,11,0.65,0.00,0.65,4.99,6.5,6.5
2026-09-18T00:41:43+00:00,2026-09-17,daily,5,2026-09-18T17:30:00Z,280,Coyle,HUL,DEF,40,0,0,0.7,9286,3360,22929,22755,a,,2026-08-29T16:30:08.151841Z,100,100,,,,3.2,1,13,258,4,0,0,2,2,0,9,7,2,8,0.13,0.03,0.16,4.78,3.2,3.2
2026-09-18T00:41:43+00:00,2026-09-17,daily,5,2026-09-18T17:30:00Z,281,Drameh,HUL,DEF,40,0,0,0.0,0,544,2118,4133,u,Has joined Genoa permanently,2026-09-02T16:09:06.479140Z,0,0,,,,0.5,0,2,65,0,0,0,0,0,0,6,5,1,4,0.05,0.00,0.05,0.87,0.0,0.0
2026-09-18T00:41:43+00:00,2026-09-17,daily,5,2026-09-18T17:30:00Z,282,Giles,HUL,DEF,40,0,0,2.7,107553,17136,223169,46592,a,,,,,,1,3,6.0,4,24,354,4,0,1,3,2,0,19,15,4,12,0.02,0.35,0.37,5.89,6.0,6.0
2026-09-18T00:41:43+00:00,2026-09-17,daily,5,2026-09-18T17:30:00Z,283,Jacob,HUL,DEF,40,0,0,0.0,0,77,114,640,u,Has joined Newport County on loan until January,2026-08-02T09:00:11.038361Z,0,0,,,,0.0,0,0,0,0,0,0,0,0,0,0,0,0,0,0.00,0.00,0.00,0.00,0.0,0.0
2026-09-18T00:41:43+00:00,2026-09-17,daily,5,2026-09-18T17:30:00Z,284,McCarthy,HUL,DEF,40,0,0,0.1,1079,741,4247,3952,a,,,,,,,,0.0,0,0,0,0,0,0,0,0,0,0,0,0,0,0.00,0.00,0.00,0.00,0.0,0.0
2026-09-18T00:41:43+00:00,2026-09-17,daily,5,2026-09-18T17:30:00Z,285,McNair,HUL,DEF,40,0,0,0.1,554,702,2782,4094,a,,2026-09-09T13:30:08.327907Z,100,100,,,,0.2,0,1,26,0,0,0,0,0,0,2,2,0,1,0.00,0.00,0.00,0.96,0.2,0.2
2026-09-18T00:41:43+00:00,2026-09-17,daily,5,2026-09-18T17:30:00Z,286,Belloumi,HUL,MID,51,1,1,3.8,280523,24860,347541,50988,a,,,,,,2,2,6.8,13,27,312,4,2,1,3,1,0,33,14,10,9,0.37,0.12,0.49,5.13,6.8,6.8
2026-09-18T00:41:43+00:00,2026-09-17,daily,5,2026-09-18T17:30:00Z,287,Millar,HUL,MID,50,0,0,0.0,0,822,3178,7034,u,Has joined Birmingham on loan for the rest of the season,2026-09-02T15:36:41.038103Z,0,0,,,,1.5,0,6,50,0,1,0,0,0,0,4,2,1,1,0.58,0.00,0.58,0.87,0.0,0.0
2026-09-18T00:41:43+00:00,2026-09-17,daily,5,2026-09-18T17:30:00Z,288,Dowell,HUL,MID,45,0,0,0.3,1289,3412,11493,18521,a,,,,,,,,0.0,0,0,0,0,0,0,0,0,0,0,0,0,0,0.00,0.00,0.00,0.00,0.0,0.0
2026-09-18T00:41:43+00:00,2026-09-17,daily,5,2026-09-18T17:30:00Z,289,Crooks,HUL,MID,45,0,0,0.5,3374,4430,18657,34353,a,,2026-08-29T15:00:08.569326Z,100,100,,,,0.8,1,3,158,2,0,0,1,2,0,19,9,6,4,0.00,0.00,0.00,2.38,0.8,0.8
2026-09-18T00:41:43+00:00,2026-09-17,daily,5,2026-09-18T17:30:00Z,290,Slater,HUL,MID,45,0,0,5.5,49792,46438,470039,223865,a,,,,,,,1,3.2,2,13,360,4,0,1,3,2,0,30,8,9,13,0.08,0.56,0.64,5.96,3.2,3.2
2026-09-18T00:41:43+00:00,2026-09-17,daily,5,2026-09-18T17:30:00Z,291,Matazo,HUL,MID,45,0,0,0.0,53,60,337,408,i,Knee injury - Unknown return date,2026-07-23T12:01:23.532635Z,0,0,,,,0.0,0,0,0,0,0,0,0,0,0,0,0,0,0,0.00,0.00,0.00,0.00,0.0,0.0
2026-09-18T00:41:43+00:00,2026-09-17,daily,5,2026-09-18T17:30:00Z,292,Ömür,HUL,MID,49,0,-1,0.0,250,267,1080,1436,a,,,,,,,,0.0,0,0,0,0,0,0,0,0,0,0,0,0,0,0.00,0.00,0.00,0.00,0.0,0.0
2026-09-18T00:41:43+00:00,2026-09-17,daily,5,2026-09-18T17:30:00Z,293,Kamara,HUL,MID,50,0,0,0.0,0,19,0,359,u,Has joined Portsmouth permanently,2026-08-12T14:08:23.542043Z,0,0,,,,0.0,0,0,0,0,0,0,0,0,0,0,0,0,0,0.00,0.00,0.00,0.00,0.0,0.0
2026-09-18T00:41:43+00:00,2026-09-17,daily,5,2026-09-18T17:30:00Z,294,Zambrano,HUL,MID,45,0,0,0.1,1092,932,3607,6110,a,,2026-08-04T18:30:11.016909Z,100,100,,,,0.0,0,0,0,0,0,0,0,0,0,0,0,0,0,0.00,0.00,0.00,0.00,0.0,0.0
2026-09-18T00:41:43+00:00,2026-09-17,daily,5,2026-09-18T17:30:00Z,295,McBurnie,HUL,FWD,55,0,0,2.0,26824,20605,172312,127277,a,,,,,1,,,3.0,4,12,351,4,0,2,3,2,0,15,6,3,6,0.87,0.11,0.98,5.77,3.0,3.0
2026-09-18T00:41:43+00:00,2026-09-17,daily,5,2026-09-18T17:30:00Z,296,Akintola,HUL,MID,50,0,0,0.0,0,1033,2704,4433,u,Has joined Omonoia FC permanently,2026-09-11T14:42:38.120231Z,0,0,,,,0.0,0,0,0,0,0,0,0,0,0,0,0,0,0,0.00,0.00,0.00,0.00,0.0,0.0
2026-09-18T00:41:43+00:00,2026-09-17,daily,5,2026-09-18T17:30:00Z,297,Gyabi,HUL,MID,45,0,0,0.0,47,170,375,1421,i,Thigh injury - Unknown return date,2026-08-04T18:30:11.027155Z,0,0,,,,0.0,0,0,0,0,0,0,0,0,0,0,0,0,0,0.00,0.00,0.00,0.00,0.0,0.0
2026-09-18T00:41:43+00:00,2026-09-17,daily,5,2026-09-18T17:30:00Z,298,Destan,HUL,FWD,45,0,0,0.2,0,2213,0,20405,u,Has joined Konyaspor permanently,2026-08-17T13:50:27.145733Z,0,0,,,,0.0,0,0,0,0,0,0,0,0,0,0,0,0,0,0.00,0.00,0.00,0.00,0.0,0.0
2026-09-18T00:41:43+00:00,2026-09-17,daily,5,2026-09-18T17:30:00Z,299,Burstow,HUL,FWD,45,0,0,0.0,0,296,0,2781,u,Has joined Sheffield Wednesday on loan for the rest of the season,2026-08-03T14:05:20.234842Z,0,0,,,,0.0,0,0,0,0,0,0,0,0,0,0,0,0,0,0.00,0.00,0.00,0.00,0.0,0.0
2026-09-18T00:41:43+00:00,2026-09-17,daily,5,2026-09-18T17:30:00Z,340,Gelhardt,HUL,MID,50,0,0,0.0,233,189,562,863,a,,2026-08-17T21:30:07.799839Z,100,100,,,,0.0,0,0,0,0,0,0,0,0,0,0,0,0,0,0.00,0.00,0.00,0.00,0.0,0.0
2026-09-18T00:41:43+00:00,2026-09-17,daily,5,2026-09-18T17:30:00Z,556,Targett,HUL,DEF,40,0,0,1.8,3612,13399,24662,71198,d,Ankle injury - 75% chance of playing,2026-09-17T14:00:26.419938Z,,75,,,,0.2,0,1,5,0,0,0,0,0,0,0,0,0,1,0.00,0.00,0.00,0.07,0.2,0.2
2026-09-18T00:41:43+00:00,2026-09-17,daily,5,2026-09-18T17:30:00Z,563,Morita,HUL,MID,50,0,0,0.0,20,369,700,1524,i,Calf injury - Expected back 11 Oct,2026-09-09T14:00:08.474217Z,0,0,,,,0.2,0,1,45,1,0,0,0,0,0,3,2,0,1,0.00,0.00,0.00,1.09,0.0,0.0
2026-09-18T00:41:43+00:00,2026-09-17,daily,5,2026-09-18T17:30:00Z,572,Tzolakis,HUL,GKP,46,0,1,11.2,125625,43386,834235,184422,a,,,,,,,,7.0,2,28,360,4,0,0,3,2,14,0,2,0,58,0.00,0.00,0.00,5.96,7.0,7.0
2026-09-18T00:41:43+00:00,2026-09-17,daily,5,2026-09-18T17:30:00Z,574,Hjertø-Dahl,HUL,MID,49,0,-1,0.1,252,626,1324,3920,a,,,,,,,,0.2,0,1,8,0,0,0,0,0,0,1,0,0,1,0.00,0.00,0.00,0.00,0.2,0.2
2026-09-18T00:41:43+00:00,2026-09-17,daily,5,2026-09-18T17:30:00Z,576,Stroud,HUL,MID,50,0,0,0.1,535,678,3356,3992,a,,,,,,,,1.8,1,7,249,4,0,0,2,1,0,20,3,5,12,0.06,0.05,0.11,4.32,1.8,1.8
2026-09-18T00:41:43+00:00,2026-09-17,daily,5,2026-09-18T17:30:00Z,585,Herrington,HUL,DEF,40,0,0,0.6,2801,2804,11142,16097,a,,,,,,,,1.0,1,4,107,0,0,0,0,1,0,8,7,1,1,0.00,0.01,0.01,1.92,1.0,1.0
2026-09-18T00:41:43+00:00,2026-09-17,daily,5,2026-09-18T17:30:00Z,586,Mendy,HUL,DEF,41,0,1,6.9,13000,119965,675870,278651,i,Concussion - Expected back 11 Oct,2026-09-12T18:00:09.334142Z,100,0,,,,6.2,1,25,249,4,1,0,2,1,0,39,32,7,6,0.32,0.00,0.32,4.02,6.2,0.0
2026-09-18T00:41:43+00:00,2026-09-17,daily,5,2026-09-18T17:30:00Z,589,Gourna-Douath,HUL,MID,50,0,0,0.0,126,222,646,1165,a,,,,,,,,0.8,0,3,126,1,0,0,1,0,0,16,5,4,7,0.00,0.02,0.02,2.13,0.8,0.8
2026-09-18T00:41:43+00:00,2026-09-17,daily,5,2026-09-18T17:30:00Z,617,Cho,HUL,MID,50,0,0,0.0,325,188,1360,571,a,,,,,,,,1.0,1,3,45,0,0,0,0,1,0,2,1,0,1,0.52,0.16,0.68,0.82,1.0,1.0
2026-09-18T00:41:43+00:00,2026-09-17,daily,5,2026-09-18T17:30:00Z,632,Ansah,HUL,FWD,50,0,0,0.0,114,1099,5010,2861,i,Back injury - Unknown return date,2026-09-09T10:00:08.919489Z,0,0,,,,0.0,0,0,0,0,0,0,0,0,0,0,0,0,0,0.00,0.00,0.00,0.00,0.0,0.0
2026-09-18T00:41:43+00:00,2026-09-17,daily,5,2026-09-18T17:30:00Z,637,Vaz,HUL,FWD,50,0,0,0.1,4524,1323,9443,2426,a,,,,,,,,0.5,1,1,8,0,0,0,0,0,0,1,0,0,1,0.00,0.00,0.00,0.18,0.5,0.5
2026-09-18T00:41:43+00:00,2026-09-17,daily,5,2026-09-18T17:30:00Z,638,Norton-Cuffy,HUL,DEF,40,0,0,0.3,4317,3045,24919,7294,a,,,,,,,,0.5,0,1,34,0,0,0,0,0,0,1,1,0,4,0.05,0.00,0.05,0.30,0.5,0.5
2026-09-18T00:41:43+00:00,2026-09-17,daily,5,2026-09-18T17:30:00Z,642,Thomas,HUL,MID,55,0,0,0.0,1062,415,2391,750,a,,,,,,,,1.0,1,2,57,0,0,0,0,1,0,5,0,0,5,0.02,0.07,0.09,0.76,1.0,1.0
2026-09-18T00:41:43+00:00,2026-09-17,daily,5,2026-09-18T17:30:00Z,645,Mouzakitis,HUL,MID,50,0,0,0.0,182,92,662,206,a,,,,,,,,0.0,0,0,0,0,0,0,0,0,0,0,0,0,0,0.00,0.00,0.00,0.00,0.0,0.0
2026-09-18T00:41:43+00:00,2026-09-17,daily,5,2026-09-18T17:30:00Z,259,Diop,IPS,DEF,40,0,0,13.5,15333,81224,124696,420900,a,,,,,,,,2.0,1,8,360,4,0,0,0,10,0,35,31,4,17,0.00,0.15,0.15,6.74,2.0,2.0
2026-09-18T00:41:43+00:00,2026-09-17,daily,5,2026-09-18T17:30:00Z,267,Lukić,IPS,MID,50,0,0,0.1,303,966,3062,5534,a,,,,,,,1,2.2,1,9,328,4,0,1,0,9,0,31,15,6,10,0.02,0.16,0.18,5.61,2.2,2.2
2026-09-18T00:41:43+00:00,2026-09-17,daily,5,2026-09-18T17:30:00Z,300,Walton,IPS,GKP,44,0,-1,0.4,648,1629,1570,13436,a,,,,,,,,0.0,0,0,0,0,0,0,0,0,0,0,0,0,0,0.00,0.00,0.00,0.00,0.0,0.0
2026-09-18T00:41:43+00:00,2026-09-17,daily,5,2026-09-18T17:30:00Z,301,Palmer,IPS,GKP,40,0,0,4.0,7127,15419,68540,96518,a,,,,,,,,0.0,0,0,0,0,0,0,0,0,0,0,0,0,0,0.00,0.00,0.00,0.00,0.0,0.0
2026-09-18T00:41:43+00:00,2026-09-17,daily,5,2026-09-18T17:30:00Z,302,Button,IPS,GKP,40,0,0,0.6,2089,1766,29148,13278,a,,,,,,,,0.0,0,0,0,0,0,0,0,0,0,0,0,0,0,0.00,0.00,0.00,0.00,0.0,0.0
2026-09-18T00:41:43+00:00,2026-09-17,daily,5,2026-09-18T17:30:00Z,303,Kipré,IPS,DEF,39,-1,-1,1.0,34479,7416,36032,21917,a,,,,,,,,0.0,0,0,0,0,0,0,0,0,0,0,0,0,0,0.00,0.00,0.00,0.00,0.0,0.0
2026-09-18T00:41:43+00:00,2026-09-17,daily,5,2026-09-18T17:30:00Z,304,O'Shea,IPS,DEF,40,0,0,2.8,5188,15076,61185,106804,a,,,,,,,,2.0,1,8,360,4,0,0,0,10,0,39,32,7,13,0.07,0.26,0.33,6.74,2.0,2.0
2026-09-18T00:41:43+00:00,2026-09-17,daily,5,2026-09-18T17:30:00Z,305,Davis,IPS,DEF,40,0,0,6.5,157918,25570,273744,147343,a,,,,,,2,,5.8,14,23,360,4,2,2,0,10,0,19,17,2,8,1.17,0.44,1.61,6.74,5.8,5.8
2026-09-18T00:41:43+00:00,2026-09-17,daily,5,2026-09-18T17:30:00Z,306,Greaves,IPS,DEF,40,0,0,1.1,1097,4988,7407,32034,a,,,,,,,,0.8,1,3,357,4,0,0,0,10,0,30,25,5,12,0.00,0.06,0.06,6.74,0.8,0.8
2026-09-18T00:41:43+00:00,2026-09-17,daily,5,2026-09-18T17:30:00Z,307,Johnson,IPS,DEF,40,0,0,0.1,0,901,1137,5671,u,Has joined Stoke City on loan for the rest of the season,2026-09-04T12:36:56.236331Z,0,0,,,,0.0,0,0,0,0,0,0,0,0,0,0,0,0,0,0.00,0.00,0.00,0.00,0.0,0.0
2026-09-18T00:41:43+00:00,2026-09-17,daily,5,2026-09-18T17:30:00Z,308,Furlong,IPS,DEF,39,-1,-1,0.5,545,2357,1857,15037,a,,,,,,,,0.2,0,1,17,0,0,0,0,1,0,3,2,1,0,0.00,0.00,0.00,0.86,0.2,0.2
2026-09-18T00:41:43+00:00,2026-09-17,daily,5,2026-09-18T17:30:00Z,309,Núñez,IPS,MID,49,-1,-1,0.1,262,1369,2942,6609,a,,,,,,1,3,1.5,0,6,140,2,0,0,0,4,0,21,8,3,10,0.03,0.05,0.08,3.48,1.5,1.5
2026-09-18T00:41:43+00:00,2026-09-17,daily,5,2026-09-18T17:30:00Z,310,Matusiwa,IPS,MID,49,0,-1,0.0,43,30,103,255,a,,2026-07-29T18:00:10.305484Z,100,100,,,,0.0,0,0,0,0,0,0,0,0,0,0,0,0,0,0.00,0.00,0.00,0.00,0.0,0.0
2026-09-18T00:41:43+00:00,2026-09-17,daily,5,2026-09-18T17:30:00Z,311,Burns,IPS,MID,50,0,0,0.0,0,20,0,338,u,Has joined Leicester City permanently,2026-08-10T14:02:47.597478Z,0,0,,,,0.0,0,0,0,0,0,0,0,0,0,0,0,0,0,0.00,0.00,0.00,0.00,0.0,0.0
2026-09-18T00:41:43+00:00,2026-09-17,daily,5,2026-09-18T17:30:00Z,312,Taylor,IPS,MID,45,0,0,0.0,68,285,545,2317,i,Knee injury - Unknown return date,2026-07-29T18:00:10.319370Z,0,0,,,,0.0,0,0,0,0,0,0,0,0,0,0,0,0,0,0.00,0.00,0.00,0.00,0.0,0.0
2026-09-18T00:41:43+00:00,2026-09-17,daily,5,2026-09-18T17:30:00Z,313,Clarke,IPS,MID,54,0,-1,0.2,383,2133,5220,14024,a,,,,,1,3,4,2.2,1,9,105,1,1,0,0,1,0,6,1,2,3,0.30,0.04,0.34,0.29,2.2,2.2
2026-09-18T00:41:43+00:00,2026-09-17,daily,5,2026-09-18T17:30:00Z,314,Ogbene,IPS,MID,49,0,-1,0.0,0,123,104,1110,u,Has joined Lincoln City on loan until January,2026-09-02T16:04:17.497385Z,0,0,,,,0.0,0,0,0,0,0,0,0,0,0,0,0,0,0,0.00,0.00,0.00,0.00,0.0,0.0
2026-09-18T00:41:43+00:00,2026-09-17,daily,5,2026-09-18T17:30:00Z,315,Fatawu,IPS,MID,54,-1,-1,0.2,457,1994,5123,10171,a,,,,,,,2,2.2,1,9,286,4,0,1,0,9,0,24,6,9,9,0.03,0.83,0.86,6.11,2.2,2.2
2026-09-18T00:41:43+00:00,2026-09-17,daily,5,2026-09-18T17:30:00Z,316,Emersonn,IPS,FWD,55,0,0,3.0,121925,19925,245563,112332,a,,2026-08-31T09:30:08.306145Z,100,100,2,,,6.0,12,24,237,4,2,1,0,5,0,9,3,2,4,1.48,0.11,1.59,2.22,6.0,6.0
2026-09-18T00:41:43+00:00,2026-09-17,daily,5,2026-09-18T17:30:00Z,317,Hirst,IPS,FWD,50,0,0,0.1,0,956,0,16188,u,Has joined Stoke City permanently,2026-08-21T13:06:08.606019Z,0,0,,,,0.0,0,0,0,0,0,0,0,0,0,0,0,0,0,0.00,0.00,0.00,0.00,0.0,0.0
2026-09-18T00:41:43+00:00,2026-09-17,daily,5,2026-09-18T17:30:00Z,318,Philogene,IPS,MID,54,0,-1,0.1,74,288,259,9007,a,,2026-08-25T11:30:07.532993Z,100,100,3,,5,0.2,1,1,28,0,0,0,0,1,0,3,0,0,3,0.02,0.00,0.01,0.41,0.2,0.2
2026-09-18T00:41:43+00:00,2026-09-17,daily,5,2026-09-18T17:30:00Z,319,Szmodics,IPS,MID,50,0,0,0.0,0,45,0,732,u,Has joined Derby County on loan for the rest of the season,2026-08-17T13:51:41.713979Z,0,0,,,,0.0,0,0,0,0,0,0,0,0,0,0,0,0,0,0.00,0.00,0.00,0.00,0.0,0.0
2026-09-18T00:41:43+00:00,2026-09-17,daily,5,2026-09-18T17:30:00Z,320,Akpom,IPS,FWD,50,0,0,1.2,17136,16551,120886,59375,a,,,,,,,,1.5,0,6,69,0,1,0,0,4,0,3,0,1,2,0.97,0.00,0.97,4.04,1.5,1.5
2026-09-18T00:41:43+00:00,2026-09-17,daily,5,2026-09-18T17:30:00Z,321,Walle Egeli,IPS,FWD,45,0,0,3.7,47721,35725,298219,170826,a,,,,,,,,0.2,0,1,10,0,0,0,0,0,0,0,0,0,0,0.00,0.00,0.00,0.03,0.2,0.2
2026-09-18T00:41:43+00:00,2026-09-17,daily,5,2026-09-18T17:30:00Z,322,Al-Hamadi,IPS,FWD,50,0,0,0.1,0,737,755,9294,u,Has joined Sheffield Wednesday on loan for the rest of the season,2026-08-27T14:54:10.215357Z,0,0,,,,0.0,0,0,0,0,0,0,0,0,0,0,0,0,0,0.00,0.00,0.00,0.00,0.0,0.0
2026-09-18T00:41:43+00:00,2026-09-17,daily,5,2026-09-18T17:30:00Z,323,McAteer,IPS,MID,45,0,0,1.1,1896,10399,26257,52221,a,,,,,,,,0.8,0,3,42,0,0,0,0,0,0,5,0,1,4,0.05,0.00,0.05,0.21,0.8,0.8
2026-09-18T00:41:43+00:00,2026-09-17,daily,5,2026-09-18T17:30:00Z,324,Mehmeti,IPS,MID,49,0,-1,0.0,54,254,300,2243,a,,,,,,,,0.0,0,0,0,0,0,0,0,0,0,0,0,0,0,0.00,0.00,0.00,0.00,0.0,0.0
2026-09-18T00:41:43+00:00,2026-09-17,daily,5,2026-09-18T17:30:00Z,554,Van Oevelen,IPS,GKP,45,0,0,0.0,0,193,54,1830,u,Has joined Valencia on loan for the rest of the season,2026-08-25T14:04:09.529320Z,0,0,,,,0.0,0,0,0,0,0,0,0,0,0,0,0,0,0,0.00,0.00,0.00,0.00,0.0,0.0
2026-09-18T00:41:43+00:00,2026-09-17,daily,5,2026-09-18T17:30:00Z,562,Maeda,IPS,MID,54,0,-1,0.2,189,3044,2693,17443,a,,,,,,,,1.8,1,7,243,3,0,0,0,8,0,19,8,7,4,0.71,0.01,0.72,5.57,1.8,1.8
2026-09-18T00:41:43+00:00,2026-09-17,daily,5,2026-09-18T17:30:00Z,564,Scherpen,IPS,GKP,45,0,0,0.6,1916,2978,13580,19317,a,,,,,,,,1.8,1,7,360,4,0,0,0,10,15,0,8,0,39,0.00,0.01,0.01,6.74,1.8,1.8
2026-09-18T00:41:43+00:00,2026-09-17,daily,5,2026-09-18T17:30:00Z,571,Florentino,IPS,MID,49,0,-1,0.1,151,589,915,6380,a,,2026-08-25T11:30:07.678802Z,100,100,,,,0.2,1,1,13,0,0,0,0,0,0,2,1,1,0,0.00,0.01,0.01,0.27,0.2,0.2
2026-09-18T00:41:43+00:00,2026-09-17,daily,5,2026-09-18T17:30:00Z,591,Enciso,IPS,MID,55,0,0,0.8,6505,11038,88604,41859,a,,2026-08-22T18:00:07.551930Z,100,100,,,,3.2,2,13,340,4,0,2,0,10,0,26,5,2,19,0.92,0.84,1.76,6.71,3.2,3.2
2026-09-18T00:41:43+00:00,2026-09-17,daily,5,2026-09-18T17:30:00Z,592,Ouattara,IPS,DEF,40,0,0,0.9,2129,4093,12345,22751,a,,,,,,,,1.0,1,4,41,0,0,0,0,1,0,3,2,1,4,0.00,0.02,0.02,0.89,1.0,1.0
2026-09-18T00:41:43+00:00,2026-09-17,daily,5,2026-09-18T17:30:00Z,602,Humphreys,IPS,MID,45,0,0,0.0,0,422,2861,2927,u,Has joined Huddersfield Town on loan for the rest of the season,2026-09-02T16:04:17.524642Z,0,0,,,,0.0,0,0,0,0,0,0,0,0,0,0,0,0,0,0.00,0.00,0.00,0.00,0.0,0.0
2026-09-18T00:41:43+00:00,2026-09-17,daily,5,2026-09-18T17:30:00Z,619,Palacios,IPS,MID,50,0,0,0.1,3325,999,7057,2260,a,,,,,,,,3.0,4,9,195,2,0,0,0,6,0,38,10,8,20,0.00,0.07,0.07,3.23,3.0,3.0
2026-09-18T00:41:43+00:00,2026-09-17,daily,5,2026-09-18T17:30:00Z,640,Flemming,IPS,FWD,55,0,0,0.1,3201,921,7486,1843,a,,,,,,,,3.0,5,6,51,0,1,0,0,1,0,2,1,0,1,0.54,0.01,0.55,0.47,3.0,3.0
2026-09-18T00:41:43+00:00,2026-09-17,daily,5,2026-09-18T17:30:00Z,260,Wilson,LEE,MID,62,-1,-3,2.3,3005,46989,28519,385144,a,,,,,,2,2,1.2,1,5,145,1,0,0,1,1,0,11,3,4,4,0.01,0.09,0.10,3.28,1.2,1.2
2026-09-18T00:41:43+00:00,2026-09-17,daily,5,2026-09-18T17:30:00Z,326,Perri,LEE,GKP,45,0,0,0.3,0,2656,532,24397,u,Has joined Torino on loan for the rest of the season,2026-09-01T13:12:39.210133Z,0,0,,,,0.0,0,0,0,0,0,0,0,0,0,0,0,0,0,0.00,0.00,0.00,0.00,0.0,0.0
2026-09-18T00:41:43+00:00,2026-09-17,daily,5,2026-09-18T17:30:00Z,327,Bijol,LEE,DEF,50,0,0,0.8,2986,10178,67484,50728,a,,,,,,,,3.0,0,12,164,2,0,0,1,2,0,21,18,3,7,0.11,0.00,0.11,3.16,3.0,3.0
2026-09-18T00:41:43+00:00,2026-09-17,daily,5,2026-09-18T17:30:00Z,329,Rodon,LEE,DEF,44,0,-1,1.0,49,21515,26887,274560,i,Hamstring injury - Expected back 21 Nov,2026-08-30T16:00:08.564382Z,0,0,,,,1.8,0,7,123,2,0,0,1,0,0,11,10,1,2,0.03,0.06,0.09,1.01,0.0,0.0
2026-09-18T00:41:43+00:00,2026-09-17,daily,5,2026-09-18T17:30:00Z,330,Bogle,LEE,DEF,46,1,1,4.8,251223,17332,384193,49910,a,,,,,,,,9.2,15,37,299,4,2,0,3,1,0,15,10,5,9,1.31,0.08,1.39,2.23,9.2,9.2
2026-09-18T00:41:43+00:00,2026-09-17,daily,5,2026-09-18T17:30:00Z,331,Gudmundsson,LEE,DEF,45,0,0,0.1,1125,410,2983,2320,a,,2026-08-08T20:00:07.546568Z,100,100,,,,2.0,6,8,162,2,0,0,1,1,0,9,3,6,11,0.00,0.18,0.18,2.77,2.0,2.0
2026-09-18T00:41:43+00:00,2026-09-17,daily,5,2026-09-18T17:30:00Z,332,Justin,LEE,DEF,45,0,0,1.5,6268,9078,113186,62023,a,,,,,,,,4.5,2,18,360,4,0,0,1,3,0,35,22,13,12,0.17,0.30,0.47,5.40,4.5,4.5
2026-09-18T00:41:43+00:00,2026-09-17,daily,5,2026-09-18T17:30:00Z,333,Bornauw,LEE,DEF,45,0,0,0.0,0,16,0,288,u,Has joined Hamburg SV on loan for the rest of the season,2026-08-19T13:56:14.645970Z,0,0,,,,0.0,0,0,0,0,0,0,0,0,0,0,0,0,0,0.00,0.00,0.00,0.00,0.0,0.0
2026-09-18T00:41:43+00:00,2026-09-17,daily,5,2026-09-18T17:30:00Z,334,Muharemović,LEE,DEF,50,0,0,4.2,45152,19054,242348,141996,a,,,,,,,,5.2,7,21,360,4,0,1,1,3,0,50,46,4,11,0.09,0.04,0.13,5.40,5.2,5.2
2026-09-18T00:41:43+00:00,2026-09-17,daily,5,2026-09-18T17:30:00Z,335,Stach,LEE,MID,60,0,0,2.7,16349,24943,189590,137265,a,,,,,,1,1,5.5,3,22,357,4,1,0,2,2,0,48,21,11,16,0.92,0.23,1.15,5.11,5.5,5.5
2026-09-18T00:41:43+00:00,2026-09-17,daily,5,2026-09-18T17:30:00Z,336,Okafor,LEE,MID,58,-1,-2,0.4,12241,3707,18176,30432,a,,,,,,,,3.8,9,15,224,3,1,0,2,1,0,13,3,5,5,0.15,0.26,0.41,1.69,3.8,3.8
2026-09-18T00:41:43+00:00,2026-09-17,daily,5,2026-09-18T17:30:00Z,337,Aaronson,LEE,MID,54,0,-1,0.5,683,6145,6397,42084,a,,,,,,4,,1.5,1,6,172,2,0,0,1,3,0,11,1,2,8,0.01,0.02,0.03,3.38,1.5,1.5
2026-09-18T00:41:43+00:00,2026-09-17,daily,5,2026-09-18T17:30:00Z,338,Ampadu,LEE,MID,54,0,-1,1.0,4011,7544,14693,53272,a,,,,,,,,4.0,7,16,360,4,0,1,1,3,0,46,19,9,18,0.08,0.16,0.24,5.40,4.0,4.0
2026-09-18T00:41:43+00:00,2026-09-17,daily,5,2026-09-18T17:30:00Z,339,Longstaff,LEE,MID,49,0,-1,0.1,366,1093,2273,7134,a,,,,,,3,3,0.5,1,2,10,0,0,0,0,1,0,0,0,0,0,0.00,0.00,0.00,0.35,0.5,0.5
2026-09-18T00:41:43+00:00,2026-09-17,daily,5,2026-09-18T17:30:00Z,341,Gnonto,LEE,MID,50,0,0,0.0,0,147,244,1726,u,Has joined ACF Fiorentina on loan for the rest of the season,2026-09-02T16:04:47.189648Z,0,0,,,,0.0,0,0,0,0,0,0,0,0,0,0,0,0,0,0.00,0.00,0.00,0.00,0.0,0.0
2026-09-18T00:41:43+00:00,2026-09-17,daily,5,2026-09-18T17:30:00Z,342,Harrison,LEE,MID,50,0,0,0.0,0,10,0,74,u,Has joined New England Revolution permanently,2026-07-28T12:59:09.492431Z,0,0,,,,0.0,0,0,0,0,0,0,0,0,0,0,0,0,0,0.00,0.00,0.00,0.00,0.0,0.0
2026-09-18T00:41:43+00:00,2026-09-17,daily,5,2026-09-18T17:30:00Z,343,James,LEE,MID,49,-1,-1,0.1,575,1081,3823,7101,a,,,,,,,,0.5,1,2,29,0,0,0,0,1,0,4,0,0,4,0.35,0.01,0.36,1.21,0.5,0.5
2026-09-18T00:41:43+00:00,2026-09-17,daily,5,2026-09-18T17:30:00Z,344,Gruev,LEE,MID,50,0,0,0.0,11,32,66,290,d,Knee injury - 25% chance of playing,2026-08-14T23:00:06.272027Z,25,25,,,,0.0,0,0,0,0,0,0,0,0,0,0,0,0,0,0.00,0.00,0.00,0.00,0.0,0.0
2026-09-18T00:41:43+00:00,2026-09-17,daily,5,2026-09-18T17:30:00Z,345,Tanaka,LEE,MID,49,0,-1,0.3,7110,2499,17222,14401,a,,,,,,,4,3.0,6,12,188,2,0,2,1,1,0,24,9,7,8,0.59,0.05,0.64,2.58,3.0,3.0
2026-09-18T00:41:43+00:00,2026-09-17,daily,5,2026-09-18T17:30:00Z,346,Calvert-Lewin,LEE,FWD,60,0,0,24.2,302744,114845,685940,1124813,a,,,,,1,,,5.0,10,20,329,4,2,1,2,2,0,14,5,0,9,2.48,0.08,2.56,3.79,5.0,5.0
2026-09-18T00:41:43+00:00,2026-09-17,daily,5,2026-09-18T17:30:00Z,347,Nmecha,LEE,FWD,54,0,-1,0.5,4782,5672,18749,31432,a,,,,,2,,,1.5,1,6,50,0,0,1,0,1,0,2,0,0,2,0.27,0.15,0.42,2.53,1.5,1.5
2026-09-18T00:41:43+00:00,2026-09-17,daily,5,2026-09-18T17:30:00Z,348,Piroe,LEE,FWD,50,0,0,0.1,0,781,0,10593,u,Has joined West Ham United on loan for the rest of the season,2026-08-19T13:56:14.666726Z,0,0,3,,,0.0,0,0,0,0,0,0,0,0,0,0,0,0,0,0.00,0.00,0.00,0.00,0.0,0.0
2026-09-18T00:41:43+00:00,2026-09-17,daily,5,2026-09-18T17:30:00Z,349,Mateo Joseph,LEE,FWD,45,0,0,0.1,552,593,2599,3758,i,Knee injury - Unknown return date,2026-07-29T18:00:10.338170Z,0,0,,,,0.0,0,0,0,0,0,0,0,0,0,0,0,0,0,0.00,0.00,0.00,0.00,0.0,0.0
2026-09-18T00:41:43+00:00,2026-09-17,daily,5,2026-09-18T17:30:00Z,385,Trafford,LEE,GKP,50,0,0,5.5,23400,25621,233059,138668,a,,,,,,,,4.5,3,18,360,4,0,0,1,3,15,0,6,0,39,0.00,0.00,0.00,5.40,4.5,4.5
2026-09-18T00:41:43+00:00,2026-09-17,daily,5,2026-09-18T17:30:00Z,598,Elvedi,LEE,DEF,45,0,0,0.0,602,346,4459,2429,a,,,,,,,,1.8,2,7,236,2,0,0,0,3,0,25,23,2,7,0.05,0.57,0.62,4.39,1.8,1.8
2026-09-18T00:41:43+00:00,2026-09-17,daily,5,2026-09-18T17:30:00Z,603,Lienou,LEE,DEF,40,0,0,0.1,1003,809,6453,3302,a,,,,,,,,0.0,0,0,0,0,0,0,0,0,0,0,0,0,0,0.00,0.00,0.00,0.00,0.0,0.0
2026-09-18T00:41:43+00:00,2026-09-17,daily,5,2026-09-18T17:30:00Z,604,Cresswell,LEE,MID,45,0,0,0.1,1134,1580,13528,6675,a,,,,,,,,0.0,0,0,0,0,0,0,0,0,0,0,0,0,0,0.00,0.00,0.00,0.00,0.0,0.0
2026-09-18T00:41:43+00:00,2026-09-17,daily,5,2026-09-18T17:30:00Z,625,Cairns,LEE,GKP,40,0,0,0.2,2831,1182,18323,4879,a,,,,,,,,0.0,0,0,0,0,0,0,0,0,0,0,0,0,0,0.00,0.00,0.00,0.00,0.0,0.0
2026-09-18T00:41:43+00:00,2026-09-17,daily,5,2026-09-18T17:30:00Z,629,Zetterer,LEE,GKP,40,0,0,0.7,15531,4000,52015,10405,a,,,,,,,,0.0,0,0,0,0,0,0,0,0,0,0,0,0,0,0.00,0.00,0.00,0.00,0.0,0.0
2026-09-18T00:41:43+00:00,2026-09-17,daily,5,2026-09-18T17:30:00Z,641,Bard,LEE,DEF,45,0,0,0.0,301,119,800,252,a,,,,,,,,0.5,1,1,18,0,0,0,0,1,0,2,1,1,2,0.00,0.00,0.00,0.30,0.5,0.5
2026-09-18T00:41:43+00:00,2026-09-17,daily,5,2026-09-18T17:30:00Z,648,Bahoya,LEE,MID,50,0,0,0.0,315,330,2084,888,a,,,,,,,,0.0,0,0,0,0,0,0,0,0,0,0,0,0,0,0.00,0.00,0.00,0.00,0.0,0.0
2026-09-18T00:41:43+00:00,2026-09-17,daily,5,2026-09-18T17:30:00Z,350,A.Becker,LIV,GKP,55,0,0,3.9,16626,18263,129875,127305,a,,,,,,,,4.8,9,19,360,4,0,0,2,4,12,0,6,0,38,0.00,0.00,0.00,5.33,4.8,4.8
2026-09-18T00:41:43+00:00,2026-09-17,daily,5,2026-09-18T17:30:00Z,351,Mamardashvili,LIV,GKP,49,0,-1,0.1,375,1118,2548,7851,a,,,,,,,,0.0,0,0,0,0,0,0,0,0,0,0,0,0,0,0.00,0.00,0.00,0.00,0.0,0.0
2026-09-18T00:41:43+00:00,2026-09-17,daily,5,2026-09-18T17:30:00Z,352,Woodman,LIV,GKP,40,0,0,1.0,2091,3634,17090,24036,a,,,,,,,,0.0,0,0,0,0,0,0,0,0,0,0,0,0,0,0.00,0.00,0.00,0.00,0.0,0.0
2026-09-18T00:41:43+00:00,2026-09-17,daily,5,2026-09-18T17:30:00Z,353,Pecsi,LIV,GKP,40,0,0,0.0,0,90,0,1008,u,Has joined TSV Hartberg on loan for the rest of the season,2026-08-18T14:11:18.638344Z,0,0,,,,0.0,0,0,0,0,0,0,0,0,0,0,0,0,0,0.00,0.00,0.00,0.00,0.0,0.0
2026-09-18T00:41:43+00:00,2026-09-17,daily,5,2026-09-18T17:30:00Z,354,Jaros,LIV,GKP,40,0,0,0.0,178,108,1457,1033,i,Knee injury - Unknown return date,2026-07-29T18:00:10.351066Z,0,0,,,,0.0,0,0,0,0,0,0,0,0,0,0,0,0,0,0.00,0.00,0.00,0.00,0.0,0.0
2026-09-18T00:41:43+00:00,2026-09-17,daily,5,2026-09-18T17:30:00Z,355,Davies,LIV,GKP,40,0,0,0.2,703,651,4259,3631,a,,,,,,,,0.0,0,0,0,0,0,0,0,0,0,0,0,0,0,0.00,0.00,0.00,0.00,0.0,0.0
2026-09-18T00:41:43+00:00,2026-09-17,daily,5,2026-09-18T17:30:00Z,356,Virgil,LIV,DEF,65,0,0,16.5,29378,66665,251417,547300,a,,,,,,,,4.2,8,17,360,4,0,0,2,4,0,35,30,5,16,0.25,0.07,0.32,5.33,4.2,4.2
2026-09-18T00:41:43+00:00,2026-09-17,daily,5,2026-09-18T17:30:00Z,357,Frimpong,LIV,DEF,53,-1,-2,1.9,2519,32391,56862,222971,a,,,,,,,,0.5,1,2,178,2,0,0,0,4,0,12,8,4,7,0.01,0.23,0.24,3.91,0.5,0.5
2026-09-18T00:41:43+00:00,2026-09-17,daily,5,2026-09-18T17:30:00Z,358,Kerkez,LIV,DEF,54,0,-1,2.4,2229,32742,44211,166642,a,,,,,,,,1.8,1,7,295,3,0,0,1,4,0,23,16,7,8,0.02,0.07,0.09,4.86,1.8,1.8
2026-09-18T00:41:43+00:00,2026-09-17,daily,5,2026-09-18T17:30:00Z,359,Gomez,LIV,DEF,49,-1,-1,0.0,125,95,348,1040,a,,2026-07-26T08:30:10.078473Z,0,100,,,,0.0,0,0,0,0,0,0,0,0,0,0,0,0,0,0.00,0.00,0.00,0.00,0.0,0.0
2026-09-18T00:41:43+00:00,2026-09-17,daily,5,2026-09-18T17:30:00Z,360,Bradley,LIV,DEF,50,0,0,0.0,48,97,308,695,i,Knee injury - Unknown return date,2026-07-23T12:01:23.565711Z,0,0,,,,0.0,0,0,0,0,0,0,0,0,0,0,0,0,0,0.00,0.00,0.00,0.00,0.0,0.0
2026-09-18T00:41:43+00:00,2026-09-17,daily,5,2026-09-18T17:30:00Z,361,Lucky,LIV,DEF,40,0,0,0.1,620,947,3480,4989,a,,,,,,,,0.0,0,0,0,0,0,0,0,0,0,0,0,0,0,0.00,0.00,0.00,0.00,0.0,0.0
2026-09-18T00:41:43+00:00,2026-09-17,daily,5,2026-09-18T17:30:00Z,362,Jacquet,LIV,DEF,50,0,0,3.2,58154,14365,186282,105387,a,,2026-07-23T12:01:23.581126Z,100,100,,,,4.5,9,18,325,4,0,0,2,4,0,28,20,8,15,0.00,0.12,0.12,4.72,4.5,4.5
2026-09-18T00:41:43+00:00,2026-09-17,daily,5,2026-09-18T17:30:00Z,363,Leoni,LIV,DEF,40,0,0,0.0,104,278,779,1872,i,Knee injury - Unknown return date,2026-07-23T12:01:23.596909Z,0,0,,,,0.0,0,0,0,0,0,0,0,0,0,0,0,0,0,0.00,0.00,0.00,0.00,0.0,0.0
2026-09-18T00:41:43+00:00,2026-09-17,daily,5,2026-09-18T17:30:00Z,364,Tsimikas,LIV,DEF,49,0,-1,0.1,270,545,1458,3910,a,,,,,,,,0.5,1,2,64,1,0,0,0,0,0,3,2,1,3,0.04,0.02,0.06,0.47,0.5,0.5
2026-09-18T00:41:43+00:00,2026-09-17,daily,5,2026-09-18T17:30:00Z,365,Ramsay,LIV,DEF,40,0,0,0.1,0,932,638,11966,u,Has joined St Mirren on loan for the rest of the season,2026-08-26T14:05:26.748768Z,0,0,,,,0.0,0,0,0,0,0,0,0,0,0,0,0,0,0,0.00,0.00,0.00,0.00,0.0,0.0
2026-09-18T00:41:43+00:00,2026-09-17,daily,5,2026-09-18T17:30:00Z,366,Wirtz,LIV,MID,73,-1,-2,6.5,4396,129516,128927,673327,a,,,,,4,2,3,3.0,3,12,332,4,0,1,2,4,0,28,2,5,21,0.78,0.35,1.13,4.16,3.0,3.0
2026-09-18T00:41:43+00:00,2026-09-17,daily,5,2026-09-18T17:30:00Z,367,Gakpo,LIV,MID,72,0,2,12.5,123658,129492,1234394,600956,a,,2026-09-09T18:30:08.772955Z,75,100,3,,2,7.2,1,29,280,3,1,3,1,4,0,27,7,6,14,0.44,1.22,1.66,4.72,5.4,7.2
2026-09-18T00:41:43+00:00,2026-09-17,daily,5,2026-09-18T17:30:00Z,368,Szoboszlai,LIV,MID,70,0,0,35.3,67173,368515,867837,1339152,a,,,,,1,1,1,4.5,3,18,360,4,1,0,2,4,0,35,11,4,20,1.29,0.80,2.09,5.33,4.5,4.5
2026-09-18T00:41:43+00:00,2026-09-17,daily,5,2026-09-18T17:30:00Z,369,Ngumoha,LIV,MID,58,0,-2,0.5,1438,8453,13480,82152,a,,,,,,,,1.0,1,4,99,1,0,0,0,2,0,4,1,1,2,0.15,0.05,0.20,0.68,1.0,1.0
2026-09-18T00:41:43+00:00,2026-09-17,daily,5,2026-09-18T17:30:00Z,370,Chiesa,LIV,MID,54,0,-1,0.0,16,559,665,9735,i,Back injury - Unknown return date,2026-08-27T13:30:07.598926Z,0,0,,,,0.0,0,0,0,0,0,0,0,0,0,0,0,0,0,0.00,0.00,0.00,0.00,0.0,0.0
2026-09-18T00:41:43+00:00,2026-09-17,daily,5,2026-09-18T17:30:00Z,371,Gravenberch,LIV,MID,59,0,-1,1.2,3082,18234,34016,116659,a,,,,,,,,2.0,1,8,181,2,0,1,0,2,0,24,10,4,10,0.10,0.07,0.17,1.88,2.0,2.0
2026-09-18T00:41:43+00:00,2026-09-17,daily,5,2026-09-18T17:30:00Z,372,Mac Allister,LIV,MID,54,0,-1,1.3,8943,15485,39128,85864,a,,,,,5,,,1.5,1,6,216,2,0,0,1,2,0,28,7,9,12,0.10,0.44,0.54,4.06,1.5,1.5
2026-09-18T00:41:43+00:00,2026-09-17,daily,5,2026-09-18T17:30:00Z,373,C.Jones,LIV,MID,55,0,0,0.0,0,122,34,2552,u,Has joined Internazionale permanently,2026-08-16T18:30:07.426408Z,0,0,,,,0.0,0,0,0,0,0,0,0,0,0,0,0,0,0,0.00,0.00,0.00,0.00,0.0,0.0
2026-09-18T00:41:43+00:00,2026-09-17,daily,5,2026-09-18T17:30:00Z,374,Endo,LIV,MID,49,0,-1,0.1,312,710,2126,4240,a,,2026-07-23T12:01:23.612529Z,100,100,,,,0.0,0,0,0,0,0,0,0,0,0,0,0,0,0,0.00,0.00,0.00,0.00,0.0,0.0
2026-09-18T00:41:43+00:00,2026-09-17,daily,5,2026-09-18T17:30:00Z,375,Nyoni,LIV,MID,49,0,-1,0.0,148,446,1217,2653,a,,,,,,,,0.5,0,2,19,0,0,0,0,0,0,5,1,2,2,0.00,0.00,0.00,0.22,0.5,0.5
2026-09-18T00:41:43+00:00,2026-09-17,daily,5,2026-09-18T17:30:00Z,376,Bajcetic,LIV,MID,50,0,0,0.0,0,8,19,103,u,Has joined Celta Vigo permanently,2026-07-23T12:01:23.628373Z,0,0,,,,0.0,0,0,0,0,0,0,0,0,0,0,0,0,0,0.00,0.00,0.00,0.00,0.0,0.0
2026-09-18T00:41:43+00:00,2026-09-17,daily,5,2026-09-18T17:30:00Z,377,Munoz,LIV,MID,65,0,0,1.0,4561,23468,114922,83199,a,,,,,,,,3.5,1,14,239,3,1,1,1,2,0,13,4,2,7,0.52,0.25,0.77,4.49,3.5,3.5
2026-09-18T00:41:43+00:00,2026-09-17,daily,5,2026-09-18T17:30:00Z,378,McConnell,LIV,MID,44,-1,-1,0.2,2182,2061,5339,10898,a,,,,,,,,0.0,0,0,0,0,0,0,0,0,0,0,0,0,0,0.00,0.00,0.00,0.00,0.0,0.0
2026-09-18T00:41:43+00:00,2026-09-17,daily,5,2026-09-18T17:30:00Z,379,Isak,LIV,FWD,91,0,1,21.9,95803,183241,1083066,600278,a,,,,,2,,,6.2,2,25,333,4,3,0,2,4,0,6,2,1,3,2.79,0.06,2.85,5.16,6.2,6.2
2026-09-18T00:41:43+00:00,2026-09-17,daily,5,2026-09-18T17:30:00Z,380,Ekitiké,LIV,FWD,74,0,-1,0.1,336,1038,2215,10318,i,Achilles injury - Unknown return date,2026-07-23T12:01:23.643771Z,0,0,,,,0.0,0,0,0,0,0,0,0,0,0,0,0,0,0,0.00,0.00,0.00,0.00,0.0,0.0
2026-09-18T00:41:43+00:00,2026-09-17,daily,5,2026-09-18T17:30:00Z,381,Koumas,LIV,MID,50,0,0,0.0,165,244,637,1150,a,,,,,,,,0.5,0,2,13,0,0,0,0,0,0,1,0,0,1,0.03,0.00,0.03,0.58,0.5,0.5
2026-09-18T00:41:43+00:00,2026-09-17,daily,5,2026-09-18T17:30:00Z,382,Danns,LIV,FWD,45,0,0,0.2,7328,2572,17568,6510,a,,2026-07-23T12:01:23.659279Z,100,100,,,,0.0,0,0,0,0,0,0,0,0,0,0,0,0,0,0.00,0.00,0.00,0.00,0.0,0.0
2026-09-18T00:41:43+00:00,2026-09-17,daily,5,2026-09-18T17:30:00Z,383,Elliott,LIV,MID,54,0,-1,0.0,0,503,907,5847,u,Has joined Valencia on loan for the rest of the season,2026-09-02T16:05:49.104326Z,0,0,,,,0.0,0,0,0,0,0,0,0,0,0,0,0,0,0,0.00,0.00,0.00,0.00,0.0,0.0
2026-09-18T00:41:43+00:00,2026-09-17,daily,5,2026-09-18T17:30:00Z,579,Araujo,LIV,DEF,54,0,-1,2.9,31321,13443,126464,145644,a,,,,,,,,3.8,6,15,194,2,0,0,2,0,0,19,16,3,9,0.00,0.05,0.05,1.96,3.8,3.8
2026-09-18T00:41:43+00:00,2026-09-17,daily,5,2026-09-18T17:30:00Z,627,Barcola,LIV,MID,80,0,0,1.9,19843,35466,272435,100945,a,,,,,,,,2.0,3,4,97,1,0,0,1,0,0,5,0,3,2,0.21,0.10,0.31,0.77,2.0,2.0
2026-09-18T00:41:43+00:00,2026-09-17,daily,5,2026-09-18T17:30:00Z,155,Enzo,MCI,MID,69,0,-1,3.4,41836,25471,126952,299454,a,,,,,,,,1.5,2,6,181,2,0,0,2,0,0,16,5,3,8,0.31,0.27,0.58,1.78,1.5,1.5
2026-09-18T00:41:43+00:00,2026-09-17,daily,5,2026-09-18T17:30:00Z,237,Ndiaye,MCI,MID,59,0,-1,7.6,30488,140010,277869,1016873,a,,,,,,,,4.2,1,17,311,3,0,1,2,1,0,40,9,8,23,0.28,0.44,0.72,6.27,4.2,4.2
2026-09-18T00:41:43+00:00,2026-09-17,daily,5,2026-09-18T17:30:00Z,384,Donnarumma,MCI,GKP,55,0,0,7.8,39437,33719,176819,277212,a,,,,,,,,4.2,7,17,360,4,0,0,2,2,10,0,2,0,24,0.00,0.00,0.00,3.68,4.2,4.2
2026-09-18T00:41:43+00:00,2026-09-17,daily,5,2026-09-18T17:30:00Z,386,Bettinelli,MCI,GKP,45,0,0,0.0,67,159,502,1009,a,,,,,,,,0.0,0,0,0,0,0,0,0,0,0,0,0,0,0,0.00,0.00,0.00,0.00,0.0,0.0
2026-09-18T00:41:43+00:00,2026-09-17,daily,5,2026-09-18T17:30:00Z,387,O'Reilly,MCI,DEF,64,0,-1,12.0,9980,135913,184506,1081363,a,,2026-09-05T18:00:06.379802Z,100,100,,,,1.2,1,5,158,2,0,0,0,2,0,3,1,2,8,0.09,0.43,0.52,1.71,1.2,1.2
2026-09-18T00:41:43+00:00,2026-09-17,daily,5,2026-09-18T17:30:00Z,388,Guéhi,MCI,DEF,60,0,0,18.5,66108,57278,461979,396542,a,,,,,,,,6.5,6,26,360,4,1,0,2,2,0,25,22,3,17,0.89,0.38,1.27,3.68,6.5,6.5
2026-09-18T00:41:43+00:00,2026-09-17,daily,5,2026-09-18T17:30:00Z,389,Matheus N.,MCI,DEF,59,0,-1,1.0,5291,3261,11202,70180,a,,2026-08-27T11:30:08.171622Z,100,100,4,,,2.5,9,10,123,1,0,0,1,0,0,12,10,2,10,0.00,0.05,0.05,1.10,2.5,2.5
2026-09-18T00:41:43+00:00,2026-09-17,daily,5,2026-09-18T17:30:00Z,390,Rúben,MCI,DEF,55,0,0,1.9,16426,8581,57732,62635,a,,,,,,,,4.0,6,16,360,4,0,0,2,2,0,22,21,1,16,0.09,0.74,0.83,3.68,4.0,4.0
2026-09-18T00:41:43+00:00,2026-09-17,daily,5,2026-09-18T17:30:00Z,391,Gvardiol,MCI,DEF,57,1,2,24.7,417407,31008,1509899,350135,a,,,,,,,,8.2,11,33,344,4,1,2,2,2,0,24,13,11,15,0.22,0.11,0.33,3.68,8.2,8.2
2026-09-18T00:41:43+00:00,2026-09-17,daily,5,2026-09-18T17:30:00Z,392,Aït-Nouri,MCI,DEF,53,0,-2,0.4,1083,4937,7074,58116,a,,,,,,,,0.0,0,0,0,0,0,0,0,0,0,0,0,0,0,0.00,0.00,0.00,0.00,0.0,0.0
2026-09-18T00:41:43+00:00,2026-09-17,daily,5,2026-09-18T17:30:00Z,393,Khusanov,MCI,DEF,54,-1,-1,1.4,2786,15238,24779,68228,a,,,,,,,,2.2,0,9,268,3,0,0,1,2,0,17,9,8,13,0.00,0.06,0.06,2.68,2.2,2.2
2026-09-18T00:41:43+00:00,2026-09-17,daily,5,2026-09-18T17:30:00Z,394,Alleyne,MCI,DEF,50,0,0,0.0,0,28,0,587,u,Has joined Burnley on loan for the rest of the season,2026-08-18T14:11:56.324656Z,0,0,,,,0.0,0,0,0,0,0,0,0,0,0,0,0,0,0,0.00,0.00,0.00,0.00,0.0,0.0
2026-09-18T00:41:43+00:00,2026-09-17,daily,5,2026-09-18T17:30:00Z,395,Lewis,MCI,DEF,44,0,-1,0.2,952,2197,7761,14532,a,,,,,,,,0.2,0,1,56,1,0,0,0,1,0,2,2,0,0,0.17,0.02,0.19,0.55,0.2,0.2
2026-09-18T00:41:43+00:00,2026-09-17,daily,5,2026-09-18T17:30:00Z,396,Vitor Reis,MCI,DEF,45,0,0,0.0,132,216,456,1001,a,,,,,,,,0.2,0,1,1,0,0,0,0,0,0,0,0,0,0,0.00,0.00,0.00,0.00,0.2,0.2
2026-09-18T00:41:43+00:00,2026-09-17,daily,5,2026-09-18T17:30:00Z,397,Semenyo,MCI,MID,84,0,-1,15.1,26456,128711,179948,1094574,a,,,,,2,,,4.0,3,16,360,4,0,2,2,2,0,15,0,4,11,0.17,0.99,1.16,3.68,4.0,4.0
2026-09-18T00:41:43+00:00,2026-09-17,daily,5,2026-09-18T17:30:00Z,398,Foden,MCI,MID,69,-1,-1,2.5,2018,145533,303208,476620,s,Suspended until 17 Oct,2026-09-13T17:00:09.433455Z,,0,,2,2,2.2,-2,9,217,3,0,2,0,2,0,14,2,4,8,1.61,0.88,2.49,1.91,2.2,0.0
2026-09-18T00:41:43+00:00,2026-09-17,daily,5,2026-09-18T17:30:00Z,399,Cherki,MCI,MID,78,0,3,28.1,111843,222778,2496000,800485,a,,,,,,1,1,6.5,1,26,218,3,2,2,1,1,0,7,1,0,6,0.59,1.41,2.00,1.82,6.5,6.5
2026-09-18T00:41:43+00:00,2026-09-17,daily,5,2026-09-18T17:30:00Z,400,Doku,MCI,MID,74,0,-1,0.7,205,5819,1401,124934,i,Calf injury - Expected back 20 Sep,2026-08-18T17:00:08.385597Z,0,0,3,,,0.0,0,0,0,0,0,0,0,0,0,0,0,0,0,0.00,0.00,0.00,0.00,0.0,0.0
2026-09-18T00:41:43+00:00,2026-09-17,daily,5,2026-09-18T17:30:00Z,402,Rodrigo,MCI,MID,65,0,0,0.0,0,44,0,1196,u,Has joined Barcelona permanently,2026-07-23T12:01:23.675537Z,0,0,,,,0.0,0,0,0,0,0,0,0,0,0,0,0,0,0,0.00,0.00,0.00,0.00,0.0,0.0
2026-09-18T00:41:43+00:00,2026-09-17,daily,5,2026-09-18T17:30:00Z,404,Reijnders,MCI,MID,60,0,0,0.0,0,196,0,8057,u,Has joined Al Qadsiah permanently,2026-08-20T14:02:58.154273Z,0,0,,,,0.0,0,0,0,0,0,0,0,0,0,0,0,0,0,0.00,0.00,0.00,0.00,0.0,0.0
2026-09-18T00:41:43+00:00,2026-09-17,daily,5,2026-09-18T17:30:00Z,406,Kovačić,MCI,MID,54,0,-1,0.1,210,799,2111,5656,a,,,,,,,,0.5,0,2,42,0,0,0,0,0,0,2,0,0,2,0.00,0.02,0.02,0.10,0.5,0.5
2026-09-18T00:41:43+00:00,2026-09-17,daily,5,2026-09-18T17:30:00Z,407,Echeverri,MCI,MID,49,0,-1,0.0,0,115,250,1268,u,Has joined Benfica on loan for the rest of the season,2026-09-03T15:41:24.710479Z,0,0,,,,0.0,0,0,0,0,0,0,0,0,0,0,0,0,0,0.00,0.00,0.00,0.00,0.0,0.0
2026-09-18T00:41:43+00:00,2026-09-17,daily,5,2026-09-18T17:30:00Z,408,Phillips,MCI,MID,50,0,0,0.0,0,30,0,550,u,Has joined Sheffield United on loan for the rest of the season,2026-08-18T14:11:56.348781Z,0,0,,,,0.0,0,0,0,0,0,0,0,0,0,0,0,0,0,0.00,0.00,0.00,0.00,0.0,0.0
2026-09-18T00:41:43+00:00,2026-09-17,daily,5,2026-09-18T17:30:00Z,409,Mukasa,MCI,MID,45,0,0,0.1,0,1339,1621,11208,u,has joined West Ham on loan for the rest of the seaon.,2026-09-03T10:34:10.733520Z,0,0,,,,0.0,0,0,0,0,0,0,0,0,0,0,0,0,0,0.00,0.00,0.00,0.00,0.0,0.0
2026-09-18T00:41:43+00:00,2026-09-17,daily,5,2026-09-18T17:30:00Z,410,Monga,MCI,MID,49,0,-1,0.0,0,100,219,1198,u,Has joined Swansea City on loan for the rest of the season,2026-09-02T16:02:01.136760Z,0,0,,,,0.0,0,0,0,0,0,0,0,0,0,0,0,0,0,0.00,0.00,0.00,0.00,0.0,0.0
2026-09-18T00:41:43+00:00,2026-09-17,daily,5,2026-09-18T17:30:00Z,411,Haaland,MCI,FWD,156,1,1,72.9,140284,20162,788649,297399,a,,,,,1,,,8.2,9,33,360,4,4,0,2,2,0,18,8,0,10,3.33,0.51,3.84,3.68,8.2,8.2
2026-09-18T00:41:43+00:00,2026-09-17,daily,5,2026-09-18T17:30:00Z,481,Anderson,MCI,MID,63,0,-2,4.2,23452,29095,91197,408424,a,,2026-08-23T17:00:07.952697Z,100,100,,,3,3.2,5,13,323,4,0,0,2,2,0,45,14,11,20,0.09,0.65,0.74,3.58,3.2,3.2
2026-09-18T00:41:43+00:00,2026-09-17,daily,5,2026-09-18T17:30:00Z,587,Rulli,MCI,GKP,50,0,0,0.0,130,161,500,981,a,,,,,,,,0.0,0,0,0,0,0,0,0,0,0,0,0,0,0,0.00,0.00,0.00,0.00,0.0,0.0
2026-09-18T00:41:43+00:00,2026-09-17,daily,5,2026-09-18T17:30:00Z,616,Bouaddi,MCI,MID,55,0,0,0.2,2444,3320,19697,10889,a,,,,,,,,0.7,0,2,22,0,0,0,0,0,0,6,3,0,3,0.00,0.12,0.12,0.37,0.7,0.7
2026-09-18T00:41:43+00:00,2026-09-17,daily,5,2026-09-18T17:30:00Z,621,McAidoo,MCI,MID,45,0,0,0.1,797,1645,11061,5796,a,,,,,,,,0.7,0,2,11,0,0,0,0,0,0,4,0,2,2,0.10,0.00,0.10,0.02,0.7,0.7
2026-09-18T00:41:43+00:00,2026-09-17,daily,5,2026-09-18T17:30:00Z,622,Braithwaite,MCI,DEF,40,0,0,0.2,2000,2290,15904,7216,a,,,,,,,,0.3,0,1,1,0,0,0,0,0,0,0,0,0,1,0.00,0.00,0.00,0.00,0.3,0.3
2026-09-18T00:41:43+00:00,2026-09-17,daily,5,2026-09-18T17:30:00Z,628,Allan,MCI,MID,60,0,0,0.0,255,196,864,475,a,,,,,,,,0.0,0,0,0,0,0,0,0,0,0,0,0,0,0,0.00,0.00,0.00,0.00,0.0,0.0
2026-09-18T00:41:43+00:00,2026-09-17,daily,5,2026-09-18T17:30:00Z,653,Samba,MCI,MID,45,0,0,0.0,525,778,3423,1586,a,,,,,,,,0.0,0,0,0,0,0,0,0,0,0,0,0,0,0,0.00,0.00,0.00,0.00,0.0,0.0
2026-09-18T00:41:43+00:00,2026-09-17,daily,5,2026-09-18T17:30:00Z,43,Tielemans,MUN,MID,58,-1,-2,1.6,6850,19434,40127,144881,a,,2026-07-23T12:01:23.321726Z,100,100,3,,,2.5,2,10,312,4,0,0,0,7,0,30,9,4,17,0.56,0.32,0.88,4.54,2.5,2.5
2026-09-18T00:41:43+00:00,2026-09-17,daily,5,2026-09-18T17:30:00Z,131,Baleba,MUN,MID,49,-1,-1,0.1,517,1418,5320,13343,i,Ankle injury - Expected back 19 Sep,2026-08-06T16:00:10.997714Z,0,0,,,,0.0,0,0,0,0,0,0,0,0,0,0,0,0,0,0.00,0.00,0.00,0.00,0.0,0.0
2026-09-18T00:41:43+00:00,2026-09-17,daily,5,2026-09-18T17:30:00Z,162,Andrey Santos,MUN,MID,48,-1,-2,0.6,2406,9940,20735,66098,a,,,,,,,,1.0,0,4,82,1,0,0,0,4,0,18,7,4,7,0.00,0.24,0.24,2.03,1.0,1.0
2026-09-18T00:41:43+00:00,2026-09-17,daily,5,2026-09-18T17:30:00Z,325,Darlow,MUN,GKP,45,0,0,0.0,139,264,977,1328,a,,2026-07-23T12:01:23.549136Z,100,100,,,,0.0,0,0,0,0,0,0,0,0,0,0,0,0,0,0.00,0.00,0.00,0.00,0.0,0.0
2026-09-18T00:41:43+00:00,2026-09-17,daily,5,2026-09-18T17:30:00Z,412,Lammens,MUN,GKP,49,-1,-1,10.5,11564,90951,89857,609218,a,,,,,,,,1.8,2,7,360,4,0,0,0,7,10,0,5,0,33,0.00,0.00,0.00,5.18,1.8,1.8
2026-09-18T00:41:43+00:00,2026-09-17,daily,5,2026-09-18T17:30:00Z,413,Bayindir,MUN,GKP,45,0,0,0.0,0,87,0,1104,u,Has joined Celta Vigo on loan for the rest of the season,2026-08-10T14:02:28.608415Z,0,0,,,,0.0,0,0,0,0,0,0,0,0,0,0,0,0,0,0.00,0.00,0.00,0.00,0.0,0.0
2026-09-18T00:41:43+00:00,2026-09-17,daily,5,2026-09-18T17:30:00Z,414,Heaton,MUN,GKP,40,0,0,0.1,277,362,1822,3158,i,Hamstring injury - Unknown return date,2026-08-15T16:00:07.854151Z,0,0,,,,0.0,0,0,0,0,0,0,0,0,0,0,0,0,0,0.00,0.00,0.00,0.00,0.0,0.0
2026-09-18T00:41:43+00:00,2026-09-17,daily,5,2026-09-18T17:30:00Z,415,Dorgu,MUN,MID,58,0,-2,0.6,2461,6826,12562,91218,a,,,,,,,,1.5,4,6,165,2,0,0,0,6,0,18,6,8,4,0.65,0.08,0.73,3.38,1.5,1.5
2026-09-18T00:41:43+00:00,2026-09-17,daily,5,2026-09-18T17:30:00Z,416,De Ligt,MUN,DEF,50,0,0,0.0,66,173,366,1398,i,Back injury - Unknown return date,2026-07-23T12:01:23.690880Z,0,0,,,,0.0,0,0,0,0,0,0,0,0,0,0,0,0,0,0.00,0.00,0.00,0.00,0.0,0.0
2026-09-18T00:41:43+00:00,2026-09-17,daily,5,2026-09-18T17:30:00Z,417,Dalot,MUN,DEF,49,0,-1,1.7,3066,14523,24149,122842,a,,,,,,,,1.5,2,6,256,3,0,0,0,3,0,14,9,5,14,0.18,0.18,0.36,3.08,1.5,1.5
2026-09-18T00:41:43+00:00,2026-09-17,daily,5,2026-09-18T17:30:00Z,418,Maguire,MUN,DEF,49,0,-1,9.7,11600,102408,131620,875643,a,,,,,,,,2.0,1,8,360,4,0,1,0,7,0,26,24,2,17,0.19,0.43,0.62,5.18,2.0,2.0
2026-09-18T00:41:43+00:00,2026-09-17,daily,5,2026-09-18T17:30:00Z,419,Martinez,MUN,DEF,50,0,0,1.3,9121,7438,31531,58598,a,,2026-07-24T20:00:10.337107Z,100,100,,,,1.5,2,6,270,3,0,0,0,5,0,16,13,3,13,0.06,0.14,0.20,4.17,1.5,1.5
2026-09-18T00:41:43+00:00,2026-09-17,daily,5,2026-09-18T17:30:00Z,420,Yoro,MUN,DEF,49,0,-1,0.5,553,4008,4718,32911,a,,,,,,,,0.5,0,2,22,0,0,0,0,2,0,5,3,2,1,0.00,0.02,0.02,1.09,0.5,0.5
2026-09-18T00:41:43+00:00,2026-09-17,daily,5,2026-09-18T17:30:00Z,421,Heaven,MUN,DEF,44,0,-1,0.3,519,2834,5676,21784,a,,,,,,,,0.2,0,1,90,1,0,0,0,2,0,2,1,1,4,0.12,0.04,0.16,1.01,0.2,0.2
2026-09-18T00:41:43+00:00,2026-09-17,daily,5,2026-09-18T17:30:00Z,422,Mazraoui,MUN,DEF,44,0,-1,0.5,2175,6343,13375,36514,a,,,,,,,,0.8,0,3,97,1,0,0,0,4,0,6,4,2,3,0.22,0.06,0.28,2.08,0.8,0.8
2026-09-18T00:41:43+00:00,2026-09-17,daily,5,2026-09-18T17:30:00Z,423,Shaw,MUN,DEF,44,0,-1,9.5,1998,231529,97255,1100548,d,Unspecified injury - 75% chance of playing,2026-09-11T13:00:09.030120Z,75,75,,,3,1.8,0,7,252,3,0,1,0,4,0,20,14,6,6,0.02,0.51,0.53,3.01,1.4,1.4
2026-09-18T00:41:43+00:00,2026-09-17,daily,5,2026-09-18T17:30:00Z,424,Amass,MUN,DEF,40,0,0,0.2,1140,1370,5650,7687,a,,,,,,,,0.0,0,0,0,0,0,0,0,0,0,0,0,0,0,0.00,0.00,0.00,0.00,0.0,0.0
2026-09-18T00:41:43+00:00,2026-09-17,daily,5,2026-09-18T17:30:00Z,425,Fredricson,MUN,DEF,40,0,0,0.0,0,97,0,1258,u,Has joined Lausanne-Sport permanently,2026-08-18T14:12:31.904433Z,0,0,,,,0.0,0,0,0,0,0,0,0,0,0,0,0,0,0,0.00,0.00,0.00,0.00,0.0,0.0
2026-09-18T00:41:43+00:00,2026-09-17,daily,5,2026-09-18T17:30:00Z,426,B.Fernandes,MUN,MID,120,0,0,40.9,54061,236294,597433,1538785,a,,,,,1,1,1,7.2,2,29,360,4,3,1,0,7,0,23,3,4,16,2.28,1.13,3.41,5.18,7.2,7.2
2026-09-18T00:41:43+00:00,2026-09-17,daily,5,2026-09-18T17:30:00Z,427,Mbeumo,MUN,MID,79,0,-1,22.2,70856,200626,402359,1785121,a,,,,,2,2,2,5.8,2,23,360,4,2,1,0,7,0,22,5,4,13,2.80,0.55,3.35,5.18,5.8,5.8
2026-09-18T00:41:43+00:00,2026-09-17,daily,5,2026-09-18T17:30:00Z,428,Cunha,MUN,MID,79,0,-1,5.9,9378,63913,71567,464893,a,,,,,,,,4.0,2,16,317,4,0,2,1,4,0,10,0,3,7,0.58,0.44,1.02,3.82,4.0,4.0
2026-09-18T00:41:43+00:00,2026-09-17,daily,5,2026-09-18T17:30:00Z,429,Rashford,MUN,MID,70,0,0,1.6,15039,17392,77678,105568,a,,,,,,3,,2.0,2,8,275,3,0,0,1,2,0,16,2,4,10,0.38,0.29,0.67,2.88,2.0,2.0
2026-09-18T00:41:43+00:00,2026-09-17,daily,5,2026-09-18T17:30:00Z,430,Mount,MUN,MID,54,0,-1,0.0,296,235,663,1738,a,,2026-08-15T16:00:07.879135Z,100,100,,4,,0.0,0,0,0,0,0,0,0,0,0,0,0,0,0,0.00,0.00,0.00,0.00,0.0,0.0
2026-09-18T00:41:43+00:00,2026-09-17,daily,5,2026-09-18T17:30:00Z,431,Amad,MUN,MID,57,-1,-3,0.3,63,4349,2030,120191,i,Unspecified injury - Unknown return date,2026-08-22T11:00:08.617283Z,0,0,,,4,0.0,0,0,0,0,0,0,0,0,0,0,0,0,0,0.00,0.00,0.00,0.00,0.0,0.0
2026-09-18T00:41:43+00:00,2026-09-17,daily,5,2026-09-18T17:30:00Z,432,Mainoo,MUN,MID,55,0,0,1.6,28040,10378,81139,49390,a,,,,,,,,4.5,4,18,275,3,0,1,0,3,0,44,9,5,30,0.24,0.42,0.66,3.15,4.5,4.5
2026-09-18T00:41:43+00:00,2026-09-17,daily,5,2026-09-18T17:30:00Z,433,Ugarte,MUN,MID,50,0,0,0.0,14,34,95,238,i,Knee injury - Unknown return date,2026-07-23T12:01:23.706702Z,0,0,,,,0.0,0,0,0,0,0,0,0,0,0,0,0,0,0,0.00,0.00,0.00,0.00,0.0,0.0
2026-09-18T00:41:43+00:00,2026-09-17,daily,5,2026-09-18T17:30:00Z,434,J.Fletcher,MUN,MID,49,0,-1,0.0,47,101,273,624,a,,,,,,,,0.0,0,0,0,0,0,0,0,0,0,0,0,0,0,0.00,0.00,0.00,0.00,0.0,0.0
2026-09-18T00:41:43+00:00,2026-09-17,daily,5,2026-09-18T17:30:00Z,435,Lacey,MUN,MID,49,0,-1,0.1,333,468,1155,2870,a,,,,,,,,0.2,0,1,10,0,0,0,0,0,0,1,0,0,1,0.00,0.00,0.00,0.00,0.2,0.2
2026-09-18T00:41:43+00:00,2026-09-17,daily,5,2026-09-18T17:30:00Z,436,Collyer,MUN,MID,50,0,0,0.0,0,118,150,990,u,Has joined West Brom permanently,2026-09-01T13:16:48.584385Z,0,0,,,,0.0,0,0,0,0,0,0,0,0,0,0,0,0,0,0.00,0.00,0.00,0.00,0.0,0.0
2026-09-18T00:41:43+00:00,2026-09-17,daily,5,2026-09-18T17:30:00Z,437,Bendito Mantato,MUN,MID,45,0,0,0.2,537,1415,4577,8493,a,,,,,,,,0.0,0,0,0,0,0,0,0,0,0,0,0,0,0,0.00,0.00,0.00,0.00,0.0,0.0
2026-09-18T00:41:43+00:00,2026-09-17,daily,5,2026-09-18T17:30:00Z,438,Fletcher,MUN,MID,44,-1,-1,0.3,2169,2527,6701,14009,a,,,,,,,,0.0,0,0,0,0,0,0,0,0,0,0,0,0,0,0.00,0.00,0.00,0.00,0.0,0.0
2026-09-18T00:41:43+00:00,2026-09-17,daily,5,2026-09-18T17:30:00Z,439,Šeško,MUN,FWD,70,0,0,1.8,18962,18198,91442,104542,a,,2026-07-23T12:01:23.722029Z,100,100,,,,2.0,1,8,76,0,1,0,0,3,0,5,0,0,5,0.39,0.01,0.40,2.00,2.0,2.0
2026-09-18T00:41:43+00:00,2026-09-17,daily,5,2026-09-18T17:30:00Z,440,Zirkzee,MUN,FWD,54,0,-1,0.4,2177,4734,13451,39234,a,,,,,,,,0.2,1,1,7,0,0,0,0,0,0,3,1,0,2,0.00,0.01,0.01,0.02,0.2,0.2
2026-09-18T00:41:43+00:00,2026-09-17,daily,5,2026-09-18T17:30:00Z,441,Obi,MUN,FWD,45,0,0,1.1,5061,16995,45543,58675,u,Has joined Willem II on loan for the rest of the season,2026-09-14T16:12:42.090874Z,,0,,,,0.0,0,0,0,0,0,0,0,0,0,0,0,0,0,0.00,0.00,0.00,0.00,0.0,0.0
2026-09-18T00:41:43+00:00,2026-09-17,daily,5,2026-09-18T17:30:00Z,405,N.Gonzalez,NEW,MID,55,0,0,0.2,1095,4845,17452,13179,i,Concussion - Expected back 12 Oct,2026-09-14T21:30:07.343728Z,,0,,,,1.2,1,5,164,3,0,0,1,2,0,12,3,0,9,0.00,0.21,0.21,2.34,1.2,0.0
2026-09-18T00:41:43+00:00,2026-09-17,daily,5,2026-09-18T17:30:00Z,442,Pope,NEW,GKP,49,0,-1,1.0,1433,5801,12095,49289,a,,,,,,,,0.0,0,0,0,0,0,0,0,0,0,0,0,0,0,0.00,0.00,0.00,0.00,0.0,0.0
2026-09-18T00:41:43+00:00,2026-09-17,daily,5,2026-09-18T17:30:00Z,443,Gillespie,NEW,GKP,45,0,0,0.0,148,177,690,1081,a,,,,,,,,0.0,0,0,0,0,0,0,0,0,0,0,0,0,0,0.00,0.00,0.00,0.00,0.0,0.0
2026-09-18T00:41:43+00:00,2026-09-17,daily,5,2026-09-18T17:30:00Z,444,Jaouen,NEW,GKP,45,0,0,0.0,21,209,424,1359,d,Ankle injury - 50% chance of playing,2026-09-10T16:00:09.127466Z,50,50,,,,0.0,0,0,0,0,0,0,0,0,0,0,0,0,0,0.00,0.00,0.00,0.00,0.0,0.0
2026-09-18T00:41:43+00:00,2026-09-17,daily,5,2026-09-18T17:30:00Z,445,Thiaw,NEW,DEF,50,0,0,2.2,19299,19153,159631,107316,a,,,,,,,,2.5,2,10,360,4,0,0,1,8,0,32,32,0,7,0.00,0.07,0.07,7.55,2.5,2.5
2026-09-18T00:41:43+00:00,2026-09-17,daily,5,2026-09-18T17:30:00Z,446,Schär,NEW,DEF,49,-1,-1,0.2,923,1960,6313,12394,a,,2026-08-15T16:30:07.209742Z,100,100,,2,,0.2,0,1,1,0,0,0,0,1,0,0,0,0,0,0.00,0.00,0.00,0.79,0.2,0.2
2026-09-18T00:41:43+00:00,2026-09-17,daily,5,2026-09-18T17:30:00Z,447,Botman,NEW,DEF,50,0,0,0.7,5265,5145,39574,24032,a,,,,,,,,2.8,2,11,360,4,0,0,1,8,0,41,37,4,13,0.01,0.17,0.18,7.55,2.8,2.8
2026-09-18T00:41:43+00:00,2026-09-17,daily,5,2026-09-18T17:30:00Z,448,Burn,NEW,DEF,49,0,-1,0.8,153,9324,7188,152159,i,Ankle injury - Expected back 19 Sep,2026-08-23T18:00:08.367241Z,0,0,,,,0.0,0,0,0,0,0,0,0,0,0,0,0,0,0,0.00,0.00,0.00,0.00,0.0,0.0
2026-09-18T00:41:43+00:00,2026-09-17,daily,5,2026-09-18T17:30:00Z,449,Hall,NEW,DEF,52,0,2,14.5,153179,89686,1346288,304814,a,,,,,,1,1,4.5,0,18,359,4,0,1,1,8,0,36,24,12,31,0.06,0.68,0.74,7.53,4.5,4.5
2026-09-18T00:41:43+00:00,2026-09-17,daily,5,2026-09-18T17:30:00Z,450,Livramento,NEW,DEF,49,0,-1,0.1,2879,918,6578,4047,a,,2026-07-23T12:01:23.753221Z,100,100,,,,1.0,3,4,33,0,0,1,0,1,0,3,1,2,4,0.00,0.01,0.01,0.18,1.0,1.0
2026-09-18T00:41:43+00:00,2026-09-17,daily,5,2026-09-18T17:30:00Z,451,A.Murphy,NEW,DEF,40,0,0,0.1,0,528,0,6587,u,Has joined FC Kaiserslautern on loan for the rest of the season,2026-08-12T14:05:29.224600Z,0,0,,,,0.0,0,0,0,0,0,0,0,0,0,0,0,0,0,0.00,0.00,0.00,0.00,0.0,0.0
2026-09-18T00:41:43+00:00,2026-09-17,daily,5,2026-09-18T17:30:00Z,453,Barnes,NEW,MID,60,0,0,3.6,127227,29761,377936,120691,a,,,,,,,3,4.8,2,19,360,4,1,1,1,8,0,24,10,3,11,0.51,0.37,0.88,7.55,4.8,4.8
2026-09-18T00:41:43+00:00,2026-09-17,daily,5,2026-09-18T17:30:00Z,454,Elanga,NEW,MID,62,0,2,7.7,53495,418000,1285679,719685,i,Unspecified injury - Unknown return date,2026-09-14T20:00:09.505598Z,,0,,,2,4.5,0,18,232,3,2,0,1,3,0,9,2,4,3,0.42,0.34,0.76,4.01,4.5,0.0
2026-09-18T00:41:43+00:00,2026-09-17,daily,5,2026-09-18T17:30:00Z,456,J.Ramsey,NEW,MID,49,0,-1,0.3,1780,6756,16537,22964,i,Thigh injury - Unknown return date,2026-09-15T09:00:08.191022Z,,0,,,,1.8,0,7,69,0,1,0,0,1,0,11,3,2,6,0.17,0.16,0.33,1.92,1.8,0.0
2026-09-18T00:41:43+00:00,2026-09-17,daily,5,2026-09-18T17:30:00Z,457,J.Murphy,NEW,MID,59,0,-1,0.1,1337,1407,4231,9726,a,,,,,,,4,0.5,0,2,91,1,0,0,0,4,0,10,1,2,7,0.00,0.34,0.34,3.37,0.5,0.5
2026-09-18T00:41:43+00:00,2026-09-17,daily,5,2026-09-18T17:30:00Z,458,Joelinton,NEW,MID,54,0,-1,0.0,38,151,205,2133,i,Unspecified injury - Unknown return date,2026-08-16T08:00:08.074045Z,0,0,,,,0.0,0,0,0,0,0,0,0,0,0,0,0,0,0,0.00,0.00,0.00,0.00,0.0,0.0
2026-09-18T00:41:43+00:00,2026-09-17,daily,5,2026-09-18T17:30:00Z,459,L.Miley,NEW,MID,55,0,0,0.1,812,1030,5459,4719,a,,2026-07-23T12:01:23.785456Z,100,100,,,5,2.0,0,8,306,4,0,0,1,7,0,36,13,2,21,0.05,0.10,0.15,6.36,2.0,2.0
2026-09-18T00:41:43+00:00,2026-09-17,daily,5,2026-09-18T17:30:00Z,460,Willock,NEW,MID,50,0,0,0.5,4962,6382,52483,25947,a,,,,,,,,3.0,1,12,198,2,1,0,1,4,0,12,3,4,5,0.64,0.26,0.90,3.73,3.0,3.0
2026-09-18T00:41:43+00:00,2026-09-17,daily,5,2026-09-18T17:30:00Z,461,Touré,NEW,MID,58,0,-2,0.1,1234,1229,2780,15324,a,,,,,,,,1.8,6,7,34,0,1,0,0,1,0,2,0,0,2,0.28,0.01,0.29,0.16,1.8,1.8
2026-09-18T00:41:43+00:00,2026-09-17,daily,5,2026-09-18T17:30:00Z,462,Steur,NEW,MID,49,0,-1,0.1,295,784,2031,5585,a,,,,,,,,1.2,2,5,158,1,0,0,0,5,0,14,7,2,5,0.00,0.03,0.03,3.71,1.2,1.2
2026-09-18T00:41:43+00:00,2026-09-17,daily,5,2026-09-18T17:30:00Z,463,Woltemade,NEW,FWD,59,0,-1,0.5,0,9574,14520,136474,u,Has joined Juventus on loan for the rest of the season,2026-09-02T16:07:16.549304Z,0,0,,,,1.0,0,4,19,0,0,1,0,0,0,0,0,0,0,0.02,0.01,0.03,0.38,0.0,0.0
2026-09-18T00:41:43+00:00,2026-09-17,daily,5,2026-09-18T17:30:00Z,464,Wissa,NEW,FWD,62,0,2,18.5,200670,161344,2057272,533930,a,,,,,2,,,3.8,2,15,351,4,1,1,1,7,0,22,4,6,12,1.51,0.05,1.56,6.38,3.8,3.8
2026-09-18T00:41:43+00:00,2026-09-17,daily,5,2026-09-18T17:30:00Z,465,Osula,NEW,FWD,59,0,-1,0.3,160,5095,21295,82737,i,Foot injury - Unknown return date,2026-08-25T19:00:08.004915Z,0,0,1,4,,1.0,0,4,55,1,0,1,0,1,0,5,2,1,2,0.06,0.14,0.20,1.48,0.0,0.0
2026-09-18T00:41:43+00:00,2026-09-17,daily,5,2026-09-18T17:30:00Z,466,Neave,NEW,FWD,45,0,0,0.6,0,7249,23805,46627,u,Has joined Wolves on loan for the rest of the season,2026-09-04T12:37:43.515176Z,0,0,,,,0.0,0,0,0,0,0,0,0,0,0,0,0,0,0,0.00,0.00,0.00,0.00,0.0,0.0
2026-09-18T00:41:43+00:00,2026-09-17,daily,5,2026-09-18T17:30:00Z,559,Bamba,NEW,MID,49,0,-1,0.1,298,875,2361,6801,a,,,,,,,,0.5,1,2,24,0,0,0,0,1,0,4,1,2,1,0.00,0.00,0.00,1.15,0.5,0.5
2026-09-18T00:41:43+00:00,2026-09-17,daily,5,2026-09-18T17:30:00Z,567,Horníček,NEW,GKP,50,0,0,1.5,16650,11479,138531,63461,a,,,,,,,,2.8,1,11,360,4,0,0,1,8,16,0,8,0,19,0.00,0.00,0.00,7.55,2.8,2.8
2026-09-18T00:41:43+00:00,2026-09-17,daily,5,2026-09-18T17:30:00Z,593,Dedić,NEW,DEF,45,0,0,2.6,10998,51013,447524,217443,i,Unspecified injury - Unknown return date,2026-09-17T14:30:09.823731Z,75,0,,3,,3.2,0,13,327,4,0,1,1,7,0,24,16,8,15,0.14,0.08,0.22,7.38,2.4,0.0
2026-09-18T00:41:43+00:00,2026-09-17,daily,5,2026-09-18T17:30:00Z,609,Shahar,NEW,DEF,40,0,0,0.2,0,4868,18236,13245,u,has joined Arouca on loan for the rest of the seaon.,2026-09-11T14:41:57.406766Z,0,0,,,,0.0,0,0,0,0,0,0,0,0,0,0,0,0,0,0.00,0.00,0.00,0.00,0.0,0.0
2026-09-18T00:41:43+00:00,2026-09-17,daily,5,2026-09-18T17:30:00Z,634,Fernandez-Pardo,NEW,FWD,60,0,0,0.1,2475,1809,13976,4344,a,,,,,,,,1.0,1,2,84,1,0,0,0,3,0,3,0,1,2,0.00,0.01,0.01,1.95,1.0,1.0
2026-09-18T00:41:43+00:00,2026-09-17,daily,5,2026-09-18T17:30:00Z,659,Miley,NEW,MID,45,0,0,0.0,2313,409,2313,409,a,,,,,,,,0.0,0,0,0,0,0,0,0,0,0,0,0,0,0,0.00,0.00,0.00,0.00,1.1,1.1
2026-09-18T00:41:43+00:00,2026-09-17,daily,5,2026-09-18T17:30:00Z,167,Delap,NFO,FWD,55,0,0,2.0,117304,14357,182087,46324,a,,,,,3,,,2.0,5,8,187,2,1,0,1,2,0,9,3,1,5,0.76,0.14,0.90,1.95,2.0,2.0
2026-09-18T00:41:43+00:00,2026-09-17,daily,5,2026-09-18T17:30:00Z,201,Muñoz,NFO,DEF,54,0,-1,5.8,51802,39378,101929,441218,a,,,,,,,,0.8,2,3,175,2,0,0,0,3,0,12,6,6,5,0.48,0.19,0.67,1.92,0.8,0.8
2026-09-18T00:41:43+00:00,2026-09-17,daily,5,2026-09-18T17:30:00Z,467,Sels,NFO,GKP,50,0,0,1.7,26021,9003,52888,51874,a,,,,,,,,3.0,3,12,360,4,0,0,1,4,9,0,6,0,37,0.00,0.01,0.01,4.10,3.0,3.0
2026-09-18T00:41:43+00:00,2026-09-17,daily,5,2026-09-18T17:30:00Z,468,John,NFO,GKP,45,0,0,0.1,155,276,765,1804,a,,,,,,,,0.0,0,0,0,0,0,0,0,0,0,0,0,0,0,0.00,0.00,0.00,0.00,0.0,0.0
2026-09-18T00:41:43+00:00,2026-09-17,daily,5,2026-09-18T17:30:00Z,469,N.Williams,NFO,DEF,50,0,0,9.0,88809,36518,248363,291844,a,,,,,,3,2,4.2,2,17,360,4,0,1,1,4,0,27,14,13,20,0.32,0.40,0.72,4.10,4.2,4.2
2026-09-18T00:41:43+00:00,2026-09-17,daily,5,2026-09-18T17:30:00Z,470,Morato,NFO,DEF,50,0,0,0.0,0,350,424,3505,u,Has joined West Ham on loan for the rest of the season,2026-09-02T16:19:54.503286Z,0,0,,,,0.0,0,0,0,0,0,0,0,0,0,0,0,0,0,0.00,0.00,0.00,0.00,0.0,0.0
2026-09-18T00:41:43+00:00,2026-09-17,daily,5,2026-09-18T17:30:00Z,471,Milenković,NFO,DEF,55,0,0,1.2,229,36178,17905,80871,i,Hamstring injury - Expected back 11 Oct,2026-09-12T14:00:09.705107Z,,0,,,,3.0,0,12,270,3,0,0,1,3,0,31,26,5,12,0.11,0.03,0.14,3.28,3.0,0.0
2026-09-18T00:41:43+00:00,2026-09-17,daily,5,2026-09-18T17:30:00Z,472,Murillo,NFO,DEF,55,0,0,2.1,40085,7898,74052,49746,a,,2026-07-23T12:01:23.801183Z,100,100,,2,,4.8,6,19,359,4,0,1,1,4,0,42,34,8,16,0.35,0.29,0.64,4.10,4.8,4.8
2026-09-18T00:41:43+00:00,2026-09-17,daily,5,2026-09-18T17:30:00Z,473,Aina,NFO,DEF,45,0,0,2.6,13921,18523,60616,143693,a,,,,,,,,2.0,2,8,306,4,0,0,1,3,0,22,12,10,14,0.04,0.53,0.57,3.72,2.0,2.0
2026-09-18T00:41:43+00:00,2026-09-17,daily,5,2026-09-18T17:30:00Z,474,Jair Cunha,NFO,DEF,45,0,0,0.2,164,3705,9445,11471,d,Hamstring injury - 75% chance of playing,2026-09-12T14:00:09.724349Z,,75,,,,2.5,0,10,270,3,0,0,1,3,0,28,23,5,5,0.03,0.01,0.04,3.28,2.5,1.9
2026-09-18T00:41:43+00:00,2026-09-17,daily,5,2026-09-18T17:30:00Z,475,Savona,NFO,DEF,45,0,0,0.0,13,24,216,243,i,Knee injury - Unknown return date,2026-07-23T12:01:23.816304Z,0,0,,,,0.0,0,0,0,0,0,0,0,0,0,0,0,0,0,0.00,0.00,0.00,0.00,0.0,0.0
2026-09-18T00:41:43+00:00,2026-09-17,daily,5,2026-09-18T17:30:00Z,476,O.Richards,NFO,DEF,40,0,0,0.2,824,1259,3502,7139,a,,,,,,,,0.0,0,0,0,0,0,0,0,0,0,0,0,0,0,0.00,0.00,0.00,0.00,0.0,0.0
2026-09-18T00:41:43+00:00,2026-09-17,daily,5,2026-09-18T17:30:00Z,477,Abbott,NFO,DEF,40,0,0,0.2,0,1775,2459,12585,u,Has joined Southampton on loan for the rest of the season,2026-09-02T16:19:54.536676Z,0,0,,,,0.0,0,0,0,0,0,0,0,0,0,0,0,0,0,0.00,0.00,0.00,0.00,0.0,0.0
2026-09-18T00:41:43+00:00,2026-09-17,daily,5,2026-09-18T17:30:00Z,478,Netz,NFO,DEF,44,-1,-1,0.0,181,283,565,1411,a,,,,,,,,0.5,0,2,20,0,0,0,0,1,0,1,0,1,1,0.00,0.00,0.00,0.13,0.5,0.5
2026-09-18T00:41:43+00:00,2026-09-17,daily,5,2026-09-18T17:30:00Z,479,Bindon,NFO,DEF,40,0,0,0.1,0,1056,799,7789,u,Has joined Charlton Athletic on loan for the rest of the season,2026-09-01T13:16:05.383880Z,0,0,,,,0.0,0,0,0,0,0,0,0,0,0,0,0,0,0,0.00,0.00,0.00,0.00,0.0,0.0
2026-09-18T00:41:43+00:00,2026-09-17,daily,5,2026-09-18T17:30:00Z,480,Gibbs-White,NFO,MID,80,1,0,14.2,454938,28194,854016,572198,a,,2026-08-24T15:30:08.350159Z,100,100,1,1,,6.5,8,26,360,4,1,2,1,4,0,19,2,5,12,1.56,1.02,2.58,4.10,6.5,6.5
2026-09-18T00:41:43+00:00,2026-09-17,daily,5,2026-09-18T17:30:00Z,482,Hudson-Odoi,NFO,MID,58,-1,-2,0.2,1409,2022,4518,15790,a,,2026-07-23T12:01:23.832709Z,100,100,,4,,0.2,0,1,1,0,0,0,0,0,0,0,0,0,0,0.00,0.00,0.00,0.00,0.2,0.2
2026-09-18T00:41:43+00:00,2026-09-17,daily,5,2026-09-18T17:30:00Z,483,Ndoye,NFO,MID,55,0,0,0.7,16729,8648,61780,38221,a,,,,,,,,3.5,1,14,258,4,1,0,1,2,0,19,2,2,15,1.05,0.88,1.93,3.21,3.5,3.5
2026-09-18T00:41:43+00:00,2026-09-17,daily,5,2026-09-18T17:30:00Z,484,Hutchinson,NFO,MID,54,0,-1,0.1,0,866,427,10401,u,Has joined AC Milan on loan for the rest of the season,2026-09-01T13:23:52.340206Z,0,0,,,,0.0,0,0,0,0,0,0,0,0,0,0,0,0,0,0.00,0.00,0.00,0.00,0.0,0.0
2026-09-18T00:41:43+00:00,2026-09-17,daily,5,2026-09-18T17:30:00Z,485,Bakwa,NFO,MID,55,0,0,0.0,0,53,107,1135,u,Has joined Lille on loan for the rest of the season,2026-08-27T14:53:03.381941Z,0,0,,,,0.0,0,0,0,0,0,0,0,0,0,0,0,0,0,0.00,0.00,0.00,0.00,0.0,0.0
2026-09-18T00:41:43+00:00,2026-09-17,daily,5,2026-09-18T17:30:00Z,486,McAtee,NFO,MID,55,0,0,0.1,2529,1217,8552,4630,a,,,,,,,1,2.5,3,10,334,4,0,0,2,3,0,35,8,8,19,0.16,0.92,1.08,3.88,2.5,2.5
2026-09-18T00:41:43+00:00,2026-09-17,daily,5,2026-09-18T17:30:00Z,487,Dominguez,NFO,MID,49,0,-1,0.1,207,569,1091,3658,a,,,,,,,,0.2,0,1,1,0,0,0,0,0,0,0,0,0,0,0.00,0.00,0.00,0.00,0.2,0.2
2026-09-18T00:41:43+00:00,2026-09-17,daily,5,2026-09-18T17:30:00Z,488,I.Sangaré,NFO,MID,49,0,-1,0.5,1209,4149,8541,62723,a,,2026-08-28T09:30:07.471668Z,100,100,,,,0.8,1,3,98,1,0,0,0,1,0,8,4,1,3,0.09,0.02,0.11,0.56,0.8,0.8
2026-09-18T00:41:43+00:00,2026-09-17,daily,5,2026-09-18T17:30:00Z,489,Yates,NFO,MID,45,0,0,1.2,2538,12193,29245,83452,a,,2026-08-17T20:30:08.195072Z,100,100,,,,0.0,0,0,0,0,0,0,0,0,0,0,0,0,0,0.00,0.00,0.00,0.00,0.0,0.0
2026-09-18T00:41:43+00:00,2026-09-17,daily,5,2026-09-18T17:30:00Z,490,Wood,NFO,FWD,58,-1,-2,0.9,4058,11957,20971,106210,a,,,,,2,,,0.8,1,3,45,0,0,0,0,1,0,1,0,0,1,0.12,0.01,0.13,0.49,0.8,0.8
2026-09-18T00:41:43+00:00,2026-09-17,daily,5,2026-09-18T17:30:00Z,491,Igor Jesus,NFO,FWD,58,-1,-2,2.7,46030,22896,94489,237389,a,,,,,4,,,2.8,7,11,226,2,1,0,0,3,0,12,5,2,5,1.09,0.07,1.16,2.57,2.8,2.8
2026-09-18T00:41:43+00:00,2026-09-17,daily,5,2026-09-18T17:30:00Z,493,Kalimuendo,NFO,FWD,54,0,-1,0.1,412,655,2739,3530,a,,,,,,,,0.2,0,1,1,0,0,0,0,0,0,0,0,0,0,0.00,0.00,0.00,0.00,0.2,0.2
2026-09-18T00:41:43+00:00,2026-09-17,daily,5,2026-09-18T17:30:00Z,558,Schlager,NFO,MID,50,0,0,0.1,2211,945,4828,4673,a,,,,,,,3,2.8,3,11,286,3,0,0,1,4,0,42,9,15,18,0.14,0.08,0.22,3.76,2.8,2.8
2026-09-18T00:41:43+00:00,2026-09-17,daily,5,2026-09-18T17:30:00Z,581,Diomande,NFO,DEF,54,0,-1,0.5,2965,2681,11077,38755,a,,,,,,,,1.2,4,5,91,1,0,0,0,1,0,14,13,1,3,0.11,0.00,0.11,0.82,1.2,1.2
2026-09-18T00:41:43+00:00,2026-09-17,daily,5,2026-09-18T17:30:00Z,590,Benda,NFO,GKP,45,0,0,0.1,339,438,2457,2476,a,,,,,,,,0.0,0,0,0,0,0,0,0,0,0,0,0,0,0,0.00,0.00,0.00,0.00,0.0,0.0
2026-09-18T00:41:43+00:00,2026-09-17,daily,5,2026-09-18T17:30:00Z,112,Van Hecke,TOT,DEF,49,0,-1,6.7,29861,31260,125227,432703,a,,,,,,,,4.5,8,18,360,4,0,0,2,5,0,34,27,7,13,0.34,0.12,0.46,6.62,4.5,4.5
2026-09-18T00:41:43+00:00,2026-09-17,daily,5,2026-09-18T17:30:00Z,147,Tosin,TOT,DEF,44,0,-1,0.2,329,765,1784,7080,a,,,,,,,,0.2,1,1,5,0,0,0,0,0,0,4,2,2,1,0.00,0.00,0.00,0.03,0.2,0.2
2026-09-18T00:41:43+00:00,2026-09-17,daily,5,2026-09-18T17:30:00Z,401,Marmoush,TOT,FWD,70,0,0,2.2,20615,36153,207874,131945,a,,,,,2,5,,1.5,2,6,249,3,0,0,2,2,0,9,0,1,8,0.36,0.11,0.47,2.68,1.5,1.5
2026-09-18T00:41:43+00:00,2026-09-17,daily,5,2026-09-18T17:30:00Z,403,Sávio,TOT,MID,65,0,0,0.7,8512,9744,92620,69222,a,,2026-08-29T16:30:08.380416Z,100,100,,,4,1.5,3,6,150,2,0,0,2,0,0,6,1,0,5,0.12,0.53,0.65,1.60,1.5,1.5
2026-09-18T00:41:43+00:00,2026-09-17,daily,5,2026-09-18T17:30:00Z,455,Tonali,TOT,MID,54,0,-1,2.1,3135,46109,44184,239806,d,Knock - 75% chance of playing,2026-09-14T14:30:07.387706Z,,75,,,,3.0,3,12,344,4,0,0,2,5,0,31,10,5,16,0.18,0.40,0.58,6.62,3.0,2.2
2026-09-18T00:41:43+00:00,2026-09-17,daily,5,2026-09-18T17:30:00Z,494,Vicario,TOT,GKP,45,0,0,0.1,0,1434,0,21128,u,Has joined Juventus on loan for the rest of the season,2026-08-19T13:55:33.193962Z,0,0,,,,0.0,0,0,0,0,0,0,0,0,0,0,0,0,0,0.00,0.00,0.00,0.00,0.0,0.0
2026-09-18T00:41:43+00:00,2026-09-17,daily,5,2026-09-18T17:30:00Z,495,Austin,TOT,GKP,40,0,0,1.0,4893,3651,26405,18756,a,,,,,,,,0.0,0,0,0,0,0,0,0,0,0,0,0,0,0,0.00,0.00,0.00,0.00,0.0,0.0
2026-09-18T00:41:43+00:00,2026-09-17,daily,5,2026-09-18T17:30:00Z,496,Kinsky,TOT,GKP,45,0,0,18.3,69720,68440,303164,653642,a,,,,,,,,4.0,7,16,360,4,0,0,2,5,9,0,10,0,29,0.00,0.00,0.00,6.62,4.0,4.0
2026-09-18T00:41:43+00:00,2026-09-17,daily,5,2026-09-18T17:30:00Z,497,Dubravka,TOT,GKP,40,0,0,17.6,43779,63874,354585,371685,a,,,,,,,,0.0,0,0,0,0,0,0,0,0,0,0,0,0,0,0.00,0.00,0.00,0.00,0.0,0.0
2026-09-18T00:41:43+00:00,2026-09-17,daily,5,2026-09-18T17:30:00Z,498,Senesi,TOT,DEF,58,-1,-2,3.9,2065,55862,27700,419627,a,,,,,,,,0.8,0,3,90,1,0,0,0,3,0,16,11,5,2,0.00,0.02,0.02,3.87,0.8,0.8
2026-09-18T00:41:43+00:00,2026-09-17,daily,5,2026-09-18T17:30:00Z,499,Pedro Porro,TOT,DEF,54,-1,-1,8.6,1580,203523,119021,878406,d,Unspecified injury - 75% chance of playing,2026-09-11T18:00:09.076279Z,75,75,,1,3,2.0,0,8,180,2,0,0,1,2,0,8,6,2,5,0.36,0.16,0.52,1.64,1.5,1.5
2026-09-18T00:41:43+00:00,2026-09-17,daily,5,2026-09-18T17:30:00Z,500,Romero,TOT,DEF,50,0,0,0.1,0,538,0,16442,u,Has joined Atletico Madrid permanently,2026-08-17T13:49:05.465401Z,0,0,,,,0.0,0,0,0,0,0,0,0,0,0,0,0,0,0,0.00,0.00,0.00,0.00,0.0,0.0
2026-09-18T00:41:43+00:00,2026-09-17,daily,5,2026-09-18T17:30:00Z,502,Robertson,TOT,DEF,44,0,-1,2.6,15044,15842,56567,163811,a,,,,,,,1,3.2,7,13,276,3,0,0,1,4,0,17,14,3,8,0.13,0.17,0.30,5.89,3.2,3.2
2026-09-18T00:41:43+00:00,2026-09-17,daily,5,2026-09-18T17:30:00Z,503,Van de Ven,TOT,DEF,50,0,0,3.9,23712,15888,82516,242360,a,,2026-08-21T15:00:07.610517Z,100,100,,,,3.8,6,15,270,3,0,0,2,2,0,23,19,4,12,0.57,0.04,0.61,2.75,3.8,3.8
2026-09-18T00:41:43+00:00,2026-09-17,daily,5,2026-09-18T17:30:00Z,505,Spence,TOT,DEF,45,0,0,0.2,0,2231,0,67664,u,Has joined Internazionale permanently,2026-08-18T14:13:08.454214Z,0,0,,,,0.0,0,0,0,0,0,0,0,0,0,0,0,0,0,0.00,0.00,0.00,0.00,0.0,0.0
2026-09-18T00:41:43+00:00,2026-09-17,daily,5,2026-09-18T17:30:00Z,506,Udogie,TOT,DEF,44,-1,-1,0.3,593,4309,4883,20180,a,,2026-09-11T18:00:09.092110Z,75,100,,,,1.8,0,7,86,1,0,0,1,1,0,4,3,1,4,0.00,0.23,0.23,1.17,1.4,1.8
2026-09-18T00:41:43+00:00,2026-09-17,daily,5,2026-09-18T17:30:00Z,507,Phillips,TOT,DEF,45,0,0,0.0,0,85,0,1194,u,Has joined Middlesbrough permanently,2026-08-18T14:13:08.474144Z,0,0,,,,0.0,0,0,0,0,0,0,0,0,0,0,0,0,0,0.00,0.00,0.00,0.00,0.0,0.0
2026-09-18T00:41:43+00:00,2026-09-17,daily,5,2026-09-18T17:30:00Z,508,Davies,TOT,DEF,40,0,0,0.8,1628,5843,11380,35548,a,,,,,,,,0.0,0,0,0,0,0,0,0,0,0,0,0,0,0,0.00,0.00,0.00,0.00,0.0,0.0
2026-09-18T00:41:43+00:00,2026-09-17,daily,5,2026-09-18T17:30:00Z,509,Byfield,TOT,DEF,40,0,0,0.1,449,451,2108,2222,a,,,,,,,,0.0,0,0,0,0,0,0,0,0,0,0,0,0,0,0.00,0.00,0.00,0.00,0.0,0.0
2026-09-18T00:41:43+00:00,2026-09-17,daily,5,2026-09-18T17:30:00Z,510,Rowswell,TOT,DEF,40,0,0,0.1,510,575,2567,2953,a,,,,,,,,0.0,0,0,0,0,0,0,0,0,0,0,0,0,0,0.00,0.00,0.00,0.00,0.0,0.0
2026-09-18T00:41:43+00:00,2026-09-17,daily,5,2026-09-18T17:30:00Z,511,Souza,TOT,DEF,40,0,0,0.2,0,1892,2555,15487,u,Has joined FC Porto on loan for the rest of the season,2026-09-01T13:24:26.858636Z,0,0,,,,0.0,0,0,0,0,0,0,0,0,0,0,0,0,0,0.00,0.00,0.00,0.00,0.0,0.0
2026-09-18T00:41:43+00:00,2026-09-17,daily,5,2026-09-18T17:30:00Z,512,Kudus,TOT,MID,65,0,0,0.1,1856,2221,9922,9353,a,,2026-07-23T12:01:23.848657Z,100,100,3,3,6,0.8,1,3,78,0,0,0,0,1,0,7,0,1,6,0.04,0.22,0.26,1.11,0.8,0.8
2026-09-18T00:41:43+00:00,2026-09-17,daily,5,2026-09-18T17:30:00Z,513,Xavi,TOT,MID,59,0,-1,0.0,45,108,286,1027,i,Knee injury - Unknown return date,2026-07-23T12:01:23.864304Z,0,0,4,2,,0.0,0,0,0,0,0,0,0,0,0,0,0,0,0,0.00,0.00,0.00,0.00,0.0,0.0
2026-09-18T00:41:43+00:00,2026-09-17,daily,5,2026-09-18T17:30:00Z,514,Tel,TOT,MID,58,0,-2,0.2,632,4303,8667,42903,a,,,,,,4,5,2.0,1,8,257,3,0,0,1,4,0,13,1,1,11,0.21,0.23,0.44,5.55,2.0,2.0
2026-09-18T00:41:43+00:00,2026-09-17,daily,5,2026-09-18T17:30:00Z,515,Maddison,TOT,MID,63,0,-2,0.4,1232,3470,4540,93057,a,,2026-08-25T14:30:07.623508Z,100,100,,,,0.5,1,2,35,0,0,0,0,0,0,5,3,0,2,0.00,0.02,0.02,0.88,0.5,0.5
2026-09-18T00:41:43+00:00,2026-09-17,daily,5,2026-09-18T17:30:00Z,516,Bentancur,TOT,MID,55,0,0,0.2,1413,1211,4071,7259,a,,,,,,,,2.8,3,11,287,3,0,0,2,3,0,43,19,9,15,0.02,0.08,0.10,4.49,2.8,2.8
2026-09-18T00:41:43+00:00,2026-09-17,daily,5,2026-09-18T17:30:00Z,517,Odobert,TOT,MID,55,0,0,0.0,19,15,98,90,i,Knee injury - Unknown return date,2026-07-23T12:01:23.879434Z,0,0,,,,0.0,0,0,0,0,0,0,0,0,0,0,0,0,0,0.00,0.00,0.00,0.00,0.0,0.0
2026-09-18T00:41:43+00:00,2026-09-17,daily,5,2026-09-18T17:30:00Z,518,P.M.Sarr,TOT,MID,49,0,-1,0.1,0,1715,4138,22634,u,Has joined Juventus on loan for the rest of the season,2026-09-02T16:02:43.386849Z,0,0,,,,0.0,0,0,0,0,0,0,0,0,0,0,0,0,0,0.00,0.00,0.00,0.00,0.0,0.0
2026-09-18T00:41:43+00:00,2026-09-17,daily,5,2026-09-18T17:30:00Z,519,Gallagher,TOT,MID,53,-1,-2,0.2,468,2007,3512,15797,a,,,,,,,,0.8,0,3,128,2,0,0,1,2,0,14,1,5,8,0.02,0.12,0.14,2.58,0.8,0.8
2026-09-18T00:41:43+00:00,2026-09-17,daily,5,2026-09-18T17:30:00Z,520,Bergvall,TOT,MID,54,0,-1,0.1,263,980,1699,8656,a,,,,,,,,0.5,1,2,72,1,0,0,0,2,0,12,1,2,9,0.06,0.26,0.32,2.14,0.5,0.5
2026-09-18T00:41:43+00:00,2026-09-17,daily,5,2026-09-18T17:30:00Z,521,Kulusevski,TOT,MID,65,0,0,0.0,57,79,300,651,i,Knee injury - Unknown return date,2026-07-23T12:01:23.895175Z,0,0,,,,0.0,0,0,0,0,0,0,0,0,0,0,0,0,0,0.00,0.00,0.00,0.00,0.0,0.0
2026-09-18T00:41:43+00:00,2026-09-17,daily,5,2026-09-18T17:30:00Z,522,Gray,TOT,MID,49,-1,-1,0.2,1291,1744,6039,11649,a,,,,,,,,1.8,3,7,236,3,0,0,1,4,0,22,9,3,10,0.09,0.04,0.13,4.99,1.8,1.8
2026-09-18T00:41:43+00:00,2026-09-17,daily,5,2026-09-18T17:30:00Z,523,Moore,TOT,MID,50,0,0,0.1,0,1455,3258,15960,u,Has joined FC Köln on loan for the rest of the season,2026-09-04T12:39:48.098158Z,0,0,,,,0.8,0,3,89,1,0,0,0,4,0,3,0,1,2,0.40,0.02,0.42,3.26,0.0,0.0
2026-09-18T00:41:43+00:00,2026-09-17,daily,5,2026-09-18T17:30:00Z,524,Olusesi,TOT,MID,44,0,-1,1.0,29216,12051,46606,38916,a,,,,,,,,0.0,0,0,0,0,0,0,0,0,0,0,0,0,0,0.00,0.00,0.00,0.00,0.0,0.0
2026-09-18T00:41:43+00:00,2026-09-17,daily,5,2026-09-18T17:30:00Z,525,Fernandes,TOT,MID,58,0,-2,0.8,1665,10568,12975,114710,a,,,,,,,2,1.5,3,6,204,2,0,0,1,3,0,14,0,6,8,0.12,0.26,0.38,3.61,1.5,1.5
2026-09-18T00:41:43+00:00,2026-09-17,daily,5,2026-09-18T17:30:00Z,526,Solanke,TOT,FWD,58,-1,-2,0.9,4015,9979,25515,85950,a,,,,,1,,,1.2,2,5,105,1,0,0,1,0,0,3,1,0,2,0.44,0.01,0.45,1.56,1.2,1.2
2026-09-18T00:41:43+00:00,2026-09-17,daily,5,2026-09-18T17:30:00Z,527,Richarlison,TOT,FWD,59,0,-1,0.7,0,16395,21439,256463,u,not included in squad.,2026-09-04T12:32:39.183614Z,0,0,,,,0.5,0,2,67,1,0,0,0,3,0,1,1,0,0,0.00,0.00,0.00,3.02,0.0,0.0
2026-09-18T00:41:43+00:00,2026-09-17,daily,5,2026-09-18T17:30:00Z,528,Scarlett,TOT,FWD,45,0,0,1.2,0,14642,42525,97670,u,Has joined Leyton Orient permanently,2026-09-02T16:02:43.413625Z,0,0,,,,0.0,0,0,0,0,0,0,0,0,0,0,0,0,0,0.00,0.00,0.00,0.00,0.0,0.0
2026-09-18T00:41:43+00:00,2026-09-17,daily,5,2026-09-18T17:30:00Z,578,Mudryk,TOT,MID,54,0,-1,0.0,30,1823,5418,6731,i,Ankle injury - Unknown return date,2026-09-11T18:00:09.154412Z,0,0,,,,0.2,0,1,16,0,0,0,0,0,0,0,0,0,0,0.00,0.00,0.00,0.16,0.0,0.0
2026-09-18T00:41:43+00:00,2026-09-17,daily,5,2026-09-18T17:30:00Z,601,Williams-Barnett,TOT,MID,45,0,0,0.1,545,1374,9972,6045,a,,,,,,,,0.0,0,0,0,0,0,0,0,0,0,0,0,0,0,0.00,0.00,0.00,0.00,0.0,0.0
2026-09-18T00:41:43+00:00,2026-09-17,daily,5,2026-09-18T17:30:00Z,501,Danso,SUN,DEF,50,0,0,0.2,1262,1223,5157,8714,a,,,,,,,,0.8,1,3,180,2,0,0,0,3,0,12,11,1,6,0.00,0.16,0.16,3.09,0.8,0.8
2026-09-18T00:41:43+00:00,2026-09-17,daily,5,2026-09-18T17:30:00Z,529,Roefs,SUN,GKP,49,-1,-1,2.6,1967,26913,19257,156719,a,,,,,,,,2.8,2,11,360,4,0,0,1,5,5,0,5,0,31,0.00,0.00,0.00,5.84,2.8,2.8
2026-09-18T00:41:43+00:00,2026-09-17,daily,5,2026-09-18T17:30:00Z,530,Patterson,SUN,GKP,40,0,0,0.1,0,641,0,5550,u,Has joined Wrexham permanently,2026-08-12T14:08:03.064533Z,0,0,,,,0.0,0,0,0,0,0,0,0,0,0,0,0,0,0,0.00,0.00,0.00,0.00,0.0,0.0
2026-09-18T00:41:43+00:00,2026-09-17,daily,5,2026-09-18T17:30:00Z,531,Ellborg,SUN,GKP,45,0,0,0.1,142,419,991,2950,a,,,,,,,,0.0,0,0,0,0,0,0,0,0,0,0,0,0,0,0.00,0.00,0.00,0.00,0.0,0.0
2026-09-18T00:41:43+00:00,2026-09-17,daily,5,2026-09-18T17:30:00Z,532,Ballard,SUN,DEF,49,0,-1,2.8,5240,35382,40836,283157,a,,,,,,,,3.0,0,12,360,4,0,0,1,5,0,35,29,6,9,0.17,0.16,0.33,5.84,3.0,3.0
2026-09-18T00:41:43+00:00,2026-09-17,daily,5,2026-09-18T17:30:00Z,533,Mukiele,SUN,DEF,54,-1,-1,2.0,4403,21186,38321,113342,a,,2026-08-09T08:30:05.954750Z,100,100,,,,3.2,0,13,270,3,0,0,1,3,0,39,30,9,13,0.70,0.05,0.75,4.04,3.2,3.2
2026-09-18T00:41:43+00:00,2026-09-17,daily,5,2026-09-18T17:30:00Z,534,Hume,SUN,DEF,44,0,-1,3.3,1499,61804,36315,339038,a,,,,,,,3,2.2,0,9,195,2,0,0,1,1,0,12,3,9,12,0.04,0.28,0.32,3.09,2.2,2.2
2026-09-18T00:41:43+00:00,2026-09-17,daily,5,2026-09-18T17:30:00Z,535,Alderete,SUN,DEF,49,0,-1,0.2,224,3056,4698,25116,a,,2026-08-09T08:30:05.962393Z,100,100,,,,0.2,0,1,23,0,0,0,0,1,0,0,0,0,2,0.00,0.01,0.01,0.10,0.2,0.2
2026-09-18T00:41:43+00:00,2026-09-17,daily,5,2026-09-18T17:30:00Z,536,Reinildo,SUN,DEF,45,0,0,0.3,120,7089,3847,20122,s,Suspended until 10 Oct,2026-09-12T21:30:09.421687Z,,0,,,,1.8,-2,7,360,4,0,0,1,5,0,29,21,8,18,0.00,0.32,0.32,5.05,1.8,0.0
2026-09-18T00:41:43+00:00,2026-09-17,daily,5,2026-09-18T17:30:00Z,537,Seelt,SUN,DEF,45,0,0,0.0,0,38,61,625,u,Has joined Swansea City on loan for the rest of the season,2026-08-29T00:34:52.425076Z,0,0,,,,0.0,0,0,0,0,0,0,0,0,0,0,0,0,0,0.00,0.00,0.00,0.00,0.0,0.0
2026-09-18T00:41:43+00:00,2026-09-17,daily,5,2026-09-18T17:30:00Z,538,Hjelde,SUN,DEF,40,0,0,0.0,0,241,0,2314,u,Has joined KV Mechelen on loan for the rest of the season,2026-08-12T14:08:03.081789Z,0,0,,,,0.0,0,0,0,0,0,0,0,0,0,0,0,0,0,0.00,0.00,0.00,0.00,0.0,0.0
2026-09-18T00:41:43+00:00,2026-09-17,daily,5,2026-09-18T17:30:00Z,539,O'Nien,SUN,DEF,40,0,0,2.5,1779,17820,14365,102526,a,,,,,,,,0.2,0,1,66,1,0,0,0,1,0,5,4,1,4,0.01,0.01,0.02,1.69,0.2,0.2
2026-09-18T00:41:43+00:00,2026-09-17,daily,5,2026-09-18T17:30:00Z,540,Masuaku,SUN,DEF,40,0,0,0.1,0,1074,0,10731,u,Has joined Konyaspor permanently,2026-08-12T14:08:03.097784Z,0,0,,,,0.0,0,0,0,0,0,0,0,0,0,0,0,0,0,0.00,0.00,0.00,0.00,0.0,0.0
2026-09-18T00:41:43+00:00,2026-09-17,daily,5,2026-09-18T17:30:00Z,541,Meunier,SUN,DEF,45,0,0,0.3,774,1578,5204,8200,a,,2026-08-16T08:30:07.830062Z,100,100,,,,2.8,2,11,318,4,0,0,1,4,0,16,14,2,12,0.34,0.13,0.47,4.60,2.8,2.8
2026-09-18T00:41:43+00:00,2026-09-17,daily,5,2026-09-18T17:30:00Z,542,E.Le Fée,SUN,MID,58,0,-2,3.7,4417,67864,32248,593382,a,,,,,2,3,1,3.2,0,13,348,4,1,0,1,4,0,18,1,6,11,2.06,0.82,2.88,5.64,3.2,3.2
2026-09-18T00:41:43+00:00,2026-09-17,daily,5,2026-09-18T17:30:00Z,543,Diarra,SUN,MID,54,0,-1,0.0,9,515,535,5526,i,Hamstring injury - Unknown return date,2026-08-30T16:30:08.428960Z,0,0,1,,,1.2,0,5,28,0,0,1,0,1,0,0,0,0,0,0.03,0.16,0.19,0.12,0.0,0.0
2026-09-18T00:41:43+00:00,2026-09-17,daily,5,2026-09-18T17:30:00Z,544,Xhaka,SUN,MID,55,0,0,3.9,10878,43778,122288,170352,a,,,,,,2,2,4.8,1,19,360,4,0,1,1,5,0,46,9,6,31,0.06,0.94,1.00,5.84,4.8,4.8
2026-09-18T00:41:43+00:00,2026-09-17,daily,5,2026-09-18T17:30:00Z,545,Sadiki,SUN,MID,49,0,-1,0.2,962,2670,5104,16026,a,,,,,,,,2.0,2,8,343,4,0,0,1,5,0,26,10,6,10,0.40,0.23,0.63,5.45,2.0,2.0
2026-09-18T00:41:43+00:00,2026-09-17,daily,5,2026-09-18T17:30:00Z,546,Adingra,SUN,MID,49,0,-1,0.0,0,512,240,7095,u,Has joined Ajax on loan for the rest of the season,2026-08-20T14:00:08.416985Z,0,0,,,,0.0,0,0,0,0,0,0,0,0,0,0,0,0,0,0.00,0.00,0.00,0.00,0.0,0.0
2026-09-18T00:41:43+00:00,2026-09-17,daily,5,2026-09-18T17:30:00Z,547,Mundle,SUN,MID,49,0,-1,0.0,14,105,190,588,i,Knee injury - Unknown return date,2026-09-09T14:00:08.462705Z,0,0,,,,0.2,0,1,1,0,0,0,0,0,0,1,1,0,0,0.17,0.00,0.17,0.09,0.0,0.0
2026-09-18T00:41:43+00:00,2026-09-17,daily,5,2026-09-18T17:30:00Z,548,Rigg,SUN,MID,49,0,-1,0.0,49,381,421,2497,a,,,,,,,,0.5,0,2,17,0,0,0,0,1,0,1,0,0,1,0.00,0.00,0.00,0.44,0.5,0.5
2026-09-18T00:41:43+00:00,2026-09-17,daily,5,2026-09-18T17:30:00Z,549,Talbi,SUN,MID,53,-1,-2,0.1,270,1256,1195,10779,a,,,,,,,,0.2,0,1,31,0,0,0,0,1,0,2,0,0,2,0.00,0.00,0.00,0.14,0.2,0.2
2026-09-18T00:41:43+00:00,2026-09-17,daily,5,2026-09-18T17:30:00Z,550,Jocelin.T,SUN,MID,50,0,0,0.0,52,66,262,359,a,,,,,,,,0.0,0,0,0,0,0,0,0,0,0,0,0,0,0,0.00,0.00,0.00,0.00,0.0,0.0
2026-09-18T00:41:43+00:00,2026-09-17,daily,5,2026-09-18T17:30:00Z,551,N.Angulo,SUN,MID,50,0,0,0.1,604,1633,12165,9274,a,,,,,,1,,3.0,2,12,254,4,1,0,1,3,0,20,2,5,13,0.15,0.12,0.27,3.81,3.0,3.0
2026-09-18T00:41:43+00:00,2026-09-17,daily,5,2026-09-18T17:30:00Z,552,Brobbey,SUN,FWD,58,0,-2,5.8,9517,109152,88965,838177,a,,,,,,,,1.8,1,7,309,4,0,0,1,4,0,11,1,0,10,0.59,0.07,0.66,5.36,1.8,1.8
2026-09-18T00:41:43+00:00,2026-09-17,daily,5,2026-09-18T17:30:00Z,553,Isidor,SUN,FWD,55,0,0,1.4,5353,19124,91210,68847,a,,,,,,,,3.5,1,14,95,0,1,1,0,2,0,3,0,1,2,1.49,0.01,1.50,1.99,3.5,3.5
2026-09-18T00:41:43+00:00,2026-09-17,daily,5,2026-09-18T17:30:00Z,612,Methalie,SUN,DEF,45,0,0,0.0,113,80,757,410,a,,2026-08-28T13:00:08.950445Z,100,100,,,,0.0,0,0,0,0,0,0,0,0,0,0,0,0,0,0.00,0.00,0.00,0.00,0.0,0.0
2026-09-18T00:41:43+00:00,2026-09-17,daily,5,2026-09-18T17:30:00Z,613,Ahoka,SUN,MID,45,0,0,0.2,1867,2993,24457,12072,a,,,,,,,,0.0,0,0,0,0,0,0,0,0,0,0,0,0,0,0.00,0.00,0.00,0.00,0.0,0.0
2026-09-18T00:41:43+00:00,2026-09-17,daily,5,2026-09-18T17:30:00Z,646,Fofana,SUN,MID,55,0,0,0.0,400,512,3664,1308,a,,,,,,,,1.0,1,2,30,0,0,0,0,1,0,0,0,0,0,0.00,0.00,0.00,1.18,1.0,1.0
2026-09-18T00:41:43+00:00,2026-09-17,daily,5,2026-09-18T17:30:00Z,651,J.Angulo,SUN,FWD,45,0,0,0.7,26082,9026,74406,20398,a,,,,,,,,0.0,0,0,0,0,0,0,0,0,0,0,0,0,0,0.00,0.00,0.00,0.00,0.0,0.0
