snapshot_utc,snapshot_date,snapshot_kind,event,deadline_time,id,web_name,team,position,now_cost,cost_change_event,cost_change_start,selected_by_percent,transfers_in_event,transfers_out_event,transfers_in,transfers_out,status,news,news_added,chance_of_playing_this_round,chance_of_playing_next_round,penalties_order,direct_freekicks_order,corners_and_indirect_freekicks_order,form,event_points,total_points,minutes,starts,goals_scored,assists,clean_sheets,goals_conceded,saves,defensive_contribution,clearances_blocks_interceptions,tackles,recoveries,expected_goals,expected_assists,expected_goal_involvements,expected_goals_conceded,ep_this,ep_next
2026-09-20T00:17:43+00:00,2026-09-19,daily,6,2026-10-10T10:00:00Z,1,Raya,ARS,GKP,60,0,0,41.8,43767,8084,884166,600488,a,,,,,,,,6.0,1,30,450,5,0,0,3,4,9,0,6,1,58,0.00,0.01,0.01,4.03,6.0,6.0
2026-09-20T00:17:43+00:00,2026-09-19,daily,6,2026-10-10T10:00:00Z,2,Arrizabalaga,ARS,GKP,49,0,-1,0.1,31,52,1408,4065,a,,,,,,,,0.0,0,0,0,0,0,0,0,0,0,0,0,0,0,0.00,0.00,0.00,0.00,0.0,0.0
2026-09-20T00:17:43+00:00,2026-09-19,daily,6,2026-10-10T10:00:00Z,3,Meslier,ARS,GKP,49,0,-1,0.0,9,24,476,1484,a,,,,,,,,0.0,0,0,0,0,0,0,0,0,0,0,0,0,0,0.00,0.00,0.00,0.00,0.0,0.0
2026-09-20T00:17:43+00:00,2026-09-19,daily,6,2026-10-10T10:00:00Z,4,Gabriel,ARS,DEF,80,0,0,23.0,4499,17054,214742,859945,a,,,,,,,,5.0,1,25,450,5,0,0,3,4,0,41,35,6,17,0.51,0.20,0.71,4.03,5.0,5.0
2026-09-20T00:17:43+00:00,2026-09-19,daily,6,2026-10-10T10:00:00Z,5,J.Timber,ARS,DEF,65,0,0,0.3,2895,770,24551,11523,a,,2026-07-23T12:01:23.272929Z,100,100,,,,0.2,0,1,104,1,0,0,0,3,0,5,2,3,7,0.00,0.03,0.03,2.18,0.2,0.2
2026-09-20T00:17:43+00:00,2026-09-19,daily,6,2026-10-10T10:00:00Z,6,Saliba,ARS,DEF,59,0,-1,0.2,77,267,3159,17820,i,Back injury - Unknown return date,2026-07-23T12:01:23.289376Z,0,0,,,,0.0,0,0,0,0,0,0,0,0,0,0,0,0,0,0.00,0.00,0.00,0.00,0.0,0.0
2026-09-20T00:17:43+00:00,2026-09-19,daily,6,2026-10-10T10:00:00Z,7,Lewis-Skelly,ARS,MID,54,-1,-1,0.6,227,1377,28904,46181,a,,,,,,,,1.8,0,9,271,4,0,0,2,1,0,14,5,1,8,0.16,0.23,0.39,1.02,1.8,1.8
2026-09-20T00:17:43+00:00,2026-09-19,daily,6,2026-10-10T10:00:00Z,8,Calafiori,ARS,DEF,58,0,3,50.7,18829,12714,1598837,351221,a,,,,,,,,5.8,1,29,416,5,0,2,3,4,0,18,12,6,13,0.67,0.62,1.29,3.76,5.8,5.8
2026-09-20T00:17:43+00:00,2026-09-19,daily,6,2026-10-10T10:00:00Z,9,Hincapie,ARS,DEF,53,0,-2,0.9,289,1333,15108,113044,a,,,,,,,,0.4,0,2,32,0,0,0,0,0,0,3,2,1,0,0.00,0.00,0.00,0.28,0.4,0.4
2026-09-20T00:17:43+00:00,2026-09-19,daily,6,2026-10-10T10:00:00Z,10,White,ARS,DEF,55,0,0,5.4,1653,17093,454411,515874,a,,2026-09-15T19:30:09.494382Z,100,100,,,,4.2,0,21,315,4,0,1,2,1,0,18,12,6,9,0.18,0.29,0.47,1.15,4.2,4.2
2026-09-20T00:17:43+00:00,2026-09-19,daily,6,2026-10-10T10:00:00Z,11,Mosquera,ARS,DEF,53,0,-2,1.7,258,2396,30423,461125,a,,2026-09-04T14:00:08.080310Z,100,100,,,,2.4,0,12,168,2,0,0,2,0,0,10,10,0,3,0.00,0.01,0.01,0.53,2.4,2.4
2026-09-20T00:17:43+00:00,2026-09-19,daily,6,2026-10-10T10:00:00Z,12,Saka,ARS,MID,95,0,0,13.3,26423,8990,706045,358841,a,,,,,1,2,2,6.4,2,32,416,5,3,0,3,4,0,31,8,6,17,3.22,0.98,4.20,3.58,6.4,6.4
2026-09-20T00:17:43+00:00,2026-09-19,daily,6,2026-10-10T10:00:00Z,13,Rice,ARS,MID,74,0,-1,12.4,2619,9987,114465,652661,a,,,,,,1,1,4.0,1,20,411,5,0,2,3,4,0,42,18,7,17,0.12,0.69,0.81,3.50,4.0,4.0
2026-09-20T00:17:43+00:00,2026-09-19,daily,6,2026-10-10T10:00:00Z,14,Eze,ARS,MID,63,0,-2,1.0,426,1607,21345,134451,a,,,,,,3,,0.8,1,4,85,0,0,0,0,0,0,5,0,0,5,0.04,0.09,0.13,1.33,0.8,0.8
2026-09-20T00:17:43+00:00,2026-09-19,daily,6,2026-10-10T10:00:00Z,15,Ødegaard,ARS,MID,68,0,3,20.0,20827,23157,1576547,482606,a,,,,,3,4,,5.8,2,29,377,5,2,0,3,4,0,23,5,6,12,1.08,1.32,2.40,3.23,5.8,5.8
2026-09-20T00:17:43+00:00,2026-09-19,daily,6,2026-10-10T10:00:00Z,16,Madueke,ARS,MID,62,0,-3,0.2,212,370,5492,24790,a,,,,,,,5,0.4,0,2,23,0,0,0,0,0,0,3,0,1,2,0.00,0.05,0.05,0.15,0.4,0.4
2026-09-20T00:17:43+00:00,2026-09-19,daily,6,2026-10-10T10:00:00Z,17,Merino,ARS,MID,58,0,-2,0.4,161,702,8898,45992,a,,,,,,,,0.8,1,4,81,0,0,0,0,0,0,10,1,0,9,0.14,0.15,0.29,0.96,0.8,0.8
2026-09-20T00:17:43+00:00,2026-09-19,daily,6,2026-10-10T10:00:00Z,18,Martinelli,ARS,MID,63,0,-2,0.1,0,157,2483,21458,u,Has joined Al Hilal permanently,2026-09-04T12:34:46.738449Z,0,0,,,,0.0,0,0,0,0,0,0,0,0,0,0,0,0,0,0.00,0.00,0.00,0.00,0.0,0.0
2026-09-20T00:17:43+00:00,2026-09-19,daily,6,2026-10-10T10:00:00Z,19,Zubimendi,ARS,MID,53,0,-2,0.6,109,936,8124,63879,a,,,,,,,,1.0,1,5,89,0,0,0,0,0,0,12,5,4,3,0.21,0.04,0.25,1.38,1.0,1.0
2026-09-20T00:17:43+00:00,2026-09-19,daily,6,2026-10-10T10:00:00Z,20,Dowman,ARS,MID,53,0,-2,0.1,126,141,2714,6860,a,,,,,,,,0.2,1,1,9,0,0,0,0,0,0,0,0,0,0,0.00,0.08,0.08,0.31,0.2,0.2
2026-09-20T00:17:43+00:00,2026-09-19,daily,6,2026-10-10T10:00:00Z,22,Nwaneri,ARS,MID,54,0,-1,0.0,0,13,233,1213,u,Has joined Borussia Dortmund on loan for the rest of the season,2026-09-02T16:01:07.058827Z,0,0,,,,0.0,0,0,0,0,0,0,0,0,0,0,0,0,0,0.00,0.00,0.00,0.00,0.0,0.0
2026-09-20T00:17:43+00:00,2026-09-19,daily,6,2026-10-10T10:00:00Z,23,Fábio Vieira,ARS,MID,55,0,0,0.0,0,13,255,892,u,Has joined Hamburger SV permanently,2026-09-02T16:00:28.446370Z,0,0,,,,0.0,0,0,0,0,0,0,0,0,0,0,0,0,0,0.00,0.00,0.00,0.00,0.0,0.0
2026-09-20T00:17:43+00:00,2026-09-19,daily,6,2026-10-10T10:00:00Z,24,Nelson,ARS,MID,55,0,0,0.0,0,6,68,660,u,has departed the club as a free agent.,2026-08-29T00:33:08.556767Z,0,0,,,,0.0,0,0,0,0,0,0,0,0,0,0,0,0,0,0.00,0.00,0.00,0.00,0.0,0.0
2026-09-20T00:17:43+00:00,2026-09-19,daily,6,2026-10-10T10:00:00Z,25,Gyökeres,ARS,FWD,71,-1,-4,3.1,1376,4089,29599,598413,a,,,,,2,,,0.4,1,2,29,0,0,0,0,0,0,1,0,0,1,0.00,0.23,0.23,0.65,0.4,0.4
2026-09-20T00:17:43+00:00,2026-09-19,daily,6,2026-10-10T10:00:00Z,26,Havertz,ARS,FWD,76,0,1,8.5,18186,9433,621419,369905,a,,,,,,,,3.8,2,19,437,5,2,0,3,4,0,13,6,0,7,1.67,0.37,2.04,3.91,3.8,3.8
2026-09-20T00:17:43+00:00,2026-09-19,daily,6,2026-10-10T10:00:00Z,27,G.Jesus,ARS,FWD,59,0,-1,0.2,0,252,4164,28527,u,Has joined FC Barcelona permanently,2026-09-02T16:00:28.475184Z,0,0,,,,0.0,0,0,0,0,0,0,0,0,0,0,0,0,0,0.00,0.00,0.00,0.00,0.0,0.0
2026-09-20T00:17:43+00:00,2026-09-19,daily,6,2026-10-10T10:00:00Z,31,Konsa,ARS,DEF,46,1,1,19.4,37837,9558,1411144,600666,a,,,,,,,,2.4,1,12,281,3,0,0,1,4,0,23,18,5,9,0.23,0.02,0.25,3.50,2.4,2.4
2026-09-20T00:17:43+00:00,2026-09-19,daily,6,2026-10-10T10:00:00Z,452,Bruno G.,ARS,MID,67,0,-3,1.8,1185,1557,26131,238630,a,,2026-09-04T14:00:08.328779Z,100,100,4,,4,1.8,1,9,123,1,1,0,0,3,0,12,3,1,8,0.09,0.16,0.25,2.18,1.8,1.8
2026-09-20T00:17:43+00:00,2026-09-19,daily,6,2026-10-10T10:00:00Z,557,Tzolis,ARS,MID,63,-1,-2,12.9,2926,57422,453293,1520630,a,,,,,,,3,3.2,2,16,362,5,0,2,2,4,0,23,7,4,12,0.19,0.55,0.74,2.73,3.2,3.2
2026-09-20T00:17:43+00:00,2026-09-19,daily,6,2026-10-10T10:00:00Z,29,M.Bizot,AVL,GKP,45,0,0,0.1,18,305,4612,6681,i,Back injury - Expected back 10 Oct,2026-09-17T07:30:09.058151Z,0,0,,,,0.2,0,1,90,1,0,0,0,4,3,0,2,0,6,0.00,0.00,0.00,3.77,0.0,0.0
2026-09-20T00:17:43+00:00,2026-09-19,daily,6,2026-10-10T10:00:00Z,30,Digne,AVL,DEF,45,0,0,0.0,0,63,0,8474,u,Has joined Paris Saint-Germain permanently,2026-08-10T14:03:30.089007Z,0,0,,,,0.0,0,0,0,0,0,0,0,0,0,0,0,0,0,0.00,0.00,0.00,0.00,0.0,0.0
2026-09-20T00:17:43+00:00,2026-09-19,daily,6,2026-10-10T10:00:00Z,32,Cash,AVL,DEF,44,0,-1,5.0,792,6858,93443,400847,a,,2026-09-09T14:30:08.192142Z,100,100,,,1,1.2,-1,6,296,3,0,0,1,7,0,17,11,6,2,0.15,0.04,0.19,5.95,1.2,1.2
2026-09-20T00:17:43+00:00,2026-09-19,daily,6,2026-10-10T10:00:00Z,33,Mings,AVL,DEF,45,0,0,0.4,437,287,15157,16311,a,,,,,,,,2.0,3,10,261,2,0,0,1,4,0,24,20,4,7,0.20,0.02,0.22,4.43,2.0,2.0
2026-09-20T00:17:43+00:00,2026-09-19,daily,6,2026-10-10T10:00:00Z,34,Pau,AVL,DEF,45,0,0,0.3,4,982,11197,25340,i,Hamstring injury - Expected back 10 Oct,2026-09-12T18:00:08.712707Z,0,0,,,,0.6,0,3,187,3,0,0,0,5,0,9,8,1,9,0.00,0.01,0.01,4.79,0.0,0.0
2026-09-20T00:17:43+00:00,2026-09-19,daily,6,2026-10-10T10:00:00Z,35,Bogarde,AVL,MID,50,0,0,0.1,42,103,2783,4431,a,,,,,,,,0.2,0,1,16,0,0,0,0,0,0,1,1,0,0,0.00,0.00,0.00,0.22,0.2,0.2
2026-09-20T00:17:43+00:00,2026-09-19,daily,6,2026-10-10T10:00:00Z,36,Maatsen,AVL,DEF,45,0,0,0.5,9,1883,31851,57621,i,Ankle injury - Unknown return date,2026-09-12T18:00:08.729468Z,0,0,,,,1.8,0,9,335,4,0,0,1,7,0,24,17,7,10,0.28,0.45,0.73,6.54,0.0,0.0
2026-09-20T00:17:43+00:00,2026-09-19,daily,6,2026-10-10T10:00:00Z,37,Lindelöf,AVL,DEF,45,0,0,0.3,291,291,13891,13314,a,,,,,,,,1.6,1,8,450,5,0,0,1,9,0,22,21,1,7,0.44,0.17,0.61,9.22,1.6,1.6
2026-09-20T00:17:43+00:00,2026-09-19,daily,6,2026-10-10T10:00:00Z,38,A.García,AVL,DEF,40,0,0,1.6,535,1403,43981,63303,a,,,,,,,,0.0,0,0,0,0,0,0,0,0,0,0,0,0,0,0.00,0.00,0.00,0.00,0.0,0.0
2026-09-20T00:17:43+00:00,2026-09-19,daily,6,2026-10-10T10:00:00Z,39,Nedeljkovic,AVL,DEF,40,0,0,0.1,0,117,0,14802,u,Has joined Rangers on loan for the rest of the season,2026-08-19T13:56:46.385411Z,0,0,,,,0.0,0,0,0,0,0,0,0,0,0,0,0,0,0,0.00,0.00,0.00,0.00,0.0,0.0
2026-09-20T00:17:43+00:00,2026-09-19,daily,6,2026-10-10T10:00:00Z,41,Buendía,AVL,MID,59,0,-1,0.9,2388,1140,50372,92285,a,,,,,1,1,3,4.2,12,21,401,5,1,0,1,8,0,34,5,9,20,0.92,0.24,1.16,7.86,4.2,4.2
2026-09-20T00:17:43+00:00,2026-09-19,daily,6,2026-10-10T10:00:00Z,44,Bailey,AVL,MID,54,0,-1,0.1,0,145,2096,12876,u,Has joined Olympiakos permanently,2026-09-04T12:35:14.472260Z,0,0,,,,0.0,0,0,0,0,0,0,0,0,0,0,0,0,0,0.00,0.00,0.00,0.00,0.0,0.0
2026-09-20T00:17:43+00:00,2026-09-19,daily,6,2026-10-10T10:00:00Z,45,McGinn,AVL,MID,54,0,-1,2.2,1527,2223,65358,149185,a,,,,,,,2,3.4,6,17,434,5,0,2,2,7,0,30,8,5,17,0.77,0.24,1.01,8.29,3.4,3.4
2026-09-20T00:17:43+00:00,2026-09-19,daily,6,2026-10-10T10:00:00Z,46,Barkley,AVL,MID,50,0,0,0.3,160,445,15717,14922,a,,,,,,,4,2.0,1,10,308,4,0,0,1,8,0,28,5,7,16,0.38,0.14,0.52,7.36,2.0,2.0
2026-09-20T00:17:43+00:00,2026-09-19,daily,6,2026-10-10T10:00:00Z,47,Kamara,AVL,MID,50,0,0,0.3,291,406,13500,20354,a,,2026-07-23T12:01:23.337269Z,100,100,,,,3.0,6,15,443,5,0,1,2,7,0,36,11,9,16,0.12,0.16,0.28,8.44,3.0,3.0
2026-09-20T00:17:43+00:00,2026-09-19,daily,6,2026-10-10T10:00:00Z,48,Onana,AVL,MID,49,0,-1,0.0,8,24,479,1594,i,Knee injury - Unknown return date,2026-07-23T12:01:23.352497Z,0,0,,,,0.0,0,0,0,0,0,0,0,0,0,0,0,0,0,0.00,0.00,0.00,0.00,0.0,0.0
2026-09-20T00:17:43+00:00,2026-09-19,daily,6,2026-10-10T10:00:00Z,49,Iling Jr,AVL,MID,50,0,0,0.0,0,5,0,230,u,Has joined Bolton Wanderers on loan for the rest of the season,2026-08-17T13:52:28.532616Z,0,0,,,,0.0,0,0,0,0,0,0,0,0,0,0,0,0,0,0.00,0.00,0.00,0.00,0.0,0.0
2026-09-20T00:17:43+00:00,2026-09-19,daily,6,2026-10-10T10:00:00Z,50,Burrowes,AVL,MID,45,0,0,0.6,181,847,21006,32571,a,,,,,,,,0.0,0,0,0,0,0,0,0,0,0,0,0,0,0,0.00,0.00,0.00,0.00,0.0,0.0
2026-09-20T00:17:43+00:00,2026-09-19,daily,6,2026-10-10T10:00:00Z,51,George Hemmings,AVL,MID,45,0,0,1.2,843,3050,113526,62983,a,,,,,,,,1.8,1,9,297,4,0,0,1,7,0,19,3,6,10,0.07,0.16,0.23,6.26,1.8,1.8
2026-09-20T00:17:43+00:00,2026-09-19,daily,6,2026-10-10T10:00:00Z,52,Alysson,AVL,MID,50,0,0,0.1,37,207,3323,3070,d,Unspecified injury - 75% chance of playing,2026-09-19T11:30:09.355376Z,,75,,,,1.6,0,8,87,0,1,0,0,2,0,8,2,2,4,0.06,0.00,0.06,2.40,1.6,1.2
2026-09-20T00:17:43+00:00,2026-09-19,daily,6,2026-10-10T10:00:00Z,53,Manzambi,AVL,MID,59,0,-1,0.2,9895,444,12881,17063,a,,2026-08-15T15:30:06.388335Z,100,100,,,,2.8,13,14,98,1,1,1,1,1,0,9,2,2,5,0.44,0.24,0.68,1.54,2.8,2.8
2026-09-20T00:17:43+00:00,2026-09-19,daily,6,2026-10-10T10:00:00Z,54,Gomes,AVL,MID,55,0,0,0.0,95,38,934,3947,a,,2026-09-16T19:30:08.742410Z,100,100,,,,0.4,4,2,129,2,0,0,0,6,0,20,6,9,5,0.00,0.03,0.03,4.14,0.4,0.4
2026-09-20T00:17:43+00:00,2026-09-19,daily,6,2026-10-10T10:00:00Z,55,Watkins,AVL,FWD,78,0,-2,2.6,0,3081,14882,750462,u,Has joined Al Hilal permanently,2026-09-01T13:15:16.698799Z,0,0,,,,0.0,0,0,0,0,0,0,0,0,0,0,0,0,0,0.00,0.00,0.00,0.00,0.0,0.0
2026-09-20T00:17:43+00:00,2026-09-19,daily,6,2026-10-10T10:00:00Z,56,Abraham,AVL,FWD,55,0,0,0.2,495,394,14543,11570,a,,2026-08-15T16:00:07.558543Z,100,100,,,,0.8,1,4,71,0,0,0,0,3,0,2,0,1,1,0.00,0.00,0.00,2.69,0.8,0.8
2026-09-20T00:17:43+00:00,2026-09-19,daily,6,2026-10-10T10:00:00Z,160,Garnacho,AVL,MID,58,0,-2,0.3,145,703,7093,39156,a,,,,,,,,0.6,0,3,31,0,0,0,0,0,0,2,0,0,2,0.00,0.00,0.00,0.49,0.6,0.6
2026-09-20T00:17:43+00:00,2026-09-19,daily,6,2026-10-10T10:00:00Z,166,N.Jackson,AVL,FWD,65,0,0,1.2,8229,1577,153491,78517,a,,,,,2,,,2.0,6,10,286,4,1,0,1,2,0,9,1,0,8,0.68,0.60,1.28,2.75,2.0,2.0
2026-09-20T00:17:43+00:00,2026-09-19,daily,6,2026-10-10T10:00:00Z,582,Madjo,AVL,FWD,54,0,-1,0.2,41,482,2726,29253,i,Unspecified injury - Unknown return date,2026-08-15T16:00:07.974271Z,0,0,,,,0.0,0,0,0,0,0,0,0,0,0,0,0,0,0,0.00,0.00,0.00,0.00,0.0,0.0
2026-09-20T00:17:43+00:00,2026-09-19,daily,6,2026-10-10T10:00:00Z,596,Ruggeri,AVL,DEF,45,0,0,0.1,146,92,2789,5356,a,,,,,,,,1.0,3,5,113,1,0,0,0,2,0,16,14,2,11,0.03,0.02,0.05,2.05,1.0,1.0
2026-09-20T00:17:43+00:00,2026-09-19,daily,6,2026-10-10T10:00:00Z,597,Suzuki,AVL,GKP,50,0,0,1.8,3988,1506,141552,57365,a,,,,,,,,3.2,2,16,360,4,0,0,1,5,15,0,8,0,43,0.00,0.01,0.01,5.45,3.2,3.2
2026-09-20T00:17:43+00:00,2026-09-19,daily,6,2026-10-10T10:00:00Z,606,Rowe,AVL,DEF,40,0,0,0.2,83,231,12779,5486,a,,,,,,,,0.0,0,0,0,0,0,0,0,0,0,0,0,0,0,0.00,0.00,0.00,0.00,0.0,0.0
2026-09-20T00:17:43+00:00,2026-09-19,daily,6,2026-10-10T10:00:00Z,607,Lynch,AVL,MID,45,0,0,0.1,0,162,7103,7606,u,Has joined Oxford United on loan until January,2026-09-04T12:35:39.820426Z,0,0,,,,0.0,0,0,0,0,0,0,0,0,0,0,0,0,0,0.00,0.00,0.00,0.00,0.0,0.0
2026-09-20T00:17:43+00:00,2026-09-19,daily,6,2026-10-10T10:00:00Z,611,Wan-Bissaka,AVL,DEF,45,0,0,0.2,403,289,17256,6622,a,,,,,,,,1.5,1,6,152,2,0,0,0,2,0,21,12,9,1,0.00,0.07,0.07,3.27,1.5,1.5
2026-09-20T00:17:43+00:00,2026-09-19,daily,6,2026-10-10T10:00:00Z,618,Goretzka,AVL,MID,59,0,-1,0.0,4,122,4613,4436,i,Knee injury - Expected back 10 Oct,2026-09-09T09:30:08.229436Z,0,0,,,,0.0,0,0,0,0,0,0,0,0,0,0,0,0,0,0.00,0.00,0.00,0.00,0.0,0.0
2026-09-20T00:17:43+00:00,2026-09-19,daily,6,2026-10-10T10:00:00Z,630,Harwood-Bellis,AVL,DEF,45,0,0,0.0,52,48,2029,854,a,,,,,,,,0.0,0,0,0,0,0,0,0,0,0,0,0,0,0,0.00,0.00,0.00,0.00,0.0,0.0
2026-09-20T00:17:43+00:00,2026-09-19,daily,6,2026-10-10T10:00:00Z,631,Mbaye,AVL,MID,60,0,0,0.1,285,385,9793,4066,a,,,,,,,,0.7,1,2,33,0,0,0,0,3,0,2,0,1,1,0.02,0.13,0.15,1.64,0.7,0.7
2026-09-20T00:17:43+00:00,2026-09-19,daily,6,2026-10-10T10:00:00Z,667,Wright,AVL,GKP,40,0,0,0.0,247,17,247,17,a,,,,,,,,0.0,0,0,0,0,0,0,0,0,0,0,0,0,0,0.00,0.00,0.00,0.00,1.0,1.0
2026-09-20T00:17:43+00:00,2026-09-19,daily,6,2026-10-10T10:00:00Z,57,Petrović,BOU,GKP,45,0,0,3.0,1565,2859,107548,115530,a,,,,,,,,1.4,0,7,360,4,0,0,0,7,9,0,6,0,31,0.00,0.00,0.00,5.30,1.4,1.4
2026-09-20T00:17:43+00:00,2026-09-19,daily,6,2026-10-10T10:00:00Z,58,Forster,BOU,GKP,40,0,0,3.5,2502,1366,111696,73187,a,,,,,,,,0.0,0,0,0,0,0,0,0,0,0,0,0,0,0,0.00,0.00,0.00,0.00,0.0,0.0
2026-09-20T00:17:43+00:00,2026-09-19,daily,6,2026-10-10T10:00:00Z,59,Dennis,BOU,GKP,40,0,0,0.1,0,146,1133,7114,u,Has joined MK Dons permanently,2026-08-27T14:53:48.692835Z,0,0,,,,0.0,0,0,0,0,0,0,0,0,0,0,0,0,0,0.00,0.00,0.00,0.00,0.0,0.0
2026-09-20T00:17:43+00:00,2026-09-19,daily,6,2026-10-10T10:00:00Z,60,Hill,BOU,DEF,55,0,0,0.8,569,731,28310,41325,a,,,,,,,,1.6,0,8,360,4,0,0,0,7,0,35,30,5,8,0.00,0.77,0.77,5.30,1.6,1.6
2026-09-20T00:17:43+00:00,2026-09-19,daily,6,2026-10-10T10:00:00Z,61,Truffert,BOU,DEF,55,0,0,3.1,1215,2454,53084,150737,a,,,,,,,,1.6,0,8,360,4,0,0,0,7,0,38,23,15,21,0.09,0.23,0.32,5.30,1.6,1.6
2026-09-20T00:17:43+00:00,2026-09-19,daily,6,2026-10-10T10:00:00Z,62,Diakité,BOU,DEF,50,0,0,0.2,160,200,6818,11265,a,,,,,,,,0.0,0,0,0,0,0,0,0,0,0,0,0,0,0,0.00,0.00,0.00,0.00,0.0,0.0
2026-09-20T00:17:43+00:00,2026-09-19,daily,6,2026-10-10T10:00:00Z,63,Milosavljević,BOU,DEF,49,0,-1,0.0,6,10,312,807,i,Thigh injury - Unknown return date,2026-08-06T10:00:10.456051Z,0,0,,,,0.0,0,0,0,0,0,0,0,0,0,0,0,0,0,0.00,0.00,0.00,0.00,0.0,0.0
2026-09-20T00:17:43+00:00,2026-09-19,daily,6,2026-10-10T10:00:00Z,64,Smith,BOU,DEF,45,0,0,0.1,111,92,6909,6920,a,,,,,,,,0.4,0,2,360,4,0,0,0,7,0,21,16,5,13,0.01,0.07,0.08,5.30,0.4,0.4
2026-09-20T00:17:43+00:00,2026-09-19,daily,6,2026-10-10T10:00:00Z,65,J.Araujo,BOU,DEF,44,0,-1,0.0,9,12,393,1251,i,Thigh injury - Unknown return date,2026-08-09T08:00:05.645826Z,0,0,,,,0.0,0,0,0,0,0,0,0,0,0,0,0,0,0,0.00,0.00,0.00,0.00,0.0,0.0
2026-09-20T00:17:43+00:00,2026-09-19,daily,6,2026-10-10T10:00:00Z,66,Soler,BOU,DEF,40,0,0,0.3,211,225,13302,10110,a,,2026-08-15T16:30:07.021055Z,100,100,,,,0.0,0,0,0,0,0,0,0,0,0,0,0,0,0,0.00,0.00,0.00,0.00,0.0,0.0
2026-09-20T00:17:43+00:00,2026-09-19,daily,6,2026-10-10T10:00:00Z,67,Rayan,BOU,MID,63,-1,-2,1.6,945,2251,49615,161747,a,,,,,,,,1.6,0,8,347,4,0,0,0,6,0,11,5,3,3,0.87,0.08,0.95,4.95,1.6,1.6
2026-09-20T00:17:43+00:00,2026-09-19,daily,6,2026-10-10T10:00:00Z,68,Tavernier,BOU,MID,61,0,1,6.6,29054,7746,640247,182470,a,,,,,3,1,1,5.8,0,29,350,4,3,0,0,7,0,36,5,8,23,1.70,0.81,2.51,5.14,5.8,5.8
2026-09-20T00:17:43+00:00,2026-09-19,daily,6,2026-10-10T10:00:00Z,69,Scott,BOU,MID,61,0,1,5.8,6163,8770,530066,178946,a,,,,,,4,2,5.6,0,28,356,4,1,2,1,6,0,52,15,9,28,0.52,0.35,0.87,5.17,5.6,5.6
2026-09-20T00:17:43+00:00,2026-09-19,daily,6,2026-10-10T10:00:00Z,70,Kluivert,BOU,MID,60,0,0,1.0,1631,1330,51988,66212,a,,,,,2,2,3,3.0,0,15,294,4,1,0,2,3,0,22,2,4,16,0.99,0.08,1.07,4.48,3.0,3.0
2026-09-20T00:17:43+00:00,2026-09-19,daily,6,2026-10-10T10:00:00Z,71,Cook,BOU,MID,50,0,0,0.2,72,270,12906,13051,a,,,,,,,,1.4,0,7,165,2,0,0,2,1,0,12,6,1,5,0.00,0.01,0.01,3.95,1.4,1.4
2026-09-20T00:17:43+00:00,2026-09-19,daily,6,2026-10-10T10:00:00Z,72,Gannon-Doak,BOU,MID,49,0,-1,0.1,31,77,1531,4337,a,,,,,,,,0.6,0,3,10,0,0,0,0,1,0,7,0,2,5,0.12,0.03,0.15,0.35,0.6,0.6
2026-09-20T00:17:43+00:00,2026-09-19,daily,6,2026-10-10T10:00:00Z,73,Adams,BOU,MID,50,0,0,0.3,228,417,17437,15408,a,,2026-08-15T16:30:07.029928Z,100,100,,,,1.6,0,8,192,2,0,0,0,6,0,28,7,5,16,0.03,0.03,0.06,1.34,1.6,1.6
2026-09-20T00:17:43+00:00,2026-09-19,daily,6,2026-10-10T10:00:00Z,74,Brooks,BOU,MID,50,0,0,0.1,38,72,3220,3530,a,,2026-08-15T16:30:07.037929Z,100,100,,3,4,0.4,0,2,30,0,0,0,0,2,0,3,2,0,1,0.00,0.01,0.01,0.50,0.4,0.4
2026-09-20T00:17:43+00:00,2026-09-19,daily,6,2026-10-10T10:00:00Z,75,Christie,BOU,MID,50,0,0,0.0,54,50,3309,1995,a,,2026-07-24T17:30:10.035483Z,100,100,,,,0.6,0,3,28,0,0,0,0,1,0,9,3,1,5,0.00,0.12,0.12,0.24,0.6,0.6
2026-09-20T00:17:43+00:00,2026-09-19,daily,6,2026-10-10T10:00:00Z,76,Tóth.A,BOU,MID,49,0,-1,0.0,4,13,361,742,a,,,,,,,,0.2,0,1,15,0,0,0,0,2,0,2,0,1,1,0.00,0.00,0.00,0.31,0.2,0.2
2026-09-20T00:17:43+00:00,2026-09-19,daily,6,2026-10-10T10:00:00Z,77,Adli,BOU,MID,49,0,-1,0.0,5,25,274,2166,i,Calf injury - Unknown return date,2026-08-15T16:00:07.590566Z,0,0,,,,0.0,0,0,0,0,0,0,0,0,0,0,0,0,0,0.00,0.00,0.00,0.00,0.0,0.0
2026-09-20T00:17:43+00:00,2026-09-19,daily,6,2026-10-10T10:00:00Z,78,Kroupi.Jr,BOU,MID,74,0,-1,0.2,48,193,1094,26711,i,Foot injury - Expected back 7 Nov,2026-07-29T17:30:09.796802Z,0,0,1,,,0.0,0,0,0,0,0,0,0,0,0,0,0,0,0,0.00,0.00,0.00,0.00,0.0,0.0
2026-09-20T00:17:43+00:00,2026-09-19,daily,6,2026-10-10T10:00:00Z,79,Evanilson,BOU,FWD,60,0,0,3.3,5198,3731,240659,158558,a,,,,,,,,3.2,0,16,334,4,0,3,2,4,0,22,10,1,11,0.71,0.51,1.22,4.80,3.2,3.2
2026-09-20T00:17:43+00:00,2026-09-19,daily,6,2026-10-10T10:00:00Z,80,Enes Ünal,BOU,FWD,55,0,0,0.0,0,10,0,1942,u,Has joined Getafe permanently,2026-08-14T14:14:21.881112Z,0,0,,,,0.0,0,0,0,0,0,0,0,0,0,0,0,0,0,0.00,0.00,0.00,0.00,0.0,0.0
2026-09-20T00:17:43+00:00,2026-09-19,daily,6,2026-10-10T10:00:00Z,81,Rodríguez,BOU,FWD,60,0,0,0.1,190,118,4897,6249,a,,2026-08-15T16:30:07.054142Z,100,100,,,,0.4,0,2,10,0,0,0,0,1,0,1,0,0,1,0.00,0.00,0.00,0.18,0.4,0.4
2026-09-20T00:17:43+00:00,2026-09-19,daily,6,2026-10-10T10:00:00Z,566,Silva,BOU,DEF,50,0,0,0.4,913,486,26375,21927,a,,,,,,,,2.0,0,10,360,4,0,0,0,7,0,41,38,3,12,0.85,0.27,1.12,5.30,2.0,2.0
2026-09-20T00:17:43+00:00,2026-09-19,daily,6,2026-10-10T10:00:00Z,573,Sanchez,BOU,DEF,44,0,-1,0.2,38,74,1458,6731,a,,,,,,,,0.0,0,0,0,0,0,0,0,0,0,0,0,0,0,0.00,0.00,0.00,0.00,0.0,0.0
2026-09-20T00:17:43+00:00,2026-09-19,daily,6,2026-10-10T10:00:00Z,608,Jebbison,BOU,FWD,50,0,0,0.1,205,196,12568,6551,a,,,,,,,,0.4,0,2,16,0,0,0,0,2,0,1,0,0,1,0.10,0.00,0.10,0.36,0.4,0.4
2026-09-20T00:17:43+00:00,2026-09-19,daily,6,2026-10-10T10:00:00Z,615,Di Gregorio,BOU,GKP,45,0,0,0.0,55,39,2798,1588,a,,,,,,,,0.0,0,0,0,0,0,0,0,0,0,0,0,0,0,0.00,0.00,0.00,0.00,0.0,0.0
2026-09-20T00:17:43+00:00,2026-09-19,daily,6,2026-10-10T10:00:00Z,82,Kelleher,BRE,GKP,50,0,0,6.1,6725,2695,238362,202961,a,,,,,,,,4.0,6,20,450,5,0,0,2,4,17,0,7,0,34,0.00,0.01,0.01,6.32,4.0,4.0
2026-09-20T00:17:43+00:00,2026-09-19,daily,6,2026-10-10T10:00:00Z,83,Valdimarsson,BRE,GKP,45,0,0,0.1,70,81,2635,4331,a,,,,,,,,0.0,0,0,0,0,0,0,0,0,0,0,0,0,0,0.00,0.00,0.00,0.00,0.0,0.0
2026-09-20T00:17:43+00:00,2026-09-19,daily,6,2026-10-10T10:00:00Z,84,Collins,BRE,DEF,54,0,-1,1.0,33,2617,58652,149973,i,Calf injury - Unknown return date,2026-09-05T18:00:06.182495Z,0,0,,,,2.0,0,10,196,3,0,0,1,1,0,17,15,2,11,0.51,0.05,0.56,2.13,0.0,0.0
2026-09-20T00:17:43+00:00,2026-09-19,daily,6,2026-10-10T10:00:00Z,85,Van den Berg,BRE,DEF,49,0,-1,0.1,13,75,386,8681,i,Groin injury - Unknown return date,2026-08-15T15:30:06.416627Z,0,0,,,,0.0,0,0,0,0,0,0,0,0,0,0,0,0,0,0.00,0.00,0.00,0.00,0.0,0.0
2026-09-20T00:17:43+00:00,2026-09-19,daily,6,2026-10-10T10:00:00Z,86,Lewis-Potter,BRE,MID,55,0,0,1.7,1182,3992,187827,112373,a,,,,,,1,,4.4,3,22,406,5,1,1,2,4,0,38,17,6,15,1.21,0.79,2.00,5.69,4.4,4.4
2026-09-20T00:17:43+00:00,2026-09-19,daily,6,2026-10-10T10:00:00Z,87,Ajer,BRE,DEF,45,0,0,4.0,4000,5504,309487,259196,a,,,,,,,,4.2,7,21,450,5,0,0,2,4,0,50,46,4,11,0.13,0.08,0.21,6.32,4.2,4.2
2026-09-20T00:17:43+00:00,2026-09-19,daily,6,2026-10-10T10:00:00Z,88,Kayode,BRE,DEF,46,0,1,7.7,4716,5287,587414,351521,a,,,,,,,,4.6,6,23,294,4,1,0,2,1,0,16,14,2,14,0.55,0.43,0.98,3.24,4.6,4.6
2026-09-20T00:17:43+00:00,2026-09-19,daily,6,2026-10-10T10:00:00Z,89,Henry,BRE,DEF,44,0,-1,0.2,50,151,1874,8149,a,,,,,,,,0.2,0,1,2,0,0,0,0,0,0,0,0,0,0,0.00,0.00,0.00,0.00,0.2,0.2
2026-09-20T00:17:43+00:00,2026-09-19,daily,6,2026-10-10T10:00:00Z,90,Hickey,BRE,DEF,45,0,0,0.1,45,56,1959,2789,a,,,,,,,,1.0,1,5,152,1,0,0,0,3,0,17,13,4,8,0.03,0.06,0.09,3.07,1.0,1.0
2026-09-20T00:17:43+00:00,2026-09-19,daily,6,2026-10-10T10:00:00Z,92,Ji-soo,BRE,DEF,44,-1,-1,0.0,25,25,459,897,a,,,,,,,,0.0,0,0,0,0,0,0,0,0,0,0,0,0,0,0.00,0.00,0.00,0.00,0.0,0.0
2026-09-20T00:17:43+00:00,2026-09-19,daily,6,2026-10-10T10:00:00Z,93,Schuster,BRE,DEF,45,0,0,0.2,8048,406,9610,4894,a,,,,,,,,4.2,14,21,253,2,0,1,1,3,0,38,35,3,6,0.10,0.54,0.64,4.19,4.2,4.2
2026-09-20T00:17:43+00:00,2026-09-19,daily,6,2026-10-10T10:00:00Z,94,Schade,BRE,MID,61,0,1,8.6,103469,4493,723324,224497,a,,,,,2,,,7.8,9,39,447,5,3,2,2,4,0,34,6,7,21,1.52,0.32,1.84,6.32,7.8,7.8
2026-09-20T00:17:43+00:00,2026-09-19,daily,6,2026-10-10T10:00:00Z,95,O.Dango,BRE,MID,63,0,-2,0.5,197,1192,14558,79771,a,,,,,,,4,1.4,1,7,179,2,0,0,1,1,0,28,9,2,17,0.09,0.39,0.48,2.81,1.4,1.4
2026-09-20T00:17:43+00:00,2026-09-19,daily,6,2026-10-10T10:00:00Z,96,Damsgaard,BRE,MID,54,0,-1,0.4,464,585,13975,28701,a,,,,,,3,2,3.2,3,16,283,3,0,1,2,1,0,31,6,7,18,0.17,0.73,0.90,3.06,3.2,3.2
2026-09-20T00:17:43+00:00,2026-09-19,daily,6,2026-10-10T10:00:00Z,97,Jensen,BRE,MID,54,0,-1,0.1,5,160,4490,14594,i,Unspecified injury - Expected back 10 Oct,2026-08-30T12:30:08.176795Z,0,0,3,2,1,1.2,0,6,66,1,0,1,1,0,0,5,0,2,3,0.08,0.34,0.42,0.47,0.0,0.0
2026-09-20T00:17:43+00:00,2026-09-19,daily,6,2026-10-10T10:00:00Z,98,Janelt,BRE,MID,50,0,0,2.5,6778,5406,293838,94497,a,,,,,,,3,5.6,3,28,450,5,2,0,2,4,0,64,27,17,20,0.53,0.44,0.97,6.32,5.6,5.6
2026-09-20T00:17:43+00:00,2026-09-19,daily,6,2026-10-10T10:00:00Z,99,Milambo,BRE,MID,50,0,0,0.0,2,3,111,155,i,Knee injury - Unknown return date,2026-07-23T12:01:23.384798Z,0,0,,,,0.0,0,0,0,0,0,0,0,0,0,0,0,0,0,0.00,0.00,0.00,0.00,0.0,0.0
2026-09-20T00:17:43+00:00,2026-09-19,daily,6,2026-10-10T10:00:00Z,100,Carvalho,BRE,MID,50,0,0,0.0,230,45,1528,1323,a,,2026-08-18T13:58:17.442072Z,100,100,,,,1.2,6,6,3,0,1,0,0,0,0,0,0,0,0,0.43,0.00,0.43,0.13,1.2,1.2
2026-09-20T00:17:43+00:00,2026-09-19,daily,6,2026-10-10T10:00:00Z,102,Yarmoliuk,BRE,MID,48,0,-2,0.7,345,830,4798,59180,a,,,,,,,,1.8,3,9,216,2,0,1,1,4,0,26,7,5,14,0.10,0.30,0.40,4.58,1.8,1.8
2026-09-20T00:17:43+00:00,2026-09-19,daily,6,2026-10-10T10:00:00Z,103,Dasilva,BRE,MID,49,0,-1,0.0,2,24,393,1869,i,Hamstring injury - Expected back 10 Oct,2026-09-04T13:30:08.371955Z,0,0,,,,0.0,0,0,0,0,0,0,0,0,0,0,0,0,0,0.00,0.00,0.00,0.00,0.0,0.0
2026-09-20T00:17:43+00:00,2026-09-19,daily,6,2026-10-10T10:00:00Z,105,Anthony,BRE,MID,59,0,-1,0.1,764,144,5762,10545,a,,,,,,,,3.0,10,15,267,3,1,0,2,3,0,26,6,4,16,1.15,0.54,1.69,3.50,3.0,3.0
2026-09-20T00:17:43+00:00,2026-09-19,daily,6,2026-10-10T10:00:00Z,106,Thiago,BRE,FWD,78,0,-2,9.0,16700,8502,237123,1005410,a,,,,,1,,,2.0,5,10,442,5,1,0,2,4,0,19,4,3,12,3.13,0.16,3.29,6.25,2.0,2.0
2026-09-20T00:17:43+00:00,2026-09-19,daily,6,2026-10-10T10:00:00Z,107,Furo,BRE,FWD,45,0,0,0.9,183,2614,61256,59776,i,Unspecified injury - Unknown return date,2026-09-14T14:00:09.985723Z,0,0,,,,0.0,0,0,0,0,0,0,0,0,0,0,0,0,0,0.00,0.00,0.00,0.00,0.0,0.0
2026-09-20T00:17:43+00:00,2026-09-19,daily,6,2026-10-10T10:00:00Z,108,Wilson,BRE,FWD,54,-1,-1,0.3,316,687,14665,24752,a,,,,,,,,0.6,0,3,13,0,0,0,0,0,0,2,1,0,1,0.07,0.04,0.11,0.15,0.6,0.6
2026-09-20T00:17:43+00:00,2026-09-19,daily,6,2026-10-10T10:00:00Z,565,M.Sangaré,BRE,MID,56,-1,1,10.7,2208,59788,1221496,741677,a,,,,,,,,4.4,0,22,321,4,0,2,1,3,0,48,12,14,22,0.41,0.65,1.06,4.31,4.4,4.4
2026-09-20T00:17:43+00:00,2026-09-19,daily,6,2026-10-10T10:00:00Z,620,Diouf,BRE,DEF,45,0,0,0.1,136,214,13297,6876,a,,,,,,,,0.5,1,2,39,0,0,0,0,0,0,2,2,0,1,0.00,0.01,0.01,0.63,0.5,0.5
2026-09-20T00:17:43+00:00,2026-09-19,daily,6,2026-10-10T10:00:00Z,657,Nunes,BRE,MID,45,0,0,0.0,88,62,1830,455,a,,,,,,,,0.0,0,0,0,0,0,0,0,0,0,0,0,0,0,0.00,0.00,0.00,0.00,0.0,0.0
2026-09-20T00:17:43+00:00,2026-09-19,daily,6,2026-10-10T10:00:00Z,660,Fredrick,BRE,DEF,40,0,0,0.0,130,12,130,12,a,,,,,,,,0.0,0,0,0,0,0,0,0,0,0,0,0,0,0,0.00,0.00,0.00,0.00,1.1,1.1
2026-09-20T00:17:43+00:00,2026-09-19,daily,6,2026-10-10T10:00:00Z,661,Balcombe,BRE,GKP,40,0,0,0.0,1242,116,1242,116,a,,,,,,,,0.0,0,0,0,0,0,0,0,0,0,0,0,0,0,0.00,0.00,0.00,0.00,1.0,1.0
2026-09-20T00:17:43+00:00,2026-09-19,daily,6,2026-10-10T10:00:00Z,109,Verbruggen,BHA,GKP,45,0,0,21.7,17375,18549,710850,554403,a,,,,,,,,4.6,6,23,450,5,0,0,3,5,12,0,3,0,34,0.00,0.20,0.20,8.67,4.6,4.6
2026-09-20T00:17:43+00:00,2026-09-19,daily,6,2026-10-10T10:00:00Z,111,Steele,BHA,GKP,40,0,0,4.2,2388,3988,142575,109743,a,,,,,,,,0.0,0,0,0,0,0,0,0,0,0,0,0,0,0,0.00,0.00,0.00,0.00,0.0,0.0
2026-09-20T00:17:43+00:00,2026-09-19,daily,6,2026-10-10T10:00:00Z,113,F.Kadıoğlu,BHA,DEF,44,0,-1,1.6,1008,2097,27421,129640,a,,2026-08-23T13:00:07.595211Z,100,100,,,3,2.6,5,13,332,4,0,0,2,5,0,10,9,1,8,0.12,0.13,0.25,7.55,2.6,2.6
2026-09-20T00:17:43+00:00,2026-09-19,daily,6,2026-10-10T10:00:00Z,114,Boscagli,BHA,DEF,45,0,0,0.3,480,182,14697,11259,a,,,,,,,,3.8,6,19,437,5,0,0,3,5,0,29,25,4,17,0.07,0.53,0.60,8.45,3.8,3.8
2026-09-20T00:17:43+00:00,2026-09-19,daily,6,2026-10-10T10:00:00Z,115,De Cuyper,BHA,DEF,49,0,4,25.7,76670,4389,2495009,389420,a,,,,,,4,2,7.6,6,38,423,5,1,3,3,5,0,16,8,8,18,1.55,0.67,2.22,8.58,7.6,7.6
2026-09-20T00:17:43+00:00,2026-09-19,daily,6,2026-10-10T10:00:00Z,116,Dunk,BHA,DEF,45,0,0,1.5,2934,1663,84495,42727,a,,,,,,3,,4.4,0,22,360,4,1,0,2,5,0,23,20,3,13,0.03,0.09,0.12,7.04,4.4,4.4
2026-09-20T00:17:43+00:00,2026-09-19,daily,6,2026-10-10T10:00:00Z,117,Coppola,BHA,DEF,45,0,0,0.0,19,23,831,986,a,,,,,,,,0.0,0,0,0,0,0,0,0,0,0,0,0,0,0,0.00,0.00,0.00,0.00,0.0,0.0
2026-09-20T00:17:43+00:00,2026-09-19,daily,6,2026-10-10T10:00:00Z,118,Igor,BHA,DEF,45,0,0,0.0,0,87,915,5730,u,Has joined Burnley permanently,2026-09-02T15:38:15.529699Z,0,0,,,,0.0,0,0,0,0,0,0,0,0,0,0,0,0,0,0.00,0.00,0.00,0.00,0.0,0.0
2026-09-20T00:17:43+00:00,2026-09-19,daily,6,2026-10-10T10:00:00Z,119,Costinha,BHA,DEF,45,0,0,0.0,29,32,1134,1357,a,,,,,,,,0.8,1,4,68,0,0,0,0,0,0,7,6,1,1,0.12,0.30,0.42,1.02,0.8,0.8
2026-09-20T00:17:43+00:00,2026-09-19,daily,6,2026-10-10T10:00:00Z,120,Svoboda,BHA,DEF,50,0,0,0.1,214,109,3390,3631,a,,,,,,,,0.2,1,1,4,0,0,0,0,0,0,1,0,1,1,0.00,0.00,0.00,0.14,0.2,0.2
2026-09-20T00:17:43+00:00,2026-09-19,daily,6,2026-10-10T10:00:00Z,121,Mitoma,BHA,MID,59,0,-1,0.0,27,39,453,2976,i,Hamstring injury - Expected back 10 Oct,2026-07-24T18:30:10.661894Z,0,0,,,,0.0,0,0,0,0,0,0,0,0,0,0,0,0,0,0.00,0.00,0.00,0.00,0.0,0.0
2026-09-20T00:17:43+00:00,2026-09-19,daily,6,2026-10-10T10:00:00Z,122,Minteh,BHA,MID,58,-1,-2,0.0,9,59,299,6733,i,Leg injury - Expected back 28 Nov,2026-08-14T18:00:06.418033Z,0,0,,,5,0.0,0,0,0,0,0,0,0,0,0,0,0,0,0,0.00,0.00,0.00,0.00,0.0,0.0
2026-09-20T00:17:43+00:00,2026-09-19,daily,6,2026-10-10T10:00:00Z,123,Hinshelwood,BHA,MID,59,0,-1,0.6,58,2114,147679,211340,i,Ankle injury - Expected back 10 Oct,2026-08-27T19:30:07.780933Z,0,0,,,,3.2,0,16,63,1,2,0,1,0,0,3,0,2,1,1.41,0.02,1.43,0.19,0.0,0.0
2026-09-20T00:17:43+00:00,2026-09-19,daily,6,2026-10-10T10:00:00Z,124,Groß,BHA,MID,58,1,3,23.8,277989,3306,1638482,533089,a,,,,,1,1,1,9.4,14,47,450,5,3,4,3,5,0,26,9,7,10,1.77,0.86,2.63,8.67,9.4,9.4
2026-09-20T00:17:43+00:00,2026-09-19,daily,6,2026-10-10T10:00:00Z,125,Georginio,BHA,FWD,53,-1,-2,0.5,483,1167,32480,73795,a,,2026-08-26T16:00:07.608056Z,100,100,,,,1.2,1,6,104,1,0,1,1,0,0,9,1,2,6,0.17,0.45,0.62,1.03,1.2,1.2
2026-09-20T00:17:43+00:00,2026-09-19,daily,6,2026-10-10T10:00:00Z,126,O'Riley,BHA,MID,54,0,-1,0.1,81,130,3255,6086,a,,,,,3,,,0.4,1,2,10,0,0,0,0,0,0,3,2,0,1,0.28,0.01,0.29,0.18,0.4,0.4
2026-09-20T00:17:43+00:00,2026-09-19,daily,6,2026-10-10T10:00:00Z,127,Gomez,BHA,MID,50,0,0,4.1,2231,14078,324738,275709,a,,,,,,5,,4.8,8,24,433,5,0,3,3,5,0,36,7,13,16,0.79,0.78,1.57,8.49,4.8,4.8
2026-09-20T00:17:43+00:00,2026-09-19,daily,6,2026-10-10T10:00:00Z,128,Buonanotte,BHA,MID,50,0,0,0.0,0,2,0,325,u,Has joined Elche on loan for the rest of the season,2026-08-10T14:03:07.561436Z,0,0,,,,0.0,0,0,0,0,0,0,0,0,0,0,0,0,0,0.00,0.00,0.00,0.00,0.0,0.0
2026-09-20T00:17:43+00:00,2026-09-19,daily,6,2026-10-10T10:00:00Z,129,Ayari,BHA,MID,54,0,-1,0.4,430,569,10671,40124,a,,2026-08-30T18:00:07.935334Z,100,100,,2,4,3.0,3,15,333,4,1,0,3,1,0,21,4,2,15,0.70,0.18,0.88,5.64,3.0,3.0
2026-09-20T00:17:43+00:00,2026-09-19,daily,6,2026-10-10T10:00:00Z,130,Wieffer,BHA,DEF,49,0,-1,0.2,8,510,25923,41942,i,Knee injury - Unknown return date,2026-09-04T09:30:08.612904Z,0,0,,,,1.4,0,7,156,2,0,0,1,4,0,15,11,4,9,0.12,0.13,0.25,3.18,0.0,0.0
2026-09-20T00:17:43+00:00,2026-09-19,daily,6,2026-10-10T10:00:00Z,132,Howell,BHA,MID,45,0,0,0.0,0,61,0,3539,u,Has joined Leicester City on loan for the rest of the season,2026-08-17T13:53:19.019938Z,0,0,,,,0.0,0,0,0,0,0,0,0,0,0,0,0,0,0,0.00,0.00,0.00,0.00,0.0,0.0
2026-09-20T00:17:43+00:00,2026-09-19,daily,6,2026-10-10T10:00:00Z,133,Watson,BHA,MID,50,0,0,0.0,0,1,0,132,u,Has joined Leicester City on loan for the rest of the season,2026-08-03T14:05:44.459483Z,0,0,,,,0.0,0,0,0,0,0,0,0,0,0,0,0,0,0,0.00,0.00,0.00,0.00,0.0,0.0
2026-09-20T00:17:43+00:00,2026-09-19,daily,6,2026-10-10T10:00:00Z,134,Oriola,BHA,MID,45,0,0,0.2,67,339,8471,13207,a,,,,,,,,0.0,0,0,0,0,0,0,0,0,0,0,0,0,0,0.00,0.00,0.00,0.00,0.0,0.0
2026-09-20T00:17:43+00:00,2026-09-19,daily,6,2026-10-10T10:00:00Z,135,Yohanna,BHA,MID,49,0,-1,0.0,2,116,1245,5223,i,Unspecified injury - Expected back 10 Oct,2026-09-10T13:00:08.617941Z,0,0,,,,0.2,0,1,12,0,0,0,0,0,0,0,0,0,0,0.00,0.03,0.03,0.00,0.0,0.0
2026-09-20T00:17:43+00:00,2026-09-19,daily,6,2026-10-10T10:00:00Z,137,Tzimas,BHA,FWD,54,0,-1,0.0,11,12,308,710,i,Knee injury - Unknown return date,2026-07-23T12:01:23.432796Z,0,0,,,,0.0,0,0,0,0,0,0,0,0,0,0,0,0,0,0.00,0.00,0.00,0.00,0.0,0.0
2026-09-20T00:17:43+00:00,2026-09-19,daily,6,2026-10-10T10:00:00Z,138,Kostoulas,BHA,FWD,55,0,0,1.7,71846,1516,176537,34026,a,,,,,,,,5.6,10,28,353,4,2,3,2,5,0,27,5,4,18,1.35,0.06,1.41,7.67,5.6,5.6
2026-09-20T00:17:43+00:00,2026-09-19,daily,6,2026-10-10T10:00:00Z,139,Ferguson,BHA,FWD,50,0,0,0.0,25,68,1476,2337,i,Ankle injury - Expected back 10 Oct,2026-07-23T12:01:23.448357Z,0,0,,,,0.0,0,0,0,0,0,0,0,0,0,0,0,0,0,0.00,0.00,0.00,0.00,0.0,0.0
2026-09-20T00:17:43+00:00,2026-09-19,daily,6,2026-10-10T10:00:00Z,328,Struijk,BHA,DEF,49,0,-1,0.2,154,138,5183,11389,a,,2026-08-15T20:30:07.523574Z,100,100,,,,1.4,5,7,98,1,0,0,1,0,0,10,9,1,6,0.16,0.01,0.17,1.70,1.4,1.4
2026-09-20T00:17:43+00:00,2026-09-19,daily,6,2026-10-10T10:00:00Z,504,Vuskovic,BHA,DEF,50,0,0,3.3,11860,2661,214960,127473,a,,,,,,,,6.4,8,32,437,5,1,0,3,5,0,43,37,6,17,0.46,0.07,0.53,8.45,6.4,6.4
2026-09-20T00:17:43+00:00,2026-09-19,daily,6,2026-10-10T10:00:00Z,594,David,BHA,FWD,59,-1,-1,0.2,562,529,12424,20802,a,,,,,2,,,0.2,0,1,23,0,0,0,0,0,0,0,0,0,0,0.42,0.00,0.42,0.14,0.2,0.2
2026-09-20T00:17:43+00:00,2026-09-19,daily,6,2026-10-10T10:00:00Z,600,Osman,BHA,MID,50,0,0,0.0,18,26,849,993,a,,,,,,,,0.6,0,3,40,0,0,0,0,1,0,4,0,1,3,0.05,0.07,0.12,0.32,0.6,0.6
2026-09-20T00:17:43+00:00,2026-09-19,daily,6,2026-10-10T10:00:00Z,605,Yalcouyé,BHA,MID,45,0,0,4.0,7896,11068,536785,149022,a,,,,,,,,4.0,1,20,236,3,2,0,1,4,0,19,6,6,7,1.46,0.45,1.91,6.57,4.0,4.0
2026-09-20T00:17:43+00:00,2026-09-19,daily,6,2026-10-10T10:00:00Z,614,Hadjam,BHA,DEF,45,0,0,0.0,86,67,3825,1772,a,,,,,,,,0.0,0,0,0,0,0,0,0,0,0,0,0,0,0,0.00,0.00,0.00,0.00,0.0,0.0
2026-09-20T00:17:43+00:00,2026-09-19,daily,6,2026-10-10T10:00:00Z,624,Cozier-Duberry,BHA,MID,50,0,0,0.0,0,0,117,108,u,Has joined Middlesbrough on loan for the rest of the season,2026-09-02T15:38:15.552951Z,0,0,,,,0.0,0,0,0,0,0,0,0,0,0,0,0,0,0,0.00,0.00,0.00,0.00,0.0,0.0
2026-09-20T00:17:43+00:00,2026-09-19,daily,6,2026-10-10T10:00:00Z,639,Andrés,BHA,MID,55,0,0,0.0,473,43,1717,511,a,,,,,,,,4.0,8,12,109,1,1,1,1,0,0,13,4,1,8,0.52,0.12,0.64,1.70,4.0,4.0
2026-09-20T00:17:43+00:00,2026-09-19,daily,6,2026-10-10T10:00:00Z,652,Azeez,BHA,MID,55,0,0,0.0,5,16,428,173,i,Hamstring injury - Expected back 10 Oct,2026-09-04T11:30:08.661589Z,0,0,,,,0.0,0,0,0,0,0,0,0,0,0,0,0,0,0,0.00,0.00,0.00,0.00,0.0,0.0
2026-09-20T00:17:43+00:00,2026-09-19,daily,6,2026-10-10T10:00:00Z,658,Ibrahim,BHA,MID,45,0,0,0.0,79,45,1242,313,a,,,,,,,,0.0,0,0,0,0,0,0,0,0,0,0,0,0,0,0.00,0.00,0.00,0.00,0.0,0.0
2026-09-20T00:17:43+00:00,2026-09-19,daily,6,2026-10-10T10:00:00Z,28,Martinez,CHE,GKP,50,0,0,4.8,1638,6612,239405,231193,a,,,,,,,,1.8,2,9,360,4,0,0,0,10,18,0,1,0,37,0.00,0.01,0.01,7.49,1.8,1.8
2026-09-20T00:17:43+00:00,2026-09-19,daily,6,2026-10-10T10:00:00Z,40,Rogers,CHE,MID,77,0,2,40.1,37143,16420,2366566,608107,a,,,,,,,3,5.8,2,29,437,5,3,1,0,12,0,31,3,5,23,1.72,1.23,2.95,8.73,5.8,5.8
2026-09-20T00:17:43+00:00,2026-09-19,daily,6,2026-10-10T10:00:00Z,101,Henderson,CHE,MID,49,0,-1,0.0,119,34,732,2508,a,,2026-08-09T09:30:07.136250Z,50,100,,,,0.4,2,2,90,1,0,0,0,3,0,10,2,1,7,0.00,0.08,0.08,2.65,0.2,0.4
2026-09-20T00:17:43+00:00,2026-09-19,daily,6,2026-10-10T10:00:00Z,136,Welbeck,CHE,FWD,59,0,-1,1.0,2998,2489,56934,76393,a,,2026-08-20T14:00:07.949090Z,100,100,,,,0.8,2,4,85,1,0,0,0,1,0,5,2,1,2,0.00,0.14,0.14,1.99,0.8,0.8
2026-09-20T00:17:43+00:00,2026-09-19,daily,6,2026-10-10T10:00:00Z,140,Sánchez,CHE,GKP,49,0,-1,0.7,0,1303,10847,172911,u,Has joined Como on loan for the rest of the season,2026-09-02T16:20:41.841936Z,0,0,,,,0.4,0,2,90,1,0,0,0,2,4,0,1,0,5,0.00,0.01,0.01,1.33,0.0,0.0
2026-09-20T00:17:43+00:00,2026-09-19,daily,6,2026-10-10T10:00:00Z,141,Jörgensen,CHE,GKP,50,0,0,0.0,0,11,0,929,u,Has joined RC Strasbourg on loan for the rest of the season,2026-08-12T14:07:02.607115Z,0,0,,,,0.0,0,0,0,0,0,0,0,0,0,0,0,0,0,0.00,0.00,0.00,0.00,0.0,0.0
2026-09-20T00:17:43+00:00,2026-09-19,daily,6,2026-10-10T10:00:00Z,142,James,CHE,DEF,54,0,-1,6.3,161,24389,168366,547078,d,Hamstring injury - 75% chance of playing,2026-09-18T10:30:09.719371Z,75,75,,1,1,0.6,0,3,292,3,0,0,0,7,0,13,11,2,15,0.33,0.26,0.59,4.90,0.4,0.4
2026-09-20T00:17:43+00:00,2026-09-19,daily,6,2026-10-10T10:00:00Z,143,Chalobah,CHE,DEF,55,0,0,0.1,0,70,0,13700,u,Has joined Como permanently,2026-08-10T14:03:50.769483Z,0,0,,,,0.0,0,0,0,0,0,0,0,0,0,0,0,0,0,0.00,0.00,0.00,0.00,0.0,0.0
2026-09-20T00:17:43+00:00,2026-09-19,daily,6,2026-10-10T10:00:00Z,144,Gusto,CHE,DEF,50,0,0,1.0,454,2064,35781,62544,a,,,,,,,,0.8,0,4,272,3,0,0,0,7,0,15,11,4,13,0.08,0.12,0.20,3.50,0.8,0.8
2026-09-20T00:17:43+00:00,2026-09-19,daily,6,2026-10-10T10:00:00Z,145,Fofana,CHE,DEF,50,0,0,0.2,604,309,16710,7250,a,,2026-07-23T12:01:23.464591Z,100,100,,,,1.6,4,8,312,4,0,0,0,7,0,47,40,7,11,0.00,0.08,0.08,5.65,1.6,1.6
2026-09-20T00:17:43+00:00,2026-09-19,daily,6,2026-10-10T10:00:00Z,146,B.Badiashile,CHE,DEF,45,0,0,0.0,0,12,232,1909,u,Has joined Napoli on loan for the rest of the season,2026-08-25T14:03:47.079414Z,0,0,,,,0.0,0,0,0,0,0,0,0,0,0,0,0,0,0,0.00,0.00,0.00,0.00,0.0,0.0
2026-09-20T00:17:43+00:00,2026-09-19,daily,6,2026-10-10T10:00:00Z,148,Hato,CHE,DEF,45,0,0,0.9,207,2647,90602,54974,a,,,,,,,,1.6,0,8,258,4,0,2,0,9,0,18,11,7,9,0.01,0.21,0.22,4.81,1.6,1.6
2026-09-20T00:17:43+00:00,2026-09-19,daily,6,2026-10-10T10:00:00Z,149,Colwill,CHE,DEF,48,-1,-2,0.9,287,1760,25943,94785,a,,,,,,,,0.6,1,3,341,4,0,0,0,9,0,26,23,3,15,0.01,0.05,0.06,6.67,0.6,0.6
2026-09-20T00:17:43+00:00,2026-09-19,daily,6,2026-10-10T10:00:00Z,150,M.Sarr,CHE,DEF,45,0,0,0.0,0,47,429,5863,u,Has joined Real Sociedad on loan for the rest of the season,2026-08-29T00:34:23.077418Z,0,0,,,,0.0,0,0,0,0,0,0,0,0,0,0,0,0,0,0.00,0.00,0.00,0.00,0.0,0.0
2026-09-20T00:17:43+00:00,2026-09-19,daily,6,2026-10-10T10:00:00Z,151,Acheampong,CHE,DEF,45,0,0,0.4,121,525,20833,21084,a,,,,,,,,1.0,0,5,221,2,0,0,0,7,0,20,13,7,7,0.00,0.03,0.03,4.72,1.0,1.0
2026-09-20T00:17:43+00:00,2026-09-19,daily,6,2026-10-10T10:00:00Z,152,Palestra,CHE,DEF,53,0,-2,0.6,37,1083,6497,217624,d,Thigh injury - 50% chance of playing,2026-08-24T18:30:07.421239Z,50,50,,,,0.0,0,0,0,0,0,0,0,0,0,0,0,0,0,0.00,0.00,0.00,0.00,0.0,0.0
2026-09-20T00:17:43+00:00,2026-09-19,daily,6,2026-10-10T10:00:00Z,154,Palmer,CHE,MID,97,0,2,26.8,12928,30336,1916304,525642,a,,2026-08-24T22:00:07.971542Z,100,100,1,2,,5.6,2,28,442,5,2,2,0,12,0,29,3,7,19,1.31,0.79,2.10,8.73,5.6,5.6
2026-09-20T00:17:43+00:00,2026-09-19,daily,6,2026-10-10T10:00:00Z,156,Neto,CHE,MID,65,0,0,1.4,1106,2746,78231,84397,a,,,,,,3,2,2.8,2,14,332,4,1,0,0,8,0,28,8,6,14,0.68,0.58,1.26,6.64,2.8,2.8
2026-09-20T00:17:43+00:00,2026-09-19,daily,6,2026-10-10T10:00:00Z,157,Estêvão,CHE,MID,63,0,-2,0.7,373,1095,16287,83830,a,,,,,2,,4,0.8,1,4,23,0,0,0,0,1,0,2,0,1,1,0.07,0.07,0.14,1.01,0.8,0.8
2026-09-20T00:17:43+00:00,2026-09-19,daily,6,2026-10-10T10:00:00Z,158,Gittens,CHE,MID,59,0,-1,0.0,34,45,1013,2675,a,,,,,,,,0.0,0,0,0,0,0,0,0,0,0,0,0,0,0,0.00,0.00,0.00,0.00,0.0,0.0
2026-09-20T00:17:43+00:00,2026-09-19,daily,6,2026-10-10T10:00:00Z,159,Caicedo,CHE,MID,53,0,-2,1.1,97,2526,14735,274918,d,Calf injury - 50% chance of playing,2026-08-30T16:00:08.393562Z,50,50,,,,0.2,0,1,13,0,0,0,0,0,0,0,0,0,0,0.00,0.00,0.00,0.07,0.1,0.1
2026-09-20T00:17:43+00:00,2026-09-19,daily,6,2026-10-10T10:00:00Z,161,Lavia,CHE,MID,50,0,0,0.2,109,792,25484,13902,a,,,,,,,,2.2,0,11,258,4,1,0,0,8,0,31,10,6,15,0.75,0.11,0.86,5.06,2.2,2.2
2026-09-20T00:17:43+00:00,2026-09-19,daily,6,2026-10-10T10:00:00Z,163,D.Essugo,CHE,MID,45,0,0,0.1,0,193,2698,13905,u,Has joined RC Strasbourg on loan for the rest of the season,2026-09-02T16:20:41.865225Z,0,0,,,,0.0,0,0,0,0,0,0,0,0,0,0,0,0,0,0.00,0.00,0.00,0.00,0.0,0.0
2026-09-20T00:17:43+00:00,2026-09-19,daily,6,2026-10-10T10:00:00Z,164,Quenda,CHE,MID,53,0,-2,0.0,16,42,848,3262,a,,2026-07-24T20:30:10.609931Z,100,100,,,,0.4,1,2,27,0,0,0,0,2,0,1,1,0,0,0.03,0.01,0.04,1.29,0.4,0.4
2026-09-20T00:17:43+00:00,2026-09-19,daily,6,2026-10-10T10:00:00Z,165,João Pedro,CHE,FWD,78,0,3,67.9,12186,106618,1526927,1179114,d,Knee injury - 75% chance of playing,2026-09-16T19:00:09.919929Z,75,75,,,,6.6,0,33,360,4,3,3,0,9,0,9,3,1,5,2.17,0.19,2.36,6.17,4.9,4.9
2026-09-20T00:17:43+00:00,2026-09-19,daily,6,2026-10-10T10:00:00Z,168,Marc Guiu,CHE,FWD,50,0,0,0.2,0,381,4102,32105,u,Has joined RB Leipzig permanently,2026-09-01T13:24:48.857362Z,0,0,,,,0.0,0,0,0,0,0,0,0,0,0,0,0,0,0,0.00,0.00,0.00,0.00,0.0,0.0
2026-09-20T00:17:43+00:00,2026-09-19,daily,6,2026-10-10T10:00:00Z,169,Mheuka,CHE,FWD,45,0,0,0.5,1280,754,29001,22543,a,,,,,,,,0.0,0,0,0,0,0,0,0,0,0,0,0,0,0,0.00,0.00,0.00,0.00,0.0,0.0
2026-09-20T00:17:43+00:00,2026-09-19,daily,6,2026-10-10T10:00:00Z,170,Emegha,CHE,FWD,50,0,0,0.1,18,284,6018,11791,i,Hamstring injury - Expected back 10 Oct,2026-09-09T15:00:09.063849Z,0,0,,,,0.0,0,0,0,0,0,0,0,0,0,0,0,0,0,0.00,0.00,0.00,0.00,0.0,0.0
2026-09-20T00:17:43+00:00,2026-09-19,daily,6,2026-10-10T10:00:00Z,200,Lacroix,CHE,DEF,59,-1,-1,6.9,1441,8067,168095,403643,a,,,,,,,,2.6,3,13,364,4,0,1,0,10,0,47,37,10,8,0.15,0.22,0.37,7.93,2.6,2.6
2026-09-20T00:17:43+00:00,2026-09-19,daily,6,2026-10-10T10:00:00Z,560,Penders,CHE,GKP,44,0,-1,0.1,50,74,1825,3394,a,,,,,,,,0.0,0,0,0,0,0,0,0,0,0,0,0,0,0,0.00,0.00,0.00,0.00,0.0,0.0
2026-09-20T00:17:43+00:00,2026-09-19,daily,6,2026-10-10T10:00:00Z,561,Anselmino,CHE,DEF,45,0,0,0.0,22,37,779,1185,a,,2026-08-23T19:00:08.536705Z,100,100,,,,0.0,0,0,0,0,0,0,0,0,0,0,0,0,0,0.00,0.00,0.00,0.00,0.0,0.0
2026-09-20T00:17:43+00:00,2026-09-19,daily,6,2026-10-10T10:00:00Z,568,Barco,CHE,MID,54,0,-1,0.1,77,124,3000,6691,a,,,,,,,,0.6,2,3,115,1,0,0,0,3,0,12,4,3,5,0.07,0.11,0.18,2.83,0.6,0.6
2026-09-20T00:17:43+00:00,2026-09-19,daily,6,2026-10-10T10:00:00Z,583,Chavarria,CHE,DEF,49,0,-1,0.1,123,125,3083,10731,a,,,,,,,,1.0,1,5,208,1,0,0,0,4,0,16,11,5,7,0.04,0.07,0.11,4.10,1.0,1.0
2026-09-20T00:17:43+00:00,2026-09-19,daily,6,2026-10-10T10:00:00Z,662,Nicoll-Jazuli,CHE,MID,45,0,0,0.0,76,7,76,7,a,,,,,,,,1.0,1,1,3,0,0,0,0,1,0,2,0,2,0,0.00,0.00,0.00,0.43,1.1,1.1
2026-09-20T00:17:43+00:00,2026-09-19,daily,6,2026-10-10T10:00:00Z,91,Pinnock,COV,DEF,45,0,0,0.1,63,68,2232,3839,a,,,,,,,,2.8,8,14,282,3,0,0,1,7,0,44,41,3,4,0.12,0.00,0.12,6.57,2.8,2.8
2026-09-20T00:17:43+00:00,2026-09-19,daily,6,2026-10-10T10:00:00Z,104,Onyeka,COV,MID,49,0,-1,0.1,22,121,3832,9248,a,,2026-09-15T09:00:07.851220Z,100,100,,,,1.8,3,9,314,4,0,0,1,7,0,28,9,5,14,0.03,0.02,0.05,6.31,1.8,1.8
2026-09-20T00:17:43+00:00,2026-09-19,daily,6,2026-10-10T10:00:00Z,110,Rushworth,COV,GKP,45,0,0,0.8,340,2685,21487,55849,a,,,,,,,,3.2,11,16,450,5,0,1,1,10,9,0,4,0,50,0.00,0.02,0.02,8.63,3.2,3.2
2026-09-20T00:17:43+00:00,2026-09-19,daily,6,2026-10-10T10:00:00Z,171,Dovin,COV,GKP,40,0,0,1.0,0,1194,8924,54362,u,Has joined Leyton Orient on loan for the rest of the season,2026-09-02T15:44:14.839336Z,0,0,,,,0.0,0,0,0,0,0,0,0,0,0,0,0,0,0,0.00,0.00,0.00,0.00,0.0,0.0
2026-09-20T00:17:43+00:00,2026-09-19,daily,6,2026-10-10T10:00:00Z,172,Wilson,COV,GKP,44,0,-1,0.4,48,130,1218,11827,a,,,,,,,,0.0,0,0,0,0,0,0,0,0,0,0,0,0,0,0.00,0.00,0.00,0.00,0.0,0.0
2026-09-20T00:17:43+00:00,2026-09-19,daily,6,2026-10-10T10:00:00Z,173,Thomas,COV,DEF,40,0,0,8.6,4004,9254,341438,262278,a,,,,,,,,4.8,9,24,437,5,0,0,2,9,0,52,49,3,16,0.49,0.30,0.79,8.09,4.8,4.8
2026-09-20T00:17:43+00:00,2026-09-19,daily,6,2026-10-10T10:00:00Z,174,Kitching,COV,DEF,40,0,0,0.4,0,421,981,31514,u,Has joined Sheffield United on loan for the rest of the season,2026-09-02T16:21:03.612394Z,0,0,,,,0.0,0,0,0,0,0,0,0,0,0,0,0,0,0,0.00,0.00,0.00,0.00,0.0,0.0
2026-09-20T00:17:43+00:00,2026-09-19,daily,6,2026-10-10T10:00:00Z,175,van Ewijk,COV,DEF,40,0,0,9.4,719,19223,122624,443897,d,Hamstring injury - 75% chance of playing,2026-09-19T16:00:09.486751Z,,75,,,,1.2,0,6,360,4,0,0,0,10,0,27,21,6,13,0.00,0.30,0.30,7.53,1.2,0.9
2026-09-20T00:17:43+00:00,2026-09-19,daily,6,2026-10-10T10:00:00Z,176,Dasilva,COV,DEF,40,0,0,0.7,567,358,9850,21324,a,,,,,,,,4.0,15,20,444,5,1,0,1,10,0,23,19,4,14,0.50,0.52,1.02,8.63,4.0,4.0
2026-09-20T00:17:43+00:00,2026-09-19,daily,6,2026-10-10T10:00:00Z,177,Kesler-Hayden,COV,DEF,39,-1,-1,0.0,300,84,899,3309,i,Hamstring injury - Unknown return date,2026-08-27T14:56:28.704361Z,0,0,,,,0.0,0,0,0,0,0,0,0,0,0,0,0,0,0,0.00,0.00,0.00,0.00,0.0,0.0
2026-09-20T00:17:43+00:00,2026-09-19,daily,6,2026-10-10T10:00:00Z,178,Bidwell,COV,DEF,40,0,0,0.1,59,55,2366,3286,a,,,,,,,,0.0,0,0,0,0,0,0,0,0,0,0,0,0,0,0.00,0.00,0.00,0.00,0.0,0.0
2026-09-20T00:17:43+00:00,2026-09-19,daily,6,2026-10-10T10:00:00Z,179,Latibeaudiere,COV,DEF,40,0,0,0.0,21,30,932,1633,a,,,,,,,,0.2,1,1,1,0,0,0,0,0,0,2,2,0,0,0.00,0.00,0.00,0.02,0.2,0.2
2026-09-20T00:17:43+00:00,2026-09-19,daily,6,2026-10-10T10:00:00Z,180,Woolfenden,COV,DEF,40,0,0,0.1,8,131,2243,8640,i,Knee injury - Unknown return date,2026-08-27T14:56:28.718566Z,0,0,,,,0.0,0,0,0,0,0,0,0,0,0,0,0,0,0,0.00,0.00,0.00,0.00,0.0,0.0
2026-09-20T00:17:43+00:00,2026-09-19,daily,6,2026-10-10T10:00:00Z,181,Brau,COV,DEF,40,0,0,0.0,0,19,275,2089,u,Has joined Academico de Viseu on loan for the rest of the season,2026-08-29T00:35:59.980316Z,0,0,,,,0.0,0,0,0,0,0,0,0,0,0,0,0,0,0,0.00,0.00,0.00,0.00,0.0,0.0
2026-09-20T00:17:43+00:00,2026-09-19,daily,6,2026-10-10T10:00:00Z,182,Amenda,COV,DEF,40,0,0,0.7,9,1866,11454,28768,i,Calf injury - Unknown return date,2026-09-17T07:30:09.329041Z,25,0,,,,0.8,0,4,360,4,0,0,0,10,0,24,23,1,11,0.02,0.39,0.41,7.53,0.2,0.0
2026-09-20T00:17:43+00:00,2026-09-19,daily,6,2026-10-10T10:00:00Z,183,Rudoni,COV,MID,49,0,-1,0.1,129,172,3599,7561,a,,2026-07-23T12:01:23.481435Z,100,100,,1,5,2.6,5,13,297,4,0,0,2,4,0,34,9,4,21,0.92,1.11,2.03,4.49,2.6,2.6
2026-09-20T00:17:43+00:00,2026-09-19,daily,6,2026-10-10T10:00:00Z,184,Grimes,COV,MID,49,0,-1,0.1,46,290,3943,10681,a,,,,,3,,1,2.2,3,11,443,5,0,0,1,9,0,38,13,9,16,0.12,0.13,0.25,8.42,2.2,2.2
2026-09-20T00:17:43+00:00,2026-09-19,daily,6,2026-10-10T10:00:00Z,185,Sakamoto,COV,MID,48,0,-2,0.1,39,105,929,5477,a,,,,,,,,0.2,0,1,31,0,0,0,0,1,0,4,0,2,2,0.02,0.02,0.04,0.69,0.2,0.2
2026-09-20T00:17:43+00:00,2026-09-19,daily,6,2026-10-10T10:00:00Z,186,Mason-Clark,COV,MID,54,0,-1,0.1,19,105,1058,5709,a,,2026-08-19T18:00:08.310507Z,100,100,,,,1.0,1,5,231,4,0,0,0,3,0,15,6,0,9,0.51,0.12,0.63,3.16,1.0,1.0
2026-09-20T00:17:43+00:00,2026-09-19,daily,6,2026-10-10T10:00:00Z,187,Eccles,COV,MID,48,-1,-2,0.0,5,35,618,1411,i,Unspecified injury - Expected back 12 Oct,2026-09-10T18:30:08.877110Z,0,0,,,,0.0,0,0,0,0,0,0,0,0,0,0,0,0,0,0.00,0.00,0.00,0.00,0.0,0.0
2026-09-20T00:17:43+00:00,2026-09-19,daily,6,2026-10-10T10:00:00Z,188,Torp,COV,MID,53,-1,-2,0.1,15,116,768,7648,a,,,,,2,2,2,0.6,0,3,53,0,0,0,0,2,0,3,1,0,2,0.00,0.12,0.12,1.22,0.6,0.6
2026-09-20T00:17:43+00:00,2026-09-19,daily,6,2026-10-10T10:00:00Z,189,Shepherd,COV,MID,44,0,-1,0.3,1566,568,8286,13439,a,,,,,,,,0.0,0,0,0,0,0,0,0,0,0,0,0,0,0,0.00,0.00,0.00,0.00,0.0,0.0
2026-09-20T00:17:43+00:00,2026-09-19,daily,6,2026-10-10T10:00:00Z,190,Tchaouna,COV,MID,54,0,-1,0.1,2,95,3118,7972,a,,,,,,,3,1.0,1,5,211,2,0,0,0,3,0,18,6,1,11,0.23,0.18,0.41,3.23,1.0,1.0
2026-09-20T00:17:43+00:00,2026-09-19,daily,6,2026-10-10T10:00:00Z,191,Borges Rodrigues,COV,MID,45,0,0,0.1,0,189,1943,11013,u,Has joined Burton Albion on loan for the rest of the season,2026-09-02T15:44:14.868001Z,0,0,,,,0.0,0,0,0,0,0,0,0,0,0,0,0,0,0,0.00,0.00,0.00,0.00,0.0,0.0
2026-09-20T00:17:43+00:00,2026-09-19,daily,6,2026-10-10T10:00:00Z,192,Andrews,COV,MID,45,0,0,0.3,0,572,2718,39677,u,Has joined Oxford United on loan for the rest of the season,2026-08-29T00:35:59.998520Z,0,0,,,,0.0,0,0,0,0,0,0,0,0,0,0,0,0,0,0.00,0.00,0.00,0.00,0.0,0.0
2026-09-20T00:17:43+00:00,2026-09-19,daily,6,2026-10-10T10:00:00Z,193,Wright,COV,FWD,54,0,-1,0.1,14,125,581,12051,i,Thigh injury - Unknown return date,2026-08-14T22:00:07.214508Z,0,0,1,,,0.0,0,0,0,0,0,0,0,0,0,0,0,0,0,0.00,0.00,0.00,0.00,0.0,0.0
2026-09-20T00:17:43+00:00,2026-09-19,daily,6,2026-10-10T10:00:00Z,194,Thomas-Asante,COV,FWD,50,0,0,0.7,1029,1316,51654,52341,a,,,,,4,,,1.8,4,9,227,2,0,0,1,6,0,27,12,3,12,0.34,0.06,0.39,4.98,1.8,1.8
2026-09-20T00:17:43+00:00,2026-09-19,daily,6,2026-10-10T10:00:00Z,195,Simms,COV,FWD,50,0,0,0.7,266,1294,38770,60512,a,,,,,,,,0.8,1,4,104,1,0,0,0,3,0,3,1,0,2,0.30,0.01,0.31,2.79,0.8,0.8
2026-09-20T00:17:43+00:00,2026-09-19,daily,6,2026-10-10T10:00:00Z,196,Markelo,COV,FWD,50,0,0,0.0,0,14,0,1141,u,Has joined Shabab Al-Ahli Dubai permanently,2026-08-17T13:53:55.791223Z,0,0,,,,0.0,0,0,0,0,0,0,0,0,0,0,0,0,0,0.00,0.00,0.00,0.00,0.0,0.0
2026-09-20T00:17:43+00:00,2026-09-19,daily,6,2026-10-10T10:00:00Z,197,Bassette,COV,FWD,45,0,0,0.0,0,43,0,2002,u,Has joined KVC Westerlo on loan for the rest of the season,2026-07-28T12:58:50.001768Z,0,0,,,,0.0,0,0,0,0,0,0,0,0,0,0,0,0,0,0.00,0.00,0.00,0.00,0.0,0.0
2026-09-20T00:17:43+00:00,2026-09-19,daily,6,2026-10-10T10:00:00Z,492,Awoniyi,COV,FWD,54,-1,-1,0.4,21,1547,21294,61342,s,Suspended until 19 Oct,2026-09-13T15:00:09.305127Z,0,0,5,,,0.6,0,3,232,3,0,0,0,7,0,11,3,1,7,1.30,0.04,1.34,3.55,0.0,0.0
2026-09-20T00:17:43+00:00,2026-09-19,daily,6,2026-10-10T10:00:00Z,575,Yirenkyi,COV,MID,49,0,-1,0.1,29,328,2681,12995,a,,,,,,,,1.8,3,9,265,3,0,0,2,5,0,21,7,1,13,0.03,0.15,0.18,4.25,1.8,1.8
2026-09-20T00:17:43+00:00,2026-09-19,daily,6,2026-10-10T10:00:00Z,584,Hamer,COV,MID,54,0,-1,0.1,12,86,762,6093,a,,,,,,,4,0.6,0,3,32,0,0,0,0,1,0,3,0,1,2,0.00,0.02,0.02,0.82,0.6,0.6
2026-09-20T00:17:43+00:00,2026-09-19,daily,6,2026-10-10T10:00:00Z,599,Cherif,COV,FWD,50,0,0,0.1,141,154,7068,6993,a,,,,,,,,0.2,0,1,30,0,0,0,0,3,0,1,1,0,0,0.00,0.00,0.00,1.43,0.2,0.2
2026-09-20T00:17:43+00:00,2026-09-19,daily,6,2026-10-10T10:00:00Z,623,Bentley,COV,GKP,40,0,0,0.6,1406,297,71784,17189,a,,,,,,,,0.0,0,0,0,0,0,0,0,0,0,0,0,0,0,0.00,0.00,0.00,0.00,0.0,0.0
2026-09-20T00:17:43+00:00,2026-09-19,daily,6,2026-10-10T10:00:00Z,655,Gboho,COV,MID,55,0,0,0.0,25,20,223,69,a,,,,,,,,0.0,0,0,0,0,0,0,0,0,0,0,0,0,0,0.00,0.00,0.00,0.00,0.0,0.0
2026-09-20T00:17:43+00:00,2026-09-19,daily,6,2026-10-10T10:00:00Z,656,Mfuni,COV,DEF,40,0,0,0.1,214,187,8526,1988,a,,,,,,,,3.0,6,6,90,1,0,0,1,0,0,8,7,1,3,0.00,0.01,0.01,1.10,3.0,3.0
2026-09-20T00:17:43+00:00,2026-09-19,daily,6,2026-10-10T10:00:00Z,42,Guessand,CRY,MID,54,0,-1,0.0,23,51,2316,3422,a,,,,,,,,0.4,0,2,54,0,0,0,0,1,0,2,1,1,0,0.03,0.03,0.06,0.34,0.4,0.4
2026-09-20T00:17:43+00:00,2026-09-19,daily,6,2026-10-10T10:00:00Z,153,Disasi,CRY,DEF,45,0,0,0.1,5,235,9406,9816,s,Suspended until 25 Oct,2026-09-12T15:30:09.445078Z,0,0,,,,0.2,0,1,139,2,0,0,0,6,0,20,15,5,11,0.00,0.04,0.04,3.72,0.0,0.0
2026-09-20T00:17:43+00:00,2026-09-19,daily,6,2026-10-10T10:00:00Z,198,Henderson,CRY,GKP,50,0,0,1.4,29,3048,55155,111956,i,Foot injury - Expected back 11 Oct,2026-09-12T14:00:09.378740Z,0,0,,,,1.0,0,5,270,3,0,0,0,8,12,0,6,0,31,0.00,0.00,0.00,6.47,0.0,0.0
2026-09-20T00:17:43+00:00,2026-09-19,daily,6,2026-10-10T10:00:00Z,199,Benitez,CRY,GKP,45,0,0,0.1,89,67,3181,4484,a,,,,,,,,0.4,0,2,90,1,0,0,0,3,3,0,1,0,7,0.00,0.00,0.00,1.68,0.4,0.4
2026-09-20T00:17:43+00:00,2026-09-19,daily,6,2026-10-10T10:00:00Z,202,Richards,CRY,DEF,50,0,0,0.6,230,782,21142,36513,a,,,,,,,,1.2,0,6,360,4,0,0,0,11,0,44,38,6,13,0.08,0.06,0.14,8.15,1.2,1.2
2026-09-20T00:17:43+00:00,2026-09-19,daily,6,2026-10-10T10:00:00Z,203,Canvot,CRY,DEF,48,-1,-2,0.2,45,362,5387,19012,a,,,,,,,,0.4,0,2,270,3,0,0,0,8,0,24,17,7,6,0.05,0.01,0.06,6.47,0.4,0.4
2026-09-20T00:17:43+00:00,2026-09-19,daily,6,2026-10-10T10:00:00Z,204,Mitchell,CRY,DEF,45,0,0,6.0,1661,5189,298196,253591,a,,,,,,,,3.4,0,17,329,4,2,0,0,10,0,17,11,6,15,0.77,0.24,1.01,7.03,3.4,3.4
2026-09-20T00:17:43+00:00,2026-09-19,daily,6,2026-10-10T10:00:00Z,205,Sosa,CRY,DEF,45,0,0,0.0,0,28,236,1997,u,Has joined FC Cologne on loan for the rest of the season,2026-09-02T16:03:25.710518Z,0,0,,,,0.0,0,0,0,0,0,0,0,0,0,0,0,0,0,0.00,0.00,0.00,0.00,0.0,0.0
2026-09-20T00:17:43+00:00,2026-09-19,daily,6,2026-10-10T10:00:00Z,206,Chadi Riad,CRY,DEF,43,-1,-2,0.0,6,35,630,5586,i,Knee injury - Unknown return date,2026-08-22T18:00:07.352049Z,0,0,,,,0.2,0,1,72,1,0,0,0,2,0,7,6,1,3,0.00,0.01,0.01,0.98,0.0,0.0
2026-09-20T00:17:43+00:00,2026-09-19,daily,6,2026-10-10T10:00:00Z,207,Mingueza,CRY,DEF,44,0,-1,0.1,22,53,1932,4609,a,,,,,,,,0.4,0,2,16,0,0,0,0,1,0,2,0,2,1,0.00,0.00,0.00,0.33,0.4,0.4
2026-09-20T00:17:43+00:00,2026-09-19,daily,6,2026-10-10T10:00:00Z,208,Sarr,CRY,MID,62,0,-3,0.6,682,441,4736,374892,a,,2026-08-22T18:00:07.363165Z,100,100,2,,,0.0,0,0,0,0,0,0,0,0,0,0,0,0,0,0.00,0.00,0.00,0.00,0.0,0.0
2026-09-20T00:17:43+00:00,2026-09-19,daily,6,2026-10-10T10:00:00Z,210,Wharton,CRY,MID,55,0,0,0.8,255,1086,28662,45076,a,,2026-07-23T12:01:23.498963Z,100,100,,,2,2.0,0,10,346,4,0,0,0,10,0,34,12,8,14,0.08,0.36,0.44,7.60,2.0,2.0
2026-09-20T00:17:43+00:00,2026-09-19,daily,6,2026-10-10T10:00:00Z,211,Yeremy,CRY,MID,55,0,0,0.4,204,805,44748,29202,a,,,,,,1,1,2.4,0,12,226,3,0,2,0,6,0,21,3,5,13,0.36,0.40,0.76,5.67,2.4,2.4
2026-09-20T00:17:43+00:00,2026-09-19,daily,6,2026-10-10T10:00:00Z,212,Hughes,CRY,MID,44,0,-1,7.6,2525,11282,115924,449897,a,,,,,,,4,0.4,0,2,29,0,0,0,0,1,0,7,3,1,3,0.00,0.04,0.04,1.12,0.4,0.4
2026-09-20T00:17:43+00:00,2026-09-19,daily,6,2026-10-10T10:00:00Z,213,Lerma,CRY,MID,49,0,-1,0.1,13,72,1219,5253,a,,,,,,,,0.2,0,1,6,0,0,0,0,1,0,1,1,0,0,0.00,0.00,0.00,0.48,0.2,0.2
2026-09-20T00:17:43+00:00,2026-09-19,daily,6,2026-10-10T10:00:00Z,214,Kamada,CRY,MID,50,0,0,0.5,875,692,47622,22309,a,,,,,,,3,3.6,0,18,351,4,0,3,0,10,0,28,4,10,14,0.05,0.35,0.40,7.54,3.6,3.6
2026-09-20T00:17:43+00:00,2026-09-19,daily,6,2026-10-10T10:00:00Z,215,Devenny,CRY,MID,50,0,0,0.0,0,5,132,919,u,Has joined Stoke City permanently,2026-09-02T15:41:07.346849Z,0,0,3,2,,0.0,0,0,0,0,0,0,0,0,0,0,0,0,0,0.00,0.00,0.00,0.00,0.0,0.0
2026-09-20T00:17:43+00:00,2026-09-19,daily,6,2026-10-10T10:00:00Z,216,Esse,CRY,MID,50,0,0,0.0,0,27,399,3138,u,Has joined Millwall on loan for the rest of the season,2026-09-02T15:41:07.376544Z,0,0,,,,0.0,0,0,0,0,0,0,0,0,0,0,0,0,0,0.00,0.00,0.00,0.00,0.0,0.0
2026-09-20T00:17:43+00:00,2026-09-19,daily,6,2026-10-10T10:00:00Z,217,M.França,CRY,MID,49,0,-1,0.0,0,42,1007,3324,u,Has joined Alverca on loan for the rest of the season,2026-09-11T14:42:19.322912Z,0,0,,,,0.0,0,0,0,0,0,0,0,0,0,0,0,0,0,0.00,0.00,0.00,0.00,0.0,0.0
2026-09-20T00:17:43+00:00,2026-09-19,daily,6,2026-10-10T10:00:00Z,218,Doucouré,CRY,MID,49,0,-1,0.0,19,57,1993,4222,a,,,,,,,,0.0,0,0,0,0,0,0,0,0,0,0,0,0,0,0.00,0.00,0.00,0.00,0.0,0.0
2026-09-20T00:17:43+00:00,2026-09-19,daily,6,2026-10-10T10:00:00Z,219,J.Rak-Sakyi,CRY,MID,49,0,-1,0.0,0,1,145,443,u,has joined  Kasimpasa on loan for the rest of the seaon.,2026-09-10T09:12:47.224598Z,0,0,,,,0.0,0,0,0,0,0,0,0,0,0,0,0,0,0,0.00,0.00,0.00,0.00,0.0,0.0
2026-09-20T00:17:43+00:00,2026-09-19,daily,6,2026-10-10T10:00:00Z,220,Cardines,CRY,DEF,45,0,0,0.0,0,3,0,128,u,Has joined Bristol City on loan for the rest of the season,2026-08-12T14:08:46.501813Z,0,0,,,,0.0,0,0,0,0,0,0,0,0,0,0,0,0,0,0.00,0.00,0.00,0.00,0.0,0.0
2026-09-20T00:17:43+00:00,2026-09-19,daily,6,2026-10-10T10:00:00Z,221,Drakes-Thomas,CRY,MID,45,0,0,0.1,33,110,2581,4355,a,,,,,,,,0.0,0,0,0,0,0,0,0,0,0,0,0,0,0,0.00,0.00,0.00,0.00,0.0,0.0
2026-09-20T00:17:43+00:00,2026-09-19,daily,6,2026-10-10T10:00:00Z,222,Strand Larsen,CRY,FWD,60,0,0,0.6,1402,667,46627,37721,a,,,,,,,,2.4,0,12,217,2,1,0,0,5,0,10,3,2,5,0.39,0.03,0.42,4.89,2.4,2.4
2026-09-20T00:17:43+00:00,2026-09-19,daily,6,2026-10-10T10:00:00Z,223,Mateta,CRY,FWD,63,0,-2,1.3,37,2168,25790,447655,i,Hamstring injury - Expected back 11 Oct,2026-08-28T21:00:08.020382Z,0,0,1,,,0.4,0,2,62,1,0,0,0,2,0,5,1,2,2,0.70,0.02,0.72,0.98,0.0,0.0
2026-09-20T00:17:43+00:00,2026-09-19,daily,6,2026-10-10T10:00:00Z,224,Nketiah,CRY,FWD,55,0,0,0.5,334,633,46315,47280,a,,2026-09-12T14:00:09.427136Z,100,100,,,,1.4,0,7,167,3,0,1,0,7,0,11,2,4,5,1.10,0.58,1.68,4.45,1.4,1.4
2026-09-20T00:17:43+00:00,2026-09-19,daily,6,2026-10-10T10:00:00Z,225,Uche,CRY,FWD,50,0,0,0.0,0,0,0,0,u,has returned to Getafe CF,2026-07-23T12:18:56.275922Z,0,0,,,,0.0,0,0,0,0,0,0,0,0,0,0,0,0,0,0.00,0.00,0.00,0.00,0.0,0.0
2026-09-20T00:17:43+00:00,2026-09-19,daily,6,2026-10-10T10:00:00Z,241,McNeil,CRY,MID,54,0,-1,0.1,13,94,1720,7823,a,,,,,,,,0.6,0,3,84,1,0,0,0,3,0,7,4,0,3,0.05,0.02,0.07,1.18,0.6,0.6
2026-09-20T00:17:43+00:00,2026-09-19,daily,6,2026-10-10T10:00:00Z,555,Matthews,CRY,GKP,40,0,0,1.7,309,634,22493,29074,a,,,,,,,,0.0,0,0,0,0,0,0,0,0,0,0,0,0,0,0.00,0.00,0.00,0.00,0.0,0.0
2026-09-20T00:17:43+00:00,2026-09-19,daily,6,2026-10-10T10:00:00Z,577,Tomiyasu,CRY,DEF,44,0,-1,0.3,49,144,3378,12264,a,,,,,,,,0.4,0,2,144,1,0,0,0,5,0,14,12,2,7,0.00,0.02,0.02,3.44,0.4,0.4
2026-09-20T00:17:43+00:00,2026-09-19,daily,6,2026-10-10T10:00:00Z,588,Khalaili,CRY,DEF,50,0,0,0.3,395,259,33088,14513,a,,,,,,,,2.6,0,13,289,3,1,0,0,8,0,38,19,19,15,0.96,0.31,1.27,7.10,2.6,2.6
2026-09-20T00:17:43+00:00,2026-09-19,daily,6,2026-10-10T10:00:00Z,595,Gozo,CRY,MID,50,0,0,0.0,1,19,451,812,a,,,,,,,,0.4,0,2,28,0,0,0,0,2,0,1,0,1,0,0.00,0.00,0.00,0.68,0.4,0.4
2026-09-20T00:17:43+00:00,2026-09-19,daily,6,2026-10-10T10:00:00Z,633,Ahanor,CRY,DEF,45,0,0,0.0,43,12,1818,464,a,,,,,,,,1.0,0,3,90,1,0,0,0,3,0,11,9,2,4,0.00,0.01,0.01,1.68,1.0,1.0
2026-09-20T00:17:43+00:00,2026-09-19,daily,6,2026-10-10T10:00:00Z,643,Chilwell,CRY,DEF,45,0,0,0.5,164,499,42718,15709,a,,,,,,,,2.7,0,8,29,0,1,0,0,1,0,1,1,0,0,0.27,0.01,0.28,1.12,2.7,2.7
2026-09-20T00:17:43+00:00,2026-09-19,daily,6,2026-10-10T10:00:00Z,644,Timber,CRY,MID,50,0,0,0.0,92,63,3915,1255,a,,,,,,,,2.0,0,6,163,2,0,0,0,5,0,22,4,9,9,0.12,0.03,0.15,4.25,2.0,2.0
2026-09-20T00:17:43+00:00,2026-09-19,daily,6,2026-10-10T10:00:00Z,647,Osorio,CRY,MID,55,0,0,0.0,3,16,922,352,a,,,,,,,,0.3,0,1,1,0,0,0,0,0,0,1,0,1,0,0.00,0.00,0.00,0.13,0.3,0.3
2026-09-20T00:17:43+00:00,2026-09-19,daily,6,2026-10-10T10:00:00Z,21,Nørgaard,EVE,MID,49,0,-1,0.0,11,90,451,7192,i,Groin injury - Unknown return date,2026-08-15T20:00:06.779594Z,0,0,,,,0.0,0,0,0,0,0,0,0,0,0,0,0,0,0,0.00,0.00,0.00,0.00,0.0,0.0
2026-09-20T00:17:43+00:00,2026-09-19,daily,6,2026-10-10T10:00:00Z,209,Johnson,EVE,MID,59,0,-1,0.1,90,188,4985,9903,a,,,,,,,,1.8,3,9,238,3,0,0,2,1,0,26,8,7,11,1.03,0.22,1.25,3.73,1.8,1.8
2026-09-20T00:17:43+00:00,2026-09-19,daily,6,2026-10-10T10:00:00Z,226,Pickford,EVE,GKP,55,0,0,9.0,5883,3368,273400,223487,a,,,,,,,,5.0,8,25,450,5,0,0,3,3,15,0,7,0,53,0.00,0.02,0.02,6.94,5.0,5.0
2026-09-20T00:17:43+00:00,2026-09-19,daily,6,2026-10-10T10:00:00Z,227,Travers,EVE,GKP,50,0,0,0.0,50,53,1608,1915,a,,,,,,,,0.0,0,0,0,0,0,0,0,0,0,0,0,0,0,0.00,0.00,0.00,0.00,0.0,0.0
2026-09-20T00:17:43+00:00,2026-09-19,daily,6,2026-10-10T10:00:00Z,228,King,EVE,GKP,45,0,0,0.0,27,35,1094,1602,a,,,,,,,,0.0,0,0,0,0,0,0,0,0,0,0,0,0,0,0.00,0.00,0.00,0.00,0.0,0.0
2026-09-20T00:17:43+00:00,2026-09-19,daily,6,2026-10-10T10:00:00Z,229,Tarkowski,EVE,DEF,61,0,1,14.4,38452,3734,749260,267320,a,,,,,,,,8.6,14,43,450,5,1,1,3,3,0,51,40,11,18,0.18,0.04,0.22,6.94,8.6,8.6
2026-09-20T00:17:43+00:00,2026-09-19,daily,6,2026-10-10T10:00:00Z,230,Branthwaite,EVE,DEF,55,0,0,2.3,3538,1445,123710,65910,a,,,,,,,,5.4,8,27,450,5,0,0,3,3,0,54,49,5,14,0.17,0.02,0.19,6.94,5.4,5.4
2026-09-20T00:17:43+00:00,2026-09-19,daily,6,2026-10-10T10:00:00Z,231,Keane,EVE,DEF,48,0,-2,0.8,113,958,9018,87757,a,,,,,,,,0.0,0,0,0,0,0,0,0,0,0,0,0,0,0,0.00,0.00,0.00,0.00,0.0,0.0
2026-09-20T00:17:43+00:00,2026-09-19,daily,6,2026-10-10T10:00:00Z,232,O'Brien,EVE,DEF,49,0,-1,0.3,90,285,4345,23756,a,,,,,,,,0.4,1,2,16,0,0,0,0,0,0,2,2,0,2,0.00,0.00,0.00,0.42,0.4,0.4
2026-09-20T00:17:43+00:00,2026-09-19,daily,6,2026-10-10T10:00:00Z,233,Mykolenko,EVE,DEF,46,1,1,4.2,24014,3500,395206,99953,a,,,,,,,,5.4,5,27,450,5,0,0,3,3,0,39,25,14,30,0.04,0.16,0.20,6.94,5.4,5.4
2026-09-20T00:17:43+00:00,2026-09-19,daily,6,2026-10-10T10:00:00Z,234,Patterson,EVE,DEF,45,0,0,0.0,0,32,371,2345,u,Has joined Torino permanently,2026-09-02T16:05:23.326971Z,0,0,,,,0.0,0,0,0,0,0,0,0,0,0,0,0,0,0,0.00,0.00,0.00,0.00,0.0,0.0
2026-09-20T00:17:43+00:00,2026-09-19,daily,6,2026-10-10T10:00:00Z,235,Aznou,EVE,DEF,40,0,0,0.1,0,146,1728,10740,u,Has joined Malaga on loan for the rest of the season,2026-09-01T13:23:16.934847Z,0,0,,,,0.0,0,0,0,0,0,0,0,0,0,0,0,0,0,0.00,0.00,0.00,0.00,0.0,0.0
2026-09-20T00:17:43+00:00,2026-09-19,daily,6,2026-10-10T10:00:00Z,236,Dewsbury-Hall,EVE,MID,66,1,1,6.2,21663,12926,572427,292290,a,,,,,,,2,4.0,3,20,450,5,1,0,3,3,0,42,5,11,26,0.99,0.83,1.82,6.74,4.0,4.0
2026-09-20T00:17:43+00:00,2026-09-19,daily,6,2026-10-10T10:00:00Z,238,Grealish,EVE,MID,65,0,0,0.4,852,714,37896,20998,a,,2026-07-29T10:00:10.492904Z,100,100,,,,1.2,3,6,135,1,0,0,1,1,0,13,2,3,8,0.02,0.44,0.46,1.67,1.2,1.2
2026-09-20T00:17:43+00:00,2026-09-19,daily,6,2026-10-10T10:00:00Z,239,Garner,EVE,MID,60,0,0,0.2,486,568,19938,12468,a,,2026-09-06T18:00:08.301702Z,100,100,2,1,1,2.2,3,11,328,4,0,0,2,2,0,45,9,11,25,0.20,0.17,0.37,3.45,2.2,2.2
2026-09-20T00:17:43+00:00,2026-09-19,daily,6,2026-10-10T10:00:00Z,242,George,EVE,MID,55,0,0,0.9,792,3836,105457,35500,a,,,,,,,,3.8,1,19,309,4,1,0,2,3,0,18,5,1,12,0.35,0.32,0.67,3.71,3.8,3.8
2026-09-20T00:17:43+00:00,2026-09-19,daily,6,2026-10-10T10:00:00Z,243,Alcaraz,EVE,MID,49,0,-1,0.1,46,93,2747,5526,a,,,,,,,,0.2,0,1,5,0,0,0,0,0,0,3,0,1,2,0.05,0.02,0.07,0.04,0.2,0.2
2026-09-20T00:17:43+00:00,2026-09-19,daily,6,2026-10-10T10:00:00Z,244,Armstrong,EVE,MID,50,0,0,0.4,166,1299,53226,30653,a,,2026-09-17T08:30:08.942299Z,75,100,,,,3.2,2,16,446,5,0,1,3,3,0,40,13,8,19,0.21,0.49,0.70,6.94,2.4,3.2
2026-09-20T00:17:43+00:00,2026-09-19,daily,6,2026-10-10T10:00:00Z,245,Dibling,EVE,MID,54,0,-1,0.0,31,33,1086,2532,a,,,,,,,,0.2,1,1,24,0,0,0,0,0,0,0,0,0,0,0.17,0.16,0.33,0.38,0.2,0.2
2026-09-20T00:17:43+00:00,2026-09-19,daily,6,2026-10-10T10:00:00Z,246,Röhl,EVE,MID,49,0,-1,0.0,4,206,1959,4306,i,Unspecified injury - Expected back 11 Oct,2026-09-16T18:00:09.541933Z,0,0,,,,1.2,0,6,249,3,0,0,1,2,0,24,6,5,13,0.00,0.20,0.20,4.52,0.0,0.0
2026-09-20T00:17:43+00:00,2026-09-19,daily,6,2026-10-10T10:00:00Z,247,Hackney,EVE,MID,55,0,0,0.2,50,276,3601,11116,a,,2026-08-26T22:00:07.797766Z,100,100,,,3,2.0,1,10,137,1,0,1,1,1,0,12,4,3,5,0.05,0.13,0.18,3.91,2.0,2.0
2026-09-20T00:17:43+00:00,2026-09-19,daily,6,2026-10-10T10:00:00Z,248,Beto,EVE,FWD,54,0,-1,0.7,0,1959,16222,214281,u,Has joined Fiorentina permanently,2026-09-02T16:05:23.357221Z,0,0,,,,0.4,0,2,31,0,0,0,0,0,0,1,1,0,0,0.09,0.00,0.09,1.92,0.0,0.0
2026-09-20T00:17:43+00:00,2026-09-19,daily,6,2026-10-10T10:00:00Z,249,Barry,EVE,FWD,56,0,1,8.0,21441,8063,903596,326239,a,,,,,1,,,4.0,6,20,417,5,2,0,3,3,0,17,5,1,11,3.50,0.15,3.65,5.02,4.0,4.0
2026-09-20T00:17:43+00:00,2026-09-19,daily,6,2026-10-10T10:00:00Z,649,Maitland-Niles,EVE,DEF,45,0,0,1.0,3468,780,76500,10672,a,,,,,,,,7.0,8,21,177,2,1,0,2,1,0,13,8,5,7,0.06,0.25,0.31,2.00,7.0,7.0
2026-09-20T00:17:43+00:00,2026-09-19,daily,6,2026-10-10T10:00:00Z,654,Graham,EVE,MID,45,0,0,0.1,55,223,11101,4528,a,,,,,,,,0.0,0,0,0,0,0,0,0,0,0,0,0,0,0,0.00,0.00,0.00,0.00,0.0,0.0
2026-09-20T00:17:43+00:00,2026-09-19,daily,6,2026-10-10T10:00:00Z,250,Leno,FUL,GKP,45,0,0,3.2,8375,1770,119272,92812,a,,,,,,,,3.0,0,15,360,4,0,0,1,7,11,0,4,0,33,0.00,0.00,0.00,7.51,3.0,3.0
2026-09-20T00:17:43+00:00,2026-09-19,daily,6,2026-10-10T10:00:00Z,251,Lecomte,FUL,GKP,40,0,0,1.1,817,510,23545,23945,a,,,,,,,,0.0,0,0,0,0,0,0,0,0,0,0,0,0,0,0.00,0.00,0.00,0.00,0.0,0.0
2026-09-20T00:17:43+00:00,2026-09-19,daily,6,2026-10-10T10:00:00Z,252,McNally,FUL,GKP,40,0,0,0.1,0,175,2589,6171,u,Has joined York City on loan for the rest of the season,2026-09-01T13:25:11.231240Z,0,0,,,,0.0,0,0,0,0,0,0,0,0,0,0,0,0,0,0.00,0.00,0.00,0.00,0.0,0.0
2026-09-20T00:17:43+00:00,2026-09-19,daily,6,2026-10-10T10:00:00Z,253,Andersen,FUL,DEF,50,0,0,0.1,727,197,12601,8307,a,,2026-07-23T12:01:23.516350Z,100,100,,,,0.4,0,2,180,2,0,0,0,4,0,15,13,2,9,0.00,0.10,0.10,3.99,0.4,0.4
2026-09-20T00:17:43+00:00,2026-09-19,daily,6,2026-10-10T10:00:00Z,254,Robinson,FUL,DEF,45,0,0,1.4,4169,1163,46654,65138,a,,,,,2,,,2.0,0,10,339,4,0,0,1,7,0,24,14,10,16,0.26,0.21,0.47,7.48,2.0,2.0
2026-09-20T00:17:43+00:00,2026-09-19,daily,6,2026-10-10T10:00:00Z,255,J.Cuenca,FUL,DEF,45,0,0,0.0,18,19,1498,1912,a,,,,,,,,0.6,0,3,90,1,0,0,0,3,0,10,9,1,3,0.00,0.03,0.03,2.24,0.6,0.6
2026-09-20T00:17:43+00:00,2026-09-19,daily,6,2026-10-10T10:00:00Z,256,Tete,FUL,DEF,44,0,-1,0.2,2,431,1333,9876,i,Concussion - Expected back 10 Oct,2026-09-18T12:30:09.546158Z,0,0,,,,0.0,0,0,27,0,0,0,0,0,0,3,3,0,0,0.00,0.00,0.00,0.65,0.0,0.0
2026-09-20T00:17:43+00:00,2026-09-19,daily,6,2026-10-10T10:00:00Z,257,Bassey,FUL,DEF,45,0,0,0.7,555,302,21569,28448,a,,,,,,,,1.8,0,9,360,4,0,0,1,7,0,21,17,4,15,0.07,0.07,0.14,7.51,1.8,1.8
2026-09-20T00:17:43+00:00,2026-09-19,daily,6,2026-10-10T10:00:00Z,258,Castagne,FUL,DEF,45,0,0,0.9,5517,786,82159,39515,a,,,,,,,,3.8,0,19,318,4,0,2,2,6,0,20,14,6,14,0.67,0.38,1.05,5.21,3.8,3.8
2026-09-20T00:17:43+00:00,2026-09-19,daily,6,2026-10-10T10:00:00Z,261,Iwobi,FUL,MID,54,0,-1,0.6,330,901,19250,53262,a,,,,,3,1,1,1.8,0,9,338,4,0,0,1,7,0,22,4,4,14,0.20,0.81,1.01,7.04,1.8,1.8
2026-09-20T00:17:43+00:00,2026-09-19,daily,6,2026-10-10T10:00:00Z,262,Smith Rowe,FUL,MID,54,0,-1,0.2,72,285,4270,19944,a,,,,,,,,0.6,0,3,38,0,0,0,0,0,0,3,1,0,2,0.06,0.02,0.08,0.87,0.6,0.6
2026-09-20T00:17:43+00:00,2026-09-19,daily,6,2026-10-10T10:00:00Z,263,Kevin,FUL,MID,53,0,-2,0.0,43,67,1847,4004,a,,,,,,,4,0.6,0,3,42,0,0,0,0,0,0,6,0,3,3,0.03,0.12,0.15,0.74,0.6,0.6
2026-09-20T00:17:43+00:00,2026-09-19,daily,6,2026-10-10T10:00:00Z,264,Bobb,FUL,MID,55,0,0,0.3,444,388,14447,19494,a,,,,,,,2,2.0,0,10,273,4,0,0,2,6,0,22,4,6,12,0.32,1.05,1.37,5.07,2.0,2.0
2026-09-20T00:17:43+00:00,2026-09-19,daily,6,2026-10-10T10:00:00Z,265,Berge,FUL,MID,49,0,-1,0.3,118,339,5849,17095,a,,,,,,,,1.6,0,8,273,3,0,0,1,5,0,17,5,4,8,0.03,0.34,0.37,6.18,1.6,1.6
2026-09-20T00:17:43+00:00,2026-09-19,daily,6,2026-10-10T10:00:00Z,266,Cairney,FUL,MID,49,0,-1,0.0,2,6,103,317,i,Knee injury - Expected back 10 Oct,2026-08-14T18:00:06.460944Z,0,0,,,,0.0,0,0,0,0,0,0,0,0,0,0,0,0,0,0.00,0.00,0.00,0.00,0.0,0.0
2026-09-20T00:17:43+00:00,2026-09-19,daily,6,2026-10-10T10:00:00Z,268,King,FUL,MID,55,0,0,2.1,22398,3880,266533,82448,a,,,,,,,,4.4,0,22,346,4,2,0,1,7,0,23,4,7,12,1.16,0.43,1.59,7.04,4.4,4.4
2026-09-20T00:17:43+00:00,2026-09-19,daily,6,2026-10-10T10:00:00Z,269,Sessegnon,FUL,DEF,44,0,-1,0.3,9,445,2452,18143,d,Groin injury - 75% chance of playing,2026-09-14T11:30:07.403957Z,75,75,,,3,0.6,0,3,50,0,0,0,0,1,0,3,2,1,3,0.13,0.44,0.57,1.80,0.4,0.4
2026-09-20T00:17:43+00:00,2026-09-19,daily,6,2026-10-10T10:00:00Z,270,Reed,FUL,MID,44,0,-1,1.1,717,1604,34209,67829,a,,,,,,,,0.0,0,0,0,0,0,0,0,0,0,0,0,0,0,0.00,0.00,0.00,0.00,0.0,0.0
2026-09-20T00:17:43+00:00,2026-09-19,daily,6,2026-10-10T10:00:00Z,271,Muniz,FUL,FWD,54,0,-1,0.4,477,455,14806,32896,a,,,,,,,,0.6,0,3,28,0,0,0,0,0,0,2,2,0,0,0.40,0.00,0.40,0.49,0.6,0.6
2026-09-20T00:17:43+00:00,2026-09-19,daily,6,2026-10-10T10:00:00Z,272,Kusi-Asare,FUL,FWD,45,0,0,5.6,2853,7240,152324,275045,a,,,,,,,,0.0,0,0,0,0,0,0,0,0,0,0,0,0,0,0.00,0.00,0.00,0.00,0.0,0.0
2026-09-20T00:17:43+00:00,2026-09-19,daily,6,2026-10-10T10:00:00Z,569,Gonzalo,FUL,FWD,60,0,0,3.7,16164,6403,378473,285788,a,,,,,1,,,2.4,0,12,346,4,1,0,1,7,0,16,6,2,8,1.64,0.25,1.89,7.04,2.4,2.4
2026-09-20T00:17:43+00:00,2026-09-19,daily,6,2026-10-10T10:00:00Z,570,Palacios,FUL,MID,54,0,-1,0.2,315,194,5604,9840,a,,,,,,,,2.2,0,11,207,3,1,0,0,6,0,13,3,2,8,0.98,0.03,1.01,4.97,2.2,2.2
2026-09-20T00:17:43+00:00,2026-09-19,daily,6,2026-10-10T10:00:00Z,580,Charles,FUL,MID,50,0,0,0.1,82,80,1812,3756,a,,,,,,,,1.8,0,9,213,2,0,0,1,4,0,33,12,2,19,0.09,0.14,0.23,5.05,1.8,1.8
2026-09-20T00:17:43+00:00,2026-09-19,daily,6,2026-10-10T10:00:00Z,610,De Fougerolles,FUL,DEF,40,0,0,0.1,0,133,5787,4879,u,has joined  Real Salt Lake on loan for the rest of the seaon.,2026-08-28T11:30:08.336405Z,0,0,,,,0.0,0,0,0,0,0,0,0,0,0,0,0,0,0,0.00,0.00,0.00,0.00,0.0,0.0
2026-09-20T00:17:43+00:00,2026-09-19,daily,6,2026-10-10T10:00:00Z,626,Zepa,FUL,MID,45,0,0,0.3,32,548,34199,16762,a,,,,,,,,0.0,0,0,0,0,0,0,0,0,0,0,0,0,0,0.00,0.00,0.00,0.00,0.0,0.0
2026-09-20T00:17:43+00:00,2026-09-19,daily,6,2026-10-10T10:00:00Z,635,Larsson,FUL,MID,50,0,0,0.0,20,16,765,249,a,,,,,,,,0.7,0,2,24,0,0,0,0,0,0,2,0,1,1,0.13,0.23,0.36,0.46,0.7,0.7
2026-09-20T00:17:43+00:00,2026-09-19,daily,6,2026-10-10T10:00:00Z,636,Ángel,FUL,MID,50,0,0,0.0,7,3,344,145,a,,,,,,,,0.0,0,0,0,0,0,0,0,0,0,0,0,0,0,0.00,0.00,0.00,0.00,0.0,0.0
2026-09-20T00:17:43+00:00,2026-09-19,daily,6,2026-10-10T10:00:00Z,650,Affengruber,FUL,DEF,45,0,0,0.0,351,77,3229,699,a,,,,,,,,2.7,0,8,90,1,0,0,1,0,0,12,11,1,3,0.00,0.00,0.00,1.28,2.7,2.7
2026-09-20T00:17:43+00:00,2026-09-19,daily,6,2026-10-10T10:00:00Z,240,Iroegbunam,HUL,MID,50,0,0,0.0,16,40,1054,1054,a,,2026-08-15T20:00:06.878792Z,100,100,,,,0.4,1,2,70,0,0,0,0,0,0,9,1,3,5,0.12,0.01,0.13,0.60,0.4,0.4
2026-09-20T00:17:43+00:00,2026-09-19,daily,6,2026-10-10T10:00:00Z,273,Phillips,HUL,GKP,40,0,0,1.4,661,710,26786,35593,a,,,,,,,,0.0,0,0,0,0,0,0,0,0,0,0,0,0,0,0.00,0.00,0.00,0.00,0.0,0.0
2026-09-20T00:17:43+00:00,2026-09-19,daily,6,2026-10-10T10:00:00Z,274,Butland,HUL,GKP,45,0,0,0.1,30,78,599,4691,i,Arm injury - Unknown return date,2026-08-08T19:00:05.601633Z,0,0,,,,0.0,0,0,0,0,0,0,0,0,0,0,0,0,0,0.00,0.00,0.00,0.00,0.0,0.0
2026-09-20T00:17:43+00:00,2026-09-19,daily,6,2026-10-10T10:00:00Z,275,Cartwright,HUL,GKP,40,0,0,0.0,0,6,0,308,u,Has joined Grimsby Town on loan for the rest of the season,2026-07-29T13:00:27.959925Z,0,0,,,,0.0,0,0,0,0,0,0,0,0,0,0,0,0,0,0.00,0.00,0.00,0.00,0.0,0.0
2026-09-20T00:17:43+00:00,2026-09-19,daily,6,2026-10-10T10:00:00Z,276,Lo-Tutala,HUL,GKP,40,0,0,0.0,0,21,0,1015,u,Has joined Colchester United on loan for the rest of the season,2026-08-17T13:50:27.125537Z,0,0,,,,0.0,0,0,0,0,0,0,0,0,0,0,0,0,0,0.00,0.00,0.00,0.00,0.0,0.0
2026-09-20T00:17:43+00:00,2026-09-19,daily,6,2026-10-10T10:00:00Z,277,Egan,HUL,DEF,41,0,1,7.1,10081,6513,733240,193434,a,,,,,,,,5.2,1,26,437,5,0,0,3,4,0,59,50,9,12,0.05,0.00,0.05,7.27,5.2,5.2
2026-09-20T00:17:43+00:00,2026-09-19,daily,6,2026-10-10T10:00:00Z,278,Hughes,HUL,DEF,39,0,-1,0.2,527,455,16316,11422,i,Groin injury - Unknown return date,2026-08-02T09:00:11.030017Z,0,0,,,,0.0,0,0,0,0,0,0,0,0,0,0,0,0,0,0.00,0.00,0.00,0.00,0.0,0.0
2026-09-20T00:17:43+00:00,2026-09-19,daily,6,2026-10-10T10:00:00Z,279,Ajayi,HUL,DEF,42,0,2,14.2,16631,12937,1328016,263439,a,,2026-08-22T17:30:07.668197Z,100,100,,,,5.4,1,27,423,5,1,0,3,4,0,27,21,6,16,0.66,0.01,0.67,6.43,5.4,5.4
2026-09-20T00:17:43+00:00,2026-09-19,daily,6,2026-10-10T10:00:00Z,280,Coyle,HUL,DEF,40,0,0,0.7,696,444,26268,24252,a,,2026-08-29T16:30:08.151841Z,100,100,,,,2.8,1,14,348,5,0,0,2,4,0,11,8,3,11,0.13,0.07,0.20,6.22,2.8,2.8
2026-09-20T00:17:43+00:00,2026-09-19,daily,6,2026-10-10T10:00:00Z,281,Drameh,HUL,DEF,40,0,0,0.0,0,65,2118,4318,u,Has joined Genoa permanently,2026-09-02T16:09:06.479140Z,0,0,,,,0.4,0,2,65,0,0,0,0,0,0,6,5,1,4,0.05,0.00,0.05,0.87,0.0,0.0
2026-09-20T00:17:43+00:00,2026-09-19,daily,6,2026-10-10T10:00:00Z,282,Giles,HUL,DEF,40,0,0,2.9,9683,3030,266500,55321,a,,,,,,1,3,4.8,0,24,444,5,0,1,3,4,0,24,19,5,14,0.02,0.43,0.45,7.33,4.8,4.8
2026-09-20T00:17:43+00:00,2026-09-19,daily,6,2026-10-10T10:00:00Z,283,Jacob,HUL,DEF,40,0,0,0.0,0,8,114,665,u,Has joined Newport County on loan until January,2026-08-02T09:00:11.038361Z,0,0,,,,0.0,0,0,0,0,0,0,0,0,0,0,0,0,0,0.00,0.00,0.00,0.00,0.0,0.0
2026-09-20T00:17:43+00:00,2026-09-19,daily,6,2026-10-10T10:00:00Z,284,McCarthy,HUL,DEF,40,0,0,0.1,117,92,4651,4244,a,,,,,,,,0.0,0,0,0,0,0,0,0,0,0,0,0,0,0,0.00,0.00,0.00,0.00,0.0,0.0
2026-09-20T00:17:43+00:00,2026-09-19,daily,6,2026-10-10T10:00:00Z,285,McNair,HUL,DEF,40,0,0,0.1,57,64,3010,4373,a,,2026-09-09T13:30:08.327907Z,100,100,,,,0.2,0,1,26,0,0,0,0,0,0,2,2,0,1,0.00,0.00,0.00,0.96,0.2,0.2
2026-09-20T00:17:43+00:00,2026-09-19,daily,6,2026-10-10T10:00:00Z,286,Belloumi,HUL,MID,51,0,1,4.5,18633,6504,448569,66542,a,,,,,,2,2,6.2,4,31,394,5,2,2,3,3,0,44,14,16,14,0.72,0.43,1.15,6.44,6.2,6.2
2026-09-20T00:17:43+00:00,2026-09-19,daily,6,2026-10-10T10:00:00Z,287,Millar,HUL,MID,50,0,0,0.0,0,73,3178,7293,u,Has joined Birmingham on loan for the rest of the season,2026-09-02T15:36:41.038103Z,0,0,,,,1.2,0,6,50,0,1,0,0,0,0,4,2,1,1,0.58,0.00,0.58,0.87,0.0,0.0
2026-09-20T00:17:43+00:00,2026-09-19,daily,6,2026-10-10T10:00:00Z,288,Dowell,HUL,MID,45,0,0,0.3,138,500,11895,20083,a,,,,,,,,0.0,0,0,0,0,0,0,0,0,0,0,0,0,0,0.00,0.00,0.00,0.00,0.0,0.0
2026-09-20T00:17:43+00:00,2026-09-19,daily,6,2026-10-10T10:00:00Z,289,Crooks,HUL,MID,44,-1,-1,0.5,1059,1162,20418,37391,a,,2026-08-29T15:00:08.569326Z,100,100,,,,0.6,0,3,203,3,0,0,1,4,0,21,9,8,4,0.00,0.12,0.12,3.57,0.6,0.6
2026-09-20T00:17:43+00:00,2026-09-19,daily,6,2026-10-10T10:00:00Z,290,Slater,HUL,MID,45,0,0,5.4,4300,11326,487233,252325,a,,,,,,,1,3.0,2,15,437,5,0,1,3,4,0,33,9,9,15,0.21,0.59,0.80,7.27,3.0,3.0
2026-09-20T00:17:43+00:00,2026-09-19,daily,6,2026-10-10T10:00:00Z,291,Matazo,HUL,MID,45,0,0,0.0,12,21,363,459,i,Knee injury - Unknown return date,2026-07-23T12:01:23.532635Z,0,0,,,,0.0,0,0,0,0,0,0,0,0,0,0,0,0,0,0.00,0.00,0.00,0.00,0.0,0.0
2026-09-20T00:17:43+00:00,2026-09-19,daily,6,2026-10-10T10:00:00Z,292,Ömür,HUL,MID,49,0,-1,0.0,25,36,1143,1517,a,,,,,,,,0.0,0,0,0,0,0,0,0,0,0,0,0,0,0,0.00,0.00,0.00,0.00,0.0,0.0
2026-09-20T00:17:43+00:00,2026-09-19,daily,6,2026-10-10T10:00:00Z,293,Kamara,HUL,MID,50,0,0,0.0,0,3,0,365,u,Has joined Portsmouth permanently,2026-08-12T14:08:23.542043Z,0,0,,,,0.0,0,0,0,0,0,0,0,0,0,0,0,0,0,0.00,0.00,0.00,0.00,0.0,0.0
2026-09-20T00:17:43+00:00,2026-09-19,daily,6,2026-10-10T10:00:00Z,294,Zambrano,HUL,MID,45,0,0,0.1,43,124,3772,6453,a,,2026-08-04T18:30:11.016909Z,100,100,,,,0.0,0,0,0,0,0,0,0,0,0,0,0,0,0,0.00,0.00,0.00,0.00,0.0,0.0
2026-09-20T00:17:43+00:00,2026-09-19,daily,6,2026-10-10T10:00:00Z,295,McBurnie,HUL,FWD,55,0,0,2.0,2538,4820,183524,140167,a,,,,,1,,,2.8,2,14,441,5,0,2,3,4,0,21,9,3,9,1.23,0.13,1.36,7.21,2.8,2.8
2026-09-20T00:17:43+00:00,2026-09-19,daily,6,2026-10-10T10:00:00Z,296,Akintola,HUL,MID,50,0,0,0.0,0,76,2704,4689,u,Has joined Omonoia FC permanently,2026-09-11T14:42:38.120231Z,0,0,,,,0.0,0,0,0,0,0,0,0,0,0,0,0,0,0,0.00,0.00,0.00,0.00,0.0,0.0
2026-09-20T00:17:43+00:00,2026-09-19,daily,6,2026-10-10T10:00:00Z,297,Gyabi,HUL,MID,45,0,0,0.0,5,29,394,1497,i,Thigh injury - Unknown return date,2026-08-04T18:30:11.027155Z,0,0,,,,0.0,0,0,0,0,0,0,0,0,0,0,0,0,0,0.00,0.00,0.00,0.00,0.0,0.0
2026-09-20T00:17:43+00:00,2026-09-19,daily,6,2026-10-10T10:00:00Z,298,Destan,HUL,FWD,45,0,0,0.2,0,324,0,21277,u,Has joined Konyaspor permanently,2026-08-17T13:50:27.145733Z,0,0,,,,0.0,0,0,0,0,0,0,0,0,0,0,0,0,0,0.00,0.00,0.00,0.00,0.0,0.0
2026-09-20T00:17:43+00:00,2026-09-19,daily,6,2026-10-10T10:00:00Z,299,Burstow,HUL,FWD,45,0,0,0.0,0,64,0,2914,u,Has joined Sheffield Wednesday on loan for the rest of the season,2026-08-03T14:05:20.234842Z,0,0,,,,0.0,0,0,0,0,0,0,0,0,0,0,0,0,0,0.00,0.00,0.00,0.00,0.0,0.0
2026-09-20T00:17:43+00:00,2026-09-19,daily,6,2026-10-10T10:00:00Z,340,Gelhardt,HUL,MID,50,0,0,0.0,22,29,632,936,a,,2026-08-17T21:30:07.799839Z,100,100,,,,0.2,1,1,7,0,0,0,0,0,0,1,0,0,1,0.10,0.02,0.12,0.13,0.2,0.2
2026-09-20T00:17:43+00:00,2026-09-19,daily,6,2026-10-10T10:00:00Z,556,Targett,HUL,DEF,40,0,0,1.7,29,2512,24753,79788,d,Ankle injury - 75% chance of playing,2026-09-17T14:00:26.419938Z,75,75,,,,0.2,0,1,5,0,0,0,0,0,0,0,0,0,1,0.00,0.00,0.00,0.07,0.2,0.2
2026-09-20T00:17:43+00:00,2026-09-19,daily,6,2026-10-10T10:00:00Z,563,Morita,HUL,MID,50,0,0,0.0,3,34,706,1630,i,Calf injury - Expected back 11 Oct,2026-09-09T14:00:08.474217Z,0,0,,,,0.2,0,1,45,1,0,0,0,0,0,3,2,0,1,0.00,0.00,0.00,1.09,0.0,0.0
2026-09-20T00:17:43+00:00,2026-09-19,daily,6,2026-10-10T10:00:00Z,572,Tzolakis,HUL,GKP,46,0,1,11.7,23420,4935,894748,200585,a,,,,,,,,6.8,6,34,450,5,0,0,3,4,17,0,2,1,69,0.00,0.00,0.00,7.40,6.8,6.8
2026-09-20T00:17:43+00:00,2026-09-19,daily,6,2026-10-10T10:00:00Z,574,Hjertø-Dahl,HUL,MID,49,0,-1,0.1,21,75,1382,4195,a,,,,,,,,0.2,0,1,8,0,0,0,0,0,0,1,0,0,1,0.00,0.00,0.00,0.00,0.2,0.2
2026-09-20T00:17:43+00:00,2026-09-19,daily,6,2026-10-10T10:00:00Z,576,Stroud,HUL,MID,50,0,0,0.1,37,89,3559,4312,a,,,,,,,,1.4,0,7,249,4,0,0,2,1,0,20,3,5,12,0.06,0.05,0.11,4.32,1.4,1.4
2026-09-20T00:17:43+00:00,2026-09-19,daily,6,2026-10-10T10:00:00Z,585,Herrington,HUL,DEF,40,0,0,0.6,285,304,12084,17191,a,,,,,,,,1.0,1,5,197,1,0,0,0,3,0,16,14,2,6,0.02,0.04,0.06,3.36,1.0,1.0
2026-09-20T00:17:43+00:00,2026-09-19,daily,6,2026-10-10T10:00:00Z,586,Mendy,HUL,DEF,41,0,1,6.4,756,18172,677048,343155,a,,2026-09-12T18:00:09.334142Z,0,100,,,,5.0,0,25,249,4,1,0,2,1,0,39,32,7,6,0.32,0.00,0.32,4.02,0.0,5.0
2026-09-20T00:17:43+00:00,2026-09-19,daily,6,2026-10-10T10:00:00Z,589,Gourna-Douath,HUL,MID,50,0,0,0.0,11,23,680,1258,a,,,,,,,,0.8,1,4,138,1,0,0,1,0,0,17,5,5,7,0.03,0.03,0.06,2.26,0.8,0.8
2026-09-20T00:17:43+00:00,2026-09-19,daily,6,2026-10-10T10:00:00Z,617,Cho,HUL,MID,50,0,0,0.0,88,30,1524,642,a,,,,,,,,2.2,6,9,72,0,1,0,0,1,0,2,1,0,1,0.79,0.36,1.15,0.98,2.2,2.2
2026-09-20T00:17:43+00:00,2026-09-19,daily,6,2026-10-10T10:00:00Z,632,Ansah,HUL,FWD,50,0,0,0.0,20,101,5067,3181,i,Back injury - Unknown return date,2026-09-09T10:00:08.919489Z,0,0,,,,0.0,0,0,0,0,0,0,0,0,0,0,0,0,0,0.00,0.00,0.00,0.00,0.0,0.0
2026-09-20T00:17:43+00:00,2026-09-19,daily,6,2026-10-10T10:00:00Z,637,Vaz,HUL,FWD,50,0,0,0.1,514,212,11019,3033,a,,,,,,,,0.7,1,2,20,0,0,0,0,0,0,2,0,0,2,0.00,0.01,0.01,0.31,0.7,0.7
2026-09-20T00:17:43+00:00,2026-09-19,daily,6,2026-10-10T10:00:00Z,638,Norton-Cuffy,HUL,DEF,40,0,0,0.3,225,382,25841,8208,a,,,,,,,,0.3,0,1,34,0,0,0,0,0,0,1,1,0,4,0.05,0.00,0.05,0.30,0.3,0.3
2026-09-20T00:17:43+00:00,2026-09-19,daily,6,2026-10-10T10:00:00Z,642,Thomas,HUL,MID,55,0,0,0.0,116,73,2720,922,a,,,,,,,,1.3,2,4,119,1,0,0,0,3,0,8,0,1,7,0.21,0.11,0.32,2.04,1.3,1.3
2026-09-20T00:17:43+00:00,2026-09-19,daily,6,2026-10-10T10:00:00Z,645,Mouzakitis,HUL,MID,50,0,0,0.0,15,15,707,241,a,,,,,,,,0.0,0,0,0,0,0,0,0,0,0,0,0,0,0,0.00,0.00,0.00,0.00,0.0,0.0
2026-09-20T00:17:43+00:00,2026-09-19,daily,6,2026-10-10T10:00:00Z,259,Diop,IPS,DEF,40,0,0,13.1,1801,14061,130838,466683,a,,,,,,,,2.4,4,12,450,5,0,0,0,11,0,45,41,4,21,0.06,0.16,0.22,8.98,2.4,2.4
2026-09-20T00:17:43+00:00,2026-09-19,daily,6,2026-10-10T10:00:00Z,267,Lukić,IPS,MID,49,-1,-1,0.1,31,133,3259,6086,a,,,,,,,1,2.2,2,11,400,5,0,1,0,10,0,37,17,7,13,0.02,0.41,0.43,7.37,2.2,2.2
2026-09-20T00:17:43+00:00,2026-09-19,daily,6,2026-10-10T10:00:00Z,300,Walton,IPS,GKP,44,0,-1,0.4,251,154,1936,14067,a,,,,,,,,0.4,2,2,90,1,0,0,0,1,1,0,2,0,17,0.00,0.01,0.01,2.24,0.4,0.4
2026-09-20T00:17:43+00:00,2026-09-19,daily,6,2026-10-10T10:00:00Z,301,Palmer,IPS,GKP,40,0,0,4.0,1183,2858,71779,104097,a,,,,,,,,0.0,0,0,0,0,0,0,0,0,0,0,0,0,0,0.00,0.00,0.00,0.00,0.0,0.0
2026-09-20T00:17:43+00:00,2026-09-19,daily,6,2026-10-10T10:00:00Z,302,Button,IPS,GKP,40,0,0,0.6,573,284,30583,14136,a,,,,,,,,0.0,0,0,0,0,0,0,0,0,0,0,0,0,0,0.00,0.00,0.00,0.00,0.0,0.0
2026-09-20T00:17:43+00:00,2026-09-19,daily,6,2026-10-10T10:00:00Z,303,Kipré,IPS,DEF,39,0,-1,0.9,1438,861,46059,25608,a,,,,,,,,0.0,0,0,0,0,0,0,0,0,0,0,0,0,0,0.00,0.00,0.00,0.00,0.0,0.0
2026-09-20T00:17:43+00:00,2026-09-19,daily,6,2026-10-10T10:00:00Z,304,O'Shea,IPS,DEF,40,0,0,2.8,473,3732,63892,117075,a,,,,,,,,2.0,2,10,450,5,0,0,0,11,0,48,41,7,18,0.07,0.26,0.33,8.98,2.0,2.0
2026-09-20T00:17:43+00:00,2026-09-19,daily,6,2026-10-10T10:00:00Z,305,Davis,IPS,DEF,40,0,0,6.8,16001,5171,336204,162787,a,,,,,,2,,5.0,2,25,450,5,2,2,0,11,0,24,22,2,10,1.59,0.46,2.05,8.98,5.0,5.0
2026-09-20T00:17:43+00:00,2026-09-19,daily,6,2026-10-10T10:00:00Z,306,Greaves,IPS,DEF,40,0,0,1.1,121,837,7857,35578,a,,,,,,,,0.6,0,3,357,4,0,0,0,10,0,30,25,5,12,0.00,0.06,0.06,6.74,0.6,0.6
2026-09-20T00:17:43+00:00,2026-09-19,daily,6,2026-10-10T10:00:00Z,307,Johnson,IPS,DEF,40,0,0,0.1,0,90,1137,6037,u,Has joined Stoke City on loan for the rest of the season,2026-09-04T12:36:56.236331Z,0,0,,,,0.0,0,0,0,0,0,0,0,0,0,0,0,0,0,0.00,0.00,0.00,0.00,0.0,0.0
2026-09-20T00:17:43+00:00,2026-09-19,daily,6,2026-10-10T10:00:00Z,308,Furlong,IPS,DEF,39,0,-1,0.6,2132,589,14769,17366,a,,,,,,,,0.2,0,1,17,0,0,0,0,1,0,3,2,1,0,0.00,0.00,0.00,0.86,0.2,0.2
2026-09-20T00:17:43+00:00,2026-09-19,daily,6,2026-10-10T10:00:00Z,309,Núñez,IPS,MID,49,0,-1,0.1,23,142,3040,7149,a,,,,,,1,3,1.2,0,6,140,2,0,0,0,4,0,21,8,3,10,0.03,0.05,0.08,3.48,1.2,1.2
2026-09-20T00:17:43+00:00,2026-09-19,daily,6,2026-10-10T10:00:00Z,310,Matusiwa,IPS,MID,49,0,-1,0.0,5,4,116,265,a,,2026-07-29T18:00:10.305484Z,100,100,,,,0.0,0,0,0,0,0,0,0,0,0,0,0,0,0,0.00,0.00,0.00,0.00,0.0,0.0
2026-09-20T00:17:43+00:00,2026-09-19,daily,6,2026-10-10T10:00:00Z,311,Burns,IPS,MID,50,0,0,0.0,0,3,0,342,u,Has joined Leicester City permanently,2026-08-10T14:02:47.597478Z,0,0,,,,0.0,0,0,0,0,0,0,0,0,0,0,0,0,0,0.00,0.00,0.00,0.00,0.0,0.0
2026-09-20T00:17:43+00:00,2026-09-19,daily,6,2026-10-10T10:00:00Z,312,Taylor,IPS,MID,44,-1,-1,0.0,18,47,594,2428,i,Knee injury - Unknown return date,2026-07-29T18:00:10.319370Z,0,0,,,,0.0,0,0,0,0,0,0,0,0,0,0,0,0,0,0.00,0.00,0.00,0.00,0.0,0.0
2026-09-20T00:17:43+00:00,2026-09-19,daily,6,2026-10-10T10:00:00Z,313,Clarke,IPS,MID,54,0,-1,0.2,29,273,5380,15067,a,,,,,1,3,4,2.2,2,11,170,2,1,0,0,2,0,10,3,2,5,0.30,0.37,0.67,1.97,2.2,2.2
2026-09-20T00:17:43+00:00,2026-09-19,daily,6,2026-10-10T10:00:00Z,314,Ogbene,IPS,MID,49,0,-1,0.0,0,16,104,1158,u,Has joined Lincoln City on loan until January,2026-09-02T16:04:17.497385Z,0,0,,,,0.0,0,0,0,0,0,0,0,0,0,0,0,0,0,0.00,0.00,0.00,0.00,0.0,0.0
2026-09-20T00:17:43+00:00,2026-09-19,daily,6,2026-10-10T10:00:00Z,315,Fatawu,IPS,MID,54,0,-1,0.2,37,560,5339,11404,s,Suspended until 17 Oct,2026-09-19T15:30:10.126897Z,,0,,,2,1.6,-1,8,352,5,0,1,0,10,0,28,8,9,11,0.17,1.11,1.28,7.79,1.6,0.0
2026-09-20T00:17:43+00:00,2026-09-19,daily,6,2026-10-10T10:00:00Z,316,Emersonn,IPS,FWD,55,0,0,3.4,12801,4931,296499,124205,a,,2026-08-31T09:30:08.306145Z,100,100,2,,,5.2,2,26,317,5,2,1,0,6,0,10,3,3,4,1.61,0.12,1.73,4.29,5.2,5.2
2026-09-20T00:17:43+00:00,2026-09-19,daily,6,2026-10-10T10:00:00Z,317,Hirst,IPS,FWD,50,0,0,0.1,0,107,0,16737,u,Has joined Stoke City permanently,2026-08-21T13:06:08.606019Z,0,0,,,,0.0,0,0,0,0,0,0,0,0,0,0,0,0,0,0.00,0.00,0.00,0.00,0.0,0.0
2026-09-20T00:17:43+00:00,2026-09-19,daily,6,2026-10-10T10:00:00Z,318,Philogene,IPS,MID,54,0,-1,0.1,9,36,277,9160,a,,2026-08-25T11:30:07.532993Z,100,100,3,,5,0.4,1,2,52,0,0,0,0,1,0,4,0,0,4,0.08,0.01,0.08,0.97,0.4,0.4
2026-09-20T00:17:43+00:00,2026-09-19,daily,6,2026-10-10T10:00:00Z,319,Szmodics,IPS,MID,50,0,0,0.0,0,2,0,749,u,Has joined Derby County on loan for the rest of the season,2026-08-17T13:51:41.713979Z,0,0,,,,0.0,0,0,0,0,0,0,0,0,0,0,0,0,0,0.00,0.00,0.00,0.00,0.0,0.0
2026-09-20T00:17:43+00:00,2026-09-19,daily,6,2026-10-10T10:00:00Z,320,Akpom,IPS,FWD,50,0,0,1.2,1820,2237,127776,66670,a,,,,,,,,1.4,1,7,78,0,1,0,0,4,0,3,0,1,2,1.14,0.00,1.14,4.20,1.4,1.4
2026-09-20T00:17:43+00:00,2026-09-19,daily,6,2026-10-10T10:00:00Z,321,Walle Egeli,IPS,FWD,45,0,0,3.6,4995,6363,317616,190850,a,,,,,,,,0.2,0,1,10,0,0,0,0,0,0,0,0,0,0,0.00,0.00,0.00,0.03,0.2,0.2
2026-09-20T00:17:43+00:00,2026-09-19,daily,6,2026-10-10T10:00:00Z,322,Al-Hamadi,IPS,FWD,50,0,0,0.1,0,84,755,9629,u,Has joined Sheffield Wednesday on loan for the rest of the season,2026-08-27T14:54:10.215357Z,0,0,,,,0.0,0,0,0,0,0,0,0,0,0,0,0,0,0,0.00,0.00,0.00,0.00,0.0,0.0
2026-09-20T00:17:43+00:00,2026-09-19,daily,6,2026-10-10T10:00:00Z,323,McAteer,IPS,MID,45,0,0,1.1,126,1704,26870,57551,a,,,,,,,,0.6,0,3,42,0,0,0,0,0,0,5,0,1,4,0.05,0.00,0.05,0.21,0.6,0.6
2026-09-20T00:17:43+00:00,2026-09-19,daily,6,2026-10-10T10:00:00Z,324,Mehmeti,IPS,MID,48,-1,-2,0.0,8,36,334,2367,a,,,,,,,,0.0,0,0,0,0,0,0,0,0,0,0,0,0,0,0.00,0.00,0.00,0.00,0.0,0.0
2026-09-20T00:17:43+00:00,2026-09-19,daily,6,2026-10-10T10:00:00Z,554,Van Oevelen,IPS,GKP,45,0,0,0.0,0,24,54,1898,u,Has joined Valencia on loan for the rest of the season,2026-08-25T14:04:09.529320Z,0,0,,,,0.0,0,0,0,0,0,0,0,0,0,0,0,0,0,0.00,0.00,0.00,0.00,0.0,0.0
2026-09-20T00:17:43+00:00,2026-09-19,daily,6,2026-10-10T10:00:00Z,562,Maeda,IPS,MID,53,-1,-2,0.2,34,500,2762,19270,a,,,,,,,,1.6,1,8,259,3,0,0,0,8,0,20,8,8,4,0.71,0.02,0.73,6.05,1.6,1.6
2026-09-20T00:17:43+00:00,2026-09-19,daily,6,2026-10-10T10:00:00Z,564,Scherpen,IPS,GKP,45,0,0,0.6,162,1020,14729,21597,a,,,,,,,,1.4,0,7,360,4,0,0,0,10,15,0,8,0,39,0.00,0.01,0.01,6.74,1.4,1.4
2026-09-20T00:17:43+00:00,2026-09-19,daily,6,2026-10-10T10:00:00Z,571,Florentino,IPS,MID,49,0,-1,0.1,15,69,960,6800,a,,2026-08-25T11:30:07.678802Z,100,100,,,,0.4,1,2,30,0,0,0,0,0,0,2,1,1,0,0.00,0.01,0.01,0.75,0.4,0.4
2026-09-20T00:17:43+00:00,2026-09-19,daily,6,2026-10-10T10:00:00Z,591,Enciso,IPS,MID,55,0,0,0.8,531,1912,92094,48201,a,,2026-08-22T18:00:07.551930Z,100,100,,,,3.0,2,15,413,5,0,2,0,11,0,31,5,2,24,1.26,0.89,2.15,8.47,3.0,3.0
2026-09-20T00:17:43+00:00,2026-09-19,daily,6,2026-10-10T10:00:00Z,592,Ouattara,IPS,DEF,40,0,0,0.9,185,460,12970,24596,a,,,,,,,,1.2,2,6,131,1,0,0,0,2,0,11,7,4,14,0.02,0.03,0.05,3.13,1.2,1.2
2026-09-20T00:17:43+00:00,2026-09-19,daily,6,2026-10-10T10:00:00Z,602,Humphreys,IPS,MID,45,0,0,0.0,0,56,2861,3050,u,Has joined Huddersfield Town on loan for the rest of the season,2026-09-02T16:04:17.524642Z,0,0,,,,0.0,0,0,0,0,0,0,0,0,0,0,0,0,0,0.00,0.00,0.00,0.00,0.0,0.0
2026-09-20T00:17:43+00:00,2026-09-19,daily,6,2026-10-10T10:00:00Z,619,Palacios,IPS,MID,50,0,0,0.1,197,173,8685,2783,a,,,,,,,,2.8,2,11,275,3,0,0,0,7,0,44,12,9,23,0.00,0.09,0.09,5.30,2.8,2.8
2026-09-20T00:17:43+00:00,2026-09-19,daily,6,2026-10-10T10:00:00Z,640,Flemming,IPS,FWD,55,0,0,0.1,261,205,8623,2427,a,,,,,,,,2.0,0,6,60,0,1,0,0,1,0,5,1,1,3,0.64,0.01,0.65,0.63,2.0,2.0
2026-09-20T00:17:43+00:00,2026-09-19,daily,6,2026-10-10T10:00:00Z,260,Wilson,LEE,MID,62,0,-3,1.9,16,13755,28987,430457,i,Thigh injury - Unknown return date,2026-09-18T13:30:09.626858Z,0,0,,2,2,1.0,0,5,145,1,0,0,1,1,0,11,3,4,4,0.01,0.09,0.10,3.28,0.0,0.0
2026-09-20T00:17:43+00:00,2026-09-19,daily,6,2026-10-10T10:00:00Z,326,Perri,LEE,GKP,45,0,0,0.3,0,299,532,25499,u,Has joined Torino on loan for the rest of the season,2026-09-01T13:12:39.210133Z,0,0,,,,0.0,0,0,0,0,0,0,0,0,0,0,0,0,0,0.00,0.00,0.00,0.00,0.0,0.0
2026-09-20T00:17:43+00:00,2026-09-19,daily,6,2026-10-10T10:00:00Z,327,Bijol,LEE,DEF,50,0,0,0.7,229,1031,68531,54646,a,,,,,,,,2.4,0,12,164,2,0,0,1,2,0,21,18,3,7,0.11,0.00,0.11,3.16,2.4,2.4
2026-09-20T00:17:43+00:00,2026-09-19,daily,6,2026-10-10T10:00:00Z,329,Rodon,LEE,DEF,43,-1,-2,0.8,5,3423,26899,291428,i,Hamstring injury - Expected back 21 Nov,2026-08-30T16:00:08.564382Z,0,0,,,,1.4,0,7,123,2,0,0,1,0,0,11,10,1,2,0.03,0.06,0.09,1.01,0.0,0.0
2026-09-20T00:17:43+00:00,2026-09-19,daily,6,2026-10-10T10:00:00Z,330,Bogle,LEE,DEF,46,0,1,6.2,32499,4519,559072,63727,a,,,,,,,,7.4,0,37,299,4,2,0,3,1,0,15,10,5,9,1.31,0.08,1.39,2.23,7.4,7.4
2026-09-20T00:17:43+00:00,2026-09-19,daily,6,2026-10-10T10:00:00Z,331,Gudmundsson,LEE,DEF,45,0,0,0.1,90,62,3688,2492,a,,2026-08-08T20:00:07.546568Z,100,100,,,,1.6,0,8,162,2,0,0,1,1,0,9,3,6,11,0.00,0.18,0.18,2.77,1.6,1.6
2026-09-20T00:17:43+00:00,2026-09-19,daily,6,2026-10-10T10:00:00Z,332,Justin,LEE,DEF,45,0,0,1.5,522,1794,117794,66707,a,,,,,,,,3.6,0,18,360,4,0,0,1,3,0,35,22,13,12,0.17,0.30,0.47,5.40,3.6,3.6
2026-09-20T00:17:43+00:00,2026-09-19,daily,6,2026-10-10T10:00:00Z,333,Bornauw,LEE,DEF,45,0,0,0.0,0,1,0,295,u,Has joined Hamburg SV on loan for the rest of the season,2026-08-19T13:56:14.645970Z,0,0,,,,0.0,0,0,0,0,0,0,0,0,0,0,0,0,0,0.00,0.00,0.00,0.00,0.0,0.0
2026-09-20T00:17:43+00:00,2026-09-19,daily,6,2026-10-10T10:00:00Z,334,Muharemović,LEE,DEF,50,0,0,4.3,5420,4920,276705,153804,a,,,,,,,,4.2,0,21,360,4,0,1,1,3,0,50,46,4,11,0.09,0.04,0.13,5.40,4.2,4.2
2026-09-20T00:17:43+00:00,2026-09-19,daily,6,2026-10-10T10:00:00Z,335,Stach,LEE,MID,60,0,0,2.6,1131,5972,198474,150705,a,,,,,,1,1,4.4,0,22,357,4,1,0,2,2,0,48,21,11,16,0.92,0.23,1.15,5.11,4.4,4.4
2026-09-20T00:17:43+00:00,2026-09-19,daily,6,2026-10-10T10:00:00Z,336,Okafor,LEE,MID,58,0,-2,0.4,565,836,25672,32622,a,,,,,,,,3.0,0,15,224,3,1,0,2,1,0,13,3,5,5,0.15,0.26,0.41,1.69,3.0,3.0
2026-09-20T00:17:43+00:00,2026-09-19,daily,6,2026-10-10T10:00:00Z,337,Aaronson,LEE,MID,54,0,-1,0.5,43,887,6606,45616,a,,,,,,4,,1.2,0,6,172,2,0,0,1,3,0,11,1,2,8,0.01,0.02,0.03,3.38,1.2,1.2
2026-09-20T00:17:43+00:00,2026-09-19,daily,6,2026-10-10T10:00:00Z,338,Ampadu,LEE,MID,54,0,-1,0.9,245,1439,16678,57118,a,,,,,,,,3.2,0,16,360,4,0,1,1,3,0,46,19,9,18,0.08,0.16,0.24,5.40,3.2,3.2
2026-09-20T00:17:43+00:00,2026-09-19,daily,6,2026-10-10T10:00:00Z,339,Longstaff,LEE,MID,49,0,-1,0.1,35,137,2408,7621,a,,,,,,3,3,0.4,0,2,10,0,0,0,0,1,0,0,0,0,0,0.00,0.00,0.00,0.35,0.4,0.4
2026-09-20T00:17:43+00:00,2026-09-19,daily,6,2026-10-10T10:00:00Z,341,Gnonto,LEE,MID,50,0,0,0.0,0,16,244,1774,u,Has joined ACF Fiorentina on loan for the rest of the season,2026-09-02T16:04:47.189648Z,0,0,,,,0.0,0,0,0,0,0,0,0,0,0,0,0,0,0,0.00,0.00,0.00,0.00,0.0,0.0
2026-09-20T00:17:43+00:00,2026-09-19,daily,6,2026-10-10T10:00:00Z,342,Harrison,LEE,MID,50,0,0,0.0,0,2,0,76,u,Has joined New England Revolution permanently,2026-07-28T12:59:09.492431Z,0,0,,,,0.0,0,0,0,0,0,0,0,0,0,0,0,0,0,0.00,0.00,0.00,0.00,0.0,0.0
2026-09-20T00:17:43+00:00,2026-09-19,daily,6,2026-10-10T10:00:00Z,343,James,LEE,MID,49,0,-1,0.1,50,130,4019,7580,a,,,,,,,,0.4,0,2,29,0,0,0,0,1,0,4,0,0,4,0.35,0.01,0.36,1.21,0.4,0.4
2026-09-20T00:17:43+00:00,2026-09-19,daily,6,2026-10-10T10:00:00Z,344,Gruev,LEE,MID,50,0,0,0.0,12,1,91,296,a,,2026-08-14T23:00:06.272027Z,100,100,,,,0.0,0,0,0,0,0,0,0,0,0,0,0,0,0,0.00,0.00,0.00,0.00,0.0,0.0
2026-09-20T00:17:43+00:00,2026-09-19,daily,6,2026-10-10T10:00:00Z,345,Tanaka,LEE,MID,49,0,-1,0.3,576,455,21094,15690,a,,,,,,,4,2.4,0,12,188,2,0,2,1,1,0,24,9,7,8,0.59,0.05,0.64,2.58,2.4,2.4
2026-09-20T00:17:43+00:00,2026-09-19,daily,6,2026-10-10T10:00:00Z,346,Calvert-Lewin,LEE,FWD,60,0,0,25.7,34128,31943,950757,1184885,a,,,,,1,,,4.0,0,20,329,4,2,1,2,2,0,14,5,0,9,2.48,0.08,2.56,3.79,4.0,4.0
2026-09-20T00:17:43+00:00,2026-09-19,daily,6,2026-10-10T10:00:00Z,347,Nmecha,LEE,FWD,54,0,-1,0.5,509,712,20703,34133,a,,,,,2,,,1.2,0,6,50,0,0,1,0,1,0,2,0,0,2,0.27,0.15,0.42,2.53,1.2,1.2
2026-09-20T00:17:43+00:00,2026-09-19,daily,6,2026-10-10T10:00:00Z,348,Piroe,LEE,FWD,50,0,0,0.1,0,99,0,10894,u,Has joined West Ham United on loan for the rest of the season,2026-08-19T13:56:14.666726Z,0,0,3,,,0.0,0,0,0,0,0,0,0,0,0,0,0,0,0,0.00,0.00,0.00,0.00,0.0,0.0
2026-09-20T00:17:43+00:00,2026-09-19,daily,6,2026-10-10T10:00:00Z,349,Mateo Joseph,LEE,FWD,45,0,0,0.1,109,116,2895,4090,i,Knee injury - Unknown return date,2026-07-29T18:00:10.338170Z,0,0,,,,0.0,0,0,0,0,0,0,0,0,0,0,0,0,0,0.00,0.00,0.00,0.00,0.0,0.0
2026-09-20T00:17:43+00:00,2026-09-19,daily,6,2026-10-10T10:00:00Z,385,Trafford,LEE,GKP,50,0,0,5.4,1747,3953,243718,148298,a,,,,,,,,3.6,0,18,360,4,0,0,1,3,15,0,6,0,39,0.00,0.00,0.00,5.40,3.6,3.6
2026-09-20T00:17:43+00:00,2026-09-19,daily,6,2026-10-10T10:00:00Z,598,Elvedi,LEE,DEF,45,0,0,0.1,36,61,5151,2620,a,,,,,,,,1.4,0,7,236,2,0,0,0,3,0,25,23,2,7,0.05,0.57,0.62,4.39,1.4,1.4
2026-09-20T00:17:43+00:00,2026-09-19,daily,6,2026-10-10T10:00:00Z,603,Lienou,LEE,DEF,40,0,0,0.1,76,114,6749,3581,a,,,,,,,,0.0,0,0,0,0,0,0,0,0,0,0,0,0,0,0.00,0.00,0.00,0.00,0.0,0.0
2026-09-20T00:17:43+00:00,2026-09-19,daily,6,2026-10-10T10:00:00Z,604,Cresswell,LEE,MID,45,0,0,0.1,84,198,13840,7226,a,,,,,,,,0.0,0,0,0,0,0,0,0,0,0,0,0,0,0,0.00,0.00,0.00,0.00,0.0,0.0
2026-09-20T00:17:43+00:00,2026-09-19,daily,6,2026-10-10T10:00:00Z,625,Cairns,LEE,GKP,40,0,0,0.2,298,154,19257,5312,a,,,,,,,,0.0,0,0,0,0,0,0,0,0,0,0,0,0,0,0.00,0.00,0.00,0.00,0.0,0.0
2026-09-20T00:17:43+00:00,2026-09-19,daily,6,2026-10-10T10:00:00Z,629,Zetterer,LEE,GKP,40,0,0,0.7,992,561,56432,11936,a,,,,,,,,0.0,0,0,0,0,0,0,0,0,0,0,0,0,0,0.00,0.00,0.00,0.00,0.0,0.0
2026-09-20T00:17:43+00:00,2026-09-19,daily,6,2026-10-10T10:00:00Z,641,Bard,LEE,DEF,45,0,0,0.0,29,17,891,293,a,,,,,,,,0.3,0,1,18,0,0,0,0,1,0,2,1,1,2,0.00,0.00,0.00,0.30,0.3,0.3
2026-09-20T00:17:43+00:00,2026-09-19,daily,6,2026-10-10T10:00:00Z,648,Bahoya,LEE,MID,50,0,0,0.0,27,60,2159,1028,a,,,,,,,,0.0,0,0,0,0,0,0,0,0,0,0,0,0,0,0.00,0.00,0.00,0.00,0.0,0.0
2026-09-20T00:17:43+00:00,2026-09-19,daily,6,2026-10-10T10:00:00Z,350,A.Becker,LIV,GKP,55,0,0,3.9,1322,2558,134640,136082,a,,,,,,,,3.8,0,19,360,4,0,0,2,4,12,0,6,0,38,0.00,0.00,0.00,5.33,3.8,3.8
2026-09-20T00:17:43+00:00,2026-09-19,daily,6,2026-10-10T10:00:00Z,351,Mamardashvili,LIV,GKP,49,0,-1,0.1,64,123,2676,8141,a,,,,,,,,0.0,0,0,0,0,0,0,0,0,0,0,0,0,0,0.00,0.00,0.00,0.00,0.0,0.0
2026-09-20T00:17:43+00:00,2026-09-19,daily,6,2026-10-10T10:00:00Z,352,Woodman,LIV,GKP,40,0,0,1.0,237,522,17731,25380,a,,,,,,,,0.0,0,0,0,0,0,0,0,0,0,0,0,0,0,0.00,0.00,0.00,0.00,0.0,0.0
2026-09-20T00:17:43+00:00,2026-09-19,daily,6,2026-10-10T10:00:00Z,353,Pecsi,LIV,GKP,40,0,0,0.0,0,11,0,1038,u,Has joined TSV Hartberg on loan for the rest of the season,2026-08-18T14:11:18.638344Z,0,0,,,,0.0,0,0,0,0,0,0,0,0,0,0,0,0,0,0.00,0.00,0.00,0.00,0.0,0.0
2026-09-20T00:17:43+00:00,2026-09-19,daily,6,2026-10-10T10:00:00Z,354,Jaros,LIV,GKP,40,0,0,0.0,94,55,1641,1141,i,Knee injury - Unknown return date,2026-07-29T18:00:10.351066Z,0,0,,,,0.0,0,0,0,0,0,0,0,0,0,0,0,0,0,0.00,0.00,0.00,0.00,0.0,0.0
2026-09-20T00:17:43+00:00,2026-09-19,daily,6,2026-10-10T10:00:00Z,355,Davies,LIV,GKP,40,0,0,0.2,82,87,4534,3867,a,,,,,,,,0.0,0,0,0,0,0,0,0,0,0,0,0,0,0,0.00,0.00,0.00,0.00,0.0,0.0
2026-09-20T00:17:43+00:00,2026-09-19,daily,6,2026-10-10T10:00:00Z,356,Virgil,LIV,DEF,65,0,0,16.3,3005,11559,260021,584192,a,,,,,,,,3.4,0,17,360,4,0,0,2,4,0,35,30,5,16,0.25,0.07,0.32,5.33,3.4,3.4
2026-09-20T00:17:43+00:00,2026-09-19,daily,6,2026-10-10T10:00:00Z,357,Frimpong,LIV,DEF,53,0,-2,1.8,394,2267,57737,235652,a,,,,,,,,0.4,0,2,178,2,0,0,0,4,0,12,8,4,7,0.01,0.23,0.24,3.91,0.4,0.4
2026-09-20T00:17:43+00:00,2026-09-19,daily,6,2026-10-10T10:00:00Z,358,Kerkez,LIV,DEF,54,0,-1,2.3,480,2783,45497,180155,a,,,,,,,,1.4,0,7,295,3,0,0,1,4,0,23,16,7,8,0.02,0.07,0.09,4.86,1.4,1.4
2026-09-20T00:17:43+00:00,2026-09-19,daily,6,2026-10-10T10:00:00Z,359,Gomez,LIV,DEF,49,0,-1,0.0,83,22,503,1086,a,,2026-07-26T08:30:10.078473Z,100,100,,,,0.0,0,0,0,0,0,0,0,0,0,0,0,0,0,0.00,0.00,0.00,0.00,0.0,0.0
2026-09-20T00:17:43+00:00,2026-09-19,daily,6,2026-10-10T10:00:00Z,360,Bradley,LIV,DEF,50,0,0,0.0,13,16,330,728,i,Knee injury - Unknown return date,2026-07-23T12:01:23.565711Z,0,0,,,,0.0,0,0,0,0,0,0,0,0,0,0,0,0,0,0.00,0.00,0.00,0.00,0.0,0.0
2026-09-20T00:17:43+00:00,2026-09-19,daily,6,2026-10-10T10:00:00Z,361,Lucky,LIV,DEF,40,0,0,0.1,80,98,3657,5323,a,,,,,,,,0.0,0,0,0,0,0,0,0,0,0,0,0,0,0,0.00,0.00,0.00,0.00,0.0,0.0
2026-09-20T00:17:43+00:00,2026-09-19,daily,6,2026-10-10T10:00:00Z,362,Jacquet,LIV,DEF,50,0,0,3.3,4099,3130,201981,113163,a,,2026-07-23T12:01:23.581126Z,100,100,,,,3.6,0,18,325,4,0,0,2,4,0,28,20,8,15,0.00,0.12,0.12,4.72,3.6,3.6
2026-09-20T00:17:43+00:00,2026-09-19,daily,6,2026-10-10T10:00:00Z,363,Leoni,LIV,DEF,40,0,0,0.0,27,44,828,1975,i,Knee injury - Unknown return date,2026-07-23T12:01:23.596909Z,0,0,,,,0.0,0,0,0,0,0,0,0,0,0,0,0,0,0,0.00,0.00,0.00,0.00,0.0,0.0
2026-09-20T00:17:43+00:00,2026-09-19,daily,6,2026-10-10T10:00:00Z,364,Tsimikas,LIV,DEF,49,0,-1,0.1,24,63,1511,4089,a,,,,,,,,0.4,0,2,64,1,0,0,0,0,0,3,2,1,3,0.04,0.02,0.06,0.47,0.4,0.4
2026-09-20T00:17:43+00:00,2026-09-19,daily,6,2026-10-10T10:00:00Z,365,Ramsay,LIV,DEF,40,0,0,0.1,0,118,638,12347,u,Has joined St Mirren on loan for the rest of the season,2026-08-26T14:05:26.748768Z,0,0,,,,0.0,0,0,0,0,0,0,0,0,0,0,0,0,0,0.00,0.00,0.00,0.00,0.0,0.0
2026-09-20T00:17:43+00:00,2026-09-19,daily,6,2026-10-10T10:00:00Z,366,Wirtz,LIV,MID,73,0,-2,6.0,523,12729,130791,736126,a,,,,,4,2,3,2.4,0,12,332,4,0,1,2,4,0,28,2,5,21,0.78,0.35,1.13,4.16,2.4,2.4
2026-09-20T00:17:43+00:00,2026-09-19,daily,6,2026-10-10T10:00:00Z,367,Gakpo,LIV,MID,72,0,2,12.7,11619,18459,1298031,646056,a,,2026-09-09T18:30:08.772955Z,100,100,3,,2,5.8,0,29,280,3,1,3,1,4,0,27,7,6,14,0.44,1.22,1.66,4.72,5.8,5.8
2026-09-20T00:17:43+00:00,2026-09-19,daily,6,2026-10-10T10:00:00Z,368,Szoboszlai,LIV,MID,70,0,0,34.2,9244,52957,901603,1521115,a,,,,,1,1,1,3.6,0,18,360,4,1,0,2,4,0,35,11,4,20,1.29,0.80,2.09,5.33,3.6,3.6
2026-09-20T00:17:43+00:00,2026-09-19,daily,6,2026-10-10T10:00:00Z,369,Ngumoha,LIV,MID,57,-1,-3,0.5,198,854,13976,85880,a,,,,,,,,0.8,0,4,99,1,0,0,0,2,0,4,1,1,2,0.15,0.05,0.20,0.68,0.8,0.8
2026-09-20T00:17:43+00:00,2026-09-19,daily,6,2026-10-10T10:00:00Z,370,Chiesa,LIV,MID,53,-1,-2,0.0,5,59,670,9892,i,Back injury - Unknown return date,2026-08-27T13:30:07.598926Z,0,0,,,,0.0,0,0,0,0,0,0,0,0,0,0,0,0,0,0.00,0.00,0.00,0.00,0.0,0.0
2026-09-20T00:17:43+00:00,2026-09-19,daily,6,2026-10-10T10:00:00Z,371,Gravenberch,LIV,MID,58,-1,-2,1.1,343,1751,34881,123104,a,,,,,,,,1.6,0,8,181,2,0,1,0,2,0,24,10,4,10,0.10,0.07,0.17,1.88,1.6,1.6
2026-09-20T00:17:43+00:00,2026-09-19,daily,6,2026-10-10T10:00:00Z,372,Mac Allister,LIV,MID,54,0,-1,1.3,900,1655,42520,91369,a,,,,,5,,,1.2,0,6,216,2,0,0,1,2,0,28,7,9,12,0.10,0.44,0.54,4.06,1.2,1.2
2026-09-20T00:17:43+00:00,2026-09-19,daily,6,2026-10-10T10:00:00Z,373,C.Jones,LIV,MID,55,0,0,0.0,0,14,34,2601,u,Has joined Internazionale permanently,2026-08-16T18:30:07.426408Z,0,0,,,,0.0,0,0,0,0,0,0,0,0,0,0,0,0,0,0.00,0.00,0.00,0.00,0.0,0.0
2026-09-20T00:17:43+00:00,2026-09-19,daily,6,2026-10-10T10:00:00Z,374,Endo,LIV,MID,49,0,-1,0.1,45,84,2208,4450,a,,2026-07-23T12:01:23.612529Z,100,100,,,,0.0,0,0,0,0,0,0,0,0,0,0,0,0,0,0.00,0.00,0.00,0.00,0.0,0.0
2026-09-20T00:17:43+00:00,2026-09-19,daily,6,2026-10-10T10:00:00Z,375,Nyoni,LIV,MID,49,0,-1,0.0,13,57,1270,2802,a,,,,,,,,0.4,0,2,19,0,0,0,0,0,0,5,1,2,2,0.00,0.00,0.00,0.22,0.4,0.4
2026-09-20T00:17:43+00:00,2026-09-19,daily,6,2026-10-10T10:00:00Z,376,Bajcetic,LIV,MID,50,0,0,0.0,0,1,19,105,u,Has joined Celta Vigo permanently,2026-07-23T12:01:23.628373Z,0,0,,,,0.0,0,0,0,0,0,0,0,0,0,0,0,0,0,0.00,0.00,0.00,0.00,0.0,0.0
2026-09-20T00:17:43+00:00,2026-09-19,daily,6,2026-10-10T10:00:00Z,377,Munoz,LIV,MID,65,0,0,1.0,423,2467,116406,92809,a,,,,,,,,2.8,0,14,239,3,1,1,1,2,0,13,4,2,7,0.52,0.25,0.77,4.49,2.8,2.8
2026-09-20T00:17:43+00:00,2026-09-19,daily,6,2026-10-10T10:00:00Z,378,McConnell,LIV,MID,44,0,-1,0.2,302,319,6177,11776,a,,,,,,,,0.0,0,0,0,0,0,0,0,0,0,0,0,0,0,0.00,0.00,0.00,0.00,0.0,0.0
2026-09-20T00:17:43+00:00,2026-09-19,daily,6,2026-10-10T10:00:00Z,379,Isak,LIV,FWD,91,0,1,21.9,14826,20378,1141988,680347,a,,,,,2,,,5.0,0,25,333,4,3,0,2,4,0,6,2,1,3,2.79,0.06,2.85,5.16,5.0,5.0
2026-09-20T00:17:43+00:00,2026-09-19,daily,6,2026-10-10T10:00:00Z,380,Ekitiké,LIV,FWD,74,0,-1,0.1,98,199,2370,10662,i,Achilles injury - Unknown return date,2026-07-23T12:01:23.643771Z,0,0,,,,0.0,0,0,0,0,0,0,0,0,0,0,0,0,0,0.00,0.00,0.00,0.00,0.0,0.0
2026-09-20T00:17:43+00:00,2026-09-19,daily,6,2026-10-10T10:00:00Z,381,Koumas,LIV,MID,50,0,0,0.0,30,30,709,1231,a,,,,,,,,0.4,0,2,13,0,0,0,0,0,0,1,0,0,1,0.03,0.00,0.03,0.58,0.4,0.4
2026-09-20T00:17:43+00:00,2026-09-19,daily,6,2026-10-10T10:00:00Z,382,Danns,LIV,FWD,45,0,0,0.2,1182,501,20989,7780,a,,2026-07-23T12:01:23.659279Z,100,100,,,,0.0,0,0,0,0,0,0,0,0,0,0,0,0,0,0.00,0.00,0.00,0.00,0.0,0.0
2026-09-20T00:17:43+00:00,2026-09-19,daily,6,2026-10-10T10:00:00Z,383,Elliott,LIV,MID,54,0,-1,0.0,0,54,907,5974,u,Has joined Valencia on loan for the rest of the season,2026-09-02T16:05:49.104326Z,0,0,,,,0.0,0,0,0,0,0,0,0,0,0,0,0,0,0,0.00,0.00,0.00,0.00,0.0,0.0
2026-09-20T00:17:43+00:00,2026-09-19,daily,6,2026-10-10T10:00:00Z,579,Araujo,LIV,DEF,54,0,-1,2.9,3023,2304,134939,151993,a,,,,,,,,3.0,0,15,194,2,0,0,2,0,0,19,16,3,9,0.00,0.05,0.05,1.96,3.0,3.0
2026-09-20T00:17:43+00:00,2026-09-19,daily,6,2026-10-10T10:00:00Z,627,Barcola,LIV,MID,80,0,0,1.9,2268,3549,279730,114795,a,,,,,,,,1.3,0,4,97,1,0,0,1,0,0,5,0,3,2,0.21,0.10,0.31,0.77,1.3,1.3
2026-09-20T00:17:43+00:00,2026-09-19,daily,6,2026-10-10T10:00:00Z,155,Enzo,MCI,MID,69,0,-1,3.5,3478,3583,145145,310492,a,,,,,,,,1.2,0,6,181,2,0,0,2,0,0,16,5,3,8,0.31,0.27,0.58,1.78,1.2,1.2
2026-09-20T00:17:43+00:00,2026-09-19,daily,6,2026-10-10T10:00:00Z,237,Ndiaye,MCI,MID,58,-1,-2,7.1,1713,25303,292582,1093306,a,,,,,,,,3.4,0,17,311,3,0,1,2,1,0,40,9,8,23,0.28,0.44,0.72,6.27,3.4,3.4
2026-09-20T00:17:43+00:00,2026-09-19,daily,6,2026-10-10T10:00:00Z,384,Donnarumma,MCI,GKP,55,0,0,7.8,3679,5064,199870,290980,a,,,,,,,,3.4,0,17,360,4,0,0,2,2,10,0,2,0,24,0.00,0.00,0.00,3.68,3.4,3.4
2026-09-20T00:17:43+00:00,2026-09-19,daily,6,2026-10-10T10:00:00Z,386,Bettinelli,MCI,GKP,45,0,0,0.0,17,17,532,1053,a,,,,,,,,0.0,0,0,0,0,0,0,0,0,0,0,0,0,0,0.00,0.00,0.00,0.00,0.0,0.0
2026-09-20T00:17:43+00:00,2026-09-19,daily,6,2026-10-10T10:00:00Z,387,O'Reilly,MCI,DEF,64,0,-1,11.5,1423,12000,188767,1148511,a,,2026-09-05T18:00:06.379802Z,100,100,,,,1.0,0,5,158,2,0,0,0,2,0,3,1,2,8,0.09,0.43,0.52,1.71,1.0,1.0
2026-09-20T00:17:43+00:00,2026-09-19,daily,6,2026-10-10T10:00:00Z,388,Guéhi,MCI,DEF,60,0,0,18.5,6063,8637,487983,420613,a,,,,,,,,5.2,0,26,360,4,1,0,2,2,0,25,22,3,17,0.89,0.38,1.27,3.68,5.2,5.2
2026-09-20T00:17:43+00:00,2026-09-19,daily,6,2026-10-10T10:00:00Z,389,Matheus N.,MCI,DEF,59,0,-1,1.0,455,453,13610,71594,a,,2026-08-27T11:30:08.171622Z,100,100,4,,,2.0,0,10,123,1,0,0,1,0,0,12,10,2,10,0.00,0.05,0.05,1.10,2.0,2.0
2026-09-20T00:17:43+00:00,2026-09-19,daily,6,2026-10-10T10:00:00Z,390,Rúben,MCI,DEF,55,0,0,1.9,1270,1332,63858,66134,a,,,,,,,,3.2,0,16,360,4,0,0,2,2,0,22,21,1,16,0.09,0.74,0.83,3.68,3.2,3.2
2026-09-20T00:17:43+00:00,2026-09-19,daily,6,2026-10-10T10:00:00Z,391,Gvardiol,MCI,DEF,57,0,2,26.1,40919,6582,1722951,366798,a,,,,,,,,6.6,0,33,344,4,1,2,2,2,0,24,13,11,15,0.22,0.11,0.33,3.68,6.6,6.6
2026-09-20T00:17:43+00:00,2026-09-19,daily,6,2026-10-10T10:00:00Z,392,Aït-Nouri,MCI,DEF,53,0,-2,0.4,150,405,7502,59814,a,,,,,,,,0.0,0,0,0,0,0,0,0,0,0,0,0,0,0,0.00,0.00,0.00,0.00,0.0,0.0
2026-09-20T00:17:43+00:00,2026-09-19,daily,6,2026-10-10T10:00:00Z,393,Khusanov,MCI,DEF,54,0,-1,1.4,436,1289,25872,72935,a,,,,,,,,1.8,0,9,268,3,0,0,1,2,0,17,9,8,13,0.00,0.06,0.06,2.68,1.8,1.8
2026-09-20T00:17:43+00:00,2026-09-19,daily,6,2026-10-10T10:00:00Z,394,Alleyne,MCI,DEF,50,0,0,0.0,0,5,0,603,u,Has joined Burnley on loan for the rest of the season,2026-08-18T14:11:56.324656Z,0,0,,,,0.0,0,0,0,0,0,0,0,0,0,0,0,0,0,0.00,0.00,0.00,0.00,0.0,0.0
2026-09-20T00:17:43+00:00,2026-09-19,daily,6,2026-10-10T10:00:00Z,395,Lewis,MCI,DEF,44,0,-1,0.2,87,222,8043,15288,a,,,,,,,,0.2,0,1,56,1,0,0,0,1,0,2,2,0,0,0.17,0.02,0.19,0.55,0.2,0.2
2026-09-20T00:17:43+00:00,2026-09-19,daily,6,2026-10-10T10:00:00Z,396,Vitor Reis,MCI,DEF,45,0,0,0.0,19,27,499,1050,a,,,,,,,,0.2,0,1,1,0,0,0,0,0,0,0,0,0,0,0.00,0.00,0.00,0.00,0.2,0.2
2026-09-20T00:17:43+00:00,2026-09-19,daily,6,2026-10-10T10:00:00Z,397,Semenyo,MCI,MID,84,0,-1,14.6,2443,18808,193346,1161508,a,,,,,2,,,3.2,0,16,360,4,0,2,2,2,0,15,0,4,11,0.17,0.99,1.16,3.68,3.2,3.2
2026-09-20T00:17:43+00:00,2026-09-19,daily,6,2026-10-10T10:00:00Z,398,Foden,MCI,MID,69,0,-1,2.0,52,10064,303298,547786,s,Suspended until 17 Oct,2026-09-13T17:00:09.433455Z,0,0,,2,2,1.8,0,9,217,3,0,2,0,2,0,14,2,4,8,1.61,0.88,2.49,1.91,0.0,0.0
2026-09-20T00:17:43+00:00,2026-09-19,daily,6,2026-10-10T10:00:00Z,399,Cherki,MCI,MID,78,0,3,27.8,9361,33298,2556522,900243,a,,,,,,1,1,5.2,0,26,218,3,2,2,1,1,0,7,1,0,6,0.59,1.41,2.00,1.82,5.2,5.2
2026-09-20T00:17:43+00:00,2026-09-19,daily,6,2026-10-10T10:00:00Z,400,Doku,MCI,MID,74,0,-1,0.7,113,487,1580,126573,d,Calf injury - 75% chance of playing,2026-08-18T17:00:08.385597Z,75,75,3,,,0.0,0,0,0,0,0,0,0,0,0,0,0,0,0,0.00,0.00,0.00,0.00,0.0,0.0
2026-09-20T00:17:43+00:00,2026-09-19,daily,6,2026-10-10T10:00:00Z,402,Rodrigo,MCI,MID,65,0,0,0.0,0,1,0,1205,u,Has joined Barcelona permanently,2026-07-23T12:01:23.675537Z,0,0,,,,0.0,0,0,0,0,0,0,0,0,0,0,0,0,0,0.00,0.00,0.00,0.00,0.0,0.0
2026-09-20T00:17:43+00:00,2026-09-19,daily,6,2026-10-10T10:00:00Z,404,Reijnders,MCI,MID,60,0,0,0.0,0,21,0,8106,u,Has joined Al Qadsiah permanently,2026-08-20T14:02:58.154273Z,0,0,,,,0.0,0,0,0,0,0,0,0,0,0,0,0,0,0,0.00,0.00,0.00,0.00,0.0,0.0
2026-09-20T00:17:43+00:00,2026-09-19,daily,6,2026-10-10T10:00:00Z,406,Kovačić,MCI,MID,54,0,-1,0.1,26,98,2168,5927,a,,,,,,,,0.4,0,2,42,0,0,0,0,0,0,2,0,0,2,0.00,0.02,0.02,0.10,0.4,0.4
2026-09-20T00:17:43+00:00,2026-09-19,daily,6,2026-10-10T10:00:00Z,407,Echeverri,MCI,MID,49,0,-1,0.0,0,13,250,1302,u,Has joined Benfica on loan for the rest of the season,2026-09-03T15:41:24.710479Z,0,0,,,,0.0,0,0,0,0,0,0,0,0,0,0,0,0,0,0.00,0.00,0.00,0.00,0.0,0.0
2026-09-20T00:17:43+00:00,2026-09-19,daily,6,2026-10-10T10:00:00Z,408,Phillips,MCI,MID,50,0,0,0.0,0,4,0,563,u,Has joined Sheffield United on loan for the rest of the season,2026-08-18T14:11:56.348781Z,0,0,,,,0.0,0,0,0,0,0,0,0,0,0,0,0,0,0,0.00,0.00,0.00,0.00,0.0,0.0
2026-09-20T00:17:43+00:00,2026-09-19,daily,6,2026-10-10T10:00:00Z,409,Mukasa,MCI,MID,45,0,0,0.1,0,156,1621,11723,u,has joined West Ham on loan for the rest of the seaon.,2026-09-03T10:34:10.733520Z,0,0,,,,0.0,0,0,0,0,0,0,0,0,0,0,0,0,0,0.00,0.00,0.00,0.00,0.0,0.0
2026-09-20T00:17:43+00:00,2026-09-19,daily,6,2026-10-10T10:00:00Z,410,Monga,MCI,MID,49,0,-1,0.0,0,20,219,1240,u,Has joined Swansea City on loan for the rest of the season,2026-09-02T16:02:01.136760Z,0,0,,,,0.0,0,0,0,0,0,0,0,0,0,0,0,0,0,0.00,0.00,0.00,0.00,0.0,0.0
2026-09-20T00:17:43+00:00,2026-09-19,daily,6,2026-10-10T10:00:00Z,411,Haaland,MCI,FWD,156,0,1,73.4,16998,2916,862275,304574,a,,,,,1,,,6.6,0,33,360,4,4,0,2,2,0,18,8,0,10,3.33,0.51,3.84,3.68,6.6,6.6
2026-09-20T00:17:43+00:00,2026-09-19,daily,6,2026-10-10T10:00:00Z,481,Anderson,MCI,MID,63,0,-2,4.1,2297,5490,99736,423330,a,,2026-08-23T17:00:07.952697Z,100,100,,,3,2.6,0,13,323,4,0,0,2,2,0,45,14,11,20,0.09,0.65,0.74,3.58,2.6,2.6
2026-09-20T00:17:43+00:00,2026-09-19,daily,6,2026-10-10T10:00:00Z,587,Rulli,MCI,GKP,50,0,0,0.0,19,17,551,1028,a,,,,,,,,0.0,0,0,0,0,0,0,0,0,0,0,0,0,0,0.00,0.00,0.00,0.00,0.0,0.0
2026-09-20T00:17:43+00:00,2026-09-19,daily,6,2026-10-10T10:00:00Z,616,Bouaddi,MCI,MID,55,0,0,0.2,299,372,20498,11811,a,,,,,,,,0.5,0,2,22,0,0,0,0,0,0,6,3,0,3,0.00,0.12,0.12,0.37,0.5,0.5
2026-09-20T00:17:43+00:00,2026-09-19,daily,6,2026-10-10T10:00:00Z,621,McAidoo,MCI,MID,45,0,0,0.1,65,243,11234,6266,a,,,,,,,,0.5,0,2,11,0,0,0,0,0,0,4,0,2,2,0.10,0.00,0.10,0.02,0.5,0.5
2026-09-20T00:17:43+00:00,2026-09-19,daily,6,2026-10-10T10:00:00Z,622,Braithwaite,MCI,DEF,40,0,0,0.2,177,301,16384,7852,a,,,,,,,,0.2,0,1,1,0,0,0,0,0,0,0,0,0,1,0.00,0.00,0.00,0.00,0.2,0.2
2026-09-20T00:17:43+00:00,2026-09-19,daily,6,2026-10-10T10:00:00Z,628,Allan,MCI,MID,60,0,0,0.0,64,31,1027,552,a,,,,,,,,0.0,0,0,0,0,0,0,0,0,0,0,0,0,0,0.00,0.00,0.00,0.00,0.0,0.0
2026-09-20T00:17:43+00:00,2026-09-19,daily,6,2026-10-10T10:00:00Z,653,Samba,MCI,MID,45,0,0,0.0,90,81,3739,1764,a,,,,,,,,0.0,0,0,0,0,0,0,0,0,0,0,0,0,0,0.00,0.00,0.00,0.00,0.0,0.0
2026-09-20T00:17:43+00:00,2026-09-19,daily,6,2026-10-10T10:00:00Z,43,Tielemans,MUN,MID,58,0,-2,1.5,690,2552,42137,153176,a,,2026-07-23T12:01:23.321726Z,100,100,3,,,2.0,0,10,312,4,0,0,0,7,0,30,9,4,17,0.56,0.32,0.88,4.54,2.0,2.0
2026-09-20T00:17:43+00:00,2026-09-19,daily,6,2026-10-10T10:00:00Z,131,Baleba,MUN,MID,49,0,-1,0.1,165,230,5604,13871,d,Ankle injury - 50% chance of playing,2026-08-06T16:00:10.997714Z,50,50,,,,0.0,0,0,0,0,0,0,0,0,0,0,0,0,0,0.00,0.00,0.00,0.00,0.0,0.0
2026-09-20T00:17:43+00:00,2026-09-19,daily,6,2026-10-10T10:00:00Z,162,Andrey Santos,MUN,MID,48,0,-2,0.6,265,1238,21462,69857,a,,,,,,,,0.8,0,4,82,1,0,0,0,4,0,18,7,4,7,0.00,0.24,0.24,2.03,0.8,0.8
2026-09-20T00:17:43+00:00,2026-09-19,daily,6,2026-10-10T10:00:00Z,325,Darlow,MUN,GKP,45,0,0,0.0,26,30,1033,1411,a,,2026-07-23T12:01:23.549136Z,100,100,,,,0.0,0,0,0,0,0,0,0,0,0,0,0,0,0,0.00,0.00,0.00,0.00,0.0,0.0
2026-09-20T00:17:43+00:00,2026-09-19,daily,6,2026-10-10T10:00:00Z,412,Lammens,MUN,GKP,49,0,-1,10.2,1189,13870,93397,652301,a,,,,,,,,1.4,0,7,360,4,0,0,0,7,10,0,5,0,33,0.00,0.00,0.00,5.18,1.4,1.4
2026-09-20T00:17:43+00:00,2026-09-19,daily,6,2026-10-10T10:00:00Z,413,Bayindir,MUN,GKP,45,0,0,0.0,0,5,0,1115,u,Has joined Celta Vigo on loan for the rest of the season,2026-08-10T14:02:28.608415Z,0,0,,,,0.0,0,0,0,0,0,0,0,0,0,0,0,0,0,0.00,0.00,0.00,0.00,0.0,0.0
2026-09-20T00:17:43+00:00,2026-09-19,daily,6,2026-10-10T10:00:00Z,414,Heaton,MUN,GKP,40,0,0,0.1,76,61,1994,3348,i,Hamstring injury - Unknown return date,2026-08-15T16:00:07.854151Z,0,0,,,,0.0,0,0,0,0,0,0,0,0,0,0,0,0,0,0.00,0.00,0.00,0.00,0.0,0.0
2026-09-20T00:17:43+00:00,2026-09-19,daily,6,2026-10-10T10:00:00Z,415,Dorgu,MUN,MID,58,0,-2,0.5,206,1033,13176,94570,a,,,,,,,,1.2,0,6,165,2,0,0,0,6,0,18,6,8,4,0.65,0.08,0.73,3.38,1.2,1.2
2026-09-20T00:17:43+00:00,2026-09-19,daily,6,2026-10-10T10:00:00Z,416,De Ligt,MUN,DEF,50,0,0,0.0,11,18,390,1441,i,Back injury - Unknown return date,2026-07-23T12:01:23.690880Z,0,0,,,,0.0,0,0,0,0,0,0,0,0,0,0,0,0,0,0.00,0.00,0.00,0.00,0.0,0.0
2026-09-20T00:17:43+00:00,2026-09-19,daily,6,2026-10-10T10:00:00Z,417,Dalot,MUN,DEF,49,0,-1,1.7,264,1686,25043,130181,a,,,,,,,,1.2,0,6,256,3,0,0,0,3,0,14,9,5,14,0.18,0.18,0.36,3.08,1.2,1.2
2026-09-20T00:17:43+00:00,2026-09-19,daily,6,2026-10-10T10:00:00Z,418,Maguire,MUN,DEF,49,0,-1,9.1,930,22103,134888,951794,a,,,,,,,,1.6,0,8,360,4,0,1,0,7,0,26,24,2,17,0.19,0.43,0.62,5.18,1.6,1.6
2026-09-20T00:17:43+00:00,2026-09-19,daily,6,2026-10-10T10:00:00Z,419,Martinez,MUN,DEF,50,0,0,1.3,880,899,33806,61752,a,,2026-07-24T20:00:10.337107Z,100,100,,,,1.2,0,6,270,3,0,0,0,5,0,16,13,3,13,0.06,0.14,0.20,4.17,1.2,1.2
2026-09-20T00:17:43+00:00,2026-09-19,daily,6,2026-10-10T10:00:00Z,420,Yoro,MUN,DEF,48,-1,-2,0.5,121,416,4903,34258,a,,,,,,,,0.4,0,2,22,0,0,0,0,2,0,5,3,2,1,0.00,0.02,0.02,1.09,0.4,0.4
2026-09-20T00:17:43+00:00,2026-09-19,daily,6,2026-10-10T10:00:00Z,421,Heaven,MUN,DEF,44,0,-1,0.3,62,327,5832,22913,a,,,,,,,,0.2,0,1,90,1,0,0,0,2,0,2,1,1,4,0.12,0.04,0.16,1.01,0.2,0.2
2026-09-20T00:17:43+00:00,2026-09-19,daily,6,2026-10-10T10:00:00Z,422,Mazraoui,MUN,DEF,44,0,-1,0.5,191,592,13975,38679,a,,,,,,,,0.6,0,3,97,1,0,0,0,4,0,6,4,2,3,0.22,0.06,0.28,2.08,0.6,0.6
2026-09-20T00:17:43+00:00,2026-09-19,daily,6,2026-10-10T10:00:00Z,423,Shaw,MUN,DEF,43,-1,-2,8.1,216,34723,97700,1266652,d,Unspecified injury - 50% chance of playing,2026-09-11T13:00:09.030120Z,50,50,,,3,1.4,0,7,252,3,0,1,0,4,0,20,14,6,6,0.02,0.51,0.53,3.01,0.7,0.7
2026-09-20T00:17:43+00:00,2026-09-19,daily,6,2026-10-10T10:00:00Z,424,Amass,MUN,DEF,40,0,0,0.2,108,158,6010,8188,a,,,,,,,,0.0,0,0,0,0,0,0,0,0,0,0,0,0,0,0.00,0.00,0.00,0.00,0.0,0.0
2026-09-20T00:17:43+00:00,2026-09-19,daily,6,2026-10-10T10:00:00Z,425,Fredricson,MUN,DEF,40,0,0,0.0,0,12,0,1280,u,Has joined Lausanne-Sport permanently,2026-08-18T14:12:31.904433Z,0,0,,,,0.0,0,0,0,0,0,0,0,0,0,0,0,0,0,0.00,0.00,0.00,0.00,0.0,0.0
2026-09-20T00:17:43+00:00,2026-09-19,daily,6,2026-10-10T10:00:00Z,426,B.Fernandes,MUN,MID,120,0,0,39.7,8336,38287,619936,1691237,a,,,,,1,1,1,5.8,0,29,360,4,3,1,0,7,0,23,3,4,16,2.28,1.13,3.41,5.18,5.8,5.8
2026-09-20T00:17:43+00:00,2026-09-19,daily,6,2026-10-10T10:00:00Z,427,Mbeumo,MUN,MID,79,0,-1,21.4,8694,28439,435673,1914938,a,,,,,2,2,2,4.6,0,23,360,4,2,1,0,7,0,22,5,4,13,2.80,0.55,3.35,5.18,4.6,4.6
2026-09-20T00:17:43+00:00,2026-09-19,daily,6,2026-10-10T10:00:00Z,428,Cunha,MUN,MID,79,0,-1,5.7,1154,6376,74900,494407,a,,,,,,,,3.2,0,16,317,4,0,2,1,4,0,10,0,3,7,0.58,0.44,1.02,3.82,3.2,3.2
2026-09-20T00:17:43+00:00,2026-09-19,daily,6,2026-10-10T10:00:00Z,429,Rashford,MUN,MID,70,0,0,1.6,1421,2103,82450,113184,a,,,,,,3,,1.6,0,8,275,3,0,0,1,2,0,16,2,4,10,0.38,0.29,0.67,2.88,1.6,1.6
2026-09-20T00:17:43+00:00,2026-09-19,daily,6,2026-10-10T10:00:00Z,430,Mount,MUN,MID,54,0,-1,0.0,39,29,767,1805,a,,2026-08-15T16:00:07.879135Z,100,100,,4,,0.0,0,0,0,0,0,0,0,0,0,0,0,0,0,0.00,0.00,0.00,0.00,0.0,0.0
2026-09-20T00:17:43+00:00,2026-09-19,daily,6,2026-10-10T10:00:00Z,431,Amad,MUN,MID,57,0,-3,0.3,23,491,2065,122212,i,Unspecified injury - Unknown return date,2026-08-22T11:00:08.617283Z,0,0,,,4,0.0,0,0,0,0,0,0,0,0,0,0,0,0,0,0.00,0.00,0.00,0.00,0.0,0.0
2026-09-20T00:17:43+00:00,2026-09-19,daily,6,2026-10-10T10:00:00Z,432,Mainoo,MUN,MID,55,0,0,1.6,2229,1890,89323,54167,a,,,,,,,,3.6,0,18,275,3,0,1,0,3,0,44,9,5,30,0.24,0.42,0.66,3.15,3.6,3.6
2026-09-20T00:17:43+00:00,2026-09-19,daily,6,2026-10-10T10:00:00Z,433,Ugarte,MUN,MID,50,0,0,0.0,8,3,104,243,i,Knee injury - Unknown return date,2026-07-23T12:01:23.706702Z,0,0,,,,0.0,0,0,0,0,0,0,0,0,0,0,0,0,0,0.00,0.00,0.00,0.00,0.0,0.0
2026-09-20T00:17:43+00:00,2026-09-19,daily,6,2026-10-10T10:00:00Z,434,J.Fletcher,MUN,MID,49,0,-1,0.0,4,13,284,661,a,,,,,,,,0.0,0,0,0,0,0,0,0,0,0,0,0,0,0,0.00,0.00,0.00,0.00,0.0,0.0
2026-09-20T00:17:43+00:00,2026-09-19,daily,6,2026-10-10T10:00:00Z,435,Lacey,MUN,MID,49,0,-1,0.1,109,61,1462,3026,a,,,,,,,,0.2,0,1,10,0,0,0,0,0,0,1,0,0,1,0.00,0.00,0.00,0.00,0.2,0.2
2026-09-20T00:17:43+00:00,2026-09-19,daily,6,2026-10-10T10:00:00Z,436,Collyer,MUN,MID,50,0,0,0.0,0,15,150,1022,u,Has joined West Brom permanently,2026-09-01T13:16:48.584385Z,0,0,,,,0.0,0,0,0,0,0,0,0,0,0,0,0,0,0,0.00,0.00,0.00,0.00,0.0,0.0
2026-09-20T00:17:43+00:00,2026-09-19,daily,6,2026-10-10T10:00:00Z,437,Bendito Mantato,MUN,MID,45,0,0,0.2,51,189,4715,8970,a,,,,,,,,0.0,0,0,0,0,0,0,0,0,0,0,0,0,0,0.00,0.00,0.00,0.00,0.0,0.0
2026-09-20T00:17:43+00:00,2026-09-19,daily,6,2026-10-10T10:00:00Z,438,Fletcher,MUN,MID,44,0,-1,0.3,584,451,8653,15220,a,,,,,,,,0.0,0,0,0,0,0,0,0,0,0,0,0,0,0,0.00,0.00,0.00,0.00,0.0,0.0
2026-09-20T00:17:43+00:00,2026-09-19,daily,6,2026-10-10T10:00:00Z,439,Šeško,MUN,FWD,70,0,0,1.8,3643,2604,101082,112277,a,,2026-07-23T12:01:23.722029Z,100,100,,,,1.6,0,8,76,0,1,0,0,3,0,5,0,0,5,0.39,0.01,0.40,2.00,1.6,1.6
2026-09-20T00:17:43+00:00,2026-09-19,daily,6,2026-10-10T10:00:00Z,440,Zirkzee,MUN,FWD,53,-1,-2,0.4,428,676,14308,41229,a,,,,,,,,0.2,0,1,7,0,0,0,0,0,0,3,1,0,2,0.00,0.01,0.01,0.02,0.2,0.2
2026-09-20T00:17:43+00:00,2026-09-19,daily,6,2026-10-10T10:00:00Z,441,Obi,MUN,FWD,45,0,0,1.0,0,3310,45543,66252,u,Has joined Willem II on loan for the rest of the season,2026-09-14T16:12:42.090874Z,0,0,,,,0.0,0,0,0,0,0,0,0,0,0,0,0,0,0,0.00,0.00,0.00,0.00,0.0,0.0
2026-09-20T00:17:43+00:00,2026-09-19,daily,6,2026-10-10T10:00:00Z,405,N.Gonzalez,NEW,MID,55,0,0,0.2,44,955,17507,16124,a,,2026-09-14T21:30:07.343728Z,0,100,,,,1.0,0,5,164,3,0,0,1,2,0,12,3,0,9,0.00,0.21,0.21,2.34,0.0,1.0
2026-09-20T00:17:43+00:00,2026-09-19,daily,6,2026-10-10T10:00:00Z,442,Pope,NEW,GKP,49,0,-1,1.0,226,655,12719,51378,a,,,,,,,,0.0,0,0,0,0,0,0,0,0,0,0,0,0,0,0.00,0.00,0.00,0.00,0.0,0.0
2026-09-20T00:17:43+00:00,2026-09-19,daily,6,2026-10-10T10:00:00Z,443,Gillespie,NEW,GKP,45,0,0,0.0,11,15,736,1135,a,,,,,,,,0.0,0,0,0,0,0,0,0,0,0,0,0,0,0,0.00,0.00,0.00,0.00,0.0,0.0
2026-09-20T00:17:43+00:00,2026-09-19,daily,6,2026-10-10T10:00:00Z,444,Jaouen,NEW,GKP,44,-1,-1,0.0,4,31,437,1436,d,Ankle injury - 50% chance of playing,2026-09-10T16:00:09.127466Z,50,50,,,,0.0,0,0,0,0,0,0,0,0,0,0,0,0,0,0.00,0.00,0.00,0.00,0.0,0.0
2026-09-20T00:17:43+00:00,2026-09-19,daily,6,2026-10-10T10:00:00Z,445,Thiaw,NEW,DEF,50,0,0,2.2,1941,2425,171242,115436,a,,,,,,,,2.8,4,14,450,5,0,0,1,9,0,45,45,0,10,0.00,0.08,0.08,9.14,2.8,2.8
2026-09-20T00:17:43+00:00,2026-09-19,daily,6,2026-10-10T10:00:00Z,446,Schär,NEW,DEF,49,0,-1,0.2,118,248,6629,13194,a,,2026-08-15T16:30:07.209742Z,100,100,,2,,0.4,1,2,25,0,0,0,0,2,0,7,7,0,0,0.00,0.01,0.01,1.87,0.4,0.4
2026-09-20T00:17:43+00:00,2026-09-19,daily,6,2026-10-10T10:00:00Z,447,Botman,NEW,DEF,50,0,0,0.7,876,715,43550,26009,a,,,,,,,,3.0,4,15,450,5,0,0,1,9,0,59,54,5,14,0.06,0.17,0.23,9.14,3.0,3.0
2026-09-20T00:17:43+00:00,2026-09-19,daily,6,2026-10-10T10:00:00Z,448,Burn,NEW,DEF,49,0,-1,0.8,20,1529,7235,156437,i,Ankle injury - Expected back 12 Oct,2026-08-23T18:00:08.367241Z,0,0,,,,0.0,0,0,0,0,0,0,0,0,0,0,0,0,0,0.00,0.00,0.00,0.00,0.0,0.0
2026-09-20T00:17:43+00:00,2026-09-19,daily,6,2026-10-10T10:00:00Z,449,Hall,NEW,DEF,52,0,2,15.3,45327,4569,1458829,332402,a,,,,,,1,1,6.2,13,31,449,5,1,1,1,9,0,46,33,13,38,0.25,0.79,1.04,9.12,6.2,6.2
2026-09-20T00:17:43+00:00,2026-09-19,daily,6,2026-10-10T10:00:00Z,450,Livramento,NEW,DEF,49,0,-1,0.1,321,421,10117,4861,d,Unspecified injury - 75% chance of playing,2026-09-19T14:00:09.046677Z,100,75,,,,0.8,0,4,33,0,0,1,0,1,0,3,1,2,4,0.00,0.01,0.01,0.18,0.8,0.6
2026-09-20T00:17:43+00:00,2026-09-19,daily,6,2026-10-10T10:00:00Z,451,A.Murphy,NEW,DEF,40,0,0,0.1,0,61,0,6712,u,Has joined FC Kaiserslautern on loan for the rest of the season,2026-08-12T14:05:29.224600Z,0,0,,,,0.0,0,0,0,0,0,0,0,0,0,0,0,0,0,0.00,0.00,0.00,0.00,0.0,0.0
2026-09-20T00:17:43+00:00,2026-09-19,daily,6,2026-10-10T10:00:00Z,453,Barnes,NEW,MID,61,1,1,4.7,51797,2641,522900,134549,a,,,,,,,3,5.6,9,28,450,5,1,3,1,9,0,33,14,3,16,0.62,0.48,1.10,9.14,5.6,5.6
2026-09-20T00:17:43+00:00,2026-09-19,daily,6,2026-10-10T10:00:00Z,454,Elanga,NEW,MID,61,-1,1,5.5,85,71644,1285922,991605,i,Unspecified injury - Unknown return date,2026-09-14T20:00:09.505598Z,0,0,,,2,3.6,0,18,232,3,2,0,1,3,0,9,2,4,3,0.42,0.34,0.76,4.01,0.0,0.0
2026-09-20T00:17:43+00:00,2026-09-19,daily,6,2026-10-10T10:00:00Z,456,J.Ramsey,NEW,MID,49,0,-1,0.3,11,1584,16557,27787,i,Thigh injury - Unknown return date,2026-09-15T09:00:08.191022Z,0,0,,,,1.4,0,7,69,0,1,0,0,1,0,11,3,2,6,0.17,0.16,0.33,1.92,0.0,0.0
2026-09-20T00:17:43+00:00,2026-09-19,daily,6,2026-10-10T10:00:00Z,457,J.Murphy,NEW,MID,59,0,-1,0.1,219,179,5322,10358,a,,,,,,,4,0.6,1,3,181,2,0,0,0,5,0,18,4,4,10,0.03,0.41,0.44,4.96,0.6,0.6
2026-09-20T00:17:43+00:00,2026-09-19,daily,6,2026-10-10T10:00:00Z,458,Joelinton,NEW,MID,54,0,-1,0.0,3,23,214,2185,i,Unspecified injury - Unknown return date,2026-08-16T08:00:08.074045Z,0,0,,,,0.0,0,0,0,0,0,0,0,0,0,0,0,0,0,0.00,0.00,0.00,0.00,0.0,0.0
2026-09-20T00:17:43+00:00,2026-09-19,daily,6,2026-10-10T10:00:00Z,459,L.Miley,NEW,MID,55,0,0,0.1,112,120,5976,5127,a,,2026-07-23T12:01:23.785456Z,100,100,,,5,2.4,4,12,396,5,0,0,1,8,0,52,20,6,26,0.05,0.14,0.19,7.95,2.4,2.4
2026-09-20T00:17:43+00:00,2026-09-19,daily,6,2026-10-10T10:00:00Z,460,Willock,NEW,MID,50,0,0,0.5,2082,609,56902,28594,a,,,,,,,,4.4,10,22,284,3,2,0,1,5,0,18,4,5,9,0.81,0.30,1.11,5.19,4.4,4.4
2026-09-20T00:17:43+00:00,2026-09-19,daily,6,2026-10-10T10:00:00Z,461,Touré,NEW,MID,58,0,-2,0.1,118,193,3501,15800,a,,,,,,,,1.6,1,8,50,0,1,0,0,1,0,4,1,0,3,0.28,0.01,0.29,0.76,1.6,1.6
2026-09-20T00:17:43+00:00,2026-09-19,daily,6,2026-10-10T10:00:00Z,462,Steur,NEW,MID,49,0,-1,0.1,50,101,2206,5898,a,,,,,,,,1.6,3,8,223,2,0,0,1,5,0,21,9,4,8,0.00,0.06,0.06,4.23,1.6,1.6
2026-09-20T00:17:43+00:00,2026-09-19,daily,6,2026-10-10T10:00:00Z,463,Woltemade,NEW,FWD,59,0,-1,0.5,0,961,14520,139396,u,Has joined Juventus on loan for the rest of the season,2026-09-02T16:07:16.549304Z,0,0,,,,0.8,0,4,19,0,0,1,0,0,0,0,0,0,0,0.02,0.01,0.03,0.38,0.0,0.0
2026-09-20T00:17:43+00:00,2026-09-19,daily,6,2026-10-10T10:00:00Z,464,Wissa,NEW,FWD,62,0,2,19.2,25406,33792,2220918,620802,a,,,,,2,,,3.0,0,15,441,5,1,1,1,8,0,27,6,6,15,2.35,0.06,2.41,7.97,3.0,3.0
2026-09-20T00:17:43+00:00,2026-09-19,daily,6,2026-10-10T10:00:00Z,465,Osula,NEW,FWD,58,-1,-2,0.3,26,621,21349,84926,i,Foot injury - Unknown return date,2026-08-25T19:00:08.004915Z,0,0,1,4,,0.8,0,4,55,1,0,1,0,1,0,5,2,1,2,0.06,0.14,0.20,1.48,0.0,0.0
2026-09-20T00:17:43+00:00,2026-09-19,daily,6,2026-10-10T10:00:00Z,466,Neave,NEW,FWD,45,0,0,0.5,0,924,23805,49546,u,Has joined Wolves on loan for the rest of the season,2026-09-04T12:37:43.515176Z,0,0,,,,0.0,0,0,0,0,0,0,0,0,0,0,0,0,0,0.00,0.00,0.00,0.00,0.0,0.0
2026-09-20T00:17:43+00:00,2026-09-19,daily,6,2026-10-10T10:00:00Z,559,Bamba,NEW,MID,49,0,-1,0.1,32,105,2472,7189,a,,,,,,,,0.6,1,3,27,0,0,0,0,1,0,8,3,3,2,0.00,0.00,0.00,1.29,0.6,0.6
2026-09-20T00:17:43+00:00,2026-09-19,daily,6,2026-10-10T10:00:00Z,567,Horníček,NEW,GKP,50,0,0,1.5,1775,1093,146425,67646,a,,,,,,,,2.8,3,14,450,5,0,0,1,9,19,0,11,0,31,0.00,0.00,0.00,9.14,2.8,2.8
2026-09-20T00:17:43+00:00,2026-09-19,daily,6,2026-10-10T10:00:00Z,593,Dedić,NEW,DEF,45,0,0,2.0,75,15286,447697,285336,i,Unspecified injury - Unknown return date,2026-09-17T14:30:09.823731Z,0,0,,3,,2.6,0,13,327,4,0,1,1,7,0,24,16,8,15,0.14,0.08,0.22,7.38,0.0,0.0
2026-09-20T00:17:43+00:00,2026-09-19,daily,6,2026-10-10T10:00:00Z,609,Shahar,NEW,DEF,40,0,0,0.2,0,475,18236,14373,u,has joined Arouca on loan for the rest of the seaon.,2026-09-11T14:41:57.406766Z,0,0,,,,0.0,0,0,0,0,0,0,0,0,0,0,0,0,0,0.00,0.00,0.00,0.00,0.0,0.0
2026-09-20T00:17:43+00:00,2026-09-19,daily,6,2026-10-10T10:00:00Z,634,Fernandez-Pardo,NEW,FWD,60,0,0,0.1,456,330,15527,5230,a,,,,,,,,1.3,2,4,157,2,0,0,0,4,0,5,0,2,3,0.05,0.01,0.06,2.94,1.3,1.3
2026-09-20T00:17:43+00:00,2026-09-19,daily,6,2026-10-10T10:00:00Z,659,Miley,NEW,MID,45,0,0,0.0,426,133,3864,735,a,,,,,,,,0.0,0,0,0,0,0,0,0,0,0,0,0,0,0,0.00,0.00,0.00,0.00,0.0,0.0
2026-09-20T00:17:43+00:00,2026-09-19,daily,6,2026-10-10T10:00:00Z,663,Pivas,NEW,DEF,40,0,0,0.0,12,0,12,0,a,,,,,,,,0.0,0,0,0,0,0,0,0,0,0,0,0,0,0,0.00,0.00,0.00,0.00,1.1,1.1
2026-09-20T00:17:43+00:00,2026-09-19,daily,6,2026-10-10T10:00:00Z,664,Salia,NEW,FWD,45,0,0,0.0,339,36,339,36,a,,,,,,,,0.0,0,0,0,0,0,0,0,0,0,0,0,0,0,0.00,0.00,0.00,0.00,1.0,1.0
2026-09-20T00:17:43+00:00,2026-09-19,daily,6,2026-10-10T10:00:00Z,665,Mills,NEW,MID,45,0,0,0.0,6,0,6,0,a,,,,,,,,0.0,0,0,0,0,0,0,0,0,0,0,0,0,0,0.00,0.00,0.00,0.00,1.1,1.1
2026-09-20T00:17:43+00:00,2026-09-19,daily,6,2026-10-10T10:00:00Z,666,Thompson,NEW,MID,45,0,0,0.0,11,0,11,0,a,,,,,,,,0.0,0,0,0,0,0,0,0,0,0,0,0,0,0,0.00,0.00,0.00,0.00,1.1,1.1
2026-09-20T00:17:43+00:00,2026-09-19,daily,6,2026-10-10T10:00:00Z,167,Delap,NFO,FWD,56,1,1,2.9,18439,5461,305615,59033,a,,,,,3,,,1.8,1,9,277,3,1,0,1,3,0,17,5,2,10,0.89,0.35,1.24,2.62,1.8,1.8
2026-09-20T00:17:43+00:00,2026-09-19,daily,6,2026-10-10T10:00:00Z,201,Muñoz,NFO,DEF,54,0,-1,5.9,3235,6938,153793,461114,a,,,,,,,,1.0,2,5,257,3,0,0,0,4,0,15,8,7,8,0.60,0.21,0.81,2.59,1.0,1.0
2026-09-20T00:17:43+00:00,2026-09-19,daily,6,2026-10-10T10:00:00Z,467,Sels,NFO,GKP,50,0,0,1.6,613,1299,66866,57361,a,,,,,,,,2.8,2,14,450,5,0,0,1,5,11,0,6,0,46,0.00,0.01,0.01,4.77,2.8,2.8
2026-09-20T00:17:43+00:00,2026-09-19,daily,6,2026-10-10T10:00:00Z,468,John,NFO,GKP,45,0,0,0.1,16,39,823,1899,a,,,,,,,,0.0,0,0,0,0,0,0,0,0,0,0,0,0,0,0.00,0.00,0.00,0.00,0.0,0.0
2026-09-20T00:17:43+00:00,2026-09-19,daily,6,2026-10-10T10:00:00Z,469,N.Williams,NFO,DEF,50,0,0,9.1,4085,8954,318571,314212,a,,,,,,3,2,3.8,2,19,450,5,0,1,1,5,0,29,15,14,28,0.41,0.61,1.02,4.77,3.8,3.8
2026-09-20T00:17:43+00:00,2026-09-19,daily,6,2026-10-10T10:00:00Z,470,Morato,NFO,DEF,50,0,0,0.0,0,27,424,3607,u,Has joined West Ham on loan for the rest of the season,2026-09-02T16:19:54.503286Z,0,0,,,,0.0,0,0,0,0,0,0,0,0,0,0,0,0,0,0.00,0.00,0.00,0.00,0.0,0.0
2026-09-20T00:17:43+00:00,2026-09-19,daily,6,2026-10-10T10:00:00Z,471,Milenković,NFO,DEF,54,-1,-1,1.1,17,3640,17949,98797,i,Hamstring injury - Expected back 11 Oct,2026-09-12T14:00:09.705107Z,0,0,,,,2.4,0,12,270,3,0,0,1,3,0,31,26,5,12,0.11,0.03,0.14,3.28,0.0,0.0
2026-09-20T00:17:43+00:00,2026-09-19,daily,6,2026-10-10T10:00:00Z,472,Murillo,NFO,DEF,55,0,0,2.1,1950,1513,97447,54774,a,,2026-07-23T12:01:23.801183Z,100,100,,2,,4.6,4,23,449,5,0,1,1,5,0,53,44,9,18,0.42,0.37,0.79,4.77,4.6,4.6
2026-09-20T00:17:43+00:00,2026-09-19,daily,6,2026-10-10T10:00:00Z,473,Aina,NFO,DEF,45,0,0,2.5,426,5173,68539,154960,a,,,,,,,,1.6,0,8,306,4,0,0,1,3,0,22,12,10,14,0.04,0.53,0.57,3.72,1.6,1.6
2026-09-20T00:17:43+00:00,2026-09-19,daily,6,2026-10-10T10:00:00Z,474,Jair Cunha,NFO,DEF,45,0,0,0.2,56,242,9562,12768,a,,2026-09-12T14:00:09.724349Z,75,100,,,,2.2,1,11,360,4,0,0,1,4,0,36,29,7,8,0.05,0.02,0.07,3.95,1.7,2.2
2026-09-20T00:17:43+00:00,2026-09-19,daily,6,2026-10-10T10:00:00Z,475,Savona,NFO,DEF,45,0,0,0.0,5,7,225,265,i,Knee injury - Unknown return date,2026-07-23T12:01:23.816304Z,0,0,,,,0.0,0,0,0,0,0,0,0,0,0,0,0,0,0,0.00,0.00,0.00,0.00,0.0,0.0
2026-09-20T00:17:43+00:00,2026-09-19,daily,6,2026-10-10T10:00:00Z,476,O.Richards,NFO,DEF,40,0,0,0.2,73,168,3773,7719,a,,,,,,,,0.0,0,0,0,0,0,0,0,0,0,0,0,0,0,0.00,0.00,0.00,0.00,0.0,0.0
2026-09-20T00:17:43+00:00,2026-09-19,daily,6,2026-10-10T10:00:00Z,477,Abbott,NFO,DEF,40,0,0,0.1,0,200,2459,13273,u,Has joined Southampton on loan for the rest of the season,2026-09-02T16:19:54.536676Z,0,0,,,,0.0,0,0,0,0,0,0,0,0,0,0,0,0,0,0.00,0.00,0.00,0.00,0.0,0.0
2026-09-20T00:17:43+00:00,2026-09-19,daily,6,2026-10-10T10:00:00Z,478,Netz,NFO,DEF,44,0,-1,0.0,18,33,648,1504,a,,,,,,,,0.6,1,3,27,0,0,0,0,1,0,1,0,1,1,0.00,0.02,0.02,0.13,0.6,0.6
2026-09-20T00:17:43+00:00,2026-09-19,daily,6,2026-10-10T10:00:00Z,479,Bindon,NFO,DEF,40,0,0,0.1,0,119,799,8249,u,Has joined Charlton Athletic on loan for the rest of the season,2026-09-01T13:16:05.383880Z,0,0,,,,0.0,0,0,0,0,0,0,0,0,0,0,0,0,0,0.00,0.00,0.00,0.00,0.0,0.0
2026-09-20T00:17:43+00:00,2026-09-19,daily,6,2026-10-10T10:00:00Z,480,Gibbs-White,NFO,MID,80,0,0,16.0,21292,15263,1164974,597957,a,,2026-08-24T15:30:08.350159Z,100,100,1,1,,5.6,2,28,450,5,1,2,1,5,0,21,2,5,14,1.56,1.42,2.98,4.77,5.6,5.6
2026-09-20T00:17:43+00:00,2026-09-19,daily,6,2026-10-10T10:00:00Z,482,Hudson-Odoi,NFO,MID,58,0,-2,0.2,86,240,5097,16640,a,,2026-07-23T12:01:23.832709Z,100,100,,4,,0.2,0,1,1,0,0,0,0,0,0,0,0,0,0,0.00,0.00,0.00,0.00,0.2,0.2
2026-09-20T00:17:43+00:00,2026-09-19,daily,6,2026-10-10T10:00:00Z,483,Ndoye,NFO,MID,55,0,0,0.8,251,2519,71847,43682,a,,,,,,,,3.0,1,15,316,5,1,0,1,3,0,20,3,2,15,1.25,0.93,2.18,3.84,3.0,3.0
2026-09-20T00:17:43+00:00,2026-09-19,daily,6,2026-10-10T10:00:00Z,484,Hutchinson,NFO,MID,54,0,-1,0.1,0,84,427,10712,u,Has joined AC Milan on loan for the rest of the season,2026-09-01T13:23:52.340206Z,0,0,,,,0.0,0,0,0,0,0,0,0,0,0,0,0,0,0,0.00,0.00,0.00,0.00,0.0,0.0
2026-09-20T00:17:43+00:00,2026-09-19,daily,6,2026-10-10T10:00:00Z,485,Bakwa,NFO,MID,55,0,0,0.0,0,7,107,1149,u,Has joined Lille on loan for the rest of the season,2026-08-27T14:53:03.381941Z,0,0,,,,0.0,0,0,0,0,0,0,0,0,0,0,0,0,0,0.00,0.00,0.00,0.00,0.0,0.0
2026-09-20T00:17:43+00:00,2026-09-19,daily,6,2026-10-10T10:00:00Z,486,McAtee,NFO,MID,55,0,0,0.1,118,218,9763,5264,a,,,,,,,1,2.4,2,12,416,5,0,0,2,4,0,39,9,9,21,0.37,0.96,1.33,4.55,2.4,2.4
2026-09-20T00:17:43+00:00,2026-09-19,daily,6,2026-10-10T10:00:00Z,487,Dominguez,NFO,MID,49,0,-1,0.1,18,65,1156,3867,a,,,,,,,,0.2,0,1,1,0,0,0,0,0,0,0,0,0,0,0.00,0.00,0.00,0.00,0.2,0.2
2026-09-20T00:17:43+00:00,2026-09-19,daily,6,2026-10-10T10:00:00Z,488,I.Sangaré,NFO,MID,49,0,-1,0.4,71,832,8970,66411,a,,2026-08-28T09:30:07.471668Z,100,100,,,,0.8,1,4,105,1,0,0,0,1,0,8,4,1,3,0.09,0.02,0.11,0.56,0.8,0.8
2026-09-20T00:17:43+00:00,2026-09-19,daily,6,2026-10-10T10:00:00Z,489,Yates,NFO,MID,45,0,0,1.2,158,1829,29804,88184,a,,2026-08-17T20:30:08.195072Z,100,100,,,,0.0,0,0,0,0,0,0,0,0,0,0,0,0,0,0.00,0.00,0.00,0.00,0.0,0.0
2026-09-20T00:17:43+00:00,2026-09-19,daily,6,2026-10-10T10:00:00Z,490,Wood,NFO,FWD,58,0,-2,0.9,498,1232,23077,111079,a,,,,,2,,,0.8,1,4,62,0,0,0,0,1,0,1,0,0,1,0.12,0.01,0.13,0.53,0.8,0.8
2026-09-20T00:17:43+00:00,2026-09-19,daily,6,2026-10-10T10:00:00Z,491,Igor Jesus,NFO,FWD,58,0,-2,2.8,2377,4995,121377,252340,a,,,,,4,,,2.4,1,12,257,2,1,0,0,3,0,15,5,2,8,1.25,0.08,1.33,2.61,2.4,2.4
2026-09-20T00:17:43+00:00,2026-09-19,daily,6,2026-10-10T10:00:00Z,493,Kalimuendo,NFO,FWD,54,0,-1,0.1,56,93,2866,3793,a,,,,,,,,0.2,0,1,1,0,0,0,0,0,0,0,0,0,0,0.00,0.00,0.00,0.00,0.2,0.2
2026-09-20T00:17:43+00:00,2026-09-19,daily,6,2026-10-10T10:00:00Z,558,Schlager,NFO,MID,50,0,0,0.1,80,204,5760,5221,a,,,,,,,3,2.6,2,13,376,4,0,0,1,5,0,49,11,17,21,0.19,0.18,0.37,4.43,2.6,2.6
2026-09-20T00:17:43+00:00,2026-09-19,daily,6,2026-10-10T10:00:00Z,581,Diomande,NFO,DEF,54,0,-1,0.5,379,450,12501,39915,a,,,,,,,,1.4,2,7,163,2,0,0,0,2,0,19,18,1,10,0.16,0.01,0.17,1.45,1.4,1.4
2026-09-20T00:17:43+00:00,2026-09-19,daily,6,2026-10-10T10:00:00Z,590,Benda,NFO,GKP,45,0,0,0.1,38,51,2578,2652,a,,,,,,,,0.0,0,0,0,0,0,0,0,0,0,0,0,0,0,0.00,0.00,0.00,0.00,0.0,0.0
2026-09-20T00:17:43+00:00,2026-09-19,daily,6,2026-10-10T10:00:00Z,112,Van Hecke,TOT,DEF,49,0,-1,6.6,2882,7007,139051,452402,a,,,,,,,,4.8,6,24,450,5,1,0,2,8,0,43,33,10,17,0.69,0.42,1.11,7.78,4.8,4.8
2026-09-20T00:17:43+00:00,2026-09-19,daily,6,2026-10-10T10:00:00Z,147,Tosin,TOT,DEF,44,0,-1,0.2,32,103,1924,7455,a,,,,,,,,0.2,0,1,5,0,0,0,0,0,0,4,2,2,1,0.00,0.00,0.00,0.03,0.2,0.2
2026-09-20T00:17:43+00:00,2026-09-19,daily,6,2026-10-10T10:00:00Z,401,Marmoush,TOT,FWD,70,0,0,2.2,3007,5967,225486,147100,a,,,,,2,5,,1.6,2,8,339,4,0,0,2,5,0,13,0,2,11,0.38,0.15,0.53,3.84,1.6,1.6
2026-09-20T00:17:43+00:00,2026-09-19,daily,6,2026-10-10T10:00:00Z,403,Sávio,TOT,MID,65,0,0,0.7,743,2141,97655,74904,a,,2026-08-29T16:30:08.380416Z,100,100,,,4,1.6,2,8,240,3,0,0,2,3,0,11,3,0,8,0.41,0.70,1.11,2.76,1.6,1.6
2026-09-20T00:17:43+00:00,2026-09-19,daily,6,2026-10-10T10:00:00Z,455,Tonali,TOT,MID,53,-1,-2,1.9,547,4458,46136,259065,a,,2026-09-14T14:30:07.387706Z,100,100,,,,2.8,2,14,427,5,0,0,2,8,0,42,11,11,20,0.24,0.61,0.85,7.72,2.8,2.8
2026-09-20T00:17:43+00:00,2026-09-19,daily,6,2026-10-10T10:00:00Z,494,Vicario,TOT,GKP,45,0,0,0.1,0,179,0,21562,u,Has joined Juventus on loan for the rest of the season,2026-08-19T13:55:33.193962Z,0,0,,,,0.0,0,0,0,0,0,0,0,0,0,0,0,0,0,0.00,0.00,0.00,0.00,0.0,0.0
2026-09-20T00:17:43+00:00,2026-09-19,daily,6,2026-10-10T10:00:00Z,495,Austin,TOT,GKP,40,0,0,1.0,555,491,28206,20176,a,,,,,,,,0.0,0,0,0,0,0,0,0,0,0,0,0,0,0,0.00,0.00,0.00,0.00,0.0,0.0
2026-09-20T00:17:43+00:00,2026-09-19,daily,6,2026-10-10T10:00:00Z,496,Kinsky,TOT,GKP,45,0,0,18.0,4466,33568,333620,715795,a,,,,,,,,3.6,2,18,450,5,0,0,2,8,12,0,10,0,34,0.00,0.00,0.00,7.78,3.6,3.6
2026-09-20T00:17:43+00:00,2026-09-19,daily,6,2026-10-10T10:00:00Z,497,Dubravka,TOT,GKP,40,0,0,17.4,7422,11206,378061,403856,a,,,,,,,,0.0,0,0,0,0,0,0,0,0,0,0,0,0,0,0.00,0.00,0.00,0.00,0.0,0.0
2026-09-20T00:17:43+00:00,2026-09-19,daily,6,2026-10-10T10:00:00Z,498,Senesi,TOT,DEF,58,0,-2,3.7,312,5323,28456,441786,a,,,,,,,,0.6,0,3,90,1,0,0,0,3,0,16,11,5,2,0.00,0.02,0.02,3.87,0.6,0.6
2026-09-20T00:17:43+00:00,2026-09-19,daily,6,2026-10-10T10:00:00Z,499,Pedro Porro,TOT,DEF,54,0,-1,8.2,1163,17984,123937,935732,d,Hamstring injury - 75% chance of playing,2026-09-19T12:00:08.823872Z,100,75,,1,3,1.8,1,9,198,3,0,0,1,2,0,9,6,3,5,0.37,0.16,0.53,1.68,1.8,1.4
2026-09-20T00:17:43+00:00,2026-09-19,daily,6,2026-10-10T10:00:00Z,500,Romero,TOT,DEF,50,0,0,0.1,0,74,0,16588,u,Has joined Atletico Madrid permanently,2026-08-17T13:49:05.465401Z,0,0,,,,0.0,0,0,0,0,0,0,0,0,0,0,0,0,0,0.00,0.00,0.00,0.00,0.0,0.0
2026-09-20T00:17:43+00:00,2026-09-19,daily,6,2026-10-10T10:00:00Z,502,Robertson,TOT,DEF,44,0,-1,2.6,1510,3548,63182,174224,a,,,,,,,1,3.4,4,17,366,4,0,1,1,7,0,20,15,5,15,0.13,0.43,0.56,7.05,3.4,3.4
2026-09-20T00:17:43+00:00,2026-09-19,daily,6,2026-10-10T10:00:00Z,503,Van de Ven,TOT,DEF,50,0,0,3.9,1423,4720,89879,251961,a,,2026-08-21T15:00:07.610517Z,100,100,,,,3.2,1,16,360,4,0,0,2,5,0,29,24,5,17,0.59,0.05,0.64,3.91,3.2,3.2
2026-09-20T00:17:43+00:00,2026-09-19,daily,6,2026-10-10T10:00:00Z,505,Spence,TOT,DEF,45,0,0,0.2,0,288,0,68374,u,Has joined Internazionale permanently,2026-08-18T14:13:08.454214Z,0,0,,,,0.0,0,0,0,0,0,0,0,0,0,0,0,0,0,0.00,0.00,0.00,0.00,0.0,0.0
2026-09-20T00:17:43+00:00,2026-09-19,daily,6,2026-10-10T10:00:00Z,506,Udogie,TOT,DEF,44,0,-1,0.3,100,392,5339,21222,a,,2026-09-11T18:00:09.092110Z,100,100,,,,1.4,0,7,86,1,0,0,1,1,0,4,3,1,4,0.00,0.23,0.23,1.17,1.4,1.4
2026-09-20T00:17:43+00:00,2026-09-19,daily,6,2026-10-10T10:00:00Z,507,Phillips,TOT,DEF,45,0,0,0.0,0,15,0,1230,u,Has joined Middlesbrough permanently,2026-08-18T14:13:08.474144Z,0,0,,,,0.0,0,0,0,0,0,0,0,0,0,0,0,0,0,0.00,0.00,0.00,0.00,0.0,0.0
2026-09-20T00:17:43+00:00,2026-09-19,daily,6,2026-10-10T10:00:00Z,508,Davies,TOT,DEF,39,-1,-1,0.8,1388,755,13184,38198,a,,,,,,,,0.0,0,0,0,0,0,0,0,0,0,0,0,0,0,0.00,0.00,0.00,0.00,0.0,0.0
2026-09-20T00:17:43+00:00,2026-09-19,daily,6,2026-10-10T10:00:00Z,509,Byfield,TOT,DEF,40,0,0,0.1,36,56,2251,2400,a,,,,,,,,0.0,0,0,0,0,0,0,0,0,0,0,0,0,0,0.00,0.00,0.00,0.00,0.0,0.0
2026-09-20T00:17:43+00:00,2026-09-19,daily,6,2026-10-10T10:00:00Z,510,Rowswell,TOT,DEF,40,0,0,0.1,29,76,2758,3204,a,,,,,,,,0.0,0,0,0,0,0,0,0,0,0,0,0,0,0,0.00,0.00,0.00,0.00,0.0,0.0
2026-09-20T00:17:43+00:00,2026-09-19,daily,6,2026-10-10T10:00:00Z,511,Souza,TOT,DEF,40,0,0,0.2,0,240,2555,16226,u,Has joined FC Porto on loan for the rest of the season,2026-09-01T13:24:26.858636Z,0,0,,,,0.0,0,0,0,0,0,0,0,0,0,0,0,0,0,0.00,0.00,0.00,0.00,0.0,0.0
2026-09-20T00:17:43+00:00,2026-09-19,daily,6,2026-10-10T10:00:00Z,512,Kudus,TOT,MID,65,0,0,0.1,486,249,11280,10204,a,,2026-07-23T12:01:23.848657Z,100,100,3,3,6,1.4,4,7,123,0,0,1,0,3,0,14,0,3,11,0.11,0.42,0.53,1.46,1.4,1.4
2026-09-20T00:17:43+00:00,2026-09-19,daily,6,2026-10-10T10:00:00Z,513,Xavi,TOT,MID,59,0,-1,0.0,15,23,307,1064,i,Knee injury - Unknown return date,2026-07-23T12:01:23.864304Z,0,0,4,2,,0.0,0,0,0,0,0,0,0,0,0,0,0,0,0,0.00,0.00,0.00,0.00,0.0,0.0
2026-09-20T00:17:43+00:00,2026-09-19,daily,6,2026-10-10T10:00:00Z,514,Tel,TOT,MID,57,-1,-3,0.2,57,684,8989,45501,a,,,,,,4,5,1.6,0,8,257,3,0,0,1,4,0,13,1,1,11,0.21,0.23,0.44,5.55,1.6,1.6
2026-09-20T00:17:43+00:00,2026-09-19,daily,6,2026-10-10T10:00:00Z,515,Maddison,TOT,MID,63,0,-2,0.4,199,455,5248,94708,a,,2026-08-25T14:30:07.623508Z,100,100,,,,0.6,1,3,59,0,0,0,0,2,0,11,3,4,4,0.06,0.04,0.10,1.03,0.6,0.6
2026-09-20T00:17:43+00:00,2026-09-19,daily,6,2026-10-10T10:00:00Z,516,Bentancur,TOT,MID,55,0,0,0.2,75,173,4839,7830,a,,,,,,,,3.0,4,15,370,4,0,0,2,6,0,60,22,15,23,0.02,0.12,0.14,5.59,3.0,3.0
2026-09-20T00:17:43+00:00,2026-09-19,daily,6,2026-10-10T10:00:00Z,517,Odobert,TOT,MID,55,0,0,0.0,7,4,109,99,i,Knee injury - Unknown return date,2026-07-23T12:01:23.879434Z,0,0,,,,0.0,0,0,0,0,0,0,0,0,0,0,0,0,0,0.00,0.00,0.00,0.00,0.0,0.0
2026-09-20T00:17:43+00:00,2026-09-19,daily,6,2026-10-10T10:00:00Z,518,P.M.Sarr,TOT,MID,49,0,-1,0.1,0,203,4138,23270,u,Has joined Juventus on loan for the rest of the season,2026-09-02T16:02:43.386849Z,0,0,,,,0.0,0,0,0,0,0,0,0,0,0,0,0,0,0,0.00,0.00,0.00,0.00,0.0,0.0
2026-09-20T00:17:43+00:00,2026-09-19,daily,6,2026-10-10T10:00:00Z,519,Gallagher,TOT,MID,53,0,-2,0.2,196,159,4052,16547,a,,,,,,,,1.8,6,9,134,2,1,0,1,2,0,18,1,8,9,0.37,0.12,0.49,2.65,1.8,1.8
2026-09-20T00:17:43+00:00,2026-09-19,daily,6,2026-10-10T10:00:00Z,520,Bergvall,TOT,MID,54,0,-1,0.1,23,138,1803,9071,a,,,,,,,,0.6,1,3,78,1,0,0,0,2,0,13,1,3,9,0.06,0.27,0.33,2.21,0.6,0.6
2026-09-20T00:17:43+00:00,2026-09-19,daily,6,2026-10-10T10:00:00Z,521,Kulusevski,TOT,MID,65,0,0,0.0,12,16,318,681,i,Knee injury - Unknown return date,2026-07-23T12:01:23.895175Z,0,0,,,,0.0,0,0,0,0,0,0,0,0,0,0,0,0,0,0.00,0.00,0.00,0.00,0.0,0.0
2026-09-20T00:17:43+00:00,2026-09-19,daily,6,2026-10-10T10:00:00Z,522,Gray,TOT,MID,49,0,-1,0.2,144,285,6521,12456,a,,,,,,,,1.8,2,9,307,3,0,0,1,7,0,27,10,5,12,0.23,0.05,0.28,6.11,1.8,1.8
2026-09-20T00:17:43+00:00,2026-09-19,daily,6,2026-10-10T10:00:00Z,523,Moore,TOT,MID,50,0,0,0.1,0,178,3258,16663,u,Has joined FC Köln on loan for the rest of the season,2026-09-04T12:39:48.098158Z,0,0,,,,0.6,0,3,89,1,0,0,0,4,0,3,0,1,2,0.40,0.02,0.42,3.26,0.0,0.0
2026-09-20T00:17:43+00:00,2026-09-19,daily,6,2026-10-10T10:00:00Z,524,Olusesi,TOT,MID,44,0,-1,1.0,1357,1912,50973,43757,a,,,,,,,,0.0,0,0,0,0,0,0,0,0,0,0,0,0,0,0.00,0.00,0.00,0.00,0.0,0.0
2026-09-20T00:17:43+00:00,2026-09-19,daily,6,2026-10-10T10:00:00Z,525,Fernandes,TOT,MID,58,0,-2,0.8,144,1805,14125,119892,a,,,,,,,2,1.4,1,7,249,3,0,0,1,4,0,21,2,7,12,0.19,0.28,0.47,4.43,1.4,1.4
2026-09-20T00:17:43+00:00,2026-09-19,daily,6,2026-10-10T10:00:00Z,526,Solanke,TOT,FWD,58,0,-2,0.8,533,1251,28080,90302,a,,,,,1,,,1.4,2,7,170,2,0,0,1,1,0,9,2,2,5,0.56,0.01,0.57,2.57,1.4,1.4
2026-09-20T00:17:43+00:00,2026-09-19,daily,6,2026-10-10T10:00:00Z,527,Richarlison,TOT,FWD,59,0,-1,0.7,0,1653,21439,264136,u,not included in squad.,2026-09-04T12:32:39.183614Z,0,0,,,,0.4,0,2,67,1,0,0,0,3,0,1,1,0,0,0.00,0.00,0.00,3.02,0.0,0.0
2026-09-20T00:17:43+00:00,2026-09-19,daily,6,2026-10-10T10:00:00Z,528,Scarlett,TOT,FWD,45,0,0,1.2,0,1960,42525,103527,u,Has joined Leyton Orient permanently,2026-09-02T16:02:43.413625Z,0,0,,,,0.0,0,0,0,0,0,0,0,0,0,0,0,0,0,0.00,0.00,0.00,0.00,0.0,0.0
2026-09-20T00:17:43+00:00,2026-09-19,daily,6,2026-10-10T10:00:00Z,578,Mudryk,TOT,MID,53,-1,-2,0.0,8,176,5428,7224,i,Ankle injury - Unknown return date,2026-09-11T18:00:09.154412Z,0,0,,,,0.2,0,1,16,0,0,0,0,0,0,0,0,0,0,0.00,0.00,0.00,0.16,0.0,0.0
2026-09-20T00:17:43+00:00,2026-09-19,daily,6,2026-10-10T10:00:00Z,601,Williams-Barnett,TOT,MID,45,0,0,0.1,47,171,10129,6454,a,,,,,,,,0.0,0,0,0,0,0,0,0,0,0,0,0,0,0,0.00,0.00,0.00,0.00,0.0,0.0
2026-09-20T00:17:43+00:00,2026-09-19,daily,6,2026-10-10T10:00:00Z,501,Danso,SUN,DEF,50,0,0,0.2,224,145,5649,9182,a,,,,,,,,0.6,0,3,180,2,0,0,0,3,0,12,11,1,6,0.00,0.16,0.16,3.09,0.6,0.6
2026-09-20T00:17:43+00:00,2026-09-19,daily,6,2026-10-10T10:00:00Z,529,Roefs,SUN,GKP,49,0,-1,2.5,600,2907,20449,169032,a,,,,,,,,2.2,0,11,360,4,0,0,1,5,5,0,5,0,31,0.00,0.00,0.00,5.84,2.2,2.2
2026-09-20T00:17:43+00:00,2026-09-19,daily,6,2026-10-10T10:00:00Z,530,Patterson,SUN,GKP,40,0,0,0.1,0,71,0,5723,u,Has joined Wrexham permanently,2026-08-12T14:08:03.064533Z,0,0,,,,0.0,0,0,0,0,0,0,0,0,0,0,0,0,0,0.00,0.00,0.00,0.00,0.0,0.0
2026-09-20T00:17:43+00:00,2026-09-19,daily,6,2026-10-10T10:00:00Z,531,Ellborg,SUN,GKP,45,0,0,0.1,29,45,1068,3126,a,,,,,,,,0.0,0,0,0,0,0,0,0,0,0,0,0,0,0,0.00,0.00,0.00,0.00,0.0,0.0
2026-09-20T00:17:43+00:00,2026-09-19,daily,6,2026-10-10T10:00:00Z,532,Ballard,SUN,DEF,49,0,-1,2.6,829,4132,42728,304700,a,,,,,,,,2.4,0,12,360,4,0,0,1,5,0,35,29,6,9,0.17,0.16,0.33,5.84,2.4,2.4
2026-09-20T00:17:43+00:00,2026-09-19,daily,6,2026-10-10T10:00:00Z,533,Mukiele,SUN,DEF,54,0,-1,1.9,1378,1632,40709,122737,a,,2026-08-09T08:30:05.954750Z,100,100,,,,2.6,0,13,270,3,0,0,1,3,0,39,30,9,13,0.70,0.05,0.75,4.04,2.6,2.6
2026-09-20T00:17:43+00:00,2026-09-19,daily,6,2026-10-10T10:00:00Z,534,Hume,SUN,DEF,43,-1,-2,3.0,430,11445,37056,379120,a,,,,,,,3,1.8,0,9,195,2,0,0,1,1,0,12,3,9,12,0.04,0.28,0.32,3.09,1.8,1.8
2026-09-20T00:17:43+00:00,2026-09-19,daily,6,2026-10-10T10:00:00Z,535,Alderete,SUN,DEF,48,-1,-2,0.2,45,238,4799,26514,a,,2026-08-09T08:30:05.962393Z,100,100,,,,0.2,0,1,23,0,0,0,0,1,0,0,0,0,2,0.00,0.01,0.01,0.10,0.2,0.2
2026-09-20T00:17:43+00:00,2026-09-19,daily,6,2026-10-10T10:00:00Z,536,Reinildo,SUN,DEF,44,-1,-1,0.3,22,728,3885,23528,s,Suspended until 10 Oct,2026-09-12T21:30:09.421687Z,0,0,,,,1.4,0,7,360,4,0,0,1,5,0,29,21,8,18,0.00,0.32,0.32,5.05,0.0,0.0
2026-09-20T00:17:43+00:00,2026-09-19,daily,6,2026-10-10T10:00:00Z,537,Seelt,SUN,DEF,45,0,0,0.0,0,3,61,645,u,Has joined Swansea City on loan for the rest of the season,2026-08-29T00:34:52.425076Z,0,0,,,,0.0,0,0,0,0,0,0,0,0,0,0,0,0,0,0.00,0.00,0.00,0.00,0.0,0.0
2026-09-20T00:17:43+00:00,2026-09-19,daily,6,2026-10-10T10:00:00Z,538,Hjelde,SUN,DEF,40,0,0,0.0,0,39,0,2410,u,Has joined KV Mechelen on loan for the rest of the season,2026-08-12T14:08:03.081789Z,0,0,,,,0.0,0,0,0,0,0,0,0,0,0,0,0,0,0,0.00,0.00,0.00,0.00,0.0,0.0
2026-09-20T00:17:43+00:00,2026-09-19,daily,6,2026-10-10T10:00:00Z,539,O'Nien,SUN,DEF,39,-1,-1,2.4,3555,2753,18298,112653,a,,,,,,,,0.2,0,1,66,1,0,0,0,1,0,5,4,1,4,0.01,0.01,0.02,1.69,0.2,0.2
2026-09-20T00:17:43+00:00,2026-09-19,daily,6,2026-10-10T10:00:00Z,540,Masuaku,SUN,DEF,40,0,0,0.1,0,155,0,11088,u,Has joined Konyaspor permanently,2026-08-12T14:08:03.097784Z,0,0,,,,0.0,0,0,0,0,0,0,0,0,0,0,0,0,0,0.00,0.00,0.00,0.00,0.0,0.0
2026-09-20T00:17:43+00:00,2026-09-19,daily,6,2026-10-10T10:00:00Z,541,Meunier,SUN,DEF,45,0,0,0.3,203,156,5604,8908,a,,2026-08-16T08:30:07.830062Z,100,100,,,,2.2,0,11,318,4,0,0,1,4,0,16,14,2,12,0.34,0.13,0.47,4.60,2.2,2.2
2026-09-20T00:17:43+00:00,2026-09-19,daily,6,2026-10-10T10:00:00Z,542,E.Le Fée,SUN,MID,57,-1,-3,3.4,1332,10089,34904,636664,a,,,,,2,3,1,2.6,0,13,348,4,1,0,1,4,0,18,1,6,11,2.06,0.82,2.88,5.64,2.6,2.6
2026-09-20T00:17:43+00:00,2026-09-19,daily,6,2026-10-10T10:00:00Z,543,Diarra,SUN,MID,54,0,-1,0.0,2,57,540,5740,i,Hamstring injury - Unknown return date,2026-08-30T16:30:08.428960Z,0,0,1,,,1.0,0,5,28,0,0,1,0,1,0,0,0,0,0,0.03,0.16,0.19,0.12,0.0,0.0
2026-09-20T00:17:43+00:00,2026-09-19,daily,6,2026-10-10T10:00:00Z,544,Xhaka,SUN,MID,55,0,0,3.8,1414,6398,125946,191487,a,,,,,,2,2,3.8,0,19,360,4,0,1,1,5,0,46,9,6,31,0.06,0.94,1.00,5.84,3.8,3.8
2026-09-20T00:17:43+00:00,2026-09-19,daily,6,2026-10-10T10:00:00Z,545,Sadiki,SUN,MID,49,0,-1,0.2,82,366,5395,17391,a,,,,,,,,1.6,0,8,343,4,0,0,1,5,0,26,10,6,10,0.40,0.23,0.63,5.45,1.6,1.6
2026-09-20T00:17:43+00:00,2026-09-19,daily,6,2026-10-10T10:00:00Z,546,Adingra,SUN,MID,49,0,-1,0.0,0,55,240,7283,u,Has joined Ajax on loan for the rest of the season,2026-08-20T14:00:08.416985Z,0,0,,,,0.0,0,0,0,0,0,0,0,0,0,0,0,0,0,0.00,0.00,0.00,0.00,0.0,0.0
2026-09-20T00:17:43+00:00,2026-09-19,daily,6,2026-10-10T10:00:00Z,547,Mundle,SUN,MID,49,0,-1,0.0,3,16,194,634,i,Knee injury - Unknown return date,2026-09-09T14:00:08.462705Z,0,0,,,,0.2,0,1,1,0,0,0,0,0,0,1,1,0,0,0.17,0.00,0.17,0.09,0.0,0.0
2026-09-20T00:17:43+00:00,2026-09-19,daily,6,2026-10-10T10:00:00Z,548,Rigg,SUN,MID,49,0,-1,0.0,4,42,441,2662,a,,,,,,,,0.4,0,2,17,0,0,0,0,1,0,1,0,0,1,0.00,0.00,0.00,0.44,0.4,0.4
2026-09-20T00:17:43+00:00,2026-09-19,daily,6,2026-10-10T10:00:00Z,549,Talbi,SUN,MID,53,0,-2,0.1,29,130,1262,11350,a,,,,,,,,0.2,0,1,31,0,0,0,0,1,0,2,0,0,2,0.00,0.00,0.00,0.14,0.2,0.2
2026-09-20T00:17:43+00:00,2026-09-19,daily,6,2026-10-10T10:00:00Z,550,Jocelin.T,SUN,MID,50,0,0,0.0,7,12,281,393,a,,,,,,,,0.0,0,0,0,0,0,0,0,0,0,0,0,0,0,0.00,0.00,0.00,0.00,0.0,0.0
2026-09-20T00:17:43+00:00,2026-09-19,daily,6,2026-10-10T10:00:00Z,551,N.Angulo,SUN,MID,50,0,0,0.1,66,233,12345,10021,a,,,,,,1,,2.4,0,12,254,4,1,0,1,3,0,20,2,5,13,0.15,0.12,0.27,3.81,2.4,2.4
2026-09-20T00:17:43+00:00,2026-09-19,daily,6,2026-10-10T10:00:00Z,552,Brobbey,SUN,FWD,57,-1,-3,5.4,2206,10263,93664,896435,a,,,,,,,,1.4,0,7,309,4,0,0,1,4,0,11,1,0,10,0.59,0.07,0.66,5.36,1.4,1.4
2026-09-20T00:17:43+00:00,2026-09-19,daily,6,2026-10-10T10:00:00Z,553,Isidor,SUN,FWD,55,0,0,1.3,866,2033,93168,77187,a,,,,,,,,2.8,0,14,95,0,1,1,0,2,0,3,0,1,2,1.49,0.01,1.50,1.99,2.8,2.8
2026-09-20T00:17:43+00:00,2026-09-19,daily,6,2026-10-10T10:00:00Z,612,Methalie,SUN,DEF,45,0,0,0.0,15,12,804,438,a,,2026-08-28T13:00:08.950445Z,100,100,,,,0.0,0,0,0,0,0,0,0,0,0,0,0,0,0,0.00,0.00,0.00,0.00,0.0,0.0
2026-09-20T00:17:43+00:00,2026-09-19,daily,6,2026-10-10T10:00:00Z,613,Ahoka,SUN,MID,45,0,0,0.2,133,408,24928,13106,a,,,,,,,,0.0,0,0,0,0,0,0,0,0,0,0,0,0,0,0.00,0.00,0.00,0.00,0.0,0.0
2026-09-20T00:17:43+00:00,2026-09-19,daily,6,2026-10-10T10:00:00Z,646,Fofana,SUN,MID,55,0,0,0.0,67,83,3803,1511,a,,,,,,,,0.7,0,2,30,0,0,0,0,1,0,0,0,0,0,0.00,0.00,0.00,1.18,0.7,0.7
2026-09-20T00:17:43+00:00,2026-09-19,daily,6,2026-10-10T10:00:00Z,651,J.Angulo,SUN,FWD,45,0,0,0.7,3236,1483,85104,24498,a,,,,,,,,0.0,0,0,0,0,0,0,0,0,0,0,0,0,0,0.00,0.00,0.00,0.00,0.0,0.0
