snapshot_utc,snapshot_date,snapshot_kind,event,deadline_time,id,web_name,team,position,now_cost,cost_change_event,cost_change_start,selected_by_percent,transfers_in_event,transfers_out_event,transfers_in,transfers_out,status,news,news_added,chance_of_playing_this_round,chance_of_playing_next_round,penalties_order,direct_freekicks_order,corners_and_indirect_freekicks_order,form,event_points,total_points,minutes,starts,goals_scored,assists,clean_sheets,goals_conceded,saves,defensive_contribution,clearances_blocks_interceptions,tackles,recoveries,expected_goals,expected_assists,expected_goal_involvements,expected_goals_conceded,ep_this,ep_next
2026-08-29T03:48:53+00:00,2026-08-28,daily,3,2026-09-04T17:30:00Z,1,Raya,ARS,GKP,60,0,0,38.3,7770,7867,114504,89845,a,,,,,,,,3.0,0,6,90,1,0,0,1,0,1,0,1,0,8,0.00,0.00,0.00,0.20,3.0,3.0
2026-08-29T03:48:53+00:00,2026-08-28,daily,3,2026-09-04T17:30:00Z,2,Arrizabalaga,ARS,GKP,50,0,0,0.1,39,50,361,1439,a,,,,,,,,0.0,0,0,0,0,0,0,0,0,0,0,0,0,0,0.00,0.00,0.00,0.00,0.0,0.0
2026-08-29T03:48:53+00:00,2026-08-28,daily,3,2026-09-04T17:30:00Z,3,Meslier,ARS,GKP,50,0,0,0.0,7,22,108,514,a,,,,,,,,0.0,0,0,0,0,0,0,0,0,0,0,0,0,0,0.00,0.00,0.00,0.00,0.0,0.0
2026-08-29T03:48:53+00:00,2026-08-28,daily,3,2026-09-04T17:30:00Z,4,Gabriel,ARS,DEF,80,0,0,28.9,2536,17022,61301,141130,a,,,,,,,,2.5,0,5,90,1,0,0,1,0,0,4,4,0,2,0.05,0.01,0.06,0.20,2.5,2.5
2026-08-29T03:48:53+00:00,2026-08-28,daily,3,2026-09-04T17:30:00Z,5,J.Timber,ARS,DEF,65,0,0,0.1,42,184,443,3288,i,Groin injury - Unknown return date,2026-07-23T12:01:23.272929Z,0,0,,,,0.0,0,0,0,0,0,0,0,0,0,0,0,0,0,0.00,0.00,0.00,0.00,0.0,0.0
2026-08-29T03:48:53+00:00,2026-08-28,daily,3,2026-09-04T17:30:00Z,6,Saliba,ARS,DEF,60,0,0,0.3,109,443,955,7259,i,Back injury - Unknown return date,2026-07-23T12:01:23.289376Z,0,0,,,,0.0,0,0,0,0,0,0,0,0,0,0,0,0,0,0.00,0.00,0.00,0.00,0.0,0.0
2026-08-29T03:48:53+00:00,2026-08-28,daily,3,2026-09-04T17:30:00Z,7,Lewis-Skelly,ARS,MID,55,0,0,0.7,472,543,10165,9594,a,,,,,,,,1.5,0,3,90,1,0,0,1,0,0,7,1,1,5,0.06,0.11,0.17,0.20,1.5,1.5
2026-08-29T03:48:53+00:00,2026-08-28,daily,3,2026-09-04T17:30:00Z,8,Calafiori,ARS,DEF,56,0,1,41.7,11655,4507,321760,46140,a,,,,,,,,4.5,0,9,80,1,0,1,1,0,0,5,4,1,1,0.04,0.09,0.13,0.06,4.5,4.5
2026-08-29T03:48:53+00:00,2026-08-28,daily,3,2026-09-04T17:30:00Z,9,Hincapie,ARS,DEF,54,0,-1,1.5,390,1146,4300,42192,a,,,,,,,,0.5,0,1,9,0,0,0,0,0,0,0,0,0,0,0.00,0.00,0.00,0.15,0.5,0.5
2026-08-29T03:48:53+00:00,2026-08-28,daily,3,2026-09-04T17:30:00Z,10,White,ARS,DEF,55,0,0,6.9,6114,5570,151055,30625,a,,2026-07-23T12:01:23.305229Z,100,100,,,,5.5,0,11,90,1,0,1,1,0,0,5,4,1,3,0.18,0.21,0.39,0.20,5.5,5.5
2026-08-29T03:48:53+00:00,2026-08-28,daily,3,2026-09-04T17:30:00Z,11,Mosquera,ARS,DEF,55,0,0,5.7,718,5277,16128,51226,a,,,,,,,,3.0,0,6,90,1,0,0,1,0,0,6,6,0,3,0.00,0.00,0.00,0.20,3.0,3.0
2026-08-29T03:48:53+00:00,2026-08-28,daily,3,2026-09-04T17:30:00Z,12,Saka,ARS,MID,95,0,0,10.4,2555,4143,91468,39373,a,,,,,1,2,2,4.5,0,9,67,1,1,0,1,0,0,7,2,1,4,0.64,0.08,0.72,0.06,4.5,4.5
2026-08-29T03:48:53+00:00,2026-08-28,daily,3,2026-09-04T17:30:00Z,13,Rice,ARS,MID,75,0,0,16.7,1535,12999,37022,170721,a,,,,,,1,1,1.5,0,3,67,1,0,0,1,0,0,6,3,0,3,0.07,0.08,0.15,0.06,1.5,1.5
2026-08-29T03:48:53+00:00,2026-08-28,daily,3,2026-09-04T17:30:00Z,14,Eze,ARS,MID,64,-1,-1,1.7,557,1740,6273,46232,a,,,,,,3,,0.5,0,1,14,0,0,0,0,0,0,2,0,0,2,0.04,0.00,0.04,0.15,0.5,0.5
2026-08-29T03:48:53+00:00,2026-08-28,daily,3,2026-09-04T17:30:00Z,15,Ødegaard,ARS,MID,66,0,1,11.8,7483,3983,297042,40843,a,,,,,3,,4,5.5,0,11,75,1,1,0,1,0,0,8,1,3,4,0.21,0.10,0.31,0.06,5.5,5.5
2026-08-29T03:48:53+00:00,2026-08-28,daily,3,2026-09-04T17:30:00Z,16,Madueke,ARS,MID,64,0,-1,0.3,160,264,1572,8495,a,,,,,,,6,0.5,0,1,22,0,0,0,0,0,0,2,0,0,2,0.00,0.04,0.04,0.15,0.5,0.5
2026-08-29T03:48:53+00:00,2026-08-28,daily,3,2026-09-04T17:30:00Z,17,Merino,ARS,MID,59,-1,-1,0.6,294,835,2716,16092,a,,,,,,,,0.5,0,1,14,0,0,0,0,0,0,2,0,0,2,0.14,0.02,0.16,0.15,0.5,0.5
2026-08-29T03:48:53+00:00,2026-08-28,daily,3,2026-09-04T17:30:00Z,18,Martinelli,ARS,MID,64,0,-1,0.2,122,266,1440,7302,a,,,,,,,,0.0,0,0,0,0,0,0,0,0,0,0,0,0,0,0.00,0.00,0.00,0.00,0.0,0.0
2026-08-29T03:48:53+00:00,2026-08-28,daily,3,2026-09-04T17:30:00Z,19,Zubimendi,ARS,MID,54,-1,-1,1.0,193,895,1772,21487,a,,,,,,,,0.5,0,1,22,0,0,0,0,0,0,3,0,1,2,0.00,0.02,0.02,0.15,0.5,0.5
2026-08-29T03:48:53+00:00,2026-08-28,daily,3,2026-09-04T17:30:00Z,20,Dowman,ARS,MID,54,0,-1,0.1,85,93,558,2423,a,,,,,,,,0.0,0,0,0,0,0,0,0,0,0,0,0,0,0,0.00,0.00,0.00,0.00,0.0,0.0
2026-08-29T03:48:53+00:00,2026-08-28,daily,3,2026-09-04T17:30:00Z,22,Nwaneri,ARS,MID,55,0,0,0.0,8,14,84,338,a,,,,,,,,0.0,0,0,0,0,0,0,0,0,0,0,0,0,0,0.00,0.00,0.00,0.00,0.0,0.0
2026-08-29T03:48:53+00:00,2026-08-28,daily,3,2026-09-04T17:30:00Z,23,Fábio Vieira,ARS,MID,55,0,0,0.0,7,7,87,222,a,,,,,,,,0.0,0,0,0,0,0,0,0,0,0,0,0,0,0,0.00,0.00,0.00,0.00,0.0,0.0
2026-08-29T03:48:53+00:00,2026-08-28,daily,3,2026-09-04T17:30:00Z,24,Nelson,ARS,MID,55,0,0,0.0,4,15,68,187,u,has departed the club as a free agent.,2026-08-29T00:33:08.556767Z,,0,,,,0.0,0,0,0,0,0,0,0,0,0,0,0,0,0,0.00,0.00,0.00,0.00,0.0,0.0
2026-08-29T03:48:53+00:00,2026-08-28,daily,3,2026-09-04T17:30:00Z,25,Gyökeres,ARS,FWD,74,0,-1,6.6,531,6058,9307,244187,a,,,,,2,,,0.0,0,0,0,0,0,0,0,0,0,0,0,0,0,0.00,0.00,0.00,0.00,0.0,0.0
2026-08-29T03:48:53+00:00,2026-08-28,daily,3,2026-09-04T17:30:00Z,26,Havertz,ARS,FWD,75,0,0,7.5,4845,4917,192453,43742,a,,,,,,,,3.0,0,6,90,1,1,0,1,0,0,2,2,0,0,0.26,0.03,0.29,0.20,3.0,3.0
2026-08-29T03:48:53+00:00,2026-08-28,daily,3,2026-09-04T17:30:00Z,27,G.Jesus,ARS,FWD,60,0,0,0.3,269,360,2183,7538,a,,,,,,,,0.0,0,0,0,0,0,0,0,0,0,0,0,0,0,0.00,0.00,0.00,0.00,0.0,0.0
2026-08-29T03:48:53+00:00,2026-08-28,daily,3,2026-09-04T17:30:00Z,31,Konsa,ARS,DEF,45,0,0,10.7,7505,8790,57326,238377,a,,,,,,,,0.0,0,0,0,0,0,0,0,0,0,0,0,0,0,0.00,0.00,0.00,0.00,0.0,0.0
2026-08-29T03:48:53+00:00,2026-08-28,daily,3,2026-09-04T17:30:00Z,452,Bruno G.,ARS,MID,69,0,-1,2.7,83,4604,933,131159,d,Thigh injury - 75% chance of playing,2026-08-20T17:00:08.846118Z,75,75,4,,5,0.0,0,0,0,0,0,0,0,0,0,0,0,0,0,0.00,0.00,0.00,0.00,0.0,0.0
2026-08-29T03:48:53+00:00,2026-08-28,daily,3,2026-09-04T17:30:00Z,557,Tzolis,ARS,MID,65,0,0,26.1,14850,7813,251537,63513,a,,,,,,,3,3.0,0,6,75,1,0,1,1,0,0,6,2,1,3,0.19,0.14,0.33,0.06,3.0,3.0
2026-08-29T03:48:53+00:00,2026-08-28,daily,3,2026-09-04T17:30:00Z,28,Martinez,AVL,GKP,50,0,0,4.1,3269,2216,17779,59015,a,,,,,,,,0.0,0,0,0,0,0,0,0,0,0,0,0,0,0,0.00,0.00,0.00,0.00,0.0,0.0
2026-08-29T03:48:53+00:00,2026-08-28,daily,3,2026-09-04T17:30:00Z,29,M.Bizot,AVL,GKP,45,0,0,0.1,120,43,965,924,a,,,,,,,,0.5,0,1,90,1,0,0,0,4,3,0,2,0,6,0.00,0.00,0.00,3.77,0.5,0.5
2026-08-29T03:48:53+00:00,2026-08-28,daily,3,2026-09-04T17:30:00Z,30,Digne,AVL,DEF,45,0,0,0.1,0,178,0,5155,u,Has joined Paris Saint-Germain permanently,2026-08-10T14:03:30.089007Z,0,0,,,,0.0,0,0,0,0,0,0,0,0,0,0,0,0,0,0.00,0.00,0.00,0.00,0.0,0.0
2026-08-29T03:48:53+00:00,2026-08-28,daily,3,2026-09-04T17:30:00Z,32,Cash,AVL,DEF,45,0,0,7.6,1220,3038,28198,109365,a,,,,,,,1,-0.5,0,-1,90,1,0,0,0,4,0,7,5,2,0,0.00,0.00,0.00,3.77,-0.5,-0.5
2026-08-29T03:48:53+00:00,2026-08-28,daily,3,2026-09-04T17:30:00Z,33,Mings,AVL,DEF,45,0,0,0.4,157,133,3410,3640,a,,,,,,,,0.5,0,1,16,0,0,0,0,0,0,1,0,1,0,0.00,0.00,0.00,0.22,0.5,0.5
2026-08-29T03:48:53+00:00,2026-08-28,daily,3,2026-09-04T17:30:00Z,34,Pau,AVL,DEF,45,0,0,0.4,101,174,1932,5234,a,,,,,,,,0.0,0,0,73,1,0,0,0,4,0,5,5,0,1,0.00,0.00,0.00,3.55,0.0,0.0
2026-08-29T03:48:53+00:00,2026-08-28,daily,3,2026-09-04T17:30:00Z,35,Bogarde,AVL,MID,50,0,0,0.1,47,50,683,1035,a,,,,,,,,0.5,0,1,16,0,0,0,0,0,0,1,1,0,0,0.00,0.00,0.00,0.22,0.5,0.5
2026-08-29T03:48:53+00:00,2026-08-28,daily,3,2026-09-04T17:30:00Z,36,Maatsen,AVL,DEF,45,0,0,0.7,175,291,2721,9149,a,,,,,,,,0.0,0,0,81,1,0,0,0,4,0,9,7,2,2,0.03,0.00,0.03,3.62,0.0,0.0
2026-08-29T03:48:53+00:00,2026-08-28,daily,3,2026-09-04T17:30:00Z,37,Lindelöf,AVL,DEF,45,0,0,0.3,72,122,1847,4133,a,,,,,,,,-1.0,0,-2,90,1,0,0,0,4,0,3,3,0,1,0.00,0.00,0.00,3.77,-1.0,-1.0
2026-08-29T03:48:53+00:00,2026-08-28,daily,3,2026-09-04T17:30:00Z,38,A.García,AVL,DEF,40,0,0,1.7,748,604,8087,14527,a,,,,,,,,0.0,0,0,0,0,0,0,0,0,0,0,0,0,0,0.00,0.00,0.00,0.00,0.0,0.0
2026-08-29T03:48:53+00:00,2026-08-28,daily,3,2026-09-04T17:30:00Z,39,Nedeljkovic,AVL,DEF,40,0,0,0.2,0,248,0,7486,u,Has joined Rangers on loan for the rest of the season,2026-08-19T13:56:46.385411Z,0,0,,,,0.0,0,0,0,0,0,0,0,0,0,0,0,0,0,0.00,0.00,0.00,0.00,0.0,0.0
2026-08-29T03:48:53+00:00,2026-08-28,daily,3,2026-09-04T17:30:00Z,41,Buendía,AVL,MID,60,0,0,1.2,616,1146,5636,23032,a,,,,,1,1,3,1.0,0,2,85,1,0,0,0,4,0,7,3,1,3,0.13,0.09,0.22,3.62,1.0,1.0
2026-08-29T03:48:53+00:00,2026-08-28,daily,3,2026-09-04T17:30:00Z,44,Bailey,AVL,MID,55,0,0,0.1,98,154,1100,2811,a,,,,,,,,0.0,0,0,0,0,0,0,0,0,0,0,0,0,0,0.00,0.00,0.00,0.00,0.0,0.0
2026-08-29T03:48:53+00:00,2026-08-28,daily,3,2026-09-04T17:30:00Z,45,McGinn,AVL,MID,55,0,0,2.8,761,1965,8367,46618,a,,,,,,,2,0.5,0,1,81,1,0,0,0,4,0,6,2,1,3,0.04,0.01,0.05,3.62,0.5,0.5
2026-08-29T03:48:53+00:00,2026-08-28,daily,3,2026-09-04T17:30:00Z,46,Barkley,AVL,MID,50,0,0,0.2,190,166,2065,2882,a,,,,,,,4,1.0,0,2,73,1,0,0,0,4,0,1,1,0,0,0.10,0.02,0.12,3.55,1.0,1.0
2026-08-29T03:48:53+00:00,2026-08-28,daily,3,2026-09-04T17:30:00Z,47,Kamara,AVL,MID,50,0,0,0.3,243,299,2732,5038,a,,2026-07-23T12:01:23.337269Z,100,100,,,,1.0,0,2,90,1,0,0,0,4,0,7,3,2,2,0.00,0.00,0.00,3.77,1.0,1.0
2026-08-29T03:48:53+00:00,2026-08-28,daily,3,2026-09-04T17:30:00Z,48,Onana,AVL,MID,50,0,0,0.0,14,35,171,564,i,Knee injury - Unknown return date,2026-07-23T12:01:23.352497Z,0,0,,,,0.0,0,0,0,0,0,0,0,0,0,0,0,0,0,0.00,0.00,0.00,0.00,0.0,0.0
2026-08-29T03:48:53+00:00,2026-08-28,daily,3,2026-09-04T17:30:00Z,49,Iling Jr,AVL,MID,50,0,0,0.0,0,4,0,124,u,Has joined Bolton Wanderers on loan for the rest of the season,2026-08-17T13:52:28.532616Z,0,0,,,,0.0,0,0,0,0,0,0,0,0,0,0,0,0,0,0.00,0.00,0.00,0.00,0.0,0.0
2026-08-29T03:48:53+00:00,2026-08-28,daily,3,2026-09-04T17:30:00Z,50,Burrowes,AVL,MID,45,0,0,0.7,394,379,3907,7147,a,,,,,,,,0.0,0,0,0,0,0,0,0,0,0,0,0,0,0,0.00,0.00,0.00,0.00,0.0,0.0
2026-08-29T03:48:53+00:00,2026-08-28,daily,3,2026-09-04T17:30:00Z,51,George Hemmings,AVL,MID,45,0,0,0.7,956,410,9699,5894,a,,,,,,,,1.0,0,2,90,1,0,0,0,4,0,5,0,3,2,0.00,0.00,0.00,3.77,1.0,1.0
2026-08-29T03:48:53+00:00,2026-08-28,daily,3,2026-09-04T17:30:00Z,52,Alysson,AVL,MID,50,0,0,0.0,28,45,371,641,a,,,,,,,,0.5,0,1,8,0,0,0,0,0,0,3,1,1,1,0.00,0.00,0.00,0.14,0.5,0.5
2026-08-29T03:48:53+00:00,2026-08-28,daily,3,2026-09-04T17:30:00Z,53,Manzambi,AVL,MID,60,0,0,0.2,33,436,265,9226,i,Knee injury - Unknown return date,2026-08-15T15:30:06.388335Z,0,0,,,,0.0,0,0,0,0,0,0,0,0,0,0,0,0,0,0.00,0.00,0.00,0.00,0.0,0.0
2026-08-29T03:48:53+00:00,2026-08-28,daily,3,2026-09-04T17:30:00Z,54,Gomes,AVL,MID,55,0,0,0.1,5,80,159,1963,s,Suspended until 19 Sep,2026-08-23T17:30:08.367415Z,0,0,,,,-1.0,0,-2,39,1,0,0,0,4,0,7,1,4,2,0.00,0.01,0.01,2.58,0.0,0.0
2026-08-29T03:48:53+00:00,2026-08-28,daily,3,2026-09-04T17:30:00Z,55,Watkins,AVL,FWD,79,0,-1,7.3,470,13396,11102,289856,a,,,,,2,,,0.0,0,0,0,0,0,0,0,0,0,0,0,0,0,0.00,0.00,0.00,0.00,0.0,0.0
2026-08-29T03:48:53+00:00,2026-08-28,daily,3,2026-09-04T17:30:00Z,56,Abraham,AVL,FWD,55,0,0,0.1,38,188,635,2871,d,Knock - 50% chance of playing,2026-08-15T16:00:07.558543Z,50,50,,,,0.0,0,0,0,0,0,0,0,0,0,0,0,0,0,0.00,0.00,0.00,0.00,0.0,0.0
2026-08-29T03:48:53+00:00,2026-08-28,daily,3,2026-09-04T17:30:00Z,160,Garnacho,AVL,MID,60,0,0,0.5,149,553,2170,11128,a,,,,,,,,0.5,0,1,4,0,0,0,0,0,0,0,0,0,0,0.00,0.00,0.00,0.14,0.5,0.5
2026-08-29T03:48:53+00:00,2026-08-28,daily,3,2026-09-04T17:30:00Z,166,N.Jackson,AVL,FWD,65,0,0,0.4,2609,490,7948,8707,a,,,,,,,,0.0,0,0,0,0,0,0,0,0,0,0,0,0,0,0.00,0.00,0.00,0.00,0.0,0.0
2026-08-29T03:48:53+00:00,2026-08-28,daily,3,2026-09-04T17:30:00Z,582,Madjo,AVL,FWD,55,0,0,0.4,65,602,1231,9525,i,Unspecified injury - Unknown return date,2026-08-15T16:00:07.974271Z,0,0,,,,0.0,0,0,0,0,0,0,0,0,0,0,0,0,0,0.00,0.00,0.00,0.00,0.0,0.0
2026-08-29T03:48:53+00:00,2026-08-28,daily,3,2026-09-04T17:30:00Z,596,Ruggeri,AVL,DEF,45,0,0,0.1,52,46,908,1145,a,,,,,,,,0.5,0,1,8,0,0,0,0,0,0,2,0,2,0,0.00,0.00,0.00,0.14,0.5,0.5
2026-08-29T03:48:53+00:00,2026-08-28,daily,3,2026-09-04T17:30:00Z,597,Suzuki,AVL,GKP,50,0,0,0.8,444,321,4673,7092,a,,,,,,,,0.0,0,0,0,0,0,0,0,0,0,0,0,0,0,0.00,0.00,0.00,0.00,0.0,0.0
2026-08-29T03:48:53+00:00,2026-08-28,daily,3,2026-09-04T17:30:00Z,606,Rowe,AVL,DEF,40,0,0,0.1,298,60,1858,306,a,,,,,,,,0.0,0,0,0,0,0,0,0,0,0,0,0,0,0,0.00,0.00,0.00,0.00,0.0,0.0
2026-08-29T03:48:53+00:00,2026-08-28,daily,3,2026-09-04T17:30:00Z,607,Lynch,AVL,MID,45,0,0,0.1,293,102,3896,934,a,,,,,,,,0.0,0,0,0,0,0,0,0,0,0,0,0,0,0,0.00,0.00,0.00,0.00,0.0,0.0
2026-08-29T03:48:53+00:00,2026-08-28,daily,3,2026-09-04T17:30:00Z,611,Wan-Bissaka,AVL,DEF,45,0,0,0.1,358,36,1907,202,a,,,,,,,,0.0,0,0,0,0,0,0,0,0,0,0,0,0,0,0.00,0.00,0.00,0.00,1.7,1.7
2026-08-29T03:48:53+00:00,2026-08-28,daily,3,2026-09-04T17:30:00Z,618,Goretzka,AVL,MID,60,0,0,0.0,295,17,507,24,a,,,,,,,,0.0,0,0,0,0,0,0,0,0,0,0,0,0,0,0.00,0.00,0.00,0.00,2.2,2.2
2026-08-29T03:48:53+00:00,2026-08-28,daily,3,2026-09-04T17:30:00Z,57,Petrović,BOU,GKP,45,0,0,3.3,1003,920,26381,14973,a,,,,,,,,1.0,0,2,90,1,0,0,0,2,4,0,2,0,5,0.00,0.00,0.00,2.25,1.0,1.0
2026-08-29T03:48:53+00:00,2026-08-28,daily,3,2026-09-04T17:30:00Z,58,Forster,BOU,GKP,40,0,0,3.2,1499,429,11061,11082,a,,,,,,,,0.0,0,0,0,0,0,0,0,0,0,0,0,0,0,0.00,0.00,0.00,0.00,0.0,0.0
2026-08-29T03:48:53+00:00,2026-08-28,daily,3,2026-09-04T17:30:00Z,59,Dennis,BOU,GKP,40,0,0,0.2,0,293,1133,1810,u,Has joined MK Dons permanently,2026-08-27T14:53:48.692835Z,0,0,,,,0.0,0,0,0,0,0,0,0,0,0,0,0,0,0,0.00,0.00,0.00,0.00,0.0,0.0
2026-08-29T03:48:53+00:00,2026-08-28,daily,3,2026-09-04T17:30:00Z,60,Hill,BOU,DEF,55,0,0,0.9,310,416,9463,7157,a,,,,,,,,0.5,0,1,90,1,0,0,0,2,0,6,5,1,1,0.00,0.00,0.00,2.25,0.5,0.5
2026-08-29T03:48:53+00:00,2026-08-28,daily,3,2026-09-04T17:30:00Z,61,Truffert,BOU,DEF,55,0,0,4.2,574,1538,21175,27359,a,,,,,,,,0.5,0,1,90,1,0,0,0,2,0,7,5,2,7,0.00,0.00,0.00,2.25,0.5,0.5
2026-08-29T03:48:53+00:00,2026-08-28,daily,3,2026-09-04T17:30:00Z,62,Diakité,BOU,DEF,50,0,0,0.2,118,96,2840,2417,a,,,,,,,,0.0,0,0,0,0,0,0,0,0,0,0,0,0,0,0.00,0.00,0.00,0.00,0.0,0.0
2026-08-29T03:48:53+00:00,2026-08-28,daily,3,2026-09-04T17:30:00Z,63,Milosavljević,BOU,DEF,50,0,0,0.0,5,12,79,308,i,Unspecified injury - Unknown return date,2026-08-06T10:00:10.456051Z,0,0,,,,0.0,0,0,0,0,0,0,0,0,0,0,0,0,0,0.00,0.00,0.00,0.00,0.0,0.0
2026-08-29T03:48:53+00:00,2026-08-28,daily,3,2026-09-04T17:30:00Z,64,Smith,BOU,DEF,45,0,0,0.1,75,28,2920,1046,a,,,,,,,,0.5,0,1,90,1,0,0,0,2,0,5,4,1,3,0.00,0.00,0.00,2.25,0.5,0.5
2026-08-29T03:48:53+00:00,2026-08-28,daily,3,2026-09-04T17:30:00Z,65,J.Araujo,BOU,DEF,45,0,0,0.0,7,32,95,538,i,Thigh injury - Unknown return date,2026-08-09T08:00:05.645826Z,0,0,,,,0.0,0,0,0,0,0,0,0,0,0,0,0,0,0,0.00,0.00,0.00,0.00,0.0,0.0
2026-08-29T03:48:53+00:00,2026-08-28,daily,3,2026-09-04T17:30:00Z,66,Soler,BOU,DEF,40,0,0,0.2,70,127,486,2554,d,Hamstring injury - 75% chance of playing,2026-08-15T16:30:07.021055Z,75,75,,,,0.0,0,0,0,0,0,0,0,0,0,0,0,0,0,0.00,0.00,0.00,0.00,0.0,0.0
2026-08-29T03:48:53+00:00,2026-08-28,daily,3,2026-09-04T17:30:00Z,67,Rayan,BOU,MID,65,0,0,2.8,767,2457,24447,24636,a,,,,,,,,1.0,0,2,88,1,0,0,0,1,0,1,1,0,0,0.04,0.03,0.07,2.06,1.0,1.0
2026-08-29T03:48:53+00:00,2026-08-28,daily,3,2026-09-04T17:30:00Z,68,Tavernier,BOU,MID,60,0,0,2.5,3109,1289,90316,13720,a,,,,,3,1,1,5.0,0,10,90,1,1,0,0,2,0,8,2,2,4,0.40,0.08,0.48,2.25,5.0,5.0
2026-08-29T03:48:53+00:00,2026-08-28,daily,3,2026-09-04T17:30:00Z,69,Scott,BOU,MID,60,0,0,1.5,417,1000,8937,13886,a,,,,,,4,2,1.0,0,2,90,1,0,0,0,2,0,11,1,4,6,0.00,0.01,0.01,2.25,1.0,1.0
2026-08-29T03:48:53+00:00,2026-08-28,daily,3,2026-09-04T17:30:00Z,70,Kluivert,BOU,MID,60,0,0,1.2,663,885,16984,10475,a,,,,,2,2,3,1.5,0,3,74,1,0,0,1,0,0,9,1,3,5,0.11,0.00,0.11,1.94,1.5,1.5
2026-08-29T03:48:53+00:00,2026-08-28,daily,3,2026-09-04T17:30:00Z,71,Cook,BOU,MID,50,0,0,0.2,242,114,3501,1821,a,,,,,,,5,1.5,0,3,75,1,0,0,1,0,0,7,3,1,3,0.00,0.00,0.00,1.94,1.5,1.5
2026-08-29T03:48:53+00:00,2026-08-28,daily,3,2026-09-04T17:30:00Z,72,Gannon-Doak,BOU,MID,50,0,0,0.1,27,50,392,883,a,,,,,,,,0.5,0,1,1,0,0,0,0,1,0,1,0,0,1,0.00,0.00,0.00,0.19,0.5,0.5
2026-08-29T03:48:53+00:00,2026-08-28,daily,3,2026-09-04T17:30:00Z,73,Adams,BOU,MID,50,0,0,0.2,361,219,3393,3074,a,,2026-08-15T16:30:07.029928Z,100,100,,,,0.5,0,1,15,0,0,0,0,2,0,3,3,0,0,0.00,0.00,0.00,0.31,0.5,0.5
2026-08-29T03:48:53+00:00,2026-08-28,daily,3,2026-09-04T17:30:00Z,74,Brooks,BOU,MID,50,0,0,0.1,56,38,658,733,a,,2026-08-15T16:30:07.037929Z,100,100,,3,4,0.0,0,0,0,0,0,0,0,0,0,0,0,0,0,0.00,0.00,0.00,0.00,0.0,0.0
2026-08-29T03:48:53+00:00,2026-08-28,daily,3,2026-09-04T17:30:00Z,75,Christie,BOU,MID,50,0,0,0.0,71,27,631,223,a,,2026-07-24T17:30:10.035483Z,100,100,,,6,0.0,0,0,0,0,0,0,0,0,0,0,0,0,0,0.00,0.00,0.00,0.00,0.0,0.0
2026-08-29T03:48:53+00:00,2026-08-28,daily,3,2026-09-04T17:30:00Z,76,Tóth.A,BOU,MID,50,0,0,0.0,7,18,107,164,a,,,,,,,,0.5,0,1,15,0,0,0,0,2,0,2,0,1,1,0.00,0.00,0.00,0.31,0.5,0.5
2026-08-29T03:48:53+00:00,2026-08-28,daily,3,2026-09-04T17:30:00Z,77,Adli,BOU,MID,50,0,0,0.0,4,52,58,1028,i,Unspecified injury - Unknown return date,2026-08-15T16:00:07.590566Z,0,0,,,,0.0,0,0,0,0,0,0,0,0,0,0,0,0,0,0.00,0.00,0.00,0.00,0.0,0.0
2026-08-29T03:48:53+00:00,2026-08-28,daily,3,2026-09-04T17:30:00Z,78,Kroupi.Jr,BOU,MID,75,0,0,0.3,20,780,482,14188,i,Foot injury - Unknown return date,2026-07-29T17:30:09.796802Z,0,0,1,,,0.0,0,0,0,0,0,0,0,0,0,0,0,0,0,0.00,0.00,0.00,0.00,0.0,0.0
2026-08-29T03:48:53+00:00,2026-08-28,daily,3,2026-09-04T17:30:00Z,79,Evanilson,BOU,FWD,60,0,0,3.0,2974,1499,75599,20525,a,,,,,,,,2.0,0,4,74,1,0,1,1,0,0,8,4,1,3,0.00,0.21,0.21,1.94,2.0,2.0
2026-08-29T03:48:53+00:00,2026-08-28,daily,3,2026-09-04T17:30:00Z,80,Enes Ünal,BOU,FWD,55,0,0,0.0,0,52,0,1122,u,Has joined Getafe permanently,2026-08-14T14:14:21.881112Z,0,0,,,,0.0,0,0,0,0,0,0,0,0,0,0,0,0,0,0.00,0.00,0.00,0.00,0.0,0.0
2026-08-29T03:48:53+00:00,2026-08-28,daily,3,2026-09-04T17:30:00Z,81,Rodríguez,BOU,FWD,60,0,0,0.1,79,66,1079,1248,a,,2026-08-15T16:30:07.054142Z,100,100,,,,0.0,0,0,0,0,0,0,0,0,0,0,0,0,0,0.00,0.00,0.00,0.00,0.0,0.0
2026-08-29T03:48:53+00:00,2026-08-28,daily,3,2026-09-04T17:30:00Z,566,Silva,BOU,DEF,50,0,0,0.4,145,138,7510,2328,a,,,,,,,,1.0,0,2,90,1,0,0,0,2,0,13,13,0,1,0.00,0.00,0.00,2.25,1.0,1.0
2026-08-29T03:48:53+00:00,2026-08-28,daily,3,2026-09-04T17:30:00Z,573,Sanchez,BOU,DEF,45,0,0,0.2,23,72,475,1537,a,,,,,,,,0.0,0,0,0,0,0,0,0,0,0,0,0,0,0,0.00,0.00,0.00,0.00,0.0,0.0
2026-08-29T03:48:53+00:00,2026-08-28,daily,3,2026-09-04T17:30:00Z,608,Jebbison,BOU,FWD,50,0,0,0.0,262,65,2739,486,a,,,,,,,,0.5,0,1,15,0,0,0,0,2,0,1,0,0,1,0.10,0.00,0.10,0.31,0.5,0.5
2026-08-29T03:48:53+00:00,2026-08-28,daily,3,2026-09-04T17:30:00Z,615,Di Gregorio,BOU,GKP,45,0,0,0.0,90,15,331,42,a,,,,,,,,0.0,0,0,0,0,0,0,0,0,0,0,0,0,0,0.00,0.00,0.00,0.00,1.9,1.9
2026-08-29T03:48:53+00:00,2026-08-28,daily,3,2026-09-04T17:30:00Z,82,Kelleher,BRE,GKP,50,0,0,6.6,4699,1097,79133,21021,a,,,,,,,,3.5,0,7,90,1,0,0,1,0,4,0,0,0,5,0.00,0.01,0.01,0.57,3.5,3.5
2026-08-29T03:48:53+00:00,2026-08-28,daily,3,2026-09-04T17:30:00Z,83,Valdimarsson,BRE,GKP,45,0,0,0.1,51,47,693,937,a,,,,,,,,0.0,0,0,0,0,0,0,0,0,0,0,0,0,0,0.00,0.00,0.00,0.00,0.0,0.0
2026-08-29T03:48:53+00:00,2026-08-28,daily,3,2026-09-04T17:30:00Z,84,Collins,BRE,DEF,55,0,0,2.1,1151,592,26240,9965,a,,,,,,,,3.0,0,6,90,1,0,0,1,0,0,3,3,0,3,0.34,0.04,0.38,0.57,3.0,3.0
2026-08-29T03:48:53+00:00,2026-08-28,daily,3,2026-09-04T17:30:00Z,85,Van den Berg,BRE,DEF,50,0,0,0.1,7,171,152,4294,i,Groin injury - Unknown return date,2026-08-15T15:30:06.416627Z,0,0,,,,0.0,0,0,0,0,0,0,0,0,0,0,0,0,0,0.00,0.00,0.00,0.00,0.0,0.0
2026-08-29T03:48:53+00:00,2026-08-28,daily,3,2026-09-04T17:30:00Z,86,Lewis-Potter,BRE,MID,55,0,0,1.2,2661,595,55203,7311,a,,,,,,1,,5.0,0,10,90,1,1,0,1,0,0,10,4,1,5,0.77,0.12,0.89,0.57,5.0,5.0
2026-08-29T03:48:53+00:00,2026-08-28,daily,3,2026-09-04T17:30:00Z,87,Ajer,BRE,DEF,45,0,0,4.2,5745,1300,75723,15202,a,,,,,,,,4.0,0,8,90,1,0,0,1,0,0,10,8,2,3,0.11,0.02,0.13,0.57,4.0,4.0
2026-08-29T03:48:53+00:00,2026-08-28,daily,3,2026-09-04T17:30:00Z,88,Kayode,BRE,DEF,46,0,1,7.9,9272,1291,320075,22451,a,,,,,,,,6.5,0,13,75,1,1,0,1,0,0,4,4,0,5,0.50,0.00,0.50,0.47,6.5,6.5
2026-08-29T03:48:53+00:00,2026-08-28,daily,3,2026-09-04T17:30:00Z,89,Henry,BRE,DEF,45,0,0,0.2,32,70,576,2216,a,,,,,,,,0.0,0,0,0,0,0,0,0,0,0,0,0,0,0,0.00,0.00,0.00,0.00,0.0,0.0
2026-08-29T03:48:53+00:00,2026-08-28,daily,3,2026-09-04T17:30:00Z,90,Hickey,BRE,DEF,45,0,0,0.1,43,28,666,568,a,,,,,,,,0.5,0,1,14,0,0,0,0,0,0,0,0,0,2,0.00,0.00,0.00,0.10,0.5,0.5
2026-08-29T03:48:53+00:00,2026-08-28,daily,3,2026-09-04T17:30:00Z,92,Ji-soo,BRE,DEF,45,0,0,0.0,11,10,123,208,a,,,,,,,,0.0,0,0,0,0,0,0,0,0,0,0,0,0,0,0.00,0.00,0.00,0.00,0.0,0.0
2026-08-29T03:48:53+00:00,2026-08-28,daily,3,2026-09-04T17:30:00Z,93,Schuster,BRE,DEF,45,0,0,0.2,7,35,149,1241,a,,,,,,,,0.0,0,0,0,0,0,0,0,0,0,0,0,0,0,0.00,0.00,0.00,0.00,0.0,0.0
2026-08-29T03:48:53+00:00,2026-08-28,daily,3,2026-09-04T17:30:00Z,94,Schade,BRE,MID,60,0,0,3.5,1341,2743,26339,28532,a,,,,,2,,,1.5,0,3,90,1,0,0,1,0,0,9,1,3,5,0.52,0.01,0.53,0.57,1.5,1.5
2026-08-29T03:48:53+00:00,2026-08-28,daily,3,2026-09-04T17:30:00Z,95,O.Dango,BRE,MID,65,0,0,1.1,355,990,7703,11942,a,,,,,,,2,1.5,0,3,66,1,0,0,1,0,0,6,2,0,4,0.05,0.29,0.34,0.47,1.5,1.5
2026-08-29T03:48:53+00:00,2026-08-28,daily,3,2026-09-04T17:30:00Z,96,Damsgaard,BRE,MID,55,0,0,0.5,164,309,2482,7853,a,,,,,,3,3,0.5,0,1,14,0,0,0,0,0,0,4,0,1,3,0.00,0.11,0.11,0.10,0.5,0.5
2026-08-29T03:48:53+00:00,2026-08-28,daily,3,2026-09-04T17:30:00Z,97,Jensen,BRE,MID,55,0,0,0.2,159,90,4017,1427,a,,,,,3,2,1,3.0,0,6,66,1,0,1,1,0,0,5,0,2,3,0.08,0.34,0.42,0.47,3.0,3.0
2026-08-29T03:48:53+00:00,2026-08-28,daily,3,2026-09-04T17:30:00Z,98,Janelt,BRE,MID,50,0,0,0.5,2753,343,36512,4628,a,,,,,,,4,4.5,0,9,90,1,1,0,1,0,0,13,6,4,3,0.39,0.17,0.56,0.57,4.5,4.5
2026-08-29T03:48:53+00:00,2026-08-28,daily,3,2026-09-04T17:30:00Z,99,Milambo,BRE,MID,50,0,0,0.0,4,3,32,48,i,Knee injury - Unknown return date,2026-07-23T12:01:23.384798Z,0,0,,,,0.0,0,0,0,0,0,0,0,0,0,0,0,0,0,0.00,0.00,0.00,0.00,0.0,0.0
2026-08-29T03:48:53+00:00,2026-08-28,daily,3,2026-09-04T17:30:00Z,100,Carvalho,BRE,MID,50,0,0,0.0,41,12,196,258,a,,2026-08-18T13:58:17.442072Z,100,100,,,,0.0,0,0,0,0,0,0,0,0,0,0,0,0,0,0.00,0.00,0.00,0.00,0.0,0.0
2026-08-29T03:48:53+00:00,2026-08-28,daily,3,2026-09-04T17:30:00Z,102,Yarmoliuk,BRE,MID,50,0,0,1.1,63,685,808,13864,a,,,,,,,,0.5,0,1,23,0,0,0,0,0,0,6,1,2,3,0.04,0.00,0.04,0.10,0.5,0.5
2026-08-29T03:48:53+00:00,2026-08-28,daily,3,2026-09-04T17:30:00Z,103,Dasilva,BRE,MID,50,0,0,0.0,12,28,176,381,a,,,,,,,,0.0,0,0,0,0,0,0,0,0,0,0,0,0,0,0.00,0.00,0.00,0.00,0.0,0.0
2026-08-29T03:48:53+00:00,2026-08-28,daily,3,2026-09-04T17:30:00Z,105,Anthony,BRE,MID,60,0,0,0.2,131,152,2089,2543,a,,,,,,,,0.5,0,1,23,0,0,0,0,0,0,8,0,2,6,0.03,0.35,0.38,0.10,0.5,0.5
2026-08-29T03:48:53+00:00,2026-08-28,daily,3,2026-09-04T17:30:00Z,106,Thiago,BRE,FWD,80,0,0,16.4,3717,12721,95489,153888,a,,,,,1,,,0.0,0,0,82,1,0,0,1,0,0,5,1,0,4,1.00,0.08,1.08,0.50,0.0,0.0
2026-08-29T03:48:53+00:00,2026-08-28,daily,3,2026-09-04T17:30:00Z,107,Furo,BRE,FWD,45,0,0,0.9,894,423,9085,8866,a,,,,,,,,0.0,0,0,0,0,0,0,0,0,0,0,0,0,0,0.00,0.00,0.00,0.00,0.0,0.0
2026-08-29T03:48:53+00:00,2026-08-28,daily,3,2026-09-04T17:30:00Z,108,Wilson,BRE,FWD,55,0,0,0.4,307,258,4658,5066,a,,,,,,,,0.5,0,1,7,0,0,0,0,0,0,0,0,0,0,0.03,0.04,0.07,0.07,0.5,0.5
2026-08-29T03:48:53+00:00,2026-08-28,daily,3,2026-09-04T17:30:00Z,565,M.Sangaré,BRE,MID,56,0,1,9.3,23449,2758,467211,26098,a,,,,,,,,7.0,0,14,75,1,0,2,1,0,0,13,4,2,7,0.05,0.33,0.38,0.47,7.0,7.0
2026-08-29T03:48:53+00:00,2026-08-28,daily,3,2026-09-04T17:30:00Z,620,Diouf,BRE,DEF,45,0,0,0.0,1324,109,1924,146,a,,,,,,,,0.0,0,0,0,0,0,0,0,0,0,0,0,0,0,0.00,0.00,0.00,0.00,1.7,1.7
2026-08-29T03:48:53+00:00,2026-08-28,daily,3,2026-09-04T17:30:00Z,109,Verbruggen,BHA,GKP,45,0,0,21.5,9217,4920,93973,50400,a,,,,,,,,3.0,0,6,90,1,0,0,1,0,0,0,0,0,4,0.00,0.00,0.00,0.29,3.0,3.0
2026-08-29T03:48:53+00:00,2026-08-28,daily,3,2026-09-04T17:30:00Z,111,Steele,BHA,GKP,40,0,0,4.0,1819,678,12533,14722,a,,,,,,,,0.0,0,0,0,0,0,0,0,0,0,0,0,0,0,0.00,0.00,0.00,0.00,0.0,0.0
2026-08-29T03:48:53+00:00,2026-08-28,daily,3,2026-09-04T17:30:00Z,113,F.Kadıoğlu,BHA,DEF,44,-1,-1,2.2,373,1390,2953,52794,a,,2026-08-23T13:00:07.595211Z,100,100,,,3,0.0,0,0,0,0,0,0,0,0,0,0,0,0,0,0.00,0.00,0.00,0.00,0.0,0.0
2026-08-29T03:48:53+00:00,2026-08-28,daily,3,2026-09-04T17:30:00Z,114,Boscagli,BHA,DEF,45,0,0,0.3,535,101,4638,1660,a,,,,,,,,3.0,0,6,90,1,0,0,1,0,0,6,5,1,4,0.00,0.04,0.04,0.29,3.0,3.0
2026-08-29T03:48:53+00:00,2026-08-28,daily,3,2026-09-04T17:30:00Z,115,De Cuyper,BHA,DEF,46,0,1,9.0,40975,1324,535973,22482,a,,,,,,4,2,8.5,0,17,77,1,1,1,1,0,0,4,1,3,3,1.47,0.21,1.68,0.29,8.5,8.5
2026-08-29T03:48:53+00:00,2026-08-28,daily,3,2026-09-04T17:30:00Z,116,Dunk,BHA,DEF,45,0,0,1.2,1283,255,14626,5565,a,,,,,,3,,3.0,0,6,90,1,0,0,1,0,0,2,1,1,2,0.00,0.04,0.04,0.29,3.0,3.0
2026-08-29T03:48:53+00:00,2026-08-28,daily,3,2026-09-04T17:30:00Z,117,Coppola,BHA,DEF,45,0,0,0.0,15,9,206,233,a,,,,,,,,0.0,0,0,0,0,0,0,0,0,0,0,0,0,0,0.00,0.00,0.00,0.00,0.0,0.0
2026-08-29T03:48:53+00:00,2026-08-28,daily,3,2026-09-04T17:30:00Z,118,Igor,BHA,DEF,45,0,0,0.1,23,31,494,906,a,,,,,,,,0.0,0,0,0,0,0,0,0,0,0,0,0,0,0,0.00,0.00,0.00,0.00,0.0,0.0
2026-08-29T03:48:53+00:00,2026-08-28,daily,3,2026-09-04T17:30:00Z,119,Costinha,BHA,DEF,45,0,0,0.0,15,9,300,235,a,,,,,,,,0.5,0,1,26,0,0,0,0,0,0,4,3,1,0,0.12,0.00,0.12,0.10,0.5,0.5
2026-08-29T03:48:53+00:00,2026-08-28,daily,3,2026-09-04T17:30:00Z,120,Svoboda,BHA,DEF,50,0,0,0.1,44,32,812,716,a,,,,,,,,0.0,0,0,0,0,0,0,0,0,0,0,0,0,0,0.00,0.00,0.00,0.00,0.0,0.0
2026-08-29T03:48:53+00:00,2026-08-28,daily,3,2026-09-04T17:30:00Z,121,Mitoma,BHA,MID,60,0,0,0.0,10,74,169,1311,i,Hamstring injury - Unknown return date,2026-07-24T18:30:10.661894Z,0,0,,,,0.0,0,0,0,0,0,0,0,0,0,0,0,0,0,0.00,0.00,0.00,0.00,0.0,0.0
2026-08-29T03:48:53+00:00,2026-08-28,daily,3,2026-09-04T17:30:00Z,122,Minteh,BHA,MID,59,-1,-1,0.1,7,169,147,3690,i,Leg injury - Expected back 28 Nov,2026-08-14T18:00:06.418033Z,0,0,,,5,0.0,0,0,0,0,0,0,0,0,0,0,0,0,0,0.00,0.00,0.00,0.00,0.0,0.0
2026-08-29T03:48:53+00:00,2026-08-28,daily,3,2026-09-04T17:30:00Z,123,Hinshelwood,BHA,MID,60,0,0,2.2,923,10174,140751,48259,d,Unspecified injury - 25% chance of playing,2026-08-27T19:30:07.780933Z,25,25,,,,8.0,0,16,63,1,2,0,1,0,0,3,0,2,1,1.41,0.02,1.43,0.19,2.0,2.0
2026-08-29T03:48:53+00:00,2026-08-28,daily,3,2026-09-04T17:30:00Z,124,Groß,BHA,MID,55,0,0,12.7,3146,6504,27325,112377,a,,,,,1,1,1,1.0,0,2,90,1,0,0,1,0,0,5,0,3,2,0.00,0.27,0.27,0.29,1.0,1.0
2026-08-29T03:48:53+00:00,2026-08-28,daily,3,2026-09-04T17:30:00Z,125,Georginio,BHA,FWD,55,0,0,1.0,651,1163,24538,16170,d,Unspecified injury - 75% chance of playing,2026-08-26T16:00:07.608056Z,75,75,,,,2.5,0,5,90,1,0,1,1,0,0,7,1,2,4,0.08,0.44,0.52,0.29,1.9,1.9
2026-08-29T03:48:53+00:00,2026-08-28,daily,3,2026-09-04T17:30:00Z,126,O'Riley,BHA,MID,55,0,0,0.1,60,81,716,1433,a,,,,,3,,,0.0,0,0,0,0,0,0,0,0,0,0,0,0,0,0.00,0.00,0.00,0.00,0.0,0.0
2026-08-29T03:48:53+00:00,2026-08-28,daily,3,2026-09-04T17:30:00Z,127,Gomez,BHA,MID,50,0,0,3.8,3473,1984,27425,18856,a,,,,,,5,,3.0,0,6,85,1,0,1,1,0,0,6,2,3,1,0.18,0.48,0.66,0.29,3.0,3.0
2026-08-29T03:48:53+00:00,2026-08-28,daily,3,2026-09-04T17:30:00Z,128,Buonanotte,BHA,MID,50,0,0,0.0,0,5,0,178,u,Has joined Elche on loan for the rest of the season,2026-08-10T14:03:07.561436Z,0,0,,,,0.0,0,0,0,0,0,0,0,0,0,0,0,0,0,0.00,0.00,0.00,0.00,0.0,0.0
2026-08-29T03:48:53+00:00,2026-08-28,daily,3,2026-09-04T17:30:00Z,129,Ayari,BHA,MID,55,0,0,0.6,346,480,3680,8091,a,,,,,,2,4,1.0,0,2,63,1,0,0,1,0,0,4,1,0,3,0.11,0.03,0.14,0.19,1.0,1.0
2026-08-29T03:48:53+00:00,2026-08-28,daily,3,2026-09-04T17:30:00Z,130,Wieffer,BHA,DEF,50,0,0,0.5,958,186,14386,3243,a,,,,,,,,3.5,0,7,77,1,0,0,1,0,0,8,4,4,5,0.09,0.05,0.14,0.29,3.5,3.5
2026-08-29T03:48:53+00:00,2026-08-28,daily,3,2026-09-04T17:30:00Z,132,Howell,BHA,MID,45,0,0,0.1,0,83,0,1615,u,Has joined Leicester City on loan for the rest of the season,2026-08-17T13:53:19.019938Z,0,0,,,,0.0,0,0,0,0,0,0,0,0,0,0,0,0,0,0.00,0.00,0.00,0.00,0.0,0.0
2026-08-29T03:48:53+00:00,2026-08-28,daily,3,2026-09-04T17:30:00Z,133,Watson,BHA,MID,50,0,0,0.0,0,0,0,56,u,Has joined Leicester City on loan for the rest of the season,2026-08-03T14:05:44.459483Z,0,0,,,,0.0,0,0,0,0,0,0,0,0,0,0,0,0,0,0.00,0.00,0.00,0.00,0.0,0.0
2026-08-29T03:48:53+00:00,2026-08-28,daily,3,2026-09-04T17:30:00Z,134,Oriola,BHA,MID,45,0,0,0.3,149,144,1857,2924,a,,,,,,,,0.0,0,0,0,0,0,0,0,0,0,0,0,0,0,0.00,0.00,0.00,0.00,0.0,0.0
2026-08-29T03:48:53+00:00,2026-08-28,daily,3,2026-09-04T17:30:00Z,135,Yohanna,BHA,MID,50,0,0,0.1,28,57,401,936,a,,,,,,,,0.5,0,1,12,0,0,0,0,0,0,0,0,0,0,0.00,0.03,0.03,0.00,0.5,0.5
2026-08-29T03:48:53+00:00,2026-08-28,daily,3,2026-09-04T17:30:00Z,137,Tzimas,BHA,FWD,55,0,0,0.0,2,12,86,264,i,Knee injury - Unknown return date,2026-07-23T12:01:23.432796Z,0,0,,,,0.0,0,0,0,0,0,0,0,0,0,0,0,0,0,0.00,0.00,0.00,0.00,0.0,0.0
2026-08-29T03:48:53+00:00,2026-08-28,daily,3,2026-09-04T17:30:00Z,138,Kostoulas,BHA,FWD,55,0,0,0.2,218,112,1602,2263,a,,,,,,,,0.5,0,1,26,0,0,0,0,0,0,2,0,1,1,0.18,0.00,0.18,0.10,0.5,0.5
2026-08-29T03:48:53+00:00,2026-08-28,daily,3,2026-09-04T17:30:00Z,139,Ferguson,BHA,FWD,50,0,0,0.0,41,52,359,675,i,Ankle injury - Expected back 10 Oct,2026-07-23T12:01:23.448357Z,0,0,,,,0.0,0,0,0,0,0,0,0,0,0,0,0,0,0,0.00,0.00,0.00,0.00,0.0,0.0
2026-08-29T03:48:53+00:00,2026-08-28,daily,3,2026-09-04T17:30:00Z,328,Struijk,BHA,DEF,50,0,0,0.2,74,101,1490,2655,a,,2026-08-15T20:30:07.523574Z,100,100,,,,0.0,0,0,0,0,0,0,0,0,0,0,0,0,0,0.00,0.00,0.00,0.00,0.0,0.0
2026-08-29T03:48:53+00:00,2026-08-28,daily,3,2026-09-04T17:30:00Z,504,Vuskovic,BHA,DEF,50,0,0,2.5,1966,924,23152,13271,a,,,,,,,,3.0,0,6,90,1,0,0,1,0,0,4,4,0,2,0.13,0.03,0.16,0.29,3.0,3.0
2026-08-29T03:48:53+00:00,2026-08-28,daily,3,2026-09-04T17:30:00Z,594,David,BHA,FWD,60,0,0,0.3,256,206,2775,4347,a,,,,,2,,,0.0,0,0,0,0,0,0,0,0,0,0,0,0,0,0.00,0.00,0.00,0.00,0.0,0.0
2026-08-29T03:48:53+00:00,2026-08-28,daily,3,2026-09-04T17:30:00Z,600,Osman,BHA,MID,50,0,0,0.0,12,9,230,152,a,,,,,,,,0.5,0,1,12,0,0,0,0,0,0,2,0,0,2,0.00,0.05,0.05,0.00,0.5,0.5
2026-08-29T03:48:53+00:00,2026-08-28,daily,3,2026-09-04T17:30:00Z,605,Yalcouyé,BHA,MID,45,0,0,0.1,397,111,4736,1063,a,,,,,,,,0.5,0,1,4,0,0,0,0,0,0,0,0,0,0,0.00,0.01,0.01,0.00,0.5,0.5
2026-08-29T03:48:53+00:00,2026-08-28,daily,3,2026-09-04T17:30:00Z,614,Hadjam,BHA,DEF,45,0,0,0.0,247,11,1253,65,a,,,,,,,,0.0,0,0,0,0,0,0,0,0,0,0,0,0,0,0.00,0.00,0.00,0.00,1.7,1.7
2026-08-29T03:48:53+00:00,2026-08-28,daily,3,2026-09-04T17:30:00Z,40,Rogers,CHE,MID,75,0,0,26.2,15910,14556,267761,86305,a,,,,,,,4,4.0,0,8,81,1,1,0,0,2,0,7,0,2,5,0.96,0.10,1.06,1.24,4.0,4.0
2026-08-29T03:48:53+00:00,2026-08-28,daily,3,2026-09-04T17:30:00Z,101,Henderson,CHE,MID,50,0,0,0.0,21,54,235,745,d,Wrist injury - 75% chance of playing,2026-08-09T09:30:07.136250Z,75,75,,,,0.0,0,0,0,0,0,0,0,0,0,0,0,0,0,0.00,0.00,0.00,0.00,0.0,0.0
2026-08-29T03:48:53+00:00,2026-08-28,daily,3,2026-09-04T17:30:00Z,136,Welbeck,CHE,FWD,60,0,0,1.0,743,756,3879,23181,a,,2026-08-20T14:00:07.949090Z,100,100,,,,0.0,0,0,0,0,0,0,0,0,0,0,0,0,0,0.00,0.00,0.00,0.00,0.0,0.0
2026-08-29T03:48:53+00:00,2026-08-28,daily,3,2026-09-04T17:30:00Z,140,Sánchez,CHE,GKP,50,0,0,2.2,279,2151,9203,29342,a,,,,,,,,1.0,0,2,90,1,0,0,0,2,4,0,1,0,5,0.00,0.01,0.01,1.33,1.0,1.0
2026-08-29T03:48:53+00:00,2026-08-28,daily,3,2026-09-04T17:30:00Z,141,Jörgensen,CHE,GKP,50,0,0,0.0,0,15,0,516,u,Has joined RC Strasbourg on loan for the rest of the season,2026-08-12T14:07:02.607115Z,0,0,,,,0.0,0,0,0,0,0,0,0,0,0,0,0,0,0,0.00,0.00,0.00,0.00,0.0,0.0
2026-08-29T03:48:53+00:00,2026-08-28,daily,3,2026-09-04T17:30:00Z,142,James,CHE,DEF,55,0,0,10.0,3209,5195,65734,86513,a,,,,,,1,1,0.0,0,0,90,1,0,0,0,2,0,6,6,0,4,0.10,0.07,0.17,1.33,0.0,0.0
2026-08-29T03:48:53+00:00,2026-08-28,daily,3,2026-09-04T17:30:00Z,143,Chalobah,CHE,DEF,55,0,0,0.1,0,309,0,8367,u,Has joined Como permanently,2026-08-10T14:03:50.769483Z,0,0,,,,0.0,0,0,0,0,0,0,0,0,0,0,0,0,0,0.00,0.00,0.00,0.00,0.0,0.0
2026-08-29T03:48:53+00:00,2026-08-28,daily,3,2026-09-04T17:30:00Z,144,Gusto,CHE,DEF,50,0,0,1.2,694,620,14019,11567,a,,,,,,,,0.5,0,1,75,1,0,0,0,2,0,3,2,1,4,0.00,0.03,0.03,1.11,0.5,0.5
2026-08-29T03:48:53+00:00,2026-08-28,daily,3,2026-09-04T17:30:00Z,145,Fofana,CHE,DEF,50,0,0,0.0,98,29,911,290,a,,2026-07-23T12:01:23.464591Z,100,100,,,,0.0,0,0,0,0,0,0,0,0,0,0,0,0,0,0.00,0.00,0.00,0.00,0.0,0.0
2026-08-29T03:48:53+00:00,2026-08-28,daily,3,2026-09-04T17:30:00Z,146,B.Badiashile,CHE,DEF,45,0,0,0.0,0,87,232,887,u,Has joined Napoli on loan for the rest of the season,2026-08-25T14:03:47.079414Z,0,0,,,,0.0,0,0,0,0,0,0,0,0,0,0,0,0,0,0.00,0.00,0.00,0.00,0.0,0.0
2026-08-29T03:48:53+00:00,2026-08-28,daily,3,2026-09-04T17:30:00Z,147,Tosin,CHE,DEF,45,0,0,0.2,16,76,279,2196,a,,,,,,,,0.0,0,0,0,0,0,0,0,0,0,0,0,0,0,0.00,0.00,0.00,0.00,0.0,0.0
2026-08-29T03:48:53+00:00,2026-08-28,daily,3,2026-09-04T17:30:00Z,148,Hato,CHE,DEF,45,0,0,0.5,237,241,4595,4725,a,,,,,,,,0.5,0,1,64,1,0,0,0,2,0,3,1,2,2,0.01,0.03,0.04,1.05,0.5,0.5
2026-08-29T03:48:53+00:00,2026-08-28,daily,3,2026-09-04T17:30:00Z,149,Colwill,CHE,DEF,50,0,0,1.5,513,1139,11084,18918,a,,,,,,,,0.0,0,0,90,1,0,0,0,2,0,4,2,2,3,0.01,0.03,0.04,1.33,0.0,0.0
2026-08-29T03:48:53+00:00,2026-08-28,daily,3,2026-09-04T17:30:00Z,150,M.Sarr,CHE,DEF,45,0,0,0.1,24,105,429,1054,u,Has joined Real Sociedad on loan for the rest of the season,2026-08-29T00:34:23.077418Z,,0,,,,0.0,0,0,0,0,0,0,0,0,0,0,0,0,0,0.00,0.00,0.00,0.00,0.0,0.0
2026-08-29T03:48:53+00:00,2026-08-28,daily,3,2026-09-04T17:30:00Z,151,Acheampong,CHE,DEF,45,0,0,0.4,658,222,8723,3356,a,,,,,,,,1.5,0,3,90,1,0,0,0,2,0,15,10,5,6,0.00,0.01,0.01,1.33,1.5,1.5
2026-08-29T03:48:53+00:00,2026-08-28,daily,3,2026-09-04T17:30:00Z,152,Palestra,CHE,DEF,55,0,0,2.1,63,4775,5023,74712,d,Unspecified injury - 75% chance of playing,2026-08-24T18:30:07.421239Z,75,75,,,,0.0,0,0,0,0,0,0,0,0,0,0,0,0,0,0.00,0.00,0.00,0.00,0.0,0.0
2026-08-29T03:48:53+00:00,2026-08-28,daily,3,2026-09-04T17:30:00Z,154,Palmer,CHE,MID,96,1,1,16.8,37051,4240,413923,36200,a,,2026-08-24T22:00:07.971542Z,100,100,1,3,,6.5,0,13,82,1,1,1,0,2,0,9,0,2,7,0.28,0.19,0.47,1.24,6.5,6.5
2026-08-29T03:48:53+00:00,2026-08-28,daily,3,2026-09-04T17:30:00Z,155,Enzo,CHE,MID,70,0,0,4.3,579,6450,15533,95615,a,,,,,2,2,3,0.5,0,1,25,0,0,0,0,0,0,3,0,0,3,0.00,0.02,0.02,0.28,0.5,0.5
2026-08-29T03:48:53+00:00,2026-08-28,daily,3,2026-09-04T17:30:00Z,156,Neto,CHE,MID,65,0,0,1.2,272,1383,5907,24745,a,,,,,,4,2,0.5,0,1,14,0,0,0,0,0,0,4,0,1,3,0.03,0.07,0.10,0.22,0.5,0.5
2026-08-29T03:48:53+00:00,2026-08-28,daily,3,2026-09-04T17:30:00Z,157,Estêvão,CHE,MID,65,0,0,1.1,389,1508,5953,25292,a,,,,,3,,5,0.5,0,1,7,0,0,0,0,0,0,1,0,0,1,0.00,0.00,0.00,0.09,0.5,0.5
2026-08-29T03:48:53+00:00,2026-08-28,daily,3,2026-09-04T17:30:00Z,158,Gittens,CHE,MID,60,0,0,0.0,28,47,299,820,a,,,,,,,,0.0,0,0,0,0,0,0,0,0,0,0,0,0,0,0.00,0.00,0.00,0.00,0.0,0.0
2026-08-29T03:48:53+00:00,2026-08-28,daily,3,2026-09-04T17:30:00Z,159,Caicedo,CHE,MID,55,0,0,2.8,184,6892,9665,105215,d,Unspecified injury - 75% chance of playing,2026-08-24T18:30:07.431154Z,75,75,,,,0.0,0,0,0,0,0,0,0,0,0,0,0,0,0,0.00,0.00,0.00,0.00,0.0,0.0
2026-08-29T03:48:53+00:00,2026-08-28,daily,3,2026-09-04T17:30:00Z,161,Lavia,CHE,MID,50,0,0,0.1,94,59,1267,978,a,,,,,,,,0.5,0,1,64,1,0,0,0,2,0,9,2,3,4,0.21,0.03,0.24,1.05,0.5,0.5
2026-08-29T03:48:53+00:00,2026-08-28,daily,3,2026-09-04T17:30:00Z,163,D.Essugo,CHE,MID,45,0,0,0.2,96,158,1348,3045,a,,,,,,,,0.0,0,0,0,0,0,0,0,0,0,0,0,0,0,0.00,0.00,0.00,0.00,0.0,0.0
2026-08-29T03:48:53+00:00,2026-08-28,daily,3,2026-09-04T17:30:00Z,164,Quenda,CHE,MID,55,0,0,0.0,15,57,246,877,a,,2026-07-24T20:30:10.609931Z,100,100,,,,0.5,0,1,8,0,0,0,0,0,0,1,1,0,0,0.00,0.00,0.00,0.09,0.5,0.5
2026-08-29T03:48:53+00:00,2026-08-28,daily,3,2026-09-04T17:30:00Z,165,João Pedro,CHE,FWD,76,0,1,68.4,15892,5090,421080,33255,a,,,,,,,,5.5,0,11,90,1,1,1,0,2,0,3,1,0,2,0.63,0.06,0.69,1.33,5.5,5.5
2026-08-29T03:48:53+00:00,2026-08-28,daily,3,2026-09-04T17:30:00Z,168,Marc Guiu,CHE,FWD,50,0,0,0.4,204,385,2382,6531,a,,,,,,,,0.0,0,0,0,0,0,0,0,0,0,0,0,0,0,0.00,0.00,0.00,0.00,0.0,0.0
2026-08-29T03:48:53+00:00,2026-08-28,daily,3,2026-09-04T17:30:00Z,169,Mheuka,CHE,FWD,45,0,0,0.3,300,239,3229,4648,a,,,,,,,,0.0,0,0,0,0,0,0,0,0,0,0,0,0,0,0.00,0.00,0.00,0.00,0.0,0.0
2026-08-29T03:48:53+00:00,2026-08-28,daily,3,2026-09-04T17:30:00Z,170,Emegha,CHE,FWD,50,0,0,0.1,151,175,1601,2509,a,,2026-07-24T20:30:10.622380Z,100,100,,,,0.0,0,0,0,0,0,0,0,0,0,0,0,0,0,0.00,0.00,0.00,0.00,0.0,0.0
2026-08-29T03:48:53+00:00,2026-08-28,daily,3,2026-09-04T17:30:00Z,200,Lacroix,CHE,DEF,60,0,0,9.5,3697,3439,67219,48246,a,,,,,,,,3.0,0,6,90,1,0,1,0,2,0,12,7,5,2,0.00,0.20,0.20,1.33,3.0,3.0
2026-08-29T03:48:53+00:00,2026-08-28,daily,3,2026-09-04T17:30:00Z,560,Penders,CHE,GKP,45,0,0,0.1,26,56,421,821,a,,,,,,,,0.0,0,0,0,0,0,0,0,0,0,0,0,0,0,0.00,0.00,0.00,0.00,0.0,0.0
2026-08-29T03:48:53+00:00,2026-08-28,daily,3,2026-09-04T17:30:00Z,561,Anselmino,CHE,DEF,45,0,0,0.0,9,13,131,459,a,,2026-08-23T19:00:08.536705Z,100,100,,,,0.0,0,0,0,0,0,0,0,0,0,0,0,0,0,0.00,0.00,0.00,0.00,0.0,0.0
2026-08-29T03:48:53+00:00,2026-08-28,daily,3,2026-09-04T17:30:00Z,568,Barco,CHE,MID,55,0,0,0.1,124,94,652,1755,a,,,,,,,,0.0,0,0,0,0,0,0,0,0,0,0,0,0,0,0.00,0.00,0.00,0.00,0.0,0.0
2026-08-29T03:48:53+00:00,2026-08-28,daily,3,2026-09-04T17:30:00Z,578,Mudryk,CHE,MID,55,0,0,0.0,17,62,251,1038,a,,,,,,,,0.0,0,0,0,0,0,0,0,0,0,0,0,0,0,0.00,0.00,0.00,0.00,0.0,0.0
2026-08-29T03:48:53+00:00,2026-08-28,daily,3,2026-09-04T17:30:00Z,583,Chavarria,CHE,DEF,50,0,0,0.2,61,154,1142,2712,a,,,,,,,,0.5,0,1,25,0,0,0,0,0,0,1,1,0,1,0.00,0.00,0.00,0.28,0.5,0.5
2026-08-29T03:48:53+00:00,2026-08-28,daily,3,2026-09-04T17:30:00Z,91,Pinnock,COV,DEF,45,0,0,0.1,47,39,621,1010,a,,,,,,,,0.0,0,0,0,0,0,0,0,0,0,0,0,0,0,0.00,0.00,0.00,0.00,0.0,0.0
2026-08-29T03:48:53+00:00,2026-08-28,daily,3,2026-09-04T17:30:00Z,104,Onyeka,COV,MID,50,0,0,0.2,36,110,2492,1710,a,,,,,,,,1.0,0,2,90,1,0,0,0,3,0,9,3,1,5,0.00,0.01,0.01,1.88,1.0,1.0
2026-08-29T03:48:53+00:00,2026-08-28,daily,3,2026-09-04T17:30:00Z,110,Rushworth,COV,GKP,45,0,0,1.2,153,987,12084,5659,a,,,,,,,,0.5,0,1,90,1,0,0,0,3,2,0,1,0,7,0.00,0.01,0.01,1.88,0.5,0.5
2026-08-29T03:48:53+00:00,2026-08-28,daily,3,2026-09-04T17:30:00Z,171,Dovin,COV,GKP,40,0,0,1.5,527,258,3161,6669,a,,,,,,,,0.0,0,0,0,0,0,0,0,0,0,0,0,0,0,0.00,0.00,0.00,0.00,0.0,0.0
2026-08-29T03:48:53+00:00,2026-08-28,daily,3,2026-09-04T17:30:00Z,172,Wilson,COV,GKP,45,0,0,0.5,11,142,238,3582,a,,,,,,,,0.0,0,0,0,0,0,0,0,0,0,0,0,0,0,0.00,0.00,0.00,0.00,0.0,0.0
2026-08-29T03:48:53+00:00,2026-08-28,daily,3,2026-09-04T17:30:00Z,173,Thomas,COV,DEF,40,0,0,7.9,2561,2176,40672,26066,a,,,,,,,,1.5,0,3,90,1,0,0,0,3,0,10,9,1,2,0.02,0.01,0.03,1.88,1.5,1.5
2026-08-29T03:48:53+00:00,2026-08-28,daily,3,2026-09-04T17:30:00Z,174,Kitching,COV,DEF,40,0,0,0.6,36,160,556,4946,a,,,,,,,,0.0,0,0,0,0,0,0,0,0,0,0,0,0,0,0.00,0.00,0.00,0.00,0.0,0.0
2026-08-29T03:48:53+00:00,2026-08-28,daily,3,2026-09-04T17:30:00Z,175,van Ewijk,COV,DEF,40,0,0,13.0,2411,4308,36862,54166,a,,,,,,,,0.5,0,1,90,1,0,0,0,3,0,7,6,1,3,0.00,0.01,0.01,1.88,0.5,0.5
2026-08-29T03:48:53+00:00,2026-08-28,daily,3,2026-09-04T17:30:00Z,176,Dasilva,COV,DEF,40,0,0,0.8,75,215,3299,4269,a,,,,,,,,0.5,0,1,90,1,0,0,0,3,0,6,6,0,1,0.00,0.02,0.02,1.88,0.5,0.5
2026-08-29T03:48:53+00:00,2026-08-28,daily,3,2026-09-04T17:30:00Z,177,Kesler-Hayden,COV,DEF,40,0,0,0.1,6,99,174,849,i,Hamstring injury - Unknown return date,2026-08-27T14:56:28.704361Z,0,0,,,,0.0,0,0,0,0,0,0,0,0,0,0,0,0,0,0.00,0.00,0.00,0.00,0.0,0.0
2026-08-29T03:48:53+00:00,2026-08-28,daily,3,2026-09-04T17:30:00Z,178,Bidwell,COV,DEF,40,0,0,0.1,10,25,516,769,a,,,,,,,,0.0,0,0,0,0,0,0,0,0,0,0,0,0,0,0.00,0.00,0.00,0.00,0.0,0.0
2026-08-29T03:48:53+00:00,2026-08-28,daily,3,2026-09-04T17:30:00Z,179,Latibeaudiere,COV,DEF,40,0,0,0.0,14,11,174,431,a,,,,,,,,0.0,0,0,0,0,0,0,0,0,0,0,0,0,0,0.00,0.00,0.00,0.00,0.0,0.0
2026-08-29T03:48:53+00:00,2026-08-28,daily,3,2026-09-04T17:30:00Z,180,Woolfenden,COV,DEF,40,0,0,0.2,17,236,963,2464,i,Knee injury - Unknown return date,2026-08-27T14:56:28.718566Z,0,0,,,,0.0,0,0,0,0,0,0,0,0,0,0,0,0,0,0.00,0.00,0.00,0.00,0.0,0.0
2026-08-29T03:48:53+00:00,2026-08-28,daily,3,2026-09-04T17:30:00Z,181,Brau,COV,DEF,40,0,0,0.0,19,25,275,363,u,Has joined Academico de Viseu on loan for the rest of the season,2026-08-29T00:35:59.980316Z,,0,,,,0.0,0,0,0,0,0,0,0,0,0,0,0,0,0,0.00,0.00,0.00,0.00,0.0,0.0
2026-08-29T03:48:53+00:00,2026-08-28,daily,3,2026-09-04T17:30:00Z,182,Amenda,COV,DEF,40,0,0,0.8,113,422,3441,4933,a,,,,,,,,0.5,0,1,90,1,0,0,0,3,0,9,9,0,4,0.00,0.01,0.01,1.88,0.5,0.5
2026-08-29T03:48:53+00:00,2026-08-28,daily,3,2026-09-04T17:30:00Z,183,Rudoni,COV,MID,50,0,0,0.1,49,86,1299,1385,a,,2026-07-23T12:01:23.481435Z,100,100,,1,3,0.5,0,1,20,0,0,0,0,0,0,5,0,1,4,0.15,0.00,0.15,0.29,0.5,0.5
2026-08-29T03:48:53+00:00,2026-08-28,daily,3,2026-09-04T17:30:00Z,184,Grimes,COV,MID,50,0,0,0.2,32,141,2322,1757,a,,,,,3,,1,1.0,0,2,90,1,0,0,0,3,0,7,4,0,3,0.00,0.01,0.01,1.88,1.0,1.0
2026-08-29T03:48:53+00:00,2026-08-28,daily,3,2026-09-04T17:30:00Z,185,Sakamoto,COV,MID,50,0,0,0.1,8,57,145,1512,a,,,,,,,,0.0,0,0,0,0,0,0,0,0,0,0,0,0,0,0.00,0.00,0.00,0.00,0.0,0.0
2026-08-29T03:48:53+00:00,2026-08-28,daily,3,2026-09-04T17:30:00Z,186,Mason-Clark,COV,MID,55,0,0,0.1,20,68,509,1646,a,,2026-08-19T18:00:08.310507Z,100,100,,,,0.0,0,0,0,0,0,0,0,0,0,0,0,0,0,0.00,0.00,0.00,0.00,0.0,0.0
2026-08-29T03:48:53+00:00,2026-08-28,daily,3,2026-09-04T17:30:00Z,187,Eccles,COV,MID,50,0,0,0.0,6,12,75,311,a,,,,,,,,0.0,0,0,0,0,0,0,0,0,0,0,0,0,0,0.00,0.00,0.00,0.00,0.0,0.0
2026-08-29T03:48:53+00:00,2026-08-28,daily,3,2026-09-04T17:30:00Z,188,Torp,COV,MID,55,0,0,0.2,9,108,558,1932,a,,,,,2,2,2,0.5,0,1,28,0,0,0,0,0,0,1,1,0,0,0.00,0.11,0.11,0.32,0.5,0.5
2026-08-29T03:48:53+00:00,2026-08-28,daily,3,2026-09-04T17:30:00Z,189,Shepherd,COV,MID,45,0,0,0.3,67,123,1080,3294,a,,,,,,,,0.0,0,0,0,0,0,0,0,0,0,0,0,0,0,0.00,0.00,0.00,0.00,0.0,0.0
2026-08-29T03:48:53+00:00,2026-08-28,daily,3,2026-09-04T17:30:00Z,190,Tchaouna,COV,MID,55,0,0,0.2,8,93,2770,1544,a,,,,,,,,1.0,0,2,81,1,0,0,0,3,0,8,3,0,5,0.04,0.02,0.06,1.76,1.0,1.0
2026-08-29T03:48:53+00:00,2026-08-28,daily,3,2026-09-04T17:30:00Z,191,Borges Rodrigues,COV,MID,45,0,0,0.2,62,89,742,1962,a,,,,,,,,0.0,0,0,0,0,0,0,0,0,0,0,0,0,0,0.00,0.00,0.00,0.00,0.0,0.0
2026-08-29T03:48:53+00:00,2026-08-28,daily,3,2026-09-04T17:30:00Z,192,Andrews,COV,MID,45,0,0,0.6,142,505,2718,7699,u,Has joined Oxford United on loan for the rest of the season,2026-08-29T00:35:59.998520Z,,0,,,,0.0,0,0,0,0,0,0,0,0,0,0,0,0,0,0.00,0.00,0.00,0.00,0.0,0.0
2026-08-29T03:48:53+00:00,2026-08-28,daily,3,2026-09-04T17:30:00Z,193,Wright,COV,FWD,55,0,0,0.1,6,255,113,5680,i,Thigh injury - Unknown return date,2026-08-14T22:00:07.214508Z,0,0,1,,,0.0,0,0,0,0,0,0,0,0,0,0,0,0,0,0.00,0.00,0.00,0.00,0.0,0.0
2026-08-29T03:48:53+00:00,2026-08-28,daily,3,2026-09-04T17:30:00Z,194,Thomas-Asante,COV,FWD,50,0,0,0.8,894,480,15488,8368,a,,,,,4,,,1.0,0,2,69,1,0,0,0,3,0,6,5,0,1,0.00,0.02,0.02,1.60,1.0,1.0
2026-08-29T03:48:53+00:00,2026-08-28,daily,3,2026-09-04T17:30:00Z,195,Simms,COV,FWD,50,0,0,1.0,1173,680,21109,10283,a,,,,,,,,1.0,0,2,69,1,0,0,0,3,0,3,1,0,2,0.00,0.01,0.01,1.60,1.0,1.0
2026-08-29T03:48:53+00:00,2026-08-28,daily,3,2026-09-04T17:30:00Z,196,Markelo,COV,FWD,50,0,0,0.0,0,21,0,611,u,Has joined Shabab Al-Ahli Dubai permanently,2026-08-17T13:53:55.791223Z,0,0,,,,0.0,0,0,0,0,0,0,0,0,0,0,0,0,0,0.00,0.00,0.00,0.00,0.0,0.0
2026-08-29T03:48:53+00:00,2026-08-28,daily,3,2026-09-04T17:30:00Z,197,Bassette,COV,FWD,45,0,0,0.0,0,39,0,827,u,Has joined KVC Westerlo on loan for the rest of the season,2026-07-28T12:58:50.001768Z,0,0,,,,0.0,0,0,0,0,0,0,0,0,0,0,0,0,0,0.00,0.00,0.00,0.00,0.0,0.0
2026-08-29T03:48:53+00:00,2026-08-28,daily,3,2026-09-04T17:30:00Z,492,Awoniyi,COV,FWD,55,0,0,0.8,262,589,8916,9882,a,,,,,5,,,0.5,0,1,20,0,0,0,0,0,0,1,0,0,1,0.00,0.00,0.00,0.29,0.5,0.5
2026-08-29T03:48:53+00:00,2026-08-28,daily,3,2026-09-04T17:30:00Z,575,Yirenkyi,COV,MID,50,0,0,0.2,46,191,1043,2766,a,,,,,,,,0.5,0,1,61,1,0,0,0,3,0,3,0,0,3,0.00,0.00,0.00,1.56,0.5,0.5
2026-08-29T03:48:53+00:00,2026-08-28,daily,3,2026-09-04T17:30:00Z,584,Hamer,COV,MID,55,0,0,0.1,13,86,399,1514,a,,,,,,,,0.5,0,1,8,0,0,0,0,0,0,1,0,0,1,0.00,0.00,0.00,0.13,0.5,0.5
2026-08-29T03:48:53+00:00,2026-08-28,daily,3,2026-09-04T17:30:00Z,599,Cherif,COV,FWD,50,0,0,0.1,138,71,1862,1465,a,,,,,,,,0.0,0,0,0,0,0,0,0,0,0,0,0,0,0,0.00,0.00,0.00,0.00,0.0,0.0
2026-08-29T03:48:53+00:00,2026-08-28,daily,3,2026-09-04T17:30:00Z,42,Guessand,CRY,MID,55,0,0,0.0,74,94,557,717,a,,,,,,,,1.0,1,2,54,0,0,0,0,1,0,2,1,1,0,0.03,0.03,0.06,0.34,1.0,1.0
2026-08-29T03:48:53+00:00,2026-08-28,daily,3,2026-09-04T17:30:00Z,153,Disasi,CRY,DEF,45,0,0,0.1,75,60,600,908,a,,,,,,,,0.5,1,1,16,0,0,0,0,1,0,1,0,1,1,0.00,0.00,0.00,0.20,0.5,0.5
2026-08-29T03:48:53+00:00,2026-08-28,daily,3,2026-09-04T17:30:00Z,198,Henderson,CRY,GKP,50,0,0,1.8,636,743,6540,14517,a,,2026-08-20T14:00:08.018379Z,100,100,,,,1.5,1,3,180,2,0,0,0,6,7,0,5,0,24,0.00,0.00,0.00,3.33,1.5,1.5
2026-08-29T03:48:53+00:00,2026-08-28,daily,3,2026-09-04T17:30:00Z,199,Benitez,CRY,GKP,45,0,0,0.1,25,67,493,1443,a,,,,,,,,0.0,0,0,0,0,0,0,0,0,0,0,0,0,0,0.00,0.00,0.00,0.00,0.0,0.0
2026-08-29T03:48:53+00:00,2026-08-28,daily,3,2026-09-04T17:30:00Z,201,Muñoz,CRY,DEF,55,0,0,8.1,651,15165,16296,140591,a,,,,,,,,0.0,0,0,54,1,0,0,0,2,0,4,3,1,1,0.23,0.01,0.24,0.84,0.0,0.0
2026-08-29T03:48:53+00:00,2026-08-28,daily,3,2026-09-04T17:30:00Z,202,Richards,CRY,DEF,50,0,0,0.7,334,576,4542,7030,a,,,,,,,,1.5,0,3,180,2,0,0,0,6,0,22,18,4,3,0.04,0.00,0.04,3.33,1.5,1.5
2026-08-29T03:48:53+00:00,2026-08-28,daily,3,2026-09-04T17:30:00Z,203,Canvot,CRY,DEF,50,0,0,0.3,119,284,940,4305,a,,,,,,,,0.5,0,1,180,2,0,0,0,6,0,15,10,5,4,0.05,0.01,0.06,3.33,0.5,0.5
2026-08-29T03:48:53+00:00,2026-08-28,daily,3,2026-09-04T17:30:00Z,204,Mitchell,CRY,DEF,45,0,0,5.5,559,2926,6524,53265,a,,,,,,,,0.5,0,1,180,2,0,0,0,6,0,10,6,4,5,0.11,0.17,0.28,3.33,0.5,0.5
2026-08-29T03:48:53+00:00,2026-08-28,daily,3,2026-09-04T17:30:00Z,205,Sosa,CRY,DEF,45,0,0,0.0,8,19,134,371,a,,,,,,,,0.0,0,0,0,0,0,0,0,0,0,0,0,0,0,0.00,0.00,0.00,0.00,0.0,0.0
2026-08-29T03:48:53+00:00,2026-08-28,daily,3,2026-09-04T17:30:00Z,206,Chadi Riad,CRY,DEF,44,-1,-1,0.0,21,190,341,3033,i,Knee injury - Unknown return date,2026-08-22T18:00:07.352049Z,0,0,,,,0.5,0,1,72,1,0,0,0,2,0,7,6,1,3,0.00,0.01,0.01,0.98,0.0,0.0
2026-08-29T03:48:53+00:00,2026-08-28,daily,3,2026-09-04T17:30:00Z,207,Mingueza,CRY,DEF,45,0,0,0.1,21,75,220,1355,a,,,,,,,,0.5,1,1,15,0,0,0,0,1,0,1,0,1,0,0.00,0.00,0.00,0.20,0.5,0.5
2026-08-29T03:48:53+00:00,2026-08-28,daily,3,2026-09-04T17:30:00Z,208,Sarr,CRY,MID,64,0,-1,2.2,29,10880,2131,217458,i,Groin injury - Unknown return date,2026-08-22T18:00:07.363165Z,0,0,2,,,0.0,0,0,0,0,0,0,0,0,0,0,0,0,0,0.00,0.00,0.00,0.00,0.0,0.0
2026-08-29T03:48:53+00:00,2026-08-28,daily,3,2026-09-04T17:30:00Z,210,Wharton,CRY,MID,55,0,0,0.9,953,679,7663,8479,a,,2026-07-23T12:01:23.498963Z,100,100,,,2,3.0,2,6,180,2,0,0,0,6,0,21,4,6,11,0.00,0.31,0.31,3.33,3.0,3.0
2026-08-29T03:48:53+00:00,2026-08-28,daily,3,2026-09-04T17:30:00Z,211,Yeremy,CRY,MID,55,0,0,0.2,433,123,747,2581,a,,,,,,1,1,3.0,5,6,102,1,0,1,0,3,0,15,2,4,9,0.11,0.09,0.20,2.28,3.0,3.0
2026-08-29T03:48:53+00:00,2026-08-28,daily,3,2026-09-04T17:30:00Z,212,Hughes,CRY,MID,45,0,0,10.7,1813,6921,21995,97101,a,,,,,,,4,0.0,0,0,0,0,0,0,0,0,0,0,0,0,0,0.00,0.00,0.00,0.00,0.0,0.0
2026-08-29T03:48:53+00:00,2026-08-28,daily,3,2026-09-04T17:30:00Z,213,Lerma,CRY,MID,50,0,0,0.1,16,103,220,1553,a,,,,,,,,0.0,0,0,0,0,0,0,0,0,0,0,0,0,0,0.00,0.00,0.00,0.00,0.0,0.0
2026-08-29T03:48:53+00:00,2026-08-28,daily,3,2026-09-04T17:30:00Z,214,Kamada,CRY,MID,50,0,0,0.3,313,212,2257,3306,a,,,,,,,3,2.5,2,5,180,2,0,0,0,6,0,23,4,9,10,0.05,0.29,0.34,3.33,2.5,2.5
2026-08-29T03:48:53+00:00,2026-08-28,daily,3,2026-09-04T17:30:00Z,215,Devenny,CRY,MID,50,0,0,0.0,4,13,73,189,a,,,,,3,2,,0.0,0,0,0,0,0,0,0,0,0,0,0,0,0,0.00,0.00,0.00,0.00,0.0,0.0
2026-08-29T03:48:53+00:00,2026-08-28,daily,3,2026-09-04T17:30:00Z,216,Esse,CRY,MID,50,0,0,0.0,18,45,229,635,a,,,,,,,,0.0,0,0,0,0,0,0,0,0,0,0,0,0,0,0.00,0.00,0.00,0.00,0.0,0.0
2026-08-29T03:48:53+00:00,2026-08-28,daily,3,2026-09-04T17:30:00Z,217,M.França,CRY,MID,49,-1,-1,0.0,32,82,49,796,a,,,,,,,,0.0,0,0,0,0,0,0,0,0,0,0,0,0,0,0.00,0.00,0.00,0.00,0.0,0.0
2026-08-29T03:48:53+00:00,2026-08-28,daily,3,2026-09-04T17:30:00Z,218,Doucouré,CRY,MID,50,0,0,0.1,21,87,269,1146,a,,,,,,,,0.0,0,0,0,0,0,0,0,0,0,0,0,0,0,0.00,0.00,0.00,0.00,0.0,0.0
2026-08-29T03:48:53+00:00,2026-08-28,daily,3,2026-09-04T17:30:00Z,219,J.Rak-Sakyi,CRY,MID,50,0,0,0.0,3,6,42,96,a,,,,,,,,0.0,0,0,0,0,0,0,0,0,0,0,0,0,0,0.00,0.00,0.00,0.00,0.0,0.0
2026-08-29T03:48:53+00:00,2026-08-28,daily,3,2026-09-04T17:30:00Z,220,Cardines,CRY,DEF,45,0,0,0.0,0,4,0,69,u,Has joined Bristol City on loan for the rest of the season,2026-08-12T14:08:46.501813Z,0,0,,,,0.0,0,0,0,0,0,0,0,0,0,0,0,0,0,0.00,0.00,0.00,0.00,0.0,0.0
2026-08-29T03:48:53+00:00,2026-08-28,daily,3,2026-09-04T17:30:00Z,221,Drakes-Thomas,CRY,MID,45,0,0,0.1,34,68,433,1056,a,,,,,,,,0.0,0,0,0,0,0,0,0,0,0,0,0,0,0,0.00,0.00,0.00,0.00,0.0,0.0
2026-08-29T03:48:53+00:00,2026-08-28,daily,3,2026-09-04T17:30:00Z,222,Strand Larsen,CRY,FWD,60,0,0,0.5,620,403,2130,8174,a,,,,,,,,1.5,2,3,89,1,0,0,0,3,0,4,2,1,1,0.30,0.01,0.31,2.15,1.5,1.5
2026-08-29T03:48:53+00:00,2026-08-28,daily,3,2026-09-04T17:30:00Z,223,Mateta,CRY,FWD,65,0,0,4.9,699,21959,24650,94392,i,Hamstring injury - Expected back 11 Oct,2026-08-28T21:00:08.020382Z,,0,1,,,1.0,0,2,62,1,0,0,0,2,0,5,1,2,2,0.70,0.02,0.72,0.98,1.0,0.0
2026-08-29T03:48:53+00:00,2026-08-28,daily,3,2026-09-04T17:30:00Z,224,Nketiah,CRY,FWD,55,0,0,0.5,639,348,3902,6128,a,,,,,,,,1.5,2,3,122,2,0,0,0,5,0,9,2,3,4,0.96,0.58,1.54,2.85,1.5,1.5
2026-08-29T03:48:53+00:00,2026-08-28,daily,3,2026-09-04T17:30:00Z,225,Uche,CRY,FWD,50,0,0,0.0,0,0,0,0,u,has returned to Getafe CF,2026-07-23T12:18:56.275922Z,0,0,,,,0.0,0,0,0,0,0,0,0,0,0,0,0,0,0,0.00,0.00,0.00,0.00,0.0,0.0
2026-08-29T03:48:53+00:00,2026-08-28,daily,3,2026-09-04T17:30:00Z,241,McNeil,CRY,MID,55,0,0,0.2,37,144,509,1972,a,,,,,,,,1.5,1,3,84,1,0,0,0,3,0,7,4,0,3,0.05,0.02,0.07,1.18,1.5,1.5
2026-08-29T03:48:53+00:00,2026-08-28,daily,3,2026-09-04T17:30:00Z,555,Matthews,CRY,GKP,40,0,0,1.9,871,365,6816,6600,a,,,,,,,,0.0,0,0,0,0,0,0,0,0,0,0,0,0,0,0.00,0.00,0.00,0.00,0.0,0.0
2026-08-29T03:48:53+00:00,2026-08-28,daily,3,2026-09-04T17:30:00Z,577,Tomiyasu,CRY,DEF,45,0,0,0.3,121,122,950,2789,a,,,,,,,,1.0,1,2,91,1,0,0,0,3,0,9,8,1,4,0.00,0.01,0.01,2.15,1.0,1.0
2026-08-29T03:48:53+00:00,2026-08-28,daily,3,2026-09-04T17:30:00Z,588,Khalaili,CRY,DEF,50,0,0,0.1,178,64,640,891,a,,,,,,,,1.5,2,3,109,1,0,0,0,3,0,23,9,14,8,0.02,0.16,0.18,2.28,1.5,1.5
2026-08-29T03:48:53+00:00,2026-08-28,daily,3,2026-09-04T17:30:00Z,595,Gozo,CRY,MID,50,0,0,0.0,13,10,114,183,a,,,,,,,,0.5,1,1,22,0,0,0,0,1,0,1,0,1,0,0.00,0.00,0.00,0.20,0.5,0.5
2026-08-29T03:48:53+00:00,2026-08-28,daily,3,2026-09-04T17:30:00Z,21,Nørgaard,EVE,MID,50,0,0,0.1,9,129,111,2995,i,Unspecified injury - Unknown return date,2026-08-15T20:00:06.779594Z,0,0,,,,0.0,0,0,0,0,0,0,0,0,0,0,0,0,0,0.00,0.00,0.00,0.00,0.0,0.0
2026-08-29T03:48:53+00:00,2026-08-28,daily,3,2026-09-04T17:30:00Z,209,Johnson,EVE,MID,60,0,0,0.2,58,115,790,2695,a,,,,,,,,0.5,0,1,6,0,0,0,0,0,0,2,2,0,0,0.00,0.00,0.00,0.29,0.5,0.5
2026-08-29T03:48:53+00:00,2026-08-28,daily,3,2026-09-04T17:30:00Z,226,Pickford,EVE,GKP,55,0,0,8.8,3424,1942,66963,30132,a,,,,,,,,3.5,0,7,90,1,0,0,1,0,4,0,0,0,12,0.00,0.02,0.02,1.96,3.5,3.5
2026-08-29T03:48:53+00:00,2026-08-28,daily,3,2026-09-04T17:30:00Z,227,Travers,EVE,GKP,50,0,0,0.0,18,25,308,428,a,,,,,,,,0.0,0,0,0,0,0,0,0,0,0,0,0,0,0,0.00,0.00,0.00,0.00,0.0,0.0
2026-08-29T03:48:53+00:00,2026-08-28,daily,3,2026-09-04T17:30:00Z,228,King,EVE,GKP,45,0,0,0.0,19,26,262,405,a,,,,,,,,0.0,0,0,0,0,0,0,0,0,0,0,0,0,0,0.00,0.00,0.00,0.00,0.0,0.0
2026-08-29T03:48:53+00:00,2026-08-28,daily,3,2026-09-04T17:30:00Z,229,Tarkowski,EVE,DEF,60,0,0,8.6,1764,3630,44500,40696,a,,,,,,,,3.0,0,6,90,1,0,0,1,0,0,9,8,1,4,0.05,0.00,0.05,1.96,3.0,3.0
2026-08-29T03:48:53+00:00,2026-08-28,daily,3,2026-09-04T17:30:00Z,230,Branthwaite,EVE,DEF,55,0,0,1.8,716,601,19819,9519,a,,,,,,,,3.0,0,6,90,1,0,0,1,0,0,8,6,2,2,0.00,0.01,0.01,1.96,3.0,3.0
2026-08-29T03:48:53+00:00,2026-08-28,daily,3,2026-09-04T17:30:00Z,231,Keane,EVE,DEF,50,0,0,1.4,122,719,3382,25604,a,,,,,,,,0.0,0,0,0,0,0,0,0,0,0,0,0,0,0,0.00,0.00,0.00,0.00,0.0,0.0
2026-08-29T03:48:53+00:00,2026-08-28,daily,3,2026-09-04T17:30:00Z,232,O'Brien,EVE,DEF,50,0,0,0.4,58,234,1461,7963,a,,,,,,,,0.0,0,0,0,0,0,0,0,0,0,0,0,0,0,0.00,0.00,0.00,0.00,0.0,0.0
2026-08-29T03:48:53+00:00,2026-08-28,daily,3,2026-09-04T17:30:00Z,233,Mykolenko,EVE,DEF,45,0,0,1.7,1303,539,23087,9609,a,,,,,,,,3.0,0,6,90,1,0,0,1,0,0,4,4,0,4,0.00,0.05,0.05,1.96,3.0,3.0
2026-08-29T03:48:53+00:00,2026-08-28,daily,3,2026-09-04T17:30:00Z,234,Patterson,EVE,DEF,45,0,0,0.0,13,9,220,378,a,,,,,,,,0.0,0,0,0,0,0,0,0,0,0,0,0,0,0,0.00,0.00,0.00,0.00,0.0,0.0
2026-08-29T03:48:53+00:00,2026-08-28,daily,3,2026-09-04T17:30:00Z,235,Aznou,EVE,DEF,40,0,0,0.2,69,78,1078,1766,a,,,,,,,,0.0,0,0,0,0,0,0,0,0,0,0,0,0,0,0.00,0.00,0.00,0.00,0.0,0.0
2026-08-29T03:48:53+00:00,2026-08-28,daily,3,2026-09-04T17:30:00Z,236,Dewsbury-Hall,EVE,MID,65,0,0,4.7,4399,2837,137046,29788,a,,,,,,,2,5.5,0,11,90,1,1,0,1,0,0,8,1,2,5,0.12,0.17,0.29,1.92,5.5,5.5
2026-08-29T03:48:53+00:00,2026-08-28,daily,3,2026-09-04T17:30:00Z,237,Ndiaye,EVE,MID,60,0,0,16.0,5957,11470,128645,71490,a,,,,,1,,,4.5,0,9,90,1,0,1,1,0,0,12,0,4,8,0.24,0.32,0.56,1.96,4.5,4.5
2026-08-29T03:48:53+00:00,2026-08-28,daily,3,2026-09-04T17:30:00Z,239,Garner,EVE,MID,60,0,0,0.1,165,139,1698,1788,a,,2026-07-25T14:30:10.455878Z,100,100,3,1,1,0.5,0,1,11,0,0,0,0,0,0,1,0,1,0,0.00,0.03,0.03,0.34,0.5,0.5
2026-08-29T03:48:53+00:00,2026-08-28,daily,3,2026-09-04T17:30:00Z,240,Iroegbunam,EVE,MID,50,0,0,0.0,3,24,24,372,i,Thigh injury - Unknown return date,2026-08-15T20:00:06.878792Z,0,0,,,,0.0,0,0,0,0,0,0,0,0,0,0,0,0,0,0.00,0.00,0.00,0.00,0.0,0.0
2026-08-29T03:48:53+00:00,2026-08-28,daily,3,2026-09-04T17:30:00Z,242,George,EVE,MID,55,0,0,0.3,117,150,2390,2632,a,,,,,,,,1.5,0,3,83,1,0,0,1,0,0,7,3,0,4,0.18,0.08,0.26,1.67,1.5,1.5
2026-08-29T03:48:53+00:00,2026-08-28,daily,3,2026-09-04T17:30:00Z,243,Alcaraz,EVE,MID,50,0,0,0.1,44,52,797,1190,a,,,,,,,,0.5,0,1,1,0,0,0,0,0,0,3,0,1,2,0.02,0.00,0.02,0.04,0.5,0.5
2026-08-29T03:48:53+00:00,2026-08-28,daily,3,2026-09-04T17:30:00Z,244,Armstrong,EVE,MID,50,0,0,0.3,962,165,13748,2632,a,,,,,,,,4.0,0,8,90,1,0,1,1,0,0,16,3,2,11,0.00,0.04,0.04,1.96,4.0,4.0
2026-08-29T03:48:53+00:00,2026-08-28,daily,3,2026-09-04T17:30:00Z,245,Dibling,EVE,MID,55,0,0,0.0,14,31,215,782,a,,,,,,,,0.0,0,0,0,0,0,0,0,0,0,0,0,0,0,0.00,0.00,0.00,0.00,0.0,0.0
2026-08-29T03:48:53+00:00,2026-08-28,daily,3,2026-09-04T17:30:00Z,246,Röhl,EVE,MID,50,0,0,0.1,40,32,558,668,a,,,,,,,,1.5,0,3,90,1,0,0,1,0,0,9,2,2,5,0.00,0.06,0.06,1.96,1.5,1.5
2026-08-29T03:48:53+00:00,2026-08-28,daily,3,2026-09-04T17:30:00Z,247,Hackney,EVE,MID,55,0,0,0.2,13,402,857,3604,d,Ankle injury - 50% chance of playing,2026-08-26T22:00:07.797766Z,50,50,,,,1.5,0,3,78,1,0,0,1,0,0,7,1,2,4,0.01,0.01,0.02,1.62,0.8,0.8
2026-08-29T03:48:53+00:00,2026-08-28,daily,3,2026-09-04T17:30:00Z,248,Beto,EVE,FWD,55,0,0,2.3,500,1741,8209,44552,a,,,,,4,,,0.5,0,1,11,0,0,0,0,0,0,0,0,0,0,0.05,0.00,0.05,0.34,0.5,0.5
2026-08-29T03:48:53+00:00,2026-08-28,daily,3,2026-09-04T17:30:00Z,249,Barry,EVE,FWD,55,0,0,3.6,10093,2087,160358,24515,a,,,,,2,,,4.0,0,8,78,1,1,0,1,0,0,3,0,1,2,0.45,0.09,0.54,1.62,4.0,4.0
2026-08-29T03:48:53+00:00,2026-08-28,daily,3,2026-09-04T17:30:00Z,250,Leno,FUL,GKP,45,0,0,3.0,947,672,13121,12201,a,,,,,,,,1.0,0,2,90,1,0,0,0,3,3,0,1,0,9,0.00,0.00,0.00,2.24,1.0,1.0
2026-08-29T03:48:53+00:00,2026-08-28,daily,3,2026-09-04T17:30:00Z,251,Lecomte,FUL,GKP,40,0,0,1.2,304,185,1796,4313,a,,,,,,,,0.0,0,0,0,0,0,0,0,0,0,0,0,0,0,0.00,0.00,0.00,0.00,0.0,0.0
2026-08-29T03:48:53+00:00,2026-08-28,daily,3,2026-09-04T17:30:00Z,252,McNally,FUL,GKP,40,0,0,0.2,294,45,1099,665,a,,,,,,,,0.0,0,0,0,0,0,0,0,0,0,0,0,0,0,0.00,0.00,0.00,0.00,0.0,0.0
2026-08-29T03:48:53+00:00,2026-08-28,daily,3,2026-09-04T17:30:00Z,253,Andersen,FUL,DEF,50,0,0,0.1,282,59,2596,689,a,,2026-07-23T12:01:23.516350Z,100,100,,,,0.0,0,0,0,0,0,0,0,0,0,0,0,0,0,0.00,0.00,0.00,0.00,0.0,0.0
2026-08-29T03:48:53+00:00,2026-08-28,daily,3,2026-09-04T17:30:00Z,254,Robinson,FUL,DEF,45,0,0,1.7,664,494,11845,9923,a,,,,,2,,,0.5,0,1,81,1,0,0,0,3,0,7,4,3,5,0.13,0.04,0.17,2.21,0.5,0.5
2026-08-29T03:48:53+00:00,2026-08-28,daily,3,2026-09-04T17:30:00Z,255,J.Cuenca,FUL,DEF,45,0,0,0.0,35,16,816,275,a,,,,,,,,1.5,0,3,90,1,0,0,0,3,0,10,9,1,3,0.00,0.03,0.03,2.24,1.5,1.5
2026-08-29T03:48:53+00:00,2026-08-28,daily,3,2026-09-04T17:30:00Z,256,Tete,FUL,DEF,45,0,0,0.3,16,75,354,2136,a,,,,,,,,0.0,0,0,0,0,0,0,0,0,0,0,0,0,0,0.00,0.00,0.00,0.00,0.0,0.0
2026-08-29T03:48:53+00:00,2026-08-28,daily,3,2026-09-04T17:30:00Z,257,Bassey,FUL,DEF,45,0,0,0.8,286,292,7149,6334,a,,,,,,,,0.0,0,0,90,1,0,0,0,3,0,4,3,1,4,0.02,0.02,0.04,2.24,0.0,0.0
2026-08-29T03:48:53+00:00,2026-08-28,daily,3,2026-09-04T17:30:00Z,258,Castagne,FUL,DEF,45,0,0,0.5,669,124,12765,2739,a,,,,,,,,3.0,0,6,90,1,0,2,0,3,0,6,5,1,4,0.09,0.18,0.27,2.24,3.0,3.0
2026-08-29T03:48:53+00:00,2026-08-28,daily,3,2026-09-04T17:30:00Z,261,Iwobi,FUL,MID,55,0,0,1.0,366,670,6461,10066,a,,,,,3,1,1,1.0,0,2,90,1,0,0,0,3,0,10,3,1,6,0.00,0.04,0.04,2.24,1.0,1.0
2026-08-29T03:48:53+00:00,2026-08-28,daily,3,2026-09-04T17:30:00Z,262,Smith Rowe,FUL,MID,55,0,0,0.4,90,249,1504,4997,a,,,,,,,,0.0,0,0,0,0,0,0,0,0,0,0,0,0,0,0.00,0.00,0.00,0.00,0.0,0.0
2026-08-29T03:48:53+00:00,2026-08-28,daily,3,2026-09-04T17:30:00Z,263,Kevin,FUL,MID,55,0,0,0.1,29,64,448,926,a,,,,,,,3,0.5,0,1,17,0,0,0,0,0,0,3,0,2,1,0.00,0.01,0.01,0.03,0.5,0.5
2026-08-29T03:48:53+00:00,2026-08-28,daily,3,2026-09-04T17:30:00Z,264,Bobb,FUL,MID,55,0,0,0.3,278,269,4798,3266,a,,,,,,,2,1.0,0,2,66,1,0,0,0,3,0,6,1,3,2,0.00,0.26,0.26,2.21,1.0,1.0
2026-08-29T03:48:53+00:00,2026-08-28,daily,3,2026-09-04T17:30:00Z,265,Berge,FUL,MID,50,0,0,0.4,105,205,1570,3538,a,,,,,,,,1.0,0,2,72,1,0,0,0,3,0,4,1,1,2,0.03,0.03,0.06,2.21,1.0,1.0
2026-08-29T03:48:53+00:00,2026-08-28,daily,3,2026-09-04T17:30:00Z,266,Cairney,FUL,MID,50,0,0,0.0,1,6,13,121,i,Knee injury - Expected back 10 Oct,2026-08-14T18:00:06.460944Z,0,0,,,,0.0,0,0,0,0,0,0,0,0,0,0,0,0,0,0.00,0.00,0.00,0.00,0.0,0.0
2026-08-29T03:48:53+00:00,2026-08-28,daily,3,2026-09-04T17:30:00Z,268,King,FUL,MID,55,0,0,0.6,1625,354,36308,4518,a,,,,,,,,3.5,0,7,90,1,1,0,0,3,0,8,2,2,4,0.17,0.04,0.21,2.24,3.5,3.5
2026-08-29T03:48:53+00:00,2026-08-28,daily,3,2026-09-04T17:30:00Z,269,Sessegnon,FUL,DEF,45,0,0,0.4,53,131,1012,3145,a,,,,,,,,0.5,0,1,17,0,0,0,0,0,0,1,1,0,1,0.03,0.00,0.03,0.03,0.5,0.5
2026-08-29T03:48:53+00:00,2026-08-28,daily,3,2026-09-04T17:30:00Z,270,Reed,FUL,MID,45,0,0,1.4,403,706,5985,15209,a,,,,,,,,0.0,0,0,0,0,0,0,0,0,0,0,0,0,0,0.00,0.00,0.00,0.00,0.0,0.0
2026-08-29T03:48:53+00:00,2026-08-28,daily,3,2026-09-04T17:30:00Z,271,Muniz,FUL,FWD,55,0,0,0.6,202,375,3014,7265,a,,,,,,,,0.5,0,1,8,0,0,0,0,0,0,1,1,0,0,0.02,0.00,0.02,0.03,0.5,0.5
2026-08-29T03:48:53+00:00,2026-08-28,daily,3,2026-09-04T17:30:00Z,272,Kusi-Asare,FUL,FWD,45,0,0,6.9,2589,2246,26277,46523,a,,,,,,,,0.0,0,0,0,0,0,0,0,0,0,0,0,0,0,0.00,0.00,0.00,0.00,0.0,0.0
2026-08-29T03:48:53+00:00,2026-08-28,daily,3,2026-09-04T17:30:00Z,569,Gonzalo,FUL,FWD,60,0,0,4.2,18163,1434,170381,18641,a,,,,,1,,,3.0,0,6,90,1,1,0,0,3,0,2,0,1,1,0.73,0.01,0.74,2.24,3.0,3.0
2026-08-29T03:48:53+00:00,2026-08-28,daily,3,2026-09-04T17:30:00Z,570,Palacios,FUL,MID,55,0,0,0.2,61,138,971,1922,a,,,,,,,,1.0,0,2,72,1,0,0,0,3,0,4,0,2,2,0.16,0.01,0.17,2.21,1.0,1.0
2026-08-29T03:48:53+00:00,2026-08-28,daily,3,2026-09-04T17:30:00Z,580,Charles,FUL,MID,50,0,0,0.1,21,64,380,872,a,,,,,,,,0.5,0,1,23,0,0,0,0,0,0,3,0,1,2,0.00,0.00,0.00,0.03,0.5,0.5
2026-08-29T03:48:53+00:00,2026-08-28,daily,3,2026-09-04T17:30:00Z,610,De Fougerolles,FUL,DEF,40,0,0,0.1,165,121,3216,595,d,Unspecified injury - 75% chance of playing,2026-08-28T11:30:08.336405Z,75,75,,,,0.0,0,0,0,0,0,0,0,0,0,0,0,0,0,0.00,0.00,0.00,0.00,0.0,0.0
2026-08-29T03:48:53+00:00,2026-08-28,daily,3,2026-09-04T17:30:00Z,273,Phillips,HUL,GKP,40,0,0,1.5,342,266,3457,7360,a,,,,,,,,0.0,0,0,0,0,0,0,0,0,0,0,0,0,0,0.00,0.00,0.00,0.00,0.0,0.0
2026-08-29T03:48:53+00:00,2026-08-28,daily,3,2026-09-04T17:30:00Z,274,Butland,HUL,GKP,45,0,0,0.1,9,79,133,1817,i,Arm injury - Unknown return date,2026-08-08T19:00:05.601633Z,0,0,,,,0.0,0,0,0,0,0,0,0,0,0,0,0,0,0,0.00,0.00,0.00,0.00,0.0,0.0
2026-08-29T03:48:53+00:00,2026-08-28,daily,3,2026-09-04T17:30:00Z,275,Cartwright,HUL,GKP,40,0,0,0.0,0,7,0,118,u,Has joined Grimsby Town on loan for the rest of the season,2026-07-29T13:00:27.959925Z,0,0,,,,0.0,0,0,0,0,0,0,0,0,0,0,0,0,0,0.00,0.00,0.00,0.00,0.0,0.0
2026-08-29T03:48:53+00:00,2026-08-28,daily,3,2026-09-04T17:30:00Z,276,Lo-Tutala,HUL,GKP,40,0,0,0.0,0,21,0,404,u,Has joined Colchester United on loan for the rest of the season,2026-08-17T13:50:27.125537Z,0,0,,,,0.0,0,0,0,0,0,0,0,0,0,0,0,0,0,0.00,0.00,0.00,0.00,0.0,0.0
2026-08-29T03:48:53+00:00,2026-08-28,daily,3,2026-09-04T17:30:00Z,277,Egan,HUL,DEF,40,0,0,2.0,1728,458,44665,11665,a,,,,,,,,4.0,0,8,90,1,0,0,1,0,0,21,20,1,3,0.00,0.00,0.00,1.83,4.0,4.0
2026-08-29T03:48:53+00:00,2026-08-28,daily,3,2026-09-04T17:30:00Z,278,Hughes,HUL,DEF,40,0,0,0.1,7,94,106,2414,i,Groin injury - Unknown return date,2026-08-02T09:00:11.030017Z,0,0,,,,0.0,0,0,0,0,0,0,0,0,0,0,0,0,0,0.00,0.00,0.00,0.00,0.0,0.0
2026-08-29T03:48:53+00:00,2026-08-28,daily,3,2026-09-04T17:30:00Z,279,Ajayi,HUL,DEF,40,0,0,2.1,7879,617,87285,16210,a,,2026-08-22T17:30:07.668197Z,100,100,,,,7.0,0,14,63,1,1,0,1,0,0,7,7,0,3,0.52,0.00,0.52,0.86,7.0,7.0
2026-08-29T03:48:53+00:00,2026-08-28,daily,3,2026-09-04T17:30:00Z,280,Coyle,HUL,DEF,40,0,0,0.6,240,108,2863,5189,a,,2026-08-22T17:30:07.685683Z,100,100,,,,3.0,0,6,69,1,0,0,1,0,0,2,1,1,3,0.00,0.01,0.01,1.16,3.0,3.0
2026-08-29T03:48:53+00:00,2026-08-28,daily,3,2026-09-04T17:30:00Z,281,Drameh,HUL,DEF,40,0,0,0.1,36,30,1144,443,a,,2026-08-08T19:00:05.613036Z,100,100,,,,0.5,0,1,20,0,0,0,0,0,0,3,2,1,2,0.05,0.00,0.05,0.67,0.5,0.5
2026-08-29T03:48:53+00:00,2026-08-28,daily,3,2026-09-04T17:30:00Z,282,Giles,HUL,DEF,40,0,0,0.9,371,191,13263,4382,a,,,,,,1,1,3.0,0,6,84,1,0,0,1,0,0,6,5,1,1,0.02,0.07,0.09,1.76,3.0,3.0
2026-08-29T03:48:53+00:00,2026-08-28,daily,3,2026-09-04T17:30:00Z,283,Jacob,HUL,DEF,40,0,0,0.0,8,6,65,234,i,Hip injury - Expected back 5 Sep,2026-08-02T09:00:11.038361Z,0,0,,,,0.0,0,0,0,0,0,0,0,0,0,0,0,0,0,0.00,0.00,0.00,0.00,0.0,0.0
2026-08-29T03:48:53+00:00,2026-08-28,daily,3,2026-09-04T17:30:00Z,284,McCarthy,HUL,DEF,40,0,0,0.1,25,26,700,985,a,,,,,,,,0.0,0,0,0,0,0,0,0,0,0,0,0,0,0,0.00,0.00,0.00,0.00,0.0,0.0
2026-08-29T03:48:53+00:00,2026-08-28,daily,3,2026-09-04T17:30:00Z,285,McNair,HUL,DEF,40,0,0,0.1,25,33,671,723,a,,,,,,,,0.5,0,1,26,0,0,0,0,0,0,2,2,0,1,0.00,0.00,0.00,0.96,0.5,0.5
2026-08-29T03:48:53+00:00,2026-08-28,daily,3,2026-09-04T17:30:00Z,286,Belloumi,HUL,MID,50,0,0,0.6,497,240,14387,4271,a,,,,,,2,3,1.5,0,3,90,1,0,0,1,0,0,10,3,4,3,0.05,0.03,0.08,1.83,1.5,1.5
2026-08-29T03:48:53+00:00,2026-08-28,daily,3,2026-09-04T17:30:00Z,287,Millar,HUL,MID,50,0,0,0.1,21,33,326,1020,a,,,,,,,,0.0,0,0,19,0,0,0,0,0,0,3,1,1,1,0.00,0.00,0.00,0.67,0.0,0.0
2026-08-29T03:48:53+00:00,2026-08-28,daily,3,2026-09-04T17:30:00Z,288,Dowell,HUL,MID,45,0,0,0.4,145,198,1861,4456,a,,,,,,,,0.0,0,0,0,0,0,0,0,0,0,0,0,0,0,0.00,0.00,0.00,0.00,0.0,0.0
2026-08-29T03:48:53+00:00,2026-08-28,daily,3,2026-09-04T17:30:00Z,289,Crooks,HUL,MID,45,0,0,0.7,640,371,10781,6061,a,,,,,,,,1.0,0,2,90,1,0,0,1,0,0,9,4,4,1,0.00,0.00,0.00,1.83,1.0,1.0
2026-08-29T03:48:53+00:00,2026-08-28,daily,3,2026-09-04T17:30:00Z,290,Slater,HUL,MID,45,0,0,4.0,7796,1807,100167,24181,a,,,,,,,2,3.0,0,6,90,1,0,1,1,0,0,3,0,1,2,0.00,0.44,0.44,1.83,3.0,3.0
2026-08-29T03:48:53+00:00,2026-08-28,daily,3,2026-09-04T17:30:00Z,291,Matazo,HUL,MID,45,0,0,0.0,7,6,71,102,i,Knee injury - Unknown return date,2026-07-23T12:01:23.532635Z,0,0,,,,0.0,0,0,0,0,0,0,0,0,0,0,0,0,0,0.00,0.00,0.00,0.00,0.0,0.0
2026-08-29T03:48:53+00:00,2026-08-28,daily,3,2026-09-04T17:30:00Z,292,Ömür,HUL,MID,50,0,0,0.0,10,15,219,402,a,,,,,,,,0.0,0,0,0,0,0,0,0,0,0,0,0,0,0,0.00,0.00,0.00,0.00,0.0,0.0
2026-08-29T03:48:53+00:00,2026-08-28,daily,3,2026-09-04T17:30:00Z,293,Kamara,HUL,MID,50,0,0,0.0,0,6,0,203,u,Has joined Portsmouth permanently,2026-08-12T14:08:23.542043Z,0,0,,,,0.0,0,0,0,0,0,0,0,0,0,0,0,0,0,0.00,0.00,0.00,0.00,0.0,0.0
2026-08-29T03:48:53+00:00,2026-08-28,daily,3,2026-09-04T17:30:00Z,294,Zambrano,HUL,MID,45,0,0,0.1,48,124,539,2273,i,Thigh injury - Unknown return date,2026-08-04T18:30:11.016909Z,0,0,,,,0.0,0,0,0,0,0,0,0,0,0,0,0,0,0,0.00,0.00,0.00,0.00,0.0,0.0
2026-08-29T03:48:53+00:00,2026-08-28,daily,3,2026-09-04T17:30:00Z,295,McBurnie,HUL,FWD,55,0,0,2.2,2193,1543,84834,17484,a,,,,,1,,,2.5,0,5,90,1,0,1,1,0,0,5,3,0,2,0.16,0.01,0.17,1.83,2.5,2.5
2026-08-29T03:48:53+00:00,2026-08-28,daily,3,2026-09-04T17:30:00Z,296,Akintola,HUL,MID,50,0,0,0.0,80,50,994,990,a,,,,,,,,0.0,0,0,0,0,0,0,0,0,0,0,0,0,0,0.00,0.00,0.00,0.00,0.0,0.0
2026-08-29T03:48:53+00:00,2026-08-28,daily,3,2026-09-04T17:30:00Z,297,Gyabi,HUL,MID,45,0,0,0.0,6,32,70,558,i,Thigh injury - Unknown return date,2026-08-04T18:30:11.027155Z,0,0,,,,0.0,0,0,0,0,0,0,0,0,0,0,0,0,0,0.00,0.00,0.00,0.00,0.0,0.0
2026-08-29T03:48:53+00:00,2026-08-28,daily,3,2026-09-04T17:30:00Z,298,Destan,HUL,FWD,45,0,0,0.3,0,424,0,9290,u,Has joined Konyaspor permanently,2026-08-17T13:50:27.145733Z,0,0,,,,0.0,0,0,0,0,0,0,0,0,0,0,0,0,0,0.00,0.00,0.00,0.00,0.0,0.0
2026-08-29T03:48:53+00:00,2026-08-28,daily,3,2026-09-04T17:30:00Z,299,Burstow,HUL,FWD,45,0,0,0.1,0,63,0,1273,u,Has joined Sheffield Wednesday on loan for the rest of the season,2026-08-03T14:05:20.234842Z,0,0,,,,0.0,0,0,0,0,0,0,0,0,0,0,0,0,0,0.00,0.00,0.00,0.00,0.0,0.0
2026-08-29T03:48:53+00:00,2026-08-28,daily,3,2026-09-04T17:30:00Z,340,Gelhardt,HUL,MID,50,0,0,0.0,3,11,48,299,i,Ankle injury - Expected back 5 Sep,2026-08-17T21:30:07.799839Z,0,0,,,,0.0,0,0,0,0,0,0,0,0,0,0,0,0,0,0.00,0.00,0.00,0.00,0.0,0.0
2026-08-29T03:48:53+00:00,2026-08-28,daily,3,2026-09-04T17:30:00Z,556,Targett,HUL,DEF,40,0,0,2.3,313,649,5706,16090,a,,,,,,,,0.5,0,1,5,0,0,0,0,0,0,0,0,0,1,0.00,0.00,0.00,0.07,0.5,0.5
2026-08-29T03:48:53+00:00,2026-08-28,daily,3,2026-09-04T17:30:00Z,563,Morita,HUL,MID,50,0,0,0.0,7,14,125,342,a,,2026-08-15T16:00:07.961518Z,100,100,,,,0.0,0,0,0,0,0,0,0,0,0,0,0,0,0,0.00,0.00,0.00,0.00,0.0,0.0
2026-08-29T03:48:53+00:00,2026-08-28,daily,3,2026-09-04T17:30:00Z,572,Tzolakis,HUL,GKP,45,0,0,3.1,5302,930,107272,13345,a,,,,,,,,5.0,0,10,90,1,0,0,1,0,5,0,0,0,22,0.00,0.00,0.00,1.83,5.0,5.0
2026-08-29T03:48:53+00:00,2026-08-28,daily,3,2026-09-04T17:30:00Z,574,Hjertø-Dahl,HUL,MID,50,0,0,0.1,25,42,332,1011,a,,,,,,,,0.0,0,0,0,0,0,0,0,0,0,0,0,0,0,0.00,0.00,0.00,0.00,0.0,0.0
2026-08-29T03:48:53+00:00,2026-08-28,daily,3,2026-09-04T17:30:00Z,576,Stroud,HUL,MID,50,0,0,0.1,49,40,1479,637,a,,,,,,,,1.5,0,3,70,1,0,0,1,0,0,6,1,3,2,0.00,0.03,0.03,1.16,1.5,1.5
2026-08-29T03:48:53+00:00,2026-08-28,daily,3,2026-09-04T17:30:00Z,585,Herrington,HUL,DEF,40,0,0,0.6,133,135,2904,3737,a,,,,,,,,0.5,0,1,26,0,0,0,0,0,0,4,4,0,0,0.00,0.00,0.00,0.96,0.5,0.5
2026-08-29T03:48:53+00:00,2026-08-28,daily,3,2026-09-04T17:30:00Z,586,Mendy,HUL,DEF,40,0,0,4.4,18394,1091,197974,20551,a,,2026-08-22T17:30:08.045208Z,100,100,,,,7.5,0,15,63,1,1,0,1,0,0,13,13,0,2,0.28,0.00,0.28,0.86,7.5,7.5
2026-08-29T03:48:53+00:00,2026-08-28,daily,3,2026-09-04T17:30:00Z,589,Gourna-Douath,HUL,MID,50,0,0,0.0,14,16,149,329,a,,,,,,,,0.0,0,0,0,0,0,0,0,0,0,0,0,0,0,0.00,0.00,0.00,0.00,0.0,0.0
2026-08-29T03:48:53+00:00,2026-08-28,daily,3,2026-09-04T17:30:00Z,617,Cho,HUL,MID,50,0,0,0.0,37,6,62,8,a,,,,,,,,0.0,0,0,0,0,0,0,0,0,0,0,0,0,0,0.00,0.00,0.00,0.00,1.5,1.5
2026-08-29T03:48:53+00:00,2026-08-28,daily,3,2026-09-04T17:30:00Z,259,Diop,IPS,DEF,40,0,0,16.9,2168,3859,28681,74783,a,,,,,,,,1.0,0,2,90,1,0,0,0,1,0,5,4,1,6,0.00,0.01,0.01,0.66,1.0,1.0
2026-08-29T03:48:53+00:00,2026-08-28,daily,3,2026-09-04T17:30:00Z,267,Lukić,IPS,MID,50,0,0,0.1,58,64,1236,1409,a,,,,,,,4,2.5,0,5,90,1,0,1,0,1,0,6,2,1,3,0.00,0.02,0.02,0.66,2.5,2.5
2026-08-29T03:48:53+00:00,2026-08-28,daily,3,2026-09-04T17:30:00Z,300,Walton,IPS,GKP,45,0,0,0.5,13,155,222,4727,a,,,,,,,,0.0,0,0,0,0,0,0,0,0,0,0,0,0,0,0.00,0.00,0.00,0.00,0.0,0.0
2026-08-29T03:48:53+00:00,2026-08-28,daily,3,2026-09-04T17:30:00Z,301,Palmer,IPS,GKP,40,0,0,4.5,1348,877,9034,18225,a,,,,,,,,0.0,0,0,0,0,0,0,0,0,0,0,0,0,0,0.00,0.00,0.00,0.00,0.0,0.0
2026-08-29T03:48:53+00:00,2026-08-28,daily,3,2026-09-04T17:30:00Z,302,Button,IPS,GKP,40,0,0,0.5,500,97,2459,1916,a,,,,,,,,0.0,0,0,0,0,0,0,0,0,0,0,0,0,0,0.00,0.00,0.00,0.00,0.0,0.0
2026-08-29T03:48:53+00:00,2026-08-28,daily,3,2026-09-04T17:30:00Z,303,Kipré,IPS,DEF,40,0,0,0.6,26,142,358,5089,a,,,,,,,,0.0,0,0,0,0,0,0,0,0,0,0,0,0,0,0.00,0.00,0.00,0.00,0.0,0.0
2026-08-29T03:48:53+00:00,2026-08-28,daily,3,2026-09-04T17:30:00Z,304,O'Shea,IPS,DEF,40,0,0,3.4,1970,1125,17609,15109,a,,,,,,,,2.0,0,4,90,1,0,0,0,1,0,18,16,2,6,0.00,0.16,0.16,0.66,2.0,2.0
2026-08-29T03:48:53+00:00,2026-08-28,daily,3,2026-09-04T17:30:00Z,305,Davis,IPS,DEF,40,0,0,4.8,687,1716,8009,23006,a,,,,,,2,2,1.0,0,2,90,1,0,0,0,1,0,7,7,0,4,0.00,0.01,0.01,0.66,1.0,1.0
2026-08-29T03:48:53+00:00,2026-08-28,daily,3,2026-09-04T17:30:00Z,306,Greaves,IPS,DEF,40,0,0,1.4,112,236,1748,6347,a,,,,,,,,1.0,0,2,90,1,0,0,0,1,0,7,4,3,1,0.00,0.00,0.00,0.66,1.0,1.0
2026-08-29T03:48:53+00:00,2026-08-28,daily,3,2026-09-04T17:30:00Z,307,Johnson,IPS,DEF,40,0,0,0.1,39,52,466,1074,a,,,,,,,,0.0,0,0,0,0,0,0,0,0,0,0,0,0,0,0.00,0.00,0.00,0.00,0.0,0.0
2026-08-29T03:48:53+00:00,2026-08-28,daily,3,2026-09-04T17:30:00Z,308,Furlong,IPS,DEF,40,0,0,0.6,18,180,287,4596,a,,,,,,,,0.0,0,0,0,0,0,0,0,0,0,0,0,0,0,0.00,0.00,0.00,0.00,0.0,0.0
2026-08-29T03:48:53+00:00,2026-08-28,daily,3,2026-09-04T17:30:00Z,309,Núñez,IPS,MID,50,0,0,0.1,90,52,1287,1445,a,,,,,,1,1,2.0,0,4,79,1,0,0,0,1,0,12,4,2,6,0.03,0.03,0.06,0.63,2.0,2.0
2026-08-29T03:48:53+00:00,2026-08-28,daily,3,2026-09-04T17:30:00Z,310,Matusiwa,IPS,MID,50,0,0,0.0,0,3,8,115,i,Muscular injury - Unknown return date,2026-07-29T18:00:10.305484Z,0,0,,,,0.0,0,0,0,0,0,0,0,0,0,0,0,0,0,0.00,0.00,0.00,0.00,0.0,0.0
2026-08-29T03:48:53+00:00,2026-08-28,daily,3,2026-09-04T17:30:00Z,311,Burns,IPS,MID,50,0,0,0.0,0,5,0,196,u,Has joined Leicester City permanently,2026-08-10T14:02:47.597478Z,0,0,,,,0.0,0,0,0,0,0,0,0,0,0,0,0,0,0,0.00,0.00,0.00,0.00,0.0,0.0
2026-08-29T03:48:53+00:00,2026-08-28,daily,3,2026-09-04T17:30:00Z,312,Taylor,IPS,MID,45,0,0,0.0,10,60,121,943,i,Knee injury - Unknown return date,2026-07-29T18:00:10.319370Z,0,0,,,,0.0,0,0,0,0,0,0,0,0,0,0,0,0,0,0.00,0.00,0.00,0.00,0.0,0.0
2026-08-29T03:48:53+00:00,2026-08-28,daily,3,2026-09-04T17:30:00Z,313,Clarke,IPS,MID,55,0,0,0.3,142,152,3344,2595,a,,,,,1,3,3,3.5,0,7,19,0,1,0,0,0,0,2,0,1,1,0.10,0.00,0.10,0.03,3.5,3.5
2026-08-29T03:48:53+00:00,2026-08-28,daily,3,2026-09-04T17:30:00Z,314,Ogbene,IPS,MID,50,0,0,0.0,4,11,41,254,a,,,,,,,,0.0,0,0,0,0,0,0,0,0,0,0,0,0,0,0.00,0.00,0.00,0.00,0.0,0.0
2026-08-29T03:48:53+00:00,2026-08-28,daily,3,2026-09-04T17:30:00Z,315,Fatawu,IPS,MID,55,0,0,0.2,31,155,601,2923,a,,,,,,,,1.0,0,2,65,1,0,0,0,1,0,7,1,4,2,0.00,0.41,0.41,0.63,1.0,1.0
2026-08-29T03:48:53+00:00,2026-08-28,daily,3,2026-09-04T17:30:00Z,316,Emersonn,IPS,FWD,55,0,0,1.9,3136,1577,79943,18387,a,,,,,2,,,4.5,0,9,65,1,1,0,0,1,0,3,1,1,1,0.82,0.06,0.88,0.63,4.5,4.5
2026-08-29T03:48:53+00:00,2026-08-28,daily,3,2026-09-04T17:30:00Z,317,Hirst,IPS,FWD,50,0,0,0.2,0,315,0,9010,u,Has joined Stoke City permanently,2026-08-21T13:06:08.606019Z,0,0,,,,0.0,0,0,0,0,0,0,0,0,0,0,0,0,0,0.00,0.00,0.00,0.00,0.0,0.0
2026-08-29T03:48:53+00:00,2026-08-28,daily,3,2026-09-04T17:30:00Z,318,Philogene,IPS,MID,55,0,0,0.1,0,278,106,4206,i,Ankle injury - Unknown return date,2026-08-25T11:30:07.532993Z,0,0,3,,5,0.0,0,0,0,0,0,0,0,0,0,0,0,0,0,0.00,0.00,0.00,0.00,0.0,0.0
2026-08-29T03:48:53+00:00,2026-08-28,daily,3,2026-09-04T17:30:00Z,319,Szmodics,IPS,MID,50,0,0,0.0,0,20,0,429,u,Has joined Derby County on loan for the rest of the season,2026-08-17T13:51:41.713979Z,0,0,,,,0.0,0,0,0,0,0,0,0,0,0,0,0,0,0,0.00,0.00,0.00,0.00,0.0,0.0
2026-08-29T03:48:53+00:00,2026-08-28,daily,3,2026-09-04T17:30:00Z,320,Akpom,IPS,FWD,50,0,0,0.5,425,328,5050,6578,a,,,,,,,,0.5,0,1,24,0,0,0,0,0,0,3,0,1,2,0.00,0.00,0.00,0.03,0.5,0.5
2026-08-29T03:48:53+00:00,2026-08-28,daily,3,2026-09-04T17:30:00Z,321,Walle Egeli,IPS,FWD,45,0,0,2.5,5328,1422,46040,24863,a,,,,,,,,0.5,0,1,10,0,0,0,0,0,0,0,0,0,0,0.00,0.00,0.00,0.03,0.5,0.5
2026-08-29T03:48:53+00:00,2026-08-28,daily,3,2026-09-04T17:30:00Z,322,Al-Hamadi,IPS,FWD,50,0,0,0.1,0,406,755,3408,u,Has joined Sheffield Wednesday on loan for the rest of the season,2026-08-27T14:54:10.215357Z,0,0,,,,0.0,0,0,0,0,0,0,0,0,0,0,0,0,0,0.00,0.00,0.00,0.00,0.0,0.0
2026-08-29T03:48:53+00:00,2026-08-28,daily,3,2026-09-04T17:30:00Z,323,McAteer,IPS,MID,45,0,0,1.3,432,638,6047,12203,a,,,,,,,,0.5,0,1,24,0,0,0,0,0,0,3,0,1,2,0.00,0.00,0.00,0.03,0.5,0.5
2026-08-29T03:48:53+00:00,2026-08-28,daily,3,2026-09-04T17:30:00Z,324,Mehmeti,IPS,MID,50,0,0,0.0,3,36,50,722,a,,,,,,,,0.0,0,0,0,0,0,0,0,0,0,0,0,0,0,0.00,0.00,0.00,0.00,0.0,0.0
2026-08-29T03:48:53+00:00,2026-08-28,daily,3,2026-09-04T17:30:00Z,554,Van Oevelen,IPS,GKP,45,0,0,0.0,0,68,54,705,u,Has joined Valencia on loan for the rest of the season,2026-08-25T14:04:09.529320Z,0,0,,,,0.0,0,0,0,0,0,0,0,0,0,0,0,0,0,0.00,0.00,0.00,0.00,0.0,0.0
2026-08-29T03:48:53+00:00,2026-08-28,daily,3,2026-09-04T17:30:00Z,562,Maeda,IPS,MID,55,0,0,0.4,24,231,764,4273,a,,,,,,,,1.0,0,2,79,1,0,0,0,1,0,9,3,4,2,0.61,0.00,0.61,0.63,1.0,1.0
2026-08-29T03:48:53+00:00,2026-08-28,daily,3,2026-09-04T17:30:00Z,564,Scherpen,IPS,GKP,45,0,0,0.6,58,342,1387,3918,a,,,,,,,,1.0,0,2,90,1,0,0,0,1,2,0,1,0,10,0.00,0.00,0.00,0.66,1.0,1.0
2026-08-29T03:48:53+00:00,2026-08-28,daily,3,2026-09-04T17:30:00Z,571,Florentino,IPS,MID,50,0,0,0.1,2,125,216,2332,d,Calf injury - 75% chance of playing,2026-08-25T11:30:07.678802Z,75,75,,,,0.0,0,0,0,0,0,0,0,0,0,0,0,0,0,0.00,0.00,0.00,0.00,0.0,0.0
2026-08-29T03:48:53+00:00,2026-08-28,daily,3,2026-09-04T17:30:00Z,591,Enciso,IPS,MID,55,0,0,0.5,764,261,18433,4715,a,,2026-08-22T18:00:07.551930Z,100,100,,,,2.5,0,5,70,1,0,1,0,1,0,8,2,1,5,0.23,0.31,0.54,0.63,2.5,2.5
2026-08-29T03:48:53+00:00,2026-08-28,daily,3,2026-09-04T17:30:00Z,592,Ouattara,IPS,DEF,40,0,0,1.0,155,221,2924,6087,a,,,,,,,,0.5,0,1,10,0,0,0,0,0,0,2,2,0,0,0.00,0.00,0.00,0.03,0.5,0.5
2026-08-29T03:48:53+00:00,2026-08-28,daily,3,2026-09-04T17:30:00Z,602,Humphreys,IPS,MID,45,0,0,0.0,114,45,1389,378,a,,,,,,,,0.0,0,0,0,0,0,0,0,0,0,0,0,0,0,0.00,0.00,0.00,0.00,0.0,0.0
2026-08-29T03:48:53+00:00,2026-08-28,daily,3,2026-09-04T17:30:00Z,619,Palacios,IPS,MID,50,0,0,0.0,159,8,248,13,a,,,,,,,,0.0,0,0,0,0,0,0,0,0,0,0,0,0,0,0.00,0.00,0.00,0.00,1.5,1.5
2026-08-29T03:48:53+00:00,2026-08-28,daily,3,2026-09-04T17:30:00Z,260,Wilson,LEE,MID,65,0,0,5.6,514,5126,15443,62894,a,,,,,,,2,1.5,0,3,65,1,0,0,1,0,0,2,0,2,0,0.00,0.02,0.02,0.53,1.5,1.5
2026-08-29T03:48:53+00:00,2026-08-28,daily,3,2026-09-04T17:30:00Z,326,Perri,LEE,GKP,45,0,0,0.5,20,177,348,5536,a,,,,,,,,0.0,0,0,0,0,0,0,0,0,0,0,0,0,0,0.00,0.00,0.00,0.00,0.0,0.0
2026-08-29T03:48:53+00:00,2026-08-28,daily,3,2026-09-04T17:30:00Z,327,Bijol,LEE,DEF,50,0,0,1.0,1495,424,46714,8608,a,,,,,,,,5.0,0,10,90,1,0,0,1,0,0,12,11,1,5,0.11,0.00,0.11,0.66,5.0,5.0
2026-08-29T03:48:53+00:00,2026-08-28,daily,3,2026-09-04T17:30:00Z,329,Rodon,LEE,DEF,45,0,0,3.6,1515,1091,23115,13665,a,,,,,,,,3.0,0,6,90,1,0,0,1,0,0,7,6,1,1,0.03,0.06,0.09,0.66,3.0,3.0
2026-08-29T03:48:53+00:00,2026-08-28,daily,3,2026-09-04T17:30:00Z,330,Bogle,LEE,DEF,45,0,0,0.5,201,137,6126,3261,a,,,,,,,,3.0,0,6,90,1,0,0,1,0,0,3,2,1,3,0.00,0.00,0.00,0.66,3.0,3.0
2026-08-29T03:48:53+00:00,2026-08-28,daily,3,2026-09-04T17:30:00Z,331,Gudmundsson,LEE,DEF,45,0,0,0.0,3,23,69,1015,d,Hamstring injury - 75% chance of playing,2026-08-08T20:00:07.546568Z,75,75,,,,0.0,0,0,0,0,0,0,0,0,0,0,0,0,0,0.00,0.00,0.00,0.00,0.0,0.0
2026-08-29T03:48:53+00:00,2026-08-28,daily,3,2026-09-04T17:30:00Z,332,Justin,LEE,DEF,45,0,0,1.3,2743,480,46277,9871,a,,,,,,,,5.0,0,10,90,1,0,0,1,0,0,12,6,6,4,0.00,0.01,0.01,0.66,5.0,5.0
2026-08-29T03:48:53+00:00,2026-08-28,daily,3,2026-09-04T17:30:00Z,333,Bornauw,LEE,DEF,45,0,0,0.0,0,0,0,170,u,Has joined Hamburg SV on loan for the rest of the season,2026-08-19T13:56:14.645970Z,0,0,,,,0.0,0,0,0,0,0,0,0,0,0,0,0,0,0,0.00,0.00,0.00,0.00,0.0,0.0
2026-08-29T03:48:53+00:00,2026-08-28,daily,3,2026-09-04T17:30:00Z,334,Muharemović,LEE,DEF,50,0,0,3.4,1513,1602,23052,13444,a,,,,,,,,3.0,0,6,90,1,0,0,1,0,0,7,7,0,1,0.09,0.00,0.09,0.66,3.0,3.0
2026-08-29T03:48:53+00:00,2026-08-28,daily,3,2026-09-04T17:30:00Z,335,Stach,LEE,MID,60,0,0,2.7,5058,1614,86402,15293,a,,,,,,1,1,6.5,0,13,90,1,1,0,1,0,0,16,8,3,5,0.10,0.05,0.15,0.66,6.5,6.5
2026-08-29T03:48:53+00:00,2026-08-28,daily,3,2026-09-04T17:30:00Z,336,Okafor,LEE,MID,60,0,0,0.4,57,494,1412,9662,a,,,,,,,,0.5,0,1,24,0,0,0,0,0,0,5,1,2,2,0.00,0.16,0.16,0.13,0.5,0.5
2026-08-29T03:48:53+00:00,2026-08-28,daily,3,2026-09-04T17:30:00Z,337,Aaronson,LEE,MID,55,0,0,0.9,165,528,2758,8961,a,,,,,,3,,1.5,0,3,81,1,0,0,1,0,0,7,0,1,6,0.01,0.01,0.02,0.58,1.5,1.5
2026-08-29T03:48:53+00:00,2026-08-28,daily,3,2026-09-04T17:30:00Z,338,Ampadu,LEE,MID,55,0,0,1.3,233,638,4824,10079,a,,,,,,,,2.5,0,5,90,1,0,0,1,0,0,13,6,2,5,0.00,0.04,0.04,0.66,2.5,2.5
2026-08-29T03:48:53+00:00,2026-08-28,daily,3,2026-09-04T17:30:00Z,339,Longstaff,LEE,MID,50,0,0,0.1,42,84,617,1715,a,,,,,,2,3,0.5,0,1,8,0,0,0,0,0,0,0,0,0,0,0.00,0.00,0.00,0.07,0.5,0.5
2026-08-29T03:48:53+00:00,2026-08-28,daily,3,2026-09-04T17:30:00Z,341,Gnonto,LEE,MID,50,0,0,0.0,3,19,21,715,d,Hamstring injury - 75% chance of playing,2026-08-17T20:30:08.092366Z,75,75,,,,0.0,0,0,0,0,0,0,0,0,0,0,0,0,0,0.00,0.00,0.00,0.00,0.0,0.0
2026-08-29T03:48:53+00:00,2026-08-28,daily,3,2026-09-04T17:30:00Z,342,Harrison,LEE,MID,50,0,0,0.0,0,2,0,38,u,Has joined New England Revolution permanently,2026-07-28T12:59:09.492431Z,0,0,,,,0.0,0,0,0,0,0,0,0,0,0,0,0,0,0,0.00,0.00,0.00,0.00,0.0,0.0
2026-08-29T03:48:53+00:00,2026-08-28,daily,3,2026-09-04T17:30:00Z,343,James,LEE,MID,50,0,0,0.1,104,85,967,1821,a,,,,,,,,0.0,0,0,0,0,0,0,0,0,0,0,0,0,0,0.00,0.00,0.00,0.00,0.0,0.0
2026-08-29T03:48:53+00:00,2026-08-28,daily,3,2026-09-04T17:30:00Z,344,Gruev,LEE,MID,50,0,0,0.0,2,5,11,134,i,Knee injury - Unknown return date,2026-08-14T23:00:06.272027Z,0,0,,,,0.0,0,0,0,0,0,0,0,0,0,0,0,0,0,0.00,0.00,0.00,0.00,0.0,0.0
2026-08-29T03:48:53+00:00,2026-08-28,daily,3,2026-09-04T17:30:00Z,345,Tanaka,LEE,MID,50,0,0,0.2,77,221,976,4454,a,,,,,,,4,0.0,0,0,0,0,0,0,0,0,0,0,0,0,0,0.00,0.00,0.00,0.00,0.0,0.0
2026-08-29T03:48:53+00:00,2026-08-28,daily,3,2026-09-04T17:30:00Z,346,Calvert-Lewin,LEE,FWD,60,0,0,28.3,5145,19670,89459,208606,a,,,,,1,,,0.5,0,1,90,1,0,0,1,0,0,2,0,0,2,0.13,0.00,0.13,0.66,0.5,0.5
2026-08-29T03:48:53+00:00,2026-08-28,daily,3,2026-09-04T17:30:00Z,347,Nmecha,LEE,FWD,55,0,0,0.5,159,403,2076,9947,a,,,,,2,,,0.0,0,0,0,0,0,0,0,0,0,0,0,0,0,0.00,0.00,0.00,0.00,0.0,0.0
2026-08-29T03:48:53+00:00,2026-08-28,daily,3,2026-09-04T17:30:00Z,348,Piroe,LEE,FWD,50,0,0,0.1,0,237,0,5588,u,Has joined West Ham United on loan for the rest of the season,2026-08-19T13:56:14.666726Z,0,0,3,,,0.0,0,0,0,0,0,0,0,0,0,0,0,0,0,0.00,0.00,0.00,0.00,0.0,0.0
2026-08-29T03:48:53+00:00,2026-08-28,daily,3,2026-09-04T17:30:00Z,349,Mateo Joseph,LEE,FWD,45,0,0,0.1,66,54,391,1105,i,Knee injury - Unknown return date,2026-07-29T18:00:10.338170Z,0,0,,,,0.0,0,0,0,0,0,0,0,0,0,0,0,0,0,0.00,0.00,0.00,0.00,0.0,0.0
2026-08-29T03:48:53+00:00,2026-08-28,daily,3,2026-09-04T17:30:00Z,385,Trafford,LEE,GKP,50,0,0,4.5,4083,1150,67877,16254,a,,,,,,,,4.5,0,9,90,1,0,0,1,0,3,0,0,0,9,0.00,0.00,0.00,0.66,4.5,4.5
2026-08-29T03:48:53+00:00,2026-08-28,daily,3,2026-09-04T17:30:00Z,598,Elvedi,LEE,DEF,45,0,0,0.0,17,11,371,290,a,,,,,,,,0.0,0,0,0,0,0,0,0,0,0,0,0,0,0,0.00,0.00,0.00,0.00,0.0,0.0
2026-08-29T03:48:53+00:00,2026-08-28,daily,3,2026-09-04T17:30:00Z,603,Lienou,LEE,DEF,40,0,0,0.1,80,41,1568,360,a,,,,,,,,0.0,0,0,0,0,0,0,0,0,0,0,0,0,0,0.00,0.00,0.00,0.00,0.0,0.0
2026-08-29T03:48:53+00:00,2026-08-28,daily,3,2026-09-04T17:30:00Z,604,Cresswell,LEE,MID,45,0,0,0.1,251,83,3280,793,a,,,,,,,,0.0,0,0,0,0,0,0,0,0,0,0,0,0,0,0.00,0.00,0.00,0.00,0.0,0.0
2026-08-29T03:48:53+00:00,2026-08-28,daily,3,2026-09-04T17:30:00Z,350,A.Becker,LIV,GKP,55,0,0,3.8,2314,1108,27621,22331,a,,,,,,,,1.0,0,2,90,1,0,0,0,2,3,0,2,0,6,0.00,0.00,0.00,1.58,1.0,1.0
2026-08-29T03:48:53+00:00,2026-08-28,daily,3,2026-09-04T17:30:00Z,351,Mamardashvili,LIV,GKP,50,0,0,0.2,60,116,718,2154,a,,,,,,,,0.0,0,0,0,0,0,0,0,0,0,0,0,0,0,0.00,0.00,0.00,0.00,0.0,0.0
2026-08-29T03:48:53+00:00,2026-08-28,daily,3,2026-09-04T17:30:00Z,352,Woodman,LIV,GKP,40,0,0,1.1,401,289,3664,5812,a,,,,,,,,0.0,0,0,0,0,0,0,0,0,0,0,0,0,0,0.00,0.00,0.00,0.00,0.0,0.0
2026-08-29T03:48:53+00:00,2026-08-28,daily,3,2026-09-04T17:30:00Z,353,Pecsi,LIV,GKP,40,0,0,0.0,0,15,0,463,u,Has joined TSV Hartberg on loan for the rest of the season,2026-08-18T14:11:18.638344Z,0,0,,,,0.0,0,0,0,0,0,0,0,0,0,0,0,0,0,0.00,0.00,0.00,0.00,0.0,0.0
2026-08-29T03:48:53+00:00,2026-08-28,daily,3,2026-09-04T17:30:00Z,354,Jaros,LIV,GKP,40,0,0,0.0,30,11,193,190,i,Knee injury - Unknown return date,2026-07-29T18:00:10.351066Z,0,0,,,,0.0,0,0,0,0,0,0,0,0,0,0,0,0,0,0.00,0.00,0.00,0.00,0.0,0.0
2026-08-29T03:48:53+00:00,2026-08-28,daily,3,2026-09-04T17:30:00Z,355,Davies,LIV,GKP,40,0,0,0.1,86,51,730,764,a,,,,,,,,0.0,0,0,0,0,0,0,0,0,0,0,0,0,0,0.00,0.00,0.00,0.00,0.0,0.0
2026-08-29T03:48:53+00:00,2026-08-28,daily,3,2026-09-04T17:30:00Z,356,Virgil,LIV,DEF,65,0,0,19.6,5206,5966,79820,85086,a,,,,,,,,1.0,0,2,90,1,0,0,0,2,0,11,9,2,6,0.25,0.01,0.26,1.58,1.0,1.0
2026-08-29T03:48:53+00:00,2026-08-28,daily,3,2026-09-04T17:30:00Z,357,Frimpong,LIV,DEF,55,0,0,3.4,1345,2269,25865,35838,a,,,,,,,,0.0,0,0,90,1,0,0,0,2,0,2,1,1,3,0.01,0.09,0.10,1.58,0.0,0.0
2026-08-29T03:48:53+00:00,2026-08-28,daily,3,2026-09-04T17:30:00Z,358,Kerkez,LIV,DEF,55,0,0,3.5,877,1723,16522,36110,a,,,,,,,,0.0,0,0,90,1,0,0,0,2,0,7,4,3,3,0.02,0.02,0.04,1.58,0.0,0.0
2026-08-29T03:48:53+00:00,2026-08-28,daily,3,2026-09-04T17:30:00Z,359,Gomez,LIV,DEF,50,0,0,0.0,10,22,89,431,i,Muscular injury - Unknown return date,2026-07-26T08:30:10.078473Z,0,0,,,,0.0,0,0,0,0,0,0,0,0,0,0,0,0,0,0.00,0.00,0.00,0.00,0.0,0.0
2026-08-29T03:48:53+00:00,2026-08-28,daily,3,2026-09-04T17:30:00Z,360,Bradley,LIV,DEF,50,0,0,0.0,11,8,90,227,i,Knee injury - Unknown return date,2026-07-23T12:01:23.565711Z,0,0,,,,0.0,0,0,0,0,0,0,0,0,0,0,0,0,0,0.00,0.00,0.00,0.00,0.0,0.0
2026-08-29T03:48:53+00:00,2026-08-28,daily,3,2026-09-04T17:30:00Z,361,Lucky,LIV,DEF,40,0,0,0.1,86,41,694,1178,a,,,,,,,,0.0,0,0,0,0,0,0,0,0,0,0,0,0,0,0.00,0.00,0.00,0.00,0.0,0.0
2026-08-29T03:48:53+00:00,2026-08-28,daily,3,2026-09-04T17:30:00Z,362,Jacquet,LIV,DEF,50,0,0,2.4,1754,1115,24466,19271,a,,2026-07-23T12:01:23.581126Z,100,100,,,,0.5,0,1,69,1,0,0,0,2,0,3,2,1,3,0.00,0.02,0.02,1.04,0.5,0.5
2026-08-29T03:48:53+00:00,2026-08-28,daily,3,2026-09-04T17:30:00Z,363,Leoni,LIV,DEF,40,0,0,0.0,19,35,201,554,i,Knee injury - Unknown return date,2026-07-23T12:01:23.596909Z,0,0,,,,0.0,0,0,0,0,0,0,0,0,0,0,0,0,0,0.00,0.00,0.00,0.00,0.0,0.0
2026-08-29T03:48:53+00:00,2026-08-28,daily,3,2026-09-04T17:30:00Z,364,Tsimikas,LIV,DEF,50,0,0,0.1,22,40,361,1022,a,,,,,,,,0.0,0,0,0,0,0,0,0,0,0,0,0,0,0,0.00,0.00,0.00,0.00,0.0,0.0
2026-08-29T03:48:53+00:00,2026-08-28,daily,3,2026-09-04T17:30:00Z,365,Ramsay,LIV,DEF,40,0,0,0.2,0,635,638,4387,u,Has joined St Mirren on loan for the rest of the season,2026-08-26T14:05:26.748768Z,0,0,,,,0.0,0,0,0,0,0,0,0,0,0,0,0,0,0,0.00,0.00,0.00,0.00,0.0,0.0
2026-08-29T03:48:53+00:00,2026-08-28,daily,3,2026-09-04T17:30:00Z,366,Wirtz,LIV,MID,75,0,0,11.1,1264,15924,26187,139186,a,,,,,4,2,3,1.0,0,2,62,1,0,0,0,2,0,5,0,1,4,0.26,0.04,0.30,0.51,1.0,1.0
2026-08-29T03:48:53+00:00,2026-08-28,daily,3,2026-09-04T17:30:00Z,367,Gakpo,LIV,MID,70,0,0,6.6,7880,3957,213584,31708,a,,,,,3,,2,6.0,0,12,90,1,1,0,0,2,0,12,4,3,5,0.30,0.15,0.45,1.58,6.0,6.0
2026-08-29T03:48:53+00:00,2026-08-28,daily,3,2026-09-04T17:30:00Z,368,Szoboszlai,LIV,MID,70,0,0,43.4,16096,11466,261099,78871,a,,,,,1,1,1,4.0,0,8,90,1,1,0,0,2,0,7,2,1,4,0.85,0.27,1.12,1.58,4.0,4.0
2026-08-29T03:48:53+00:00,2026-08-28,daily,3,2026-09-04T17:30:00Z,369,Ngumoha,LIV,MID,60,0,0,1.1,303,1061,5850,15938,a,,,,,,,,1.0,0,2,62,1,0,0,0,2,0,3,0,1,2,0.04,0.02,0.06,0.51,1.0,1.0
2026-08-29T03:48:53+00:00,2026-08-28,daily,3,2026-09-04T17:30:00Z,370,Chiesa,LIV,MID,55,0,0,0.1,5,550,590,4100,i,Back injury - Unknown return date,2026-08-27T13:30:07.598926Z,0,0,,,,0.0,0,0,0,0,0,0,0,0,0,0,0,0,0,0.00,0.00,0.00,0.00,0.0,0.0
2026-08-29T03:48:53+00:00,2026-08-28,daily,3,2026-09-04T17:30:00Z,371,Gravenberch,LIV,MID,60,0,0,2.0,1062,1190,16067,16373,a,,,,,,,,2.5,0,5,77,1,0,1,0,2,0,11,2,1,8,0.06,0.05,0.11,1.10,2.5,2.5
2026-08-29T03:48:53+00:00,2026-08-28,daily,3,2026-09-04T17:30:00Z,372,Mac Allister,LIV,MID,55,0,0,1.6,707,1168,7274,22676,a,,,,,5,,,0.5,0,1,27,0,0,0,0,0,0,3,0,2,1,0.00,0.01,0.01,1.07,0.5,0.5
2026-08-29T03:48:53+00:00,2026-08-28,daily,3,2026-09-04T17:30:00Z,373,C.Jones,LIV,MID,55,0,0,0.0,1,46,34,1174,u,Has joined Internazionale permanently,2026-08-16T18:30:07.426408Z,75,0,,,,0.0,0,0,0,0,0,0,0,0,0,0,0,0,0,0.00,0.00,0.00,0.00,0.0,0.0
2026-08-29T03:48:53+00:00,2026-08-28,daily,3,2026-09-04T17:30:00Z,374,Endo,LIV,MID,50,0,0,0.1,69,64,554,1049,a,,2026-07-23T12:01:23.612529Z,100,100,,,,0.0,0,0,0,0,0,0,0,0,0,0,0,0,0,0.00,0.00,0.00,0.00,0.0,0.0
2026-08-29T03:48:53+00:00,2026-08-28,daily,3,2026-09-04T17:30:00Z,375,Nyoni,LIV,MID,50,0,0,0.0,13,36,152,709,a,,,,,,,,0.0,0,0,0,0,0,0,0,0,0,0,0,0,0,0.00,0.00,0.00,0.00,0.0,0.0
2026-08-29T03:48:53+00:00,2026-08-28,daily,3,2026-09-04T17:30:00Z,376,Bajcetic,LIV,MID,50,0,0,0.0,0,2,8,31,i,Hamstring injury - Unknown return date,2026-07-23T12:01:23.628373Z,0,0,,,,0.0,0,0,0,0,0,0,0,0,0,0,0,0,0,0.00,0.00,0.00,0.00,0.0,0.0
2026-08-29T03:48:53+00:00,2026-08-28,daily,3,2026-09-04T17:30:00Z,377,Munoz,LIV,MID,65,0,0,0.6,264,495,6750,6408,a,,,,,,,,2.0,0,4,27,0,0,1,0,0,0,0,0,0,0,0.10,0.04,0.14,1.07,2.0,2.0
2026-08-29T03:48:53+00:00,2026-08-28,daily,3,2026-09-04T17:30:00Z,378,McConnell,LIV,MID,45,0,0,0.3,77,155,960,3055,a,,,,,,,,0.0,0,0,0,0,0,0,0,0,0,0,0,0,0,0.00,0.00,0.00,0.00,0.0,0.0
2026-08-29T03:48:53+00:00,2026-08-28,daily,3,2026-09-04T17:30:00Z,379,Isak,LIV,FWD,90,0,0,16.2,3194,16732,76230,117865,a,,,,,2,,,1.0,0,2,90,1,0,0,0,2,0,1,1,0,0,1.09,0.01,1.10,1.58,1.0,1.0
2026-08-29T03:48:53+00:00,2026-08-28,daily,3,2026-09-04T17:30:00Z,380,Ekitiké,LIV,FWD,75,0,0,0.1,58,281,767,4088,i,Achilles injury - Unknown return date,2026-07-23T12:01:23.643771Z,0,0,,,,0.0,0,0,0,0,0,0,0,0,0,0,0,0,0,0.00,0.00,0.00,0.00,0.0,0.0
2026-08-29T03:48:53+00:00,2026-08-28,daily,3,2026-09-04T17:30:00Z,381,Koumas,LIV,MID,50,0,0,0.0,13,21,169,231,a,,,,,,,,0.5,0,1,12,0,0,0,0,0,0,1,0,0,1,0.03,0.00,0.03,0.48,0.5,0.5
2026-08-29T03:48:53+00:00,2026-08-28,daily,3,2026-09-04T17:30:00Z,382,Danns,LIV,FWD,45,0,0,0.0,40,44,349,606,i,Unspecified injury - Unknown return date,2026-07-23T12:01:23.659279Z,0,0,,,,0.0,0,0,0,0,0,0,0,0,0,0,0,0,0,0.00,0.00,0.00,0.00,0.0,0.0
2026-08-29T03:48:53+00:00,2026-08-28,daily,3,2026-09-04T17:30:00Z,383,Elliott,LIV,MID,55,0,0,0.1,71,79,451,1295,a,,,,,,,,0.0,0,0,0,0,0,0,0,0,0,0,0,0,0,0.00,0.00,0.00,0.00,0.0,0.0
2026-08-29T03:48:53+00:00,2026-08-28,daily,3,2026-09-04T17:30:00Z,579,Araujo,LIV,DEF,55,0,0,2.7,1361,1967,25268,35741,a,,,,,,,,0.5,0,1,20,0,0,0,0,0,0,4,3,1,1,0.00,0.03,0.03,0.54,0.5,0.5
2026-08-29T03:48:53+00:00,2026-08-28,daily,3,2026-09-04T17:30:00Z,238,Grealish,MCI,MID,65,0,0,0.2,85,469,1287,2872,a,,2026-07-29T10:00:10.492904Z,100,100,,,,0.5,0,1,8,0,0,0,0,0,0,1,0,1,0,0.00,0.00,0.00,0.00,0.5,0.5
2026-08-29T03:48:53+00:00,2026-08-28,daily,3,2026-09-04T17:30:00Z,384,Donnarumma,MCI,GKP,55,0,0,8.3,1945,9510,35953,54462,a,,,,,,,,1.5,0,3,180,2,0,0,0,2,4,0,1,0,12,0.00,0.00,0.00,1.31,1.5,1.5
2026-08-29T03:48:53+00:00,2026-08-28,daily,3,2026-09-04T17:30:00Z,386,Bettinelli,MCI,GKP,45,0,0,0.0,11,24,146,260,a,,,,,,,,0.0,0,0,0,0,0,0,0,0,0,0,0,0,0,0.00,0.00,0.00,0.00,0.0,0.0
2026-08-29T03:48:53+00:00,2026-08-28,daily,3,2026-09-04T17:30:00Z,387,O'Reilly,MCI,DEF,65,0,0,20.7,5427,20217,74211,127547,a,,,,,,,,2.0,2,4,150,2,0,0,0,2,0,3,1,2,7,0.09,0.43,0.52,1.21,2.0,2.0
2026-08-29T03:48:53+00:00,2026-08-28,daily,3,2026-09-04T17:30:00Z,388,Guéhi,MCI,DEF,60,0,0,19.6,8593,10340,191338,52098,a,,,,,,,,6.0,2,12,180,2,1,0,0,2,0,9,6,3,8,0.89,0.36,1.25,1.31,6.0,6.0
2026-08-29T03:48:53+00:00,2026-08-28,daily,3,2026-09-04T17:30:00Z,389,Matheus N.,MCI,DEF,60,0,0,1.4,8,3433,3039,20926,d,Unspecified injury - 75% chance of playing,2026-08-27T11:30:08.171622Z,75,75,4,,,0.5,0,1,33,0,0,0,0,0,0,1,1,0,2,0.00,0.04,0.04,0.10,0.4,0.4
2026-08-29T03:48:53+00:00,2026-08-28,daily,3,2026-09-04T17:30:00Z,390,Rúben,MCI,DEF,55,0,0,1.8,667,1683,10525,14240,a,,,,,,,,2.0,2,4,180,2,0,0,0,2,0,12,11,1,14,0.09,0.71,0.80,1.31,2.0,2.0
2026-08-29T03:48:53+00:00,2026-08-28,daily,3,2026-09-04T17:30:00Z,391,Gvardiol,MCI,DEF,55,0,0,14.4,51748,3276,280166,38633,a,,,,,,,,7.0,5,14,164,2,1,1,0,2,0,9,6,3,5,0.19,0.09,0.28,1.31,7.0,7.0
2026-08-29T03:48:53+00:00,2026-08-28,daily,3,2026-09-04T17:30:00Z,392,Aït-Nouri,MCI,DEF,54,-1,-1,0.8,126,2900,2742,19679,a,,,,,,,,0.0,0,0,0,0,0,0,0,0,0,0,0,0,0,0.00,0.00,0.00,0.00,0.0,0.0
2026-08-29T03:48:53+00:00,2026-08-28,daily,3,2026-09-04T17:30:00Z,393,Khusanov,MCI,DEF,55,0,0,1.7,367,1686,6453,16223,a,,,,,,,,2.0,2,4,178,2,0,0,0,2,0,11,5,6,9,0.00,0.04,0.04,1.31,2.0,2.0
2026-08-29T03:48:53+00:00,2026-08-28,daily,3,2026-09-04T17:30:00Z,394,Alleyne,MCI,DEF,50,0,0,0.0,0,8,0,365,u,Has joined Burnley on loan for the rest of the season,2026-08-18T14:11:56.324656Z,0,0,,,,0.0,0,0,0,0,0,0,0,0,0,0,0,0,0,0.00,0.00,0.00,0.00,0.0,0.0
2026-08-29T03:48:53+00:00,2026-08-28,daily,3,2026-09-04T17:30:00Z,395,Lewis,MCI,DEF,45,0,0,0.2,109,529,3729,3052,a,,,,,,,,0.5,0,1,56,1,0,0,0,1,0,2,2,0,0,0.17,0.02,0.19,0.55,0.5,0.5
2026-08-29T03:48:53+00:00,2026-08-28,daily,3,2026-09-04T17:30:00Z,396,Vitor Reis,MCI,DEF,45,0,0,0.0,7,25,109,265,a,,,,,,,,0.5,1,1,1,0,0,0,0,0,0,0,0,0,0,0.00,0.00,0.00,0.00,0.5,0.5
2026-08-29T03:48:53+00:00,2026-08-28,daily,3,2026-09-04T17:30:00Z,397,Semenyo,MCI,MID,85,0,0,23.6,6053,41477,55153,214687,a,,,,,2,,,3.5,5,7,180,2,0,1,0,2,0,8,0,2,6,0.12,0.59,0.71,1.31,3.5,3.5
2026-08-29T03:48:53+00:00,2026-08-28,daily,3,2026-09-04T17:30:00Z,398,Foden,MCI,MID,70,0,0,4.1,8358,5296,28505,51817,a,,,,,,2,3,5.0,9,10,171,2,0,2,0,2,0,13,2,4,7,0.99,0.85,1.84,1.31,5.0,5.0
2026-08-29T03:48:53+00:00,2026-08-28,daily,3,2026-09-04T17:30:00Z,399,Cherki,MCI,MID,76,1,1,13.2,226385,1954,429703,43356,a,,,,,,1,1,11.0,14,22,108,1,2,2,0,1,0,3,0,0,3,0.35,1.05,1.40,0.76,11.0,11.0
2026-08-29T03:48:53+00:00,2026-08-28,daily,3,2026-09-04T17:30:00Z,400,Doku,MCI,MID,74,-1,-1,1.2,45,3738,539,73753,i,Calf injury - Expected back 5 Sep,2026-08-18T17:00:08.385597Z,0,0,3,,,0.0,0,0,0,0,0,0,0,0,0,0,0,0,0,0.00,0.00,0.00,0.00,0.0,0.0
2026-08-29T03:48:53+00:00,2026-08-28,daily,3,2026-09-04T17:30:00Z,402,Rodrigo,MCI,MID,65,0,0,0.0,0,35,0,831,u,Has joined Barcelona permanently,2026-07-23T12:01:23.675537Z,0,0,,,,0.0,0,0,0,0,0,0,0,0,0,0,0,0,0,0.00,0.00,0.00,0.00,0.0,0.0
2026-08-29T03:48:53+00:00,2026-08-28,daily,3,2026-09-04T17:30:00Z,404,Reijnders,MCI,MID,60,0,0,0.1,0,189,0,5813,u,Has joined Al Qadsiah permanently,2026-08-20T14:02:58.154273Z,0,0,,,,0.0,0,0,0,0,0,0,0,0,0,0,0,0,0,0.00,0.00,0.00,0.00,0.0,0.0
2026-08-29T03:48:53+00:00,2026-08-28,daily,3,2026-09-04T17:30:00Z,406,Kovačić,MCI,MID,55,0,0,0.1,68,169,897,1458,a,,,,,,,,1.0,1,2,42,0,0,0,0,0,0,2,0,0,2,0.00,0.02,0.02,0.10,1.0,1.0
2026-08-29T03:48:53+00:00,2026-08-28,daily,3,2026-09-04T17:30:00Z,407,Echeverri,MCI,MID,50,0,0,0.0,14,35,107,332,a,,,,,,,,0.0,0,0,0,0,0,0,0,0,0,0,0,0,0,0.00,0.00,0.00,0.00,0.0,0.0
2026-08-29T03:48:53+00:00,2026-08-28,daily,3,2026-09-04T17:30:00Z,408,Phillips,MCI,MID,50,0,0,0.0,0,14,0,319,u,Has joined Sheffield United on loan for the rest of the season,2026-08-18T14:11:56.348781Z,0,0,,,,0.0,0,0,0,0,0,0,0,0,0,0,0,0,0,0.00,0.00,0.00,0.00,0.0,0.0
2026-08-29T03:48:53+00:00,2026-08-28,daily,3,2026-09-04T17:30:00Z,409,Mukasa,MCI,MID,45,0,0,0.2,52,275,979,2761,a,,,,,,,,0.0,0,0,0,0,0,0,0,0,0,0,0,0,0,0.00,0.00,0.00,0.00,0.0,0.0
2026-08-29T03:48:53+00:00,2026-08-28,daily,3,2026-09-04T17:30:00Z,410,Monga,MCI,MID,50,0,0,0.0,7,28,83,311,a,,,,,,,,0.0,0,0,0,0,0,0,0,0,0,0,0,0,0,0.00,0.00,0.00,0.00,0.0,0.0
2026-08-29T03:48:53+00:00,2026-08-28,daily,3,2026-09-04T17:30:00Z,411,Haaland,MCI,FWD,155,0,0,68.2,31637,1666,101242,105518,a,,,,,1,,,7.5,13,15,180,2,2,0,0,2,0,8,3,0,5,1.40,0.02,1.42,1.31,7.5,7.5
2026-08-29T03:48:53+00:00,2026-08-28,daily,3,2026-09-04T17:30:00Z,481,Anderson,MCI,MID,64,0,-1,6.0,2068,10211,12304,163516,a,,2026-08-23T17:00:07.952697Z,100,100,,,2,2.5,3,5,143,2,0,0,0,2,0,20,5,7,8,0.07,0.47,0.54,1.21,2.5,2.5
2026-08-29T03:48:53+00:00,2026-08-28,daily,3,2026-09-04T17:30:00Z,587,Rulli,MCI,GKP,50,0,0,0.0,8,23,102,247,a,,,,,,,,0.0,0,0,0,0,0,0,0,0,0,0,0,0,0,0.00,0.00,0.00,0.00,0.0,0.0
2026-08-29T03:48:53+00:00,2026-08-28,daily,3,2026-09-04T17:30:00Z,616,Bouaddi,MCI,MID,55,0,0,0.1,1272,202,4327,551,a,,,,,,,,1.0,1,1,8,0,0,0,0,0,0,1,1,0,0,0.00,0.12,0.12,0.00,2.0,2.0
2026-08-29T03:48:53+00:00,2026-08-28,daily,3,2026-09-04T17:30:00Z,621,McAidoo,MCI,MID,45,0,0,0.0,143,14,143,14,a,,,,,,,,1.0,1,1,8,0,0,0,0,0,0,0,0,0,0,0.10,0.00,0.10,0.00,1.0,1.0
2026-08-29T03:48:53+00:00,2026-08-28,daily,3,2026-09-04T17:30:00Z,622,Braithwaite,MCI,DEF,40,0,0,0.0,102,14,102,14,a,,,,,,,,1.0,1,1,1,0,0,0,0,0,0,0,0,0,1,0.00,0.00,0.00,0.00,1.0,1.0
2026-08-29T03:48:53+00:00,2026-08-28,daily,3,2026-09-04T17:30:00Z,43,Tielemans,MUN,MID,60,0,0,2.3,769,2336,13400,38040,a,,2026-07-23T12:01:23.321726Z,100,100,3,,,1.0,0,2,66,1,0,0,0,2,0,5,0,0,5,0.04,0.11,0.15,0.94,1.0,1.0
2026-08-29T03:48:53+00:00,2026-08-28,daily,3,2026-09-04T17:30:00Z,131,Baleba,MUN,MID,50,0,0,0.2,157,377,2481,4798,i,Ankle injury - Expected back 19 Sep,2026-08-06T16:00:10.997714Z,0,0,,,,0.0,0,0,0,0,0,0,0,0,0,0,0,0,0,0.00,0.00,0.00,0.00,0.0,0.0
2026-08-29T03:48:53+00:00,2026-08-28,daily,3,2026-09-04T17:30:00Z,162,Andrey Santos,MUN,MID,50,0,0,1.0,650,1019,8106,16168,a,,,,,,,,1.0,0,2,66,1,0,0,0,2,0,9,3,1,5,0.00,0.23,0.23,0.94,1.0,1.0
2026-08-29T03:48:53+00:00,2026-08-28,daily,3,2026-09-04T17:30:00Z,325,Darlow,MUN,GKP,45,0,0,0.0,25,22,267,279,a,,2026-07-23T12:01:23.549136Z,100,100,,,,0.0,0,0,0,0,0,0,0,0,0,0,0,0,0,0.00,0.00,0.00,0.00,0.0,0.0
2026-08-29T03:48:53+00:00,2026-08-28,daily,3,2026-09-04T17:30:00Z,412,Lammens,MUN,GKP,50,0,0,15.5,1390,6977,36104,95587,a,,,,,,,,0.5,0,1,90,1,0,0,0,2,2,0,2,0,8,0.00,0.00,0.00,1.01,0.5,0.5
2026-08-29T03:48:53+00:00,2026-08-28,daily,3,2026-09-04T17:30:00Z,413,Bayindir,MUN,GKP,45,0,0,0.0,0,23,0,611,u,Has joined Celta Vigo on loan for the rest of the season,2026-08-10T14:02:28.608415Z,0,0,,,,0.0,0,0,0,0,0,0,0,0,0,0,0,0,0,0.00,0.00,0.00,0.00,0.0,0.0
2026-08-29T03:48:53+00:00,2026-08-28,daily,3,2026-09-04T17:30:00Z,414,Heaton,MUN,GKP,40,0,0,0.1,34,54,249,1059,i,Hamstring injury - Unknown return date,2026-08-15T16:00:07.854151Z,0,0,,,,0.0,0,0,0,0,0,0,0,0,0,0,0,0,0,0.00,0.00,0.00,0.00,0.0,0.0
2026-08-29T03:48:53+00:00,2026-08-28,daily,3,2026-09-04T17:30:00Z,415,Dorgu,MUN,MID,59,-1,-1,1.1,294,1647,5102,30308,a,,,,,,,,0.0,0,0,45,1,0,0,0,2,0,1,1,0,0,0.47,0.03,0.50,0.92,0.0,0.0
2026-08-29T03:48:53+00:00,2026-08-28,daily,3,2026-09-04T17:30:00Z,416,De Ligt,MUN,DEF,50,0,0,0.0,10,42,127,540,i,Back injury - Unknown return date,2026-07-23T12:01:23.690880Z,0,0,,,,0.0,0,0,0,0,0,0,0,0,0,0,0,0,0,0.00,0.00,0.00,0.00,0.0,0.0
2026-08-29T03:48:53+00:00,2026-08-28,daily,3,2026-09-04T17:30:00Z,417,Dalot,MUN,DEF,50,0,0,2.4,324,1436,8514,35068,a,,,,,,,,0.5,0,1,10,0,0,0,0,0,0,3,1,2,1,0.00,0.00,0.00,0.00,0.5,0.5
2026-08-29T03:48:53+00:00,2026-08-28,daily,3,2026-09-04T17:30:00Z,418,Maguire,MUN,DEF,50,0,0,16.8,1643,18793,54596,125104,a,,,,,,,,0.5,0,1,90,1,0,0,0,2,0,4,4,0,5,0.04,0.40,0.44,1.01,0.5,0.5
2026-08-29T03:48:53+00:00,2026-08-28,daily,3,2026-09-04T17:30:00Z,419,Martinez,MUN,DEF,50,0,0,1.3,319,758,7094,20333,a,,2026-07-24T20:00:10.337107Z,100,100,,,,0.0,0,0,0,0,0,0,0,0,0,0,0,0,0,0.00,0.00,0.00,0.00,0.0,0.0
2026-08-29T03:48:53+00:00,2026-08-28,daily,3,2026-09-04T17:30:00Z,420,Yoro,MUN,DEF,50,0,0,0.6,72,424,1608,11168,a,,,,,,,,0.0,0,0,0,0,0,0,0,0,0,0,0,0,0,0.00,0.00,0.00,0.00,0.0,0.0
2026-08-29T03:48:53+00:00,2026-08-28,daily,3,2026-09-04T17:30:00Z,421,Heaven,MUN,DEF,45,0,0,0.4,126,236,3214,4427,a,,,,,,,,0.5,0,1,90,1,0,0,0,2,0,2,1,1,4,0.12,0.04,0.16,1.01,0.5,0.5
2026-08-29T03:48:53+00:00,2026-08-28,daily,3,2026-09-04T17:30:00Z,422,Mazraoui,MUN,DEF,45,0,0,0.7,258,341,6112,6433,a,,,,,,,,0.5,0,1,79,1,0,0,0,2,0,5,4,1,3,0.22,0.05,0.27,1.01,0.5,0.5
2026-08-29T03:48:53+00:00,2026-08-28,daily,3,2026-09-04T17:30:00Z,423,Shaw,MUN,DEF,45,0,0,19.4,1644,10598,44571,127687,a,,,,,,,3,0.5,0,1,90,1,0,0,0,2,0,4,3,1,3,0.00,0.26,0.26,1.01,0.5,0.5
2026-08-29T03:48:53+00:00,2026-08-28,daily,3,2026-09-04T17:30:00Z,424,Amass,MUN,DEF,40,0,0,0.2,89,98,977,2079,a,,,,,,,,0.0,0,0,0,0,0,0,0,0,0,0,0,0,0,0.00,0.00,0.00,0.00,0.0,0.0
2026-08-29T03:48:53+00:00,2026-08-28,daily,3,2026-09-04T17:30:00Z,425,Fredricson,MUN,DEF,40,0,0,0.0,0,29,0,709,u,Has joined Lausanne-Sport permanently,2026-08-18T14:12:31.904433Z,0,0,,,,0.0,0,0,0,0,0,0,0,0,0,0,0,0,0,0.00,0.00,0.00,0.00,0.0,0.0
2026-08-29T03:48:53+00:00,2026-08-28,daily,3,2026-09-04T17:30:00Z,426,B.Fernandes,MUN,MID,120,0,0,47.4,1403,54065,49921,282645,a,,,,,1,1,1,1.0,0,2,90,1,0,0,0,2,0,6,1,0,5,0.08,0.26,0.34,1.01,1.0,1.0
2026-08-29T03:48:53+00:00,2026-08-28,daily,3,2026-09-04T17:30:00Z,427,Mbeumo,MUN,MID,80,0,0,34.8,2536,75467,84761,295655,a,,,,,2,2,2,1.0,0,2,90,1,0,0,0,2,0,4,0,0,4,0.50,0.23,0.73,1.01,1.0,1.0
2026-08-29T03:48:53+00:00,2026-08-28,daily,3,2026-09-04T17:30:00Z,428,Cunha,MUN,MID,80,0,0,9.2,869,12090,27723,105047,a,,,,,,,,1.0,0,2,79,1,0,0,0,2,0,3,0,0,3,0.24,0.21,0.45,1.01,1.0,1.0
2026-08-29T03:48:53+00:00,2026-08-28,daily,3,2026-09-04T17:30:00Z,429,Rashford,MUN,MID,70,0,0,1.7,439,1824,15503,23902,a,,,,,,,,0.5,0,1,45,0,0,0,0,0,0,1,0,0,1,0.00,0.10,0.10,0.09,0.5,0.5
2026-08-29T03:48:53+00:00,2026-08-28,daily,3,2026-09-04T17:30:00Z,430,Mount,MUN,MID,55,0,0,0.0,3,31,38,726,d,Foot injury - 75% chance of playing,2026-08-15T16:00:07.879135Z,75,75,,3,,0.0,0,0,0,0,0,0,0,0,0,0,0,0,0,0.00,0.00,0.00,0.00,0.0,0.0
2026-08-29T03:48:53+00:00,2026-08-28,daily,3,2026-09-04T17:30:00Z,431,Amad,MUN,MID,59,0,-1,0.9,26,4015,1602,63474,i,Unspecified injury - Unknown return date,2026-08-22T11:00:08.617283Z,0,0,,,4,0.0,0,0,0,0,0,0,0,0,0,0,0,0,0,0.00,0.00,0.00,0.00,0.0,0.0
2026-08-29T03:48:53+00:00,2026-08-28,daily,3,2026-09-04T17:30:00Z,432,Mainoo,MUN,MID,55,0,0,0.9,306,815,3766,14508,a,,,,,,,,0.5,0,1,23,0,0,0,0,0,0,1,0,0,1,0.07,0.01,0.08,0.07,0.5,0.5
2026-08-29T03:48:53+00:00,2026-08-28,daily,3,2026-09-04T17:30:00Z,433,Ugarte,MUN,MID,50,0,0,0.0,6,4,30,92,i,Knee injury - Unknown return date,2026-07-23T12:01:23.706702Z,0,0,,,,0.0,0,0,0,0,0,0,0,0,0,0,0,0,0,0.00,0.00,0.00,0.00,0.0,0.0
2026-08-29T03:48:53+00:00,2026-08-28,daily,3,2026-09-04T17:30:00Z,434,J.Fletcher,MUN,MID,50,0,0,0.0,4,12,45,181,a,,,,,,,,0.0,0,0,0,0,0,0,0,0,0,0,0,0,0,0.00,0.00,0.00,0.00,0.0,0.0
2026-08-29T03:48:53+00:00,2026-08-28,daily,3,2026-09-04T17:30:00Z,435,Lacey,MUN,MID,50,0,0,0.0,24,54,351,644,a,,,,,,,,0.5,0,1,10,0,0,0,0,0,0,1,0,0,1,0.00,0.00,0.00,0.00,0.5,0.5
2026-08-29T03:48:53+00:00,2026-08-28,daily,3,2026-09-04T17:30:00Z,436,Collyer,MUN,MID,50,0,0,0.0,12,7,72,241,a,,,,,,,,0.0,0,0,0,0,0,0,0,0,0,0,0,0,0,0.00,0.00,0.00,0.00,0.0,0.0
2026-08-29T03:48:53+00:00,2026-08-28,daily,3,2026-09-04T17:30:00Z,437,Bendito Mantato,MUN,MID,45,0,0,0.2,82,148,1043,2519,a,,,,,,,,0.0,0,0,0,0,0,0,0,0,0,0,0,0,0,0.00,0.00,0.00,0.00,0.0,0.0
2026-08-29T03:48:53+00:00,2026-08-28,daily,3,2026-09-04T17:30:00Z,438,Fletcher,MUN,MID,45,0,0,0.3,111,216,1439,4200,a,,,,,,,,0.0,0,0,0,0,0,0,0,0,0,0,0,0,0,0.00,0.00,0.00,0.00,0.0,0.0
2026-08-29T03:48:53+00:00,2026-08-28,daily,3,2026-09-04T17:30:00Z,439,Šeško,MUN,FWD,70,0,0,1.8,1421,1328,31975,16454,a,,2026-07-23T12:01:23.722029Z,100,100,,,,0.5,0,1,23,0,0,0,0,0,0,0,0,0,0,0.04,0.00,0.04,0.07,0.5,0.5
2026-08-29T03:48:53+00:00,2026-08-28,daily,3,2026-09-04T17:30:00Z,440,Zirkzee,MUN,FWD,54,-1,-1,0.5,209,566,2254,13697,a,,,,,,,,0.0,0,0,0,0,0,0,0,0,0,0,0,0,0,0.00,0.00,0.00,0.00,0.0,0.0
2026-08-29T03:48:53+00:00,2026-08-28,daily,3,2026-09-04T17:30:00Z,441,Obi,MUN,FWD,45,0,0,1.1,807,684,7123,12253,a,,,,,,,,0.0,0,0,0,0,0,0,0,0,0,0,0,0,0,0.00,0.00,0.00,0.00,0.0,0.0
2026-08-29T03:48:53+00:00,2026-08-28,daily,3,2026-09-04T17:30:00Z,405,N.Gonzalez,NEW,MID,55,0,0,0.2,407,103,2794,1845,a,,,,,,,,0.0,0,0,0,0,0,0,0,0,0,0,0,0,0,0.00,0.00,0.00,0.00,0.0,0.0
2026-08-29T03:48:53+00:00,2026-08-28,daily,3,2026-09-04T17:30:00Z,442,Pope,NEW,GKP,50,0,0,1.3,180,479,2886,12783,a,,,,,,,,0.0,0,0,0,0,0,0,0,0,0,0,0,0,0,0.00,0.00,0.00,0.00,0.0,0.0
2026-08-29T03:48:53+00:00,2026-08-28,daily,3,2026-09-04T17:30:00Z,443,Gillespie,NEW,GKP,45,0,0,0.0,7,14,169,245,a,,,,,,,,0.0,0,0,0,0,0,0,0,0,0,0,0,0,0,0.00,0.00,0.00,0.00,0.0,0.0
2026-08-29T03:48:53+00:00,2026-08-28,daily,3,2026-09-04T17:30:00Z,444,Jaouen,NEW,GKP,45,0,0,0.0,13,17,137,365,a,,,,,,,,0.0,0,0,0,0,0,0,0,0,0,0,0,0,0,0.00,0.00,0.00,0.00,0.0,0.0
2026-08-29T03:48:53+00:00,2026-08-28,daily,3,2026-09-04T17:30:00Z,445,Thiaw,NEW,DEF,50,0,0,1.8,3290,748,23088,11646,a,,,,,,,,1.5,0,3,90,1,0,0,0,2,0,15,15,0,2,0.00,0.00,0.00,2.98,1.5,1.5
2026-08-29T03:48:53+00:00,2026-08-28,daily,3,2026-09-04T17:30:00Z,446,Schär,NEW,DEF,50,0,0,0.3,100,88,1995,1973,a,,2026-08-15T16:30:07.209742Z,100,100,,2,,0.5,0,1,1,0,0,0,0,1,0,0,0,0,0,0.00,0.00,0.00,0.79,0.5,0.5
2026-08-29T03:48:53+00:00,2026-08-28,daily,3,2026-09-04T17:30:00Z,447,Botman,NEW,DEF,50,0,0,0.5,487,209,9372,3491,a,,,,,,,,1.5,0,3,90,1,0,0,0,2,0,10,10,0,2,0.00,0.01,0.01,2.98,1.5,1.5
2026-08-29T03:48:53+00:00,2026-08-28,daily,3,2026-09-04T17:30:00Z,448,Burn,NEW,DEF,50,0,0,1.6,32,4277,6279,79588,i,Ankle injury - Expected back 14 Sep,2026-08-23T18:00:08.367241Z,0,0,,,,0.0,0,0,0,0,0,0,0,0,0,0,0,0,0,0.00,0.00,0.00,0.00,0.0,0.0
2026-08-29T03:48:53+00:00,2026-08-28,daily,3,2026-09-04T17:30:00Z,449,Hall,NEW,DEF,50,0,0,4.2,2969,1140,55670,20576,a,,,,,,1,1,1.5,0,3,90,1,0,0,0,2,0,11,6,5,8,0.00,0.35,0.35,2.98,1.5,1.5
2026-08-29T03:48:53+00:00,2026-08-28,daily,3,2026-09-04T17:30:00Z,450,Livramento,NEW,DEF,50,0,0,0.0,3,55,94,1283,i,Calf injury - Unknown return date,2026-07-23T12:01:23.753221Z,0,0,,,,0.0,0,0,0,0,0,0,0,0,0,0,0,0,0,0.00,0.00,0.00,0.00,0.0,0.0
2026-08-29T03:48:53+00:00,2026-08-28,daily,3,2026-09-04T17:30:00Z,451,A.Murphy,NEW,DEF,40,0,0,0.1,0,140,0,3416,u,Has joined FC Kaiserslautern on loan for the rest of the season,2026-08-12T14:05:29.224600Z,0,0,,,,0.0,0,0,0,0,0,0,0,0,0,0,0,0,0,0.00,0.00,0.00,0.00,0.0,0.0
2026-08-29T03:48:53+00:00,2026-08-28,daily,3,2026-09-04T17:30:00Z,453,Barnes,NEW,MID,60,0,0,1.1,1072,709,16067,11039,a,,,,,,,,1.0,0,2,90,1,0,0,0,2,0,8,3,1,4,0.07,0.02,0.09,2.98,1.0,1.0
2026-08-29T03:48:53+00:00,2026-08-28,daily,3,2026-09-04T17:30:00Z,454,Elanga,NEW,MID,60,0,0,2.2,5464,1010,100905,12883,a,,,,,,,4,4.5,0,9,75,1,1,0,0,1,0,2,1,0,1,0.22,0.01,0.23,1.94,4.5,4.5
2026-08-29T03:48:53+00:00,2026-08-28,daily,3,2026-09-04T17:30:00Z,456,J.Ramsey,NEW,MID,50,0,0,0.3,122,252,1564,4932,a,,,,,,,,0.0,0,0,34,0,0,0,0,1,0,6,3,2,1,0.06,0.01,0.07,1.50,0.0,0.0
2026-08-29T03:48:53+00:00,2026-08-28,daily,3,2026-09-04T17:30:00Z,457,J.Murphy,NEW,MID,60,0,0,0.2,50,119,767,2801,a,,,,,,,2,0.0,0,0,14,0,0,0,0,1,0,2,1,0,1,0.00,0.00,0.00,1.04,0.0,0.0
2026-08-29T03:48:53+00:00,2026-08-28,daily,3,2026-09-04T17:30:00Z,458,Joelinton,NEW,MID,55,0,0,0.0,0,38,48,1106,i,Unspecified injury - Unknown return date,2026-08-16T08:00:08.074045Z,0,0,,,,0.0,0,0,0,0,0,0,0,0,0,0,0,0,0,0.00,0.00,0.00,0.00,0.0,0.0
2026-08-29T03:48:53+00:00,2026-08-28,daily,3,2026-09-04T17:30:00Z,459,L.Miley,NEW,MID,55,0,0,0.1,70,43,1461,577,a,,2026-07-23T12:01:23.785456Z,100,100,,,3,1.5,0,3,75,1,0,0,0,1,0,13,6,1,6,0.05,0.01,0.06,1.94,1.5,1.5
2026-08-29T03:48:53+00:00,2026-08-28,daily,3,2026-09-04T17:30:00Z,460,Willock,NEW,MID,50,0,0,0.3,805,150,9568,2082,a,,,,,,,,3.0,0,6,34,0,1,0,0,1,0,3,0,2,1,0.09,0.17,0.26,1.50,3.0,3.0
2026-08-29T03:48:53+00:00,2026-08-28,daily,3,2026-09-04T17:30:00Z,461,Touré,NEW,MID,60,0,0,0.2,38,239,551,4697,a,,,,,,,,0.0,0,0,0,0,0,0,0,0,0,0,0,0,0,0.00,0.00,0.00,0.00,0.0,0.0
2026-08-29T03:48:53+00:00,2026-08-28,daily,3,2026-09-04T17:30:00Z,462,Steur,NEW,MID,50,0,0,0.1,41,67,803,1067,a,,,,,,,,0.5,0,1,55,1,0,0,0,1,0,2,0,0,2,0.00,0.00,0.00,1.48,0.5,0.5
2026-08-29T03:48:53+00:00,2026-08-28,daily,3,2026-09-04T17:30:00Z,463,Woltemade,NEW,FWD,60,0,0,1.5,552,1535,7745,32319,a,,,,,1,,,0.0,0,0,0,0,0,0,0,0,0,0,0,0,0,0.00,0.00,0.00,0.00,0.0,0.0
2026-08-29T03:48:53+00:00,2026-08-28,daily,3,2026-09-04T17:30:00Z,464,Wissa,NEW,FWD,60,0,0,3.7,16357,1821,175314,25909,a,,,,,3,,,2.0,0,4,90,1,0,1,0,1,0,8,1,4,3,1.00,0.02,1.02,2.19,2.0,2.0
2026-08-29T03:48:53+00:00,2026-08-28,daily,3,2026-09-04T17:30:00Z,465,Osula,NEW,FWD,60,0,0,0.9,57,3594,20401,30101,i,Foot injury - Unknown return date,2026-08-25T19:00:08.004915Z,0,0,2,,,2.0,0,4,55,1,0,1,0,1,0,5,2,1,2,0.06,0.14,0.20,1.48,0.0,0.0
2026-08-29T03:48:53+00:00,2026-08-28,daily,3,2026-09-04T17:30:00Z,466,Neave,NEW,FWD,45,0,0,0.8,723,416,7201,8541,a,,,,,,,,0.0,0,0,0,0,0,0,0,0,0,0,0,0,0,0.00,0.00,0.00,0.00,0.0,0.0
2026-08-29T03:48:53+00:00,2026-08-28,daily,3,2026-09-04T17:30:00Z,559,Bamba,NEW,MID,50,0,0,0.1,57,85,747,1752,a,,,,,,,,0.5,0,1,14,0,0,0,0,1,0,2,1,1,0,0.00,0.00,0.00,1.04,0.5,0.5
2026-08-29T03:48:53+00:00,2026-08-28,daily,3,2026-09-04T17:30:00Z,567,Horníček,NEW,GKP,50,0,0,0.7,316,225,5853,4483,a,,,,,,,,0.5,0,1,90,1,0,0,0,2,5,0,3,0,5,0.00,0.00,0.00,2.98,0.5,0.5
2026-08-29T03:48:53+00:00,2026-08-28,daily,3,2026-09-04T17:30:00Z,593,Dedić,NEW,DEF,45,0,0,0.4,1145,181,11504,2337,a,,,,,,,,0.5,0,1,90,1,0,0,0,2,0,9,7,2,2,0.03,0.00,0.03,2.98,0.5,0.5
2026-08-29T03:48:53+00:00,2026-08-28,daily,3,2026-09-04T17:30:00Z,609,Shahar,NEW,DEF,40,0,0,0.1,642,99,4635,744,a,,,,,,,,0.0,0,0,0,0,0,0,0,0,0,0,0,0,0,0.00,0.00,0.00,0.00,0.0,0.0
2026-08-29T03:48:53+00:00,2026-08-28,daily,3,2026-09-04T17:30:00Z,167,Delap,NFO,FWD,55,0,0,0.5,1744,412,9484,7977,a,,,,,2,,,0.0,0,0,0,0,0,0,0,0,0,0,0,0,0,0.00,0.00,0.00,0.00,0.0,0.0
2026-08-29T03:48:53+00:00,2026-08-28,daily,3,2026-09-04T17:30:00Z,467,Sels,NFO,GKP,50,0,0,1.5,146,482,3496,12228,a,,,,,,,,1.0,0,2,90,1,0,0,0,1,2,0,0,0,9,0.00,0.00,0.00,0.47,1.0,1.0
2026-08-29T03:48:53+00:00,2026-08-28,daily,3,2026-09-04T17:30:00Z,468,John,NFO,GKP,45,0,0,0.1,9,18,187,484,a,,,,,,,,0.0,0,0,0,0,0,0,0,0,0,0,0,0,0,0.00,0.00,0.00,0.00,0.0,0.0
2026-08-29T03:48:53+00:00,2026-08-28,daily,3,2026-09-04T17:30:00Z,469,N.Williams,NFO,DEF,50,0,0,8.8,669,6517,14819,88651,a,,,,,,2,1,1.0,0,2,90,1,0,0,0,1,0,6,3,3,10,0.00,0.02,0.02,0.47,1.0,1.0
2026-08-29T03:48:53+00:00,2026-08-28,daily,3,2026-09-04T17:30:00Z,470,Morato,NFO,DEF,50,0,0,0.0,15,26,245,693,a,,,,,,,,0.0,0,0,0,0,0,0,0,0,0,0,0,0,0,0.00,0.00,0.00,0.00,0.0,0.0
2026-08-29T03:48:53+00:00,2026-08-28,daily,3,2026-09-04T17:30:00Z,471,Milenković,NFO,DEF,55,0,0,1.8,158,681,2749,17722,a,,,,,,,,1.0,0,2,90,1,0,0,0,1,0,7,7,0,6,0.11,0.02,0.13,0.47,1.0,1.0
2026-08-29T03:48:53+00:00,2026-08-28,daily,3,2026-09-04T17:30:00Z,472,Murillo,NFO,DEF,55,0,0,1.6,394,563,8974,12400,a,,2026-07-23T12:01:23.801183Z,100,100,,3,,2.0,0,4,90,1,0,0,0,1,0,14,12,2,3,0.00,0.28,0.28,0.47,2.0,2.0
2026-08-29T03:48:53+00:00,2026-08-28,daily,3,2026-09-04T17:30:00Z,473,Aina,NFO,DEF,45,0,0,3.5,993,1367,18763,24204,a,,,,,,,,2.5,0,5,73,1,0,0,1,0,0,2,2,0,4,0.04,0.17,0.21,0.34,2.5,2.5
2026-08-29T03:48:53+00:00,2026-08-28,daily,3,2026-09-04T17:30:00Z,474,Jair Cunha,NFO,DEF,45,0,0,0.2,12,62,271,1621,a,,,,,,,,0.5,0,1,90,1,0,0,0,1,0,8,7,1,0,0.00,0.00,0.00,0.47,0.5,0.5
2026-08-29T03:48:53+00:00,2026-08-28,daily,3,2026-09-04T17:30:00Z,475,Savona,NFO,DEF,45,0,0,0.0,2,4,115,52,i,Knee injury - Unknown return date,2026-07-23T12:01:23.816304Z,0,0,,,,0.0,0,0,0,0,0,0,0,0,0,0,0,0,0,0.00,0.00,0.00,0.00,0.0,0.0
2026-08-29T03:48:53+00:00,2026-08-28,daily,3,2026-09-04T17:30:00Z,476,O.Richards,NFO,DEF,40,0,0,0.2,31,81,526,2089,a,,,,,,,,0.0,0,0,0,0,0,0,0,0,0,0,0,0,0,0.00,0.00,0.00,0.00,0.0,0.0
2026-08-29T03:48:53+00:00,2026-08-28,daily,3,2026-09-04T17:30:00Z,477,Abbott,NFO,DEF,40,0,0,0.3,78,96,1074,2319,a,,,,,,,,0.0,0,0,0,0,0,0,0,0,0,0,0,0,0,0.00,0.00,0.00,0.00,0.0,0.0
2026-08-29T03:48:53+00:00,2026-08-28,daily,3,2026-09-04T17:30:00Z,478,Netz,NFO,DEF,45,0,0,0.0,5,20,117,308,a,,,,,,,,0.5,0,1,16,0,0,0,0,1,0,0,0,0,1,0.00,0.00,0.00,0.13,0.5,0.5
2026-08-29T03:48:53+00:00,2026-08-28,daily,3,2026-09-04T17:30:00Z,479,Bindon,NFO,DEF,40,0,0,0.2,30,67,395,1484,a,,,,,,,,0.0,0,0,0,0,0,0,0,0,0,0,0,0,0,0.00,0.00,0.00,0.00,0.0,0.0
2026-08-29T03:48:53+00:00,2026-08-28,daily,3,2026-09-04T17:30:00Z,480,Gibbs-White,NFO,MID,79,-1,-1,8.1,706,14641,9486,297734,a,,2026-08-24T15:30:08.350159Z,100,100,3,1,,1.0,0,2,90,1,0,0,0,1,0,3,1,0,2,0.13,0.06,0.19,0.47,1.0,1.0
2026-08-29T03:48:53+00:00,2026-08-28,daily,3,2026-09-04T17:30:00Z,482,Hudson-Odoi,NFO,MID,59,-1,-1,0.2,79,195,805,5679,a,,2026-07-23T12:01:23.832709Z,100,100,,4,,0.0,0,0,0,0,0,0,0,0,0,0,0,0,0,0.00,0.00,0.00,0.00,0.0,0.0
2026-08-29T03:48:53+00:00,2026-08-28,daily,3,2026-09-04T17:30:00Z,483,Ndoye,NFO,MID,55,0,0,0.4,83,300,1574,5562,a,,,,,,,,1.5,0,3,61,1,0,0,1,0,0,3,1,1,1,0.00,0.00,0.00,0.25,1.5,1.5
2026-08-29T03:48:53+00:00,2026-08-28,daily,3,2026-09-04T17:30:00Z,484,Hutchinson,NFO,MID,55,0,0,0.2,24,100,238,2346,a,,,,,,,4,0.0,0,0,0,0,0,0,0,0,0,0,0,0,0,0.00,0.00,0.00,0.00,0.0,0.0
2026-08-29T03:48:53+00:00,2026-08-28,daily,3,2026-09-04T17:30:00Z,485,Bakwa,NFO,MID,55,0,0,0.0,0,76,107,481,u,Has joined Lille on loan for the rest of the season,2026-08-27T14:53:03.381941Z,0,0,,,,0.0,0,0,0,0,0,0,0,0,0,0,0,0,0,0.00,0.00,0.00,0.00,0.0,0.0
2026-08-29T03:48:53+00:00,2026-08-28,daily,3,2026-09-04T17:30:00Z,486,McAtee,NFO,MID,55,0,0,0.1,36,40,710,515,a,,,,,,,2,1.5,0,3,73,1,0,0,1,0,0,8,2,1,5,0.00,0.16,0.16,0.34,1.5,1.5
2026-08-29T03:48:53+00:00,2026-08-28,daily,3,2026-09-04T17:30:00Z,487,Dominguez,NFO,MID,50,0,0,0.1,18,48,232,1110,a,,,,,,,,0.0,0,0,0,0,0,0,0,0,0,0,0,0,0,0.00,0.00,0.00,0.00,0.0,0.0
2026-08-29T03:48:53+00:00,2026-08-28,daily,3,2026-09-04T17:30:00Z,488,I.Sangaré,NFO,MID,50,0,0,0.9,33,2350,2883,20327,i,Calf injury - Unknown return date,2026-08-28T09:30:07.471668Z,0,0,,,,1.0,0,2,90,1,0,0,0,1,0,6,3,0,3,0.03,0.01,0.04,0.47,0.0,0.0
2026-08-29T03:48:53+00:00,2026-08-28,daily,3,2026-09-04T17:30:00Z,489,Yates,NFO,MID,45,0,0,1.5,1135,859,2878,37942,a,,2026-08-17T20:30:08.195072Z,100,100,,,,0.0,0,0,0,0,0,0,0,0,0,0,0,0,0,0.00,0.00,0.00,0.00,0.0,0.0
2026-08-29T03:48:53+00:00,2026-08-28,daily,3,2026-09-04T17:30:00Z,490,Wood,NFO,FWD,60,0,0,1.5,377,1211,4946,30562,a,,,,,1,,,0.5,0,1,28,0,0,0,0,1,0,1,0,0,1,0.12,0.01,0.13,0.22,0.5,0.5
2026-08-29T03:48:53+00:00,2026-08-28,daily,3,2026-09-04T17:30:00Z,491,Igor Jesus,NFO,FWD,60,0,0,3.6,694,2653,10931,61203,a,,,,,4,,,1.0,0,2,90,1,0,0,0,1,0,3,2,0,1,0.22,0.02,0.24,0.47,1.0,1.0
2026-08-29T03:48:53+00:00,2026-08-28,daily,3,2026-09-04T17:30:00Z,493,Kalimuendo,NFO,FWD,55,0,0,0.1,26,44,365,801,a,,,,,,,,0.5,0,1,1,0,0,0,0,0,0,0,0,0,0,0.00,0.00,0.00,0.00,0.5,0.5
2026-08-29T03:48:53+00:00,2026-08-28,daily,3,2026-09-04T17:30:00Z,558,Schlager,NFO,MID,50,0,0,0.1,14,52,172,1196,a,,,,,,,3,0.5,0,1,16,0,0,0,0,1,0,1,0,0,1,0.00,0.00,0.00,0.13,0.5,0.5
2026-08-29T03:48:53+00:00,2026-08-28,daily,3,2026-09-04T17:30:00Z,581,Diomande,NFO,DEF,55,0,0,0.7,217,476,3701,12577,a,,,,,,,,0.0,0,0,0,0,0,0,0,0,0,0,0,0,0,0.00,0.00,0.00,0.00,0.0,0.0
2026-08-29T03:48:53+00:00,2026-08-28,daily,3,2026-09-04T17:30:00Z,590,Benda,NFO,GKP,45,0,0,0.1,53,31,678,575,a,,,,,,,,0.0,0,0,0,0,0,0,0,0,0,0,0,0,0,0.00,0.00,0.00,0.00,0.0,0.0
2026-08-29T03:48:53+00:00,2026-08-28,daily,3,2026-09-04T17:30:00Z,112,Van Hecke,TOT,DEF,50,0,0,9.5,1583,5051,38187,103819,a,,,,,,,,0.5,0,1,90,1,0,0,0,3,0,9,7,2,3,0.00,0.03,0.03,3.87,0.5,0.5
2026-08-29T03:48:53+00:00,2026-08-28,daily,3,2026-09-04T17:30:00Z,401,Marmoush,TOT,FWD,70,0,0,1.4,8704,1072,48512,20433,a,,,,,2,,,0.0,0,0,0,0,0,0,0,0,0,0,0,0,0,0.00,0.00,0.00,0.00,0.0,0.0
2026-08-29T03:48:53+00:00,2026-08-28,daily,3,2026-09-04T17:30:00Z,403,Sávio,TOT,MID,65,0,0,1.0,4538,592,60285,7456,a,,,,,,,,0.0,0,0,0,0,0,0,0,0,0,0,0,0,0,0.00,0.00,0.00,0.00,0.0,0.0
2026-08-29T03:48:53+00:00,2026-08-28,daily,3,2026-09-04T17:30:00Z,455,Tonali,TOT,MID,55,0,0,3.7,831,2898,14950,55114,a,,,,,,5,2,1.0,0,2,90,1,0,0,0,3,0,4,0,1,3,0.04,0.06,0.10,3.87,1.0,1.0
2026-08-29T03:48:53+00:00,2026-08-28,daily,3,2026-09-04T17:30:00Z,494,Vicario,TOT,GKP,45,0,0,0.2,0,512,0,11949,u,Has joined Juventus on loan for the rest of the season,2026-08-19T13:55:33.193962Z,0,0,,,,0.0,0,0,0,0,0,0,0,0,0,0,0,0,0,0.00,0.00,0.00,0.00,0.0,0.0
2026-08-29T03:48:53+00:00,2026-08-28,daily,3,2026-09-04T17:30:00Z,495,Austin,TOT,GKP,40,0,0,0.9,383,178,3595,3880,a,,,,,,,,0.0,0,0,0,0,0,0,0,0,0,0,0,0,0,0.00,0.00,0.00,0.00,0.0,0.0
2026-08-29T03:48:53+00:00,2026-08-28,daily,3,2026-09-04T17:30:00Z,496,Kinsky,TOT,GKP,45,0,0,22.6,3457,7383,44082,89534,a,,,,,,,,1.0,0,2,90,1,0,0,0,3,5,0,4,0,12,0.00,0.00,0.00,3.87,1.0,1.0
2026-08-29T03:48:53+00:00,2026-08-28,daily,3,2026-09-04T17:30:00Z,497,Dubravka,TOT,GKP,40,0,0,18.5,5035,3141,40121,66958,a,,,,,,,,0.0,0,0,0,0,0,0,0,0,0,0,0,0,0,0.00,0.00,0.00,0.00,0.0,0.0
2026-08-29T03:48:53+00:00,2026-08-28,daily,3,2026-09-04T17:30:00Z,498,Senesi,TOT,DEF,60,0,0,7.5,719,3361,16661,67596,a,,,,,,,,1.5,0,3,90,1,0,0,0,3,0,16,11,5,2,0.00,0.02,0.02,3.87,1.5,1.5
2026-08-29T03:48:53+00:00,2026-08-28,daily,3,2026-09-04T17:30:00Z,499,Pedro Porro,TOT,DEF,55,0,0,13.5,3450,4556,24024,322074,a,,2026-08-21T15:22:48.149081Z,100,100,,1,1,0.0,0,0,0,0,0,0,0,0,0,0,0,0,0,0.00,0.00,0.00,0.00,0.0,0.0
2026-08-29T03:48:53+00:00,2026-08-28,daily,3,2026-09-04T17:30:00Z,500,Romero,TOT,DEF,50,0,0,0.1,0,384,0,11163,u,Has joined Atletico Madrid permanently,2026-08-17T13:49:05.465401Z,0,0,,,,0.0,0,0,0,0,0,0,0,0,0,0,0,0,0,0.00,0.00,0.00,0.00,0.0,0.0
2026-08-29T03:48:53+00:00,2026-08-28,daily,3,2026-09-04T17:30:00Z,501,Danso,TOT,DEF,50,0,0,0.2,66,91,1086,2523,a,,,,,,,,0.0,0,0,0,0,0,0,0,0,0,0,0,0,0,0.00,0.00,0.00,0.00,0.0,0.0
2026-08-29T03:48:53+00:00,2026-08-28,daily,3,2026-09-04T17:30:00Z,502,Robertson,TOT,DEF,45,0,0,3.8,1046,1265,23217,24563,a,,,,,,,3,1.5,0,3,90,1,0,0,0,3,0,11,9,2,3,0.00,0.06,0.06,3.87,1.5,1.5
2026-08-29T03:48:53+00:00,2026-08-28,daily,3,2026-09-04T17:30:00Z,503,Van de Ven,TOT,DEF,50,0,0,4.3,1374,1597,9748,126300,a,,2026-08-21T15:00:07.610517Z,100,100,,,,0.0,0,0,0,0,0,0,0,0,0,0,0,0,0,0.00,0.00,0.00,0.00,0.0,0.0
2026-08-29T03:48:53+00:00,2026-08-28,daily,3,2026-09-04T17:30:00Z,505,Spence,TOT,DEF,45,0,0,0.5,0,1428,0,47210,u,Has joined Internazionale permanently,2026-08-18T14:13:08.454214Z,0,0,,,,0.0,0,0,0,0,0,0,0,0,0,0,0,0,0,0.00,0.00,0.00,0.00,0.0,0.0
2026-08-29T03:48:53+00:00,2026-08-28,daily,3,2026-09-04T17:30:00Z,506,Udogie,TOT,DEF,45,0,0,0.5,89,190,1774,4882,a,,,,,,,,0.5,0,1,4,0,0,0,0,0,0,0,0,0,2,0.00,0.02,0.02,0.44,0.5,0.5
2026-08-29T03:48:53+00:00,2026-08-28,daily,3,2026-09-04T17:30:00Z,507,Phillips,TOT,DEF,45,0,0,0.0,0,25,0,683,u,Has joined Middlesbrough permanently,2026-08-18T14:13:08.474144Z,0,0,,,,0.0,0,0,0,0,0,0,0,0,0,0,0,0,0,0.00,0.00,0.00,0.00,0.0,0.0
2026-08-29T03:48:53+00:00,2026-08-28,daily,3,2026-09-04T17:30:00Z,508,Davies,TOT,DEF,40,0,0,1.0,209,331,3086,9314,a,,,,,,,,0.0,0,0,0,0,0,0,0,0,0,0,0,0,0,0.00,0.00,0.00,0.00,0.0,0.0
2026-08-29T03:48:53+00:00,2026-08-28,daily,3,2026-09-04T17:30:00Z,509,Byfield,TOT,DEF,40,0,0,0.1,22,24,341,582,a,,,,,,,,0.0,0,0,0,0,0,0,0,0,0,0,0,0,0,0.00,0.00,0.00,0.00,0.0,0.0
2026-08-29T03:48:53+00:00,2026-08-28,daily,3,2026-09-04T17:30:00Z,510,Rowswell,TOT,DEF,40,0,0,0.1,40,31,375,726,a,,,,,,,,0.0,0,0,0,0,0,0,0,0,0,0,0,0,0,0.00,0.00,0.00,0.00,0.0,0.0
2026-08-29T03:48:53+00:00,2026-08-28,daily,3,2026-09-04T17:30:00Z,511,Souza,TOT,DEF,40,0,0,0.3,129,123,1322,2817,a,,,,,,,,0.0,0,0,0,0,0,0,0,0,0,0,0,0,0,0.00,0.00,0.00,0.00,0.0,0.0
2026-08-29T03:48:53+00:00,2026-08-28,daily,3,2026-09-04T17:30:00Z,512,Kudus,TOT,MID,65,0,0,0.1,21,143,290,2549,d,Thigh injury - 75% chance of playing,2026-07-23T12:01:23.848657Z,75,75,3,3,5,0.0,0,0,0,0,0,0,0,0,0,0,0,0,0,0.00,0.00,0.00,0.00,0.0,0.0
2026-08-29T03:48:53+00:00,2026-08-28,daily,3,2026-09-04T17:30:00Z,513,Xavi,TOT,MID,60,0,0,0.0,6,34,83,390,i,Knee injury - Unknown return date,2026-07-23T12:01:23.864304Z,0,0,4,2,6,0.0,0,0,0,0,0,0,0,0,0,0,0,0,0,0.00,0.00,0.00,0.00,0.0,0.0
2026-08-29T03:48:53+00:00,2026-08-28,daily,3,2026-09-04T17:30:00Z,514,Tel,TOT,MID,60,0,0,0.5,64,732,4238,11193,a,,,,,,4,4,1.0,0,2,90,1,0,0,0,3,0,8,1,0,7,0.06,0.06,0.12,3.87,1.0,1.0
2026-08-29T03:48:53+00:00,2026-08-28,daily,3,2026-09-04T17:30:00Z,515,Maddison,TOT,MID,64,-1,-1,0.9,16,2619,2702,39605,d,Shoulder injury - 75% chance of playing,2026-08-25T14:30:07.623508Z,75,75,,,,0.5,0,1,22,0,0,0,0,0,0,2,1,0,1,0.00,0.01,0.01,0.85,0.4,0.4
2026-08-29T03:48:53+00:00,2026-08-28,daily,3,2026-09-04T17:30:00Z,516,Bentancur,TOT,MID,55,0,0,0.2,44,115,646,2146,a,,,,,,,,0.5,0,1,45,0,0,0,0,1,0,5,0,3,2,0.00,0.01,0.01,2.18,0.5,0.5
2026-08-29T03:48:53+00:00,2026-08-28,daily,3,2026-09-04T17:30:00Z,517,Odobert,TOT,MID,55,0,0,0.0,4,5,20,24,i,Knee injury - Unknown return date,2026-07-23T12:01:23.879434Z,0,0,,,,0.0,0,0,0,0,0,0,0,0,0,0,0,0,0,0.00,0.00,0.00,0.00,0.0,0.0
2026-08-29T03:48:53+00:00,2026-08-28,daily,3,2026-09-04T17:30:00Z,518,P.M.Sarr,TOT,MID,49,0,-1,0.2,494,139,607,10603,a,,2026-08-21T14:30:08.419690Z,0,100,,,,0.0,0,0,0,0,0,0,0,0,0,0,0,0,0,0.00,0.00,0.00,0.00,0.0,0.0
2026-08-29T03:48:53+00:00,2026-08-28,daily,3,2026-09-04T17:30:00Z,519,Gallagher,TOT,MID,55,0,0,0.3,89,222,1297,4869,a,,,,,,,,0.0,0,0,45,1,0,0,0,2,0,3,0,1,2,0.02,0.06,0.08,1.70,0.0,0.0
2026-08-29T03:48:53+00:00,2026-08-28,daily,3,2026-09-04T17:30:00Z,520,Bergvall,TOT,MID,55,0,0,0.2,59,115,694,2314,a,,,,,,,,0.5,0,1,45,1,0,0,0,2,0,8,0,1,7,0.00,0.01,0.01,1.70,0.5,0.5
2026-08-29T03:48:53+00:00,2026-08-28,daily,3,2026-09-04T17:30:00Z,521,Kulusevski,TOT,MID,65,0,0,0.0,2,8,77,249,i,Knee injury - Unknown return date,2026-07-23T12:01:23.895175Z,0,0,,,,0.0,0,0,0,0,0,0,0,0,0,0,0,0,0,0.00,0.00,0.00,0.00,0.0,0.0
2026-08-29T03:48:53+00:00,2026-08-28,daily,3,2026-09-04T17:30:00Z,522,Gray,TOT,MID,50,0,0,0.2,161,184,1872,2728,a,,,,,,,,1.0,0,2,85,1,0,0,0,3,0,5,2,1,2,0.00,0.01,0.01,3.43,1.0,1.0
2026-08-29T03:48:53+00:00,2026-08-28,daily,3,2026-09-04T17:30:00Z,523,Moore,TOT,MID,50,0,0,0.2,156,154,2575,2680,a,,,,,,,,1.0,0,2,67,1,0,0,0,3,0,2,0,1,1,0.38,0.02,0.40,3.02,1.0,1.0
2026-08-29T03:48:53+00:00,2026-08-28,daily,3,2026-09-04T17:30:00Z,524,Olusesi,TOT,MID,45,0,0,0.8,103,458,2117,9770,a,,,,,,,,0.0,0,0,0,0,0,0,0,0,0,0,0,0,0,0.00,0.00,0.00,0.00,0.0,0.0
2026-08-29T03:48:53+00:00,2026-08-28,daily,3,2026-09-04T17:30:00Z,525,Fernandes,TOT,MID,60,0,0,1.6,269,1660,4798,32989,a,,,,,,,,0.5,0,1,45,0,0,0,0,1,0,2,0,1,1,0.00,0.06,0.06,2.18,0.5,0.5
2026-08-29T03:48:53+00:00,2026-08-28,daily,3,2026-09-04T17:30:00Z,526,Solanke,TOT,FWD,60,0,0,1.3,694,989,8906,21807,a,,,,,1,,,0.5,0,1,22,0,0,0,0,0,0,0,0,0,0,0.07,0.00,0.07,0.85,0.5,0.5
2026-08-29T03:48:53+00:00,2026-08-28,daily,3,2026-09-04T17:30:00Z,527,Richarlison,TOT,FWD,60,0,0,2.8,640,3757,15363,50228,a,,,,,5,,,1.0,0,2,67,1,0,0,0,3,0,1,1,0,0,0.00,0.00,0.00,3.02,1.0,1.0
2026-08-29T03:48:53+00:00,2026-08-28,daily,3,2026-09-04T17:30:00Z,528,Scarlett,TOT,FWD,45,0,0,1.7,1637,953,14821,18133,a,,,,,,,,0.0,0,0,0,0,0,0,0,0,0,0,0,0,0,0.00,0.00,0.00,0.00,0.0,0.0
2026-08-29T03:48:53+00:00,2026-08-28,daily,3,2026-09-04T17:30:00Z,601,Williams-Barnett,TOT,MID,45,0,0,0.1,254,88,2890,672,a,,,,,,,,0.0,0,0,0,0,0,0,0,0,0,0,0,0,0,0.00,0.00,0.00,0.00,0.0,0.0
2026-08-29T03:48:53+00:00,2026-08-28,daily,3,2026-09-04T17:30:00Z,529,Roefs,SUN,GKP,50,0,0,3.9,158,3698,4924,34032,a,,,,,,,,0.5,0,1,90,1,0,0,0,2,1,0,1,0,8,0.00,0.00,0.00,1.80,0.5,0.5
2026-08-29T03:48:53+00:00,2026-08-28,daily,3,2026-09-04T17:30:00Z,530,Patterson,SUN,GKP,40,0,0,0.2,0,125,0,2432,u,Has joined Wrexham permanently,2026-08-12T14:08:03.064533Z,0,0,,,,0.0,0,0,0,0,0,0,0,0,0,0,0,0,0,0.00,0.00,0.00,0.00,0.0,0.0
2026-08-29T03:48:53+00:00,2026-08-28,daily,3,2026-09-04T17:30:00Z,531,Ellborg,SUN,GKP,45,0,0,0.1,15,20,224,874,a,,,,,,,,0.0,0,0,0,0,0,0,0,0,0,0,0,0,0,0.00,0.00,0.00,0.00,0.0,0.0
2026-08-29T03:48:53+00:00,2026-08-28,daily,3,2026-09-04T17:30:00Z,532,Ballard,SUN,DEF,50,0,0,4.9,385,8244,13183,57948,a,,,,,,,,0.0,0,0,90,1,0,0,0,2,0,9,7,2,0,0.00,0.01,0.01,1.80,0.0,0.0
2026-08-29T03:48:53+00:00,2026-08-28,daily,3,2026-09-04T17:30:00Z,533,Mukiele,SUN,DEF,55,0,0,2.4,199,1624,5787,40211,a,,2026-08-09T08:30:05.954750Z,100,100,,,,0.0,0,0,0,0,0,0,0,0,0,0,0,0,0,0.00,0.00,0.00,0.00,0.0,0.0
2026-08-29T03:48:53+00:00,2026-08-28,daily,3,2026-09-04T17:30:00Z,534,Hume,SUN,DEF,45,0,0,6.3,442,4786,14061,42157,a,,,,,,,3,1.0,0,2,79,1,0,0,0,1,0,4,1,3,6,0.04,0.27,0.31,1.69,1.0,1.0
2026-08-29T03:48:53+00:00,2026-08-28,daily,3,2026-09-04T17:30:00Z,535,Alderete,SUN,DEF,50,0,0,0.4,99,245,2696,5509,a,,2026-08-09T08:30:05.962393Z,100,100,,,,0.5,0,1,23,0,0,0,0,1,0,0,0,0,2,0.00,0.01,0.01,0.10,0.5,0.5
2026-08-29T03:48:53+00:00,2026-08-28,daily,3,2026-09-04T17:30:00Z,536,Reinildo,SUN,DEF,45,0,0,0.4,34,192,1009,3770,a,,,,,,,,0.5,0,1,90,1,0,0,0,2,0,8,5,3,5,0.00,0.29,0.29,1.80,0.5,0.5
2026-08-29T03:48:53+00:00,2026-08-28,daily,3,2026-09-04T17:30:00Z,537,Seelt,SUN,DEF,45,0,0,0.0,3,20,61,147,u,Has joined Swansea City on loan for the rest of the season,2026-08-29T00:34:52.425076Z,,0,,,,0.0,0,0,0,0,0,0,0,0,0,0,0,0,0,0.00,0.00,0.00,0.00,0.0,0.0
2026-08-29T03:48:53+00:00,2026-08-28,daily,3,2026-09-04T17:30:00Z,538,Hjelde,SUN,DEF,40,0,0,0.1,0,49,0,1039,u,Has joined KV Mechelen on loan for the rest of the season,2026-08-12T14:08:03.081789Z,0,0,,,,0.0,0,0,0,0,0,0,0,0,0,0,0,0,0,0.00,0.00,0.00,0.00,0.0,0.0
2026-08-29T03:48:53+00:00,2026-08-28,daily,3,2026-09-04T17:30:00Z,539,O'Nien,SUN,DEF,40,0,0,3.4,254,918,4856,18457,a,,,,,,,,0.5,0,1,66,1,0,0,0,1,0,5,4,1,4,0.01,0.01,0.02,1.69,0.5,0.5
2026-08-29T03:48:53+00:00,2026-08-28,daily,3,2026-09-04T17:30:00Z,540,Masuaku,SUN,DEF,40,0,0,0.2,0,223,0,5091,u,Has joined Konyaspor permanently,2026-08-12T14:08:03.097784Z,0,0,,,,0.0,0,0,0,0,0,0,0,0,0,0,0,0,0,0.00,0.00,0.00,0.00,0.0,0.0
2026-08-29T03:48:53+00:00,2026-08-28,daily,3,2026-09-04T17:30:00Z,541,Meunier,SUN,DEF,45,0,0,0.3,23,86,1033,1804,a,,2026-08-16T08:30:07.830062Z,100,100,,,,0.5,0,1,90,1,0,0,0,2,0,4,2,2,3,0.08,0.08,0.16,1.80,0.5,0.5
2026-08-29T03:48:53+00:00,2026-08-28,daily,3,2026-09-04T17:30:00Z,542,E.Le Fée,SUN,MID,60,0,0,8.5,428,13381,11814,128491,a,,,,,2,2,1,1.0,0,2,79,1,0,0,0,1,0,2,0,1,1,0.00,0.03,0.03,1.69,1.0,1.0
2026-08-29T03:48:53+00:00,2026-08-28,daily,3,2026-09-04T17:30:00Z,543,Diarra,SUN,MID,55,0,0,0.1,16,59,351,1236,a,,,,,1,,,0.5,0,1,10,0,0,0,0,1,0,0,0,0,0,0.03,0.00,0.03,0.10,0.5,0.5
2026-08-29T03:48:53+00:00,2026-08-28,daily,3,2026-09-04T17:30:00Z,544,Xhaka,SUN,MID,55,0,0,4.7,1941,1720,44722,19935,a,,,,,,1,2,4.5,0,9,90,1,0,1,0,2,0,13,2,3,8,0.00,0.09,0.09,1.80,4.5,4.5
2026-08-29T03:48:53+00:00,2026-08-28,daily,3,2026-09-04T17:30:00Z,545,Sadiki,SUN,MID,50,0,0,0.3,74,212,1239,3709,a,,,,,,,,1.0,0,2,90,1,0,0,0,2,0,2,0,0,2,0.06,0.03,0.09,1.80,1.0,1.0
2026-08-29T03:48:53+00:00,2026-08-28,daily,3,2026-09-04T17:30:00Z,546,Adingra,SUN,MID,49,-1,-1,0.1,6,123,59,3682,i,Ankle injury - Unknown return date,2026-08-20T14:00:08.416985Z,0,0,,,,0.0,0,0,0,0,0,0,0,0,0,0,0,0,0,0.00,0.00,0.00,0.00,0.0,0.0
2026-08-29T03:48:53+00:00,2026-08-28,daily,3,2026-09-04T17:30:00Z,547,Mundle,SUN,MID,50,0,0,0.0,6,7,46,157,a,,,,,,,,0.0,0,0,0,0,0,0,0,0,0,0,0,0,0,0.00,0.00,0.00,0.00,0.0,0.0
2026-08-29T03:48:53+00:00,2026-08-28,daily,3,2026-09-04T17:30:00Z,548,Rigg,SUN,MID,50,0,0,0.1,5,30,104,650,a,,,,,,,,0.5,0,1,10,0,0,0,0,1,0,1,0,0,1,0.00,0.00,0.00,0.10,0.5,0.5
2026-08-29T03:48:53+00:00,2026-08-28,daily,3,2026-09-04T17:30:00Z,549,Talbi,SUN,MID,55,0,0,0.2,16,148,300,2992,a,,,,,,,,0.5,0,1,31,0,0,0,0,1,0,2,0,0,2,0.00,0.00,0.00,0.14,0.5,0.5
2026-08-29T03:48:53+00:00,2026-08-28,daily,3,2026-09-04T17:30:00Z,550,Jocelin.T,SUN,MID,50,0,0,0.0,3,2,54,103,a,,,,,,,,0.0,0,0,0,0,0,0,0,0,0,0,0,0,0,0.00,0.00,0.00,0.00,0.0,0.0
2026-08-29T03:48:53+00:00,2026-08-28,daily,3,2026-09-04T17:30:00Z,551,Angulo,SUN,MID,50,0,0,0.1,226,105,5569,1484,a,,,,,,3,,2.5,0,5,58,1,1,0,0,1,0,7,1,1,5,0.15,0.01,0.16,1.66,2.5,2.5
2026-08-29T03:48:53+00:00,2026-08-28,daily,3,2026-09-04T17:30:00Z,552,Brobbey,SUN,FWD,60,0,0,12.6,2155,11071,40424,130698,a,,,,,,,,1.0,0,2,66,1,0,0,0,1,0,0,0,0,0,0.30,0.00,0.30,1.69,1.0,1.0
2026-08-29T03:48:53+00:00,2026-08-28,daily,3,2026-09-04T17:30:00Z,553,Isidor,SUN,FWD,55,0,0,0.9,153,543,2623,13464,a,,,,,,,,0.5,0,1,23,0,0,0,0,1,0,0,0,0,0,0.00,0.00,0.00,0.10,0.5,0.5
2026-08-29T03:48:53+00:00,2026-08-28,daily,3,2026-09-04T17:30:00Z,612,Methalie,SUN,DEF,45,0,0,0.0,7,3,102,30,s,Suspended until 5 Sep,2026-08-28T13:00:08.950445Z,0,0,,,,0.0,0,0,0,0,0,0,0,0,0,0,0,0,0,0.00,0.00,0.00,0.00,0.0,0.0
2026-08-29T03:48:53+00:00,2026-08-28,daily,3,2026-09-04T17:30:00Z,613,Ahoka,SUN,MID,45,0,0,0.1,936,137,3411,535,a,,,,,,,,0.0,0,0,0,0,0,0,0,0,0,0,0,0,0,0.00,0.00,0.00,0.00,1.0,1.0
