snapshot_utc,snapshot_date,snapshot_kind,event,deadline_time,id,web_name,team,position,now_cost,cost_change_event,cost_change_start,selected_by_percent,transfers_in_event,transfers_out_event,transfers_in,transfers_out,status,news,news_added,chance_of_playing_this_round,chance_of_playing_next_round,penalties_order,direct_freekicks_order,corners_and_indirect_freekicks_order,form,event_points,total_points,minutes,starts,goals_scored,assists,clean_sheets,goals_conceded,saves,defensive_contribution,clearances_blocks_interceptions,tackles,recoveries,expected_goals,expected_assists,expected_goal_involvements,expected_goals_conceded,ep_this,ep_next
2026-10-10T01:52:21+00:00,2026-10-09,daily,6,2026-10-10T10:00:00Z,1,Raya,ARS,GKP,61,1,1,43.4,270862,86368,1111261,678772,a,,,,,,,,7.5,1,30,450,5,0,0,3,4,9,0,6,1,58,0.00,0.01,0.01,4.03,7.5,7.5
2026-10-10T01:52:21+00:00,2026-10-09,daily,6,2026-10-10T10:00:00Z,2,Arrizabalaga,ARS,GKP,49,0,-1,0.1,178,350,1555,4363,a,,,,,,,,0.0,0,0,0,0,0,0,0,0,0,0,0,0,0,0.00,0.00,0.00,0.00,0.0,0.0
2026-10-10T01:52:21+00:00,2026-10-09,daily,6,2026-10-10T10:00:00Z,3,Meslier,ARS,GKP,49,0,-1,0.0,76,158,543,1618,a,,,,,,,,0.0,0,0,0,0,0,0,0,0,0,0,0,0,0,0.00,0.00,0.00,0.00,0.0,0.0
2026-10-10T01:52:21+00:00,2026-10-09,daily,6,2026-10-10T10:00:00Z,4,Gabriel,ARS,DEF,80,0,0,22.6,54363,119132,264606,962023,a,,,,,,,,5.0,1,25,450,5,0,0,3,4,0,41,35,6,17,0.51,0.20,0.71,4.03,5.0,5.0
2026-10-10T01:52:21+00:00,2026-10-09,daily,6,2026-10-10T10:00:00Z,5,J.Timber,ARS,DEF,65,0,0,0.6,28864,8005,50520,18758,a,,2026-07-23T12:01:23.272929Z,100,100,,,,0.5,0,1,104,1,0,0,0,3,0,5,2,3,7,0.00,0.03,0.03,2.18,0.5,0.5
2026-10-10T01:52:21+00:00,2026-10-09,daily,6,2026-10-10T10:00:00Z,6,Saliba,ARS,DEF,59,0,-1,0.2,554,1430,3636,18983,i,Back injury - Unknown return date,2026-07-23T12:01:23.289376Z,0,0,,,,0.0,0,0,0,0,0,0,0,0,0,0,0,0,0,0.00,0.00,0.00,0.00,0.0,0.0
2026-10-10T01:52:21+00:00,2026-10-09,daily,6,2026-10-10T10:00:00Z,7,Lewis-Skelly,ARS,MID,54,-1,-1,0.6,2121,7082,30798,51886,a,,,,,,,,0.5,0,9,271,4,0,0,2,1,0,14,5,1,8,0.16,0.23,0.39,1.02,0.5,0.5
2026-10-10T01:52:21+00:00,2026-10-09,daily,6,2026-10-10T10:00:00Z,8,Calafiori,ARS,DEF,59,1,4,51.2,187057,96233,1767065,434740,a,,,,,,,,3.5,1,29,416,5,0,2,3,4,0,18,12,6,13,0.67,0.62,1.29,3.76,3.5,3.5
2026-10-10T01:52:21+00:00,2026-10-09,daily,6,2026-10-10T10:00:00Z,9,Hincapie,ARS,DEF,52,-1,-3,0.9,2464,7757,17283,119468,a,,,,,,,,0.0,0,2,32,0,0,0,0,0,0,3,2,1,0,0.00,0.00,0.00,0.28,0.0,0.0
2026-10-10T01:52:21+00:00,2026-10-09,daily,6,2026-10-10T10:00:00Z,10,White,ARS,DEF,54,-1,-1,4.5,5913,112449,458671,611230,a,,2026-09-20T19:30:08.247780Z,100,100,,,,0.5,0,21,315,4,0,1,2,1,0,18,12,6,9,0.18,0.29,0.47,1.15,0.5,0.5
2026-10-10T01:52:21+00:00,2026-10-09,daily,6,2026-10-10T10:00:00Z,11,Mosquera,ARS,DEF,53,0,-2,1.6,3913,17397,34078,476126,a,,2026-09-04T14:00:08.080310Z,100,100,,,,0.0,0,12,168,2,0,0,2,0,0,10,10,0,3,0.00,0.01,0.01,0.53,0.0,0.0
2026-10-10T01:52:21+00:00,2026-10-09,daily,6,2026-10-10T10:00:00Z,12,Saka,ARS,MID,96,1,1,16.4,402254,77910,1081876,427761,a,,,,,1,2,2,5.0,2,32,416,5,3,0,3,4,0,31,8,6,17,3.22,0.98,4.20,3.58,5.0,5.0
2026-10-10T01:52:21+00:00,2026-10-09,daily,6,2026-10-10T10:00:00Z,13,Rice,ARS,MID,74,0,-1,10.8,9081,162085,120927,804759,d,Unspecified injury - 75% chance of playing,2026-09-21T13:00:08.896379Z,,75,,1,1,3.5,1,20,411,5,0,2,3,4,0,42,18,7,17,0.12,0.69,0.81,3.50,3.5,2.6
2026-10-10T01:52:21+00:00,2026-10-09,daily,6,2026-10-10T10:00:00Z,14,Eze,ARS,MID,62,-1,-3,1.1,8965,9533,29884,142377,a,,,,,,3,,1.0,1,4,85,0,0,0,0,0,0,5,0,0,5,0.04,0.09,0.13,1.33,1.0,1.0
2026-10-10T01:52:21+00:00,2026-10-09,daily,6,2026-10-10T10:00:00Z,15,Ødegaard,ARS,MID,68,0,3,20.2,193540,161992,1749260,621441,a,,,,,3,4,,2.5,2,29,377,5,2,0,3,4,0,23,5,6,12,1.08,1.32,2.40,3.23,2.5,2.5
2026-10-10T01:52:21+00:00,2026-10-09,daily,6,2026-10-10T10:00:00Z,16,Madueke,ARS,MID,62,0,-3,0.2,1186,2029,6466,26449,a,,,,,,,5,0.0,0,2,23,0,0,0,0,0,0,3,0,1,2,0.00,0.05,0.05,0.15,0.0,0.0
2026-10-10T01:52:21+00:00,2026-10-09,daily,6,2026-10-10T10:00:00Z,17,Merino,ARS,MID,57,-1,-3,0.4,3063,3831,11800,49121,a,,,,,,,,1.0,1,4,81,0,0,0,0,0,0,10,1,0,9,0.14,0.15,0.29,0.96,1.0,1.0
2026-10-10T01:52:21+00:00,2026-10-09,daily,6,2026-10-10T10:00:00Z,18,Martinelli,ARS,MID,63,0,-2,0.1,0,727,2483,22028,u,Has joined Al Hilal permanently,2026-09-04T12:34:46.738449Z,0,0,,,,0.0,0,0,0,0,0,0,0,0,0,0,0,0,0,0.00,0.00,0.00,0.00,0.0,0.0
2026-10-10T01:52:21+00:00,2026-10-09,daily,6,2026-10-10T10:00:00Z,19,Zubimendi,ARS,MID,53,0,-2,0.6,730,5322,8745,68265,a,,,,,,,,1.0,1,5,89,0,0,0,0,0,0,12,5,4,3,0.21,0.04,0.25,1.38,1.0,1.0
2026-10-10T01:52:21+00:00,2026-10-09,daily,6,2026-10-10T10:00:00Z,20,Dowman,ARS,MID,53,0,-2,0.1,553,894,3141,7613,a,,2026-10-05T19:00:10.141532Z,,100,,,,0.5,1,1,9,0,0,0,0,0,0,0,0,0,0,0.00,0.08,0.08,0.31,0.5,0.5
2026-10-10T01:52:21+00:00,2026-10-09,daily,6,2026-10-10T10:00:00Z,22,Nwaneri,ARS,MID,54,0,-1,0.0,0,63,233,1263,u,Has joined Borussia Dortmund on loan for the rest of the season,2026-09-02T16:01:07.058827Z,0,0,,,,0.0,0,0,0,0,0,0,0,0,0,0,0,0,0,0.00,0.00,0.00,0.00,0.0,0.0
2026-10-10T01:52:21+00:00,2026-10-09,daily,6,2026-10-10T10:00:00Z,23,Fábio Vieira,ARS,MID,55,0,0,0.0,0,49,255,928,u,Has joined Hamburger SV permanently,2026-09-02T16:00:28.446370Z,0,0,,,,0.0,0,0,0,0,0,0,0,0,0,0,0,0,0,0.00,0.00,0.00,0.00,0.0,0.0
2026-10-10T01:52:21+00:00,2026-10-09,daily,6,2026-10-10T10:00:00Z,24,Nelson,ARS,MID,55,0,0,0.0,0,28,68,682,u,has departed the club as a free agent.,2026-08-29T00:33:08.556767Z,0,0,,,,0.0,0,0,0,0,0,0,0,0,0,0,0,0,0,0.00,0.00,0.00,0.00,0.0,0.0
2026-10-10T01:52:21+00:00,2026-10-09,daily,6,2026-10-10T10:00:00Z,25,Gyökeres,ARS,FWD,71,-1,-4,3.8,77823,27968,106046,622292,a,,,,,2,,,0.5,1,2,29,0,0,0,0,0,0,1,0,0,1,0.00,0.23,0.23,0.65,0.5,0.5
2026-10-10T01:52:21+00:00,2026-10-09,daily,6,2026-10-10T10:00:00Z,26,Havertz,ARS,FWD,76,0,1,7.1,54443,182912,657676,543384,d,Hamstring injury - 75% chance of playing,2026-09-24T22:00:09.120308Z,,75,,,,1.5,2,19,437,5,2,0,3,4,0,13,6,0,7,1.67,0.37,2.04,3.91,1.5,1.1
2026-10-10T01:52:21+00:00,2026-10-09,daily,6,2026-10-10T10:00:00Z,27,G.Jesus,ARS,FWD,59,0,-1,0.1,0,1260,4164,29535,u,Has joined FC Barcelona permanently,2026-09-02T16:00:28.475184Z,0,0,,,,0.0,0,0,0,0,0,0,0,0,0,0,0,0,0,0.00,0.00,0.00,0.00,0.0,0.0
2026-10-10T01:52:21+00:00,2026-10-09,daily,6,2026-10-10T10:00:00Z,31,Konsa,ARS,DEF,46,1,1,17.7,122046,228178,1495353,819286,d,Unspecified injury - 75% chance of playing,2026-10-05T09:30:09.853316Z,,75,,,,3.5,1,12,281,3,0,0,1,4,0,23,18,5,9,0.23,0.02,0.25,3.50,3.5,2.6
2026-10-10T01:52:21+00:00,2026-10-09,daily,6,2026-10-10T10:00:00Z,452,Bruno G.,ARS,MID,67,0,-3,1.8,13422,12033,38368,249106,a,,2026-09-04T14:00:08.328779Z,100,100,4,,4,4.0,1,9,123,1,1,0,0,3,0,12,3,1,8,0.09,0.16,0.25,2.18,4.0,4.0
2026-10-10T01:52:21+00:00,2026-10-09,daily,6,2026-10-10T10:00:00Z,557,Tzolis,ARS,MID,63,-1,-2,9.1,13058,450023,463425,1913231,i,Hamstring injury - Expected back 24 Oct,2026-10-02T15:00:11.091226Z,,0,,,3,2.5,2,16,362,5,0,2,2,4,0,23,7,4,12,0.19,0.55,0.74,2.73,2.5,0.0
2026-10-10T01:52:21+00:00,2026-10-09,daily,6,2026-10-10T10:00:00Z,29,M.Bizot,AVL,GKP,45,0,0,0.1,99,1536,4693,7912,d,Back injury - 75% chance of playing,2026-09-17T07:30:09.058151Z,0,75,,,,0.0,0,1,90,1,0,0,0,4,3,0,2,0,6,0.00,0.00,0.00,3.77,0.0,0.0
2026-10-10T01:52:21+00:00,2026-10-09,daily,6,2026-10-10T10:00:00Z,30,Digne,AVL,DEF,45,0,0,0.0,0,315,0,8726,u,Has joined Paris Saint-Germain permanently,2026-08-10T14:03:30.089007Z,0,0,,,,0.0,0,0,0,0,0,0,0,0,0,0,0,0,0,0.00,0.00,0.00,0.00,0.0,0.0
2026-10-10T01:52:21+00:00,2026-10-09,daily,6,2026-10-10T10:00:00Z,32,Cash,AVL,DEF,44,0,-1,4.6,5261,46649,97912,440638,a,,2026-09-09T14:30:08.192142Z,100,100,,,3,-0.5,-1,6,296,3,0,0,1,7,0,17,11,6,2,0.15,0.04,0.19,5.95,-0.5,-0.5
2026-10-10T01:52:21+00:00,2026-10-09,daily,6,2026-10-10T10:00:00Z,33,Mings,AVL,DEF,45,0,0,0.4,3938,2541,18658,18565,a,,,,,,,,1.5,3,10,261,2,0,0,1,4,0,24,20,4,7,0.20,0.02,0.22,4.43,1.5,1.5
2026-10-10T01:52:21+00:00,2026-10-09,daily,6,2026-10-10T10:00:00Z,34,Pau,AVL,DEF,44,-1,-1,0.3,80,4961,11273,29319,d,Hamstring injury - 75% chance of playing,2026-09-12T18:00:08.712707Z,0,75,,,,0.5,0,3,187,3,0,0,0,5,0,9,8,1,9,0.00,0.01,0.01,4.79,0.0,0.4
2026-10-10T01:52:21+00:00,2026-10-09,daily,6,2026-10-10T10:00:00Z,35,Bogarde,AVL,MID,49,-1,-1,0.1,235,614,2976,4942,a,,,,,,,,0.0,0,1,16,0,0,0,0,0,0,1,1,0,0,0.00,0.00,0.00,0.22,0.0,0.0
2026-10-10T01:52:21+00:00,2026-10-09,daily,6,2026-10-10T10:00:00Z,36,Maatsen,AVL,DEF,44,-1,-1,0.4,70,11910,31912,67648,i,Ankle injury - Unknown return date,2026-09-12T18:00:08.729468Z,0,0,,,,0.5,0,9,335,4,0,0,1,7,0,24,17,7,10,0.28,0.45,0.73,6.54,0.0,0.0
2026-10-10T01:52:21+00:00,2026-10-09,daily,6,2026-10-10T10:00:00Z,37,Lindelöf,AVL,DEF,45,0,0,0.3,2429,2409,16029,15432,a,,,,,,,,1.0,1,8,450,5,0,0,1,9,0,22,21,1,7,0.44,0.17,0.61,9.22,1.0,1.0
2026-10-10T01:52:21+00:00,2026-10-09,daily,6,2026-10-10T10:00:00Z,38,A.García,AVL,DEF,40,0,0,1.5,2667,9812,46113,71712,a,,,,,,,,0.0,0,0,0,0,0,0,0,0,0,0,0,0,0,0.00,0.00,0.00,0.00,0.0,0.0
2026-10-10T01:52:21+00:00,2026-10-09,daily,6,2026-10-10T10:00:00Z,39,Nedeljkovic,AVL,DEF,40,0,0,0.1,0,906,0,15591,u,Has joined Rangers on loan for the rest of the season,2026-08-19T13:56:46.385411Z,0,0,,,,0.0,0,0,0,0,0,0,0,0,0,0,0,0,0,0.00,0.00,0.00,0.00,0.0,0.0
2026-10-10T01:52:21+00:00,2026-10-09,daily,6,2026-10-10T10:00:00Z,41,Buendía,AVL,MID,59,0,-1,1.1,27963,9718,75947,100863,a,,,,,1,1,2,7.0,12,21,401,5,1,0,1,8,0,34,5,9,20,0.92,0.24,1.16,7.86,7.0,7.0
2026-10-10T01:52:21+00:00,2026-10-09,daily,6,2026-10-10T10:00:00Z,44,Bailey,AVL,MID,54,0,-1,0.0,0,697,2096,13428,u,Has joined Olympiakos permanently,2026-09-04T12:35:14.472260Z,0,0,,,,0.0,0,0,0,0,0,0,0,0,0,0,0,0,0,0.00,0.00,0.00,0.00,0.0,0.0
2026-10-10T01:52:21+00:00,2026-10-09,daily,6,2026-10-10T10:00:00Z,45,McGinn,AVL,MID,54,0,-1,2.2,15745,18325,79576,165287,a,,,,,,,1,6.0,6,17,434,5,0,2,2,7,0,30,8,5,17,0.77,0.24,1.01,8.29,6.0,6.0
2026-10-10T01:52:21+00:00,2026-10-09,daily,6,2026-10-10T10:00:00Z,46,Barkley,AVL,MID,50,0,0,0.2,867,2987,16424,17464,a,,,,,,,4,1.5,1,10,308,4,0,0,1,8,0,28,5,7,16,0.38,0.14,0.52,7.36,1.5,1.5
2026-10-10T01:52:21+00:00,2026-10-09,daily,6,2026-10-10T10:00:00Z,47,Kamara,AVL,MID,50,0,0,0.3,2216,2715,15425,22663,a,,2026-07-23T12:01:23.337269Z,100,100,,,,4.0,6,15,443,5,0,1,2,7,0,36,11,9,16,0.12,0.16,0.28,8.44,4.0,4.0
2026-10-10T01:52:21+00:00,2026-10-09,daily,6,2026-10-10T10:00:00Z,48,Onana,AVL,MID,49,0,-1,0.0,76,136,547,1706,i,Knee injury - Unknown return date,2026-07-23T12:01:23.352497Z,0,0,,,,0.0,0,0,0,0,0,0,0,0,0,0,0,0,0,0.00,0.00,0.00,0.00,0.0,0.0
2026-10-10T01:52:21+00:00,2026-10-09,daily,6,2026-10-10T10:00:00Z,49,Iling Jr,AVL,MID,50,0,0,0.0,0,13,0,238,u,Has joined Bolton Wanderers on loan for the rest of the season,2026-08-17T13:52:28.532616Z,0,0,,,,0.0,0,0,0,0,0,0,0,0,0,0,0,0,0,0.00,0.00,0.00,0.00,0.0,0.0
2026-10-10T01:52:21+00:00,2026-10-09,daily,6,2026-10-10T10:00:00Z,50,Burrowes,AVL,MID,45,0,0,0.5,863,5273,21688,36997,a,,,,,,,,0.0,0,0,0,0,0,0,0,0,0,0,0,0,0,0.00,0.00,0.00,0.00,0.0,0.0
2026-10-10T01:52:21+00:00,2026-10-09,daily,6,2026-10-10T10:00:00Z,51,George Hemmings,AVL,MID,45,0,0,1.1,4973,17817,117656,77750,a,,,,,,,,1.0,1,9,297,4,0,0,1,7,0,19,3,6,10,0.07,0.16,0.23,6.26,1.0,1.0
2026-10-10T01:52:21+00:00,2026-10-09,daily,6,2026-10-10T10:00:00Z,52,Alysson,AVL,MID,50,0,0,0.0,80,1150,3366,4013,d,Unspecified injury - 75% chance of playing,2026-09-19T11:30:09.355376Z,,75,,,,3.0,0,8,87,0,1,0,0,2,0,8,2,2,4,0.06,0.00,0.06,2.40,3.0,2.2
2026-10-10T01:52:21+00:00,2026-10-09,daily,6,2026-10-10T10:00:00Z,53,Manzambi,AVL,MID,59,0,-1,0.7,57456,7592,60442,24211,a,,2026-08-15T15:30:06.388335Z,100,100,,,,7.0,13,14,98,1,1,1,1,1,0,9,2,2,5,0.44,0.24,0.68,1.54,7.0,7.0
2026-10-10T01:52:21+00:00,2026-10-09,daily,6,2026-10-10T10:00:00Z,54,Gomes,AVL,MID,55,0,0,0.0,725,308,1564,4217,a,,2026-09-16T19:30:08.742410Z,100,100,,,,2.0,4,2,129,2,0,0,0,6,0,20,6,9,5,0.00,0.03,0.03,4.14,2.0,2.0
2026-10-10T01:52:21+00:00,2026-10-09,daily,6,2026-10-10T10:00:00Z,55,Watkins,AVL,FWD,78,0,-2,2.4,0,17466,14882,764847,u,Has joined Al Hilal permanently,2026-09-01T13:15:16.698799Z,0,0,,,,0.0,0,0,0,0,0,0,0,0,0,0,0,0,0,0.00,0.00,0.00,0.00,0.0,0.0
2026-10-10T01:52:21+00:00,2026-10-09,daily,6,2026-10-10T10:00:00Z,56,Abraham,AVL,FWD,55,0,0,0.2,3022,2668,17070,13844,a,,2026-08-15T16:00:07.558543Z,100,100,,,,1.0,1,4,71,0,0,0,0,3,0,2,0,1,1,0.00,0.00,0.00,2.69,1.0,1.0
2026-10-10T01:52:21+00:00,2026-10-09,daily,6,2026-10-10T10:00:00Z,160,Garnacho,AVL,MID,58,0,-2,0.3,862,3795,7810,42248,a,,,,,,,,0.0,0,3,31,0,0,0,0,0,0,2,0,0,2,0.00,0.00,0.00,0.49,0.0,0.0
2026-10-10T01:52:21+00:00,2026-10-09,daily,6,2026-10-10T10:00:00Z,166,N.Jackson,AVL,FWD,65,0,0,1.9,80976,16165,226238,93105,a,,,,,2,,,3.0,6,10,286,4,1,0,1,2,0,9,1,0,8,0.68,0.60,1.28,2.75,3.0,3.0
2026-10-10T01:52:21+00:00,2026-10-09,daily,6,2026-10-10T10:00:00Z,582,Madjo,AVL,FWD,54,0,-1,0.2,801,3035,3486,31806,d,Unspecified injury - 75% chance of playing,2026-08-15T16:00:07.974271Z,0,75,,,,0.0,0,0,0,0,0,0,0,0,0,0,0,0,0,0.00,0.00,0.00,0.00,0.0,0.0
2026-10-10T01:52:21+00:00,2026-10-09,daily,6,2026-10-10T10:00:00Z,596,Ruggeri,AVL,DEF,45,0,0,0.1,1450,662,4093,5926,a,,,,,,,,1.5,3,5,113,1,0,0,0,2,0,16,14,2,11,0.03,0.02,0.05,2.05,1.5,1.5
2026-10-10T01:52:21+00:00,2026-10-09,daily,6,2026-10-10T10:00:00Z,597,Suzuki,AVL,GKP,50,0,0,1.9,21468,11953,159032,67812,a,,,,,,,,2.0,2,16,360,4,0,0,1,5,15,0,8,0,43,0.00,0.01,0.01,5.45,2.0,2.0
2026-10-10T01:52:21+00:00,2026-10-09,daily,6,2026-10-10T10:00:00Z,606,Rowe,AVL,DEF,40,0,0,0.2,452,1132,13148,6387,a,,,,,,,,0.0,0,0,0,0,0,0,0,0,0,0,0,0,0,0.00,0.00,0.00,0.00,0.0,0.0
2026-10-10T01:52:21+00:00,2026-10-09,daily,6,2026-10-10T10:00:00Z,607,Lynch,AVL,MID,45,0,0,0.1,0,867,7103,8311,u,Has joined Oxford United on loan until January,2026-09-04T12:35:39.820426Z,0,0,,,,0.0,0,0,0,0,0,0,0,0,0,0,0,0,0,0.00,0.00,0.00,0.00,0.0,0.0
2026-10-10T01:52:21+00:00,2026-10-09,daily,6,2026-10-10T10:00:00Z,611,Wan-Bissaka,AVL,DEF,45,0,0,0.2,2625,2108,19478,8441,a,,,,,,,,2.0,1,6,152,2,0,0,0,2,0,21,12,9,1,0.00,0.07,0.07,3.27,2.0,2.0
2026-10-10T01:52:21+00:00,2026-10-09,daily,6,2026-10-10T10:00:00Z,618,Goretzka,AVL,MID,59,0,-1,0.0,44,522,4653,4836,i,Knee injury - Expected back 17 Oct,2026-09-09T09:30:08.229436Z,0,0,,,,0.0,0,0,0,0,0,0,0,0,0,0,0,0,0,0.00,0.00,0.00,0.00,0.0,0.0
2026-10-10T01:52:21+00:00,2026-10-09,daily,6,2026-10-10T10:00:00Z,630,Harwood-Bellis,AVL,DEF,45,0,0,0.0,334,295,2311,1101,a,,,,,,,,0.0,0,0,0,0,0,0,0,0,0,0,0,0,0,0.00,0.00,0.00,0.00,0.0,0.0
2026-10-10T01:52:21+00:00,2026-10-09,daily,6,2026-10-10T10:00:00Z,631,Mbaye,AVL,MID,60,0,0,0.1,1516,1756,11024,5437,a,,,,,,,,1.0,1,2,33,0,0,0,0,3,0,2,0,1,1,0.02,0.13,0.15,1.64,1.0,1.0
2026-10-10T01:52:21+00:00,2026-10-09,daily,6,2026-10-10T10:00:00Z,667,Wright,AVL,GKP,40,0,0,0.2,14821,1895,14821,1895,a,,,,,,,,0.0,0,0,0,0,0,0,0,0,0,0,0,0,0,0.00,0.00,0.00,0.00,1.0,1.0
2026-10-10T01:52:21+00:00,2026-10-09,daily,6,2026-10-10T10:00:00Z,57,Petrović,BOU,GKP,45,0,0,2.9,12105,22446,118088,135117,a,,,,,,,,1.5,2,9,450,5,0,0,0,8,11,0,6,0,43,0.00,0.00,0.00,6.95,1.5,1.5
2026-10-10T01:52:21+00:00,2026-10-09,daily,6,2026-10-10T10:00:00Z,58,Forster,BOU,GKP,40,0,0,3.5,16549,13432,125743,85253,a,,,,,,,,0.0,0,0,0,0,0,0,0,0,0,0,0,0,0,0.00,0.00,0.00,0.00,0.0,0.0
2026-10-10T01:52:21+00:00,2026-10-09,daily,6,2026-10-10T10:00:00Z,59,Dennis,BOU,GKP,40,0,0,0.1,0,1017,1133,7985,u,Has joined MK Dons permanently,2026-08-27T14:53:48.692835Z,0,0,,,,0.0,0,0,0,0,0,0,0,0,0,0,0,0,0,0.00,0.00,0.00,0.00,0.0,0.0
2026-10-10T01:52:21+00:00,2026-10-09,daily,6,2026-10-10T10:00:00Z,60,Hill,BOU,DEF,55,0,0,0.8,5729,5384,33470,45978,a,,,,,,,,3.0,4,12,450,5,0,0,0,8,0,50,41,9,11,0.00,0.79,0.79,6.95,3.0,3.0
2026-10-10T01:52:21+00:00,2026-10-09,daily,6,2026-10-10T10:00:00Z,61,Truffert,BOU,DEF,54,-1,-1,2.9,9017,22161,60886,170444,a,,,,,,,,2.5,2,10,450,5,0,0,0,8,0,45,28,17,24,0.11,0.29,0.40,6.95,2.5,2.5
2026-10-10T01:52:21+00:00,2026-10-09,daily,6,2026-10-10T10:00:00Z,62,Diakité,BOU,DEF,49,-1,-1,0.2,654,1314,7312,12379,a,,,,,,,,0.0,0,0,0,0,0,0,0,0,0,0,0,0,0,0.00,0.00,0.00,0.00,0.0,0.0
2026-10-10T01:52:21+00:00,2026-10-09,daily,6,2026-10-10T10:00:00Z,63,Milosavljević,BOU,DEF,49,0,-1,0.0,59,91,365,888,i,Thigh injury - Unknown return date,2026-08-06T10:00:10.456051Z,0,0,,,,0.0,0,0,0,0,0,0,0,0,0,0,0,0,0,0.00,0.00,0.00,0.00,0.0,0.0
2026-10-10T01:52:21+00:00,2026-10-09,daily,6,2026-10-10T10:00:00Z,64,Smith,BOU,DEF,45,0,0,0.1,862,930,7660,7758,a,,,,,,,,1.0,2,4,434,5,0,0,0,8,0,21,16,5,15,0.01,0.09,0.10,6.70,1.0,1.0
2026-10-10T01:52:21+00:00,2026-10-09,daily,6,2026-10-10T10:00:00Z,65,J.Araujo,BOU,DEF,44,0,-1,0.0,68,98,452,1337,i,Thigh injury - Unknown return date,2026-08-09T08:00:05.645826Z,0,0,,,,0.0,0,0,0,0,0,0,0,0,0,0,0,0,0,0.00,0.00,0.00,0.00,0.0,0.0
2026-10-10T01:52:21+00:00,2026-10-09,daily,6,2026-10-10T10:00:00Z,66,Soler,BOU,DEF,40,0,0,0.3,1147,1725,14238,11610,a,,2026-08-15T16:30:07.021055Z,100,100,,,,0.0,0,0,0,0,0,0,0,0,0,0,0,0,0,0.00,0.00,0.00,0.00,0.0,0.0
2026-10-10T01:52:21+00:00,2026-10-09,daily,6,2026-10-10T10:00:00Z,67,Rayan,BOU,MID,63,-1,-2,1.5,8784,16869,57454,176365,a,,,,,,,,2.0,2,10,434,5,0,0,0,7,0,15,6,5,4,0.87,0.43,1.30,6.35,2.0,2.0
2026-10-10T01:52:21+00:00,2026-10-09,daily,6,2026-10-10T10:00:00Z,68,Tavernier,BOU,MID,61,0,1,7.1,161210,85918,772403,260642,a,,,,,3,1,1,5.0,2,31,424,5,3,0,0,8,0,42,5,11,26,1.70,0.92,2.62,6.54,5.0,5.0
2026-10-10T01:52:21+00:00,2026-10-09,daily,6,2026-10-10T10:00:00Z,69,Scott,BOU,MID,61,0,1,4.6,26743,157484,550646,327660,i,Thigh injury - Unknown return date,2026-10-05T09:30:09.910752Z,,0,,4,2,3.0,2,30,446,5,1,2,1,7,0,60,15,9,36,0.64,0.42,1.06,6.82,3.0,0.0
2026-10-10T01:52:21+00:00,2026-10-09,daily,6,2026-10-10T10:00:00Z,70,Kluivert,BOU,MID,59,-1,-1,0.7,2370,33538,52727,98420,i,Unspecified injury - Unknown return date,2026-09-20T15:30:09.074071Z,,0,2,2,3,4.0,0,15,294,4,1,0,2,3,0,22,2,4,16,0.99,0.08,1.07,4.48,4.0,0.0
2026-10-10T01:52:21+00:00,2026-10-09,daily,6,2026-10-10T10:00:00Z,71,Cook,BOU,MID,50,0,0,0.2,402,1800,13236,14581,a,,,,,,,,0.5,1,8,180,2,0,0,2,1,0,14,7,1,6,0.00,0.01,0.01,4.20,0.5,0.5
2026-10-10T01:52:21+00:00,2026-10-09,daily,6,2026-10-10T10:00:00Z,72,Gannon-Doak,BOU,MID,49,0,-1,0.1,221,643,1721,4903,a,,,,,,,,1.0,1,4,12,0,0,0,0,1,0,7,0,2,5,0.12,0.05,0.17,0.60,1.0,1.0
2026-10-10T01:52:21+00:00,2026-10-09,daily,6,2026-10-10T10:00:00Z,73,Adams,BOU,MID,50,0,0,0.3,1958,2465,19167,17456,a,,2026-08-15T16:30:07.029928Z,100,100,,,,3.0,4,12,279,3,0,0,0,7,0,41,12,7,22,0.03,0.07,0.10,2.74,3.0,3.0
2026-10-10T01:52:21+00:00,2026-10-09,daily,6,2026-10-10T10:00:00Z,74,Brooks,BOU,MID,50,0,0,0.1,318,542,3500,4000,a,,2026-08-15T16:30:07.037929Z,100,100,,3,4,0.5,1,3,45,0,0,0,0,2,0,5,2,0,3,0.00,0.07,0.07,0.75,0.5,0.5
2026-10-10T01:52:21+00:00,2026-10-09,daily,6,2026-10-10T10:00:00Z,75,Christie,BOU,MID,50,0,0,0.0,694,416,3949,2361,a,,2026-07-24T17:30:10.035483Z,100,100,,,,1.5,2,5,102,1,0,0,0,2,0,14,3,1,10,0.50,0.13,0.63,1.64,1.5,1.5
2026-10-10T01:52:21+00:00,2026-10-09,daily,6,2026-10-10T10:00:00Z,76,Tóth.A,BOU,MID,49,0,-1,0.0,42,86,399,815,a,,,,,,,,0.5,1,2,17,0,0,0,0,2,0,2,0,1,1,0.00,0.00,0.00,0.56,0.5,0.5
2026-10-10T01:52:21+00:00,2026-10-09,daily,6,2026-10-10T10:00:00Z,77,Adli,BOU,MID,49,0,-1,0.0,39,110,308,2251,i,Calf injury - Unknown return date,2026-08-15T16:00:07.590566Z,0,0,,,,0.0,0,0,0,0,0,0,0,0,0,0,0,0,0,0.00,0.00,0.00,0.00,0.0,0.0
2026-10-10T01:52:21+00:00,2026-10-09,daily,6,2026-10-10T10:00:00Z,78,Kroupi.Jr,BOU,MID,74,0,-1,0.2,292,1190,1338,27708,i,Foot injury - Expected back 7 Nov,2026-07-29T17:30:09.796802Z,0,0,1,,,0.0,0,0,0,0,0,0,0,0,0,0,0,0,0,0.00,0.00,0.00,0.00,0.0,0.0
2026-10-10T01:52:21+00:00,2026-10-09,daily,6,2026-10-10T10:00:00Z,79,Evanilson,BOU,FWD,60,0,0,3.3,38579,35703,274040,190530,a,,,,,,,,3.5,2,18,424,5,0,3,2,5,0,27,11,3,13,0.87,0.52,1.39,6.45,3.5,3.5
2026-10-10T01:52:21+00:00,2026-10-09,daily,6,2026-10-10T10:00:00Z,80,Enes Ünal,BOU,FWD,55,0,0,0.0,0,71,0,2003,u,Has joined Getafe permanently,2026-08-14T14:14:21.881112Z,0,0,,,,0.0,0,0,0,0,0,0,0,0,0,0,0,0,0,0.00,0.00,0.00,0.00,0.0,0.0
2026-10-10T01:52:21+00:00,2026-10-09,daily,6,2026-10-10T10:00:00Z,81,Rodríguez,BOU,FWD,60,0,0,0.1,1341,1004,6048,7135,a,,2026-08-15T16:30:07.054142Z,100,100,,,,0.5,0,2,10,0,0,0,0,1,0,1,0,0,1,0.00,0.00,0.00,0.18,0.5,0.5
2026-10-10T01:52:21+00:00,2026-10-09,daily,6,2026-10-10T10:00:00Z,566,Silva,BOU,DEF,50,0,0,0.5,26944,11996,52406,33437,a,,,,,,,,3.0,3,13,450,5,0,0,0,8,0,56,51,5,14,0.85,0.29,1.14,6.95,3.0,3.0
2026-10-10T01:52:21+00:00,2026-10-09,daily,6,2026-10-10T10:00:00Z,573,Sanchez,BOU,DEF,44,0,-1,0.2,219,702,1639,7359,a,,,,,,,,0.0,0,0,0,0,0,0,0,0,0,0,0,0,0,0.00,0.00,0.00,0.00,0.0,0.0
2026-10-10T01:52:21+00:00,2026-10-09,daily,6,2026-10-10T10:00:00Z,608,Jebbison,BOU,FWD,50,0,0,0.1,1374,1316,13737,7671,a,,,,,,,,0.5,1,3,31,0,0,0,0,2,0,1,0,0,1,0.10,0.00,0.10,0.61,0.5,0.5
2026-10-10T01:52:21+00:00,2026-10-09,daily,6,2026-10-10T10:00:00Z,615,Di Gregorio,BOU,GKP,45,0,0,0.0,254,270,2997,1819,a,,,,,,,,0.0,0,0,0,0,0,0,0,0,0,0,0,0,0,0.00,0.00,0.00,0.00,0.0,0.0
2026-10-10T01:52:21+00:00,2026-10-09,daily,6,2026-10-10T10:00:00Z,82,Kelleher,BRE,GKP,50,0,0,6.1,34297,27767,265934,228033,a,,,,,,,,4.5,6,20,450,5,0,0,2,4,17,0,7,0,34,0.00,0.01,0.01,6.32,4.5,4.5
2026-10-10T01:52:21+00:00,2026-10-09,daily,6,2026-10-10T10:00:00Z,83,Valdimarsson,BRE,GKP,45,0,0,0.1,476,596,3041,4846,a,,,,,,,,0.0,0,0,0,0,0,0,0,0,0,0,0,0,0,0.00,0.00,0.00,0.00,0.0,0.0
2026-10-10T01:52:21+00:00,2026-10-09,daily,6,2026-10-10T10:00:00Z,84,Collins,BRE,DEF,54,0,-1,0.9,162,15749,58781,163105,i,Calf injury - Unknown return date,2026-09-05T18:00:06.182495Z,0,0,,,,0.0,0,10,196,3,0,0,1,1,0,17,15,2,11,0.51,0.05,0.56,2.13,0.0,0.0
2026-10-10T01:52:21+00:00,2026-10-09,daily,6,2026-10-10T10:00:00Z,85,Van den Berg,BRE,DEF,49,0,-1,0.1,67,530,440,9136,i,Groin injury - Unknown return date,2026-08-15T15:30:06.416627Z,0,0,,,,0.0,0,0,0,0,0,0,0,0,0,0,0,0,0,0.00,0.00,0.00,0.00,0.0,0.0
2026-10-10T01:52:21+00:00,2026-10-09,daily,6,2026-10-10T10:00:00Z,86,Lewis-Potter,BRE,MID,55,0,0,1.6,6485,20572,193130,128953,a,,,,,,1,5,2.0,3,22,406,5,1,1,2,4,0,38,17,6,15,1.21,0.79,2.00,5.69,2.0,2.0
2026-10-10T01:52:21+00:00,2026-10-09,daily,6,2026-10-10T10:00:00Z,87,Ajer,BRE,DEF,45,0,0,3.8,25267,45903,330754,299595,a,,,,,,,,4.0,7,21,450,5,0,0,2,4,0,50,46,4,11,0.13,0.08,0.21,6.32,4.0,4.0
2026-10-10T01:52:21+00:00,2026-10-09,daily,6,2026-10-10T10:00:00Z,88,Kayode,BRE,DEF,46,0,1,7.6,32022,40069,614720,386303,a,,,,,,,,3.5,6,23,294,4,1,0,2,1,0,16,14,2,14,0.55,0.43,0.98,3.24,3.5,3.5
2026-10-10T01:52:21+00:00,2026-10-09,daily,6,2026-10-10T10:00:00Z,89,Henry,BRE,DEF,44,0,-1,0.2,237,956,2061,8954,a,,,,,,,,0.0,0,1,2,0,0,0,0,0,0,0,0,0,0,0.00,0.00,0.00,0.00,0.0,0.0
2026-10-10T01:52:21+00:00,2026-10-09,daily,6,2026-10-10T10:00:00Z,90,Hickey,BRE,DEF,45,0,0,0.1,301,427,2215,3160,a,,,,,,,,1.0,1,5,152,1,0,0,0,3,0,17,13,4,8,0.03,0.06,0.09,3.07,1.0,1.0
2026-10-10T01:52:21+00:00,2026-10-09,daily,6,2026-10-10T10:00:00Z,92,Ji-soo,BRE,DEF,44,-1,-1,0.0,89,119,523,991,a,,,,,,,,0.0,0,0,0,0,0,0,0,0,0,0,0,0,0,0.00,0.00,0.00,0.00,0.0,0.0
2026-10-10T01:52:21+00:00,2026-10-09,daily,6,2026-10-10T10:00:00Z,93,Schuster,BRE,DEF,45,0,0,0.6,35728,5574,37290,10062,a,,,,,,,,8.5,14,21,253,2,0,1,1,3,0,38,35,3,6,0.10,0.54,0.64,4.19,8.5,8.5
2026-10-10T01:52:21+00:00,2026-10-09,daily,6,2026-10-10T10:00:00Z,94,Schade,BRE,MID,62,1,2,15.0,771737,71901,1391592,291905,a,,,,,2,,,12.0,9,39,447,5,3,2,2,4,0,34,6,7,21,1.52,0.32,1.84,6.32,12.0,12.0
2026-10-10T01:52:21+00:00,2026-10-09,daily,6,2026-10-10T10:00:00Z,95,O.Dango,BRE,MID,63,0,-2,0.4,1629,6503,15990,85082,a,,,,,,,4,1.0,1,7,179,2,0,0,1,1,0,28,9,2,17,0.09,0.39,0.48,2.81,1.0,1.0
2026-10-10T01:52:21+00:00,2026-10-09,daily,6,2026-10-10T10:00:00Z,96,Damsgaard,BRE,MID,54,0,-1,0.4,1992,5912,15503,34028,d,Unspecified injury - 75% chance of playing,2026-10-03T19:30:08.141728Z,,75,,3,2,2.0,3,16,283,3,0,1,2,1,0,31,6,7,18,0.17,0.73,0.90,3.06,2.0,1.5
2026-10-10T01:52:21+00:00,2026-10-09,daily,6,2026-10-10T10:00:00Z,97,Jensen,BRE,MID,54,0,-1,0.1,24,1043,4509,15477,i,Unspecified injury - Expected back 10 Oct,2026-08-30T12:30:08.176795Z,0,0,3,2,1,0.0,0,6,66,1,0,1,1,0,0,5,0,2,3,0.08,0.34,0.42,0.47,0.0,0.0
2026-10-10T01:52:21+00:00,2026-10-09,daily,6,2026-10-10T10:00:00Z,98,Janelt,BRE,MID,50,0,0,2.5,33543,31495,320603,120586,a,,,,,,,3,3.5,3,28,450,5,2,0,2,4,0,64,27,17,20,0.53,0.44,0.97,6.32,3.5,3.5
2026-10-10T01:52:21+00:00,2026-10-09,daily,6,2026-10-10T10:00:00Z,99,Milambo,BRE,MID,50,0,0,0.0,13,11,122,163,i,Knee injury - Unknown return date,2026-07-23T12:01:23.384798Z,0,0,,,,0.0,0,0,0,0,0,0,0,0,0,0,0,0,0,0.00,0.00,0.00,0.00,0.0,0.0
2026-10-10T01:52:21+00:00,2026-10-09,daily,6,2026-10-10T10:00:00Z,100,Carvalho,BRE,MID,50,0,0,0.0,854,258,2152,1536,a,,2026-08-18T13:58:17.442072Z,100,100,,,,3.0,6,6,3,0,1,0,0,0,0,0,0,0,0,0.43,0.00,0.43,0.13,3.0,3.0
2026-10-10T01:52:21+00:00,2026-10-09,daily,6,2026-10-10T10:00:00Z,102,Yarmoliuk,BRE,MID,48,0,-2,0.6,2582,6870,7035,65220,a,,,,,,,,3.5,3,9,216,2,0,1,1,4,0,26,7,5,14,0.10,0.30,0.40,4.58,3.5,3.5
2026-10-10T01:52:21+00:00,2026-10-09,daily,6,2026-10-10T10:00:00Z,103,Dasilva,BRE,MID,49,0,-1,0.0,17,171,408,2016,i,Hamstring injury - Expected back 10 Oct,2026-09-04T13:30:08.371955Z,0,0,,,,0.0,0,0,0,0,0,0,0,0,0,0,0,0,0,0.00,0.00,0.00,0.00,0.0,0.0
2026-10-10T01:52:21+00:00,2026-10-09,daily,6,2026-10-10T10:00:00Z,105,Anthony,BRE,MID,59,0,-1,0.2,4134,1065,9132,11466,a,,,,,,,,5.5,10,15,267,3,1,0,2,3,0,26,6,4,16,1.15,0.54,1.69,3.50,5.5,5.5
2026-10-10T01:52:21+00:00,2026-10-09,daily,6,2026-10-10T10:00:00Z,106,Thiago,BRE,FWD,78,0,-2,9.5,120322,70001,340745,1066909,a,,,,,1,,,3.0,5,10,442,5,1,0,2,4,0,19,4,3,12,3.13,0.16,3.29,6.25,3.0,3.0
2026-10-10T01:52:21+00:00,2026-10-09,daily,6,2026-10-10T10:00:00Z,107,Furo,BRE,FWD,45,0,0,0.8,1263,14572,62336,71734,i,Unspecified injury - Unknown return date,2026-09-14T14:00:09.985723Z,0,0,,,,0.0,0,0,0,0,0,0,0,0,0,0,0,0,0,0.00,0.00,0.00,0.00,0.0,0.0
2026-10-10T01:52:21+00:00,2026-10-09,daily,6,2026-10-10T10:00:00Z,108,Wilson,BRE,FWD,54,-1,-1,0.3,1934,3472,16283,27537,a,,,,,,,,0.0,0,3,13,0,0,0,0,0,0,2,1,0,1,0.07,0.04,0.11,0.15,0.0,0.0
2026-10-10T01:52:21+00:00,2026-10-09,daily,6,2026-10-10T10:00:00Z,565,M.Sangaré,BRE,MID,56,-1,1,9.0,14052,229782,1233340,911671,a,,,,,,,,2.0,0,22,321,4,0,2,1,3,0,48,12,14,22,0.41,0.65,1.06,4.31,2.0,2.0
2026-10-10T01:52:21+00:00,2026-10-09,daily,6,2026-10-10T10:00:00Z,620,Diouf,BRE,DEF,45,0,0,0.1,914,1039,14075,7701,a,,,,,,,,1.0,1,2,39,0,0,0,0,0,0,2,2,0,1,0.00,0.01,0.01,0.63,1.0,1.0
2026-10-10T01:52:21+00:00,2026-10-09,daily,6,2026-10-10T10:00:00Z,657,Nunes,BRE,MID,45,0,0,0.0,486,333,2228,726,a,,,,,,,,0.0,0,0,0,0,0,0,0,0,0,0,0,0,0,0.00,0.00,0.00,0.00,0.0,0.0
2026-10-10T01:52:21+00:00,2026-10-09,daily,6,2026-10-10T10:00:00Z,660,Fredrick,BRE,DEF,40,0,0,0.0,752,98,752,98,a,,,,,,,,0.0,0,0,0,0,0,0,0,0,0,0,0,0,0,0.00,0.00,0.00,0.00,1.1,1.1
2026-10-10T01:52:21+00:00,2026-10-09,daily,6,2026-10-10T10:00:00Z,661,Balcombe,BRE,GKP,40,0,0,0.1,5020,975,5020,975,a,,,,,,,,0.0,0,0,0,0,0,0,0,0,0,0,0,0,0,0.00,0.00,0.00,0.00,1.0,1.0
2026-10-10T01:52:21+00:00,2026-10-09,daily,6,2026-10-10T10:00:00Z,109,Verbruggen,BHA,GKP,45,0,0,21.4,137669,161925,831144,697779,a,,,,,,,,7.0,6,23,450,5,0,0,3,5,12,0,3,0,34,0.00,0.20,0.20,8.67,7.0,7.0
2026-10-10T01:52:21+00:00,2026-10-09,daily,6,2026-10-10T10:00:00Z,111,Steele,BHA,GKP,40,0,0,4.0,13918,27926,154105,133681,a,,,,,,,,0.0,0,0,0,0,0,0,0,0,0,0,0,0,0,0.00,0.00,0.00,0.00,0.0,0.0
2026-10-10T01:52:21+00:00,2026-10-09,daily,6,2026-10-10T10:00:00Z,113,F.Kadıoğlu,BHA,DEF,44,0,-1,1.5,8662,14702,35075,142245,a,,2026-08-23T13:00:07.595211Z,100,100,,,3,5.5,5,13,332,4,0,0,2,5,0,10,9,1,8,0.12,0.13,0.25,7.55,5.5,5.5
2026-10-10T01:52:21+00:00,2026-10-09,daily,6,2026-10-10T10:00:00Z,114,Boscagli,BHA,DEF,45,0,0,0.3,4943,1783,19160,12860,a,,,,,,,,6.0,6,19,437,5,0,0,3,5,0,29,25,4,17,0.07,0.53,0.60,8.45,6.0,6.0
2026-10-10T01:52:21+00:00,2026-10-09,daily,6,2026-10-10T10:00:00Z,115,De Cuyper,BHA,DEF,50,1,5,30.4,590110,49200,3008449,434231,a,,,,,,4,2,8.5,6,38,423,5,1,3,3,5,0,16,8,8,18,1.55,0.67,2.22,8.58,8.5,8.5
2026-10-10T01:52:21+00:00,2026-10-09,daily,6,2026-10-10T10:00:00Z,116,Dunk,BHA,DEF,45,0,0,1.5,12565,17305,94126,58369,a,,2026-09-22T09:30:09.629652Z,,100,,3,,6.0,0,22,360,4,1,0,2,5,0,23,20,3,13,0.03,0.09,0.12,7.04,6.0,6.0
2026-10-10T01:52:21+00:00,2026-10-09,daily,6,2026-10-10T10:00:00Z,117,Coppola,BHA,DEF,45,0,0,0.0,174,144,986,1107,a,,,,,,,,0.0,0,0,0,0,0,0,0,0,0,0,0,0,0,0.00,0.00,0.00,0.00,0.0,0.0
2026-10-10T01:52:21+00:00,2026-10-09,daily,6,2026-10-10T10:00:00Z,118,Igor,BHA,DEF,45,0,0,0.0,0,437,915,6080,u,Has joined Burnley permanently,2026-09-02T15:38:15.529699Z,0,0,,,,0.0,0,0,0,0,0,0,0,0,0,0,0,0,0,0.00,0.00,0.00,0.00,0.0,0.0
2026-10-10T01:52:21+00:00,2026-10-09,daily,6,2026-10-10T10:00:00Z,119,Costinha,BHA,DEF,45,0,0,0.0,281,202,1386,1527,a,,,,,,,,1.0,1,4,68,0,0,0,0,0,0,7,6,1,1,0.12,0.30,0.42,1.02,1.0,1.0
2026-10-10T01:52:21+00:00,2026-10-09,daily,6,2026-10-10T10:00:00Z,120,Svoboda,BHA,DEF,50,0,0,0.1,1601,626,4777,4148,a,,,,,,,,0.5,1,1,4,0,0,0,0,0,0,1,0,1,1,0.00,0.00,0.00,0.14,0.5,0.5
2026-10-10T01:52:21+00:00,2026-10-09,daily,6,2026-10-10T10:00:00Z,121,Mitoma,BHA,MID,59,0,-1,0.0,179,235,605,3172,i,Hamstring injury - Expected back 10 Oct,2026-07-24T18:30:10.661894Z,0,0,,,,0.0,0,0,0,0,0,0,0,0,0,0,0,0,0,0.00,0.00,0.00,0.00,0.0,0.0
2026-10-10T01:52:21+00:00,2026-10-09,daily,6,2026-10-10T10:00:00Z,122,Minteh,BHA,MID,58,-1,-2,0.0,63,320,353,6994,i,Leg injury - Expected back 28 Nov,2026-08-14T18:00:06.418033Z,0,0,,,5,0.0,0,0,0,0,0,0,0,0,0,0,0,0,0,0.00,0.00,0.00,0.00,0.0,0.0
2026-10-10T01:52:21+00:00,2026-10-09,daily,6,2026-10-10T10:00:00Z,123,Hinshelwood,BHA,MID,59,0,-1,0.5,575,9890,148196,219116,d,Ankle injury - 50% chance of playing,2026-08-27T19:30:07.780933Z,0,50,,,,0.0,0,16,63,1,2,0,1,0,0,3,0,2,1,1.41,0.02,1.43,0.19,0.0,0.0
2026-10-10T01:52:21+00:00,2026-10-09,daily,6,2026-10-10T10:00:00Z,124,Groß,BHA,MID,59,2,4,34.2,1340314,29018,2700807,558801,a,,,,,1,1,1,15.5,14,47,450,5,3,4,3,5,0,26,9,7,10,1.77,0.86,2.63,8.67,15.5,15.5
2026-10-10T01:52:21+00:00,2026-10-09,daily,6,2026-10-10T10:00:00Z,125,Georginio,BHA,FWD,53,-1,-2,0.4,4639,6851,36636,79479,a,,2026-08-26T16:00:07.608056Z,100,100,,,,0.5,1,6,104,1,0,1,1,0,0,9,1,2,6,0.17,0.45,0.62,1.03,0.5,0.5
2026-10-10T01:52:21+00:00,2026-10-09,daily,6,2026-10-10T10:00:00Z,126,O'Riley,BHA,MID,54,0,-1,0.1,575,749,3749,6705,a,,,,,3,,,1.0,1,2,10,0,0,0,0,0,0,3,2,0,1,0.28,0.01,0.29,0.18,1.0,1.0
2026-10-10T01:52:21+00:00,2026-10-09,daily,6,2026-10-10T10:00:00Z,127,Gomez,BHA,MID,50,0,0,3.7,22555,72949,345062,334580,a,,,,,,5,,5.5,8,24,433,5,0,3,3,5,0,36,7,13,16,0.79,0.78,1.57,8.49,5.5,5.5
2026-10-10T01:52:21+00:00,2026-10-09,daily,6,2026-10-10T10:00:00Z,128,Buonanotte,BHA,MID,50,0,0,0.0,0,11,0,334,u,Has joined Elche on loan for the rest of the season,2026-08-10T14:03:07.561436Z,0,0,,,,0.0,0,0,0,0,0,0,0,0,0,0,0,0,0,0.00,0.00,0.00,0.00,0.0,0.0
2026-10-10T01:52:21+00:00,2026-10-09,daily,6,2026-10-10T10:00:00Z,129,Ayari,BHA,MID,54,0,-1,0.4,4649,3674,14890,43229,a,,2026-08-30T18:00:07.935334Z,100,100,,2,4,5.5,3,15,333,4,1,0,3,1,0,21,4,2,15,0.70,0.18,0.88,5.64,5.5,5.5
2026-10-10T01:52:21+00:00,2026-10-09,daily,6,2026-10-10T10:00:00Z,130,Wieffer,BHA,DEF,49,0,-1,0.2,38,2984,25953,44416,i,Knee injury - Unknown return date,2026-09-04T09:30:08.612904Z,0,0,,,,0.0,0,7,156,2,0,0,1,4,0,15,11,4,9,0.12,0.13,0.25,3.18,0.0,0.0
2026-10-10T01:52:21+00:00,2026-10-09,daily,6,2026-10-10T10:00:00Z,132,Howell,BHA,MID,45,0,0,0.0,0,335,0,3813,u,Has joined Leicester City on loan for the rest of the season,2026-08-17T13:53:19.019938Z,0,0,,,,0.0,0,0,0,0,0,0,0,0,0,0,0,0,0,0.00,0.00,0.00,0.00,0.0,0.0
2026-10-10T01:52:21+00:00,2026-10-09,daily,6,2026-10-10T10:00:00Z,133,Watson,BHA,MID,50,0,0,0.0,0,6,0,137,u,Has joined Leicester City on loan for the rest of the season,2026-08-03T14:05:44.459483Z,0,0,,,,0.0,0,0,0,0,0,0,0,0,0,0,0,0,0,0.00,0.00,0.00,0.00,0.0,0.0
2026-10-10T01:52:21+00:00,2026-10-09,daily,6,2026-10-10T10:00:00Z,134,Oriola,BHA,MID,44,-1,-1,0.2,533,2227,8937,15095,a,,,,,,,,0.0,0,0,0,0,0,0,0,0,0,0,0,0,0,0.00,0.00,0.00,0.00,0.0,0.0
2026-10-10T01:52:21+00:00,2026-10-09,daily,6,2026-10-10T10:00:00Z,135,Yohanna,BHA,MID,48,-1,-2,0.0,32,609,1275,5716,i,Unspecified injury - Expected back 10 Oct,2026-09-10T13:00:08.617941Z,0,0,,,,0.0,0,1,12,0,0,0,0,0,0,0,0,0,0,0.00,0.03,0.03,0.00,0.0,0.0
2026-10-10T01:52:21+00:00,2026-10-09,daily,6,2026-10-10T10:00:00Z,137,Tzimas,BHA,FWD,54,0,-1,0.0,55,81,352,779,i,Knee injury - Unknown return date,2026-07-23T12:01:23.432796Z,0,0,,,,0.0,0,0,0,0,0,0,0,0,0,0,0,0,0,0.00,0.00,0.00,0.00,0.0,0.0
2026-10-10T01:52:21+00:00,2026-10-09,daily,6,2026-10-10T10:00:00Z,138,Kostoulas,BHA,FWD,56,1,1,7.3,640481,51148,745172,83658,a,,,,,,,,10.0,10,28,353,4,2,3,2,5,0,27,5,4,18,1.35,0.06,1.41,7.67,10.0,10.0
2026-10-10T01:52:21+00:00,2026-10-09,daily,6,2026-10-10T10:00:00Z,139,Ferguson,BHA,FWD,50,0,0,0.0,208,348,1659,2617,i,Ankle injury - Expected back 10 Oct,2026-07-23T12:01:23.448357Z,0,0,,,,0.0,0,0,0,0,0,0,0,0,0,0,0,0,0,0.00,0.00,0.00,0.00,0.0,0.0
2026-10-10T01:52:21+00:00,2026-10-09,daily,6,2026-10-10T10:00:00Z,328,Struijk,BHA,DEF,49,0,-1,0.2,690,1721,5719,12972,d,Hamstring injury - 75% chance of playing,2026-09-22T10:00:09.404233Z,100,75,,,,3.0,5,7,98,1,0,0,1,0,0,10,9,1,6,0.16,0.01,0.17,1.70,3.0,2.2
2026-10-10T01:52:21+00:00,2026-10-09,daily,6,2026-10-10T10:00:00Z,504,Vuskovic,BHA,DEF,50,0,0,4.1,116612,30914,319712,155726,a,,,,,,,,7.0,8,32,437,5,1,0,3,5,0,43,37,6,17,0.46,0.07,0.53,8.45,7.0,7.0
2026-10-10T01:52:21+00:00,2026-10-09,daily,6,2026-10-10T10:00:00Z,594,David,BHA,FWD,59,-1,-1,0.2,4402,3170,16264,23443,a,,,,,2,,,0.0,0,1,23,0,0,0,0,0,0,0,0,0,0,0.42,0.00,0.42,0.14,0.0,0.0
2026-10-10T01:52:21+00:00,2026-10-09,daily,6,2026-10-10T10:00:00Z,600,Osman,BHA,MID,50,0,0,0.0,150,185,981,1152,a,,,,,,,,0.5,0,3,40,0,0,0,0,1,0,4,0,1,3,0.05,0.07,0.12,0.32,0.5,0.5
2026-10-10T01:52:21+00:00,2026-10-09,daily,6,2026-10-10T10:00:00Z,605,Yalcouyé,BHA,MID,45,0,0,3.9,45834,56177,574723,194131,a,,,,,,,,4.5,1,20,236,3,2,0,1,4,0,19,6,6,7,1.46,0.45,1.91,6.57,4.5,4.5
2026-10-10T01:52:21+00:00,2026-10-09,daily,6,2026-10-10T10:00:00Z,614,Hadjam,BHA,DEF,45,0,0,0.0,345,339,4084,2044,a,,,,,,,,0.0,0,0,0,0,0,0,0,0,0,0,0,0,0,0.00,0.00,0.00,0.00,0.0,0.0
2026-10-10T01:52:21+00:00,2026-10-09,daily,6,2026-10-10T10:00:00Z,624,Cozier-Duberry,BHA,MID,50,0,0,0.0,0,7,117,115,u,Has joined Middlesbrough on loan for the rest of the season,2026-09-02T15:38:15.552951Z,0,0,,,,0.0,0,0,0,0,0,0,0,0,0,0,0,0,0,0.00,0.00,0.00,0.00,0.0,0.0
2026-10-10T01:52:21+00:00,2026-10-09,daily,6,2026-10-10T10:00:00Z,639,Andrés,BHA,MID,55,0,0,0.1,4927,525,6171,993,a,,,,,,,,6.0,8,12,109,1,1,1,1,0,0,13,4,1,8,0.52,0.12,0.64,1.70,6.0,6.0
2026-10-10T01:52:21+00:00,2026-10-09,daily,6,2026-10-10T10:00:00Z,652,Azeez,BHA,MID,55,0,0,0.0,28,61,451,218,i,Hamstring injury - Expected back 10 Oct,2026-09-04T11:30:08.661589Z,0,0,,,,0.0,0,0,0,0,0,0,0,0,0,0,0,0,0,0.00,0.00,0.00,0.00,0.0,0.0
2026-10-10T01:52:21+00:00,2026-10-09,daily,6,2026-10-10T10:00:00Z,658,Ibrahim,BHA,MID,45,0,0,0.0,435,269,1598,537,a,,,,,,,,0.0,0,0,0,0,0,0,0,0,0,0,0,0,0,0.00,0.00,0.00,0.00,0.0,0.0
2026-10-10T01:52:21+00:00,2026-10-09,daily,6,2026-10-10T10:00:00Z,28,Martinez,CHE,GKP,50,0,0,4.7,15204,33356,252971,257937,a,,,,,,,,2.0,2,9,360,4,0,0,0,10,18,0,1,0,37,0.00,0.01,0.01,7.49,2.0,2.0
2026-10-10T01:52:21+00:00,2026-10-09,daily,6,2026-10-10T10:00:00Z,40,Rogers,CHE,MID,78,1,3,42.2,375448,118822,2704871,710509,a,,,,,,3,4,5.0,2,29,437,5,3,1,0,12,0,31,3,5,23,1.72,1.23,2.95,8.73,5.0,5.0
2026-10-10T01:52:21+00:00,2026-10-09,daily,6,2026-10-10T10:00:00Z,101,Henderson,CHE,MID,49,0,-1,0.0,719,230,1332,2704,a,,2026-08-09T09:30:07.136250Z,50,100,,,3,1.0,2,2,90,1,0,0,0,3,0,10,2,1,7,0.00,0.08,0.08,2.65,0.5,1.0
2026-10-10T01:52:21+00:00,2026-10-09,daily,6,2026-10-10T10:00:00Z,136,Welbeck,CHE,FWD,59,0,-1,1.0,15042,17817,68978,91721,a,,2026-08-20T14:00:07.949090Z,100,100,,,,1.5,2,4,85,1,0,0,0,1,0,5,2,1,2,0.00,0.14,0.14,1.99,1.5,1.5
2026-10-10T01:52:21+00:00,2026-10-09,daily,6,2026-10-10T10:00:00Z,140,Sánchez,CHE,GKP,49,0,-1,0.7,0,7822,10847,179430,u,Has joined Como on loan for the rest of the season,2026-09-02T16:20:41.841936Z,0,0,,,,0.0,0,2,90,1,0,0,0,2,4,0,1,0,5,0.00,0.01,0.01,1.33,0.0,0.0
2026-10-10T01:52:21+00:00,2026-10-09,daily,6,2026-10-10T10:00:00Z,141,Jörgensen,CHE,GKP,50,0,0,0.0,0,38,0,956,u,Has joined RC Strasbourg on loan for the rest of the season,2026-08-12T14:07:02.607115Z,0,0,,,,0.0,0,0,0,0,0,0,0,0,0,0,0,0,0,0.00,0.00,0.00,0.00,0.0,0.0
2026-10-10T01:52:21+00:00,2026-10-09,daily,6,2026-10-10T10:00:00Z,142,James,CHE,DEF,53,-1,-2,5.4,3048,114130,171253,636819,a,,2026-09-18T10:30:09.719371Z,75,100,,1,1,0.5,0,3,292,3,0,0,0,7,0,13,11,2,15,0.33,0.26,0.59,4.90,0.4,0.5
2026-10-10T01:52:21+00:00,2026-10-09,daily,6,2026-10-10T10:00:00Z,143,Chalobah,CHE,DEF,55,0,0,0.1,0,419,0,14049,u,Has joined Como permanently,2026-08-10T14:03:50.769483Z,0,0,,,,0.0,0,0,0,0,0,0,0,0,0,0,0,0,0,0.00,0.00,0.00,0.00,0.0,0.0
2026-10-10T01:52:21+00:00,2026-10-09,daily,6,2026-10-10T10:00:00Z,144,Gusto,CHE,DEF,49,-1,-1,0.9,2444,9628,37771,70108,a,,,,,,,6,0.5,0,4,272,3,0,0,0,7,0,15,11,4,13,0.08,0.12,0.20,3.50,0.5,0.5
2026-10-10T01:52:21+00:00,2026-10-09,daily,6,2026-10-10T10:00:00Z,145,Fofana,CHE,DEF,50,0,0,0.2,4829,1984,20935,8925,a,,2026-07-23T12:01:23.464591Z,100,100,,,,2.5,4,8,312,4,0,0,0,7,0,47,40,7,11,0.00,0.08,0.08,5.65,2.5,2.5
2026-10-10T01:52:21+00:00,2026-10-09,daily,6,2026-10-10T10:00:00Z,146,B.Badiashile,CHE,DEF,45,0,0,0.0,0,60,232,1957,u,Has joined Napoli on loan for the rest of the season,2026-08-25T14:03:47.079414Z,0,0,,,,0.0,0,0,0,0,0,0,0,0,0,0,0,0,0,0.00,0.00,0.00,0.00,0.0,0.0
2026-10-10T01:52:21+00:00,2026-10-09,daily,6,2026-10-10T10:00:00Z,148,Hato,CHE,DEF,45,0,0,0.8,1675,12939,92070,65266,a,,,,,,,,0.0,0,8,258,4,0,2,0,9,0,18,11,7,9,0.01,0.21,0.22,4.81,0.0,0.0
2026-10-10T01:52:21+00:00,2026-10-09,daily,6,2026-10-10T10:00:00Z,149,Colwill,CHE,DEF,48,-1,-2,0.8,2471,9384,28127,102409,a,,,,,,,,1.0,1,3,341,4,0,0,0,9,0,26,23,3,15,0.01,0.05,0.06,6.67,1.0,1.0
2026-10-10T01:52:21+00:00,2026-10-09,daily,6,2026-10-10T10:00:00Z,150,M.Sarr,CHE,DEF,45,0,0,0.0,0,255,429,6071,u,Has joined Real Sociedad on loan for the rest of the season,2026-08-29T00:34:23.077418Z,0,0,,,,0.0,0,0,0,0,0,0,0,0,0,0,0,0,0,0.00,0.00,0.00,0.00,0.0,0.0
2026-10-10T01:52:21+00:00,2026-10-09,daily,6,2026-10-10T10:00:00Z,151,Acheampong,CHE,DEF,45,0,0,0.3,673,3091,21385,23650,a,,,,,,,,0.0,0,5,221,2,0,0,0,7,0,20,13,7,7,0.00,0.03,0.03,4.72,0.0,0.0
2026-10-10T01:52:21+00:00,2026-10-09,daily,6,2026-10-10T10:00:00Z,152,Palestra,CHE,DEF,53,0,-2,0.6,1122,7166,7582,223707,a,,2026-08-24T18:30:07.421239Z,50,100,,,,0.0,0,0,0,0,0,0,0,0,0,0,0,0,0,0.00,0.00,0.00,0.00,0.0,0.0
2026-10-10T01:52:21+00:00,2026-10-09,daily,6,2026-10-10T10:00:00Z,154,Palmer,CHE,MID,97,0,2,24.2,99060,351916,2002436,847222,a,,2026-09-21T13:00:09.022726Z,100,100,1,2,,3.5,2,28,442,5,2,2,0,12,0,29,3,7,19,1.31,0.79,2.10,8.73,3.5,3.5
2026-10-10T01:52:21+00:00,2026-10-09,daily,6,2026-10-10T10:00:00Z,156,Neto,CHE,MID,65,0,0,1.4,11529,15060,88654,96711,a,,,,,,4,2,2.0,2,14,332,4,1,0,0,8,0,28,8,6,14,0.68,0.58,1.26,6.64,2.0,2.0
2026-10-10T01:52:21+00:00,2026-10-09,daily,6,2026-10-10T10:00:00Z,157,Estêvão,CHE,MID,63,0,-2,0.7,3338,5744,19252,88479,a,,,,,2,,5,1.0,1,4,23,0,0,0,0,1,0,2,0,1,1,0.07,0.07,0.14,1.01,1.0,1.0
2026-10-10T01:52:21+00:00,2026-10-09,daily,6,2026-10-10T10:00:00Z,158,Gittens,CHE,MID,58,-1,-2,0.0,164,360,1143,2990,i,Ankle injury - Unknown return date,2026-09-26T05:30:09.245832Z,,0,,,,0.0,0,0,0,0,0,0,0,0,0,0,0,0,0,0.00,0.00,0.00,0.00,0.0,0.0
2026-10-10T01:52:21+00:00,2026-10-09,daily,6,2026-10-10T10:00:00Z,159,Caicedo,CHE,MID,53,0,-2,1.0,1335,13518,15973,285910,a,,2026-08-30T16:00:08.393562Z,50,100,,,,0.0,0,1,13,0,0,0,0,0,0,0,0,0,0,0.00,0.00,0.00,0.07,0.0,0.0
2026-10-10T01:52:21+00:00,2026-10-09,daily,6,2026-10-10T10:00:00Z,161,Lavia,CHE,MID,50,0,0,0.2,891,3627,26266,16737,a,,,,,,,,1.0,0,11,258,4,1,0,0,8,0,31,10,6,15,0.75,0.11,0.86,5.06,1.0,1.0
2026-10-10T01:52:21+00:00,2026-10-09,daily,6,2026-10-10T10:00:00Z,163,D.Essugo,CHE,MID,45,0,0,0.1,0,1148,2698,14860,u,Has joined RC Strasbourg on loan for the rest of the season,2026-09-02T16:20:41.865225Z,0,0,,,,0.0,0,0,0,0,0,0,0,0,0,0,0,0,0,0.00,0.00,0.00,0.00,0.0,0.0
2026-10-10T01:52:21+00:00,2026-10-09,daily,6,2026-10-10T10:00:00Z,164,Quenda,CHE,MID,53,0,-2,0.0,102,248,934,3468,a,,2026-07-24T20:30:10.609931Z,100,100,,,,0.5,1,2,27,0,0,0,0,2,0,1,1,0,0,0.03,0.01,0.04,1.29,0.5,0.5
2026-10-10T01:52:21+00:00,2026-10-09,daily,6,2026-10-10T10:00:00Z,165,João Pedro,CHE,FWD,77,-1,2,64.6,247565,587123,1762306,1659619,a,,2026-09-16T19:00:09.919929Z,75,100,,,,6.0,0,33,360,4,3,3,0,9,0,9,3,1,5,2.17,0.19,2.36,6.17,4.5,6.0
2026-10-10T01:52:21+00:00,2026-10-09,daily,6,2026-10-10T10:00:00Z,168,Marc Guiu,CHE,FWD,50,0,0,0.2,0,2332,4102,34056,u,Has joined RB Leipzig permanently,2026-09-01T13:24:48.857362Z,0,0,,,,0.0,0,0,0,0,0,0,0,0,0,0,0,0,0,0.00,0.00,0.00,0.00,0.0,0.0
2026-10-10T01:52:21+00:00,2026-10-09,daily,6,2026-10-10T10:00:00Z,169,Mheuka,CHE,FWD,45,0,0,0.5,6413,5116,34134,26905,a,,,,,,,,0.0,0,0,0,0,0,0,0,0,0,0,0,0,0,0.00,0.00,0.00,0.00,0.0,0.0
2026-10-10T01:52:21+00:00,2026-10-09,daily,6,2026-10-10T10:00:00Z,170,Emegha,CHE,FWD,49,-1,-1,0.1,161,1454,6161,12961,i,Hamstring injury - Expected back 10 Oct,2026-09-09T15:00:09.063849Z,0,0,,,,0.0,0,0,0,0,0,0,0,0,0,0,0,0,0,0.00,0.00,0.00,0.00,0.0,0.0
2026-10-10T01:52:21+00:00,2026-10-09,daily,6,2026-10-10T10:00:00Z,200,Lacroix,CHE,DEF,59,-1,-1,6.7,16539,47357,183193,442933,a,,,,,,,,2.0,3,13,364,4,0,1,0,10,0,47,37,10,8,0.15,0.22,0.37,7.93,2.0,2.0
2026-10-10T01:52:21+00:00,2026-10-09,daily,6,2026-10-10T10:00:00Z,560,Penders,CHE,GKP,44,0,-1,0.1,313,430,2088,3750,a,,,,,,,,0.0,0,0,0,0,0,0,0,0,0,0,0,0,0,0.00,0.00,0.00,0.00,0.0,0.0
2026-10-10T01:52:21+00:00,2026-10-09,daily,6,2026-10-10T10:00:00Z,561,Anselmino,CHE,DEF,45,0,0,0.0,103,140,860,1288,a,,2026-08-23T19:00:08.536705Z,100,100,,,,0.0,0,0,0,0,0,0,0,0,0,0,0,0,0,0.00,0.00,0.00,0.00,0.0,0.0
2026-10-10T01:52:21+00:00,2026-10-09,daily,6,2026-10-10T10:00:00Z,568,Barco,CHE,MID,54,0,-1,0.1,331,666,3254,7233,a,,,,,,,,1.0,2,3,115,1,0,0,0,3,0,12,4,3,5,0.07,0.11,0.18,2.83,1.0,1.0
2026-10-10T01:52:21+00:00,2026-10-09,daily,6,2026-10-10T10:00:00Z,583,Chavarria,CHE,DEF,49,0,-1,0.2,916,922,3876,11528,a,,,,,,,,1.0,1,5,208,1,0,0,0,4,0,16,11,5,7,0.04,0.07,0.11,4.10,1.0,1.0
2026-10-10T01:52:21+00:00,2026-10-09,daily,6,2026-10-10T10:00:00Z,662,Nicoll-Jazuli,CHE,MID,45,0,0,0.0,450,102,450,102,a,,,,,,,,1.0,1,1,3,0,0,0,0,1,0,2,0,2,0,0.00,0.00,0.00,0.43,1.1,1.1
2026-10-10T01:52:21+00:00,2026-10-09,daily,6,2026-10-10T10:00:00Z,91,Pinnock,COV,DEF,45,0,0,0.1,817,454,2986,4225,a,,,,,,,,5.0,8,14,282,3,0,0,1,7,0,44,41,3,4,0.12,0.00,0.12,6.57,5.0,5.0
2026-10-10T01:52:21+00:00,2026-10-09,daily,6,2026-10-10T10:00:00Z,104,Onyeka,COV,MID,49,0,-1,0.1,280,794,4090,9921,a,,2026-09-15T09:00:07.851220Z,100,100,,,,2.5,3,9,314,4,0,0,1,7,0,28,9,5,14,0.03,0.02,0.05,6.31,2.5,2.5
2026-10-10T01:52:21+00:00,2026-10-09,daily,6,2026-10-10T10:00:00Z,110,Rushworth,COV,GKP,45,0,0,0.7,4647,9772,25794,62936,a,,,,,,,,5.5,11,16,450,5,0,1,1,10,9,0,4,0,50,0.00,0.02,0.02,8.63,5.5,5.5
2026-10-10T01:52:21+00:00,2026-10-09,daily,6,2026-10-10T10:00:00Z,171,Dovin,COV,GKP,40,0,0,0.9,0,9325,8924,62493,u,Has joined Leyton Orient on loan for the rest of the season,2026-09-02T15:44:14.839336Z,0,0,,,,0.0,0,0,0,0,0,0,0,0,0,0,0,0,0,0.00,0.00,0.00,0.00,0.0,0.0
2026-10-10T01:52:21+00:00,2026-10-09,daily,6,2026-10-10T10:00:00Z,172,Wilson,COV,GKP,44,0,-1,0.3,357,1122,1527,12819,a,,,,,,,,0.0,0,0,0,0,0,0,0,0,0,0,0,0,0,0.00,0.00,0.00,0.00,0.0,0.0
2026-10-10T01:52:21+00:00,2026-10-09,daily,6,2026-10-10T10:00:00Z,173,Thomas,COV,DEF,40,0,0,8.6,70879,62404,408313,315428,a,,,,,,,,4.5,9,24,437,5,0,0,2,9,0,52,49,3,16,0.49,0.30,0.79,8.09,4.5,4.5
2026-10-10T01:52:21+00:00,2026-10-09,daily,6,2026-10-10T10:00:00Z,174,Kitching,COV,DEF,40,0,0,0.3,0,3393,981,34486,u,Has joined Sheffield United on loan for the rest of the season,2026-09-02T16:21:03.612394Z,0,0,,,,0.0,0,0,0,0,0,0,0,0,0,0,0,0,0,0.00,0.00,0.00,0.00,0.0,0.0
2026-10-10T01:52:21+00:00,2026-10-09,daily,6,2026-10-10T10:00:00Z,175,van Ewijk,COV,DEF,40,0,0,7.9,1556,153135,123461,577809,d,Hamstring injury - 75% chance of playing,2026-09-19T16:00:09.486751Z,,75,,,,0.0,0,6,360,4,0,0,0,10,0,27,21,6,13,0.00,0.30,0.30,7.53,0.0,0.0
2026-10-10T01:52:21+00:00,2026-10-09,daily,6,2026-10-10T10:00:00Z,176,Dasilva,COV,DEF,40,0,0,0.8,17350,4282,26633,25248,a,,,,,,,,7.5,15,20,444,5,1,0,1,10,0,23,19,4,14,0.50,0.52,1.02,8.63,7.5,7.5
2026-10-10T01:52:21+00:00,2026-10-09,daily,6,2026-10-10T10:00:00Z,177,Kesler-Hayden,COV,DEF,39,-1,-1,0.1,4603,1396,5202,4621,d,Hamstring injury - 50% chance of playing,2026-08-27T14:56:28.704361Z,0,50,,,,0.0,0,0,0,0,0,0,0,0,0,0,0,0,0,0.00,0.00,0.00,0.00,0.0,0.0
2026-10-10T01:52:21+00:00,2026-10-09,daily,6,2026-10-10T10:00:00Z,178,Bidwell,COV,DEF,40,0,0,0.1,297,516,2604,3747,a,,,,,,,,0.0,0,0,0,0,0,0,0,0,0,0,0,0,0,0.00,0.00,0.00,0.00,0.0,0.0
2026-10-10T01:52:21+00:00,2026-10-09,daily,6,2026-10-10T10:00:00Z,179,Latibeaudiere,COV,DEF,40,0,0,0.0,125,246,1036,1849,a,,,,,,,,0.5,1,1,1,0,0,0,0,0,0,2,2,0,0,0.00,0.00,0.00,0.02,0.5,0.5
2026-10-10T01:52:21+00:00,2026-10-09,daily,6,2026-10-10T10:00:00Z,180,Woolfenden,COV,DEF,39,-1,-1,0.1,635,1046,2870,9555,i,Knee injury - Unknown return date,2026-08-27T14:56:28.718566Z,0,0,,,,0.0,0,0,0,0,0,0,0,0,0,0,0,0,0,0.00,0.00,0.00,0.00,0.0,0.0
2026-10-10T01:52:21+00:00,2026-10-09,daily,6,2026-10-10T10:00:00Z,181,Brau,COV,DEF,40,0,0,0.0,0,193,275,2263,u,Has joined Academico de Viseu on loan for the rest of the season,2026-08-29T00:35:59.980316Z,0,0,,,,0.0,0,0,0,0,0,0,0,0,0,0,0,0,0,0.00,0.00,0.00,0.00,0.0,0.0
2026-10-10T01:52:21+00:00,2026-10-09,daily,6,2026-10-10T10:00:00Z,182,Amenda,COV,DEF,40,0,0,0.6,68,10926,11513,37828,i,Calf injury - Unknown return date,2026-09-17T07:30:09.329041Z,25,0,,,,0.0,0,4,360,4,0,0,0,10,0,24,23,1,11,0.02,0.39,0.41,7.53,0.0,0.0
2026-10-10T01:52:21+00:00,2026-10-09,daily,6,2026-10-10T10:00:00Z,183,Rudoni,COV,MID,49,0,-1,0.1,1747,1400,5217,8789,a,,2026-07-23T12:01:23.481435Z,100,100,,1,5,3.5,5,13,297,4,0,0,2,4,0,34,9,4,21,0.92,1.11,2.03,4.49,3.5,3.5
2026-10-10T01:52:21+00:00,2026-10-09,daily,6,2026-10-10T10:00:00Z,184,Grimes,COV,MID,49,0,-1,0.1,301,1623,4198,12014,a,,,,,3,,1,2.5,3,11,443,5,0,0,1,9,0,38,13,9,16,0.12,0.13,0.25,8.42,2.5,2.5
2026-10-10T01:52:21+00:00,2026-10-09,daily,6,2026-10-10T10:00:00Z,185,Sakamoto,COV,MID,48,0,-2,0.1,164,683,1054,6055,a,,,,,,,,0.0,0,1,31,0,0,0,0,1,0,4,0,2,2,0.02,0.02,0.04,0.69,0.0,0.0
2026-10-10T01:52:21+00:00,2026-10-09,daily,6,2026-10-10T10:00:00Z,186,Mason-Clark,COV,MID,53,-1,-2,0.1,116,553,1155,6157,a,,2026-08-19T18:00:08.310507Z,100,100,,,,1.0,1,5,231,4,0,0,0,3,0,15,6,0,9,0.51,0.12,0.63,3.16,1.0,1.0
2026-10-10T01:52:21+00:00,2026-10-09,daily,6,2026-10-10T10:00:00Z,187,Eccles,COV,MID,48,-1,-2,0.0,45,150,658,1526,i,Unspecified injury - Expected back 12 Oct,2026-09-10T18:30:08.877110Z,0,0,,,,0.0,0,0,0,0,0,0,0,0,0,0,0,0,0,0.00,0.00,0.00,0.00,0.0,0.0
2026-10-10T01:52:21+00:00,2026-10-09,daily,6,2026-10-10T10:00:00Z,188,Torp,COV,MID,53,-1,-2,0.1,52,722,805,8254,a,,,,,2,2,2,0.5,0,3,53,0,0,0,0,2,0,3,1,0,2,0.00,0.12,0.12,1.22,0.5,0.5
2026-10-10T01:52:21+00:00,2026-10-09,daily,6,2026-10-10T10:00:00Z,189,Shepherd,COV,MID,44,0,-1,0.3,5275,4211,11995,17082,a,,,,,,,,0.0,0,0,0,0,0,0,0,0,0,0,0,0,0,0.00,0.00,0.00,0.00,0.0,0.0
2026-10-10T01:52:21+00:00,2026-10-09,daily,6,2026-10-10T10:00:00Z,190,Tchaouna,COV,MID,53,-1,-2,0.1,55,618,3171,8495,a,,,,,,,3,0.5,1,5,211,2,0,0,0,3,0,18,6,1,11,0.23,0.18,0.41,3.23,0.5,0.5
2026-10-10T01:52:21+00:00,2026-10-09,daily,6,2026-10-10T10:00:00Z,191,Borges Rodrigues,COV,MID,45,0,0,0.1,0,1316,1943,12140,u,Has joined Burton Albion on loan for the rest of the season,2026-09-02T15:44:14.868001Z,0,0,,,,0.0,0,0,0,0,0,0,0,0,0,0,0,0,0,0.00,0.00,0.00,0.00,0.0,0.0
2026-10-10T01:52:21+00:00,2026-10-09,daily,6,2026-10-10T10:00:00Z,192,Andrews,COV,MID,45,0,0,0.3,0,3925,2718,43030,u,Has joined Oxford United on loan for the rest of the season,2026-08-29T00:35:59.998520Z,0,0,,,,0.0,0,0,0,0,0,0,0,0,0,0,0,0,0,0.00,0.00,0.00,0.00,0.0,0.0
2026-10-10T01:52:21+00:00,2026-10-09,daily,6,2026-10-10T10:00:00Z,193,Wright,COV,FWD,53,-1,-2,0.1,64,882,631,12808,i,Thigh injury - Unknown return date,2026-08-14T22:00:07.214508Z,0,0,1,,,0.0,0,0,0,0,0,0,0,0,0,0,0,0,0,0.00,0.00,0.00,0.00,0.0,0.0
2026-10-10T01:52:21+00:00,2026-10-09,daily,6,2026-10-10T10:00:00Z,194,Thomas-Asante,COV,FWD,50,0,0,0.8,17408,10941,68033,61966,a,,,,,4,,,2.5,4,9,227,2,0,0,1,6,0,27,12,3,12,0.34,0.06,0.39,4.98,2.5,2.5
2026-10-10T01:52:21+00:00,2026-10-09,daily,6,2026-10-10T10:00:00Z,195,Simms,COV,FWD,49,-1,-1,0.6,4973,9351,43477,68569,a,,,,,,,,0.5,1,4,104,1,0,0,0,3,0,3,1,0,2,0.30,0.01,0.31,2.79,0.5,0.5
2026-10-10T01:52:21+00:00,2026-10-09,daily,6,2026-10-10T10:00:00Z,196,Markelo,COV,FWD,50,0,0,0.0,0,90,0,1217,u,Has joined Shabab Al-Ahli Dubai permanently,2026-08-17T13:53:55.791223Z,0,0,,,,0.0,0,0,0,0,0,0,0,0,0,0,0,0,0,0.00,0.00,0.00,0.00,0.0,0.0
2026-10-10T01:52:21+00:00,2026-10-09,daily,6,2026-10-10T10:00:00Z,197,Bassette,COV,FWD,45,0,0,0.0,0,223,0,2182,u,Has joined KVC Westerlo on loan for the rest of the season,2026-07-28T12:58:50.001768Z,0,0,,,,0.0,0,0,0,0,0,0,0,0,0,0,0,0,0,0.00,0.00,0.00,0.00,0.0,0.0
2026-10-10T01:52:21+00:00,2026-10-09,daily,6,2026-10-10T10:00:00Z,492,Awoniyi,COV,FWD,54,-1,-1,0.4,121,8637,21394,68432,s,Suspended until 19 Oct,2026-09-13T15:00:09.305127Z,0,0,5,,,-1.0,0,3,232,3,0,0,0,7,0,11,3,1,7,1.30,0.04,1.34,3.55,0.0,0.0
2026-10-10T01:52:21+00:00,2026-10-09,daily,6,2026-10-10T10:00:00Z,575,Yirenkyi,COV,MID,48,-1,-2,0.1,513,1755,3165,14422,a,,,,,,,,2.0,3,9,265,3,0,0,2,5,0,21,7,1,13,0.03,0.15,0.18,4.25,2.0,2.0
2026-10-10T01:52:21+00:00,2026-10-09,daily,6,2026-10-10T10:00:00Z,584,Hamer,COV,MID,53,-1,-2,0.1,74,671,824,6678,a,,,,,,,4,0.0,0,3,32,0,0,0,0,1,0,3,0,1,2,0.00,0.02,0.02,0.82,0.0,0.0
2026-10-10T01:52:21+00:00,2026-10-09,daily,6,2026-10-10T10:00:00Z,599,Cherif,COV,FWD,50,0,0,0.1,872,1174,7799,8013,a,,,,,,,,0.5,0,1,30,0,0,0,0,3,0,1,1,0,0,0.00,0.00,0.00,1.43,0.5,0.5
2026-10-10T01:52:21+00:00,2026-10-09,daily,6,2026-10-10T10:00:00Z,623,Bentley,COV,GKP,40,0,0,0.8,27613,4538,97991,21430,a,,,,,,,,0.0,0,0,0,0,0,0,0,0,0,0,0,0,0,0.00,0.00,0.00,0.00,0.0,0.0
2026-10-10T01:52:21+00:00,2026-10-09,daily,6,2026-10-10T10:00:00Z,655,Gboho,COV,MID,55,0,0,0.0,100,68,298,117,a,,,,,,,,0.0,0,0,0,0,0,0,0,0,0,0,0,0,0,0.00,0.00,0.00,0.00,0.0,0.0
2026-10-10T01:52:21+00:00,2026-10-09,daily,6,2026-10-10T10:00:00Z,656,Mfuni,COV,DEF,40,0,0,0.1,3041,1206,11353,3007,a,,,,,,,,3.0,6,6,90,1,0,0,1,0,0,8,7,1,3,0.00,0.01,0.01,1.10,3.0,3.0
2026-10-10T01:52:21+00:00,2026-10-09,daily,6,2026-10-10T10:00:00Z,42,Guessand,CRY,MID,54,0,-1,0.0,154,367,2447,3738,a,,,,,,,,0.0,0,2,54,0,0,0,0,1,0,2,1,1,0,0.03,0.03,0.06,0.34,0.0,0.0
2026-10-10T01:52:21+00:00,2026-10-09,daily,6,2026-10-10T10:00:00Z,153,Disasi,CRY,DEF,45,0,0,0.1,46,1374,9447,10955,s,Suspended until 25 Oct,2026-09-12T15:30:09.445078Z,0,0,,,,-1.5,0,1,139,2,0,0,0,6,0,20,15,5,11,0.00,0.04,0.04,3.72,0.0,0.0
2026-10-10T01:52:21+00:00,2026-10-09,daily,6,2026-10-10T10:00:00Z,198,Henderson,CRY,GKP,49,-1,-1,1.2,199,18153,55325,127061,i,Foot injury - Expected back 18 Oct,2026-09-12T14:00:09.378740Z,0,0,,,,0.0,0,5,270,3,0,0,0,8,12,0,6,0,31,0.00,0.00,0.00,6.47,0.0,0.0
2026-10-10T01:52:21+00:00,2026-10-09,daily,6,2026-10-10T10:00:00Z,199,Benitez,CRY,GKP,45,0,0,0.1,1587,737,4679,5154,a,,,,,,,,4.0,6,8,180,2,0,0,1,3,5,0,2,0,11,0.00,0.00,0.00,2.99,4.0,4.0
2026-10-10T01:52:21+00:00,2026-10-09,daily,6,2026-10-10T10:00:00Z,202,Richards,CRY,DEF,49,-1,-1,0.6,3354,3635,24266,39366,a,,,,,,,,5.0,8,14,450,5,0,0,1,11,0,54,46,8,16,0.08,0.07,0.15,9.46,5.0,5.0
2026-10-10T01:52:21+00:00,2026-10-09,daily,6,2026-10-10T10:00:00Z,203,Canvot,CRY,DEF,48,-1,-2,0.2,992,1553,6334,20203,a,,,,,,,,4.0,8,10,360,4,0,0,1,8,0,34,26,8,11,0.05,0.13,0.18,7.78,4.0,4.0
2026-10-10T01:52:21+00:00,2026-10-09,daily,6,2026-10-10T10:00:00Z,204,Mitchell,CRY,DEF,45,0,0,6.1,30059,34645,326594,283047,a,,,,,,,,4.0,7,24,419,5,2,0,1,10,0,25,14,11,23,0.77,0.26,1.03,8.34,4.0,4.0
2026-10-10T01:52:21+00:00,2026-10-09,daily,6,2026-10-10T10:00:00Z,205,Sosa,CRY,DEF,45,0,0,0.0,0,159,236,2128,u,Has joined FC Cologne on loan for the rest of the season,2026-09-02T16:03:25.710518Z,0,0,,,,0.0,0,0,0,0,0,0,0,0,0,0,0,0,0,0.00,0.00,0.00,0.00,0.0,0.0
2026-10-10T01:52:21+00:00,2026-10-09,daily,6,2026-10-10T10:00:00Z,206,Chadi Riad,CRY,DEF,43,-1,-2,0.0,42,237,666,5788,i,Knee injury - Unknown return date,2026-08-22T18:00:07.352049Z,0,0,,,,0.0,0,1,72,1,0,0,0,2,0,7,6,1,3,0.00,0.01,0.01,0.98,0.0,0.0
2026-10-10T01:52:21+00:00,2026-10-09,daily,6,2026-10-10T10:00:00Z,207,Mingueza,CRY,DEF,43,-1,-2,0.1,191,593,2101,5149,a,,,,,,,,0.0,0,2,16,0,0,0,0,1,0,2,0,2,1,0.00,0.00,0.00,0.33,0.0,0.0
2026-10-10T01:52:21+00:00,2026-10-09,daily,6,2026-10-10T10:00:00Z,208,Sarr,CRY,MID,62,0,-3,0.6,5485,3934,9539,378385,a,,2026-08-22T18:00:07.363165Z,100,100,2,,,0.5,1,1,8,0,0,0,0,0,0,0,0,0,0,0.00,0.01,0.01,0.06,0.5,0.5
2026-10-10T01:52:21+00:00,2026-10-09,daily,6,2026-10-10T10:00:00Z,210,Wharton,CRY,MID,54,-1,-1,0.7,1815,6843,30222,50833,a,,2026-07-23T12:01:23.498963Z,100,100,,,2,2.0,2,12,436,5,0,0,1,10,0,41,16,10,15,0.15,0.58,0.73,8.91,2.0,2.0
2026-10-10T01:52:21+00:00,2026-10-09,daily,6,2026-10-10T10:00:00Z,211,Yeremy,CRY,MID,55,0,0,0.3,1136,5367,45680,33764,a,,,,,,1,1,1.5,2,14,307,4,0,2,1,6,0,26,5,5,16,0.52,0.55,1.07,6.93,1.5,1.5
2026-10-10T01:52:21+00:00,2026-10-09,daily,6,2026-10-10T10:00:00Z,212,Hughes,CRY,MID,44,0,-1,6.9,14605,90204,128004,528819,a,,,,,,,4,0.5,0,2,29,0,0,0,0,1,0,7,3,1,3,0.00,0.04,0.04,1.12,0.5,0.5
2026-10-10T01:52:21+00:00,2026-10-09,daily,6,2026-10-10T10:00:00Z,213,Lerma,CRY,MID,48,-1,-2,0.1,159,606,1365,5787,a,,,,,,,,0.5,0,1,51,0,0,0,0,1,0,12,7,2,3,0.26,0.00,0.26,1.25,0.5,0.5
2026-10-10T01:52:21+00:00,2026-10-09,daily,6,2026-10-10T10:00:00Z,214,Kamada,CRY,MID,50,0,0,0.5,6085,5518,52832,27135,a,,,,,,,3,5.5,3,21,441,5,0,3,1,10,0,38,4,11,23,0.47,0.38,0.85,8.85,5.5,5.5
2026-10-10T01:52:21+00:00,2026-10-09,daily,6,2026-10-10T10:00:00Z,215,Devenny,CRY,MID,50,0,0,0.0,0,58,132,972,u,Has joined Stoke City permanently,2026-09-02T15:41:07.346849Z,0,0,3,2,,0.0,0,0,0,0,0,0,0,0,0,0,0,0,0,0.00,0.00,0.00,0.00,0.0,0.0
2026-10-10T01:52:21+00:00,2026-10-09,daily,6,2026-10-10T10:00:00Z,216,Esse,CRY,MID,50,0,0,0.0,0,197,399,3308,u,Has joined Millwall on loan for the rest of the season,2026-09-02T15:41:07.376544Z,0,0,,,,0.0,0,0,0,0,0,0,0,0,0,0,0,0,0,0.00,0.00,0.00,0.00,0.0,0.0
2026-10-10T01:52:21+00:00,2026-10-09,daily,6,2026-10-10T10:00:00Z,217,M.França,CRY,MID,49,0,-1,0.0,0,276,1007,3558,u,Has joined Alverca on loan for the rest of the season,2026-09-11T14:42:19.322912Z,0,0,,,,0.0,0,0,0,0,0,0,0,0,0,0,0,0,0,0.00,0.00,0.00,0.00,0.0,0.0
2026-10-10T01:52:21+00:00,2026-10-09,daily,6,2026-10-10T10:00:00Z,218,Doucouré,CRY,MID,48,-1,-2,0.0,189,454,2163,4619,a,,,,,,,,0.0,0,0,0,0,0,0,0,0,0,0,0,0,0,0.00,0.00,0.00,0.00,0.0,0.0
2026-10-10T01:52:21+00:00,2026-10-09,daily,6,2026-10-10T10:00:00Z,219,J.Rak-Sakyi,CRY,MID,49,0,-1,0.0,0,40,145,482,u,has joined  Kasimpasa on loan for the rest of the seaon.,2026-09-10T09:12:47.224598Z,0,0,,,,0.0,0,0,0,0,0,0,0,0,0,0,0,0,0,0.00,0.00,0.00,0.00,0.0,0.0
2026-10-10T01:52:21+00:00,2026-10-09,daily,6,2026-10-10T10:00:00Z,220,Cardines,CRY,DEF,45,0,0,0.0,0,4,0,129,u,Has joined Bristol City on loan for the rest of the season,2026-08-12T14:08:46.501813Z,0,0,,,,0.0,0,0,0,0,0,0,0,0,0,0,0,0,0,0.00,0.00,0.00,0.00,0.0,0.0
2026-10-10T01:52:21+00:00,2026-10-09,daily,6,2026-10-10T10:00:00Z,221,Drakes-Thomas,CRY,MID,44,-1,-1,0.1,293,702,2841,4947,a,,,,,,,,0.0,0,0,0,0,0,0,0,0,0,0,0,0,0,0.00,0.00,0.00,0.00,0.0,0.0
2026-10-10T01:52:21+00:00,2026-10-09,daily,6,2026-10-10T10:00:00Z,222,Strand Larsen,CRY,FWD,60,0,0,0.7,12329,7240,57554,44294,a,,,,,,,,5.0,2,14,298,3,1,0,1,5,0,13,6,2,5,0.43,0.20,0.63,6.15,5.0,5.0
2026-10-10T01:52:21+00:00,2026-10-09,daily,6,2026-10-10T10:00:00Z,223,Mateta,CRY,FWD,63,0,-2,1.2,327,13662,26080,459149,i,Hamstring injury - Expected back 18 Oct,2026-08-28T21:00:08.020382Z,0,0,1,,,0.0,0,2,62,1,0,0,0,2,0,5,1,2,2,0.70,0.02,0.72,0.98,0.0,0.0
2026-10-10T01:52:21+00:00,2026-10-09,daily,6,2026-10-10T10:00:00Z,224,Nketiah,CRY,FWD,55,0,0,0.5,2220,5600,48201,52247,a,,2026-09-12T14:00:09.427136Z,100,100,,,,0.5,1,8,175,3,0,1,0,7,0,12,2,4,6,1.10,0.60,1.70,4.51,0.5,0.5
2026-10-10T01:52:21+00:00,2026-10-09,daily,6,2026-10-10T10:00:00Z,225,Uche,CRY,FWD,50,0,0,0.0,0,0,0,0,u,has returned to Getafe CF,2026-07-23T12:18:56.275922Z,0,0,,,,0.0,0,0,0,0,0,0,0,0,0,0,0,0,0,0.00,0.00,0.00,0.00,0.0,0.0
2026-10-10T01:52:21+00:00,2026-10-09,daily,6,2026-10-10T10:00:00Z,241,McNeil,CRY,MID,53,-1,-2,0.1,148,812,1855,8541,a,,,,,,,,0.0,0,3,84,1,0,0,0,3,0,7,4,0,3,0.05,0.02,0.07,1.18,0.0,0.0
2026-10-10T01:52:21+00:00,2026-10-09,daily,6,2026-10-10T10:00:00Z,555,Matthews,CRY,GKP,40,0,0,1.7,2245,4775,24429,33215,a,,,,,,,,0.0,0,0,0,0,0,0,0,0,0,0,0,0,0,0.00,0.00,0.00,0.00,0.0,0.0
2026-10-10T01:52:21+00:00,2026-10-09,daily,6,2026-10-10T10:00:00Z,577,Tomiyasu,CRY,DEF,44,0,-1,0.2,164,2620,3493,14740,i,Calf injury - Expected back 18 Oct,2026-09-21T13:30:09.030724Z,,0,,,,0.5,1,3,189,2,0,0,0,5,0,17,15,2,7,0.00,0.03,0.03,3.98,0.5,0.0
2026-10-10T01:52:21+00:00,2026-10-09,daily,6,2026-10-10T10:00:00Z,588,Khalaili,CRY,DEF,50,0,0,0.3,3421,3327,36114,17581,a,,2026-10-04T22:00:08.963040Z,,100,,,,6.5,6,19,379,4,1,0,1,8,0,44,23,21,26,0.96,0.33,1.29,8.41,6.5,6.5
2026-10-10T01:52:21+00:00,2026-10-09,daily,6,2026-10-10T10:00:00Z,595,Gozo,CRY,MID,49,-1,-1,0.0,57,131,507,924,a,,,,,,,,0.5,0,2,28,0,0,0,0,2,0,1,0,1,0,0.00,0.00,0.00,0.68,0.5,0.5
2026-10-10T01:52:21+00:00,2026-10-09,daily,6,2026-10-10T10:00:00Z,633,Ahanor,CRY,DEF,45,0,0,0.0,220,173,1995,625,a,,,,,,,,1.5,0,3,90,1,0,0,0,3,0,11,9,2,4,0.00,0.01,0.01,1.68,1.5,1.5
2026-10-10T01:52:21+00:00,2026-10-09,daily,6,2026-10-10T10:00:00Z,643,Chilwell,CRY,DEF,45,0,0,0.4,987,4971,43541,20181,a,,,,,,,,0.5,0,8,29,0,1,0,0,1,0,1,1,0,0,0.27,0.01,0.28,1.12,0.5,0.5
2026-10-10T01:52:21+00:00,2026-10-09,daily,6,2026-10-10T10:00:00Z,644,Timber,CRY,MID,50,0,0,0.0,745,466,4568,1658,a,,,,,,,,3.5,3,9,253,3,0,0,1,5,0,27,6,11,10,0.24,0.06,0.30,5.56,3.5,3.5
2026-10-10T01:52:21+00:00,2026-10-09,daily,6,2026-10-10T10:00:00Z,647,Osorio,CRY,MID,55,0,0,0.0,44,108,963,444,a,,,,,,,,0.0,0,1,1,0,0,0,0,0,0,1,0,1,0,0.00,0.00,0.00,0.13,0.0,0.0
2026-10-10T01:52:21+00:00,2026-10-09,daily,6,2026-10-10T10:00:00Z,21,Nørgaard,EVE,MID,48,-1,-2,0.0,120,571,560,7673,d,Groin injury - 50% chance of playing,2026-08-15T20:00:06.779594Z,0,50,,,,0.0,0,0,0,0,0,0,0,0,0,0,0,0,0,0.00,0.00,0.00,0.00,0.0,0.0
2026-10-10T01:52:21+00:00,2026-10-09,daily,6,2026-10-10T10:00:00Z,209,Johnson,EVE,MID,59,0,-1,0.1,716,1342,5611,11057,a,,,,,,,,3.0,3,9,238,3,0,0,2,1,0,26,8,7,11,1.03,0.22,1.25,3.73,3.0,3.0
2026-10-10T01:52:21+00:00,2026-10-09,daily,6,2026-10-10T10:00:00Z,226,Pickford,EVE,GKP,55,0,0,9.2,47490,31155,315007,251274,a,,,,,,,,7.0,8,25,450,5,0,0,3,3,15,0,7,0,53,0.00,0.02,0.02,6.94,7.0,7.0
2026-10-10T01:52:21+00:00,2026-10-09,daily,6,2026-10-10T10:00:00Z,227,Travers,EVE,GKP,50,0,0,0.0,377,383,1935,2245,a,,,,,,,,0.0,0,0,0,0,0,0,0,0,0,0,0,0,0,0.00,0.00,0.00,0.00,0.0,0.0
2026-10-10T01:52:21+00:00,2026-10-09,daily,6,2026-10-10T10:00:00Z,228,King,EVE,GKP,45,0,0,0.0,172,247,1239,1814,a,,,,,,,,0.0,0,0,0,0,0,0,0,0,0,0,0,0,0,0.00,0.00,0.00,0.00,0.0,0.0
2026-10-10T01:52:21+00:00,2026-10-09,daily,6,2026-10-10T10:00:00Z,229,Tarkowski,EVE,DEF,62,1,2,18.2,399868,55146,1110676,318732,a,,,,,,,,11.0,14,43,450,5,1,1,3,3,0,51,40,11,18,0.18,0.04,0.22,6.94,11.0,11.0
2026-10-10T01:52:21+00:00,2026-10-09,daily,6,2026-10-10T10:00:00Z,230,Branthwaite,EVE,DEF,55,0,0,2.7,45256,14996,165428,79461,a,,,,,,,,7.0,8,27,450,5,0,0,3,3,0,54,49,5,14,0.17,0.02,0.19,6.94,7.0,7.0
2026-10-10T01:52:21+00:00,2026-10-09,daily,6,2026-10-10T10:00:00Z,231,Keane,EVE,DEF,48,0,-2,0.7,889,6503,9794,93302,a,,,,,,,,0.0,0,0,0,0,0,0,0,0,0,0,0,0,0,0.00,0.00,0.00,0.00,0.0,0.0
2026-10-10T01:52:21+00:00,2026-10-09,daily,6,2026-10-10T10:00:00Z,232,O'Brien,EVE,DEF,48,-1,-2,0.3,629,1929,4884,25400,a,,,,,,,,1.0,1,2,16,0,0,0,0,0,0,2,2,0,2,0.00,0.00,0.00,0.42,1.0,1.0
2026-10-10T01:52:21+00:00,2026-10-09,daily,6,2026-10-10T10:00:00Z,233,Mykolenko,EVE,DEF,46,1,1,3.7,46006,71472,417198,167925,d,Leg injury - 75% chance of playing,2026-10-01T19:30:09.402881Z,,75,,,,8.0,5,27,450,5,0,0,3,3,0,39,25,14,30,0.04,0.16,0.20,6.94,8.0,6.0
2026-10-10T01:52:21+00:00,2026-10-09,daily,6,2026-10-10T10:00:00Z,234,Patterson,EVE,DEF,45,0,0,0.0,0,200,371,2513,u,Has joined Torino permanently,2026-09-02T16:05:23.326971Z,0,0,,,,0.0,0,0,0,0,0,0,0,0,0,0,0,0,0,0.00,0.00,0.00,0.00,0.0,0.0
2026-10-10T01:52:21+00:00,2026-10-09,daily,6,2026-10-10T10:00:00Z,235,Aznou,EVE,DEF,40,0,0,0.1,0,1015,1728,11609,u,Has joined Malaga on loan for the rest of the season,2026-09-01T13:23:16.934847Z,0,0,,,,0.0,0,0,0,0,0,0,0,0,0,0,0,0,0,0.00,0.00,0.00,0.00,0.0,0.0
2026-10-10T01:52:21+00:00,2026-10-09,daily,6,2026-10-10T10:00:00Z,236,Dewsbury-Hall,EVE,MID,66,1,1,5.7,50798,90772,601562,370136,a,,,,,,,2,2.5,3,20,450,5,1,0,3,3,0,42,5,11,26,0.99,0.83,1.82,6.74,2.5,2.5
2026-10-10T01:52:21+00:00,2026-10-09,daily,6,2026-10-10T10:00:00Z,238,Grealish,EVE,MID,65,0,0,0.5,7364,4897,44408,25181,a,,2026-07-29T10:00:10.492904Z,100,100,,,,2.0,3,6,135,1,0,0,1,1,0,13,2,3,8,0.02,0.44,0.46,1.67,2.0,2.0
2026-10-10T01:52:21+00:00,2026-10-09,daily,6,2026-10-10T10:00:00Z,239,Garner,EVE,MID,60,0,0,0.2,3767,3484,23219,15384,a,,2026-09-06T18:00:08.301702Z,100,100,2,1,1,3.5,3,11,328,4,0,0,2,2,0,45,9,11,25,0.20,0.17,0.37,3.45,3.5,3.5
2026-10-10T01:52:21+00:00,2026-10-09,daily,6,2026-10-10T10:00:00Z,242,George,EVE,MID,55,0,0,0.8,3914,20011,108579,51675,a,,,,,,,,2.0,1,19,309,4,1,0,2,3,0,18,5,1,12,0.35,0.32,0.67,3.71,2.0,2.0
2026-10-10T01:52:21+00:00,2026-10-09,daily,6,2026-10-10T10:00:00Z,243,Alcaraz,EVE,MID,49,0,-1,0.1,238,644,2939,6077,a,,,,,,,,0.0,0,1,5,0,0,0,0,0,0,3,0,1,2,0.05,0.02,0.07,0.04,0.0,0.0
2026-10-10T01:52:21+00:00,2026-10-09,daily,6,2026-10-10T10:00:00Z,244,Armstrong,EVE,MID,50,0,0,0.4,1386,4947,54446,34301,a,,2026-09-17T08:30:08.942299Z,75,100,,,,2.5,2,16,446,5,0,1,3,3,0,40,13,8,19,0.21,0.49,0.70,6.94,1.9,2.5
2026-10-10T01:52:21+00:00,2026-10-09,daily,6,2026-10-10T10:00:00Z,245,Dibling,EVE,MID,53,-1,-2,0.0,190,264,1245,2763,a,,,,,,,,0.5,1,1,24,0,0,0,0,0,0,0,0,0,0,0.17,0.16,0.33,0.38,0.5,0.5
2026-10-10T01:52:21+00:00,2026-10-09,daily,6,2026-10-10T10:00:00Z,246,Röhl,EVE,MID,49,0,-1,0.0,11,963,1966,5063,d,Unspecified injury - 50% chance of playing,2026-09-16T18:00:09.541933Z,0,50,,,,0.0,0,6,249,3,0,0,1,2,0,24,6,5,13,0.00,0.20,0.20,4.52,0.0,0.0
2026-10-10T01:52:21+00:00,2026-10-09,daily,6,2026-10-10T10:00:00Z,247,Hackney,EVE,MID,54,-1,-1,0.2,272,1776,3823,12616,a,,2026-08-26T22:00:07.797766Z,100,100,,,3,1.0,1,10,137,1,0,1,1,1,0,12,4,3,5,0.05,0.13,0.18,3.91,1.0,1.0
2026-10-10T01:52:21+00:00,2026-10-09,daily,6,2026-10-10T10:00:00Z,248,Beto,EVE,FWD,54,0,-1,0.6,0,11586,16222,223908,u,Has joined Fiorentina permanently,2026-09-02T16:05:23.357221Z,0,0,,,,0.0,0,2,31,0,0,0,0,0,0,1,1,0,0,0.09,0.00,0.09,1.92,0.0,0.0
2026-10-10T01:52:21+00:00,2026-10-09,daily,6,2026-10-10T10:00:00Z,249,Barry,EVE,FWD,57,1,2,8.7,165835,90744,1047990,408920,a,,,,,1,,,4.0,6,20,417,5,2,0,3,3,0,17,5,1,11,3.50,0.15,3.65,5.02,4.0,4.0
2026-10-10T01:52:21+00:00,2026-10-09,daily,6,2026-10-10T10:00:00Z,649,Maitland-Niles,EVE,DEF,45,0,0,1.5,33955,9424,106987,19316,a,,,,,,,,7.0,8,21,177,2,1,0,2,1,0,13,8,5,7,0.06,0.25,0.31,2.00,7.0,7.0
2026-10-10T01:52:21+00:00,2026-10-09,daily,6,2026-10-10T10:00:00Z,654,Graham,EVE,MID,45,0,0,0.1,322,1285,11368,5590,a,,,,,,,,0.0,0,0,0,0,0,0,0,0,0,0,0,0,0,0.00,0.00,0.00,0.00,0.0,0.0
2026-10-10T01:52:21+00:00,2026-10-09,daily,6,2026-10-10T10:00:00Z,250,Leno,FUL,GKP,45,0,0,3.8,101218,27160,212115,118202,a,,,,,,,,6.0,3,18,450,5,0,0,1,8,16,0,6,0,41,0.00,0.00,0.00,9.11,6.0,6.0
2026-10-10T01:52:21+00:00,2026-10-09,daily,6,2026-10-10T10:00:00Z,251,Lecomte,FUL,GKP,40,0,0,1.1,5306,4868,28034,28303,a,,,,,,,,0.0,0,0,0,0,0,0,0,0,0,0,0,0,0,0.00,0.00,0.00,0.00,0.0,0.0
2026-10-10T01:52:21+00:00,2026-10-09,daily,6,2026-10-10T10:00:00Z,252,McNally,FUL,GKP,40,0,0,0.1,0,1044,2589,7040,u,Has joined York City on loan for the rest of the season,2026-09-01T13:25:11.231240Z,0,0,,,,0.0,0,0,0,0,0,0,0,0,0,0,0,0,0,0.00,0.00,0.00,0.00,0.0,0.0
2026-10-10T01:52:21+00:00,2026-10-09,daily,6,2026-10-10T10:00:00Z,253,Andersen,FUL,DEF,50,0,0,0.2,6368,2005,18242,10115,a,,2026-07-23T12:01:23.516350Z,100,100,,,,0.5,1,3,190,2,0,0,0,5,0,20,18,2,9,0.00,0.10,0.10,4.35,0.5,0.5
2026-10-10T01:52:21+00:00,2026-10-09,daily,6,2026-10-10T10:00:00Z,254,Robinson,FUL,DEF,45,0,0,1.5,35208,22741,77693,86716,d,Ankle injury - 75% chance of playing,2026-10-09T11:30:11.109085Z,,75,2,,,4.0,2,12,429,5,0,0,1,8,0,31,18,13,20,0.26,0.30,0.56,9.08,4.0,3.0
2026-10-10T01:52:21+00:00,2026-10-09,daily,6,2026-10-10T10:00:00Z,255,J.Cuenca,FUL,DEF,45,0,0,0.0,122,174,1602,2067,a,,,,,,,,0.0,0,3,90,1,0,0,0,3,0,10,9,1,3,0.00,0.03,0.03,2.24,0.0,0.0
2026-10-10T01:52:21+00:00,2026-10-09,daily,6,2026-10-10T10:00:00Z,256,Tete,FUL,DEF,44,0,-1,0.2,202,1407,1533,10852,a,,2026-09-18T12:30:09.546158Z,0,100,,,,0.0,0,0,27,0,0,0,0,0,0,3,3,0,0,0.00,0.00,0.00,0.65,0.0,0.0
2026-10-10T01:52:21+00:00,2026-10-09,daily,6,2026-10-10T10:00:00Z,257,Bassey,FUL,DEF,45,0,0,0.9,24631,4843,45645,32989,a,,,,,,,,6.0,6,15,450,5,0,1,1,8,0,29,23,6,22,0.13,0.08,0.21,9.11,6.0,6.0
2026-10-10T01:52:21+00:00,2026-10-09,daily,6,2026-10-10T10:00:00Z,258,Castagne,FUL,DEF,45,0,0,1.2,42904,10588,119546,49317,a,,,,,,,,3.5,1,20,408,5,0,2,2,7,0,29,23,6,18,0.67,0.39,1.06,6.81,3.5,3.5
2026-10-10T01:52:21+00:00,2026-10-09,daily,6,2026-10-10T10:00:00Z,261,Iwobi,FUL,MID,54,0,-1,0.7,11145,6242,30065,58603,a,,,,,3,1,1,4.0,5,14,408,5,0,0,2,7,0,29,5,5,19,0.39,1.22,1.61,8.16,4.0,4.0
2026-10-10T01:52:21+00:00,2026-10-09,daily,6,2026-10-10T10:00:00Z,262,Smith Rowe,FUL,MID,53,-1,-2,0.2,607,2039,4805,21698,a,,,,,,,,0.5,0,3,38,0,0,0,0,0,0,3,1,0,2,0.06,0.02,0.08,0.87,0.5,0.5
2026-10-10T01:52:21+00:00,2026-10-09,daily,6,2026-10-10T10:00:00Z,263,Kevin,FUL,MID,53,0,-2,0.0,372,465,2176,4402,a,,,,,,,4,1.0,1,4,61,0,0,0,0,1,0,8,1,3,4,0.07,0.12,0.19,1.23,1.0,1.0
2026-10-10T01:52:21+00:00,2026-10-09,daily,6,2026-10-10T10:00:00Z,264,Bobb,FUL,MID,55,0,0,0.3,6447,3150,20450,22256,a,,,,,,,2,3.0,3,13,343,5,0,0,3,6,0,28,5,8,15,0.54,1.14,1.68,6.19,3.0,3.0
2026-10-10T01:52:21+00:00,2026-10-09,daily,6,2026-10-10T10:00:00Z,265,Berge,FUL,MID,49,0,-1,0.3,1408,2365,7139,19121,a,,,,,,,,3.0,3,11,349,4,0,0,2,5,0,19,7,4,8,0.08,0.36,0.44,7.36,3.0,3.0
2026-10-10T01:52:21+00:00,2026-10-09,daily,6,2026-10-10T10:00:00Z,266,Cairney,FUL,MID,49,0,-1,0.0,22,23,123,334,i,Knee injury - Expected back 17 Oct,2026-08-14T18:00:06.460944Z,0,0,,,,0.0,0,0,0,0,0,0,0,0,0,0,0,0,0,0.00,0.00,0.00,0.00,0.0,0.0
2026-10-10T01:52:21+00:00,2026-10-09,daily,6,2026-10-10T10:00:00Z,268,King,FUL,MID,56,1,1,4.1,274323,44752,518458,123320,a,,,,,,,,2.5,2,24,425,5,2,0,2,7,0,28,5,7,16,1.54,0.46,2.00,8.29,2.5,2.5
2026-10-10T01:52:21+00:00,2026-10-09,daily,6,2026-10-10T10:00:00Z,269,Sessegnon,FUL,DEF,43,-1,-2,0.3,777,2187,3220,19885,a,,2026-09-14T11:30:07.403957Z,75,100,,,3,0.0,0,3,50,0,0,0,0,1,0,3,2,1,3,0.13,0.44,0.57,1.80,0.0,0.0
2026-10-10T01:52:21+00:00,2026-10-09,daily,6,2026-10-10T10:00:00Z,270,Reed,FUL,MID,44,0,-1,1.1,4011,11762,37503,77987,a,,,,,,,,0.0,0,0,0,0,0,0,0,0,0,0,0,0,0,0.00,0.00,0.00,0.00,0.0,0.0
2026-10-10T01:52:21+00:00,2026-10-09,daily,6,2026-10-10T10:00:00Z,271,Muniz,FUL,FWD,54,0,-1,0.4,3579,4396,17908,36837,a,,,,,,,,0.5,0,3,38,0,0,0,0,1,0,3,3,0,0,0.40,0.00,0.40,0.85,0.5,0.5
2026-10-10T01:52:21+00:00,2026-10-09,daily,6,2026-10-10T10:00:00Z,272,Kusi-Asare,FUL,FWD,45,0,0,5.2,19437,60480,168908,328285,a,,,,,,,,0.0,0,0,0,0,0,0,0,0,0,0,0,0,0,0.00,0.00,0.00,0.00,0.0,0.0
2026-10-10T01:52:21+00:00,2026-10-09,daily,6,2026-10-10T10:00:00Z,569,Gonzalo,FUL,FWD,61,1,1,6.4,347720,62898,710029,342283,a,,,,,1,,,2.0,2,14,425,5,1,0,2,7,0,18,7,2,9,2.33,0.58,2.91,8.29,2.0,2.0
2026-10-10T01:52:21+00:00,2026-10-09,daily,6,2026-10-10T10:00:00Z,570,Palacios,FUL,MID,54,0,-1,0.2,1200,1623,6489,11269,a,,,,,,,,0.5,1,12,226,3,1,0,0,7,0,17,4,3,10,0.98,0.03,1.01,5.46,0.5,0.5
2026-10-10T01:52:21+00:00,2026-10-09,daily,6,2026-10-10T10:00:00Z,580,Charles,FUL,MID,50,0,0,0.1,2887,1018,4617,4694,a,,,,,,,,4.5,4,13,303,3,0,0,1,5,0,46,23,4,19,0.09,0.16,0.25,6.65,4.5,4.5
2026-10-10T01:52:21+00:00,2026-10-09,daily,6,2026-10-10T10:00:00Z,610,De Fougerolles,FUL,DEF,40,0,0,0.1,0,619,5787,5365,u,has joined  Real Salt Lake on loan for the rest of the seaon.,2026-08-28T11:30:08.336405Z,0,0,,,,0.0,0,0,0,0,0,0,0,0,0,0,0,0,0,0.00,0.00,0.00,0.00,0.0,0.0
2026-10-10T01:52:21+00:00,2026-10-09,daily,6,2026-10-10T10:00:00Z,626,Zepa,FUL,MID,44,-1,-1,0.3,3850,3439,38017,19653,a,,,,,,,,0.0,0,0,0,0,0,0,0,0,0,0,0,0,0,0.00,0.00,0.00,0.00,0.0,0.0
2026-10-10T01:52:21+00:00,2026-10-09,daily,6,2026-10-10T10:00:00Z,635,Larsson,FUL,MID,50,0,0,0.0,156,106,901,339,a,,,,,,,,1.0,1,3,37,0,0,0,0,1,0,6,2,1,3,0.13,0.23,0.36,0.88,1.0,1.0
2026-10-10T01:52:21+00:00,2026-10-09,daily,6,2026-10-10T10:00:00Z,636,Ángel,FUL,MID,50,0,0,0.0,49,40,386,182,a,,,,,,,,0.0,0,0,0,0,0,0,0,0,0,0,0,0,0,0.00,0.00,0.00,0.00,0.0,0.0
2026-10-10T01:52:21+00:00,2026-10-09,daily,6,2026-10-10T10:00:00Z,650,Affengruber,FUL,DEF,45,0,0,0.4,48646,7863,51524,8485,a,,,,,,,,6.0,4,12,180,2,0,0,1,1,0,23,20,3,7,0.00,0.02,0.02,2.88,6.0,6.0
2026-10-10T01:52:21+00:00,2026-10-09,daily,6,2026-10-10T10:00:00Z,240,Iroegbunam,HUL,MID,50,0,0,0.0,114,178,1152,1192,a,,2026-08-15T20:00:06.878792Z,100,100,,,,0.5,1,2,70,0,0,0,0,0,0,9,1,3,5,0.12,0.01,0.13,0.60,0.5,0.5
2026-10-10T01:52:21+00:00,2026-10-09,daily,6,2026-10-10T10:00:00Z,273,Phillips,HUL,GKP,40,0,0,1.4,5861,6800,31986,41683,a,,,,,,,,0.0,0,0,0,0,0,0,0,0,0,0,0,0,0,0.00,0.00,0.00,0.00,0.0,0.0
2026-10-10T01:52:21+00:00,2026-10-09,daily,6,2026-10-10T10:00:00Z,274,Butland,HUL,GKP,44,-1,-1,0.1,94,487,663,5100,i,Arm injury - Unknown return date,2026-08-08T19:00:05.601633Z,0,0,,,,0.0,0,0,0,0,0,0,0,0,0,0,0,0,0,0.00,0.00,0.00,0.00,0.0,0.0
2026-10-10T01:52:21+00:00,2026-10-09,daily,6,2026-10-10T10:00:00Z,275,Cartwright,HUL,GKP,40,0,0,0.0,0,44,0,346,u,Has joined Grimsby Town on loan for the rest of the season,2026-07-29T13:00:27.959925Z,0,0,,,,0.0,0,0,0,0,0,0,0,0,0,0,0,0,0,0.00,0.00,0.00,0.00,0.0,0.0
2026-10-10T01:52:21+00:00,2026-10-09,daily,6,2026-10-10T10:00:00Z,276,Lo-Tutala,HUL,GKP,40,0,0,0.0,0,190,0,1184,u,Has joined Colchester United on loan for the rest of the season,2026-08-17T13:50:27.125537Z,0,0,,,,0.0,0,0,0,0,0,0,0,0,0,0,0,0,0,0.00,0.00,0.00,0.00,0.0,0.0
2026-10-10T01:52:21+00:00,2026-10-09,daily,6,2026-10-10T10:00:00Z,277,Egan,HUL,DEF,41,0,1,7.3,82024,52219,805183,239140,a,,,,,,,,1.5,1,26,437,5,0,0,3,4,0,59,50,9,12,0.05,0.00,0.05,7.27,1.5,1.5
2026-10-10T01:52:21+00:00,2026-10-09,daily,6,2026-10-10T10:00:00Z,278,Hughes,HUL,DEF,39,0,-1,0.2,1448,2733,17237,13700,i,Groin injury - Unknown return date,2026-08-02T09:00:11.030017Z,0,0,,,,0.0,0,0,0,0,0,0,0,0,0,0,0,0,0,0.00,0.00,0.00,0.00,0.0,0.0
2026-10-10T01:52:21+00:00,2026-10-09,daily,6,2026-10-10T10:00:00Z,279,Ajayi,HUL,DEF,42,0,2,14.0,84668,93926,1396053,344428,a,,2026-08-22T17:30:07.668197Z,100,100,,,,1.0,1,27,423,5,1,0,3,4,0,27,21,6,16,0.66,0.01,0.67,6.43,1.0,1.0
2026-10-10T01:52:21+00:00,2026-10-09,daily,6,2026-10-10T10:00:00Z,280,Coyle,HUL,DEF,40,0,0,0.7,3592,3672,29164,27480,a,,2026-08-29T16:30:08.151841Z,100,100,,,,1.0,1,14,348,5,0,0,2,4,0,11,8,3,11,0.13,0.07,0.20,6.22,1.0,1.0
2026-10-10T01:52:21+00:00,2026-10-09,daily,6,2026-10-10T10:00:00Z,281,Drameh,HUL,DEF,40,0,0,0.0,0,347,2118,4600,u,Has joined Genoa permanently,2026-09-02T16:09:06.479140Z,0,0,,,,0.0,0,2,65,0,0,0,0,0,0,6,5,1,4,0.05,0.00,0.05,0.87,0.0,0.0
2026-10-10T01:52:21+00:00,2026-10-09,daily,6,2026-10-10T10:00:00Z,282,Giles,HUL,DEF,40,0,0,2.9,38133,23461,294950,75752,a,,,,,,1,3,2.0,0,24,444,5,0,1,3,4,0,24,19,5,14,0.02,0.43,0.45,7.33,2.0,2.0
2026-10-10T01:52:21+00:00,2026-10-09,daily,6,2026-10-10T10:00:00Z,283,Jacob,HUL,DEF,40,0,0,0.0,0,62,114,719,u,Has joined Newport County on loan until January,2026-08-02T09:00:11.038361Z,0,0,,,,0.0,0,0,0,0,0,0,0,0,0,0,0,0,0,0.00,0.00,0.00,0.00,0.0,0.0
2026-10-10T01:52:21+00:00,2026-10-09,daily,6,2026-10-10T10:00:00Z,284,McCarthy,HUL,DEF,40,0,0,0.1,600,701,5134,4853,a,,,,,,,,0.0,0,0,0,0,0,0,0,0,0,0,0,0,0,0.00,0.00,0.00,0.00,0.0,0.0
2026-10-10T01:52:21+00:00,2026-10-09,daily,6,2026-10-10T10:00:00Z,285,McNair,HUL,DEF,40,0,0,0.1,314,702,3267,5011,a,,2026-09-09T13:30:08.327907Z,100,100,,,,0.0,0,1,26,0,0,0,0,0,0,2,2,0,1,0.00,0.00,0.00,0.96,0.0,0.0
2026-10-10T01:52:21+00:00,2026-10-09,daily,6,2026-10-10T10:00:00Z,286,Belloumi,HUL,MID,51,0,1,5.8,159297,49439,589233,109477,a,,,,,,2,2,8.5,4,31,394,5,2,2,3,3,0,44,14,16,14,0.72,0.43,1.15,6.44,8.5,8.5
2026-10-10T01:52:21+00:00,2026-10-09,daily,6,2026-10-10T10:00:00Z,287,Millar,HUL,MID,50,0,0,0.0,0,450,3178,7670,u,Has joined Birmingham on loan for the rest of the season,2026-09-02T15:36:41.038103Z,0,0,,,,0.0,0,6,50,0,1,0,0,0,0,4,2,1,1,0.58,0.00,0.58,0.87,0.0,0.0
2026-10-10T01:52:21+00:00,2026-10-09,daily,6,2026-10-10T10:00:00Z,288,Dowell,HUL,MID,44,-1,-1,0.3,936,3301,12693,22884,a,,,,,,,,0.0,0,0,0,0,0,0,0,0,0,0,0,0,0,0.00,0.00,0.00,0.00,0.0,0.0
2026-10-10T01:52:21+00:00,2026-10-09,daily,6,2026-10-10T10:00:00Z,289,Crooks,HUL,MID,44,-1,-1,0.5,8654,7686,28013,43915,a,,2026-08-29T15:00:08.569326Z,100,100,,,,0.5,0,3,203,3,0,0,1,4,0,21,9,8,4,0.00,0.12,0.12,3.57,0.5,0.5
2026-10-10T01:52:21+00:00,2026-10-09,daily,6,2026-10-10T10:00:00Z,290,Slater,HUL,MID,45,0,0,5.0,30588,69460,513521,310459,a,,,,,,,1,2.0,2,15,437,5,0,1,3,4,0,33,9,9,15,0.21,0.59,0.80,7.27,2.0,2.0
2026-10-10T01:52:21+00:00,2026-10-09,daily,6,2026-10-10T10:00:00Z,291,Matazo,HUL,MID,45,0,0,0.0,44,91,395,529,i,Knee injury - Unknown return date,2026-07-23T12:01:23.532635Z,0,0,,,,0.0,0,0,0,0,0,0,0,0,0,0,0,0,0,0.00,0.00,0.00,0.00,0.0,0.0
2026-10-10T01:52:21+00:00,2026-10-09,daily,6,2026-10-10T10:00:00Z,292,Ömür,HUL,MID,49,0,-1,0.0,114,214,1232,1695,a,,,,,,,,0.0,0,0,0,0,0,0,0,0,0,0,0,0,0,0.00,0.00,0.00,0.00,0.0,0.0
2026-10-10T01:52:21+00:00,2026-10-09,daily,6,2026-10-10T10:00:00Z,293,Kamara,HUL,MID,50,0,0,0.0,0,15,0,377,u,Has joined Portsmouth permanently,2026-08-12T14:08:23.542043Z,0,0,,,,0.0,0,0,0,0,0,0,0,0,0,0,0,0,0,0.00,0.00,0.00,0.00,0.0,0.0
2026-10-10T01:52:21+00:00,2026-10-09,daily,6,2026-10-10T10:00:00Z,294,Zambrano,HUL,MID,45,0,0,0.1,223,737,3952,7066,a,,2026-08-04T18:30:11.016909Z,100,100,,,,0.0,0,0,0,0,0,0,0,0,0,0,0,0,0,0.00,0.00,0.00,0.00,0.0,0.0
2026-10-10T01:52:21+00:00,2026-10-09,daily,6,2026-10-10T10:00:00Z,295,McBurnie,HUL,FWD,55,0,0,1.9,16079,28903,197065,164250,a,,,,,1,,,2.5,1,13,441,5,0,2,3,4,0,21,9,3,9,1.23,0.13,1.36,7.21,2.5,2.5
2026-10-10T01:52:21+00:00,2026-10-09,daily,6,2026-10-10T10:00:00Z,296,Akintola,HUL,MID,50,0,0,0.0,0,391,2704,5004,u,Has joined Omonoia FC permanently,2026-09-11T14:42:38.120231Z,0,0,,,,0.0,0,0,0,0,0,0,0,0,0,0,0,0,0,0.00,0.00,0.00,0.00,0.0,0.0
2026-10-10T01:52:21+00:00,2026-10-09,daily,6,2026-10-10T10:00:00Z,297,Gyabi,HUL,MID,44,-1,-1,0.0,100,202,489,1670,i,Thigh injury - Unknown return date,2026-08-04T18:30:11.027155Z,0,0,,,,0.0,0,0,0,0,0,0,0,0,0,0,0,0,0,0.00,0.00,0.00,0.00,0.0,0.0
2026-10-10T01:52:21+00:00,2026-10-09,daily,6,2026-10-10T10:00:00Z,298,Destan,HUL,FWD,45,0,0,0.2,0,2154,0,23107,u,Has joined Konyaspor permanently,2026-08-17T13:50:27.145733Z,0,0,,,,0.0,0,0,0,0,0,0,0,0,0,0,0,0,0,0.00,0.00,0.00,0.00,0.0,0.0
2026-10-10T01:52:21+00:00,2026-10-09,daily,6,2026-10-10T10:00:00Z,299,Burstow,HUL,FWD,45,0,0,0.0,0,319,0,3169,u,Has joined Sheffield Wednesday on loan for the rest of the season,2026-08-03T14:05:20.234842Z,0,0,,,,0.0,0,0,0,0,0,0,0,0,0,0,0,0,0,0.00,0.00,0.00,0.00,0.0,0.0
2026-10-10T01:52:21+00:00,2026-10-09,daily,6,2026-10-10T10:00:00Z,340,Gelhardt,HUL,MID,50,0,0,0.0,129,162,739,1069,a,,2026-08-17T21:30:07.799839Z,100,100,,,,0.5,1,1,7,0,0,0,0,0,0,1,0,0,1,0.10,0.02,0.12,0.13,0.5,0.5
2026-10-10T01:52:21+00:00,2026-10-09,daily,6,2026-10-10T10:00:00Z,556,Targett,HUL,DEF,40,0,0,1.5,158,18639,24882,95915,i,Ankle injury - Unknown return date,2026-09-17T14:00:26.419938Z,75,0,,,,0.0,0,1,5,0,0,0,0,0,0,0,0,0,1,0.00,0.00,0.00,0.07,0.0,0.0
2026-10-10T01:52:21+00:00,2026-10-09,daily,6,2026-10-10T10:00:00Z,563,Morita,HUL,MID,49,-1,-1,0.0,37,249,740,1845,a,,2026-09-09T14:00:08.474217Z,0,100,,,,0.0,0,1,45,1,0,0,0,0,0,3,2,0,1,0.00,0.00,0.00,1.09,0.0,0.0
2026-10-10T01:52:21+00:00,2026-10-09,daily,6,2026-10-10T10:00:00Z,572,Tzolakis,HUL,GKP,47,1,2,13.3,200519,49489,1071847,245139,a,,,,,,,,4.0,6,34,450,5,0,0,3,4,17,0,2,1,69,0.00,0.00,0.00,7.40,4.0,4.0
2026-10-10T01:52:21+00:00,2026-10-09,daily,6,2026-10-10T10:00:00Z,574,Hjertø-Dahl,HUL,MID,49,0,-1,0.1,103,560,1464,4680,a,,,,,,,,0.0,0,1,8,0,0,0,0,0,0,1,0,0,1,0.00,0.00,0.00,0.00,0.0,0.0
2026-10-10T01:52:21+00:00,2026-10-09,daily,6,2026-10-10T10:00:00Z,576,Stroud,HUL,MID,50,0,0,0.1,214,782,3736,5005,a,,,,,,,,0.5,0,7,249,4,0,0,2,1,0,20,3,5,12,0.06,0.05,0.11,4.32,0.5,0.5
2026-10-10T01:52:21+00:00,2026-10-09,daily,6,2026-10-10T10:00:00Z,585,Herrington,HUL,DEF,40,0,0,0.6,1521,2743,13320,19630,a,,,,,,,,1.0,1,5,197,1,0,0,0,3,0,16,14,2,6,0.02,0.04,0.06,3.36,1.0,1.0
2026-10-10T01:52:21+00:00,2026-10-09,daily,6,2026-10-10T10:00:00Z,586,Mendy,HUL,DEF,41,0,1,6.2,15634,44600,691926,369583,a,,2026-09-12T18:00:09.334142Z,0,100,,,,0.5,0,25,249,4,1,0,2,1,0,39,32,7,6,0.32,0.00,0.32,4.02,0.0,0.5
2026-10-10T01:52:21+00:00,2026-10-09,daily,6,2026-10-10T10:00:00Z,589,Gourna-Douath,HUL,MID,50,0,0,0.0,47,170,716,1405,a,,,,,,,,0.5,1,4,138,1,0,0,1,0,0,17,5,5,7,0.03,0.03,0.06,2.26,0.5,0.5
2026-10-10T01:52:21+00:00,2026-10-09,daily,6,2026-10-10T10:00:00Z,617,Cho,HUL,MID,50,0,0,0.0,522,211,1958,823,a,,,,,,,,3.5,6,9,72,0,1,0,0,1,0,2,1,0,1,0.79,0.36,1.15,0.98,3.5,3.5
2026-10-10T01:52:21+00:00,2026-10-09,daily,6,2026-10-10T10:00:00Z,632,Ansah,HUL,FWD,50,0,0,0.0,98,575,5145,3655,i,Back injury - Unknown return date,2026-09-09T10:00:08.919489Z,0,0,,,,0.0,0,0,0,0,0,0,0,0,0,0,0,0,0,0.00,0.00,0.00,0.00,0.0,0.0
2026-10-10T01:52:21+00:00,2026-10-09,daily,6,2026-10-10T10:00:00Z,637,Vaz,HUL,FWD,50,0,0,0.1,2748,1631,13253,4452,a,,,,,,,,1.0,1,2,20,0,0,0,0,0,0,2,0,0,2,0.00,0.01,0.01,0.31,1.0,1.0
2026-10-10T01:52:21+00:00,2026-10-09,daily,6,2026-10-10T10:00:00Z,638,Norton-Cuffy,HUL,DEF,40,0,0,0.2,562,3345,26178,11171,a,,2026-09-21T08:30:09.561308Z,,100,,,,0.0,0,1,34,0,0,0,0,0,0,1,1,0,4,0.05,0.00,0.05,0.30,0.0,0.0
2026-10-10T01:52:21+00:00,2026-10-09,daily,6,2026-10-10T10:00:00Z,642,Thomas,HUL,MID,55,0,0,0.0,746,483,3350,1332,a,,,,,,,,1.5,2,4,119,1,0,0,0,3,0,8,0,1,7,0.21,0.11,0.32,2.04,1.5,1.5
2026-10-10T01:52:21+00:00,2026-10-09,daily,6,2026-10-10T10:00:00Z,645,Mouzakitis,HUL,MID,50,0,0,0.0,128,118,820,344,a,,,,,,,,0.0,0,0,0,0,0,0,0,0,0,0,0,0,0,0.00,0.00,0.00,0.00,0.0,0.0
2026-10-10T01:52:21+00:00,2026-10-09,daily,6,2026-10-10T10:00:00Z,259,Diop,IPS,DEF,40,0,0,12.1,15115,118167,144152,570789,a,,,,,,,,2.5,4,12,450,5,0,0,0,11,0,45,41,4,21,0.06,0.16,0.22,8.98,2.5,2.5
2026-10-10T01:52:21+00:00,2026-10-09,daily,6,2026-10-10T10:00:00Z,267,Lukić,IPS,MID,49,-1,-1,0.1,429,995,3657,6948,a,,,,,,,1,1.5,2,11,400,5,0,1,0,10,0,37,17,7,13,0.02,0.41,0.43,7.37,1.5,1.5
2026-10-10T01:52:21+00:00,2026-10-09,daily,6,2026-10-10T10:00:00Z,300,Walton,IPS,GKP,44,0,-1,0.4,3851,2094,5536,16007,a,,,,,,,,1.0,2,2,90,1,0,0,0,1,1,0,2,0,17,0.00,0.01,0.01,2.24,1.0,1.0
2026-10-10T01:52:21+00:00,2026-10-09,daily,6,2026-10-10T10:00:00Z,301,Palmer,IPS,GKP,40,0,0,3.8,10989,23797,81585,125036,a,,,,,,,,0.0,0,0,0,0,0,0,0,0,0,0,0,0,0,0.00,0.00,0.00,0.00,0.0,0.0
2026-10-10T01:52:21+00:00,2026-10-09,daily,6,2026-10-10T10:00:00Z,302,Button,IPS,GKP,40,0,0,0.6,3290,2443,33300,16295,a,,,,,,,,0.0,0,0,0,0,0,0,0,0,0,0,0,0,0,0.00,0.00,0.00,0.00,0.0,0.0
2026-10-10T01:52:21+00:00,2026-10-09,daily,6,2026-10-10T10:00:00Z,303,Kipré,IPS,DEF,39,0,-1,0.9,7061,6729,51682,31476,a,,,,,,,,0.0,0,0,0,0,0,0,0,0,0,0,0,0,0,0.00,0.00,0.00,0.00,0.0,0.0
2026-10-10T01:52:21+00:00,2026-10-09,daily,6,2026-10-10T10:00:00Z,304,O'Shea,IPS,DEF,40,0,0,2.6,4748,27428,68167,140771,a,,,,,,,,1.5,2,10,450,5,0,0,0,11,0,48,41,7,18,0.07,0.26,0.33,8.98,1.5,1.5
2026-10-10T01:52:21+00:00,2026-10-09,daily,6,2026-10-10T10:00:00Z,305,Davis,IPS,DEF,40,0,0,7.5,129200,53283,449403,210899,a,,,,,,2,,8.0,2,25,450,5,2,2,0,11,0,24,22,2,10,1.59,0.46,2.05,8.98,8.0,8.0
2026-10-10T01:52:21+00:00,2026-10-09,daily,6,2026-10-10T10:00:00Z,306,Greaves,IPS,DEF,39,-1,-1,1.1,9073,8630,16809,43371,a,,,,,,,,0.5,0,3,357,4,0,0,0,10,0,30,25,5,12,0.00,0.06,0.06,6.74,0.5,0.5
2026-10-10T01:52:21+00:00,2026-10-09,daily,6,2026-10-10T10:00:00Z,307,Johnson,IPS,DEF,40,0,0,0.1,0,654,1137,6601,u,Has joined Stoke City on loan for the rest of the season,2026-09-04T12:36:56.236331Z,0,0,,,,0.0,0,0,0,0,0,0,0,0,0,0,0,0,0,0.00,0.00,0.00,0.00,0.0,0.0
2026-10-10T01:52:21+00:00,2026-10-09,daily,6,2026-10-10T10:00:00Z,308,Furlong,IPS,DEF,39,0,-1,0.6,8546,4939,21183,21716,a,,,,,,,,0.0,0,1,17,0,0,0,0,1,0,3,2,1,0,0.00,0.00,0.00,0.86,0.0,0.0
2026-10-10T01:52:21+00:00,2026-10-09,daily,6,2026-10-10T10:00:00Z,309,Núñez,IPS,MID,49,0,-1,0.1,141,1067,3158,8074,a,,,,,,1,3,0.0,0,6,140,2,0,0,0,4,0,21,8,3,10,0.03,0.05,0.08,3.48,0.0,0.0
2026-10-10T01:52:21+00:00,2026-10-09,daily,6,2026-10-10T10:00:00Z,310,Matusiwa,IPS,MID,49,0,-1,0.0,23,27,134,288,a,,2026-07-29T18:00:10.305484Z,100,100,,,,0.0,0,0,0,0,0,0,0,0,0,0,0,0,0,0.00,0.00,0.00,0.00,0.0,0.0
2026-10-10T01:52:21+00:00,2026-10-09,daily,6,2026-10-10T10:00:00Z,311,Burns,IPS,MID,50,0,0,0.0,0,11,0,350,u,Has joined Leicester City permanently,2026-08-10T14:02:47.597478Z,0,0,,,,0.0,0,0,0,0,0,0,0,0,0,0,0,0,0,0.00,0.00,0.00,0.00,0.0,0.0
2026-10-10T01:52:21+00:00,2026-10-09,daily,6,2026-10-10T10:00:00Z,312,Taylor,IPS,MID,44,-1,-1,0.0,593,433,1169,2814,a,,2026-07-29T18:00:10.319370Z,0,100,,,,0.0,0,0,0,0,0,0,0,0,0,0,0,0,0,0.00,0.00,0.00,0.00,0.0,0.0
2026-10-10T01:52:21+00:00,2026-10-09,daily,6,2026-10-10T10:00:00Z,313,Clarke,IPS,MID,53,-1,-2,0.2,422,1649,5773,16443,a,,,,,1,3,4,1.5,2,11,170,2,1,0,0,2,0,10,3,2,5,0.30,0.37,0.67,1.97,1.5,1.5
2026-10-10T01:52:21+00:00,2026-10-09,daily,6,2026-10-10T10:00:00Z,314,Ogbene,IPS,MID,49,0,-1,0.0,0,99,104,1241,u,Has joined Lincoln City on loan until January,2026-09-02T16:04:17.497385Z,0,0,,,,0.0,0,0,0,0,0,0,0,0,0,0,0,0,0,0.00,0.00,0.00,0.00,0.0,0.0
2026-10-10T01:52:21+00:00,2026-10-09,daily,6,2026-10-10T10:00:00Z,315,Fatawu,IPS,MID,54,0,-1,0.1,83,4115,5385,14959,s,Suspended until 17 Oct,2026-09-19T15:30:10.126897Z,,0,,,2,0.0,-1,8,352,5,0,1,0,10,0,28,8,9,11,0.17,1.11,1.28,7.79,0.0,0.0
2026-10-10T01:52:21+00:00,2026-10-09,daily,6,2026-10-10T10:00:00Z,316,Emersonn,IPS,FWD,56,1,1,4.1,81667,36512,365365,155786,a,,2026-08-31T09:30:08.306145Z,100,100,2,,,7.0,2,26,317,5,2,1,0,6,0,10,3,3,4,1.61,0.12,1.73,4.29,7.0,7.0
2026-10-10T01:52:21+00:00,2026-10-09,daily,6,2026-10-10T10:00:00Z,317,Hirst,IPS,FWD,50,0,0,0.1,0,893,0,17523,u,Has joined Stoke City permanently,2026-08-21T13:06:08.606019Z,0,0,,,,0.0,0,0,0,0,0,0,0,0,0,0,0,0,0,0.00,0.00,0.00,0.00,0.0,0.0
2026-10-10T01:52:21+00:00,2026-10-09,daily,6,2026-10-10T10:00:00Z,318,Philogene,IPS,MID,54,0,-1,0.1,61,271,329,9395,a,,2026-08-25T11:30:07.532993Z,100,100,3,,5,1.0,1,2,52,0,0,0,0,1,0,4,0,0,4,0.08,0.01,0.08,0.97,1.0,1.0
2026-10-10T01:52:21+00:00,2026-10-09,daily,6,2026-10-10T10:00:00Z,319,Szmodics,IPS,MID,50,0,0,0.0,0,26,0,773,u,Has joined Derby County on loan for the rest of the season,2026-08-17T13:51:41.713979Z,0,0,,,,0.0,0,0,0,0,0,0,0,0,0,0,0,0,0,0.00,0.00,0.00,0.00,0.0,0.0
2026-10-10T01:52:21+00:00,2026-10-09,daily,6,2026-10-10T10:00:00Z,320,Akpom,IPS,FWD,50,0,0,1.1,7256,14848,133212,79281,a,,,,,,,,0.5,1,7,78,0,1,0,0,4,0,3,0,1,2,1.14,0.00,1.14,4.20,0.5,0.5
2026-10-10T01:52:21+00:00,2026-10-09,daily,6,2026-10-10T10:00:00Z,321,Walle Egeli,IPS,FWD,45,0,0,3.5,34378,45158,346999,229645,a,,,,,,,,0.0,0,1,10,0,0,0,0,0,0,0,0,0,0,0.00,0.00,0.00,0.03,0.0,0.0
2026-10-10T01:52:21+00:00,2026-10-09,daily,6,2026-10-10T10:00:00Z,322,Al-Hamadi,IPS,FWD,50,0,0,0.0,0,594,755,10139,u,Has joined Sheffield Wednesday on loan for the rest of the season,2026-08-27T14:54:10.215357Z,0,0,,,,0.0,0,0,0,0,0,0,0,0,0,0,0,0,0,0.00,0.00,0.00,0.00,0.0,0.0
2026-10-10T01:52:21+00:00,2026-10-09,daily,6,2026-10-10T10:00:00Z,323,McAteer,IPS,MID,44,-1,-1,1.0,3398,11637,30142,67484,a,,,,,,,,0.0,0,3,42,0,0,0,0,0,0,5,0,1,4,0.05,0.00,0.05,0.21,0.0,0.0
2026-10-10T01:52:21+00:00,2026-10-09,daily,6,2026-10-10T10:00:00Z,324,Mehmeti,IPS,MID,48,-1,-2,0.0,101,252,427,2583,a,,,,,,,,0.0,0,0,0,0,0,0,0,0,0,0,0,0,0,0.00,0.00,0.00,0.00,0.0,0.0
2026-10-10T01:52:21+00:00,2026-10-09,daily,6,2026-10-10T10:00:00Z,554,Van Oevelen,IPS,GKP,45,0,0,0.0,0,152,54,2026,u,Has joined Valencia on loan for the rest of the season,2026-08-25T14:04:09.529320Z,0,0,,,,0.0,0,0,0,0,0,0,0,0,0,0,0,0,0,0.00,0.00,0.00,0.00,0.0,0.0
2026-10-10T01:52:21+00:00,2026-10-09,daily,6,2026-10-10T10:00:00Z,562,Maeda,IPS,MID,53,-1,-2,0.2,243,2742,2971,21512,a,,,,,,,,1.0,1,8,259,3,0,0,0,8,0,20,8,8,4,0.71,0.02,0.73,6.05,1.0,1.0
2026-10-10T01:52:21+00:00,2026-10-09,daily,6,2026-10-10T10:00:00Z,564,Scherpen,IPS,GKP,45,0,0,0.6,1425,4459,15992,25036,a,,,,,,,,0.5,0,7,360,4,0,0,0,10,15,0,8,0,39,0.00,0.01,0.01,6.74,0.5,0.5
2026-10-10T01:52:21+00:00,2026-10-09,daily,6,2026-10-10T10:00:00Z,571,Florentino,IPS,MID,48,-1,-2,0.1,185,681,1130,7412,a,,2026-08-25T11:30:07.678802Z,100,100,,,,1.0,1,2,30,0,0,0,0,0,0,2,1,1,0,0.00,0.01,0.01,0.75,1.0,1.0
2026-10-10T01:52:21+00:00,2026-10-09,daily,6,2026-10-10T10:00:00Z,591,Enciso,IPS,MID,55,0,0,0.8,6387,10843,97950,57132,a,,2026-08-22T18:00:07.551930Z,100,100,,,,2.0,2,15,413,5,0,2,0,11,0,31,5,2,24,1.26,0.89,2.15,8.47,2.0,2.0
2026-10-10T01:52:21+00:00,2026-10-09,daily,6,2026-10-10T10:00:00Z,592,Ouattara,IPS,DEF,40,0,0,0.8,1255,3533,14040,27669,a,,,,,,,,1.5,2,6,131,1,0,0,0,2,0,11,7,4,14,0.02,0.03,0.05,3.13,1.5,1.5
2026-10-10T01:52:21+00:00,2026-10-09,daily,6,2026-10-10T10:00:00Z,602,Humphreys,IPS,MID,45,0,0,0.0,0,295,2861,3289,u,Has joined Huddersfield Town on loan for the rest of the season,2026-09-02T16:04:17.524642Z,0,0,,,,0.0,0,0,0,0,0,0,0,0,0,0,0,0,0,0.00,0.00,0.00,0.00,0.0,0.0
2026-10-10T01:52:21+00:00,2026-10-09,daily,6,2026-10-10T10:00:00Z,619,Palacios,IPS,MID,50,0,0,0.1,876,1296,9364,3906,a,,,,,,,,3.0,2,11,275,3,0,0,0,7,0,44,12,9,23,0.00,0.09,0.09,5.30,3.0,3.0
2026-10-10T01:52:21+00:00,2026-10-09,daily,6,2026-10-10T10:00:00Z,640,Flemming,IPS,FWD,55,0,0,0.1,1953,1595,10315,3817,a,,,,,,,,2.5,0,6,60,0,1,0,0,1,0,5,1,1,3,0.64,0.01,0.65,0.63,2.5,2.5
2026-10-10T01:52:21+00:00,2026-10-09,daily,6,2026-10-10T10:00:00Z,260,Wilson,LEE,MID,62,0,-3,1.4,129,63016,29100,479718,d,Thigh injury - 75% chance of playing,2026-09-18T13:30:09.626858Z,0,75,,2,2,0.5,0,5,145,1,0,0,1,1,0,11,3,4,4,0.01,0.09,0.10,3.28,0.0,0.4
2026-10-10T01:52:21+00:00,2026-10-09,daily,6,2026-10-10T10:00:00Z,326,Perri,LEE,GKP,45,0,0,0.3,0,2157,532,27357,u,Has joined Torino on loan for the rest of the season,2026-09-01T13:12:39.210133Z,0,0,,,,0.0,0,0,0,0,0,0,0,0,0,0,0,0,0,0.00,0.00,0.00,0.00,0.0,0.0
2026-10-10T01:52:21+00:00,2026-10-09,daily,6,2026-10-10T10:00:00Z,327,Bijol,LEE,DEF,50,0,0,0.7,1236,8348,69538,61963,a,,,,,,,,0.0,0,12,164,2,0,0,1,2,0,21,18,3,7,0.11,0.00,0.11,3.16,0.0,0.0
2026-10-10T01:52:21+00:00,2026-10-09,daily,6,2026-10-10T10:00:00Z,329,Rodon,LEE,DEF,43,-1,-2,0.7,80,17864,26974,305869,i,Hamstring injury - Expected back 21 Nov,2026-08-30T16:00:08.564382Z,0,0,,,,0.0,0,7,123,2,0,0,1,0,0,11,10,1,2,0.03,0.06,0.09,1.01,0.0,0.0
2026-10-10T01:52:21+00:00,2026-10-09,daily,6,2026-10-10T10:00:00Z,330,Bogle,LEE,DEF,46,0,1,8.0,228067,55150,754640,114358,a,,,,,,,,10.0,5,42,365,5,2,0,4,1,0,16,11,5,11,1.38,0.08,1.46,2.89,10.0,10.0
2026-10-10T01:52:21+00:00,2026-10-09,daily,6,2026-10-10T10:00:00Z,331,Gudmundsson,LEE,DEF,45,0,0,0.1,1482,703,5080,3133,a,,2026-08-08T20:00:07.546568Z,100,100,,,,6.0,6,14,252,3,0,0,2,1,0,14,5,9,12,0.00,0.21,0.21,3.83,6.0,6.0
2026-10-10T01:52:21+00:00,2026-10-09,daily,6,2026-10-10T10:00:00Z,332,Justin,LEE,DEF,45,0,0,1.4,11296,12375,128568,77288,a,,,,,,,,5.0,8,26,450,5,0,0,2,3,0,44,28,16,14,0.22,0.42,0.64,6.46,5.0,5.0
2026-10-10T01:52:21+00:00,2026-10-09,daily,6,2026-10-10T10:00:00Z,333,Bornauw,LEE,DEF,45,0,0,0.0,0,8,0,302,u,Has joined Hamburg SV on loan for the rest of the season,2026-08-19T13:56:14.645970Z,0,0,,,,0.0,0,0,0,0,0,0,0,0,0,0,0,0,0,0.00,0.00,0.00,0.00,0.0,0.0
2026-10-10T01:52:21+00:00,2026-10-09,daily,6,2026-10-10T10:00:00Z,334,Muharemović,LEE,DEF,50,0,0,4.5,77016,52034,348301,200918,a,,,,,,,,6.5,6,27,450,5,0,1,2,3,0,58,53,5,16,0.49,0.05,0.54,6.46,6.5,6.5
2026-10-10T01:52:21+00:00,2026-10-09,daily,6,2026-10-10T10:00:00Z,335,Stach,LEE,MID,60,0,0,2.4,8747,32637,206090,177370,a,,,,,,1,1,4.0,5,27,447,5,1,0,3,2,0,61,27,13,21,0.97,0.31,1.28,6.17,4.0,4.0
2026-10-10T01:52:21+00:00,2026-10-09,daily,6,2026-10-10T10:00:00Z,336,Okafor,LEE,MID,58,0,-2,0.4,3718,7169,28825,38955,a,,,,,,,,6.0,3,18,299,4,1,0,3,1,0,18,3,7,8,0.17,0.27,0.44,2.37,6.0,6.0
2026-10-10T01:52:21+00:00,2026-10-09,daily,6,2026-10-10T10:00:00Z,337,Aaronson,LEE,MID,53,-1,-2,0.4,360,5874,6923,50603,a,,,,,,4,,1.0,1,7,194,2,0,0,1,3,0,15,1,3,11,0.01,0.02,0.03,3.78,1.0,1.0
2026-10-10T01:52:21+00:00,2026-10-09,daily,6,2026-10-10T10:00:00Z,338,Ampadu,LEE,MID,54,0,-1,0.9,3668,9988,20101,65667,a,,,,,,,,6.0,5,21,450,5,0,1,2,3,0,60,24,12,24,0.08,0.26,0.34,6.46,6.0,6.0
2026-10-10T01:52:21+00:00,2026-10-09,daily,6,2026-10-10T10:00:00Z,339,Longstaff,LEE,MID,48,-1,-2,0.1,310,1051,2683,8535,a,,,,,,3,3,0.5,0,2,10,0,0,0,0,1,0,0,0,0,0,0.00,0.00,0.00,0.35,0.5,0.5
2026-10-10T01:52:21+00:00,2026-10-09,daily,6,2026-10-10T10:00:00Z,341,Gnonto,LEE,MID,50,0,0,0.0,0,91,244,1849,u,Has joined ACF Fiorentina on loan for the rest of the season,2026-09-02T16:04:47.189648Z,0,0,,,,0.0,0,0,0,0,0,0,0,0,0,0,0,0,0,0.00,0.00,0.00,0.00,0.0,0.0
2026-10-10T01:52:21+00:00,2026-10-09,daily,6,2026-10-10T10:00:00Z,342,Harrison,LEE,MID,50,0,0,0.0,0,5,0,79,u,Has joined New England Revolution permanently,2026-07-28T12:59:09.492431Z,0,0,,,,0.0,0,0,0,0,0,0,0,0,0,0,0,0,0,0.00,0.00,0.00,0.00,0.0,0.0
2026-10-10T01:52:21+00:00,2026-10-09,daily,6,2026-10-10T10:00:00Z,343,James,LEE,MID,49,0,-1,0.1,253,1345,4222,8795,i,Back injury - Expected back 18 Oct,2026-10-08T14:00:11.803126Z,,0,,,,1.0,1,3,52,0,0,0,0,1,0,5,1,0,4,0.35,0.01,0.36,1.61,1.0,0.0
2026-10-10T01:52:21+00:00,2026-10-09,daily,6,2026-10-10T10:00:00Z,344,Gruev,LEE,MID,50,0,0,0.0,67,31,146,326,a,,2026-08-14T23:00:06.272027Z,100,100,,,,0.0,0,0,0,0,0,0,0,0,0,0,0,0,0,0.00,0.00,0.00,0.00,0.0,0.0
2026-10-10T01:52:21+00:00,2026-10-09,daily,6,2026-10-10T10:00:00Z,345,Tanaka,LEE,MID,49,0,-1,0.3,3750,4065,24268,19300,a,,,,,,,4,4.0,2,14,255,3,0,2,2,1,0,29,11,8,10,0.73,0.05,0.78,3.24,4.0,4.0
2026-10-10T01:52:21+00:00,2026-10-09,daily,6,2026-10-10T10:00:00Z,346,Calvert-Lewin,LEE,FWD,60,0,0,23.4,162098,370411,1078727,1523353,a,,,,,1,,,6.0,2,22,419,5,2,1,3,2,0,22,9,0,13,3.00,0.08,3.08,4.85,6.0,6.0
2026-10-10T01:52:21+00:00,2026-10-09,daily,6,2026-10-10T10:00:00Z,347,Nmecha,LEE,FWD,54,0,-1,0.4,3163,5746,23357,39167,a,,,,,2,,,1.0,1,7,64,0,0,1,0,1,0,4,0,1,3,0.27,0.15,0.42,2.90,1.0,1.0
2026-10-10T01:52:21+00:00,2026-10-09,daily,6,2026-10-10T10:00:00Z,348,Piroe,LEE,FWD,50,0,0,0.1,0,651,0,11446,u,Has joined West Ham United on loan for the rest of the season,2026-08-19T13:56:14.666726Z,0,0,3,,,0.0,0,0,0,0,0,0,0,0,0,0,0,0,0,0.00,0.00,0.00,0.00,0.0,0.0
2026-10-10T01:52:21+00:00,2026-10-09,daily,6,2026-10-10T10:00:00Z,349,Mateo Joseph,LEE,FWD,45,0,0,0.1,570,754,3356,4728,i,Knee injury - Unknown return date,2026-07-29T18:00:10.338170Z,0,0,,,,0.0,0,0,0,0,0,0,0,0,0,0,0,0,0,0.00,0.00,0.00,0.00,0.0,0.0
2026-10-10T01:52:21+00:00,2026-10-09,daily,6,2026-10-10T10:00:00Z,385,Trafford,LEE,GKP,50,0,0,5.5,40107,28441,282078,172786,a,,,,,,,,6.5,10,28,450,5,0,0,2,3,20,0,6,0,55,0.00,0.00,0.00,6.46,6.5,6.5
2026-10-10T01:52:21+00:00,2026-10-09,daily,6,2026-10-10T10:00:00Z,598,Elvedi,LEE,DEF,45,0,0,0.1,524,452,5639,3011,a,,,,,,,,4.0,6,13,326,3,0,0,1,3,0,29,27,2,8,0.12,0.58,0.70,5.45,4.0,4.0
2026-10-10T01:52:21+00:00,2026-10-09,daily,6,2026-10-10T10:00:00Z,603,Lienou,LEE,DEF,40,0,0,0.1,345,683,7018,4150,a,,,,,,,,0.0,0,0,0,0,0,0,0,0,0,0,0,0,0,0.00,0.00,0.00,0.00,0.0,0.0
2026-10-10T01:52:21+00:00,2026-10-09,daily,6,2026-10-10T10:00:00Z,604,Cresswell,LEE,MID,45,0,0,0.1,506,1205,14262,8233,a,,,,,,,,0.0,0,0,0,0,0,0,0,0,0,0,0,0,0,0.00,0.00,0.00,0.00,0.0,0.0
2026-10-10T01:52:21+00:00,2026-10-09,daily,6,2026-10-10T10:00:00Z,625,Cairns,LEE,GKP,40,0,0,0.2,1401,1083,20360,6241,a,,,,,,,,0.0,0,0,0,0,0,0,0,0,0,0,0,0,0,0.00,0.00,0.00,0.00,0.0,0.0
2026-10-10T01:52:21+00:00,2026-10-09,daily,6,2026-10-10T10:00:00Z,629,Zetterer,LEE,GKP,40,0,0,0.7,5125,3762,60565,15137,a,,,,,,,,0.0,0,0,0,0,0,0,0,0,0,0,0,0,0,0.00,0.00,0.00,0.00,0.0,0.0
2026-10-10T01:52:21+00:00,2026-10-09,daily,6,2026-10-10T10:00:00Z,641,Bard,LEE,DEF,45,0,0,0.0,151,112,1013,388,a,,,,,,,,0.5,0,1,18,0,0,0,0,1,0,2,1,1,2,0.00,0.00,0.00,0.30,0.5,0.5
2026-10-10T01:52:21+00:00,2026-10-09,daily,6,2026-10-10T10:00:00Z,648,Bahoya,LEE,MID,50,0,0,0.0,133,300,2265,1268,d,Ankle injury - 75% chance of playing,2026-10-08T14:00:12.276121Z,,75,,,,0.5,1,1,1,0,0,0,0,0,0,0,0,0,0,0.00,0.00,0.00,0.00,0.5,0.4
2026-10-10T01:52:21+00:00,2026-10-09,daily,6,2026-10-10T10:00:00Z,350,A.Becker,LIV,GKP,55,0,0,4.2,23842,21463,157160,154987,a,,,,,,,,8.5,8,27,450,5,0,0,3,4,14,0,10,0,47,0.00,0.00,0.00,6.12,8.5,8.5
2026-10-10T01:52:21+00:00,2026-10-09,daily,6,2026-10-10T10:00:00Z,351,Mamardashvili,LIV,GKP,48,-1,-2,0.1,338,799,2950,8817,a,,,,,,,,0.0,0,0,0,0,0,0,0,0,0,0,0,0,0,0.00,0.00,0.00,0.00,0.0,0.0
2026-10-10T01:52:21+00:00,2026-10-09,daily,6,2026-10-10T10:00:00Z,352,Woodman,LIV,GKP,40,0,0,1.0,1384,3709,18878,28567,a,,,,,,,,0.0,0,0,0,0,0,0,0,0,0,0,0,0,0,0.00,0.00,0.00,0.00,0.0,0.0
2026-10-10T01:52:21+00:00,2026-10-09,daily,6,2026-10-10T10:00:00Z,353,Pecsi,LIV,GKP,40,0,0,0.0,0,108,0,1135,u,Has joined TSV Hartberg on loan for the rest of the season,2026-08-18T14:11:18.638344Z,0,0,,,,0.0,0,0,0,0,0,0,0,0,0,0,0,0,0,0.00,0.00,0.00,0.00,0.0,0.0
2026-10-10T01:52:21+00:00,2026-10-09,daily,6,2026-10-10T10:00:00Z,354,Jaros,LIV,GKP,40,0,0,0.0,333,247,1880,1333,i,Knee injury - Unknown return date,2026-07-29T18:00:10.351066Z,0,0,,,,0.0,0,0,0,0,0,0,0,0,0,0,0,0,0,0.00,0.00,0.00,0.00,0.0,0.0
2026-10-10T01:52:21+00:00,2026-10-09,daily,6,2026-10-10T10:00:00Z,355,Davies,LIV,GKP,40,0,0,0.2,500,672,4952,4452,a,,,,,,,,0.0,0,0,0,0,0,0,0,0,0,0,0,0,0,0.00,0.00,0.00,0.00,0.0,0.0
2026-10-10T01:52:21+00:00,2026-10-09,daily,6,2026-10-10T10:00:00Z,356,Virgil,LIV,DEF,65,0,0,16.1,41323,80071,298339,652704,a,,,,,,,,8.0,8,25,450,5,0,0,3,4,0,48,43,5,18,0.25,0.08,0.33,6.12,8.0,8.0
2026-10-10T01:52:21+00:00,2026-10-09,daily,6,2026-10-10T10:00:00Z,357,Frimpong,LIV,DEF,53,0,-2,1.7,2276,20069,59619,253454,a,,,,,,,,0.5,0,2,178,2,0,0,0,4,0,12,8,4,7,0.01,0.23,0.24,3.91,0.5,0.5
2026-10-10T01:52:21+00:00,2026-10-09,daily,6,2026-10-10T10:00:00Z,358,Kerkez,LIV,DEF,53,-1,-2,2.1,4043,20503,49060,197875,a,,,,,,,,3.5,6,13,385,4,0,0,2,4,0,30,22,8,10,0.07,0.08,0.15,5.65,3.5,3.5
2026-10-10T01:52:21+00:00,2026-10-09,daily,6,2026-10-10T10:00:00Z,359,Gomez,LIV,DEF,49,0,-1,0.0,462,144,882,1208,a,,2026-07-26T08:30:10.078473Z,100,100,,,,0.0,0,0,0,0,0,0,0,0,0,0,0,0,0,0.00,0.00,0.00,0.00,0.0,0.0
2026-10-10T01:52:21+00:00,2026-10-09,daily,6,2026-10-10T10:00:00Z,360,Bradley,LIV,DEF,50,0,0,0.0,80,115,397,827,i,Knee injury - Unknown return date,2026-07-23T12:01:23.565711Z,0,0,,,,0.0,0,0,0,0,0,0,0,0,0,0,0,0,0,0.00,0.00,0.00,0.00,0.0,0.0
2026-10-10T01:52:21+00:00,2026-10-09,daily,6,2026-10-10T10:00:00Z,361,Lucky,LIV,DEF,40,0,0,0.1,386,812,3963,6037,a,,,,,,,,0.0,0,0,0,0,0,0,0,0,0,0,0,0,0,0.00,0.00,0.00,0.00,0.0,0.0
2026-10-10T01:52:21+00:00,2026-10-09,daily,6,2026-10-10T10:00:00Z,362,Jacquet,LIV,DEF,50,0,0,3.4,55079,36351,252961,146384,a,,2026-10-06T00:30:10.323830Z,100,100,,,,7.5,6,24,415,5,0,0,3,4,0,36,25,11,21,0.00,0.14,0.14,5.51,7.5,7.5
2026-10-10T01:52:21+00:00,2026-10-09,daily,6,2026-10-10T10:00:00Z,363,Leoni,LIV,DEF,40,0,0,0.0,93,295,894,2226,i,Knee injury - Unknown return date,2026-07-23T12:01:23.596909Z,0,0,,,,0.0,0,0,0,0,0,0,0,0,0,0,0,0,0,0.00,0.00,0.00,0.00,0.0,0.0
2026-10-10T01:52:21+00:00,2026-10-09,daily,6,2026-10-10T10:00:00Z,364,Tsimikas,LIV,DEF,49,0,-1,0.1,153,529,1640,4555,a,,,,,,,4,0.5,0,2,64,1,0,0,0,0,0,3,2,1,3,0.04,0.02,0.06,0.47,0.5,0.5
2026-10-10T01:52:21+00:00,2026-10-09,daily,6,2026-10-10T10:00:00Z,365,Ramsay,LIV,DEF,40,0,0,0.1,0,772,638,13001,u,Has joined St Mirren on loan for the rest of the season,2026-08-26T14:05:26.748768Z,0,0,,,,0.0,0,0,0,0,0,0,0,0,0,0,0,0,0,0.00,0.00,0.00,0.00,0.0,0.0
2026-10-10T01:52:21+00:00,2026-10-09,daily,6,2026-10-10T10:00:00Z,366,Wirtz,LIV,MID,73,0,-2,5.5,13851,76431,144119,799828,a,,,,,4,2,2,4.5,6,18,402,5,0,2,3,4,0,36,3,8,25,1.00,0.40,1.40,4.82,4.5,4.5
2026-10-10T01:52:21+00:00,2026-10-09,daily,6,2026-10-10T10:00:00Z,367,Gakpo,LIV,MID,72,0,2,10.2,55248,304165,1341660,931762,i,Ankle injury - Unknown return date,2026-09-27T21:30:07.786183Z,100,0,3,,3,2.0,3,32,370,4,1,3,2,4,0,32,9,8,15,0.64,1.71,2.35,5.51,2.0,0.0
2026-10-10T01:52:21+00:00,2026-10-09,daily,6,2026-10-10T10:00:00Z,368,Szoboszlai,LIV,MID,69,-1,-1,30.8,66319,428125,958678,1896283,a,,,,,1,1,1,2.5,2,20,440,5,1,0,3,4,0,41,13,6,22,1.42,0.82,2.24,5.99,2.5,2.5
2026-10-10T01:52:21+00:00,2026-10-09,daily,6,2026-10-10T10:00:00Z,369,Ngumoha,LIV,MID,57,-1,-3,0.4,1409,6443,15187,91469,a,,,,,,,,0.5,0,4,99,1,0,0,0,2,0,4,1,1,2,0.15,0.05,0.20,0.68,0.5,0.5
2026-10-10T01:52:21+00:00,2026-10-09,daily,6,2026-10-10T10:00:00Z,370,Chiesa,LIV,MID,53,-1,-2,0.0,20,333,685,10166,d,Back injury - 25% chance of playing,2026-08-27T13:30:07.598926Z,0,25,,,,0.0,0,0,0,0,0,0,0,0,0,0,0,0,0,0.00,0.00,0.00,0.00,0.0,0.0
2026-10-10T01:52:21+00:00,2026-10-09,daily,6,2026-10-10T10:00:00Z,371,Gravenberch,LIV,MID,58,-1,-2,1.1,1905,12819,36443,134172,a,,,,,,,,1.0,1,9,190,2,0,1,0,2,0,25,10,4,11,0.10,0.08,0.18,2.02,1.0,1.0
2026-10-10T01:52:21+00:00,2026-10-09,daily,6,2026-10-10T10:00:00Z,372,Mac Allister,LIV,MID,54,0,-1,1.3,5945,11048,47565,100762,a,,,,,5,,,3.0,5,11,306,3,0,0,2,2,0,41,11,11,19,0.10,0.49,0.59,4.85,3.0,3.0
2026-10-10T01:52:21+00:00,2026-10-09,daily,6,2026-10-10T10:00:00Z,373,C.Jones,LIV,MID,55,0,0,0.0,0,93,34,2680,u,Has joined Internazionale permanently,2026-08-16T18:30:07.426408Z,0,0,,,,0.0,0,0,0,0,0,0,0,0,0,0,0,0,0,0.00,0.00,0.00,0.00,0.0,0.0
2026-10-10T01:52:21+00:00,2026-10-09,daily,6,2026-10-10T10:00:00Z,374,Endo,LIV,MID,49,0,-1,0.1,209,553,2372,4919,a,,2026-07-23T12:01:23.612529Z,100,100,,,,0.0,0,0,0,0,0,0,0,0,0,0,0,0,0,0.00,0.00,0.00,0.00,0.0,0.0
2026-10-10T01:52:21+00:00,2026-10-09,daily,6,2026-10-10T10:00:00Z,375,Nyoni,LIV,MID,48,-1,-2,0.0,135,435,1392,3180,a,,,,,,,,0.5,1,3,38,0,0,0,0,0,0,10,6,2,2,0.00,0.00,0.00,0.36,0.5,0.5
2026-10-10T01:52:21+00:00,2026-10-09,daily,6,2026-10-10T10:00:00Z,376,Bajcetic,LIV,MID,50,0,0,0.0,0,4,19,108,u,Has joined Celta Vigo permanently,2026-07-23T12:01:23.628373Z,0,0,,,,0.0,0,0,0,0,0,0,0,0,0,0,0,0,0,0.00,0.00,0.00,0.00,0.0,0.0
2026-10-10T01:52:21+00:00,2026-10-09,daily,6,2026-10-10T10:00:00Z,377,Munoz,LIV,MID,65,0,0,0.9,3181,17739,119164,108081,a,,,,,,,,1.0,1,15,257,3,1,1,1,2,0,16,5,3,8,0.52,0.31,0.83,4.63,1.0,1.0
2026-10-10T01:52:21+00:00,2026-10-09,daily,6,2026-10-10T10:00:00Z,378,McConnell,LIV,MID,44,0,-1,0.2,1245,2063,7120,13520,a,,,,,,,,0.0,0,0,0,0,0,0,0,0,0,0,0,0,0,0.00,0.00,0.00,0.00,0.0,0.0
2026-10-10T01:52:21+00:00,2026-10-09,daily,6,2026-10-10T10:00:00Z,379,Isak,LIV,FWD,91,0,1,18.6,132240,463774,1259402,1123743,i,Thigh injury - Unknown return date,2026-09-27T10:30:09.051435Z,,0,2,,,5.0,8,33,413,5,4,0,3,4,0,7,3,1,3,3.54,0.08,3.62,5.82,5.0,0.0
2026-10-10T01:52:21+00:00,2026-10-09,daily,6,2026-10-10T10:00:00Z,380,Ekitiké,LIV,FWD,74,0,-1,0.1,551,1087,2823,11550,i,Achilles injury - Unknown return date,2026-07-23T12:01:23.643771Z,0,0,,,,0.0,0,0,0,0,0,0,0,0,0,0,0,0,0,0.00,0.00,0.00,0.00,0.0,0.0
2026-10-10T01:52:21+00:00,2026-10-09,daily,6,2026-10-10T10:00:00Z,381,Koumas,LIV,MID,50,0,0,0.0,774,321,1453,1522,a,,,,,,,,0.5,1,3,22,0,0,0,0,0,0,1,0,0,1,0.28,0.00,0.28,0.72,0.5,0.5
2026-10-10T01:52:21+00:00,2026-10-09,daily,6,2026-10-10T10:00:00Z,382,Danns,LIV,FWD,45,0,0,0.2,5591,3462,25398,10741,a,,2026-07-23T12:01:23.659279Z,100,100,,,,0.0,0,0,0,0,0,0,0,0,0,0,0,0,0,0.00,0.00,0.00,0.00,0.0,0.0
2026-10-10T01:52:21+00:00,2026-10-09,daily,6,2026-10-10T10:00:00Z,383,Elliott,LIV,MID,54,0,-1,0.0,0,314,907,6234,u,Has joined Valencia on loan for the rest of the season,2026-09-02T16:05:49.104326Z,0,0,,,,0.0,0,0,0,0,0,0,0,0,0,0,0,0,0,0.00,0.00,0.00,0.00,0.0,0.0
2026-10-10T01:52:21+00:00,2026-10-09,daily,6,2026-10-10T10:00:00Z,579,Araujo,LIV,DEF,54,0,-1,3.1,29724,17147,161640,166836,a,,,,,,,,6.5,7,22,284,3,0,0,3,0,0,24,19,5,15,0.00,0.06,0.06,2.75,6.5,6.5
2026-10-10T01:52:21+00:00,2026-10-09,daily,6,2026-10-10T10:00:00Z,627,Barcola,LIV,MID,80,0,0,2.0,33089,30195,310551,141441,a,,,,,,,,3.0,3,7,168,2,0,0,2,0,0,8,0,3,5,0.26,0.13,0.39,1.43,3.0,3.0
2026-10-10T01:52:21+00:00,2026-10-09,daily,6,2026-10-10T10:00:00Z,155,Enzo,MCI,MID,69,0,-1,3.7,51375,26005,193042,332914,a,,,,,,3,4,4.5,7,13,271,3,1,0,2,3,0,21,6,3,12,0.35,0.53,0.88,5.35,4.5,4.5
2026-10-10T01:52:21+00:00,2026-10-09,daily,6,2026-10-10T10:00:00Z,237,Ndiaye,MCI,MID,58,-1,-2,6.2,13543,125445,304412,1193448,a,,,,,,,,3.0,5,22,385,4,0,2,2,4,0,44,10,8,26,0.38,0.58,0.96,9.42,3.0,3.0
2026-10-10T01:52:21+00:00,2026-10-09,daily,6,2026-10-10T10:00:00Z,384,Donnarumma,MCI,GKP,55,0,0,7.4,15779,52272,211970,338188,a,,,,,,,,4.5,2,19,450,5,0,0,2,5,14,0,4,0,32,0.00,0.00,0.00,7.25,4.5,4.5
2026-10-10T01:52:21+00:00,2026-10-09,daily,6,2026-10-10T10:00:00Z,386,Bettinelli,MCI,GKP,45,0,0,0.0,93,142,608,1178,a,,,,,,,,0.0,0,0,0,0,0,0,0,0,0,0,0,0,0,0.00,0.00,0.00,0.00,0.0,0.0
2026-10-10T01:52:21+00:00,2026-10-09,daily,6,2026-10-10T10:00:00Z,387,O'Reilly,MCI,DEF,63,-1,-2,10.0,5708,161852,193052,1298363,d,Unspecified injury - 75% chance of playing,2026-10-01T15:30:10.272693Z,100,75,,,,1.0,1,6,163,2,0,0,0,2,0,5,2,3,9,0.87,0.43,1.30,2.10,1.0,0.8
2026-10-10T01:52:21+00:00,2026-10-09,daily,6,2026-10-10T10:00:00Z,388,Guéhi,MCI,DEF,60,0,0,17.8,37787,91697,519707,503673,a,,,,,,,,5.0,4,30,450,5,1,1,2,5,0,29,26,3,19,0.95,0.39,1.34,7.25,5.0,5.0
2026-10-10T01:52:21+00:00,2026-10-09,daily,6,2026-10-10T10:00:00Z,389,Matheus N.,MCI,DEF,59,0,-1,1.0,2793,4653,15948,75794,a,,2026-08-27T11:30:08.171622Z,100,100,4,,,5.0,1,11,213,2,0,0,1,3,0,21,18,3,10,0.00,0.06,0.06,4.67,5.0,5.0
2026-10-10T01:52:21+00:00,2026-10-09,daily,6,2026-10-10T10:00:00Z,390,Rúben,MCI,DEF,55,0,0,1.9,7149,14404,69737,79206,a,,,,,,,,3.5,1,17,450,5,0,0,2,5,0,26,25,1,16,0.29,0.74,1.03,7.25,3.5,3.5
2026-10-10T01:52:21+00:00,2026-10-09,daily,6,2026-10-10T10:00:00Z,391,Gvardiol,MCI,DEF,57,0,2,27.2,260054,117448,1942086,477664,a,,,,,,,,7.5,4,37,434,5,1,3,2,5,0,31,20,11,21,0.22,0.74,0.96,7.25,7.5,7.5
2026-10-10T01:52:21+00:00,2026-10-09,daily,6,2026-10-10T10:00:00Z,392,Aït-Nouri,MCI,DEF,52,-1,-3,0.4,772,3222,8124,62631,a,,,,,,,,0.0,0,0,0,0,0,0,0,0,0,0,0,0,0,0.00,0.00,0.00,0.00,0.0,0.0
2026-10-10T01:52:21+00:00,2026-10-09,daily,6,2026-10-10T10:00:00Z,393,Khusanov,MCI,DEF,54,0,-1,1.3,1995,12690,27431,84336,a,,,,,,,,0.0,0,9,268,3,0,0,1,2,0,17,9,8,13,0.00,0.06,0.06,2.68,0.0,0.0
2026-10-10T01:52:21+00:00,2026-10-09,daily,6,2026-10-10T10:00:00Z,394,Alleyne,MCI,DEF,50,0,0,0.0,0,23,0,621,u,Has joined Burnley on loan for the rest of the season,2026-08-18T14:11:56.324656Z,0,0,,,,0.0,0,0,0,0,0,0,0,0,0,0,0,0,0,0.00,0.00,0.00,0.00,0.0,0.0
2026-10-10T01:52:21+00:00,2026-10-09,daily,6,2026-10-10T10:00:00Z,395,Lewis,MCI,DEF,44,0,-1,0.2,495,1746,8451,16812,a,,,,,,,,0.0,0,1,56,1,0,0,0,1,0,2,2,0,0,0.17,0.02,0.19,0.55,0.0,0.0
2026-10-10T01:52:21+00:00,2026-10-09,daily,6,2026-10-10T10:00:00Z,396,Vitor Reis,MCI,DEF,45,0,0,0.0,96,205,576,1228,a,,,,,,,,0.0,0,1,1,0,0,0,0,0,0,0,0,0,0,0.00,0.00,0.00,0.00,0.0,0.0
2026-10-10T01:52:21+00:00,2026-10-09,daily,6,2026-10-10T10:00:00Z,397,Semenyo,MCI,MID,84,0,-1,13.9,144798,214697,335701,1357397,d,Ankle injury - 75% chance of playing,2026-09-24T12:00:09.848000Z,,75,2,,,10.0,17,33,450,5,2,3,2,5,0,22,2,6,14,0.33,1.16,1.49,7.25,10.0,7.5
2026-10-10T01:52:21+00:00,2026-10-09,daily,6,2026-10-10T10:00:00Z,398,Foden,MCI,MID,69,0,-1,1.6,283,47433,303529,585155,s,Suspended until 17 Oct,2026-09-13T17:00:09.433455Z,0,0,,2,2,-1.0,0,9,217,3,0,2,0,2,0,14,2,4,8,1.61,0.88,2.49,1.91,0.0,0.0
2026-10-10T01:52:21+00:00,2026-10-09,daily,6,2026-10-10T10:00:00Z,399,Cherki,MCI,MID,78,0,3,28.6,245307,181764,2792468,1048709,a,,,,,,1,1,4.5,8,34,302,4,3,2,1,4,0,12,3,0,9,0.72,1.54,2.26,5.00,4.5,4.5
2026-10-10T01:52:21+00:00,2026-10-09,daily,6,2026-10-10T10:00:00Z,400,Doku,MCI,MID,74,0,-1,0.7,8881,3272,10348,129358,a,,2026-08-18T17:00:08.385597Z,75,100,3,,,0.5,1,1,15,0,0,0,0,0,0,2,1,0,1,0.23,0.32,0.55,0.42,0.4,0.5
2026-10-10T01:52:21+00:00,2026-10-09,daily,6,2026-10-10T10:00:00Z,402,Rodrigo,MCI,MID,65,0,0,0.0,0,30,0,1234,u,Has joined Barcelona permanently,2026-07-23T12:01:23.675537Z,0,0,,,,0.0,0,0,0,0,0,0,0,0,0,0,0,0,0,0.00,0.00,0.00,0.00,0.0,0.0
2026-10-10T01:52:21+00:00,2026-10-09,daily,6,2026-10-10T10:00:00Z,404,Reijnders,MCI,MID,60,0,0,0.0,0,130,0,8215,u,Has joined Al Qadsiah permanently,2026-08-20T14:02:58.154273Z,0,0,,,,0.0,0,0,0,0,0,0,0,0,0,0,0,0,0,0.00,0.00,0.00,0.00,0.0,0.0
2026-10-10T01:52:21+00:00,2026-10-09,daily,6,2026-10-10T10:00:00Z,406,Kovačić,MCI,MID,53,-1,-2,0.1,156,629,2298,6458,a,,,,,,,,0.0,0,2,42,0,0,0,0,0,0,2,0,0,2,0.00,0.02,0.02,0.10,0.0,0.0
2026-10-10T01:52:21+00:00,2026-10-09,daily,6,2026-10-10T10:00:00Z,407,Echeverri,MCI,MID,49,0,-1,0.0,0,74,250,1363,u,Has joined Benfica on loan for the rest of the season,2026-09-03T15:41:24.710479Z,0,0,,,,0.0,0,0,0,0,0,0,0,0,0,0,0,0,0,0.00,0.00,0.00,0.00,0.0,0.0
2026-10-10T01:52:21+00:00,2026-10-09,daily,6,2026-10-10T10:00:00Z,408,Phillips,MCI,MID,50,0,0,0.0,0,22,0,581,u,Has joined Sheffield United on loan for the rest of the season,2026-08-18T14:11:56.348781Z,0,0,,,,0.0,0,0,0,0,0,0,0,0,0,0,0,0,0,0.00,0.00,0.00,0.00,0.0,0.0
2026-10-10T01:52:21+00:00,2026-10-09,daily,6,2026-10-10T10:00:00Z,409,Mukasa,MCI,MID,45,0,0,0.1,0,924,1621,12491,u,has joined West Ham on loan for the rest of the seaon.,2026-09-03T10:34:10.733520Z,0,0,,,,0.0,0,0,0,0,0,0,0,0,0,0,0,0,0,0.00,0.00,0.00,0.00,0.0,0.0
2026-10-10T01:52:21+00:00,2026-10-09,daily,6,2026-10-10T10:00:00Z,410,Monga,MCI,MID,49,0,-1,0.0,0,75,219,1295,u,Has joined Swansea City on loan for the rest of the season,2026-09-02T16:02:01.136760Z,0,0,,,,0.0,0,0,0,0,0,0,0,0,0,0,0,0,0,0.00,0.00,0.00,0.00,0.0,0.0
2026-10-10T01:52:21+00:00,2026-10-09,daily,6,2026-10-10T10:00:00Z,411,Haaland,MCI,FWD,156,0,1,74.2,149880,46614,995157,348272,a,,,,,1,,,7.5,6,39,450,5,5,0,2,5,0,20,10,0,10,4.42,0.53,4.95,7.25,7.5,7.5
2026-10-10T01:52:21+00:00,2026-10-09,daily,6,2026-10-10T10:00:00Z,481,Anderson,MCI,MID,63,0,-2,3.8,13200,45907,110639,463747,a,,2026-08-23T17:00:07.952697Z,100,100,,,3,3.5,2,15,413,5,0,0,2,5,0,54,18,13,23,0.11,0.67,0.78,7.15,3.5,3.5
2026-10-10T01:52:21+00:00,2026-10-09,daily,6,2026-10-10T10:00:00Z,587,Rulli,MCI,GKP,50,0,0,0.0,103,141,635,1152,a,,,,,,,,0.0,0,0,0,0,0,0,0,0,0,0,0,0,0,0.00,0.00,0.00,0.00,0.0,0.0
2026-10-10T01:52:21+00:00,2026-10-09,daily,6,2026-10-10T10:00:00Z,616,Bouaddi,MCI,MID,55,0,0,0.2,1109,2789,21308,14228,a,,,,,,,,0.0,0,2,22,0,0,0,0,0,0,6,3,0,3,0.00,0.12,0.12,0.37,0.0,0.0
2026-10-10T01:52:21+00:00,2026-10-09,daily,6,2026-10-10T10:00:00Z,621,McAidoo,MCI,MID,44,-1,-1,0.1,652,1437,11821,7460,a,,,,,,,,0.0,0,2,11,0,0,0,0,0,0,4,0,2,2,0.10,0.00,0.10,0.02,0.0,0.0
2026-10-10T01:52:21+00:00,2026-10-09,daily,6,2026-10-10T10:00:00Z,622,Braithwaite,MCI,DEF,40,0,0,0.2,801,1965,17008,9516,a,,,,,,,,0.0,0,1,1,0,0,0,0,0,0,0,0,0,1,0.00,0.00,0.00,0.00,0.0,0.0
2026-10-10T01:52:21+00:00,2026-10-09,daily,6,2026-10-10T10:00:00Z,628,Allan,MCI,MID,60,0,0,0.0,295,218,1258,739,a,,,,,,,,0.0,0,0,0,0,0,0,0,0,0,0,0,0,0,0.00,0.00,0.00,0.00,0.0,0.0
2026-10-10T01:52:21+00:00,2026-10-09,daily,6,2026-10-10T10:00:00Z,653,Samba,MCI,MID,45,0,0,0.0,304,589,3953,2272,a,,,,,,,,0.0,0,0,0,0,0,0,0,0,0,0,0,0,0,0.00,0.00,0.00,0.00,0.0,0.0
2026-10-10T01:52:21+00:00,2026-10-09,daily,6,2026-10-10T10:00:00Z,43,Tielemans,MUN,MID,58,0,-2,1.4,5280,16106,46727,166730,a,,2026-07-23T12:01:23.321726Z,100,100,3,,,3.0,4,14,402,5,0,0,0,8,0,43,11,7,25,0.65,0.52,1.17,6.16,3.0,3.0
2026-10-10T01:52:21+00:00,2026-10-09,daily,6,2026-10-10T10:00:00Z,131,Baleba,MUN,MID,49,0,-1,0.1,3164,1187,8603,14828,a,,2026-08-06T16:00:10.997714Z,50,100,,,,0.0,0,0,0,0,0,0,0,0,0,0,0,0,0,0.00,0.00,0.00,0.00,0.0,0.0
2026-10-10T01:52:21+00:00,2026-10-09,daily,6,2026-10-10T10:00:00Z,162,Andrey Santos,MUN,MID,48,0,-2,0.5,1341,7831,22538,76450,a,,,,,,,,0.0,0,4,82,1,0,0,0,4,0,18,7,4,7,0.00,0.24,0.24,2.03,0.0,0.0
2026-10-10T01:52:21+00:00,2026-10-09,daily,6,2026-10-10T10:00:00Z,325,Darlow,MUN,GKP,45,0,0,0.0,80,325,1087,1706,d,Unspecified injury - 75% chance of playing,2026-09-21T13:30:08.885505Z,100,75,,,,0.0,0,0,0,0,0,0,0,0,0,0,0,0,0,0.00,0.00,0.00,0.00,0.0,0.0
2026-10-10T01:52:21+00:00,2026-10-09,daily,6,2026-10-10T10:00:00Z,412,Lammens,MUN,GKP,49,0,-1,9.5,12371,93061,104579,731492,a,,,,,,,,3.0,4,11,450,5,0,0,0,8,16,0,5,0,38,0.00,0.00,0.00,6.80,3.0,3.0
2026-10-10T01:52:21+00:00,2026-10-09,daily,6,2026-10-10T10:00:00Z,413,Bayindir,MUN,GKP,45,0,0,0.0,0,63,0,1173,u,Has joined Celta Vigo on loan for the rest of the season,2026-08-10T14:02:28.608415Z,0,0,,,,0.0,0,0,0,0,0,0,0,0,0,0,0,0,0,0.00,0.00,0.00,0.00,0.0,0.0
2026-10-10T01:52:21+00:00,2026-10-09,daily,6,2026-10-10T10:00:00Z,414,Heaton,MUN,GKP,40,0,0,0.1,341,464,2259,3751,i,Hamstring injury - Unknown return date,2026-08-15T16:00:07.854151Z,0,0,,,,0.0,0,0,0,0,0,0,0,0,0,0,0,0,0,0.00,0.00,0.00,0.00,0.0,0.0
2026-10-10T01:52:21+00:00,2026-10-09,daily,6,2026-10-10T10:00:00Z,415,Dorgu,MUN,MID,58,0,-2,0.5,1077,8841,14047,102378,i,Hamstring injury - Expected back 25 Oct,2026-09-27T21:30:07.831640Z,,0,,,,4.0,4,10,171,2,0,1,0,6,0,20,8,8,4,0.78,0.09,0.87,3.38,4.0,0.0
2026-10-10T01:52:21+00:00,2026-10-09,daily,6,2026-10-10T10:00:00Z,416,De Ligt,MUN,DEF,49,-1,-1,0.0,113,178,492,1601,i,Back injury - Unknown return date,2026-07-23T12:01:23.690880Z,0,0,,,,0.0,0,0,0,0,0,0,0,0,0,0,0,0,0,0.00,0.00,0.00,0.00,0.0,0.0
2026-10-10T01:52:21+00:00,2026-10-09,daily,6,2026-10-10T10:00:00Z,417,Dalot,MUN,DEF,49,0,-1,1.6,3320,13473,28099,141968,a,,,,,,,,2.0,2,8,346,4,0,0,0,4,0,16,10,6,21,0.24,0.23,0.47,4.70,2.0,2.0
2026-10-10T01:52:21+00:00,2026-10-09,daily,6,2026-10-10T10:00:00Z,418,Maguire,MUN,DEF,48,-1,-2,8.1,10246,135088,144204,1064779,a,,,,,,,,1.5,2,10,450,5,0,1,0,8,0,31,28,3,21,0.20,0.46,0.66,6.80,1.5,1.5
2026-10-10T01:52:21+00:00,2026-10-09,daily,6,2026-10-10T10:00:00Z,419,Martinez,MUN,DEF,49,-1,-1,1.3,5735,9115,38661,69968,a,,2026-07-24T20:00:10.337107Z,100,100,,,,1.0,0,6,360,4,0,0,0,6,0,20,17,3,14,0.21,0.16,0.37,5.79,1.0,1.0
2026-10-10T01:52:21+00:00,2026-10-09,daily,6,2026-10-10T10:00:00Z,420,Yoro,MUN,DEF,48,-1,-2,0.4,884,2997,5666,36839,a,,,,,,,,0.0,0,2,22,0,0,0,0,2,0,5,3,2,1,0.00,0.02,0.02,1.09,0.0,0.0
2026-10-10T01:52:21+00:00,2026-10-09,daily,6,2026-10-10T10:00:00Z,421,Heaven,MUN,DEF,43,-1,-2,0.3,402,2280,6172,24866,a,,,,,,,,0.0,0,1,90,1,0,0,0,2,0,2,1,1,4,0.12,0.04,0.16,1.01,0.0,0.0
2026-10-10T01:52:21+00:00,2026-10-09,daily,6,2026-10-10T10:00:00Z,422,Mazraoui,MUN,DEF,44,0,-1,0.5,630,5847,14414,43934,d,Back injury - 75% chance of playing,2026-10-04T21:30:08.533022Z,,75,,,,0.0,0,3,97,1,0,0,0,4,0,6,4,2,3,0.22,0.06,0.28,2.08,0.0,0.0
2026-10-10T01:52:21+00:00,2026-10-09,daily,6,2026-10-10T10:00:00Z,423,Shaw,MUN,DEF,43,-1,-2,7.2,10383,132935,107867,1364864,a,,2026-09-11T13:00:09.030120Z,50,100,,,3,1.0,2,9,335,4,0,1,0,5,0,23,17,6,7,0.03,0.58,0.61,4.63,0.5,1.0
2026-10-10T01:52:21+00:00,2026-10-09,daily,6,2026-10-10T10:00:00Z,424,Amass,MUN,DEF,40,0,0,0.2,647,1231,6549,9261,a,,,,,,,,0.0,0,0,0,0,0,0,0,0,0,0,0,0,0,0.00,0.00,0.00,0.00,0.0,0.0
2026-10-10T01:52:21+00:00,2026-10-09,daily,6,2026-10-10T10:00:00Z,425,Fredricson,MUN,DEF,40,0,0,0.0,0,70,0,1338,u,Has joined Lausanne-Sport permanently,2026-08-18T14:12:31.904433Z,0,0,,,,0.0,0,0,0,0,0,0,0,0,0,0,0,0,0,0.00,0.00,0.00,0.00,0.0,0.0
2026-10-10T01:52:21+00:00,2026-10-09,daily,6,2026-10-10T10:00:00Z,426,B.Fernandes,MUN,MID,119,-1,-1,37.8,101043,341433,712643,1994383,a,,,,,1,1,1,2.0,2,31,450,5,3,1,0,8,0,29,3,5,21,2.56,1.32,3.88,6.80,2.0,2.0
2026-10-10T01:52:21+00:00,2026-10-09,daily,6,2026-10-10T10:00:00Z,427,Mbeumo,MUN,MID,79,0,-1,20.1,105006,240494,531985,2126993,a,,,,,2,2,2,2.0,2,25,450,5,2,1,0,8,0,26,7,5,14,3.07,0.80,3.87,6.80,2.0,2.0
2026-10-10T01:52:21+00:00,2026-10-09,daily,6,2026-10-10T10:00:00Z,428,Cunha,MUN,MID,79,0,-1,6.0,54203,37461,127949,525492,a,,,,,,,,6.0,10,26,407,5,1,2,1,5,0,13,1,3,9,0.63,0.83,1.46,5.44,6.0,6.0
2026-10-10T01:52:21+00:00,2026-10-09,daily,6,2026-10-10T10:00:00Z,429,Rashford,MUN,MID,69,-1,-1,1.3,5163,29284,86192,140365,d,Unspecified injury - 75% chance of playing,2026-09-21T10:30:09.221479Z,,75,,3,,2.0,2,10,351,4,0,0,1,3,0,18,4,4,10,0.78,0.43,1.21,4.50,2.0,1.5
2026-10-10T01:52:21+00:00,2026-10-09,daily,6,2026-10-10T10:00:00Z,430,Mount,MUN,MID,54,0,-1,0.0,260,260,988,2036,a,,2026-08-15T16:00:07.879135Z,100,100,,4,,0.5,1,1,10,0,0,0,0,0,0,1,0,0,1,0.09,0.01,0.10,0.00,0.5,0.5
2026-10-10T01:52:21+00:00,2026-10-09,daily,6,2026-10-10T10:00:00Z,431,Amad,MUN,MID,57,0,-3,0.3,258,2978,2300,124699,i,Unspecified injury - Unknown return date,2026-08-22T11:00:08.617283Z,0,0,,,4,0.0,0,0,0,0,0,0,0,0,0,0,0,0,0,0.00,0.00,0.00,0.00,0.0,0.0
2026-10-10T01:52:21+00:00,2026-10-09,daily,6,2026-10-10T10:00:00Z,432,Mainoo,MUN,MID,55,0,0,1.5,9344,25511,96438,77788,d,Unspecified injury - 75% chance of playing,2026-09-21T13:00:09.169862Z,,75,,,,4.0,4,22,354,4,0,1,0,4,0,56,10,6,40,0.30,0.52,0.82,4.77,4.0,3.0
2026-10-10T01:52:21+00:00,2026-10-09,daily,6,2026-10-10T10:00:00Z,433,Ugarte,MUN,MID,50,0,0,0.0,32,33,128,273,i,Knee injury - Unknown return date,2026-07-23T12:01:23.706702Z,0,0,,,,0.0,0,0,0,0,0,0,0,0,0,0,0,0,0,0.00,0.00,0.00,0.00,0.0,0.0
2026-10-10T01:52:21+00:00,2026-10-09,daily,6,2026-10-10T10:00:00Z,434,J.Fletcher,MUN,MID,49,0,-1,0.0,62,87,342,735,a,,,,,,,,0.0,0,0,0,0,0,0,0,0,0,0,0,0,0,0.00,0.00,0.00,0.00,0.0,0.0
2026-10-10T01:52:21+00:00,2026-10-09,daily,6,2026-10-10T10:00:00Z,435,Lacey,MUN,MID,49,0,-1,0.1,500,524,1853,3489,a,,,,,,,,0.0,0,1,10,0,0,0,0,0,0,1,0,0,1,0.00,0.00,0.00,0.00,0.0,0.0
2026-10-10T01:52:21+00:00,2026-10-09,daily,6,2026-10-10T10:00:00Z,436,Collyer,MUN,MID,50,0,0,0.0,0,62,150,1069,u,Has joined West Brom permanently,2026-09-01T13:16:48.584385Z,0,0,,,,0.0,0,0,0,0,0,0,0,0,0,0,0,0,0,0.00,0.00,0.00,0.00,0.0,0.0
2026-10-10T01:52:21+00:00,2026-10-09,daily,6,2026-10-10T10:00:00Z,437,Bendito Mantato,MUN,MID,44,-1,-1,0.2,783,1310,5447,10091,a,,,,,,,,0.0,0,0,0,0,0,0,0,0,0,0,0,0,0,0.00,0.00,0.00,0.00,0.0,0.0
2026-10-10T01:52:21+00:00,2026-10-09,daily,6,2026-10-10T10:00:00Z,438,Fletcher,MUN,MID,44,0,-1,0.3,2979,3040,11048,17809,a,,,,,,,,0.0,0,0,0,0,0,0,0,0,0,0,0,0,0,0.00,0.00,0.00,0.00,0.0,0.0
2026-10-10T01:52:21+00:00,2026-10-09,daily,6,2026-10-10T10:00:00Z,439,Šeško,MUN,FWD,70,0,0,1.5,7162,37960,104601,147633,i,Shin injury - Expected back 18 Oct,2026-09-20T19:30:08.505755Z,100,0,,,,0.5,0,8,76,0,1,0,0,3,0,5,0,0,5,0.39,0.01,0.40,2.00,0.5,0.0
2026-10-10T01:52:21+00:00,2026-10-09,daily,6,2026-10-10T10:00:00Z,440,Zirkzee,MUN,FWD,53,-1,-2,0.4,3245,4315,17125,44868,a,,,,,,,,1.0,1,2,20,0,0,0,0,0,0,4,2,0,2,0.00,0.01,0.01,0.02,1.0,1.0
2026-10-10T01:52:21+00:00,2026-10-09,daily,6,2026-10-10T10:00:00Z,441,Obi,MUN,FWD,45,0,0,0.9,0,15279,45543,78221,u,Has joined Willem II on loan for the rest of the season,2026-09-14T16:12:42.090874Z,0,0,,,,0.0,0,0,0,0,0,0,0,0,0,0,0,0,0,0.00,0.00,0.00,0.00,0.0,0.0
2026-10-10T01:52:21+00:00,2026-10-09,daily,6,2026-10-10T10:00:00Z,405,N.Gonzalez,NEW,MID,55,0,0,0.2,1285,2320,18748,17489,a,,2026-09-14T21:30:07.343728Z,0,100,,,,0.5,0,5,164,3,0,0,1,2,0,12,3,0,9,0.00,0.21,0.21,2.34,0.0,0.5
2026-10-10T01:52:21+00:00,2026-10-09,daily,6,2026-10-10T10:00:00Z,442,Pope,NEW,GKP,49,0,-1,0.9,1482,4580,13975,55303,a,,,,,,,,0.0,0,0,0,0,0,0,0,0,0,0,0,0,0,0.00,0.00,0.00,0.00,0.0,0.0
2026-10-10T01:52:21+00:00,2026-10-09,daily,6,2026-10-10T10:00:00Z,443,Gillespie,NEW,GKP,45,0,0,0.0,74,154,799,1274,a,,,,,,,,0.0,0,0,0,0,0,0,0,0,0,0,0,0,0,0.00,0.00,0.00,0.00,0.0,0.0
2026-10-10T01:52:21+00:00,2026-10-09,daily,6,2026-10-10T10:00:00Z,444,Jaouen,NEW,GKP,44,-1,-1,0.0,38,208,471,1613,i,Hamstring injury - Unknown return date,2026-09-10T16:00:09.127466Z,50,0,,,,0.0,0,0,0,0,0,0,0,0,0,0,0,0,0,0.00,0.00,0.00,0.00,0.0,0.0
2026-10-10T01:52:21+00:00,2026-10-09,daily,6,2026-10-10T10:00:00Z,445,Thiaw,NEW,DEF,50,0,0,2.2,19829,18965,189130,131976,a,,,,,,,,3.0,4,14,450,5,0,0,1,9,0,45,45,0,10,0.00,0.08,0.08,9.14,3.0,3.0
2026-10-10T01:52:21+00:00,2026-10-09,daily,6,2026-10-10T10:00:00Z,446,Schär,NEW,DEF,49,0,-1,0.2,1257,1363,7768,14309,a,,2026-08-15T16:30:07.209742Z,100,100,,2,,0.5,1,2,25,0,0,0,0,2,0,7,7,0,0,0.00,0.01,0.01,1.87,0.5,0.5
2026-10-10T01:52:21+00:00,2026-10-09,daily,6,2026-10-10T10:00:00Z,447,Botman,NEW,DEF,50,0,0,0.8,10044,5387,52718,30681,a,,,,,,,,3.0,4,15,450,5,0,0,1,9,0,59,54,5,14,0.06,0.17,0.23,9.14,3.0,3.0
2026-10-10T01:52:21+00:00,2026-10-09,daily,6,2026-10-10T10:00:00Z,448,Burn,NEW,DEF,48,-1,-2,0.7,162,9056,7377,163964,i,Ankle injury - Expected back 12 Oct,2026-08-23T18:00:08.367241Z,0,0,,,,0.0,0,0,0,0,0,0,0,0,0,0,0,0,0,0.00,0.00,0.00,0.00,0.0,0.0
2026-10-10T01:52:21+00:00,2026-10-09,daily,6,2026-10-10T10:00:00Z,449,Hall,NEW,DEF,53,1,3,20.0,531049,48513,1944551,376346,a,,,,,,1,1,6.5,13,31,449,5,1,1,1,9,0,46,33,13,38,0.25,0.79,1.04,9.12,6.5,6.5
2026-10-10T01:52:21+00:00,2026-10-09,daily,6,2026-10-10T10:00:00Z,450,Livramento,NEW,DEF,49,0,-1,0.1,533,2989,10329,7429,d,Unspecified injury - 50% chance of playing,2026-09-19T14:00:09.046677Z,100,50,,,,1.5,0,4,33,0,0,1,0,1,0,3,1,2,4,0.00,0.01,0.01,0.18,1.5,0.8
2026-10-10T01:52:21+00:00,2026-10-09,daily,6,2026-10-10T10:00:00Z,451,A.Murphy,NEW,DEF,40,0,0,0.1,0,449,0,7100,u,Has joined FC Kaiserslautern on loan for the rest of the season,2026-08-12T14:05:29.224600Z,0,0,,,,0.0,0,0,0,0,0,0,0,0,0,0,0,0,0,0.00,0.00,0.00,0.00,0.0,0.0
2026-10-10T01:52:21+00:00,2026-10-09,daily,6,2026-10-10T10:00:00Z,453,Barnes,NEW,MID,61,1,1,7.5,372086,56769,843189,188677,a,,,,,,,3,5.5,9,28,450,5,1,3,1,9,0,33,14,3,16,0.62,0.48,1.10,9.14,5.5,5.5
2026-10-10T01:52:21+00:00,2026-10-09,daily,6,2026-10-10T10:00:00Z,454,Elanga,NEW,MID,61,-1,1,3.7,439,253893,1286276,1173854,i,Unspecified injury - Unknown return date,2026-09-14T20:00:09.505598Z,0,0,,,2,0.0,0,18,232,3,2,0,1,3,0,9,2,4,3,0.42,0.34,0.76,4.01,0.0,0.0
2026-10-10T01:52:21+00:00,2026-10-09,daily,6,2026-10-10T10:00:00Z,456,J.Ramsey,NEW,MID,48,-1,-2,0.2,97,7367,16643,33570,i,Thigh injury - Unknown return date,2026-09-15T09:00:08.191022Z,0,0,,,,0.0,0,7,69,0,1,0,0,1,0,11,3,2,6,0.17,0.16,0.33,1.92,0.0,0.0
2026-10-10T01:52:21+00:00,2026-10-09,daily,6,2026-10-10T10:00:00Z,457,J.Murphy,NEW,MID,59,0,-1,0.1,1664,1363,6767,11542,a,,,,,,,4,0.5,1,3,181,2,0,0,0,5,0,18,4,4,10,0.03,0.41,0.44,4.96,0.5,0.5
2026-10-10T01:52:21+00:00,2026-10-09,daily,6,2026-10-10T10:00:00Z,458,Joelinton,NEW,MID,54,0,-1,0.0,34,125,245,2287,d,Unspecified injury - 75% chance of playing,2026-08-16T08:00:08.074045Z,0,75,,,,0.0,0,0,0,0,0,0,0,0,0,0,0,0,0,0.00,0.00,0.00,0.00,0.0,0.0
2026-10-10T01:52:21+00:00,2026-10-09,daily,6,2026-10-10T10:00:00Z,459,L.Miley,NEW,MID,55,0,0,0.1,519,1255,6383,6262,d,Unspecified injury - 75% chance of playing,2026-10-01T15:30:10.335504Z,100,75,,,5,2.0,4,12,396,5,0,0,1,8,0,52,20,6,26,0.05,0.14,0.19,7.95,2.0,1.5
2026-10-10T01:52:21+00:00,2026-10-09,daily,6,2026-10-10T10:00:00Z,460,Willock,NEW,MID,50,0,0,0.6,18496,5670,73316,33655,a,,,,,,,,5.5,10,22,284,3,2,0,1,5,0,18,4,5,9,0.81,0.30,1.11,5.19,5.5,5.5
2026-10-10T01:52:21+00:00,2026-10-09,daily,6,2026-10-10T10:00:00Z,461,Touré,NEW,MID,58,0,-2,0.1,593,1432,3976,17039,a,,,,,,,,3.5,1,8,50,0,1,0,0,1,0,4,1,0,3,0.28,0.01,0.29,0.76,3.5,3.5
2026-10-10T01:52:21+00:00,2026-10-09,daily,6,2026-10-10T10:00:00Z,462,Steur,NEW,MID,49,0,-1,0.1,453,690,2609,6487,a,,,,,,,,2.5,3,8,223,2,0,0,1,5,0,21,9,4,8,0.00,0.06,0.06,4.23,2.5,2.5
2026-10-10T01:52:21+00:00,2026-10-09,daily,6,2026-10-10T10:00:00Z,463,Woltemade,NEW,FWD,59,0,-1,0.5,0,5018,14520,143453,u,Has joined Juventus on loan for the rest of the season,2026-09-02T16:07:16.549304Z,0,0,,,,0.0,0,4,19,0,0,1,0,0,0,0,0,0,0,0.02,0.01,0.03,0.38,0.0,0.0
2026-10-10T01:52:21+00:00,2026-10-09,daily,6,2026-10-10T10:00:00Z,464,Wissa,NEW,FWD,62,0,2,19.1,215980,232811,2411492,819821,a,,,,,2,,,1.0,0,15,441,5,1,1,1,8,0,27,6,6,15,2.35,0.06,2.41,7.97,1.0,1.0
2026-10-10T01:52:21+00:00,2026-10-09,daily,6,2026-10-10T10:00:00Z,465,Osula,NEW,FWD,58,-1,-2,0.3,310,3553,21633,87858,d,Foot injury - 50% chance of playing,2026-08-25T19:00:08.004915Z,0,50,1,4,,0.0,0,4,55,1,0,1,0,1,0,5,2,1,2,0.06,0.14,0.20,1.48,0.0,0.0
2026-10-10T01:52:21+00:00,2026-10-09,daily,6,2026-10-10T10:00:00Z,466,Neave,NEW,FWD,45,0,0,0.5,0,5900,23805,54522,u,Has joined Wolves on loan for the rest of the season,2026-09-04T12:37:43.515176Z,0,0,,,,0.0,0,0,0,0,0,0,0,0,0,0,0,0,0,0.00,0.00,0.00,0.00,0.0,0.0
2026-10-10T01:52:21+00:00,2026-10-09,daily,6,2026-10-10T10:00:00Z,559,Bamba,NEW,MID,49,0,-1,0.1,192,791,2632,7875,a,,,,,,,,1.0,1,3,27,0,0,0,0,1,0,8,3,3,2,0.00,0.00,0.00,1.29,1.0,1.0
2026-10-10T01:52:21+00:00,2026-10-09,daily,6,2026-10-10T10:00:00Z,567,Horníček,NEW,GKP,50,0,0,1.5,13320,9983,157970,76536,a,,,,,,,,2.0,3,14,450,5,0,0,1,9,19,0,11,0,31,0.00,0.00,0.00,9.14,2.0,2.0
2026-10-10T01:52:21+00:00,2026-10-09,daily,6,2026-10-10T10:00:00Z,593,Dedić,NEW,DEF,45,0,0,1.5,577,65931,448199,335981,d,Unspecified injury - 50% chance of playing,2026-09-17T14:30:09.823731Z,0,50,,3,,0.0,0,13,327,4,0,1,1,7,0,24,16,8,15,0.14,0.08,0.22,7.38,0.0,0.0
2026-10-10T01:52:21+00:00,2026-10-09,daily,6,2026-10-10T10:00:00Z,609,Shahar,NEW,DEF,40,0,0,0.2,0,2333,18236,16231,u,has joined Arouca on loan for the rest of the seaon.,2026-09-11T14:41:57.406766Z,0,0,,,,0.0,0,0,0,0,0,0,0,0,0,0,0,0,0,0.00,0.00,0.00,0.00,0.0,0.0
2026-10-10T01:52:21+00:00,2026-10-09,daily,6,2026-10-10T10:00:00Z,634,Fernandez-Pardo,NEW,FWD,60,0,0,0.1,4168,2365,19239,7265,a,,,,,,,,1.5,2,4,157,2,0,0,0,4,0,5,0,2,3,0.05,0.01,0.06,2.94,1.5,1.5
2026-10-10T01:52:21+00:00,2026-10-09,daily,6,2026-10-10T10:00:00Z,659,Miley,NEW,MID,45,0,0,0.0,2127,929,5565,1531,a,,,,,,,,0.0,0,0,0,0,0,0,0,0,0,0,0,0,0,0.00,0.00,0.00,0.00,0.0,0.0
2026-10-10T01:52:21+00:00,2026-10-09,daily,6,2026-10-10T10:00:00Z,663,Pivas,NEW,DEF,40,0,0,0.0,556,87,556,87,a,,,,,,,,0.0,0,0,0,0,0,0,0,0,0,0,0,0,0,0.00,0.00,0.00,0.00,1.1,1.1
2026-10-10T01:52:21+00:00,2026-10-09,daily,6,2026-10-10T10:00:00Z,664,Salia,NEW,FWD,45,0,0,0.2,15703,2823,15703,2823,a,,,,,,,,0.0,0,0,0,0,0,0,0,0,0,0,0,0,0,0.00,0.00,0.00,0.00,1.0,1.0
2026-10-10T01:52:21+00:00,2026-10-09,daily,6,2026-10-10T10:00:00Z,665,Mills,NEW,MID,45,0,0,0.0,224,43,224,43,a,,,,,,,,0.0,0,0,0,0,0,0,0,0,0,0,0,0,0,0.00,0.00,0.00,0.00,1.1,1.1
2026-10-10T01:52:21+00:00,2026-10-09,daily,6,2026-10-10T10:00:00Z,666,Thompson,NEW,MID,45,0,0,0.0,315,52,315,52,a,,,,,,,,0.0,0,0,0,0,0,0,0,0,0,0,0,0,0,0.00,0.00,0.00,0.00,1.1,1.1
2026-10-10T01:52:21+00:00,2026-10-09,daily,6,2026-10-10T10:00:00Z,167,Delap,NFO,FWD,56,1,1,2.5,37477,58290,324653,111862,a,,,,,3,,,3.0,1,9,277,3,1,0,1,3,0,17,5,2,10,0.89,0.35,1.24,2.62,3.0,3.0
2026-10-10T01:52:21+00:00,2026-10-09,daily,6,2026-10-10T10:00:00Z,201,Muñoz,NFO,DEF,54,0,-1,5.5,15149,53929,165707,508105,a,,,,,,,,2.0,2,5,257,3,0,0,0,4,0,15,8,7,8,0.60,0.21,0.81,2.59,2.0,2.0
2026-10-10T01:52:21+00:00,2026-10-09,daily,6,2026-10-10T10:00:00Z,467,Sels,NFO,GKP,50,0,0,1.5,3669,12050,69922,68112,a,,,,,,,,2.5,2,14,450,5,0,0,1,5,11,0,6,0,46,0.00,0.01,0.01,4.77,2.5,2.5
2026-10-10T01:52:21+00:00,2026-10-09,daily,6,2026-10-10T10:00:00Z,468,John,NFO,GKP,45,0,0,0.1,91,239,898,2099,a,,,,,,,,0.0,0,0,0,0,0,0,0,0,0,0,0,0,0,0.00,0.00,0.00,0.00,0.0,0.0
2026-10-10T01:52:21+00:00,2026-10-09,daily,6,2026-10-10T10:00:00Z,469,N.Williams,NFO,DEF,50,0,0,7.9,18301,133912,332787,439170,d,Illness - 50% chance of playing,2026-10-09T14:30:11.466887Z,,50,,3,2,2.0,2,19,450,5,0,1,1,5,0,29,15,14,28,0.41,0.61,1.02,4.77,2.0,1.0
2026-10-10T01:52:21+00:00,2026-10-09,daily,6,2026-10-10T10:00:00Z,470,Morato,NFO,DEF,50,0,0,0.0,0,179,424,3759,u,Has joined West Ham on loan for the rest of the season,2026-09-02T16:19:54.503286Z,0,0,,,,0.0,0,0,0,0,0,0,0,0,0,0,0,0,0,0.00,0.00,0.00,0.00,0.0,0.0
2026-10-10T01:52:21+00:00,2026-10-09,daily,6,2026-10-10T10:00:00Z,471,Milenković,NFO,DEF,54,-1,-1,0.9,103,20321,18035,115478,i,Knee injury - Unknown return date,2026-09-12T14:00:09.705107Z,0,0,,,,0.0,0,12,270,3,0,0,1,3,0,31,26,5,12,0.11,0.03,0.14,3.28,0.0,0.0
2026-10-10T01:52:21+00:00,2026-10-09,daily,6,2026-10-10T10:00:00Z,472,Murillo,NFO,DEF,55,0,0,2.2,19583,14738,115080,67999,a,,2026-07-23T12:01:23.801183Z,100,100,,2,,5.0,4,23,449,5,0,1,1,5,0,53,44,9,18,0.42,0.37,0.79,4.77,5.0,5.0
2026-10-10T01:52:21+00:00,2026-10-09,daily,6,2026-10-10T10:00:00Z,473,Aina,NFO,DEF,44,-1,-1,2.2,2162,38179,70275,187966,a,,,,,,,,1.0,0,8,306,4,0,0,1,3,0,22,12,10,14,0.04,0.53,0.57,3.72,1.0,1.0
2026-10-10T01:52:21+00:00,2026-10-09,daily,6,2026-10-10T10:00:00Z,474,Jair Cunha,NFO,DEF,45,0,0,0.2,622,1084,10128,13610,a,,2026-09-12T14:00:09.724349Z,75,100,,,,0.5,1,11,360,4,0,0,1,4,0,36,29,7,8,0.05,0.02,0.07,3.95,0.4,0.5
2026-10-10T01:52:21+00:00,2026-10-09,daily,6,2026-10-10T10:00:00Z,475,Savona,NFO,DEF,45,0,0,0.0,31,36,251,294,i,Knee injury - Unknown return date,2026-07-23T12:01:23.816304Z,0,0,,,,0.0,0,0,0,0,0,0,0,0,0,0,0,0,0,0.00,0.00,0.00,0.00,0.0,0.0
2026-10-10T01:52:21+00:00,2026-10-09,daily,6,2026-10-10T10:00:00Z,476,O.Richards,NFO,DEF,40,0,0,0.2,445,1194,4145,8745,a,,,,,,,,0.0,0,0,0,0,0,0,0,0,0,0,0,0,0,0.00,0.00,0.00,0.00,0.0,0.0
2026-10-10T01:52:21+00:00,2026-10-09,daily,6,2026-10-10T10:00:00Z,477,Abbott,NFO,DEF,40,0,0,0.1,0,1467,2459,14540,u,Has joined Southampton on loan for the rest of the season,2026-09-02T16:19:54.536676Z,0,0,,,,0.0,0,0,0,0,0,0,0,0,0,0,0,0,0,0.00,0.00,0.00,0.00,0.0,0.0
2026-10-10T01:52:21+00:00,2026-10-09,daily,6,2026-10-10T10:00:00Z,478,Netz,NFO,DEF,44,0,-1,0.0,85,190,715,1661,a,,,,,,,,0.5,1,3,27,0,0,0,0,1,0,1,0,1,1,0.00,0.02,0.02,0.13,0.5,0.5
2026-10-10T01:52:21+00:00,2026-10-09,daily,6,2026-10-10T10:00:00Z,479,Bindon,NFO,DEF,40,0,0,0.1,0,913,799,9043,u,Has joined Charlton Athletic on loan for the rest of the season,2026-09-01T13:16:05.383880Z,0,0,,,,0.0,0,0,0,0,0,0,0,0,0,0,0,0,0,0.00,0.00,0.00,0.00,0.0,0.0
2026-10-10T01:52:21+00:00,2026-10-09,daily,6,2026-10-10T10:00:00Z,480,Gibbs-White,NFO,MID,80,0,0,15.8,157619,166005,1301301,748699,a,,2026-08-24T15:30:08.350159Z,100,100,1,1,,5.0,2,28,450,5,1,2,1,5,0,21,2,5,14,1.56,1.42,2.98,4.77,5.0,5.0
2026-10-10T01:52:21+00:00,2026-10-09,daily,6,2026-10-10T10:00:00Z,482,Hudson-Odoi,NFO,MID,58,0,-2,0.1,487,1716,5498,18116,a,,2026-07-23T12:01:23.832709Z,100,100,,4,,0.0,0,1,1,0,0,0,0,0,0,0,0,0,0,0.00,0.00,0.00,0.00,0.0,0.0
2026-10-10T01:52:21+00:00,2026-10-09,daily,6,2026-10-10T10:00:00Z,483,Ndoye,NFO,MID,55,0,0,0.7,1623,14440,73219,55603,a,,,,,,,,1.0,1,15,316,5,1,0,1,3,0,20,3,2,15,1.25,0.93,2.18,3.84,1.0,1.0
2026-10-10T01:52:21+00:00,2026-10-09,daily,6,2026-10-10T10:00:00Z,484,Hutchinson,NFO,MID,54,0,-1,0.1,0,552,427,11180,u,Has joined AC Milan on loan for the rest of the season,2026-09-01T13:23:52.340206Z,0,0,,,,0.0,0,0,0,0,0,0,0,0,0,0,0,0,0,0.00,0.00,0.00,0.00,0.0,0.0
2026-10-10T01:52:21+00:00,2026-10-09,daily,6,2026-10-10T10:00:00Z,485,Bakwa,NFO,MID,55,0,0,0.0,0,48,107,1190,u,Has joined Lille on loan for the rest of the season,2026-08-27T14:53:03.381941Z,0,0,,,,0.0,0,0,0,0,0,0,0,0,0,0,0,0,0,0.00,0.00,0.00,0.00,0.0,0.0
2026-10-10T01:52:21+00:00,2026-10-09,daily,6,2026-10-10T10:00:00Z,486,McAtee,NFO,MID,55,0,0,0.1,614,1491,10259,6537,a,,,,,,,1,2.5,2,12,416,5,0,0,2,4,0,39,9,9,21,0.37,0.96,1.33,4.55,2.5,2.5
2026-10-10T01:52:21+00:00,2026-10-09,daily,6,2026-10-10T10:00:00Z,487,Dominguez,NFO,MID,49,0,-1,0.1,83,459,1221,4261,a,,,,,,,,0.0,0,1,1,0,0,0,0,0,0,0,0,0,0,0.00,0.00,0.00,0.00,0.0,0.0
2026-10-10T01:52:21+00:00,2026-10-09,daily,6,2026-10-10T10:00:00Z,488,I.Sangaré,NFO,MID,48,-1,-2,0.4,724,6688,9623,72267,a,,2026-08-28T09:30:07.471668Z,100,100,,,,1.0,1,4,105,1,0,0,0,1,0,8,4,1,3,0.09,0.02,0.11,0.56,1.0,1.0
2026-10-10T01:52:21+00:00,2026-10-09,daily,6,2026-10-10T10:00:00Z,489,Yates,NFO,MID,44,-1,-1,1.1,1895,11503,31541,97858,a,,2026-08-17T20:30:08.195072Z,100,100,,,,0.0,0,0,0,0,0,0,0,0,0,0,0,0,0,0.00,0.00,0.00,0.00,0.0,0.0
2026-10-10T01:52:21+00:00,2026-10-09,daily,6,2026-10-10T10:00:00Z,490,Wood,NFO,FWD,58,0,-2,0.9,3873,9596,26452,119443,a,,,,,2,,,1.0,1,4,62,0,0,0,0,1,0,1,0,0,1,0.12,0.01,0.13,0.53,1.0,1.0
2026-10-10T01:52:21+00:00,2026-10-09,daily,6,2026-10-10T10:00:00Z,491,Igor Jesus,NFO,FWD,58,0,-2,2.4,13065,57611,132065,304956,i,Calf injury - Unknown return date,2026-10-09T14:30:11.491800Z,,0,4,,,4.0,1,12,257,2,1,0,0,3,0,15,5,2,8,1.25,0.08,1.33,2.61,4.0,0.0
2026-10-10T01:52:21+00:00,2026-10-09,daily,6,2026-10-10T10:00:00Z,493,Kalimuendo,NFO,FWD,54,0,-1,0.0,327,572,3137,4272,a,,,,,,,,0.0,0,1,1,0,0,0,0,0,0,0,0,0,0,0.00,0.00,0.00,0.00,0.0,0.0
2026-10-10T01:52:21+00:00,2026-10-09,daily,6,2026-10-10T10:00:00Z,558,Schlager,NFO,MID,50,0,0,0.1,340,1409,6020,6426,a,,,,,,,3,2.5,2,13,376,4,0,0,1,5,0,49,11,17,21,0.19,0.18,0.37,4.43,2.5,2.5
2026-10-10T01:52:21+00:00,2026-10-09,daily,6,2026-10-10T10:00:00Z,581,Diomande,NFO,DEF,54,0,-1,0.5,2410,3426,14532,42891,a,,,,,,,,3.0,2,7,163,2,0,0,0,2,0,19,18,1,10,0.16,0.01,0.17,1.45,3.0,3.0
2026-10-10T01:52:21+00:00,2026-10-09,daily,6,2026-10-10T10:00:00Z,590,Benda,NFO,GKP,45,0,0,0.1,191,347,2731,2948,a,,,,,,,,0.0,0,0,0,0,0,0,0,0,0,0,0,0,0,0.00,0.00,0.00,0.00,0.0,0.0
2026-10-10T01:52:21+00:00,2026-10-09,daily,6,2026-10-10T10:00:00Z,112,Van Hecke,TOT,DEF,49,0,-1,6.1,38897,87707,175066,533102,a,,2026-09-30T16:00:09.552205Z,,100,,,,7.0,6,24,450,5,1,0,2,8,0,43,33,10,17,0.69,0.42,1.11,7.78,7.0,7.0
2026-10-10T01:52:21+00:00,2026-10-09,daily,6,2026-10-10T10:00:00Z,147,Tosin,TOT,DEF,44,0,-1,0.1,168,851,2060,8203,a,,,,,,,,0.5,0,1,5,0,0,0,0,0,0,4,2,2,1,0.00,0.00,0.00,0.03,0.5,0.5
2026-10-10T01:52:21+00:00,2026-10-09,daily,6,2026-10-10T10:00:00Z,401,Marmoush,TOT,FWD,70,0,0,2.2,26452,35615,248931,176748,a,,,,,2,4,8,2.0,2,8,339,4,0,0,2,5,0,13,0,2,11,0.38,0.15,0.53,3.84,2.0,2.0
2026-10-10T01:52:21+00:00,2026-10-09,daily,6,2026-10-10T10:00:00Z,403,Sávio,TOT,MID,65,0,0,0.6,6112,12636,103024,85399,a,,2026-08-29T16:30:08.380416Z,100,100,,,2,2.5,2,8,240,3,0,0,2,3,0,11,3,0,8,0.41,0.70,1.11,2.76,2.5,2.5
2026-10-10T01:52:21+00:00,2026-10-09,daily,6,2026-10-10T10:00:00Z,455,Tonali,TOT,MID,53,-1,-2,1.7,3915,26330,49504,280937,a,,2026-09-14T14:30:07.387706Z,100,100,,,,2.5,2,14,427,5,0,0,2,8,0,42,11,11,20,0.24,0.61,0.85,7.72,2.5,2.5
2026-10-10T01:52:21+00:00,2026-10-09,daily,6,2026-10-10T10:00:00Z,494,Vicario,TOT,GKP,45,0,0,0.1,0,1035,0,22418,u,Has joined Juventus on loan for the rest of the season,2026-08-19T13:55:33.193962Z,0,0,,,,0.0,0,0,0,0,0,0,0,0,0,0,0,0,0,0.00,0.00,0.00,0.00,0.0,0.0
2026-10-10T01:52:21+00:00,2026-10-09,daily,6,2026-10-10T10:00:00Z,495,Austin,TOT,GKP,40,0,0,1.0,3634,3612,31285,23297,a,,,,,,,,0.0,0,0,0,0,0,0,0,0,0,0,0,0,0,0.00,0.00,0.00,0.00,0.0,0.0
2026-10-10T01:52:21+00:00,2026-10-09,daily,6,2026-10-10T10:00:00Z,496,Kinsky,TOT,GKP,45,0,0,16.2,37446,231121,366600,913348,a,,,,,,,,4.5,2,18,450,5,0,0,2,8,12,0,10,0,34,0.00,0.00,0.00,7.78,4.5,4.5
2026-10-10T01:52:21+00:00,2026-10-09,daily,6,2026-10-10T10:00:00Z,497,Dubravka,TOT,GKP,40,0,0,17.0,67882,93794,438521,486444,a,,,,,,,,0.0,0,0,0,0,0,0,0,0,0,0,0,0,0,0.00,0.00,0.00,0.00,0.0,0.0
2026-10-10T01:52:21+00:00,2026-10-09,daily,6,2026-10-10T10:00:00Z,498,Senesi,TOT,DEF,58,0,-2,3.4,1955,34006,30099,470469,a,,,,,,,,0.0,0,3,90,1,0,0,0,3,0,16,11,5,2,0.00,0.02,0.02,3.87,0.0,0.0
2026-10-10T01:52:21+00:00,2026-10-09,daily,6,2026-10-10T10:00:00Z,499,Pedro Porro,TOT,DEF,54,0,-1,6.7,1972,158670,124746,1076418,i,Hamstring injury - Unknown return date,2026-09-19T12:00:08.823872Z,100,0,,1,1,0.5,1,9,198,3,0,0,1,2,0,9,6,3,5,0.37,0.16,0.53,1.68,0.5,0.0
2026-10-10T01:52:21+00:00,2026-10-09,daily,6,2026-10-10T10:00:00Z,500,Romero,TOT,DEF,50,0,0,0.1,0,383,0,16897,u,Has joined Atletico Madrid permanently,2026-08-17T13:49:05.465401Z,0,0,,,,0.0,0,0,0,0,0,0,0,0,0,0,0,0,0,0.00,0.00,0.00,0.00,0.0,0.0
2026-10-10T01:52:21+00:00,2026-10-09,daily,6,2026-10-10T10:00:00Z,502,Robertson,TOT,DEF,44,0,-1,2.4,13442,29063,75114,199739,a,,,,,,,6,5.5,4,17,366,4,0,1,1,7,0,20,15,5,15,0.13,0.43,0.56,7.05,5.5,5.5
2026-10-10T01:52:21+00:00,2026-10-09,daily,6,2026-10-10T10:00:00Z,503,Van de Ven,TOT,DEF,50,0,0,3.7,12130,33245,100586,280486,a,,2026-08-21T15:00:07.610517Z,100,100,,,,3.5,1,16,360,4,0,0,2,5,0,29,24,5,17,0.59,0.05,0.64,3.91,3.5,3.5
2026-10-10T01:52:21+00:00,2026-10-09,daily,6,2026-10-10T10:00:00Z,505,Spence,TOT,DEF,45,0,0,0.2,0,1604,0,69690,u,Has joined Internazionale permanently,2026-08-18T14:13:08.454214Z,0,0,,,,0.0,0,0,0,0,0,0,0,0,0,0,0,0,0,0.00,0.00,0.00,0.00,0.0,0.0
2026-10-10T01:52:21+00:00,2026-10-09,daily,6,2026-10-10T10:00:00Z,506,Udogie,TOT,DEF,44,0,-1,0.3,560,2533,5799,23363,a,,2026-09-11T18:00:09.092110Z,100,100,,,,0.0,0,7,86,1,0,0,1,1,0,4,3,1,4,0.00,0.23,0.23,1.17,0.0,0.0
2026-10-10T01:52:21+00:00,2026-10-09,daily,6,2026-10-10T10:00:00Z,507,Phillips,TOT,DEF,45,0,0,0.0,0,71,0,1286,u,Has joined Middlesbrough permanently,2026-08-18T14:13:08.474144Z,0,0,,,,0.0,0,0,0,0,0,0,0,0,0,0,0,0,0,0.00,0.00,0.00,0.00,0.0,0.0
2026-10-10T01:52:21+00:00,2026-10-09,daily,6,2026-10-10T10:00:00Z,508,Davies,TOT,DEF,39,-1,-1,0.9,12454,7032,24250,44475,a,,,,,,,,0.0,0,0,0,0,0,0,0,0,0,0,0,0,0,0.00,0.00,0.00,0.00,0.0,0.0
2026-10-10T01:52:21+00:00,2026-10-09,daily,6,2026-10-10T10:00:00Z,509,Byfield,TOT,DEF,40,0,0,0.1,201,370,2416,2714,a,,,,,,,,0.0,0,0,0,0,0,0,0,0,0,0,0,0,0,0.00,0.00,0.00,0.00,0.0,0.0
2026-10-10T01:52:21+00:00,2026-10-09,daily,6,2026-10-10T10:00:00Z,510,Rowswell,TOT,DEF,40,0,0,0.1,246,506,2975,3634,a,,,,,,,,0.0,0,0,0,0,0,0,0,0,0,0,0,0,0,0.00,0.00,0.00,0.00,0.0,0.0
2026-10-10T01:52:21+00:00,2026-10-09,daily,6,2026-10-10T10:00:00Z,511,Souza,TOT,DEF,40,0,0,0.2,0,1467,2555,17453,u,Has joined FC Porto on loan for the rest of the season,2026-09-01T13:24:26.858636Z,0,0,,,,0.0,0,0,0,0,0,0,0,0,0,0,0,0,0,0.00,0.00,0.00,0.00,0.0,0.0
2026-10-10T01:52:21+00:00,2026-10-09,daily,6,2026-10-10T10:00:00Z,512,Kudus,TOT,MID,65,0,0,0.2,4685,2139,15479,12094,a,,2026-07-23T12:01:23.848657Z,100,100,3,6,7,2.5,4,7,123,0,0,1,0,3,0,14,0,3,11,0.11,0.42,0.53,1.46,2.5,2.5
2026-10-10T01:52:21+00:00,2026-10-09,daily,6,2026-10-10T10:00:00Z,513,Xavi,TOT,MID,59,0,-1,0.0,76,98,368,1139,i,Knee injury - Unknown return date,2026-07-23T12:01:23.864304Z,0,0,4,2,,0.0,0,0,0,0,0,0,0,0,0,0,0,0,0,0.00,0.00,0.00,0.00,0.0,0.0
2026-10-10T01:52:21+00:00,2026-10-09,daily,6,2026-10-10T10:00:00Z,514,Tel,TOT,MID,57,-1,-3,0.2,351,3355,9283,48172,a,,,,,,3,3,0.5,0,8,257,3,0,0,1,4,0,13,1,1,11,0.21,0.23,0.44,5.55,0.5,0.5
2026-10-10T01:52:21+00:00,2026-10-09,daily,6,2026-10-10T10:00:00Z,515,Maddison,TOT,MID,63,0,-2,0.4,1365,3217,6414,97470,a,,2026-08-25T14:30:07.623508Z,100,100,,5,5,1.0,1,3,59,0,0,0,0,2,0,11,3,4,4,0.06,0.04,0.10,1.03,1.0,1.0
2026-10-10T01:52:21+00:00,2026-10-09,daily,6,2026-10-10T10:00:00Z,516,Bentancur,TOT,MID,55,0,0,0.2,679,1501,5443,9158,a,,,,,,,,3.5,4,15,370,4,0,0,2,6,0,60,22,15,23,0.02,0.12,0.14,5.59,3.5,3.5
2026-10-10T01:52:21+00:00,2026-10-09,daily,6,2026-10-10T10:00:00Z,517,Odobert,TOT,MID,55,0,0,0.0,50,26,152,121,i,Knee injury - Unknown return date,2026-07-23T12:01:23.879434Z,0,0,,,,0.0,0,0,0,0,0,0,0,0,0,0,0,0,0,0.00,0.00,0.00,0.00,0.0,0.0
2026-10-10T01:52:21+00:00,2026-10-09,daily,6,2026-10-10T10:00:00Z,518,P.M.Sarr,TOT,MID,49,0,-1,0.1,0,1066,4138,24133,u,Has joined Juventus on loan for the rest of the season,2026-09-02T16:02:43.386849Z,0,0,,,,0.0,0,0,0,0,0,0,0,0,0,0,0,0,0,0.00,0.00,0.00,0.00,0.0,0.0
2026-10-10T01:52:21+00:00,2026-10-09,daily,6,2026-10-10T10:00:00Z,519,Gallagher,TOT,MID,53,0,-2,0.2,1179,1233,5035,17621,a,,,,,,,,3.0,6,9,134,2,1,0,1,2,0,18,1,8,9,0.37,0.12,0.49,2.65,3.0,3.0
2026-10-10T01:52:21+00:00,2026-10-09,daily,6,2026-10-10T10:00:00Z,520,Bergvall,TOT,MID,53,-1,-2,0.1,161,945,1941,9878,a,,,,,,,,1.0,1,3,78,1,0,0,0,2,0,13,1,3,9,0.06,0.27,0.33,2.21,1.0,1.0
2026-10-10T01:52:21+00:00,2026-10-09,daily,6,2026-10-10T10:00:00Z,521,Kulusevski,TOT,MID,65,0,0,0.0,162,105,468,770,i,Knee injury - Unknown return date,2026-07-23T12:01:23.895175Z,0,0,,,,0.0,0,0,0,0,0,0,0,0,0,0,0,0,0,0.00,0.00,0.00,0.00,0.0,0.0
2026-10-10T01:52:21+00:00,2026-10-09,daily,6,2026-10-10T10:00:00Z,522,Gray,TOT,MID,49,0,-1,0.2,732,1861,7109,14032,a,,,,,,,,2.5,2,9,307,3,0,0,1,7,0,27,10,5,12,0.23,0.05,0.28,6.11,2.5,2.5
2026-10-10T01:52:21+00:00,2026-10-09,daily,6,2026-10-10T10:00:00Z,523,Moore,TOT,MID,50,0,0,0.1,0,954,3258,17439,u,Has joined FC Köln on loan for the rest of the season,2026-09-04T12:39:48.098158Z,0,0,,,,0.0,0,3,89,1,0,0,0,4,0,3,0,1,2,0.40,0.02,0.42,3.26,0.0,0.0
2026-10-10T01:52:21+00:00,2026-10-09,daily,6,2026-10-10T10:00:00Z,524,Olusesi,TOT,MID,44,0,-1,0.9,6733,10528,56349,52373,a,,,,,,,,0.0,0,0,0,0,0,0,0,0,0,0,0,0,0,0.00,0.00,0.00,0.00,0.0,0.0
2026-10-10T01:52:21+00:00,2026-10-09,daily,6,2026-10-10T10:00:00Z,525,Fernandes,TOT,MID,57,-1,-3,0.7,811,10800,14792,128887,a,,,,,,,4,2.0,1,7,249,3,0,0,1,4,0,21,2,7,12,0.19,0.28,0.47,4.43,2.0,2.0
2026-10-10T01:52:21+00:00,2026-10-09,daily,6,2026-10-10T10:00:00Z,526,Solanke,TOT,FWD,58,0,-2,0.8,3845,9143,31392,98194,a,,,,,1,,,2.0,2,7,170,2,0,0,1,1,0,9,2,2,5,0.56,0.01,0.57,2.57,2.0,2.0
2026-10-10T01:52:21+00:00,2026-10-09,daily,6,2026-10-10T10:00:00Z,527,Richarlison,TOT,FWD,59,0,-1,0.6,0,8817,21439,271300,u,not included in squad.,2026-09-04T12:32:39.183614Z,0,0,,,,0.0,0,2,67,1,0,0,0,3,0,1,1,0,0,0.00,0.00,0.00,3.02,0.0,0.0
2026-10-10T01:52:21+00:00,2026-10-09,daily,6,2026-10-10T10:00:00Z,528,Scarlett,TOT,FWD,45,0,0,1.0,0,12218,42525,113785,u,Has joined Leyton Orient permanently,2026-09-02T16:02:43.413625Z,0,0,,,,0.0,0,0,0,0,0,0,0,0,0,0,0,0,0,0.00,0.00,0.00,0.00,0.0,0.0
2026-10-10T01:52:21+00:00,2026-10-09,daily,6,2026-10-10T10:00:00Z,578,Mudryk,TOT,MID,53,-1,-2,0.0,35,785,5455,7833,i,Ankle injury - Unknown return date,2026-09-11T18:00:09.154412Z,0,0,,,,0.0,0,1,16,0,0,0,0,0,0,0,0,0,0,0.00,0.00,0.00,0.16,0.0,0.0
2026-10-10T01:52:21+00:00,2026-10-09,daily,6,2026-10-10T10:00:00Z,601,Williams-Barnett,TOT,MID,45,0,0,0.1,256,978,10338,7261,a,,,,,,,,0.0,0,0,0,0,0,0,0,0,0,0,0,0,0,0.00,0.00,0.00,0.00,0.0,0.0
2026-10-10T01:52:21+00:00,2026-10-09,daily,6,2026-10-10T10:00:00Z,501,Danso,SUN,DEF,50,0,0,0.2,1937,1191,7362,10228,a,,,,,,,,0.5,0,3,270,3,0,0,0,8,0,20,19,1,11,0.07,0.17,0.24,5.91,0.5,0.5
2026-10-10T01:52:21+00:00,2026-10-09,daily,6,2026-10-10T10:00:00Z,529,Roefs,SUN,GKP,49,0,-1,2.3,3297,23215,23146,189340,a,,,,,,,,1.0,0,11,450,5,0,0,1,10,6,0,7,0,35,0.00,0.01,0.01,8.66,1.0,1.0
2026-10-10T01:52:21+00:00,2026-10-09,daily,6,2026-10-10T10:00:00Z,530,Patterson,SUN,GKP,40,0,0,0.1,0,554,0,6206,u,Has joined Wrexham permanently,2026-08-12T14:08:03.064533Z,0,0,,,,0.0,0,0,0,0,0,0,0,0,0,0,0,0,0,0.00,0.00,0.00,0.00,0.0,0.0
2026-10-10T01:52:21+00:00,2026-10-09,daily,6,2026-10-10T10:00:00Z,531,Ellborg,SUN,GKP,44,-1,-1,0.1,240,415,1279,3496,a,,,,,,,,0.0,0,0,0,0,0,0,0,0,0,0,0,0,0,0.00,0.00,0.00,0.00,0.0,0.0
2026-10-10T01:52:21+00:00,2026-10-09,daily,6,2026-10-10T10:00:00Z,532,Ballard,SUN,DEF,49,0,-1,2.1,3768,59879,45667,360447,i,Hamstring injury - Unknown return date,2026-09-25T21:30:10.370384Z,,0,,,,1.0,2,14,450,5,0,0,1,10,0,49,39,10,12,0.31,0.16,0.47,8.66,1.0,0.0
2026-10-10T01:52:21+00:00,2026-10-09,daily,6,2026-10-10T10:00:00Z,533,Mukiele,SUN,DEF,54,0,-1,1.9,8757,15387,48088,136492,a,,2026-08-09T08:30:05.954750Z,100,100,,,,0.0,0,13,360,4,0,0,1,8,0,48,35,13,16,0.75,0.28,1.03,6.86,0.0,0.0
2026-10-10T01:52:21+00:00,2026-10-09,daily,6,2026-10-10T10:00:00Z,534,Hume,SUN,DEF,43,-1,-2,2.5,2045,61059,38671,428734,a,,,,,,,3,0.5,1,10,206,2,0,0,1,2,0,13,3,10,12,0.14,0.29,0.43,4.57,0.5,0.5
2026-10-10T01:52:21+00:00,2026-10-09,daily,6,2026-10-10T10:00:00Z,535,Alderete,SUN,DEF,48,-1,-2,0.2,497,1877,5251,28153,a,,2026-08-09T08:30:05.962393Z,100,100,,,,0.0,0,1,23,0,0,0,0,1,0,0,0,0,2,0.00,0.01,0.01,0.10,0.0,0.0
2026-10-10T01:52:21+00:00,2026-10-09,daily,6,2026-10-10T10:00:00Z,536,Reinildo,SUN,DEF,44,-1,-1,0.2,469,2636,4332,25436,a,,2026-09-12T21:30:09.421687Z,0,100,,,,-1.0,0,7,360,4,0,0,1,5,0,29,21,8,18,0.00,0.32,0.32,5.05,0.0,-1.0
2026-10-10T01:52:21+00:00,2026-10-09,daily,6,2026-10-10T10:00:00Z,537,Seelt,SUN,DEF,45,0,0,0.0,0,35,61,677,u,Has joined Swansea City on loan for the rest of the season,2026-08-29T00:34:52.425076Z,0,0,,,,0.0,0,0,0,0,0,0,0,0,0,0,0,0,0,0.00,0.00,0.00,0.00,0.0,0.0
2026-10-10T01:52:21+00:00,2026-10-09,daily,6,2026-10-10T10:00:00Z,538,Hjelde,SUN,DEF,40,0,0,0.0,0,246,0,2617,u,Has joined KV Mechelen on loan for the rest of the season,2026-08-12T14:08:03.081789Z,0,0,,,,0.0,0,0,0,0,0,0,0,0,0,0,0,0,0,0.00,0.00,0.00,0.00,0.0,0.0
2026-10-10T01:52:21+00:00,2026-10-09,daily,6,2026-10-10T10:00:00Z,539,O'Nien,SUN,DEF,39,-1,-1,2.6,28745,22873,43488,132773,a,,,,,,,,0.0,0,1,66,1,0,0,0,1,0,5,4,1,4,0.01,0.01,0.02,1.69,0.0,0.0
2026-10-10T01:52:21+00:00,2026-10-09,daily,6,2026-10-10T10:00:00Z,540,Masuaku,SUN,DEF,40,0,0,0.1,0,924,0,11857,u,Has joined Konyaspor permanently,2026-08-12T14:08:03.097784Z,0,0,,,,0.0,0,0,0,0,0,0,0,0,0,0,0,0,0,0.00,0.00,0.00,0.00,0.0,0.0
2026-10-10T01:52:21+00:00,2026-10-09,daily,6,2026-10-10T10:00:00Z,541,Meunier,SUN,DEF,45,0,0,0.3,3267,1819,8668,10571,a,,2026-08-16T08:30:07.830062Z,100,100,,,,2.5,3,14,396,5,0,1,1,8,0,20,16,4,15,0.34,0.58,0.92,5.94,2.5,2.5
2026-10-10T01:52:21+00:00,2026-10-09,daily,6,2026-10-10T10:00:00Z,542,E.Le Fée,SUN,MID,57,-1,-3,3.2,21059,48599,54631,675174,a,,,,,2,3,1,2.5,5,18,438,5,1,1,1,9,0,21,3,7,11,2.06,1.34,3.40,8.46,2.5,2.5
2026-10-10T01:52:21+00:00,2026-10-09,daily,6,2026-10-10T10:00:00Z,543,Diarra,SUN,MID,53,-1,-2,0.0,25,354,563,6037,i,Hamstring injury - Expected back 18 Oct,2026-08-30T16:30:08.428960Z,0,0,1,,,0.0,0,5,28,0,0,1,0,1,0,0,0,0,0,0.03,0.16,0.19,0.12,0.0,0.0
2026-10-10T01:52:21+00:00,2026-10-09,daily,6,2026-10-10T10:00:00Z,544,Xhaka,SUN,MID,55,0,0,3.5,10173,39786,134705,224875,a,,,,,,2,2,1.5,2,21,450,5,0,1,1,10,0,54,12,9,33,0.06,1.32,1.38,8.66,1.5,1.5
2026-10-10T01:52:21+00:00,2026-10-09,daily,6,2026-10-10T10:00:00Z,545,Sadiki,SUN,MID,49,0,-1,0.2,659,2405,5972,19430,a,,,,,,,,2.0,2,10,410,5,0,0,1,9,0,29,11,6,12,0.44,0.24,0.68,6.47,2.0,2.0
2026-10-10T01:52:21+00:00,2026-10-09,daily,6,2026-10-10T10:00:00Z,546,Adingra,SUN,MID,49,0,-1,0.0,0,339,240,7567,u,Has joined Ajax on loan for the rest of the season,2026-08-20T14:00:08.416985Z,0,0,,,,0.0,0,0,0,0,0,0,0,0,0,0,0,0,0,0.00,0.00,0.00,0.00,0.0,0.0
2026-10-10T01:52:21+00:00,2026-10-09,daily,6,2026-10-10T10:00:00Z,547,Mundle,SUN,MID,48,-1,-2,0.0,15,78,206,696,i,Knee injury - Unknown return date,2026-09-09T14:00:08.462705Z,0,0,,,,0.0,0,1,1,0,0,0,0,0,0,1,1,0,0,0.17,0.00,0.17,0.09,0.0,0.0
2026-10-10T01:52:21+00:00,2026-10-09,daily,6,2026-10-10T10:00:00Z,548,Rigg,SUN,MID,49,0,-1,0.0,56,382,493,3002,a,,,,,,,,0.0,0,2,17,0,0,0,0,1,0,1,0,0,1,0.00,0.00,0.00,0.44,0.0,0.0
2026-10-10T01:52:21+00:00,2026-10-09,daily,6,2026-10-10T10:00:00Z,549,Talbi,SUN,MID,53,0,-2,0.1,164,900,1397,12120,a,,,,,,,,0.0,0,1,31,0,0,0,0,1,0,2,0,0,2,0.00,0.00,0.00,0.14,0.0,0.0
2026-10-10T01:52:21+00:00,2026-10-09,daily,6,2026-10-10T10:00:00Z,550,Jocelin.T,SUN,MID,49,-1,-1,0.0,66,80,340,461,a,,,,,,,,0.0,0,0,0,0,0,0,0,0,0,0,0,0,0,0.00,0.00,0.00,0.00,0.0,0.0
2026-10-10T01:52:21+00:00,2026-10-09,daily,6,2026-10-10T10:00:00Z,551,N.Angulo,SUN,MID,50,0,0,0.1,885,1250,13164,11038,a,,,,,,1,,3.0,4,16,313,5,1,1,1,7,0,24,5,5,14,0.60,0.13,0.73,4.56,3.0,3.0
2026-10-10T01:52:21+00:00,2026-10-09,daily,6,2026-10-10T10:00:00Z,552,Brobbey,SUN,FWD,57,-1,-3,6.1,204457,138533,295915,1024705,i,Hamstring injury - Expected back 25 Oct,2026-09-24T21:30:10.382142Z,,0,,,,9.0,17,24,399,5,3,0,1,9,0,11,1,0,10,2.94,0.11,3.05,8.18,9.0,0.0
2026-10-10T01:52:21+00:00,2026-10-09,daily,6,2026-10-10T10:00:00Z,553,Isidor,SUN,FWD,55,0,0,1.3,10109,17469,102411,92623,a,,,,,,,,1.0,1,15,117,0,1,1,0,3,0,5,0,2,3,1.49,0.01,1.50,3.78,1.0,1.0
2026-10-10T01:52:21+00:00,2026-10-09,daily,6,2026-10-10T10:00:00Z,612,Methalie,SUN,DEF,45,0,0,0.0,162,93,951,519,a,,2026-08-28T13:00:08.950445Z,100,100,,,,-0.5,-1,-1,90,1,0,0,0,5,0,3,2,1,4,0.03,0.01,0.04,2.82,-0.5,-0.5
2026-10-10T01:52:21+00:00,2026-10-09,daily,6,2026-10-10T10:00:00Z,613,Ahoka,SUN,MID,45,0,0,0.2,858,2217,25653,14915,a,,,,,,,,0.0,0,0,0,0,0,0,0,0,0,0,0,0,0,0.00,0.00,0.00,0.00,0.0,0.0
2026-10-10T01:52:21+00:00,2026-10-09,daily,6,2026-10-10T10:00:00Z,646,Fofana,SUN,MID,55,0,0,0.0,479,462,4215,1890,a,,,,,,,,1.0,1,3,60,0,0,0,0,2,0,3,0,1,2,0.39,0.01,0.40,3.25,1.0,1.0
2026-10-10T01:52:21+00:00,2026-10-09,daily,6,2026-10-10T10:00:00Z,651,J.Angulo,SUN,FWD,45,0,0,0.8,14870,10518,96738,33533,a,,,,,,,,0.0,0,0,0,0,0,0,0,0,0,0,0,0,0,0.00,0.00,0.00,0.00,0.0,0.0
