snapshot_utc,snapshot_date,snapshot_kind,event,deadline_time,id,web_name,team,position,now_cost,cost_change_event,cost_change_start,selected_by_percent,transfers_in_event,transfers_out_event,transfers_in,transfers_out,status,news,news_added,chance_of_playing_this_round,chance_of_playing_next_round,penalties_order,direct_freekicks_order,corners_and_indirect_freekicks_order,form,event_points,total_points,minutes,starts,goals_scored,assists,clean_sheets,goals_conceded,saves,defensive_contribution,clearances_blocks_interceptions,tackles,recoveries,expected_goals,expected_assists,expected_goal_involvements,expected_goals_conceded,ep_this,ep_next
2026-08-30T00:35:15+00:00,2026-08-29,daily,3,2026-09-04T17:30:00Z,1,Raya,ARS,GKP,60,0,0,38.3,21618,19455,128352,101433,a,,,,,,,,3.0,0,6,90,1,0,0,1,0,1,0,1,0,8,0.00,0.00,0.00,0.20,3.0,3.0
2026-08-30T00:35:15+00:00,2026-08-29,daily,3,2026-09-04T17:30:00Z,2,Arrizabalaga,ARS,GKP,50,0,0,0.1,93,160,415,1549,a,,,,,,,,0.0,0,0,0,0,0,0,0,0,0,0,0,0,0,0.00,0.00,0.00,0.00,0.0,0.0
2026-08-30T00:35:15+00:00,2026-08-29,daily,3,2026-09-04T17:30:00Z,3,Meslier,ARS,GKP,50,0,0,0.0,20,53,121,545,a,,,,,,,,0.0,0,0,0,0,0,0,0,0,0,0,0,0,0,0.00,0.00,0.00,0.00,0.0,0.0
2026-08-30T00:35:15+00:00,2026-08-29,daily,3,2026-09-04T17:30:00Z,4,Gabriel,ARS,DEF,80,0,0,28.7,7244,36519,66009,160627,a,,,,,,,,2.5,0,5,90,1,0,0,1,0,0,4,4,0,2,0.05,0.01,0.06,0.20,2.5,2.5
2026-08-30T00:35:15+00:00,2026-08-29,daily,3,2026-09-04T17:30:00Z,5,J.Timber,ARS,DEF,65,0,0,0.1,102,484,503,3588,i,Groin injury - Unknown return date,2026-07-23T12:01:23.272929Z,0,0,,,,0.0,0,0,0,0,0,0,0,0,0,0,0,0,0,0.00,0.00,0.00,0.00,0.0,0.0
2026-08-30T00:35:15+00:00,2026-08-29,daily,3,2026-09-04T17:30:00Z,6,Saliba,ARS,DEF,60,0,0,0.3,300,1168,1146,7984,i,Back injury - Unknown return date,2026-07-23T12:01:23.289376Z,0,0,,,,0.0,0,0,0,0,0,0,0,0,0,0,0,0,0,0.00,0.00,0.00,0.00,0.0,0.0
2026-08-30T00:35:15+00:00,2026-08-29,daily,3,2026-09-04T17:30:00Z,7,Lewis-Skelly,ARS,MID,55,0,0,0.7,1220,1405,10913,10456,a,,,,,,,,1.5,0,3,90,1,0,0,1,0,0,7,1,1,5,0.06,0.11,0.17,0.20,1.5,1.5
2026-08-30T00:35:15+00:00,2026-08-29,daily,3,2026-09-04T17:30:00Z,8,Calafiori,ARS,DEF,56,0,1,41.7,33303,12056,343408,53689,a,,,,,,,,4.5,0,9,80,1,0,1,1,0,0,5,4,1,1,0.04,0.09,0.13,0.06,4.5,4.5
2026-08-30T00:35:15+00:00,2026-08-29,daily,3,2026-09-04T17:30:00Z,9,Hincapie,ARS,DEF,54,0,-1,1.5,1032,3217,4942,44263,a,,,,,,,,0.5,0,1,9,0,0,0,0,0,0,0,0,0,0,0.00,0.00,0.00,0.15,0.5,0.5
2026-08-30T00:35:15+00:00,2026-08-29,daily,3,2026-09-04T17:30:00Z,10,White,ARS,DEF,55,0,0,6.9,16211,11843,161152,36898,a,,2026-07-23T12:01:23.305229Z,100,100,,,,5.5,0,11,90,1,0,1,1,0,0,5,4,1,3,0.18,0.21,0.39,0.20,5.5,5.5
2026-08-30T00:35:15+00:00,2026-08-29,daily,3,2026-09-04T17:30:00Z,11,Mosquera,ARS,DEF,55,0,0,5.6,1952,9952,17362,55901,a,,,,,,,,3.0,0,6,90,1,0,0,1,0,0,6,6,0,3,0.00,0.00,0.00,0.20,3.0,3.0
2026-08-30T00:35:15+00:00,2026-08-29,daily,3,2026-09-04T17:30:00Z,12,Saka,ARS,MID,95,0,0,10.4,6502,10429,95415,45659,a,,,,,1,2,2,4.5,0,9,67,1,1,0,1,0,0,7,2,1,4,0.64,0.08,0.72,0.06,4.5,4.5
2026-08-30T00:35:15+00:00,2026-08-29,daily,3,2026-09-04T17:30:00Z,13,Rice,ARS,MID,75,0,0,16.5,3727,28507,39214,186229,a,,,,,,1,1,1.5,0,3,67,1,0,0,1,0,0,6,3,0,3,0.07,0.08,0.15,0.06,1.5,1.5
2026-08-30T00:35:15+00:00,2026-08-29,daily,3,2026-09-04T17:30:00Z,14,Eze,ARS,MID,64,-1,-1,1.7,1509,4613,7225,49105,a,,,,,,3,,0.5,0,1,14,0,0,0,0,0,0,2,0,0,2,0.04,0.00,0.04,0.15,0.5,0.5
2026-08-30T00:35:15+00:00,2026-08-29,daily,3,2026-09-04T17:30:00Z,15,Ødegaard,ARS,MID,66,0,1,11.9,19652,10204,309211,47064,a,,,,,3,,4,5.5,0,11,75,1,1,0,1,0,0,8,1,3,4,0.21,0.10,0.31,0.06,5.5,5.5
2026-08-30T00:35:15+00:00,2026-08-29,daily,3,2026-09-04T17:30:00Z,16,Madueke,ARS,MID,64,0,-1,0.3,337,791,1749,9022,a,,,,,,,6,0.5,0,1,22,0,0,0,0,0,0,2,0,0,2,0.00,0.04,0.04,0.15,0.5,0.5
2026-08-30T00:35:15+00:00,2026-08-29,daily,3,2026-09-04T17:30:00Z,17,Merino,ARS,MID,59,-1,-1,0.6,673,2061,3095,17318,a,,,,,,,,0.5,0,1,14,0,0,0,0,0,0,2,0,0,2,0.14,0.02,0.16,0.15,0.5,0.5
2026-08-30T00:35:15+00:00,2026-08-29,daily,3,2026-09-04T17:30:00Z,18,Martinelli,ARS,MID,64,0,-1,0.2,283,681,1601,7717,a,,,,,,,,0.0,0,0,0,0,0,0,0,0,0,0,0,0,0,0.00,0.00,0.00,0.00,0.0,0.0
2026-08-30T00:35:15+00:00,2026-08-29,daily,3,2026-09-04T17:30:00Z,19,Zubimendi,ARS,MID,54,-1,-1,0.9,687,2333,2266,22925,a,,,,,,,,0.5,0,1,22,0,0,0,0,0,0,3,0,1,2,0.00,0.02,0.02,0.15,0.5,0.5
2026-08-30T00:35:15+00:00,2026-08-29,daily,3,2026-09-04T17:30:00Z,20,Dowman,ARS,MID,54,0,-1,0.1,175,291,648,2621,a,,,,,,,,0.0,0,0,0,0,0,0,0,0,0,0,0,0,0,0.00,0.00,0.00,0.00,0.0,0.0
2026-08-30T00:35:15+00:00,2026-08-29,daily,3,2026-09-04T17:30:00Z,22,Nwaneri,ARS,MID,54,-1,-1,0.0,34,48,110,372,a,,,,,,,,0.0,0,0,0,0,0,0,0,0,0,0,0,0,0,0.00,0.00,0.00,0.00,0.0,0.0
2026-08-30T00:35:15+00:00,2026-08-29,daily,3,2026-09-04T17:30:00Z,23,Fábio Vieira,ARS,MID,55,0,0,0.0,37,30,117,245,a,,,,,,,,0.0,0,0,0,0,0,0,0,0,0,0,0,0,0,0.00,0.00,0.00,0.00,0.0,0.0
2026-08-30T00:35:15+00:00,2026-08-29,daily,3,2026-09-04T17:30:00Z,24,Nelson,ARS,MID,55,0,0,0.0,4,77,68,249,u,has departed the club as a free agent.,2026-08-29T00:33:08.556767Z,,0,,,,0.0,0,0,0,0,0,0,0,0,0,0,0,0,0,0.00,0.00,0.00,0.00,0.0,0.0
2026-08-30T00:35:15+00:00,2026-08-29,daily,3,2026-09-04T17:30:00Z,25,Gyökeres,ARS,FWD,74,0,-1,6.4,1536,16700,10312,254829,a,,,,,2,,,0.0,0,0,0,0,0,0,0,0,0,0,0,0,0,0.00,0.00,0.00,0.00,0.0,0.0
2026-08-30T00:35:15+00:00,2026-08-29,daily,3,2026-09-04T17:30:00Z,26,Havertz,ARS,FWD,75,0,0,7.5,12139,11900,199747,50725,a,,,,,,,,3.0,0,6,90,1,1,0,1,0,0,2,2,0,0,0.26,0.03,0.29,0.20,3.0,3.0
2026-08-30T00:35:15+00:00,2026-08-29,daily,3,2026-09-04T17:30:00Z,27,G.Jesus,ARS,FWD,60,0,0,0.3,737,969,2651,8147,a,,,,,,,,0.0,0,0,0,0,0,0,0,0,0,0,0,0,0,0.00,0.00,0.00,0.00,0.0,0.0
2026-08-30T00:35:15+00:00,2026-08-29,daily,3,2026-09-04T17:30:00Z,31,Konsa,ARS,DEF,45,0,0,10.6,15721,23574,65542,253161,a,,,,,,,,0.0,0,0,0,0,0,0,0,0,0,0,0,0,0,0.00,0.00,0.00,0.00,0.0,0.0
2026-08-30T00:35:15+00:00,2026-08-29,daily,3,2026-09-04T17:30:00Z,452,Bruno G.,ARS,MID,69,0,-1,2.6,215,12247,1065,138802,d,Thigh injury - 75% chance of playing,2026-08-20T17:00:08.846118Z,75,75,4,,5,0.0,0,0,0,0,0,0,0,0,0,0,0,0,0,0.00,0.00,0.00,0.00,0.0,0.0
2026-08-30T00:35:15+00:00,2026-08-29,daily,3,2026-09-04T17:30:00Z,557,Tzolis,ARS,MID,65,0,0,26.0,29419,18171,266106,73871,a,,,,,,,3,3.0,0,6,75,1,0,1,1,0,0,6,2,1,3,0.19,0.14,0.33,0.06,3.0,3.0
2026-08-30T00:35:15+00:00,2026-08-29,daily,3,2026-09-04T17:30:00Z,28,Martinez,AVL,GKP,50,0,0,4.1,8593,6500,23103,63299,a,,,,,,,,0.0,0,0,0,0,0,0,0,0,0,0,0,0,0,0.00,0.00,0.00,0.00,0.0,0.0
2026-08-30T00:35:15+00:00,2026-08-29,daily,3,2026-09-04T17:30:00Z,29,M.Bizot,AVL,GKP,45,0,0,0.1,327,189,1172,1070,a,,,,,,,,0.5,0,1,90,1,0,0,0,4,3,0,2,0,6,0.00,0.00,0.00,3.77,0.5,0.5
2026-08-30T00:35:15+00:00,2026-08-29,daily,3,2026-09-04T17:30:00Z,30,Digne,AVL,DEF,45,0,0,0.1,0,467,0,5444,u,Has joined Paris Saint-Germain permanently,2026-08-10T14:03:30.089007Z,0,0,,,,0.0,0,0,0,0,0,0,0,0,0,0,0,0,0,0.00,0.00,0.00,0.00,0.0,0.0
2026-08-30T00:35:15+00:00,2026-08-29,daily,3,2026-09-04T17:30:00Z,32,Cash,AVL,DEF,45,0,0,7.5,3109,9052,30087,115379,a,,,,,,,1,-0.5,0,-1,90,1,0,0,0,4,0,7,5,2,0,0.00,0.00,0.00,3.77,-0.5,-0.5
2026-08-30T00:35:15+00:00,2026-08-29,daily,3,2026-09-04T17:30:00Z,33,Mings,AVL,DEF,45,0,0,0.4,427,404,3680,3911,a,,,,,,,,0.5,0,1,16,0,0,0,0,0,0,1,0,1,0,0.00,0.00,0.00,0.22,0.5,0.5
2026-08-30T00:35:15+00:00,2026-08-29,daily,3,2026-09-04T17:30:00Z,34,Pau,AVL,DEF,45,0,0,0.4,263,484,2094,5544,a,,,,,,,,0.0,0,0,73,1,0,0,0,4,0,5,5,0,1,0.00,0.00,0.00,3.55,0.0,0.0
2026-08-30T00:35:15+00:00,2026-08-29,daily,3,2026-09-04T17:30:00Z,35,Bogarde,AVL,MID,50,0,0,0.1,118,154,754,1139,a,,,,,,,,0.5,0,1,16,0,0,0,0,0,0,1,1,0,0,0.00,0.00,0.00,0.22,0.5,0.5
2026-08-30T00:35:15+00:00,2026-08-29,daily,3,2026-09-04T17:30:00Z,36,Maatsen,AVL,DEF,45,0,0,0.7,461,894,3007,9752,a,,,,,,,,0.0,0,0,81,1,0,0,0,4,0,9,7,2,2,0.03,0.00,0.03,3.62,0.0,0.0
2026-08-30T00:35:15+00:00,2026-08-29,daily,3,2026-09-04T17:30:00Z,37,Lindelöf,AVL,DEF,45,0,0,0.3,237,374,2012,4385,a,,,,,,,,-1.0,0,-2,90,1,0,0,0,4,0,3,3,0,1,0.00,0.00,0.00,3.77,-1.0,-1.0
2026-08-30T00:35:15+00:00,2026-08-29,daily,3,2026-09-04T17:30:00Z,38,A.García,AVL,DEF,40,0,0,1.7,1862,1828,9201,15751,a,,,,,,,,0.0,0,0,0,0,0,0,0,0,0,0,0,0,0,0.00,0.00,0.00,0.00,0.0,0.0
2026-08-30T00:35:15+00:00,2026-08-29,daily,3,2026-09-04T17:30:00Z,39,Nedeljkovic,AVL,DEF,40,0,0,0.2,0,765,0,8003,u,Has joined Rangers on loan for the rest of the season,2026-08-19T13:56:46.385411Z,0,0,,,,0.0,0,0,0,0,0,0,0,0,0,0,0,0,0,0.00,0.00,0.00,0.00,0.0,0.0
2026-08-30T00:35:15+00:00,2026-08-29,daily,3,2026-09-04T17:30:00Z,41,Buendía,AVL,MID,60,0,0,1.2,1470,2884,6490,24770,a,,,,,1,1,3,1.0,0,2,85,1,0,0,0,4,0,7,3,1,3,0.13,0.09,0.22,3.62,1.0,1.0
2026-08-30T00:35:15+00:00,2026-08-29,daily,3,2026-09-04T17:30:00Z,44,Bailey,AVL,MID,55,0,0,0.1,229,408,1231,3065,a,,,,,,,,0.0,0,0,0,0,0,0,0,0,0,0,0,0,0,0.00,0.00,0.00,0.00,0.0,0.0
2026-08-30T00:35:15+00:00,2026-08-29,daily,3,2026-09-04T17:30:00Z,45,McGinn,AVL,MID,55,0,0,2.7,1950,5197,9556,49850,a,,,,,,,2,0.5,0,1,81,1,0,0,0,4,0,6,2,1,3,0.04,0.01,0.05,3.62,0.5,0.5
2026-08-30T00:35:15+00:00,2026-08-29,daily,3,2026-09-04T17:30:00Z,46,Barkley,AVL,MID,50,0,0,0.2,500,455,2375,3171,a,,,,,,,4,1.0,0,2,73,1,0,0,0,4,0,1,1,0,0,0.10,0.02,0.12,3.55,1.0,1.0
2026-08-30T00:35:15+00:00,2026-08-29,daily,3,2026-09-04T17:30:00Z,47,Kamara,AVL,MID,50,0,0,0.3,626,772,3115,5511,a,,2026-07-23T12:01:23.337269Z,100,100,,,,1.0,0,2,90,1,0,0,0,4,0,7,3,2,2,0.00,0.00,0.00,3.77,1.0,1.0
2026-08-30T00:35:15+00:00,2026-08-29,daily,3,2026-09-04T17:30:00Z,48,Onana,AVL,MID,50,0,0,0.0,34,103,191,632,i,Knee injury - Unknown return date,2026-07-23T12:01:23.352497Z,0,0,,,,0.0,0,0,0,0,0,0,0,0,0,0,0,0,0,0.00,0.00,0.00,0.00,0.0,0.0
2026-08-30T00:35:15+00:00,2026-08-29,daily,3,2026-09-04T17:30:00Z,49,Iling Jr,AVL,MID,50,0,0,0.0,0,8,0,128,u,Has joined Bolton Wanderers on loan for the rest of the season,2026-08-17T13:52:28.532616Z,0,0,,,,0.0,0,0,0,0,0,0,0,0,0,0,0,0,0,0.00,0.00,0.00,0.00,0.0,0.0
2026-08-30T00:35:15+00:00,2026-08-29,daily,3,2026-09-04T17:30:00Z,50,Burrowes,AVL,MID,45,0,0,0.7,1086,1035,4599,7803,a,,,,,,,,0.0,0,0,0,0,0,0,0,0,0,0,0,0,0,0.00,0.00,0.00,0.00,0.0,0.0
2026-08-30T00:35:15+00:00,2026-08-29,daily,3,2026-09-04T17:30:00Z,51,George Hemmings,AVL,MID,45,0,0,0.8,2724,1142,11467,6626,a,,,,,,,,1.0,0,2,90,1,0,0,0,4,0,5,0,3,2,0.00,0.00,0.00,3.77,1.0,1.0
2026-08-30T00:35:15+00:00,2026-08-29,daily,3,2026-09-04T17:30:00Z,52,Alysson,AVL,MID,50,0,0,0.0,80,115,423,711,a,,,,,,,,0.5,0,1,8,0,0,0,0,0,0,3,1,1,1,0.00,0.00,0.00,0.14,0.5,0.5
2026-08-30T00:35:15+00:00,2026-08-29,daily,3,2026-09-04T17:30:00Z,53,Manzambi,AVL,MID,59,-1,-1,0.2,94,1138,326,9928,i,Knee injury - Unknown return date,2026-08-15T15:30:06.388335Z,0,0,,,,0.0,0,0,0,0,0,0,0,0,0,0,0,0,0,0.00,0.00,0.00,0.00,0.0,0.0
2026-08-30T00:35:15+00:00,2026-08-29,daily,3,2026-09-04T17:30:00Z,54,Gomes,AVL,MID,55,0,0,0.0,10,226,164,2109,s,Suspended until 19 Sep,2026-08-23T17:30:08.367415Z,0,0,,,,-1.0,0,-2,39,1,0,0,0,4,0,7,1,4,2,0.00,0.01,0.01,2.58,0.0,0.0
2026-08-30T00:35:15+00:00,2026-08-29,daily,3,2026-09-04T17:30:00Z,55,Watkins,AVL,FWD,79,0,-1,7.1,1281,34358,11913,310818,a,,,,,2,,,0.0,0,0,0,0,0,0,0,0,0,0,0,0,0,0.00,0.00,0.00,0.00,0.0,0.0
2026-08-30T00:35:15+00:00,2026-08-29,daily,3,2026-09-04T17:30:00Z,56,Abraham,AVL,FWD,55,0,0,0.1,81,469,678,3152,d,Knock - 50% chance of playing,2026-08-15T16:00:07.558543Z,50,50,,,,0.0,0,0,0,0,0,0,0,0,0,0,0,0,0,0.00,0.00,0.00,0.00,0.0,0.0
2026-08-30T00:35:15+00:00,2026-08-29,daily,3,2026-09-04T17:30:00Z,160,Garnacho,AVL,MID,60,0,0,0.5,437,1552,2458,12127,a,,,,,,,,0.5,0,1,4,0,0,0,0,0,0,0,0,0,0,0.00,0.00,0.00,0.14,0.5,0.5
2026-08-30T00:35:15+00:00,2026-08-29,daily,3,2026-09-04T17:30:00Z,166,N.Jackson,AVL,FWD,65,0,0,0.5,10930,1509,16269,9726,a,,,,,,,,0.0,0,0,0,0,0,0,0,0,0,0,0,0,0,0.00,0.00,0.00,0.00,0.0,0.0
2026-08-30T00:35:15+00:00,2026-08-29,daily,3,2026-09-04T17:30:00Z,582,Madjo,AVL,FWD,55,0,0,0.4,159,1608,1325,10531,i,Unspecified injury - Unknown return date,2026-08-15T16:00:07.974271Z,0,0,,,,0.0,0,0,0,0,0,0,0,0,0,0,0,0,0,0.00,0.00,0.00,0.00,0.0,0.0
2026-08-30T00:35:15+00:00,2026-08-29,daily,3,2026-09-04T17:30:00Z,596,Ruggeri,AVL,DEF,45,0,0,0.1,149,136,1005,1235,a,,,,,,,,0.5,0,1,8,0,0,0,0,0,0,2,0,2,0,0.00,0.00,0.00,0.14,0.5,0.5
2026-08-30T00:35:15+00:00,2026-08-29,daily,3,2026-09-04T17:30:00Z,597,Suzuki,AVL,GKP,50,0,0,0.9,1289,983,5518,7754,a,,,,,,,,0.0,0,0,0,0,0,0,0,0,0,0,0,0,0,0.00,0.00,0.00,0.00,0.0,0.0
2026-08-30T00:35:15+00:00,2026-08-29,daily,3,2026-09-04T17:30:00Z,606,Rowe,AVL,DEF,40,0,0,0.1,724,174,2284,420,a,,,,,,,,0.0,0,0,0,0,0,0,0,0,0,0,0,0,0,0.00,0.00,0.00,0.00,0.0,0.0
2026-08-30T00:35:15+00:00,2026-08-29,daily,3,2026-09-04T17:30:00Z,607,Lynch,AVL,MID,45,0,0,0.1,637,275,4240,1107,a,,,,,,,,0.0,0,0,0,0,0,0,0,0,0,0,0,0,0,0.00,0.00,0.00,0.00,0.0,0.0
2026-08-30T00:35:15+00:00,2026-08-29,daily,3,2026-09-04T17:30:00Z,611,Wan-Bissaka,AVL,DEF,45,0,0,0.1,960,169,2509,335,a,,,,,,,,0.0,0,0,0,0,0,0,0,0,0,0,0,0,0,0.00,0.00,0.00,0.00,1.7,1.7
2026-08-30T00:35:15+00:00,2026-08-29,daily,3,2026-09-04T17:30:00Z,618,Goretzka,AVL,MID,60,0,0,0.0,755,66,967,73,a,,,,,,,,0.0,0,0,0,0,0,0,0,0,0,0,0,0,0,0.00,0.00,0.00,0.00,2.2,2.2
2026-08-30T00:35:15+00:00,2026-08-29,daily,3,2026-09-04T17:30:00Z,57,Petrović,BOU,GKP,45,0,0,3.4,4688,2949,30066,17002,a,,,,,,,,2.5,3,5,180,2,0,0,0,3,9,0,5,0,13,0.00,0.00,0.00,4.09,2.5,2.5
2026-08-30T00:35:15+00:00,2026-08-29,daily,3,2026-09-04T17:30:00Z,58,Forster,BOU,GKP,40,0,0,3.2,3324,1857,12886,12510,a,,,,,,,,0.0,0,0,0,0,0,0,0,0,0,0,0,0,0,0.00,0.00,0.00,0.00,0.0,0.0
2026-08-30T00:35:15+00:00,2026-08-29,daily,3,2026-09-04T17:30:00Z,59,Dennis,BOU,GKP,40,0,0,0.2,0,663,1133,2180,u,Has joined MK Dons permanently,2026-08-27T14:53:48.692835Z,0,0,,,,0.0,0,0,0,0,0,0,0,0,0,0,0,0,0,0.00,0.00,0.00,0.00,0.0,0.0
2026-08-30T00:35:15+00:00,2026-08-29,daily,3,2026-09-04T17:30:00Z,60,Hill,BOU,DEF,55,0,0,0.9,1100,1242,10253,7983,a,,,,,,,,2.5,4,5,180,2,0,0,0,3,0,18,14,4,4,0.00,0.74,0.74,4.09,2.5,2.5
2026-08-30T00:35:15+00:00,2026-08-29,daily,3,2026-09-04T17:30:00Z,61,Truffert,BOU,DEF,55,0,0,4.2,2283,4286,22884,30107,a,,,,,,,,2.5,4,5,180,2,0,0,0,3,0,16,12,4,13,0.00,0.07,0.07,4.09,2.5,2.5
2026-08-30T00:35:15+00:00,2026-08-29,daily,3,2026-09-04T17:30:00Z,62,Diakité,BOU,DEF,50,0,0,0.2,357,519,3079,2840,a,,,,,,,,0.0,0,0,0,0,0,0,0,0,0,0,0,0,0,0.00,0.00,0.00,0.00,0.0,0.0
2026-08-30T00:35:15+00:00,2026-08-29,daily,3,2026-09-04T17:30:00Z,63,Milosavljević,BOU,DEF,50,0,0,0.0,16,43,90,339,i,Unspecified injury - Unknown return date,2026-08-06T10:00:10.456051Z,0,0,,,,0.0,0,0,0,0,0,0,0,0,0,0,0,0,0,0.00,0.00,0.00,0.00,0.0,0.0
2026-08-30T00:35:15+00:00,2026-08-29,daily,3,2026-09-04T17:30:00Z,64,Smith,BOU,DEF,45,0,0,0.1,254,203,3099,1221,a,,,,,,,,1.0,1,2,180,2,0,0,0,3,0,11,8,3,3,0.00,0.02,0.02,4.09,1.0,1.0
2026-08-30T00:35:15+00:00,2026-08-29,daily,3,2026-09-04T17:30:00Z,65,J.Araujo,BOU,DEF,45,0,0,0.0,22,87,110,593,i,Thigh injury - Unknown return date,2026-08-09T08:00:05.645826Z,0,0,,,,0.0,0,0,0,0,0,0,0,0,0,0,0,0,0,0.00,0.00,0.00,0.00,0.0,0.0
2026-08-30T00:35:15+00:00,2026-08-29,daily,3,2026-09-04T17:30:00Z,66,Soler,BOU,DEF,40,0,0,0.2,275,319,691,2746,a,,2026-08-15T16:30:07.021055Z,75,100,,,,0.0,0,0,0,0,0,0,0,0,0,0,0,0,0,0.00,0.00,0.00,0.00,0.0,0.0
2026-08-30T00:35:15+00:00,2026-08-29,daily,3,2026-09-04T17:30:00Z,67,Rayan,BOU,MID,65,0,0,2.7,2107,7559,25787,29738,a,,,,,,,,2.0,2,4,178,2,0,0,0,2,0,6,2,1,3,0.44,0.05,0.49,3.90,2.0,2.0
2026-08-30T00:35:15+00:00,2026-08-29,daily,3,2026-09-04T17:30:00Z,68,Tavernier,BOU,MID,60,0,0,2.6,7532,4658,94739,17089,a,,,,,3,1,1,5.5,1,11,180,2,1,0,0,3,0,19,3,6,10,0.49,0.29,0.78,4.09,5.5,5.5
2026-08-30T00:35:15+00:00,2026-08-29,daily,3,2026-09-04T17:30:00Z,69,Scott,BOU,MID,60,0,0,1.6,6435,2256,14955,15142,a,,,,,,4,2,7.0,12,14,176,2,1,0,1,2,0,26,4,7,15,0.26,0.28,0.54,3.96,7.0,7.0
2026-08-30T00:35:15+00:00,2026-08-29,daily,3,2026-09-04T17:30:00Z,70,Kluivert,BOU,MID,60,0,0,1.2,1856,2797,18177,12387,a,,,,,2,2,3,3.0,3,6,154,2,0,0,2,0,0,14,1,3,10,0.72,0.05,0.77,3.61,3.0,3.0
2026-08-30T00:35:15+00:00,2026-08-29,daily,3,2026-09-04T17:30:00Z,71,Cook,BOU,MID,50,0,0,0.2,848,368,4107,2075,a,,,,,,,5,3.0,3,6,143,2,0,0,2,0,0,9,3,1,5,0.00,0.01,0.01,3.61,3.0,3.0
2026-08-30T00:35:15+00:00,2026-08-29,daily,3,2026-09-04T17:30:00Z,72,Gannon-Doak,BOU,MID,50,0,0,0.1,76,203,441,1036,a,,,,,,,,0.5,0,1,1,0,0,0,0,1,0,1,0,0,1,0.00,0.00,0.00,0.19,0.5,0.5
2026-08-30T00:35:15+00:00,2026-08-29,daily,3,2026-09-04T17:30:00Z,73,Adams,BOU,MID,50,0,0,0.2,902,662,3934,3517,a,,2026-08-15T16:30:07.029928Z,100,100,,,,1.0,1,2,36,0,0,0,0,3,0,6,3,0,3,0.00,0.00,0.00,0.47,1.0,1.0
2026-08-30T00:35:15+00:00,2026-08-29,daily,3,2026-09-04T17:30:00Z,74,Brooks,BOU,MID,50,0,0,0.1,163,130,765,825,a,,2026-08-15T16:30:07.037929Z,100,100,,3,4,0.5,1,1,9,0,0,0,0,1,0,0,0,0,0,0.00,0.01,0.01,0.16,0.5,0.5
2026-08-30T00:35:15+00:00,2026-08-29,daily,3,2026-09-04T17:30:00Z,75,Christie,BOU,MID,50,0,0,0.0,156,78,716,274,a,,2026-07-24T17:30:10.035483Z,100,100,,,6,0.5,1,1,3,0,0,0,0,1,0,2,0,1,1,0.00,0.00,0.00,0.13,0.5,0.5
2026-08-30T00:35:15+00:00,2026-08-29,daily,3,2026-09-04T17:30:00Z,76,Tóth.A,BOU,MID,50,0,0,0.0,22,43,122,189,a,,,,,,,,0.5,0,1,15,0,0,0,0,2,0,2,0,1,1,0.00,0.00,0.00,0.31,0.5,0.5
2026-08-30T00:35:15+00:00,2026-08-29,daily,3,2026-09-04T17:30:00Z,77,Adli,BOU,MID,50,0,0,0.0,11,127,65,1103,i,Unspecified injury - Unknown return date,2026-08-15T16:00:07.590566Z,0,0,,,,0.0,0,0,0,0,0,0,0,0,0,0,0,0,0,0.00,0.00,0.00,0.00,0.0,0.0
2026-08-30T00:35:15+00:00,2026-08-29,daily,3,2026-09-04T17:30:00Z,78,Kroupi.Jr,BOU,MID,75,0,0,0.3,63,1903,525,15311,i,Foot injury - Unknown return date,2026-07-29T17:30:09.796802Z,0,0,1,,,0.0,0,0,0,0,0,0,0,0,0,0,0,0,0,0.00,0.00,0.00,0.00,0.0,0.0
2026-08-30T00:35:15+00:00,2026-08-29,daily,3,2026-09-04T17:30:00Z,79,Evanilson,BOU,FWD,60,0,0,3.1,13200,4537,85825,23563,a,,,,,,,,4.5,5,9,154,2,0,2,2,0,0,11,5,1,5,0.58,0.25,0.83,3.61,4.5,4.5
2026-08-30T00:35:15+00:00,2026-08-29,daily,3,2026-09-04T17:30:00Z,80,Enes Ünal,BOU,FWD,55,0,0,0.0,0,120,0,1190,u,Has joined Getafe permanently,2026-08-14T14:14:21.881112Z,0,0,,,,0.0,0,0,0,0,0,0,0,0,0,0,0,0,0,0.00,0.00,0.00,0.00,0.0,0.0
2026-08-30T00:35:15+00:00,2026-08-29,daily,3,2026-09-04T17:30:00Z,81,Rodríguez,BOU,FWD,60,0,0,0.1,265,259,1265,1441,a,,2026-08-15T16:30:07.054142Z,100,100,,,,0.5,1,1,9,0,0,0,0,1,0,1,0,0,1,0.00,0.00,0.00,0.16,0.5,0.5
2026-08-30T00:35:15+00:00,2026-08-29,daily,3,2026-09-04T17:30:00Z,566,Silva,BOU,DEF,50,0,0,0.4,701,461,8066,2651,a,,,,,,,,3.0,4,6,180,2,0,0,0,3,0,23,21,2,5,0.25,0.03,0.28,4.09,3.0,3.0
2026-08-30T00:35:15+00:00,2026-08-29,daily,3,2026-09-04T17:30:00Z,573,Sanchez,BOU,DEF,45,0,0,0.2,61,307,513,1772,a,,,,,,,,0.0,0,0,0,0,0,0,0,0,0,0,0,0,0,0.00,0.00,0.00,0.00,0.0,0.0
2026-08-30T00:35:15+00:00,2026-08-29,daily,3,2026-09-04T17:30:00Z,608,Jebbison,BOU,FWD,50,0,0,0.1,696,238,3173,659,a,,,,,,,,0.5,0,1,15,0,0,0,0,2,0,1,0,0,1,0.10,0.00,0.10,0.31,0.5,0.5
2026-08-30T00:35:15+00:00,2026-08-29,daily,3,2026-09-04T17:30:00Z,615,Di Gregorio,BOU,GKP,45,0,0,0.0,228,64,469,91,a,,,,,,,,0.0,0,0,0,0,0,0,0,0,0,0,0,0,0,0.00,0.00,0.00,0.00,1.9,1.9
2026-08-30T00:35:15+00:00,2026-08-29,daily,3,2026-09-04T17:30:00Z,82,Kelleher,BRE,GKP,50,0,0,6.6,11948,3867,86382,23791,a,,,,,,,,3.5,0,7,90,1,0,0,1,0,4,0,0,0,5,0.00,0.01,0.01,0.57,3.5,3.5
2026-08-30T00:35:15+00:00,2026-08-29,daily,3,2026-09-04T17:30:00Z,83,Valdimarsson,BRE,GKP,45,0,0,0.1,108,128,750,1018,a,,,,,,,,0.0,0,0,0,0,0,0,0,0,0,0,0,0,0,0.00,0.00,0.00,0.00,0.0,0.0
2026-08-30T00:35:15+00:00,2026-08-29,daily,3,2026-09-04T17:30:00Z,84,Collins,BRE,DEF,55,0,0,2.1,3365,1791,28454,11164,a,,,,,,,,3.0,0,6,90,1,0,0,1,0,0,3,3,0,3,0.34,0.04,0.38,0.57,3.0,3.0
2026-08-30T00:35:15+00:00,2026-08-29,daily,3,2026-09-04T17:30:00Z,85,Van den Berg,BRE,DEF,50,0,0,0.1,22,515,167,4638,i,Groin injury - Unknown return date,2026-08-15T15:30:06.416627Z,0,0,,,,0.0,0,0,0,0,0,0,0,0,0,0,0,0,0,0.00,0.00,0.00,0.00,0.0,0.0
2026-08-30T00:35:15+00:00,2026-08-29,daily,3,2026-09-04T17:30:00Z,86,Lewis-Potter,BRE,MID,55,0,0,1.2,6375,1730,58917,8446,a,,,,,,1,,5.0,0,10,90,1,1,0,1,0,0,10,4,1,5,0.77,0.12,0.89,0.57,5.0,5.0
2026-08-30T00:35:15+00:00,2026-08-29,daily,3,2026-09-04T17:30:00Z,87,Ajer,BRE,DEF,45,0,0,4.2,12116,3857,82094,17759,a,,,,,,,,4.0,0,8,90,1,0,0,1,0,0,10,8,2,3,0.11,0.02,0.13,0.57,4.0,4.0
2026-08-30T00:35:15+00:00,2026-08-29,daily,3,2026-09-04T17:30:00Z,88,Kayode,BRE,DEF,46,0,1,8.2,24360,4970,335163,26130,a,,,,,,,,6.5,0,13,75,1,1,0,1,0,0,4,4,0,5,0.50,0.00,0.50,0.47,6.5,6.5
2026-08-30T00:35:15+00:00,2026-08-29,daily,3,2026-09-04T17:30:00Z,89,Henry,BRE,DEF,45,0,0,0.2,77,201,621,2347,a,,,,,,,,0.0,0,0,0,0,0,0,0,0,0,0,0,0,0,0.00,0.00,0.00,0.00,0.0,0.0
2026-08-30T00:35:15+00:00,2026-08-29,daily,3,2026-09-04T17:30:00Z,90,Hickey,BRE,DEF,45,0,0,0.1,113,94,736,634,a,,,,,,,,0.5,0,1,14,0,0,0,0,0,0,0,0,0,2,0.00,0.00,0.00,0.10,0.5,0.5
2026-08-30T00:35:15+00:00,2026-08-29,daily,3,2026-09-04T17:30:00Z,92,Ji-soo,BRE,DEF,45,0,0,0.0,25,31,137,229,a,,,,,,,,0.0,0,0,0,0,0,0,0,0,0,0,0,0,0,0.00,0.00,0.00,0.00,0.0,0.0
2026-08-30T00:35:15+00:00,2026-08-29,daily,3,2026-09-04T17:30:00Z,93,Schuster,BRE,DEF,45,0,0,0.2,19,116,161,1322,a,,,,,,,,0.0,0,0,0,0,0,0,0,0,0,0,0,0,0,0.00,0.00,0.00,0.00,0.0,0.0
2026-08-30T00:35:15+00:00,2026-08-29,daily,3,2026-09-04T17:30:00Z,94,Schade,BRE,MID,60,0,0,3.4,3389,6001,28387,31790,a,,,,,2,,,1.5,0,3,90,1,0,0,1,0,0,9,1,3,5,0.52,0.01,0.53,0.57,1.5,1.5
2026-08-30T00:35:15+00:00,2026-08-29,daily,3,2026-09-04T17:30:00Z,95,O.Dango,BRE,MID,65,0,0,1.1,869,2215,8217,13167,a,,,,,,,2,1.5,0,3,66,1,0,0,1,0,0,6,2,0,4,0.05,0.29,0.34,0.47,1.5,1.5
2026-08-30T00:35:15+00:00,2026-08-29,daily,3,2026-09-04T17:30:00Z,96,Damsgaard,BRE,MID,55,0,0,0.5,391,906,2709,8450,a,,,,,,3,3,0.5,0,1,14,0,0,0,0,0,0,4,0,1,3,0.00,0.11,0.11,0.10,0.5,0.5
2026-08-30T00:35:15+00:00,2026-08-29,daily,3,2026-09-04T17:30:00Z,97,Jensen,BRE,MID,55,0,0,0.2,422,273,4280,1610,a,,,,,3,2,1,3.0,0,6,66,1,0,1,1,0,0,5,0,2,3,0.08,0.34,0.42,0.47,3.0,3.0
2026-08-30T00:35:15+00:00,2026-08-29,daily,3,2026-09-04T17:30:00Z,98,Janelt,BRE,MID,50,0,0,0.6,6581,1153,40340,5438,a,,,,,,,4,4.5,0,9,90,1,1,0,1,0,0,13,6,4,3,0.39,0.17,0.56,0.57,4.5,4.5
2026-08-30T00:35:15+00:00,2026-08-29,daily,3,2026-09-04T17:30:00Z,99,Milambo,BRE,MID,50,0,0,0.0,9,9,37,54,i,Knee injury - Unknown return date,2026-07-23T12:01:23.384798Z,0,0,,,,0.0,0,0,0,0,0,0,0,0,0,0,0,0,0,0.00,0.00,0.00,0.00,0.0,0.0
2026-08-30T00:35:15+00:00,2026-08-29,daily,3,2026-09-04T17:30:00Z,100,Carvalho,BRE,MID,50,0,0,0.0,84,44,239,290,a,,2026-08-18T13:58:17.442072Z,100,100,,,,0.0,0,0,0,0,0,0,0,0,0,0,0,0,0,0.00,0.00,0.00,0.00,0.0,0.0
2026-08-30T00:35:15+00:00,2026-08-29,daily,3,2026-09-04T17:30:00Z,102,Yarmoliuk,BRE,MID,50,0,0,1.1,143,1843,888,15022,a,,,,,,,,0.5,0,1,23,0,0,0,0,0,0,6,1,2,3,0.04,0.00,0.04,0.10,0.5,0.5
2026-08-30T00:35:15+00:00,2026-08-29,daily,3,2026-09-04T17:30:00Z,103,Dasilva,BRE,MID,50,0,0,0.0,25,69,189,422,a,,,,,,,,0.0,0,0,0,0,0,0,0,0,0,0,0,0,0,0.00,0.00,0.00,0.00,0.0,0.0
2026-08-30T00:35:15+00:00,2026-08-29,daily,3,2026-09-04T17:30:00Z,105,Anthony,BRE,MID,60,0,0,0.2,301,375,2259,2766,a,,,,,,,,0.5,0,1,23,0,0,0,0,0,0,8,0,2,6,0.03,0.35,0.38,0.10,0.5,0.5
2026-08-30T00:35:15+00:00,2026-08-29,daily,3,2026-09-04T17:30:00Z,106,Thiago,BRE,FWD,80,0,0,16.2,9655,31526,101427,172693,a,,,,,1,,,0.0,0,0,82,1,0,0,1,0,0,5,1,0,4,1.00,0.08,1.08,0.50,0.0,0.0
2026-08-30T00:35:15+00:00,2026-08-29,daily,3,2026-09-04T17:30:00Z,107,Furo,BRE,FWD,45,0,0,0.9,2376,1344,10567,9787,a,,,,,,,,0.0,0,0,0,0,0,0,0,0,0,0,0,0,0,0.00,0.00,0.00,0.00,0.0,0.0
2026-08-30T00:35:15+00:00,2026-08-29,daily,3,2026-09-04T17:30:00Z,108,Wilson,BRE,FWD,55,0,0,0.4,858,749,5209,5557,a,,,,,,,,0.5,0,1,7,0,0,0,0,0,0,0,0,0,0,0.03,0.04,0.07,0.07,0.5,0.5
2026-08-30T00:35:15+00:00,2026-08-29,daily,3,2026-09-04T17:30:00Z,565,M.Sangaré,BRE,MID,56,0,1,9.7,51199,8304,494961,31644,a,,,,,,,,7.0,0,14,75,1,0,2,1,0,0,13,4,2,7,0.05,0.33,0.38,0.47,7.0,7.0
2026-08-30T00:35:15+00:00,2026-08-29,daily,3,2026-09-04T17:30:00Z,620,Diouf,BRE,DEF,45,0,0,0.0,2824,405,3424,442,a,,,,,,,,0.0,0,0,0,0,0,0,0,0,0,0,0,0,0,0.00,0.00,0.00,0.00,1.7,1.7
2026-08-30T00:35:15+00:00,2026-08-29,daily,3,2026-09-04T17:30:00Z,109,Verbruggen,BHA,GKP,45,0,0,21.5,27650,11407,112406,56887,a,,,,,,,,3.0,0,6,90,1,0,0,1,0,0,0,0,0,4,0.00,0.00,0.00,0.29,3.0,3.0
2026-08-30T00:35:15+00:00,2026-08-29,daily,3,2026-09-04T17:30:00Z,111,Steele,BHA,GKP,40,0,0,4.0,4540,2298,15254,16342,a,,,,,,,,0.0,0,0,0,0,0,0,0,0,0,0,0,0,0,0.00,0.00,0.00,0.00,0.0,0.0
2026-08-30T00:35:15+00:00,2026-08-29,daily,3,2026-09-04T17:30:00Z,113,F.Kadıoğlu,BHA,DEF,44,-1,-1,2.2,1231,3509,3811,54913,a,,2026-08-23T13:00:07.595211Z,100,100,,,3,0.0,0,0,0,0,0,0,0,0,0,0,0,0,0,0.00,0.00,0.00,0.00,0.0,0.0
2026-08-30T00:35:15+00:00,2026-08-29,daily,3,2026-09-04T17:30:00Z,114,Boscagli,BHA,DEF,45,0,0,0.3,1254,352,5357,1911,a,,,,,,,,3.0,0,6,90,1,0,0,1,0,0,6,5,1,4,0.00,0.04,0.04,0.29,3.0,3.0
2026-08-30T00:35:15+00:00,2026-08-29,daily,3,2026-09-04T17:30:00Z,115,De Cuyper,BHA,DEF,46,0,1,9.9,106589,4575,601587,25733,a,,,,,,4,2,8.5,0,17,77,1,1,1,1,0,0,4,1,3,3,1.47,0.21,1.68,0.29,8.5,8.5
2026-08-30T00:35:15+00:00,2026-08-29,daily,3,2026-09-04T17:30:00Z,116,Dunk,BHA,DEF,45,0,0,1.2,3261,852,16604,6162,a,,,,,,3,,3.0,0,6,90,1,0,0,1,0,0,2,1,1,2,0.00,0.04,0.04,0.29,3.0,3.0
2026-08-30T00:35:15+00:00,2026-08-29,daily,3,2026-09-04T17:30:00Z,117,Coppola,BHA,DEF,45,0,0,0.0,43,31,234,255,a,,,,,,,,0.0,0,0,0,0,0,0,0,0,0,0,0,0,0,0.00,0.00,0.00,0.00,0.0,0.0
2026-08-30T00:35:15+00:00,2026-08-29,daily,3,2026-09-04T17:30:00Z,118,Igor,BHA,DEF,45,0,0,0.1,103,98,574,973,a,,,,,,,,0.0,0,0,0,0,0,0,0,0,0,0,0,0,0,0.00,0.00,0.00,0.00,0.0,0.0
2026-08-30T00:35:15+00:00,2026-08-29,daily,3,2026-09-04T17:30:00Z,119,Costinha,BHA,DEF,45,0,0,0.0,41,47,326,273,a,,,,,,,,0.5,0,1,26,0,0,0,0,0,0,4,3,1,0,0.12,0.00,0.12,0.10,0.5,0.5
2026-08-30T00:35:15+00:00,2026-08-29,daily,3,2026-09-04T17:30:00Z,120,Svoboda,BHA,DEF,50,0,0,0.1,139,94,907,778,a,,,,,,,,0.0,0,0,0,0,0,0,0,0,0,0,0,0,0,0.00,0.00,0.00,0.00,0.0,0.0
2026-08-30T00:35:15+00:00,2026-08-29,daily,3,2026-09-04T17:30:00Z,121,Mitoma,BHA,MID,60,0,0,0.0,28,198,187,1435,i,Hamstring injury - Unknown return date,2026-07-24T18:30:10.661894Z,0,0,,,,0.0,0,0,0,0,0,0,0,0,0,0,0,0,0,0.00,0.00,0.00,0.00,0.0,0.0
2026-08-30T00:35:15+00:00,2026-08-29,daily,3,2026-09-04T17:30:00Z,122,Minteh,BHA,MID,59,-1,-1,0.1,15,414,155,3935,i,Leg injury - Expected back 28 Nov,2026-08-14T18:00:06.418033Z,0,0,,,5,0.0,0,0,0,0,0,0,0,0,0,0,0,0,0,0.00,0.00,0.00,0.00,0.0,0.0
2026-08-30T00:35:15+00:00,2026-08-29,daily,3,2026-09-04T17:30:00Z,123,Hinshelwood,BHA,MID,60,0,0,2.1,2239,22355,142067,60440,d,Unspecified injury - 50% chance of playing,2026-08-27T19:30:07.780933Z,25,50,,,,8.0,0,16,63,1,2,0,1,0,0,3,0,2,1,1.41,0.02,1.43,0.19,2.0,4.0
2026-08-30T00:35:15+00:00,2026-08-29,daily,3,2026-09-04T17:30:00Z,124,Groß,BHA,MID,55,0,0,12.6,7358,15095,31537,120968,a,,,,,1,1,1,1.0,0,2,90,1,0,0,1,0,0,5,0,3,2,0.00,0.27,0.27,0.29,1.0,1.0
2026-08-30T00:35:15+00:00,2026-08-29,daily,3,2026-09-04T17:30:00Z,125,Georginio,BHA,FWD,55,0,0,1.0,1579,3255,25466,18262,d,Unspecified injury - 75% chance of playing,2026-08-26T16:00:07.608056Z,75,75,,,,2.5,0,5,90,1,0,1,1,0,0,7,1,2,4,0.08,0.44,0.52,0.29,1.9,1.9
2026-08-30T00:35:15+00:00,2026-08-29,daily,3,2026-09-04T17:30:00Z,126,O'Riley,BHA,MID,55,0,0,0.1,175,214,831,1566,a,,,,,3,,,0.0,0,0,0,0,0,0,0,0,0,0,0,0,0,0.00,0.00,0.00,0.00,0.0,0.0
2026-08-30T00:35:15+00:00,2026-08-29,daily,3,2026-09-04T17:30:00Z,127,Gomez,BHA,MID,50,0,0,3.9,8035,4553,31987,21425,a,,,,,,5,,3.0,0,6,85,1,0,1,1,0,0,6,2,3,1,0.18,0.48,0.66,0.29,3.0,3.0
2026-08-30T00:35:15+00:00,2026-08-29,daily,3,2026-09-04T17:30:00Z,128,Buonanotte,BHA,MID,50,0,0,0.0,0,19,0,192,u,Has joined Elche on loan for the rest of the season,2026-08-10T14:03:07.561436Z,0,0,,,,0.0,0,0,0,0,0,0,0,0,0,0,0,0,0,0.00,0.00,0.00,0.00,0.0,0.0
2026-08-30T00:35:15+00:00,2026-08-29,daily,3,2026-09-04T17:30:00Z,129,Ayari,BHA,MID,55,0,0,0.6,847,1215,4181,8826,a,,,,,,2,4,1.0,0,2,63,1,0,0,1,0,0,4,1,0,3,0.11,0.03,0.14,0.19,1.0,1.0
2026-08-30T00:35:15+00:00,2026-08-29,daily,3,2026-09-04T17:30:00Z,130,Wieffer,BHA,DEF,50,0,0,0.5,2714,643,16142,3700,a,,,,,,,,3.5,0,7,77,1,0,0,1,0,0,8,4,4,5,0.09,0.05,0.14,0.29,3.5,3.5
2026-08-30T00:35:15+00:00,2026-08-29,daily,3,2026-09-04T17:30:00Z,132,Howell,BHA,MID,45,0,0,0.1,0,207,0,1739,u,Has joined Leicester City on loan for the rest of the season,2026-08-17T13:53:19.019938Z,0,0,,,,0.0,0,0,0,0,0,0,0,0,0,0,0,0,0,0.00,0.00,0.00,0.00,0.0,0.0
2026-08-30T00:35:15+00:00,2026-08-29,daily,3,2026-09-04T17:30:00Z,133,Watson,BHA,MID,50,0,0,0.0,0,6,0,62,u,Has joined Leicester City on loan for the rest of the season,2026-08-03T14:05:44.459483Z,0,0,,,,0.0,0,0,0,0,0,0,0,0,0,0,0,0,0,0.00,0.00,0.00,0.00,0.0,0.0
2026-08-30T00:35:15+00:00,2026-08-29,daily,3,2026-09-04T17:30:00Z,134,Oriola,BHA,MID,45,0,0,0.3,400,392,2108,3172,a,,,,,,,,0.0,0,0,0,0,0,0,0,0,0,0,0,0,0,0.00,0.00,0.00,0.00,0.0,0.0
2026-08-30T00:35:15+00:00,2026-08-29,daily,3,2026-09-04T17:30:00Z,135,Yohanna,BHA,MID,50,0,0,0.1,63,156,436,1035,a,,,,,,,,0.5,0,1,12,0,0,0,0,0,0,0,0,0,0,0.00,0.03,0.03,0.00,0.5,0.5
2026-08-30T00:35:15+00:00,2026-08-29,daily,3,2026-09-04T17:30:00Z,137,Tzimas,BHA,FWD,55,0,0,0.0,10,36,94,288,i,Knee injury - Unknown return date,2026-07-23T12:01:23.432796Z,0,0,,,,0.0,0,0,0,0,0,0,0,0,0,0,0,0,0,0.00,0.00,0.00,0.00,0.0,0.0
2026-08-30T00:35:15+00:00,2026-08-29,daily,3,2026-09-04T17:30:00Z,138,Kostoulas,BHA,FWD,55,0,0,0.2,591,352,1975,2503,a,,,,,,,,0.5,0,1,26,0,0,0,0,0,0,2,0,1,1,0.18,0.00,0.18,0.10,0.5,0.5
2026-08-30T00:35:15+00:00,2026-08-29,daily,3,2026-09-04T17:30:00Z,139,Ferguson,BHA,FWD,50,0,0,0.0,115,137,433,760,i,Ankle injury - Expected back 10 Oct,2026-07-23T12:01:23.448357Z,0,0,,,,0.0,0,0,0,0,0,0,0,0,0,0,0,0,0,0.00,0.00,0.00,0.00,0.0,0.0
2026-08-30T00:35:15+00:00,2026-08-29,daily,3,2026-09-04T17:30:00Z,328,Struijk,BHA,DEF,50,0,0,0.2,252,307,1668,2861,a,,2026-08-15T20:30:07.523574Z,100,100,,,,0.0,0,0,0,0,0,0,0,0,0,0,0,0,0,0.00,0.00,0.00,0.00,0.0,0.0
2026-08-30T00:35:15+00:00,2026-08-29,daily,3,2026-09-04T17:30:00Z,504,Vuskovic,BHA,DEF,50,0,0,2.5,4540,2484,25726,14831,a,,,,,,,,3.0,0,6,90,1,0,0,1,0,0,4,4,0,2,0.13,0.03,0.16,0.29,3.0,3.0
2026-08-30T00:35:15+00:00,2026-08-29,daily,3,2026-09-04T17:30:00Z,594,David,BHA,FWD,60,0,0,0.3,676,633,3195,4774,a,,,,,2,,,0.0,0,0,0,0,0,0,0,0,0,0,0,0,0,0.00,0.00,0.00,0.00,0.0,0.0
2026-08-30T00:35:15+00:00,2026-08-29,daily,3,2026-09-04T17:30:00Z,600,Osman,BHA,MID,50,0,0,0.0,33,26,251,169,a,,,,,,,,0.5,0,1,12,0,0,0,0,0,0,2,0,0,2,0.00,0.05,0.05,0.00,0.5,0.5
2026-08-30T00:35:15+00:00,2026-08-29,daily,3,2026-09-04T17:30:00Z,605,Yalcouyé,BHA,MID,45,0,0,0.1,1004,324,5343,1276,a,,,,,,,,0.5,0,1,4,0,0,0,0,0,0,0,0,0,0,0.00,0.01,0.01,0.00,0.5,0.5
2026-08-30T00:35:15+00:00,2026-08-29,daily,3,2026-09-04T17:30:00Z,614,Hadjam,BHA,DEF,45,0,0,0.0,555,46,1561,100,a,,,,,,,,0.0,0,0,0,0,0,0,0,0,0,0,0,0,0,0.00,0.00,0.00,0.00,1.7,1.7
2026-08-30T00:35:15+00:00,2026-08-29,daily,3,2026-09-04T17:30:00Z,40,Rogers,CHE,MID,75,0,0,26.0,30111,30459,281962,102208,a,,,,,,,4,4.0,0,8,81,1,1,0,0,2,0,7,0,2,5,0.96,0.10,1.06,1.24,4.0,4.0
2026-08-30T00:35:15+00:00,2026-08-29,daily,3,2026-09-04T17:30:00Z,101,Henderson,CHE,MID,50,0,0,0.0,51,130,265,821,d,Wrist injury - 75% chance of playing,2026-08-09T09:30:07.136250Z,75,75,,,,0.0,0,0,0,0,0,0,0,0,0,0,0,0,0,0.00,0.00,0.00,0.00,0.0,0.0
2026-08-30T00:35:15+00:00,2026-08-29,daily,3,2026-09-04T17:30:00Z,136,Welbeck,CHE,FWD,60,0,0,1.0,2026,2284,5162,24709,a,,2026-08-20T14:00:07.949090Z,100,100,,,,0.0,0,0,0,0,0,0,0,0,0,0,0,0,0,0.00,0.00,0.00,0.00,0.0,0.0
2026-08-30T00:35:15+00:00,2026-08-29,daily,3,2026-09-04T17:30:00Z,140,Sánchez,CHE,GKP,50,0,0,2.1,827,5093,9751,32284,a,,,,,,,,1.0,0,2,90,1,0,0,0,2,4,0,1,0,5,0.00,0.01,0.01,1.33,1.0,1.0
2026-08-30T00:35:15+00:00,2026-08-29,daily,3,2026-09-04T17:30:00Z,141,Jörgensen,CHE,GKP,50,0,0,0.0,0,49,0,550,u,Has joined RC Strasbourg on loan for the rest of the season,2026-08-12T14:07:02.607115Z,0,0,,,,0.0,0,0,0,0,0,0,0,0,0,0,0,0,0,0.00,0.00,0.00,0.00,0.0,0.0
2026-08-30T00:35:15+00:00,2026-08-29,daily,3,2026-09-04T17:30:00Z,142,James,CHE,DEF,55,0,0,9.9,8303,13781,70828,95099,a,,,,,,1,1,0.0,0,0,90,1,0,0,0,2,0,6,6,0,4,0.10,0.07,0.17,1.33,0.0,0.0
2026-08-30T00:35:15+00:00,2026-08-29,daily,3,2026-09-04T17:30:00Z,143,Chalobah,CHE,DEF,55,0,0,0.1,0,826,0,8884,u,Has joined Como permanently,2026-08-10T14:03:50.769483Z,0,0,,,,0.0,0,0,0,0,0,0,0,0,0,0,0,0,0,0.00,0.00,0.00,0.00,0.0,0.0
2026-08-30T00:35:15+00:00,2026-08-29,daily,3,2026-09-04T17:30:00Z,144,Gusto,CHE,DEF,50,0,0,1.2,1831,1913,15156,12860,a,,,,,,,,0.5,0,1,75,1,0,0,0,2,0,3,2,1,4,0.00,0.03,0.03,1.11,0.5,0.5
2026-08-30T00:35:15+00:00,2026-08-29,daily,3,2026-09-04T17:30:00Z,145,Fofana,CHE,DEF,50,0,0,0.0,300,90,1113,351,a,,2026-07-23T12:01:23.464591Z,100,100,,,,0.0,0,0,0,0,0,0,0,0,0,0,0,0,0,0.00,0.00,0.00,0.00,0.0,0.0
2026-08-30T00:35:15+00:00,2026-08-29,daily,3,2026-09-04T17:30:00Z,146,B.Badiashile,CHE,DEF,45,0,0,0.0,0,204,232,1004,u,Has joined Napoli on loan for the rest of the season,2026-08-25T14:03:47.079414Z,0,0,,,,0.0,0,0,0,0,0,0,0,0,0,0,0,0,0,0.00,0.00,0.00,0.00,0.0,0.0
2026-08-30T00:35:15+00:00,2026-08-29,daily,3,2026-09-04T17:30:00Z,147,Tosin,CHE,DEF,45,0,0,0.2,40,224,303,2344,a,,,,,,,,0.0,0,0,0,0,0,0,0,0,0,0,0,0,0,0.00,0.00,0.00,0.00,0.0,0.0
2026-08-30T00:35:15+00:00,2026-08-29,daily,3,2026-09-04T17:30:00Z,148,Hato,CHE,DEF,45,0,0,0.5,562,712,4920,5196,a,,,,,,,,0.5,0,1,64,1,0,0,0,2,0,3,1,2,2,0.01,0.03,0.04,1.05,0.5,0.5
2026-08-30T00:35:15+00:00,2026-08-29,daily,3,2026-09-04T17:30:00Z,149,Colwill,CHE,DEF,50,0,0,1.5,1360,2889,11931,20668,a,,,,,,,,0.0,0,0,90,1,0,0,0,2,0,4,2,2,3,0.01,0.03,0.04,1.33,0.0,0.0
2026-08-30T00:35:15+00:00,2026-08-29,daily,3,2026-09-04T17:30:00Z,150,M.Sarr,CHE,DEF,45,0,0,0.1,24,904,429,1853,u,Has joined Real Sociedad on loan for the rest of the season,2026-08-29T00:34:23.077418Z,,0,,,,0.0,0,0,0,0,0,0,0,0,0,0,0,0,0,0.00,0.00,0.00,0.00,0.0,0.0
2026-08-30T00:35:15+00:00,2026-08-29,daily,3,2026-09-04T17:30:00Z,151,Acheampong,CHE,DEF,45,0,0,0.4,1546,705,9611,3839,a,,,,,,,,1.5,0,3,90,1,0,0,0,2,0,15,10,5,6,0.00,0.01,0.01,1.33,1.5,1.5
2026-08-30T00:35:15+00:00,2026-08-29,daily,3,2026-09-04T17:30:00Z,152,Palestra,CHE,DEF,54,-1,-1,2.0,183,11667,5143,81604,d,Unspecified injury - 75% chance of playing,2026-08-24T18:30:07.421239Z,75,75,,,,0.0,0,0,0,0,0,0,0,0,0,0,0,0,0,0.00,0.00,0.00,0.00,0.0,0.0
2026-08-30T00:35:15+00:00,2026-08-29,daily,3,2026-09-04T17:30:00Z,154,Palmer,CHE,MID,96,1,1,17.1,64156,11724,441028,43684,a,,2026-08-24T22:00:07.971542Z,100,100,1,3,,6.5,0,13,82,1,1,1,0,2,0,9,0,2,7,0.28,0.19,0.47,1.24,6.5,6.5
2026-08-30T00:35:15+00:00,2026-08-29,daily,3,2026-09-04T17:30:00Z,155,Enzo,CHE,MID,69,-1,-1,4.2,1510,15906,16464,105071,a,,,,,2,2,3,0.5,0,1,25,0,0,0,0,0,0,3,0,0,3,0.00,0.02,0.02,0.28,0.5,0.5
2026-08-30T00:35:15+00:00,2026-08-29,daily,3,2026-09-04T17:30:00Z,156,Neto,CHE,MID,65,0,0,1.2,774,3501,6409,26863,a,,,,,,4,2,0.5,0,1,14,0,0,0,0,0,0,4,0,1,3,0.03,0.07,0.10,0.22,0.5,0.5
2026-08-30T00:35:15+00:00,2026-08-29,daily,3,2026-09-04T17:30:00Z,157,Estêvão,CHE,MID,65,0,0,1.1,994,3707,6558,27491,a,,,,,3,,5,0.5,0,1,7,0,0,0,0,0,0,1,0,0,1,0.00,0.00,0.00,0.09,0.5,0.5
2026-08-30T00:35:15+00:00,2026-08-29,daily,3,2026-09-04T17:30:00Z,158,Gittens,CHE,MID,60,0,0,0.0,57,105,328,878,a,,,,,,,,0.0,0,0,0,0,0,0,0,0,0,0,0,0,0,0.00,0.00,0.00,0.00,0.0,0.0
2026-08-30T00:35:15+00:00,2026-08-29,daily,3,2026-09-04T17:30:00Z,159,Caicedo,CHE,MID,54,-1,-1,2.7,495,16247,9976,114570,d,Unspecified injury - 75% chance of playing,2026-08-24T18:30:07.431154Z,75,75,,,,0.0,0,0,0,0,0,0,0,0,0,0,0,0,0,0.00,0.00,0.00,0.00,0.0,0.0
2026-08-30T00:35:15+00:00,2026-08-29,daily,3,2026-09-04T17:30:00Z,161,Lavia,CHE,MID,50,0,0,0.1,214,148,1387,1067,a,,,,,,,,0.5,0,1,64,1,0,0,0,2,0,9,2,3,4,0.21,0.03,0.24,1.05,0.5,0.5
2026-08-30T00:35:15+00:00,2026-08-29,daily,3,2026-09-04T17:30:00Z,163,D.Essugo,CHE,MID,45,0,0,0.2,304,402,1556,3289,a,,,,,,,,0.0,0,0,0,0,0,0,0,0,0,0,0,0,0,0.00,0.00,0.00,0.00,0.0,0.0
2026-08-30T00:35:15+00:00,2026-08-29,daily,3,2026-09-04T17:30:00Z,164,Quenda,CHE,MID,55,0,0,0.0,51,150,282,970,a,,2026-07-24T20:30:10.609931Z,100,100,,,,0.5,0,1,8,0,0,0,0,0,0,1,1,0,0,0.00,0.00,0.00,0.09,0.5,0.5
2026-08-30T00:35:15+00:00,2026-08-29,daily,3,2026-09-04T17:30:00Z,165,João Pedro,CHE,FWD,76,0,1,68.5,41185,15647,446373,43812,a,,,,,,,,5.5,0,11,90,1,1,1,0,2,0,3,1,0,2,0.63,0.06,0.69,1.33,5.5,5.5
2026-08-30T00:35:15+00:00,2026-08-29,daily,3,2026-09-04T17:30:00Z,168,Marc Guiu,CHE,FWD,50,0,0,0.4,538,1020,2716,7166,a,,,,,,,,0.0,0,0,0,0,0,0,0,0,0,0,0,0,0,0.00,0.00,0.00,0.00,0.0,0.0
2026-08-30T00:35:15+00:00,2026-08-29,daily,3,2026-09-04T17:30:00Z,169,Mheuka,CHE,FWD,45,0,0,0.4,838,695,3767,5104,a,,,,,,,,0.0,0,0,0,0,0,0,0,0,0,0,0,0,0,0.00,0.00,0.00,0.00,0.0,0.0
2026-08-30T00:35:15+00:00,2026-08-29,daily,3,2026-09-04T17:30:00Z,170,Emegha,CHE,FWD,50,0,0,0.1,350,453,1800,2787,a,,2026-07-24T20:30:10.622380Z,100,100,,,,0.0,0,0,0,0,0,0,0,0,0,0,0,0,0,0.00,0.00,0.00,0.00,0.0,0.0
2026-08-30T00:35:15+00:00,2026-08-29,daily,3,2026-09-04T17:30:00Z,200,Lacroix,CHE,DEF,60,0,0,9.5,9894,9951,73416,54758,a,,,,,,,,3.0,0,6,90,1,0,1,0,2,0,12,7,5,2,0.00,0.20,0.20,1.33,3.0,3.0
2026-08-30T00:35:15+00:00,2026-08-29,daily,3,2026-09-04T17:30:00Z,560,Penders,CHE,GKP,45,0,0,0.1,86,143,481,908,a,,,,,,,,0.0,0,0,0,0,0,0,0,0,0,0,0,0,0,0.00,0.00,0.00,0.00,0.0,0.0
2026-08-30T00:35:15+00:00,2026-08-29,daily,3,2026-09-04T17:30:00Z,561,Anselmino,CHE,DEF,45,0,0,0.0,28,29,150,475,a,,2026-08-23T19:00:08.536705Z,100,100,,,,0.0,0,0,0,0,0,0,0,0,0,0,0,0,0,0.00,0.00,0.00,0.00,0.0,0.0
2026-08-30T00:35:15+00:00,2026-08-29,daily,3,2026-09-04T17:30:00Z,568,Barco,CHE,MID,55,0,0,0.1,301,248,829,1909,a,,,,,,,,0.0,0,0,0,0,0,0,0,0,0,0,0,0,0,0.00,0.00,0.00,0.00,0.0,0.0
2026-08-30T00:35:15+00:00,2026-08-29,daily,3,2026-09-04T17:30:00Z,578,Mudryk,CHE,MID,55,0,0,0.0,44,170,278,1146,a,,,,,,,,0.0,0,0,0,0,0,0,0,0,0,0,0,0,0,0.00,0.00,0.00,0.00,0.0,0.0
2026-08-30T00:35:15+00:00,2026-08-29,daily,3,2026-09-04T17:30:00Z,583,Chavarria,CHE,DEF,50,0,0,0.2,148,344,1229,2902,a,,,,,,,,0.5,0,1,25,0,0,0,0,0,0,1,1,0,1,0.00,0.00,0.00,0.28,0.5,0.5
2026-08-30T00:35:15+00:00,2026-08-29,daily,3,2026-09-04T17:30:00Z,91,Pinnock,COV,DEF,45,0,0,0.1,141,168,715,1139,a,,,,,,,,0.5,1,1,12,0,0,0,0,1,0,2,2,0,0,0.00,0.00,0.00,0.54,0.5,0.5
2026-08-30T00:35:15+00:00,2026-08-29,daily,3,2026-09-04T17:30:00Z,104,Onyeka,COV,MID,50,0,0,0.2,86,454,2542,2054,a,,,,,,,,1.0,0,2,90,1,0,0,0,3,0,9,3,1,5,0.00,0.01,0.01,1.88,1.0,1.0
2026-08-30T00:35:15+00:00,2026-08-29,daily,3,2026-09-04T17:30:00Z,110,Rushworth,COV,GKP,45,0,0,1.2,428,2485,12359,7157,a,,,,,,,,1.5,2,3,180,2,0,0,0,4,3,0,2,0,20,0.00,0.01,0.01,2.60,1.5,1.5
2026-08-30T00:35:15+00:00,2026-08-29,daily,3,2026-09-04T17:30:00Z,171,Dovin,COV,GKP,40,0,0,1.5,1073,1077,3707,7488,a,,,,,,,,0.0,0,0,0,0,0,0,0,0,0,0,0,0,0,0.00,0.00,0.00,0.00,0.0,0.0
2026-08-30T00:35:15+00:00,2026-08-29,daily,3,2026-09-04T17:30:00Z,172,Wilson,COV,GKP,45,0,0,0.5,28,531,255,3971,a,,,,,,,,0.0,0,0,0,0,0,0,0,0,0,0,0,0,0,0.00,0.00,0.00,0.00,0.0,0.0
2026-08-30T00:35:15+00:00,2026-08-29,daily,3,2026-09-04T17:30:00Z,173,Thomas,COV,DEF,40,0,0,7.9,8167,5990,46278,29880,a,,,,,,,,5.5,8,11,167,2,0,0,1,3,0,19,18,1,8,0.02,0.02,0.04,2.06,5.5,5.5
2026-08-30T00:35:15+00:00,2026-08-29,daily,3,2026-09-04T17:30:00Z,174,Kitching,COV,DEF,40,0,0,0.6,83,671,603,5457,a,,,,,,,,0.0,0,0,0,0,0,0,0,0,0,0,0,0,0,0.00,0.00,0.00,0.00,0.0,0.0
2026-08-30T00:35:15+00:00,2026-08-29,daily,3,2026-09-04T17:30:00Z,175,van Ewijk,COV,DEF,40,0,0,12.8,5491,14533,39942,64391,a,,,,,,,,1.5,2,3,180,2,0,0,0,4,0,9,7,2,6,0.00,0.20,0.20,2.60,1.5,1.5
2026-08-30T00:35:15+00:00,2026-08-29,daily,3,2026-09-04T17:30:00Z,176,Dasilva,COV,DEF,40,0,0,0.8,249,687,3473,4741,a,,,,,,,,1.5,2,3,180,2,0,0,0,4,0,9,7,2,4,0.18,0.07,0.25,2.60,1.5,1.5
2026-08-30T00:35:15+00:00,2026-08-29,daily,3,2026-09-04T17:30:00Z,177,Kesler-Hayden,COV,DEF,40,0,0,0.1,16,246,184,996,i,Hamstring injury - Unknown return date,2026-08-27T14:56:28.704361Z,0,0,,,,0.0,0,0,0,0,0,0,0,0,0,0,0,0,0,0.00,0.00,0.00,0.00,0.0,0.0
2026-08-30T00:35:15+00:00,2026-08-29,daily,3,2026-09-04T17:30:00Z,178,Bidwell,COV,DEF,40,0,0,0.1,36,125,542,869,a,,,,,,,,0.0,0,0,0,0,0,0,0,0,0,0,0,0,0,0.00,0.00,0.00,0.00,0.0,0.0
2026-08-30T00:35:15+00:00,2026-08-29,daily,3,2026-09-04T17:30:00Z,179,Latibeaudiere,COV,DEF,40,0,0,0.0,34,53,194,473,a,,,,,,,,0.0,0,0,0,0,0,0,0,0,0,0,0,0,0,0.00,0.00,0.00,0.00,0.0,0.0
2026-08-30T00:35:15+00:00,2026-08-29,daily,3,2026-09-04T17:30:00Z,180,Woolfenden,COV,DEF,40,0,0,0.2,54,662,1000,2890,i,Knee injury - Unknown return date,2026-08-27T14:56:28.718566Z,0,0,,,,0.0,0,0,0,0,0,0,0,0,0,0,0,0,0,0.00,0.00,0.00,0.00,0.0,0.0
2026-08-30T00:35:15+00:00,2026-08-29,daily,3,2026-09-04T17:30:00Z,181,Brau,COV,DEF,40,0,0,0.0,19,219,275,557,u,Has joined Academico de Viseu on loan for the rest of the season,2026-08-29T00:35:59.980316Z,,0,,,,0.0,0,0,0,0,0,0,0,0,0,0,0,0,0,0.00,0.00,0.00,0.00,0.0,0.0
2026-08-30T00:35:15+00:00,2026-08-29,daily,3,2026-09-04T17:30:00Z,182,Amenda,COV,DEF,40,0,0,0.8,266,1027,3594,5538,a,,,,,,,,1.0,1,2,180,2,0,0,0,4,0,13,13,0,5,0.02,0.05,0.07,2.60,1.0,1.0
2026-08-30T00:35:15+00:00,2026-08-29,daily,3,2026-09-04T17:30:00Z,183,Rudoni,COV,MID,50,0,0,0.1,152,308,1402,1607,a,,2026-07-23T12:01:23.481435Z,100,100,,1,4,2.0,3,4,90,1,0,0,1,0,0,11,1,2,8,0.21,0.09,0.30,0.31,2.0,2.0
2026-08-30T00:35:15+00:00,2026-08-29,daily,3,2026-09-04T17:30:00Z,184,Grimes,COV,MID,50,0,0,0.2,111,437,2401,2053,a,,,,,3,,1,2.0,2,4,180,2,0,0,0,4,0,17,5,0,12,0.01,0.05,0.06,2.60,2.0,2.0
2026-08-30T00:35:15+00:00,2026-08-29,daily,3,2026-09-04T17:30:00Z,185,Sakamoto,COV,MID,50,0,0,0.1,27,218,164,1673,a,,,,,,,,0.5,1,1,31,0,0,0,0,1,0,4,0,2,2,0.02,0.02,0.04,0.69,0.5,0.5
2026-08-30T00:35:15+00:00,2026-08-29,daily,3,2026-09-04T17:30:00Z,186,Mason-Clark,COV,MID,55,0,0,0.1,64,239,553,1817,a,,2026-08-19T18:00:08.310507Z,100,100,,,,0.5,1,1,57,1,0,0,0,0,0,4,2,0,2,0.00,0.06,0.06,0.02,0.5,0.5
2026-08-30T00:35:15+00:00,2026-08-29,daily,3,2026-09-04T17:30:00Z,187,Eccles,COV,MID,50,0,0,0.0,15,58,84,357,a,,,,,,,,0.0,0,0,0,0,0,0,0,0,0,0,0,0,0,0.00,0.00,0.00,0.00,0.0,0.0
2026-08-30T00:35:15+00:00,2026-08-29,daily,3,2026-09-04T17:30:00Z,188,Torp,COV,MID,55,0,0,0.2,20,399,569,2223,a,,,,,2,2,2,1.0,1,2,47,0,0,0,0,1,0,3,1,0,2,0.00,0.12,0.12,1.01,1.0,1.0
2026-08-30T00:35:15+00:00,2026-08-29,daily,3,2026-09-04T17:30:00Z,189,Shepherd,COV,MID,45,0,0,0.3,193,467,1206,3638,a,,,,,,,,0.0,0,0,0,0,0,0,0,0,0,0,0,0,0,0.00,0.00,0.00,0.00,0.0,0.0
2026-08-30T00:35:15+00:00,2026-08-29,daily,3,2026-09-04T17:30:00Z,190,Tchaouna,COV,MID,55,0,0,0.2,41,344,2803,1795,a,,,,,,,,1.5,1,3,139,2,0,0,0,3,0,14,5,1,8,0.09,0.15,0.24,1.78,1.5,1.5
2026-08-30T00:35:15+00:00,2026-08-29,daily,3,2026-09-04T17:30:00Z,191,Borges Rodrigues,COV,MID,45,0,0,0.2,236,318,916,2191,a,,,,,,,,0.0,0,0,0,0,0,0,0,0,0,0,0,0,0,0.00,0.00,0.00,0.00,0.0,0.0
2026-08-30T00:35:15+00:00,2026-08-29,daily,3,2026-09-04T17:30:00Z,192,Andrews,COV,MID,45,0,0,0.6,142,3744,2718,10938,u,Has joined Oxford United on loan for the rest of the season,2026-08-29T00:35:59.998520Z,,0,,,,0.0,0,0,0,0,0,0,0,0,0,0,0,0,0,0.00,0.00,0.00,0.00,0.0,0.0
2026-08-30T00:35:15+00:00,2026-08-29,daily,3,2026-09-04T17:30:00Z,193,Wright,COV,FWD,55,0,0,0.1,21,695,128,6120,i,Thigh injury - Unknown return date,2026-08-14T22:00:07.214508Z,0,0,1,,,0.0,0,0,0,0,0,0,0,0,0,0,0,0,0,0.00,0.00,0.00,0.00,0.0,0.0
2026-08-30T00:35:15+00:00,2026-08-29,daily,3,2026-09-04T17:30:00Z,194,Thomas-Asante,COV,FWD,50,0,0,0.8,2580,1980,17174,9868,a,,,,,4,,,1.5,1,3,101,1,0,0,0,4,0,8,5,0,3,0.00,0.02,0.02,2.29,1.5,1.5
2026-08-30T00:35:15+00:00,2026-08-29,daily,3,2026-09-04T17:30:00Z,195,Simms,COV,FWD,50,0,0,1.0,2473,2788,22409,12391,a,,,,,,,,1.0,0,2,69,1,0,0,0,3,0,3,1,0,2,0.00,0.01,0.01,1.60,1.0,1.0
2026-08-30T00:35:15+00:00,2026-08-29,daily,3,2026-09-04T17:30:00Z,196,Markelo,COV,FWD,50,0,0,0.0,0,61,0,651,u,Has joined Shabab Al-Ahli Dubai permanently,2026-08-17T13:53:55.791223Z,0,0,,,,0.0,0,0,0,0,0,0,0,0,0,0,0,0,0,0.00,0.00,0.00,0.00,0.0,0.0
2026-08-30T00:35:15+00:00,2026-08-29,daily,3,2026-09-04T17:30:00Z,197,Bassette,COV,FWD,45,0,0,0.0,0,124,0,912,u,Has joined KVC Westerlo on loan for the rest of the season,2026-07-28T12:58:50.001768Z,0,0,,,,0.0,0,0,0,0,0,0,0,0,0,0,0,0,0,0.00,0.00,0.00,0.00,0.0,0.0
2026-08-30T00:35:15+00:00,2026-08-29,daily,3,2026-09-04T17:30:00Z,492,Awoniyi,COV,FWD,55,0,0,0.8,778,2009,9432,11302,a,,,,,5,,,1.5,2,3,110,1,0,0,0,1,0,4,1,0,3,0.93,0.03,0.96,1.01,1.5,1.5
2026-08-30T00:35:15+00:00,2026-08-29,daily,3,2026-09-04T17:30:00Z,575,Yirenkyi,COV,MID,50,0,0,0.2,126,518,1123,3093,a,,,,,,,,2.0,3,4,131,2,0,0,1,3,0,10,3,0,7,0.03,0.13,0.16,1.58,2.0,2.0
2026-08-30T00:35:15+00:00,2026-08-29,daily,3,2026-09-04T17:30:00Z,584,Hamer,COV,MID,55,0,0,0.1,49,293,435,1721,a,,,,,,,3,1.0,1,2,27,0,0,0,0,1,0,1,0,0,1,0.00,0.02,0.02,0.82,1.0,1.0
2026-08-30T00:35:15+00:00,2026-08-29,daily,3,2026-09-04T17:30:00Z,599,Cherif,COV,FWD,50,0,0,0.1,349,293,2073,1687,a,,,,,,,,0.0,0,0,0,0,0,0,0,0,0,0,0,0,0,0.00,0.00,0.00,0.00,0.0,0.0
2026-08-30T00:35:15+00:00,2026-08-29,daily,3,2026-09-04T17:30:00Z,623,Bentley,COV,GKP,40,0,0,0.0,272,21,272,21,a,,,,,,,,0.0,0,0,0,0,0,0,0,0,0,0,0,0,0,0.00,0.00,0.00,0.00,1.0,1.0
2026-08-30T00:35:15+00:00,2026-08-29,daily,3,2026-09-04T17:30:00Z,42,Guessand,CRY,MID,55,0,0,0.0,122,206,605,829,a,,,,,,,,1.0,1,2,54,0,0,0,0,1,0,2,1,1,0,0.03,0.03,0.06,0.34,1.0,1.0
2026-08-30T00:35:15+00:00,2026-08-29,daily,3,2026-09-04T17:30:00Z,153,Disasi,CRY,DEF,45,0,0,0.1,203,145,728,993,a,,,,,,,,0.5,1,1,16,0,0,0,0,1,0,1,0,1,1,0.00,0.00,0.00,0.20,0.5,0.5
2026-08-30T00:35:15+00:00,2026-08-29,daily,3,2026-09-04T17:30:00Z,198,Henderson,CRY,GKP,50,0,0,1.8,1743,2381,7647,16155,a,,2026-08-20T14:00:08.018379Z,100,100,,,,1.5,1,3,180,2,0,0,0,6,7,0,5,0,24,0.00,0.00,0.00,3.33,1.5,1.5
2026-08-30T00:35:15+00:00,2026-08-29,daily,3,2026-09-04T17:30:00Z,199,Benitez,CRY,GKP,45,0,0,0.1,88,181,556,1557,a,,,,,,,,0.0,0,0,0,0,0,0,0,0,0,0,0,0,0,0.00,0.00,0.00,0.00,0.0,0.0
2026-08-30T00:35:15+00:00,2026-08-29,daily,3,2026-09-04T17:30:00Z,201,Muñoz,CRY,DEF,55,0,0,7.9,2690,37613,18335,163039,a,,,,,,,,0.0,0,0,54,1,0,0,0,2,0,4,3,1,1,0.23,0.01,0.24,0.84,0.0,0.0
2026-08-30T00:35:15+00:00,2026-08-29,daily,3,2026-09-04T17:30:00Z,202,Richards,CRY,DEF,50,0,0,0.7,753,1654,4961,8108,a,,,,,,,,1.5,0,3,180,2,0,0,0,6,0,22,18,4,3,0.04,0.00,0.04,3.33,1.5,1.5
2026-08-30T00:35:15+00:00,2026-08-29,daily,3,2026-09-04T17:30:00Z,203,Canvot,CRY,DEF,50,0,0,0.3,228,805,1049,4826,a,,,,,,,,0.5,0,1,180,2,0,0,0,6,0,15,10,5,4,0.05,0.01,0.06,3.33,0.5,0.5
2026-08-30T00:35:15+00:00,2026-08-29,daily,3,2026-09-04T17:30:00Z,204,Mitchell,CRY,DEF,45,0,0,5.4,1247,9490,7212,59829,a,,,,,,,,0.5,0,1,180,2,0,0,0,6,0,10,6,4,5,0.11,0.17,0.28,3.33,0.5,0.5
2026-08-30T00:35:15+00:00,2026-08-29,daily,3,2026-09-04T17:30:00Z,205,Sosa,CRY,DEF,45,0,0,0.0,22,61,148,413,a,,,,,,,,0.0,0,0,0,0,0,0,0,0,0,0,0,0,0,0.00,0.00,0.00,0.00,0.0,0.0
2026-08-30T00:35:15+00:00,2026-08-29,daily,3,2026-09-04T17:30:00Z,206,Chadi Riad,CRY,DEF,44,-1,-1,0.0,42,417,362,3260,i,Knee injury - Unknown return date,2026-08-22T18:00:07.352049Z,0,0,,,,0.5,0,1,72,1,0,0,0,2,0,7,6,1,3,0.00,0.01,0.01,0.98,0.0,0.0
2026-08-30T00:35:15+00:00,2026-08-29,daily,3,2026-09-04T17:30:00Z,207,Mingueza,CRY,DEF,45,0,0,0.1,53,180,252,1460,a,,,,,,,,0.5,1,1,15,0,0,0,0,1,0,1,0,1,0,0.00,0.00,0.00,0.20,0.5,0.5
2026-08-30T00:35:15+00:00,2026-08-29,daily,3,2026-09-04T17:30:00Z,208,Sarr,CRY,MID,64,0,-1,2.1,62,25224,2164,231802,i,Groin injury - Unknown return date,2026-08-22T18:00:07.363165Z,0,0,2,,,0.0,0,0,0,0,0,0,0,0,0,0,0,0,0,0.00,0.00,0.00,0.00,0.0,0.0
2026-08-30T00:35:15+00:00,2026-08-29,daily,3,2026-09-04T17:30:00Z,210,Wharton,CRY,MID,55,0,0,0.9,2093,1922,8803,9722,a,,2026-07-23T12:01:23.498963Z,100,100,,,2,3.0,2,6,180,2,0,0,0,6,0,21,4,6,11,0.00,0.31,0.31,3.33,3.0,3.0
2026-08-30T00:35:15+00:00,2026-08-29,daily,3,2026-09-04T17:30:00Z,211,Yeremy,CRY,MID,55,0,0,0.2,996,338,1310,2796,a,,,,,,1,1,3.0,5,6,102,1,0,1,0,3,0,15,2,4,9,0.11,0.09,0.20,2.28,3.0,3.0
2026-08-30T00:35:15+00:00,2026-08-29,daily,3,2026-09-04T17:30:00Z,212,Hughes,CRY,MID,45,0,0,10.5,4789,18064,24971,108244,a,,,,,,,4,0.0,0,0,0,0,0,0,0,0,0,0,0,0,0,0.00,0.00,0.00,0.00,0.0,0.0
2026-08-30T00:35:15+00:00,2026-08-29,daily,3,2026-09-04T17:30:00Z,213,Lerma,CRY,MID,50,0,0,0.1,36,297,240,1747,a,,,,,,,,0.0,0,0,0,0,0,0,0,0,0,0,0,0,0,0.00,0.00,0.00,0.00,0.0,0.0
2026-08-30T00:35:15+00:00,2026-08-29,daily,3,2026-09-04T17:30:00Z,214,Kamada,CRY,MID,50,0,0,0.3,806,592,2750,3686,a,,,,,,,3,2.5,2,5,180,2,0,0,0,6,0,23,4,9,10,0.05,0.29,0.34,3.33,2.5,2.5
2026-08-30T00:35:15+00:00,2026-08-29,daily,3,2026-09-04T17:30:00Z,215,Devenny,CRY,MID,50,0,0,0.0,15,30,84,206,a,,,,,3,2,,0.0,0,0,0,0,0,0,0,0,0,0,0,0,0,0.00,0.00,0.00,0.00,0.0,0.0
2026-08-30T00:35:15+00:00,2026-08-29,daily,3,2026-09-04T17:30:00Z,216,Esse,CRY,MID,50,0,0,0.0,43,120,254,710,a,,,,,,,,0.0,0,0,0,0,0,0,0,0,0,0,0,0,0,0.00,0.00,0.00,0.00,0.0,0.0
2026-08-30T00:35:15+00:00,2026-08-29,daily,3,2026-09-04T17:30:00Z,217,M.França,CRY,MID,49,-1,-1,0.0,216,205,233,919,a,,,,,,,,0.0,0,0,0,0,0,0,0,0,0,0,0,0,0,0.00,0.00,0.00,0.00,0.0,0.0
2026-08-30T00:35:15+00:00,2026-08-29,daily,3,2026-09-04T17:30:00Z,218,Doucouré,CRY,MID,50,0,0,0.1,55,229,303,1288,a,,,,,,,,0.0,0,0,0,0,0,0,0,0,0,0,0,0,0,0.00,0.00,0.00,0.00,0.0,0.0
2026-08-30T00:35:15+00:00,2026-08-29,daily,3,2026-09-04T17:30:00Z,219,J.Rak-Sakyi,CRY,MID,50,0,0,0.0,5,14,44,104,a,,,,,,,,0.0,0,0,0,0,0,0,0,0,0,0,0,0,0,0.00,0.00,0.00,0.00,0.0,0.0
2026-08-30T00:35:15+00:00,2026-08-29,daily,3,2026-09-04T17:30:00Z,220,Cardines,CRY,DEF,45,0,0,0.0,0,7,0,72,u,Has joined Bristol City on loan for the rest of the season,2026-08-12T14:08:46.501813Z,0,0,,,,0.0,0,0,0,0,0,0,0,0,0,0,0,0,0,0.00,0.00,0.00,0.00,0.0,0.0
2026-08-30T00:35:15+00:00,2026-08-29,daily,3,2026-09-04T17:30:00Z,221,Drakes-Thomas,CRY,MID,45,0,0,0.1,110,184,509,1172,a,,,,,,,,0.0,0,0,0,0,0,0,0,0,0,0,0,0,0,0.00,0.00,0.00,0.00,0.0,0.0
2026-08-30T00:35:15+00:00,2026-08-29,daily,3,2026-09-04T17:30:00Z,222,Strand Larsen,CRY,FWD,60,0,0,0.5,1592,1227,3102,8998,a,,,,,,,,1.5,2,3,89,1,0,0,0,3,0,4,2,1,1,0.30,0.01,0.31,2.15,1.5,1.5
2026-08-30T00:35:15+00:00,2026-08-29,daily,3,2026-09-04T17:30:00Z,223,Mateta,CRY,FWD,65,0,0,4.5,775,64912,24726,137345,i,Hamstring injury - Expected back 11 Oct,2026-08-28T21:00:08.020382Z,,0,1,,,1.0,0,2,62,1,0,0,0,2,0,5,1,2,2,0.70,0.02,0.72,0.98,1.0,0.0
2026-08-30T00:35:15+00:00,2026-08-29,daily,3,2026-09-04T17:30:00Z,224,Nketiah,CRY,FWD,55,0,0,0.5,1717,1059,4980,6839,a,,,,,,,,1.5,2,3,122,2,0,0,0,5,0,9,2,3,4,0.96,0.58,1.54,2.85,1.5,1.5
2026-08-30T00:35:15+00:00,2026-08-29,daily,3,2026-09-04T17:30:00Z,225,Uche,CRY,FWD,50,0,0,0.0,0,0,0,0,u,has returned to Getafe CF,2026-07-23T12:18:56.275922Z,0,0,,,,0.0,0,0,0,0,0,0,0,0,0,0,0,0,0,0.00,0.00,0.00,0.00,0.0,0.0
2026-08-30T00:35:15+00:00,2026-08-29,daily,3,2026-09-04T17:30:00Z,241,McNeil,CRY,MID,55,0,0,0.2,116,373,588,2201,a,,,,,,,,1.5,1,3,84,1,0,0,0,3,0,7,4,0,3,0.05,0.02,0.07,1.18,1.5,1.5
2026-08-30T00:35:15+00:00,2026-08-29,daily,3,2026-09-04T17:30:00Z,555,Matthews,CRY,GKP,40,0,0,1.9,2021,1155,7966,7390,a,,,,,,,,0.0,0,0,0,0,0,0,0,0,0,0,0,0,0,0.00,0.00,0.00,0.00,0.0,0.0
2026-08-30T00:35:15+00:00,2026-08-29,daily,3,2026-09-04T17:30:00Z,577,Tomiyasu,CRY,DEF,45,0,0,0.3,237,399,1066,3066,a,,,,,,,,1.0,1,2,91,1,0,0,0,3,0,9,8,1,4,0.00,0.01,0.01,2.15,1.0,1.0
2026-08-30T00:35:15+00:00,2026-08-29,daily,3,2026-09-04T17:30:00Z,588,Khalaili,CRY,DEF,50,0,0,0.1,437,155,899,982,a,,,,,,,,1.5,2,3,109,1,0,0,0,3,0,23,9,14,8,0.02,0.16,0.18,2.28,1.5,1.5
2026-08-30T00:35:15+00:00,2026-08-29,daily,3,2026-09-04T17:30:00Z,595,Gozo,CRY,MID,50,0,0,0.0,30,29,131,202,a,,,,,,,,0.5,1,1,22,0,0,0,0,1,0,1,0,1,0,0.00,0.00,0.00,0.20,0.5,0.5
2026-08-30T00:35:15+00:00,2026-08-29,daily,3,2026-09-04T17:30:00Z,21,Nørgaard,EVE,MID,50,0,0,0.1,20,362,122,3228,i,Groin injury - Unknown return date,2026-08-15T20:00:06.779594Z,0,0,,,,0.0,0,0,0,0,0,0,0,0,0,0,0,0,0,0.00,0.00,0.00,0.00,0.0,0.0
2026-08-30T00:35:15+00:00,2026-08-29,daily,3,2026-09-04T17:30:00Z,209,Johnson,EVE,MID,60,0,0,0.2,147,473,879,3053,a,,,,,,,,1.0,1,2,34,0,0,0,0,0,0,4,2,1,1,0.00,0.00,0.00,1.87,1.0,1.0
2026-08-30T00:35:15+00:00,2026-08-29,daily,3,2026-09-04T17:30:00Z,226,Pickford,EVE,GKP,55,0,0,8.9,10378,6999,73917,35189,a,,,,,,,,5.0,3,10,180,2,0,0,1,1,8,0,4,0,23,0.00,0.02,0.02,4.12,5.0,5.0
2026-08-30T00:35:15+00:00,2026-08-29,daily,3,2026-09-04T17:30:00Z,227,Travers,EVE,GKP,50,0,0,0.0,41,80,331,483,a,,,,,,,,0.0,0,0,0,0,0,0,0,0,0,0,0,0,0,0.00,0.00,0.00,0.00,0.0,0.0
2026-08-30T00:35:15+00:00,2026-08-29,daily,3,2026-09-04T17:30:00Z,228,King,EVE,GKP,45,0,0,0.0,43,75,286,454,a,,,,,,,,0.0,0,0,0,0,0,0,0,0,0,0,0,0,0,0.00,0.00,0.00,0.00,0.0,0.0
2026-08-30T00:35:15+00:00,2026-08-29,daily,3,2026-09-04T17:30:00Z,229,Tarkowski,EVE,DEF,60,0,0,8.8,20567,8483,63303,45549,a,,,,,,,,9.0,12,18,180,2,1,0,1,1,0,19,17,2,7,0.15,0.01,0.16,4.12,9.0,9.0
2026-08-30T00:35:15+00:00,2026-08-29,daily,3,2026-09-04T17:30:00Z,230,Branthwaite,EVE,DEF,55,0,0,1.8,2645,2075,21748,10993,a,,,,,,,,5.0,4,10,180,2,0,0,1,1,0,20,17,3,5,0.09,0.02,0.11,4.12,5.0,5.0
2026-08-30T00:35:15+00:00,2026-08-29,daily,3,2026-09-04T17:30:00Z,231,Keane,EVE,DEF,50,0,0,1.3,342,4591,3602,29476,a,,,,,,,,0.0,0,0,0,0,0,0,0,0,0,0,0,0,0,0.00,0.00,0.00,0.00,0.0,0.0
2026-08-30T00:35:15+00:00,2026-08-29,daily,3,2026-09-04T17:30:00Z,232,O'Brien,EVE,DEF,50,0,0,0.4,148,1166,1551,8895,a,,,,,,,,0.0,0,0,0,0,0,0,0,0,0,0,0,0,0,0.00,0.00,0.00,0.00,0.0,0.0
2026-08-30T00:35:15+00:00,2026-08-29,daily,3,2026-09-04T17:30:00Z,233,Mykolenko,EVE,DEF,45,0,0,1.7,4474,1914,26258,10984,a,,,,,,,,5.0,4,10,180,2,0,0,1,1,0,16,15,1,11,0.00,0.06,0.06,4.12,5.0,5.0
2026-08-30T00:35:15+00:00,2026-08-29,daily,3,2026-09-04T17:30:00Z,234,Patterson,EVE,DEF,45,0,0,0.0,38,52,245,421,a,,,,,,,,0.0,0,0,0,0,0,0,0,0,0,0,0,0,0,0.00,0.00,0.00,0.00,0.0,0.0
2026-08-30T00:35:15+00:00,2026-08-29,daily,3,2026-09-04T17:30:00Z,235,Aznou,EVE,DEF,40,0,0,0.2,188,291,1197,1979,a,,,,,,,,0.0,0,0,0,0,0,0,0,0,0,0,0,0,0,0.00,0.00,0.00,0.00,0.0,0.0
2026-08-30T00:35:15+00:00,2026-08-29,daily,3,2026-09-04T17:30:00Z,236,Dewsbury-Hall,EVE,MID,65,0,0,4.7,10945,9807,143592,36758,a,,,,,,,2,6.5,2,13,180,2,1,0,1,1,0,18,1,5,12,0.18,0.33,0.51,4.08,6.5,6.5
2026-08-30T00:35:15+00:00,2026-08-29,daily,3,2026-09-04T17:30:00Z,237,Ndiaye,EVE,MID,60,0,0,15.9,17052,24256,139740,84276,a,,,,,1,,,6.5,4,13,180,2,0,1,1,1,0,25,5,5,15,0.26,0.39,0.65,4.12,6.5,6.5
2026-08-30T00:35:15+00:00,2026-08-29,daily,3,2026-09-04T17:30:00Z,239,Garner,EVE,MID,60,0,0,0.1,468,451,2001,2100,a,,2026-07-25T14:30:10.455878Z,100,100,3,1,1,1.0,1,2,72,1,0,0,0,1,0,11,0,4,7,0.00,0.03,0.03,0.92,1.0,1.0
2026-08-30T00:35:15+00:00,2026-08-29,daily,3,2026-09-04T17:30:00Z,240,Iroegbunam,EVE,MID,50,0,0,0.0,9,36,30,384,a,,2026-08-15T20:00:06.878792Z,0,100,,,,0.5,1,1,4,0,0,0,0,0,0,0,0,0,0,0.00,0.00,0.00,0.00,0.0,0.5
2026-08-30T00:35:15+00:00,2026-08-29,daily,3,2026-09-04T17:30:00Z,242,George,EVE,MID,55,0,0,0.3,317,546,2590,3028,a,,,,,,,,2.5,2,5,144,2,0,0,1,1,0,9,3,1,5,0.23,0.09,0.32,2.25,2.5,2.5
2026-08-30T00:35:15+00:00,2026-08-29,daily,3,2026-09-04T17:30:00Z,243,Alcaraz,EVE,MID,50,0,0,0.1,128,251,881,1389,a,,,,,,,,0.5,0,1,5,0,0,0,0,0,0,3,0,1,2,0.05,0.02,0.07,0.04,0.5,0.5
2026-08-30T00:35:15+00:00,2026-08-29,daily,3,2026-09-04T17:30:00Z,244,Armstrong,EVE,MID,50,0,0,0.3,3505,720,16291,3187,a,,,,,,,,5.0,2,10,176,2,0,1,1,1,0,25,6,5,14,0.00,0.07,0.07,4.12,5.0,5.0
2026-08-30T00:35:15+00:00,2026-08-29,daily,3,2026-09-04T17:30:00Z,245,Dibling,EVE,MID,55,0,0,0.0,33,102,234,853,a,,,,,,,,0.0,0,0,0,0,0,0,0,0,0,0,0,0,0,0.00,0.00,0.00,0.00,0.0,0.0
2026-08-30T00:35:15+00:00,2026-08-29,daily,3,2026-09-04T17:30:00Z,246,Röhl,EVE,MID,50,0,0,0.1,84,121,602,757,a,,,,,,,,2.5,2,5,175,2,0,0,1,1,0,18,4,5,9,0.00,0.07,0.07,4.12,2.5,2.5
2026-08-30T00:35:15+00:00,2026-08-29,daily,3,2026-09-04T17:30:00Z,247,Hackney,EVE,MID,55,0,0,0.2,51,841,895,4043,a,,2026-08-26T22:00:07.797766Z,50,100,,,3,2.0,1,4,106,1,0,0,1,0,0,10,3,2,5,0.01,0.02,0.03,3.20,1.0,2.0
2026-08-30T00:35:15+00:00,2026-08-29,daily,3,2026-09-04T17:30:00Z,248,Beto,EVE,FWD,55,0,0,2.2,1308,6866,9017,49677,a,,,,,4,,,1.0,1,2,31,0,0,0,0,0,0,1,1,0,0,0.09,0.00,0.09,1.92,1.0,1.0
2026-08-30T00:35:15+00:00,2026-08-29,daily,3,2026-09-04T17:30:00Z,249,Barry,EVE,FWD,55,0,0,3.8,26665,9110,176930,31538,a,,,,,2,,,5.0,2,10,147,2,1,0,1,1,0,6,2,1,3,1.93,0.09,2.02,2.20,5.0,5.0
2026-08-30T00:35:15+00:00,2026-08-29,daily,3,2026-09-04T17:30:00Z,250,Leno,FUL,GKP,45,0,0,3.0,2715,2162,14889,13691,a,,,,,,,,1.0,0,2,90,1,0,0,0,3,3,0,1,0,9,0.00,0.00,0.00,2.24,1.0,1.0
2026-08-30T00:35:15+00:00,2026-08-29,daily,3,2026-09-04T17:30:00Z,251,Lecomte,FUL,GKP,40,0,0,1.2,649,578,2141,4706,a,,,,,,,,0.0,0,0,0,0,0,0,0,0,0,0,0,0,0,0.00,0.00,0.00,0.00,0.0,0.0
2026-08-30T00:35:15+00:00,2026-08-29,daily,3,2026-09-04T17:30:00Z,252,McNally,FUL,GKP,40,0,0,0.2,530,129,1335,749,a,,,,,,,,0.0,0,0,0,0,0,0,0,0,0,0,0,0,0,0.00,0.00,0.00,0.00,0.0,0.0
2026-08-30T00:35:15+00:00,2026-08-29,daily,3,2026-09-04T17:30:00Z,253,Andersen,FUL,DEF,50,0,0,0.1,805,202,3119,832,a,,2026-07-23T12:01:23.516350Z,100,100,,,,0.0,0,0,0,0,0,0,0,0,0,0,0,0,0,0.00,0.00,0.00,0.00,0.0,0.0
2026-08-30T00:35:15+00:00,2026-08-29,daily,3,2026-09-04T17:30:00Z,254,Robinson,FUL,DEF,45,0,0,1.7,1578,1509,12759,10938,a,,,,,2,,,0.5,0,1,81,1,0,0,0,3,0,7,4,3,5,0.13,0.04,0.17,2.21,0.5,0.5
2026-08-30T00:35:15+00:00,2026-08-29,daily,3,2026-09-04T17:30:00Z,255,J.Cuenca,FUL,DEF,45,0,0,0.0,112,62,893,321,a,,,,,,,,1.5,0,3,90,1,0,0,0,3,0,10,9,1,3,0.00,0.03,0.03,2.24,1.5,1.5
2026-08-30T00:35:15+00:00,2026-08-29,daily,3,2026-09-04T17:30:00Z,256,Tete,FUL,DEF,45,0,0,0.3,44,226,382,2287,a,,,,,,,,0.0,0,0,0,0,0,0,0,0,0,0,0,0,0,0.00,0.00,0.00,0.00,0.0,0.0
2026-08-30T00:35:15+00:00,2026-08-29,daily,3,2026-09-04T17:30:00Z,257,Bassey,FUL,DEF,45,0,0,0.8,786,845,7649,6887,a,,,,,,,,0.0,0,0,90,1,0,0,0,3,0,4,3,1,4,0.02,0.02,0.04,2.24,0.0,0.0
2026-08-30T00:35:15+00:00,2026-08-29,daily,3,2026-09-04T17:30:00Z,258,Castagne,FUL,DEF,45,0,0,0.5,1762,466,13858,3081,a,,,,,,,,3.0,0,6,90,1,0,2,0,3,0,6,5,1,4,0.09,0.18,0.27,2.24,3.0,3.0
2026-08-30T00:35:15+00:00,2026-08-29,daily,3,2026-09-04T17:30:00Z,261,Iwobi,FUL,MID,55,0,0,1.0,982,1717,7077,11113,a,,,,,3,1,1,1.0,0,2,90,1,0,0,0,3,0,10,3,1,6,0.00,0.04,0.04,2.24,1.0,1.0
2026-08-30T00:35:15+00:00,2026-08-29,daily,3,2026-09-04T17:30:00Z,262,Smith Rowe,FUL,MID,55,0,0,0.4,255,684,1669,5432,a,,,,,,,,0.0,0,0,0,0,0,0,0,0,0,0,0,0,0,0.00,0.00,0.00,0.00,0.0,0.0
2026-08-30T00:35:15+00:00,2026-08-29,daily,3,2026-09-04T17:30:00Z,263,Kevin,FUL,MID,55,0,0,0.1,67,151,486,1013,a,,,,,,,3,0.5,0,1,17,0,0,0,0,0,0,3,0,2,1,0.00,0.01,0.01,0.03,0.5,0.5
2026-08-30T00:35:15+00:00,2026-08-29,daily,3,2026-09-04T17:30:00Z,264,Bobb,FUL,MID,55,0,0,0.3,682,682,5202,3679,a,,,,,,,2,1.0,0,2,66,1,0,0,0,3,0,6,1,3,2,0.00,0.26,0.26,2.21,1.0,1.0
2026-08-30T00:35:15+00:00,2026-08-29,daily,3,2026-09-04T17:30:00Z,265,Berge,FUL,MID,50,0,0,0.4,269,565,1734,3898,a,,,,,,,,1.0,0,2,72,1,0,0,0,3,0,4,1,1,2,0.03,0.03,0.06,2.21,1.0,1.0
2026-08-30T00:35:15+00:00,2026-08-29,daily,3,2026-09-04T17:30:00Z,266,Cairney,FUL,MID,50,0,0,0.0,2,12,14,127,i,Knee injury - Expected back 10 Oct,2026-08-14T18:00:06.460944Z,0,0,,,,0.0,0,0,0,0,0,0,0,0,0,0,0,0,0,0.00,0.00,0.00,0.00,0.0,0.0
2026-08-30T00:35:15+00:00,2026-08-29,daily,3,2026-09-04T17:30:00Z,268,King,FUL,MID,55,0,0,0.6,4033,1044,38716,5208,a,,,,,,,,3.5,0,7,90,1,1,0,0,3,0,8,2,2,4,0.17,0.04,0.21,2.24,3.5,3.5
2026-08-30T00:35:15+00:00,2026-08-29,daily,3,2026-09-04T17:30:00Z,269,Sessegnon,FUL,DEF,45,0,0,0.4,149,394,1108,3408,a,,,,,,,,0.5,0,1,17,0,0,0,0,0,0,1,1,0,1,0.03,0.00,0.03,0.03,0.5,0.5
2026-08-30T00:35:15+00:00,2026-08-29,daily,3,2026-09-04T17:30:00Z,270,Reed,FUL,MID,45,0,0,1.4,1158,2024,6740,16527,a,,,,,,,,0.0,0,0,0,0,0,0,0,0,0,0,0,0,0,0.00,0.00,0.00,0.00,0.0,0.0
2026-08-30T00:35:15+00:00,2026-08-29,daily,3,2026-09-04T17:30:00Z,271,Muniz,FUL,FWD,55,0,0,0.5,634,1091,3446,7981,a,,,,,,,,0.5,0,1,8,0,0,0,0,0,0,1,1,0,0,0.02,0.00,0.02,0.03,0.5,0.5
2026-08-30T00:35:15+00:00,2026-08-29,daily,3,2026-09-04T17:30:00Z,272,Kusi-Asare,FUL,FWD,45,0,0,6.9,6210,7233,29898,51510,a,,,,,,,,0.0,0,0,0,0,0,0,0,0,0,0,0,0,0,0.00,0.00,0.00,0.00,0.0,0.0
2026-08-30T00:35:15+00:00,2026-08-29,daily,3,2026-09-04T17:30:00Z,569,Gonzalo,FUL,FWD,60,0,0,4.4,37983,5668,190201,22875,a,,,,,1,,,3.0,0,6,90,1,1,0,0,3,0,2,0,1,1,0.73,0.01,0.74,2.24,3.0,3.0
2026-08-30T00:35:15+00:00,2026-08-29,daily,3,2026-09-04T17:30:00Z,570,Palacios,FUL,MID,55,0,0,0.2,163,331,1073,2115,a,,,,,,,,1.0,0,2,72,1,0,0,0,3,0,4,0,2,2,0.16,0.01,0.17,2.21,1.0,1.0
2026-08-30T00:35:15+00:00,2026-08-29,daily,3,2026-09-04T17:30:00Z,580,Charles,FUL,MID,50,0,0,0.1,53,148,412,956,a,,,,,,,,0.5,0,1,23,0,0,0,0,0,0,3,0,1,2,0.00,0.00,0.00,0.03,0.5,0.5
2026-08-30T00:35:15+00:00,2026-08-29,daily,3,2026-09-04T17:30:00Z,610,De Fougerolles,FUL,DEF,40,0,0,0.1,345,280,3396,754,d,Unspecified injury - 75% chance of playing,2026-08-28T11:30:08.336405Z,75,75,,,,0.0,0,0,0,0,0,0,0,0,0,0,0,0,0,0.00,0.00,0.00,0.00,0.0,0.0
2026-08-30T00:35:15+00:00,2026-08-29,daily,3,2026-09-04T17:30:00Z,273,Phillips,HUL,GKP,40,0,0,1.5,896,1138,4011,8232,a,,,,,,,,0.0,0,0,0,0,0,0,0,0,0,0,0,0,0,0.00,0.00,0.00,0.00,0.0,0.0
2026-08-30T00:35:15+00:00,2026-08-29,daily,3,2026-09-04T17:30:00Z,274,Butland,HUL,GKP,45,0,0,0.1,20,247,144,1985,i,Arm injury - Unknown return date,2026-08-08T19:00:05.601633Z,0,0,,,,0.0,0,0,0,0,0,0,0,0,0,0,0,0,0,0.00,0.00,0.00,0.00,0.0,0.0
2026-08-30T00:35:15+00:00,2026-08-29,daily,3,2026-09-04T17:30:00Z,275,Cartwright,HUL,GKP,40,0,0,0.0,0,16,0,127,u,Has joined Grimsby Town on loan for the rest of the season,2026-07-29T13:00:27.959925Z,0,0,,,,0.0,0,0,0,0,0,0,0,0,0,0,0,0,0,0.00,0.00,0.00,0.00,0.0,0.0
2026-08-30T00:35:15+00:00,2026-08-29,daily,3,2026-09-04T17:30:00Z,276,Lo-Tutala,HUL,GKP,40,0,0,0.0,0,59,0,442,u,Has joined Colchester United on loan for the rest of the season,2026-08-17T13:50:27.125537Z,0,0,,,,0.0,0,0,0,0,0,0,0,0,0,0,0,0,0,0.00,0.00,0.00,0.00,0.0,0.0
2026-08-30T00:35:15+00:00,2026-08-29,daily,3,2026-09-04T17:30:00Z,277,Egan,HUL,DEF,40,0,0,2.1,17493,1865,60430,13072,a,,,,,,,,8.5,9,17,180,2,0,0,2,0,0,34,32,2,4,0.00,0.00,0.00,3.12,8.5,8.5
2026-08-30T00:35:15+00:00,2026-08-29,daily,3,2026-09-04T17:30:00Z,278,Hughes,HUL,DEF,40,0,0,0.1,13,269,112,2589,i,Groin injury - Unknown return date,2026-08-02T09:00:11.030017Z,0,0,,,,0.0,0,0,0,0,0,0,0,0,0,0,0,0,0,0.00,0.00,0.00,0.00,0.0,0.0
2026-08-30T00:35:15+00:00,2026-08-29,daily,3,2026-09-04T17:30:00Z,279,Ajayi,HUL,DEF,40,0,0,2.6,46248,2918,125654,18511,a,,2026-08-22T17:30:07.668197Z,100,100,,,,10.0,6,20,153,2,1,0,2,0,0,14,12,2,8,0.52,0.00,0.52,2.15,10.0,10.0
2026-08-30T00:35:15+00:00,2026-08-29,daily,3,2026-09-04T17:30:00Z,280,Coyle,HUL,DEF,40,0,0,0.6,555,879,3178,5960,d,Unspecified injury - 75% chance of playing,2026-08-29T16:30:08.151841Z,100,75,,,,3.0,0,6,114,2,0,0,1,0,0,6,5,1,4,0.00,0.01,0.01,2.25,3.0,2.2
2026-08-30T00:35:15+00:00,2026-08-29,daily,3,2026-09-04T17:30:00Z,281,Drameh,HUL,DEF,40,0,0,0.1,119,104,1227,517,a,,2026-08-08T19:00:05.613036Z,100,100,,,,1.0,1,2,65,0,0,0,0,0,0,6,5,1,4,0.05,0.00,0.05,0.87,1.0,1.0
2026-08-30T00:35:15+00:00,2026-08-29,daily,3,2026-09-04T17:30:00Z,282,Giles,HUL,DEF,40,0,0,0.9,1560,652,14452,4843,a,,,,,,1,1,6.0,6,12,174,2,0,0,2,0,0,8,6,2,5,0.02,0.14,0.16,3.05,6.0,6.0
2026-08-30T00:35:15+00:00,2026-08-29,daily,3,2026-09-04T17:30:00Z,283,Jacob,HUL,DEF,40,0,0,0.0,17,22,74,250,i,Hip injury - Expected back 5 Sep,2026-08-02T09:00:11.038361Z,0,0,,,,0.0,0,0,0,0,0,0,0,0,0,0,0,0,0,0.00,0.00,0.00,0.00,0.0,0.0
2026-08-30T00:35:15+00:00,2026-08-29,daily,3,2026-09-04T17:30:00Z,284,McCarthy,HUL,DEF,40,0,0,0.1,79,148,754,1107,a,,,,,,,,0.0,0,0,0,0,0,0,0,0,0,0,0,0,0,0.00,0.00,0.00,0.00,0.0,0.0
2026-08-30T00:35:15+00:00,2026-08-29,daily,3,2026-09-04T17:30:00Z,285,McNair,HUL,DEF,40,0,0,0.1,90,187,736,877,a,,,,,,,,0.5,0,1,26,0,0,0,0,0,0,2,2,0,1,0.00,0.00,0.00,0.96,0.5,0.5
2026-08-30T00:35:15+00:00,2026-08-29,daily,3,2026-09-04T17:30:00Z,286,Belloumi,HUL,MID,50,0,0,0.7,3014,793,16904,4824,a,,,,,,2,3,4.5,6,9,172,2,0,1,2,0,0,20,6,6,8,0.17,0.05,0.22,2.94,4.5,4.5
2026-08-30T00:35:15+00:00,2026-08-29,daily,3,2026-09-04T17:30:00Z,287,Millar,HUL,MID,50,0,0,0.1,437,124,742,1111,a,,,,,,,,3.0,6,6,50,0,1,0,0,0,0,4,2,1,1,0.58,0.00,0.58,0.87,3.0,3.0
2026-08-30T00:35:15+00:00,2026-08-29,daily,3,2026-09-04T17:30:00Z,288,Dowell,HUL,MID,45,0,0,0.4,504,741,2220,4999,a,,,,,,,,0.0,0,0,0,0,0,0,0,0,0,0,0,0,0,0.00,0.00,0.00,0.00,0.0,0.0
2026-08-30T00:35:15+00:00,2026-08-29,daily,3,2026-09-04T17:30:00Z,289,Crooks,HUL,MID,45,0,0,0.7,1498,1981,11639,7671,d,Thigh injury - 75% chance of playing,2026-08-29T15:00:08.569326Z,,75,,,,1.0,0,2,90,1,0,0,1,0,0,9,4,4,1,0.00,0.00,0.00,1.83,1.0,0.8
2026-08-30T00:35:15+00:00,2026-08-29,daily,3,2026-09-04T17:30:00Z,290,Slater,HUL,MID,45,0,0,4.1,20786,5897,113157,28271,a,,,,,,,2,4.0,2,8,180,2,0,1,2,0,0,13,2,5,6,0.00,0.45,0.45,3.12,4.0,4.0
2026-08-30T00:35:15+00:00,2026-08-29,daily,3,2026-09-04T17:30:00Z,291,Matazo,HUL,MID,45,0,0,0.0,13,21,77,117,i,Knee injury - Unknown return date,2026-07-23T12:01:23.532635Z,0,0,,,,0.0,0,0,0,0,0,0,0,0,0,0,0,0,0,0.00,0.00,0.00,0.00,0.0,0.0
2026-08-30T00:35:15+00:00,2026-08-29,daily,3,2026-09-04T17:30:00Z,292,Ömür,HUL,MID,50,0,0,0.0,29,76,238,463,a,,,,,,,,0.0,0,0,0,0,0,0,0,0,0,0,0,0,0,0.00,0.00,0.00,0.00,0.0,0.0
2026-08-30T00:35:15+00:00,2026-08-29,daily,3,2026-09-04T17:30:00Z,293,Kamara,HUL,MID,50,0,0,0.0,0,20,0,217,u,Has joined Portsmouth permanently,2026-08-12T14:08:23.542043Z,0,0,,,,0.0,0,0,0,0,0,0,0,0,0,0,0,0,0,0.00,0.00,0.00,0.00,0.0,0.0
2026-08-30T00:35:15+00:00,2026-08-29,daily,3,2026-09-04T17:30:00Z,294,Zambrano,HUL,MID,45,0,0,0.1,150,364,641,2513,i,Thigh injury - Unknown return date,2026-08-04T18:30:11.016909Z,0,0,,,,0.0,0,0,0,0,0,0,0,0,0,0,0,0,0,0.00,0.00,0.00,0.00,0.0,0.0
2026-08-30T00:35:15+00:00,2026-08-29,daily,3,2026-09-04T17:30:00Z,295,McBurnie,HUL,FWD,55,0,0,2.2,6293,5841,88934,21782,a,,,,,1,,,3.0,1,6,180,2,0,1,2,0,0,9,3,0,6,0.16,0.02,0.18,3.12,3.0,3.0
2026-08-30T00:35:15+00:00,2026-08-29,daily,3,2026-09-04T17:30:00Z,296,Akintola,HUL,MID,50,0,0,0.0,226,225,1140,1165,a,,,,,,,,0.0,0,0,0,0,0,0,0,0,0,0,0,0,0,0.00,0.00,0.00,0.00,0.0,0.0
2026-08-30T00:35:15+00:00,2026-08-29,daily,3,2026-09-04T17:30:00Z,297,Gyabi,HUL,MID,45,0,0,0.0,13,87,77,613,i,Thigh injury - Unknown return date,2026-08-04T18:30:11.027155Z,0,0,,,,0.0,0,0,0,0,0,0,0,0,0,0,0,0,0,0.00,0.00,0.00,0.00,0.0,0.0
2026-08-30T00:35:15+00:00,2026-08-29,daily,3,2026-09-04T17:30:00Z,298,Destan,HUL,FWD,45,0,0,0.3,0,1134,0,10000,u,Has joined Konyaspor permanently,2026-08-17T13:50:27.145733Z,0,0,,,,0.0,0,0,0,0,0,0,0,0,0,0,0,0,0,0.00,0.00,0.00,0.00,0.0,0.0
2026-08-30T00:35:15+00:00,2026-08-29,daily,3,2026-09-04T17:30:00Z,299,Burstow,HUL,FWD,45,0,0,0.1,0,170,0,1380,u,Has joined Sheffield Wednesday on loan for the rest of the season,2026-08-03T14:05:20.234842Z,0,0,,,,0.0,0,0,0,0,0,0,0,0,0,0,0,0,0,0.00,0.00,0.00,0.00,0.0,0.0
2026-08-30T00:35:15+00:00,2026-08-29,daily,3,2026-09-04T17:30:00Z,340,Gelhardt,HUL,MID,50,0,0,0.0,10,32,55,320,i,Ankle injury - Expected back 5 Sep,2026-08-17T21:30:07.799839Z,0,0,,,,0.0,0,0,0,0,0,0,0,0,0,0,0,0,0,0.00,0.00,0.00,0.00,0.0,0.0
2026-08-30T00:35:15+00:00,2026-08-29,daily,3,2026-09-04T17:30:00Z,556,Targett,HUL,DEF,40,0,0,2.2,867,2977,6260,18418,a,,,,,,,,0.5,0,1,5,0,0,0,0,0,0,0,0,0,1,0.00,0.00,0.00,0.07,0.5,0.5
2026-08-30T00:35:15+00:00,2026-08-29,daily,3,2026-09-04T17:30:00Z,563,Morita,HUL,MID,50,0,0,0.0,48,35,166,363,a,,2026-08-15T16:00:07.961518Z,100,100,,,,0.5,1,1,45,1,0,0,0,0,0,3,2,0,1,0.00,0.00,0.00,1.09,0.5,0.5
2026-08-30T00:35:15+00:00,2026-08-29,daily,3,2026-09-04T17:30:00Z,572,Tzolakis,HUL,GKP,45,0,0,3.6,32226,2972,134196,15387,a,,,,,,,,10.0,10,20,180,2,0,0,2,0,8,0,0,0,33,0.00,0.00,0.00,3.12,10.0,10.0
2026-08-30T00:35:15+00:00,2026-08-29,daily,3,2026-09-04T17:30:00Z,574,Hjertø-Dahl,HUL,MID,50,0,0,0.1,59,176,366,1145,a,,,,,,,,0.0,0,0,0,0,0,0,0,0,0,0,0,0,0,0.00,0.00,0.00,0.00,0.0,0.0
2026-08-30T00:35:15+00:00,2026-08-29,daily,3,2026-09-04T17:30:00Z,576,Stroud,HUL,MID,50,0,0,0.1,148,181,1578,778,a,,,,,,,,1.5,0,3,128,2,0,0,1,0,0,13,3,3,7,0.01,0.04,0.05,2.25,1.5,1.5
2026-08-30T00:35:15+00:00,2026-08-29,daily,3,2026-09-04T17:30:00Z,585,Herrington,HUL,DEF,40,0,0,0.6,370,569,3141,4171,a,,,,,,,,1.0,1,2,57,0,0,0,0,0,0,5,5,0,0,0.00,0.00,0.00,1.16,1.0,1.0
2026-08-30T00:35:15+00:00,2026-08-29,daily,3,2026-09-04T17:30:00Z,586,Mendy,HUL,DEF,40,0,0,4.8,39470,7701,219050,27161,a,,2026-08-22T17:30:08.045208Z,100,100,,,,8.0,1,16,121,2,1,0,1,0,0,22,20,2,4,0.29,0.00,0.29,1.95,8.0,8.0
2026-08-30T00:35:15+00:00,2026-08-29,daily,3,2026-09-04T17:30:00Z,589,Gourna-Douath,HUL,MID,50,0,0,0.0,28,51,163,364,a,,,,,,,,0.5,1,1,45,0,0,0,0,0,0,6,1,3,2,0.00,0.01,0.01,0.20,0.5,0.5
2026-08-30T00:35:15+00:00,2026-08-29,daily,3,2026-09-04T17:30:00Z,617,Cho,HUL,MID,50,0,0,0.0,103,18,128,20,a,,,,,,,,1.0,1,1,7,0,0,0,0,0,0,0,0,0,0,0.00,0.00,0.00,0.18,1.5,1.5
2026-08-30T00:35:15+00:00,2026-08-29,daily,3,2026-09-04T17:30:00Z,259,Diop,IPS,DEF,40,0,0,16.8,4872,12062,31385,82986,a,,,,,,,,1.0,0,2,90,1,0,0,0,1,0,5,4,1,6,0.00,0.01,0.01,0.66,1.0,1.0
2026-08-30T00:35:15+00:00,2026-08-29,daily,3,2026-09-04T17:30:00Z,267,Lukić,IPS,MID,50,0,0,0.1,140,168,1318,1513,a,,,,,,,4,2.5,0,5,90,1,0,1,0,1,0,6,2,1,3,0.00,0.02,0.02,0.66,2.5,2.5
2026-08-30T00:35:15+00:00,2026-08-29,daily,3,2026-09-04T17:30:00Z,300,Walton,IPS,GKP,45,0,0,0.5,47,437,256,5009,a,,,,,,,,0.0,0,0,0,0,0,0,0,0,0,0,0,0,0,0.00,0.00,0.00,0.00,0.0,0.0
2026-08-30T00:35:15+00:00,2026-08-29,daily,3,2026-09-04T17:30:00Z,301,Palmer,IPS,GKP,40,0,0,4.4,3046,2959,10732,20307,a,,,,,,,,0.0,0,0,0,0,0,0,0,0,0,0,0,0,0,0.00,0.00,0.00,0.00,0.0,0.0
2026-08-30T00:35:15+00:00,2026-08-29,daily,3,2026-09-04T17:30:00Z,302,Button,IPS,GKP,40,0,0,0.5,1009,375,2968,2194,a,,,,,,,,0.0,0,0,0,0,0,0,0,0,0,0,0,0,0,0.00,0.00,0.00,0.00,0.0,0.0
2026-08-30T00:35:15+00:00,2026-08-29,daily,3,2026-09-04T17:30:00Z,303,Kipré,IPS,DEF,40,0,0,0.6,70,450,402,5397,a,,,,,,,,0.0,0,0,0,0,0,0,0,0,0,0,0,0,0,0.00,0.00,0.00,0.00,0.0,0.0
2026-08-30T00:35:15+00:00,2026-08-29,daily,3,2026-09-04T17:30:00Z,304,O'Shea,IPS,DEF,40,0,0,3.4,3922,3060,19561,17044,a,,,,,,,,2.0,0,4,90,1,0,0,0,1,0,18,16,2,6,0.00,0.16,0.16,0.66,2.0,2.0
2026-08-30T00:35:15+00:00,2026-08-29,daily,3,2026-09-04T17:30:00Z,305,Davis,IPS,DEF,40,0,0,4.8,1482,4525,8804,25815,a,,,,,,2,2,1.0,0,2,90,1,0,0,0,1,0,7,7,0,4,0.00,0.01,0.01,0.66,1.0,1.0
2026-08-30T00:35:15+00:00,2026-08-29,daily,3,2026-09-04T17:30:00Z,306,Greaves,IPS,DEF,40,0,0,1.4,285,780,1921,6891,a,,,,,,,,1.0,0,2,90,1,0,0,0,1,0,7,4,3,1,0.00,0.00,0.00,0.66,1.0,1.0
2026-08-30T00:35:15+00:00,2026-08-29,daily,3,2026-09-04T17:30:00Z,307,Johnson,IPS,DEF,40,0,0,0.1,90,149,517,1171,a,,,,,,,,0.0,0,0,0,0,0,0,0,0,0,0,0,0,0,0.00,0.00,0.00,0.00,0.0,0.0
2026-08-30T00:35:15+00:00,2026-08-29,daily,3,2026-09-04T17:30:00Z,308,Furlong,IPS,DEF,40,0,0,0.6,51,500,320,4916,a,,,,,,,,0.0,0,0,0,0,0,0,0,0,0,0,0,0,0,0.00,0.00,0.00,0.00,0.0,0.0
2026-08-30T00:35:15+00:00,2026-08-29,daily,3,2026-09-04T17:30:00Z,309,Núñez,IPS,MID,50,0,0,0.1,217,194,1414,1587,a,,,,,,1,1,2.0,0,4,79,1,0,0,0,1,0,12,4,2,6,0.03,0.03,0.06,0.63,2.0,2.0
2026-08-30T00:35:15+00:00,2026-08-29,daily,3,2026-09-04T17:30:00Z,310,Matusiwa,IPS,MID,50,0,0,0.0,1,10,9,122,i,Muscular injury - Unknown return date,2026-07-29T18:00:10.305484Z,0,0,,,,0.0,0,0,0,0,0,0,0,0,0,0,0,0,0,0.00,0.00,0.00,0.00,0.0,0.0
2026-08-30T00:35:15+00:00,2026-08-29,daily,3,2026-09-04T17:30:00Z,311,Burns,IPS,MID,50,0,0,0.0,0,14,0,205,u,Has joined Leicester City permanently,2026-08-10T14:02:47.597478Z,0,0,,,,0.0,0,0,0,0,0,0,0,0,0,0,0,0,0,0.00,0.00,0.00,0.00,0.0,0.0
2026-08-30T00:35:15+00:00,2026-08-29,daily,3,2026-09-04T17:30:00Z,312,Taylor,IPS,MID,45,0,0,0.0,28,133,139,1016,i,Knee injury - Unknown return date,2026-07-29T18:00:10.319370Z,0,0,,,,0.0,0,0,0,0,0,0,0,0,0,0,0,0,0,0.00,0.00,0.00,0.00,0.0,0.0
2026-08-30T00:35:15+00:00,2026-08-29,daily,3,2026-09-04T17:30:00Z,313,Clarke,IPS,MID,55,0,0,0.3,389,424,3591,2867,a,,,,,1,3,3,3.5,0,7,19,0,1,0,0,0,0,2,0,1,1,0.10,0.00,0.10,0.03,3.5,3.5
2026-08-30T00:35:15+00:00,2026-08-29,daily,3,2026-09-04T17:30:00Z,314,Ogbene,IPS,MID,50,0,0,0.0,9,25,46,268,a,,,,,,,,0.0,0,0,0,0,0,0,0,0,0,0,0,0,0,0.00,0.00,0.00,0.00,0.0,0.0
2026-08-30T00:35:15+00:00,2026-08-29,daily,3,2026-09-04T17:30:00Z,315,Fatawu,IPS,MID,55,0,0,0.2,69,396,639,3164,a,,,,,,,,1.0,0,2,65,1,0,0,0,1,0,7,1,4,2,0.00,0.41,0.41,0.63,1.0,1.0
2026-08-30T00:35:15+00:00,2026-08-29,daily,3,2026-09-04T17:30:00Z,316,Emersonn,IPS,FWD,55,0,0,2.0,7832,4761,84639,21571,a,,,,,2,,,4.5,0,9,65,1,1,0,0,1,0,3,1,1,1,0.82,0.06,0.88,0.63,4.5,4.5
2026-08-30T00:35:15+00:00,2026-08-29,daily,3,2026-09-04T17:30:00Z,317,Hirst,IPS,FWD,50,0,0,0.2,0,789,0,9484,u,Has joined Stoke City permanently,2026-08-21T13:06:08.606019Z,0,0,,,,0.0,0,0,0,0,0,0,0,0,0,0,0,0,0,0.00,0.00,0.00,0.00,0.0,0.0
2026-08-30T00:35:15+00:00,2026-08-29,daily,3,2026-09-04T17:30:00Z,318,Philogene,IPS,MID,55,0,0,0.1,2,692,108,4620,i,Ankle injury - Unknown return date,2026-08-25T11:30:07.532993Z,0,0,3,,5,0.0,0,0,0,0,0,0,0,0,0,0,0,0,0,0.00,0.00,0.00,0.00,0.0,0.0
2026-08-30T00:35:15+00:00,2026-08-29,daily,3,2026-09-04T17:30:00Z,319,Szmodics,IPS,MID,50,0,0,0.0,0,47,0,456,u,Has joined Derby County on loan for the rest of the season,2026-08-17T13:51:41.713979Z,0,0,,,,0.0,0,0,0,0,0,0,0,0,0,0,0,0,0,0.00,0.00,0.00,0.00,0.0,0.0
2026-08-30T00:35:15+00:00,2026-08-29,daily,3,2026-09-04T17:30:00Z,320,Akpom,IPS,FWD,50,0,0,0.5,1117,1003,5742,7253,a,,,,,,,,0.5,0,1,24,0,0,0,0,0,0,3,0,1,2,0.00,0.00,0.00,0.03,0.5,0.5
2026-08-30T00:35:15+00:00,2026-08-29,daily,3,2026-09-04T17:30:00Z,321,Walle Egeli,IPS,FWD,45,0,0,2.6,12562,5032,53274,28473,a,,,,,,,,0.5,0,1,10,0,0,0,0,0,0,0,0,0,0,0.00,0.00,0.00,0.03,0.5,0.5
2026-08-30T00:35:15+00:00,2026-08-29,daily,3,2026-09-04T17:30:00Z,322,Al-Hamadi,IPS,FWD,50,0,0,0.1,0,960,755,3962,u,Has joined Sheffield Wednesday on loan for the rest of the season,2026-08-27T14:54:10.215357Z,0,0,,,,0.0,0,0,0,0,0,0,0,0,0,0,0,0,0,0.00,0.00,0.00,0.00,0.0,0.0
2026-08-30T00:35:15+00:00,2026-08-29,daily,3,2026-09-04T17:30:00Z,323,McAteer,IPS,MID,45,0,0,1.3,1202,1792,6817,13357,a,,,,,,,,0.5,0,1,24,0,0,0,0,0,0,3,0,1,2,0.00,0.00,0.00,0.03,0.5,0.5
2026-08-30T00:35:15+00:00,2026-08-29,daily,3,2026-09-04T17:30:00Z,324,Mehmeti,IPS,MID,50,0,0,0.0,7,88,54,774,a,,,,,,,,0.0,0,0,0,0,0,0,0,0,0,0,0,0,0,0.00,0.00,0.00,0.00,0.0,0.0
2026-08-30T00:35:15+00:00,2026-08-29,daily,3,2026-09-04T17:30:00Z,554,Van Oevelen,IPS,GKP,45,0,0,0.0,0,173,54,810,u,Has joined Valencia on loan for the rest of the season,2026-08-25T14:04:09.529320Z,0,0,,,,0.0,0,0,0,0,0,0,0,0,0,0,0,0,0,0.00,0.00,0.00,0.00,0.0,0.0
2026-08-30T00:35:15+00:00,2026-08-29,daily,3,2026-09-04T17:30:00Z,562,Maeda,IPS,MID,55,0,0,0.4,82,538,822,4580,a,,,,,,,,1.0,0,2,79,1,0,0,0,1,0,9,3,4,2,0.61,0.00,0.61,0.63,1.0,1.0
2026-08-30T00:35:15+00:00,2026-08-29,daily,3,2026-09-04T17:30:00Z,564,Scherpen,IPS,GKP,45,0,0,0.6,158,693,1487,4269,a,,,,,,,,1.0,0,2,90,1,0,0,0,1,2,0,1,0,10,0.00,0.00,0.00,0.66,1.0,1.0
2026-08-30T00:35:15+00:00,2026-08-29,daily,3,2026-09-04T17:30:00Z,571,Florentino,IPS,MID,50,0,0,0.1,12,322,226,2529,d,Calf injury - 75% chance of playing,2026-08-25T11:30:07.678802Z,75,75,,,,0.0,0,0,0,0,0,0,0,0,0,0,0,0,0,0.00,0.00,0.00,0.00,0.0,0.0
2026-08-30T00:35:15+00:00,2026-08-29,daily,3,2026-09-04T17:30:00Z,591,Enciso,IPS,MID,55,0,0,0.5,1943,726,19612,5180,a,,2026-08-22T18:00:07.551930Z,100,100,,,,2.5,0,5,70,1,0,1,0,1,0,8,2,1,5,0.23,0.31,0.54,0.63,2.5,2.5
2026-08-30T00:35:15+00:00,2026-08-29,daily,3,2026-09-04T17:30:00Z,592,Ouattara,IPS,DEF,40,0,0,1.0,392,678,3161,6544,a,,,,,,,,0.5,0,1,10,0,0,0,0,0,0,2,2,0,0,0.00,0.00,0.00,0.03,0.5,0.5
2026-08-30T00:35:15+00:00,2026-08-29,daily,3,2026-09-04T17:30:00Z,602,Humphreys,IPS,MID,45,0,0,0.0,296,104,1571,437,a,,,,,,,,0.0,0,0,0,0,0,0,0,0,0,0,0,0,0,0.00,0.00,0.00,0.00,0.0,0.0
2026-08-30T00:35:15+00:00,2026-08-29,daily,3,2026-09-04T17:30:00Z,619,Palacios,IPS,MID,50,0,0,0.0,341,28,430,33,a,,,,,,,,0.0,0,0,0,0,0,0,0,0,0,0,0,0,0,0.00,0.00,0.00,0.00,1.5,1.5
2026-08-30T00:35:15+00:00,2026-08-29,daily,3,2026-09-04T17:30:00Z,260,Wilson,LEE,MID,65,0,0,5.5,1454,12262,16383,70030,a,,,,,,,2,1.5,0,3,65,1,0,0,1,0,0,2,0,2,0,0.00,0.02,0.02,0.53,1.5,1.5
2026-08-30T00:35:15+00:00,2026-08-29,daily,3,2026-09-04T17:30:00Z,326,Perri,LEE,GKP,45,0,0,0.5,61,525,389,5884,a,,,,,,,,0.0,0,0,0,0,0,0,0,0,0,0,0,0,0,0.00,0.00,0.00,0.00,0.0,0.0
2026-08-30T00:35:15+00:00,2026-08-29,daily,3,2026-09-04T17:30:00Z,327,Bijol,LEE,DEF,50,0,0,1.0,4038,1457,49257,9641,a,,,,,,,,5.0,0,10,90,1,0,0,1,0,0,12,11,1,5,0.11,0.00,0.11,0.66,5.0,5.0
2026-08-30T00:35:15+00:00,2026-08-29,daily,3,2026-09-04T17:30:00Z,329,Rodon,LEE,DEF,45,0,0,3.6,3461,3028,25061,15602,a,,,,,,,,3.0,0,6,90,1,0,0,1,0,0,7,6,1,1,0.03,0.06,0.09,0.66,3.0,3.0
2026-08-30T00:35:15+00:00,2026-08-29,daily,3,2026-09-04T17:30:00Z,330,Bogle,LEE,DEF,45,0,0,0.5,558,429,6483,3553,a,,,,,,,,3.0,0,6,90,1,0,0,1,0,0,3,2,1,3,0.00,0.00,0.00,0.66,3.0,3.0
2026-08-30T00:35:15+00:00,2026-08-29,daily,3,2026-09-04T17:30:00Z,331,Gudmundsson,LEE,DEF,45,0,0,0.0,15,66,81,1058,d,Hamstring injury - 75% chance of playing,2026-08-08T20:00:07.546568Z,75,75,,,,0.0,0,0,0,0,0,0,0,0,0,0,0,0,0,0.00,0.00,0.00,0.00,0.0,0.0
2026-08-30T00:35:15+00:00,2026-08-29,daily,3,2026-09-04T17:30:00Z,332,Justin,LEE,DEF,45,0,0,1.3,6311,1885,49845,11276,a,,,,,,,,5.0,0,10,90,1,0,0,1,0,0,12,6,6,4,0.00,0.01,0.01,0.66,5.0,5.0
2026-08-30T00:35:15+00:00,2026-08-29,daily,3,2026-09-04T17:30:00Z,333,Bornauw,LEE,DEF,45,0,0,0.0,0,9,0,179,u,Has joined Hamburg SV on loan for the rest of the season,2026-08-19T13:56:14.645970Z,0,0,,,,0.0,0,0,0,0,0,0,0,0,0,0,0,0,0,0.00,0.00,0.00,0.00,0.0,0.0
2026-08-30T00:35:15+00:00,2026-08-29,daily,3,2026-09-04T17:30:00Z,334,Muharemović,LEE,DEF,50,0,0,3.3,3403,4023,24942,15865,a,,,,,,,,3.0,0,6,90,1,0,0,1,0,0,7,7,0,1,0.09,0.00,0.09,0.66,3.0,3.0
2026-08-30T00:35:15+00:00,2026-08-29,daily,3,2026-09-04T17:30:00Z,335,Stach,LEE,MID,60,0,0,2.8,10215,4930,91559,18609,a,,,,,,1,1,6.5,0,13,90,1,1,0,1,0,0,16,8,3,5,0.10,0.05,0.15,0.66,6.5,6.5
2026-08-30T00:35:15+00:00,2026-08-29,daily,3,2026-09-04T17:30:00Z,336,Okafor,LEE,MID,59,-1,-1,0.4,206,1330,1561,10498,a,,,,,,,,0.5,0,1,24,0,0,0,0,0,0,5,1,2,2,0.00,0.16,0.16,0.13,0.5,0.5
2026-08-30T00:35:15+00:00,2026-08-29,daily,3,2026-09-04T17:30:00Z,337,Aaronson,LEE,MID,55,0,0,0.8,411,1407,3004,9840,a,,,,,,3,,1.5,0,3,81,1,0,0,1,0,0,7,0,1,6,0.01,0.01,0.02,0.58,1.5,1.5
2026-08-30T00:35:15+00:00,2026-08-29,daily,3,2026-09-04T17:30:00Z,338,Ampadu,LEE,MID,55,0,0,1.3,640,1774,5231,11215,a,,,,,,,,2.5,0,5,90,1,0,0,1,0,0,13,6,2,5,0.00,0.04,0.04,0.66,2.5,2.5
2026-08-30T00:35:15+00:00,2026-08-29,daily,3,2026-09-04T17:30:00Z,339,Longstaff,LEE,MID,50,0,0,0.1,97,234,672,1865,a,,,,,,2,3,0.5,0,1,8,0,0,0,0,0,0,0,0,0,0,0.00,0.00,0.00,0.07,0.5,0.5
2026-08-30T00:35:15+00:00,2026-08-29,daily,3,2026-09-04T17:30:00Z,341,Gnonto,LEE,MID,50,0,0,0.0,6,51,24,747,d,Hamstring injury - 75% chance of playing,2026-08-17T20:30:08.092366Z,75,75,,,,0.0,0,0,0,0,0,0,0,0,0,0,0,0,0,0.00,0.00,0.00,0.00,0.0,0.0
2026-08-30T00:35:15+00:00,2026-08-29,daily,3,2026-09-04T17:30:00Z,342,Harrison,LEE,MID,50,0,0,0.0,0,2,0,38,u,Has joined New England Revolution permanently,2026-07-28T12:59:09.492431Z,0,0,,,,0.0,0,0,0,0,0,0,0,0,0,0,0,0,0,0.00,0.00,0.00,0.00,0.0,0.0
2026-08-30T00:35:15+00:00,2026-08-29,daily,3,2026-09-04T17:30:00Z,343,James,LEE,MID,50,0,0,0.1,293,237,1156,1973,a,,,,,,,,0.0,0,0,0,0,0,0,0,0,0,0,0,0,0,0.00,0.00,0.00,0.00,0.0,0.0
2026-08-30T00:35:15+00:00,2026-08-29,daily,3,2026-09-04T17:30:00Z,344,Gruev,LEE,MID,50,0,0,0.0,2,9,11,138,d,Knee injury - 25% chance of playing,2026-08-14T23:00:06.272027Z,0,25,,,,0.0,0,0,0,0,0,0,0,0,0,0,0,0,0,0.00,0.00,0.00,0.00,0.0,0.0
2026-08-30T00:35:15+00:00,2026-08-29,daily,3,2026-09-04T17:30:00Z,345,Tanaka,LEE,MID,50,0,0,0.2,218,554,1117,4787,a,,,,,,,4,0.0,0,0,0,0,0,0,0,0,0,0,0,0,0,0.00,0.00,0.00,0.00,0.0,0.0
2026-08-30T00:35:15+00:00,2026-08-29,daily,3,2026-09-04T17:30:00Z,346,Calvert-Lewin,LEE,FWD,60,0,0,27.8,13849,53626,98163,242562,a,,,,,1,,,0.5,0,1,90,1,0,0,1,0,0,2,0,0,2,0.13,0.00,0.13,0.66,0.5,0.5
2026-08-30T00:35:15+00:00,2026-08-29,daily,3,2026-09-04T17:30:00Z,347,Nmecha,LEE,FWD,55,0,0,0.5,476,1111,2393,10655,a,,,,,2,,,0.0,0,0,0,0,0,0,0,0,0,0,0,0,0,0.00,0.00,0.00,0.00,0.0,0.0
2026-08-30T00:35:15+00:00,2026-08-29,daily,3,2026-09-04T17:30:00Z,348,Piroe,LEE,FWD,50,0,0,0.1,0,597,0,5948,u,Has joined West Ham United on loan for the rest of the season,2026-08-19T13:56:14.666726Z,0,0,3,,,0.0,0,0,0,0,0,0,0,0,0,0,0,0,0,0.00,0.00,0.00,0.00,0.0,0.0
2026-08-30T00:35:15+00:00,2026-08-29,daily,3,2026-09-04T17:30:00Z,349,Mateo Joseph,LEE,FWD,45,0,0,0.1,124,179,449,1230,i,Knee injury - Unknown return date,2026-07-29T18:00:10.338170Z,0,0,,,,0.0,0,0,0,0,0,0,0,0,0,0,0,0,0,0.00,0.00,0.00,0.00,0.0,0.0
2026-08-30T00:35:15+00:00,2026-08-29,daily,3,2026-09-04T17:30:00Z,385,Trafford,LEE,GKP,50,0,0,4.6,10512,3837,74306,18941,a,,,,,,,,4.5,0,9,90,1,0,0,1,0,3,0,0,0,9,0.00,0.00,0.00,0.66,4.5,4.5
2026-08-30T00:35:15+00:00,2026-08-29,daily,3,2026-09-04T17:30:00Z,598,Elvedi,LEE,DEF,45,0,0,0.0,44,39,398,318,a,,,,,,,,0.0,0,0,0,0,0,0,0,0,0,0,0,0,0,0.00,0.00,0.00,0.00,0.0,0.0
2026-08-30T00:35:15+00:00,2026-08-29,daily,3,2026-09-04T17:30:00Z,603,Lienou,LEE,DEF,40,0,0,0.1,234,127,1722,446,a,,,,,,,,0.0,0,0,0,0,0,0,0,0,0,0,0,0,0,0.00,0.00,0.00,0.00,0.0,0.0
2026-08-30T00:35:15+00:00,2026-08-29,daily,3,2026-09-04T17:30:00Z,604,Cresswell,LEE,MID,45,0,0,0.1,777,207,3806,917,a,,,,,,,,0.0,0,0,0,0,0,0,0,0,0,0,0,0,0,0.00,0.00,0.00,0.00,0.0,0.0
2026-08-30T00:35:15+00:00,2026-08-29,daily,3,2026-09-04T17:30:00Z,350,A.Becker,LIV,GKP,55,0,0,3.8,5283,7428,30590,28651,a,,,,,,,,1.0,0,2,180,2,0,0,0,4,4,0,4,0,10,0.00,0.00,0.00,3.88,1.0,1.0
2026-08-30T00:35:15+00:00,2026-08-29,daily,3,2026-09-04T17:30:00Z,351,Mamardashvili,LIV,GKP,50,0,0,0.2,140,519,798,2557,a,,,,,,,,0.0,0,0,0,0,0,0,0,0,0,0,0,0,0,0.00,0.00,0.00,0.00,0.0,0.0
2026-08-30T00:35:15+00:00,2026-08-29,daily,3,2026-09-04T17:30:00Z,352,Woodman,LIV,GKP,40,0,0,1.1,1034,1028,4297,6551,a,,,,,,,,0.0,0,0,0,0,0,0,0,0,0,0,0,0,0,0.00,0.00,0.00,0.00,0.0,0.0
2026-08-30T00:35:15+00:00,2026-08-29,daily,3,2026-09-04T17:30:00Z,353,Pecsi,LIV,GKP,40,0,0,0.0,0,40,0,488,u,Has joined TSV Hartberg on loan for the rest of the season,2026-08-18T14:11:18.638344Z,0,0,,,,0.0,0,0,0,0,0,0,0,0,0,0,0,0,0,0.00,0.00,0.00,0.00,0.0,0.0
2026-08-30T00:35:15+00:00,2026-08-29,daily,3,2026-09-04T17:30:00Z,354,Jaros,LIV,GKP,40,0,0,0.0,61,37,224,216,i,Knee injury - Unknown return date,2026-07-29T18:00:10.351066Z,0,0,,,,0.0,0,0,0,0,0,0,0,0,0,0,0,0,0,0.00,0.00,0.00,0.00,0.0,0.0
2026-08-30T00:35:15+00:00,2026-08-29,daily,3,2026-09-04T17:30:00Z,355,Davies,LIV,GKP,40,0,0,0.1,206,149,850,862,a,,,,,,,,0.0,0,0,0,0,0,0,0,0,0,0,0,0,0,0.00,0.00,0.00,0.00,0.0,0.0
2026-08-30T00:35:15+00:00,2026-08-29,daily,3,2026-09-04T17:30:00Z,356,Virgil,LIV,DEF,65,0,0,19.3,11152,35498,85766,114618,a,,,,,,,,1.5,1,3,180,2,0,0,0,4,0,18,16,2,11,0.25,0.04,0.29,3.88,1.5,1.5
2026-08-30T00:35:15+00:00,2026-08-29,daily,3,2026-09-04T17:30:00Z,357,Frimpong,LIV,DEF,55,0,0,3.4,3703,11455,28223,45024,a,,,,,,,,0.5,1,1,160,2,0,0,0,4,0,8,5,3,6,0.01,0.11,0.12,3.81,0.5,0.5
2026-08-30T00:35:15+00:00,2026-08-29,daily,3,2026-09-04T17:30:00Z,358,Kerkez,LIV,DEF,55,0,0,3.4,1933,10587,17578,44974,a,,,,,,,,0.5,1,1,160,2,0,0,0,4,0,15,11,4,7,0.02,0.03,0.05,3.81,0.5,0.5
2026-08-30T00:35:15+00:00,2026-08-29,daily,3,2026-09-04T17:30:00Z,359,Gomez,LIV,DEF,50,0,0,0.0,17,66,96,475,i,Muscular injury - Unknown return date,2026-07-26T08:30:10.078473Z,0,0,,,,0.0,0,0,0,0,0,0,0,0,0,0,0,0,0,0.00,0.00,0.00,0.00,0.0,0.0
2026-08-30T00:35:15+00:00,2026-08-29,daily,3,2026-09-04T17:30:00Z,360,Bradley,LIV,DEF,50,0,0,0.0,23,29,102,248,i,Knee injury - Unknown return date,2026-07-23T12:01:23.565711Z,0,0,,,,0.0,0,0,0,0,0,0,0,0,0,0,0,0,0,0.00,0.00,0.00,0.00,0.0,0.0
2026-08-30T00:35:15+00:00,2026-08-29,daily,3,2026-09-04T17:30:00Z,361,Lucky,LIV,DEF,40,0,0,0.1,203,214,811,1351,a,,,,,,,,0.0,0,0,0,0,0,0,0,0,0,0,0,0,0,0.00,0.00,0.00,0.00,0.0,0.0
2026-08-30T00:35:15+00:00,2026-08-29,daily,3,2026-09-04T17:30:00Z,362,Jacquet,LIV,DEF,50,0,0,2.4,7861,4773,30573,22929,a,,2026-07-23T12:01:23.581126Z,100,100,,,,2.0,3,4,145,2,0,0,0,4,0,14,10,4,7,0.00,0.07,0.07,3.27,2.0,2.0
2026-08-30T00:35:15+00:00,2026-08-29,daily,3,2026-09-04T17:30:00Z,363,Leoni,LIV,DEF,40,0,0,0.0,49,103,231,622,i,Knee injury - Unknown return date,2026-07-23T12:01:23.596909Z,0,0,,,,0.0,0,0,0,0,0,0,0,0,0,0,0,0,0,0.00,0.00,0.00,0.00,0.0,0.0
2026-08-30T00:35:15+00:00,2026-08-29,daily,3,2026-09-04T17:30:00Z,364,Tsimikas,LIV,DEF,50,0,0,0.1,65,167,404,1149,a,,,,,,,,0.5,1,1,19,0,0,0,0,0,0,0,0,0,0,0.04,0.01,0.05,0.07,0.5,0.5
2026-08-30T00:35:15+00:00,2026-08-29,daily,3,2026-09-04T17:30:00Z,365,Ramsay,LIV,DEF,40,0,0,0.2,0,1488,638,5240,u,Has joined St Mirren on loan for the rest of the season,2026-08-26T14:05:26.748768Z,0,0,,,,0.0,0,0,0,0,0,0,0,0,0,0,0,0,0,0.00,0.00,0.00,0.00,0.0,0.0
2026-08-30T00:35:15+00:00,2026-08-29,daily,3,2026-09-04T17:30:00Z,366,Wirtz,LIV,MID,75,0,0,11.0,6051,33142,30974,156404,a,,,,,4,2,3,3.0,4,6,152,2,0,1,0,4,0,15,0,4,11,0.49,0.24,0.73,2.81,3.0,3.0
2026-08-30T00:35:15+00:00,2026-08-29,daily,3,2026-09-04T17:30:00Z,367,Gakpo,LIV,MID,70,0,0,7.0,30167,11963,235871,39714,a,,,,,3,,2,8.5,5,17,160,2,1,1,0,4,0,15,5,3,7,0.30,0.80,1.10,3.81,8.5,8.5
2026-08-30T00:35:15+00:00,2026-08-29,daily,3,2026-09-04T17:30:00Z,368,Szoboszlai,LIV,MID,70,0,0,43.1,33357,40911,278360,108316,a,,,,,1,1,1,6.0,4,12,180,2,1,0,0,4,0,20,5,4,11,1.01,0.44,1.45,3.88,6.0,6.0
2026-08-30T00:35:15+00:00,2026-08-29,daily,3,2026-09-04T17:30:00Z,369,Ngumoha,LIV,MID,60,0,0,1.0,726,5454,6273,20331,a,,,,,,,,1.5,1,3,81,1,0,0,0,2,0,3,0,1,2,0.04,0.05,0.09,0.58,1.5,1.5
2026-08-30T00:35:15+00:00,2026-08-29,daily,3,2026-09-04T17:30:00Z,370,Chiesa,LIV,MID,55,0,0,0.1,11,1288,596,4838,i,Back injury - Unknown return date,2026-08-27T13:30:07.598926Z,0,0,,,,0.0,0,0,0,0,0,0,0,0,0,0,0,0,0,0.00,0.00,0.00,0.00,0.0,0.0
2026-08-30T00:35:15+00:00,2026-08-29,daily,3,2026-09-04T17:30:00Z,371,Gravenberch,LIV,MID,60,0,0,1.9,2180,6895,17185,22078,a,,,,,,,,3.0,1,6,96,1,0,1,0,2,0,12,2,2,8,0.06,0.06,0.12,1.17,3.0,3.0
2026-08-30T00:35:15+00:00,2026-08-29,daily,3,2026-09-04T17:30:00Z,372,Mac Allister,LIV,MID,55,0,0,1.6,1889,4048,8456,25556,a,,,,,5,,,1.5,2,3,103,1,0,0,0,2,0,13,2,5,6,0.00,0.40,0.40,3.30,1.5,1.5
2026-08-30T00:35:15+00:00,2026-08-29,daily,3,2026-09-04T17:30:00Z,373,C.Jones,LIV,MID,55,0,0,0.0,1,232,34,1360,u,Has joined Internazionale permanently,2026-08-16T18:30:07.426408Z,75,0,,,,0.0,0,0,0,0,0,0,0,0,0,0,0,0,0,0.00,0.00,0.00,0.00,0.0,0.0
2026-08-30T00:35:15+00:00,2026-08-29,daily,3,2026-09-04T17:30:00Z,374,Endo,LIV,MID,50,0,0,0.1,147,242,632,1227,a,,2026-07-23T12:01:23.612529Z,100,100,,,,0.0,0,0,0,0,0,0,0,0,0,0,0,0,0,0.00,0.00,0.00,0.00,0.0,0.0
2026-08-30T00:35:15+00:00,2026-08-29,daily,3,2026-09-04T17:30:00Z,375,Nyoni,LIV,MID,50,0,0,0.0,59,119,198,792,a,,,,,,,,0.5,1,1,13,0,0,0,0,0,0,5,1,2,2,0.00,0.00,0.00,0.07,0.5,0.5
2026-08-30T00:35:15+00:00,2026-08-29,daily,3,2026-09-04T17:30:00Z,376,Bajcetic,LIV,MID,50,0,0,0.0,3,11,11,40,i,Hamstring injury - Unknown return date,2026-07-23T12:01:23.628373Z,0,0,,,,0.0,0,0,0,0,0,0,0,0,0,0,0,0,0,0.00,0.00,0.00,0.00,0.0,0.0
2026-08-30T00:35:15+00:00,2026-08-29,daily,3,2026-09-04T17:30:00Z,377,Munoz,LIV,MID,65,0,0,0.7,9864,1574,16350,7487,a,,,,,,,,5.0,6,10,117,1,1,1,0,2,0,7,4,2,1,0.42,0.23,0.65,3.37,5.0,5.0
2026-08-30T00:35:15+00:00,2026-08-29,daily,3,2026-09-04T17:30:00Z,378,McConnell,LIV,MID,45,0,0,0.3,221,511,1104,3411,a,,,,,,,,0.0,0,0,0,0,0,0,0,0,0,0,0,0,0,0.00,0.00,0.00,0.00,0.0,0.0
2026-08-30T00:35:15+00:00,2026-08-29,daily,3,2026-09-04T17:30:00Z,379,Isak,LIV,FWD,90,0,0,16.2,14348,33459,87384,134592,a,,,,,2,,,5.0,8,10,180,2,1,0,0,4,0,2,1,1,0,2.08,0.01,2.09,3.88,5.0,5.0
2026-08-30T00:35:15+00:00,2026-08-29,daily,3,2026-09-04T17:30:00Z,380,Ekitiké,LIV,FWD,75,0,0,0.1,137,794,846,4601,i,Achilles injury - Unknown return date,2026-07-23T12:01:23.643771Z,0,0,,,,0.0,0,0,0,0,0,0,0,0,0,0,0,0,0,0.00,0.00,0.00,0.00,0.0,0.0
2026-08-30T00:35:15+00:00,2026-08-29,daily,3,2026-09-04T17:30:00Z,381,Koumas,LIV,MID,50,0,0,0.0,35,70,191,280,a,,,,,,,,0.5,0,1,12,0,0,0,0,0,0,1,0,0,1,0.03,0.00,0.03,0.48,0.5,0.5
2026-08-30T00:35:15+00:00,2026-08-29,daily,3,2026-09-04T17:30:00Z,382,Danns,LIV,FWD,45,0,0,0.0,92,106,401,668,i,Unspecified injury - Unknown return date,2026-07-23T12:01:23.659279Z,0,0,,,,0.0,0,0,0,0,0,0,0,0,0,0,0,0,0,0.00,0.00,0.00,0.00,0.0,0.0
2026-08-30T00:35:15+00:00,2026-08-29,daily,3,2026-09-04T17:30:00Z,383,Elliott,LIV,MID,55,0,0,0.1,129,322,509,1538,a,,,,,,,,0.0,0,0,0,0,0,0,0,0,0,0,0,0,0,0.00,0.00,0.00,0.00,0.0,0.0
2026-08-30T00:35:15+00:00,2026-08-29,daily,3,2026-09-04T17:30:00Z,579,Araujo,LIV,DEF,55,0,0,2.6,2866,15099,26773,48873,a,,,,,,,,0.5,0,1,33,0,0,0,0,0,0,5,4,1,3,0.00,0.04,0.04,0.61,0.5,0.5
2026-08-30T00:35:15+00:00,2026-08-29,daily,3,2026-09-04T17:30:00Z,238,Grealish,MCI,MID,65,0,0,0.2,193,1060,1395,3463,a,,2026-07-29T10:00:10.492904Z,100,100,,,,0.5,0,1,8,0,0,0,0,0,0,1,0,1,0,0.00,0.00,0.00,0.00,0.5,0.5
2026-08-30T00:35:15+00:00,2026-08-29,daily,3,2026-09-04T17:30:00Z,384,Donnarumma,MCI,GKP,55,0,0,8.2,5668,22628,39676,67580,a,,,,,,,,1.5,0,3,180,2,0,0,0,2,4,0,1,0,12,0.00,0.00,0.00,1.31,1.5,1.5
2026-08-30T00:35:15+00:00,2026-08-29,daily,3,2026-09-04T17:30:00Z,386,Bettinelli,MCI,GKP,45,0,0,0.0,27,64,162,300,a,,,,,,,,0.0,0,0,0,0,0,0,0,0,0,0,0,0,0,0.00,0.00,0.00,0.00,0.0,0.0
2026-08-30T00:35:15+00:00,2026-08-29,daily,3,2026-09-04T17:30:00Z,387,O'Reilly,MCI,DEF,65,0,0,20.5,12271,46069,81055,153399,a,,,,,,,,2.0,2,4,150,2,0,0,0,2,0,3,1,2,7,0.09,0.43,0.52,1.21,2.0,2.0
2026-08-30T00:35:15+00:00,2026-08-29,daily,3,2026-09-04T17:30:00Z,388,Guéhi,MCI,DEF,60,0,0,19.5,21712,25856,204457,67614,a,,,,,,,,6.0,2,12,180,2,1,0,0,2,0,9,6,3,8,0.89,0.36,1.25,1.31,6.0,6.0
2026-08-30T00:35:15+00:00,2026-08-29,daily,3,2026-09-04T17:30:00Z,389,Matheus N.,MCI,DEF,60,0,0,1.3,25,8337,3056,25830,d,Unspecified injury - 75% chance of playing,2026-08-27T11:30:08.171622Z,75,75,4,,,0.5,0,1,33,0,0,0,0,0,0,1,1,0,2,0.00,0.04,0.04,0.10,0.4,0.4
2026-08-30T00:35:15+00:00,2026-08-29,daily,3,2026-09-04T17:30:00Z,390,Rúben,MCI,DEF,55,0,0,1.8,1647,3973,11505,16530,a,,,,,,,,2.0,2,4,180,2,0,0,0,2,0,12,11,1,14,0.09,0.71,0.80,1.31,2.0,2.0
2026-08-30T00:35:15+00:00,2026-08-29,daily,3,2026-09-04T17:30:00Z,391,Gvardiol,MCI,DEF,56,1,1,15.3,121956,8377,350374,43734,a,,,,,,,,7.0,5,14,164,2,1,1,0,2,0,9,6,3,5,0.19,0.09,0.28,1.31,7.0,7.0
2026-08-30T00:35:15+00:00,2026-08-29,daily,3,2026-09-04T17:30:00Z,392,Aït-Nouri,MCI,DEF,54,-1,-1,0.7,304,6057,2920,22836,a,,,,,,,,0.0,0,0,0,0,0,0,0,0,0,0,0,0,0,0.00,0.00,0.00,0.00,0.0,0.0
2026-08-30T00:35:15+00:00,2026-08-29,daily,3,2026-09-04T17:30:00Z,393,Khusanov,MCI,DEF,55,0,0,1.7,993,4004,7079,18541,a,,,,,,,,2.0,2,4,178,2,0,0,0,2,0,11,5,6,9,0.00,0.04,0.04,1.31,2.0,2.0
2026-08-30T00:35:15+00:00,2026-08-29,daily,3,2026-09-04T17:30:00Z,394,Alleyne,MCI,DEF,50,0,0,0.0,0,34,0,391,u,Has joined Burnley on loan for the rest of the season,2026-08-18T14:11:56.324656Z,0,0,,,,0.0,0,0,0,0,0,0,0,0,0,0,0,0,0,0.00,0.00,0.00,0.00,0.0,0.0
2026-08-30T00:35:15+00:00,2026-08-29,daily,3,2026-09-04T17:30:00Z,395,Lewis,MCI,DEF,45,0,0,0.2,260,1241,3880,3764,a,,,,,,,,0.5,0,1,56,1,0,0,0,1,0,2,2,0,0,0.17,0.02,0.19,0.55,0.5,0.5
2026-08-30T00:35:15+00:00,2026-08-29,daily,3,2026-09-04T17:30:00Z,396,Vitor Reis,MCI,DEF,45,0,0,0.0,17,53,119,293,a,,,,,,,,0.5,1,1,1,0,0,0,0,0,0,0,0,0,0,0.00,0.00,0.00,0.00,0.5,0.5
2026-08-30T00:35:15+00:00,2026-08-29,daily,3,2026-09-04T17:30:00Z,397,Semenyo,MCI,MID,85,0,0,23.1,11011,77841,60111,251051,a,,,,,2,,,3.5,5,7,180,2,0,1,0,2,0,8,0,2,6,0.12,0.59,0.71,1.31,3.5,3.5
2026-08-30T00:35:15+00:00,2026-08-29,daily,3,2026-09-04T17:30:00Z,398,Foden,MCI,MID,70,0,0,4.2,22837,8787,42984,55308,a,,,,,,2,3,5.0,9,10,171,2,0,2,0,2,0,13,2,4,7,0.99,0.85,1.84,1.31,5.0,5.0
2026-08-30T00:35:15+00:00,2026-08-29,daily,3,2026-09-04T17:30:00Z,399,Cherki,MCI,MID,76,1,1,15.3,390266,4208,593584,45610,a,,,,,,1,1,11.0,14,22,108,1,2,2,0,1,0,3,0,0,3,0.35,1.05,1.40,0.76,11.0,11.0
2026-08-30T00:35:15+00:00,2026-08-29,daily,3,2026-09-04T17:30:00Z,400,Doku,MCI,MID,74,-1,-1,1.2,106,8020,600,78035,i,Calf injury - Expected back 5 Sep,2026-08-18T17:00:08.385597Z,0,0,3,,,0.0,0,0,0,0,0,0,0,0,0,0,0,0,0,0.00,0.00,0.00,0.00,0.0,0.0
2026-08-30T00:35:15+00:00,2026-08-29,daily,3,2026-09-04T17:30:00Z,402,Rodrigo,MCI,MID,65,0,0,0.0,0,71,0,867,u,Has joined Barcelona permanently,2026-07-23T12:01:23.675537Z,0,0,,,,0.0,0,0,0,0,0,0,0,0,0,0,0,0,0,0.00,0.00,0.00,0.00,0.0,0.0
2026-08-30T00:35:15+00:00,2026-08-29,daily,3,2026-09-04T17:30:00Z,404,Reijnders,MCI,MID,60,0,0,0.1,0,446,0,6070,u,Has joined Al Qadsiah permanently,2026-08-20T14:02:58.154273Z,0,0,,,,0.0,0,0,0,0,0,0,0,0,0,0,0,0,0,0.00,0.00,0.00,0.00,0.0,0.0
2026-08-30T00:35:15+00:00,2026-08-29,daily,3,2026-09-04T17:30:00Z,406,Kovačić,MCI,MID,55,0,0,0.1,148,404,977,1693,a,,,,,,,,1.0,1,2,42,0,0,0,0,0,0,2,0,0,2,0.00,0.02,0.02,0.10,1.0,1.0
2026-08-30T00:35:15+00:00,2026-08-29,daily,3,2026-09-04T17:30:00Z,407,Echeverri,MCI,MID,50,0,0,0.0,28,82,121,379,a,,,,,,,,0.0,0,0,0,0,0,0,0,0,0,0,0,0,0,0.00,0.00,0.00,0.00,0.0,0.0
2026-08-30T00:35:15+00:00,2026-08-29,daily,3,2026-09-04T17:30:00Z,408,Phillips,MCI,MID,50,0,0,0.0,0,34,0,339,u,Has joined Sheffield United on loan for the rest of the season,2026-08-18T14:11:56.348781Z,0,0,,,,0.0,0,0,0,0,0,0,0,0,0,0,0,0,0,0.00,0.00,0.00,0.00,0.0,0.0
2026-08-30T00:35:15+00:00,2026-08-29,daily,3,2026-09-04T17:30:00Z,409,Mukasa,MCI,MID,45,0,0,0.2,122,649,1049,3135,a,,,,,,,,0.0,0,0,0,0,0,0,0,0,0,0,0,0,0,0.00,0.00,0.00,0.00,0.0,0.0
2026-08-30T00:35:15+00:00,2026-08-29,daily,3,2026-09-04T17:30:00Z,410,Monga,MCI,MID,50,0,0,0.0,22,71,98,354,a,,,,,,,,0.0,0,0,0,0,0,0,0,0,0,0,0,0,0,0.00,0.00,0.00,0.00,0.0,0.0
2026-08-30T00:35:15+00:00,2026-08-29,daily,3,2026-09-04T17:30:00Z,411,Haaland,MCI,FWD,155,0,0,68.7,70878,3188,140483,107040,a,,,,,1,,,7.5,13,15,180,2,2,0,0,2,0,8,3,0,5,1.40,0.02,1.42,1.31,7.5,7.5
2026-08-30T00:35:15+00:00,2026-08-29,daily,3,2026-09-04T17:30:00Z,481,Anderson,MCI,MID,64,0,-1,5.9,4514,22524,14750,175829,a,,2026-08-23T17:00:07.952697Z,100,100,,,2,2.5,3,5,143,2,0,0,0,2,0,20,5,7,8,0.07,0.47,0.54,1.21,2.5,2.5
2026-08-30T00:35:15+00:00,2026-08-29,daily,3,2026-09-04T17:30:00Z,587,Rulli,MCI,GKP,50,0,0,0.0,19,64,113,288,a,,,,,,,,0.0,0,0,0,0,0,0,0,0,0,0,0,0,0,0.00,0.00,0.00,0.00,0.0,0.0
2026-08-30T00:35:15+00:00,2026-08-29,daily,3,2026-09-04T17:30:00Z,616,Bouaddi,MCI,MID,55,0,0,0.1,2468,446,5523,795,a,,,,,,,,1.0,1,1,8,0,0,0,0,0,0,1,1,0,0,0.00,0.12,0.12,0.00,2.0,2.0
2026-08-30T00:35:15+00:00,2026-08-29,daily,3,2026-09-04T17:30:00Z,621,McAidoo,MCI,MID,45,0,0,0.0,857,122,857,122,a,,,,,,,,1.0,1,1,8,0,0,0,0,0,0,0,0,0,0,0.10,0.00,0.10,0.00,1.0,1.0
2026-08-30T00:35:15+00:00,2026-08-29,daily,3,2026-09-04T17:30:00Z,622,Braithwaite,MCI,DEF,40,0,0,0.0,721,113,721,113,a,,,,,,,,1.0,1,1,1,0,0,0,0,0,0,0,0,0,1,0.00,0.00,0.00,0.00,1.0,1.0
2026-08-30T00:35:15+00:00,2026-08-29,daily,3,2026-09-04T17:30:00Z,43,Tielemans,MUN,MID,60,0,0,2.3,2033,5898,14664,41602,a,,2026-07-23T12:01:23.321726Z,100,100,3,,,1.0,0,2,66,1,0,0,0,2,0,5,0,0,5,0.04,0.11,0.15,0.94,1.0,1.0
2026-08-30T00:35:15+00:00,2026-08-29,daily,3,2026-09-04T17:30:00Z,131,Baleba,MUN,MID,50,0,0,0.2,369,954,2693,5375,i,Ankle injury - Expected back 19 Sep,2026-08-06T16:00:10.997714Z,0,0,,,,0.0,0,0,0,0,0,0,0,0,0,0,0,0,0,0.00,0.00,0.00,0.00,0.0,0.0
2026-08-30T00:35:15+00:00,2026-08-29,daily,3,2026-09-04T17:30:00Z,162,Andrey Santos,MUN,MID,50,0,0,1.0,1577,2555,9033,17704,a,,,,,,,,1.0,0,2,66,1,0,0,0,2,0,9,3,1,5,0.00,0.23,0.23,0.94,1.0,1.0
2026-08-30T00:35:15+00:00,2026-08-29,daily,3,2026-09-04T17:30:00Z,325,Darlow,MUN,GKP,45,0,0,0.0,59,67,301,324,a,,2026-07-23T12:01:23.549136Z,100,100,,,,0.0,0,0,0,0,0,0,0,0,0,0,0,0,0,0.00,0.00,0.00,0.00,0.0,0.0
2026-08-30T00:35:15+00:00,2026-08-29,daily,3,2026-09-04T17:30:00Z,412,Lammens,MUN,GKP,50,0,0,15.3,4006,17462,38720,106072,a,,,,,,,,0.5,0,1,90,1,0,0,0,2,2,0,2,0,8,0.00,0.00,0.00,1.01,0.5,0.5
2026-08-30T00:35:15+00:00,2026-08-29,daily,3,2026-09-04T17:30:00Z,413,Bayindir,MUN,GKP,45,0,0,0.0,0,55,0,643,u,Has joined Celta Vigo on loan for the rest of the season,2026-08-10T14:02:28.608415Z,0,0,,,,0.0,0,0,0,0,0,0,0,0,0,0,0,0,0,0.00,0.00,0.00,0.00,0.0,0.0
2026-08-30T00:35:15+00:00,2026-08-29,daily,3,2026-09-04T17:30:00Z,414,Heaton,MUN,GKP,40,0,0,0.1,68,161,283,1166,i,Hamstring injury - Unknown return date,2026-08-15T16:00:07.854151Z,0,0,,,,0.0,0,0,0,0,0,0,0,0,0,0,0,0,0,0.00,0.00,0.00,0.00,0.0,0.0
2026-08-30T00:35:15+00:00,2026-08-29,daily,3,2026-09-04T17:30:00Z,415,Dorgu,MUN,MID,59,-1,-1,1.1,784,3737,5592,32398,a,,,,,,,,0.0,0,0,45,1,0,0,0,2,0,1,1,0,0,0.47,0.03,0.50,0.92,0.0,0.0
2026-08-30T00:35:15+00:00,2026-08-29,daily,3,2026-09-04T17:30:00Z,416,De Ligt,MUN,DEF,50,0,0,0.0,23,110,140,608,i,Back injury - Unknown return date,2026-07-23T12:01:23.690880Z,0,0,,,,0.0,0,0,0,0,0,0,0,0,0,0,0,0,0,0.00,0.00,0.00,0.00,0.0,0.0
2026-08-30T00:35:15+00:00,2026-08-29,daily,3,2026-09-04T17:30:00Z,417,Dalot,MUN,DEF,50,0,0,2.4,927,3996,9117,37628,a,,,,,,,,0.5,0,1,10,0,0,0,0,0,0,3,1,2,1,0.00,0.00,0.00,0.00,0.5,0.5
2026-08-30T00:35:15+00:00,2026-08-29,daily,3,2026-09-04T17:30:00Z,418,Maguire,MUN,DEF,50,0,0,16.5,4520,35745,57473,142056,a,,,,,,,,0.5,0,1,90,1,0,0,0,2,0,4,4,0,5,0.04,0.40,0.44,1.01,0.5,0.5
2026-08-30T00:35:15+00:00,2026-08-29,daily,3,2026-09-04T17:30:00Z,419,Martinez,MUN,DEF,50,0,0,1.3,849,2026,7624,21601,a,,2026-07-24T20:00:10.337107Z,100,100,,,,0.0,0,0,0,0,0,0,0,0,0,0,0,0,0,0.00,0.00,0.00,0.00,0.0,0.0
2026-08-30T00:35:15+00:00,2026-08-29,daily,3,2026-09-04T17:30:00Z,420,Yoro,MUN,DEF,50,0,0,0.6,244,1183,1780,11927,a,,,,,,,,0.0,0,0,0,0,0,0,0,0,0,0,0,0,0,0.00,0.00,0.00,0.00,0.0,0.0
2026-08-30T00:35:15+00:00,2026-08-29,daily,3,2026-09-04T17:30:00Z,421,Heaven,MUN,DEF,45,0,0,0.4,339,602,3427,4793,a,,,,,,,,0.5,0,1,90,1,0,0,0,2,0,2,1,1,4,0.12,0.04,0.16,1.01,0.5,0.5
2026-08-30T00:35:15+00:00,2026-08-29,daily,3,2026-09-04T17:30:00Z,422,Mazraoui,MUN,DEF,45,0,0,0.7,682,960,6536,7052,a,,,,,,,,0.5,0,1,79,1,0,0,0,2,0,5,4,1,3,0.22,0.05,0.27,1.01,0.5,0.5
2026-08-30T00:35:15+00:00,2026-08-29,daily,3,2026-09-04T17:30:00Z,423,Shaw,MUN,DEF,45,0,0,19.1,4185,26345,47112,143434,a,,,,,,,3,0.5,0,1,90,1,0,0,0,2,0,4,3,1,3,0.00,0.26,0.26,1.01,0.5,0.5
2026-08-30T00:35:15+00:00,2026-08-29,daily,3,2026-09-04T17:30:00Z,424,Amass,MUN,DEF,40,0,0,0.2,204,288,1092,2269,a,,,,,,,,0.0,0,0,0,0,0,0,0,0,0,0,0,0,0,0.00,0.00,0.00,0.00,0.0,0.0
2026-08-30T00:35:15+00:00,2026-08-29,daily,3,2026-09-04T17:30:00Z,425,Fredricson,MUN,DEF,40,0,0,0.0,0,76,0,756,u,Has joined Lausanne-Sport permanently,2026-08-18T14:12:31.904433Z,0,0,,,,0.0,0,0,0,0,0,0,0,0,0,0,0,0,0,0.00,0.00,0.00,0.00,0.0,0.0
2026-08-30T00:35:15+00:00,2026-08-29,daily,3,2026-09-04T17:30:00Z,426,B.Fernandes,MUN,MID,120,0,0,46.7,3745,100946,52263,329526,a,,,,,1,1,1,1.0,0,2,90,1,0,0,0,2,0,6,1,0,5,0.08,0.26,0.34,1.01,1.0,1.0
2026-08-30T00:35:15+00:00,2026-08-29,daily,3,2026-09-04T17:30:00Z,427,Mbeumo,MUN,MID,80,0,0,34.1,6710,128155,88935,348343,a,,,,,2,2,2,1.0,0,2,90,1,0,0,0,2,0,4,0,0,4,0.50,0.23,0.73,1.01,1.0,1.0
2026-08-30T00:35:15+00:00,2026-08-29,daily,3,2026-09-04T17:30:00Z,428,Cunha,MUN,MID,80,0,0,9.1,2084,26055,28938,119012,a,,,,,,,,1.0,0,2,79,1,0,0,0,2,0,3,0,0,3,0.24,0.21,0.45,1.01,1.0,1.0
2026-08-30T00:35:15+00:00,2026-08-29,daily,3,2026-09-04T17:30:00Z,429,Rashford,MUN,MID,70,0,0,1.6,1268,4582,16332,26660,a,,,,,,,,0.5,0,1,45,0,0,0,0,0,0,1,0,0,1,0.00,0.10,0.10,0.09,0.5,0.5
2026-08-30T00:35:15+00:00,2026-08-29,daily,3,2026-09-04T17:30:00Z,430,Mount,MUN,MID,55,0,0,0.0,8,80,43,775,d,Foot injury - 75% chance of playing,2026-08-15T16:00:07.879135Z,75,75,,3,,0.0,0,0,0,0,0,0,0,0,0,0,0,0,0,0.00,0.00,0.00,0.00,0.0,0.0
2026-08-30T00:35:15+00:00,2026-08-29,daily,3,2026-09-04T17:30:00Z,431,Amad,MUN,MID,59,0,-1,0.8,62,9069,1638,68528,i,Unspecified injury - Unknown return date,2026-08-22T11:00:08.617283Z,0,0,,,4,0.0,0,0,0,0,0,0,0,0,0,0,0,0,0,0.00,0.00,0.00,0.00,0.0,0.0
2026-08-30T00:35:15+00:00,2026-08-29,daily,3,2026-09-04T17:30:00Z,432,Mainoo,MUN,MID,55,0,0,0.9,837,2082,4297,15775,a,,,,,,,,0.5,0,1,23,0,0,0,0,0,0,1,0,0,1,0.07,0.01,0.08,0.07,0.5,0.5
2026-08-30T00:35:15+00:00,2026-08-29,daily,3,2026-09-04T17:30:00Z,433,Ugarte,MUN,MID,50,0,0,0.0,8,14,32,102,i,Knee injury - Unknown return date,2026-07-23T12:01:23.706702Z,0,0,,,,0.0,0,0,0,0,0,0,0,0,0,0,0,0,0,0.00,0.00,0.00,0.00,0.0,0.0
2026-08-30T00:35:15+00:00,2026-08-29,daily,3,2026-09-04T17:30:00Z,434,J.Fletcher,MUN,MID,50,0,0,0.0,17,30,58,199,a,,,,,,,,0.0,0,0,0,0,0,0,0,0,0,0,0,0,0,0.00,0.00,0.00,0.00,0.0,0.0
2026-08-30T00:35:15+00:00,2026-08-29,daily,3,2026-09-04T17:30:00Z,435,Lacey,MUN,MID,50,0,0,0.1,78,128,405,718,a,,,,,,,,0.5,0,1,10,0,0,0,0,0,0,1,0,0,1,0.00,0.00,0.00,0.00,0.5,0.5
2026-08-30T00:35:15+00:00,2026-08-29,daily,3,2026-09-04T17:30:00Z,436,Collyer,MUN,MID,50,0,0,0.0,28,21,88,255,a,,,,,,,,0.0,0,0,0,0,0,0,0,0,0,0,0,0,0,0.00,0.00,0.00,0.00,0.0,0.0
2026-08-30T00:35:15+00:00,2026-08-29,daily,3,2026-09-04T17:30:00Z,437,Bendito Mantato,MUN,MID,45,0,0,0.2,245,388,1206,2759,a,,,,,,,,0.0,0,0,0,0,0,0,0,0,0,0,0,0,0,0.00,0.00,0.00,0.00,0.0,0.0
2026-08-30T00:35:15+00:00,2026-08-29,daily,3,2026-09-04T17:30:00Z,438,Fletcher,MUN,MID,45,0,0,0.3,291,586,1619,4570,a,,,,,,,,0.0,0,0,0,0,0,0,0,0,0,0,0,0,0,0.00,0.00,0.00,0.00,0.0,0.0
2026-08-30T00:35:15+00:00,2026-08-29,daily,3,2026-09-04T17:30:00Z,439,Šeško,MUN,FWD,70,0,0,1.9,3979,3790,34533,18916,a,,2026-07-23T12:01:23.722029Z,100,100,,,,0.5,0,1,23,0,0,0,0,0,0,0,0,0,0,0.04,0.00,0.04,0.07,0.5,0.5
2026-08-30T00:35:15+00:00,2026-08-29,daily,3,2026-09-04T17:30:00Z,440,Zirkzee,MUN,FWD,54,-1,-1,0.5,853,1513,2898,14644,a,,,,,,,,0.0,0,0,0,0,0,0,0,0,0,0,0,0,0,0.00,0.00,0.00,0.00,0.0,0.0
2026-08-30T00:35:15+00:00,2026-08-29,daily,3,2026-09-04T17:30:00Z,441,Obi,MUN,FWD,45,0,0,1.1,2142,1875,8458,13444,a,,,,,,,,0.0,0,0,0,0,0,0,0,0,0,0,0,0,0,0.00,0.00,0.00,0.00,0.0,0.0
2026-08-30T00:35:15+00:00,2026-08-29,daily,3,2026-09-04T17:30:00Z,405,N.Gonzalez,NEW,MID,55,0,0,0.2,1584,384,3971,2126,a,,,,,,,,1.0,2,2,70,1,0,0,1,0,0,4,2,0,2,0.00,0.20,0.20,0.74,1.0,1.0
2026-08-30T00:35:15+00:00,2026-08-29,daily,3,2026-09-04T17:30:00Z,442,Pope,NEW,GKP,50,0,0,1.2,587,2491,3293,14795,a,,,,,,,,0.0,0,0,0,0,0,0,0,0,0,0,0,0,0,0.00,0.00,0.00,0.00,0.0,0.0
2026-08-30T00:35:15+00:00,2026-08-29,daily,3,2026-09-04T17:30:00Z,443,Gillespie,NEW,GKP,45,0,0,0.0,26,54,188,285,a,,,,,,,,0.0,0,0,0,0,0,0,0,0,0,0,0,0,0,0.00,0.00,0.00,0.00,0.0,0.0
2026-08-30T00:35:15+00:00,2026-08-29,daily,3,2026-09-04T17:30:00Z,444,Jaouen,NEW,GKP,45,0,0,0.0,33,78,157,426,a,,,,,,,,0.0,0,0,0,0,0,0,0,0,0,0,0,0,0,0.00,0.00,0.00,0.00,0.0,0.0
2026-08-30T00:35:15+00:00,2026-08-29,daily,3,2026-09-04T17:30:00Z,445,Thiaw,NEW,DEF,50,0,0,1.8,7611,3344,27409,14242,a,,,,,,,,4.5,6,9,180,2,0,0,1,2,0,18,18,0,3,0.00,0.02,0.02,4.10,4.5,4.5
2026-08-30T00:35:15+00:00,2026-08-29,daily,3,2026-09-04T17:30:00Z,446,Schär,NEW,DEF,50,0,0,0.3,300,687,2195,2572,a,,2026-08-15T16:30:07.209742Z,100,100,,2,,0.5,0,1,1,0,0,0,0,1,0,0,0,0,0,0.00,0.00,0.00,0.79,0.5,0.5
2026-08-30T00:35:15+00:00,2026-08-29,daily,3,2026-09-04T17:30:00Z,447,Botman,NEW,DEF,50,0,0,0.6,1906,692,10791,3974,a,,,,,,,,4.0,5,8,180,2,0,0,1,2,0,15,14,1,6,0.01,0.01,0.02,4.10,4.0,4.0
2026-08-30T00:35:15+00:00,2026-08-29,daily,3,2026-09-04T17:30:00Z,448,Burn,NEW,DEF,49,-1,-1,1.5,105,11060,6352,86371,i,Ankle injury - Expected back 14 Sep,2026-08-23T18:00:08.367241Z,0,0,,,,0.0,0,0,0,0,0,0,0,0,0,0,0,0,0,0.00,0.00,0.00,0.00,0.0,0.0
2026-08-30T00:35:15+00:00,2026-08-29,daily,3,2026-09-04T17:30:00Z,449,Hall,NEW,DEF,50,0,0,4.5,30609,3503,83310,22939,a,,,,,,1,1,7.0,11,14,180,2,0,0,1,2,0,24,17,7,14,0.03,0.66,0.69,4.10,7.0,7.0
2026-08-30T00:35:15+00:00,2026-08-29,daily,3,2026-09-04T17:30:00Z,450,Livramento,NEW,DEF,50,0,0,0.0,9,176,100,1404,i,Calf injury - Unknown return date,2026-07-23T12:01:23.753221Z,0,0,,,,0.0,0,0,0,0,0,0,0,0,0,0,0,0,0,0.00,0.00,0.00,0.00,0.0,0.0
2026-08-30T00:35:15+00:00,2026-08-29,daily,3,2026-09-04T17:30:00Z,451,A.Murphy,NEW,DEF,40,0,0,0.1,0,403,0,3679,u,Has joined FC Kaiserslautern on loan for the rest of the season,2026-08-12T14:05:29.224600Z,0,0,,,,0.0,0,0,0,0,0,0,0,0,0,0,0,0,0,0.00,0.00,0.00,0.00,0.0,0.0
2026-08-30T00:35:15+00:00,2026-08-29,daily,3,2026-09-04T17:30:00Z,453,Barnes,NEW,MID,60,0,0,1.1,2921,2891,17916,13221,a,,,,,,,,2.5,3,5,180,2,0,0,1,2,0,12,5,3,4,0.11,0.03,0.14,4.10,2.5,2.5
2026-08-30T00:35:15+00:00,2026-08-29,daily,3,2026-09-04T17:30:00Z,454,Elanga,NEW,MID,60,0,0,2.9,67343,3471,162784,15344,a,,,,,,,4,8.5,8,17,156,2,2,0,1,1,0,5,1,2,2,0.42,0.11,0.53,2.68,8.5,8.5
2026-08-30T00:35:15+00:00,2026-08-29,daily,3,2026-09-04T17:30:00Z,456,J.Ramsey,NEW,MID,50,0,0,0.3,282,892,1724,5572,a,,,,,,,,0.5,1,1,42,0,0,0,0,1,0,7,3,2,2,0.06,0.14,0.20,1.88,0.5,0.5
2026-08-30T00:35:15+00:00,2026-08-29,daily,3,2026-09-04T17:30:00Z,457,J.Murphy,NEW,MID,60,0,0,0.2,161,569,878,3251,a,,,,,,,2,0.5,1,1,22,0,0,0,0,1,0,5,1,1,3,0.00,0.20,0.20,1.42,0.5,0.5
2026-08-30T00:35:15+00:00,2026-08-29,daily,3,2026-09-04T17:30:00Z,458,Joelinton,NEW,MID,55,0,0,0.0,10,121,58,1189,i,Unspecified injury - Unknown return date,2026-08-16T08:00:08.074045Z,0,0,,,,0.0,0,0,0,0,0,0,0,0,0,0,0,0,0,0.00,0.00,0.00,0.00,0.0,0.0
2026-08-30T00:35:15+00:00,2026-08-29,daily,3,2026-09-04T17:30:00Z,459,L.Miley,NEW,MID,55,0,0,0.1,297,178,1688,712,a,,2026-07-23T12:01:23.785456Z,100,100,,,3,3.0,3,6,165,2,0,0,1,1,0,22,9,1,12,0.05,0.05,0.10,3.06,3.0,3.0
2026-08-30T00:35:15+00:00,2026-08-29,daily,3,2026-09-04T17:30:00Z,460,Willock,NEW,MID,50,0,0,0.3,2495,560,11258,2492,a,,,,,,,,4.5,3,9,104,1,1,0,1,1,0,5,1,2,2,0.16,0.19,0.35,2.24,4.5,4.5
2026-08-30T00:35:15+00:00,2026-08-29,daily,3,2026-09-04T17:30:00Z,461,Touré,NEW,MID,59,-1,-1,0.2,129,1275,642,5733,a,,,,,,,,0.5,1,1,1,0,0,0,0,0,0,0,0,0,0,0.00,0.00,0.00,0.00,0.5,0.5
2026-08-30T00:35:15+00:00,2026-08-29,daily,3,2026-09-04T17:30:00Z,462,Steur,NEW,MID,50,0,0,0.1,128,381,890,1381,a,,,,,,,,1.0,1,2,74,1,0,0,0,1,0,5,3,0,2,0.00,0.00,0.00,1.86,1.0,1.0
2026-08-30T00:35:15+00:00,2026-08-29,daily,3,2026-09-04T17:30:00Z,463,Woltemade,NEW,FWD,60,0,0,1.5,1742,4906,8935,35690,a,,,,,1,,,2.0,4,4,19,0,0,1,0,0,0,0,0,0,0,0.02,0.01,0.03,0.38,2.0,2.0
2026-08-30T00:35:15+00:00,2026-08-29,daily,3,2026-09-04T17:30:00Z,464,Wissa,NEW,FWD,60,0,0,4.5,85508,5972,244465,30060,a,,,,,3,,,6.0,8,12,171,2,1,1,1,1,0,14,2,5,7,1.35,0.02,1.37,2.93,6.0,6.0
2026-08-30T00:35:15+00:00,2026-08-29,daily,3,2026-09-04T17:30:00Z,465,Osula,NEW,FWD,60,0,0,0.8,144,9366,20488,35873,i,Foot injury - Unknown return date,2026-08-25T19:00:08.004915Z,0,0,2,,,2.0,0,4,55,1,0,1,0,1,0,5,2,1,2,0.06,0.14,0.20,1.48,0.0,0.0
2026-08-30T00:35:15+00:00,2026-08-29,daily,3,2026-09-04T17:30:00Z,466,Neave,NEW,FWD,45,0,0,0.8,1895,1423,8373,9548,a,,,,,,,,0.0,0,0,0,0,0,0,0,0,0,0,0,0,0,0.00,0.00,0.00,0.00,0.0,0.0
2026-08-30T00:35:15+00:00,2026-08-29,daily,3,2026-09-04T17:30:00Z,559,Bamba,NEW,MID,50,0,0,0.1,155,373,845,2040,a,,,,,,,,0.5,0,1,14,0,0,0,0,1,0,2,1,1,0,0.00,0.00,0.00,1.04,0.5,0.5
2026-08-30T00:35:15+00:00,2026-08-29,daily,3,2026-09-04T17:30:00Z,567,Horníček,NEW,GKP,50,0,0,0.8,4031,898,9568,5156,a,,,,,,,,4.0,7,8,180,2,0,0,1,2,9,0,5,0,9,0.00,0.00,0.00,4.10,4.0,4.0
2026-08-30T00:35:15+00:00,2026-08-29,daily,3,2026-09-04T17:30:00Z,593,Dedić,NEW,DEF,45,0,0,0.5,15719,956,26078,3112,a,,,,,,,,6.0,11,12,180,2,0,1,1,2,0,17,12,5,7,0.03,0.06,0.09,4.10,6.0,6.0
2026-08-30T00:35:15+00:00,2026-08-29,daily,3,2026-09-04T17:30:00Z,609,Shahar,NEW,DEF,40,0,0,0.1,1412,328,5405,973,a,,,,,,,,0.0,0,0,0,0,0,0,0,0,0,0,0,0,0,0.00,0.00,0.00,0.00,0.0,0.0
2026-08-30T00:35:15+00:00,2026-08-29,daily,3,2026-09-04T17:30:00Z,167,Delap,NFO,FWD,55,0,0,0.5,5437,1494,13177,9059,a,,,,,3,,,0.5,1,1,24,0,0,0,0,1,0,0,0,0,0,0.06,0.00,0.06,0.33,0.5,0.5
2026-08-30T00:35:15+00:00,2026-08-29,daily,3,2026-09-04T17:30:00Z,467,Sels,NFO,GKP,50,0,0,1.5,957,1672,4307,13418,a,,,,,,,,1.5,1,3,180,2,0,0,0,3,4,0,3,0,15,0.00,0.01,0.01,2.22,1.5,1.5
2026-08-30T00:35:15+00:00,2026-08-29,daily,3,2026-09-04T17:30:00Z,468,John,NFO,GKP,45,0,0,0.1,29,77,207,543,a,,,,,,,,0.0,0,0,0,0,0,0,0,0,0,0,0,0,0,0.00,0.00,0.00,0.00,0.0,0.0
2026-08-30T00:35:15+00:00,2026-08-29,daily,3,2026-09-04T17:30:00Z,469,N.Williams,NFO,DEF,50,0,0,8.8,5472,11883,19622,94017,a,,,,,,2,2,4.0,6,8,180,2,0,1,0,3,0,18,9,9,11,0.08,0.17,0.25,2.22,4.0,4.0
2026-08-30T00:35:15+00:00,2026-08-29,daily,3,2026-09-04T17:30:00Z,470,Morato,NFO,DEF,50,0,0,0.0,39,135,269,802,a,,,,,,,,0.0,0,0,0,0,0,0,0,0,0,0,0,0,0,0.00,0.00,0.00,0.00,0.0,0.0
2026-08-30T00:35:15+00:00,2026-08-29,daily,3,2026-09-04T17:30:00Z,471,Milenković,NFO,DEF,55,0,0,1.8,758,1870,3349,18911,a,,,,,,,,2.5,3,5,180,2,0,0,0,3,0,20,17,3,9,0.11,0.02,0.13,2.22,2.5,2.5
2026-08-30T00:35:15+00:00,2026-08-29,daily,3,2026-09-04T17:30:00Z,472,Murillo,NFO,DEF,55,0,0,1.6,1516,2102,10096,13939,a,,2026-07-23T12:01:23.801183Z,100,100,,3,,2.5,1,5,180,2,0,0,0,3,0,20,18,2,6,0.18,0.28,0.46,2.22,2.5,2.5
2026-08-30T00:35:15+00:00,2026-08-29,daily,3,2026-09-04T17:30:00Z,473,Aina,NFO,DEF,45,0,0,3.4,3439,5641,21209,28478,a,,,,,,,,2.5,0,5,158,2,0,0,1,2,0,7,5,2,8,0.04,0.52,0.56,2.09,2.5,2.5
2026-08-30T00:35:15+00:00,2026-08-29,daily,3,2026-09-04T17:30:00Z,474,Jair Cunha,NFO,DEF,45,0,0,0.2,130,220,389,1779,a,,,,,,,,1.0,1,2,180,2,0,0,0,3,0,16,13,3,3,0.00,0.00,0.00,2.22,1.0,1.0
2026-08-30T00:35:15+00:00,2026-08-29,daily,3,2026-09-04T17:30:00Z,475,Savona,NFO,DEF,45,0,0,0.0,4,8,117,56,i,Knee injury - Unknown return date,2026-07-23T12:01:23.816304Z,0,0,,,,0.0,0,0,0,0,0,0,0,0,0,0,0,0,0,0.00,0.00,0.00,0.00,0.0,0.0
2026-08-30T00:35:15+00:00,2026-08-29,daily,3,2026-09-04T17:30:00Z,476,O.Richards,NFO,DEF,40,0,0,0.2,124,316,619,2324,a,,,,,,,,0.0,0,0,0,0,0,0,0,0,0,0,0,0,0,0.00,0.00,0.00,0.00,0.0,0.0
2026-08-30T00:35:15+00:00,2026-08-29,daily,3,2026-09-04T17:30:00Z,477,Abbott,NFO,DEF,40,0,0,0.2,217,342,1213,2565,a,,,,,,,,0.0,0,0,0,0,0,0,0,0,0,0,0,0,0,0.00,0.00,0.00,0.00,0.0,0.0
2026-08-30T00:35:15+00:00,2026-08-29,daily,3,2026-09-04T17:30:00Z,478,Netz,NFO,DEF,45,0,0,0.0,29,69,141,357,a,,,,,,,,1.0,1,2,20,0,0,0,0,1,0,1,0,1,1,0.00,0.00,0.00,0.13,1.0,1.0
2026-08-30T00:35:15+00:00,2026-08-29,daily,3,2026-09-04T17:30:00Z,479,Bindon,NFO,DEF,40,0,0,0.2,75,226,440,1643,a,,,,,,,,0.0,0,0,0,0,0,0,0,0,0,0,0,0,0,0.00,0.00,0.00,0.00,0.0,0.0
2026-08-30T00:35:15+00:00,2026-08-29,daily,3,2026-09-04T17:30:00Z,480,Gibbs-White,NFO,MID,79,-1,-1,8.4,23361,22364,32141,305457,a,,2026-08-24T15:30:08.350159Z,100,100,1,1,,7.5,13,15,180,2,1,1,0,3,0,8,2,2,4,0.92,0.10,1.02,2.22,7.5,7.5
2026-08-30T00:35:15+00:00,2026-08-29,daily,3,2026-09-04T17:30:00Z,482,Hudson-Odoi,NFO,MID,59,-1,-1,0.2,281,781,1007,6265,a,,2026-07-23T12:01:23.832709Z,100,100,,4,,0.5,1,1,1,0,0,0,0,0,0,0,0,0,0,0.00,0.00,0.00,0.00,0.5,0.5
2026-08-30T00:35:15+00:00,2026-08-29,daily,3,2026-09-04T17:30:00Z,483,Ndoye,NFO,MID,55,0,0,0.5,5336,987,6827,6249,a,,,,,,,,6.0,9,12,126,2,1,0,1,1,0,12,2,1,9,0.58,0.63,1.21,1.67,6.0,6.0
2026-08-30T00:35:15+00:00,2026-08-29,daily,3,2026-09-04T17:30:00Z,484,Hutchinson,NFO,MID,55,0,0,0.2,61,415,275,2661,a,,,,,,,,0.0,0,0,0,0,0,0,0,0,0,0,0,0,0,0.00,0.00,0.00,0.00,0.0,0.0
2026-08-30T00:35:15+00:00,2026-08-29,daily,3,2026-09-04T17:30:00Z,485,Bakwa,NFO,MID,55,0,0,0.0,0,151,107,556,u,Has joined Lille on loan for the rest of the season,2026-08-27T14:53:03.381941Z,0,0,,,,0.0,0,0,0,0,0,0,0,0,0,0,0,0,0,0.00,0.00,0.00,0.00,0.0,0.0
2026-08-30T00:35:15+00:00,2026-08-29,daily,3,2026-09-04T17:30:00Z,486,McAtee,NFO,MID,55,0,0,0.1,530,177,1204,652,a,,,,,,,1,2.5,2,5,163,2,0,0,1,2,0,16,4,2,10,0.00,0.32,0.32,2.09,2.5,2.5
2026-08-30T00:35:15+00:00,2026-08-29,daily,3,2026-09-04T17:30:00Z,487,Dominguez,NFO,MID,50,0,0,0.1,62,166,276,1228,a,,,,,,,,0.5,1,1,1,0,0,0,0,0,0,0,0,0,0,0.00,0.00,0.00,0.00,0.5,0.5
2026-08-30T00:35:15+00:00,2026-08-29,daily,3,2026-09-04T17:30:00Z,488,I.Sangaré,NFO,MID,50,0,0,0.8,65,5269,2915,23246,i,Calf injury - Unknown return date,2026-08-28T09:30:07.471668Z,0,0,,,,1.0,0,2,90,1,0,0,0,1,0,6,3,0,3,0.03,0.01,0.04,0.47,0.0,0.0
2026-08-30T00:35:15+00:00,2026-08-29,daily,3,2026-09-04T17:30:00Z,489,Yates,NFO,MID,45,0,0,1.5,2874,2553,4617,39636,a,,2026-08-17T20:30:08.195072Z,100,100,,,,0.0,0,0,0,0,0,0,0,0,0,0,0,0,0,0.00,0.00,0.00,0.00,0.0,0.0
2026-08-30T00:35:15+00:00,2026-08-29,daily,3,2026-09-04T17:30:00Z,490,Wood,NFO,FWD,59,-1,-1,1.5,1005,7259,5574,36610,a,,,,,2,,,0.5,0,1,28,0,0,0,0,1,0,1,0,0,1,0.12,0.01,0.13,0.22,0.5,0.5
2026-08-30T00:35:15+00:00,2026-08-29,daily,3,2026-09-04T17:30:00Z,491,Igor Jesus,NFO,FWD,60,0,0,3.6,3209,11251,13446,69801,a,,,,,4,,,1.5,1,3,180,2,0,0,0,3,0,8,5,1,2,1.29,0.06,1.35,2.22,1.5,1.5
2026-08-30T00:35:15+00:00,2026-08-29,daily,3,2026-09-04T17:30:00Z,493,Kalimuendo,NFO,FWD,55,0,0,0.1,77,196,416,953,a,,,,,,,,0.5,0,1,1,0,0,0,0,0,0,0,0,0,0,0.00,0.00,0.00,0.00,0.5,0.5
2026-08-30T00:35:15+00:00,2026-08-29,daily,3,2026-09-04T17:30:00Z,558,Schlager,NFO,MID,50,0,0,0.1,156,134,314,1278,a,,,,,,,3,2.5,4,5,106,1,0,0,0,3,0,16,3,5,8,0.07,0.00,0.07,1.88,2.5,2.5
2026-08-30T00:35:15+00:00,2026-08-29,daily,3,2026-09-04T17:30:00Z,581,Diomande,NFO,DEF,55,0,0,0.7,636,2448,4120,14549,a,,,,,,,,0.0,0,0,0,0,0,0,0,0,0,0,0,0,0,0.00,0.00,0.00,0.00,0.0,0.0
2026-08-30T00:35:15+00:00,2026-08-29,daily,3,2026-09-04T17:30:00Z,590,Benda,NFO,GKP,45,0,0,0.1,146,118,771,662,a,,,,,,,,0.0,0,0,0,0,0,0,0,0,0,0,0,0,0,0.00,0.00,0.00,0.00,0.0,0.0
2026-08-30T00:35:15+00:00,2026-08-29,daily,3,2026-09-04T17:30:00Z,112,Van Hecke,TOT,DEF,50,0,0,9.3,4056,25101,40660,123869,a,,,,,,,,1.0,1,2,180,2,0,0,0,5,0,17,13,4,7,0.11,0.06,0.17,4.59,1.0,1.0
2026-08-30T00:35:15+00:00,2026-08-29,daily,3,2026-09-04T17:30:00Z,401,Marmoush,TOT,FWD,70,0,0,1.6,24566,4996,64374,24357,a,,,,,2,,,1.0,2,2,90,1,0,0,0,2,0,4,0,1,3,0.17,0.07,0.24,0.72,1.0,1.0
2026-08-30T00:35:15+00:00,2026-08-29,daily,3,2026-09-04T17:30:00Z,403,Sávio,TOT,MID,65,0,0,1.0,8894,5027,64641,11891,d,Muscular injury - 75% chance of playing,2026-08-29T16:30:08.380416Z,,75,,,,0.0,0,0,0,0,0,0,0,0,0,0,0,0,0,0.00,0.00,0.00,0.00,0.0,0.0
2026-08-30T00:35:15+00:00,2026-08-29,daily,3,2026-09-04T17:30:00Z,455,Tonali,TOT,MID,55,0,0,3.6,2198,12126,16317,64342,a,,,,,,5,,2.0,2,4,164,2,0,0,0,5,0,8,1,1,6,0.09,0.08,0.17,4.59,2.0,2.0
2026-08-30T00:35:15+00:00,2026-08-29,daily,3,2026-09-04T17:30:00Z,494,Vicario,TOT,GKP,45,0,0,0.2,0,1299,0,12736,u,Has joined Juventus on loan for the rest of the season,2026-08-19T13:55:33.193962Z,0,0,,,,0.0,0,0,0,0,0,0,0,0,0,0,0,0,0,0.00,0.00,0.00,0.00,0.0,0.0
2026-08-30T00:35:15+00:00,2026-08-29,daily,3,2026-09-04T17:30:00Z,495,Austin,TOT,GKP,40,0,0,0.9,1003,601,4215,4303,a,,,,,,,,0.0,0,0,0,0,0,0,0,0,0,0,0,0,0,0.00,0.00,0.00,0.00,0.0,0.0
2026-08-30T00:35:15+00:00,2026-08-29,daily,3,2026-09-04T17:30:00Z,496,Kinsky,TOT,GKP,45,0,0,22.2,7352,31535,47977,113686,a,,,,,,,,1.5,1,3,180,2,0,0,0,5,5,0,4,0,18,0.00,0.00,0.00,4.59,1.5,1.5
2026-08-30T00:35:15+00:00,2026-08-29,daily,3,2026-09-04T17:30:00Z,497,Dubravka,TOT,GKP,40,0,0,18.4,11554,12463,46640,76280,a,,,,,,,,0.0,0,0,0,0,0,0,0,0,0,0,0,0,0,0.00,0.00,0.00,0.00,0.0,0.0
2026-08-30T00:35:15+00:00,2026-08-29,daily,3,2026-09-04T17:30:00Z,498,Senesi,TOT,DEF,60,0,0,7.3,1770,21403,17712,85638,a,,,,,,,,1.5,0,3,90,1,0,0,0,3,0,16,11,5,2,0.00,0.02,0.02,3.87,1.5,1.5
2026-08-30T00:35:15+00:00,2026-08-29,daily,3,2026-09-04T17:30:00Z,499,Pedro Porro,TOT,DEF,55,0,0,13.4,11209,21171,31783,338689,a,,2026-08-21T15:22:48.149081Z,100,100,,1,3,0.5,1,1,90,1,0,0,0,2,0,4,3,1,2,0.33,0.10,0.43,0.72,0.5,0.5
2026-08-30T00:35:15+00:00,2026-08-29,daily,3,2026-09-04T17:30:00Z,500,Romero,TOT,DEF,50,0,0,0.1,0,980,0,11759,u,Has joined Atletico Madrid permanently,2026-08-17T13:49:05.465401Z,0,0,,,,0.0,0,0,0,0,0,0,0,0,0,0,0,0,0,0.00,0.00,0.00,0.00,0.0,0.0
2026-08-30T00:35:15+00:00,2026-08-29,daily,3,2026-09-04T17:30:00Z,501,Danso,TOT,DEF,50,0,0,0.2,167,429,1187,2861,a,,,,,,,,0.0,0,0,0,0,0,0,0,0,0,0,0,0,0,0.00,0.00,0.00,0.00,0.0,0.0
2026-08-30T00:35:15+00:00,2026-08-29,daily,3,2026-09-04T17:30:00Z,502,Robertson,TOT,DEF,45,0,0,3.8,2903,6848,25074,30146,a,,,,,,,1,2.5,2,5,157,2,0,0,0,4,0,14,11,3,4,0.06,0.08,0.14,4.35,2.5,2.5
2026-08-30T00:35:15+00:00,2026-08-29,daily,3,2026-09-04T17:30:00Z,503,Van de Ven,TOT,DEF,50,0,0,4.3,3911,7882,12285,132585,a,,2026-08-21T15:00:07.610517Z,100,100,,,,0.0,0,0,90,1,0,0,0,2,0,8,7,1,4,0.00,0.02,0.02,0.72,0.0,0.0
2026-08-30T00:35:15+00:00,2026-08-29,daily,3,2026-09-04T17:30:00Z,505,Spence,TOT,DEF,45,0,0,0.4,0,3692,0,49474,u,Has joined Internazionale permanently,2026-08-18T14:13:08.454214Z,0,0,,,,0.0,0,0,0,0,0,0,0,0,0,0,0,0,0,0.00,0.00,0.00,0.00,0.0,0.0
2026-08-30T00:35:15+00:00,2026-08-29,daily,3,2026-09-04T17:30:00Z,506,Udogie,TOT,DEF,45,0,0,0.5,224,845,1909,5537,a,,,,,,,,1.0,1,2,26,0,0,0,0,1,0,1,0,1,3,0.00,0.21,0.21,0.68,1.0,1.0
2026-08-30T00:35:15+00:00,2026-08-29,daily,3,2026-09-04T17:30:00Z,507,Phillips,TOT,DEF,45,0,0,0.0,0,63,0,721,u,Has joined Middlesbrough permanently,2026-08-18T14:13:08.474144Z,0,0,,,,0.0,0,0,0,0,0,0,0,0,0,0,0,0,0,0.00,0.00,0.00,0.00,0.0,0.0
2026-08-30T00:35:15+00:00,2026-08-29,daily,3,2026-09-04T17:30:00Z,508,Davies,TOT,DEF,40,0,0,1.0,536,1392,3413,10375,a,,,,,,,,0.0,0,0,0,0,0,0,0,0,0,0,0,0,0,0.00,0.00,0.00,0.00,0.0,0.0
2026-08-30T00:35:15+00:00,2026-08-29,daily,3,2026-09-04T17:30:00Z,509,Byfield,TOT,DEF,40,0,0,0.1,70,90,389,648,a,,,,,,,,0.0,0,0,0,0,0,0,0,0,0,0,0,0,0,0.00,0.00,0.00,0.00,0.0,0.0
2026-08-30T00:35:15+00:00,2026-08-29,daily,3,2026-09-04T17:30:00Z,510,Rowswell,TOT,DEF,40,0,0,0.1,84,124,419,819,a,,,,,,,,0.0,0,0,0,0,0,0,0,0,0,0,0,0,0,0.00,0.00,0.00,0.00,0.0,0.0
2026-08-30T00:35:15+00:00,2026-08-29,daily,3,2026-09-04T17:30:00Z,511,Souza,TOT,DEF,40,0,0,0.3,316,439,1509,3133,a,,,,,,,,0.0,0,0,0,0,0,0,0,0,0,0,0,0,0,0.00,0.00,0.00,0.00,0.0,0.0
2026-08-30T00:35:15+00:00,2026-08-29,daily,3,2026-09-04T17:30:00Z,512,Kudus,TOT,MID,65,0,0,0.1,270,321,539,2727,a,,2026-07-23T12:01:23.848657Z,75,100,3,3,,0.5,1,1,22,0,0,0,0,1,0,2,0,0,2,0.04,0.01,0.05,0.24,0.4,0.5
2026-08-30T00:35:15+00:00,2026-08-29,daily,3,2026-09-04T17:30:00Z,513,Xavi,TOT,MID,60,0,0,0.0,20,84,97,440,i,Knee injury - Unknown return date,2026-07-23T12:01:23.864304Z,0,0,4,2,,0.0,0,0,0,0,0,0,0,0,0,0,0,0,0,0.00,0.00,0.00,0.00,0.0,0.0
2026-08-30T00:35:15+00:00,2026-08-29,daily,3,2026-09-04T17:30:00Z,514,Tel,TOT,MID,60,0,0,0.5,332,2658,4506,13119,a,,,,,,4,,2.0,2,4,157,2,0,0,0,4,0,11,1,1,9,0.20,0.09,0.29,4.35,2.0,2.0
2026-08-30T00:35:15+00:00,2026-08-29,daily,3,2026-09-04T17:30:00Z,515,Maddison,TOT,MID,64,-1,-1,0.9,60,7270,2746,44256,d,Shoulder injury - 75% chance of playing,2026-08-25T14:30:07.623508Z,75,75,,,,0.5,0,1,22,0,0,0,0,0,0,2,1,0,1,0.00,0.01,0.01,0.85,0.4,0.4
2026-08-30T00:35:15+00:00,2026-08-29,daily,3,2026-09-04T17:30:00Z,516,Bentancur,TOT,MID,55,0,0,0.2,169,334,771,2365,a,,,,,,,,1.5,2,3,135,1,0,0,0,3,0,16,3,5,8,0.00,0.03,0.03,2.90,1.5,1.5
2026-08-30T00:35:15+00:00,2026-08-29,daily,3,2026-09-04T17:30:00Z,517,Odobert,TOT,MID,55,0,0,0.0,5,8,21,27,i,Knee injury - Unknown return date,2026-07-23T12:01:23.879434Z,0,0,,,,0.0,0,0,0,0,0,0,0,0,0,0,0,0,0,0.00,0.00,0.00,0.00,0.0,0.0
2026-08-30T00:35:15+00:00,2026-08-29,daily,3,2026-09-04T17:30:00Z,518,P.M.Sarr,TOT,MID,49,0,-1,0.2,1233,468,1346,10932,a,,2026-08-21T14:30:08.419690Z,0,100,,,,0.0,0,0,0,0,0,0,0,0,0,0,0,0,0,0.00,0.00,0.00,0.00,0.0,0.0
2026-08-30T00:35:15+00:00,2026-08-29,daily,3,2026-09-04T17:30:00Z,519,Gallagher,TOT,MID,55,0,0,0.3,195,859,1403,5506,a,,,,,,,,0.0,0,0,45,1,0,0,0,2,0,3,0,1,2,0.02,0.06,0.08,1.70,0.0,0.0
2026-08-30T00:35:15+00:00,2026-08-29,daily,3,2026-09-04T17:30:00Z,520,Bergvall,TOT,MID,55,0,0,0.2,120,476,755,2675,a,,,,,,,,0.5,0,1,45,1,0,0,0,2,0,8,0,1,7,0.00,0.01,0.01,1.70,0.5,0.5
2026-08-30T00:35:15+00:00,2026-08-29,daily,3,2026-09-04T17:30:00Z,521,Kulusevski,TOT,MID,65,0,0,0.0,14,30,89,271,i,Knee injury - Unknown return date,2026-07-23T12:01:23.895175Z,0,0,,,,0.0,0,0,0,0,0,0,0,0,0,0,0,0,0,0.00,0.00,0.00,0.00,0.0,0.0
2026-08-30T00:35:15+00:00,2026-08-29,daily,3,2026-09-04T17:30:00Z,522,Gray,TOT,MID,50,0,0,0.2,416,557,2127,3101,a,,,,,,,,2.0,2,4,152,2,0,0,0,4,0,11,5,1,5,0.00,0.01,0.01,3.91,2.0,2.0
2026-08-30T00:35:15+00:00,2026-08-29,daily,3,2026-09-04T17:30:00Z,523,Moore,TOT,MID,50,0,0,0.2,314,556,2733,3082,a,,,,,,,,1.5,1,3,89,1,0,0,0,4,0,3,0,1,2,0.40,0.02,0.42,3.26,1.5,1.5
2026-08-30T00:35:15+00:00,2026-08-29,daily,3,2026-09-04T17:30:00Z,524,Olusesi,TOT,MID,45,0,0,0.8,266,1351,2280,10663,a,,,,,,,,0.0,0,0,0,0,0,0,0,0,0,0,0,0,0,0.00,0.00,0.00,0.00,0.0,0.0
2026-08-30T00:35:15+00:00,2026-08-29,daily,3,2026-09-04T17:30:00Z,525,Fernandes,TOT,MID,60,0,0,1.6,854,5913,5383,37242,a,,,,,,,2,1.5,2,3,135,1,0,0,0,3,0,10,0,4,6,0.01,0.23,0.24,2.90,1.5,1.5
2026-08-30T00:35:15+00:00,2026-08-29,daily,3,2026-09-04T17:30:00Z,526,Solanke,TOT,FWD,60,0,0,1.3,1715,4960,9927,25778,a,,,,,1,,,1.0,1,2,37,0,0,0,0,0,0,0,0,0,0,0.27,0.00,0.27,0.85,1.0,1.0
2026-08-30T00:35:15+00:00,2026-08-29,daily,3,2026-09-04T17:30:00Z,527,Richarlison,TOT,FWD,60,0,0,2.6,1690,16141,16413,62612,a,,,,,5,,,1.0,0,2,67,1,0,0,0,3,0,1,1,0,0,0.00,0.00,0.00,3.02,1.0,1.0
2026-08-30T00:35:15+00:00,2026-08-29,daily,3,2026-09-04T17:30:00Z,528,Scarlett,TOT,FWD,45,0,0,1.8,4272,3070,17456,20250,a,,,,,,,,0.0,0,0,0,0,0,0,0,0,0,0,0,0,0,0.00,0.00,0.00,0.00,0.0,0.0
2026-08-30T00:35:15+00:00,2026-08-29,daily,3,2026-09-04T17:30:00Z,601,Williams-Barnett,TOT,MID,45,0,0,0.1,691,297,3327,881,a,,,,,,,,0.0,0,0,0,0,0,0,0,0,0,0,0,0,0,0.00,0.00,0.00,0.00,0.0,0.0
2026-08-30T00:35:15+00:00,2026-08-29,daily,3,2026-09-04T17:30:00Z,529,Roefs,SUN,GKP,50,0,0,3.8,438,7581,5204,37915,a,,,,,,,,0.5,0,1,90,1,0,0,0,2,1,0,1,0,8,0.00,0.00,0.00,1.80,0.5,0.5
2026-08-30T00:35:15+00:00,2026-08-29,daily,3,2026-09-04T17:30:00Z,530,Patterson,SUN,GKP,40,0,0,0.2,0,300,0,2607,u,Has joined Wrexham permanently,2026-08-12T14:08:03.064533Z,0,0,,,,0.0,0,0,0,0,0,0,0,0,0,0,0,0,0,0.00,0.00,0.00,0.00,0.0,0.0
2026-08-30T00:35:15+00:00,2026-08-29,daily,3,2026-09-04T17:30:00Z,531,Ellborg,SUN,GKP,45,0,0,0.1,41,79,250,933,a,,,,,,,,0.0,0,0,0,0,0,0,0,0,0,0,0,0,0,0.00,0.00,0.00,0.00,0.0,0.0
2026-08-30T00:35:15+00:00,2026-08-29,daily,3,2026-09-04T17:30:00Z,532,Ballard,SUN,DEF,50,0,0,4.8,1063,14865,13861,64569,a,,,,,,,,0.0,0,0,90,1,0,0,0,2,0,9,7,2,0,0.00,0.01,0.01,1.80,0.0,0.0
2026-08-30T00:35:15+00:00,2026-08-29,daily,3,2026-09-04T17:30:00Z,533,Mukiele,SUN,DEF,55,0,0,2.4,586,4321,6174,42908,a,,2026-08-09T08:30:05.954750Z,100,100,,,,0.0,0,0,0,0,0,0,0,0,0,0,0,0,0,0.00,0.00,0.00,0.00,0.0,0.0
2026-08-30T00:35:15+00:00,2026-08-29,daily,3,2026-09-04T17:30:00Z,534,Hume,SUN,DEF,45,0,0,6.2,1081,10848,14700,48219,a,,,,,,,3,1.0,0,2,79,1,0,0,0,1,0,4,1,3,6,0.04,0.27,0.31,1.69,1.0,1.0
2026-08-30T00:35:15+00:00,2026-08-29,daily,3,2026-09-04T17:30:00Z,535,Alderete,SUN,DEF,50,0,0,0.4,292,631,2889,5895,a,,2026-08-09T08:30:05.962393Z,100,100,,,,0.5,0,1,23,0,0,0,0,1,0,0,0,0,2,0.00,0.01,0.01,0.10,0.5,0.5
2026-08-30T00:35:15+00:00,2026-08-29,daily,3,2026-09-04T17:30:00Z,536,Reinildo,SUN,DEF,45,0,0,0.4,88,532,1063,4110,a,,,,,,,,0.5,0,1,90,1,0,0,0,2,0,8,5,3,5,0.00,0.29,0.29,1.80,0.5,0.5
2026-08-30T00:35:15+00:00,2026-08-29,daily,3,2026-09-04T17:30:00Z,537,Seelt,SUN,DEF,45,0,0,0.0,3,88,61,215,u,Has joined Swansea City on loan for the rest of the season,2026-08-29T00:34:52.425076Z,,0,,,,0.0,0,0,0,0,0,0,0,0,0,0,0,0,0,0.00,0.00,0.00,0.00,0.0,0.0
2026-08-30T00:35:15+00:00,2026-08-29,daily,3,2026-09-04T17:30:00Z,538,Hjelde,SUN,DEF,40,0,0,0.1,0,129,0,1119,u,Has joined KV Mechelen on loan for the rest of the season,2026-08-12T14:08:03.081789Z,0,0,,,,0.0,0,0,0,0,0,0,0,0,0,0,0,0,0,0.00,0.00,0.00,0.00,0.0,0.0
2026-08-30T00:35:15+00:00,2026-08-29,daily,3,2026-09-04T17:30:00Z,539,O'Nien,SUN,DEF,40,0,0,3.4,603,2612,5205,20151,a,,,,,,,,0.5,0,1,66,1,0,0,0,1,0,5,4,1,4,0.01,0.01,0.02,1.69,0.5,0.5
2026-08-30T00:35:15+00:00,2026-08-29,daily,3,2026-09-04T17:30:00Z,540,Masuaku,SUN,DEF,40,0,0,0.2,0,651,0,5519,u,Has joined Konyaspor permanently,2026-08-12T14:08:03.097784Z,0,0,,,,0.0,0,0,0,0,0,0,0,0,0,0,0,0,0,0.00,0.00,0.00,0.00,0.0,0.0
2026-08-30T00:35:15+00:00,2026-08-29,daily,3,2026-09-04T17:30:00Z,541,Meunier,SUN,DEF,45,0,0,0.3,69,270,1079,1988,a,,2026-08-16T08:30:07.830062Z,100,100,,,,0.5,0,1,90,1,0,0,0,2,0,4,2,2,3,0.08,0.08,0.16,1.80,0.5,0.5
2026-08-30T00:35:15+00:00,2026-08-29,daily,3,2026-09-04T17:30:00Z,542,E.Le Fée,SUN,MID,60,0,0,8.3,1117,27166,12503,142276,a,,,,,2,2,1,1.0,0,2,79,1,0,0,0,1,0,2,0,1,1,0.00,0.03,0.03,1.69,1.0,1.0
2026-08-30T00:35:15+00:00,2026-08-29,daily,3,2026-09-04T17:30:00Z,543,Diarra,SUN,MID,55,0,0,0.1,46,151,381,1328,a,,,,,1,,,0.5,0,1,10,0,0,0,0,1,0,0,0,0,0,0.03,0.00,0.03,0.10,0.5,0.5
2026-08-30T00:35:15+00:00,2026-08-29,daily,3,2026-09-04T17:30:00Z,544,Xhaka,SUN,MID,55,0,0,4.7,4892,4495,47673,22710,a,,,,,,1,2,4.5,0,9,90,1,0,1,0,2,0,13,2,3,8,0.00,0.09,0.09,1.80,4.5,4.5
2026-08-30T00:35:15+00:00,2026-08-29,daily,3,2026-09-04T17:30:00Z,545,Sadiki,SUN,MID,50,0,0,0.3,202,561,1367,4058,a,,,,,,,,1.0,0,2,90,1,0,0,0,2,0,2,0,0,2,0.06,0.03,0.09,1.80,1.0,1.0
2026-08-30T00:35:15+00:00,2026-08-29,daily,3,2026-09-04T17:30:00Z,546,Adingra,SUN,MID,49,-1,-1,0.1,38,328,91,3887,i,Ankle injury - Unknown return date,2026-08-20T14:00:08.416985Z,0,0,,,,0.0,0,0,0,0,0,0,0,0,0,0,0,0,0,0.00,0.00,0.00,0.00,0.0,0.0
2026-08-30T00:35:15+00:00,2026-08-29,daily,3,2026-09-04T17:30:00Z,547,Mundle,SUN,MID,50,0,0,0.0,9,17,49,167,a,,,,,,,,0.0,0,0,0,0,0,0,0,0,0,0,0,0,0,0.00,0.00,0.00,0.00,0.0,0.0
2026-08-30T00:35:15+00:00,2026-08-29,daily,3,2026-09-04T17:30:00Z,548,Rigg,SUN,MID,50,0,0,0.1,21,96,120,716,a,,,,,,,,0.5,0,1,10,0,0,0,0,1,0,1,0,0,1,0.00,0.00,0.00,0.10,0.5,0.5
2026-08-30T00:35:15+00:00,2026-08-29,daily,3,2026-09-04T17:30:00Z,549,Talbi,SUN,MID,55,0,0,0.2,43,380,327,3224,a,,,,,,,,0.5,0,1,31,0,0,0,0,1,0,2,0,0,2,0.00,0.00,0.00,0.14,0.5,0.5
2026-08-30T00:35:15+00:00,2026-08-29,daily,3,2026-09-04T17:30:00Z,550,Jocelin.T,SUN,MID,50,0,0,0.0,8,14,59,115,a,,,,,,,,0.0,0,0,0,0,0,0,0,0,0,0,0,0,0,0.00,0.00,0.00,0.00,0.0,0.0
2026-08-30T00:35:15+00:00,2026-08-29,daily,3,2026-09-04T17:30:00Z,551,Angulo,SUN,MID,50,0,0,0.1,537,264,5880,1643,a,,,,,,3,,2.5,0,5,58,1,1,0,0,1,0,7,1,1,5,0.15,0.01,0.16,1.66,2.5,2.5
2026-08-30T00:35:15+00:00,2026-08-29,daily,3,2026-09-04T17:30:00Z,552,Brobbey,SUN,FWD,60,0,0,12.4,5769,28568,44038,148195,a,,,,,,,,1.0,0,2,66,1,0,0,0,1,0,0,0,0,0,0.30,0.00,0.30,1.69,1.0,1.0
2026-08-30T00:35:15+00:00,2026-08-29,daily,3,2026-09-04T17:30:00Z,553,Isidor,SUN,FWD,55,0,0,0.9,457,1630,2927,14551,a,,,,,,,,0.5,0,1,23,0,0,0,0,1,0,0,0,0,0,0.00,0.00,0.00,0.10,0.5,0.5
2026-08-30T00:35:15+00:00,2026-08-29,daily,3,2026-09-04T17:30:00Z,612,Methalie,SUN,DEF,45,0,0,0.0,16,12,111,39,s,Suspended until 5 Sep,2026-08-28T13:00:08.950445Z,0,0,,,,0.0,0,0,0,0,0,0,0,0,0,0,0,0,0,0.00,0.00,0.00,0.00,0.0,0.0
2026-08-30T00:35:15+00:00,2026-08-29,daily,3,2026-09-04T17:30:00Z,613,Ahoka,SUN,MID,45,0,0,0.1,2323,429,4798,827,a,,,,,,,,0.0,0,0,0,0,0,0,0,0,0,0,0,0,0,0.00,0.00,0.00,0.00,1.0,1.0
