snapshot_utc,snapshot_date,snapshot_kind,event,deadline_time,id,web_name,team,position,now_cost,cost_change_event,cost_change_start,selected_by_percent,transfers_in_event,transfers_out_event,transfers_in,transfers_out,status,news,news_added,chance_of_playing_this_round,chance_of_playing_next_round,penalties_order,direct_freekicks_order,corners_and_indirect_freekicks_order,form,event_points,total_points,minutes,starts,goals_scored,assists,clean_sheets,goals_conceded,saves,defensive_contribution,clearances_blocks_interceptions,tackles,recoveries,expected_goals,expected_assists,expected_goal_involvements,expected_goals_conceded,ep_this,ep_next
2026-09-10T00:27:33+00:00,2026-09-09,daily,4,2026-09-12T12:30:00Z,1,Raya,ARS,GKP,60,0,0,38.9,142535,117161,454217,427867,a,,,,,,,,5.0,3,15,270,3,0,0,2,1,5,0,4,0,30,0.00,0.01,0.01,0.92,5.0,5.0
2026-09-10T00:27:33+00:00,2026-09-09,daily,4,2026-09-12T12:30:00Z,2,Arrizabalaga,ARS,GKP,49,-1,-1,0.1,218,586,1139,3189,a,,,,,,,,0.0,0,0,0,0,0,0,0,0,0,0,0,0,0,0.00,0.00,0.00,0.00,0.0,0.0
2026-09-10T00:27:33+00:00,2026-09-09,daily,4,2026-09-12T12:30:00Z,3,Meslier,ARS,GKP,49,-1,-1,0.0,82,212,355,1163,a,,,,,,,,0.0,0,0,0,0,0,0,0,0,0,0,0,0,0,0.00,0.00,0.00,0.00,0.0,0.0
2026-09-10T00:27:33+00:00,2026-09-09,daily,4,2026-09-12T12:30:00Z,4,Gabriel,ARS,DEF,80,0,0,24.7,33886,145540,139534,615290,a,,,,,,,,5.0,2,15,270,3,0,0,2,1,0,21,19,2,11,0.49,0.05,0.54,0.92,5.0,5.0
2026-09-10T00:27:33+00:00,2026-09-09,daily,4,2026-09-12T12:30:00Z,5,J.Timber,ARS,DEF,65,0,0,0.1,479,1009,1429,6554,d,Groin injury - 25% chance of playing,2026-07-23T12:01:23.272929Z,25,25,,,,0.0,0,0,0,0,0,0,0,0,0,0,0,0,0,0.00,0.00,0.00,0.00,0.0,0.0
2026-09-10T00:27:33+00:00,2026-09-09,daily,4,2026-09-12T12:30:00Z,6,Saliba,ARS,DEF,59,-1,-1,0.2,615,2581,2563,14879,i,Back injury - Unknown return date,2026-07-23T12:01:23.289376Z,0,0,,,,0.0,0,0,0,0,0,0,0,0,0,0,0,0,0,0.00,0.00,0.00,0.00,0.0,0.0
2026-09-10T00:27:33+00:00,2026-09-09,daily,4,2026-09-12T12:30:00Z,7,Lewis-Skelly,ARS,MID,55,0,0,0.7,4865,6604,23407,29145,a,,,,,,,,2.7,2,8,226,3,0,0,2,1,0,14,5,1,8,0.16,0.23,0.39,0.79,2.7,2.7
2026-09-10T00:27:33+00:00,2026-09-09,daily,4,2026-09-12T12:30:00Z,8,Calafiori,ARS,DEF,57,0,2,47.9,290747,52701,1116331,212890,a,,,,,,,,7.3,2,22,236,3,0,2,2,1,0,9,6,3,6,0.54,0.58,1.12,0.65,7.3,7.3
2026-09-10T00:27:33+00:00,2026-09-09,daily,4,2026-09-12T12:30:00Z,9,Hincapie,ARS,DEF,53,-1,-2,1.1,2559,12626,10894,89313,a,,,,,,,,0.7,1,2,32,0,0,0,0,0,0,3,2,1,0,0.00,0.00,0.00,0.28,0.7,0.7
2026-09-10T00:27:33+00:00,2026-09-09,daily,4,2026-09-12T12:30:00Z,10,White,ARS,DEF,55,0,0,7.6,74501,67675,382737,210106,a,,2026-07-23T12:01:23.305229Z,100,100,,,,6.7,2,20,270,3,0,1,2,1,0,15,11,4,9,0.18,0.29,0.47,0.92,6.7,6.7
2026-09-10T00:27:33+00:00,2026-09-09,daily,4,2026-09-12T12:30:00Z,11,Mosquera,ARS,DEF,54,-1,-1,3.3,609,105190,29565,279507,d,Muscular injury - 75% chance of playing,2026-09-04T14:00:08.080310Z,75,75,,,,4.0,0,12,168,2,0,0,2,0,0,10,10,0,3,0.00,0.01,0.01,0.53,3.0,3.0
2026-09-10T00:27:33+00:00,2026-09-09,daily,4,2026-09-12T12:30:00Z,12,Saka,ARS,MID,95,0,0,11.4,122808,78259,368098,214775,a,,,,,1,2,2,7.3,2,22,246,3,2,0,2,1,0,22,6,4,12,1.50,0.35,1.85,0.78,7.3,7.3
2026-09-10T00:27:33+00:00,2026-09-09,daily,4,2026-09-12T12:30:00Z,13,Rice,ARS,MID,74,-1,-1,13.5,17017,87162,74289,493775,a,,,,,,1,1,4.3,5,13,241,3,0,1,2,1,0,24,10,3,11,0.10,0.26,0.36,0.78,4.3,4.3
2026-09-10T00:27:33+00:00,2026-09-09,daily,4,2026-09-12T12:30:00Z,14,Eze,ARS,MID,64,0,-1,1.3,2830,19316,16817,104380,a,,,,,,3,,0.7,0,2,59,0,0,0,0,0,0,5,0,0,5,0.04,0.07,0.11,0.39,0.7,0.7
2026-09-10T00:27:33+00:00,2026-09-09,daily,4,2026-09-12T12:30:00Z,15,Ødegaard,ARS,MID,66,0,1,14.2,332909,64676,742121,274138,a,,,,,3,4,4,8.0,10,24,221,3,2,0,2,1,0,16,3,5,8,1.01,1.05,2.06,0.66,8.0,8.0
2026-09-10T00:27:33+00:00,2026-09-09,daily,4,2026-09-12T12:30:00Z,16,Madueke,ARS,MID,63,0,-2,0.2,1139,2908,3827,19212,a,,,,,,,6,0.7,1,2,23,0,0,0,0,0,0,3,0,1,2,0.00,0.05,0.05,0.15,0.7,0.7
2026-09-10T00:27:33+00:00,2026-09-09,daily,4,2026-09-12T12:30:00Z,17,Merino,ARS,MID,59,0,-1,0.5,1373,7090,6856,36216,a,,,,,,,,0.7,0,2,46,0,0,0,0,0,0,6,0,0,6,0.14,0.02,0.16,0.26,0.7,0.7
2026-09-10T00:27:33+00:00,2026-09-09,daily,4,2026-09-12T12:30:00Z,18,Martinelli,ARS,MID,63,0,-2,0.1,0,4964,2483,18606,u,Has joined Al Hilal permanently,2026-09-04T12:34:46.738449Z,0,0,,,,0.0,0,0,0,0,0,0,0,0,0,0,0,0,0,0.00,0.00,0.00,0.00,0.0,0.0
2026-09-10T00:27:33+00:00,2026-09-09,daily,4,2026-09-12T12:30:00Z,19,Zubimendi,ARS,MID,54,0,-1,0.7,1167,7941,6231,48550,a,,,,,,,,1.0,1,3,50,0,0,0,0,0,0,9,4,3,2,0.08,0.04,0.12,0.28,1.0,1.0
2026-09-10T00:27:33+00:00,2026-09-09,daily,4,2026-09-12T12:30:00Z,20,Dowman,ARS,MID,53,-1,-2,0.1,433,914,1514,5241,a,,,,,,,,0.0,0,0,0,0,0,0,0,0,0,0,0,0,0,0.00,0.00,0.00,0.00,0.0,0.0
2026-09-10T00:27:33+00:00,2026-09-09,daily,4,2026-09-12T12:30:00Z,22,Nwaneri,ARS,MID,54,0,-1,0.0,0,258,233,1009,u,Has joined Borussia Dortmund on loan for the rest of the season,2026-09-02T16:01:07.058827Z,0,0,,,,0.0,0,0,0,0,0,0,0,0,0,0,0,0,0,0.00,0.00,0.00,0.00,0.0,0.0
2026-09-10T00:27:33+00:00,2026-09-09,daily,4,2026-09-12T12:30:00Z,23,Fábio Vieira,ARS,MID,55,0,0,0.0,0,213,255,739,u,Has joined Hamburger SV permanently,2026-09-02T16:00:28.446370Z,0,0,,,,0.0,0,0,0,0,0,0,0,0,0,0,0,0,0,0.00,0.00,0.00,0.00,0.0,0.0
2026-09-10T00:27:33+00:00,2026-09-09,daily,4,2026-09-12T12:30:00Z,24,Nelson,ARS,MID,55,0,0,0.0,0,76,68,551,u,has departed the club as a free agent.,2026-08-29T00:33:08.556767Z,0,0,,,,0.0,0,0,0,0,0,0,0,0,0,0,0,0,0,0.00,0.00,0.00,0.00,0.0,0.0
2026-09-10T00:27:33+00:00,2026-09-09,daily,4,2026-09-12T12:30:00Z,25,Gyökeres,ARS,FWD,73,0,-2,4.0,4498,59510,21435,498630,a,,,,,2,,,0.3,1,1,12,0,0,0,0,0,0,1,0,0,1,0.00,0.00,0.00,0.11,0.3,0.3
2026-09-10T00:27:33+00:00,2026-09-09,daily,4,2026-09-12T12:30:00Z,26,Havertz,ARS,FWD,75,0,0,7.6,115449,45026,375576,225240,a,,,,,,,,5.3,8,16,257,3,2,0,2,1,0,8,3,0,5,0.55,0.33,0.88,0.80,5.3,5.3
2026-09-10T00:27:33+00:00,2026-09-09,daily,4,2026-09-12T12:30:00Z,27,G.Jesus,ARS,FWD,59,0,-1,0.2,0,6225,4164,24512,u,Has joined FC Barcelona permanently,2026-09-02T16:00:28.475184Z,0,0,,,,0.0,0,0,0,0,0,0,0,0,0,0,0,0,0,0.00,0.00,0.00,0.00,0.0,0.0
2026-09-10T00:27:33+00:00,2026-09-09,daily,4,2026-09-12T12:30:00Z,31,Konsa,ARS,DEF,44,0,-1,13.7,325277,59608,645970,488341,a,,,,,,,,1.7,4,5,101,1,0,0,0,1,0,11,8,3,5,0.00,0.01,0.01,0.39,1.7,1.7
2026-09-10T00:27:33+00:00,2026-09-09,daily,4,2026-09-12T12:30:00Z,452,Bruno G.,ARS,MID,68,0,-2,1.8,1476,24417,7872,213754,a,,2026-09-04T14:00:08.328779Z,75,100,4,,5,0.3,0,1,19,0,0,0,0,0,0,3,0,0,3,0.00,0.01,0.01,0.00,0.2,0.3
2026-09-10T00:27:33+00:00,2026-09-09,daily,4,2026-09-12T12:30:00Z,557,Tzolis,ARS,MID,64,-1,-1,17.2,46019,234236,374090,983260,a,,,,,,,3,3.7,5,11,210,3,0,2,1,1,0,17,5,2,10,0.19,0.35,0.54,0.55,3.7,3.7
2026-09-10T00:27:33+00:00,2026-09-09,daily,4,2026-09-12T12:30:00Z,29,M.Bizot,AVL,GKP,45,0,0,0.1,649,1027,3800,4283,a,,,,,,,,0.3,0,1,90,1,0,0,0,4,3,0,2,0,6,0.00,0.00,0.00,3.77,0.3,0.3
2026-09-10T00:27:33+00:00,2026-09-09,daily,4,2026-09-12T12:30:00Z,30,Digne,AVL,DEF,45,0,0,0.1,0,670,0,7718,u,Has joined Paris Saint-Germain permanently,2026-08-10T14:03:30.089007Z,0,0,,,,0.0,0,0,0,0,0,0,0,0,0,0,0,0,0,0.00,0.00,0.00,0.00,0.0,0.0
2026-09-10T00:27:33+00:00,2026-09-09,daily,4,2026-09-12T12:30:00Z,32,Cash,AVL,DEF,45,0,0,6.7,17384,32895,85990,216529,d,Muscular injury - 75% chance of playing,2026-09-09T14:30:08.192142Z,,75,,,1,2.3,6,7,251,3,0,0,1,5,0,14,8,6,2,0.15,0.04,0.19,5.03,2.3,1.7
2026-09-10T00:27:33+00:00,2026-09-09,daily,4,2026-09-12T12:30:00Z,33,Mings,AVL,DEF,45,0,0,0.4,2074,1426,7949,9769,a,,,,,,,,2.3,6,7,106,1,0,0,1,0,0,6,4,2,2,0.11,0.02,0.13,0.79,2.3,2.3
2026-09-10T00:27:33+00:00,2026-09-09,daily,4,2026-09-12T12:30:00Z,34,Pau,AVL,DEF,45,0,0,0.4,1270,3425,8356,12821,a,,,,,,,,0.7,0,2,163,2,0,0,0,5,0,9,8,1,9,0.00,0.01,0.01,4.59,0.7,0.7
2026-09-10T00:27:33+00:00,2026-09-09,daily,4,2026-09-12T12:30:00Z,35,Bogarde,AVL,MID,50,0,0,0.1,469,759,2050,3000,a,,,,,,,,0.3,0,1,16,0,0,0,0,0,0,1,1,0,0,0.00,0.00,0.00,0.22,0.3,0.3
2026-09-10T00:27:33+00:00,2026-09-09,daily,4,2026-09-12T12:30:00Z,36,Maatsen,AVL,DEF,45,0,0,0.8,6458,3597,20296,21080,a,,,,,,,,2.7,7,8,245,3,0,0,1,5,0,20,14,6,4,0.10,0.42,0.52,4.88,2.7,2.7
2026-09-10T00:27:33+00:00,2026-09-09,daily,4,2026-09-12T12:30:00Z,37,Lindelöf,AVL,DEF,45,0,0,0.3,1935,1202,6921,8208,a,,,,,,,,2.0,6,6,270,3,0,0,1,5,0,14,13,1,5,0.00,0.16,0.16,5.38,2.0,2.0
2026-09-10T00:27:33+00:00,2026-09-09,daily,4,2026-09-12T12:30:00Z,38,A.García,AVL,DEF,40,0,0,1.7,8309,11076,31819,41676,a,,,,,,,,0.0,0,0,0,0,0,0,0,0,0,0,0,0,0,0.00,0.00,0.00,0.00,0.0,0.0
2026-09-10T00:27:33+00:00,2026-09-09,daily,4,2026-09-12T12:30:00Z,39,Nedeljkovic,AVL,DEF,40,0,0,0.2,0,1448,0,12674,u,Has joined Rangers on loan for the rest of the season,2026-08-19T13:56:46.385411Z,0,0,,,,0.0,0,0,0,0,0,0,0,0,0,0,0,0,0,0.00,0.00,0.00,0.00,0.0,0.0
2026-09-10T00:27:33+00:00,2026-09-09,daily,4,2026-09-12T12:30:00Z,41,Buendía,AVL,MID,59,-1,-1,1.0,6317,12960,31935,58963,a,,,,,1,1,3,2.3,3,7,249,3,0,0,1,5,0,14,3,2,9,0.78,0.16,0.94,4.88,2.3,2.3
2026-09-10T00:27:33+00:00,2026-09-09,daily,4,2026-09-12T12:30:00Z,44,Bailey,AVL,MID,54,0,-1,0.1,0,3501,2096,9882,u,Has joined Olympiakos permanently,2026-09-04T12:35:14.472260Z,0,0,,,,0.0,0,0,0,0,0,0,0,0,0,0,0,0,0,0.00,0.00,0.00,0.00,0.0,0.0
2026-09-10T00:27:33+00:00,2026-09-09,daily,4,2026-09-12T12:30:00Z,45,McGinn,AVL,MID,54,0,-1,2.3,8913,19639,33410,108774,a,,,,,,,2,1.7,3,5,261,3,0,0,1,5,0,15,4,4,7,0.77,0.09,0.86,5.23,1.7,1.7
2026-09-10T00:27:33+00:00,2026-09-09,daily,4,2026-09-12T12:30:00Z,46,Barkley,AVL,MID,50,0,0,0.3,2971,2150,10590,8875,a,,,,,,,4,2.3,3,7,240,3,0,0,1,5,0,17,4,3,10,0.35,0.13,0.48,5.16,2.3,2.3
2026-09-10T00:27:33+00:00,2026-09-09,daily,4,2026-09-12T12:30:00Z,47,Kamara,AVL,MID,50,0,0,0.3,2354,2923,9904,13443,a,,2026-07-23T12:01:23.337269Z,100,100,,,,2.3,3,7,270,3,0,0,1,5,0,25,9,4,12,0.00,0.10,0.10,5.38,2.3,2.3
2026-09-10T00:27:33+00:00,2026-09-09,daily,4,2026-09-12T12:30:00Z,48,Onana,AVL,MID,50,0,0,0.0,73,190,370,1289,i,Knee injury - Unknown return date,2026-07-23T12:01:23.352497Z,0,0,,,,0.0,0,0,0,0,0,0,0,0,0,0,0,0,0,0.00,0.00,0.00,0.00,0.0,0.0
2026-09-10T00:27:33+00:00,2026-09-09,daily,4,2026-09-12T12:30:00Z,49,Iling Jr,AVL,MID,50,0,0,0.0,0,16,0,199,u,Has joined Bolton Wanderers on loan for the rest of the season,2026-08-17T13:52:28.532616Z,0,0,,,,0.0,0,0,0,0,0,0,0,0,0,0,0,0,0,0.00,0.00,0.00,0.00,0.0,0.0
2026-09-10T00:27:33+00:00,2026-09-09,daily,4,2026-09-12T12:30:00Z,50,Burrowes,AVL,MID,45,0,0,0.7,4803,5366,17021,21247,a,,,,,,,,0.0,0,0,0,0,0,0,0,0,0,0,0,0,0,0.00,0.00,0.00,0.00,0.0,0.0
2026-09-10T00:27:33+00:00,2026-09-09,daily,4,2026-09-12T12:30:00Z,51,George Hemmings,AVL,MID,45,0,0,1.2,29481,12423,74629,32342,a,,,,,,,,2.3,3,7,234,3,0,0,1,5,0,18,2,6,10,0.07,0.15,0.22,5.00,2.3,2.3
2026-09-10T00:27:33+00:00,2026-09-09,daily,4,2026-09-12T12:30:00Z,52,Alysson,AVL,MID,50,0,0,0.0,317,447,1487,1972,a,,,,,,,,0.7,1,2,42,0,0,0,0,0,0,6,1,2,3,0.00,0.00,0.00,0.51,0.7,0.7
2026-09-10T00:27:33+00:00,2026-09-09,daily,4,2026-09-12T12:30:00Z,53,Manzambi,AVL,MID,59,0,-1,0.1,290,1302,863,15141,i,Knee injury - Expected back 12 Sep,2026-08-15T15:30:06.388335Z,0,0,,,,0.0,0,0,0,0,0,0,0,0,0,0,0,0,0,0.00,0.00,0.00,0.00,0.0,0.0
2026-09-10T00:27:33+00:00,2026-09-09,daily,4,2026-09-12T12:30:00Z,54,Gomes,AVL,MID,55,0,0,0.0,80,359,324,3427,s,Suspended until 19 Sep,2026-08-23T17:30:08.367415Z,0,0,,,,-0.7,0,-2,39,1,0,0,0,4,0,7,1,4,2,0.00,0.01,0.01,2.58,0.0,0.0
2026-09-10T00:27:33+00:00,2026-09-09,daily,4,2026-09-12T12:30:00Z,55,Watkins,AVL,FWD,78,0,-2,3.3,0,91704,14882,677543,u,Has joined Al Hilal permanently,2026-09-01T13:15:16.698799Z,0,0,,,,0.0,0,0,0,0,0,0,0,0,0,0,0,0,0,0.00,0.00,0.00,0.00,0.0,0.0
2026-09-10T00:27:33+00:00,2026-09-09,daily,4,2026-09-12T12:30:00Z,56,Abraham,AVL,FWD,55,0,0,0.2,2825,1768,8347,7202,a,,2026-08-15T16:00:07.558543Z,100,100,,,,0.7,1,2,24,0,0,0,0,0,0,1,0,1,0,0.00,0.00,0.00,0.37,0.7,0.7
2026-09-10T00:27:33+00:00,2026-09-09,daily,4,2026-09-12T12:30:00Z,160,Garnacho,AVL,MID,59,0,-1,0.4,1059,5635,5637,28291,a,,,,,,,,1.0,1,3,31,0,0,0,0,0,0,2,0,0,2,0.00,0.00,0.00,0.49,1.0,1.0
2026-09-10T00:27:33+00:00,2026-09-09,daily,4,2026-09-12T12:30:00Z,166,N.Jackson,AVL,FWD,65,0,0,1.1,20081,10927,99286,33362,a,,,,,,,,1.3,2,4,154,2,0,0,1,1,0,5,0,0,5,0.24,0.54,0.78,1.23,1.3,1.3
2026-09-10T00:27:33+00:00,2026-09-09,daily,4,2026-09-12T12:30:00Z,582,Madjo,AVL,FWD,55,0,0,0.3,256,3506,2316,21786,i,Unspecified injury - Unknown return date,2026-08-15T16:00:07.974271Z,0,0,,,,0.0,0,0,0,0,0,0,0,0,0,0,0,0,0,0.00,0.00,0.00,0.00,0.0,0.0
2026-09-10T00:27:33+00:00,2026-09-09,daily,4,2026-09-12T12:30:00Z,596,Ruggeri,AVL,DEF,45,0,0,0.1,161,750,1753,3575,a,,,,,,,,0.7,1,2,23,0,0,0,0,0,0,3,1,2,2,0.00,0.01,0.01,0.49,0.7,0.7
2026-09-10T00:27:33+00:00,2026-09-09,daily,4,2026-09-12T12:30:00Z,597,Suzuki,AVL,GKP,50,0,0,1.6,44725,9242,82048,27287,a,,,,,,,,4.0,10,12,180,2,0,0,1,1,5,0,3,0,22,0.00,0.00,0.00,1.61,4.0,4.0
2026-09-10T00:27:33+00:00,2026-09-09,daily,4,2026-09-12T12:30:00Z,606,Rowe,AVL,DEF,40,0,0,0.2,1920,1201,9880,3130,a,,,,,,,,0.0,0,0,0,0,0,0,0,0,0,0,0,0,0,0.00,0.00,0.00,0.00,0.0,0.0
2026-09-10T00:27:33+00:00,2026-09-09,daily,4,2026-09-12T12:30:00Z,607,Lynch,AVL,MID,45,0,0,0.1,0,2337,7103,5492,u,Has joined Oxford United on loan until January,2026-09-04T12:35:39.820426Z,0,0,,,,0.0,0,0,0,0,0,0,0,0,0,0,0,0,0,0.00,0.00,0.00,0.00,0.0,0.0
2026-09-10T00:27:33+00:00,2026-09-09,daily,4,2026-09-12T12:30:00Z,611,Wan-Bissaka,AVL,DEF,45,0,0,0.2,1856,1431,10038,3218,a,,,,,,,,1.0,1,2,17,0,0,0,0,0,0,3,1,2,0,0.00,0.00,0.00,0.35,1.0,1.0
2026-09-10T00:27:33+00:00,2026-09-09,daily,4,2026-09-12T12:30:00Z,618,Goretzka,AVL,MID,60,0,0,0.0,873,1222,4534,2070,i,Knee injury - Expected back 10 Oct,2026-09-09T09:30:08.229436Z,,0,,,,0.0,0,0,0,0,0,0,0,0,0,0,0,0,0,0.00,0.00,0.00,0.00,0.0,0.0
2026-09-10T00:27:33+00:00,2026-09-09,daily,4,2026-09-12T12:30:00Z,630,Harwood-Bellis,AVL,DEF,45,0,0,0.0,444,171,1389,361,a,,,,,,,,0.0,0,0,0,0,0,0,0,0,0,0,0,0,0,0.00,0.00,0.00,0.00,1.8,1.8
2026-09-10T00:27:33+00:00,2026-09-09,daily,4,2026-09-12T12:30:00Z,631,Mbaye,AVL,MID,60,0,0,0.1,2098,920,6154,1550,a,,,,,,,,0.0,0,0,0,0,0,0,0,0,0,0,0,0,0,0.00,0.00,0.00,0.00,2.2,2.2
2026-09-10T00:27:33+00:00,2026-09-09,daily,4,2026-09-12T12:30:00Z,57,Petrović,BOU,GKP,45,0,0,3.3,16152,20745,87512,69750,a,,,,,,,,2.0,1,6,270,3,0,0,0,5,9,0,6,0,21,0.00,0.00,0.00,4.80,2.0,2.0
2026-09-10T00:27:33+00:00,2026-09-09,daily,4,2026-09-12T12:30:00Z,58,Forster,BOU,GKP,40,0,0,3.4,20670,11523,68580,43501,a,,,,,,,,0.0,0,0,0,0,0,0,0,0,0,0,0,0,0,0.00,0.00,0.00,0.00,0.0,0.0
2026-09-10T00:27:33+00:00,2026-09-09,daily,4,2026-09-12T12:30:00Z,59,Dennis,BOU,GKP,40,0,0,0.1,0,1047,1133,5348,u,Has joined MK Dons permanently,2026-08-27T14:53:48.692835Z,0,0,,,,0.0,0,0,0,0,0,0,0,0,0,0,0,0,0,0.00,0.00,0.00,0.00,0.0,0.0
2026-09-10T00:27:33+00:00,2026-09-09,daily,4,2026-09-12T12:30:00Z,60,Hill,BOU,DEF,55,0,0,0.8,4107,6189,20354,24598,a,,,,,,,,2.0,1,6,270,3,0,0,0,5,0,24,20,4,5,0.00,0.76,0.76,4.80,2.0,2.0
2026-09-10T00:27:33+00:00,2026-09-09,daily,4,2026-09-12T12:30:00Z,61,Truffert,BOU,DEF,55,0,0,3.5,6220,28613,38700,96518,a,,,,,,,,1.7,0,5,270,3,0,0,0,5,0,22,15,7,18,0.01,0.13,0.14,4.80,1.7,1.7
2026-09-10T00:27:33+00:00,2026-09-09,daily,4,2026-09-12T12:30:00Z,62,Diakité,BOU,DEF,50,0,0,0.2,825,1887,5257,8071,a,,,,,,,,0.0,0,0,0,0,0,0,0,0,0,0,0,0,0,0.00,0.00,0.00,0.00,0.0,0.0
2026-09-10T00:27:33+00:00,2026-09-09,daily,4,2026-09-12T12:30:00Z,63,Milosavljević,BOU,DEF,50,0,0,0.0,49,112,211,650,i,Unspecified injury - Unknown return date,2026-08-06T10:00:10.456051Z,0,0,,,,0.0,0,0,0,0,0,0,0,0,0,0,0,0,0,0.00,0.00,0.00,0.00,0.0,0.0
2026-09-10T00:27:33+00:00,2026-09-09,daily,4,2026-09-12T12:30:00Z,64,Smith,BOU,DEF,45,0,0,0.1,741,1061,5216,4170,a,,,,,,,,0.7,0,2,270,3,0,0,0,5,0,15,11,4,9,0.01,0.06,0.07,4.80,0.7,0.7
2026-09-10T00:27:33+00:00,2026-09-09,daily,4,2026-09-12T12:30:00Z,65,J.Araujo,BOU,DEF,44,-1,-1,0.0,74,165,258,1037,i,Thigh injury - Unknown return date,2026-08-09T08:00:05.645826Z,0,0,,,,0.0,0,0,0,0,0,0,0,0,0,0,0,0,0,0.00,0.00,0.00,0.00,0.0,0.0
2026-09-10T00:27:33+00:00,2026-09-09,daily,4,2026-09-12T12:30:00Z,66,Soler,BOU,DEF,40,0,0,0.3,2563,1748,9025,6530,a,,2026-08-15T16:30:07.021055Z,100,100,,,,0.0,0,0,0,0,0,0,0,0,0,0,0,0,0,0.00,0.00,0.00,0.00,0.0,0.0
2026-09-10T00:27:33+00:00,2026-09-09,daily,4,2026-09-12T12:30:00Z,67,Rayan,BOU,MID,64,-1,-1,2.0,4675,26056,40063,108259,a,,,,,,,,2.0,2,6,266,3,0,0,0,4,0,8,3,2,3,0.48,0.06,0.54,4.56,2.0,2.0
2026-09-10T00:27:33+00:00,2026-09-09,daily,4,2026-09-12T12:30:00Z,68,Tavernier,BOU,MID,60,0,0,3.2,98857,25738,214327,88017,a,,,,,3,1,1,7.0,10,21,268,3,2,0,0,5,0,28,3,7,18,1.50,0.34,1.84,4.75,7.0,7.0
2026-09-10T00:27:33+00:00,2026-09-09,daily,4,2026-09-12T12:30:00Z,69,Scott,BOU,MID,60,0,0,4.6,226380,29874,291785,60531,a,,,,,,4,2,8.0,10,24,266,3,1,2,1,4,0,37,9,7,21,0.33,0.30,0.63,4.67,8.0,8.0
2026-09-10T00:27:33+00:00,2026-09-09,daily,4,2026-09-12T12:30:00Z,70,Kluivert,BOU,MID,60,0,0,1.0,4849,12466,32000,45578,a,,,,,2,2,3,2.3,1,7,229,3,0,0,2,1,0,18,1,4,13,0.78,0.06,0.84,4.09,2.3,2.3
2026-09-10T00:27:33+00:00,2026-09-09,daily,4,2026-09-12T12:30:00Z,71,Cook,BOU,MID,50,0,0,0.2,1419,2162,11278,7712,a,,,,,,,5,2.3,1,7,157,2,0,0,2,1,0,10,4,1,5,0.00,0.01,0.01,3.84,2.3,2.3
2026-09-10T00:27:33+00:00,2026-09-09,daily,4,2026-09-12T12:30:00Z,72,Gannon-Doak,BOU,MID,49,-1,-1,0.1,242,667,991,3049,a,,,,,,,,0.7,1,2,2,0,0,0,0,1,0,3,0,1,2,0.02,0.00,0.02,0.24,0.7,0.7
2026-09-10T00:27:33+00:00,2026-09-09,daily,4,2026-09-12T12:30:00Z,73,Adams,BOU,MID,50,0,0,0.3,3705,2296,12325,9842,a,,2026-08-15T16:30:07.029928Z,100,100,,,,2.0,4,6,111,1,0,0,0,4,0,18,4,3,11,0.00,0.01,0.01,0.95,2.0,2.0
2026-09-10T00:27:33+00:00,2026-09-09,daily,4,2026-09-12T12:30:00Z,74,Brooks,BOU,MID,50,0,0,0.1,455,511,2353,2210,a,,2026-08-15T16:30:07.037929Z,100,100,,3,4,0.7,1,2,23,0,0,0,0,2,0,0,0,0,0,0.00,0.01,0.01,0.39,0.7,0.7
2026-09-10T00:27:33+00:00,2026-09-09,daily,4,2026-09-12T12:30:00Z,75,Christie,BOU,MID,50,0,0,0.0,572,341,2170,1053,a,,2026-07-24T17:30:10.035483Z,100,100,,,6,0.7,1,2,4,0,0,0,0,1,0,2,0,1,1,0.00,0.00,0.00,0.13,0.7,0.7
2026-09-10T00:27:33+00:00,2026-09-09,daily,4,2026-09-12T12:30:00Z,76,Tóth.A,BOU,MID,50,0,0,0.0,52,138,275,515,a,,,,,,,,0.3,0,1,15,0,0,0,0,2,0,2,0,1,1,0.00,0.00,0.00,0.31,0.3,0.3
2026-09-10T00:27:33+00:00,2026-09-09,daily,4,2026-09-12T12:30:00Z,77,Adli,BOU,MID,49,0,-1,0.0,37,213,227,1816,i,Unspecified injury - Unknown return date,2026-08-15T16:00:07.590566Z,0,0,,,,0.0,0,0,0,0,0,0,0,0,0,0,0,0,0,0.00,0.00,0.00,0.00,0.0,0.0
2026-09-10T00:27:33+00:00,2026-09-09,daily,4,2026-09-12T12:30:00Z,78,Kroupi.Jr,BOU,MID,74,0,-1,0.2,134,2363,842,23731,i,Foot injury - Unknown return date,2026-07-29T17:30:09.796802Z,0,0,1,,,0.0,0,0,0,0,0,0,0,0,0,0,0,0,0,0.00,0.00,0.00,0.00,0.0,0.0
2026-09-10T00:27:33+00:00,2026-09-09,daily,4,2026-09-12T12:30:00Z,79,Evanilson,BOU,FWD,60,0,0,3.2,28319,27061,170515,89539,a,,,,,,,,3.7,2,11,244,3,0,2,2,2,0,18,9,1,8,0.71,0.26,0.97,4.32,3.7,3.7
2026-09-10T00:27:33+00:00,2026-09-09,daily,4,2026-09-12T12:30:00Z,80,Enes Ünal,BOU,FWD,55,0,0,0.0,0,162,0,1754,u,Has joined Getafe permanently,2026-08-14T14:14:21.881112Z,0,0,,,,0.0,0,0,0,0,0,0,0,0,0,0,0,0,0,0.00,0.00,0.00,0.00,0.0,0.0
2026-09-10T00:27:33+00:00,2026-09-09,daily,4,2026-09-12T12:30:00Z,81,Rodríguez,BOU,FWD,60,0,0,0.1,867,1123,3388,4224,a,,2026-08-15T16:30:07.054142Z,100,100,,,,0.3,0,1,9,0,0,0,0,1,0,1,0,0,1,0.00,0.00,0.00,0.16,0.3,0.3
2026-09-10T00:27:33+00:00,2026-09-09,daily,4,2026-09-12T12:30:00Z,566,Silva,BOU,DEF,50,0,0,0.4,2606,3411,19693,12275,a,,,,,,,,2.3,1,7,270,3,0,0,0,5,0,31,28,3,7,0.27,0.04,0.31,4.80,2.3,2.3
2026-09-10T00:27:33+00:00,2026-09-09,daily,4,2026-09-12T12:30:00Z,573,Sanchez,BOU,DEF,45,0,0,0.2,166,1006,987,4760,a,,,,,,,,0.0,0,0,0,0,0,0,0,0,0,0,0,0,0,0.00,0.00,0.00,0.00,0.0,0.0
2026-09-10T00:27:33+00:00,2026-09-09,daily,4,2026-09-12T12:30:00Z,608,Jebbison,BOU,FWD,50,0,0,0.1,2208,1176,9195,3595,a,,,,,,,,0.7,1,2,16,0,0,0,0,2,0,1,0,0,1,0.10,0.00,0.10,0.36,0.7,0.7
2026-09-10T00:27:33+00:00,2026-09-09,daily,4,2026-09-12T12:30:00Z,615,Di Gregorio,BOU,GKP,45,0,0,0.0,493,353,2138,835,a,,,,,,,,0.0,0,0,0,0,0,0,0,0,0,0,0,0,0,0.00,0.00,0.00,0.00,0.0,0.0
2026-09-10T00:27:33+00:00,2026-09-09,daily,4,2026-09-12T12:30:00Z,82,Kelleher,BRE,GKP,50,0,0,6.8,21164,33449,209301,112318,a,,,,,,,,3.7,2,11,270,3,0,0,1,2,7,0,4,0,15,0.00,0.01,0.01,3.74,3.7,3.7
2026-09-10T00:27:33+00:00,2026-09-09,daily,4,2026-09-12T12:30:00Z,83,Valdimarsson,BRE,GKP,45,0,0,0.1,370,631,1987,2928,a,,,,,,,,0.0,0,0,0,0,0,0,0,0,0,0,0,0,0,0.00,0.00,0.00,0.00,0.0,0.0
2026-09-10T00:27:33+00:00,2026-09-09,daily,4,2026-09-12T12:30:00Z,84,Collins,BRE,DEF,55,0,0,1.7,1180,43688,58444,73645,d,Calf injury - 25% chance of playing,2026-09-05T18:00:06.182495Z,,25,,,,3.3,1,10,196,3,0,0,1,1,0,17,15,2,11,0.51,0.05,0.56,2.13,3.3,0.8
2026-09-10T00:27:33+00:00,2026-09-09,daily,4,2026-09-12T12:30:00Z,85,Van den Berg,BRE,DEF,49,0,-1,0.1,50,893,316,7479,i,Groin injury - Unknown return date,2026-08-15T15:30:06.416627Z,0,0,,,,0.0,0,0,0,0,0,0,0,0,0,0,0,0,0,0.00,0.00,0.00,0.00,0.0,0.0
2026-09-10T00:27:33+00:00,2026-09-09,daily,4,2026-09-12T12:30:00Z,86,Lewis-Potter,BRE,MID,55,0,0,2.2,16769,18536,170520,51579,a,,,,,,1,,6.0,2,18,267,3,1,1,1,2,0,27,11,4,12,1.03,0.65,1.68,3.74,6.0,6.0
2026-09-10T00:27:33+00:00,2026-09-09,daily,4,2026-09-12T12:30:00Z,87,Ajer,BRE,DEF,45,0,0,4.9,30388,54205,274819,130037,a,,,,,,,,4.3,2,13,270,3,0,0,1,2,0,32,30,2,7,0.11,0.03,0.14,3.74,4.3,4.3
2026-09-10T00:27:33+00:00,2026-09-09,daily,4,2026-09-12T12:30:00Z,88,Kayode,BRE,DEF,46,0,1,9.0,29981,68713,542297,169483,a,,,,,,,,5.3,1,16,207,3,1,0,1,1,0,13,12,1,11,0.55,0.21,0.76,2.28,5.3,5.3
2026-09-10T00:27:33+00:00,2026-09-09,daily,4,2026-09-12T12:30:00Z,89,Henry,BRE,DEF,45,0,0,0.2,197,1206,1302,5554,a,,,,,,,,0.3,0,1,2,0,0,0,0,0,0,0,0,0,0,0.00,0.00,0.00,0.00,0.3,0.3
2026-09-10T00:27:33+00:00,2026-09-09,daily,4,2026-09-12T12:30:00Z,90,Hickey,BRE,DEF,45,0,0,0.1,199,457,1475,1889,a,,,,,,,,1.0,1,3,61,0,0,0,0,1,0,6,4,2,4,0.00,0.02,0.02,1.46,1.0,1.0
2026-09-10T00:27:33+00:00,2026-09-09,daily,4,2026-09-12T12:30:00Z,92,Ji-soo,BRE,DEF,45,0,0,0.0,69,165,332,647,a,,,,,,,,0.0,0,0,0,0,0,0,0,0,0,0,0,0,0,0.00,0.00,0.00,0.00,0.0,0.0
2026-09-10T00:27:33+00:00,2026-09-09,daily,4,2026-09-12T12:30:00Z,93,Schuster,BRE,DEF,45,0,0,0.1,243,414,551,3092,a,,,,,,,,1.3,4,4,73,0,0,0,0,1,0,10,10,0,0,0.10,0.01,0.11,1.61,1.3,1.3
2026-09-10T00:27:33+00:00,2026-09-09,daily,4,2026-09-12T12:30:00Z,94,Schade,BRE,MID,60,0,0,3.9,17012,46760,182298,120055,a,,,,,2,,,5.0,2,15,267,3,1,0,1,2,0,23,4,5,14,0.77,0.20,0.97,3.74,5.0,5.0
2026-09-10T00:27:33+00:00,2026-09-09,daily,4,2026-09-12T12:30:00Z,95,O.Dango,BRE,MID,64,-1,-1,0.7,794,12689,12749,53222,a,,,,,,,4,1.7,1,5,140,2,0,0,1,1,0,24,8,2,14,0.07,0.38,0.45,2.18,1.7,1.7
2026-09-10T00:27:33+00:00,2026-09-09,daily,4,2026-09-12T12:30:00Z,96,Damsgaard,BRE,MID,55,0,0,0.5,3303,2491,9554,17702,a,,,,,,3,2,4.0,8,12,167,2,0,1,1,1,0,17,3,3,11,0.03,0.45,0.48,1.86,4.0,4.0
2026-09-10T00:27:33+00:00,2026-09-09,daily,4,2026-09-12T12:30:00Z,97,Jensen,BRE,MID,55,0,0,0.1,19,2709,4446,10955,i,Unspecified injury - Expected back 18 Sep,2026-08-30T12:30:08.176795Z,0,0,3,2,1,2.0,0,6,66,1,0,1,1,0,0,5,0,2,3,0.08,0.34,0.42,0.47,0.0,0.0
2026-09-10T00:27:33+00:00,2026-09-09,daily,4,2026-09-12T12:30:00Z,98,Janelt,BRE,MID,50,0,0,1.7,92118,18494,155482,36369,a,,,,,,,3,7.0,11,21,270,3,2,0,1,2,0,35,14,11,10,0.50,0.32,0.82,3.74,7.0,7.0
2026-09-10T00:27:33+00:00,2026-09-09,daily,4,2026-09-12T12:30:00Z,99,Milambo,BRE,MID,50,0,0,0.0,15,23,77,110,i,Knee injury - Unknown return date,2026-07-23T12:01:23.384798Z,0,0,,,,0.0,0,0,0,0,0,0,0,0,0,0,0,0,0,0.00,0.00,0.00,0.00,0.0,0.0
2026-09-10T00:27:33+00:00,2026-09-09,daily,4,2026-09-12T12:30:00Z,100,Carvalho,BRE,MID,50,0,0,0.0,253,234,951,838,a,,2026-08-18T13:58:17.442072Z,100,100,,,,0.0,0,0,0,0,0,0,0,0,0,0,0,0,0,0.00,0.00,0.00,0.00,0.0,0.0
2026-09-10T00:27:33+00:00,2026-09-09,daily,4,2026-09-12T12:30:00Z,102,Yarmoliuk,BRE,MID,49,0,-1,0.8,503,9340,2324,41825,a,,,,,,,,0.7,0,2,89,0,0,0,0,2,0,11,2,3,6,0.07,0.03,0.10,2.78,0.7,0.7
2026-09-10T00:27:33+00:00,2026-09-09,daily,4,2026-09-12T12:30:00Z,103,Dasilva,BRE,MID,50,0,0,0.0,21,426,365,1328,i,Hamstring injury - Expected back 10 Oct,2026-09-04T13:30:08.371955Z,0,0,,,,0.0,0,0,0,0,0,0,0,0,0,0,0,0,0,0.00,0.00,0.00,0.00,0.0,0.0
2026-09-10T00:27:33+00:00,2026-09-09,daily,4,2026-09-12T12:30:00Z,105,Anthony,BRE,MID,60,0,0,0.1,450,1567,4052,7309,a,,,,,,,,1.3,1,4,128,1,0,0,1,1,0,13,0,2,11,0.19,0.42,0.61,1.55,1.3,1.3
2026-09-10T00:27:33+00:00,2026-09-09,daily,4,2026-09-12T12:30:00Z,106,Thiago,BRE,FWD,79,-1,-1,11.8,13920,189461,177750,643416,a,,,,,1,,,1.3,2,4,262,3,0,0,1,2,0,15,4,2,9,2.30,0.10,2.40,3.67,1.3,1.3
2026-09-10T00:27:33+00:00,2026-09-09,daily,4,2026-09-12T12:30:00Z,107,Furo,BRE,FWD,45,0,0,1.1,12645,8962,48116,31190,a,,,,,,,,0.0,0,0,0,0,0,0,0,0,0,0,0,0,0,0.00,0.00,0.00,0.00,0.0,0.0
2026-09-10T00:27:33+00:00,2026-09-09,daily,4,2026-09-12T12:30:00Z,108,Wilson,BRE,FWD,55,0,0,0.4,1832,3751,11743,15843,a,,,,,,,,1.0,1,3,13,0,0,0,0,0,0,2,1,0,1,0.07,0.04,0.11,0.15,1.0,1.0
2026-09-10T00:27:33+00:00,2026-09-09,daily,4,2026-09-12T12:30:00Z,565,M.Sangaré,BRE,MID,57,0,2,13.9,76669,181568,1159899,334980,a,,,,,,,,6.0,0,18,210,3,0,2,1,1,0,32,10,7,15,0.41,0.37,0.78,2.28,6.0,6.0
2026-09-10T00:27:33+00:00,2026-09-09,daily,4,2026-09-12T12:30:00Z,620,Diouf,BRE,DEF,45,0,0,0.1,1145,1369,11287,4388,a,,,,,,,,0.0,0,0,0,0,0,0,0,0,0,0,0,0,0,0.00,0.00,0.00,0.00,0.0,0.0
2026-09-10T00:27:33+00:00,2026-09-09,daily,4,2026-09-12T12:30:00Z,109,Verbruggen,BHA,GKP,45,0,0,22.2,131381,100164,487085,302542,a,,,,,,,,3.0,3,9,270,3,0,0,1,5,4,0,0,0,23,0.00,0.20,0.20,5.71,3.0,3.0
2026-09-10T00:27:33+00:00,2026-09-09,daily,4,2026-09-12T12:30:00Z,111,Steele,BHA,GKP,40,0,0,4.3,26820,19144,99627,67447,a,,,,,,,,0.0,0,0,0,0,0,0,0,0,0,0,0,0,0,0.00,0.00,0.00,0.00,0.0,0.0
2026-09-10T00:27:33+00:00,2026-09-09,daily,4,2026-09-12T12:30:00Z,113,F.Kadıoğlu,BHA,DEF,44,0,-1,1.8,3557,14160,18861,98197,a,,2026-08-23T13:00:07.595211Z,100,100,,,3,0.7,2,2,167,2,0,0,0,5,0,5,4,1,4,0.08,0.02,0.10,5.33,0.7,0.7
2026-09-10T00:27:33+00:00,2026-09-09,daily,4,2026-09-12T12:30:00Z,114,Boscagli,BHA,DEF,45,0,0,0.3,1224,1609,11620,7163,a,,,,,,,,2.3,2,7,270,3,0,0,1,5,0,13,12,1,10,0.05,0.48,0.53,5.71,2.3,2.3
2026-09-10T00:27:33+00:00,2026-09-09,daily,4,2026-09-12T12:30:00Z,115,De Cuyper,BHA,DEF,48,1,3,20.1,324098,68482,1690937,199450,a,,,,,,4,2,7.0,4,21,243,3,1,2,1,5,0,8,4,4,10,1.50,0.40,1.90,5.62,7.0,7.0
2026-09-10T00:27:33+00:00,2026-09-09,daily,4,2026-09-12T12:30:00Z,116,Dunk,BHA,DEF,45,0,0,1.3,9485,5276,43154,24344,a,,,,,,3,,3.3,5,10,270,3,0,0,1,5,0,17,15,2,11,0.00,0.06,0.06,5.71,3.3,3.3
2026-09-10T00:27:33+00:00,2026-09-09,daily,4,2026-09-12T12:30:00Z,117,Coppola,BHA,DEF,45,0,0,0.0,100,160,552,680,a,,,,,,,,0.0,0,0,0,0,0,0,0,0,0,0,0,0,0,0.00,0.00,0.00,0.00,0.0,0.0
2026-09-10T00:27:33+00:00,2026-09-09,daily,4,2026-09-12T12:30:00Z,118,Igor,BHA,DEF,45,0,0,0.1,0,1445,915,4215,u,Has joined Burnley permanently,2026-09-02T15:38:15.529699Z,0,0,,,,0.0,0,0,0,0,0,0,0,0,0,0,0,0,0,0.00,0.00,0.00,0.00,0.0,0.0
2026-09-10T00:27:33+00:00,2026-09-09,daily,4,2026-09-12T12:30:00Z,119,Costinha,BHA,DEF,45,0,0,0.0,126,193,811,891,a,,,,,,,,0.7,1,2,48,0,0,0,0,0,0,5,4,1,0,0.12,0.16,0.28,0.24,0.7,0.7
2026-09-10T00:27:33+00:00,2026-09-09,daily,4,2026-09-12T12:30:00Z,120,Svoboda,BHA,DEF,50,0,0,0.1,552,612,2183,2283,a,,,,,,,,0.0,0,0,0,0,0,0,0,0,0,0,0,0,0,0.00,0.00,0.00,0.00,0.0,0.0
2026-09-10T00:27:33+00:00,2026-09-09,daily,4,2026-09-12T12:30:00Z,121,Mitoma,BHA,MID,59,-1,-1,0.0,53,333,342,2521,i,Hamstring injury - Unknown return date,2026-07-24T18:30:10.661894Z,0,0,,,,0.0,0,0,0,0,0,0,0,0,0,0,0,0,0,0.00,0.00,0.00,0.00,0.0,0.0
2026-09-10T00:27:33+00:00,2026-09-09,daily,4,2026-09-12T12:30:00Z,122,Minteh,BHA,MID,59,0,-1,0.0,24,514,251,5961,i,Leg injury - Expected back 28 Nov,2026-08-14T18:00:06.418033Z,0,0,,,5,0.0,0,0,0,0,0,0,0,0,0,0,0,0,0,0.00,0.00,0.00,0.00,0.0,0.0
2026-09-10T00:27:33+00:00,2026-09-09,daily,4,2026-09-12T12:30:00Z,123,Hinshelwood,BHA,MID,60,0,0,1.0,809,27294,147260,164074,d,Unspecified injury - 50% chance of playing,2026-08-27T19:30:07.780933Z,50,50,,,,5.3,0,16,63,1,2,0,1,0,0,3,0,2,1,1.41,0.02,1.43,0.19,2.6,2.6
2026-09-10T00:27:33+00:00,2026-09-09,daily,4,2026-09-12T12:30:00Z,124,Groß,BHA,MID,56,1,1,16.3,169152,103256,641646,316333,a,,,,,1,1,1,5.3,1,16,270,3,1,1,1,5,0,15,4,4,7,0.84,0.42,1.26,5.71,5.3,5.3
2026-09-10T00:27:33+00:00,2026-09-09,daily,4,2026-09-12T12:30:00Z,125,Georginio,BHA,FWD,55,0,0,0.6,691,10997,29124,52480,d,Unspecified injury - 75% chance of playing,2026-08-26T16:00:07.608056Z,75,75,,,,1.7,0,5,90,1,0,1,1,0,0,7,1,2,4,0.08,0.44,0.52,0.29,1.3,1.3
2026-09-10T00:27:33+00:00,2026-09-09,daily,4,2026-09-12T12:30:00Z,126,O'Riley,BHA,MID,55,0,0,0.1,620,931,2316,4232,a,,,,,3,,,0.0,0,0,0,0,0,0,0,0,0,0,0,0,0,0.00,0.00,0.00,0.00,0.0,0.0
2026-09-10T00:27:33+00:00,2026-09-09,daily,4,2026-09-12T12:30:00Z,127,Gomez,BHA,MID,50,0,0,4.9,54688,54328,256141,131312,a,,,,,,5,,4.3,2,13,265,3,0,2,1,5,0,20,5,8,7,0.65,0.70,1.35,5.71,4.3,4.3
2026-09-10T00:27:33+00:00,2026-09-09,daily,4,2026-09-12T12:30:00Z,128,Buonanotte,BHA,MID,50,0,0,0.0,0,29,0,296,u,Has joined Elche on loan for the rest of the season,2026-08-10T14:03:07.561436Z,0,0,,,,0.0,0,0,0,0,0,0,0,0,0,0,0,0,0,0.00,0.00,0.00,0.00,0.0,0.0
2026-09-10T00:27:33+00:00,2026-09-09,daily,4,2026-09-12T12:30:00Z,129,Ayari,BHA,MID,54,0,-1,0.4,1149,3745,5926,32691,a,,2026-08-30T18:00:07.935334Z,75,100,,2,4,1.3,2,4,153,2,0,0,1,1,0,7,2,0,5,0.28,0.07,0.35,2.68,1.0,1.3
2026-09-10T00:27:33+00:00,2026-09-09,daily,4,2026-09-12T12:30:00Z,130,Wieffer,BHA,DEF,50,0,0,0.3,51,13242,25841,29134,i,Knee injury - Unknown return date,2026-09-04T09:30:08.612904Z,0,0,,,,2.3,0,7,156,2,0,0,1,4,0,15,11,4,9,0.12,0.13,0.25,3.18,0.0,0.0
2026-09-10T00:27:33+00:00,2026-09-09,daily,4,2026-09-12T12:30:00Z,132,Howell,BHA,MID,45,0,0,0.0,0,400,0,2908,u,Has joined Leicester City on loan for the rest of the season,2026-08-17T13:53:19.019938Z,0,0,,,,0.0,0,0,0,0,0,0,0,0,0,0,0,0,0,0.00,0.00,0.00,0.00,0.0,0.0
2026-09-10T00:27:33+00:00,2026-09-09,daily,4,2026-09-12T12:30:00Z,133,Watson,BHA,MID,50,0,0,0.0,0,15,0,117,u,Has joined Leicester City on loan for the rest of the season,2026-08-03T14:05:44.459483Z,0,0,,,,0.0,0,0,0,0,0,0,0,0,0,0,0,0,0,0.00,0.00,0.00,0.00,0.0,0.0
2026-09-10T00:27:33+00:00,2026-09-09,daily,4,2026-09-12T12:30:00Z,134,Oriola,BHA,MID,45,0,0,0.3,1515,2018,6835,8557,a,,,,,,,,0.0,0,0,0,0,0,0,0,0,0,0,0,0,0,0.00,0.00,0.00,0.00,0.0,0.0
2026-09-10T00:27:33+00:00,2026-09-09,daily,4,2026-09-12T12:30:00Z,135,Yohanna,BHA,MID,49,-1,-1,0.1,289,643,1179,3101,a,,,,,,,,0.3,0,1,12,0,0,0,0,0,0,0,0,0,0,0.00,0.03,0.03,0.00,0.3,0.3
2026-09-10T00:27:33+00:00,2026-09-09,daily,4,2026-09-12T12:30:00Z,137,Tzimas,BHA,FWD,55,0,0,0.0,51,87,215,549,i,Knee injury - Unknown return date,2026-07-23T12:01:23.432796Z,0,0,,,,0.0,0,0,0,0,0,0,0,0,0,0,0,0,0,0.00,0.00,0.00,0.00,0.0,0.0
2026-09-10T00:27:33+00:00,2026-09-09,daily,4,2026-09-12T12:30:00Z,138,Kostoulas,BHA,FWD,55,0,0,0.5,8897,4442,40014,12711,a,,,,,,,,2.7,2,8,195,2,0,1,0,5,0,16,3,2,11,0.78,0.04,0.82,5.48,2.7,2.7
2026-09-10T00:27:33+00:00,2026-09-09,daily,4,2026-09-12T12:30:00Z,139,Ferguson,BHA,FWD,50,0,0,0.0,259,368,1122,1709,i,Ankle injury - Expected back 10 Oct,2026-07-23T12:01:23.448357Z,0,0,,,,0.0,0,0,0,0,0,0,0,0,0,0,0,0,0,0.00,0.00,0.00,0.00,0.0,0.0
2026-09-10T00:27:33+00:00,2026-09-09,daily,4,2026-09-12T12:30:00Z,328,Struijk,BHA,DEF,50,0,0,0.2,850,1508,3814,7738,a,,2026-08-15T20:30:07.523574Z,100,100,,,,0.3,1,1,1,0,0,0,0,0,0,0,0,0,0,0.00,0.00,0.00,0.00,0.3,0.3
2026-09-10T00:27:33+00:00,2026-09-09,daily,4,2026-09-12T12:30:00Z,504,Vuskovic,BHA,DEF,50,0,0,3.0,67434,19780,111463,64705,a,,,,,,,,6.0,12,18,270,3,1,0,1,5,0,22,19,3,9,0.35,0.06,0.41,5.71,6.0,6.0
2026-09-10T00:27:33+00:00,2026-09-09,daily,4,2026-09-12T12:30:00Z,594,David,BHA,FWD,60,0,0,0.2,1857,3282,8820,13145,a,,,,,2,,,0.3,0,1,23,0,0,0,0,0,0,0,0,0,0,0.42,0.00,0.42,0.14,0.3,0.3
2026-09-10T00:27:33+00:00,2026-09-09,daily,4,2026-09-12T12:30:00Z,600,Osman,BHA,MID,50,0,0,0.0,98,188,628,613,a,,,,,,,,0.7,0,2,28,0,0,0,0,1,0,3,0,1,2,0.00,0.06,0.06,0.10,0.7,0.7
2026-09-10T00:27:33+00:00,2026-09-09,daily,4,2026-09-12T12:30:00Z,605,Yalcouyé,BHA,MID,45,0,0,2.8,104210,31597,316962,66182,a,,,,,,,,3.7,2,11,167,2,1,0,0,4,0,12,4,3,5,0.75,0.26,1.01,5.32,3.7,3.7
2026-09-10T00:27:33+00:00,2026-09-09,daily,4,2026-09-12T12:30:00Z,614,Hadjam,BHA,DEF,45,0,0,0.0,266,407,3067,946,a,,,,,,,,0.0,0,0,0,0,0,0,0,0,0,0,0,0,0,0.00,0.00,0.00,0.00,0.0,0.0
2026-09-10T00:27:33+00:00,2026-09-09,daily,4,2026-09-12T12:30:00Z,624,Cozier-Duberry,BHA,MID,50,0,0,0.0,0,34,117,90,u,Has joined Middlesbrough on loan for the rest of the season,2026-09-02T15:38:15.552951Z,0,0,,,,0.0,0,0,0,0,0,0,0,0,0,0,0,0,0,0.00,0.00,0.00,0.00,0.0,0.0
2026-09-10T00:27:33+00:00,2026-09-09,daily,4,2026-09-12T12:30:00Z,639,Andrés,BHA,MID,55,0,0,0.0,374,121,635,163,a,,,,,,,,0.0,0,0,0,0,0,0,0,0,0,0,0,0,0,0.00,0.00,0.00,0.00,2.0,2.0
2026-09-10T00:27:33+00:00,2026-09-09,daily,4,2026-09-12T12:30:00Z,652,Azeez,BHA,MID,55,0,0,0.0,87,34,335,68,i,Unspecified injury - Expected back 13 Sep,2026-09-04T11:30:08.661589Z,0,0,,,,0.0,0,0,0,0,0,0,0,0,0,0,0,0,0,0.00,0.00,0.00,0.00,0.0,0.0
2026-09-10T00:27:33+00:00,2026-09-09,daily,4,2026-09-12T12:30:00Z,28,Martinez,CHE,GKP,50,0,0,5.0,71161,29841,168925,150018,a,,,,,,,,1.7,3,5,180,2,0,0,0,5,12,0,1,0,21,0.00,0.01,0.01,3.46,1.7,1.7
2026-09-10T00:27:33+00:00,2026-09-09,daily,4,2026-09-12T12:30:00Z,40,Rogers,CHE,MID,76,1,1,29.1,509343,78230,972744,471963,a,,,,,,,4,6.3,6,19,257,3,2,1,0,7,0,17,1,3,13,1.18,1.14,2.32,4.70,6.3,6.3
2026-09-10T00:27:33+00:00,2026-09-09,daily,4,2026-09-12T12:30:00Z,101,Henderson,CHE,MID,49,-1,-1,0.0,112,382,535,1839,d,Wrist injury - 75% chance of playing,2026-08-09T09:30:07.136250Z,75,75,,,,0.0,0,0,0,0,0,0,0,0,0,0,0,0,0,0.00,0.00,0.00,0.00,0.0,0.0
2026-09-10T00:27:33+00:00,2026-09-09,daily,4,2026-09-12T12:30:00Z,136,Welbeck,CHE,FWD,59,0,-1,0.8,3884,8703,14893,55504,a,,2026-08-20T14:00:07.949090Z,100,100,,,,0.3,1,1,3,0,0,0,0,0,0,0,0,0,0,0.00,0.00,0.00,0.00,0.3,0.3
2026-09-10T00:27:33+00:00,2026-09-09,daily,4,2026-09-12T12:30:00Z,140,Sánchez,CHE,GKP,49,0,-1,1.0,0,29899,10847,141452,u,Has joined Como on loan for the rest of the season,2026-09-02T16:20:41.841936Z,0,0,,,,0.7,0,2,90,1,0,0,0,2,4,0,1,0,5,0.00,0.01,0.01,1.33,0.0,0.0
2026-09-10T00:27:33+00:00,2026-09-09,daily,4,2026-09-12T12:30:00Z,141,Jörgensen,CHE,GKP,50,0,0,0.0,0,77,0,848,u,Has joined RC Strasbourg on loan for the rest of the season,2026-08-12T14:07:02.607115Z,0,0,,,,0.0,0,0,0,0,0,0,0,0,0,0,0,0,0,0.00,0.00,0.00,0.00,0.0,0.0
2026-09-10T00:27:33+00:00,2026-09-09,daily,4,2026-09-12T12:30:00Z,142,James,CHE,DEF,54,-1,-1,7.8,30410,54747,119974,347227,a,,,,,,1,1,0.7,1,2,202,2,0,0,0,5,0,9,9,0,11,0.17,0.12,0.29,3.52,0.7,0.7
2026-09-10T00:27:33+00:00,2026-09-09,daily,4,2026-09-12T12:30:00Z,143,Chalobah,CHE,DEF,55,0,0,0.1,0,987,0,12574,u,Has joined Como permanently,2026-08-10T14:03:50.769483Z,0,0,,,,0.0,0,0,0,0,0,0,0,0,0,0,0,0,0,0.00,0.00,0.00,0.00,0.0,0.0
2026-09-10T00:27:33+00:00,2026-09-09,daily,4,2026-09-12T12:30:00Z,144,Gusto,CHE,DEF,50,0,0,1.1,4848,8987,28099,41455,a,,,,,,,,1.0,1,3,195,2,0,0,0,5,0,10,6,4,9,0.04,0.05,0.09,2.66,1.0,1.0
2026-09-10T00:27:33+00:00,2026-09-09,daily,4,2026-09-12T12:30:00Z,145,Fofana,CHE,DEF,50,0,0,0.1,5077,1190,8469,2679,a,,2026-07-23T12:01:23.464591Z,100,100,,,,1.0,3,3,157,2,0,0,0,4,0,26,23,3,3,0.00,0.05,0.05,3.31,1.0,1.0
2026-09-10T00:27:33+00:00,2026-09-09,daily,4,2026-09-12T12:30:00Z,146,B.Badiashile,CHE,DEF,45,0,0,0.0,0,176,232,1695,u,Has joined Napoli on loan for the rest of the season,2026-08-25T14:03:47.079414Z,0,0,,,,0.0,0,0,0,0,0,0,0,0,0,0,0,0,0,0.00,0.00,0.00,0.00,0.0,0.0
2026-09-10T00:27:33+00:00,2026-09-09,daily,4,2026-09-12T12:30:00Z,148,Hato,CHE,DEF,45,0,0,0.9,29835,8770,56709,23681,a,,,,,,,,2.7,3,8,213,3,0,2,0,7,0,15,9,6,7,0.01,0.11,0.12,4.37,2.7,2.7
2026-09-10T00:27:33+00:00,2026-09-09,daily,4,2026-09-12T12:30:00Z,149,Colwill,CHE,DEF,49,-1,-1,1.1,3330,13466,21621,64843,a,,,,,,,,0.3,0,1,161,2,0,0,0,4,0,13,10,3,5,0.01,0.03,0.04,2.64,0.3,0.3
2026-09-10T00:27:33+00:00,2026-09-09,daily,4,2026-09-12T12:30:00Z,150,M.Sarr,CHE,DEF,45,0,0,0.0,0,720,429,5018,u,Has joined Real Sociedad on loan for the rest of the season,2026-08-29T00:34:23.077418Z,0,0,,,,0.0,0,0,0,0,0,0,0,0,0,0,0,0,0,0.00,0.00,0.00,0.00,0.0,0.0
2026-09-10T00:27:33+00:00,2026-09-09,daily,4,2026-09-12T12:30:00Z,151,Acheampong,CHE,DEF,45,0,0,0.4,3211,2630,16068,12545,a,,,,,,,,1.7,1,5,202,2,0,0,0,5,0,19,13,6,7,0.00,0.02,0.02,3.52,1.7,1.7
2026-09-10T00:27:33+00:00,2026-09-09,daily,4,2026-09-12T12:30:00Z,152,Palestra,CHE,DEF,54,0,-1,1.1,354,19959,6135,169899,d,Unspecified injury - 75% chance of playing,2026-08-24T18:30:07.421239Z,75,75,,,,0.0,0,0,0,0,0,0,0,0,0,0,0,0,0,0.00,0.00,0.00,0.00,0.0,0.0
2026-09-10T00:27:33+00:00,2026-09-09,daily,4,2026-09-12T12:30:00Z,154,Palmer,CHE,MID,96,0,1,22.8,407798,72655,1172572,297415,a,,2026-08-24T22:00:07.971542Z,100,100,1,3,,7.0,1,21,262,3,2,1,0,7,0,20,2,4,14,1.05,0.36,1.41,4.70,7.0,7.0
2026-09-10T00:27:33+00:00,2026-09-09,daily,4,2026-09-12T12:30:00Z,156,Neto,CHE,MID,65,0,0,1.3,15285,9897,42798,52838,a,,,,,,4,2,3.3,2,10,161,2,1,0,0,4,0,15,5,2,8,0.47,0.43,0.90,3.53,3.3,3.3
2026-09-10T00:27:33+00:00,2026-09-09,daily,4,2026-09-12T12:30:00Z,157,Estêvão,CHE,MID,64,0,-1,0.8,2703,9241,11753,67777,a,,,,,3,,5,0.7,1,2,16,0,0,0,0,0,0,1,0,0,1,0.04,0.00,0.04,0.09,0.7,0.7
2026-09-10T00:27:33+00:00,2026-09-09,daily,4,2026-09-12T12:30:00Z,158,Gittens,CHE,MID,59,0,-1,0.0,186,334,717,2082,a,,,,,,,,0.0,0,0,0,0,0,0,0,0,0,0,0,0,0,0.00,0.00,0.00,0.00,0.0,0.0
2026-09-10T00:27:33+00:00,2026-09-09,daily,4,2026-09-12T12:30:00Z,159,Caicedo,CHE,MID,54,0,-1,1.6,1169,28462,13881,218936,d,Calf injury - 75% chance of playing,2026-08-30T16:00:08.393562Z,75,75,,,,0.3,0,1,13,0,0,0,0,0,0,0,0,0,0,0.00,0.00,0.00,0.07,0.2,0.2
2026-09-10T00:27:33+00:00,2026-09-09,daily,4,2026-09-12T12:30:00Z,161,Lavia,CHE,MID,50,0,0,0.2,4967,2515,19864,7192,a,,,,,,,,3.0,1,9,190,3,1,0,0,6,0,22,7,5,10,0.75,0.04,0.79,4.22,3.0,3.0
2026-09-10T00:27:33+00:00,2026-09-09,daily,4,2026-09-12T12:30:00Z,163,D.Essugo,CHE,MID,45,0,0,0.1,0,2930,2698,10410,u,Has joined RC Strasbourg on loan for the rest of the season,2026-09-02T16:20:41.865225Z,0,0,,,,0.0,0,0,0,0,0,0,0,0,0,0,0,0,0,0.00,0.00,0.00,0.00,0.0,0.0
2026-09-10T00:27:33+00:00,2026-09-09,daily,4,2026-09-12T12:30:00Z,164,Quenda,CHE,MID,54,0,-1,0.0,119,415,642,2431,a,,2026-07-24T20:30:10.609931Z,100,100,,,,0.3,0,1,8,0,0,0,0,0,0,1,1,0,0,0.00,0.00,0.00,0.09,0.3,0.3
2026-09-10T00:27:33+00:00,2026-09-09,daily,4,2026-09-12T12:30:00Z,165,João Pedro,CHE,FWD,77,0,2,72.5,223616,71900,1075332,290836,a,,,,,,,,7.0,1,21,270,3,2,2,0,7,0,7,1,1,5,1.88,0.15,2.03,4.79,7.0,7.0
2026-09-10T00:27:33+00:00,2026-09-09,daily,4,2026-09-12T12:30:00Z,168,Marc Guiu,CHE,FWD,50,0,0,0.3,0,6066,4102,24999,u,Has joined RB Leipzig permanently,2026-09-01T13:24:48.857362Z,0,0,,,,0.0,0,0,0,0,0,0,0,0,0,0,0,0,0,0.00,0.00,0.00,0.00,0.0,0.0
2026-09-10T00:27:33+00:00,2026-09-09,daily,4,2026-09-12T12:30:00Z,169,Mheuka,CHE,FWD,45,0,0,0.4,5086,3743,16454,13910,a,,,,,,,,0.0,0,0,0,0,0,0,0,0,0,0,0,0,0,0.00,0.00,0.00,0.00,0.0,0.0
2026-09-10T00:27:33+00:00,2026-09-09,daily,4,2026-09-12T12:30:00Z,170,Emegha,CHE,FWD,50,0,0,0.2,1671,1833,5830,7415,d,Hamstring injury - 75% chance of playing,2026-09-09T15:00:09.063849Z,100,75,,,,0.0,0,0,0,0,0,0,0,0,0,0,0,0,0,0.00,0.00,0.00,0.00,0.0,0.0
2026-09-10T00:27:33+00:00,2026-09-09,daily,4,2026-09-12T12:30:00Z,200,Lacroix,CHE,DEF,60,0,0,8.2,34572,47660,130973,242677,a,,,,,,,,3.0,2,9,270,3,0,1,0,7,0,32,24,8,5,0.02,0.21,0.23,4.79,3.0,3.0
2026-09-10T00:27:33+00:00,2026-09-09,daily,4,2026-09-12T12:30:00Z,560,Penders,CHE,GKP,45,0,0,0.1,175,483,933,2380,a,,,,,,,,0.0,0,0,0,0,0,0,0,0,0,0,0,0,0,0.00,0.00,0.00,0.00,0.0,0.0
2026-09-10T00:27:33+00:00,2026-09-09,daily,4,2026-09-12T12:30:00Z,561,Anselmino,CHE,DEF,45,0,0,0.0,141,130,488,850,a,,2026-08-23T19:00:08.536705Z,100,100,,,,0.0,0,0,0,0,0,0,0,0,0,0,0,0,0,0.00,0.00,0.00,0.00,0.0,0.0
2026-09-10T00:27:33+00:00,2026-09-09,daily,4,2026-09-12T12:30:00Z,568,Barco,CHE,MID,55,0,0,0.1,441,951,2024,4685,a,,,,,,,,0.3,0,1,8,0,0,0,0,1,0,1,1,0,0,0.04,0.00,0.04,0.07,0.3,0.3
2026-09-10T00:27:33+00:00,2026-09-09,daily,4,2026-09-12T12:30:00Z,583,Chavarria,CHE,DEF,49,-1,-1,0.2,376,1304,2121,7939,a,,,,,,,,1.0,1,3,73,0,0,0,0,1,0,6,4,2,3,0.00,0.02,0.02,0.51,1.0,1.0
2026-09-10T00:27:33+00:00,2026-09-09,daily,4,2026-09-12T12:30:00Z,91,Pinnock,COV,DEF,45,0,0,0.1,395,427,1474,2714,a,,,,,,,,1.3,3,4,102,1,0,0,0,2,0,15,14,1,2,0.11,0.00,0.11,2.66,1.3,1.3
2026-09-10T00:27:33+00:00,2026-09-09,daily,4,2026-09-12T12:30:00Z,104,Onyeka,COV,MID,49,-1,-1,0.1,350,896,3185,6701,a,,,,,,,,1.3,2,4,152,2,0,0,0,4,0,12,3,2,7,0.00,0.01,0.01,3.05,1.3,1.3
2026-09-10T00:27:33+00:00,2026-09-09,daily,4,2026-09-12T12:30:00Z,110,Rushworth,COV,GKP,45,0,0,1.0,2898,9113,17767,32738,a,,,,,,,,1.7,2,5,270,3,0,0,0,5,5,0,3,0,29,0.00,0.01,0.01,4.72,1.7,1.7
2026-09-10T00:27:33+00:00,2026-09-09,daily,4,2026-09-12T12:30:00Z,171,Dovin,COV,GKP,40,0,0,1.2,0,11635,8924,36341,u,Has joined Leyton Orient on loan for the rest of the season,2026-09-02T15:44:14.839336Z,0,0,,,,0.0,0,0,0,0,0,0,0,0,0,0,0,0,0,0.00,0.00,0.00,0.00,0.0,0.0
2026-09-10T00:27:33+00:00,2026-09-09,daily,4,2026-09-12T12:30:00Z,172,Wilson,COV,GKP,45,0,0,0.4,156,1356,648,9003,a,,,,,,,,0.0,0,0,0,0,0,0,0,0,0,0,0,0,0,0.00,0.00,0.00,0.00,0.0,0.0
2026-09-10T00:27:33+00:00,2026-09-09,daily,4,2026-09-12T12:30:00Z,173,Thomas,COV,DEF,40,0,0,8.8,72300,46169,224519,139726,a,,,,,,,,5.0,4,15,257,3,0,0,1,4,0,31,29,2,11,0.24,0.19,0.43,4.18,5.0,5.0
2026-09-10T00:27:33+00:00,2026-09-09,daily,4,2026-09-12T12:30:00Z,174,Kitching,COV,DEF,40,0,0,0.4,0,6790,981,22013,u,Has joined Sheffield United on loan for the rest of the season,2026-09-02T16:21:03.612394Z,0,0,,,,0.0,0,0,0,0,0,0,0,0,0,0,0,0,0,0.00,0.00,0.00,0.00,0.0,0.0
2026-09-10T00:27:33+00:00,2026-09-09,daily,4,2026-09-12T12:30:00Z,175,van Ewijk,COV,DEF,40,0,0,11.0,18952,79696,95115,251521,a,,,,,,,,2.0,3,6,270,3,0,0,0,5,0,20,15,5,10,0.00,0.26,0.26,4.72,2.0,2.0
2026-09-10T00:27:33+00:00,2026-09-09,daily,4,2026-09-12T12:30:00Z,176,Dasilva,COV,DEF,40,0,0,0.7,1169,2600,7057,13840,a,,,,,,,,1.7,2,5,264,3,0,0,0,5,0,16,12,4,7,0.18,0.15,0.33,4.72,1.7,1.7
2026-09-10T00:27:33+00:00,2026-09-09,daily,4,2026-09-12T12:30:00Z,177,Kesler-Hayden,COV,DEF,40,0,0,0.0,74,414,373,2426,i,Hamstring injury - Unknown return date,2026-08-27T14:56:28.704361Z,0,0,,,,0.0,0,0,0,0,0,0,0,0,0,0,0,0,0,0.00,0.00,0.00,0.00,0.0,0.0
2026-09-10T00:27:33+00:00,2026-09-09,daily,4,2026-09-12T12:30:00Z,178,Bidwell,COV,DEF,40,0,0,0.1,411,484,1580,2206,a,,,,,,,,0.0,0,0,0,0,0,0,0,0,0,0,0,0,0,0.00,0.00,0.00,0.00,0.0,0.0
2026-09-10T00:27:33+00:00,2026-09-09,daily,4,2026-09-12T12:30:00Z,179,Latibeaudiere,COV,DEF,40,0,0,0.0,178,215,657,1115,a,,,,,,,,0.0,0,0,0,0,0,0,0,0,0,0,0,0,0,0.00,0.00,0.00,0.00,0.0,0.0
2026-09-10T00:27:33+00:00,2026-09-09,daily,4,2026-09-12T12:30:00Z,180,Woolfenden,COV,DEF,40,0,0,0.1,222,1174,1827,6583,i,Knee injury - Unknown return date,2026-08-27T14:56:28.718566Z,0,0,,,,0.0,0,0,0,0,0,0,0,0,0,0,0,0,0,0.00,0.00,0.00,0.00,0.0,0.0
2026-09-10T00:27:33+00:00,2026-09-09,daily,4,2026-09-12T12:30:00Z,181,Brau,COV,DEF,40,0,0,0.0,0,274,275,1587,u,Has joined Academico de Viseu on loan for the rest of the season,2026-08-29T00:35:59.980316Z,0,0,,,,0.0,0,0,0,0,0,0,0,0,0,0,0,0,0,0.00,0.00,0.00,0.00,0.0,0.0
2026-09-10T00:27:33+00:00,2026-09-09,daily,4,2026-09-12T12:30:00Z,182,Amenda,COV,DEF,40,0,0,0.8,2119,3378,8571,15966,a,,,,,,,,1.3,2,4,270,3,0,0,0,5,0,16,15,1,11,0.02,0.39,0.41,4.72,1.3,1.3
2026-09-10T00:27:33+00:00,2026-09-09,daily,4,2026-09-12T12:30:00Z,183,Rudoni,COV,MID,50,0,0,0.1,566,1006,2522,4874,a,,2026-07-23T12:01:23.481435Z,100,100,,1,4,2.0,2,6,152,2,0,0,1,1,0,16,3,3,10,0.50,0.18,0.68,1.48,2.0,2.0
2026-09-10T00:27:33+00:00,2026-09-09,daily,4,2026-09-12T12:30:00Z,184,Grimes,COV,MID,50,0,0,0.1,326,1425,3097,6965,a,,,,,3,,1,2.0,2,6,270,3,0,0,0,5,0,25,8,5,12,0.05,0.05,0.10,4.72,2.0,2.0
2026-09-10T00:27:33+00:00,2026-09-09,daily,4,2026-09-12T12:30:00Z,185,Sakamoto,COV,MID,49,0,-1,0.1,150,679,691,3877,a,,,,,,,,0.3,0,1,31,0,0,0,0,1,0,4,0,2,2,0.02,0.02,0.04,0.69,0.3,0.3
2026-09-10T00:27:33+00:00,2026-09-09,daily,4,2026-09-12T12:30:00Z,186,Mason-Clark,COV,MID,54,0,-1,0.1,139,561,856,4227,a,,2026-08-19T18:00:08.310507Z,100,100,,,,1.0,2,3,127,2,0,0,0,1,0,9,4,0,5,0.00,0.06,0.06,1.19,1.0,1.0
2026-09-10T00:27:33+00:00,2026-09-09,daily,4,2026-09-12T12:30:00Z,187,Eccles,COV,MID,49,0,-1,0.0,60,174,563,877,a,,,,,,,,0.0,0,0,0,0,0,0,0,0,0,0,0,0,0,0.00,0.00,0.00,0.00,0.0,0.0
2026-09-10T00:27:33+00:00,2026-09-09,daily,4,2026-09-12T12:30:00Z,188,Torp,COV,MID,54,0,-1,0.1,42,870,691,5666,a,,,,,2,2,2,0.7,0,2,47,0,0,0,0,1,0,3,1,0,2,0.00,0.12,0.12,1.01,0.7,0.7
2026-09-10T00:27:33+00:00,2026-09-09,daily,4,2026-09-12T12:30:00Z,189,Shepherd,COV,MID,45,0,0,0.3,863,1693,3573,8603,a,,,,,,,,0.0,0,0,0,0,0,0,0,0,0,0,0,0,0,0.00,0.00,0.00,0.00,0.0,0.0
2026-09-10T00:27:33+00:00,2026-09-09,daily,4,2026-09-12T12:30:00Z,190,Tchaouna,COV,MID,55,0,0,0.1,133,824,3023,6027,a,,,,,,,5,1.3,1,4,166,2,0,0,0,3,0,15,5,1,9,0.19,0.18,0.37,2.73,1.3,1.3
2026-09-10T00:27:33+00:00,2026-09-09,daily,4,2026-09-12T12:30:00Z,191,Borges Rodrigues,COV,MID,45,0,0,0.1,0,2180,1943,7741,u,Has joined Burton Albion on loan for the rest of the season,2026-09-02T15:44:14.868001Z,0,0,,,,0.0,0,0,0,0,0,0,0,0,0,0,0,0,0,0.00,0.00,0.00,0.00,0.0,0.0
2026-09-10T00:27:33+00:00,2026-09-09,daily,4,2026-09-12T12:30:00Z,192,Andrews,COV,MID,45,0,0,0.4,0,4884,2718,29843,u,Has joined Oxford United on loan for the rest of the season,2026-08-29T00:35:59.998520Z,0,0,,,,0.0,0,0,0,0,0,0,0,0,0,0,0,0,0,0.00,0.00,0.00,0.00,0.0,0.0
2026-09-10T00:27:33+00:00,2026-09-09,daily,4,2026-09-12T12:30:00Z,193,Wright,COV,FWD,54,0,-1,0.1,97,1227,450,10000,i,Thigh injury - Unknown return date,2026-08-14T22:00:07.214508Z,0,0,1,,,0.0,0,0,0,0,0,0,0,0,0,0,0,0,0,0.00,0.00,0.00,0.00,0.0,0.0
2026-09-10T00:27:33+00:00,2026-09-09,daily,4,2026-09-12T12:30:00Z,194,Thomas-Asante,COV,FWD,50,0,0,0.8,7059,7490,38042,32877,a,,,,,4,,,1.3,1,4,120,1,0,0,0,4,0,11,6,0,5,0.00,0.02,0.02,3.24,1.3,1.3
2026-09-10T00:27:33+00:00,2026-09-09,daily,4,2026-09-12T12:30:00Z,195,Simms,COV,FWD,50,0,0,0.8,3456,8011,33449,39615,a,,,,,,,,1.0,1,3,88,1,0,0,0,3,0,3,1,0,2,0.30,0.01,0.31,2.55,1.0,1.0
2026-09-10T00:27:33+00:00,2026-09-09,daily,4,2026-09-12T12:30:00Z,196,Markelo,COV,FWD,50,0,0,0.0,0,82,0,968,u,Has joined Shabab Al-Ahli Dubai permanently,2026-08-17T13:53:55.791223Z,0,0,,,,0.0,0,0,0,0,0,0,0,0,0,0,0,0,0,0.00,0.00,0.00,0.00,0.0,0.0
2026-09-10T00:27:33+00:00,2026-09-09,daily,4,2026-09-12T12:30:00Z,197,Bassette,COV,FWD,45,0,0,0.0,0,264,0,1600,u,Has joined KVC Westerlo on loan for the rest of the season,2026-07-28T12:58:50.001768Z,0,0,,,,0.0,0,0,0,0,0,0,0,0,0,0,0,0,0,0.00,0.00,0.00,0.00,0.0,0.0
2026-09-10T00:27:33+00:00,2026-09-09,daily,4,2026-09-12T12:30:00Z,492,Awoniyi,COV,FWD,55,0,0,0.7,4171,5471,17667,32920,a,,,,,5,,,1.7,2,5,180,2,0,0,0,2,0,9,3,0,6,1.24,0.03,1.27,2.18,1.7,1.7
2026-09-10T00:27:33+00:00,2026-09-09,daily,4,2026-09-12T12:30:00Z,575,Yirenkyi,COV,MID,49,-1,-1,0.2,366,1893,2141,8684,a,,,,,,,,1.7,1,5,158,2,0,0,1,3,0,16,5,0,11,0.03,0.13,0.16,2.53,1.7,1.7
2026-09-10T00:27:33+00:00,2026-09-09,daily,4,2026-09-12T12:30:00Z,584,Hamer,COV,MID,54,-1,-1,0.1,95,748,634,4455,a,,,,,,,3,1.0,1,3,32,0,0,0,0,1,0,3,0,1,2,0.00,0.02,0.02,0.82,1.0,1.0
2026-09-10T00:27:33+00:00,2026-09-09,daily,4,2026-09-12T12:30:00Z,599,Cherif,COV,FWD,50,0,0,0.1,801,984,4752,4739,a,,,,,,,,0.0,0,0,0,0,0,0,0,0,0,0,0,0,0,0.00,0.00,0.00,0.00,0.0,0.0
2026-09-10T00:27:33+00:00,2026-09-09,daily,4,2026-09-12T12:30:00Z,623,Bentley,COV,GKP,40,0,0,0.4,17762,3659,37842,6486,a,,,,,,,,0.0,0,0,0,0,0,0,0,0,0,0,0,0,0,0.00,0.00,0.00,0.00,0.0,0.0
2026-09-10T00:27:33+00:00,2026-09-09,daily,4,2026-09-12T12:30:00Z,42,Guessand,CRY,MID,55,0,0,0.0,650,639,1689,2240,a,,,,,,,,0.7,0,2,54,0,0,0,0,1,0,2,1,1,0,0.03,0.03,0.06,0.34,0.7,0.7
2026-09-10T00:27:33+00:00,2026-09-09,daily,4,2026-09-12T12:30:00Z,153,Disasi,CRY,DEF,45,0,0,0.1,3157,1270,5193,3126,a,,,,,,,,1.3,3,4,106,1,0,0,0,3,0,14,9,5,9,0.00,0.04,0.04,3.34,1.3,1.3
2026-09-10T00:27:33+00:00,2026-09-09,daily,4,2026-09-12T12:30:00Z,198,Henderson,CRY,GKP,50,0,0,1.9,15624,9721,36535,41830,a,,2026-08-20T14:00:08.018379Z,100,100,,,,1.7,2,5,270,3,0,0,0,8,12,0,6,0,31,0.00,0.00,0.00,6.47,1.7,1.7
2026-09-10T00:27:33+00:00,2026-09-09,daily,4,2026-09-12T12:30:00Z,199,Benitez,CRY,GKP,45,0,0,0.1,336,601,1452,3271,a,,,,,,,,0.0,0,0,0,0,0,0,0,0,0,0,0,0,0,0.00,0.00,0.00,0.00,0.0,0.0
2026-09-10T00:27:33+00:00,2026-09-09,daily,4,2026-09-12T12:30:00Z,202,Richards,CRY,DEF,50,0,0,0.7,4536,5053,14489,22678,a,,,,,,,,1.3,1,4,270,3,0,0,0,8,0,31,26,5,7,0.08,0.00,0.08,6.47,1.3,1.3
2026-09-10T00:27:33+00:00,2026-09-09,daily,4,2026-09-12T12:30:00Z,203,Canvot,CRY,DEF,49,0,-1,0.2,1406,2475,3935,12261,a,,,,,,,,0.7,1,2,270,3,0,0,0,8,0,24,17,7,6,0.05,0.01,0.06,6.47,0.7,0.7
2026-09-10T00:27:33+00:00,2026-09-09,daily,4,2026-09-12T12:30:00Z,204,Mitchell,CRY,DEF,45,0,0,5.8,124436,23648,139452,151570,a,,,,,,,,5.3,15,16,253,3,2,0,0,8,0,16,10,6,7,0.77,0.18,0.95,5.90,5.3,5.3
2026-09-10T00:27:33+00:00,2026-09-09,daily,4,2026-09-12T12:30:00Z,205,Sosa,CRY,DEF,45,0,0,0.0,0,495,236,1551,u,Has joined FC Cologne on loan for the rest of the season,2026-09-02T16:03:25.710518Z,0,0,,,,0.0,0,0,0,0,0,0,0,0,0,0,0,0,0,0.00,0.00,0.00,0.00,0.0,0.0
2026-09-10T00:27:33+00:00,2026-09-09,daily,4,2026-09-12T12:30:00Z,206,Chadi Riad,CRY,DEF,44,0,-1,0.0,33,423,546,4882,i,Knee injury - Unknown return date,2026-08-22T18:00:07.352049Z,0,0,,,,0.3,0,1,72,1,0,0,0,2,0,7,6,1,3,0.00,0.01,0.01,0.98,0.0,0.0
2026-09-10T00:27:33+00:00,2026-09-09,daily,4,2026-09-12T12:30:00Z,207,Mingueza,CRY,DEF,44,0,-1,0.1,373,571,1342,3162,a,,,,,,,,0.7,1,2,16,0,0,0,0,1,0,2,0,2,1,0.00,0.00,0.00,0.33,0.7,0.7
2026-09-10T00:27:33+00:00,2026-09-09,daily,4,2026-09-12T12:30:00Z,208,Sarr,CRY,MID,63,0,-2,0.9,122,21719,2554,346726,i,Groin injury - Unknown return date,2026-08-22T18:00:07.363165Z,0,0,2,,,0.0,0,0,0,0,0,0,0,0,0,0,0,0,0,0.00,0.00,0.00,0.00,0.0,0.0
2026-09-10T00:27:33+00:00,2026-09-09,daily,4,2026-09-12T12:30:00Z,210,Wharton,CRY,MID,55,0,0,0.9,5354,6282,22140,27802,a,,2026-07-23T12:01:23.498963Z,100,100,,,2,2.7,2,8,270,3,0,0,0,8,0,29,11,7,11,0.00,0.32,0.32,6.47,2.7,2.7
2026-09-10T00:27:33+00:00,2026-09-09,daily,4,2026-09-12T12:30:00Z,211,Yeremy,CRY,MID,55,0,0,0.4,15449,3897,21214,8937,a,,,,,,1,1,3.7,5,11,190,2,0,2,0,5,0,20,3,5,12,0.36,0.39,0.75,5.29,3.7,3.7
2026-09-10T00:27:33+00:00,2026-09-09,daily,4,2026-09-12T12:30:00Z,212,Hughes,CRY,MID,45,0,0,8.8,16766,62285,74536,286076,a,,,,,,,4,0.3,1,1,16,0,0,0,0,0,0,3,2,0,1,0.00,0.00,0.00,0.57,0.3,0.3
2026-09-10T00:27:33+00:00,2026-09-09,daily,4,2026-09-12T12:30:00Z,213,Lerma,CRY,MID,49,0,-1,0.1,204,656,904,3848,a,,,,,,,,0.0,0,0,0,0,0,0,0,0,0,0,0,0,0,0.00,0.00,0.00,0.00,0.0,0.0
2026-09-10T00:27:33+00:00,2026-09-09,daily,4,2026-09-12T12:30:00Z,214,Kamada,CRY,MID,50,0,0,0.3,8322,3075,14559,10721,a,,,,,,,3,3.3,5,10,268,3,0,1,0,8,0,27,4,9,14,0.05,0.30,0.35,6.34,3.3,3.3
2026-09-10T00:27:33+00:00,2026-09-09,daily,4,2026-09-12T12:30:00Z,215,Devenny,CRY,MID,50,0,0,0.0,0,189,132,703,u,Has joined Stoke City permanently,2026-09-02T15:41:07.346849Z,0,0,3,2,,0.0,0,0,0,0,0,0,0,0,0,0,0,0,0,0.00,0.00,0.00,0.00,0.0,0.0
2026-09-10T00:27:33+00:00,2026-09-09,daily,4,2026-09-12T12:30:00Z,216,Esse,CRY,MID,50,0,0,0.0,0,720,399,2463,u,Has joined Millwall on loan for the rest of the season,2026-09-02T15:41:07.376544Z,0,0,,,,0.0,0,0,0,0,0,0,0,0,0,0,0,0,0,0.00,0.00,0.00,0.00,0.0,0.0
2026-09-10T00:27:33+00:00,2026-09-09,daily,4,2026-09-12T12:30:00Z,217,M.França,CRY,MID,49,0,-1,0.0,51,416,1001,2236,a,,,,,,,,0.0,0,0,0,0,0,0,0,0,0,0,0,0,0,0.00,0.00,0.00,0.00,0.0,0.0
2026-09-10T00:27:33+00:00,2026-09-09,daily,4,2026-09-12T12:30:00Z,218,Doucouré,CRY,MID,49,0,-1,0.1,314,597,1546,2976,a,,,,,,,,0.0,0,0,0,0,0,0,0,0,0,0,0,0,0,0.00,0.00,0.00,0.00,0.0,0.0
2026-09-10T00:27:33+00:00,2026-09-09,daily,4,2026-09-12T12:30:00Z,219,J.Rak-Sakyi,CRY,MID,49,-1,-1,0.0,54,65,144,266,a,,,,,,,,0.0,0,0,0,0,0,0,0,0,0,0,0,0,0,0.00,0.00,0.00,0.00,0.0,0.0
2026-09-10T00:27:33+00:00,2026-09-09,daily,4,2026-09-12T12:30:00Z,220,Cardines,CRY,DEF,45,0,0,0.0,0,9,0,113,u,Has joined Bristol City on loan for the rest of the season,2026-08-12T14:08:46.501813Z,0,0,,,,0.0,0,0,0,0,0,0,0,0,0,0,0,0,0,0.00,0.00,0.00,0.00,0.0,0.0
2026-09-10T00:27:33+00:00,2026-09-09,daily,4,2026-09-12T12:30:00Z,221,Drakes-Thomas,CRY,MID,45,0,0,0.1,609,661,1947,2840,a,,,,,,,,0.0,0,0,0,0,0,0,0,0,0,0,0,0,0,0.00,0.00,0.00,0.00,0.0,0.0
2026-09-10T00:27:33+00:00,2026-09-09,daily,4,2026-09-12T12:30:00Z,222,Strand Larsen,CRY,FWD,60,0,0,0.5,5842,4854,14876,21130,a,,,,,,,,1.3,1,4,134,1,0,0,0,3,0,8,3,1,4,0.30,0.01,0.31,3.69,1.3,1.3
2026-09-10T00:27:33+00:00,2026-09-09,daily,4,2026-09-12T12:30:00Z,223,Mateta,CRY,FWD,64,0,-1,1.9,219,45042,25397,388003,i,Hamstring injury - Expected back 11 Oct,2026-08-28T21:00:08.020382Z,0,0,1,,,0.7,0,2,62,1,0,0,0,2,0,5,1,2,2,0.70,0.02,0.72,0.98,0.0,0.0
2026-09-10T00:27:33+00:00,2026-09-09,daily,4,2026-09-12T12:30:00Z,224,Nketiah,CRY,FWD,55,0,0,0.7,16461,5053,31598,19117,a,,,,,,,,2.3,4,7,167,3,0,1,0,7,0,11,2,4,5,1.10,0.58,1.68,4.45,2.3,2.3
2026-09-10T00:27:33+00:00,2026-09-09,daily,4,2026-09-12T12:30:00Z,225,Uche,CRY,FWD,50,0,0,0.0,0,0,0,0,u,has returned to Getafe CF,2026-07-23T12:18:56.275922Z,0,0,,,,0.0,0,0,0,0,0,0,0,0,0,0,0,0,0,0.00,0.00,0.00,0.00,0.0,0.0
2026-09-10T00:27:33+00:00,2026-09-09,daily,4,2026-09-12T12:30:00Z,241,McNeil,CRY,MID,54,-1,-1,0.1,291,1084,1303,5394,a,,,,,,,,1.0,0,3,84,1,0,0,0,3,0,7,4,0,3,0.05,0.02,0.07,1.18,1.0,1.0
2026-09-10T00:27:33+00:00,2026-09-09,daily,4,2026-09-12T12:30:00Z,555,Matthews,CRY,GKP,40,0,0,1.8,3046,4761,16557,19659,a,,,,,,,,0.0,0,0,0,0,0,0,0,0,0,0,0,0,0,0.00,0.00,0.00,0.00,0.0,0.0
2026-09-10T00:27:33+00:00,2026-09-09,daily,4,2026-09-12T12:30:00Z,577,Tomiyasu,CRY,DEF,45,0,0,0.3,358,1995,2565,8092,a,,,,,,,,0.7,0,2,91,1,0,0,0,3,0,9,8,1,4,0.00,0.01,0.01,2.15,0.7,0.7
2026-09-10T00:27:33+00:00,2026-09-09,daily,4,2026-09-12T12:30:00Z,588,Khalaili,CRY,DEF,50,0,0,0.2,7065,2110,11575,4486,a,,,,,,,,2.0,3,6,199,2,0,0,0,5,0,33,16,17,11,0.74,0.17,0.91,5.42,2.0,2.0
2026-09-10T00:27:33+00:00,2026-09-09,daily,4,2026-09-12T12:30:00Z,595,Gozo,CRY,MID,50,0,0,0.0,75,111,334,508,a,,,,,,,,0.3,0,1,22,0,0,0,0,1,0,1,0,1,0,0.00,0.00,0.00,0.20,0.3,0.3
2026-09-10T00:27:33+00:00,2026-09-09,daily,4,2026-09-12T12:30:00Z,633,Ahanor,CRY,DEF,45,0,0,0.0,333,81,550,113,a,,,,,,,,0.0,0,0,0,0,0,0,0,0,0,0,0,0,0,0.00,0.00,0.00,0.00,1.8,1.8
2026-09-10T00:27:33+00:00,2026-09-09,daily,4,2026-09-12T12:30:00Z,643,Chilwell,CRY,DEF,45,0,0,0.4,18954,2613,19717,2697,a,,,,,,,,7.0,7,7,16,0,1,0,0,0,0,0,0,0,0,0.15,0.00,0.15,0.57,1.8,1.8
2026-09-10T00:27:33+00:00,2026-09-09,daily,4,2026-09-12T12:30:00Z,644,Timber,CRY,MID,50,0,0,0.0,1107,272,1763,372,a,,,,,,,,2.0,2,2,73,1,0,0,0,2,0,6,2,1,3,0.02,0.00,0.02,2.57,1.5,1.5
2026-09-10T00:27:33+00:00,2026-09-09,daily,4,2026-09-12T12:30:00Z,647,Osorio,CRY,MID,55,0,0,0.0,291,71,752,121,a,,,,,,,,1.0,1,1,1,0,0,0,0,0,0,1,0,1,0,0.00,0.00,0.00,0.13,2.0,2.0
2026-09-10T00:27:33+00:00,2026-09-09,daily,4,2026-09-12T12:30:00Z,21,Nørgaard,EVE,MID,49,0,-1,0.1,66,794,377,5831,i,Groin injury - Unknown return date,2026-08-15T20:00:06.779594Z,0,0,,,,0.0,0,0,0,0,0,0,0,0,0,0,0,0,0,0.00,0.00,0.00,0.00,0.0,0.0
2026-09-10T00:27:33+00:00,2026-09-09,daily,4,2026-09-12T12:30:00Z,209,Johnson,EVE,MID,59,0,-1,0.1,747,1305,2265,7362,a,,,,,,,,1.0,1,3,99,1,0,0,0,1,0,12,5,2,5,0.05,0.04,0.09,2.24,1.0,1.0
2026-09-10T00:27:33+00:00,2026-09-09,daily,4,2026-09-12T12:30:00Z,226,Pickford,EVE,GKP,55,0,0,8.6,39012,41476,159029,151590,a,,,,,,,,3.7,1,11,270,3,0,0,1,3,9,0,4,0,35,0.00,0.02,0.02,4.81,3.7,3.7
2026-09-10T00:27:33+00:00,2026-09-09,daily,4,2026-09-12T12:30:00Z,227,Travers,EVE,GKP,50,0,0,0.0,246,274,818,1235,a,,,,,,,,0.0,0,0,0,0,0,0,0,0,0,0,0,0,0,0.00,0.00,0.00,0.00,0.0,0.0
2026-09-10T00:27:33+00:00,2026-09-09,daily,4,2026-09-12T12:30:00Z,228,King,EVE,GKP,45,0,0,0.0,186,249,732,1142,a,,,,,,,,0.0,0,0,0,0,0,0,0,0,0,0,0,0,0,0.00,0.00,0.00,0.00,0.0,0.0
2026-09-10T00:27:33+00:00,2026-09-09,daily,4,2026-09-12T12:30:00Z,229,Tarkowski,EVE,DEF,60,0,0,11.3,99176,53999,353550,176622,a,,,,,,,,7.0,3,21,270,3,1,0,1,3,0,31,26,5,10,0.17,0.02,0.19,4.81,7.0,7.0
2026-09-10T00:27:33+00:00,2026-09-09,daily,4,2026-09-12T12:30:00Z,230,Branthwaite,EVE,DEF,55,0,0,1.9,20531,11836,55135,42139,a,,,,,,,,4.3,3,13,270,3,0,0,1,3,0,31,27,4,9,0.17,0.02,0.19,4.81,4.3,4.3
2026-09-10T00:27:33+00:00,2026-09-09,daily,4,2026-09-12T12:30:00Z,231,Keane,EVE,DEF,49,0,-1,0.9,783,9706,6337,67595,a,,,,,,,,0.0,0,0,0,0,0,0,0,0,0,0,0,0,0,0.00,0.00,0.00,0.00,0.0,0.0
2026-09-10T00:27:33+00:00,2026-09-09,daily,4,2026-09-12T12:30:00Z,232,O'Brien,EVE,DEF,49,0,-1,0.3,418,2641,2750,18810,a,,,,,,,,0.0,0,0,0,0,0,0,0,0,0,0,0,0,0,0.00,0.00,0.00,0.00,0.0,0.0
2026-09-10T00:27:33+00:00,2026-09-09,daily,4,2026-09-12T12:30:00Z,233,Mykolenko,EVE,DEF,45,0,0,1.9,35950,19758,97854,55084,a,,,,,,,,3.7,1,11,270,3,0,0,1,3,0,22,18,4,15,0.00,0.07,0.07,4.81,3.7,3.7
2026-09-10T00:27:33+00:00,2026-09-09,daily,4,2026-09-12T12:30:00Z,234,Patterson,EVE,DEF,45,0,0,0.0,0,526,371,1774,u,Has joined Torino permanently,2026-09-02T16:05:23.326971Z,0,0,,,,0.0,0,0,0,0,0,0,0,0,0,0,0,0,0,0.00,0.00,0.00,0.00,0.0,0.0
2026-09-10T00:27:33+00:00,2026-09-09,daily,4,2026-09-12T12:30:00Z,235,Aznou,EVE,DEF,40,0,0,0.1,0,2133,1728,8002,u,Has joined Malaga on loan for the rest of the season,2026-09-01T13:23:16.934847Z,0,0,,,,0.0,0,0,0,0,0,0,0,0,0,0,0,0,0,0.00,0.00,0.00,0.00,0.0,0.0
2026-09-10T00:27:33+00:00,2026-09-09,daily,4,2026-09-12T12:30:00Z,236,Dewsbury-Hall,EVE,MID,65,0,0,4.5,73769,53741,267277,173625,a,,,,,,,2,5.0,2,15,270,3,1,0,1,3,0,29,3,9,17,0.45,0.40,0.85,4.77,5.0,5.0
2026-09-10T00:27:33+00:00,2026-09-09,daily,4,2026-09-12T12:30:00Z,238,Grealish,EVE,MID,65,0,0,0.4,10380,3899,21103,11834,a,,2026-07-29T10:00:10.492904Z,100,100,,,,0.7,1,2,32,0,0,0,0,1,0,2,0,2,0,0.02,0.13,0.15,0.31,0.7,0.7
2026-09-10T00:27:33+00:00,2026-09-09,daily,4,2026-09-12T12:30:00Z,239,Garner,EVE,MID,60,0,0,0.1,1716,2620,6237,7593,d,Unspecified injury - 75% chance of playing,2026-09-06T18:00:08.301702Z,100,75,2,1,1,1.3,2,4,148,2,0,0,0,2,0,19,2,5,12,0.00,0.11,0.11,1.32,1.3,1.0
2026-09-10T00:27:33+00:00,2026-09-09,daily,4,2026-09-12T12:30:00Z,242,George,EVE,MID,55,0,0,0.5,25868,6246,29901,13528,a,,,,,,,,5.0,10,15,234,3,1,0,1,3,0,13,4,1,8,0.27,0.16,0.43,2.94,5.0,5.0
2026-09-10T00:27:33+00:00,2026-09-09,daily,4,2026-09-12T12:30:00Z,243,Alcaraz,EVE,MID,50,0,0,0.1,389,776,1957,3853,a,,,,,,,,0.3,0,1,5,0,0,0,0,0,0,3,0,1,2,0.05,0.02,0.07,0.04,0.3,0.3
2026-09-10T00:27:33+00:00,2026-09-09,daily,4,2026-09-12T12:30:00Z,244,Armstrong,EVE,MID,50,0,0,0.4,8118,5423,42272,17068,a,,,,,,,,3.7,1,11,266,3,0,1,1,3,0,30,9,6,15,0.09,0.10,0.19,4.81,3.7,3.7
2026-09-10T00:27:33+00:00,2026-09-09,daily,4,2026-09-12T12:30:00Z,245,Dibling,EVE,MID,54,0,-1,0.0,156,300,713,1919,a,,,,,,,,0.0,0,0,0,0,0,0,0,0,0,0,0,0,0,0.00,0.00,0.00,0.00,0.0,0.0
2026-09-10T00:27:33+00:00,2026-09-09,daily,4,2026-09-12T12:30:00Z,246,Röhl,EVE,MID,50,0,0,0.0,372,593,1470,2396,a,,,,,,,,2.0,1,6,249,3,0,0,1,2,0,24,6,5,13,0.00,0.20,0.20,4.52,2.0,2.0
2026-09-10T00:27:33+00:00,2026-09-09,daily,4,2026-09-12T12:30:00Z,247,Hackney,EVE,MID,55,0,0,0.2,1013,1194,2356,8110,a,,2026-08-26T22:00:07.797766Z,100,100,,,3,2.7,4,8,121,1,0,1,1,1,0,11,3,3,5,0.05,0.11,0.16,3.49,2.7,2.7
2026-09-10T00:27:33+00:00,2026-09-09,daily,4,2026-09-12T12:30:00Z,248,Beto,EVE,FWD,54,0,-1,1.1,0,42258,16222,167200,u,Has joined Fiorentina permanently,2026-09-02T16:05:23.357221Z,0,0,,,,0.7,0,2,31,0,0,0,0,0,0,1,1,0,0,0.09,0.00,0.09,1.92,0.0,0.0
2026-09-10T00:27:33+00:00,2026-09-09,daily,4,2026-09-12T12:30:00Z,249,Barry,EVE,FWD,56,1,1,5.6,148065,61649,494239,175420,a,,,,,1,,,4.0,2,12,237,3,1,0,1,3,0,10,2,1,7,2.31,0.11,2.42,2.89,4.0,4.0
2026-09-10T00:27:33+00:00,2026-09-09,daily,4,2026-09-12T12:30:00Z,649,Maitland-Niles,EVE,DEF,45,0,0,0.2,9076,1641,9635,1769,a,,,,,,,,7.0,7,7,13,0,1,0,0,1,0,0,0,0,0,0.03,0.00,0.03,0.29,1.8,1.8
2026-09-10T00:27:33+00:00,2026-09-09,daily,4,2026-09-12T12:30:00Z,654,Graham,EVE,MID,45,0,0,0.1,5718,1052,5718,1052,a,,,,,,,,0.0,0,0,0,0,0,0,0,0,0,0,0,0,0,0.00,0.00,0.00,0.00,1.0,1.0
2026-09-10T00:27:33+00:00,2026-09-09,daily,4,2026-09-12T12:30:00Z,250,Leno,FUL,GKP,45,0,0,3.0,12180,18724,65914,57330,a,,,,,,,,2.0,1,6,270,3,0,0,0,7,8,0,3,0,25,0.00,0.00,0.00,6.23,2.0,2.0
2026-09-10T00:27:33+00:00,2026-09-09,daily,4,2026-09-12T12:30:00Z,251,Lecomte,FUL,GKP,40,0,0,1.2,4902,3787,15844,15766,a,,,,,,,,0.0,0,0,0,0,0,0,0,0,0,0,0,0,0,0.00,0.00,0.00,0.00,0.0,0.0
2026-09-10T00:27:33+00:00,2026-09-09,daily,4,2026-09-12T12:30:00Z,252,McNally,FUL,GKP,40,0,0,0.1,0,1243,2589,4452,u,Has joined York City on loan for the rest of the season,2026-09-01T13:25:11.231240Z,0,0,,,,0.0,0,0,0,0,0,0,0,0,0,0,0,0,0,0.00,0.00,0.00,0.00,0.0,0.0
2026-09-10T00:27:33+00:00,2026-09-09,daily,4,2026-09-12T12:30:00Z,253,Andersen,FUL,DEF,50,0,0,0.1,1258,1645,9414,4413,a,,2026-07-23T12:01:23.516350Z,100,100,,,,0.7,1,2,180,2,0,0,0,4,0,15,13,2,9,0.00,0.10,0.10,3.99,0.7,0.7
2026-09-10T00:27:33+00:00,2026-09-09,daily,4,2026-09-12T12:30:00Z,254,Robinson,FUL,DEF,45,0,0,1.5,3014,14750,29201,41361,a,,,,,2,,,1.3,1,4,249,3,0,0,0,7,0,15,7,8,12,0.21,0.16,0.37,6.20,1.3,1.3
2026-09-10T00:27:33+00:00,2026-09-09,daily,4,2026-09-12T12:30:00Z,255,J.Cuenca,FUL,DEF,45,0,0,0.0,61,344,1348,1292,a,,,,,,,,1.0,0,3,90,1,0,0,0,3,0,10,9,1,3,0.00,0.03,0.03,2.24,1.0,1.0
2026-09-10T00:27:33+00:00,2026-09-09,daily,4,2026-09-12T12:30:00Z,256,Tete,FUL,DEF,44,-1,-1,0.2,118,1382,886,6459,a,,,,,,,,0.0,0,0,0,0,0,0,0,0,0,0,0,0,0,0.00,0.00,0.00,0.00,0.0,0.0
2026-09-10T00:27:33+00:00,2026-09-09,daily,4,2026-09-12T12:30:00Z,257,Bassey,FUL,DEF,45,0,0,0.7,1337,5551,16399,19568,a,,,,,,,,1.0,1,3,270,3,0,0,0,7,0,13,10,3,12,0.02,0.07,0.09,6.23,1.0,1.0
2026-09-10T00:27:33+00:00,2026-09-09,daily,4,2026-09-12T12:30:00Z,258,Castagne,FUL,DEF,45,0,0,0.9,4063,8892,60373,22346,a,,,,,,,,4.3,1,13,247,3,0,2,1,6,0,15,11,4,11,0.67,0.37,1.04,4.47,4.3,4.3
2026-09-10T00:27:33+00:00,2026-09-09,daily,4,2026-09-12T12:30:00Z,261,Iwobi,FUL,MID,55,0,0,0.8,1484,8940,14933,35207,a,,,,,3,1,1,2.0,2,6,262,3,0,0,0,7,0,18,4,3,11,0.05,0.70,0.75,6.23,2.0,2.0
2026-09-10T00:27:33+00:00,2026-09-09,daily,4,2026-09-12T12:30:00Z,262,Smith Rowe,FUL,MID,54,-1,-1,0.3,564,2955,3403,14229,a,,,,,,,,0.7,1,2,25,0,0,0,0,0,0,1,0,0,1,0.06,0.02,0.08,0.41,0.7,0.7
2026-09-10T00:27:33+00:00,2026-09-09,daily,4,2026-09-12T12:30:00Z,263,Kevin,FUL,MID,54,0,-1,0.0,171,679,1143,2883,a,,,,,,,4,0.7,0,2,24,0,0,0,0,0,0,3,0,2,1,0.00,0.05,0.05,0.20,0.7,0.7
2026-09-10T00:27:33+00:00,2026-09-09,daily,4,2026-09-12T12:30:00Z,264,Bobb,FUL,MID,55,0,0,0.3,1506,3570,10661,12562,a,,,,,,,2,2.3,2,7,211,3,0,0,1,6,0,15,2,5,8,0.32,0.92,1.24,4.44,2.3,2.3
2026-09-10T00:27:33+00:00,2026-09-09,daily,4,2026-09-12T12:30:00Z,265,Berge,FUL,MID,50,0,0,0.3,451,2904,3791,11421,a,,,,,,,,1.7,1,5,183,2,0,0,0,5,0,8,1,1,6,0.03,0.33,0.36,4.90,1.7,1.7
2026-09-10T00:27:33+00:00,2026-09-09,daily,4,2026-09-12T12:30:00Z,266,Cairney,FUL,MID,50,0,0,0.0,19,33,55,230,i,Knee injury - Expected back 10 Oct,2026-08-14T18:00:06.460944Z,0,0,,,,0.0,0,0,0,0,0,0,0,0,0,0,0,0,0,0.00,0.00,0.00,0.00,0.0,0.0
2026-09-10T00:27:33+00:00,2026-09-09,daily,4,2026-09-12T12:30:00Z,268,King,FUL,MID,55,0,0,1.1,50892,17277,108709,34913,a,,,,,,,,6.3,10,19,270,3,2,0,0,7,0,19,4,5,10,0.95,0.34,1.29,6.23,6.3,6.3
2026-09-10T00:27:33+00:00,2026-09-09,daily,4,2026-09-12T12:30:00Z,269,Sessegnon,FUL,DEF,45,0,0,0.3,177,2457,2023,10314,a,,,,,,,3,1.0,1,3,50,0,0,0,0,1,0,3,2,1,3,0.13,0.44,0.57,1.80,1.0,1.0
2026-09-10T00:27:33+00:00,2026-09-09,daily,4,2026-09-12T12:30:00Z,270,Reed,FUL,MID,45,0,0,1.2,2471,9222,16128,42801,a,,,,,,,,0.0,0,0,0,0,0,0,0,0,0,0,0,0,0,0.00,0.00,0.00,0.00,0.0,0.0
2026-09-10T00:27:33+00:00,2026-09-09,daily,4,2026-09-12T12:30:00Z,271,Muniz,FUL,FWD,54,-1,-1,0.5,2090,4522,9311,22740,a,,,,,,,,0.7,1,2,15,0,0,0,0,0,0,1,1,0,0,0.40,0.00,0.40,0.03,0.7,0.7
2026-09-10T00:27:33+00:00,2026-09-09,daily,4,2026-09-12T12:30:00Z,272,Kusi-Asare,FUL,FWD,45,0,0,6.3,23013,45358,107287,161580,a,,,,,,,,0.0,0,0,0,0,0,0,0,0,0,0,0,0,0,0.00,0.00,0.00,0.00,0.0,0.0
2026-09-10T00:27:33+00:00,2026-09-09,daily,4,2026-09-12T12:30:00Z,569,Gonzalo,FUL,FWD,60,0,0,4.2,26426,60011,307255,156403,a,,,,,1,,,3.3,2,10,270,3,1,0,0,7,0,13,5,2,6,1.44,0.22,1.66,6.23,3.3,3.3
2026-09-10T00:27:33+00:00,2026-09-09,daily,4,2026-09-12T12:30:00Z,570,Palacios,FUL,MID,55,0,0,0.2,1020,1147,2942,6287,a,,,,,,,,3.7,8,11,207,3,1,0,0,6,0,13,3,2,8,0.98,0.03,1.01,4.97,3.7,3.7
2026-09-10T00:27:33+00:00,2026-09-09,daily,4,2026-09-12T12:30:00Z,580,Charles,FUL,MID,50,0,0,0.1,209,505,902,2557,a,,,,,,,,1.3,2,4,123,1,0,0,0,4,0,16,4,1,11,0.09,0.12,0.21,3.77,1.3,1.3
2026-09-10T00:27:33+00:00,2026-09-09,daily,4,2026-09-12T12:30:00Z,610,De Fougerolles,FUL,DEF,40,0,0,0.1,425,856,5697,3169,d,Unspecified injury - 75% chance of playing,2026-08-28T11:30:08.336405Z,75,75,,,,0.0,0,0,0,0,0,0,0,0,0,0,0,0,0,0.00,0.00,0.00,0.00,0.0,0.0
2026-09-10T00:27:33+00:00,2026-09-09,daily,4,2026-09-12T12:30:00Z,626,Zepa,FUL,MID,45,0,0,0.4,8985,4552,30995,9383,a,,,,,,,,0.0,0,0,0,0,0,0,0,0,0,0,0,0,0,0.00,0.00,0.00,0.00,0.0,0.0
2026-09-10T00:27:33+00:00,2026-09-09,daily,4,2026-09-12T12:30:00Z,635,Larsson,FUL,MID,50,0,0,0.0,177,47,465,74,a,,,,,,,,1.0,1,1,11,0,0,0,0,0,0,1,0,1,0,0.13,0.22,0.35,0.00,1.5,1.5
2026-09-10T00:27:33+00:00,2026-09-09,daily,4,2026-09-12T12:30:00Z,636,Ángel,FUL,MID,50,0,0,0.0,100,40,220,54,a,,,,,,,,0.0,0,0,0,0,0,0,0,0,0,0,0,0,0,0.00,0.00,0.00,0.00,1.5,1.5
2026-09-10T00:27:33+00:00,2026-09-09,daily,4,2026-09-12T12:30:00Z,650,Affengruber,FUL,DEF,45,0,0,0.0,183,61,387,88,a,,,,,,,,0.0,0,0,0,0,0,0,0,0,0,0,0,0,0,0.00,0.00,0.00,0.00,1.8,1.8
2026-09-10T00:27:33+00:00,2026-09-09,daily,4,2026-09-12T12:30:00Z,240,Iroegbunam,HUL,MID,50,0,0,0.0,244,136,574,671,a,,2026-08-15T20:00:06.878792Z,100,100,,,,0.3,0,1,4,0,0,0,0,0,0,0,0,0,0,0.00,0.00,0.00,0.00,0.3,0.3
2026-09-10T00:27:33+00:00,2026-09-09,daily,4,2026-09-12T12:30:00Z,273,Phillips,HUL,GKP,40,0,0,1.5,5726,5629,18159,23963,a,,,,,,,,0.0,0,0,0,0,0,0,0,0,0,0,0,0,0,0.00,0.00,0.00,0.00,0.0,0.0
2026-09-10T00:27:33+00:00,2026-09-09,daily,4,2026-09-12T12:30:00Z,274,Butland,HUL,GKP,45,0,0,0.1,91,582,381,3787,i,Arm injury - Unknown return date,2026-08-08T19:00:05.601633Z,0,0,,,,0.0,0,0,0,0,0,0,0,0,0,0,0,0,0,0.00,0.00,0.00,0.00,0.0,0.0
2026-09-10T00:27:33+00:00,2026-09-09,daily,4,2026-09-12T12:30:00Z,275,Cartwright,HUL,GKP,40,0,0,0.0,0,45,0,239,u,Has joined Grimsby Town on loan for the rest of the season,2026-07-29T13:00:27.959925Z,0,0,,,,0.0,0,0,0,0,0,0,0,0,0,0,0,0,0,0.00,0.00,0.00,0.00,0.0,0.0
2026-09-10T00:27:33+00:00,2026-09-09,daily,4,2026-09-12T12:30:00Z,276,Lo-Tutala,HUL,GKP,40,0,0,0.0,0,128,0,783,u,Has joined Colchester United on loan for the rest of the season,2026-08-17T13:50:27.125537Z,0,0,,,,0.0,0,0,0,0,0,0,0,0,0,0,0,0,0,0.00,0.00,0.00,0.00,0.0,0.0
2026-09-10T00:27:33+00:00,2026-09-09,daily,4,2026-09-12T12:30:00Z,277,Egan,HUL,DEF,41,1,1,6.2,161985,35738,540628,104611,a,,,,,,,,7.7,6,23,270,3,0,0,3,0,0,41,36,5,5,0.00,0.00,0.00,5.05,7.7,7.7
2026-09-10T00:27:33+00:00,2026-09-09,daily,4,2026-09-12T12:30:00Z,278,Hughes,HUL,DEF,40,0,0,0.1,82,716,319,4856,i,Groin injury - Unknown return date,2026-08-02T09:00:11.030017Z,0,0,,,,0.0,0,0,0,0,0,0,0,0,0,0,0,0,0,0.00,0.00,0.00,0.00,0.0,0.0
2026-09-10T00:27:33+00:00,2026-09-09,daily,4,2026-09-12T12:30:00Z,279,Ajayi,HUL,DEF,41,0,1,11.4,203973,42899,915299,127741,a,,2026-08-22T17:30:07.668197Z,100,100,,,,8.3,5,25,243,3,1,0,3,0,0,20,17,3,9,0.52,0.00,0.52,4.08,8.3,8.3
2026-09-10T00:27:33+00:00,2026-09-09,daily,4,2026-09-12T12:30:00Z,280,Coyle,HUL,DEF,40,0,0,0.6,4085,2198,8240,17465,a,,2026-08-29T16:30:08.151841Z,75,100,,,,4.0,6,12,177,3,0,0,2,0,0,6,5,1,4,0.00,0.02,0.02,4.06,3.0,4.0
2026-09-10T00:27:33+00:00,2026-09-09,daily,4,2026-09-12T12:30:00Z,281,Drameh,HUL,DEF,40,0,0,0.1,0,1154,2118,3240,u,Has joined Genoa permanently,2026-09-02T16:09:06.479140Z,0,0,,,,0.7,0,2,65,0,0,0,0,0,0,6,5,1,4,0.05,0.00,0.05,0.87,0.0,0.0
2026-09-10T00:27:33+00:00,2026-09-09,daily,4,2026-09-12T12:30:00Z,282,Giles,HUL,DEF,40,0,0,1.3,27989,7231,67693,19765,a,,,,,,1,1,6.7,8,20,264,3,0,0,3,0,0,12,9,3,10,0.02,0.18,0.20,4.98,6.7,6.7
2026-09-10T00:27:33+00:00,2026-09-09,daily,4,2026-09-12T12:30:00Z,283,Jacob,HUL,DEF,40,0,0,0.0,0,82,114,520,u,Has joined Newport County on loan until January,2026-08-02T09:00:11.038361Z,0,0,,,,0.0,0,0,0,0,0,0,0,0,0,0,0,0,0,0.00,0.00,0.00,0.00,0.0,0.0
2026-09-10T00:27:33+00:00,2026-09-09,daily,4,2026-09-12T12:30:00Z,284,McCarthy,HUL,DEF,40,0,0,0.1,509,624,2691,2795,a,,,,,,,,0.0,0,0,0,0,0,0,0,0,0,0,0,0,0,0.00,0.00,0.00,0.00,0.0,0.0
2026-09-10T00:27:33+00:00,2026-09-09,daily,4,2026-09-12T12:30:00Z,285,McNair,HUL,DEF,40,0,0,0.1,306,736,1960,2925,d,Foot injury - 75% chance of playing,2026-09-09T13:30:08.327907Z,,75,,,,0.3,0,1,26,0,0,0,0,0,0,2,2,0,1,0.00,0.00,0.00,0.96,0.3,0.2
2026-09-10T00:27:33+00:00,2026-09-09,daily,4,2026-09-12T12:30:00Z,286,Belloumi,HUL,MID,50,0,0,0.9,16086,6361,56538,20831,a,,,,,,2,3,4.7,5,14,253,3,0,1,3,0,0,32,14,9,9,0.20,0.06,0.26,4.87,4.7,4.7
2026-09-10T00:27:33+00:00,2026-09-09,daily,4,2026-09-12T12:30:00Z,287,Millar,HUL,MID,50,0,0,0.0,0,1814,3178,5534,u,Has joined Birmingham on loan for the rest of the season,2026-09-02T15:36:41.038103Z,0,0,,,,2.0,0,6,50,0,1,0,0,0,0,4,2,1,1,0.58,0.00,0.58,0.87,0.0,0.0
2026-09-10T00:27:33+00:00,2026-09-09,daily,4,2026-09-12T12:30:00Z,288,Dowell,HUL,MID,45,0,0,0.4,2110,2974,9593,13164,a,,,,,,,,0.0,0,0,0,0,0,0,0,0,0,0,0,0,0,0.00,0.00,0.00,0.00,0.0,0.0
2026-09-10T00:27:33+00:00,2026-09-09,daily,4,2026-09-12T12:30:00Z,289,Crooks,HUL,MID,45,0,0,0.5,748,5777,13774,26717,a,,2026-08-29T15:00:08.569326Z,75,100,,,,0.7,0,2,90,1,0,0,1,0,0,9,4,4,1,0.00,0.00,0.00,1.83,0.5,0.7
2026-09-10T00:27:33+00:00,2026-09-09,daily,4,2026-09-12T12:30:00Z,290,Slater,HUL,MID,45,0,0,5.2,89239,47584,339178,136200,a,,,,,,,2,3.7,3,11,270,3,0,1,3,0,0,19,5,6,8,0.04,0.46,0.50,5.05,3.7,3.7
2026-09-10T00:27:33+00:00,2026-09-09,daily,4,2026-09-12T12:30:00Z,291,Matazo,HUL,MID,45,0,0,0.0,71,79,238,311,i,Knee injury - Unknown return date,2026-07-23T12:01:23.532635Z,0,0,,,,0.0,0,0,0,0,0,0,0,0,0,0,0,0,0,0.00,0.00,0.00,0.00,0.0,0.0
2026-09-10T00:27:33+00:00,2026-09-09,daily,4,2026-09-12T12:30:00Z,292,Ömür,HUL,MID,49,0,-1,0.0,204,213,736,1054,a,,,,,,,,0.0,0,0,0,0,0,0,0,0,0,0,0,0,0,0.00,0.00,0.00,0.00,0.0,0.0
2026-09-10T00:27:33+00:00,2026-09-09,daily,4,2026-09-12T12:30:00Z,293,Kamara,HUL,MID,50,0,0,0.0,0,35,0,328,u,Has joined Portsmouth permanently,2026-08-12T14:08:23.542043Z,0,0,,,,0.0,0,0,0,0,0,0,0,0,0,0,0,0,0,0.00,0.00,0.00,0.00,0.0,0.0
2026-09-10T00:27:33+00:00,2026-09-09,daily,4,2026-09-12T12:30:00Z,294,Zambrano,HUL,MID,45,0,0,0.1,385,710,1521,4767,a,,2026-08-04T18:30:11.016909Z,0,100,,,,0.0,0,0,0,0,0,0,0,0,0,0,0,0,0,0.00,0.00,0.00,0.00,0.0,0.0
2026-09-10T00:27:33+00:00,2026-09-09,daily,4,2026-09-12T12:30:00Z,295,McBurnie,HUL,FWD,55,0,0,2.0,13840,24054,137113,89995,a,,,,,1,,,2.7,2,8,270,3,0,1,3,0,0,12,4,2,6,0.54,0.07,0.61,5.05,2.7,2.7
2026-09-10T00:27:33+00:00,2026-09-09,daily,4,2026-09-12T12:30:00Z,296,Akintola,HUL,MID,50,0,0,0.0,447,609,2629,2884,a,,,,,,,,0.0,0,0,0,0,0,0,0,0,0,0,0,0,0,0.00,0.00,0.00,0.00,0.0,0.0
2026-09-10T00:27:33+00:00,2026-09-09,daily,4,2026-09-12T12:30:00Z,297,Gyabi,HUL,MID,45,0,0,0.0,73,192,278,1161,i,Thigh injury - Unknown return date,2026-08-04T18:30:11.027155Z,0,0,,,,0.0,0,0,0,0,0,0,0,0,0,0,0,0,0,0.00,0.00,0.00,0.00,0.0,0.0
2026-09-10T00:27:33+00:00,2026-09-09,daily,4,2026-09-12T12:30:00Z,298,Destan,HUL,FWD,45,0,0,0.2,0,2529,0,16969,u,Has joined Konyaspor permanently,2026-08-17T13:50:27.145733Z,0,0,,,,0.0,0,0,0,0,0,0,0,0,0,0,0,0,0,0.00,0.00,0.00,0.00,0.0,0.0
2026-09-10T00:27:33+00:00,2026-09-09,daily,4,2026-09-12T12:30:00Z,299,Burstow,HUL,FWD,45,0,0,0.0,0,351,0,2339,u,Has joined Sheffield Wednesday on loan for the rest of the season,2026-08-03T14:05:20.234842Z,0,0,,,,0.0,0,0,0,0,0,0,0,0,0,0,0,0,0,0.00,0.00,0.00,0.00,0.0,0.0
2026-09-10T00:27:33+00:00,2026-09-09,daily,4,2026-09-12T12:30:00Z,340,Gelhardt,HUL,MID,50,0,0,0.0,123,105,267,616,a,,2026-08-17T21:30:07.799839Z,100,100,,,,0.0,0,0,0,0,0,0,0,0,0,0,0,0,0,0.00,0.00,0.00,0.00,0.0,0.0
2026-09-10T00:27:33+00:00,2026-09-09,daily,4,2026-09-12T12:30:00Z,556,Targett,HUL,DEF,40,0,0,2.0,2808,11725,18620,50279,a,,,,,,,,0.3,0,1,5,0,0,0,0,0,0,0,0,0,1,0.00,0.00,0.00,0.07,0.3,0.3
2026-09-10T00:27:33+00:00,2026-09-09,daily,4,2026-09-12T12:30:00Z,563,Morita,HUL,MID,50,0,0,0.0,113,243,652,888,i,Calf injury - Expected back 11 Oct,2026-09-09T14:00:08.474217Z,100,0,,,,0.3,0,1,45,1,0,0,0,0,0,3,2,0,1,0.00,0.00,0.00,1.09,0.3,0.0
2026-09-10T00:27:33+00:00,2026-09-09,daily,4,2026-09-12T12:30:00Z,572,Tzolakis,HUL,GKP,46,0,1,9.4,154085,35773,623837,109061,a,,,,,,,,8.7,6,26,270,3,0,0,3,0,9,0,0,0,43,0.00,0.00,0.00,5.05,8.7,8.7
2026-09-10T00:27:33+00:00,2026-09-09,daily,4,2026-09-12T12:30:00Z,574,Hjertø-Dahl,HUL,MID,49,-1,-1,0.1,312,522,940,2951,a,,,,,,,,0.3,1,1,8,0,0,0,0,0,0,1,0,0,1,0.00,0.00,0.00,0.00,0.3,0.3
2026-09-10T00:27:33+00:00,2026-09-09,daily,4,2026-09-12T12:30:00Z,576,Stroud,HUL,MID,50,0,0,0.1,386,602,2586,2885,a,,,,,,,,2.0,3,6,190,3,0,0,2,0,0,15,3,3,9,0.05,0.05,0.10,4.06,2.0,2.0
2026-09-10T00:27:33+00:00,2026-09-09,daily,4,2026-09-12T12:30:00Z,585,Herrington,HUL,DEF,40,0,0,0.6,1134,2712,7339,11413,a,,,,,,,,1.0,1,3,76,0,0,0,0,0,0,7,6,1,1,0.00,0.00,0.00,1.28,1.0,1.0
2026-09-10T00:27:33+00:00,2026-09-09,daily,4,2026-09-12T12:30:00Z,586,Mendy,HUL,DEF,40,0,0,7.4,195284,35538,541662,123761,a,,2026-08-22T17:30:08.045208Z,100,100,,,,8.0,8,24,191,3,1,0,2,0,0,32,27,5,6,0.32,0.00,0.32,3.76,8.0,8.0
2026-09-10T00:27:33+00:00,2026-09-09,daily,4,2026-09-12T12:30:00Z,589,Gourna-Douath,HUL,MID,50,0,0,0.0,115,173,463,833,a,,,,,,,,1.0,2,3,126,1,0,0,1,0,0,16,5,4,7,0.00,0.02,0.02,2.13,1.0,1.0
2026-09-10T00:27:33+00:00,2026-09-09,daily,4,2026-09-12T12:30:00Z,617,Cho,HUL,MID,50,0,0,0.0,244,126,940,317,a,,,,,,,,1.0,1,2,15,0,0,0,0,0,0,0,0,0,0,0.05,0.00,0.05,0.18,1.0,1.0
2026-09-10T00:27:33+00:00,2026-09-09,daily,4,2026-09-12T12:30:00Z,632,Ansah,HUL,FWD,50,0,0,0.0,2606,769,4828,979,i,Back injury - Unknown return date,2026-09-09T10:00:08.919489Z,,0,,,,0.0,0,0,0,0,0,0,0,0,0,0,0,0,0,0.00,0.00,0.00,0.00,1.4,0.0
2026-09-10T00:27:33+00:00,2026-09-09,daily,4,2026-09-12T12:30:00Z,637,Vaz,HUL,FWD,50,0,0,0.0,1997,477,3604,679,a,,,,,,,,0.0,0,0,0,0,0,0,0,0,0,0,0,0,0,0.00,0.00,0.00,0.00,1.4,1.4
2026-09-10T00:27:33+00:00,2026-09-09,daily,4,2026-09-12T12:30:00Z,638,Norton-Cuffy,HUL,DEF,40,0,0,0.2,10346,2220,16800,2993,a,,,,,,,,1.0,1,1,26,0,0,0,0,0,0,1,1,0,2,0.00,0.00,0.00,0.12,1.0,1.0
2026-09-10T00:27:33+00:00,2026-09-09,daily,4,2026-09-12T12:30:00Z,642,Thomas,HUL,MID,55,0,0,0.0,599,166,1045,224,a,,,,,,,,1.0,1,1,27,0,0,0,0,0,0,1,0,0,1,0.00,0.04,0.04,0.12,2.0,2.0
2026-09-10T00:27:33+00:00,2026-09-09,daily,4,2026-09-12T12:30:00Z,645,Mouzakitis,HUL,MID,50,0,0,0.0,194,59,404,83,a,,,,,,,,0.0,0,0,0,0,0,0,0,0,0,0,0,0,0,0.00,0.00,0.00,0.00,1.5,1.5
2026-09-10T00:27:33+00:00,2026-09-09,daily,4,2026-09-12T12:30:00Z,259,Diop,IPS,DEF,40,0,0,14.8,20019,79291,90046,275365,a,,,,,,,,2.3,3,7,270,3,0,0,0,8,0,28,25,3,12,0.00,0.02,0.02,6.12,2.3,2.3
2026-09-10T00:27:33+00:00,2026-09-09,daily,4,2026-09-12T12:30:00Z,267,Lukić,IPS,MID,50,0,0,0.1,433,799,2420,3950,a,,,,,,,2,2.7,2,8,252,3,0,1,0,7,0,21,10,5,6,0.02,0.06,0.08,5.26,2.7,2.7
2026-09-10T00:27:33+00:00,2026-09-09,daily,4,2026-09-12T12:30:00Z,300,Walton,IPS,GKP,45,0,0,0.4,159,1635,718,10671,a,,,,,,,,0.0,0,0,0,0,0,0,0,0,0,0,0,0,0,0.00,0.00,0.00,0.00,0.0,0.0
2026-09-10T00:27:33+00:00,2026-09-09,daily,4,2026-09-12T12:30:00Z,301,Palmer,IPS,GKP,40,0,0,4.2,14114,18496,51480,66711,a,,,,,,,,0.0,0,0,0,0,0,0,0,0,0,0,0,0,0,0.00,0.00,0.00,0.00,0.0,0.0
2026-09-10T00:27:33+00:00,2026-09-09,daily,4,2026-09-12T12:30:00Z,302,Button,IPS,GKP,40,0,0,0.5,7378,2604,16934,8304,a,,,,,,,,0.0,0,0,0,0,0,0,0,0,0,0,0,0,0,0.00,0.00,0.00,0.00,0.0,0.0
2026-09-10T00:27:33+00:00,2026-09-09,daily,4,2026-09-12T12:30:00Z,303,Kipré,IPS,DEF,40,0,0,0.5,331,2404,1295,12775,a,,,,,,,,0.0,0,0,0,0,0,0,0,0,0,0,0,0,0,0.00,0.00,0.00,0.00,0.0,0.0
2026-09-10T00:27:33+00:00,2026-09-09,daily,4,2026-09-12T12:30:00Z,304,O'Shea,IPS,DEF,40,0,0,3.1,8669,21869,46480,73046,a,,,,,,,,2.3,3,7,270,3,0,0,0,8,0,30,25,5,11,0.07,0.18,0.25,6.12,2.3,2.3
2026-09-10T00:27:33+00:00,2026-09-09,daily,4,2026-09-12T12:30:00Z,305,Davis,IPS,DEF,40,0,0,5.1,24395,35061,94590,96307,a,,,,,,2,6,3.0,1,9,270,3,1,0,0,8,0,17,15,2,8,0.65,0.25,0.90,6.12,3.0,3.0
2026-09-10T00:27:33+00:00,2026-09-09,daily,4,2026-09-12T12:30:00Z,306,Greaves,IPS,DEF,40,0,0,1.2,1083,4802,5397,22186,a,,,,,,,,0.7,1,2,270,3,0,0,0,8,0,24,19,5,8,0.00,0.05,0.05,6.12,0.7,0.7
2026-09-10T00:27:33+00:00,2026-09-09,daily,4,2026-09-12T12:30:00Z,307,Johnson,IPS,DEF,40,0,0,0.1,0,1604,1137,3994,u,Has joined Stoke City on loan for the rest of the season,2026-09-04T12:36:56.236331Z,0,0,,,,0.0,0,0,0,0,0,0,0,0,0,0,0,0,0,0.00,0.00,0.00,0.00,0.0,0.0
2026-09-10T00:27:33+00:00,2026-09-09,daily,4,2026-09-12T12:30:00Z,308,Furlong,IPS,DEF,40,0,0,0.5,214,2138,1095,11102,a,,,,,,,,0.3,0,1,17,0,0,0,0,1,0,3,2,1,0,0.00,0.00,0.00,0.86,0.3,0.3
2026-09-10T00:27:33+00:00,2026-09-09,daily,4,2026-09-12T12:30:00Z,309,Núñez,IPS,MID,50,0,0,0.1,240,1171,2543,4549,a,,,,,,1,1,2.0,0,6,140,2,0,0,0,4,0,21,8,3,10,0.03,0.05,0.08,3.48,2.0,2.0
2026-09-10T00:27:33+00:00,2026-09-09,daily,4,2026-09-12T12:30:00Z,310,Matusiwa,IPS,MID,49,-1,-1,0.0,19,30,39,209,i,Muscular injury - Unknown return date,2026-07-29T18:00:10.305484Z,0,0,,,,0.0,0,0,0,0,0,0,0,0,0,0,0,0,0,0.00,0.00,0.00,0.00,0.0,0.0
2026-09-10T00:27:33+00:00,2026-09-09,daily,4,2026-09-12T12:30:00Z,311,Burns,IPS,MID,50,0,0,0.0,0,30,0,309,u,Has joined Leicester City permanently,2026-08-10T14:02:47.597478Z,0,0,,,,0.0,0,0,0,0,0,0,0,0,0,0,0,0,0,0.00,0.00,0.00,0.00,0.0,0.0
2026-09-10T00:27:33+00:00,2026-09-09,daily,4,2026-09-12T12:30:00Z,312,Taylor,IPS,MID,45,0,0,0.0,106,305,407,1883,i,Knee injury - Unknown return date,2026-07-29T18:00:10.319370Z,0,0,,,,0.0,0,0,0,0,0,0,0,0,0,0,0,0,0,0.00,0.00,0.00,0.00,0.0,0.0
2026-09-10T00:27:33+00:00,2026-09-09,daily,4,2026-09-12T12:30:00Z,313,Clarke,IPS,MID,55,0,0,0.2,296,2127,4665,10296,a,,,,,1,3,3,2.7,1,8,43,0,1,0,0,0,0,4,1,1,2,0.15,0.02,0.17,0.09,2.7,2.7
2026-09-10T00:27:33+00:00,2026-09-09,daily,4,2026-09-12T12:30:00Z,314,Ogbene,IPS,MID,49,0,-1,0.0,0,218,104,879,u,Has joined Lincoln City on loan until January,2026-09-02T16:04:17.497385Z,0,0,,,,0.0,0,0,0,0,0,0,0,0,0,0,0,0,0,0.00,0.00,0.00,0.00,0.0,0.0
2026-09-10T00:27:33+00:00,2026-09-09,daily,4,2026-09-12T12:30:00Z,315,Fatawu,IPS,MID,55,0,0,0.2,1155,1438,3851,7181,a,,,,,,,5,2.7,2,8,225,3,0,1,0,8,0,17,4,7,6,0.03,0.78,0.81,5.91,2.7,2.7
2026-09-10T00:27:33+00:00,2026-09-09,daily,4,2026-09-12T12:30:00Z,316,Emersonn,IPS,FWD,55,0,0,1.7,16639,15707,114186,83761,a,,2026-08-31T09:30:08.306145Z,100,100,2,,,4.0,2,12,175,3,1,0,0,4,0,7,3,2,2,1.04,0.06,1.10,2.02,4.0,4.0
2026-09-10T00:27:33+00:00,2026-09-09,daily,4,2026-09-12T12:30:00Z,317,Hirst,IPS,FWD,50,0,0,0.1,0,1253,0,14313,u,Has joined Stoke City permanently,2026-08-21T13:06:08.606019Z,0,0,,,,0.0,0,0,0,0,0,0,0,0,0,0,0,0,0,0.00,0.00,0.00,0.00,0.0,0.0
2026-09-10T00:27:33+00:00,2026-09-09,daily,4,2026-09-12T12:30:00Z,318,Philogene,IPS,MID,54,0,-1,0.1,12,924,159,8302,i,Ankle injury - Unknown return date,2026-08-25T11:30:07.532993Z,0,0,3,,4,0.0,0,0,0,0,0,0,0,0,0,0,0,0,0,0.00,0.00,0.00,0.00,0.0,0.0
2026-09-10T00:27:33+00:00,2026-09-09,daily,4,2026-09-12T12:30:00Z,319,Szmodics,IPS,MID,50,0,0,0.0,0,57,0,657,u,Has joined Derby County on loan for the rest of the season,2026-08-17T13:51:41.713979Z,0,0,,,,0.0,0,0,0,0,0,0,0,0,0,0,0,0,0,0.00,0.00,0.00,0.00,0.0,0.0
2026-09-10T00:27:33+00:00,2026-09-09,daily,4,2026-09-12T12:30:00Z,320,Akpom,IPS,FWD,50,0,0,1.2,23416,11767,90695,35237,a,,,,,,,,2.0,0,6,69,0,1,0,0,4,0,3,0,1,2,0.97,0.00,0.97,4.04,2.0,2.0
2026-09-10T00:27:33+00:00,2026-09-09,daily,4,2026-09-12T12:30:00Z,321,Walle Egeli,IPS,FWD,45,0,0,3.4,51108,33982,219518,111577,a,,,,,,,,0.3,0,1,10,0,0,0,0,0,0,0,0,0,0,0.00,0.00,0.00,0.03,0.3,0.3
2026-09-10T00:27:33+00:00,2026-09-09,daily,4,2026-09-12T12:30:00Z,322,Al-Hamadi,IPS,FWD,50,0,0,0.1,0,1099,755,7978,u,Has joined Sheffield Wednesday on loan for the rest of the season,2026-08-27T14:54:10.215357Z,0,0,,,,0.0,0,0,0,0,0,0,0,0,0,0,0,0,0,0.00,0.00,0.00,0.00,0.0,0.0
2026-09-10T00:27:33+00:00,2026-09-09,daily,4,2026-09-12T12:30:00Z,323,McAteer,IPS,MID,45,0,0,1.2,4749,8162,21990,35693,a,,,,,,,,1.0,1,3,42,0,0,0,0,0,0,5,0,1,4,0.05,0.00,0.05,0.21,1.0,1.0
2026-09-10T00:27:33+00:00,2026-09-09,daily,4,2026-09-12T12:30:00Z,324,Mehmeti,IPS,MID,49,0,-1,0.0,70,328,226,1771,a,,,,,,,,0.0,0,0,0,0,0,0,0,0,0,0,0,0,0,0.00,0.00,0.00,0.00,0.0,0.0
2026-09-10T00:27:33+00:00,2026-09-09,daily,4,2026-09-12T12:30:00Z,554,Van Oevelen,IPS,GKP,45,0,0,0.0,0,199,54,1534,u,Has joined Valencia on loan for the rest of the season,2026-08-25T14:04:09.529320Z,0,0,,,,0.0,0,0,0,0,0,0,0,0,0,0,0,0,0,0.00,0.00,0.00,0.00,0.0,0.0
2026-09-10T00:27:33+00:00,2026-09-09,daily,4,2026-09-12T12:30:00Z,562,Maeda,IPS,MID,54,-1,-1,0.3,563,2538,2206,12419,a,,,,,,,,2.0,2,6,216,3,0,0,0,7,0,19,8,7,4,0.71,0.01,0.72,5.16,2.0,2.0
2026-09-10T00:27:33+00:00,2026-09-09,daily,4,2026-09-12T12:30:00Z,564,Scherpen,IPS,GKP,45,0,0,0.6,2984,2824,8712,13557,a,,,,,,,,2.0,2,6,270,3,0,0,0,8,13,0,5,0,30,0.00,0.01,0.01,6.12,2.0,2.0
2026-09-10T00:27:33+00:00,2026-09-09,daily,4,2026-09-12T12:30:00Z,571,Florentino,IPS,MID,49,0,-1,0.1,237,614,674,5172,a,,2026-08-25T11:30:07.678802Z,100,100,,,,0.0,0,0,0,0,0,0,0,0,0,0,0,0,0,0.00,0.00,0.00,0.00,0.0,0.0
2026-09-10T00:27:33+00:00,2026-09-09,daily,4,2026-09-12T12:30:00Z,591,Enciso,IPS,MID,55,0,0,0.8,15421,8610,68987,23875,a,,2026-08-22T18:00:07.551930Z,100,100,,,,3.7,1,11,250,3,0,2,0,8,0,21,4,2,15,0.87,0.64,1.51,6.09,3.7,3.7
2026-09-10T00:27:33+00:00,2026-09-09,daily,4,2026-09-12T12:30:00Z,592,Ouattara,IPS,DEF,40,0,0,0.9,1698,3185,8868,16212,a,,,,,,,,1.0,1,3,39,0,0,0,0,1,0,2,2,0,3,0.00,0.02,0.02,0.89,1.0,1.0
2026-09-10T00:27:33+00:00,2026-09-09,daily,4,2026-09-12T12:30:00Z,602,Humphreys,IPS,MID,45,0,0,0.0,0,764,2861,2301,u,Has joined Huddersfield Town on loan for the rest of the season,2026-09-02T16:04:17.524642Z,0,0,,,,0.0,0,0,0,0,0,0,0,0,0,0,0,0,0,0.00,0.00,0.00,0.00,0.0,0.0
2026-09-10T00:27:33+00:00,2026-09-09,daily,4,2026-09-12T12:30:00Z,619,Palacios,IPS,MID,50,0,0,0.0,1615,581,3030,933,a,,,,,,,,2.5,4,5,105,1,0,0,0,4,0,25,5,5,15,0.00,0.03,0.03,2.61,2.5,2.5
2026-09-10T00:27:33+00:00,2026-09-09,daily,4,2026-09-12T12:30:00Z,640,Flemming,IPS,FWD,55,0,0,0.0,1487,400,3248,633,a,,,,,,,,1.0,1,1,24,0,0,0,0,0,0,0,0,0,0,0.02,0.01,0.03,0.06,1.8,1.8
2026-09-10T00:27:33+00:00,2026-09-09,daily,4,2026-09-12T12:30:00Z,260,Wilson,LEE,MID,63,-1,-2,3.2,1993,75055,24249,288428,a,,,,,,,2,1.3,0,4,127,1,0,0,1,0,0,9,2,3,4,0.01,0.06,0.07,2.98,1.3,1.3
2026-09-10T00:27:33+00:00,2026-09-09,daily,4,2026-09-12T12:30:00Z,326,Perri,LEE,GKP,45,0,0,0.4,0,4651,532,19467,u,Has joined Torino on loan for the rest of the season,2026-09-01T13:12:39.210133Z,0,0,,,,0.0,0,0,0,0,0,0,0,0,0,0,0,0,0,0.00,0.00,0.00,0.00,0.0,0.0
2026-09-10T00:27:33+00:00,2026-09-09,daily,4,2026-09-12T12:30:00Z,327,Bijol,LEE,DEF,50,0,0,0.9,2860,9199,62987,34910,a,,,,,,,,4.0,1,12,164,2,0,0,1,2,0,21,18,3,7,0.11,0.00,0.11,3.16,4.0,4.0
2026-09-10T00:27:33+00:00,2026-09-09,daily,4,2026-09-12T12:30:00Z,329,Rodon,LEE,DEF,44,-1,-1,1.6,111,63328,26781,203529,i,Hamstring injury - Expected back 21 Nov,2026-08-30T16:00:08.564382Z,0,0,,,,2.3,0,7,123,2,0,0,1,0,0,11,10,1,2,0.03,0.06,0.09,1.01,0.0,0.0
2026-09-10T00:27:33+00:00,2026-09-09,daily,4,2026-09-12T12:30:00Z,330,Bogle,LEE,DEF,45,0,0,1.6,64591,11475,75605,20120,a,,,,,,,,7.3,14,22,217,3,1,0,2,1,0,12,9,3,8,0.90,0.03,0.93,1.64,7.3,7.3
2026-09-10T00:27:33+00:00,2026-09-09,daily,4,2026-09-12T12:30:00Z,331,Gudmundsson,LEE,DEF,45,0,0,0.1,637,306,1347,1689,a,,2026-08-08T20:00:07.546568Z,100,100,,,,0.7,2,2,90,1,0,0,0,1,0,5,2,3,9,0.00,0.00,0.00,2.19,0.7,0.7
2026-09-10T00:27:33+00:00,2026-09-09,daily,4,2026-09-12T12:30:00Z,332,Justin,LEE,DEF,45,0,0,1.5,13117,11011,92283,41830,a,,,,,,,,5.3,4,16,270,3,0,0,1,2,0,30,19,11,11,0.17,0.02,0.19,4.52,5.3,5.3
2026-09-10T00:27:33+00:00,2026-09-09,daily,4,2026-09-12T12:30:00Z,333,Bornauw,LEE,DEF,45,0,0,0.0,0,26,0,259,u,Has joined Hamburg SV on loan for the rest of the season,2026-08-19T13:56:14.645970Z,0,0,,,,0.0,0,0,0,0,0,0,0,0,0,0,0,0,0,0.00,0.00,0.00,0.00,0.0,0.0
2026-09-10T00:27:33+00:00,2026-09-09,daily,4,2026-09-12T12:30:00Z,334,Muharemović,LEE,DEF,50,0,0,3.5,59674,32663,121717,87098,a,,,,,,,,4.7,4,14,270,3,0,0,1,2,0,39,36,3,6,0.09,0.02,0.11,4.52,4.7,4.7
2026-09-10T00:27:33+00:00,2026-09-09,daily,4,2026-09-12T12:30:00Z,335,Stach,LEE,MID,60,0,0,2.8,17218,28700,160738,91936,a,,,,,,1,1,6.3,2,19,270,3,1,0,1,2,0,38,18,9,11,0.49,0.16,0.65,4.52,6.3,6.3
2026-09-10T00:27:33+00:00,2026-09-09,daily,4,2026-09-12T12:30:00Z,336,Okafor,LEE,MID,59,0,-1,0.3,1174,3447,5048,23506,a,,,,,,,,2.0,3,6,153,2,0,0,1,1,0,7,2,3,2,0.08,0.18,0.26,1.11,2.0,2.0
2026-09-10T00:27:33+00:00,2026-09-09,daily,4,2026-09-12T12:30:00Z,337,Aaronson,LEE,MID,54,-1,-1,0.6,653,6510,5272,31037,a,,,,,,3,,1.7,1,5,154,2,0,0,1,2,0,10,1,2,7,0.01,0.02,0.03,3.08,1.7,1.7
2026-09-10T00:27:33+00:00,2026-09-09,daily,4,2026-09-12T12:30:00Z,338,Ampadu,LEE,MID,55,0,0,1.1,1592,9372,9745,38082,a,,,,,,,,3.0,2,9,270,3,0,0,1,2,0,34,17,8,9,0.01,0.14,0.15,4.52,3.0,3.0
2026-09-10T00:27:33+00:00,2026-09-09,daily,4,2026-09-12T12:30:00Z,339,Longstaff,LEE,MID,49,-1,-1,0.1,444,1095,1658,5330,a,,,,,,2,3,0.3,0,1,8,0,0,0,0,0,0,0,0,0,0,0.00,0.00,0.00,0.07,0.3,0.3
2026-09-10T00:27:33+00:00,2026-09-09,daily,4,2026-09-12T12:30:00Z,341,Gnonto,LEE,MID,50,0,0,0.0,0,339,244,1483,u,Has joined ACF Fiorentina on loan for the rest of the season,2026-09-02T16:04:47.189648Z,0,0,,,,0.0,0,0,0,0,0,0,0,0,0,0,0,0,0,0.00,0.00,0.00,0.00,0.0,0.0
2026-09-10T00:27:33+00:00,2026-09-09,daily,4,2026-09-12T12:30:00Z,342,Harrison,LEE,MID,50,0,0,0.0,0,9,0,62,u,Has joined New England Revolution permanently,2026-07-28T12:59:09.492431Z,0,0,,,,0.0,0,0,0,0,0,0,0,0,0,0,0,0,0,0.00,0.00,0.00,0.00,0.0,0.0
2026-09-10T00:27:33+00:00,2026-09-09,daily,4,2026-09-12T12:30:00Z,343,James,LEE,MID,50,0,0,0.1,472,1204,2934,5231,a,,,,,,,,0.3,0,1,22,0,0,0,0,0,0,2,0,0,2,0.24,0.01,0.25,0.93,0.3,0.3
2026-09-10T00:27:33+00:00,2026-09-09,daily,4,2026-09-12T12:30:00Z,344,Gruev,LEE,MID,50,0,0,0.0,8,35,50,235,d,Knee injury - 25% chance of playing,2026-08-14T23:00:06.272027Z,25,25,,,,0.0,0,0,0,0,0,0,0,0,0,0,0,0,0,0.00,0.00,0.00,0.00,0.0,0.0
2026-09-10T00:27:33+00:00,2026-09-09,daily,4,2026-09-12T12:30:00Z,345,Tanaka,LEE,MID,49,0,-1,0.2,3735,1820,8100,10554,a,,,,,,,4,2.0,5,6,117,1,0,1,0,1,0,19,8,5,6,0.53,0.02,0.55,2.00,2.0,2.0
2026-09-10T00:27:33+00:00,2026-09-09,daily,4,2026-09-12T12:30:00Z,346,Calvert-Lewin,LEE,FWD,60,0,0,23.6,58634,259989,341534,792153,a,,,,,1,,,3.3,1,10,252,3,1,0,1,2,0,9,4,0,5,1.61,0.08,1.69,3.20,3.3,3.3
2026-09-10T00:27:33+00:00,2026-09-09,daily,4,2026-09-12T12:30:00Z,347,Nmecha,LEE,FWD,54,-1,-1,0.5,3511,4366,10855,22449,a,,,,,2,,,1.7,1,5,38,0,0,1,0,0,0,1,0,0,1,0.27,0.14,0.41,2.25,1.7,1.7
2026-09-10T00:27:33+00:00,2026-09-09,daily,4,2026-09-12T12:30:00Z,348,Piroe,LEE,FWD,50,0,0,0.1,0,1052,0,9348,u,Has joined West Ham United on loan for the rest of the season,2026-08-19T13:56:14.666726Z,0,0,3,,,0.0,0,0,0,0,0,0,0,0,0,0,0,0,0,0.00,0.00,0.00,0.00,0.0,0.0
2026-09-10T00:27:33+00:00,2026-09-09,daily,4,2026-09-12T12:30:00Z,349,Mateo Joseph,LEE,FWD,45,0,0,0.1,502,641,1774,2774,i,Knee injury - Unknown return date,2026-07-29T18:00:10.338170Z,0,0,,,,0.0,0,0,0,0,0,0,0,0,0,0,0,0,0,0.00,0.00,0.00,0.00,0.0,0.0
2026-09-10T00:27:33+00:00,2026-09-09,daily,4,2026-09-12T12:30:00Z,385,Trafford,LEE,GKP,50,0,0,5.4,38146,27708,183437,91632,a,,,,,,,,5.0,3,15,270,3,0,0,1,2,11,0,2,0,31,0.00,0.00,0.00,4.52,5.0,5.0
2026-09-10T00:27:33+00:00,2026-09-09,daily,4,2026-09-12T12:30:00Z,598,Elvedi,LEE,DEF,45,0,0,0.0,1215,617,2298,1424,a,,,,,,,,1.7,4,5,146,1,0,0,0,2,0,16,15,1,4,0.00,0.57,0.57,3.51,1.7,1.7
2026-09-10T00:27:33+00:00,2026-09-09,daily,4,2026-09-12T12:30:00Z,603,Lienou,LEE,DEF,40,0,0,0.1,866,708,4890,2163,a,,,,,,,,0.0,0,0,0,0,0,0,0,0,0,0,0,0,0,0.00,0.00,0.00,0.00,0.0,0.0
2026-09-10T00:27:33+00:00,2026-09-09,daily,4,2026-09-12T12:30:00Z,604,Cresswell,LEE,MID,45,0,0,0.1,2363,1462,11314,4366,a,,,,,,,,0.0,0,0,0,0,0,0,0,0,0,0,0,0,0,0.00,0.00,0.00,0.00,0.0,0.0
2026-09-10T00:27:33+00:00,2026-09-09,daily,4,2026-09-12T12:30:00Z,625,Cairns,LEE,GKP,40,0,0,0.2,4061,1329,13486,2713,a,,,,,,,,0.0,0,0,0,0,0,0,0,0,0,0,0,0,0,0.00,0.00,0.00,0.00,0.0,0.0
2026-09-10T00:27:33+00:00,2026-09-09,daily,4,2026-09-12T12:30:00Z,629,Zetterer,LEE,GKP,40,0,0,0.5,15075,2881,28349,4188,a,,,,,,,,0.0,0,0,0,0,0,0,0,0,0,0,0,0,0,0.00,0.00,0.00,0.00,1.0,1.0
2026-09-10T00:27:33+00:00,2026-09-09,daily,4,2026-09-12T12:30:00Z,641,Bard,LEE,DEF,45,0,0,0.0,192,59,369,87,a,,,,,,,,0.0,0,0,0,0,0,0,0,0,0,0,0,0,0,0.00,0.00,0.00,0.00,1.8,1.8
2026-09-10T00:27:33+00:00,2026-09-09,daily,4,2026-09-12T12:30:00Z,648,Bahoya,LEE,MID,50,0,0,0.0,586,233,1601,429,a,,,,,,,,0.0,0,0,0,0,0,0,0,0,0,0,0,0,0,0.00,0.00,0.00,0.00,1.5,1.5
2026-09-10T00:27:33+00:00,2026-09-09,daily,4,2026-09-12T12:30:00Z,350,A.Becker,LIV,GKP,55,0,0,3.8,23126,17422,90954,96635,a,,,,,,,,3.3,8,10,270,3,0,0,1,4,9,0,6,0,24,0.00,0.00,0.00,4.63,3.3,3.3
2026-09-10T00:27:33+00:00,2026-09-09,daily,4,2026-09-12T12:30:00Z,351,Mamardashvili,LIV,GKP,49,0,-1,0.1,408,1375,2068,6253,a,,,,,,,,0.0,0,0,0,0,0,0,0,0,0,0,0,0,0,0.00,0.00,0.00,0.00,0.0,0.0
2026-09-10T00:27:33+00:00,2026-09-09,daily,4,2026-09-12T12:30:00Z,352,Woodman,LIV,GKP,40,0,0,1.1,2278,4631,13768,18101,a,,,,,,,,0.0,0,0,0,0,0,0,0,0,0,0,0,0,0,0.00,0.00,0.00,0.00,0.0,0.0
2026-09-10T00:27:33+00:00,2026-09-09,daily,4,2026-09-12T12:30:00Z,353,Pecsi,LIV,GKP,40,0,0,0.0,0,126,0,858,u,Has joined TSV Hartberg on loan for the rest of the season,2026-08-18T14:11:18.638344Z,0,0,,,,0.0,0,0,0,0,0,0,0,0,0,0,0,0,0,0.00,0.00,0.00,0.00,0.0,0.0
2026-09-10T00:27:33+00:00,2026-09-09,daily,4,2026-09-12T12:30:00Z,354,Jaros,LIV,GKP,40,0,0,0.0,371,223,1083,738,i,Knee injury - Unknown return date,2026-07-29T18:00:10.351066Z,0,0,,,,0.0,0,0,0,0,0,0,0,0,0,0,0,0,0,0.00,0.00,0.00,0.00,0.0,0.0
2026-09-10T00:27:33+00:00,2026-09-09,daily,4,2026-09-12T12:30:00Z,355,Davies,LIV,GKP,40,0,0,0.2,777,716,3138,2568,a,,,,,,,,0.0,0,0,0,0,0,0,0,0,0,0,0,0,0,0.00,0.00,0.00,0.00,0.0,0.0
2026-09-10T00:27:33+00:00,2026-09-09,daily,4,2026-09-12T12:30:00Z,356,Virgil,LIV,DEF,65,0,0,17.2,50356,76799,192620,429354,a,,,,,,,,3.0,6,9,270,3,0,0,1,4,0,25,20,5,15,0.25,0.06,0.31,4.63,3.0,3.0
2026-09-10T00:27:33+00:00,2026-09-09,daily,4,2026-09-12T12:30:00Z,357,Frimpong,LIV,DEF,54,-1,-1,2.5,2946,55973,52560,159942,a,,,,,,,,0.3,0,1,160,2,0,0,0,4,0,8,5,3,6,0.01,0.11,0.12,3.81,0.3,0.3
2026-09-10T00:27:33+00:00,2026-09-09,daily,4,2026-09-12T12:30:00Z,358,Kerkez,LIV,DEF,54,-1,-1,2.8,7069,20352,36713,119790,a,,,,,,,,2.0,5,6,250,3,0,0,1,4,0,20,14,6,8,0.02,0.06,0.08,4.56,2.0,2.0
2026-09-10T00:27:33+00:00,2026-09-09,daily,4,2026-09-12T12:30:00Z,359,Gomez,LIV,DEF,50,0,0,0.0,52,147,201,881,i,Muscular injury - Unknown return date,2026-07-26T08:30:10.078473Z,0,0,,,,0.0,0,0,0,0,0,0,0,0,0,0,0,0,0,0.00,0.00,0.00,0.00,0.0,0.0
2026-09-10T00:27:33+00:00,2026-09-09,daily,4,2026-09-12T12:30:00Z,360,Bradley,LIV,DEF,50,0,0,0.0,55,123,248,560,i,Knee injury - Unknown return date,2026-07-23T12:01:23.565711Z,0,0,,,,0.0,0,0,0,0,0,0,0,0,0,0,0,0,0,0.00,0.00,0.00,0.00,0.0,0.0
2026-09-10T00:27:33+00:00,2026-09-09,daily,4,2026-09-12T12:30:00Z,361,Lucky,LIV,DEF,40,0,0,0.1,548,1003,2576,3568,a,,,,,,,,0.0,0,0,0,0,0,0,0,0,0,0,0,0,0,0.00,0.00,0.00,0.00,0.0,0.0
2026-09-10T00:27:33+00:00,2026-09-09,daily,4,2026-09-12T12:30:00Z,362,Jacquet,LIV,DEF,50,0,0,2.7,27143,19877,106678,78550,a,,2026-07-23T12:01:23.581126Z,100,100,,,,3.0,5,9,235,3,0,0,1,4,0,23,16,7,10,0.00,0.10,0.10,4.02,3.0,3.0
2026-09-10T00:27:33+00:00,2026-09-09,daily,4,2026-09-12T12:30:00Z,363,Leoni,LIV,DEF,40,0,0,0.0,112,308,626,1444,i,Knee injury - Unknown return date,2026-07-23T12:01:23.596909Z,0,0,,,,0.0,0,0,0,0,0,0,0,0,0,0,0,0,0,0.00,0.00,0.00,0.00,0.0,0.0
2026-09-10T00:27:33+00:00,2026-09-09,daily,4,2026-09-12T12:30:00Z,364,Tsimikas,LIV,DEF,49,-1,-1,0.1,212,955,1038,3024,a,,,,,,,,0.3,0,1,19,0,0,0,0,0,0,0,0,0,0,0.04,0.01,0.05,0.07,0.3,0.3
2026-09-10T00:27:33+00:00,2026-09-09,daily,4,2026-09-12T12:30:00Z,365,Ramsay,LIV,DEF,40,0,0,0.1,0,1410,638,10377,u,Has joined St Mirren on loan for the rest of the season,2026-08-26T14:05:26.748768Z,0,0,,,,0.0,0,0,0,0,0,0,0,0,0,0,0,0,0,0.00,0.00,0.00,0.00,0.0,0.0
2026-09-10T00:27:33+00:00,2026-09-09,daily,4,2026-09-12T12:30:00Z,366,Wirtz,LIV,MID,74,-1,-1,8.3,9170,149258,103123,462899,a,,,,,4,2,3,3.0,3,9,242,3,0,1,1,4,0,19,0,4,15,0.67,0.29,0.96,3.46,3.0,3.0
2026-09-10T00:27:33+00:00,2026-09-09,daily,4,2026-09-12T12:30:00Z,367,Gakpo,LIV,MID,72,1,2,14.4,588020,77496,1028717,236428,d,Thigh injury - 75% chance of playing,2026-09-09T18:30:08.772955Z,,75,3,,2,9.3,11,28,250,3,1,3,1,4,0,25,7,6,12,0.36,1.20,1.56,4.56,9.3,7.0
2026-09-10T00:27:33+00:00,2026-09-09,daily,4,2026-09-12T12:30:00Z,368,Szoboszlai,LIV,MID,70,0,0,38.3,91276,346473,617300,800306,a,,,,,1,1,1,5.0,3,15,270,3,1,0,1,4,0,29,8,4,17,1.17,0.52,1.69,4.63,5.0,5.0
2026-09-10T00:27:33+00:00,2026-09-09,daily,4,2026-09-12T12:30:00Z,369,Ngumoha,LIV,MID,58,-1,-2,0.6,1102,16393,10122,66679,a,,,,,,,,1.0,0,3,81,1,0,0,0,2,0,3,0,1,2,0.04,0.05,0.09,0.58,1.0,1.0
2026-09-10T00:27:33+00:00,2026-09-09,daily,4,2026-09-12T12:30:00Z,370,Chiesa,LIV,MID,54,0,-1,0.1,12,972,647,8768,i,Back injury - Unknown return date,2026-08-27T13:30:07.598926Z,0,0,,,,0.0,0,0,0,0,0,0,0,0,0,0,0,0,0,0.00,0.00,0.00,0.00,0.0,0.0
2026-09-10T00:27:33+00:00,2026-09-09,daily,4,2026-09-12T12:30:00Z,371,Gravenberch,LIV,MID,59,-1,-1,1.4,3526,26096,29305,86249,a,,,,,,,,2.3,1,7,122,1,0,1,0,2,0,14,3,2,9,0.06,0.06,0.12,1.34,2.3,2.3
2026-09-10T00:27:33+00:00,2026-09-09,daily,4,2026-09-12T12:30:00Z,372,Mac Allister,LIV,MID,54,-1,-1,1.4,5815,14201,23004,63767,a,,,,,5,,,1.7,2,5,186,2,0,0,1,2,0,24,5,8,11,0.08,0.42,0.50,3.90,1.7,1.7
2026-09-10T00:27:33+00:00,2026-09-09,daily,4,2026-09-12T12:30:00Z,373,C.Jones,LIV,MID,55,0,0,0.0,0,271,34,2329,u,Has joined Internazionale permanently,2026-08-16T18:30:07.426408Z,0,0,,,,0.0,0,0,0,0,0,0,0,0,0,0,0,0,0,0.00,0.00,0.00,0.00,0.0,0.0
2026-09-10T00:27:33+00:00,2026-09-09,daily,4,2026-09-12T12:30:00Z,374,Endo,LIV,MID,50,0,0,0.1,385,808,1668,3239,a,,2026-07-23T12:01:23.612529Z,100,100,,,,0.0,0,0,0,0,0,0,0,0,0,0,0,0,0,0.00,0.00,0.00,0.00,0.0,0.0
2026-09-10T00:27:33+00:00,2026-09-09,daily,4,2026-09-12T12:30:00Z,375,Nyoni,LIV,MID,49,-1,-1,0.0,328,474,970,1969,a,,,,,,,,0.7,1,2,19,0,0,0,0,0,0,5,1,2,2,0.00,0.00,0.00,0.22,0.7,0.7
2026-09-10T00:27:33+00:00,2026-09-09,daily,4,2026-09-12T12:30:00Z,376,Bajcetic,LIV,MID,50,0,0,0.0,0,19,19,91,u,Has joined Celta Vigo permanently,2026-07-23T12:01:23.628373Z,0,0,,,,0.0,0,0,0,0,0,0,0,0,0,0,0,0,0,0.00,0.00,0.00,0.00,0.0,0.0
2026-09-10T00:27:33+00:00,2026-09-09,daily,4,2026-09-12T12:30:00Z,377,Munoz,LIV,MID,65,0,0,1.2,10990,18846,100687,47960,a,,,,,,,,4.3,3,13,180,2,1,1,1,2,0,11,4,2,5,0.42,0.25,0.67,3.95,4.3,4.3
2026-09-10T00:27:33+00:00,2026-09-09,daily,4,2026-09-12T12:30:00Z,378,McConnell,LIV,MID,45,0,0,0.2,657,1748,2944,7971,a,,,,,,,,0.0,0,0,0,0,0,0,0,0,0,0,0,0,0,0.00,0.00,0.00,0.00,0.0,0.0
2026-09-10T00:27:33+00:00,2026-09-09,daily,4,2026-09-12T12:30:00Z,379,Isak,LIV,FWD,91,1,1,21.0,426987,54562,681610,362544,a,,,,,2,,,7.7,13,23,243,3,3,0,1,4,0,5,2,1,2,2.29,0.06,2.35,4.46,7.7,7.7
2026-09-10T00:27:33+00:00,2026-09-09,daily,4,2026-09-12T12:30:00Z,380,Ekitiké,LIV,FWD,74,-1,-1,0.1,363,1627,1768,8866,i,Achilles injury - Unknown return date,2026-07-23T12:01:23.643771Z,0,0,,,,0.0,0,0,0,0,0,0,0,0,0,0,0,0,0,0.00,0.00,0.00,0.00,0.0,0.0
2026-09-10T00:27:33+00:00,2026-09-09,daily,4,2026-09-12T12:30:00Z,381,Koumas,LIV,MID,50,0,0,0.0,94,220,411,808,a,,,,,,,,0.7,1,2,13,0,0,0,0,0,0,1,0,0,1,0.03,0.00,0.03,0.58,0.7,0.7
2026-09-10T00:27:33+00:00,2026-09-09,daily,4,2026-09-12T12:30:00Z,382,Danns,LIV,FWD,45,0,0,0.1,4872,1577,8096,3085,a,,2026-07-23T12:01:23.659279Z,100,100,,,,0.0,0,0,0,0,0,0,0,0,0,0,0,0,0,0.00,0.00,0.00,0.00,0.0,0.0
2026-09-10T00:27:33+00:00,2026-09-09,daily,4,2026-09-12T12:30:00Z,383,Elliott,LIV,MID,54,0,-1,0.0,0,1295,907,4967,u,Has joined Valencia on loan for the rest of the season,2026-09-02T16:05:49.104326Z,0,0,,,,0.0,0,0,0,0,0,0,0,0,0,0,0,0,0,0.00,0.00,0.00,0.00,0.0,0.0
2026-09-10T00:27:33+00:00,2026-09-09,daily,4,2026-09-12T12:30:00Z,579,Araujo,LIV,DEF,54,0,-1,2.3,23860,11237,59142,125551,a,,,,,,,,3.0,8,9,123,1,0,0,1,0,0,15,13,2,4,0.00,0.05,0.05,1.36,3.0,3.0
2026-09-10T00:27:33+00:00,2026-09-09,daily,4,2026-09-12T12:30:00Z,627,Barcola,LIV,MID,80,0,0,1.8,66127,25914,201915,45530,a,,,,,,,,1.0,1,1,26,0,0,0,0,0,0,0,0,0,0,0.00,0.07,0.07,0.17,2.8,2.8
2026-09-10T00:27:33+00:00,2026-09-09,daily,4,2026-09-12T12:30:00Z,155,Enzo,MCI,MID,69,0,-1,3.2,22533,32243,68455,254344,a,,,,,,,,1.3,3,4,100,1,0,0,1,0,0,6,1,1,4,0.13,0.14,0.27,1.28,1.3,1.3
2026-09-10T00:27:33+00:00,2026-09-09,daily,4,2026-09-12T12:30:00Z,237,Ndiaye,MCI,MID,59,-1,-1,9.9,29910,195020,234279,728192,a,,,,,,,,5.3,3,16,266,3,0,1,2,1,0,30,6,7,17,0.28,0.43,0.71,5.47,5.3,5.3
2026-09-10T00:27:33+00:00,2026-09-09,daily,4,2026-09-12T12:30:00Z,384,Donnarumma,MCI,GKP,55,0,0,7.7,21200,46112,126348,211129,a,,,,,,,,3.3,7,10,270,3,0,0,1,2,7,0,2,0,14,0.00,0.00,0.00,2.68,3.3,3.3
2026-09-10T00:27:33+00:00,2026-09-09,daily,4,2026-09-12T12:30:00Z,386,Bettinelli,MCI,GKP,45,0,0,0.0,89,159,396,768,a,,,,,,,,0.0,0,0,0,0,0,0,0,0,0,0,0,0,0,0.00,0.00,0.00,0.00,0.0,0.0
2026-09-10T00:27:33+00:00,2026-09-09,daily,4,2026-09-12T12:30:00Z,387,O'Reilly,MCI,DEF,65,0,0,14.7,4326,373499,170353,771859,d,Back injury - 75% chance of playing,2026-09-05T18:00:06.379802Z,,75,,,,1.3,0,4,150,2,0,0,0,2,0,3,1,2,7,0.09,0.43,0.52,1.21,1.3,1.0
2026-09-10T00:27:33+00:00,2026-09-09,daily,4,2026-09-12T12:30:00Z,388,Guéhi,MCI,DEF,60,0,0,18.6,63028,67161,368660,290979,a,,,,,,,,6.7,8,20,270,3,1,0,1,2,0,18,15,3,14,0.89,0.38,1.27,2.68,6.7,6.7
2026-09-10T00:27:33+00:00,2026-09-09,daily,4,2026-09-12T12:30:00Z,389,Matheus N.,MCI,DEF,59,0,-1,1.0,1594,7077,5104,62989,a,,2026-08-27T11:30:08.171622Z,100,100,4,,,0.3,0,1,33,0,0,0,0,0,0,1,1,0,2,0.00,0.04,0.04,0.10,0.3,0.3
2026-09-10T00:27:33+00:00,2026-09-09,daily,4,2026-09-12T12:30:00Z,390,Rúben,MCI,DEF,55,0,0,1.8,7224,10543,37499,47054,a,,,,,,,,3.3,6,10,270,3,0,0,1,2,0,15,14,1,14,0.09,0.74,0.83,2.68,3.3,3.3
2026-09-10T00:27:33+00:00,2026-09-09,daily,4,2026-09-12T12:30:00Z,391,Gvardiol,MCI,DEF,56,0,1,19.9,211095,82974,987865,239275,a,,,,,,,,7.3,8,22,254,3,1,1,1,2,0,17,10,7,12,0.20,0.11,0.31,2.68,7.3,7.3
2026-09-10T00:27:33+00:00,2026-09-09,daily,4,2026-09-12T12:30:00Z,392,Aït-Nouri,MCI,DEF,53,-1,-2,0.5,800,7609,5436,49459,a,,,,,,,,0.0,0,0,0,0,0,0,0,0,0,0,0,0,0,0.00,0.00,0.00,0.00,0.0,0.0
2026-09-10T00:27:33+00:00,2026-09-09,daily,4,2026-09-12T12:30:00Z,393,Khusanov,MCI,DEF,55,0,0,1.6,4300,8717,20178,47537,a,,,,,,,,3.0,5,9,268,3,0,0,1,2,0,17,9,8,13,0.00,0.06,0.06,2.68,3.0,3.0
2026-09-10T00:27:33+00:00,2026-09-09,daily,4,2026-09-12T12:30:00Z,394,Alleyne,MCI,DEF,50,0,0,0.0,0,44,0,543,u,Has joined Burnley on loan for the rest of the season,2026-08-18T14:11:56.324656Z,0,0,,,,0.0,0,0,0,0,0,0,0,0,0,0,0,0,0,0.00,0.00,0.00,0.00,0.0,0.0
2026-09-10T00:27:33+00:00,2026-09-09,daily,4,2026-09-12T12:30:00Z,395,Lewis,MCI,DEF,45,0,0,0.2,647,2776,6419,11032,a,,,,,,,,0.3,0,1,56,1,0,0,0,1,0,2,2,0,0,0.17,0.02,0.19,0.55,0.3,0.3
2026-09-10T00:27:33+00:00,2026-09-09,daily,4,2026-09-12T12:30:00Z,396,Vitor Reis,MCI,DEF,45,0,0,0.0,51,199,285,701,a,,,,,,,,0.3,0,1,1,0,0,0,0,0,0,0,0,0,0,0.00,0.00,0.00,0.00,0.3,0.3
2026-09-10T00:27:33+00:00,2026-09-09,daily,4,2026-09-12T12:30:00Z,397,Semenyo,MCI,MID,84,-1,-1,17.7,24706,178827,142434,783158,a,,,,,2,,,4.3,6,13,270,3,0,2,1,2,0,12,0,3,9,0.17,0.93,1.10,2.68,4.3,4.3
2026-09-10T00:27:33+00:00,2026-09-09,daily,4,2026-09-12T12:30:00Z,398,Foden,MCI,MID,70,0,0,4.7,12149,118517,295032,239917,a,,,,,,2,3,3.7,1,11,195,2,0,2,0,2,0,14,2,4,8,1.61,0.86,2.47,1.81,3.7,3.7
2026-09-10T00:27:33+00:00,2026-09-09,daily,4,2026-09-12T12:30:00Z,399,Cherki,MCI,MID,78,1,3,30.2,208083,220403,2277291,343747,a,,,,,,1,1,8.3,3,25,173,2,2,2,1,1,0,6,0,0,6,0.56,1.35,1.91,1.62,8.3,8.3
2026-09-10T00:27:33+00:00,2026-09-09,daily,4,2026-09-12T12:30:00Z,400,Doku,MCI,MID,74,0,-1,0.8,190,9590,1137,113976,i,Calf injury - Expected back 13 Sep,2026-08-18T17:00:08.385597Z,0,0,3,,,0.0,0,0,0,0,0,0,0,0,0,0,0,0,0,0.00,0.00,0.00,0.00,0.0,0.0
2026-09-10T00:27:33+00:00,2026-09-09,daily,4,2026-09-12T12:30:00Z,402,Rodrigo,MCI,MID,65,0,0,0.0,0,68,0,1133,u,Has joined Barcelona permanently,2026-07-23T12:01:23.675537Z,0,0,,,,0.0,0,0,0,0,0,0,0,0,0,0,0,0,0,0.00,0.00,0.00,0.00,0.0,0.0
2026-09-10T00:27:33+00:00,2026-09-09,daily,4,2026-09-12T12:30:00Z,404,Reijnders,MCI,MID,60,0,0,0.0,0,403,0,7723,u,Has joined Al Qadsiah permanently,2026-08-20T14:02:58.154273Z,0,0,,,,0.0,0,0,0,0,0,0,0,0,0,0,0,0,0,0.00,0.00,0.00,0.00,0.0,0.0
2026-09-10T00:27:33+00:00,2026-09-09,daily,4,2026-09-12T12:30:00Z,406,Kovačić,MCI,MID,54,-1,-1,0.1,324,950,1800,4386,a,,,,,,,,0.7,0,2,42,0,0,0,0,0,0,2,0,0,2,0.00,0.02,0.02,0.10,0.7,0.7
2026-09-10T00:27:33+00:00,2026-09-09,daily,4,2026-09-12T12:30:00Z,407,Echeverri,MCI,MID,49,0,-1,0.0,0,284,250,1087,u,Has joined Benfica on loan for the rest of the season,2026-09-03T15:41:24.710479Z,0,0,,,,0.0,0,0,0,0,0,0,0,0,0,0,0,0,0,0.00,0.00,0.00,0.00,0.0,0.0
2026-09-10T00:27:33+00:00,2026-09-09,daily,4,2026-09-12T12:30:00Z,408,Phillips,MCI,MID,50,0,0,0.0,0,42,0,503,u,Has joined Sheffield United on loan for the rest of the season,2026-08-18T14:11:56.348781Z,0,0,,,,0.0,0,0,0,0,0,0,0,0,0,0,0,0,0,0.00,0.00,0.00,0.00,0.0,0.0
2026-09-10T00:27:33+00:00,2026-09-09,daily,4,2026-09-12T12:30:00Z,409,Mukasa,MCI,MID,45,0,0,0.1,0,2442,1621,8903,u,has joined West Ham on loan for the rest of the seaon.,2026-09-03T10:34:10.733520Z,0,0,,,,0.0,0,0,0,0,0,0,0,0,0,0,0,0,0,0.00,0.00,0.00,0.00,0.0,0.0
2026-09-10T00:27:33+00:00,2026-09-09,daily,4,2026-09-12T12:30:00Z,410,Monga,MCI,MID,49,0,-1,0.0,0,281,219,1016,u,Has joined Swansea City on loan for the rest of the season,2026-09-02T16:02:01.136760Z,0,0,,,,0.0,0,0,0,0,0,0,0,0,0,0,0,0,0,0.00,0.00,0.00,0.00,0.0,0.0
2026-09-10T00:27:33+00:00,2026-09-09,daily,4,2026-09-12T12:30:00Z,411,Haaland,MCI,FWD,155,0,0,71.3,105591,75456,575769,219818,a,,,,,1,,,8.0,9,24,270,3,3,0,1,2,0,15,8,0,7,2.46,0.50,2.96,2.68,8.0,8.0
2026-09-10T00:27:33+00:00,2026-09-09,daily,4,2026-09-12T12:30:00Z,481,Anderson,MCI,MID,63,-1,-2,4.6,11939,53747,63295,339971,a,,2026-08-23T17:00:07.952697Z,100,100,,,2,2.7,3,8,233,3,0,0,1,2,0,31,9,8,14,0.09,0.64,0.73,2.58,2.7,2.7
2026-09-10T00:27:33+00:00,2026-09-09,daily,4,2026-09-12T12:30:00Z,587,Rulli,MCI,GKP,50,0,0,0.0,88,175,329,739,a,,,,,,,,0.0,0,0,0,0,0,0,0,0,0,0,0,0,0,0.00,0.00,0.00,0.00,0.0,0.0
2026-09-10T00:27:33+00:00,2026-09-09,daily,4,2026-09-12T12:30:00Z,616,Bouaddi,MCI,MID,55,0,0,0.2,2774,2845,15128,6452,a,,,,,,,,1.0,1,2,22,0,0,0,0,0,0,6,3,0,3,0.00,0.12,0.12,0.37,1.0,1.0
2026-09-10T00:27:33+00:00,2026-09-09,daily,4,2026-09-12T12:30:00Z,621,McAidoo,MCI,MID,45,0,0,0.1,2683,1652,9361,3578,a,,,,,,,,1.0,1,2,11,0,0,0,0,0,0,4,0,2,2,0.10,0.00,0.10,0.02,1.0,1.0
2026-09-10T00:27:33+00:00,2026-09-09,daily,4,2026-09-12T12:30:00Z,622,Braithwaite,MCI,DEF,40,0,0,0.2,3325,2050,12609,4255,a,,,,,,,,0.5,0,1,1,0,0,0,0,0,0,0,0,0,1,0.00,0.00,0.00,0.00,0.5,0.5
2026-09-10T00:27:33+00:00,2026-09-09,daily,4,2026-09-12T12:30:00Z,628,Allan,MCI,MID,60,0,0,0.0,228,133,528,220,a,,,,,,,,0.0,0,0,0,0,0,0,0,0,0,0,0,0,0,0.00,0.00,0.00,0.00,2.2,2.2
2026-09-10T00:27:33+00:00,2026-09-09,daily,4,2026-09-12T12:30:00Z,653,Samba,MCI,MID,45,0,0,0.0,2240,560,2240,560,a,,,,,,,,0.0,0,0,0,0,0,0,0,0,0,0,0,0,0,0.00,0.00,0.00,0.00,1.0,1.0
2026-09-10T00:27:33+00:00,2026-09-09,daily,4,2026-09-12T12:30:00Z,43,Tielemans,MUN,MID,59,0,-1,1.8,5108,23557,30505,110769,a,,2026-07-23T12:01:23.321726Z,100,100,3,,,2.7,2,8,246,3,0,0,0,6,0,25,6,2,17,0.56,0.28,0.84,4.01,2.7,2.7
2026-09-10T00:27:33+00:00,2026-09-09,daily,4,2026-09-12T12:30:00Z,131,Baleba,MUN,MID,50,0,0,0.1,622,1685,4642,11080,i,Ankle injury - Expected back 19 Sep,2026-08-06T16:00:10.997714Z,0,0,,,,0.0,0,0,0,0,0,0,0,0,0,0,0,0,0,0.00,0.00,0.00,0.00,0.0,0.0
2026-09-10T00:27:33+00:00,2026-09-09,daily,4,2026-09-12T12:30:00Z,162,Andrey Santos,MUN,MID,49,0,-1,0.7,2700,10580,17502,50032,a,,,,,,,,1.3,1,4,82,1,0,0,0,4,0,18,7,4,7,0.00,0.24,0.24,2.03,1.3,1.3
2026-09-10T00:27:33+00:00,2026-09-09,daily,4,2026-09-12T12:30:00Z,325,Darlow,MUN,GKP,45,0,0,0.0,167,251,749,970,a,,2026-07-23T12:01:23.549136Z,100,100,,,,0.0,0,0,0,0,0,0,0,0,0,0,0,0,0,0.00,0.00,0.00,0.00,0.0,0.0
2026-09-10T00:27:33+00:00,2026-09-09,daily,4,2026-09-12T12:30:00Z,412,Lammens,MUN,GKP,50,0,0,12.2,7773,136662,74687,415854,a,,,,,,,,1.7,2,5,270,3,0,0,0,6,9,0,4,0,28,0.00,0.00,0.00,4.08,1.7,1.7
2026-09-10T00:27:33+00:00,2026-09-09,daily,4,2026-09-12T12:30:00Z,413,Bayindir,MUN,GKP,45,0,0,0.0,0,103,0,983,u,Has joined Celta Vigo on loan for the rest of the season,2026-08-10T14:02:28.608415Z,0,0,,,,0.0,0,0,0,0,0,0,0,0,0,0,0,0,0,0.00,0.00,0.00,0.00,0.0,0.0
2026-09-10T00:27:33+00:00,2026-09-09,daily,4,2026-09-12T12:30:00Z,414,Heaton,MUN,GKP,40,0,0,0.1,453,540,1302,2521,i,Hamstring injury - Unknown return date,2026-08-15T16:00:07.854151Z,0,0,,,,0.0,0,0,0,0,0,0,0,0,0,0,0,0,0,0.00,0.00,0.00,0.00,0.0,0.0
2026-09-10T00:27:33+00:00,2026-09-09,daily,4,2026-09-12T12:30:00Z,415,Dorgu,MUN,MID,58,-1,-2,0.6,1048,12217,8995,77563,a,,,,,,,,0.7,1,2,75,1,0,0,0,5,0,6,3,2,1,0.65,0.05,0.70,2.28,0.7,0.7
2026-09-10T00:27:33+00:00,2026-09-09,daily,4,2026-09-12T12:30:00Z,416,De Ligt,MUN,DEF,50,0,0,0.0,74,217,287,1178,i,Back injury - Unknown return date,2026-07-23T12:01:23.690880Z,0,0,,,,0.0,0,0,0,0,0,0,0,0,0,0,0,0,0,0.00,0.00,0.00,0.00,0.0,0.0
2026-09-10T00:27:33+00:00,2026-09-09,daily,4,2026-09-12T12:30:00Z,417,Dalot,MUN,DEF,49,-1,-1,2.0,2686,20194,19887,92511,a,,,,,,,,1.3,1,4,166,2,0,0,0,2,0,11,7,4,5,0.16,0.13,0.29,1.98,1.3,1.3
2026-09-10T00:27:33+00:00,2026-09-09,daily,4,2026-09-12T12:30:00Z,418,Maguire,MUN,DEF,49,-1,-1,12.2,11857,197897,114590,594921,a,,,,,,,,2.3,2,7,270,3,0,1,0,6,0,21,20,1,11,0.07,0.42,0.49,4.08,2.3,2.3
2026-09-10T00:27:33+00:00,2026-09-09,daily,4,2026-09-12T12:30:00Z,419,Martinez,MUN,DEF,50,0,0,1.2,3758,8010,18707,45703,a,,2026-07-24T20:00:10.337107Z,100,100,,,,1.3,3,4,180,2,0,0,0,4,0,10,10,0,8,0.03,0.06,0.09,3.07,1.3,1.3
2026-09-10T00:27:33+00:00,2026-09-09,daily,4,2026-09-12T12:30:00Z,420,Yoro,MUN,DEF,49,0,-1,0.5,623,4597,3894,26537,a,,,,,,,,0.7,1,2,22,0,0,0,0,2,0,5,3,2,1,0.00,0.02,0.02,1.09,0.7,0.7
2026-09-10T00:27:33+00:00,2026-09-09,daily,4,2026-09-12T12:30:00Z,421,Heaven,MUN,DEF,44,-1,-1,0.3,578,3706,4966,16858,a,,,,,,,,0.3,0,1,90,1,0,0,0,2,0,2,1,1,4,0.12,0.04,0.16,1.01,0.3,0.3
2026-09-10T00:27:33+00:00,2026-09-09,daily,4,2026-09-12T12:30:00Z,422,Mazraoui,MUN,DEF,44,-1,-1,0.6,938,7062,10036,26177,a,,,,,,,,1.0,1,3,97,1,0,0,0,4,0,6,4,2,3,0.22,0.06,0.28,2.08,1.0,1.0
2026-09-10T00:27:33+00:00,2026-09-09,daily,4,2026-09-12T12:30:00Z,423,Shaw,MUN,DEF,44,-1,-1,13.8,15220,195520,88606,646499,a,,,,,,,3,2.3,4,7,252,3,0,1,0,4,0,20,14,6,6,0.02,0.51,0.53,3.01,2.3,2.3
2026-09-10T00:27:33+00:00,2026-09-09,daily,4,2026-09-12T12:30:00Z,424,Amass,MUN,DEF,40,0,0,0.2,1049,1289,3879,5626,a,,,,,,,,0.0,0,0,0,0,0,0,0,0,0,0,0,0,0,0.00,0.00,0.00,0.00,0.0,0.0
2026-09-10T00:27:33+00:00,2026-09-09,daily,4,2026-09-12T12:30:00Z,425,Fredricson,MUN,DEF,40,0,0,0.0,0,112,0,1121,u,Has joined Lausanne-Sport permanently,2026-08-18T14:12:31.904433Z,0,0,,,,0.0,0,0,0,0,0,0,0,0,0,0,0,0,0,0.00,0.00,0.00,0.00,0.0,0.0
2026-09-10T00:27:33+00:00,2026-09-09,daily,4,2026-09-12T12:30:00Z,426,B.Fernandes,MUN,MID,120,0,0,45.8,79437,331756,499787,895418,a,,,,,1,1,1,9.0,2,27,270,3,3,1,0,6,0,16,2,2,12,2.25,0.80,3.05,4.08,9.0,9.0
2026-09-10T00:27:33+00:00,2026-09-09,daily,4,2026-09-12T12:30:00Z,427,Mbeumo,MUN,MID,79,-1,-1,25.3,89898,252916,264751,1318016,a,,,,,2,2,2,7.0,8,21,270,3,2,1,0,6,0,17,4,3,10,2.31,0.47,2.78,4.08,7.0,7.0
2026-09-10T00:27:33+00:00,2026-09-09,daily,4,2026-09-12T12:30:00Z,428,Cunha,MUN,MID,79,-1,-1,7.0,6242,88583,56680,339307,a,,,,,,,,4.7,3,14,227,3,0,2,1,3,0,8,0,2,6,0.47,0.41,0.88,2.72,4.7,4.7
2026-09-10T00:27:33+00:00,2026-09-09,daily,4,2026-09-12T12:30:00Z,429,Rashford,MUN,MID,70,0,0,1.6,14335,17029,52210,76962,a,,,,,,3,,2.0,3,6,193,2,0,0,1,1,0,11,0,3,8,0.26,0.21,0.47,1.80,2.0,2.0
2026-09-10T00:27:33+00:00,2026-09-09,daily,4,2026-09-12T12:30:00Z,430,Mount,MUN,MID,54,0,-1,0.0,176,164,271,1449,a,,2026-08-15T16:00:07.879135Z,75,100,,4,,0.0,0,0,0,0,0,0,0,0,0,0,0,0,0,0.00,0.00,0.00,0.00,0.0,0.0
2026-09-10T00:27:33+00:00,2026-09-09,daily,4,2026-09-12T12:30:00Z,431,Amad,MUN,MID,58,0,-2,0.4,121,7974,1940,110236,i,Unspecified injury - Unknown return date,2026-08-22T11:00:08.617283Z,0,0,,,4,0.0,0,0,0,0,0,0,0,0,0,0,0,0,0,0.00,0.00,0.00,0.00,0.0,0.0
2026-09-10T00:27:33+00:00,2026-09-09,daily,4,2026-09-12T12:30:00Z,432,Mainoo,MUN,MID,55,0,0,1.3,18540,7140,41482,33964,a,,,,,,,,4.7,9,14,185,2,0,1,0,2,0,31,5,5,21,0.21,0.35,0.56,2.05,4.7,4.7
2026-09-10T00:27:33+00:00,2026-09-09,daily,4,2026-09-12T12:30:00Z,433,Ugarte,MUN,MID,50,0,0,0.0,17,36,73,193,i,Knee injury - Unknown return date,2026-07-23T12:01:23.706702Z,0,0,,,,0.0,0,0,0,0,0,0,0,0,0,0,0,0,0,0.00,0.00,0.00,0.00,0.0,0.0
2026-09-10T00:27:33+00:00,2026-09-09,daily,4,2026-09-12T12:30:00Z,434,J.Fletcher,MUN,MID,49,-1,-1,0.0,72,113,197,468,a,,,,,,,,0.0,0,0,0,0,0,0,0,0,0,0,0,0,0,0.00,0.00,0.00,0.00,0.0,0.0
2026-09-10T00:27:33+00:00,2026-09-09,daily,4,2026-09-12T12:30:00Z,435,Lacey,MUN,MID,49,-1,-1,0.1,132,528,757,2156,a,,,,,,,,0.3,0,1,10,0,0,0,0,0,0,1,0,0,1,0.00,0.00,0.00,0.00,0.3,0.3
2026-09-10T00:27:33+00:00,2026-09-09,daily,4,2026-09-12T12:30:00Z,436,Collyer,MUN,MID,50,0,0,0.0,0,201,150,816,u,Has joined West Brom permanently,2026-09-01T13:16:48.584385Z,0,0,,,,0.0,0,0,0,0,0,0,0,0,0,0,0,0,0,0.00,0.00,0.00,0.00,0.0,0.0
2026-09-10T00:27:33+00:00,2026-09-09,daily,4,2026-09-12T12:30:00Z,437,Bendito Mantato,MUN,MID,45,0,0,0.2,1002,1395,3725,6462,a,,,,,,,,0.0,0,0,0,0,0,0,0,0,0,0,0,0,0,0.00,0.00,0.00,0.00,0.0,0.0
2026-09-10T00:27:33+00:00,2026-09-09,daily,4,2026-09-12T12:30:00Z,438,Fletcher,MUN,MID,45,0,0,0.3,979,2096,4191,10400,a,,,,,,,,0.0,0,0,0,0,0,0,0,0,0,0,0,0,0,0.00,0.00,0.00,0.00,0.0,0.0
2026-09-10T00:27:33+00:00,2026-09-09,daily,4,2026-09-12T12:30:00Z,439,Šeško,MUN,FWD,70,0,0,1.6,14595,15664,60730,79290,a,,2026-07-23T12:01:23.722029Z,100,100,,,,2.3,5,7,53,0,1,0,0,3,0,3,0,0,3,0.33,0.01,0.34,1.43,2.3,2.3
2026-09-10T00:27:33+00:00,2026-09-09,daily,4,2026-09-12T12:30:00Z,440,Zirkzee,MUN,FWD,54,0,-1,0.4,2676,5680,10336,31717,a,,,,,,,,0.0,0,0,0,0,0,0,0,0,0,0,0,0,0,0.00,0.00,0.00,0.00,0.0,0.0
2026-09-10T00:27:33+00:00,2026-09-09,daily,4,2026-09-12T12:30:00Z,441,Obi,MUN,FWD,45,0,0,1.2,10685,9427,36119,36834,a,,,,,,,,0.0,0,0,0,0,0,0,0,0,0,0,0,0,0,0.00,0.00,0.00,0.00,0.0,0.0
2026-09-10T00:27:33+00:00,2026-09-09,daily,4,2026-09-12T12:30:00Z,405,N.Gonzalez,NEW,MID,55,0,0,0.3,2609,2237,15132,6952,a,,,,,,,,1.3,2,4,146,2,0,0,1,2,0,11,3,0,8,0.00,0.21,0.21,2.07,1.3,1.3
2026-09-10T00:27:33+00:00,2026-09-09,daily,4,2026-09-12T12:30:00Z,442,Pope,NEW,GKP,49,-1,-1,1.0,2068,8098,9726,39611,a,,,,,,,,0.0,0,0,0,0,0,0,0,0,0,0,0,0,0,0.00,0.00,0.00,0.00,0.0,0.0
2026-09-10T00:27:33+00:00,2026-09-09,daily,4,2026-09-12T12:30:00Z,443,Gillespie,NEW,GKP,45,0,0,0.0,92,190,493,803,a,,,,,,,,0.0,0,0,0,0,0,0,0,0,0,0,0,0,0,0.00,0.00,0.00,0.00,0.0,0.0
2026-09-10T00:27:33+00:00,2026-09-09,daily,4,2026-09-12T12:30:00Z,444,Jaouen,NEW,GKP,45,0,0,0.0,82,200,388,1009,a,,,,,,,,0.0,0,0,0,0,0,0,0,0,0,0,0,0,0,0.00,0.00,0.00,0.00,0.0,0.0
2026-09-10T00:27:33+00:00,2026-09-09,daily,4,2026-09-12T12:30:00Z,445,Thiaw,NEW,DEF,50,0,0,2.1,25899,26451,117934,69312,a,,,,,,,,2.7,-1,8,270,3,0,0,1,4,0,21,21,0,6,0.00,0.07,0.07,5.47,2.7,2.7
2026-09-10T00:27:33+00:00,2026-09-09,daily,4,2026-09-12T12:30:00Z,446,Schär,NEW,DEF,50,0,0,0.2,767,2518,4717,9296,a,,2026-08-15T16:30:07.209742Z,100,100,,2,,0.3,0,1,1,0,0,0,0,1,0,0,0,0,0,0.00,0.00,0.00,0.79,0.3,0.3
2026-09-10T00:27:33+00:00,2026-09-09,daily,4,2026-09-12T12:30:00Z,447,Botman,NEW,DEF,50,0,0,0.7,5004,5278,29341,15401,a,,,,,,,,3.0,1,9,270,3,0,0,1,4,0,24,22,2,9,0.01,0.17,0.18,5.47,3.0,3.0
2026-09-10T00:27:33+00:00,2026-09-09,daily,4,2026-09-12T12:30:00Z,448,Burn,NEW,DEF,49,0,-1,1.0,184,13519,6980,135798,i,Ankle injury - Expected back 14 Sep,2026-08-23T18:00:08.367241Z,0,0,,,,0.0,0,0,0,0,0,0,0,0,0,0,0,0,0,0.00,0.00,0.00,0.00,0.0,0.0
2026-09-10T00:27:33+00:00,2026-09-09,daily,4,2026-09-12T12:30:00Z,449,Hall,NEW,DEF,51,0,1,12.0,294937,58722,924274,158224,a,,,,,,1,1,6.0,4,18,269,3,0,1,1,4,0,30,22,8,27,0.04,0.67,0.71,5.45,6.0,6.0
2026-09-10T00:27:33+00:00,2026-09-09,daily,4,2026-09-12T12:30:00Z,450,Livramento,NEW,DEF,49,0,-1,0.0,1742,461,1948,2549,a,,2026-07-23T12:01:23.753221Z,0,100,,,,0.3,1,1,1,0,0,0,0,0,0,0,0,0,0,0.00,0.00,0.00,0.02,0.0,0.3
2026-09-10T00:27:33+00:00,2026-09-09,daily,4,2026-09-12T12:30:00Z,451,A.Murphy,NEW,DEF,40,0,0,0.1,0,684,0,5786,u,Has joined FC Kaiserslautern on loan for the rest of the season,2026-08-12T14:05:29.224600Z,0,0,,,,0.0,0,0,0,0,0,0,0,0,0,0,0,0,0,0.00,0.00,0.00,0.00,0.0,0.0
2026-09-10T00:27:33+00:00,2026-09-09,daily,4,2026-09-12T12:30:00Z,453,Barnes,NEW,MID,60,0,0,2.0,111220,27350,151402,60421,a,,,,,,,5,5.7,12,17,270,3,1,1,1,4,0,18,7,3,8,0.22,0.06,0.28,5.47,5.7,5.7
2026-09-10T00:27:33+00:00,2026-09-09,daily,4,2026-09-12T12:30:00Z,454,Elanga,NEW,MID,61,0,1,11.0,201484,112902,1107597,219244,a,,,,,,,4,6.0,1,18,232,3,2,0,1,3,0,9,2,4,3,0.42,0.34,0.76,4.01,6.0,6.0
2026-09-10T00:27:33+00:00,2026-09-09,daily,4,2026-09-12T12:30:00Z,456,J.Ramsey,NEW,MID,49,-1,-1,0.3,7332,2809,10573,14041,a,,,,,,,,2.3,6,7,69,0,1,0,0,1,0,11,3,2,6,0.17,0.16,0.33,1.92,2.3,2.3
2026-09-10T00:27:33+00:00,2026-09-09,daily,4,2026-09-12T12:30:00Z,457,J.Murphy,NEW,MID,59,0,-1,0.1,683,1312,2515,7466,a,,,,,,,2,0.7,1,2,35,0,0,0,0,1,0,6,1,1,4,0.00,0.20,0.20,1.46,0.7,0.7
2026-09-10T00:27:33+00:00,2026-09-09,daily,4,2026-09-12T12:30:00Z,458,Joelinton,NEW,MID,54,0,-1,0.0,25,197,159,1897,i,Unspecified injury - Unknown return date,2026-08-16T08:00:08.074045Z,0,0,,,,0.0,0,0,0,0,0,0,0,0,0,0,0,0,0,0.00,0.00,0.00,0.00,0.0,0.0
2026-09-10T00:27:33+00:00,2026-09-09,daily,4,2026-09-12T12:30:00Z,459,L.Miley,NEW,MID,55,0,0,0.1,671,882,4273,2998,a,,2026-07-23T12:01:23.785456Z,100,100,,,3,2.7,2,8,227,3,0,0,1,3,0,26,10,1,15,0.05,0.07,0.12,4.39,2.7,2.7
2026-09-10T00:27:33+00:00,2026-09-09,daily,4,2026-09-12T12:30:00Z,460,Willock,NEW,MID,50,0,0,0.5,9541,5553,40531,15227,a,,,,,,,,3.7,2,11,166,2,1,0,1,3,0,8,2,3,3,0.52,0.20,0.72,3.57,3.7,3.7
2026-09-10T00:27:33+00:00,2026-09-09,daily,4,2026-09-12T12:30:00Z,461,Touré,NEW,MID,58,-1,-2,0.1,230,2151,1400,12839,a,,,,,,,,0.3,0,1,1,0,0,0,0,0,0,0,0,0,0,0.00,0.00,0.00,0.00,0.3,0.3
2026-09-10T00:27:33+00:00,2026-09-09,daily,4,2026-09-12T12:30:00Z,462,Steur,NEW,MID,49,-1,-1,0.1,272,935,1618,4282,a,,,,,,,,1.0,1,3,87,1,0,0,0,1,0,7,4,0,3,0.00,0.00,0.00,1.90,1.0,1.0
2026-09-10T00:27:33+00:00,2026-09-09,daily,4,2026-09-12T12:30:00Z,463,Woltemade,NEW,FWD,59,0,-1,0.7,0,30565,14520,118125,u,Has joined Juventus on loan for the rest of the season,2026-09-02T16:07:16.549304Z,0,0,,,,1.3,0,4,19,0,0,1,0,0,0,0,0,0,0,0.02,0.01,0.03,0.38,0.0,0.0
2026-09-10T00:27:33+00:00,2026-09-09,daily,4,2026-09-12T12:30:00Z,464,Wissa,NEW,FWD,62,1,2,17.1,348369,136852,1626465,250348,a,,,,,2,,,4.3,1,13,261,3,1,1,1,3,0,17,2,5,10,1.35,0.05,1.40,4.30,4.3,4.3
2026-09-10T00:27:33+00:00,2026-09-09,daily,4,2026-09-12T12:30:00Z,465,Osula,NEW,FWD,59,0,-1,0.4,175,8582,21076,73338,i,Foot injury - Unknown return date,2026-08-25T19:00:08.004915Z,0,0,1,,,1.3,0,4,55,1,0,1,0,1,0,5,2,1,2,0.06,0.14,0.20,1.48,0.0,0.0
2026-09-10T00:27:33+00:00,2026-09-09,daily,4,2026-09-12T12:30:00Z,466,Neave,NEW,FWD,45,0,0,0.7,0,12866,23805,34390,u,Has joined Wolves on loan for the rest of the season,2026-09-04T12:37:43.515176Z,0,0,,,,0.0,0,0,0,0,0,0,0,0,0,0,0,0,0,0.00,0.00,0.00,0.00,0.0,0.0
2026-09-10T00:27:33+00:00,2026-09-09,daily,4,2026-09-12T12:30:00Z,559,Bamba,NEW,MID,49,-1,-1,0.1,393,1083,1917,5372,a,,,,,,,,0.3,0,1,14,0,0,0,0,1,0,2,1,1,0,0.00,0.00,0.00,1.04,0.3,0.3
2026-09-10T00:27:33+00:00,2026-09-09,daily,4,2026-09-12T12:30:00Z,567,Horníček,NEW,GKP,50,0,0,1.3,30742,14374,94540,37739,a,,,,,,,,3.3,2,10,270,3,0,0,1,4,13,0,5,0,15,0.00,0.00,0.00,5.47,3.3,3.3
2026-09-10T00:27:33+00:00,2026-09-09,daily,4,2026-09-12T12:30:00Z,593,Dedić,NEW,DEF,45,0,0,3.5,93861,55574,422865,106933,d,Hamstring injury - 75% chance of playing,2026-09-09T14:30:08.475769Z,,75,,,,4.3,1,13,270,3,0,1,1,4,0,18,13,5,11,0.14,0.08,0.22,5.47,4.3,3.2
2026-09-10T00:27:33+00:00,2026-09-09,daily,4,2026-09-12T12:30:00Z,609,Shahar,NEW,DEF,40,0,0,0.3,2799,2241,17663,6202,a,,,,,,,,0.0,0,0,0,0,0,0,0,0,0,0,0,0,0,0.00,0.00,0.00,0.00,0.0,0.0
2026-09-10T00:27:33+00:00,2026-09-09,daily,4,2026-09-12T12:30:00Z,634,Fernandez-Pardo,NEW,FWD,60,0,0,0.1,4341,1133,9725,1719,a,,,,,,,,1.0,1,1,27,0,0,0,0,0,0,1,0,0,1,0.00,0.00,0.00,0.04,2.1,2.1
2026-09-10T00:27:33+00:00,2026-09-09,daily,4,2026-09-12T12:30:00Z,167,Delap,NFO,FWD,55,0,0,0.8,12596,7695,57282,27237,a,,,,,3,,,1.0,2,3,97,1,0,0,1,1,0,5,2,0,3,0.13,0.06,0.19,1.22,1.0,1.0
2026-09-10T00:27:33+00:00,2026-09-09,daily,4,2026-09-12T12:30:00Z,201,Muñoz,NFO,DEF,54,0,-1,5.9,7240,55203,46145,362347,a,,,,,,,,0.3,1,1,85,1,0,0,0,2,0,5,3,2,1,0.26,0.01,0.27,1.10,0.3,0.3
2026-09-10T00:27:33+00:00,2026-09-09,daily,4,2026-09-12T12:30:00Z,467,Sels,NFO,GKP,50,0,0,1.4,7665,6819,19419,36788,a,,,,,,,,3.0,6,9,270,3,0,0,1,3,4,0,4,0,26,0.00,0.01,0.01,3.28,3.0,3.0
2026-09-10T00:27:33+00:00,2026-09-09,daily,4,2026-09-12T12:30:00Z,468,John,NFO,GKP,45,0,0,0.1,116,268,553,1385,a,,,,,,,,0.0,0,0,0,0,0,0,0,0,0,0,0,0,0,0.00,0.00,0.00,0.00,0.0,0.0
2026-09-10T00:27:33+00:00,2026-09-09,daily,4,2026-09-12T12:30:00Z,469,N.Williams,NFO,DEF,50,0,0,8.2,52246,42982,119914,213814,a,,,,,,2,2,5.0,7,15,270,3,0,1,1,3,0,24,12,12,19,0.12,0.24,0.36,3.28,5.0,5.0
2026-09-10T00:27:33+00:00,2026-09-09,daily,4,2026-09-12T12:30:00Z,470,Morato,NFO,DEF,50,0,0,0.0,0,792,424,2825,u,Has joined West Ham on loan for the rest of the season,2026-09-02T16:19:54.503286Z,0,0,,,,0.0,0,0,0,0,0,0,0,0,0,0,0,0,0,0.00,0.00,0.00,0.00,0.0,0.0
2026-09-10T00:27:33+00:00,2026-09-09,daily,4,2026-09-12T12:30:00Z,471,Milenković,NFO,DEF,55,0,0,1.6,5102,5233,13320,40122,a,,,,,,,,4.0,7,12,270,3,0,0,1,3,0,31,26,5,12,0.11,0.03,0.14,3.28,4.0,4.0
2026-09-10T00:27:33+00:00,2026-09-09,daily,4,2026-09-12T12:30:00Z,472,Murillo,NFO,DEF,55,0,0,1.6,8511,5404,26751,37393,a,,2026-07-23T12:01:23.801183Z,100,100,,3,,4.3,8,13,269,3,0,0,1,3,0,30,24,6,10,0.35,0.28,0.63,3.28,4.3,4.3
2026-09-10T00:27:33+00:00,2026-09-09,daily,4,2026-09-12T12:30:00Z,473,Aina,NFO,DEF,45,0,0,2.8,4708,28788,43086,102635,a,,,,,,,,2.0,1,6,216,3,0,0,1,2,0,14,7,7,12,0.04,0.52,0.56,2.90,2.0,2.0
2026-09-10T00:27:33+00:00,2026-09-09,daily,4,2026-09-12T12:30:00Z,474,Jair Cunha,NFO,DEF,45,0,0,0.2,3628,1948,4811,5501,a,,,,,,,,3.3,8,10,270,3,0,0,1,3,0,28,23,5,5,0.03,0.01,0.04,3.28,3.3,3.3
2026-09-10T00:27:33+00:00,2026-09-09,daily,4,2026-09-12T12:30:00Z,475,Savona,NFO,DEF,45,0,0,0.0,35,19,182,198,i,Knee injury - Unknown return date,2026-07-23T12:01:23.816304Z,0,0,,,,0.0,0,0,0,0,0,0,0,0,0,0,0,0,0,0.00,0.00,0.00,0.00,0.0,0.0
2026-09-10T00:27:33+00:00,2026-09-09,daily,4,2026-09-12T12:30:00Z,476,O.Richards,NFO,DEF,40,0,0,0.2,580,1096,2333,5220,a,,,,,,,,0.0,0,0,0,0,0,0,0,0,0,0,0,0,0,0.00,0.00,0.00,0.00,0.0,0.0
2026-09-10T00:27:33+00:00,2026-09-09,daily,4,2026-09-12T12:30:00Z,477,Abbott,NFO,DEF,40,0,0,0.2,0,2932,2459,9420,u,Has joined Southampton on loan for the rest of the season,2026-09-02T16:19:54.536676Z,0,0,,,,0.0,0,0,0,0,0,0,0,0,0,0,0,0,0,0.00,0.00,0.00,0.00,0.0,0.0
2026-09-10T00:27:33+00:00,2026-09-09,daily,4,2026-09-12T12:30:00Z,478,Netz,NFO,DEF,45,0,0,0.0,73,240,353,1000,a,,,,,,,,0.7,0,2,20,0,0,0,0,1,0,1,0,1,1,0.00,0.00,0.00,0.13,0.7,0.7
2026-09-10T00:27:33+00:00,2026-09-09,daily,4,2026-09-12T12:30:00Z,479,Bindon,NFO,DEF,40,0,0,0.1,0,1593,799,5951,u,Has joined Charlton Athletic on loan for the rest of the season,2026-09-01T13:16:05.383880Z,0,0,,,,0.0,0,0,0,0,0,0,0,0,0,0,0,0,0,0.00,0.00,0.00,0.00,0.0,0.0
2026-09-10T00:27:33+00:00,2026-09-09,daily,4,2026-09-12T12:30:00Z,480,Gibbs-White,NFO,MID,79,0,-1,9.4,88539,75611,312515,471374,a,,2026-08-24T15:30:08.350159Z,100,100,1,1,,6.0,3,18,270,3,1,1,1,3,0,15,2,4,9,1.40,0.11,1.51,3.28,6.0,6.0
2026-09-10T00:27:33+00:00,2026-09-09,daily,4,2026-09-12T12:30:00Z,482,Hudson-Odoi,NFO,MID,59,0,-1,0.2,538,2011,2873,12419,a,,2026-07-23T12:01:23.832709Z,100,100,,4,,0.3,0,1,1,0,0,0,0,0,0,0,0,0,0,0.00,0.00,0.00,0.00,0.3,0.3
2026-09-10T00:27:33+00:00,2026-09-09,daily,4,2026-09-12T12:30:00Z,483,Ndoye,NFO,MID,55,0,0,0.7,5987,7554,41210,24097,a,,,,,,,,4.3,1,13,184,3,1,0,1,1,0,17,2,2,13,0.35,0.63,0.98,2.48,4.3,4.3
2026-09-10T00:27:33+00:00,2026-09-09,daily,4,2026-09-12T12:30:00Z,484,Hutchinson,NFO,MID,54,0,-1,0.1,0,1776,427,8635,u,Has joined AC Milan on loan for the rest of the season,2026-09-01T13:23:52.340206Z,0,0,,,,0.0,0,0,0,0,0,0,0,0,0,0,0,0,0,0.00,0.00,0.00,0.00,0.0,0.0
2026-09-10T00:27:33+00:00,2026-09-09,daily,4,2026-09-12T12:30:00Z,485,Bakwa,NFO,MID,55,0,0,0.0,0,96,107,1033,u,Has joined Lille on loan for the rest of the season,2026-08-27T14:53:03.381941Z,0,0,,,,0.0,0,0,0,0,0,0,0,0,0,0,0,0,0,0.00,0.00,0.00,0.00,0.0,0.0
2026-09-10T00:27:33+00:00,2026-09-09,daily,4,2026-09-12T12:30:00Z,486,McAtee,NFO,MID,55,0,0,0.1,1158,794,5225,2797,a,,,,,,,1,2.3,2,7,253,3,0,0,2,2,0,23,4,5,14,0.13,0.54,0.67,3.15,2.3,2.3
2026-09-10T00:27:33+00:00,2026-09-09,daily,4,2026-09-12T12:30:00Z,487,Dominguez,NFO,MID,49,-1,-1,0.1,225,544,797,2752,a,,,,,,,,0.3,0,1,1,0,0,0,0,0,0,0,0,0,0,0.00,0.00,0.00,0.00,0.3,0.3
2026-09-10T00:27:33+00:00,2026-09-09,daily,4,2026-09-12T12:30:00Z,488,I.Sangaré,NFO,MID,49,0,-1,0.6,1747,5622,6414,52078,a,,2026-08-28T09:30:07.471668Z,100,100,,,,0.7,0,2,90,1,0,0,0,1,0,6,3,0,3,0.03,0.01,0.04,0.47,0.7,0.7
2026-09-10T00:27:33+00:00,2026-09-09,daily,4,2026-09-12T12:30:00Z,489,Yates,NFO,MID,45,0,0,1.4,5444,10611,24506,65877,a,,2026-08-17T20:30:08.195072Z,100,100,,,,0.0,0,0,0,0,0,0,0,0,0,0,0,0,0,0.00,0.00,0.00,0.00,0.0,0.0
2026-09-10T00:27:33+00:00,2026-09-09,daily,4,2026-09-12T12:30:00Z,490,Wood,NFO,FWD,59,0,-1,1.1,3319,13133,15668,85392,a,,,,,2,,,0.7,1,2,44,0,0,0,0,1,0,1,0,0,1,0.12,0.01,0.13,0.40,0.7,0.7
2026-09-10T00:27:33+00:00,2026-09-09,daily,4,2026-09-12T12:30:00Z,491,Igor Jesus,NFO,FWD,59,0,-1,2.7,8247,41481,43895,181754,a,,,,,4,,,1.3,1,4,211,2,0,0,0,3,0,9,5,2,2,0.96,0.06,1.02,2.48,1.3,1.3
2026-09-10T00:27:33+00:00,2026-09-09,daily,4,2026-09-12T12:30:00Z,493,Kalimuendo,NFO,FWD,54,0,-1,0.1,963,598,2140,2604,a,,,,,,,,0.3,0,1,1,0,0,0,0,0,0,0,0,0,0,0.00,0.00,0.00,0.00,0.3,0.3
2026-09-10T00:27:33+00:00,2026-09-09,daily,4,2026-09-12T12:30:00Z,558,Schlager,NFO,MID,50,0,0,0.1,580,713,2157,3177,a,,,,,,,3,2.7,3,8,196,2,0,0,1,3,0,26,6,9,11,0.08,0.06,0.14,2.94,2.7,2.7
2026-09-10T00:27:33+00:00,2026-09-09,daily,4,2026-09-12T12:30:00Z,581,Diomande,NFO,DEF,54,0,-1,0.6,1050,5108,7676,33141,a,,,,,,,,0.3,1,1,1,0,0,0,0,0,0,0,0,0,0,0.00,0.00,0.00,0.00,0.3,0.3
2026-09-10T00:27:33+00:00,2026-09-09,daily,4,2026-09-12T12:30:00Z,590,Benda,NFO,GKP,45,0,0,0.1,344,395,1919,1810,a,,,,,,,,0.0,0,0,0,0,0,0,0,0,0,0,0,0,0,0.00,0.00,0.00,0.00,0.0,0.0
2026-09-10T00:27:33+00:00,2026-09-09,daily,4,2026-09-12T12:30:00Z,112,Van Hecke,TOT,DEF,49,0,-1,7.0,19880,45622,77676,363969,a,,,,,,,,3.3,8,10,270,3,0,0,1,5,0,21,16,5,11,0.20,0.07,0.27,5.51,3.3,3.3
2026-09-10T00:27:33+00:00,2026-09-09,daily,4,2026-09-12T12:30:00Z,147,Tosin,TOT,DEF,44,-1,-1,0.2,415,1031,1231,5708,a,,,,,,,,0.0,0,0,0,0,0,0,0,0,0,0,0,0,0,0.00,0.00,0.00,0.00,0.0,0.0
2026-09-10T00:27:33+00:00,2026-09-09,daily,4,2026-09-12T12:30:00Z,401,Marmoush,TOT,FWD,70,0,0,2.2,27361,26755,167664,81704,a,,,,,2,5,,1.3,2,4,173,2,0,0,1,2,0,4,0,1,3,0.34,0.08,0.42,1.60,1.3,1.3
2026-09-10T00:27:33+00:00,2026-09-09,daily,4,2026-09-12T12:30:00Z,403,Sávio,TOT,MID,65,0,0,0.7,6839,7674,77722,53344,a,,2026-08-29T16:30:08.380416Z,100,100,,,4,1.0,3,3,60,1,0,0,1,0,0,0,0,0,0,0.02,0.27,0.29,0.49,1.0,1.0
2026-09-10T00:27:33+00:00,2026-09-09,daily,4,2026-09-12T12:30:00Z,455,Tonali,TOT,MID,54,0,-1,2.7,8315,24066,36465,173598,a,,,,,,6,,3.0,5,9,254,3,0,0,1,5,0,20,5,5,10,0.09,0.09,0.18,5.51,3.0,3.0
2026-09-10T00:27:33+00:00,2026-09-09,daily,4,2026-09-12T12:30:00Z,494,Vicario,TOT,GKP,45,0,0,0.2,0,1763,0,18959,u,Has joined Juventus on loan for the rest of the season,2026-08-19T13:55:33.193962Z,0,0,,,,0.0,0,0,0,0,0,0,0,0,0,0,0,0,0,0.00,0.00,0.00,0.00,0.0,0.0
2026-09-10T00:27:33+00:00,2026-09-09,daily,4,2026-09-12T12:30:00Z,495,Austin,TOT,GKP,40,0,0,1.0,5358,3352,18287,12872,a,,,,,,,,0.0,0,0,0,0,0,0,0,0,0,0,0,0,0,0.00,0.00,0.00,0.00,0.0,0.0
2026-09-10T00:27:33+00:00,2026-09-09,daily,4,2026-09-12T12:30:00Z,496,Kinsky,TOT,GKP,45,0,0,18.6,66100,129959,153145,484249,a,,,,,,,,3.0,6,9,270,3,0,0,1,5,6,0,6,0,26,0.00,0.00,0.00,5.51,3.0,3.0
2026-09-10T00:27:33+00:00,2026-09-09,daily,4,2026-09-12T12:30:00Z,497,Dubravka,TOT,GKP,40,0,0,17.8,72931,69566,239029,252214,a,,,,,,,,0.0,0,0,0,0,0,0,0,0,0,0,0,0,0,0.00,0.00,0.00,0.00,0.0,0.0
2026-09-10T00:27:33+00:00,2026-09-09,daily,4,2026-09-12T12:30:00Z,498,Senesi,TOT,DEF,59,0,-1,4.8,2641,66598,23965,321417,a,,,,,,,,1.0,0,3,90,1,0,0,0,3,0,16,11,5,2,0.00,0.02,0.02,3.87,1.0,1.0
2026-09-10T00:27:33+00:00,2026-09-09,daily,4,2026-09-12T12:30:00Z,499,Pedro Porro,TOT,DEF,55,0,0,11.4,36401,43190,105365,588893,a,,2026-08-21T15:22:48.149081Z,100,100,,1,3,2.7,7,8,180,2,0,0,1,2,0,8,6,2,5,0.36,0.16,0.52,1.64,2.7,2.7
2026-09-10T00:27:33+00:00,2026-09-09,daily,4,2026-09-12T12:30:00Z,500,Romero,TOT,DEF,50,0,0,0.1,0,1006,0,15548,u,Has joined Atletico Madrid permanently,2026-08-17T13:49:05.465401Z,0,0,,,,0.0,0,0,0,0,0,0,0,0,0,0,0,0,0,0.00,0.00,0.00,0.00,0.0,0.0
2026-09-10T00:27:33+00:00,2026-09-09,daily,4,2026-09-12T12:30:00Z,502,Robertson,TOT,DEF,45,0,0,2.9,2609,35561,38485,120210,a,,,,,,,1,2.0,1,6,186,2,0,0,0,4,0,15,12,3,5,0.06,0.08,0.14,4.78,2.0,2.0
2026-09-10T00:27:33+00:00,2026-09-09,daily,4,2026-09-12T12:30:00Z,503,Van de Ven,TOT,DEF,50,0,0,3.8,21132,14063,46063,216782,a,,2026-08-21T15:00:07.610517Z,100,100,,,,3.0,9,9,180,2,0,0,1,2,0,17,13,4,8,0.57,0.02,0.59,1.64,3.0,3.0
2026-09-10T00:27:33+00:00,2026-09-09,daily,4,2026-09-12T12:30:00Z,505,Spence,TOT,DEF,45,0,0,0.3,0,3889,0,63965,u,Has joined Internazionale permanently,2026-08-18T14:13:08.454214Z,0,0,,,,0.0,0,0,0,0,0,0,0,0,0,0,0,0,0,0.00,0.00,0.00,0.00,0.0,0.0
2026-09-10T00:27:33+00:00,2026-09-09,daily,4,2026-09-12T12:30:00Z,506,Udogie,TOT,DEF,45,0,0,0.4,1023,1928,3835,13407,a,,,,,,,,2.3,5,7,86,1,0,0,1,1,0,4,3,1,4,0.00,0.23,0.23,1.17,2.3,2.3
2026-09-10T00:27:33+00:00,2026-09-09,daily,4,2026-09-12T12:30:00Z,507,Phillips,TOT,DEF,45,0,0,0.0,0,97,0,1067,u,Has joined Middlesbrough permanently,2026-08-18T14:13:08.474144Z,0,0,,,,0.0,0,0,0,0,0,0,0,0,0,0,0,0,0,0.00,0.00,0.00,0.00,0.0,0.0
2026-09-10T00:27:33+00:00,2026-09-09,daily,4,2026-09-12T12:30:00Z,508,Davies,TOT,DEF,40,0,0,0.9,1521,5428,8703,26178,a,,,,,,,,0.0,0,0,0,0,0,0,0,0,0,0,0,0,0,0.00,0.00,0.00,0.00,0.0,0.0
2026-09-10T00:27:33+00:00,2026-09-09,daily,4,2026-09-12T12:30:00Z,509,Byfield,TOT,DEF,40,0,0,0.1,367,368,1405,1574,a,,,,,,,,0.0,0,0,0,0,0,0,0,0,0,0,0,0,0,0.00,0.00,0.00,0.00,0.0,0.0
2026-09-10T00:27:33+00:00,2026-09-09,daily,4,2026-09-12T12:30:00Z,510,Rowswell,TOT,DEF,40,0,0,0.1,463,482,1696,2100,a,,,,,,,,0.0,0,0,0,0,0,0,0,0,0,0,0,0,0,0.00,0.00,0.00,0.00,0.0,0.0
2026-09-10T00:27:33+00:00,2026-09-09,daily,4,2026-09-12T12:30:00Z,511,Souza,TOT,DEF,40,0,0,0.2,0,3376,2555,12212,u,Has joined FC Porto on loan for the rest of the season,2026-09-01T13:24:26.858636Z,0,0,,,,0.0,0,0,0,0,0,0,0,0,0,0,0,0,0,0.00,0.00,0.00,0.00,0.0,0.0
2026-09-10T00:27:33+00:00,2026-09-09,daily,4,2026-09-12T12:30:00Z,512,Kudus,TOT,MID,65,0,0,0.1,1854,1672,6722,6151,a,,2026-07-23T12:01:23.848657Z,100,100,3,3,6,0.7,1,2,51,0,0,0,0,1,0,5,0,0,5,0.04,0.17,0.21,0.67,0.7,0.7
2026-09-10T00:27:33+00:00,2026-09-09,daily,4,2026-09-12T12:30:00Z,513,Xavi,TOT,MID,60,0,0,0.0,54,137,209,862,i,Knee injury - Unknown return date,2026-07-23T12:01:23.864304Z,0,0,4,2,,0.0,0,0,0,0,0,0,0,0,0,0,0,0,0,0.00,0.00,0.00,0.00,0.0,0.0
2026-09-10T00:27:33+00:00,2026-09-09,daily,4,2026-09-12T12:30:00Z,514,Tel,TOT,MID,58,-1,-2,0.3,856,4535,7079,34753,a,,,,,,4,5,2.3,3,7,230,3,0,0,1,4,0,13,1,1,11,0.20,0.14,0.34,5.11,2.3,2.3
2026-09-10T00:27:33+00:00,2026-09-09,daily,4,2026-09-12T12:30:00Z,515,Maddison,TOT,MID,63,-1,-2,0.5,107,9298,2968,85342,d,Shoulder injury - 75% chance of playing,2026-08-25T14:30:07.623508Z,75,75,,,,0.3,0,1,22,0,0,0,0,0,0,2,1,0,1,0.00,0.01,0.01,0.85,0.2,0.2
2026-09-10T00:27:33+00:00,2026-09-09,daily,4,2026-09-12T12:30:00Z,516,Bentancur,TOT,MID,55,0,0,0.2,808,807,2241,5458,a,,,,,,,,2.7,5,8,225,2,0,0,1,3,0,33,14,6,13,0.02,0.04,0.06,3.82,2.7,2.7
2026-09-10T00:27:33+00:00,2026-09-09,daily,4,2026-09-12T12:30:00Z,517,Odobert,TOT,MID,55,0,0,0.0,22,9,65,66,i,Knee injury - Unknown return date,2026-07-23T12:01:23.879434Z,0,0,,,,0.0,0,0,0,0,0,0,0,0,0,0,0,0,0,0.00,0.00,0.00,0.00,0.0,0.0
2026-09-10T00:27:33+00:00,2026-09-09,daily,4,2026-09-12T12:30:00Z,518,P.M.Sarr,TOT,MID,49,0,-1,0.1,0,3258,4138,19529,u,Has joined Juventus on loan for the rest of the season,2026-09-02T16:02:43.386849Z,0,0,,,,0.0,0,0,0,0,0,0,0,0,0,0,0,0,0,0.00,0.00,0.00,0.00,0.0,0.0
2026-09-10T00:27:33+00:00,2026-09-09,daily,4,2026-09-12T12:30:00Z,519,Gallagher,TOT,MID,54,0,-1,0.2,529,1445,2761,12679,a,,,,,,,,1.0,3,3,128,2,0,0,1,2,0,14,1,5,8,0.02,0.12,0.14,2.58,1.0,1.0
2026-09-10T00:27:33+00:00,2026-09-09,daily,4,2026-09-12T12:30:00Z,520,Bergvall,TOT,MID,54,0,-1,0.2,221,1246,1338,6939,a,,,,,,,,0.3,0,1,45,1,0,0,0,2,0,8,0,1,7,0.00,0.01,0.01,1.70,0.3,0.3
2026-09-10T00:27:33+00:00,2026-09-09,daily,4,2026-09-12T12:30:00Z,521,Kulusevski,TOT,MID,65,0,0,0.0,55,110,217,528,i,Knee injury - Unknown return date,2026-07-23T12:01:23.895175Z,0,0,,,,0.0,0,0,0,0,0,0,0,0,0,0,0,0,0,0.00,0.00,0.00,0.00,0.0,0.0
2026-09-10T00:27:33+00:00,2026-09-09,daily,4,2026-09-12T12:30:00Z,522,Gray,TOT,MID,50,0,0,0.2,614,2167,4486,8757,a,,,,,,,,1.3,0,4,152,2,0,0,0,4,0,11,5,1,5,0.00,0.01,0.01,3.91,1.3,1.3
2026-09-10T00:27:33+00:00,2026-09-09,daily,4,2026-09-12T12:30:00Z,523,Moore,TOT,MID,50,0,0,0.1,0,3625,3258,12640,u,Has joined FC Köln on loan for the rest of the season,2026-09-04T12:39:48.098158Z,0,0,,,,1.0,0,3,89,1,0,0,0,4,0,3,0,1,2,0.40,0.02,0.42,3.26,0.0,0.0
2026-09-10T00:27:33+00:00,2026-09-09,daily,4,2026-09-12T12:30:00Z,524,Olusesi,TOT,MID,45,0,0,0.7,733,4313,4360,23091,a,,,,,,,,0.0,0,0,0,0,0,0,0,0,0,0,0,0,0,0.00,0.00,0.00,0.00,0.0,0.0
2026-09-10T00:27:33+00:00,2026-09-09,daily,4,2026-09-12T12:30:00Z,525,Fernandes,TOT,MID,58,-1,-2,1.0,1126,19003,10597,93337,a,,,,,,,2,1.0,0,3,142,1,0,0,0,3,0,10,0,4,6,0.01,0.23,0.24,2.94,1.0,1.0
2026-09-10T00:27:33+00:00,2026-09-09,daily,4,2026-09-12T12:30:00Z,526,Solanke,TOT,FWD,59,0,-1,1.0,4014,11908,19758,68064,a,,,,,1,,,1.0,1,3,43,0,0,0,0,0,0,1,1,0,0,0.44,0.00,0.44,0.89,1.0,1.0
2026-09-10T00:27:33+00:00,2026-09-09,daily,4,2026-09-12T12:30:00Z,527,Richarlison,TOT,FWD,59,0,-1,1.1,0,44870,21439,215570,u,not included in squad.,2026-09-04T12:32:39.183614Z,0,0,,,,0.7,0,2,67,1,0,0,0,3,0,1,1,0,0,0.00,0.00,0.00,3.02,0.0,0.0
2026-09-10T00:27:33+00:00,2026-09-09,daily,4,2026-09-12T12:30:00Z,528,Scarlett,TOT,FWD,45,0,0,1.4,0,22117,42525,74046,u,Has joined Leyton Orient permanently,2026-09-02T16:02:43.413625Z,0,0,,,,0.0,0,0,0,0,0,0,0,0,0,0,0,0,0,0.00,0.00,0.00,0.00,0.0,0.0
2026-09-10T00:27:33+00:00,2026-09-09,daily,4,2026-09-12T12:30:00Z,578,Mudryk,TOT,MID,54,0,-1,0.1,1470,1098,5238,3716,a,,,,,,,,0.3,1,1,16,0,0,0,0,0,0,0,0,0,0,0.00,0.00,0.00,0.16,0.3,0.3
2026-09-10T00:27:33+00:00,2026-09-09,daily,4,2026-09-12T12:30:00Z,601,Williams-Barnett,TOT,MID,45,0,0,0.1,1741,1330,8844,4080,a,,,,,,,,0.0,0,0,0,0,0,0,0,0,0,0,0,0,0,0.00,0.00,0.00,0.00,0.0,0.0
2026-09-10T00:27:33+00:00,2026-09-09,daily,4,2026-09-12T12:30:00Z,501,Danso,SUN,DEF,50,0,0,0.2,1084,1044,3411,6788,a,,,,,,,,0.7,2,2,90,1,0,0,0,1,0,8,7,1,3,0.00,0.08,0.08,1.21,0.7,0.7
2026-09-10T00:27:33+00:00,2026-09-09,daily,4,2026-09-12T12:30:00Z,529,Roefs,SUN,GKP,50,0,0,3.1,1460,27305,16463,106863,a,,,,,,,,3.0,2,9,270,3,0,0,1,3,2,0,4,0,28,0.00,0.00,0.00,3.96,3.0,3.0
2026-09-10T00:27:33+00:00,2026-09-09,daily,4,2026-09-12T12:30:00Z,530,Patterson,SUN,GKP,40,0,0,0.1,0,714,0,4637,u,Has joined Wrexham permanently,2026-08-12T14:08:03.064533Z,0,0,,,,0.0,0,0,0,0,0,0,0,0,0,0,0,0,0,0.00,0.00,0.00,0.00,0.0,0.0
2026-09-10T00:27:33+00:00,2026-09-09,daily,4,2026-09-12T12:30:00Z,531,Ellborg,SUN,GKP,45,0,0,0.1,148,433,762,2238,a,,,,,,,,0.0,0,0,0,0,0,0,0,0,0,0,0,0,0,0.00,0.00,0.00,0.00,0.0,0.0
2026-09-10T00:27:33+00:00,2026-09-09,daily,4,2026-09-12T12:30:00Z,532,Ballard,SUN,DEF,49,-1,-1,3.5,4697,56052,33123,200551,a,,,,,,,,4.0,4,12,270,3,0,0,1,3,0,29,24,5,6,0.09,0.15,0.24,3.96,4.0,4.0
2026-09-10T00:27:33+00:00,2026-09-09,daily,4,2026-09-12T12:30:00Z,533,Mukiele,SUN,DEF,55,0,0,2.3,4544,14135,31550,77527,a,,2026-08-09T08:30:05.954750Z,100,100,,,,4.3,4,13,180,2,0,0,1,1,0,33,27,6,10,0.00,0.03,0.03,2.16,4.3,4.3
2026-09-10T00:27:33+00:00,2026-09-09,daily,4,2026-09-12T12:30:00Z,534,Hume,SUN,DEF,45,0,0,4.5,1896,85102,33076,209026,a,,,,,,,3,3.0,1,9,195,2,0,0,1,1,0,12,3,9,12,0.04,0.28,0.32,3.09,3.0,3.0
2026-09-10T00:27:33+00:00,2026-09-09,daily,4,2026-09-12T12:30:00Z,535,Alderete,SUN,DEF,49,-1,-1,0.3,259,3917,4332,19221,a,,2026-08-09T08:30:05.962393Z,100,100,,,,0.3,0,1,23,0,0,0,0,1,0,0,0,0,2,0.00,0.01,0.01,0.10,0.3,0.3
2026-09-10T00:27:33+00:00,2026-09-09,daily,4,2026-09-12T12:30:00Z,536,Reinildo,SUN,DEF,45,0,0,0.4,483,2691,3430,10592,a,,,,,,,,3.0,2,9,270,3,0,0,1,3,0,22,15,7,15,0.00,0.31,0.31,3.96,3.0,3.0
2026-09-10T00:27:33+00:00,2026-09-09,daily,4,2026-09-12T12:30:00Z,537,Seelt,SUN,DEF,45,0,0,0.0,0,65,61,552,u,Has joined Swansea City on loan for the rest of the season,2026-08-29T00:34:52.425076Z,0,0,,,,0.0,0,0,0,0,0,0,0,0,0,0,0,0,0,0.00,0.00,0.00,0.00,0.0,0.0
2026-09-10T00:27:33+00:00,2026-09-09,daily,4,2026-09-12T12:30:00Z,538,Hjelde,SUN,DEF,40,0,0,0.0,0,301,0,1971,u,Has joined KV Mechelen on loan for the rest of the season,2026-08-12T14:08:03.081789Z,0,0,,,,0.0,0,0,0,0,0,0,0,0,0,0,0,0,0,0.00,0.00,0.00,0.00,0.0,0.0
2026-09-10T00:27:33+00:00,2026-09-09,daily,4,2026-09-12T12:30:00Z,539,O'Nien,SUN,DEF,40,0,0,2.8,1318,19690,11221,70359,a,,,,,,,,0.3,0,1,66,1,0,0,0,1,0,5,4,1,4,0.01,0.01,0.02,1.69,0.3,0.3
2026-09-10T00:27:33+00:00,2026-09-09,daily,4,2026-09-12T12:30:00Z,540,Masuaku,SUN,DEF,40,0,0,0.2,0,1238,0,9176,u,Has joined Konyaspor permanently,2026-08-12T14:08:03.097784Z,0,0,,,,0.0,0,0,0,0,0,0,0,0,0,0,0,0,0,0.00,0.00,0.00,0.00,0.0,0.0
2026-09-10T00:27:33+00:00,2026-09-09,daily,4,2026-09-12T12:30:00Z,541,Meunier,SUN,DEF,45,0,0,0.3,456,1374,4105,5430,a,,2026-08-16T08:30:07.830062Z,100,100,,,,3.0,2,9,243,3,0,0,1,3,0,14,12,2,8,0.21,0.13,0.34,3.51,3.0,3.0
2026-09-10T00:27:33+00:00,2026-09-09,daily,4,2026-09-12T12:30:00Z,542,E.Le Fée,SUN,MID,59,0,-1,5.0,6474,75048,25180,454008,a,,,,,2,2,1,4.3,8,13,258,3,1,0,1,2,0,14,1,6,7,1.21,0.23,1.44,3.76,4.3,4.3
2026-09-10T00:27:33+00:00,2026-09-09,daily,4,2026-09-12T12:30:00Z,543,Diarra,SUN,MID,54,-1,-1,0.0,19,1001,518,4484,i,Hamstring injury - Unknown return date,2026-08-30T16:30:08.428960Z,0,0,1,,,1.7,0,5,28,0,0,1,0,1,0,0,0,0,0,0.03,0.16,0.19,0.12,0.0,0.0
2026-09-10T00:27:33+00:00,2026-09-09,daily,4,2026-09-12T12:30:00Z,544,Xhaka,SUN,MID,55,0,0,4.4,15995,33535,103901,98826,a,,,,,,1,2,6.0,3,18,270,3,0,1,1,3,0,35,7,5,23,0.06,0.57,0.63,3.96,6.0,6.0
2026-09-10T00:27:33+00:00,2026-09-09,daily,4,2026-09-12T12:30:00Z,545,Sadiki,SUN,MID,49,-1,-1,0.3,501,2825,3553,11272,a,,,,,,,,2.0,1,6,253,3,0,0,1,3,0,16,6,3,7,0.36,0.23,0.59,3.57,2.0,2.0
2026-09-10T00:27:33+00:00,2026-09-09,daily,4,2026-09-12T12:30:00Z,546,Adingra,SUN,MID,49,0,-1,0.0,0,687,240,6182,u,Has joined Ajax on loan for the rest of the season,2026-08-20T14:00:08.416985Z,0,0,,,,0.0,0,0,0,0,0,0,0,0,0,0,0,0,0,0.00,0.00,0.00,0.00,0.0,0.0
2026-09-10T00:27:33+00:00,2026-09-09,daily,4,2026-09-12T12:30:00Z,547,Mundle,SUN,MID,49,-1,-1,0.0,46,97,169,381,i,Knee injury - Unknown return date,2026-09-09T14:00:08.462705Z,,0,,,,0.3,0,1,1,0,0,0,0,0,0,1,1,0,0,0.17,0.00,0.17,0.09,0.3,0.0
2026-09-10T00:27:33+00:00,2026-09-09,daily,4,2026-09-12T12:30:00Z,548,Rigg,SUN,MID,49,-1,-1,0.1,88,380,330,1862,a,,,,,,,,0.7,0,2,17,0,0,0,0,1,0,1,0,0,1,0.00,0.00,0.00,0.44,0.7,0.7
2026-09-10T00:27:33+00:00,2026-09-09,daily,4,2026-09-12T12:30:00Z,549,Talbi,SUN,MID,54,0,-1,0.2,128,1562,839,8533,a,,,,,,,,0.3,0,1,31,0,0,0,0,1,0,2,0,0,2,0.00,0.00,0.00,0.14,0.3,0.3
2026-09-10T00:27:33+00:00,2026-09-09,daily,4,2026-09-12T12:30:00Z,550,Jocelin.T,SUN,MID,50,0,0,0.0,44,49,175,251,a,,,,,,,,0.0,0,0,0,0,0,0,0,0,0,0,0,0,0,0.00,0.00,0.00,0.00,0.0,0.0
2026-09-10T00:27:33+00:00,2026-09-09,daily,4,2026-09-12T12:30:00Z,551,N.Angulo,SUN,MID,50,0,0,0.1,984,1759,11095,6250,a,,,,,,3,,3.3,2,10,185,3,1,0,1,2,0,17,2,3,12,0.15,0.12,0.27,3.00,3.3,3.3
2026-09-10T00:27:33+00:00,2026-09-09,daily,4,2026-09-12T12:30:00Z,552,Brobbey,SUN,FWD,59,0,-1,7.8,10301,145852,75854,614496,a,,,,,,,,2.0,2,6,219,3,0,0,1,2,0,7,1,0,6,0.59,0.06,0.65,3.48,2.0,2.0
2026-09-10T00:27:33+00:00,2026-09-09,daily,4,2026-09-12T12:30:00Z,553,Isidor,SUN,FWD,55,0,0,1.4,30691,11951,68991,39429,a,,,,,,,,4.3,4,13,75,0,1,1,0,1,0,2,0,0,2,1.49,0.01,1.50,0.92,4.3,4.3
2026-09-10T00:27:33+00:00,2026-09-09,daily,4,2026-09-12T12:30:00Z,612,Methalie,SUN,DEF,45,0,0,0.0,101,124,558,251,a,,2026-08-28T13:00:08.950445Z,100,100,,,,0.0,0,0,0,0,0,0,0,0,0,0,0,0,0,0.00,0.00,0.00,0.00,0.0,0.0
2026-09-10T00:27:33+00:00,2026-09-09,daily,4,2026-09-12T12:30:00Z,613,Ahoka,SUN,MID,45,0,0,0.3,4823,2907,20480,7603,a,,,,,,,,0.0,0,0,0,0,0,0,0,0,0,0,0,0,0,0.00,0.00,0.00,0.00,0.0,0.0
2026-09-10T00:27:33+00:00,2026-09-09,daily,4,2026-09-12T12:30:00Z,646,Fofana,SUN,MID,55,0,0,0.0,950,322,3021,561,a,,,,,,,,1.0,1,1,16,0,0,0,0,0,0,0,0,0,0,0.00,0.00,0.00,0.39,2.0,2.0
2026-09-10T00:27:33+00:00,2026-09-09,daily,4,2026-09-12T12:30:00Z,651,J.Angulo,SUN,FWD,45,0,0,0.4,21842,5494,37781,7330,a,,,,,,,,0.0,0,0,0,0,0,0,0,0,0,0,0,0,0,0.00,0.00,0.00,0.00,1.0,1.0
