snapshot_utc,snapshot_date,snapshot_kind,event,deadline_time,id,web_name,team,position,now_cost,cost_change_event,cost_change_start,selected_by_percent,transfers_in_event,transfers_out_event,transfers_in,transfers_out,status,news,news_added,chance_of_playing_this_round,chance_of_playing_next_round,penalties_order,direct_freekicks_order,corners_and_indirect_freekicks_order,form,event_points,total_points,minutes,starts,goals_scored,assists,clean_sheets,goals_conceded,saves,defensive_contribution,clearances_blocks_interceptions,tackles,recoveries,expected_goals,expected_assists,expected_goal_involvements,expected_goals_conceded,ep_this,ep_next
2026-10-09T02:26:53+00:00,2026-10-08,daily,6,2026-10-10T10:00:00Z,1,Raya,ARS,GKP,61,1,1,42.6,181639,67885,1022038,660289,a,,,,,,,,7.5,1,30,450,5,0,0,3,4,9,0,6,1,58,0.00,0.01,0.01,4.03,7.5,7.5
2026-10-09T02:26:53+00:00,2026-10-08,daily,6,2026-10-10T10:00:00Z,2,Arrizabalaga,ARS,GKP,49,0,-1,0.1,140,312,1517,4325,a,,,,,,,,0.0,0,0,0,0,0,0,0,0,0,0,0,0,0,0.00,0.00,0.00,0.00,0.0,0.0
2026-10-09T02:26:53+00:00,2026-10-08,daily,6,2026-10-10T10:00:00Z,3,Meslier,ARS,GKP,49,0,-1,0.0,60,138,527,1598,a,,,,,,,,0.0,0,0,0,0,0,0,0,0,0,0,0,0,0,0.00,0.00,0.00,0.00,0.0,0.0
2026-10-09T02:26:53+00:00,2026-10-08,daily,6,2026-10-10T10:00:00Z,4,Gabriel,ARS,DEF,80,0,0,22.7,38442,88657,248685,931548,a,,,,,,,,5.0,1,25,450,5,0,0,3,4,0,41,35,6,17,0.51,0.20,0.71,4.03,5.0,5.0
2026-10-09T02:26:53+00:00,2026-10-08,daily,6,2026-10-10T10:00:00Z,5,J.Timber,ARS,DEF,65,0,0,0.5,20099,6049,41755,16802,a,,2026-07-23T12:01:23.272929Z,100,100,,,,0.5,0,1,104,1,0,0,0,3,0,5,2,3,7,0.00,0.03,0.03,2.18,0.5,0.5
2026-10-09T02:26:53+00:00,2026-10-08,daily,6,2026-10-10T10:00:00Z,6,Saliba,ARS,DEF,59,0,-1,0.2,491,1304,3573,18857,i,Back injury - Unknown return date,2026-07-23T12:01:23.289376Z,0,0,,,,0.0,0,0,0,0,0,0,0,0,0,0,0,0,0,0.00,0.00,0.00,0.00,0.0,0.0
2026-10-09T02:26:53+00:00,2026-10-08,daily,6,2026-10-10T10:00:00Z,7,Lewis-Skelly,ARS,MID,54,-1,-1,0.6,1429,5874,30106,50678,a,,,,,,,,0.5,0,9,271,4,0,0,2,1,0,14,5,1,8,0.16,0.23,0.39,1.02,0.5,0.5
2026-10-09T02:26:53+00:00,2026-10-08,daily,6,2026-10-10T10:00:00Z,8,Calafiori,ARS,DEF,59,1,4,50.7,123552,79359,1703560,417866,a,,,,,,,,3.5,1,29,416,5,0,2,3,4,0,18,12,6,13,0.67,0.62,1.29,3.76,3.5,3.5
2026-10-09T02:26:53+00:00,2026-10-08,daily,6,2026-10-10T10:00:00Z,9,Hincapie,ARS,DEF,52,-1,-3,0.9,1960,6644,16779,118355,a,,,,,,,,0.0,0,2,32,0,0,0,0,0,0,3,2,1,0,0.00,0.00,0.00,0.28,0.0,0.0
2026-10-09T02:26:53+00:00,2026-10-08,daily,6,2026-10-10T10:00:00Z,10,White,ARS,DEF,55,0,0,4.7,3506,87522,456264,586303,d,Groin injury - 75% chance of playing,2026-09-20T19:30:08.247780Z,100,75,,,,0.5,0,21,315,4,0,1,2,1,0,18,12,6,9,0.18,0.29,0.47,1.15,0.5,0.4
2026-10-09T02:26:53+00:00,2026-10-08,daily,6,2026-10-10T10:00:00Z,11,Mosquera,ARS,DEF,53,0,-2,1.6,2269,12553,32434,471282,a,,2026-09-04T14:00:08.080310Z,100,100,,,,0.0,0,12,168,2,0,0,2,0,0,10,10,0,3,0.00,0.01,0.01,0.53,0.0,0.0
2026-10-09T02:26:53+00:00,2026-10-08,daily,6,2026-10-10T10:00:00Z,12,Saka,ARS,MID,96,1,1,14.8,231201,61254,910823,411105,a,,,,,1,2,2,5.0,2,32,416,5,3,0,3,4,0,31,8,6,17,3.22,0.98,4.20,3.58,5.0,5.0
2026-10-09T02:26:53+00:00,2026-10-08,daily,6,2026-10-10T10:00:00Z,13,Rice,ARS,MID,74,0,-1,11.2,8302,117695,120148,760369,d,Unspecified injury - 75% chance of playing,2026-09-21T13:00:08.896379Z,,75,,1,1,3.5,1,20,411,5,0,2,3,4,0,42,18,7,17,0.12,0.69,0.81,3.50,3.5,2.6
2026-10-09T02:26:53+00:00,2026-10-08,daily,6,2026-10-10T10:00:00Z,14,Eze,ARS,MID,62,-1,-3,1.0,4382,8104,25301,140948,a,,,,,,3,,1.0,1,4,85,0,0,0,0,0,0,5,0,0,5,0.04,0.09,0.13,1.33,1.0,1.0
2026-10-09T02:26:53+00:00,2026-10-08,daily,6,2026-10-10T10:00:00Z,15,Ødegaard,ARS,MID,68,0,3,19.9,120501,118388,1676221,577837,a,,,,,3,4,,2.5,2,29,377,5,2,0,3,4,0,23,5,6,12,1.08,1.32,2.40,3.23,2.5,2.5
2026-10-09T02:26:53+00:00,2026-10-08,daily,6,2026-10-10T10:00:00Z,16,Madueke,ARS,MID,62,0,-3,0.2,921,1792,6201,26212,a,,,,,,,5,0.0,0,2,23,0,0,0,0,0,0,3,0,1,2,0.00,0.05,0.05,0.15,0.0,0.0
2026-10-09T02:26:53+00:00,2026-10-08,daily,6,2026-10-10T10:00:00Z,17,Merino,ARS,MID,57,-1,-3,0.4,1694,3341,10431,48631,a,,,,,,,,1.0,1,4,81,0,0,0,0,0,0,10,1,0,9,0.14,0.15,0.29,0.96,1.0,1.0
2026-10-09T02:26:53+00:00,2026-10-08,daily,6,2026-10-10T10:00:00Z,18,Martinelli,ARS,MID,63,0,-2,0.1,0,671,2483,21972,u,Has joined Al Hilal permanently,2026-09-04T12:34:46.738449Z,0,0,,,,0.0,0,0,0,0,0,0,0,0,0,0,0,0,0,0.00,0.00,0.00,0.00,0.0,0.0
2026-10-09T02:26:53+00:00,2026-10-08,daily,6,2026-10-10T10:00:00Z,19,Zubimendi,ARS,MID,53,0,-2,0.6,617,4463,8632,67406,a,,,,,,,,1.0,1,5,89,0,0,0,0,0,0,12,5,4,3,0.21,0.04,0.25,1.38,1.0,1.0
2026-10-09T02:26:53+00:00,2026-10-08,daily,6,2026-10-10T10:00:00Z,20,Dowman,ARS,MID,53,0,-2,0.1,496,759,3084,7478,d,Unspecified injury - 75% chance of playing,2026-10-05T19:00:10.141532Z,,75,,,,0.5,1,1,9,0,0,0,0,0,0,0,0,0,0,0.00,0.08,0.08,0.31,0.5,0.4
2026-10-09T02:26:53+00:00,2026-10-08,daily,6,2026-10-10T10:00:00Z,22,Nwaneri,ARS,MID,54,0,-1,0.0,0,58,233,1258,u,Has joined Borussia Dortmund on loan for the rest of the season,2026-09-02T16:01:07.058827Z,0,0,,,,0.0,0,0,0,0,0,0,0,0,0,0,0,0,0,0.00,0.00,0.00,0.00,0.0,0.0
2026-10-09T02:26:53+00:00,2026-10-08,daily,6,2026-10-10T10:00:00Z,23,Fábio Vieira,ARS,MID,55,0,0,0.0,0,45,255,924,u,Has joined Hamburger SV permanently,2026-09-02T16:00:28.446370Z,0,0,,,,0.0,0,0,0,0,0,0,0,0,0,0,0,0,0,0.00,0.00,0.00,0.00,0.0,0.0
2026-10-09T02:26:53+00:00,2026-10-08,daily,6,2026-10-10T10:00:00Z,24,Nelson,ARS,MID,55,0,0,0.0,0,27,68,681,u,has departed the club as a free agent.,2026-08-29T00:33:08.556767Z,0,0,,,,0.0,0,0,0,0,0,0,0,0,0,0,0,0,0,0.00,0.00,0.00,0.00,0.0,0.0
2026-10-09T02:26:53+00:00,2026-10-08,daily,6,2026-10-10T10:00:00Z,25,Gyökeres,ARS,FWD,71,-1,-4,3.4,40794,21963,69017,616287,a,,,,,2,,,0.5,1,2,29,0,0,0,0,0,0,1,0,0,1,0.00,0.23,0.23,0.65,0.5,0.5
2026-10-09T02:26:53+00:00,2026-10-08,daily,6,2026-10-10T10:00:00Z,26,Havertz,ARS,FWD,76,0,1,7.8,52159,112767,655392,473239,d,Hamstring injury - 75% chance of playing,2026-09-24T22:00:09.120308Z,,75,,,,1.5,2,19,437,5,2,0,3,4,0,13,6,0,7,1.67,0.37,2.04,3.91,1.5,1.1
2026-10-09T02:26:53+00:00,2026-10-08,daily,6,2026-10-10T10:00:00Z,27,G.Jesus,ARS,FWD,59,0,-1,0.1,0,1162,4164,29437,u,Has joined FC Barcelona permanently,2026-09-02T16:00:28.475184Z,0,0,,,,0.0,0,0,0,0,0,0,0,0,0,0,0,0,0,0.00,0.00,0.00,0.00,0.0,0.0
2026-10-09T02:26:53+00:00,2026-10-08,daily,6,2026-10-10T10:00:00Z,31,Konsa,ARS,DEF,46,1,1,18.7,107182,122687,1480489,713795,d,Unspecified injury - 75% chance of playing,2026-10-05T09:30:09.853316Z,,75,,,,3.5,1,12,281,3,0,0,1,4,0,23,18,5,9,0.23,0.02,0.25,3.50,3.5,2.6
2026-10-09T02:26:53+00:00,2026-10-08,daily,6,2026-10-10T10:00:00Z,452,Bruno G.,ARS,MID,67,0,-3,1.8,8951,9694,33897,246767,a,,2026-09-04T14:00:08.328779Z,100,100,4,,4,4.0,1,9,123,1,1,0,0,3,0,12,3,1,8,0.09,0.16,0.25,2.18,4.0,4.0
2026-10-09T02:26:53+00:00,2026-10-08,daily,6,2026-10-10T10:00:00Z,557,Tzolis,ARS,MID,63,-1,-2,11.2,12848,234329,463215,1697537,d,Hamstring injury - 75% chance of playing,2026-10-02T15:00:11.091226Z,,75,,,3,2.5,2,16,362,5,0,2,2,4,0,23,7,4,12,0.19,0.55,0.74,2.73,2.5,1.9
2026-10-09T02:26:53+00:00,2026-10-08,daily,6,2026-10-10T10:00:00Z,29,M.Bizot,AVL,GKP,45,0,0,0.1,83,1241,4677,7617,i,Back injury - Expected back 10 Oct,2026-09-17T07:30:09.058151Z,0,0,,,,0.0,0,1,90,1,0,0,0,4,3,0,2,0,6,0.00,0.00,0.00,3.77,0.0,0.0
2026-10-09T02:26:53+00:00,2026-10-08,daily,6,2026-10-10T10:00:00Z,30,Digne,AVL,DEF,45,0,0,0.0,0,277,0,8688,u,Has joined Paris Saint-Germain permanently,2026-08-10T14:03:30.089007Z,0,0,,,,0.0,0,0,0,0,0,0,0,0,0,0,0,0,0,0.00,0.00,0.00,0.00,0.0,0.0
2026-10-09T02:26:53+00:00,2026-10-08,daily,6,2026-10-10T10:00:00Z,32,Cash,AVL,DEF,44,0,-1,4.7,3793,33533,96444,427522,a,,2026-09-09T14:30:08.192142Z,100,100,,,3,-0.5,-1,6,296,3,0,0,1,7,0,17,11,6,2,0.15,0.04,0.19,5.95,-0.5,-0.5
2026-10-09T02:26:53+00:00,2026-10-08,daily,6,2026-10-10T10:00:00Z,33,Mings,AVL,DEF,45,0,0,0.4,2760,1946,17480,17970,a,,,,,,,,1.5,3,10,261,2,0,0,1,4,0,24,20,4,7,0.20,0.02,0.22,4.43,1.5,1.5
2026-10-09T02:26:53+00:00,2026-10-08,daily,6,2026-10-10T10:00:00Z,34,Pau,AVL,DEF,44,-1,-1,0.3,61,3964,11254,28322,i,Hamstring injury - Expected back 10 Oct,2026-09-12T18:00:08.712707Z,0,0,,,,0.5,0,3,187,3,0,0,0,5,0,9,8,1,9,0.00,0.01,0.01,4.79,0.0,0.0
2026-10-09T02:26:53+00:00,2026-10-08,daily,6,2026-10-10T10:00:00Z,35,Bogarde,AVL,MID,49,-1,-1,0.1,200,510,2941,4838,a,,,,,,,,0.0,0,1,16,0,0,0,0,0,0,1,1,0,0,0.00,0.00,0.00,0.22,0.0,0.0
2026-10-09T02:26:53+00:00,2026-10-08,daily,6,2026-10-10T10:00:00Z,36,Maatsen,AVL,DEF,44,-1,-1,0.5,64,8471,31906,64209,i,Ankle injury - Unknown return date,2026-09-12T18:00:08.729468Z,0,0,,,,0.5,0,9,335,4,0,0,1,7,0,24,17,7,10,0.28,0.45,0.73,6.54,0.0,0.0
2026-10-09T02:26:53+00:00,2026-10-08,daily,6,2026-10-10T10:00:00Z,37,Lindelöf,AVL,DEF,45,0,0,0.3,1709,1792,15309,14815,a,,,,,,,,1.0,1,8,450,5,0,0,1,9,0,22,21,1,7,0.44,0.17,0.61,9.22,1.0,1.0
2026-10-09T02:26:53+00:00,2026-10-08,daily,6,2026-10-10T10:00:00Z,38,A.García,AVL,DEF,40,0,0,1.5,2194,7621,45640,69521,a,,,,,,,,0.0,0,0,0,0,0,0,0,0,0,0,0,0,0,0.00,0.00,0.00,0.00,0.0,0.0
2026-10-09T02:26:53+00:00,2026-10-08,daily,6,2026-10-10T10:00:00Z,39,Nedeljkovic,AVL,DEF,40,0,0,0.1,0,702,0,15387,u,Has joined Rangers on loan for the rest of the season,2026-08-19T13:56:46.385411Z,0,0,,,,0.0,0,0,0,0,0,0,0,0,0,0,0,0,0,0.00,0.00,0.00,0.00,0.0,0.0
2026-10-09T02:26:53+00:00,2026-10-08,daily,6,2026-10-10T10:00:00Z,41,Buendía,AVL,MID,59,0,-1,1.1,18893,6584,66877,97729,a,,,,,1,1,2,7.0,12,21,401,5,1,0,1,8,0,34,5,9,20,0.92,0.24,1.16,7.86,7.0,7.0
2026-10-09T02:26:53+00:00,2026-10-08,daily,6,2026-10-10T10:00:00Z,44,Bailey,AVL,MID,54,0,-1,0.1,0,587,2096,13318,u,Has joined Olympiakos permanently,2026-09-04T12:35:14.472260Z,0,0,,,,0.0,0,0,0,0,0,0,0,0,0,0,0,0,0,0.00,0.00,0.00,0.00,0.0,0.0
2026-10-09T02:26:53+00:00,2026-10-08,daily,6,2026-10-10T10:00:00Z,45,McGinn,AVL,MID,54,0,-1,2.2,10492,12575,74323,159537,a,,,,,,,1,6.0,6,17,434,5,0,2,2,7,0,30,8,5,17,0.77,0.24,1.01,8.29,6.0,6.0
2026-10-09T02:26:53+00:00,2026-10-08,daily,6,2026-10-10T10:00:00Z,46,Barkley,AVL,MID,50,0,0,0.2,689,2257,16246,16734,a,,,,,,,4,1.5,1,10,308,4,0,0,1,8,0,28,5,7,16,0.38,0.14,0.52,7.36,1.5,1.5
2026-10-09T02:26:53+00:00,2026-10-08,daily,6,2026-10-10T10:00:00Z,47,Kamara,AVL,MID,50,0,0,0.3,1673,2048,14882,21996,a,,2026-07-23T12:01:23.337269Z,100,100,,,,4.0,6,15,443,5,0,1,2,7,0,36,11,9,16,0.12,0.16,0.28,8.44,4.0,4.0
2026-10-09T02:26:53+00:00,2026-10-08,daily,6,2026-10-10T10:00:00Z,48,Onana,AVL,MID,49,0,-1,0.0,62,118,533,1688,i,Knee injury - Unknown return date,2026-07-23T12:01:23.352497Z,0,0,,,,0.0,0,0,0,0,0,0,0,0,0,0,0,0,0,0.00,0.00,0.00,0.00,0.0,0.0
2026-10-09T02:26:53+00:00,2026-10-08,daily,6,2026-10-10T10:00:00Z,49,Iling Jr,AVL,MID,50,0,0,0.0,0,12,0,237,u,Has joined Bolton Wanderers on loan for the rest of the season,2026-08-17T13:52:28.532616Z,0,0,,,,0.0,0,0,0,0,0,0,0,0,0,0,0,0,0,0.00,0.00,0.00,0.00,0.0,0.0
2026-10-09T02:26:53+00:00,2026-10-08,daily,6,2026-10-10T10:00:00Z,50,Burrowes,AVL,MID,45,0,0,0.6,734,4132,21559,35856,a,,,,,,,,0.0,0,0,0,0,0,0,0,0,0,0,0,0,0,0.00,0.00,0.00,0.00,0.0,0.0
2026-10-09T02:26:53+00:00,2026-10-08,daily,6,2026-10-10T10:00:00Z,51,George Hemmings,AVL,MID,45,0,0,1.1,3932,12794,116615,72727,a,,,,,,,,1.0,1,9,297,4,0,0,1,7,0,19,3,6,10,0.07,0.16,0.23,6.26,1.0,1.0
2026-10-09T02:26:53+00:00,2026-10-08,daily,6,2026-10-10T10:00:00Z,52,Alysson,AVL,MID,50,0,0,0.0,75,944,3361,3807,d,Unspecified injury - 75% chance of playing,2026-09-19T11:30:09.355376Z,,75,,,,3.0,0,8,87,0,1,0,0,2,0,8,2,2,4,0.06,0.00,0.06,2.40,3.0,2.2
2026-10-09T02:26:53+00:00,2026-10-08,daily,6,2026-10-10T10:00:00Z,53,Manzambi,AVL,MID,59,0,-1,0.5,39228,5280,42214,21899,a,,2026-08-15T15:30:06.388335Z,100,100,,,,7.0,13,14,98,1,1,1,1,1,0,9,2,2,5,0.44,0.24,0.68,1.54,7.0,7.0
2026-10-09T02:26:53+00:00,2026-10-08,daily,6,2026-10-10T10:00:00Z,54,Gomes,AVL,MID,55,0,0,0.0,594,255,1433,4164,a,,2026-09-16T19:30:08.742410Z,100,100,,,,2.0,4,2,129,2,0,0,0,6,0,20,6,9,5,0.00,0.03,0.03,4.14,2.0,2.0
2026-10-09T02:26:53+00:00,2026-10-08,daily,6,2026-10-10T10:00:00Z,55,Watkins,AVL,FWD,78,0,-2,2.4,0,15303,14882,762684,u,Has joined Al Hilal permanently,2026-09-01T13:15:16.698799Z,0,0,,,,0.0,0,0,0,0,0,0,0,0,0,0,0,0,0,0.00,0.00,0.00,0.00,0.0,0.0
2026-10-09T02:26:53+00:00,2026-10-08,daily,6,2026-10-10T10:00:00Z,56,Abraham,AVL,FWD,55,0,0,0.2,2278,2175,16326,13351,a,,2026-08-15T16:00:07.558543Z,100,100,,,,1.0,1,4,71,0,0,0,0,3,0,2,0,1,1,0.00,0.00,0.00,2.69,1.0,1.0
2026-10-09T02:26:53+00:00,2026-10-08,daily,6,2026-10-10T10:00:00Z,160,Garnacho,AVL,MID,58,0,-2,0.3,699,3238,7647,41691,a,,,,,,,,0.0,0,3,31,0,0,0,0,0,0,2,0,0,2,0.00,0.00,0.00,0.49,0.0,0.0
2026-10-09T02:26:53+00:00,2026-10-08,daily,6,2026-10-10T10:00:00Z,166,N.Jackson,AVL,FWD,65,0,0,1.7,54967,11697,200229,88637,a,,,,,2,,,3.0,6,10,286,4,1,0,1,2,0,9,1,0,8,0.68,0.60,1.28,2.75,3.0,3.0
2026-10-09T02:26:53+00:00,2026-10-08,daily,6,2026-10-10T10:00:00Z,582,Madjo,AVL,FWD,54,0,-1,0.2,456,2363,3141,31134,i,Unspecified injury - Unknown return date,2026-08-15T16:00:07.974271Z,0,0,,,,0.0,0,0,0,0,0,0,0,0,0,0,0,0,0,0.00,0.00,0.00,0.00,0.0,0.0
2026-10-09T02:26:53+00:00,2026-10-08,daily,6,2026-10-10T10:00:00Z,596,Ruggeri,AVL,DEF,45,0,0,0.1,941,454,3584,5718,a,,,,,,,,1.5,3,5,113,1,0,0,0,2,0,16,14,2,11,0.03,0.02,0.05,2.05,1.5,1.5
2026-10-09T02:26:53+00:00,2026-10-08,daily,6,2026-10-10T10:00:00Z,597,Suzuki,AVL,GKP,50,0,0,1.9,17446,9031,155010,64890,a,,,,,,,,2.0,2,16,360,4,0,0,1,5,15,0,8,0,43,0.00,0.01,0.01,5.45,2.0,2.0
2026-10-09T02:26:53+00:00,2026-10-08,daily,6,2026-10-10T10:00:00Z,606,Rowe,AVL,DEF,40,0,0,0.2,383,1016,13079,6271,a,,,,,,,,0.0,0,0,0,0,0,0,0,0,0,0,0,0,0,0.00,0.00,0.00,0.00,0.0,0.0
2026-10-09T02:26:53+00:00,2026-10-08,daily,6,2026-10-10T10:00:00Z,607,Lynch,AVL,MID,45,0,0,0.1,0,790,7103,8234,u,Has joined Oxford United on loan until January,2026-09-04T12:35:39.820426Z,0,0,,,,0.0,0,0,0,0,0,0,0,0,0,0,0,0,0,0.00,0.00,0.00,0.00,0.0,0.0
2026-10-09T02:26:53+00:00,2026-10-08,daily,6,2026-10-10T10:00:00Z,611,Wan-Bissaka,AVL,DEF,45,0,0,0.2,1949,1735,18802,8068,a,,,,,,,,2.0,1,6,152,2,0,0,0,2,0,21,12,9,1,0.00,0.07,0.07,3.27,2.0,2.0
2026-10-09T02:26:53+00:00,2026-10-08,daily,6,2026-10-10T10:00:00Z,618,Goretzka,AVL,MID,59,0,-1,0.0,34,463,4643,4777,i,Knee injury - Expected back 10 Oct,2026-09-09T09:30:08.229436Z,0,0,,,,0.0,0,0,0,0,0,0,0,0,0,0,0,0,0,0.00,0.00,0.00,0.00,0.0,0.0
2026-10-09T02:26:53+00:00,2026-10-08,daily,6,2026-10-10T10:00:00Z,630,Harwood-Bellis,AVL,DEF,45,0,0,0.0,267,235,2244,1041,a,,,,,,,,0.0,0,0,0,0,0,0,0,0,0,0,0,0,0,0.00,0.00,0.00,0.00,0.0,0.0
2026-10-09T02:26:53+00:00,2026-10-08,daily,6,2026-10-10T10:00:00Z,631,Mbaye,AVL,MID,60,0,0,0.1,1202,1416,10710,5097,a,,,,,,,,1.0,1,2,33,0,0,0,0,3,0,2,0,1,1,0.02,0.13,0.15,1.64,1.0,1.0
2026-10-09T02:26:53+00:00,2026-10-08,daily,6,2026-10-10T10:00:00Z,667,Wright,AVL,GKP,40,0,0,0.2,10665,1331,10665,1331,a,,,,,,,,0.0,0,0,0,0,0,0,0,0,0,0,0,0,0,0.00,0.00,0.00,0.00,1.0,1.0
2026-10-09T02:26:53+00:00,2026-10-08,daily,6,2026-10-10T10:00:00Z,57,Petrović,BOU,GKP,45,0,0,2.9,8988,16474,114971,129145,a,,,,,,,,1.5,2,9,450,5,0,0,0,8,11,0,6,0,43,0.00,0.00,0.00,6.95,1.5,1.5
2026-10-09T02:26:53+00:00,2026-10-08,daily,6,2026-10-10T10:00:00Z,58,Forster,BOU,GKP,40,0,0,3.5,11408,9898,120602,81719,a,,,,,,,,0.0,0,0,0,0,0,0,0,0,0,0,0,0,0,0.00,0.00,0.00,0.00,0.0,0.0
2026-10-09T02:26:53+00:00,2026-10-08,daily,6,2026-10-10T10:00:00Z,59,Dennis,BOU,GKP,40,0,0,0.1,0,763,1133,7731,u,Has joined MK Dons permanently,2026-08-27T14:53:48.692835Z,0,0,,,,0.0,0,0,0,0,0,0,0,0,0,0,0,0,0,0.00,0.00,0.00,0.00,0.0,0.0
2026-10-09T02:26:53+00:00,2026-10-08,daily,6,2026-10-10T10:00:00Z,60,Hill,BOU,DEF,55,0,0,0.8,4447,4148,32188,44742,a,,,,,,,,3.0,4,12,450,5,0,0,0,8,0,50,41,9,11,0.00,0.79,0.79,6.95,3.0,3.0
2026-10-09T02:26:53+00:00,2026-10-08,daily,6,2026-10-10T10:00:00Z,61,Truffert,BOU,DEF,54,-1,-1,3.0,6717,16470,58586,164753,a,,,,,,,,2.5,2,10,450,5,0,0,0,8,0,45,28,17,24,0.11,0.29,0.40,6.95,2.5,2.5
2026-10-09T02:26:53+00:00,2026-10-08,daily,6,2026-10-10T10:00:00Z,62,Diakité,BOU,DEF,49,-1,-1,0.2,571,1135,7229,12200,a,,,,,,,,0.0,0,0,0,0,0,0,0,0,0,0,0,0,0,0.00,0.00,0.00,0.00,0.0,0.0
2026-10-09T02:26:53+00:00,2026-10-08,daily,6,2026-10-10T10:00:00Z,63,Milosavljević,BOU,DEF,49,0,-1,0.0,43,73,349,870,i,Thigh injury - Unknown return date,2026-08-06T10:00:10.456051Z,0,0,,,,0.0,0,0,0,0,0,0,0,0,0,0,0,0,0,0.00,0.00,0.00,0.00,0.0,0.0
2026-10-09T02:26:53+00:00,2026-10-08,daily,6,2026-10-10T10:00:00Z,64,Smith,BOU,DEF,45,0,0,0.1,575,655,7373,7483,a,,,,,,,,1.0,2,4,434,5,0,0,0,8,0,21,16,5,15,0.01,0.09,0.10,6.70,1.0,1.0
2026-10-09T02:26:53+00:00,2026-10-08,daily,6,2026-10-10T10:00:00Z,65,J.Araujo,BOU,DEF,44,0,-1,0.0,50,83,434,1322,i,Thigh injury - Unknown return date,2026-08-09T08:00:05.645826Z,0,0,,,,0.0,0,0,0,0,0,0,0,0,0,0,0,0,0,0.00,0.00,0.00,0.00,0.0,0.0
2026-10-09T02:26:53+00:00,2026-10-08,daily,6,2026-10-10T10:00:00Z,66,Soler,BOU,DEF,40,0,0,0.3,908,1412,13999,11297,a,,2026-08-15T16:30:07.021055Z,100,100,,,,0.0,0,0,0,0,0,0,0,0,0,0,0,0,0,0.00,0.00,0.00,0.00,0.0,0.0
2026-10-09T02:26:53+00:00,2026-10-08,daily,6,2026-10-10T10:00:00Z,67,Rayan,BOU,MID,63,-1,-2,1.5,6097,12550,54767,172046,a,,,,,,,,2.0,2,10,434,5,0,0,0,7,0,15,6,5,4,0.87,0.43,1.30,6.35,2.0,2.0
2026-10-09T02:26:53+00:00,2026-10-08,daily,6,2026-10-10T10:00:00Z,68,Tavernier,BOU,MID,61,0,1,6.9,117568,64065,728761,238789,a,,,,,3,1,1,5.0,2,31,424,5,3,0,0,8,0,42,5,11,26,1.70,0.92,2.62,6.54,5.0,5.0
2026-10-09T02:26:53+00:00,2026-10-08,daily,6,2026-10-10T10:00:00Z,69,Scott,BOU,MID,61,0,1,5.3,26585,89443,550488,259619,i,Thigh injury - Unknown return date,2026-10-05T09:30:09.910752Z,,0,,4,2,3.0,2,30,446,5,1,2,1,7,0,60,15,9,36,0.64,0.42,1.06,6.82,3.0,0.0
2026-10-09T02:26:53+00:00,2026-10-08,daily,6,2026-10-10T10:00:00Z,70,Kluivert,BOU,MID,60,0,0,0.8,2328,24681,52685,89563,i,Unspecified injury - Unknown return date,2026-09-20T15:30:09.074071Z,,0,2,2,3,4.0,0,15,294,4,1,0,2,3,0,22,2,4,16,0.99,0.08,1.07,4.48,4.0,0.0
2026-10-09T02:26:53+00:00,2026-10-08,daily,6,2026-10-10T10:00:00Z,71,Cook,BOU,MID,50,0,0,0.2,330,1421,13164,14202,a,,,,,,,,0.5,1,8,180,2,0,0,2,1,0,14,7,1,6,0.00,0.01,0.01,4.20,0.5,0.5
2026-10-09T02:26:53+00:00,2026-10-08,daily,6,2026-10-10T10:00:00Z,72,Gannon-Doak,BOU,MID,49,0,-1,0.1,184,489,1684,4749,a,,,,,,,,1.0,1,4,12,0,0,0,0,1,0,7,0,2,5,0.12,0.05,0.17,0.60,1.0,1.0
2026-10-09T02:26:53+00:00,2026-10-08,daily,6,2026-10-10T10:00:00Z,73,Adams,BOU,MID,50,0,0,0.3,1486,2055,18695,17046,a,,2026-08-15T16:30:07.029928Z,100,100,,,,3.0,4,12,279,3,0,0,0,7,0,41,12,7,22,0.03,0.07,0.10,2.74,3.0,3.0
2026-10-09T02:26:53+00:00,2026-10-08,daily,6,2026-10-10T10:00:00Z,74,Brooks,BOU,MID,50,0,0,0.1,239,430,3421,3888,a,,2026-08-15T16:30:07.037929Z,100,100,,3,4,0.5,1,3,45,0,0,0,0,2,0,5,2,0,3,0.00,0.07,0.07,0.75,0.5,0.5
2026-10-09T02:26:53+00:00,2026-10-08,daily,6,2026-10-10T10:00:00Z,75,Christie,BOU,MID,50,0,0,0.0,451,318,3706,2263,a,,2026-07-24T17:30:10.035483Z,100,100,,,,1.5,2,5,102,1,0,0,0,2,0,14,3,1,10,0.50,0.13,0.63,1.64,1.5,1.5
2026-10-09T02:26:53+00:00,2026-10-08,daily,6,2026-10-10T10:00:00Z,76,Tóth.A,BOU,MID,49,0,-1,0.0,34,73,391,802,a,,,,,,,,0.5,1,2,17,0,0,0,0,2,0,2,0,1,1,0.00,0.00,0.00,0.56,0.5,0.5
2026-10-09T02:26:53+00:00,2026-10-08,daily,6,2026-10-10T10:00:00Z,77,Adli,BOU,MID,49,0,-1,0.0,33,94,302,2235,i,Calf injury - Unknown return date,2026-08-15T16:00:07.590566Z,0,0,,,,0.0,0,0,0,0,0,0,0,0,0,0,0,0,0,0.00,0.00,0.00,0.00,0.0,0.0
2026-10-09T02:26:53+00:00,2026-10-08,daily,6,2026-10-10T10:00:00Z,78,Kroupi.Jr,BOU,MID,74,0,-1,0.2,248,1056,1294,27574,i,Foot injury - Expected back 7 Nov,2026-07-29T17:30:09.796802Z,0,0,1,,,0.0,0,0,0,0,0,0,0,0,0,0,0,0,0,0.00,0.00,0.00,0.00,0.0,0.0
2026-10-09T02:26:53+00:00,2026-10-08,daily,6,2026-10-10T10:00:00Z,79,Evanilson,BOU,FWD,60,0,0,3.2,27572,27382,263033,182209,a,,,,,,,,3.5,2,18,424,5,0,3,2,5,0,27,11,3,13,0.87,0.52,1.39,6.45,3.5,3.5
2026-10-09T02:26:53+00:00,2026-10-08,daily,6,2026-10-10T10:00:00Z,80,Enes Ünal,BOU,FWD,55,0,0,0.0,0,62,0,1994,u,Has joined Getafe permanently,2026-08-14T14:14:21.881112Z,0,0,,,,0.0,0,0,0,0,0,0,0,0,0,0,0,0,0,0.00,0.00,0.00,0.00,0.0,0.0
2026-10-09T02:26:53+00:00,2026-10-08,daily,6,2026-10-10T10:00:00Z,81,Rodríguez,BOU,FWD,60,0,0,0.1,1054,874,5761,7005,a,,2026-08-15T16:30:07.054142Z,100,100,,,,0.5,0,2,10,0,0,0,0,1,0,1,0,0,1,0.00,0.00,0.00,0.18,0.5,0.5
2026-10-09T02:26:53+00:00,2026-10-08,daily,6,2026-10-10T10:00:00Z,566,Silva,BOU,DEF,50,0,0,0.5,16267,7758,41729,29199,a,,,,,,,,3.0,3,13,450,5,0,0,0,8,0,56,51,5,14,0.85,0.29,1.14,6.95,3.0,3.0
2026-10-09T02:26:53+00:00,2026-10-08,daily,6,2026-10-10T10:00:00Z,573,Sanchez,BOU,DEF,44,0,-1,0.2,179,550,1599,7207,a,,,,,,,,0.0,0,0,0,0,0,0,0,0,0,0,0,0,0,0.00,0.00,0.00,0.00,0.0,0.0
2026-10-09T02:26:53+00:00,2026-10-08,daily,6,2026-10-10T10:00:00Z,608,Jebbison,BOU,FWD,50,0,0,0.1,1146,1092,13509,7447,a,,,,,,,,0.5,1,3,31,0,0,0,0,2,0,1,0,0,1,0.10,0.00,0.10,0.61,0.5,0.5
2026-10-09T02:26:53+00:00,2026-10-08,daily,6,2026-10-10T10:00:00Z,615,Di Gregorio,BOU,GKP,45,0,0,0.0,219,231,2962,1780,a,,,,,,,,0.0,0,0,0,0,0,0,0,0,0,0,0,0,0,0.00,0.00,0.00,0.00,0.0,0.0
2026-10-09T02:26:53+00:00,2026-10-08,daily,6,2026-10-10T10:00:00Z,82,Kelleher,BRE,GKP,50,0,0,6.1,26636,19704,258273,219970,a,,,,,,,,4.5,6,20,450,5,0,0,2,4,17,0,7,0,34,0.00,0.01,0.01,6.32,4.5,4.5
2026-10-09T02:26:53+00:00,2026-10-08,daily,6,2026-10-10T10:00:00Z,83,Valdimarsson,BRE,GKP,45,0,0,0.1,379,445,2944,4695,a,,,,,,,,0.0,0,0,0,0,0,0,0,0,0,0,0,0,0,0.00,0.00,0.00,0.00,0.0,0.0
2026-10-09T02:26:53+00:00,2026-10-08,daily,6,2026-10-10T10:00:00Z,84,Collins,BRE,DEF,54,0,-1,0.9,139,12048,58758,159404,i,Calf injury - Unknown return date,2026-09-05T18:00:06.182495Z,0,0,,,,0.0,0,10,196,3,0,0,1,1,0,17,15,2,11,0.51,0.05,0.56,2.13,0.0,0.0
2026-10-09T02:26:53+00:00,2026-10-08,daily,6,2026-10-10T10:00:00Z,85,Van den Berg,BRE,DEF,49,0,-1,0.1,57,447,430,9053,i,Groin injury - Unknown return date,2026-08-15T15:30:06.416627Z,0,0,,,,0.0,0,0,0,0,0,0,0,0,0,0,0,0,0,0.00,0.00,0.00,0.00,0.0,0.0
2026-10-09T02:26:53+00:00,2026-10-08,daily,6,2026-10-10T10:00:00Z,86,Lewis-Potter,BRE,MID,55,0,0,1.7,4882,15281,191527,123662,a,,,,,,1,5,2.0,3,22,406,5,1,1,2,4,0,38,17,6,15,1.21,0.79,2.00,5.69,2.0,2.0
2026-10-09T02:26:53+00:00,2026-10-08,daily,6,2026-10-10T10:00:00Z,87,Ajer,BRE,DEF,45,0,0,3.8,17349,31381,322836,285073,a,,,,,,,,4.0,7,21,450,5,0,0,2,4,0,50,46,4,11,0.13,0.08,0.21,6.32,4.0,4.0
2026-10-09T02:26:53+00:00,2026-10-08,daily,6,2026-10-10T10:00:00Z,88,Kayode,BRE,DEF,46,0,1,7.6,21418,29222,604116,375456,a,,,,,,,,3.5,6,23,294,4,1,0,2,1,0,16,14,2,14,0.55,0.43,0.98,3.24,3.5,3.5
2026-10-09T02:26:53+00:00,2026-10-08,daily,6,2026-10-10T10:00:00Z,89,Henry,BRE,DEF,44,0,-1,0.2,196,755,2020,8753,a,,,,,,,,0.0,0,1,2,0,0,0,0,0,0,0,0,0,0,0.00,0.00,0.00,0.00,0.0,0.0
2026-10-09T02:26:53+00:00,2026-10-08,daily,6,2026-10-10T10:00:00Z,90,Hickey,BRE,DEF,45,0,0,0.1,239,328,2153,3061,a,,,,,,,,1.0,1,5,152,1,0,0,0,3,0,17,13,4,8,0.03,0.06,0.09,3.07,1.0,1.0
2026-10-09T02:26:53+00:00,2026-10-08,daily,6,2026-10-10T10:00:00Z,92,Ji-soo,BRE,DEF,44,-1,-1,0.0,74,103,508,975,a,,,,,,,,0.0,0,0,0,0,0,0,0,0,0,0,0,0,0,0.00,0.00,0.00,0.00,0.0,0.0
2026-10-09T02:26:53+00:00,2026-10-08,daily,6,2026-10-10T10:00:00Z,93,Schuster,BRE,DEF,45,0,0,0.4,24214,3940,25776,8428,a,,,,,,,,8.5,14,21,253,2,0,1,1,3,0,38,35,3,6,0.10,0.54,0.64,4.19,8.5,8.5
2026-10-09T02:26:53+00:00,2026-10-08,daily,6,2026-10-10T10:00:00Z,94,Schade,BRE,MID,62,1,2,12.9,538532,46356,1158387,266360,a,,,,,2,,,12.0,9,39,447,5,3,2,2,4,0,34,6,7,21,1.52,0.32,1.84,6.32,12.0,12.0
2026-10-09T02:26:53+00:00,2026-10-08,daily,6,2026-10-10T10:00:00Z,95,O.Dango,BRE,MID,63,0,-2,0.5,1160,4747,15521,83326,a,,,,,,,4,1.0,1,7,179,2,0,0,1,1,0,28,9,2,17,0.09,0.39,0.48,2.81,1.0,1.0
2026-10-09T02:26:53+00:00,2026-10-08,daily,6,2026-10-10T10:00:00Z,96,Damsgaard,BRE,MID,54,0,-1,0.4,1882,3699,15393,31815,d,Unspecified injury - 75% chance of playing,2026-10-03T19:30:08.141728Z,,75,,3,2,2.0,3,16,283,3,0,1,2,1,0,31,6,7,18,0.17,0.73,0.90,3.06,2.0,1.5
2026-10-09T02:26:53+00:00,2026-10-08,daily,6,2026-10-10T10:00:00Z,97,Jensen,BRE,MID,54,0,-1,0.1,23,819,4508,15253,i,Unspecified injury - Expected back 10 Oct,2026-08-30T12:30:08.176795Z,0,0,3,2,1,0.0,0,6,66,1,0,1,1,0,0,5,0,2,3,0.08,0.34,0.42,0.47,0.0,0.0
2026-10-09T02:26:53+00:00,2026-10-08,daily,6,2026-10-10T10:00:00Z,98,Janelt,BRE,MID,50,0,0,2.5,25652,23655,312712,112746,a,,,,,,,3,3.5,3,28,450,5,2,0,2,4,0,64,27,17,20,0.53,0.44,0.97,6.32,3.5,3.5
2026-10-09T02:26:53+00:00,2026-10-08,daily,6,2026-10-10T10:00:00Z,99,Milambo,BRE,MID,50,0,0,0.0,10,9,119,161,i,Knee injury - Unknown return date,2026-07-23T12:01:23.384798Z,0,0,,,,0.0,0,0,0,0,0,0,0,0,0,0,0,0,0,0.00,0.00,0.00,0.00,0.0,0.0
2026-10-09T02:26:53+00:00,2026-10-08,daily,6,2026-10-10T10:00:00Z,100,Carvalho,BRE,MID,50,0,0,0.0,716,211,2014,1489,a,,2026-08-18T13:58:17.442072Z,100,100,,,,3.0,6,6,3,0,1,0,0,0,0,0,0,0,0,0.43,0.00,0.43,0.13,3.0,3.0
2026-10-09T02:26:53+00:00,2026-10-08,daily,6,2026-10-10T10:00:00Z,102,Yarmoliuk,BRE,MID,48,0,-2,0.6,1840,4654,6293,63004,a,,,,,,,,3.5,3,9,216,2,0,1,1,4,0,26,7,5,14,0.10,0.30,0.40,4.58,3.5,3.5
2026-10-09T02:26:53+00:00,2026-10-08,daily,6,2026-10-10T10:00:00Z,103,Dasilva,BRE,MID,49,0,-1,0.0,15,131,406,1976,i,Hamstring injury - Expected back 10 Oct,2026-09-04T13:30:08.371955Z,0,0,,,,0.0,0,0,0,0,0,0,0,0,0,0,0,0,0,0.00,0.00,0.00,0.00,0.0,0.0
2026-10-09T02:26:53+00:00,2026-10-08,daily,6,2026-10-10T10:00:00Z,105,Anthony,BRE,MID,59,0,-1,0.2,3215,831,8213,11232,a,,,,,,,,5.5,10,15,267,3,1,0,2,3,0,26,6,4,16,1.15,0.54,1.69,3.50,5.5,5.5
2026-10-09T02:26:53+00:00,2026-10-08,daily,6,2026-10-10T10:00:00Z,106,Thiago,BRE,FWD,78,0,-2,9.3,85899,51339,306322,1048247,a,,,,,1,,,3.0,5,10,442,5,1,0,2,4,0,19,4,3,12,3.13,0.16,3.29,6.25,3.0,3.0
2026-10-09T02:26:53+00:00,2026-10-08,daily,6,2026-10-10T10:00:00Z,107,Furo,BRE,FWD,45,0,0,0.9,1075,11635,62148,68797,i,Unspecified injury - Unknown return date,2026-09-14T14:00:09.985723Z,0,0,,,,0.0,0,0,0,0,0,0,0,0,0,0,0,0,0,0.00,0.00,0.00,0.00,0.0,0.0
2026-10-09T02:26:53+00:00,2026-10-08,daily,6,2026-10-10T10:00:00Z,108,Wilson,BRE,FWD,54,-1,-1,0.3,1540,2946,15889,27011,a,,,,,,,,0.0,0,3,13,0,0,0,0,0,0,2,1,0,1,0.07,0.04,0.11,0.15,0.0,0.0
2026-10-09T02:26:53+00:00,2026-10-08,daily,6,2026-10-10T10:00:00Z,565,M.Sangaré,BRE,MID,56,-1,1,9.6,10718,174004,1230006,855893,a,,,,,,,,2.0,0,22,321,4,0,2,1,3,0,48,12,14,22,0.41,0.65,1.06,4.31,2.0,2.0
2026-10-09T02:26:53+00:00,2026-10-08,daily,6,2026-10-10T10:00:00Z,620,Diouf,BRE,DEF,45,0,0,0.1,670,836,13831,7498,a,,,,,,,,1.0,1,2,39,0,0,0,0,0,0,2,2,0,1,0.00,0.01,0.01,0.63,1.0,1.0
2026-10-09T02:26:53+00:00,2026-10-08,daily,6,2026-10-10T10:00:00Z,657,Nunes,BRE,MID,45,0,0,0.0,405,305,2147,698,a,,,,,,,,0.0,0,0,0,0,0,0,0,0,0,0,0,0,0,0.00,0.00,0.00,0.00,0.0,0.0
2026-10-09T02:26:53+00:00,2026-10-08,daily,6,2026-10-10T10:00:00Z,660,Fredrick,BRE,DEF,40,0,0,0.0,627,81,627,81,a,,,,,,,,0.0,0,0,0,0,0,0,0,0,0,0,0,0,0,0.00,0.00,0.00,0.00,1.1,1.1
2026-10-09T02:26:53+00:00,2026-10-08,daily,6,2026-10-10T10:00:00Z,661,Balcombe,BRE,GKP,40,0,0,0.0,3775,746,3775,746,a,,,,,,,,0.0,0,0,0,0,0,0,0,0,0,0,0,0,0,0.00,0.00,0.00,0.00,1.0,1.0
2026-10-09T02:26:53+00:00,2026-10-08,daily,6,2026-10-10T10:00:00Z,109,Verbruggen,BHA,GKP,45,0,0,21.6,100590,107534,794065,643388,a,,,,,,,,7.0,6,23,450,5,0,0,3,5,12,0,3,0,34,0.00,0.20,0.20,8.67,7.0,7.0
2026-10-09T02:26:53+00:00,2026-10-08,daily,6,2026-10-10T10:00:00Z,111,Steele,BHA,GKP,40,0,0,4.1,9782,19955,149969,125710,a,,,,,,,,0.0,0,0,0,0,0,0,0,0,0,0,0,0,0,0.00,0.00,0.00,0.00,0.0,0.0
2026-10-09T02:26:53+00:00,2026-10-08,daily,6,2026-10-10T10:00:00Z,113,F.Kadıoğlu,BHA,DEF,44,0,-1,1.6,5956,9985,32369,137528,a,,2026-08-23T13:00:07.595211Z,100,100,,,3,5.5,5,13,332,4,0,0,2,5,0,10,9,1,8,0.12,0.13,0.25,7.55,5.5,5.5
2026-10-09T02:26:53+00:00,2026-10-08,daily,6,2026-10-10T10:00:00Z,114,Boscagli,BHA,DEF,45,0,0,0.3,3372,1236,17589,12313,a,,,,,,,,6.0,6,19,437,5,0,0,3,5,0,29,25,4,17,0.07,0.53,0.60,8.45,6.0,6.0
2026-10-09T02:26:53+00:00,2026-10-08,daily,6,2026-10-10T10:00:00Z,115,De Cuyper,BHA,DEF,50,1,5,28.7,404592,35446,2822931,420477,a,,,,,,4,2,8.5,6,38,423,5,1,3,3,5,0,16,8,8,18,1.55,0.67,2.22,8.58,8.5,8.5
2026-10-09T02:26:53+00:00,2026-10-08,daily,6,2026-10-10T10:00:00Z,116,Dunk,BHA,DEF,45,0,0,1.5,8077,14521,89638,55585,d,Neck injury - 75% chance of playing,2026-09-22T09:30:09.629652Z,,75,,3,,6.0,0,22,360,4,1,0,2,5,0,23,20,3,13,0.03,0.09,0.12,7.04,6.0,4.5
2026-10-09T02:26:53+00:00,2026-10-08,daily,6,2026-10-10T10:00:00Z,117,Coppola,BHA,DEF,45,0,0,0.0,142,123,954,1086,a,,,,,,,,0.0,0,0,0,0,0,0,0,0,0,0,0,0,0,0.00,0.00,0.00,0.00,0.0,0.0
2026-10-09T02:26:53+00:00,2026-10-08,daily,6,2026-10-10T10:00:00Z,118,Igor,BHA,DEF,45,0,0,0.0,0,367,915,6010,u,Has joined Burnley permanently,2026-09-02T15:38:15.529699Z,0,0,,,,0.0,0,0,0,0,0,0,0,0,0,0,0,0,0,0.00,0.00,0.00,0.00,0.0,0.0
2026-10-09T02:26:53+00:00,2026-10-08,daily,6,2026-10-10T10:00:00Z,119,Costinha,BHA,DEF,45,0,0,0.0,222,163,1327,1488,a,,,,,,,,1.0,1,4,68,0,0,0,0,0,0,7,6,1,1,0.12,0.30,0.42,1.02,1.0,1.0
2026-10-09T02:26:53+00:00,2026-10-08,daily,6,2026-10-10T10:00:00Z,120,Svoboda,BHA,DEF,50,0,0,0.1,1450,534,4626,4056,a,,,,,,,,0.5,1,1,4,0,0,0,0,0,0,1,0,1,1,0.00,0.00,0.00,0.14,0.5,0.5
2026-10-09T02:26:53+00:00,2026-10-08,daily,6,2026-10-10T10:00:00Z,121,Mitoma,BHA,MID,59,0,-1,0.0,161,209,587,3146,i,Hamstring injury - Expected back 10 Oct,2026-07-24T18:30:10.661894Z,0,0,,,,0.0,0,0,0,0,0,0,0,0,0,0,0,0,0,0.00,0.00,0.00,0.00,0.0,0.0
2026-10-09T02:26:53+00:00,2026-10-08,daily,6,2026-10-10T10:00:00Z,122,Minteh,BHA,MID,58,-1,-2,0.0,53,272,343,6946,i,Leg injury - Expected back 28 Nov,2026-08-14T18:00:06.418033Z,0,0,,,5,0.0,0,0,0,0,0,0,0,0,0,0,0,0,0,0.00,0.00,0.00,0.00,0.0,0.0
2026-10-09T02:26:53+00:00,2026-10-08,daily,6,2026-10-10T10:00:00Z,123,Hinshelwood,BHA,MID,59,0,-1,0.5,376,8283,147997,217509,i,Ankle injury - Expected back 10 Oct,2026-08-27T19:30:07.780933Z,0,0,,,,0.0,0,16,63,1,2,0,1,0,0,3,0,2,1,1.41,0.02,1.43,0.19,0.0,0.0
2026-10-09T02:26:53+00:00,2026-10-08,daily,6,2026-10-10T10:00:00Z,124,Groß,BHA,MID,59,2,4,31.0,998176,19671,2358669,549454,a,,,,,1,1,1,15.5,14,47,450,5,3,4,3,5,0,26,9,7,10,1.77,0.86,2.63,8.67,15.5,15.5
2026-10-09T02:26:53+00:00,2026-10-08,daily,6,2026-10-10T10:00:00Z,125,Georginio,BHA,FWD,53,-1,-2,0.5,3526,5080,35523,77708,a,,2026-08-26T16:00:07.608056Z,100,100,,,,0.5,1,6,104,1,0,1,1,0,0,9,1,2,6,0.17,0.45,0.62,1.03,0.5,0.5
2026-10-09T02:26:53+00:00,2026-10-08,daily,6,2026-10-10T10:00:00Z,126,O'Riley,BHA,MID,54,0,-1,0.1,501,658,3675,6614,a,,,,,3,,,1.0,1,2,10,0,0,0,0,0,0,3,2,0,1,0.28,0.01,0.29,0.18,1.0,1.0
2026-10-09T02:26:53+00:00,2026-10-08,daily,6,2026-10-10T10:00:00Z,127,Gomez,BHA,MID,50,0,0,3.9,16286,51414,338793,313045,a,,,,,,5,,5.5,8,24,433,5,0,3,3,5,0,36,7,13,16,0.79,0.78,1.57,8.49,5.5,5.5
2026-10-09T02:26:53+00:00,2026-10-08,daily,6,2026-10-10T10:00:00Z,128,Buonanotte,BHA,MID,50,0,0,0.0,0,9,0,332,u,Has joined Elche on loan for the rest of the season,2026-08-10T14:03:07.561436Z,0,0,,,,0.0,0,0,0,0,0,0,0,0,0,0,0,0,0,0.00,0.00,0.00,0.00,0.0,0.0
2026-10-09T02:26:53+00:00,2026-10-08,daily,6,2026-10-10T10:00:00Z,129,Ayari,BHA,MID,54,0,-1,0.4,3315,2701,13556,42256,a,,2026-08-30T18:00:07.935334Z,100,100,,2,4,5.5,3,15,333,4,1,0,3,1,0,21,4,2,15,0.70,0.18,0.88,5.64,5.5,5.5
2026-10-09T02:26:53+00:00,2026-10-08,daily,6,2026-10-10T10:00:00Z,130,Wieffer,BHA,DEF,49,0,-1,0.2,36,2428,25951,43860,i,Knee injury - Unknown return date,2026-09-04T09:30:08.612904Z,0,0,,,,0.0,0,7,156,2,0,0,1,4,0,15,11,4,9,0.12,0.13,0.25,3.18,0.0,0.0
2026-10-09T02:26:53+00:00,2026-10-08,daily,6,2026-10-10T10:00:00Z,132,Howell,BHA,MID,45,0,0,0.0,0,261,0,3739,u,Has joined Leicester City on loan for the rest of the season,2026-08-17T13:53:19.019938Z,0,0,,,,0.0,0,0,0,0,0,0,0,0,0,0,0,0,0,0.00,0.00,0.00,0.00,0.0,0.0
2026-10-09T02:26:53+00:00,2026-10-08,daily,6,2026-10-10T10:00:00Z,133,Watson,BHA,MID,50,0,0,0.0,0,6,0,137,u,Has joined Leicester City on loan for the rest of the season,2026-08-03T14:05:44.459483Z,0,0,,,,0.0,0,0,0,0,0,0,0,0,0,0,0,0,0,0.00,0.00,0.00,0.00,0.0,0.0
2026-10-09T02:26:53+00:00,2026-10-08,daily,6,2026-10-10T10:00:00Z,134,Oriola,BHA,MID,45,0,0,0.2,412,1638,8816,14506,a,,,,,,,,0.0,0,0,0,0,0,0,0,0,0,0,0,0,0,0.00,0.00,0.00,0.00,0.0,0.0
2026-10-09T02:26:53+00:00,2026-10-08,daily,6,2026-10-10T10:00:00Z,135,Yohanna,BHA,MID,48,-1,-2,0.0,28,495,1271,5602,i,Unspecified injury - Expected back 10 Oct,2026-09-10T13:00:08.617941Z,0,0,,,,0.0,0,1,12,0,0,0,0,0,0,0,0,0,0,0.00,0.03,0.03,0.00,0.0,0.0
2026-10-09T02:26:53+00:00,2026-10-08,daily,6,2026-10-10T10:00:00Z,137,Tzimas,BHA,FWD,54,0,-1,0.0,47,68,344,766,i,Knee injury - Unknown return date,2026-07-23T12:01:23.432796Z,0,0,,,,0.0,0,0,0,0,0,0,0,0,0,0,0,0,0,0.00,0.00,0.00,0.00,0.0,0.0
2026-10-09T02:26:53+00:00,2026-10-08,daily,6,2026-10-10T10:00:00Z,138,Kostoulas,BHA,FWD,56,1,1,5.5,439596,31881,544287,64391,a,,,,,,,,10.0,10,28,353,4,2,3,2,5,0,27,5,4,18,1.35,0.06,1.41,7.67,10.0,10.0
2026-10-09T02:26:53+00:00,2026-10-08,daily,6,2026-10-10T10:00:00Z,139,Ferguson,BHA,FWD,50,0,0,0.0,171,300,1622,2569,i,Ankle injury - Expected back 10 Oct,2026-07-23T12:01:23.448357Z,0,0,,,,0.0,0,0,0,0,0,0,0,0,0,0,0,0,0,0.00,0.00,0.00,0.00,0.0,0.0
2026-10-09T02:26:53+00:00,2026-10-08,daily,6,2026-10-10T10:00:00Z,328,Struijk,BHA,DEF,49,0,-1,0.2,664,1287,5693,12538,d,Hamstring injury - 75% chance of playing,2026-09-22T10:00:09.404233Z,100,75,,,,3.0,5,7,98,1,0,0,1,0,0,10,9,1,6,0.16,0.01,0.17,1.70,3.0,2.2
2026-10-09T02:26:53+00:00,2026-10-08,daily,6,2026-10-10T10:00:00Z,504,Vuskovic,BHA,DEF,50,0,0,3.9,84779,21105,287879,145917,a,,,,,,,,7.0,8,32,437,5,1,0,3,5,0,43,37,6,17,0.46,0.07,0.53,8.45,7.0,7.0
2026-10-09T02:26:53+00:00,2026-10-08,daily,6,2026-10-10T10:00:00Z,594,David,BHA,FWD,59,-1,-1,0.2,3803,2659,15665,22932,a,,,,,2,,,0.0,0,1,23,0,0,0,0,0,0,0,0,0,0,0.42,0.00,0.42,0.14,0.0,0.0
2026-10-09T02:26:53+00:00,2026-10-08,daily,6,2026-10-10T10:00:00Z,600,Osman,BHA,MID,50,0,0,0.0,130,150,961,1117,a,,,,,,,,0.5,0,3,40,0,0,0,0,1,0,4,0,1,3,0.05,0.07,0.12,0.32,0.5,0.5
2026-10-09T02:26:53+00:00,2026-10-08,daily,6,2026-10-10T10:00:00Z,605,Yalcouyé,BHA,MID,45,0,0,3.9,33598,42069,562487,180023,a,,,,,,,,4.5,1,20,236,3,2,0,1,4,0,19,6,6,7,1.46,0.45,1.91,6.57,4.5,4.5
2026-10-09T02:26:53+00:00,2026-10-08,daily,6,2026-10-10T10:00:00Z,614,Hadjam,BHA,DEF,45,0,0,0.0,285,279,4024,1984,a,,,,,,,,0.0,0,0,0,0,0,0,0,0,0,0,0,0,0,0.00,0.00,0.00,0.00,0.0,0.0
2026-10-09T02:26:53+00:00,2026-10-08,daily,6,2026-10-10T10:00:00Z,624,Cozier-Duberry,BHA,MID,50,0,0,0.0,0,6,117,114,u,Has joined Middlesbrough on loan for the rest of the season,2026-09-02T15:38:15.552951Z,0,0,,,,0.0,0,0,0,0,0,0,0,0,0,0,0,0,0,0.00,0.00,0.00,0.00,0.0,0.0
2026-10-09T02:26:53+00:00,2026-10-08,daily,6,2026-10-10T10:00:00Z,639,Andrés,BHA,MID,55,0,0,0.0,3652,415,4896,883,a,,,,,,,,6.0,8,12,109,1,1,1,1,0,0,13,4,1,8,0.52,0.12,0.64,1.70,6.0,6.0
2026-10-09T02:26:53+00:00,2026-10-08,daily,6,2026-10-10T10:00:00Z,652,Azeez,BHA,MID,55,0,0,0.0,23,51,446,208,i,Hamstring injury - Expected back 10 Oct,2026-09-04T11:30:08.661589Z,0,0,,,,0.0,0,0,0,0,0,0,0,0,0,0,0,0,0,0.00,0.00,0.00,0.00,0.0,0.0
2026-10-09T02:26:53+00:00,2026-10-08,daily,6,2026-10-10T10:00:00Z,658,Ibrahim,BHA,MID,45,0,0,0.0,365,231,1528,499,a,,,,,,,,0.0,0,0,0,0,0,0,0,0,0,0,0,0,0,0.00,0.00,0.00,0.00,0.0,0.0
2026-10-09T02:26:53+00:00,2026-10-08,daily,6,2026-10-10T10:00:00Z,28,Martinez,CHE,GKP,50,0,0,4.7,11044,26950,248811,251531,a,,,,,,,,2.0,2,9,360,4,0,0,0,10,18,0,1,0,37,0.00,0.01,0.01,7.49,2.0,2.0
2026-10-09T02:26:53+00:00,2026-10-08,daily,6,2026-10-10T10:00:00Z,40,Rogers,CHE,MID,78,1,3,41.3,248387,89541,2577810,681228,a,,,,,,3,4,5.0,2,29,437,5,3,1,0,12,0,31,3,5,23,1.72,1.23,2.95,8.73,5.0,5.0
2026-10-09T02:26:53+00:00,2026-10-08,daily,6,2026-10-10T10:00:00Z,101,Henderson,CHE,MID,49,0,-1,0.0,617,200,1230,2674,a,,2026-08-09T09:30:07.136250Z,50,100,,,3,1.0,2,2,90,1,0,0,0,3,0,10,2,1,7,0.00,0.08,0.08,2.65,0.5,1.0
2026-10-09T02:26:53+00:00,2026-10-08,daily,6,2026-10-10T10:00:00Z,136,Welbeck,CHE,FWD,59,0,-1,1.0,11685,12045,65621,85949,a,,2026-08-20T14:00:07.949090Z,100,100,,,,1.5,2,4,85,1,0,0,0,1,0,5,2,1,2,0.00,0.14,0.14,1.99,1.5,1.5
2026-10-09T02:26:53+00:00,2026-10-08,daily,6,2026-10-10T10:00:00Z,140,Sánchez,CHE,GKP,49,0,-1,0.7,0,6063,10847,177671,u,Has joined Como on loan for the rest of the season,2026-09-02T16:20:41.841936Z,0,0,,,,0.0,0,2,90,1,0,0,0,2,4,0,1,0,5,0.00,0.01,0.01,1.33,0.0,0.0
2026-10-09T02:26:53+00:00,2026-10-08,daily,6,2026-10-10T10:00:00Z,141,Jörgensen,CHE,GKP,50,0,0,0.0,0,36,0,954,u,Has joined RC Strasbourg on loan for the rest of the season,2026-08-12T14:07:02.607115Z,0,0,,,,0.0,0,0,0,0,0,0,0,0,0,0,0,0,0,0.00,0.00,0.00,0.00,0.0,0.0
2026-10-09T02:26:53+00:00,2026-10-08,daily,6,2026-10-10T10:00:00Z,142,James,CHE,DEF,53,-1,-2,5.6,799,96726,169004,619415,d,Hamstring injury - 75% chance of playing,2026-09-18T10:30:09.719371Z,75,75,,1,1,0.5,0,3,292,3,0,0,0,7,0,13,11,2,15,0.33,0.26,0.59,4.90,0.4,0.4
2026-10-09T02:26:53+00:00,2026-10-08,daily,6,2026-10-10T10:00:00Z,143,Chalobah,CHE,DEF,55,0,0,0.1,0,376,0,14006,u,Has joined Como permanently,2026-08-10T14:03:50.769483Z,0,0,,,,0.0,0,0,0,0,0,0,0,0,0,0,0,0,0,0.00,0.00,0.00,0.00,0.0,0.0
2026-10-09T02:26:53+00:00,2026-10-08,daily,6,2026-10-10T10:00:00Z,144,Gusto,CHE,DEF,49,-1,-1,0.9,2035,8040,37362,68520,a,,,,,,,6,0.5,0,4,272,3,0,0,0,7,0,15,11,4,13,0.08,0.12,0.20,3.50,0.5,0.5
2026-10-09T02:26:53+00:00,2026-10-08,daily,6,2026-10-10T10:00:00Z,145,Fofana,CHE,DEF,50,0,0,0.2,3644,1615,19750,8556,a,,2026-07-23T12:01:23.464591Z,100,100,,,,2.5,4,8,312,4,0,0,0,7,0,47,40,7,11,0.00,0.08,0.08,5.65,2.5,2.5
2026-10-09T02:26:53+00:00,2026-10-08,daily,6,2026-10-10T10:00:00Z,146,B.Badiashile,CHE,DEF,45,0,0,0.0,0,54,232,1951,u,Has joined Napoli on loan for the rest of the season,2026-08-25T14:03:47.079414Z,0,0,,,,0.0,0,0,0,0,0,0,0,0,0,0,0,0,0,0.00,0.00,0.00,0.00,0.0,0.0
2026-10-09T02:26:53+00:00,2026-10-08,daily,6,2026-10-10T10:00:00Z,148,Hato,CHE,DEF,45,0,0,0.8,1221,9391,91616,61718,a,,,,,,,,0.0,0,8,258,4,0,2,0,9,0,18,11,7,9,0.01,0.21,0.22,4.81,0.0,0.0
2026-10-09T02:26:53+00:00,2026-10-08,daily,6,2026-10-10T10:00:00Z,149,Colwill,CHE,DEF,48,-1,-2,0.9,1704,6816,27360,99841,a,,,,,,,,1.0,1,3,341,4,0,0,0,9,0,26,23,3,15,0.01,0.05,0.06,6.67,1.0,1.0
2026-10-09T02:26:53+00:00,2026-10-08,daily,6,2026-10-10T10:00:00Z,150,M.Sarr,CHE,DEF,45,0,0,0.0,0,212,429,6028,u,Has joined Real Sociedad on loan for the rest of the season,2026-08-29T00:34:23.077418Z,0,0,,,,0.0,0,0,0,0,0,0,0,0,0,0,0,0,0,0.00,0.00,0.00,0.00,0.0,0.0
2026-10-09T02:26:53+00:00,2026-10-08,daily,6,2026-10-10T10:00:00Z,151,Acheampong,CHE,DEF,45,0,0,0.3,553,2413,21265,22972,a,,,,,,,,0.0,0,5,221,2,0,0,0,7,0,20,13,7,7,0.00,0.03,0.03,4.72,0.0,0.0
2026-10-09T02:26:53+00:00,2026-10-08,daily,6,2026-10-10T10:00:00Z,152,Palestra,CHE,DEF,53,0,-2,0.6,414,5391,6874,221932,d,Thigh injury - 50% chance of playing,2026-08-24T18:30:07.421239Z,50,50,,,,0.0,0,0,0,0,0,0,0,0,0,0,0,0,0,0.00,0.00,0.00,0.00,0.0,0.0
2026-10-09T02:26:53+00:00,2026-10-08,daily,6,2026-10-10T10:00:00Z,154,Palmer,CHE,MID,97,0,2,24.7,61576,263592,1964952,758898,d,Muscular injury - 75% chance of playing,2026-09-21T13:00:09.022726Z,100,75,1,2,,3.5,2,28,442,5,2,2,0,12,0,29,3,7,19,1.31,0.79,2.10,8.73,3.5,2.6
2026-10-09T02:26:53+00:00,2026-10-08,daily,6,2026-10-10T10:00:00Z,156,Neto,CHE,MID,65,0,0,1.4,8155,11805,85280,93456,a,,,,,,4,2,2.0,2,14,332,4,1,0,0,8,0,28,8,6,14,0.68,0.58,1.26,6.64,2.0,2.0
2026-10-09T02:26:53+00:00,2026-10-08,daily,6,2026-10-10T10:00:00Z,157,Estêvão,CHE,MID,63,0,-2,0.7,2545,4977,18459,87712,a,,,,,2,,5,1.0,1,4,23,0,0,0,0,1,0,2,0,1,1,0.07,0.07,0.14,1.01,1.0,1.0
2026-10-09T02:26:53+00:00,2026-10-08,daily,6,2026-10-10T10:00:00Z,158,Gittens,CHE,MID,58,-1,-2,0.0,163,308,1142,2938,d,Ankle injury - 75% chance of playing,2026-09-26T05:30:09.245832Z,,75,,,,0.0,0,0,0,0,0,0,0,0,0,0,0,0,0,0.00,0.00,0.00,0.00,0.0,0.0
2026-10-09T02:26:53+00:00,2026-10-08,daily,6,2026-10-10T10:00:00Z,159,Caicedo,CHE,MID,53,0,-2,1.0,495,11310,15133,283702,d,Calf injury - 50% chance of playing,2026-08-30T16:00:08.393562Z,50,50,,,,0.0,0,1,13,0,0,0,0,0,0,0,0,0,0,0.00,0.00,0.00,0.07,0.0,0.0
2026-10-09T02:26:53+00:00,2026-10-08,daily,6,2026-10-10T10:00:00Z,161,Lavia,CHE,MID,50,0,0,0.2,663,2928,26038,16038,a,,,,,,,,1.0,0,11,258,4,1,0,0,8,0,31,10,6,15,0.75,0.11,0.86,5.06,1.0,1.0
2026-10-09T02:26:53+00:00,2026-10-08,daily,6,2026-10-10T10:00:00Z,163,D.Essugo,CHE,MID,45,0,0,0.1,0,897,2698,14609,u,Has joined RC Strasbourg on loan for the rest of the season,2026-09-02T16:20:41.865225Z,0,0,,,,0.0,0,0,0,0,0,0,0,0,0,0,0,0,0,0.00,0.00,0.00,0.00,0.0,0.0
2026-10-09T02:26:53+00:00,2026-10-08,daily,6,2026-10-10T10:00:00Z,164,Quenda,CHE,MID,53,0,-2,0.0,86,215,918,3435,a,,2026-07-24T20:30:10.609931Z,100,100,,,,0.5,1,2,27,0,0,0,0,2,0,1,1,0,0,0.03,0.01,0.04,1.29,0.5,0.5
2026-10-09T02:26:53+00:00,2026-10-08,daily,6,2026-10-10T10:00:00Z,165,João Pedro,CHE,FWD,77,-1,2,64.0,96791,509505,1611532,1582001,d,Knee injury - 75% chance of playing,2026-09-16T19:00:09.919929Z,75,75,,,,6.0,0,33,360,4,3,3,0,9,0,9,3,1,5,2.17,0.19,2.36,6.17,4.5,4.5
2026-10-09T02:26:53+00:00,2026-10-08,daily,6,2026-10-10T10:00:00Z,168,Marc Guiu,CHE,FWD,50,0,0,0.2,0,1897,4102,33621,u,Has joined RB Leipzig permanently,2026-09-01T13:24:48.857362Z,0,0,,,,0.0,0,0,0,0,0,0,0,0,0,0,0,0,0,0.00,0.00,0.00,0.00,0.0,0.0
2026-10-09T02:26:53+00:00,2026-10-08,daily,6,2026-10-10T10:00:00Z,169,Mheuka,CHE,FWD,45,0,0,0.5,5466,4238,33187,26027,a,,,,,,,,0.0,0,0,0,0,0,0,0,0,0,0,0,0,0,0.00,0.00,0.00,0.00,0.0,0.0
2026-10-09T02:26:53+00:00,2026-10-08,daily,6,2026-10-10T10:00:00Z,170,Emegha,CHE,FWD,49,-1,-1,0.1,129,1270,6129,12777,i,Hamstring injury - Expected back 10 Oct,2026-09-09T15:00:09.063849Z,0,0,,,,0.0,0,0,0,0,0,0,0,0,0,0,0,0,0,0.00,0.00,0.00,0.00,0.0,0.0
2026-10-09T02:26:53+00:00,2026-10-08,daily,6,2026-10-10T10:00:00Z,200,Lacroix,CHE,DEF,59,-1,-1,6.7,12202,36792,178856,432368,a,,,,,,,,2.0,3,13,364,4,0,1,0,10,0,47,37,10,8,0.15,0.22,0.37,7.93,2.0,2.0
2026-10-09T02:26:53+00:00,2026-10-08,daily,6,2026-10-10T10:00:00Z,560,Penders,CHE,GKP,44,0,-1,0.1,276,364,2051,3684,a,,,,,,,,0.0,0,0,0,0,0,0,0,0,0,0,0,0,0,0.00,0.00,0.00,0.00,0.0,0.0
2026-10-09T02:26:53+00:00,2026-10-08,daily,6,2026-10-10T10:00:00Z,561,Anselmino,CHE,DEF,45,0,0,0.0,83,123,840,1271,a,,2026-08-23T19:00:08.536705Z,100,100,,,,0.0,0,0,0,0,0,0,0,0,0,0,0,0,0,0.00,0.00,0.00,0.00,0.0,0.0
2026-10-09T02:26:53+00:00,2026-10-08,daily,6,2026-10-10T10:00:00Z,568,Barco,CHE,MID,54,0,-1,0.1,290,552,3213,7119,a,,,,,,,,1.0,2,3,115,1,0,0,0,3,0,12,4,3,5,0.07,0.11,0.18,2.83,1.0,1.0
2026-10-09T02:26:53+00:00,2026-10-08,daily,6,2026-10-10T10:00:00Z,583,Chavarria,CHE,DEF,49,0,-1,0.2,632,698,3592,11304,a,,,,,,,,1.0,1,5,208,1,0,0,0,4,0,16,11,5,7,0.04,0.07,0.11,4.10,1.0,1.0
2026-10-09T02:26:53+00:00,2026-10-08,daily,6,2026-10-10T10:00:00Z,662,Nicoll-Jazuli,CHE,MID,45,0,0,0.0,399,94,399,94,a,,,,,,,,1.0,1,1,3,0,0,0,0,1,0,2,0,2,0,0.00,0.00,0.00,0.43,1.1,1.1
2026-10-09T02:26:53+00:00,2026-10-08,daily,6,2026-10-10T10:00:00Z,91,Pinnock,COV,DEF,45,0,0,0.1,603,339,2772,4110,a,,,,,,,,5.0,8,14,282,3,0,0,1,7,0,44,41,3,4,0.12,0.00,0.12,6.57,5.0,5.0
2026-10-09T02:26:53+00:00,2026-10-08,daily,6,2026-10-10T10:00:00Z,104,Onyeka,COV,MID,49,0,-1,0.1,207,597,4017,9724,a,,2026-09-15T09:00:07.851220Z,100,100,,,,2.5,3,9,314,4,0,0,1,7,0,28,9,5,14,0.03,0.02,0.05,6.31,2.5,2.5
2026-10-09T02:26:53+00:00,2026-10-08,daily,6,2026-10-10T10:00:00Z,110,Rushworth,COV,GKP,45,0,0,0.8,3492,7477,24639,60641,a,,,,,,,,5.5,11,16,450,5,0,1,1,10,9,0,4,0,50,0.00,0.02,0.02,8.63,5.5,5.5
2026-10-09T02:26:53+00:00,2026-10-08,daily,6,2026-10-10T10:00:00Z,171,Dovin,COV,GKP,40,0,0,1.0,0,6606,8924,59774,u,Has joined Leyton Orient on loan for the rest of the season,2026-09-02T15:44:14.839336Z,0,0,,,,0.0,0,0,0,0,0,0,0,0,0,0,0,0,0,0.00,0.00,0.00,0.00,0.0,0.0
2026-10-09T02:26:53+00:00,2026-10-08,daily,6,2026-10-10T10:00:00Z,172,Wilson,COV,GKP,44,0,-1,0.4,290,871,1460,12568,a,,,,,,,,0.0,0,0,0,0,0,0,0,0,0,0,0,0,0,0.00,0.00,0.00,0.00,0.0,0.0
2026-10-09T02:26:53+00:00,2026-10-08,daily,6,2026-10-10T10:00:00Z,173,Thomas,COV,DEF,40,0,0,8.6,43896,44794,381330,297818,a,,,,,,,,4.5,9,24,437,5,0,0,2,9,0,52,49,3,16,0.49,0.30,0.79,8.09,4.5,4.5
2026-10-09T02:26:53+00:00,2026-10-08,daily,6,2026-10-10T10:00:00Z,174,Kitching,COV,DEF,40,0,0,0.3,0,2465,981,33558,u,Has joined Sheffield United on loan for the rest of the season,2026-09-02T16:21:03.612394Z,0,0,,,,0.0,0,0,0,0,0,0,0,0,0,0,0,0,0,0.00,0.00,0.00,0.00,0.0,0.0
2026-10-09T02:26:53+00:00,2026-10-08,daily,6,2026-10-10T10:00:00Z,175,van Ewijk,COV,DEF,40,0,0,8.4,1338,104743,123243,529417,d,Hamstring injury - 75% chance of playing,2026-09-19T16:00:09.486751Z,,75,,,,0.0,0,6,360,4,0,0,0,10,0,27,21,6,13,0.00,0.30,0.30,7.53,0.0,0.0
2026-10-09T02:26:53+00:00,2026-10-08,daily,6,2026-10-10T10:00:00Z,176,Dasilva,COV,DEF,40,0,0,0.8,10766,2881,20049,23847,a,,,,,,,,7.5,15,20,444,5,1,0,1,10,0,23,19,4,14,0.50,0.52,1.02,8.63,7.5,7.5
2026-10-09T02:26:53+00:00,2026-10-08,daily,6,2026-10-10T10:00:00Z,177,Kesler-Hayden,COV,DEF,39,-1,-1,0.1,4163,1148,4762,4373,d,Hamstring injury - 50% chance of playing,2026-08-27T14:56:28.704361Z,0,50,,,,0.0,0,0,0,0,0,0,0,0,0,0,0,0,0,0.00,0.00,0.00,0.00,0.0,0.0
2026-10-09T02:26:53+00:00,2026-10-08,daily,6,2026-10-10T10:00:00Z,178,Bidwell,COV,DEF,40,0,0,0.1,231,391,2538,3622,a,,,,,,,,0.0,0,0,0,0,0,0,0,0,0,0,0,0,0,0.00,0.00,0.00,0.00,0.0,0.0
2026-10-09T02:26:53+00:00,2026-10-08,daily,6,2026-10-10T10:00:00Z,179,Latibeaudiere,COV,DEF,40,0,0,0.0,89,182,1000,1785,a,,,,,,,,0.5,1,1,1,0,0,0,0,0,0,2,2,0,0,0.00,0.00,0.00,0.02,0.5,0.5
2026-10-09T02:26:53+00:00,2026-10-08,daily,6,2026-10-10T10:00:00Z,180,Woolfenden,COV,DEF,39,-1,-1,0.1,311,739,2546,9248,i,Knee injury - Unknown return date,2026-08-27T14:56:28.718566Z,0,0,,,,0.0,0,0,0,0,0,0,0,0,0,0,0,0,0,0.00,0.00,0.00,0.00,0.0,0.0
2026-10-09T02:26:53+00:00,2026-10-08,daily,6,2026-10-10T10:00:00Z,181,Brau,COV,DEF,40,0,0,0.0,0,136,275,2206,u,Has joined Academico de Viseu on loan for the rest of the season,2026-08-29T00:35:59.980316Z,0,0,,,,0.0,0,0,0,0,0,0,0,0,0,0,0,0,0,0.00,0.00,0.00,0.00,0.0,0.0
2026-10-09T02:26:53+00:00,2026-10-08,daily,6,2026-10-10T10:00:00Z,182,Amenda,COV,DEF,40,0,0,0.6,55,8558,11500,35460,i,Calf injury - Unknown return date,2026-09-17T07:30:09.329041Z,25,0,,,,0.0,0,4,360,4,0,0,0,10,0,24,23,1,11,0.02,0.39,0.41,7.53,0.0,0.0
2026-10-09T02:26:53+00:00,2026-10-08,daily,6,2026-10-10T10:00:00Z,183,Rudoni,COV,MID,49,0,-1,0.1,1300,995,4770,8384,a,,2026-07-23T12:01:23.481435Z,100,100,,1,5,3.5,5,13,297,4,0,0,2,4,0,34,9,4,21,0.92,1.11,2.03,4.49,3.5,3.5
2026-10-09T02:26:53+00:00,2026-10-08,daily,6,2026-10-10T10:00:00Z,184,Grimes,COV,MID,49,0,-1,0.1,241,1149,4138,11540,a,,,,,3,,1,2.5,3,11,443,5,0,0,1,9,0,38,13,9,16,0.12,0.13,0.25,8.42,2.5,2.5
2026-10-09T02:26:53+00:00,2026-10-08,daily,6,2026-10-10T10:00:00Z,185,Sakamoto,COV,MID,48,0,-2,0.1,140,498,1030,5870,a,,,,,,,,0.0,0,1,31,0,0,0,0,1,0,4,0,2,2,0.02,0.02,0.04,0.69,0.0,0.0
2026-10-09T02:26:53+00:00,2026-10-08,daily,6,2026-10-10T10:00:00Z,186,Mason-Clark,COV,MID,53,-1,-2,0.1,94,432,1133,6036,a,,2026-08-19T18:00:08.310507Z,100,100,,,,1.0,1,5,231,4,0,0,0,3,0,15,6,0,9,0.51,0.12,0.63,3.16,1.0,1.0
2026-10-09T02:26:53+00:00,2026-10-08,daily,6,2026-10-10T10:00:00Z,187,Eccles,COV,MID,48,-1,-2,0.0,37,123,650,1499,i,Unspecified injury - Expected back 12 Oct,2026-09-10T18:30:08.877110Z,0,0,,,,0.0,0,0,0,0,0,0,0,0,0,0,0,0,0,0.00,0.00,0.00,0.00,0.0,0.0
2026-10-09T02:26:53+00:00,2026-10-08,daily,6,2026-10-10T10:00:00Z,188,Torp,COV,MID,53,-1,-2,0.1,48,563,801,8095,a,,,,,2,2,2,0.5,0,3,53,0,0,0,0,2,0,3,1,0,2,0.00,0.12,0.12,1.22,0.5,0.5
2026-10-09T02:26:53+00:00,2026-10-08,daily,6,2026-10-10T10:00:00Z,189,Shepherd,COV,MID,44,0,-1,0.3,4689,3436,11409,16307,a,,,,,,,,0.0,0,0,0,0,0,0,0,0,0,0,0,0,0,0.00,0.00,0.00,0.00,0.0,0.0
2026-10-09T02:26:53+00:00,2026-10-08,daily,6,2026-10-10T10:00:00Z,190,Tchaouna,COV,MID,54,0,-1,0.1,37,464,3153,8341,a,,,,,,,3,0.5,1,5,211,2,0,0,0,3,0,18,6,1,11,0.23,0.18,0.41,3.23,0.5,0.5
2026-10-09T02:26:53+00:00,2026-10-08,daily,6,2026-10-10T10:00:00Z,191,Borges Rodrigues,COV,MID,45,0,0,0.1,0,930,1943,11754,u,Has joined Burton Albion on loan for the rest of the season,2026-09-02T15:44:14.868001Z,0,0,,,,0.0,0,0,0,0,0,0,0,0,0,0,0,0,0,0.00,0.00,0.00,0.00,0.0,0.0
2026-10-09T02:26:53+00:00,2026-10-08,daily,6,2026-10-10T10:00:00Z,192,Andrews,COV,MID,45,0,0,0.3,0,2693,2718,41798,u,Has joined Oxford United on loan for the rest of the season,2026-08-29T00:35:59.998520Z,0,0,,,,0.0,0,0,0,0,0,0,0,0,0,0,0,0,0,0.00,0.00,0.00,0.00,0.0,0.0
2026-10-09T02:26:53+00:00,2026-10-08,daily,6,2026-10-10T10:00:00Z,193,Wright,COV,FWD,53,-1,-2,0.1,53,725,620,12651,i,Thigh injury - Unknown return date,2026-08-14T22:00:07.214508Z,0,0,1,,,0.0,0,0,0,0,0,0,0,0,0,0,0,0,0,0.00,0.00,0.00,0.00,0.0,0.0
2026-10-09T02:26:53+00:00,2026-10-08,daily,6,2026-10-10T10:00:00Z,194,Thomas-Asante,COV,FWD,50,0,0,0.8,11985,8088,62610,59113,a,,,,,4,,,2.5,4,9,227,2,0,0,1,6,0,27,12,3,12,0.34,0.06,0.39,4.98,2.5,2.5
2026-10-09T02:26:53+00:00,2026-10-08,daily,6,2026-10-10T10:00:00Z,195,Simms,COV,FWD,49,-1,-1,0.6,3165,6867,41669,66085,a,,,,,,,,0.5,1,4,104,1,0,0,0,3,0,3,1,0,2,0.30,0.01,0.31,2.79,0.5,0.5
2026-10-09T02:26:53+00:00,2026-10-08,daily,6,2026-10-10T10:00:00Z,196,Markelo,COV,FWD,50,0,0,0.0,0,72,0,1199,u,Has joined Shabab Al-Ahli Dubai permanently,2026-08-17T13:53:55.791223Z,0,0,,,,0.0,0,0,0,0,0,0,0,0,0,0,0,0,0,0.00,0.00,0.00,0.00,0.0,0.0
2026-10-09T02:26:53+00:00,2026-10-08,daily,6,2026-10-10T10:00:00Z,197,Bassette,COV,FWD,45,0,0,0.0,0,175,0,2134,u,Has joined KVC Westerlo on loan for the rest of the season,2026-07-28T12:58:50.001768Z,0,0,,,,0.0,0,0,0,0,0,0,0,0,0,0,0,0,0,0.00,0.00,0.00,0.00,0.0,0.0
2026-10-09T02:26:53+00:00,2026-10-08,daily,6,2026-10-10T10:00:00Z,492,Awoniyi,COV,FWD,54,-1,-1,0.4,97,6516,21370,66311,s,Suspended until 19 Oct,2026-09-13T15:00:09.305127Z,0,0,5,,,-1.0,0,3,232,3,0,0,0,7,0,11,3,1,7,1.30,0.04,1.34,3.55,0.0,0.0
2026-10-09T02:26:53+00:00,2026-10-08,daily,6,2026-10-10T10:00:00Z,575,Yirenkyi,COV,MID,48,-1,-2,0.1,380,1292,3032,13959,a,,,,,,,,2.0,3,9,265,3,0,0,2,5,0,21,7,1,13,0.03,0.15,0.18,4.25,2.0,2.0
2026-10-09T02:26:53+00:00,2026-10-08,daily,6,2026-10-10T10:00:00Z,584,Hamer,COV,MID,54,0,-1,0.1,57,508,807,6515,a,,,,,,,4,0.0,0,3,32,0,0,0,0,1,0,3,0,1,2,0.00,0.02,0.02,0.82,0.0,0.0
2026-10-09T02:26:53+00:00,2026-10-08,daily,6,2026-10-10T10:00:00Z,599,Cherif,COV,FWD,50,0,0,0.1,680,947,7607,7786,a,,,,,,,,0.5,0,1,30,0,0,0,0,3,0,1,1,0,0,0.00,0.00,0.00,1.43,0.5,0.5
2026-10-09T02:26:53+00:00,2026-10-08,daily,6,2026-10-10T10:00:00Z,623,Bentley,COV,GKP,40,0,0,0.7,14774,3230,85152,20122,a,,,,,,,,0.0,0,0,0,0,0,0,0,0,0,0,0,0,0,0.00,0.00,0.00,0.00,0.0,0.0
2026-10-09T02:26:53+00:00,2026-10-08,daily,6,2026-10-10T10:00:00Z,655,Gboho,COV,MID,55,0,0,0.0,88,59,286,108,a,,,,,,,,0.0,0,0,0,0,0,0,0,0,0,0,0,0,0,0.00,0.00,0.00,0.00,0.0,0.0
2026-10-09T02:26:53+00:00,2026-10-08,daily,6,2026-10-10T10:00:00Z,656,Mfuni,COV,DEF,40,0,0,0.1,2338,1026,10650,2827,a,,,,,,,,3.0,6,6,90,1,0,0,1,0,0,8,7,1,3,0.00,0.01,0.01,1.10,3.0,3.0
2026-10-09T02:26:53+00:00,2026-10-08,daily,6,2026-10-10T10:00:00Z,42,Guessand,CRY,MID,54,0,-1,0.0,127,308,2420,3679,a,,,,,,,,0.0,0,2,54,0,0,0,0,1,0,2,1,1,0,0.03,0.03,0.06,0.34,0.0,0.0
2026-10-09T02:26:53+00:00,2026-10-08,daily,6,2026-10-10T10:00:00Z,153,Disasi,CRY,DEF,45,0,0,0.1,39,1003,9440,10584,s,Suspended until 25 Oct,2026-09-12T15:30:09.445078Z,0,0,,,,-1.5,0,1,139,2,0,0,0,6,0,20,15,5,11,0.00,0.04,0.04,3.72,0.0,0.0
2026-10-09T02:26:53+00:00,2026-10-08,daily,6,2026-10-10T10:00:00Z,198,Henderson,CRY,GKP,49,-1,-1,1.3,181,14325,55307,123233,i,Foot injury - Expected back 11 Oct,2026-09-12T14:00:09.378740Z,0,0,,,,0.0,0,5,270,3,0,0,0,8,12,0,6,0,31,0.00,0.00,0.00,6.47,0.0,0.0
2026-10-09T02:26:53+00:00,2026-10-08,daily,6,2026-10-10T10:00:00Z,199,Benitez,CRY,GKP,45,0,0,0.1,1041,526,4133,4943,a,,,,,,,,4.0,6,8,180,2,0,0,1,3,5,0,2,0,11,0.00,0.00,0.00,2.99,4.0,4.0
2026-10-09T02:26:53+00:00,2026-10-08,daily,6,2026-10-10T10:00:00Z,202,Richards,CRY,DEF,49,-1,-1,0.6,2442,2860,23354,38591,a,,,,,,,,5.0,8,14,450,5,0,0,1,11,0,54,46,8,16,0.08,0.07,0.15,9.46,5.0,5.0
2026-10-09T02:26:53+00:00,2026-10-08,daily,6,2026-10-10T10:00:00Z,203,Canvot,CRY,DEF,48,-1,-2,0.2,692,1151,6034,19801,a,,,,,,,,4.0,8,10,360,4,0,0,1,8,0,34,26,8,11,0.05,0.13,0.18,7.78,4.0,4.0
2026-10-09T02:26:53+00:00,2026-10-08,daily,6,2026-10-10T10:00:00Z,204,Mitchell,CRY,DEF,45,0,0,6.1,21396,23781,317931,272183,a,,,,,,,,4.0,7,24,419,5,2,0,1,10,0,25,14,11,23,0.77,0.26,1.03,8.34,4.0,4.0
2026-10-09T02:26:53+00:00,2026-10-08,daily,6,2026-10-10T10:00:00Z,205,Sosa,CRY,DEF,45,0,0,0.0,0,134,236,2103,u,Has joined FC Cologne on loan for the rest of the season,2026-09-02T16:03:25.710518Z,0,0,,,,0.0,0,0,0,0,0,0,0,0,0,0,0,0,0,0.00,0.00,0.00,0.00,0.0,0.0
2026-10-09T02:26:53+00:00,2026-10-08,daily,6,2026-10-10T10:00:00Z,206,Chadi Riad,CRY,DEF,43,-1,-2,0.0,35,180,659,5731,i,Knee injury - Unknown return date,2026-08-22T18:00:07.352049Z,0,0,,,,0.0,0,1,72,1,0,0,0,2,0,7,6,1,3,0.00,0.01,0.01,0.98,0.0,0.0
2026-10-09T02:26:53+00:00,2026-10-08,daily,6,2026-10-10T10:00:00Z,207,Mingueza,CRY,DEF,43,-1,-2,0.1,119,387,2029,4943,a,,,,,,,,0.0,0,2,16,0,0,0,0,1,0,2,0,2,1,0.00,0.00,0.00,0.33,0.0,0.0
2026-10-09T02:26:53+00:00,2026-10-08,daily,6,2026-10-10T10:00:00Z,208,Sarr,CRY,MID,62,0,-3,0.6,3621,2903,7675,377354,a,,2026-08-22T18:00:07.363165Z,100,100,2,,,0.5,1,1,8,0,0,0,0,0,0,0,0,0,0,0.00,0.01,0.01,0.06,0.5,0.5
2026-10-09T02:26:53+00:00,2026-10-08,daily,6,2026-10-10T10:00:00Z,210,Wharton,CRY,MID,54,-1,-1,0.7,1484,5522,29891,49512,a,,2026-07-23T12:01:23.498963Z,100,100,,,2,2.0,2,12,436,5,0,0,1,10,0,41,16,10,15,0.15,0.58,0.73,8.91,2.0,2.0
2026-10-09T02:26:53+00:00,2026-10-08,daily,6,2026-10-10T10:00:00Z,211,Yeremy,CRY,MID,55,0,0,0.3,896,3650,45440,32047,a,,,,,,1,1,1.5,2,14,307,4,0,2,1,6,0,26,5,5,16,0.52,0.55,1.07,6.93,1.5,1.5
2026-10-09T02:26:53+00:00,2026-10-08,daily,6,2026-10-10T10:00:00Z,212,Hughes,CRY,MID,44,0,-1,7.1,11157,61066,124556,499681,a,,,,,,,4,0.5,0,2,29,0,0,0,0,1,0,7,3,1,3,0.00,0.04,0.04,1.12,0.5,0.5
2026-10-09T02:26:53+00:00,2026-10-08,daily,6,2026-10-10T10:00:00Z,213,Lerma,CRY,MID,48,-1,-2,0.1,124,476,1330,5657,a,,,,,,,,0.5,0,1,51,0,0,0,0,1,0,12,7,2,3,0.26,0.00,0.26,1.25,0.5,0.5
2026-10-09T02:26:53+00:00,2026-10-08,daily,6,2026-10-10T10:00:00Z,214,Kamada,CRY,MID,50,0,0,0.5,4398,4111,51145,25728,a,,,,,,,3,5.5,3,21,441,5,0,3,1,10,0,38,4,11,23,0.47,0.38,0.85,8.85,5.5,5.5
2026-10-09T02:26:53+00:00,2026-10-08,daily,6,2026-10-10T10:00:00Z,215,Devenny,CRY,MID,50,0,0,0.0,0,46,132,960,u,Has joined Stoke City permanently,2026-09-02T15:41:07.346849Z,0,0,3,2,,0.0,0,0,0,0,0,0,0,0,0,0,0,0,0,0.00,0.00,0.00,0.00,0.0,0.0
2026-10-09T02:26:53+00:00,2026-10-08,daily,6,2026-10-10T10:00:00Z,216,Esse,CRY,MID,50,0,0,0.0,0,155,399,3266,u,Has joined Millwall on loan for the rest of the season,2026-09-02T15:41:07.376544Z,0,0,,,,0.0,0,0,0,0,0,0,0,0,0,0,0,0,0,0.00,0.00,0.00,0.00,0.0,0.0
2026-10-09T02:26:53+00:00,2026-10-08,daily,6,2026-10-10T10:00:00Z,217,M.França,CRY,MID,49,0,-1,0.0,0,201,1007,3483,u,Has joined Alverca on loan for the rest of the season,2026-09-11T14:42:19.322912Z,0,0,,,,0.0,0,0,0,0,0,0,0,0,0,0,0,0,0,0.00,0.00,0.00,0.00,0.0,0.0
2026-10-09T02:26:53+00:00,2026-10-08,daily,6,2026-10-10T10:00:00Z,218,Doucouré,CRY,MID,48,-1,-2,0.0,141,362,2115,4527,a,,,,,,,,0.0,0,0,0,0,0,0,0,0,0,0,0,0,0,0.00,0.00,0.00,0.00,0.0,0.0
2026-10-09T02:26:53+00:00,2026-10-08,daily,6,2026-10-10T10:00:00Z,219,J.Rak-Sakyi,CRY,MID,49,0,-1,0.0,0,34,145,476,u,has joined  Kasimpasa on loan for the rest of the seaon.,2026-09-10T09:12:47.224598Z,0,0,,,,0.0,0,0,0,0,0,0,0,0,0,0,0,0,0,0.00,0.00,0.00,0.00,0.0,0.0
2026-10-09T02:26:53+00:00,2026-10-08,daily,6,2026-10-10T10:00:00Z,220,Cardines,CRY,DEF,45,0,0,0.0,0,3,0,128,u,Has joined Bristol City on loan for the rest of the season,2026-08-12T14:08:46.501813Z,0,0,,,,0.0,0,0,0,0,0,0,0,0,0,0,0,0,0,0.00,0.00,0.00,0.00,0.0,0.0
2026-10-09T02:26:53+00:00,2026-10-08,daily,6,2026-10-10T10:00:00Z,221,Drakes-Thomas,CRY,MID,44,-1,-1,0.1,202,537,2750,4782,a,,,,,,,,0.0,0,0,0,0,0,0,0,0,0,0,0,0,0,0.00,0.00,0.00,0.00,0.0,0.0
2026-10-09T02:26:53+00:00,2026-10-08,daily,6,2026-10-10T10:00:00Z,222,Strand Larsen,CRY,FWD,60,0,0,0.7,8120,5339,53345,42393,a,,,,,,,,5.0,2,14,298,3,1,0,1,5,0,13,6,2,5,0.43,0.20,0.63,6.15,5.0,5.0
2026-10-09T02:26:53+00:00,2026-10-08,daily,6,2026-10-10T10:00:00Z,223,Mateta,CRY,FWD,63,0,-2,1.3,277,11134,26030,456621,i,Hamstring injury - Expected back 11 Oct,2026-08-28T21:00:08.020382Z,0,0,1,,,0.0,0,2,62,1,0,0,0,2,0,5,1,2,2,0.70,0.02,0.72,0.98,0.0,0.0
2026-10-09T02:26:53+00:00,2026-10-08,daily,6,2026-10-10T10:00:00Z,224,Nketiah,CRY,FWD,55,0,0,0.5,1686,4308,47667,50955,a,,2026-09-12T14:00:09.427136Z,100,100,,,,0.5,1,8,175,3,0,1,0,7,0,12,2,4,6,1.10,0.60,1.70,4.51,0.5,0.5
2026-10-09T02:26:53+00:00,2026-10-08,daily,6,2026-10-10T10:00:00Z,225,Uche,CRY,FWD,50,0,0,0.0,0,0,0,0,u,has returned to Getafe CF,2026-07-23T12:18:56.275922Z,0,0,,,,0.0,0,0,0,0,0,0,0,0,0,0,0,0,0,0.00,0.00,0.00,0.00,0.0,0.0
2026-10-09T02:26:53+00:00,2026-10-08,daily,6,2026-10-10T10:00:00Z,241,McNeil,CRY,MID,53,-1,-2,0.1,112,628,1819,8357,a,,,,,,,,0.0,0,3,84,1,0,0,0,3,0,7,4,0,3,0.05,0.02,0.07,1.18,0.0,0.0
2026-10-09T02:26:53+00:00,2026-10-08,daily,6,2026-10-10T10:00:00Z,555,Matthews,CRY,GKP,40,0,0,1.7,1486,3747,23670,32187,a,,,,,,,,0.0,0,0,0,0,0,0,0,0,0,0,0,0,0,0.00,0.00,0.00,0.00,0.0,0.0
2026-10-09T02:26:53+00:00,2026-10-08,daily,6,2026-10-10T10:00:00Z,577,Tomiyasu,CRY,DEF,44,0,-1,0.3,153,1709,3482,13829,d,Calf injury - 75% chance of playing,2026-09-21T13:30:09.030724Z,,75,,,,0.5,1,3,189,2,0,0,0,5,0,17,15,2,7,0.00,0.03,0.03,3.98,0.5,0.4
2026-10-09T02:26:53+00:00,2026-10-08,daily,6,2026-10-10T10:00:00Z,588,Khalaili,CRY,DEF,50,0,0,0.3,2355,2390,35048,16644,d,Hamstring injury - 75% chance of playing,2026-10-04T22:00:08.963040Z,,75,,,,6.5,6,19,379,4,1,0,1,8,0,44,23,21,26,0.96,0.33,1.29,8.41,6.5,4.9
2026-10-09T02:26:53+00:00,2026-10-08,daily,6,2026-10-10T10:00:00Z,595,Gozo,CRY,MID,49,-1,-1,0.0,43,109,493,902,a,,,,,,,,0.5,0,2,28,0,0,0,0,2,0,1,0,1,0,0.00,0.00,0.00,0.68,0.5,0.5
2026-10-09T02:26:53+00:00,2026-10-08,daily,6,2026-10-10T10:00:00Z,633,Ahanor,CRY,DEF,45,0,0,0.0,174,134,1949,586,a,,,,,,,,1.5,0,3,90,1,0,0,0,3,0,11,9,2,4,0.00,0.01,0.01,1.68,1.5,1.5
2026-10-09T02:26:53+00:00,2026-10-08,daily,6,2026-10-10T10:00:00Z,643,Chilwell,CRY,DEF,45,0,0,0.4,749,3692,43303,18902,a,,,,,,,,0.5,0,8,29,0,1,0,0,1,0,1,1,0,0,0.27,0.01,0.28,1.12,0.5,0.5
2026-10-09T02:26:53+00:00,2026-10-08,daily,6,2026-10-10T10:00:00Z,644,Timber,CRY,MID,50,0,0,0.0,592,389,4415,1581,a,,,,,,,,3.5,3,9,253,3,0,0,1,5,0,27,6,11,10,0.24,0.06,0.30,5.56,3.5,3.5
2026-10-09T02:26:53+00:00,2026-10-08,daily,6,2026-10-10T10:00:00Z,647,Osorio,CRY,MID,55,0,0,0.0,37,89,956,425,a,,,,,,,,0.0,0,1,1,0,0,0,0,0,0,1,0,1,0,0.00,0.00,0.00,0.13,0.0,0.0
2026-10-09T02:26:53+00:00,2026-10-08,daily,6,2026-10-10T10:00:00Z,21,Nørgaard,EVE,MID,48,-1,-2,0.0,78,438,518,7540,i,Groin injury - Unknown return date,2026-08-15T20:00:06.779594Z,0,0,,,,0.0,0,0,0,0,0,0,0,0,0,0,0,0,0,0.00,0.00,0.00,0.00,0.0,0.0
2026-10-09T02:26:53+00:00,2026-10-08,daily,6,2026-10-10T10:00:00Z,209,Johnson,EVE,MID,59,0,-1,0.1,567,964,5462,10679,a,,,,,,,,3.0,3,9,238,3,0,0,2,1,0,26,8,7,11,1.03,0.22,1.25,3.73,3.0,3.0
2026-10-09T02:26:53+00:00,2026-10-08,daily,6,2026-10-10T10:00:00Z,226,Pickford,EVE,GKP,55,0,0,9.2,37134,22565,304651,242684,a,,,,,,,,7.0,8,25,450,5,0,0,3,3,15,0,7,0,53,0.00,0.02,0.02,6.94,7.0,7.0
2026-10-09T02:26:53+00:00,2026-10-08,daily,6,2026-10-10T10:00:00Z,227,Travers,EVE,GKP,50,0,0,0.0,318,327,1876,2189,a,,,,,,,,0.0,0,0,0,0,0,0,0,0,0,0,0,0,0,0.00,0.00,0.00,0.00,0.0,0.0
2026-10-09T02:26:53+00:00,2026-10-08,daily,6,2026-10-10T10:00:00Z,228,King,EVE,GKP,45,0,0,0.0,143,201,1210,1768,a,,,,,,,,0.0,0,0,0,0,0,0,0,0,0,0,0,0,0,0.00,0.00,0.00,0.00,0.0,0.0
2026-10-09T02:26:53+00:00,2026-10-08,daily,6,2026-10-10T10:00:00Z,229,Tarkowski,EVE,DEF,62,1,2,17.3,304205,35815,1015013,299401,a,,,,,,,,11.0,14,43,450,5,1,1,3,3,0,51,40,11,18,0.18,0.04,0.22,6.94,11.0,11.0
2026-10-09T02:26:53+00:00,2026-10-08,daily,6,2026-10-10T10:00:00Z,230,Branthwaite,EVE,DEF,55,0,0,2.5,30681,10727,150853,75192,a,,,,,,,,7.0,8,27,450,5,0,0,3,3,0,54,49,5,14,0.17,0.02,0.19,6.94,7.0,7.0
2026-10-09T02:26:53+00:00,2026-10-08,daily,6,2026-10-10T10:00:00Z,231,Keane,EVE,DEF,48,0,-2,0.7,596,4919,9501,91718,a,,,,,,,,0.0,0,0,0,0,0,0,0,0,0,0,0,0,0,0.00,0.00,0.00,0.00,0.0,0.0
2026-10-09T02:26:53+00:00,2026-10-08,daily,6,2026-10-10T10:00:00Z,232,O'Brien,EVE,DEF,48,-1,-2,0.3,468,1498,4723,24969,a,,,,,,,,1.0,1,2,16,0,0,0,0,0,0,2,2,0,2,0.00,0.00,0.00,0.42,1.0,1.0
2026-10-09T02:26:53+00:00,2026-10-08,daily,6,2026-10-10T10:00:00Z,233,Mykolenko,EVE,DEF,46,1,1,4.0,43271,42847,414463,139300,d,Leg injury - 75% chance of playing,2026-10-01T19:30:09.402881Z,,75,,,,8.0,5,27,450,5,0,0,3,3,0,39,25,14,30,0.04,0.16,0.20,6.94,8.0,6.0
2026-10-09T02:26:53+00:00,2026-10-08,daily,6,2026-10-10T10:00:00Z,234,Patterson,EVE,DEF,45,0,0,0.0,0,159,371,2472,u,Has joined Torino permanently,2026-09-02T16:05:23.326971Z,0,0,,,,0.0,0,0,0,0,0,0,0,0,0,0,0,0,0,0.00,0.00,0.00,0.00,0.0,0.0
2026-10-09T02:26:53+00:00,2026-10-08,daily,6,2026-10-10T10:00:00Z,235,Aznou,EVE,DEF,40,0,0,0.1,0,741,1728,11335,u,Has joined Malaga on loan for the rest of the season,2026-09-01T13:23:16.934847Z,0,0,,,,0.0,0,0,0,0,0,0,0,0,0,0,0,0,0,0.00,0.00,0.00,0.00,0.0,0.0
2026-10-09T02:26:53+00:00,2026-10-08,daily,6,2026-10-10T10:00:00Z,236,Dewsbury-Hall,EVE,MID,66,1,1,5.8,41081,65861,591845,345225,a,,,,,,,2,2.5,3,20,450,5,1,0,3,3,0,42,5,11,26,0.99,0.83,1.82,6.74,2.5,2.5
2026-10-09T02:26:53+00:00,2026-10-08,daily,6,2026-10-10T10:00:00Z,238,Grealish,EVE,MID,65,0,0,0.5,5323,3828,42367,24112,a,,2026-07-29T10:00:10.492904Z,100,100,,,,2.0,3,6,135,1,0,0,1,1,0,13,2,3,8,0.02,0.44,0.46,1.67,2.0,2.0
2026-10-09T02:26:53+00:00,2026-10-08,daily,6,2026-10-10T10:00:00Z,239,Garner,EVE,MID,60,0,0,0.2,2685,2687,22137,14587,a,,2026-09-06T18:00:08.301702Z,100,100,2,1,1,3.5,3,11,328,4,0,0,2,2,0,45,9,11,25,0.20,0.17,0.37,3.45,3.5,3.5
2026-10-09T02:26:53+00:00,2026-10-08,daily,6,2026-10-10T10:00:00Z,242,George,EVE,MID,55,0,0,0.9,3124,14366,107789,46030,a,,,,,,,,2.0,1,19,309,4,1,0,2,3,0,18,5,1,12,0.35,0.32,0.67,3.71,2.0,2.0
2026-10-09T02:26:53+00:00,2026-10-08,daily,6,2026-10-10T10:00:00Z,243,Alcaraz,EVE,MID,49,0,-1,0.1,194,508,2895,5941,a,,,,,,,,0.0,0,1,5,0,0,0,0,0,0,3,0,1,2,0.05,0.02,0.07,0.04,0.0,0.0
2026-10-09T02:26:53+00:00,2026-10-08,daily,6,2026-10-10T10:00:00Z,244,Armstrong,EVE,MID,50,0,0,0.4,1099,4016,54159,33370,a,,2026-09-17T08:30:08.942299Z,75,100,,,,2.5,2,16,446,5,0,1,3,3,0,40,13,8,19,0.21,0.49,0.70,6.94,1.9,2.5
2026-10-09T02:26:53+00:00,2026-10-08,daily,6,2026-10-10T10:00:00Z,245,Dibling,EVE,MID,53,-1,-2,0.0,146,201,1201,2700,a,,,,,,,,0.5,1,1,24,0,0,0,0,0,0,0,0,0,0,0.17,0.16,0.33,0.38,0.5,0.5
2026-10-09T02:26:53+00:00,2026-10-08,daily,6,2026-10-10T10:00:00Z,246,Röhl,EVE,MID,49,0,-1,0.0,8,749,1963,4849,i,Unspecified injury - Expected back 11 Oct,2026-09-16T18:00:09.541933Z,0,0,,,,0.0,0,6,249,3,0,0,1,2,0,24,6,5,13,0.00,0.20,0.20,4.52,0.0,0.0
2026-10-09T02:26:53+00:00,2026-10-08,daily,6,2026-10-10T10:00:00Z,247,Hackney,EVE,MID,54,-1,-1,0.2,236,1382,3787,12222,a,,2026-08-26T22:00:07.797766Z,100,100,,,3,1.0,1,10,137,1,0,1,1,1,0,12,4,3,5,0.05,0.13,0.18,3.91,1.0,1.0
2026-10-09T02:26:53+00:00,2026-10-08,daily,6,2026-10-10T10:00:00Z,248,Beto,EVE,FWD,54,0,-1,0.6,0,9117,16222,221439,u,Has joined Fiorentina permanently,2026-09-02T16:05:23.357221Z,0,0,,,,0.0,0,2,31,0,0,0,0,0,0,1,1,0,0,0.09,0.00,0.09,1.92,0.0,0.0
2026-10-09T02:26:53+00:00,2026-10-08,daily,6,2026-10-10T10:00:00Z,249,Barry,EVE,FWD,57,1,2,8.5,118914,58806,1001069,376982,a,,,,,1,,,4.0,6,20,417,5,2,0,3,3,0,17,5,1,11,3.50,0.15,3.65,5.02,4.0,4.0
2026-10-09T02:26:53+00:00,2026-10-08,daily,6,2026-10-10T10:00:00Z,649,Maitland-Niles,EVE,DEF,45,0,0,1.4,25539,6942,98571,16834,a,,,,,,,,7.0,8,21,177,2,1,0,2,1,0,13,8,5,7,0.06,0.25,0.31,2.00,7.0,7.0
2026-10-09T02:26:53+00:00,2026-10-08,daily,6,2026-10-10T10:00:00Z,654,Graham,EVE,MID,45,0,0,0.1,268,1138,11314,5443,a,,,,,,,,0.0,0,0,0,0,0,0,0,0,0,0,0,0,0,0.00,0.00,0.00,0.00,0.0,0.0
2026-10-09T02:26:53+00:00,2026-10-08,daily,6,2026-10-10T10:00:00Z,250,Leno,FUL,GKP,45,0,0,3.5,64081,18841,174978,109883,a,,,,,,,,6.0,3,18,450,5,0,0,1,8,16,0,6,0,41,0.00,0.00,0.00,9.11,6.0,6.0
2026-10-09T02:26:53+00:00,2026-10-08,daily,6,2026-10-10T10:00:00Z,251,Lecomte,FUL,GKP,40,0,0,1.1,3562,3518,26290,26953,a,,,,,,,,0.0,0,0,0,0,0,0,0,0,0,0,0,0,0,0.00,0.00,0.00,0.00,0.0,0.0
2026-10-09T02:26:53+00:00,2026-10-08,daily,6,2026-10-10T10:00:00Z,252,McNally,FUL,GKP,40,0,0,0.1,0,777,2589,6773,u,Has joined York City on loan for the rest of the season,2026-09-01T13:25:11.231240Z,0,0,,,,0.0,0,0,0,0,0,0,0,0,0,0,0,0,0,0.00,0.00,0.00,0.00,0.0,0.0
2026-10-09T02:26:53+00:00,2026-10-08,daily,6,2026-10-10T10:00:00Z,253,Andersen,FUL,DEF,50,0,0,0.2,3990,1472,15864,9582,a,,2026-07-23T12:01:23.516350Z,100,100,,,,0.5,1,3,190,2,0,0,0,5,0,20,18,2,9,0.00,0.10,0.10,4.35,0.5,0.5
2026-10-09T02:26:53+00:00,2026-10-08,daily,6,2026-10-10T10:00:00Z,254,Robinson,FUL,DEF,45,0,0,1.5,28625,10519,71110,74494,a,,,,,2,,,4.0,2,12,429,5,0,0,1,8,0,31,18,13,20,0.26,0.30,0.56,9.08,4.0,4.0
2026-10-09T02:26:53+00:00,2026-10-08,daily,6,2026-10-10T10:00:00Z,255,J.Cuenca,FUL,DEF,45,0,0,0.0,80,135,1560,2028,a,,,,,,,,0.0,0,3,90,1,0,0,0,3,0,10,9,1,3,0.00,0.03,0.03,2.24,0.0,0.0
2026-10-09T02:26:53+00:00,2026-10-08,daily,6,2026-10-10T10:00:00Z,256,Tete,FUL,DEF,44,0,-1,0.2,109,1198,1440,10643,a,,2026-09-18T12:30:09.546158Z,0,100,,,,0.0,0,0,27,0,0,0,0,0,0,3,3,0,0,0.00,0.00,0.00,0.65,0.0,0.0
2026-10-09T02:26:53+00:00,2026-10-08,daily,6,2026-10-10T10:00:00Z,257,Bassey,FUL,DEF,45,0,0,0.8,12003,3098,33017,31244,a,,,,,,,,6.0,6,15,450,5,0,1,1,8,0,29,23,6,22,0.13,0.08,0.21,9.11,6.0,6.0
2026-10-09T02:26:53+00:00,2026-10-08,daily,6,2026-10-10T10:00:00Z,258,Castagne,FUL,DEF,45,0,0,1.0,23402,7251,100044,45980,a,,,,,,,,3.5,1,20,408,5,0,2,2,7,0,29,23,6,18,0.67,0.39,1.06,6.81,3.5,3.5
2026-10-09T02:26:53+00:00,2026-10-08,daily,6,2026-10-10T10:00:00Z,261,Iwobi,FUL,MID,54,0,-1,0.7,6410,4519,25330,56880,a,,,,,3,1,1,4.0,5,14,408,5,0,0,2,7,0,29,5,5,19,0.39,1.22,1.61,8.16,4.0,4.0
2026-10-09T02:26:53+00:00,2026-10-08,daily,6,2026-10-10T10:00:00Z,262,Smith Rowe,FUL,MID,53,-1,-2,0.2,435,1594,4633,21253,a,,,,,,,,0.5,0,3,38,0,0,0,0,0,0,3,1,0,2,0.06,0.02,0.08,0.87,0.5,0.5
2026-10-09T02:26:53+00:00,2026-10-08,daily,6,2026-10-10T10:00:00Z,263,Kevin,FUL,MID,53,0,-2,0.0,268,358,2072,4295,a,,,,,,,4,1.0,1,4,61,0,0,0,0,1,0,8,1,3,4,0.07,0.12,0.19,1.23,1.0,1.0
2026-10-09T02:26:53+00:00,2026-10-08,daily,6,2026-10-10T10:00:00Z,264,Bobb,FUL,MID,55,0,0,0.3,3981,2419,17984,21525,a,,,,,,,2,3.0,3,13,343,5,0,0,3,6,0,28,5,8,15,0.54,1.14,1.68,6.19,3.0,3.0
2026-10-09T02:26:53+00:00,2026-10-08,daily,6,2026-10-10T10:00:00Z,265,Berge,FUL,MID,49,0,-1,0.3,953,1750,6684,18506,a,,,,,,,,3.0,3,11,349,4,0,0,2,5,0,19,7,4,8,0.08,0.36,0.44,7.36,3.0,3.0
2026-10-09T02:26:53+00:00,2026-10-08,daily,6,2026-10-10T10:00:00Z,266,Cairney,FUL,MID,49,0,-1,0.0,18,22,119,333,i,Knee injury - Expected back 10 Oct,2026-08-14T18:00:06.460944Z,0,0,,,,0.0,0,0,0,0,0,0,0,0,0,0,0,0,0,0.00,0.00,0.00,0.00,0.0,0.0
2026-10-09T02:26:53+00:00,2026-10-08,daily,6,2026-10-10T10:00:00Z,268,King,FUL,MID,56,1,1,3.3,169743,29417,413878,107985,a,,,,,,,,2.5,2,24,425,5,2,0,2,7,0,28,5,7,16,1.54,0.46,2.00,8.29,2.5,2.5
2026-10-09T02:26:53+00:00,2026-10-08,daily,6,2026-10-10T10:00:00Z,269,Sessegnon,FUL,DEF,43,-1,-2,0.3,471,1623,2914,19321,a,,2026-09-14T11:30:07.403957Z,75,100,,,3,0.0,0,3,50,0,0,0,0,1,0,3,2,1,3,0.13,0.44,0.57,1.80,0.0,0.0
2026-10-09T02:26:53+00:00,2026-10-08,daily,6,2026-10-10T10:00:00Z,270,Reed,FUL,MID,44,0,-1,1.1,3359,8829,36851,75054,a,,,,,,,,0.0,0,0,0,0,0,0,0,0,0,0,0,0,0,0.00,0.00,0.00,0.00,0.0,0.0
2026-10-09T02:26:53+00:00,2026-10-08,daily,6,2026-10-10T10:00:00Z,271,Muniz,FUL,FWD,54,0,-1,0.4,2505,3376,16834,35817,a,,,,,,,,0.5,0,3,38,0,0,0,0,1,0,3,3,0,0,0.40,0.00,0.40,0.85,0.5,0.5
2026-10-09T02:26:53+00:00,2026-10-08,daily,6,2026-10-10T10:00:00Z,272,Kusi-Asare,FUL,FWD,45,0,0,5.3,14424,43989,163895,311794,a,,,,,,,,0.0,0,0,0,0,0,0,0,0,0,0,0,0,0,0.00,0.00,0.00,0.00,0.0,0.0
2026-10-09T02:26:53+00:00,2026-10-08,daily,6,2026-10-10T10:00:00Z,569,Gonzalo,FUL,FWD,60,0,0,4.7,151113,45511,513422,324896,a,,,,,1,,,2.0,2,14,425,5,1,0,2,7,0,18,7,2,9,2.33,0.58,2.91,8.29,2.0,2.0
2026-10-09T02:26:53+00:00,2026-10-08,daily,6,2026-10-10T10:00:00Z,570,Palacios,FUL,MID,54,0,-1,0.2,904,1223,6193,10869,a,,,,,,,,0.5,1,12,226,3,1,0,0,7,0,17,4,3,10,0.98,0.03,1.01,5.46,0.5,0.5
2026-10-09T02:26:53+00:00,2026-10-08,daily,6,2026-10-10T10:00:00Z,580,Charles,FUL,MID,50,0,0,0.1,1508,669,3238,4345,a,,,,,,,,4.5,4,13,303,3,0,0,1,5,0,46,23,4,19,0.09,0.16,0.25,6.65,4.5,4.5
2026-10-09T02:26:53+00:00,2026-10-08,daily,6,2026-10-10T10:00:00Z,610,De Fougerolles,FUL,DEF,40,0,0,0.1,0,561,5787,5307,u,has joined  Real Salt Lake on loan for the rest of the seaon.,2026-08-28T11:30:08.336405Z,0,0,,,,0.0,0,0,0,0,0,0,0,0,0,0,0,0,0,0.00,0.00,0.00,0.00,0.0,0.0
2026-10-09T02:26:53+00:00,2026-10-08,daily,6,2026-10-10T10:00:00Z,626,Zepa,FUL,MID,44,-1,-1,0.3,2025,2806,36192,19020,a,,,,,,,,0.0,0,0,0,0,0,0,0,0,0,0,0,0,0,0.00,0.00,0.00,0.00,0.0,0.0
2026-10-09T02:26:53+00:00,2026-10-08,daily,6,2026-10-10T10:00:00Z,635,Larsson,FUL,MID,50,0,0,0.0,118,86,863,319,a,,,,,,,,1.0,1,3,37,0,0,0,0,1,0,6,2,1,3,0.13,0.23,0.36,0.88,1.0,1.0
2026-10-09T02:26:53+00:00,2026-10-08,daily,6,2026-10-10T10:00:00Z,636,Ángel,FUL,MID,50,0,0,0.0,39,34,376,176,a,,,,,,,,0.0,0,0,0,0,0,0,0,0,0,0,0,0,0,0.00,0.00,0.00,0.00,0.0,0.0
2026-10-09T02:26:53+00:00,2026-10-08,daily,6,2026-10-10T10:00:00Z,650,Affengruber,FUL,DEF,45,0,0,0.2,21453,4162,24331,4784,a,,,,,,,,6.0,4,12,180,2,0,0,1,1,0,23,20,3,7,0.00,0.02,0.02,2.88,6.0,6.0
2026-10-09T02:26:53+00:00,2026-10-08,daily,6,2026-10-10T10:00:00Z,240,Iroegbunam,HUL,MID,50,0,0,0.0,88,160,1126,1174,a,,2026-08-15T20:00:06.878792Z,100,100,,,,0.5,1,2,70,0,0,0,0,0,0,9,1,3,5,0.12,0.01,0.13,0.60,0.5,0.5
2026-10-09T02:26:53+00:00,2026-10-08,daily,6,2026-10-10T10:00:00Z,273,Phillips,HUL,GKP,40,0,0,1.4,4163,5023,30288,39906,a,,,,,,,,0.0,0,0,0,0,0,0,0,0,0,0,0,0,0,0.00,0.00,0.00,0.00,0.0,0.0
2026-10-09T02:26:53+00:00,2026-10-08,daily,6,2026-10-10T10:00:00Z,274,Butland,HUL,GKP,44,-1,-1,0.1,79,394,648,5007,i,Arm injury - Unknown return date,2026-08-08T19:00:05.601633Z,0,0,,,,0.0,0,0,0,0,0,0,0,0,0,0,0,0,0,0.00,0.00,0.00,0.00,0.0,0.0
2026-10-09T02:26:53+00:00,2026-10-08,daily,6,2026-10-10T10:00:00Z,275,Cartwright,HUL,GKP,40,0,0,0.0,0,35,0,337,u,Has joined Grimsby Town on loan for the rest of the season,2026-07-29T13:00:27.959925Z,0,0,,,,0.0,0,0,0,0,0,0,0,0,0,0,0,0,0,0.00,0.00,0.00,0.00,0.0,0.0
2026-10-09T02:26:53+00:00,2026-10-08,daily,6,2026-10-10T10:00:00Z,276,Lo-Tutala,HUL,GKP,40,0,0,0.0,0,146,0,1140,u,Has joined Colchester United on loan for the rest of the season,2026-08-17T13:50:27.125537Z,0,0,,,,0.0,0,0,0,0,0,0,0,0,0,0,0,0,0,0.00,0.00,0.00,0.00,0.0,0.0
2026-10-09T02:26:53+00:00,2026-10-08,daily,6,2026-10-10T10:00:00Z,277,Egan,HUL,DEF,41,0,1,7.1,47179,39387,770338,226308,a,,,,,,,,1.5,1,26,437,5,0,0,3,4,0,59,50,9,12,0.05,0.00,0.05,7.27,1.5,1.5
2026-10-09T02:26:53+00:00,2026-10-08,daily,6,2026-10-10T10:00:00Z,278,Hughes,HUL,DEF,39,0,-1,0.2,1286,2319,17075,13286,i,Groin injury - Unknown return date,2026-08-02T09:00:11.030017Z,0,0,,,,0.0,0,0,0,0,0,0,0,0,0,0,0,0,0,0.00,0.00,0.00,0.00,0.0,0.0
2026-10-09T02:26:53+00:00,2026-10-08,daily,6,2026-10-10T10:00:00Z,279,Ajayi,HUL,DEF,42,0,2,13.9,58765,74477,1370150,324979,a,,2026-08-22T17:30:07.668197Z,100,100,,,,1.0,1,27,423,5,1,0,3,4,0,27,21,6,16,0.66,0.01,0.67,6.43,1.0,1.0
2026-10-09T02:26:53+00:00,2026-10-08,daily,6,2026-10-10T10:00:00Z,280,Coyle,HUL,DEF,40,0,0,0.7,2650,2742,28222,26550,a,,2026-08-29T16:30:08.151841Z,100,100,,,,1.0,1,14,348,5,0,0,2,4,0,11,8,3,11,0.13,0.07,0.20,6.22,1.0,1.0
2026-10-09T02:26:53+00:00,2026-10-08,daily,6,2026-10-10T10:00:00Z,281,Drameh,HUL,DEF,40,0,0,0.0,0,301,2118,4554,u,Has joined Genoa permanently,2026-09-02T16:09:06.479140Z,0,0,,,,0.0,0,2,65,0,0,0,0,0,0,6,5,1,4,0.05,0.00,0.05,0.87,0.0,0.0
2026-10-09T02:26:53+00:00,2026-10-08,daily,6,2026-10-10T10:00:00Z,282,Giles,HUL,DEF,40,0,0,2.9,27864,18073,284681,70364,a,,,,,,1,3,2.0,0,24,444,5,0,1,3,4,0,24,19,5,14,0.02,0.43,0.45,7.33,2.0,2.0
2026-10-09T02:26:53+00:00,2026-10-08,daily,6,2026-10-10T10:00:00Z,283,Jacob,HUL,DEF,40,0,0,0.0,0,44,114,701,u,Has joined Newport County on loan until January,2026-08-02T09:00:11.038361Z,0,0,,,,0.0,0,0,0,0,0,0,0,0,0,0,0,0,0,0.00,0.00,0.00,0.00,0.0,0.0
2026-10-09T02:26:53+00:00,2026-10-08,daily,6,2026-10-10T10:00:00Z,284,McCarthy,HUL,DEF,40,0,0,0.1,493,561,5027,4713,a,,,,,,,,0.0,0,0,0,0,0,0,0,0,0,0,0,0,0,0.00,0.00,0.00,0.00,0.0,0.0
2026-10-09T02:26:53+00:00,2026-10-08,daily,6,2026-10-10T10:00:00Z,285,McNair,HUL,DEF,40,0,0,0.1,243,521,3196,4830,a,,2026-09-09T13:30:08.327907Z,100,100,,,,0.0,0,1,26,0,0,0,0,0,0,2,2,0,1,0.00,0.00,0.00,0.96,0.0,0.0
2026-10-09T02:26:53+00:00,2026-10-08,daily,6,2026-10-10T10:00:00Z,286,Belloumi,HUL,MID,51,0,1,5.4,107598,35919,537534,95957,a,,,,,,2,2,8.5,4,31,394,5,2,2,3,3,0,44,14,16,14,0.72,0.43,1.15,6.44,8.5,8.5
2026-10-09T02:26:53+00:00,2026-10-08,daily,6,2026-10-10T10:00:00Z,287,Millar,HUL,MID,50,0,0,0.0,0,370,3178,7590,u,Has joined Birmingham on loan for the rest of the season,2026-09-02T15:36:41.038103Z,0,0,,,,0.0,0,6,50,0,1,0,0,0,0,4,2,1,1,0.58,0.00,0.58,0.87,0.0,0.0
2026-10-09T02:26:53+00:00,2026-10-08,daily,6,2026-10-10T10:00:00Z,288,Dowell,HUL,MID,44,-1,-1,0.3,753,2550,12510,22133,a,,,,,,,,0.0,0,0,0,0,0,0,0,0,0,0,0,0,0,0.00,0.00,0.00,0.00,0.0,0.0
2026-10-09T02:26:53+00:00,2026-10-08,daily,6,2026-10-10T10:00:00Z,289,Crooks,HUL,MID,44,-1,-1,0.5,6376,5616,25735,41845,a,,2026-08-29T15:00:08.569326Z,100,100,,,,0.5,0,3,203,3,0,0,1,4,0,21,9,8,4,0.00,0.12,0.12,3.57,0.5,0.5
2026-10-09T02:26:53+00:00,2026-10-08,daily,6,2026-10-10T10:00:00Z,290,Slater,HUL,MID,45,0,0,5.1,20923,50146,503856,291145,a,,,,,,,1,2.0,2,15,437,5,0,1,3,4,0,33,9,9,15,0.21,0.59,0.80,7.27,2.0,2.0
2026-10-09T02:26:53+00:00,2026-10-08,daily,6,2026-10-10T10:00:00Z,291,Matazo,HUL,MID,45,0,0,0.0,34,77,385,515,i,Knee injury - Unknown return date,2026-07-23T12:01:23.532635Z,0,0,,,,0.0,0,0,0,0,0,0,0,0,0,0,0,0,0,0.00,0.00,0.00,0.00,0.0,0.0
2026-10-09T02:26:53+00:00,2026-10-08,daily,6,2026-10-10T10:00:00Z,292,Ömür,HUL,MID,49,0,-1,0.0,91,168,1209,1649,a,,,,,,,,0.0,0,0,0,0,0,0,0,0,0,0,0,0,0,0.00,0.00,0.00,0.00,0.0,0.0
2026-10-09T02:26:53+00:00,2026-10-08,daily,6,2026-10-10T10:00:00Z,293,Kamara,HUL,MID,50,0,0,0.0,0,15,0,377,u,Has joined Portsmouth permanently,2026-08-12T14:08:23.542043Z,0,0,,,,0.0,0,0,0,0,0,0,0,0,0,0,0,0,0,0.00,0.00,0.00,0.00,0.0,0.0
2026-10-09T02:26:53+00:00,2026-10-08,daily,6,2026-10-10T10:00:00Z,294,Zambrano,HUL,MID,45,0,0,0.1,175,594,3904,6923,a,,2026-08-04T18:30:11.016909Z,100,100,,,,0.0,0,0,0,0,0,0,0,0,0,0,0,0,0,0.00,0.00,0.00,0.00,0.0,0.0
2026-10-09T02:26:53+00:00,2026-10-08,daily,6,2026-10-10T10:00:00Z,295,McBurnie,HUL,FWD,55,0,0,1.9,11527,22720,192513,158067,a,,,,,1,,,2.5,1,13,441,5,0,2,3,4,0,21,9,3,9,1.23,0.13,1.36,7.21,2.5,2.5
2026-10-09T02:26:53+00:00,2026-10-08,daily,6,2026-10-10T10:00:00Z,296,Akintola,HUL,MID,50,0,0,0.0,0,328,2704,4941,u,Has joined Omonoia FC permanently,2026-09-11T14:42:38.120231Z,0,0,,,,0.0,0,0,0,0,0,0,0,0,0,0,0,0,0,0.00,0.00,0.00,0.00,0.0,0.0
2026-10-09T02:26:53+00:00,2026-10-08,daily,6,2026-10-10T10:00:00Z,297,Gyabi,HUL,MID,44,-1,-1,0.0,75,170,464,1638,i,Thigh injury - Unknown return date,2026-08-04T18:30:11.027155Z,0,0,,,,0.0,0,0,0,0,0,0,0,0,0,0,0,0,0,0.00,0.00,0.00,0.00,0.0,0.0
2026-10-09T02:26:53+00:00,2026-10-08,daily,6,2026-10-10T10:00:00Z,298,Destan,HUL,FWD,45,0,0,0.2,0,1729,0,22682,u,Has joined Konyaspor permanently,2026-08-17T13:50:27.145733Z,0,0,,,,0.0,0,0,0,0,0,0,0,0,0,0,0,0,0,0.00,0.00,0.00,0.00,0.0,0.0
2026-10-09T02:26:53+00:00,2026-10-08,daily,6,2026-10-10T10:00:00Z,299,Burstow,HUL,FWD,45,0,0,0.0,0,268,0,3118,u,Has joined Sheffield Wednesday on loan for the rest of the season,2026-08-03T14:05:20.234842Z,0,0,,,,0.0,0,0,0,0,0,0,0,0,0,0,0,0,0,0.00,0.00,0.00,0.00,0.0,0.0
2026-10-09T02:26:53+00:00,2026-10-08,daily,6,2026-10-10T10:00:00Z,340,Gelhardt,HUL,MID,50,0,0,0.0,116,137,726,1044,a,,2026-08-17T21:30:07.799839Z,100,100,,,,0.5,1,1,7,0,0,0,0,0,0,1,0,0,1,0.10,0.02,0.12,0.13,0.5,0.5
2026-10-09T02:26:53+00:00,2026-10-08,daily,6,2026-10-10T10:00:00Z,556,Targett,HUL,DEF,40,0,0,1.6,139,13013,24863,90289,d,Ankle injury - 75% chance of playing,2026-09-17T14:00:26.419938Z,75,75,,,,0.0,0,1,5,0,0,0,0,0,0,0,0,0,1,0.00,0.00,0.00,0.07,0.0,0.0
2026-10-09T02:26:53+00:00,2026-10-08,daily,6,2026-10-10T10:00:00Z,563,Morita,HUL,MID,49,-1,-1,0.0,25,222,728,1818,i,Calf injury - Expected back 11 Oct,2026-09-09T14:00:08.474217Z,0,0,,,,0.0,0,1,45,1,0,0,0,0,0,3,2,0,1,0.00,0.00,0.00,1.09,0.0,0.0
2026-10-09T02:26:53+00:00,2026-10-08,daily,6,2026-10-10T10:00:00Z,572,Tzolakis,HUL,GKP,47,1,2,13.0,157262,33999,1028590,229649,a,,,,,,,,4.0,6,34,450,5,0,0,3,4,17,0,2,1,69,0.00,0.00,0.00,7.40,4.0,4.0
2026-10-09T02:26:53+00:00,2026-10-08,daily,6,2026-10-10T10:00:00Z,574,Hjertø-Dahl,HUL,MID,49,0,-1,0.1,84,398,1445,4518,a,,,,,,,,0.0,0,1,8,0,0,0,0,0,0,1,0,0,1,0.00,0.00,0.00,0.00,0.0,0.0
2026-10-09T02:26:53+00:00,2026-10-08,daily,6,2026-10-10T10:00:00Z,576,Stroud,HUL,MID,50,0,0,0.1,175,598,3697,4821,a,,,,,,,,0.5,0,7,249,4,0,0,2,1,0,20,3,5,12,0.06,0.05,0.11,4.32,0.5,0.5
2026-10-09T02:26:53+00:00,2026-10-08,daily,6,2026-10-10T10:00:00Z,585,Herrington,HUL,DEF,40,0,0,0.6,1266,2150,13065,19037,a,,,,,,,,1.0,1,5,197,1,0,0,0,3,0,16,14,2,6,0.02,0.04,0.06,3.36,1.0,1.0
2026-10-09T02:26:53+00:00,2026-10-08,daily,6,2026-10-10T10:00:00Z,586,Mendy,HUL,DEF,41,0,1,6.2,10250,38306,686542,363289,a,,2026-09-12T18:00:09.334142Z,0,100,,,,0.5,0,25,249,4,1,0,2,1,0,39,32,7,6,0.32,0.00,0.32,4.02,0.0,0.5
2026-10-09T02:26:53+00:00,2026-10-08,daily,6,2026-10-10T10:00:00Z,589,Gourna-Douath,HUL,MID,50,0,0,0.0,39,131,708,1366,a,,,,,,,,0.5,1,4,138,1,0,0,1,0,0,17,5,5,7,0.03,0.03,0.06,2.26,0.5,0.5
2026-10-09T02:26:53+00:00,2026-10-08,daily,6,2026-10-10T10:00:00Z,617,Cho,HUL,MID,50,0,0,0.0,430,186,1866,798,a,,,,,,,,3.5,6,9,72,0,1,0,0,1,0,2,1,0,1,0.79,0.36,1.15,0.98,3.5,3.5
2026-10-09T02:26:53+00:00,2026-10-08,daily,6,2026-10-10T10:00:00Z,632,Ansah,HUL,FWD,50,0,0,0.0,86,504,5133,3584,i,Back injury - Unknown return date,2026-09-09T10:00:08.919489Z,0,0,,,,0.0,0,0,0,0,0,0,0,0,0,0,0,0,0,0.00,0.00,0.00,0.00,0.0,0.0
2026-10-09T02:26:53+00:00,2026-10-08,daily,6,2026-10-10T10:00:00Z,637,Vaz,HUL,FWD,50,0,0,0.1,2261,1400,12766,4221,a,,,,,,,,1.0,1,2,20,0,0,0,0,0,0,2,0,0,2,0.00,0.01,0.01,0.31,1.0,1.0
2026-10-09T02:26:53+00:00,2026-10-08,daily,6,2026-10-10T10:00:00Z,638,Norton-Cuffy,HUL,DEF,40,0,0,0.2,473,3022,26089,10848,d,Hamstring injury - 75% chance of playing,2026-09-21T08:30:09.561308Z,,75,,,,0.0,0,1,34,0,0,0,0,0,0,1,1,0,4,0.05,0.00,0.05,0.30,0.0,0.0
2026-10-09T02:26:53+00:00,2026-10-08,daily,6,2026-10-10T10:00:00Z,642,Thomas,HUL,MID,55,0,0,0.0,617,406,3221,1255,a,,,,,,,,1.5,2,4,119,1,0,0,0,3,0,8,0,1,7,0.21,0.11,0.32,2.04,1.5,1.5
2026-10-09T02:26:53+00:00,2026-10-08,daily,6,2026-10-10T10:00:00Z,645,Mouzakitis,HUL,MID,50,0,0,0.0,107,102,799,328,a,,,,,,,,0.0,0,0,0,0,0,0,0,0,0,0,0,0,0,0.00,0.00,0.00,0.00,0.0,0.0
2026-10-09T02:26:53+00:00,2026-10-08,daily,6,2026-10-10T10:00:00Z,259,Diop,IPS,DEF,40,0,0,12.5,10233,78272,139270,530894,a,,,,,,,,2.5,4,12,450,5,0,0,0,11,0,45,41,4,21,0.06,0.16,0.22,8.98,2.5,2.5
2026-10-09T02:26:53+00:00,2026-10-08,daily,6,2026-10-10T10:00:00Z,267,Lukić,IPS,MID,49,-1,-1,0.1,299,719,3527,6672,a,,,,,,,1,1.5,2,11,400,5,0,1,0,10,0,37,17,7,13,0.02,0.41,0.43,7.37,1.5,1.5
2026-10-09T02:26:53+00:00,2026-10-08,daily,6,2026-10-10T10:00:00Z,300,Walton,IPS,GKP,44,0,-1,0.4,2592,1481,4277,15394,a,,,,,,,,1.0,2,2,90,1,0,0,0,1,1,0,2,0,17,0.00,0.01,0.01,2.24,1.0,1.0
2026-10-09T02:26:53+00:00,2026-10-08,daily,6,2026-10-10T10:00:00Z,301,Palmer,IPS,GKP,40,0,0,3.8,6639,16621,77235,117860,a,,,,,,,,0.0,0,0,0,0,0,0,0,0,0,0,0,0,0,0.00,0.00,0.00,0.00,0.0,0.0
2026-10-09T02:26:53+00:00,2026-10-08,daily,6,2026-10-10T10:00:00Z,302,Button,IPS,GKP,40,0,0,0.6,2253,1808,32263,15660,a,,,,,,,,0.0,0,0,0,0,0,0,0,0,0,0,0,0,0,0.00,0.00,0.00,0.00,0.0,0.0
2026-10-09T02:26:53+00:00,2026-10-08,daily,6,2026-10-10T10:00:00Z,303,Kipré,IPS,DEF,39,0,-1,0.9,5647,5458,50268,30205,a,,,,,,,,0.0,0,0,0,0,0,0,0,0,0,0,0,0,0,0.00,0.00,0.00,0.00,0.0,0.0
2026-10-09T02:26:53+00:00,2026-10-08,daily,6,2026-10-10T10:00:00Z,304,O'Shea,IPS,DEF,40,0,0,2.6,2922,19527,66341,132870,a,,,,,,,,1.5,2,10,450,5,0,0,0,11,0,48,41,7,18,0.07,0.26,0.33,8.98,1.5,1.5
2026-10-09T02:26:53+00:00,2026-10-08,daily,6,2026-10-10T10:00:00Z,305,Davis,IPS,DEF,40,0,0,7.2,80668,39078,400871,196694,a,,,,,,2,,8.0,2,25,450,5,2,2,0,11,0,24,22,2,10,1.59,0.46,2.05,8.98,8.0,8.0
2026-10-09T02:26:53+00:00,2026-10-08,daily,6,2026-10-10T10:00:00Z,306,Greaves,IPS,DEF,39,-1,-1,1.1,2289,5208,10025,39949,a,,,,,,,,0.5,0,3,357,4,0,0,0,10,0,30,25,5,12,0.00,0.06,0.06,6.74,0.5,0.5
2026-10-09T02:26:53+00:00,2026-10-08,daily,6,2026-10-10T10:00:00Z,307,Johnson,IPS,DEF,40,0,0,0.1,0,484,1137,6431,u,Has joined Stoke City on loan for the rest of the season,2026-09-04T12:36:56.236331Z,0,0,,,,0.0,0,0,0,0,0,0,0,0,0,0,0,0,0,0.00,0.00,0.00,0.00,0.0,0.0
2026-10-09T02:26:53+00:00,2026-10-08,daily,6,2026-10-10T10:00:00Z,308,Furlong,IPS,DEF,39,0,-1,0.6,7576,3837,20213,20614,a,,,,,,,,0.0,0,1,17,0,0,0,0,1,0,3,2,1,0,0.00,0.00,0.00,0.86,0.0,0.0
2026-10-09T02:26:53+00:00,2026-10-08,daily,6,2026-10-10T10:00:00Z,309,Núñez,IPS,MID,49,0,-1,0.1,112,839,3129,7846,a,,,,,,1,3,0.0,0,6,140,2,0,0,0,4,0,21,8,3,10,0.03,0.05,0.08,3.48,0.0,0.0
2026-10-09T02:26:53+00:00,2026-10-08,daily,6,2026-10-10T10:00:00Z,310,Matusiwa,IPS,MID,49,0,-1,0.0,19,22,130,283,a,,2026-07-29T18:00:10.305484Z,100,100,,,,0.0,0,0,0,0,0,0,0,0,0,0,0,0,0,0.00,0.00,0.00,0.00,0.0,0.0
2026-10-09T02:26:53+00:00,2026-10-08,daily,6,2026-10-10T10:00:00Z,311,Burns,IPS,MID,50,0,0,0.0,0,10,0,349,u,Has joined Leicester City permanently,2026-08-10T14:02:47.597478Z,0,0,,,,0.0,0,0,0,0,0,0,0,0,0,0,0,0,0,0.00,0.00,0.00,0.00,0.0,0.0
2026-10-09T02:26:53+00:00,2026-10-08,daily,6,2026-10-10T10:00:00Z,312,Taylor,IPS,MID,44,-1,-1,0.0,425,355,1001,2736,i,Knee injury - Unknown return date,2026-07-29T18:00:10.319370Z,0,0,,,,0.0,0,0,0,0,0,0,0,0,0,0,0,0,0,0.00,0.00,0.00,0.00,0.0,0.0
2026-10-09T02:26:53+00:00,2026-10-08,daily,6,2026-10-10T10:00:00Z,313,Clarke,IPS,MID,54,0,-1,0.2,289,1225,5640,16019,a,,,,,1,3,4,1.5,2,11,170,2,1,0,0,2,0,10,3,2,5,0.30,0.37,0.67,1.97,1.5,1.5
2026-10-09T02:26:53+00:00,2026-10-08,daily,6,2026-10-10T10:00:00Z,314,Ogbene,IPS,MID,49,0,-1,0.0,0,81,104,1223,u,Has joined Lincoln City on loan until January,2026-09-02T16:04:17.497385Z,0,0,,,,0.0,0,0,0,0,0,0,0,0,0,0,0,0,0,0.00,0.00,0.00,0.00,0.0,0.0
2026-10-09T02:26:53+00:00,2026-10-08,daily,6,2026-10-10T10:00:00Z,315,Fatawu,IPS,MID,54,0,-1,0.2,72,3219,5374,14063,s,Suspended until 17 Oct,2026-09-19T15:30:10.126897Z,,0,,,2,0.0,-1,8,352,5,0,1,0,10,0,28,8,9,11,0.17,1.11,1.28,7.79,0.0,0.0
2026-10-09T02:26:53+00:00,2026-10-08,daily,6,2026-10-10T10:00:00Z,316,Emersonn,IPS,FWD,55,0,0,3.8,55457,28946,339155,148220,a,,2026-08-31T09:30:08.306145Z,100,100,2,,,7.0,2,26,317,5,2,1,0,6,0,10,3,3,4,1.61,0.12,1.73,4.29,7.0,7.0
2026-10-09T02:26:53+00:00,2026-10-08,daily,6,2026-10-10T10:00:00Z,317,Hirst,IPS,FWD,50,0,0,0.1,0,630,0,17260,u,Has joined Stoke City permanently,2026-08-21T13:06:08.606019Z,0,0,,,,0.0,0,0,0,0,0,0,0,0,0,0,0,0,0,0.00,0.00,0.00,0.00,0.0,0.0
2026-10-09T02:26:53+00:00,2026-10-08,daily,6,2026-10-10T10:00:00Z,318,Philogene,IPS,MID,54,0,-1,0.1,46,200,314,9324,a,,2026-08-25T11:30:07.532993Z,100,100,3,,5,1.0,1,2,52,0,0,0,0,1,0,4,0,0,4,0.08,0.01,0.08,0.97,1.0,1.0
2026-10-09T02:26:53+00:00,2026-10-08,daily,6,2026-10-10T10:00:00Z,319,Szmodics,IPS,MID,50,0,0,0.0,0,20,0,767,u,Has joined Derby County on loan for the rest of the season,2026-08-17T13:51:41.713979Z,0,0,,,,0.0,0,0,0,0,0,0,0,0,0,0,0,0,0,0.00,0.00,0.00,0.00,0.0,0.0
2026-10-09T02:26:53+00:00,2026-10-08,daily,6,2026-10-10T10:00:00Z,320,Akpom,IPS,FWD,50,0,0,1.2,5973,11868,131929,76301,a,,,,,,,,0.5,1,7,78,0,1,0,0,4,0,3,0,1,2,1.14,0.00,1.14,4.20,0.5,0.5
2026-10-09T02:26:53+00:00,2026-10-08,daily,6,2026-10-10T10:00:00Z,321,Walle Egeli,IPS,FWD,45,0,0,3.5,25194,34750,337815,219237,a,,,,,,,,0.0,0,1,10,0,0,0,0,0,0,0,0,0,0,0.00,0.00,0.00,0.03,0.0,0.0
2026-10-09T02:26:53+00:00,2026-10-08,daily,6,2026-10-10T10:00:00Z,322,Al-Hamadi,IPS,FWD,50,0,0,0.0,0,476,755,10021,u,Has joined Sheffield Wednesday on loan for the rest of the season,2026-08-27T14:54:10.215357Z,0,0,,,,0.0,0,0,0,0,0,0,0,0,0,0,0,0,0,0.00,0.00,0.00,0.00,0.0,0.0
2026-10-09T02:26:53+00:00,2026-10-08,daily,6,2026-10-10T10:00:00Z,323,McAteer,IPS,MID,44,-1,-1,1.0,2248,8527,28992,64374,a,,,,,,,,0.0,0,3,42,0,0,0,0,0,0,5,0,1,4,0.05,0.00,0.05,0.21,0.0,0.0
2026-10-09T02:26:53+00:00,2026-10-08,daily,6,2026-10-10T10:00:00Z,324,Mehmeti,IPS,MID,48,-1,-2,0.0,87,191,413,2522,a,,,,,,,,0.0,0,0,0,0,0,0,0,0,0,0,0,0,0,0.00,0.00,0.00,0.00,0.0,0.0
2026-10-09T02:26:53+00:00,2026-10-08,daily,6,2026-10-10T10:00:00Z,554,Van Oevelen,IPS,GKP,45,0,0,0.0,0,112,54,1986,u,Has joined Valencia on loan for the rest of the season,2026-08-25T14:04:09.529320Z,0,0,,,,0.0,0,0,0,0,0,0,0,0,0,0,0,0,0,0.00,0.00,0.00,0.00,0.0,0.0
2026-10-09T02:26:53+00:00,2026-10-08,daily,6,2026-10-10T10:00:00Z,562,Maeda,IPS,MID,53,-1,-2,0.2,178,1967,2906,20737,a,,,,,,,,1.0,1,8,259,3,0,0,0,8,0,20,8,8,4,0.71,0.02,0.73,6.05,1.0,1.0
2026-10-09T02:26:53+00:00,2026-10-08,daily,6,2026-10-10T10:00:00Z,564,Scherpen,IPS,GKP,45,0,0,0.6,1036,3512,15603,24089,a,,,,,,,,0.5,0,7,360,4,0,0,0,10,15,0,8,0,39,0.00,0.01,0.01,6.74,0.5,0.5
2026-10-09T02:26:53+00:00,2026-10-08,daily,6,2026-10-10T10:00:00Z,571,Florentino,IPS,MID,48,-1,-2,0.1,140,469,1085,7200,a,,2026-08-25T11:30:07.678802Z,100,100,,,,1.0,1,2,30,0,0,0,0,0,0,2,1,1,0,0.00,0.01,0.01,0.75,1.0,1.0
2026-10-09T02:26:53+00:00,2026-10-08,daily,6,2026-10-10T10:00:00Z,591,Enciso,IPS,MID,55,0,0,0.8,3945,8016,95508,54305,a,,2026-08-22T18:00:07.551930Z,100,100,,,,2.0,2,15,413,5,0,2,0,11,0,31,5,2,24,1.26,0.89,2.15,8.47,2.0,2.0
2026-10-09T02:26:53+00:00,2026-10-08,daily,6,2026-10-10T10:00:00Z,592,Ouattara,IPS,DEF,40,0,0,0.8,935,2656,13720,26792,a,,,,,,,,1.5,2,6,131,1,0,0,0,2,0,11,7,4,14,0.02,0.03,0.05,3.13,1.5,1.5
2026-10-09T02:26:53+00:00,2026-10-08,daily,6,2026-10-10T10:00:00Z,602,Humphreys,IPS,MID,45,0,0,0.0,0,271,2861,3265,u,Has joined Huddersfield Town on loan for the rest of the season,2026-09-02T16:04:17.524642Z,0,0,,,,0.0,0,0,0,0,0,0,0,0,0,0,0,0,0,0.00,0.00,0.00,0.00,0.0,0.0
2026-10-09T02:26:53+00:00,2026-10-08,daily,6,2026-10-10T10:00:00Z,619,Palacios,IPS,MID,50,0,0,0.1,697,1044,9185,3654,a,,,,,,,,3.0,2,11,275,3,0,0,0,7,0,44,12,9,23,0.00,0.09,0.09,5.30,3.0,3.0
2026-10-09T02:26:53+00:00,2026-10-08,daily,6,2026-10-10T10:00:00Z,640,Flemming,IPS,FWD,55,0,0,0.1,1381,1270,9743,3492,a,,,,,,,,2.5,0,6,60,0,1,0,0,1,0,5,1,1,3,0.64,0.01,0.65,0.63,2.5,2.5
2026-10-09T02:26:53+00:00,2026-10-08,daily,6,2026-10-10T10:00:00Z,260,Wilson,LEE,MID,62,0,-3,1.6,93,51327,29064,468029,d,Thigh injury - 75% chance of playing,2026-09-18T13:30:09.626858Z,0,75,,2,2,0.5,0,5,145,1,0,0,1,1,0,11,3,4,4,0.01,0.09,0.10,3.28,0.0,0.4
2026-10-09T02:26:53+00:00,2026-10-08,daily,6,2026-10-10T10:00:00Z,326,Perri,LEE,GKP,45,0,0,0.3,0,1665,532,26865,u,Has joined Torino on loan for the rest of the season,2026-09-01T13:12:39.210133Z,0,0,,,,0.0,0,0,0,0,0,0,0,0,0,0,0,0,0,0.00,0.00,0.00,0.00,0.0,0.0
2026-10-09T02:26:53+00:00,2026-10-08,daily,6,2026-10-10T10:00:00Z,327,Bijol,LEE,DEF,50,0,0,0.7,1006,6747,69308,60362,a,,,,,,,,0.0,0,12,164,2,0,0,1,2,0,21,18,3,7,0.11,0.00,0.11,3.16,0.0,0.0
2026-10-09T02:26:53+00:00,2026-10-08,daily,6,2026-10-10T10:00:00Z,329,Rodon,LEE,DEF,43,-1,-2,0.7,62,11847,26956,299852,i,Hamstring injury - Expected back 21 Nov,2026-08-30T16:00:08.564382Z,0,0,,,,0.0,0,7,123,2,0,0,1,0,0,11,10,1,2,0.03,0.06,0.09,1.01,0.0,0.0
2026-10-09T02:26:53+00:00,2026-10-08,daily,6,2026-10-10T10:00:00Z,330,Bogle,LEE,DEF,46,0,1,7.6,170780,38858,697353,98066,a,,,,,,,,10.0,5,42,365,5,2,0,4,1,0,16,11,5,11,1.38,0.08,1.46,2.89,10.0,10.0
2026-10-09T02:26:53+00:00,2026-10-08,daily,6,2026-10-10T10:00:00Z,331,Gudmundsson,LEE,DEF,45,0,0,0.1,994,498,4592,2928,a,,2026-08-08T20:00:07.546568Z,100,100,,,,6.0,6,14,252,3,0,0,2,1,0,14,5,9,12,0.00,0.21,0.21,3.83,6.0,6.0
2026-10-09T02:26:53+00:00,2026-10-08,daily,6,2026-10-10T10:00:00Z,332,Justin,LEE,DEF,45,0,0,1.4,7443,8668,124715,73581,a,,,,,,,,5.0,8,26,450,5,0,0,2,3,0,44,28,16,14,0.22,0.42,0.64,6.46,5.0,5.0
2026-10-09T02:26:53+00:00,2026-10-08,daily,6,2026-10-10T10:00:00Z,333,Bornauw,LEE,DEF,45,0,0,0.0,0,6,0,300,u,Has joined Hamburg SV on loan for the rest of the season,2026-08-19T13:56:14.645970Z,0,0,,,,0.0,0,0,0,0,0,0,0,0,0,0,0,0,0,0.00,0.00,0.00,0.00,0.0,0.0
2026-10-09T02:26:53+00:00,2026-10-08,daily,6,2026-10-10T10:00:00Z,334,Muharemović,LEE,DEF,50,0,0,4.4,49116,35743,320401,184627,a,,,,,,,,6.5,6,27,450,5,0,1,2,3,0,58,53,5,16,0.49,0.05,0.54,6.46,6.5,6.5
2026-10-09T02:26:53+00:00,2026-10-08,daily,6,2026-10-10T10:00:00Z,335,Stach,LEE,MID,60,0,0,2.4,6635,24848,203978,169581,a,,,,,,1,1,4.0,5,27,447,5,1,0,3,2,0,61,27,13,21,0.97,0.31,1.28,6.17,4.0,4.0
2026-10-09T02:26:53+00:00,2026-10-08,daily,6,2026-10-10T10:00:00Z,336,Okafor,LEE,MID,58,0,-2,0.4,2675,4835,27782,36621,a,,,,,,,,6.0,3,18,299,4,1,0,3,1,0,18,3,7,8,0.17,0.27,0.44,2.37,6.0,6.0
2026-10-09T02:26:53+00:00,2026-10-08,daily,6,2026-10-10T10:00:00Z,337,Aaronson,LEE,MID,53,-1,-2,0.5,276,4349,6839,49078,a,,,,,,4,,1.0,1,7,194,2,0,0,1,3,0,15,1,3,11,0.01,0.02,0.03,3.78,1.0,1.0
2026-10-09T02:26:53+00:00,2026-10-08,daily,6,2026-10-10T10:00:00Z,338,Ampadu,LEE,MID,54,0,-1,0.9,2546,6984,18979,62663,a,,,,,,,,6.0,5,21,450,5,0,1,2,3,0,60,24,12,24,0.08,0.26,0.34,6.46,6.0,6.0
2026-10-09T02:26:53+00:00,2026-10-08,daily,6,2026-10-10T10:00:00Z,339,Longstaff,LEE,MID,48,-1,-2,0.1,200,807,2573,8291,a,,,,,,3,3,0.5,0,2,10,0,0,0,0,1,0,0,0,0,0,0.00,0.00,0.00,0.35,0.5,0.5
2026-10-09T02:26:53+00:00,2026-10-08,daily,6,2026-10-10T10:00:00Z,341,Gnonto,LEE,MID,50,0,0,0.0,0,72,244,1830,u,Has joined ACF Fiorentina on loan for the rest of the season,2026-09-02T16:04:47.189648Z,0,0,,,,0.0,0,0,0,0,0,0,0,0,0,0,0,0,0,0.00,0.00,0.00,0.00,0.0,0.0
2026-10-09T02:26:53+00:00,2026-10-08,daily,6,2026-10-10T10:00:00Z,342,Harrison,LEE,MID,50,0,0,0.0,0,5,0,79,u,Has joined New England Revolution permanently,2026-07-28T12:59:09.492431Z,0,0,,,,0.0,0,0,0,0,0,0,0,0,0,0,0,0,0,0.00,0.00,0.00,0.00,0.0,0.0
2026-10-09T02:26:53+00:00,2026-10-08,daily,6,2026-10-10T10:00:00Z,343,James,LEE,MID,49,0,-1,0.1,245,798,4214,8248,i,Back injury - Expected back 18 Oct,2026-10-08T14:00:11.803126Z,,0,,,,1.0,1,3,52,0,0,0,0,1,0,5,1,0,4,0.35,0.01,0.36,1.61,1.0,0.0
2026-10-09T02:26:53+00:00,2026-10-08,daily,6,2026-10-10T10:00:00Z,344,Gruev,LEE,MID,50,0,0,0.0,55,24,134,319,a,,2026-08-14T23:00:06.272027Z,100,100,,,,0.0,0,0,0,0,0,0,0,0,0,0,0,0,0,0.00,0.00,0.00,0.00,0.0,0.0
2026-10-09T02:26:53+00:00,2026-10-08,daily,6,2026-10-10T10:00:00Z,345,Tanaka,LEE,MID,49,0,-1,0.3,2929,3033,23447,18268,a,,,,,,,4,4.0,2,14,255,3,0,2,2,1,0,29,11,8,10,0.73,0.05,0.78,3.24,4.0,4.0
2026-10-09T02:26:53+00:00,2026-10-08,daily,6,2026-10-10T10:00:00Z,346,Calvert-Lewin,LEE,FWD,60,0,0,24.4,126343,237039,1042972,1389981,a,,,,,1,,,6.0,2,22,419,5,2,1,3,2,0,22,9,0,13,3.00,0.08,3.08,4.85,6.0,6.0
2026-10-09T02:26:53+00:00,2026-10-08,daily,6,2026-10-10T10:00:00Z,347,Nmecha,LEE,FWD,54,0,-1,0.5,2569,4587,22763,38008,a,,,,,2,,,1.0,1,7,64,0,0,1,0,1,0,4,0,1,3,0.27,0.15,0.42,2.90,1.0,1.0
2026-10-09T02:26:53+00:00,2026-10-08,daily,6,2026-10-10T10:00:00Z,348,Piroe,LEE,FWD,50,0,0,0.1,0,530,0,11325,u,Has joined West Ham United on loan for the rest of the season,2026-08-19T13:56:14.666726Z,0,0,3,,,0.0,0,0,0,0,0,0,0,0,0,0,0,0,0,0.00,0.00,0.00,0.00,0.0,0.0
2026-10-09T02:26:53+00:00,2026-10-08,daily,6,2026-10-10T10:00:00Z,349,Mateo Joseph,LEE,FWD,45,0,0,0.1,421,605,3207,4579,i,Knee injury - Unknown return date,2026-07-29T18:00:10.338170Z,0,0,,,,0.0,0,0,0,0,0,0,0,0,0,0,0,0,0,0.00,0.00,0.00,0.00,0.0,0.0
2026-10-09T02:26:53+00:00,2026-10-08,daily,6,2026-10-10T10:00:00Z,385,Trafford,LEE,GKP,50,0,0,5.5,31397,21177,273368,165522,a,,,,,,,,6.5,10,28,450,5,0,0,2,3,20,0,6,0,55,0.00,0.00,0.00,6.46,6.5,6.5
2026-10-09T02:26:53+00:00,2026-10-08,daily,6,2026-10-10T10:00:00Z,598,Elvedi,LEE,DEF,45,0,0,0.1,369,329,5484,2888,a,,,,,,,,4.0,6,13,326,3,0,0,1,3,0,29,27,2,8,0.12,0.58,0.70,5.45,4.0,4.0
2026-10-09T02:26:53+00:00,2026-10-08,daily,6,2026-10-10T10:00:00Z,603,Lienou,LEE,DEF,40,0,0,0.1,287,593,6960,4060,a,,,,,,,,0.0,0,0,0,0,0,0,0,0,0,0,0,0,0,0.00,0.00,0.00,0.00,0.0,0.0
2026-10-09T02:26:53+00:00,2026-10-08,daily,6,2026-10-10T10:00:00Z,604,Cresswell,LEE,MID,45,0,0,0.1,390,1028,14146,8056,a,,,,,,,,0.0,0,0,0,0,0,0,0,0,0,0,0,0,0,0.00,0.00,0.00,0.00,0.0,0.0
2026-10-09T02:26:53+00:00,2026-10-08,daily,6,2026-10-10T10:00:00Z,625,Cairns,LEE,GKP,40,0,0,0.2,1053,918,20012,6076,a,,,,,,,,0.0,0,0,0,0,0,0,0,0,0,0,0,0,0,0.00,0.00,0.00,0.00,0.0,0.0
2026-10-09T02:26:53+00:00,2026-10-08,daily,6,2026-10-10T10:00:00Z,629,Zetterer,LEE,GKP,40,0,0,0.7,3878,3229,59318,14604,a,,,,,,,,0.0,0,0,0,0,0,0,0,0,0,0,0,0,0,0.00,0.00,0.00,0.00,0.0,0.0
2026-10-09T02:26:53+00:00,2026-10-08,daily,6,2026-10-10T10:00:00Z,641,Bard,LEE,DEF,45,0,0,0.0,118,95,980,371,a,,,,,,,,0.5,0,1,18,0,0,0,0,1,0,2,1,1,2,0.00,0.00,0.00,0.30,0.5,0.5
2026-10-09T02:26:53+00:00,2026-10-08,daily,6,2026-10-10T10:00:00Z,648,Bahoya,LEE,MID,50,0,0,0.0,128,219,2260,1187,d,Ankle injury - 75% chance of playing,2026-10-08T14:00:12.276121Z,,75,,,,0.5,1,1,1,0,0,0,0,0,0,0,0,0,0,0.00,0.00,0.00,0.00,0.5,0.4
2026-10-09T02:26:53+00:00,2026-10-08,daily,6,2026-10-10T10:00:00Z,350,A.Becker,LIV,GKP,55,0,0,4.2,18760,15823,152078,149347,a,,,,,,,,8.5,8,27,450,5,0,0,3,4,14,0,10,0,47,0.00,0.00,0.00,6.12,8.5,8.5
2026-10-09T02:26:53+00:00,2026-10-08,daily,6,2026-10-10T10:00:00Z,351,Mamardashvili,LIV,GKP,48,-1,-2,0.1,308,722,2920,8740,a,,,,,,,,0.0,0,0,0,0,0,0,0,0,0,0,0,0,0,0.00,0.00,0.00,0.00,0.0,0.0
2026-10-09T02:26:53+00:00,2026-10-08,daily,6,2026-10-10T10:00:00Z,352,Woodman,LIV,GKP,40,0,0,1.0,1036,2966,18530,27824,a,,,,,,,,0.0,0,0,0,0,0,0,0,0,0,0,0,0,0,0.00,0.00,0.00,0.00,0.0,0.0
2026-10-09T02:26:53+00:00,2026-10-08,daily,6,2026-10-10T10:00:00Z,353,Pecsi,LIV,GKP,40,0,0,0.0,0,81,0,1108,u,Has joined TSV Hartberg on loan for the rest of the season,2026-08-18T14:11:18.638344Z,0,0,,,,0.0,0,0,0,0,0,0,0,0,0,0,0,0,0,0.00,0.00,0.00,0.00,0.0,0.0
2026-10-09T02:26:53+00:00,2026-10-08,daily,6,2026-10-10T10:00:00Z,354,Jaros,LIV,GKP,40,0,0,0.0,258,195,1805,1281,i,Knee injury - Unknown return date,2026-07-29T18:00:10.351066Z,0,0,,,,0.0,0,0,0,0,0,0,0,0,0,0,0,0,0,0.00,0.00,0.00,0.00,0.0,0.0
2026-10-09T02:26:53+00:00,2026-10-08,daily,6,2026-10-10T10:00:00Z,355,Davies,LIV,GKP,40,0,0,0.2,378,550,4830,4330,a,,,,,,,,0.0,0,0,0,0,0,0,0,0,0,0,0,0,0,0.00,0.00,0.00,0.00,0.0,0.0
2026-10-09T02:26:53+00:00,2026-10-08,daily,6,2026-10-10T10:00:00Z,356,Virgil,LIV,DEF,65,0,0,16.2,31793,58045,288809,630678,a,,,,,,,,8.0,8,25,450,5,0,0,3,4,0,48,43,5,18,0.25,0.08,0.33,6.12,8.0,8.0
2026-10-09T02:26:53+00:00,2026-10-08,daily,6,2026-10-10T10:00:00Z,357,Frimpong,LIV,DEF,53,0,-2,1.7,1984,15567,59327,248952,a,,,,,,,,0.5,0,2,178,2,0,0,0,4,0,12,8,4,7,0.01,0.23,0.24,3.91,0.5,0.5
2026-10-09T02:26:53+00:00,2026-10-08,daily,6,2026-10-10T10:00:00Z,358,Kerkez,LIV,DEF,53,-1,-2,2.2,3340,14191,48357,191563,a,,,,,,,,3.5,6,13,385,4,0,0,2,4,0,30,22,8,10,0.07,0.08,0.15,5.65,3.5,3.5
2026-10-09T02:26:53+00:00,2026-10-08,daily,6,2026-10-10T10:00:00Z,359,Gomez,LIV,DEF,49,0,-1,0.0,402,137,822,1201,a,,2026-07-26T08:30:10.078473Z,100,100,,,,0.0,0,0,0,0,0,0,0,0,0,0,0,0,0,0.00,0.00,0.00,0.00,0.0,0.0
2026-10-09T02:26:53+00:00,2026-10-08,daily,6,2026-10-10T10:00:00Z,360,Bradley,LIV,DEF,50,0,0,0.0,73,100,390,812,i,Knee injury - Unknown return date,2026-07-23T12:01:23.565711Z,0,0,,,,0.0,0,0,0,0,0,0,0,0,0,0,0,0,0,0.00,0.00,0.00,0.00,0.0,0.0
2026-10-09T02:26:53+00:00,2026-10-08,daily,6,2026-10-10T10:00:00Z,361,Lucky,LIV,DEF,40,0,0,0.1,341,682,3918,5907,a,,,,,,,,0.0,0,0,0,0,0,0,0,0,0,0,0,0,0,0.00,0.00,0.00,0.00,0.0,0.0
2026-10-09T02:26:53+00:00,2026-10-08,daily,6,2026-10-10T10:00:00Z,362,Jacquet,LIV,DEF,50,0,0,3.4,41499,25897,239381,135930,d,Hamstring injury - 75% chance of playing,2026-10-06T00:30:10.323830Z,100,75,,,,7.5,6,24,415,5,0,0,3,4,0,36,25,11,21,0.00,0.14,0.14,5.51,7.5,5.6
2026-10-09T02:26:53+00:00,2026-10-08,daily,6,2026-10-10T10:00:00Z,363,Leoni,LIV,DEF,40,0,0,0.0,80,231,881,2162,i,Knee injury - Unknown return date,2026-07-23T12:01:23.596909Z,0,0,,,,0.0,0,0,0,0,0,0,0,0,0,0,0,0,0,0.00,0.00,0.00,0.00,0.0,0.0
2026-10-09T02:26:53+00:00,2026-10-08,daily,6,2026-10-10T10:00:00Z,364,Tsimikas,LIV,DEF,49,0,-1,0.1,126,456,1613,4482,a,,,,,,,4,0.5,0,2,64,1,0,0,0,0,0,3,2,1,3,0.04,0.02,0.06,0.47,0.5,0.5
2026-10-09T02:26:53+00:00,2026-10-08,daily,6,2026-10-10T10:00:00Z,365,Ramsay,LIV,DEF,40,0,0,0.1,0,607,638,12836,u,Has joined St Mirren on loan for the rest of the season,2026-08-26T14:05:26.748768Z,0,0,,,,0.0,0,0,0,0,0,0,0,0,0,0,0,0,0,0.00,0.00,0.00,0.00,0.0,0.0
2026-10-09T02:26:53+00:00,2026-10-08,daily,6,2026-10-10T10:00:00Z,366,Wirtz,LIV,MID,73,0,-2,5.6,7642,54488,137910,777885,a,,,,,4,2,2,4.5,6,18,402,5,0,2,3,4,0,36,3,8,25,1.00,0.40,1.40,4.82,4.5,4.5
2026-10-09T02:26:53+00:00,2026-10-08,daily,6,2026-10-10T10:00:00Z,367,Gakpo,LIV,MID,72,0,2,11.7,54115,154429,1340527,782026,d,Ankle injury - 75% chance of playing,2026-09-27T21:30:07.786183Z,100,75,3,,3,2.0,3,32,370,4,1,3,2,4,0,32,9,8,15,0.64,1.71,2.35,5.51,2.0,1.5
2026-10-09T02:26:53+00:00,2026-10-08,daily,6,2026-10-10T10:00:00Z,368,Szoboszlai,LIV,MID,69,-1,-1,32.0,48717,292421,941076,1760579,a,,,,,1,1,1,2.5,2,20,440,5,1,0,3,4,0,41,13,6,22,1.42,0.82,2.24,5.99,2.5,2.5
2026-10-09T02:26:53+00:00,2026-10-08,daily,6,2026-10-10T10:00:00Z,369,Ngumoha,LIV,MID,57,-1,-3,0.5,1027,5139,14805,90165,a,,,,,,,,0.5,0,4,99,1,0,0,0,2,0,4,1,1,2,0.15,0.05,0.20,0.68,0.5,0.5
2026-10-09T02:26:53+00:00,2026-10-08,daily,6,2026-10-10T10:00:00Z,370,Chiesa,LIV,MID,53,-1,-2,0.0,20,288,685,10121,i,Back injury - Unknown return date,2026-08-27T13:30:07.598926Z,0,0,,,,0.0,0,0,0,0,0,0,0,0,0,0,0,0,0,0.00,0.00,0.00,0.00,0.0,0.0
2026-10-09T02:26:53+00:00,2026-10-08,daily,6,2026-10-10T10:00:00Z,371,Gravenberch,LIV,MID,58,-1,-2,1.1,1573,10702,36111,132055,a,,,,,,,,1.0,1,9,190,2,0,1,0,2,0,25,10,4,11,0.10,0.08,0.18,2.02,1.0,1.0
2026-10-09T02:26:53+00:00,2026-10-08,daily,6,2026-10-10T10:00:00Z,372,Mac Allister,LIV,MID,54,0,-1,1.3,4779,8611,46399,98325,a,,,,,5,,,3.0,5,11,306,3,0,0,2,2,0,41,11,11,19,0.10,0.49,0.59,4.85,3.0,3.0
2026-10-09T02:26:53+00:00,2026-10-08,daily,6,2026-10-10T10:00:00Z,373,C.Jones,LIV,MID,55,0,0,0.0,0,78,34,2665,u,Has joined Internazionale permanently,2026-08-16T18:30:07.426408Z,0,0,,,,0.0,0,0,0,0,0,0,0,0,0,0,0,0,0,0.00,0.00,0.00,0.00,0.0,0.0
2026-10-09T02:26:53+00:00,2026-10-08,daily,6,2026-10-10T10:00:00Z,374,Endo,LIV,MID,49,0,-1,0.1,183,496,2346,4862,a,,2026-07-23T12:01:23.612529Z,100,100,,,,0.0,0,0,0,0,0,0,0,0,0,0,0,0,0,0.00,0.00,0.00,0.00,0.0,0.0
2026-10-09T02:26:53+00:00,2026-10-08,daily,6,2026-10-10T10:00:00Z,375,Nyoni,LIV,MID,49,0,-1,0.0,108,357,1365,3102,a,,,,,,,,0.5,1,3,38,0,0,0,0,0,0,10,6,2,2,0.00,0.00,0.00,0.36,0.5,0.5
2026-10-09T02:26:53+00:00,2026-10-08,daily,6,2026-10-10T10:00:00Z,376,Bajcetic,LIV,MID,50,0,0,0.0,0,4,19,108,u,Has joined Celta Vigo permanently,2026-07-23T12:01:23.628373Z,0,0,,,,0.0,0,0,0,0,0,0,0,0,0,0,0,0,0,0.00,0.00,0.00,0.00,0.0,0.0
2026-10-09T02:26:53+00:00,2026-10-08,daily,6,2026-10-10T10:00:00Z,377,Munoz,LIV,MID,65,0,0,0.9,2079,14033,118062,104375,a,,,,,,,,1.0,1,15,257,3,1,1,1,2,0,16,5,3,8,0.52,0.31,0.83,4.63,1.0,1.0
2026-10-09T02:26:53+00:00,2026-10-08,daily,6,2026-10-10T10:00:00Z,378,McConnell,LIV,MID,44,0,-1,0.2,1167,1788,7042,13245,a,,,,,,,,0.0,0,0,0,0,0,0,0,0,0,0,0,0,0,0.00,0.00,0.00,0.00,0.0,0.0
2026-10-09T02:26:53+00:00,2026-10-08,daily,6,2026-10-10T10:00:00Z,379,Isak,LIV,FWD,91,0,1,21.5,128051,165441,1255213,825410,d,Thigh injury - 75% chance of playing,2026-09-27T10:30:09.051435Z,,75,2,,,5.0,8,33,413,5,4,0,3,4,0,7,3,1,3,3.54,0.08,3.62,5.82,5.0,3.8
2026-10-09T02:26:53+00:00,2026-10-08,daily,6,2026-10-10T10:00:00Z,380,Ekitiké,LIV,FWD,74,0,-1,0.1,487,982,2759,11445,i,Achilles injury - Unknown return date,2026-07-23T12:01:23.643771Z,0,0,,,,0.0,0,0,0,0,0,0,0,0,0,0,0,0,0,0.00,0.00,0.00,0.00,0.0,0.0
2026-10-09T02:26:53+00:00,2026-10-08,daily,6,2026-10-10T10:00:00Z,381,Koumas,LIV,MID,50,0,0,0.0,229,233,908,1434,a,,,,,,,,0.5,1,3,22,0,0,0,0,0,0,1,0,0,1,0.28,0.00,0.28,0.72,0.5,0.5
2026-10-09T02:26:53+00:00,2026-10-08,daily,6,2026-10-10T10:00:00Z,382,Danns,LIV,FWD,45,0,0,0.2,4313,2900,24120,10179,a,,2026-07-23T12:01:23.659279Z,100,100,,,,0.0,0,0,0,0,0,0,0,0,0,0,0,0,0,0.00,0.00,0.00,0.00,0.0,0.0
2026-10-09T02:26:53+00:00,2026-10-08,daily,6,2026-10-10T10:00:00Z,383,Elliott,LIV,MID,54,0,-1,0.0,0,270,907,6190,u,Has joined Valencia on loan for the rest of the season,2026-09-02T16:05:49.104326Z,0,0,,,,0.0,0,0,0,0,0,0,0,0,0,0,0,0,0,0.00,0.00,0.00,0.00,0.0,0.0
2026-10-09T02:26:53+00:00,2026-10-08,daily,6,2026-10-10T10:00:00Z,579,Araujo,LIV,DEF,54,0,-1,3.1,23122,13292,155038,162981,a,,,,,,,,6.5,7,22,284,3,0,0,3,0,0,24,19,5,15,0.00,0.06,0.06,2.75,6.5,6.5
2026-10-09T02:26:53+00:00,2026-10-08,daily,6,2026-10-10T10:00:00Z,627,Barcola,LIV,MID,80,0,0,1.9,18776,23836,296238,135082,a,,,,,,,,3.0,3,7,168,2,0,0,2,0,0,8,0,3,5,0.26,0.13,0.39,1.43,3.0,3.0
2026-10-09T02:26:53+00:00,2026-10-08,daily,6,2026-10-10T10:00:00Z,155,Enzo,MCI,MID,69,0,-1,3.7,39827,19915,181494,326824,a,,,,,,3,4,4.5,7,13,271,3,1,0,2,3,0,21,6,3,12,0.35,0.53,0.88,5.35,4.5,4.5
2026-10-09T02:26:53+00:00,2026-10-08,daily,6,2026-10-10T10:00:00Z,237,Ndiaye,MCI,MID,58,-1,-2,6.5,9652,89123,300521,1157126,a,,,,,,,,3.0,5,22,385,4,0,2,2,4,0,44,10,8,26,0.38,0.58,0.96,9.42,3.0,3.0
2026-10-09T02:26:53+00:00,2026-10-08,daily,6,2026-10-10T10:00:00Z,384,Donnarumma,MCI,GKP,55,0,0,7.5,13144,39632,209335,325548,a,,,,,,,,4.5,2,19,450,5,0,0,2,5,14,0,4,0,32,0.00,0.00,0.00,7.25,4.5,4.5
2026-10-09T02:26:53+00:00,2026-10-08,daily,6,2026-10-10T10:00:00Z,386,Bettinelli,MCI,GKP,45,0,0,0.0,73,105,588,1141,a,,,,,,,,0.0,0,0,0,0,0,0,0,0,0,0,0,0,0,0.00,0.00,0.00,0.00,0.0,0.0
2026-10-09T02:26:53+00:00,2026-10-08,daily,6,2026-10-10T10:00:00Z,387,O'Reilly,MCI,DEF,63,-1,-2,10.5,5534,106810,192878,1243321,d,Unspecified injury - 75% chance of playing,2026-10-01T15:30:10.272693Z,100,75,,,,1.0,1,6,163,2,0,0,0,2,0,5,2,3,9,0.87,0.43,1.30,2.10,1.0,0.8
2026-10-09T02:26:53+00:00,2026-10-08,daily,6,2026-10-10T10:00:00Z,388,Guéhi,MCI,DEF,60,0,0,18.0,30290,68820,512210,480796,a,,,,,,,,5.0,4,30,450,5,1,1,2,5,0,29,26,3,19,0.95,0.39,1.34,7.25,5.0,5.0
2026-10-09T02:26:53+00:00,2026-10-08,daily,6,2026-10-10T10:00:00Z,389,Matheus N.,MCI,DEF,59,0,-1,1.0,2207,3718,15362,74859,a,,2026-08-27T11:30:08.171622Z,100,100,4,,,5.0,1,11,213,2,0,0,1,3,0,21,18,3,10,0.00,0.06,0.06,4.67,5.0,5.0
2026-10-09T02:26:53+00:00,2026-10-08,daily,6,2026-10-10T10:00:00Z,390,Rúben,MCI,DEF,55,0,0,1.9,5886,11363,68474,76165,a,,,,,,,,3.5,1,17,450,5,0,0,2,5,0,26,25,1,16,0.29,0.74,1.03,7.25,3.5,3.5
2026-10-09T02:26:53+00:00,2026-10-08,daily,6,2026-10-10T10:00:00Z,391,Gvardiol,MCI,DEF,57,0,2,27.0,193184,82894,1875216,443110,a,,,,,,,,7.5,4,37,434,5,1,3,2,5,0,31,20,11,21,0.22,0.74,0.96,7.25,7.5,7.5
2026-10-09T02:26:53+00:00,2026-10-08,daily,6,2026-10-10T10:00:00Z,392,Aït-Nouri,MCI,DEF,52,-1,-3,0.4,629,2641,7981,62050,a,,,,,,,,0.0,0,0,0,0,0,0,0,0,0,0,0,0,0,0.00,0.00,0.00,0.00,0.0,0.0
2026-10-09T02:26:53+00:00,2026-10-08,daily,6,2026-10-10T10:00:00Z,393,Khusanov,MCI,DEF,54,0,-1,1.3,1706,10639,27142,82285,a,,,,,,,,0.0,0,9,268,3,0,0,1,2,0,17,9,8,13,0.00,0.06,0.06,2.68,0.0,0.0
2026-10-09T02:26:53+00:00,2026-10-08,daily,6,2026-10-10T10:00:00Z,394,Alleyne,MCI,DEF,50,0,0,0.0,0,22,0,620,u,Has joined Burnley on loan for the rest of the season,2026-08-18T14:11:56.324656Z,0,0,,,,0.0,0,0,0,0,0,0,0,0,0,0,0,0,0,0.00,0.00,0.00,0.00,0.0,0.0
2026-10-09T02:26:53+00:00,2026-10-08,daily,6,2026-10-10T10:00:00Z,395,Lewis,MCI,DEF,44,0,-1,0.2,399,1448,8355,16514,a,,,,,,,,0.0,0,1,56,1,0,0,0,1,0,2,2,0,0,0.17,0.02,0.19,0.55,0.0,0.0
2026-10-09T02:26:53+00:00,2026-10-08,daily,6,2026-10-10T10:00:00Z,396,Vitor Reis,MCI,DEF,45,0,0,0.0,90,179,570,1202,a,,,,,,,,0.0,0,1,1,0,0,0,0,0,0,0,0,0,0,0.00,0.00,0.00,0.00,0.0,0.0
2026-10-09T02:26:53+00:00,2026-10-08,daily,6,2026-10-10T10:00:00Z,397,Semenyo,MCI,MID,84,0,-1,14.7,134830,129187,325733,1271887,d,Ankle injury - 75% chance of playing,2026-09-24T12:00:09.848000Z,,75,2,,,10.0,17,33,450,5,2,3,2,5,0,22,2,6,14,0.33,1.16,1.49,7.25,10.0,7.5
2026-10-09T02:26:53+00:00,2026-10-08,daily,6,2026-10-10T10:00:00Z,398,Foden,MCI,MID,69,0,-1,1.7,253,35711,303499,573433,s,Suspended until 17 Oct,2026-09-13T17:00:09.433455Z,0,0,,2,2,-1.0,0,9,217,3,0,2,0,2,0,14,2,4,8,1.61,0.88,2.49,1.91,0.0,0.0
2026-10-09T02:26:53+00:00,2026-10-08,daily,6,2026-10-10T10:00:00Z,399,Cherki,MCI,MID,78,0,3,28.5,175219,126535,2722380,993480,a,,,,,,1,1,4.5,8,34,302,4,3,2,1,4,0,12,3,0,9,0.72,1.54,2.26,5.00,4.5,4.5
2026-10-09T02:26:53+00:00,2026-10-08,daily,6,2026-10-10T10:00:00Z,400,Doku,MCI,MID,74,0,-1,0.7,6461,2692,7928,128778,a,,2026-08-18T17:00:08.385597Z,75,100,3,,,0.5,1,1,15,0,0,0,0,0,0,2,1,0,1,0.23,0.32,0.55,0.42,0.4,0.5
2026-10-09T02:26:53+00:00,2026-10-08,daily,6,2026-10-10T10:00:00Z,402,Rodrigo,MCI,MID,65,0,0,0.0,0,30,0,1234,u,Has joined Barcelona permanently,2026-07-23T12:01:23.675537Z,0,0,,,,0.0,0,0,0,0,0,0,0,0,0,0,0,0,0,0.00,0.00,0.00,0.00,0.0,0.0
2026-10-09T02:26:53+00:00,2026-10-08,daily,6,2026-10-10T10:00:00Z,404,Reijnders,MCI,MID,60,0,0,0.0,0,114,0,8199,u,Has joined Al Qadsiah permanently,2026-08-20T14:02:58.154273Z,0,0,,,,0.0,0,0,0,0,0,0,0,0,0,0,0,0,0,0.00,0.00,0.00,0.00,0.0,0.0
2026-10-09T02:26:53+00:00,2026-10-08,daily,6,2026-10-10T10:00:00Z,406,Kovačić,MCI,MID,53,-1,-2,0.1,138,539,2280,6368,a,,,,,,,,0.0,0,2,42,0,0,0,0,0,0,2,0,0,2,0.00,0.02,0.02,0.10,0.0,0.0
2026-10-09T02:26:53+00:00,2026-10-08,daily,6,2026-10-10T10:00:00Z,407,Echeverri,MCI,MID,49,0,-1,0.0,0,61,250,1350,u,Has joined Benfica on loan for the rest of the season,2026-09-03T15:41:24.710479Z,0,0,,,,0.0,0,0,0,0,0,0,0,0,0,0,0,0,0,0.00,0.00,0.00,0.00,0.0,0.0
2026-10-09T02:26:53+00:00,2026-10-08,daily,6,2026-10-10T10:00:00Z,408,Phillips,MCI,MID,50,0,0,0.0,0,18,0,577,u,Has joined Sheffield United on loan for the rest of the season,2026-08-18T14:11:56.348781Z,0,0,,,,0.0,0,0,0,0,0,0,0,0,0,0,0,0,0,0.00,0.00,0.00,0.00,0.0,0.0
2026-10-09T02:26:53+00:00,2026-10-08,daily,6,2026-10-10T10:00:00Z,409,Mukasa,MCI,MID,45,0,0,0.1,0,752,1621,12319,u,has joined West Ham on loan for the rest of the seaon.,2026-09-03T10:34:10.733520Z,0,0,,,,0.0,0,0,0,0,0,0,0,0,0,0,0,0,0,0.00,0.00,0.00,0.00,0.0,0.0
2026-10-09T02:26:53+00:00,2026-10-08,daily,6,2026-10-10T10:00:00Z,410,Monga,MCI,MID,49,0,-1,0.0,0,63,219,1283,u,Has joined Swansea City on loan for the rest of the season,2026-09-02T16:02:01.136760Z,0,0,,,,0.0,0,0,0,0,0,0,0,0,0,0,0,0,0,0.00,0.00,0.00,0.00,0.0,0.0
2026-10-09T02:26:53+00:00,2026-10-08,daily,6,2026-10-10T10:00:00Z,411,Haaland,MCI,FWD,156,0,1,74.0,107491,33101,952768,334759,a,,,,,1,,,7.5,6,39,450,5,5,0,2,5,0,20,10,0,10,4.42,0.53,4.95,7.25,7.5,7.5
2026-10-09T02:26:53+00:00,2026-10-08,daily,6,2026-10-10T10:00:00Z,481,Anderson,MCI,MID,63,0,-2,3.9,10418,35415,107857,453255,a,,2026-08-23T17:00:07.952697Z,100,100,,,3,3.5,2,15,413,5,0,0,2,5,0,54,18,13,23,0.11,0.67,0.78,7.15,3.5,3.5
2026-10-09T02:26:53+00:00,2026-10-08,daily,6,2026-10-10T10:00:00Z,587,Rulli,MCI,GKP,50,0,0,0.0,89,121,621,1132,a,,,,,,,,0.0,0,0,0,0,0,0,0,0,0,0,0,0,0,0.00,0.00,0.00,0.00,0.0,0.0
2026-10-09T02:26:53+00:00,2026-10-08,daily,6,2026-10-10T10:00:00Z,616,Bouaddi,MCI,MID,55,0,0,0.2,964,2406,21163,13845,a,,,,,,,,0.0,0,2,22,0,0,0,0,0,0,6,3,0,3,0.00,0.12,0.12,0.37,0.0,0.0
2026-10-09T02:26:53+00:00,2026-10-08,daily,6,2026-10-10T10:00:00Z,621,McAidoo,MCI,MID,44,-1,-1,0.1,326,1269,11495,7292,a,,,,,,,,0.0,0,2,11,0,0,0,0,0,0,4,0,2,2,0.10,0.00,0.10,0.02,0.0,0.0
2026-10-09T02:26:53+00:00,2026-10-08,daily,6,2026-10-10T10:00:00Z,622,Braithwaite,MCI,DEF,40,0,0,0.2,674,1815,16881,9366,a,,,,,,,,0.0,0,1,1,0,0,0,0,0,0,0,0,0,1,0.00,0.00,0.00,0.00,0.0,0.0
2026-10-09T02:26:53+00:00,2026-10-08,daily,6,2026-10-10T10:00:00Z,628,Allan,MCI,MID,60,0,0,0.0,254,196,1217,717,a,,,,,,,,0.0,0,0,0,0,0,0,0,0,0,0,0,0,0,0.00,0.00,0.00,0.00,0.0,0.0
2026-10-09T02:26:53+00:00,2026-10-08,daily,6,2026-10-10T10:00:00Z,653,Samba,MCI,MID,45,0,0,0.0,279,542,3928,2225,a,,,,,,,,0.0,0,0,0,0,0,0,0,0,0,0,0,0,0,0.00,0.00,0.00,0.00,0.0,0.0
2026-10-09T02:26:53+00:00,2026-10-08,daily,6,2026-10-10T10:00:00Z,43,Tielemans,MUN,MID,58,0,-2,1.5,4086,13047,45533,163671,a,,2026-07-23T12:01:23.321726Z,100,100,3,,,3.0,4,14,402,5,0,0,0,8,0,43,11,7,25,0.65,0.52,1.17,6.16,3.0,3.0
2026-10-09T02:26:53+00:00,2026-10-08,daily,6,2026-10-10T10:00:00Z,131,Baleba,MUN,MID,49,0,-1,0.1,2143,957,7582,14598,a,,2026-08-06T16:00:10.997714Z,50,100,,,,0.0,0,0,0,0,0,0,0,0,0,0,0,0,0,0.00,0.00,0.00,0.00,0.0,0.0
2026-10-09T02:26:53+00:00,2026-10-08,daily,6,2026-10-10T10:00:00Z,162,Andrey Santos,MUN,MID,48,0,-2,0.6,1176,6173,22373,74792,a,,,,,,,,0.0,0,4,82,1,0,0,0,4,0,18,7,4,7,0.00,0.24,0.24,2.03,0.0,0.0
2026-10-09T02:26:53+00:00,2026-10-08,daily,6,2026-10-10T10:00:00Z,325,Darlow,MUN,GKP,45,0,0,0.0,71,275,1078,1656,d,Unspecified injury - 75% chance of playing,2026-09-21T13:30:08.885505Z,100,75,,,,0.0,0,0,0,0,0,0,0,0,0,0,0,0,0,0.00,0.00,0.00,0.00,0.0,0.0
2026-10-09T02:26:53+00:00,2026-10-08,daily,6,2026-10-10T10:00:00Z,412,Lammens,MUN,GKP,49,0,-1,9.7,9265,66065,101473,704496,a,,,,,,,,3.0,4,11,450,5,0,0,0,8,16,0,5,0,38,0.00,0.00,0.00,6.80,3.0,3.0
2026-10-09T02:26:53+00:00,2026-10-08,daily,6,2026-10-10T10:00:00Z,413,Bayindir,MUN,GKP,45,0,0,0.0,0,55,0,1165,u,Has joined Celta Vigo on loan for the rest of the season,2026-08-10T14:02:28.608415Z,0,0,,,,0.0,0,0,0,0,0,0,0,0,0,0,0,0,0,0.00,0.00,0.00,0.00,0.0,0.0
2026-10-09T02:26:53+00:00,2026-10-08,daily,6,2026-10-10T10:00:00Z,414,Heaton,MUN,GKP,40,0,0,0.1,268,367,2186,3654,i,Hamstring injury - Unknown return date,2026-08-15T16:00:07.854151Z,0,0,,,,0.0,0,0,0,0,0,0,0,0,0,0,0,0,0,0.00,0.00,0.00,0.00,0.0,0.0
2026-10-09T02:26:53+00:00,2026-10-08,daily,6,2026-10-10T10:00:00Z,415,Dorgu,MUN,MID,58,0,-2,0.5,1056,5969,14026,99506,d,Hamstring injury - 75% chance of playing,2026-09-27T21:30:07.831640Z,,75,,,,4.0,4,10,171,2,0,1,0,6,0,20,8,8,4,0.78,0.09,0.87,3.38,4.0,3.0
2026-10-09T02:26:53+00:00,2026-10-08,daily,6,2026-10-10T10:00:00Z,416,De Ligt,MUN,DEF,49,-1,-1,0.0,100,157,479,1580,i,Back injury - Unknown return date,2026-07-23T12:01:23.690880Z,0,0,,,,0.0,0,0,0,0,0,0,0,0,0,0,0,0,0,0.00,0.00,0.00,0.00,0.0,0.0
2026-10-09T02:26:53+00:00,2026-10-08,daily,6,2026-10-10T10:00:00Z,417,Dalot,MUN,DEF,49,0,-1,1.6,2111,9900,26890,138395,a,,,,,,,,2.0,2,8,346,4,0,0,0,4,0,16,10,6,21,0.24,0.23,0.47,4.70,2.0,2.0
2026-10-09T02:26:53+00:00,2026-10-08,daily,6,2026-10-10T10:00:00Z,418,Maguire,MUN,DEF,48,-1,-2,8.4,6871,96109,140829,1025800,a,,,,,,,,1.5,2,10,450,5,0,1,0,8,0,31,28,3,21,0.20,0.46,0.66,6.80,1.5,1.5
2026-10-09T02:26:53+00:00,2026-10-08,daily,6,2026-10-10T10:00:00Z,419,Martinez,MUN,DEF,49,-1,-1,1.3,4643,7697,37569,68550,a,,2026-07-24T20:00:10.337107Z,100,100,,,,1.0,0,6,360,4,0,0,0,6,0,20,17,3,14,0.21,0.16,0.37,5.79,1.0,1.0
2026-10-09T02:26:53+00:00,2026-10-08,daily,6,2026-10-10T10:00:00Z,420,Yoro,MUN,DEF,48,-1,-2,0.5,644,2551,5426,36393,a,,,,,,,,0.0,0,2,22,0,0,0,0,2,0,5,3,2,1,0.00,0.02,0.02,1.09,0.0,0.0
2026-10-09T02:26:53+00:00,2026-10-08,daily,6,2026-10-10T10:00:00Z,421,Heaven,MUN,DEF,43,-1,-2,0.3,322,1820,6092,24406,a,,,,,,,,0.0,0,1,90,1,0,0,0,2,0,2,1,1,4,0.12,0.04,0.16,1.01,0.0,0.0
2026-10-09T02:26:53+00:00,2026-10-08,daily,6,2026-10-10T10:00:00Z,422,Mazraoui,MUN,DEF,44,0,-1,0.5,620,4053,14404,42140,d,Back injury - 75% chance of playing,2026-10-04T21:30:08.533022Z,,75,,,,0.0,0,3,97,1,0,0,0,4,0,6,4,2,3,0.22,0.06,0.28,2.08,0.0,0.0
2026-10-09T02:26:53+00:00,2026-10-08,daily,6,2026-10-10T10:00:00Z,423,Shaw,MUN,DEF,43,-1,-2,7.5,6314,97132,103798,1329061,a,,2026-09-11T13:00:09.030120Z,50,100,,,3,1.0,2,9,335,4,0,1,0,5,0,23,17,6,7,0.03,0.58,0.61,4.63,0.5,1.0
2026-10-09T02:26:53+00:00,2026-10-08,daily,6,2026-10-10T10:00:00Z,424,Amass,MUN,DEF,40,0,0,0.2,513,975,6415,9005,a,,,,,,,,0.0,0,0,0,0,0,0,0,0,0,0,0,0,0,0.00,0.00,0.00,0.00,0.0,0.0
2026-10-09T02:26:53+00:00,2026-10-08,daily,6,2026-10-10T10:00:00Z,425,Fredricson,MUN,DEF,40,0,0,0.0,0,64,0,1332,u,Has joined Lausanne-Sport permanently,2026-08-18T14:12:31.904433Z,0,0,,,,0.0,0,0,0,0,0,0,0,0,0,0,0,0,0,0.00,0.00,0.00,0.00,0.0,0.0
2026-10-09T02:26:53+00:00,2026-10-08,daily,6,2026-10-10T10:00:00Z,426,B.Fernandes,MUN,MID,119,-1,-1,38.3,70198,251164,681798,1904114,a,,,,,1,1,1,2.0,2,31,450,5,3,1,0,8,0,29,3,5,21,2.56,1.32,3.88,6.80,2.0,2.0
2026-10-09T02:26:53+00:00,2026-10-08,daily,6,2026-10-10T10:00:00Z,427,Mbeumo,MUN,MID,79,0,-1,20.4,62773,172991,489752,2059490,a,,,,,2,2,2,2.0,2,25,450,5,2,1,0,8,0,26,7,5,14,3.07,0.80,3.87,6.80,2.0,2.0
2026-10-09T02:26:53+00:00,2026-10-08,daily,6,2026-10-10T10:00:00Z,428,Cunha,MUN,MID,79,0,-1,5.9,34914,28662,108660,516693,a,,,,,,,,6.0,10,26,407,5,1,2,1,5,0,13,1,3,9,0.63,0.83,1.46,5.44,6.0,6.0
2026-10-09T02:26:53+00:00,2026-10-08,daily,6,2026-10-10T10:00:00Z,429,Rashford,MUN,MID,69,-1,-1,1.4,4572,23133,85601,134214,d,Unspecified injury - 75% chance of playing,2026-09-21T10:30:09.221479Z,,75,,3,,2.0,2,10,351,4,0,0,1,3,0,18,4,4,10,0.78,0.43,1.21,4.50,2.0,1.5
2026-10-09T02:26:53+00:00,2026-10-08,daily,6,2026-10-10T10:00:00Z,430,Mount,MUN,MID,54,0,-1,0.0,222,230,950,2006,a,,2026-08-15T16:00:07.879135Z,100,100,,4,,0.5,1,1,10,0,0,0,0,0,0,1,0,0,1,0.09,0.01,0.10,0.00,0.5,0.5
2026-10-09T02:26:53+00:00,2026-10-08,daily,6,2026-10-10T10:00:00Z,431,Amad,MUN,MID,57,0,-3,0.3,175,2321,2217,124042,i,Unspecified injury - Unknown return date,2026-08-22T11:00:08.617283Z,0,0,,,4,0.0,0,0,0,0,0,0,0,0,0,0,0,0,0,0.00,0.00,0.00,0.00,0.0,0.0
2026-10-09T02:26:53+00:00,2026-10-08,daily,6,2026-10-10T10:00:00Z,432,Mainoo,MUN,MID,55,0,0,1.5,8561,19986,95655,72263,d,Unspecified injury - 75% chance of playing,2026-09-21T13:00:09.169862Z,,75,,,,4.0,4,22,354,4,0,1,0,4,0,56,10,6,40,0.30,0.52,0.82,4.77,4.0,3.0
2026-10-09T02:26:53+00:00,2026-10-08,daily,6,2026-10-10T10:00:00Z,433,Ugarte,MUN,MID,50,0,0,0.0,27,31,123,271,i,Knee injury - Unknown return date,2026-07-23T12:01:23.706702Z,0,0,,,,0.0,0,0,0,0,0,0,0,0,0,0,0,0,0,0.00,0.00,0.00,0.00,0.0,0.0
2026-10-09T02:26:53+00:00,2026-10-08,daily,6,2026-10-10T10:00:00Z,434,J.Fletcher,MUN,MID,49,0,-1,0.0,53,71,333,719,a,,,,,,,,0.0,0,0,0,0,0,0,0,0,0,0,0,0,0,0.00,0.00,0.00,0.00,0.0,0.0
2026-10-09T02:26:53+00:00,2026-10-08,daily,6,2026-10-10T10:00:00Z,435,Lacey,MUN,MID,49,0,-1,0.1,440,429,1793,3394,a,,,,,,,,0.0,0,1,10,0,0,0,0,0,0,1,0,0,1,0.00,0.00,0.00,0.00,0.0,0.0
2026-10-09T02:26:53+00:00,2026-10-08,daily,6,2026-10-10T10:00:00Z,436,Collyer,MUN,MID,50,0,0,0.0,0,51,150,1058,u,Has joined West Brom permanently,2026-09-01T13:16:48.584385Z,0,0,,,,0.0,0,0,0,0,0,0,0,0,0,0,0,0,0,0.00,0.00,0.00,0.00,0.0,0.0
2026-10-09T02:26:53+00:00,2026-10-08,daily,6,2026-10-10T10:00:00Z,437,Bendito Mantato,MUN,MID,44,-1,-1,0.2,610,1087,5274,9868,a,,,,,,,,0.0,0,0,0,0,0,0,0,0,0,0,0,0,0,0.00,0.00,0.00,0.00,0.0,0.0
2026-10-09T02:26:53+00:00,2026-10-08,daily,6,2026-10-10T10:00:00Z,438,Fletcher,MUN,MID,44,0,-1,0.3,2793,2533,10862,17302,a,,,,,,,,0.0,0,0,0,0,0,0,0,0,0,0,0,0,0,0.00,0.00,0.00,0.00,0.0,0.0
2026-10-09T02:26:53+00:00,2026-10-08,daily,6,2026-10-10T10:00:00Z,439,Šeško,MUN,FWD,70,0,0,1.6,6986,29649,104425,139322,d,Shin injury - 75% chance of playing,2026-09-20T19:30:08.505755Z,100,75,,,,0.5,0,8,76,0,1,0,0,3,0,5,0,0,5,0.39,0.01,0.40,2.00,0.5,0.4
2026-10-09T02:26:53+00:00,2026-10-08,daily,6,2026-10-10T10:00:00Z,440,Zirkzee,MUN,FWD,53,-1,-2,0.4,2559,3712,16439,44265,a,,,,,,,,1.0,1,2,20,0,0,0,0,0,0,4,2,0,2,0.00,0.01,0.01,0.02,1.0,1.0
2026-10-09T02:26:53+00:00,2026-10-08,daily,6,2026-10-10T10:00:00Z,441,Obi,MUN,FWD,45,0,0,0.9,0,13159,45543,76101,u,Has joined Willem II on loan for the rest of the season,2026-09-14T16:12:42.090874Z,0,0,,,,0.0,0,0,0,0,0,0,0,0,0,0,0,0,0,0.00,0.00,0.00,0.00,0.0,0.0
2026-10-09T02:26:53+00:00,2026-10-08,daily,6,2026-10-10T10:00:00Z,405,N.Gonzalez,NEW,MID,55,0,0,0.2,913,2060,18376,17229,a,,2026-09-14T21:30:07.343728Z,0,100,,,,0.5,0,5,164,3,0,0,1,2,0,12,3,0,9,0.00,0.21,0.21,2.34,0.0,0.5
2026-10-09T02:26:53+00:00,2026-10-08,daily,6,2026-10-10T10:00:00Z,442,Pope,NEW,GKP,49,0,-1,0.9,1126,3810,13619,54533,a,,,,,,,,0.0,0,0,0,0,0,0,0,0,0,0,0,0,0,0.00,0.00,0.00,0.00,0.0,0.0
2026-10-09T02:26:53+00:00,2026-10-08,daily,6,2026-10-10T10:00:00Z,443,Gillespie,NEW,GKP,45,0,0,0.0,57,107,782,1227,a,,,,,,,,0.0,0,0,0,0,0,0,0,0,0,0,0,0,0,0.00,0.00,0.00,0.00,0.0,0.0
2026-10-09T02:26:53+00:00,2026-10-08,daily,6,2026-10-10T10:00:00Z,444,Jaouen,NEW,GKP,44,-1,-1,0.0,24,160,457,1565,i,Hamstring injury - Unknown return date,2026-09-10T16:00:09.127466Z,50,0,,,,0.0,0,0,0,0,0,0,0,0,0,0,0,0,0,0.00,0.00,0.00,0.00,0.0,0.0
2026-10-09T02:26:53+00:00,2026-10-08,daily,6,2026-10-10T10:00:00Z,445,Thiaw,NEW,DEF,50,0,0,2.2,13362,14039,182663,127050,a,,,,,,,,3.0,4,14,450,5,0,0,1,9,0,45,45,0,10,0.00,0.08,0.08,9.14,3.0,3.0
2026-10-09T02:26:53+00:00,2026-10-08,daily,6,2026-10-10T10:00:00Z,446,Schär,NEW,DEF,49,0,-1,0.2,852,1108,7363,14054,a,,2026-08-15T16:30:07.209742Z,100,100,,2,,0.5,1,2,25,0,0,0,0,2,0,7,7,0,0,0.00,0.01,0.01,1.87,0.5,0.5
2026-10-09T02:26:53+00:00,2026-10-08,daily,6,2026-10-10T10:00:00Z,447,Botman,NEW,DEF,50,0,0,0.7,6979,4148,49653,29442,a,,,,,,,,3.0,4,15,450,5,0,0,1,9,0,59,54,5,14,0.06,0.17,0.23,9.14,3.0,3.0
2026-10-09T02:26:53+00:00,2026-10-08,daily,6,2026-10-10T10:00:00Z,448,Burn,NEW,DEF,48,-1,-2,0.7,141,7277,7356,162185,i,Ankle injury - Expected back 12 Oct,2026-08-23T18:00:08.367241Z,0,0,,,,0.0,0,0,0,0,0,0,0,0,0,0,0,0,0,0.00,0.00,0.00,0.00,0.0,0.0
2026-10-09T02:26:53+00:00,2026-10-08,daily,6,2026-10-10T10:00:00Z,449,Hall,NEW,DEF,53,1,3,18.3,348956,33555,1762458,361388,a,,,,,,1,1,6.5,13,31,449,5,1,1,1,9,0,46,33,13,38,0.25,0.79,1.04,9.12,6.5,6.5
2026-10-09T02:26:53+00:00,2026-10-08,daily,6,2026-10-10T10:00:00Z,450,Livramento,NEW,DEF,49,0,-1,0.1,507,1968,10303,6408,d,Unspecified injury - 50% chance of playing,2026-09-19T14:00:09.046677Z,100,50,,,,1.5,0,4,33,0,0,1,0,1,0,3,1,2,4,0.00,0.01,0.01,0.18,1.5,0.8
2026-10-09T02:26:53+00:00,2026-10-08,daily,6,2026-10-10T10:00:00Z,451,A.Murphy,NEW,DEF,40,0,0,0.1,0,375,0,7026,u,Has joined FC Kaiserslautern on loan for the rest of the season,2026-08-12T14:05:29.224600Z,0,0,,,,0.0,0,0,0,0,0,0,0,0,0,0,0,0,0,0.00,0.00,0.00,0.00,0.0,0.0
2026-10-09T02:26:53+00:00,2026-10-08,daily,6,2026-10-10T10:00:00Z,453,Barnes,NEW,MID,61,1,1,6.3,233381,39620,704484,171528,a,,,,,,,3,5.5,9,28,450,5,1,3,1,9,0,33,14,3,16,0.62,0.48,1.10,9.14,5.5,5.5
2026-10-09T02:26:53+00:00,2026-10-08,daily,6,2026-10-10T10:00:00Z,454,Elanga,NEW,MID,61,-1,1,4.2,385,201515,1286222,1121476,i,Unspecified injury - Unknown return date,2026-09-14T20:00:09.505598Z,0,0,,,2,0.0,0,18,232,3,2,0,1,3,0,9,2,4,3,0.42,0.34,0.76,4.01,0.0,0.0
2026-10-09T02:26:53+00:00,2026-10-08,daily,6,2026-10-10T10:00:00Z,456,J.Ramsey,NEW,MID,48,-1,-2,0.2,90,5809,16636,32012,i,Thigh injury - Unknown return date,2026-09-15T09:00:08.191022Z,0,0,,,,0.0,0,7,69,0,1,0,0,1,0,11,3,2,6,0.17,0.16,0.33,1.92,0.0,0.0
2026-10-09T02:26:53+00:00,2026-10-08,daily,6,2026-10-10T10:00:00Z,457,J.Murphy,NEW,MID,59,0,-1,0.1,1246,1037,6349,11216,a,,,,,,,4,0.5,1,3,181,2,0,0,0,5,0,18,4,4,10,0.03,0.41,0.44,4.96,0.5,0.5
2026-10-09T02:26:53+00:00,2026-10-08,daily,6,2026-10-10T10:00:00Z,458,Joelinton,NEW,MID,54,0,-1,0.0,29,103,240,2265,d,Unspecified injury - 75% chance of playing,2026-08-16T08:00:08.074045Z,0,75,,,,0.0,0,0,0,0,0,0,0,0,0,0,0,0,0,0.00,0.00,0.00,0.00,0.0,0.0
2026-10-09T02:26:53+00:00,2026-10-08,daily,6,2026-10-10T10:00:00Z,459,L.Miley,NEW,MID,55,0,0,0.1,504,834,6368,5841,d,Unspecified injury - 75% chance of playing,2026-10-01T15:30:10.335504Z,100,75,,,5,2.0,4,12,396,5,0,0,1,8,0,52,20,6,26,0.05,0.14,0.19,7.95,2.0,1.5
2026-10-09T02:26:53+00:00,2026-10-08,daily,6,2026-10-10T10:00:00Z,460,Willock,NEW,MID,50,0,0,0.6,13119,4016,67939,32001,a,,,,,,,,5.5,10,22,284,3,2,0,1,5,0,18,4,5,9,0.81,0.30,1.11,5.19,5.5,5.5
2026-10-09T02:26:53+00:00,2026-10-08,daily,6,2026-10-10T10:00:00Z,461,Touré,NEW,MID,58,0,-2,0.1,450,1097,3833,16704,a,,,,,,,,3.5,1,8,50,0,1,0,0,1,0,4,1,0,3,0.28,0.01,0.29,0.76,3.5,3.5
2026-10-09T02:26:53+00:00,2026-10-08,daily,6,2026-10-10T10:00:00Z,462,Steur,NEW,MID,49,0,-1,0.1,337,510,2493,6307,a,,,,,,,,2.5,3,8,223,2,0,0,1,5,0,21,9,4,8,0.00,0.06,0.06,4.23,2.5,2.5
2026-10-09T02:26:53+00:00,2026-10-08,daily,6,2026-10-10T10:00:00Z,463,Woltemade,NEW,FWD,59,0,-1,0.5,0,4351,14520,142786,u,Has joined Juventus on loan for the rest of the season,2026-09-02T16:07:16.549304Z,0,0,,,,0.0,0,4,19,0,0,1,0,0,0,0,0,0,0,0.02,0.01,0.03,0.38,0.0,0.0
2026-10-09T02:26:53+00:00,2026-10-08,daily,6,2026-10-10T10:00:00Z,464,Wissa,NEW,FWD,62,0,2,18.8,135059,177969,2330571,764979,a,,,,,2,,,1.0,0,15,441,5,1,1,1,8,0,27,6,6,15,2.35,0.06,2.41,7.97,1.0,1.0
2026-10-09T02:26:53+00:00,2026-10-08,daily,6,2026-10-10T10:00:00Z,465,Osula,NEW,FWD,58,-1,-2,0.3,164,3026,21487,87331,d,Foot injury - 50% chance of playing,2026-08-25T19:00:08.004915Z,0,50,1,4,,0.0,0,4,55,1,0,1,0,1,0,5,2,1,2,0.06,0.14,0.20,1.48,0.0,0.0
2026-10-09T02:26:53+00:00,2026-10-08,daily,6,2026-10-10T10:00:00Z,466,Neave,NEW,FWD,45,0,0,0.5,0,4733,23805,53355,u,Has joined Wolves on loan for the rest of the season,2026-09-04T12:37:43.515176Z,0,0,,,,0.0,0,0,0,0,0,0,0,0,0,0,0,0,0,0.00,0.00,0.00,0.00,0.0,0.0
2026-10-09T02:26:53+00:00,2026-10-08,daily,6,2026-10-10T10:00:00Z,559,Bamba,NEW,MID,49,0,-1,0.1,148,619,2588,7703,a,,,,,,,,1.0,1,3,27,0,0,0,0,1,0,8,3,3,2,0.00,0.00,0.00,1.29,1.0,1.0
2026-10-09T02:26:53+00:00,2026-10-08,daily,6,2026-10-10T10:00:00Z,567,Horníček,NEW,GKP,50,0,0,1.5,9701,7202,154351,73755,a,,,,,,,,2.0,3,14,450,5,0,0,1,9,19,0,11,0,31,0.00,0.00,0.00,9.14,2.0,2.0
2026-10-09T02:26:53+00:00,2026-10-08,daily,6,2026-10-10T10:00:00Z,593,Dedić,NEW,DEF,45,0,0,1.7,335,50422,447957,320472,d,Unspecified injury - 50% chance of playing,2026-09-17T14:30:09.823731Z,0,50,,3,,0.0,0,13,327,4,0,1,1,7,0,24,16,8,15,0.14,0.08,0.22,7.38,0.0,0.0
2026-10-09T02:26:53+00:00,2026-10-08,daily,6,2026-10-10T10:00:00Z,609,Shahar,NEW,DEF,40,0,0,0.2,0,2089,18236,15987,u,has joined Arouca on loan for the rest of the seaon.,2026-09-11T14:41:57.406766Z,0,0,,,,0.0,0,0,0,0,0,0,0,0,0,0,0,0,0,0.00,0.00,0.00,0.00,0.0,0.0
2026-10-09T02:26:53+00:00,2026-10-08,daily,6,2026-10-10T10:00:00Z,634,Fernandez-Pardo,NEW,FWD,60,0,0,0.1,3021,1869,18092,6769,a,,,,,,,,1.5,2,4,157,2,0,0,0,4,0,5,0,2,3,0.05,0.01,0.06,2.94,1.5,1.5
2026-10-09T02:26:53+00:00,2026-10-08,daily,6,2026-10-10T10:00:00Z,659,Miley,NEW,MID,45,0,0,0.0,1682,762,5120,1364,a,,,,,,,,0.0,0,0,0,0,0,0,0,0,0,0,0,0,0,0.00,0.00,0.00,0.00,0.0,0.0
2026-10-09T02:26:53+00:00,2026-10-08,daily,6,2026-10-10T10:00:00Z,663,Pivas,NEW,DEF,40,0,0,0.0,481,79,481,79,a,,,,,,,,0.0,0,0,0,0,0,0,0,0,0,0,0,0,0,0.00,0.00,0.00,0.00,1.1,1.1
2026-10-09T02:26:53+00:00,2026-10-08,daily,6,2026-10-10T10:00:00Z,664,Salia,NEW,FWD,45,0,0,0.2,12339,2161,12339,2161,a,,,,,,,,0.0,0,0,0,0,0,0,0,0,0,0,0,0,0,0.00,0.00,0.00,0.00,1.0,1.0
2026-10-09T02:26:53+00:00,2026-10-08,daily,6,2026-10-10T10:00:00Z,665,Mills,NEW,MID,45,0,0,0.0,186,37,186,37,a,,,,,,,,0.0,0,0,0,0,0,0,0,0,0,0,0,0,0,0.00,0.00,0.00,0.00,1.1,1.1
2026-10-09T02:26:53+00:00,2026-10-08,daily,6,2026-10-10T10:00:00Z,666,Thompson,NEW,MID,45,0,0,0.0,271,43,271,43,a,,,,,,,,0.0,0,0,0,0,0,0,0,0,0,0,0,0,0,0.00,0.00,0.00,0.00,1.1,1.1
2026-10-09T02:26:53+00:00,2026-10-08,daily,6,2026-10-10T10:00:00Z,167,Delap,NFO,FWD,56,1,1,2.7,29829,38269,317005,91841,a,,,,,3,,,3.0,1,9,277,3,1,0,1,3,0,17,5,2,10,0.89,0.35,1.24,2.62,3.0,3.0
2026-10-09T02:26:53+00:00,2026-10-08,daily,6,2026-10-10T10:00:00Z,201,Muñoz,NFO,DEF,54,0,-1,5.6,10368,39359,160926,493535,a,,,,,,,,2.0,2,5,257,3,0,0,0,4,0,15,8,7,8,0.60,0.21,0.81,2.59,2.0,2.0
2026-10-09T02:26:53+00:00,2026-10-08,daily,6,2026-10-10T10:00:00Z,467,Sels,NFO,GKP,50,0,0,1.6,2734,8556,68987,64618,a,,,,,,,,2.5,2,14,450,5,0,0,1,5,11,0,6,0,46,0.00,0.01,0.01,4.77,2.5,2.5
2026-10-09T02:26:53+00:00,2026-10-08,daily,6,2026-10-10T10:00:00Z,468,John,NFO,GKP,45,0,0,0.1,74,189,881,2049,a,,,,,,,,0.0,0,0,0,0,0,0,0,0,0,0,0,0,0,0.00,0.00,0.00,0.00,0.0,0.0
2026-10-09T02:26:53+00:00,2026-10-08,daily,6,2026-10-10T10:00:00Z,469,N.Williams,NFO,DEF,50,0,0,8.6,15752,64568,330238,369826,a,,,,,,3,2,2.0,2,19,450,5,0,1,1,5,0,29,15,14,28,0.41,0.61,1.02,4.77,2.0,2.0
2026-10-09T02:26:53+00:00,2026-10-08,daily,6,2026-10-10T10:00:00Z,470,Morato,NFO,DEF,50,0,0,0.0,0,146,424,3726,u,Has joined West Ham on loan for the rest of the season,2026-09-02T16:19:54.503286Z,0,0,,,,0.0,0,0,0,0,0,0,0,0,0,0,0,0,0,0.00,0.00,0.00,0.00,0.0,0.0
2026-10-09T02:26:53+00:00,2026-10-08,daily,6,2026-10-10T10:00:00Z,471,Milenković,NFO,DEF,54,-1,-1,1.0,90,15319,18022,110476,i,Hamstring injury - Expected back 11 Oct,2026-09-12T14:00:09.705107Z,0,0,,,,0.0,0,12,270,3,0,0,1,3,0,31,26,5,12,0.11,0.03,0.14,3.28,0.0,0.0
2026-10-09T02:26:53+00:00,2026-10-08,daily,6,2026-10-10T10:00:00Z,472,Murillo,NFO,DEF,55,0,0,2.1,12529,11020,108026,64281,a,,2026-07-23T12:01:23.801183Z,100,100,,2,,5.0,4,23,449,5,0,1,1,5,0,53,44,9,18,0.42,0.37,0.79,4.77,5.0,5.0
2026-10-09T02:26:53+00:00,2026-10-08,daily,6,2026-10-10T10:00:00Z,473,Aina,NFO,DEF,44,-1,-1,2.3,1449,26842,69562,176629,a,,,,,,,,1.0,0,8,306,4,0,0,1,3,0,22,12,10,14,0.04,0.53,0.57,3.72,1.0,1.0
2026-10-09T02:26:53+00:00,2026-10-08,daily,6,2026-10-10T10:00:00Z,474,Jair Cunha,NFO,DEF,45,0,0,0.2,373,814,9879,13340,a,,2026-09-12T14:00:09.724349Z,75,100,,,,0.5,1,11,360,4,0,0,1,4,0,36,29,7,8,0.05,0.02,0.07,3.95,0.4,0.5
2026-10-09T02:26:53+00:00,2026-10-08,daily,6,2026-10-10T10:00:00Z,475,Savona,NFO,DEF,45,0,0,0.0,23,26,243,284,i,Knee injury - Unknown return date,2026-07-23T12:01:23.816304Z,0,0,,,,0.0,0,0,0,0,0,0,0,0,0,0,0,0,0,0.00,0.00,0.00,0.00,0.0,0.0
2026-10-09T02:26:53+00:00,2026-10-08,daily,6,2026-10-10T10:00:00Z,476,O.Richards,NFO,DEF,40,0,0,0.2,362,927,4062,8478,a,,,,,,,,0.0,0,0,0,0,0,0,0,0,0,0,0,0,0,0.00,0.00,0.00,0.00,0.0,0.0
2026-10-09T02:26:53+00:00,2026-10-08,daily,6,2026-10-10T10:00:00Z,477,Abbott,NFO,DEF,40,0,0,0.1,0,1086,2459,14159,u,Has joined Southampton on loan for the rest of the season,2026-09-02T16:19:54.536676Z,0,0,,,,0.0,0,0,0,0,0,0,0,0,0,0,0,0,0,0.00,0.00,0.00,0.00,0.0,0.0
2026-10-09T02:26:53+00:00,2026-10-08,daily,6,2026-10-10T10:00:00Z,478,Netz,NFO,DEF,44,0,-1,0.0,72,148,702,1619,a,,,,,,,,0.5,1,3,27,0,0,0,0,1,0,1,0,1,1,0.00,0.02,0.02,0.13,0.5,0.5
2026-10-09T02:26:53+00:00,2026-10-08,daily,6,2026-10-10T10:00:00Z,479,Bindon,NFO,DEF,40,0,0,0.1,0,688,799,8818,u,Has joined Charlton Athletic on loan for the rest of the season,2026-09-01T13:16:05.383880Z,0,0,,,,0.0,0,0,0,0,0,0,0,0,0,0,0,0,0,0.00,0.00,0.00,0.00,0.0,0.0
2026-10-09T02:26:53+00:00,2026-10-08,daily,6,2026-10-10T10:00:00Z,480,Gibbs-White,NFO,MID,80,0,0,15.7,101244,118021,1244926,700715,a,,2026-08-24T15:30:08.350159Z,100,100,1,1,,5.0,2,28,450,5,1,2,1,5,0,21,2,5,14,1.56,1.42,2.98,4.77,5.0,5.0
2026-10-09T02:26:53+00:00,2026-10-08,daily,6,2026-10-10T10:00:00Z,482,Hudson-Odoi,NFO,MID,58,0,-2,0.1,381,1402,5392,17802,a,,2026-07-23T12:01:23.832709Z,100,100,,4,,0.0,0,1,1,0,0,0,0,0,0,0,0,0,0,0.00,0.00,0.00,0.00,0.0,0.0
2026-10-09T02:26:53+00:00,2026-10-08,daily,6,2026-10-10T10:00:00Z,483,Ndoye,NFO,MID,55,0,0,0.7,1122,10502,72718,51665,a,,,,,,,,1.0,1,15,316,5,1,0,1,3,0,20,3,2,15,1.25,0.93,2.18,3.84,1.0,1.0
2026-10-09T02:26:53+00:00,2026-10-08,daily,6,2026-10-10T10:00:00Z,484,Hutchinson,NFO,MID,54,0,-1,0.1,0,468,427,11096,u,Has joined AC Milan on loan for the rest of the season,2026-09-01T13:23:52.340206Z,0,0,,,,0.0,0,0,0,0,0,0,0,0,0,0,0,0,0,0.00,0.00,0.00,0.00,0.0,0.0
2026-10-09T02:26:53+00:00,2026-10-08,daily,6,2026-10-10T10:00:00Z,485,Bakwa,NFO,MID,55,0,0,0.0,0,43,107,1185,u,Has joined Lille on loan for the rest of the season,2026-08-27T14:53:03.381941Z,0,0,,,,0.0,0,0,0,0,0,0,0,0,0,0,0,0,0,0.00,0.00,0.00,0.00,0.0,0.0
2026-10-09T02:26:53+00:00,2026-10-08,daily,6,2026-10-10T10:00:00Z,486,McAtee,NFO,MID,55,0,0,0.1,469,1169,10114,6215,a,,,,,,,1,2.5,2,12,416,5,0,0,2,4,0,39,9,9,21,0.37,0.96,1.33,4.55,2.5,2.5
2026-10-09T02:26:53+00:00,2026-10-08,daily,6,2026-10-10T10:00:00Z,487,Dominguez,NFO,MID,49,0,-1,0.1,73,365,1211,4167,a,,,,,,,,0.0,0,1,1,0,0,0,0,0,0,0,0,0,0,0.00,0.00,0.00,0.00,0.0,0.0
2026-10-09T02:26:53+00:00,2026-10-08,daily,6,2026-10-10T10:00:00Z,488,I.Sangaré,NFO,MID,48,-1,-2,0.4,459,4313,9358,69892,a,,2026-08-28T09:30:07.471668Z,100,100,,,,1.0,1,4,105,1,0,0,0,1,0,8,4,1,3,0.09,0.02,0.11,0.56,1.0,1.0
2026-10-09T02:26:53+00:00,2026-10-08,daily,6,2026-10-10T10:00:00Z,489,Yates,NFO,MID,44,-1,-1,1.1,769,9238,30415,95593,a,,2026-08-17T20:30:08.195072Z,100,100,,,,0.0,0,0,0,0,0,0,0,0,0,0,0,0,0,0.00,0.00,0.00,0.00,0.0,0.0
2026-10-09T02:26:53+00:00,2026-10-08,daily,6,2026-10-10T10:00:00Z,490,Wood,NFO,FWD,58,0,-2,0.9,2758,7853,25337,117700,a,,,,,2,,,1.0,1,4,62,0,0,0,0,1,0,1,0,0,1,0.12,0.01,0.13,0.53,1.0,1.0
2026-10-09T02:26:53+00:00,2026-10-08,daily,6,2026-10-10T10:00:00Z,491,Igor Jesus,NFO,FWD,58,0,-2,2.6,11022,30746,130022,278091,a,,,,,4,,,4.0,1,12,257,2,1,0,0,3,0,15,5,2,8,1.25,0.08,1.33,2.61,4.0,4.0
2026-10-09T02:26:53+00:00,2026-10-08,daily,6,2026-10-10T10:00:00Z,493,Kalimuendo,NFO,FWD,54,0,-1,0.1,283,496,3093,4196,a,,,,,,,,0.0,0,1,1,0,0,0,0,0,0,0,0,0,0,0.00,0.00,0.00,0.00,0.0,0.0
2026-10-09T02:26:53+00:00,2026-10-08,daily,6,2026-10-10T10:00:00Z,558,Schlager,NFO,MID,50,0,0,0.1,278,1045,5958,6062,a,,,,,,,3,2.5,2,13,376,4,0,0,1,5,0,49,11,17,21,0.19,0.18,0.37,4.43,2.5,2.5
2026-10-09T02:26:53+00:00,2026-10-08,daily,6,2026-10-10T10:00:00Z,581,Diomande,NFO,DEF,54,0,-1,0.5,1951,2782,14073,42247,a,,,,,,,,3.0,2,7,163,2,0,0,0,2,0,19,18,1,10,0.16,0.01,0.17,1.45,3.0,3.0
2026-10-09T02:26:53+00:00,2026-10-08,daily,6,2026-10-10T10:00:00Z,590,Benda,NFO,GKP,45,0,0,0.1,159,283,2699,2884,a,,,,,,,,0.0,0,0,0,0,0,0,0,0,0,0,0,0,0,0.00,0.00,0.00,0.00,0.0,0.0
2026-10-09T02:26:53+00:00,2026-10-08,daily,6,2026-10-10T10:00:00Z,112,Van Hecke,TOT,DEF,49,0,-1,6.3,24175,59389,160344,504784,d,Foot injury - 75% chance of playing,2026-09-30T16:00:09.552205Z,,75,,,,7.0,6,24,450,5,1,0,2,8,0,43,33,10,17,0.69,0.42,1.11,7.78,7.0,5.2
2026-10-09T02:26:53+00:00,2026-10-08,daily,6,2026-10-10T10:00:00Z,147,Tosin,TOT,DEF,44,0,-1,0.1,133,676,2025,8028,a,,,,,,,,0.5,0,1,5,0,0,0,0,0,0,4,2,2,1,0.00,0.00,0.00,0.03,0.5,0.5
2026-10-09T02:26:53+00:00,2026-10-08,daily,6,2026-10-10T10:00:00Z,401,Marmoush,TOT,FWD,70,0,0,2.2,17962,27467,240441,168600,a,,,,,2,4,8,2.0,2,8,339,4,0,0,2,5,0,13,0,2,11,0.38,0.15,0.53,3.84,2.0,2.0
2026-10-09T02:26:53+00:00,2026-10-08,daily,6,2026-10-10T10:00:00Z,403,Sávio,TOT,MID,65,0,0,0.6,4280,9317,101192,82080,a,,2026-08-29T16:30:08.380416Z,100,100,,,2,2.5,2,8,240,3,0,0,2,3,0,11,3,0,8,0.41,0.70,1.11,2.76,2.5,2.5
2026-10-09T02:26:53+00:00,2026-10-08,daily,6,2026-10-10T10:00:00Z,455,Tonali,TOT,MID,53,-1,-2,1.8,3044,19419,48633,274026,a,,2026-09-14T14:30:07.387706Z,100,100,,,,2.5,2,14,427,5,0,0,2,8,0,42,11,11,20,0.24,0.61,0.85,7.72,2.5,2.5
2026-10-09T02:26:53+00:00,2026-10-08,daily,6,2026-10-10T10:00:00Z,494,Vicario,TOT,GKP,45,0,0,0.1,0,866,0,22249,u,Has joined Juventus on loan for the rest of the season,2026-08-19T13:55:33.193962Z,0,0,,,,0.0,0,0,0,0,0,0,0,0,0,0,0,0,0,0.00,0.00,0.00,0.00,0.0,0.0
2026-10-09T02:26:53+00:00,2026-10-08,daily,6,2026-10-10T10:00:00Z,495,Austin,TOT,GKP,40,0,0,1.0,2618,2788,30269,22473,a,,,,,,,,0.0,0,0,0,0,0,0,0,0,0,0,0,0,0,0.00,0.00,0.00,0.00,0.0,0.0
2026-10-09T02:26:53+00:00,2026-10-08,daily,6,2026-10-10T10:00:00Z,496,Kinsky,TOT,GKP,45,0,0,16.9,26529,155057,355683,837284,a,,,,,,,,4.5,2,18,450,5,0,0,2,8,12,0,10,0,34,0.00,0.00,0.00,7.78,4.5,4.5
2026-10-09T02:26:53+00:00,2026-10-08,daily,6,2026-10-10T10:00:00Z,497,Dubravka,TOT,GKP,40,0,0,17.0,42265,66707,412904,459357,a,,,,,,,,0.0,0,0,0,0,0,0,0,0,0,0,0,0,0,0.00,0.00,0.00,0.00,0.0,0.0
2026-10-09T02:26:53+00:00,2026-10-08,daily,6,2026-10-10T10:00:00Z,498,Senesi,TOT,DEF,58,0,-2,3.5,1564,26631,29708,463094,a,,,,,,,,0.0,0,3,90,1,0,0,0,3,0,16,11,5,2,0.00,0.02,0.02,3.87,0.0,0.0
2026-10-09T02:26:53+00:00,2026-10-08,daily,6,2026-10-10T10:00:00Z,499,Pedro Porro,TOT,DEF,54,0,-1,7.3,1877,99862,124651,1017610,d,Hamstring injury - 75% chance of playing,2026-09-19T12:00:08.823872Z,100,75,,1,1,0.5,1,9,198,3,0,0,1,2,0,9,6,3,5,0.37,0.16,0.53,1.68,0.5,0.4
2026-10-09T02:26:53+00:00,2026-10-08,daily,6,2026-10-10T10:00:00Z,500,Romero,TOT,DEF,50,0,0,0.1,0,337,0,16851,u,Has joined Atletico Madrid permanently,2026-08-17T13:49:05.465401Z,0,0,,,,0.0,0,0,0,0,0,0,0,0,0,0,0,0,0,0.00,0.00,0.00,0.00,0.0,0.0
2026-10-09T02:26:53+00:00,2026-10-08,daily,6,2026-10-10T10:00:00Z,502,Robertson,TOT,DEF,44,0,-1,2.5,8957,18875,70629,189551,a,,,,,,,6,5.5,4,17,366,4,0,1,1,7,0,20,15,5,15,0.13,0.43,0.56,7.05,5.5,5.5
2026-10-09T02:26:53+00:00,2026-10-08,daily,6,2026-10-10T10:00:00Z,503,Van de Ven,TOT,DEF,50,0,0,3.8,8921,25686,97377,272927,a,,2026-08-21T15:00:07.610517Z,100,100,,,,3.5,1,16,360,4,0,0,2,5,0,29,24,5,17,0.59,0.05,0.64,3.91,3.5,3.5
2026-10-09T02:26:53+00:00,2026-10-08,daily,6,2026-10-10T10:00:00Z,505,Spence,TOT,DEF,45,0,0,0.2,0,1407,0,69493,u,Has joined Internazionale permanently,2026-08-18T14:13:08.454214Z,0,0,,,,0.0,0,0,0,0,0,0,0,0,0,0,0,0,0,0.00,0.00,0.00,0.00,0.0,0.0
2026-10-09T02:26:53+00:00,2026-10-08,daily,6,2026-10-10T10:00:00Z,506,Udogie,TOT,DEF,44,0,-1,0.3,448,2008,5687,22838,a,,2026-09-11T18:00:09.092110Z,100,100,,,,0.0,0,7,86,1,0,0,1,1,0,4,3,1,4,0.00,0.23,0.23,1.17,0.0,0.0
2026-10-09T02:26:53+00:00,2026-10-08,daily,6,2026-10-10T10:00:00Z,507,Phillips,TOT,DEF,45,0,0,0.0,0,63,0,1278,u,Has joined Middlesbrough permanently,2026-08-18T14:13:08.474144Z,0,0,,,,0.0,0,0,0,0,0,0,0,0,0,0,0,0,0,0.00,0.00,0.00,0.00,0.0,0.0
2026-10-09T02:26:53+00:00,2026-10-08,daily,6,2026-10-10T10:00:00Z,508,Davies,TOT,DEF,39,-1,-1,0.9,9565,5312,21361,42755,a,,,,,,,,0.0,0,0,0,0,0,0,0,0,0,0,0,0,0,0.00,0.00,0.00,0.00,0.0,0.0
2026-10-09T02:26:53+00:00,2026-10-08,daily,6,2026-10-10T10:00:00Z,509,Byfield,TOT,DEF,40,0,0,0.1,155,302,2370,2646,a,,,,,,,,0.0,0,0,0,0,0,0,0,0,0,0,0,0,0,0.00,0.00,0.00,0.00,0.0,0.0
2026-10-09T02:26:53+00:00,2026-10-08,daily,6,2026-10-10T10:00:00Z,510,Rowswell,TOT,DEF,40,0,0,0.1,198,413,2927,3541,a,,,,,,,,0.0,0,0,0,0,0,0,0,0,0,0,0,0,0,0.00,0.00,0.00,0.00,0.0,0.0
2026-10-09T02:26:53+00:00,2026-10-08,daily,6,2026-10-10T10:00:00Z,511,Souza,TOT,DEF,40,0,0,0.2,0,1136,2555,17122,u,Has joined FC Porto on loan for the rest of the season,2026-09-01T13:24:26.858636Z,0,0,,,,0.0,0,0,0,0,0,0,0,0,0,0,0,0,0,0.00,0.00,0.00,0.00,0.0,0.0
2026-10-09T02:26:53+00:00,2026-10-08,daily,6,2026-10-10T10:00:00Z,512,Kudus,TOT,MID,65,0,0,0.2,3234,1594,14028,11549,a,,2026-07-23T12:01:23.848657Z,100,100,3,6,7,2.5,4,7,123,0,0,1,0,3,0,14,0,3,11,0.11,0.42,0.53,1.46,2.5,2.5
2026-10-09T02:26:53+00:00,2026-10-08,daily,6,2026-10-10T10:00:00Z,513,Xavi,TOT,MID,59,0,-1,0.0,67,93,359,1134,i,Knee injury - Unknown return date,2026-07-23T12:01:23.864304Z,0,0,4,2,,0.0,0,0,0,0,0,0,0,0,0,0,0,0,0,0.00,0.00,0.00,0.00,0.0,0.0
2026-10-09T02:26:53+00:00,2026-10-08,daily,6,2026-10-10T10:00:00Z,514,Tel,TOT,MID,57,-1,-3,0.2,272,2523,9204,47340,a,,,,,,3,3,0.5,0,8,257,3,0,0,1,4,0,13,1,1,11,0.21,0.23,0.44,5.55,0.5,0.5
2026-10-09T02:26:53+00:00,2026-10-08,daily,6,2026-10-10T10:00:00Z,515,Maddison,TOT,MID,63,0,-2,0.4,1040,2497,6089,96750,a,,2026-08-25T14:30:07.623508Z,100,100,,5,5,1.0,1,3,59,0,0,0,0,2,0,11,3,4,4,0.06,0.04,0.10,1.03,1.0,1.0
2026-10-09T02:26:53+00:00,2026-10-08,daily,6,2026-10-10T10:00:00Z,516,Bentancur,TOT,MID,55,0,0,0.2,538,1074,5302,8731,a,,,,,,,,3.5,4,15,370,4,0,0,2,6,0,60,22,15,23,0.02,0.12,0.14,5.59,3.5,3.5
2026-10-09T02:26:53+00:00,2026-10-08,daily,6,2026-10-10T10:00:00Z,517,Odobert,TOT,MID,55,0,0,0.0,41,18,143,113,i,Knee injury - Unknown return date,2026-07-23T12:01:23.879434Z,0,0,,,,0.0,0,0,0,0,0,0,0,0,0,0,0,0,0,0.00,0.00,0.00,0.00,0.0,0.0
2026-10-09T02:26:53+00:00,2026-10-08,daily,6,2026-10-10T10:00:00Z,518,P.M.Sarr,TOT,MID,49,0,-1,0.1,0,842,4138,23909,u,Has joined Juventus on loan for the rest of the season,2026-09-02T16:02:43.386849Z,0,0,,,,0.0,0,0,0,0,0,0,0,0,0,0,0,0,0,0.00,0.00,0.00,0.00,0.0,0.0
2026-10-09T02:26:53+00:00,2026-10-08,daily,6,2026-10-10T10:00:00Z,519,Gallagher,TOT,MID,53,0,-2,0.2,975,902,4831,17290,a,,,,,,,,3.0,6,9,134,2,1,0,1,2,0,18,1,8,9,0.37,0.12,0.49,2.65,3.0,3.0
2026-10-09T02:26:53+00:00,2026-10-08,daily,6,2026-10-10T10:00:00Z,520,Bergvall,TOT,MID,53,-1,-2,0.1,129,765,1909,9698,a,,,,,,,,1.0,1,3,78,1,0,0,0,2,0,13,1,3,9,0.06,0.27,0.33,2.21,1.0,1.0
2026-10-09T02:26:53+00:00,2026-10-08,daily,6,2026-10-10T10:00:00Z,521,Kulusevski,TOT,MID,65,0,0,0.0,136,97,442,762,i,Knee injury - Unknown return date,2026-07-23T12:01:23.895175Z,0,0,,,,0.0,0,0,0,0,0,0,0,0,0,0,0,0,0,0.00,0.00,0.00,0.00,0.0,0.0
2026-10-09T02:26:53+00:00,2026-10-08,daily,6,2026-10-10T10:00:00Z,522,Gray,TOT,MID,49,0,-1,0.2,578,1496,6955,13667,a,,,,,,,,2.5,2,9,307,3,0,0,1,7,0,27,10,5,12,0.23,0.05,0.28,6.11,2.5,2.5
2026-10-09T02:26:53+00:00,2026-10-08,daily,6,2026-10-10T10:00:00Z,523,Moore,TOT,MID,50,0,0,0.1,0,704,3258,17189,u,Has joined FC Köln on loan for the rest of the season,2026-09-04T12:39:48.098158Z,0,0,,,,0.0,0,3,89,1,0,0,0,4,0,3,0,1,2,0.40,0.02,0.42,3.26,0.0,0.0
2026-10-09T02:26:53+00:00,2026-10-08,daily,6,2026-10-10T10:00:00Z,524,Olusesi,TOT,MID,44,0,-1,1.0,6452,8820,56068,50665,a,,,,,,,,0.0,0,0,0,0,0,0,0,0,0,0,0,0,0,0.00,0.00,0.00,0.00,0.0,0.0
2026-10-09T02:26:53+00:00,2026-10-08,daily,6,2026-10-10T10:00:00Z,525,Fernandes,TOT,MID,57,-1,-3,0.7,627,8435,14608,126522,a,,,,,,,4,2.0,1,7,249,3,0,0,1,4,0,21,2,7,12,0.19,0.28,0.47,4.43,2.0,2.0
2026-10-09T02:26:53+00:00,2026-10-08,daily,6,2026-10-10T10:00:00Z,526,Solanke,TOT,FWD,58,0,-2,0.8,2775,7278,30322,96329,a,,,,,1,,,2.0,2,7,170,2,0,0,1,1,0,9,2,2,5,0.56,0.01,0.57,2.57,2.0,2.0
2026-10-09T02:26:53+00:00,2026-10-08,daily,6,2026-10-10T10:00:00Z,527,Richarlison,TOT,FWD,59,0,-1,0.6,0,7149,21439,269632,u,not included in squad.,2026-09-04T12:32:39.183614Z,0,0,,,,0.0,0,2,67,1,0,0,0,3,0,1,1,0,0,0.00,0.00,0.00,3.02,0.0,0.0
2026-10-09T02:26:53+00:00,2026-10-08,daily,6,2026-10-10T10:00:00Z,528,Scarlett,TOT,FWD,45,0,0,1.1,0,9853,42525,111420,u,Has joined Leyton Orient permanently,2026-09-02T16:02:43.413625Z,0,0,,,,0.0,0,0,0,0,0,0,0,0,0,0,0,0,0,0.00,0.00,0.00,0.00,0.0,0.0
2026-10-09T02:26:53+00:00,2026-10-08,daily,6,2026-10-10T10:00:00Z,578,Mudryk,TOT,MID,53,-1,-2,0.0,29,667,5449,7715,i,Ankle injury - Unknown return date,2026-09-11T18:00:09.154412Z,0,0,,,,0.0,0,1,16,0,0,0,0,0,0,0,0,0,0,0.00,0.00,0.00,0.16,0.0,0.0
2026-10-09T02:26:53+00:00,2026-10-08,daily,6,2026-10-10T10:00:00Z,601,Williams-Barnett,TOT,MID,45,0,0,0.1,204,855,10286,7138,a,,,,,,,,0.0,0,0,0,0,0,0,0,0,0,0,0,0,0,0.00,0.00,0.00,0.00,0.0,0.0
2026-10-09T02:26:53+00:00,2026-10-08,daily,6,2026-10-10T10:00:00Z,501,Danso,SUN,DEF,50,0,0,0.2,1489,999,6914,10036,a,,,,,,,,0.5,0,3,270,3,0,0,0,8,0,20,19,1,11,0.07,0.17,0.24,5.91,0.5,0.5
2026-10-09T02:26:53+00:00,2026-10-08,daily,6,2026-10-10T10:00:00Z,529,Roefs,SUN,GKP,49,0,-1,2.4,2628,16052,22477,182177,a,,,,,,,,1.0,0,11,450,5,0,0,1,10,6,0,7,0,35,0.00,0.01,0.01,8.66,1.0,1.0
2026-10-09T02:26:53+00:00,2026-10-08,daily,6,2026-10-10T10:00:00Z,530,Patterson,SUN,GKP,40,0,0,0.1,0,438,0,6090,u,Has joined Wrexham permanently,2026-08-12T14:08:03.064533Z,0,0,,,,0.0,0,0,0,0,0,0,0,0,0,0,0,0,0,0.00,0.00,0.00,0.00,0.0,0.0
2026-10-09T02:26:53+00:00,2026-10-08,daily,6,2026-10-10T10:00:00Z,531,Ellborg,SUN,GKP,44,-1,-1,0.1,178,323,1217,3404,a,,,,,,,,0.0,0,0,0,0,0,0,0,0,0,0,0,0,0,0.00,0.00,0.00,0.00,0.0,0.0
2026-10-09T02:26:53+00:00,2026-10-08,daily,6,2026-10-10T10:00:00Z,532,Ballard,SUN,DEF,49,0,-1,2.4,3748,30824,45647,331392,i,Hamstring injury - Unknown return date,2026-09-25T21:30:10.370384Z,,0,,,,1.0,2,14,450,5,0,0,1,10,0,49,39,10,12,0.31,0.16,0.47,8.66,1.0,0.0
2026-10-09T02:26:53+00:00,2026-10-08,daily,6,2026-10-10T10:00:00Z,533,Mukiele,SUN,DEF,54,0,-1,1.9,6703,11488,46034,132593,a,,2026-08-09T08:30:05.954750Z,100,100,,,,0.0,0,13,360,4,0,0,1,8,0,48,35,13,16,0.75,0.28,1.03,6.86,0.0,0.0
2026-10-09T02:26:53+00:00,2026-10-08,daily,6,2026-10-10T10:00:00Z,534,Hume,SUN,DEF,43,-1,-2,2.7,1553,40609,38179,408284,a,,,,,,,3,0.5,1,10,206,2,0,0,1,2,0,13,3,10,12,0.14,0.29,0.43,4.57,0.5,0.5
2026-10-09T02:26:53+00:00,2026-10-08,daily,6,2026-10-10T10:00:00Z,535,Alderete,SUN,DEF,48,-1,-2,0.2,322,1393,5076,27669,a,,2026-08-09T08:30:05.962393Z,100,100,,,,0.0,0,1,23,0,0,0,0,1,0,0,0,0,2,0.00,0.01,0.01,0.10,0.0,0.0
2026-10-09T02:26:53+00:00,2026-10-08,daily,6,2026-10-10T10:00:00Z,536,Reinildo,SUN,DEF,44,-1,-1,0.3,330,1945,4193,24745,a,,2026-09-12T21:30:09.421687Z,0,100,,,,-1.0,0,7,360,4,0,0,1,5,0,29,21,8,18,0.00,0.32,0.32,5.05,0.0,-1.0
2026-10-09T02:26:53+00:00,2026-10-08,daily,6,2026-10-10T10:00:00Z,537,Seelt,SUN,DEF,45,0,0,0.0,0,29,61,671,u,Has joined Swansea City on loan for the rest of the season,2026-08-29T00:34:52.425076Z,0,0,,,,0.0,0,0,0,0,0,0,0,0,0,0,0,0,0,0.00,0.00,0.00,0.00,0.0,0.0
2026-10-09T02:26:53+00:00,2026-10-08,daily,6,2026-10-10T10:00:00Z,538,Hjelde,SUN,DEF,40,0,0,0.0,0,200,0,2571,u,Has joined KV Mechelen on loan for the rest of the season,2026-08-12T14:08:03.081789Z,0,0,,,,0.0,0,0,0,0,0,0,0,0,0,0,0,0,0,0.00,0.00,0.00,0.00,0.0,0.0
2026-10-09T02:26:53+00:00,2026-10-08,daily,6,2026-10-10T10:00:00Z,539,O'Nien,SUN,DEF,39,-1,-1,2.5,22263,16107,37006,126007,a,,,,,,,,0.0,0,1,66,1,0,0,0,1,0,5,4,1,4,0.01,0.01,0.02,1.69,0.0,0.0
2026-10-09T02:26:53+00:00,2026-10-08,daily,6,2026-10-10T10:00:00Z,540,Masuaku,SUN,DEF,40,0,0,0.1,0,778,0,11711,u,Has joined Konyaspor permanently,2026-08-12T14:08:03.097784Z,0,0,,,,0.0,0,0,0,0,0,0,0,0,0,0,0,0,0,0.00,0.00,0.00,0.00,0.0,0.0
2026-10-09T02:26:53+00:00,2026-10-08,daily,6,2026-10-10T10:00:00Z,541,Meunier,SUN,DEF,45,0,0,0.3,2295,1307,7696,10059,a,,2026-08-16T08:30:07.830062Z,100,100,,,,2.5,3,14,396,5,0,1,1,8,0,20,16,4,15,0.34,0.58,0.92,5.94,2.5,2.5
2026-10-09T02:26:53+00:00,2026-10-08,daily,6,2026-10-10T10:00:00Z,542,E.Le Fée,SUN,MID,57,-1,-3,3.3,15443,33615,49015,660190,a,,,,,2,3,1,2.5,5,18,438,5,1,1,1,9,0,21,3,7,11,2.06,1.34,3.40,8.46,2.5,2.5
2026-10-09T02:26:53+00:00,2026-10-08,daily,6,2026-10-10T10:00:00Z,543,Diarra,SUN,MID,53,-1,-2,0.0,22,287,560,5970,i,Hamstring injury - Expected back 18 Oct,2026-08-30T16:30:08.428960Z,0,0,1,,,0.0,0,5,28,0,0,1,0,1,0,0,0,0,0,0.03,0.16,0.19,0.12,0.0,0.0
2026-10-09T02:26:53+00:00,2026-10-08,daily,6,2026-10-10T10:00:00Z,544,Xhaka,SUN,MID,55,0,0,3.6,8109,29930,132641,215019,a,,,,,,2,2,1.5,2,21,450,5,0,1,1,10,0,54,12,9,33,0.06,1.32,1.38,8.66,1.5,1.5
2026-10-09T02:26:53+00:00,2026-10-08,daily,6,2026-10-10T10:00:00Z,545,Sadiki,SUN,MID,49,0,-1,0.2,512,1799,5825,18824,a,,,,,,,,2.0,2,10,410,5,0,0,1,9,0,29,11,6,12,0.44,0.24,0.68,6.47,2.0,2.0
2026-10-09T02:26:53+00:00,2026-10-08,daily,6,2026-10-10T10:00:00Z,546,Adingra,SUN,MID,49,0,-1,0.0,0,241,240,7469,u,Has joined Ajax on loan for the rest of the season,2026-08-20T14:00:08.416985Z,0,0,,,,0.0,0,0,0,0,0,0,0,0,0,0,0,0,0,0.00,0.00,0.00,0.00,0.0,0.0
2026-10-09T02:26:53+00:00,2026-10-08,daily,6,2026-10-10T10:00:00Z,547,Mundle,SUN,MID,49,0,-1,0.0,11,61,202,679,i,Knee injury - Unknown return date,2026-09-09T14:00:08.462705Z,0,0,,,,0.0,0,1,1,0,0,0,0,0,0,1,1,0,0,0.17,0.00,0.17,0.09,0.0,0.0
2026-10-09T02:26:53+00:00,2026-10-08,daily,6,2026-10-10T10:00:00Z,548,Rigg,SUN,MID,49,0,-1,0.0,44,298,481,2918,a,,,,,,,,0.0,0,2,17,0,0,0,0,1,0,1,0,0,1,0.00,0.00,0.00,0.44,0.0,0.0
2026-10-09T02:26:53+00:00,2026-10-08,daily,6,2026-10-10T10:00:00Z,549,Talbi,SUN,MID,53,0,-2,0.1,135,698,1368,11918,a,,,,,,,,0.0,0,1,31,0,0,0,0,1,0,2,0,0,2,0.00,0.00,0.00,0.14,0.0,0.0
2026-10-09T02:26:53+00:00,2026-10-08,daily,6,2026-10-10T10:00:00Z,550,Jocelin.T,SUN,MID,50,0,0,0.0,55,59,329,440,a,,,,,,,,0.0,0,0,0,0,0,0,0,0,0,0,0,0,0,0.00,0.00,0.00,0.00,0.0,0.0
2026-10-09T02:26:53+00:00,2026-10-08,daily,6,2026-10-10T10:00:00Z,551,N.Angulo,SUN,MID,50,0,0,0.1,691,976,12970,10764,a,,,,,,1,,3.0,4,16,313,5,1,1,1,7,0,24,5,5,14,0.60,0.13,0.73,4.56,3.0,3.0
2026-10-09T02:26:53+00:00,2026-10-08,daily,6,2026-10-10T10:00:00Z,552,Brobbey,SUN,FWD,57,-1,-3,6.6,203165,80953,294623,967125,i,Hamstring injury - Expected back 25 Oct,2026-09-24T21:30:10.382142Z,,0,,,,9.0,17,24,399,5,3,0,1,9,0,11,1,0,10,2.94,0.11,3.05,8.18,9.0,0.0
2026-10-09T02:26:53+00:00,2026-10-08,daily,6,2026-10-10T10:00:00Z,553,Isidor,SUN,FWD,55,0,0,1.3,5852,14139,98154,89293,a,,,,,,,,1.0,1,15,117,0,1,1,0,3,0,5,0,2,3,1.49,0.01,1.50,3.78,1.0,1.0
2026-10-09T02:26:53+00:00,2026-10-08,daily,6,2026-10-10T10:00:00Z,612,Methalie,SUN,DEF,45,0,0,0.0,144,80,933,506,a,,2026-08-28T13:00:08.950445Z,100,100,,,,-0.5,-1,-1,90,1,0,0,0,5,0,3,2,1,4,0.03,0.01,0.04,2.82,-0.5,-0.5
2026-10-09T02:26:53+00:00,2026-10-08,daily,6,2026-10-10T10:00:00Z,613,Ahoka,SUN,MID,45,0,0,0.2,696,1856,25491,14554,a,,,,,,,,0.0,0,0,0,0,0,0,0,0,0,0,0,0,0,0.00,0.00,0.00,0.00,0.0,0.0
2026-10-09T02:26:53+00:00,2026-10-08,daily,6,2026-10-10T10:00:00Z,646,Fofana,SUN,MID,55,0,0,0.0,398,364,4134,1792,a,,,,,,,,1.0,1,3,60,0,0,0,0,2,0,3,0,1,2,0.39,0.01,0.40,3.25,1.0,1.0
2026-10-09T02:26:53+00:00,2026-10-08,daily,6,2026-10-10T10:00:00Z,651,J.Angulo,SUN,FWD,45,0,0,0.8,11450,8700,93318,31715,a,,,,,,,,0.0,0,0,0,0,0,0,0,0,0,0,0,0,0,0.00,0.00,0.00,0.00,0.0,0.0
