snapshot_utc,snapshot_date,snapshot_kind,event,deadline_time,id,web_name,team,position,now_cost,cost_change_event,cost_change_start,selected_by_percent,transfers_in_event,transfers_out_event,transfers_in,transfers_out,status,news,news_added,chance_of_playing_this_round,chance_of_playing_next_round,penalties_order,direct_freekicks_order,corners_and_indirect_freekicks_order,form,event_points,total_points,minutes,starts,goals_scored,assists,clean_sheets,goals_conceded,saves,defensive_contribution,clearances_blocks_interceptions,tackles,recoveries,expected_goals,expected_assists,expected_goal_involvements,expected_goals_conceded,ep_this,ep_next
2026-08-21T22:52:33+00:00,2026-08-21,daily,2,2026-08-28T17:30:00Z,1,Raya,ARS,GKP,60,0,0,37.6,2807,2350,2807,2350,a,,,,,,,,6.0,6,6,90,1,0,0,1,0,1,0,1,0,8,0.00,0.00,0.00,0.28,4.0,4.0
2026-08-21T22:52:33+00:00,2026-08-21,daily,2,2026-08-28T17:30:00Z,2,Arrizabalaga,ARS,GKP,50,0,0,0.1,25,108,25,108,a,,,,,,,,0.0,0,0,0,0,0,0,0,0,0,0,0,0,0,0.00,0.00,0.00,0.00,2.6,2.6
2026-08-21T22:52:33+00:00,2026-08-21,daily,2,2026-08-28T17:30:00Z,3,Meslier,ARS,GKP,50,0,0,0.0,10,39,10,39,a,,,,,,,,0.0,0,0,0,0,0,0,0,0,0,0,0,0,0,0.00,0.00,0.00,0.00,2.6,2.6
2026-08-21T22:52:33+00:00,2026-08-21,daily,2,2026-08-28T17:30:00Z,4,Gabriel,ARS,DEF,80,0,0,29.7,2406,5496,2406,5496,a,,,,,,,,5.0,5,5,90,1,0,0,1,0,0,3,3,0,2,0.04,0.01,0.05,0.28,4.0,4.0
2026-08-21T22:52:33+00:00,2026-08-21,daily,2,2026-08-28T17:30:00Z,5,J.Timber,ARS,DEF,65,0,0,0.1,37,266,37,266,i,Groin injury - Unknown return date,2026-07-23T12:01:23.272929Z,0,0,,,,0.0,0,0,0,0,0,0,0,0,0,0,0,0,0,0.00,0.00,0.00,0.00,0.0,0.0
2026-08-21T22:52:33+00:00,2026-08-21,daily,2,2026-08-28T17:30:00Z,6,Saliba,ARS,DEF,60,0,0,0.3,96,669,96,669,i,Back injury - Unknown return date,2026-07-23T12:01:23.289376Z,0,0,,,,0.0,0,0,0,0,0,0,0,0,0,0,0,0,0,0.00,0.00,0.00,0.00,0.0,0.0
2026-08-21T22:52:33+00:00,2026-08-21,daily,2,2026-08-28T17:30:00Z,7,Lewis-Skelly,ARS,MID,55,0,0,0.7,1222,384,1222,384,a,,,,,,,,3.0,3,3,90,1,0,0,1,0,0,7,1,1,5,0.05,0.11,0.16,0.28,2.0,2.0
2026-08-21T22:52:33+00:00,2026-08-21,daily,2,2026-08-28T17:30:00Z,8,Calafiori,ARS,DEF,55,0,0,39.8,25177,1753,25177,1753,a,,,,,,,,9.0,9,9,80,1,0,1,1,0,0,5,4,1,1,0.08,0.09,0.17,0.13,2.5,2.5
2026-08-21T22:52:33+00:00,2026-08-21,daily,2,2026-08-28T17:30:00Z,9,Hincapie,ARS,DEF,55,0,0,1.8,479,4451,479,4451,a,,,,,,,,1.0,1,1,9,0,0,0,0,0,0,0,0,0,0,0.00,0.00,0.00,0.15,2.5,2.5
2026-08-21T22:52:33+00:00,2026-08-21,daily,2,2026-08-28T17:30:00Z,10,White,ARS,DEF,55,0,0,4.5,4013,804,4013,804,a,,2026-07-23T12:01:23.305229Z,100,100,,,,11.0,11,11,90,1,0,1,1,0,0,5,4,1,3,0.09,0.21,0.30,0.28,2.5,2.5
2026-08-21T22:52:33+00:00,2026-08-21,daily,2,2026-08-28T17:30:00Z,11,Mosquera,ARS,DEF,55,0,0,6.3,2059,2493,2059,2493,a,,,,,,,,6.0,6,6,90,1,0,0,1,0,0,6,6,0,3,0.00,0.00,0.00,0.28,2.5,2.5
2026-08-21T22:52:33+00:00,2026-08-21,daily,2,2026-08-28T17:30:00Z,12,Saka,ARS,MID,95,0,0,9.4,3360,807,3360,807,a,,,,,1,2,2,9.0,9,9,67,1,1,0,1,0,0,7,2,1,4,0.64,0.07,0.71,0.13,3.2,3.2
2026-08-21T22:52:33+00:00,2026-08-21,daily,2,2026-08-28T17:30:00Z,13,Rice,ARS,MID,75,0,0,18.1,3294,7084,3294,7084,a,,,,,,1,1,3.0,3,3,67,1,0,0,1,0,0,5,2,0,3,0.07,0.07,0.14,0.13,2.6,2.6
2026-08-21T22:52:33+00:00,2026-08-21,daily,2,2026-08-28T17:30:00Z,14,Eze,ARS,MID,65,0,0,2.1,478,3638,478,3638,a,,,,,,3,,1.0,1,1,14,0,0,0,0,0,0,2,0,0,2,0.03,0.00,0.03,0.15,2.3,2.3
2026-08-21T22:52:33+00:00,2026-08-21,daily,2,2026-08-28T17:30:00Z,15,Ødegaard,ARS,MID,65,0,0,8.2,10644,1623,10644,1623,a,,,,,3,,4,11.0,11,11,75,1,1,0,1,0,0,8,1,3,4,0.20,0.10,0.30,0.13,2.3,2.3
2026-08-21T22:52:33+00:00,2026-08-21,daily,2,2026-08-28T17:30:00Z,16,Madueke,ARS,MID,65,0,0,0.3,89,639,89,639,a,,,,,,,6,1.0,1,1,22,0,0,0,0,0,0,2,0,0,2,0.00,0.04,0.04,0.15,2.3,2.3
2026-08-21T22:52:33+00:00,2026-08-21,daily,2,2026-08-28T17:30:00Z,17,Merino,ARS,MID,60,0,0,0.7,224,1167,224,1167,a,,,,,,,,1.0,1,1,14,0,0,0,0,0,0,2,0,0,2,0.11,0.02,0.13,0.15,2.1,2.1
2026-08-21T22:52:33+00:00,2026-08-21,daily,2,2026-08-28T17:30:00Z,18,Martinelli,ARS,MID,65,0,0,0.2,109,698,109,698,a,,,,,,,,0.0,0,0,0,0,0,0,0,0,0,0,0,0,0,0.00,0.00,0.00,0.00,2.3,2.3
2026-08-21T22:52:33+00:00,2026-08-21,daily,2,2026-08-28T17:30:00Z,19,Zubimendi,ARS,MID,55,0,0,1.2,128,1306,128,1306,a,,,,,,,,1.0,1,1,22,0,0,0,0,0,0,3,0,1,2,0.00,0.02,0.02,0.15,2.0,2.0
2026-08-21T22:52:33+00:00,2026-08-21,daily,2,2026-08-28T17:30:00Z,20,Dowman,ARS,MID,55,0,0,0.1,41,197,41,197,a,,,,,,,,0.0,0,0,0,0,0,0,0,0,0,0,0,0,0,0.00,0.00,0.00,0.00,2.0,2.0
2026-08-21T22:52:33+00:00,2026-08-21,daily,2,2026-08-28T17:30:00Z,22,Nwaneri,ARS,MID,55,0,0,0.0,6,29,6,29,a,,,,,,,,0.0,0,0,0,0,0,0,0,0,0,0,0,0,0,0.00,0.00,0.00,0.00,2.0,2.0
2026-08-21T22:52:33+00:00,2026-08-21,daily,2,2026-08-28T17:30:00Z,23,Fábio Vieira,ARS,MID,55,0,0,0.0,6,14,6,14,a,,,,,,,,0.0,0,0,0,0,0,0,0,0,0,0,0,0,0,0.00,0.00,0.00,0.00,2.0,2.0
2026-08-21T22:52:33+00:00,2026-08-21,daily,2,2026-08-28T17:30:00Z,24,Nelson,ARS,MID,55,0,0,0.0,3,11,3,11,a,,,,,,,,0.0,0,0,0,0,0,0,0,0,0,0,0,0,0,0.00,0.00,0.00,0.00,2.0,2.0
2026-08-21T22:52:33+00:00,2026-08-21,daily,2,2026-08-28T17:30:00Z,25,Gyökeres,ARS,FWD,75,0,0,9.0,617,17173,617,17173,a,,,,,2,,,0.0,0,0,0,0,0,0,0,0,0,0,0,0,0,0.00,0.00,0.00,0.00,2.4,2.4
2026-08-21T22:52:33+00:00,2026-08-21,daily,2,2026-08-28T17:30:00Z,26,Havertz,ARS,FWD,75,0,0,5.5,13525,1112,13525,1112,a,,,,,,,,6.0,6,6,90,1,1,0,1,0,0,2,2,0,0,0.24,0.03,0.27,0.28,2.4,2.4
2026-08-21T22:52:33+00:00,2026-08-21,daily,2,2026-08-28T17:30:00Z,27,G.Jesus,ARS,FWD,60,0,0,0.4,177,656,177,656,a,,,,,,,,0.0,0,0,0,0,0,0,0,0,0,0,0,0,0,0.00,0.00,0.00,0.00,2.0,2.0
2026-08-21T22:52:33+00:00,2026-08-21,daily,2,2026-08-28T17:30:00Z,31,Konsa,ARS,DEF,45,0,0,13.2,4878,17348,4878,17348,a,,,,,,,,0.0,0,0,0,0,0,0,0,0,0,0,0,0,0,0.00,0.00,0.00,0.00,1.7,1.7
2026-08-21T22:52:33+00:00,2026-08-21,daily,2,2026-08-28T17:30:00Z,452,Bruno G.,ARS,MID,70,0,0,4.2,88,9823,88,9823,d,Thigh injury - 75% chance of playing,2026-08-20T17:00:08.846118Z,75,75,4,,5,0.0,0,0,0,0,0,0,0,0,0,0,0,0,0,0.00,0.00,0.00,0.00,1.8,1.8
2026-08-21T22:52:33+00:00,2026-08-21,daily,2,2026-08-28T17:30:00Z,557,Tzolis,ARS,MID,65,0,0,25.2,17292,1423,17292,1423,a,,,,,,,3,6.0,6,6,75,1,0,1,1,0,0,6,2,1,3,0.24,0.14,0.38,0.13,2.3,2.3
2026-08-21T22:52:33+00:00,2026-08-21,daily,2,2026-08-28T17:30:00Z,28,Martinez,AVL,GKP,50,0,0,4.4,804,1019,804,1019,a,,,,,,,,0.0,0,0,0,0,0,0,0,0,0,0,0,0,0,0.00,0.00,0.00,0.00,2.6,2.6
2026-08-21T22:52:33+00:00,2026-08-21,daily,2,2026-08-28T17:30:00Z,29,M.Bizot,AVL,GKP,45,0,0,0.1,39,17,39,17,a,,,,,,,,0.0,0,0,0,0,0,0,0,0,0,0,0,0,0,0.00,0.00,0.00,0.00,1.9,1.9
2026-08-21T22:52:33+00:00,2026-08-21,daily,2,2026-08-28T17:30:00Z,30,Digne,AVL,DEF,45,0,0,0.1,0,585,0,585,u,Has joined Paris Saint-Germain permanently,2026-08-10T14:03:30.089007Z,0,0,,,,0.0,0,0,0,0,0,0,0,0,0,0,0,0,0,0.00,0.00,0.00,0.00,0.0,0.0
2026-08-21T22:52:33+00:00,2026-08-21,daily,2,2026-08-28T17:30:00Z,32,Cash,AVL,DEF,45,0,0,8.9,6515,903,6515,903,a,,,,,,,1,0.0,0,0,0,0,0,0,0,0,0,0,0,0,0,0.00,0.00,0.00,0.00,1.7,1.7
2026-08-21T22:52:33+00:00,2026-08-21,daily,2,2026-08-28T17:30:00Z,33,Mings,AVL,DEF,45,0,0,0.4,633,64,633,64,a,,,,,,,,0.0,0,0,0,0,0,0,0,0,0,0,0,0,0,0.00,0.00,0.00,0.00,1.7,1.7
2026-08-21T22:52:33+00:00,2026-08-21,daily,2,2026-08-28T17:30:00Z,34,Pau,AVL,DEF,45,0,0,0.4,384,84,384,84,a,,,,,,,,0.0,0,0,0,0,0,0,0,0,0,0,0,0,0,0.00,0.00,0.00,0.00,1.7,1.7
2026-08-21T22:52:33+00:00,2026-08-21,daily,2,2026-08-28T17:30:00Z,35,Bogarde,AVL,MID,50,0,0,0.1,109,37,109,37,a,,,,,,,,0.0,0,0,0,0,0,0,0,0,0,0,0,0,0,0.00,0.00,0.00,0.00,1.5,1.5
2026-08-21T22:52:33+00:00,2026-08-21,daily,2,2026-08-28T17:30:00Z,36,Maatsen,AVL,DEF,45,0,0,0.8,475,105,475,105,a,,,,,,,,0.0,0,0,0,0,0,0,0,0,0,0,0,0,0,0.00,0.00,0.00,0.00,1.7,1.7
2026-08-21T22:52:33+00:00,2026-08-21,daily,2,2026-08-28T17:30:00Z,37,Lindelöf,AVL,DEF,45,0,0,0.3,320,55,320,55,a,,,,,,,,0.0,0,0,0,0,0,0,0,0,0,0,0,0,0,0.00,0.00,0.00,0.00,1.7,1.7
2026-08-21T22:52:33+00:00,2026-08-21,daily,2,2026-08-28T17:30:00Z,38,A.García,AVL,DEF,40,0,0,1.8,807,297,807,297,a,,,,,,,,0.0,0,0,0,0,0,0,0,0,0,0,0,0,0,0.00,0.00,0.00,0.00,1.0,1.0
2026-08-21T22:52:33+00:00,2026-08-21,daily,2,2026-08-28T17:30:00Z,39,Nedeljkovic,AVL,DEF,40,0,0,0.3,0,621,0,621,u,Has joined Rangers on loan for the rest of the season,2026-08-19T13:56:46.385411Z,0,0,,,,0.0,0,0,0,0,0,0,0,0,0,0,0,0,0,0.00,0.00,0.00,0.00,0.0,0.0
2026-08-21T22:52:33+00:00,2026-08-21,daily,2,2026-08-28T17:30:00Z,41,Buendía,AVL,MID,60,0,0,1.4,382,286,382,286,a,,,,,1,1,,0.0,0,0,0,0,0,0,0,0,0,0,0,0,0,0.00,0.00,0.00,0.00,2.1,2.1
2026-08-21T22:52:33+00:00,2026-08-21,daily,2,2026-08-28T17:30:00Z,44,Bailey,AVL,MID,55,0,0,0.2,97,57,97,57,a,,,,,,,,0.0,0,0,0,0,0,0,0,0,0,0,0,0,0,0.00,0.00,0.00,0.00,2.0,2.0
2026-08-21T22:52:33+00:00,2026-08-21,daily,2,2026-08-28T17:30:00Z,45,McGinn,AVL,MID,55,0,0,3.3,661,533,661,533,a,,,,,,,2,0.0,0,0,0,0,0,0,0,0,0,0,0,0,0,0.00,0.00,0.00,0.00,2.0,2.0
2026-08-21T22:52:33+00:00,2026-08-21,daily,2,2026-08-28T17:30:00Z,46,Barkley,AVL,MID,50,0,0,0.2,177,65,177,65,a,,,,,,,,0.0,0,0,0,0,0,0,0,0,0,0,0,0,0,0.00,0.00,0.00,0.00,1.5,1.5
2026-08-21T22:52:33+00:00,2026-08-21,daily,2,2026-08-28T17:30:00Z,47,Kamara,AVL,MID,50,0,0,0.4,287,131,287,131,a,,2026-07-23T12:01:23.337269Z,100,100,,,,0.0,0,0,0,0,0,0,0,0,0,0,0,0,0,0.00,0.00,0.00,0.00,1.5,1.5
2026-08-21T22:52:33+00:00,2026-08-21,daily,2,2026-08-28T17:30:00Z,48,Onana,AVL,MID,50,0,0,0.0,17,35,17,35,i,Knee injury - Unknown return date,2026-07-23T12:01:23.352497Z,0,0,,,,0.0,0,0,0,0,0,0,0,0,0,0,0,0,0,0.00,0.00,0.00,0.00,0.0,0.0
2026-08-21T22:52:33+00:00,2026-08-21,daily,2,2026-08-28T17:30:00Z,49,Iling Jr,AVL,MID,50,0,0,0.0,0,15,0,15,u,Has joined Bolton Wanderers on loan for the rest of the season,2026-08-17T13:52:28.532616Z,0,0,,,,0.0,0,0,0,0,0,0,0,0,0,0,0,0,0,0.00,0.00,0.00,0.00,0.0,0.0
2026-08-21T22:52:33+00:00,2026-08-21,daily,2,2026-08-28T17:30:00Z,50,Burrowes,AVL,MID,45,0,0,0.7,339,149,339,149,a,,,,,,,,0.0,0,0,0,0,0,0,0,0,0,0,0,0,0,0.00,0.00,0.00,0.00,1.0,1.0
2026-08-21T22:52:33+00:00,2026-08-21,daily,2,2026-08-28T17:30:00Z,51,George Hemmings,AVL,MID,45,0,0,0.7,216,88,216,88,a,,,,,,,,0.0,0,0,0,0,0,0,0,0,0,0,0,0,0,0.00,0.00,0.00,0.00,1.0,1.0
2026-08-21T22:52:33+00:00,2026-08-21,daily,2,2026-08-28T17:30:00Z,52,Alysson,AVL,MID,50,0,0,0.0,33,13,33,13,a,,,,,,,,0.0,0,0,0,0,0,0,0,0,0,0,0,0,0,0.00,0.00,0.00,0.00,1.5,1.5
2026-08-21T22:52:33+00:00,2026-08-21,daily,2,2026-08-28T17:30:00Z,53,Manzambi,AVL,MID,60,0,0,0.3,27,772,27,772,i,Knee injury - Unknown return date,2026-08-15T15:30:06.388335Z,0,0,,,,0.0,0,0,0,0,0,0,0,0,0,0,0,0,0,0.00,0.00,0.00,0.00,0.0,0.0
2026-08-21T22:52:33+00:00,2026-08-21,daily,2,2026-08-28T17:30:00Z,54,Gomes,AVL,MID,55,0,0,0.1,5,125,5,125,i,Calf injury - Unknown return date,2026-08-15T16:00:07.546807Z,0,0,,,,0.0,0,0,0,0,0,0,0,0,0,0,0,0,0,0.00,0.00,0.00,0.00,0.0,0.0
2026-08-21T22:52:33+00:00,2026-08-21,daily,2,2026-08-28T17:30:00Z,55,Watkins,AVL,FWD,80,0,0,10.2,891,2628,891,2628,a,,,,,2,,,0.0,0,0,0,0,0,0,0,0,0,0,0,0,0,0.00,0.00,0.00,0.00,2.5,2.5
2026-08-21T22:52:33+00:00,2026-08-21,daily,2,2026-08-28T17:30:00Z,56,Abraham,AVL,FWD,55,0,0,0.1,48,106,48,106,d,Knock - 75% chance of playing,2026-08-15T16:00:07.558543Z,75,75,,,,0.0,0,0,0,0,0,0,0,0,0,0,0,0,0,0.00,0.00,0.00,0.00,1.3,1.3
2026-08-21T22:52:33+00:00,2026-08-21,daily,2,2026-08-28T17:30:00Z,160,Garnacho,AVL,MID,60,0,0,0.6,173,215,173,215,a,,,,,,,,0.0,0,0,0,0,0,0,0,0,0,0,0,0,0,0.00,0.00,0.00,0.00,2.1,2.1
2026-08-21T22:52:33+00:00,2026-08-21,daily,2,2026-08-28T17:30:00Z,582,Madjo,AVL,FWD,55,0,0,0.5,106,341,106,341,i,Unspecified injury - Unknown return date,2026-08-15T16:00:07.974271Z,0,0,,,,0.0,0,0,0,0,0,0,0,0,0,0,0,0,0,0.00,0.00,0.00,0.00,0.0,0.0
2026-08-21T22:52:33+00:00,2026-08-21,daily,2,2026-08-28T17:30:00Z,596,Ruggeri,AVL,DEF,45,0,0,0.1,149,37,149,37,a,,,,,,,,0.0,0,0,0,0,0,0,0,0,0,0,0,0,0,0.00,0.00,0.00,0.00,1.7,1.7
2026-08-21T22:52:33+00:00,2026-08-21,daily,2,2026-08-28T17:30:00Z,597,Suzuki,AVL,GKP,50,0,0,0.7,334,135,334,135,a,,,,,,,,0.0,0,0,0,0,0,0,0,0,0,0,0,0,0,0.00,0.00,0.00,0.00,2.6,2.6
2026-08-21T22:52:33+00:00,2026-08-21,daily,2,2026-08-28T17:30:00Z,57,Petrović,BOU,GKP,45,0,0,3.2,378,242,378,242,a,,,,,,,,0.0,0,0,0,0,0,0,0,0,0,0,0,0,0,0.00,0.00,0.00,0.00,1.9,1.9
2026-08-21T22:52:33+00:00,2026-08-21,daily,2,2026-08-28T17:30:00Z,58,Forster,BOU,GKP,40,0,0,3.2,291,166,291,166,a,,,,,,,,0.0,0,0,0,0,0,0,0,0,0,0,0,0,0,0.00,0.00,0.00,0.00,1.0,1.0
2026-08-21T22:52:33+00:00,2026-08-21,daily,2,2026-08-28T17:30:00Z,59,Dennis,BOU,GKP,40,0,0,0.2,58,13,58,13,a,,,,,,,,0.0,0,0,0,0,0,0,0,0,0,0,0,0,0,0.00,0.00,0.00,0.00,1.0,1.0
2026-08-21T22:52:33+00:00,2026-08-21,daily,2,2026-08-28T17:30:00Z,60,Hill,BOU,DEF,55,0,0,0.8,436,199,436,199,a,,,,,,,,0.0,0,0,0,0,0,0,0,0,0,0,0,0,0,0.00,0.00,0.00,0.00,2.5,2.5
2026-08-21T22:52:33+00:00,2026-08-21,daily,2,2026-08-28T17:30:00Z,61,Truffert,BOU,DEF,55,0,0,4.4,786,596,786,596,a,,,,,,,,0.0,0,0,0,0,0,0,0,0,0,0,0,0,0,0.00,0.00,0.00,0.00,2.5,2.5
2026-08-21T22:52:33+00:00,2026-08-21,daily,2,2026-08-28T17:30:00Z,62,Diakité,BOU,DEF,50,0,0,0.2,255,38,255,38,a,,,,,,,,0.0,0,0,0,0,0,0,0,0,0,0,0,0,0,0.00,0.00,0.00,0.00,2.2,2.2
2026-08-21T22:52:33+00:00,2026-08-21,daily,2,2026-08-28T17:30:00Z,63,Milosavljević,BOU,DEF,50,0,0,0.0,5,19,5,19,i,Unspecified injury - Unknown return date,2026-08-06T10:00:10.456051Z,0,0,,,,0.0,0,0,0,0,0,0,0,0,0,0,0,0,0,0.00,0.00,0.00,0.00,0.0,0.0
2026-08-21T22:52:33+00:00,2026-08-21,daily,2,2026-08-28T17:30:00Z,64,Smith,BOU,DEF,45,0,0,0.1,111,17,111,17,a,,,,,,,,0.0,0,0,0,0,0,0,0,0,0,0,0,0,0,0.00,0.00,0.00,0.00,1.7,1.7
2026-08-21T22:52:33+00:00,2026-08-21,daily,2,2026-08-28T17:30:00Z,65,J.Araujo,BOU,DEF,45,0,0,0.0,8,46,8,46,i,Thigh injury - Unknown return date,2026-08-09T08:00:05.645826Z,0,0,,,,0.0,0,0,0,0,0,0,0,0,0,0,0,0,0,0.00,0.00,0.00,0.00,0.0,0.0
2026-08-21T22:52:33+00:00,2026-08-21,daily,2,2026-08-28T17:30:00Z,66,Soler,BOU,DEF,40,0,0,0.2,39,97,39,97,d,Hamstring injury - 75% chance of playing,2026-08-15T16:30:07.021055Z,75,75,,,,0.0,0,0,0,0,0,0,0,0,0,0,0,0,0,0.00,0.00,0.00,0.00,0.8,0.8
2026-08-21T22:52:33+00:00,2026-08-21,daily,2,2026-08-28T17:30:00Z,67,Rayan,BOU,MID,65,0,0,2.7,679,613,679,613,a,,,,,,,,0.0,0,0,0,0,0,0,0,0,0,0,0,0,0,0.00,0.00,0.00,0.00,2.3,2.3
2026-08-21T22:52:33+00:00,2026-08-21,daily,2,2026-08-28T17:30:00Z,68,Tavernier,BOU,MID,60,0,0,1.6,172,193,172,193,a,,,,,3,1,1,0.0,0,0,0,0,0,0,0,0,0,0,0,0,0,0.00,0.00,0.00,0.00,2.1,2.1
2026-08-21T22:52:33+00:00,2026-08-21,daily,2,2026-08-28T17:30:00Z,69,Scott,BOU,MID,60,0,0,1.5,301,295,301,295,a,,,,,,4,2,0.0,0,0,0,0,0,0,0,0,0,0,0,0,0,0.00,0.00,0.00,0.00,2.1,2.1
2026-08-21T22:52:33+00:00,2026-08-21,daily,2,2026-08-28T17:30:00Z,70,Kluivert,BOU,MID,60,0,0,1.1,370,229,370,229,a,,,,,2,2,3,0.0,0,0,0,0,0,0,0,0,0,0,0,0,0,0.00,0.00,0.00,0.00,2.1,2.1
2026-08-21T22:52:33+00:00,2026-08-21,daily,2,2026-08-28T17:30:00Z,71,Cook,BOU,MID,50,0,0,0.2,142,45,142,45,a,,,,,,,5,0.0,0,0,0,0,0,0,0,0,0,0,0,0,0,0.00,0.00,0.00,0.00,1.5,1.5
2026-08-21T22:52:33+00:00,2026-08-21,daily,2,2026-08-28T17:30:00Z,72,Gannon-Doak,BOU,MID,50,0,0,0.1,35,22,35,22,a,,,,,,,,0.0,0,0,0,0,0,0,0,0,0,0,0,0,0,0.00,0.00,0.00,0.00,1.5,1.5
2026-08-21T22:52:33+00:00,2026-08-21,daily,2,2026-08-28T17:30:00Z,73,Adams,BOU,MID,50,0,0,0.2,28,231,28,231,d,Unspecified injury - 75% chance of playing,2026-08-15T16:30:07.029928Z,75,75,,,,0.0,0,0,0,0,0,0,0,0,0,0,0,0,0,0.00,0.00,0.00,0.00,1.1,1.1
2026-08-21T22:52:33+00:00,2026-08-21,daily,2,2026-08-28T17:30:00Z,74,Brooks,BOU,MID,50,0,0,0.1,8,44,8,44,d,Unspecified injury - 75% chance of playing,2026-08-15T16:30:07.037929Z,75,75,,3,4,0.0,0,0,0,0,0,0,0,0,0,0,0,0,0,0.00,0.00,0.00,0.00,1.1,1.1
2026-08-21T22:52:33+00:00,2026-08-21,daily,2,2026-08-28T17:30:00Z,75,Christie,BOU,MID,50,0,0,0.0,7,8,7,8,s,Suspended until 29 Aug,2026-07-24T17:30:10.035483Z,0,0,,,6,0.0,0,0,0,0,0,0,0,0,0,0,0,0,0,0.00,0.00,0.00,0.00,0.0,0.0
2026-08-21T22:52:33+00:00,2026-08-21,daily,2,2026-08-28T17:30:00Z,76,Tóth.A,BOU,MID,50,0,0,0.0,5,6,5,6,a,,,,,,,,0.0,0,0,0,0,0,0,0,0,0,0,0,0,0,0.00,0.00,0.00,0.00,1.5,1.5
2026-08-21T22:52:33+00:00,2026-08-21,daily,2,2026-08-28T17:30:00Z,77,Adli,BOU,MID,50,0,0,0.0,3,82,3,82,i,Unspecified injury - Unknown return date,2026-08-15T16:00:07.590566Z,0,0,,,,0.0,0,0,0,0,0,0,0,0,0,0,0,0,0,0.00,0.00,0.00,0.00,0.0,0.0
2026-08-21T22:52:33+00:00,2026-08-21,daily,2,2026-08-28T17:30:00Z,78,Kroupi.Jr,BOU,MID,75,0,0,0.5,39,1233,39,1233,i,Foot injury - Unknown return date,2026-07-29T17:30:09.796802Z,0,0,1,,,0.0,0,0,0,0,0,0,0,0,0,0,0,0,0,0.00,0.00,0.00,0.00,0.0,0.0
2026-08-21T22:52:33+00:00,2026-08-21,daily,2,2026-08-28T17:30:00Z,79,Evanilson,BOU,FWD,60,0,0,2.3,732,402,732,402,a,,,,,,,,0.0,0,0,0,0,0,0,0,0,0,0,0,0,0,0.00,0.00,0.00,0.00,2.0,2.0
2026-08-21T22:52:33+00:00,2026-08-21,daily,2,2026-08-28T17:30:00Z,80,Enes Ünal,BOU,FWD,55,0,0,0.0,0,109,0,109,u,Has joined Getafe permanently,2026-08-14T14:14:21.881112Z,0,0,,,,0.0,0,0,0,0,0,0,0,0,0,0,0,0,0,0.00,0.00,0.00,0.00,0.0,0.0
2026-08-21T22:52:33+00:00,2026-08-21,daily,2,2026-08-28T17:30:00Z,81,Rodríguez,BOU,FWD,60,0,0,0.1,13,85,13,85,d,Unspecified injury - 75% chance of playing,2026-08-15T16:30:07.054142Z,75,75,,,,0.0,0,0,0,0,0,0,0,0,0,0,0,0,0,0.00,0.00,0.00,0.00,1.5,1.5
2026-08-21T22:52:33+00:00,2026-08-21,daily,2,2026-08-28T17:30:00Z,566,Silva,BOU,DEF,50,0,0,0.3,130,40,130,40,a,,,,,,,,0.0,0,0,0,0,0,0,0,0,0,0,0,0,0,0.00,0.00,0.00,0.00,2.2,2.2
2026-08-21T22:52:33+00:00,2026-08-21,daily,2,2026-08-28T17:30:00Z,573,Sanchez,BOU,DEF,45,0,0,0.2,61,34,61,34,a,,,,,,,,0.0,0,0,0,0,0,0,0,0,0,0,0,0,0,0.00,0.00,0.00,0.00,1.7,1.7
2026-08-21T22:52:33+00:00,2026-08-21,daily,2,2026-08-28T17:30:00Z,82,Kelleher,BRE,GKP,50,0,0,5.8,491,430,491,430,a,,,,,,,,0.0,0,0,0,0,0,0,0,0,0,0,0,0,0,0.00,0.00,0.00,0.00,2.6,2.6
2026-08-21T22:52:33+00:00,2026-08-21,daily,2,2026-08-28T17:30:00Z,83,Valdimarsson,BRE,GKP,45,0,0,0.1,16,14,16,14,a,,,,,,,,0.0,0,0,0,0,0,0,0,0,0,0,0,0,0,0.00,0.00,0.00,0.00,1.9,1.9
2026-08-21T22:52:33+00:00,2026-08-21,daily,2,2026-08-28T17:30:00Z,84,Collins,BRE,DEF,55,0,0,1.8,437,293,437,293,a,,,,,,,,0.0,0,0,0,0,0,0,0,0,0,0,0,0,0,0.00,0.00,0.00,0.00,2.5,2.5
2026-08-21T22:52:33+00:00,2026-08-21,daily,2,2026-08-28T17:30:00Z,85,Van den Berg,BRE,DEF,50,0,0,0.2,17,323,17,323,i,Groin injury - Unknown return date,2026-08-15T15:30:06.416627Z,0,0,,,,0.0,0,0,0,0,0,0,0,0,0,0,0,0,0,0.00,0.00,0.00,0.00,0.0,0.0
2026-08-21T22:52:33+00:00,2026-08-21,daily,2,2026-08-28T17:30:00Z,86,Lewis-Potter,BRE,MID,55,0,0,0.4,53,66,53,66,a,,,,,,1,,0.0,0,0,0,0,0,0,0,0,0,0,0,0,0,0.00,0.00,0.00,0.00,2.0,2.0
2026-08-21T22:52:33+00:00,2026-08-21,daily,2,2026-08-28T17:30:00Z,87,Ajer,BRE,DEF,45,0,0,3.6,833,189,833,189,a,,,,,,,,0.0,0,0,0,0,0,0,0,0,0,0,0,0,0,0.00,0.00,0.00,0.00,1.7,1.7
2026-08-21T22:52:33+00:00,2026-08-21,daily,2,2026-08-28T17:30:00Z,88,Kayode,BRE,DEF,45,0,0,3.2,1147,203,1147,203,a,,,,,,,,0.0,0,0,0,0,0,0,0,0,0,0,0,0,0,0.00,0.00,0.00,0.00,1.7,1.7
2026-08-21T22:52:33+00:00,2026-08-21,daily,2,2026-08-28T17:30:00Z,89,Henry,BRE,DEF,45,0,0,0.3,64,37,64,37,a,,,,,,,,0.0,0,0,0,0,0,0,0,0,0,0,0,0,0,0.00,0.00,0.00,0.00,1.7,1.7
2026-08-21T22:52:33+00:00,2026-08-21,daily,2,2026-08-28T17:30:00Z,90,Hickey,BRE,DEF,45,0,0,0.1,51,13,51,13,a,,,,,,,,0.0,0,0,0,0,0,0,0,0,0,0,0,0,0,0.00,0.00,0.00,0.00,1.7,1.7
2026-08-21T22:52:33+00:00,2026-08-21,daily,2,2026-08-28T17:30:00Z,91,Pinnock,BRE,DEF,45,0,0,0.1,36,12,36,12,a,,,,,,,,0.0,0,0,0,0,0,0,0,0,0,0,0,0,0,0.00,0.00,0.00,0.00,1.7,1.7
2026-08-21T22:52:33+00:00,2026-08-21,daily,2,2026-08-28T17:30:00Z,92,Ji-soo,BRE,DEF,45,0,0,0.0,10,2,10,2,a,,,,,,,,0.0,0,0,0,0,0,0,0,0,0,0,0,0,0,0.00,0.00,0.00,0.00,1.7,1.7
2026-08-21T22:52:33+00:00,2026-08-21,daily,2,2026-08-28T17:30:00Z,93,Schuster,BRE,DEF,45,0,0,0.2,9,26,9,26,a,,,,,,,,0.0,0,0,0,0,0,0,0,0,0,0,0,0,0,0.00,0.00,0.00,0.00,1.7,1.7
2026-08-21T22:52:33+00:00,2026-08-21,daily,2,2026-08-28T17:30:00Z,94,Schade,BRE,MID,60,0,0,3.7,394,308,394,308,a,,,,,2,,,0.0,0,0,0,0,0,0,0,0,0,0,0,0,0,0.00,0.00,0.00,0.00,2.1,2.1
2026-08-21T22:52:33+00:00,2026-08-21,daily,2,2026-08-28T17:30:00Z,95,O.Dango,BRE,MID,65,0,0,1.2,132,220,132,220,a,,,,,,,2,0.0,0,0,0,0,0,0,0,0,0,0,0,0,0,0.00,0.00,0.00,0.00,2.3,2.3
2026-08-21T22:52:33+00:00,2026-08-21,daily,2,2026-08-28T17:30:00Z,96,Damsgaard,BRE,MID,55,0,0,0.6,101,83,101,83,a,,,,,,3,3,0.0,0,0,0,0,0,0,0,0,0,0,0,0,0,0.00,0.00,0.00,0.00,2.0,2.0
2026-08-21T22:52:33+00:00,2026-08-21,daily,2,2026-08-28T17:30:00Z,97,Jensen,BRE,MID,55,0,0,0.2,14,26,14,26,a,,,,,3,2,1,0.0,0,0,0,0,0,0,0,0,0,0,0,0,0,0.00,0.00,0.00,0.00,2.0,2.0
2026-08-21T22:52:33+00:00,2026-08-21,daily,2,2026-08-28T17:30:00Z,98,Janelt,BRE,MID,50,0,0,0.1,28,14,28,14,a,,,,,,,4,0.0,0,0,0,0,0,0,0,0,0,0,0,0,0,0.00,0.00,0.00,0.00,1.5,1.5
2026-08-21T22:52:33+00:00,2026-08-21,daily,2,2026-08-28T17:30:00Z,99,Milambo,BRE,MID,50,0,0,0.0,1,5,1,5,i,Knee injury - Unknown return date,2026-07-23T12:01:23.384798Z,0,0,,,,0.0,0,0,0,0,0,0,0,0,0,0,0,0,0,0.00,0.00,0.00,0.00,0.0,0.0
2026-08-21T22:52:33+00:00,2026-08-21,daily,2,2026-08-28T17:30:00Z,100,Carvalho,BRE,MID,50,0,0,0.0,3,11,3,11,d,Lack of match fitness - 75% chance of playing,2026-08-18T13:58:17.442072Z,75,75,,,,0.0,0,0,0,0,0,0,0,0,0,0,0,0,0,0.00,0.00,0.00,0.00,1.1,1.1
2026-08-21T22:52:33+00:00,2026-08-21,daily,2,2026-08-28T17:30:00Z,102,Yarmoliuk,BRE,MID,50,0,0,1.4,66,142,66,142,a,,,,,,,,0.0,0,0,0,0,0,0,0,0,0,0,0,0,0,0.00,0.00,0.00,0.00,1.5,1.5
2026-08-21T22:52:33+00:00,2026-08-21,daily,2,2026-08-28T17:30:00Z,103,Dasilva,BRE,MID,50,0,0,0.0,18,9,18,9,a,,,,,,,,0.0,0,0,0,0,0,0,0,0,0,0,0,0,0,0.00,0.00,0.00,0.00,1.5,1.5
2026-08-21T22:52:33+00:00,2026-08-21,daily,2,2026-08-28T17:30:00Z,105,Anthony,BRE,MID,60,0,0,0.2,39,35,39,35,a,,,,,,,,0.0,0,0,0,0,0,0,0,0,0,0,0,0,0,0.00,0.00,0.00,0.00,2.1,2.1
2026-08-21T22:52:33+00:00,2026-08-21,daily,2,2026-08-28T17:30:00Z,106,Thiago,BRE,FWD,80,0,0,17.0,1897,2294,1897,2294,a,,,,,1,,,0.0,0,0,0,0,0,0,0,0,0,0,0,0,0,0.00,0.00,0.00,0.00,2.5,2.5
2026-08-21T22:52:33+00:00,2026-08-21,daily,2,2026-08-28T17:30:00Z,107,Furo,BRE,FWD,45,0,0,0.9,437,189,437,189,a,,,,,,,,0.0,0,0,0,0,0,0,0,0,0,0,0,0,0,0.00,0.00,0.00,0.00,1.0,1.0
2026-08-21T22:52:33+00:00,2026-08-21,daily,2,2026-08-28T17:30:00Z,108,Wilson,BRE,FWD,55,0,0,0.4,210,94,210,94,a,,,,,,,,0.0,0,0,0,0,0,0,0,0,0,0,0,0,0,0.00,0.00,0.00,0.00,1.8,1.8
2026-08-21T22:52:33+00:00,2026-08-21,daily,2,2026-08-28T17:30:00Z,565,M.Sangaré,BRE,MID,55,0,0,3.3,244,182,244,182,a,,,,,,,,0.0,0,0,0,0,0,0,0,0,0,0,0,0,0,0.00,0.00,0.00,0.00,2.0,2.0
2026-08-21T22:52:33+00:00,2026-08-21,daily,2,2026-08-28T17:30:00Z,109,Verbruggen,BHA,GKP,45,0,0,22.1,1334,887,1334,887,a,,,,,,,,0.0,0,0,0,0,0,0,0,0,0,0,0,0,0,0.00,0.00,0.00,0.00,1.9,1.9
2026-08-21T22:52:33+00:00,2026-08-21,daily,2,2026-08-28T17:30:00Z,111,Steele,BHA,GKP,40,0,0,4.2,307,188,307,188,a,,,,,,,,0.0,0,0,0,0,0,0,0,0,0,0,0,0,0,0.00,0.00,0.00,0.00,1.0,1.0
2026-08-21T22:52:33+00:00,2026-08-21,daily,2,2026-08-28T17:30:00Z,113,F.Kadıoğlu,BHA,DEF,45,0,0,3.0,588,271,588,271,a,,,,,,,3,0.0,0,0,0,0,0,0,0,0,0,0,0,0,0,0.00,0.00,0.00,0.00,1.7,1.7
2026-08-21T22:52:33+00:00,2026-08-21,daily,2,2026-08-28T17:30:00Z,114,Boscagli,BHA,DEF,45,0,0,0.2,44,30,44,30,a,,,,,,,,0.0,0,0,0,0,0,0,0,0,0,0,0,0,0,0.00,0.00,0.00,0.00,1.7,1.7
2026-08-21T22:52:33+00:00,2026-08-21,daily,2,2026-08-28T17:30:00Z,115,De Cuyper,BHA,DEF,45,0,0,1.7,291,170,291,170,a,,,,,,4,2,0.0,0,0,0,0,0,0,0,0,0,0,0,0,0,0.00,0.00,0.00,0.00,1.7,1.7
2026-08-21T22:52:33+00:00,2026-08-21,daily,2,2026-08-28T17:30:00Z,116,Dunk,BHA,DEF,45,0,0,1.0,504,112,504,112,a,,,,,,3,,0.0,0,0,0,0,0,0,0,0,0,0,0,0,0,0.00,0.00,0.00,0.00,1.7,1.7
2026-08-21T22:52:33+00:00,2026-08-21,daily,2,2026-08-28T17:30:00Z,117,Coppola,BHA,DEF,45,0,0,0.0,7,4,7,4,a,,,,,,,,0.0,0,0,0,0,0,0,0,0,0,0,0,0,0,0.00,0.00,0.00,0.00,1.7,1.7
2026-08-21T22:52:33+00:00,2026-08-21,daily,2,2026-08-28T17:30:00Z,118,Igor,BHA,DEF,45,0,0,0.1,52,15,52,15,a,,,,,,,,0.0,0,0,0,0,0,0,0,0,0,0,0,0,0,0.00,0.00,0.00,0.00,1.7,1.7
2026-08-21T22:52:33+00:00,2026-08-21,daily,2,2026-08-28T17:30:00Z,119,Costinha,BHA,DEF,45,0,0,0.0,15,1,15,1,a,,,,,,,,0.0,0,0,0,0,0,0,0,0,0,0,0,0,0,0.00,0.00,0.00,0.00,1.7,1.7
2026-08-21T22:52:33+00:00,2026-08-21,daily,2,2026-08-28T17:30:00Z,120,Svoboda,BHA,DEF,50,0,0,0.0,29,8,29,8,a,,,,,,,,0.0,0,0,0,0,0,0,0,0,0,0,0,0,0,0.00,0.00,0.00,0.00,2.2,2.2
2026-08-21T22:52:33+00:00,2026-08-21,daily,2,2026-08-28T17:30:00Z,121,Mitoma,BHA,MID,60,0,0,0.0,15,86,15,86,i,Hamstring injury - Unknown return date,2026-07-24T18:30:10.661894Z,0,0,,,,0.0,0,0,0,0,0,0,0,0,0,0,0,0,0,0.00,0.00,0.00,0.00,0.0,0.0
2026-08-21T22:52:33+00:00,2026-08-21,daily,2,2026-08-28T17:30:00Z,122,Minteh,BHA,MID,60,0,0,0.1,16,270,16,270,i,Leg injury - Expected back 28 Nov,2026-08-14T18:00:06.418033Z,0,0,,,5,0.0,0,0,0,0,0,0,0,0,0,0,0,0,0,0.00,0.00,0.00,0.00,0.0,0.0
2026-08-21T22:52:33+00:00,2026-08-21,daily,2,2026-08-28T17:30:00Z,123,Hinshelwood,BHA,MID,60,0,0,0.4,27,60,27,60,a,,,,,,,,0.0,0,0,0,0,0,0,0,0,0,0,0,0,0,0.00,0.00,0.00,0.00,2.1,2.1
2026-08-21T22:52:33+00:00,2026-08-21,daily,2,2026-08-28T17:30:00Z,124,Groß,BHA,MID,55,0,0,14.5,1387,881,1387,881,a,,,,,1,1,1,0.0,0,0,0,0,0,0,0,0,0,0,0,0,0,0.00,0.00,0.00,0.00,2.0,2.0
2026-08-21T22:52:33+00:00,2026-08-21,daily,2,2026-08-28T17:30:00Z,125,Georginio,BHA,FWD,55,0,0,0.9,166,118,166,118,a,,,,,,,,0.0,0,0,0,0,0,0,0,0,0,0,0,0,0,0.00,0.00,0.00,0.00,1.8,1.8
2026-08-21T22:52:33+00:00,2026-08-21,daily,2,2026-08-28T17:30:00Z,126,O'Riley,BHA,MID,55,0,0,0.1,36,30,36,30,a,,,,,3,,,0.0,0,0,0,0,0,0,0,0,0,0,0,0,0,0.00,0.00,0.00,0.00,2.0,2.0
2026-08-21T22:52:33+00:00,2026-08-21,daily,2,2026-08-28T17:30:00Z,127,Gomez,BHA,MID,50,0,0,4.0,616,324,616,324,a,,,,,,5,,0.0,0,0,0,0,0,0,0,0,0,0,0,0,0,0.00,0.00,0.00,0.00,1.5,1.5
2026-08-21T22:52:33+00:00,2026-08-21,daily,2,2026-08-28T17:30:00Z,128,Buonanotte,BHA,MID,50,0,0,0.0,0,26,0,26,u,Has joined Elche on loan for the rest of the season,2026-08-10T14:03:07.561436Z,0,0,,,,0.0,0,0,0,0,0,0,0,0,0,0,0,0,0,0.00,0.00,0.00,0.00,0.0,0.0
2026-08-21T22:52:33+00:00,2026-08-21,daily,2,2026-08-28T17:30:00Z,129,Ayari,BHA,MID,55,0,0,0.7,97,136,97,136,a,,,,,,2,4,0.0,0,0,0,0,0,0,0,0,0,0,0,0,0,0.00,0.00,0.00,0.00,2.0,2.0
2026-08-21T22:52:33+00:00,2026-08-21,daily,2,2026-08-28T17:30:00Z,130,Wieffer,BHA,DEF,50,0,0,0.3,39,46,39,46,a,,,,,,,,0.0,0,0,0,0,0,0,0,0,0,0,0,0,0,0.00,0.00,0.00,0.00,2.2,2.2
2026-08-21T22:52:33+00:00,2026-08-21,daily,2,2026-08-28T17:30:00Z,131,Baleba,BHA,MID,50,0,0,0.2,273,199,273,199,i,Ankle injury - Unknown return date,2026-08-06T16:00:10.997714Z,0,0,,,,0.0,0,0,0,0,0,0,0,0,0,0,0,0,0,0.00,0.00,0.00,0.00,0.0,0.0
2026-08-21T22:52:33+00:00,2026-08-21,daily,2,2026-08-28T17:30:00Z,132,Howell,BHA,MID,45,0,0,0.1,0,122,0,122,u,Has joined Leicester City on loan for the rest of the season,2026-08-17T13:53:19.019938Z,0,0,,,,0.0,0,0,0,0,0,0,0,0,0,0,0,0,0,0.00,0.00,0.00,0.00,0.0,0.0
2026-08-21T22:52:33+00:00,2026-08-21,daily,2,2026-08-28T17:30:00Z,133,Watson,BHA,MID,50,0,0,0.0,0,5,0,5,u,Has joined Leicester City on loan for the rest of the season,2026-08-03T14:05:44.459483Z,0,0,,,,0.0,0,0,0,0,0,0,0,0,0,0,0,0,0,0.00,0.00,0.00,0.00,0.0,0.0
2026-08-21T22:52:33+00:00,2026-08-21,daily,2,2026-08-28T17:30:00Z,134,Oriola,BHA,MID,45,0,0,0.3,132,54,132,54,a,,,,,,,,0.0,0,0,0,0,0,0,0,0,0,0,0,0,0,0.00,0.00,0.00,0.00,1.0,1.0
2026-08-21T22:52:33+00:00,2026-08-21,daily,2,2026-08-28T17:30:00Z,135,Yohanna,BHA,MID,50,0,0,0.1,32,17,32,17,a,,,,,,,,0.0,0,0,0,0,0,0,0,0,0,0,0,0,0,0.00,0.00,0.00,0.00,1.5,1.5
2026-08-21T22:52:33+00:00,2026-08-21,daily,2,2026-08-28T17:30:00Z,137,Tzimas,BHA,FWD,55,0,0,0.0,4,14,4,14,i,Knee injury - Unknown return date,2026-07-23T12:01:23.432796Z,0,0,,,,0.0,0,0,0,0,0,0,0,0,0,0,0,0,0,0.00,0.00,0.00,0.00,0.0,0.0
2026-08-21T22:52:33+00:00,2026-08-21,daily,2,2026-08-28T17:30:00Z,138,Kostoulas,BHA,FWD,55,0,0,0.2,29,51,29,51,a,,,,,,,,0.0,0,0,0,0,0,0,0,0,0,0,0,0,0,0.00,0.00,0.00,0.00,1.8,1.8
2026-08-21T22:52:33+00:00,2026-08-21,daily,2,2026-08-28T17:30:00Z,139,Ferguson,BHA,FWD,50,0,0,0.0,39,46,39,46,i,Ankle injury - Expected back 10 Oct,2026-07-23T12:01:23.448357Z,0,0,,,,0.0,0,0,0,0,0,0,0,0,0,0,0,0,0,0.00,0.00,0.00,0.00,0.0,0.0
2026-08-21T22:52:33+00:00,2026-08-21,daily,2,2026-08-28T17:30:00Z,328,Struijk,BHA,DEF,50,0,0,0.2,77,32,77,32,a,,2026-08-15T20:30:07.523574Z,100,100,,,,0.0,0,0,0,0,0,0,0,0,0,0,0,0,0,0.00,0.00,0.00,0.00,2.2,2.2
2026-08-21T22:52:33+00:00,2026-08-21,daily,2,2026-08-28T17:30:00Z,504,Vuskovic,BHA,DEF,50,0,0,2.5,494,200,494,200,a,,,,,,,,0.0,0,0,0,0,0,0,0,0,0,0,0,0,0,0.00,0.00,0.00,0.00,2.2,2.2
2026-08-21T22:52:33+00:00,2026-08-21,daily,2,2026-08-28T17:30:00Z,594,David,BHA,FWD,60,0,0,0.2,122,66,122,66,a,,,,,2,,,0.0,0,0,0,0,0,0,0,0,0,0,0,0,0,0.00,0.00,0.00,0.00,2.0,2.0
2026-08-21T22:52:33+00:00,2026-08-21,daily,2,2026-08-28T17:30:00Z,600,Osman,BHA,MID,50,0,0,0.0,7,4,7,4,a,,,,,,,,0.0,0,0,0,0,0,0,0,0,0,0,0,0,0,0.00,0.00,0.00,0.00,1.5,1.5
2026-08-21T22:52:33+00:00,2026-08-21,daily,2,2026-08-28T17:30:00Z,40,Rogers,CHE,MID,75,0,0,24.4,2513,2213,2513,2213,a,,,,,,,4,0.0,0,0,0,0,0,0,0,0,0,0,0,0,0,0.00,0.00,0.00,0.00,2.6,2.6
2026-08-21T22:52:33+00:00,2026-08-21,daily,2,2026-08-28T17:30:00Z,101,Henderson,CHE,MID,50,0,0,0.0,23,34,23,34,d,Wrist injury - 75% chance of playing,2026-08-09T09:30:07.136250Z,75,75,,,,0.0,0,0,0,0,0,0,0,0,0,0,0,0,0,0.00,0.00,0.00,0.00,1.1,1.1
2026-08-21T22:52:33+00:00,2026-08-21,daily,2,2026-08-28T17:30:00Z,136,Welbeck,CHE,FWD,60,0,0,1.2,55,1244,55,1244,d,Unspecified injury - 75% chance of playing,2026-08-20T14:00:07.949090Z,75,75,,,,0.0,0,0,0,0,0,0,0,0,0,0,0,0,0,0.00,0.00,0.00,0.00,1.5,1.5
2026-08-21T22:52:33+00:00,2026-08-21,daily,2,2026-08-28T17:30:00Z,140,Sánchez,CHE,GKP,50,0,0,2.4,331,331,331,331,a,,,,,,,,0.0,0,0,0,0,0,0,0,0,0,0,0,0,0,0.00,0.00,0.00,0.00,2.6,2.6
2026-08-21T22:52:33+00:00,2026-08-21,daily,2,2026-08-28T17:30:00Z,141,Jörgensen,CHE,GKP,50,0,0,0.0,0,55,0,55,u,Has joined RC Strasbourg on loan for the rest of the season,2026-08-12T14:07:02.607115Z,0,0,,,,0.0,0,0,0,0,0,0,0,0,0,0,0,0,0,0.00,0.00,0.00,0.00,0.0,0.0
2026-08-21T22:52:33+00:00,2026-08-21,daily,2,2026-08-28T17:30:00Z,142,James,CHE,DEF,55,0,0,10.0,5352,1159,5352,1159,a,,,,,,1,1,0.0,0,0,0,0,0,0,0,0,0,0,0,0,0,0.00,0.00,0.00,0.00,2.5,2.5
2026-08-21T22:52:33+00:00,2026-08-21,daily,2,2026-08-28T17:30:00Z,143,Chalobah,CHE,DEF,55,0,0,0.2,0,841,0,841,u,Has joined Como permanently,2026-08-10T14:03:50.769483Z,0,0,,,,0.0,0,0,0,0,0,0,0,0,0,0,0,0,0,0.00,0.00,0.00,0.00,0.0,0.0
2026-08-21T22:52:33+00:00,2026-08-21,daily,2,2026-08-28T17:30:00Z,144,Gusto,CHE,DEF,50,0,0,1.1,1004,264,1004,264,a,,,,,,,,0.0,0,0,0,0,0,0,0,0,0,0,0,0,0,0.00,0.00,0.00,0.00,2.2,2.2
2026-08-21T22:52:33+00:00,2026-08-21,daily,2,2026-08-28T17:30:00Z,145,Fofana,CHE,DEF,50,0,0,0.0,6,17,6,17,s,Suspended until 6 Sep,2026-07-23T12:01:23.464591Z,0,0,,,,0.0,0,0,0,0,0,0,0,0,0,0,0,0,0,0.00,0.00,0.00,0.00,0.0,0.0
2026-08-21T22:52:33+00:00,2026-08-21,daily,2,2026-08-28T17:30:00Z,146,B.Badiashile,CHE,DEF,45,0,0,0.0,38,11,38,11,a,,,,,,,,0.0,0,0,0,0,0,0,0,0,0,0,0,0,0,0.00,0.00,0.00,0.00,1.7,1.7
2026-08-21T22:52:33+00:00,2026-08-21,daily,2,2026-08-28T17:30:00Z,147,Tosin,CHE,DEF,45,0,0,0.2,41,52,41,52,a,,,,,,,,0.0,0,0,0,0,0,0,0,0,0,0,0,0,0,0.00,0.00,0.00,0.00,1.7,1.7
2026-08-21T22:52:33+00:00,2026-08-21,daily,2,2026-08-28T17:30:00Z,148,Hato,CHE,DEF,45,0,0,0.5,173,97,173,97,a,,,,,,,,0.0,0,0,0,0,0,0,0,0,0,0,0,0,0,0.00,0.00,0.00,0.00,1.7,1.7
2026-08-21T22:52:33+00:00,2026-08-21,daily,2,2026-08-28T17:30:00Z,149,Colwill,CHE,DEF,50,0,0,1.6,803,244,803,244,a,,,,,,,,0.0,0,0,0,0,0,0,0,0,0,0,0,0,0,0.00,0.00,0.00,0.00,2.2,2.2
2026-08-21T22:52:33+00:00,2026-08-21,daily,2,2026-08-28T17:30:00Z,150,M.Sarr,CHE,DEF,45,0,0,0.1,62,31,62,31,a,,,,,,,,0.0,0,0,0,0,0,0,0,0,0,0,0,0,0,0.00,0.00,0.00,0.00,1.7,1.7
2026-08-21T22:52:33+00:00,2026-08-21,daily,2,2026-08-28T17:30:00Z,151,Acheampong,CHE,DEF,45,0,0,0.3,141,88,141,88,a,,,,,,,,0.0,0,0,0,0,0,0,0,0,0,0,0,0,0,0.00,0.00,0.00,0.00,1.7,1.7
2026-08-21T22:52:33+00:00,2026-08-21,daily,2,2026-08-28T17:30:00Z,152,Palestra,CHE,DEF,55,0,0,3.0,699,309,699,309,a,,,,,,,,0.0,0,0,0,0,0,0,0,0,0,0,0,0,0,0.00,0.00,0.00,0.00,2.5,2.5
2026-08-21T22:52:33+00:00,2026-08-21,daily,2,2026-08-28T17:30:00Z,153,Disasi,CHE,DEF,45,0,0,0.1,65,24,65,24,a,,,,,,,,0.0,0,0,0,0,0,0,0,0,0,0,0,0,0,0.00,0.00,0.00,0.00,1.7,1.7
2026-08-21T22:52:33+00:00,2026-08-21,daily,2,2026-08-28T17:30:00Z,154,Palmer,CHE,MID,95,0,0,10.4,751,1155,751,1155,a,,,,,1,3,,0.0,0,0,0,0,0,0,0,0,0,0,0,0,0,0.00,0.00,0.00,0.00,3.2,3.2
2026-08-21T22:52:33+00:00,2026-08-21,daily,2,2026-08-28T17:30:00Z,155,Enzo,CHE,MID,70,0,0,5.1,1477,1161,1477,1161,a,,,,,2,2,3,0.0,0,0,0,0,0,0,0,0,0,0,0,0,0,0.00,0.00,0.00,0.00,2.5,2.5
2026-08-21T22:52:33+00:00,2026-08-21,daily,2,2026-08-28T17:30:00Z,156,Neto,CHE,MID,65,0,0,1.3,401,343,401,343,a,,,,,,4,2,0.0,0,0,0,0,0,0,0,0,0,0,0,0,0,0.00,0.00,0.00,0.00,2.3,2.3
2026-08-21T22:52:33+00:00,2026-08-21,daily,2,2026-08-28T17:30:00Z,157,Estêvão,CHE,MID,65,0,0,1.3,469,556,469,556,a,,,,,3,,5,0.0,0,0,0,0,0,0,0,0,0,0,0,0,0,0.00,0.00,0.00,0.00,2.3,2.3
2026-08-21T22:52:33+00:00,2026-08-21,daily,2,2026-08-28T17:30:00Z,158,Gittens,CHE,MID,60,0,0,0.0,17,19,17,19,a,,,,,,,,0.0,0,0,0,0,0,0,0,0,0,0,0,0,0,0.00,0.00,0.00,0.00,2.1,2.1
2026-08-21T22:52:33+00:00,2026-08-21,daily,2,2026-08-28T17:30:00Z,159,Caicedo,CHE,MID,55,0,0,3.9,1219,776,1219,776,a,,,,,,,,0.0,0,0,0,0,0,0,0,0,0,0,0,0,0,0.00,0.00,0.00,0.00,2.0,2.0
2026-08-21T22:52:33+00:00,2026-08-21,daily,2,2026-08-28T17:30:00Z,161,Lavia,CHE,MID,50,0,0,0.1,33,22,33,22,a,,,,,,,,0.0,0,0,0,0,0,0,0,0,0,0,0,0,0,0.00,0.00,0.00,0.00,1.5,1.5
2026-08-21T22:52:33+00:00,2026-08-21,daily,2,2026-08-28T17:30:00Z,163,D.Essugo,CHE,MID,45,0,0,0.2,115,87,115,87,a,,,,,,,,0.0,0,0,0,0,0,0,0,0,0,0,0,0,0,0.00,0.00,0.00,0.00,1.0,1.0
2026-08-21T22:52:33+00:00,2026-08-21,daily,2,2026-08-28T17:30:00Z,164,Quenda,CHE,MID,55,0,0,0.0,17,21,17,21,a,,2026-07-24T20:30:10.609931Z,100,100,,,,0.0,0,0,0,0,0,0,0,0,0,0,0,0,0,0.00,0.00,0.00,0.00,2.0,2.0
2026-08-21T22:52:33+00:00,2026-08-21,daily,2,2026-08-28T17:30:00Z,165,João Pedro,CHE,FWD,75,0,0,64.4,6291,1915,6291,1915,a,,,,,,,,0.0,0,0,0,0,0,0,0,0,0,0,0,0,0,0.00,0.00,0.00,0.00,2.4,2.4
2026-08-21T22:52:33+00:00,2026-08-21,daily,2,2026-08-28T17:30:00Z,166,N.Jackson,CHE,FWD,65,0,0,0.3,170,193,170,193,a,,,,,,,,0.0,0,0,0,0,0,0,0,0,0,0,0,0,0,0.00,0.00,0.00,0.00,2.1,2.1
2026-08-21T22:52:33+00:00,2026-08-21,daily,2,2026-08-28T17:30:00Z,167,Delap,CHE,FWD,55,0,0,0.5,151,202,151,202,a,,,,,4,,,0.0,0,0,0,0,0,0,0,0,0,0,0,0,0,0.00,0.00,0.00,0.00,1.8,1.8
2026-08-21T22:52:33+00:00,2026-08-21,daily,2,2026-08-28T17:30:00Z,168,Marc Guiu,CHE,FWD,50,0,0,0.5,221,170,221,170,a,,,,,,,,0.0,0,0,0,0,0,0,0,0,0,0,0,0,0,0.00,0.00,0.00,0.00,1.4,1.4
2026-08-21T22:52:33+00:00,2026-08-21,daily,2,2026-08-28T17:30:00Z,169,Mheuka,CHE,FWD,45,0,0,0.3,198,135,198,135,a,,,,,,,,0.0,0,0,0,0,0,0,0,0,0,0,0,0,0,0.00,0.00,0.00,0.00,1.0,1.0
2026-08-21T22:52:33+00:00,2026-08-21,daily,2,2026-08-28T17:30:00Z,170,Emegha,CHE,FWD,50,0,0,0.1,167,69,167,69,a,,2026-07-24T20:30:10.622380Z,100,100,,,,0.0,0,0,0,0,0,0,0,0,0,0,0,0,0,0.00,0.00,0.00,0.00,1.4,1.4
2026-08-21T22:52:33+00:00,2026-08-21,daily,2,2026-08-28T17:30:00Z,200,Lacroix,CHE,DEF,60,0,0,9.0,1624,1563,1624,1563,a,,,,,,,,0.0,0,0,0,0,0,0,0,0,0,0,0,0,0,0.00,0.00,0.00,0.00,2.8,2.8
2026-08-21T22:52:33+00:00,2026-08-21,daily,2,2026-08-28T17:30:00Z,560,Penders,CHE,GKP,45,0,0,0.1,14,17,14,17,a,,,,,,,,0.0,0,0,0,0,0,0,0,0,0,0,0,0,0,0.00,0.00,0.00,0.00,1.9,1.9
2026-08-21T22:52:33+00:00,2026-08-21,daily,2,2026-08-28T17:30:00Z,561,Anselmino,CHE,DEF,45,0,0,0.0,21,7,21,7,a,,,,,,,,0.0,0,0,0,0,0,0,0,0,0,0,0,0,0,0.00,0.00,0.00,0.00,1.7,1.7
2026-08-21T22:52:33+00:00,2026-08-21,daily,2,2026-08-28T17:30:00Z,568,Barco,CHE,MID,55,0,0,0.1,31,41,31,41,a,,,,,,,,0.0,0,0,0,0,0,0,0,0,0,0,0,0,0,0.00,0.00,0.00,0.00,2.0,2.0
2026-08-21T22:52:33+00:00,2026-08-21,daily,2,2026-08-28T17:30:00Z,578,Mudryk,CHE,MID,55,0,0,0.0,14,21,14,21,a,,,,,,,,0.0,0,0,0,0,0,0,0,0,0,0,0,0,0,0.00,0.00,0.00,0.00,2.0,2.0
2026-08-21T22:52:33+00:00,2026-08-21,daily,2,2026-08-28T17:30:00Z,583,Chavarria,CHE,DEF,50,0,0,0.2,86,63,86,63,a,,,,,,,,0.0,0,0,0,0,0,0,0,0,0,0,0,0,0,0.00,0.00,0.00,0.00,2.2,2.2
2026-08-21T22:52:33+00:00,2026-08-21,daily,2,2026-08-28T17:30:00Z,104,Onyeka,COV,MID,50,0,0,0.2,120,58,120,58,a,,,,,,,,2.0,2,2,90,1,0,0,0,3,0,8,3,1,4,0.00,0.01,0.01,1.80,1.5,1.5
2026-08-21T22:52:33+00:00,2026-08-21,daily,2,2026-08-28T17:30:00Z,110,Rushworth,COV,GKP,45,0,0,1.1,306,139,306,139,a,,,,,,,,1.0,1,1,90,1,0,0,0,3,2,0,1,0,7,0.00,0.01,0.01,1.80,1.9,1.9
2026-08-21T22:52:33+00:00,2026-08-21,daily,2,2026-08-28T17:30:00Z,171,Dovin,COV,GKP,40,0,0,1.6,67,193,67,193,a,,,,,,,,0.0,0,0,0,0,0,0,0,0,0,0,0,0,0,0.00,0.00,0.00,0.00,1.0,1.0
2026-08-21T22:52:33+00:00,2026-08-21,daily,2,2026-08-28T17:30:00Z,172,Wilson,COV,GKP,45,0,0,0.5,16,136,16,136,a,,,,,,,,0.0,0,0,0,0,0,0,0,0,0,0,0,0,0,0.00,0.00,0.00,0.00,1.9,1.9
2026-08-21T22:52:33+00:00,2026-08-21,daily,2,2026-08-28T17:30:00Z,173,Thomas,COV,DEF,40,0,0,8.1,1228,420,1228,420,a,,,,,,,,1.0,1,1,90,1,0,0,0,3,0,9,8,1,2,0.09,0.01,0.10,1.80,1.0,1.0
2026-08-21T22:52:33+00:00,2026-08-21,daily,2,2026-08-28T17:30:00Z,174,Kitching,COV,DEF,40,0,0,0.7,39,146,39,146,a,,,,,,,,0.0,0,0,0,0,0,0,0,0,0,0,0,0,0,0.00,0.00,0.00,0.00,1.0,1.0
2026-08-21T22:52:33+00:00,2026-08-21,daily,2,2026-08-28T17:30:00Z,175,van Ewijk,COV,DEF,40,0,0,14.0,2426,843,2426,843,a,,,,,,,,1.0,1,1,90,1,0,0,0,3,0,7,6,1,3,0.00,0.01,0.01,1.80,1.0,1.0
2026-08-21T22:52:33+00:00,2026-08-21,daily,2,2026-08-28T17:30:00Z,176,Dasilva,COV,DEF,40,0,0,0.8,225,121,225,121,a,,,,,,,,1.0,1,1,90,1,0,0,0,3,0,6,6,0,1,0.00,0.02,0.02,1.80,1.0,1.0
2026-08-21T22:52:33+00:00,2026-08-21,daily,2,2026-08-28T17:30:00Z,177,Kesler-Hayden,COV,DEF,40,0,0,0.1,15,16,15,16,a,,,,,,,,0.0,0,0,0,0,0,0,0,0,0,0,0,0,0,0.00,0.00,0.00,0.00,1.0,1.0
2026-08-21T22:52:33+00:00,2026-08-21,daily,2,2026-08-28T17:30:00Z,178,Bidwell,COV,DEF,40,0,0,0.1,204,38,204,38,a,,,,,,,,0.0,0,0,0,0,0,0,0,0,0,0,0,0,0,0.00,0.00,0.00,0.00,1.0,1.0
2026-08-21T22:52:33+00:00,2026-08-21,daily,2,2026-08-28T17:30:00Z,179,Latibeaudiere,COV,DEF,40,0,0,0.0,12,20,12,20,a,,,,,,,,0.0,0,0,0,0,0,0,0,0,0,0,0,0,0,0.00,0.00,0.00,0.00,1.0,1.0
2026-08-21T22:52:33+00:00,2026-08-21,daily,2,2026-08-28T17:30:00Z,180,Woolfenden,COV,DEF,40,0,0,0.2,54,54,54,54,a,,,,,,,,0.0,0,0,0,0,0,0,0,0,0,0,0,0,0,0.00,0.00,0.00,0.00,1.0,1.0
2026-08-21T22:52:33+00:00,2026-08-21,daily,2,2026-08-28T17:30:00Z,181,Brau,COV,DEF,40,0,0,0.0,10,15,10,15,a,,,,,,,,0.0,0,0,0,0,0,0,0,0,0,0,0,0,0,0.00,0.00,0.00,0.00,1.0,1.0
2026-08-21T22:52:33+00:00,2026-08-21,daily,2,2026-08-28T17:30:00Z,182,Amenda,COV,DEF,40,0,0,0.9,237,124,237,124,a,,,,,,,,1.0,1,1,90,1,0,0,0,3,0,9,9,0,4,0.00,0.01,0.01,1.80,1.0,1.0
2026-08-21T22:52:33+00:00,2026-08-21,daily,2,2026-08-28T17:30:00Z,183,Rudoni,COV,MID,50,0,0,0.1,53,53,53,53,a,,2026-07-23T12:01:23.481435Z,100,100,,1,3,1.0,1,1,20,0,0,0,0,0,0,5,0,1,4,0.15,0.00,0.15,0.24,1.5,1.5
2026-08-21T22:52:33+00:00,2026-08-21,daily,2,2026-08-28T17:30:00Z,184,Grimes,COV,MID,50,0,0,0.2,242,48,242,48,a,,,,,3,,1,2.0,2,2,90,1,0,0,0,3,0,8,5,0,3,0.00,0.02,0.02,1.80,1.5,1.5
2026-08-21T22:52:33+00:00,2026-08-21,daily,2,2026-08-28T17:30:00Z,185,Sakamoto,COV,MID,50,0,0,0.1,15,61,15,61,a,,,,,,,,0.0,0,0,0,0,0,0,0,0,0,0,0,0,0,0.00,0.00,0.00,0.00,1.5,1.5
2026-08-21T22:52:33+00:00,2026-08-21,daily,2,2026-08-28T17:30:00Z,186,Mason-Clark,COV,MID,55,0,0,0.1,22,85,22,85,a,,2026-08-19T18:00:08.310507Z,100,100,,,,0.0,0,0,0,0,0,0,0,0,0,0,0,0,0,0.00,0.00,0.00,0.00,2.0,2.0
2026-08-21T22:52:33+00:00,2026-08-21,daily,2,2026-08-28T17:30:00Z,187,Eccles,COV,MID,50,0,0,0.0,5,12,5,12,a,,,,,,,,0.0,0,0,0,0,0,0,0,0,0,0,0,0,0,0.00,0.00,0.00,0.00,1.5,1.5
2026-08-21T22:52:33+00:00,2026-08-21,daily,2,2026-08-28T17:30:00Z,188,Torp,COV,MID,55,0,0,0.2,12,78,12,78,a,,,,,2,2,2,1.0,1,1,28,0,0,0,0,0,0,1,1,0,0,0.00,0.11,0.11,0.28,2.0,2.0
2026-08-21T22:52:33+00:00,2026-08-21,daily,2,2026-08-28T17:30:00Z,189,Shepherd,COV,MID,45,0,0,0.3,114,95,114,95,a,,,,,,,,0.0,0,0,0,0,0,0,0,0,0,0,0,0,0,0.00,0.00,0.00,0.00,1.0,1.0
2026-08-21T22:52:33+00:00,2026-08-21,daily,2,2026-08-28T17:30:00Z,190,Tchaouna,COV,MID,55,0,0,0.1,102,39,102,39,a,,,,,,,,2.0,2,2,81,1,0,0,0,3,0,8,3,0,5,0.04,0.02,0.06,1.70,2.0,2.0
2026-08-21T22:52:33+00:00,2026-08-21,daily,2,2026-08-28T17:30:00Z,191,Borges Rodrigues,COV,MID,45,0,0,0.2,52,47,52,47,a,,,,,,,,0.0,0,0,0,0,0,0,0,0,0,0,0,0,0,0.00,0.00,0.00,0.00,1.0,1.0
2026-08-21T22:52:33+00:00,2026-08-21,daily,2,2026-08-28T17:30:00Z,192,Andrews,COV,MID,45,0,0,0.7,232,213,232,213,a,,,,,,,,0.0,0,0,0,0,0,0,0,0,0,0,0,0,0,0.00,0.00,0.00,0.00,1.0,1.0
2026-08-21T22:52:33+00:00,2026-08-21,daily,2,2026-08-28T17:30:00Z,193,Wright,COV,FWD,55,0,0,0.2,12,443,12,443,i,Thigh injury - Unknown return date,2026-08-14T22:00:07.214508Z,0,0,1,,,0.0,0,0,0,0,0,0,0,0,0,0,0,0,0,0.00,0.00,0.00,0.00,0.0,0.0
2026-08-21T22:52:33+00:00,2026-08-21,daily,2,2026-08-28T17:30:00Z,194,Thomas-Asante,COV,FWD,50,0,0,0.8,822,197,822,197,a,,,,,4,,,2.0,2,2,69,1,0,0,0,3,0,6,5,0,1,0.00,0.01,0.01,1.56,1.4,1.4
2026-08-21T22:52:33+00:00,2026-08-21,daily,2,2026-08-28T17:30:00Z,195,Simms,COV,FWD,50,0,0,0.9,850,200,850,200,a,,,,,,,,2.0,2,2,69,1,0,0,0,3,0,3,1,0,2,0.00,0.01,0.01,1.56,1.4,1.4
2026-08-21T22:52:33+00:00,2026-08-21,daily,2,2026-08-28T17:30:00Z,196,Markelo,COV,FWD,50,0,0,0.0,0,57,0,57,u,Has joined Shabab Al-Ahli Dubai permanently,2026-08-17T13:53:55.791223Z,0,0,,,,0.0,0,0,0,0,0,0,0,0,0,0,0,0,0,0.00,0.00,0.00,0.00,0.0,0.0
2026-08-21T22:52:33+00:00,2026-08-21,daily,2,2026-08-28T17:30:00Z,197,Bassette,COV,FWD,45,0,0,0.1,0,71,0,71,u,Has joined KVC Westerlo on loan for the rest of the season,2026-07-28T12:58:50.001768Z,0,0,,,,0.0,0,0,0,0,0,0,0,0,0,0,0,0,0,0.00,0.00,0.00,0.00,0.0,0.0
2026-08-21T22:52:33+00:00,2026-08-21,daily,2,2026-08-28T17:30:00Z,492,Awoniyi,COV,FWD,55,0,0,0.9,228,348,228,348,a,,,,,5,,,1.0,1,1,20,0,0,0,0,0,0,1,0,0,1,0.00,0.00,0.00,0.24,1.8,1.8
2026-08-21T22:52:33+00:00,2026-08-21,daily,2,2026-08-28T17:30:00Z,575,Yirenkyi,COV,MID,50,0,0,0.3,99,109,99,109,a,,,,,,,,1.0,1,1,61,1,0,0,0,3,0,3,0,0,3,0.00,0.00,0.00,1.52,1.5,1.5
2026-08-21T22:52:33+00:00,2026-08-21,daily,2,2026-08-28T17:30:00Z,584,Hamer,COV,MID,55,0,0,0.1,24,78,24,78,a,,,,,,,,1.0,1,1,8,0,0,0,0,0,0,1,0,0,1,0.00,0.00,0.00,0.11,2.0,2.0
2026-08-21T22:52:33+00:00,2026-08-21,daily,2,2026-08-28T17:30:00Z,599,Cherif,COV,FWD,50,0,0,0.1,104,80,104,80,a,,,,,,,,0.0,0,0,0,0,0,0,0,0,0,0,0,0,0,0.00,0.00,0.00,0.00,1.4,1.4
2026-08-21T22:52:33+00:00,2026-08-21,daily,2,2026-08-28T17:30:00Z,42,Guessand,CRY,MID,55,0,0,0.0,31,20,31,20,a,,,,,,,,0.0,0,0,0,0,0,0,0,0,0,0,0,0,0,0.00,0.00,0.00,0.00,2.0,2.0
2026-08-21T22:52:33+00:00,2026-08-21,daily,2,2026-08-28T17:30:00Z,198,Henderson,CRY,GKP,50,0,0,1.9,48,1341,48,1341,d,Ankle injury - 75% chance of playing,2026-08-20T14:00:08.018379Z,75,75,,,,0.0,0,0,0,0,0,0,0,0,0,0,0,0,0,0.00,0.00,0.00,0.00,2.0,2.0
2026-08-21T22:52:33+00:00,2026-08-21,daily,2,2026-08-28T17:30:00Z,199,Benitez,CRY,GKP,45,0,0,0.1,50,30,50,30,a,,,,,,,,0.0,0,0,0,0,0,0,0,0,0,0,0,0,0,0.00,0.00,0.00,0.00,1.9,1.9
2026-08-21T22:52:33+00:00,2026-08-21,daily,2,2026-08-28T17:30:00Z,201,Muñoz,CRY,DEF,55,0,0,9.8,2458,1469,2458,1469,a,,,,,,,,0.0,0,0,0,0,0,0,0,0,0,0,0,0,0,0.00,0.00,0.00,0.00,2.5,2.5
2026-08-21T22:52:33+00:00,2026-08-21,daily,2,2026-08-28T17:30:00Z,202,Richards,CRY,DEF,50,0,0,0.7,219,111,219,111,a,,,,,,,,0.0,0,0,0,0,0,0,0,0,0,0,0,0,0,0.00,0.00,0.00,0.00,2.2,2.2
2026-08-21T22:52:33+00:00,2026-08-21,daily,2,2026-08-28T17:30:00Z,203,Canvot,CRY,DEF,50,0,0,0.3,58,66,58,66,a,,,,,,,,0.0,0,0,0,0,0,0,0,0,0,0,0,0,0,0.00,0.00,0.00,0.00,2.2,2.2
2026-08-21T22:52:33+00:00,2026-08-21,daily,2,2026-08-28T17:30:00Z,204,Mitchell,CRY,DEF,45,0,0,6.4,837,499,837,499,a,,,,,,,,0.0,0,0,0,0,0,0,0,0,0,0,0,0,0,0.00,0.00,0.00,0.00,1.7,1.7
2026-08-21T22:52:33+00:00,2026-08-21,daily,2,2026-08-28T17:30:00Z,205,Sosa,CRY,DEF,45,0,0,0.0,13,6,13,6,a,,,,,,,,0.0,0,0,0,0,0,0,0,0,0,0,0,0,0,0.00,0.00,0.00,0.00,1.7,1.7
2026-08-21T22:52:33+00:00,2026-08-21,daily,2,2026-08-28T17:30:00Z,206,Chadi Riad,CRY,DEF,45,0,0,0.1,80,21,80,21,a,,,,,,,,0.0,0,0,0,0,0,0,0,0,0,0,0,0,0,0.00,0.00,0.00,0.00,1.7,1.7
2026-08-21T22:52:33+00:00,2026-08-21,daily,2,2026-08-28T17:30:00Z,207,Mingueza,CRY,DEF,45,0,0,0.1,27,17,27,17,a,,,,,,,,0.0,0,0,0,0,0,0,0,0,0,0,0,0,0,0.00,0.00,0.00,0.00,1.7,1.7
2026-08-21T22:52:33+00:00,2026-08-21,daily,2,2026-08-28T17:30:00Z,208,Sarr,CRY,MID,65,0,0,4.7,537,1264,537,1264,a,,,,,2,,,0.0,0,0,0,0,0,0,0,0,0,0,0,0,0,0.00,0.00,0.00,0.00,2.3,2.3
2026-08-21T22:52:33+00:00,2026-08-21,daily,2,2026-08-28T17:30:00Z,210,Wharton,CRY,MID,55,0,0,0.9,218,190,218,190,a,,2026-07-23T12:01:23.498963Z,100,100,,,1,0.0,0,0,0,0,0,0,0,0,0,0,0,0,0,0.00,0.00,0.00,0.00,2.0,2.0
2026-08-21T22:52:33+00:00,2026-08-21,daily,2,2026-08-28T17:30:00Z,211,Yeremy,CRY,MID,55,0,0,0.2,19,27,19,27,a,,,,,,1,2,0.0,0,0,0,0,0,0,0,0,0,0,0,0,0,0.00,0.00,0.00,0.00,2.0,2.0
2026-08-21T22:52:33+00:00,2026-08-21,daily,2,2026-08-28T17:30:00Z,212,Hughes,CRY,MID,45,0,0,12.2,2103,820,2103,820,a,,,,,,,3,0.0,0,0,0,0,0,0,0,0,0,0,0,0,0,0.00,0.00,0.00,0.00,1.0,1.0
2026-08-21T22:52:33+00:00,2026-08-21,daily,2,2026-08-28T17:30:00Z,213,Lerma,CRY,MID,50,0,0,0.1,30,32,30,32,a,,,,,,,,0.0,0,0,0,0,0,0,0,0,0,0,0,0,0,0.00,0.00,0.00,0.00,1.5,1.5
2026-08-21T22:52:33+00:00,2026-08-21,daily,2,2026-08-28T17:30:00Z,214,Kamada,CRY,MID,50,0,0,0.3,87,55,87,55,a,,,,,,,4,0.0,0,0,0,0,0,0,0,0,0,0,0,0,0,0.00,0.00,0.00,0.00,1.5,1.5
2026-08-21T22:52:33+00:00,2026-08-21,daily,2,2026-08-28T17:30:00Z,215,Devenny,CRY,MID,50,0,0,0.0,5,4,5,4,a,,,,,3,2,,0.0,0,0,0,0,0,0,0,0,0,0,0,0,0,0.00,0.00,0.00,0.00,1.5,1.5
2026-08-21T22:52:33+00:00,2026-08-21,daily,2,2026-08-28T17:30:00Z,216,Esse,CRY,MID,50,0,0,0.0,21,13,21,13,a,,,,,,,,0.0,0,0,0,0,0,0,0,0,0,0,0,0,0,0.00,0.00,0.00,0.00,1.5,1.5
2026-08-21T22:52:33+00:00,2026-08-21,daily,2,2026-08-28T17:30:00Z,217,M.França,CRY,MID,50,0,0,0.0,2,5,2,5,a,,,,,,,,0.0,0,0,0,0,0,0,0,0,0,0,0,0,0,0.00,0.00,0.00,0.00,1.5,1.5
2026-08-21T22:52:33+00:00,2026-08-21,daily,2,2026-08-28T17:30:00Z,218,Doucouré,CRY,MID,50,0,0,0.1,31,20,31,20,a,,,,,,,,0.0,0,0,0,0,0,0,0,0,0,0,0,0,0,0.00,0.00,0.00,0.00,1.5,1.5
2026-08-21T22:52:33+00:00,2026-08-21,daily,2,2026-08-28T17:30:00Z,219,J.Rak-Sakyi,CRY,MID,50,0,0,0.0,2,3,2,3,a,,,,,,,,0.0,0,0,0,0,0,0,0,0,0,0,0,0,0,0.00,0.00,0.00,0.00,1.5,1.5
2026-08-21T22:52:33+00:00,2026-08-21,daily,2,2026-08-28T17:30:00Z,220,Cardines,CRY,DEF,45,0,0,0.0,0,5,0,5,u,Has joined Bristol City on loan for the rest of the season,2026-08-12T14:08:46.501813Z,0,0,,,,0.0,0,0,0,0,0,0,0,0,0,0,0,0,0,0.00,0.00,0.00,0.00,0.0,0.0
2026-08-21T22:52:33+00:00,2026-08-21,daily,2,2026-08-28T17:30:00Z,221,Drakes-Thomas,CRY,MID,45,0,0,0.1,48,26,48,26,a,,,,,,,,0.0,0,0,0,0,0,0,0,0,0,0,0,0,0,0.00,0.00,0.00,0.00,1.0,1.0
2026-08-21T22:52:33+00:00,2026-08-21,daily,2,2026-08-28T17:30:00Z,222,Strand Larsen,CRY,FWD,60,0,0,0.6,99,128,99,128,a,,,,,,,,0.0,0,0,0,0,0,0,0,0,0,0,0,0,0,0.00,0.00,0.00,0.00,2.0,2.0
2026-08-21T22:52:33+00:00,2026-08-21,daily,2,2026-08-28T17:30:00Z,223,Mateta,CRY,FWD,65,0,0,5.7,1182,1154,1182,1154,a,,,,,1,,,0.0,0,0,0,0,0,0,0,0,0,0,0,0,0,0.00,0.00,0.00,0.00,2.1,2.1
2026-08-21T22:52:33+00:00,2026-08-21,daily,2,2026-08-28T17:30:00Z,224,Nketiah,CRY,FWD,55,0,0,0.5,143,124,143,124,a,,,,,,,,0.0,0,0,0,0,0,0,0,0,0,0,0,0,0,0.00,0.00,0.00,0.00,1.8,1.8
2026-08-21T22:52:33+00:00,2026-08-21,daily,2,2026-08-28T17:30:00Z,225,Uche,CRY,FWD,50,0,0,0.0,0,0,0,0,u,has returned to Getafe CF,2026-07-23T12:18:56.275922Z,0,0,,,,0.0,0,0,0,0,0,0,0,0,0,0,0,0,0,0.00,0.00,0.00,0.00,0.0,0.0
2026-08-21T22:52:33+00:00,2026-08-21,daily,2,2026-08-28T17:30:00Z,241,McNeil,CRY,MID,55,0,0,0.2,16,37,16,37,a,,,,,,,,0.0,0,0,0,0,0,0,0,0,0,0,0,0,0,0.00,0.00,0.00,0.00,2.0,2.0
2026-08-21T22:52:33+00:00,2026-08-21,daily,2,2026-08-28T17:30:00Z,555,Matthews,CRY,GKP,40,0,0,1.8,295,115,295,115,a,,,,,,,,0.0,0,0,0,0,0,0,0,0,0,0,0,0,0,0.00,0.00,0.00,0.00,1.0,1.0
2026-08-21T22:52:33+00:00,2026-08-21,daily,2,2026-08-28T17:30:00Z,577,Tomiyasu,CRY,DEF,45,0,0,0.4,98,55,98,55,a,,,,,,,,0.0,0,0,0,0,0,0,0,0,0,0,0,0,0,0.00,0.00,0.00,0.00,1.7,1.7
2026-08-21T22:52:33+00:00,2026-08-21,daily,2,2026-08-28T17:30:00Z,588,Khalaili,CRY,DEF,50,0,0,0.1,32,19,32,19,a,,,,,,,,0.0,0,0,0,0,0,0,0,0,0,0,0,0,0,0.00,0.00,0.00,0.00,2.2,2.2
2026-08-21T22:52:33+00:00,2026-08-21,daily,2,2026-08-28T17:30:00Z,595,Gozo,CRY,MID,50,0,0,0.0,9,6,9,6,a,,,,,,,,0.0,0,0,0,0,0,0,0,0,0,0,0,0,0,0.00,0.00,0.00,0.00,1.5,1.5
2026-08-21T22:52:33+00:00,2026-08-21,daily,2,2026-08-28T17:30:00Z,21,Nørgaard,EVE,MID,50,0,0,0.1,8,180,8,180,i,Unspecified injury - Unknown return date,2026-08-15T20:00:06.779594Z,0,0,,,,0.0,0,0,0,0,0,0,0,0,0,0,0,0,0,0.00,0.00,0.00,0.00,0.0,0.0
2026-08-21T22:52:33+00:00,2026-08-21,daily,2,2026-08-28T17:30:00Z,209,Johnson,EVE,MID,60,0,0,0.2,32,47,32,47,a,,,,,,,,0.0,0,0,0,0,0,0,0,0,0,0,0,0,0,0.00,0.00,0.00,0.00,2.1,2.1
2026-08-21T22:52:33+00:00,2026-08-21,daily,2,2026-08-28T17:30:00Z,226,Pickford,EVE,GKP,55,0,0,7.9,970,949,970,949,a,,,,,,,,0.0,0,0,0,0,0,0,0,0,0,0,0,0,0,0.00,0.00,0.00,0.00,3.3,3.3
2026-08-21T22:52:33+00:00,2026-08-21,daily,2,2026-08-28T17:30:00Z,227,Travers,EVE,GKP,50,0,0,0.0,2,4,2,4,a,,,,,,,,0.0,0,0,0,0,0,0,0,0,0,0,0,0,0,0.00,0.00,0.00,0.00,2.6,2.6
2026-08-21T22:52:33+00:00,2026-08-21,daily,2,2026-08-28T17:30:00Z,228,King,EVE,GKP,45,0,0,0.0,22,9,22,9,a,,,,,,,,0.0,0,0,0,0,0,0,0,0,0,0,0,0,0,0.00,0.00,0.00,0.00,1.9,1.9
2026-08-21T22:52:33+00:00,2026-08-21,daily,2,2026-08-28T17:30:00Z,229,Tarkowski,EVE,DEF,60,0,0,8.6,898,1081,898,1081,a,,,,,,,,0.0,0,0,0,0,0,0,0,0,0,0,0,0,0,0.00,0.00,0.00,0.00,2.8,2.8
2026-08-21T22:52:33+00:00,2026-08-21,daily,2,2026-08-28T17:30:00Z,230,Branthwaite,EVE,DEF,55,0,0,1.6,463,316,463,316,a,,,,,,,,0.0,0,0,0,0,0,0,0,0,0,0,0,0,0,0.00,0.00,0.00,0.00,2.5,2.5
2026-08-21T22:52:33+00:00,2026-08-21,daily,2,2026-08-28T17:30:00Z,231,Keane,EVE,DEF,50,0,0,1.7,286,162,286,162,a,,,,,,,,0.0,0,0,0,0,0,0,0,0,0,0,0,0,0,0.00,0.00,0.00,0.00,2.2,2.2
2026-08-21T22:52:33+00:00,2026-08-21,daily,2,2026-08-28T17:30:00Z,232,O'Brien,EVE,DEF,50,0,0,0.5,109,72,109,72,a,,,,,,,,0.0,0,0,0,0,0,0,0,0,0,0,0,0,0,0.00,0.00,0.00,0.00,2.2,2.2
2026-08-21T22:52:33+00:00,2026-08-21,daily,2,2026-08-28T17:30:00Z,233,Mykolenko,EVE,DEF,45,0,0,1.5,280,208,280,208,a,,,,,,,,0.0,0,0,0,0,0,0,0,0,0,0,0,0,0,0.00,0.00,0.00,0.00,1.7,1.7
2026-08-21T22:52:33+00:00,2026-08-21,daily,2,2026-08-28T17:30:00Z,234,Patterson,EVE,DEF,45,0,0,0.0,15,9,15,9,a,,,,,,,,0.0,0,0,0,0,0,0,0,0,0,0,0,0,0,0.00,0.00,0.00,0.00,1.7,1.7
2026-08-21T22:52:33+00:00,2026-08-21,daily,2,2026-08-28T17:30:00Z,235,Aznou,EVE,DEF,40,0,0,0.2,85,28,85,28,a,,,,,,,,0.0,0,0,0,0,0,0,0,0,0,0,0,0,0,0.00,0.00,0.00,0.00,1.0,1.0
2026-08-21T22:52:33+00:00,2026-08-21,daily,2,2026-08-28T17:30:00Z,236,Dewsbury-Hall,EVE,MID,65,0,0,3.2,294,602,294,602,a,,,,,,,2,0.0,0,0,0,0,0,0,0,0,0,0,0,0,0,0.00,0.00,0.00,0.00,2.3,2.3
2026-08-21T22:52:33+00:00,2026-08-21,daily,2,2026-08-28T17:30:00Z,237,Ndiaye,EVE,MID,60,0,0,15.9,1631,1590,1631,1590,a,,,,,1,,,0.0,0,0,0,0,0,0,0,0,0,0,0,0,0,0.00,0.00,0.00,0.00,2.1,2.1
2026-08-21T22:52:33+00:00,2026-08-21,daily,2,2026-08-28T17:30:00Z,239,Garner,EVE,MID,60,0,0,0.1,11,120,11,120,d,Groin injury - 25% chance of playing,2026-07-25T14:30:10.455878Z,25,25,3,1,1,0.0,0,0,0,0,0,0,0,0,0,0,0,0,0,0.00,0.00,0.00,0.00,0.5,0.5
2026-08-21T22:52:33+00:00,2026-08-21,daily,2,2026-08-28T17:30:00Z,240,Iroegbunam,EVE,MID,50,0,0,0.0,0,23,0,23,i,Thigh injury - Unknown return date,2026-08-15T20:00:06.878792Z,0,0,,,,0.0,0,0,0,0,0,0,0,0,0,0,0,0,0,0.00,0.00,0.00,0.00,0.0,0.0
2026-08-21T22:52:33+00:00,2026-08-21,daily,2,2026-08-28T17:30:00Z,242,George,EVE,MID,55,0,0,0.3,36,46,36,46,a,,,,,,,,0.0,0,0,0,0,0,0,0,0,0,0,0,0,0,0.00,0.00,0.00,0.00,2.0,2.0
2026-08-21T22:52:33+00:00,2026-08-21,daily,2,2026-08-28T17:30:00Z,243,Alcaraz,EVE,MID,50,0,0,0.1,87,34,87,34,a,,,,,,,,0.0,0,0,0,0,0,0,0,0,0,0,0,0,0,0.00,0.00,0.00,0.00,1.5,1.5
2026-08-21T22:52:33+00:00,2026-08-21,daily,2,2026-08-28T17:30:00Z,244,Armstrong,EVE,MID,50,0,0,0.1,50,23,50,23,a,,,,,,,,0.0,0,0,0,0,0,0,0,0,0,0,0,0,0,0.00,0.00,0.00,0.00,1.5,1.5
2026-08-21T22:52:33+00:00,2026-08-21,daily,2,2026-08-28T17:30:00Z,245,Dibling,EVE,MID,55,0,0,0.0,9,16,9,16,a,,,,,,,,0.0,0,0,0,0,0,0,0,0,0,0,0,0,0,0.00,0.00,0.00,0.00,2.0,2.0
2026-08-21T22:52:33+00:00,2026-08-21,daily,2,2026-08-28T17:30:00Z,246,Röhl,EVE,MID,50,0,0,0.1,15,9,15,9,a,,,,,,,,0.0,0,0,0,0,0,0,0,0,0,0,0,0,0,0.00,0.00,0.00,0.00,1.5,1.5
2026-08-21T22:52:33+00:00,2026-08-21,daily,2,2026-08-28T17:30:00Z,247,Hackney,EVE,MID,55,0,0,0.3,30,60,30,60,a,,,,,,,,0.0,0,0,0,0,0,0,0,0,0,0,0,0,0,0.00,0.00,0.00,0.00,2.0,2.0
2026-08-21T22:52:33+00:00,2026-08-21,daily,2,2026-08-28T17:30:00Z,248,Beto,EVE,FWD,55,0,0,2.8,540,491,540,491,a,,,,,4,,,0.0,0,0,0,0,0,0,0,0,0,0,0,0,0,0.00,0.00,0.00,0.00,1.8,1.8
2026-08-21T22:52:33+00:00,2026-08-21,daily,2,2026-08-28T17:30:00Z,249,Barry,EVE,FWD,55,0,0,1.3,360,246,360,246,a,,,,,2,,,0.0,0,0,0,0,0,0,0,0,0,0,0,0,0,0.00,0.00,0.00,0.00,1.8,1.8
2026-08-21T22:52:33+00:00,2026-08-21,daily,2,2026-08-28T17:30:00Z,250,Leno,FUL,GKP,45,0,0,3.1,395,211,395,211,a,,,,,,,,0.0,0,0,0,0,0,0,0,0,0,0,0,0,0,0.00,0.00,0.00,0.00,1.9,1.9
2026-08-21T22:52:33+00:00,2026-08-21,daily,2,2026-08-28T17:30:00Z,251,Lecomte,FUL,GKP,40,0,0,1.2,56,102,56,102,a,,,,,,,,0.0,0,0,0,0,0,0,0,0,0,0,0,0,0,0.00,0.00,0.00,0.00,1.0,1.0
2026-08-21T22:52:33+00:00,2026-08-21,daily,2,2026-08-28T17:30:00Z,252,McNally,FUL,GKP,40,0,0,0.2,33,13,33,13,a,,,,,,,,0.0,0,0,0,0,0,0,0,0,0,0,0,0,0,0.00,0.00,0.00,0.00,1.0,1.0
2026-08-21T22:52:33+00:00,2026-08-21,daily,2,2026-08-28T17:30:00Z,253,Andersen,FUL,DEF,50,0,0,0.0,9,25,9,25,s,Suspended until 30 Aug,2026-07-23T12:01:23.516350Z,0,0,,,,0.0,0,0,0,0,0,0,0,0,0,0,0,0,0,0.00,0.00,0.00,0.00,0.0,0.0
2026-08-21T22:52:33+00:00,2026-08-21,daily,2,2026-08-28T17:30:00Z,254,Robinson,FUL,DEF,45,0,0,1.7,686,172,686,172,a,,,,,2,,,0.0,0,0,0,0,0,0,0,0,0,0,0,0,0,0.00,0.00,0.00,0.00,1.7,1.7
2026-08-21T22:52:33+00:00,2026-08-21,daily,2,2026-08-28T17:30:00Z,255,J.Cuenca,FUL,DEF,45,0,0,0.0,14,4,14,4,a,,,,,,,,0.0,0,0,0,0,0,0,0,0,0,0,0,0,0,0.00,0.00,0.00,0.00,1.7,1.7
2026-08-21T22:52:33+00:00,2026-08-21,daily,2,2026-08-28T17:30:00Z,256,Tete,FUL,DEF,45,0,0,0.3,33,38,33,38,a,,,,,,,,0.0,0,0,0,0,0,0,0,0,0,0,0,0,0,0.00,0.00,0.00,0.00,1.7,1.7
2026-08-21T22:52:33+00:00,2026-08-21,daily,2,2026-08-28T17:30:00Z,257,Bassey,FUL,DEF,45,0,0,0.7,421,108,421,108,a,,,,,,,,0.0,0,0,0,0,0,0,0,0,0,0,0,0,0,0.00,0.00,0.00,0.00,1.7,1.7
2026-08-21T22:52:33+00:00,2026-08-21,daily,2,2026-08-28T17:30:00Z,258,Castagne,FUL,DEF,45,0,0,0.3,68,38,68,38,a,,,,,,,,0.0,0,0,0,0,0,0,0,0,0,0,0,0,0,0.00,0.00,0.00,0.00,1.7,1.7
2026-08-21T22:52:33+00:00,2026-08-21,daily,2,2026-08-28T17:30:00Z,261,Iwobi,FUL,MID,55,0,0,1.0,148,164,148,164,a,,,,,3,1,1,0.0,0,0,0,0,0,0,0,0,0,0,0,0,0,0.00,0.00,0.00,0.00,2.0,2.0
2026-08-21T22:52:33+00:00,2026-08-21,daily,2,2026-08-28T17:30:00Z,262,Smith Rowe,FUL,MID,55,0,0,0.4,73,80,73,80,a,,,,,,,,0.0,0,0,0,0,0,0,0,0,0,0,0,0,0,0.00,0.00,0.00,0.00,2.0,2.0
2026-08-21T22:52:33+00:00,2026-08-21,daily,2,2026-08-28T17:30:00Z,263,Kevin,FUL,MID,55,0,0,0.1,15,15,15,15,a,,,,,,,3,0.0,0,0,0,0,0,0,0,0,0,0,0,0,0,0.00,0.00,0.00,0.00,2.0,2.0
2026-08-21T22:52:33+00:00,2026-08-21,daily,2,2026-08-28T17:30:00Z,264,Bobb,FUL,MID,55,0,0,0.3,67,71,67,71,a,,,,,,,2,0.0,0,0,0,0,0,0,0,0,0,0,0,0,0,0.00,0.00,0.00,0.00,2.0,2.0
2026-08-21T22:52:33+00:00,2026-08-21,daily,2,2026-08-28T17:30:00Z,265,Berge,FUL,MID,50,0,0,0.4,96,72,96,72,a,,,,,,,,0.0,0,0,0,0,0,0,0,0,0,0,0,0,0,0.00,0.00,0.00,0.00,1.5,1.5
2026-08-21T22:52:33+00:00,2026-08-21,daily,2,2026-08-28T17:30:00Z,266,Cairney,FUL,MID,50,0,0,0.0,1,4,1,4,i,Knee injury - Expected back 10 Oct,2026-08-14T18:00:06.460944Z,0,0,,,,0.0,0,0,0,0,0,0,0,0,0,0,0,0,0,0.00,0.00,0.00,0.00,0.0,0.0
2026-08-21T22:52:33+00:00,2026-08-21,daily,2,2026-08-28T17:30:00Z,268,King,FUL,MID,55,0,0,0.2,4,27,4,27,a,,,,,,,,0.0,0,0,0,0,0,0,0,0,0,0,0,0,0,0.00,0.00,0.00,0.00,2.0,2.0
2026-08-21T22:52:33+00:00,2026-08-21,daily,2,2026-08-28T17:30:00Z,269,Sessegnon,FUL,DEF,45,0,0,0.5,78,29,78,29,a,,,,,,,,0.0,0,0,0,0,0,0,0,0,0,0,0,0,0,0.00,0.00,0.00,0.00,1.7,1.7
2026-08-21T22:52:33+00:00,2026-08-21,daily,2,2026-08-28T17:30:00Z,270,Reed,FUL,MID,45,0,0,1.6,741,263,741,263,a,,,,,,,,0.0,0,0,0,0,0,0,0,0,0,0,0,0,0,0.00,0.00,0.00,0.00,1.0,1.0
2026-08-21T22:52:33+00:00,2026-08-21,daily,2,2026-08-28T17:30:00Z,271,Muniz,FUL,FWD,55,0,0,0.6,135,142,135,142,a,,,,,,,,0.0,0,0,0,0,0,0,0,0,0,0,0,0,0,0.00,0.00,0.00,0.00,1.8,1.8
2026-08-21T22:52:33+00:00,2026-08-21,daily,2,2026-08-28T17:30:00Z,272,Kusi-Asare,FUL,FWD,45,0,0,7.5,1320,562,1320,562,a,,,,,,,,0.0,0,0,0,0,0,0,0,0,0,0,0,0,0,0.00,0.00,0.00,0.00,1.0,1.0
2026-08-21T22:52:33+00:00,2026-08-21,daily,2,2026-08-28T17:30:00Z,569,Gonzalo,FUL,FWD,60,0,0,2.0,590,346,590,346,a,,,,,1,,,0.0,0,0,0,0,0,0,0,0,0,0,0,0,0,0.00,0.00,0.00,0.00,2.0,2.0
2026-08-21T22:52:33+00:00,2026-08-21,daily,2,2026-08-28T17:30:00Z,570,Palacios,FUL,MID,55,0,0,0.2,19,35,19,35,a,,,,,,,,0.0,0,0,0,0,0,0,0,0,0,0,0,0,0,0.00,0.00,0.00,0.00,2.0,2.0
2026-08-21T22:52:33+00:00,2026-08-21,daily,2,2026-08-28T17:30:00Z,580,Charles,FUL,MID,50,0,0,0.1,22,24,22,24,a,,,,,,,,0.0,0,0,0,0,0,0,0,0,0,0,0,0,0,0.00,0.00,0.00,0.00,1.5,1.5
2026-08-21T22:52:33+00:00,2026-08-21,daily,2,2026-08-28T17:30:00Z,273,Phillips,HUL,GKP,40,0,0,1.6,135,138,135,138,a,,,,,,,,0.0,0,0,0,0,0,0,0,0,0,0,0,0,0,0.00,0.00,0.00,0.00,1.0,1.0
2026-08-21T22:52:33+00:00,2026-08-21,daily,2,2026-08-28T17:30:00Z,274,Butland,HUL,GKP,45,0,0,0.1,8,125,8,125,i,Arm injury - Unknown return date,2026-08-08T19:00:05.601633Z,0,0,,,,0.0,0,0,0,0,0,0,0,0,0,0,0,0,0,0.00,0.00,0.00,0.00,0.0,0.0
2026-08-21T22:52:33+00:00,2026-08-21,daily,2,2026-08-28T17:30:00Z,275,Cartwright,HUL,GKP,40,0,0,0.0,0,11,0,11,u,Has joined Grimsby Town on loan for the rest of the season,2026-07-29T13:00:27.959925Z,0,0,,,,0.0,0,0,0,0,0,0,0,0,0,0,0,0,0,0.00,0.00,0.00,0.00,0.0,0.0
2026-08-21T22:52:33+00:00,2026-08-21,daily,2,2026-08-28T17:30:00Z,276,Lo-Tutala,HUL,GKP,40,0,0,0.0,0,46,0,46,u,Has joined Colchester United on loan for the rest of the season,2026-08-17T13:50:27.125537Z,0,0,,,,0.0,0,0,0,0,0,0,0,0,0,0,0,0,0,0.00,0.00,0.00,0.00,0.0,0.0
2026-08-21T22:52:33+00:00,2026-08-21,daily,2,2026-08-28T17:30:00Z,277,Egan,HUL,DEF,40,0,0,1.5,145,140,145,140,a,,,,,,,,0.0,0,0,0,0,0,0,0,0,0,0,0,0,0,0.00,0.00,0.00,0.00,1.0,1.0
2026-08-21T22:52:33+00:00,2026-08-21,daily,2,2026-08-28T17:30:00Z,278,Hughes,HUL,DEF,40,0,0,0.1,10,130,10,130,i,Groin injury - Unknown return date,2026-08-02T09:00:11.030017Z,0,0,,,,0.0,0,0,0,0,0,0,0,0,0,0,0,0,0,0.00,0.00,0.00,0.00,0.0,0.0
2026-08-21T22:52:33+00:00,2026-08-21,daily,2,2026-08-28T17:30:00Z,279,Ajayi,HUL,DEF,40,0,0,1.0,176,117,176,117,a,,,,,,,,0.0,0,0,0,0,0,0,0,0,0,0,0,0,0,0.00,0.00,0.00,0.00,1.0,1.0
2026-08-21T22:52:33+00:00,2026-08-21,daily,2,2026-08-28T17:30:00Z,280,Coyle,HUL,DEF,40,0,0,0.7,54,100,54,100,a,,,,,,,,0.0,0,0,0,0,0,0,0,0,0,0,0,0,0,0.00,0.00,0.00,0.00,1.0,1.0
2026-08-21T22:52:33+00:00,2026-08-21,daily,2,2026-08-28T17:30:00Z,281,Drameh,HUL,DEF,40,0,0,0.0,9,6,9,6,a,,2026-08-08T19:00:05.613036Z,100,100,,,,0.0,0,0,0,0,0,0,0,0,0,0,0,0,0,0.00,0.00,0.00,0.00,1.0,1.0
2026-08-21T22:52:33+00:00,2026-08-21,daily,2,2026-08-28T17:30:00Z,282,Giles,HUL,DEF,40,0,0,0.8,48,82,48,82,a,,,,,,1,1,0.0,0,0,0,0,0,0,0,0,0,0,0,0,0,0.00,0.00,0.00,0.00,1.0,1.0
2026-08-21T22:52:33+00:00,2026-08-21,daily,2,2026-08-28T17:30:00Z,283,Jacob,HUL,DEF,40,0,0,0.0,4,21,4,21,i,Hip injury - Expected back 29 Aug,2026-08-02T09:00:11.038361Z,0,0,,,,0.0,0,0,0,0,0,0,0,0,0,0,0,0,0,0.00,0.00,0.00,0.00,0.0,0.0
2026-08-21T22:52:33+00:00,2026-08-21,daily,2,2026-08-28T17:30:00Z,284,McCarthy,HUL,DEF,40,0,0,0.1,15,15,15,15,a,,,,,,,,0.0,0,0,0,0,0,0,0,0,0,0,0,0,0,0.00,0.00,0.00,0.00,1.0,1.0
2026-08-21T22:52:33+00:00,2026-08-21,daily,2,2026-08-28T17:30:00Z,285,McNair,HUL,DEF,40,0,0,0.1,23,6,23,6,a,,,,,,,,0.0,0,0,0,0,0,0,0,0,0,0,0,0,0,0.00,0.00,0.00,0.00,1.0,1.0
2026-08-21T22:52:33+00:00,2026-08-21,daily,2,2026-08-28T17:30:00Z,286,Belloumi,HUL,MID,50,0,0,0.5,155,64,155,64,a,,,,,,2,3,0.0,0,0,0,0,0,0,0,0,0,0,0,0,0,0.00,0.00,0.00,0.00,1.5,1.5
2026-08-21T22:52:33+00:00,2026-08-21,daily,2,2026-08-28T17:30:00Z,287,Millar,HUL,MID,50,0,0,0.1,5,19,5,19,a,,,,,,,,0.0,0,0,0,0,0,0,0,0,0,0,0,0,0,0.00,0.00,0.00,0.00,1.5,1.5
2026-08-21T22:52:33+00:00,2026-08-21,daily,2,2026-08-28T17:30:00Z,288,Dowell,HUL,MID,45,0,0,0.4,109,67,109,67,a,,,,,,,,0.0,0,0,0,0,0,0,0,0,0,0,0,0,0,0.00,0.00,0.00,0.00,1.0,1.0
2026-08-21T22:52:33+00:00,2026-08-21,daily,2,2026-08-28T17:30:00Z,289,Crooks,HUL,MID,45,0,0,0.7,210,91,210,91,a,,,,,,,,0.0,0,0,0,0,0,0,0,0,0,0,0,0,0,0.00,0.00,0.00,0.00,1.0,1.0
2026-08-21T22:52:33+00:00,2026-08-21,daily,2,2026-08-28T17:30:00Z,290,Slater,HUL,MID,45,0,0,3.1,794,274,794,274,a,,,,,,,2,0.0,0,0,0,0,0,0,0,0,0,0,0,0,0,0.00,0.00,0.00,0.00,1.0,1.0
2026-08-21T22:52:33+00:00,2026-08-21,daily,2,2026-08-28T17:30:00Z,291,Matazo,HUL,MID,45,0,0,0.0,1,3,1,3,i,Knee injury - Unknown return date,2026-07-23T12:01:23.532635Z,0,0,,,,0.0,0,0,0,0,0,0,0,0,0,0,0,0,0,0.00,0.00,0.00,0.00,0.0,0.0
2026-08-21T22:52:33+00:00,2026-08-21,daily,2,2026-08-28T17:30:00Z,292,Ömür,HUL,MID,50,0,0,0.0,9,8,9,8,a,,,,,,,,0.0,0,0,0,0,0,0,0,0,0,0,0,0,0,0.00,0.00,0.00,0.00,1.5,1.5
2026-08-21T22:52:33+00:00,2026-08-21,daily,2,2026-08-28T17:30:00Z,293,Kamara,HUL,MID,50,0,0,0.0,0,18,0,18,u,Has joined Portsmouth permanently,2026-08-12T14:08:23.542043Z,0,0,,,,0.0,0,0,0,0,0,0,0,0,0,0,0,0,0,0.00,0.00,0.00,0.00,0.0,0.0
2026-08-21T22:52:33+00:00,2026-08-21,daily,2,2026-08-28T17:30:00Z,294,Zambrano,HUL,MID,45,0,0,0.1,28,127,28,127,i,Thigh injury - Unknown return date,2026-08-04T18:30:11.016909Z,0,0,,,,0.0,0,0,0,0,0,0,0,0,0,0,0,0,0,0.00,0.00,0.00,0.00,0.0,0.0
2026-08-21T22:52:33+00:00,2026-08-21,daily,2,2026-08-28T17:30:00Z,295,McBurnie,HUL,FWD,55,0,0,1.3,267,201,267,201,a,,,,,1,,,0.0,0,0,0,0,0,0,0,0,0,0,0,0,0,0.00,0.00,0.00,0.00,1.8,1.8
2026-08-21T22:52:33+00:00,2026-08-21,daily,2,2026-08-28T17:30:00Z,296,Akintola,HUL,MID,50,0,0,0.0,54,23,54,23,a,,,,,,,,0.0,0,0,0,0,0,0,0,0,0,0,0,0,0,0.00,0.00,0.00,0.00,1.5,1.5
2026-08-21T22:52:33+00:00,2026-08-21,daily,2,2026-08-28T17:30:00Z,297,Gyabi,HUL,MID,45,0,0,0.0,2,30,2,30,i,Thigh injury - Unknown return date,2026-08-04T18:30:11.027155Z,0,0,,,,0.0,0,0,0,0,0,0,0,0,0,0,0,0,0,0.00,0.00,0.00,0.00,0.0,0.0
2026-08-21T22:52:33+00:00,2026-08-21,daily,2,2026-08-28T17:30:00Z,298,Destan,HUL,FWD,45,0,0,0.4,0,776,0,776,u,Has joined Konyaspor permanently,2026-08-17T13:50:27.145733Z,0,0,,,,0.0,0,0,0,0,0,0,0,0,0,0,0,0,0,0.00,0.00,0.00,0.00,0.0,0.0
2026-08-21T22:52:33+00:00,2026-08-21,daily,2,2026-08-28T17:30:00Z,299,Burstow,HUL,FWD,45,0,0,0.1,0,103,0,103,u,Has joined Sheffield Wednesday on loan for the rest of the season,2026-08-03T14:05:20.234842Z,0,0,,,,0.0,0,0,0,0,0,0,0,0,0,0,0,0,0,0.00,0.00,0.00,0.00,0.0,0.0
2026-08-21T22:52:33+00:00,2026-08-21,daily,2,2026-08-28T17:30:00Z,340,Gelhardt,HUL,MID,50,0,0,0.0,3,16,3,16,i,Ankle injury - Expected back 5 Sep,2026-08-17T21:30:07.799839Z,0,0,,,,0.0,0,0,0,0,0,0,0,0,0,0,0,0,0,0.00,0.00,0.00,0.00,0.0,0.0
2026-08-21T22:52:33+00:00,2026-08-21,daily,2,2026-08-28T17:30:00Z,556,Targett,HUL,DEF,40,0,0,2.5,272,298,272,298,a,,,,,,,,0.0,0,0,0,0,0,0,0,0,0,0,0,0,0,0.00,0.00,0.00,0.00,1.0,1.0
2026-08-21T22:52:33+00:00,2026-08-21,daily,2,2026-08-28T17:30:00Z,563,Morita,HUL,MID,50,0,0,0.0,4,23,4,23,d,Calf injury - 50% chance of playing,2026-08-15T16:00:07.961518Z,50,50,,,,0.0,0,0,0,0,0,0,0,0,0,0,0,0,0,0.00,0.00,0.00,0.00,0.7,0.7
2026-08-21T22:52:33+00:00,2026-08-21,daily,2,2026-08-28T17:30:00Z,572,Tzolakis,HUL,GKP,45,0,0,0.6,42,97,42,97,a,,,,,,,,0.0,0,0,0,0,0,0,0,0,0,0,0,0,0,0.00,0.00,0.00,0.00,1.9,1.9
2026-08-21T22:52:33+00:00,2026-08-21,daily,2,2026-08-28T17:30:00Z,574,Hjertø-Dahl,HUL,MID,50,0,0,0.1,26,13,26,13,a,,,,,,,,0.0,0,0,0,0,0,0,0,0,0,0,0,0,0,0.00,0.00,0.00,0.00,1.5,1.5
2026-08-21T22:52:33+00:00,2026-08-21,daily,2,2026-08-28T17:30:00Z,576,Stroud,HUL,MID,50,0,0,0.1,14,10,14,10,a,,,,,,,,0.0,0,0,0,0,0,0,0,0,0,0,0,0,0,0.00,0.00,0.00,0.00,1.5,1.5
2026-08-21T22:52:33+00:00,2026-08-21,daily,2,2026-08-28T17:30:00Z,585,Herrington,HUL,DEF,40,0,0,0.6,101,98,101,98,a,,,,,,,,0.0,0,0,0,0,0,0,0,0,0,0,0,0,0,0.00,0.00,0.00,0.00,1.0,1.0
2026-08-21T22:52:33+00:00,2026-08-21,daily,2,2026-08-28T17:30:00Z,586,Mendy,HUL,DEF,40,0,0,1.1,241,153,241,153,a,,,,,,,,0.0,0,0,0,0,0,0,0,0,0,0,0,0,0,0.00,0.00,0.00,0.00,1.0,1.0
2026-08-21T22:52:33+00:00,2026-08-21,daily,2,2026-08-28T17:30:00Z,589,Gourna-Douath,HUL,MID,50,0,0,0.0,2,7,2,7,a,,,,,,,,0.0,0,0,0,0,0,0,0,0,0,0,0,0,0,0.00,0.00,0.00,0.00,1.5,1.5
2026-08-21T22:52:33+00:00,2026-08-21,daily,2,2026-08-28T17:30:00Z,259,Diop,IPS,DEF,40,0,0,18.6,2169,795,2169,795,a,,,,,,,,0.0,0,0,0,0,0,0,0,0,0,0,0,0,0,0.00,0.00,0.00,0.00,1.0,1.0
2026-08-21T22:52:33+00:00,2026-08-21,daily,2,2026-08-28T17:30:00Z,267,Lukić,IPS,MID,50,0,0,0.1,11,17,11,17,a,,,,,,,4,0.0,0,0,0,0,0,0,0,0,0,0,0,0,0,0.00,0.00,0.00,0.00,1.5,1.5
2026-08-21T22:52:33+00:00,2026-08-21,daily,2,2026-08-28T17:30:00Z,300,Walton,IPS,GKP,45,0,0,0.5,19,93,19,93,a,,,,,,,,0.0,0,0,0,0,0,0,0,0,0,0,0,0,0,0.00,0.00,0.00,0.00,1.9,1.9
2026-08-21T22:52:33+00:00,2026-08-21,daily,2,2026-08-28T17:30:00Z,301,Palmer,IPS,GKP,40,0,0,4.8,351,204,351,204,a,,,,,,,,0.0,0,0,0,0,0,0,0,0,0,0,0,0,0,0.00,0.00,0.00,0.00,1.0,1.0
2026-08-21T22:52:33+00:00,2026-08-21,daily,2,2026-08-28T17:30:00Z,302,Button,IPS,GKP,40,0,0,0.5,91,25,91,25,a,,,,,,,,0.0,0,0,0,0,0,0,0,0,0,0,0,0,0,0.00,0.00,0.00,0.00,1.0,1.0
2026-08-21T22:52:33+00:00,2026-08-21,daily,2,2026-08-28T17:30:00Z,303,Kipré,IPS,DEF,40,0,0,0.7,33,79,33,79,a,,,,,,,,0.0,0,0,0,0,0,0,0,0,0,0,0,0,0,0.00,0.00,0.00,0.00,1.0,1.0
2026-08-21T22:52:33+00:00,2026-08-21,daily,2,2026-08-28T17:30:00Z,304,O'Shea,IPS,DEF,40,0,0,3.5,208,229,208,229,a,,,,,,,,0.0,0,0,0,0,0,0,0,0,0,0,0,0,0,0.00,0.00,0.00,0.00,1.0,1.0
2026-08-21T22:52:33+00:00,2026-08-21,daily,2,2026-08-28T17:30:00Z,305,Davis,IPS,DEF,40,0,0,5.3,415,294,415,294,a,,,,,,2,2,0.0,0,0,0,0,0,0,0,0,0,0,0,0,0,0.00,0.00,0.00,0.00,1.0,1.0
2026-08-21T22:52:33+00:00,2026-08-21,daily,2,2026-08-28T17:30:00Z,306,Greaves,IPS,DEF,40,0,0,1.5,94,99,94,99,a,,,,,,,,0.0,0,0,0,0,0,0,0,0,0,0,0,0,0,0.00,0.00,0.00,0.00,1.0,1.0
2026-08-21T22:52:33+00:00,2026-08-21,daily,2,2026-08-28T17:30:00Z,307,Johnson,IPS,DEF,40,0,0,0.1,44,14,44,14,a,,,,,,,,0.0,0,0,0,0,0,0,0,0,0,0,0,0,0,0.00,0.00,0.00,0.00,1.0,1.0
2026-08-21T22:52:33+00:00,2026-08-21,daily,2,2026-08-28T17:30:00Z,308,Furlong,IPS,DEF,40,0,0,0.6,22,84,22,84,a,,,,,,,,0.0,0,0,0,0,0,0,0,0,0,0,0,0,0,0.00,0.00,0.00,0.00,1.0,1.0
2026-08-21T22:52:33+00:00,2026-08-21,daily,2,2026-08-28T17:30:00Z,309,Núñez,IPS,MID,50,0,0,0.1,18,26,18,26,a,,,,,,1,1,0.0,0,0,0,0,0,0,0,0,0,0,0,0,0,0.00,0.00,0.00,0.00,1.5,1.5
2026-08-21T22:52:33+00:00,2026-08-21,daily,2,2026-08-28T17:30:00Z,310,Matusiwa,IPS,MID,50,0,0,0.0,0,9,0,9,i,Muscular injury - Unknown return date,2026-07-29T18:00:10.305484Z,0,0,,,,0.0,0,0,0,0,0,0,0,0,0,0,0,0,0,0.00,0.00,0.00,0.00,0.0,0.0
2026-08-21T22:52:33+00:00,2026-08-21,daily,2,2026-08-28T17:30:00Z,311,Burns,IPS,MID,50,0,0,0.0,0,14,0,14,u,Has joined Leicester City permanently,2026-08-10T14:02:47.597478Z,0,0,,,,0.0,0,0,0,0,0,0,0,0,0,0,0,0,0,0.00,0.00,0.00,0.00,0.0,0.0
2026-08-21T22:52:33+00:00,2026-08-21,daily,2,2026-08-28T17:30:00Z,312,Taylor,IPS,MID,45,0,0,0.0,13,64,13,64,i,Knee injury - Unknown return date,2026-07-29T18:00:10.319370Z,0,0,,,,0.0,0,0,0,0,0,0,0,0,0,0,0,0,0,0.00,0.00,0.00,0.00,0.0,0.0
2026-08-21T22:52:33+00:00,2026-08-21,daily,2,2026-08-28T17:30:00Z,313,Clarke,IPS,MID,55,0,0,0.3,21,44,21,44,a,,,,,1,3,3,0.0,0,0,0,0,0,0,0,0,0,0,0,0,0,0.00,0.00,0.00,0.00,2.0,2.0
2026-08-21T22:52:33+00:00,2026-08-21,daily,2,2026-08-28T17:30:00Z,314,Ogbene,IPS,MID,50,0,0,0.0,5,4,5,4,a,,,,,,,,0.0,0,0,0,0,0,0,0,0,0,0,0,0,0,0.00,0.00,0.00,0.00,1.5,1.5
2026-08-21T22:52:33+00:00,2026-08-21,daily,2,2026-08-28T17:30:00Z,315,Fatawu,IPS,MID,55,0,0,0.2,23,67,23,67,a,,,,,,,,0.0,0,0,0,0,0,0,0,0,0,0,0,0,0,0.00,0.00,0.00,0.00,2.0,2.0
2026-08-21T22:52:33+00:00,2026-08-21,daily,2,2026-08-28T17:30:00Z,316,Emersonn,IPS,FWD,55,0,0,0.4,33,59,33,59,a,,,,,2,,,0.0,0,0,0,0,0,0,0,0,0,0,0,0,0,0.00,0.00,0.00,0.00,1.8,1.8
2026-08-21T22:52:33+00:00,2026-08-21,daily,2,2026-08-28T17:30:00Z,317,Hirst,IPS,FWD,50,0,0,0.3,0,1027,0,1027,u,Has joined Stoke City permanently,2026-08-21T13:06:08.606019Z,0,0,,,,0.0,0,0,0,0,0,0,0,0,0,0,0,0,0,0.00,0.00,0.00,0.00,0.0,0.0
2026-08-21T22:52:33+00:00,2026-08-21,daily,2,2026-08-28T17:30:00Z,318,Philogene,IPS,MID,55,0,0,0.2,13,40,13,40,a,,,,,3,,5,0.0,0,0,0,0,0,0,0,0,0,0,0,0,0,0.00,0.00,0.00,0.00,2.0,2.0
2026-08-21T22:52:33+00:00,2026-08-21,daily,2,2026-08-28T17:30:00Z,319,Szmodics,IPS,MID,50,0,0,0.0,0,44,0,44,u,Has joined Derby County on loan for the rest of the season,2026-08-17T13:51:41.713979Z,0,0,,,,0.0,0,0,0,0,0,0,0,0,0,0,0,0,0,0.00,0.00,0.00,0.00,0.0,0.0
2026-08-21T22:52:33+00:00,2026-08-21,daily,2,2026-08-28T17:30:00Z,320,Akpom,IPS,FWD,50,0,0,0.5,295,152,295,152,a,,,,,,,,0.0,0,0,0,0,0,0,0,0,0,0,0,0,0,0.00,0.00,0.00,0.00,1.4,1.4
2026-08-21T22:52:33+00:00,2026-08-21,daily,2,2026-08-28T17:30:00Z,321,Walle Egeli,IPS,FWD,45,0,0,2.2,549,337,549,337,a,,,,,,,,0.0,0,0,0,0,0,0,0,0,0,0,0,0,0,0.00,0.00,0.00,0.00,1.0,1.0
2026-08-21T22:52:33+00:00,2026-08-21,daily,2,2026-08-28T17:30:00Z,322,Al-Hamadi,IPS,FWD,50,0,0,0.2,84,66,84,66,a,,,,,,,,0.0,0,0,0,0,0,0,0,0,0,0,0,0,0,0.00,0.00,0.00,0.00,1.4,1.4
2026-08-21T22:52:33+00:00,2026-08-21,daily,2,2026-08-28T17:30:00Z,323,McAteer,IPS,MID,45,0,0,1.5,386,231,386,231,a,,,,,,,,0.0,0,0,0,0,0,0,0,0,0,0,0,0,0,0.00,0.00,0.00,0.00,1.0,1.0
2026-08-21T22:52:33+00:00,2026-08-21,daily,2,2026-08-28T17:30:00Z,324,Mehmeti,IPS,MID,50,0,0,0.1,5,18,5,18,a,,,,,,,,0.0,0,0,0,0,0,0,0,0,0,0,0,0,0,0.00,0.00,0.00,0.00,1.5,1.5
2026-08-21T22:52:33+00:00,2026-08-21,daily,2,2026-08-28T17:30:00Z,554,Van Oevelen,IPS,GKP,45,0,0,0.0,5,10,5,10,a,,,,,,,,0.0,0,0,0,0,0,0,0,0,0,0,0,0,0,0.00,0.00,0.00,0.00,1.9,1.9
2026-08-21T22:52:33+00:00,2026-08-21,daily,2,2026-08-28T17:30:00Z,562,Maeda,IPS,MID,55,0,0,0.4,41,48,41,48,a,,,,,,,,0.0,0,0,0,0,0,0,0,0,0,0,0,0,0,0.00,0.00,0.00,0.00,2.0,2.0
2026-08-21T22:52:33+00:00,2026-08-21,daily,2,2026-08-28T17:30:00Z,564,Scherpen,IPS,GKP,45,0,0,0.7,23,99,23,99,a,,,,,,,,0.0,0,0,0,0,0,0,0,0,0,0,0,0,0,0.00,0.00,0.00,0.00,1.9,1.9
2026-08-21T22:52:33+00:00,2026-08-21,daily,2,2026-08-28T17:30:00Z,571,Florentino,IPS,MID,50,0,0,0.1,24,26,24,26,a,,,,,,,,0.0,0,0,0,0,0,0,0,0,0,0,0,0,0,0.00,0.00,0.00,0.00,1.5,1.5
2026-08-21T22:52:33+00:00,2026-08-21,daily,2,2026-08-28T17:30:00Z,591,Enciso,IPS,MID,55,0,0,0.3,54,46,54,46,a,,,,,,,,0.0,0,0,0,0,0,0,0,0,0,0,0,0,0,0.00,0.00,0.00,0.00,2.0,2.0
2026-08-21T22:52:33+00:00,2026-08-21,daily,2,2026-08-28T17:30:00Z,592,Ouattara,IPS,DEF,40,0,0,1.0,442,168,442,168,a,,,,,,,,0.0,0,0,0,0,0,0,0,0,0,0,0,0,0,0.00,0.00,0.00,0.00,1.0,1.0
2026-08-21T22:52:33+00:00,2026-08-21,daily,2,2026-08-28T17:30:00Z,260,Wilson,LEE,MID,65,0,0,6.4,519,1196,519,1196,a,,,,,,,2,0.0,0,0,0,0,0,0,0,0,0,0,0,0,0,0.00,0.00,0.00,0.00,2.3,2.3
2026-08-21T22:52:33+00:00,2026-08-21,daily,2,2026-08-28T17:30:00Z,326,Perri,LEE,GKP,45,0,0,0.6,20,104,20,104,a,,,,,,,,0.0,0,0,0,0,0,0,0,0,0,0,0,0,0,0.00,0.00,0.00,0.00,1.9,1.9
2026-08-21T22:52:33+00:00,2026-08-21,daily,2,2026-08-28T17:30:00Z,327,Bijol,LEE,DEF,50,0,0,0.3,120,69,120,69,a,,,,,,,,0.0,0,0,0,0,0,0,0,0,0,0,0,0,0,0.00,0.00,0.00,0.00,2.2,2.2
2026-08-21T22:52:33+00:00,2026-08-21,daily,2,2026-08-28T17:30:00Z,329,Rodon,LEE,DEF,45,0,0,3.7,389,202,389,202,a,,,,,,,,0.0,0,0,0,0,0,0,0,0,0,0,0,0,0,0.00,0.00,0.00,0.00,1.7,1.7
2026-08-21T22:52:33+00:00,2026-08-21,daily,2,2026-08-28T17:30:00Z,330,Bogle,LEE,DEF,45,0,0,0.5,119,60,119,60,a,,,,,,,,0.0,0,0,0,0,0,0,0,0,0,0,0,0,0,0.00,0.00,0.00,0.00,1.7,1.7
2026-08-21T22:52:33+00:00,2026-08-21,daily,2,2026-08-28T17:30:00Z,331,Gudmundsson,LEE,DEF,45,0,0,0.1,2,62,2,62,i,Hamstring injury - Unknown return date,2026-08-08T20:00:07.546568Z,0,0,,,,0.0,0,0,0,0,0,0,0,0,0,0,0,0,0,0.00,0.00,0.00,0.00,0.0,0.0
2026-08-21T22:52:33+00:00,2026-08-21,daily,2,2026-08-28T17:30:00Z,332,Justin,LEE,DEF,45,0,0,0.6,67,49,67,49,a,,,,,,,,0.0,0,0,0,0,0,0,0,0,0,0,0,0,0,0.00,0.00,0.00,0.00,1.7,1.7
2026-08-21T22:52:33+00:00,2026-08-21,daily,2,2026-08-28T17:30:00Z,333,Bornauw,LEE,DEF,45,0,0,0.0,0,12,0,12,u,Has joined Hamburg SV on loan for the rest of the season,2026-08-19T13:56:14.645970Z,0,0,,,,0.0,0,0,0,0,0,0,0,0,0,0,0,0,0,0.00,0.00,0.00,0.00,0.0,0.0
2026-08-21T22:52:33+00:00,2026-08-21,daily,2,2026-08-28T17:30:00Z,334,Muharemović,LEE,DEF,50,0,0,3.4,504,166,504,166,a,,,,,,,,0.0,0,0,0,0,0,0,0,0,0,0,0,0,0,0.00,0.00,0.00,0.00,2.2,2.2
2026-08-21T22:52:33+00:00,2026-08-21,daily,2,2026-08-28T17:30:00Z,335,Stach,LEE,MID,60,0,0,0.9,80,127,80,127,a,,,,,,1,1,0.0,0,0,0,0,0,0,0,0,0,0,0,0,0,0.00,0.00,0.00,0.00,2.1,2.1
2026-08-21T22:52:33+00:00,2026-08-21,daily,2,2026-08-28T17:30:00Z,336,Okafor,LEE,MID,60,0,0,0.5,76,108,76,108,a,,,,,,,,0.0,0,0,0,0,0,0,0,0,0,0,0,0,0,0.00,0.00,0.00,0.00,2.1,2.1
2026-08-21T22:52:33+00:00,2026-08-21,daily,2,2026-08-28T17:30:00Z,337,Aaronson,LEE,MID,55,0,0,1.0,95,131,95,131,a,,,,,,3,,0.0,0,0,0,0,0,0,0,0,0,0,0,0,0,0.00,0.00,0.00,0.00,2.0,2.0
2026-08-21T22:52:33+00:00,2026-08-21,daily,2,2026-08-28T17:30:00Z,338,Ampadu,LEE,MID,55,0,0,1.5,89,199,89,199,a,,,,,,,,0.0,0,0,0,0,0,0,0,0,0,0,0,0,0,0.00,0.00,0.00,0.00,2.0,2.0
2026-08-21T22:52:33+00:00,2026-08-21,daily,2,2026-08-28T17:30:00Z,339,Longstaff,LEE,MID,50,0,0,0.1,45,28,45,28,a,,,,,,2,3,0.0,0,0,0,0,0,0,0,0,0,0,0,0,0,0.00,0.00,0.00,0.00,1.5,1.5
2026-08-21T22:52:33+00:00,2026-08-21,daily,2,2026-08-28T17:30:00Z,341,Gnonto,LEE,MID,50,0,0,0.0,2,60,2,60,i,Hamstring injury - Unknown return date,2026-08-17T20:30:08.092366Z,0,0,,,,0.0,0,0,0,0,0,0,0,0,0,0,0,0,0,0.00,0.00,0.00,0.00,0.0,0.0
2026-08-21T22:52:33+00:00,2026-08-21,daily,2,2026-08-28T17:30:00Z,342,Harrison,LEE,MID,50,0,0,0.0,0,8,0,8,u,Has joined New England Revolution permanently,2026-07-28T12:59:09.492431Z,0,0,,,,0.0,0,0,0,0,0,0,0,0,0,0,0,0,0,0.00,0.00,0.00,0.00,0.0,0.0
2026-08-21T22:52:33+00:00,2026-08-21,daily,2,2026-08-28T17:30:00Z,343,James,LEE,MID,50,0,0,0.1,63,27,63,27,a,,,,,,,,0.0,0,0,0,0,0,0,0,0,0,0,0,0,0,0.00,0.00,0.00,0.00,1.5,1.5
2026-08-21T22:52:33+00:00,2026-08-21,daily,2,2026-08-28T17:30:00Z,344,Gruev,LEE,MID,50,0,0,0.0,1,8,1,8,i,Knee injury - Unknown return date,2026-08-14T23:00:06.272027Z,0,0,,,,0.0,0,0,0,0,0,0,0,0,0,0,0,0,0,0.00,0.00,0.00,0.00,0.0,0.0
2026-08-21T22:52:33+00:00,2026-08-21,daily,2,2026-08-28T17:30:00Z,345,Tanaka,LEE,MID,50,0,0,0.3,82,76,82,76,a,,,,,,,4,0.0,0,0,0,0,0,0,0,0,0,0,0,0,0,0.00,0.00,0.00,0.00,1.5,1.5
2026-08-21T22:52:33+00:00,2026-08-21,daily,2,2026-08-28T17:30:00Z,346,Calvert-Lewin,LEE,FWD,60,0,0,31.4,3477,1574,3477,1574,a,,,,,1,,,0.0,0,0,0,0,0,0,0,0,0,0,0,0,0,0.00,0.00,0.00,0.00,2.0,2.0
2026-08-21T22:52:33+00:00,2026-08-21,daily,2,2026-08-28T17:30:00Z,347,Nmecha,LEE,FWD,55,0,0,0.6,117,120,117,120,a,,,,,2,,,0.0,0,0,0,0,0,0,0,0,0,0,0,0,0,0.00,0.00,0.00,0.00,1.8,1.8
2026-08-21T22:52:33+00:00,2026-08-21,daily,2,2026-08-28T17:30:00Z,348,Piroe,LEE,FWD,50,0,0,0.2,0,550,0,550,u,Has joined West Ham United on loan for the rest of the season,2026-08-19T13:56:14.666726Z,0,0,3,,,0.0,0,0,0,0,0,0,0,0,0,0,0,0,0,0.00,0.00,0.00,0.00,0.0,0.0
2026-08-21T22:52:33+00:00,2026-08-21,daily,2,2026-08-28T17:30:00Z,349,Mateo Joseph,LEE,FWD,45,0,0,0.1,17,66,17,66,i,Knee injury - Unknown return date,2026-07-29T18:00:10.338170Z,0,0,,,,0.0,0,0,0,0,0,0,0,0,0,0,0,0,0,0.00,0.00,0.00,0.00,0.0,0.0
2026-08-21T22:52:33+00:00,2026-08-21,daily,2,2026-08-28T17:30:00Z,385,Trafford,LEE,GKP,50,0,0,3.0,427,248,427,248,a,,,,,,,,0.0,0,0,0,0,0,0,0,0,0,0,0,0,0,0.00,0.00,0.00,0.00,2.6,2.6
2026-08-21T22:52:33+00:00,2026-08-21,daily,2,2026-08-28T17:30:00Z,598,Elvedi,LEE,DEF,45,0,0,0.0,28,3,28,3,a,,,,,,,,0.0,0,0,0,0,0,0,0,0,0,0,0,0,0,0.00,0.00,0.00,0.00,1.7,1.7
2026-08-21T22:52:33+00:00,2026-08-21,daily,2,2026-08-28T17:30:00Z,350,A.Becker,LIV,GKP,55,0,0,3.5,579,576,579,576,a,,,,,,,,0.0,0,0,0,0,0,0,0,0,0,0,0,0,0,0.00,0.00,0.00,0.00,3.3,3.3
2026-08-21T22:52:33+00:00,2026-08-21,daily,2,2026-08-28T17:30:00Z,351,Mamardashvili,LIV,GKP,50,0,0,0.2,40,71,40,71,a,,,,,,,,0.0,0,0,0,0,0,0,0,0,0,0,0,0,0,0.00,0.00,0.00,0.00,2.6,2.6
2026-08-21T22:52:33+00:00,2026-08-21,daily,2,2026-08-28T17:30:00Z,352,Woodman,LIV,GKP,40,0,0,1.1,150,149,150,149,a,,,,,,,,0.0,0,0,0,0,0,0,0,0,0,0,0,0,0,0.00,0.00,0.00,0.00,1.0,1.0
2026-08-21T22:52:33+00:00,2026-08-21,daily,2,2026-08-28T17:30:00Z,353,Pecsi,LIV,GKP,40,0,0,0.0,0,53,0,53,u,Has joined TSV Hartberg on loan for the rest of the season,2026-08-18T14:11:18.638344Z,0,0,,,,0.0,0,0,0,0,0,0,0,0,0,0,0,0,0,0.00,0.00,0.00,0.00,0.0,0.0
2026-08-21T22:52:33+00:00,2026-08-21,daily,2,2026-08-28T17:30:00Z,354,Jaros,LIV,GKP,40,0,0,0.0,9,17,9,17,i,Knee injury - Unknown return date,2026-07-29T18:00:10.351066Z,0,0,,,,0.0,0,0,0,0,0,0,0,0,0,0,0,0,0,0.00,0.00,0.00,0.00,0.0,0.0
2026-08-21T22:52:33+00:00,2026-08-21,daily,2,2026-08-28T17:30:00Z,355,Davies,LIV,GKP,40,0,0,0.1,35,16,35,16,a,,,,,,,,0.0,0,0,0,0,0,0,0,0,0,0,0,0,0,0.00,0.00,0.00,0.00,1.0,1.0
2026-08-21T22:52:33+00:00,2026-08-21,daily,2,2026-08-28T17:30:00Z,356,Virgil,LIV,DEF,65,0,0,18.9,3367,1340,3367,1340,a,,,,,,,,0.0,0,0,0,0,0,0,0,0,0,0,0,0,0,0.00,0.00,0.00,0.00,3.1,3.1
2026-08-21T22:52:33+00:00,2026-08-21,daily,2,2026-08-28T17:30:00Z,357,Frimpong,LIV,DEF,55,0,0,3.4,1892,514,1892,514,a,,,,,,,,0.0,0,0,0,0,0,0,0,0,0,0,0,0,0,0.00,0.00,0.00,0.00,2.5,2.5
2026-08-21T22:52:33+00:00,2026-08-21,daily,2,2026-08-28T17:30:00Z,358,Kerkez,LIV,DEF,55,0,0,3.8,1081,533,1081,533,a,,,,,,,,0.0,0,0,0,0,0,0,0,0,0,0,0,0,0,0.00,0.00,0.00,0.00,2.5,2.5
2026-08-21T22:52:33+00:00,2026-08-21,daily,2,2026-08-28T17:30:00Z,359,Gomez,LIV,DEF,50,0,0,0.0,10,32,10,32,i,Muscular injury - Unknown return date,2026-07-26T08:30:10.078473Z,0,0,,,,0.0,0,0,0,0,0,0,0,0,0,0,0,0,0,0.00,0.00,0.00,0.00,0.0,0.0
2026-08-21T22:52:33+00:00,2026-08-21,daily,2,2026-08-28T17:30:00Z,360,Bradley,LIV,DEF,50,0,0,0.0,3,15,3,15,i,Knee injury - Unknown return date,2026-07-23T12:01:23.565711Z,0,0,,,,0.0,0,0,0,0,0,0,0,0,0,0,0,0,0,0.00,0.00,0.00,0.00,0.0,0.0
2026-08-21T22:52:33+00:00,2026-08-21,daily,2,2026-08-28T17:30:00Z,361,Lucky,LIV,DEF,40,0,0,0.1,69,37,69,37,a,,,,,,,,0.0,0,0,0,0,0,0,0,0,0,0,0,0,0,0.00,0.00,0.00,0.00,1.0,1.0
2026-08-21T22:52:33+00:00,2026-08-21,daily,2,2026-08-28T17:30:00Z,362,Jacquet,LIV,DEF,50,0,0,2.3,945,241,945,241,a,,2026-07-23T12:01:23.581126Z,100,100,,,,0.0,0,0,0,0,0,0,0,0,0,0,0,0,0,0.00,0.00,0.00,0.00,2.2,2.2
2026-08-21T22:52:33+00:00,2026-08-21,daily,2,2026-08-28T17:30:00Z,363,Leoni,LIV,DEF,40,0,0,0.0,22,22,22,22,i,Knee injury - Unknown return date,2026-07-23T12:01:23.596909Z,0,0,,,,0.0,0,0,0,0,0,0,0,0,0,0,0,0,0,0.00,0.00,0.00,0.00,0.0,0.0
2026-08-21T22:52:33+00:00,2026-08-21,daily,2,2026-08-28T17:30:00Z,364,Tsimikas,LIV,DEF,50,0,0,0.1,45,22,45,22,a,,,,,,,,0.0,0,0,0,0,0,0,0,0,0,0,0,0,0,0.00,0.00,0.00,0.00,2.2,2.2
2026-08-21T22:52:33+00:00,2026-08-21,daily,2,2026-08-28T17:30:00Z,365,Ramsay,LIV,DEF,40,0,0,0.2,93,52,93,52,a,,,,,,,,0.0,0,0,0,0,0,0,0,0,0,0,0,0,0,0.00,0.00,0.00,0.00,1.0,1.0
2026-08-21T22:52:33+00:00,2026-08-21,daily,2,2026-08-28T17:30:00Z,366,Wirtz,LIV,MID,75,0,0,12.6,1320,1355,1320,1355,a,,,,,4,2,3,0.0,0,0,0,0,0,0,0,0,0,0,0,0,0,0.00,0.00,0.00,0.00,2.6,2.6
2026-08-21T22:52:33+00:00,2026-08-21,daily,2,2026-08-28T17:30:00Z,367,Gakpo,LIV,MID,70,0,0,3.5,592,560,592,560,a,,,,,3,,2,0.0,0,0,0,0,0,0,0,0,0,0,0,0,0,0.00,0.00,0.00,0.00,2.5,2.5
2026-08-21T22:52:33+00:00,2026-08-21,daily,2,2026-08-28T17:30:00Z,368,Szoboszlai,LIV,MID,70,0,0,41.8,4552,2334,4552,2334,a,,,,,2,1,1,0.0,0,0,0,0,0,0,0,0,0,0,0,0,0,0.00,0.00,0.00,0.00,2.5,2.5
2026-08-21T22:52:33+00:00,2026-08-21,daily,2,2026-08-28T17:30:00Z,369,Ngumoha,LIV,MID,60,0,0,1.2,254,307,254,307,a,,,,,,,,0.0,0,0,0,0,0,0,0,0,0,0,0,0,0,0.00,0.00,0.00,0.00,2.1,2.1
2026-08-21T22:52:33+00:00,2026-08-21,daily,2,2026-08-28T17:30:00Z,370,Chiesa,LIV,MID,55,0,0,0.1,61,64,61,64,a,,,,,,,,0.0,0,0,0,0,0,0,0,0,0,0,0,0,0,0.00,0.00,0.00,0.00,2.0,2.0
2026-08-21T22:52:33+00:00,2026-08-21,daily,2,2026-08-28T17:30:00Z,371,Gravenberch,LIV,MID,60,0,0,1.9,443,526,443,526,a,,,,,,,,0.0,0,0,0,0,0,0,0,0,0,0,0,0,0,0.00,0.00,0.00,0.00,2.1,2.1
2026-08-21T22:52:33+00:00,2026-08-21,daily,2,2026-08-28T17:30:00Z,372,Mac Allister,LIV,MID,55,0,0,1.7,487,411,487,411,a,,,,,5,,,0.0,0,0,0,0,0,0,0,0,0,0,0,0,0,0.00,0.00,0.00,0.00,2.0,2.0
2026-08-21T22:52:33+00:00,2026-08-21,daily,2,2026-08-28T17:30:00Z,373,C.Jones,LIV,MID,55,0,0,0.1,7,88,7,88,d,Hip injury - 75% chance of playing,2026-08-16T18:30:07.426408Z,75,75,,,,0.0,0,0,0,0,0,0,0,0,0,0,0,0,0,0.00,0.00,0.00,0.00,1.5,1.5
2026-08-21T22:52:33+00:00,2026-08-21,daily,2,2026-08-28T17:30:00Z,374,Endo,LIV,MID,50,0,0,0.1,56,41,56,41,a,,2026-07-23T12:01:23.612529Z,100,100,,,,0.0,0,0,0,0,0,0,0,0,0,0,0,0,0,0.00,0.00,0.00,0.00,1.5,1.5
2026-08-21T22:52:33+00:00,2026-08-21,daily,2,2026-08-28T17:30:00Z,375,Nyoni,LIV,MID,50,0,0,0.0,11,12,11,12,a,,,,,,,,0.0,0,0,0,0,0,0,0,0,0,0,0,0,0,0.00,0.00,0.00,0.00,1.5,1.5
2026-08-21T22:52:33+00:00,2026-08-21,daily,2,2026-08-28T17:30:00Z,376,Bajcetic,LIV,MID,50,0,0,0.0,1,3,1,3,i,Hamstring injury - Expected back 23 Aug,2026-07-23T12:01:23.628373Z,0,0,,,,0.0,0,0,0,0,0,0,0,0,0,0,0,0,0,0.00,0.00,0.00,0.00,0.0,0.0
2026-08-21T22:52:33+00:00,2026-08-21,daily,2,2026-08-28T17:30:00Z,377,Munoz,LIV,MID,65,0,0,0.5,114,211,114,211,a,,,,,,,,0.0,0,0,0,0,0,0,0,0,0,0,0,0,0,0.00,0.00,0.00,0.00,2.3,2.3
2026-08-21T22:52:33+00:00,2026-08-21,daily,2,2026-08-28T17:30:00Z,378,McConnell,LIV,MID,45,0,0,0.3,114,92,114,92,a,,,,,,,,0.0,0,0,0,0,0,0,0,0,0,0,0,0,0,0.00,0.00,0.00,0.00,1.0,1.0
2026-08-21T22:52:33+00:00,2026-08-21,daily,2,2026-08-28T17:30:00Z,379,Isak,LIV,FWD,90,0,0,16.8,1504,1375,1504,1375,a,,,,,1,,,0.0,0,0,0,0,0,0,0,0,0,0,0,0,0,0.00,0.00,0.00,0.00,2.7,2.7
2026-08-21T22:52:33+00:00,2026-08-21,daily,2,2026-08-28T17:30:00Z,380,Ekitiké,LIV,FWD,75,0,0,0.2,48,286,48,286,i,Achilles injury - Unknown return date,2026-07-23T12:01:23.643771Z,0,0,,,,0.0,0,0,0,0,0,0,0,0,0,0,0,0,0,0.00,0.00,0.00,0.00,0.0,0.0
2026-08-21T22:52:33+00:00,2026-08-21,daily,2,2026-08-28T17:30:00Z,381,Koumas,LIV,MID,50,0,0,0.0,2,4,2,4,a,,,,,,,,0.0,0,0,0,0,0,0,0,0,0,0,0,0,0,0.00,0.00,0.00,0.00,1.5,1.5
2026-08-21T22:52:33+00:00,2026-08-21,daily,2,2026-08-28T17:30:00Z,382,Danns,LIV,FWD,45,0,0,0.0,20,42,20,42,i,Unspecified injury - Unknown return date,2026-07-23T12:01:23.659279Z,0,0,,,,0.0,0,0,0,0,0,0,0,0,0,0,0,0,0,0.00,0.00,0.00,0.00,0.0,0.0
2026-08-21T22:52:33+00:00,2026-08-21,daily,2,2026-08-28T17:30:00Z,383,Elliott,LIV,MID,55,0,0,0.1,31,31,31,31,a,,,,,,,,0.0,0,0,0,0,0,0,0,0,0,0,0,0,0,0.00,0.00,0.00,0.00,2.0,2.0
2026-08-21T22:52:33+00:00,2026-08-21,daily,2,2026-08-28T17:30:00Z,579,Araujo,LIV,DEF,55,0,0,2.5,3364,724,3364,724,a,,,,,,,,0.0,0,0,0,0,0,0,0,0,0,0,0,0,0,0.00,0.00,0.00,0.00,2.5,2.5
2026-08-21T22:52:33+00:00,2026-08-21,daily,2,2026-08-28T17:30:00Z,238,Grealish,MCI,MID,65,0,0,0.2,80,89,80,89,a,,2026-07-29T10:00:10.492904Z,100,100,,,,0.0,0,0,0,0,0,0,0,0,0,0,0,0,0,0.00,0.00,0.00,0.00,2.3,2.3
2026-08-21T22:52:33+00:00,2026-08-21,daily,2,2026-08-28T17:30:00Z,384,Donnarumma,MCI,GKP,55,0,0,8.2,1013,1277,1013,1277,a,,,,,,,,0.0,0,0,0,0,0,0,0,0,0,0,0,0,0,0.00,0.00,0.00,0.00,3.3,3.3
2026-08-21T22:52:33+00:00,2026-08-21,daily,2,2026-08-28T17:30:00Z,386,Bettinelli,MCI,GKP,45,0,0,0.0,15,10,15,10,a,,,,,,,,0.0,0,0,0,0,0,0,0,0,0,0,0,0,0,0.00,0.00,0.00,0.00,1.9,1.9
2026-08-21T22:52:33+00:00,2026-08-21,daily,2,2026-08-28T17:30:00Z,387,O'Reilly,MCI,DEF,65,0,0,21.2,2877,1713,2877,1713,a,,,,,,,,0.0,0,0,0,0,0,0,0,0,0,0,0,0,0,0.00,0.00,0.00,0.00,3.1,3.1
2026-08-21T22:52:33+00:00,2026-08-21,daily,2,2026-08-28T17:30:00Z,388,Guéhi,MCI,DEF,60,0,0,17.1,2537,1853,2537,1853,a,,,,,,,,0.0,0,0,0,0,0,0,0,0,0,0,0,0,0,0.00,0.00,0.00,0.00,2.8,2.8
2026-08-21T22:52:33+00:00,2026-08-21,daily,2,2026-08-28T17:30:00Z,389,Matheus N.,MCI,DEF,60,0,0,1.5,247,292,247,292,a,,2026-08-16T18:30:07.457097Z,100,100,5,,,0.0,0,0,0,0,0,0,0,0,0,0,0,0,0,0.00,0.00,0.00,0.00,2.8,2.8
2026-08-21T22:52:33+00:00,2026-08-21,daily,2,2026-08-28T17:30:00Z,390,Rúben,MCI,DEF,55,0,0,1.7,1017,330,1017,330,a,,,,,,,,0.0,0,0,0,0,0,0,0,0,0,0,0,0,0,0.00,0.00,0.00,0.00,2.5,2.5
2026-08-21T22:52:33+00:00,2026-08-21,daily,2,2026-08-28T17:30:00Z,391,Gvardiol,MCI,DEF,55,0,0,11.0,4549,1086,4549,1086,a,,,,,,,,0.0,0,0,0,0,0,0,0,0,0,0,0,0,0,0.00,0.00,0.00,0.00,2.5,2.5
2026-08-21T22:52:33+00:00,2026-08-21,daily,2,2026-08-28T17:30:00Z,392,Aït-Nouri,MCI,DEF,55,0,0,0.9,420,253,420,253,a,,,,,,,,0.0,0,0,0,0,0,0,0,0,0,0,0,0,0,0.00,0.00,0.00,0.00,2.5,2.5
2026-08-21T22:52:33+00:00,2026-08-21,daily,2,2026-08-28T17:30:00Z,393,Khusanov,MCI,DEF,55,0,0,1.7,532,446,532,446,a,,,,,,,,0.0,0,0,0,0,0,0,0,0,0,0,0,0,0,0.00,0.00,0.00,0.00,2.5,2.5
2026-08-21T22:52:33+00:00,2026-08-21,daily,2,2026-08-28T17:30:00Z,394,Alleyne,MCI,DEF,50,0,0,0.0,0,39,0,39,u,Has joined Burnley on loan for the rest of the season,2026-08-18T14:11:56.324656Z,0,0,,,,0.0,0,0,0,0,0,0,0,0,0,0,0,0,0,0.00,0.00,0.00,0.00,0.0,0.0
2026-08-21T22:52:33+00:00,2026-08-21,daily,2,2026-08-28T17:30:00Z,395,Lewis,MCI,DEF,45,0,0,0.2,212,60,212,60,a,,,,,,,,0.0,0,0,0,0,0,0,0,0,0,0,0,0,0,0.00,0.00,0.00,0.00,1.7,1.7
2026-08-21T22:52:33+00:00,2026-08-21,daily,2,2026-08-28T17:30:00Z,396,Vitor Reis,MCI,DEF,45,0,0,0.0,15,8,15,8,a,,,,,,,,0.0,0,0,0,0,0,0,0,0,0,0,0,0,0,0.00,0.00,0.00,0.00,1.7,1.7
2026-08-21T22:52:33+00:00,2026-08-21,daily,2,2026-08-28T17:30:00Z,397,Semenyo,MCI,MID,85,0,0,26.3,1505,1845,1505,1845,a,,,,,3,,,0.0,0,0,0,0,0,0,0,0,0,0,0,0,0,0.00,0.00,0.00,0.00,2.9,2.9
2026-08-21T22:52:33+00:00,2026-08-21,daily,2,2026-08-28T17:30:00Z,398,Foden,MCI,MID,70,0,0,4.4,776,709,776,709,a,,,,,,3,3,0.0,0,0,0,0,0,0,0,0,0,0,0,0,0,0.00,0.00,0.00,0.00,2.5,2.5
2026-08-21T22:52:33+00:00,2026-08-21,daily,2,2026-08-28T17:30:00Z,399,Cherki,MCI,MID,75,0,0,7.8,1510,1553,1510,1553,a,,,,,,1,1,0.0,0,0,0,0,0,0,0,0,0,0,0,0,0,0.00,0.00,0.00,0.00,2.6,2.6
2026-08-21T22:52:33+00:00,2026-08-21,daily,2,2026-08-28T17:30:00Z,400,Doku,MCI,MID,75,0,0,2.0,37,5833,37,5833,i,Calf injury - Expected back 5 Sep,2026-08-18T17:00:08.385597Z,0,0,4,,,0.0,0,0,0,0,0,0,0,0,0,0,0,0,0,0.00,0.00,0.00,0.00,0.0,0.0
2026-08-21T22:52:33+00:00,2026-08-21,daily,2,2026-08-28T17:30:00Z,401,Marmoush,MCI,FWD,70,0,0,0.9,582,438,582,438,a,,,,,2,2,,0.0,0,0,0,0,0,0,0,0,0,0,0,0,0,0.00,0.00,0.00,0.00,2.2,2.2
2026-08-21T22:52:33+00:00,2026-08-21,daily,2,2026-08-28T17:30:00Z,402,Rodrigo,MCI,MID,65,0,0,0.0,0,87,0,87,u,Has joined Barcelona permanently,2026-07-23T12:01:23.675537Z,0,0,,,,0.0,0,0,0,0,0,0,0,0,0,0,0,0,0,0.00,0.00,0.00,0.00,0.0,0.0
2026-08-21T22:52:33+00:00,2026-08-21,daily,2,2026-08-28T17:30:00Z,403,Savinho,MCI,MID,65,0,0,0.3,260,122,260,122,a,,,,,,,,0.0,0,0,0,0,0,0,0,0,0,0,0,0,0,0.00,0.00,0.00,0.00,2.3,2.3
2026-08-21T22:52:33+00:00,2026-08-21,daily,2,2026-08-28T17:30:00Z,404,Reijnders,MCI,MID,60,0,0,0.1,0,788,0,788,u,Has joined Al Qadsiah permanently,2026-08-20T14:02:58.154273Z,0,0,,,,0.0,0,0,0,0,0,0,0,0,0,0,0,0,0,0.00,0.00,0.00,0.00,0.0,0.0
2026-08-21T22:52:33+00:00,2026-08-21,daily,2,2026-08-28T17:30:00Z,405,N.Gonzalez,MCI,MID,55,0,0,0.1,17,43,17,43,a,,,,,,,,0.0,0,0,0,0,0,0,0,0,0,0,0,0,0,0.00,0.00,0.00,0.00,2.0,2.0
2026-08-21T22:52:33+00:00,2026-08-21,daily,2,2026-08-28T17:30:00Z,406,Kovačić,MCI,MID,55,0,0,0.1,52,43,52,43,a,,,,,,,,0.0,0,0,0,0,0,0,0,0,0,0,0,0,0,0.00,0.00,0.00,0.00,2.0,2.0
2026-08-21T22:52:33+00:00,2026-08-21,daily,2,2026-08-28T17:30:00Z,407,Echeverri,MCI,MID,50,0,0,0.0,9,9,9,9,a,,,,,,,,0.0,0,0,0,0,0,0,0,0,0,0,0,0,0,0.00,0.00,0.00,0.00,1.5,1.5
2026-08-21T22:52:33+00:00,2026-08-21,daily,2,2026-08-28T17:30:00Z,408,Phillips,MCI,MID,50,0,0,0.0,0,28,0,28,u,Has joined Sheffield United on loan for the rest of the season,2026-08-18T14:11:56.348781Z,0,0,,,,0.0,0,0,0,0,0,0,0,0,0,0,0,0,0,0.00,0.00,0.00,0.00,0.0,0.0
2026-08-21T22:52:33+00:00,2026-08-21,daily,2,2026-08-28T17:30:00Z,409,Mukasa,MCI,MID,45,0,0,0.2,137,76,137,76,a,,,,,,,,0.0,0,0,0,0,0,0,0,0,0,0,0,0,0,0.00,0.00,0.00,0.00,1.0,1.0
2026-08-21T22:52:33+00:00,2026-08-21,daily,2,2026-08-28T17:30:00Z,410,Monga,MCI,MID,50,0,0,0.0,9,10,9,10,a,,,,,,,,0.0,0,0,0,0,0,0,0,0,0,0,0,0,0,0.00,0.00,0.00,0.00,1.5,1.5
2026-08-21T22:52:33+00:00,2026-08-21,daily,2,2026-08-28T17:30:00Z,411,Haaland,MCI,FWD,155,0,0,69.4,1911,1050,1911,1050,a,,,,,1,,,0.0,0,0,0,0,0,0,0,0,0,0,0,0,0,0.00,0.00,0.00,0.00,4.0,4.0
2026-08-21T22:52:33+00:00,2026-08-21,daily,2,2026-08-28T17:30:00Z,481,Anderson,MCI,MID,65,0,0,7.9,995,2018,995,2018,a,,,,,,,2,0.0,0,0,0,0,0,0,0,0,0,0,0,0,0,0.00,0.00,0.00,0.00,2.3,2.3
2026-08-21T22:52:33+00:00,2026-08-21,daily,2,2026-08-28T17:30:00Z,587,Rulli,MCI,GKP,50,0,0,0.0,10,7,10,7,a,,,,,,,,0.0,0,0,0,0,0,0,0,0,0,0,0,0,0,0.00,0.00,0.00,0.00,2.6,2.6
2026-08-21T22:52:33+00:00,2026-08-21,daily,2,2026-08-28T17:30:00Z,43,Tielemans,MUN,MID,60,0,0,2.6,1139,531,1139,531,a,,2026-07-23T12:01:23.321726Z,100,100,3,,,0.0,0,0,0,0,0,0,0,0,0,0,0,0,0,0.00,0.00,0.00,0.00,2.1,2.1
2026-08-21T22:52:33+00:00,2026-08-21,daily,2,2026-08-28T17:30:00Z,162,Andrey Santos,MUN,MID,50,0,0,1.1,598,352,598,352,a,,,,,,,,0.0,0,0,0,0,0,0,0,0,0,0,0,0,0,0.00,0.00,0.00,0.00,1.5,1.5
2026-08-21T22:52:33+00:00,2026-08-21,daily,2,2026-08-28T17:30:00Z,325,Darlow,MUN,GKP,45,0,0,0.0,7,10,7,10,d,Unspecified injury - 75% chance of playing,2026-07-23T12:01:23.549136Z,75,75,,,,0.0,0,0,0,0,0,0,0,0,0,0,0,0,0,0.00,0.00,0.00,0.00,1.4,1.4
2026-08-21T22:52:33+00:00,2026-08-21,daily,2,2026-08-28T17:30:00Z,412,Lammens,MUN,GKP,50,0,0,16.7,1667,1077,1667,1077,a,,,,,,,,0.0,0,0,0,0,0,0,0,0,0,0,0,0,0,0.00,0.00,0.00,0.00,2.6,2.6
2026-08-21T22:52:33+00:00,2026-08-21,daily,2,2026-08-28T17:30:00Z,413,Bayindir,MUN,GKP,45,0,0,0.0,0,59,0,59,u,Has joined Celta Vigo on loan for the rest of the season,2026-08-10T14:02:28.608415Z,0,0,,,,0.0,0,0,0,0,0,0,0,0,0,0,0,0,0,0.00,0.00,0.00,0.00,0.0,0.0
2026-08-21T22:52:33+00:00,2026-08-21,daily,2,2026-08-28T17:30:00Z,414,Heaton,MUN,GKP,40,0,0,0.1,17,82,17,82,i,Hamstring injury - Unknown return date,2026-08-15T16:00:07.854151Z,0,0,,,,0.0,0,0,0,0,0,0,0,0,0,0,0,0,0,0.00,0.00,0.00,0.00,0.0,0.0
2026-08-21T22:52:33+00:00,2026-08-21,daily,2,2026-08-28T17:30:00Z,415,Dorgu,MUN,MID,60,0,0,1.4,348,325,348,325,a,,,,,,,,0.0,0,0,0,0,0,0,0,0,0,0,0,0,0,0.00,0.00,0.00,0.00,2.1,2.1
2026-08-21T22:52:33+00:00,2026-08-21,daily,2,2026-08-28T17:30:00Z,416,De Ligt,MUN,DEF,50,0,0,0.0,21,45,21,45,i,Back injury - Unknown return date,2026-07-23T12:01:23.690880Z,0,0,,,,0.0,0,0,0,0,0,0,0,0,0,0,0,0,0,0.00,0.00,0.00,0.00,0.0,0.0
2026-08-21T22:52:33+00:00,2026-08-21,daily,2,2026-08-28T17:30:00Z,417,Dalot,MUN,DEF,50,0,0,2.8,1172,355,1172,355,a,,,,,,,,0.0,0,0,0,0,0,0,0,0,0,0,0,0,0,0.00,0.00,0.00,0.00,2.2,2.2
2026-08-21T22:52:33+00:00,2026-08-21,daily,2,2026-08-28T17:30:00Z,418,Maguire,MUN,DEF,50,0,0,18.4,4424,879,4424,879,a,,,,,,,,0.0,0,0,0,0,0,0,0,0,0,0,0,0,0,0.00,0.00,0.00,0.00,2.2,2.2
2026-08-21T22:52:33+00:00,2026-08-21,daily,2,2026-08-28T17:30:00Z,419,Martinez,MUN,DEF,50,0,0,1.4,1281,297,1281,297,a,,2026-07-24T20:00:10.337107Z,100,100,,,,0.0,0,0,0,0,0,0,0,0,0,0,0,0,0,0.00,0.00,0.00,0.00,2.2,2.2
2026-08-21T22:52:33+00:00,2026-08-21,daily,2,2026-08-28T17:30:00Z,420,Yoro,MUN,DEF,50,0,0,0.7,287,192,287,192,a,,,,,,,,0.0,0,0,0,0,0,0,0,0,0,0,0,0,0,0.00,0.00,0.00,0.00,2.2,2.2
2026-08-21T22:52:33+00:00,2026-08-21,daily,2,2026-08-28T17:30:00Z,421,Heaven,MUN,DEF,45,0,0,0.4,200,93,200,93,a,,,,,,,,0.0,0,0,0,0,0,0,0,0,0,0,0,0,0,0.00,0.00,0.00,0.00,1.7,1.7
2026-08-21T22:52:33+00:00,2026-08-21,daily,2,2026-08-28T17:30:00Z,422,Mazraoui,MUN,DEF,45,0,0,0.6,383,137,383,137,a,,,,,,,,0.0,0,0,0,0,0,0,0,0,0,0,0,0,0,0.00,0.00,0.00,0.00,1.7,1.7
2026-08-21T22:52:33+00:00,2026-08-21,daily,2,2026-08-28T17:30:00Z,423,Shaw,MUN,DEF,45,0,0,21.7,4506,927,4506,927,a,,,,,,,3,0.0,0,0,0,0,0,0,0,0,0,0,0,0,0,0.00,0.00,0.00,0.00,1.7,1.7
2026-08-21T22:52:33+00:00,2026-08-21,daily,2,2026-08-28T17:30:00Z,424,Amass,MUN,DEF,40,0,0,0.2,89,60,89,60,a,,,,,,,,0.0,0,0,0,0,0,0,0,0,0,0,0,0,0,0.00,0.00,0.00,0.00,1.0,1.0
2026-08-21T22:52:33+00:00,2026-08-21,daily,2,2026-08-28T17:30:00Z,425,Fredricson,MUN,DEF,40,0,0,0.0,0,82,0,82,u,Has joined Lausanne-Sport permanently,2026-08-18T14:12:31.904433Z,0,0,,,,0.0,0,0,0,0,0,0,0,0,0,0,0,0,0,0.00,0.00,0.00,0.00,0.0,0.0
2026-08-21T22:52:33+00:00,2026-08-21,daily,2,2026-08-28T17:30:00Z,426,B.Fernandes,MUN,MID,120,0,0,52.0,1697,1177,1697,1177,a,,,,,1,1,1,0.0,0,0,0,0,0,0,0,0,0,0,0,0,0,0.00,0.00,0.00,0.00,4.0,4.0
2026-08-21T22:52:33+00:00,2026-08-21,daily,2,2026-08-28T17:30:00Z,427,Mbeumo,MUN,MID,80,0,0,39.0,3060,1388,3060,1388,a,,,,,2,2,2,0.0,0,0,0,0,0,0,0,0,0,0,0,0,0,0.00,0.00,0.00,0.00,2.8,2.8
2026-08-21T22:52:33+00:00,2026-08-21,daily,2,2026-08-28T17:30:00Z,428,Cunha,MUN,MID,80,0,0,10.2,1204,1231,1204,1231,a,,,,,,,,0.0,0,0,0,0,0,0,0,0,0,0,0,0,0,0.00,0.00,0.00,0.00,2.8,2.8
2026-08-21T22:52:33+00:00,2026-08-21,daily,2,2026-08-28T17:30:00Z,429,Rashford,MUN,MID,70,0,0,1.5,772,456,772,456,a,,,,,,,,0.0,0,0,0,0,0,0,0,0,0,0,0,0,0,0.00,0.00,0.00,0.00,2.5,2.5
2026-08-21T22:52:33+00:00,2026-08-21,daily,2,2026-08-28T17:30:00Z,430,Mount,MUN,MID,55,0,0,0.0,3,47,3,47,d,Foot injury - 50% chance of playing,2026-08-15T16:00:07.879135Z,50,50,,3,,0.0,0,0,0,0,0,0,0,0,0,0,0,0,0,0.00,0.00,0.00,0.00,1.0,1.0
2026-08-21T22:52:33+00:00,2026-08-21,daily,2,2026-08-28T17:30:00Z,431,Amad,MUN,MID,60,0,0,1.7,575,415,575,415,a,,,,,,,4,0.0,0,0,0,0,0,0,0,0,0,0,0,0,0,0.00,0.00,0.00,0.00,2.1,2.1
2026-08-21T22:52:33+00:00,2026-08-21,daily,2,2026-08-28T17:30:00Z,432,Mainoo,MUN,MID,55,0,0,1.0,270,347,270,347,a,,,,,,,,0.0,0,0,0,0,0,0,0,0,0,0,0,0,0,0.00,0.00,0.00,0.00,2.0,2.0
2026-08-21T22:52:33+00:00,2026-08-21,daily,2,2026-08-28T17:30:00Z,433,Ugarte,MUN,MID,50,0,0,0.0,3,15,3,15,i,Knee injury - Unknown return date,2026-07-23T12:01:23.706702Z,0,0,,,,0.0,0,0,0,0,0,0,0,0,0,0,0,0,0,0.00,0.00,0.00,0.00,0.0,0.0
2026-08-21T22:52:33+00:00,2026-08-21,daily,2,2026-08-28T17:30:00Z,434,J.Fletcher,MUN,MID,50,0,0,0.0,6,5,6,5,a,,,,,,,,0.0,0,0,0,0,0,0,0,0,0,0,0,0,0,0.00,0.00,0.00,0.00,1.5,1.5
2026-08-21T22:52:33+00:00,2026-08-21,daily,2,2026-08-28T17:30:00Z,435,Lacey,MUN,MID,50,0,0,0.0,10,20,10,20,a,,,,,,,,0.0,0,0,0,0,0,0,0,0,0,0,0,0,0,0.00,0.00,0.00,0.00,1.5,1.5
2026-08-21T22:52:33+00:00,2026-08-21,daily,2,2026-08-28T17:30:00Z,436,Collyer,MUN,MID,50,0,0,0.0,3,11,3,11,a,,,,,,,,0.0,0,0,0,0,0,0,0,0,0,0,0,0,0,0.00,0.00,0.00,0.00,1.5,1.5
2026-08-21T22:52:33+00:00,2026-08-21,daily,2,2026-08-28T17:30:00Z,437,Bendito Mantato,MUN,MID,45,0,0,0.2,142,89,142,89,a,,,,,,,,0.0,0,0,0,0,0,0,0,0,0,0,0,0,0,0.00,0.00,0.00,0.00,1.0,1.0
2026-08-21T22:52:33+00:00,2026-08-21,daily,2,2026-08-28T17:30:00Z,438,Fletcher,MUN,MID,45,0,0,0.4,176,150,176,150,a,,,,,,,,0.0,0,0,0,0,0,0,0,0,0,0,0,0,0,0.00,0.00,0.00,0.00,1.0,1.0
2026-08-21T22:52:33+00:00,2026-08-21,daily,2,2026-08-28T17:30:00Z,439,Šeško,MUN,FWD,70,0,0,1.3,420,579,420,579,d,Shin injury - 75% chance of playing,2026-07-23T12:01:23.722029Z,75,75,,,,0.0,0,0,0,0,0,0,0,0,0,0,0,0,0,0.00,0.00,0.00,0.00,1.7,1.7
2026-08-21T22:52:33+00:00,2026-08-21,daily,2,2026-08-28T17:30:00Z,440,Zirkzee,MUN,FWD,55,0,0,0.6,252,258,252,258,a,,,,,,,,0.0,0,0,0,0,0,0,0,0,0,0,0,0,0,0.00,0.00,0.00,0.00,1.8,1.8
2026-08-21T22:52:33+00:00,2026-08-21,daily,2,2026-08-28T17:30:00Z,441,Obi,MUN,FWD,45,0,0,1.1,363,421,363,421,a,,,,,,,,0.0,0,0,0,0,0,0,0,0,0,0,0,0,0,0.00,0.00,0.00,0.00,1.0,1.0
2026-08-21T22:52:33+00:00,2026-08-21,daily,2,2026-08-28T17:30:00Z,442,Pope,NEW,GKP,50,0,0,1.3,119,204,119,204,a,,,,,,,,0.0,0,0,0,0,0,0,0,0,0,0,0,0,0,0.00,0.00,0.00,0.00,2.6,2.6
2026-08-21T22:52:33+00:00,2026-08-21,daily,2,2026-08-28T17:30:00Z,443,Gillespie,NEW,GKP,45,0,0,0.0,12,7,12,7,a,,,,,,,,0.0,0,0,0,0,0,0,0,0,0,0,0,0,0,0.00,0.00,0.00,0.00,1.9,1.9
2026-08-21T22:52:33+00:00,2026-08-21,daily,2,2026-08-28T17:30:00Z,444,Jaouen,NEW,GKP,45,0,0,0.0,9,13,9,13,a,,,,,,,,0.0,0,0,0,0,0,0,0,0,0,0,0,0,0,0.00,0.00,0.00,0.00,1.9,1.9
2026-08-21T22:52:33+00:00,2026-08-21,daily,2,2026-08-28T17:30:00Z,445,Thiaw,NEW,DEF,50,0,0,1.6,373,214,373,214,a,,,,,,,,0.0,0,0,0,0,0,0,0,0,0,0,0,0,0,0.00,0.00,0.00,0.00,2.2,2.2
2026-08-21T22:52:33+00:00,2026-08-21,daily,2,2026-08-28T17:30:00Z,446,Schär,NEW,DEF,50,0,0,0.2,119,27,119,27,a,,2026-08-15T16:30:07.209742Z,100,100,,2,,0.0,0,0,0,0,0,0,0,0,0,0,0,0,0,0.00,0.00,0.00,0.00,2.2,2.2
2026-08-21T22:52:33+00:00,2026-08-21,daily,2,2026-08-28T17:30:00Z,447,Botman,NEW,DEF,50,0,0,0.4,338,113,338,113,a,,,,,,,,0.0,0,0,0,0,0,0,0,0,0,0,0,0,0,0.00,0.00,0.00,0.00,2.2,2.2
2026-08-21T22:52:33+00:00,2026-08-21,daily,2,2026-08-28T17:30:00Z,448,Burn,NEW,DEF,50,0,0,2.5,1587,493,1587,493,a,,,,,,,,0.0,0,0,0,0,0,0,0,0,0,0,0,0,0,0.00,0.00,0.00,0.00,2.2,2.2
2026-08-21T22:52:33+00:00,2026-08-21,daily,2,2026-08-28T17:30:00Z,449,Hall,NEW,DEF,50,0,0,3.5,1715,459,1715,459,a,,,,,,1,1,0.0,0,0,0,0,0,0,0,0,0,0,0,0,0,0.00,0.00,0.00,0.00,2.2,2.2
2026-08-21T22:52:33+00:00,2026-08-21,daily,2,2026-08-28T17:30:00Z,450,Livramento,NEW,DEF,50,0,0,0.0,6,98,6,98,i,Calf injury - Unknown return date,2026-07-23T12:01:23.753221Z,0,0,,,,0.0,0,0,0,0,0,0,0,0,0,0,0,0,0,0.00,0.00,0.00,0.00,0.0,0.0
2026-08-21T22:52:33+00:00,2026-08-21,daily,2,2026-08-28T17:30:00Z,451,A.Murphy,NEW,DEF,40,0,0,0.1,0,360,0,360,u,Has joined FC Kaiserslautern on loan for the rest of the season,2026-08-12T14:05:29.224600Z,0,0,,,,0.0,0,0,0,0,0,0,0,0,0,0,0,0,0,0.00,0.00,0.00,0.00,0.0,0.0
2026-08-21T22:52:33+00:00,2026-08-21,daily,2,2026-08-28T17:30:00Z,453,Barnes,NEW,MID,60,0,0,1.1,247,161,247,161,a,,,,,,,,0.0,0,0,0,0,0,0,0,0,0,0,0,0,0,0.00,0.00,0.00,0.00,2.1,2.1
2026-08-21T22:52:33+00:00,2026-08-21,daily,2,2026-08-28T17:30:00Z,454,Elanga,NEW,MID,60,0,0,0.7,225,221,225,221,a,,,,,,,4,0.0,0,0,0,0,0,0,0,0,0,0,0,0,0,0.00,0.00,0.00,0.00,2.1,2.1
2026-08-21T22:52:33+00:00,2026-08-21,daily,2,2026-08-28T17:30:00Z,456,J.Ramsey,NEW,MID,50,0,0,0.4,115,98,115,98,a,,,,,,,,0.0,0,0,0,0,0,0,0,0,0,0,0,0,0,0.00,0.00,0.00,0.00,1.5,1.5
2026-08-21T22:52:33+00:00,2026-08-21,daily,2,2026-08-28T17:30:00Z,457,J.Murphy,NEW,MID,60,0,0,0.2,26,46,26,46,a,,,,,,,2,0.0,0,0,0,0,0,0,0,0,0,0,0,0,0,0.00,0.00,0.00,0.00,2.1,2.1
2026-08-21T22:52:33+00:00,2026-08-21,daily,2,2026-08-28T17:30:00Z,458,Joelinton,NEW,MID,55,0,0,0.0,0,74,0,74,i,Unspecified injury - Unknown return date,2026-08-16T08:00:08.074045Z,0,0,,,,0.0,0,0,0,0,0,0,0,0,0,0,0,0,0,0.00,0.00,0.00,0.00,0.0,0.0
2026-08-21T22:52:33+00:00,2026-08-21,daily,2,2026-08-28T17:30:00Z,459,L.Miley,NEW,MID,55,0,0,0.0,13,9,13,9,a,,2026-07-23T12:01:23.785456Z,100,100,,,3,0.0,0,0,0,0,0,0,0,0,0,0,0,0,0,0.00,0.00,0.00,0.00,2.0,2.0
2026-08-21T22:52:33+00:00,2026-08-21,daily,2,2026-08-28T17:30:00Z,460,Willock,NEW,MID,50,0,0,0.1,42,29,42,29,a,,,,,,,,0.0,0,0,0,0,0,0,0,0,0,0,0,0,0,0.00,0.00,0.00,0.00,1.5,1.5
2026-08-21T22:52:33+00:00,2026-08-21,daily,2,2026-08-28T17:30:00Z,461,Touré,NEW,MID,60,0,0,0.3,40,45,40,45,a,,,,,,,,0.0,0,0,0,0,0,0,0,0,0,0,0,0,0,0.00,0.00,0.00,0.00,2.1,2.1
2026-08-21T22:52:33+00:00,2026-08-21,daily,2,2026-08-28T17:30:00Z,462,Steur,NEW,MID,50,0,0,0.1,31,21,31,21,a,,,,,,,,0.0,0,0,0,0,0,0,0,0,0,0,0,0,0,0.00,0.00,0.00,0.00,1.5,1.5
2026-08-21T22:52:33+00:00,2026-08-21,daily,2,2026-08-28T17:30:00Z,463,Woltemade,NEW,FWD,60,0,0,1.7,496,430,496,430,a,,,,,1,,,0.0,0,0,0,0,0,0,0,0,0,0,0,0,0,0.00,0.00,0.00,0.00,2.0,2.0
2026-08-21T22:52:33+00:00,2026-08-21,daily,2,2026-08-28T17:30:00Z,464,Wissa,NEW,FWD,60,0,0,1.6,344,301,344,301,a,,,,,3,,,0.0,0,0,0,0,0,0,0,0,0,0,0,0,0,0.00,0.00,0.00,0.00,2.0,2.0
2026-08-21T22:52:33+00:00,2026-08-21,daily,2,2026-08-28T17:30:00Z,465,Osula,NEW,FWD,60,0,0,0.9,166,236,166,236,a,,,,,2,,,0.0,0,0,0,0,0,0,0,0,0,0,0,0,0,0.00,0.00,0.00,0.00,2.0,2.0
2026-08-21T22:52:33+00:00,2026-08-21,daily,2,2026-08-28T17:30:00Z,466,Neave,NEW,FWD,45,0,0,0.8,307,246,307,246,a,,,,,,,,0.0,0,0,0,0,0,0,0,0,0,0,0,0,0,0.00,0.00,0.00,0.00,1.0,1.0
2026-08-21T22:52:33+00:00,2026-08-21,daily,2,2026-08-28T17:30:00Z,559,Bamba,NEW,MID,50,0,0,0.1,50,48,50,48,a,,,,,,,,0.0,0,0,0,0,0,0,0,0,0,0,0,0,0,0.00,0.00,0.00,0.00,1.5,1.5
2026-08-21T22:52:33+00:00,2026-08-21,daily,2,2026-08-28T17:30:00Z,567,Horníček,NEW,GKP,50,0,0,0.6,40,146,40,146,a,,,,,,,,0.0,0,0,0,0,0,0,0,0,0,0,0,0,0,0.00,0.00,0.00,0.00,2.6,2.6
2026-08-21T22:52:33+00:00,2026-08-21,daily,2,2026-08-28T17:30:00Z,593,Dedić,NEW,DEF,45,0,0,0.2,165,38,165,38,a,,,,,,,,0.0,0,0,0,0,0,0,0,0,0,0,0,0,0,0.00,0.00,0.00,0.00,1.7,1.7
2026-08-21T22:52:33+00:00,2026-08-21,daily,2,2026-08-28T17:30:00Z,467,Sels,NFO,GKP,50,0,0,1.6,91,237,91,237,a,,,,,,,,0.0,0,0,0,0,0,0,0,0,0,0,0,0,0,0.00,0.00,0.00,0.00,2.6,2.6
2026-08-21T22:52:33+00:00,2026-08-21,daily,2,2026-08-28T17:30:00Z,468,John,NFO,GKP,45,0,0,0.1,14,7,14,7,a,,,,,,,,0.0,0,0,0,0,0,0,0,0,0,0,0,0,0,0.00,0.00,0.00,0.00,1.9,1.9
2026-08-21T22:52:33+00:00,2026-08-21,daily,2,2026-08-28T17:30:00Z,469,N.Williams,NFO,DEF,50,0,0,10.3,1319,966,1319,966,a,,,,,,2,1,0.0,0,0,0,0,0,0,0,0,0,0,0,0,0,0.00,0.00,0.00,0.00,2.2,2.2
2026-08-21T22:52:33+00:00,2026-08-21,daily,2,2026-08-28T17:30:00Z,470,Morato,NFO,DEF,50,0,0,0.1,28,7,28,7,a,,,,,,,,0.0,0,0,0,0,0,0,0,0,0,0,0,0,0,0.00,0.00,0.00,0.00,2.2,2.2
2026-08-21T22:52:33+00:00,2026-08-21,daily,2,2026-08-28T17:30:00Z,471,Milenković,NFO,DEF,55,0,0,2.0,195,357,195,357,a,,,,,,,,0.0,0,0,0,0,0,0,0,0,0,0,0,0,0,0.00,0.00,0.00,0.00,2.5,2.5
2026-08-21T22:52:33+00:00,2026-08-21,daily,2,2026-08-28T17:30:00Z,472,Murillo,NFO,DEF,55,0,0,1.6,484,300,484,300,a,,2026-07-23T12:01:23.801183Z,100,100,,3,,0.0,0,0,0,0,0,0,0,0,0,0,0,0,0,0.00,0.00,0.00,0.00,2.5,2.5
2026-08-21T22:52:33+00:00,2026-08-21,daily,2,2026-08-28T17:30:00Z,473,Aina,NFO,DEF,45,0,0,3.7,777,477,777,477,a,,,,,,,,0.0,0,0,0,0,0,0,0,0,0,0,0,0,0,0.00,0.00,0.00,0.00,1.7,1.7
2026-08-21T22:52:33+00:00,2026-08-21,daily,2,2026-08-28T17:30:00Z,474,Jair Cunha,NFO,DEF,45,0,0,0.2,18,43,18,43,a,,,,,,,,0.0,0,0,0,0,0,0,0,0,0,0,0,0,0,0.00,0.00,0.00,0.00,1.7,1.7
2026-08-21T22:52:33+00:00,2026-08-21,daily,2,2026-08-28T17:30:00Z,475,Savona,NFO,DEF,45,0,0,0.0,5,4,5,4,i,Knee injury - Unknown return date,2026-07-23T12:01:23.816304Z,0,0,,,,0.0,0,0,0,0,0,0,0,0,0,0,0,0,0,0.00,0.00,0.00,0.00,0.0,0.0
2026-08-21T22:52:33+00:00,2026-08-21,daily,2,2026-08-28T17:30:00Z,476,O.Richards,NFO,DEF,40,0,0,0.3,56,40,56,40,a,,,,,,,,0.0,0,0,0,0,0,0,0,0,0,0,0,0,0,0.00,0.00,0.00,0.00,1.0,1.0
2026-08-21T22:52:33+00:00,2026-08-21,daily,2,2026-08-28T17:30:00Z,477,Abbott,NFO,DEF,40,0,0,0.3,82,54,82,54,a,,,,,,,,0.0,0,0,0,0,0,0,0,0,0,0,0,0,0,0.00,0.00,0.00,0.00,1.0,1.0
2026-08-21T22:52:33+00:00,2026-08-21,daily,2,2026-08-28T17:30:00Z,478,Netz,NFO,DEF,45,0,0,0.0,11,3,11,3,a,,,,,,,,0.0,0,0,0,0,0,0,0,0,0,0,0,0,0,0.00,0.00,0.00,0.00,1.7,1.7
2026-08-21T22:52:33+00:00,2026-08-21,daily,2,2026-08-28T17:30:00Z,479,Bindon,NFO,DEF,40,0,0,0.2,36,17,36,17,a,,,,,,,,0.0,0,0,0,0,0,0,0,0,0,0,0,0,0,0.00,0.00,0.00,0.00,1.0,1.0
2026-08-21T22:52:33+00:00,2026-08-21,daily,2,2026-08-28T17:30:00Z,480,Gibbs-White,NFO,MID,80,0,0,11.7,610,2029,610,2029,a,,,,,2,1,,0.0,0,0,0,0,0,0,0,0,0,0,0,0,0,0.00,0.00,0.00,0.00,2.8,2.8
2026-08-21T22:52:33+00:00,2026-08-21,daily,2,2026-08-28T17:30:00Z,482,Hudson-Odoi,NFO,MID,60,0,0,0.3,53,46,53,46,a,,2026-07-23T12:01:23.832709Z,100,100,,4,,0.0,0,0,0,0,0,0,0,0,0,0,0,0,0,0.00,0.00,0.00,0.00,2.1,2.1
2026-08-21T22:52:33+00:00,2026-08-21,daily,2,2026-08-28T17:30:00Z,483,Ndoye,NFO,MID,55,0,0,0.4,27,88,27,88,a,,,,,,,,0.0,0,0,0,0,0,0,0,0,0,0,0,0,0,0.00,0.00,0.00,0.00,2.0,2.0
2026-08-21T22:52:33+00:00,2026-08-21,daily,2,2026-08-28T17:30:00Z,484,Hutchinson,NFO,MID,55,0,0,0.2,19,41,19,41,a,,,,,,,4,0.0,0,0,0,0,0,0,0,0,0,0,0,0,0,0.00,0.00,0.00,0.00,2.0,2.0
2026-08-21T22:52:33+00:00,2026-08-21,daily,2,2026-08-28T17:30:00Z,485,Bakwa,NFO,MID,55,0,0,0.0,5,10,5,10,a,,,,,,,,0.0,0,0,0,0,0,0,0,0,0,0,0,0,0,0.00,0.00,0.00,0.00,2.0,2.0
2026-08-21T22:52:33+00:00,2026-08-21,daily,2,2026-08-28T17:30:00Z,486,McAtee,NFO,MID,55,0,0,0.0,6,11,6,11,a,,,,,,,3,0.0,0,0,0,0,0,0,0,0,0,0,0,0,0,0.00,0.00,0.00,0.00,2.0,2.0
2026-08-21T22:52:33+00:00,2026-08-21,daily,2,2026-08-28T17:30:00Z,487,Dominguez,NFO,MID,50,0,0,0.1,23,21,23,21,a,,,,,,,,0.0,0,0,0,0,0,0,0,0,0,0,0,0,0,0.00,0.00,0.00,0.00,1.5,1.5
2026-08-21T22:52:33+00:00,2026-08-21,daily,2,2026-08-28T17:30:00Z,488,I.Sangaré,NFO,MID,50,0,0,1.1,138,113,138,113,a,,,,,,,,0.0,0,0,0,0,0,0,0,0,0,0,0,0,0,0.00,0.00,0.00,0.00,1.5,1.5
2026-08-21T22:52:33+00:00,2026-08-21,daily,2,2026-08-28T17:30:00Z,489,Yates,NFO,MID,45,0,0,1.9,68,2968,68,2968,i,Unspecified injury - Unknown return date,2026-08-17T20:30:08.195072Z,0,0,,,,0.0,0,0,0,0,0,0,0,0,0,0,0,0,0,0.00,0.00,0.00,0.00,0.0,0.0
2026-08-21T22:52:33+00:00,2026-08-21,daily,2,2026-08-28T17:30:00Z,490,Wood,NFO,FWD,60,0,0,1.8,342,428,342,428,a,,,,,1,,,0.0,0,0,0,0,0,0,0,0,0,0,0,0,0,0.00,0.00,0.00,0.00,2.0,2.0
2026-08-21T22:52:33+00:00,2026-08-21,daily,2,2026-08-28T17:30:00Z,491,Igor Jesus,NFO,FWD,60,0,0,4.3,489,705,489,705,a,,,,,3,,,0.0,0,0,0,0,0,0,0,0,0,0,0,0,0,0.00,0.00,0.00,0.00,2.0,2.0
2026-08-21T22:52:33+00:00,2026-08-21,daily,2,2026-08-28T17:30:00Z,493,Kalimuendo,NFO,FWD,55,0,0,0.0,24,15,24,15,a,,,,,,,,0.0,0,0,0,0,0,0,0,0,0,0,0,0,0,0.00,0.00,0.00,0.00,1.8,1.8
2026-08-21T22:52:33+00:00,2026-08-21,daily,2,2026-08-28T17:30:00Z,558,Schlager,NFO,MID,50,0,0,0.1,15,16,15,16,a,,,,,,,2,0.0,0,0,0,0,0,0,0,0,0,0,0,0,0,0.00,0.00,0.00,0.00,1.5,1.5
2026-08-21T22:52:33+00:00,2026-08-21,daily,2,2026-08-28T17:30:00Z,581,Diomande,NFO,DEF,55,0,0,0.8,426,182,426,182,a,,,,,,,,0.0,0,0,0,0,0,0,0,0,0,0,0,0,0,0.00,0.00,0.00,0.00,2.5,2.5
2026-08-21T22:52:33+00:00,2026-08-21,daily,2,2026-08-28T17:30:00Z,590,Benda,NFO,GKP,45,0,0,0.1,62,16,62,16,a,,,,,,,,0.0,0,0,0,0,0,0,0,0,0,0,0,0,0,0.00,0.00,0.00,0.00,1.9,1.9
2026-08-21T22:52:33+00:00,2026-08-21,daily,2,2026-08-28T17:30:00Z,112,Van Hecke,TOT,DEF,50,0,0,10.8,6657,849,6657,849,a,,,,,,,,0.0,0,0,0,0,0,0,0,0,0,0,0,0,0,0.00,0.00,0.00,0.00,2.2,2.2
2026-08-21T22:52:33+00:00,2026-08-21,daily,2,2026-08-28T17:30:00Z,455,Tonali,TOT,MID,55,0,0,4.2,963,494,963,494,a,,,,,,4,2,0.0,0,0,0,0,0,0,0,0,0,0,0,0,0,0.00,0.00,0.00,0.00,2.0,2.0
2026-08-21T22:52:33+00:00,2026-08-21,daily,2,2026-08-28T17:30:00Z,494,Vicario,TOT,GKP,45,0,0,0.4,0,1471,0,1471,u,Has joined Juventus on loan for the rest of the season,2026-08-19T13:55:33.193962Z,0,0,,,,0.0,0,0,0,0,0,0,0,0,0,0,0,0,0,0.00,0.00,0.00,0.00,0.0,0.0
2026-08-21T22:52:33+00:00,2026-08-21,daily,2,2026-08-28T17:30:00Z,495,Austin,TOT,GKP,40,0,0,0.9,169,73,169,73,a,,,,,,,,0.0,0,0,0,0,0,0,0,0,0,0,0,0,0,0.00,0.00,0.00,0.00,1.0,1.0
2026-08-21T22:52:33+00:00,2026-08-21,daily,2,2026-08-28T17:30:00Z,496,Kinsky,TOT,GKP,45,0,0,24.5,1736,613,1736,613,a,,,,,,,,0.0,0,0,0,0,0,0,0,0,0,0,0,0,0,0.00,0.00,0.00,0.00,1.9,1.9
2026-08-21T22:52:33+00:00,2026-08-21,daily,2,2026-08-28T17:30:00Z,497,Dubravka,TOT,GKP,40,0,0,19.8,1274,595,1274,595,a,,,,,,,,0.0,0,0,0,0,0,0,0,0,0,0,0,0,0,0.00,0.00,0.00,0.00,1.0,1.0
2026-08-21T22:52:33+00:00,2026-08-21,daily,2,2026-08-28T17:30:00Z,498,Senesi,TOT,DEF,60,0,0,8.2,1460,1116,1460,1116,a,,,,,,,,0.0,0,0,0,0,0,0,0,0,0,0,0,0,0,0.00,0.00,0.00,0.00,2.8,2.8
2026-08-21T22:52:33+00:00,2026-08-21,daily,2,2026-08-28T17:30:00Z,499,Pedro Porro,TOT,DEF,55,0,0,17.2,494,39792,494,39792,i,Lack of match fitness - Expected back 29 Aug,2026-08-21T15:22:48.149081Z,0,0,,1,1,0.0,0,0,0,0,0,0,0,0,0,0,0,0,0,0.00,0.00,0.00,0.00,0.0,0.0
2026-08-21T22:52:33+00:00,2026-08-21,daily,2,2026-08-28T17:30:00Z,500,Romero,TOT,DEF,50,0,0,0.3,0,1415,0,1415,u,Has joined Atletico Madrid permanently,2026-08-17T13:49:05.465401Z,0,0,,,,0.0,0,0,0,0,0,0,0,0,0,0,0,0,0,0.00,0.00,0.00,0.00,0.0,0.0
2026-08-21T22:52:33+00:00,2026-08-21,daily,2,2026-08-28T17:30:00Z,501,Danso,TOT,DEF,50,0,0,0.2,160,50,160,50,a,,,,,,,,0.0,0,0,0,0,0,0,0,0,0,0,0,0,0,0.00,0.00,0.00,0.00,2.2,2.2
2026-08-21T22:52:33+00:00,2026-08-21,daily,2,2026-08-28T17:30:00Z,502,Robertson,TOT,DEF,45,0,0,3.9,1762,249,1762,249,a,,,,,,,3,0.0,0,0,0,0,0,0,0,0,0,0,0,0,0,0.00,0.00,0.00,0.00,1.7,1.7
2026-08-21T22:52:33+00:00,2026-08-21,daily,2,2026-08-28T17:30:00Z,503,Van de Ven,TOT,DEF,50,0,0,5.6,282,16707,282,16707,i,Unspecified injury - Expected back 29 Aug,2026-08-21T15:00:07.610517Z,0,0,,,,0.0,0,0,0,0,0,0,0,0,0,0,0,0,0,0.00,0.00,0.00,0.00,0.0,0.0
2026-08-21T22:52:33+00:00,2026-08-21,daily,2,2026-08-28T17:30:00Z,505,Spence,TOT,DEF,45,0,0,0.9,0,7485,0,7485,u,Has joined Internazionale permanently,2026-08-18T14:13:08.454214Z,0,0,,,,0.0,0,0,0,0,0,0,0,0,0,0,0,0,0,0.00,0.00,0.00,0.00,0.0,0.0
2026-08-21T22:52:33+00:00,2026-08-21,daily,2,2026-08-28T17:30:00Z,506,Udogie,TOT,DEF,45,0,0,0.5,284,96,284,96,a,,,,,,,,0.0,0,0,0,0,0,0,0,0,0,0,0,0,0,0.00,0.00,0.00,0.00,1.7,1.7
2026-08-21T22:52:33+00:00,2026-08-21,daily,2,2026-08-28T17:30:00Z,507,Phillips,TOT,DEF,45,0,0,0.0,0,54,0,54,u,Has joined Middlesbrough permanently,2026-08-18T14:13:08.474144Z,0,0,,,,0.0,0,0,0,0,0,0,0,0,0,0,0,0,0,0.00,0.00,0.00,0.00,0.0,0.0
2026-08-21T22:52:33+00:00,2026-08-21,daily,2,2026-08-28T17:30:00Z,508,Davies,TOT,DEF,40,0,0,1.1,482,130,482,130,a,,,,,,,,0.0,0,0,0,0,0,0,0,0,0,0,0,0,0,0.00,0.00,0.00,0.00,1.0,1.0
2026-08-21T22:52:33+00:00,2026-08-21,daily,2,2026-08-28T17:30:00Z,509,Byfield,TOT,DEF,40,0,0,0.1,38,14,38,14,a,,,,,,,,0.0,0,0,0,0,0,0,0,0,0,0,0,0,0,0.00,0.00,0.00,0.00,1.0,1.0
2026-08-21T22:52:33+00:00,2026-08-21,daily,2,2026-08-28T17:30:00Z,510,Rowswell,TOT,DEF,40,0,0,0.1,32,20,32,20,a,,,,,,,,0.0,0,0,0,0,0,0,0,0,0,0,0,0,0,0.00,0.00,0.00,0.00,1.0,1.0
2026-08-21T22:52:33+00:00,2026-08-21,daily,2,2026-08-28T17:30:00Z,511,Souza,TOT,DEF,40,0,0,0.3,131,67,131,67,a,,,,,,,,0.0,0,0,0,0,0,0,0,0,0,0,0,0,0,0.00,0.00,0.00,0.00,1.0,1.0
2026-08-21T22:52:33+00:00,2026-08-21,daily,2,2026-08-28T17:30:00Z,512,Kudus,TOT,MID,65,0,0,0.1,11,173,11,173,d,Thigh injury - 25% chance of playing,2026-07-23T12:01:23.848657Z,25,25,2,3,5,0.0,0,0,0,0,0,0,0,0,0,0,0,0,0,0.00,0.00,0.00,0.00,0.6,0.6
2026-08-21T22:52:33+00:00,2026-08-21,daily,2,2026-08-28T17:30:00Z,513,Xavi,TOT,MID,60,0,0,0.0,12,35,12,35,i,Knee injury - Unknown return date,2026-07-23T12:01:23.864304Z,0,0,3,2,6,0.0,0,0,0,0,0,0,0,0,0,0,0,0,0,0.00,0.00,0.00,0.00,0.0,0.0
2026-08-21T22:52:33+00:00,2026-08-21,daily,2,2026-08-28T17:30:00Z,514,Tel,TOT,MID,60,0,0,0.6,91,88,91,88,a,,,,,,,4,0.0,0,0,0,0,0,0,0,0,0,0,0,0,0,0.00,0.00,0.00,0.00,2.1,2.1
2026-08-21T22:52:33+00:00,2026-08-21,daily,2,2026-08-28T17:30:00Z,515,Maddison,TOT,MID,65,0,0,1.4,292,300,292,300,a,,,,,,,,0.0,0,0,0,0,0,0,0,0,0,0,0,0,0,0.00,0.00,0.00,0.00,2.3,2.3
2026-08-21T22:52:33+00:00,2026-08-21,daily,2,2026-08-28T17:30:00Z,516,Bentancur,TOT,MID,55,0,0,0.2,39,58,39,58,a,,,,,,,,0.0,0,0,0,0,0,0,0,0,0,0,0,0,0,0.00,0.00,0.00,0.00,2.0,2.0
2026-08-21T22:52:33+00:00,2026-08-21,daily,2,2026-08-28T17:30:00Z,517,Odobert,TOT,MID,55,0,0,0.0,0,1,0,1,i,Knee injury - Unknown return date,2026-07-23T12:01:23.879434Z,0,0,,,,0.0,0,0,0,0,0,0,0,0,0,0,0,0,0,0.00,0.00,0.00,0.00,0.0,0.0
2026-08-21T22:52:33+00:00,2026-08-21,daily,2,2026-08-28T17:30:00Z,518,P.M.Sarr,TOT,MID,50,0,0,0.3,3,983,3,983,i,Hamstring injury - Unknown return date,2026-08-21T14:30:08.419690Z,0,0,,,,0.0,0,0,0,0,0,0,0,0,0,0,0,0,0,0.00,0.00,0.00,0.00,0.0,0.0
2026-08-21T22:52:33+00:00,2026-08-21,daily,2,2026-08-28T17:30:00Z,519,Gallagher,TOT,MID,55,0,0,0.3,57,71,57,71,a,,,,,,,,0.0,0,0,0,0,0,0,0,0,0,0,0,0,0,0.00,0.00,0.00,0.00,2.0,2.0
2026-08-21T22:52:33+00:00,2026-08-21,daily,2,2026-08-28T17:30:00Z,520,Bergvall,TOT,MID,55,0,0,0.2,41,53,41,53,a,,,,,,,,0.0,0,0,0,0,0,0,0,0,0,0,0,0,0,0.00,0.00,0.00,0.00,2.0,2.0
2026-08-21T22:52:33+00:00,2026-08-21,daily,2,2026-08-28T17:30:00Z,521,Kulusevski,TOT,MID,65,0,0,0.0,3,10,3,10,i,Knee injury - Unknown return date,2026-07-23T12:01:23.895175Z,0,0,,,,0.0,0,0,0,0,0,0,0,0,0,0,0,0,0,0.00,0.00,0.00,0.00,0.0,0.0
2026-08-21T22:52:33+00:00,2026-08-21,daily,2,2026-08-28T17:30:00Z,522,Gray,TOT,MID,50,0,0,0.2,101,76,101,76,a,,,,,,,,0.0,0,0,0,0,0,0,0,0,0,0,0,0,0,0.00,0.00,0.00,0.00,1.5,1.5
2026-08-21T22:52:33+00:00,2026-08-21,daily,2,2026-08-28T17:30:00Z,523,Moore,TOT,MID,50,0,0,0.2,34,37,34,37,a,,,,,,,,0.0,0,0,0,0,0,0,0,0,0,0,0,0,0,0.00,0.00,0.00,0.00,1.5,1.5
2026-08-21T22:52:33+00:00,2026-08-21,daily,2,2026-08-28T17:30:00Z,524,Olusesi,TOT,MID,45,0,0,0.9,404,292,404,292,a,,,,,,,,0.0,0,0,0,0,0,0,0,0,0,0,0,0,0,0.00,0.00,0.00,0.00,1.0,1.0
2026-08-21T22:52:33+00:00,2026-08-21,daily,2,2026-08-28T17:30:00Z,525,Fernandes,TOT,MID,60,0,0,2.0,326,377,326,377,a,,,,,,,,0.0,0,0,0,0,0,0,0,0,0,0,0,0,0,0.00,0.00,0.00,0.00,2.1,2.1
2026-08-21T22:52:33+00:00,2026-08-21,daily,2,2026-08-28T17:30:00Z,526,Solanke,TOT,FWD,60,0,0,1.4,358,348,358,348,a,,,,,1,,,0.0,0,0,0,0,0,0,0,0,0,0,0,0,0,0.00,0.00,0.00,0.00,2.0,2.0
2026-08-21T22:52:33+00:00,2026-08-21,daily,2,2026-08-28T17:30:00Z,527,Richarlison,TOT,FWD,60,0,0,3.2,701,495,701,495,a,,,,,4,,,0.0,0,0,0,0,0,0,0,0,0,0,0,0,0,0.00,0.00,0.00,0.00,2.0,2.0
2026-08-21T22:52:33+00:00,2026-08-21,daily,2,2026-08-28T17:30:00Z,528,Scarlett,TOT,FWD,45,0,0,1.7,996,439,996,439,a,,,,,,,,0.0,0,0,0,0,0,0,0,0,0,0,0,0,0,0.00,0.00,0.00,0.00,1.0,1.0
2026-08-21T22:52:33+00:00,2026-08-21,daily,2,2026-08-28T17:30:00Z,529,Roefs,SUN,GKP,50,0,0,4.4,186,415,186,415,a,,,,,,,,0.0,0,0,0,0,0,0,0,0,0,0,0,0,0,0.00,0.00,0.00,0.00,2.6,2.6
2026-08-21T22:52:33+00:00,2026-08-21,daily,2,2026-08-28T17:30:00Z,530,Patterson,SUN,GKP,40,0,0,0.2,0,219,0,219,u,Has joined Wrexham permanently,2026-08-12T14:08:03.064533Z,0,0,,,,0.0,0,0,0,0,0,0,0,0,0,0,0,0,0,0.00,0.00,0.00,0.00,0.0,0.0
2026-08-21T22:52:33+00:00,2026-08-21,daily,2,2026-08-28T17:30:00Z,531,Ellborg,SUN,GKP,45,0,0,0.1,14,15,14,15,a,,,,,,,,0.0,0,0,0,0,0,0,0,0,0,0,0,0,0,0.00,0.00,0.00,0.00,1.9,1.9
2026-08-21T22:52:33+00:00,2026-08-21,daily,2,2026-08-28T17:30:00Z,532,Ballard,SUN,DEF,50,0,0,5.8,974,402,974,402,a,,,,,,,,0.0,0,0,0,0,0,0,0,0,0,0,0,0,0,0.00,0.00,0.00,0.00,2.2,2.2
2026-08-21T22:52:33+00:00,2026-08-21,daily,2,2026-08-28T17:30:00Z,533,Mukiele,SUN,DEF,55,0,0,2.9,476,335,476,335,a,,2026-08-09T08:30:05.954750Z,100,100,,,,0.0,0,0,0,0,0,0,0,0,0,0,0,0,0,0.00,0.00,0.00,0.00,2.5,2.5
2026-08-21T22:52:33+00:00,2026-08-21,daily,2,2026-08-28T17:30:00Z,534,Hume,SUN,DEF,45,0,0,7.1,1008,510,1008,510,a,,,,,,,3,0.0,0,0,0,0,0,0,0,0,0,0,0,0,0,0.00,0.00,0.00,0.00,1.7,1.7
2026-08-21T22:52:33+00:00,2026-08-21,daily,2,2026-08-28T17:30:00Z,535,Alderete,SUN,DEF,50,0,0,0.5,239,83,239,83,a,,2026-08-09T08:30:05.962393Z,100,100,,,,0.0,0,0,0,0,0,0,0,0,0,0,0,0,0,0.00,0.00,0.00,0.00,2.2,2.2
2026-08-21T22:52:33+00:00,2026-08-21,daily,2,2026-08-28T17:30:00Z,536,Reinildo,SUN,DEF,45,0,0,0.5,47,51,47,51,a,,,,,,,,0.0,0,0,0,0,0,0,0,0,0,0,0,0,0,0.00,0.00,0.00,0.00,1.7,1.7
2026-08-21T22:52:33+00:00,2026-08-21,daily,2,2026-08-28T17:30:00Z,537,Seelt,SUN,DEF,45,0,0,0.0,6,5,6,5,a,,,,,,,,0.0,0,0,0,0,0,0,0,0,0,0,0,0,0,0.00,0.00,0.00,0.00,1.7,1.7
2026-08-21T22:52:33+00:00,2026-08-21,daily,2,2026-08-28T17:30:00Z,538,Hjelde,SUN,DEF,40,0,0,0.1,0,87,0,87,u,Has joined KV Mechelen on loan for the rest of the season,2026-08-12T14:08:03.081789Z,0,0,,,,0.0,0,0,0,0,0,0,0,0,0,0,0,0,0,0.00,0.00,0.00,0.00,0.0,0.0
2026-08-21T22:52:33+00:00,2026-08-21,daily,2,2026-08-28T17:30:00Z,539,O'Nien,SUN,DEF,40,0,0,3.7,396,256,396,256,a,,,,,,,,0.0,0,0,0,0,0,0,0,0,0,0,0,0,0,0.00,0.00,0.00,0.00,1.0,1.0
2026-08-21T22:52:33+00:00,2026-08-21,daily,2,2026-08-28T17:30:00Z,540,Masuaku,SUN,DEF,40,0,0,0.3,0,440,0,440,u,Has joined Konyaspor permanently,2026-08-12T14:08:03.097784Z,0,0,,,,0.0,0,0,0,0,0,0,0,0,0,0,0,0,0,0.00,0.00,0.00,0.00,0.0,0.0
2026-08-21T22:52:33+00:00,2026-08-21,daily,2,2026-08-28T17:30:00Z,541,Meunier,SUN,DEF,45,0,0,0.3,41,34,41,34,a,,2026-08-16T08:30:07.830062Z,100,100,,,,0.0,0,0,0,0,0,0,0,0,0,0,0,0,0,0.00,0.00,0.00,0.00,1.7,1.7
2026-08-21T22:52:33+00:00,2026-08-21,daily,2,2026-08-28T17:30:00Z,542,E.Le Fée,SUN,MID,60,0,0,10.4,671,986,671,986,a,,,,,2,2,1,0.0,0,0,0,0,0,0,0,0,0,0,0,0,0,0.00,0.00,0.00,0.00,2.1,2.1
2026-08-21T22:52:33+00:00,2026-08-21,daily,2,2026-08-28T17:30:00Z,543,Diarra,SUN,MID,55,0,0,0.1,11,12,11,12,a,,,,,1,,,0.0,0,0,0,0,0,0,0,0,0,0,0,0,0,0.00,0.00,0.00,0.00,2.0,2.0
2026-08-21T22:52:33+00:00,2026-08-21,daily,2,2026-08-28T17:30:00Z,544,Xhaka,SUN,MID,55,0,0,4.4,416,589,416,589,a,,,,,,1,2,0.0,0,0,0,0,0,0,0,0,0,0,0,0,0,0.00,0.00,0.00,0.00,2.0,2.0
2026-08-21T22:52:33+00:00,2026-08-21,daily,2,2026-08-28T17:30:00Z,545,Sadiki,SUN,MID,50,0,0,0.4,76,71,76,71,a,,,,,,,,0.0,0,0,0,0,0,0,0,0,0,0,0,0,0,0.00,0.00,0.00,0.00,1.5,1.5
2026-08-21T22:52:33+00:00,2026-08-21,daily,2,2026-08-28T17:30:00Z,546,Adingra,SUN,MID,50,0,0,0.1,2,281,2,281,i,Ankle injury - Unknown return date,2026-08-20T14:00:08.416985Z,0,0,,,,0.0,0,0,0,0,0,0,0,0,0,0,0,0,0,0.00,0.00,0.00,0.00,0.0,0.0
2026-08-21T22:52:33+00:00,2026-08-21,daily,2,2026-08-28T17:30:00Z,547,Mundle,SUN,MID,50,0,0,0.0,1,3,1,3,a,,,,,,,,0.0,0,0,0,0,0,0,0,0,0,0,0,0,0,0.00,0.00,0.00,0.00,1.5,1.5
2026-08-21T22:52:33+00:00,2026-08-21,daily,2,2026-08-28T17:30:00Z,548,Rigg,SUN,MID,50,0,0,0.1,6,6,6,6,a,,,,,,,,0.0,0,0,0,0,0,0,0,0,0,0,0,0,0,0.00,0.00,0.00,0.00,1.5,1.5
2026-08-21T22:52:33+00:00,2026-08-21,daily,2,2026-08-28T17:30:00Z,549,Talbi,SUN,MID,55,0,0,0.2,18,62,18,62,a,,,,,,,,0.0,0,0,0,0,0,0,0,0,0,0,0,0,0,0.00,0.00,0.00,0.00,2.0,2.0
2026-08-21T22:52:33+00:00,2026-08-21,daily,2,2026-08-28T17:30:00Z,550,Jocelin.T,SUN,MID,50,0,0,0.0,1,5,1,5,a,,,,,,,,0.0,0,0,0,0,0,0,0,0,0,0,0,0,0,0.00,0.00,0.00,0.00,1.5,1.5
2026-08-21T22:52:33+00:00,2026-08-21,daily,2,2026-08-28T17:30:00Z,551,Angulo,SUN,MID,50,0,0,0.1,15,14,15,14,a,,,,,,,,0.0,0,0,0,0,0,0,0,0,0,0,0,0,0,0.00,0.00,0.00,0.00,1.5,1.5
2026-08-21T22:52:33+00:00,2026-08-21,daily,2,2026-08-28T17:30:00Z,552,Brobbey,SUN,FWD,60,0,0,14.3,1685,1337,1685,1337,a,,,,,,,,0.0,0,0,0,0,0,0,0,0,0,0,0,0,0,0.00,0.00,0.00,0.00,2.0,2.0
2026-08-21T22:52:33+00:00,2026-08-21,daily,2,2026-08-28T17:30:00Z,553,Isidor,SUN,FWD,55,0,0,1.0,164,201,164,201,a,,,,,,,,0.0,0,0,0,0,0,0,0,0,0,0,0,0,0,0.00,0.00,0.00,0.00,1.8,1.8
